民國年,月,區代碼,行政區,年齡標籤,年齡下限,年齡上限,青年關係,青年權重,性別,方向,對象地區,人數
110,1,1,板橋區,,,,無年齡維度,0.0,女,遷入,migrants,650
110,1,1,板橋區,,,,無年齡維度,0.0,男,遷入,migrants,609
110,1,1,板橋區,,,,無年齡維度,0.0,女,遷入,other,0
110,1,1,板橋區,,,,無年齡維度,0.0,男,遷入,other,0
110,1,1,板橋區,,,,無年齡維度,0.0,女,遷入,其他縣市,0
110,1,1,板橋區,,,,無年齡維度,0.0,男,遷入,其他縣市,0
110,1,1,板橋區,,,,無年齡維度,0.0,女,遷入,其他鄉鎮,330
110,1,1,板橋區,,,,無年齡維度,0.0,男,遷入,其他鄉鎮,229
110,1,1,板橋區,,,,無年齡維度,0.0,女,遷入,合計,784
110,1,1,板橋區,,,,無年齡維度,0.0,男,遷入,合計,588
110,1,1,板橋區,,,,無年齡維度,0.0,女,遷入,國外,12
110,1,1,板橋區,,,,無年齡維度,0.0,男,遷入,國外,11
110,1,1,板橋區,,,,無年齡維度,0.0,女,遷入,新北市內,0
110,1,1,板橋區,,,,無年齡維度,0.0,男,遷入,新北市內,0
110,1,1,板橋區,,,,無年齡維度,0.0,女,遷入,桃園市,60
110,1,1,板橋區,,,,無年齡維度,0.0,男,遷入,桃園市,52
110,1,1,板橋區,,,,無年齡維度,0.0,女,遷入,福建省,4
110,1,1,板橋區,,,,無年齡維度,0.0,男,遷入,福建省,2
110,1,1,板橋區,,,,無年齡維度,0.0,女,遷入,臺中市,22
110,1,1,板橋區,,,,無年齡維度,0.0,男,遷入,臺中市,16
110,1,1,板橋區,,,,無年齡維度,0.0,女,遷入,臺北市,199
110,1,1,板橋區,,,,無年齡維度,0.0,男,遷入,臺北市,170
110,1,1,板橋區,,,,無年齡維度,0.0,女,遷入,臺南市,12
110,1,1,板橋區,,,,無年齡維度,0.0,男,遷入,臺南市,12
110,1,1,板橋區,,,,無年齡維度,0.0,女,遷入,臺灣省,102
110,1,1,板橋區,,,,無年齡維度,0.0,男,遷入,臺灣省,74
110,1,1,板橋區,,,,無年齡維度,0.0,女,遷入,高雄市,23
110,1,1,板橋區,,,,無年齡維度,0.0,男,遷入,高雄市,15
110,1,1,板橋區,,,,無年齡維度,0.0,女,遷出,migrants,650
110,1,1,板橋區,,,,無年齡維度,0.0,男,遷出,migrants,609
110,1,1,板橋區,,,,無年齡維度,0.0,女,遷出,other,0
110,1,1,板橋區,,,,無年齡維度,0.0,男,遷出,other,0
110,1,1,板橋區,,,,無年齡維度,0.0,女,遷出,其他縣市,0
110,1,1,板橋區,,,,無年齡維度,0.0,男,遷出,其他縣市,0
110,1,1,板橋區,,,,無年齡維度,0.0,女,遷出,其他鄉鎮,359
110,1,1,板橋區,,,,無年齡維度,0.0,男,遷出,其他鄉鎮,301
110,1,1,板橋區,,,,無年齡維度,0.0,女,遷出,合計,804
110,1,1,板橋區,,,,無年齡維度,0.0,男,遷出,合計,668
110,1,1,板橋區,,,,無年齡維度,0.0,女,遷出,國外,90
110,1,1,板橋區,,,,無年齡維度,0.0,男,遷出,國外,57
110,1,1,板橋區,,,,無年齡維度,0.0,女,遷出,新北市內,0
110,1,1,板橋區,,,,無年齡維度,0.0,男,遷出,新北市內,0
110,1,1,板橋區,,,,無年齡維度,0.0,女,遷出,桃園市,74
110,1,1,板橋區,,,,無年齡維度,0.0,男,遷出,桃園市,72
110,1,1,板橋區,,,,無年齡維度,0.0,女,遷出,福建省,2
110,1,1,板橋區,,,,無年齡維度,0.0,男,遷出,福建省,2
110,1,1,板橋區,,,,無年齡維度,0.0,女,遷出,臺中市,26
110,1,1,板橋區,,,,無年齡維度,0.0,男,遷出,臺中市,27
110,1,1,板橋區,,,,無年齡維度,0.0,女,遷出,臺北市,128
110,1,1,板橋區,,,,無年齡維度,0.0,男,遷出,臺北市,112
110,1,1,板橋區,,,,無年齡維度,0.0,女,遷出,臺南市,10
110,1,1,板橋區,,,,無年齡維度,0.0,男,遷出,臺南市,8
110,1,1,板橋區,,,,無年齡維度,0.0,女,遷出,臺灣省,95
110,1,1,板橋區,,,,無年齡維度,0.0,男,遷出,臺灣省,80
110,1,1,板橋區,,,,無年齡維度,0.0,女,遷出,高雄市,19
110,1,1,板橋區,,,,無年齡維度,0.0,男,遷出,高雄市,7
110,1,2,三重區,,,,無年齡維度,0.0,女,遷入,migrants,434
110,1,2,三重區,,,,無年齡維度,0.0,男,遷入,migrants,424
110,1,2,三重區,,,,無年齡維度,0.0,女,遷入,other,0
110,1,2,三重區,,,,無年齡維度,0.0,男,遷入,other,0
110,1,2,三重區,,,,無年齡維度,0.0,女,遷入,其他縣市,0
110,1,2,三重區,,,,無年齡維度,0.0,男,遷入,其他縣市,0
110,1,2,三重區,,,,無年齡維度,0.0,女,遷入,其他鄉鎮,181
110,1,2,三重區,,,,無年齡維度,0.0,男,遷入,其他鄉鎮,148
110,1,2,三重區,,,,無年齡維度,0.0,女,遷入,合計,542
110,1,2,三重區,,,,無年齡維度,0.0,男,遷入,合計,495
110,1,2,三重區,,,,無年齡維度,0.0,女,遷入,國外,5
110,1,2,三重區,,,,無年齡維度,0.0,男,遷入,國外,8
110,1,2,三重區,,,,無年齡維度,0.0,女,遷入,新北市內,0
110,1,2,三重區,,,,無年齡維度,0.0,男,遷入,新北市內,0
110,1,2,三重區,,,,無年齡維度,0.0,女,遷入,桃園市,31
110,1,2,三重區,,,,無年齡維度,0.0,男,遷入,桃園市,36
110,1,2,三重區,,,,無年齡維度,0.0,女,遷入,福建省,2
110,1,2,三重區,,,,無年齡維度,0.0,男,遷入,福建省,1
110,1,2,三重區,,,,無年齡維度,0.0,女,遷入,臺中市,11
110,1,2,三重區,,,,無年齡維度,0.0,男,遷入,臺中市,11
110,1,2,三重區,,,,無年齡維度,0.0,女,遷入,臺北市,226
110,1,2,三重區,,,,無年齡維度,0.0,男,遷入,臺北市,209
110,1,2,三重區,,,,無年齡維度,0.0,女,遷入,臺南市,2
110,1,2,三重區,,,,無年齡維度,0.0,男,遷入,臺南市,4
110,1,2,三重區,,,,無年齡維度,0.0,女,遷入,臺灣省,67
110,1,2,三重區,,,,無年齡維度,0.0,男,遷入,臺灣省,67
110,1,2,三重區,,,,無年齡維度,0.0,女,遷入,高雄市,7
110,1,2,三重區,,,,無年齡維度,0.0,男,遷入,高雄市,1
110,1,2,三重區,,,,無年齡維度,0.0,女,遷出,migrants,434
110,1,2,三重區,,,,無年齡維度,0.0,男,遷出,migrants,424
110,1,2,三重區,,,,無年齡維度,0.0,女,遷出,other,0
110,1,2,三重區,,,,無年齡維度,0.0,男,遷出,other,0
110,1,2,三重區,,,,無年齡維度,0.0,女,遷出,其他縣市,0
110,1,2,三重區,,,,無年齡維度,0.0,男,遷出,其他縣市,0
110,1,2,三重區,,,,無年齡維度,0.0,女,遷出,其他鄉鎮,263
110,1,2,三重區,,,,無年齡維度,0.0,男,遷出,其他鄉鎮,214
110,1,2,三重區,,,,無年齡維度,0.0,女,遷出,合計,695
110,1,2,三重區,,,,無年齡維度,0.0,男,遷出,合計,570
110,1,2,三重區,,,,無年齡維度,0.0,女,遷出,國外,82
110,1,2,三重區,,,,無年齡維度,0.0,男,遷出,國外,69
110,1,2,三重區,,,,無年齡維度,0.0,女,遷出,新北市內,0
110,1,2,三重區,,,,無年齡維度,0.0,男,遷出,新北市內,0
110,1,2,三重區,,,,無年齡維度,0.0,女,遷出,桃園市,54
110,1,2,三重區,,,,無年齡維度,0.0,男,遷出,桃園市,52
110,1,2,三重區,,,,無年齡維度,0.0,女,遷出,福建省,2
110,1,2,三重區,,,,無年齡維度,0.0,男,遷出,福建省,1
110,1,2,三重區,,,,無年齡維度,0.0,女,遷出,臺中市,17
110,1,2,三重區,,,,無年齡維度,0.0,男,遷出,臺中市,14
110,1,2,三重區,,,,無年齡維度,0.0,女,遷出,臺北市,201
110,1,2,三重區,,,,無年齡維度,0.0,男,遷出,臺北市,145
110,1,2,三重區,,,,無年齡維度,0.0,女,遷出,臺南市,12
110,1,2,三重區,,,,無年齡維度,0.0,男,遷出,臺南市,10
110,1,2,三重區,,,,無年齡維度,0.0,女,遷出,臺灣省,54
110,1,2,三重區,,,,無年齡維度,0.0,男,遷出,臺灣省,60
110,1,2,三重區,,,,無年齡維度,0.0,女,遷出,高雄市,10
110,1,2,三重區,,,,無年齡維度,0.0,男,遷出,高雄市,5
110,1,3,中和區,,,,無年齡維度,0.0,女,遷入,migrants,367
110,1,3,中和區,,,,無年齡維度,0.0,男,遷入,migrants,334
110,1,3,中和區,,,,無年齡維度,0.0,女,遷入,other,0
110,1,3,中和區,,,,無年齡維度,0.0,男,遷入,other,0
110,1,3,中和區,,,,無年齡維度,0.0,女,遷入,其他縣市,0
110,1,3,中和區,,,,無年齡維度,0.0,男,遷入,其他縣市,0
110,1,3,中和區,,,,無年齡維度,0.0,女,遷入,其他鄉鎮,297
110,1,3,中和區,,,,無年齡維度,0.0,男,遷入,其他鄉鎮,258
110,1,3,中和區,,,,無年齡維度,0.0,女,遷入,合計,637
110,1,3,中和區,,,,無年齡維度,0.0,男,遷入,合計,566
110,1,3,中和區,,,,無年齡維度,0.0,女,遷入,國外,12
110,1,3,中和區,,,,無年齡維度,0.0,男,遷入,國外,9
110,1,3,中和區,,,,無年齡維度,0.0,女,遷入,新北市內,0
110,1,3,中和區,,,,無年齡維度,0.0,男,遷入,新北市內,0
110,1,3,中和區,,,,無年齡維度,0.0,女,遷入,桃園市,47
110,1,3,中和區,,,,無年齡維度,0.0,男,遷入,桃園市,28
110,1,3,中和區,,,,無年齡維度,0.0,女,遷入,福建省,9
110,1,3,中和區,,,,無年齡維度,0.0,男,遷入,福建省,5
110,1,3,中和區,,,,無年齡維度,0.0,女,遷入,臺中市,16
110,1,3,中和區,,,,無年齡維度,0.0,男,遷入,臺中市,12
110,1,3,中和區,,,,無年齡維度,0.0,女,遷入,臺北市,173
110,1,3,中和區,,,,無年齡維度,0.0,男,遷入,臺北市,174
110,1,3,中和區,,,,無年齡維度,0.0,女,遷入,臺南市,6
110,1,3,中和區,,,,無年齡維度,0.0,男,遷入,臺南市,10
110,1,3,中和區,,,,無年齡維度,0.0,女,遷入,臺灣省,60
110,1,3,中和區,,,,無年齡維度,0.0,男,遷入,臺灣省,53
110,1,3,中和區,,,,無年齡維度,0.0,女,遷入,高雄市,10
110,1,3,中和區,,,,無年齡維度,0.0,男,遷入,高雄市,10
110,1,3,中和區,,,,無年齡維度,0.0,女,遷出,migrants,367
110,1,3,中和區,,,,無年齡維度,0.0,男,遷出,migrants,334
110,1,3,中和區,,,,無年齡維度,0.0,女,遷出,other,0
110,1,3,中和區,,,,無年齡維度,0.0,男,遷出,other,0
110,1,3,中和區,,,,無年齡維度,0.0,女,遷出,其他縣市,0
110,1,3,中和區,,,,無年齡維度,0.0,男,遷出,其他縣市,0
110,1,3,中和區,,,,無年齡維度,0.0,女,遷出,其他鄉鎮,346
110,1,3,中和區,,,,無年齡維度,0.0,男,遷出,其他鄉鎮,304
110,1,3,中和區,,,,無年齡維度,0.0,女,遷出,合計,779
110,1,3,中和區,,,,無年齡維度,0.0,男,遷出,合計,669
110,1,3,中和區,,,,無年齡維度,0.0,女,遷出,國外,152
110,1,3,中和區,,,,無年齡維度,0.0,男,遷出,國外,90
110,1,3,中和區,,,,無年齡維度,0.0,女,遷出,新北市內,0
110,1,3,中和區,,,,無年齡維度,0.0,男,遷出,新北市內,0
110,1,3,中和區,,,,無年齡維度,0.0,女,遷出,桃園市,54
110,1,3,中和區,,,,無年齡維度,0.0,男,遷出,桃園市,58
110,1,3,中和區,,,,無年齡維度,0.0,女,遷出,福建省,5
110,1,3,中和區,,,,無年齡維度,0.0,男,遷出,福建省,6
110,1,3,中和區,,,,無年齡維度,0.0,女,遷出,臺中市,33
110,1,3,中和區,,,,無年齡維度,0.0,男,遷出,臺中市,28
110,1,3,中和區,,,,無年齡維度,0.0,女,遷出,臺北市,120
110,1,3,中和區,,,,無年齡維度,0.0,男,遷出,臺北市,96
110,1,3,中和區,,,,無年齡維度,0.0,女,遷出,臺南市,12
110,1,3,中和區,,,,無年齡維度,0.0,男,遷出,臺南市,10
110,1,3,中和區,,,,無年齡維度,0.0,女,遷出,臺灣省,45
110,1,3,中和區,,,,無年齡維度,0.0,男,遷出,臺灣省,67
110,1,3,中和區,,,,無年齡維度,0.0,女,遷出,高雄市,11
110,1,3,中和區,,,,無年齡維度,0.0,男,遷出,高雄市,10
110,1,4,永和區,,,,無年齡維度,0.0,女,遷入,migrants,160
110,1,4,永和區,,,,無年齡維度,0.0,男,遷入,migrants,181
110,1,4,永和區,,,,無年齡維度,0.0,女,遷入,other,0
110,1,4,永和區,,,,無年齡維度,0.0,男,遷入,other,0
110,1,4,永和區,,,,無年齡維度,0.0,女,遷入,其他縣市,0
110,1,4,永和區,,,,無年齡維度,0.0,男,遷入,其他縣市,0
110,1,4,永和區,,,,無年齡維度,0.0,女,遷入,其他鄉鎮,175
110,1,4,永和區,,,,無年齡維度,0.0,男,遷入,其他鄉鎮,143
110,1,4,永和區,,,,無年齡維度,0.0,女,遷入,合計,382
110,1,4,永和區,,,,無年齡維度,0.0,男,遷入,合計,335
110,1,4,永和區,,,,無年齡維度,0.0,女,遷入,國外,12
110,1,4,永和區,,,,無年齡維度,0.0,男,遷入,國外,12
110,1,4,永和區,,,,無年齡維度,0.0,女,遷入,新北市內,0
110,1,4,永和區,,,,無年齡維度,0.0,男,遷入,新北市內,0
110,1,4,永和區,,,,無年齡維度,0.0,女,遷入,桃園市,15
110,1,4,永和區,,,,無年齡維度,0.0,男,遷入,桃園市,17
110,1,4,永和區,,,,無年齡維度,0.0,女,遷入,福建省,3
110,1,4,永和區,,,,無年齡維度,0.0,男,遷入,福建省,4
110,1,4,永和區,,,,無年齡維度,0.0,女,遷入,臺中市,12
110,1,4,永和區,,,,無年齡維度,0.0,男,遷入,臺中市,9
110,1,4,永和區,,,,無年齡維度,0.0,女,遷入,臺北市,123
110,1,4,永和區,,,,無年齡維度,0.0,男,遷入,臺北市,111
110,1,4,永和區,,,,無年齡維度,0.0,女,遷入,臺南市,7
110,1,4,永和區,,,,無年齡維度,0.0,男,遷入,臺南市,4
110,1,4,永和區,,,,無年齡維度,0.0,女,遷入,臺灣省,18
110,1,4,永和區,,,,無年齡維度,0.0,男,遷入,臺灣省,24
110,1,4,永和區,,,,無年齡維度,0.0,女,遷入,高雄市,7
110,1,4,永和區,,,,無年齡維度,0.0,男,遷入,高雄市,10
110,1,4,永和區,,,,無年齡維度,0.0,女,遷出,migrants,160
110,1,4,永和區,,,,無年齡維度,0.0,男,遷出,migrants,181
110,1,4,永和區,,,,無年齡維度,0.0,女,遷出,other,0
110,1,4,永和區,,,,無年齡維度,0.0,男,遷出,other,0
110,1,4,永和區,,,,無年齡維度,0.0,女,遷出,其他縣市,0
110,1,4,永和區,,,,無年齡維度,0.0,男,遷出,其他縣市,0
110,1,4,永和區,,,,無年齡維度,0.0,女,遷出,其他鄉鎮,186
110,1,4,永和區,,,,無年齡維度,0.0,男,遷出,其他鄉鎮,168
110,1,4,永和區,,,,無年齡維度,0.0,女,遷出,合計,458
110,1,4,永和區,,,,無年齡維度,0.0,男,遷出,合計,384
110,1,4,永和區,,,,無年齡維度,0.0,女,遷出,國外,97
110,1,4,永和區,,,,無年齡維度,0.0,男,遷出,國外,68
110,1,4,永和區,,,,無年齡維度,0.0,女,遷出,新北市內,0
110,1,4,永和區,,,,無年齡維度,0.0,男,遷出,新北市內,0
110,1,4,永和區,,,,無年齡維度,0.0,女,遷出,桃園市,19
110,1,4,永和區,,,,無年齡維度,0.0,男,遷出,桃園市,14
110,1,4,永和區,,,,無年齡維度,0.0,女,遷出,福建省,2
110,1,4,永和區,,,,無年齡維度,0.0,男,遷出,福建省,1
110,1,4,永和區,,,,無年齡維度,0.0,女,遷出,臺中市,12
110,1,4,永和區,,,,無年齡維度,0.0,男,遷出,臺中市,15
110,1,4,永和區,,,,無年齡維度,0.0,女,遷出,臺北市,84
110,1,4,永和區,,,,無年齡維度,0.0,男,遷出,臺北市,62
110,1,4,永和區,,,,無年齡維度,0.0,女,遷出,臺南市,7
110,1,4,永和區,,,,無年齡維度,0.0,男,遷出,臺南市,6
110,1,4,永和區,,,,無年齡維度,0.0,女,遷出,臺灣省,43
110,1,4,永和區,,,,無年齡維度,0.0,男,遷出,臺灣省,45
110,1,4,永和區,,,,無年齡維度,0.0,女,遷出,高雄市,8
110,1,4,永和區,,,,無年齡維度,0.0,男,遷出,高雄市,5
110,1,5,新莊區,,,,無年齡維度,0.0,女,遷入,migrants,620
110,1,5,新莊區,,,,無年齡維度,0.0,男,遷入,migrants,548
110,1,5,新莊區,,,,無年齡維度,0.0,女,遷入,other,0
110,1,5,新莊區,,,,無年齡維度,0.0,男,遷入,other,0
110,1,5,新莊區,,,,無年齡維度,0.0,女,遷入,其他縣市,0
110,1,5,新莊區,,,,無年齡維度,0.0,男,遷入,其他縣市,0
110,1,5,新莊區,,,,無年齡維度,0.0,女,遷入,其他鄉鎮,320
110,1,5,新莊區,,,,無年齡維度,0.0,男,遷入,其他鄉鎮,269
110,1,5,新莊區,,,,無年齡維度,0.0,女,遷入,合計,709
110,1,5,新莊區,,,,無年齡維度,0.0,男,遷入,合計,584
110,1,5,新莊區,,,,無年齡維度,0.0,女,遷入,國外,10
110,1,5,新莊區,,,,無年齡維度,0.0,男,遷入,國外,8
110,1,5,新莊區,,,,無年齡維度,0.0,女,遷入,新北市內,0
110,1,5,新莊區,,,,無年齡維度,0.0,男,遷入,新北市內,0
110,1,5,新莊區,,,,無年齡維度,0.0,女,遷入,桃園市,51
110,1,5,新莊區,,,,無年齡維度,0.0,男,遷入,桃園市,72
110,1,5,新莊區,,,,無年齡維度,0.0,女,遷入,福建省,3
110,1,5,新莊區,,,,無年齡維度,0.0,男,遷入,福建省,0
110,1,5,新莊區,,,,無年齡維度,0.0,女,遷入,臺中市,23
110,1,5,新莊區,,,,無年齡維度,0.0,男,遷入,臺中市,11
110,1,5,新莊區,,,,無年齡維度,0.0,女,遷入,臺北市,169
110,1,5,新莊區,,,,無年齡維度,0.0,男,遷入,臺北市,129
110,1,5,新莊區,,,,無年齡維度,0.0,女,遷入,臺南市,19
110,1,5,新莊區,,,,無年齡維度,0.0,男,遷入,臺南市,7
110,1,5,新莊區,,,,無年齡維度,0.0,女,遷入,臺灣省,80
110,1,5,新莊區,,,,無年齡維度,0.0,男,遷入,臺灣省,74
110,1,5,新莊區,,,,無年齡維度,0.0,女,遷入,高雄市,22
110,1,5,新莊區,,,,無年齡維度,0.0,男,遷入,高雄市,9
110,1,5,新莊區,,,,無年齡維度,0.0,女,遷出,migrants,620
110,1,5,新莊區,,,,無年齡維度,0.0,男,遷出,migrants,548
110,1,5,新莊區,,,,無年齡維度,0.0,女,遷出,other,0
110,1,5,新莊區,,,,無年齡維度,0.0,男,遷出,other,0
110,1,5,新莊區,,,,無年齡維度,0.0,女,遷出,其他縣市,0
110,1,5,新莊區,,,,無年齡維度,0.0,男,遷出,其他縣市,0
110,1,5,新莊區,,,,無年齡維度,0.0,女,遷出,其他鄉鎮,245
110,1,5,新莊區,,,,無年齡維度,0.0,男,遷出,其他鄉鎮,216
110,1,5,新莊區,,,,無年齡維度,0.0,女,遷出,合計,608
110,1,5,新莊區,,,,無年齡維度,0.0,男,遷出,合計,492
110,1,5,新莊區,,,,無年齡維度,0.0,女,遷出,國外,75
110,1,5,新莊區,,,,無年齡維度,0.0,男,遷出,國外,52
110,1,5,新莊區,,,,無年齡維度,0.0,女,遷出,新北市內,0
110,1,5,新莊區,,,,無年齡維度,0.0,男,遷出,新北市內,0
110,1,5,新莊區,,,,無年齡維度,0.0,女,遷出,桃園市,101
110,1,5,新莊區,,,,無年齡維度,0.0,男,遷出,桃園市,82
110,1,5,新莊區,,,,無年齡維度,0.0,女,遷出,福建省,4
110,1,5,新莊區,,,,無年齡維度,0.0,男,遷出,福建省,2
110,1,5,新莊區,,,,無年齡維度,0.0,女,遷出,臺中市,19
110,1,5,新莊區,,,,無年齡維度,0.0,男,遷出,臺中市,14
110,1,5,新莊區,,,,無年齡維度,0.0,女,遷出,臺北市,76
110,1,5,新莊區,,,,無年齡維度,0.0,男,遷出,臺北市,37
110,1,5,新莊區,,,,無年齡維度,0.0,女,遷出,臺南市,8
110,1,5,新莊區,,,,無年齡維度,0.0,男,遷出,臺南市,15
110,1,5,新莊區,,,,無年齡維度,0.0,女,遷出,臺灣省,63
110,1,5,新莊區,,,,無年齡維度,0.0,男,遷出,臺灣省,65
110,1,5,新莊區,,,,無年齡維度,0.0,女,遷出,高雄市,16
110,1,5,新莊區,,,,無年齡維度,0.0,男,遷出,高雄市,9
110,1,6,新店區,,,,無年齡維度,0.0,女,遷入,migrants,350
110,1,6,新店區,,,,無年齡維度,0.0,男,遷入,migrants,295
110,1,6,新店區,,,,無年齡維度,0.0,女,遷入,other,0
110,1,6,新店區,,,,無年齡維度,0.0,男,遷入,other,0
110,1,6,新店區,,,,無年齡維度,0.0,女,遷入,其他縣市,0
110,1,6,新店區,,,,無年齡維度,0.0,男,遷入,其他縣市,0
110,1,6,新店區,,,,無年齡維度,0.0,女,遷入,其他鄉鎮,154
110,1,6,新店區,,,,無年齡維度,0.0,男,遷入,其他鄉鎮,121
110,1,6,新店區,,,,無年齡維度,0.0,女,遷入,合計,531
110,1,6,新店區,,,,無年齡維度,0.0,男,遷入,合計,428
110,1,6,新店區,,,,無年齡維度,0.0,女,遷入,國外,14
110,1,6,新店區,,,,無年齡維度,0.0,男,遷入,國外,12
110,1,6,新店區,,,,無年齡維度,0.0,女,遷入,新北市內,0
110,1,6,新店區,,,,無年齡維度,0.0,男,遷入,新北市內,0
110,1,6,新店區,,,,無年齡維度,0.0,女,遷入,桃園市,20
110,1,6,新店區,,,,無年齡維度,0.0,男,遷入,桃園市,18
110,1,6,新店區,,,,無年齡維度,0.0,女,遷入,福建省,2
110,1,6,新店區,,,,無年齡維度,0.0,男,遷入,福建省,0
110,1,6,新店區,,,,無年齡維度,0.0,女,遷入,臺中市,17
110,1,6,新店區,,,,無年齡維度,0.0,男,遷入,臺中市,7
110,1,6,新店區,,,,無年齡維度,0.0,女,遷入,臺北市,243
110,1,6,新店區,,,,無年齡維度,0.0,男,遷入,臺北市,207
110,1,6,新店區,,,,無年齡維度,0.0,女,遷入,臺南市,2
110,1,6,新店區,,,,無年齡維度,0.0,男,遷入,臺南市,4
110,1,6,新店區,,,,無年齡維度,0.0,女,遷入,臺灣省,61
110,1,6,新店區,,,,無年齡維度,0.0,男,遷入,臺灣省,45
110,1,6,新店區,,,,無年齡維度,0.0,女,遷入,高雄市,12
110,1,6,新店區,,,,無年齡維度,0.0,男,遷入,高雄市,7
110,1,6,新店區,,,,無年齡維度,0.0,女,遷出,migrants,350
110,1,6,新店區,,,,無年齡維度,0.0,男,遷出,migrants,295
110,1,6,新店區,,,,無年齡維度,0.0,女,遷出,other,0
110,1,6,新店區,,,,無年齡維度,0.0,男,遷出,other,0
110,1,6,新店區,,,,無年齡維度,0.0,女,遷出,其他縣市,0
110,1,6,新店區,,,,無年齡維度,0.0,男,遷出,其他縣市,0
110,1,6,新店區,,,,無年齡維度,0.0,女,遷出,其他鄉鎮,157
110,1,6,新店區,,,,無年齡維度,0.0,男,遷出,其他鄉鎮,118
110,1,6,新店區,,,,無年齡維度,0.0,女,遷出,合計,609
110,1,6,新店區,,,,無年齡維度,0.0,男,遷出,合計,476
110,1,6,新店區,,,,無年齡維度,0.0,女,遷出,國外,158
110,1,6,新店區,,,,無年齡維度,0.0,男,遷出,國外,98
110,1,6,新店區,,,,無年齡維度,0.0,女,遷出,新北市內,0
110,1,6,新店區,,,,無年齡維度,0.0,男,遷出,新北市內,0
110,1,6,新店區,,,,無年齡維度,0.0,女,遷出,桃園市,24
110,1,6,新店區,,,,無年齡維度,0.0,男,遷出,桃園市,29
110,1,6,新店區,,,,無年齡維度,0.0,女,遷出,福建省,2
110,1,6,新店區,,,,無年齡維度,0.0,男,遷出,福建省,5
110,1,6,新店區,,,,無年齡維度,0.0,女,遷出,臺中市,15
110,1,6,新店區,,,,無年齡維度,0.0,男,遷出,臺中市,20
110,1,6,新店區,,,,無年齡維度,0.0,女,遷出,臺北市,187
110,1,6,新店區,,,,無年齡維度,0.0,男,遷出,臺北市,133
110,1,6,新店區,,,,無年齡維度,0.0,女,遷出,臺南市,5
110,1,6,新店區,,,,無年齡維度,0.0,男,遷出,臺南市,6
110,1,6,新店區,,,,無年齡維度,0.0,女,遷出,臺灣省,55
110,1,6,新店區,,,,無年齡維度,0.0,男,遷出,臺灣省,58
110,1,6,新店區,,,,無年齡維度,0.0,女,遷出,高雄市,5
110,1,6,新店區,,,,無年齡維度,0.0,男,遷出,高雄市,8
110,1,7,土城區,,,,無年齡維度,0.0,女,遷入,migrants,130
110,1,7,土城區,,,,無年齡維度,0.0,男,遷入,migrants,148
110,1,7,土城區,,,,無年齡維度,0.0,女,遷入,other,0
110,1,7,土城區,,,,無年齡維度,0.0,男,遷入,other,0
110,1,7,土城區,,,,無年齡維度,0.0,女,遷入,其他縣市,0
110,1,7,土城區,,,,無年齡維度,0.0,男,遷入,其他縣市,0
110,1,7,土城區,,,,無年齡維度,0.0,女,遷入,其他鄉鎮,132
110,1,7,土城區,,,,無年齡維度,0.0,男,遷入,其他鄉鎮,126
110,1,7,土城區,,,,無年齡維度,0.0,女,遷入,合計,249
110,1,7,土城區,,,,無年齡維度,0.0,男,遷入,合計,220
110,1,7,土城區,,,,無年齡維度,0.0,女,遷入,國外,7
110,1,7,土城區,,,,無年齡維度,0.0,男,遷入,國外,5
110,1,7,土城區,,,,無年齡維度,0.0,女,遷入,新北市內,0
110,1,7,土城區,,,,無年齡維度,0.0,男,遷入,新北市內,0
110,1,7,土城區,,,,無年齡維度,0.0,女,遷入,桃園市,26
110,1,7,土城區,,,,無年齡維度,0.0,男,遷入,桃園市,25
110,1,7,土城區,,,,無年齡維度,0.0,女,遷入,福建省,3
110,1,7,土城區,,,,無年齡維度,0.0,男,遷入,福建省,2
110,1,7,土城區,,,,無年齡維度,0.0,女,遷入,臺中市,6
110,1,7,土城區,,,,無年齡維度,0.0,男,遷入,臺中市,4
110,1,7,土城區,,,,無年齡維度,0.0,女,遷入,臺北市,30
110,1,7,土城區,,,,無年齡維度,0.0,男,遷入,臺北市,30
110,1,7,土城區,,,,無年齡維度,0.0,女,遷入,臺南市,0
110,1,7,土城區,,,,無年齡維度,0.0,男,遷入,臺南市,1
110,1,7,土城區,,,,無年齡維度,0.0,女,遷入,臺灣省,31
110,1,7,土城區,,,,無年齡維度,0.0,男,遷入,臺灣省,22
110,1,7,土城區,,,,無年齡維度,0.0,女,遷入,高雄市,1
110,1,7,土城區,,,,無年齡維度,0.0,男,遷入,高雄市,4
110,1,7,土城區,,,,無年齡維度,0.0,女,遷出,migrants,130
110,1,7,土城區,,,,無年齡維度,0.0,男,遷出,migrants,148
110,1,7,土城區,,,,無年齡維度,0.0,女,遷出,other,0
110,1,7,土城區,,,,無年齡維度,0.0,男,遷出,other,0
110,1,7,土城區,,,,無年齡維度,0.0,女,遷出,其他縣市,0
110,1,7,土城區,,,,無年齡維度,0.0,男,遷出,其他縣市,0
110,1,7,土城區,,,,無年齡維度,0.0,女,遷出,其他鄉鎮,162
110,1,7,土城區,,,,無年齡維度,0.0,男,遷出,其他鄉鎮,136
110,1,7,土城區,,,,無年齡維度,0.0,女,遷出,合計,339
110,1,7,土城區,,,,無年齡維度,0.0,男,遷出,合計,277
110,1,7,土城區,,,,無年齡維度,0.0,女,遷出,國外,42
110,1,7,土城區,,,,無年齡維度,0.0,男,遷出,國外,27
110,1,7,土城區,,,,無年齡維度,0.0,女,遷出,新北市內,0
110,1,7,土城區,,,,無年齡維度,0.0,男,遷出,新北市內,0
110,1,7,土城區,,,,無年齡維度,0.0,女,遷出,桃園市,63
110,1,7,土城區,,,,無年齡維度,0.0,男,遷出,桃園市,41
110,1,7,土城區,,,,無年齡維度,0.0,女,遷出,福建省,0
110,1,7,土城區,,,,無年齡維度,0.0,男,遷出,福建省,6
110,1,7,土城區,,,,無年齡維度,0.0,女,遷出,臺中市,2
110,1,7,土城區,,,,無年齡維度,0.0,男,遷出,臺中市,8
110,1,7,土城區,,,,無年齡維度,0.0,女,遷出,臺北市,29
110,1,7,土城區,,,,無年齡維度,0.0,男,遷出,臺北市,21
110,1,7,土城區,,,,無年齡維度,0.0,女,遷出,臺南市,5
110,1,7,土城區,,,,無年齡維度,0.0,男,遷出,臺南市,5
110,1,7,土城區,,,,無年齡維度,0.0,女,遷出,臺灣省,34
110,1,7,土城區,,,,無年齡維度,0.0,男,遷出,臺灣省,30
110,1,7,土城區,,,,無年齡維度,0.0,女,遷出,高雄市,2
110,1,7,土城區,,,,無年齡維度,0.0,男,遷出,高雄市,3
110,1,8,蘆洲區,,,,無年齡維度,0.0,女,遷入,migrants,122
110,1,8,蘆洲區,,,,無年齡維度,0.0,男,遷入,migrants,101
110,1,8,蘆洲區,,,,無年齡維度,0.0,女,遷入,other,0
110,1,8,蘆洲區,,,,無年齡維度,0.0,男,遷入,other,0
110,1,8,蘆洲區,,,,無年齡維度,0.0,女,遷入,其他縣市,0
110,1,8,蘆洲區,,,,無年齡維度,0.0,男,遷入,其他縣市,0
110,1,8,蘆洲區,,,,無年齡維度,0.0,女,遷入,其他鄉鎮,70
110,1,8,蘆洲區,,,,無年齡維度,0.0,男,遷入,其他鄉鎮,61
110,1,8,蘆洲區,,,,無年齡維度,0.0,女,遷入,合計,151
110,1,8,蘆洲區,,,,無年齡維度,0.0,男,遷入,合計,134
110,1,8,蘆洲區,,,,無年齡維度,0.0,女,遷入,國外,3
110,1,8,蘆洲區,,,,無年齡維度,0.0,男,遷入,國外,5
110,1,8,蘆洲區,,,,無年齡維度,0.0,女,遷入,新北市內,0
110,1,8,蘆洲區,,,,無年齡維度,0.0,男,遷入,新北市內,0
110,1,8,蘆洲區,,,,無年齡維度,0.0,女,遷入,桃園市,40
110,1,8,蘆洲區,,,,無年齡維度,0.0,男,遷入,桃園市,39
110,1,8,蘆洲區,,,,無年齡維度,0.0,女,遷入,福建省,3
110,1,8,蘆洲區,,,,無年齡維度,0.0,男,遷入,福建省,4
110,1,8,蘆洲區,,,,無年齡維度,0.0,女,遷入,臺中市,2
110,1,8,蘆洲區,,,,無年齡維度,0.0,男,遷入,臺中市,0
110,1,8,蘆洲區,,,,無年齡維度,0.0,女,遷入,臺北市,10
110,1,8,蘆洲區,,,,無年齡維度,0.0,男,遷入,臺北市,9
110,1,8,蘆洲區,,,,無年齡維度,0.0,女,遷入,臺南市,2
110,1,8,蘆洲區,,,,無年齡維度,0.0,男,遷入,臺南市,1
110,1,8,蘆洲區,,,,無年齡維度,0.0,女,遷入,臺灣省,14
110,1,8,蘆洲區,,,,無年齡維度,0.0,男,遷入,臺灣省,10
110,1,8,蘆洲區,,,,無年齡維度,0.0,女,遷入,高雄市,5
110,1,8,蘆洲區,,,,無年齡維度,0.0,男,遷入,高雄市,2
110,1,8,蘆洲區,,,,無年齡維度,0.0,女,遷出,migrants,122
110,1,8,蘆洲區,,,,無年齡維度,0.0,男,遷出,migrants,101
110,1,8,蘆洲區,,,,無年齡維度,0.0,女,遷出,other,0
110,1,8,蘆洲區,,,,無年齡維度,0.0,男,遷出,other,0
110,1,8,蘆洲區,,,,無年齡維度,0.0,女,遷出,其他縣市,0
110,1,8,蘆洲區,,,,無年齡維度,0.0,男,遷出,其他縣市,0
110,1,8,蘆洲區,,,,無年齡維度,0.0,女,遷出,其他鄉鎮,47
110,1,8,蘆洲區,,,,無年齡維度,0.0,男,遷出,其他鄉鎮,31
110,1,8,蘆洲區,,,,無年齡維度,0.0,女,遷出,合計,169
110,1,8,蘆洲區,,,,無年齡維度,0.0,男,遷出,合計,117
110,1,8,蘆洲區,,,,無年齡維度,0.0,女,遷出,國外,10
110,1,8,蘆洲區,,,,無年齡維度,0.0,男,遷出,國外,7
110,1,8,蘆洲區,,,,無年齡維度,0.0,女,遷出,新北市內,0
110,1,8,蘆洲區,,,,無年齡維度,0.0,男,遷出,新北市內,0
110,1,8,蘆洲區,,,,無年齡維度,0.0,女,遷出,桃園市,69
110,1,8,蘆洲區,,,,無年齡維度,0.0,男,遷出,桃園市,48
110,1,8,蘆洲區,,,,無年齡維度,0.0,女,遷出,福建省,2
110,1,8,蘆洲區,,,,無年齡維度,0.0,男,遷出,福建省,2
110,1,8,蘆洲區,,,,無年齡維度,0.0,女,遷出,臺中市,3
110,1,8,蘆洲區,,,,無年齡維度,0.0,男,遷出,臺中市,6
110,1,8,蘆洲區,,,,無年齡維度,0.0,女,遷出,臺北市,5
110,1,8,蘆洲區,,,,無年齡維度,0.0,男,遷出,臺北市,7
110,1,8,蘆洲區,,,,無年齡維度,0.0,女,遷出,臺南市,5
110,1,8,蘆洲區,,,,無年齡維度,0.0,男,遷出,臺南市,3
110,1,8,蘆洲區,,,,無年齡維度,0.0,女,遷出,臺灣省,25
110,1,8,蘆洲區,,,,無年齡維度,0.0,男,遷出,臺灣省,12
110,1,8,蘆洲區,,,,無年齡維度,0.0,女,遷出,高雄市,3
110,1,8,蘆洲區,,,,無年齡維度,0.0,男,遷出,高雄市,1
110,1,9,樹林區,,,,無年齡維度,0.0,女,遷入,migrants,196
110,1,9,樹林區,,,,無年齡維度,0.0,男,遷入,migrants,128
110,1,9,樹林區,,,,無年齡維度,0.0,女,遷入,other,0
110,1,9,樹林區,,,,無年齡維度,0.0,男,遷入,other,0
110,1,9,樹林區,,,,無年齡維度,0.0,女,遷入,其他縣市,0
110,1,9,樹林區,,,,無年齡維度,0.0,男,遷入,其他縣市,0
110,1,9,樹林區,,,,無年齡維度,0.0,女,遷入,其他鄉鎮,112
110,1,9,樹林區,,,,無年齡維度,0.0,男,遷入,其他鄉鎮,107
110,1,9,樹林區,,,,無年齡維度,0.0,女,遷入,合計,206
110,1,9,樹林區,,,,無年齡維度,0.0,男,遷入,合計,167
110,1,9,樹林區,,,,無年齡維度,0.0,女,遷入,國外,2
110,1,9,樹林區,,,,無年齡維度,0.0,男,遷入,國外,1
110,1,9,樹林區,,,,無年齡維度,0.0,女,遷入,新北市內,0
110,1,9,樹林區,,,,無年齡維度,0.0,男,遷入,新北市內,0
110,1,9,樹林區,,,,無年齡維度,0.0,女,遷入,桃園市,35
110,1,9,樹林區,,,,無年齡維度,0.0,男,遷入,桃園市,16
110,1,9,樹林區,,,,無年齡維度,0.0,女,遷入,福建省,1
110,1,9,樹林區,,,,無年齡維度,0.0,男,遷入,福建省,1
110,1,9,樹林區,,,,無年齡維度,0.0,女,遷入,臺中市,3
110,1,9,樹林區,,,,無年齡維度,0.0,男,遷入,臺中市,4
110,1,9,樹林區,,,,無年齡維度,0.0,女,遷入,臺北市,26
110,1,9,樹林區,,,,無年齡維度,0.0,男,遷入,臺北市,12
110,1,9,樹林區,,,,無年齡維度,0.0,女,遷入,臺南市,6
110,1,9,樹林區,,,,無年齡維度,0.0,男,遷入,臺南市,2
110,1,9,樹林區,,,,無年齡維度,0.0,女,遷入,臺灣省,16
110,1,9,樹林區,,,,無年齡維度,0.0,男,遷入,臺灣省,14
110,1,9,樹林區,,,,無年齡維度,0.0,女,遷入,高雄市,3
110,1,9,樹林區,,,,無年齡維度,0.0,男,遷入,高雄市,5
110,1,9,樹林區,,,,無年齡維度,0.0,女,遷出,migrants,196
110,1,9,樹林區,,,,無年齡維度,0.0,男,遷出,migrants,128
110,1,9,樹林區,,,,無年齡維度,0.0,女,遷出,other,0
110,1,9,樹林區,,,,無年齡維度,0.0,男,遷出,other,0
110,1,9,樹林區,,,,無年齡維度,0.0,女,遷出,其他縣市,0
110,1,9,樹林區,,,,無年齡維度,0.0,男,遷出,其他縣市,0
110,1,9,樹林區,,,,無年齡維度,0.0,女,遷出,其他鄉鎮,103
110,1,9,樹林區,,,,無年齡維度,0.0,男,遷出,其他鄉鎮,88
110,1,9,樹林區,,,,無年齡維度,0.0,女,遷出,合計,201
110,1,9,樹林區,,,,無年齡維度,0.0,男,遷出,合計,180
110,1,9,樹林區,,,,無年齡維度,0.0,女,遷出,國外,20
110,1,9,樹林區,,,,無年齡維度,0.0,男,遷出,國外,8
110,1,9,樹林區,,,,無年齡維度,0.0,女,遷出,新北市內,0
110,1,9,樹林區,,,,無年齡維度,0.0,男,遷出,新北市內,0
110,1,9,樹林區,,,,無年齡維度,0.0,女,遷出,桃園市,33
110,1,9,樹林區,,,,無年齡維度,0.0,男,遷出,桃園市,29
110,1,9,樹林區,,,,無年齡維度,0.0,女,遷出,福建省,0
110,1,9,樹林區,,,,無年齡維度,0.0,男,遷出,福建省,0
110,1,9,樹林區,,,,無年齡維度,0.0,女,遷出,臺中市,3
110,1,9,樹林區,,,,無年齡維度,0.0,男,遷出,臺中市,5
110,1,9,樹林區,,,,無年齡維度,0.0,女,遷出,臺北市,11
110,1,9,樹林區,,,,無年齡維度,0.0,男,遷出,臺北市,20
110,1,9,樹林區,,,,無年齡維度,0.0,女,遷出,臺南市,4
110,1,9,樹林區,,,,無年齡維度,0.0,男,遷出,臺南市,2
110,1,9,樹林區,,,,無年齡維度,0.0,女,遷出,臺灣省,20
110,1,9,樹林區,,,,無年齡維度,0.0,男,遷出,臺灣省,22
110,1,9,樹林區,,,,無年齡維度,0.0,女,遷出,高雄市,7
110,1,9,樹林區,,,,無年齡維度,0.0,男,遷出,高雄市,6
110,1,10,鶯歌區,,,,無年齡維度,0.0,女,遷入,migrants,298
110,1,10,鶯歌區,,,,無年齡維度,0.0,男,遷入,migrants,244
110,1,10,鶯歌區,,,,無年齡維度,0.0,女,遷入,other,0
110,1,10,鶯歌區,,,,無年齡維度,0.0,男,遷入,other,0
110,1,10,鶯歌區,,,,無年齡維度,0.0,女,遷入,其他縣市,0
110,1,10,鶯歌區,,,,無年齡維度,0.0,男,遷入,其他縣市,0
110,1,10,鶯歌區,,,,無年齡維度,0.0,女,遷入,其他鄉鎮,125
110,1,10,鶯歌區,,,,無年齡維度,0.0,男,遷入,其他鄉鎮,97
110,1,10,鶯歌區,,,,無年齡維度,0.0,女,遷入,合計,405
110,1,10,鶯歌區,,,,無年齡維度,0.0,男,遷入,合計,358
110,1,10,鶯歌區,,,,無年齡維度,0.0,女,遷入,國外,18
110,1,10,鶯歌區,,,,無年齡維度,0.0,男,遷入,國外,10
110,1,10,鶯歌區,,,,無年齡維度,0.0,女,遷入,新北市內,0
110,1,10,鶯歌區,,,,無年齡維度,0.0,男,遷入,新北市內,0
110,1,10,鶯歌區,,,,無年齡維度,0.0,女,遷入,桃園市,20
110,1,10,鶯歌區,,,,無年齡維度,0.0,男,遷入,桃園市,16
110,1,10,鶯歌區,,,,無年齡維度,0.0,女,遷入,福建省,0
110,1,10,鶯歌區,,,,無年齡維度,0.0,男,遷入,福建省,2
110,1,10,鶯歌區,,,,無年齡維度,0.0,女,遷入,臺中市,8
110,1,10,鶯歌區,,,,無年齡維度,0.0,男,遷入,臺中市,8
110,1,10,鶯歌區,,,,無年齡維度,0.0,女,遷入,臺北市,178
110,1,10,鶯歌區,,,,無年齡維度,0.0,男,遷入,臺北市,180
110,1,10,鶯歌區,,,,無年齡維度,0.0,女,遷入,臺南市,3
110,1,10,鶯歌區,,,,無年齡維度,0.0,男,遷入,臺南市,2
110,1,10,鶯歌區,,,,無年齡維度,0.0,女,遷入,臺灣省,30
110,1,10,鶯歌區,,,,無年齡維度,0.0,男,遷入,臺灣省,25
110,1,10,鶯歌區,,,,無年齡維度,0.0,女,遷入,高雄市,10
110,1,10,鶯歌區,,,,無年齡維度,0.0,男,遷入,高雄市,8
110,1,10,鶯歌區,,,,無年齡維度,0.0,女,遷出,migrants,298
110,1,10,鶯歌區,,,,無年齡維度,0.0,男,遷出,migrants,244
110,1,10,鶯歌區,,,,無年齡維度,0.0,女,遷出,other,0
110,1,10,鶯歌區,,,,無年齡維度,0.0,男,遷出,other,0
110,1,10,鶯歌區,,,,無年齡維度,0.0,女,遷出,其他縣市,0
110,1,10,鶯歌區,,,,無年齡維度,0.0,男,遷出,其他縣市,0
110,1,10,鶯歌區,,,,無年齡維度,0.0,女,遷出,其他鄉鎮,72
110,1,10,鶯歌區,,,,無年齡維度,0.0,男,遷出,其他鄉鎮,57
110,1,10,鶯歌區,,,,無年齡維度,0.0,女,遷出,合計,308
110,1,10,鶯歌區,,,,無年齡維度,0.0,男,遷出,合計,241
110,1,10,鶯歌區,,,,無年齡維度,0.0,女,遷出,國外,73
110,1,10,鶯歌區,,,,無年齡維度,0.0,男,遷出,國外,49
110,1,10,鶯歌區,,,,無年齡維度,0.0,女,遷出,新北市內,0
110,1,10,鶯歌區,,,,無年齡維度,0.0,男,遷出,新北市內,0
110,1,10,鶯歌區,,,,無年齡維度,0.0,女,遷出,桃園市,14
110,1,10,鶯歌區,,,,無年齡維度,0.0,男,遷出,桃園市,17
110,1,10,鶯歌區,,,,無年齡維度,0.0,女,遷出,福建省,0
110,1,10,鶯歌區,,,,無年齡維度,0.0,男,遷出,福建省,0
110,1,10,鶯歌區,,,,無年齡維度,0.0,女,遷出,臺中市,17
110,1,10,鶯歌區,,,,無年齡維度,0.0,男,遷出,臺中市,8
110,1,10,鶯歌區,,,,無年齡維度,0.0,女,遷出,臺北市,96
110,1,10,鶯歌區,,,,無年齡維度,0.0,男,遷出,臺北市,81
110,1,10,鶯歌區,,,,無年齡維度,0.0,女,遷出,臺南市,4
110,1,10,鶯歌區,,,,無年齡維度,0.0,男,遷出,臺南市,4
110,1,10,鶯歌區,,,,無年齡維度,0.0,女,遷出,臺灣省,26
110,1,10,鶯歌區,,,,無年齡維度,0.0,男,遷出,臺灣省,19
110,1,10,鶯歌區,,,,無年齡維度,0.0,女,遷出,高雄市,6
110,1,10,鶯歌區,,,,無年齡維度,0.0,男,遷出,高雄市,6
110,1,11,三峽區,,,,無年齡維度,0.0,女,遷入,migrants,264
110,1,11,三峽區,,,,無年齡維度,0.0,男,遷入,migrants,245
110,1,11,三峽區,,,,無年齡維度,0.0,女,遷入,other,0
110,1,11,三峽區,,,,無年齡維度,0.0,男,遷入,other,0
110,1,11,三峽區,,,,無年齡維度,0.0,女,遷入,其他縣市,0
110,1,11,三峽區,,,,無年齡維度,0.0,男,遷入,其他縣市,0
110,1,11,三峽區,,,,無年齡維度,0.0,女,遷入,其他鄉鎮,57
110,1,11,三峽區,,,,無年齡維度,0.0,男,遷入,其他鄉鎮,35
110,1,11,三峽區,,,,無年齡維度,0.0,女,遷入,合計,352
110,1,11,三峽區,,,,無年齡維度,0.0,男,遷入,合計,358
110,1,11,三峽區,,,,無年齡維度,0.0,女,遷入,國外,2
110,1,11,三峽區,,,,無年齡維度,0.0,男,遷入,國外,9
110,1,11,三峽區,,,,無年齡維度,0.0,女,遷入,新北市內,0
110,1,11,三峽區,,,,無年齡維度,0.0,男,遷入,新北市內,0
110,1,11,三峽區,,,,無年齡維度,0.0,女,遷入,桃園市,14
110,1,11,三峽區,,,,無年齡維度,0.0,男,遷入,桃園市,11
110,1,11,三峽區,,,,無年齡維度,0.0,女,遷入,福建省,1
110,1,11,三峽區,,,,無年齡維度,0.0,男,遷入,福建省,0
110,1,11,三峽區,,,,無年齡維度,0.0,女,遷入,臺中市,7
110,1,11,三峽區,,,,無年齡維度,0.0,男,遷入,臺中市,10
110,1,11,三峽區,,,,無年齡維度,0.0,女,遷入,臺北市,203
110,1,11,三峽區,,,,無年齡維度,0.0,男,遷入,臺北市,234
110,1,11,三峽區,,,,無年齡維度,0.0,女,遷入,臺南市,7
110,1,11,三峽區,,,,無年齡維度,0.0,男,遷入,臺南市,3
110,1,11,三峽區,,,,無年齡維度,0.0,女,遷入,臺灣省,44
110,1,11,三峽區,,,,無年齡維度,0.0,男,遷入,臺灣省,53
110,1,11,三峽區,,,,無年齡維度,0.0,女,遷入,高雄市,8
110,1,11,三峽區,,,,無年齡維度,0.0,男,遷入,高雄市,1
110,1,11,三峽區,,,,無年齡維度,0.0,女,遷出,migrants,264
110,1,11,三峽區,,,,無年齡維度,0.0,男,遷出,migrants,245
110,1,11,三峽區,,,,無年齡維度,0.0,女,遷出,other,0
110,1,11,三峽區,,,,無年齡維度,0.0,男,遷出,other,0
110,1,11,三峽區,,,,無年齡維度,0.0,女,遷出,其他縣市,0
110,1,11,三峽區,,,,無年齡維度,0.0,男,遷出,其他縣市,0
110,1,11,三峽區,,,,無年齡維度,0.0,女,遷出,其他鄉鎮,72
110,1,11,三峽區,,,,無年齡維度,0.0,男,遷出,其他鄉鎮,57
110,1,11,三峽區,,,,無年齡維度,0.0,女,遷出,合計,386
110,1,11,三峽區,,,,無年齡維度,0.0,男,遷出,合計,336
110,1,11,三峽區,,,,無年齡維度,0.0,女,遷出,國外,55
110,1,11,三峽區,,,,無年齡維度,0.0,男,遷出,國外,32
110,1,11,三峽區,,,,無年齡維度,0.0,女,遷出,新北市內,0
110,1,11,三峽區,,,,無年齡維度,0.0,男,遷出,新北市內,0
110,1,11,三峽區,,,,無年齡維度,0.0,女,遷出,桃園市,30
110,1,11,三峽區,,,,無年齡維度,0.0,男,遷出,桃園市,20
110,1,11,三峽區,,,,無年齡維度,0.0,女,遷出,福建省,3
110,1,11,三峽區,,,,無年齡維度,0.0,男,遷出,福建省,1
110,1,11,三峽區,,,,無年齡維度,0.0,女,遷出,臺中市,22
110,1,11,三峽區,,,,無年齡維度,0.0,男,遷出,臺中市,18
110,1,11,三峽區,,,,無年齡維度,0.0,女,遷出,臺北市,114
110,1,11,三峽區,,,,無年齡維度,0.0,男,遷出,臺北市,132
110,1,11,三峽區,,,,無年齡維度,0.0,女,遷出,臺南市,7
110,1,11,三峽區,,,,無年齡維度,0.0,男,遷出,臺南市,12
110,1,11,三峽區,,,,無年齡維度,0.0,女,遷出,臺灣省,70
110,1,11,三峽區,,,,無年齡維度,0.0,男,遷出,臺灣省,57
110,1,11,三峽區,,,,無年齡維度,0.0,女,遷出,高雄市,12
110,1,11,三峽區,,,,無年齡維度,0.0,男,遷出,高雄市,7
110,1,12,淡水區,,,,無年齡維度,0.0,女,遷入,migrants,22
110,1,12,淡水區,,,,無年齡維度,0.0,男,遷入,migrants,22
110,1,12,淡水區,,,,無年齡維度,0.0,女,遷入,other,0
110,1,12,淡水區,,,,無年齡維度,0.0,男,遷入,other,0
110,1,12,淡水區,,,,無年齡維度,0.0,女,遷入,其他縣市,0
110,1,12,淡水區,,,,無年齡維度,0.0,男,遷入,其他縣市,0
110,1,12,淡水區,,,,無年齡維度,0.0,女,遷入,其他鄉鎮,14
110,1,12,淡水區,,,,無年齡維度,0.0,男,遷入,其他鄉鎮,7
110,1,12,淡水區,,,,無年齡維度,0.0,女,遷入,合計,33
110,1,12,淡水區,,,,無年齡維度,0.0,男,遷入,合計,36
110,1,12,淡水區,,,,無年齡維度,0.0,女,遷入,國外,0
110,1,12,淡水區,,,,無年齡維度,0.0,男,遷入,國外,1
110,1,12,淡水區,,,,無年齡維度,0.0,女,遷入,新北市內,0
110,1,12,淡水區,,,,無年齡維度,0.0,男,遷入,新北市內,0
110,1,12,淡水區,,,,無年齡維度,0.0,女,遷入,桃園市,1
110,1,12,淡水區,,,,無年齡維度,0.0,男,遷入,桃園市,2
110,1,12,淡水區,,,,無年齡維度,0.0,女,遷入,福建省,1
110,1,12,淡水區,,,,無年齡維度,0.0,男,遷入,福建省,0
110,1,12,淡水區,,,,無年齡維度,0.0,女,遷入,臺中市,0
110,1,12,淡水區,,,,無年齡維度,0.0,男,遷入,臺中市,1
110,1,12,淡水區,,,,無年齡維度,0.0,女,遷入,臺北市,6
110,1,12,淡水區,,,,無年齡維度,0.0,男,遷入,臺北市,6
110,1,12,淡水區,,,,無年齡維度,0.0,女,遷入,臺南市,0
110,1,12,淡水區,,,,無年齡維度,0.0,男,遷入,臺南市,0
110,1,12,淡水區,,,,無年齡維度,0.0,女,遷入,臺灣省,9
110,1,12,淡水區,,,,無年齡維度,0.0,男,遷入,臺灣省,18
110,1,12,淡水區,,,,無年齡維度,0.0,女,遷入,高雄市,0
110,1,12,淡水區,,,,無年齡維度,0.0,男,遷入,高雄市,1
110,1,12,淡水區,,,,無年齡維度,0.0,女,遷出,migrants,22
110,1,12,淡水區,,,,無年齡維度,0.0,男,遷出,migrants,22
110,1,12,淡水區,,,,無年齡維度,0.0,女,遷出,other,0
110,1,12,淡水區,,,,無年齡維度,0.0,男,遷出,other,0
110,1,12,淡水區,,,,無年齡維度,0.0,女,遷出,其他縣市,0
110,1,12,淡水區,,,,無年齡維度,0.0,男,遷出,其他縣市,0
110,1,12,淡水區,,,,無年齡維度,0.0,女,遷出,其他鄉鎮,11
110,1,12,淡水區,,,,無年齡維度,0.0,男,遷出,其他鄉鎮,11
110,1,12,淡水區,,,,無年齡維度,0.0,女,遷出,合計,60
110,1,12,淡水區,,,,無年齡維度,0.0,男,遷出,合計,64
110,1,12,淡水區,,,,無年齡維度,0.0,女,遷出,國外,3
110,1,12,淡水區,,,,無年齡維度,0.0,男,遷出,國外,5
110,1,12,淡水區,,,,無年齡維度,0.0,女,遷出,新北市內,0
110,1,12,淡水區,,,,無年齡維度,0.0,男,遷出,新北市內,0
110,1,12,淡水區,,,,無年齡維度,0.0,女,遷出,桃園市,2
110,1,12,淡水區,,,,無年齡維度,0.0,男,遷出,桃園市,4
110,1,12,淡水區,,,,無年齡維度,0.0,女,遷出,福建省,1
110,1,12,淡水區,,,,無年齡維度,0.0,男,遷出,福建省,1
110,1,12,淡水區,,,,無年齡維度,0.0,女,遷出,臺中市,4
110,1,12,淡水區,,,,無年齡維度,0.0,男,遷出,臺中市,3
110,1,12,淡水區,,,,無年齡維度,0.0,女,遷出,臺北市,5
110,1,12,淡水區,,,,無年齡維度,0.0,男,遷出,臺北市,6
110,1,12,淡水區,,,,無年齡維度,0.0,女,遷出,臺南市,0
110,1,12,淡水區,,,,無年齡維度,0.0,男,遷出,臺南市,0
110,1,12,淡水區,,,,無年齡維度,0.0,女,遷出,臺灣省,33
110,1,12,淡水區,,,,無年齡維度,0.0,男,遷出,臺灣省,33
110,1,12,淡水區,,,,無年齡維度,0.0,女,遷出,高雄市,1
110,1,12,淡水區,,,,無年齡維度,0.0,男,遷出,高雄市,1
110,1,13,汐止區,,,,無年齡維度,0.0,女,遷入,migrants,288
110,1,13,汐止區,,,,無年齡維度,0.0,男,遷入,migrants,240
110,1,13,汐止區,,,,無年齡維度,0.0,女,遷入,other,0
110,1,13,汐止區,,,,無年齡維度,0.0,男,遷入,other,0
110,1,13,汐止區,,,,無年齡維度,0.0,女,遷入,其他縣市,0
110,1,13,汐止區,,,,無年齡維度,0.0,男,遷入,其他縣市,0
110,1,13,汐止區,,,,無年齡維度,0.0,女,遷入,其他鄉鎮,185
110,1,13,汐止區,,,,無年齡維度,0.0,男,遷入,其他鄉鎮,149
110,1,13,汐止區,,,,無年齡維度,0.0,女,遷入,合計,350
110,1,13,汐止區,,,,無年齡維度,0.0,男,遷入,合計,291
110,1,13,汐止區,,,,無年齡維度,0.0,女,遷入,國外,3
110,1,13,汐止區,,,,無年齡維度,0.0,男,遷入,國外,3
110,1,13,汐止區,,,,無年齡維度,0.0,女,遷入,新北市內,0
110,1,13,汐止區,,,,無年齡維度,0.0,男,遷入,新北市內,0
110,1,13,汐止區,,,,無年齡維度,0.0,女,遷入,桃園市,33
110,1,13,汐止區,,,,無年齡維度,0.0,男,遷入,桃園市,24
110,1,13,汐止區,,,,無年齡維度,0.0,女,遷入,福建省,5
110,1,13,汐止區,,,,無年齡維度,0.0,男,遷入,福建省,3
110,1,13,汐止區,,,,無年齡維度,0.0,女,遷入,臺中市,4
110,1,13,汐止區,,,,無年齡維度,0.0,男,遷入,臺中市,7
110,1,13,汐止區,,,,無年齡維度,0.0,女,遷入,臺北市,68
110,1,13,汐止區,,,,無年齡維度,0.0,男,遷入,臺北市,57
110,1,13,汐止區,,,,無年齡維度,0.0,女,遷入,臺南市,6
110,1,13,汐止區,,,,無年齡維度,0.0,男,遷入,臺南市,2
110,1,13,汐止區,,,,無年齡維度,0.0,女,遷入,臺灣省,36
110,1,13,汐止區,,,,無年齡維度,0.0,男,遷入,臺灣省,34
110,1,13,汐止區,,,,無年齡維度,0.0,女,遷入,高雄市,2
110,1,13,汐止區,,,,無年齡維度,0.0,男,遷入,高雄市,8
110,1,13,汐止區,,,,無年齡維度,0.0,女,遷出,migrants,288
110,1,13,汐止區,,,,無年齡維度,0.0,男,遷出,migrants,240
110,1,13,汐止區,,,,無年齡維度,0.0,女,遷出,other,0
110,1,13,汐止區,,,,無年齡維度,0.0,男,遷出,other,0
110,1,13,汐止區,,,,無年齡維度,0.0,女,遷出,其他縣市,0
110,1,13,汐止區,,,,無年齡維度,0.0,男,遷出,其他縣市,0
110,1,13,汐止區,,,,無年齡維度,0.0,女,遷出,其他鄉鎮,188
110,1,13,汐止區,,,,無年齡維度,0.0,男,遷出,其他鄉鎮,163
110,1,13,汐止區,,,,無年齡維度,0.0,女,遷出,合計,399
110,1,13,汐止區,,,,無年齡維度,0.0,男,遷出,合計,321
110,1,13,汐止區,,,,無年齡維度,0.0,女,遷出,國外,30
110,1,13,汐止區,,,,無年齡維度,0.0,男,遷出,國外,30
110,1,13,汐止區,,,,無年齡維度,0.0,女,遷出,新北市內,0
110,1,13,汐止區,,,,無年齡維度,0.0,男,遷出,新北市內,0
110,1,13,汐止區,,,,無年齡維度,0.0,女,遷出,桃園市,45
110,1,13,汐止區,,,,無年齡維度,0.0,男,遷出,桃園市,36
110,1,13,汐止區,,,,無年齡維度,0.0,女,遷出,福建省,2
110,1,13,汐止區,,,,無年齡維度,0.0,男,遷出,福建省,4
110,1,13,汐止區,,,,無年齡維度,0.0,女,遷出,臺中市,24
110,1,13,汐止區,,,,無年齡維度,0.0,男,遷出,臺中市,20
110,1,13,汐止區,,,,無年齡維度,0.0,女,遷出,臺北市,51
110,1,13,汐止區,,,,無年齡維度,0.0,男,遷出,臺北市,14
110,1,13,汐止區,,,,無年齡維度,0.0,女,遷出,臺南市,9
110,1,13,汐止區,,,,無年齡維度,0.0,男,遷出,臺南市,4
110,1,13,汐止區,,,,無年齡維度,0.0,女,遷出,臺灣省,40
110,1,13,汐止區,,,,無年齡維度,0.0,男,遷出,臺灣省,45
110,1,13,汐止區,,,,無年齡維度,0.0,女,遷出,高雄市,10
110,1,13,汐止區,,,,無年齡維度,0.0,男,遷出,高雄市,5
110,1,14,瑞芳區,,,,無年齡維度,0.0,女,遷入,migrants,212
110,1,14,瑞芳區,,,,無年齡維度,0.0,男,遷入,migrants,209
110,1,14,瑞芳區,,,,無年齡維度,0.0,女,遷入,other,0
110,1,14,瑞芳區,,,,無年齡維度,0.0,男,遷入,other,0
110,1,14,瑞芳區,,,,無年齡維度,0.0,女,遷入,其他縣市,0
110,1,14,瑞芳區,,,,無年齡維度,0.0,男,遷入,其他縣市,0
110,1,14,瑞芳區,,,,無年齡維度,0.0,女,遷入,其他鄉鎮,166
110,1,14,瑞芳區,,,,無年齡維度,0.0,男,遷入,其他鄉鎮,136
110,1,14,瑞芳區,,,,無年齡維度,0.0,女,遷入,合計,367
110,1,14,瑞芳區,,,,無年齡維度,0.0,男,遷入,合計,280
110,1,14,瑞芳區,,,,無年齡維度,0.0,女,遷入,國外,3
110,1,14,瑞芳區,,,,無年齡維度,0.0,男,遷入,國外,3
110,1,14,瑞芳區,,,,無年齡維度,0.0,女,遷入,新北市內,0
110,1,14,瑞芳區,,,,無年齡維度,0.0,男,遷入,新北市內,0
110,1,14,瑞芳區,,,,無年齡維度,0.0,女,遷入,桃園市,15
110,1,14,瑞芳區,,,,無年齡維度,0.0,男,遷入,桃園市,13
110,1,14,瑞芳區,,,,無年齡維度,0.0,女,遷入,福建省,2
110,1,14,瑞芳區,,,,無年齡維度,0.0,男,遷入,福建省,2
110,1,14,瑞芳區,,,,無年齡維度,0.0,女,遷入,臺中市,7
110,1,14,瑞芳區,,,,無年齡維度,0.0,男,遷入,臺中市,3
110,1,14,瑞芳區,,,,無年齡維度,0.0,女,遷入,臺北市,124
110,1,14,瑞芳區,,,,無年齡維度,0.0,男,遷入,臺北市,98
110,1,14,瑞芳區,,,,無年齡維度,0.0,女,遷入,臺南市,5
110,1,14,瑞芳區,,,,無年齡維度,0.0,男,遷入,臺南市,1
110,1,14,瑞芳區,,,,無年齡維度,0.0,女,遷入,臺灣省,37
110,1,14,瑞芳區,,,,無年齡維度,0.0,男,遷入,臺灣省,20
110,1,14,瑞芳區,,,,無年齡維度,0.0,女,遷入,高雄市,4
110,1,14,瑞芳區,,,,無年齡維度,0.0,男,遷入,高雄市,3
110,1,14,瑞芳區,,,,無年齡維度,0.0,女,遷出,migrants,212
110,1,14,瑞芳區,,,,無年齡維度,0.0,男,遷出,migrants,209
110,1,14,瑞芳區,,,,無年齡維度,0.0,女,遷出,other,0
110,1,14,瑞芳區,,,,無年齡維度,0.0,男,遷出,other,0
110,1,14,瑞芳區,,,,無年齡維度,0.0,女,遷出,其他縣市,0
110,1,14,瑞芳區,,,,無年齡維度,0.0,男,遷出,其他縣市,0
110,1,14,瑞芳區,,,,無年齡維度,0.0,女,遷出,其他鄉鎮,128
110,1,14,瑞芳區,,,,無年齡維度,0.0,男,遷出,其他鄉鎮,111
110,1,14,瑞芳區,,,,無年齡維度,0.0,女,遷出,合計,296
110,1,14,瑞芳區,,,,無年齡維度,0.0,男,遷出,合計,271
110,1,14,瑞芳區,,,,無年齡維度,0.0,女,遷出,國外,12
110,1,14,瑞芳區,,,,無年齡維度,0.0,男,遷出,國外,13
110,1,14,瑞芳區,,,,無年齡維度,0.0,女,遷出,新北市內,0
110,1,14,瑞芳區,,,,無年齡維度,0.0,男,遷出,新北市內,0
110,1,14,瑞芳區,,,,無年齡維度,0.0,女,遷出,桃園市,34
110,1,14,瑞芳區,,,,無年齡維度,0.0,男,遷出,桃園市,28
110,1,14,瑞芳區,,,,無年齡維度,0.0,女,遷出,福建省,3
110,1,14,瑞芳區,,,,無年齡維度,0.0,男,遷出,福建省,4
110,1,14,瑞芳區,,,,無年齡維度,0.0,女,遷出,臺中市,11
110,1,14,瑞芳區,,,,無年齡維度,0.0,男,遷出,臺中市,9
110,1,14,瑞芳區,,,,無年齡維度,0.0,女,遷出,臺北市,53
110,1,14,瑞芳區,,,,無年齡維度,0.0,男,遷出,臺北市,50
110,1,14,瑞芳區,,,,無年齡維度,0.0,女,遷出,臺南市,7
110,1,14,瑞芳區,,,,無年齡維度,0.0,男,遷出,臺南市,6
110,1,14,瑞芳區,,,,無年齡維度,0.0,女,遷出,臺灣省,41
110,1,14,瑞芳區,,,,無年齡維度,0.0,男,遷出,臺灣省,45
110,1,14,瑞芳區,,,,無年齡維度,0.0,女,遷出,高雄市,7
110,1,14,瑞芳區,,,,無年齡維度,0.0,男,遷出,高雄市,5
110,1,15,五股區,,,,無年齡維度,0.0,女,遷入,migrants,87
110,1,15,五股區,,,,無年齡維度,0.0,男,遷入,migrants,86
110,1,15,五股區,,,,無年齡維度,0.0,女,遷入,other,0
110,1,15,五股區,,,,無年齡維度,0.0,男,遷入,other,0
110,1,15,五股區,,,,無年齡維度,0.0,女,遷入,其他縣市,0
110,1,15,五股區,,,,無年齡維度,0.0,男,遷入,其他縣市,0
110,1,15,五股區,,,,無年齡維度,0.0,女,遷入,其他鄉鎮,111
110,1,15,五股區,,,,無年齡維度,0.0,男,遷入,其他鄉鎮,100
110,1,15,五股區,,,,無年齡維度,0.0,女,遷入,合計,205
110,1,15,五股區,,,,無年齡維度,0.0,男,遷入,合計,174
110,1,15,五股區,,,,無年齡維度,0.0,女,遷入,國外,3
110,1,15,五股區,,,,無年齡維度,0.0,男,遷入,國外,2
110,1,15,五股區,,,,無年齡維度,0.0,女,遷入,新北市內,0
110,1,15,五股區,,,,無年齡維度,0.0,男,遷入,新北市內,0
110,1,15,五股區,,,,無年齡維度,0.0,女,遷入,桃園市,15
110,1,15,五股區,,,,無年齡維度,0.0,男,遷入,桃園市,11
110,1,15,五股區,,,,無年齡維度,0.0,女,遷入,福建省,0
110,1,15,五股區,,,,無年齡維度,0.0,男,遷入,福建省,0
110,1,15,五股區,,,,無年齡維度,0.0,女,遷入,臺中市,3
110,1,15,五股區,,,,無年齡維度,0.0,男,遷入,臺中市,3
110,1,15,五股區,,,,無年齡維度,0.0,女,遷入,臺北市,46
110,1,15,五股區,,,,無年齡維度,0.0,男,遷入,臺北市,34
110,1,15,五股區,,,,無年齡維度,0.0,女,遷入,臺南市,4
110,1,15,五股區,,,,無年齡維度,0.0,男,遷入,臺南市,3
110,1,15,五股區,,,,無年齡維度,0.0,女,遷入,臺灣省,14
110,1,15,五股區,,,,無年齡維度,0.0,男,遷入,臺灣省,15
110,1,15,五股區,,,,無年齡維度,0.0,女,遷入,高雄市,5
110,1,15,五股區,,,,無年齡維度,0.0,男,遷入,高雄市,4
110,1,15,五股區,,,,無年齡維度,0.0,女,遷出,migrants,87
110,1,15,五股區,,,,無年齡維度,0.0,男,遷出,migrants,86
110,1,15,五股區,,,,無年齡維度,0.0,女,遷出,other,0
110,1,15,五股區,,,,無年齡維度,0.0,男,遷出,other,0
110,1,15,五股區,,,,無年齡維度,0.0,女,遷出,其他縣市,0
110,1,15,五股區,,,,無年齡維度,0.0,男,遷出,其他縣市,0
110,1,15,五股區,,,,無年齡維度,0.0,女,遷出,其他鄉鎮,106
110,1,15,五股區,,,,無年齡維度,0.0,男,遷出,其他鄉鎮,81
110,1,15,五股區,,,,無年齡維度,0.0,女,遷出,合計,171
110,1,15,五股區,,,,無年齡維度,0.0,男,遷出,合計,140
110,1,15,五股區,,,,無年齡維度,0.0,女,遷出,國外,13
110,1,15,五股區,,,,無年齡維度,0.0,男,遷出,國外,6
110,1,15,五股區,,,,無年齡維度,0.0,女,遷出,新北市內,0
110,1,15,五股區,,,,無年齡維度,0.0,男,遷出,新北市內,0
110,1,15,五股區,,,,無年齡維度,0.0,女,遷出,桃園市,8
110,1,15,五股區,,,,無年齡維度,0.0,男,遷出,桃園市,17
110,1,15,五股區,,,,無年齡維度,0.0,女,遷出,福建省,0
110,1,15,五股區,,,,無年齡維度,0.0,男,遷出,福建省,0
110,1,15,五股區,,,,無年齡維度,0.0,女,遷出,臺中市,10
110,1,15,五股區,,,,無年齡維度,0.0,男,遷出,臺中市,2
110,1,15,五股區,,,,無年齡維度,0.0,女,遷出,臺北市,17
110,1,15,五股區,,,,無年齡維度,0.0,男,遷出,臺北市,18
110,1,15,五股區,,,,無年齡維度,0.0,女,遷出,臺南市,0
110,1,15,五股區,,,,無年齡維度,0.0,男,遷出,臺南市,0
110,1,15,五股區,,,,無年齡維度,0.0,女,遷出,臺灣省,12
110,1,15,五股區,,,,無年齡維度,0.0,男,遷出,臺灣省,13
110,1,15,五股區,,,,無年齡維度,0.0,女,遷出,高雄市,5
110,1,15,五股區,,,,無年齡維度,0.0,男,遷出,高雄市,3
110,1,16,泰山區,,,,無年齡維度,0.0,女,遷入,migrants,70
110,1,16,泰山區,,,,無年齡維度,0.0,男,遷入,migrants,58
110,1,16,泰山區,,,,無年齡維度,0.0,女,遷入,other,0
110,1,16,泰山區,,,,無年齡維度,0.0,男,遷入,other,0
110,1,16,泰山區,,,,無年齡維度,0.0,女,遷入,其他縣市,0
110,1,16,泰山區,,,,無年齡維度,0.0,男,遷入,其他縣市,0
110,1,16,泰山區,,,,無年齡維度,0.0,女,遷入,其他鄉鎮,68
110,1,16,泰山區,,,,無年齡維度,0.0,男,遷入,其他鄉鎮,85
110,1,16,泰山區,,,,無年齡維度,0.0,女,遷入,合計,141
110,1,16,泰山區,,,,無年齡維度,0.0,男,遷入,合計,139
110,1,16,泰山區,,,,無年齡維度,0.0,女,遷入,國外,0
110,1,16,泰山區,,,,無年齡維度,0.0,男,遷入,國外,0
110,1,16,泰山區,,,,無年齡維度,0.0,女,遷入,新北市內,0
110,1,16,泰山區,,,,無年齡維度,0.0,男,遷入,新北市內,0
110,1,16,泰山區,,,,無年齡維度,0.0,女,遷入,桃園市,9
110,1,16,泰山區,,,,無年齡維度,0.0,男,遷入,桃園市,9
110,1,16,泰山區,,,,無年齡維度,0.0,女,遷入,福建省,1
110,1,16,泰山區,,,,無年齡維度,0.0,男,遷入,福建省,0
110,1,16,泰山區,,,,無年齡維度,0.0,女,遷入,臺中市,4
110,1,16,泰山區,,,,無年齡維度,0.0,男,遷入,臺中市,1
110,1,16,泰山區,,,,無年齡維度,0.0,女,遷入,臺北市,36
110,1,16,泰山區,,,,無年齡維度,0.0,男,遷入,臺北市,31
110,1,16,泰山區,,,,無年齡維度,0.0,女,遷入,臺南市,1
110,1,16,泰山區,,,,無年齡維度,0.0,男,遷入,臺南市,1
110,1,16,泰山區,,,,無年齡維度,0.0,女,遷入,臺灣省,16
110,1,16,泰山區,,,,無年齡維度,0.0,男,遷入,臺灣省,10
110,1,16,泰山區,,,,無年齡維度,0.0,女,遷入,高雄市,5
110,1,16,泰山區,,,,無年齡維度,0.0,男,遷入,高雄市,1
110,1,16,泰山區,,,,無年齡維度,0.0,女,遷出,migrants,70
110,1,16,泰山區,,,,無年齡維度,0.0,男,遷出,migrants,58
110,1,16,泰山區,,,,無年齡維度,0.0,女,遷出,other,0
110,1,16,泰山區,,,,無年齡維度,0.0,男,遷出,other,0
110,1,16,泰山區,,,,無年齡維度,0.0,女,遷出,其他縣市,0
110,1,16,泰山區,,,,無年齡維度,0.0,男,遷出,其他縣市,0
110,1,16,泰山區,,,,無年齡維度,0.0,女,遷出,其他鄉鎮,98
110,1,16,泰山區,,,,無年齡維度,0.0,男,遷出,其他鄉鎮,71
110,1,16,泰山區,,,,無年齡維度,0.0,女,遷出,合計,160
110,1,16,泰山區,,,,無年齡維度,0.0,男,遷出,合計,127
110,1,16,泰山區,,,,無年齡維度,0.0,女,遷出,國外,8
110,1,16,泰山區,,,,無年齡維度,0.0,男,遷出,國外,7
110,1,16,泰山區,,,,無年齡維度,0.0,女,遷出,新北市內,0
110,1,16,泰山區,,,,無年齡維度,0.0,男,遷出,新北市內,0
110,1,16,泰山區,,,,無年齡維度,0.0,女,遷出,桃園市,17
110,1,16,泰山區,,,,無年齡維度,0.0,男,遷出,桃園市,18
110,1,16,泰山區,,,,無年齡維度,0.0,女,遷出,福建省,1
110,1,16,泰山區,,,,無年齡維度,0.0,男,遷出,福建省,1
110,1,16,泰山區,,,,無年齡維度,0.0,女,遷出,臺中市,5
110,1,16,泰山區,,,,無年齡維度,0.0,男,遷出,臺中市,1
110,1,16,泰山區,,,,無年齡維度,0.0,女,遷出,臺北市,10
110,1,16,泰山區,,,,無年齡維度,0.0,男,遷出,臺北市,11
110,1,16,泰山區,,,,無年齡維度,0.0,女,遷出,臺南市,0
110,1,16,泰山區,,,,無年齡維度,0.0,男,遷出,臺南市,1
110,1,16,泰山區,,,,無年齡維度,0.0,女,遷出,臺灣省,19
110,1,16,泰山區,,,,無年齡維度,0.0,男,遷出,臺灣省,14
110,1,16,泰山區,,,,無年齡維度,0.0,女,遷出,高雄市,1
110,1,16,泰山區,,,,無年齡維度,0.0,男,遷出,高雄市,3
110,1,17,林口區,,,,無年齡維度,0.0,女,遷入,migrants,269
110,1,17,林口區,,,,無年齡維度,0.0,男,遷入,migrants,216
110,1,17,林口區,,,,無年齡維度,0.0,女,遷入,other,0
110,1,17,林口區,,,,無年齡維度,0.0,男,遷入,other,0
110,1,17,林口區,,,,無年齡維度,0.0,女,遷入,其他縣市,0
110,1,17,林口區,,,,無年齡維度,0.0,男,遷入,其他縣市,0
110,1,17,林口區,,,,無年齡維度,0.0,女,遷入,其他鄉鎮,113
110,1,17,林口區,,,,無年齡維度,0.0,男,遷入,其他鄉鎮,85
110,1,17,林口區,,,,無年齡維度,0.0,女,遷入,合計,344
110,1,17,林口區,,,,無年齡維度,0.0,男,遷入,合計,289
110,1,17,林口區,,,,無年齡維度,0.0,女,遷入,國外,5
110,1,17,林口區,,,,無年齡維度,0.0,男,遷入,國外,10
110,1,17,林口區,,,,無年齡維度,0.0,女,遷入,新北市內,0
110,1,17,林口區,,,,無年齡維度,0.0,男,遷入,新北市內,0
110,1,17,林口區,,,,無年齡維度,0.0,女,遷入,桃園市,67
110,1,17,林口區,,,,無年齡維度,0.0,男,遷入,桃園市,63
110,1,17,林口區,,,,無年齡維度,0.0,女,遷入,福建省,2
110,1,17,林口區,,,,無年齡維度,0.0,男,遷入,福建省,4
110,1,17,林口區,,,,無年齡維度,0.0,女,遷入,臺中市,3
110,1,17,林口區,,,,無年齡維度,0.0,男,遷入,臺中市,7
110,1,17,林口區,,,,無年齡維度,0.0,女,遷入,臺北市,103
110,1,17,林口區,,,,無年齡維度,0.0,男,遷入,臺北市,72
110,1,17,林口區,,,,無年齡維度,0.0,女,遷入,臺南市,11
110,1,17,林口區,,,,無年齡維度,0.0,男,遷入,臺南市,5
110,1,17,林口區,,,,無年齡維度,0.0,女,遷入,臺灣省,22
110,1,17,林口區,,,,無年齡維度,0.0,男,遷入,臺灣省,27
110,1,17,林口區,,,,無年齡維度,0.0,女,遷入,高雄市,12
110,1,17,林口區,,,,無年齡維度,0.0,男,遷入,高雄市,8
110,1,17,林口區,,,,無年齡維度,0.0,女,遷出,migrants,269
110,1,17,林口區,,,,無年齡維度,0.0,男,遷出,migrants,216
110,1,17,林口區,,,,無年齡維度,0.0,女,遷出,other,0
110,1,17,林口區,,,,無年齡維度,0.0,男,遷出,other,0
110,1,17,林口區,,,,無年齡維度,0.0,女,遷出,其他縣市,0
110,1,17,林口區,,,,無年齡維度,0.0,男,遷出,其他縣市,0
110,1,17,林口區,,,,無年齡維度,0.0,女,遷出,其他鄉鎮,57
110,1,17,林口區,,,,無年齡維度,0.0,男,遷出,其他鄉鎮,42
110,1,17,林口區,,,,無年齡維度,0.0,女,遷出,合計,223
110,1,17,林口區,,,,無年齡維度,0.0,男,遷出,合計,180
110,1,17,林口區,,,,無年齡維度,0.0,女,遷出,國外,49
110,1,17,林口區,,,,無年齡維度,0.0,男,遷出,國外,40
110,1,17,林口區,,,,無年齡維度,0.0,女,遷出,新北市內,0
110,1,17,林口區,,,,無年齡維度,0.0,男,遷出,新北市內,0
110,1,17,林口區,,,,無年齡維度,0.0,女,遷出,桃園市,51
110,1,17,林口區,,,,無年齡維度,0.0,男,遷出,桃園市,39
110,1,17,林口區,,,,無年齡維度,0.0,女,遷出,福建省,1
110,1,17,林口區,,,,無年齡維度,0.0,男,遷出,福建省,0
110,1,17,林口區,,,,無年齡維度,0.0,女,遷出,臺中市,8
110,1,17,林口區,,,,無年齡維度,0.0,男,遷出,臺中市,4
110,1,17,林口區,,,,無年齡維度,0.0,女,遷出,臺北市,22
110,1,17,林口區,,,,無年齡維度,0.0,男,遷出,臺北市,14
110,1,17,林口區,,,,無年齡維度,0.0,女,遷出,臺南市,5
110,1,17,林口區,,,,無年齡維度,0.0,男,遷出,臺南市,15
110,1,17,林口區,,,,無年齡維度,0.0,女,遷出,臺灣省,29
110,1,17,林口區,,,,無年齡維度,0.0,男,遷出,臺灣省,22
110,1,17,林口區,,,,無年齡維度,0.0,女,遷出,高雄市,1
110,1,17,林口區,,,,無年齡維度,0.0,男,遷出,高雄市,4
110,1,18,八里區,,,,無年齡維度,0.0,女,遷入,migrants,18
110,1,18,八里區,,,,無年齡維度,0.0,男,遷入,migrants,26
110,1,18,八里區,,,,無年齡維度,0.0,女,遷入,other,0
110,1,18,八里區,,,,無年齡維度,0.0,男,遷入,other,0
110,1,18,八里區,,,,無年齡維度,0.0,女,遷入,其他縣市,0
110,1,18,八里區,,,,無年齡維度,0.0,男,遷入,其他縣市,0
110,1,18,八里區,,,,無年齡維度,0.0,女,遷入,其他鄉鎮,11
110,1,18,八里區,,,,無年齡維度,0.0,男,遷入,其他鄉鎮,14
110,1,18,八里區,,,,無年齡維度,0.0,女,遷入,合計,44
110,1,18,八里區,,,,無年齡維度,0.0,男,遷入,合計,52
110,1,18,八里區,,,,無年齡維度,0.0,女,遷入,國外,1
110,1,18,八里區,,,,無年齡維度,0.0,男,遷入,國外,1
110,1,18,八里區,,,,無年齡維度,0.0,女,遷入,新北市內,0
110,1,18,八里區,,,,無年齡維度,0.0,男,遷入,新北市內,0
110,1,18,八里區,,,,無年齡維度,0.0,女,遷入,桃園市,3
110,1,18,八里區,,,,無年齡維度,0.0,男,遷入,桃園市,0
110,1,18,八里區,,,,無年齡維度,0.0,女,遷入,福建省,0
110,1,18,八里區,,,,無年齡維度,0.0,男,遷入,福建省,0
110,1,18,八里區,,,,無年齡維度,0.0,女,遷入,臺中市,3
110,1,18,八里區,,,,無年齡維度,0.0,男,遷入,臺中市,5
110,1,18,八里區,,,,無年齡維度,0.0,女,遷入,臺北市,22
110,1,18,八里區,,,,無年齡維度,0.0,男,遷入,臺北市,26
110,1,18,八里區,,,,無年齡維度,0.0,女,遷入,臺南市,1
110,1,18,八里區,,,,無年齡維度,0.0,男,遷入,臺南市,1
110,1,18,八里區,,,,無年齡維度,0.0,女,遷入,臺灣省,2
110,1,18,八里區,,,,無年齡維度,0.0,男,遷入,臺灣省,5
110,1,18,八里區,,,,無年齡維度,0.0,女,遷入,高雄市,1
110,1,18,八里區,,,,無年齡維度,0.0,男,遷入,高雄市,0
110,1,18,八里區,,,,無年齡維度,0.0,女,遷出,migrants,18
110,1,18,八里區,,,,無年齡維度,0.0,男,遷出,migrants,26
110,1,18,八里區,,,,無年齡維度,0.0,女,遷出,other,0
110,1,18,八里區,,,,無年齡維度,0.0,男,遷出,other,0
110,1,18,八里區,,,,無年齡維度,0.0,女,遷出,其他縣市,0
110,1,18,八里區,,,,無年齡維度,0.0,男,遷出,其他縣市,0
110,1,18,八里區,,,,無年齡維度,0.0,女,遷出,其他鄉鎮,10
110,1,18,八里區,,,,無年齡維度,0.0,男,遷出,其他鄉鎮,9
110,1,18,八里區,,,,無年齡維度,0.0,女,遷出,合計,41
110,1,18,八里區,,,,無年齡維度,0.0,男,遷出,合計,30
110,1,18,八里區,,,,無年齡維度,0.0,女,遷出,國外,8
110,1,18,八里區,,,,無年齡維度,0.0,男,遷出,國外,10
110,1,18,八里區,,,,無年齡維度,0.0,女,遷出,新北市內,0
110,1,18,八里區,,,,無年齡維度,0.0,男,遷出,新北市內,0
110,1,18,八里區,,,,無年齡維度,0.0,女,遷出,桃園市,2
110,1,18,八里區,,,,無年齡維度,0.0,男,遷出,桃園市,1
110,1,18,八里區,,,,無年齡維度,0.0,女,遷出,福建省,2
110,1,18,八里區,,,,無年齡維度,0.0,男,遷出,福建省,0
110,1,18,八里區,,,,無年齡維度,0.0,女,遷出,臺中市,0
110,1,18,八里區,,,,無年齡維度,0.0,男,遷出,臺中市,0
110,1,18,八里區,,,,無年齡維度,0.0,女,遷出,臺北市,13
110,1,18,八里區,,,,無年齡維度,0.0,男,遷出,臺北市,5
110,1,18,八里區,,,,無年齡維度,0.0,女,遷出,臺南市,0
110,1,18,八里區,,,,無年齡維度,0.0,男,遷出,臺南市,1
110,1,18,八里區,,,,無年齡維度,0.0,女,遷出,臺灣省,5
110,1,18,八里區,,,,無年齡維度,0.0,男,遷出,臺灣省,4
110,1,18,八里區,,,,無年齡維度,0.0,女,遷出,高雄市,1
110,1,18,八里區,,,,無年齡維度,0.0,男,遷出,高雄市,0
110,1,19,深坑區,,,,無年齡維度,0.0,女,遷入,migrants,2
110,1,19,深坑區,,,,無年齡維度,0.0,男,遷入,migrants,2
110,1,19,深坑區,,,,無年齡維度,0.0,女,遷入,other,0
110,1,19,深坑區,,,,無年齡維度,0.0,男,遷入,other,0
110,1,19,深坑區,,,,無年齡維度,0.0,女,遷入,其他縣市,0
110,1,19,深坑區,,,,無年齡維度,0.0,男,遷入,其他縣市,0
110,1,19,深坑區,,,,無年齡維度,0.0,女,遷入,其他鄉鎮,7
110,1,19,深坑區,,,,無年齡維度,0.0,男,遷入,其他鄉鎮,4
110,1,19,深坑區,,,,無年齡維度,0.0,女,遷入,合計,12
110,1,19,深坑區,,,,無年齡維度,0.0,男,遷入,合計,10
110,1,19,深坑區,,,,無年齡維度,0.0,女,遷入,國外,0
110,1,19,深坑區,,,,無年齡維度,0.0,男,遷入,國外,1
110,1,19,深坑區,,,,無年齡維度,0.0,女,遷入,新北市內,0
110,1,19,深坑區,,,,無年齡維度,0.0,男,遷入,新北市內,0
110,1,19,深坑區,,,,無年齡維度,0.0,女,遷入,桃園市,0
110,1,19,深坑區,,,,無年齡維度,0.0,男,遷入,桃園市,0
110,1,19,深坑區,,,,無年齡維度,0.0,女,遷入,福建省,0
110,1,19,深坑區,,,,無年齡維度,0.0,男,遷入,福建省,1
110,1,19,深坑區,,,,無年齡維度,0.0,女,遷入,臺中市,0
110,1,19,深坑區,,,,無年齡維度,0.0,男,遷入,臺中市,0
110,1,19,深坑區,,,,無年齡維度,0.0,女,遷入,臺北市,2
110,1,19,深坑區,,,,無年齡維度,0.0,男,遷入,臺北市,3
110,1,19,深坑區,,,,無年齡維度,0.0,女,遷入,臺南市,0
110,1,19,深坑區,,,,無年齡維度,0.0,男,遷入,臺南市,0
110,1,19,深坑區,,,,無年齡維度,0.0,女,遷入,臺灣省,2
110,1,19,深坑區,,,,無年齡維度,0.0,男,遷入,臺灣省,0
110,1,19,深坑區,,,,無年齡維度,0.0,女,遷入,高雄市,0
110,1,19,深坑區,,,,無年齡維度,0.0,男,遷入,高雄市,1
110,1,19,深坑區,,,,無年齡維度,0.0,女,遷出,migrants,2
110,1,19,深坑區,,,,無年齡維度,0.0,男,遷出,migrants,2
110,1,19,深坑區,,,,無年齡維度,0.0,女,遷出,other,0
110,1,19,深坑區,,,,無年齡維度,0.0,男,遷出,other,0
110,1,19,深坑區,,,,無年齡維度,0.0,女,遷出,其他縣市,0
110,1,19,深坑區,,,,無年齡維度,0.0,男,遷出,其他縣市,0
110,1,19,深坑區,,,,無年齡維度,0.0,女,遷出,其他鄉鎮,4
110,1,19,深坑區,,,,無年齡維度,0.0,男,遷出,其他鄉鎮,3
110,1,19,深坑區,,,,無年齡維度,0.0,女,遷出,合計,10
110,1,19,深坑區,,,,無年齡維度,0.0,男,遷出,合計,4
110,1,19,深坑區,,,,無年齡維度,0.0,女,遷出,國外,0
110,1,19,深坑區,,,,無年齡維度,0.0,男,遷出,國外,0
110,1,19,深坑區,,,,無年齡維度,0.0,女,遷出,新北市內,0
110,1,19,深坑區,,,,無年齡維度,0.0,男,遷出,新北市內,0
110,1,19,深坑區,,,,無年齡維度,0.0,女,遷出,桃園市,2
110,1,19,深坑區,,,,無年齡維度,0.0,男,遷出,桃園市,0
110,1,19,深坑區,,,,無年齡維度,0.0,女,遷出,福建省,0
110,1,19,深坑區,,,,無年齡維度,0.0,男,遷出,福建省,0
110,1,19,深坑區,,,,無年齡維度,0.0,女,遷出,臺中市,1
110,1,19,深坑區,,,,無年齡維度,0.0,男,遷出,臺中市,0
110,1,19,深坑區,,,,無年齡維度,0.0,女,遷出,臺北市,2
110,1,19,深坑區,,,,無年齡維度,0.0,男,遷出,臺北市,1
110,1,19,深坑區,,,,無年齡維度,0.0,女,遷出,臺南市,0
110,1,19,深坑區,,,,無年齡維度,0.0,男,遷出,臺南市,0
110,1,19,深坑區,,,,無年齡維度,0.0,女,遷出,臺灣省,1
110,1,19,深坑區,,,,無年齡維度,0.0,男,遷出,臺灣省,0
110,1,19,深坑區,,,,無年齡維度,0.0,女,遷出,高雄市,0
110,1,19,深坑區,,,,無年齡維度,0.0,男,遷出,高雄市,0
110,1,20,石碇區,,,,無年齡維度,0.0,女,遷入,migrants,3
110,1,20,石碇區,,,,無年齡維度,0.0,男,遷入,migrants,5
110,1,20,石碇區,,,,無年齡維度,0.0,女,遷入,other,0
110,1,20,石碇區,,,,無年齡維度,0.0,男,遷入,other,0
110,1,20,石碇區,,,,無年齡維度,0.0,女,遷入,其他縣市,0
110,1,20,石碇區,,,,無年齡維度,0.0,男,遷入,其他縣市,0
110,1,20,石碇區,,,,無年齡維度,0.0,女,遷入,其他鄉鎮,4
110,1,20,石碇區,,,,無年齡維度,0.0,男,遷入,其他鄉鎮,4
110,1,20,石碇區,,,,無年齡維度,0.0,女,遷入,合計,8
110,1,20,石碇區,,,,無年齡維度,0.0,男,遷入,合計,9
110,1,20,石碇區,,,,無年齡維度,0.0,女,遷入,國外,0
110,1,20,石碇區,,,,無年齡維度,0.0,男,遷入,國外,0
110,1,20,石碇區,,,,無年齡維度,0.0,女,遷入,新北市內,0
110,1,20,石碇區,,,,無年齡維度,0.0,男,遷入,新北市內,0
110,1,20,石碇區,,,,無年齡維度,0.0,女,遷入,桃園市,1
110,1,20,石碇區,,,,無年齡維度,0.0,男,遷入,桃園市,0
110,1,20,石碇區,,,,無年齡維度,0.0,女,遷入,福建省,0
110,1,20,石碇區,,,,無年齡維度,0.0,男,遷入,福建省,0
110,1,20,石碇區,,,,無年齡維度,0.0,女,遷入,臺中市,0
110,1,20,石碇區,,,,無年齡維度,0.0,男,遷入,臺中市,0
110,1,20,石碇區,,,,無年齡維度,0.0,女,遷入,臺北市,2
110,1,20,石碇區,,,,無年齡維度,0.0,男,遷入,臺北市,2
110,1,20,石碇區,,,,無年齡維度,0.0,女,遷入,臺南市,0
110,1,20,石碇區,,,,無年齡維度,0.0,男,遷入,臺南市,0
110,1,20,石碇區,,,,無年齡維度,0.0,女,遷入,臺灣省,1
110,1,20,石碇區,,,,無年齡維度,0.0,男,遷入,臺灣省,2
110,1,20,石碇區,,,,無年齡維度,0.0,女,遷入,高雄市,0
110,1,20,石碇區,,,,無年齡維度,0.0,男,遷入,高雄市,0
110,1,20,石碇區,,,,無年齡維度,0.0,女,遷出,migrants,3
110,1,20,石碇區,,,,無年齡維度,0.0,男,遷出,migrants,5
110,1,20,石碇區,,,,無年齡維度,0.0,女,遷出,other,0
110,1,20,石碇區,,,,無年齡維度,0.0,男,遷出,other,0
110,1,20,石碇區,,,,無年齡維度,0.0,女,遷出,其他縣市,0
110,1,20,石碇區,,,,無年齡維度,0.0,男,遷出,其他縣市,0
110,1,20,石碇區,,,,無年齡維度,0.0,女,遷出,其他鄉鎮,3
110,1,20,石碇區,,,,無年齡維度,0.0,男,遷出,其他鄉鎮,5
110,1,20,石碇區,,,,無年齡維度,0.0,女,遷出,合計,6
110,1,20,石碇區,,,,無年齡維度,0.0,男,遷出,合計,11
110,1,20,石碇區,,,,無年齡維度,0.0,女,遷出,國外,0
110,1,20,石碇區,,,,無年齡維度,0.0,男,遷出,國外,0
110,1,20,石碇區,,,,無年齡維度,0.0,女,遷出,新北市內,0
110,1,20,石碇區,,,,無年齡維度,0.0,男,遷出,新北市內,0
110,1,20,石碇區,,,,無年齡維度,0.0,女,遷出,桃園市,0
110,1,20,石碇區,,,,無年齡維度,0.0,男,遷出,桃園市,1
110,1,20,石碇區,,,,無年齡維度,0.0,女,遷出,福建省,0
110,1,20,石碇區,,,,無年齡維度,0.0,男,遷出,福建省,0
110,1,20,石碇區,,,,無年齡維度,0.0,女,遷出,臺中市,0
110,1,20,石碇區,,,,無年齡維度,0.0,男,遷出,臺中市,0
110,1,20,石碇區,,,,無年齡維度,0.0,女,遷出,臺北市,3
110,1,20,石碇區,,,,無年齡維度,0.0,男,遷出,臺北市,5
110,1,20,石碇區,,,,無年齡維度,0.0,女,遷出,臺南市,0
110,1,20,石碇區,,,,無年齡維度,0.0,男,遷出,臺南市,0
110,1,20,石碇區,,,,無年齡維度,0.0,女,遷出,臺灣省,0
110,1,20,石碇區,,,,無年齡維度,0.0,男,遷出,臺灣省,0
110,1,20,石碇區,,,,無年齡維度,0.0,女,遷出,高雄市,0
110,1,20,石碇區,,,,無年齡維度,0.0,男,遷出,高雄市,0
110,1,21,坪林區,,,,無年齡維度,0.0,女,遷入,migrants,9
110,1,21,坪林區,,,,無年齡維度,0.0,男,遷入,migrants,12
110,1,21,坪林區,,,,無年齡維度,0.0,女,遷入,other,0
110,1,21,坪林區,,,,無年齡維度,0.0,男,遷入,other,0
110,1,21,坪林區,,,,無年齡維度,0.0,女,遷入,其他縣市,0
110,1,21,坪林區,,,,無年齡維度,0.0,男,遷入,其他縣市,0
110,1,21,坪林區,,,,無年齡維度,0.0,女,遷入,其他鄉鎮,14
110,1,21,坪林區,,,,無年齡維度,0.0,男,遷入,其他鄉鎮,13
110,1,21,坪林區,,,,無年齡維度,0.0,女,遷入,合計,29
110,1,21,坪林區,,,,無年齡維度,0.0,男,遷入,合計,34
110,1,21,坪林區,,,,無年齡維度,0.0,女,遷入,國外,0
110,1,21,坪林區,,,,無年齡維度,0.0,男,遷入,國外,0
110,1,21,坪林區,,,,無年齡維度,0.0,女,遷入,新北市內,0
110,1,21,坪林區,,,,無年齡維度,0.0,男,遷入,新北市內,0
110,1,21,坪林區,,,,無年齡維度,0.0,女,遷入,桃園市,0
110,1,21,坪林區,,,,無年齡維度,0.0,男,遷入,桃園市,1
110,1,21,坪林區,,,,無年齡維度,0.0,女,遷入,福建省,0
110,1,21,坪林區,,,,無年齡維度,0.0,男,遷入,福建省,0
110,1,21,坪林區,,,,無年齡維度,0.0,女,遷入,臺中市,0
110,1,21,坪林區,,,,無年齡維度,0.0,男,遷入,臺中市,0
110,1,21,坪林區,,,,無年齡維度,0.0,女,遷入,臺北市,6
110,1,21,坪林區,,,,無年齡維度,0.0,男,遷入,臺北市,11
110,1,21,坪林區,,,,無年齡維度,0.0,女,遷入,臺南市,1
110,1,21,坪林區,,,,無年齡維度,0.0,男,遷入,臺南市,0
110,1,21,坪林區,,,,無年齡維度,0.0,女,遷入,臺灣省,3
110,1,21,坪林區,,,,無年齡維度,0.0,男,遷入,臺灣省,7
110,1,21,坪林區,,,,無年齡維度,0.0,女,遷入,高雄市,3
110,1,21,坪林區,,,,無年齡維度,0.0,男,遷入,高雄市,1
110,1,21,坪林區,,,,無年齡維度,0.0,女,遷出,migrants,9
110,1,21,坪林區,,,,無年齡維度,0.0,男,遷出,migrants,12
110,1,21,坪林區,,,,無年齡維度,0.0,女,遷出,other,0
110,1,21,坪林區,,,,無年齡維度,0.0,男,遷出,other,0
110,1,21,坪林區,,,,無年齡維度,0.0,女,遷出,其他縣市,0
110,1,21,坪林區,,,,無年齡維度,0.0,男,遷出,其他縣市,0
110,1,21,坪林區,,,,無年齡維度,0.0,女,遷出,其他鄉鎮,13
110,1,21,坪林區,,,,無年齡維度,0.0,男,遷出,其他鄉鎮,18
110,1,21,坪林區,,,,無年齡維度,0.0,女,遷出,合計,36
110,1,21,坪林區,,,,無年齡維度,0.0,男,遷出,合計,24
110,1,21,坪林區,,,,無年齡維度,0.0,女,遷出,國外,8
110,1,21,坪林區,,,,無年齡維度,0.0,男,遷出,國外,1
110,1,21,坪林區,,,,無年齡維度,0.0,女,遷出,新北市內,0
110,1,21,坪林區,,,,無年齡維度,0.0,男,遷出,新北市內,0
110,1,21,坪林區,,,,無年齡維度,0.0,女,遷出,桃園市,2
110,1,21,坪林區,,,,無年齡維度,0.0,男,遷出,桃園市,0
110,1,21,坪林區,,,,無年齡維度,0.0,女,遷出,福建省,0
110,1,21,坪林區,,,,無年齡維度,0.0,男,遷出,福建省,0
110,1,21,坪林區,,,,無年齡維度,0.0,女,遷出,臺中市,0
110,1,21,坪林區,,,,無年齡維度,0.0,男,遷出,臺中市,0
110,1,21,坪林區,,,,無年齡維度,0.0,女,遷出,臺北市,9
110,1,21,坪林區,,,,無年齡維度,0.0,男,遷出,臺北市,3
110,1,21,坪林區,,,,無年齡維度,0.0,女,遷出,臺南市,1
110,1,21,坪林區,,,,無年齡維度,0.0,男,遷出,臺南市,0
110,1,21,坪林區,,,,無年齡維度,0.0,女,遷出,臺灣省,3
110,1,21,坪林區,,,,無年齡維度,0.0,男,遷出,臺灣省,2
110,1,21,坪林區,,,,無年齡維度,0.0,女,遷出,高雄市,0
110,1,21,坪林區,,,,無年齡維度,0.0,男,遷出,高雄市,0
110,1,22,三芝區,,,,無年齡維度,0.0,女,遷入,migrants,7
110,1,22,三芝區,,,,無年齡維度,0.0,男,遷入,migrants,9
110,1,22,三芝區,,,,無年齡維度,0.0,女,遷入,other,0
110,1,22,三芝區,,,,無年齡維度,0.0,男,遷入,other,0
110,1,22,三芝區,,,,無年齡維度,0.0,女,遷入,其他縣市,0
110,1,22,三芝區,,,,無年齡維度,0.0,男,遷入,其他縣市,0
110,1,22,三芝區,,,,無年齡維度,0.0,女,遷入,其他鄉鎮,5
110,1,22,三芝區,,,,無年齡維度,0.0,男,遷入,其他鄉鎮,6
110,1,22,三芝區,,,,無年齡維度,0.0,女,遷入,合計,6
110,1,22,三芝區,,,,無年齡維度,0.0,男,遷入,合計,6
110,1,22,三芝區,,,,無年齡維度,0.0,女,遷入,國外,0
110,1,22,三芝區,,,,無年齡維度,0.0,男,遷入,國外,0
110,1,22,三芝區,,,,無年齡維度,0.0,女,遷入,新北市內,0
110,1,22,三芝區,,,,無年齡維度,0.0,男,遷入,新北市內,0
110,1,22,三芝區,,,,無年齡維度,0.0,女,遷入,桃園市,0
110,1,22,三芝區,,,,無年齡維度,0.0,男,遷入,桃園市,0
110,1,22,三芝區,,,,無年齡維度,0.0,女,遷入,福建省,0
110,1,22,三芝區,,,,無年齡維度,0.0,男,遷入,福建省,0
110,1,22,三芝區,,,,無年齡維度,0.0,女,遷入,臺中市,0
110,1,22,三芝區,,,,無年齡維度,0.0,男,遷入,臺中市,0
110,1,22,三芝區,,,,無年齡維度,0.0,女,遷入,臺北市,1
110,1,22,三芝區,,,,無年齡維度,0.0,男,遷入,臺北市,0
110,1,22,三芝區,,,,無年齡維度,0.0,女,遷入,臺南市,0
110,1,22,三芝區,,,,無年齡維度,0.0,男,遷入,臺南市,0
110,1,22,三芝區,,,,無年齡維度,0.0,女,遷入,臺灣省,0
110,1,22,三芝區,,,,無年齡維度,0.0,男,遷入,臺灣省,0
110,1,22,三芝區,,,,無年齡維度,0.0,女,遷入,高雄市,0
110,1,22,三芝區,,,,無年齡維度,0.0,男,遷入,高雄市,0
110,1,22,三芝區,,,,無年齡維度,0.0,女,遷出,migrants,7
110,1,22,三芝區,,,,無年齡維度,0.0,男,遷出,migrants,9
110,1,22,三芝區,,,,無年齡維度,0.0,女,遷出,other,0
110,1,22,三芝區,,,,無年齡維度,0.0,男,遷出,other,0
110,1,22,三芝區,,,,無年齡維度,0.0,女,遷出,其他縣市,0
110,1,22,三芝區,,,,無年齡維度,0.0,男,遷出,其他縣市,0
110,1,22,三芝區,,,,無年齡維度,0.0,女,遷出,其他鄉鎮,5
110,1,22,三芝區,,,,無年齡維度,0.0,男,遷出,其他鄉鎮,7
110,1,22,三芝區,,,,無年齡維度,0.0,女,遷出,合計,7
110,1,22,三芝區,,,,無年齡維度,0.0,男,遷出,合計,9
110,1,22,三芝區,,,,無年齡維度,0.0,女,遷出,國外,0
110,1,22,三芝區,,,,無年齡維度,0.0,男,遷出,國外,0
110,1,22,三芝區,,,,無年齡維度,0.0,女,遷出,新北市內,0
110,1,22,三芝區,,,,無年齡維度,0.0,男,遷出,新北市內,0
110,1,22,三芝區,,,,無年齡維度,0.0,女,遷出,桃園市,0
110,1,22,三芝區,,,,無年齡維度,0.0,男,遷出,桃園市,0
110,1,22,三芝區,,,,無年齡維度,0.0,女,遷出,福建省,0
110,1,22,三芝區,,,,無年齡維度,0.0,男,遷出,福建省,0
110,1,22,三芝區,,,,無年齡維度,0.0,女,遷出,臺中市,0
110,1,22,三芝區,,,,無年齡維度,0.0,男,遷出,臺中市,0
110,1,22,三芝區,,,,無年齡維度,0.0,女,遷出,臺北市,1
110,1,22,三芝區,,,,無年齡維度,0.0,男,遷出,臺北市,1
110,1,22,三芝區,,,,無年齡維度,0.0,女,遷出,臺南市,0
110,1,22,三芝區,,,,無年齡維度,0.0,男,遷出,臺南市,0
110,1,22,三芝區,,,,無年齡維度,0.0,女,遷出,臺灣省,1
110,1,22,三芝區,,,,無年齡維度,0.0,男,遷出,臺灣省,1
110,1,22,三芝區,,,,無年齡維度,0.0,女,遷出,高雄市,0
110,1,22,三芝區,,,,無年齡維度,0.0,男,遷出,高雄市,0
110,1,23,石門區,,,,無年齡維度,0.0,女,遷入,migrants,53
110,1,23,石門區,,,,無年齡維度,0.0,男,遷入,migrants,63
110,1,23,石門區,,,,無年齡維度,0.0,女,遷入,other,0
110,1,23,石門區,,,,無年齡維度,0.0,男,遷入,other,0
110,1,23,石門區,,,,無年齡維度,0.0,女,遷入,其他縣市,0
110,1,23,石門區,,,,無年齡維度,0.0,男,遷入,其他縣市,0
110,1,23,石門區,,,,無年齡維度,0.0,女,遷入,其他鄉鎮,30
110,1,23,石門區,,,,無年齡維度,0.0,男,遷入,其他鄉鎮,34
110,1,23,石門區,,,,無年齡維度,0.0,女,遷入,合計,79
110,1,23,石門區,,,,無年齡維度,0.0,男,遷入,合計,61
110,1,23,石門區,,,,無年齡維度,0.0,女,遷入,國外,0
110,1,23,石門區,,,,無年齡維度,0.0,男,遷入,國外,1
110,1,23,石門區,,,,無年齡維度,0.0,女,遷入,新北市內,0
110,1,23,石門區,,,,無年齡維度,0.0,男,遷入,新北市內,0
110,1,23,石門區,,,,無年齡維度,0.0,女,遷入,桃園市,6
110,1,23,石門區,,,,無年齡維度,0.0,男,遷入,桃園市,1
110,1,23,石門區,,,,無年齡維度,0.0,女,遷入,福建省,0
110,1,23,石門區,,,,無年齡維度,0.0,男,遷入,福建省,0
110,1,23,石門區,,,,無年齡維度,0.0,女,遷入,臺中市,2
110,1,23,石門區,,,,無年齡維度,0.0,男,遷入,臺中市,0
110,1,23,石門區,,,,無年齡維度,0.0,女,遷入,臺北市,27
110,1,23,石門區,,,,無年齡維度,0.0,男,遷入,臺北市,23
110,1,23,石門區,,,,無年齡維度,0.0,女,遷入,臺南市,0
110,1,23,石門區,,,,無年齡維度,0.0,男,遷入,臺南市,0
110,1,23,石門區,,,,無年齡維度,0.0,女,遷入,臺灣省,8
110,1,23,石門區,,,,無年齡維度,0.0,男,遷入,臺灣省,1
110,1,23,石門區,,,,無年齡維度,0.0,女,遷入,高雄市,2
110,1,23,石門區,,,,無年齡維度,0.0,男,遷入,高雄市,0
110,1,23,石門區,,,,無年齡維度,0.0,女,遷出,migrants,53
110,1,23,石門區,,,,無年齡維度,0.0,男,遷出,migrants,63
110,1,23,石門區,,,,無年齡維度,0.0,女,遷出,other,0
110,1,23,石門區,,,,無年齡維度,0.0,男,遷出,other,0
110,1,23,石門區,,,,無年齡維度,0.0,女,遷出,其他縣市,0
110,1,23,石門區,,,,無年齡維度,0.0,男,遷出,其他縣市,0
110,1,23,石門區,,,,無年齡維度,0.0,女,遷出,其他鄉鎮,40
110,1,23,石門區,,,,無年齡維度,0.0,男,遷出,其他鄉鎮,17
110,1,23,石門區,,,,無年齡維度,0.0,女,遷出,合計,83
110,1,23,石門區,,,,無年齡維度,0.0,男,遷出,合計,43
110,1,23,石門區,,,,無年齡維度,0.0,女,遷出,國外,10
110,1,23,石門區,,,,無年齡維度,0.0,男,遷出,國外,7
110,1,23,石門區,,,,無年齡維度,0.0,女,遷出,新北市內,0
110,1,23,石門區,,,,無年齡維度,0.0,男,遷出,新北市內,0
110,1,23,石門區,,,,無年齡維度,0.0,女,遷出,桃園市,5
110,1,23,石門區,,,,無年齡維度,0.0,男,遷出,桃園市,4
110,1,23,石門區,,,,無年齡維度,0.0,女,遷出,福建省,0
110,1,23,石門區,,,,無年齡維度,0.0,男,遷出,福建省,1
110,1,23,石門區,,,,無年齡維度,0.0,女,遷出,臺中市,6
110,1,23,石門區,,,,無年齡維度,0.0,男,遷出,臺中市,0
110,1,23,石門區,,,,無年齡維度,0.0,女,遷出,臺北市,19
110,1,23,石門區,,,,無年齡維度,0.0,男,遷出,臺北市,10
110,1,23,石門區,,,,無年齡維度,0.0,女,遷出,臺南市,0
110,1,23,石門區,,,,無年齡維度,0.0,男,遷出,臺南市,0
110,1,23,石門區,,,,無年齡維度,0.0,女,遷出,臺灣省,3
110,1,23,石門區,,,,無年齡維度,0.0,男,遷出,臺灣省,4
110,1,23,石門區,,,,無年齡維度,0.0,女,遷出,高雄市,0
110,1,23,石門區,,,,無年齡維度,0.0,男,遷出,高雄市,0
110,1,24,金山區,,,,無年齡維度,0.0,女,遷入,migrants,1
110,1,24,金山區,,,,無年齡維度,0.0,男,遷入,migrants,1
110,1,24,金山區,,,,無年齡維度,0.0,女,遷入,other,0
110,1,24,金山區,,,,無年齡維度,0.0,男,遷入,other,0
110,1,24,金山區,,,,無年齡維度,0.0,女,遷入,其他縣市,0
110,1,24,金山區,,,,無年齡維度,0.0,男,遷入,其他縣市,0
110,1,24,金山區,,,,無年齡維度,0.0,女,遷入,其他鄉鎮,4
110,1,24,金山區,,,,無年齡維度,0.0,男,遷入,其他鄉鎮,3
110,1,24,金山區,,,,無年齡維度,0.0,女,遷入,合計,4
110,1,24,金山區,,,,無年齡維度,0.0,男,遷入,合計,4
110,1,24,金山區,,,,無年齡維度,0.0,女,遷入,國外,0
110,1,24,金山區,,,,無年齡維度,0.0,男,遷入,國外,0
110,1,24,金山區,,,,無年齡維度,0.0,女,遷入,新北市內,0
110,1,24,金山區,,,,無年齡維度,0.0,男,遷入,新北市內,0
110,1,24,金山區,,,,無年齡維度,0.0,女,遷入,桃園市,0
110,1,24,金山區,,,,無年齡維度,0.0,男,遷入,桃園市,0
110,1,24,金山區,,,,無年齡維度,0.0,女,遷入,福建省,0
110,1,24,金山區,,,,無年齡維度,0.0,男,遷入,福建省,0
110,1,24,金山區,,,,無年齡維度,0.0,女,遷入,臺中市,0
110,1,24,金山區,,,,無年齡維度,0.0,男,遷入,臺中市,0
110,1,24,金山區,,,,無年齡維度,0.0,女,遷入,臺北市,0
110,1,24,金山區,,,,無年齡維度,0.0,男,遷入,臺北市,0
110,1,24,金山區,,,,無年齡維度,0.0,女,遷入,臺南市,0
110,1,24,金山區,,,,無年齡維度,0.0,男,遷入,臺南市,0
110,1,24,金山區,,,,無年齡維度,0.0,女,遷入,臺灣省,0
110,1,24,金山區,,,,無年齡維度,0.0,男,遷入,臺灣省,1
110,1,24,金山區,,,,無年齡維度,0.0,女,遷入,高雄市,0
110,1,24,金山區,,,,無年齡維度,0.0,男,遷入,高雄市,0
110,1,24,金山區,,,,無年齡維度,0.0,女,遷出,migrants,1
110,1,24,金山區,,,,無年齡維度,0.0,男,遷出,migrants,1
110,1,24,金山區,,,,無年齡維度,0.0,女,遷出,other,0
110,1,24,金山區,,,,無年齡維度,0.0,男,遷出,other,0
110,1,24,金山區,,,,無年齡維度,0.0,女,遷出,其他縣市,0
110,1,24,金山區,,,,無年齡維度,0.0,男,遷出,其他縣市,0
110,1,24,金山區,,,,無年齡維度,0.0,女,遷出,其他鄉鎮,1
110,1,24,金山區,,,,無年齡維度,0.0,男,遷出,其他鄉鎮,3
110,1,24,金山區,,,,無年齡維度,0.0,女,遷出,合計,2
110,1,24,金山區,,,,無年齡維度,0.0,男,遷出,合計,6
110,1,24,金山區,,,,無年齡維度,0.0,女,遷出,國外,0
110,1,24,金山區,,,,無年齡維度,0.0,男,遷出,國外,0
110,1,24,金山區,,,,無年齡維度,0.0,女,遷出,新北市內,0
110,1,24,金山區,,,,無年齡維度,0.0,男,遷出,新北市內,0
110,1,24,金山區,,,,無年齡維度,0.0,女,遷出,桃園市,0
110,1,24,金山區,,,,無年齡維度,0.0,男,遷出,桃園市,2
110,1,24,金山區,,,,無年齡維度,0.0,女,遷出,福建省,0
110,1,24,金山區,,,,無年齡維度,0.0,男,遷出,福建省,1
110,1,24,金山區,,,,無年齡維度,0.0,女,遷出,臺中市,0
110,1,24,金山區,,,,無年齡維度,0.0,男,遷出,臺中市,0
110,1,24,金山區,,,,無年齡維度,0.0,女,遷出,臺北市,1
110,1,24,金山區,,,,無年齡維度,0.0,男,遷出,臺北市,0
110,1,24,金山區,,,,無年齡維度,0.0,女,遷出,臺南市,0
110,1,24,金山區,,,,無年齡維度,0.0,男,遷出,臺南市,0
110,1,24,金山區,,,,無年齡維度,0.0,女,遷出,臺灣省,0
110,1,24,金山區,,,,無年齡維度,0.0,男,遷出,臺灣省,0
110,1,24,金山區,,,,無年齡維度,0.0,女,遷出,高雄市,0
110,1,24,金山區,,,,無年齡維度,0.0,男,遷出,高雄市,0
110,1,25,萬里區,,,,無年齡維度,0.0,女,遷入,migrants,2
110,1,25,萬里區,,,,無年齡維度,0.0,男,遷入,migrants,3
110,1,25,萬里區,,,,無年齡維度,0.0,女,遷入,other,0
110,1,25,萬里區,,,,無年齡維度,0.0,男,遷入,other,0
110,1,25,萬里區,,,,無年齡維度,0.0,女,遷入,其他縣市,0
110,1,25,萬里區,,,,無年齡維度,0.0,男,遷入,其他縣市,0
110,1,25,萬里區,,,,無年齡維度,0.0,女,遷入,其他鄉鎮,2
110,1,25,萬里區,,,,無年齡維度,0.0,男,遷入,其他鄉鎮,6
110,1,25,萬里區,,,,無年齡維度,0.0,女,遷入,合計,5
110,1,25,萬里區,,,,無年齡維度,0.0,男,遷入,合計,7
110,1,25,萬里區,,,,無年齡維度,0.0,女,遷入,國外,0
110,1,25,萬里區,,,,無年齡維度,0.0,男,遷入,國外,0
110,1,25,萬里區,,,,無年齡維度,0.0,女,遷入,新北市內,0
110,1,25,萬里區,,,,無年齡維度,0.0,男,遷入,新北市內,0
110,1,25,萬里區,,,,無年齡維度,0.0,女,遷入,桃園市,0
110,1,25,萬里區,,,,無年齡維度,0.0,男,遷入,桃園市,0
110,1,25,萬里區,,,,無年齡維度,0.0,女,遷入,福建省,0
110,1,25,萬里區,,,,無年齡維度,0.0,男,遷入,福建省,0
110,1,25,萬里區,,,,無年齡維度,0.0,女,遷入,臺中市,0
110,1,25,萬里區,,,,無年齡維度,0.0,男,遷入,臺中市,0
110,1,25,萬里區,,,,無年齡維度,0.0,女,遷入,臺北市,2
110,1,25,萬里區,,,,無年齡維度,0.0,男,遷入,臺北市,1
110,1,25,萬里區,,,,無年齡維度,0.0,女,遷入,臺南市,0
110,1,25,萬里區,,,,無年齡維度,0.0,男,遷入,臺南市,0
110,1,25,萬里區,,,,無年齡維度,0.0,女,遷入,臺灣省,1
110,1,25,萬里區,,,,無年齡維度,0.0,男,遷入,臺灣省,0
110,1,25,萬里區,,,,無年齡維度,0.0,女,遷入,高雄市,0
110,1,25,萬里區,,,,無年齡維度,0.0,男,遷入,高雄市,0
110,1,25,萬里區,,,,無年齡維度,0.0,女,遷出,migrants,2
110,1,25,萬里區,,,,無年齡維度,0.0,男,遷出,migrants,3
110,1,25,萬里區,,,,無年齡維度,0.0,女,遷出,other,0
110,1,25,萬里區,,,,無年齡維度,0.0,男,遷出,other,0
110,1,25,萬里區,,,,無年齡維度,0.0,女,遷出,其他縣市,0
110,1,25,萬里區,,,,無年齡維度,0.0,男,遷出,其他縣市,0
110,1,25,萬里區,,,,無年齡維度,0.0,女,遷出,其他鄉鎮,10
110,1,25,萬里區,,,,無年齡維度,0.0,男,遷出,其他鄉鎮,7
110,1,25,萬里區,,,,無年齡維度,0.0,女,遷出,合計,19
110,1,25,萬里區,,,,無年齡維度,0.0,男,遷出,合計,13
110,1,25,萬里區,,,,無年齡維度,0.0,女,遷出,國外,0
110,1,25,萬里區,,,,無年齡維度,0.0,男,遷出,國外,0
110,1,25,萬里區,,,,無年齡維度,0.0,女,遷出,新北市內,0
110,1,25,萬里區,,,,無年齡維度,0.0,男,遷出,新北市內,0
110,1,25,萬里區,,,,無年齡維度,0.0,女,遷出,桃園市,3
110,1,25,萬里區,,,,無年齡維度,0.0,男,遷出,桃園市,2
110,1,25,萬里區,,,,無年齡維度,0.0,女,遷出,福建省,0
110,1,25,萬里區,,,,無年齡維度,0.0,男,遷出,福建省,0
110,1,25,萬里區,,,,無年齡維度,0.0,女,遷出,臺中市,1
110,1,25,萬里區,,,,無年齡維度,0.0,男,遷出,臺中市,0
110,1,25,萬里區,,,,無年齡維度,0.0,女,遷出,臺北市,0
110,1,25,萬里區,,,,無年齡維度,0.0,男,遷出,臺北市,0
110,1,25,萬里區,,,,無年齡維度,0.0,女,遷出,臺南市,0
110,1,25,萬里區,,,,無年齡維度,0.0,男,遷出,臺南市,0
110,1,25,萬里區,,,,無年齡維度,0.0,女,遷出,臺灣省,5
110,1,25,萬里區,,,,無年齡維度,0.0,男,遷出,臺灣省,4
110,1,25,萬里區,,,,無年齡維度,0.0,女,遷出,高雄市,0
110,1,25,萬里區,,,,無年齡維度,0.0,男,遷出,高雄市,0
110,1,26,平溪區,,,,無年齡維度,0.0,女,遷入,migrants,1
110,1,26,平溪區,,,,無年齡維度,0.0,男,遷入,migrants,2
110,1,26,平溪區,,,,無年齡維度,0.0,女,遷入,other,0
110,1,26,平溪區,,,,無年齡維度,0.0,男,遷入,other,0
110,1,26,平溪區,,,,無年齡維度,0.0,女,遷入,其他縣市,0
110,1,26,平溪區,,,,無年齡維度,0.0,男,遷入,其他縣市,0
110,1,26,平溪區,,,,無年齡維度,0.0,女,遷入,其他鄉鎮,1
110,1,26,平溪區,,,,無年齡維度,0.0,男,遷入,其他鄉鎮,6
110,1,26,平溪區,,,,無年齡維度,0.0,女,遷入,合計,2
110,1,26,平溪區,,,,無年齡維度,0.0,男,遷入,合計,10
110,1,26,平溪區,,,,無年齡維度,0.0,女,遷入,國外,0
110,1,26,平溪區,,,,無年齡維度,0.0,男,遷入,國外,0
110,1,26,平溪區,,,,無年齡維度,0.0,女,遷入,新北市內,0
110,1,26,平溪區,,,,無年齡維度,0.0,男,遷入,新北市內,0
110,1,26,平溪區,,,,無年齡維度,0.0,女,遷入,桃園市,0
110,1,26,平溪區,,,,無年齡維度,0.0,男,遷入,桃園市,0
110,1,26,平溪區,,,,無年齡維度,0.0,女,遷入,福建省,0
110,1,26,平溪區,,,,無年齡維度,0.0,男,遷入,福建省,0
110,1,26,平溪區,,,,無年齡維度,0.0,女,遷入,臺中市,0
110,1,26,平溪區,,,,無年齡維度,0.0,男,遷入,臺中市,0
110,1,26,平溪區,,,,無年齡維度,0.0,女,遷入,臺北市,0
110,1,26,平溪區,,,,無年齡維度,0.0,男,遷入,臺北市,2
110,1,26,平溪區,,,,無年齡維度,0.0,女,遷入,臺南市,0
110,1,26,平溪區,,,,無年齡維度,0.0,男,遷入,臺南市,0
110,1,26,平溪區,,,,無年齡維度,0.0,女,遷入,臺灣省,0
110,1,26,平溪區,,,,無年齡維度,0.0,男,遷入,臺灣省,2
110,1,26,平溪區,,,,無年齡維度,0.0,女,遷入,高雄市,1
110,1,26,平溪區,,,,無年齡維度,0.0,男,遷入,高雄市,0
110,1,26,平溪區,,,,無年齡維度,0.0,女,遷出,migrants,1
110,1,26,平溪區,,,,無年齡維度,0.0,男,遷出,migrants,2
110,1,26,平溪區,,,,無年齡維度,0.0,女,遷出,other,0
110,1,26,平溪區,,,,無年齡維度,0.0,男,遷出,other,0
110,1,26,平溪區,,,,無年齡維度,0.0,女,遷出,其他縣市,0
110,1,26,平溪區,,,,無年齡維度,0.0,男,遷出,其他縣市,0
110,1,26,平溪區,,,,無年齡維度,0.0,女,遷出,其他鄉鎮,4
110,1,26,平溪區,,,,無年齡維度,0.0,男,遷出,其他鄉鎮,8
110,1,26,平溪區,,,,無年齡維度,0.0,女,遷出,合計,15
110,1,26,平溪區,,,,無年齡維度,0.0,男,遷出,合計,20
110,1,26,平溪區,,,,無年齡維度,0.0,女,遷出,國外,1
110,1,26,平溪區,,,,無年齡維度,0.0,男,遷出,國外,3
110,1,26,平溪區,,,,無年齡維度,0.0,女,遷出,新北市內,0
110,1,26,平溪區,,,,無年齡維度,0.0,男,遷出,新北市內,0
110,1,26,平溪區,,,,無年齡維度,0.0,女,遷出,桃園市,3
110,1,26,平溪區,,,,無年齡維度,0.0,男,遷出,桃園市,1
110,1,26,平溪區,,,,無年齡維度,0.0,女,遷出,福建省,0
110,1,26,平溪區,,,,無年齡維度,0.0,男,遷出,福建省,0
110,1,26,平溪區,,,,無年齡維度,0.0,女,遷出,臺中市,0
110,1,26,平溪區,,,,無年齡維度,0.0,男,遷出,臺中市,1
110,1,26,平溪區,,,,無年齡維度,0.0,女,遷出,臺北市,3
110,1,26,平溪區,,,,無年齡維度,0.0,男,遷出,臺北市,2
110,1,26,平溪區,,,,無年齡維度,0.0,女,遷出,臺南市,0
110,1,26,平溪區,,,,無年齡維度,0.0,男,遷出,臺南市,0
110,1,26,平溪區,,,,無年齡維度,0.0,女,遷出,臺灣省,4
110,1,26,平溪區,,,,無年齡維度,0.0,男,遷出,臺灣省,4
110,1,26,平溪區,,,,無年齡維度,0.0,女,遷出,高雄市,0
110,1,26,平溪區,,,,無年齡維度,0.0,男,遷出,高雄市,1
110,1,27,雙溪區,,,,無年齡維度,0.0,女,遷入,migrants,20
110,1,27,雙溪區,,,,無年齡維度,0.0,男,遷入,migrants,19
110,1,27,雙溪區,,,,無年齡維度,0.0,女,遷入,other,0
110,1,27,雙溪區,,,,無年齡維度,0.0,男,遷入,other,0
110,1,27,雙溪區,,,,無年齡維度,0.0,女,遷入,其他縣市,0
110,1,27,雙溪區,,,,無年齡維度,0.0,男,遷入,其他縣市,0
110,1,27,雙溪區,,,,無年齡維度,0.0,女,遷入,其他鄉鎮,9
110,1,27,雙溪區,,,,無年齡維度,0.0,男,遷入,其他鄉鎮,3
110,1,27,雙溪區,,,,無年齡維度,0.0,女,遷入,合計,21
110,1,27,雙溪區,,,,無年齡維度,0.0,男,遷入,合計,10
110,1,27,雙溪區,,,,無年齡維度,0.0,女,遷入,國外,0
110,1,27,雙溪區,,,,無年齡維度,0.0,男,遷入,國外,0
110,1,27,雙溪區,,,,無年齡維度,0.0,女,遷入,新北市內,0
110,1,27,雙溪區,,,,無年齡維度,0.0,男,遷入,新北市內,0
110,1,27,雙溪區,,,,無年齡維度,0.0,女,遷入,桃園市,2
110,1,27,雙溪區,,,,無年齡維度,0.0,男,遷入,桃園市,0
110,1,27,雙溪區,,,,無年齡維度,0.0,女,遷入,福建省,0
110,1,27,雙溪區,,,,無年齡維度,0.0,男,遷入,福建省,0
110,1,27,雙溪區,,,,無年齡維度,0.0,女,遷入,臺中市,3
110,1,27,雙溪區,,,,無年齡維度,0.0,男,遷入,臺中市,1
110,1,27,雙溪區,,,,無年齡維度,0.0,女,遷入,臺北市,0
110,1,27,雙溪區,,,,無年齡維度,0.0,男,遷入,臺北市,3
110,1,27,雙溪區,,,,無年齡維度,0.0,女,遷入,臺南市,1
110,1,27,雙溪區,,,,無年齡維度,0.0,男,遷入,臺南市,0
110,1,27,雙溪區,,,,無年齡維度,0.0,女,遷入,臺灣省,5
110,1,27,雙溪區,,,,無年齡維度,0.0,男,遷入,臺灣省,2
110,1,27,雙溪區,,,,無年齡維度,0.0,女,遷入,高雄市,1
110,1,27,雙溪區,,,,無年齡維度,0.0,男,遷入,高雄市,1
110,1,27,雙溪區,,,,無年齡維度,0.0,女,遷出,migrants,20
110,1,27,雙溪區,,,,無年齡維度,0.0,男,遷出,migrants,19
110,1,27,雙溪區,,,,無年齡維度,0.0,女,遷出,other,0
110,1,27,雙溪區,,,,無年齡維度,0.0,男,遷出,other,0
110,1,27,雙溪區,,,,無年齡維度,0.0,女,遷出,其他縣市,0
110,1,27,雙溪區,,,,無年齡維度,0.0,男,遷出,其他縣市,0
110,1,27,雙溪區,,,,無年齡維度,0.0,女,遷出,其他鄉鎮,10
110,1,27,雙溪區,,,,無年齡維度,0.0,男,遷出,其他鄉鎮,5
110,1,27,雙溪區,,,,無年齡維度,0.0,女,遷出,合計,31
110,1,27,雙溪區,,,,無年齡維度,0.0,男,遷出,合計,17
110,1,27,雙溪區,,,,無年齡維度,0.0,女,遷出,國外,4
110,1,27,雙溪區,,,,無年齡維度,0.0,男,遷出,國外,0
110,1,27,雙溪區,,,,無年齡維度,0.0,女,遷出,新北市內,0
110,1,27,雙溪區,,,,無年齡維度,0.0,男,遷出,新北市內,0
110,1,27,雙溪區,,,,無年齡維度,0.0,女,遷出,桃園市,3
110,1,27,雙溪區,,,,無年齡維度,0.0,男,遷出,桃園市,0
110,1,27,雙溪區,,,,無年齡維度,0.0,女,遷出,福建省,0
110,1,27,雙溪區,,,,無年齡維度,0.0,男,遷出,福建省,0
110,1,27,雙溪區,,,,無年齡維度,0.0,女,遷出,臺中市,3
110,1,27,雙溪區,,,,無年齡維度,0.0,男,遷出,臺中市,3
110,1,27,雙溪區,,,,無年齡維度,0.0,女,遷出,臺北市,4
110,1,27,雙溪區,,,,無年齡維度,0.0,男,遷出,臺北市,1
110,1,27,雙溪區,,,,無年齡維度,0.0,女,遷出,臺南市,1
110,1,27,雙溪區,,,,無年齡維度,0.0,男,遷出,臺南市,2
110,1,27,雙溪區,,,,無年齡維度,0.0,女,遷出,臺灣省,5
110,1,27,雙溪區,,,,無年齡維度,0.0,男,遷出,臺灣省,6
110,1,27,雙溪區,,,,無年齡維度,0.0,女,遷出,高雄市,1
110,1,27,雙溪區,,,,無年齡維度,0.0,男,遷出,高雄市,0
110,1,28,貢寮區,,,,無年齡維度,0.0,女,遷入,migrants,17
110,1,28,貢寮區,,,,無年齡維度,0.0,男,遷入,migrants,10
110,1,28,貢寮區,,,,無年齡維度,0.0,女,遷入,other,0
110,1,28,貢寮區,,,,無年齡維度,0.0,男,遷入,other,0
110,1,28,貢寮區,,,,無年齡維度,0.0,女,遷入,其他縣市,0
110,1,28,貢寮區,,,,無年齡維度,0.0,男,遷入,其他縣市,0
110,1,28,貢寮區,,,,無年齡維度,0.0,女,遷入,其他鄉鎮,6
110,1,28,貢寮區,,,,無年齡維度,0.0,男,遷入,其他鄉鎮,5
110,1,28,貢寮區,,,,無年齡維度,0.0,女,遷入,合計,23
110,1,28,貢寮區,,,,無年齡維度,0.0,男,遷入,合計,19
110,1,28,貢寮區,,,,無年齡維度,0.0,女,遷入,國外,1
110,1,28,貢寮區,,,,無年齡維度,0.0,男,遷入,國外,0
110,1,28,貢寮區,,,,無年齡維度,0.0,女,遷入,新北市內,0
110,1,28,貢寮區,,,,無年齡維度,0.0,男,遷入,新北市內,0
110,1,28,貢寮區,,,,無年齡維度,0.0,女,遷入,桃園市,0
110,1,28,貢寮區,,,,無年齡維度,0.0,男,遷入,桃園市,0
110,1,28,貢寮區,,,,無年齡維度,0.0,女,遷入,福建省,0
110,1,28,貢寮區,,,,無年齡維度,0.0,男,遷入,福建省,0
110,1,28,貢寮區,,,,無年齡維度,0.0,女,遷入,臺中市,0
110,1,28,貢寮區,,,,無年齡維度,0.0,男,遷入,臺中市,0
110,1,28,貢寮區,,,,無年齡維度,0.0,女,遷入,臺北市,6
110,1,28,貢寮區,,,,無年齡維度,0.0,男,遷入,臺北市,3
110,1,28,貢寮區,,,,無年齡維度,0.0,女,遷入,臺南市,1
110,1,28,貢寮區,,,,無年齡維度,0.0,男,遷入,臺南市,0
110,1,28,貢寮區,,,,無年齡維度,0.0,女,遷入,臺灣省,9
110,1,28,貢寮區,,,,無年齡維度,0.0,男,遷入,臺灣省,11
110,1,28,貢寮區,,,,無年齡維度,0.0,女,遷入,高雄市,0
110,1,28,貢寮區,,,,無年齡維度,0.0,男,遷入,高雄市,0
110,1,28,貢寮區,,,,無年齡維度,0.0,女,遷出,migrants,17
110,1,28,貢寮區,,,,無年齡維度,0.0,男,遷出,migrants,10
110,1,28,貢寮區,,,,無年齡維度,0.0,女,遷出,other,0
110,1,28,貢寮區,,,,無年齡維度,0.0,男,遷出,other,0
110,1,28,貢寮區,,,,無年齡維度,0.0,女,遷出,其他縣市,0
110,1,28,貢寮區,,,,無年齡維度,0.0,男,遷出,其他縣市,0
110,1,28,貢寮區,,,,無年齡維度,0.0,女,遷出,其他鄉鎮,4
110,1,28,貢寮區,,,,無年齡維度,0.0,男,遷出,其他鄉鎮,6
110,1,28,貢寮區,,,,無年齡維度,0.0,女,遷出,合計,31
110,1,28,貢寮區,,,,無年齡維度,0.0,男,遷出,合計,29
110,1,28,貢寮區,,,,無年齡維度,0.0,女,遷出,國外,1
110,1,28,貢寮區,,,,無年齡維度,0.0,男,遷出,國外,1
110,1,28,貢寮區,,,,無年齡維度,0.0,女,遷出,新北市內,0
110,1,28,貢寮區,,,,無年齡維度,0.0,男,遷出,新北市內,0
110,1,28,貢寮區,,,,無年齡維度,0.0,女,遷出,桃園市,1
110,1,28,貢寮區,,,,無年齡維度,0.0,男,遷出,桃園市,2
110,1,28,貢寮區,,,,無年齡維度,0.0,女,遷出,福建省,0
110,1,28,貢寮區,,,,無年齡維度,0.0,男,遷出,福建省,0
110,1,28,貢寮區,,,,無年齡維度,0.0,女,遷出,臺中市,0
110,1,28,貢寮區,,,,無年齡維度,0.0,男,遷出,臺中市,0
110,1,28,貢寮區,,,,無年齡維度,0.0,女,遷出,臺北市,6
110,1,28,貢寮區,,,,無年齡維度,0.0,男,遷出,臺北市,2
110,1,28,貢寮區,,,,無年齡維度,0.0,女,遷出,臺南市,1
110,1,28,貢寮區,,,,無年齡維度,0.0,男,遷出,臺南市,2
110,1,28,貢寮區,,,,無年齡維度,0.0,女,遷出,臺灣省,18
110,1,28,貢寮區,,,,無年齡維度,0.0,男,遷出,臺灣省,16
110,1,28,貢寮區,,,,無年齡維度,0.0,女,遷出,高雄市,0
110,1,28,貢寮區,,,,無年齡維度,0.0,男,遷出,高雄市,0
110,1,29,烏來區,,,,無年齡維度,0.0,女,遷入,migrants,9
110,1,29,烏來區,,,,無年齡維度,0.0,男,遷入,migrants,3
110,1,29,烏來區,,,,無年齡維度,0.0,女,遷入,other,0
110,1,29,烏來區,,,,無年齡維度,0.0,男,遷入,other,0
110,1,29,烏來區,,,,無年齡維度,0.0,女,遷入,其他縣市,0
110,1,29,烏來區,,,,無年齡維度,0.0,男,遷入,其他縣市,0
110,1,29,烏來區,,,,無年齡維度,0.0,女,遷入,其他鄉鎮,11
110,1,29,烏來區,,,,無年齡維度,0.0,男,遷入,其他鄉鎮,7
110,1,29,烏來區,,,,無年齡維度,0.0,女,遷入,合計,19
110,1,29,烏來區,,,,無年齡維度,0.0,男,遷入,合計,13
110,1,29,烏來區,,,,無年齡維度,0.0,女,遷入,國外,0
110,1,29,烏來區,,,,無年齡維度,0.0,男,遷入,國外,0
110,1,29,烏來區,,,,無年齡維度,0.0,女,遷入,新北市內,0
110,1,29,烏來區,,,,無年齡維度,0.0,男,遷入,新北市內,0
110,1,29,烏來區,,,,無年齡維度,0.0,女,遷入,桃園市,0
110,1,29,烏來區,,,,無年齡維度,0.0,男,遷入,桃園市,3
110,1,29,烏來區,,,,無年齡維度,0.0,女,遷入,福建省,2
110,1,29,烏來區,,,,無年齡維度,0.0,男,遷入,福建省,0
110,1,29,烏來區,,,,無年齡維度,0.0,女,遷入,臺中市,2
110,1,29,烏來區,,,,無年齡維度,0.0,男,遷入,臺中市,0
110,1,29,烏來區,,,,無年齡維度,0.0,女,遷入,臺北市,1
110,1,29,烏來區,,,,無年齡維度,0.0,男,遷入,臺北市,3
110,1,29,烏來區,,,,無年齡維度,0.0,女,遷入,臺南市,0
110,1,29,烏來區,,,,無年齡維度,0.0,男,遷入,臺南市,0
110,1,29,烏來區,,,,無年齡維度,0.0,女,遷入,臺灣省,3
110,1,29,烏來區,,,,無年齡維度,0.0,男,遷入,臺灣省,0
110,1,29,烏來區,,,,無年齡維度,0.0,女,遷入,高雄市,0
110,1,29,烏來區,,,,無年齡維度,0.0,男,遷入,高雄市,0
110,1,29,烏來區,,,,無年齡維度,0.0,女,遷出,migrants,9
110,1,29,烏來區,,,,無年齡維度,0.0,男,遷出,migrants,3
110,1,29,烏來區,,,,無年齡維度,0.0,女,遷出,other,0
110,1,29,烏來區,,,,無年齡維度,0.0,男,遷出,other,0
110,1,29,烏來區,,,,無年齡維度,0.0,女,遷出,其他縣市,0
110,1,29,烏來區,,,,無年齡維度,0.0,男,遷出,其他縣市,0
110,1,29,烏來區,,,,無年齡維度,0.0,女,遷出,其他鄉鎮,10
110,1,29,烏來區,,,,無年齡維度,0.0,男,遷出,其他鄉鎮,4
110,1,29,烏來區,,,,無年齡維度,0.0,女,遷出,合計,20
110,1,29,烏來區,,,,無年齡維度,0.0,男,遷出,合計,10
110,1,29,烏來區,,,,無年齡維度,0.0,女,遷出,國外,6
110,1,29,烏來區,,,,無年齡維度,0.0,男,遷出,國外,1
110,1,29,烏來區,,,,無年齡維度,0.0,女,遷出,新北市內,0
110,1,29,烏來區,,,,無年齡維度,0.0,男,遷出,新北市內,0
110,1,29,烏來區,,,,無年齡維度,0.0,女,遷出,桃園市,1
110,1,29,烏來區,,,,無年齡維度,0.0,男,遷出,桃園市,2
110,1,29,烏來區,,,,無年齡維度,0.0,女,遷出,福建省,1
110,1,29,烏來區,,,,無年齡維度,0.0,男,遷出,福建省,0
110,1,29,烏來區,,,,無年齡維度,0.0,女,遷出,臺中市,1
110,1,29,烏來區,,,,無年齡維度,0.0,男,遷出,臺中市,0
110,1,29,烏來區,,,,無年齡維度,0.0,女,遷出,臺北市,0
110,1,29,烏來區,,,,無年齡維度,0.0,男,遷出,臺北市,0
110,1,29,烏來區,,,,無年齡維度,0.0,女,遷出,臺南市,0
110,1,29,烏來區,,,,無年齡維度,0.0,男,遷出,臺南市,0
110,1,29,烏來區,,,,無年齡維度,0.0,女,遷出,臺灣省,1
110,1,29,烏來區,,,,無年齡維度,0.0,男,遷出,臺灣省,3
110,1,29,烏來區,,,,無年齡維度,0.0,女,遷出,高雄市,0
110,1,29,烏來區,,,,無年齡維度,0.0,男,遷出,高雄市,0
110,2,1,板橋區,,,,無年齡維度,0.0,女,遷入,migrants,535
110,2,1,板橋區,,,,無年齡維度,0.0,男,遷入,migrants,482
110,2,1,板橋區,,,,無年齡維度,0.0,女,遷入,other,0
110,2,1,板橋區,,,,無年齡維度,0.0,男,遷入,other,0
110,2,1,板橋區,,,,無年齡維度,0.0,女,遷入,其他縣市,0
110,2,1,板橋區,,,,無年齡維度,0.0,男,遷入,其他縣市,0
110,2,1,板橋區,,,,無年齡維度,0.0,女,遷入,其他鄉鎮,275
110,2,1,板橋區,,,,無年齡維度,0.0,男,遷入,其他鄉鎮,193
110,2,1,板橋區,,,,無年齡維度,0.0,女,遷入,合計,676
110,2,1,板橋區,,,,無年齡維度,0.0,男,遷入,合計,575
110,2,1,板橋區,,,,無年齡維度,0.0,女,遷入,國外,6
110,2,1,板橋區,,,,無年齡維度,0.0,男,遷入,國外,10
110,2,1,板橋區,,,,無年齡維度,0.0,女,遷入,新北市內,0
110,2,1,板橋區,,,,無年齡維度,0.0,男,遷入,新北市內,0
110,2,1,板橋區,,,,無年齡維度,0.0,女,遷入,桃園市,60
110,2,1,板橋區,,,,無年齡維度,0.0,男,遷入,桃園市,56
110,2,1,板橋區,,,,無年齡維度,0.0,女,遷入,福建省,8
110,2,1,板橋區,,,,無年齡維度,0.0,男,遷入,福建省,10
110,2,1,板橋區,,,,無年齡維度,0.0,女,遷入,臺中市,15
110,2,1,板橋區,,,,無年齡維度,0.0,男,遷入,臺中市,17
110,2,1,板橋區,,,,無年齡維度,0.0,女,遷入,臺北市,192
110,2,1,板橋區,,,,無年齡維度,0.0,男,遷入,臺北市,170
110,2,1,板橋區,,,,無年齡維度,0.0,女,遷入,臺南市,11
110,2,1,板橋區,,,,無年齡維度,0.0,男,遷入,臺南市,17
110,2,1,板橋區,,,,無年齡維度,0.0,女,遷入,臺灣省,77
110,2,1,板橋區,,,,無年齡維度,0.0,男,遷入,臺灣省,78
110,2,1,板橋區,,,,無年齡維度,0.0,女,遷入,高雄市,17
110,2,1,板橋區,,,,無年齡維度,0.0,男,遷入,高雄市,13
110,2,1,板橋區,,,,無年齡維度,0.0,女,遷出,migrants,535
110,2,1,板橋區,,,,無年齡維度,0.0,男,遷出,migrants,482
110,2,1,板橋區,,,,無年齡維度,0.0,女,遷出,other,0
110,2,1,板橋區,,,,無年齡維度,0.0,男,遷出,other,0
110,2,1,板橋區,,,,無年齡維度,0.0,女,遷出,其他縣市,0
110,2,1,板橋區,,,,無年齡維度,0.0,男,遷出,其他縣市,0
110,2,1,板橋區,,,,無年齡維度,0.0,女,遷出,其他鄉鎮,348
110,2,1,板橋區,,,,無年齡維度,0.0,男,遷出,其他鄉鎮,292
110,2,1,板橋區,,,,無年齡維度,0.0,女,遷出,合計,806
110,2,1,板橋區,,,,無年齡維度,0.0,男,遷出,合計,625
110,2,1,板橋區,,,,無年齡維度,0.0,女,遷出,國外,146
110,2,1,板橋區,,,,無年齡維度,0.0,男,遷出,國外,80
110,2,1,板橋區,,,,無年齡維度,0.0,女,遷出,新北市內,0
110,2,1,板橋區,,,,無年齡維度,0.0,男,遷出,新北市內,0
110,2,1,板橋區,,,,無年齡維度,0.0,女,遷出,桃園市,66
110,2,1,板橋區,,,,無年齡維度,0.0,男,遷出,桃園市,57
110,2,1,板橋區,,,,無年齡維度,0.0,女,遷出,福建省,6
110,2,1,板橋區,,,,無年齡維度,0.0,男,遷出,福建省,3
110,2,1,板橋區,,,,無年齡維度,0.0,女,遷出,臺中市,26
110,2,1,板橋區,,,,無年齡維度,0.0,男,遷出,臺中市,23
110,2,1,板橋區,,,,無年齡維度,0.0,女,遷出,臺北市,117
110,2,1,板橋區,,,,無年齡維度,0.0,男,遷出,臺北市,85
110,2,1,板橋區,,,,無年齡維度,0.0,女,遷出,臺南市,11
110,2,1,板橋區,,,,無年齡維度,0.0,男,遷出,臺南市,9
110,2,1,板橋區,,,,無年齡維度,0.0,女,遷出,臺灣省,67
110,2,1,板橋區,,,,無年齡維度,0.0,男,遷出,臺灣省,68
110,2,1,板橋區,,,,無年齡維度,0.0,女,遷出,高雄市,19
110,2,1,板橋區,,,,無年齡維度,0.0,男,遷出,高雄市,8
110,2,2,三重區,,,,無年齡維度,0.0,女,遷入,migrants,387
110,2,2,三重區,,,,無年齡維度,0.0,男,遷入,migrants,336
110,2,2,三重區,,,,無年齡維度,0.0,女,遷入,other,0
110,2,2,三重區,,,,無年齡維度,0.0,男,遷入,other,0
110,2,2,三重區,,,,無年齡維度,0.0,女,遷入,其他縣市,0
110,2,2,三重區,,,,無年齡維度,0.0,男,遷入,其他縣市,0
110,2,2,三重區,,,,無年齡維度,0.0,女,遷入,其他鄉鎮,151
110,2,2,三重區,,,,無年齡維度,0.0,男,遷入,其他鄉鎮,112
110,2,2,三重區,,,,無年齡維度,0.0,女,遷入,合計,470
110,2,2,三重區,,,,無年齡維度,0.0,男,遷入,合計,436
110,2,2,三重區,,,,無年齡維度,0.0,女,遷入,國外,9
110,2,2,三重區,,,,無年齡維度,0.0,男,遷入,國外,6
110,2,2,三重區,,,,無年齡維度,0.0,女,遷入,新北市內,0
110,2,2,三重區,,,,無年齡維度,0.0,男,遷入,新北市內,0
110,2,2,三重區,,,,無年齡維度,0.0,女,遷入,桃園市,43
110,2,2,三重區,,,,無年齡維度,0.0,男,遷入,桃園市,30
110,2,2,三重區,,,,無年齡維度,0.0,女,遷入,福建省,2
110,2,2,三重區,,,,無年齡維度,0.0,男,遷入,福建省,6
110,2,2,三重區,,,,無年齡維度,0.0,女,遷入,臺中市,9
110,2,2,三重區,,,,無年齡維度,0.0,男,遷入,臺中市,13
110,2,2,三重區,,,,無年齡維度,0.0,女,遷入,臺北市,183
110,2,2,三重區,,,,無年齡維度,0.0,男,遷入,臺北市,201
110,2,2,三重區,,,,無年齡維度,0.0,女,遷入,臺南市,4
110,2,2,三重區,,,,無年齡維度,0.0,男,遷入,臺南市,6
110,2,2,三重區,,,,無年齡維度,0.0,女,遷入,臺灣省,49
110,2,2,三重區,,,,無年齡維度,0.0,男,遷入,臺灣省,51
110,2,2,三重區,,,,無年齡維度,0.0,女,遷入,高雄市,8
110,2,2,三重區,,,,無年齡維度,0.0,男,遷入,高雄市,7
110,2,2,三重區,,,,無年齡維度,0.0,女,遷出,migrants,387
110,2,2,三重區,,,,無年齡維度,0.0,男,遷出,migrants,336
110,2,2,三重區,,,,無年齡維度,0.0,女,遷出,other,0
110,2,2,三重區,,,,無年齡維度,0.0,男,遷出,other,0
110,2,2,三重區,,,,無年齡維度,0.0,女,遷出,其他縣市,0
110,2,2,三重區,,,,無年齡維度,0.0,男,遷出,其他縣市,0
110,2,2,三重區,,,,無年齡維度,0.0,女,遷出,其他鄉鎮,231
110,2,2,三重區,,,,無年齡維度,0.0,男,遷出,其他鄉鎮,190
110,2,2,三重區,,,,無年齡維度,0.0,女,遷出,合計,570
110,2,2,三重區,,,,無年齡維度,0.0,男,遷出,合計,502
110,2,2,三重區,,,,無年齡維度,0.0,女,遷出,國外,61
110,2,2,三重區,,,,無年齡維度,0.0,男,遷出,國外,41
110,2,2,三重區,,,,無年齡維度,0.0,女,遷出,新北市內,0
110,2,2,三重區,,,,無年齡維度,0.0,男,遷出,新北市內,0
110,2,2,三重區,,,,無年齡維度,0.0,女,遷出,桃園市,34
110,2,2,三重區,,,,無年齡維度,0.0,男,遷出,桃園市,38
110,2,2,三重區,,,,無年齡維度,0.0,女,遷出,福建省,2
110,2,2,三重區,,,,無年齡維度,0.0,男,遷出,福建省,2
110,2,2,三重區,,,,無年齡維度,0.0,女,遷出,臺中市,29
110,2,2,三重區,,,,無年齡維度,0.0,男,遷出,臺中市,19
110,2,2,三重區,,,,無年齡維度,0.0,女,遷出,臺北市,137
110,2,2,三重區,,,,無年齡維度,0.0,男,遷出,臺北市,138
110,2,2,三重區,,,,無年齡維度,0.0,女,遷出,臺南市,8
110,2,2,三重區,,,,無年齡維度,0.0,男,遷出,臺南市,11
110,2,2,三重區,,,,無年齡維度,0.0,女,遷出,臺灣省,48
110,2,2,三重區,,,,無年齡維度,0.0,男,遷出,臺灣省,54
110,2,2,三重區,,,,無年齡維度,0.0,女,遷出,高雄市,20
110,2,2,三重區,,,,無年齡維度,0.0,男,遷出,高雄市,9
110,2,3,中和區,,,,無年齡維度,0.0,女,遷入,migrants,347
110,2,3,中和區,,,,無年齡維度,0.0,男,遷入,migrants,281
110,2,3,中和區,,,,無年齡維度,0.0,女,遷入,other,0
110,2,3,中和區,,,,無年齡維度,0.0,男,遷入,other,0
110,2,3,中和區,,,,無年齡維度,0.0,女,遷入,其他縣市,0
110,2,3,中和區,,,,無年齡維度,0.0,男,遷入,其他縣市,0
110,2,3,中和區,,,,無年齡維度,0.0,女,遷入,其他鄉鎮,293
110,2,3,中和區,,,,無年齡維度,0.0,男,遷入,其他鄉鎮,233
110,2,3,中和區,,,,無年齡維度,0.0,女,遷入,合計,651
110,2,3,中和區,,,,無年齡維度,0.0,男,遷入,合計,563
110,2,3,中和區,,,,無年齡維度,0.0,女,遷入,國外,7
110,2,3,中和區,,,,無年齡維度,0.0,男,遷入,國外,7
110,2,3,中和區,,,,無年齡維度,0.0,女,遷入,新北市內,0
110,2,3,中和區,,,,無年齡維度,0.0,男,遷入,新北市內,0
110,2,3,中和區,,,,無年齡維度,0.0,女,遷入,桃園市,35
110,2,3,中和區,,,,無年齡維度,0.0,男,遷入,桃園市,31
110,2,3,中和區,,,,無年齡維度,0.0,女,遷入,福建省,18
110,2,3,中和區,,,,無年齡維度,0.0,男,遷入,福建省,15
110,2,3,中和區,,,,無年齡維度,0.0,女,遷入,臺中市,25
110,2,3,中和區,,,,無年齡維度,0.0,男,遷入,臺中市,11
110,2,3,中和區,,,,無年齡維度,0.0,女,遷入,臺北市,173
110,2,3,中和區,,,,無年齡維度,0.0,男,遷入,臺北市,172
110,2,3,中和區,,,,無年齡維度,0.0,女,遷入,臺南市,7
110,2,3,中和區,,,,無年齡維度,0.0,男,遷入,臺南市,6
110,2,3,中和區,,,,無年齡維度,0.0,女,遷入,臺灣省,62
110,2,3,中和區,,,,無年齡維度,0.0,男,遷入,臺灣省,63
110,2,3,中和區,,,,無年齡維度,0.0,女,遷入,高雄市,13
110,2,3,中和區,,,,無年齡維度,0.0,男,遷入,高雄市,12
110,2,3,中和區,,,,無年齡維度,0.0,女,遷出,migrants,347
110,2,3,中和區,,,,無年齡維度,0.0,男,遷出,migrants,281
110,2,3,中和區,,,,無年齡維度,0.0,女,遷出,other,0
110,2,3,中和區,,,,無年齡維度,0.0,男,遷出,other,0
110,2,3,中和區,,,,無年齡維度,0.0,女,遷出,其他縣市,0
110,2,3,中和區,,,,無年齡維度,0.0,男,遷出,其他縣市,0
110,2,3,中和區,,,,無年齡維度,0.0,女,遷出,其他鄉鎮,322
110,2,3,中和區,,,,無年齡維度,0.0,男,遷出,其他鄉鎮,243
110,2,3,中和區,,,,無年齡維度,0.0,女,遷出,合計,645
110,2,3,中和區,,,,無年齡維度,0.0,男,遷出,合計,588
110,2,3,中和區,,,,無年齡維度,0.0,女,遷出,國外,76
110,2,3,中和區,,,,無年齡維度,0.0,男,遷出,國外,73
110,2,3,中和區,,,,無年齡維度,0.0,女,遷出,新北市內,0
110,2,3,中和區,,,,無年齡維度,0.0,男,遷出,新北市內,0
110,2,3,中和區,,,,無年齡維度,0.0,女,遷出,桃園市,64
110,2,3,中和區,,,,無年齡維度,0.0,男,遷出,桃園市,51
110,2,3,中和區,,,,無年齡維度,0.0,女,遷出,福建省,9
110,2,3,中和區,,,,無年齡維度,0.0,男,遷出,福建省,14
110,2,3,中和區,,,,無年齡維度,0.0,女,遷出,臺中市,18
110,2,3,中和區,,,,無年齡維度,0.0,男,遷出,臺中市,17
110,2,3,中和區,,,,無年齡維度,0.0,女,遷出,臺北市,71
110,2,3,中和區,,,,無年齡維度,0.0,男,遷出,臺北市,94
110,2,3,中和區,,,,無年齡維度,0.0,女,遷出,臺南市,10
110,2,3,中和區,,,,無年齡維度,0.0,男,遷出,臺南市,14
110,2,3,中和區,,,,無年齡維度,0.0,女,遷出,臺灣省,65
110,2,3,中和區,,,,無年齡維度,0.0,男,遷出,臺灣省,72
110,2,3,中和區,,,,無年齡維度,0.0,女,遷出,高雄市,8
110,2,3,中和區,,,,無年齡維度,0.0,男,遷出,高雄市,10
110,2,4,永和區,,,,無年齡維度,0.0,女,遷入,migrants,171
110,2,4,永和區,,,,無年齡維度,0.0,男,遷入,migrants,147
110,2,4,永和區,,,,無年齡維度,0.0,女,遷入,other,0
110,2,4,永和區,,,,無年齡維度,0.0,男,遷入,other,0
110,2,4,永和區,,,,無年齡維度,0.0,女,遷入,其他縣市,0
110,2,4,永和區,,,,無年齡維度,0.0,男,遷入,其他縣市,0
110,2,4,永和區,,,,無年齡維度,0.0,女,遷入,其他鄉鎮,174
110,2,4,永和區,,,,無年齡維度,0.0,男,遷入,其他鄉鎮,147
110,2,4,永和區,,,,無年齡維度,0.0,女,遷入,合計,370
110,2,4,永和區,,,,無年齡維度,0.0,男,遷入,合計,321
110,2,4,永和區,,,,無年齡維度,0.0,女,遷入,國外,7
110,2,4,永和區,,,,無年齡維度,0.0,男,遷入,國外,7
110,2,4,永和區,,,,無年齡維度,0.0,女,遷入,新北市內,0
110,2,4,永和區,,,,無年齡維度,0.0,男,遷入,新北市內,0
110,2,4,永和區,,,,無年齡維度,0.0,女,遷入,桃園市,3
110,2,4,永和區,,,,無年齡維度,0.0,男,遷入,桃園市,8
110,2,4,永和區,,,,無年齡維度,0.0,女,遷入,福建省,7
110,2,4,永和區,,,,無年齡維度,0.0,男,遷入,福建省,5
110,2,4,永和區,,,,無年齡維度,0.0,女,遷入,臺中市,11
110,2,4,永和區,,,,無年齡維度,0.0,男,遷入,臺中市,5
110,2,4,永和區,,,,無年齡維度,0.0,女,遷入,臺北市,130
110,2,4,永和區,,,,無年齡維度,0.0,男,遷入,臺北市,103
110,2,4,永和區,,,,無年齡維度,0.0,女,遷入,臺南市,5
110,2,4,永和區,,,,無年齡維度,0.0,男,遷入,臺南市,3
110,2,4,永和區,,,,無年齡維度,0.0,女,遷入,臺灣省,25
110,2,4,永和區,,,,無年齡維度,0.0,男,遷入,臺灣省,31
110,2,4,永和區,,,,無年齡維度,0.0,女,遷入,高雄市,4
110,2,4,永和區,,,,無年齡維度,0.0,男,遷入,高雄市,5
110,2,4,永和區,,,,無年齡維度,0.0,女,遷出,migrants,171
110,2,4,永和區,,,,無年齡維度,0.0,男,遷出,migrants,147
110,2,4,永和區,,,,無年齡維度,0.0,女,遷出,other,0
110,2,4,永和區,,,,無年齡維度,0.0,男,遷出,other,0
110,2,4,永和區,,,,無年齡維度,0.0,女,遷出,其他縣市,0
110,2,4,永和區,,,,無年齡維度,0.0,男,遷出,其他縣市,0
110,2,4,永和區,,,,無年齡維度,0.0,女,遷出,其他鄉鎮,161
110,2,4,永和區,,,,無年齡維度,0.0,男,遷出,其他鄉鎮,145
110,2,4,永和區,,,,無年齡維度,0.0,女,遷出,合計,383
110,2,4,永和區,,,,無年齡維度,0.0,男,遷出,合計,344
110,2,4,永和區,,,,無年齡維度,0.0,女,遷出,國外,62
110,2,4,永和區,,,,無年齡維度,0.0,男,遷出,國外,60
110,2,4,永和區,,,,無年齡維度,0.0,女,遷出,新北市內,0
110,2,4,永和區,,,,無年齡維度,0.0,男,遷出,新北市內,0
110,2,4,永和區,,,,無年齡維度,0.0,女,遷出,桃園市,19
110,2,4,永和區,,,,無年齡維度,0.0,男,遷出,桃園市,27
110,2,4,永和區,,,,無年齡維度,0.0,女,遷出,福建省,7
110,2,4,永和區,,,,無年齡維度,0.0,男,遷出,福建省,3
110,2,4,永和區,,,,無年齡維度,0.0,女,遷出,臺中市,18
110,2,4,永和區,,,,無年齡維度,0.0,男,遷出,臺中市,15
110,2,4,永和區,,,,無年齡維度,0.0,女,遷出,臺北市,74
110,2,4,永和區,,,,無年齡維度,0.0,男,遷出,臺北市,52
110,2,4,永和區,,,,無年齡維度,0.0,女,遷出,臺南市,3
110,2,4,永和區,,,,無年齡維度,0.0,男,遷出,臺南市,2
110,2,4,永和區,,,,無年齡維度,0.0,女,遷出,臺灣省,31
110,2,4,永和區,,,,無年齡維度,0.0,男,遷出,臺灣省,30
110,2,4,永和區,,,,無年齡維度,0.0,女,遷出,高雄市,8
110,2,4,永和區,,,,無年齡維度,0.0,男,遷出,高雄市,10
110,2,5,新莊區,,,,無年齡維度,0.0,女,遷入,migrants,539
110,2,5,新莊區,,,,無年齡維度,0.0,男,遷入,migrants,487
110,2,5,新莊區,,,,無年齡維度,0.0,女,遷入,other,0
110,2,5,新莊區,,,,無年齡維度,0.0,男,遷入,other,0
110,2,5,新莊區,,,,無年齡維度,0.0,女,遷入,其他縣市,0
110,2,5,新莊區,,,,無年齡維度,0.0,男,遷入,其他縣市,0
110,2,5,新莊區,,,,無年齡維度,0.0,女,遷入,其他鄉鎮,247
110,2,5,新莊區,,,,無年齡維度,0.0,男,遷入,其他鄉鎮,213
110,2,5,新莊區,,,,無年齡維度,0.0,女,遷入,合計,603
110,2,5,新莊區,,,,無年齡維度,0.0,男,遷入,合計,517
110,2,5,新莊區,,,,無年齡維度,0.0,女,遷入,國外,8
110,2,5,新莊區,,,,無年齡維度,0.0,男,遷入,國外,8
110,2,5,新莊區,,,,無年齡維度,0.0,女,遷入,新北市內,0
110,2,5,新莊區,,,,無年齡維度,0.0,男,遷入,新北市內,0
110,2,5,新莊區,,,,無年齡維度,0.0,女,遷入,桃園市,71
110,2,5,新莊區,,,,無年齡維度,0.0,男,遷入,桃園市,47
110,2,5,新莊區,,,,無年齡維度,0.0,女,遷入,福建省,4
110,2,5,新莊區,,,,無年齡維度,0.0,男,遷入,福建省,6
110,2,5,新莊區,,,,無年齡維度,0.0,女,遷入,臺中市,19
110,2,5,新莊區,,,,無年齡維度,0.0,男,遷入,臺中市,20
110,2,5,新莊區,,,,無年齡維度,0.0,女,遷入,臺北市,164
110,2,5,新莊區,,,,無年齡維度,0.0,男,遷入,臺北市,144
110,2,5,新莊區,,,,無年齡維度,0.0,女,遷入,臺南市,8
110,2,5,新莊區,,,,無年齡維度,0.0,男,遷入,臺南市,7
110,2,5,新莊區,,,,無年齡維度,0.0,女,遷入,臺灣省,54
110,2,5,新莊區,,,,無年齡維度,0.0,男,遷入,臺灣省,49
110,2,5,新莊區,,,,無年齡維度,0.0,女,遷入,高雄市,17
110,2,5,新莊區,,,,無年齡維度,0.0,男,遷入,高雄市,17
110,2,5,新莊區,,,,無年齡維度,0.0,女,遷出,migrants,539
110,2,5,新莊區,,,,無年齡維度,0.0,男,遷出,migrants,487
110,2,5,新莊區,,,,無年齡維度,0.0,女,遷出,other,0
110,2,5,新莊區,,,,無年齡維度,0.0,男,遷出,other,0
110,2,5,新莊區,,,,無年齡維度,0.0,女,遷出,其他縣市,0
110,2,5,新莊區,,,,無年齡維度,0.0,男,遷出,其他縣市,0
110,2,5,新莊區,,,,無年齡維度,0.0,女,遷出,其他鄉鎮,202
110,2,5,新莊區,,,,無年齡維度,0.0,男,遷出,其他鄉鎮,186
110,2,5,新莊區,,,,無年齡維度,0.0,女,遷出,合計,578
110,2,5,新莊區,,,,無年齡維度,0.0,男,遷出,合計,458
110,2,5,新莊區,,,,無年齡維度,0.0,女,遷出,國外,74
110,2,5,新莊區,,,,無年齡維度,0.0,男,遷出,國外,52
110,2,5,新莊區,,,,無年齡維度,0.0,女,遷出,新北市內,0
110,2,5,新莊區,,,,無年齡維度,0.0,男,遷出,新北市內,0
110,2,5,新莊區,,,,無年齡維度,0.0,女,遷出,桃園市,105
110,2,5,新莊區,,,,無年齡維度,0.0,男,遷出,桃園市,73
110,2,5,新莊區,,,,無年齡維度,0.0,女,遷出,福建省,7
110,2,5,新莊區,,,,無年齡維度,0.0,男,遷出,福建省,1
110,2,5,新莊區,,,,無年齡維度,0.0,女,遷出,臺中市,29
110,2,5,新莊區,,,,無年齡維度,0.0,男,遷出,臺中市,18
110,2,5,新莊區,,,,無年齡維度,0.0,女,遷出,臺北市,65
110,2,5,新莊區,,,,無年齡維度,0.0,男,遷出,臺北市,45
110,2,5,新莊區,,,,無年齡維度,0.0,女,遷出,臺南市,11
110,2,5,新莊區,,,,無年齡維度,0.0,男,遷出,臺南市,3
110,2,5,新莊區,,,,無年齡維度,0.0,女,遷出,臺灣省,72
110,2,5,新莊區,,,,無年齡維度,0.0,男,遷出,臺灣省,72
110,2,5,新莊區,,,,無年齡維度,0.0,女,遷出,高雄市,13
110,2,5,新莊區,,,,無年齡維度,0.0,男,遷出,高雄市,8
110,2,6,新店區,,,,無年齡維度,0.0,女,遷入,migrants,332
110,2,6,新店區,,,,無年齡維度,0.0,男,遷入,migrants,287
110,2,6,新店區,,,,無年齡維度,0.0,女,遷入,other,0
110,2,6,新店區,,,,無年齡維度,0.0,男,遷入,other,0
110,2,6,新店區,,,,無年齡維度,0.0,女,遷入,其他縣市,0
110,2,6,新店區,,,,無年齡維度,0.0,男,遷入,其他縣市,0
110,2,6,新店區,,,,無年齡維度,0.0,女,遷入,其他鄉鎮,137
110,2,6,新店區,,,,無年齡維度,0.0,男,遷入,其他鄉鎮,99
110,2,6,新店區,,,,無年齡維度,0.0,女,遷入,合計,476
110,2,6,新店區,,,,無年齡維度,0.0,男,遷入,合計,386
110,2,6,新店區,,,,無年齡維度,0.0,女,遷入,國外,18
110,2,6,新店區,,,,無年齡維度,0.0,男,遷入,國外,20
110,2,6,新店區,,,,無年齡維度,0.0,女,遷入,新北市內,0
110,2,6,新店區,,,,無年齡維度,0.0,男,遷入,新北市內,0
110,2,6,新店區,,,,無年齡維度,0.0,女,遷入,桃園市,18
110,2,6,新店區,,,,無年齡維度,0.0,男,遷入,桃園市,15
110,2,6,新店區,,,,無年齡維度,0.0,女,遷入,福建省,3
110,2,6,新店區,,,,無年齡維度,0.0,男,遷入,福建省,3
110,2,6,新店區,,,,無年齡維度,0.0,女,遷入,臺中市,8
110,2,6,新店區,,,,無年齡維度,0.0,男,遷入,臺中市,6
110,2,6,新店區,,,,無年齡維度,0.0,女,遷入,臺北市,208
110,2,6,新店區,,,,無年齡維度,0.0,男,遷入,臺北市,180
110,2,6,新店區,,,,無年齡維度,0.0,女,遷入,臺南市,6
110,2,6,新店區,,,,無年齡維度,0.0,男,遷入,臺南市,5
110,2,6,新店區,,,,無年齡維度,0.0,女,遷入,臺灣省,49
110,2,6,新店區,,,,無年齡維度,0.0,男,遷入,臺灣省,41
110,2,6,新店區,,,,無年齡維度,0.0,女,遷入,高雄市,19
110,2,6,新店區,,,,無年齡維度,0.0,男,遷入,高雄市,12
110,2,6,新店區,,,,無年齡維度,0.0,女,遷出,migrants,332
110,2,6,新店區,,,,無年齡維度,0.0,男,遷出,migrants,287
110,2,6,新店區,,,,無年齡維度,0.0,女,遷出,other,0
110,2,6,新店區,,,,無年齡維度,0.0,男,遷出,other,0
110,2,6,新店區,,,,無年齡維度,0.0,女,遷出,其他縣市,0
110,2,6,新店區,,,,無年齡維度,0.0,男,遷出,其他縣市,0
110,2,6,新店區,,,,無年齡維度,0.0,女,遷出,其他鄉鎮,123
110,2,6,新店區,,,,無年齡維度,0.0,男,遷出,其他鄉鎮,96
110,2,6,新店區,,,,無年齡維度,0.0,女,遷出,合計,500
110,2,6,新店區,,,,無年齡維度,0.0,男,遷出,合計,416
110,2,6,新店區,,,,無年齡維度,0.0,女,遷出,國外,120
110,2,6,新店區,,,,無年齡維度,0.0,男,遷出,國外,89
110,2,6,新店區,,,,無年齡維度,0.0,女,遷出,新北市內,0
110,2,6,新店區,,,,無年齡維度,0.0,男,遷出,新北市內,0
110,2,6,新店區,,,,無年齡維度,0.0,女,遷出,桃園市,33
110,2,6,新店區,,,,無年齡維度,0.0,男,遷出,桃園市,24
110,2,6,新店區,,,,無年齡維度,0.0,女,遷出,福建省,0
110,2,6,新店區,,,,無年齡維度,0.0,男,遷出,福建省,3
110,2,6,新店區,,,,無年齡維度,0.0,女,遷出,臺中市,15
110,2,6,新店區,,,,無年齡維度,0.0,男,遷出,臺中市,6
110,2,6,新店區,,,,無年齡維度,0.0,女,遷出,臺北市,127
110,2,6,新店區,,,,無年齡維度,0.0,男,遷出,臺北市,135
110,2,6,新店區,,,,無年齡維度,0.0,女,遷出,臺南市,9
110,2,6,新店區,,,,無年齡維度,0.0,男,遷出,臺南市,4
110,2,6,新店區,,,,無年齡維度,0.0,女,遷出,臺灣省,58
110,2,6,新店區,,,,無年齡維度,0.0,男,遷出,臺灣省,49
110,2,6,新店區,,,,無年齡維度,0.0,女,遷出,高雄市,15
110,2,6,新店區,,,,無年齡維度,0.0,男,遷出,高雄市,9
110,2,7,土城區,,,,無年齡維度,0.0,女,遷入,migrants,158
110,2,7,土城區,,,,無年齡維度,0.0,男,遷入,migrants,133
110,2,7,土城區,,,,無年齡維度,0.0,女,遷入,other,0
110,2,7,土城區,,,,無年齡維度,0.0,男,遷入,other,0
110,2,7,土城區,,,,無年齡維度,0.0,女,遷入,其他縣市,0
110,2,7,土城區,,,,無年齡維度,0.0,男,遷入,其他縣市,0
110,2,7,土城區,,,,無年齡維度,0.0,女,遷入,其他鄉鎮,116
110,2,7,土城區,,,,無年齡維度,0.0,男,遷入,其他鄉鎮,110
110,2,7,土城區,,,,無年齡維度,0.0,女,遷入,合計,242
110,2,7,土城區,,,,無年齡維度,0.0,男,遷入,合計,211
110,2,7,土城區,,,,無年齡維度,0.0,女,遷入,國外,4
110,2,7,土城區,,,,無年齡維度,0.0,男,遷入,國外,4
110,2,7,土城區,,,,無年齡維度,0.0,女,遷入,新北市內,0
110,2,7,土城區,,,,無年齡維度,0.0,男,遷入,新北市內,0
110,2,7,土城區,,,,無年齡維度,0.0,女,遷入,桃園市,27
110,2,7,土城區,,,,無年齡維度,0.0,男,遷入,桃園市,18
110,2,7,土城區,,,,無年齡維度,0.0,女,遷入,福建省,4
110,2,7,土城區,,,,無年齡維度,0.0,男,遷入,福建省,4
110,2,7,土城區,,,,無年齡維度,0.0,女,遷入,臺中市,9
110,2,7,土城區,,,,無年齡維度,0.0,男,遷入,臺中市,4
110,2,7,土城區,,,,無年齡維度,0.0,女,遷入,臺北市,41
110,2,7,土城區,,,,無年齡維度,0.0,男,遷入,臺北市,35
110,2,7,土城區,,,,無年齡維度,0.0,女,遷入,臺南市,3
110,2,7,土城區,,,,無年齡維度,0.0,男,遷入,臺南市,2
110,2,7,土城區,,,,無年齡維度,0.0,女,遷入,臺灣省,26
110,2,7,土城區,,,,無年齡維度,0.0,男,遷入,臺灣省,27
110,2,7,土城區,,,,無年齡維度,0.0,女,遷入,高雄市,6
110,2,7,土城區,,,,無年齡維度,0.0,男,遷入,高雄市,6
110,2,7,土城區,,,,無年齡維度,0.0,女,遷出,migrants,158
110,2,7,土城區,,,,無年齡維度,0.0,男,遷出,migrants,133
110,2,7,土城區,,,,無年齡維度,0.0,女,遷出,other,0
110,2,7,土城區,,,,無年齡維度,0.0,男,遷出,other,0
110,2,7,土城區,,,,無年齡維度,0.0,女,遷出,其他縣市,0
110,2,7,土城區,,,,無年齡維度,0.0,男,遷出,其他縣市,0
110,2,7,土城區,,,,無年齡維度,0.0,女,遷出,其他鄉鎮,167
110,2,7,土城區,,,,無年齡維度,0.0,男,遷出,其他鄉鎮,139
110,2,7,土城區,,,,無年齡維度,0.0,女,遷出,合計,321
110,2,7,土城區,,,,無年齡維度,0.0,男,遷出,合計,245
110,2,7,土城區,,,,無年齡維度,0.0,女,遷出,國外,27
110,2,7,土城區,,,,無年齡維度,0.0,男,遷出,國外,17
110,2,7,土城區,,,,無年齡維度,0.0,女,遷出,新北市內,0
110,2,7,土城區,,,,無年齡維度,0.0,男,遷出,新北市內,0
110,2,7,土城區,,,,無年齡維度,0.0,女,遷出,桃園市,35
110,2,7,土城區,,,,無年齡維度,0.0,男,遷出,桃園市,18
110,2,7,土城區,,,,無年齡維度,0.0,女,遷出,福建省,2
110,2,7,土城區,,,,無年齡維度,0.0,男,遷出,福建省,0
110,2,7,土城區,,,,無年齡維度,0.0,女,遷出,臺中市,8
110,2,7,土城區,,,,無年齡維度,0.0,男,遷出,臺中市,6
110,2,7,土城區,,,,無年齡維度,0.0,女,遷出,臺北市,27
110,2,7,土城區,,,,無年齡維度,0.0,男,遷出,臺北市,21
110,2,7,土城區,,,,無年齡維度,0.0,女,遷出,臺南市,2
110,2,7,土城區,,,,無年齡維度,0.0,男,遷出,臺南市,0
110,2,7,土城區,,,,無年齡維度,0.0,女,遷出,臺灣省,46
110,2,7,土城區,,,,無年齡維度,0.0,男,遷出,臺灣省,37
110,2,7,土城區,,,,無年齡維度,0.0,女,遷出,高雄市,5
110,2,7,土城區,,,,無年齡維度,0.0,男,遷出,高雄市,7
110,2,8,蘆洲區,,,,無年齡維度,0.0,女,遷入,migrants,100
110,2,8,蘆洲區,,,,無年齡維度,0.0,男,遷入,migrants,75
110,2,8,蘆洲區,,,,無年齡維度,0.0,女,遷入,other,0
110,2,8,蘆洲區,,,,無年齡維度,0.0,男,遷入,other,0
110,2,8,蘆洲區,,,,無年齡維度,0.0,女,遷入,其他縣市,0
110,2,8,蘆洲區,,,,無年齡維度,0.0,男,遷入,其他縣市,0
110,2,8,蘆洲區,,,,無年齡維度,0.0,女,遷入,其他鄉鎮,57
110,2,8,蘆洲區,,,,無年齡維度,0.0,男,遷入,其他鄉鎮,38
110,2,8,蘆洲區,,,,無年齡維度,0.0,女,遷入,合計,142
110,2,8,蘆洲區,,,,無年齡維度,0.0,男,遷入,合計,112
110,2,8,蘆洲區,,,,無年齡維度,0.0,女,遷入,國外,0
110,2,8,蘆洲區,,,,無年齡維度,0.0,男,遷入,國外,0
110,2,8,蘆洲區,,,,無年齡維度,0.0,女,遷入,新北市內,0
110,2,8,蘆洲區,,,,無年齡維度,0.0,男,遷入,新北市內,0
110,2,8,蘆洲區,,,,無年齡維度,0.0,女,遷入,桃園市,45
110,2,8,蘆洲區,,,,無年齡維度,0.0,男,遷入,桃園市,44
110,2,8,蘆洲區,,,,無年齡維度,0.0,女,遷入,福建省,1
110,2,8,蘆洲區,,,,無年齡維度,0.0,男,遷入,福建省,1
110,2,8,蘆洲區,,,,無年齡維度,0.0,女,遷入,臺中市,2
110,2,8,蘆洲區,,,,無年齡維度,0.0,男,遷入,臺中市,1
110,2,8,蘆洲區,,,,無年齡維度,0.0,女,遷入,臺北市,14
110,2,8,蘆洲區,,,,無年齡維度,0.0,男,遷入,臺北市,8
110,2,8,蘆洲區,,,,無年齡維度,0.0,女,遷入,臺南市,2
110,2,8,蘆洲區,,,,無年齡維度,0.0,男,遷入,臺南市,1
110,2,8,蘆洲區,,,,無年齡維度,0.0,女,遷入,臺灣省,12
110,2,8,蘆洲區,,,,無年齡維度,0.0,男,遷入,臺灣省,16
110,2,8,蘆洲區,,,,無年齡維度,0.0,女,遷入,高雄市,6
110,2,8,蘆洲區,,,,無年齡維度,0.0,男,遷入,高雄市,3
110,2,8,蘆洲區,,,,無年齡維度,0.0,女,遷出,migrants,100
110,2,8,蘆洲區,,,,無年齡維度,0.0,男,遷出,migrants,75
110,2,8,蘆洲區,,,,無年齡維度,0.0,女,遷出,other,0
110,2,8,蘆洲區,,,,無年齡維度,0.0,男,遷出,other,0
110,2,8,蘆洲區,,,,無年齡維度,0.0,女,遷出,其他縣市,0
110,2,8,蘆洲區,,,,無年齡維度,0.0,男,遷出,其他縣市,0
110,2,8,蘆洲區,,,,無年齡維度,0.0,女,遷出,其他鄉鎮,30
110,2,8,蘆洲區,,,,無年齡維度,0.0,男,遷出,其他鄉鎮,25
110,2,8,蘆洲區,,,,無年齡維度,0.0,女,遷出,合計,147
110,2,8,蘆洲區,,,,無年齡維度,0.0,男,遷出,合計,108
110,2,8,蘆洲區,,,,無年齡維度,0.0,女,遷出,國外,12
110,2,8,蘆洲區,,,,無年齡維度,0.0,男,遷出,國外,12
110,2,8,蘆洲區,,,,無年齡維度,0.0,女,遷出,新北市內,0
110,2,8,蘆洲區,,,,無年齡維度,0.0,男,遷出,新北市內,0
110,2,8,蘆洲區,,,,無年齡維度,0.0,女,遷出,桃園市,65
110,2,8,蘆洲區,,,,無年齡維度,0.0,男,遷出,桃園市,46
110,2,8,蘆洲區,,,,無年齡維度,0.0,女,遷出,福建省,1
110,2,8,蘆洲區,,,,無年齡維度,0.0,男,遷出,福建省,2
110,2,8,蘆洲區,,,,無年齡維度,0.0,女,遷出,臺中市,1
110,2,8,蘆洲區,,,,無年齡維度,0.0,男,遷出,臺中市,2
110,2,8,蘆洲區,,,,無年齡維度,0.0,女,遷出,臺北市,11
110,2,8,蘆洲區,,,,無年齡維度,0.0,男,遷出,臺北市,5
110,2,8,蘆洲區,,,,無年齡維度,0.0,女,遷出,臺南市,5
110,2,8,蘆洲區,,,,無年齡維度,0.0,男,遷出,臺南市,4
110,2,8,蘆洲區,,,,無年齡維度,0.0,女,遷出,臺灣省,16
110,2,8,蘆洲區,,,,無年齡維度,0.0,男,遷出,臺灣省,11
110,2,8,蘆洲區,,,,無年齡維度,0.0,女,遷出,高雄市,5
110,2,8,蘆洲區,,,,無年齡維度,0.0,男,遷出,高雄市,1
110,2,9,樹林區,,,,無年齡維度,0.0,女,遷入,migrants,105
110,2,9,樹林區,,,,無年齡維度,0.0,男,遷入,migrants,114
110,2,9,樹林區,,,,無年齡維度,0.0,女,遷入,other,0
110,2,9,樹林區,,,,無年齡維度,0.0,男,遷入,other,0
110,2,9,樹林區,,,,無年齡維度,0.0,女,遷入,其他縣市,0
110,2,9,樹林區,,,,無年齡維度,0.0,男,遷入,其他縣市,0
110,2,9,樹林區,,,,無年齡維度,0.0,女,遷入,其他鄉鎮,93
110,2,9,樹林區,,,,無年齡維度,0.0,男,遷入,其他鄉鎮,75
110,2,9,樹林區,,,,無年齡維度,0.0,女,遷入,合計,165
110,2,9,樹林區,,,,無年齡維度,0.0,男,遷入,合計,146
110,2,9,樹林區,,,,無年齡維度,0.0,女,遷入,國外,1
110,2,9,樹林區,,,,無年齡維度,0.0,男,遷入,國外,4
110,2,9,樹林區,,,,無年齡維度,0.0,女,遷入,新北市內,0
110,2,9,樹林區,,,,無年齡維度,0.0,男,遷入,新北市內,0
110,2,9,樹林區,,,,無年齡維度,0.0,女,遷入,桃園市,24
110,2,9,樹林區,,,,無年齡維度,0.0,男,遷入,桃園市,18
110,2,9,樹林區,,,,無年齡維度,0.0,女,遷入,福建省,0
110,2,9,樹林區,,,,無年齡維度,0.0,男,遷入,福建省,2
110,2,9,樹林區,,,,無年齡維度,0.0,女,遷入,臺中市,1
110,2,9,樹林區,,,,無年齡維度,0.0,男,遷入,臺中市,2
110,2,9,樹林區,,,,無年齡維度,0.0,女,遷入,臺北市,17
110,2,9,樹林區,,,,無年齡維度,0.0,男,遷入,臺北市,20
110,2,9,樹林區,,,,無年齡維度,0.0,女,遷入,臺南市,2
110,2,9,樹林區,,,,無年齡維度,0.0,男,遷入,臺南市,2
110,2,9,樹林區,,,,無年齡維度,0.0,女,遷入,臺灣省,11
110,2,9,樹林區,,,,無年齡維度,0.0,男,遷入,臺灣省,16
110,2,9,樹林區,,,,無年齡維度,0.0,女,遷入,高雄市,7
110,2,9,樹林區,,,,無年齡維度,0.0,男,遷入,高雄市,4
110,2,9,樹林區,,,,無年齡維度,0.0,女,遷出,migrants,105
110,2,9,樹林區,,,,無年齡維度,0.0,男,遷出,migrants,114
110,2,9,樹林區,,,,無年齡維度,0.0,女,遷出,other,0
110,2,9,樹林區,,,,無年齡維度,0.0,男,遷出,other,0
110,2,9,樹林區,,,,無年齡維度,0.0,女,遷出,其他縣市,0
110,2,9,樹林區,,,,無年齡維度,0.0,男,遷出,其他縣市,0
110,2,9,樹林區,,,,無年齡維度,0.0,女,遷出,其他鄉鎮,76
110,2,9,樹林區,,,,無年齡維度,0.0,男,遷出,其他鄉鎮,55
110,2,9,樹林區,,,,無年齡維度,0.0,女,遷出,合計,214
110,2,9,樹林區,,,,無年齡維度,0.0,男,遷出,合計,166
110,2,9,樹林區,,,,無年齡維度,0.0,女,遷出,國外,30
110,2,9,樹林區,,,,無年齡維度,0.0,男,遷出,國外,35
110,2,9,樹林區,,,,無年齡維度,0.0,女,遷出,新北市內,0
110,2,9,樹林區,,,,無年齡維度,0.0,男,遷出,新北市內,0
110,2,9,樹林區,,,,無年齡維度,0.0,女,遷出,桃園市,46
110,2,9,樹林區,,,,無年齡維度,0.0,男,遷出,桃園市,35
110,2,9,樹林區,,,,無年齡維度,0.0,女,遷出,福建省,1
110,2,9,樹林區,,,,無年齡維度,0.0,男,遷出,福建省,1
110,2,9,樹林區,,,,無年齡維度,0.0,女,遷出,臺中市,8
110,2,9,樹林區,,,,無年齡維度,0.0,男,遷出,臺中市,1
110,2,9,樹林區,,,,無年齡維度,0.0,女,遷出,臺北市,18
110,2,9,樹林區,,,,無年齡維度,0.0,男,遷出,臺北市,10
110,2,9,樹林區,,,,無年齡維度,0.0,女,遷出,臺南市,5
110,2,9,樹林區,,,,無年齡維度,0.0,男,遷出,臺南市,5
110,2,9,樹林區,,,,無年齡維度,0.0,女,遷出,臺灣省,26
110,2,9,樹林區,,,,無年齡維度,0.0,男,遷出,臺灣省,20
110,2,9,樹林區,,,,無年齡維度,0.0,女,遷出,高雄市,4
110,2,9,樹林區,,,,無年齡維度,0.0,男,遷出,高雄市,4
110,2,10,鶯歌區,,,,無年齡維度,0.0,女,遷入,migrants,260
110,2,10,鶯歌區,,,,無年齡維度,0.0,男,遷入,migrants,222
110,2,10,鶯歌區,,,,無年齡維度,0.0,女,遷入,other,0
110,2,10,鶯歌區,,,,無年齡維度,0.0,男,遷入,other,0
110,2,10,鶯歌區,,,,無年齡維度,0.0,女,遷入,其他縣市,0
110,2,10,鶯歌區,,,,無年齡維度,0.0,男,遷入,其他縣市,0
110,2,10,鶯歌區,,,,無年齡維度,0.0,女,遷入,其他鄉鎮,94
110,2,10,鶯歌區,,,,無年齡維度,0.0,男,遷入,其他鄉鎮,77
110,2,10,鶯歌區,,,,無年齡維度,0.0,女,遷入,合計,360
110,2,10,鶯歌區,,,,無年齡維度,0.0,男,遷入,合計,342
110,2,10,鶯歌區,,,,無年齡維度,0.0,女,遷入,國外,17
110,2,10,鶯歌區,,,,無年齡維度,0.0,男,遷入,國外,11
110,2,10,鶯歌區,,,,無年齡維度,0.0,女,遷入,新北市內,0
110,2,10,鶯歌區,,,,無年齡維度,0.0,男,遷入,新北市內,0
110,2,10,鶯歌區,,,,無年齡維度,0.0,女,遷入,桃園市,8
110,2,10,鶯歌區,,,,無年齡維度,0.0,男,遷入,桃園市,15
110,2,10,鶯歌區,,,,無年齡維度,0.0,女,遷入,福建省,1
110,2,10,鶯歌區,,,,無年齡維度,0.0,男,遷入,福建省,1
110,2,10,鶯歌區,,,,無年齡維度,0.0,女,遷入,臺中市,5
110,2,10,鶯歌區,,,,無年齡維度,0.0,男,遷入,臺中市,7
110,2,10,鶯歌區,,,,無年齡維度,0.0,女,遷入,臺北市,179
110,2,10,鶯歌區,,,,無年齡維度,0.0,男,遷入,臺北市,185
110,2,10,鶯歌區,,,,無年齡維度,0.0,女,遷入,臺南市,4
110,2,10,鶯歌區,,,,無年齡維度,0.0,男,遷入,臺南市,8
110,2,10,鶯歌區,,,,無年齡維度,0.0,女,遷入,臺灣省,36
110,2,10,鶯歌區,,,,無年齡維度,0.0,男,遷入,臺灣省,22
110,2,10,鶯歌區,,,,無年齡維度,0.0,女,遷入,高雄市,8
110,2,10,鶯歌區,,,,無年齡維度,0.0,男,遷入,高雄市,9
110,2,10,鶯歌區,,,,無年齡維度,0.0,女,遷出,migrants,260
110,2,10,鶯歌區,,,,無年齡維度,0.0,男,遷出,migrants,222
110,2,10,鶯歌區,,,,無年齡維度,0.0,女,遷出,other,0
110,2,10,鶯歌區,,,,無年齡維度,0.0,男,遷出,other,0
110,2,10,鶯歌區,,,,無年齡維度,0.0,女,遷出,其他縣市,0
110,2,10,鶯歌區,,,,無年齡維度,0.0,男,遷出,其他縣市,0
110,2,10,鶯歌區,,,,無年齡維度,0.0,女,遷出,其他鄉鎮,65
110,2,10,鶯歌區,,,,無年齡維度,0.0,男,遷出,其他鄉鎮,45
110,2,10,鶯歌區,,,,無年齡維度,0.0,女,遷出,合計,267
110,2,10,鶯歌區,,,,無年齡維度,0.0,男,遷出,合計,214
110,2,10,鶯歌區,,,,無年齡維度,0.0,女,遷出,國外,48
110,2,10,鶯歌區,,,,無年齡維度,0.0,男,遷出,國外,45
110,2,10,鶯歌區,,,,無年齡維度,0.0,女,遷出,新北市內,0
110,2,10,鶯歌區,,,,無年齡維度,0.0,男,遷出,新北市內,0
110,2,10,鶯歌區,,,,無年齡維度,0.0,女,遷出,桃園市,16
110,2,10,鶯歌區,,,,無年齡維度,0.0,男,遷出,桃園市,10
110,2,10,鶯歌區,,,,無年齡維度,0.0,女,遷出,福建省,1
110,2,10,鶯歌區,,,,無年齡維度,0.0,男,遷出,福建省,2
110,2,10,鶯歌區,,,,無年齡維度,0.0,女,遷出,臺中市,11
110,2,10,鶯歌區,,,,無年齡維度,0.0,男,遷出,臺中市,2
110,2,10,鶯歌區,,,,無年齡維度,0.0,女,遷出,臺北市,90
110,2,10,鶯歌區,,,,無年齡維度,0.0,男,遷出,臺北市,71
110,2,10,鶯歌區,,,,無年齡維度,0.0,女,遷出,臺南市,8
110,2,10,鶯歌區,,,,無年齡維度,0.0,男,遷出,臺南市,7
110,2,10,鶯歌區,,,,無年齡維度,0.0,女,遷出,臺灣省,24
110,2,10,鶯歌區,,,,無年齡維度,0.0,男,遷出,臺灣省,24
110,2,10,鶯歌區,,,,無年齡維度,0.0,女,遷出,高雄市,4
110,2,10,鶯歌區,,,,無年齡維度,0.0,男,遷出,高雄市,8
110,2,11,三峽區,,,,無年齡維度,0.0,女,遷入,migrants,215
110,2,11,三峽區,,,,無年齡維度,0.0,男,遷入,migrants,217
110,2,11,三峽區,,,,無年齡維度,0.0,女,遷入,other,0
110,2,11,三峽區,,,,無年齡維度,0.0,男,遷入,other,0
110,2,11,三峽區,,,,無年齡維度,0.0,女,遷入,其他縣市,0
110,2,11,三峽區,,,,無年齡維度,0.0,男,遷入,其他縣市,0
110,2,11,三峽區,,,,無年齡維度,0.0,女,遷入,其他鄉鎮,38
110,2,11,三峽區,,,,無年齡維度,0.0,男,遷入,其他鄉鎮,43
110,2,11,三峽區,,,,無年齡維度,0.0,女,遷入,合計,389
110,2,11,三峽區,,,,無年齡維度,0.0,男,遷入,合計,334
110,2,11,三峽區,,,,無年齡維度,0.0,女,遷入,國外,7
110,2,11,三峽區,,,,無年齡維度,0.0,男,遷入,國外,5
110,2,11,三峽區,,,,無年齡維度,0.0,女,遷入,新北市內,0
110,2,11,三峽區,,,,無年齡維度,0.0,男,遷入,新北市內,0
110,2,11,三峽區,,,,無年齡維度,0.0,女,遷入,桃園市,19
110,2,11,三峽區,,,,無年齡維度,0.0,男,遷入,桃園市,13
110,2,11,三峽區,,,,無年齡維度,0.0,女,遷入,福建省,1
110,2,11,三峽區,,,,無年齡維度,0.0,男,遷入,福建省,0
110,2,11,三峽區,,,,無年齡維度,0.0,女,遷入,臺中市,14
110,2,11,三峽區,,,,無年齡維度,0.0,男,遷入,臺中市,6
110,2,11,三峽區,,,,無年齡維度,0.0,女,遷入,臺北市,244
110,2,11,三峽區,,,,無年齡維度,0.0,男,遷入,臺北市,208
110,2,11,三峽區,,,,無年齡維度,0.0,女,遷入,臺南市,5
110,2,11,三峽區,,,,無年齡維度,0.0,男,遷入,臺南市,3
110,2,11,三峽區,,,,無年齡維度,0.0,女,遷入,臺灣省,42
110,2,11,三峽區,,,,無年齡維度,0.0,男,遷入,臺灣省,40
110,2,11,三峽區,,,,無年齡維度,0.0,女,遷入,高雄市,9
110,2,11,三峽區,,,,無年齡維度,0.0,男,遷入,高雄市,9
110,2,11,三峽區,,,,無年齡維度,0.0,女,遷出,migrants,215
110,2,11,三峽區,,,,無年齡維度,0.0,男,遷出,migrants,217
110,2,11,三峽區,,,,無年齡維度,0.0,女,遷出,other,0
110,2,11,三峽區,,,,無年齡維度,0.0,男,遷出,other,0
110,2,11,三峽區,,,,無年齡維度,0.0,女,遷出,其他縣市,0
110,2,11,三峽區,,,,無年齡維度,0.0,男,遷出,其他縣市,0
110,2,11,三峽區,,,,無年齡維度,0.0,女,遷出,其他鄉鎮,48
110,2,11,三峽區,,,,無年齡維度,0.0,男,遷出,其他鄉鎮,37
110,2,11,三峽區,,,,無年齡維度,0.0,女,遷出,合計,326
110,2,11,三峽區,,,,無年齡維度,0.0,男,遷出,合計,320
110,2,11,三峽區,,,,無年齡維度,0.0,女,遷出,國外,29
110,2,11,三峽區,,,,無年齡維度,0.0,男,遷出,國外,41
110,2,11,三峽區,,,,無年齡維度,0.0,女,遷出,新北市內,0
110,2,11,三峽區,,,,無年齡維度,0.0,男,遷出,新北市內,0
110,2,11,三峽區,,,,無年齡維度,0.0,女,遷出,桃園市,17
110,2,11,三峽區,,,,無年齡維度,0.0,男,遷出,桃園市,28
110,2,11,三峽區,,,,無年齡維度,0.0,女,遷出,福建省,2
110,2,11,三峽區,,,,無年齡維度,0.0,男,遷出,福建省,2
110,2,11,三峽區,,,,無年齡維度,0.0,女,遷出,臺中市,8
110,2,11,三峽區,,,,無年齡維度,0.0,男,遷出,臺中市,4
110,2,11,三峽區,,,,無年齡維度,0.0,女,遷出,臺北市,151
110,2,11,三峽區,,,,無年齡維度,0.0,男,遷出,臺北市,120
110,2,11,三峽區,,,,無年齡維度,0.0,女,遷出,臺南市,6
110,2,11,三峽區,,,,無年齡維度,0.0,男,遷出,臺南市,6
110,2,11,三峽區,,,,無年齡維度,0.0,女,遷出,臺灣省,57
110,2,11,三峽區,,,,無年齡維度,0.0,男,遷出,臺灣省,72
110,2,11,三峽區,,,,無年齡維度,0.0,女,遷出,高雄市,8
110,2,11,三峽區,,,,無年齡維度,0.0,男,遷出,高雄市,10
110,2,12,淡水區,,,,無年齡維度,0.0,女,遷入,migrants,20
110,2,12,淡水區,,,,無年齡維度,0.0,男,遷入,migrants,25
110,2,12,淡水區,,,,無年齡維度,0.0,女,遷入,other,0
110,2,12,淡水區,,,,無年齡維度,0.0,男,遷入,other,0
110,2,12,淡水區,,,,無年齡維度,0.0,女,遷入,其他縣市,0
110,2,12,淡水區,,,,無年齡維度,0.0,男,遷入,其他縣市,0
110,2,12,淡水區,,,,無年齡維度,0.0,女,遷入,其他鄉鎮,8
110,2,12,淡水區,,,,無年齡維度,0.0,男,遷入,其他鄉鎮,7
110,2,12,淡水區,,,,無年齡維度,0.0,女,遷入,合計,37
110,2,12,淡水區,,,,無年齡維度,0.0,男,遷入,合計,36
110,2,12,淡水區,,,,無年齡維度,0.0,女,遷入,國外,0
110,2,12,淡水區,,,,無年齡維度,0.0,男,遷入,國外,0
110,2,12,淡水區,,,,無年齡維度,0.0,女,遷入,新北市內,0
110,2,12,淡水區,,,,無年齡維度,0.0,男,遷入,新北市內,0
110,2,12,淡水區,,,,無年齡維度,0.0,女,遷入,桃園市,2
110,2,12,淡水區,,,,無年齡維度,0.0,男,遷入,桃園市,2
110,2,12,淡水區,,,,無年齡維度,0.0,女,遷入,福建省,0
110,2,12,淡水區,,,,無年齡維度,0.0,男,遷入,福建省,1
110,2,12,淡水區,,,,無年齡維度,0.0,女,遷入,臺中市,0
110,2,12,淡水區,,,,無年齡維度,0.0,男,遷入,臺中市,2
110,2,12,淡水區,,,,無年齡維度,0.0,女,遷入,臺北市,1
110,2,12,淡水區,,,,無年齡維度,0.0,男,遷入,臺北市,7
110,2,12,淡水區,,,,無年齡維度,0.0,女,遷入,臺南市,0
110,2,12,淡水區,,,,無年齡維度,0.0,男,遷入,臺南市,0
110,2,12,淡水區,,,,無年齡維度,0.0,女,遷入,臺灣省,24
110,2,12,淡水區,,,,無年齡維度,0.0,男,遷入,臺灣省,17
110,2,12,淡水區,,,,無年齡維度,0.0,女,遷入,高雄市,2
110,2,12,淡水區,,,,無年齡維度,0.0,男,遷入,高雄市,0
110,2,12,淡水區,,,,無年齡維度,0.0,女,遷出,migrants,20
110,2,12,淡水區,,,,無年齡維度,0.0,男,遷出,migrants,25
110,2,12,淡水區,,,,無年齡維度,0.0,女,遷出,other,0
110,2,12,淡水區,,,,無年齡維度,0.0,男,遷出,other,0
110,2,12,淡水區,,,,無年齡維度,0.0,女,遷出,其他縣市,0
110,2,12,淡水區,,,,無年齡維度,0.0,男,遷出,其他縣市,0
110,2,12,淡水區,,,,無年齡維度,0.0,女,遷出,其他鄉鎮,15
110,2,12,淡水區,,,,無年齡維度,0.0,男,遷出,其他鄉鎮,9
110,2,12,淡水區,,,,無年齡維度,0.0,女,遷出,合計,43
110,2,12,淡水區,,,,無年齡維度,0.0,男,遷出,合計,62
110,2,12,淡水區,,,,無年齡維度,0.0,女,遷出,國外,1
110,2,12,淡水區,,,,無年齡維度,0.0,男,遷出,國外,3
110,2,12,淡水區,,,,無年齡維度,0.0,女,遷出,新北市內,0
110,2,12,淡水區,,,,無年齡維度,0.0,男,遷出,新北市內,0
110,2,12,淡水區,,,,無年齡維度,0.0,女,遷出,桃園市,2
110,2,12,淡水區,,,,無年齡維度,0.0,男,遷出,桃園市,4
110,2,12,淡水區,,,,無年齡維度,0.0,女,遷出,福建省,0
110,2,12,淡水區,,,,無年齡維度,0.0,男,遷出,福建省,0
110,2,12,淡水區,,,,無年齡維度,0.0,女,遷出,臺中市,0
110,2,12,淡水區,,,,無年齡維度,0.0,男,遷出,臺中市,2
110,2,12,淡水區,,,,無年齡維度,0.0,女,遷出,臺北市,5
110,2,12,淡水區,,,,無年齡維度,0.0,男,遷出,臺北市,3
110,2,12,淡水區,,,,無年齡維度,0.0,女,遷出,臺南市,0
110,2,12,淡水區,,,,無年齡維度,0.0,男,遷出,臺南市,0
110,2,12,淡水區,,,,無年齡維度,0.0,女,遷出,臺灣省,20
110,2,12,淡水區,,,,無年齡維度,0.0,男,遷出,臺灣省,38
110,2,12,淡水區,,,,無年齡維度,0.0,女,遷出,高雄市,0
110,2,12,淡水區,,,,無年齡維度,0.0,男,遷出,高雄市,3
110,2,13,汐止區,,,,無年齡維度,0.0,女,遷入,migrants,253
110,2,13,汐止區,,,,無年齡維度,0.0,男,遷入,migrants,231
110,2,13,汐止區,,,,無年齡維度,0.0,女,遷入,other,0
110,2,13,汐止區,,,,無年齡維度,0.0,男,遷入,other,0
110,2,13,汐止區,,,,無年齡維度,0.0,女,遷入,其他縣市,0
110,2,13,汐止區,,,,無年齡維度,0.0,男,遷入,其他縣市,0
110,2,13,汐止區,,,,無年齡維度,0.0,女,遷入,其他鄉鎮,179
110,2,13,汐止區,,,,無年齡維度,0.0,男,遷入,其他鄉鎮,157
110,2,13,汐止區,,,,無年齡維度,0.0,女,遷入,合計,351
110,2,13,汐止區,,,,無年齡維度,0.0,男,遷入,合計,310
110,2,13,汐止區,,,,無年齡維度,0.0,女,遷入,國外,2
110,2,13,汐止區,,,,無年齡維度,0.0,男,遷入,國外,2
110,2,13,汐止區,,,,無年齡維度,0.0,女,遷入,新北市內,0
110,2,13,汐止區,,,,無年齡維度,0.0,男,遷入,新北市內,0
110,2,13,汐止區,,,,無年齡維度,0.0,女,遷入,桃園市,29
110,2,13,汐止區,,,,無年齡維度,0.0,男,遷入,桃園市,21
110,2,13,汐止區,,,,無年齡維度,0.0,女,遷入,福建省,5
110,2,13,汐止區,,,,無年齡維度,0.0,男,遷入,福建省,3
110,2,13,汐止區,,,,無年齡維度,0.0,女,遷入,臺中市,4
110,2,13,汐止區,,,,無年齡維度,0.0,男,遷入,臺中市,7
110,2,13,汐止區,,,,無年齡維度,0.0,女,遷入,臺北市,73
110,2,13,汐止區,,,,無年齡維度,0.0,男,遷入,臺北市,80
110,2,13,汐止區,,,,無年齡維度,0.0,女,遷入,臺南市,9
110,2,13,汐止區,,,,無年齡維度,0.0,男,遷入,臺南市,6
110,2,13,汐止區,,,,無年齡維度,0.0,女,遷入,臺灣省,30
110,2,13,汐止區,,,,無年齡維度,0.0,男,遷入,臺灣省,30
110,2,13,汐止區,,,,無年齡維度,0.0,女,遷入,高雄市,11
110,2,13,汐止區,,,,無年齡維度,0.0,男,遷入,高雄市,4
110,2,13,汐止區,,,,無年齡維度,0.0,女,遷出,migrants,253
110,2,13,汐止區,,,,無年齡維度,0.0,男,遷出,migrants,231
110,2,13,汐止區,,,,無年齡維度,0.0,女,遷出,other,0
110,2,13,汐止區,,,,無年齡維度,0.0,男,遷出,other,0
110,2,13,汐止區,,,,無年齡維度,0.0,女,遷出,其他縣市,0
110,2,13,汐止區,,,,無年齡維度,0.0,男,遷出,其他縣市,0
110,2,13,汐止區,,,,無年齡維度,0.0,女,遷出,其他鄉鎮,138
110,2,13,汐止區,,,,無年齡維度,0.0,男,遷出,其他鄉鎮,122
110,2,13,汐止區,,,,無年齡維度,0.0,女,遷出,合計,320
110,2,13,汐止區,,,,無年齡維度,0.0,男,遷出,合計,292
110,2,13,汐止區,,,,無年齡維度,0.0,女,遷出,國外,31
110,2,13,汐止區,,,,無年齡維度,0.0,男,遷出,國外,25
110,2,13,汐止區,,,,無年齡維度,0.0,女,遷出,新北市內,0
110,2,13,汐止區,,,,無年齡維度,0.0,男,遷出,新北市內,0
110,2,13,汐止區,,,,無年齡維度,0.0,女,遷出,桃園市,36
110,2,13,汐止區,,,,無年齡維度,0.0,男,遷出,桃園市,32
110,2,13,汐止區,,,,無年齡維度,0.0,女,遷出,福建省,4
110,2,13,汐止區,,,,無年齡維度,0.0,男,遷出,福建省,8
110,2,13,汐止區,,,,無年齡維度,0.0,女,遷出,臺中市,12
110,2,13,汐止區,,,,無年齡維度,0.0,男,遷出,臺中市,13
110,2,13,汐止區,,,,無年齡維度,0.0,女,遷出,臺北市,31
110,2,13,汐止區,,,,無年齡維度,0.0,男,遷出,臺北市,19
110,2,13,汐止區,,,,無年齡維度,0.0,女,遷出,臺南市,5
110,2,13,汐止區,,,,無年齡維度,0.0,男,遷出,臺南市,6
110,2,13,汐止區,,,,無年齡維度,0.0,女,遷出,臺灣省,58
110,2,13,汐止區,,,,無年齡維度,0.0,男,遷出,臺灣省,61
110,2,13,汐止區,,,,無年齡維度,0.0,女,遷出,高雄市,5
110,2,13,汐止區,,,,無年齡維度,0.0,男,遷出,高雄市,6
110,2,14,瑞芳區,,,,無年齡維度,0.0,女,遷入,migrants,158
110,2,14,瑞芳區,,,,無年齡維度,0.0,男,遷入,migrants,134
110,2,14,瑞芳區,,,,無年齡維度,0.0,女,遷入,other,0
110,2,14,瑞芳區,,,,無年齡維度,0.0,男,遷入,other,0
110,2,14,瑞芳區,,,,無年齡維度,0.0,女,遷入,其他縣市,0
110,2,14,瑞芳區,,,,無年齡維度,0.0,男,遷入,其他縣市,0
110,2,14,瑞芳區,,,,無年齡維度,0.0,女,遷入,其他鄉鎮,130
110,2,14,瑞芳區,,,,無年齡維度,0.0,男,遷入,其他鄉鎮,105
110,2,14,瑞芳區,,,,無年齡維度,0.0,女,遷入,合計,294
110,2,14,瑞芳區,,,,無年齡維度,0.0,男,遷入,合計,267
110,2,14,瑞芳區,,,,無年齡維度,0.0,女,遷入,國外,2
110,2,14,瑞芳區,,,,無年齡維度,0.0,男,遷入,國外,1
110,2,14,瑞芳區,,,,無年齡維度,0.0,女,遷入,新北市內,0
110,2,14,瑞芳區,,,,無年齡維度,0.0,男,遷入,新北市內,0
110,2,14,瑞芳區,,,,無年齡維度,0.0,女,遷入,桃園市,14
110,2,14,瑞芳區,,,,無年齡維度,0.0,男,遷入,桃園市,5
110,2,14,瑞芳區,,,,無年齡維度,0.0,女,遷入,福建省,3
110,2,14,瑞芳區,,,,無年齡維度,0.0,男,遷入,福建省,3
110,2,14,瑞芳區,,,,無年齡維度,0.0,女,遷入,臺中市,6
110,2,14,瑞芳區,,,,無年齡維度,0.0,男,遷入,臺中市,1
110,2,14,瑞芳區,,,,無年齡維度,0.0,女,遷入,臺北市,107
110,2,14,瑞芳區,,,,無年齡維度,0.0,男,遷入,臺北市,104
110,2,14,瑞芳區,,,,無年齡維度,0.0,女,遷入,臺南市,4
110,2,14,瑞芳區,,,,無年齡維度,0.0,男,遷入,臺南市,1
110,2,14,瑞芳區,,,,無年齡維度,0.0,女,遷入,臺灣省,27
110,2,14,瑞芳區,,,,無年齡維度,0.0,男,遷入,臺灣省,39
110,2,14,瑞芳區,,,,無年齡維度,0.0,女,遷入,高雄市,0
110,2,14,瑞芳區,,,,無年齡維度,0.0,男,遷入,高雄市,5
110,2,14,瑞芳區,,,,無年齡維度,0.0,女,遷出,migrants,158
110,2,14,瑞芳區,,,,無年齡維度,0.0,男,遷出,migrants,134
110,2,14,瑞芳區,,,,無年齡維度,0.0,女,遷出,other,0
110,2,14,瑞芳區,,,,無年齡維度,0.0,男,遷出,other,0
110,2,14,瑞芳區,,,,無年齡維度,0.0,女,遷出,其他縣市,0
110,2,14,瑞芳區,,,,無年齡維度,0.0,男,遷出,其他縣市,0
110,2,14,瑞芳區,,,,無年齡維度,0.0,女,遷出,其他鄉鎮,138
110,2,14,瑞芳區,,,,無年齡維度,0.0,男,遷出,其他鄉鎮,109
110,2,14,瑞芳區,,,,無年齡維度,0.0,女,遷出,合計,304
110,2,14,瑞芳區,,,,無年齡維度,0.0,男,遷出,合計,257
110,2,14,瑞芳區,,,,無年齡維度,0.0,女,遷出,國外,11
110,2,14,瑞芳區,,,,無年齡維度,0.0,男,遷出,國外,10
110,2,14,瑞芳區,,,,無年齡維度,0.0,女,遷出,新北市內,0
110,2,14,瑞芳區,,,,無年齡維度,0.0,男,遷出,新北市內,0
110,2,14,瑞芳區,,,,無年齡維度,0.0,女,遷出,桃園市,32
110,2,14,瑞芳區,,,,無年齡維度,0.0,男,遷出,桃園市,33
110,2,14,瑞芳區,,,,無年齡維度,0.0,女,遷出,福建省,6
110,2,14,瑞芳區,,,,無年齡維度,0.0,男,遷出,福建省,1
110,2,14,瑞芳區,,,,無年齡維度,0.0,女,遷出,臺中市,10
110,2,14,瑞芳區,,,,無年齡維度,0.0,男,遷出,臺中市,11
110,2,14,瑞芳區,,,,無年齡維度,0.0,女,遷出,臺北市,56
110,2,14,瑞芳區,,,,無年齡維度,0.0,男,遷出,臺北市,48
110,2,14,瑞芳區,,,,無年齡維度,0.0,女,遷出,臺南市,3
110,2,14,瑞芳區,,,,無年齡維度,0.0,男,遷出,臺南市,7
110,2,14,瑞芳區,,,,無年齡維度,0.0,女,遷出,臺灣省,38
110,2,14,瑞芳區,,,,無年齡維度,0.0,男,遷出,臺灣省,30
110,2,14,瑞芳區,,,,無年齡維度,0.0,女,遷出,高雄市,9
110,2,14,瑞芳區,,,,無年齡維度,0.0,男,遷出,高雄市,8
110,2,15,五股區,,,,無年齡維度,0.0,女,遷入,migrants,61
110,2,15,五股區,,,,無年齡維度,0.0,男,遷入,migrants,67
110,2,15,五股區,,,,無年齡維度,0.0,女,遷入,other,0
110,2,15,五股區,,,,無年齡維度,0.0,男,遷入,other,0
110,2,15,五股區,,,,無年齡維度,0.0,女,遷入,其他縣市,0
110,2,15,五股區,,,,無年齡維度,0.0,男,遷入,其他縣市,0
110,2,15,五股區,,,,無年齡維度,0.0,女,遷入,其他鄉鎮,114
110,2,15,五股區,,,,無年齡維度,0.0,男,遷入,其他鄉鎮,111
110,2,15,五股區,,,,無年齡維度,0.0,女,遷入,合計,167
110,2,15,五股區,,,,無年齡維度,0.0,男,遷入,合計,173
110,2,15,五股區,,,,無年齡維度,0.0,女,遷入,國外,1
110,2,15,五股區,,,,無年齡維度,0.0,男,遷入,國外,0
110,2,15,五股區,,,,無年齡維度,0.0,女,遷入,新北市內,0
110,2,15,五股區,,,,無年齡維度,0.0,男,遷入,新北市內,0
110,2,15,五股區,,,,無年齡維度,0.0,女,遷入,桃園市,3
110,2,15,五股區,,,,無年齡維度,0.0,男,遷入,桃園市,5
110,2,15,五股區,,,,無年齡維度,0.0,女,遷入,福建省,0
110,2,15,五股區,,,,無年齡維度,0.0,男,遷入,福建省,0
110,2,15,五股區,,,,無年齡維度,0.0,女,遷入,臺中市,2
110,2,15,五股區,,,,無年齡維度,0.0,男,遷入,臺中市,2
110,2,15,五股區,,,,無年齡維度,0.0,女,遷入,臺北市,26
110,2,15,五股區,,,,無年齡維度,0.0,男,遷入,臺北市,36
110,2,15,五股區,,,,無年齡維度,0.0,女,遷入,臺南市,2
110,2,15,五股區,,,,無年齡維度,0.0,男,遷入,臺南市,3
110,2,15,五股區,,,,無年齡維度,0.0,女,遷入,臺灣省,14
110,2,15,五股區,,,,無年齡維度,0.0,男,遷入,臺灣省,14
110,2,15,五股區,,,,無年齡維度,0.0,女,遷入,高雄市,2
110,2,15,五股區,,,,無年齡維度,0.0,男,遷入,高雄市,2
110,2,15,五股區,,,,無年齡維度,0.0,女,遷出,migrants,61
110,2,15,五股區,,,,無年齡維度,0.0,男,遷出,migrants,67
110,2,15,五股區,,,,無年齡維度,0.0,女,遷出,other,0
110,2,15,五股區,,,,無年齡維度,0.0,男,遷出,other,0
110,2,15,五股區,,,,無年齡維度,0.0,女,遷出,其他縣市,0
110,2,15,五股區,,,,無年齡維度,0.0,男,遷出,其他縣市,0
110,2,15,五股區,,,,無年齡維度,0.0,女,遷出,其他鄉鎮,85
110,2,15,五股區,,,,無年齡維度,0.0,男,遷出,其他鄉鎮,71
110,2,15,五股區,,,,無年齡維度,0.0,女,遷出,合計,148
110,2,15,五股區,,,,無年齡維度,0.0,男,遷出,合計,144
110,2,15,五股區,,,,無年齡維度,0.0,女,遷出,國外,7
110,2,15,五股區,,,,無年齡維度,0.0,男,遷出,國外,10
110,2,15,五股區,,,,無年齡維度,0.0,女,遷出,新北市內,0
110,2,15,五股區,,,,無年齡維度,0.0,男,遷出,新北市內,0
110,2,15,五股區,,,,無年齡維度,0.0,女,遷出,桃園市,10
110,2,15,五股區,,,,無年齡維度,0.0,男,遷出,桃園市,13
110,2,15,五股區,,,,無年齡維度,0.0,女,遷出,福建省,2
110,2,15,五股區,,,,無年齡維度,0.0,男,遷出,福建省,1
110,2,15,五股區,,,,無年齡維度,0.0,女,遷出,臺中市,5
110,2,15,五股區,,,,無年齡維度,0.0,男,遷出,臺中市,2
110,2,15,五股區,,,,無年齡維度,0.0,女,遷出,臺北市,16
110,2,15,五股區,,,,無年齡維度,0.0,男,遷出,臺北市,22
110,2,15,五股區,,,,無年齡維度,0.0,女,遷出,臺南市,4
110,2,15,五股區,,,,無年齡維度,0.0,男,遷出,臺南市,0
110,2,15,五股區,,,,無年齡維度,0.0,女,遷出,臺灣省,17
110,2,15,五股區,,,,無年齡維度,0.0,男,遷出,臺灣省,22
110,2,15,五股區,,,,無年齡維度,0.0,女,遷出,高雄市,2
110,2,15,五股區,,,,無年齡維度,0.0,男,遷出,高雄市,3
110,2,16,泰山區,,,,無年齡維度,0.0,女,遷入,migrants,64
110,2,16,泰山區,,,,無年齡維度,0.0,男,遷入,migrants,55
110,2,16,泰山區,,,,無年齡維度,0.0,女,遷入,other,0
110,2,16,泰山區,,,,無年齡維度,0.0,男,遷入,other,0
110,2,16,泰山區,,,,無年齡維度,0.0,女,遷入,其他縣市,0
110,2,16,泰山區,,,,無年齡維度,0.0,男,遷入,其他縣市,0
110,2,16,泰山區,,,,無年齡維度,0.0,女,遷入,其他鄉鎮,75
110,2,16,泰山區,,,,無年齡維度,0.0,男,遷入,其他鄉鎮,60
110,2,16,泰山區,,,,無年齡維度,0.0,女,遷入,合計,131
110,2,16,泰山區,,,,無年齡維度,0.0,男,遷入,合計,100
110,2,16,泰山區,,,,無年齡維度,0.0,女,遷入,國外,1
110,2,16,泰山區,,,,無年齡維度,0.0,男,遷入,國外,3
110,2,16,泰山區,,,,無年齡維度,0.0,女,遷入,新北市內,0
110,2,16,泰山區,,,,無年齡維度,0.0,男,遷入,新北市內,0
110,2,16,泰山區,,,,無年齡維度,0.0,女,遷入,桃園市,16
110,2,16,泰山區,,,,無年齡維度,0.0,男,遷入,桃園市,7
110,2,16,泰山區,,,,無年齡維度,0.0,女,遷入,福建省,0
110,2,16,泰山區,,,,無年齡維度,0.0,男,遷入,福建省,2
110,2,16,泰山區,,,,無年齡維度,0.0,女,遷入,臺中市,5
110,2,16,泰山區,,,,無年齡維度,0.0,男,遷入,臺中市,1
110,2,16,泰山區,,,,無年齡維度,0.0,女,遷入,臺北市,18
110,2,16,泰山區,,,,無年齡維度,0.0,男,遷入,臺北市,12
110,2,16,泰山區,,,,無年齡維度,0.0,女,遷入,臺南市,1
110,2,16,泰山區,,,,無年齡維度,0.0,男,遷入,臺南市,4
110,2,16,泰山區,,,,無年齡維度,0.0,女,遷入,臺灣省,9
110,2,16,泰山區,,,,無年齡維度,0.0,男,遷入,臺灣省,7
110,2,16,泰山區,,,,無年齡維度,0.0,女,遷入,高雄市,6
110,2,16,泰山區,,,,無年齡維度,0.0,男,遷入,高雄市,4
110,2,16,泰山區,,,,無年齡維度,0.0,女,遷出,migrants,64
110,2,16,泰山區,,,,無年齡維度,0.0,男,遷出,migrants,55
110,2,16,泰山區,,,,無年齡維度,0.0,女,遷出,other,0
110,2,16,泰山區,,,,無年齡維度,0.0,男,遷出,other,0
110,2,16,泰山區,,,,無年齡維度,0.0,女,遷出,其他縣市,0
110,2,16,泰山區,,,,無年齡維度,0.0,男,遷出,其他縣市,0
110,2,16,泰山區,,,,無年齡維度,0.0,女,遷出,其他鄉鎮,62
110,2,16,泰山區,,,,無年齡維度,0.0,男,遷出,其他鄉鎮,69
110,2,16,泰山區,,,,無年齡維度,0.0,女,遷出,合計,125
110,2,16,泰山區,,,,無年齡維度,0.0,男,遷出,合計,120
110,2,16,泰山區,,,,無年齡維度,0.0,女,遷出,國外,6
110,2,16,泰山區,,,,無年齡維度,0.0,男,遷出,國外,4
110,2,16,泰山區,,,,無年齡維度,0.0,女,遷出,新北市內,0
110,2,16,泰山區,,,,無年齡維度,0.0,男,遷出,新北市內,0
110,2,16,泰山區,,,,無年齡維度,0.0,女,遷出,桃園市,22
110,2,16,泰山區,,,,無年齡維度,0.0,男,遷出,桃園市,16
110,2,16,泰山區,,,,無年齡維度,0.0,女,遷出,福建省,0
110,2,16,泰山區,,,,無年齡維度,0.0,男,遷出,福建省,0
110,2,16,泰山區,,,,無年齡維度,0.0,女,遷出,臺中市,4
110,2,16,泰山區,,,,無年齡維度,0.0,男,遷出,臺中市,3
110,2,16,泰山區,,,,無年齡維度,0.0,女,遷出,臺北市,18
110,2,16,泰山區,,,,無年齡維度,0.0,男,遷出,臺北市,10
110,2,16,泰山區,,,,無年齡維度,0.0,女,遷出,臺南市,1
110,2,16,泰山區,,,,無年齡維度,0.0,男,遷出,臺南市,0
110,2,16,泰山區,,,,無年齡維度,0.0,女,遷出,臺灣省,8
110,2,16,泰山區,,,,無年齡維度,0.0,男,遷出,臺灣省,17
110,2,16,泰山區,,,,無年齡維度,0.0,女,遷出,高雄市,4
110,2,16,泰山區,,,,無年齡維度,0.0,男,遷出,高雄市,1
110,2,17,林口區,,,,無年齡維度,0.0,女,遷入,migrants,188
110,2,17,林口區,,,,無年齡維度,0.0,男,遷入,migrants,149
110,2,17,林口區,,,,無年齡維度,0.0,女,遷入,other,0
110,2,17,林口區,,,,無年齡維度,0.0,男,遷入,other,0
110,2,17,林口區,,,,無年齡維度,0.0,女,遷入,其他縣市,0
110,2,17,林口區,,,,無年齡維度,0.0,男,遷入,其他縣市,0
110,2,17,林口區,,,,無年齡維度,0.0,女,遷入,其他鄉鎮,95
110,2,17,林口區,,,,無年齡維度,0.0,男,遷入,其他鄉鎮,92
110,2,17,林口區,,,,無年齡維度,0.0,女,遷入,合計,340
110,2,17,林口區,,,,無年齡維度,0.0,男,遷入,合計,281
110,2,17,林口區,,,,無年齡維度,0.0,女,遷入,國外,3
110,2,17,林口區,,,,無年齡維度,0.0,男,遷入,國外,4
110,2,17,林口區,,,,無年齡維度,0.0,女,遷入,新北市內,0
110,2,17,林口區,,,,無年齡維度,0.0,男,遷入,新北市內,0
110,2,17,林口區,,,,無年齡維度,0.0,女,遷入,桃園市,74
110,2,17,林口區,,,,無年齡維度,0.0,男,遷入,桃園市,53
110,2,17,林口區,,,,無年齡維度,0.0,女,遷入,福建省,2
110,2,17,林口區,,,,無年齡維度,0.0,男,遷入,福建省,2
110,2,17,林口區,,,,無年齡維度,0.0,女,遷入,臺中市,15
110,2,17,林口區,,,,無年齡維度,0.0,男,遷入,臺中市,11
110,2,17,林口區,,,,無年齡維度,0.0,女,遷入,臺北市,85
110,2,17,林口區,,,,無年齡維度,0.0,男,遷入,臺北市,80
110,2,17,林口區,,,,無年齡維度,0.0,女,遷入,臺南市,8
110,2,17,林口區,,,,無年齡維度,0.0,男,遷入,臺南市,7
110,2,17,林口區,,,,無年齡維度,0.0,女,遷入,臺灣省,43
110,2,17,林口區,,,,無年齡維度,0.0,男,遷入,臺灣省,21
110,2,17,林口區,,,,無年齡維度,0.0,女,遷入,高雄市,4
110,2,17,林口區,,,,無年齡維度,0.0,男,遷入,高雄市,4
110,2,17,林口區,,,,無年齡維度,0.0,女,遷出,migrants,188
110,2,17,林口區,,,,無年齡維度,0.0,男,遷出,migrants,149
110,2,17,林口區,,,,無年齡維度,0.0,女,遷出,other,0
110,2,17,林口區,,,,無年齡維度,0.0,男,遷出,other,0
110,2,17,林口區,,,,無年齡維度,0.0,女,遷出,其他縣市,0
110,2,17,林口區,,,,無年齡維度,0.0,男,遷出,其他縣市,0
110,2,17,林口區,,,,無年齡維度,0.0,女,遷出,其他鄉鎮,49
110,2,17,林口區,,,,無年齡維度,0.0,男,遷出,其他鄉鎮,30
110,2,17,林口區,,,,無年齡維度,0.0,女,遷出,合計,188
110,2,17,林口區,,,,無年齡維度,0.0,男,遷出,合計,167
110,2,17,林口區,,,,無年齡維度,0.0,女,遷出,國外,38
110,2,17,林口區,,,,無年齡維度,0.0,男,遷出,國外,38
110,2,17,林口區,,,,無年齡維度,0.0,女,遷出,新北市內,0
110,2,17,林口區,,,,無年齡維度,0.0,男,遷出,新北市內,0
110,2,17,林口區,,,,無年齡維度,0.0,女,遷出,桃園市,34
110,2,17,林口區,,,,無年齡維度,0.0,男,遷出,桃園市,44
110,2,17,林口區,,,,無年齡維度,0.0,女,遷出,福建省,1
110,2,17,林口區,,,,無年齡維度,0.0,男,遷出,福建省,1
110,2,17,林口區,,,,無年齡維度,0.0,女,遷出,臺中市,9
110,2,17,林口區,,,,無年齡維度,0.0,男,遷出,臺中市,4
110,2,17,林口區,,,,無年齡維度,0.0,女,遷出,臺北市,29
110,2,17,林口區,,,,無年齡維度,0.0,男,遷出,臺北市,29
110,2,17,林口區,,,,無年齡維度,0.0,女,遷出,臺南市,0
110,2,17,林口區,,,,無年齡維度,0.0,男,遷出,臺南市,1
110,2,17,林口區,,,,無年齡維度,0.0,女,遷出,臺灣省,22
110,2,17,林口區,,,,無年齡維度,0.0,男,遷出,臺灣省,19
110,2,17,林口區,,,,無年齡維度,0.0,女,遷出,高雄市,6
110,2,17,林口區,,,,無年齡維度,0.0,男,遷出,高雄市,1
110,2,18,八里區,,,,無年齡維度,0.0,女,遷入,migrants,21
110,2,18,八里區,,,,無年齡維度,0.0,男,遷入,migrants,22
110,2,18,八里區,,,,無年齡維度,0.0,女,遷入,other,0
110,2,18,八里區,,,,無年齡維度,0.0,男,遷入,other,0
110,2,18,八里區,,,,無年齡維度,0.0,女,遷入,其他縣市,0
110,2,18,八里區,,,,無年齡維度,0.0,男,遷入,其他縣市,0
110,2,18,八里區,,,,無年齡維度,0.0,女,遷入,其他鄉鎮,17
110,2,18,八里區,,,,無年齡維度,0.0,男,遷入,其他鄉鎮,11
110,2,18,八里區,,,,無年齡維度,0.0,女,遷入,合計,54
110,2,18,八里區,,,,無年齡維度,0.0,男,遷入,合計,44
110,2,18,八里區,,,,無年齡維度,0.0,女,遷入,國外,1
110,2,18,八里區,,,,無年齡維度,0.0,男,遷入,國外,0
110,2,18,八里區,,,,無年齡維度,0.0,女,遷入,新北市內,0
110,2,18,八里區,,,,無年齡維度,0.0,男,遷入,新北市內,0
110,2,18,八里區,,,,無年齡維度,0.0,女,遷入,桃園市,3
110,2,18,八里區,,,,無年齡維度,0.0,男,遷入,桃園市,1
110,2,18,八里區,,,,無年齡維度,0.0,女,遷入,福建省,0
110,2,18,八里區,,,,無年齡維度,0.0,男,遷入,福建省,0
110,2,18,八里區,,,,無年齡維度,0.0,女,遷入,臺中市,1
110,2,18,八里區,,,,無年齡維度,0.0,男,遷入,臺中市,0
110,2,18,八里區,,,,無年齡維度,0.0,女,遷入,臺北市,24
110,2,18,八里區,,,,無年齡維度,0.0,男,遷入,臺北市,26
110,2,18,八里區,,,,無年齡維度,0.0,女,遷入,臺南市,0
110,2,18,八里區,,,,無年齡維度,0.0,男,遷入,臺南市,0
110,2,18,八里區,,,,無年齡維度,0.0,女,遷入,臺灣省,5
110,2,18,八里區,,,,無年齡維度,0.0,男,遷入,臺灣省,5
110,2,18,八里區,,,,無年齡維度,0.0,女,遷入,高雄市,2
110,2,18,八里區,,,,無年齡維度,0.0,男,遷入,高雄市,1
110,2,18,八里區,,,,無年齡維度,0.0,女,遷出,migrants,21
110,2,18,八里區,,,,無年齡維度,0.0,男,遷出,migrants,22
110,2,18,八里區,,,,無年齡維度,0.0,女,遷出,other,0
110,2,18,八里區,,,,無年齡維度,0.0,男,遷出,other,0
110,2,18,八里區,,,,無年齡維度,0.0,女,遷出,其他縣市,0
110,2,18,八里區,,,,無年齡維度,0.0,男,遷出,其他縣市,0
110,2,18,八里區,,,,無年齡維度,0.0,女,遷出,其他鄉鎮,12
110,2,18,八里區,,,,無年齡維度,0.0,男,遷出,其他鄉鎮,5
110,2,18,八里區,,,,無年齡維度,0.0,女,遷出,合計,46
110,2,18,八里區,,,,無年齡維度,0.0,男,遷出,合計,24
110,2,18,八里區,,,,無年齡維度,0.0,女,遷出,國外,5
110,2,18,八里區,,,,無年齡維度,0.0,男,遷出,國外,4
110,2,18,八里區,,,,無年齡維度,0.0,女,遷出,新北市內,0
110,2,18,八里區,,,,無年齡維度,0.0,男,遷出,新北市內,0
110,2,18,八里區,,,,無年齡維度,0.0,女,遷出,桃園市,4
110,2,18,八里區,,,,無年齡維度,0.0,男,遷出,桃園市,3
110,2,18,八里區,,,,無年齡維度,0.0,女,遷出,福建省,0
110,2,18,八里區,,,,無年齡維度,0.0,男,遷出,福建省,0
110,2,18,八里區,,,,無年齡維度,0.0,女,遷出,臺中市,0
110,2,18,八里區,,,,無年齡維度,0.0,男,遷出,臺中市,1
110,2,18,八里區,,,,無年齡維度,0.0,女,遷出,臺北市,17
110,2,18,八里區,,,,無年齡維度,0.0,男,遷出,臺北市,8
110,2,18,八里區,,,,無年齡維度,0.0,女,遷出,臺南市,1
110,2,18,八里區,,,,無年齡維度,0.0,男,遷出,臺南市,0
110,2,18,八里區,,,,無年齡維度,0.0,女,遷出,臺灣省,7
110,2,18,八里區,,,,無年齡維度,0.0,男,遷出,臺灣省,3
110,2,18,八里區,,,,無年齡維度,0.0,女,遷出,高雄市,0
110,2,18,八里區,,,,無年齡維度,0.0,男,遷出,高雄市,0
110,2,19,深坑區,,,,無年齡維度,0.0,女,遷入,migrants,0
110,2,19,深坑區,,,,無年齡維度,0.0,男,遷入,migrants,0
110,2,19,深坑區,,,,無年齡維度,0.0,女,遷入,other,0
110,2,19,深坑區,,,,無年齡維度,0.0,男,遷入,other,0
110,2,19,深坑區,,,,無年齡維度,0.0,女,遷入,其他縣市,0
110,2,19,深坑區,,,,無年齡維度,0.0,男,遷入,其他縣市,0
110,2,19,深坑區,,,,無年齡維度,0.0,女,遷入,其他鄉鎮,5
110,2,19,深坑區,,,,無年齡維度,0.0,男,遷入,其他鄉鎮,4
110,2,19,深坑區,,,,無年齡維度,0.0,女,遷入,合計,7
110,2,19,深坑區,,,,無年齡維度,0.0,男,遷入,合計,5
110,2,19,深坑區,,,,無年齡維度,0.0,女,遷入,國外,0
110,2,19,深坑區,,,,無年齡維度,0.0,男,遷入,國外,0
110,2,19,深坑區,,,,無年齡維度,0.0,女,遷入,新北市內,0
110,2,19,深坑區,,,,無年齡維度,0.0,男,遷入,新北市內,0
110,2,19,深坑區,,,,無年齡維度,0.0,女,遷入,桃園市,1
110,2,19,深坑區,,,,無年齡維度,0.0,男,遷入,桃園市,0
110,2,19,深坑區,,,,無年齡維度,0.0,女,遷入,福建省,0
110,2,19,深坑區,,,,無年齡維度,0.0,男,遷入,福建省,0
110,2,19,深坑區,,,,無年齡維度,0.0,女,遷入,臺中市,0
110,2,19,深坑區,,,,無年齡維度,0.0,男,遷入,臺中市,0
110,2,19,深坑區,,,,無年齡維度,0.0,女,遷入,臺北市,1
110,2,19,深坑區,,,,無年齡維度,0.0,男,遷入,臺北市,1
110,2,19,深坑區,,,,無年齡維度,0.0,女,遷入,臺南市,0
110,2,19,深坑區,,,,無年齡維度,0.0,男,遷入,臺南市,0
110,2,19,深坑區,,,,無年齡維度,0.0,女,遷入,臺灣省,0
110,2,19,深坑區,,,,無年齡維度,0.0,男,遷入,臺灣省,0
110,2,19,深坑區,,,,無年齡維度,0.0,女,遷入,高雄市,0
110,2,19,深坑區,,,,無年齡維度,0.0,男,遷入,高雄市,0
110,2,19,深坑區,,,,無年齡維度,0.0,女,遷出,migrants,0
110,2,19,深坑區,,,,無年齡維度,0.0,男,遷出,migrants,0
110,2,19,深坑區,,,,無年齡維度,0.0,女,遷出,other,0
110,2,19,深坑區,,,,無年齡維度,0.0,男,遷出,other,0
110,2,19,深坑區,,,,無年齡維度,0.0,女,遷出,其他縣市,0
110,2,19,深坑區,,,,無年齡維度,0.0,男,遷出,其他縣市,0
110,2,19,深坑區,,,,無年齡維度,0.0,女,遷出,其他鄉鎮,5
110,2,19,深坑區,,,,無年齡維度,0.0,男,遷出,其他鄉鎮,8
110,2,19,深坑區,,,,無年齡維度,0.0,女,遷出,合計,9
110,2,19,深坑區,,,,無年齡維度,0.0,男,遷出,合計,12
110,2,19,深坑區,,,,無年齡維度,0.0,女,遷出,國外,2
110,2,19,深坑區,,,,無年齡維度,0.0,男,遷出,國外,0
110,2,19,深坑區,,,,無年齡維度,0.0,女,遷出,新北市內,0
110,2,19,深坑區,,,,無年齡維度,0.0,男,遷出,新北市內,0
110,2,19,深坑區,,,,無年齡維度,0.0,女,遷出,桃園市,0
110,2,19,深坑區,,,,無年齡維度,0.0,男,遷出,桃園市,0
110,2,19,深坑區,,,,無年齡維度,0.0,女,遷出,福建省,0
110,2,19,深坑區,,,,無年齡維度,0.0,男,遷出,福建省,0
110,2,19,深坑區,,,,無年齡維度,0.0,女,遷出,臺中市,0
110,2,19,深坑區,,,,無年齡維度,0.0,男,遷出,臺中市,0
110,2,19,深坑區,,,,無年齡維度,0.0,女,遷出,臺北市,1
110,2,19,深坑區,,,,無年齡維度,0.0,男,遷出,臺北市,3
110,2,19,深坑區,,,,無年齡維度,0.0,女,遷出,臺南市,0
110,2,19,深坑區,,,,無年齡維度,0.0,男,遷出,臺南市,1
110,2,19,深坑區,,,,無年齡維度,0.0,女,遷出,臺灣省,1
110,2,19,深坑區,,,,無年齡維度,0.0,男,遷出,臺灣省,0
110,2,19,深坑區,,,,無年齡維度,0.0,女,遷出,高雄市,0
110,2,19,深坑區,,,,無年齡維度,0.0,男,遷出,高雄市,0
110,2,20,石碇區,,,,無年齡維度,0.0,女,遷入,migrants,0
110,2,20,石碇區,,,,無年齡維度,0.0,男,遷入,migrants,0
110,2,20,石碇區,,,,無年齡維度,0.0,女,遷入,other,0
110,2,20,石碇區,,,,無年齡維度,0.0,男,遷入,other,0
110,2,20,石碇區,,,,無年齡維度,0.0,女,遷入,其他縣市,0
110,2,20,石碇區,,,,無年齡維度,0.0,男,遷入,其他縣市,0
110,2,20,石碇區,,,,無年齡維度,0.0,女,遷入,其他鄉鎮,7
110,2,20,石碇區,,,,無年齡維度,0.0,男,遷入,其他鄉鎮,4
110,2,20,石碇區,,,,無年齡維度,0.0,女,遷入,合計,12
110,2,20,石碇區,,,,無年齡維度,0.0,男,遷入,合計,6
110,2,20,石碇區,,,,無年齡維度,0.0,女,遷入,國外,0
110,2,20,石碇區,,,,無年齡維度,0.0,男,遷入,國外,0
110,2,20,石碇區,,,,無年齡維度,0.0,女,遷入,新北市內,0
110,2,20,石碇區,,,,無年齡維度,0.0,男,遷入,新北市內,0
110,2,20,石碇區,,,,無年齡維度,0.0,女,遷入,桃園市,0
110,2,20,石碇區,,,,無年齡維度,0.0,男,遷入,桃園市,0
110,2,20,石碇區,,,,無年齡維度,0.0,女,遷入,福建省,0
110,2,20,石碇區,,,,無年齡維度,0.0,男,遷入,福建省,0
110,2,20,石碇區,,,,無年齡維度,0.0,女,遷入,臺中市,0
110,2,20,石碇區,,,,無年齡維度,0.0,男,遷入,臺中市,0
110,2,20,石碇區,,,,無年齡維度,0.0,女,遷入,臺北市,3
110,2,20,石碇區,,,,無年齡維度,0.0,男,遷入,臺北市,2
110,2,20,石碇區,,,,無年齡維度,0.0,女,遷入,臺南市,0
110,2,20,石碇區,,,,無年齡維度,0.0,男,遷入,臺南市,0
110,2,20,石碇區,,,,無年齡維度,0.0,女,遷入,臺灣省,1
110,2,20,石碇區,,,,無年齡維度,0.0,男,遷入,臺灣省,0
110,2,20,石碇區,,,,無年齡維度,0.0,女,遷入,高雄市,0
110,2,20,石碇區,,,,無年齡維度,0.0,男,遷入,高雄市,0
110,2,20,石碇區,,,,無年齡維度,0.0,女,遷出,migrants,0
110,2,20,石碇區,,,,無年齡維度,0.0,男,遷出,migrants,0
110,2,20,石碇區,,,,無年齡維度,0.0,女,遷出,other,0
110,2,20,石碇區,,,,無年齡維度,0.0,男,遷出,other,0
110,2,20,石碇區,,,,無年齡維度,0.0,女,遷出,其他縣市,0
110,2,20,石碇區,,,,無年齡維度,0.0,男,遷出,其他縣市,0
110,2,20,石碇區,,,,無年齡維度,0.0,女,遷出,其他鄉鎮,9
110,2,20,石碇區,,,,無年齡維度,0.0,男,遷出,其他鄉鎮,6
110,2,20,石碇區,,,,無年齡維度,0.0,女,遷出,合計,14
110,2,20,石碇區,,,,無年齡維度,0.0,男,遷出,合計,8
110,2,20,石碇區,,,,無年齡維度,0.0,女,遷出,國外,1
110,2,20,石碇區,,,,無年齡維度,0.0,男,遷出,國外,1
110,2,20,石碇區,,,,無年齡維度,0.0,女,遷出,新北市內,0
110,2,20,石碇區,,,,無年齡維度,0.0,男,遷出,新北市內,0
110,2,20,石碇區,,,,無年齡維度,0.0,女,遷出,桃園市,0
110,2,20,石碇區,,,,無年齡維度,0.0,男,遷出,桃園市,1
110,2,20,石碇區,,,,無年齡維度,0.0,女,遷出,福建省,0
110,2,20,石碇區,,,,無年齡維度,0.0,男,遷出,福建省,0
110,2,20,石碇區,,,,無年齡維度,0.0,女,遷出,臺中市,0
110,2,20,石碇區,,,,無年齡維度,0.0,男,遷出,臺中市,0
110,2,20,石碇區,,,,無年齡維度,0.0,女,遷出,臺北市,2
110,2,20,石碇區,,,,無年齡維度,0.0,男,遷出,臺北市,0
110,2,20,石碇區,,,,無年齡維度,0.0,女,遷出,臺南市,0
110,2,20,石碇區,,,,無年齡維度,0.0,男,遷出,臺南市,0
110,2,20,石碇區,,,,無年齡維度,0.0,女,遷出,臺灣省,2
110,2,20,石碇區,,,,無年齡維度,0.0,男,遷出,臺灣省,0
110,2,20,石碇區,,,,無年齡維度,0.0,女,遷出,高雄市,0
110,2,20,石碇區,,,,無年齡維度,0.0,男,遷出,高雄市,0
110,2,21,坪林區,,,,無年齡維度,0.0,女,遷入,migrants,19
110,2,21,坪林區,,,,無年齡維度,0.0,男,遷入,migrants,8
110,2,21,坪林區,,,,無年齡維度,0.0,女,遷入,other,0
110,2,21,坪林區,,,,無年齡維度,0.0,男,遷入,other,0
110,2,21,坪林區,,,,無年齡維度,0.0,女,遷入,其他縣市,0
110,2,21,坪林區,,,,無年齡維度,0.0,男,遷入,其他縣市,0
110,2,21,坪林區,,,,無年齡維度,0.0,女,遷入,其他鄉鎮,15
110,2,21,坪林區,,,,無年齡維度,0.0,男,遷入,其他鄉鎮,11
110,2,21,坪林區,,,,無年齡維度,0.0,女,遷入,合計,30
110,2,21,坪林區,,,,無年齡維度,0.0,男,遷入,合計,19
110,2,21,坪林區,,,,無年齡維度,0.0,女,遷入,國外,0
110,2,21,坪林區,,,,無年齡維度,0.0,男,遷入,國外,0
110,2,21,坪林區,,,,無年齡維度,0.0,女,遷入,新北市內,0
110,2,21,坪林區,,,,無年齡維度,0.0,男,遷入,新北市內,0
110,2,21,坪林區,,,,無年齡維度,0.0,女,遷入,桃園市,7
110,2,21,坪林區,,,,無年齡維度,0.0,男,遷入,桃園市,2
110,2,21,坪林區,,,,無年齡維度,0.0,女,遷入,福建省,0
110,2,21,坪林區,,,,無年齡維度,0.0,男,遷入,福建省,0
110,2,21,坪林區,,,,無年齡維度,0.0,女,遷入,臺中市,1
110,2,21,坪林區,,,,無年齡維度,0.0,男,遷入,臺中市,2
110,2,21,坪林區,,,,無年齡維度,0.0,女,遷入,臺北市,3
110,2,21,坪林區,,,,無年齡維度,0.0,男,遷入,臺北市,1
110,2,21,坪林區,,,,無年齡維度,0.0,女,遷入,臺南市,1
110,2,21,坪林區,,,,無年齡維度,0.0,男,遷入,臺南市,0
110,2,21,坪林區,,,,無年齡維度,0.0,女,遷入,臺灣省,1
110,2,21,坪林區,,,,無年齡維度,0.0,男,遷入,臺灣省,2
110,2,21,坪林區,,,,無年齡維度,0.0,女,遷入,高雄市,2
110,2,21,坪林區,,,,無年齡維度,0.0,男,遷入,高雄市,0
110,2,21,坪林區,,,,無年齡維度,0.0,女,遷出,migrants,19
110,2,21,坪林區,,,,無年齡維度,0.0,男,遷出,migrants,8
110,2,21,坪林區,,,,無年齡維度,0.0,女,遷出,other,0
110,2,21,坪林區,,,,無年齡維度,0.0,男,遷出,other,0
110,2,21,坪林區,,,,無年齡維度,0.0,女,遷出,其他縣市,0
110,2,21,坪林區,,,,無年齡維度,0.0,男,遷出,其他縣市,0
110,2,21,坪林區,,,,無年齡維度,0.0,女,遷出,其他鄉鎮,15
110,2,21,坪林區,,,,無年齡維度,0.0,男,遷出,其他鄉鎮,6
110,2,21,坪林區,,,,無年齡維度,0.0,女,遷出,合計,30
110,2,21,坪林區,,,,無年齡維度,0.0,男,遷出,合計,24
110,2,21,坪林區,,,,無年齡維度,0.0,女,遷出,國外,3
110,2,21,坪林區,,,,無年齡維度,0.0,男,遷出,國外,5
110,2,21,坪林區,,,,無年齡維度,0.0,女,遷出,新北市內,0
110,2,21,坪林區,,,,無年齡維度,0.0,男,遷出,新北市內,0
110,2,21,坪林區,,,,無年齡維度,0.0,女,遷出,桃園市,1
110,2,21,坪林區,,,,無年齡維度,0.0,男,遷出,桃園市,2
110,2,21,坪林區,,,,無年齡維度,0.0,女,遷出,福建省,0
110,2,21,坪林區,,,,無年齡維度,0.0,男,遷出,福建省,0
110,2,21,坪林區,,,,無年齡維度,0.0,女,遷出,臺中市,0
110,2,21,坪林區,,,,無年齡維度,0.0,男,遷出,臺中市,0
110,2,21,坪林區,,,,無年齡維度,0.0,女,遷出,臺北市,4
110,2,21,坪林區,,,,無年齡維度,0.0,男,遷出,臺北市,5
110,2,21,坪林區,,,,無年齡維度,0.0,女,遷出,臺南市,0
110,2,21,坪林區,,,,無年齡維度,0.0,男,遷出,臺南市,0
110,2,21,坪林區,,,,無年齡維度,0.0,女,遷出,臺灣省,7
110,2,21,坪林區,,,,無年齡維度,0.0,男,遷出,臺灣省,5
110,2,21,坪林區,,,,無年齡維度,0.0,女,遷出,高雄市,0
110,2,21,坪林區,,,,無年齡維度,0.0,男,遷出,高雄市,1
110,2,22,三芝區,,,,無年齡維度,0.0,女,遷入,migrants,5
110,2,22,三芝區,,,,無年齡維度,0.0,男,遷入,migrants,0
110,2,22,三芝區,,,,無年齡維度,0.0,女,遷入,other,0
110,2,22,三芝區,,,,無年齡維度,0.0,男,遷入,other,0
110,2,22,三芝區,,,,無年齡維度,0.0,女,遷入,其他縣市,0
110,2,22,三芝區,,,,無年齡維度,0.0,男,遷入,其他縣市,0
110,2,22,三芝區,,,,無年齡維度,0.0,女,遷入,其他鄉鎮,6
110,2,22,三芝區,,,,無年齡維度,0.0,男,遷入,其他鄉鎮,1
110,2,22,三芝區,,,,無年齡維度,0.0,女,遷入,合計,9
110,2,22,三芝區,,,,無年齡維度,0.0,男,遷入,合計,7
110,2,22,三芝區,,,,無年齡維度,0.0,女,遷入,國外,0
110,2,22,三芝區,,,,無年齡維度,0.0,男,遷入,國外,0
110,2,22,三芝區,,,,無年齡維度,0.0,女,遷入,新北市內,0
110,2,22,三芝區,,,,無年齡維度,0.0,男,遷入,新北市內,0
110,2,22,三芝區,,,,無年齡維度,0.0,女,遷入,桃園市,0
110,2,22,三芝區,,,,無年齡維度,0.0,男,遷入,桃園市,0
110,2,22,三芝區,,,,無年齡維度,0.0,女,遷入,福建省,0
110,2,22,三芝區,,,,無年齡維度,0.0,男,遷入,福建省,0
110,2,22,三芝區,,,,無年齡維度,0.0,女,遷入,臺中市,1
110,2,22,三芝區,,,,無年齡維度,0.0,男,遷入,臺中市,2
110,2,22,三芝區,,,,無年齡維度,0.0,女,遷入,臺北市,1
110,2,22,三芝區,,,,無年齡維度,0.0,男,遷入,臺北市,3
110,2,22,三芝區,,,,無年齡維度,0.0,女,遷入,臺南市,0
110,2,22,三芝區,,,,無年齡維度,0.0,男,遷入,臺南市,0
110,2,22,三芝區,,,,無年齡維度,0.0,女,遷入,臺灣省,1
110,2,22,三芝區,,,,無年齡維度,0.0,男,遷入,臺灣省,1
110,2,22,三芝區,,,,無年齡維度,0.0,女,遷入,高雄市,0
110,2,22,三芝區,,,,無年齡維度,0.0,男,遷入,高雄市,0
110,2,22,三芝區,,,,無年齡維度,0.0,女,遷出,migrants,5
110,2,22,三芝區,,,,無年齡維度,0.0,男,遷出,migrants,0
110,2,22,三芝區,,,,無年齡維度,0.0,女,遷出,other,0
110,2,22,三芝區,,,,無年齡維度,0.0,男,遷出,other,0
110,2,22,三芝區,,,,無年齡維度,0.0,女,遷出,其他縣市,0
110,2,22,三芝區,,,,無年齡維度,0.0,男,遷出,其他縣市,0
110,2,22,三芝區,,,,無年齡維度,0.0,女,遷出,其他鄉鎮,7
110,2,22,三芝區,,,,無年齡維度,0.0,男,遷出,其他鄉鎮,9
110,2,22,三芝區,,,,無年齡維度,0.0,女,遷出,合計,10
110,2,22,三芝區,,,,無年齡維度,0.0,男,遷出,合計,14
110,2,22,三芝區,,,,無年齡維度,0.0,女,遷出,國外,1
110,2,22,三芝區,,,,無年齡維度,0.0,男,遷出,國外,1
110,2,22,三芝區,,,,無年齡維度,0.0,女,遷出,新北市內,0
110,2,22,三芝區,,,,無年齡維度,0.0,男,遷出,新北市內,0
110,2,22,三芝區,,,,無年齡維度,0.0,女,遷出,桃園市,1
110,2,22,三芝區,,,,無年齡維度,0.0,男,遷出,桃園市,1
110,2,22,三芝區,,,,無年齡維度,0.0,女,遷出,福建省,0
110,2,22,三芝區,,,,無年齡維度,0.0,男,遷出,福建省,0
110,2,22,三芝區,,,,無年齡維度,0.0,女,遷出,臺中市,0
110,2,22,三芝區,,,,無年齡維度,0.0,男,遷出,臺中市,1
110,2,22,三芝區,,,,無年齡維度,0.0,女,遷出,臺北市,0
110,2,22,三芝區,,,,無年齡維度,0.0,男,遷出,臺北市,2
110,2,22,三芝區,,,,無年齡維度,0.0,女,遷出,臺南市,0
110,2,22,三芝區,,,,無年齡維度,0.0,男,遷出,臺南市,0
110,2,22,三芝區,,,,無年齡維度,0.0,女,遷出,臺灣省,1
110,2,22,三芝區,,,,無年齡維度,0.0,男,遷出,臺灣省,0
110,2,22,三芝區,,,,無年齡維度,0.0,女,遷出,高雄市,0
110,2,22,三芝區,,,,無年齡維度,0.0,男,遷出,高雄市,0
110,2,23,石門區,,,,無年齡維度,0.0,女,遷入,migrants,24
110,2,23,石門區,,,,無年齡維度,0.0,男,遷入,migrants,29
110,2,23,石門區,,,,無年齡維度,0.0,女,遷入,other,0
110,2,23,石門區,,,,無年齡維度,0.0,男,遷入,other,0
110,2,23,石門區,,,,無年齡維度,0.0,女,遷入,其他縣市,0
110,2,23,石門區,,,,無年齡維度,0.0,男,遷入,其他縣市,0
110,2,23,石門區,,,,無年齡維度,0.0,女,遷入,其他鄉鎮,26
110,2,23,石門區,,,,無年齡維度,0.0,男,遷入,其他鄉鎮,23
110,2,23,石門區,,,,無年齡維度,0.0,女,遷入,合計,61
110,2,23,石門區,,,,無年齡維度,0.0,男,遷入,合計,45
110,2,23,石門區,,,,無年齡維度,0.0,女,遷入,國外,0
110,2,23,石門區,,,,無年齡維度,0.0,男,遷入,國外,0
110,2,23,石門區,,,,無年齡維度,0.0,女,遷入,新北市內,0
110,2,23,石門區,,,,無年齡維度,0.0,男,遷入,新北市內,0
110,2,23,石門區,,,,無年齡維度,0.0,女,遷入,桃園市,7
110,2,23,石門區,,,,無年齡維度,0.0,男,遷入,桃園市,1
110,2,23,石門區,,,,無年齡維度,0.0,女,遷入,福建省,0
110,2,23,石門區,,,,無年齡維度,0.0,男,遷入,福建省,0
110,2,23,石門區,,,,無年齡維度,0.0,女,遷入,臺中市,2
110,2,23,石門區,,,,無年齡維度,0.0,男,遷入,臺中市,5
110,2,23,石門區,,,,無年齡維度,0.0,女,遷入,臺北市,16
110,2,23,石門區,,,,無年齡維度,0.0,男,遷入,臺北市,10
110,2,23,石門區,,,,無年齡維度,0.0,女,遷入,臺南市,0
110,2,23,石門區,,,,無年齡維度,0.0,男,遷入,臺南市,0
110,2,23,石門區,,,,無年齡維度,0.0,女,遷入,臺灣省,5
110,2,23,石門區,,,,無年齡維度,0.0,男,遷入,臺灣省,5
110,2,23,石門區,,,,無年齡維度,0.0,女,遷入,高雄市,2
110,2,23,石門區,,,,無年齡維度,0.0,男,遷入,高雄市,1
110,2,23,石門區,,,,無年齡維度,0.0,女,遷出,migrants,24
110,2,23,石門區,,,,無年齡維度,0.0,男,遷出,migrants,29
110,2,23,石門區,,,,無年齡維度,0.0,女,遷出,other,0
110,2,23,石門區,,,,無年齡維度,0.0,男,遷出,other,0
110,2,23,石門區,,,,無年齡維度,0.0,女,遷出,其他縣市,0
110,2,23,石門區,,,,無年齡維度,0.0,男,遷出,其他縣市,0
110,2,23,石門區,,,,無年齡維度,0.0,女,遷出,其他鄉鎮,32
110,2,23,石門區,,,,無年齡維度,0.0,男,遷出,其他鄉鎮,19
110,2,23,石門區,,,,無年齡維度,0.0,女,遷出,合計,74
110,2,23,石門區,,,,無年齡維度,0.0,男,遷出,合計,54
110,2,23,石門區,,,,無年齡維度,0.0,女,遷出,國外,9
110,2,23,石門區,,,,無年齡維度,0.0,男,遷出,國外,7
110,2,23,石門區,,,,無年齡維度,0.0,女,遷出,新北市內,0
110,2,23,石門區,,,,無年齡維度,0.0,男,遷出,新北市內,0
110,2,23,石門區,,,,無年齡維度,0.0,女,遷出,桃園市,7
110,2,23,石門區,,,,無年齡維度,0.0,男,遷出,桃園市,5
110,2,23,石門區,,,,無年齡維度,0.0,女,遷出,福建省,0
110,2,23,石門區,,,,無年齡維度,0.0,男,遷出,福建省,0
110,2,23,石門區,,,,無年齡維度,0.0,女,遷出,臺中市,1
110,2,23,石門區,,,,無年齡維度,0.0,男,遷出,臺中市,0
110,2,23,石門區,,,,無年齡維度,0.0,女,遷出,臺北市,17
110,2,23,石門區,,,,無年齡維度,0.0,男,遷出,臺北市,15
110,2,23,石門區,,,,無年齡維度,0.0,女,遷出,臺南市,0
110,2,23,石門區,,,,無年齡維度,0.0,男,遷出,臺南市,0
110,2,23,石門區,,,,無年齡維度,0.0,女,遷出,臺灣省,8
110,2,23,石門區,,,,無年齡維度,0.0,男,遷出,臺灣省,8
110,2,23,石門區,,,,無年齡維度,0.0,女,遷出,高雄市,0
110,2,23,石門區,,,,無年齡維度,0.0,男,遷出,高雄市,0
110,2,24,金山區,,,,無年齡維度,0.0,女,遷入,migrants,0
110,2,24,金山區,,,,無年齡維度,0.0,男,遷入,migrants,0
110,2,24,金山區,,,,無年齡維度,0.0,女,遷入,other,0
110,2,24,金山區,,,,無年齡維度,0.0,男,遷入,other,0
110,2,24,金山區,,,,無年齡維度,0.0,女,遷入,其他縣市,0
110,2,24,金山區,,,,無年齡維度,0.0,男,遷入,其他縣市,0
110,2,24,金山區,,,,無年齡維度,0.0,女,遷入,其他鄉鎮,1
110,2,24,金山區,,,,無年齡維度,0.0,男,遷入,其他鄉鎮,3
110,2,24,金山區,,,,無年齡維度,0.0,女,遷入,合計,2
110,2,24,金山區,,,,無年齡維度,0.0,男,遷入,合計,3
110,2,24,金山區,,,,無年齡維度,0.0,女,遷入,國外,0
110,2,24,金山區,,,,無年齡維度,0.0,男,遷入,國外,0
110,2,24,金山區,,,,無年齡維度,0.0,女,遷入,新北市內,0
110,2,24,金山區,,,,無年齡維度,0.0,男,遷入,新北市內,0
110,2,24,金山區,,,,無年齡維度,0.0,女,遷入,桃園市,0
110,2,24,金山區,,,,無年齡維度,0.0,男,遷入,桃園市,0
110,2,24,金山區,,,,無年齡維度,0.0,女,遷入,福建省,0
110,2,24,金山區,,,,無年齡維度,0.0,男,遷入,福建省,0
110,2,24,金山區,,,,無年齡維度,0.0,女,遷入,臺中市,0
110,2,24,金山區,,,,無年齡維度,0.0,男,遷入,臺中市,0
110,2,24,金山區,,,,無年齡維度,0.0,女,遷入,臺北市,1
110,2,24,金山區,,,,無年齡維度,0.0,男,遷入,臺北市,0
110,2,24,金山區,,,,無年齡維度,0.0,女,遷入,臺南市,0
110,2,24,金山區,,,,無年齡維度,0.0,男,遷入,臺南市,0
110,2,24,金山區,,,,無年齡維度,0.0,女,遷入,臺灣省,0
110,2,24,金山區,,,,無年齡維度,0.0,男,遷入,臺灣省,0
110,2,24,金山區,,,,無年齡維度,0.0,女,遷入,高雄市,0
110,2,24,金山區,,,,無年齡維度,0.0,男,遷入,高雄市,0
110,2,24,金山區,,,,無年齡維度,0.0,女,遷出,migrants,0
110,2,24,金山區,,,,無年齡維度,0.0,男,遷出,migrants,0
110,2,24,金山區,,,,無年齡維度,0.0,女,遷出,other,0
110,2,24,金山區,,,,無年齡維度,0.0,男,遷出,other,0
110,2,24,金山區,,,,無年齡維度,0.0,女,遷出,其他縣市,0
110,2,24,金山區,,,,無年齡維度,0.0,男,遷出,其他縣市,0
110,2,24,金山區,,,,無年齡維度,0.0,女,遷出,其他鄉鎮,1
110,2,24,金山區,,,,無年齡維度,0.0,男,遷出,其他鄉鎮,3
110,2,24,金山區,,,,無年齡維度,0.0,女,遷出,合計,5
110,2,24,金山區,,,,無年齡維度,0.0,男,遷出,合計,5
110,2,24,金山區,,,,無年齡維度,0.0,女,遷出,國外,0
110,2,24,金山區,,,,無年齡維度,0.0,男,遷出,國外,0
110,2,24,金山區,,,,無年齡維度,0.0,女,遷出,新北市內,0
110,2,24,金山區,,,,無年齡維度,0.0,男,遷出,新北市內,0
110,2,24,金山區,,,,無年齡維度,0.0,女,遷出,桃園市,1
110,2,24,金山區,,,,無年齡維度,0.0,男,遷出,桃園市,0
110,2,24,金山區,,,,無年齡維度,0.0,女,遷出,福建省,0
110,2,24,金山區,,,,無年齡維度,0.0,男,遷出,福建省,0
110,2,24,金山區,,,,無年齡維度,0.0,女,遷出,臺中市,0
110,2,24,金山區,,,,無年齡維度,0.0,男,遷出,臺中市,0
110,2,24,金山區,,,,無年齡維度,0.0,女,遷出,臺北市,0
110,2,24,金山區,,,,無年齡維度,0.0,男,遷出,臺北市,1
110,2,24,金山區,,,,無年齡維度,0.0,女,遷出,臺南市,0
110,2,24,金山區,,,,無年齡維度,0.0,男,遷出,臺南市,0
110,2,24,金山區,,,,無年齡維度,0.0,女,遷出,臺灣省,3
110,2,24,金山區,,,,無年齡維度,0.0,男,遷出,臺灣省,1
110,2,24,金山區,,,,無年齡維度,0.0,女,遷出,高雄市,0
110,2,24,金山區,,,,無年齡維度,0.0,男,遷出,高雄市,0
110,2,25,萬里區,,,,無年齡維度,0.0,女,遷入,migrants,0
110,2,25,萬里區,,,,無年齡維度,0.0,男,遷入,migrants,1
110,2,25,萬里區,,,,無年齡維度,0.0,女,遷入,other,0
110,2,25,萬里區,,,,無年齡維度,0.0,男,遷入,other,0
110,2,25,萬里區,,,,無年齡維度,0.0,女,遷入,其他縣市,0
110,2,25,萬里區,,,,無年齡維度,0.0,男,遷入,其他縣市,0
110,2,25,萬里區,,,,無年齡維度,0.0,女,遷入,其他鄉鎮,4
110,2,25,萬里區,,,,無年齡維度,0.0,男,遷入,其他鄉鎮,2
110,2,25,萬里區,,,,無年齡維度,0.0,女,遷入,合計,8
110,2,25,萬里區,,,,無年齡維度,0.0,男,遷入,合計,9
110,2,25,萬里區,,,,無年齡維度,0.0,女,遷入,國外,0
110,2,25,萬里區,,,,無年齡維度,0.0,男,遷入,國外,0
110,2,25,萬里區,,,,無年齡維度,0.0,女,遷入,新北市內,0
110,2,25,萬里區,,,,無年齡維度,0.0,男,遷入,新北市內,0
110,2,25,萬里區,,,,無年齡維度,0.0,女,遷入,桃園市,1
110,2,25,萬里區,,,,無年齡維度,0.0,男,遷入,桃園市,3
110,2,25,萬里區,,,,無年齡維度,0.0,女,遷入,福建省,0
110,2,25,萬里區,,,,無年齡維度,0.0,男,遷入,福建省,0
110,2,25,萬里區,,,,無年齡維度,0.0,女,遷入,臺中市,0
110,2,25,萬里區,,,,無年齡維度,0.0,男,遷入,臺中市,0
110,2,25,萬里區,,,,無年齡維度,0.0,女,遷入,臺北市,0
110,2,25,萬里區,,,,無年齡維度,0.0,男,遷入,臺北市,2
110,2,25,萬里區,,,,無年齡維度,0.0,女,遷入,臺南市,0
110,2,25,萬里區,,,,無年齡維度,0.0,男,遷入,臺南市,0
110,2,25,萬里區,,,,無年齡維度,0.0,女,遷入,臺灣省,3
110,2,25,萬里區,,,,無年齡維度,0.0,男,遷入,臺灣省,2
110,2,25,萬里區,,,,無年齡維度,0.0,女,遷入,高雄市,0
110,2,25,萬里區,,,,無年齡維度,0.0,男,遷入,高雄市,0
110,2,25,萬里區,,,,無年齡維度,0.0,女,遷出,migrants,0
110,2,25,萬里區,,,,無年齡維度,0.0,男,遷出,migrants,1
110,2,25,萬里區,,,,無年齡維度,0.0,女,遷出,other,0
110,2,25,萬里區,,,,無年齡維度,0.0,男,遷出,other,0
110,2,25,萬里區,,,,無年齡維度,0.0,女,遷出,其他縣市,0
110,2,25,萬里區,,,,無年齡維度,0.0,男,遷出,其他縣市,0
110,2,25,萬里區,,,,無年齡維度,0.0,女,遷出,其他鄉鎮,4
110,2,25,萬里區,,,,無年齡維度,0.0,男,遷出,其他鄉鎮,2
110,2,25,萬里區,,,,無年齡維度,0.0,女,遷出,合計,8
110,2,25,萬里區,,,,無年齡維度,0.0,男,遷出,合計,6
110,2,25,萬里區,,,,無年齡維度,0.0,女,遷出,國外,0
110,2,25,萬里區,,,,無年齡維度,0.0,男,遷出,國外,0
110,2,25,萬里區,,,,無年齡維度,0.0,女,遷出,新北市內,0
110,2,25,萬里區,,,,無年齡維度,0.0,男,遷出,新北市內,0
110,2,25,萬里區,,,,無年齡維度,0.0,女,遷出,桃園市,1
110,2,25,萬里區,,,,無年齡維度,0.0,男,遷出,桃園市,2
110,2,25,萬里區,,,,無年齡維度,0.0,女,遷出,福建省,0
110,2,25,萬里區,,,,無年齡維度,0.0,男,遷出,福建省,0
110,2,25,萬里區,,,,無年齡維度,0.0,女,遷出,臺中市,0
110,2,25,萬里區,,,,無年齡維度,0.0,男,遷出,臺中市,0
110,2,25,萬里區,,,,無年齡維度,0.0,女,遷出,臺北市,1
110,2,25,萬里區,,,,無年齡維度,0.0,男,遷出,臺北市,0
110,2,25,萬里區,,,,無年齡維度,0.0,女,遷出,臺南市,0
110,2,25,萬里區,,,,無年齡維度,0.0,男,遷出,臺南市,1
110,2,25,萬里區,,,,無年齡維度,0.0,女,遷出,臺灣省,2
110,2,25,萬里區,,,,無年齡維度,0.0,男,遷出,臺灣省,1
110,2,25,萬里區,,,,無年齡維度,0.0,女,遷出,高雄市,0
110,2,25,萬里區,,,,無年齡維度,0.0,男,遷出,高雄市,0
110,2,26,平溪區,,,,無年齡維度,0.0,女,遷入,migrants,1
110,2,26,平溪區,,,,無年齡維度,0.0,男,遷入,migrants,1
110,2,26,平溪區,,,,無年齡維度,0.0,女,遷入,other,0
110,2,26,平溪區,,,,無年齡維度,0.0,男,遷入,other,0
110,2,26,平溪區,,,,無年齡維度,0.0,女,遷入,其他縣市,0
110,2,26,平溪區,,,,無年齡維度,0.0,男,遷入,其他縣市,0
110,2,26,平溪區,,,,無年齡維度,0.0,女,遷入,其他鄉鎮,3
110,2,26,平溪區,,,,無年齡維度,0.0,男,遷入,其他鄉鎮,3
110,2,26,平溪區,,,,無年齡維度,0.0,女,遷入,合計,14
110,2,26,平溪區,,,,無年齡維度,0.0,男,遷入,合計,10
110,2,26,平溪區,,,,無年齡維度,0.0,女,遷入,國外,0
110,2,26,平溪區,,,,無年齡維度,0.0,男,遷入,國外,0
110,2,26,平溪區,,,,無年齡維度,0.0,女,遷入,新北市內,0
110,2,26,平溪區,,,,無年齡維度,0.0,男,遷入,新北市內,0
110,2,26,平溪區,,,,無年齡維度,0.0,女,遷入,桃園市,1
110,2,26,平溪區,,,,無年齡維度,0.0,男,遷入,桃園市,0
110,2,26,平溪區,,,,無年齡維度,0.0,女,遷入,福建省,0
110,2,26,平溪區,,,,無年齡維度,0.0,男,遷入,福建省,0
110,2,26,平溪區,,,,無年齡維度,0.0,女,遷入,臺中市,1
110,2,26,平溪區,,,,無年齡維度,0.0,男,遷入,臺中市,0
110,2,26,平溪區,,,,無年齡維度,0.0,女,遷入,臺北市,3
110,2,26,平溪區,,,,無年齡維度,0.0,男,遷入,臺北市,2
110,2,26,平溪區,,,,無年齡維度,0.0,女,遷入,臺南市,0
110,2,26,平溪區,,,,無年齡維度,0.0,男,遷入,臺南市,0
110,2,26,平溪區,,,,無年齡維度,0.0,女,遷入,臺灣省,3
110,2,26,平溪區,,,,無年齡維度,0.0,男,遷入,臺灣省,3
110,2,26,平溪區,,,,無年齡維度,0.0,女,遷入,高雄市,2
110,2,26,平溪區,,,,無年齡維度,0.0,男,遷入,高雄市,2
110,2,26,平溪區,,,,無年齡維度,0.0,女,遷出,migrants,1
110,2,26,平溪區,,,,無年齡維度,0.0,男,遷出,migrants,1
110,2,26,平溪區,,,,無年齡維度,0.0,女,遷出,other,0
110,2,26,平溪區,,,,無年齡維度,0.0,男,遷出,other,0
110,2,26,平溪區,,,,無年齡維度,0.0,女,遷出,其他縣市,0
110,2,26,平溪區,,,,無年齡維度,0.0,男,遷出,其他縣市,0
110,2,26,平溪區,,,,無年齡維度,0.0,女,遷出,其他鄉鎮,1
110,2,26,平溪區,,,,無年齡維度,0.0,男,遷出,其他鄉鎮,2
110,2,26,平溪區,,,,無年齡維度,0.0,女,遷出,合計,10
110,2,26,平溪區,,,,無年齡維度,0.0,男,遷出,合計,7
110,2,26,平溪區,,,,無年齡維度,0.0,女,遷出,國外,2
110,2,26,平溪區,,,,無年齡維度,0.0,男,遷出,國外,2
110,2,26,平溪區,,,,無年齡維度,0.0,女,遷出,新北市內,0
110,2,26,平溪區,,,,無年齡維度,0.0,男,遷出,新北市內,0
110,2,26,平溪區,,,,無年齡維度,0.0,女,遷出,桃園市,2
110,2,26,平溪區,,,,無年齡維度,0.0,男,遷出,桃園市,0
110,2,26,平溪區,,,,無年齡維度,0.0,女,遷出,福建省,0
110,2,26,平溪區,,,,無年齡維度,0.0,男,遷出,福建省,0
110,2,26,平溪區,,,,無年齡維度,0.0,女,遷出,臺中市,1
110,2,26,平溪區,,,,無年齡維度,0.0,男,遷出,臺中市,1
110,2,26,平溪區,,,,無年齡維度,0.0,女,遷出,臺北市,0
110,2,26,平溪區,,,,無年齡維度,0.0,男,遷出,臺北市,1
110,2,26,平溪區,,,,無年齡維度,0.0,女,遷出,臺南市,0
110,2,26,平溪區,,,,無年齡維度,0.0,男,遷出,臺南市,0
110,2,26,平溪區,,,,無年齡維度,0.0,女,遷出,臺灣省,4
110,2,26,平溪區,,,,無年齡維度,0.0,男,遷出,臺灣省,1
110,2,26,平溪區,,,,無年齡維度,0.0,女,遷出,高雄市,0
110,2,26,平溪區,,,,無年齡維度,0.0,男,遷出,高雄市,0
110,2,27,雙溪區,,,,無年齡維度,0.0,女,遷入,migrants,18
110,2,27,雙溪區,,,,無年齡維度,0.0,男,遷入,migrants,15
110,2,27,雙溪區,,,,無年齡維度,0.0,女,遷入,other,0
110,2,27,雙溪區,,,,無年齡維度,0.0,男,遷入,other,0
110,2,27,雙溪區,,,,無年齡維度,0.0,女,遷入,其他縣市,0
110,2,27,雙溪區,,,,無年齡維度,0.0,男,遷入,其他縣市,0
110,2,27,雙溪區,,,,無年齡維度,0.0,女,遷入,其他鄉鎮,6
110,2,27,雙溪區,,,,無年齡維度,0.0,男,遷入,其他鄉鎮,1
110,2,27,雙溪區,,,,無年齡維度,0.0,女,遷入,合計,17
110,2,27,雙溪區,,,,無年齡維度,0.0,男,遷入,合計,3
110,2,27,雙溪區,,,,無年齡維度,0.0,女,遷入,國外,1
110,2,27,雙溪區,,,,無年齡維度,0.0,男,遷入,國外,0
110,2,27,雙溪區,,,,無年齡維度,0.0,女,遷入,新北市內,0
110,2,27,雙溪區,,,,無年齡維度,0.0,男,遷入,新北市內,0
110,2,27,雙溪區,,,,無年齡維度,0.0,女,遷入,桃園市,0
110,2,27,雙溪區,,,,無年齡維度,0.0,男,遷入,桃園市,0
110,2,27,雙溪區,,,,無年齡維度,0.0,女,遷入,福建省,0
110,2,27,雙溪區,,,,無年齡維度,0.0,男,遷入,福建省,0
110,2,27,雙溪區,,,,無年齡維度,0.0,女,遷入,臺中市,1
110,2,27,雙溪區,,,,無年齡維度,0.0,男,遷入,臺中市,0
110,2,27,雙溪區,,,,無年齡維度,0.0,女,遷入,臺北市,6
110,2,27,雙溪區,,,,無年齡維度,0.0,男,遷入,臺北市,2
110,2,27,雙溪區,,,,無年齡維度,0.0,女,遷入,臺南市,0
110,2,27,雙溪區,,,,無年齡維度,0.0,男,遷入,臺南市,0
110,2,27,雙溪區,,,,無年齡維度,0.0,女,遷入,臺灣省,1
110,2,27,雙溪區,,,,無年齡維度,0.0,男,遷入,臺灣省,0
110,2,27,雙溪區,,,,無年齡維度,0.0,女,遷入,高雄市,0
110,2,27,雙溪區,,,,無年齡維度,0.0,男,遷入,高雄市,0
110,2,27,雙溪區,,,,無年齡維度,0.0,女,遷出,migrants,18
110,2,27,雙溪區,,,,無年齡維度,0.0,男,遷出,migrants,15
110,2,27,雙溪區,,,,無年齡維度,0.0,女,遷出,other,0
110,2,27,雙溪區,,,,無年齡維度,0.0,男,遷出,other,0
110,2,27,雙溪區,,,,無年齡維度,0.0,女,遷出,其他縣市,0
110,2,27,雙溪區,,,,無年齡維度,0.0,男,遷出,其他縣市,0
110,2,27,雙溪區,,,,無年齡維度,0.0,女,遷出,其他鄉鎮,9
110,2,27,雙溪區,,,,無年齡維度,0.0,男,遷出,其他鄉鎮,7
110,2,27,雙溪區,,,,無年齡維度,0.0,女,遷出,合計,28
110,2,27,雙溪區,,,,無年齡維度,0.0,男,遷出,合計,18
110,2,27,雙溪區,,,,無年齡維度,0.0,女,遷出,國外,6
110,2,27,雙溪區,,,,無年齡維度,0.0,男,遷出,國外,3
110,2,27,雙溪區,,,,無年齡維度,0.0,女,遷出,新北市內,0
110,2,27,雙溪區,,,,無年齡維度,0.0,男,遷出,新北市內,0
110,2,27,雙溪區,,,,無年齡維度,0.0,女,遷出,桃園市,1
110,2,27,雙溪區,,,,無年齡維度,0.0,男,遷出,桃園市,2
110,2,27,雙溪區,,,,無年齡維度,0.0,女,遷出,福建省,2
110,2,27,雙溪區,,,,無年齡維度,0.0,男,遷出,福建省,0
110,2,27,雙溪區,,,,無年齡維度,0.0,女,遷出,臺中市,0
110,2,27,雙溪區,,,,無年齡維度,0.0,男,遷出,臺中市,1
110,2,27,雙溪區,,,,無年齡維度,0.0,女,遷出,臺北市,4
110,2,27,雙溪區,,,,無年齡維度,0.0,男,遷出,臺北市,4
110,2,27,雙溪區,,,,無年齡維度,0.0,女,遷出,臺南市,0
110,2,27,雙溪區,,,,無年齡維度,0.0,男,遷出,臺南市,0
110,2,27,雙溪區,,,,無年齡維度,0.0,女,遷出,臺灣省,5
110,2,27,雙溪區,,,,無年齡維度,0.0,男,遷出,臺灣省,1
110,2,27,雙溪區,,,,無年齡維度,0.0,女,遷出,高雄市,1
110,2,27,雙溪區,,,,無年齡維度,0.0,男,遷出,高雄市,0
110,2,28,貢寮區,,,,無年齡維度,0.0,女,遷入,migrants,13
110,2,28,貢寮區,,,,無年齡維度,0.0,男,遷入,migrants,6
110,2,28,貢寮區,,,,無年齡維度,0.0,女,遷入,other,0
110,2,28,貢寮區,,,,無年齡維度,0.0,男,遷入,other,0
110,2,28,貢寮區,,,,無年齡維度,0.0,女,遷入,其他縣市,0
110,2,28,貢寮區,,,,無年齡維度,0.0,男,遷入,其他縣市,0
110,2,28,貢寮區,,,,無年齡維度,0.0,女,遷入,其他鄉鎮,12
110,2,28,貢寮區,,,,無年齡維度,0.0,男,遷入,其他鄉鎮,8
110,2,28,貢寮區,,,,無年齡維度,0.0,女,遷入,合計,25
110,2,28,貢寮區,,,,無年齡維度,0.0,男,遷入,合計,24
110,2,28,貢寮區,,,,無年齡維度,0.0,女,遷入,國外,0
110,2,28,貢寮區,,,,無年齡維度,0.0,男,遷入,國外,0
110,2,28,貢寮區,,,,無年齡維度,0.0,女,遷入,新北市內,0
110,2,28,貢寮區,,,,無年齡維度,0.0,男,遷入,新北市內,0
110,2,28,貢寮區,,,,無年齡維度,0.0,女,遷入,桃園市,2
110,2,28,貢寮區,,,,無年齡維度,0.0,男,遷入,桃園市,1
110,2,28,貢寮區,,,,無年齡維度,0.0,女,遷入,福建省,0
110,2,28,貢寮區,,,,無年齡維度,0.0,男,遷入,福建省,0
110,2,28,貢寮區,,,,無年齡維度,0.0,女,遷入,臺中市,1
110,2,28,貢寮區,,,,無年齡維度,0.0,男,遷入,臺中市,0
110,2,28,貢寮區,,,,無年齡維度,0.0,女,遷入,臺北市,3
110,2,28,貢寮區,,,,無年齡維度,0.0,男,遷入,臺北市,6
110,2,28,貢寮區,,,,無年齡維度,0.0,女,遷入,臺南市,0
110,2,28,貢寮區,,,,無年齡維度,0.0,男,遷入,臺南市,1
110,2,28,貢寮區,,,,無年齡維度,0.0,女,遷入,臺灣省,6
110,2,28,貢寮區,,,,無年齡維度,0.0,男,遷入,臺灣省,8
110,2,28,貢寮區,,,,無年齡維度,0.0,女,遷入,高雄市,0
110,2,28,貢寮區,,,,無年齡維度,0.0,男,遷入,高雄市,0
110,2,28,貢寮區,,,,無年齡維度,0.0,女,遷出,migrants,13
110,2,28,貢寮區,,,,無年齡維度,0.0,男,遷出,migrants,6
110,2,28,貢寮區,,,,無年齡維度,0.0,女,遷出,other,0
110,2,28,貢寮區,,,,無年齡維度,0.0,男,遷出,other,0
110,2,28,貢寮區,,,,無年齡維度,0.0,女,遷出,其他縣市,0
110,2,28,貢寮區,,,,無年齡維度,0.0,男,遷出,其他縣市,0
110,2,28,貢寮區,,,,無年齡維度,0.0,女,遷出,其他鄉鎮,10
110,2,28,貢寮區,,,,無年齡維度,0.0,男,遷出,其他鄉鎮,9
110,2,28,貢寮區,,,,無年齡維度,0.0,女,遷出,合計,29
110,2,28,貢寮區,,,,無年齡維度,0.0,男,遷出,合計,37
110,2,28,貢寮區,,,,無年齡維度,0.0,女,遷出,國外,3
110,2,28,貢寮區,,,,無年齡維度,0.0,男,遷出,國外,2
110,2,28,貢寮區,,,,無年齡維度,0.0,女,遷出,新北市內,0
110,2,28,貢寮區,,,,無年齡維度,0.0,男,遷出,新北市內,0
110,2,28,貢寮區,,,,無年齡維度,0.0,女,遷出,桃園市,6
110,2,28,貢寮區,,,,無年齡維度,0.0,男,遷出,桃園市,5
110,2,28,貢寮區,,,,無年齡維度,0.0,女,遷出,福建省,0
110,2,28,貢寮區,,,,無年齡維度,0.0,男,遷出,福建省,0
110,2,28,貢寮區,,,,無年齡維度,0.0,女,遷出,臺中市,2
110,2,28,貢寮區,,,,無年齡維度,0.0,男,遷出,臺中市,0
110,2,28,貢寮區,,,,無年齡維度,0.0,女,遷出,臺北市,0
110,2,28,貢寮區,,,,無年齡維度,0.0,男,遷出,臺北市,1
110,2,28,貢寮區,,,,無年齡維度,0.0,女,遷出,臺南市,0
110,2,28,貢寮區,,,,無年齡維度,0.0,男,遷出,臺南市,0
110,2,28,貢寮區,,,,無年齡維度,0.0,女,遷出,臺灣省,8
110,2,28,貢寮區,,,,無年齡維度,0.0,男,遷出,臺灣省,20
110,2,28,貢寮區,,,,無年齡維度,0.0,女,遷出,高雄市,0
110,2,28,貢寮區,,,,無年齡維度,0.0,男,遷出,高雄市,0
110,2,29,烏來區,,,,無年齡維度,0.0,女,遷入,migrants,3
110,2,29,烏來區,,,,無年齡維度,0.0,男,遷入,migrants,1
110,2,29,烏來區,,,,無年齡維度,0.0,女,遷入,other,0
110,2,29,烏來區,,,,無年齡維度,0.0,男,遷入,other,0
110,2,29,烏來區,,,,無年齡維度,0.0,女,遷入,其他縣市,0
110,2,29,烏來區,,,,無年齡維度,0.0,男,遷入,其他縣市,0
110,2,29,烏來區,,,,無年齡維度,0.0,女,遷入,其他鄉鎮,5
110,2,29,烏來區,,,,無年齡維度,0.0,男,遷入,其他鄉鎮,5
110,2,29,烏來區,,,,無年齡維度,0.0,女,遷入,合計,10
110,2,29,烏來區,,,,無年齡維度,0.0,男,遷入,合計,10
110,2,29,烏來區,,,,無年齡維度,0.0,女,遷入,國外,0
110,2,29,烏來區,,,,無年齡維度,0.0,男,遷入,國外,0
110,2,29,烏來區,,,,無年齡維度,0.0,女,遷入,新北市內,0
110,2,29,烏來區,,,,無年齡維度,0.0,男,遷入,新北市內,0
110,2,29,烏來區,,,,無年齡維度,0.0,女,遷入,桃園市,1
110,2,29,烏來區,,,,無年齡維度,0.0,男,遷入,桃園市,3
110,2,29,烏來區,,,,無年齡維度,0.0,女,遷入,福建省,0
110,2,29,烏來區,,,,無年齡維度,0.0,男,遷入,福建省,0
110,2,29,烏來區,,,,無年齡維度,0.0,女,遷入,臺中市,0
110,2,29,烏來區,,,,無年齡維度,0.0,男,遷入,臺中市,0
110,2,29,烏來區,,,,無年齡維度,0.0,女,遷入,臺北市,1
110,2,29,烏來區,,,,無年齡維度,0.0,男,遷入,臺北市,1
110,2,29,烏來區,,,,無年齡維度,0.0,女,遷入,臺南市,1
110,2,29,烏來區,,,,無年齡維度,0.0,男,遷入,臺南市,0
110,2,29,烏來區,,,,無年齡維度,0.0,女,遷入,臺灣省,2
110,2,29,烏來區,,,,無年齡維度,0.0,男,遷入,臺灣省,1
110,2,29,烏來區,,,,無年齡維度,0.0,女,遷入,高雄市,0
110,2,29,烏來區,,,,無年齡維度,0.0,男,遷入,高雄市,0
110,2,29,烏來區,,,,無年齡維度,0.0,女,遷出,migrants,3
110,2,29,烏來區,,,,無年齡維度,0.0,男,遷出,migrants,1
110,2,29,烏來區,,,,無年齡維度,0.0,女,遷出,other,0
110,2,29,烏來區,,,,無年齡維度,0.0,男,遷出,other,0
110,2,29,烏來區,,,,無年齡維度,0.0,女,遷出,其他縣市,0
110,2,29,烏來區,,,,無年齡維度,0.0,男,遷出,其他縣市,0
110,2,29,烏來區,,,,無年齡維度,0.0,女,遷出,其他鄉鎮,18
110,2,29,烏來區,,,,無年齡維度,0.0,男,遷出,其他鄉鎮,9
110,2,29,烏來區,,,,無年齡維度,0.0,女,遷出,合計,30
110,2,29,烏來區,,,,無年齡維度,0.0,男,遷出,合計,22
110,2,29,烏來區,,,,無年齡維度,0.0,女,遷出,國外,2
110,2,29,烏來區,,,,無年齡維度,0.0,男,遷出,國外,0
110,2,29,烏來區,,,,無年齡維度,0.0,女,遷出,新北市內,0
110,2,29,烏來區,,,,無年齡維度,0.0,男,遷出,新北市內,0
110,2,29,烏來區,,,,無年齡維度,0.0,女,遷出,桃園市,4
110,2,29,烏來區,,,,無年齡維度,0.0,男,遷出,桃園市,5
110,2,29,烏來區,,,,無年齡維度,0.0,女,遷出,福建省,0
110,2,29,烏來區,,,,無年齡維度,0.0,男,遷出,福建省,1
110,2,29,烏來區,,,,無年齡維度,0.0,女,遷出,臺中市,2
110,2,29,烏來區,,,,無年齡維度,0.0,男,遷出,臺中市,1
110,2,29,烏來區,,,,無年齡維度,0.0,女,遷出,臺北市,3
110,2,29,烏來區,,,,無年齡維度,0.0,男,遷出,臺北市,3
110,2,29,烏來區,,,,無年齡維度,0.0,女,遷出,臺南市,0
110,2,29,烏來區,,,,無年齡維度,0.0,男,遷出,臺南市,0
110,2,29,烏來區,,,,無年齡維度,0.0,女,遷出,臺灣省,1
110,2,29,烏來區,,,,無年齡維度,0.0,男,遷出,臺灣省,1
110,2,29,烏來區,,,,無年齡維度,0.0,女,遷出,高雄市,0
110,2,29,烏來區,,,,無年齡維度,0.0,男,遷出,高雄市,2
110,3,1,板橋區,,,,無年齡維度,0.0,女,遷入,migrants,866
110,3,1,板橋區,,,,無年齡維度,0.0,男,遷入,migrants,762
110,3,1,板橋區,,,,無年齡維度,0.0,女,遷入,other,0
110,3,1,板橋區,,,,無年齡維度,0.0,男,遷入,other,0
110,3,1,板橋區,,,,無年齡維度,0.0,女,遷入,其他縣市,0
110,3,1,板橋區,,,,無年齡維度,0.0,男,遷入,其他縣市,0
110,3,1,板橋區,,,,無年齡維度,0.0,女,遷入,其他鄉鎮,449
110,3,1,板橋區,,,,無年齡維度,0.0,男,遷入,其他鄉鎮,311
110,3,1,板橋區,,,,無年齡維度,0.0,女,遷入,合計,1053
110,3,1,板橋區,,,,無年齡維度,0.0,男,遷入,合計,837
110,3,1,板橋區,,,,無年齡維度,0.0,女,遷入,國外,12
110,3,1,板橋區,,,,無年齡維度,0.0,男,遷入,國外,15
110,3,1,板橋區,,,,無年齡維度,0.0,女,遷入,新北市內,0
110,3,1,板橋區,,,,無年齡維度,0.0,男,遷入,新北市內,0
110,3,1,板橋區,,,,無年齡維度,0.0,女,遷入,桃園市,72
110,3,1,板橋區,,,,無年齡維度,0.0,男,遷入,桃園市,59
110,3,1,板橋區,,,,無年齡維度,0.0,女,遷入,福建省,1
110,3,1,板橋區,,,,無年齡維度,0.0,男,遷入,福建省,5
110,3,1,板橋區,,,,無年齡維度,0.0,女,遷入,臺中市,22
110,3,1,板橋區,,,,無年齡維度,0.0,男,遷入,臺中市,17
110,3,1,板橋區,,,,無年齡維度,0.0,女,遷入,臺北市,303
110,3,1,板橋區,,,,無年齡維度,0.0,男,遷入,臺北市,296
110,3,1,板橋區,,,,無年齡維度,0.0,女,遷入,臺南市,22
110,3,1,板橋區,,,,無年齡維度,0.0,男,遷入,臺南市,16
110,3,1,板橋區,,,,無年齡維度,0.0,女,遷入,臺灣省,119
110,3,1,板橋區,,,,無年齡維度,0.0,男,遷入,臺灣省,87
110,3,1,板橋區,,,,無年齡維度,0.0,女,遷入,高雄市,35
110,3,1,板橋區,,,,無年齡維度,0.0,男,遷入,高雄市,25
110,3,1,板橋區,,,,無年齡維度,0.0,女,遷出,migrants,866
110,3,1,板橋區,,,,無年齡維度,0.0,男,遷出,migrants,762
110,3,1,板橋區,,,,無年齡維度,0.0,女,遷出,other,0
110,3,1,板橋區,,,,無年齡維度,0.0,男,遷出,other,0
110,3,1,板橋區,,,,無年齡維度,0.0,女,遷出,其他縣市,0
110,3,1,板橋區,,,,無年齡維度,0.0,男,遷出,其他縣市,0
110,3,1,板橋區,,,,無年齡維度,0.0,女,遷出,其他鄉鎮,478
110,3,1,板橋區,,,,無年齡維度,0.0,男,遷出,其他鄉鎮,357
110,3,1,板橋區,,,,無年齡維度,0.0,女,遷出,合計,1121
110,3,1,板橋區,,,,無年齡維度,0.0,男,遷出,合計,854
110,3,1,板橋區,,,,無年齡維度,0.0,女,遷出,國外,133
110,3,1,板橋區,,,,無年齡維度,0.0,男,遷出,國外,92
110,3,1,板橋區,,,,無年齡維度,0.0,女,遷出,新北市內,0
110,3,1,板橋區,,,,無年齡維度,0.0,男,遷出,新北市內,0
110,3,1,板橋區,,,,無年齡維度,0.0,女,遷出,桃園市,113
110,3,1,板橋區,,,,無年齡維度,0.0,男,遷出,桃園市,92
110,3,1,板橋區,,,,無年齡維度,0.0,女,遷出,福建省,6
110,3,1,板橋區,,,,無年齡維度,0.0,男,遷出,福建省,4
110,3,1,板橋區,,,,無年齡維度,0.0,女,遷出,臺中市,39
110,3,1,板橋區,,,,無年齡維度,0.0,男,遷出,臺中市,30
110,3,1,板橋區,,,,無年齡維度,0.0,女,遷出,臺北市,191
110,3,1,板橋區,,,,無年齡維度,0.0,男,遷出,臺北市,137
110,3,1,板橋區,,,,無年齡維度,0.0,女,遷出,臺南市,20
110,3,1,板橋區,,,,無年齡維度,0.0,男,遷出,臺南市,14
110,3,1,板橋區,,,,無年齡維度,0.0,女,遷出,臺灣省,124
110,3,1,板橋區,,,,無年齡維度,0.0,男,遷出,臺灣省,107
110,3,1,板橋區,,,,無年齡維度,0.0,女,遷出,高雄市,17
110,3,1,板橋區,,,,無年齡維度,0.0,男,遷出,高雄市,20
110,3,2,三重區,,,,無年齡維度,0.0,女,遷入,migrants,694
110,3,2,三重區,,,,無年齡維度,0.0,男,遷入,migrants,579
110,3,2,三重區,,,,無年齡維度,0.0,女,遷入,other,0
110,3,2,三重區,,,,無年齡維度,0.0,男,遷入,other,0
110,3,2,三重區,,,,無年齡維度,0.0,女,遷入,其他縣市,0
110,3,2,三重區,,,,無年齡維度,0.0,男,遷入,其他縣市,0
110,3,2,三重區,,,,無年齡維度,0.0,女,遷入,其他鄉鎮,231
110,3,2,三重區,,,,無年齡維度,0.0,男,遷入,其他鄉鎮,196
110,3,2,三重區,,,,無年齡維度,0.0,女,遷入,合計,709
110,3,2,三重區,,,,無年齡維度,0.0,男,遷入,合計,573
110,3,2,三重區,,,,無年齡維度,0.0,女,遷入,國外,7
110,3,2,三重區,,,,無年齡維度,0.0,男,遷入,國外,3
110,3,2,三重區,,,,無年齡維度,0.0,女,遷入,新北市內,0
110,3,2,三重區,,,,無年齡維度,0.0,男,遷入,新北市內,0
110,3,2,三重區,,,,無年齡維度,0.0,女,遷入,桃園市,57
110,3,2,三重區,,,,無年齡維度,0.0,男,遷入,桃園市,45
110,3,2,三重區,,,,無年齡維度,0.0,女,遷入,福建省,4
110,3,2,三重區,,,,無年齡維度,0.0,男,遷入,福建省,4
110,3,2,三重區,,,,無年齡維度,0.0,女,遷入,臺中市,16
110,3,2,三重區,,,,無年齡維度,0.0,男,遷入,臺中市,10
110,3,2,三重區,,,,無年齡維度,0.0,女,遷入,臺北市,274
110,3,2,三重區,,,,無年齡維度,0.0,男,遷入,臺北市,231
110,3,2,三重區,,,,無年齡維度,0.0,女,遷入,臺南市,9
110,3,2,三重區,,,,無年齡維度,0.0,男,遷入,臺南市,8
110,3,2,三重區,,,,無年齡維度,0.0,女,遷入,臺灣省,92
110,3,2,三重區,,,,無年齡維度,0.0,男,遷入,臺灣省,61
110,3,2,三重區,,,,無年齡維度,0.0,女,遷入,高雄市,12
110,3,2,三重區,,,,無年齡維度,0.0,男,遷入,高雄市,11
110,3,2,三重區,,,,無年齡維度,0.0,女,遷出,migrants,694
110,3,2,三重區,,,,無年齡維度,0.0,男,遷出,migrants,579
110,3,2,三重區,,,,無年齡維度,0.0,女,遷出,other,0
110,3,2,三重區,,,,無年齡維度,0.0,男,遷出,other,0
110,3,2,三重區,,,,無年齡維度,0.0,女,遷出,其他縣市,0
110,3,2,三重區,,,,無年齡維度,0.0,男,遷出,其他縣市,0
110,3,2,三重區,,,,無年齡維度,0.0,女,遷出,其他鄉鎮,300
110,3,2,三重區,,,,無年齡維度,0.0,男,遷出,其他鄉鎮,228
110,3,2,三重區,,,,無年齡維度,0.0,女,遷出,合計,897
110,3,2,三重區,,,,無年齡維度,0.0,男,遷出,合計,720
110,3,2,三重區,,,,無年齡維度,0.0,女,遷出,國外,156
110,3,2,三重區,,,,無年齡維度,0.0,男,遷出,國外,120
110,3,2,三重區,,,,無年齡維度,0.0,女,遷出,新北市內,0
110,3,2,三重區,,,,無年齡維度,0.0,男,遷出,新北市內,0
110,3,2,三重區,,,,無年齡維度,0.0,女,遷出,桃園市,73
110,3,2,三重區,,,,無年齡維度,0.0,男,遷出,桃園市,63
110,3,2,三重區,,,,無年齡維度,0.0,女,遷出,福建省,0
110,3,2,三重區,,,,無年齡維度,0.0,男,遷出,福建省,7
110,3,2,三重區,,,,無年齡維度,0.0,女,遷出,臺中市,31
110,3,2,三重區,,,,無年齡維度,0.0,男,遷出,臺中市,29
110,3,2,三重區,,,,無年齡維度,0.0,女,遷出,臺北市,237
110,3,2,三重區,,,,無年齡維度,0.0,男,遷出,臺北市,169
110,3,2,三重區,,,,無年齡維度,0.0,女,遷出,臺南市,7
110,3,2,三重區,,,,無年齡維度,0.0,男,遷出,臺南市,14
110,3,2,三重區,,,,無年齡維度,0.0,女,遷出,臺灣省,85
110,3,2,三重區,,,,無年齡維度,0.0,男,遷出,臺灣省,78
110,3,2,三重區,,,,無年齡維度,0.0,女,遷出,高雄市,8
110,3,2,三重區,,,,無年齡維度,0.0,男,遷出,高雄市,11
110,3,3,中和區,,,,無年齡維度,0.0,女,遷入,migrants,478
110,3,3,中和區,,,,無年齡維度,0.0,男,遷入,migrants,462
110,3,3,中和區,,,,無年齡維度,0.0,女,遷入,other,0
110,3,3,中和區,,,,無年齡維度,0.0,男,遷入,other,0
110,3,3,中和區,,,,無年齡維度,0.0,女,遷入,其他縣市,0
110,3,3,中和區,,,,無年齡維度,0.0,男,遷入,其他縣市,0
110,3,3,中和區,,,,無年齡維度,0.0,女,遷入,其他鄉鎮,388
110,3,3,中和區,,,,無年齡維度,0.0,男,遷入,其他鄉鎮,308
110,3,3,中和區,,,,無年齡維度,0.0,女,遷入,合計,835
110,3,3,中和區,,,,無年齡維度,0.0,男,遷入,合計,701
110,3,3,中和區,,,,無年齡維度,0.0,女,遷入,國外,16
110,3,3,中和區,,,,無年齡維度,0.0,男,遷入,國外,20
110,3,3,中和區,,,,無年齡維度,0.0,女,遷入,新北市內,0
110,3,3,中和區,,,,無年齡維度,0.0,男,遷入,新北市內,0
110,3,3,中和區,,,,無年齡維度,0.0,女,遷入,桃園市,46
110,3,3,中和區,,,,無年齡維度,0.0,男,遷入,桃園市,34
110,3,3,中和區,,,,無年齡維度,0.0,女,遷入,福建省,9
110,3,3,中和區,,,,無年齡維度,0.0,男,遷入,福建省,5
110,3,3,中和區,,,,無年齡維度,0.0,女,遷入,臺中市,23
110,3,3,中和區,,,,無年齡維度,0.0,男,遷入,臺中市,17
110,3,3,中和區,,,,無年齡維度,0.0,女,遷入,臺北市,221
110,3,3,中和區,,,,無年齡維度,0.0,男,遷入,臺北市,213
110,3,3,中和區,,,,無年齡維度,0.0,女,遷入,臺南市,15
110,3,3,中和區,,,,無年齡維度,0.0,男,遷入,臺南市,14
110,3,3,中和區,,,,無年齡維度,0.0,女,遷入,臺灣省,88
110,3,3,中和區,,,,無年齡維度,0.0,男,遷入,臺灣省,65
110,3,3,中和區,,,,無年齡維度,0.0,女,遷入,高雄市,16
110,3,3,中和區,,,,無年齡維度,0.0,男,遷入,高雄市,18
110,3,3,中和區,,,,無年齡維度,0.0,女,遷出,migrants,478
110,3,3,中和區,,,,無年齡維度,0.0,男,遷出,migrants,462
110,3,3,中和區,,,,無年齡維度,0.0,女,遷出,other,0
110,3,3,中和區,,,,無年齡維度,0.0,男,遷出,other,0
110,3,3,中和區,,,,無年齡維度,0.0,女,遷出,其他縣市,0
110,3,3,中和區,,,,無年齡維度,0.0,男,遷出,其他縣市,0
110,3,3,中和區,,,,無年齡維度,0.0,女,遷出,其他鄉鎮,490
110,3,3,中和區,,,,無年齡維度,0.0,男,遷出,其他鄉鎮,397
110,3,3,中和區,,,,無年齡維度,0.0,女,遷出,合計,1070
110,3,3,中和區,,,,無年齡維度,0.0,男,遷出,合計,918
110,3,3,中和區,,,,無年齡維度,0.0,女,遷出,國外,205
110,3,3,中和區,,,,無年齡維度,0.0,男,遷出,國外,163
110,3,3,中和區,,,,無年齡維度,0.0,女,遷出,新北市內,0
110,3,3,中和區,,,,無年齡維度,0.0,男,遷出,新北市內,0
110,3,3,中和區,,,,無年齡維度,0.0,女,遷出,桃園市,92
110,3,3,中和區,,,,無年齡維度,0.0,男,遷出,桃園市,83
110,3,3,中和區,,,,無年齡維度,0.0,女,遷出,福建省,12
110,3,3,中和區,,,,無年齡維度,0.0,男,遷出,福建省,9
110,3,3,中和區,,,,無年齡維度,0.0,女,遷出,臺中市,33
110,3,3,中和區,,,,無年齡維度,0.0,男,遷出,臺中市,30
110,3,3,中和區,,,,無年齡維度,0.0,女,遷出,臺北市,141
110,3,3,中和區,,,,無年齡維度,0.0,男,遷出,臺北市,134
110,3,3,中和區,,,,無年齡維度,0.0,女,遷出,臺南市,9
110,3,3,中和區,,,,無年齡維度,0.0,男,遷出,臺南市,12
110,3,3,中和區,,,,無年齡維度,0.0,女,遷出,臺灣省,79
110,3,3,中和區,,,,無年齡維度,0.0,男,遷出,臺灣省,74
110,3,3,中和區,,,,無年齡維度,0.0,女,遷出,高雄市,9
110,3,3,中和區,,,,無年齡維度,0.0,男,遷出,高雄市,16
110,3,4,永和區,,,,無年齡維度,0.0,女,遷入,migrants,205
110,3,4,永和區,,,,無年齡維度,0.0,男,遷入,migrants,206
110,3,4,永和區,,,,無年齡維度,0.0,女,遷入,other,0
110,3,4,永和區,,,,無年齡維度,0.0,男,遷入,other,0
110,3,4,永和區,,,,無年齡維度,0.0,女,遷入,其他縣市,0
110,3,4,永和區,,,,無年齡維度,0.0,男,遷入,其他縣市,0
110,3,4,永和區,,,,無年齡維度,0.0,女,遷入,其他鄉鎮,256
110,3,4,永和區,,,,無年齡維度,0.0,男,遷入,其他鄉鎮,195
110,3,4,永和區,,,,無年齡維度,0.0,女,遷入,合計,539
110,3,4,永和區,,,,無年齡維度,0.0,男,遷入,合計,431
110,3,4,永和區,,,,無年齡維度,0.0,女,遷入,國外,7
110,3,4,永和區,,,,無年齡維度,0.0,男,遷入,國外,12
110,3,4,永和區,,,,無年齡維度,0.0,女,遷入,新北市內,0
110,3,4,永和區,,,,無年齡維度,0.0,男,遷入,新北市內,0
110,3,4,永和區,,,,無年齡維度,0.0,女,遷入,桃園市,25
110,3,4,永和區,,,,無年齡維度,0.0,男,遷入,桃園市,18
110,3,4,永和區,,,,無年齡維度,0.0,女,遷入,福建省,8
110,3,4,永和區,,,,無年齡維度,0.0,男,遷入,福建省,8
110,3,4,永和區,,,,無年齡維度,0.0,女,遷入,臺中市,5
110,3,4,永和區,,,,無年齡維度,0.0,男,遷入,臺中市,4
110,3,4,永和區,,,,無年齡維度,0.0,女,遷入,臺北市,163
110,3,4,永和區,,,,無年齡維度,0.0,男,遷入,臺北市,137
110,3,4,永和區,,,,無年齡維度,0.0,女,遷入,臺南市,6
110,3,4,永和區,,,,無年齡維度,0.0,男,遷入,臺南市,5
110,3,4,永和區,,,,無年齡維度,0.0,女,遷入,臺灣省,48
110,3,4,永和區,,,,無年齡維度,0.0,男,遷入,臺灣省,35
110,3,4,永和區,,,,無年齡維度,0.0,女,遷入,高雄市,16
110,3,4,永和區,,,,無年齡維度,0.0,男,遷入,高雄市,13
110,3,4,永和區,,,,無年齡維度,0.0,女,遷出,migrants,205
110,3,4,永和區,,,,無年齡維度,0.0,男,遷出,migrants,206
110,3,4,永和區,,,,無年齡維度,0.0,女,遷出,other,0
110,3,4,永和區,,,,無年齡維度,0.0,男,遷出,other,0
110,3,4,永和區,,,,無年齡維度,0.0,女,遷出,其他縣市,0
110,3,4,永和區,,,,無年齡維度,0.0,男,遷出,其他縣市,0
110,3,4,永和區,,,,無年齡維度,0.0,女,遷出,其他鄉鎮,226
110,3,4,永和區,,,,無年齡維度,0.0,男,遷出,其他鄉鎮,185
110,3,4,永和區,,,,無年齡維度,0.0,女,遷出,合計,576
110,3,4,永和區,,,,無年齡維度,0.0,男,遷出,合計,488
110,3,4,永和區,,,,無年齡維度,0.0,女,遷出,國外,133
110,3,4,永和區,,,,無年齡維度,0.0,男,遷出,國外,114
110,3,4,永和區,,,,無年齡維度,0.0,女,遷出,新北市內,0
110,3,4,永和區,,,,無年齡維度,0.0,男,遷出,新北市內,0
110,3,4,永和區,,,,無年齡維度,0.0,女,遷出,桃園市,42
110,3,4,永和區,,,,無年齡維度,0.0,男,遷出,桃園市,37
110,3,4,永和區,,,,無年齡維度,0.0,女,遷出,福建省,7
110,3,4,永和區,,,,無年齡維度,0.0,男,遷出,福建省,5
110,3,4,永和區,,,,無年齡維度,0.0,女,遷出,臺中市,16
110,3,4,永和區,,,,無年齡維度,0.0,男,遷出,臺中市,15
110,3,4,永和區,,,,無年齡維度,0.0,女,遷出,臺北市,110
110,3,4,永和區,,,,無年齡維度,0.0,男,遷出,臺北市,87
110,3,4,永和區,,,,無年齡維度,0.0,女,遷出,臺南市,3
110,3,4,永和區,,,,無年齡維度,0.0,男,遷出,臺南市,6
110,3,4,永和區,,,,無年齡維度,0.0,女,遷出,臺灣省,36
110,3,4,永和區,,,,無年齡維度,0.0,男,遷出,臺灣省,33
110,3,4,永和區,,,,無年齡維度,0.0,女,遷出,高雄市,3
110,3,4,永和區,,,,無年齡維度,0.0,男,遷出,高雄市,6
110,3,5,新莊區,,,,無年齡維度,0.0,女,遷入,migrants,738
110,3,5,新莊區,,,,無年齡維度,0.0,男,遷入,migrants,651
110,3,5,新莊區,,,,無年齡維度,0.0,女,遷入,other,0
110,3,5,新莊區,,,,無年齡維度,0.0,男,遷入,other,0
110,3,5,新莊區,,,,無年齡維度,0.0,女,遷入,其他縣市,0
110,3,5,新莊區,,,,無年齡維度,0.0,男,遷入,其他縣市,0
110,3,5,新莊區,,,,無年齡維度,0.0,女,遷入,其他鄉鎮,359
110,3,5,新莊區,,,,無年齡維度,0.0,男,遷入,其他鄉鎮,274
110,3,5,新莊區,,,,無年齡維度,0.0,女,遷入,合計,806
110,3,5,新莊區,,,,無年齡維度,0.0,男,遷入,合計,672
110,3,5,新莊區,,,,無年齡維度,0.0,女,遷入,國外,5
110,3,5,新莊區,,,,無年齡維度,0.0,男,遷入,國外,5
110,3,5,新莊區,,,,無年齡維度,0.0,女,遷入,新北市內,0
110,3,5,新莊區,,,,無年齡維度,0.0,男,遷入,新北市內,0
110,3,5,新莊區,,,,無年齡維度,0.0,女,遷入,桃園市,81
110,3,5,新莊區,,,,無年齡維度,0.0,男,遷入,桃園市,70
110,3,5,新莊區,,,,無年齡維度,0.0,女,遷入,福建省,2
110,3,5,新莊區,,,,無年齡維度,0.0,男,遷入,福建省,2
110,3,5,新莊區,,,,無年齡維度,0.0,女,遷入,臺中市,18
110,3,5,新莊區,,,,無年齡維度,0.0,男,遷入,臺中市,18
110,3,5,新莊區,,,,無年齡維度,0.0,女,遷入,臺北市,196
110,3,5,新莊區,,,,無年齡維度,0.0,男,遷入,臺北市,176
110,3,5,新莊區,,,,無年齡維度,0.0,女,遷入,臺南市,7
110,3,5,新莊區,,,,無年齡維度,0.0,男,遷入,臺南市,13
110,3,5,新莊區,,,,無年齡維度,0.0,女,遷入,臺灣省,116
110,3,5,新莊區,,,,無年齡維度,0.0,男,遷入,臺灣省,87
110,3,5,新莊區,,,,無年齡維度,0.0,女,遷入,高雄市,8
110,3,5,新莊區,,,,無年齡維度,0.0,男,遷入,高雄市,16
110,3,5,新莊區,,,,無年齡維度,0.0,女,遷出,migrants,738
110,3,5,新莊區,,,,無年齡維度,0.0,男,遷出,migrants,651
110,3,5,新莊區,,,,無年齡維度,0.0,女,遷出,other,0
110,3,5,新莊區,,,,無年齡維度,0.0,男,遷出,other,0
110,3,5,新莊區,,,,無年齡維度,0.0,女,遷出,其他縣市,0
110,3,5,新莊區,,,,無年齡維度,0.0,男,遷出,其他縣市,0
110,3,5,新莊區,,,,無年齡維度,0.0,女,遷出,其他鄉鎮,342
110,3,5,新莊區,,,,無年齡維度,0.0,男,遷出,其他鄉鎮,253
110,3,5,新莊區,,,,無年齡維度,0.0,女,遷出,合計,837
110,3,5,新莊區,,,,無年齡維度,0.0,男,遷出,合計,673
110,3,5,新莊區,,,,無年齡維度,0.0,女,遷出,國外,93
110,3,5,新莊區,,,,無年齡維度,0.0,男,遷出,國外,109
110,3,5,新莊區,,,,無年齡維度,0.0,女,遷出,新北市內,0
110,3,5,新莊區,,,,無年齡維度,0.0,男,遷出,新北市內,0
110,3,5,新莊區,,,,無年齡維度,0.0,女,遷出,桃園市,138
110,3,5,新莊區,,,,無年齡維度,0.0,男,遷出,桃園市,110
110,3,5,新莊區,,,,無年齡維度,0.0,女,遷出,福建省,2
110,3,5,新莊區,,,,無年齡維度,0.0,男,遷出,福建省,4
110,3,5,新莊區,,,,無年齡維度,0.0,女,遷出,臺中市,37
110,3,5,新莊區,,,,無年齡維度,0.0,男,遷出,臺中市,21
110,3,5,新莊區,,,,無年齡維度,0.0,女,遷出,臺北市,104
110,3,5,新莊區,,,,無年齡維度,0.0,男,遷出,臺北市,68
110,3,5,新莊區,,,,無年齡維度,0.0,女,遷出,臺南市,5
110,3,5,新莊區,,,,無年齡維度,0.0,男,遷出,臺南市,6
110,3,5,新莊區,,,,無年齡維度,0.0,女,遷出,臺灣省,98
110,3,5,新莊區,,,,無年齡維度,0.0,男,遷出,臺灣省,91
110,3,5,新莊區,,,,無年齡維度,0.0,女,遷出,高雄市,18
110,3,5,新莊區,,,,無年齡維度,0.0,男,遷出,高雄市,10
110,3,6,新店區,,,,無年齡維度,0.0,女,遷入,migrants,451
110,3,6,新店區,,,,無年齡維度,0.0,男,遷入,migrants,393
110,3,6,新店區,,,,無年齡維度,0.0,女,遷入,other,0
110,3,6,新店區,,,,無年齡維度,0.0,男,遷入,other,0
110,3,6,新店區,,,,無年齡維度,0.0,女,遷入,其他縣市,0
110,3,6,新店區,,,,無年齡維度,0.0,男,遷入,其他縣市,0
110,3,6,新店區,,,,無年齡維度,0.0,女,遷入,其他鄉鎮,226
110,3,6,新店區,,,,無年齡維度,0.0,男,遷入,其他鄉鎮,161
110,3,6,新店區,,,,無年齡維度,0.0,女,遷入,合計,684
110,3,6,新店區,,,,無年齡維度,0.0,男,遷入,合計,524
110,3,6,新店區,,,,無年齡維度,0.0,女,遷入,國外,22
110,3,6,新店區,,,,無年齡維度,0.0,男,遷入,國外,14
110,3,6,新店區,,,,無年齡維度,0.0,女,遷入,新北市內,0
110,3,6,新店區,,,,無年齡維度,0.0,男,遷入,新北市內,0
110,3,6,新店區,,,,無年齡維度,0.0,女,遷入,桃園市,33
110,3,6,新店區,,,,無年齡維度,0.0,男,遷入,桃園市,20
110,3,6,新店區,,,,無年齡維度,0.0,女,遷入,福建省,4
110,3,6,新店區,,,,無年齡維度,0.0,男,遷入,福建省,4
110,3,6,新店區,,,,無年齡維度,0.0,女,遷入,臺中市,19
110,3,6,新店區,,,,無年齡維度,0.0,男,遷入,臺中市,20
110,3,6,新店區,,,,無年齡維度,0.0,女,遷入,臺北市,282
110,3,6,新店區,,,,無年齡維度,0.0,男,遷入,臺北市,244
110,3,6,新店區,,,,無年齡維度,0.0,女,遷入,臺南市,8
110,3,6,新店區,,,,無年齡維度,0.0,男,遷入,臺南市,6
110,3,6,新店區,,,,無年齡維度,0.0,女,遷入,臺灣省,62
110,3,6,新店區,,,,無年齡維度,0.0,男,遷入,臺灣省,37
110,3,6,新店區,,,,無年齡維度,0.0,女,遷入,高雄市,15
110,3,6,新店區,,,,無年齡維度,0.0,男,遷入,高雄市,5
110,3,6,新店區,,,,無年齡維度,0.0,女,遷出,migrants,451
110,3,6,新店區,,,,無年齡維度,0.0,男,遷出,migrants,393
110,3,6,新店區,,,,無年齡維度,0.0,女,遷出,other,0
110,3,6,新店區,,,,無年齡維度,0.0,男,遷出,other,0
110,3,6,新店區,,,,無年齡維度,0.0,女,遷出,其他縣市,0
110,3,6,新店區,,,,無年齡維度,0.0,男,遷出,其他縣市,0
110,3,6,新店區,,,,無年齡維度,0.0,女,遷出,其他鄉鎮,194
110,3,6,新店區,,,,無年齡維度,0.0,男,遷出,其他鄉鎮,154
110,3,6,新店區,,,,無年齡維度,0.0,女,遷出,合計,702
110,3,6,新店區,,,,無年齡維度,0.0,男,遷出,合計,596
110,3,6,新店區,,,,無年齡維度,0.0,女,遷出,國外,125
110,3,6,新店區,,,,無年齡維度,0.0,男,遷出,國外,91
110,3,6,新店區,,,,無年齡維度,0.0,女,遷出,新北市內,0
110,3,6,新店區,,,,無年齡維度,0.0,男,遷出,新北市內,0
110,3,6,新店區,,,,無年齡維度,0.0,女,遷出,桃園市,39
110,3,6,新店區,,,,無年齡維度,0.0,男,遷出,桃園市,32
110,3,6,新店區,,,,無年齡維度,0.0,女,遷出,福建省,4
110,3,6,新店區,,,,無年齡維度,0.0,男,遷出,福建省,6
110,3,6,新店區,,,,無年齡維度,0.0,女,遷出,臺中市,31
110,3,6,新店區,,,,無年齡維度,0.0,男,遷出,臺中市,16
110,3,6,新店區,,,,無年齡維度,0.0,女,遷出,臺北市,236
110,3,6,新店區,,,,無年齡維度,0.0,男,遷出,臺北市,204
110,3,6,新店區,,,,無年齡維度,0.0,女,遷出,臺南市,6
110,3,6,新店區,,,,無年齡維度,0.0,男,遷出,臺南市,6
110,3,6,新店區,,,,無年齡維度,0.0,女,遷出,臺灣省,59
110,3,6,新店區,,,,無年齡維度,0.0,男,遷出,臺灣省,76
110,3,6,新店區,,,,無年齡維度,0.0,女,遷出,高雄市,7
110,3,6,新店區,,,,無年齡維度,0.0,男,遷出,高雄市,11
110,3,7,土城區,,,,無年齡維度,0.0,女,遷入,migrants,224
110,3,7,土城區,,,,無年齡維度,0.0,男,遷入,migrants,217
110,3,7,土城區,,,,無年齡維度,0.0,女,遷入,other,0
110,3,7,土城區,,,,無年齡維度,0.0,男,遷入,other,0
110,3,7,土城區,,,,無年齡維度,0.0,女,遷入,其他縣市,0
110,3,7,土城區,,,,無年齡維度,0.0,男,遷入,其他縣市,0
110,3,7,土城區,,,,無年齡維度,0.0,女,遷入,其他鄉鎮,196
110,3,7,土城區,,,,無年齡維度,0.0,男,遷入,其他鄉鎮,155
110,3,7,土城區,,,,無年齡維度,0.0,女,遷入,合計,372
110,3,7,土城區,,,,無年齡維度,0.0,男,遷入,合計,325
110,3,7,土城區,,,,無年齡維度,0.0,女,遷入,國外,3
110,3,7,土城區,,,,無年齡維度,0.0,男,遷入,國外,3
110,3,7,土城區,,,,無年齡維度,0.0,女,遷入,新北市內,0
110,3,7,土城區,,,,無年齡維度,0.0,男,遷入,新北市內,0
110,3,7,土城區,,,,無年齡維度,0.0,女,遷入,桃園市,56
110,3,7,土城區,,,,無年齡維度,0.0,男,遷入,桃園市,50
110,3,7,土城區,,,,無年齡維度,0.0,女,遷入,福建省,1
110,3,7,土城區,,,,無年齡維度,0.0,男,遷入,福建省,5
110,3,7,土城區,,,,無年齡維度,0.0,女,遷入,臺中市,8
110,3,7,土城區,,,,無年齡維度,0.0,男,遷入,臺中市,16
110,3,7,土城區,,,,無年齡維度,0.0,女,遷入,臺北市,55
110,3,7,土城區,,,,無年齡維度,0.0,男,遷入,臺北市,43
110,3,7,土城區,,,,無年齡維度,0.0,女,遷入,臺南市,6
110,3,7,土城區,,,,無年齡維度,0.0,男,遷入,臺南市,3
110,3,7,土城區,,,,無年齡維度,0.0,女,遷入,臺灣省,38
110,3,7,土城區,,,,無年齡維度,0.0,男,遷入,臺灣省,41
110,3,7,土城區,,,,無年齡維度,0.0,女,遷入,高雄市,3
110,3,7,土城區,,,,無年齡維度,0.0,男,遷入,高雄市,7
110,3,7,土城區,,,,無年齡維度,0.0,女,遷出,migrants,224
110,3,7,土城區,,,,無年齡維度,0.0,男,遷出,migrants,217
110,3,7,土城區,,,,無年齡維度,0.0,女,遷出,other,0
110,3,7,土城區,,,,無年齡維度,0.0,男,遷出,other,0
110,3,7,土城區,,,,無年齡維度,0.0,女,遷出,其他縣市,0
110,3,7,土城區,,,,無年齡維度,0.0,男,遷出,其他縣市,0
110,3,7,土城區,,,,無年齡維度,0.0,女,遷出,其他鄉鎮,217
110,3,7,土城區,,,,無年齡維度,0.0,男,遷出,其他鄉鎮,173
110,3,7,土城區,,,,無年齡維度,0.0,女,遷出,合計,444
110,3,7,土城區,,,,無年齡維度,0.0,男,遷出,合計,376
110,3,7,土城區,,,,無年齡維度,0.0,女,遷出,國外,47
110,3,7,土城區,,,,無年齡維度,0.0,男,遷出,國外,39
110,3,7,土城區,,,,無年齡維度,0.0,女,遷出,新北市內,0
110,3,7,土城區,,,,無年齡維度,0.0,男,遷出,新北市內,0
110,3,7,土城區,,,,無年齡維度,0.0,女,遷出,桃園市,68
110,3,7,土城區,,,,無年齡維度,0.0,男,遷出,桃園市,54
110,3,7,土城區,,,,無年齡維度,0.0,女,遷出,福建省,3
110,3,7,土城區,,,,無年齡維度,0.0,男,遷出,福建省,0
110,3,7,土城區,,,,無年齡維度,0.0,女,遷出,臺中市,19
110,3,7,土城區,,,,無年齡維度,0.0,男,遷出,臺中市,8
110,3,7,土城區,,,,無年齡維度,0.0,女,遷出,臺北市,37
110,3,7,土城區,,,,無年齡維度,0.0,男,遷出,臺北市,25
110,3,7,土城區,,,,無年齡維度,0.0,女,遷出,臺南市,2
110,3,7,土城區,,,,無年齡維度,0.0,男,遷出,臺南市,8
110,3,7,土城區,,,,無年齡維度,0.0,女,遷出,臺灣省,48
110,3,7,土城區,,,,無年齡維度,0.0,男,遷出,臺灣省,59
110,3,7,土城區,,,,無年齡維度,0.0,女,遷出,高雄市,3
110,3,7,土城區,,,,無年齡維度,0.0,男,遷出,高雄市,10
110,3,8,蘆洲區,,,,無年齡維度,0.0,女,遷入,migrants,133
110,3,8,蘆洲區,,,,無年齡維度,0.0,男,遷入,migrants,111
110,3,8,蘆洲區,,,,無年齡維度,0.0,女,遷入,other,0
110,3,8,蘆洲區,,,,無年齡維度,0.0,男,遷入,other,0
110,3,8,蘆洲區,,,,無年齡維度,0.0,女,遷入,其他縣市,0
110,3,8,蘆洲區,,,,無年齡維度,0.0,男,遷入,其他縣市,0
110,3,8,蘆洲區,,,,無年齡維度,0.0,女,遷入,其他鄉鎮,77
110,3,8,蘆洲區,,,,無年齡維度,0.0,男,遷入,其他鄉鎮,53
110,3,8,蘆洲區,,,,無年齡維度,0.0,女,遷入,合計,194
110,3,8,蘆洲區,,,,無年齡維度,0.0,男,遷入,合計,148
110,3,8,蘆洲區,,,,無年齡維度,0.0,女,遷入,國外,0
110,3,8,蘆洲區,,,,無年齡維度,0.0,男,遷入,國外,1
110,3,8,蘆洲區,,,,無年齡維度,0.0,女,遷入,新北市內,0
110,3,8,蘆洲區,,,,無年齡維度,0.0,男,遷入,新北市內,0
110,3,8,蘆洲區,,,,無年齡維度,0.0,女,遷入,桃園市,60
110,3,8,蘆洲區,,,,無年齡維度,0.0,男,遷入,桃園市,55
110,3,8,蘆洲區,,,,無年齡維度,0.0,女,遷入,福建省,1
110,3,8,蘆洲區,,,,無年齡維度,0.0,男,遷入,福建省,2
110,3,8,蘆洲區,,,,無年齡維度,0.0,女,遷入,臺中市,5
110,3,8,蘆洲區,,,,無年齡維度,0.0,男,遷入,臺中市,4
110,3,8,蘆洲區,,,,無年齡維度,0.0,女,遷入,臺北市,20
110,3,8,蘆洲區,,,,無年齡維度,0.0,男,遷入,臺北市,9
110,3,8,蘆洲區,,,,無年齡維度,0.0,女,遷入,臺南市,4
110,3,8,蘆洲區,,,,無年齡維度,0.0,男,遷入,臺南市,3
110,3,8,蘆洲區,,,,無年齡維度,0.0,女,遷入,臺灣省,22
110,3,8,蘆洲區,,,,無年齡維度,0.0,男,遷入,臺灣省,20
110,3,8,蘆洲區,,,,無年齡維度,0.0,女,遷入,高雄市,2
110,3,8,蘆洲區,,,,無年齡維度,0.0,男,遷入,高雄市,1
110,3,8,蘆洲區,,,,無年齡維度,0.0,女,遷出,migrants,133
110,3,8,蘆洲區,,,,無年齡維度,0.0,男,遷出,migrants,111
110,3,8,蘆洲區,,,,無年齡維度,0.0,女,遷出,other,0
110,3,8,蘆洲區,,,,無年齡維度,0.0,男,遷出,other,0
110,3,8,蘆洲區,,,,無年齡維度,0.0,女,遷出,其他縣市,0
110,3,8,蘆洲區,,,,無年齡維度,0.0,男,遷出,其他縣市,0
110,3,8,蘆洲區,,,,無年齡維度,0.0,女,遷出,其他鄉鎮,48
110,3,8,蘆洲區,,,,無年齡維度,0.0,男,遷出,其他鄉鎮,35
110,3,8,蘆洲區,,,,無年齡維度,0.0,女,遷出,合計,180
110,3,8,蘆洲區,,,,無年齡維度,0.0,男,遷出,合計,155
110,3,8,蘆洲區,,,,無年齡維度,0.0,女,遷出,國外,9
110,3,8,蘆洲區,,,,無年齡維度,0.0,男,遷出,國外,9
110,3,8,蘆洲區,,,,無年齡維度,0.0,女,遷出,新北市內,0
110,3,8,蘆洲區,,,,無年齡維度,0.0,男,遷出,新北市內,0
110,3,8,蘆洲區,,,,無年齡維度,0.0,女,遷出,桃園市,76
110,3,8,蘆洲區,,,,無年齡維度,0.0,男,遷出,桃園市,74
110,3,8,蘆洲區,,,,無年齡維度,0.0,女,遷出,福建省,0
110,3,8,蘆洲區,,,,無年齡維度,0.0,男,遷出,福建省,0
110,3,8,蘆洲區,,,,無年齡維度,0.0,女,遷出,臺中市,5
110,3,8,蘆洲區,,,,無年齡維度,0.0,男,遷出,臺中市,7
110,3,8,蘆洲區,,,,無年齡維度,0.0,女,遷出,臺北市,9
110,3,8,蘆洲區,,,,無年齡維度,0.0,男,遷出,臺北市,11
110,3,8,蘆洲區,,,,無年齡維度,0.0,女,遷出,臺南市,3
110,3,8,蘆洲區,,,,無年齡維度,0.0,男,遷出,臺南市,2
110,3,8,蘆洲區,,,,無年齡維度,0.0,女,遷出,臺灣省,29
110,3,8,蘆洲區,,,,無年齡維度,0.0,男,遷出,臺灣省,15
110,3,8,蘆洲區,,,,無年齡維度,0.0,女,遷出,高雄市,1
110,3,8,蘆洲區,,,,無年齡維度,0.0,男,遷出,高雄市,2
110,3,9,樹林區,,,,無年齡維度,0.0,女,遷入,migrants,185
110,3,9,樹林區,,,,無年齡維度,0.0,男,遷入,migrants,177
110,3,9,樹林區,,,,無年齡維度,0.0,女,遷入,other,0
110,3,9,樹林區,,,,無年齡維度,0.0,男,遷入,other,0
110,3,9,樹林區,,,,無年齡維度,0.0,女,遷入,其他縣市,0
110,3,9,樹林區,,,,無年齡維度,0.0,男,遷入,其他縣市,0
110,3,9,樹林區,,,,無年齡維度,0.0,女,遷入,其他鄉鎮,119
110,3,9,樹林區,,,,無年齡維度,0.0,男,遷入,其他鄉鎮,102
110,3,9,樹林區,,,,無年齡維度,0.0,女,遷入,合計,222
110,3,9,樹林區,,,,無年齡維度,0.0,男,遷入,合計,200
110,3,9,樹林區,,,,無年齡維度,0.0,女,遷入,國外,0
110,3,9,樹林區,,,,無年齡維度,0.0,男,遷入,國外,0
110,3,9,樹林區,,,,無年齡維度,0.0,女,遷入,新北市內,0
110,3,9,樹林區,,,,無年齡維度,0.0,男,遷入,新北市內,0
110,3,9,樹林區,,,,無年齡維度,0.0,女,遷入,桃園市,26
110,3,9,樹林區,,,,無年齡維度,0.0,男,遷入,桃園市,37
110,3,9,樹林區,,,,無年齡維度,0.0,女,遷入,福建省,1
110,3,9,樹林區,,,,無年齡維度,0.0,男,遷入,福建省,2
110,3,9,樹林區,,,,無年齡維度,0.0,女,遷入,臺中市,6
110,3,9,樹林區,,,,無年齡維度,0.0,男,遷入,臺中市,2
110,3,9,樹林區,,,,無年齡維度,0.0,女,遷入,臺北市,33
110,3,9,樹林區,,,,無年齡維度,0.0,男,遷入,臺北市,22
110,3,9,樹林區,,,,無年齡維度,0.0,女,遷入,臺南市,4
110,3,9,樹林區,,,,無年齡維度,0.0,男,遷入,臺南市,5
110,3,9,樹林區,,,,無年齡維度,0.0,女,遷入,臺灣省,27
110,3,9,樹林區,,,,無年齡維度,0.0,男,遷入,臺灣省,17
110,3,9,樹林區,,,,無年齡維度,0.0,女,遷入,高雄市,3
110,3,9,樹林區,,,,無年齡維度,0.0,男,遷入,高雄市,11
110,3,9,樹林區,,,,無年齡維度,0.0,女,遷出,migrants,185
110,3,9,樹林區,,,,無年齡維度,0.0,男,遷出,migrants,177
110,3,9,樹林區,,,,無年齡維度,0.0,女,遷出,other,0
110,3,9,樹林區,,,,無年齡維度,0.0,男,遷出,other,0
110,3,9,樹林區,,,,無年齡維度,0.0,女,遷出,其他縣市,0
110,3,9,樹林區,,,,無年齡維度,0.0,男,遷出,其他縣市,0
110,3,9,樹林區,,,,無年齡維度,0.0,女,遷出,其他鄉鎮,111
110,3,9,樹林區,,,,無年齡維度,0.0,男,遷出,其他鄉鎮,79
110,3,9,樹林區,,,,無年齡維度,0.0,女,遷出,合計,242
110,3,9,樹林區,,,,無年齡維度,0.0,男,遷出,合計,206
110,3,9,樹林區,,,,無年齡維度,0.0,女,遷出,國外,36
110,3,9,樹林區,,,,無年齡維度,0.0,男,遷出,國外,30
110,3,9,樹林區,,,,無年齡維度,0.0,女,遷出,新北市內,0
110,3,9,樹林區,,,,無年齡維度,0.0,男,遷出,新北市內,0
110,3,9,樹林區,,,,無年齡維度,0.0,女,遷出,桃園市,27
110,3,9,樹林區,,,,無年齡維度,0.0,男,遷出,桃園市,30
110,3,9,樹林區,,,,無年齡維度,0.0,女,遷出,福建省,2
110,3,9,樹林區,,,,無年齡維度,0.0,男,遷出,福建省,4
110,3,9,樹林區,,,,無年齡維度,0.0,女,遷出,臺中市,10
110,3,9,樹林區,,,,無年齡維度,0.0,男,遷出,臺中市,11
110,3,9,樹林區,,,,無年齡維度,0.0,女,遷出,臺北市,21
110,3,9,樹林區,,,,無年齡維度,0.0,男,遷出,臺北市,24
110,3,9,樹林區,,,,無年齡維度,0.0,女,遷出,臺南市,6
110,3,9,樹林區,,,,無年齡維度,0.0,男,遷出,臺南市,3
110,3,9,樹林區,,,,無年齡維度,0.0,女,遷出,臺灣省,23
110,3,9,樹林區,,,,無年齡維度,0.0,男,遷出,臺灣省,19
110,3,9,樹林區,,,,無年齡維度,0.0,女,遷出,高雄市,6
110,3,9,樹林區,,,,無年齡維度,0.0,男,遷出,高雄市,6
110,3,10,鶯歌區,,,,無年齡維度,0.0,女,遷入,migrants,414
110,3,10,鶯歌區,,,,無年齡維度,0.0,男,遷入,migrants,350
110,3,10,鶯歌區,,,,無年齡維度,0.0,女,遷入,other,0
110,3,10,鶯歌區,,,,無年齡維度,0.0,男,遷入,other,0
110,3,10,鶯歌區,,,,無年齡維度,0.0,女,遷入,其他縣市,0
110,3,10,鶯歌區,,,,無年齡維度,0.0,男,遷入,其他縣市,0
110,3,10,鶯歌區,,,,無年齡維度,0.0,女,遷入,其他鄉鎮,178
110,3,10,鶯歌區,,,,無年齡維度,0.0,男,遷入,其他鄉鎮,128
110,3,10,鶯歌區,,,,無年齡維度,0.0,女,遷入,合計,541
110,3,10,鶯歌區,,,,無年齡維度,0.0,男,遷入,合計,435
110,3,10,鶯歌區,,,,無年齡維度,0.0,女,遷入,國外,17
110,3,10,鶯歌區,,,,無年齡維度,0.0,男,遷入,國外,9
110,3,10,鶯歌區,,,,無年齡維度,0.0,女,遷入,新北市內,0
110,3,10,鶯歌區,,,,無年齡維度,0.0,男,遷入,新北市內,0
110,3,10,鶯歌區,,,,無年齡維度,0.0,女,遷入,桃園市,20
110,3,10,鶯歌區,,,,無年齡維度,0.0,男,遷入,桃園市,20
110,3,10,鶯歌區,,,,無年齡維度,0.0,女,遷入,福建省,1
110,3,10,鶯歌區,,,,無年齡維度,0.0,男,遷入,福建省,0
110,3,10,鶯歌區,,,,無年齡維度,0.0,女,遷入,臺中市,17
110,3,10,鶯歌區,,,,無年齡維度,0.0,男,遷入,臺中市,12
110,3,10,鶯歌區,,,,無年齡維度,0.0,女,遷入,臺北市,236
110,3,10,鶯歌區,,,,無年齡維度,0.0,男,遷入,臺北市,203
110,3,10,鶯歌區,,,,無年齡維度,0.0,女,遷入,臺南市,7
110,3,10,鶯歌區,,,,無年齡維度,0.0,男,遷入,臺南市,6
110,3,10,鶯歌區,,,,無年齡維度,0.0,女,遷入,臺灣省,44
110,3,10,鶯歌區,,,,無年齡維度,0.0,男,遷入,臺灣省,34
110,3,10,鶯歌區,,,,無年齡維度,0.0,女,遷入,高雄市,12
110,3,10,鶯歌區,,,,無年齡維度,0.0,男,遷入,高雄市,15
110,3,10,鶯歌區,,,,無年齡維度,0.0,女,遷出,migrants,414
110,3,10,鶯歌區,,,,無年齡維度,0.0,男,遷出,migrants,350
110,3,10,鶯歌區,,,,無年齡維度,0.0,女,遷出,other,0
110,3,10,鶯歌區,,,,無年齡維度,0.0,男,遷出,other,0
110,3,10,鶯歌區,,,,無年齡維度,0.0,女,遷出,其他縣市,0
110,3,10,鶯歌區,,,,無年齡維度,0.0,男,遷出,其他縣市,0
110,3,10,鶯歌區,,,,無年齡維度,0.0,女,遷出,其他鄉鎮,97
110,3,10,鶯歌區,,,,無年齡維度,0.0,男,遷出,其他鄉鎮,96
110,3,10,鶯歌區,,,,無年齡維度,0.0,女,遷出,合計,388
110,3,10,鶯歌區,,,,無年齡維度,0.0,男,遷出,合計,321
110,3,10,鶯歌區,,,,無年齡維度,0.0,女,遷出,國外,76
110,3,10,鶯歌區,,,,無年齡維度,0.0,男,遷出,國外,47
110,3,10,鶯歌區,,,,無年齡維度,0.0,女,遷出,新北市內,0
110,3,10,鶯歌區,,,,無年齡維度,0.0,男,遷出,新北市內,0
110,3,10,鶯歌區,,,,無年齡維度,0.0,女,遷出,桃園市,28
110,3,10,鶯歌區,,,,無年齡維度,0.0,男,遷出,桃園市,22
110,3,10,鶯歌區,,,,無年齡維度,0.0,女,遷出,福建省,0
110,3,10,鶯歌區,,,,無年齡維度,0.0,男,遷出,福建省,3
110,3,10,鶯歌區,,,,無年齡維度,0.0,女,遷出,臺中市,11
110,3,10,鶯歌區,,,,無年齡維度,0.0,男,遷出,臺中市,13
110,3,10,鶯歌區,,,,無年齡維度,0.0,女,遷出,臺北市,120
110,3,10,鶯歌區,,,,無年齡維度,0.0,男,遷出,臺北市,96
110,3,10,鶯歌區,,,,無年齡維度,0.0,女,遷出,臺南市,9
110,3,10,鶯歌區,,,,無年齡維度,0.0,男,遷出,臺南市,4
110,3,10,鶯歌區,,,,無年齡維度,0.0,女,遷出,臺灣省,42
110,3,10,鶯歌區,,,,無年齡維度,0.0,男,遷出,臺灣省,36
110,3,10,鶯歌區,,,,無年齡維度,0.0,女,遷出,高雄市,5
110,3,10,鶯歌區,,,,無年齡維度,0.0,男,遷出,高雄市,4
110,3,11,三峽區,,,,無年齡維度,0.0,女,遷入,migrants,264
110,3,11,三峽區,,,,無年齡維度,0.0,男,遷入,migrants,303
110,3,11,三峽區,,,,無年齡維度,0.0,女,遷入,other,0
110,3,11,三峽區,,,,無年齡維度,0.0,男,遷入,other,0
110,3,11,三峽區,,,,無年齡維度,0.0,女,遷入,其他縣市,0
110,3,11,三峽區,,,,無年齡維度,0.0,男,遷入,其他縣市,0
110,3,11,三峽區,,,,無年齡維度,0.0,女,遷入,其他鄉鎮,61
110,3,11,三峽區,,,,無年齡維度,0.0,男,遷入,其他鄉鎮,61
110,3,11,三峽區,,,,無年齡維度,0.0,女,遷入,合計,500
110,3,11,三峽區,,,,無年齡維度,0.0,男,遷入,合計,451
110,3,11,三峽區,,,,無年齡維度,0.0,女,遷入,國外,5
110,3,11,三峽區,,,,無年齡維度,0.0,男,遷入,國外,9
110,3,11,三峽區,,,,無年齡維度,0.0,女,遷入,新北市內,0
110,3,11,三峽區,,,,無年齡維度,0.0,男,遷入,新北市內,0
110,3,11,三峽區,,,,無年齡維度,0.0,女,遷入,桃園市,35
110,3,11,三峽區,,,,無年齡維度,0.0,男,遷入,桃園市,31
110,3,11,三峽區,,,,無年齡維度,0.0,女,遷入,福建省,1
110,3,11,三峽區,,,,無年齡維度,0.0,男,遷入,福建省,3
110,3,11,三峽區,,,,無年齡維度,0.0,女,遷入,臺中市,11
110,3,11,三峽區,,,,無年齡維度,0.0,男,遷入,臺中市,9
110,3,11,三峽區,,,,無年齡維度,0.0,女,遷入,臺北市,279
110,3,11,三峽區,,,,無年齡維度,0.0,男,遷入,臺北市,267
110,3,11,三峽區,,,,無年齡維度,0.0,女,遷入,臺南市,8
110,3,11,三峽區,,,,無年齡維度,0.0,男,遷入,臺南市,1
110,3,11,三峽區,,,,無年齡維度,0.0,女,遷入,臺灣省,83
110,3,11,三峽區,,,,無年齡維度,0.0,男,遷入,臺灣省,62
110,3,11,三峽區,,,,無年齡維度,0.0,女,遷入,高雄市,12
110,3,11,三峽區,,,,無年齡維度,0.0,男,遷入,高雄市,6
110,3,11,三峽區,,,,無年齡維度,0.0,女,遷出,migrants,264
110,3,11,三峽區,,,,無年齡維度,0.0,男,遷出,migrants,303
110,3,11,三峽區,,,,無年齡維度,0.0,女,遷出,other,0
110,3,11,三峽區,,,,無年齡維度,0.0,男,遷出,other,0
110,3,11,三峽區,,,,無年齡維度,0.0,女,遷出,其他縣市,0
110,3,11,三峽區,,,,無年齡維度,0.0,男,遷出,其他縣市,0
110,3,11,三峽區,,,,無年齡維度,0.0,女,遷出,其他鄉鎮,85
110,3,11,三峽區,,,,無年齡維度,0.0,男,遷出,其他鄉鎮,58
110,3,11,三峽區,,,,無年齡維度,0.0,女,遷出,合計,529
110,3,11,三峽區,,,,無年齡維度,0.0,男,遷出,合計,436
110,3,11,三峽區,,,,無年齡維度,0.0,女,遷出,國外,87
110,3,11,三峽區,,,,無年齡維度,0.0,男,遷出,國外,54
110,3,11,三峽區,,,,無年齡維度,0.0,女,遷出,新北市內,0
110,3,11,三峽區,,,,無年齡維度,0.0,男,遷出,新北市內,0
110,3,11,三峽區,,,,無年齡維度,0.0,女,遷出,桃園市,41
110,3,11,三峽區,,,,無年齡維度,0.0,男,遷出,桃園市,23
110,3,11,三峽區,,,,無年齡維度,0.0,女,遷出,福建省,1
110,3,11,三峽區,,,,無年齡維度,0.0,男,遷出,福建省,1
110,3,11,三峽區,,,,無年齡維度,0.0,女,遷出,臺中市,16
110,3,11,三峽區,,,,無年齡維度,0.0,男,遷出,臺中市,24
110,3,11,三峽區,,,,無年齡維度,0.0,女,遷出,臺北市,196
110,3,11,三峽區,,,,無年齡維度,0.0,男,遷出,臺北市,174
110,3,11,三峽區,,,,無年齡維度,0.0,女,遷出,臺南市,9
110,3,11,三峽區,,,,無年齡維度,0.0,男,遷出,臺南市,11
110,3,11,三峽區,,,,無年齡維度,0.0,女,遷出,臺灣省,88
110,3,11,三峽區,,,,無年齡維度,0.0,男,遷出,臺灣省,82
110,3,11,三峽區,,,,無年齡維度,0.0,女,遷出,高雄市,5
110,3,11,三峽區,,,,無年齡維度,0.0,男,遷出,高雄市,9
110,3,12,淡水區,,,,無年齡維度,0.0,女,遷入,migrants,26
110,3,12,淡水區,,,,無年齡維度,0.0,男,遷入,migrants,29
110,3,12,淡水區,,,,無年齡維度,0.0,女,遷入,other,0
110,3,12,淡水區,,,,無年齡維度,0.0,男,遷入,other,0
110,3,12,淡水區,,,,無年齡維度,0.0,女,遷入,其他縣市,0
110,3,12,淡水區,,,,無年齡維度,0.0,男,遷入,其他縣市,0
110,3,12,淡水區,,,,無年齡維度,0.0,女,遷入,其他鄉鎮,19
110,3,12,淡水區,,,,無年齡維度,0.0,男,遷入,其他鄉鎮,12
110,3,12,淡水區,,,,無年齡維度,0.0,女,遷入,合計,74
110,3,12,淡水區,,,,無年齡維度,0.0,男,遷入,合計,47
110,3,12,淡水區,,,,無年齡維度,0.0,女,遷入,國外,1
110,3,12,淡水區,,,,無年齡維度,0.0,男,遷入,國外,1
110,3,12,淡水區,,,,無年齡維度,0.0,女,遷入,新北市內,0
110,3,12,淡水區,,,,無年齡維度,0.0,男,遷入,新北市內,0
110,3,12,淡水區,,,,無年齡維度,0.0,女,遷入,桃園市,10
110,3,12,淡水區,,,,無年齡維度,0.0,男,遷入,桃園市,4
110,3,12,淡水區,,,,無年齡維度,0.0,女,遷入,福建省,1
110,3,12,淡水區,,,,無年齡維度,0.0,男,遷入,福建省,0
110,3,12,淡水區,,,,無年齡維度,0.0,女,遷入,臺中市,0
110,3,12,淡水區,,,,無年齡維度,0.0,男,遷入,臺中市,0
110,3,12,淡水區,,,,無年齡維度,0.0,女,遷入,臺北市,9
110,3,12,淡水區,,,,無年齡維度,0.0,男,遷入,臺北市,4
110,3,12,淡水區,,,,無年齡維度,0.0,女,遷入,臺南市,0
110,3,12,淡水區,,,,無年齡維度,0.0,男,遷入,臺南市,0
110,3,12,淡水區,,,,無年齡維度,0.0,女,遷入,臺灣省,30
110,3,12,淡水區,,,,無年齡維度,0.0,男,遷入,臺灣省,24
110,3,12,淡水區,,,,無年齡維度,0.0,女,遷入,高雄市,3
110,3,12,淡水區,,,,無年齡維度,0.0,男,遷入,高雄市,2
110,3,12,淡水區,,,,無年齡維度,0.0,女,遷出,migrants,26
110,3,12,淡水區,,,,無年齡維度,0.0,男,遷出,migrants,29
110,3,12,淡水區,,,,無年齡維度,0.0,女,遷出,other,0
110,3,12,淡水區,,,,無年齡維度,0.0,男,遷出,other,0
110,3,12,淡水區,,,,無年齡維度,0.0,女,遷出,其他縣市,0
110,3,12,淡水區,,,,無年齡維度,0.0,男,遷出,其他縣市,0
110,3,12,淡水區,,,,無年齡維度,0.0,女,遷出,其他鄉鎮,15
110,3,12,淡水區,,,,無年齡維度,0.0,男,遷出,其他鄉鎮,8
110,3,12,淡水區,,,,無年齡維度,0.0,女,遷出,合計,82
110,3,12,淡水區,,,,無年齡維度,0.0,男,遷出,合計,70
110,3,12,淡水區,,,,無年齡維度,0.0,女,遷出,國外,5
110,3,12,淡水區,,,,無年齡維度,0.0,男,遷出,國外,6
110,3,12,淡水區,,,,無年齡維度,0.0,女,遷出,新北市內,0
110,3,12,淡水區,,,,無年齡維度,0.0,男,遷出,新北市內,0
110,3,12,淡水區,,,,無年齡維度,0.0,女,遷出,桃園市,7
110,3,12,淡水區,,,,無年齡維度,0.0,男,遷出,桃園市,10
110,3,12,淡水區,,,,無年齡維度,0.0,女,遷出,福建省,0
110,3,12,淡水區,,,,無年齡維度,0.0,男,遷出,福建省,1
110,3,12,淡水區,,,,無年齡維度,0.0,女,遷出,臺中市,0
110,3,12,淡水區,,,,無年齡維度,0.0,男,遷出,臺中市,3
110,3,12,淡水區,,,,無年齡維度,0.0,女,遷出,臺北市,8
110,3,12,淡水區,,,,無年齡維度,0.0,男,遷出,臺北市,5
110,3,12,淡水區,,,,無年齡維度,0.0,女,遷出,臺南市,3
110,3,12,淡水區,,,,無年齡維度,0.0,男,遷出,臺南市,2
110,3,12,淡水區,,,,無年齡維度,0.0,女,遷出,臺灣省,44
110,3,12,淡水區,,,,無年齡維度,0.0,男,遷出,臺灣省,35
110,3,12,淡水區,,,,無年齡維度,0.0,女,遷出,高雄市,0
110,3,12,淡水區,,,,無年齡維度,0.0,男,遷出,高雄市,0
110,3,13,汐止區,,,,無年齡維度,0.0,女,遷入,migrants,315
110,3,13,汐止區,,,,無年齡維度,0.0,男,遷入,migrants,287
110,3,13,汐止區,,,,無年齡維度,0.0,女,遷入,other,0
110,3,13,汐止區,,,,無年齡維度,0.0,男,遷入,other,0
110,3,13,汐止區,,,,無年齡維度,0.0,女,遷入,其他縣市,0
110,3,13,汐止區,,,,無年齡維度,0.0,男,遷入,其他縣市,0
110,3,13,汐止區,,,,無年齡維度,0.0,女,遷入,其他鄉鎮,237
110,3,13,汐止區,,,,無年齡維度,0.0,男,遷入,其他鄉鎮,205
110,3,13,汐止區,,,,無年齡維度,0.0,女,遷入,合計,447
110,3,13,汐止區,,,,無年齡維度,0.0,男,遷入,合計,424
110,3,13,汐止區,,,,無年齡維度,0.0,女,遷入,國外,4
110,3,13,汐止區,,,,無年齡維度,0.0,男,遷入,國外,4
110,3,13,汐止區,,,,無年齡維度,0.0,女,遷入,新北市內,0
110,3,13,汐止區,,,,無年齡維度,0.0,男,遷入,新北市內,0
110,3,13,汐止區,,,,無年齡維度,0.0,女,遷入,桃園市,32
110,3,13,汐止區,,,,無年齡維度,0.0,男,遷入,桃園市,40
110,3,13,汐止區,,,,無年齡維度,0.0,女,遷入,福建省,5
110,3,13,汐止區,,,,無年齡維度,0.0,男,遷入,福建省,6
110,3,13,汐止區,,,,無年齡維度,0.0,女,遷入,臺中市,10
110,3,13,汐止區,,,,無年齡維度,0.0,男,遷入,臺中市,10
110,3,13,汐止區,,,,無年齡維度,0.0,女,遷入,臺北市,97
110,3,13,汐止區,,,,無年齡維度,0.0,男,遷入,臺北市,98
110,3,13,汐止區,,,,無年齡維度,0.0,女,遷入,臺南市,5
110,3,13,汐止區,,,,無年齡維度,0.0,男,遷入,臺南市,6
110,3,13,汐止區,,,,無年齡維度,0.0,女,遷入,臺灣省,38
110,3,13,汐止區,,,,無年齡維度,0.0,男,遷入,臺灣省,48
110,3,13,汐止區,,,,無年齡維度,0.0,女,遷入,高雄市,12
110,3,13,汐止區,,,,無年齡維度,0.0,男,遷入,高雄市,4
110,3,13,汐止區,,,,無年齡維度,0.0,女,遷出,migrants,315
110,3,13,汐止區,,,,無年齡維度,0.0,男,遷出,migrants,287
110,3,13,汐止區,,,,無年齡維度,0.0,女,遷出,other,0
110,3,13,汐止區,,,,無年齡維度,0.0,男,遷出,other,0
110,3,13,汐止區,,,,無年齡維度,0.0,女,遷出,其他縣市,0
110,3,13,汐止區,,,,無年齡維度,0.0,男,遷出,其他縣市,0
110,3,13,汐止區,,,,無年齡維度,0.0,女,遷出,其他鄉鎮,204
110,3,13,汐止區,,,,無年齡維度,0.0,男,遷出,其他鄉鎮,165
110,3,13,汐止區,,,,無年齡維度,0.0,女,遷出,合計,444
110,3,13,汐止區,,,,無年齡維度,0.0,男,遷出,合計,399
110,3,13,汐止區,,,,無年齡維度,0.0,女,遷出,國外,63
110,3,13,汐止區,,,,無年齡維度,0.0,男,遷出,國外,64
110,3,13,汐止區,,,,無年齡維度,0.0,女,遷出,新北市內,0
110,3,13,汐止區,,,,無年齡維度,0.0,男,遷出,新北市內,0
110,3,13,汐止區,,,,無年齡維度,0.0,女,遷出,桃園市,47
110,3,13,汐止區,,,,無年齡維度,0.0,男,遷出,桃園市,50
110,3,13,汐止區,,,,無年齡維度,0.0,女,遷出,福建省,0
110,3,13,汐止區,,,,無年齡維度,0.0,男,遷出,福建省,4
110,3,13,汐止區,,,,無年齡維度,0.0,女,遷出,臺中市,14
110,3,13,汐止區,,,,無年齡維度,0.0,男,遷出,臺中市,16
110,3,13,汐止區,,,,無年齡維度,0.0,女,遷出,臺北市,45
110,3,13,汐止區,,,,無年齡維度,0.0,男,遷出,臺北市,32
110,3,13,汐止區,,,,無年齡維度,0.0,女,遷出,臺南市,13
110,3,13,汐止區,,,,無年齡維度,0.0,男,遷出,臺南市,13
110,3,13,汐止區,,,,無年齡維度,0.0,女,遷出,臺灣省,55
110,3,13,汐止區,,,,無年齡維度,0.0,男,遷出,臺灣省,47
110,3,13,汐止區,,,,無年齡維度,0.0,女,遷出,高雄市,3
110,3,13,汐止區,,,,無年齡維度,0.0,男,遷出,高雄市,8
110,3,14,瑞芳區,,,,無年齡維度,0.0,女,遷入,migrants,297
110,3,14,瑞芳區,,,,無年齡維度,0.0,男,遷入,migrants,269
110,3,14,瑞芳區,,,,無年齡維度,0.0,女,遷入,other,0
110,3,14,瑞芳區,,,,無年齡維度,0.0,男,遷入,other,0
110,3,14,瑞芳區,,,,無年齡維度,0.0,女,遷入,其他縣市,0
110,3,14,瑞芳區,,,,無年齡維度,0.0,男,遷入,其他縣市,0
110,3,14,瑞芳區,,,,無年齡維度,0.0,女,遷入,其他鄉鎮,173
110,3,14,瑞芳區,,,,無年齡維度,0.0,男,遷入,其他鄉鎮,125
110,3,14,瑞芳區,,,,無年齡維度,0.0,女,遷入,合計,420
110,3,14,瑞芳區,,,,無年齡維度,0.0,男,遷入,合計,376
110,3,14,瑞芳區,,,,無年齡維度,0.0,女,遷入,國外,3
110,3,14,瑞芳區,,,,無年齡維度,0.0,男,遷入,國外,3
110,3,14,瑞芳區,,,,無年齡維度,0.0,女,遷入,新北市內,0
110,3,14,瑞芳區,,,,無年齡維度,0.0,男,遷入,新北市內,0
110,3,14,瑞芳區,,,,無年齡維度,0.0,女,遷入,桃園市,19
110,3,14,瑞芳區,,,,無年齡維度,0.0,男,遷入,桃園市,25
110,3,14,瑞芳區,,,,無年齡維度,0.0,女,遷入,福建省,0
110,3,14,瑞芳區,,,,無年齡維度,0.0,男,遷入,福建省,2
110,3,14,瑞芳區,,,,無年齡維度,0.0,女,遷入,臺中市,9
110,3,14,瑞芳區,,,,無年齡維度,0.0,男,遷入,臺中市,9
110,3,14,瑞芳區,,,,無年齡維度,0.0,女,遷入,臺北市,165
110,3,14,瑞芳區,,,,無年齡維度,0.0,男,遷入,臺北市,162
110,3,14,瑞芳區,,,,無年齡維度,0.0,女,遷入,臺南市,0
110,3,14,瑞芳區,,,,無年齡維度,0.0,男,遷入,臺南市,2
110,3,14,瑞芳區,,,,無年齡維度,0.0,女,遷入,臺灣省,46
110,3,14,瑞芳區,,,,無年齡維度,0.0,男,遷入,臺灣省,43
110,3,14,瑞芳區,,,,無年齡維度,0.0,女,遷入,高雄市,2
110,3,14,瑞芳區,,,,無年齡維度,0.0,男,遷入,高雄市,4
110,3,14,瑞芳區,,,,無年齡維度,0.0,女,遷出,migrants,297
110,3,14,瑞芳區,,,,無年齡維度,0.0,男,遷出,migrants,269
110,3,14,瑞芳區,,,,無年齡維度,0.0,女,遷出,other,0
110,3,14,瑞芳區,,,,無年齡維度,0.0,男,遷出,other,0
110,3,14,瑞芳區,,,,無年齡維度,0.0,女,遷出,其他縣市,0
110,3,14,瑞芳區,,,,無年齡維度,0.0,男,遷出,其他縣市,0
110,3,14,瑞芳區,,,,無年齡維度,0.0,女,遷出,其他鄉鎮,193
110,3,14,瑞芳區,,,,無年齡維度,0.0,男,遷出,其他鄉鎮,176
110,3,14,瑞芳區,,,,無年齡維度,0.0,女,遷出,合計,434
110,3,14,瑞芳區,,,,無年齡維度,0.0,男,遷出,合計,390
110,3,14,瑞芳區,,,,無年齡維度,0.0,女,遷出,國外,39
110,3,14,瑞芳區,,,,無年齡維度,0.0,男,遷出,國外,20
110,3,14,瑞芳區,,,,無年齡維度,0.0,女,遷出,新北市內,0
110,3,14,瑞芳區,,,,無年齡維度,0.0,男,遷出,新北市內,0
110,3,14,瑞芳區,,,,無年齡維度,0.0,女,遷出,桃園市,57
110,3,14,瑞芳區,,,,無年齡維度,0.0,男,遷出,桃園市,48
110,3,14,瑞芳區,,,,無年齡維度,0.0,女,遷出,福建省,0
110,3,14,瑞芳區,,,,無年齡維度,0.0,男,遷出,福建省,1
110,3,14,瑞芳區,,,,無年齡維度,0.0,女,遷出,臺中市,12
110,3,14,瑞芳區,,,,無年齡維度,0.0,男,遷出,臺中市,10
110,3,14,瑞芳區,,,,無年齡維度,0.0,女,遷出,臺北市,78
110,3,14,瑞芳區,,,,無年齡維度,0.0,男,遷出,臺北市,71
110,3,14,瑞芳區,,,,無年齡維度,0.0,女,遷出,臺南市,6
110,3,14,瑞芳區,,,,無年齡維度,0.0,男,遷出,臺南市,8
110,3,14,瑞芳區,,,,無年齡維度,0.0,女,遷出,臺灣省,41
110,3,14,瑞芳區,,,,無年齡維度,0.0,男,遷出,臺灣省,48
110,3,14,瑞芳區,,,,無年齡維度,0.0,女,遷出,高雄市,8
110,3,14,瑞芳區,,,,無年齡維度,0.0,男,遷出,高雄市,8
110,3,15,五股區,,,,無年齡維度,0.0,女,遷入,migrants,113
110,3,15,五股區,,,,無年齡維度,0.0,男,遷入,migrants,127
110,3,15,五股區,,,,無年齡維度,0.0,女,遷入,other,0
110,3,15,五股區,,,,無年齡維度,0.0,男,遷入,other,0
110,3,15,五股區,,,,無年齡維度,0.0,女,遷入,其他縣市,0
110,3,15,五股區,,,,無年齡維度,0.0,男,遷入,其他縣市,0
110,3,15,五股區,,,,無年齡維度,0.0,女,遷入,其他鄉鎮,152
110,3,15,五股區,,,,無年齡維度,0.0,男,遷入,其他鄉鎮,129
110,3,15,五股區,,,,無年齡維度,0.0,女,遷入,合計,255
110,3,15,五股區,,,,無年齡維度,0.0,男,遷入,合計,225
110,3,15,五股區,,,,無年齡維度,0.0,女,遷入,國外,0
110,3,15,五股區,,,,無年齡維度,0.0,男,遷入,國外,1
110,3,15,五股區,,,,無年齡維度,0.0,女,遷入,新北市內,0
110,3,15,五股區,,,,無年齡維度,0.0,男,遷入,新北市內,0
110,3,15,五股區,,,,無年齡維度,0.0,女,遷入,桃園市,12
110,3,15,五股區,,,,無年齡維度,0.0,男,遷入,桃園市,15
110,3,15,五股區,,,,無年齡維度,0.0,女,遷入,福建省,0
110,3,15,五股區,,,,無年齡維度,0.0,男,遷入,福建省,1
110,3,15,五股區,,,,無年齡維度,0.0,女,遷入,臺中市,6
110,3,15,五股區,,,,無年齡維度,0.0,男,遷入,臺中市,3
110,3,15,五股區,,,,無年齡維度,0.0,女,遷入,臺北市,61
110,3,15,五股區,,,,無年齡維度,0.0,男,遷入,臺北市,48
110,3,15,五股區,,,,無年齡維度,0.0,女,遷入,臺南市,2
110,3,15,五股區,,,,無年齡維度,0.0,男,遷入,臺南市,4
110,3,15,五股區,,,,無年齡維度,0.0,女,遷入,臺灣省,18
110,3,15,五股區,,,,無年齡維度,0.0,男,遷入,臺灣省,19
110,3,15,五股區,,,,無年齡維度,0.0,女,遷入,高雄市,1
110,3,15,五股區,,,,無年齡維度,0.0,男,遷入,高雄市,4
110,3,15,五股區,,,,無年齡維度,0.0,女,遷出,migrants,113
110,3,15,五股區,,,,無年齡維度,0.0,男,遷出,migrants,127
110,3,15,五股區,,,,無年齡維度,0.0,女,遷出,other,0
110,3,15,五股區,,,,無年齡維度,0.0,男,遷出,other,0
110,3,15,五股區,,,,無年齡維度,0.0,女,遷出,其他縣市,0
110,3,15,五股區,,,,無年齡維度,0.0,男,遷出,其他縣市,0
110,3,15,五股區,,,,無年齡維度,0.0,女,遷出,其他鄉鎮,139
110,3,15,五股區,,,,無年齡維度,0.0,男,遷出,其他鄉鎮,96
110,3,15,五股區,,,,無年齡維度,0.0,女,遷出,合計,243
110,3,15,五股區,,,,無年齡維度,0.0,男,遷出,合計,181
110,3,15,五股區,,,,無年齡維度,0.0,女,遷出,國外,24
110,3,15,五股區,,,,無年齡維度,0.0,男,遷出,國外,27
110,3,15,五股區,,,,無年齡維度,0.0,女,遷出,新北市內,0
110,3,15,五股區,,,,無年齡維度,0.0,男,遷出,新北市內,0
110,3,15,五股區,,,,無年齡維度,0.0,女,遷出,桃園市,12
110,3,15,五股區,,,,無年齡維度,0.0,男,遷出,桃園市,6
110,3,15,五股區,,,,無年齡維度,0.0,女,遷出,福建省,0
110,3,15,五股區,,,,無年齡維度,0.0,男,遷出,福建省,1
110,3,15,五股區,,,,無年齡維度,0.0,女,遷出,臺中市,5
110,3,15,五股區,,,,無年齡維度,0.0,男,遷出,臺中市,4
110,3,15,五股區,,,,無年齡維度,0.0,女,遷出,臺北市,23
110,3,15,五股區,,,,無年齡維度,0.0,男,遷出,臺北市,20
110,3,15,五股區,,,,無年齡維度,0.0,女,遷出,臺南市,2
110,3,15,五股區,,,,無年齡維度,0.0,男,遷出,臺南市,3
110,3,15,五股區,,,,無年齡維度,0.0,女,遷出,臺灣省,34
110,3,15,五股區,,,,無年齡維度,0.0,男,遷出,臺灣省,23
110,3,15,五股區,,,,無年齡維度,0.0,女,遷出,高雄市,3
110,3,15,五股區,,,,無年齡維度,0.0,男,遷出,高雄市,1
110,3,16,泰山區,,,,無年齡維度,0.0,女,遷入,migrants,115
110,3,16,泰山區,,,,無年齡維度,0.0,男,遷入,migrants,119
110,3,16,泰山區,,,,無年齡維度,0.0,女,遷入,other,0
110,3,16,泰山區,,,,無年齡維度,0.0,男,遷入,other,0
110,3,16,泰山區,,,,無年齡維度,0.0,女,遷入,其他縣市,0
110,3,16,泰山區,,,,無年齡維度,0.0,男,遷入,其他縣市,0
110,3,16,泰山區,,,,無年齡維度,0.0,女,遷入,其他鄉鎮,85
110,3,16,泰山區,,,,無年齡維度,0.0,男,遷入,其他鄉鎮,81
110,3,16,泰山區,,,,無年齡維度,0.0,女,遷入,合計,146
110,3,16,泰山區,,,,無年齡維度,0.0,男,遷入,合計,121
110,3,16,泰山區,,,,無年齡維度,0.0,女,遷入,國外,1
110,3,16,泰山區,,,,無年齡維度,0.0,男,遷入,國外,0
110,3,16,泰山區,,,,無年齡維度,0.0,女,遷入,新北市內,0
110,3,16,泰山區,,,,無年齡維度,0.0,男,遷入,新北市內,0
110,3,16,泰山區,,,,無年齡維度,0.0,女,遷入,桃園市,16
110,3,16,泰山區,,,,無年齡維度,0.0,男,遷入,桃園市,6
110,3,16,泰山區,,,,無年齡維度,0.0,女,遷入,福建省,0
110,3,16,泰山區,,,,無年齡維度,0.0,男,遷入,福建省,1
110,3,16,泰山區,,,,無年齡維度,0.0,女,遷入,臺中市,4
110,3,16,泰山區,,,,無年齡維度,0.0,男,遷入,臺中市,2
110,3,16,泰山區,,,,無年齡維度,0.0,女,遷入,臺北市,21
110,3,16,泰山區,,,,無年齡維度,0.0,男,遷入,臺北市,16
110,3,16,泰山區,,,,無年齡維度,0.0,女,遷入,臺南市,0
110,3,16,泰山區,,,,無年齡維度,0.0,男,遷入,臺南市,1
110,3,16,泰山區,,,,無年齡維度,0.0,女,遷入,臺灣省,16
110,3,16,泰山區,,,,無年齡維度,0.0,男,遷入,臺灣省,11
110,3,16,泰山區,,,,無年齡維度,0.0,女,遷入,高雄市,2
110,3,16,泰山區,,,,無年齡維度,0.0,男,遷入,高雄市,1
110,3,16,泰山區,,,,無年齡維度,0.0,女,遷出,migrants,115
110,3,16,泰山區,,,,無年齡維度,0.0,男,遷出,migrants,119
110,3,16,泰山區,,,,無年齡維度,0.0,女,遷出,other,0
110,3,16,泰山區,,,,無年齡維度,0.0,男,遷出,other,0
110,3,16,泰山區,,,,無年齡維度,0.0,女,遷出,其他縣市,0
110,3,16,泰山區,,,,無年齡維度,0.0,男,遷出,其他縣市,0
110,3,16,泰山區,,,,無年齡維度,0.0,女,遷出,其他鄉鎮,102
110,3,16,泰山區,,,,無年齡維度,0.0,男,遷出,其他鄉鎮,80
110,3,16,泰山區,,,,無年齡維度,0.0,女,遷出,合計,218
110,3,16,泰山區,,,,無年齡維度,0.0,男,遷出,合計,178
110,3,16,泰山區,,,,無年齡維度,0.0,女,遷出,國外,36
110,3,16,泰山區,,,,無年齡維度,0.0,男,遷出,國外,25
110,3,16,泰山區,,,,無年齡維度,0.0,女,遷出,新北市內,0
110,3,16,泰山區,,,,無年齡維度,0.0,男,遷出,新北市內,0
110,3,16,泰山區,,,,無年齡維度,0.0,女,遷出,桃園市,30
110,3,16,泰山區,,,,無年齡維度,0.0,男,遷出,桃園市,25
110,3,16,泰山區,,,,無年齡維度,0.0,女,遷出,福建省,0
110,3,16,泰山區,,,,無年齡維度,0.0,男,遷出,福建省,1
110,3,16,泰山區,,,,無年齡維度,0.0,女,遷出,臺中市,5
110,3,16,泰山區,,,,無年齡維度,0.0,男,遷出,臺中市,2
110,3,16,泰山區,,,,無年齡維度,0.0,女,遷出,臺北市,13
110,3,16,泰山區,,,,無年齡維度,0.0,男,遷出,臺北市,14
110,3,16,泰山區,,,,無年齡維度,0.0,女,遷出,臺南市,3
110,3,16,泰山區,,,,無年齡維度,0.0,男,遷出,臺南市,2
110,3,16,泰山區,,,,無年齡維度,0.0,女,遷出,臺灣省,23
110,3,16,泰山區,,,,無年齡維度,0.0,男,遷出,臺灣省,25
110,3,16,泰山區,,,,無年齡維度,0.0,女,遷出,高雄市,6
110,3,16,泰山區,,,,無年齡維度,0.0,男,遷出,高雄市,4
110,3,17,林口區,,,,無年齡維度,0.0,女,遷入,migrants,270
110,3,17,林口區,,,,無年齡維度,0.0,男,遷入,migrants,236
110,3,17,林口區,,,,無年齡維度,0.0,女,遷入,other,0
110,3,17,林口區,,,,無年齡維度,0.0,男,遷入,other,0
110,3,17,林口區,,,,無年齡維度,0.0,女,遷入,其他縣市,0
110,3,17,林口區,,,,無年齡維度,0.0,男,遷入,其他縣市,0
110,3,17,林口區,,,,無年齡維度,0.0,女,遷入,其他鄉鎮,130
110,3,17,林口區,,,,無年齡維度,0.0,男,遷入,其他鄉鎮,110
110,3,17,林口區,,,,無年齡維度,0.0,女,遷入,合計,509
110,3,17,林口區,,,,無年齡維度,0.0,男,遷入,合計,408
110,3,17,林口區,,,,無年齡維度,0.0,女,遷入,國外,3
110,3,17,林口區,,,,無年齡維度,0.0,男,遷入,國外,5
110,3,17,林口區,,,,無年齡維度,0.0,女,遷入,新北市內,0
110,3,17,林口區,,,,無年齡維度,0.0,男,遷入,新北市內,0
110,3,17,林口區,,,,無年齡維度,0.0,女,遷入,桃園市,117
110,3,17,林口區,,,,無年齡維度,0.0,男,遷入,桃園市,88
110,3,17,林口區,,,,無年齡維度,0.0,女,遷入,福建省,4
110,3,17,林口區,,,,無年齡維度,0.0,男,遷入,福建省,3
110,3,17,林口區,,,,無年齡維度,0.0,女,遷入,臺中市,23
110,3,17,林口區,,,,無年齡維度,0.0,男,遷入,臺中市,13
110,3,17,林口區,,,,無年齡維度,0.0,女,遷入,臺北市,143
110,3,17,林口區,,,,無年齡維度,0.0,男,遷入,臺北市,119
110,3,17,林口區,,,,無年齡維度,0.0,女,遷入,臺南市,10
110,3,17,林口區,,,,無年齡維度,0.0,男,遷入,臺南市,7
110,3,17,林口區,,,,無年齡維度,0.0,女,遷入,臺灣省,52
110,3,17,林口區,,,,無年齡維度,0.0,男,遷入,臺灣省,40
110,3,17,林口區,,,,無年齡維度,0.0,女,遷入,高雄市,15
110,3,17,林口區,,,,無年齡維度,0.0,男,遷入,高雄市,7
110,3,17,林口區,,,,無年齡維度,0.0,女,遷出,migrants,270
110,3,17,林口區,,,,無年齡維度,0.0,男,遷出,migrants,236
110,3,17,林口區,,,,無年齡維度,0.0,女,遷出,other,0
110,3,17,林口區,,,,無年齡維度,0.0,男,遷出,other,0
110,3,17,林口區,,,,無年齡維度,0.0,女,遷出,其他縣市,0
110,3,17,林口區,,,,無年齡維度,0.0,男,遷出,其他縣市,0
110,3,17,林口區,,,,無年齡維度,0.0,女,遷出,其他鄉鎮,63
110,3,17,林口區,,,,無年齡維度,0.0,男,遷出,其他鄉鎮,32
110,3,17,林口區,,,,無年齡維度,0.0,女,遷出,合計,304
110,3,17,林口區,,,,無年齡維度,0.0,男,遷出,合計,216
110,3,17,林口區,,,,無年齡維度,0.0,女,遷出,國外,59
110,3,17,林口區,,,,無年齡維度,0.0,男,遷出,國外,38
110,3,17,林口區,,,,無年齡維度,0.0,女,遷出,新北市內,0
110,3,17,林口區,,,,無年齡維度,0.0,男,遷出,新北市內,0
110,3,17,林口區,,,,無年齡維度,0.0,女,遷出,桃園市,92
110,3,17,林口區,,,,無年齡維度,0.0,男,遷出,桃園市,72
110,3,17,林口區,,,,無年齡維度,0.0,女,遷出,福建省,2
110,3,17,林口區,,,,無年齡維度,0.0,男,遷出,福建省,1
110,3,17,林口區,,,,無年齡維度,0.0,女,遷出,臺中市,7
110,3,17,林口區,,,,無年齡維度,0.0,男,遷出,臺中市,5
110,3,17,林口區,,,,無年齡維度,0.0,女,遷出,臺北市,45
110,3,17,林口區,,,,無年齡維度,0.0,男,遷出,臺北市,38
110,3,17,林口區,,,,無年齡維度,0.0,女,遷出,臺南市,3
110,3,17,林口區,,,,無年齡維度,0.0,男,遷出,臺南市,5
110,3,17,林口區,,,,無年齡維度,0.0,女,遷出,臺灣省,31
110,3,17,林口區,,,,無年齡維度,0.0,男,遷出,臺灣省,24
110,3,17,林口區,,,,無年齡維度,0.0,女,遷出,高雄市,2
110,3,17,林口區,,,,無年齡維度,0.0,男,遷出,高雄市,1
110,3,18,八里區,,,,無年齡維度,0.0,女,遷入,migrants,19
110,3,18,八里區,,,,無年齡維度,0.0,男,遷入,migrants,13
110,3,18,八里區,,,,無年齡維度,0.0,女,遷入,other,0
110,3,18,八里區,,,,無年齡維度,0.0,男,遷入,other,0
110,3,18,八里區,,,,無年齡維度,0.0,女,遷入,其他縣市,0
110,3,18,八里區,,,,無年齡維度,0.0,男,遷入,其他縣市,0
110,3,18,八里區,,,,無年齡維度,0.0,女,遷入,其他鄉鎮,19
110,3,18,八里區,,,,無年齡維度,0.0,男,遷入,其他鄉鎮,13
110,3,18,八里區,,,,無年齡維度,0.0,女,遷入,合計,72
110,3,18,八里區,,,,無年齡維度,0.0,男,遷入,合計,49
110,3,18,八里區,,,,無年齡維度,0.0,女,遷入,國外,0
110,3,18,八里區,,,,無年齡維度,0.0,男,遷入,國外,1
110,3,18,八里區,,,,無年齡維度,0.0,女,遷入,新北市內,0
110,3,18,八里區,,,,無年齡維度,0.0,男,遷入,新北市內,0
110,3,18,八里區,,,,無年齡維度,0.0,女,遷入,桃園市,6
110,3,18,八里區,,,,無年齡維度,0.0,男,遷入,桃園市,5
110,3,18,八里區,,,,無年齡維度,0.0,女,遷入,福建省,1
110,3,18,八里區,,,,無年齡維度,0.0,男,遷入,福建省,0
110,3,18,八里區,,,,無年齡維度,0.0,女,遷入,臺中市,5
110,3,18,八里區,,,,無年齡維度,0.0,男,遷入,臺中市,2
110,3,18,八里區,,,,無年齡維度,0.0,女,遷入,臺北市,29
110,3,18,八里區,,,,無年齡維度,0.0,男,遷入,臺北市,22
110,3,18,八里區,,,,無年齡維度,0.0,女,遷入,臺南市,0
110,3,18,八里區,,,,無年齡維度,0.0,男,遷入,臺南市,0
110,3,18,八里區,,,,無年齡維度,0.0,女,遷入,臺灣省,6
110,3,18,八里區,,,,無年齡維度,0.0,男,遷入,臺灣省,5
110,3,18,八里區,,,,無年齡維度,0.0,女,遷入,高雄市,3
110,3,18,八里區,,,,無年齡維度,0.0,男,遷入,高雄市,0
110,3,18,八里區,,,,無年齡維度,0.0,女,遷出,migrants,19
110,3,18,八里區,,,,無年齡維度,0.0,男,遷出,migrants,13
110,3,18,八里區,,,,無年齡維度,0.0,女,遷出,other,0
110,3,18,八里區,,,,無年齡維度,0.0,男,遷出,other,0
110,3,18,八里區,,,,無年齡維度,0.0,女,遷出,其他縣市,0
110,3,18,八里區,,,,無年齡維度,0.0,男,遷出,其他縣市,0
110,3,18,八里區,,,,無年齡維度,0.0,女,遷出,其他鄉鎮,15
110,3,18,八里區,,,,無年齡維度,0.0,男,遷出,其他鄉鎮,14
110,3,18,八里區,,,,無年齡維度,0.0,女,遷出,合計,58
110,3,18,八里區,,,,無年齡維度,0.0,男,遷出,合計,49
110,3,18,八里區,,,,無年齡維度,0.0,女,遷出,國外,9
110,3,18,八里區,,,,無年齡維度,0.0,男,遷出,國外,3
110,3,18,八里區,,,,無年齡維度,0.0,女,遷出,新北市內,0
110,3,18,八里區,,,,無年齡維度,0.0,男,遷出,新北市內,0
110,3,18,八里區,,,,無年齡維度,0.0,女,遷出,桃園市,6
110,3,18,八里區,,,,無年齡維度,0.0,男,遷出,桃園市,3
110,3,18,八里區,,,,無年齡維度,0.0,女,遷出,福建省,0
110,3,18,八里區,,,,無年齡維度,0.0,男,遷出,福建省,0
110,3,18,八里區,,,,無年齡維度,0.0,女,遷出,臺中市,1
110,3,18,八里區,,,,無年齡維度,0.0,男,遷出,臺中市,0
110,3,18,八里區,,,,無年齡維度,0.0,女,遷出,臺北市,20
110,3,18,八里區,,,,無年齡維度,0.0,男,遷出,臺北市,22
110,3,18,八里區,,,,無年齡維度,0.0,女,遷出,臺南市,0
110,3,18,八里區,,,,無年齡維度,0.0,男,遷出,臺南市,1
110,3,18,八里區,,,,無年齡維度,0.0,女,遷出,臺灣省,6
110,3,18,八里區,,,,無年齡維度,0.0,男,遷出,臺灣省,6
110,3,18,八里區,,,,無年齡維度,0.0,女,遷出,高雄市,1
110,3,18,八里區,,,,無年齡維度,0.0,男,遷出,高雄市,0
110,3,19,深坑區,,,,無年齡維度,0.0,女,遷入,migrants,2
110,3,19,深坑區,,,,無年齡維度,0.0,男,遷入,migrants,3
110,3,19,深坑區,,,,無年齡維度,0.0,女,遷入,other,0
110,3,19,深坑區,,,,無年齡維度,0.0,男,遷入,other,0
110,3,19,深坑區,,,,無年齡維度,0.0,女,遷入,其他縣市,0
110,3,19,深坑區,,,,無年齡維度,0.0,男,遷入,其他縣市,0
110,3,19,深坑區,,,,無年齡維度,0.0,女,遷入,其他鄉鎮,6
110,3,19,深坑區,,,,無年齡維度,0.0,男,遷入,其他鄉鎮,11
110,3,19,深坑區,,,,無年齡維度,0.0,女,遷入,合計,9
110,3,19,深坑區,,,,無年齡維度,0.0,男,遷入,合計,18
110,3,19,深坑區,,,,無年齡維度,0.0,女,遷入,國外,0
110,3,19,深坑區,,,,無年齡維度,0.0,男,遷入,國外,1
110,3,19,深坑區,,,,無年齡維度,0.0,女,遷入,新北市內,0
110,3,19,深坑區,,,,無年齡維度,0.0,男,遷入,新北市內,0
110,3,19,深坑區,,,,無年齡維度,0.0,女,遷入,桃園市,1
110,3,19,深坑區,,,,無年齡維度,0.0,男,遷入,桃園市,2
110,3,19,深坑區,,,,無年齡維度,0.0,女,遷入,福建省,0
110,3,19,深坑區,,,,無年齡維度,0.0,男,遷入,福建省,0
110,3,19,深坑區,,,,無年齡維度,0.0,女,遷入,臺中市,0
110,3,19,深坑區,,,,無年齡維度,0.0,男,遷入,臺中市,1
110,3,19,深坑區,,,,無年齡維度,0.0,女,遷入,臺北市,0
110,3,19,深坑區,,,,無年齡維度,0.0,男,遷入,臺北市,3
110,3,19,深坑區,,,,無年齡維度,0.0,女,遷入,臺南市,0
110,3,19,深坑區,,,,無年齡維度,0.0,男,遷入,臺南市,0
110,3,19,深坑區,,,,無年齡維度,0.0,女,遷入,臺灣省,2
110,3,19,深坑區,,,,無年齡維度,0.0,男,遷入,臺灣省,0
110,3,19,深坑區,,,,無年齡維度,0.0,女,遷入,高雄市,0
110,3,19,深坑區,,,,無年齡維度,0.0,男,遷入,高雄市,0
110,3,19,深坑區,,,,無年齡維度,0.0,女,遷出,migrants,2
110,3,19,深坑區,,,,無年齡維度,0.0,男,遷出,migrants,3
110,3,19,深坑區,,,,無年齡維度,0.0,女,遷出,other,0
110,3,19,深坑區,,,,無年齡維度,0.0,男,遷出,other,0
110,3,19,深坑區,,,,無年齡維度,0.0,女,遷出,其他縣市,0
110,3,19,深坑區,,,,無年齡維度,0.0,男,遷出,其他縣市,0
110,3,19,深坑區,,,,無年齡維度,0.0,女,遷出,其他鄉鎮,9
110,3,19,深坑區,,,,無年齡維度,0.0,男,遷出,其他鄉鎮,12
110,3,19,深坑區,,,,無年齡維度,0.0,女,遷出,合計,21
110,3,19,深坑區,,,,無年齡維度,0.0,男,遷出,合計,25
110,3,19,深坑區,,,,無年齡維度,0.0,女,遷出,國外,1
110,3,19,深坑區,,,,無年齡維度,0.0,男,遷出,國外,2
110,3,19,深坑區,,,,無年齡維度,0.0,女,遷出,新北市內,0
110,3,19,深坑區,,,,無年齡維度,0.0,男,遷出,新北市內,0
110,3,19,深坑區,,,,無年齡維度,0.0,女,遷出,桃園市,4
110,3,19,深坑區,,,,無年齡維度,0.0,男,遷出,桃園市,1
110,3,19,深坑區,,,,無年齡維度,0.0,女,遷出,福建省,0
110,3,19,深坑區,,,,無年齡維度,0.0,男,遷出,福建省,0
110,3,19,深坑區,,,,無年齡維度,0.0,女,遷出,臺中市,0
110,3,19,深坑區,,,,無年齡維度,0.0,男,遷出,臺中市,0
110,3,19,深坑區,,,,無年齡維度,0.0,女,遷出,臺北市,5
110,3,19,深坑區,,,,無年齡維度,0.0,男,遷出,臺北市,6
110,3,19,深坑區,,,,無年齡維度,0.0,女,遷出,臺南市,0
110,3,19,深坑區,,,,無年齡維度,0.0,男,遷出,臺南市,0
110,3,19,深坑區,,,,無年齡維度,0.0,女,遷出,臺灣省,2
110,3,19,深坑區,,,,無年齡維度,0.0,男,遷出,臺灣省,3
110,3,19,深坑區,,,,無年齡維度,0.0,女,遷出,高雄市,0
110,3,19,深坑區,,,,無年齡維度,0.0,男,遷出,高雄市,1
110,3,20,石碇區,,,,無年齡維度,0.0,女,遷入,migrants,7
110,3,20,石碇區,,,,無年齡維度,0.0,男,遷入,migrants,11
110,3,20,石碇區,,,,無年齡維度,0.0,女,遷入,other,0
110,3,20,石碇區,,,,無年齡維度,0.0,男,遷入,other,0
110,3,20,石碇區,,,,無年齡維度,0.0,女,遷入,其他縣市,0
110,3,20,石碇區,,,,無年齡維度,0.0,男,遷入,其他縣市,0
110,3,20,石碇區,,,,無年齡維度,0.0,女,遷入,其他鄉鎮,7
110,3,20,石碇區,,,,無年齡維度,0.0,男,遷入,其他鄉鎮,9
110,3,20,石碇區,,,,無年齡維度,0.0,女,遷入,合計,8
110,3,20,石碇區,,,,無年齡維度,0.0,男,遷入,合計,10
110,3,20,石碇區,,,,無年齡維度,0.0,女,遷入,國外,0
110,3,20,石碇區,,,,無年齡維度,0.0,男,遷入,國外,0
110,3,20,石碇區,,,,無年齡維度,0.0,女,遷入,新北市內,0
110,3,20,石碇區,,,,無年齡維度,0.0,男,遷入,新北市內,0
110,3,20,石碇區,,,,無年齡維度,0.0,女,遷入,桃園市,0
110,3,20,石碇區,,,,無年齡維度,0.0,男,遷入,桃園市,0
110,3,20,石碇區,,,,無年齡維度,0.0,女,遷入,福建省,0
110,3,20,石碇區,,,,無年齡維度,0.0,男,遷入,福建省,0
110,3,20,石碇區,,,,無年齡維度,0.0,女,遷入,臺中市,0
110,3,20,石碇區,,,,無年齡維度,0.0,男,遷入,臺中市,0
110,3,20,石碇區,,,,無年齡維度,0.0,女,遷入,臺北市,1
110,3,20,石碇區,,,,無年齡維度,0.0,男,遷入,臺北市,1
110,3,20,石碇區,,,,無年齡維度,0.0,女,遷入,臺南市,0
110,3,20,石碇區,,,,無年齡維度,0.0,男,遷入,臺南市,0
110,3,20,石碇區,,,,無年齡維度,0.0,女,遷入,臺灣省,0
110,3,20,石碇區,,,,無年齡維度,0.0,男,遷入,臺灣省,0
110,3,20,石碇區,,,,無年齡維度,0.0,女,遷入,高雄市,0
110,3,20,石碇區,,,,無年齡維度,0.0,男,遷入,高雄市,0
110,3,20,石碇區,,,,無年齡維度,0.0,女,遷出,migrants,7
110,3,20,石碇區,,,,無年齡維度,0.0,男,遷出,migrants,11
110,3,20,石碇區,,,,無年齡維度,0.0,女,遷出,other,0
110,3,20,石碇區,,,,無年齡維度,0.0,男,遷出,other,0
110,3,20,石碇區,,,,無年齡維度,0.0,女,遷出,其他縣市,0
110,3,20,石碇區,,,,無年齡維度,0.0,男,遷出,其他縣市,0
110,3,20,石碇區,,,,無年齡維度,0.0,女,遷出,其他鄉鎮,4
110,3,20,石碇區,,,,無年齡維度,0.0,男,遷出,其他鄉鎮,6
110,3,20,石碇區,,,,無年齡維度,0.0,女,遷出,合計,10
110,3,20,石碇區,,,,無年齡維度,0.0,男,遷出,合計,8
110,3,20,石碇區,,,,無年齡維度,0.0,女,遷出,國外,0
110,3,20,石碇區,,,,無年齡維度,0.0,男,遷出,國外,0
110,3,20,石碇區,,,,無年齡維度,0.0,女,遷出,新北市內,0
110,3,20,石碇區,,,,無年齡維度,0.0,男,遷出,新北市內,0
110,3,20,石碇區,,,,無年齡維度,0.0,女,遷出,桃園市,1
110,3,20,石碇區,,,,無年齡維度,0.0,男,遷出,桃園市,0
110,3,20,石碇區,,,,無年齡維度,0.0,女,遷出,福建省,0
110,3,20,石碇區,,,,無年齡維度,0.0,男,遷出,福建省,0
110,3,20,石碇區,,,,無年齡維度,0.0,女,遷出,臺中市,0
110,3,20,石碇區,,,,無年齡維度,0.0,男,遷出,臺中市,0
110,3,20,石碇區,,,,無年齡維度,0.0,女,遷出,臺北市,2
110,3,20,石碇區,,,,無年齡維度,0.0,男,遷出,臺北市,2
110,3,20,石碇區,,,,無年齡維度,0.0,女,遷出,臺南市,0
110,3,20,石碇區,,,,無年齡維度,0.0,男,遷出,臺南市,0
110,3,20,石碇區,,,,無年齡維度,0.0,女,遷出,臺灣省,3
110,3,20,石碇區,,,,無年齡維度,0.0,男,遷出,臺灣省,0
110,3,20,石碇區,,,,無年齡維度,0.0,女,遷出,高雄市,0
110,3,20,石碇區,,,,無年齡維度,0.0,男,遷出,高雄市,0
110,3,21,坪林區,,,,無年齡維度,0.0,女,遷入,migrants,13
110,3,21,坪林區,,,,無年齡維度,0.0,男,遷入,migrants,10
110,3,21,坪林區,,,,無年齡維度,0.0,女,遷入,other,0
110,3,21,坪林區,,,,無年齡維度,0.0,男,遷入,other,0
110,3,21,坪林區,,,,無年齡維度,0.0,女,遷入,其他縣市,0
110,3,21,坪林區,,,,無年齡維度,0.0,男,遷入,其他縣市,0
110,3,21,坪林區,,,,無年齡維度,0.0,女,遷入,其他鄉鎮,48
110,3,21,坪林區,,,,無年齡維度,0.0,男,遷入,其他鄉鎮,34
110,3,21,坪林區,,,,無年齡維度,0.0,女,遷入,合計,67
110,3,21,坪林區,,,,無年齡維度,0.0,男,遷入,合計,45
110,3,21,坪林區,,,,無年齡維度,0.0,女,遷入,國外,1
110,3,21,坪林區,,,,無年齡維度,0.0,男,遷入,國外,1
110,3,21,坪林區,,,,無年齡維度,0.0,女,遷入,新北市內,0
110,3,21,坪林區,,,,無年齡維度,0.0,男,遷入,新北市內,0
110,3,21,坪林區,,,,無年齡維度,0.0,女,遷入,桃園市,1
110,3,21,坪林區,,,,無年齡維度,0.0,男,遷入,桃園市,1
110,3,21,坪林區,,,,無年齡維度,0.0,女,遷入,福建省,0
110,3,21,坪林區,,,,無年齡維度,0.0,男,遷入,福建省,0
110,3,21,坪林區,,,,無年齡維度,0.0,女,遷入,臺中市,0
110,3,21,坪林區,,,,無年齡維度,0.0,男,遷入,臺中市,1
110,3,21,坪林區,,,,無年齡維度,0.0,女,遷入,臺北市,12
110,3,21,坪林區,,,,無年齡維度,0.0,男,遷入,臺北市,6
110,3,21,坪林區,,,,無年齡維度,0.0,女,遷入,臺南市,0
110,3,21,坪林區,,,,無年齡維度,0.0,男,遷入,臺南市,0
110,3,21,坪林區,,,,無年齡維度,0.0,女,遷入,臺灣省,4
110,3,21,坪林區,,,,無年齡維度,0.0,男,遷入,臺灣省,2
110,3,21,坪林區,,,,無年齡維度,0.0,女,遷入,高雄市,1
110,3,21,坪林區,,,,無年齡維度,0.0,男,遷入,高雄市,0
110,3,21,坪林區,,,,無年齡維度,0.0,女,遷出,migrants,13
110,3,21,坪林區,,,,無年齡維度,0.0,男,遷出,migrants,10
110,3,21,坪林區,,,,無年齡維度,0.0,女,遷出,other,0
110,3,21,坪林區,,,,無年齡維度,0.0,男,遷出,other,0
110,3,21,坪林區,,,,無年齡維度,0.0,女,遷出,其他縣市,0
110,3,21,坪林區,,,,無年齡維度,0.0,男,遷出,其他縣市,0
110,3,21,坪林區,,,,無年齡維度,0.0,女,遷出,其他鄉鎮,38
110,3,21,坪林區,,,,無年齡維度,0.0,男,遷出,其他鄉鎮,37
110,3,21,坪林區,,,,無年齡維度,0.0,女,遷出,合計,61
110,3,21,坪林區,,,,無年齡維度,0.0,男,遷出,合計,56
110,3,21,坪林區,,,,無年齡維度,0.0,女,遷出,國外,3
110,3,21,坪林區,,,,無年齡維度,0.0,男,遷出,國外,2
110,3,21,坪林區,,,,無年齡維度,0.0,女,遷出,新北市內,0
110,3,21,坪林區,,,,無年齡維度,0.0,男,遷出,新北市內,0
110,3,21,坪林區,,,,無年齡維度,0.0,女,遷出,桃園市,1
110,3,21,坪林區,,,,無年齡維度,0.0,男,遷出,桃園市,3
110,3,21,坪林區,,,,無年齡維度,0.0,女,遷出,福建省,0
110,3,21,坪林區,,,,無年齡維度,0.0,男,遷出,福建省,0
110,3,21,坪林區,,,,無年齡維度,0.0,女,遷出,臺中市,0
110,3,21,坪林區,,,,無年齡維度,0.0,男,遷出,臺中市,1
110,3,21,坪林區,,,,無年齡維度,0.0,女,遷出,臺北市,12
110,3,21,坪林區,,,,無年齡維度,0.0,男,遷出,臺北市,12
110,3,21,坪林區,,,,無年齡維度,0.0,女,遷出,臺南市,0
110,3,21,坪林區,,,,無年齡維度,0.0,男,遷出,臺南市,0
110,3,21,坪林區,,,,無年齡維度,0.0,女,遷出,臺灣省,4
110,3,21,坪林區,,,,無年齡維度,0.0,男,遷出,臺灣省,1
110,3,21,坪林區,,,,無年齡維度,0.0,女,遷出,高雄市,3
110,3,21,坪林區,,,,無年齡維度,0.0,男,遷出,高雄市,0
110,3,22,三芝區,,,,無年齡維度,0.0,女,遷入,migrants,2
110,3,22,三芝區,,,,無年齡維度,0.0,男,遷入,migrants,3
110,3,22,三芝區,,,,無年齡維度,0.0,女,遷入,other,0
110,3,22,三芝區,,,,無年齡維度,0.0,男,遷入,other,0
110,3,22,三芝區,,,,無年齡維度,0.0,女,遷入,其他縣市,0
110,3,22,三芝區,,,,無年齡維度,0.0,男,遷入,其他縣市,0
110,3,22,三芝區,,,,無年齡維度,0.0,女,遷入,其他鄉鎮,20
110,3,22,三芝區,,,,無年齡維度,0.0,男,遷入,其他鄉鎮,11
110,3,22,三芝區,,,,無年齡維度,0.0,女,遷入,合計,25
110,3,22,三芝區,,,,無年齡維度,0.0,男,遷入,合計,13
110,3,22,三芝區,,,,無年齡維度,0.0,女,遷入,國外,0
110,3,22,三芝區,,,,無年齡維度,0.0,男,遷入,國外,0
110,3,22,三芝區,,,,無年齡維度,0.0,女,遷入,新北市內,0
110,3,22,三芝區,,,,無年齡維度,0.0,男,遷入,新北市內,0
110,3,22,三芝區,,,,無年齡維度,0.0,女,遷入,桃園市,0
110,3,22,三芝區,,,,無年齡維度,0.0,男,遷入,桃園市,0
110,3,22,三芝區,,,,無年齡維度,0.0,女,遷入,福建省,0
110,3,22,三芝區,,,,無年齡維度,0.0,男,遷入,福建省,0
110,3,22,三芝區,,,,無年齡維度,0.0,女,遷入,臺中市,0
110,3,22,三芝區,,,,無年齡維度,0.0,男,遷入,臺中市,0
110,3,22,三芝區,,,,無年齡維度,0.0,女,遷入,臺北市,2
110,3,22,三芝區,,,,無年齡維度,0.0,男,遷入,臺北市,2
110,3,22,三芝區,,,,無年齡維度,0.0,女,遷入,臺南市,1
110,3,22,三芝區,,,,無年齡維度,0.0,男,遷入,臺南市,0
110,3,22,三芝區,,,,無年齡維度,0.0,女,遷入,臺灣省,2
110,3,22,三芝區,,,,無年齡維度,0.0,男,遷入,臺灣省,0
110,3,22,三芝區,,,,無年齡維度,0.0,女,遷入,高雄市,0
110,3,22,三芝區,,,,無年齡維度,0.0,男,遷入,高雄市,0
110,3,22,三芝區,,,,無年齡維度,0.0,女,遷出,migrants,2
110,3,22,三芝區,,,,無年齡維度,0.0,男,遷出,migrants,3
110,3,22,三芝區,,,,無年齡維度,0.0,女,遷出,other,0
110,3,22,三芝區,,,,無年齡維度,0.0,男,遷出,other,0
110,3,22,三芝區,,,,無年齡維度,0.0,女,遷出,其他縣市,0
110,3,22,三芝區,,,,無年齡維度,0.0,男,遷出,其他縣市,0
110,3,22,三芝區,,,,無年齡維度,0.0,女,遷出,其他鄉鎮,40
110,3,22,三芝區,,,,無年齡維度,0.0,男,遷出,其他鄉鎮,33
110,3,22,三芝區,,,,無年齡維度,0.0,女,遷出,合計,54
110,3,22,三芝區,,,,無年齡維度,0.0,男,遷出,合計,42
110,3,22,三芝區,,,,無年齡維度,0.0,女,遷出,國外,3
110,3,22,三芝區,,,,無年齡維度,0.0,男,遷出,國外,2
110,3,22,三芝區,,,,無年齡維度,0.0,女,遷出,新北市內,0
110,3,22,三芝區,,,,無年齡維度,0.0,男,遷出,新北市內,0
110,3,22,三芝區,,,,無年齡維度,0.0,女,遷出,桃園市,4
110,3,22,三芝區,,,,無年齡維度,0.0,男,遷出,桃園市,0
110,3,22,三芝區,,,,無年齡維度,0.0,女,遷出,福建省,0
110,3,22,三芝區,,,,無年齡維度,0.0,男,遷出,福建省,0
110,3,22,三芝區,,,,無年齡維度,0.0,女,遷出,臺中市,0
110,3,22,三芝區,,,,無年齡維度,0.0,男,遷出,臺中市,0
110,3,22,三芝區,,,,無年齡維度,0.0,女,遷出,臺北市,0
110,3,22,三芝區,,,,無年齡維度,0.0,男,遷出,臺北市,2
110,3,22,三芝區,,,,無年齡維度,0.0,女,遷出,臺南市,0
110,3,22,三芝區,,,,無年齡維度,0.0,男,遷出,臺南市,1
110,3,22,三芝區,,,,無年齡維度,0.0,女,遷出,臺灣省,7
110,3,22,三芝區,,,,無年齡維度,0.0,男,遷出,臺灣省,4
110,3,22,三芝區,,,,無年齡維度,0.0,女,遷出,高雄市,0
110,3,22,三芝區,,,,無年齡維度,0.0,男,遷出,高雄市,0
110,3,23,石門區,,,,無年齡維度,0.0,女,遷入,migrants,60
110,3,23,石門區,,,,無年齡維度,0.0,男,遷入,migrants,51
110,3,23,石門區,,,,無年齡維度,0.0,女,遷入,other,0
110,3,23,石門區,,,,無年齡維度,0.0,男,遷入,other,0
110,3,23,石門區,,,,無年齡維度,0.0,女,遷入,其他縣市,0
110,3,23,石門區,,,,無年齡維度,0.0,男,遷入,其他縣市,0
110,3,23,石門區,,,,無年齡維度,0.0,女,遷入,其他鄉鎮,35
110,3,23,石門區,,,,無年齡維度,0.0,男,遷入,其他鄉鎮,35
110,3,23,石門區,,,,無年齡維度,0.0,女,遷入,合計,89
110,3,23,石門區,,,,無年齡維度,0.0,男,遷入,合計,86
110,3,23,石門區,,,,無年齡維度,0.0,女,遷入,國外,1
110,3,23,石門區,,,,無年齡維度,0.0,男,遷入,國外,4
110,3,23,石門區,,,,無年齡維度,0.0,女,遷入,新北市內,0
110,3,23,石門區,,,,無年齡維度,0.0,男,遷入,新北市內,0
110,3,23,石門區,,,,無年齡維度,0.0,女,遷入,桃園市,8
110,3,23,石門區,,,,無年齡維度,0.0,男,遷入,桃園市,8
110,3,23,石門區,,,,無年齡維度,0.0,女,遷入,福建省,1
110,3,23,石門區,,,,無年齡維度,0.0,男,遷入,福建省,1
110,3,23,石門區,,,,無年齡維度,0.0,女,遷入,臺中市,1
110,3,23,石門區,,,,無年齡維度,0.0,男,遷入,臺中市,0
110,3,23,石門區,,,,無年齡維度,0.0,女,遷入,臺北市,31
110,3,23,石門區,,,,無年齡維度,0.0,男,遷入,臺北市,26
110,3,23,石門區,,,,無年齡維度,0.0,女,遷入,臺南市,0
110,3,23,石門區,,,,無年齡維度,0.0,男,遷入,臺南市,1
110,3,23,石門區,,,,無年齡維度,0.0,女,遷入,臺灣省,8
110,3,23,石門區,,,,無年齡維度,0.0,男,遷入,臺灣省,9
110,3,23,石門區,,,,無年齡維度,0.0,女,遷入,高雄市,3
110,3,23,石門區,,,,無年齡維度,0.0,男,遷入,高雄市,1
110,3,23,石門區,,,,無年齡維度,0.0,女,遷出,migrants,60
110,3,23,石門區,,,,無年齡維度,0.0,男,遷出,migrants,51
110,3,23,石門區,,,,無年齡維度,0.0,女,遷出,other,0
110,3,23,石門區,,,,無年齡維度,0.0,男,遷出,other,0
110,3,23,石門區,,,,無年齡維度,0.0,女,遷出,其他縣市,0
110,3,23,石門區,,,,無年齡維度,0.0,男,遷出,其他縣市,0
110,3,23,石門區,,,,無年齡維度,0.0,女,遷出,其他鄉鎮,33
110,3,23,石門區,,,,無年齡維度,0.0,男,遷出,其他鄉鎮,25
110,3,23,石門區,,,,無年齡維度,0.0,女,遷出,合計,107
110,3,23,石門區,,,,無年齡維度,0.0,男,遷出,合計,79
110,3,23,石門區,,,,無年齡維度,0.0,女,遷出,國外,19
110,3,23,石門區,,,,無年齡維度,0.0,男,遷出,國外,20
110,3,23,石門區,,,,無年齡維度,0.0,女,遷出,新北市內,0
110,3,23,石門區,,,,無年齡維度,0.0,男,遷出,新北市內,0
110,3,23,石門區,,,,無年齡維度,0.0,女,遷出,桃園市,12
110,3,23,石門區,,,,無年齡維度,0.0,男,遷出,桃園市,6
110,3,23,石門區,,,,無年齡維度,0.0,女,遷出,福建省,0
110,3,23,石門區,,,,無年齡維度,0.0,男,遷出,福建省,0
110,3,23,石門區,,,,無年齡維度,0.0,女,遷出,臺中市,0
110,3,23,石門區,,,,無年齡維度,0.0,男,遷出,臺中市,0
110,3,23,石門區,,,,無年齡維度,0.0,女,遷出,臺北市,28
110,3,23,石門區,,,,無年齡維度,0.0,男,遷出,臺北市,19
110,3,23,石門區,,,,無年齡維度,0.0,女,遷出,臺南市,1
110,3,23,石門區,,,,無年齡維度,0.0,男,遷出,臺南市,1
110,3,23,石門區,,,,無年齡維度,0.0,女,遷出,臺灣省,11
110,3,23,石門區,,,,無年齡維度,0.0,男,遷出,臺灣省,7
110,3,23,石門區,,,,無年齡維度,0.0,女,遷出,高雄市,3
110,3,23,石門區,,,,無年齡維度,0.0,男,遷出,高雄市,1
110,3,24,金山區,,,,無年齡維度,0.0,女,遷入,migrants,1
110,3,24,金山區,,,,無年齡維度,0.0,男,遷入,migrants,0
110,3,24,金山區,,,,無年齡維度,0.0,女,遷入,other,0
110,3,24,金山區,,,,無年齡維度,0.0,男,遷入,other,0
110,3,24,金山區,,,,無年齡維度,0.0,女,遷入,其他縣市,0
110,3,24,金山區,,,,無年齡維度,0.0,男,遷入,其他縣市,0
110,3,24,金山區,,,,無年齡維度,0.0,女,遷入,其他鄉鎮,1
110,3,24,金山區,,,,無年齡維度,0.0,男,遷入,其他鄉鎮,2
110,3,24,金山區,,,,無年齡維度,0.0,女,遷入,合計,2
110,3,24,金山區,,,,無年齡維度,0.0,男,遷入,合計,4
110,3,24,金山區,,,,無年齡維度,0.0,女,遷入,國外,0
110,3,24,金山區,,,,無年齡維度,0.0,男,遷入,國外,0
110,3,24,金山區,,,,無年齡維度,0.0,女,遷入,新北市內,0
110,3,24,金山區,,,,無年齡維度,0.0,男,遷入,新北市內,0
110,3,24,金山區,,,,無年齡維度,0.0,女,遷入,桃園市,0
110,3,24,金山區,,,,無年齡維度,0.0,男,遷入,桃園市,0
110,3,24,金山區,,,,無年齡維度,0.0,女,遷入,福建省,0
110,3,24,金山區,,,,無年齡維度,0.0,男,遷入,福建省,0
110,3,24,金山區,,,,無年齡維度,0.0,女,遷入,臺中市,0
110,3,24,金山區,,,,無年齡維度,0.0,男,遷入,臺中市,0
110,3,24,金山區,,,,無年齡維度,0.0,女,遷入,臺北市,1
110,3,24,金山區,,,,無年齡維度,0.0,男,遷入,臺北市,1
110,3,24,金山區,,,,無年齡維度,0.0,女,遷入,臺南市,0
110,3,24,金山區,,,,無年齡維度,0.0,男,遷入,臺南市,0
110,3,24,金山區,,,,無年齡維度,0.0,女,遷入,臺灣省,0
110,3,24,金山區,,,,無年齡維度,0.0,男,遷入,臺灣省,0
110,3,24,金山區,,,,無年齡維度,0.0,女,遷入,高雄市,0
110,3,24,金山區,,,,無年齡維度,0.0,男,遷入,高雄市,1
110,3,24,金山區,,,,無年齡維度,0.0,女,遷出,migrants,1
110,3,24,金山區,,,,無年齡維度,0.0,男,遷出,migrants,0
110,3,24,金山區,,,,無年齡維度,0.0,女,遷出,other,0
110,3,24,金山區,,,,無年齡維度,0.0,男,遷出,other,0
110,3,24,金山區,,,,無年齡維度,0.0,女,遷出,其他縣市,0
110,3,24,金山區,,,,無年齡維度,0.0,男,遷出,其他縣市,0
110,3,24,金山區,,,,無年齡維度,0.0,女,遷出,其他鄉鎮,5
110,3,24,金山區,,,,無年齡維度,0.0,男,遷出,其他鄉鎮,3
110,3,24,金山區,,,,無年齡維度,0.0,女,遷出,合計,7
110,3,24,金山區,,,,無年齡維度,0.0,男,遷出,合計,8
110,3,24,金山區,,,,無年齡維度,0.0,女,遷出,國外,0
110,3,24,金山區,,,,無年齡維度,0.0,男,遷出,國外,0
110,3,24,金山區,,,,無年齡維度,0.0,女,遷出,新北市內,0
110,3,24,金山區,,,,無年齡維度,0.0,男,遷出,新北市內,0
110,3,24,金山區,,,,無年齡維度,0.0,女,遷出,桃園市,0
110,3,24,金山區,,,,無年齡維度,0.0,男,遷出,桃園市,1
110,3,24,金山區,,,,無年齡維度,0.0,女,遷出,福建省,0
110,3,24,金山區,,,,無年齡維度,0.0,男,遷出,福建省,0
110,3,24,金山區,,,,無年齡維度,0.0,女,遷出,臺中市,0
110,3,24,金山區,,,,無年齡維度,0.0,男,遷出,臺中市,0
110,3,24,金山區,,,,無年齡維度,0.0,女,遷出,臺北市,1
110,3,24,金山區,,,,無年齡維度,0.0,男,遷出,臺北市,2
110,3,24,金山區,,,,無年齡維度,0.0,女,遷出,臺南市,0
110,3,24,金山區,,,,無年齡維度,0.0,男,遷出,臺南市,0
110,3,24,金山區,,,,無年齡維度,0.0,女,遷出,臺灣省,1
110,3,24,金山區,,,,無年齡維度,0.0,男,遷出,臺灣省,2
110,3,24,金山區,,,,無年齡維度,0.0,女,遷出,高雄市,0
110,3,24,金山區,,,,無年齡維度,0.0,男,遷出,高雄市,0
110,3,25,萬里區,,,,無年齡維度,0.0,女,遷入,migrants,0
110,3,25,萬里區,,,,無年齡維度,0.0,男,遷入,migrants,0
110,3,25,萬里區,,,,無年齡維度,0.0,女,遷入,other,0
110,3,25,萬里區,,,,無年齡維度,0.0,男,遷入,other,0
110,3,25,萬里區,,,,無年齡維度,0.0,女,遷入,其他縣市,0
110,3,25,萬里區,,,,無年齡維度,0.0,男,遷入,其他縣市,0
110,3,25,萬里區,,,,無年齡維度,0.0,女,遷入,其他鄉鎮,4
110,3,25,萬里區,,,,無年齡維度,0.0,男,遷入,其他鄉鎮,4
110,3,25,萬里區,,,,無年齡維度,0.0,女,遷入,合計,11
110,3,25,萬里區,,,,無年齡維度,0.0,男,遷入,合計,8
110,3,25,萬里區,,,,無年齡維度,0.0,女,遷入,國外,0
110,3,25,萬里區,,,,無年齡維度,0.0,男,遷入,國外,0
110,3,25,萬里區,,,,無年齡維度,0.0,女,遷入,新北市內,0
110,3,25,萬里區,,,,無年齡維度,0.0,男,遷入,新北市內,0
110,3,25,萬里區,,,,無年齡維度,0.0,女,遷入,桃園市,2
110,3,25,萬里區,,,,無年齡維度,0.0,男,遷入,桃園市,0
110,3,25,萬里區,,,,無年齡維度,0.0,女,遷入,福建省,0
110,3,25,萬里區,,,,無年齡維度,0.0,男,遷入,福建省,1
110,3,25,萬里區,,,,無年齡維度,0.0,女,遷入,臺中市,0
110,3,25,萬里區,,,,無年齡維度,0.0,男,遷入,臺中市,0
110,3,25,萬里區,,,,無年齡維度,0.0,女,遷入,臺北市,0
110,3,25,萬里區,,,,無年齡維度,0.0,男,遷入,臺北市,1
110,3,25,萬里區,,,,無年齡維度,0.0,女,遷入,臺南市,0
110,3,25,萬里區,,,,無年齡維度,0.0,男,遷入,臺南市,0
110,3,25,萬里區,,,,無年齡維度,0.0,女,遷入,臺灣省,5
110,3,25,萬里區,,,,無年齡維度,0.0,男,遷入,臺灣省,2
110,3,25,萬里區,,,,無年齡維度,0.0,女,遷入,高雄市,0
110,3,25,萬里區,,,,無年齡維度,0.0,男,遷入,高雄市,0
110,3,25,萬里區,,,,無年齡維度,0.0,女,遷出,migrants,0
110,3,25,萬里區,,,,無年齡維度,0.0,男,遷出,migrants,0
110,3,25,萬里區,,,,無年齡維度,0.0,女,遷出,other,0
110,3,25,萬里區,,,,無年齡維度,0.0,男,遷出,other,0
110,3,25,萬里區,,,,無年齡維度,0.0,女,遷出,其他縣市,0
110,3,25,萬里區,,,,無年齡維度,0.0,男,遷出,其他縣市,0
110,3,25,萬里區,,,,無年齡維度,0.0,女,遷出,其他鄉鎮,10
110,3,25,萬里區,,,,無年齡維度,0.0,男,遷出,其他鄉鎮,8
110,3,25,萬里區,,,,無年齡維度,0.0,女,遷出,合計,21
110,3,25,萬里區,,,,無年齡維度,0.0,男,遷出,合計,11
110,3,25,萬里區,,,,無年齡維度,0.0,女,遷出,國外,0
110,3,25,萬里區,,,,無年齡維度,0.0,男,遷出,國外,0
110,3,25,萬里區,,,,無年齡維度,0.0,女,遷出,新北市內,0
110,3,25,萬里區,,,,無年齡維度,0.0,男,遷出,新北市內,0
110,3,25,萬里區,,,,無年齡維度,0.0,女,遷出,桃園市,3
110,3,25,萬里區,,,,無年齡維度,0.0,男,遷出,桃園市,1
110,3,25,萬里區,,,,無年齡維度,0.0,女,遷出,福建省,0
110,3,25,萬里區,,,,無年齡維度,0.0,男,遷出,福建省,0
110,3,25,萬里區,,,,無年齡維度,0.0,女,遷出,臺中市,0
110,3,25,萬里區,,,,無年齡維度,0.0,男,遷出,臺中市,1
110,3,25,萬里區,,,,無年齡維度,0.0,女,遷出,臺北市,1
110,3,25,萬里區,,,,無年齡維度,0.0,男,遷出,臺北市,0
110,3,25,萬里區,,,,無年齡維度,0.0,女,遷出,臺南市,3
110,3,25,萬里區,,,,無年齡維度,0.0,男,遷出,臺南市,0
110,3,25,萬里區,,,,無年齡維度,0.0,女,遷出,臺灣省,4
110,3,25,萬里區,,,,無年齡維度,0.0,男,遷出,臺灣省,1
110,3,25,萬里區,,,,無年齡維度,0.0,女,遷出,高雄市,0
110,3,25,萬里區,,,,無年齡維度,0.0,男,遷出,高雄市,0
110,3,26,平溪區,,,,無年齡維度,0.0,女,遷入,migrants,10
110,3,26,平溪區,,,,無年齡維度,0.0,男,遷入,migrants,7
110,3,26,平溪區,,,,無年齡維度,0.0,女,遷入,other,0
110,3,26,平溪區,,,,無年齡維度,0.0,男,遷入,other,0
110,3,26,平溪區,,,,無年齡維度,0.0,女,遷入,其他縣市,0
110,3,26,平溪區,,,,無年齡維度,0.0,男,遷入,其他縣市,0
110,3,26,平溪區,,,,無年齡維度,0.0,女,遷入,其他鄉鎮,9
110,3,26,平溪區,,,,無年齡維度,0.0,男,遷入,其他鄉鎮,5
110,3,26,平溪區,,,,無年齡維度,0.0,女,遷入,合計,20
110,3,26,平溪區,,,,無年齡維度,0.0,男,遷入,合計,7
110,3,26,平溪區,,,,無年齡維度,0.0,女,遷入,國外,0
110,3,26,平溪區,,,,無年齡維度,0.0,男,遷入,國外,0
110,3,26,平溪區,,,,無年齡維度,0.0,女,遷入,新北市內,0
110,3,26,平溪區,,,,無年齡維度,0.0,男,遷入,新北市內,0
110,3,26,平溪區,,,,無年齡維度,0.0,女,遷入,桃園市,2
110,3,26,平溪區,,,,無年齡維度,0.0,男,遷入,桃園市,2
110,3,26,平溪區,,,,無年齡維度,0.0,女,遷入,福建省,0
110,3,26,平溪區,,,,無年齡維度,0.0,男,遷入,福建省,0
110,3,26,平溪區,,,,無年齡維度,0.0,女,遷入,臺中市,1
110,3,26,平溪區,,,,無年齡維度,0.0,男,遷入,臺中市,0
110,3,26,平溪區,,,,無年齡維度,0.0,女,遷入,臺北市,4
110,3,26,平溪區,,,,無年齡維度,0.0,男,遷入,臺北市,0
110,3,26,平溪區,,,,無年齡維度,0.0,女,遷入,臺南市,0
110,3,26,平溪區,,,,無年齡維度,0.0,男,遷入,臺南市,0
110,3,26,平溪區,,,,無年齡維度,0.0,女,遷入,臺灣省,2
110,3,26,平溪區,,,,無年齡維度,0.0,男,遷入,臺灣省,0
110,3,26,平溪區,,,,無年齡維度,0.0,女,遷入,高雄市,1
110,3,26,平溪區,,,,無年齡維度,0.0,男,遷入,高雄市,0
110,3,26,平溪區,,,,無年齡維度,0.0,女,遷出,migrants,10
110,3,26,平溪區,,,,無年齡維度,0.0,男,遷出,migrants,7
110,3,26,平溪區,,,,無年齡維度,0.0,女,遷出,other,0
110,3,26,平溪區,,,,無年齡維度,0.0,男,遷出,other,0
110,3,26,平溪區,,,,無年齡維度,0.0,女,遷出,其他縣市,0
110,3,26,平溪區,,,,無年齡維度,0.0,男,遷出,其他縣市,0
110,3,26,平溪區,,,,無年齡維度,0.0,女,遷出,其他鄉鎮,8
110,3,26,平溪區,,,,無年齡維度,0.0,男,遷出,其他鄉鎮,8
110,3,26,平溪區,,,,無年齡維度,0.0,女,遷出,合計,17
110,3,26,平溪區,,,,無年齡維度,0.0,男,遷出,合計,19
110,3,26,平溪區,,,,無年齡維度,0.0,女,遷出,國外,0
110,3,26,平溪區,,,,無年齡維度,0.0,男,遷出,國外,1
110,3,26,平溪區,,,,無年齡維度,0.0,女,遷出,新北市內,0
110,3,26,平溪區,,,,無年齡維度,0.0,男,遷出,新北市內,0
110,3,26,平溪區,,,,無年齡維度,0.0,女,遷出,桃園市,3
110,3,26,平溪區,,,,無年齡維度,0.0,男,遷出,桃園市,0
110,3,26,平溪區,,,,無年齡維度,0.0,女,遷出,福建省,0
110,3,26,平溪區,,,,無年齡維度,0.0,男,遷出,福建省,0
110,3,26,平溪區,,,,無年齡維度,0.0,女,遷出,臺中市,0
110,3,26,平溪區,,,,無年齡維度,0.0,男,遷出,臺中市,2
110,3,26,平溪區,,,,無年齡維度,0.0,女,遷出,臺北市,2
110,3,26,平溪區,,,,無年齡維度,0.0,男,遷出,臺北市,4
110,3,26,平溪區,,,,無年齡維度,0.0,女,遷出,臺南市,0
110,3,26,平溪區,,,,無年齡維度,0.0,男,遷出,臺南市,0
110,3,26,平溪區,,,,無年齡維度,0.0,女,遷出,臺灣省,4
110,3,26,平溪區,,,,無年齡維度,0.0,男,遷出,臺灣省,4
110,3,26,平溪區,,,,無年齡維度,0.0,女,遷出,高雄市,0
110,3,26,平溪區,,,,無年齡維度,0.0,男,遷出,高雄市,0
110,3,27,雙溪區,,,,無年齡維度,0.0,女,遷入,migrants,24
110,3,27,雙溪區,,,,無年齡維度,0.0,男,遷入,migrants,16
110,3,27,雙溪區,,,,無年齡維度,0.0,女,遷入,other,0
110,3,27,雙溪區,,,,無年齡維度,0.0,男,遷入,other,0
110,3,27,雙溪區,,,,無年齡維度,0.0,女,遷入,其他縣市,0
110,3,27,雙溪區,,,,無年齡維度,0.0,男,遷入,其他縣市,0
110,3,27,雙溪區,,,,無年齡維度,0.0,女,遷入,其他鄉鎮,11
110,3,27,雙溪區,,,,無年齡維度,0.0,男,遷入,其他鄉鎮,16
110,3,27,雙溪區,,,,無年齡維度,0.0,女,遷入,合計,20
110,3,27,雙溪區,,,,無年齡維度,0.0,男,遷入,合計,25
110,3,27,雙溪區,,,,無年齡維度,0.0,女,遷入,國外,0
110,3,27,雙溪區,,,,無年齡維度,0.0,男,遷入,國外,0
110,3,27,雙溪區,,,,無年齡維度,0.0,女,遷入,新北市內,0
110,3,27,雙溪區,,,,無年齡維度,0.0,男,遷入,新北市內,0
110,3,27,雙溪區,,,,無年齡維度,0.0,女,遷入,桃園市,0
110,3,27,雙溪區,,,,無年齡維度,0.0,男,遷入,桃園市,0
110,3,27,雙溪區,,,,無年齡維度,0.0,女,遷入,福建省,0
110,3,27,雙溪區,,,,無年齡維度,0.0,男,遷入,福建省,1
110,3,27,雙溪區,,,,無年齡維度,0.0,女,遷入,臺中市,0
110,3,27,雙溪區,,,,無年齡維度,0.0,男,遷入,臺中市,3
110,3,27,雙溪區,,,,無年齡維度,0.0,女,遷入,臺北市,7
110,3,27,雙溪區,,,,無年齡維度,0.0,男,遷入,臺北市,2
110,3,27,雙溪區,,,,無年齡維度,0.0,女,遷入,臺南市,0
110,3,27,雙溪區,,,,無年齡維度,0.0,男,遷入,臺南市,0
110,3,27,雙溪區,,,,無年齡維度,0.0,女,遷入,臺灣省,2
110,3,27,雙溪區,,,,無年齡維度,0.0,男,遷入,臺灣省,3
110,3,27,雙溪區,,,,無年齡維度,0.0,女,遷入,高雄市,0
110,3,27,雙溪區,,,,無年齡維度,0.0,男,遷入,高雄市,0
110,3,27,雙溪區,,,,無年齡維度,0.0,女,遷出,migrants,24
110,3,27,雙溪區,,,,無年齡維度,0.0,男,遷出,migrants,16
110,3,27,雙溪區,,,,無年齡維度,0.0,女,遷出,other,0
110,3,27,雙溪區,,,,無年齡維度,0.0,男,遷出,other,0
110,3,27,雙溪區,,,,無年齡維度,0.0,女,遷出,其他縣市,0
110,3,27,雙溪區,,,,無年齡維度,0.0,男,遷出,其他縣市,0
110,3,27,雙溪區,,,,無年齡維度,0.0,女,遷出,其他鄉鎮,12
110,3,27,雙溪區,,,,無年齡維度,0.0,男,遷出,其他鄉鎮,13
110,3,27,雙溪區,,,,無年齡維度,0.0,女,遷出,合計,32
110,3,27,雙溪區,,,,無年齡維度,0.0,男,遷出,合計,37
110,3,27,雙溪區,,,,無年齡維度,0.0,女,遷出,國外,1
110,3,27,雙溪區,,,,無年齡維度,0.0,男,遷出,國外,3
110,3,27,雙溪區,,,,無年齡維度,0.0,女,遷出,新北市內,0
110,3,27,雙溪區,,,,無年齡維度,0.0,男,遷出,新北市內,0
110,3,27,雙溪區,,,,無年齡維度,0.0,女,遷出,桃園市,3
110,3,27,雙溪區,,,,無年齡維度,0.0,男,遷出,桃園市,4
110,3,27,雙溪區,,,,無年齡維度,0.0,女,遷出,福建省,0
110,3,27,雙溪區,,,,無年齡維度,0.0,男,遷出,福建省,0
110,3,27,雙溪區,,,,無年齡維度,0.0,女,遷出,臺中市,2
110,3,27,雙溪區,,,,無年齡維度,0.0,男,遷出,臺中市,1
110,3,27,雙溪區,,,,無年齡維度,0.0,女,遷出,臺北市,0
110,3,27,雙溪區,,,,無年齡維度,0.0,男,遷出,臺北市,6
110,3,27,雙溪區,,,,無年齡維度,0.0,女,遷出,臺南市,1
110,3,27,雙溪區,,,,無年齡維度,0.0,男,遷出,臺南市,0
110,3,27,雙溪區,,,,無年齡維度,0.0,女,遷出,臺灣省,12
110,3,27,雙溪區,,,,無年齡維度,0.0,男,遷出,臺灣省,8
110,3,27,雙溪區,,,,無年齡維度,0.0,女,遷出,高雄市,1
110,3,27,雙溪區,,,,無年齡維度,0.0,男,遷出,高雄市,2
110,3,28,貢寮區,,,,無年齡維度,0.0,女,遷入,migrants,26
110,3,28,貢寮區,,,,無年齡維度,0.0,男,遷入,migrants,19
110,3,28,貢寮區,,,,無年齡維度,0.0,女,遷入,other,0
110,3,28,貢寮區,,,,無年齡維度,0.0,男,遷入,other,0
110,3,28,貢寮區,,,,無年齡維度,0.0,女,遷入,其他縣市,0
110,3,28,貢寮區,,,,無年齡維度,0.0,男,遷入,其他縣市,0
110,3,28,貢寮區,,,,無年齡維度,0.0,女,遷入,其他鄉鎮,12
110,3,28,貢寮區,,,,無年齡維度,0.0,男,遷入,其他鄉鎮,9
110,3,28,貢寮區,,,,無年齡維度,0.0,女,遷入,合計,32
110,3,28,貢寮區,,,,無年齡維度,0.0,男,遷入,合計,28
110,3,28,貢寮區,,,,無年齡維度,0.0,女,遷入,國外,0
110,3,28,貢寮區,,,,無年齡維度,0.0,男,遷入,國外,0
110,3,28,貢寮區,,,,無年齡維度,0.0,女,遷入,新北市內,0
110,3,28,貢寮區,,,,無年齡維度,0.0,男,遷入,新北市內,0
110,3,28,貢寮區,,,,無年齡維度,0.0,女,遷入,桃園市,0
110,3,28,貢寮區,,,,無年齡維度,0.0,男,遷入,桃園市,1
110,3,28,貢寮區,,,,無年齡維度,0.0,女,遷入,福建省,0
110,3,28,貢寮區,,,,無年齡維度,0.0,男,遷入,福建省,0
110,3,28,貢寮區,,,,無年齡維度,0.0,女,遷入,臺中市,0
110,3,28,貢寮區,,,,無年齡維度,0.0,男,遷入,臺中市,1
110,3,28,貢寮區,,,,無年齡維度,0.0,女,遷入,臺北市,6
110,3,28,貢寮區,,,,無年齡維度,0.0,男,遷入,臺北市,2
110,3,28,貢寮區,,,,無年齡維度,0.0,女,遷入,臺南市,0
110,3,28,貢寮區,,,,無年齡維度,0.0,男,遷入,臺南市,0
110,3,28,貢寮區,,,,無年齡維度,0.0,女,遷入,臺灣省,14
110,3,28,貢寮區,,,,無年齡維度,0.0,男,遷入,臺灣省,15
110,3,28,貢寮區,,,,無年齡維度,0.0,女,遷入,高雄市,0
110,3,28,貢寮區,,,,無年齡維度,0.0,男,遷入,高雄市,0
110,3,28,貢寮區,,,,無年齡維度,0.0,女,遷出,migrants,26
110,3,28,貢寮區,,,,無年齡維度,0.0,男,遷出,migrants,19
110,3,28,貢寮區,,,,無年齡維度,0.0,女,遷出,other,0
110,3,28,貢寮區,,,,無年齡維度,0.0,男,遷出,other,0
110,3,28,貢寮區,,,,無年齡維度,0.0,女,遷出,其他縣市,0
110,3,28,貢寮區,,,,無年齡維度,0.0,男,遷出,其他縣市,0
110,3,28,貢寮區,,,,無年齡維度,0.0,女,遷出,其他鄉鎮,12
110,3,28,貢寮區,,,,無年齡維度,0.0,男,遷出,其他鄉鎮,16
110,3,28,貢寮區,,,,無年齡維度,0.0,女,遷出,合計,59
110,3,28,貢寮區,,,,無年齡維度,0.0,男,遷出,合計,43
110,3,28,貢寮區,,,,無年齡維度,0.0,女,遷出,國外,8
110,3,28,貢寮區,,,,無年齡維度,0.0,男,遷出,國外,3
110,3,28,貢寮區,,,,無年齡維度,0.0,女,遷出,新北市內,0
110,3,28,貢寮區,,,,無年齡維度,0.0,男,遷出,新北市內,0
110,3,28,貢寮區,,,,無年齡維度,0.0,女,遷出,桃園市,3
110,3,28,貢寮區,,,,無年齡維度,0.0,男,遷出,桃園市,1
110,3,28,貢寮區,,,,無年齡維度,0.0,女,遷出,福建省,0
110,3,28,貢寮區,,,,無年齡維度,0.0,男,遷出,福建省,0
110,3,28,貢寮區,,,,無年齡維度,0.0,女,遷出,臺中市,3
110,3,28,貢寮區,,,,無年齡維度,0.0,男,遷出,臺中市,0
110,3,28,貢寮區,,,,無年齡維度,0.0,女,遷出,臺北市,3
110,3,28,貢寮區,,,,無年齡維度,0.0,男,遷出,臺北市,2
110,3,28,貢寮區,,,,無年齡維度,0.0,女,遷出,臺南市,0
110,3,28,貢寮區,,,,無年齡維度,0.0,男,遷出,臺南市,0
110,3,28,貢寮區,,,,無年齡維度,0.0,女,遷出,臺灣省,29
110,3,28,貢寮區,,,,無年齡維度,0.0,男,遷出,臺灣省,21
110,3,28,貢寮區,,,,無年齡維度,0.0,女,遷出,高雄市,1
110,3,28,貢寮區,,,,無年齡維度,0.0,男,遷出,高雄市,0
110,3,29,烏來區,,,,無年齡維度,0.0,女,遷入,migrants,13
110,3,29,烏來區,,,,無年齡維度,0.0,男,遷入,migrants,11
110,3,29,烏來區,,,,無年齡維度,0.0,女,遷入,other,0
110,3,29,烏來區,,,,無年齡維度,0.0,男,遷入,other,0
110,3,29,烏來區,,,,無年齡維度,0.0,女,遷入,其他縣市,0
110,3,29,烏來區,,,,無年齡維度,0.0,男,遷入,其他縣市,0
110,3,29,烏來區,,,,無年齡維度,0.0,女,遷入,其他鄉鎮,10
110,3,29,烏來區,,,,無年齡維度,0.0,男,遷入,其他鄉鎮,5
110,3,29,烏來區,,,,無年齡維度,0.0,女,遷入,合計,14
110,3,29,烏來區,,,,無年齡維度,0.0,男,遷入,合計,9
110,3,29,烏來區,,,,無年齡維度,0.0,女,遷入,國外,0
110,3,29,烏來區,,,,無年齡維度,0.0,男,遷入,國外,1
110,3,29,烏來區,,,,無年齡維度,0.0,女,遷入,新北市內,0
110,3,29,烏來區,,,,無年齡維度,0.0,男,遷入,新北市內,0
110,3,29,烏來區,,,,無年齡維度,0.0,女,遷入,桃園市,0
110,3,29,烏來區,,,,無年齡維度,0.0,男,遷入,桃園市,0
110,3,29,烏來區,,,,無年齡維度,0.0,女,遷入,福建省,0
110,3,29,烏來區,,,,無年齡維度,0.0,男,遷入,福建省,0
110,3,29,烏來區,,,,無年齡維度,0.0,女,遷入,臺中市,0
110,3,29,烏來區,,,,無年齡維度,0.0,男,遷入,臺中市,0
110,3,29,烏來區,,,,無年齡維度,0.0,女,遷入,臺北市,3
110,3,29,烏來區,,,,無年齡維度,0.0,男,遷入,臺北市,1
110,3,29,烏來區,,,,無年齡維度,0.0,女,遷入,臺南市,0
110,3,29,烏來區,,,,無年齡維度,0.0,男,遷入,臺南市,1
110,3,29,烏來區,,,,無年齡維度,0.0,女,遷入,臺灣省,1
110,3,29,烏來區,,,,無年齡維度,0.0,男,遷入,臺灣省,1
110,3,29,烏來區,,,,無年齡維度,0.0,女,遷入,高雄市,0
110,3,29,烏來區,,,,無年齡維度,0.0,男,遷入,高雄市,0
110,3,29,烏來區,,,,無年齡維度,0.0,女,遷出,migrants,13
110,3,29,烏來區,,,,無年齡維度,0.0,男,遷出,migrants,11
110,3,29,烏來區,,,,無年齡維度,0.0,女,遷出,other,0
110,3,29,烏來區,,,,無年齡維度,0.0,男,遷出,other,0
110,3,29,烏來區,,,,無年齡維度,0.0,女,遷出,其他縣市,0
110,3,29,烏來區,,,,無年齡維度,0.0,男,遷出,其他縣市,0
110,3,29,烏來區,,,,無年齡維度,0.0,女,遷出,其他鄉鎮,28
110,3,29,烏來區,,,,無年齡維度,0.0,男,遷出,其他鄉鎮,13
110,3,29,烏來區,,,,無年齡維度,0.0,女,遷出,合計,36
110,3,29,烏來區,,,,無年齡維度,0.0,男,遷出,合計,19
110,3,29,烏來區,,,,無年齡維度,0.0,女,遷出,國外,0
110,3,29,烏來區,,,,無年齡維度,0.0,男,遷出,國外,1
110,3,29,烏來區,,,,無年齡維度,0.0,女,遷出,新北市內,0
110,3,29,烏來區,,,,無年齡維度,0.0,男,遷出,新北市內,0
110,3,29,烏來區,,,,無年齡維度,0.0,女,遷出,桃園市,0
110,3,29,烏來區,,,,無年齡維度,0.0,男,遷出,桃園市,0
110,3,29,烏來區,,,,無年齡維度,0.0,女,遷出,福建省,0
110,3,29,烏來區,,,,無年齡維度,0.0,男,遷出,福建省,0
110,3,29,烏來區,,,,無年齡維度,0.0,女,遷出,臺中市,1
110,3,29,烏來區,,,,無年齡維度,0.0,男,遷出,臺中市,0
110,3,29,烏來區,,,,無年齡維度,0.0,女,遷出,臺北市,5
110,3,29,烏來區,,,,無年齡維度,0.0,男,遷出,臺北市,1
110,3,29,烏來區,,,,無年齡維度,0.0,女,遷出,臺南市,0
110,3,29,烏來區,,,,無年齡維度,0.0,男,遷出,臺南市,0
110,3,29,烏來區,,,,無年齡維度,0.0,女,遷出,臺灣省,2
110,3,29,烏來區,,,,無年齡維度,0.0,男,遷出,臺灣省,4
110,3,29,烏來區,,,,無年齡維度,0.0,女,遷出,高雄市,0
110,3,29,烏來區,,,,無年齡維度,0.0,男,遷出,高雄市,0
110,4,1,板橋區,,,,無年齡維度,0.0,女,遷入,migrants,741
110,4,1,板橋區,,,,無年齡維度,0.0,男,遷入,migrants,698
110,4,1,板橋區,,,,無年齡維度,0.0,女,遷入,other,0
110,4,1,板橋區,,,,無年齡維度,0.0,男,遷入,other,0
110,4,1,板橋區,,,,無年齡維度,0.0,女,遷入,其他縣市,0
110,4,1,板橋區,,,,無年齡維度,0.0,男,遷入,其他縣市,0
110,4,1,板橋區,,,,無年齡維度,0.0,女,遷入,其他鄉鎮,373
110,4,1,板橋區,,,,無年齡維度,0.0,男,遷入,其他鄉鎮,297
110,4,1,板橋區,,,,無年齡維度,0.0,女,遷入,合計,980
110,4,1,板橋區,,,,無年齡維度,0.0,男,遷入,合計,822
110,4,1,板橋區,,,,無年齡維度,0.0,女,遷入,國外,10
110,4,1,板橋區,,,,無年齡維度,0.0,男,遷入,國外,11
110,4,1,板橋區,,,,無年齡維度,0.0,女,遷入,新北市內,0
110,4,1,板橋區,,,,無年齡維度,0.0,男,遷入,新北市內,0
110,4,1,板橋區,,,,無年齡維度,0.0,女,遷入,桃園市,77
110,4,1,板橋區,,,,無年齡維度,0.0,男,遷入,桃園市,68
110,4,1,板橋區,,,,無年齡維度,0.0,女,遷入,福建省,9
110,4,1,板橋區,,,,無年齡維度,0.0,男,遷入,福建省,11
110,4,1,板橋區,,,,無年齡維度,0.0,女,遷入,臺中市,26
110,4,1,板橋區,,,,無年齡維度,0.0,男,遷入,臺中市,19
110,4,1,板橋區,,,,無年齡維度,0.0,女,遷入,臺北市,324
110,4,1,板橋區,,,,無年齡維度,0.0,男,遷入,臺北市,285
110,4,1,板橋區,,,,無年齡維度,0.0,女,遷入,臺南市,13
110,4,1,板橋區,,,,無年齡維度,0.0,男,遷入,臺南市,12
110,4,1,板橋區,,,,無年齡維度,0.0,女,遷入,臺灣省,111
110,4,1,板橋區,,,,無年齡維度,0.0,男,遷入,臺灣省,94
110,4,1,板橋區,,,,無年齡維度,0.0,女,遷入,高雄市,23
110,4,1,板橋區,,,,無年齡維度,0.0,男,遷入,高雄市,20
110,4,1,板橋區,,,,無年齡維度,0.0,女,遷出,migrants,741
110,4,1,板橋區,,,,無年齡維度,0.0,男,遷出,migrants,698
110,4,1,板橋區,,,,無年齡維度,0.0,女,遷出,other,0
110,4,1,板橋區,,,,無年齡維度,0.0,男,遷出,other,0
110,4,1,板橋區,,,,無年齡維度,0.0,女,遷出,其他縣市,0
110,4,1,板橋區,,,,無年齡維度,0.0,男,遷出,其他縣市,0
110,4,1,板橋區,,,,無年齡維度,0.0,女,遷出,其他鄉鎮,399
110,4,1,板橋區,,,,無年齡維度,0.0,男,遷出,其他鄉鎮,352
110,4,1,板橋區,,,,無年齡維度,0.0,女,遷出,合計,1051
110,4,1,板橋區,,,,無年齡維度,0.0,男,遷出,合計,909
110,4,1,板橋區,,,,無年齡維度,0.0,女,遷出,國外,164
110,4,1,板橋區,,,,無年齡維度,0.0,男,遷出,國外,121
110,4,1,板橋區,,,,無年齡維度,0.0,女,遷出,新北市內,0
110,4,1,板橋區,,,,無年齡維度,0.0,男,遷出,新北市內,0
110,4,1,板橋區,,,,無年齡維度,0.0,女,遷出,桃園市,130
110,4,1,板橋區,,,,無年齡維度,0.0,男,遷出,桃園市,103
110,4,1,板橋區,,,,無年齡維度,0.0,女,遷出,福建省,8
110,4,1,板橋區,,,,無年齡維度,0.0,男,遷出,福建省,8
110,4,1,板橋區,,,,無年齡維度,0.0,女,遷出,臺中市,30
110,4,1,板橋區,,,,無年齡維度,0.0,男,遷出,臺中市,36
110,4,1,板橋區,,,,無年齡維度,0.0,女,遷出,臺北市,137
110,4,1,板橋區,,,,無年齡維度,0.0,男,遷出,臺北市,123
110,4,1,板橋區,,,,無年齡維度,0.0,女,遷出,臺南市,14
110,4,1,板橋區,,,,無年齡維度,0.0,男,遷出,臺南市,14
110,4,1,板橋區,,,,無年齡維度,0.0,女,遷出,臺灣省,146
110,4,1,板橋區,,,,無年齡維度,0.0,男,遷出,臺灣省,130
110,4,1,板橋區,,,,無年齡維度,0.0,女,遷出,高雄市,22
110,4,1,板橋區,,,,無年齡維度,0.0,男,遷出,高雄市,22
110,4,2,三重區,,,,無年齡維度,0.0,女,遷入,migrants,543
110,4,2,三重區,,,,無年齡維度,0.0,男,遷入,migrants,444
110,4,2,三重區,,,,無年齡維度,0.0,女,遷入,other,0
110,4,2,三重區,,,,無年齡維度,0.0,男,遷入,other,0
110,4,2,三重區,,,,無年齡維度,0.0,女,遷入,其他縣市,0
110,4,2,三重區,,,,無年齡維度,0.0,男,遷入,其他縣市,0
110,4,2,三重區,,,,無年齡維度,0.0,女,遷入,其他鄉鎮,186
110,4,2,三重區,,,,無年齡維度,0.0,男,遷入,其他鄉鎮,169
110,4,2,三重區,,,,無年齡維度,0.0,女,遷入,合計,586
110,4,2,三重區,,,,無年齡維度,0.0,男,遷入,合計,534
110,4,2,三重區,,,,無年齡維度,0.0,女,遷入,國外,13
110,4,2,三重區,,,,無年齡維度,0.0,男,遷入,國外,13
110,4,2,三重區,,,,無年齡維度,0.0,女,遷入,新北市內,0
110,4,2,三重區,,,,無年齡維度,0.0,男,遷入,新北市內,0
110,4,2,三重區,,,,無年齡維度,0.0,女,遷入,桃園市,43
110,4,2,三重區,,,,無年齡維度,0.0,男,遷入,桃園市,47
110,4,2,三重區,,,,無年齡維度,0.0,女,遷入,福建省,2
110,4,2,三重區,,,,無年齡維度,0.0,男,遷入,福建省,3
110,4,2,三重區,,,,無年齡維度,0.0,女,遷入,臺中市,21
110,4,2,三重區,,,,無年齡維度,0.0,男,遷入,臺中市,15
110,4,2,三重區,,,,無年齡維度,0.0,女,遷入,臺北市,220
110,4,2,三重區,,,,無年齡維度,0.0,男,遷入,臺北市,210
110,4,2,三重區,,,,無年齡維度,0.0,女,遷入,臺南市,5
110,4,2,三重區,,,,無年齡維度,0.0,男,遷入,臺南市,6
110,4,2,三重區,,,,無年齡維度,0.0,女,遷入,臺灣省,70
110,4,2,三重區,,,,無年齡維度,0.0,男,遷入,臺灣省,60
110,4,2,三重區,,,,無年齡維度,0.0,女,遷入,高雄市,10
110,4,2,三重區,,,,無年齡維度,0.0,男,遷入,高雄市,7
110,4,2,三重區,,,,無年齡維度,0.0,女,遷出,migrants,543
110,4,2,三重區,,,,無年齡維度,0.0,男,遷出,migrants,444
110,4,2,三重區,,,,無年齡維度,0.0,女,遷出,other,0
110,4,2,三重區,,,,無年齡維度,0.0,男,遷出,other,0
110,4,2,三重區,,,,無年齡維度,0.0,女,遷出,其他縣市,0
110,4,2,三重區,,,,無年齡維度,0.0,男,遷出,其他縣市,0
110,4,2,三重區,,,,無年齡維度,0.0,女,遷出,其他鄉鎮,278
110,4,2,三重區,,,,無年齡維度,0.0,男,遷出,其他鄉鎮,199
110,4,2,三重區,,,,無年齡維度,0.0,女,遷出,合計,737
110,4,2,三重區,,,,無年齡維度,0.0,男,遷出,合計,598
110,4,2,三重區,,,,無年齡維度,0.0,女,遷出,國外,108
110,4,2,三重區,,,,無年齡維度,0.0,男,遷出,國外,80
110,4,2,三重區,,,,無年齡維度,0.0,女,遷出,新北市內,0
110,4,2,三重區,,,,無年齡維度,0.0,男,遷出,新北市內,0
110,4,2,三重區,,,,無年齡維度,0.0,女,遷出,桃園市,51
110,4,2,三重區,,,,無年齡維度,0.0,男,遷出,桃園市,48
110,4,2,三重區,,,,無年齡維度,0.0,女,遷出,福建省,3
110,4,2,三重區,,,,無年齡維度,0.0,男,遷出,福建省,5
110,4,2,三重區,,,,無年齡維度,0.0,女,遷出,臺中市,22
110,4,2,三重區,,,,無年齡維度,0.0,男,遷出,臺中市,19
110,4,2,三重區,,,,無年齡維度,0.0,女,遷出,臺北市,181
110,4,2,三重區,,,,無年齡維度,0.0,男,遷出,臺北市,146
110,4,2,三重區,,,,無年齡維度,0.0,女,遷出,臺南市,20
110,4,2,三重區,,,,無年齡維度,0.0,男,遷出,臺南市,12
110,4,2,三重區,,,,無年齡維度,0.0,女,遷出,臺灣省,62
110,4,2,三重區,,,,無年齡維度,0.0,男,遷出,臺灣省,73
110,4,2,三重區,,,,無年齡維度,0.0,女,遷出,高雄市,11
110,4,2,三重區,,,,無年齡維度,0.0,男,遷出,高雄市,15
110,4,3,中和區,,,,無年齡維度,0.0,女,遷入,migrants,460
110,4,3,中和區,,,,無年齡維度,0.0,男,遷入,migrants,390
110,4,3,中和區,,,,無年齡維度,0.0,女,遷入,other,0
110,4,3,中和區,,,,無年齡維度,0.0,男,遷入,other,0
110,4,3,中和區,,,,無年齡維度,0.0,女,遷入,其他縣市,0
110,4,3,中和區,,,,無年齡維度,0.0,男,遷入,其他縣市,0
110,4,3,中和區,,,,無年齡維度,0.0,女,遷入,其他鄉鎮,390
110,4,3,中和區,,,,無年齡維度,0.0,男,遷入,其他鄉鎮,282
110,4,3,中和區,,,,無年齡維度,0.0,女,遷入,合計,853
110,4,3,中和區,,,,無年齡維度,0.0,男,遷入,合計,686
110,4,3,中和區,,,,無年齡維度,0.0,女,遷入,國外,19
110,4,3,中和區,,,,無年齡維度,0.0,男,遷入,國外,18
110,4,3,中和區,,,,無年齡維度,0.0,女,遷入,新北市內,0
110,4,3,中和區,,,,無年齡維度,0.0,男,遷入,新北市內,0
110,4,3,中和區,,,,無年齡維度,0.0,女,遷入,桃園市,60
110,4,3,中和區,,,,無年齡維度,0.0,男,遷入,桃園市,52
110,4,3,中和區,,,,無年齡維度,0.0,女,遷入,福建省,9
110,4,3,中和區,,,,無年齡維度,0.0,男,遷入,福建省,15
110,4,3,中和區,,,,無年齡維度,0.0,女,遷入,臺中市,28
110,4,3,中和區,,,,無年齡維度,0.0,男,遷入,臺中市,16
110,4,3,中和區,,,,無年齡維度,0.0,女,遷入,臺北市,219
110,4,3,中和區,,,,無年齡維度,0.0,男,遷入,臺北市,197
110,4,3,中和區,,,,無年齡維度,0.0,女,遷入,臺南市,12
110,4,3,中和區,,,,無年齡維度,0.0,男,遷入,臺南市,15
110,4,3,中和區,,,,無年齡維度,0.0,女,遷入,臺灣省,83
110,4,3,中和區,,,,無年齡維度,0.0,男,遷入,臺灣省,73
110,4,3,中和區,,,,無年齡維度,0.0,女,遷入,高雄市,21
110,4,3,中和區,,,,無年齡維度,0.0,男,遷入,高雄市,13
110,4,3,中和區,,,,無年齡維度,0.0,女,遷出,migrants,460
110,4,3,中和區,,,,無年齡維度,0.0,男,遷出,migrants,390
110,4,3,中和區,,,,無年齡維度,0.0,女,遷出,other,0
110,4,3,中和區,,,,無年齡維度,0.0,男,遷出,other,0
110,4,3,中和區,,,,無年齡維度,0.0,女,遷出,其他縣市,0
110,4,3,中和區,,,,無年齡維度,0.0,男,遷出,其他縣市,0
110,4,3,中和區,,,,無年齡維度,0.0,女,遷出,其他鄉鎮,376
110,4,3,中和區,,,,無年齡維度,0.0,男,遷出,其他鄉鎮,353
110,4,3,中和區,,,,無年齡維度,0.0,女,遷出,合計,885
110,4,3,中和區,,,,無年齡維度,0.0,男,遷出,合計,836
110,4,3,中和區,,,,無年齡維度,0.0,女,遷出,國外,184
110,4,3,中和區,,,,無年齡維度,0.0,男,遷出,國外,155
110,4,3,中和區,,,,無年齡維度,0.0,女,遷出,新北市內,0
110,4,3,中和區,,,,無年齡維度,0.0,男,遷出,新北市內,0
110,4,3,中和區,,,,無年齡維度,0.0,女,遷出,桃園市,71
110,4,3,中和區,,,,無年齡維度,0.0,男,遷出,桃園市,73
110,4,3,中和區,,,,無年齡維度,0.0,女,遷出,福建省,5
110,4,3,中和區,,,,無年齡維度,0.0,男,遷出,福建省,7
110,4,3,中和區,,,,無年齡維度,0.0,女,遷出,臺中市,13
110,4,3,中和區,,,,無年齡維度,0.0,男,遷出,臺中市,20
110,4,3,中和區,,,,無年齡維度,0.0,女,遷出,臺北市,103
110,4,3,中和區,,,,無年齡維度,0.0,男,遷出,臺北市,118
110,4,3,中和區,,,,無年齡維度,0.0,女,遷出,臺南市,10
110,4,3,中和區,,,,無年齡維度,0.0,男,遷出,臺南市,7
110,4,3,中和區,,,,無年齡維度,0.0,女,遷出,臺灣省,100
110,4,3,中和區,,,,無年齡維度,0.0,男,遷出,臺灣省,89
110,4,3,中和區,,,,無年齡維度,0.0,女,遷出,高雄市,20
110,4,3,中和區,,,,無年齡維度,0.0,男,遷出,高雄市,13
110,4,4,永和區,,,,無年齡維度,0.0,女,遷入,migrants,226
110,4,4,永和區,,,,無年齡維度,0.0,男,遷入,migrants,190
110,4,4,永和區,,,,無年齡維度,0.0,女,遷入,other,0
110,4,4,永和區,,,,無年齡維度,0.0,男,遷入,other,0
110,4,4,永和區,,,,無年齡維度,0.0,女,遷入,其他縣市,0
110,4,4,永和區,,,,無年齡維度,0.0,男,遷入,其他縣市,0
110,4,4,永和區,,,,無年齡維度,0.0,女,遷入,其他鄉鎮,206
110,4,4,永和區,,,,無年齡維度,0.0,男,遷入,其他鄉鎮,187
110,4,4,永和區,,,,無年齡維度,0.0,女,遷入,合計,456
110,4,4,永和區,,,,無年齡維度,0.0,男,遷入,合計,394
110,4,4,永和區,,,,無年齡維度,0.0,女,遷入,國外,17
110,4,4,永和區,,,,無年齡維度,0.0,男,遷入,國外,7
110,4,4,永和區,,,,無年齡維度,0.0,女,遷入,新北市內,0
110,4,4,永和區,,,,無年齡維度,0.0,男,遷入,新北市內,0
110,4,4,永和區,,,,無年齡維度,0.0,女,遷入,桃園市,14
110,4,4,永和區,,,,無年齡維度,0.0,男,遷入,桃園市,15
110,4,4,永和區,,,,無年齡維度,0.0,女,遷入,福建省,3
110,4,4,永和區,,,,無年齡維度,0.0,男,遷入,福建省,4
110,4,4,永和區,,,,無年齡維度,0.0,女,遷入,臺中市,15
110,4,4,永和區,,,,無年齡維度,0.0,男,遷入,臺中市,12
110,4,4,永和區,,,,無年齡維度,0.0,女,遷入,臺北市,126
110,4,4,永和區,,,,無年齡維度,0.0,男,遷入,臺北市,123
110,4,4,永和區,,,,無年齡維度,0.0,女,遷入,臺南市,2
110,4,4,永和區,,,,無年齡維度,0.0,男,遷入,臺南市,0
110,4,4,永和區,,,,無年齡維度,0.0,女,遷入,臺灣省,57
110,4,4,永和區,,,,無年齡維度,0.0,男,遷入,臺灣省,33
110,4,4,永和區,,,,無年齡維度,0.0,女,遷入,高雄市,12
110,4,4,永和區,,,,無年齡維度,0.0,男,遷入,高雄市,8
110,4,4,永和區,,,,無年齡維度,0.0,女,遷出,migrants,226
110,4,4,永和區,,,,無年齡維度,0.0,男,遷出,migrants,190
110,4,4,永和區,,,,無年齡維度,0.0,女,遷出,other,0
110,4,4,永和區,,,,無年齡維度,0.0,男,遷出,other,0
110,4,4,永和區,,,,無年齡維度,0.0,女,遷出,其他縣市,0
110,4,4,永和區,,,,無年齡維度,0.0,男,遷出,其他縣市,0
110,4,4,永和區,,,,無年齡維度,0.0,女,遷出,其他鄉鎮,208
110,4,4,永和區,,,,無年齡維度,0.0,男,遷出,其他鄉鎮,151
110,4,4,永和區,,,,無年齡維度,0.0,女,遷出,合計,509
110,4,4,永和區,,,,無年齡維度,0.0,男,遷出,合計,392
110,4,4,永和區,,,,無年齡維度,0.0,女,遷出,國外,115
110,4,4,永和區,,,,無年齡維度,0.0,男,遷出,國外,87
110,4,4,永和區,,,,無年齡維度,0.0,女,遷出,新北市內,0
110,4,4,永和區,,,,無年齡維度,0.0,男,遷出,新北市內,0
110,4,4,永和區,,,,無年齡維度,0.0,女,遷出,桃園市,32
110,4,4,永和區,,,,無年齡維度,0.0,男,遷出,桃園市,17
110,4,4,永和區,,,,無年齡維度,0.0,女,遷出,福建省,5
110,4,4,永和區,,,,無年齡維度,0.0,男,遷出,福建省,4
110,4,4,永和區,,,,無年齡維度,0.0,女,遷出,臺中市,8
110,4,4,永和區,,,,無年齡維度,0.0,男,遷出,臺中市,10
110,4,4,永和區,,,,無年齡維度,0.0,女,遷出,臺北市,88
110,4,4,永和區,,,,無年齡維度,0.0,男,遷出,臺北市,70
110,4,4,永和區,,,,無年齡維度,0.0,女,遷出,臺南市,4
110,4,4,永和區,,,,無年齡維度,0.0,男,遷出,臺南市,3
110,4,4,永和區,,,,無年齡維度,0.0,女,遷出,臺灣省,41
110,4,4,永和區,,,,無年齡維度,0.0,男,遷出,臺灣省,39
110,4,4,永和區,,,,無年齡維度,0.0,女,遷出,高雄市,8
110,4,4,永和區,,,,無年齡維度,0.0,男,遷出,高雄市,11
110,4,5,新莊區,,,,無年齡維度,0.0,女,遷入,migrants,601
110,4,5,新莊區,,,,無年齡維度,0.0,男,遷入,migrants,522
110,4,5,新莊區,,,,無年齡維度,0.0,女,遷入,other,0
110,4,5,新莊區,,,,無年齡維度,0.0,男,遷入,other,0
110,4,5,新莊區,,,,無年齡維度,0.0,女,遷入,其他縣市,0
110,4,5,新莊區,,,,無年齡維度,0.0,男,遷入,其他縣市,0
110,4,5,新莊區,,,,無年齡維度,0.0,女,遷入,其他鄉鎮,320
110,4,5,新莊區,,,,無年齡維度,0.0,男,遷入,其他鄉鎮,260
110,4,5,新莊區,,,,無年齡維度,0.0,女,遷入,合計,783
110,4,5,新莊區,,,,無年齡維度,0.0,男,遷入,合計,660
110,4,5,新莊區,,,,無年齡維度,0.0,女,遷入,國外,7
110,4,5,新莊區,,,,無年齡維度,0.0,男,遷入,國外,4
110,4,5,新莊區,,,,無年齡維度,0.0,女,遷入,新北市內,0
110,4,5,新莊區,,,,無年齡維度,0.0,男,遷入,新北市內,0
110,4,5,新莊區,,,,無年齡維度,0.0,女,遷入,桃園市,77
110,4,5,新莊區,,,,無年齡維度,0.0,男,遷入,桃園市,72
110,4,5,新莊區,,,,無年齡維度,0.0,女,遷入,福建省,7
110,4,5,新莊區,,,,無年齡維度,0.0,男,遷入,福建省,6
110,4,5,新莊區,,,,無年齡維度,0.0,女,遷入,臺中市,21
110,4,5,新莊區,,,,無年齡維度,0.0,男,遷入,臺中市,23
110,4,5,新莊區,,,,無年齡維度,0.0,女,遷入,臺北市,208
110,4,5,新莊區,,,,無年齡維度,0.0,男,遷入,臺北市,183
110,4,5,新莊區,,,,無年齡維度,0.0,女,遷入,臺南市,9
110,4,5,新莊區,,,,無年齡維度,0.0,男,遷入,臺南市,11
110,4,5,新莊區,,,,無年齡維度,0.0,女,遷入,臺灣省,110
110,4,5,新莊區,,,,無年齡維度,0.0,男,遷入,臺灣省,78
110,4,5,新莊區,,,,無年齡維度,0.0,女,遷入,高雄市,16
110,4,5,新莊區,,,,無年齡維度,0.0,男,遷入,高雄市,16
110,4,5,新莊區,,,,無年齡維度,0.0,女,遷出,migrants,601
110,4,5,新莊區,,,,無年齡維度,0.0,男,遷出,migrants,522
110,4,5,新莊區,,,,無年齡維度,0.0,女,遷出,other,0
110,4,5,新莊區,,,,無年齡維度,0.0,男,遷出,other,0
110,4,5,新莊區,,,,無年齡維度,0.0,女,遷出,其他縣市,0
110,4,5,新莊區,,,,無年齡維度,0.0,男,遷出,其他縣市,0
110,4,5,新莊區,,,,無年齡維度,0.0,女,遷出,其他鄉鎮,307
110,4,5,新莊區,,,,無年齡維度,0.0,男,遷出,其他鄉鎮,221
110,4,5,新莊區,,,,無年齡維度,0.0,女,遷出,合計,831
110,4,5,新莊區,,,,無年齡維度,0.0,男,遷出,合計,620
110,4,5,新莊區,,,,無年齡維度,0.0,女,遷出,國外,120
110,4,5,新莊區,,,,無年齡維度,0.0,男,遷出,國外,85
110,4,5,新莊區,,,,無年齡維度,0.0,女,遷出,新北市內,0
110,4,5,新莊區,,,,無年齡維度,0.0,男,遷出,新北市內,0
110,4,5,新莊區,,,,無年齡維度,0.0,女,遷出,桃園市,133
110,4,5,新莊區,,,,無年齡維度,0.0,男,遷出,桃園市,102
110,4,5,新莊區,,,,無年齡維度,0.0,女,遷出,福建省,5
110,4,5,新莊區,,,,無年齡維度,0.0,男,遷出,福建省,4
110,4,5,新莊區,,,,無年齡維度,0.0,女,遷出,臺中市,20
110,4,5,新莊區,,,,無年齡維度,0.0,男,遷出,臺中市,17
110,4,5,新莊區,,,,無年齡維度,0.0,女,遷出,臺北市,95
110,4,5,新莊區,,,,無年齡維度,0.0,男,遷出,臺北市,61
110,4,5,新莊區,,,,無年齡維度,0.0,女,遷出,臺南市,25
110,4,5,新莊區,,,,無年齡維度,0.0,男,遷出,臺南市,23
110,4,5,新莊區,,,,無年齡維度,0.0,女,遷出,臺灣省,107
110,4,5,新莊區,,,,無年齡維度,0.0,男,遷出,臺灣省,93
110,4,5,新莊區,,,,無年齡維度,0.0,女,遷出,高雄市,19
110,4,5,新莊區,,,,無年齡維度,0.0,男,遷出,高雄市,14
110,4,6,新店區,,,,無年齡維度,0.0,女,遷入,migrants,387
110,4,6,新店區,,,,無年齡維度,0.0,男,遷入,migrants,327
110,4,6,新店區,,,,無年齡維度,0.0,女,遷入,other,0
110,4,6,新店區,,,,無年齡維度,0.0,男,遷入,other,0
110,4,6,新店區,,,,無年齡維度,0.0,女,遷入,其他縣市,0
110,4,6,新店區,,,,無年齡維度,0.0,男,遷入,其他縣市,0
110,4,6,新店區,,,,無年齡維度,0.0,女,遷入,其他鄉鎮,170
110,4,6,新店區,,,,無年齡維度,0.0,男,遷入,其他鄉鎮,129
110,4,6,新店區,,,,無年齡維度,0.0,女,遷入,合計,567
110,4,6,新店區,,,,無年齡維度,0.0,男,遷入,合計,495
110,4,6,新店區,,,,無年齡維度,0.0,女,遷入,國外,15
110,4,6,新店區,,,,無年齡維度,0.0,男,遷入,國外,22
110,4,6,新店區,,,,無年齡維度,0.0,女,遷入,新北市內,0
110,4,6,新店區,,,,無年齡維度,0.0,男,遷入,新北市內,0
110,4,6,新店區,,,,無年齡維度,0.0,女,遷入,桃園市,36
110,4,6,新店區,,,,無年齡維度,0.0,男,遷入,桃園市,28
110,4,6,新店區,,,,無年齡維度,0.0,女,遷入,福建省,2
110,4,6,新店區,,,,無年齡維度,0.0,男,遷入,福建省,4
110,4,6,新店區,,,,無年齡維度,0.0,女,遷入,臺中市,14
110,4,6,新店區,,,,無年齡維度,0.0,男,遷入,臺中市,15
110,4,6,新店區,,,,無年齡維度,0.0,女,遷入,臺北市,249
110,4,6,新店區,,,,無年齡維度,0.0,男,遷入,臺北市,234
110,4,6,新店區,,,,無年齡維度,0.0,女,遷入,臺南市,7
110,4,6,新店區,,,,無年齡維度,0.0,男,遷入,臺南市,6
110,4,6,新店區,,,,無年齡維度,0.0,女,遷入,臺灣省,50
110,4,6,新店區,,,,無年齡維度,0.0,男,遷入,臺灣省,43
110,4,6,新店區,,,,無年齡維度,0.0,女,遷入,高雄市,14
110,4,6,新店區,,,,無年齡維度,0.0,男,遷入,高雄市,9
110,4,6,新店區,,,,無年齡維度,0.0,女,遷出,migrants,387
110,4,6,新店區,,,,無年齡維度,0.0,男,遷出,migrants,327
110,4,6,新店區,,,,無年齡維度,0.0,女,遷出,other,0
110,4,6,新店區,,,,無年齡維度,0.0,男,遷出,other,0
110,4,6,新店區,,,,無年齡維度,0.0,女,遷出,其他縣市,0
110,4,6,新店區,,,,無年齡維度,0.0,男,遷出,其他縣市,0
110,4,6,新店區,,,,無年齡維度,0.0,女,遷出,其他鄉鎮,159
110,4,6,新店區,,,,無年齡維度,0.0,男,遷出,其他鄉鎮,144
110,4,6,新店區,,,,無年齡維度,0.0,女,遷出,合計,717
110,4,6,新店區,,,,無年齡維度,0.0,男,遷出,合計,580
110,4,6,新店區,,,,無年齡維度,0.0,女,遷出,國外,182
110,4,6,新店區,,,,無年齡維度,0.0,男,遷出,國外,122
110,4,6,新店區,,,,無年齡維度,0.0,女,遷出,新北市內,0
110,4,6,新店區,,,,無年齡維度,0.0,男,遷出,新北市內,0
110,4,6,新店區,,,,無年齡維度,0.0,女,遷出,桃園市,56
110,4,6,新店區,,,,無年齡維度,0.0,男,遷出,桃園市,45
110,4,6,新店區,,,,無年齡維度,0.0,女,遷出,福建省,4
110,4,6,新店區,,,,無年齡維度,0.0,男,遷出,福建省,3
110,4,6,新店區,,,,無年齡維度,0.0,女,遷出,臺中市,21
110,4,6,新店區,,,,無年齡維度,0.0,男,遷出,臺中市,14
110,4,6,新店區,,,,無年齡維度,0.0,女,遷出,臺北市,221
110,4,6,新店區,,,,無年齡維度,0.0,男,遷出,臺北市,179
110,4,6,新店區,,,,無年齡維度,0.0,女,遷出,臺南市,10
110,4,6,新店區,,,,無年齡維度,0.0,男,遷出,臺南市,7
110,4,6,新店區,,,,無年齡維度,0.0,女,遷出,臺灣省,49
110,4,6,新店區,,,,無年齡維度,0.0,男,遷出,臺灣省,56
110,4,6,新店區,,,,無年齡維度,0.0,女,遷出,高雄市,15
110,4,6,新店區,,,,無年齡維度,0.0,男,遷出,高雄市,9
110,4,7,土城區,,,,無年齡維度,0.0,女,遷入,migrants,192
110,4,7,土城區,,,,無年齡維度,0.0,男,遷入,migrants,198
110,4,7,土城區,,,,無年齡維度,0.0,女,遷入,other,0
110,4,7,土城區,,,,無年齡維度,0.0,男,遷入,other,0
110,4,7,土城區,,,,無年齡維度,0.0,女,遷入,其他縣市,0
110,4,7,土城區,,,,無年齡維度,0.0,男,遷入,其他縣市,0
110,4,7,土城區,,,,無年齡維度,0.0,女,遷入,其他鄉鎮,193
110,4,7,土城區,,,,無年齡維度,0.0,男,遷入,其他鄉鎮,146
110,4,7,土城區,,,,無年齡維度,0.0,女,遷入,合計,344
110,4,7,土城區,,,,無年齡維度,0.0,男,遷入,合計,275
110,4,7,土城區,,,,無年齡維度,0.0,女,遷入,國外,3
110,4,7,土城區,,,,無年齡維度,0.0,男,遷入,國外,5
110,4,7,土城區,,,,無年齡維度,0.0,女,遷入,新北市內,0
110,4,7,土城區,,,,無年齡維度,0.0,男,遷入,新北市內,0
110,4,7,土城區,,,,無年齡維度,0.0,女,遷入,桃園市,42
110,4,7,土城區,,,,無年齡維度,0.0,男,遷入,桃園市,31
110,4,7,土城區,,,,無年齡維度,0.0,女,遷入,福建省,2
110,4,7,土城區,,,,無年齡維度,0.0,男,遷入,福建省,3
110,4,7,土城區,,,,無年齡維度,0.0,女,遷入,臺中市,10
110,4,7,土城區,,,,無年齡維度,0.0,男,遷入,臺中市,4
110,4,7,土城區,,,,無年齡維度,0.0,女,遷入,臺北市,39
110,4,7,土城區,,,,無年齡維度,0.0,男,遷入,臺北市,37
110,4,7,土城區,,,,無年齡維度,0.0,女,遷入,臺南市,5
110,4,7,土城區,,,,無年齡維度,0.0,男,遷入,臺南市,1
110,4,7,土城區,,,,無年齡維度,0.0,女,遷入,臺灣省,31
110,4,7,土城區,,,,無年齡維度,0.0,男,遷入,臺灣省,34
110,4,7,土城區,,,,無年齡維度,0.0,女,遷入,高雄市,6
110,4,7,土城區,,,,無年齡維度,0.0,男,遷入,高雄市,4
110,4,7,土城區,,,,無年齡維度,0.0,女,遷出,migrants,192
110,4,7,土城區,,,,無年齡維度,0.0,男,遷出,migrants,198
110,4,7,土城區,,,,無年齡維度,0.0,女,遷出,other,0
110,4,7,土城區,,,,無年齡維度,0.0,男,遷出,other,0
110,4,7,土城區,,,,無年齡維度,0.0,女,遷出,其他縣市,0
110,4,7,土城區,,,,無年齡維度,0.0,男,遷出,其他縣市,0
110,4,7,土城區,,,,無年齡維度,0.0,女,遷出,其他鄉鎮,176
110,4,7,土城區,,,,無年齡維度,0.0,男,遷出,其他鄉鎮,153
110,4,7,土城區,,,,無年齡維度,0.0,女,遷出,合計,388
110,4,7,土城區,,,,無年齡維度,0.0,男,遷出,合計,337
110,4,7,土城區,,,,無年齡維度,0.0,女,遷出,國外,41
110,4,7,土城區,,,,無年齡維度,0.0,男,遷出,國外,40
110,4,7,土城區,,,,無年齡維度,0.0,女,遷出,新北市內,0
110,4,7,土城區,,,,無年齡維度,0.0,男,遷出,新北市內,0
110,4,7,土城區,,,,無年齡維度,0.0,女,遷出,桃園市,70
110,4,7,土城區,,,,無年齡維度,0.0,男,遷出,桃園市,52
110,4,7,土城區,,,,無年齡維度,0.0,女,遷出,福建省,1
110,4,7,土城區,,,,無年齡維度,0.0,男,遷出,福建省,6
110,4,7,土城區,,,,無年齡維度,0.0,女,遷出,臺中市,22
110,4,7,土城區,,,,無年齡維度,0.0,男,遷出,臺中市,14
110,4,7,土城區,,,,無年齡維度,0.0,女,遷出,臺北市,19
110,4,7,土城區,,,,無年齡維度,0.0,男,遷出,臺北市,12
110,4,7,土城區,,,,無年齡維度,0.0,女,遷出,臺南市,2
110,4,7,土城區,,,,無年齡維度,0.0,男,遷出,臺南市,4
110,4,7,土城區,,,,無年齡維度,0.0,女,遷出,臺灣省,49
110,4,7,土城區,,,,無年齡維度,0.0,男,遷出,臺灣省,45
110,4,7,土城區,,,,無年齡維度,0.0,女,遷出,高雄市,8
110,4,7,土城區,,,,無年齡維度,0.0,男,遷出,高雄市,10
110,4,8,蘆洲區,,,,無年齡維度,0.0,女,遷入,migrants,107
110,4,8,蘆洲區,,,,無年齡維度,0.0,男,遷入,migrants,102
110,4,8,蘆洲區,,,,無年齡維度,0.0,女,遷入,other,0
110,4,8,蘆洲區,,,,無年齡維度,0.0,男,遷入,other,0
110,4,8,蘆洲區,,,,無年齡維度,0.0,女,遷入,其他縣市,0
110,4,8,蘆洲區,,,,無年齡維度,0.0,男,遷入,其他縣市,0
110,4,8,蘆洲區,,,,無年齡維度,0.0,女,遷入,其他鄉鎮,67
110,4,8,蘆洲區,,,,無年齡維度,0.0,男,遷入,其他鄉鎮,57
110,4,8,蘆洲區,,,,無年齡維度,0.0,女,遷入,合計,199
110,4,8,蘆洲區,,,,無年齡維度,0.0,男,遷入,合計,192
110,4,8,蘆洲區,,,,無年齡維度,0.0,女,遷入,國外,3
110,4,8,蘆洲區,,,,無年齡維度,0.0,男,遷入,國外,3
110,4,8,蘆洲區,,,,無年齡維度,0.0,女,遷入,新北市內,0
110,4,8,蘆洲區,,,,無年齡維度,0.0,男,遷入,新北市內,0
110,4,8,蘆洲區,,,,無年齡維度,0.0,女,遷入,桃園市,73
110,4,8,蘆洲區,,,,無年齡維度,0.0,男,遷入,桃園市,76
110,4,8,蘆洲區,,,,無年齡維度,0.0,女,遷入,福建省,0
110,4,8,蘆洲區,,,,無年齡維度,0.0,男,遷入,福建省,2
110,4,8,蘆洲區,,,,無年齡維度,0.0,女,遷入,臺中市,3
110,4,8,蘆洲區,,,,無年齡維度,0.0,男,遷入,臺中市,3
110,4,8,蘆洲區,,,,無年齡維度,0.0,女,遷入,臺北市,30
110,4,8,蘆洲區,,,,無年齡維度,0.0,男,遷入,臺北市,31
110,4,8,蘆洲區,,,,無年齡維度,0.0,女,遷入,臺南市,5
110,4,8,蘆洲區,,,,無年齡維度,0.0,男,遷入,臺南市,2
110,4,8,蘆洲區,,,,無年齡維度,0.0,女,遷入,臺灣省,14
110,4,8,蘆洲區,,,,無年齡維度,0.0,男,遷入,臺灣省,16
110,4,8,蘆洲區,,,,無年齡維度,0.0,女,遷入,高雄市,3
110,4,8,蘆洲區,,,,無年齡維度,0.0,男,遷入,高雄市,1
110,4,8,蘆洲區,,,,無年齡維度,0.0,女,遷出,migrants,107
110,4,8,蘆洲區,,,,無年齡維度,0.0,男,遷出,migrants,102
110,4,8,蘆洲區,,,,無年齡維度,0.0,女,遷出,other,0
110,4,8,蘆洲區,,,,無年齡維度,0.0,男,遷出,other,0
110,4,8,蘆洲區,,,,無年齡維度,0.0,女,遷出,其他縣市,0
110,4,8,蘆洲區,,,,無年齡維度,0.0,男,遷出,其他縣市,0
110,4,8,蘆洲區,,,,無年齡維度,0.0,女,遷出,其他鄉鎮,60
110,4,8,蘆洲區,,,,無年齡維度,0.0,男,遷出,其他鄉鎮,34
110,4,8,蘆洲區,,,,無年齡維度,0.0,女,遷出,合計,176
110,4,8,蘆洲區,,,,無年齡維度,0.0,男,遷出,合計,145
110,4,8,蘆洲區,,,,無年齡維度,0.0,女,遷出,國外,16
110,4,8,蘆洲區,,,,無年齡維度,0.0,男,遷出,國外,17
110,4,8,蘆洲區,,,,無年齡維度,0.0,女,遷出,新北市內,0
110,4,8,蘆洲區,,,,無年齡維度,0.0,男,遷出,新北市內,0
110,4,8,蘆洲區,,,,無年齡維度,0.0,女,遷出,桃園市,64
110,4,8,蘆洲區,,,,無年齡維度,0.0,男,遷出,桃園市,62
110,4,8,蘆洲區,,,,無年齡維度,0.0,女,遷出,福建省,3
110,4,8,蘆洲區,,,,無年齡維度,0.0,男,遷出,福建省,0
110,4,8,蘆洲區,,,,無年齡維度,0.0,女,遷出,臺中市,4
110,4,8,蘆洲區,,,,無年齡維度,0.0,男,遷出,臺中市,3
110,4,8,蘆洲區,,,,無年齡維度,0.0,女,遷出,臺北市,8
110,4,8,蘆洲區,,,,無年齡維度,0.0,男,遷出,臺北市,4
110,4,8,蘆洲區,,,,無年齡維度,0.0,女,遷出,臺南市,4
110,4,8,蘆洲區,,,,無年齡維度,0.0,男,遷出,臺南市,2
110,4,8,蘆洲區,,,,無年齡維度,0.0,女,遷出,臺灣省,14
110,4,8,蘆洲區,,,,無年齡維度,0.0,男,遷出,臺灣省,19
110,4,8,蘆洲區,,,,無年齡維度,0.0,女,遷出,高雄市,2
110,4,8,蘆洲區,,,,無年齡維度,0.0,男,遷出,高雄市,4
110,4,9,樹林區,,,,無年齡維度,0.0,女,遷入,migrants,179
110,4,9,樹林區,,,,無年齡維度,0.0,男,遷入,migrants,159
110,4,9,樹林區,,,,無年齡維度,0.0,女,遷入,other,0
110,4,9,樹林區,,,,無年齡維度,0.0,男,遷入,other,0
110,4,9,樹林區,,,,無年齡維度,0.0,女,遷入,其他縣市,0
110,4,9,樹林區,,,,無年齡維度,0.0,男,遷入,其他縣市,0
110,4,9,樹林區,,,,無年齡維度,0.0,女,遷入,其他鄉鎮,114
110,4,9,樹林區,,,,無年齡維度,0.0,男,遷入,其他鄉鎮,103
110,4,9,樹林區,,,,無年齡維度,0.0,女,遷入,合計,212
110,4,9,樹林區,,,,無年齡維度,0.0,男,遷入,合計,211
110,4,9,樹林區,,,,無年齡維度,0.0,女,遷入,國外,3
110,4,9,樹林區,,,,無年齡維度,0.0,男,遷入,國外,1
110,4,9,樹林區,,,,無年齡維度,0.0,女,遷入,新北市內,0
110,4,9,樹林區,,,,無年齡維度,0.0,男,遷入,新北市內,0
110,4,9,樹林區,,,,無年齡維度,0.0,女,遷入,桃園市,28
110,4,9,樹林區,,,,無年齡維度,0.0,男,遷入,桃園市,35
110,4,9,樹林區,,,,無年齡維度,0.0,女,遷入,福建省,2
110,4,9,樹林區,,,,無年齡維度,0.0,男,遷入,福建省,6
110,4,9,樹林區,,,,無年齡維度,0.0,女,遷入,臺中市,4
110,4,9,樹林區,,,,無年齡維度,0.0,男,遷入,臺中市,0
110,4,9,樹林區,,,,無年齡維度,0.0,女,遷入,臺北市,38
110,4,9,樹林區,,,,無年齡維度,0.0,男,遷入,臺北市,43
110,4,9,樹林區,,,,無年齡維度,0.0,女,遷入,臺南市,5
110,4,9,樹林區,,,,無年齡維度,0.0,男,遷入,臺南市,3
110,4,9,樹林區,,,,無年齡維度,0.0,女,遷入,臺灣省,14
110,4,9,樹林區,,,,無年齡維度,0.0,男,遷入,臺灣省,18
110,4,9,樹林區,,,,無年齡維度,0.0,女,遷入,高雄市,2
110,4,9,樹林區,,,,無年齡維度,0.0,男,遷入,高雄市,2
110,4,9,樹林區,,,,無年齡維度,0.0,女,遷出,migrants,179
110,4,9,樹林區,,,,無年齡維度,0.0,男,遷出,migrants,159
110,4,9,樹林區,,,,無年齡維度,0.0,女,遷出,other,0
110,4,9,樹林區,,,,無年齡維度,0.0,男,遷出,other,0
110,4,9,樹林區,,,,無年齡維度,0.0,女,遷出,其他縣市,0
110,4,9,樹林區,,,,無年齡維度,0.0,男,遷出,其他縣市,0
110,4,9,樹林區,,,,無年齡維度,0.0,女,遷出,其他鄉鎮,106
110,4,9,樹林區,,,,無年齡維度,0.0,男,遷出,其他鄉鎮,77
110,4,9,樹林區,,,,無年齡維度,0.0,女,遷出,合計,240
110,4,9,樹林區,,,,無年齡維度,0.0,男,遷出,合計,191
110,4,9,樹林區,,,,無年齡維度,0.0,女,遷出,國外,27
110,4,9,樹林區,,,,無年齡維度,0.0,男,遷出,國外,19
110,4,9,樹林區,,,,無年齡維度,0.0,女,遷出,新北市內,0
110,4,9,樹林區,,,,無年齡維度,0.0,男,遷出,新北市內,0
110,4,9,樹林區,,,,無年齡維度,0.0,女,遷出,桃園市,37
110,4,9,樹林區,,,,無年齡維度,0.0,男,遷出,桃園市,29
110,4,9,樹林區,,,,無年齡維度,0.0,女,遷出,福建省,1
110,4,9,樹林區,,,,無年齡維度,0.0,男,遷出,福建省,5
110,4,9,樹林區,,,,無年齡維度,0.0,女,遷出,臺中市,10
110,4,9,樹林區,,,,無年齡維度,0.0,男,遷出,臺中市,6
110,4,9,樹林區,,,,無年齡維度,0.0,女,遷出,臺北市,23
110,4,9,樹林區,,,,無年齡維度,0.0,男,遷出,臺北市,19
110,4,9,樹林區,,,,無年齡維度,0.0,女,遷出,臺南市,5
110,4,9,樹林區,,,,無年齡維度,0.0,男,遷出,臺南市,7
110,4,9,樹林區,,,,無年齡維度,0.0,女,遷出,臺灣省,28
110,4,9,樹林區,,,,無年齡維度,0.0,男,遷出,臺灣省,26
110,4,9,樹林區,,,,無年齡維度,0.0,女,遷出,高雄市,3
110,4,9,樹林區,,,,無年齡維度,0.0,男,遷出,高雄市,3
110,4,10,鶯歌區,,,,無年齡維度,0.0,女,遷入,migrants,353
110,4,10,鶯歌區,,,,無年齡維度,0.0,男,遷入,migrants,338
110,4,10,鶯歌區,,,,無年齡維度,0.0,女,遷入,other,0
110,4,10,鶯歌區,,,,無年齡維度,0.0,男,遷入,other,0
110,4,10,鶯歌區,,,,無年齡維度,0.0,女,遷入,其他縣市,0
110,4,10,鶯歌區,,,,無年齡維度,0.0,男,遷入,其他縣市,0
110,4,10,鶯歌區,,,,無年齡維度,0.0,女,遷入,其他鄉鎮,135
110,4,10,鶯歌區,,,,無年齡維度,0.0,男,遷入,其他鄉鎮,100
110,4,10,鶯歌區,,,,無年齡維度,0.0,女,遷入,合計,504
110,4,10,鶯歌區,,,,無年齡維度,0.0,男,遷入,合計,387
110,4,10,鶯歌區,,,,無年齡維度,0.0,女,遷入,國外,9
110,4,10,鶯歌區,,,,無年齡維度,0.0,男,遷入,國外,11
110,4,10,鶯歌區,,,,無年齡維度,0.0,女,遷入,新北市內,0
110,4,10,鶯歌區,,,,無年齡維度,0.0,男,遷入,新北市內,0
110,4,10,鶯歌區,,,,無年齡維度,0.0,女,遷入,桃園市,27
110,4,10,鶯歌區,,,,無年齡維度,0.0,男,遷入,桃園市,20
110,4,10,鶯歌區,,,,無年齡維度,0.0,女,遷入,福建省,0
110,4,10,鶯歌區,,,,無年齡維度,0.0,男,遷入,福建省,1
110,4,10,鶯歌區,,,,無年齡維度,0.0,女,遷入,臺中市,11
110,4,10,鶯歌區,,,,無年齡維度,0.0,男,遷入,臺中市,9
110,4,10,鶯歌區,,,,無年齡維度,0.0,女,遷入,臺北市,232
110,4,10,鶯歌區,,,,無年齡維度,0.0,男,遷入,臺北市,193
110,4,10,鶯歌區,,,,無年齡維度,0.0,女,遷入,臺南市,5
110,4,10,鶯歌區,,,,無年齡維度,0.0,男,遷入,臺南市,6
110,4,10,鶯歌區,,,,無年齡維度,0.0,女,遷入,臺灣省,64
110,4,10,鶯歌區,,,,無年齡維度,0.0,男,遷入,臺灣省,36
110,4,10,鶯歌區,,,,無年齡維度,0.0,女,遷入,高雄市,11
110,4,10,鶯歌區,,,,無年齡維度,0.0,男,遷入,高雄市,8
110,4,10,鶯歌區,,,,無年齡維度,0.0,女,遷出,migrants,353
110,4,10,鶯歌區,,,,無年齡維度,0.0,男,遷出,migrants,338
110,4,10,鶯歌區,,,,無年齡維度,0.0,女,遷出,other,0
110,4,10,鶯歌區,,,,無年齡維度,0.0,男,遷出,other,0
110,4,10,鶯歌區,,,,無年齡維度,0.0,女,遷出,其他縣市,0
110,4,10,鶯歌區,,,,無年齡維度,0.0,男,遷出,其他縣市,0
110,4,10,鶯歌區,,,,無年齡維度,0.0,女,遷出,其他鄉鎮,90
110,4,10,鶯歌區,,,,無年齡維度,0.0,男,遷出,其他鄉鎮,63
110,4,10,鶯歌區,,,,無年齡維度,0.0,女,遷出,合計,405
110,4,10,鶯歌區,,,,無年齡維度,0.0,男,遷出,合計,345
110,4,10,鶯歌區,,,,無年齡維度,0.0,女,遷出,國外,98
110,4,10,鶯歌區,,,,無年齡維度,0.0,男,遷出,國外,83
110,4,10,鶯歌區,,,,無年齡維度,0.0,女,遷出,新北市內,0
110,4,10,鶯歌區,,,,無年齡維度,0.0,男,遷出,新北市內,0
110,4,10,鶯歌區,,,,無年齡維度,0.0,女,遷出,桃園市,25
110,4,10,鶯歌區,,,,無年齡維度,0.0,男,遷出,桃園市,19
110,4,10,鶯歌區,,,,無年齡維度,0.0,女,遷出,福建省,0
110,4,10,鶯歌區,,,,無年齡維度,0.0,男,遷出,福建省,2
110,4,10,鶯歌區,,,,無年齡維度,0.0,女,遷出,臺中市,16
110,4,10,鶯歌區,,,,無年齡維度,0.0,男,遷出,臺中市,12
110,4,10,鶯歌區,,,,無年齡維度,0.0,女,遷出,臺北市,118
110,4,10,鶯歌區,,,,無年齡維度,0.0,男,遷出,臺北市,109
110,4,10,鶯歌區,,,,無年齡維度,0.0,女,遷出,臺南市,5
110,4,10,鶯歌區,,,,無年齡維度,0.0,男,遷出,臺南市,7
110,4,10,鶯歌區,,,,無年齡維度,0.0,女,遷出,臺灣省,44
110,4,10,鶯歌區,,,,無年齡維度,0.0,男,遷出,臺灣省,46
110,4,10,鶯歌區,,,,無年齡維度,0.0,女,遷出,高雄市,9
110,4,10,鶯歌區,,,,無年齡維度,0.0,男,遷出,高雄市,4
110,4,11,三峽區,,,,無年齡維度,0.0,女,遷入,migrants,283
110,4,11,三峽區,,,,無年齡維度,0.0,男,遷入,migrants,266
110,4,11,三峽區,,,,無年齡維度,0.0,女,遷入,other,0
110,4,11,三峽區,,,,無年齡維度,0.0,男,遷入,other,0
110,4,11,三峽區,,,,無年齡維度,0.0,女,遷入,其他縣市,0
110,4,11,三峽區,,,,無年齡維度,0.0,男,遷入,其他縣市,0
110,4,11,三峽區,,,,無年齡維度,0.0,女,遷入,其他鄉鎮,69
110,4,11,三峽區,,,,無年齡維度,0.0,男,遷入,其他鄉鎮,59
110,4,11,三峽區,,,,無年齡維度,0.0,女,遷入,合計,442
110,4,11,三峽區,,,,無年齡維度,0.0,男,遷入,合計,433
110,4,11,三峽區,,,,無年齡維度,0.0,女,遷入,國外,7
110,4,11,三峽區,,,,無年齡維度,0.0,男,遷入,國外,13
110,4,11,三峽區,,,,無年齡維度,0.0,女,遷入,新北市內,0
110,4,11,三峽區,,,,無年齡維度,0.0,男,遷入,新北市內,0
110,4,11,三峽區,,,,無年齡維度,0.0,女,遷入,桃園市,25
110,4,11,三峽區,,,,無年齡維度,0.0,男,遷入,桃園市,17
110,4,11,三峽區,,,,無年齡維度,0.0,女,遷入,福建省,0
110,4,11,三峽區,,,,無年齡維度,0.0,男,遷入,福建省,1
110,4,11,三峽區,,,,無年齡維度,0.0,女,遷入,臺中市,11
110,4,11,三峽區,,,,無年齡維度,0.0,男,遷入,臺中市,3
110,4,11,三峽區,,,,無年齡維度,0.0,女,遷入,臺北市,241
110,4,11,三峽區,,,,無年齡維度,0.0,男,遷入,臺北市,268
110,4,11,三峽區,,,,無年齡維度,0.0,女,遷入,臺南市,3
110,4,11,三峽區,,,,無年齡維度,0.0,男,遷入,臺南市,5
110,4,11,三峽區,,,,無年齡維度,0.0,女,遷入,臺灣省,72
110,4,11,三峽區,,,,無年齡維度,0.0,男,遷入,臺灣省,55
110,4,11,三峽區,,,,無年齡維度,0.0,女,遷入,高雄市,10
110,4,11,三峽區,,,,無年齡維度,0.0,男,遷入,高雄市,9
110,4,11,三峽區,,,,無年齡維度,0.0,女,遷出,migrants,283
110,4,11,三峽區,,,,無年齡維度,0.0,男,遷出,migrants,266
110,4,11,三峽區,,,,無年齡維度,0.0,女,遷出,other,0
110,4,11,三峽區,,,,無年齡維度,0.0,男,遷出,other,0
110,4,11,三峽區,,,,無年齡維度,0.0,女,遷出,其他縣市,0
110,4,11,三峽區,,,,無年齡維度,0.0,男,遷出,其他縣市,0
110,4,11,三峽區,,,,無年齡維度,0.0,女,遷出,其他鄉鎮,69
110,4,11,三峽區,,,,無年齡維度,0.0,男,遷出,其他鄉鎮,55
110,4,11,三峽區,,,,無年齡維度,0.0,女,遷出,合計,450
110,4,11,三峽區,,,,無年齡維度,0.0,男,遷出,合計,345
110,4,11,三峽區,,,,無年齡維度,0.0,女,遷出,國外,69
110,4,11,三峽區,,,,無年齡維度,0.0,男,遷出,國外,55
110,4,11,三峽區,,,,無年齡維度,0.0,女,遷出,新北市內,0
110,4,11,三峽區,,,,無年齡維度,0.0,男,遷出,新北市內,0
110,4,11,三峽區,,,,無年齡維度,0.0,女,遷出,桃園市,34
110,4,11,三峽區,,,,無年齡維度,0.0,男,遷出,桃園市,30
110,4,11,三峽區,,,,無年齡維度,0.0,女,遷出,福建省,2
110,4,11,三峽區,,,,無年齡維度,0.0,男,遷出,福建省,1
110,4,11,三峽區,,,,無年齡維度,0.0,女,遷出,臺中市,11
110,4,11,三峽區,,,,無年齡維度,0.0,男,遷出,臺中市,8
110,4,11,三峽區,,,,無年齡維度,0.0,女,遷出,臺北市,155
110,4,11,三峽區,,,,無年齡維度,0.0,男,遷出,臺北市,110
110,4,11,三峽區,,,,無年齡維度,0.0,女,遷出,臺南市,7
110,4,11,三峽區,,,,無年齡維度,0.0,男,遷出,臺南市,6
110,4,11,三峽區,,,,無年齡維度,0.0,女,遷出,臺灣省,97
110,4,11,三峽區,,,,無年齡維度,0.0,男,遷出,臺灣省,77
110,4,11,三峽區,,,,無年齡維度,0.0,女,遷出,高雄市,6
110,4,11,三峽區,,,,無年齡維度,0.0,男,遷出,高雄市,3
110,4,12,淡水區,,,,無年齡維度,0.0,女,遷入,migrants,32
110,4,12,淡水區,,,,無年齡維度,0.0,男,遷入,migrants,29
110,4,12,淡水區,,,,無年齡維度,0.0,女,遷入,other,0
110,4,12,淡水區,,,,無年齡維度,0.0,男,遷入,other,0
110,4,12,淡水區,,,,無年齡維度,0.0,女,遷入,其他縣市,0
110,4,12,淡水區,,,,無年齡維度,0.0,男,遷入,其他縣市,0
110,4,12,淡水區,,,,無年齡維度,0.0,女,遷入,其他鄉鎮,8
110,4,12,淡水區,,,,無年齡維度,0.0,男,遷入,其他鄉鎮,10
110,4,12,淡水區,,,,無年齡維度,0.0,女,遷入,合計,30
110,4,12,淡水區,,,,無年齡維度,0.0,男,遷入,合計,39
110,4,12,淡水區,,,,無年齡維度,0.0,女,遷入,國外,1
110,4,12,淡水區,,,,無年齡維度,0.0,男,遷入,國外,2
110,4,12,淡水區,,,,無年齡維度,0.0,女,遷入,新北市內,0
110,4,12,淡水區,,,,無年齡維度,0.0,男,遷入,新北市內,0
110,4,12,淡水區,,,,無年齡維度,0.0,女,遷入,桃園市,1
110,4,12,淡水區,,,,無年齡維度,0.0,男,遷入,桃園市,3
110,4,12,淡水區,,,,無年齡維度,0.0,女,遷入,福建省,0
110,4,12,淡水區,,,,無年齡維度,0.0,男,遷入,福建省,0
110,4,12,淡水區,,,,無年齡維度,0.0,女,遷入,臺中市,0
110,4,12,淡水區,,,,無年齡維度,0.0,男,遷入,臺中市,1
110,4,12,淡水區,,,,無年齡維度,0.0,女,遷入,臺北市,4
110,4,12,淡水區,,,,無年齡維度,0.0,男,遷入,臺北市,9
110,4,12,淡水區,,,,無年齡維度,0.0,女,遷入,臺南市,0
110,4,12,淡水區,,,,無年齡維度,0.0,男,遷入,臺南市,0
110,4,12,淡水區,,,,無年齡維度,0.0,女,遷入,臺灣省,15
110,4,12,淡水區,,,,無年齡維度,0.0,男,遷入,臺灣省,13
110,4,12,淡水區,,,,無年齡維度,0.0,女,遷入,高雄市,0
110,4,12,淡水區,,,,無年齡維度,0.0,男,遷入,高雄市,0
110,4,12,淡水區,,,,無年齡維度,0.0,女,遷出,migrants,32
110,4,12,淡水區,,,,無年齡維度,0.0,男,遷出,migrants,29
110,4,12,淡水區,,,,無年齡維度,0.0,女,遷出,other,0
110,4,12,淡水區,,,,無年齡維度,0.0,男,遷出,other,0
110,4,12,淡水區,,,,無年齡維度,0.0,女,遷出,其他縣市,0
110,4,12,淡水區,,,,無年齡維度,0.0,男,遷出,其他縣市,0
110,4,12,淡水區,,,,無年齡維度,0.0,女,遷出,其他鄉鎮,14
110,4,12,淡水區,,,,無年齡維度,0.0,男,遷出,其他鄉鎮,6
110,4,12,淡水區,,,,無年齡維度,0.0,女,遷出,合計,49
110,4,12,淡水區,,,,無年齡維度,0.0,男,遷出,合計,51
110,4,12,淡水區,,,,無年齡維度,0.0,女,遷出,國外,4
110,4,12,淡水區,,,,無年齡維度,0.0,男,遷出,國外,6
110,4,12,淡水區,,,,無年齡維度,0.0,女,遷出,新北市內,0
110,4,12,淡水區,,,,無年齡維度,0.0,男,遷出,新北市內,0
110,4,12,淡水區,,,,無年齡維度,0.0,女,遷出,桃園市,0
110,4,12,淡水區,,,,無年齡維度,0.0,男,遷出,桃園市,2
110,4,12,淡水區,,,,無年齡維度,0.0,女,遷出,福建省,0
110,4,12,淡水區,,,,無年齡維度,0.0,男,遷出,福建省,2
110,4,12,淡水區,,,,無年齡維度,0.0,女,遷出,臺中市,1
110,4,12,淡水區,,,,無年齡維度,0.0,男,遷出,臺中市,1
110,4,12,淡水區,,,,無年齡維度,0.0,女,遷出,臺北市,4
110,4,12,淡水區,,,,無年齡維度,0.0,男,遷出,臺北市,5
110,4,12,淡水區,,,,無年齡維度,0.0,女,遷出,臺南市,0
110,4,12,淡水區,,,,無年齡維度,0.0,男,遷出,臺南市,0
110,4,12,淡水區,,,,無年齡維度,0.0,女,遷出,臺灣省,26
110,4,12,淡水區,,,,無年齡維度,0.0,男,遷出,臺灣省,29
110,4,12,淡水區,,,,無年齡維度,0.0,女,遷出,高雄市,0
110,4,12,淡水區,,,,無年齡維度,0.0,男,遷出,高雄市,0
110,4,13,汐止區,,,,無年齡維度,0.0,女,遷入,migrants,289
110,4,13,汐止區,,,,無年齡維度,0.0,男,遷入,migrants,235
110,4,13,汐止區,,,,無年齡維度,0.0,女,遷入,other,0
110,4,13,汐止區,,,,無年齡維度,0.0,男,遷入,other,0
110,4,13,汐止區,,,,無年齡維度,0.0,女,遷入,其他縣市,0
110,4,13,汐止區,,,,無年齡維度,0.0,男,遷入,其他縣市,0
110,4,13,汐止區,,,,無年齡維度,0.0,女,遷入,其他鄉鎮,220
110,4,13,汐止區,,,,無年齡維度,0.0,男,遷入,其他鄉鎮,211
110,4,13,汐止區,,,,無年齡維度,0.0,女,遷入,合計,392
110,4,13,汐止區,,,,無年齡維度,0.0,男,遷入,合計,400
110,4,13,汐止區,,,,無年齡維度,0.0,女,遷入,國外,4
110,4,13,汐止區,,,,無年齡維度,0.0,男,遷入,國外,7
110,4,13,汐止區,,,,無年齡維度,0.0,女,遷入,新北市內,0
110,4,13,汐止區,,,,無年齡維度,0.0,男,遷入,新北市內,0
110,4,13,汐止區,,,,無年齡維度,0.0,女,遷入,桃園市,41
110,4,13,汐止區,,,,無年齡維度,0.0,男,遷入,桃園市,30
110,4,13,汐止區,,,,無年齡維度,0.0,女,遷入,福建省,6
110,4,13,汐止區,,,,無年齡維度,0.0,男,遷入,福建省,3
110,4,13,汐止區,,,,無年齡維度,0.0,女,遷入,臺中市,5
110,4,13,汐止區,,,,無年齡維度,0.0,男,遷入,臺中市,4
110,4,13,汐止區,,,,無年齡維度,0.0,女,遷入,臺北市,79
110,4,13,汐止區,,,,無年齡維度,0.0,男,遷入,臺北市,82
110,4,13,汐止區,,,,無年齡維度,0.0,女,遷入,臺南市,2
110,4,13,汐止區,,,,無年齡維度,0.0,男,遷入,臺南市,4
110,4,13,汐止區,,,,無年齡維度,0.0,女,遷入,臺灣省,23
110,4,13,汐止區,,,,無年齡維度,0.0,男,遷入,臺灣省,45
110,4,13,汐止區,,,,無年齡維度,0.0,女,遷入,高雄市,8
110,4,13,汐止區,,,,無年齡維度,0.0,男,遷入,高雄市,10
110,4,13,汐止區,,,,無年齡維度,0.0,女,遷出,migrants,289
110,4,13,汐止區,,,,無年齡維度,0.0,男,遷出,migrants,235
110,4,13,汐止區,,,,無年齡維度,0.0,女,遷出,other,0
110,4,13,汐止區,,,,無年齡維度,0.0,男,遷出,other,0
110,4,13,汐止區,,,,無年齡維度,0.0,女,遷出,其他縣市,0
110,4,13,汐止區,,,,無年齡維度,0.0,男,遷出,其他縣市,0
110,4,13,汐止區,,,,無年齡維度,0.0,女,遷出,其他鄉鎮,202
110,4,13,汐止區,,,,無年齡維度,0.0,男,遷出,其他鄉鎮,171
110,4,13,汐止區,,,,無年齡維度,0.0,女,遷出,合計,467
110,4,13,汐止區,,,,無年齡維度,0.0,男,遷出,合計,387
110,4,13,汐止區,,,,無年齡維度,0.0,女,遷出,國外,58
110,4,13,汐止區,,,,無年齡維度,0.0,男,遷出,國外,45
110,4,13,汐止區,,,,無年齡維度,0.0,女,遷出,新北市內,0
110,4,13,汐止區,,,,無年齡維度,0.0,男,遷出,新北市內,0
110,4,13,汐止區,,,,無年齡維度,0.0,女,遷出,桃園市,65
110,4,13,汐止區,,,,無年齡維度,0.0,男,遷出,桃園市,51
110,4,13,汐止區,,,,無年齡維度,0.0,女,遷出,福建省,1
110,4,13,汐止區,,,,無年齡維度,0.0,男,遷出,福建省,1
110,4,13,汐止區,,,,無年齡維度,0.0,女,遷出,臺中市,13
110,4,13,汐止區,,,,無年齡維度,0.0,男,遷出,臺中市,9
110,4,13,汐止區,,,,無年齡維度,0.0,女,遷出,臺北市,53
110,4,13,汐止區,,,,無年齡維度,0.0,男,遷出,臺北市,45
110,4,13,汐止區,,,,無年齡維度,0.0,女,遷出,臺南市,8
110,4,13,汐止區,,,,無年齡維度,0.0,男,遷出,臺南市,5
110,4,13,汐止區,,,,無年齡維度,0.0,女,遷出,臺灣省,59
110,4,13,汐止區,,,,無年齡維度,0.0,男,遷出,臺灣省,54
110,4,13,汐止區,,,,無年齡維度,0.0,女,遷出,高雄市,7
110,4,13,汐止區,,,,無年齡維度,0.0,男,遷出,高雄市,6
110,4,14,瑞芳區,,,,無年齡維度,0.0,女,遷入,migrants,228
110,4,14,瑞芳區,,,,無年齡維度,0.0,男,遷入,migrants,230
110,4,14,瑞芳區,,,,無年齡維度,0.0,女,遷入,other,0
110,4,14,瑞芳區,,,,無年齡維度,0.0,男,遷入,other,0
110,4,14,瑞芳區,,,,無年齡維度,0.0,女,遷入,其他縣市,0
110,4,14,瑞芳區,,,,無年齡維度,0.0,男,遷入,其他縣市,0
110,4,14,瑞芳區,,,,無年齡維度,0.0,女,遷入,其他鄉鎮,149
110,4,14,瑞芳區,,,,無年齡維度,0.0,男,遷入,其他鄉鎮,112
110,4,14,瑞芳區,,,,無年齡維度,0.0,女,遷入,合計,361
110,4,14,瑞芳區,,,,無年齡維度,0.0,男,遷入,合計,282
110,4,14,瑞芳區,,,,無年齡維度,0.0,女,遷入,國外,5
110,4,14,瑞芳區,,,,無年齡維度,0.0,男,遷入,國外,4
110,4,14,瑞芳區,,,,無年齡維度,0.0,女,遷入,新北市內,0
110,4,14,瑞芳區,,,,無年齡維度,0.0,男,遷入,新北市內,0
110,4,14,瑞芳區,,,,無年齡維度,0.0,女,遷入,桃園市,15
110,4,14,瑞芳區,,,,無年齡維度,0.0,男,遷入,桃園市,18
110,4,14,瑞芳區,,,,無年齡維度,0.0,女,遷入,福建省,2
110,4,14,瑞芳區,,,,無年齡維度,0.0,男,遷入,福建省,3
110,4,14,瑞芳區,,,,無年齡維度,0.0,女,遷入,臺中市,1
110,4,14,瑞芳區,,,,無年齡維度,0.0,男,遷入,臺中市,5
110,4,14,瑞芳區,,,,無年齡維度,0.0,女,遷入,臺北市,136
110,4,14,瑞芳區,,,,無年齡維度,0.0,男,遷入,臺北市,90
110,4,14,瑞芳區,,,,無年齡維度,0.0,女,遷入,臺南市,9
110,4,14,瑞芳區,,,,無年齡維度,0.0,男,遷入,臺南市,7
110,4,14,瑞芳區,,,,無年齡維度,0.0,女,遷入,臺灣省,34
110,4,14,瑞芳區,,,,無年齡維度,0.0,男,遷入,臺灣省,31
110,4,14,瑞芳區,,,,無年齡維度,0.0,女,遷入,高雄市,8
110,4,14,瑞芳區,,,,無年齡維度,0.0,男,遷入,高雄市,11
110,4,14,瑞芳區,,,,無年齡維度,0.0,女,遷出,migrants,228
110,4,14,瑞芳區,,,,無年齡維度,0.0,男,遷出,migrants,230
110,4,14,瑞芳區,,,,無年齡維度,0.0,女,遷出,other,0
110,4,14,瑞芳區,,,,無年齡維度,0.0,男,遷出,other,0
110,4,14,瑞芳區,,,,無年齡維度,0.0,女,遷出,其他縣市,0
110,4,14,瑞芳區,,,,無年齡維度,0.0,男,遷出,其他縣市,0
110,4,14,瑞芳區,,,,無年齡維度,0.0,女,遷出,其他鄉鎮,184
110,4,14,瑞芳區,,,,無年齡維度,0.0,男,遷出,其他鄉鎮,157
110,4,14,瑞芳區,,,,無年齡維度,0.0,女,遷出,合計,370
110,4,14,瑞芳區,,,,無年齡維度,0.0,男,遷出,合計,331
110,4,14,瑞芳區,,,,無年齡維度,0.0,女,遷出,國外,30
110,4,14,瑞芳區,,,,無年齡維度,0.0,男,遷出,國外,28
110,4,14,瑞芳區,,,,無年齡維度,0.0,女,遷出,新北市內,0
110,4,14,瑞芳區,,,,無年齡維度,0.0,男,遷出,新北市內,0
110,4,14,瑞芳區,,,,無年齡維度,0.0,女,遷出,桃園市,38
110,4,14,瑞芳區,,,,無年齡維度,0.0,男,遷出,桃園市,31
110,4,14,瑞芳區,,,,無年齡維度,0.0,女,遷出,福建省,1
110,4,14,瑞芳區,,,,無年齡維度,0.0,男,遷出,福建省,1
110,4,14,瑞芳區,,,,無年齡維度,0.0,女,遷出,臺中市,8
110,4,14,瑞芳區,,,,無年齡維度,0.0,男,遷出,臺中市,5
110,4,14,瑞芳區,,,,無年齡維度,0.0,女,遷出,臺北市,57
110,4,14,瑞芳區,,,,無年齡維度,0.0,男,遷出,臺北市,59
110,4,14,瑞芳區,,,,無年齡維度,0.0,女,遷出,臺南市,7
110,4,14,瑞芳區,,,,無年齡維度,0.0,男,遷出,臺南市,4
110,4,14,瑞芳區,,,,無年齡維度,0.0,女,遷出,臺灣省,36
110,4,14,瑞芳區,,,,無年齡維度,0.0,男,遷出,臺灣省,38
110,4,14,瑞芳區,,,,無年齡維度,0.0,女,遷出,高雄市,9
110,4,14,瑞芳區,,,,無年齡維度,0.0,男,遷出,高雄市,8
110,4,15,五股區,,,,無年齡維度,0.0,女,遷入,migrants,97
110,4,15,五股區,,,,無年齡維度,0.0,男,遷入,migrants,93
110,4,15,五股區,,,,無年齡維度,0.0,女,遷入,other,0
110,4,15,五股區,,,,無年齡維度,0.0,男,遷入,other,0
110,4,15,五股區,,,,無年齡維度,0.0,女,遷入,其他縣市,0
110,4,15,五股區,,,,無年齡維度,0.0,男,遷入,其他縣市,0
110,4,15,五股區,,,,無年齡維度,0.0,女,遷入,其他鄉鎮,165
110,4,15,五股區,,,,無年齡維度,0.0,男,遷入,其他鄉鎮,140
110,4,15,五股區,,,,無年齡維度,0.0,女,遷入,合計,255
110,4,15,五股區,,,,無年齡維度,0.0,男,遷入,合計,214
110,4,15,五股區,,,,無年齡維度,0.0,女,遷入,國外,0
110,4,15,五股區,,,,無年齡維度,0.0,男,遷入,國外,2
110,4,15,五股區,,,,無年齡維度,0.0,女,遷入,新北市內,0
110,4,15,五股區,,,,無年齡維度,0.0,男,遷入,新北市內,0
110,4,15,五股區,,,,無年齡維度,0.0,女,遷入,桃園市,14
110,4,15,五股區,,,,無年齡維度,0.0,男,遷入,桃園市,5
110,4,15,五股區,,,,無年齡維度,0.0,女,遷入,福建省,0
110,4,15,五股區,,,,無年齡維度,0.0,男,遷入,福建省,1
110,4,15,五股區,,,,無年齡維度,0.0,女,遷入,臺中市,2
110,4,15,五股區,,,,無年齡維度,0.0,男,遷入,臺中市,2
110,4,15,五股區,,,,無年齡維度,0.0,女,遷入,臺北市,38
110,4,15,五股區,,,,無年齡維度,0.0,男,遷入,臺北市,40
110,4,15,五股區,,,,無年齡維度,0.0,女,遷入,臺南市,4
110,4,15,五股區,,,,無年齡維度,0.0,男,遷入,臺南市,2
110,4,15,五股區,,,,無年齡維度,0.0,女,遷入,臺灣省,26
110,4,15,五股區,,,,無年齡維度,0.0,男,遷入,臺灣省,20
110,4,15,五股區,,,,無年齡維度,0.0,女,遷入,高雄市,4
110,4,15,五股區,,,,無年齡維度,0.0,男,遷入,高雄市,2
110,4,15,五股區,,,,無年齡維度,0.0,女,遷出,migrants,97
110,4,15,五股區,,,,無年齡維度,0.0,男,遷出,migrants,93
110,4,15,五股區,,,,無年齡維度,0.0,女,遷出,other,0
110,4,15,五股區,,,,無年齡維度,0.0,男,遷出,other,0
110,4,15,五股區,,,,無年齡維度,0.0,女,遷出,其他縣市,0
110,4,15,五股區,,,,無年齡維度,0.0,男,遷出,其他縣市,0
110,4,15,五股區,,,,無年齡維度,0.0,女,遷出,其他鄉鎮,100
110,4,15,五股區,,,,無年齡維度,0.0,男,遷出,其他鄉鎮,72
110,4,15,五股區,,,,無年齡維度,0.0,女,遷出,合計,157
110,4,15,五股區,,,,無年齡維度,0.0,男,遷出,合計,138
110,4,15,五股區,,,,無年齡維度,0.0,女,遷出,國外,8
110,4,15,五股區,,,,無年齡維度,0.0,男,遷出,國外,8
110,4,15,五股區,,,,無年齡維度,0.0,女,遷出,新北市內,0
110,4,15,五股區,,,,無年齡維度,0.0,男,遷出,新北市內,0
110,4,15,五股區,,,,無年齡維度,0.0,女,遷出,桃園市,5
110,4,15,五股區,,,,無年齡維度,0.0,男,遷出,桃園市,14
110,4,15,五股區,,,,無年齡維度,0.0,女,遷出,福建省,1
110,4,15,五股區,,,,無年齡維度,0.0,男,遷出,福建省,0
110,4,15,五股區,,,,無年齡維度,0.0,女,遷出,臺中市,3
110,4,15,五股區,,,,無年齡維度,0.0,男,遷出,臺中市,4
110,4,15,五股區,,,,無年齡維度,0.0,女,遷出,臺北市,17
110,4,15,五股區,,,,無年齡維度,0.0,男,遷出,臺北市,23
110,4,15,五股區,,,,無年齡維度,0.0,女,遷出,臺南市,1
110,4,15,五股區,,,,無年齡維度,0.0,男,遷出,臺南市,2
110,4,15,五股區,,,,無年齡維度,0.0,女,遷出,臺灣省,17
110,4,15,五股區,,,,無年齡維度,0.0,男,遷出,臺灣省,14
110,4,15,五股區,,,,無年齡維度,0.0,女,遷出,高雄市,5
110,4,15,五股區,,,,無年齡維度,0.0,男,遷出,高雄市,1
110,4,16,泰山區,,,,無年齡維度,0.0,女,遷入,migrants,73
110,4,16,泰山區,,,,無年齡維度,0.0,男,遷入,migrants,89
110,4,16,泰山區,,,,無年齡維度,0.0,女,遷入,other,0
110,4,16,泰山區,,,,無年齡維度,0.0,男,遷入,other,0
110,4,16,泰山區,,,,無年齡維度,0.0,女,遷入,其他縣市,0
110,4,16,泰山區,,,,無年齡維度,0.0,男,遷入,其他縣市,0
110,4,16,泰山區,,,,無年齡維度,0.0,女,遷入,其他鄉鎮,70
110,4,16,泰山區,,,,無年齡維度,0.0,男,遷入,其他鄉鎮,34
110,4,16,泰山區,,,,無年齡維度,0.0,女,遷入,合計,121
110,4,16,泰山區,,,,無年齡維度,0.0,男,遷入,合計,74
110,4,16,泰山區,,,,無年齡維度,0.0,女,遷入,國外,1
110,4,16,泰山區,,,,無年齡維度,0.0,男,遷入,國外,0
110,4,16,泰山區,,,,無年齡維度,0.0,女,遷入,新北市內,0
110,4,16,泰山區,,,,無年齡維度,0.0,男,遷入,新北市內,0
110,4,16,泰山區,,,,無年齡維度,0.0,女,遷入,桃園市,13
110,4,16,泰山區,,,,無年齡維度,0.0,男,遷入,桃園市,10
110,4,16,泰山區,,,,無年齡維度,0.0,女,遷入,福建省,0
110,4,16,泰山區,,,,無年齡維度,0.0,男,遷入,福建省,0
110,4,16,泰山區,,,,無年齡維度,0.0,女,遷入,臺中市,3
110,4,16,泰山區,,,,無年齡維度,0.0,男,遷入,臺中市,2
110,4,16,泰山區,,,,無年齡維度,0.0,女,遷入,臺北市,17
110,4,16,泰山區,,,,無年齡維度,0.0,男,遷入,臺北市,11
110,4,16,泰山區,,,,無年齡維度,0.0,女,遷入,臺南市,2
110,4,16,泰山區,,,,無年齡維度,0.0,男,遷入,臺南市,3
110,4,16,泰山區,,,,無年齡維度,0.0,女,遷入,臺灣省,9
110,4,16,泰山區,,,,無年齡維度,0.0,男,遷入,臺灣省,12
110,4,16,泰山區,,,,無年齡維度,0.0,女,遷入,高雄市,2
110,4,16,泰山區,,,,無年齡維度,0.0,男,遷入,高雄市,2
110,4,16,泰山區,,,,無年齡維度,0.0,女,遷出,migrants,73
110,4,16,泰山區,,,,無年齡維度,0.0,男,遷出,migrants,89
110,4,16,泰山區,,,,無年齡維度,0.0,女,遷出,other,0
110,4,16,泰山區,,,,無年齡維度,0.0,男,遷出,other,0
110,4,16,泰山區,,,,無年齡維度,0.0,女,遷出,其他縣市,0
110,4,16,泰山區,,,,無年齡維度,0.0,男,遷出,其他縣市,0
110,4,16,泰山區,,,,無年齡維度,0.0,女,遷出,其他鄉鎮,130
110,4,16,泰山區,,,,無年齡維度,0.0,男,遷出,其他鄉鎮,98
110,4,16,泰山區,,,,無年齡維度,0.0,女,遷出,合計,205
110,4,16,泰山區,,,,無年齡維度,0.0,男,遷出,合計,166
110,4,16,泰山區,,,,無年齡維度,0.0,女,遷出,國外,16
110,4,16,泰山區,,,,無年齡維度,0.0,男,遷出,國外,9
110,4,16,泰山區,,,,無年齡維度,0.0,女,遷出,新北市內,0
110,4,16,泰山區,,,,無年齡維度,0.0,男,遷出,新北市內,0
110,4,16,泰山區,,,,無年齡維度,0.0,女,遷出,桃園市,21
110,4,16,泰山區,,,,無年齡維度,0.0,男,遷出,桃園市,19
110,4,16,泰山區,,,,無年齡維度,0.0,女,遷出,福建省,0
110,4,16,泰山區,,,,無年齡維度,0.0,男,遷出,福建省,0
110,4,16,泰山區,,,,無年齡維度,0.0,女,遷出,臺中市,2
110,4,16,泰山區,,,,無年齡維度,0.0,男,遷出,臺中市,3
110,4,16,泰山區,,,,無年齡維度,0.0,女,遷出,臺北市,11
110,4,16,泰山區,,,,無年齡維度,0.0,男,遷出,臺北市,13
110,4,16,泰山區,,,,無年齡維度,0.0,女,遷出,臺南市,4
110,4,16,泰山區,,,,無年齡維度,0.0,男,遷出,臺南市,2
110,4,16,泰山區,,,,無年齡維度,0.0,女,遷出,臺灣省,16
110,4,16,泰山區,,,,無年齡維度,0.0,男,遷出,臺灣省,19
110,4,16,泰山區,,,,無年齡維度,0.0,女,遷出,高雄市,5
110,4,16,泰山區,,,,無年齡維度,0.0,男,遷出,高雄市,3
110,4,17,林口區,,,,無年齡維度,0.0,女,遷入,migrants,291
110,4,17,林口區,,,,無年齡維度,0.0,男,遷入,migrants,232
110,4,17,林口區,,,,無年齡維度,0.0,女,遷入,other,0
110,4,17,林口區,,,,無年齡維度,0.0,男,遷入,other,0
110,4,17,林口區,,,,無年齡維度,0.0,女,遷入,其他縣市,0
110,4,17,林口區,,,,無年齡維度,0.0,男,遷入,其他縣市,0
110,4,17,林口區,,,,無年齡維度,0.0,女,遷入,其他鄉鎮,94
110,4,17,林口區,,,,無年齡維度,0.0,男,遷入,其他鄉鎮,93
110,4,17,林口區,,,,無年齡維度,0.0,女,遷入,合計,483
110,4,17,林口區,,,,無年齡維度,0.0,男,遷入,合計,414
110,4,17,林口區,,,,無年齡維度,0.0,女,遷入,國外,5
110,4,17,林口區,,,,無年齡維度,0.0,男,遷入,國外,4
110,4,17,林口區,,,,無年齡維度,0.0,女,遷入,新北市內,0
110,4,17,林口區,,,,無年齡維度,0.0,男,遷入,新北市內,0
110,4,17,林口區,,,,無年齡維度,0.0,女,遷入,桃園市,132
110,4,17,林口區,,,,無年齡維度,0.0,男,遷入,桃園市,116
110,4,17,林口區,,,,無年齡維度,0.0,女,遷入,福建省,2
110,4,17,林口區,,,,無年齡維度,0.0,男,遷入,福建省,2
110,4,17,林口區,,,,無年齡維度,0.0,女,遷入,臺中市,14
110,4,17,林口區,,,,無年齡維度,0.0,男,遷入,臺中市,4
110,4,17,林口區,,,,無年齡維度,0.0,女,遷入,臺北市,177
110,4,17,林口區,,,,無年齡維度,0.0,男,遷入,臺北市,137
110,4,17,林口區,,,,無年齡維度,0.0,女,遷入,臺南市,1
110,4,17,林口區,,,,無年齡維度,0.0,男,遷入,臺南市,4
110,4,17,林口區,,,,無年齡維度,0.0,女,遷入,臺灣省,34
110,4,17,林口區,,,,無年齡維度,0.0,男,遷入,臺灣省,43
110,4,17,林口區,,,,無年齡維度,0.0,女,遷入,高雄市,15
110,4,17,林口區,,,,無年齡維度,0.0,男,遷入,高雄市,8
110,4,17,林口區,,,,無年齡維度,0.0,女,遷出,migrants,291
110,4,17,林口區,,,,無年齡維度,0.0,男,遷出,migrants,232
110,4,17,林口區,,,,無年齡維度,0.0,女,遷出,other,0
110,4,17,林口區,,,,無年齡維度,0.0,男,遷出,other,0
110,4,17,林口區,,,,無年齡維度,0.0,女,遷出,其他縣市,0
110,4,17,林口區,,,,無年齡維度,0.0,男,遷出,其他縣市,0
110,4,17,林口區,,,,無年齡維度,0.0,女,遷出,其他鄉鎮,54
110,4,17,林口區,,,,無年齡維度,0.0,男,遷出,其他鄉鎮,42
110,4,17,林口區,,,,無年齡維度,0.0,女,遷出,合計,293
110,4,17,林口區,,,,無年齡維度,0.0,男,遷出,合計,250
110,4,17,林口區,,,,無年齡維度,0.0,女,遷出,國外,46
110,4,17,林口區,,,,無年齡維度,0.0,男,遷出,國外,36
110,4,17,林口區,,,,無年齡維度,0.0,女,遷出,新北市內,0
110,4,17,林口區,,,,無年齡維度,0.0,男,遷出,新北市內,0
110,4,17,林口區,,,,無年齡維度,0.0,女,遷出,桃園市,96
110,4,17,林口區,,,,無年齡維度,0.0,男,遷出,桃園市,87
110,4,17,林口區,,,,無年齡維度,0.0,女,遷出,福建省,0
110,4,17,林口區,,,,無年齡維度,0.0,男,遷出,福建省,4
110,4,17,林口區,,,,無年齡維度,0.0,女,遷出,臺中市,11
110,4,17,林口區,,,,無年齡維度,0.0,男,遷出,臺中市,7
110,4,17,林口區,,,,無年齡維度,0.0,女,遷出,臺北市,54
110,4,17,林口區,,,,無年齡維度,0.0,男,遷出,臺北市,41
110,4,17,林口區,,,,無年齡維度,0.0,女,遷出,臺南市,3
110,4,17,林口區,,,,無年齡維度,0.0,男,遷出,臺南市,3
110,4,17,林口區,,,,無年齡維度,0.0,女,遷出,臺灣省,21
110,4,17,林口區,,,,無年齡維度,0.0,男,遷出,臺灣省,23
110,4,17,林口區,,,,無年齡維度,0.0,女,遷出,高雄市,8
110,4,17,林口區,,,,無年齡維度,0.0,男,遷出,高雄市,6
110,4,18,八里區,,,,無年齡維度,0.0,女,遷入,migrants,24
110,4,18,八里區,,,,無年齡維度,0.0,男,遷入,migrants,25
110,4,18,八里區,,,,無年齡維度,0.0,女,遷入,other,0
110,4,18,八里區,,,,無年齡維度,0.0,男,遷入,other,0
110,4,18,八里區,,,,無年齡維度,0.0,女,遷入,其他縣市,0
110,4,18,八里區,,,,無年齡維度,0.0,男,遷入,其他縣市,0
110,4,18,八里區,,,,無年齡維度,0.0,女,遷入,其他鄉鎮,22
110,4,18,八里區,,,,無年齡維度,0.0,男,遷入,其他鄉鎮,12
110,4,18,八里區,,,,無年齡維度,0.0,女,遷入,合計,60
110,4,18,八里區,,,,無年齡維度,0.0,男,遷入,合計,46
110,4,18,八里區,,,,無年齡維度,0.0,女,遷入,國外,3
110,4,18,八里區,,,,無年齡維度,0.0,男,遷入,國外,0
110,4,18,八里區,,,,無年齡維度,0.0,女,遷入,新北市內,0
110,4,18,八里區,,,,無年齡維度,0.0,男,遷入,新北市內,0
110,4,18,八里區,,,,無年齡維度,0.0,女,遷入,桃園市,4
110,4,18,八里區,,,,無年齡維度,0.0,男,遷入,桃園市,2
110,4,18,八里區,,,,無年齡維度,0.0,女,遷入,福建省,0
110,4,18,八里區,,,,無年齡維度,0.0,男,遷入,福建省,0
110,4,18,八里區,,,,無年齡維度,0.0,女,遷入,臺中市,0
110,4,18,八里區,,,,無年齡維度,0.0,男,遷入,臺中市,0
110,4,18,八里區,,,,無年齡維度,0.0,女,遷入,臺北市,26
110,4,18,八里區,,,,無年齡維度,0.0,男,遷入,臺北市,24
110,4,18,八里區,,,,無年齡維度,0.0,女,遷入,臺南市,0
110,4,18,八里區,,,,無年齡維度,0.0,男,遷入,臺南市,0
110,4,18,八里區,,,,無年齡維度,0.0,女,遷入,臺灣省,4
110,4,18,八里區,,,,無年齡維度,0.0,男,遷入,臺灣省,7
110,4,18,八里區,,,,無年齡維度,0.0,女,遷入,高雄市,0
110,4,18,八里區,,,,無年齡維度,0.0,男,遷入,高雄市,1
110,4,18,八里區,,,,無年齡維度,0.0,女,遷出,migrants,24
110,4,18,八里區,,,,無年齡維度,0.0,男,遷出,migrants,25
110,4,18,八里區,,,,無年齡維度,0.0,女,遷出,other,0
110,4,18,八里區,,,,無年齡維度,0.0,男,遷出,other,0
110,4,18,八里區,,,,無年齡維度,0.0,女,遷出,其他縣市,0
110,4,18,八里區,,,,無年齡維度,0.0,男,遷出,其他縣市,0
110,4,18,八里區,,,,無年齡維度,0.0,女,遷出,其他鄉鎮,11
110,4,18,八里區,,,,無年齡維度,0.0,男,遷出,其他鄉鎮,10
110,4,18,八里區,,,,無年齡維度,0.0,女,遷出,合計,67
110,4,18,八里區,,,,無年齡維度,0.0,男,遷出,合計,41
110,4,18,八里區,,,,無年齡維度,0.0,女,遷出,國外,9
110,4,18,八里區,,,,無年齡維度,0.0,男,遷出,國外,6
110,4,18,八里區,,,,無年齡維度,0.0,女,遷出,新北市內,0
110,4,18,八里區,,,,無年齡維度,0.0,男,遷出,新北市內,0
110,4,18,八里區,,,,無年齡維度,0.0,女,遷出,桃園市,4
110,4,18,八里區,,,,無年齡維度,0.0,男,遷出,桃園市,2
110,4,18,八里區,,,,無年齡維度,0.0,女,遷出,福建省,1
110,4,18,八里區,,,,無年齡維度,0.0,男,遷出,福建省,0
110,4,18,八里區,,,,無年齡維度,0.0,女,遷出,臺中市,1
110,4,18,八里區,,,,無年齡維度,0.0,男,遷出,臺中市,0
110,4,18,八里區,,,,無年齡維度,0.0,女,遷出,臺北市,25
110,4,18,八里區,,,,無年齡維度,0.0,男,遷出,臺北市,14
110,4,18,八里區,,,,無年齡維度,0.0,女,遷出,臺南市,1
110,4,18,八里區,,,,無年齡維度,0.0,男,遷出,臺南市,0
110,4,18,八里區,,,,無年齡維度,0.0,女,遷出,臺灣省,13
110,4,18,八里區,,,,無年齡維度,0.0,男,遷出,臺灣省,6
110,4,18,八里區,,,,無年齡維度,0.0,女,遷出,高雄市,2
110,4,18,八里區,,,,無年齡維度,0.0,男,遷出,高雄市,3
110,4,19,深坑區,,,,無年齡維度,0.0,女,遷入,migrants,4
110,4,19,深坑區,,,,無年齡維度,0.0,男,遷入,migrants,2
110,4,19,深坑區,,,,無年齡維度,0.0,女,遷入,other,0
110,4,19,深坑區,,,,無年齡維度,0.0,男,遷入,other,0
110,4,19,深坑區,,,,無年齡維度,0.0,女,遷入,其他縣市,0
110,4,19,深坑區,,,,無年齡維度,0.0,男,遷入,其他縣市,0
110,4,19,深坑區,,,,無年齡維度,0.0,女,遷入,其他鄉鎮,3
110,4,19,深坑區,,,,無年齡維度,0.0,男,遷入,其他鄉鎮,2
110,4,19,深坑區,,,,無年齡維度,0.0,女,遷入,合計,5
110,4,19,深坑區,,,,無年齡維度,0.0,男,遷入,合計,5
110,4,19,深坑區,,,,無年齡維度,0.0,女,遷入,國外,0
110,4,19,深坑區,,,,無年齡維度,0.0,男,遷入,國外,0
110,4,19,深坑區,,,,無年齡維度,0.0,女,遷入,新北市內,0
110,4,19,深坑區,,,,無年齡維度,0.0,男,遷入,新北市內,0
110,4,19,深坑區,,,,無年齡維度,0.0,女,遷入,桃園市,0
110,4,19,深坑區,,,,無年齡維度,0.0,男,遷入,桃園市,0
110,4,19,深坑區,,,,無年齡維度,0.0,女,遷入,福建省,0
110,4,19,深坑區,,,,無年齡維度,0.0,男,遷入,福建省,0
110,4,19,深坑區,,,,無年齡維度,0.0,女,遷入,臺中市,0
110,4,19,深坑區,,,,無年齡維度,0.0,男,遷入,臺中市,0
110,4,19,深坑區,,,,無年齡維度,0.0,女,遷入,臺北市,1
110,4,19,深坑區,,,,無年齡維度,0.0,男,遷入,臺北市,2
110,4,19,深坑區,,,,無年齡維度,0.0,女,遷入,臺南市,1
110,4,19,深坑區,,,,無年齡維度,0.0,男,遷入,臺南市,0
110,4,19,深坑區,,,,無年齡維度,0.0,女,遷入,臺灣省,0
110,4,19,深坑區,,,,無年齡維度,0.0,男,遷入,臺灣省,1
110,4,19,深坑區,,,,無年齡維度,0.0,女,遷入,高雄市,0
110,4,19,深坑區,,,,無年齡維度,0.0,男,遷入,高雄市,0
110,4,19,深坑區,,,,無年齡維度,0.0,女,遷出,migrants,4
110,4,19,深坑區,,,,無年齡維度,0.0,男,遷出,migrants,2
110,4,19,深坑區,,,,無年齡維度,0.0,女,遷出,other,0
110,4,19,深坑區,,,,無年齡維度,0.0,男,遷出,other,0
110,4,19,深坑區,,,,無年齡維度,0.0,女,遷出,其他縣市,0
110,4,19,深坑區,,,,無年齡維度,0.0,男,遷出,其他縣市,0
110,4,19,深坑區,,,,無年齡維度,0.0,女,遷出,其他鄉鎮,15
110,4,19,深坑區,,,,無年齡維度,0.0,男,遷出,其他鄉鎮,13
110,4,19,深坑區,,,,無年齡維度,0.0,女,遷出,合計,20
110,4,19,深坑區,,,,無年齡維度,0.0,男,遷出,合計,16
110,4,19,深坑區,,,,無年齡維度,0.0,女,遷出,國外,0
110,4,19,深坑區,,,,無年齡維度,0.0,男,遷出,國外,1
110,4,19,深坑區,,,,無年齡維度,0.0,女,遷出,新北市內,0
110,4,19,深坑區,,,,無年齡維度,0.0,男,遷出,新北市內,0
110,4,19,深坑區,,,,無年齡維度,0.0,女,遷出,桃園市,2
110,4,19,深坑區,,,,無年齡維度,0.0,男,遷出,桃園市,0
110,4,19,深坑區,,,,無年齡維度,0.0,女,遷出,福建省,0
110,4,19,深坑區,,,,無年齡維度,0.0,男,遷出,福建省,0
110,4,19,深坑區,,,,無年齡維度,0.0,女,遷出,臺中市,1
110,4,19,深坑區,,,,無年齡維度,0.0,男,遷出,臺中市,0
110,4,19,深坑區,,,,無年齡維度,0.0,女,遷出,臺北市,2
110,4,19,深坑區,,,,無年齡維度,0.0,男,遷出,臺北市,2
110,4,19,深坑區,,,,無年齡維度,0.0,女,遷出,臺南市,0
110,4,19,深坑區,,,,無年齡維度,0.0,男,遷出,臺南市,0
110,4,19,深坑區,,,,無年齡維度,0.0,女,遷出,臺灣省,0
110,4,19,深坑區,,,,無年齡維度,0.0,男,遷出,臺灣省,0
110,4,19,深坑區,,,,無年齡維度,0.0,女,遷出,高雄市,0
110,4,19,深坑區,,,,無年齡維度,0.0,男,遷出,高雄市,0
110,4,20,石碇區,,,,無年齡維度,0.0,女,遷入,migrants,2
110,4,20,石碇區,,,,無年齡維度,0.0,男,遷入,migrants,4
110,4,20,石碇區,,,,無年齡維度,0.0,女,遷入,other,0
110,4,20,石碇區,,,,無年齡維度,0.0,男,遷入,other,0
110,4,20,石碇區,,,,無年齡維度,0.0,女,遷入,其他縣市,0
110,4,20,石碇區,,,,無年齡維度,0.0,男,遷入,其他縣市,0
110,4,20,石碇區,,,,無年齡維度,0.0,女,遷入,其他鄉鎮,12
110,4,20,石碇區,,,,無年齡維度,0.0,男,遷入,其他鄉鎮,4
110,4,20,石碇區,,,,無年齡維度,0.0,女,遷入,合計,18
110,4,20,石碇區,,,,無年齡維度,0.0,男,遷入,合計,10
110,4,20,石碇區,,,,無年齡維度,0.0,女,遷入,國外,0
110,4,20,石碇區,,,,無年齡維度,0.0,男,遷入,國外,0
110,4,20,石碇區,,,,無年齡維度,0.0,女,遷入,新北市內,0
110,4,20,石碇區,,,,無年齡維度,0.0,男,遷入,新北市內,0
110,4,20,石碇區,,,,無年齡維度,0.0,女,遷入,桃園市,0
110,4,20,石碇區,,,,無年齡維度,0.0,男,遷入,桃園市,1
110,4,20,石碇區,,,,無年齡維度,0.0,女,遷入,福建省,0
110,4,20,石碇區,,,,無年齡維度,0.0,男,遷入,福建省,0
110,4,20,石碇區,,,,無年齡維度,0.0,女,遷入,臺中市,0
110,4,20,石碇區,,,,無年齡維度,0.0,男,遷入,臺中市,0
110,4,20,石碇區,,,,無年齡維度,0.0,女,遷入,臺北市,4
110,4,20,石碇區,,,,無年齡維度,0.0,男,遷入,臺北市,2
110,4,20,石碇區,,,,無年齡維度,0.0,女,遷入,臺南市,0
110,4,20,石碇區,,,,無年齡維度,0.0,男,遷入,臺南市,0
110,4,20,石碇區,,,,無年齡維度,0.0,女,遷入,臺灣省,2
110,4,20,石碇區,,,,無年齡維度,0.0,男,遷入,臺灣省,2
110,4,20,石碇區,,,,無年齡維度,0.0,女,遷入,高雄市,0
110,4,20,石碇區,,,,無年齡維度,0.0,男,遷入,高雄市,0
110,4,20,石碇區,,,,無年齡維度,0.0,女,遷出,migrants,2
110,4,20,石碇區,,,,無年齡維度,0.0,男,遷出,migrants,4
110,4,20,石碇區,,,,無年齡維度,0.0,女,遷出,other,0
110,4,20,石碇區,,,,無年齡維度,0.0,男,遷出,other,0
110,4,20,石碇區,,,,無年齡維度,0.0,女,遷出,其他縣市,0
110,4,20,石碇區,,,,無年齡維度,0.0,男,遷出,其他縣市,0
110,4,20,石碇區,,,,無年齡維度,0.0,女,遷出,其他鄉鎮,7
110,4,20,石碇區,,,,無年齡維度,0.0,男,遷出,其他鄉鎮,7
110,4,20,石碇區,,,,無年齡維度,0.0,女,遷出,合計,15
110,4,20,石碇區,,,,無年齡維度,0.0,男,遷出,合計,10
110,4,20,石碇區,,,,無年齡維度,0.0,女,遷出,國外,1
110,4,20,石碇區,,,,無年齡維度,0.0,男,遷出,國外,1
110,4,20,石碇區,,,,無年齡維度,0.0,女,遷出,新北市內,0
110,4,20,石碇區,,,,無年齡維度,0.0,男,遷出,新北市內,0
110,4,20,石碇區,,,,無年齡維度,0.0,女,遷出,桃園市,0
110,4,20,石碇區,,,,無年齡維度,0.0,男,遷出,桃園市,0
110,4,20,石碇區,,,,無年齡維度,0.0,女,遷出,福建省,0
110,4,20,石碇區,,,,無年齡維度,0.0,男,遷出,福建省,0
110,4,20,石碇區,,,,無年齡維度,0.0,女,遷出,臺中市,0
110,4,20,石碇區,,,,無年齡維度,0.0,男,遷出,臺中市,0
110,4,20,石碇區,,,,無年齡維度,0.0,女,遷出,臺北市,2
110,4,20,石碇區,,,,無年齡維度,0.0,男,遷出,臺北市,1
110,4,20,石碇區,,,,無年齡維度,0.0,女,遷出,臺南市,0
110,4,20,石碇區,,,,無年齡維度,0.0,男,遷出,臺南市,0
110,4,20,石碇區,,,,無年齡維度,0.0,女,遷出,臺灣省,5
110,4,20,石碇區,,,,無年齡維度,0.0,男,遷出,臺灣省,1
110,4,20,石碇區,,,,無年齡維度,0.0,女,遷出,高雄市,0
110,4,20,石碇區,,,,無年齡維度,0.0,男,遷出,高雄市,0
110,4,21,坪林區,,,,無年齡維度,0.0,女,遷入,migrants,14
110,4,21,坪林區,,,,無年齡維度,0.0,男,遷入,migrants,11
110,4,21,坪林區,,,,無年齡維度,0.0,女,遷入,other,0
110,4,21,坪林區,,,,無年齡維度,0.0,男,遷入,other,0
110,4,21,坪林區,,,,無年齡維度,0.0,女,遷入,其他縣市,0
110,4,21,坪林區,,,,無年齡維度,0.0,男,遷入,其他縣市,0
110,4,21,坪林區,,,,無年齡維度,0.0,女,遷入,其他鄉鎮,24
110,4,21,坪林區,,,,無年齡維度,0.0,男,遷入,其他鄉鎮,26
110,4,21,坪林區,,,,無年齡維度,0.0,女,遷入,合計,41
110,4,21,坪林區,,,,無年齡維度,0.0,男,遷入,合計,41
110,4,21,坪林區,,,,無年齡維度,0.0,女,遷入,國外,0
110,4,21,坪林區,,,,無年齡維度,0.0,男,遷入,國外,0
110,4,21,坪林區,,,,無年齡維度,0.0,女,遷入,新北市內,0
110,4,21,坪林區,,,,無年齡維度,0.0,男,遷入,新北市內,0
110,4,21,坪林區,,,,無年齡維度,0.0,女,遷入,桃園市,2
110,4,21,坪林區,,,,無年齡維度,0.0,男,遷入,桃園市,2
110,4,21,坪林區,,,,無年齡維度,0.0,女,遷入,福建省,0
110,4,21,坪林區,,,,無年齡維度,0.0,男,遷入,福建省,0
110,4,21,坪林區,,,,無年齡維度,0.0,女,遷入,臺中市,0
110,4,21,坪林區,,,,無年齡維度,0.0,男,遷入,臺中市,0
110,4,21,坪林區,,,,無年齡維度,0.0,女,遷入,臺北市,10
110,4,21,坪林區,,,,無年齡維度,0.0,男,遷入,臺北市,8
110,4,21,坪林區,,,,無年齡維度,0.0,女,遷入,臺南市,1
110,4,21,坪林區,,,,無年齡維度,0.0,男,遷入,臺南市,0
110,4,21,坪林區,,,,無年齡維度,0.0,女,遷入,臺灣省,3
110,4,21,坪林區,,,,無年齡維度,0.0,男,遷入,臺灣省,5
110,4,21,坪林區,,,,無年齡維度,0.0,女,遷入,高雄市,0
110,4,21,坪林區,,,,無年齡維度,0.0,男,遷入,高雄市,0
110,4,21,坪林區,,,,無年齡維度,0.0,女,遷出,migrants,14
110,4,21,坪林區,,,,無年齡維度,0.0,男,遷出,migrants,11
110,4,21,坪林區,,,,無年齡維度,0.0,女,遷出,other,0
110,4,21,坪林區,,,,無年齡維度,0.0,男,遷出,other,0
110,4,21,坪林區,,,,無年齡維度,0.0,女,遷出,其他縣市,0
110,4,21,坪林區,,,,無年齡維度,0.0,男,遷出,其他縣市,0
110,4,21,坪林區,,,,無年齡維度,0.0,女,遷出,其他鄉鎮,22
110,4,21,坪林區,,,,無年齡維度,0.0,男,遷出,其他鄉鎮,24
110,4,21,坪林區,,,,無年齡維度,0.0,女,遷出,合計,43
110,4,21,坪林區,,,,無年齡維度,0.0,男,遷出,合計,37
110,4,21,坪林區,,,,無年齡維度,0.0,女,遷出,國外,4
110,4,21,坪林區,,,,無年齡維度,0.0,男,遷出,國外,2
110,4,21,坪林區,,,,無年齡維度,0.0,女,遷出,新北市內,0
110,4,21,坪林區,,,,無年齡維度,0.0,男,遷出,新北市內,0
110,4,21,坪林區,,,,無年齡維度,0.0,女,遷出,桃園市,4
110,4,21,坪林區,,,,無年齡維度,0.0,男,遷出,桃園市,3
110,4,21,坪林區,,,,無年齡維度,0.0,女,遷出,福建省,1
110,4,21,坪林區,,,,無年齡維度,0.0,男,遷出,福建省,0
110,4,21,坪林區,,,,無年齡維度,0.0,女,遷出,臺中市,0
110,4,21,坪林區,,,,無年齡維度,0.0,男,遷出,臺中市,2
110,4,21,坪林區,,,,無年齡維度,0.0,女,遷出,臺北市,4
110,4,21,坪林區,,,,無年齡維度,0.0,男,遷出,臺北市,1
110,4,21,坪林區,,,,無年齡維度,0.0,女,遷出,臺南市,1
110,4,21,坪林區,,,,無年齡維度,0.0,男,遷出,臺南市,3
110,4,21,坪林區,,,,無年齡維度,0.0,女,遷出,臺灣省,7
110,4,21,坪林區,,,,無年齡維度,0.0,男,遷出,臺灣省,2
110,4,21,坪林區,,,,無年齡維度,0.0,女,遷出,高雄市,0
110,4,21,坪林區,,,,無年齡維度,0.0,男,遷出,高雄市,0
110,4,22,三芝區,,,,無年齡維度,0.0,女,遷入,migrants,4
110,4,22,三芝區,,,,無年齡維度,0.0,男,遷入,migrants,2
110,4,22,三芝區,,,,無年齡維度,0.0,女,遷入,other,0
110,4,22,三芝區,,,,無年齡維度,0.0,男,遷入,other,0
110,4,22,三芝區,,,,無年齡維度,0.0,女,遷入,其他縣市,0
110,4,22,三芝區,,,,無年齡維度,0.0,男,遷入,其他縣市,0
110,4,22,三芝區,,,,無年齡維度,0.0,女,遷入,其他鄉鎮,7
110,4,22,三芝區,,,,無年齡維度,0.0,男,遷入,其他鄉鎮,7
110,4,22,三芝區,,,,無年齡維度,0.0,女,遷入,合計,9
110,4,22,三芝區,,,,無年齡維度,0.0,男,遷入,合計,10
110,4,22,三芝區,,,,無年齡維度,0.0,女,遷入,國外,0
110,4,22,三芝區,,,,無年齡維度,0.0,男,遷入,國外,0
110,4,22,三芝區,,,,無年齡維度,0.0,女,遷入,新北市內,0
110,4,22,三芝區,,,,無年齡維度,0.0,男,遷入,新北市內,0
110,4,22,三芝區,,,,無年齡維度,0.0,女,遷入,桃園市,1
110,4,22,三芝區,,,,無年齡維度,0.0,男,遷入,桃園市,1
110,4,22,三芝區,,,,無年齡維度,0.0,女,遷入,福建省,0
110,4,22,三芝區,,,,無年齡維度,0.0,男,遷入,福建省,0
110,4,22,三芝區,,,,無年齡維度,0.0,女,遷入,臺中市,0
110,4,22,三芝區,,,,無年齡維度,0.0,男,遷入,臺中市,0
110,4,22,三芝區,,,,無年齡維度,0.0,女,遷入,臺北市,0
110,4,22,三芝區,,,,無年齡維度,0.0,男,遷入,臺北市,1
110,4,22,三芝區,,,,無年齡維度,0.0,女,遷入,臺南市,0
110,4,22,三芝區,,,,無年齡維度,0.0,男,遷入,臺南市,0
110,4,22,三芝區,,,,無年齡維度,0.0,女,遷入,臺灣省,0
110,4,22,三芝區,,,,無年齡維度,0.0,男,遷入,臺灣省,1
110,4,22,三芝區,,,,無年齡維度,0.0,女,遷入,高雄市,0
110,4,22,三芝區,,,,無年齡維度,0.0,男,遷入,高雄市,0
110,4,22,三芝區,,,,無年齡維度,0.0,女,遷出,migrants,4
110,4,22,三芝區,,,,無年齡維度,0.0,男,遷出,migrants,2
110,4,22,三芝區,,,,無年齡維度,0.0,女,遷出,other,0
110,4,22,三芝區,,,,無年齡維度,0.0,男,遷出,other,0
110,4,22,三芝區,,,,無年齡維度,0.0,女,遷出,其他縣市,0
110,4,22,三芝區,,,,無年齡維度,0.0,男,遷出,其他縣市,0
110,4,22,三芝區,,,,無年齡維度,0.0,女,遷出,其他鄉鎮,17
110,4,22,三芝區,,,,無年齡維度,0.0,男,遷出,其他鄉鎮,24
110,4,22,三芝區,,,,無年齡維度,0.0,女,遷出,合計,19
110,4,22,三芝區,,,,無年齡維度,0.0,男,遷出,合計,30
110,4,22,三芝區,,,,無年齡維度,0.0,女,遷出,國外,0
110,4,22,三芝區,,,,無年齡維度,0.0,男,遷出,國外,1
110,4,22,三芝區,,,,無年齡維度,0.0,女,遷出,新北市內,0
110,4,22,三芝區,,,,無年齡維度,0.0,男,遷出,新北市內,0
110,4,22,三芝區,,,,無年齡維度,0.0,女,遷出,桃園市,0
110,4,22,三芝區,,,,無年齡維度,0.0,男,遷出,桃園市,2
110,4,22,三芝區,,,,無年齡維度,0.0,女,遷出,福建省,0
110,4,22,三芝區,,,,無年齡維度,0.0,男,遷出,福建省,0
110,4,22,三芝區,,,,無年齡維度,0.0,女,遷出,臺中市,0
110,4,22,三芝區,,,,無年齡維度,0.0,男,遷出,臺中市,0
110,4,22,三芝區,,,,無年齡維度,0.0,女,遷出,臺北市,2
110,4,22,三芝區,,,,無年齡維度,0.0,男,遷出,臺北市,1
110,4,22,三芝區,,,,無年齡維度,0.0,女,遷出,臺南市,0
110,4,22,三芝區,,,,無年齡維度,0.0,男,遷出,臺南市,0
110,4,22,三芝區,,,,無年齡維度,0.0,女,遷出,臺灣省,0
110,4,22,三芝區,,,,無年齡維度,0.0,男,遷出,臺灣省,2
110,4,22,三芝區,,,,無年齡維度,0.0,女,遷出,高雄市,0
110,4,22,三芝區,,,,無年齡維度,0.0,男,遷出,高雄市,0
110,4,23,石門區,,,,無年齡維度,0.0,女,遷入,migrants,56
110,4,23,石門區,,,,無年齡維度,0.0,男,遷入,migrants,72
110,4,23,石門區,,,,無年齡維度,0.0,女,遷入,other,0
110,4,23,石門區,,,,無年齡維度,0.0,男,遷入,other,0
110,4,23,石門區,,,,無年齡維度,0.0,女,遷入,其他縣市,0
110,4,23,石門區,,,,無年齡維度,0.0,男,遷入,其他縣市,0
110,4,23,石門區,,,,無年齡維度,0.0,女,遷入,其他鄉鎮,34
110,4,23,石門區,,,,無年齡維度,0.0,男,遷入,其他鄉鎮,28
110,4,23,石門區,,,,無年齡維度,0.0,女,遷入,合計,89
110,4,23,石門區,,,,無年齡維度,0.0,男,遷入,合計,90
110,4,23,石門區,,,,無年齡維度,0.0,女,遷入,國外,0
110,4,23,石門區,,,,無年齡維度,0.0,男,遷入,國外,2
110,4,23,石門區,,,,無年齡維度,0.0,女,遷入,新北市內,0
110,4,23,石門區,,,,無年齡維度,0.0,男,遷入,新北市內,0
110,4,23,石門區,,,,無年齡維度,0.0,女,遷入,桃園市,4
110,4,23,石門區,,,,無年齡維度,0.0,男,遷入,桃園市,3
110,4,23,石門區,,,,無年齡維度,0.0,女,遷入,福建省,0
110,4,23,石門區,,,,無年齡維度,0.0,男,遷入,福建省,0
110,4,23,石門區,,,,無年齡維度,0.0,女,遷入,臺中市,3
110,4,23,石門區,,,,無年齡維度,0.0,男,遷入,臺中市,0
110,4,23,石門區,,,,無年齡維度,0.0,女,遷入,臺北市,35
110,4,23,石門區,,,,無年齡維度,0.0,男,遷入,臺北市,44
110,4,23,石門區,,,,無年齡維度,0.0,女,遷入,臺南市,1
110,4,23,石門區,,,,無年齡維度,0.0,男,遷入,臺南市,0
110,4,23,石門區,,,,無年齡維度,0.0,女,遷入,臺灣省,6
110,4,23,石門區,,,,無年齡維度,0.0,男,遷入,臺灣省,12
110,4,23,石門區,,,,無年齡維度,0.0,女,遷入,高雄市,5
110,4,23,石門區,,,,無年齡維度,0.0,男,遷入,高雄市,1
110,4,23,石門區,,,,無年齡維度,0.0,女,遷出,migrants,56
110,4,23,石門區,,,,無年齡維度,0.0,男,遷出,migrants,72
110,4,23,石門區,,,,無年齡維度,0.0,女,遷出,other,0
110,4,23,石門區,,,,無年齡維度,0.0,男,遷出,other,0
110,4,23,石門區,,,,無年齡維度,0.0,女,遷出,其他縣市,0
110,4,23,石門區,,,,無年齡維度,0.0,男,遷出,其他縣市,0
110,4,23,石門區,,,,無年齡維度,0.0,女,遷出,其他鄉鎮,27
110,4,23,石門區,,,,無年齡維度,0.0,男,遷出,其他鄉鎮,32
110,4,23,石門區,,,,無年齡維度,0.0,女,遷出,合計,72
110,4,23,石門區,,,,無年齡維度,0.0,男,遷出,合計,81
110,4,23,石門區,,,,無年齡維度,0.0,女,遷出,國外,11
110,4,23,石門區,,,,無年齡維度,0.0,男,遷出,國外,10
110,4,23,石門區,,,,無年齡維度,0.0,女,遷出,新北市內,0
110,4,23,石門區,,,,無年齡維度,0.0,男,遷出,新北市內,0
110,4,23,石門區,,,,無年齡維度,0.0,女,遷出,桃園市,3
110,4,23,石門區,,,,無年齡維度,0.0,男,遷出,桃園市,2
110,4,23,石門區,,,,無年齡維度,0.0,女,遷出,福建省,0
110,4,23,石門區,,,,無年齡維度,0.0,男,遷出,福建省,2
110,4,23,石門區,,,,無年齡維度,0.0,女,遷出,臺中市,1
110,4,23,石門區,,,,無年齡維度,0.0,男,遷出,臺中市,0
110,4,23,石門區,,,,無年齡維度,0.0,女,遷出,臺北市,21
110,4,23,石門區,,,,無年齡維度,0.0,男,遷出,臺北市,26
110,4,23,石門區,,,,無年齡維度,0.0,女,遷出,臺南市,0
110,4,23,石門區,,,,無年齡維度,0.0,男,遷出,臺南市,0
110,4,23,石門區,,,,無年齡維度,0.0,女,遷出,臺灣省,9
110,4,23,石門區,,,,無年齡維度,0.0,男,遷出,臺灣省,8
110,4,23,石門區,,,,無年齡維度,0.0,女,遷出,高雄市,0
110,4,23,石門區,,,,無年齡維度,0.0,男,遷出,高雄市,1
110,4,24,金山區,,,,無年齡維度,0.0,女,遷入,migrants,0
110,4,24,金山區,,,,無年齡維度,0.0,男,遷入,migrants,1
110,4,24,金山區,,,,無年齡維度,0.0,女,遷入,other,0
110,4,24,金山區,,,,無年齡維度,0.0,男,遷入,other,0
110,4,24,金山區,,,,無年齡維度,0.0,女,遷入,其他縣市,0
110,4,24,金山區,,,,無年齡維度,0.0,男,遷入,其他縣市,0
110,4,24,金山區,,,,無年齡維度,0.0,女,遷入,其他鄉鎮,8
110,4,24,金山區,,,,無年齡維度,0.0,男,遷入,其他鄉鎮,6
110,4,24,金山區,,,,無年齡維度,0.0,女,遷入,合計,11
110,4,24,金山區,,,,無年齡維度,0.0,男,遷入,合計,7
110,4,24,金山區,,,,無年齡維度,0.0,女,遷入,國外,0
110,4,24,金山區,,,,無年齡維度,0.0,男,遷入,國外,0
110,4,24,金山區,,,,無年齡維度,0.0,女,遷入,新北市內,0
110,4,24,金山區,,,,無年齡維度,0.0,男,遷入,新北市內,0
110,4,24,金山區,,,,無年齡維度,0.0,女,遷入,桃園市,2
110,4,24,金山區,,,,無年齡維度,0.0,男,遷入,桃園市,0
110,4,24,金山區,,,,無年齡維度,0.0,女,遷入,福建省,0
110,4,24,金山區,,,,無年齡維度,0.0,男,遷入,福建省,0
110,4,24,金山區,,,,無年齡維度,0.0,女,遷入,臺中市,0
110,4,24,金山區,,,,無年齡維度,0.0,男,遷入,臺中市,0
110,4,24,金山區,,,,無年齡維度,0.0,女,遷入,臺北市,0
110,4,24,金山區,,,,無年齡維度,0.0,男,遷入,臺北市,0
110,4,24,金山區,,,,無年齡維度,0.0,女,遷入,臺南市,0
110,4,24,金山區,,,,無年齡維度,0.0,男,遷入,臺南市,0
110,4,24,金山區,,,,無年齡維度,0.0,女,遷入,臺灣省,0
110,4,24,金山區,,,,無年齡維度,0.0,男,遷入,臺灣省,1
110,4,24,金山區,,,,無年齡維度,0.0,女,遷入,高雄市,0
110,4,24,金山區,,,,無年齡維度,0.0,男,遷入,高雄市,0
110,4,24,金山區,,,,無年齡維度,0.0,女,遷出,migrants,0
110,4,24,金山區,,,,無年齡維度,0.0,男,遷出,migrants,1
110,4,24,金山區,,,,無年齡維度,0.0,女,遷出,other,0
110,4,24,金山區,,,,無年齡維度,0.0,男,遷出,other,0
110,4,24,金山區,,,,無年齡維度,0.0,女,遷出,其他縣市,0
110,4,24,金山區,,,,無年齡維度,0.0,男,遷出,其他縣市,0
110,4,24,金山區,,,,無年齡維度,0.0,女,遷出,其他鄉鎮,2
110,4,24,金山區,,,,無年齡維度,0.0,男,遷出,其他鄉鎮,6
110,4,24,金山區,,,,無年齡維度,0.0,女,遷出,合計,4
110,4,24,金山區,,,,無年齡維度,0.0,男,遷出,合計,8
110,4,24,金山區,,,,無年齡維度,0.0,女,遷出,國外,1
110,4,24,金山區,,,,無年齡維度,0.0,男,遷出,國外,0
110,4,24,金山區,,,,無年齡維度,0.0,女,遷出,新北市內,0
110,4,24,金山區,,,,無年齡維度,0.0,男,遷出,新北市內,0
110,4,24,金山區,,,,無年齡維度,0.0,女,遷出,桃園市,0
110,4,24,金山區,,,,無年齡維度,0.0,男,遷出,桃園市,1
110,4,24,金山區,,,,無年齡維度,0.0,女,遷出,福建省,0
110,4,24,金山區,,,,無年齡維度,0.0,男,遷出,福建省,0
110,4,24,金山區,,,,無年齡維度,0.0,女,遷出,臺中市,0
110,4,24,金山區,,,,無年齡維度,0.0,男,遷出,臺中市,0
110,4,24,金山區,,,,無年齡維度,0.0,女,遷出,臺北市,1
110,4,24,金山區,,,,無年齡維度,0.0,男,遷出,臺北市,1
110,4,24,金山區,,,,無年齡維度,0.0,女,遷出,臺南市,0
110,4,24,金山區,,,,無年齡維度,0.0,男,遷出,臺南市,0
110,4,24,金山區,,,,無年齡維度,0.0,女,遷出,臺灣省,0
110,4,24,金山區,,,,無年齡維度,0.0,男,遷出,臺灣省,0
110,4,24,金山區,,,,無年齡維度,0.0,女,遷出,高雄市,0
110,4,24,金山區,,,,無年齡維度,0.0,男,遷出,高雄市,0
110,4,25,萬里區,,,,無年齡維度,0.0,女,遷入,migrants,2
110,4,25,萬里區,,,,無年齡維度,0.0,男,遷入,migrants,5
110,4,25,萬里區,,,,無年齡維度,0.0,女,遷入,other,0
110,4,25,萬里區,,,,無年齡維度,0.0,男,遷入,other,0
110,4,25,萬里區,,,,無年齡維度,0.0,女,遷入,其他縣市,0
110,4,25,萬里區,,,,無年齡維度,0.0,男,遷入,其他縣市,0
110,4,25,萬里區,,,,無年齡維度,0.0,女,遷入,其他鄉鎮,3
110,4,25,萬里區,,,,無年齡維度,0.0,男,遷入,其他鄉鎮,3
110,4,25,萬里區,,,,無年齡維度,0.0,女,遷入,合計,6
110,4,25,萬里區,,,,無年齡維度,0.0,男,遷入,合計,5
110,4,25,萬里區,,,,無年齡維度,0.0,女,遷入,國外,0
110,4,25,萬里區,,,,無年齡維度,0.0,男,遷入,國外,0
110,4,25,萬里區,,,,無年齡維度,0.0,女,遷入,新北市內,0
110,4,25,萬里區,,,,無年齡維度,0.0,男,遷入,新北市內,0
110,4,25,萬里區,,,,無年齡維度,0.0,女,遷入,桃園市,1
110,4,25,萬里區,,,,無年齡維度,0.0,男,遷入,桃園市,0
110,4,25,萬里區,,,,無年齡維度,0.0,女,遷入,福建省,0
110,4,25,萬里區,,,,無年齡維度,0.0,男,遷入,福建省,0
110,4,25,萬里區,,,,無年齡維度,0.0,女,遷入,臺中市,0
110,4,25,萬里區,,,,無年齡維度,0.0,男,遷入,臺中市,0
110,4,25,萬里區,,,,無年齡維度,0.0,女,遷入,臺北市,0
110,4,25,萬里區,,,,無年齡維度,0.0,男,遷入,臺北市,1
110,4,25,萬里區,,,,無年齡維度,0.0,女,遷入,臺南市,0
110,4,25,萬里區,,,,無年齡維度,0.0,男,遷入,臺南市,0
110,4,25,萬里區,,,,無年齡維度,0.0,女,遷入,臺灣省,2
110,4,25,萬里區,,,,無年齡維度,0.0,男,遷入,臺灣省,1
110,4,25,萬里區,,,,無年齡維度,0.0,女,遷入,高雄市,0
110,4,25,萬里區,,,,無年齡維度,0.0,男,遷入,高雄市,0
110,4,25,萬里區,,,,無年齡維度,0.0,女,遷出,migrants,2
110,4,25,萬里區,,,,無年齡維度,0.0,男,遷出,migrants,5
110,4,25,萬里區,,,,無年齡維度,0.0,女,遷出,other,0
110,4,25,萬里區,,,,無年齡維度,0.0,男,遷出,other,0
110,4,25,萬里區,,,,無年齡維度,0.0,女,遷出,其他縣市,0
110,4,25,萬里區,,,,無年齡維度,0.0,男,遷出,其他縣市,0
110,4,25,萬里區,,,,無年齡維度,0.0,女,遷出,其他鄉鎮,14
110,4,25,萬里區,,,,無年齡維度,0.0,男,遷出,其他鄉鎮,6
110,4,25,萬里區,,,,無年齡維度,0.0,女,遷出,合計,19
110,4,25,萬里區,,,,無年齡維度,0.0,男,遷出,合計,11
110,4,25,萬里區,,,,無年齡維度,0.0,女,遷出,國外,0
110,4,25,萬里區,,,,無年齡維度,0.0,男,遷出,國外,1
110,4,25,萬里區,,,,無年齡維度,0.0,女,遷出,新北市內,0
110,4,25,萬里區,,,,無年齡維度,0.0,男,遷出,新北市內,0
110,4,25,萬里區,,,,無年齡維度,0.0,女,遷出,桃園市,1
110,4,25,萬里區,,,,無年齡維度,0.0,男,遷出,桃園市,0
110,4,25,萬里區,,,,無年齡維度,0.0,女,遷出,福建省,0
110,4,25,萬里區,,,,無年齡維度,0.0,男,遷出,福建省,0
110,4,25,萬里區,,,,無年齡維度,0.0,女,遷出,臺中市,1
110,4,25,萬里區,,,,無年齡維度,0.0,男,遷出,臺中市,1
110,4,25,萬里區,,,,無年齡維度,0.0,女,遷出,臺北市,0
110,4,25,萬里區,,,,無年齡維度,0.0,男,遷出,臺北市,1
110,4,25,萬里區,,,,無年齡維度,0.0,女,遷出,臺南市,0
110,4,25,萬里區,,,,無年齡維度,0.0,男,遷出,臺南市,0
110,4,25,萬里區,,,,無年齡維度,0.0,女,遷出,臺灣省,3
110,4,25,萬里區,,,,無年齡維度,0.0,男,遷出,臺灣省,1
110,4,25,萬里區,,,,無年齡維度,0.0,女,遷出,高雄市,0
110,4,25,萬里區,,,,無年齡維度,0.0,男,遷出,高雄市,1
110,4,26,平溪區,,,,無年齡維度,0.0,女,遷入,migrants,1
110,4,26,平溪區,,,,無年齡維度,0.0,男,遷入,migrants,6
110,4,26,平溪區,,,,無年齡維度,0.0,女,遷入,other,0
110,4,26,平溪區,,,,無年齡維度,0.0,男,遷入,other,0
110,4,26,平溪區,,,,無年齡維度,0.0,女,遷入,其他縣市,0
110,4,26,平溪區,,,,無年齡維度,0.0,男,遷入,其他縣市,0
110,4,26,平溪區,,,,無年齡維度,0.0,女,遷入,其他鄉鎮,3
110,4,26,平溪區,,,,無年齡維度,0.0,男,遷入,其他鄉鎮,2
110,4,26,平溪區,,,,無年齡維度,0.0,女,遷入,合計,6
110,4,26,平溪區,,,,無年齡維度,0.0,男,遷入,合計,7
110,4,26,平溪區,,,,無年齡維度,0.0,女,遷入,國外,0
110,4,26,平溪區,,,,無年齡維度,0.0,男,遷入,國外,0
110,4,26,平溪區,,,,無年齡維度,0.0,女,遷入,新北市內,0
110,4,26,平溪區,,,,無年齡維度,0.0,男,遷入,新北市內,0
110,4,26,平溪區,,,,無年齡維度,0.0,女,遷入,桃園市,0
110,4,26,平溪區,,,,無年齡維度,0.0,男,遷入,桃園市,0
110,4,26,平溪區,,,,無年齡維度,0.0,女,遷入,福建省,0
110,4,26,平溪區,,,,無年齡維度,0.0,男,遷入,福建省,0
110,4,26,平溪區,,,,無年齡維度,0.0,女,遷入,臺中市,0
110,4,26,平溪區,,,,無年齡維度,0.0,男,遷入,臺中市,0
110,4,26,平溪區,,,,無年齡維度,0.0,女,遷入,臺北市,1
110,4,26,平溪區,,,,無年齡維度,0.0,男,遷入,臺北市,2
110,4,26,平溪區,,,,無年齡維度,0.0,女,遷入,臺南市,0
110,4,26,平溪區,,,,無年齡維度,0.0,男,遷入,臺南市,0
110,4,26,平溪區,,,,無年齡維度,0.0,女,遷入,臺灣省,2
110,4,26,平溪區,,,,無年齡維度,0.0,男,遷入,臺灣省,3
110,4,26,平溪區,,,,無年齡維度,0.0,女,遷入,高雄市,0
110,4,26,平溪區,,,,無年齡維度,0.0,男,遷入,高雄市,0
110,4,26,平溪區,,,,無年齡維度,0.0,女,遷出,migrants,1
110,4,26,平溪區,,,,無年齡維度,0.0,男,遷出,migrants,6
110,4,26,平溪區,,,,無年齡維度,0.0,女,遷出,other,0
110,4,26,平溪區,,,,無年齡維度,0.0,男,遷出,other,0
110,4,26,平溪區,,,,無年齡維度,0.0,女,遷出,其他縣市,0
110,4,26,平溪區,,,,無年齡維度,0.0,男,遷出,其他縣市,0
110,4,26,平溪區,,,,無年齡維度,0.0,女,遷出,其他鄉鎮,7
110,4,26,平溪區,,,,無年齡維度,0.0,男,遷出,其他鄉鎮,6
110,4,26,平溪區,,,,無年齡維度,0.0,女,遷出,合計,23
110,4,26,平溪區,,,,無年齡維度,0.0,男,遷出,合計,20
110,4,26,平溪區,,,,無年齡維度,0.0,女,遷出,國外,6
110,4,26,平溪區,,,,無年齡維度,0.0,男,遷出,國外,1
110,4,26,平溪區,,,,無年齡維度,0.0,女,遷出,新北市內,0
110,4,26,平溪區,,,,無年齡維度,0.0,男,遷出,新北市內,0
110,4,26,平溪區,,,,無年齡維度,0.0,女,遷出,桃園市,1
110,4,26,平溪區,,,,無年齡維度,0.0,男,遷出,桃園市,2
110,4,26,平溪區,,,,無年齡維度,0.0,女,遷出,福建省,0
110,4,26,平溪區,,,,無年齡維度,0.0,男,遷出,福建省,0
110,4,26,平溪區,,,,無年齡維度,0.0,女,遷出,臺中市,0
110,4,26,平溪區,,,,無年齡維度,0.0,男,遷出,臺中市,0
110,4,26,平溪區,,,,無年齡維度,0.0,女,遷出,臺北市,3
110,4,26,平溪區,,,,無年齡維度,0.0,男,遷出,臺北市,3
110,4,26,平溪區,,,,無年齡維度,0.0,女,遷出,臺南市,0
110,4,26,平溪區,,,,無年齡維度,0.0,男,遷出,臺南市,0
110,4,26,平溪區,,,,無年齡維度,0.0,女,遷出,臺灣省,3
110,4,26,平溪區,,,,無年齡維度,0.0,男,遷出,臺灣省,7
110,4,26,平溪區,,,,無年齡維度,0.0,女,遷出,高雄市,3
110,4,26,平溪區,,,,無年齡維度,0.0,男,遷出,高雄市,1
110,4,27,雙溪區,,,,無年齡維度,0.0,女,遷入,migrants,21
110,4,27,雙溪區,,,,無年齡維度,0.0,男,遷入,migrants,21
110,4,27,雙溪區,,,,無年齡維度,0.0,女,遷入,other,0
110,4,27,雙溪區,,,,無年齡維度,0.0,男,遷入,other,0
110,4,27,雙溪區,,,,無年齡維度,0.0,女,遷入,其他縣市,0
110,4,27,雙溪區,,,,無年齡維度,0.0,男,遷入,其他縣市,0
110,4,27,雙溪區,,,,無年齡維度,0.0,女,遷入,其他鄉鎮,13
110,4,27,雙溪區,,,,無年齡維度,0.0,男,遷入,其他鄉鎮,7
110,4,27,雙溪區,,,,無年齡維度,0.0,女,遷入,合計,34
110,4,27,雙溪區,,,,無年齡維度,0.0,男,遷入,合計,19
110,4,27,雙溪區,,,,無年齡維度,0.0,女,遷入,國外,0
110,4,27,雙溪區,,,,無年齡維度,0.0,男,遷入,國外,0
110,4,27,雙溪區,,,,無年齡維度,0.0,女,遷入,新北市內,0
110,4,27,雙溪區,,,,無年齡維度,0.0,男,遷入,新北市內,0
110,4,27,雙溪區,,,,無年齡維度,0.0,女,遷入,桃園市,0
110,4,27,雙溪區,,,,無年齡維度,0.0,男,遷入,桃園市,2
110,4,27,雙溪區,,,,無年齡維度,0.0,女,遷入,福建省,0
110,4,27,雙溪區,,,,無年齡維度,0.0,男,遷入,福建省,0
110,4,27,雙溪區,,,,無年齡維度,0.0,女,遷入,臺中市,1
110,4,27,雙溪區,,,,無年齡維度,0.0,男,遷入,臺中市,0
110,4,27,雙溪區,,,,無年齡維度,0.0,女,遷入,臺北市,8
110,4,27,雙溪區,,,,無年齡維度,0.0,男,遷入,臺北市,6
110,4,27,雙溪區,,,,無年齡維度,0.0,女,遷入,臺南市,0
110,4,27,雙溪區,,,,無年齡維度,0.0,男,遷入,臺南市,0
110,4,27,雙溪區,,,,無年齡維度,0.0,女,遷入,臺灣省,11
110,4,27,雙溪區,,,,無年齡維度,0.0,男,遷入,臺灣省,4
110,4,27,雙溪區,,,,無年齡維度,0.0,女,遷入,高雄市,0
110,4,27,雙溪區,,,,無年齡維度,0.0,男,遷入,高雄市,0
110,4,27,雙溪區,,,,無年齡維度,0.0,女,遷出,migrants,21
110,4,27,雙溪區,,,,無年齡維度,0.0,男,遷出,migrants,21
110,4,27,雙溪區,,,,無年齡維度,0.0,女,遷出,other,0
110,4,27,雙溪區,,,,無年齡維度,0.0,男,遷出,other,0
110,4,27,雙溪區,,,,無年齡維度,0.0,女,遷出,其他縣市,0
110,4,27,雙溪區,,,,無年齡維度,0.0,男,遷出,其他縣市,0
110,4,27,雙溪區,,,,無年齡維度,0.0,女,遷出,其他鄉鎮,11
110,4,27,雙溪區,,,,無年齡維度,0.0,男,遷出,其他鄉鎮,9
110,4,27,雙溪區,,,,無年齡維度,0.0,女,遷出,合計,26
110,4,27,雙溪區,,,,無年齡維度,0.0,男,遷出,合計,30
110,4,27,雙溪區,,,,無年齡維度,0.0,女,遷出,國外,0
110,4,27,雙溪區,,,,無年齡維度,0.0,男,遷出,國外,2
110,4,27,雙溪區,,,,無年齡維度,0.0,女,遷出,新北市內,0
110,4,27,雙溪區,,,,無年齡維度,0.0,男,遷出,新北市內,0
110,4,27,雙溪區,,,,無年齡維度,0.0,女,遷出,桃園市,5
110,4,27,雙溪區,,,,無年齡維度,0.0,男,遷出,桃園市,1
110,4,27,雙溪區,,,,無年齡維度,0.0,女,遷出,福建省,0
110,4,27,雙溪區,,,,無年齡維度,0.0,男,遷出,福建省,0
110,4,27,雙溪區,,,,無年齡維度,0.0,女,遷出,臺中市,0
110,4,27,雙溪區,,,,無年齡維度,0.0,男,遷出,臺中市,1
110,4,27,雙溪區,,,,無年齡維度,0.0,女,遷出,臺北市,3
110,4,27,雙溪區,,,,無年齡維度,0.0,男,遷出,臺北市,7
110,4,27,雙溪區,,,,無年齡維度,0.0,女,遷出,臺南市,1
110,4,27,雙溪區,,,,無年齡維度,0.0,男,遷出,臺南市,2
110,4,27,雙溪區,,,,無年齡維度,0.0,女,遷出,臺灣省,6
110,4,27,雙溪區,,,,無年齡維度,0.0,男,遷出,臺灣省,7
110,4,27,雙溪區,,,,無年齡維度,0.0,女,遷出,高雄市,0
110,4,27,雙溪區,,,,無年齡維度,0.0,男,遷出,高雄市,1
110,4,28,貢寮區,,,,無年齡維度,0.0,女,遷入,migrants,13
110,4,28,貢寮區,,,,無年齡維度,0.0,男,遷入,migrants,16
110,4,28,貢寮區,,,,無年齡維度,0.0,女,遷入,other,0
110,4,28,貢寮區,,,,無年齡維度,0.0,男,遷入,other,0
110,4,28,貢寮區,,,,無年齡維度,0.0,女,遷入,其他縣市,0
110,4,28,貢寮區,,,,無年齡維度,0.0,男,遷入,其他縣市,0
110,4,28,貢寮區,,,,無年齡維度,0.0,女,遷入,其他鄉鎮,9
110,4,28,貢寮區,,,,無年齡維度,0.0,男,遷入,其他鄉鎮,12
110,4,28,貢寮區,,,,無年齡維度,0.0,女,遷入,合計,33
110,4,28,貢寮區,,,,無年齡維度,0.0,男,遷入,合計,18
110,4,28,貢寮區,,,,無年齡維度,0.0,女,遷入,國外,1
110,4,28,貢寮區,,,,無年齡維度,0.0,男,遷入,國外,0
110,4,28,貢寮區,,,,無年齡維度,0.0,女,遷入,新北市內,0
110,4,28,貢寮區,,,,無年齡維度,0.0,男,遷入,新北市內,0
110,4,28,貢寮區,,,,無年齡維度,0.0,女,遷入,桃園市,3
110,4,28,貢寮區,,,,無年齡維度,0.0,男,遷入,桃園市,2
110,4,28,貢寮區,,,,無年齡維度,0.0,女,遷入,福建省,0
110,4,28,貢寮區,,,,無年齡維度,0.0,男,遷入,福建省,0
110,4,28,貢寮區,,,,無年齡維度,0.0,女,遷入,臺中市,2
110,4,28,貢寮區,,,,無年齡維度,0.0,男,遷入,臺中市,0
110,4,28,貢寮區,,,,無年齡維度,0.0,女,遷入,臺北市,4
110,4,28,貢寮區,,,,無年齡維度,0.0,男,遷入,臺北市,0
110,4,28,貢寮區,,,,無年齡維度,0.0,女,遷入,臺南市,0
110,4,28,貢寮區,,,,無年齡維度,0.0,男,遷入,臺南市,1
110,4,28,貢寮區,,,,無年齡維度,0.0,女,遷入,臺灣省,13
110,4,28,貢寮區,,,,無年齡維度,0.0,男,遷入,臺灣省,3
110,4,28,貢寮區,,,,無年齡維度,0.0,女,遷入,高雄市,1
110,4,28,貢寮區,,,,無年齡維度,0.0,男,遷入,高雄市,0
110,4,28,貢寮區,,,,無年齡維度,0.0,女,遷出,migrants,13
110,4,28,貢寮區,,,,無年齡維度,0.0,男,遷出,migrants,16
110,4,28,貢寮區,,,,無年齡維度,0.0,女,遷出,other,0
110,4,28,貢寮區,,,,無年齡維度,0.0,男,遷出,other,0
110,4,28,貢寮區,,,,無年齡維度,0.0,女,遷出,其他縣市,0
110,4,28,貢寮區,,,,無年齡維度,0.0,男,遷出,其他縣市,0
110,4,28,貢寮區,,,,無年齡維度,0.0,女,遷出,其他鄉鎮,8
110,4,28,貢寮區,,,,無年齡維度,0.0,男,遷出,其他鄉鎮,9
110,4,28,貢寮區,,,,無年齡維度,0.0,女,遷出,合計,47
110,4,28,貢寮區,,,,無年齡維度,0.0,男,遷出,合計,36
110,4,28,貢寮區,,,,無年齡維度,0.0,女,遷出,國外,4
110,4,28,貢寮區,,,,無年齡維度,0.0,男,遷出,國外,2
110,4,28,貢寮區,,,,無年齡維度,0.0,女,遷出,新北市內,0
110,4,28,貢寮區,,,,無年齡維度,0.0,男,遷出,新北市內,0
110,4,28,貢寮區,,,,無年齡維度,0.0,女,遷出,桃園市,3
110,4,28,貢寮區,,,,無年齡維度,0.0,男,遷出,桃園市,1
110,4,28,貢寮區,,,,無年齡維度,0.0,女,遷出,福建省,0
110,4,28,貢寮區,,,,無年齡維度,0.0,男,遷出,福建省,0
110,4,28,貢寮區,,,,無年齡維度,0.0,女,遷出,臺中市,1
110,4,28,貢寮區,,,,無年齡維度,0.0,男,遷出,臺中市,1
110,4,28,貢寮區,,,,無年齡維度,0.0,女,遷出,臺北市,3
110,4,28,貢寮區,,,,無年齡維度,0.0,男,遷出,臺北市,4
110,4,28,貢寮區,,,,無年齡維度,0.0,女,遷出,臺南市,0
110,4,28,貢寮區,,,,無年齡維度,0.0,男,遷出,臺南市,0
110,4,28,貢寮區,,,,無年齡維度,0.0,女,遷出,臺灣省,28
110,4,28,貢寮區,,,,無年齡維度,0.0,男,遷出,臺灣省,18
110,4,28,貢寮區,,,,無年齡維度,0.0,女,遷出,高雄市,0
110,4,28,貢寮區,,,,無年齡維度,0.0,男,遷出,高雄市,1
110,4,29,烏來區,,,,無年齡維度,0.0,女,遷入,migrants,8
110,4,29,烏來區,,,,無年齡維度,0.0,男,遷入,migrants,5
110,4,29,烏來區,,,,無年齡維度,0.0,女,遷入,other,0
110,4,29,烏來區,,,,無年齡維度,0.0,男,遷入,other,0
110,4,29,烏來區,,,,無年齡維度,0.0,女,遷入,其他縣市,0
110,4,29,烏來區,,,,無年齡維度,0.0,男,遷入,其他縣市,0
110,4,29,烏來區,,,,無年齡維度,0.0,女,遷入,其他鄉鎮,2
110,4,29,烏來區,,,,無年齡維度,0.0,男,遷入,其他鄉鎮,5
110,4,29,烏來區,,,,無年齡維度,0.0,女,遷入,合計,7
110,4,29,烏來區,,,,無年齡維度,0.0,男,遷入,合計,11
110,4,29,烏來區,,,,無年齡維度,0.0,女,遷入,國外,0
110,4,29,烏來區,,,,無年齡維度,0.0,男,遷入,國外,0
110,4,29,烏來區,,,,無年齡維度,0.0,女,遷入,新北市內,0
110,4,29,烏來區,,,,無年齡維度,0.0,男,遷入,新北市內,0
110,4,29,烏來區,,,,無年齡維度,0.0,女,遷入,桃園市,0
110,4,29,烏來區,,,,無年齡維度,0.0,男,遷入,桃園市,0
110,4,29,烏來區,,,,無年齡維度,0.0,女,遷入,福建省,0
110,4,29,烏來區,,,,無年齡維度,0.0,男,遷入,福建省,0
110,4,29,烏來區,,,,無年齡維度,0.0,女,遷入,臺中市,3
110,4,29,烏來區,,,,無年齡維度,0.0,男,遷入,臺中市,3
110,4,29,烏來區,,,,無年齡維度,0.0,女,遷入,臺北市,2
110,4,29,烏來區,,,,無年齡維度,0.0,男,遷入,臺北市,3
110,4,29,烏來區,,,,無年齡維度,0.0,女,遷入,臺南市,0
110,4,29,烏來區,,,,無年齡維度,0.0,男,遷入,臺南市,0
110,4,29,烏來區,,,,無年齡維度,0.0,女,遷入,臺灣省,0
110,4,29,烏來區,,,,無年齡維度,0.0,男,遷入,臺灣省,0
110,4,29,烏來區,,,,無年齡維度,0.0,女,遷入,高雄市,0
110,4,29,烏來區,,,,無年齡維度,0.0,男,遷入,高雄市,0
110,4,29,烏來區,,,,無年齡維度,0.0,女,遷出,migrants,8
110,4,29,烏來區,,,,無年齡維度,0.0,男,遷出,migrants,5
110,4,29,烏來區,,,,無年齡維度,0.0,女,遷出,other,0
110,4,29,烏來區,,,,無年齡維度,0.0,男,遷出,other,0
110,4,29,烏來區,,,,無年齡維度,0.0,女,遷出,其他縣市,0
110,4,29,烏來區,,,,無年齡維度,0.0,男,遷出,其他縣市,0
110,4,29,烏來區,,,,無年齡維度,0.0,女,遷出,其他鄉鎮,16
110,4,29,烏來區,,,,無年齡維度,0.0,男,遷出,其他鄉鎮,9
110,4,29,烏來區,,,,無年齡維度,0.0,女,遷出,合計,24
110,4,29,烏來區,,,,無年齡維度,0.0,男,遷出,合計,16
110,4,29,烏來區,,,,無年齡維度,0.0,女,遷出,國外,6
110,4,29,烏來區,,,,無年齡維度,0.0,男,遷出,國外,2
110,4,29,烏來區,,,,無年齡維度,0.0,女,遷出,新北市內,0
110,4,29,烏來區,,,,無年齡維度,0.0,男,遷出,新北市內,0
110,4,29,烏來區,,,,無年齡維度,0.0,女,遷出,桃園市,0
110,4,29,烏來區,,,,無年齡維度,0.0,男,遷出,桃園市,1
110,4,29,烏來區,,,,無年齡維度,0.0,女,遷出,福建省,0
110,4,29,烏來區,,,,無年齡維度,0.0,男,遷出,福建省,0
110,4,29,烏來區,,,,無年齡維度,0.0,女,遷出,臺中市,0
110,4,29,烏來區,,,,無年齡維度,0.0,男,遷出,臺中市,1
110,4,29,烏來區,,,,無年齡維度,0.0,女,遷出,臺北市,1
110,4,29,烏來區,,,,無年齡維度,0.0,男,遷出,臺北市,2
110,4,29,烏來區,,,,無年齡維度,0.0,女,遷出,臺南市,0
110,4,29,烏來區,,,,無年齡維度,0.0,男,遷出,臺南市,0
110,4,29,烏來區,,,,無年齡維度,0.0,女,遷出,臺灣省,1
110,4,29,烏來區,,,,無年齡維度,0.0,男,遷出,臺灣省,1
110,4,29,烏來區,,,,無年齡維度,0.0,女,遷出,高雄市,0
110,4,29,烏來區,,,,無年齡維度,0.0,男,遷出,高雄市,0
110,5,1,板橋區,,,,無年齡維度,0.0,女,遷入,migrants,576
110,5,1,板橋區,,,,無年齡維度,0.0,男,遷入,migrants,517
110,5,1,板橋區,,,,無年齡維度,0.0,女,遷入,other,0
110,5,1,板橋區,,,,無年齡維度,0.0,男,遷入,other,0
110,5,1,板橋區,,,,無年齡維度,0.0,女,遷入,其他縣市,0
110,5,1,板橋區,,,,無年齡維度,0.0,男,遷入,其他縣市,0
110,5,1,板橋區,,,,無年齡維度,0.0,女,遷入,其他鄉鎮,354
110,5,1,板橋區,,,,無年齡維度,0.0,男,遷入,其他鄉鎮,226
110,5,1,板橋區,,,,無年齡維度,0.0,女,遷入,合計,795
110,5,1,板橋區,,,,無年齡維度,0.0,男,遷入,合計,557
110,5,1,板橋區,,,,無年齡維度,0.0,女,遷入,國外,24
110,5,1,板橋區,,,,無年齡維度,0.0,男,遷入,國外,6
110,5,1,板橋區,,,,無年齡維度,0.0,女,遷入,新北市內,0
110,5,1,板橋區,,,,無年齡維度,0.0,男,遷入,新北市內,0
110,5,1,板橋區,,,,無年齡維度,0.0,女,遷入,桃園市,60
110,5,1,板橋區,,,,無年齡維度,0.0,男,遷入,桃園市,43
110,5,1,板橋區,,,,無年齡維度,0.0,女,遷入,福建省,3
110,5,1,板橋區,,,,無年齡維度,0.0,男,遷入,福建省,6
110,5,1,板橋區,,,,無年齡維度,0.0,女,遷入,臺中市,26
110,5,1,板橋區,,,,無年齡維度,0.0,男,遷入,臺中市,13
110,5,1,板橋區,,,,無年齡維度,0.0,女,遷入,臺北市,204
110,5,1,板橋區,,,,無年齡維度,0.0,男,遷入,臺北市,169
110,5,1,板橋區,,,,無年齡維度,0.0,女,遷入,臺南市,9
110,5,1,板橋區,,,,無年齡維度,0.0,男,遷入,臺南市,7
110,5,1,板橋區,,,,無年齡維度,0.0,女,遷入,臺灣省,85
110,5,1,板橋區,,,,無年齡維度,0.0,男,遷入,臺灣省,66
110,5,1,板橋區,,,,無年齡維度,0.0,女,遷入,高雄市,17
110,5,1,板橋區,,,,無年齡維度,0.0,男,遷入,高雄市,13
110,5,1,板橋區,,,,無年齡維度,0.0,女,遷出,migrants,576
110,5,1,板橋區,,,,無年齡維度,0.0,男,遷出,migrants,517
110,5,1,板橋區,,,,無年齡維度,0.0,女,遷出,other,0
110,5,1,板橋區,,,,無年齡維度,0.0,男,遷出,other,0
110,5,1,板橋區,,,,無年齡維度,0.0,女,遷出,其他縣市,0
110,5,1,板橋區,,,,無年齡維度,0.0,男,遷出,其他縣市,0
110,5,1,板橋區,,,,無年齡維度,0.0,女,遷出,其他鄉鎮,384
110,5,1,板橋區,,,,無年齡維度,0.0,男,遷出,其他鄉鎮,285
110,5,1,板橋區,,,,無年齡維度,0.0,女,遷出,合計,896
110,5,1,板橋區,,,,無年齡維度,0.0,男,遷出,合計,732
110,5,1,板橋區,,,,無年齡維度,0.0,女,遷出,國外,165
110,5,1,板橋區,,,,無年齡維度,0.0,男,遷出,國外,143
110,5,1,板橋區,,,,無年齡維度,0.0,女,遷出,新北市內,0
110,5,1,板橋區,,,,無年齡維度,0.0,男,遷出,新北市內,0
110,5,1,板橋區,,,,無年齡維度,0.0,女,遷出,桃園市,86
110,5,1,板橋區,,,,無年齡維度,0.0,男,遷出,桃園市,78
110,5,1,板橋區,,,,無年齡維度,0.0,女,遷出,福建省,3
110,5,1,板橋區,,,,無年齡維度,0.0,男,遷出,福建省,3
110,5,1,板橋區,,,,無年齡維度,0.0,女,遷出,臺中市,19
110,5,1,板橋區,,,,無年齡維度,0.0,男,遷出,臺中市,14
110,5,1,板橋區,,,,無年齡維度,0.0,女,遷出,臺北市,114
110,5,1,板橋區,,,,無年齡維度,0.0,男,遷出,臺北市,86
110,5,1,板橋區,,,,無年齡維度,0.0,女,遷出,臺南市,5
110,5,1,板橋區,,,,無年齡維度,0.0,男,遷出,臺南市,15
110,5,1,板橋區,,,,無年齡維度,0.0,女,遷出,臺灣省,97
110,5,1,板橋區,,,,無年齡維度,0.0,男,遷出,臺灣省,95
110,5,1,板橋區,,,,無年齡維度,0.0,女,遷出,高雄市,22
110,5,1,板橋區,,,,無年齡維度,0.0,男,遷出,高雄市,10
110,5,2,三重區,,,,無年齡維度,0.0,女,遷入,migrants,399
110,5,2,三重區,,,,無年齡維度,0.0,男,遷入,migrants,409
110,5,2,三重區,,,,無年齡維度,0.0,女,遷入,other,0
110,5,2,三重區,,,,無年齡維度,0.0,男,遷入,other,0
110,5,2,三重區,,,,無年齡維度,0.0,女,遷入,其他縣市,0
110,5,2,三重區,,,,無年齡維度,0.0,男,遷入,其他縣市,0
110,5,2,三重區,,,,無年齡維度,0.0,女,遷入,其他鄉鎮,194
110,5,2,三重區,,,,無年齡維度,0.0,男,遷入,其他鄉鎮,150
110,5,2,三重區,,,,無年齡維度,0.0,女,遷入,合計,519
110,5,2,三重區,,,,無年齡維度,0.0,男,遷入,合計,443
110,5,2,三重區,,,,無年齡維度,0.0,女,遷入,國外,13
110,5,2,三重區,,,,無年齡維度,0.0,男,遷入,國外,12
110,5,2,三重區,,,,無年齡維度,0.0,女,遷入,新北市內,0
110,5,2,三重區,,,,無年齡維度,0.0,男,遷入,新北市內,0
110,5,2,三重區,,,,無年齡維度,0.0,女,遷入,桃園市,34
110,5,2,三重區,,,,無年齡維度,0.0,男,遷入,桃園市,33
110,5,2,三重區,,,,無年齡維度,0.0,女,遷入,福建省,4
110,5,2,三重區,,,,無年齡維度,0.0,男,遷入,福建省,1
110,5,2,三重區,,,,無年齡維度,0.0,女,遷入,臺中市,25
110,5,2,三重區,,,,無年齡維度,0.0,男,遷入,臺中市,10
110,5,2,三重區,,,,無年齡維度,0.0,女,遷入,臺北市,168
110,5,2,三重區,,,,無年齡維度,0.0,男,遷入,臺北市,165
110,5,2,三重區,,,,無年齡維度,0.0,女,遷入,臺南市,5
110,5,2,三重區,,,,無年齡維度,0.0,男,遷入,臺南市,3
110,5,2,三重區,,,,無年齡維度,0.0,女,遷入,臺灣省,63
110,5,2,三重區,,,,無年齡維度,0.0,男,遷入,臺灣省,58
110,5,2,三重區,,,,無年齡維度,0.0,女,遷入,高雄市,11
110,5,2,三重區,,,,無年齡維度,0.0,男,遷入,高雄市,8
110,5,2,三重區,,,,無年齡維度,0.0,女,遷出,migrants,399
110,5,2,三重區,,,,無年齡維度,0.0,男,遷出,migrants,409
110,5,2,三重區,,,,無年齡維度,0.0,女,遷出,other,0
110,5,2,三重區,,,,無年齡維度,0.0,男,遷出,other,0
110,5,2,三重區,,,,無年齡維度,0.0,女,遷出,其他縣市,0
110,5,2,三重區,,,,無年齡維度,0.0,男,遷出,其他縣市,0
110,5,2,三重區,,,,無年齡維度,0.0,女,遷出,其他鄉鎮,228
110,5,2,三重區,,,,無年齡維度,0.0,男,遷出,其他鄉鎮,199
110,5,2,三重區,,,,無年齡維度,0.0,女,遷出,合計,676
110,5,2,三重區,,,,無年齡維度,0.0,男,遷出,合計,532
110,5,2,三重區,,,,無年齡維度,0.0,女,遷出,國外,133
110,5,2,三重區,,,,無年齡維度,0.0,男,遷出,國外,92
110,5,2,三重區,,,,無年齡維度,0.0,女,遷出,新北市內,0
110,5,2,三重區,,,,無年齡維度,0.0,男,遷出,新北市內,0
110,5,2,三重區,,,,無年齡維度,0.0,女,遷出,桃園市,57
110,5,2,三重區,,,,無年齡維度,0.0,男,遷出,桃園市,36
110,5,2,三重區,,,,無年齡維度,0.0,女,遷出,福建省,1
110,5,2,三重區,,,,無年齡維度,0.0,男,遷出,福建省,5
110,5,2,三重區,,,,無年齡維度,0.0,女,遷出,臺中市,22
110,5,2,三重區,,,,無年齡維度,0.0,男,遷出,臺中市,9
110,5,2,三重區,,,,無年齡維度,0.0,女,遷出,臺北市,146
110,5,2,三重區,,,,無年齡維度,0.0,男,遷出,臺北市,117
110,5,2,三重區,,,,無年齡維度,0.0,女,遷出,臺南市,7
110,5,2,三重區,,,,無年齡維度,0.0,男,遷出,臺南市,6
110,5,2,三重區,,,,無年齡維度,0.0,女,遷出,臺灣省,65
110,5,2,三重區,,,,無年齡維度,0.0,男,遷出,臺灣省,54
110,5,2,三重區,,,,無年齡維度,0.0,女,遷出,高雄市,17
110,5,2,三重區,,,,無年齡維度,0.0,男,遷出,高雄市,13
110,5,3,中和區,,,,無年齡維度,0.0,女,遷入,migrants,296
110,5,3,中和區,,,,無年齡維度,0.0,男,遷入,migrants,327
110,5,3,中和區,,,,無年齡維度,0.0,女,遷入,other,0
110,5,3,中和區,,,,無年齡維度,0.0,男,遷入,other,0
110,5,3,中和區,,,,無年齡維度,0.0,女,遷入,其他縣市,0
110,5,3,中和區,,,,無年齡維度,0.0,男,遷入,其他縣市,0
110,5,3,中和區,,,,無年齡維度,0.0,女,遷入,其他鄉鎮,329
110,5,3,中和區,,,,無年齡維度,0.0,男,遷入,其他鄉鎮,245
110,5,3,中和區,,,,無年齡維度,0.0,女,遷入,合計,720
110,5,3,中和區,,,,無年齡維度,0.0,男,遷入,合計,599
110,5,3,中和區,,,,無年齡維度,0.0,女,遷入,國外,30
110,5,3,中和區,,,,無年齡維度,0.0,男,遷入,國外,28
110,5,3,中和區,,,,無年齡維度,0.0,女,遷入,新北市內,0
110,5,3,中和區,,,,無年齡維度,0.0,男,遷入,新北市內,0
110,5,3,中和區,,,,無年齡維度,0.0,女,遷入,桃園市,29
110,5,3,中和區,,,,無年齡維度,0.0,男,遷入,桃園市,29
110,5,3,中和區,,,,無年齡維度,0.0,女,遷入,福建省,4
110,5,3,中和區,,,,無年齡維度,0.0,男,遷入,福建省,10
110,5,3,中和區,,,,無年齡維度,0.0,女,遷入,臺中市,12
110,5,3,中和區,,,,無年齡維度,0.0,男,遷入,臺中市,13
110,5,3,中和區,,,,無年齡維度,0.0,女,遷入,臺北市,207
110,5,3,中和區,,,,無年齡維度,0.0,男,遷入,臺北市,188
110,5,3,中和區,,,,無年齡維度,0.0,女,遷入,臺南市,4
110,5,3,中和區,,,,無年齡維度,0.0,男,遷入,臺南市,5
110,5,3,中和區,,,,無年齡維度,0.0,女,遷入,臺灣省,69
110,5,3,中和區,,,,無年齡維度,0.0,男,遷入,臺灣省,63
110,5,3,中和區,,,,無年齡維度,0.0,女,遷入,高雄市,22
110,5,3,中和區,,,,無年齡維度,0.0,男,遷入,高雄市,12
110,5,3,中和區,,,,無年齡維度,0.0,女,遷出,migrants,296
110,5,3,中和區,,,,無年齡維度,0.0,男,遷出,migrants,327
110,5,3,中和區,,,,無年齡維度,0.0,女,遷出,other,0
110,5,3,中和區,,,,無年齡維度,0.0,男,遷出,other,0
110,5,3,中和區,,,,無年齡維度,0.0,女,遷出,其他縣市,0
110,5,3,中和區,,,,無年齡維度,0.0,男,遷出,其他縣市,0
110,5,3,中和區,,,,無年齡維度,0.0,女,遷出,其他鄉鎮,358
110,5,3,中和區,,,,無年齡維度,0.0,男,遷出,其他鄉鎮,294
110,5,3,中和區,,,,無年齡維度,0.0,女,遷出,合計,897
110,5,3,中和區,,,,無年齡維度,0.0,男,遷出,合計,747
110,5,3,中和區,,,,無年齡維度,0.0,女,遷出,國外,252
110,5,3,中和區,,,,無年齡維度,0.0,男,遷出,國外,189
110,5,3,中和區,,,,無年齡維度,0.0,女,遷出,新北市內,0
110,5,3,中和區,,,,無年齡維度,0.0,男,遷出,新北市內,0
110,5,3,中和區,,,,無年齡維度,0.0,女,遷出,桃園市,50
110,5,3,中和區,,,,無年齡維度,0.0,男,遷出,桃園市,56
110,5,3,中和區,,,,無年齡維度,0.0,女,遷出,福建省,6
110,5,3,中和區,,,,無年齡維度,0.0,男,遷出,福建省,8
110,5,3,中和區,,,,無年齡維度,0.0,女,遷出,臺中市,20
110,5,3,中和區,,,,無年齡維度,0.0,男,遷出,臺中市,10
110,5,3,中和區,,,,無年齡維度,0.0,女,遷出,臺北市,122
110,5,3,中和區,,,,無年齡維度,0.0,男,遷出,臺北市,103
110,5,3,中和區,,,,無年齡維度,0.0,女,遷出,臺南市,16
110,5,3,中和區,,,,無年齡維度,0.0,男,遷出,臺南市,15
110,5,3,中和區,,,,無年齡維度,0.0,女,遷出,臺灣省,61
110,5,3,中和區,,,,無年齡維度,0.0,男,遷出,臺灣省,59
110,5,3,中和區,,,,無年齡維度,0.0,女,遷出,高雄市,12
110,5,3,中和區,,,,無年齡維度,0.0,男,遷出,高雄市,12
110,5,4,永和區,,,,無年齡維度,0.0,女,遷入,migrants,175
110,5,4,永和區,,,,無年齡維度,0.0,男,遷入,migrants,163
110,5,4,永和區,,,,無年齡維度,0.0,女,遷入,other,0
110,5,4,永和區,,,,無年齡維度,0.0,男,遷入,other,0
110,5,4,永和區,,,,無年齡維度,0.0,女,遷入,其他縣市,0
110,5,4,永和區,,,,無年齡維度,0.0,男,遷入,其他縣市,0
110,5,4,永和區,,,,無年齡維度,0.0,女,遷入,其他鄉鎮,141
110,5,4,永和區,,,,無年齡維度,0.0,男,遷入,其他鄉鎮,100
110,5,4,永和區,,,,無年齡維度,0.0,女,遷入,合計,305
110,5,4,永和區,,,,無年齡維度,0.0,男,遷入,合計,265
110,5,4,永和區,,,,無年齡維度,0.0,女,遷入,國外,13
110,5,4,永和區,,,,無年齡維度,0.0,男,遷入,國外,13
110,5,4,永和區,,,,無年齡維度,0.0,女,遷入,新北市內,0
110,5,4,永和區,,,,無年齡維度,0.0,男,遷入,新北市內,0
110,5,4,永和區,,,,無年齡維度,0.0,女,遷入,桃園市,11
110,5,4,永和區,,,,無年齡維度,0.0,男,遷入,桃園市,10
110,5,4,永和區,,,,無年齡維度,0.0,女,遷入,福建省,1
110,5,4,永和區,,,,無年齡維度,0.0,男,遷入,福建省,4
110,5,4,永和區,,,,無年齡維度,0.0,女,遷入,臺中市,6
110,5,4,永和區,,,,無年齡維度,0.0,男,遷入,臺中市,4
110,5,4,永和區,,,,無年齡維度,0.0,女,遷入,臺北市,94
110,5,4,永和區,,,,無年齡維度,0.0,男,遷入,臺北市,104
110,5,4,永和區,,,,無年齡維度,0.0,女,遷入,臺南市,3
110,5,4,永和區,,,,無年齡維度,0.0,男,遷入,臺南市,3
110,5,4,永和區,,,,無年齡維度,0.0,女,遷入,臺灣省,27
110,5,4,永和區,,,,無年齡維度,0.0,男,遷入,臺灣省,22
110,5,4,永和區,,,,無年齡維度,0.0,女,遷入,高雄市,7
110,5,4,永和區,,,,無年齡維度,0.0,男,遷入,高雄市,3
110,5,4,永和區,,,,無年齡維度,0.0,女,遷出,migrants,175
110,5,4,永和區,,,,無年齡維度,0.0,男,遷出,migrants,163
110,5,4,永和區,,,,無年齡維度,0.0,女,遷出,other,0
110,5,4,永和區,,,,無年齡維度,0.0,男,遷出,other,0
110,5,4,永和區,,,,無年齡維度,0.0,女,遷出,其他縣市,0
110,5,4,永和區,,,,無年齡維度,0.0,男,遷出,其他縣市,0
110,5,4,永和區,,,,無年齡維度,0.0,女,遷出,其他鄉鎮,185
110,5,4,永和區,,,,無年齡維度,0.0,男,遷出,其他鄉鎮,121
110,5,4,永和區,,,,無年齡維度,0.0,女,遷出,合計,391
110,5,4,永和區,,,,無年齡維度,0.0,男,遷出,合計,315
110,5,4,永和區,,,,無年齡維度,0.0,女,遷出,國外,48
110,5,4,永和區,,,,無年齡維度,0.0,男,遷出,國外,44
110,5,4,永和區,,,,無年齡維度,0.0,女,遷出,新北市內,0
110,5,4,永和區,,,,無年齡維度,0.0,男,遷出,新北市內,0
110,5,4,永和區,,,,無年齡維度,0.0,女,遷出,桃園市,17
110,5,4,永和區,,,,無年齡維度,0.0,男,遷出,桃園市,16
110,5,4,永和區,,,,無年齡維度,0.0,女,遷出,福建省,1
110,5,4,永和區,,,,無年齡維度,0.0,男,遷出,福建省,0
110,5,4,永和區,,,,無年齡維度,0.0,女,遷出,臺中市,12
110,5,4,永和區,,,,無年齡維度,0.0,男,遷出,臺中市,14
110,5,4,永和區,,,,無年齡維度,0.0,女,遷出,臺北市,87
110,5,4,永和區,,,,無年齡維度,0.0,男,遷出,臺北市,75
110,5,4,永和區,,,,無年齡維度,0.0,女,遷出,臺南市,3
110,5,4,永和區,,,,無年齡維度,0.0,男,遷出,臺南市,3
110,5,4,永和區,,,,無年齡維度,0.0,女,遷出,臺灣省,34
110,5,4,永和區,,,,無年齡維度,0.0,男,遷出,臺灣省,38
110,5,4,永和區,,,,無年齡維度,0.0,女,遷出,高雄市,4
110,5,4,永和區,,,,無年齡維度,0.0,男,遷出,高雄市,4
110,5,5,新莊區,,,,無年齡維度,0.0,女,遷入,migrants,545
110,5,5,新莊區,,,,無年齡維度,0.0,男,遷入,migrants,490
110,5,5,新莊區,,,,無年齡維度,0.0,女,遷入,other,0
110,5,5,新莊區,,,,無年齡維度,0.0,男,遷入,other,0
110,5,5,新莊區,,,,無年齡維度,0.0,女,遷入,其他縣市,0
110,5,5,新莊區,,,,無年齡維度,0.0,男,遷入,其他縣市,0
110,5,5,新莊區,,,,無年齡維度,0.0,女,遷入,其他鄉鎮,270
110,5,5,新莊區,,,,無年齡維度,0.0,男,遷入,其他鄉鎮,257
110,5,5,新莊區,,,,無年齡維度,0.0,女,遷入,合計,621
110,5,5,新莊區,,,,無年齡維度,0.0,男,遷入,合計,514
110,5,5,新莊區,,,,無年齡維度,0.0,女,遷入,國外,8
110,5,5,新莊區,,,,無年齡維度,0.0,男,遷入,國外,9
110,5,5,新莊區,,,,無年齡維度,0.0,女,遷入,新北市內,0
110,5,5,新莊區,,,,無年齡維度,0.0,男,遷入,新北市內,0
110,5,5,新莊區,,,,無年齡維度,0.0,女,遷入,桃園市,67
110,5,5,新莊區,,,,無年齡維度,0.0,男,遷入,桃園市,49
110,5,5,新莊區,,,,無年齡維度,0.0,女,遷入,福建省,6
110,5,5,新莊區,,,,無年齡維度,0.0,男,遷入,福建省,0
110,5,5,新莊區,,,,無年齡維度,0.0,女,遷入,臺中市,16
110,5,5,新莊區,,,,無年齡維度,0.0,男,遷入,臺中市,16
110,5,5,新莊區,,,,無年齡維度,0.0,女,遷入,臺北市,139
110,5,5,新莊區,,,,無年齡維度,0.0,男,遷入,臺北市,107
110,5,5,新莊區,,,,無年齡維度,0.0,女,遷入,臺南市,8
110,5,5,新莊區,,,,無年齡維度,0.0,男,遷入,臺南市,7
110,5,5,新莊區,,,,無年齡維度,0.0,女,遷入,臺灣省,74
110,5,5,新莊區,,,,無年齡維度,0.0,男,遷入,臺灣省,57
110,5,5,新莊區,,,,無年齡維度,0.0,女,遷入,高雄市,13
110,5,5,新莊區,,,,無年齡維度,0.0,男,遷入,高雄市,7
110,5,5,新莊區,,,,無年齡維度,0.0,女,遷出,migrants,545
110,5,5,新莊區,,,,無年齡維度,0.0,男,遷出,migrants,490
110,5,5,新莊區,,,,無年齡維度,0.0,女,遷出,other,0
110,5,5,新莊區,,,,無年齡維度,0.0,男,遷出,other,0
110,5,5,新莊區,,,,無年齡維度,0.0,女,遷出,其他縣市,0
110,5,5,新莊區,,,,無年齡維度,0.0,男,遷出,其他縣市,0
110,5,5,新莊區,,,,無年齡維度,0.0,女,遷出,其他鄉鎮,248
110,5,5,新莊區,,,,無年齡維度,0.0,男,遷出,其他鄉鎮,208
110,5,5,新莊區,,,,無年齡維度,0.0,女,遷出,合計,693
110,5,5,新莊區,,,,無年齡維度,0.0,男,遷出,合計,567
110,5,5,新莊區,,,,無年齡維度,0.0,女,遷出,國外,168
110,5,5,新莊區,,,,無年齡維度,0.0,男,遷出,國外,125
110,5,5,新莊區,,,,無年齡維度,0.0,女,遷出,新北市內,0
110,5,5,新莊區,,,,無年齡維度,0.0,男,遷出,新北市內,0
110,5,5,新莊區,,,,無年齡維度,0.0,女,遷出,桃園市,87
110,5,5,新莊區,,,,無年齡維度,0.0,男,遷出,桃園市,86
110,5,5,新莊區,,,,無年齡維度,0.0,女,遷出,福建省,3
110,5,5,新莊區,,,,無年齡維度,0.0,男,遷出,福建省,0
110,5,5,新莊區,,,,無年齡維度,0.0,女,遷出,臺中市,18
110,5,5,新莊區,,,,無年齡維度,0.0,男,遷出,臺中市,14
110,5,5,新莊區,,,,無年齡維度,0.0,女,遷出,臺北市,59
110,5,5,新莊區,,,,無年齡維度,0.0,男,遷出,臺北市,44
110,5,5,新莊區,,,,無年齡維度,0.0,女,遷出,臺南市,12
110,5,5,新莊區,,,,無年齡維度,0.0,男,遷出,臺南市,15
110,5,5,新莊區,,,,無年齡維度,0.0,女,遷出,臺灣省,86
110,5,5,新莊區,,,,無年齡維度,0.0,男,遷出,臺灣省,63
110,5,5,新莊區,,,,無年齡維度,0.0,女,遷出,高雄市,12
110,5,5,新莊區,,,,無年齡維度,0.0,男,遷出,高雄市,11
110,5,6,新店區,,,,無年齡維度,0.0,女,遷入,migrants,1126
110,5,6,新店區,,,,無年齡維度,0.0,男,遷入,migrants,1760
110,5,6,新店區,,,,無年齡維度,0.0,女,遷入,other,0
110,5,6,新店區,,,,無年齡維度,0.0,男,遷入,other,0
110,5,6,新店區,,,,無年齡維度,0.0,女,遷入,其他縣市,0
110,5,6,新店區,,,,無年齡維度,0.0,男,遷入,其他縣市,0
110,5,6,新店區,,,,無年齡維度,0.0,女,遷入,其他鄉鎮,169
110,5,6,新店區,,,,無年齡維度,0.0,男,遷入,其他鄉鎮,120
110,5,6,新店區,,,,無年齡維度,0.0,女,遷入,合計,499
110,5,6,新店區,,,,無年齡維度,0.0,男,遷入,合計,414
110,5,6,新店區,,,,無年齡維度,0.0,女,遷入,國外,29
110,5,6,新店區,,,,無年齡維度,0.0,男,遷入,國外,19
110,5,6,新店區,,,,無年齡維度,0.0,女,遷入,新北市內,0
110,5,6,新店區,,,,無年齡維度,0.0,男,遷入,新北市內,0
110,5,6,新店區,,,,無年齡維度,0.0,女,遷入,桃園市,20
110,5,6,新店區,,,,無年齡維度,0.0,男,遷入,桃園市,16
110,5,6,新店區,,,,無年齡維度,0.0,女,遷入,福建省,2
110,5,6,新店區,,,,無年齡維度,0.0,男,遷入,福建省,3
110,5,6,新店區,,,,無年齡維度,0.0,女,遷入,臺中市,19
110,5,6,新店區,,,,無年齡維度,0.0,男,遷入,臺中市,15
110,5,6,新店區,,,,無年齡維度,0.0,女,遷入,臺北市,201
110,5,6,新店區,,,,無年齡維度,0.0,男,遷入,臺北市,174
110,5,6,新店區,,,,無年齡維度,0.0,女,遷入,臺南市,7
110,5,6,新店區,,,,無年齡維度,0.0,男,遷入,臺南市,11
110,5,6,新店區,,,,無年齡維度,0.0,女,遷入,臺灣省,39
110,5,6,新店區,,,,無年齡維度,0.0,男,遷入,臺灣省,32
110,5,6,新店區,,,,無年齡維度,0.0,女,遷入,高雄市,9
110,5,6,新店區,,,,無年齡維度,0.0,男,遷入,高雄市,14
110,5,6,新店區,,,,無年齡維度,0.0,女,遷出,migrants,1126
110,5,6,新店區,,,,無年齡維度,0.0,男,遷出,migrants,1760
110,5,6,新店區,,,,無年齡維度,0.0,女,遷出,other,0
110,5,6,新店區,,,,無年齡維度,0.0,男,遷出,other,0
110,5,6,新店區,,,,無年齡維度,0.0,女,遷出,其他縣市,0
110,5,6,新店區,,,,無年齡維度,0.0,男,遷出,其他縣市,0
110,5,6,新店區,,,,無年齡維度,0.0,女,遷出,其他鄉鎮,141
110,5,6,新店區,,,,無年齡維度,0.0,男,遷出,其他鄉鎮,135
110,5,6,新店區,,,,無年齡維度,0.0,女,遷出,合計,640
110,5,6,新店區,,,,無年齡維度,0.0,男,遷出,合計,498
110,5,6,新店區,,,,無年齡維度,0.0,女,遷出,國外,234
110,5,6,新店區,,,,無年齡維度,0.0,男,遷出,國外,155
110,5,6,新店區,,,,無年齡維度,0.0,女,遷出,新北市內,0
110,5,6,新店區,,,,無年齡維度,0.0,男,遷出,新北市內,0
110,5,6,新店區,,,,無年齡維度,0.0,女,遷出,桃園市,31
110,5,6,新店區,,,,無年齡維度,0.0,男,遷出,桃園市,35
110,5,6,新店區,,,,無年齡維度,0.0,女,遷出,福建省,3
110,5,6,新店區,,,,無年齡維度,0.0,男,遷出,福建省,3
110,5,6,新店區,,,,無年齡維度,0.0,女,遷出,臺中市,15
110,5,6,新店區,,,,無年齡維度,0.0,男,遷出,臺中市,11
110,5,6,新店區,,,,無年齡維度,0.0,女,遷出,臺北市,140
110,5,6,新店區,,,,無年齡維度,0.0,男,遷出,臺北市,113
110,5,6,新店區,,,,無年齡維度,0.0,女,遷出,臺南市,9
110,5,6,新店區,,,,無年齡維度,0.0,男,遷出,臺南市,5
110,5,6,新店區,,,,無年齡維度,0.0,女,遷出,臺灣省,52
110,5,6,新店區,,,,無年齡維度,0.0,男,遷出,臺灣省,34
110,5,6,新店區,,,,無年齡維度,0.0,女,遷出,高雄市,13
110,5,6,新店區,,,,無年齡維度,0.0,男,遷出,高雄市,7
110,5,7,土城區,,,,無年齡維度,0.0,女,遷入,migrants,174
110,5,7,土城區,,,,無年齡維度,0.0,男,遷入,migrants,166
110,5,7,土城區,,,,無年齡維度,0.0,女,遷入,other,0
110,5,7,土城區,,,,無年齡維度,0.0,男,遷入,other,0
110,5,7,土城區,,,,無年齡維度,0.0,女,遷入,其他縣市,0
110,5,7,土城區,,,,無年齡維度,0.0,男,遷入,其他縣市,0
110,5,7,土城區,,,,無年齡維度,0.0,女,遷入,其他鄉鎮,150
110,5,7,土城區,,,,無年齡維度,0.0,男,遷入,其他鄉鎮,133
110,5,7,土城區,,,,無年齡維度,0.0,女,遷入,合計,269
110,5,7,土城區,,,,無年齡維度,0.0,男,遷入,合計,229
110,5,7,土城區,,,,無年齡維度,0.0,女,遷入,國外,6
110,5,7,土城區,,,,無年齡維度,0.0,男,遷入,國外,8
110,5,7,土城區,,,,無年齡維度,0.0,女,遷入,新北市內,0
110,5,7,土城區,,,,無年齡維度,0.0,男,遷入,新北市內,0
110,5,7,土城區,,,,無年齡維度,0.0,女,遷入,桃園市,26
110,5,7,土城區,,,,無年齡維度,0.0,男,遷入,桃園市,22
110,5,7,土城區,,,,無年齡維度,0.0,女,遷入,福建省,5
110,5,7,土城區,,,,無年齡維度,0.0,男,遷入,福建省,0
110,5,7,土城區,,,,無年齡維度,0.0,女,遷入,臺中市,7
110,5,7,土城區,,,,無年齡維度,0.0,男,遷入,臺中市,5
110,5,7,土城區,,,,無年齡維度,0.0,女,遷入,臺北市,44
110,5,7,土城區,,,,無年齡維度,0.0,男,遷入,臺北市,35
110,5,7,土城區,,,,無年齡維度,0.0,女,遷入,臺南市,1
110,5,7,土城區,,,,無年齡維度,0.0,男,遷入,臺南市,1
110,5,7,土城區,,,,無年齡維度,0.0,女,遷入,臺灣省,19
110,5,7,土城區,,,,無年齡維度,0.0,男,遷入,臺灣省,17
110,5,7,土城區,,,,無年齡維度,0.0,女,遷入,高雄市,4
110,5,7,土城區,,,,無年齡維度,0.0,男,遷入,高雄市,2
110,5,7,土城區,,,,無年齡維度,0.0,女,遷出,migrants,174
110,5,7,土城區,,,,無年齡維度,0.0,男,遷出,migrants,166
110,5,7,土城區,,,,無年齡維度,0.0,女,遷出,other,0
110,5,7,土城區,,,,無年齡維度,0.0,男,遷出,other,0
110,5,7,土城區,,,,無年齡維度,0.0,女,遷出,其他縣市,0
110,5,7,土城區,,,,無年齡維度,0.0,男,遷出,其他縣市,0
110,5,7,土城區,,,,無年齡維度,0.0,女,遷出,其他鄉鎮,164
110,5,7,土城區,,,,無年齡維度,0.0,男,遷出,其他鄉鎮,123
110,5,7,土城區,,,,無年齡維度,0.0,女,遷出,合計,342
110,5,7,土城區,,,,無年齡維度,0.0,男,遷出,合計,280
110,5,7,土城區,,,,無年齡維度,0.0,女,遷出,國外,53
110,5,7,土城區,,,,無年齡維度,0.0,男,遷出,國外,48
110,5,7,土城區,,,,無年齡維度,0.0,女,遷出,新北市內,0
110,5,7,土城區,,,,無年齡維度,0.0,男,遷出,新北市內,0
110,5,7,土城區,,,,無年齡維度,0.0,女,遷出,桃園市,61
110,5,7,土城區,,,,無年齡維度,0.0,男,遷出,桃園市,48
110,5,7,土城區,,,,無年齡維度,0.0,女,遷出,福建省,0
110,5,7,土城區,,,,無年齡維度,0.0,男,遷出,福建省,2
110,5,7,土城區,,,,無年齡維度,0.0,女,遷出,臺中市,9
110,5,7,土城區,,,,無年齡維度,0.0,男,遷出,臺中市,2
110,5,7,土城區,,,,無年齡維度,0.0,女,遷出,臺北市,14
110,5,7,土城區,,,,無年齡維度,0.0,男,遷出,臺北市,11
110,5,7,土城區,,,,無年齡維度,0.0,女,遷出,臺南市,3
110,5,7,土城區,,,,無年齡維度,0.0,男,遷出,臺南市,1
110,5,7,土城區,,,,無年齡維度,0.0,女,遷出,臺灣省,34
110,5,7,土城區,,,,無年齡維度,0.0,男,遷出,臺灣省,42
110,5,7,土城區,,,,無年齡維度,0.0,女,遷出,高雄市,4
110,5,7,土城區,,,,無年齡維度,0.0,男,遷出,高雄市,3
110,5,8,蘆洲區,,,,無年齡維度,0.0,女,遷入,migrants,100
110,5,8,蘆洲區,,,,無年齡維度,0.0,男,遷入,migrants,99
110,5,8,蘆洲區,,,,無年齡維度,0.0,女,遷入,other,0
110,5,8,蘆洲區,,,,無年齡維度,0.0,男,遷入,other,0
110,5,8,蘆洲區,,,,無年齡維度,0.0,女,遷入,其他縣市,0
110,5,8,蘆洲區,,,,無年齡維度,0.0,男,遷入,其他縣市,0
110,5,8,蘆洲區,,,,無年齡維度,0.0,女,遷入,其他鄉鎮,66
110,5,8,蘆洲區,,,,無年齡維度,0.0,男,遷入,其他鄉鎮,69
110,5,8,蘆洲區,,,,無年齡維度,0.0,女,遷入,合計,170
110,5,8,蘆洲區,,,,無年齡維度,0.0,男,遷入,合計,175
110,5,8,蘆洲區,,,,無年齡維度,0.0,女,遷入,國外,2
110,5,8,蘆洲區,,,,無年齡維度,0.0,男,遷入,國外,1
110,5,8,蘆洲區,,,,無年齡維度,0.0,女,遷入,新北市內,0
110,5,8,蘆洲區,,,,無年齡維度,0.0,男,遷入,新北市內,0
110,5,8,蘆洲區,,,,無年齡維度,0.0,女,遷入,桃園市,61
110,5,8,蘆洲區,,,,無年齡維度,0.0,男,遷入,桃園市,52
110,5,8,蘆洲區,,,,無年齡維度,0.0,女,遷入,福建省,1
110,5,8,蘆洲區,,,,無年齡維度,0.0,男,遷入,福建省,2
110,5,8,蘆洲區,,,,無年齡維度,0.0,女,遷入,臺中市,1
110,5,8,蘆洲區,,,,無年齡維度,0.0,男,遷入,臺中市,5
110,5,8,蘆洲區,,,,無年齡維度,0.0,女,遷入,臺北市,15
110,5,8,蘆洲區,,,,無年齡維度,0.0,男,遷入,臺北市,17
110,5,8,蘆洲區,,,,無年齡維度,0.0,女,遷入,臺南市,0
110,5,8,蘆洲區,,,,無年齡維度,0.0,男,遷入,臺南市,2
110,5,8,蘆洲區,,,,無年齡維度,0.0,女,遷入,臺灣省,19
110,5,8,蘆洲區,,,,無年齡維度,0.0,男,遷入,臺灣省,19
110,5,8,蘆洲區,,,,無年齡維度,0.0,女,遷入,高雄市,4
110,5,8,蘆洲區,,,,無年齡維度,0.0,男,遷入,高雄市,6
110,5,8,蘆洲區,,,,無年齡維度,0.0,女,遷出,migrants,100
110,5,8,蘆洲區,,,,無年齡維度,0.0,男,遷出,migrants,99
110,5,8,蘆洲區,,,,無年齡維度,0.0,女,遷出,other,0
110,5,8,蘆洲區,,,,無年齡維度,0.0,男,遷出,other,0
110,5,8,蘆洲區,,,,無年齡維度,0.0,女,遷出,其他縣市,0
110,5,8,蘆洲區,,,,無年齡維度,0.0,男,遷出,其他縣市,0
110,5,8,蘆洲區,,,,無年齡維度,0.0,女,遷出,其他鄉鎮,26
110,5,8,蘆洲區,,,,無年齡維度,0.0,男,遷出,其他鄉鎮,24
110,5,8,蘆洲區,,,,無年齡維度,0.0,女,遷出,合計,139
110,5,8,蘆洲區,,,,無年齡維度,0.0,男,遷出,合計,112
110,5,8,蘆洲區,,,,無年齡維度,0.0,女,遷出,國外,25
110,5,8,蘆洲區,,,,無年齡維度,0.0,男,遷出,國外,21
110,5,8,蘆洲區,,,,無年齡維度,0.0,女,遷出,新北市內,0
110,5,8,蘆洲區,,,,無年齡維度,0.0,男,遷出,新北市內,0
110,5,8,蘆洲區,,,,無年齡維度,0.0,女,遷出,桃園市,46
110,5,8,蘆洲區,,,,無年齡維度,0.0,男,遷出,桃園市,39
110,5,8,蘆洲區,,,,無年齡維度,0.0,女,遷出,福建省,3
110,5,8,蘆洲區,,,,無年齡維度,0.0,男,遷出,福建省,1
110,5,8,蘆洲區,,,,無年齡維度,0.0,女,遷出,臺中市,4
110,5,8,蘆洲區,,,,無年齡維度,0.0,男,遷出,臺中市,3
110,5,8,蘆洲區,,,,無年齡維度,0.0,女,遷出,臺北市,9
110,5,8,蘆洲區,,,,無年齡維度,0.0,男,遷出,臺北市,9
110,5,8,蘆洲區,,,,無年齡維度,0.0,女,遷出,臺南市,7
110,5,8,蘆洲區,,,,無年齡維度,0.0,男,遷出,臺南市,0
110,5,8,蘆洲區,,,,無年齡維度,0.0,女,遷出,臺灣省,14
110,5,8,蘆洲區,,,,無年齡維度,0.0,男,遷出,臺灣省,12
110,5,8,蘆洲區,,,,無年齡維度,0.0,女,遷出,高雄市,5
110,5,8,蘆洲區,,,,無年齡維度,0.0,男,遷出,高雄市,3
110,5,9,樹林區,,,,無年齡維度,0.0,女,遷入,migrants,148
110,5,9,樹林區,,,,無年齡維度,0.0,男,遷入,migrants,148
110,5,9,樹林區,,,,無年齡維度,0.0,女,遷入,other,0
110,5,9,樹林區,,,,無年齡維度,0.0,男,遷入,other,0
110,5,9,樹林區,,,,無年齡維度,0.0,女,遷入,其他縣市,0
110,5,9,樹林區,,,,無年齡維度,0.0,男,遷入,其他縣市,0
110,5,9,樹林區,,,,無年齡維度,0.0,女,遷入,其他鄉鎮,89
110,5,9,樹林區,,,,無年齡維度,0.0,男,遷入,其他鄉鎮,79
110,5,9,樹林區,,,,無年齡維度,0.0,女,遷入,合計,185
110,5,9,樹林區,,,,無年齡維度,0.0,男,遷入,合計,148
110,5,9,樹林區,,,,無年齡維度,0.0,女,遷入,國外,6
110,5,9,樹林區,,,,無年齡維度,0.0,男,遷入,國外,3
110,5,9,樹林區,,,,無年齡維度,0.0,女,遷入,新北市內,0
110,5,9,樹林區,,,,無年齡維度,0.0,男,遷入,新北市內,0
110,5,9,樹林區,,,,無年齡維度,0.0,女,遷入,桃園市,22
110,5,9,樹林區,,,,無年齡維度,0.0,男,遷入,桃園市,20
110,5,9,樹林區,,,,無年齡維度,0.0,女,遷入,福建省,1
110,5,9,樹林區,,,,無年齡維度,0.0,男,遷入,福建省,0
110,5,9,樹林區,,,,無年齡維度,0.0,女,遷入,臺中市,2
110,5,9,樹林區,,,,無年齡維度,0.0,男,遷入,臺中市,5
110,5,9,樹林區,,,,無年齡維度,0.0,女,遷入,臺北市,33
110,5,9,樹林區,,,,無年齡維度,0.0,男,遷入,臺北市,23
110,5,9,樹林區,,,,無年齡維度,0.0,女,遷入,臺南市,2
110,5,9,樹林區,,,,無年齡維度,0.0,男,遷入,臺南市,0
110,5,9,樹林區,,,,無年齡維度,0.0,女,遷入,臺灣省,22
110,5,9,樹林區,,,,無年齡維度,0.0,男,遷入,臺灣省,14
110,5,9,樹林區,,,,無年齡維度,0.0,女,遷入,高雄市,5
110,5,9,樹林區,,,,無年齡維度,0.0,男,遷入,高雄市,4
110,5,9,樹林區,,,,無年齡維度,0.0,女,遷出,migrants,148
110,5,9,樹林區,,,,無年齡維度,0.0,男,遷出,migrants,148
110,5,9,樹林區,,,,無年齡維度,0.0,女,遷出,other,0
110,5,9,樹林區,,,,無年齡維度,0.0,男,遷出,other,0
110,5,9,樹林區,,,,無年齡維度,0.0,女,遷出,其他縣市,0
110,5,9,樹林區,,,,無年齡維度,0.0,男,遷出,其他縣市,0
110,5,9,樹林區,,,,無年齡維度,0.0,女,遷出,其他鄉鎮,95
110,5,9,樹林區,,,,無年齡維度,0.0,男,遷出,其他鄉鎮,66
110,5,9,樹林區,,,,無年齡維度,0.0,女,遷出,合計,227
110,5,9,樹林區,,,,無年齡維度,0.0,男,遷出,合計,160
110,5,9,樹林區,,,,無年齡維度,0.0,女,遷出,國外,50
110,5,9,樹林區,,,,無年齡維度,0.0,男,遷出,國外,32
110,5,9,樹林區,,,,無年齡維度,0.0,女,遷出,新北市內,0
110,5,9,樹林區,,,,無年齡維度,0.0,男,遷出,新北市內,0
110,5,9,樹林區,,,,無年齡維度,0.0,女,遷出,桃園市,34
110,5,9,樹林區,,,,無年齡維度,0.0,男,遷出,桃園市,18
110,5,9,樹林區,,,,無年齡維度,0.0,女,遷出,福建省,0
110,5,9,樹林區,,,,無年齡維度,0.0,男,遷出,福建省,1
110,5,9,樹林區,,,,無年齡維度,0.0,女,遷出,臺中市,2
110,5,9,樹林區,,,,無年齡維度,0.0,男,遷出,臺中市,4
110,5,9,樹林區,,,,無年齡維度,0.0,女,遷出,臺北市,18
110,5,9,樹林區,,,,無年齡維度,0.0,男,遷出,臺北市,11
110,5,9,樹林區,,,,無年齡維度,0.0,女,遷出,臺南市,2
110,5,9,樹林區,,,,無年齡維度,0.0,男,遷出,臺南市,0
110,5,9,樹林區,,,,無年齡維度,0.0,女,遷出,臺灣省,22
110,5,9,樹林區,,,,無年齡維度,0.0,男,遷出,臺灣省,22
110,5,9,樹林區,,,,無年齡維度,0.0,女,遷出,高雄市,4
110,5,9,樹林區,,,,無年齡維度,0.0,男,遷出,高雄市,6
110,5,10,鶯歌區,,,,無年齡維度,0.0,女,遷入,migrants,341
110,5,10,鶯歌區,,,,無年齡維度,0.0,男,遷入,migrants,276
110,5,10,鶯歌區,,,,無年齡維度,0.0,女,遷入,other,0
110,5,10,鶯歌區,,,,無年齡維度,0.0,男,遷入,other,0
110,5,10,鶯歌區,,,,無年齡維度,0.0,女,遷入,其他縣市,0
110,5,10,鶯歌區,,,,無年齡維度,0.0,男,遷入,其他縣市,0
110,5,10,鶯歌區,,,,無年齡維度,0.0,女,遷入,其他鄉鎮,139
110,5,10,鶯歌區,,,,無年齡維度,0.0,男,遷入,其他鄉鎮,115
110,5,10,鶯歌區,,,,無年齡維度,0.0,女,遷入,合計,437
110,5,10,鶯歌區,,,,無年齡維度,0.0,男,遷入,合計,374
110,5,10,鶯歌區,,,,無年齡維度,0.0,女,遷入,國外,13
110,5,10,鶯歌區,,,,無年齡維度,0.0,男,遷入,國外,11
110,5,10,鶯歌區,,,,無年齡維度,0.0,女,遷入,新北市內,0
110,5,10,鶯歌區,,,,無年齡維度,0.0,男,遷入,新北市內,0
110,5,10,鶯歌區,,,,無年齡維度,0.0,女,遷入,桃園市,15
110,5,10,鶯歌區,,,,無年齡維度,0.0,男,遷入,桃園市,12
110,5,10,鶯歌區,,,,無年齡維度,0.0,女,遷入,福建省,1
110,5,10,鶯歌區,,,,無年齡維度,0.0,男,遷入,福建省,0
110,5,10,鶯歌區,,,,無年齡維度,0.0,女,遷入,臺中市,12
110,5,10,鶯歌區,,,,無年齡維度,0.0,男,遷入,臺中市,6
110,5,10,鶯歌區,,,,無年齡維度,0.0,女,遷入,臺北市,182
110,5,10,鶯歌區,,,,無年齡維度,0.0,男,遷入,臺北市,171
110,5,10,鶯歌區,,,,無年齡維度,0.0,女,遷入,臺南市,10
110,5,10,鶯歌區,,,,無年齡維度,0.0,男,遷入,臺南市,7
110,5,10,鶯歌區,,,,無年齡維度,0.0,女,遷入,臺灣省,40
110,5,10,鶯歌區,,,,無年齡維度,0.0,男,遷入,臺灣省,37
110,5,10,鶯歌區,,,,無年齡維度,0.0,女,遷入,高雄市,13
110,5,10,鶯歌區,,,,無年齡維度,0.0,男,遷入,高雄市,9
110,5,10,鶯歌區,,,,無年齡維度,0.0,女,遷出,migrants,341
110,5,10,鶯歌區,,,,無年齡維度,0.0,男,遷出,migrants,276
110,5,10,鶯歌區,,,,無年齡維度,0.0,女,遷出,other,0
110,5,10,鶯歌區,,,,無年齡維度,0.0,男,遷出,other,0
110,5,10,鶯歌區,,,,無年齡維度,0.0,女,遷出,其他縣市,0
110,5,10,鶯歌區,,,,無年齡維度,0.0,男,遷出,其他縣市,0
110,5,10,鶯歌區,,,,無年齡維度,0.0,女,遷出,其他鄉鎮,80
110,5,10,鶯歌區,,,,無年齡維度,0.0,男,遷出,其他鄉鎮,71
110,5,10,鶯歌區,,,,無年齡維度,0.0,女,遷出,合計,357
110,5,10,鶯歌區,,,,無年齡維度,0.0,男,遷出,合計,301
110,5,10,鶯歌區,,,,無年齡維度,0.0,女,遷出,國外,146
110,5,10,鶯歌區,,,,無年齡維度,0.0,男,遷出,國外,104
110,5,10,鶯歌區,,,,無年齡維度,0.0,女,遷出,新北市內,0
110,5,10,鶯歌區,,,,無年齡維度,0.0,男,遷出,新北市內,0
110,5,10,鶯歌區,,,,無年齡維度,0.0,女,遷出,桃園市,15
110,5,10,鶯歌區,,,,無年齡維度,0.0,男,遷出,桃園市,16
110,5,10,鶯歌區,,,,無年齡維度,0.0,女,遷出,福建省,0
110,5,10,鶯歌區,,,,無年齡維度,0.0,男,遷出,福建省,0
110,5,10,鶯歌區,,,,無年齡維度,0.0,女,遷出,臺中市,7
110,5,10,鶯歌區,,,,無年齡維度,0.0,男,遷出,臺中市,6
110,5,10,鶯歌區,,,,無年齡維度,0.0,女,遷出,臺北市,64
110,5,10,鶯歌區,,,,無年齡維度,0.0,男,遷出,臺北市,69
110,5,10,鶯歌區,,,,無年齡維度,0.0,女,遷出,臺南市,7
110,5,10,鶯歌區,,,,無年齡維度,0.0,男,遷出,臺南市,5
110,5,10,鶯歌區,,,,無年齡維度,0.0,女,遷出,臺灣省,31
110,5,10,鶯歌區,,,,無年齡維度,0.0,男,遷出,臺灣省,24
110,5,10,鶯歌區,,,,無年齡維度,0.0,女,遷出,高雄市,7
110,5,10,鶯歌區,,,,無年齡維度,0.0,男,遷出,高雄市,6
110,5,11,三峽區,,,,無年齡維度,0.0,女,遷入,migrants,210
110,5,11,三峽區,,,,無年齡維度,0.0,男,遷入,migrants,197
110,5,11,三峽區,,,,無年齡維度,0.0,女,遷入,other,0
110,5,11,三峽區,,,,無年齡維度,0.0,男,遷入,other,0
110,5,11,三峽區,,,,無年齡維度,0.0,女,遷入,其他縣市,0
110,5,11,三峽區,,,,無年齡維度,0.0,男,遷入,其他縣市,0
110,5,11,三峽區,,,,無年齡維度,0.0,女,遷入,其他鄉鎮,71
110,5,11,三峽區,,,,無年齡維度,0.0,男,遷入,其他鄉鎮,53
110,5,11,三峽區,,,,無年齡維度,0.0,女,遷入,合計,390
110,5,11,三峽區,,,,無年齡維度,0.0,男,遷入,合計,315
110,5,11,三峽區,,,,無年齡維度,0.0,女,遷入,國外,6
110,5,11,三峽區,,,,無年齡維度,0.0,男,遷入,國外,3
110,5,11,三峽區,,,,無年齡維度,0.0,女,遷入,新北市內,0
110,5,11,三峽區,,,,無年齡維度,0.0,男,遷入,新北市內,0
110,5,11,三峽區,,,,無年齡維度,0.0,女,遷入,桃園市,16
110,5,11,三峽區,,,,無年齡維度,0.0,男,遷入,桃園市,15
110,5,11,三峽區,,,,無年齡維度,0.0,女,遷入,福建省,3
110,5,11,三峽區,,,,無年齡維度,0.0,男,遷入,福建省,0
110,5,11,三峽區,,,,無年齡維度,0.0,女,遷入,臺中市,10
110,5,11,三峽區,,,,無年齡維度,0.0,男,遷入,臺中市,8
110,5,11,三峽區,,,,無年齡維度,0.0,女,遷入,臺北市,221
110,5,11,三峽區,,,,無年齡維度,0.0,男,遷入,臺北市,176
110,5,11,三峽區,,,,無年齡維度,0.0,女,遷入,臺南市,4
110,5,11,三峽區,,,,無年齡維度,0.0,男,遷入,臺南市,1
110,5,11,三峽區,,,,無年齡維度,0.0,女,遷入,臺灣省,45
110,5,11,三峽區,,,,無年齡維度,0.0,男,遷入,臺灣省,56
110,5,11,三峽區,,,,無年齡維度,0.0,女,遷入,高雄市,9
110,5,11,三峽區,,,,無年齡維度,0.0,男,遷入,高雄市,3
110,5,11,三峽區,,,,無年齡維度,0.0,女,遷出,migrants,210
110,5,11,三峽區,,,,無年齡維度,0.0,男,遷出,migrants,197
110,5,11,三峽區,,,,無年齡維度,0.0,女,遷出,other,0
110,5,11,三峽區,,,,無年齡維度,0.0,男,遷出,other,0
110,5,11,三峽區,,,,無年齡維度,0.0,女,遷出,其他縣市,0
110,5,11,三峽區,,,,無年齡維度,0.0,男,遷出,其他縣市,0
110,5,11,三峽區,,,,無年齡維度,0.0,女,遷出,其他鄉鎮,61
110,5,11,三峽區,,,,無年齡維度,0.0,男,遷出,其他鄉鎮,58
110,5,11,三峽區,,,,無年齡維度,0.0,女,遷出,合計,386
110,5,11,三峽區,,,,無年齡維度,0.0,男,遷出,合計,340
110,5,11,三峽區,,,,無年齡維度,0.0,女,遷出,國外,101
110,5,11,三峽區,,,,無年齡維度,0.0,男,遷出,國外,61
110,5,11,三峽區,,,,無年齡維度,0.0,女,遷出,新北市內,0
110,5,11,三峽區,,,,無年齡維度,0.0,男,遷出,新北市內,0
110,5,11,三峽區,,,,無年齡維度,0.0,女,遷出,桃園市,19
110,5,11,三峽區,,,,無年齡維度,0.0,男,遷出,桃園市,17
110,5,11,三峽區,,,,無年齡維度,0.0,女,遷出,福建省,1
110,5,11,三峽區,,,,無年齡維度,0.0,男,遷出,福建省,2
110,5,11,三峽區,,,,無年齡維度,0.0,女,遷出,臺中市,15
110,5,11,三峽區,,,,無年齡維度,0.0,男,遷出,臺中市,12
110,5,11,三峽區,,,,無年齡維度,0.0,女,遷出,臺北市,125
110,5,11,三峽區,,,,無年齡維度,0.0,男,遷出,臺北市,110
110,5,11,三峽區,,,,無年齡維度,0.0,女,遷出,臺南市,1
110,5,11,三峽區,,,,無年齡維度,0.0,男,遷出,臺南市,3
110,5,11,三峽區,,,,無年齡維度,0.0,女,遷出,臺灣省,54
110,5,11,三峽區,,,,無年齡維度,0.0,男,遷出,臺灣省,73
110,5,11,三峽區,,,,無年齡維度,0.0,女,遷出,高雄市,9
110,5,11,三峽區,,,,無年齡維度,0.0,男,遷出,高雄市,4
110,5,12,淡水區,,,,無年齡維度,0.0,女,遷入,migrants,13
110,5,12,淡水區,,,,無年齡維度,0.0,男,遷入,migrants,26
110,5,12,淡水區,,,,無年齡維度,0.0,女,遷入,other,0
110,5,12,淡水區,,,,無年齡維度,0.0,男,遷入,other,0
110,5,12,淡水區,,,,無年齡維度,0.0,女,遷入,其他縣市,0
110,5,12,淡水區,,,,無年齡維度,0.0,男,遷入,其他縣市,0
110,5,12,淡水區,,,,無年齡維度,0.0,女,遷入,其他鄉鎮,6
110,5,12,淡水區,,,,無年齡維度,0.0,男,遷入,其他鄉鎮,2
110,5,12,淡水區,,,,無年齡維度,0.0,女,遷入,合計,43
110,5,12,淡水區,,,,無年齡維度,0.0,男,遷入,合計,44
110,5,12,淡水區,,,,無年齡維度,0.0,女,遷入,國外,0
110,5,12,淡水區,,,,無年齡維度,0.0,男,遷入,國外,0
110,5,12,淡水區,,,,無年齡維度,0.0,女,遷入,新北市內,0
110,5,12,淡水區,,,,無年齡維度,0.0,男,遷入,新北市內,0
110,5,12,淡水區,,,,無年齡維度,0.0,女,遷入,桃園市,4
110,5,12,淡水區,,,,無年齡維度,0.0,男,遷入,桃園市,3
110,5,12,淡水區,,,,無年齡維度,0.0,女,遷入,福建省,0
110,5,12,淡水區,,,,無年齡維度,0.0,男,遷入,福建省,0
110,5,12,淡水區,,,,無年齡維度,0.0,女,遷入,臺中市,0
110,5,12,淡水區,,,,無年齡維度,0.0,男,遷入,臺中市,1
110,5,12,淡水區,,,,無年齡維度,0.0,女,遷入,臺北市,4
110,5,12,淡水區,,,,無年齡維度,0.0,男,遷入,臺北市,8
110,5,12,淡水區,,,,無年齡維度,0.0,女,遷入,臺南市,0
110,5,12,淡水區,,,,無年齡維度,0.0,男,遷入,臺南市,1
110,5,12,淡水區,,,,無年齡維度,0.0,女,遷入,臺灣省,24
110,5,12,淡水區,,,,無年齡維度,0.0,男,遷入,臺灣省,27
110,5,12,淡水區,,,,無年齡維度,0.0,女,遷入,高雄市,2
110,5,12,淡水區,,,,無年齡維度,0.0,男,遷入,高雄市,1
110,5,12,淡水區,,,,無年齡維度,0.0,女,遷出,migrants,13
110,5,12,淡水區,,,,無年齡維度,0.0,男,遷出,migrants,26
110,5,12,淡水區,,,,無年齡維度,0.0,女,遷出,other,0
110,5,12,淡水區,,,,無年齡維度,0.0,男,遷出,other,0
110,5,12,淡水區,,,,無年齡維度,0.0,女,遷出,其他縣市,0
110,5,12,淡水區,,,,無年齡維度,0.0,男,遷出,其他縣市,0
110,5,12,淡水區,,,,無年齡維度,0.0,女,遷出,其他鄉鎮,7
110,5,12,淡水區,,,,無年齡維度,0.0,男,遷出,其他鄉鎮,17
110,5,12,淡水區,,,,無年齡維度,0.0,女,遷出,合計,38
110,5,12,淡水區,,,,無年齡維度,0.0,男,遷出,合計,53
110,5,12,淡水區,,,,無年齡維度,0.0,女,遷出,國外,6
110,5,12,淡水區,,,,無年齡維度,0.0,男,遷出,國外,2
110,5,12,淡水區,,,,無年齡維度,0.0,女,遷出,新北市內,0
110,5,12,淡水區,,,,無年齡維度,0.0,男,遷出,新北市內,0
110,5,12,淡水區,,,,無年齡維度,0.0,女,遷出,桃園市,0
110,5,12,淡水區,,,,無年齡維度,0.0,男,遷出,桃園市,1
110,5,12,淡水區,,,,無年齡維度,0.0,女,遷出,福建省,0
110,5,12,淡水區,,,,無年齡維度,0.0,男,遷出,福建省,0
110,5,12,淡水區,,,,無年齡維度,0.0,女,遷出,臺中市,0
110,5,12,淡水區,,,,無年齡維度,0.0,男,遷出,臺中市,0
110,5,12,淡水區,,,,無年齡維度,0.0,女,遷出,臺北市,2
110,5,12,淡水區,,,,無年齡維度,0.0,男,遷出,臺北市,5
110,5,12,淡水區,,,,無年齡維度,0.0,女,遷出,臺南市,5
110,5,12,淡水區,,,,無年齡維度,0.0,男,遷出,臺南市,1
110,5,12,淡水區,,,,無年齡維度,0.0,女,遷出,臺灣省,18
110,5,12,淡水區,,,,無年齡維度,0.0,男,遷出,臺灣省,26
110,5,12,淡水區,,,,無年齡維度,0.0,女,遷出,高雄市,0
110,5,12,淡水區,,,,無年齡維度,0.0,男,遷出,高雄市,1
110,5,13,汐止區,,,,無年齡維度,0.0,女,遷入,migrants,240
110,5,13,汐止區,,,,無年齡維度,0.0,男,遷入,migrants,210
110,5,13,汐止區,,,,無年齡維度,0.0,女,遷入,other,0
110,5,13,汐止區,,,,無年齡維度,0.0,男,遷入,other,0
110,5,13,汐止區,,,,無年齡維度,0.0,女,遷入,其他縣市,0
110,5,13,汐止區,,,,無年齡維度,0.0,男,遷入,其他縣市,0
110,5,13,汐止區,,,,無年齡維度,0.0,女,遷入,其他鄉鎮,186
110,5,13,汐止區,,,,無年齡維度,0.0,男,遷入,其他鄉鎮,152
110,5,13,汐止區,,,,無年齡維度,0.0,女,遷入,合計,339
110,5,13,汐止區,,,,無年齡維度,0.0,男,遷入,合計,293
110,5,13,汐止區,,,,無年齡維度,0.0,女,遷入,國外,4
110,5,13,汐止區,,,,無年齡維度,0.0,男,遷入,國外,8
110,5,13,汐止區,,,,無年齡維度,0.0,女,遷入,新北市內,0
110,5,13,汐止區,,,,無年齡維度,0.0,男,遷入,新北市內,0
110,5,13,汐止區,,,,無年齡維度,0.0,女,遷入,桃園市,30
110,5,13,汐止區,,,,無年齡維度,0.0,男,遷入,桃園市,31
110,5,13,汐止區,,,,無年齡維度,0.0,女,遷入,福建省,2
110,5,13,汐止區,,,,無年齡維度,0.0,男,遷入,福建省,3
110,5,13,汐止區,,,,無年齡維度,0.0,女,遷入,臺中市,9
110,5,13,汐止區,,,,無年齡維度,0.0,男,遷入,臺中市,4
110,5,13,汐止區,,,,無年齡維度,0.0,女,遷入,臺北市,55
110,5,13,汐止區,,,,無年齡維度,0.0,男,遷入,臺北市,58
110,5,13,汐止區,,,,無年齡維度,0.0,女,遷入,臺南市,8
110,5,13,汐止區,,,,無年齡維度,0.0,男,遷入,臺南市,6
110,5,13,汐止區,,,,無年齡維度,0.0,女,遷入,臺灣省,30
110,5,13,汐止區,,,,無年齡維度,0.0,男,遷入,臺灣省,23
110,5,13,汐止區,,,,無年齡維度,0.0,女,遷入,高雄市,6
110,5,13,汐止區,,,,無年齡維度,0.0,男,遷入,高雄市,3
110,5,13,汐止區,,,,無年齡維度,0.0,女,遷出,migrants,240
110,5,13,汐止區,,,,無年齡維度,0.0,男,遷出,migrants,210
110,5,13,汐止區,,,,無年齡維度,0.0,女,遷出,other,0
110,5,13,汐止區,,,,無年齡維度,0.0,男,遷出,other,0
110,5,13,汐止區,,,,無年齡維度,0.0,女,遷出,其他縣市,0
110,5,13,汐止區,,,,無年齡維度,0.0,男,遷出,其他縣市,0
110,5,13,汐止區,,,,無年齡維度,0.0,女,遷出,其他鄉鎮,217
110,5,13,汐止區,,,,無年齡維度,0.0,男,遷出,其他鄉鎮,148
110,5,13,汐止區,,,,無年齡維度,0.0,女,遷出,合計,437
110,5,13,汐止區,,,,無年齡維度,0.0,男,遷出,合計,318
110,5,13,汐止區,,,,無年齡維度,0.0,女,遷出,國外,70
110,5,13,汐止區,,,,無年齡維度,0.0,男,遷出,國外,62
110,5,13,汐止區,,,,無年齡維度,0.0,女,遷出,新北市內,0
110,5,13,汐止區,,,,無年齡維度,0.0,男,遷出,新北市內,0
110,5,13,汐止區,,,,無年齡維度,0.0,女,遷出,桃園市,38
110,5,13,汐止區,,,,無年齡維度,0.0,男,遷出,桃園市,23
110,5,13,汐止區,,,,無年齡維度,0.0,女,遷出,福建省,6
110,5,13,汐止區,,,,無年齡維度,0.0,男,遷出,福建省,1
110,5,13,汐止區,,,,無年齡維度,0.0,女,遷出,臺中市,9
110,5,13,汐止區,,,,無年齡維度,0.0,男,遷出,臺中市,6
110,5,13,汐止區,,,,無年齡維度,0.0,女,遷出,臺北市,37
110,5,13,汐止區,,,,無年齡維度,0.0,男,遷出,臺北市,30
110,5,13,汐止區,,,,無年齡維度,0.0,女,遷出,臺南市,5
110,5,13,汐止區,,,,無年齡維度,0.0,男,遷出,臺南市,11
110,5,13,汐止區,,,,無年齡維度,0.0,女,遷出,臺灣省,51
110,5,13,汐止區,,,,無年齡維度,0.0,男,遷出,臺灣省,30
110,5,13,汐止區,,,,無年齡維度,0.0,女,遷出,高雄市,4
110,5,13,汐止區,,,,無年齡維度,0.0,男,遷出,高雄市,7
110,5,14,瑞芳區,,,,無年齡維度,0.0,女,遷入,migrants,215
110,5,14,瑞芳區,,,,無年齡維度,0.0,男,遷入,migrants,180
110,5,14,瑞芳區,,,,無年齡維度,0.0,女,遷入,other,0
110,5,14,瑞芳區,,,,無年齡維度,0.0,男,遷入,other,0
110,5,14,瑞芳區,,,,無年齡維度,0.0,女,遷入,其他縣市,0
110,5,14,瑞芳區,,,,無年齡維度,0.0,男,遷入,其他縣市,0
110,5,14,瑞芳區,,,,無年齡維度,0.0,女,遷入,其他鄉鎮,145
110,5,14,瑞芳區,,,,無年齡維度,0.0,男,遷入,其他鄉鎮,121
110,5,14,瑞芳區,,,,無年齡維度,0.0,女,遷入,合計,328
110,5,14,瑞芳區,,,,無年齡維度,0.0,男,遷入,合計,271
110,5,14,瑞芳區,,,,無年齡維度,0.0,女,遷入,國外,4
110,5,14,瑞芳區,,,,無年齡維度,0.0,男,遷入,國外,2
110,5,14,瑞芳區,,,,無年齡維度,0.0,女,遷入,新北市內,0
110,5,14,瑞芳區,,,,無年齡維度,0.0,男,遷入,新北市內,0
110,5,14,瑞芳區,,,,無年齡維度,0.0,女,遷入,桃園市,17
110,5,14,瑞芳區,,,,無年齡維度,0.0,男,遷入,桃園市,10
110,5,14,瑞芳區,,,,無年齡維度,0.0,女,遷入,福建省,0
110,5,14,瑞芳區,,,,無年齡維度,0.0,男,遷入,福建省,1
110,5,14,瑞芳區,,,,無年齡維度,0.0,女,遷入,臺中市,7
110,5,14,瑞芳區,,,,無年齡維度,0.0,男,遷入,臺中市,10
110,5,14,瑞芳區,,,,無年齡維度,0.0,女,遷入,臺北市,103
110,5,14,瑞芳區,,,,無年齡維度,0.0,男,遷入,臺北市,89
110,5,14,瑞芳區,,,,無年齡維度,0.0,女,遷入,臺南市,3
110,5,14,瑞芳區,,,,無年齡維度,0.0,男,遷入,臺南市,1
110,5,14,瑞芳區,,,,無年齡維度,0.0,女,遷入,臺灣省,36
110,5,14,瑞芳區,,,,無年齡維度,0.0,男,遷入,臺灣省,33
110,5,14,瑞芳區,,,,無年齡維度,0.0,女,遷入,高雄市,5
110,5,14,瑞芳區,,,,無年齡維度,0.0,男,遷入,高雄市,2
110,5,14,瑞芳區,,,,無年齡維度,0.0,女,遷出,migrants,215
110,5,14,瑞芳區,,,,無年齡維度,0.0,男,遷出,migrants,180
110,5,14,瑞芳區,,,,無年齡維度,0.0,女,遷出,other,0
110,5,14,瑞芳區,,,,無年齡維度,0.0,男,遷出,other,0
110,5,14,瑞芳區,,,,無年齡維度,0.0,女,遷出,其他縣市,0
110,5,14,瑞芳區,,,,無年齡維度,0.0,男,遷出,其他縣市,0
110,5,14,瑞芳區,,,,無年齡維度,0.0,女,遷出,其他鄉鎮,189
110,5,14,瑞芳區,,,,無年齡維度,0.0,男,遷出,其他鄉鎮,137
110,5,14,瑞芳區,,,,無年齡維度,0.0,女,遷出,合計,384
110,5,14,瑞芳區,,,,無年齡維度,0.0,男,遷出,合計,299
110,5,14,瑞芳區,,,,無年齡維度,0.0,女,遷出,國外,70
110,5,14,瑞芳區,,,,無年齡維度,0.0,男,遷出,國外,44
110,5,14,瑞芳區,,,,無年齡維度,0.0,女,遷出,新北市內,0
110,5,14,瑞芳區,,,,無年齡維度,0.0,男,遷出,新北市內,0
110,5,14,瑞芳區,,,,無年齡維度,0.0,女,遷出,桃園市,22
110,5,14,瑞芳區,,,,無年齡維度,0.0,男,遷出,桃園市,29
110,5,14,瑞芳區,,,,無年齡維度,0.0,女,遷出,福建省,1
110,5,14,瑞芳區,,,,無年齡維度,0.0,男,遷出,福建省,1
110,5,14,瑞芳區,,,,無年齡維度,0.0,女,遷出,臺中市,9
110,5,14,瑞芳區,,,,無年齡維度,0.0,男,遷出,臺中市,2
110,5,14,瑞芳區,,,,無年齡維度,0.0,女,遷出,臺北市,53
110,5,14,瑞芳區,,,,無年齡維度,0.0,男,遷出,臺北市,50
110,5,14,瑞芳區,,,,無年齡維度,0.0,女,遷出,臺南市,6
110,5,14,瑞芳區,,,,無年齡維度,0.0,男,遷出,臺南市,9
110,5,14,瑞芳區,,,,無年齡維度,0.0,女,遷出,臺灣省,28
110,5,14,瑞芳區,,,,無年齡維度,0.0,男,遷出,臺灣省,24
110,5,14,瑞芳區,,,,無年齡維度,0.0,女,遷出,高雄市,6
110,5,14,瑞芳區,,,,無年齡維度,0.0,男,遷出,高雄市,3
110,5,15,五股區,,,,無年齡維度,0.0,女,遷入,migrants,97
110,5,15,五股區,,,,無年齡維度,0.0,男,遷入,migrants,81
110,5,15,五股區,,,,無年齡維度,0.0,女,遷入,other,0
110,5,15,五股區,,,,無年齡維度,0.0,男,遷入,other,0
110,5,15,五股區,,,,無年齡維度,0.0,女,遷入,其他縣市,0
110,5,15,五股區,,,,無年齡維度,0.0,男,遷入,其他縣市,0
110,5,15,五股區,,,,無年齡維度,0.0,女,遷入,其他鄉鎮,101
110,5,15,五股區,,,,無年齡維度,0.0,男,遷入,其他鄉鎮,101
110,5,15,五股區,,,,無年齡維度,0.0,女,遷入,合計,163
110,5,15,五股區,,,,無年齡維度,0.0,男,遷入,合計,153
110,5,15,五股區,,,,無年齡維度,0.0,女,遷入,國外,2
110,5,15,五股區,,,,無年齡維度,0.0,男,遷入,國外,4
110,5,15,五股區,,,,無年齡維度,0.0,女,遷入,新北市內,0
110,5,15,五股區,,,,無年齡維度,0.0,男,遷入,新北市內,0
110,5,15,五股區,,,,無年齡維度,0.0,女,遷入,桃園市,5
110,5,15,五股區,,,,無年齡維度,0.0,男,遷入,桃園市,7
110,5,15,五股區,,,,無年齡維度,0.0,女,遷入,福建省,1
110,5,15,五股區,,,,無年齡維度,0.0,男,遷入,福建省,0
110,5,15,五股區,,,,無年齡維度,0.0,女,遷入,臺中市,3
110,5,15,五股區,,,,無年齡維度,0.0,男,遷入,臺中市,2
110,5,15,五股區,,,,無年齡維度,0.0,女,遷入,臺北市,32
110,5,15,五股區,,,,無年齡維度,0.0,男,遷入,臺北市,23
110,5,15,五股區,,,,無年齡維度,0.0,女,遷入,臺南市,2
110,5,15,五股區,,,,無年齡維度,0.0,男,遷入,臺南市,1
110,5,15,五股區,,,,無年齡維度,0.0,女,遷入,臺灣省,13
110,5,15,五股區,,,,無年齡維度,0.0,男,遷入,臺灣省,12
110,5,15,五股區,,,,無年齡維度,0.0,女,遷入,高雄市,0
110,5,15,五股區,,,,無年齡維度,0.0,男,遷入,高雄市,3
110,5,15,五股區,,,,無年齡維度,0.0,女,遷出,migrants,97
110,5,15,五股區,,,,無年齡維度,0.0,男,遷出,migrants,81
110,5,15,五股區,,,,無年齡維度,0.0,女,遷出,other,0
110,5,15,五股區,,,,無年齡維度,0.0,男,遷出,other,0
110,5,15,五股區,,,,無年齡維度,0.0,女,遷出,其他縣市,0
110,5,15,五股區,,,,無年齡維度,0.0,男,遷出,其他縣市,0
110,5,15,五股區,,,,無年齡維度,0.0,女,遷出,其他鄉鎮,83
110,5,15,五股區,,,,無年齡維度,0.0,男,遷出,其他鄉鎮,54
110,5,15,五股區,,,,無年齡維度,0.0,女,遷出,合計,165
110,5,15,五股區,,,,無年齡維度,0.0,男,遷出,合計,130
110,5,15,五股區,,,,無年齡維度,0.0,女,遷出,國外,23
110,5,15,五股區,,,,無年齡維度,0.0,男,遷出,國外,19
110,5,15,五股區,,,,無年齡維度,0.0,女,遷出,新北市內,0
110,5,15,五股區,,,,無年齡維度,0.0,男,遷出,新北市內,0
110,5,15,五股區,,,,無年齡維度,0.0,女,遷出,桃園市,20
110,5,15,五股區,,,,無年齡維度,0.0,男,遷出,桃園市,19
110,5,15,五股區,,,,無年齡維度,0.0,女,遷出,福建省,0
110,5,15,五股區,,,,無年齡維度,0.0,男,遷出,福建省,0
110,5,15,五股區,,,,無年齡維度,0.0,女,遷出,臺中市,0
110,5,15,五股區,,,,無年齡維度,0.0,男,遷出,臺中市,1
110,5,15,五股區,,,,無年齡維度,0.0,女,遷出,臺北市,15
110,5,15,五股區,,,,無年齡維度,0.0,男,遷出,臺北市,12
110,5,15,五股區,,,,無年齡維度,0.0,女,遷出,臺南市,2
110,5,15,五股區,,,,無年齡維度,0.0,男,遷出,臺南市,0
110,5,15,五股區,,,,無年齡維度,0.0,女,遷出,臺灣省,18
110,5,15,五股區,,,,無年齡維度,0.0,男,遷出,臺灣省,23
110,5,15,五股區,,,,無年齡維度,0.0,女,遷出,高雄市,4
110,5,15,五股區,,,,無年齡維度,0.0,男,遷出,高雄市,2
110,5,16,泰山區,,,,無年齡維度,0.0,女,遷入,migrants,64
110,5,16,泰山區,,,,無年齡維度,0.0,男,遷入,migrants,80
110,5,16,泰山區,,,,無年齡維度,0.0,女,遷入,other,0
110,5,16,泰山區,,,,無年齡維度,0.0,男,遷入,other,0
110,5,16,泰山區,,,,無年齡維度,0.0,女,遷入,其他縣市,0
110,5,16,泰山區,,,,無年齡維度,0.0,男,遷入,其他縣市,0
110,5,16,泰山區,,,,無年齡維度,0.0,女,遷入,其他鄉鎮,59
110,5,16,泰山區,,,,無年齡維度,0.0,男,遷入,其他鄉鎮,50
110,5,16,泰山區,,,,無年齡維度,0.0,女,遷入,合計,107
110,5,16,泰山區,,,,無年齡維度,0.0,男,遷入,合計,87
110,5,16,泰山區,,,,無年齡維度,0.0,女,遷入,國外,2
110,5,16,泰山區,,,,無年齡維度,0.0,男,遷入,國外,0
110,5,16,泰山區,,,,無年齡維度,0.0,女,遷入,新北市內,0
110,5,16,泰山區,,,,無年齡維度,0.0,男,遷入,新北市內,0
110,5,16,泰山區,,,,無年齡維度,0.0,女,遷入,桃園市,8
110,5,16,泰山區,,,,無年齡維度,0.0,男,遷入,桃園市,5
110,5,16,泰山區,,,,無年齡維度,0.0,女,遷入,福建省,1
110,5,16,泰山區,,,,無年齡維度,0.0,男,遷入,福建省,1
110,5,16,泰山區,,,,無年齡維度,0.0,女,遷入,臺中市,1
110,5,16,泰山區,,,,無年齡維度,0.0,男,遷入,臺中市,1
110,5,16,泰山區,,,,無年齡維度,0.0,女,遷入,臺北市,17
110,5,16,泰山區,,,,無年齡維度,0.0,男,遷入,臺北市,12
110,5,16,泰山區,,,,無年齡維度,0.0,女,遷入,臺南市,0
110,5,16,泰山區,,,,無年齡維度,0.0,男,遷入,臺南市,1
110,5,16,泰山區,,,,無年齡維度,0.0,女,遷入,臺灣省,14
110,5,16,泰山區,,,,無年齡維度,0.0,男,遷入,臺灣省,16
110,5,16,泰山區,,,,無年齡維度,0.0,女,遷入,高雄市,2
110,5,16,泰山區,,,,無年齡維度,0.0,男,遷入,高雄市,1
110,5,16,泰山區,,,,無年齡維度,0.0,女,遷出,migrants,64
110,5,16,泰山區,,,,無年齡維度,0.0,男,遷出,migrants,80
110,5,16,泰山區,,,,無年齡維度,0.0,女,遷出,other,0
110,5,16,泰山區,,,,無年齡維度,0.0,男,遷出,other,0
110,5,16,泰山區,,,,無年齡維度,0.0,女,遷出,其他縣市,0
110,5,16,泰山區,,,,無年齡維度,0.0,男,遷出,其他縣市,0
110,5,16,泰山區,,,,無年齡維度,0.0,女,遷出,其他鄉鎮,67
110,5,16,泰山區,,,,無年齡維度,0.0,男,遷出,其他鄉鎮,77
110,5,16,泰山區,,,,無年齡維度,0.0,女,遷出,合計,140
110,5,16,泰山區,,,,無年齡維度,0.0,男,遷出,合計,141
110,5,16,泰山區,,,,無年齡維度,0.0,女,遷出,國外,22
110,5,16,泰山區,,,,無年齡維度,0.0,男,遷出,國外,16
110,5,16,泰山區,,,,無年齡維度,0.0,女,遷出,新北市內,0
110,5,16,泰山區,,,,無年齡維度,0.0,男,遷出,新北市內,0
110,5,16,泰山區,,,,無年齡維度,0.0,女,遷出,桃園市,24
110,5,16,泰山區,,,,無年齡維度,0.0,男,遷出,桃園市,17
110,5,16,泰山區,,,,無年齡維度,0.0,女,遷出,福建省,0
110,5,16,泰山區,,,,無年齡維度,0.0,男,遷出,福建省,0
110,5,16,泰山區,,,,無年齡維度,0.0,女,遷出,臺中市,1
110,5,16,泰山區,,,,無年齡維度,0.0,男,遷出,臺中市,2
110,5,16,泰山區,,,,無年齡維度,0.0,女,遷出,臺北市,6
110,5,16,泰山區,,,,無年齡維度,0.0,男,遷出,臺北市,11
110,5,16,泰山區,,,,無年齡維度,0.0,女,遷出,臺南市,1
110,5,16,泰山區,,,,無年齡維度,0.0,男,遷出,臺南市,1
110,5,16,泰山區,,,,無年齡維度,0.0,女,遷出,臺灣省,17
110,5,16,泰山區,,,,無年齡維度,0.0,男,遷出,臺灣省,14
110,5,16,泰山區,,,,無年齡維度,0.0,女,遷出,高雄市,2
110,5,16,泰山區,,,,無年齡維度,0.0,男,遷出,高雄市,3
110,5,17,林口區,,,,無年齡維度,0.0,女,遷入,migrants,177
110,5,17,林口區,,,,無年齡維度,0.0,男,遷入,migrants,177
110,5,17,林口區,,,,無年齡維度,0.0,女,遷入,other,0
110,5,17,林口區,,,,無年齡維度,0.0,男,遷入,other,0
110,5,17,林口區,,,,無年齡維度,0.0,女,遷入,其他縣市,0
110,5,17,林口區,,,,無年齡維度,0.0,男,遷入,其他縣市,0
110,5,17,林口區,,,,無年齡維度,0.0,女,遷入,其他鄉鎮,103
110,5,17,林口區,,,,無年齡維度,0.0,男,遷入,其他鄉鎮,76
110,5,17,林口區,,,,無年齡維度,0.0,女,遷入,合計,355
110,5,17,林口區,,,,無年齡維度,0.0,男,遷入,合計,301
110,5,17,林口區,,,,無年齡維度,0.0,女,遷入,國外,8
110,5,17,林口區,,,,無年齡維度,0.0,男,遷入,國外,3
110,5,17,林口區,,,,無年齡維度,0.0,女,遷入,新北市內,0
110,5,17,林口區,,,,無年齡維度,0.0,男,遷入,新北市內,0
110,5,17,林口區,,,,無年齡維度,0.0,女,遷入,桃園市,103
110,5,17,林口區,,,,無年齡維度,0.0,男,遷入,桃園市,88
110,5,17,林口區,,,,無年齡維度,0.0,女,遷入,福建省,1
110,5,17,林口區,,,,無年齡維度,0.0,男,遷入,福建省,2
110,5,17,林口區,,,,無年齡維度,0.0,女,遷入,臺中市,9
110,5,17,林口區,,,,無年齡維度,0.0,男,遷入,臺中市,9
110,5,17,林口區,,,,無年齡維度,0.0,女,遷入,臺北市,85
110,5,17,林口區,,,,無年齡維度,0.0,男,遷入,臺北市,78
110,5,17,林口區,,,,無年齡維度,0.0,女,遷入,臺南市,6
110,5,17,林口區,,,,無年齡維度,0.0,男,遷入,臺南市,3
110,5,17,林口區,,,,無年齡維度,0.0,女,遷入,臺灣省,26
110,5,17,林口區,,,,無年齡維度,0.0,男,遷入,臺灣省,27
110,5,17,林口區,,,,無年齡維度,0.0,女,遷入,高雄市,8
110,5,17,林口區,,,,無年齡維度,0.0,男,遷入,高雄市,8
110,5,17,林口區,,,,無年齡維度,0.0,女,遷出,migrants,177
110,5,17,林口區,,,,無年齡維度,0.0,男,遷出,migrants,177
110,5,17,林口區,,,,無年齡維度,0.0,女,遷出,other,0
110,5,17,林口區,,,,無年齡維度,0.0,男,遷出,other,0
110,5,17,林口區,,,,無年齡維度,0.0,女,遷出,其他縣市,0
110,5,17,林口區,,,,無年齡維度,0.0,男,遷出,其他縣市,0
110,5,17,林口區,,,,無年齡維度,0.0,女,遷出,其他鄉鎮,42
110,5,17,林口區,,,,無年齡維度,0.0,男,遷出,其他鄉鎮,49
110,5,17,林口區,,,,無年齡維度,0.0,女,遷出,合計,235
110,5,17,林口區,,,,無年齡維度,0.0,男,遷出,合計,221
110,5,17,林口區,,,,無年齡維度,0.0,女,遷出,國外,65
110,5,17,林口區,,,,無年齡維度,0.0,男,遷出,國外,38
110,5,17,林口區,,,,無年齡維度,0.0,女,遷出,新北市內,0
110,5,17,林口區,,,,無年齡維度,0.0,男,遷出,新北市內,0
110,5,17,林口區,,,,無年齡維度,0.0,女,遷出,桃園市,60
110,5,17,林口區,,,,無年齡維度,0.0,男,遷出,桃園市,59
110,5,17,林口區,,,,無年齡維度,0.0,女,遷出,福建省,2
110,5,17,林口區,,,,無年齡維度,0.0,男,遷出,福建省,3
110,5,17,林口區,,,,無年齡維度,0.0,女,遷出,臺中市,4
110,5,17,林口區,,,,無年齡維度,0.0,男,遷出,臺中市,7
110,5,17,林口區,,,,無年齡維度,0.0,女,遷出,臺北市,27
110,5,17,林口區,,,,無年齡維度,0.0,男,遷出,臺北市,37
110,5,17,林口區,,,,無年齡維度,0.0,女,遷出,臺南市,3
110,5,17,林口區,,,,無年齡維度,0.0,男,遷出,臺南市,2
110,5,17,林口區,,,,無年齡維度,0.0,女,遷出,臺灣省,28
110,5,17,林口區,,,,無年齡維度,0.0,男,遷出,臺灣省,17
110,5,17,林口區,,,,無年齡維度,0.0,女,遷出,高雄市,4
110,5,17,林口區,,,,無年齡維度,0.0,男,遷出,高雄市,9
110,5,18,八里區,,,,無年齡維度,0.0,女,遷入,migrants,14
110,5,18,八里區,,,,無年齡維度,0.0,男,遷入,migrants,8
110,5,18,八里區,,,,無年齡維度,0.0,女,遷入,other,0
110,5,18,八里區,,,,無年齡維度,0.0,男,遷入,other,0
110,5,18,八里區,,,,無年齡維度,0.0,女,遷入,其他縣市,0
110,5,18,八里區,,,,無年齡維度,0.0,男,遷入,其他縣市,0
110,5,18,八里區,,,,無年齡維度,0.0,女,遷入,其他鄉鎮,18
110,5,18,八里區,,,,無年齡維度,0.0,男,遷入,其他鄉鎮,7
110,5,18,八里區,,,,無年齡維度,0.0,女,遷入,合計,56
110,5,18,八里區,,,,無年齡維度,0.0,男,遷入,合計,35
110,5,18,八里區,,,,無年齡維度,0.0,女,遷入,國外,1
110,5,18,八里區,,,,無年齡維度,0.0,男,遷入,國外,1
110,5,18,八里區,,,,無年齡維度,0.0,女,遷入,新北市內,0
110,5,18,八里區,,,,無年齡維度,0.0,男,遷入,新北市內,0
110,5,18,八里區,,,,無年齡維度,0.0,女,遷入,桃園市,2
110,5,18,八里區,,,,無年齡維度,0.0,男,遷入,桃園市,3
110,5,18,八里區,,,,無年齡維度,0.0,女,遷入,福建省,0
110,5,18,八里區,,,,無年齡維度,0.0,男,遷入,福建省,0
110,5,18,八里區,,,,無年齡維度,0.0,女,遷入,臺中市,1
110,5,18,八里區,,,,無年齡維度,0.0,男,遷入,臺中市,1
110,5,18,八里區,,,,無年齡維度,0.0,女,遷入,臺北市,26
110,5,18,八里區,,,,無年齡維度,0.0,男,遷入,臺北市,19
110,5,18,八里區,,,,無年齡維度,0.0,女,遷入,臺南市,0
110,5,18,八里區,,,,無年齡維度,0.0,男,遷入,臺南市,0
110,5,18,八里區,,,,無年齡維度,0.0,女,遷入,臺灣省,6
110,5,18,八里區,,,,無年齡維度,0.0,男,遷入,臺灣省,3
110,5,18,八里區,,,,無年齡維度,0.0,女,遷入,高雄市,2
110,5,18,八里區,,,,無年齡維度,0.0,男,遷入,高雄市,1
110,5,18,八里區,,,,無年齡維度,0.0,女,遷出,migrants,14
110,5,18,八里區,,,,無年齡維度,0.0,男,遷出,migrants,8
110,5,18,八里區,,,,無年齡維度,0.0,女,遷出,other,0
110,5,18,八里區,,,,無年齡維度,0.0,男,遷出,other,0
110,5,18,八里區,,,,無年齡維度,0.0,女,遷出,其他縣市,0
110,5,18,八里區,,,,無年齡維度,0.0,男,遷出,其他縣市,0
110,5,18,八里區,,,,無年齡維度,0.0,女,遷出,其他鄉鎮,11
110,5,18,八里區,,,,無年齡維度,0.0,男,遷出,其他鄉鎮,7
110,5,18,八里區,,,,無年齡維度,0.0,女,遷出,合計,46
110,5,18,八里區,,,,無年齡維度,0.0,男,遷出,合計,35
110,5,18,八里區,,,,無年齡維度,0.0,女,遷出,國外,16
110,5,18,八里區,,,,無年齡維度,0.0,男,遷出,國外,12
110,5,18,八里區,,,,無年齡維度,0.0,女,遷出,新北市內,0
110,5,18,八里區,,,,無年齡維度,0.0,男,遷出,新北市內,0
110,5,18,八里區,,,,無年齡維度,0.0,女,遷出,桃園市,4
110,5,18,八里區,,,,無年齡維度,0.0,男,遷出,桃園市,3
110,5,18,八里區,,,,無年齡維度,0.0,女,遷出,福建省,0
110,5,18,八里區,,,,無年齡維度,0.0,男,遷出,福建省,0
110,5,18,八里區,,,,無年齡維度,0.0,女,遷出,臺中市,0
110,5,18,八里區,,,,無年齡維度,0.0,男,遷出,臺中市,3
110,5,18,八里區,,,,無年齡維度,0.0,女,遷出,臺北市,5
110,5,18,八里區,,,,無年齡維度,0.0,男,遷出,臺北市,6
110,5,18,八里區,,,,無年齡維度,0.0,女,遷出,臺南市,0
110,5,18,八里區,,,,無年齡維度,0.0,男,遷出,臺南市,0
110,5,18,八里區,,,,無年齡維度,0.0,女,遷出,臺灣省,9
110,5,18,八里區,,,,無年齡維度,0.0,男,遷出,臺灣省,4
110,5,18,八里區,,,,無年齡維度,0.0,女,遷出,高雄市,0
110,5,18,八里區,,,,無年齡維度,0.0,男,遷出,高雄市,0
110,5,19,深坑區,,,,無年齡維度,0.0,女,遷入,migrants,2
110,5,19,深坑區,,,,無年齡維度,0.0,男,遷入,migrants,3
110,5,19,深坑區,,,,無年齡維度,0.0,女,遷入,other,0
110,5,19,深坑區,,,,無年齡維度,0.0,男,遷入,other,0
110,5,19,深坑區,,,,無年齡維度,0.0,女,遷入,其他縣市,0
110,5,19,深坑區,,,,無年齡維度,0.0,男,遷入,其他縣市,0
110,5,19,深坑區,,,,無年齡維度,0.0,女,遷入,其他鄉鎮,9
110,5,19,深坑區,,,,無年齡維度,0.0,男,遷入,其他鄉鎮,9
110,5,19,深坑區,,,,無年齡維度,0.0,女,遷入,合計,15
110,5,19,深坑區,,,,無年齡維度,0.0,男,遷入,合計,13
110,5,19,深坑區,,,,無年齡維度,0.0,女,遷入,國外,0
110,5,19,深坑區,,,,無年齡維度,0.0,男,遷入,國外,0
110,5,19,深坑區,,,,無年齡維度,0.0,女,遷入,新北市內,0
110,5,19,深坑區,,,,無年齡維度,0.0,男,遷入,新北市內,0
110,5,19,深坑區,,,,無年齡維度,0.0,女,遷入,桃園市,1
110,5,19,深坑區,,,,無年齡維度,0.0,男,遷入,桃園市,1
110,5,19,深坑區,,,,無年齡維度,0.0,女,遷入,福建省,0
110,5,19,深坑區,,,,無年齡維度,0.0,男,遷入,福建省,0
110,5,19,深坑區,,,,無年齡維度,0.0,女,遷入,臺中市,0
110,5,19,深坑區,,,,無年齡維度,0.0,男,遷入,臺中市,0
110,5,19,深坑區,,,,無年齡維度,0.0,女,遷入,臺北市,2
110,5,19,深坑區,,,,無年齡維度,0.0,男,遷入,臺北市,2
110,5,19,深坑區,,,,無年齡維度,0.0,女,遷入,臺南市,0
110,5,19,深坑區,,,,無年齡維度,0.0,男,遷入,臺南市,0
110,5,19,深坑區,,,,無年齡維度,0.0,女,遷入,臺灣省,2
110,5,19,深坑區,,,,無年齡維度,0.0,男,遷入,臺灣省,1
110,5,19,深坑區,,,,無年齡維度,0.0,女,遷入,高雄市,1
110,5,19,深坑區,,,,無年齡維度,0.0,男,遷入,高雄市,0
110,5,19,深坑區,,,,無年齡維度,0.0,女,遷出,migrants,2
110,5,19,深坑區,,,,無年齡維度,0.0,男,遷出,migrants,3
110,5,19,深坑區,,,,無年齡維度,0.0,女,遷出,other,0
110,5,19,深坑區,,,,無年齡維度,0.0,男,遷出,other,0
110,5,19,深坑區,,,,無年齡維度,0.0,女,遷出,其他縣市,0
110,5,19,深坑區,,,,無年齡維度,0.0,男,遷出,其他縣市,0
110,5,19,深坑區,,,,無年齡維度,0.0,女,遷出,其他鄉鎮,5
110,5,19,深坑區,,,,無年齡維度,0.0,男,遷出,其他鄉鎮,1
110,5,19,深坑區,,,,無年齡維度,0.0,女,遷出,合計,10
110,5,19,深坑區,,,,無年齡維度,0.0,男,遷出,合計,4
110,5,19,深坑區,,,,無年齡維度,0.0,女,遷出,國外,0
110,5,19,深坑區,,,,無年齡維度,0.0,男,遷出,國外,1
110,5,19,深坑區,,,,無年齡維度,0.0,女,遷出,新北市內,0
110,5,19,深坑區,,,,無年齡維度,0.0,男,遷出,新北市內,0
110,5,19,深坑區,,,,無年齡維度,0.0,女,遷出,桃園市,1
110,5,19,深坑區,,,,無年齡維度,0.0,男,遷出,桃園市,0
110,5,19,深坑區,,,,無年齡維度,0.0,女,遷出,福建省,0
110,5,19,深坑區,,,,無年齡維度,0.0,男,遷出,福建省,0
110,5,19,深坑區,,,,無年齡維度,0.0,女,遷出,臺中市,1
110,5,19,深坑區,,,,無年齡維度,0.0,男,遷出,臺中市,0
110,5,19,深坑區,,,,無年齡維度,0.0,女,遷出,臺北市,2
110,5,19,深坑區,,,,無年齡維度,0.0,男,遷出,臺北市,2
110,5,19,深坑區,,,,無年齡維度,0.0,女,遷出,臺南市,0
110,5,19,深坑區,,,,無年齡維度,0.0,男,遷出,臺南市,0
110,5,19,深坑區,,,,無年齡維度,0.0,女,遷出,臺灣省,1
110,5,19,深坑區,,,,無年齡維度,0.0,男,遷出,臺灣省,0
110,5,19,深坑區,,,,無年齡維度,0.0,女,遷出,高雄市,0
110,5,19,深坑區,,,,無年齡維度,0.0,男,遷出,高雄市,0
110,5,20,石碇區,,,,無年齡維度,0.0,女,遷入,migrants,0
110,5,20,石碇區,,,,無年齡維度,0.0,男,遷入,migrants,1
110,5,20,石碇區,,,,無年齡維度,0.0,女,遷入,other,0
110,5,20,石碇區,,,,無年齡維度,0.0,男,遷入,other,0
110,5,20,石碇區,,,,無年齡維度,0.0,女,遷入,其他縣市,0
110,5,20,石碇區,,,,無年齡維度,0.0,男,遷入,其他縣市,0
110,5,20,石碇區,,,,無年齡維度,0.0,女,遷入,其他鄉鎮,4
110,5,20,石碇區,,,,無年齡維度,0.0,男,遷入,其他鄉鎮,5
110,5,20,石碇區,,,,無年齡維度,0.0,女,遷入,合計,8
110,5,20,石碇區,,,,無年齡維度,0.0,男,遷入,合計,12
110,5,20,石碇區,,,,無年齡維度,0.0,女,遷入,國外,0
110,5,20,石碇區,,,,無年齡維度,0.0,男,遷入,國外,0
110,5,20,石碇區,,,,無年齡維度,0.0,女,遷入,新北市內,0
110,5,20,石碇區,,,,無年齡維度,0.0,男,遷入,新北市內,0
110,5,20,石碇區,,,,無年齡維度,0.0,女,遷入,桃園市,0
110,5,20,石碇區,,,,無年齡維度,0.0,男,遷入,桃園市,0
110,5,20,石碇區,,,,無年齡維度,0.0,女,遷入,福建省,0
110,5,20,石碇區,,,,無年齡維度,0.0,男,遷入,福建省,0
110,5,20,石碇區,,,,無年齡維度,0.0,女,遷入,臺中市,0
110,5,20,石碇區,,,,無年齡維度,0.0,男,遷入,臺中市,0
110,5,20,石碇區,,,,無年齡維度,0.0,女,遷入,臺北市,2
110,5,20,石碇區,,,,無年齡維度,0.0,男,遷入,臺北市,5
110,5,20,石碇區,,,,無年齡維度,0.0,女,遷入,臺南市,0
110,5,20,石碇區,,,,無年齡維度,0.0,男,遷入,臺南市,2
110,5,20,石碇區,,,,無年齡維度,0.0,女,遷入,臺灣省,1
110,5,20,石碇區,,,,無年齡維度,0.0,男,遷入,臺灣省,0
110,5,20,石碇區,,,,無年齡維度,0.0,女,遷入,高雄市,0
110,5,20,石碇區,,,,無年齡維度,0.0,男,遷入,高雄市,0
110,5,20,石碇區,,,,無年齡維度,0.0,女,遷出,migrants,0
110,5,20,石碇區,,,,無年齡維度,0.0,男,遷出,migrants,1
110,5,20,石碇區,,,,無年齡維度,0.0,女,遷出,other,0
110,5,20,石碇區,,,,無年齡維度,0.0,男,遷出,other,0
110,5,20,石碇區,,,,無年齡維度,0.0,女,遷出,其他縣市,0
110,5,20,石碇區,,,,無年齡維度,0.0,男,遷出,其他縣市,0
110,5,20,石碇區,,,,無年齡維度,0.0,女,遷出,其他鄉鎮,6
110,5,20,石碇區,,,,無年齡維度,0.0,男,遷出,其他鄉鎮,1
110,5,20,石碇區,,,,無年齡維度,0.0,女,遷出,合計,12
110,5,20,石碇區,,,,無年齡維度,0.0,男,遷出,合計,5
110,5,20,石碇區,,,,無年齡維度,0.0,女,遷出,國外,0
110,5,20,石碇區,,,,無年齡維度,0.0,男,遷出,國外,1
110,5,20,石碇區,,,,無年齡維度,0.0,女,遷出,新北市內,0
110,5,20,石碇區,,,,無年齡維度,0.0,男,遷出,新北市內,0
110,5,20,石碇區,,,,無年齡維度,0.0,女,遷出,桃園市,1
110,5,20,石碇區,,,,無年齡維度,0.0,男,遷出,桃園市,0
110,5,20,石碇區,,,,無年齡維度,0.0,女,遷出,福建省,0
110,5,20,石碇區,,,,無年齡維度,0.0,男,遷出,福建省,0
110,5,20,石碇區,,,,無年齡維度,0.0,女,遷出,臺中市,0
110,5,20,石碇區,,,,無年齡維度,0.0,男,遷出,臺中市,0
110,5,20,石碇區,,,,無年齡維度,0.0,女,遷出,臺北市,2
110,5,20,石碇區,,,,無年齡維度,0.0,男,遷出,臺北市,3
110,5,20,石碇區,,,,無年齡維度,0.0,女,遷出,臺南市,0
110,5,20,石碇區,,,,無年齡維度,0.0,男,遷出,臺南市,0
110,5,20,石碇區,,,,無年齡維度,0.0,女,遷出,臺灣省,3
110,5,20,石碇區,,,,無年齡維度,0.0,男,遷出,臺灣省,0
110,5,20,石碇區,,,,無年齡維度,0.0,女,遷出,高雄市,0
110,5,20,石碇區,,,,無年齡維度,0.0,男,遷出,高雄市,0
110,5,21,坪林區,,,,無年齡維度,0.0,女,遷入,migrants,11
110,5,21,坪林區,,,,無年齡維度,0.0,男,遷入,migrants,18
110,5,21,坪林區,,,,無年齡維度,0.0,女,遷入,other,0
110,5,21,坪林區,,,,無年齡維度,0.0,男,遷入,other,0
110,5,21,坪林區,,,,無年齡維度,0.0,女,遷入,其他縣市,0
110,5,21,坪林區,,,,無年齡維度,0.0,男,遷入,其他縣市,0
110,5,21,坪林區,,,,無年齡維度,0.0,女,遷入,其他鄉鎮,25
110,5,21,坪林區,,,,無年齡維度,0.0,男,遷入,其他鄉鎮,20
110,5,21,坪林區,,,,無年齡維度,0.0,女,遷入,合計,51
110,5,21,坪林區,,,,無年齡維度,0.0,男,遷入,合計,35
110,5,21,坪林區,,,,無年齡維度,0.0,女,遷入,國外,2
110,5,21,坪林區,,,,無年齡維度,0.0,男,遷入,國外,1
110,5,21,坪林區,,,,無年齡維度,0.0,女,遷入,新北市內,0
110,5,21,坪林區,,,,無年齡維度,0.0,男,遷入,新北市內,0
110,5,21,坪林區,,,,無年齡維度,0.0,女,遷入,桃園市,3
110,5,21,坪林區,,,,無年齡維度,0.0,男,遷入,桃園市,0
110,5,21,坪林區,,,,無年齡維度,0.0,女,遷入,福建省,0
110,5,21,坪林區,,,,無年齡維度,0.0,男,遷入,福建省,0
110,5,21,坪林區,,,,無年齡維度,0.0,女,遷入,臺中市,3
110,5,21,坪林區,,,,無年齡維度,0.0,男,遷入,臺中市,3
110,5,21,坪林區,,,,無年齡維度,0.0,女,遷入,臺北市,12
110,5,21,坪林區,,,,無年齡維度,0.0,男,遷入,臺北市,9
110,5,21,坪林區,,,,無年齡維度,0.0,女,遷入,臺南市,0
110,5,21,坪林區,,,,無年齡維度,0.0,男,遷入,臺南市,0
110,5,21,坪林區,,,,無年齡維度,0.0,女,遷入,臺灣省,3
110,5,21,坪林區,,,,無年齡維度,0.0,男,遷入,臺灣省,2
110,5,21,坪林區,,,,無年齡維度,0.0,女,遷入,高雄市,3
110,5,21,坪林區,,,,無年齡維度,0.0,男,遷入,高雄市,0
110,5,21,坪林區,,,,無年齡維度,0.0,女,遷出,migrants,11
110,5,21,坪林區,,,,無年齡維度,0.0,男,遷出,migrants,18
110,5,21,坪林區,,,,無年齡維度,0.0,女,遷出,other,0
110,5,21,坪林區,,,,無年齡維度,0.0,男,遷出,other,0
110,5,21,坪林區,,,,無年齡維度,0.0,女,遷出,其他縣市,0
110,5,21,坪林區,,,,無年齡維度,0.0,男,遷出,其他縣市,0
110,5,21,坪林區,,,,無年齡維度,0.0,女,遷出,其他鄉鎮,24
110,5,21,坪林區,,,,無年齡維度,0.0,男,遷出,其他鄉鎮,21
110,5,21,坪林區,,,,無年齡維度,0.0,女,遷出,合計,49
110,5,21,坪林區,,,,無年齡維度,0.0,男,遷出,合計,32
110,5,21,坪林區,,,,無年齡維度,0.0,女,遷出,國外,7
110,5,21,坪林區,,,,無年齡維度,0.0,男,遷出,國外,4
110,5,21,坪林區,,,,無年齡維度,0.0,女,遷出,新北市內,0
110,5,21,坪林區,,,,無年齡維度,0.0,男,遷出,新北市內,0
110,5,21,坪林區,,,,無年齡維度,0.0,女,遷出,桃園市,2
110,5,21,坪林區,,,,無年齡維度,0.0,男,遷出,桃園市,1
110,5,21,坪林區,,,,無年齡維度,0.0,女,遷出,福建省,1
110,5,21,坪林區,,,,無年齡維度,0.0,男,遷出,福建省,1
110,5,21,坪林區,,,,無年齡維度,0.0,女,遷出,臺中市,2
110,5,21,坪林區,,,,無年齡維度,0.0,男,遷出,臺中市,2
110,5,21,坪林區,,,,無年齡維度,0.0,女,遷出,臺北市,5
110,5,21,坪林區,,,,無年齡維度,0.0,男,遷出,臺北市,2
110,5,21,坪林區,,,,無年齡維度,0.0,女,遷出,臺南市,4
110,5,21,坪林區,,,,無年齡維度,0.0,男,遷出,臺南市,0
110,5,21,坪林區,,,,無年齡維度,0.0,女,遷出,臺灣省,3
110,5,21,坪林區,,,,無年齡維度,0.0,男,遷出,臺灣省,1
110,5,21,坪林區,,,,無年齡維度,0.0,女,遷出,高雄市,1
110,5,21,坪林區,,,,無年齡維度,0.0,男,遷出,高雄市,0
110,5,22,三芝區,,,,無年齡維度,0.0,女,遷入,migrants,4
110,5,22,三芝區,,,,無年齡維度,0.0,男,遷入,migrants,0
110,5,22,三芝區,,,,無年齡維度,0.0,女,遷入,other,0
110,5,22,三芝區,,,,無年齡維度,0.0,男,遷入,other,0
110,5,22,三芝區,,,,無年齡維度,0.0,女,遷入,其他縣市,0
110,5,22,三芝區,,,,無年齡維度,0.0,男,遷入,其他縣市,0
110,5,22,三芝區,,,,無年齡維度,0.0,女,遷入,其他鄉鎮,8
110,5,22,三芝區,,,,無年齡維度,0.0,男,遷入,其他鄉鎮,15
110,5,22,三芝區,,,,無年齡維度,0.0,女,遷入,合計,15
110,5,22,三芝區,,,,無年齡維度,0.0,男,遷入,合計,19
110,5,22,三芝區,,,,無年齡維度,0.0,女,遷入,國外,0
110,5,22,三芝區,,,,無年齡維度,0.0,男,遷入,國外,0
110,5,22,三芝區,,,,無年齡維度,0.0,女,遷入,新北市內,0
110,5,22,三芝區,,,,無年齡維度,0.0,男,遷入,新北市內,0
110,5,22,三芝區,,,,無年齡維度,0.0,女,遷入,桃園市,2
110,5,22,三芝區,,,,無年齡維度,0.0,男,遷入,桃園市,1
110,5,22,三芝區,,,,無年齡維度,0.0,女,遷入,福建省,0
110,5,22,三芝區,,,,無年齡維度,0.0,男,遷入,福建省,0
110,5,22,三芝區,,,,無年齡維度,0.0,女,遷入,臺中市,0
110,5,22,三芝區,,,,無年齡維度,0.0,男,遷入,臺中市,0
110,5,22,三芝區,,,,無年齡維度,0.0,女,遷入,臺北市,1
110,5,22,三芝區,,,,無年齡維度,0.0,男,遷入,臺北市,2
110,5,22,三芝區,,,,無年齡維度,0.0,女,遷入,臺南市,1
110,5,22,三芝區,,,,無年齡維度,0.0,男,遷入,臺南市,0
110,5,22,三芝區,,,,無年齡維度,0.0,女,遷入,臺灣省,3
110,5,22,三芝區,,,,無年齡維度,0.0,男,遷入,臺灣省,1
110,5,22,三芝區,,,,無年齡維度,0.0,女,遷入,高雄市,0
110,5,22,三芝區,,,,無年齡維度,0.0,男,遷入,高雄市,0
110,5,22,三芝區,,,,無年齡維度,0.0,女,遷出,migrants,4
110,5,22,三芝區,,,,無年齡維度,0.0,男,遷出,migrants,0
110,5,22,三芝區,,,,無年齡維度,0.0,女,遷出,other,0
110,5,22,三芝區,,,,無年齡維度,0.0,男,遷出,other,0
110,5,22,三芝區,,,,無年齡維度,0.0,女,遷出,其他縣市,0
110,5,22,三芝區,,,,無年齡維度,0.0,男,遷出,其他縣市,0
110,5,22,三芝區,,,,無年齡維度,0.0,女,遷出,其他鄉鎮,20
110,5,22,三芝區,,,,無年齡維度,0.0,男,遷出,其他鄉鎮,13
110,5,22,三芝區,,,,無年齡維度,0.0,女,遷出,合計,30
110,5,22,三芝區,,,,無年齡維度,0.0,男,遷出,合計,17
110,5,22,三芝區,,,,無年齡維度,0.0,女,遷出,國外,3
110,5,22,三芝區,,,,無年齡維度,0.0,男,遷出,國外,0
110,5,22,三芝區,,,,無年齡維度,0.0,女,遷出,新北市內,0
110,5,22,三芝區,,,,無年齡維度,0.0,男,遷出,新北市內,0
110,5,22,三芝區,,,,無年齡維度,0.0,女,遷出,桃園市,2
110,5,22,三芝區,,,,無年齡維度,0.0,男,遷出,桃園市,1
110,5,22,三芝區,,,,無年齡維度,0.0,女,遷出,福建省,0
110,5,22,三芝區,,,,無年齡維度,0.0,男,遷出,福建省,0
110,5,22,三芝區,,,,無年齡維度,0.0,女,遷出,臺中市,0
110,5,22,三芝區,,,,無年齡維度,0.0,男,遷出,臺中市,0
110,5,22,三芝區,,,,無年齡維度,0.0,女,遷出,臺北市,3
110,5,22,三芝區,,,,無年齡維度,0.0,男,遷出,臺北市,3
110,5,22,三芝區,,,,無年齡維度,0.0,女,遷出,臺南市,1
110,5,22,三芝區,,,,無年齡維度,0.0,男,遷出,臺南市,0
110,5,22,三芝區,,,,無年齡維度,0.0,女,遷出,臺灣省,1
110,5,22,三芝區,,,,無年齡維度,0.0,男,遷出,臺灣省,0
110,5,22,三芝區,,,,無年齡維度,0.0,女,遷出,高雄市,0
110,5,22,三芝區,,,,無年齡維度,0.0,男,遷出,高雄市,0
110,5,23,石門區,,,,無年齡維度,0.0,女,遷入,migrants,52
110,5,23,石門區,,,,無年齡維度,0.0,男,遷入,migrants,57
110,5,23,石門區,,,,無年齡維度,0.0,女,遷入,other,0
110,5,23,石門區,,,,無年齡維度,0.0,男,遷入,other,0
110,5,23,石門區,,,,無年齡維度,0.0,女,遷入,其他縣市,0
110,5,23,石門區,,,,無年齡維度,0.0,男,遷入,其他縣市,0
110,5,23,石門區,,,,無年齡維度,0.0,女,遷入,其他鄉鎮,32
110,5,23,石門區,,,,無年齡維度,0.0,男,遷入,其他鄉鎮,26
110,5,23,石門區,,,,無年齡維度,0.0,女,遷入,合計,59
110,5,23,石門區,,,,無年齡維度,0.0,男,遷入,合計,57
110,5,23,石門區,,,,無年齡維度,0.0,女,遷入,國外,1
110,5,23,石門區,,,,無年齡維度,0.0,男,遷入,國外,0
110,5,23,石門區,,,,無年齡維度,0.0,女,遷入,新北市內,0
110,5,23,石門區,,,,無年齡維度,0.0,男,遷入,新北市內,0
110,5,23,石門區,,,,無年齡維度,0.0,女,遷入,桃園市,2
110,5,23,石門區,,,,無年齡維度,0.0,男,遷入,桃園市,2
110,5,23,石門區,,,,無年齡維度,0.0,女,遷入,福建省,0
110,5,23,石門區,,,,無年齡維度,0.0,男,遷入,福建省,0
110,5,23,石門區,,,,無年齡維度,0.0,女,遷入,臺中市,1
110,5,23,石門區,,,,無年齡維度,0.0,男,遷入,臺中市,2
110,5,23,石門區,,,,無年齡維度,0.0,女,遷入,臺北市,17
110,5,23,石門區,,,,無年齡維度,0.0,男,遷入,臺北市,16
110,5,23,石門區,,,,無年齡維度,0.0,女,遷入,臺南市,1
110,5,23,石門區,,,,無年齡維度,0.0,男,遷入,臺南市,1
110,5,23,石門區,,,,無年齡維度,0.0,女,遷入,臺灣省,4
110,5,23,石門區,,,,無年齡維度,0.0,男,遷入,臺灣省,7
110,5,23,石門區,,,,無年齡維度,0.0,女,遷入,高雄市,0
110,5,23,石門區,,,,無年齡維度,0.0,男,遷入,高雄市,2
110,5,23,石門區,,,,無年齡維度,0.0,女,遷出,migrants,52
110,5,23,石門區,,,,無年齡維度,0.0,男,遷出,migrants,57
110,5,23,石門區,,,,無年齡維度,0.0,女,遷出,other,0
110,5,23,石門區,,,,無年齡維度,0.0,男,遷出,other,0
110,5,23,石門區,,,,無年齡維度,0.0,女,遷出,其他縣市,0
110,5,23,石門區,,,,無年齡維度,0.0,男,遷出,其他縣市,0
110,5,23,石門區,,,,無年齡維度,0.0,女,遷出,其他鄉鎮,20
110,5,23,石門區,,,,無年齡維度,0.0,男,遷出,其他鄉鎮,14
110,5,23,石門區,,,,無年齡維度,0.0,女,遷出,合計,58
110,5,23,石門區,,,,無年齡維度,0.0,男,遷出,合計,50
110,5,23,石門區,,,,無年齡維度,0.0,女,遷出,國外,19
110,5,23,石門區,,,,無年齡維度,0.0,男,遷出,國外,13
110,5,23,石門區,,,,無年齡維度,0.0,女,遷出,新北市內,0
110,5,23,石門區,,,,無年齡維度,0.0,男,遷出,新北市內,0
110,5,23,石門區,,,,無年齡維度,0.0,女,遷出,桃園市,1
110,5,23,石門區,,,,無年齡維度,0.0,男,遷出,桃園市,2
110,5,23,石門區,,,,無年齡維度,0.0,女,遷出,福建省,0
110,5,23,石門區,,,,無年齡維度,0.0,男,遷出,福建省,0
110,5,23,石門區,,,,無年齡維度,0.0,女,遷出,臺中市,2
110,5,23,石門區,,,,無年齡維度,0.0,男,遷出,臺中市,2
110,5,23,石門區,,,,無年齡維度,0.0,女,遷出,臺北市,10
110,5,23,石門區,,,,無年齡維度,0.0,男,遷出,臺北市,11
110,5,23,石門區,,,,無年齡維度,0.0,女,遷出,臺南市,1
110,5,23,石門區,,,,無年齡維度,0.0,男,遷出,臺南市,0
110,5,23,石門區,,,,無年齡維度,0.0,女,遷出,臺灣省,5
110,5,23,石門區,,,,無年齡維度,0.0,男,遷出,臺灣省,7
110,5,23,石門區,,,,無年齡維度,0.0,女,遷出,高雄市,0
110,5,23,石門區,,,,無年齡維度,0.0,男,遷出,高雄市,1
110,5,24,金山區,,,,無年齡維度,0.0,女,遷入,migrants,3
110,5,24,金山區,,,,無年齡維度,0.0,男,遷入,migrants,1
110,5,24,金山區,,,,無年齡維度,0.0,女,遷入,other,0
110,5,24,金山區,,,,無年齡維度,0.0,男,遷入,other,0
110,5,24,金山區,,,,無年齡維度,0.0,女,遷入,其他縣市,0
110,5,24,金山區,,,,無年齡維度,0.0,男,遷入,其他縣市,0
110,5,24,金山區,,,,無年齡維度,0.0,女,遷入,其他鄉鎮,3
110,5,24,金山區,,,,無年齡維度,0.0,男,遷入,其他鄉鎮,3
110,5,24,金山區,,,,無年齡維度,0.0,女,遷入,合計,6
110,5,24,金山區,,,,無年齡維度,0.0,男,遷入,合計,6
110,5,24,金山區,,,,無年齡維度,0.0,女,遷入,國外,0
110,5,24,金山區,,,,無年齡維度,0.0,男,遷入,國外,0
110,5,24,金山區,,,,無年齡維度,0.0,女,遷入,新北市內,0
110,5,24,金山區,,,,無年齡維度,0.0,男,遷入,新北市內,0
110,5,24,金山區,,,,無年齡維度,0.0,女,遷入,桃園市,0
110,5,24,金山區,,,,無年齡維度,0.0,男,遷入,桃園市,0
110,5,24,金山區,,,,無年齡維度,0.0,女,遷入,福建省,0
110,5,24,金山區,,,,無年齡維度,0.0,男,遷入,福建省,0
110,5,24,金山區,,,,無年齡維度,0.0,女,遷入,臺中市,0
110,5,24,金山區,,,,無年齡維度,0.0,男,遷入,臺中市,0
110,5,24,金山區,,,,無年齡維度,0.0,女,遷入,臺北市,3
110,5,24,金山區,,,,無年齡維度,0.0,男,遷入,臺北市,3
110,5,24,金山區,,,,無年齡維度,0.0,女,遷入,臺南市,0
110,5,24,金山區,,,,無年齡維度,0.0,男,遷入,臺南市,0
110,5,24,金山區,,,,無年齡維度,0.0,女,遷入,臺灣省,0
110,5,24,金山區,,,,無年齡維度,0.0,男,遷入,臺灣省,0
110,5,24,金山區,,,,無年齡維度,0.0,女,遷入,高雄市,0
110,5,24,金山區,,,,無年齡維度,0.0,男,遷入,高雄市,0
110,5,24,金山區,,,,無年齡維度,0.0,女,遷出,migrants,3
110,5,24,金山區,,,,無年齡維度,0.0,男,遷出,migrants,1
110,5,24,金山區,,,,無年齡維度,0.0,女,遷出,other,0
110,5,24,金山區,,,,無年齡維度,0.0,男,遷出,other,0
110,5,24,金山區,,,,無年齡維度,0.0,女,遷出,其他縣市,0
110,5,24,金山區,,,,無年齡維度,0.0,男,遷出,其他縣市,0
110,5,24,金山區,,,,無年齡維度,0.0,女,遷出,其他鄉鎮,7
110,5,24,金山區,,,,無年齡維度,0.0,男,遷出,其他鄉鎮,0
110,5,24,金山區,,,,無年齡維度,0.0,女,遷出,合計,8
110,5,24,金山區,,,,無年齡維度,0.0,男,遷出,合計,3
110,5,24,金山區,,,,無年齡維度,0.0,女,遷出,國外,0
110,5,24,金山區,,,,無年齡維度,0.0,男,遷出,國外,0
110,5,24,金山區,,,,無年齡維度,0.0,女,遷出,新北市內,0
110,5,24,金山區,,,,無年齡維度,0.0,男,遷出,新北市內,0
110,5,24,金山區,,,,無年齡維度,0.0,女,遷出,桃園市,1
110,5,24,金山區,,,,無年齡維度,0.0,男,遷出,桃園市,0
110,5,24,金山區,,,,無年齡維度,0.0,女,遷出,福建省,0
110,5,24,金山區,,,,無年齡維度,0.0,男,遷出,福建省,0
110,5,24,金山區,,,,無年齡維度,0.0,女,遷出,臺中市,0
110,5,24,金山區,,,,無年齡維度,0.0,男,遷出,臺中市,0
110,5,24,金山區,,,,無年齡維度,0.0,女,遷出,臺北市,0
110,5,24,金山區,,,,無年齡維度,0.0,男,遷出,臺北市,2
110,5,24,金山區,,,,無年齡維度,0.0,女,遷出,臺南市,0
110,5,24,金山區,,,,無年齡維度,0.0,男,遷出,臺南市,0
110,5,24,金山區,,,,無年齡維度,0.0,女,遷出,臺灣省,0
110,5,24,金山區,,,,無年齡維度,0.0,男,遷出,臺灣省,1
110,5,24,金山區,,,,無年齡維度,0.0,女,遷出,高雄市,0
110,5,24,金山區,,,,無年齡維度,0.0,男,遷出,高雄市,0
110,5,25,萬里區,,,,無年齡維度,0.0,女,遷入,migrants,1
110,5,25,萬里區,,,,無年齡維度,0.0,男,遷入,migrants,1
110,5,25,萬里區,,,,無年齡維度,0.0,女,遷入,other,0
110,5,25,萬里區,,,,無年齡維度,0.0,男,遷入,other,0
110,5,25,萬里區,,,,無年齡維度,0.0,女,遷入,其他縣市,0
110,5,25,萬里區,,,,無年齡維度,0.0,男,遷入,其他縣市,0
110,5,25,萬里區,,,,無年齡維度,0.0,女,遷入,其他鄉鎮,4
110,5,25,萬里區,,,,無年齡維度,0.0,男,遷入,其他鄉鎮,5
110,5,25,萬里區,,,,無年齡維度,0.0,女,遷入,合計,6
110,5,25,萬里區,,,,無年齡維度,0.0,男,遷入,合計,10
110,5,25,萬里區,,,,無年齡維度,0.0,女,遷入,國外,1
110,5,25,萬里區,,,,無年齡維度,0.0,男,遷入,國外,0
110,5,25,萬里區,,,,無年齡維度,0.0,女,遷入,新北市內,0
110,5,25,萬里區,,,,無年齡維度,0.0,男,遷入,新北市內,0
110,5,25,萬里區,,,,無年齡維度,0.0,女,遷入,桃園市,0
110,5,25,萬里區,,,,無年齡維度,0.0,男,遷入,桃園市,1
110,5,25,萬里區,,,,無年齡維度,0.0,女,遷入,福建省,0
110,5,25,萬里區,,,,無年齡維度,0.0,男,遷入,福建省,0
110,5,25,萬里區,,,,無年齡維度,0.0,女,遷入,臺中市,0
110,5,25,萬里區,,,,無年齡維度,0.0,男,遷入,臺中市,0
110,5,25,萬里區,,,,無年齡維度,0.0,女,遷入,臺北市,0
110,5,25,萬里區,,,,無年齡維度,0.0,男,遷入,臺北市,0
110,5,25,萬里區,,,,無年齡維度,0.0,女,遷入,臺南市,1
110,5,25,萬里區,,,,無年齡維度,0.0,男,遷入,臺南市,0
110,5,25,萬里區,,,,無年齡維度,0.0,女,遷入,臺灣省,0
110,5,25,萬里區,,,,無年齡維度,0.0,男,遷入,臺灣省,3
110,5,25,萬里區,,,,無年齡維度,0.0,女,遷入,高雄市,0
110,5,25,萬里區,,,,無年齡維度,0.0,男,遷入,高雄市,0
110,5,25,萬里區,,,,無年齡維度,0.0,女,遷出,migrants,1
110,5,25,萬里區,,,,無年齡維度,0.0,男,遷出,migrants,1
110,5,25,萬里區,,,,無年齡維度,0.0,女,遷出,other,0
110,5,25,萬里區,,,,無年齡維度,0.0,男,遷出,other,0
110,5,25,萬里區,,,,無年齡維度,0.0,女,遷出,其他縣市,0
110,5,25,萬里區,,,,無年齡維度,0.0,男,遷出,其他縣市,0
110,5,25,萬里區,,,,無年齡維度,0.0,女,遷出,其他鄉鎮,5
110,5,25,萬里區,,,,無年齡維度,0.0,男,遷出,其他鄉鎮,4
110,5,25,萬里區,,,,無年齡維度,0.0,女,遷出,合計,9
110,5,25,萬里區,,,,無年齡維度,0.0,男,遷出,合計,10
110,5,25,萬里區,,,,無年齡維度,0.0,女,遷出,國外,1
110,5,25,萬里區,,,,無年齡維度,0.0,男,遷出,國外,2
110,5,25,萬里區,,,,無年齡維度,0.0,女,遷出,新北市內,0
110,5,25,萬里區,,,,無年齡維度,0.0,男,遷出,新北市內,0
110,5,25,萬里區,,,,無年齡維度,0.0,女,遷出,桃園市,0
110,5,25,萬里區,,,,無年齡維度,0.0,男,遷出,桃園市,2
110,5,25,萬里區,,,,無年齡維度,0.0,女,遷出,福建省,0
110,5,25,萬里區,,,,無年齡維度,0.0,男,遷出,福建省,0
110,5,25,萬里區,,,,無年齡維度,0.0,女,遷出,臺中市,0
110,5,25,萬里區,,,,無年齡維度,0.0,男,遷出,臺中市,0
110,5,25,萬里區,,,,無年齡維度,0.0,女,遷出,臺北市,0
110,5,25,萬里區,,,,無年齡維度,0.0,男,遷出,臺北市,0
110,5,25,萬里區,,,,無年齡維度,0.0,女,遷出,臺南市,1
110,5,25,萬里區,,,,無年齡維度,0.0,男,遷出,臺南市,0
110,5,25,萬里區,,,,無年齡維度,0.0,女,遷出,臺灣省,2
110,5,25,萬里區,,,,無年齡維度,0.0,男,遷出,臺灣省,2
110,5,25,萬里區,,,,無年齡維度,0.0,女,遷出,高雄市,0
110,5,25,萬里區,,,,無年齡維度,0.0,男,遷出,高雄市,0
110,5,26,平溪區,,,,無年齡維度,0.0,女,遷入,migrants,2
110,5,26,平溪區,,,,無年齡維度,0.0,男,遷入,migrants,1
110,5,26,平溪區,,,,無年齡維度,0.0,女,遷入,other,0
110,5,26,平溪區,,,,無年齡維度,0.0,男,遷入,other,0
110,5,26,平溪區,,,,無年齡維度,0.0,女,遷入,其他縣市,0
110,5,26,平溪區,,,,無年齡維度,0.0,男,遷入,其他縣市,0
110,5,26,平溪區,,,,無年齡維度,0.0,女,遷入,其他鄉鎮,10
110,5,26,平溪區,,,,無年齡維度,0.0,男,遷入,其他鄉鎮,3
110,5,26,平溪區,,,,無年齡維度,0.0,女,遷入,合計,13
110,5,26,平溪區,,,,無年齡維度,0.0,男,遷入,合計,9
110,5,26,平溪區,,,,無年齡維度,0.0,女,遷入,國外,0
110,5,26,平溪區,,,,無年齡維度,0.0,男,遷入,國外,0
110,5,26,平溪區,,,,無年齡維度,0.0,女,遷入,新北市內,0
110,5,26,平溪區,,,,無年齡維度,0.0,男,遷入,新北市內,0
110,5,26,平溪區,,,,無年齡維度,0.0,女,遷入,桃園市,1
110,5,26,平溪區,,,,無年齡維度,0.0,男,遷入,桃園市,1
110,5,26,平溪區,,,,無年齡維度,0.0,女,遷入,福建省,0
110,5,26,平溪區,,,,無年齡維度,0.0,男,遷入,福建省,0
110,5,26,平溪區,,,,無年齡維度,0.0,女,遷入,臺中市,0
110,5,26,平溪區,,,,無年齡維度,0.0,男,遷入,臺中市,0
110,5,26,平溪區,,,,無年齡維度,0.0,女,遷入,臺北市,0
110,5,26,平溪區,,,,無年齡維度,0.0,男,遷入,臺北市,0
110,5,26,平溪區,,,,無年齡維度,0.0,女,遷入,臺南市,0
110,5,26,平溪區,,,,無年齡維度,0.0,男,遷入,臺南市,0
110,5,26,平溪區,,,,無年齡維度,0.0,女,遷入,臺灣省,1
110,5,26,平溪區,,,,無年齡維度,0.0,男,遷入,臺灣省,5
110,5,26,平溪區,,,,無年齡維度,0.0,女,遷入,高雄市,0
110,5,26,平溪區,,,,無年齡維度,0.0,男,遷入,高雄市,0
110,5,26,平溪區,,,,無年齡維度,0.0,女,遷出,migrants,2
110,5,26,平溪區,,,,無年齡維度,0.0,男,遷出,migrants,1
110,5,26,平溪區,,,,無年齡維度,0.0,女,遷出,other,0
110,5,26,平溪區,,,,無年齡維度,0.0,男,遷出,other,0
110,5,26,平溪區,,,,無年齡維度,0.0,女,遷出,其他縣市,0
110,5,26,平溪區,,,,無年齡維度,0.0,男,遷出,其他縣市,0
110,5,26,平溪區,,,,無年齡維度,0.0,女,遷出,其他鄉鎮,4
110,5,26,平溪區,,,,無年齡維度,0.0,男,遷出,其他鄉鎮,5
110,5,26,平溪區,,,,無年齡維度,0.0,女,遷出,合計,12
110,5,26,平溪區,,,,無年齡維度,0.0,男,遷出,合計,11
110,5,26,平溪區,,,,無年齡維度,0.0,女,遷出,國外,0
110,5,26,平溪區,,,,無年齡維度,0.0,男,遷出,國外,1
110,5,26,平溪區,,,,無年齡維度,0.0,女,遷出,新北市內,0
110,5,26,平溪區,,,,無年齡維度,0.0,男,遷出,新北市內,0
110,5,26,平溪區,,,,無年齡維度,0.0,女,遷出,桃園市,0
110,5,26,平溪區,,,,無年齡維度,0.0,男,遷出,桃園市,0
110,5,26,平溪區,,,,無年齡維度,0.0,女,遷出,福建省,0
110,5,26,平溪區,,,,無年齡維度,0.0,男,遷出,福建省,0
110,5,26,平溪區,,,,無年齡維度,0.0,女,遷出,臺中市,0
110,5,26,平溪區,,,,無年齡維度,0.0,男,遷出,臺中市,0
110,5,26,平溪區,,,,無年齡維度,0.0,女,遷出,臺北市,2
110,5,26,平溪區,,,,無年齡維度,0.0,男,遷出,臺北市,2
110,5,26,平溪區,,,,無年齡維度,0.0,女,遷出,臺南市,0
110,5,26,平溪區,,,,無年齡維度,0.0,男,遷出,臺南市,0
110,5,26,平溪區,,,,無年齡維度,0.0,女,遷出,臺灣省,6
110,5,26,平溪區,,,,無年齡維度,0.0,男,遷出,臺灣省,3
110,5,26,平溪區,,,,無年齡維度,0.0,女,遷出,高雄市,0
110,5,26,平溪區,,,,無年齡維度,0.0,男,遷出,高雄市,0
110,5,27,雙溪區,,,,無年齡維度,0.0,女,遷入,migrants,24
110,5,27,雙溪區,,,,無年齡維度,0.0,男,遷入,migrants,24
110,5,27,雙溪區,,,,無年齡維度,0.0,女,遷入,other,0
110,5,27,雙溪區,,,,無年齡維度,0.0,男,遷入,other,0
110,5,27,雙溪區,,,,無年齡維度,0.0,女,遷入,其他縣市,0
110,5,27,雙溪區,,,,無年齡維度,0.0,男,遷入,其他縣市,0
110,5,27,雙溪區,,,,無年齡維度,0.0,女,遷入,其他鄉鎮,15
110,5,27,雙溪區,,,,無年齡維度,0.0,男,遷入,其他鄉鎮,10
110,5,27,雙溪區,,,,無年齡維度,0.0,女,遷入,合計,24
110,5,27,雙溪區,,,,無年齡維度,0.0,男,遷入,合計,14
110,5,27,雙溪區,,,,無年齡維度,0.0,女,遷入,國外,0
110,5,27,雙溪區,,,,無年齡維度,0.0,男,遷入,國外,2
110,5,27,雙溪區,,,,無年齡維度,0.0,女,遷入,新北市內,0
110,5,27,雙溪區,,,,無年齡維度,0.0,男,遷入,新北市內,0
110,5,27,雙溪區,,,,無年齡維度,0.0,女,遷入,桃園市,2
110,5,27,雙溪區,,,,無年齡維度,0.0,男,遷入,桃園市,0
110,5,27,雙溪區,,,,無年齡維度,0.0,女,遷入,福建省,0
110,5,27,雙溪區,,,,無年齡維度,0.0,男,遷入,福建省,0
110,5,27,雙溪區,,,,無年齡維度,0.0,女,遷入,臺中市,0
110,5,27,雙溪區,,,,無年齡維度,0.0,男,遷入,臺中市,0
110,5,27,雙溪區,,,,無年齡維度,0.0,女,遷入,臺北市,4
110,5,27,雙溪區,,,,無年齡維度,0.0,男,遷入,臺北市,0
110,5,27,雙溪區,,,,無年齡維度,0.0,女,遷入,臺南市,0
110,5,27,雙溪區,,,,無年齡維度,0.0,男,遷入,臺南市,0
110,5,27,雙溪區,,,,無年齡維度,0.0,女,遷入,臺灣省,3
110,5,27,雙溪區,,,,無年齡維度,0.0,男,遷入,臺灣省,2
110,5,27,雙溪區,,,,無年齡維度,0.0,女,遷入,高雄市,0
110,5,27,雙溪區,,,,無年齡維度,0.0,男,遷入,高雄市,0
110,5,27,雙溪區,,,,無年齡維度,0.0,女,遷出,migrants,24
110,5,27,雙溪區,,,,無年齡維度,0.0,男,遷出,migrants,24
110,5,27,雙溪區,,,,無年齡維度,0.0,女,遷出,other,0
110,5,27,雙溪區,,,,無年齡維度,0.0,男,遷出,other,0
110,5,27,雙溪區,,,,無年齡維度,0.0,女,遷出,其他縣市,0
110,5,27,雙溪區,,,,無年齡維度,0.0,男,遷出,其他縣市,0
110,5,27,雙溪區,,,,無年齡維度,0.0,女,遷出,其他鄉鎮,14
110,5,27,雙溪區,,,,無年齡維度,0.0,男,遷出,其他鄉鎮,15
110,5,27,雙溪區,,,,無年齡維度,0.0,女,遷出,合計,36
110,5,27,雙溪區,,,,無年齡維度,0.0,男,遷出,合計,29
110,5,27,雙溪區,,,,無年齡維度,0.0,女,遷出,國外,9
110,5,27,雙溪區,,,,無年齡維度,0.0,男,遷出,國外,4
110,5,27,雙溪區,,,,無年齡維度,0.0,女,遷出,新北市內,0
110,5,27,雙溪區,,,,無年齡維度,0.0,男,遷出,新北市內,0
110,5,27,雙溪區,,,,無年齡維度,0.0,女,遷出,桃園市,2
110,5,27,雙溪區,,,,無年齡維度,0.0,男,遷出,桃園市,1
110,5,27,雙溪區,,,,無年齡維度,0.0,女,遷出,福建省,0
110,5,27,雙溪區,,,,無年齡維度,0.0,男,遷出,福建省,0
110,5,27,雙溪區,,,,無年齡維度,0.0,女,遷出,臺中市,0
110,5,27,雙溪區,,,,無年齡維度,0.0,男,遷出,臺中市,1
110,5,27,雙溪區,,,,無年齡維度,0.0,女,遷出,臺北市,5
110,5,27,雙溪區,,,,無年齡維度,0.0,男,遷出,臺北市,0
110,5,27,雙溪區,,,,無年齡維度,0.0,女,遷出,臺南市,0
110,5,27,雙溪區,,,,無年齡維度,0.0,男,遷出,臺南市,0
110,5,27,雙溪區,,,,無年齡維度,0.0,女,遷出,臺灣省,6
110,5,27,雙溪區,,,,無年齡維度,0.0,男,遷出,臺灣省,8
110,5,27,雙溪區,,,,無年齡維度,0.0,女,遷出,高雄市,0
110,5,27,雙溪區,,,,無年齡維度,0.0,男,遷出,高雄市,0
110,5,28,貢寮區,,,,無年齡維度,0.0,女,遷入,migrants,13
110,5,28,貢寮區,,,,無年齡維度,0.0,男,遷入,migrants,15
110,5,28,貢寮區,,,,無年齡維度,0.0,女,遷入,other,0
110,5,28,貢寮區,,,,無年齡維度,0.0,男,遷入,other,0
110,5,28,貢寮區,,,,無年齡維度,0.0,女,遷入,其他縣市,0
110,5,28,貢寮區,,,,無年齡維度,0.0,男,遷入,其他縣市,0
110,5,28,貢寮區,,,,無年齡維度,0.0,女,遷入,其他鄉鎮,17
110,5,28,貢寮區,,,,無年齡維度,0.0,男,遷入,其他鄉鎮,15
110,5,28,貢寮區,,,,無年齡維度,0.0,女,遷入,合計,49
110,5,28,貢寮區,,,,無年齡維度,0.0,男,遷入,合計,51
110,5,28,貢寮區,,,,無年齡維度,0.0,女,遷入,國外,0
110,5,28,貢寮區,,,,無年齡維度,0.0,男,遷入,國外,0
110,5,28,貢寮區,,,,無年齡維度,0.0,女,遷入,新北市內,0
110,5,28,貢寮區,,,,無年齡維度,0.0,男,遷入,新北市內,0
110,5,28,貢寮區,,,,無年齡維度,0.0,女,遷入,桃園市,3
110,5,28,貢寮區,,,,無年齡維度,0.0,男,遷入,桃園市,2
110,5,28,貢寮區,,,,無年齡維度,0.0,女,遷入,福建省,0
110,5,28,貢寮區,,,,無年齡維度,0.0,男,遷入,福建省,0
110,5,28,貢寮區,,,,無年齡維度,0.0,女,遷入,臺中市,3
110,5,28,貢寮區,,,,無年齡維度,0.0,男,遷入,臺中市,1
110,5,28,貢寮區,,,,無年齡維度,0.0,女,遷入,臺北市,0
110,5,28,貢寮區,,,,無年齡維度,0.0,男,遷入,臺北市,5
110,5,28,貢寮區,,,,無年齡維度,0.0,女,遷入,臺南市,1
110,5,28,貢寮區,,,,無年齡維度,0.0,男,遷入,臺南市,0
110,5,28,貢寮區,,,,無年齡維度,0.0,女,遷入,臺灣省,25
110,5,28,貢寮區,,,,無年齡維度,0.0,男,遷入,臺灣省,27
110,5,28,貢寮區,,,,無年齡維度,0.0,女,遷入,高雄市,0
110,5,28,貢寮區,,,,無年齡維度,0.0,男,遷入,高雄市,1
110,5,28,貢寮區,,,,無年齡維度,0.0,女,遷出,migrants,13
110,5,28,貢寮區,,,,無年齡維度,0.0,男,遷出,migrants,15
110,5,28,貢寮區,,,,無年齡維度,0.0,女,遷出,other,0
110,5,28,貢寮區,,,,無年齡維度,0.0,男,遷出,other,0
110,5,28,貢寮區,,,,無年齡維度,0.0,女,遷出,其他縣市,0
110,5,28,貢寮區,,,,無年齡維度,0.0,男,遷出,其他縣市,0
110,5,28,貢寮區,,,,無年齡維度,0.0,女,遷出,其他鄉鎮,17
110,5,28,貢寮區,,,,無年齡維度,0.0,男,遷出,其他鄉鎮,16
110,5,28,貢寮區,,,,無年齡維度,0.0,女,遷出,合計,42
110,5,28,貢寮區,,,,無年齡維度,0.0,男,遷出,合計,41
110,5,28,貢寮區,,,,無年齡維度,0.0,女,遷出,國外,7
110,5,28,貢寮區,,,,無年齡維度,0.0,男,遷出,國外,6
110,5,28,貢寮區,,,,無年齡維度,0.0,女,遷出,新北市內,0
110,5,28,貢寮區,,,,無年齡維度,0.0,男,遷出,新北市內,0
110,5,28,貢寮區,,,,無年齡維度,0.0,女,遷出,桃園市,5
110,5,28,貢寮區,,,,無年齡維度,0.0,男,遷出,桃園市,6
110,5,28,貢寮區,,,,無年齡維度,0.0,女,遷出,福建省,0
110,5,28,貢寮區,,,,無年齡維度,0.0,男,遷出,福建省,1
110,5,28,貢寮區,,,,無年齡維度,0.0,女,遷出,臺中市,0
110,5,28,貢寮區,,,,無年齡維度,0.0,男,遷出,臺中市,1
110,5,28,貢寮區,,,,無年齡維度,0.0,女,遷出,臺北市,3
110,5,28,貢寮區,,,,無年齡維度,0.0,男,遷出,臺北市,3
110,5,28,貢寮區,,,,無年齡維度,0.0,女,遷出,臺南市,0
110,5,28,貢寮區,,,,無年齡維度,0.0,男,遷出,臺南市,0
110,5,28,貢寮區,,,,無年齡維度,0.0,女,遷出,臺灣省,10
110,5,28,貢寮區,,,,無年齡維度,0.0,男,遷出,臺灣省,8
110,5,28,貢寮區,,,,無年齡維度,0.0,女,遷出,高雄市,0
110,5,28,貢寮區,,,,無年齡維度,0.0,男,遷出,高雄市,0
110,5,29,烏來區,,,,無年齡維度,0.0,女,遷入,migrants,9
110,5,29,烏來區,,,,無年齡維度,0.0,男,遷入,migrants,8
110,5,29,烏來區,,,,無年齡維度,0.0,女,遷入,other,0
110,5,29,烏來區,,,,無年齡維度,0.0,男,遷入,other,0
110,5,29,烏來區,,,,無年齡維度,0.0,女,遷入,其他縣市,0
110,5,29,烏來區,,,,無年齡維度,0.0,男,遷入,其他縣市,0
110,5,29,烏來區,,,,無年齡維度,0.0,女,遷入,其他鄉鎮,11
110,5,29,烏來區,,,,無年齡維度,0.0,男,遷入,其他鄉鎮,6
110,5,29,烏來區,,,,無年齡維度,0.0,女,遷入,合計,12
110,5,29,烏來區,,,,無年齡維度,0.0,男,遷入,合計,12
110,5,29,烏來區,,,,無年齡維度,0.0,女,遷入,國外,0
110,5,29,烏來區,,,,無年齡維度,0.0,男,遷入,國外,0
110,5,29,烏來區,,,,無年齡維度,0.0,女,遷入,新北市內,0
110,5,29,烏來區,,,,無年齡維度,0.0,男,遷入,新北市內,0
110,5,29,烏來區,,,,無年齡維度,0.0,女,遷入,桃園市,0
110,5,29,烏來區,,,,無年齡維度,0.0,男,遷入,桃園市,1
110,5,29,烏來區,,,,無年齡維度,0.0,女,遷入,福建省,0
110,5,29,烏來區,,,,無年齡維度,0.0,男,遷入,福建省,0
110,5,29,烏來區,,,,無年齡維度,0.0,女,遷入,臺中市,0
110,5,29,烏來區,,,,無年齡維度,0.0,男,遷入,臺中市,0
110,5,29,烏來區,,,,無年齡維度,0.0,女,遷入,臺北市,1
110,5,29,烏來區,,,,無年齡維度,0.0,男,遷入,臺北市,3
110,5,29,烏來區,,,,無年齡維度,0.0,女,遷入,臺南市,0
110,5,29,烏來區,,,,無年齡維度,0.0,男,遷入,臺南市,0
110,5,29,烏來區,,,,無年齡維度,0.0,女,遷入,臺灣省,0
110,5,29,烏來區,,,,無年齡維度,0.0,男,遷入,臺灣省,1
110,5,29,烏來區,,,,無年齡維度,0.0,女,遷入,高雄市,0
110,5,29,烏來區,,,,無年齡維度,0.0,男,遷入,高雄市,0
110,5,29,烏來區,,,,無年齡維度,0.0,女,遷出,migrants,9
110,5,29,烏來區,,,,無年齡維度,0.0,男,遷出,migrants,8
110,5,29,烏來區,,,,無年齡維度,0.0,女,遷出,other,0
110,5,29,烏來區,,,,無年齡維度,0.0,男,遷出,other,0
110,5,29,烏來區,,,,無年齡維度,0.0,女,遷出,其他縣市,0
110,5,29,烏來區,,,,無年齡維度,0.0,男,遷出,其他縣市,0
110,5,29,烏來區,,,,無年齡維度,0.0,女,遷出,其他鄉鎮,20
110,5,29,烏來區,,,,無年齡維度,0.0,男,遷出,其他鄉鎮,10
110,5,29,烏來區,,,,無年齡維度,0.0,女,遷出,合計,27
110,5,29,烏來區,,,,無年齡維度,0.0,男,遷出,合計,12
110,5,29,烏來區,,,,無年齡維度,0.0,女,遷出,國外,3
110,5,29,烏來區,,,,無年齡維度,0.0,男,遷出,國外,0
110,5,29,烏來區,,,,無年齡維度,0.0,女,遷出,新北市內,0
110,5,29,烏來區,,,,無年齡維度,0.0,男,遷出,新北市內,0
110,5,29,烏來區,,,,無年齡維度,0.0,女,遷出,桃園市,1
110,5,29,烏來區,,,,無年齡維度,0.0,男,遷出,桃園市,1
110,5,29,烏來區,,,,無年齡維度,0.0,女,遷出,福建省,0
110,5,29,烏來區,,,,無年齡維度,0.0,男,遷出,福建省,0
110,5,29,烏來區,,,,無年齡維度,0.0,女,遷出,臺中市,0
110,5,29,烏來區,,,,無年齡維度,0.0,男,遷出,臺中市,0
110,5,29,烏來區,,,,無年齡維度,0.0,女,遷出,臺北市,0
110,5,29,烏來區,,,,無年齡維度,0.0,男,遷出,臺北市,0
110,5,29,烏來區,,,,無年齡維度,0.0,女,遷出,臺南市,1
110,5,29,烏來區,,,,無年齡維度,0.0,男,遷出,臺南市,1
110,5,29,烏來區,,,,無年齡維度,0.0,女,遷出,臺灣省,2
110,5,29,烏來區,,,,無年齡維度,0.0,男,遷出,臺灣省,0
110,5,29,烏來區,,,,無年齡維度,0.0,女,遷出,高雄市,0
110,5,29,烏來區,,,,無年齡維度,0.0,男,遷出,高雄市,0
110,6,1,板橋區,,,,無年齡維度,0.0,女,遷入,migrants,582
110,6,1,板橋區,,,,無年齡維度,0.0,男,遷入,migrants,549
110,6,1,板橋區,,,,無年齡維度,0.0,女,遷入,other,0
110,6,1,板橋區,,,,無年齡維度,0.0,男,遷入,other,0
110,6,1,板橋區,,,,無年齡維度,0.0,女,遷入,其他縣市,0
110,6,1,板橋區,,,,無年齡維度,0.0,男,遷入,其他縣市,0
110,6,1,板橋區,,,,無年齡維度,0.0,女,遷入,其他鄉鎮,322
110,6,1,板橋區,,,,無年齡維度,0.0,男,遷入,其他鄉鎮,253
110,6,1,板橋區,,,,無年齡維度,0.0,女,遷入,合計,650
110,6,1,板橋區,,,,無年齡維度,0.0,男,遷入,合計,562
110,6,1,板橋區,,,,無年齡維度,0.0,女,遷入,國外,17
110,6,1,板橋區,,,,無年齡維度,0.0,男,遷入,國外,12
110,6,1,板橋區,,,,無年齡維度,0.0,女,遷入,新北市內,0
110,6,1,板橋區,,,,無年齡維度,0.0,男,遷入,新北市內,0
110,6,1,板橋區,,,,無年齡維度,0.0,女,遷入,桃園市,44
110,6,1,板橋區,,,,無年齡維度,0.0,男,遷入,桃園市,38
110,6,1,板橋區,,,,無年齡維度,0.0,女,遷入,福建省,5
110,6,1,板橋區,,,,無年齡維度,0.0,男,遷入,福建省,5
110,6,1,板橋區,,,,無年齡維度,0.0,女,遷入,臺中市,14
110,6,1,板橋區,,,,無年齡維度,0.0,男,遷入,臺中市,22
110,6,1,板橋區,,,,無年齡維度,0.0,女,遷入,臺北市,144
110,6,1,板橋區,,,,無年齡維度,0.0,男,遷入,臺北市,117
110,6,1,板橋區,,,,無年齡維度,0.0,女,遷入,臺南市,9
110,6,1,板橋區,,,,無年齡維度,0.0,男,遷入,臺南市,11
110,6,1,板橋區,,,,無年齡維度,0.0,女,遷入,臺灣省,73
110,6,1,板橋區,,,,無年齡維度,0.0,男,遷入,臺灣省,78
110,6,1,板橋區,,,,無年齡維度,0.0,女,遷入,高雄市,16
110,6,1,板橋區,,,,無年齡維度,0.0,男,遷入,高雄市,18
110,6,1,板橋區,,,,無年齡維度,0.0,女,遷出,migrants,582
110,6,1,板橋區,,,,無年齡維度,0.0,男,遷出,migrants,549
110,6,1,板橋區,,,,無年齡維度,0.0,女,遷出,other,0
110,6,1,板橋區,,,,無年齡維度,0.0,男,遷出,other,0
110,6,1,板橋區,,,,無年齡維度,0.0,女,遷出,其他縣市,0
110,6,1,板橋區,,,,無年齡維度,0.0,男,遷出,其他縣市,0
110,6,1,板橋區,,,,無年齡維度,0.0,女,遷出,其他鄉鎮,400
110,6,1,板橋區,,,,無年齡維度,0.0,男,遷出,其他鄉鎮,334
110,6,1,板橋區,,,,無年齡維度,0.0,女,遷出,合計,876
110,6,1,板橋區,,,,無年齡維度,0.0,男,遷出,合計,713
110,6,1,板橋區,,,,無年齡維度,0.0,女,遷出,國外,136
110,6,1,板橋區,,,,無年齡維度,0.0,男,遷出,國外,118
110,6,1,板橋區,,,,無年齡維度,0.0,女,遷出,新北市內,0
110,6,1,板橋區,,,,無年齡維度,0.0,男,遷出,新北市內,0
110,6,1,板橋區,,,,無年齡維度,0.0,女,遷出,桃園市,70
110,6,1,板橋區,,,,無年齡維度,0.0,男,遷出,桃園市,60
110,6,1,板橋區,,,,無年齡維度,0.0,女,遷出,福建省,3
110,6,1,板橋區,,,,無年齡維度,0.0,男,遷出,福建省,3
110,6,1,板橋區,,,,無年齡維度,0.0,女,遷出,臺中市,24
110,6,1,板橋區,,,,無年齡維度,0.0,男,遷出,臺中市,15
110,6,1,板橋區,,,,無年齡維度,0.0,女,遷出,臺北市,121
110,6,1,板橋區,,,,無年齡維度,0.0,男,遷出,臺北市,82
110,6,1,板橋區,,,,無年齡維度,0.0,女,遷出,臺南市,12
110,6,1,板橋區,,,,無年齡維度,0.0,男,遷出,臺南市,10
110,6,1,板橋區,,,,無年齡維度,0.0,女,遷出,臺灣省,93
110,6,1,板橋區,,,,無年齡維度,0.0,男,遷出,臺灣省,80
110,6,1,板橋區,,,,無年齡維度,0.0,女,遷出,高雄市,16
110,6,1,板橋區,,,,無年齡維度,0.0,男,遷出,高雄市,11
110,6,2,三重區,,,,無年齡維度,0.0,女,遷入,migrants,367
110,6,2,三重區,,,,無年齡維度,0.0,男,遷入,migrants,375
110,6,2,三重區,,,,無年齡維度,0.0,女,遷入,other,0
110,6,2,三重區,,,,無年齡維度,0.0,男,遷入,other,0
110,6,2,三重區,,,,無年齡維度,0.0,女,遷入,其他縣市,0
110,6,2,三重區,,,,無年齡維度,0.0,男,遷入,其他縣市,0
110,6,2,三重區,,,,無年齡維度,0.0,女,遷入,其他鄉鎮,175
110,6,2,三重區,,,,無年齡維度,0.0,男,遷入,其他鄉鎮,151
110,6,2,三重區,,,,無年齡維度,0.0,女,遷入,合計,456
110,6,2,三重區,,,,無年齡維度,0.0,男,遷入,合計,456
110,6,2,三重區,,,,無年齡維度,0.0,女,遷入,國外,7
110,6,2,三重區,,,,無年齡維度,0.0,男,遷入,國外,9
110,6,2,三重區,,,,無年齡維度,0.0,女,遷入,新北市內,0
110,6,2,三重區,,,,無年齡維度,0.0,男,遷入,新北市內,0
110,6,2,三重區,,,,無年齡維度,0.0,女,遷入,桃園市,33
110,6,2,三重區,,,,無年齡維度,0.0,男,遷入,桃園市,20
110,6,2,三重區,,,,無年齡維度,0.0,女,遷入,福建省,1
110,6,2,三重區,,,,無年齡維度,0.0,男,遷入,福建省,4
110,6,2,三重區,,,,無年齡維度,0.0,女,遷入,臺中市,9
110,6,2,三重區,,,,無年齡維度,0.0,男,遷入,臺中市,16
110,6,2,三重區,,,,無年齡維度,0.0,女,遷入,臺北市,144
110,6,2,三重區,,,,無年齡維度,0.0,男,遷入,臺北市,172
110,6,2,三重區,,,,無年齡維度,0.0,女,遷入,臺南市,7
110,6,2,三重區,,,,無年齡維度,0.0,男,遷入,臺南市,6
110,6,2,三重區,,,,無年齡維度,0.0,女,遷入,臺灣省,61
110,6,2,三重區,,,,無年齡維度,0.0,男,遷入,臺灣省,60
110,6,2,三重區,,,,無年齡維度,0.0,女,遷入,高雄市,13
110,6,2,三重區,,,,無年齡維度,0.0,男,遷入,高雄市,14
110,6,2,三重區,,,,無年齡維度,0.0,女,遷出,migrants,367
110,6,2,三重區,,,,無年齡維度,0.0,男,遷出,migrants,375
110,6,2,三重區,,,,無年齡維度,0.0,女,遷出,other,0
110,6,2,三重區,,,,無年齡維度,0.0,男,遷出,other,0
110,6,2,三重區,,,,無年齡維度,0.0,女,遷出,其他縣市,0
110,6,2,三重區,,,,無年齡維度,0.0,男,遷出,其他縣市,0
110,6,2,三重區,,,,無年齡維度,0.0,女,遷出,其他鄉鎮,236
110,6,2,三重區,,,,無年齡維度,0.0,男,遷出,其他鄉鎮,193
110,6,2,三重區,,,,無年齡維度,0.0,女,遷出,合計,586
110,6,2,三重區,,,,無年齡維度,0.0,男,遷出,合計,488
110,6,2,三重區,,,,無年齡維度,0.0,女,遷出,國外,88
110,6,2,三重區,,,,無年齡維度,0.0,男,遷出,國外,54
110,6,2,三重區,,,,無年齡維度,0.0,女,遷出,新北市內,0
110,6,2,三重區,,,,無年齡維度,0.0,男,遷出,新北市內,0
110,6,2,三重區,,,,無年齡維度,0.0,女,遷出,桃園市,42
110,6,2,三重區,,,,無年齡維度,0.0,男,遷出,桃園市,34
110,6,2,三重區,,,,無年齡維度,0.0,女,遷出,福建省,2
110,6,2,三重區,,,,無年齡維度,0.0,男,遷出,福建省,3
110,6,2,三重區,,,,無年齡維度,0.0,女,遷出,臺中市,20
110,6,2,三重區,,,,無年齡維度,0.0,男,遷出,臺中市,11
110,6,2,三重區,,,,無年齡維度,0.0,女,遷出,臺北市,110
110,6,2,三重區,,,,無年齡維度,0.0,男,遷出,臺北市,106
110,6,2,三重區,,,,無年齡維度,0.0,女,遷出,臺南市,7
110,6,2,三重區,,,,無年齡維度,0.0,男,遷出,臺南市,7
110,6,2,三重區,,,,無年齡維度,0.0,女,遷出,臺灣省,70
110,6,2,三重區,,,,無年齡維度,0.0,男,遷出,臺灣省,71
110,6,2,三重區,,,,無年齡維度,0.0,女,遷出,高雄市,11
110,6,2,三重區,,,,無年齡維度,0.0,男,遷出,高雄市,9
110,6,3,中和區,,,,無年齡維度,0.0,女,遷入,migrants,323
110,6,3,中和區,,,,無年齡維度,0.0,男,遷入,migrants,290
110,6,3,中和區,,,,無年齡維度,0.0,女,遷入,other,0
110,6,3,中和區,,,,無年齡維度,0.0,男,遷入,other,0
110,6,3,中和區,,,,無年齡維度,0.0,女,遷入,其他縣市,0
110,6,3,中和區,,,,無年齡維度,0.0,男,遷入,其他縣市,0
110,6,3,中和區,,,,無年齡維度,0.0,女,遷入,其他鄉鎮,314
110,6,3,中和區,,,,無年齡維度,0.0,男,遷入,其他鄉鎮,259
110,6,3,中和區,,,,無年齡維度,0.0,女,遷入,合計,586
110,6,3,中和區,,,,無年齡維度,0.0,男,遷入,合計,523
110,6,3,中和區,,,,無年齡維度,0.0,女,遷入,國外,12
110,6,3,中和區,,,,無年齡維度,0.0,男,遷入,國外,12
110,6,3,中和區,,,,無年齡維度,0.0,女,遷入,新北市內,0
110,6,3,中和區,,,,無年齡維度,0.0,男,遷入,新北市內,0
110,6,3,中和區,,,,無年齡維度,0.0,女,遷入,桃園市,29
110,6,3,中和區,,,,無年齡維度,0.0,男,遷入,桃園市,17
110,6,3,中和區,,,,無年齡維度,0.0,女,遷入,福建省,12
110,6,3,中和區,,,,無年齡維度,0.0,男,遷入,福建省,8
110,6,3,中和區,,,,無年齡維度,0.0,女,遷入,臺中市,20
110,6,3,中和區,,,,無年齡維度,0.0,男,遷入,臺中市,8
110,6,3,中和區,,,,無年齡維度,0.0,女,遷入,臺北市,110
110,6,3,中和區,,,,無年齡維度,0.0,男,遷入,臺北市,112
110,6,3,中和區,,,,無年齡維度,0.0,女,遷入,臺南市,8
110,6,3,中和區,,,,無年齡維度,0.0,男,遷入,臺南市,5
110,6,3,中和區,,,,無年齡維度,0.0,女,遷入,臺灣省,57
110,6,3,中和區,,,,無年齡維度,0.0,男,遷入,臺灣省,71
110,6,3,中和區,,,,無年齡維度,0.0,女,遷入,高雄市,15
110,6,3,中和區,,,,無年齡維度,0.0,男,遷入,高雄市,22
110,6,3,中和區,,,,無年齡維度,0.0,女,遷出,migrants,323
110,6,3,中和區,,,,無年齡維度,0.0,男,遷出,migrants,290
110,6,3,中和區,,,,無年齡維度,0.0,女,遷出,other,0
110,6,3,中和區,,,,無年齡維度,0.0,男,遷出,other,0
110,6,3,中和區,,,,無年齡維度,0.0,女,遷出,其他縣市,0
110,6,3,中和區,,,,無年齡維度,0.0,男,遷出,其他縣市,0
110,6,3,中和區,,,,無年齡維度,0.0,女,遷出,其他鄉鎮,328
110,6,3,中和區,,,,無年齡維度,0.0,男,遷出,其他鄉鎮,280
110,6,3,中和區,,,,無年齡維度,0.0,女,遷出,合計,837
110,6,3,中和區,,,,無年齡維度,0.0,男,遷出,合計,661
110,6,3,中和區,,,,無年齡維度,0.0,女,遷出,國外,237
110,6,3,中和區,,,,無年齡維度,0.0,男,遷出,國外,163
110,6,3,中和區,,,,無年齡維度,0.0,女,遷出,新北市內,0
110,6,3,中和區,,,,無年齡維度,0.0,男,遷出,新北市內,0
110,6,3,中和區,,,,無年齡維度,0.0,女,遷出,桃園市,44
110,6,3,中和區,,,,無年齡維度,0.0,男,遷出,桃園市,44
110,6,3,中和區,,,,無年齡維度,0.0,女,遷出,福建省,2
110,6,3,中和區,,,,無年齡維度,0.0,男,遷出,福建省,7
110,6,3,中和區,,,,無年齡維度,0.0,女,遷出,臺中市,28
110,6,3,中和區,,,,無年齡維度,0.0,男,遷出,臺中市,25
110,6,3,中和區,,,,無年齡維度,0.0,女,遷出,臺北市,96
110,6,3,中和區,,,,無年齡維度,0.0,男,遷出,臺北市,56
110,6,3,中和區,,,,無年齡維度,0.0,女,遷出,臺南市,7
110,6,3,中和區,,,,無年齡維度,0.0,男,遷出,臺南市,7
110,6,3,中和區,,,,無年齡維度,0.0,女,遷出,臺灣省,78
110,6,3,中和區,,,,無年齡維度,0.0,男,遷出,臺灣省,64
110,6,3,中和區,,,,無年齡維度,0.0,女,遷出,高雄市,16
110,6,3,中和區,,,,無年齡維度,0.0,男,遷出,高雄市,15
110,6,4,永和區,,,,無年齡維度,0.0,女,遷入,migrants,144
110,6,4,永和區,,,,無年齡維度,0.0,男,遷入,migrants,131
110,6,4,永和區,,,,無年齡維度,0.0,女,遷入,other,0
110,6,4,永和區,,,,無年齡維度,0.0,男,遷入,other,0
110,6,4,永和區,,,,無年齡維度,0.0,女,遷入,其他縣市,0
110,6,4,永和區,,,,無年齡維度,0.0,男,遷入,其他縣市,0
110,6,4,永和區,,,,無年齡維度,0.0,女,遷入,其他鄉鎮,136
110,6,4,永和區,,,,無年齡維度,0.0,男,遷入,其他鄉鎮,100
110,6,4,永和區,,,,無年齡維度,0.0,女,遷入,合計,320
110,6,4,永和區,,,,無年齡維度,0.0,男,遷入,合計,252
110,6,4,永和區,,,,無年齡維度,0.0,女,遷入,國外,12
110,6,4,永和區,,,,無年齡維度,0.0,男,遷入,國外,13
110,6,4,永和區,,,,無年齡維度,0.0,女,遷入,新北市內,0
110,6,4,永和區,,,,無年齡維度,0.0,男,遷入,新北市內,0
110,6,4,永和區,,,,無年齡維度,0.0,女,遷入,桃園市,12
110,6,4,永和區,,,,無年齡維度,0.0,男,遷入,桃園市,11
110,6,4,永和區,,,,無年齡維度,0.0,女,遷入,福建省,1
110,6,4,永和區,,,,無年齡維度,0.0,男,遷入,福建省,1
110,6,4,永和區,,,,無年齡維度,0.0,女,遷入,臺中市,6
110,6,4,永和區,,,,無年齡維度,0.0,男,遷入,臺中市,2
110,6,4,永和區,,,,無年齡維度,0.0,女,遷入,臺北市,99
110,6,4,永和區,,,,無年齡維度,0.0,男,遷入,臺北市,72
110,6,4,永和區,,,,無年齡維度,0.0,女,遷入,臺南市,9
110,6,4,永和區,,,,無年齡維度,0.0,男,遷入,臺南市,4
110,6,4,永和區,,,,無年齡維度,0.0,女,遷入,臺灣省,33
110,6,4,永和區,,,,無年齡維度,0.0,男,遷入,臺灣省,42
110,6,4,永和區,,,,無年齡維度,0.0,女,遷入,高雄市,7
110,6,4,永和區,,,,無年齡維度,0.0,男,遷入,高雄市,6
110,6,4,永和區,,,,無年齡維度,0.0,女,遷出,migrants,144
110,6,4,永和區,,,,無年齡維度,0.0,男,遷出,migrants,131
110,6,4,永和區,,,,無年齡維度,0.0,女,遷出,other,0
110,6,4,永和區,,,,無年齡維度,0.0,男,遷出,other,0
110,6,4,永和區,,,,無年齡維度,0.0,女,遷出,其他縣市,0
110,6,4,永和區,,,,無年齡維度,0.0,男,遷出,其他縣市,0
110,6,4,永和區,,,,無年齡維度,0.0,女,遷出,其他鄉鎮,200
110,6,4,永和區,,,,無年齡維度,0.0,男,遷出,其他鄉鎮,176
110,6,4,永和區,,,,無年齡維度,0.0,女,遷出,合計,525
110,6,4,永和區,,,,無年齡維度,0.0,男,遷出,合計,441
110,6,4,永和區,,,,無年齡維度,0.0,女,遷出,國外,191
110,6,4,永和區,,,,無年齡維度,0.0,男,遷出,國外,134
110,6,4,永和區,,,,無年齡維度,0.0,女,遷出,新北市內,0
110,6,4,永和區,,,,無年齡維度,0.0,男,遷出,新北市內,0
110,6,4,永和區,,,,無年齡維度,0.0,女,遷出,桃園市,17
110,6,4,永和區,,,,無年齡維度,0.0,男,遷出,桃園市,22
110,6,4,永和區,,,,無年齡維度,0.0,女,遷出,福建省,1
110,6,4,永和區,,,,無年齡維度,0.0,男,遷出,福建省,2
110,6,4,永和區,,,,無年齡維度,0.0,女,遷出,臺中市,4
110,6,4,永和區,,,,無年齡維度,0.0,男,遷出,臺中市,9
110,6,4,永和區,,,,無年齡維度,0.0,女,遷出,臺北市,72
110,6,4,永和區,,,,無年齡維度,0.0,男,遷出,臺北市,57
110,6,4,永和區,,,,無年齡維度,0.0,女,遷出,臺南市,12
110,6,4,永和區,,,,無年齡維度,0.0,男,遷出,臺南市,2
110,6,4,永和區,,,,無年齡維度,0.0,女,遷出,臺灣省,24
110,6,4,永和區,,,,無年齡維度,0.0,男,遷出,臺灣省,34
110,6,4,永和區,,,,無年齡維度,0.0,女,遷出,高雄市,4
110,6,4,永和區,,,,無年齡維度,0.0,男,遷出,高雄市,5
110,6,5,新莊區,,,,無年齡維度,0.0,女,遷入,migrants,535
110,6,5,新莊區,,,,無年齡維度,0.0,男,遷入,migrants,459
110,6,5,新莊區,,,,無年齡維度,0.0,女,遷入,other,0
110,6,5,新莊區,,,,無年齡維度,0.0,男,遷入,other,0
110,6,5,新莊區,,,,無年齡維度,0.0,女,遷入,其他縣市,0
110,6,5,新莊區,,,,無年齡維度,0.0,男,遷入,其他縣市,0
110,6,5,新莊區,,,,無年齡維度,0.0,女,遷入,其他鄉鎮,284
110,6,5,新莊區,,,,無年齡維度,0.0,男,遷入,其他鄉鎮,235
110,6,5,新莊區,,,,無年齡維度,0.0,女,遷入,合計,570
110,6,5,新莊區,,,,無年齡維度,0.0,男,遷入,合計,487
110,6,5,新莊區,,,,無年齡維度,0.0,女,遷入,國外,13
110,6,5,新莊區,,,,無年齡維度,0.0,男,遷入,國外,4
110,6,5,新莊區,,,,無年齡維度,0.0,女,遷入,新北市內,0
110,6,5,新莊區,,,,無年齡維度,0.0,男,遷入,新北市內,0
110,6,5,新莊區,,,,無年齡維度,0.0,女,遷入,桃園市,59
110,6,5,新莊區,,,,無年齡維度,0.0,男,遷入,桃園市,45
110,6,5,新莊區,,,,無年齡維度,0.0,女,遷入,福建省,8
110,6,5,新莊區,,,,無年齡維度,0.0,男,遷入,福建省,7
110,6,5,新莊區,,,,無年齡維度,0.0,女,遷入,臺中市,22
110,6,5,新莊區,,,,無年齡維度,0.0,男,遷入,臺中市,12
110,6,5,新莊區,,,,無年齡維度,0.0,女,遷入,臺北市,93
110,6,5,新莊區,,,,無年齡維度,0.0,男,遷入,臺北市,94
110,6,5,新莊區,,,,無年齡維度,0.0,女,遷入,臺南市,16
110,6,5,新莊區,,,,無年齡維度,0.0,男,遷入,臺南市,16
110,6,5,新莊區,,,,無年齡維度,0.0,女,遷入,臺灣省,57
110,6,5,新莊區,,,,無年齡維度,0.0,男,遷入,臺灣省,61
110,6,5,新莊區,,,,無年齡維度,0.0,女,遷入,高雄市,10
110,6,5,新莊區,,,,無年齡維度,0.0,男,遷入,高雄市,9
110,6,5,新莊區,,,,無年齡維度,0.0,女,遷出,migrants,535
110,6,5,新莊區,,,,無年齡維度,0.0,男,遷出,migrants,459
110,6,5,新莊區,,,,無年齡維度,0.0,女,遷出,other,0
110,6,5,新莊區,,,,無年齡維度,0.0,男,遷出,other,0
110,6,5,新莊區,,,,無年齡維度,0.0,女,遷出,其他縣市,0
110,6,5,新莊區,,,,無年齡維度,0.0,男,遷出,其他縣市,0
110,6,5,新莊區,,,,無年齡維度,0.0,女,遷出,其他鄉鎮,262
110,6,5,新莊區,,,,無年齡維度,0.0,男,遷出,其他鄉鎮,256
110,6,5,新莊區,,,,無年齡維度,0.0,女,遷出,合計,649
110,6,5,新莊區,,,,無年齡維度,0.0,男,遷出,合計,594
110,6,5,新莊區,,,,無年齡維度,0.0,女,遷出,國外,70
110,6,5,新莊區,,,,無年齡維度,0.0,男,遷出,國外,50
110,6,5,新莊區,,,,無年齡維度,0.0,女,遷出,新北市內,0
110,6,5,新莊區,,,,無年齡維度,0.0,男,遷出,新北市內,0
110,6,5,新莊區,,,,無年齡維度,0.0,女,遷出,桃園市,125
110,6,5,新莊區,,,,無年齡維度,0.0,男,遷出,桃園市,130
110,6,5,新莊區,,,,無年齡維度,0.0,女,遷出,福建省,1
110,6,5,新莊區,,,,無年齡維度,0.0,男,遷出,福建省,3
110,6,5,新莊區,,,,無年齡維度,0.0,女,遷出,臺中市,19
110,6,5,新莊區,,,,無年齡維度,0.0,男,遷出,臺中市,13
110,6,5,新莊區,,,,無年齡維度,0.0,女,遷出,臺北市,70
110,6,5,新莊區,,,,無年齡維度,0.0,男,遷出,臺北市,60
110,6,5,新莊區,,,,無年齡維度,0.0,女,遷出,臺南市,14
110,6,5,新莊區,,,,無年齡維度,0.0,男,遷出,臺南市,9
110,6,5,新莊區,,,,無年齡維度,0.0,女,遷出,臺灣省,72
110,6,5,新莊區,,,,無年齡維度,0.0,男,遷出,臺灣省,67
110,6,5,新莊區,,,,無年齡維度,0.0,女,遷出,高雄市,16
110,6,5,新莊區,,,,無年齡維度,0.0,男,遷出,高雄市,6
110,6,6,新店區,,,,無年齡維度,0.0,女,遷入,migrants,318
110,6,6,新店區,,,,無年齡維度,0.0,男,遷入,migrants,290
110,6,6,新店區,,,,無年齡維度,0.0,女,遷入,other,0
110,6,6,新店區,,,,無年齡維度,0.0,男,遷入,other,0
110,6,6,新店區,,,,無年齡維度,0.0,女,遷入,其他縣市,0
110,6,6,新店區,,,,無年齡維度,0.0,男,遷入,其他縣市,0
110,6,6,新店區,,,,無年齡維度,0.0,女,遷入,其他鄉鎮,154
110,6,6,新店區,,,,無年齡維度,0.0,男,遷入,其他鄉鎮,139
110,6,6,新店區,,,,無年齡維度,0.0,女,遷入,合計,469
110,6,6,新店區,,,,無年齡維度,0.0,男,遷入,合計,407
110,6,6,新店區,,,,無年齡維度,0.0,女,遷入,國外,23
110,6,6,新店區,,,,無年齡維度,0.0,男,遷入,國外,15
110,6,6,新店區,,,,無年齡維度,0.0,女,遷入,新北市內,0
110,6,6,新店區,,,,無年齡維度,0.0,男,遷入,新北市內,0
110,6,6,新店區,,,,無年齡維度,0.0,女,遷入,桃園市,22
110,6,6,新店區,,,,無年齡維度,0.0,男,遷入,桃園市,20
110,6,6,新店區,,,,無年齡維度,0.0,女,遷入,福建省,2
110,6,6,新店區,,,,無年齡維度,0.0,男,遷入,福建省,5
110,6,6,新店區,,,,無年齡維度,0.0,女,遷入,臺中市,21
110,6,6,新店區,,,,無年齡維度,0.0,男,遷入,臺中市,18
110,6,6,新店區,,,,無年齡維度,0.0,女,遷入,臺北市,168
110,6,6,新店區,,,,無年齡維度,0.0,男,遷入,臺北市,160
110,6,6,新店區,,,,無年齡維度,0.0,女,遷入,臺南市,7
110,6,6,新店區,,,,無年齡維度,0.0,男,遷入,臺南市,6
110,6,6,新店區,,,,無年齡維度,0.0,女,遷入,臺灣省,50
110,6,6,新店區,,,,無年齡維度,0.0,男,遷入,臺灣省,31
110,6,6,新店區,,,,無年齡維度,0.0,女,遷入,高雄市,11
110,6,6,新店區,,,,無年齡維度,0.0,男,遷入,高雄市,9
110,6,6,新店區,,,,無年齡維度,0.0,女,遷出,migrants,318
110,6,6,新店區,,,,無年齡維度,0.0,男,遷出,migrants,290
110,6,6,新店區,,,,無年齡維度,0.0,女,遷出,other,0
110,6,6,新店區,,,,無年齡維度,0.0,男,遷出,other,0
110,6,6,新店區,,,,無年齡維度,0.0,女,遷出,其他縣市,0
110,6,6,新店區,,,,無年齡維度,0.0,男,遷出,其他縣市,0
110,6,6,新店區,,,,無年齡維度,0.0,女,遷出,其他鄉鎮,139
110,6,6,新店區,,,,無年齡維度,0.0,男,遷出,其他鄉鎮,111
110,6,6,新店區,,,,無年齡維度,0.0,女,遷出,合計,673
110,6,6,新店區,,,,無年齡維度,0.0,男,遷出,合計,536
110,6,6,新店區,,,,無年齡維度,0.0,女,遷出,國外,319
110,6,6,新店區,,,,無年齡維度,0.0,男,遷出,國外,206
110,6,6,新店區,,,,無年齡維度,0.0,女,遷出,新北市內,0
110,6,6,新店區,,,,無年齡維度,0.0,男,遷出,新北市內,0
110,6,6,新店區,,,,無年齡維度,0.0,女,遷出,桃園市,28
110,6,6,新店區,,,,無年齡維度,0.0,男,遷出,桃園市,21
110,6,6,新店區,,,,無年齡維度,0.0,女,遷出,福建省,1
110,6,6,新店區,,,,無年齡維度,0.0,男,遷出,福建省,1
110,6,6,新店區,,,,無年齡維度,0.0,女,遷出,臺中市,15
110,6,6,新店區,,,,無年齡維度,0.0,男,遷出,臺中市,16
110,6,6,新店區,,,,無年齡維度,0.0,女,遷出,臺北市,114
110,6,6,新店區,,,,無年齡維度,0.0,男,遷出,臺北市,125
110,6,6,新店區,,,,無年齡維度,0.0,女,遷出,臺南市,9
110,6,6,新店區,,,,無年齡維度,0.0,男,遷出,臺南市,5
110,6,6,新店區,,,,無年齡維度,0.0,女,遷出,臺灣省,40
110,6,6,新店區,,,,無年齡維度,0.0,男,遷出,臺灣省,39
110,6,6,新店區,,,,無年齡維度,0.0,女,遷出,高雄市,8
110,6,6,新店區,,,,無年齡維度,0.0,男,遷出,高雄市,12
110,6,7,土城區,,,,無年齡維度,0.0,女,遷入,migrants,179
110,6,7,土城區,,,,無年齡維度,0.0,男,遷入,migrants,148
110,6,7,土城區,,,,無年齡維度,0.0,女,遷入,other,0
110,6,7,土城區,,,,無年齡維度,0.0,男,遷入,other,0
110,6,7,土城區,,,,無年齡維度,0.0,女,遷入,其他縣市,0
110,6,7,土城區,,,,無年齡維度,0.0,男,遷入,其他縣市,0
110,6,7,土城區,,,,無年齡維度,0.0,女,遷入,其他鄉鎮,162
110,6,7,土城區,,,,無年齡維度,0.0,男,遷入,其他鄉鎮,146
110,6,7,土城區,,,,無年齡維度,0.0,女,遷入,合計,269
110,6,7,土城區,,,,無年齡維度,0.0,男,遷入,合計,233
110,6,7,土城區,,,,無年齡維度,0.0,女,遷入,國外,1
110,6,7,土城區,,,,無年齡維度,0.0,男,遷入,國外,1
110,6,7,土城區,,,,無年齡維度,0.0,女,遷入,新北市內,0
110,6,7,土城區,,,,無年齡維度,0.0,男,遷入,新北市內,0
110,6,7,土城區,,,,無年齡維度,0.0,女,遷入,桃園市,20
110,6,7,土城區,,,,無年齡維度,0.0,男,遷入,桃園市,13
110,6,7,土城區,,,,無年齡維度,0.0,女,遷入,福建省,1
110,6,7,土城區,,,,無年齡維度,0.0,男,遷入,福建省,3
110,6,7,土城區,,,,無年齡維度,0.0,女,遷入,臺中市,8
110,6,7,土城區,,,,無年齡維度,0.0,男,遷入,臺中市,9
110,6,7,土城區,,,,無年齡維度,0.0,女,遷入,臺北市,29
110,6,7,土城區,,,,無年齡維度,0.0,男,遷入,臺北市,32
110,6,7,土城區,,,,無年齡維度,0.0,女,遷入,臺南市,5
110,6,7,土城區,,,,無年齡維度,0.0,男,遷入,臺南市,4
110,6,7,土城區,,,,無年齡維度,0.0,女,遷入,臺灣省,32
110,6,7,土城區,,,,無年齡維度,0.0,男,遷入,臺灣省,20
110,6,7,土城區,,,,無年齡維度,0.0,女,遷入,高雄市,6
110,6,7,土城區,,,,無年齡維度,0.0,男,遷入,高雄市,3
110,6,7,土城區,,,,無年齡維度,0.0,女,遷出,migrants,179
110,6,7,土城區,,,,無年齡維度,0.0,男,遷出,migrants,148
110,6,7,土城區,,,,無年齡維度,0.0,女,遷出,other,0
110,6,7,土城區,,,,無年齡維度,0.0,男,遷出,other,0
110,6,7,土城區,,,,無年齡維度,0.0,女,遷出,其他縣市,0
110,6,7,土城區,,,,無年齡維度,0.0,男,遷出,其他縣市,0
110,6,7,土城區,,,,無年齡維度,0.0,女,遷出,其他鄉鎮,165
110,6,7,土城區,,,,無年齡維度,0.0,男,遷出,其他鄉鎮,134
110,6,7,土城區,,,,無年齡維度,0.0,女,遷出,合計,293
110,6,7,土城區,,,,無年齡維度,0.0,男,遷出,合計,245
110,6,7,土城區,,,,無年齡維度,0.0,女,遷出,國外,31
110,6,7,土城區,,,,無年齡維度,0.0,男,遷出,國外,24
110,6,7,土城區,,,,無年齡維度,0.0,女,遷出,新北市內,0
110,6,7,土城區,,,,無年齡維度,0.0,男,遷出,新北市內,0
110,6,7,土城區,,,,無年齡維度,0.0,女,遷出,桃園市,27
110,6,7,土城區,,,,無年齡維度,0.0,男,遷出,桃園市,25
110,6,7,土城區,,,,無年齡維度,0.0,女,遷出,福建省,0
110,6,7,土城區,,,,無年齡維度,0.0,男,遷出,福建省,0
110,6,7,土城區,,,,無年齡維度,0.0,女,遷出,臺中市,12
110,6,7,土城區,,,,無年齡維度,0.0,男,遷出,臺中市,8
110,6,7,土城區,,,,無年齡維度,0.0,女,遷出,臺北市,13
110,6,7,土城區,,,,無年齡維度,0.0,男,遷出,臺北市,13
110,6,7,土城區,,,,無年齡維度,0.0,女,遷出,臺南市,1
110,6,7,土城區,,,,無年齡維度,0.0,男,遷出,臺南市,1
110,6,7,土城區,,,,無年齡維度,0.0,女,遷出,臺灣省,41
110,6,7,土城區,,,,無年齡維度,0.0,男,遷出,臺灣省,35
110,6,7,土城區,,,,無年齡維度,0.0,女,遷出,高雄市,3
110,6,7,土城區,,,,無年齡維度,0.0,男,遷出,高雄市,5
110,6,8,蘆洲區,,,,無年齡維度,0.0,女,遷入,migrants,82
110,6,8,蘆洲區,,,,無年齡維度,0.0,男,遷入,migrants,97
110,6,8,蘆洲區,,,,無年齡維度,0.0,女,遷入,other,0
110,6,8,蘆洲區,,,,無年齡維度,0.0,男,遷入,other,0
110,6,8,蘆洲區,,,,無年齡維度,0.0,女,遷入,其他縣市,0
110,6,8,蘆洲區,,,,無年齡維度,0.0,男,遷入,其他縣市,0
110,6,8,蘆洲區,,,,無年齡維度,0.0,女,遷入,其他鄉鎮,78
110,6,8,蘆洲區,,,,無年齡維度,0.0,男,遷入,其他鄉鎮,77
110,6,8,蘆洲區,,,,無年齡維度,0.0,女,遷入,合計,189
110,6,8,蘆洲區,,,,無年齡維度,0.0,男,遷入,合計,172
110,6,8,蘆洲區,,,,無年齡維度,0.0,女,遷入,國外,5
110,6,8,蘆洲區,,,,無年齡維度,0.0,男,遷入,國外,3
110,6,8,蘆洲區,,,,無年齡維度,0.0,女,遷入,新北市內,0
110,6,8,蘆洲區,,,,無年齡維度,0.0,男,遷入,新北市內,0
110,6,8,蘆洲區,,,,無年齡維度,0.0,女,遷入,桃園市,48
110,6,8,蘆洲區,,,,無年齡維度,0.0,男,遷入,桃園市,40
110,6,8,蘆洲區,,,,無年齡維度,0.0,女,遷入,福建省,3
110,6,8,蘆洲區,,,,無年齡維度,0.0,男,遷入,福建省,0
110,6,8,蘆洲區,,,,無年齡維度,0.0,女,遷入,臺中市,6
110,6,8,蘆洲區,,,,無年齡維度,0.0,男,遷入,臺中市,8
110,6,8,蘆洲區,,,,無年齡維度,0.0,女,遷入,臺北市,21
110,6,8,蘆洲區,,,,無年齡維度,0.0,男,遷入,臺北市,18
110,6,8,蘆洲區,,,,無年齡維度,0.0,女,遷入,臺南市,0
110,6,8,蘆洲區,,,,無年齡維度,0.0,男,遷入,臺南市,1
110,6,8,蘆洲區,,,,無年齡維度,0.0,女,遷入,臺灣省,17
110,6,8,蘆洲區,,,,無年齡維度,0.0,男,遷入,臺灣省,18
110,6,8,蘆洲區,,,,無年齡維度,0.0,女,遷入,高雄市,7
110,6,8,蘆洲區,,,,無年齡維度,0.0,男,遷入,高雄市,7
110,6,8,蘆洲區,,,,無年齡維度,0.0,女,遷出,migrants,82
110,6,8,蘆洲區,,,,無年齡維度,0.0,男,遷出,migrants,97
110,6,8,蘆洲區,,,,無年齡維度,0.0,女,遷出,other,0
110,6,8,蘆洲區,,,,無年齡維度,0.0,男,遷出,other,0
110,6,8,蘆洲區,,,,無年齡維度,0.0,女,遷出,其他縣市,0
110,6,8,蘆洲區,,,,無年齡維度,0.0,男,遷出,其他縣市,0
110,6,8,蘆洲區,,,,無年齡維度,0.0,女,遷出,其他鄉鎮,47
110,6,8,蘆洲區,,,,無年齡維度,0.0,男,遷出,其他鄉鎮,42
110,6,8,蘆洲區,,,,無年齡維度,0.0,女,遷出,合計,152
110,6,8,蘆洲區,,,,無年齡維度,0.0,男,遷出,合計,139
110,6,8,蘆洲區,,,,無年齡維度,0.0,女,遷出,國外,13
110,6,8,蘆洲區,,,,無年齡維度,0.0,男,遷出,國外,10
110,6,8,蘆洲區,,,,無年齡維度,0.0,女,遷出,新北市內,0
110,6,8,蘆洲區,,,,無年齡維度,0.0,男,遷出,新北市內,0
110,6,8,蘆洲區,,,,無年齡維度,0.0,女,遷出,桃園市,58
110,6,8,蘆洲區,,,,無年齡維度,0.0,男,遷出,桃園市,47
110,6,8,蘆洲區,,,,無年齡維度,0.0,女,遷出,福建省,0
110,6,8,蘆洲區,,,,無年齡維度,0.0,男,遷出,福建省,0
110,6,8,蘆洲區,,,,無年齡維度,0.0,女,遷出,臺中市,4
110,6,8,蘆洲區,,,,無年齡維度,0.0,男,遷出,臺中市,5
110,6,8,蘆洲區,,,,無年齡維度,0.0,女,遷出,臺北市,8
110,6,8,蘆洲區,,,,無年齡維度,0.0,男,遷出,臺北市,8
110,6,8,蘆洲區,,,,無年齡維度,0.0,女,遷出,臺南市,1
110,6,8,蘆洲區,,,,無年齡維度,0.0,男,遷出,臺南市,2
110,6,8,蘆洲區,,,,無年齡維度,0.0,女,遷出,臺灣省,17
110,6,8,蘆洲區,,,,無年齡維度,0.0,男,遷出,臺灣省,24
110,6,8,蘆洲區,,,,無年齡維度,0.0,女,遷出,高雄市,4
110,6,8,蘆洲區,,,,無年齡維度,0.0,男,遷出,高雄市,1
110,6,9,樹林區,,,,無年齡維度,0.0,女,遷入,migrants,171
110,6,9,樹林區,,,,無年齡維度,0.0,男,遷入,migrants,130
110,6,9,樹林區,,,,無年齡維度,0.0,女,遷入,other,0
110,6,9,樹林區,,,,無年齡維度,0.0,男,遷入,other,0
110,6,9,樹林區,,,,無年齡維度,0.0,女,遷入,其他縣市,0
110,6,9,樹林區,,,,無年齡維度,0.0,男,遷入,其他縣市,0
110,6,9,樹林區,,,,無年齡維度,0.0,女,遷入,其他鄉鎮,99
110,6,9,樹林區,,,,無年齡維度,0.0,男,遷入,其他鄉鎮,96
110,6,9,樹林區,,,,無年齡維度,0.0,女,遷入,合計,161
110,6,9,樹林區,,,,無年齡維度,0.0,男,遷入,合計,159
110,6,9,樹林區,,,,無年齡維度,0.0,女,遷入,國外,3
110,6,9,樹林區,,,,無年齡維度,0.0,男,遷入,國外,1
110,6,9,樹林區,,,,無年齡維度,0.0,女,遷入,新北市內,0
110,6,9,樹林區,,,,無年齡維度,0.0,男,遷入,新北市內,0
110,6,9,樹林區,,,,無年齡維度,0.0,女,遷入,桃園市,23
110,6,9,樹林區,,,,無年齡維度,0.0,男,遷入,桃園市,22
110,6,9,樹林區,,,,無年齡維度,0.0,女,遷入,福建省,1
110,6,9,樹林區,,,,無年齡維度,0.0,男,遷入,福建省,0
110,6,9,樹林區,,,,無年齡維度,0.0,女,遷入,臺中市,9
110,6,9,樹林區,,,,無年齡維度,0.0,男,遷入,臺中市,7
110,6,9,樹林區,,,,無年齡維度,0.0,女,遷入,臺北市,15
110,6,9,樹林區,,,,無年齡維度,0.0,男,遷入,臺北市,11
110,6,9,樹林區,,,,無年齡維度,0.0,女,遷入,臺南市,0
110,6,9,樹林區,,,,無年齡維度,0.0,男,遷入,臺南市,2
110,6,9,樹林區,,,,無年齡維度,0.0,女,遷入,臺灣省,7
110,6,9,樹林區,,,,無年齡維度,0.0,男,遷入,臺灣省,18
110,6,9,樹林區,,,,無年齡維度,0.0,女,遷入,高雄市,4
110,6,9,樹林區,,,,無年齡維度,0.0,男,遷入,高雄市,2
110,6,9,樹林區,,,,無年齡維度,0.0,女,遷出,migrants,171
110,6,9,樹林區,,,,無年齡維度,0.0,男,遷出,migrants,130
110,6,9,樹林區,,,,無年齡維度,0.0,女,遷出,other,0
110,6,9,樹林區,,,,無年齡維度,0.0,男,遷出,other,0
110,6,9,樹林區,,,,無年齡維度,0.0,女,遷出,其他縣市,0
110,6,9,樹林區,,,,無年齡維度,0.0,男,遷出,其他縣市,0
110,6,9,樹林區,,,,無年齡維度,0.0,女,遷出,其他鄉鎮,99
110,6,9,樹林區,,,,無年齡維度,0.0,男,遷出,其他鄉鎮,76
110,6,9,樹林區,,,,無年齡維度,0.0,女,遷出,合計,195
110,6,9,樹林區,,,,無年齡維度,0.0,男,遷出,合計,169
110,6,9,樹林區,,,,無年齡維度,0.0,女,遷出,國外,24
110,6,9,樹林區,,,,無年齡維度,0.0,男,遷出,國外,16
110,6,9,樹林區,,,,無年齡維度,0.0,女,遷出,新北市內,0
110,6,9,樹林區,,,,無年齡維度,0.0,男,遷出,新北市內,0
110,6,9,樹林區,,,,無年齡維度,0.0,女,遷出,桃園市,24
110,6,9,樹林區,,,,無年齡維度,0.0,男,遷出,桃園市,40
110,6,9,樹林區,,,,無年齡維度,0.0,女,遷出,福建省,1
110,6,9,樹林區,,,,無年齡維度,0.0,男,遷出,福建省,0
110,6,9,樹林區,,,,無年齡維度,0.0,女,遷出,臺中市,6
110,6,9,樹林區,,,,無年齡維度,0.0,男,遷出,臺中市,9
110,6,9,樹林區,,,,無年齡維度,0.0,女,遷出,臺北市,18
110,6,9,樹林區,,,,無年齡維度,0.0,男,遷出,臺北市,6
110,6,9,樹林區,,,,無年齡維度,0.0,女,遷出,臺南市,2
110,6,9,樹林區,,,,無年齡維度,0.0,男,遷出,臺南市,4
110,6,9,樹林區,,,,無年齡維度,0.0,女,遷出,臺灣省,17
110,6,9,樹林區,,,,無年齡維度,0.0,男,遷出,臺灣省,15
110,6,9,樹林區,,,,無年齡維度,0.0,女,遷出,高雄市,4
110,6,9,樹林區,,,,無年齡維度,0.0,男,遷出,高雄市,3
110,6,10,鶯歌區,,,,無年齡維度,0.0,女,遷入,migrants,278
110,6,10,鶯歌區,,,,無年齡維度,0.0,男,遷入,migrants,217
110,6,10,鶯歌區,,,,無年齡維度,0.0,女,遷入,other,0
110,6,10,鶯歌區,,,,無年齡維度,0.0,男,遷入,other,0
110,6,10,鶯歌區,,,,無年齡維度,0.0,女,遷入,其他縣市,0
110,6,10,鶯歌區,,,,無年齡維度,0.0,男,遷入,其他縣市,0
110,6,10,鶯歌區,,,,無年齡維度,0.0,女,遷入,其他鄉鎮,124
110,6,10,鶯歌區,,,,無年齡維度,0.0,男,遷入,其他鄉鎮,111
110,6,10,鶯歌區,,,,無年齡維度,0.0,女,遷入,合計,371
110,6,10,鶯歌區,,,,無年齡維度,0.0,男,遷入,合計,328
110,6,10,鶯歌區,,,,無年齡維度,0.0,女,遷入,國外,6
110,6,10,鶯歌區,,,,無年齡維度,0.0,男,遷入,國外,4
110,6,10,鶯歌區,,,,無年齡維度,0.0,女,遷入,新北市內,0
110,6,10,鶯歌區,,,,無年齡維度,0.0,男,遷入,新北市內,0
110,6,10,鶯歌區,,,,無年齡維度,0.0,女,遷入,桃園市,19
110,6,10,鶯歌區,,,,無年齡維度,0.0,男,遷入,桃園市,17
110,6,10,鶯歌區,,,,無年齡維度,0.0,女,遷入,福建省,3
110,6,10,鶯歌區,,,,無年齡維度,0.0,男,遷入,福建省,0
110,6,10,鶯歌區,,,,無年齡維度,0.0,女,遷入,臺中市,11
110,6,10,鶯歌區,,,,無年齡維度,0.0,男,遷入,臺中市,8
110,6,10,鶯歌區,,,,無年齡維度,0.0,女,遷入,臺北市,161
110,6,10,鶯歌區,,,,無年齡維度,0.0,男,遷入,臺北市,137
110,6,10,鶯歌區,,,,無年齡維度,0.0,女,遷入,臺南市,7
110,6,10,鶯歌區,,,,無年齡維度,0.0,男,遷入,臺南市,5
110,6,10,鶯歌區,,,,無年齡維度,0.0,女,遷入,臺灣省,34
110,6,10,鶯歌區,,,,無年齡維度,0.0,男,遷入,臺灣省,31
110,6,10,鶯歌區,,,,無年齡維度,0.0,女,遷入,高雄市,5
110,6,10,鶯歌區,,,,無年齡維度,0.0,男,遷入,高雄市,11
110,6,10,鶯歌區,,,,無年齡維度,0.0,女,遷出,migrants,278
110,6,10,鶯歌區,,,,無年齡維度,0.0,男,遷出,migrants,217
110,6,10,鶯歌區,,,,無年齡維度,0.0,女,遷出,other,0
110,6,10,鶯歌區,,,,無年齡維度,0.0,男,遷出,other,0
110,6,10,鶯歌區,,,,無年齡維度,0.0,女,遷出,其他縣市,0
110,6,10,鶯歌區,,,,無年齡維度,0.0,男,遷出,其他縣市,0
110,6,10,鶯歌區,,,,無年齡維度,0.0,女,遷出,其他鄉鎮,76
110,6,10,鶯歌區,,,,無年齡維度,0.0,男,遷出,其他鄉鎮,74
110,6,10,鶯歌區,,,,無年齡維度,0.0,女,遷出,合計,384
110,6,10,鶯歌區,,,,無年齡維度,0.0,男,遷出,合計,284
110,6,10,鶯歌區,,,,無年齡維度,0.0,女,遷出,國外,143
110,6,10,鶯歌區,,,,無年齡維度,0.0,男,遷出,國外,84
110,6,10,鶯歌區,,,,無年齡維度,0.0,女,遷出,新北市內,0
110,6,10,鶯歌區,,,,無年齡維度,0.0,男,遷出,新北市內,0
110,6,10,鶯歌區,,,,無年齡維度,0.0,女,遷出,桃園市,14
110,6,10,鶯歌區,,,,無年齡維度,0.0,男,遷出,桃園市,15
110,6,10,鶯歌區,,,,無年齡維度,0.0,女,遷出,福建省,0
110,6,10,鶯歌區,,,,無年齡維度,0.0,男,遷出,福建省,1
110,6,10,鶯歌區,,,,無年齡維度,0.0,女,遷出,臺中市,14
110,6,10,鶯歌區,,,,無年齡維度,0.0,男,遷出,臺中市,8
110,6,10,鶯歌區,,,,無年齡維度,0.0,女,遷出,臺北市,97
110,6,10,鶯歌區,,,,無年齡維度,0.0,男,遷出,臺北市,68
110,6,10,鶯歌區,,,,無年齡維度,0.0,女,遷出,臺南市,4
110,6,10,鶯歌區,,,,無年齡維度,0.0,男,遷出,臺南市,3
110,6,10,鶯歌區,,,,無年齡維度,0.0,女,遷出,臺灣省,25
110,6,10,鶯歌區,,,,無年齡維度,0.0,男,遷出,臺灣省,20
110,6,10,鶯歌區,,,,無年齡維度,0.0,女,遷出,高雄市,11
110,6,10,鶯歌區,,,,無年齡維度,0.0,男,遷出,高雄市,11
110,6,11,三峽區,,,,無年齡維度,0.0,女,遷入,migrants,188
110,6,11,三峽區,,,,無年齡維度,0.0,男,遷入,migrants,201
110,6,11,三峽區,,,,無年齡維度,0.0,女,遷入,other,0
110,6,11,三峽區,,,,無年齡維度,0.0,男,遷入,other,0
110,6,11,三峽區,,,,無年齡維度,0.0,女,遷入,其他縣市,0
110,6,11,三峽區,,,,無年齡維度,0.0,男,遷入,其他縣市,0
110,6,11,三峽區,,,,無年齡維度,0.0,女,遷入,其他鄉鎮,37
110,6,11,三峽區,,,,無年齡維度,0.0,男,遷入,其他鄉鎮,41
110,6,11,三峽區,,,,無年齡維度,0.0,女,遷入,合計,268
110,6,11,三峽區,,,,無年齡維度,0.0,男,遷入,合計,268
110,6,11,三峽區,,,,無年齡維度,0.0,女,遷入,國外,3
110,6,11,三峽區,,,,無年齡維度,0.0,男,遷入,國外,9
110,6,11,三峽區,,,,無年齡維度,0.0,女,遷入,新北市內,0
110,6,11,三峽區,,,,無年齡維度,0.0,男,遷入,新北市內,0
110,6,11,三峽區,,,,無年齡維度,0.0,女,遷入,桃園市,9
110,6,11,三峽區,,,,無年齡維度,0.0,男,遷入,桃園市,12
110,6,11,三峽區,,,,無年齡維度,0.0,女,遷入,福建省,3
110,6,11,三峽區,,,,無年齡維度,0.0,男,遷入,福建省,2
110,6,11,三峽區,,,,無年齡維度,0.0,女,遷入,臺中市,9
110,6,11,三峽區,,,,無年齡維度,0.0,男,遷入,臺中市,3
110,6,11,三峽區,,,,無年齡維度,0.0,女,遷入,臺北市,140
110,6,11,三峽區,,,,無年齡維度,0.0,男,遷入,臺北市,135
110,6,11,三峽區,,,,無年齡維度,0.0,女,遷入,臺南市,6
110,6,11,三峽區,,,,無年齡維度,0.0,男,遷入,臺南市,2
110,6,11,三峽區,,,,無年齡維度,0.0,女,遷入,臺灣省,55
110,6,11,三峽區,,,,無年齡維度,0.0,男,遷入,臺灣省,57
110,6,11,三峽區,,,,無年齡維度,0.0,女,遷入,高雄市,5
110,6,11,三峽區,,,,無年齡維度,0.0,男,遷入,高雄市,5
110,6,11,三峽區,,,,無年齡維度,0.0,女,遷出,migrants,188
110,6,11,三峽區,,,,無年齡維度,0.0,男,遷出,migrants,201
110,6,11,三峽區,,,,無年齡維度,0.0,女,遷出,other,0
110,6,11,三峽區,,,,無年齡維度,0.0,男,遷出,other,0
110,6,11,三峽區,,,,無年齡維度,0.0,女,遷出,其他縣市,0
110,6,11,三峽區,,,,無年齡維度,0.0,男,遷出,其他縣市,0
110,6,11,三峽區,,,,無年齡維度,0.0,女,遷出,其他鄉鎮,70
110,6,11,三峽區,,,,無年齡維度,0.0,男,遷出,其他鄉鎮,58
110,6,11,三峽區,,,,無年齡維度,0.0,女,遷出,合計,426
110,6,11,三峽區,,,,無年齡維度,0.0,男,遷出,合計,321
110,6,11,三峽區,,,,無年齡維度,0.0,女,遷出,國外,113
110,6,11,三峽區,,,,無年齡維度,0.0,男,遷出,國外,66
110,6,11,三峽區,,,,無年齡維度,0.0,女,遷出,新北市內,0
110,6,11,三峽區,,,,無年齡維度,0.0,男,遷出,新北市內,0
110,6,11,三峽區,,,,無年齡維度,0.0,女,遷出,桃園市,23
110,6,11,三峽區,,,,無年齡維度,0.0,男,遷出,桃園市,25
110,6,11,三峽區,,,,無年齡維度,0.0,女,遷出,福建省,1
110,6,11,三峽區,,,,無年齡維度,0.0,男,遷出,福建省,2
110,6,11,三峽區,,,,無年齡維度,0.0,女,遷出,臺中市,9
110,6,11,三峽區,,,,無年齡維度,0.0,男,遷出,臺中市,4
110,6,11,三峽區,,,,無年齡維度,0.0,女,遷出,臺北市,151
110,6,11,三峽區,,,,無年齡維度,0.0,男,遷出,臺北市,102
110,6,11,三峽區,,,,無年齡維度,0.0,女,遷出,臺南市,4
110,6,11,三峽區,,,,無年齡維度,0.0,男,遷出,臺南市,5
110,6,11,三峽區,,,,無年齡維度,0.0,女,遷出,臺灣省,50
110,6,11,三峽區,,,,無年齡維度,0.0,男,遷出,臺灣省,55
110,6,11,三峽區,,,,無年齡維度,0.0,女,遷出,高雄市,4
110,6,11,三峽區,,,,無年齡維度,0.0,男,遷出,高雄市,4
110,6,12,淡水區,,,,無年齡維度,0.0,女,遷入,migrants,32
110,6,12,淡水區,,,,無年齡維度,0.0,男,遷入,migrants,27
110,6,12,淡水區,,,,無年齡維度,0.0,女,遷入,other,0
110,6,12,淡水區,,,,無年齡維度,0.0,男,遷入,other,0
110,6,12,淡水區,,,,無年齡維度,0.0,女,遷入,其他縣市,0
110,6,12,淡水區,,,,無年齡維度,0.0,男,遷入,其他縣市,0
110,6,12,淡水區,,,,無年齡維度,0.0,女,遷入,其他鄉鎮,10
110,6,12,淡水區,,,,無年齡維度,0.0,男,遷入,其他鄉鎮,12
110,6,12,淡水區,,,,無年齡維度,0.0,女,遷入,合計,50
110,6,12,淡水區,,,,無年齡維度,0.0,男,遷入,合計,46
110,6,12,淡水區,,,,無年齡維度,0.0,女,遷入,國外,1
110,6,12,淡水區,,,,無年齡維度,0.0,男,遷入,國外,2
110,6,12,淡水區,,,,無年齡維度,0.0,女,遷入,新北市內,0
110,6,12,淡水區,,,,無年齡維度,0.0,男,遷入,新北市內,0
110,6,12,淡水區,,,,無年齡維度,0.0,女,遷入,桃園市,1
110,6,12,淡水區,,,,無年齡維度,0.0,男,遷入,桃園市,0
110,6,12,淡水區,,,,無年齡維度,0.0,女,遷入,福建省,0
110,6,12,淡水區,,,,無年齡維度,0.0,男,遷入,福建省,1
110,6,12,淡水區,,,,無年齡維度,0.0,女,遷入,臺中市,1
110,6,12,淡水區,,,,無年齡維度,0.0,男,遷入,臺中市,1
110,6,12,淡水區,,,,無年齡維度,0.0,女,遷入,臺北市,9
110,6,12,淡水區,,,,無年齡維度,0.0,男,遷入,臺北市,5
110,6,12,淡水區,,,,無年齡維度,0.0,女,遷入,臺南市,2
110,6,12,淡水區,,,,無年齡維度,0.0,男,遷入,臺南市,0
110,6,12,淡水區,,,,無年齡維度,0.0,女,遷入,臺灣省,25
110,6,12,淡水區,,,,無年齡維度,0.0,男,遷入,臺灣省,23
110,6,12,淡水區,,,,無年齡維度,0.0,女,遷入,高雄市,1
110,6,12,淡水區,,,,無年齡維度,0.0,男,遷入,高雄市,2
110,6,12,淡水區,,,,無年齡維度,0.0,女,遷出,migrants,32
110,6,12,淡水區,,,,無年齡維度,0.0,男,遷出,migrants,27
110,6,12,淡水區,,,,無年齡維度,0.0,女,遷出,other,0
110,6,12,淡水區,,,,無年齡維度,0.0,男,遷出,other,0
110,6,12,淡水區,,,,無年齡維度,0.0,女,遷出,其他縣市,0
110,6,12,淡水區,,,,無年齡維度,0.0,男,遷出,其他縣市,0
110,6,12,淡水區,,,,無年齡維度,0.0,女,遷出,其他鄉鎮,12
110,6,12,淡水區,,,,無年齡維度,0.0,男,遷出,其他鄉鎮,6
110,6,12,淡水區,,,,無年齡維度,0.0,女,遷出,合計,55
110,6,12,淡水區,,,,無年齡維度,0.0,男,遷出,合計,30
110,6,12,淡水區,,,,無年齡維度,0.0,女,遷出,國外,9
110,6,12,淡水區,,,,無年齡維度,0.0,男,遷出,國外,1
110,6,12,淡水區,,,,無年齡維度,0.0,女,遷出,新北市內,0
110,6,12,淡水區,,,,無年齡維度,0.0,男,遷出,新北市內,0
110,6,12,淡水區,,,,無年齡維度,0.0,女,遷出,桃園市,1
110,6,12,淡水區,,,,無年齡維度,0.0,男,遷出,桃園市,3
110,6,12,淡水區,,,,無年齡維度,0.0,女,遷出,福建省,0
110,6,12,淡水區,,,,無年齡維度,0.0,男,遷出,福建省,1
110,6,12,淡水區,,,,無年齡維度,0.0,女,遷出,臺中市,4
110,6,12,淡水區,,,,無年齡維度,0.0,男,遷出,臺中市,0
110,6,12,淡水區,,,,無年齡維度,0.0,女,遷出,臺北市,5
110,6,12,淡水區,,,,無年齡維度,0.0,男,遷出,臺北市,3
110,6,12,淡水區,,,,無年齡維度,0.0,女,遷出,臺南市,0
110,6,12,淡水區,,,,無年齡維度,0.0,男,遷出,臺南市,0
110,6,12,淡水區,,,,無年齡維度,0.0,女,遷出,臺灣省,23
110,6,12,淡水區,,,,無年齡維度,0.0,男,遷出,臺灣省,16
110,6,12,淡水區,,,,無年齡維度,0.0,女,遷出,高雄市,1
110,6,12,淡水區,,,,無年齡維度,0.0,男,遷出,高雄市,0
110,6,13,汐止區,,,,無年齡維度,0.0,女,遷入,migrants,248
110,6,13,汐止區,,,,無年齡維度,0.0,男,遷入,migrants,224
110,6,13,汐止區,,,,無年齡維度,0.0,女,遷入,other,0
110,6,13,汐止區,,,,無年齡維度,0.0,男,遷入,other,0
110,6,13,汐止區,,,,無年齡維度,0.0,女,遷入,其他縣市,0
110,6,13,汐止區,,,,無年齡維度,0.0,男,遷入,其他縣市,0
110,6,13,汐止區,,,,無年齡維度,0.0,女,遷入,其他鄉鎮,200
110,6,13,汐止區,,,,無年齡維度,0.0,男,遷入,其他鄉鎮,171
110,6,13,汐止區,,,,無年齡維度,0.0,女,遷入,合計,326
110,6,13,汐止區,,,,無年齡維度,0.0,男,遷入,合計,275
110,6,13,汐止區,,,,無年齡維度,0.0,女,遷入,國外,10
110,6,13,汐止區,,,,無年齡維度,0.0,男,遷入,國外,3
110,6,13,汐止區,,,,無年齡維度,0.0,女,遷入,新北市內,0
110,6,13,汐止區,,,,無年齡維度,0.0,男,遷入,新北市內,0
110,6,13,汐止區,,,,無年齡維度,0.0,女,遷入,桃園市,23
110,6,13,汐止區,,,,無年齡維度,0.0,男,遷入,桃園市,18
110,6,13,汐止區,,,,無年齡維度,0.0,女,遷入,福建省,2
110,6,13,汐止區,,,,無年齡維度,0.0,男,遷入,福建省,6
110,6,13,汐止區,,,,無年齡維度,0.0,女,遷入,臺中市,6
110,6,13,汐止區,,,,無年齡維度,0.0,男,遷入,臺中市,7
110,6,13,汐止區,,,,無年齡維度,0.0,女,遷入,臺北市,39
110,6,13,汐止區,,,,無年齡維度,0.0,男,遷入,臺北市,36
110,6,13,汐止區,,,,無年齡維度,0.0,女,遷入,臺南市,1
110,6,13,汐止區,,,,無年齡維度,0.0,男,遷入,臺南市,5
110,6,13,汐止區,,,,無年齡維度,0.0,女,遷入,臺灣省,38
110,6,13,汐止區,,,,無年齡維度,0.0,男,遷入,臺灣省,23
110,6,13,汐止區,,,,無年齡維度,0.0,女,遷入,高雄市,3
110,6,13,汐止區,,,,無年齡維度,0.0,男,遷入,高雄市,5
110,6,13,汐止區,,,,無年齡維度,0.0,女,遷出,migrants,248
110,6,13,汐止區,,,,無年齡維度,0.0,男,遷出,migrants,224
110,6,13,汐止區,,,,無年齡維度,0.0,女,遷出,other,0
110,6,13,汐止區,,,,無年齡維度,0.0,男,遷出,other,0
110,6,13,汐止區,,,,無年齡維度,0.0,女,遷出,其他縣市,0
110,6,13,汐止區,,,,無年齡維度,0.0,男,遷出,其他縣市,0
110,6,13,汐止區,,,,無年齡維度,0.0,女,遷出,其他鄉鎮,159
110,6,13,汐止區,,,,無年齡維度,0.0,男,遷出,其他鄉鎮,142
110,6,13,汐止區,,,,無年齡維度,0.0,女,遷出,合計,363
110,6,13,汐止區,,,,無年齡維度,0.0,男,遷出,合計,316
110,6,13,汐止區,,,,無年齡維度,0.0,女,遷出,國外,83
110,6,13,汐止區,,,,無年齡維度,0.0,男,遷出,國外,50
110,6,13,汐止區,,,,無年齡維度,0.0,女,遷出,新北市內,0
110,6,13,汐止區,,,,無年齡維度,0.0,男,遷出,新北市內,0
110,6,13,汐止區,,,,無年齡維度,0.0,女,遷出,桃園市,36
110,6,13,汐止區,,,,無年齡維度,0.0,男,遷出,桃園市,36
110,6,13,汐止區,,,,無年齡維度,0.0,女,遷出,福建省,0
110,6,13,汐止區,,,,無年齡維度,0.0,男,遷出,福建省,1
110,6,13,汐止區,,,,無年齡維度,0.0,女,遷出,臺中市,8
110,6,13,汐止區,,,,無年齡維度,0.0,男,遷出,臺中市,6
110,6,13,汐止區,,,,無年齡維度,0.0,女,遷出,臺北市,40
110,6,13,汐止區,,,,無年齡維度,0.0,男,遷出,臺北市,22
110,6,13,汐止區,,,,無年齡維度,0.0,女,遷出,臺南市,3
110,6,13,汐止區,,,,無年齡維度,0.0,男,遷出,臺南市,8
110,6,13,汐止區,,,,無年齡維度,0.0,女,遷出,臺灣省,25
110,6,13,汐止區,,,,無年齡維度,0.0,男,遷出,臺灣省,47
110,6,13,汐止區,,,,無年齡維度,0.0,女,遷出,高雄市,9
110,6,13,汐止區,,,,無年齡維度,0.0,男,遷出,高雄市,4
110,6,14,瑞芳區,,,,無年齡維度,0.0,女,遷入,migrants,178
110,6,14,瑞芳區,,,,無年齡維度,0.0,男,遷入,migrants,154
110,6,14,瑞芳區,,,,無年齡維度,0.0,女,遷入,other,0
110,6,14,瑞芳區,,,,無年齡維度,0.0,男,遷入,other,0
110,6,14,瑞芳區,,,,無年齡維度,0.0,女,遷入,其他縣市,0
110,6,14,瑞芳區,,,,無年齡維度,0.0,男,遷入,其他縣市,0
110,6,14,瑞芳區,,,,無年齡維度,0.0,女,遷入,其他鄉鎮,111
110,6,14,瑞芳區,,,,無年齡維度,0.0,男,遷入,其他鄉鎮,101
110,6,14,瑞芳區,,,,無年齡維度,0.0,女,遷入,合計,225
110,6,14,瑞芳區,,,,無年齡維度,0.0,男,遷入,合計,217
110,6,14,瑞芳區,,,,無年齡維度,0.0,女,遷入,國外,3
110,6,14,瑞芳區,,,,無年齡維度,0.0,男,遷入,國外,2
110,6,14,瑞芳區,,,,無年齡維度,0.0,女,遷入,新北市內,0
110,6,14,瑞芳區,,,,無年齡維度,0.0,男,遷入,新北市內,0
110,6,14,瑞芳區,,,,無年齡維度,0.0,女,遷入,桃園市,10
110,6,14,瑞芳區,,,,無年齡維度,0.0,男,遷入,桃園市,6
110,6,14,瑞芳區,,,,無年齡維度,0.0,女,遷入,福建省,2
110,6,14,瑞芳區,,,,無年齡維度,0.0,男,遷入,福建省,0
110,6,14,瑞芳區,,,,無年齡維度,0.0,女,遷入,臺中市,5
110,6,14,瑞芳區,,,,無年齡維度,0.0,男,遷入,臺中市,2
110,6,14,瑞芳區,,,,無年齡維度,0.0,女,遷入,臺北市,60
110,6,14,瑞芳區,,,,無年齡維度,0.0,男,遷入,臺北市,64
110,6,14,瑞芳區,,,,無年齡維度,0.0,女,遷入,臺南市,1
110,6,14,瑞芳區,,,,無年齡維度,0.0,男,遷入,臺南市,2
110,6,14,瑞芳區,,,,無年齡維度,0.0,女,遷入,臺灣省,27
110,6,14,瑞芳區,,,,無年齡維度,0.0,男,遷入,臺灣省,35
110,6,14,瑞芳區,,,,無年齡維度,0.0,女,遷入,高雄市,5
110,6,14,瑞芳區,,,,無年齡維度,0.0,男,遷入,高雄市,5
110,6,14,瑞芳區,,,,無年齡維度,0.0,女,遷出,migrants,178
110,6,14,瑞芳區,,,,無年齡維度,0.0,男,遷出,migrants,154
110,6,14,瑞芳區,,,,無年齡維度,0.0,女,遷出,other,0
110,6,14,瑞芳區,,,,無年齡維度,0.0,男,遷出,other,0
110,6,14,瑞芳區,,,,無年齡維度,0.0,女,遷出,其他縣市,0
110,6,14,瑞芳區,,,,無年齡維度,0.0,男,遷出,其他縣市,0
110,6,14,瑞芳區,,,,無年齡維度,0.0,女,遷出,其他鄉鎮,182
110,6,14,瑞芳區,,,,無年齡維度,0.0,男,遷出,其他鄉鎮,153
110,6,14,瑞芳區,,,,無年齡維度,0.0,女,遷出,合計,340
110,6,14,瑞芳區,,,,無年齡維度,0.0,男,遷出,合計,288
110,6,14,瑞芳區,,,,無年齡維度,0.0,女,遷出,國外,30
110,6,14,瑞芳區,,,,無年齡維度,0.0,男,遷出,國外,20
110,6,14,瑞芳區,,,,無年齡維度,0.0,女,遷出,新北市內,0
110,6,14,瑞芳區,,,,無年齡維度,0.0,男,遷出,新北市內,0
110,6,14,瑞芳區,,,,無年齡維度,0.0,女,遷出,桃園市,32
110,6,14,瑞芳區,,,,無年齡維度,0.0,男,遷出,桃園市,23
110,6,14,瑞芳區,,,,無年齡維度,0.0,女,遷出,福建省,0
110,6,14,瑞芳區,,,,無年齡維度,0.0,男,遷出,福建省,0
110,6,14,瑞芳區,,,,無年齡維度,0.0,女,遷出,臺中市,7
110,6,14,瑞芳區,,,,無年齡維度,0.0,男,遷出,臺中市,6
110,6,14,瑞芳區,,,,無年齡維度,0.0,女,遷出,臺北市,46
110,6,14,瑞芳區,,,,無年齡維度,0.0,男,遷出,臺北市,43
110,6,14,瑞芳區,,,,無年齡維度,0.0,女,遷出,臺南市,7
110,6,14,瑞芳區,,,,無年齡維度,0.0,男,遷出,臺南市,4
110,6,14,瑞芳區,,,,無年齡維度,0.0,女,遷出,臺灣省,28
110,6,14,瑞芳區,,,,無年齡維度,0.0,男,遷出,臺灣省,29
110,6,14,瑞芳區,,,,無年齡維度,0.0,女,遷出,高雄市,8
110,6,14,瑞芳區,,,,無年齡維度,0.0,男,遷出,高雄市,10
110,6,15,五股區,,,,無年齡維度,0.0,女,遷入,migrants,78
110,6,15,五股區,,,,無年齡維度,0.0,男,遷入,migrants,79
110,6,15,五股區,,,,無年齡維度,0.0,女,遷入,other,0
110,6,15,五股區,,,,無年齡維度,0.0,男,遷入,other,0
110,6,15,五股區,,,,無年齡維度,0.0,女,遷入,其他縣市,0
110,6,15,五股區,,,,無年齡維度,0.0,男,遷入,其他縣市,0
110,6,15,五股區,,,,無年齡維度,0.0,女,遷入,其他鄉鎮,147
110,6,15,五股區,,,,無年齡維度,0.0,男,遷入,其他鄉鎮,137
110,6,15,五股區,,,,無年齡維度,0.0,女,遷入,合計,206
110,6,15,五股區,,,,無年齡維度,0.0,男,遷入,合計,194
110,6,15,五股區,,,,無年齡維度,0.0,女,遷入,國外,1
110,6,15,五股區,,,,無年齡維度,0.0,男,遷入,國外,0
110,6,15,五股區,,,,無年齡維度,0.0,女,遷入,新北市內,0
110,6,15,五股區,,,,無年齡維度,0.0,男,遷入,新北市內,0
110,6,15,五股區,,,,無年齡維度,0.0,女,遷入,桃園市,3
110,6,15,五股區,,,,無年齡維度,0.0,男,遷入,桃園市,6
110,6,15,五股區,,,,無年齡維度,0.0,女,遷入,福建省,0
110,6,15,五股區,,,,無年齡維度,0.0,男,遷入,福建省,2
110,6,15,五股區,,,,無年齡維度,0.0,女,遷入,臺中市,5
110,6,15,五股區,,,,無年齡維度,0.0,男,遷入,臺中市,1
110,6,15,五股區,,,,無年齡維度,0.0,女,遷入,臺北市,28
110,6,15,五股區,,,,無年齡維度,0.0,男,遷入,臺北市,26
110,6,15,五股區,,,,無年齡維度,0.0,女,遷入,臺南市,3
110,6,15,五股區,,,,無年齡維度,0.0,男,遷入,臺南市,5
110,6,15,五股區,,,,無年齡維度,0.0,女,遷入,臺灣省,16
110,6,15,五股區,,,,無年齡維度,0.0,男,遷入,臺灣省,17
110,6,15,五股區,,,,無年齡維度,0.0,女,遷入,高雄市,3
110,6,15,五股區,,,,無年齡維度,0.0,男,遷入,高雄市,0
110,6,15,五股區,,,,無年齡維度,0.0,女,遷出,migrants,78
110,6,15,五股區,,,,無年齡維度,0.0,男,遷出,migrants,79
110,6,15,五股區,,,,無年齡維度,0.0,女,遷出,other,0
110,6,15,五股區,,,,無年齡維度,0.0,男,遷出,other,0
110,6,15,五股區,,,,無年齡維度,0.0,女,遷出,其他縣市,0
110,6,15,五股區,,,,無年齡維度,0.0,男,遷出,其他縣市,0
110,6,15,五股區,,,,無年齡維度,0.0,女,遷出,其他鄉鎮,80
110,6,15,五股區,,,,無年齡維度,0.0,男,遷出,其他鄉鎮,80
110,6,15,五股區,,,,無年齡維度,0.0,女,遷出,合計,149
110,6,15,五股區,,,,無年齡維度,0.0,男,遷出,合計,148
110,6,15,五股區,,,,無年齡維度,0.0,女,遷出,國外,24
110,6,15,五股區,,,,無年齡維度,0.0,男,遷出,國外,14
110,6,15,五股區,,,,無年齡維度,0.0,女,遷出,新北市內,0
110,6,15,五股區,,,,無年齡維度,0.0,男,遷出,新北市內,0
110,6,15,五股區,,,,無年齡維度,0.0,女,遷出,桃園市,6
110,6,15,五股區,,,,無年齡維度,0.0,男,遷出,桃園市,15
110,6,15,五股區,,,,無年齡維度,0.0,女,遷出,福建省,1
110,6,15,五股區,,,,無年齡維度,0.0,男,遷出,福建省,0
110,6,15,五股區,,,,無年齡維度,0.0,女,遷出,臺中市,2
110,6,15,五股區,,,,無年齡維度,0.0,男,遷出,臺中市,4
110,6,15,五股區,,,,無年齡維度,0.0,女,遷出,臺北市,19
110,6,15,五股區,,,,無年齡維度,0.0,男,遷出,臺北市,15
110,6,15,五股區,,,,無年齡維度,0.0,女,遷出,臺南市,4
110,6,15,五股區,,,,無年齡維度,0.0,男,遷出,臺南市,4
110,6,15,五股區,,,,無年齡維度,0.0,女,遷出,臺灣省,12
110,6,15,五股區,,,,無年齡維度,0.0,男,遷出,臺灣省,14
110,6,15,五股區,,,,無年齡維度,0.0,女,遷出,高雄市,1
110,6,15,五股區,,,,無年齡維度,0.0,男,遷出,高雄市,2
110,6,16,泰山區,,,,無年齡維度,0.0,女,遷入,migrants,73
110,6,16,泰山區,,,,無年齡維度,0.0,男,遷入,migrants,73
110,6,16,泰山區,,,,無年齡維度,0.0,女,遷入,other,0
110,6,16,泰山區,,,,無年齡維度,0.0,男,遷入,other,0
110,6,16,泰山區,,,,無年齡維度,0.0,女,遷入,其他縣市,0
110,6,16,泰山區,,,,無年齡維度,0.0,男,遷入,其他縣市,0
110,6,16,泰山區,,,,無年齡維度,0.0,女,遷入,其他鄉鎮,90
110,6,16,泰山區,,,,無年齡維度,0.0,男,遷入,其他鄉鎮,69
110,6,16,泰山區,,,,無年齡維度,0.0,女,遷入,合計,129
110,6,16,泰山區,,,,無年齡維度,0.0,男,遷入,合計,103
110,6,16,泰山區,,,,無年齡維度,0.0,女,遷入,國外,0
110,6,16,泰山區,,,,無年齡維度,0.0,男,遷入,國外,1
110,6,16,泰山區,,,,無年齡維度,0.0,女,遷入,新北市內,0
110,6,16,泰山區,,,,無年齡維度,0.0,男,遷入,新北市內,0
110,6,16,泰山區,,,,無年齡維度,0.0,女,遷入,桃園市,6
110,6,16,泰山區,,,,無年齡維度,0.0,男,遷入,桃園市,4
110,6,16,泰山區,,,,無年齡維度,0.0,女,遷入,福建省,2
110,6,16,泰山區,,,,無年齡維度,0.0,男,遷入,福建省,2
110,6,16,泰山區,,,,無年齡維度,0.0,女,遷入,臺中市,2
110,6,16,泰山區,,,,無年齡維度,0.0,男,遷入,臺中市,2
110,6,16,泰山區,,,,無年齡維度,0.0,女,遷入,臺北市,16
110,6,16,泰山區,,,,無年齡維度,0.0,男,遷入,臺北市,13
110,6,16,泰山區,,,,無年齡維度,0.0,女,遷入,臺南市,0
110,6,16,泰山區,,,,無年齡維度,0.0,男,遷入,臺南市,2
110,6,16,泰山區,,,,無年齡維度,0.0,女,遷入,臺灣省,11
110,6,16,泰山區,,,,無年齡維度,0.0,男,遷入,臺灣省,10
110,6,16,泰山區,,,,無年齡維度,0.0,女,遷入,高雄市,1
110,6,16,泰山區,,,,無年齡維度,0.0,男,遷入,高雄市,0
110,6,16,泰山區,,,,無年齡維度,0.0,女,遷出,migrants,73
110,6,16,泰山區,,,,無年齡維度,0.0,男,遷出,migrants,73
110,6,16,泰山區,,,,無年齡維度,0.0,女,遷出,other,0
110,6,16,泰山區,,,,無年齡維度,0.0,男,遷出,other,0
110,6,16,泰山區,,,,無年齡維度,0.0,女,遷出,其他縣市,0
110,6,16,泰山區,,,,無年齡維度,0.0,男,遷出,其他縣市,0
110,6,16,泰山區,,,,無年齡維度,0.0,女,遷出,其他鄉鎮,69
110,6,16,泰山區,,,,無年齡維度,0.0,男,遷出,其他鄉鎮,55
110,6,16,泰山區,,,,無年齡維度,0.0,女,遷出,合計,143
110,6,16,泰山區,,,,無年齡維度,0.0,男,遷出,合計,132
110,6,16,泰山區,,,,無年齡維度,0.0,女,遷出,國外,26
110,6,16,泰山區,,,,無年齡維度,0.0,男,遷出,國外,15
110,6,16,泰山區,,,,無年齡維度,0.0,女,遷出,新北市內,0
110,6,16,泰山區,,,,無年齡維度,0.0,男,遷出,新北市內,0
110,6,16,泰山區,,,,無年齡維度,0.0,女,遷出,桃園市,15
110,6,16,泰山區,,,,無年齡維度,0.0,男,遷出,桃園市,28
110,6,16,泰山區,,,,無年齡維度,0.0,女,遷出,福建省,0
110,6,16,泰山區,,,,無年齡維度,0.0,男,遷出,福建省,0
110,6,16,泰山區,,,,無年齡維度,0.0,女,遷出,臺中市,1
110,6,16,泰山區,,,,無年齡維度,0.0,男,遷出,臺中市,0
110,6,16,泰山區,,,,無年齡維度,0.0,女,遷出,臺北市,16
110,6,16,泰山區,,,,無年齡維度,0.0,男,遷出,臺北市,13
110,6,16,泰山區,,,,無年齡維度,0.0,女,遷出,臺南市,0
110,6,16,泰山區,,,,無年齡維度,0.0,男,遷出,臺南市,1
110,6,16,泰山區,,,,無年齡維度,0.0,女,遷出,臺灣省,15
110,6,16,泰山區,,,,無年齡維度,0.0,男,遷出,臺灣省,16
110,6,16,泰山區,,,,無年齡維度,0.0,女,遷出,高雄市,1
110,6,16,泰山區,,,,無年齡維度,0.0,男,遷出,高雄市,4
110,6,17,林口區,,,,無年齡維度,0.0,女,遷入,migrants,225
110,6,17,林口區,,,,無年齡維度,0.0,男,遷入,migrants,169
110,6,17,林口區,,,,無年齡維度,0.0,女,遷入,other,0
110,6,17,林口區,,,,無年齡維度,0.0,男,遷入,other,0
110,6,17,林口區,,,,無年齡維度,0.0,女,遷入,其他縣市,0
110,6,17,林口區,,,,無年齡維度,0.0,男,遷入,其他縣市,0
110,6,17,林口區,,,,無年齡維度,0.0,女,遷入,其他鄉鎮,95
110,6,17,林口區,,,,無年齡維度,0.0,男,遷入,其他鄉鎮,90
110,6,17,林口區,,,,無年齡維度,0.0,女,遷入,合計,299
110,6,17,林口區,,,,無年齡維度,0.0,男,遷入,合計,274
110,6,17,林口區,,,,無年齡維度,0.0,女,遷入,國外,9
110,6,17,林口區,,,,無年齡維度,0.0,男,遷入,國外,7
110,6,17,林口區,,,,無年齡維度,0.0,女,遷入,新北市內,0
110,6,17,林口區,,,,無年齡維度,0.0,男,遷入,新北市內,0
110,6,17,林口區,,,,無年齡維度,0.0,女,遷入,桃園市,62
110,6,17,林口區,,,,無年齡維度,0.0,男,遷入,桃園市,52
110,6,17,林口區,,,,無年齡維度,0.0,女,遷入,福建省,3
110,6,17,林口區,,,,無年齡維度,0.0,男,遷入,福建省,1
110,6,17,林口區,,,,無年齡維度,0.0,女,遷入,臺中市,6
110,6,17,林口區,,,,無年齡維度,0.0,男,遷入,臺中市,5
110,6,17,林口區,,,,無年齡維度,0.0,女,遷入,臺北市,87
110,6,17,林口區,,,,無年齡維度,0.0,男,遷入,臺北市,80
110,6,17,林口區,,,,無年齡維度,0.0,女,遷入,臺南市,1
110,6,17,林口區,,,,無年齡維度,0.0,男,遷入,臺南市,3
110,6,17,林口區,,,,無年齡維度,0.0,女,遷入,臺灣省,22
110,6,17,林口區,,,,無年齡維度,0.0,男,遷入,臺灣省,26
110,6,17,林口區,,,,無年齡維度,0.0,女,遷入,高雄市,12
110,6,17,林口區,,,,無年齡維度,0.0,男,遷入,高雄市,8
110,6,17,林口區,,,,無年齡維度,0.0,女,遷出,migrants,225
110,6,17,林口區,,,,無年齡維度,0.0,男,遷出,migrants,169
110,6,17,林口區,,,,無年齡維度,0.0,女,遷出,other,0
110,6,17,林口區,,,,無年齡維度,0.0,男,遷出,other,0
110,6,17,林口區,,,,無年齡維度,0.0,女,遷出,其他縣市,0
110,6,17,林口區,,,,無年齡維度,0.0,男,遷出,其他縣市,0
110,6,17,林口區,,,,無年齡維度,0.0,女,遷出,其他鄉鎮,51
110,6,17,林口區,,,,無年齡維度,0.0,男,遷出,其他鄉鎮,44
110,6,17,林口區,,,,無年齡維度,0.0,女,遷出,合計,281
110,6,17,林口區,,,,無年齡維度,0.0,男,遷出,合計,229
110,6,17,林口區,,,,無年齡維度,0.0,女,遷出,國外,76
110,6,17,林口區,,,,無年齡維度,0.0,男,遷出,國外,59
110,6,17,林口區,,,,無年齡維度,0.0,女,遷出,新北市內,0
110,6,17,林口區,,,,無年齡維度,0.0,男,遷出,新北市內,0
110,6,17,林口區,,,,無年齡維度,0.0,女,遷出,桃園市,77
110,6,17,林口區,,,,無年齡維度,0.0,男,遷出,桃園市,61
110,6,17,林口區,,,,無年齡維度,0.0,女,遷出,福建省,0
110,6,17,林口區,,,,無年齡維度,0.0,男,遷出,福建省,1
110,6,17,林口區,,,,無年齡維度,0.0,女,遷出,臺中市,5
110,6,17,林口區,,,,無年齡維度,0.0,男,遷出,臺中市,11
110,6,17,林口區,,,,無年齡維度,0.0,女,遷出,臺北市,45
110,6,17,林口區,,,,無年齡維度,0.0,男,遷出,臺北市,19
110,6,17,林口區,,,,無年齡維度,0.0,女,遷出,臺南市,2
110,6,17,林口區,,,,無年齡維度,0.0,男,遷出,臺南市,4
110,6,17,林口區,,,,無年齡維度,0.0,女,遷出,臺灣省,20
110,6,17,林口區,,,,無年齡維度,0.0,男,遷出,臺灣省,28
110,6,17,林口區,,,,無年齡維度,0.0,女,遷出,高雄市,5
110,6,17,林口區,,,,無年齡維度,0.0,男,遷出,高雄市,2
110,6,18,八里區,,,,無年齡維度,0.0,女,遷入,migrants,11
110,6,18,八里區,,,,無年齡維度,0.0,男,遷入,migrants,8
110,6,18,八里區,,,,無年齡維度,0.0,女,遷入,other,0
110,6,18,八里區,,,,無年齡維度,0.0,男,遷入,other,0
110,6,18,八里區,,,,無年齡維度,0.0,女,遷入,其他縣市,0
110,6,18,八里區,,,,無年齡維度,0.0,男,遷入,其他縣市,0
110,6,18,八里區,,,,無年齡維度,0.0,女,遷入,其他鄉鎮,10
110,6,18,八里區,,,,無年齡維度,0.0,男,遷入,其他鄉鎮,6
110,6,18,八里區,,,,無年齡維度,0.0,女,遷入,合計,35
110,6,18,八里區,,,,無年齡維度,0.0,男,遷入,合計,37
110,6,18,八里區,,,,無年齡維度,0.0,女,遷入,國外,0
110,6,18,八里區,,,,無年齡維度,0.0,男,遷入,國外,2
110,6,18,八里區,,,,無年齡維度,0.0,女,遷入,新北市內,0
110,6,18,八里區,,,,無年齡維度,0.0,男,遷入,新北市內,0
110,6,18,八里區,,,,無年齡維度,0.0,女,遷入,桃園市,1
110,6,18,八里區,,,,無年齡維度,0.0,男,遷入,桃園市,1
110,6,18,八里區,,,,無年齡維度,0.0,女,遷入,福建省,1
110,6,18,八里區,,,,無年齡維度,0.0,男,遷入,福建省,0
110,6,18,八里區,,,,無年齡維度,0.0,女,遷入,臺中市,1
110,6,18,八里區,,,,無年齡維度,0.0,男,遷入,臺中市,1
110,6,18,八里區,,,,無年齡維度,0.0,女,遷入,臺北市,15
110,6,18,八里區,,,,無年齡維度,0.0,男,遷入,臺北市,23
110,6,18,八里區,,,,無年齡維度,0.0,女,遷入,臺南市,0
110,6,18,八里區,,,,無年齡維度,0.0,男,遷入,臺南市,1
110,6,18,八里區,,,,無年齡維度,0.0,女,遷入,臺灣省,6
110,6,18,八里區,,,,無年齡維度,0.0,男,遷入,臺灣省,3
110,6,18,八里區,,,,無年齡維度,0.0,女,遷入,高雄市,1
110,6,18,八里區,,,,無年齡維度,0.0,男,遷入,高雄市,0
110,6,18,八里區,,,,無年齡維度,0.0,女,遷出,migrants,11
110,6,18,八里區,,,,無年齡維度,0.0,男,遷出,migrants,8
110,6,18,八里區,,,,無年齡維度,0.0,女,遷出,other,0
110,6,18,八里區,,,,無年齡維度,0.0,男,遷出,other,0
110,6,18,八里區,,,,無年齡維度,0.0,女,遷出,其他縣市,0
110,6,18,八里區,,,,無年齡維度,0.0,男,遷出,其他縣市,0
110,6,18,八里區,,,,無年齡維度,0.0,女,遷出,其他鄉鎮,13
110,6,18,八里區,,,,無年齡維度,0.0,男,遷出,其他鄉鎮,22
110,6,18,八里區,,,,無年齡維度,0.0,女,遷出,合計,46
110,6,18,八里區,,,,無年齡維度,0.0,男,遷出,合計,52
110,6,18,八里區,,,,無年齡維度,0.0,女,遷出,國外,10
110,6,18,八里區,,,,無年齡維度,0.0,男,遷出,國外,5
110,6,18,八里區,,,,無年齡維度,0.0,女,遷出,新北市內,0
110,6,18,八里區,,,,無年齡維度,0.0,男,遷出,新北市內,0
110,6,18,八里區,,,,無年齡維度,0.0,女,遷出,桃園市,2
110,6,18,八里區,,,,無年齡維度,0.0,男,遷出,桃園市,4
110,6,18,八里區,,,,無年齡維度,0.0,女,遷出,福建省,0
110,6,18,八里區,,,,無年齡維度,0.0,男,遷出,福建省,0
110,6,18,八里區,,,,無年齡維度,0.0,女,遷出,臺中市,1
110,6,18,八里區,,,,無年齡維度,0.0,男,遷出,臺中市,1
110,6,18,八里區,,,,無年齡維度,0.0,女,遷出,臺北市,14
110,6,18,八里區,,,,無年齡維度,0.0,男,遷出,臺北市,10
110,6,18,八里區,,,,無年齡維度,0.0,女,遷出,臺南市,0
110,6,18,八里區,,,,無年齡維度,0.0,男,遷出,臺南市,1
110,6,18,八里區,,,,無年齡維度,0.0,女,遷出,臺灣省,5
110,6,18,八里區,,,,無年齡維度,0.0,男,遷出,臺灣省,6
110,6,18,八里區,,,,無年齡維度,0.0,女,遷出,高雄市,1
110,6,18,八里區,,,,無年齡維度,0.0,男,遷出,高雄市,3
110,6,19,深坑區,,,,無年齡維度,0.0,女,遷入,migrants,2
110,6,19,深坑區,,,,無年齡維度,0.0,男,遷入,migrants,0
110,6,19,深坑區,,,,無年齡維度,0.0,女,遷入,other,0
110,6,19,深坑區,,,,無年齡維度,0.0,男,遷入,other,0
110,6,19,深坑區,,,,無年齡維度,0.0,女,遷入,其他縣市,0
110,6,19,深坑區,,,,無年齡維度,0.0,男,遷入,其他縣市,0
110,6,19,深坑區,,,,無年齡維度,0.0,女,遷入,其他鄉鎮,6
110,6,19,深坑區,,,,無年齡維度,0.0,男,遷入,其他鄉鎮,10
110,6,19,深坑區,,,,無年齡維度,0.0,女,遷入,合計,11
110,6,19,深坑區,,,,無年齡維度,0.0,男,遷入,合計,15
110,6,19,深坑區,,,,無年齡維度,0.0,女,遷入,國外,0
110,6,19,深坑區,,,,無年齡維度,0.0,男,遷入,國外,0
110,6,19,深坑區,,,,無年齡維度,0.0,女,遷入,新北市內,0
110,6,19,深坑區,,,,無年齡維度,0.0,男,遷入,新北市內,0
110,6,19,深坑區,,,,無年齡維度,0.0,女,遷入,桃園市,1
110,6,19,深坑區,,,,無年齡維度,0.0,男,遷入,桃園市,0
110,6,19,深坑區,,,,無年齡維度,0.0,女,遷入,福建省,0
110,6,19,深坑區,,,,無年齡維度,0.0,男,遷入,福建省,0
110,6,19,深坑區,,,,無年齡維度,0.0,女,遷入,臺中市,0
110,6,19,深坑區,,,,無年齡維度,0.0,男,遷入,臺中市,0
110,6,19,深坑區,,,,無年齡維度,0.0,女,遷入,臺北市,4
110,6,19,深坑區,,,,無年齡維度,0.0,男,遷入,臺北市,4
110,6,19,深坑區,,,,無年齡維度,0.0,女,遷入,臺南市,0
110,6,19,深坑區,,,,無年齡維度,0.0,男,遷入,臺南市,0
110,6,19,深坑區,,,,無年齡維度,0.0,女,遷入,臺灣省,0
110,6,19,深坑區,,,,無年齡維度,0.0,男,遷入,臺灣省,1
110,6,19,深坑區,,,,無年齡維度,0.0,女,遷入,高雄市,0
110,6,19,深坑區,,,,無年齡維度,0.0,男,遷入,高雄市,0
110,6,19,深坑區,,,,無年齡維度,0.0,女,遷出,migrants,2
110,6,19,深坑區,,,,無年齡維度,0.0,男,遷出,migrants,0
110,6,19,深坑區,,,,無年齡維度,0.0,女,遷出,other,0
110,6,19,深坑區,,,,無年齡維度,0.0,男,遷出,other,0
110,6,19,深坑區,,,,無年齡維度,0.0,女,遷出,其他縣市,0
110,6,19,深坑區,,,,無年齡維度,0.0,男,遷出,其他縣市,0
110,6,19,深坑區,,,,無年齡維度,0.0,女,遷出,其他鄉鎮,4
110,6,19,深坑區,,,,無年齡維度,0.0,男,遷出,其他鄉鎮,6
110,6,19,深坑區,,,,無年齡維度,0.0,女,遷出,合計,9
110,6,19,深坑區,,,,無年齡維度,0.0,男,遷出,合計,13
110,6,19,深坑區,,,,無年齡維度,0.0,女,遷出,國外,1
110,6,19,深坑區,,,,無年齡維度,0.0,男,遷出,國外,2
110,6,19,深坑區,,,,無年齡維度,0.0,女,遷出,新北市內,0
110,6,19,深坑區,,,,無年齡維度,0.0,男,遷出,新北市內,0
110,6,19,深坑區,,,,無年齡維度,0.0,女,遷出,桃園市,0
110,6,19,深坑區,,,,無年齡維度,0.0,男,遷出,桃園市,2
110,6,19,深坑區,,,,無年齡維度,0.0,女,遷出,福建省,0
110,6,19,深坑區,,,,無年齡維度,0.0,男,遷出,福建省,0
110,6,19,深坑區,,,,無年齡維度,0.0,女,遷出,臺中市,0
110,6,19,深坑區,,,,無年齡維度,0.0,男,遷出,臺中市,0
110,6,19,深坑區,,,,無年齡維度,0.0,女,遷出,臺北市,2
110,6,19,深坑區,,,,無年齡維度,0.0,男,遷出,臺北市,3
110,6,19,深坑區,,,,無年齡維度,0.0,女,遷出,臺南市,1
110,6,19,深坑區,,,,無年齡維度,0.0,男,遷出,臺南市,0
110,6,19,深坑區,,,,無年齡維度,0.0,女,遷出,臺灣省,0
110,6,19,深坑區,,,,無年齡維度,0.0,男,遷出,臺灣省,0
110,6,19,深坑區,,,,無年齡維度,0.0,女,遷出,高雄市,1
110,6,19,深坑區,,,,無年齡維度,0.0,男,遷出,高雄市,0
110,6,20,石碇區,,,,無年齡維度,0.0,女,遷入,migrants,0
110,6,20,石碇區,,,,無年齡維度,0.0,男,遷入,migrants,0
110,6,20,石碇區,,,,無年齡維度,0.0,女,遷入,other,0
110,6,20,石碇區,,,,無年齡維度,0.0,男,遷入,other,0
110,6,20,石碇區,,,,無年齡維度,0.0,女,遷入,其他縣市,0
110,6,20,石碇區,,,,無年齡維度,0.0,男,遷入,其他縣市,0
110,6,20,石碇區,,,,無年齡維度,0.0,女,遷入,其他鄉鎮,3
110,6,20,石碇區,,,,無年齡維度,0.0,男,遷入,其他鄉鎮,13
110,6,20,石碇區,,,,無年齡維度,0.0,女,遷入,合計,13
110,6,20,石碇區,,,,無年齡維度,0.0,男,遷入,合計,15
110,6,20,石碇區,,,,無年齡維度,0.0,女,遷入,國外,0
110,6,20,石碇區,,,,無年齡維度,0.0,男,遷入,國外,0
110,6,20,石碇區,,,,無年齡維度,0.0,女,遷入,新北市內,0
110,6,20,石碇區,,,,無年齡維度,0.0,男,遷入,新北市內,0
110,6,20,石碇區,,,,無年齡維度,0.0,女,遷入,桃園市,0
110,6,20,石碇區,,,,無年齡維度,0.0,男,遷入,桃園市,0
110,6,20,石碇區,,,,無年齡維度,0.0,女,遷入,福建省,0
110,6,20,石碇區,,,,無年齡維度,0.0,男,遷入,福建省,0
110,6,20,石碇區,,,,無年齡維度,0.0,女,遷入,臺中市,0
110,6,20,石碇區,,,,無年齡維度,0.0,男,遷入,臺中市,0
110,6,20,石碇區,,,,無年齡維度,0.0,女,遷入,臺北市,3
110,6,20,石碇區,,,,無年齡維度,0.0,男,遷入,臺北市,1
110,6,20,石碇區,,,,無年齡維度,0.0,女,遷入,臺南市,0
110,6,20,石碇區,,,,無年齡維度,0.0,男,遷入,臺南市,0
110,6,20,石碇區,,,,無年齡維度,0.0,女,遷入,臺灣省,7
110,6,20,石碇區,,,,無年齡維度,0.0,男,遷入,臺灣省,1
110,6,20,石碇區,,,,無年齡維度,0.0,女,遷入,高雄市,0
110,6,20,石碇區,,,,無年齡維度,0.0,男,遷入,高雄市,0
110,6,20,石碇區,,,,無年齡維度,0.0,女,遷出,migrants,0
110,6,20,石碇區,,,,無年齡維度,0.0,男,遷出,migrants,0
110,6,20,石碇區,,,,無年齡維度,0.0,女,遷出,other,0
110,6,20,石碇區,,,,無年齡維度,0.0,男,遷出,other,0
110,6,20,石碇區,,,,無年齡維度,0.0,女,遷出,其他縣市,0
110,6,20,石碇區,,,,無年齡維度,0.0,男,遷出,其他縣市,0
110,6,20,石碇區,,,,無年齡維度,0.0,女,遷出,其他鄉鎮,5
110,6,20,石碇區,,,,無年齡維度,0.0,男,遷出,其他鄉鎮,7
110,6,20,石碇區,,,,無年齡維度,0.0,女,遷出,合計,11
110,6,20,石碇區,,,,無年齡維度,0.0,男,遷出,合計,13
110,6,20,石碇區,,,,無年齡維度,0.0,女,遷出,國外,2
110,6,20,石碇區,,,,無年齡維度,0.0,男,遷出,國外,0
110,6,20,石碇區,,,,無年齡維度,0.0,女,遷出,新北市內,0
110,6,20,石碇區,,,,無年齡維度,0.0,男,遷出,新北市內,0
110,6,20,石碇區,,,,無年齡維度,0.0,女,遷出,桃園市,1
110,6,20,石碇區,,,,無年齡維度,0.0,男,遷出,桃園市,2
110,6,20,石碇區,,,,無年齡維度,0.0,女,遷出,福建省,0
110,6,20,石碇區,,,,無年齡維度,0.0,男,遷出,福建省,0
110,6,20,石碇區,,,,無年齡維度,0.0,女,遷出,臺中市,0
110,6,20,石碇區,,,,無年齡維度,0.0,男,遷出,臺中市,0
110,6,20,石碇區,,,,無年齡維度,0.0,女,遷出,臺北市,3
110,6,20,石碇區,,,,無年齡維度,0.0,男,遷出,臺北市,1
110,6,20,石碇區,,,,無年齡維度,0.0,女,遷出,臺南市,0
110,6,20,石碇區,,,,無年齡維度,0.0,男,遷出,臺南市,2
110,6,20,石碇區,,,,無年齡維度,0.0,女,遷出,臺灣省,0
110,6,20,石碇區,,,,無年齡維度,0.0,男,遷出,臺灣省,1
110,6,20,石碇區,,,,無年齡維度,0.0,女,遷出,高雄市,0
110,6,20,石碇區,,,,無年齡維度,0.0,男,遷出,高雄市,0
110,6,21,坪林區,,,,無年齡維度,0.0,女,遷入,migrants,16
110,6,21,坪林區,,,,無年齡維度,0.0,男,遷入,migrants,14
110,6,21,坪林區,,,,無年齡維度,0.0,女,遷入,other,0
110,6,21,坪林區,,,,無年齡維度,0.0,男,遷入,other,0
110,6,21,坪林區,,,,無年齡維度,0.0,女,遷入,其他縣市,0
110,6,21,坪林區,,,,無年齡維度,0.0,男,遷入,其他縣市,0
110,6,21,坪林區,,,,無年齡維度,0.0,女,遷入,其他鄉鎮,20
110,6,21,坪林區,,,,無年齡維度,0.0,男,遷入,其他鄉鎮,15
110,6,21,坪林區,,,,無年齡維度,0.0,女,遷入,合計,30
110,6,21,坪林區,,,,無年齡維度,0.0,男,遷入,合計,35
110,6,21,坪林區,,,,無年齡維度,0.0,女,遷入,國外,1
110,6,21,坪林區,,,,無年齡維度,0.0,男,遷入,國外,3
110,6,21,坪林區,,,,無年齡維度,0.0,女,遷入,新北市內,0
110,6,21,坪林區,,,,無年齡維度,0.0,男,遷入,新北市內,0
110,6,21,坪林區,,,,無年齡維度,0.0,女,遷入,桃園市,0
110,6,21,坪林區,,,,無年齡維度,0.0,男,遷入,桃園市,1
110,6,21,坪林區,,,,無年齡維度,0.0,女,遷入,福建省,1
110,6,21,坪林區,,,,無年齡維度,0.0,男,遷入,福建省,1
110,6,21,坪林區,,,,無年齡維度,0.0,女,遷入,臺中市,3
110,6,21,坪林區,,,,無年齡維度,0.0,男,遷入,臺中市,3
110,6,21,坪林區,,,,無年齡維度,0.0,女,遷入,臺北市,3
110,6,21,坪林區,,,,無年齡維度,0.0,男,遷入,臺北市,7
110,6,21,坪林區,,,,無年齡維度,0.0,女,遷入,臺南市,0
110,6,21,坪林區,,,,無年齡維度,0.0,男,遷入,臺南市,0
110,6,21,坪林區,,,,無年齡維度,0.0,女,遷入,臺灣省,2
110,6,21,坪林區,,,,無年齡維度,0.0,男,遷入,臺灣省,4
110,6,21,坪林區,,,,無年齡維度,0.0,女,遷入,高雄市,0
110,6,21,坪林區,,,,無年齡維度,0.0,男,遷入,高雄市,1
110,6,21,坪林區,,,,無年齡維度,0.0,女,遷出,migrants,16
110,6,21,坪林區,,,,無年齡維度,0.0,男,遷出,migrants,14
110,6,21,坪林區,,,,無年齡維度,0.0,女,遷出,other,0
110,6,21,坪林區,,,,無年齡維度,0.0,男,遷出,other,0
110,6,21,坪林區,,,,無年齡維度,0.0,女,遷出,其他縣市,0
110,6,21,坪林區,,,,無年齡維度,0.0,男,遷出,其他縣市,0
110,6,21,坪林區,,,,無年齡維度,0.0,女,遷出,其他鄉鎮,14
110,6,21,坪林區,,,,無年齡維度,0.0,男,遷出,其他鄉鎮,15
110,6,21,坪林區,,,,無年齡維度,0.0,女,遷出,合計,40
110,6,21,坪林區,,,,無年齡維度,0.0,男,遷出,合計,31
110,6,21,坪林區,,,,無年齡維度,0.0,女,遷出,國外,6
110,6,21,坪林區,,,,無年齡維度,0.0,男,遷出,國外,1
110,6,21,坪林區,,,,無年齡維度,0.0,女,遷出,新北市內,0
110,6,21,坪林區,,,,無年齡維度,0.0,男,遷出,新北市內,0
110,6,21,坪林區,,,,無年齡維度,0.0,女,遷出,桃園市,2
110,6,21,坪林區,,,,無年齡維度,0.0,男,遷出,桃園市,1
110,6,21,坪林區,,,,無年齡維度,0.0,女,遷出,福建省,0
110,6,21,坪林區,,,,無年齡維度,0.0,男,遷出,福建省,0
110,6,21,坪林區,,,,無年齡維度,0.0,女,遷出,臺中市,5
110,6,21,坪林區,,,,無年齡維度,0.0,男,遷出,臺中市,4
110,6,21,坪林區,,,,無年齡維度,0.0,女,遷出,臺北市,4
110,6,21,坪林區,,,,無年齡維度,0.0,男,遷出,臺北市,5
110,6,21,坪林區,,,,無年齡維度,0.0,女,遷出,臺南市,0
110,6,21,坪林區,,,,無年齡維度,0.0,男,遷出,臺南市,1
110,6,21,坪林區,,,,無年齡維度,0.0,女,遷出,臺灣省,8
110,6,21,坪林區,,,,無年齡維度,0.0,男,遷出,臺灣省,4
110,6,21,坪林區,,,,無年齡維度,0.0,女,遷出,高雄市,1
110,6,21,坪林區,,,,無年齡維度,0.0,男,遷出,高雄市,0
110,6,22,三芝區,,,,無年齡維度,0.0,女,遷入,migrants,4
110,6,22,三芝區,,,,無年齡維度,0.0,男,遷入,migrants,4
110,6,22,三芝區,,,,無年齡維度,0.0,女,遷入,other,0
110,6,22,三芝區,,,,無年齡維度,0.0,男,遷入,other,0
110,6,22,三芝區,,,,無年齡維度,0.0,女,遷入,其他縣市,0
110,6,22,三芝區,,,,無年齡維度,0.0,男,遷入,其他縣市,0
110,6,22,三芝區,,,,無年齡維度,0.0,女,遷入,其他鄉鎮,8
110,6,22,三芝區,,,,無年齡維度,0.0,男,遷入,其他鄉鎮,2
110,6,22,三芝區,,,,無年齡維度,0.0,女,遷入,合計,8
110,6,22,三芝區,,,,無年齡維度,0.0,男,遷入,合計,8
110,6,22,三芝區,,,,無年齡維度,0.0,女,遷入,國外,0
110,6,22,三芝區,,,,無年齡維度,0.0,男,遷入,國外,0
110,6,22,三芝區,,,,無年齡維度,0.0,女,遷入,新北市內,0
110,6,22,三芝區,,,,無年齡維度,0.0,男,遷入,新北市內,0
110,6,22,三芝區,,,,無年齡維度,0.0,女,遷入,桃園市,0
110,6,22,三芝區,,,,無年齡維度,0.0,男,遷入,桃園市,2
110,6,22,三芝區,,,,無年齡維度,0.0,女,遷入,福建省,0
110,6,22,三芝區,,,,無年齡維度,0.0,男,遷入,福建省,0
110,6,22,三芝區,,,,無年齡維度,0.0,女,遷入,臺中市,0
110,6,22,三芝區,,,,無年齡維度,0.0,男,遷入,臺中市,0
110,6,22,三芝區,,,,無年齡維度,0.0,女,遷入,臺北市,0
110,6,22,三芝區,,,,無年齡維度,0.0,男,遷入,臺北市,3
110,6,22,三芝區,,,,無年齡維度,0.0,女,遷入,臺南市,0
110,6,22,三芝區,,,,無年齡維度,0.0,男,遷入,臺南市,0
110,6,22,三芝區,,,,無年齡維度,0.0,女,遷入,臺灣省,0
110,6,22,三芝區,,,,無年齡維度,0.0,男,遷入,臺灣省,1
110,6,22,三芝區,,,,無年齡維度,0.0,女,遷入,高雄市,0
110,6,22,三芝區,,,,無年齡維度,0.0,男,遷入,高雄市,0
110,6,22,三芝區,,,,無年齡維度,0.0,女,遷出,migrants,4
110,6,22,三芝區,,,,無年齡維度,0.0,男,遷出,migrants,4
110,6,22,三芝區,,,,無年齡維度,0.0,女,遷出,other,0
110,6,22,三芝區,,,,無年齡維度,0.0,男,遷出,other,0
110,6,22,三芝區,,,,無年齡維度,0.0,女,遷出,其他縣市,0
110,6,22,三芝區,,,,無年齡維度,0.0,男,遷出,其他縣市,0
110,6,22,三芝區,,,,無年齡維度,0.0,女,遷出,其他鄉鎮,12
110,6,22,三芝區,,,,無年齡維度,0.0,男,遷出,其他鄉鎮,9
110,6,22,三芝區,,,,無年齡維度,0.0,女,遷出,合計,19
110,6,22,三芝區,,,,無年齡維度,0.0,男,遷出,合計,15
110,6,22,三芝區,,,,無年齡維度,0.0,女,遷出,國外,1
110,6,22,三芝區,,,,無年齡維度,0.0,男,遷出,國外,2
110,6,22,三芝區,,,,無年齡維度,0.0,女,遷出,新北市內,0
110,6,22,三芝區,,,,無年齡維度,0.0,男,遷出,新北市內,0
110,6,22,三芝區,,,,無年齡維度,0.0,女,遷出,桃園市,2
110,6,22,三芝區,,,,無年齡維度,0.0,男,遷出,桃園市,0
110,6,22,三芝區,,,,無年齡維度,0.0,女,遷出,福建省,0
110,6,22,三芝區,,,,無年齡維度,0.0,男,遷出,福建省,0
110,6,22,三芝區,,,,無年齡維度,0.0,女,遷出,臺中市,0
110,6,22,三芝區,,,,無年齡維度,0.0,男,遷出,臺中市,0
110,6,22,三芝區,,,,無年齡維度,0.0,女,遷出,臺北市,2
110,6,22,三芝區,,,,無年齡維度,0.0,男,遷出,臺北市,1
110,6,22,三芝區,,,,無年齡維度,0.0,女,遷出,臺南市,0
110,6,22,三芝區,,,,無年齡維度,0.0,男,遷出,臺南市,0
110,6,22,三芝區,,,,無年齡維度,0.0,女,遷出,臺灣省,2
110,6,22,三芝區,,,,無年齡維度,0.0,男,遷出,臺灣省,2
110,6,22,三芝區,,,,無年齡維度,0.0,女,遷出,高雄市,0
110,6,22,三芝區,,,,無年齡維度,0.0,男,遷出,高雄市,1
110,6,23,石門區,,,,無年齡維度,0.0,女,遷入,migrants,49
110,6,23,石門區,,,,無年齡維度,0.0,男,遷入,migrants,46
110,6,23,石門區,,,,無年齡維度,0.0,女,遷入,other,0
110,6,23,石門區,,,,無年齡維度,0.0,男,遷入,other,0
110,6,23,石門區,,,,無年齡維度,0.0,女,遷入,其他縣市,0
110,6,23,石門區,,,,無年齡維度,0.0,男,遷入,其他縣市,0
110,6,23,石門區,,,,無年齡維度,0.0,女,遷入,其他鄉鎮,39
110,6,23,石門區,,,,無年齡維度,0.0,男,遷入,其他鄉鎮,40
110,6,23,石門區,,,,無年齡維度,0.0,女,遷入,合計,81
110,6,23,石門區,,,,無年齡維度,0.0,男,遷入,合計,72
110,6,23,石門區,,,,無年齡維度,0.0,女,遷入,國外,1
110,6,23,石門區,,,,無年齡維度,0.0,男,遷入,國外,1
110,6,23,石門區,,,,無年齡維度,0.0,女,遷入,新北市內,0
110,6,23,石門區,,,,無年齡維度,0.0,男,遷入,新北市內,0
110,6,23,石門區,,,,無年齡維度,0.0,女,遷入,桃園市,4
110,6,23,石門區,,,,無年齡維度,0.0,男,遷入,桃園市,0
110,6,23,石門區,,,,無年齡維度,0.0,女,遷入,福建省,1
110,6,23,石門區,,,,無年齡維度,0.0,男,遷入,福建省,0
110,6,23,石門區,,,,無年齡維度,0.0,女,遷入,臺中市,2
110,6,23,石門區,,,,無年齡維度,0.0,男,遷入,臺中市,3
110,6,23,石門區,,,,無年齡維度,0.0,女,遷入,臺北市,25
110,6,23,石門區,,,,無年齡維度,0.0,男,遷入,臺北市,19
110,6,23,石門區,,,,無年齡維度,0.0,女,遷入,臺南市,1
110,6,23,石門區,,,,無年齡維度,0.0,男,遷入,臺南市,1
110,6,23,石門區,,,,無年齡維度,0.0,女,遷入,臺灣省,5
110,6,23,石門區,,,,無年齡維度,0.0,男,遷入,臺灣省,5
110,6,23,石門區,,,,無年齡維度,0.0,女,遷入,高雄市,3
110,6,23,石門區,,,,無年齡維度,0.0,男,遷入,高雄市,2
110,6,23,石門區,,,,無年齡維度,0.0,女,遷出,migrants,49
110,6,23,石門區,,,,無年齡維度,0.0,男,遷出,migrants,46
110,6,23,石門區,,,,無年齡維度,0.0,女,遷出,other,0
110,6,23,石門區,,,,無年齡維度,0.0,男,遷出,other,0
110,6,23,石門區,,,,無年齡維度,0.0,女,遷出,其他縣市,0
110,6,23,石門區,,,,無年齡維度,0.0,男,遷出,其他縣市,0
110,6,23,石門區,,,,無年齡維度,0.0,女,遷出,其他鄉鎮,17
110,6,23,石門區,,,,無年齡維度,0.0,男,遷出,其他鄉鎮,17
110,6,23,石門區,,,,無年齡維度,0.0,女,遷出,合計,44
110,6,23,石門區,,,,無年齡維度,0.0,男,遷出,合計,51
110,6,23,石門區,,,,無年齡維度,0.0,女,遷出,國外,7
110,6,23,石門區,,,,無年齡維度,0.0,男,遷出,國外,8
110,6,23,石門區,,,,無年齡維度,0.0,女,遷出,新北市內,0
110,6,23,石門區,,,,無年齡維度,0.0,男,遷出,新北市內,0
110,6,23,石門區,,,,無年齡維度,0.0,女,遷出,桃園市,3
110,6,23,石門區,,,,無年齡維度,0.0,男,遷出,桃園市,6
110,6,23,石門區,,,,無年齡維度,0.0,女,遷出,福建省,0
110,6,23,石門區,,,,無年齡維度,0.0,男,遷出,福建省,0
110,6,23,石門區,,,,無年齡維度,0.0,女,遷出,臺中市,0
110,6,23,石門區,,,,無年齡維度,0.0,男,遷出,臺中市,1
110,6,23,石門區,,,,無年齡維度,0.0,女,遷出,臺北市,8
110,6,23,石門區,,,,無年齡維度,0.0,男,遷出,臺北市,13
110,6,23,石門區,,,,無年齡維度,0.0,女,遷出,臺南市,0
110,6,23,石門區,,,,無年齡維度,0.0,男,遷出,臺南市,0
110,6,23,石門區,,,,無年齡維度,0.0,女,遷出,臺灣省,8
110,6,23,石門區,,,,無年齡維度,0.0,男,遷出,臺灣省,3
110,6,23,石門區,,,,無年齡維度,0.0,女,遷出,高雄市,1
110,6,23,石門區,,,,無年齡維度,0.0,男,遷出,高雄市,3
110,6,24,金山區,,,,無年齡維度,0.0,女,遷入,migrants,2
110,6,24,金山區,,,,無年齡維度,0.0,男,遷入,migrants,2
110,6,24,金山區,,,,無年齡維度,0.0,女,遷入,other,0
110,6,24,金山區,,,,無年齡維度,0.0,男,遷入,other,0
110,6,24,金山區,,,,無年齡維度,0.0,女,遷入,其他縣市,0
110,6,24,金山區,,,,無年齡維度,0.0,男,遷入,其他縣市,0
110,6,24,金山區,,,,無年齡維度,0.0,女,遷入,其他鄉鎮,4
110,6,24,金山區,,,,無年齡維度,0.0,男,遷入,其他鄉鎮,5
110,6,24,金山區,,,,無年齡維度,0.0,女,遷入,合計,7
110,6,24,金山區,,,,無年齡維度,0.0,男,遷入,合計,8
110,6,24,金山區,,,,無年齡維度,0.0,女,遷入,國外,0
110,6,24,金山區,,,,無年齡維度,0.0,男,遷入,國外,0
110,6,24,金山區,,,,無年齡維度,0.0,女,遷入,新北市內,0
110,6,24,金山區,,,,無年齡維度,0.0,男,遷入,新北市內,0
110,6,24,金山區,,,,無年齡維度,0.0,女,遷入,桃園市,1
110,6,24,金山區,,,,無年齡維度,0.0,男,遷入,桃園市,1
110,6,24,金山區,,,,無年齡維度,0.0,女,遷入,福建省,0
110,6,24,金山區,,,,無年齡維度,0.0,男,遷入,福建省,0
110,6,24,金山區,,,,無年齡維度,0.0,女,遷入,臺中市,0
110,6,24,金山區,,,,無年齡維度,0.0,男,遷入,臺中市,0
110,6,24,金山區,,,,無年齡維度,0.0,女,遷入,臺北市,2
110,6,24,金山區,,,,無年齡維度,0.0,男,遷入,臺北市,1
110,6,24,金山區,,,,無年齡維度,0.0,女,遷入,臺南市,0
110,6,24,金山區,,,,無年齡維度,0.0,男,遷入,臺南市,1
110,6,24,金山區,,,,無年齡維度,0.0,女,遷入,臺灣省,0
110,6,24,金山區,,,,無年齡維度,0.0,男,遷入,臺灣省,0
110,6,24,金山區,,,,無年齡維度,0.0,女,遷入,高雄市,0
110,6,24,金山區,,,,無年齡維度,0.0,男,遷入,高雄市,0
110,6,24,金山區,,,,無年齡維度,0.0,女,遷出,migrants,2
110,6,24,金山區,,,,無年齡維度,0.0,男,遷出,migrants,2
110,6,24,金山區,,,,無年齡維度,0.0,女,遷出,other,0
110,6,24,金山區,,,,無年齡維度,0.0,男,遷出,other,0
110,6,24,金山區,,,,無年齡維度,0.0,女,遷出,其他縣市,0
110,6,24,金山區,,,,無年齡維度,0.0,男,遷出,其他縣市,0
110,6,24,金山區,,,,無年齡維度,0.0,女,遷出,其他鄉鎮,6
110,6,24,金山區,,,,無年齡維度,0.0,男,遷出,其他鄉鎮,3
110,6,24,金山區,,,,無年齡維度,0.0,女,遷出,合計,9
110,6,24,金山區,,,,無年齡維度,0.0,男,遷出,合計,5
110,6,24,金山區,,,,無年齡維度,0.0,女,遷出,國外,0
110,6,24,金山區,,,,無年齡維度,0.0,男,遷出,國外,0
110,6,24,金山區,,,,無年齡維度,0.0,女,遷出,新北市內,0
110,6,24,金山區,,,,無年齡維度,0.0,男,遷出,新北市內,0
110,6,24,金山區,,,,無年齡維度,0.0,女,遷出,桃園市,0
110,6,24,金山區,,,,無年齡維度,0.0,男,遷出,桃園市,0
110,6,24,金山區,,,,無年齡維度,0.0,女,遷出,福建省,0
110,6,24,金山區,,,,無年齡維度,0.0,男,遷出,福建省,0
110,6,24,金山區,,,,無年齡維度,0.0,女,遷出,臺中市,0
110,6,24,金山區,,,,無年齡維度,0.0,男,遷出,臺中市,0
110,6,24,金山區,,,,無年齡維度,0.0,女,遷出,臺北市,1
110,6,24,金山區,,,,無年齡維度,0.0,男,遷出,臺北市,1
110,6,24,金山區,,,,無年齡維度,0.0,女,遷出,臺南市,0
110,6,24,金山區,,,,無年齡維度,0.0,男,遷出,臺南市,0
110,6,24,金山區,,,,無年齡維度,0.0,女,遷出,臺灣省,1
110,6,24,金山區,,,,無年齡維度,0.0,男,遷出,臺灣省,1
110,6,24,金山區,,,,無年齡維度,0.0,女,遷出,高雄市,1
110,6,24,金山區,,,,無年齡維度,0.0,男,遷出,高雄市,0
110,6,25,萬里區,,,,無年齡維度,0.0,女,遷入,migrants,4
110,6,25,萬里區,,,,無年齡維度,0.0,男,遷入,migrants,4
110,6,25,萬里區,,,,無年齡維度,0.0,女,遷入,other,0
110,6,25,萬里區,,,,無年齡維度,0.0,男,遷入,other,0
110,6,25,萬里區,,,,無年齡維度,0.0,女,遷入,其他縣市,0
110,6,25,萬里區,,,,無年齡維度,0.0,男,遷入,其他縣市,0
110,6,25,萬里區,,,,無年齡維度,0.0,女,遷入,其他鄉鎮,7
110,6,25,萬里區,,,,無年齡維度,0.0,男,遷入,其他鄉鎮,7
110,6,25,萬里區,,,,無年齡維度,0.0,女,遷入,合計,9
110,6,25,萬里區,,,,無年齡維度,0.0,男,遷入,合計,9
110,6,25,萬里區,,,,無年齡維度,0.0,女,遷入,國外,0
110,6,25,萬里區,,,,無年齡維度,0.0,男,遷入,國外,0
110,6,25,萬里區,,,,無年齡維度,0.0,女,遷入,新北市內,0
110,6,25,萬里區,,,,無年齡維度,0.0,男,遷入,新北市內,0
110,6,25,萬里區,,,,無年齡維度,0.0,女,遷入,桃園市,0
110,6,25,萬里區,,,,無年齡維度,0.0,男,遷入,桃園市,0
110,6,25,萬里區,,,,無年齡維度,0.0,女,遷入,福建省,0
110,6,25,萬里區,,,,無年齡維度,0.0,男,遷入,福建省,0
110,6,25,萬里區,,,,無年齡維度,0.0,女,遷入,臺中市,0
110,6,25,萬里區,,,,無年齡維度,0.0,男,遷入,臺中市,0
110,6,25,萬里區,,,,無年齡維度,0.0,女,遷入,臺北市,0
110,6,25,萬里區,,,,無年齡維度,0.0,男,遷入,臺北市,0
110,6,25,萬里區,,,,無年齡維度,0.0,女,遷入,臺南市,0
110,6,25,萬里區,,,,無年齡維度,0.0,男,遷入,臺南市,0
110,6,25,萬里區,,,,無年齡維度,0.0,女,遷入,臺灣省,2
110,6,25,萬里區,,,,無年齡維度,0.0,男,遷入,臺灣省,2
110,6,25,萬里區,,,,無年齡維度,0.0,女,遷入,高雄市,0
110,6,25,萬里區,,,,無年齡維度,0.0,男,遷入,高雄市,0
110,6,25,萬里區,,,,無年齡維度,0.0,女,遷出,migrants,4
110,6,25,萬里區,,,,無年齡維度,0.0,男,遷出,migrants,4
110,6,25,萬里區,,,,無年齡維度,0.0,女,遷出,other,0
110,6,25,萬里區,,,,無年齡維度,0.0,男,遷出,other,0
110,6,25,萬里區,,,,無年齡維度,0.0,女,遷出,其他縣市,0
110,6,25,萬里區,,,,無年齡維度,0.0,男,遷出,其他縣市,0
110,6,25,萬里區,,,,無年齡維度,0.0,女,遷出,其他鄉鎮,6
110,6,25,萬里區,,,,無年齡維度,0.0,男,遷出,其他鄉鎮,4
110,6,25,萬里區,,,,無年齡維度,0.0,女,遷出,合計,14
110,6,25,萬里區,,,,無年齡維度,0.0,男,遷出,合計,11
110,6,25,萬里區,,,,無年齡維度,0.0,女,遷出,國外,2
110,6,25,萬里區,,,,無年齡維度,0.0,男,遷出,國外,1
110,6,25,萬里區,,,,無年齡維度,0.0,女,遷出,新北市內,0
110,6,25,萬里區,,,,無年齡維度,0.0,男,遷出,新北市內,0
110,6,25,萬里區,,,,無年齡維度,0.0,女,遷出,桃園市,1
110,6,25,萬里區,,,,無年齡維度,0.0,男,遷出,桃園市,1
110,6,25,萬里區,,,,無年齡維度,0.0,女,遷出,福建省,0
110,6,25,萬里區,,,,無年齡維度,0.0,男,遷出,福建省,0
110,6,25,萬里區,,,,無年齡維度,0.0,女,遷出,臺中市,0
110,6,25,萬里區,,,,無年齡維度,0.0,男,遷出,臺中市,0
110,6,25,萬里區,,,,無年齡維度,0.0,女,遷出,臺北市,1
110,6,25,萬里區,,,,無年齡維度,0.0,男,遷出,臺北市,2
110,6,25,萬里區,,,,無年齡維度,0.0,女,遷出,臺南市,0
110,6,25,萬里區,,,,無年齡維度,0.0,男,遷出,臺南市,0
110,6,25,萬里區,,,,無年齡維度,0.0,女,遷出,臺灣省,3
110,6,25,萬里區,,,,無年齡維度,0.0,男,遷出,臺灣省,3
110,6,25,萬里區,,,,無年齡維度,0.0,女,遷出,高雄市,1
110,6,25,萬里區,,,,無年齡維度,0.0,男,遷出,高雄市,0
110,6,26,平溪區,,,,無年齡維度,0.0,女,遷入,migrants,3
110,6,26,平溪區,,,,無年齡維度,0.0,男,遷入,migrants,1
110,6,26,平溪區,,,,無年齡維度,0.0,女,遷入,other,0
110,6,26,平溪區,,,,無年齡維度,0.0,男,遷入,other,0
110,6,26,平溪區,,,,無年齡維度,0.0,女,遷入,其他縣市,0
110,6,26,平溪區,,,,無年齡維度,0.0,男,遷入,其他縣市,0
110,6,26,平溪區,,,,無年齡維度,0.0,女,遷入,其他鄉鎮,4
110,6,26,平溪區,,,,無年齡維度,0.0,男,遷入,其他鄉鎮,3
110,6,26,平溪區,,,,無年齡維度,0.0,女,遷入,合計,10
110,6,26,平溪區,,,,無年齡維度,0.0,男,遷入,合計,6
110,6,26,平溪區,,,,無年齡維度,0.0,女,遷入,國外,0
110,6,26,平溪區,,,,無年齡維度,0.0,男,遷入,國外,0
110,6,26,平溪區,,,,無年齡維度,0.0,女,遷入,新北市內,0
110,6,26,平溪區,,,,無年齡維度,0.0,男,遷入,新北市內,0
110,6,26,平溪區,,,,無年齡維度,0.0,女,遷入,桃園市,0
110,6,26,平溪區,,,,無年齡維度,0.0,男,遷入,桃園市,2
110,6,26,平溪區,,,,無年齡維度,0.0,女,遷入,福建省,0
110,6,26,平溪區,,,,無年齡維度,0.0,男,遷入,福建省,0
110,6,26,平溪區,,,,無年齡維度,0.0,女,遷入,臺中市,0
110,6,26,平溪區,,,,無年齡維度,0.0,男,遷入,臺中市,0
110,6,26,平溪區,,,,無年齡維度,0.0,女,遷入,臺北市,2
110,6,26,平溪區,,,,無年齡維度,0.0,男,遷入,臺北市,1
110,6,26,平溪區,,,,無年齡維度,0.0,女,遷入,臺南市,1
110,6,26,平溪區,,,,無年齡維度,0.0,男,遷入,臺南市,0
110,6,26,平溪區,,,,無年齡維度,0.0,女,遷入,臺灣省,3
110,6,26,平溪區,,,,無年齡維度,0.0,男,遷入,臺灣省,0
110,6,26,平溪區,,,,無年齡維度,0.0,女,遷入,高雄市,0
110,6,26,平溪區,,,,無年齡維度,0.0,男,遷入,高雄市,0
110,6,26,平溪區,,,,無年齡維度,0.0,女,遷出,migrants,3
110,6,26,平溪區,,,,無年齡維度,0.0,男,遷出,migrants,1
110,6,26,平溪區,,,,無年齡維度,0.0,女,遷出,other,0
110,6,26,平溪區,,,,無年齡維度,0.0,男,遷出,other,0
110,6,26,平溪區,,,,無年齡維度,0.0,女,遷出,其他縣市,0
110,6,26,平溪區,,,,無年齡維度,0.0,男,遷出,其他縣市,0
110,6,26,平溪區,,,,無年齡維度,0.0,女,遷出,其他鄉鎮,2
110,6,26,平溪區,,,,無年齡維度,0.0,男,遷出,其他鄉鎮,4
110,6,26,平溪區,,,,無年齡維度,0.0,女,遷出,合計,5
110,6,26,平溪區,,,,無年齡維度,0.0,男,遷出,合計,7
110,6,26,平溪區,,,,無年齡維度,0.0,女,遷出,國外,1
110,6,26,平溪區,,,,無年齡維度,0.0,男,遷出,國外,0
110,6,26,平溪區,,,,無年齡維度,0.0,女,遷出,新北市內,0
110,6,26,平溪區,,,,無年齡維度,0.0,男,遷出,新北市內,0
110,6,26,平溪區,,,,無年齡維度,0.0,女,遷出,桃園市,0
110,6,26,平溪區,,,,無年齡維度,0.0,男,遷出,桃園市,1
110,6,26,平溪區,,,,無年齡維度,0.0,女,遷出,福建省,0
110,6,26,平溪區,,,,無年齡維度,0.0,男,遷出,福建省,0
110,6,26,平溪區,,,,無年齡維度,0.0,女,遷出,臺中市,0
110,6,26,平溪區,,,,無年齡維度,0.0,男,遷出,臺中市,0
110,6,26,平溪區,,,,無年齡維度,0.0,女,遷出,臺北市,0
110,6,26,平溪區,,,,無年齡維度,0.0,男,遷出,臺北市,1
110,6,26,平溪區,,,,無年齡維度,0.0,女,遷出,臺南市,0
110,6,26,平溪區,,,,無年齡維度,0.0,男,遷出,臺南市,0
110,6,26,平溪區,,,,無年齡維度,0.0,女,遷出,臺灣省,2
110,6,26,平溪區,,,,無年齡維度,0.0,男,遷出,臺灣省,1
110,6,26,平溪區,,,,無年齡維度,0.0,女,遷出,高雄市,0
110,6,26,平溪區,,,,無年齡維度,0.0,男,遷出,高雄市,0
110,6,27,雙溪區,,,,無年齡維度,0.0,女,遷入,migrants,14
110,6,27,雙溪區,,,,無年齡維度,0.0,男,遷入,migrants,11
110,6,27,雙溪區,,,,無年齡維度,0.0,女,遷入,other,0
110,6,27,雙溪區,,,,無年齡維度,0.0,男,遷入,other,0
110,6,27,雙溪區,,,,無年齡維度,0.0,女,遷入,其他縣市,0
110,6,27,雙溪區,,,,無年齡維度,0.0,男,遷入,其他縣市,0
110,6,27,雙溪區,,,,無年齡維度,0.0,女,遷入,其他鄉鎮,11
110,6,27,雙溪區,,,,無年齡維度,0.0,男,遷入,其他鄉鎮,9
110,6,27,雙溪區,,,,無年齡維度,0.0,女,遷入,合計,18
110,6,27,雙溪區,,,,無年齡維度,0.0,男,遷入,合計,16
110,6,27,雙溪區,,,,無年齡維度,0.0,女,遷入,國外,0
110,6,27,雙溪區,,,,無年齡維度,0.0,男,遷入,國外,0
110,6,27,雙溪區,,,,無年齡維度,0.0,女,遷入,新北市內,0
110,6,27,雙溪區,,,,無年齡維度,0.0,男,遷入,新北市內,0
110,6,27,雙溪區,,,,無年齡維度,0.0,女,遷入,桃園市,0
110,6,27,雙溪區,,,,無年齡維度,0.0,男,遷入,桃園市,1
110,6,27,雙溪區,,,,無年齡維度,0.0,女,遷入,福建省,0
110,6,27,雙溪區,,,,無年齡維度,0.0,男,遷入,福建省,0
110,6,27,雙溪區,,,,無年齡維度,0.0,女,遷入,臺中市,0
110,6,27,雙溪區,,,,無年齡維度,0.0,男,遷入,臺中市,2
110,6,27,雙溪區,,,,無年齡維度,0.0,女,遷入,臺北市,3
110,6,27,雙溪區,,,,無年齡維度,0.0,男,遷入,臺北市,0
110,6,27,雙溪區,,,,無年齡維度,0.0,女,遷入,臺南市,0
110,6,27,雙溪區,,,,無年齡維度,0.0,男,遷入,臺南市,1
110,6,27,雙溪區,,,,無年齡維度,0.0,女,遷入,臺灣省,3
110,6,27,雙溪區,,,,無年齡維度,0.0,男,遷入,臺灣省,3
110,6,27,雙溪區,,,,無年齡維度,0.0,女,遷入,高雄市,1
110,6,27,雙溪區,,,,無年齡維度,0.0,男,遷入,高雄市,0
110,6,27,雙溪區,,,,無年齡維度,0.0,女,遷出,migrants,14
110,6,27,雙溪區,,,,無年齡維度,0.0,男,遷出,migrants,11
110,6,27,雙溪區,,,,無年齡維度,0.0,女,遷出,other,0
110,6,27,雙溪區,,,,無年齡維度,0.0,男,遷出,other,0
110,6,27,雙溪區,,,,無年齡維度,0.0,女,遷出,其他縣市,0
110,6,27,雙溪區,,,,無年齡維度,0.0,男,遷出,其他縣市,0
110,6,27,雙溪區,,,,無年齡維度,0.0,女,遷出,其他鄉鎮,9
110,6,27,雙溪區,,,,無年齡維度,0.0,男,遷出,其他鄉鎮,8
110,6,27,雙溪區,,,,無年齡維度,0.0,女,遷出,合計,22
110,6,27,雙溪區,,,,無年齡維度,0.0,男,遷出,合計,20
110,6,27,雙溪區,,,,無年齡維度,0.0,女,遷出,國外,3
110,6,27,雙溪區,,,,無年齡維度,0.0,男,遷出,國外,0
110,6,27,雙溪區,,,,無年齡維度,0.0,女,遷出,新北市內,0
110,6,27,雙溪區,,,,無年齡維度,0.0,男,遷出,新北市內,0
110,6,27,雙溪區,,,,無年齡維度,0.0,女,遷出,桃園市,1
110,6,27,雙溪區,,,,無年齡維度,0.0,男,遷出,桃園市,4
110,6,27,雙溪區,,,,無年齡維度,0.0,女,遷出,福建省,0
110,6,27,雙溪區,,,,無年齡維度,0.0,男,遷出,福建省,0
110,6,27,雙溪區,,,,無年齡維度,0.0,女,遷出,臺中市,0
110,6,27,雙溪區,,,,無年齡維度,0.0,男,遷出,臺中市,0
110,6,27,雙溪區,,,,無年齡維度,0.0,女,遷出,臺北市,4
110,6,27,雙溪區,,,,無年齡維度,0.0,男,遷出,臺北市,3
110,6,27,雙溪區,,,,無年齡維度,0.0,女,遷出,臺南市,0
110,6,27,雙溪區,,,,無年齡維度,0.0,男,遷出,臺南市,0
110,6,27,雙溪區,,,,無年齡維度,0.0,女,遷出,臺灣省,5
110,6,27,雙溪區,,,,無年齡維度,0.0,男,遷出,臺灣省,5
110,6,27,雙溪區,,,,無年齡維度,0.0,女,遷出,高雄市,0
110,6,27,雙溪區,,,,無年齡維度,0.0,男,遷出,高雄市,0
110,6,28,貢寮區,,,,無年齡維度,0.0,女,遷入,migrants,15
110,6,28,貢寮區,,,,無年齡維度,0.0,男,遷入,migrants,9
110,6,28,貢寮區,,,,無年齡維度,0.0,女,遷入,other,0
110,6,28,貢寮區,,,,無年齡維度,0.0,男,遷入,other,0
110,6,28,貢寮區,,,,無年齡維度,0.0,女,遷入,其他縣市,0
110,6,28,貢寮區,,,,無年齡維度,0.0,男,遷入,其他縣市,0
110,6,28,貢寮區,,,,無年齡維度,0.0,女,遷入,其他鄉鎮,8
110,6,28,貢寮區,,,,無年齡維度,0.0,男,遷入,其他鄉鎮,10
110,6,28,貢寮區,,,,無年齡維度,0.0,女,遷入,合計,26
110,6,28,貢寮區,,,,無年齡維度,0.0,男,遷入,合計,23
110,6,28,貢寮區,,,,無年齡維度,0.0,女,遷入,國外,1
110,6,28,貢寮區,,,,無年齡維度,0.0,男,遷入,國外,1
110,6,28,貢寮區,,,,無年齡維度,0.0,女,遷入,新北市內,0
110,6,28,貢寮區,,,,無年齡維度,0.0,男,遷入,新北市內,0
110,6,28,貢寮區,,,,無年齡維度,0.0,女,遷入,桃園市,1
110,6,28,貢寮區,,,,無年齡維度,0.0,男,遷入,桃園市,2
110,6,28,貢寮區,,,,無年齡維度,0.0,女,遷入,福建省,0
110,6,28,貢寮區,,,,無年齡維度,0.0,男,遷入,福建省,1
110,6,28,貢寮區,,,,無年齡維度,0.0,女,遷入,臺中市,1
110,6,28,貢寮區,,,,無年齡維度,0.0,男,遷入,臺中市,2
110,6,28,貢寮區,,,,無年齡維度,0.0,女,遷入,臺北市,1
110,6,28,貢寮區,,,,無年齡維度,0.0,男,遷入,臺北市,1
110,6,28,貢寮區,,,,無年齡維度,0.0,女,遷入,臺南市,0
110,6,28,貢寮區,,,,無年齡維度,0.0,男,遷入,臺南市,0
110,6,28,貢寮區,,,,無年齡維度,0.0,女,遷入,臺灣省,13
110,6,28,貢寮區,,,,無年齡維度,0.0,男,遷入,臺灣省,6
110,6,28,貢寮區,,,,無年齡維度,0.0,女,遷入,高雄市,1
110,6,28,貢寮區,,,,無年齡維度,0.0,男,遷入,高雄市,0
110,6,28,貢寮區,,,,無年齡維度,0.0,女,遷出,migrants,15
110,6,28,貢寮區,,,,無年齡維度,0.0,男,遷出,migrants,9
110,6,28,貢寮區,,,,無年齡維度,0.0,女,遷出,other,0
110,6,28,貢寮區,,,,無年齡維度,0.0,男,遷出,other,0
110,6,28,貢寮區,,,,無年齡維度,0.0,女,遷出,其他縣市,0
110,6,28,貢寮區,,,,無年齡維度,0.0,男,遷出,其他縣市,0
110,6,28,貢寮區,,,,無年齡維度,0.0,女,遷出,其他鄉鎮,10
110,6,28,貢寮區,,,,無年齡維度,0.0,男,遷出,其他鄉鎮,6
110,6,28,貢寮區,,,,無年齡維度,0.0,女,遷出,合計,33
110,6,28,貢寮區,,,,無年齡維度,0.0,男,遷出,合計,18
110,6,28,貢寮區,,,,無年齡維度,0.0,女,遷出,國外,5
110,6,28,貢寮區,,,,無年齡維度,0.0,男,遷出,國外,3
110,6,28,貢寮區,,,,無年齡維度,0.0,女,遷出,新北市內,0
110,6,28,貢寮區,,,,無年齡維度,0.0,男,遷出,新北市內,0
110,6,28,貢寮區,,,,無年齡維度,0.0,女,遷出,桃園市,1
110,6,28,貢寮區,,,,無年齡維度,0.0,男,遷出,桃園市,0
110,6,28,貢寮區,,,,無年齡維度,0.0,女,遷出,福建省,0
110,6,28,貢寮區,,,,無年齡維度,0.0,男,遷出,福建省,0
110,6,28,貢寮區,,,,無年齡維度,0.0,女,遷出,臺中市,2
110,6,28,貢寮區,,,,無年齡維度,0.0,男,遷出,臺中市,0
110,6,28,貢寮區,,,,無年齡維度,0.0,女,遷出,臺北市,3
110,6,28,貢寮區,,,,無年齡維度,0.0,男,遷出,臺北市,2
110,6,28,貢寮區,,,,無年齡維度,0.0,女,遷出,臺南市,0
110,6,28,貢寮區,,,,無年齡維度,0.0,男,遷出,臺南市,1
110,6,28,貢寮區,,,,無年齡維度,0.0,女,遷出,臺灣省,10
110,6,28,貢寮區,,,,無年齡維度,0.0,男,遷出,臺灣省,6
110,6,28,貢寮區,,,,無年齡維度,0.0,女,遷出,高雄市,2
110,6,28,貢寮區,,,,無年齡維度,0.0,男,遷出,高雄市,0
110,6,29,烏來區,,,,無年齡維度,0.0,女,遷入,migrants,9
110,6,29,烏來區,,,,無年齡維度,0.0,男,遷入,migrants,4
110,6,29,烏來區,,,,無年齡維度,0.0,女,遷入,other,0
110,6,29,烏來區,,,,無年齡維度,0.0,男,遷入,other,0
110,6,29,烏來區,,,,無年齡維度,0.0,女,遷入,其他縣市,0
110,6,29,烏來區,,,,無年齡維度,0.0,男,遷入,其他縣市,0
110,6,29,烏來區,,,,無年齡維度,0.0,女,遷入,其他鄉鎮,20
110,6,29,烏來區,,,,無年齡維度,0.0,男,遷入,其他鄉鎮,10
110,6,29,烏來區,,,,無年齡維度,0.0,女,遷入,合計,22
110,6,29,烏來區,,,,無年齡維度,0.0,男,遷入,合計,12
110,6,29,烏來區,,,,無年齡維度,0.0,女,遷入,國外,0
110,6,29,烏來區,,,,無年齡維度,0.0,男,遷入,國外,0
110,6,29,烏來區,,,,無年齡維度,0.0,女,遷入,新北市內,0
110,6,29,烏來區,,,,無年齡維度,0.0,男,遷入,新北市內,0
110,6,29,烏來區,,,,無年齡維度,0.0,女,遷入,桃園市,0
110,6,29,烏來區,,,,無年齡維度,0.0,男,遷入,桃園市,1
110,6,29,烏來區,,,,無年齡維度,0.0,女,遷入,福建省,0
110,6,29,烏來區,,,,無年齡維度,0.0,男,遷入,福建省,0
110,6,29,烏來區,,,,無年齡維度,0.0,女,遷入,臺中市,1
110,6,29,烏來區,,,,無年齡維度,0.0,男,遷入,臺中市,0
110,6,29,烏來區,,,,無年齡維度,0.0,女,遷入,臺北市,1
110,6,29,烏來區,,,,無年齡維度,0.0,男,遷入,臺北市,1
110,6,29,烏來區,,,,無年齡維度,0.0,女,遷入,臺南市,0
110,6,29,烏來區,,,,無年齡維度,0.0,男,遷入,臺南市,0
110,6,29,烏來區,,,,無年齡維度,0.0,女,遷入,臺灣省,0
110,6,29,烏來區,,,,無年齡維度,0.0,男,遷入,臺灣省,0
110,6,29,烏來區,,,,無年齡維度,0.0,女,遷入,高雄市,0
110,6,29,烏來區,,,,無年齡維度,0.0,男,遷入,高雄市,0
110,6,29,烏來區,,,,無年齡維度,0.0,女,遷出,migrants,9
110,6,29,烏來區,,,,無年齡維度,0.0,男,遷出,migrants,4
110,6,29,烏來區,,,,無年齡維度,0.0,女,遷出,other,0
110,6,29,烏來區,,,,無年齡維度,0.0,男,遷出,other,0
110,6,29,烏來區,,,,無年齡維度,0.0,女,遷出,其他縣市,0
110,6,29,烏來區,,,,無年齡維度,0.0,男,遷出,其他縣市,0
110,6,29,烏來區,,,,無年齡維度,0.0,女,遷出,其他鄉鎮,5
110,6,29,烏來區,,,,無年齡維度,0.0,男,遷出,其他鄉鎮,3
110,6,29,烏來區,,,,無年齡維度,0.0,女,遷出,合計,6
110,6,29,烏來區,,,,無年齡維度,0.0,男,遷出,合計,8
110,6,29,烏來區,,,,無年齡維度,0.0,女,遷出,國外,0
110,6,29,烏來區,,,,無年齡維度,0.0,男,遷出,國外,0
110,6,29,烏來區,,,,無年齡維度,0.0,女,遷出,新北市內,0
110,6,29,烏來區,,,,無年齡維度,0.0,男,遷出,新北市內,0
110,6,29,烏來區,,,,無年齡維度,0.0,女,遷出,桃園市,0
110,6,29,烏來區,,,,無年齡維度,0.0,男,遷出,桃園市,0
110,6,29,烏來區,,,,無年齡維度,0.0,女,遷出,福建省,0
110,6,29,烏來區,,,,無年齡維度,0.0,男,遷出,福建省,0
110,6,29,烏來區,,,,無年齡維度,0.0,女,遷出,臺中市,0
110,6,29,烏來區,,,,無年齡維度,0.0,男,遷出,臺中市,0
110,6,29,烏來區,,,,無年齡維度,0.0,女,遷出,臺北市,1
110,6,29,烏來區,,,,無年齡維度,0.0,男,遷出,臺北市,1
110,6,29,烏來區,,,,無年齡維度,0.0,女,遷出,臺南市,0
110,6,29,烏來區,,,,無年齡維度,0.0,男,遷出,臺南市,0
110,6,29,烏來區,,,,無年齡維度,0.0,女,遷出,臺灣省,0
110,6,29,烏來區,,,,無年齡維度,0.0,男,遷出,臺灣省,4
110,6,29,烏來區,,,,無年齡維度,0.0,女,遷出,高雄市,0
110,6,29,烏來區,,,,無年齡維度,0.0,男,遷出,高雄市,0
110,7,1,板橋區,,,,無年齡維度,0.0,女,遷入,migrants,641
110,7,1,板橋區,,,,無年齡維度,0.0,男,遷入,migrants,578
110,7,1,板橋區,,,,無年齡維度,0.0,女,遷入,other,0
110,7,1,板橋區,,,,無年齡維度,0.0,男,遷入,other,0
110,7,1,板橋區,,,,無年齡維度,0.0,女,遷入,其他縣市,0
110,7,1,板橋區,,,,無年齡維度,0.0,男,遷入,其他縣市,0
110,7,1,板橋區,,,,無年齡維度,0.0,女,遷入,其他鄉鎮,349
110,7,1,板橋區,,,,無年齡維度,0.0,男,遷入,其他鄉鎮,291
110,7,1,板橋區,,,,無年齡維度,0.0,女,遷入,合計,844
110,7,1,板橋區,,,,無年齡維度,0.0,男,遷入,合計,755
110,7,1,板橋區,,,,無年齡維度,0.0,女,遷入,國外,12
110,7,1,板橋區,,,,無年齡維度,0.0,男,遷入,國外,14
110,7,1,板橋區,,,,無年齡維度,0.0,女,遷入,新北市內,0
110,7,1,板橋區,,,,無年齡維度,0.0,男,遷入,新北市內,0
110,7,1,板橋區,,,,無年齡維度,0.0,女,遷入,桃園市,58
110,7,1,板橋區,,,,無年齡維度,0.0,男,遷入,桃園市,45
110,7,1,板橋區,,,,無年齡維度,0.0,女,遷入,福建省,6
110,7,1,板橋區,,,,無年齡維度,0.0,男,遷入,福建省,12
110,7,1,板橋區,,,,無年齡維度,0.0,女,遷入,臺中市,30
110,7,1,板橋區,,,,無年齡維度,0.0,男,遷入,臺中市,26
110,7,1,板橋區,,,,無年齡維度,0.0,女,遷入,臺北市,228
110,7,1,板橋區,,,,無年齡維度,0.0,男,遷入,臺北市,232
110,7,1,板橋區,,,,無年齡維度,0.0,女,遷入,臺南市,16
110,7,1,板橋區,,,,無年齡維度,0.0,男,遷入,臺南市,11
110,7,1,板橋區,,,,無年齡維度,0.0,女,遷入,臺灣省,111
110,7,1,板橋區,,,,無年齡維度,0.0,男,遷入,臺灣省,98
110,7,1,板橋區,,,,無年齡維度,0.0,女,遷入,高雄市,23
110,7,1,板橋區,,,,無年齡維度,0.0,男,遷入,高雄市,18
110,7,1,板橋區,,,,無年齡維度,0.0,女,遷出,migrants,641
110,7,1,板橋區,,,,無年齡維度,0.0,男,遷出,migrants,578
110,7,1,板橋區,,,,無年齡維度,0.0,女,遷出,other,0
110,7,1,板橋區,,,,無年齡維度,0.0,男,遷出,other,0
110,7,1,板橋區,,,,無年齡維度,0.0,女,遷出,其他縣市,0
110,7,1,板橋區,,,,無年齡維度,0.0,男,遷出,其他縣市,0
110,7,1,板橋區,,,,無年齡維度,0.0,女,遷出,其他鄉鎮,411
110,7,1,板橋區,,,,無年齡維度,0.0,男,遷出,其他鄉鎮,323
110,7,1,板橋區,,,,無年齡維度,0.0,女,遷出,合計,964
110,7,1,板橋區,,,,無年齡維度,0.0,男,遷出,合計,771
110,7,1,板橋區,,,,無年齡維度,0.0,女,遷出,國外,100
110,7,1,板橋區,,,,無年齡維度,0.0,男,遷出,國外,57
110,7,1,板橋區,,,,無年齡維度,0.0,女,遷出,新北市內,0
110,7,1,板橋區,,,,無年齡維度,0.0,男,遷出,新北市內,0
110,7,1,板橋區,,,,無年齡維度,0.0,女,遷出,桃園市,108
110,7,1,板橋區,,,,無年齡維度,0.0,男,遷出,桃園市,100
110,7,1,板橋區,,,,無年齡維度,0.0,女,遷出,福建省,5
110,7,1,板橋區,,,,無年齡維度,0.0,男,遷出,福建省,3
110,7,1,板橋區,,,,無年齡維度,0.0,女,遷出,臺中市,39
110,7,1,板橋區,,,,無年齡維度,0.0,男,遷出,臺中市,29
110,7,1,板橋區,,,,無年齡維度,0.0,女,遷出,臺北市,134
110,7,1,板橋區,,,,無年齡維度,0.0,男,遷出,臺北市,119
110,7,1,板橋區,,,,無年齡維度,0.0,女,遷出,臺南市,16
110,7,1,板橋區,,,,無年齡維度,0.0,男,遷出,臺南市,12
110,7,1,板橋區,,,,無年齡維度,0.0,女,遷出,臺灣省,130
110,7,1,板橋區,,,,無年齡維度,0.0,男,遷出,臺灣省,109
110,7,1,板橋區,,,,無年齡維度,0.0,女,遷出,高雄市,20
110,7,1,板橋區,,,,無年齡維度,0.0,男,遷出,高雄市,18
110,7,2,三重區,,,,無年齡維度,0.0,女,遷入,migrants,462
110,7,2,三重區,,,,無年齡維度,0.0,男,遷入,migrants,478
110,7,2,三重區,,,,無年齡維度,0.0,女,遷入,other,0
110,7,2,三重區,,,,無年齡維度,0.0,男,遷入,other,0
110,7,2,三重區,,,,無年齡維度,0.0,女,遷入,其他縣市,0
110,7,2,三重區,,,,無年齡維度,0.0,男,遷入,其他縣市,0
110,7,2,三重區,,,,無年齡維度,0.0,女,遷入,其他鄉鎮,227
110,7,2,三重區,,,,無年齡維度,0.0,男,遷入,其他鄉鎮,178
110,7,2,三重區,,,,無年齡維度,0.0,女,遷入,合計,648
110,7,2,三重區,,,,無年齡維度,0.0,男,遷入,合計,552
110,7,2,三重區,,,,無年齡維度,0.0,女,遷入,國外,5
110,7,2,三重區,,,,無年齡維度,0.0,男,遷入,國外,4
110,7,2,三重區,,,,無年齡維度,0.0,女,遷入,新北市內,0
110,7,2,三重區,,,,無年齡維度,0.0,男,遷入,新北市內,0
110,7,2,三重區,,,,無年齡維度,0.0,女,遷入,桃園市,22
110,7,2,三重區,,,,無年齡維度,0.0,男,遷入,桃園市,20
110,7,2,三重區,,,,無年齡維度,0.0,女,遷入,福建省,1
110,7,2,三重區,,,,無年齡維度,0.0,男,遷入,福建省,1
110,7,2,三重區,,,,無年齡維度,0.0,女,遷入,臺中市,17
110,7,2,三重區,,,,無年齡維度,0.0,男,遷入,臺中市,19
110,7,2,三重區,,,,無年齡維度,0.0,女,遷入,臺北市,286
110,7,2,三重區,,,,無年齡維度,0.0,男,遷入,臺北市,244
110,7,2,三重區,,,,無年齡維度,0.0,女,遷入,臺南市,6
110,7,2,三重區,,,,無年齡維度,0.0,男,遷入,臺南市,17
110,7,2,三重區,,,,無年齡維度,0.0,女,遷入,臺灣省,60
110,7,2,三重區,,,,無年齡維度,0.0,男,遷入,臺灣省,55
110,7,2,三重區,,,,無年齡維度,0.0,女,遷入,高雄市,12
110,7,2,三重區,,,,無年齡維度,0.0,男,遷入,高雄市,12
110,7,2,三重區,,,,無年齡維度,0.0,女,遷出,migrants,462
110,7,2,三重區,,,,無年齡維度,0.0,男,遷出,migrants,478
110,7,2,三重區,,,,無年齡維度,0.0,女,遷出,other,0
110,7,2,三重區,,,,無年齡維度,0.0,男,遷出,other,0
110,7,2,三重區,,,,無年齡維度,0.0,女,遷出,其他縣市,0
110,7,2,三重區,,,,無年齡維度,0.0,男,遷出,其他縣市,0
110,7,2,三重區,,,,無年齡維度,0.0,女,遷出,其他鄉鎮,301
110,7,2,三重區,,,,無年齡維度,0.0,男,遷出,其他鄉鎮,223
110,7,2,三重區,,,,無年齡維度,0.0,女,遷出,合計,856
110,7,2,三重區,,,,無年齡維度,0.0,男,遷出,合計,658
110,7,2,三重區,,,,無年齡維度,0.0,女,遷出,國外,165
110,7,2,三重區,,,,無年齡維度,0.0,男,遷出,國外,111
110,7,2,三重區,,,,無年齡維度,0.0,女,遷出,新北市內,0
110,7,2,三重區,,,,無年齡維度,0.0,男,遷出,新北市內,0
110,7,2,三重區,,,,無年齡維度,0.0,女,遷出,桃園市,77
110,7,2,三重區,,,,無年齡維度,0.0,男,遷出,桃園市,77
110,7,2,三重區,,,,無年齡維度,0.0,女,遷出,福建省,4
110,7,2,三重區,,,,無年齡維度,0.0,男,遷出,福建省,2
110,7,2,三重區,,,,無年齡維度,0.0,女,遷出,臺中市,27
110,7,2,三重區,,,,無年齡維度,0.0,男,遷出,臺中市,16
110,7,2,三重區,,,,無年齡維度,0.0,女,遷出,臺北市,176
110,7,2,三重區,,,,無年齡維度,0.0,男,遷出,臺北市,127
110,7,2,三重區,,,,無年齡維度,0.0,女,遷出,臺南市,8
110,7,2,三重區,,,,無年齡維度,0.0,男,遷出,臺南市,10
110,7,2,三重區,,,,無年齡維度,0.0,女,遷出,臺灣省,78
110,7,2,三重區,,,,無年齡維度,0.0,男,遷出,臺灣省,77
110,7,2,三重區,,,,無年齡維度,0.0,女,遷出,高雄市,20
110,7,2,三重區,,,,無年齡維度,0.0,男,遷出,高雄市,15
110,7,3,中和區,,,,無年齡維度,0.0,女,遷入,migrants,408
110,7,3,中和區,,,,無年齡維度,0.0,男,遷入,migrants,372
110,7,3,中和區,,,,無年齡維度,0.0,女,遷入,other,0
110,7,3,中和區,,,,無年齡維度,0.0,男,遷入,other,0
110,7,3,中和區,,,,無年齡維度,0.0,女,遷入,其他縣市,0
110,7,3,中和區,,,,無年齡維度,0.0,男,遷入,其他縣市,0
110,7,3,中和區,,,,無年齡維度,0.0,女,遷入,其他鄉鎮,372
110,7,3,中和區,,,,無年齡維度,0.0,男,遷入,其他鄉鎮,310
110,7,3,中和區,,,,無年齡維度,0.0,女,遷入,合計,760
110,7,3,中和區,,,,無年齡維度,0.0,男,遷入,合計,712
110,7,3,中和區,,,,無年齡維度,0.0,女,遷入,國外,18
110,7,3,中和區,,,,無年齡維度,0.0,男,遷入,國外,21
110,7,3,中和區,,,,無年齡維度,0.0,女,遷入,新北市內,0
110,7,3,中和區,,,,無年齡維度,0.0,男,遷入,新北市內,0
110,7,3,中和區,,,,無年齡維度,0.0,女,遷入,桃園市,37
110,7,3,中和區,,,,無年齡維度,0.0,男,遷入,桃園市,28
110,7,3,中和區,,,,無年齡維度,0.0,女,遷入,福建省,7
110,7,3,中和區,,,,無年齡維度,0.0,男,遷入,福建省,6
110,7,3,中和區,,,,無年齡維度,0.0,女,遷入,臺中市,18
110,7,3,中和區,,,,無年齡維度,0.0,男,遷入,臺中市,17
110,7,3,中和區,,,,無年齡維度,0.0,女,遷入,臺北市,208
110,7,3,中和區,,,,無年齡維度,0.0,男,遷入,臺北市,241
110,7,3,中和區,,,,無年齡維度,0.0,女,遷入,臺南市,14
110,7,3,中和區,,,,無年齡維度,0.0,男,遷入,臺南市,10
110,7,3,中和區,,,,無年齡維度,0.0,女,遷入,臺灣省,63
110,7,3,中和區,,,,無年齡維度,0.0,男,遷入,臺灣省,57
110,7,3,中和區,,,,無年齡維度,0.0,女,遷入,高雄市,16
110,7,3,中和區,,,,無年齡維度,0.0,男,遷入,高雄市,15
110,7,3,中和區,,,,無年齡維度,0.0,女,遷出,migrants,408
110,7,3,中和區,,,,無年齡維度,0.0,男,遷出,migrants,372
110,7,3,中和區,,,,無年齡維度,0.0,女,遷出,other,0
110,7,3,中和區,,,,無年齡維度,0.0,男,遷出,other,0
110,7,3,中和區,,,,無年齡維度,0.0,女,遷出,其他縣市,0
110,7,3,中和區,,,,無年齡維度,0.0,男,遷出,其他縣市,0
110,7,3,中和區,,,,無年齡維度,0.0,女,遷出,其他鄉鎮,391
110,7,3,中和區,,,,無年齡維度,0.0,男,遷出,其他鄉鎮,291
110,7,3,中和區,,,,無年齡維度,0.0,女,遷出,合計,1097
110,7,3,中和區,,,,無年齡維度,0.0,男,遷出,合計,852
110,7,3,中和區,,,,無年齡維度,0.0,女,遷出,國外,346
110,7,3,中和區,,,,無年齡維度,0.0,男,遷出,國外,242
110,7,3,中和區,,,,無年齡維度,0.0,女,遷出,新北市內,0
110,7,3,中和區,,,,無年齡維度,0.0,男,遷出,新北市內,0
110,7,3,中和區,,,,無年齡維度,0.0,女,遷出,桃園市,59
110,7,3,中和區,,,,無年齡維度,0.0,男,遷出,桃園市,58
110,7,3,中和區,,,,無年齡維度,0.0,女,遷出,福建省,8
110,7,3,中和區,,,,無年齡維度,0.0,男,遷出,福建省,10
110,7,3,中和區,,,,無年齡維度,0.0,女,遷出,臺中市,20
110,7,3,中和區,,,,無年齡維度,0.0,男,遷出,臺中市,25
110,7,3,中和區,,,,無年齡維度,0.0,女,遷出,臺北市,140
110,7,3,中和區,,,,無年齡維度,0.0,男,遷出,臺北市,85
110,7,3,中和區,,,,無年齡維度,0.0,女,遷出,臺南市,10
110,7,3,中和區,,,,無年齡維度,0.0,男,遷出,臺南市,19
110,7,3,中和區,,,,無年齡維度,0.0,女,遷出,臺灣省,106
110,7,3,中和區,,,,無年齡維度,0.0,男,遷出,臺灣省,111
110,7,3,中和區,,,,無年齡維度,0.0,女,遷出,高雄市,17
110,7,3,中和區,,,,無年齡維度,0.0,男,遷出,高雄市,9
110,7,4,永和區,,,,無年齡維度,0.0,女,遷入,migrants,151
110,7,4,永和區,,,,無年齡維度,0.0,男,遷入,migrants,154
110,7,4,永和區,,,,無年齡維度,0.0,女,遷入,other,0
110,7,4,永和區,,,,無年齡維度,0.0,男,遷入,other,0
110,7,4,永和區,,,,無年齡維度,0.0,女,遷入,其他縣市,0
110,7,4,永和區,,,,無年齡維度,0.0,男,遷入,其他縣市,0
110,7,4,永和區,,,,無年齡維度,0.0,女,遷入,其他鄉鎮,172
110,7,4,永和區,,,,無年齡維度,0.0,男,遷入,其他鄉鎮,109
110,7,4,永和區,,,,無年齡維度,0.0,女,遷入,合計,367
110,7,4,永和區,,,,無年齡維度,0.0,男,遷入,合計,285
110,7,4,永和區,,,,無年齡維度,0.0,女,遷入,國外,6
110,7,4,永和區,,,,無年齡維度,0.0,男,遷入,國外,6
110,7,4,永和區,,,,無年齡維度,0.0,女,遷入,新北市內,0
110,7,4,永和區,,,,無年齡維度,0.0,男,遷入,新北市內,0
110,7,4,永和區,,,,無年齡維度,0.0,女,遷入,桃園市,16
110,7,4,永和區,,,,無年齡維度,0.0,男,遷入,桃園市,7
110,7,4,永和區,,,,無年齡維度,0.0,女,遷入,福建省,4
110,7,4,永和區,,,,無年齡維度,0.0,男,遷入,福建省,4
110,7,4,永和區,,,,無年齡維度,0.0,女,遷入,臺中市,9
110,7,4,永和區,,,,無年齡維度,0.0,男,遷入,臺中市,3
110,7,4,永和區,,,,無年齡維度,0.0,女,遷入,臺北市,119
110,7,4,永和區,,,,無年齡維度,0.0,男,遷入,臺北市,106
110,7,4,永和區,,,,無年齡維度,0.0,女,遷入,臺南市,0
110,7,4,永和區,,,,無年齡維度,0.0,男,遷入,臺南市,4
110,7,4,永和區,,,,無年齡維度,0.0,女,遷入,臺灣省,27
110,7,4,永和區,,,,無年齡維度,0.0,男,遷入,臺灣省,39
110,7,4,永和區,,,,無年齡維度,0.0,女,遷入,高雄市,12
110,7,4,永和區,,,,無年齡維度,0.0,男,遷入,高雄市,6
110,7,4,永和區,,,,無年齡維度,0.0,女,遷出,migrants,151
110,7,4,永和區,,,,無年齡維度,0.0,男,遷出,migrants,154
110,7,4,永和區,,,,無年齡維度,0.0,女,遷出,other,0
110,7,4,永和區,,,,無年齡維度,0.0,男,遷出,other,0
110,7,4,永和區,,,,無年齡維度,0.0,女,遷出,其他縣市,0
110,7,4,永和區,,,,無年齡維度,0.0,男,遷出,其他縣市,0
110,7,4,永和區,,,,無年齡維度,0.0,女,遷出,其他鄉鎮,256
110,7,4,永和區,,,,無年齡維度,0.0,男,遷出,其他鄉鎮,230
110,7,4,永和區,,,,無年齡維度,0.0,女,遷出,合計,518
110,7,4,永和區,,,,無年齡維度,0.0,男,遷出,合計,443
110,7,4,永和區,,,,無年齡維度,0.0,女,遷出,國外,55
110,7,4,永和區,,,,無年齡維度,0.0,男,遷出,國外,40
110,7,4,永和區,,,,無年齡維度,0.0,女,遷出,新北市內,0
110,7,4,永和區,,,,無年齡維度,0.0,男,遷出,新北市內,0
110,7,4,永和區,,,,無年齡維度,0.0,女,遷出,桃園市,36
110,7,4,永和區,,,,無年齡維度,0.0,男,遷出,桃園市,28
110,7,4,永和區,,,,無年齡維度,0.0,女,遷出,福建省,5
110,7,4,永和區,,,,無年齡維度,0.0,男,遷出,福建省,6
110,7,4,永和區,,,,無年齡維度,0.0,女,遷出,臺中市,11
110,7,4,永和區,,,,無年齡維度,0.0,男,遷出,臺中市,7
110,7,4,永和區,,,,無年齡維度,0.0,女,遷出,臺北市,89
110,7,4,永和區,,,,無年齡維度,0.0,男,遷出,臺北市,67
110,7,4,永和區,,,,無年齡維度,0.0,女,遷出,臺南市,9
110,7,4,永和區,,,,無年齡維度,0.0,男,遷出,臺南市,8
110,7,4,永和區,,,,無年齡維度,0.0,女,遷出,臺灣省,48
110,7,4,永和區,,,,無年齡維度,0.0,男,遷出,臺灣省,50
110,7,4,永和區,,,,無年齡維度,0.0,女,遷出,高雄市,9
110,7,4,永和區,,,,無年齡維度,0.0,男,遷出,高雄市,6
110,7,5,新莊區,,,,無年齡維度,0.0,女,遷入,migrants,672
110,7,5,新莊區,,,,無年齡維度,0.0,男,遷入,migrants,579
110,7,5,新莊區,,,,無年齡維度,0.0,女,遷入,other,0
110,7,5,新莊區,,,,無年齡維度,0.0,男,遷入,other,0
110,7,5,新莊區,,,,無年齡維度,0.0,女,遷入,其他縣市,0
110,7,5,新莊區,,,,無年齡維度,0.0,男,遷入,其他縣市,0
110,7,5,新莊區,,,,無年齡維度,0.0,女,遷入,其他鄉鎮,339
110,7,5,新莊區,,,,無年齡維度,0.0,男,遷入,其他鄉鎮,249
110,7,5,新莊區,,,,無年齡維度,0.0,女,遷入,合計,732
110,7,5,新莊區,,,,無年齡維度,0.0,男,遷入,合計,590
110,7,5,新莊區,,,,無年齡維度,0.0,女,遷入,國外,13
110,7,5,新莊區,,,,無年齡維度,0.0,男,遷入,國外,7
110,7,5,新莊區,,,,無年齡維度,0.0,女,遷入,新北市內,0
110,7,5,新莊區,,,,無年齡維度,0.0,男,遷入,新北市內,0
110,7,5,新莊區,,,,無年齡維度,0.0,女,遷入,桃園市,75
110,7,5,新莊區,,,,無年齡維度,0.0,男,遷入,桃園市,58
110,7,5,新莊區,,,,無年齡維度,0.0,女,遷入,福建省,2
110,7,5,新莊區,,,,無年齡維度,0.0,男,遷入,福建省,1
110,7,5,新莊區,,,,無年齡維度,0.0,女,遷入,臺中市,12
110,7,5,新莊區,,,,無年齡維度,0.0,男,遷入,臺中市,14
110,7,5,新莊區,,,,無年齡維度,0.0,女,遷入,臺北市,169
110,7,5,新莊區,,,,無年齡維度,0.0,男,遷入,臺北市,142
110,7,5,新莊區,,,,無年齡維度,0.0,女,遷入,臺南市,18
110,7,5,新莊區,,,,無年齡維度,0.0,男,遷入,臺南市,11
110,7,5,新莊區,,,,無年齡維度,0.0,女,遷入,臺灣省,76
110,7,5,新莊區,,,,無年齡維度,0.0,男,遷入,臺灣省,86
110,7,5,新莊區,,,,無年齡維度,0.0,女,遷入,高雄市,19
110,7,5,新莊區,,,,無年齡維度,0.0,男,遷入,高雄市,16
110,7,5,新莊區,,,,無年齡維度,0.0,女,遷出,migrants,672
110,7,5,新莊區,,,,無年齡維度,0.0,男,遷出,migrants,579
110,7,5,新莊區,,,,無年齡維度,0.0,女,遷出,other,0
110,7,5,新莊區,,,,無年齡維度,0.0,男,遷出,other,0
110,7,5,新莊區,,,,無年齡維度,0.0,女,遷出,其他縣市,0
110,7,5,新莊區,,,,無年齡維度,0.0,男,遷出,其他縣市,0
110,7,5,新莊區,,,,無年齡維度,0.0,女,遷出,其他鄉鎮,281
110,7,5,新莊區,,,,無年齡維度,0.0,男,遷出,其他鄉鎮,241
110,7,5,新莊區,,,,無年齡維度,0.0,女,遷出,合計,810
110,7,5,新莊區,,,,無年齡維度,0.0,男,遷出,合計,708
110,7,5,新莊區,,,,無年齡維度,0.0,女,遷出,國外,173
110,7,5,新莊區,,,,無年齡維度,0.0,男,遷出,國外,136
110,7,5,新莊區,,,,無年齡維度,0.0,女,遷出,新北市內,0
110,7,5,新莊區,,,,無年齡維度,0.0,男,遷出,新北市內,0
110,7,5,新莊區,,,,無年齡維度,0.0,女,遷出,桃園市,143
110,7,5,新莊區,,,,無年齡維度,0.0,男,遷出,桃園市,119
110,7,5,新莊區,,,,無年齡維度,0.0,女,遷出,福建省,6
110,7,5,新莊區,,,,無年齡維度,0.0,男,遷出,福建省,7
110,7,5,新莊區,,,,無年齡維度,0.0,女,遷出,臺中市,25
110,7,5,新莊區,,,,無年齡維度,0.0,男,遷出,臺中市,23
110,7,5,新莊區,,,,無年齡維度,0.0,女,遷出,臺北市,74
110,7,5,新莊區,,,,無年齡維度,0.0,男,遷出,臺北市,65
110,7,5,新莊區,,,,無年齡維度,0.0,女,遷出,臺南市,15
110,7,5,新莊區,,,,無年齡維度,0.0,男,遷出,臺南市,13
110,7,5,新莊區,,,,無年齡維度,0.0,女,遷出,臺灣省,77
110,7,5,新莊區,,,,無年齡維度,0.0,男,遷出,臺灣省,95
110,7,5,新莊區,,,,無年齡維度,0.0,女,遷出,高雄市,16
110,7,5,新莊區,,,,無年齡維度,0.0,男,遷出,高雄市,9
110,7,6,新店區,,,,無年齡維度,0.0,女,遷入,migrants,377
110,7,6,新店區,,,,無年齡維度,0.0,男,遷入,migrants,316
110,7,6,新店區,,,,無年齡維度,0.0,女,遷入,other,0
110,7,6,新店區,,,,無年齡維度,0.0,男,遷入,other,0
110,7,6,新店區,,,,無年齡維度,0.0,女,遷入,其他縣市,0
110,7,6,新店區,,,,無年齡維度,0.0,男,遷入,其他縣市,0
110,7,6,新店區,,,,無年齡維度,0.0,女,遷入,其他鄉鎮,166
110,7,6,新店區,,,,無年齡維度,0.0,男,遷入,其他鄉鎮,144
110,7,6,新店區,,,,無年齡維度,0.0,女,遷入,合計,598
110,7,6,新店區,,,,無年齡維度,0.0,男,遷入,合計,509
110,7,6,新店區,,,,無年齡維度,0.0,女,遷入,國外,7
110,7,6,新店區,,,,無年齡維度,0.0,男,遷入,國外,17
110,7,6,新店區,,,,無年齡維度,0.0,女,遷入,新北市內,0
110,7,6,新店區,,,,無年齡維度,0.0,男,遷入,新北市內,0
110,7,6,新店區,,,,無年齡維度,0.0,女,遷入,桃園市,19
110,7,6,新店區,,,,無年齡維度,0.0,男,遷入,桃園市,19
110,7,6,新店區,,,,無年齡維度,0.0,女,遷入,福建省,3
110,7,6,新店區,,,,無年齡維度,0.0,男,遷入,福建省,8
110,7,6,新店區,,,,無年齡維度,0.0,女,遷入,臺中市,15
110,7,6,新店區,,,,無年齡維度,0.0,男,遷入,臺中市,8
110,7,6,新店區,,,,無年齡維度,0.0,女,遷入,臺北市,286
110,7,6,新店區,,,,無年齡維度,0.0,男,遷入,臺北市,233
110,7,6,新店區,,,,無年齡維度,0.0,女,遷入,臺南市,6
110,7,6,新店區,,,,無年齡維度,0.0,男,遷入,臺南市,6
110,7,6,新店區,,,,無年齡維度,0.0,女,遷入,臺灣省,76
110,7,6,新店區,,,,無年齡維度,0.0,男,遷入,臺灣省,55
110,7,6,新店區,,,,無年齡維度,0.0,女,遷入,高雄市,12
110,7,6,新店區,,,,無年齡維度,0.0,男,遷入,高雄市,13
110,7,6,新店區,,,,無年齡維度,0.0,女,遷出,migrants,377
110,7,6,新店區,,,,無年齡維度,0.0,男,遷出,migrants,316
110,7,6,新店區,,,,無年齡維度,0.0,女,遷出,other,0
110,7,6,新店區,,,,無年齡維度,0.0,男,遷出,other,0
110,7,6,新店區,,,,無年齡維度,0.0,女,遷出,其他縣市,0
110,7,6,新店區,,,,無年齡維度,0.0,男,遷出,其他縣市,0
110,7,6,新店區,,,,無年齡維度,0.0,女,遷出,其他鄉鎮,158
110,7,6,新店區,,,,無年齡維度,0.0,男,遷出,其他鄉鎮,130
110,7,6,新店區,,,,無年齡維度,0.0,女,遷出,合計,762
110,7,6,新店區,,,,無年齡維度,0.0,男,遷出,合計,622
110,7,6,新店區,,,,無年齡維度,0.0,女,遷出,國外,298
110,7,6,新店區,,,,無年齡維度,0.0,男,遷出,國外,254
110,7,6,新店區,,,,無年齡維度,0.0,女,遷出,新北市內,0
110,7,6,新店區,,,,無年齡維度,0.0,男,遷出,新北市內,0
110,7,6,新店區,,,,無年齡維度,0.0,女,遷出,桃園市,26
110,7,6,新店區,,,,無年齡維度,0.0,男,遷出,桃園市,29
110,7,6,新店區,,,,無年齡維度,0.0,女,遷出,福建省,3
110,7,6,新店區,,,,無年齡維度,0.0,男,遷出,福建省,7
110,7,6,新店區,,,,無年齡維度,0.0,女,遷出,臺中市,19
110,7,6,新店區,,,,無年齡維度,0.0,男,遷出,臺中市,14
110,7,6,新店區,,,,無年齡維度,0.0,女,遷出,臺北市,165
110,7,6,新店區,,,,無年齡維度,0.0,男,遷出,臺北市,119
110,7,6,新店區,,,,無年齡維度,0.0,女,遷出,臺南市,6
110,7,6,新店區,,,,無年齡維度,0.0,男,遷出,臺南市,8
110,7,6,新店區,,,,無年齡維度,0.0,女,遷出,臺灣省,69
110,7,6,新店區,,,,無年齡維度,0.0,男,遷出,臺灣省,50
110,7,6,新店區,,,,無年齡維度,0.0,女,遷出,高雄市,18
110,7,6,新店區,,,,無年齡維度,0.0,男,遷出,高雄市,11
110,7,7,土城區,,,,無年齡維度,0.0,女,遷入,migrants,192
110,7,7,土城區,,,,無年齡維度,0.0,男,遷入,migrants,181
110,7,7,土城區,,,,無年齡維度,0.0,女,遷入,other,0
110,7,7,土城區,,,,無年齡維度,0.0,男,遷入,other,0
110,7,7,土城區,,,,無年齡維度,0.0,女,遷入,其他縣市,0
110,7,7,土城區,,,,無年齡維度,0.0,男,遷入,其他縣市,0
110,7,7,土城區,,,,無年齡維度,0.0,女,遷入,其他鄉鎮,156
110,7,7,土城區,,,,無年齡維度,0.0,男,遷入,其他鄉鎮,141
110,7,7,土城區,,,,無年齡維度,0.0,女,遷入,合計,278
110,7,7,土城區,,,,無年齡維度,0.0,男,遷入,合計,259
110,7,7,土城區,,,,無年齡維度,0.0,女,遷入,國外,3
110,7,7,土城區,,,,無年齡維度,0.0,男,遷入,國外,4
110,7,7,土城區,,,,無年齡維度,0.0,女,遷入,新北市內,0
110,7,7,土城區,,,,無年齡維度,0.0,男,遷入,新北市內,0
110,7,7,土城區,,,,無年齡維度,0.0,女,遷入,桃園市,29
110,7,7,土城區,,,,無年齡維度,0.0,男,遷入,桃園市,29
110,7,7,土城區,,,,無年齡維度,0.0,女,遷入,福建省,2
110,7,7,土城區,,,,無年齡維度,0.0,男,遷入,福建省,2
110,7,7,土城區,,,,無年齡維度,0.0,女,遷入,臺中市,6
110,7,7,土城區,,,,無年齡維度,0.0,男,遷入,臺中市,1
110,7,7,土城區,,,,無年齡維度,0.0,女,遷入,臺北市,33
110,7,7,土城區,,,,無年齡維度,0.0,男,遷入,臺北市,33
110,7,7,土城區,,,,無年齡維度,0.0,女,遷入,臺南市,3
110,7,7,土城區,,,,無年齡維度,0.0,男,遷入,臺南市,4
110,7,7,土城區,,,,無年齡維度,0.0,女,遷入,臺灣省,35
110,7,7,土城區,,,,無年齡維度,0.0,男,遷入,臺灣省,37
110,7,7,土城區,,,,無年齡維度,0.0,女,遷入,高雄市,4
110,7,7,土城區,,,,無年齡維度,0.0,男,遷入,高雄市,5
110,7,7,土城區,,,,無年齡維度,0.0,女,遷出,migrants,192
110,7,7,土城區,,,,無年齡維度,0.0,男,遷出,migrants,181
110,7,7,土城區,,,,無年齡維度,0.0,女,遷出,other,0
110,7,7,土城區,,,,無年齡維度,0.0,男,遷出,other,0
110,7,7,土城區,,,,無年齡維度,0.0,女,遷出,其他縣市,0
110,7,7,土城區,,,,無年齡維度,0.0,男,遷出,其他縣市,0
110,7,7,土城區,,,,無年齡維度,0.0,女,遷出,其他鄉鎮,180
110,7,7,土城區,,,,無年齡維度,0.0,男,遷出,其他鄉鎮,145
110,7,7,土城區,,,,無年齡維度,0.0,女,遷出,合計,400
110,7,7,土城區,,,,無年齡維度,0.0,男,遷出,合計,311
110,7,7,土城區,,,,無年齡維度,0.0,女,遷出,國外,70
110,7,7,土城區,,,,無年齡維度,0.0,男,遷出,國外,48
110,7,7,土城區,,,,無年齡維度,0.0,女,遷出,新北市內,0
110,7,7,土城區,,,,無年齡維度,0.0,男,遷出,新北市內,0
110,7,7,土城區,,,,無年齡維度,0.0,女,遷出,桃園市,61
110,7,7,土城區,,,,無年齡維度,0.0,男,遷出,桃園市,52
110,7,7,土城區,,,,無年齡維度,0.0,女,遷出,福建省,2
110,7,7,土城區,,,,無年齡維度,0.0,男,遷出,福建省,1
110,7,7,土城區,,,,無年齡維度,0.0,女,遷出,臺中市,8
110,7,7,土城區,,,,無年齡維度,0.0,男,遷出,臺中市,11
110,7,7,土城區,,,,無年齡維度,0.0,女,遷出,臺北市,27
110,7,7,土城區,,,,無年齡維度,0.0,男,遷出,臺北市,16
110,7,7,土城區,,,,無年齡維度,0.0,女,遷出,臺南市,5
110,7,7,土城區,,,,無年齡維度,0.0,男,遷出,臺南市,1
110,7,7,土城區,,,,無年齡維度,0.0,女,遷出,臺灣省,41
110,7,7,土城區,,,,無年齡維度,0.0,男,遷出,臺灣省,32
110,7,7,土城區,,,,無年齡維度,0.0,女,遷出,高雄市,5
110,7,7,土城區,,,,無年齡維度,0.0,男,遷出,高雄市,5
110,7,8,蘆洲區,,,,無年齡維度,0.0,女,遷入,migrants,137
110,7,8,蘆洲區,,,,無年齡維度,0.0,男,遷入,migrants,93
110,7,8,蘆洲區,,,,無年齡維度,0.0,女,遷入,other,0
110,7,8,蘆洲區,,,,無年齡維度,0.0,男,遷入,other,0
110,7,8,蘆洲區,,,,無年齡維度,0.0,女,遷入,其他縣市,0
110,7,8,蘆洲區,,,,無年齡維度,0.0,男,遷入,其他縣市,0
110,7,8,蘆洲區,,,,無年齡維度,0.0,女,遷入,其他鄉鎮,132
110,7,8,蘆洲區,,,,無年齡維度,0.0,男,遷入,其他鄉鎮,114
110,7,8,蘆洲區,,,,無年齡維度,0.0,女,遷入,合計,287
110,7,8,蘆洲區,,,,無年齡維度,0.0,男,遷入,合計,225
110,7,8,蘆洲區,,,,無年齡維度,0.0,女,遷入,國外,0
110,7,8,蘆洲區,,,,無年齡維度,0.0,男,遷入,國外,2
110,7,8,蘆洲區,,,,無年齡維度,0.0,女,遷入,新北市內,0
110,7,8,蘆洲區,,,,無年齡維度,0.0,男,遷入,新北市內,0
110,7,8,蘆洲區,,,,無年齡維度,0.0,女,遷入,桃園市,85
110,7,8,蘆洲區,,,,無年齡維度,0.0,男,遷入,桃園市,54
110,7,8,蘆洲區,,,,無年齡維度,0.0,女,遷入,福建省,1
110,7,8,蘆洲區,,,,無年齡維度,0.0,男,遷入,福建省,2
110,7,8,蘆洲區,,,,無年齡維度,0.0,女,遷入,臺中市,10
110,7,8,蘆洲區,,,,無年齡維度,0.0,男,遷入,臺中市,10
110,7,8,蘆洲區,,,,無年齡維度,0.0,女,遷入,臺北市,21
110,7,8,蘆洲區,,,,無年齡維度,0.0,男,遷入,臺北市,21
110,7,8,蘆洲區,,,,無年齡維度,0.0,女,遷入,臺南市,6
110,7,8,蘆洲區,,,,無年齡維度,0.0,男,遷入,臺南市,0
110,7,8,蘆洲區,,,,無年齡維度,0.0,女,遷入,臺灣省,26
110,7,8,蘆洲區,,,,無年齡維度,0.0,男,遷入,臺灣省,19
110,7,8,蘆洲區,,,,無年齡維度,0.0,女,遷入,高雄市,5
110,7,8,蘆洲區,,,,無年齡維度,0.0,男,遷入,高雄市,3
110,7,8,蘆洲區,,,,無年齡維度,0.0,女,遷出,migrants,137
110,7,8,蘆洲區,,,,無年齡維度,0.0,男,遷出,migrants,93
110,7,8,蘆洲區,,,,無年齡維度,0.0,女,遷出,other,0
110,7,8,蘆洲區,,,,無年齡維度,0.0,男,遷出,other,0
110,7,8,蘆洲區,,,,無年齡維度,0.0,女,遷出,其他縣市,0
110,7,8,蘆洲區,,,,無年齡維度,0.0,男,遷出,其他縣市,0
110,7,8,蘆洲區,,,,無年齡維度,0.0,女,遷出,其他鄉鎮,34
110,7,8,蘆洲區,,,,無年齡維度,0.0,男,遷出,其他鄉鎮,35
110,7,8,蘆洲區,,,,無年齡維度,0.0,女,遷出,合計,175
110,7,8,蘆洲區,,,,無年齡維度,0.0,男,遷出,合計,142
110,7,8,蘆洲區,,,,無年齡維度,0.0,女,遷出,國外,14
110,7,8,蘆洲區,,,,無年齡維度,0.0,男,遷出,國外,13
110,7,8,蘆洲區,,,,無年齡維度,0.0,女,遷出,新北市內,0
110,7,8,蘆洲區,,,,無年齡維度,0.0,男,遷出,新北市內,0
110,7,8,蘆洲區,,,,無年齡維度,0.0,女,遷出,桃園市,90
110,7,8,蘆洲區,,,,無年齡維度,0.0,男,遷出,桃園市,65
110,7,8,蘆洲區,,,,無年齡維度,0.0,女,遷出,福建省,1
110,7,8,蘆洲區,,,,無年齡維度,0.0,男,遷出,福建省,0
110,7,8,蘆洲區,,,,無年齡維度,0.0,女,遷出,臺中市,9
110,7,8,蘆洲區,,,,無年齡維度,0.0,男,遷出,臺中市,4
110,7,8,蘆洲區,,,,無年齡維度,0.0,女,遷出,臺北市,7
110,7,8,蘆洲區,,,,無年齡維度,0.0,男,遷出,臺北市,4
110,7,8,蘆洲區,,,,無年齡維度,0.0,女,遷出,臺南市,0
110,7,8,蘆洲區,,,,無年齡維度,0.0,男,遷出,臺南市,0
110,7,8,蘆洲區,,,,無年齡維度,0.0,女,遷出,臺灣省,17
110,7,8,蘆洲區,,,,無年齡維度,0.0,男,遷出,臺灣省,16
110,7,8,蘆洲區,,,,無年齡維度,0.0,女,遷出,高雄市,2
110,7,8,蘆洲區,,,,無年齡維度,0.0,男,遷出,高雄市,5
110,7,9,樹林區,,,,無年齡維度,0.0,女,遷入,migrants,153
110,7,9,樹林區,,,,無年齡維度,0.0,男,遷入,migrants,125
110,7,9,樹林區,,,,無年齡維度,0.0,女,遷入,other,0
110,7,9,樹林區,,,,無年齡維度,0.0,男,遷入,other,0
110,7,9,樹林區,,,,無年齡維度,0.0,女,遷入,其他縣市,0
110,7,9,樹林區,,,,無年齡維度,0.0,男,遷入,其他縣市,0
110,7,9,樹林區,,,,無年齡維度,0.0,女,遷入,其他鄉鎮,104
110,7,9,樹林區,,,,無年齡維度,0.0,男,遷入,其他鄉鎮,99
110,7,9,樹林區,,,,無年齡維度,0.0,女,遷入,合計,197
110,7,9,樹林區,,,,無年齡維度,0.0,男,遷入,合計,180
110,7,9,樹林區,,,,無年齡維度,0.0,女,遷入,國外,1
110,7,9,樹林區,,,,無年齡維度,0.0,男,遷入,國外,4
110,7,9,樹林區,,,,無年齡維度,0.0,女,遷入,新北市內,0
110,7,9,樹林區,,,,無年齡維度,0.0,男,遷入,新北市內,0
110,7,9,樹林區,,,,無年齡維度,0.0,女,遷入,桃園市,29
110,7,9,樹林區,,,,無年齡維度,0.0,男,遷入,桃園市,18
110,7,9,樹林區,,,,無年齡維度,0.0,女,遷入,福建省,0
110,7,9,樹林區,,,,無年齡維度,0.0,男,遷入,福建省,2
110,7,9,樹林區,,,,無年齡維度,0.0,女,遷入,臺中市,8
110,7,9,樹林區,,,,無年齡維度,0.0,男,遷入,臺中市,6
110,7,9,樹林區,,,,無年齡維度,0.0,女,遷入,臺北市,33
110,7,9,樹林區,,,,無年齡維度,0.0,男,遷入,臺北市,28
110,7,9,樹林區,,,,無年齡維度,0.0,女,遷入,臺南市,1
110,7,9,樹林區,,,,無年齡維度,0.0,男,遷入,臺南市,0
110,7,9,樹林區,,,,無年齡維度,0.0,女,遷入,臺灣省,18
110,7,9,樹林區,,,,無年齡維度,0.0,男,遷入,臺灣省,22
110,7,9,樹林區,,,,無年齡維度,0.0,女,遷入,高雄市,2
110,7,9,樹林區,,,,無年齡維度,0.0,男,遷入,高雄市,0
110,7,9,樹林區,,,,無年齡維度,0.0,女,遷出,migrants,153
110,7,9,樹林區,,,,無年齡維度,0.0,男,遷出,migrants,125
110,7,9,樹林區,,,,無年齡維度,0.0,女,遷出,other,0
110,7,9,樹林區,,,,無年齡維度,0.0,男,遷出,other,0
110,7,9,樹林區,,,,無年齡維度,0.0,女,遷出,其他縣市,0
110,7,9,樹林區,,,,無年齡維度,0.0,男,遷出,其他縣市,0
110,7,9,樹林區,,,,無年齡維度,0.0,女,遷出,其他鄉鎮,108
110,7,9,樹林區,,,,無年齡維度,0.0,男,遷出,其他鄉鎮,93
110,7,9,樹林區,,,,無年齡維度,0.0,女,遷出,合計,244
110,7,9,樹林區,,,,無年齡維度,0.0,男,遷出,合計,235
110,7,9,樹林區,,,,無年齡維度,0.0,女,遷出,國外,41
110,7,9,樹林區,,,,無年齡維度,0.0,男,遷出,國外,28
110,7,9,樹林區,,,,無年齡維度,0.0,女,遷出,新北市內,0
110,7,9,樹林區,,,,無年齡維度,0.0,男,遷出,新北市內,0
110,7,9,樹林區,,,,無年齡維度,0.0,女,遷出,桃園市,33
110,7,9,樹林區,,,,無年齡維度,0.0,男,遷出,桃園市,52
110,7,9,樹林區,,,,無年齡維度,0.0,女,遷出,福建省,0
110,7,9,樹林區,,,,無年齡維度,0.0,男,遷出,福建省,2
110,7,9,樹林區,,,,無年齡維度,0.0,女,遷出,臺中市,8
110,7,9,樹林區,,,,無年齡維度,0.0,男,遷出,臺中市,10
110,7,9,樹林區,,,,無年齡維度,0.0,女,遷出,臺北市,24
110,7,9,樹林區,,,,無年齡維度,0.0,男,遷出,臺北市,23
110,7,9,樹林區,,,,無年齡維度,0.0,女,遷出,臺南市,4
110,7,9,樹林區,,,,無年齡維度,0.0,男,遷出,臺南市,1
110,7,9,樹林區,,,,無年齡維度,0.0,女,遷出,臺灣省,26
110,7,9,樹林區,,,,無年齡維度,0.0,男,遷出,臺灣省,22
110,7,9,樹林區,,,,無年齡維度,0.0,女,遷出,高雄市,0
110,7,9,樹林區,,,,無年齡維度,0.0,男,遷出,高雄市,4
110,7,10,鶯歌區,,,,無年齡維度,0.0,女,遷入,migrants,352
110,7,10,鶯歌區,,,,無年齡維度,0.0,男,遷入,migrants,271
110,7,10,鶯歌區,,,,無年齡維度,0.0,女,遷入,other,0
110,7,10,鶯歌區,,,,無年齡維度,0.0,男,遷入,other,0
110,7,10,鶯歌區,,,,無年齡維度,0.0,女,遷入,其他縣市,0
110,7,10,鶯歌區,,,,無年齡維度,0.0,男,遷入,其他縣市,0
110,7,10,鶯歌區,,,,無年齡維度,0.0,女,遷入,其他鄉鎮,126
110,7,10,鶯歌區,,,,無年齡維度,0.0,男,遷入,其他鄉鎮,107
110,7,10,鶯歌區,,,,無年齡維度,0.0,女,遷入,合計,472
110,7,10,鶯歌區,,,,無年齡維度,0.0,男,遷入,合計,418
110,7,10,鶯歌區,,,,無年齡維度,0.0,女,遷入,國外,7
110,7,10,鶯歌區,,,,無年齡維度,0.0,男,遷入,國外,3
110,7,10,鶯歌區,,,,無年齡維度,0.0,女,遷入,新北市內,0
110,7,10,鶯歌區,,,,無年齡維度,0.0,男,遷入,新北市內,0
110,7,10,鶯歌區,,,,無年齡維度,0.0,女,遷入,桃園市,20
110,7,10,鶯歌區,,,,無年齡維度,0.0,男,遷入,桃園市,17
110,7,10,鶯歌區,,,,無年齡維度,0.0,女,遷入,福建省,2
110,7,10,鶯歌區,,,,無年齡維度,0.0,男,遷入,福建省,1
110,7,10,鶯歌區,,,,無年齡維度,0.0,女,遷入,臺中市,13
110,7,10,鶯歌區,,,,無年齡維度,0.0,男,遷入,臺中市,12
110,7,10,鶯歌區,,,,無年齡維度,0.0,女,遷入,臺北市,230
110,7,10,鶯歌區,,,,無年齡維度,0.0,男,遷入,臺北市,217
110,7,10,鶯歌區,,,,無年齡維度,0.0,女,遷入,臺南市,10
110,7,10,鶯歌區,,,,無年齡維度,0.0,男,遷入,臺南市,6
110,7,10,鶯歌區,,,,無年齡維度,0.0,女,遷入,臺灣省,40
110,7,10,鶯歌區,,,,無年齡維度,0.0,男,遷入,臺灣省,39
110,7,10,鶯歌區,,,,無年齡維度,0.0,女,遷入,高雄市,21
110,7,10,鶯歌區,,,,無年齡維度,0.0,男,遷入,高雄市,8
110,7,10,鶯歌區,,,,無年齡維度,0.0,女,遷出,migrants,352
110,7,10,鶯歌區,,,,無年齡維度,0.0,男,遷出,migrants,271
110,7,10,鶯歌區,,,,無年齡維度,0.0,女,遷出,other,0
110,7,10,鶯歌區,,,,無年齡維度,0.0,男,遷出,other,0
110,7,10,鶯歌區,,,,無年齡維度,0.0,女,遷出,其他縣市,0
110,7,10,鶯歌區,,,,無年齡維度,0.0,男,遷出,其他縣市,0
110,7,10,鶯歌區,,,,無年齡維度,0.0,女,遷出,其他鄉鎮,74
110,7,10,鶯歌區,,,,無年齡維度,0.0,男,遷出,其他鄉鎮,79
110,7,10,鶯歌區,,,,無年齡維度,0.0,女,遷出,合計,385
110,7,10,鶯歌區,,,,無年齡維度,0.0,男,遷出,合計,300
110,7,10,鶯歌區,,,,無年齡維度,0.0,女,遷出,國外,143
110,7,10,鶯歌區,,,,無年齡維度,0.0,男,遷出,國外,99
110,7,10,鶯歌區,,,,無年齡維度,0.0,女,遷出,新北市內,0
110,7,10,鶯歌區,,,,無年齡維度,0.0,男,遷出,新北市內,0
110,7,10,鶯歌區,,,,無年齡維度,0.0,女,遷出,桃園市,19
110,7,10,鶯歌區,,,,無年齡維度,0.0,男,遷出,桃園市,13
110,7,10,鶯歌區,,,,無年齡維度,0.0,女,遷出,福建省,1
110,7,10,鶯歌區,,,,無年齡維度,0.0,男,遷出,福建省,1
110,7,10,鶯歌區,,,,無年齡維度,0.0,女,遷出,臺中市,22
110,7,10,鶯歌區,,,,無年齡維度,0.0,男,遷出,臺中市,8
110,7,10,鶯歌區,,,,無年齡維度,0.0,女,遷出,臺北市,90
110,7,10,鶯歌區,,,,無年齡維度,0.0,男,遷出,臺北市,62
110,7,10,鶯歌區,,,,無年齡維度,0.0,女,遷出,臺南市,3
110,7,10,鶯歌區,,,,無年齡維度,0.0,男,遷出,臺南市,2
110,7,10,鶯歌區,,,,無年齡維度,0.0,女,遷出,臺灣省,28
110,7,10,鶯歌區,,,,無年齡維度,0.0,男,遷出,臺灣省,33
110,7,10,鶯歌區,,,,無年齡維度,0.0,女,遷出,高雄市,3
110,7,10,鶯歌區,,,,無年齡維度,0.0,男,遷出,高雄市,3
110,7,11,三峽區,,,,無年齡維度,0.0,女,遷入,migrants,276
110,7,11,三峽區,,,,無年齡維度,0.0,男,遷入,migrants,272
110,7,11,三峽區,,,,無年齡維度,0.0,女,遷入,other,0
110,7,11,三峽區,,,,無年齡維度,0.0,男,遷入,other,0
110,7,11,三峽區,,,,無年齡維度,0.0,女,遷入,其他縣市,0
110,7,11,三峽區,,,,無年齡維度,0.0,男,遷入,其他縣市,0
110,7,11,三峽區,,,,無年齡維度,0.0,女,遷入,其他鄉鎮,57
110,7,11,三峽區,,,,無年齡維度,0.0,男,遷入,其他鄉鎮,63
110,7,11,三峽區,,,,無年齡維度,0.0,女,遷入,合計,452
110,7,11,三峽區,,,,無年齡維度,0.0,男,遷入,合計,421
110,7,11,三峽區,,,,無年齡維度,0.0,女,遷入,國外,3
110,7,11,三峽區,,,,無年齡維度,0.0,男,遷入,國外,4
110,7,11,三峽區,,,,無年齡維度,0.0,女,遷入,新北市內,0
110,7,11,三峽區,,,,無年齡維度,0.0,男,遷入,新北市內,0
110,7,11,三峽區,,,,無年齡維度,0.0,女,遷入,桃園市,27
110,7,11,三峽區,,,,無年齡維度,0.0,男,遷入,桃園市,19
110,7,11,三峽區,,,,無年齡維度,0.0,女,遷入,福建省,2
110,7,11,三峽區,,,,無年齡維度,0.0,男,遷入,福建省,1
110,7,11,三峽區,,,,無年齡維度,0.0,女,遷入,臺中市,11
110,7,11,三峽區,,,,無年齡維度,0.0,男,遷入,臺中市,11
110,7,11,三峽區,,,,無年齡維度,0.0,女,遷入,臺北市,266
110,7,11,三峽區,,,,無年齡維度,0.0,男,遷入,臺北市,255
110,7,11,三峽區,,,,無年齡維度,0.0,女,遷入,臺南市,5
110,7,11,三峽區,,,,無年齡維度,0.0,男,遷入,臺南市,5
110,7,11,三峽區,,,,無年齡維度,0.0,女,遷入,臺灣省,70
110,7,11,三峽區,,,,無年齡維度,0.0,男,遷入,臺灣省,53
110,7,11,三峽區,,,,無年齡維度,0.0,女,遷入,高雄市,10
110,7,11,三峽區,,,,無年齡維度,0.0,男,遷入,高雄市,6
110,7,11,三峽區,,,,無年齡維度,0.0,女,遷出,migrants,276
110,7,11,三峽區,,,,無年齡維度,0.0,男,遷出,migrants,272
110,7,11,三峽區,,,,無年齡維度,0.0,女,遷出,other,0
110,7,11,三峽區,,,,無年齡維度,0.0,男,遷出,other,0
110,7,11,三峽區,,,,無年齡維度,0.0,女,遷出,其他縣市,0
110,7,11,三峽區,,,,無年齡維度,0.0,男,遷出,其他縣市,0
110,7,11,三峽區,,,,無年齡維度,0.0,女,遷出,其他鄉鎮,80
110,7,11,三峽區,,,,無年齡維度,0.0,男,遷出,其他鄉鎮,70
110,7,11,三峽區,,,,無年齡維度,0.0,女,遷出,合計,458
110,7,11,三峽區,,,,無年齡維度,0.0,男,遷出,合計,389
110,7,11,三峽區,,,,無年齡維度,0.0,女,遷出,國外,109
110,7,11,三峽區,,,,無年齡維度,0.0,男,遷出,國外,69
110,7,11,三峽區,,,,無年齡維度,0.0,女,遷出,新北市內,0
110,7,11,三峽區,,,,無年齡維度,0.0,男,遷出,新北市內,0
110,7,11,三峽區,,,,無年齡維度,0.0,女,遷出,桃園市,35
110,7,11,三峽區,,,,無年齡維度,0.0,男,遷出,桃園市,42
110,7,11,三峽區,,,,無年齡維度,0.0,女,遷出,福建省,2
110,7,11,三峽區,,,,無年齡維度,0.0,男,遷出,福建省,3
110,7,11,三峽區,,,,無年齡維度,0.0,女,遷出,臺中市,14
110,7,11,三峽區,,,,無年齡維度,0.0,男,遷出,臺中市,12
110,7,11,三峽區,,,,無年齡維度,0.0,女,遷出,臺北市,136
110,7,11,三峽區,,,,無年齡維度,0.0,男,遷出,臺北市,112
110,7,11,三峽區,,,,無年齡維度,0.0,女,遷出,臺南市,3
110,7,11,三峽區,,,,無年齡維度,0.0,男,遷出,臺南市,3
110,7,11,三峽區,,,,無年齡維度,0.0,女,遷出,臺灣省,68
110,7,11,三峽區,,,,無年齡維度,0.0,男,遷出,臺灣省,71
110,7,11,三峽區,,,,無年齡維度,0.0,女,遷出,高雄市,11
110,7,11,三峽區,,,,無年齡維度,0.0,男,遷出,高雄市,6
110,7,12,淡水區,,,,無年齡維度,0.0,女,遷入,migrants,30
110,7,12,淡水區,,,,無年齡維度,0.0,男,遷入,migrants,21
110,7,12,淡水區,,,,無年齡維度,0.0,女,遷入,other,0
110,7,12,淡水區,,,,無年齡維度,0.0,男,遷入,other,0
110,7,12,淡水區,,,,無年齡維度,0.0,女,遷入,其他縣市,0
110,7,12,淡水區,,,,無年齡維度,0.0,男,遷入,其他縣市,0
110,7,12,淡水區,,,,無年齡維度,0.0,女,遷入,其他鄉鎮,8
110,7,12,淡水區,,,,無年齡維度,0.0,男,遷入,其他鄉鎮,8
110,7,12,淡水區,,,,無年齡維度,0.0,女,遷入,合計,40
110,7,12,淡水區,,,,無年齡維度,0.0,男,遷入,合計,42
110,7,12,淡水區,,,,無年齡維度,0.0,女,遷入,國外,0
110,7,12,淡水區,,,,無年齡維度,0.0,男,遷入,國外,1
110,7,12,淡水區,,,,無年齡維度,0.0,女,遷入,新北市內,0
110,7,12,淡水區,,,,無年齡維度,0.0,男,遷入,新北市內,0
110,7,12,淡水區,,,,無年齡維度,0.0,女,遷入,桃園市,3
110,7,12,淡水區,,,,無年齡維度,0.0,男,遷入,桃園市,0
110,7,12,淡水區,,,,無年齡維度,0.0,女,遷入,福建省,0
110,7,12,淡水區,,,,無年齡維度,0.0,男,遷入,福建省,1
110,7,12,淡水區,,,,無年齡維度,0.0,女,遷入,臺中市,0
110,7,12,淡水區,,,,無年齡維度,0.0,男,遷入,臺中市,2
110,7,12,淡水區,,,,無年齡維度,0.0,女,遷入,臺北市,12
110,7,12,淡水區,,,,無年齡維度,0.0,男,遷入,臺北市,11
110,7,12,淡水區,,,,無年齡維度,0.0,女,遷入,臺南市,1
110,7,12,淡水區,,,,無年齡維度,0.0,男,遷入,臺南市,0
110,7,12,淡水區,,,,無年齡維度,0.0,女,遷入,臺灣省,15
110,7,12,淡水區,,,,無年齡維度,0.0,男,遷入,臺灣省,17
110,7,12,淡水區,,,,無年齡維度,0.0,女,遷入,高雄市,1
110,7,12,淡水區,,,,無年齡維度,0.0,男,遷入,高雄市,2
110,7,12,淡水區,,,,無年齡維度,0.0,女,遷出,migrants,30
110,7,12,淡水區,,,,無年齡維度,0.0,男,遷出,migrants,21
110,7,12,淡水區,,,,無年齡維度,0.0,女,遷出,other,0
110,7,12,淡水區,,,,無年齡維度,0.0,男,遷出,other,0
110,7,12,淡水區,,,,無年齡維度,0.0,女,遷出,其他縣市,0
110,7,12,淡水區,,,,無年齡維度,0.0,男,遷出,其他縣市,0
110,7,12,淡水區,,,,無年齡維度,0.0,女,遷出,其他鄉鎮,16
110,7,12,淡水區,,,,無年齡維度,0.0,男,遷出,其他鄉鎮,10
110,7,12,淡水區,,,,無年齡維度,0.0,女,遷出,合計,61
110,7,12,淡水區,,,,無年齡維度,0.0,男,遷出,合計,54
110,7,12,淡水區,,,,無年齡維度,0.0,女,遷出,國外,6
110,7,12,淡水區,,,,無年齡維度,0.0,男,遷出,國外,5
110,7,12,淡水區,,,,無年齡維度,0.0,女,遷出,新北市內,0
110,7,12,淡水區,,,,無年齡維度,0.0,男,遷出,新北市內,0
110,7,12,淡水區,,,,無年齡維度,0.0,女,遷出,桃園市,5
110,7,12,淡水區,,,,無年齡維度,0.0,男,遷出,桃園市,6
110,7,12,淡水區,,,,無年齡維度,0.0,女,遷出,福建省,1
110,7,12,淡水區,,,,無年齡維度,0.0,男,遷出,福建省,1
110,7,12,淡水區,,,,無年齡維度,0.0,女,遷出,臺中市,1
110,7,12,淡水區,,,,無年齡維度,0.0,男,遷出,臺中市,0
110,7,12,淡水區,,,,無年齡維度,0.0,女,遷出,臺北市,1
110,7,12,淡水區,,,,無年齡維度,0.0,男,遷出,臺北市,5
110,7,12,淡水區,,,,無年齡維度,0.0,女,遷出,臺南市,1
110,7,12,淡水區,,,,無年齡維度,0.0,男,遷出,臺南市,0
110,7,12,淡水區,,,,無年齡維度,0.0,女,遷出,臺灣省,24
110,7,12,淡水區,,,,無年齡維度,0.0,男,遷出,臺灣省,25
110,7,12,淡水區,,,,無年齡維度,0.0,女,遷出,高雄市,6
110,7,12,淡水區,,,,無年齡維度,0.0,男,遷出,高雄市,2
110,7,13,汐止區,,,,無年齡維度,0.0,女,遷入,migrants,296
110,7,13,汐止區,,,,無年齡維度,0.0,男,遷入,migrants,263
110,7,13,汐止區,,,,無年齡維度,0.0,女,遷入,other,0
110,7,13,汐止區,,,,無年齡維度,0.0,男,遷入,other,0
110,7,13,汐止區,,,,無年齡維度,0.0,女,遷入,其他縣市,0
110,7,13,汐止區,,,,無年齡維度,0.0,男,遷入,其他縣市,0
110,7,13,汐止區,,,,無年齡維度,0.0,女,遷入,其他鄉鎮,243
110,7,13,汐止區,,,,無年齡維度,0.0,男,遷入,其他鄉鎮,188
110,7,13,汐止區,,,,無年齡維度,0.0,女,遷入,合計,448
110,7,13,汐止區,,,,無年齡維度,0.0,男,遷入,合計,362
110,7,13,汐止區,,,,無年齡維度,0.0,女,遷入,國外,7
110,7,13,汐止區,,,,無年齡維度,0.0,男,遷入,國外,4
110,7,13,汐止區,,,,無年齡維度,0.0,女,遷入,新北市內,0
110,7,13,汐止區,,,,無年齡維度,0.0,男,遷入,新北市內,0
110,7,13,汐止區,,,,無年齡維度,0.0,女,遷入,桃園市,30
110,7,13,汐止區,,,,無年齡維度,0.0,男,遷入,桃園市,23
110,7,13,汐止區,,,,無年齡維度,0.0,女,遷入,福建省,3
110,7,13,汐止區,,,,無年齡維度,0.0,男,遷入,福建省,0
110,7,13,汐止區,,,,無年齡維度,0.0,女,遷入,臺中市,12
110,7,13,汐止區,,,,無年齡維度,0.0,男,遷入,臺中市,5
110,7,13,汐止區,,,,無年齡維度,0.0,女,遷入,臺北市,90
110,7,13,汐止區,,,,無年齡維度,0.0,男,遷入,臺北市,72
110,7,13,汐止區,,,,無年齡維度,0.0,女,遷入,臺南市,2
110,7,13,汐止區,,,,無年齡維度,0.0,男,遷入,臺南市,2
110,7,13,汐止區,,,,無年齡維度,0.0,女,遷入,臺灣省,49
110,7,13,汐止區,,,,無年齡維度,0.0,男,遷入,臺灣省,59
110,7,13,汐止區,,,,無年齡維度,0.0,女,遷入,高雄市,7
110,7,13,汐止區,,,,無年齡維度,0.0,男,遷入,高雄市,8
110,7,13,汐止區,,,,無年齡維度,0.0,女,遷出,migrants,296
110,7,13,汐止區,,,,無年齡維度,0.0,男,遷出,migrants,263
110,7,13,汐止區,,,,無年齡維度,0.0,女,遷出,other,0
110,7,13,汐止區,,,,無年齡維度,0.0,男,遷出,other,0
110,7,13,汐止區,,,,無年齡維度,0.0,女,遷出,其他縣市,0
110,7,13,汐止區,,,,無年齡維度,0.0,男,遷出,其他縣市,0
110,7,13,汐止區,,,,無年齡維度,0.0,女,遷出,其他鄉鎮,217
110,7,13,汐止區,,,,無年齡維度,0.0,男,遷出,其他鄉鎮,167
110,7,13,汐止區,,,,無年齡維度,0.0,女,遷出,合計,462
110,7,13,汐止區,,,,無年齡維度,0.0,男,遷出,合計,375
110,7,13,汐止區,,,,無年齡維度,0.0,女,遷出,國外,93
110,7,13,汐止區,,,,無年齡維度,0.0,男,遷出,國外,64
110,7,13,汐止區,,,,無年齡維度,0.0,女,遷出,新北市內,0
110,7,13,汐止區,,,,無年齡維度,0.0,男,遷出,新北市內,0
110,7,13,汐止區,,,,無年齡維度,0.0,女,遷出,桃園市,43
110,7,13,汐止區,,,,無年齡維度,0.0,男,遷出,桃園市,39
110,7,13,汐止區,,,,無年齡維度,0.0,女,遷出,福建省,5
110,7,13,汐止區,,,,無年齡維度,0.0,男,遷出,福建省,4
110,7,13,汐止區,,,,無年齡維度,0.0,女,遷出,臺中市,10
110,7,13,汐止區,,,,無年齡維度,0.0,男,遷出,臺中市,11
110,7,13,汐止區,,,,無年齡維度,0.0,女,遷出,臺北市,41
110,7,13,汐止區,,,,無年齡維度,0.0,男,遷出,臺北市,34
110,7,13,汐止區,,,,無年齡維度,0.0,女,遷出,臺南市,5
110,7,13,汐止區,,,,無年齡維度,0.0,男,遷出,臺南市,6
110,7,13,汐止區,,,,無年齡維度,0.0,女,遷出,臺灣省,42
110,7,13,汐止區,,,,無年齡維度,0.0,男,遷出,臺灣省,44
110,7,13,汐止區,,,,無年齡維度,0.0,女,遷出,高雄市,6
110,7,13,汐止區,,,,無年齡維度,0.0,男,遷出,高雄市,6
110,7,14,瑞芳區,,,,無年齡維度,0.0,女,遷入,migrants,206
110,7,14,瑞芳區,,,,無年齡維度,0.0,男,遷入,migrants,200
110,7,14,瑞芳區,,,,無年齡維度,0.0,女,遷入,other,0
110,7,14,瑞芳區,,,,無年齡維度,0.0,男,遷入,other,0
110,7,14,瑞芳區,,,,無年齡維度,0.0,女,遷入,其他縣市,0
110,7,14,瑞芳區,,,,無年齡維度,0.0,男,遷入,其他縣市,0
110,7,14,瑞芳區,,,,無年齡維度,0.0,女,遷入,其他鄉鎮,142
110,7,14,瑞芳區,,,,無年齡維度,0.0,男,遷入,其他鄉鎮,130
110,7,14,瑞芳區,,,,無年齡維度,0.0,女,遷入,合計,333
110,7,14,瑞芳區,,,,無年齡維度,0.0,男,遷入,合計,299
110,7,14,瑞芳區,,,,無年齡維度,0.0,女,遷入,國外,3
110,7,14,瑞芳區,,,,無年齡維度,0.0,男,遷入,國外,1
110,7,14,瑞芳區,,,,無年齡維度,0.0,女,遷入,新北市內,0
110,7,14,瑞芳區,,,,無年齡維度,0.0,男,遷入,新北市內,0
110,7,14,瑞芳區,,,,無年齡維度,0.0,女,遷入,桃園市,22
110,7,14,瑞芳區,,,,無年齡維度,0.0,男,遷入,桃園市,14
110,7,14,瑞芳區,,,,無年齡維度,0.0,女,遷入,福建省,2
110,7,14,瑞芳區,,,,無年齡維度,0.0,男,遷入,福建省,2
110,7,14,瑞芳區,,,,無年齡維度,0.0,女,遷入,臺中市,7
110,7,14,瑞芳區,,,,無年齡維度,0.0,男,遷入,臺中市,1
110,7,14,瑞芳區,,,,無年齡維度,0.0,女,遷入,臺北市,107
110,7,14,瑞芳區,,,,無年齡維度,0.0,男,遷入,臺北市,112
110,7,14,瑞芳區,,,,無年齡維度,0.0,女,遷入,臺南市,5
110,7,14,瑞芳區,,,,無年齡維度,0.0,男,遷入,臺南市,2
110,7,14,瑞芳區,,,,無年齡維度,0.0,女,遷入,臺灣省,33
110,7,14,瑞芳區,,,,無年齡維度,0.0,男,遷入,臺灣省,27
110,7,14,瑞芳區,,,,無年齡維度,0.0,女,遷入,高雄市,6
110,7,14,瑞芳區,,,,無年齡維度,0.0,男,遷入,高雄市,8
110,7,14,瑞芳區,,,,無年齡維度,0.0,女,遷出,migrants,206
110,7,14,瑞芳區,,,,無年齡維度,0.0,男,遷出,migrants,200
110,7,14,瑞芳區,,,,無年齡維度,0.0,女,遷出,other,0
110,7,14,瑞芳區,,,,無年齡維度,0.0,男,遷出,other,0
110,7,14,瑞芳區,,,,無年齡維度,0.0,女,遷出,其他縣市,0
110,7,14,瑞芳區,,,,無年齡維度,0.0,男,遷出,其他縣市,0
110,7,14,瑞芳區,,,,無年齡維度,0.0,女,遷出,其他鄉鎮,193
110,7,14,瑞芳區,,,,無年齡維度,0.0,男,遷出,其他鄉鎮,161
110,7,14,瑞芳區,,,,無年齡維度,0.0,女,遷出,合計,403
110,7,14,瑞芳區,,,,無年齡維度,0.0,男,遷出,合計,338
110,7,14,瑞芳區,,,,無年齡維度,0.0,女,遷出,國外,51
110,7,14,瑞芳區,,,,無年齡維度,0.0,男,遷出,國外,48
110,7,14,瑞芳區,,,,無年齡維度,0.0,女,遷出,新北市內,0
110,7,14,瑞芳區,,,,無年齡維度,0.0,男,遷出,新北市內,0
110,7,14,瑞芳區,,,,無年齡維度,0.0,女,遷出,桃園市,27
110,7,14,瑞芳區,,,,無年齡維度,0.0,男,遷出,桃園市,37
110,7,14,瑞芳區,,,,無年齡維度,0.0,女,遷出,福建省,0
110,7,14,瑞芳區,,,,無年齡維度,0.0,男,遷出,福建省,1
110,7,14,瑞芳區,,,,無年齡維度,0.0,女,遷出,臺中市,11
110,7,14,瑞芳區,,,,無年齡維度,0.0,男,遷出,臺中市,7
110,7,14,瑞芳區,,,,無年齡維度,0.0,女,遷出,臺北市,57
110,7,14,瑞芳區,,,,無年齡維度,0.0,男,遷出,臺北市,40
110,7,14,瑞芳區,,,,無年齡維度,0.0,女,遷出,臺南市,5
110,7,14,瑞芳區,,,,無年齡維度,0.0,男,遷出,臺南市,2
110,7,14,瑞芳區,,,,無年齡維度,0.0,女,遷出,臺灣省,45
110,7,14,瑞芳區,,,,無年齡維度,0.0,男,遷出,臺灣省,38
110,7,14,瑞芳區,,,,無年齡維度,0.0,女,遷出,高雄市,14
110,7,14,瑞芳區,,,,無年齡維度,0.0,男,遷出,高雄市,4
110,7,15,五股區,,,,無年齡維度,0.0,女,遷入,migrants,119
110,7,15,五股區,,,,無年齡維度,0.0,男,遷入,migrants,95
110,7,15,五股區,,,,無年齡維度,0.0,女,遷入,other,0
110,7,15,五股區,,,,無年齡維度,0.0,男,遷入,other,0
110,7,15,五股區,,,,無年齡維度,0.0,女,遷入,其他縣市,0
110,7,15,五股區,,,,無年齡維度,0.0,男,遷入,其他縣市,0
110,7,15,五股區,,,,無年齡維度,0.0,女,遷入,其他鄉鎮,162
110,7,15,五股區,,,,無年齡維度,0.0,男,遷入,其他鄉鎮,125
110,7,15,五股區,,,,無年齡維度,0.0,女,遷入,合計,252
110,7,15,五股區,,,,無年齡維度,0.0,男,遷入,合計,211
110,7,15,五股區,,,,無年齡維度,0.0,女,遷入,國外,1
110,7,15,五股區,,,,無年齡維度,0.0,男,遷入,國外,1
110,7,15,五股區,,,,無年齡維度,0.0,女,遷入,新北市內,0
110,7,15,五股區,,,,無年齡維度,0.0,男,遷入,新北市內,0
110,7,15,五股區,,,,無年齡維度,0.0,女,遷入,桃園市,16
110,7,15,五股區,,,,無年齡維度,0.0,男,遷入,桃園市,12
110,7,15,五股區,,,,無年齡維度,0.0,女,遷入,福建省,0
110,7,15,五股區,,,,無年齡維度,0.0,男,遷入,福建省,0
110,7,15,五股區,,,,無年齡維度,0.0,女,遷入,臺中市,6
110,7,15,五股區,,,,無年齡維度,0.0,男,遷入,臺中市,6
110,7,15,五股區,,,,無年齡維度,0.0,女,遷入,臺北市,36
110,7,15,五股區,,,,無年齡維度,0.0,男,遷入,臺北市,36
110,7,15,五股區,,,,無年齡維度,0.0,女,遷入,臺南市,2
110,7,15,五股區,,,,無年齡維度,0.0,男,遷入,臺南市,3
110,7,15,五股區,,,,無年齡維度,0.0,女,遷入,臺灣省,24
110,7,15,五股區,,,,無年齡維度,0.0,男,遷入,臺灣省,23
110,7,15,五股區,,,,無年齡維度,0.0,女,遷入,高雄市,4
110,7,15,五股區,,,,無年齡維度,0.0,男,遷入,高雄市,4
110,7,15,五股區,,,,無年齡維度,0.0,女,遷出,migrants,119
110,7,15,五股區,,,,無年齡維度,0.0,男,遷出,migrants,95
110,7,15,五股區,,,,無年齡維度,0.0,女,遷出,other,0
110,7,15,五股區,,,,無年齡維度,0.0,男,遷出,other,0
110,7,15,五股區,,,,無年齡維度,0.0,女,遷出,其他縣市,0
110,7,15,五股區,,,,無年齡維度,0.0,男,遷出,其他縣市,0
110,7,15,五股區,,,,無年齡維度,0.0,女,遷出,其他鄉鎮,89
110,7,15,五股區,,,,無年齡維度,0.0,男,遷出,其他鄉鎮,79
110,7,15,五股區,,,,無年齡維度,0.0,女,遷出,合計,196
110,7,15,五股區,,,,無年齡維度,0.0,男,遷出,合計,176
110,7,15,五股區,,,,無年齡維度,0.0,女,遷出,國外,39
110,7,15,五股區,,,,無年齡維度,0.0,男,遷出,國外,30
110,7,15,五股區,,,,無年齡維度,0.0,女,遷出,新北市內,0
110,7,15,五股區,,,,無年齡維度,0.0,男,遷出,新北市內,0
110,7,15,五股區,,,,無年齡維度,0.0,女,遷出,桃園市,19
110,7,15,五股區,,,,無年齡維度,0.0,男,遷出,桃園市,20
110,7,15,五股區,,,,無年齡維度,0.0,女,遷出,福建省,0
110,7,15,五股區,,,,無年齡維度,0.0,男,遷出,福建省,0
110,7,15,五股區,,,,無年齡維度,0.0,女,遷出,臺中市,9
110,7,15,五股區,,,,無年齡維度,0.0,男,遷出,臺中市,5
110,7,15,五股區,,,,無年齡維度,0.0,女,遷出,臺北市,13
110,7,15,五股區,,,,無年齡維度,0.0,男,遷出,臺北市,13
110,7,15,五股區,,,,無年齡維度,0.0,女,遷出,臺南市,2
110,7,15,五股區,,,,無年齡維度,0.0,男,遷出,臺南市,3
110,7,15,五股區,,,,無年齡維度,0.0,女,遷出,臺灣省,25
110,7,15,五股區,,,,無年齡維度,0.0,男,遷出,臺灣省,23
110,7,15,五股區,,,,無年齡維度,0.0,女,遷出,高雄市,0
110,7,15,五股區,,,,無年齡維度,0.0,男,遷出,高雄市,3
110,7,16,泰山區,,,,無年齡維度,0.0,女,遷入,migrants,92
110,7,16,泰山區,,,,無年齡維度,0.0,男,遷入,migrants,98
110,7,16,泰山區,,,,無年齡維度,0.0,女,遷入,other,0
110,7,16,泰山區,,,,無年齡維度,0.0,男,遷入,other,0
110,7,16,泰山區,,,,無年齡維度,0.0,女,遷入,其他縣市,0
110,7,16,泰山區,,,,無年齡維度,0.0,男,遷入,其他縣市,0
110,7,16,泰山區,,,,無年齡維度,0.0,女,遷入,其他鄉鎮,83
110,7,16,泰山區,,,,無年齡維度,0.0,男,遷入,其他鄉鎮,64
110,7,16,泰山區,,,,無年齡維度,0.0,女,遷入,合計,127
110,7,16,泰山區,,,,無年齡維度,0.0,男,遷入,合計,108
110,7,16,泰山區,,,,無年齡維度,0.0,女,遷入,國外,0
110,7,16,泰山區,,,,無年齡維度,0.0,男,遷入,國外,2
110,7,16,泰山區,,,,無年齡維度,0.0,女,遷入,新北市內,0
110,7,16,泰山區,,,,無年齡維度,0.0,男,遷入,新北市內,0
110,7,16,泰山區,,,,無年齡維度,0.0,女,遷入,桃園市,4
110,7,16,泰山區,,,,無年齡維度,0.0,男,遷入,桃園市,5
110,7,16,泰山區,,,,無年齡維度,0.0,女,遷入,福建省,0
110,7,16,泰山區,,,,無年齡維度,0.0,男,遷入,福建省,0
110,7,16,泰山區,,,,無年齡維度,0.0,女,遷入,臺中市,3
110,7,16,泰山區,,,,無年齡維度,0.0,男,遷入,臺中市,1
110,7,16,泰山區,,,,無年齡維度,0.0,女,遷入,臺北市,17
110,7,16,泰山區,,,,無年齡維度,0.0,男,遷入,臺北市,18
110,7,16,泰山區,,,,無年齡維度,0.0,女,遷入,臺南市,2
110,7,16,泰山區,,,,無年齡維度,0.0,男,遷入,臺南市,1
110,7,16,泰山區,,,,無年齡維度,0.0,女,遷入,臺灣省,17
110,7,16,泰山區,,,,無年齡維度,0.0,男,遷入,臺灣省,15
110,7,16,泰山區,,,,無年齡維度,0.0,女,遷入,高雄市,1
110,7,16,泰山區,,,,無年齡維度,0.0,男,遷入,高雄市,0
110,7,16,泰山區,,,,無年齡維度,0.0,女,遷出,migrants,92
110,7,16,泰山區,,,,無年齡維度,0.0,男,遷出,migrants,98
110,7,16,泰山區,,,,無年齡維度,0.0,女,遷出,other,0
110,7,16,泰山區,,,,無年齡維度,0.0,男,遷出,other,0
110,7,16,泰山區,,,,無年齡維度,0.0,女,遷出,其他縣市,0
110,7,16,泰山區,,,,無年齡維度,0.0,男,遷出,其他縣市,0
110,7,16,泰山區,,,,無年齡維度,0.0,女,遷出,其他鄉鎮,104
110,7,16,泰山區,,,,無年齡維度,0.0,男,遷出,其他鄉鎮,95
110,7,16,泰山區,,,,無年齡維度,0.0,女,遷出,合計,193
110,7,16,泰山區,,,,無年齡維度,0.0,男,遷出,合計,164
110,7,16,泰山區,,,,無年齡維度,0.0,女,遷出,國外,20
110,7,16,泰山區,,,,無年齡維度,0.0,男,遷出,國外,8
110,7,16,泰山區,,,,無年齡維度,0.0,女,遷出,新北市內,0
110,7,16,泰山區,,,,無年齡維度,0.0,男,遷出,新北市內,0
110,7,16,泰山區,,,,無年齡維度,0.0,女,遷出,桃園市,28
110,7,16,泰山區,,,,無年齡維度,0.0,男,遷出,桃園市,15
110,7,16,泰山區,,,,無年齡維度,0.0,女,遷出,福建省,1
110,7,16,泰山區,,,,無年齡維度,0.0,男,遷出,福建省,0
110,7,16,泰山區,,,,無年齡維度,0.0,女,遷出,臺中市,8
110,7,16,泰山區,,,,無年齡維度,0.0,男,遷出,臺中市,7
110,7,16,泰山區,,,,無年齡維度,0.0,女,遷出,臺北市,16
110,7,16,泰山區,,,,無年齡維度,0.0,男,遷出,臺北市,13
110,7,16,泰山區,,,,無年齡維度,0.0,女,遷出,臺南市,2
110,7,16,泰山區,,,,無年齡維度,0.0,男,遷出,臺南市,6
110,7,16,泰山區,,,,無年齡維度,0.0,女,遷出,臺灣省,12
110,7,16,泰山區,,,,無年齡維度,0.0,男,遷出,臺灣省,19
110,7,16,泰山區,,,,無年齡維度,0.0,女,遷出,高雄市,2
110,7,16,泰山區,,,,無年齡維度,0.0,男,遷出,高雄市,1
110,7,17,林口區,,,,無年齡維度,0.0,女,遷入,migrants,236
110,7,17,林口區,,,,無年齡維度,0.0,男,遷入,migrants,197
110,7,17,林口區,,,,無年齡維度,0.0,女,遷入,other,0
110,7,17,林口區,,,,無年齡維度,0.0,男,遷入,other,0
110,7,17,林口區,,,,無年齡維度,0.0,女,遷入,其他縣市,0
110,7,17,林口區,,,,無年齡維度,0.0,男,遷入,其他縣市,0
110,7,17,林口區,,,,無年齡維度,0.0,女,遷入,其他鄉鎮,113
110,7,17,林口區,,,,無年齡維度,0.0,男,遷入,其他鄉鎮,88
110,7,17,林口區,,,,無年齡維度,0.0,女,遷入,合計,390
110,7,17,林口區,,,,無年齡維度,0.0,男,遷入,合計,339
110,7,17,林口區,,,,無年齡維度,0.0,女,遷入,國外,4
110,7,17,林口區,,,,無年齡維度,0.0,男,遷入,國外,2
110,7,17,林口區,,,,無年齡維度,0.0,女,遷入,新北市內,0
110,7,17,林口區,,,,無年齡維度,0.0,男,遷入,新北市內,0
110,7,17,林口區,,,,無年齡維度,0.0,女,遷入,桃園市,80
110,7,17,林口區,,,,無年齡維度,0.0,男,遷入,桃園市,90
110,7,17,林口區,,,,無年齡維度,0.0,女,遷入,福建省,2
110,7,17,林口區,,,,無年齡維度,0.0,男,遷入,福建省,2
110,7,17,林口區,,,,無年齡維度,0.0,女,遷入,臺中市,15
110,7,17,林口區,,,,無年齡維度,0.0,男,遷入,臺中市,12
110,7,17,林口區,,,,無年齡維度,0.0,女,遷入,臺北市,110
110,7,17,林口區,,,,無年齡維度,0.0,男,遷入,臺北市,98
110,7,17,林口區,,,,無年齡維度,0.0,女,遷入,臺南市,5
110,7,17,林口區,,,,無年齡維度,0.0,男,遷入,臺南市,6
110,7,17,林口區,,,,無年齡維度,0.0,女,遷入,臺灣省,42
110,7,17,林口區,,,,無年齡維度,0.0,男,遷入,臺灣省,34
110,7,17,林口區,,,,無年齡維度,0.0,女,遷入,高雄市,11
110,7,17,林口區,,,,無年齡維度,0.0,男,遷入,高雄市,4
110,7,17,林口區,,,,無年齡維度,0.0,女,遷出,migrants,236
110,7,17,林口區,,,,無年齡維度,0.0,男,遷出,migrants,197
110,7,17,林口區,,,,無年齡維度,0.0,女,遷出,other,0
110,7,17,林口區,,,,無年齡維度,0.0,男,遷出,other,0
110,7,17,林口區,,,,無年齡維度,0.0,女,遷出,其他縣市,0
110,7,17,林口區,,,,無年齡維度,0.0,男,遷出,其他縣市,0
110,7,17,林口區,,,,無年齡維度,0.0,女,遷出,其他鄉鎮,50
110,7,17,林口區,,,,無年齡維度,0.0,男,遷出,其他鄉鎮,42
110,7,17,林口區,,,,無年齡維度,0.0,女,遷出,合計,292
110,7,17,林口區,,,,無年齡維度,0.0,男,遷出,合計,274
110,7,17,林口區,,,,無年齡維度,0.0,女,遷出,國外,81
110,7,17,林口區,,,,無年齡維度,0.0,男,遷出,國外,59
110,7,17,林口區,,,,無年齡維度,0.0,女,遷出,新北市內,0
110,7,17,林口區,,,,無年齡維度,0.0,男,遷出,新北市內,0
110,7,17,林口區,,,,無年齡維度,0.0,女,遷出,桃園市,83
110,7,17,林口區,,,,無年齡維度,0.0,男,遷出,桃園市,79
110,7,17,林口區,,,,無年齡維度,0.0,女,遷出,福建省,0
110,7,17,林口區,,,,無年齡維度,0.0,男,遷出,福建省,1
110,7,17,林口區,,,,無年齡維度,0.0,女,遷出,臺中市,5
110,7,17,林口區,,,,無年齡維度,0.0,男,遷出,臺中市,10
110,7,17,林口區,,,,無年齡維度,0.0,女,遷出,臺北市,37
110,7,17,林口區,,,,無年齡維度,0.0,男,遷出,臺北市,51
110,7,17,林口區,,,,無年齡維度,0.0,女,遷出,臺南市,0
110,7,17,林口區,,,,無年齡維度,0.0,男,遷出,臺南市,3
110,7,17,林口區,,,,無年齡維度,0.0,女,遷出,臺灣省,33
110,7,17,林口區,,,,無年齡維度,0.0,男,遷出,臺灣省,25
110,7,17,林口區,,,,無年齡維度,0.0,女,遷出,高雄市,3
110,7,17,林口區,,,,無年齡維度,0.0,男,遷出,高雄市,4
110,7,18,八里區,,,,無年齡維度,0.0,女,遷入,migrants,26
110,7,18,八里區,,,,無年齡維度,0.0,男,遷入,migrants,16
110,7,18,八里區,,,,無年齡維度,0.0,女,遷入,other,0
110,7,18,八里區,,,,無年齡維度,0.0,男,遷入,other,0
110,7,18,八里區,,,,無年齡維度,0.0,女,遷入,其他縣市,0
110,7,18,八里區,,,,無年齡維度,0.0,男,遷入,其他縣市,0
110,7,18,八里區,,,,無年齡維度,0.0,女,遷入,其他鄉鎮,13
110,7,18,八里區,,,,無年齡維度,0.0,男,遷入,其他鄉鎮,3
110,7,18,八里區,,,,無年齡維度,0.0,女,遷入,合計,47
110,7,18,八里區,,,,無年齡維度,0.0,男,遷入,合計,41
110,7,18,八里區,,,,無年齡維度,0.0,女,遷入,國外,1
110,7,18,八里區,,,,無年齡維度,0.0,男,遷入,國外,0
110,7,18,八里區,,,,無年齡維度,0.0,女,遷入,新北市內,0
110,7,18,八里區,,,,無年齡維度,0.0,男,遷入,新北市內,0
110,7,18,八里區,,,,無年齡維度,0.0,女,遷入,桃園市,1
110,7,18,八里區,,,,無年齡維度,0.0,男,遷入,桃園市,2
110,7,18,八里區,,,,無年齡維度,0.0,女,遷入,福建省,0
110,7,18,八里區,,,,無年齡維度,0.0,男,遷入,福建省,0
110,7,18,八里區,,,,無年齡維度,0.0,女,遷入,臺中市,2
110,7,18,八里區,,,,無年齡維度,0.0,男,遷入,臺中市,0
110,7,18,八里區,,,,無年齡維度,0.0,女,遷入,臺北市,25
110,7,18,八里區,,,,無年齡維度,0.0,男,遷入,臺北市,30
110,7,18,八里區,,,,無年齡維度,0.0,女,遷入,臺南市,0
110,7,18,八里區,,,,無年齡維度,0.0,男,遷入,臺南市,0
110,7,18,八里區,,,,無年齡維度,0.0,女,遷入,臺灣省,5
110,7,18,八里區,,,,無年齡維度,0.0,男,遷入,臺灣省,5
110,7,18,八里區,,,,無年齡維度,0.0,女,遷入,高雄市,0
110,7,18,八里區,,,,無年齡維度,0.0,男,遷入,高雄市,1
110,7,18,八里區,,,,無年齡維度,0.0,女,遷出,migrants,26
110,7,18,八里區,,,,無年齡維度,0.0,男,遷出,migrants,16
110,7,18,八里區,,,,無年齡維度,0.0,女,遷出,other,0
110,7,18,八里區,,,,無年齡維度,0.0,男,遷出,other,0
110,7,18,八里區,,,,無年齡維度,0.0,女,遷出,其他縣市,0
110,7,18,八里區,,,,無年齡維度,0.0,男,遷出,其他縣市,0
110,7,18,八里區,,,,無年齡維度,0.0,女,遷出,其他鄉鎮,11
110,7,18,八里區,,,,無年齡維度,0.0,男,遷出,其他鄉鎮,10
110,7,18,八里區,,,,無年齡維度,0.0,女,遷出,合計,47
110,7,18,八里區,,,,無年齡維度,0.0,男,遷出,合計,44
110,7,18,八里區,,,,無年齡維度,0.0,女,遷出,國外,6
110,7,18,八里區,,,,無年齡維度,0.0,男,遷出,國外,7
110,7,18,八里區,,,,無年齡維度,0.0,女,遷出,新北市內,0
110,7,18,八里區,,,,無年齡維度,0.0,男,遷出,新北市內,0
110,7,18,八里區,,,,無年齡維度,0.0,女,遷出,桃園市,5
110,7,18,八里區,,,,無年齡維度,0.0,男,遷出,桃園市,4
110,7,18,八里區,,,,無年齡維度,0.0,女,遷出,福建省,0
110,7,18,八里區,,,,無年齡維度,0.0,男,遷出,福建省,0
110,7,18,八里區,,,,無年齡維度,0.0,女,遷出,臺中市,0
110,7,18,八里區,,,,無年齡維度,0.0,男,遷出,臺中市,1
110,7,18,八里區,,,,無年齡維度,0.0,女,遷出,臺北市,19
110,7,18,八里區,,,,無年齡維度,0.0,男,遷出,臺北市,14
110,7,18,八里區,,,,無年齡維度,0.0,女,遷出,臺南市,0
110,7,18,八里區,,,,無年齡維度,0.0,男,遷出,臺南市,1
110,7,18,八里區,,,,無年齡維度,0.0,女,遷出,臺灣省,4
110,7,18,八里區,,,,無年齡維度,0.0,男,遷出,臺灣省,6
110,7,18,八里區,,,,無年齡維度,0.0,女,遷出,高雄市,2
110,7,18,八里區,,,,無年齡維度,0.0,男,遷出,高雄市,1
110,7,19,深坑區,,,,無年齡維度,0.0,女,遷入,migrants,2
110,7,19,深坑區,,,,無年齡維度,0.0,男,遷入,migrants,0
110,7,19,深坑區,,,,無年齡維度,0.0,女,遷入,other,0
110,7,19,深坑區,,,,無年齡維度,0.0,男,遷入,other,0
110,7,19,深坑區,,,,無年齡維度,0.0,女,遷入,其他縣市,0
110,7,19,深坑區,,,,無年齡維度,0.0,男,遷入,其他縣市,0
110,7,19,深坑區,,,,無年齡維度,0.0,女,遷入,其他鄉鎮,2
110,7,19,深坑區,,,,無年齡維度,0.0,男,遷入,其他鄉鎮,3
110,7,19,深坑區,,,,無年齡維度,0.0,女,遷入,合計,14
110,7,19,深坑區,,,,無年齡維度,0.0,男,遷入,合計,10
110,7,19,深坑區,,,,無年齡維度,0.0,女,遷入,國外,0
110,7,19,深坑區,,,,無年齡維度,0.0,男,遷入,國外,0
110,7,19,深坑區,,,,無年齡維度,0.0,女,遷入,新北市內,0
110,7,19,深坑區,,,,無年齡維度,0.0,男,遷入,新北市內,0
110,7,19,深坑區,,,,無年齡維度,0.0,女,遷入,桃園市,1
110,7,19,深坑區,,,,無年齡維度,0.0,男,遷入,桃園市,2
110,7,19,深坑區,,,,無年齡維度,0.0,女,遷入,福建省,0
110,7,19,深坑區,,,,無年齡維度,0.0,男,遷入,福建省,1
110,7,19,深坑區,,,,無年齡維度,0.0,女,遷入,臺中市,0
110,7,19,深坑區,,,,無年齡維度,0.0,男,遷入,臺中市,0
110,7,19,深坑區,,,,無年齡維度,0.0,女,遷入,臺北市,8
110,7,19,深坑區,,,,無年齡維度,0.0,男,遷入,臺北市,4
110,7,19,深坑區,,,,無年齡維度,0.0,女,遷入,臺南市,0
110,7,19,深坑區,,,,無年齡維度,0.0,男,遷入,臺南市,0
110,7,19,深坑區,,,,無年齡維度,0.0,女,遷入,臺灣省,3
110,7,19,深坑區,,,,無年齡維度,0.0,男,遷入,臺灣省,0
110,7,19,深坑區,,,,無年齡維度,0.0,女,遷入,高雄市,0
110,7,19,深坑區,,,,無年齡維度,0.0,男,遷入,高雄市,0
110,7,19,深坑區,,,,無年齡維度,0.0,女,遷出,migrants,2
110,7,19,深坑區,,,,無年齡維度,0.0,男,遷出,migrants,0
110,7,19,深坑區,,,,無年齡維度,0.0,女,遷出,other,0
110,7,19,深坑區,,,,無年齡維度,0.0,男,遷出,other,0
110,7,19,深坑區,,,,無年齡維度,0.0,女,遷出,其他縣市,0
110,7,19,深坑區,,,,無年齡維度,0.0,男,遷出,其他縣市,0
110,7,19,深坑區,,,,無年齡維度,0.0,女,遷出,其他鄉鎮,8
110,7,19,深坑區,,,,無年齡維度,0.0,男,遷出,其他鄉鎮,7
110,7,19,深坑區,,,,無年齡維度,0.0,女,遷出,合計,15
110,7,19,深坑區,,,,無年齡維度,0.0,男,遷出,合計,9
110,7,19,深坑區,,,,無年齡維度,0.0,女,遷出,國外,4
110,7,19,深坑區,,,,無年齡維度,0.0,男,遷出,國外,1
110,7,19,深坑區,,,,無年齡維度,0.0,女,遷出,新北市內,0
110,7,19,深坑區,,,,無年齡維度,0.0,男,遷出,新北市內,0
110,7,19,深坑區,,,,無年齡維度,0.0,女,遷出,桃園市,1
110,7,19,深坑區,,,,無年齡維度,0.0,男,遷出,桃園市,0
110,7,19,深坑區,,,,無年齡維度,0.0,女,遷出,福建省,0
110,7,19,深坑區,,,,無年齡維度,0.0,男,遷出,福建省,0
110,7,19,深坑區,,,,無年齡維度,0.0,女,遷出,臺中市,0
110,7,19,深坑區,,,,無年齡維度,0.0,男,遷出,臺中市,0
110,7,19,深坑區,,,,無年齡維度,0.0,女,遷出,臺北市,1
110,7,19,深坑區,,,,無年齡維度,0.0,男,遷出,臺北市,0
110,7,19,深坑區,,,,無年齡維度,0.0,女,遷出,臺南市,0
110,7,19,深坑區,,,,無年齡維度,0.0,男,遷出,臺南市,0
110,7,19,深坑區,,,,無年齡維度,0.0,女,遷出,臺灣省,1
110,7,19,深坑區,,,,無年齡維度,0.0,男,遷出,臺灣省,1
110,7,19,深坑區,,,,無年齡維度,0.0,女,遷出,高雄市,0
110,7,19,深坑區,,,,無年齡維度,0.0,男,遷出,高雄市,0
110,7,20,石碇區,,,,無年齡維度,0.0,女,遷入,migrants,2
110,7,20,石碇區,,,,無年齡維度,0.0,男,遷入,migrants,3
110,7,20,石碇區,,,,無年齡維度,0.0,女,遷入,other,0
110,7,20,石碇區,,,,無年齡維度,0.0,男,遷入,other,0
110,7,20,石碇區,,,,無年齡維度,0.0,女,遷入,其他縣市,0
110,7,20,石碇區,,,,無年齡維度,0.0,男,遷入,其他縣市,0
110,7,20,石碇區,,,,無年齡維度,0.0,女,遷入,其他鄉鎮,4
110,7,20,石碇區,,,,無年齡維度,0.0,男,遷入,其他鄉鎮,4
110,7,20,石碇區,,,,無年齡維度,0.0,女,遷入,合計,8
110,7,20,石碇區,,,,無年齡維度,0.0,男,遷入,合計,7
110,7,20,石碇區,,,,無年齡維度,0.0,女,遷入,國外,0
110,7,20,石碇區,,,,無年齡維度,0.0,男,遷入,國外,0
110,7,20,石碇區,,,,無年齡維度,0.0,女,遷入,新北市內,0
110,7,20,石碇區,,,,無年齡維度,0.0,男,遷入,新北市內,0
110,7,20,石碇區,,,,無年齡維度,0.0,女,遷入,桃園市,0
110,7,20,石碇區,,,,無年齡維度,0.0,男,遷入,桃園市,0
110,7,20,石碇區,,,,無年齡維度,0.0,女,遷入,福建省,0
110,7,20,石碇區,,,,無年齡維度,0.0,男,遷入,福建省,0
110,7,20,石碇區,,,,無年齡維度,0.0,女,遷入,臺中市,2
110,7,20,石碇區,,,,無年齡維度,0.0,男,遷入,臺中市,1
110,7,20,石碇區,,,,無年齡維度,0.0,女,遷入,臺北市,2
110,7,20,石碇區,,,,無年齡維度,0.0,男,遷入,臺北市,1
110,7,20,石碇區,,,,無年齡維度,0.0,女,遷入,臺南市,0
110,7,20,石碇區,,,,無年齡維度,0.0,男,遷入,臺南市,0
110,7,20,石碇區,,,,無年齡維度,0.0,女,遷入,臺灣省,0
110,7,20,石碇區,,,,無年齡維度,0.0,男,遷入,臺灣省,1
110,7,20,石碇區,,,,無年齡維度,0.0,女,遷入,高雄市,0
110,7,20,石碇區,,,,無年齡維度,0.0,男,遷入,高雄市,0
110,7,20,石碇區,,,,無年齡維度,0.0,女,遷出,migrants,2
110,7,20,石碇區,,,,無年齡維度,0.0,男,遷出,migrants,3
110,7,20,石碇區,,,,無年齡維度,0.0,女,遷出,other,0
110,7,20,石碇區,,,,無年齡維度,0.0,男,遷出,other,0
110,7,20,石碇區,,,,無年齡維度,0.0,女,遷出,其他縣市,0
110,7,20,石碇區,,,,無年齡維度,0.0,男,遷出,其他縣市,0
110,7,20,石碇區,,,,無年齡維度,0.0,女,遷出,其他鄉鎮,7
110,7,20,石碇區,,,,無年齡維度,0.0,男,遷出,其他鄉鎮,9
110,7,20,石碇區,,,,無年齡維度,0.0,女,遷出,合計,11
110,7,20,石碇區,,,,無年齡維度,0.0,男,遷出,合計,12
110,7,20,石碇區,,,,無年齡維度,0.0,女,遷出,國外,0
110,7,20,石碇區,,,,無年齡維度,0.0,男,遷出,國外,2
110,7,20,石碇區,,,,無年齡維度,0.0,女,遷出,新北市內,0
110,7,20,石碇區,,,,無年齡維度,0.0,男,遷出,新北市內,0
110,7,20,石碇區,,,,無年齡維度,0.0,女,遷出,桃園市,1
110,7,20,石碇區,,,,無年齡維度,0.0,男,遷出,桃園市,1
110,7,20,石碇區,,,,無年齡維度,0.0,女,遷出,福建省,0
110,7,20,石碇區,,,,無年齡維度,0.0,男,遷出,福建省,0
110,7,20,石碇區,,,,無年齡維度,0.0,女,遷出,臺中市,0
110,7,20,石碇區,,,,無年齡維度,0.0,男,遷出,臺中市,0
110,7,20,石碇區,,,,無年齡維度,0.0,女,遷出,臺北市,2
110,7,20,石碇區,,,,無年齡維度,0.0,男,遷出,臺北市,0
110,7,20,石碇區,,,,無年齡維度,0.0,女,遷出,臺南市,0
110,7,20,石碇區,,,,無年齡維度,0.0,男,遷出,臺南市,0
110,7,20,石碇區,,,,無年齡維度,0.0,女,遷出,臺灣省,1
110,7,20,石碇區,,,,無年齡維度,0.0,男,遷出,臺灣省,0
110,7,20,石碇區,,,,無年齡維度,0.0,女,遷出,高雄市,0
110,7,20,石碇區,,,,無年齡維度,0.0,男,遷出,高雄市,0
110,7,21,坪林區,,,,無年齡維度,0.0,女,遷入,migrants,14
110,7,21,坪林區,,,,無年齡維度,0.0,男,遷入,migrants,13
110,7,21,坪林區,,,,無年齡維度,0.0,女,遷入,other,0
110,7,21,坪林區,,,,無年齡維度,0.0,男,遷入,other,0
110,7,21,坪林區,,,,無年齡維度,0.0,女,遷入,其他縣市,0
110,7,21,坪林區,,,,無年齡維度,0.0,男,遷入,其他縣市,0
110,7,21,坪林區,,,,無年齡維度,0.0,女,遷入,其他鄉鎮,17
110,7,21,坪林區,,,,無年齡維度,0.0,男,遷入,其他鄉鎮,16
110,7,21,坪林區,,,,無年齡維度,0.0,女,遷入,合計,30
110,7,21,坪林區,,,,無年齡維度,0.0,男,遷入,合計,29
110,7,21,坪林區,,,,無年齡維度,0.0,女,遷入,國外,1
110,7,21,坪林區,,,,無年齡維度,0.0,男,遷入,國外,1
110,7,21,坪林區,,,,無年齡維度,0.0,女,遷入,新北市內,0
110,7,21,坪林區,,,,無年齡維度,0.0,男,遷入,新北市內,0
110,7,21,坪林區,,,,無年齡維度,0.0,女,遷入,桃園市,1
110,7,21,坪林區,,,,無年齡維度,0.0,男,遷入,桃園市,1
110,7,21,坪林區,,,,無年齡維度,0.0,女,遷入,福建省,0
110,7,21,坪林區,,,,無年齡維度,0.0,男,遷入,福建省,0
110,7,21,坪林區,,,,無年齡維度,0.0,女,遷入,臺中市,1
110,7,21,坪林區,,,,無年齡維度,0.0,男,遷入,臺中市,0
110,7,21,坪林區,,,,無年齡維度,0.0,女,遷入,臺北市,3
110,7,21,坪林區,,,,無年齡維度,0.0,男,遷入,臺北市,5
110,7,21,坪林區,,,,無年齡維度,0.0,女,遷入,臺南市,0
110,7,21,坪林區,,,,無年齡維度,0.0,男,遷入,臺南市,1
110,7,21,坪林區,,,,無年齡維度,0.0,女,遷入,臺灣省,4
110,7,21,坪林區,,,,無年齡維度,0.0,男,遷入,臺灣省,3
110,7,21,坪林區,,,,無年齡維度,0.0,女,遷入,高雄市,2
110,7,21,坪林區,,,,無年齡維度,0.0,男,遷入,高雄市,1
110,7,21,坪林區,,,,無年齡維度,0.0,女,遷出,migrants,14
110,7,21,坪林區,,,,無年齡維度,0.0,男,遷出,migrants,13
110,7,21,坪林區,,,,無年齡維度,0.0,女,遷出,other,0
110,7,21,坪林區,,,,無年齡維度,0.0,男,遷出,other,0
110,7,21,坪林區,,,,無年齡維度,0.0,女,遷出,其他縣市,0
110,7,21,坪林區,,,,無年齡維度,0.0,男,遷出,其他縣市,0
110,7,21,坪林區,,,,無年齡維度,0.0,女,遷出,其他鄉鎮,14
110,7,21,坪林區,,,,無年齡維度,0.0,男,遷出,其他鄉鎮,15
110,7,21,坪林區,,,,無年齡維度,0.0,女,遷出,合計,33
110,7,21,坪林區,,,,無年齡維度,0.0,男,遷出,合計,26
110,7,21,坪林區,,,,無年齡維度,0.0,女,遷出,國外,8
110,7,21,坪林區,,,,無年齡維度,0.0,男,遷出,國外,2
110,7,21,坪林區,,,,無年齡維度,0.0,女,遷出,新北市內,0
110,7,21,坪林區,,,,無年齡維度,0.0,男,遷出,新北市內,0
110,7,21,坪林區,,,,無年齡維度,0.0,女,遷出,桃園市,0
110,7,21,坪林區,,,,無年齡維度,0.0,男,遷出,桃園市,0
110,7,21,坪林區,,,,無年齡維度,0.0,女,遷出,福建省,0
110,7,21,坪林區,,,,無年齡維度,0.0,男,遷出,福建省,0
110,7,21,坪林區,,,,無年齡維度,0.0,女,遷出,臺中市,1
110,7,21,坪林區,,,,無年齡維度,0.0,男,遷出,臺中市,0
110,7,21,坪林區,,,,無年齡維度,0.0,女,遷出,臺北市,4
110,7,21,坪林區,,,,無年齡維度,0.0,男,遷出,臺北市,4
110,7,21,坪林區,,,,無年齡維度,0.0,女,遷出,臺南市,2
110,7,21,坪林區,,,,無年齡維度,0.0,男,遷出,臺南市,0
110,7,21,坪林區,,,,無年齡維度,0.0,女,遷出,臺灣省,2
110,7,21,坪林區,,,,無年齡維度,0.0,男,遷出,臺灣省,5
110,7,21,坪林區,,,,無年齡維度,0.0,女,遷出,高雄市,2
110,7,21,坪林區,,,,無年齡維度,0.0,男,遷出,高雄市,0
110,7,22,三芝區,,,,無年齡維度,0.0,女,遷入,migrants,0
110,7,22,三芝區,,,,無年齡維度,0.0,男,遷入,migrants,1
110,7,22,三芝區,,,,無年齡維度,0.0,女,遷入,other,0
110,7,22,三芝區,,,,無年齡維度,0.0,男,遷入,other,0
110,7,22,三芝區,,,,無年齡維度,0.0,女,遷入,其他縣市,0
110,7,22,三芝區,,,,無年齡維度,0.0,男,遷入,其他縣市,0
110,7,22,三芝區,,,,無年齡維度,0.0,女,遷入,其他鄉鎮,6
110,7,22,三芝區,,,,無年齡維度,0.0,男,遷入,其他鄉鎮,5
110,7,22,三芝區,,,,無年齡維度,0.0,女,遷入,合計,10
110,7,22,三芝區,,,,無年齡維度,0.0,男,遷入,合計,5
110,7,22,三芝區,,,,無年齡維度,0.0,女,遷入,國外,0
110,7,22,三芝區,,,,無年齡維度,0.0,男,遷入,國外,0
110,7,22,三芝區,,,,無年齡維度,0.0,女,遷入,新北市內,0
110,7,22,三芝區,,,,無年齡維度,0.0,男,遷入,新北市內,0
110,7,22,三芝區,,,,無年齡維度,0.0,女,遷入,桃園市,2
110,7,22,三芝區,,,,無年齡維度,0.0,男,遷入,桃園市,0
110,7,22,三芝區,,,,無年齡維度,0.0,女,遷入,福建省,0
110,7,22,三芝區,,,,無年齡維度,0.0,男,遷入,福建省,0
110,7,22,三芝區,,,,無年齡維度,0.0,女,遷入,臺中市,0
110,7,22,三芝區,,,,無年齡維度,0.0,男,遷入,臺中市,0
110,7,22,三芝區,,,,無年齡維度,0.0,女,遷入,臺北市,1
110,7,22,三芝區,,,,無年齡維度,0.0,男,遷入,臺北市,0
110,7,22,三芝區,,,,無年齡維度,0.0,女,遷入,臺南市,0
110,7,22,三芝區,,,,無年齡維度,0.0,男,遷入,臺南市,0
110,7,22,三芝區,,,,無年齡維度,0.0,女,遷入,臺灣省,1
110,7,22,三芝區,,,,無年齡維度,0.0,男,遷入,臺灣省,0
110,7,22,三芝區,,,,無年齡維度,0.0,女,遷入,高雄市,0
110,7,22,三芝區,,,,無年齡維度,0.0,男,遷入,高雄市,0
110,7,22,三芝區,,,,無年齡維度,0.0,女,遷出,migrants,0
110,7,22,三芝區,,,,無年齡維度,0.0,男,遷出,migrants,1
110,7,22,三芝區,,,,無年齡維度,0.0,女,遷出,other,0
110,7,22,三芝區,,,,無年齡維度,0.0,男,遷出,other,0
110,7,22,三芝區,,,,無年齡維度,0.0,女,遷出,其他縣市,0
110,7,22,三芝區,,,,無年齡維度,0.0,男,遷出,其他縣市,0
110,7,22,三芝區,,,,無年齡維度,0.0,女,遷出,其他鄉鎮,5
110,7,22,三芝區,,,,無年齡維度,0.0,男,遷出,其他鄉鎮,10
110,7,22,三芝區,,,,無年齡維度,0.0,女,遷出,合計,16
110,7,22,三芝區,,,,無年齡維度,0.0,男,遷出,合計,13
110,7,22,三芝區,,,,無年齡維度,0.0,女,遷出,國外,4
110,7,22,三芝區,,,,無年齡維度,0.0,男,遷出,國外,2
110,7,22,三芝區,,,,無年齡維度,0.0,女,遷出,新北市內,0
110,7,22,三芝區,,,,無年齡維度,0.0,男,遷出,新北市內,0
110,7,22,三芝區,,,,無年齡維度,0.0,女,遷出,桃園市,0
110,7,22,三芝區,,,,無年齡維度,0.0,男,遷出,桃園市,0
110,7,22,三芝區,,,,無年齡維度,0.0,女,遷出,福建省,0
110,7,22,三芝區,,,,無年齡維度,0.0,男,遷出,福建省,0
110,7,22,三芝區,,,,無年齡維度,0.0,女,遷出,臺中市,0
110,7,22,三芝區,,,,無年齡維度,0.0,男,遷出,臺中市,0
110,7,22,三芝區,,,,無年齡維度,0.0,女,遷出,臺北市,2
110,7,22,三芝區,,,,無年齡維度,0.0,男,遷出,臺北市,1
110,7,22,三芝區,,,,無年齡維度,0.0,女,遷出,臺南市,0
110,7,22,三芝區,,,,無年齡維度,0.0,男,遷出,臺南市,0
110,7,22,三芝區,,,,無年齡維度,0.0,女,遷出,臺灣省,5
110,7,22,三芝區,,,,無年齡維度,0.0,男,遷出,臺灣省,0
110,7,22,三芝區,,,,無年齡維度,0.0,女,遷出,高雄市,0
110,7,22,三芝區,,,,無年齡維度,0.0,男,遷出,高雄市,0
110,7,23,石門區,,,,無年齡維度,0.0,女,遷入,migrants,51
110,7,23,石門區,,,,無年齡維度,0.0,男,遷入,migrants,67
110,7,23,石門區,,,,無年齡維度,0.0,女,遷入,other,0
110,7,23,石門區,,,,無年齡維度,0.0,男,遷入,other,0
110,7,23,石門區,,,,無年齡維度,0.0,女,遷入,其他縣市,0
110,7,23,石門區,,,,無年齡維度,0.0,男,遷入,其他縣市,0
110,7,23,石門區,,,,無年齡維度,0.0,女,遷入,其他鄉鎮,33
110,7,23,石門區,,,,無年齡維度,0.0,男,遷入,其他鄉鎮,49
110,7,23,石門區,,,,無年齡維度,0.0,女,遷入,合計,80
110,7,23,石門區,,,,無年齡維度,0.0,男,遷入,合計,84
110,7,23,石門區,,,,無年齡維度,0.0,女,遷入,國外,1
110,7,23,石門區,,,,無年齡維度,0.0,男,遷入,國外,1
110,7,23,石門區,,,,無年齡維度,0.0,女,遷入,新北市內,0
110,7,23,石門區,,,,無年齡維度,0.0,男,遷入,新北市內,0
110,7,23,石門區,,,,無年齡維度,0.0,女,遷入,桃園市,6
110,7,23,石門區,,,,無年齡維度,0.0,男,遷入,桃園市,4
110,7,23,石門區,,,,無年齡維度,0.0,女,遷入,福建省,1
110,7,23,石門區,,,,無年齡維度,0.0,男,遷入,福建省,0
110,7,23,石門區,,,,無年齡維度,0.0,女,遷入,臺中市,1
110,7,23,石門區,,,,無年齡維度,0.0,男,遷入,臺中市,2
110,7,23,石門區,,,,無年齡維度,0.0,女,遷入,臺北市,26
110,7,23,石門區,,,,無年齡維度,0.0,男,遷入,臺北市,15
110,7,23,石門區,,,,無年齡維度,0.0,女,遷入,臺南市,0
110,7,23,石門區,,,,無年齡維度,0.0,男,遷入,臺南市,1
110,7,23,石門區,,,,無年齡維度,0.0,女,遷入,臺灣省,10
110,7,23,石門區,,,,無年齡維度,0.0,男,遷入,臺灣省,11
110,7,23,石門區,,,,無年齡維度,0.0,女,遷入,高雄市,0
110,7,23,石門區,,,,無年齡維度,0.0,男,遷入,高雄市,1
110,7,23,石門區,,,,無年齡維度,0.0,女,遷出,migrants,51
110,7,23,石門區,,,,無年齡維度,0.0,男,遷出,migrants,67
110,7,23,石門區,,,,無年齡維度,0.0,女,遷出,other,0
110,7,23,石門區,,,,無年齡維度,0.0,男,遷出,other,0
110,7,23,石門區,,,,無年齡維度,0.0,女,遷出,其他縣市,0
110,7,23,石門區,,,,無年齡維度,0.0,男,遷出,其他縣市,0
110,7,23,石門區,,,,無年齡維度,0.0,女,遷出,其他鄉鎮,30
110,7,23,石門區,,,,無年齡維度,0.0,男,遷出,其他鄉鎮,24
110,7,23,石門區,,,,無年齡維度,0.0,女,遷出,合計,80
110,7,23,石門區,,,,無年齡維度,0.0,男,遷出,合計,64
110,7,23,石門區,,,,無年齡維度,0.0,女,遷出,國外,20
110,7,23,石門區,,,,無年齡維度,0.0,男,遷出,國外,13
110,7,23,石門區,,,,無年齡維度,0.0,女,遷出,新北市內,0
110,7,23,石門區,,,,無年齡維度,0.0,男,遷出,新北市內,0
110,7,23,石門區,,,,無年齡維度,0.0,女,遷出,桃園市,3
110,7,23,石門區,,,,無年齡維度,0.0,男,遷出,桃園市,4
110,7,23,石門區,,,,無年齡維度,0.0,女,遷出,福建省,0
110,7,23,石門區,,,,無年齡維度,0.0,男,遷出,福建省,0
110,7,23,石門區,,,,無年齡維度,0.0,女,遷出,臺中市,1
110,7,23,石門區,,,,無年齡維度,0.0,男,遷出,臺中市,1
110,7,23,石門區,,,,無年齡維度,0.0,女,遷出,臺北市,15
110,7,23,石門區,,,,無年齡維度,0.0,男,遷出,臺北市,14
110,7,23,石門區,,,,無年齡維度,0.0,女,遷出,臺南市,2
110,7,23,石門區,,,,無年齡維度,0.0,男,遷出,臺南市,3
110,7,23,石門區,,,,無年齡維度,0.0,女,遷出,臺灣省,8
110,7,23,石門區,,,,無年齡維度,0.0,男,遷出,臺灣省,4
110,7,23,石門區,,,,無年齡維度,0.0,女,遷出,高雄市,1
110,7,23,石門區,,,,無年齡維度,0.0,男,遷出,高雄市,1
110,7,24,金山區,,,,無年齡維度,0.0,女,遷入,migrants,2
110,7,24,金山區,,,,無年齡維度,0.0,男,遷入,migrants,3
110,7,24,金山區,,,,無年齡維度,0.0,女,遷入,other,0
110,7,24,金山區,,,,無年齡維度,0.0,男,遷入,other,0
110,7,24,金山區,,,,無年齡維度,0.0,女,遷入,其他縣市,0
110,7,24,金山區,,,,無年齡維度,0.0,男,遷入,其他縣市,0
110,7,24,金山區,,,,無年齡維度,0.0,女,遷入,其他鄉鎮,5
110,7,24,金山區,,,,無年齡維度,0.0,男,遷入,其他鄉鎮,5
110,7,24,金山區,,,,無年齡維度,0.0,女,遷入,合計,10
110,7,24,金山區,,,,無年齡維度,0.0,男,遷入,合計,8
110,7,24,金山區,,,,無年齡維度,0.0,女,遷入,國外,0
110,7,24,金山區,,,,無年齡維度,0.0,男,遷入,國外,0
110,7,24,金山區,,,,無年齡維度,0.0,女,遷入,新北市內,0
110,7,24,金山區,,,,無年齡維度,0.0,男,遷入,新北市內,0
110,7,24,金山區,,,,無年齡維度,0.0,女,遷入,桃園市,1
110,7,24,金山區,,,,無年齡維度,0.0,男,遷入,桃園市,1
110,7,24,金山區,,,,無年齡維度,0.0,女,遷入,福建省,0
110,7,24,金山區,,,,無年齡維度,0.0,男,遷入,福建省,0
110,7,24,金山區,,,,無年齡維度,0.0,女,遷入,臺中市,0
110,7,24,金山區,,,,無年齡維度,0.0,男,遷入,臺中市,0
110,7,24,金山區,,,,無年齡維度,0.0,女,遷入,臺北市,1
110,7,24,金山區,,,,無年齡維度,0.0,男,遷入,臺北市,1
110,7,24,金山區,,,,無年齡維度,0.0,女,遷入,臺南市,0
110,7,24,金山區,,,,無年齡維度,0.0,男,遷入,臺南市,0
110,7,24,金山區,,,,無年齡維度,0.0,女,遷入,臺灣省,2
110,7,24,金山區,,,,無年齡維度,0.0,男,遷入,臺灣省,1
110,7,24,金山區,,,,無年齡維度,0.0,女,遷入,高雄市,1
110,7,24,金山區,,,,無年齡維度,0.0,男,遷入,高雄市,0
110,7,24,金山區,,,,無年齡維度,0.0,女,遷出,migrants,2
110,7,24,金山區,,,,無年齡維度,0.0,男,遷出,migrants,3
110,7,24,金山區,,,,無年齡維度,0.0,女,遷出,other,0
110,7,24,金山區,,,,無年齡維度,0.0,男,遷出,other,0
110,7,24,金山區,,,,無年齡維度,0.0,女,遷出,其他縣市,0
110,7,24,金山區,,,,無年齡維度,0.0,男,遷出,其他縣市,0
110,7,24,金山區,,,,無年齡維度,0.0,女,遷出,其他鄉鎮,3
110,7,24,金山區,,,,無年齡維度,0.0,男,遷出,其他鄉鎮,5
110,7,24,金山區,,,,無年齡維度,0.0,女,遷出,合計,9
110,7,24,金山區,,,,無年齡維度,0.0,男,遷出,合計,11
110,7,24,金山區,,,,無年齡維度,0.0,女,遷出,國外,0
110,7,24,金山區,,,,無年齡維度,0.0,男,遷出,國外,1
110,7,24,金山區,,,,無年齡維度,0.0,女,遷出,新北市內,0
110,7,24,金山區,,,,無年齡維度,0.0,男,遷出,新北市內,0
110,7,24,金山區,,,,無年齡維度,0.0,女,遷出,桃園市,0
110,7,24,金山區,,,,無年齡維度,0.0,男,遷出,桃園市,0
110,7,24,金山區,,,,無年齡維度,0.0,女,遷出,福建省,0
110,7,24,金山區,,,,無年齡維度,0.0,男,遷出,福建省,0
110,7,24,金山區,,,,無年齡維度,0.0,女,遷出,臺中市,4
110,7,24,金山區,,,,無年齡維度,0.0,男,遷出,臺中市,3
110,7,24,金山區,,,,無年齡維度,0.0,女,遷出,臺北市,1
110,7,24,金山區,,,,無年齡維度,0.0,男,遷出,臺北市,1
110,7,24,金山區,,,,無年齡維度,0.0,女,遷出,臺南市,0
110,7,24,金山區,,,,無年齡維度,0.0,男,遷出,臺南市,0
110,7,24,金山區,,,,無年齡維度,0.0,女,遷出,臺灣省,1
110,7,24,金山區,,,,無年齡維度,0.0,男,遷出,臺灣省,1
110,7,24,金山區,,,,無年齡維度,0.0,女,遷出,高雄市,0
110,7,24,金山區,,,,無年齡維度,0.0,男,遷出,高雄市,0
110,7,25,萬里區,,,,無年齡維度,0.0,女,遷入,migrants,0
110,7,25,萬里區,,,,無年齡維度,0.0,男,遷入,migrants,2
110,7,25,萬里區,,,,無年齡維度,0.0,女,遷入,other,0
110,7,25,萬里區,,,,無年齡維度,0.0,男,遷入,other,0
110,7,25,萬里區,,,,無年齡維度,0.0,女,遷入,其他縣市,0
110,7,25,萬里區,,,,無年齡維度,0.0,男,遷入,其他縣市,0
110,7,25,萬里區,,,,無年齡維度,0.0,女,遷入,其他鄉鎮,1
110,7,25,萬里區,,,,無年齡維度,0.0,男,遷入,其他鄉鎮,3
110,7,25,萬里區,,,,無年齡維度,0.0,女,遷入,合計,7
110,7,25,萬里區,,,,無年齡維度,0.0,男,遷入,合計,10
110,7,25,萬里區,,,,無年齡維度,0.0,女,遷入,國外,0
110,7,25,萬里區,,,,無年齡維度,0.0,男,遷入,國外,1
110,7,25,萬里區,,,,無年齡維度,0.0,女,遷入,新北市內,0
110,7,25,萬里區,,,,無年齡維度,0.0,男,遷入,新北市內,0
110,7,25,萬里區,,,,無年齡維度,0.0,女,遷入,桃園市,0
110,7,25,萬里區,,,,無年齡維度,0.0,男,遷入,桃園市,3
110,7,25,萬里區,,,,無年齡維度,0.0,女,遷入,福建省,0
110,7,25,萬里區,,,,無年齡維度,0.0,男,遷入,福建省,0
110,7,25,萬里區,,,,無年齡維度,0.0,女,遷入,臺中市,0
110,7,25,萬里區,,,,無年齡維度,0.0,男,遷入,臺中市,0
110,7,25,萬里區,,,,無年齡維度,0.0,女,遷入,臺北市,1
110,7,25,萬里區,,,,無年齡維度,0.0,男,遷入,臺北市,1
110,7,25,萬里區,,,,無年齡維度,0.0,女,遷入,臺南市,0
110,7,25,萬里區,,,,無年齡維度,0.0,男,遷入,臺南市,0
110,7,25,萬里區,,,,無年齡維度,0.0,女,遷入,臺灣省,4
110,7,25,萬里區,,,,無年齡維度,0.0,男,遷入,臺灣省,2
110,7,25,萬里區,,,,無年齡維度,0.0,女,遷入,高雄市,1
110,7,25,萬里區,,,,無年齡維度,0.0,男,遷入,高雄市,0
110,7,25,萬里區,,,,無年齡維度,0.0,女,遷出,migrants,0
110,7,25,萬里區,,,,無年齡維度,0.0,男,遷出,migrants,2
110,7,25,萬里區,,,,無年齡維度,0.0,女,遷出,other,0
110,7,25,萬里區,,,,無年齡維度,0.0,男,遷出,other,0
110,7,25,萬里區,,,,無年齡維度,0.0,女,遷出,其他縣市,0
110,7,25,萬里區,,,,無年齡維度,0.0,男,遷出,其他縣市,0
110,7,25,萬里區,,,,無年齡維度,0.0,女,遷出,其他鄉鎮,7
110,7,25,萬里區,,,,無年齡維度,0.0,男,遷出,其他鄉鎮,6
110,7,25,萬里區,,,,無年齡維度,0.0,女,遷出,合計,10
110,7,25,萬里區,,,,無年齡維度,0.0,男,遷出,合計,17
110,7,25,萬里區,,,,無年齡維度,0.0,女,遷出,國外,0
110,7,25,萬里區,,,,無年齡維度,0.0,男,遷出,國外,0
110,7,25,萬里區,,,,無年齡維度,0.0,女,遷出,新北市內,0
110,7,25,萬里區,,,,無年齡維度,0.0,男,遷出,新北市內,0
110,7,25,萬里區,,,,無年齡維度,0.0,女,遷出,桃園市,0
110,7,25,萬里區,,,,無年齡維度,0.0,男,遷出,桃園市,3
110,7,25,萬里區,,,,無年齡維度,0.0,女,遷出,福建省,0
110,7,25,萬里區,,,,無年齡維度,0.0,男,遷出,福建省,1
110,7,25,萬里區,,,,無年齡維度,0.0,女,遷出,臺中市,0
110,7,25,萬里區,,,,無年齡維度,0.0,男,遷出,臺中市,0
110,7,25,萬里區,,,,無年齡維度,0.0,女,遷出,臺北市,2
110,7,25,萬里區,,,,無年齡維度,0.0,男,遷出,臺北市,0
110,7,25,萬里區,,,,無年齡維度,0.0,女,遷出,臺南市,0
110,7,25,萬里區,,,,無年齡維度,0.0,男,遷出,臺南市,0
110,7,25,萬里區,,,,無年齡維度,0.0,女,遷出,臺灣省,1
110,7,25,萬里區,,,,無年齡維度,0.0,男,遷出,臺灣省,7
110,7,25,萬里區,,,,無年齡維度,0.0,女,遷出,高雄市,0
110,7,25,萬里區,,,,無年齡維度,0.0,男,遷出,高雄市,0
110,7,26,平溪區,,,,無年齡維度,0.0,女,遷入,migrants,2
110,7,26,平溪區,,,,無年齡維度,0.0,男,遷入,migrants,10
110,7,26,平溪區,,,,無年齡維度,0.0,女,遷入,other,0
110,7,26,平溪區,,,,無年齡維度,0.0,男,遷入,other,0
110,7,26,平溪區,,,,無年齡維度,0.0,女,遷入,其他縣市,0
110,7,26,平溪區,,,,無年齡維度,0.0,男,遷入,其他縣市,0
110,7,26,平溪區,,,,無年齡維度,0.0,女,遷入,其他鄉鎮,3
110,7,26,平溪區,,,,無年齡維度,0.0,男,遷入,其他鄉鎮,7
110,7,26,平溪區,,,,無年齡維度,0.0,女,遷入,合計,8
110,7,26,平溪區,,,,無年齡維度,0.0,男,遷入,合計,10
110,7,26,平溪區,,,,無年齡維度,0.0,女,遷入,國外,1
110,7,26,平溪區,,,,無年齡維度,0.0,男,遷入,國外,1
110,7,26,平溪區,,,,無年齡維度,0.0,女,遷入,新北市內,0
110,7,26,平溪區,,,,無年齡維度,0.0,男,遷入,新北市內,0
110,7,26,平溪區,,,,無年齡維度,0.0,女,遷入,桃園市,2
110,7,26,平溪區,,,,無年齡維度,0.0,男,遷入,桃園市,0
110,7,26,平溪區,,,,無年齡維度,0.0,女,遷入,福建省,0
110,7,26,平溪區,,,,無年齡維度,0.0,男,遷入,福建省,0
110,7,26,平溪區,,,,無年齡維度,0.0,女,遷入,臺中市,0
110,7,26,平溪區,,,,無年齡維度,0.0,男,遷入,臺中市,0
110,7,26,平溪區,,,,無年齡維度,0.0,女,遷入,臺北市,0
110,7,26,平溪區,,,,無年齡維度,0.0,男,遷入,臺北市,0
110,7,26,平溪區,,,,無年齡維度,0.0,女,遷入,臺南市,0
110,7,26,平溪區,,,,無年齡維度,0.0,男,遷入,臺南市,0
110,7,26,平溪區,,,,無年齡維度,0.0,女,遷入,臺灣省,2
110,7,26,平溪區,,,,無年齡維度,0.0,男,遷入,臺灣省,2
110,7,26,平溪區,,,,無年齡維度,0.0,女,遷入,高雄市,0
110,7,26,平溪區,,,,無年齡維度,0.0,男,遷入,高雄市,0
110,7,26,平溪區,,,,無年齡維度,0.0,女,遷出,migrants,2
110,7,26,平溪區,,,,無年齡維度,0.0,男,遷出,migrants,10
110,7,26,平溪區,,,,無年齡維度,0.0,女,遷出,other,0
110,7,26,平溪區,,,,無年齡維度,0.0,男,遷出,other,0
110,7,26,平溪區,,,,無年齡維度,0.0,女,遷出,其他縣市,0
110,7,26,平溪區,,,,無年齡維度,0.0,男,遷出,其他縣市,0
110,7,26,平溪區,,,,無年齡維度,0.0,女,遷出,其他鄉鎮,8
110,7,26,平溪區,,,,無年齡維度,0.0,男,遷出,其他鄉鎮,9
110,7,26,平溪區,,,,無年齡維度,0.0,女,遷出,合計,15
110,7,26,平溪區,,,,無年齡維度,0.0,男,遷出,合計,17
110,7,26,平溪區,,,,無年齡維度,0.0,女,遷出,國外,2
110,7,26,平溪區,,,,無年齡維度,0.0,男,遷出,國外,1
110,7,26,平溪區,,,,無年齡維度,0.0,女,遷出,新北市內,0
110,7,26,平溪區,,,,無年齡維度,0.0,男,遷出,新北市內,0
110,7,26,平溪區,,,,無年齡維度,0.0,女,遷出,桃園市,1
110,7,26,平溪區,,,,無年齡維度,0.0,男,遷出,桃園市,0
110,7,26,平溪區,,,,無年齡維度,0.0,女,遷出,福建省,0
110,7,26,平溪區,,,,無年齡維度,0.0,男,遷出,福建省,0
110,7,26,平溪區,,,,無年齡維度,0.0,女,遷出,臺中市,1
110,7,26,平溪區,,,,無年齡維度,0.0,男,遷出,臺中市,0
110,7,26,平溪區,,,,無年齡維度,0.0,女,遷出,臺北市,1
110,7,26,平溪區,,,,無年齡維度,0.0,男,遷出,臺北市,3
110,7,26,平溪區,,,,無年齡維度,0.0,女,遷出,臺南市,0
110,7,26,平溪區,,,,無年齡維度,0.0,男,遷出,臺南市,0
110,7,26,平溪區,,,,無年齡維度,0.0,女,遷出,臺灣省,2
110,7,26,平溪區,,,,無年齡維度,0.0,男,遷出,臺灣省,4
110,7,26,平溪區,,,,無年齡維度,0.0,女,遷出,高雄市,0
110,7,26,平溪區,,,,無年齡維度,0.0,男,遷出,高雄市,0
110,7,27,雙溪區,,,,無年齡維度,0.0,女,遷入,migrants,20
110,7,27,雙溪區,,,,無年齡維度,0.0,男,遷入,migrants,11
110,7,27,雙溪區,,,,無年齡維度,0.0,女,遷入,other,0
110,7,27,雙溪區,,,,無年齡維度,0.0,男,遷入,other,0
110,7,27,雙溪區,,,,無年齡維度,0.0,女,遷入,其他縣市,0
110,7,27,雙溪區,,,,無年齡維度,0.0,男,遷入,其他縣市,0
110,7,27,雙溪區,,,,無年齡維度,0.0,女,遷入,其他鄉鎮,3
110,7,27,雙溪區,,,,無年齡維度,0.0,男,遷入,其他鄉鎮,7
110,7,27,雙溪區,,,,無年齡維度,0.0,女,遷入,合計,13
110,7,27,雙溪區,,,,無年齡維度,0.0,男,遷入,合計,17
110,7,27,雙溪區,,,,無年齡維度,0.0,女,遷入,國外,0
110,7,27,雙溪區,,,,無年齡維度,0.0,男,遷入,國外,1
110,7,27,雙溪區,,,,無年齡維度,0.0,女,遷入,新北市內,0
110,7,27,雙溪區,,,,無年齡維度,0.0,男,遷入,新北市內,0
110,7,27,雙溪區,,,,無年齡維度,0.0,女,遷入,桃園市,0
110,7,27,雙溪區,,,,無年齡維度,0.0,男,遷入,桃園市,3
110,7,27,雙溪區,,,,無年齡維度,0.0,女,遷入,福建省,0
110,7,27,雙溪區,,,,無年齡維度,0.0,男,遷入,福建省,0
110,7,27,雙溪區,,,,無年齡維度,0.0,女,遷入,臺中市,2
110,7,27,雙溪區,,,,無年齡維度,0.0,男,遷入,臺中市,1
110,7,27,雙溪區,,,,無年齡維度,0.0,女,遷入,臺北市,5
110,7,27,雙溪區,,,,無年齡維度,0.0,男,遷入,臺北市,2
110,7,27,雙溪區,,,,無年齡維度,0.0,女,遷入,臺南市,0
110,7,27,雙溪區,,,,無年齡維度,0.0,男,遷入,臺南市,0
110,7,27,雙溪區,,,,無年齡維度,0.0,女,遷入,臺灣省,3
110,7,27,雙溪區,,,,無年齡維度,0.0,男,遷入,臺灣省,2
110,7,27,雙溪區,,,,無年齡維度,0.0,女,遷入,高雄市,0
110,7,27,雙溪區,,,,無年齡維度,0.0,男,遷入,高雄市,1
110,7,27,雙溪區,,,,無年齡維度,0.0,女,遷出,migrants,20
110,7,27,雙溪區,,,,無年齡維度,0.0,男,遷出,migrants,11
110,7,27,雙溪區,,,,無年齡維度,0.0,女,遷出,other,0
110,7,27,雙溪區,,,,無年齡維度,0.0,男,遷出,other,0
110,7,27,雙溪區,,,,無年齡維度,0.0,女,遷出,其他縣市,0
110,7,27,雙溪區,,,,無年齡維度,0.0,男,遷出,其他縣市,0
110,7,27,雙溪區,,,,無年齡維度,0.0,女,遷出,其他鄉鎮,8
110,7,27,雙溪區,,,,無年齡維度,0.0,男,遷出,其他鄉鎮,14
110,7,27,雙溪區,,,,無年齡維度,0.0,女,遷出,合計,26
110,7,27,雙溪區,,,,無年齡維度,0.0,男,遷出,合計,27
110,7,27,雙溪區,,,,無年齡維度,0.0,女,遷出,國外,5
110,7,27,雙溪區,,,,無年齡維度,0.0,男,遷出,國外,8
110,7,27,雙溪區,,,,無年齡維度,0.0,女,遷出,新北市內,0
110,7,27,雙溪區,,,,無年齡維度,0.0,男,遷出,新北市內,0
110,7,27,雙溪區,,,,無年齡維度,0.0,女,遷出,桃園市,4
110,7,27,雙溪區,,,,無年齡維度,0.0,男,遷出,桃園市,0
110,7,27,雙溪區,,,,無年齡維度,0.0,女,遷出,福建省,0
110,7,27,雙溪區,,,,無年齡維度,0.0,男,遷出,福建省,0
110,7,27,雙溪區,,,,無年齡維度,0.0,女,遷出,臺中市,0
110,7,27,雙溪區,,,,無年齡維度,0.0,男,遷出,臺中市,0
110,7,27,雙溪區,,,,無年齡維度,0.0,女,遷出,臺北市,4
110,7,27,雙溪區,,,,無年齡維度,0.0,男,遷出,臺北市,1
110,7,27,雙溪區,,,,無年齡維度,0.0,女,遷出,臺南市,0
110,7,27,雙溪區,,,,無年齡維度,0.0,男,遷出,臺南市,0
110,7,27,雙溪區,,,,無年齡維度,0.0,女,遷出,臺灣省,5
110,7,27,雙溪區,,,,無年齡維度,0.0,男,遷出,臺灣省,3
110,7,27,雙溪區,,,,無年齡維度,0.0,女,遷出,高雄市,0
110,7,27,雙溪區,,,,無年齡維度,0.0,男,遷出,高雄市,1
110,7,28,貢寮區,,,,無年齡維度,0.0,女,遷入,migrants,22
110,7,28,貢寮區,,,,無年齡維度,0.0,男,遷入,migrants,12
110,7,28,貢寮區,,,,無年齡維度,0.0,女,遷入,other,0
110,7,28,貢寮區,,,,無年齡維度,0.0,男,遷入,other,0
110,7,28,貢寮區,,,,無年齡維度,0.0,女,遷入,其他縣市,0
110,7,28,貢寮區,,,,無年齡維度,0.0,男,遷入,其他縣市,0
110,7,28,貢寮區,,,,無年齡維度,0.0,女,遷入,其他鄉鎮,6
110,7,28,貢寮區,,,,無年齡維度,0.0,男,遷入,其他鄉鎮,8
110,7,28,貢寮區,,,,無年齡維度,0.0,女,遷入,合計,22
110,7,28,貢寮區,,,,無年齡維度,0.0,男,遷入,合計,34
110,7,28,貢寮區,,,,無年齡維度,0.0,女,遷入,國外,0
110,7,28,貢寮區,,,,無年齡維度,0.0,男,遷入,國外,3
110,7,28,貢寮區,,,,無年齡維度,0.0,女,遷入,新北市內,0
110,7,28,貢寮區,,,,無年齡維度,0.0,男,遷入,新北市內,0
110,7,28,貢寮區,,,,無年齡維度,0.0,女,遷入,桃園市,1
110,7,28,貢寮區,,,,無年齡維度,0.0,男,遷入,桃園市,2
110,7,28,貢寮區,,,,無年齡維度,0.0,女,遷入,福建省,0
110,7,28,貢寮區,,,,無年齡維度,0.0,男,遷入,福建省,0
110,7,28,貢寮區,,,,無年齡維度,0.0,女,遷入,臺中市,0
110,7,28,貢寮區,,,,無年齡維度,0.0,男,遷入,臺中市,1
110,7,28,貢寮區,,,,無年齡維度,0.0,女,遷入,臺北市,2
110,7,28,貢寮區,,,,無年齡維度,0.0,男,遷入,臺北市,3
110,7,28,貢寮區,,,,無年齡維度,0.0,女,遷入,臺南市,0
110,7,28,貢寮區,,,,無年齡維度,0.0,男,遷入,臺南市,0
110,7,28,貢寮區,,,,無年齡維度,0.0,女,遷入,臺灣省,13
110,7,28,貢寮區,,,,無年齡維度,0.0,男,遷入,臺灣省,17
110,7,28,貢寮區,,,,無年齡維度,0.0,女,遷入,高雄市,0
110,7,28,貢寮區,,,,無年齡維度,0.0,男,遷入,高雄市,0
110,7,28,貢寮區,,,,無年齡維度,0.0,女,遷出,migrants,22
110,7,28,貢寮區,,,,無年齡維度,0.0,男,遷出,migrants,12
110,7,28,貢寮區,,,,無年齡維度,0.0,女,遷出,other,0
110,7,28,貢寮區,,,,無年齡維度,0.0,男,遷出,other,0
110,7,28,貢寮區,,,,無年齡維度,0.0,女,遷出,其他縣市,0
110,7,28,貢寮區,,,,無年齡維度,0.0,男,遷出,其他縣市,0
110,7,28,貢寮區,,,,無年齡維度,0.0,女,遷出,其他鄉鎮,8
110,7,28,貢寮區,,,,無年齡維度,0.0,男,遷出,其他鄉鎮,4
110,7,28,貢寮區,,,,無年齡維度,0.0,女,遷出,合計,33
110,7,28,貢寮區,,,,無年齡維度,0.0,男,遷出,合計,24
110,7,28,貢寮區,,,,無年齡維度,0.0,女,遷出,國外,4
110,7,28,貢寮區,,,,無年齡維度,0.0,男,遷出,國外,4
110,7,28,貢寮區,,,,無年齡維度,0.0,女,遷出,新北市內,0
110,7,28,貢寮區,,,,無年齡維度,0.0,男,遷出,新北市內,0
110,7,28,貢寮區,,,,無年齡維度,0.0,女,遷出,桃園市,5
110,7,28,貢寮區,,,,無年齡維度,0.0,男,遷出,桃園市,4
110,7,28,貢寮區,,,,無年齡維度,0.0,女,遷出,福建省,0
110,7,28,貢寮區,,,,無年齡維度,0.0,男,遷出,福建省,0
110,7,28,貢寮區,,,,無年齡維度,0.0,女,遷出,臺中市,1
110,7,28,貢寮區,,,,無年齡維度,0.0,男,遷出,臺中市,0
110,7,28,貢寮區,,,,無年齡維度,0.0,女,遷出,臺北市,4
110,7,28,貢寮區,,,,無年齡維度,0.0,男,遷出,臺北市,2
110,7,28,貢寮區,,,,無年齡維度,0.0,女,遷出,臺南市,0
110,7,28,貢寮區,,,,無年齡維度,0.0,男,遷出,臺南市,0
110,7,28,貢寮區,,,,無年齡維度,0.0,女,遷出,臺灣省,11
110,7,28,貢寮區,,,,無年齡維度,0.0,男,遷出,臺灣省,9
110,7,28,貢寮區,,,,無年齡維度,0.0,女,遷出,高雄市,0
110,7,28,貢寮區,,,,無年齡維度,0.0,男,遷出,高雄市,1
110,7,29,烏來區,,,,無年齡維度,0.0,女,遷入,migrants,20
110,7,29,烏來區,,,,無年齡維度,0.0,男,遷入,migrants,9
110,7,29,烏來區,,,,無年齡維度,0.0,女,遷入,other,0
110,7,29,烏來區,,,,無年齡維度,0.0,男,遷入,other,0
110,7,29,烏來區,,,,無年齡維度,0.0,女,遷入,其他縣市,0
110,7,29,烏來區,,,,無年齡維度,0.0,男,遷入,其他縣市,0
110,7,29,烏來區,,,,無年齡維度,0.0,女,遷入,其他鄉鎮,13
110,7,29,烏來區,,,,無年齡維度,0.0,男,遷入,其他鄉鎮,11
110,7,29,烏來區,,,,無年齡維度,0.0,女,遷入,合計,18
110,7,29,烏來區,,,,無年齡維度,0.0,男,遷入,合計,15
110,7,29,烏來區,,,,無年齡維度,0.0,女,遷入,國外,0
110,7,29,烏來區,,,,無年齡維度,0.0,男,遷入,國外,0
110,7,29,烏來區,,,,無年齡維度,0.0,女,遷入,新北市內,0
110,7,29,烏來區,,,,無年齡維度,0.0,男,遷入,新北市內,0
110,7,29,烏來區,,,,無年齡維度,0.0,女,遷入,桃園市,1
110,7,29,烏來區,,,,無年齡維度,0.0,男,遷入,桃園市,1
110,7,29,烏來區,,,,無年齡維度,0.0,女,遷入,福建省,0
110,7,29,烏來區,,,,無年齡維度,0.0,男,遷入,福建省,0
110,7,29,烏來區,,,,無年齡維度,0.0,女,遷入,臺中市,2
110,7,29,烏來區,,,,無年齡維度,0.0,男,遷入,臺中市,1
110,7,29,烏來區,,,,無年齡維度,0.0,女,遷入,臺北市,1
110,7,29,烏來區,,,,無年齡維度,0.0,男,遷入,臺北市,1
110,7,29,烏來區,,,,無年齡維度,0.0,女,遷入,臺南市,0
110,7,29,烏來區,,,,無年齡維度,0.0,男,遷入,臺南市,0
110,7,29,烏來區,,,,無年齡維度,0.0,女,遷入,臺灣省,1
110,7,29,烏來區,,,,無年齡維度,0.0,男,遷入,臺灣省,1
110,7,29,烏來區,,,,無年齡維度,0.0,女,遷入,高雄市,0
110,7,29,烏來區,,,,無年齡維度,0.0,男,遷入,高雄市,0
110,7,29,烏來區,,,,無年齡維度,0.0,女,遷出,migrants,20
110,7,29,烏來區,,,,無年齡維度,0.0,男,遷出,migrants,9
110,7,29,烏來區,,,,無年齡維度,0.0,女,遷出,other,0
110,7,29,烏來區,,,,無年齡維度,0.0,男,遷出,other,0
110,7,29,烏來區,,,,無年齡維度,0.0,女,遷出,其他縣市,0
110,7,29,烏來區,,,,無年齡維度,0.0,男,遷出,其他縣市,0
110,7,29,烏來區,,,,無年齡維度,0.0,女,遷出,其他鄉鎮,5
110,7,29,烏來區,,,,無年齡維度,0.0,男,遷出,其他鄉鎮,2
110,7,29,烏來區,,,,無年齡維度,0.0,女,遷出,合計,17
110,7,29,烏來區,,,,無年齡維度,0.0,男,遷出,合計,9
110,7,29,烏來區,,,,無年齡維度,0.0,女,遷出,國外,2
110,7,29,烏來區,,,,無年齡維度,0.0,男,遷出,國外,2
110,7,29,烏來區,,,,無年齡維度,0.0,女,遷出,新北市內,0
110,7,29,烏來區,,,,無年齡維度,0.0,男,遷出,新北市內,0
110,7,29,烏來區,,,,無年齡維度,0.0,女,遷出,桃園市,2
110,7,29,烏來區,,,,無年齡維度,0.0,男,遷出,桃園市,0
110,7,29,烏來區,,,,無年齡維度,0.0,女,遷出,福建省,0
110,7,29,烏來區,,,,無年齡維度,0.0,男,遷出,福建省,0
110,7,29,烏來區,,,,無年齡維度,0.0,女,遷出,臺中市,1
110,7,29,烏來區,,,,無年齡維度,0.0,男,遷出,臺中市,0
110,7,29,烏來區,,,,無年齡維度,0.0,女,遷出,臺北市,1
110,7,29,烏來區,,,,無年齡維度,0.0,男,遷出,臺北市,2
110,7,29,烏來區,,,,無年齡維度,0.0,女,遷出,臺南市,0
110,7,29,烏來區,,,,無年齡維度,0.0,男,遷出,臺南市,0
110,7,29,烏來區,,,,無年齡維度,0.0,女,遷出,臺灣省,4
110,7,29,烏來區,,,,無年齡維度,0.0,男,遷出,臺灣省,3
110,7,29,烏來區,,,,無年齡維度,0.0,女,遷出,高雄市,2
110,7,29,烏來區,,,,無年齡維度,0.0,男,遷出,高雄市,0
110,8,1,板橋區,,,,無年齡維度,0.0,女,遷入,migrants,975
110,8,1,板橋區,,,,無年齡維度,0.0,男,遷入,migrants,848
110,8,1,板橋區,,,,無年齡維度,0.0,女,遷入,other,0
110,8,1,板橋區,,,,無年齡維度,0.0,男,遷入,other,0
110,8,1,板橋區,,,,無年齡維度,0.0,女,遷入,其他縣市,0
110,8,1,板橋區,,,,無年齡維度,0.0,男,遷入,其他縣市,0
110,8,1,板橋區,,,,無年齡維度,0.0,女,遷入,其他鄉鎮,382
110,8,1,板橋區,,,,無年齡維度,0.0,男,遷入,其他鄉鎮,324
110,8,1,板橋區,,,,無年齡維度,0.0,女,遷入,合計,1002
110,8,1,板橋區,,,,無年齡維度,0.0,男,遷入,合計,877
110,8,1,板橋區,,,,無年齡維度,0.0,女,遷入,國外,16
110,8,1,板橋區,,,,無年齡維度,0.0,男,遷入,國外,9
110,8,1,板橋區,,,,無年齡維度,0.0,女,遷入,新北市內,0
110,8,1,板橋區,,,,無年齡維度,0.0,男,遷入,新北市內,0
110,8,1,板橋區,,,,無年齡維度,0.0,女,遷入,桃園市,70
110,8,1,板橋區,,,,無年齡維度,0.0,男,遷入,桃園市,67
110,8,1,板橋區,,,,無年齡維度,0.0,女,遷入,福建省,3
110,8,1,板橋區,,,,無年齡維度,0.0,男,遷入,福建省,6
110,8,1,板橋區,,,,無年齡維度,0.0,女,遷入,臺中市,46
110,8,1,板橋區,,,,無年齡維度,0.0,男,遷入,臺中市,27
110,8,1,板橋區,,,,無年齡維度,0.0,女,遷入,臺北市,317
110,8,1,板橋區,,,,無年齡維度,0.0,男,遷入,臺北市,275
110,8,1,板橋區,,,,無年齡維度,0.0,女,遷入,臺南市,12
110,8,1,板橋區,,,,無年齡維度,0.0,男,遷入,臺南市,12
110,8,1,板橋區,,,,無年齡維度,0.0,女,遷入,臺灣省,114
110,8,1,板橋區,,,,無年齡維度,0.0,男,遷入,臺灣省,125
110,8,1,板橋區,,,,無年齡維度,0.0,女,遷入,高雄市,22
110,8,1,板橋區,,,,無年齡維度,0.0,男,遷入,高雄市,27
110,8,1,板橋區,,,,無年齡維度,0.0,女,遷出,migrants,975
110,8,1,板橋區,,,,無年齡維度,0.0,男,遷出,migrants,848
110,8,1,板橋區,,,,無年齡維度,0.0,女,遷出,other,0
110,8,1,板橋區,,,,無年齡維度,0.0,男,遷出,other,0
110,8,1,板橋區,,,,無年齡維度,0.0,女,遷出,其他縣市,0
110,8,1,板橋區,,,,無年齡維度,0.0,男,遷出,其他縣市,0
110,8,1,板橋區,,,,無年齡維度,0.0,女,遷出,其他鄉鎮,519
110,8,1,板橋區,,,,無年齡維度,0.0,男,遷出,其他鄉鎮,433
110,8,1,板橋區,,,,無年齡維度,0.0,女,遷出,合計,1204
110,8,1,板橋區,,,,無年齡維度,0.0,男,遷出,合計,1033
110,8,1,板橋區,,,,無年齡維度,0.0,女,遷出,國外,232
110,8,1,板橋區,,,,無年齡維度,0.0,男,遷出,國外,155
110,8,1,板橋區,,,,無年齡維度,0.0,女,遷出,新北市內,0
110,8,1,板橋區,,,,無年齡維度,0.0,男,遷出,新北市內,0
110,8,1,板橋區,,,,無年齡維度,0.0,女,遷出,桃園市,91
110,8,1,板橋區,,,,無年齡維度,0.0,男,遷出,桃園市,103
110,8,1,板橋區,,,,無年齡維度,0.0,女,遷出,福建省,13
110,8,1,板橋區,,,,無年齡維度,0.0,男,遷出,福建省,13
110,8,1,板橋區,,,,無年齡維度,0.0,女,遷出,臺中市,31
110,8,1,板橋區,,,,無年齡維度,0.0,男,遷出,臺中市,37
110,8,1,板橋區,,,,無年齡維度,0.0,女,遷出,臺北市,151
110,8,1,板橋區,,,,無年齡維度,0.0,男,遷出,臺北市,131
110,8,1,板橋區,,,,無年齡維度,0.0,女,遷出,臺南市,11
110,8,1,板橋區,,,,無年齡維度,0.0,男,遷出,臺南市,20
110,8,1,板橋區,,,,無年齡維度,0.0,女,遷出,臺灣省,142
110,8,1,板橋區,,,,無年齡維度,0.0,男,遷出,臺灣省,125
110,8,1,板橋區,,,,無年齡維度,0.0,女,遷出,高雄市,14
110,8,1,板橋區,,,,無年齡維度,0.0,男,遷出,高雄市,16
110,8,2,三重區,,,,無年齡維度,0.0,女,遷入,migrants,592
110,8,2,三重區,,,,無年齡維度,0.0,男,遷入,migrants,554
110,8,2,三重區,,,,無年齡維度,0.0,女,遷入,other,0
110,8,2,三重區,,,,無年齡維度,0.0,男,遷入,other,0
110,8,2,三重區,,,,無年齡維度,0.0,女,遷入,其他縣市,0
110,8,2,三重區,,,,無年齡維度,0.0,男,遷入,其他縣市,0
110,8,2,三重區,,,,無年齡維度,0.0,女,遷入,其他鄉鎮,252
110,8,2,三重區,,,,無年齡維度,0.0,男,遷入,其他鄉鎮,203
110,8,2,三重區,,,,無年齡維度,0.0,女,遷入,合計,816
110,8,2,三重區,,,,無年齡維度,0.0,男,遷入,合計,745
110,8,2,三重區,,,,無年齡維度,0.0,女,遷入,國外,9
110,8,2,三重區,,,,無年齡維度,0.0,男,遷入,國外,5
110,8,2,三重區,,,,無年齡維度,0.0,女,遷入,新北市內,0
110,8,2,三重區,,,,無年齡維度,0.0,男,遷入,新北市內,0
110,8,2,三重區,,,,無年齡維度,0.0,女,遷入,桃園市,40
110,8,2,三重區,,,,無年齡維度,0.0,男,遷入,桃園市,44
110,8,2,三重區,,,,無年齡維度,0.0,女,遷入,福建省,2
110,8,2,三重區,,,,無年齡維度,0.0,男,遷入,福建省,1
110,8,2,三重區,,,,無年齡維度,0.0,女,遷入,臺中市,22
110,8,2,三重區,,,,無年齡維度,0.0,男,遷入,臺中市,26
110,8,2,三重區,,,,無年齡維度,0.0,女,遷入,臺北市,374
110,8,2,三重區,,,,無年齡維度,0.0,男,遷入,臺北市,332
110,8,2,三重區,,,,無年齡維度,0.0,女,遷入,臺南市,13
110,8,2,三重區,,,,無年齡維度,0.0,男,遷入,臺南市,20
110,8,2,三重區,,,,無年齡維度,0.0,女,遷入,臺灣省,72
110,8,2,三重區,,,,無年齡維度,0.0,男,遷入,臺灣省,91
110,8,2,三重區,,,,無年齡維度,0.0,女,遷入,高雄市,20
110,8,2,三重區,,,,無年齡維度,0.0,男,遷入,高雄市,21
110,8,2,三重區,,,,無年齡維度,0.0,女,遷出,migrants,592
110,8,2,三重區,,,,無年齡維度,0.0,男,遷出,migrants,554
110,8,2,三重區,,,,無年齡維度,0.0,女,遷出,other,0
110,8,2,三重區,,,,無年齡維度,0.0,男,遷出,other,0
110,8,2,三重區,,,,無年齡維度,0.0,女,遷出,其他縣市,0
110,8,2,三重區,,,,無年齡維度,0.0,男,遷出,其他縣市,0
110,8,2,三重區,,,,無年齡維度,0.0,女,遷出,其他鄉鎮,333
110,8,2,三重區,,,,無年齡維度,0.0,男,遷出,其他鄉鎮,276
110,8,2,三重區,,,,無年齡維度,0.0,女,遷出,合計,862
110,8,2,三重區,,,,無年齡維度,0.0,男,遷出,合計,771
110,8,2,三重區,,,,無年齡維度,0.0,女,遷出,國外,161
110,8,2,三重區,,,,無年齡維度,0.0,男,遷出,國外,127
110,8,2,三重區,,,,無年齡維度,0.0,女,遷出,新北市內,0
110,8,2,三重區,,,,無年齡維度,0.0,男,遷出,新北市內,0
110,8,2,三重區,,,,無年齡維度,0.0,女,遷出,桃園市,74
110,8,2,三重區,,,,無年齡維度,0.0,男,遷出,桃園市,75
110,8,2,三重區,,,,無年齡維度,0.0,女,遷出,福建省,8
110,8,2,三重區,,,,無年齡維度,0.0,男,遷出,福建省,5
110,8,2,三重區,,,,無年齡維度,0.0,女,遷出,臺中市,11
110,8,2,三重區,,,,無年齡維度,0.0,男,遷出,臺中市,14
110,8,2,三重區,,,,無年齡維度,0.0,女,遷出,臺北市,147
110,8,2,三重區,,,,無年齡維度,0.0,男,遷出,臺北市,147
110,8,2,三重區,,,,無年齡維度,0.0,女,遷出,臺南市,11
110,8,2,三重區,,,,無年齡維度,0.0,男,遷出,臺南市,6
110,8,2,三重區,,,,無年齡維度,0.0,女,遷出,臺灣省,101
110,8,2,三重區,,,,無年齡維度,0.0,男,遷出,臺灣省,105
110,8,2,三重區,,,,無年齡維度,0.0,女,遷出,高雄市,15
110,8,2,三重區,,,,無年齡維度,0.0,男,遷出,高雄市,16
110,8,3,中和區,,,,無年齡維度,0.0,女,遷入,migrants,458
110,8,3,中和區,,,,無年齡維度,0.0,男,遷入,migrants,410
110,8,3,中和區,,,,無年齡維度,0.0,女,遷入,other,0
110,8,3,中和區,,,,無年齡維度,0.0,男,遷入,other,0
110,8,3,中和區,,,,無年齡維度,0.0,女,遷入,其他縣市,0
110,8,3,中和區,,,,無年齡維度,0.0,男,遷入,其他縣市,0
110,8,3,中和區,,,,無年齡維度,0.0,女,遷入,其他鄉鎮,492
110,8,3,中和區,,,,無年齡維度,0.0,男,遷入,其他鄉鎮,396
110,8,3,中和區,,,,無年齡維度,0.0,女,遷入,合計,951
110,8,3,中和區,,,,無年齡維度,0.0,男,遷入,合計,826
110,8,3,中和區,,,,無年齡維度,0.0,女,遷入,國外,14
110,8,3,中和區,,,,無年齡維度,0.0,男,遷入,國外,20
110,8,3,中和區,,,,無年齡維度,0.0,女,遷入,新北市內,0
110,8,3,中和區,,,,無年齡維度,0.0,男,遷入,新北市內,0
110,8,3,中和區,,,,無年齡維度,0.0,女,遷入,桃園市,48
110,8,3,中和區,,,,無年齡維度,0.0,男,遷入,桃園市,49
110,8,3,中和區,,,,無年齡維度,0.0,女,遷入,福建省,2
110,8,3,中和區,,,,無年齡維度,0.0,男,遷入,福建省,3
110,8,3,中和區,,,,無年齡維度,0.0,女,遷入,臺中市,26
110,8,3,中和區,,,,無年齡維度,0.0,男,遷入,臺中市,28
110,8,3,中和區,,,,無年齡維度,0.0,女,遷入,臺北市,248
110,8,3,中和區,,,,無年齡維度,0.0,男,遷入,臺北市,207
110,8,3,中和區,,,,無年齡維度,0.0,女,遷入,臺南市,14
110,8,3,中和區,,,,無年齡維度,0.0,男,遷入,臺南市,7
110,8,3,中和區,,,,無年齡維度,0.0,女,遷入,臺灣省,85
110,8,3,中和區,,,,無年齡維度,0.0,男,遷入,臺灣省,89
110,8,3,中和區,,,,無年齡維度,0.0,女,遷入,高雄市,14
110,8,3,中和區,,,,無年齡維度,0.0,男,遷入,高雄市,20
110,8,3,中和區,,,,無年齡維度,0.0,女,遷出,migrants,458
110,8,3,中和區,,,,無年齡維度,0.0,男,遷出,migrants,410
110,8,3,中和區,,,,無年齡維度,0.0,女,遷出,other,0
110,8,3,中和區,,,,無年齡維度,0.0,男,遷出,other,0
110,8,3,中和區,,,,無年齡維度,0.0,女,遷出,其他縣市,0
110,8,3,中和區,,,,無年齡維度,0.0,男,遷出,其他縣市,0
110,8,3,中和區,,,,無年齡維度,0.0,女,遷出,其他鄉鎮,416
110,8,3,中和區,,,,無年齡維度,0.0,男,遷出,其他鄉鎮,360
110,8,3,中和區,,,,無年齡維度,0.0,女,遷出,合計,1028
110,8,3,中和區,,,,無年齡維度,0.0,男,遷出,合計,904
110,8,3,中和區,,,,無年齡維度,0.0,女,遷出,國外,211
110,8,3,中和區,,,,無年齡維度,0.0,男,遷出,國外,169
110,8,3,中和區,,,,無年齡維度,0.0,女,遷出,新北市內,0
110,8,3,中和區,,,,無年齡維度,0.0,男,遷出,新北市內,0
110,8,3,中和區,,,,無年齡維度,0.0,女,遷出,桃園市,93
110,8,3,中和區,,,,無年齡維度,0.0,男,遷出,桃園市,96
110,8,3,中和區,,,,無年齡維度,0.0,女,遷出,福建省,24
110,8,3,中和區,,,,無年齡維度,0.0,男,遷出,福建省,17
110,8,3,中和區,,,,無年齡維度,0.0,女,遷出,臺中市,18
110,8,3,中和區,,,,無年齡維度,0.0,男,遷出,臺中市,15
110,8,3,中和區,,,,無年齡維度,0.0,女,遷出,臺北市,140
110,8,3,中和區,,,,無年齡維度,0.0,男,遷出,臺北市,135
110,8,3,中和區,,,,無年齡維度,0.0,女,遷出,臺南市,14
110,8,3,中和區,,,,無年齡維度,0.0,男,遷出,臺南市,13
110,8,3,中和區,,,,無年齡維度,0.0,女,遷出,臺灣省,96
110,8,3,中和區,,,,無年齡維度,0.0,男,遷出,臺灣省,85
110,8,3,中和區,,,,無年齡維度,0.0,女,遷出,高雄市,16
110,8,3,中和區,,,,無年齡維度,0.0,男,遷出,高雄市,14
110,8,4,永和區,,,,無年齡維度,0.0,女,遷入,migrants,209
110,8,4,永和區,,,,無年齡維度,0.0,男,遷入,migrants,174
110,8,4,永和區,,,,無年齡維度,0.0,女,遷入,other,0
110,8,4,永和區,,,,無年齡維度,0.0,男,遷入,other,0
110,8,4,永和區,,,,無年齡維度,0.0,女,遷入,其他縣市,0
110,8,4,永和區,,,,無年齡維度,0.0,男,遷入,其他縣市,0
110,8,4,永和區,,,,無年齡維度,0.0,女,遷入,其他鄉鎮,185
110,8,4,永和區,,,,無年齡維度,0.0,男,遷入,其他鄉鎮,142
110,8,4,永和區,,,,無年齡維度,0.0,女,遷入,合計,450
110,8,4,永和區,,,,無年齡維度,0.0,男,遷入,合計,348
110,8,4,永和區,,,,無年齡維度,0.0,女,遷入,國外,10
110,8,4,永和區,,,,無年齡維度,0.0,男,遷入,國外,14
110,8,4,永和區,,,,無年齡維度,0.0,女,遷入,新北市內,0
110,8,4,永和區,,,,無年齡維度,0.0,男,遷入,新北市內,0
110,8,4,永和區,,,,無年齡維度,0.0,女,遷入,桃園市,28
110,8,4,永和區,,,,無年齡維度,0.0,男,遷入,桃園市,22
110,8,4,永和區,,,,無年齡維度,0.0,女,遷入,福建省,1
110,8,4,永和區,,,,無年齡維度,0.0,男,遷入,福建省,2
110,8,4,永和區,,,,無年齡維度,0.0,女,遷入,臺中市,13
110,8,4,永和區,,,,無年齡維度,0.0,男,遷入,臺中市,9
110,8,4,永和區,,,,無年齡維度,0.0,女,遷入,臺北市,154
110,8,4,永和區,,,,無年齡維度,0.0,男,遷入,臺北市,120
110,8,4,永和區,,,,無年齡維度,0.0,女,遷入,臺南市,9
110,8,4,永和區,,,,無年齡維度,0.0,男,遷入,臺南市,7
110,8,4,永和區,,,,無年齡維度,0.0,女,遷入,臺灣省,34
110,8,4,永和區,,,,無年齡維度,0.0,男,遷入,臺灣省,24
110,8,4,永和區,,,,無年齡維度,0.0,女,遷入,高雄市,7
110,8,4,永和區,,,,無年齡維度,0.0,男,遷入,高雄市,7
110,8,4,永和區,,,,無年齡維度,0.0,女,遷出,migrants,209
110,8,4,永和區,,,,無年齡維度,0.0,男,遷出,migrants,174
110,8,4,永和區,,,,無年齡維度,0.0,女,遷出,other,0
110,8,4,永和區,,,,無年齡維度,0.0,男,遷出,other,0
110,8,4,永和區,,,,無年齡維度,0.0,女,遷出,其他縣市,0
110,8,4,永和區,,,,無年齡維度,0.0,男,遷出,其他縣市,0
110,8,4,永和區,,,,無年齡維度,0.0,女,遷出,其他鄉鎮,341
110,8,4,永和區,,,,無年齡維度,0.0,男,遷出,其他鄉鎮,264
110,8,4,永和區,,,,無年齡維度,0.0,女,遷出,合計,754
110,8,4,永和區,,,,無年齡維度,0.0,男,遷出,合計,585
110,8,4,永和區,,,,無年齡維度,0.0,女,遷出,國外,189
110,8,4,永和區,,,,無年齡維度,0.0,男,遷出,國外,133
110,8,4,永和區,,,,無年齡維度,0.0,女,遷出,新北市內,0
110,8,4,永和區,,,,無年齡維度,0.0,男,遷出,新北市內,0
110,8,4,永和區,,,,無年齡維度,0.0,女,遷出,桃園市,36
110,8,4,永和區,,,,無年齡維度,0.0,男,遷出,桃園市,34
110,8,4,永和區,,,,無年齡維度,0.0,女,遷出,福建省,15
110,8,4,永和區,,,,無年齡維度,0.0,男,遷出,福建省,13
110,8,4,永和區,,,,無年齡維度,0.0,女,遷出,臺中市,14
110,8,4,永和區,,,,無年齡維度,0.0,男,遷出,臺中市,10
110,8,4,永和區,,,,無年齡維度,0.0,女,遷出,臺北市,98
110,8,4,永和區,,,,無年齡維度,0.0,男,遷出,臺北市,72
110,8,4,永和區,,,,無年齡維度,0.0,女,遷出,臺南市,7
110,8,4,永和區,,,,無年齡維度,0.0,男,遷出,臺南市,5
110,8,4,永和區,,,,無年齡維度,0.0,女,遷出,臺灣省,43
110,8,4,永和區,,,,無年齡維度,0.0,男,遷出,臺灣省,50
110,8,4,永和區,,,,無年齡維度,0.0,女,遷出,高雄市,11
110,8,4,永和區,,,,無年齡維度,0.0,男,遷出,高雄市,4
110,8,5,新莊區,,,,無年齡維度,0.0,女,遷入,migrants,811
110,8,5,新莊區,,,,無年齡維度,0.0,男,遷入,migrants,760
110,8,5,新莊區,,,,無年齡維度,0.0,女,遷入,other,0
110,8,5,新莊區,,,,無年齡維度,0.0,男,遷入,other,0
110,8,5,新莊區,,,,無年齡維度,0.0,女,遷入,其他縣市,0
110,8,5,新莊區,,,,無年齡維度,0.0,男,遷入,其他縣市,0
110,8,5,新莊區,,,,無年齡維度,0.0,女,遷入,其他鄉鎮,337
110,8,5,新莊區,,,,無年齡維度,0.0,男,遷入,其他鄉鎮,299
110,8,5,新莊區,,,,無年齡維度,0.0,女,遷入,合計,831
110,8,5,新莊區,,,,無年齡維度,0.0,男,遷入,合計,724
110,8,5,新莊區,,,,無年齡維度,0.0,女,遷入,國外,8
110,8,5,新莊區,,,,無年齡維度,0.0,男,遷入,國外,9
110,8,5,新莊區,,,,無年齡維度,0.0,女,遷入,新北市內,0
110,8,5,新莊區,,,,無年齡維度,0.0,男,遷入,新北市內,0
110,8,5,新莊區,,,,無年齡維度,0.0,女,遷入,桃園市,85
110,8,5,新莊區,,,,無年齡維度,0.0,男,遷入,桃園市,93
110,8,5,新莊區,,,,無年齡維度,0.0,女,遷入,福建省,1
110,8,5,新莊區,,,,無年齡維度,0.0,男,遷入,福建省,5
110,8,5,新莊區,,,,無年齡維度,0.0,女,遷入,臺中市,17
110,8,5,新莊區,,,,無年齡維度,0.0,男,遷入,臺中市,14
110,8,5,新莊區,,,,無年齡維度,0.0,女,遷入,臺北市,219
110,8,5,新莊區,,,,無年齡維度,0.0,男,遷入,臺北市,191
110,8,5,新莊區,,,,無年齡維度,0.0,女,遷入,臺南市,16
110,8,5,新莊區,,,,無年齡維度,0.0,男,遷入,臺南市,11
110,8,5,新莊區,,,,無年齡維度,0.0,女,遷入,臺灣省,117
110,8,5,新莊區,,,,無年齡維度,0.0,男,遷入,臺灣省,76
110,8,5,新莊區,,,,無年齡維度,0.0,女,遷入,高雄市,18
110,8,5,新莊區,,,,無年齡維度,0.0,男,遷入,高雄市,18
110,8,5,新莊區,,,,無年齡維度,0.0,女,遷出,migrants,811
110,8,5,新莊區,,,,無年齡維度,0.0,男,遷出,migrants,760
110,8,5,新莊區,,,,無年齡維度,0.0,女,遷出,other,0
110,8,5,新莊區,,,,無年齡維度,0.0,男,遷出,other,0
110,8,5,新莊區,,,,無年齡維度,0.0,女,遷出,其他縣市,0
110,8,5,新莊區,,,,無年齡維度,0.0,男,遷出,其他縣市,0
110,8,5,新莊區,,,,無年齡維度,0.0,女,遷出,其他鄉鎮,390
110,8,5,新莊區,,,,無年齡維度,0.0,男,遷出,其他鄉鎮,341
110,8,5,新莊區,,,,無年齡維度,0.0,女,遷出,合計,993
110,8,5,新莊區,,,,無年齡維度,0.0,男,遷出,合計,862
110,8,5,新莊區,,,,無年齡維度,0.0,女,遷出,國外,160
110,8,5,新莊區,,,,無年齡維度,0.0,男,遷出,國外,149
110,8,5,新莊區,,,,無年齡維度,0.0,女,遷出,新北市內,0
110,8,5,新莊區,,,,無年齡維度,0.0,男,遷出,新北市內,0
110,8,5,新莊區,,,,無年齡維度,0.0,女,遷出,桃園市,151
110,8,5,新莊區,,,,無年齡維度,0.0,男,遷出,桃園市,136
110,8,5,新莊區,,,,無年齡維度,0.0,女,遷出,福建省,11
110,8,5,新莊區,,,,無年齡維度,0.0,男,遷出,福建省,8
110,8,5,新莊區,,,,無年齡維度,0.0,女,遷出,臺中市,33
110,8,5,新莊區,,,,無年齡維度,0.0,男,遷出,臺中市,15
110,8,5,新莊區,,,,無年齡維度,0.0,女,遷出,臺北市,92
110,8,5,新莊區,,,,無年齡維度,0.0,男,遷出,臺北市,78
110,8,5,新莊區,,,,無年齡維度,0.0,女,遷出,臺南市,13
110,8,5,新莊區,,,,無年齡維度,0.0,男,遷出,臺南市,13
110,8,5,新莊區,,,,無年齡維度,0.0,女,遷出,臺灣省,123
110,8,5,新莊區,,,,無年齡維度,0.0,男,遷出,臺灣省,106
110,8,5,新莊區,,,,無年齡維度,0.0,女,遷出,高雄市,20
110,8,5,新莊區,,,,無年齡維度,0.0,男,遷出,高雄市,16
110,8,6,新店區,,,,無年齡維度,0.0,女,遷入,migrants,430
110,8,6,新店區,,,,無年齡維度,0.0,男,遷入,migrants,382
110,8,6,新店區,,,,無年齡維度,0.0,女,遷入,other,0
110,8,6,新店區,,,,無年齡維度,0.0,男,遷入,other,0
110,8,6,新店區,,,,無年齡維度,0.0,女,遷入,其他縣市,0
110,8,6,新店區,,,,無年齡維度,0.0,男,遷入,其他縣市,0
110,8,6,新店區,,,,無年齡維度,0.0,女,遷入,其他鄉鎮,183
110,8,6,新店區,,,,無年齡維度,0.0,男,遷入,其他鄉鎮,135
110,8,6,新店區,,,,無年齡維度,0.0,女,遷入,合計,708
110,8,6,新店區,,,,無年齡維度,0.0,男,遷入,合計,599
110,8,6,新店區,,,,無年齡維度,0.0,女,遷入,國外,11
110,8,6,新店區,,,,無年齡維度,0.0,男,遷入,國外,20
110,8,6,新店區,,,,無年齡維度,0.0,女,遷入,新北市內,0
110,8,6,新店區,,,,無年齡維度,0.0,男,遷入,新北市內,0
110,8,6,新店區,,,,無年齡維度,0.0,女,遷入,桃園市,34
110,8,6,新店區,,,,無年齡維度,0.0,男,遷入,桃園市,33
110,8,6,新店區,,,,無年齡維度,0.0,女,遷入,福建省,4
110,8,6,新店區,,,,無年齡維度,0.0,男,遷入,福建省,6
110,8,6,新店區,,,,無年齡維度,0.0,女,遷入,臺中市,15
110,8,6,新店區,,,,無年齡維度,0.0,男,遷入,臺中市,15
110,8,6,新店區,,,,無年齡維度,0.0,女,遷入,臺北市,362
110,8,6,新店區,,,,無年齡維度,0.0,男,遷入,臺北市,310
110,8,6,新店區,,,,無年齡維度,0.0,女,遷入,臺南市,10
110,8,6,新店區,,,,無年齡維度,0.0,男,遷入,臺南市,7
110,8,6,新店區,,,,無年齡維度,0.0,女,遷入,臺灣省,62
110,8,6,新店區,,,,無年齡維度,0.0,男,遷入,臺灣省,55
110,8,6,新店區,,,,無年齡維度,0.0,女,遷入,高雄市,15
110,8,6,新店區,,,,無年齡維度,0.0,男,遷入,高雄市,16
110,8,6,新店區,,,,無年齡維度,0.0,女,遷出,migrants,430
110,8,6,新店區,,,,無年齡維度,0.0,男,遷出,migrants,382
110,8,6,新店區,,,,無年齡維度,0.0,女,遷出,other,0
110,8,6,新店區,,,,無年齡維度,0.0,男,遷出,other,0
110,8,6,新店區,,,,無年齡維度,0.0,女,遷出,其他縣市,0
110,8,6,新店區,,,,無年齡維度,0.0,男,遷出,其他縣市,0
110,8,6,新店區,,,,無年齡維度,0.0,女,遷出,其他鄉鎮,153
110,8,6,新店區,,,,無年齡維度,0.0,男,遷出,其他鄉鎮,141
110,8,6,新店區,,,,無年齡維度,0.0,女,遷出,合計,794
110,8,6,新店區,,,,無年齡維度,0.0,男,遷出,合計,667
110,8,6,新店區,,,,無年齡維度,0.0,女,遷出,國外,314
110,8,6,新店區,,,,無年齡維度,0.0,男,遷出,國外,241
110,8,6,新店區,,,,無年齡維度,0.0,女,遷出,新北市內,0
110,8,6,新店區,,,,無年齡維度,0.0,男,遷出,新北市內,0
110,8,6,新店區,,,,無年齡維度,0.0,女,遷出,桃園市,33
110,8,6,新店區,,,,無年齡維度,0.0,男,遷出,桃園市,42
110,8,6,新店區,,,,無年齡維度,0.0,女,遷出,福建省,5
110,8,6,新店區,,,,無年齡維度,0.0,男,遷出,福建省,10
110,8,6,新店區,,,,無年齡維度,0.0,女,遷出,臺中市,19
110,8,6,新店區,,,,無年齡維度,0.0,男,遷出,臺中市,10
110,8,6,新店區,,,,無年齡維度,0.0,女,遷出,臺北市,172
110,8,6,新店區,,,,無年齡維度,0.0,男,遷出,臺北市,141
110,8,6,新店區,,,,無年齡維度,0.0,女,遷出,臺南市,16
110,8,6,新店區,,,,無年齡維度,0.0,男,遷出,臺南市,7
110,8,6,新店區,,,,無年齡維度,0.0,女,遷出,臺灣省,67
110,8,6,新店區,,,,無年齡維度,0.0,男,遷出,臺灣省,62
110,8,6,新店區,,,,無年齡維度,0.0,女,遷出,高雄市,15
110,8,6,新店區,,,,無年齡維度,0.0,男,遷出,高雄市,13
110,8,7,土城區,,,,無年齡維度,0.0,女,遷入,migrants,243
110,8,7,土城區,,,,無年齡維度,0.0,男,遷入,migrants,219
110,8,7,土城區,,,,無年齡維度,0.0,女,遷入,other,0
110,8,7,土城區,,,,無年齡維度,0.0,男,遷入,other,0
110,8,7,土城區,,,,無年齡維度,0.0,女,遷入,其他縣市,0
110,8,7,土城區,,,,無年齡維度,0.0,男,遷入,其他縣市,0
110,8,7,土城區,,,,無年齡維度,0.0,女,遷入,其他鄉鎮,234
110,8,7,土城區,,,,無年齡維度,0.0,男,遷入,其他鄉鎮,201
110,8,7,土城區,,,,無年齡維度,0.0,女,遷入,合計,367
110,8,7,土城區,,,,無年齡維度,0.0,男,遷入,合計,316
110,8,7,土城區,,,,無年齡維度,0.0,女,遷入,國外,4
110,8,7,土城區,,,,無年齡維度,0.0,男,遷入,國外,2
110,8,7,土城區,,,,無年齡維度,0.0,女,遷入,新北市內,0
110,8,7,土城區,,,,無年齡維度,0.0,男,遷入,新北市內,0
110,8,7,土城區,,,,無年齡維度,0.0,女,遷入,桃園市,36
110,8,7,土城區,,,,無年齡維度,0.0,男,遷入,桃園市,22
110,8,7,土城區,,,,無年齡維度,0.0,女,遷入,福建省,1
110,8,7,土城區,,,,無年齡維度,0.0,男,遷入,福建省,3
110,8,7,土城區,,,,無年齡維度,0.0,女,遷入,臺中市,6
110,8,7,土城區,,,,無年齡維度,0.0,男,遷入,臺中市,7
110,8,7,土城區,,,,無年齡維度,0.0,女,遷入,臺北市,40
110,8,7,土城區,,,,無年齡維度,0.0,男,遷入,臺北市,27
110,8,7,土城區,,,,無年齡維度,0.0,女,遷入,臺南市,4
110,8,7,土城區,,,,無年齡維度,0.0,男,遷入,臺南市,3
110,8,7,土城區,,,,無年齡維度,0.0,女,遷入,臺灣省,24
110,8,7,土城區,,,,無年齡維度,0.0,男,遷入,臺灣省,41
110,8,7,土城區,,,,無年齡維度,0.0,女,遷入,高雄市,5
110,8,7,土城區,,,,無年齡維度,0.0,男,遷入,高雄市,7
110,8,7,土城區,,,,無年齡維度,0.0,女,遷出,migrants,243
110,8,7,土城區,,,,無年齡維度,0.0,男,遷出,migrants,219
110,8,7,土城區,,,,無年齡維度,0.0,女,遷出,other,0
110,8,7,土城區,,,,無年齡維度,0.0,男,遷出,other,0
110,8,7,土城區,,,,無年齡維度,0.0,女,遷出,其他縣市,0
110,8,7,土城區,,,,無年齡維度,0.0,男,遷出,其他縣市,0
110,8,7,土城區,,,,無年齡維度,0.0,女,遷出,其他鄉鎮,179
110,8,7,土城區,,,,無年齡維度,0.0,男,遷出,其他鄉鎮,162
110,8,7,土城區,,,,無年齡維度,0.0,女,遷出,合計,412
110,8,7,土城區,,,,無年齡維度,0.0,男,遷出,合計,376
110,8,7,土城區,,,,無年齡維度,0.0,女,遷出,國外,73
110,8,7,土城區,,,,無年齡維度,0.0,男,遷出,國外,59
110,8,7,土城區,,,,無年齡維度,0.0,女,遷出,新北市內,0
110,8,7,土城區,,,,無年齡維度,0.0,男,遷出,新北市內,0
110,8,7,土城區,,,,無年齡維度,0.0,女,遷出,桃園市,73
110,8,7,土城區,,,,無年齡維度,0.0,男,遷出,桃園市,60
110,8,7,土城區,,,,無年齡維度,0.0,女,遷出,福建省,1
110,8,7,土城區,,,,無年齡維度,0.0,男,遷出,福建省,1
110,8,7,土城區,,,,無年齡維度,0.0,女,遷出,臺中市,12
110,8,7,土城區,,,,無年齡維度,0.0,男,遷出,臺中市,10
110,8,7,土城區,,,,無年齡維度,0.0,女,遷出,臺北市,25
110,8,7,土城區,,,,無年齡維度,0.0,男,遷出,臺北市,22
110,8,7,土城區,,,,無年齡維度,0.0,女,遷出,臺南市,3
110,8,7,土城區,,,,無年齡維度,0.0,男,遷出,臺南市,8
110,8,7,土城區,,,,無年齡維度,0.0,女,遷出,臺灣省,39
110,8,7,土城區,,,,無年齡維度,0.0,男,遷出,臺灣省,46
110,8,7,土城區,,,,無年齡維度,0.0,女,遷出,高雄市,5
110,8,7,土城區,,,,無年齡維度,0.0,男,遷出,高雄市,8
110,8,8,蘆洲區,,,,無年齡維度,0.0,女,遷入,migrants,139
110,8,8,蘆洲區,,,,無年齡維度,0.0,男,遷入,migrants,111
110,8,8,蘆洲區,,,,無年齡維度,0.0,女,遷入,other,0
110,8,8,蘆洲區,,,,無年齡維度,0.0,男,遷入,other,0
110,8,8,蘆洲區,,,,無年齡維度,0.0,女,遷入,其他縣市,0
110,8,8,蘆洲區,,,,無年齡維度,0.0,男,遷入,其他縣市,0
110,8,8,蘆洲區,,,,無年齡維度,0.0,女,遷入,其他鄉鎮,89
110,8,8,蘆洲區,,,,無年齡維度,0.0,男,遷入,其他鄉鎮,81
110,8,8,蘆洲區,,,,無年齡維度,0.0,女,遷入,合計,209
110,8,8,蘆洲區,,,,無年齡維度,0.0,男,遷入,合計,185
110,8,8,蘆洲區,,,,無年齡維度,0.0,女,遷入,國外,0
110,8,8,蘆洲區,,,,無年齡維度,0.0,男,遷入,國外,3
110,8,8,蘆洲區,,,,無年齡維度,0.0,女,遷入,新北市內,0
110,8,8,蘆洲區,,,,無年齡維度,0.0,男,遷入,新北市內,0
110,8,8,蘆洲區,,,,無年齡維度,0.0,女,遷入,桃園市,61
110,8,8,蘆洲區,,,,無年齡維度,0.0,男,遷入,桃園市,56
110,8,8,蘆洲區,,,,無年齡維度,0.0,女,遷入,福建省,2
110,8,8,蘆洲區,,,,無年齡維度,0.0,男,遷入,福建省,2
110,8,8,蘆洲區,,,,無年齡維度,0.0,女,遷入,臺中市,5
110,8,8,蘆洲區,,,,無年齡維度,0.0,男,遷入,臺中市,4
110,8,8,蘆洲區,,,,無年齡維度,0.0,女,遷入,臺北市,17
110,8,8,蘆洲區,,,,無年齡維度,0.0,男,遷入,臺北市,18
110,8,8,蘆洲區,,,,無年齡維度,0.0,女,遷入,臺南市,3
110,8,8,蘆洲區,,,,無年齡維度,0.0,男,遷入,臺南市,1
110,8,8,蘆洲區,,,,無年齡維度,0.0,女,遷入,臺灣省,27
110,8,8,蘆洲區,,,,無年齡維度,0.0,男,遷入,臺灣省,18
110,8,8,蘆洲區,,,,無年齡維度,0.0,女,遷入,高雄市,2
110,8,8,蘆洲區,,,,無年齡維度,0.0,男,遷入,高雄市,2
110,8,8,蘆洲區,,,,無年齡維度,0.0,女,遷出,migrants,139
110,8,8,蘆洲區,,,,無年齡維度,0.0,男,遷出,migrants,111
110,8,8,蘆洲區,,,,無年齡維度,0.0,女,遷出,other,0
110,8,8,蘆洲區,,,,無年齡維度,0.0,男,遷出,other,0
110,8,8,蘆洲區,,,,無年齡維度,0.0,女,遷出,其他縣市,0
110,8,8,蘆洲區,,,,無年齡維度,0.0,男,遷出,其他縣市,0
110,8,8,蘆洲區,,,,無年齡維度,0.0,女,遷出,其他鄉鎮,41
110,8,8,蘆洲區,,,,無年齡維度,0.0,男,遷出,其他鄉鎮,47
110,8,8,蘆洲區,,,,無年齡維度,0.0,女,遷出,合計,212
110,8,8,蘆洲區,,,,無年齡維度,0.0,男,遷出,合計,191
110,8,8,蘆洲區,,,,無年齡維度,0.0,女,遷出,國外,21
110,8,8,蘆洲區,,,,無年齡維度,0.0,男,遷出,國外,19
110,8,8,蘆洲區,,,,無年齡維度,0.0,女,遷出,新北市內,0
110,8,8,蘆洲區,,,,無年齡維度,0.0,男,遷出,新北市內,0
110,8,8,蘆洲區,,,,無年齡維度,0.0,女,遷出,桃園市,98
110,8,8,蘆洲區,,,,無年齡維度,0.0,男,遷出,桃園市,76
110,8,8,蘆洲區,,,,無年齡維度,0.0,女,遷出,福建省,0
110,8,8,蘆洲區,,,,無年齡維度,0.0,男,遷出,福建省,1
110,8,8,蘆洲區,,,,無年齡維度,0.0,女,遷出,臺中市,8
110,8,8,蘆洲區,,,,無年齡維度,0.0,男,遷出,臺中市,5
110,8,8,蘆洲區,,,,無年齡維度,0.0,女,遷出,臺北市,16
110,8,8,蘆洲區,,,,無年齡維度,0.0,男,遷出,臺北市,10
110,8,8,蘆洲區,,,,無年齡維度,0.0,女,遷出,臺南市,1
110,8,8,蘆洲區,,,,無年齡維度,0.0,男,遷出,臺南市,3
110,8,8,蘆洲區,,,,無年齡維度,0.0,女,遷出,臺灣省,22
110,8,8,蘆洲區,,,,無年齡維度,0.0,男,遷出,臺灣省,25
110,8,8,蘆洲區,,,,無年齡維度,0.0,女,遷出,高雄市,5
110,8,8,蘆洲區,,,,無年齡維度,0.0,男,遷出,高雄市,5
110,8,9,樹林區,,,,無年齡維度,0.0,女,遷入,migrants,192
110,8,9,樹林區,,,,無年齡維度,0.0,男,遷入,migrants,175
110,8,9,樹林區,,,,無年齡維度,0.0,女,遷入,other,0
110,8,9,樹林區,,,,無年齡維度,0.0,男,遷入,other,0
110,8,9,樹林區,,,,無年齡維度,0.0,女,遷入,其他縣市,0
110,8,9,樹林區,,,,無年齡維度,0.0,男,遷入,其他縣市,0
110,8,9,樹林區,,,,無年齡維度,0.0,女,遷入,其他鄉鎮,106
110,8,9,樹林區,,,,無年齡維度,0.0,男,遷入,其他鄉鎮,100
110,8,9,樹林區,,,,無年齡維度,0.0,女,遷入,合計,201
110,8,9,樹林區,,,,無年齡維度,0.0,男,遷入,合計,164
110,8,9,樹林區,,,,無年齡維度,0.0,女,遷入,國外,1
110,8,9,樹林區,,,,無年齡維度,0.0,男,遷入,國外,5
110,8,9,樹林區,,,,無年齡維度,0.0,女,遷入,新北市內,0
110,8,9,樹林區,,,,無年齡維度,0.0,男,遷入,新北市內,0
110,8,9,樹林區,,,,無年齡維度,0.0,女,遷入,桃園市,16
110,8,9,樹林區,,,,無年齡維度,0.0,男,遷入,桃園市,12
110,8,9,樹林區,,,,無年齡維度,0.0,女,遷入,福建省,1
110,8,9,樹林區,,,,無年齡維度,0.0,男,遷入,福建省,2
110,8,9,樹林區,,,,無年齡維度,0.0,女,遷入,臺中市,7
110,8,9,樹林區,,,,無年齡維度,0.0,男,遷入,臺中市,6
110,8,9,樹林區,,,,無年齡維度,0.0,女,遷入,臺北市,40
110,8,9,樹林區,,,,無年齡維度,0.0,男,遷入,臺北市,20
110,8,9,樹林區,,,,無年齡維度,0.0,女,遷入,臺南市,2
110,8,9,樹林區,,,,無年齡維度,0.0,男,遷入,臺南市,3
110,8,9,樹林區,,,,無年齡維度,0.0,女,遷入,臺灣省,21
110,8,9,樹林區,,,,無年齡維度,0.0,男,遷入,臺灣省,14
110,8,9,樹林區,,,,無年齡維度,0.0,女,遷入,高雄市,6
110,8,9,樹林區,,,,無年齡維度,0.0,男,遷入,高雄市,1
110,8,9,樹林區,,,,無年齡維度,0.0,女,遷出,migrants,192
110,8,9,樹林區,,,,無年齡維度,0.0,男,遷出,migrants,175
110,8,9,樹林區,,,,無年齡維度,0.0,女,遷出,other,0
110,8,9,樹林區,,,,無年齡維度,0.0,男,遷出,other,0
110,8,9,樹林區,,,,無年齡維度,0.0,女,遷出,其他縣市,0
110,8,9,樹林區,,,,無年齡維度,0.0,男,遷出,其他縣市,0
110,8,9,樹林區,,,,無年齡維度,0.0,女,遷出,其他鄉鎮,110
110,8,9,樹林區,,,,無年齡維度,0.0,男,遷出,其他鄉鎮,82
110,8,9,樹林區,,,,無年齡維度,0.0,女,遷出,合計,293
110,8,9,樹林區,,,,無年齡維度,0.0,男,遷出,合計,234
110,8,9,樹林區,,,,無年齡維度,0.0,女,遷出,國外,53
110,8,9,樹林區,,,,無年齡維度,0.0,男,遷出,國外,44
110,8,9,樹林區,,,,無年齡維度,0.0,女,遷出,新北市內,0
110,8,9,樹林區,,,,無年齡維度,0.0,男,遷出,新北市內,0
110,8,9,樹林區,,,,無年齡維度,0.0,女,遷出,桃園市,49
110,8,9,樹林區,,,,無年齡維度,0.0,男,遷出,桃園市,39
110,8,9,樹林區,,,,無年齡維度,0.0,女,遷出,福建省,5
110,8,9,樹林區,,,,無年齡維度,0.0,男,遷出,福建省,4
110,8,9,樹林區,,,,無年齡維度,0.0,女,遷出,臺中市,14
110,8,9,樹林區,,,,無年齡維度,0.0,男,遷出,臺中市,6
110,8,9,樹林區,,,,無年齡維度,0.0,女,遷出,臺北市,15
110,8,9,樹林區,,,,無年齡維度,0.0,男,遷出,臺北市,18
110,8,9,樹林區,,,,無年齡維度,0.0,女,遷出,臺南市,4
110,8,9,樹林區,,,,無年齡維度,0.0,男,遷出,臺南市,5
110,8,9,樹林區,,,,無年齡維度,0.0,女,遷出,臺灣省,38
110,8,9,樹林區,,,,無年齡維度,0.0,男,遷出,臺灣省,31
110,8,9,樹林區,,,,無年齡維度,0.0,女,遷出,高雄市,5
110,8,9,樹林區,,,,無年齡維度,0.0,男,遷出,高雄市,5
110,8,10,鶯歌區,,,,無年齡維度,0.0,女,遷入,migrants,358
110,8,10,鶯歌區,,,,無年齡維度,0.0,男,遷入,migrants,312
110,8,10,鶯歌區,,,,無年齡維度,0.0,女,遷入,other,0
110,8,10,鶯歌區,,,,無年齡維度,0.0,男,遷入,other,0
110,8,10,鶯歌區,,,,無年齡維度,0.0,女,遷入,其他縣市,0
110,8,10,鶯歌區,,,,無年齡維度,0.0,男,遷入,其他縣市,0
110,8,10,鶯歌區,,,,無年齡維度,0.0,女,遷入,其他鄉鎮,156
110,8,10,鶯歌區,,,,無年齡維度,0.0,男,遷入,其他鄉鎮,166
110,8,10,鶯歌區,,,,無年齡維度,0.0,女,遷入,合計,527
110,8,10,鶯歌區,,,,無年齡維度,0.0,男,遷入,合計,494
110,8,10,鶯歌區,,,,無年齡維度,0.0,女,遷入,國外,12
110,8,10,鶯歌區,,,,無年齡維度,0.0,男,遷入,國外,8
110,8,10,鶯歌區,,,,無年齡維度,0.0,女,遷入,新北市內,0
110,8,10,鶯歌區,,,,無年齡維度,0.0,男,遷入,新北市內,0
110,8,10,鶯歌區,,,,無年齡維度,0.0,女,遷入,桃園市,21
110,8,10,鶯歌區,,,,無年齡維度,0.0,男,遷入,桃園市,27
110,8,10,鶯歌區,,,,無年齡維度,0.0,女,遷入,福建省,0
110,8,10,鶯歌區,,,,無年齡維度,0.0,男,遷入,福建省,1
110,8,10,鶯歌區,,,,無年齡維度,0.0,女,遷入,臺中市,6
110,8,10,鶯歌區,,,,無年齡維度,0.0,男,遷入,臺中市,7
110,8,10,鶯歌區,,,,無年齡維度,0.0,女,遷入,臺北市,260
110,8,10,鶯歌區,,,,無年齡維度,0.0,男,遷入,臺北市,241
110,8,10,鶯歌區,,,,無年齡維度,0.0,女,遷入,臺南市,3
110,8,10,鶯歌區,,,,無年齡維度,0.0,男,遷入,臺南市,4
110,8,10,鶯歌區,,,,無年齡維度,0.0,女,遷入,臺灣省,51
110,8,10,鶯歌區,,,,無年齡維度,0.0,男,遷入,臺灣省,31
110,8,10,鶯歌區,,,,無年齡維度,0.0,女,遷入,高雄市,8
110,8,10,鶯歌區,,,,無年齡維度,0.0,男,遷入,高雄市,4
110,8,10,鶯歌區,,,,無年齡維度,0.0,女,遷出,migrants,358
110,8,10,鶯歌區,,,,無年齡維度,0.0,男,遷出,migrants,312
110,8,10,鶯歌區,,,,無年齡維度,0.0,女,遷出,other,0
110,8,10,鶯歌區,,,,無年齡維度,0.0,男,遷出,other,0
110,8,10,鶯歌區,,,,無年齡維度,0.0,女,遷出,其他縣市,0
110,8,10,鶯歌區,,,,無年齡維度,0.0,男,遷出,其他縣市,0
110,8,10,鶯歌區,,,,無年齡維度,0.0,女,遷出,其他鄉鎮,111
110,8,10,鶯歌區,,,,無年齡維度,0.0,男,遷出,其他鄉鎮,89
110,8,10,鶯歌區,,,,無年齡維度,0.0,女,遷出,合計,446
110,8,10,鶯歌區,,,,無年齡維度,0.0,男,遷出,合計,344
110,8,10,鶯歌區,,,,無年齡維度,0.0,女,遷出,國外,159
110,8,10,鶯歌區,,,,無年齡維度,0.0,男,遷出,國外,93
110,8,10,鶯歌區,,,,無年齡維度,0.0,女,遷出,新北市內,0
110,8,10,鶯歌區,,,,無年齡維度,0.0,男,遷出,新北市內,0
110,8,10,鶯歌區,,,,無年齡維度,0.0,女,遷出,桃園市,23
110,8,10,鶯歌區,,,,無年齡維度,0.0,男,遷出,桃園市,20
110,8,10,鶯歌區,,,,無年齡維度,0.0,女,遷出,福建省,2
110,8,10,鶯歌區,,,,無年齡維度,0.0,男,遷出,福建省,3
110,8,10,鶯歌區,,,,無年齡維度,0.0,女,遷出,臺中市,6
110,8,10,鶯歌區,,,,無年齡維度,0.0,男,遷出,臺中市,8
110,8,10,鶯歌區,,,,無年齡維度,0.0,女,遷出,臺北市,90
110,8,10,鶯歌區,,,,無年齡維度,0.0,男,遷出,臺北市,82
110,8,10,鶯歌區,,,,無年齡維度,0.0,女,遷出,臺南市,5
110,8,10,鶯歌區,,,,無年齡維度,0.0,男,遷出,臺南市,6
110,8,10,鶯歌區,,,,無年齡維度,0.0,女,遷出,臺灣省,43
110,8,10,鶯歌區,,,,無年齡維度,0.0,男,遷出,臺灣省,31
110,8,10,鶯歌區,,,,無年齡維度,0.0,女,遷出,高雄市,7
110,8,10,鶯歌區,,,,無年齡維度,0.0,男,遷出,高雄市,12
110,8,11,三峽區,,,,無年齡維度,0.0,女,遷入,migrants,344
110,8,11,三峽區,,,,無年齡維度,0.0,男,遷入,migrants,278
110,8,11,三峽區,,,,無年齡維度,0.0,女,遷入,other,0
110,8,11,三峽區,,,,無年齡維度,0.0,男,遷入,other,0
110,8,11,三峽區,,,,無年齡維度,0.0,女,遷入,其他縣市,0
110,8,11,三峽區,,,,無年齡維度,0.0,男,遷入,其他縣市,0
110,8,11,三峽區,,,,無年齡維度,0.0,女,遷入,其他鄉鎮,69
110,8,11,三峽區,,,,無年齡維度,0.0,男,遷入,其他鄉鎮,62
110,8,11,三峽區,,,,無年齡維度,0.0,女,遷入,合計,581
110,8,11,三峽區,,,,無年齡維度,0.0,男,遷入,合計,535
110,8,11,三峽區,,,,無年齡維度,0.0,女,遷入,國外,10
110,8,11,三峽區,,,,無年齡維度,0.0,男,遷入,國外,6
110,8,11,三峽區,,,,無年齡維度,0.0,女,遷入,新北市內,0
110,8,11,三峽區,,,,無年齡維度,0.0,男,遷入,新北市內,0
110,8,11,三峽區,,,,無年齡維度,0.0,女,遷入,桃園市,25
110,8,11,三峽區,,,,無年齡維度,0.0,男,遷入,桃園市,27
110,8,11,三峽區,,,,無年齡維度,0.0,女,遷入,福建省,0
110,8,11,三峽區,,,,無年齡維度,0.0,男,遷入,福建省,2
110,8,11,三峽區,,,,無年齡維度,0.0,女,遷入,臺中市,16
110,8,11,三峽區,,,,無年齡維度,0.0,男,遷入,臺中市,13
110,8,11,三峽區,,,,無年齡維度,0.0,女,遷入,臺北市,365
110,8,11,三峽區,,,,無年齡維度,0.0,男,遷入,臺北市,331
110,8,11,三峽區,,,,無年齡維度,0.0,女,遷入,臺南市,7
110,8,11,三峽區,,,,無年齡維度,0.0,男,遷入,臺南市,9
110,8,11,三峽區,,,,無年齡維度,0.0,女,遷入,臺灣省,67
110,8,11,三峽區,,,,無年齡維度,0.0,男,遷入,臺灣省,70
110,8,11,三峽區,,,,無年齡維度,0.0,女,遷入,高雄市,16
110,8,11,三峽區,,,,無年齡維度,0.0,男,遷入,高雄市,13
110,8,11,三峽區,,,,無年齡維度,0.0,女,遷出,migrants,344
110,8,11,三峽區,,,,無年齡維度,0.0,男,遷出,migrants,278
110,8,11,三峽區,,,,無年齡維度,0.0,女,遷出,other,0
110,8,11,三峽區,,,,無年齡維度,0.0,男,遷出,other,0
110,8,11,三峽區,,,,無年齡維度,0.0,女,遷出,其他縣市,0
110,8,11,三峽區,,,,無年齡維度,0.0,男,遷出,其他縣市,0
110,8,11,三峽區,,,,無年齡維度,0.0,女,遷出,其他鄉鎮,86
110,8,11,三峽區,,,,無年齡維度,0.0,男,遷出,其他鄉鎮,66
110,8,11,三峽區,,,,無年齡維度,0.0,女,遷出,合計,521
110,8,11,三峽區,,,,無年齡維度,0.0,男,遷出,合計,449
110,8,11,三峽區,,,,無年齡維度,0.0,女,遷出,國外,150
110,8,11,三峽區,,,,無年齡維度,0.0,男,遷出,國外,98
110,8,11,三峽區,,,,無年齡維度,0.0,女,遷出,新北市內,0
110,8,11,三峽區,,,,無年齡維度,0.0,男,遷出,新北市內,0
110,8,11,三峽區,,,,無年齡維度,0.0,女,遷出,桃園市,34
110,8,11,三峽區,,,,無年齡維度,0.0,男,遷出,桃園市,29
110,8,11,三峽區,,,,無年齡維度,0.0,女,遷出,福建省,0
110,8,11,三峽區,,,,無年齡維度,0.0,男,遷出,福建省,2
110,8,11,三峽區,,,,無年齡維度,0.0,女,遷出,臺中市,14
110,8,11,三峽區,,,,無年齡維度,0.0,男,遷出,臺中市,4
110,8,11,三峽區,,,,無年齡維度,0.0,女,遷出,臺北市,137
110,8,11,三峽區,,,,無年齡維度,0.0,男,遷出,臺北市,151
110,8,11,三峽區,,,,無年齡維度,0.0,女,遷出,臺南市,4
110,8,11,三峽區,,,,無年齡維度,0.0,男,遷出,臺南市,9
110,8,11,三峽區,,,,無年齡維度,0.0,女,遷出,臺灣省,88
110,8,11,三峽區,,,,無年齡維度,0.0,男,遷出,臺灣省,80
110,8,11,三峽區,,,,無年齡維度,0.0,女,遷出,高雄市,7
110,8,11,三峽區,,,,無年齡維度,0.0,男,遷出,高雄市,9
110,8,12,淡水區,,,,無年齡維度,0.0,女,遷入,migrants,24
110,8,12,淡水區,,,,無年齡維度,0.0,男,遷入,migrants,27
110,8,12,淡水區,,,,無年齡維度,0.0,女,遷入,other,0
110,8,12,淡水區,,,,無年齡維度,0.0,男,遷入,other,0
110,8,12,淡水區,,,,無年齡維度,0.0,女,遷入,其他縣市,0
110,8,12,淡水區,,,,無年齡維度,0.0,男,遷入,其他縣市,0
110,8,12,淡水區,,,,無年齡維度,0.0,女,遷入,其他鄉鎮,13
110,8,12,淡水區,,,,無年齡維度,0.0,男,遷入,其他鄉鎮,5
110,8,12,淡水區,,,,無年齡維度,0.0,女,遷入,合計,60
110,8,12,淡水區,,,,無年齡維度,0.0,男,遷入,合計,23
110,8,12,淡水區,,,,無年齡維度,0.0,女,遷入,國外,0
110,8,12,淡水區,,,,無年齡維度,0.0,男,遷入,國外,0
110,8,12,淡水區,,,,無年齡維度,0.0,女,遷入,新北市內,0
110,8,12,淡水區,,,,無年齡維度,0.0,男,遷入,新北市內,0
110,8,12,淡水區,,,,無年齡維度,0.0,女,遷入,桃園市,7
110,8,12,淡水區,,,,無年齡維度,0.0,男,遷入,桃園市,3
110,8,12,淡水區,,,,無年齡維度,0.0,女,遷入,福建省,1
110,8,12,淡水區,,,,無年齡維度,0.0,男,遷入,福建省,0
110,8,12,淡水區,,,,無年齡維度,0.0,女,遷入,臺中市,1
110,8,12,淡水區,,,,無年齡維度,0.0,男,遷入,臺中市,1
110,8,12,淡水區,,,,無年齡維度,0.0,女,遷入,臺北市,5
110,8,12,淡水區,,,,無年齡維度,0.0,男,遷入,臺北市,3
110,8,12,淡水區,,,,無年齡維度,0.0,女,遷入,臺南市,0
110,8,12,淡水區,,,,無年齡維度,0.0,男,遷入,臺南市,0
110,8,12,淡水區,,,,無年齡維度,0.0,女,遷入,臺灣省,32
110,8,12,淡水區,,,,無年齡維度,0.0,男,遷入,臺灣省,11
110,8,12,淡水區,,,,無年齡維度,0.0,女,遷入,高雄市,0
110,8,12,淡水區,,,,無年齡維度,0.0,男,遷入,高雄市,0
110,8,12,淡水區,,,,無年齡維度,0.0,女,遷出,migrants,24
110,8,12,淡水區,,,,無年齡維度,0.0,男,遷出,migrants,27
110,8,12,淡水區,,,,無年齡維度,0.0,女,遷出,other,0
110,8,12,淡水區,,,,無年齡維度,0.0,男,遷出,other,0
110,8,12,淡水區,,,,無年齡維度,0.0,女,遷出,其他縣市,0
110,8,12,淡水區,,,,無年齡維度,0.0,男,遷出,其他縣市,0
110,8,12,淡水區,,,,無年齡維度,0.0,女,遷出,其他鄉鎮,15
110,8,12,淡水區,,,,無年齡維度,0.0,男,遷出,其他鄉鎮,12
110,8,12,淡水區,,,,無年齡維度,0.0,女,遷出,合計,65
110,8,12,淡水區,,,,無年齡維度,0.0,男,遷出,合計,62
110,8,12,淡水區,,,,無年齡維度,0.0,女,遷出,國外,7
110,8,12,淡水區,,,,無年齡維度,0.0,男,遷出,國外,9
110,8,12,淡水區,,,,無年齡維度,0.0,女,遷出,新北市內,0
110,8,12,淡水區,,,,無年齡維度,0.0,男,遷出,新北市內,0
110,8,12,淡水區,,,,無年齡維度,0.0,女,遷出,桃園市,7
110,8,12,淡水區,,,,無年齡維度,0.0,男,遷出,桃園市,6
110,8,12,淡水區,,,,無年齡維度,0.0,女,遷出,福建省,0
110,8,12,淡水區,,,,無年齡維度,0.0,男,遷出,福建省,1
110,8,12,淡水區,,,,無年齡維度,0.0,女,遷出,臺中市,1
110,8,12,淡水區,,,,無年齡維度,0.0,男,遷出,臺中市,2
110,8,12,淡水區,,,,無年齡維度,0.0,女,遷出,臺北市,7
110,8,12,淡水區,,,,無年齡維度,0.0,男,遷出,臺北市,4
110,8,12,淡水區,,,,無年齡維度,0.0,女,遷出,臺南市,0
110,8,12,淡水區,,,,無年齡維度,0.0,男,遷出,臺南市,0
110,8,12,淡水區,,,,無年齡維度,0.0,女,遷出,臺灣省,28
110,8,12,淡水區,,,,無年齡維度,0.0,男,遷出,臺灣省,27
110,8,12,淡水區,,,,無年齡維度,0.0,女,遷出,高雄市,0
110,8,12,淡水區,,,,無年齡維度,0.0,男,遷出,高雄市,1
110,8,13,汐止區,,,,無年齡維度,0.0,女,遷入,migrants,326
110,8,13,汐止區,,,,無年齡維度,0.0,男,遷入,migrants,308
110,8,13,汐止區,,,,無年齡維度,0.0,女,遷入,other,0
110,8,13,汐止區,,,,無年齡維度,0.0,男,遷入,other,0
110,8,13,汐止區,,,,無年齡維度,0.0,女,遷入,其他縣市,0
110,8,13,汐止區,,,,無年齡維度,0.0,男,遷入,其他縣市,0
110,8,13,汐止區,,,,無年齡維度,0.0,女,遷入,其他鄉鎮,242
110,8,13,汐止區,,,,無年齡維度,0.0,男,遷入,其他鄉鎮,224
110,8,13,汐止區,,,,無年齡維度,0.0,女,遷入,合計,455
110,8,13,汐止區,,,,無年齡維度,0.0,男,遷入,合計,414
110,8,13,汐止區,,,,無年齡維度,0.0,女,遷入,國外,3
110,8,13,汐止區,,,,無年齡維度,0.0,男,遷入,國外,5
110,8,13,汐止區,,,,無年齡維度,0.0,女,遷入,新北市內,0
110,8,13,汐止區,,,,無年齡維度,0.0,男,遷入,新北市內,0
110,8,13,汐止區,,,,無年齡維度,0.0,女,遷入,桃園市,26
110,8,13,汐止區,,,,無年齡維度,0.0,男,遷入,桃園市,24
110,8,13,汐止區,,,,無年齡維度,0.0,女,遷入,福建省,1
110,8,13,汐止區,,,,無年齡維度,0.0,男,遷入,福建省,2
110,8,13,汐止區,,,,無年齡維度,0.0,女,遷入,臺中市,18
110,8,13,汐止區,,,,無年齡維度,0.0,男,遷入,臺中市,8
110,8,13,汐止區,,,,無年齡維度,0.0,女,遷入,臺北市,93
110,8,13,汐止區,,,,無年齡維度,0.0,男,遷入,臺北市,71
110,8,13,汐止區,,,,無年齡維度,0.0,女,遷入,臺南市,5
110,8,13,汐止區,,,,無年齡維度,0.0,男,遷入,臺南市,4
110,8,13,汐止區,,,,無年齡維度,0.0,女,遷入,臺灣省,50
110,8,13,汐止區,,,,無年齡維度,0.0,男,遷入,臺灣省,63
110,8,13,汐止區,,,,無年齡維度,0.0,女,遷入,高雄市,9
110,8,13,汐止區,,,,無年齡維度,0.0,男,遷入,高雄市,8
110,8,13,汐止區,,,,無年齡維度,0.0,女,遷出,migrants,326
110,8,13,汐止區,,,,無年齡維度,0.0,男,遷出,migrants,308
110,8,13,汐止區,,,,無年齡維度,0.0,女,遷出,other,0
110,8,13,汐止區,,,,無年齡維度,0.0,男,遷出,other,0
110,8,13,汐止區,,,,無年齡維度,0.0,女,遷出,其他縣市,0
110,8,13,汐止區,,,,無年齡維度,0.0,男,遷出,其他縣市,0
110,8,13,汐止區,,,,無年齡維度,0.0,女,遷出,其他鄉鎮,229
110,8,13,汐止區,,,,無年齡維度,0.0,男,遷出,其他鄉鎮,187
110,8,13,汐止區,,,,無年齡維度,0.0,女,遷出,合計,509
110,8,13,汐止區,,,,無年齡維度,0.0,男,遷出,合計,423
110,8,13,汐止區,,,,無年齡維度,0.0,女,遷出,國外,78
110,8,13,汐止區,,,,無年齡維度,0.0,男,遷出,國外,59
110,8,13,汐止區,,,,無年齡維度,0.0,女,遷出,新北市內,0
110,8,13,汐止區,,,,無年齡維度,0.0,男,遷出,新北市內,0
110,8,13,汐止區,,,,無年齡維度,0.0,女,遷出,桃園市,69
110,8,13,汐止區,,,,無年齡維度,0.0,男,遷出,桃園市,55
110,8,13,汐止區,,,,無年齡維度,0.0,女,遷出,福建省,5
110,8,13,汐止區,,,,無年齡維度,0.0,男,遷出,福建省,5
110,8,13,汐止區,,,,無年齡維度,0.0,女,遷出,臺中市,13
110,8,13,汐止區,,,,無年齡維度,0.0,男,遷出,臺中市,13
110,8,13,汐止區,,,,無年齡維度,0.0,女,遷出,臺北市,31
110,8,13,汐止區,,,,無年齡維度,0.0,男,遷出,臺北市,27
110,8,13,汐止區,,,,無年齡維度,0.0,女,遷出,臺南市,13
110,8,13,汐止區,,,,無年齡維度,0.0,男,遷出,臺南市,6
110,8,13,汐止區,,,,無年齡維度,0.0,女,遷出,臺灣省,67
110,8,13,汐止區,,,,無年齡維度,0.0,男,遷出,臺灣省,62
110,8,13,汐止區,,,,無年齡維度,0.0,女,遷出,高雄市,4
110,8,13,汐止區,,,,無年齡維度,0.0,男,遷出,高雄市,9
110,8,14,瑞芳區,,,,無年齡維度,0.0,女,遷入,migrants,256
110,8,14,瑞芳區,,,,無年齡維度,0.0,男,遷入,migrants,233
110,8,14,瑞芳區,,,,無年齡維度,0.0,女,遷入,other,0
110,8,14,瑞芳區,,,,無年齡維度,0.0,男,遷入,other,0
110,8,14,瑞芳區,,,,無年齡維度,0.0,女,遷入,其他縣市,0
110,8,14,瑞芳區,,,,無年齡維度,0.0,男,遷入,其他縣市,0
110,8,14,瑞芳區,,,,無年齡維度,0.0,女,遷入,其他鄉鎮,168
110,8,14,瑞芳區,,,,無年齡維度,0.0,男,遷入,其他鄉鎮,149
110,8,14,瑞芳區,,,,無年齡維度,0.0,女,遷入,合計,387
110,8,14,瑞芳區,,,,無年齡維度,0.0,男,遷入,合計,343
110,8,14,瑞芳區,,,,無年齡維度,0.0,女,遷入,國外,1
110,8,14,瑞芳區,,,,無年齡維度,0.0,男,遷入,國外,2
110,8,14,瑞芳區,,,,無年齡維度,0.0,女,遷入,新北市內,0
110,8,14,瑞芳區,,,,無年齡維度,0.0,男,遷入,新北市內,0
110,8,14,瑞芳區,,,,無年齡維度,0.0,女,遷入,桃園市,17
110,8,14,瑞芳區,,,,無年齡維度,0.0,男,遷入,桃園市,19
110,8,14,瑞芳區,,,,無年齡維度,0.0,女,遷入,福建省,5
110,8,14,瑞芳區,,,,無年齡維度,0.0,男,遷入,福建省,2
110,8,14,瑞芳區,,,,無年齡維度,0.0,女,遷入,臺中市,6
110,8,14,瑞芳區,,,,無年齡維度,0.0,男,遷入,臺中市,7
110,8,14,瑞芳區,,,,無年齡維度,0.0,女,遷入,臺北市,140
110,8,14,瑞芳區,,,,無年齡維度,0.0,男,遷入,臺北市,118
110,8,14,瑞芳區,,,,無年齡維度,0.0,女,遷入,臺南市,6
110,8,14,瑞芳區,,,,無年齡維度,0.0,男,遷入,臺南市,5
110,8,14,瑞芳區,,,,無年齡維度,0.0,女,遷入,臺灣省,22
110,8,14,瑞芳區,,,,無年齡維度,0.0,男,遷入,臺灣省,28
110,8,14,瑞芳區,,,,無年齡維度,0.0,女,遷入,高雄市,14
110,8,14,瑞芳區,,,,無年齡維度,0.0,男,遷入,高雄市,13
110,8,14,瑞芳區,,,,無年齡維度,0.0,女,遷出,migrants,256
110,8,14,瑞芳區,,,,無年齡維度,0.0,男,遷出,migrants,233
110,8,14,瑞芳區,,,,無年齡維度,0.0,女,遷出,other,0
110,8,14,瑞芳區,,,,無年齡維度,0.0,男,遷出,other,0
110,8,14,瑞芳區,,,,無年齡維度,0.0,女,遷出,其他縣市,0
110,8,14,瑞芳區,,,,無年齡維度,0.0,男,遷出,其他縣市,0
110,8,14,瑞芳區,,,,無年齡維度,0.0,女,遷出,其他鄉鎮,241
110,8,14,瑞芳區,,,,無年齡維度,0.0,男,遷出,其他鄉鎮,189
110,8,14,瑞芳區,,,,無年齡維度,0.0,女,遷出,合計,498
110,8,14,瑞芳區,,,,無年齡維度,0.0,男,遷出,合計,390
110,8,14,瑞芳區,,,,無年齡維度,0.0,女,遷出,國外,63
110,8,14,瑞芳區,,,,無年齡維度,0.0,男,遷出,國外,27
110,8,14,瑞芳區,,,,無年齡維度,0.0,女,遷出,新北市內,0
110,8,14,瑞芳區,,,,無年齡維度,0.0,男,遷出,新北市內,0
110,8,14,瑞芳區,,,,無年齡維度,0.0,女,遷出,桃園市,40
110,8,14,瑞芳區,,,,無年齡維度,0.0,男,遷出,桃園市,32
110,8,14,瑞芳區,,,,無年齡維度,0.0,女,遷出,福建省,7
110,8,14,瑞芳區,,,,無年齡維度,0.0,男,遷出,福建省,3
110,8,14,瑞芳區,,,,無年齡維度,0.0,女,遷出,臺中市,18
110,8,14,瑞芳區,,,,無年齡維度,0.0,男,遷出,臺中市,10
110,8,14,瑞芳區,,,,無年齡維度,0.0,女,遷出,臺北市,81
110,8,14,瑞芳區,,,,無年齡維度,0.0,男,遷出,臺北市,67
110,8,14,瑞芳區,,,,無年齡維度,0.0,女,遷出,臺南市,5
110,8,14,瑞芳區,,,,無年齡維度,0.0,男,遷出,臺南市,8
110,8,14,瑞芳區,,,,無年齡維度,0.0,女,遷出,臺灣省,36
110,8,14,瑞芳區,,,,無年齡維度,0.0,男,遷出,臺灣省,47
110,8,14,瑞芳區,,,,無年齡維度,0.0,女,遷出,高雄市,7
110,8,14,瑞芳區,,,,無年齡維度,0.0,男,遷出,高雄市,7
110,8,15,五股區,,,,無年齡維度,0.0,女,遷入,migrants,151
110,8,15,五股區,,,,無年齡維度,0.0,男,遷入,migrants,141
110,8,15,五股區,,,,無年齡維度,0.0,女,遷入,other,0
110,8,15,五股區,,,,無年齡維度,0.0,男,遷入,other,0
110,8,15,五股區,,,,無年齡維度,0.0,女,遷入,其他縣市,0
110,8,15,五股區,,,,無年齡維度,0.0,男,遷入,其他縣市,0
110,8,15,五股區,,,,無年齡維度,0.0,女,遷入,其他鄉鎮,193
110,8,15,五股區,,,,無年齡維度,0.0,男,遷入,其他鄉鎮,174
110,8,15,五股區,,,,無年齡維度,0.0,女,遷入,合計,306
110,8,15,五股區,,,,無年齡維度,0.0,男,遷入,合計,270
110,8,15,五股區,,,,無年齡維度,0.0,女,遷入,國外,1
110,8,15,五股區,,,,無年齡維度,0.0,男,遷入,國外,3
110,8,15,五股區,,,,無年齡維度,0.0,女,遷入,新北市內,0
110,8,15,五股區,,,,無年齡維度,0.0,男,遷入,新北市內,0
110,8,15,五股區,,,,無年齡維度,0.0,女,遷入,桃園市,20
110,8,15,五股區,,,,無年齡維度,0.0,男,遷入,桃園市,10
110,8,15,五股區,,,,無年齡維度,0.0,女,遷入,福建省,2
110,8,15,五股區,,,,無年齡維度,0.0,男,遷入,福建省,2
110,8,15,五股區,,,,無年齡維度,0.0,女,遷入,臺中市,4
110,8,15,五股區,,,,無年齡維度,0.0,男,遷入,臺中市,2
110,8,15,五股區,,,,無年齡維度,0.0,女,遷入,臺北市,56
110,8,15,五股區,,,,無年齡維度,0.0,男,遷入,臺北市,43
110,8,15,五股區,,,,無年齡維度,0.0,女,遷入,臺南市,2
110,8,15,五股區,,,,無年齡維度,0.0,男,遷入,臺南市,2
110,8,15,五股區,,,,無年齡維度,0.0,女,遷入,臺灣省,20
110,8,15,五股區,,,,無年齡維度,0.0,男,遷入,臺灣省,29
110,8,15,五股區,,,,無年齡維度,0.0,女,遷入,高雄市,6
110,8,15,五股區,,,,無年齡維度,0.0,男,遷入,高雄市,4
110,8,15,五股區,,,,無年齡維度,0.0,女,遷出,migrants,151
110,8,15,五股區,,,,無年齡維度,0.0,男,遷出,migrants,141
110,8,15,五股區,,,,無年齡維度,0.0,女,遷出,other,0
110,8,15,五股區,,,,無年齡維度,0.0,男,遷出,other,0
110,8,15,五股區,,,,無年齡維度,0.0,女,遷出,其他縣市,0
110,8,15,五股區,,,,無年齡維度,0.0,男,遷出,其他縣市,0
110,8,15,五股區,,,,無年齡維度,0.0,女,遷出,其他鄉鎮,117
110,8,15,五股區,,,,無年齡維度,0.0,男,遷出,其他鄉鎮,92
110,8,15,五股區,,,,無年齡維度,0.0,女,遷出,合計,221
110,8,15,五股區,,,,無年齡維度,0.0,男,遷出,合計,191
110,8,15,五股區,,,,無年齡維度,0.0,女,遷出,國外,21
110,8,15,五股區,,,,無年齡維度,0.0,男,遷出,國外,22
110,8,15,五股區,,,,無年齡維度,0.0,女,遷出,新北市內,0
110,8,15,五股區,,,,無年齡維度,0.0,男,遷出,新北市內,0
110,8,15,五股區,,,,無年齡維度,0.0,女,遷出,桃園市,18
110,8,15,五股區,,,,無年齡維度,0.0,男,遷出,桃園市,20
110,8,15,五股區,,,,無年齡維度,0.0,女,遷出,福建省,2
110,8,15,五股區,,,,無年齡維度,0.0,男,遷出,福建省,2
110,8,15,五股區,,,,無年齡維度,0.0,女,遷出,臺中市,11
110,8,15,五股區,,,,無年齡維度,0.0,男,遷出,臺中市,8
110,8,15,五股區,,,,無年齡維度,0.0,女,遷出,臺北市,21
110,8,15,五股區,,,,無年齡維度,0.0,男,遷出,臺北市,10
110,8,15,五股區,,,,無年齡維度,0.0,女,遷出,臺南市,1
110,8,15,五股區,,,,無年齡維度,0.0,男,遷出,臺南市,1
110,8,15,五股區,,,,無年齡維度,0.0,女,遷出,臺灣省,26
110,8,15,五股區,,,,無年齡維度,0.0,男,遷出,臺灣省,32
110,8,15,五股區,,,,無年齡維度,0.0,女,遷出,高雄市,3
110,8,15,五股區,,,,無年齡維度,0.0,男,遷出,高雄市,4
110,8,16,泰山區,,,,無年齡維度,0.0,女,遷入,migrants,107
110,8,16,泰山區,,,,無年齡維度,0.0,男,遷入,migrants,125
110,8,16,泰山區,,,,無年齡維度,0.0,女,遷入,other,0
110,8,16,泰山區,,,,無年齡維度,0.0,男,遷入,other,0
110,8,16,泰山區,,,,無年齡維度,0.0,女,遷入,其他縣市,0
110,8,16,泰山區,,,,無年齡維度,0.0,男,遷入,其他縣市,0
110,8,16,泰山區,,,,無年齡維度,0.0,女,遷入,其他鄉鎮,145
110,8,16,泰山區,,,,無年齡維度,0.0,男,遷入,其他鄉鎮,95
110,8,16,泰山區,,,,無年齡維度,0.0,女,遷入,合計,209
110,8,16,泰山區,,,,無年齡維度,0.0,男,遷入,合計,160
110,8,16,泰山區,,,,無年齡維度,0.0,女,遷入,國外,1
110,8,16,泰山區,,,,無年齡維度,0.0,男,遷入,國外,1
110,8,16,泰山區,,,,無年齡維度,0.0,女,遷入,新北市內,0
110,8,16,泰山區,,,,無年齡維度,0.0,男,遷入,新北市內,0
110,8,16,泰山區,,,,無年齡維度,0.0,女,遷入,桃園市,10
110,8,16,泰山區,,,,無年齡維度,0.0,男,遷入,桃園市,14
110,8,16,泰山區,,,,無年齡維度,0.0,女,遷入,福建省,0
110,8,16,泰山區,,,,無年齡維度,0.0,男,遷入,福建省,1
110,8,16,泰山區,,,,無年齡維度,0.0,女,遷入,臺中市,0
110,8,16,泰山區,,,,無年齡維度,0.0,男,遷入,臺中市,3
110,8,16,泰山區,,,,無年齡維度,0.0,女,遷入,臺北市,23
110,8,16,泰山區,,,,無年齡維度,0.0,男,遷入,臺北市,20
110,8,16,泰山區,,,,無年齡維度,0.0,女,遷入,臺南市,1
110,8,16,泰山區,,,,無年齡維度,0.0,男,遷入,臺南市,0
110,8,16,泰山區,,,,無年齡維度,0.0,女,遷入,臺灣省,22
110,8,16,泰山區,,,,無年齡維度,0.0,男,遷入,臺灣省,22
110,8,16,泰山區,,,,無年齡維度,0.0,女,遷入,高雄市,2
110,8,16,泰山區,,,,無年齡維度,0.0,男,遷入,高雄市,3
110,8,16,泰山區,,,,無年齡維度,0.0,女,遷出,migrants,107
110,8,16,泰山區,,,,無年齡維度,0.0,男,遷出,migrants,125
110,8,16,泰山區,,,,無年齡維度,0.0,女,遷出,other,0
110,8,16,泰山區,,,,無年齡維度,0.0,男,遷出,other,0
110,8,16,泰山區,,,,無年齡維度,0.0,女,遷出,其他縣市,0
110,8,16,泰山區,,,,無年齡維度,0.0,男,遷出,其他縣市,0
110,8,16,泰山區,,,,無年齡維度,0.0,女,遷出,其他鄉鎮,108
110,8,16,泰山區,,,,無年齡維度,0.0,男,遷出,其他鄉鎮,116
110,8,16,泰山區,,,,無年齡維度,0.0,女,遷出,合計,191
110,8,16,泰山區,,,,無年齡維度,0.0,男,遷出,合計,200
110,8,16,泰山區,,,,無年齡維度,0.0,女,遷出,國外,19
110,8,16,泰山區,,,,無年齡維度,0.0,男,遷出,國外,17
110,8,16,泰山區,,,,無年齡維度,0.0,女,遷出,新北市內,0
110,8,16,泰山區,,,,無年齡維度,0.0,男,遷出,新北市內,0
110,8,16,泰山區,,,,無年齡維度,0.0,女,遷出,桃園市,22
110,8,16,泰山區,,,,無年齡維度,0.0,男,遷出,桃園市,28
110,8,16,泰山區,,,,無年齡維度,0.0,女,遷出,福建省,1
110,8,16,泰山區,,,,無年齡維度,0.0,男,遷出,福建省,2
110,8,16,泰山區,,,,無年齡維度,0.0,女,遷出,臺中市,3
110,8,16,泰山區,,,,無年齡維度,0.0,男,遷出,臺中市,2
110,8,16,泰山區,,,,無年齡維度,0.0,女,遷出,臺北市,23
110,8,16,泰山區,,,,無年齡維度,0.0,男,遷出,臺北市,12
110,8,16,泰山區,,,,無年齡維度,0.0,女,遷出,臺南市,1
110,8,16,泰山區,,,,無年齡維度,0.0,男,遷出,臺南市,2
110,8,16,泰山區,,,,無年齡維度,0.0,女,遷出,臺灣省,6
110,8,16,泰山區,,,,無年齡維度,0.0,男,遷出,臺灣省,18
110,8,16,泰山區,,,,無年齡維度,0.0,女,遷出,高雄市,7
110,8,16,泰山區,,,,無年齡維度,0.0,男,遷出,高雄市,2
110,8,17,林口區,,,,無年齡維度,0.0,女,遷入,migrants,265
110,8,17,林口區,,,,無年齡維度,0.0,男,遷入,migrants,201
110,8,17,林口區,,,,無年齡維度,0.0,女,遷入,other,0
110,8,17,林口區,,,,無年齡維度,0.0,男,遷入,other,0
110,8,17,林口區,,,,無年齡維度,0.0,女,遷入,其他縣市,0
110,8,17,林口區,,,,無年齡維度,0.0,男,遷入,其他縣市,0
110,8,17,林口區,,,,無年齡維度,0.0,女,遷入,其他鄉鎮,149
110,8,17,林口區,,,,無年齡維度,0.0,男,遷入,其他鄉鎮,150
110,8,17,林口區,,,,無年齡維度,0.0,女,遷入,合計,454
110,8,17,林口區,,,,無年齡維度,0.0,男,遷入,合計,446
110,8,17,林口區,,,,無年齡維度,0.0,女,遷入,國外,4
110,8,17,林口區,,,,無年齡維度,0.0,男,遷入,國外,4
110,8,17,林口區,,,,無年齡維度,0.0,女,遷入,新北市內,0
110,8,17,林口區,,,,無年齡維度,0.0,男,遷入,新北市內,0
110,8,17,林口區,,,,無年齡維度,0.0,女,遷入,桃園市,98
110,8,17,林口區,,,,無年齡維度,0.0,男,遷入,桃園市,84
110,8,17,林口區,,,,無年齡維度,0.0,女,遷入,福建省,0
110,8,17,林口區,,,,無年齡維度,0.0,男,遷入,福建省,4
110,8,17,林口區,,,,無年齡維度,0.0,女,遷入,臺中市,10
110,8,17,林口區,,,,無年齡維度,0.0,男,遷入,臺中市,10
110,8,17,林口區,,,,無年齡維度,0.0,女,遷入,臺北市,114
110,8,17,林口區,,,,無年齡維度,0.0,男,遷入,臺北市,131
110,8,17,林口區,,,,無年齡維度,0.0,女,遷入,臺南市,7
110,8,17,林口區,,,,無年齡維度,0.0,男,遷入,臺南市,6
110,8,17,林口區,,,,無年齡維度,0.0,女,遷入,臺灣省,53
110,8,17,林口區,,,,無年齡維度,0.0,男,遷入,臺灣省,47
110,8,17,林口區,,,,無年齡維度,0.0,女,遷入,高雄市,10
110,8,17,林口區,,,,無年齡維度,0.0,男,遷入,高雄市,5
110,8,17,林口區,,,,無年齡維度,0.0,女,遷出,migrants,265
110,8,17,林口區,,,,無年齡維度,0.0,男,遷出,migrants,201
110,8,17,林口區,,,,無年齡維度,0.0,女,遷出,other,0
110,8,17,林口區,,,,無年齡維度,0.0,男,遷出,other,0
110,8,17,林口區,,,,無年齡維度,0.0,女,遷出,其他縣市,0
110,8,17,林口區,,,,無年齡維度,0.0,男,遷出,其他縣市,0
110,8,17,林口區,,,,無年齡維度,0.0,女,遷出,其他鄉鎮,48
110,8,17,林口區,,,,無年齡維度,0.0,男,遷出,其他鄉鎮,52
110,8,17,林口區,,,,無年齡維度,0.0,女,遷出,合計,351
110,8,17,林口區,,,,無年齡維度,0.0,男,遷出,合計,274
110,8,17,林口區,,,,無年齡維度,0.0,女,遷出,國外,78
110,8,17,林口區,,,,無年齡維度,0.0,男,遷出,國外,52
110,8,17,林口區,,,,無年齡維度,0.0,女,遷出,新北市內,0
110,8,17,林口區,,,,無年齡維度,0.0,男,遷出,新北市內,0
110,8,17,林口區,,,,無年齡維度,0.0,女,遷出,桃園市,118
110,8,17,林口區,,,,無年齡維度,0.0,男,遷出,桃園市,88
110,8,17,林口區,,,,無年齡維度,0.0,女,遷出,福建省,7
110,8,17,林口區,,,,無年齡維度,0.0,男,遷出,福建省,7
110,8,17,林口區,,,,無年齡維度,0.0,女,遷出,臺中市,13
110,8,17,林口區,,,,無年齡維度,0.0,男,遷出,臺中市,7
110,8,17,林口區,,,,無年齡維度,0.0,女,遷出,臺北市,39
110,8,17,林口區,,,,無年齡維度,0.0,男,遷出,臺北市,27
110,8,17,林口區,,,,無年齡維度,0.0,女,遷出,臺南市,11
110,8,17,林口區,,,,無年齡維度,0.0,男,遷出,臺南市,5
110,8,17,林口區,,,,無年齡維度,0.0,女,遷出,臺灣省,31
110,8,17,林口區,,,,無年齡維度,0.0,男,遷出,臺灣省,31
110,8,17,林口區,,,,無年齡維度,0.0,女,遷出,高雄市,6
110,8,17,林口區,,,,無年齡維度,0.0,男,遷出,高雄市,5
110,8,18,八里區,,,,無年齡維度,0.0,女,遷入,migrants,37
110,8,18,八里區,,,,無年齡維度,0.0,男,遷入,migrants,33
110,8,18,八里區,,,,無年齡維度,0.0,女,遷入,other,0
110,8,18,八里區,,,,無年齡維度,0.0,男,遷入,other,0
110,8,18,八里區,,,,無年齡維度,0.0,女,遷入,其他縣市,0
110,8,18,八里區,,,,無年齡維度,0.0,男,遷入,其他縣市,0
110,8,18,八里區,,,,無年齡維度,0.0,女,遷入,其他鄉鎮,10
110,8,18,八里區,,,,無年齡維度,0.0,男,遷入,其他鄉鎮,9
110,8,18,八里區,,,,無年齡維度,0.0,女,遷入,合計,53
110,8,18,八里區,,,,無年齡維度,0.0,男,遷入,合計,43
110,8,18,八里區,,,,無年齡維度,0.0,女,遷入,國外,0
110,8,18,八里區,,,,無年齡維度,0.0,男,遷入,國外,1
110,8,18,八里區,,,,無年齡維度,0.0,女,遷入,新北市內,0
110,8,18,八里區,,,,無年齡維度,0.0,男,遷入,新北市內,0
110,8,18,八里區,,,,無年齡維度,0.0,女,遷入,桃園市,4
110,8,18,八里區,,,,無年齡維度,0.0,男,遷入,桃園市,6
110,8,18,八里區,,,,無年齡維度,0.0,女,遷入,福建省,0
110,8,18,八里區,,,,無年齡維度,0.0,男,遷入,福建省,0
110,8,18,八里區,,,,無年齡維度,0.0,女,遷入,臺中市,2
110,8,18,八里區,,,,無年齡維度,0.0,男,遷入,臺中市,2
110,8,18,八里區,,,,無年齡維度,0.0,女,遷入,臺北市,28
110,8,18,八里區,,,,無年齡維度,0.0,男,遷入,臺北市,21
110,8,18,八里區,,,,無年齡維度,0.0,女,遷入,臺南市,0
110,8,18,八里區,,,,無年齡維度,0.0,男,遷入,臺南市,1
110,8,18,八里區,,,,無年齡維度,0.0,女,遷入,臺灣省,7
110,8,18,八里區,,,,無年齡維度,0.0,男,遷入,臺灣省,2
110,8,18,八里區,,,,無年齡維度,0.0,女,遷入,高雄市,2
110,8,18,八里區,,,,無年齡維度,0.0,男,遷入,高雄市,1
110,8,18,八里區,,,,無年齡維度,0.0,女,遷出,migrants,37
110,8,18,八里區,,,,無年齡維度,0.0,男,遷出,migrants,33
110,8,18,八里區,,,,無年齡維度,0.0,女,遷出,other,0
110,8,18,八里區,,,,無年齡維度,0.0,男,遷出,other,0
110,8,18,八里區,,,,無年齡維度,0.0,女,遷出,其他縣市,0
110,8,18,八里區,,,,無年齡維度,0.0,男,遷出,其他縣市,0
110,8,18,八里區,,,,無年齡維度,0.0,女,遷出,其他鄉鎮,15
110,8,18,八里區,,,,無年齡維度,0.0,男,遷出,其他鄉鎮,9
110,8,18,八里區,,,,無年齡維度,0.0,女,遷出,合計,46
110,8,18,八里區,,,,無年齡維度,0.0,男,遷出,合計,37
110,8,18,八里區,,,,無年齡維度,0.0,女,遷出,國外,10
110,8,18,八里區,,,,無年齡維度,0.0,男,遷出,國外,7
110,8,18,八里區,,,,無年齡維度,0.0,女,遷出,新北市內,0
110,8,18,八里區,,,,無年齡維度,0.0,男,遷出,新北市內,0
110,8,18,八里區,,,,無年齡維度,0.0,女,遷出,桃園市,2
110,8,18,八里區,,,,無年齡維度,0.0,男,遷出,桃園市,2
110,8,18,八里區,,,,無年齡維度,0.0,女,遷出,福建省,0
110,8,18,八里區,,,,無年齡維度,0.0,男,遷出,福建省,0
110,8,18,八里區,,,,無年齡維度,0.0,女,遷出,臺中市,3
110,8,18,八里區,,,,無年齡維度,0.0,男,遷出,臺中市,2
110,8,18,八里區,,,,無年齡維度,0.0,女,遷出,臺北市,12
110,8,18,八里區,,,,無年齡維度,0.0,男,遷出,臺北市,12
110,8,18,八里區,,,,無年齡維度,0.0,女,遷出,臺南市,0
110,8,18,八里區,,,,無年齡維度,0.0,男,遷出,臺南市,0
110,8,18,八里區,,,,無年齡維度,0.0,女,遷出,臺灣省,4
110,8,18,八里區,,,,無年齡維度,0.0,男,遷出,臺灣省,4
110,8,18,八里區,,,,無年齡維度,0.0,女,遷出,高雄市,0
110,8,18,八里區,,,,無年齡維度,0.0,男,遷出,高雄市,1
110,8,19,深坑區,,,,無年齡維度,0.0,女,遷入,migrants,7
110,8,19,深坑區,,,,無年齡維度,0.0,男,遷入,migrants,4
110,8,19,深坑區,,,,無年齡維度,0.0,女,遷入,other,0
110,8,19,深坑區,,,,無年齡維度,0.0,男,遷入,other,0
110,8,19,深坑區,,,,無年齡維度,0.0,女,遷入,其他縣市,0
110,8,19,深坑區,,,,無年齡維度,0.0,男,遷入,其他縣市,0
110,8,19,深坑區,,,,無年齡維度,0.0,女,遷入,其他鄉鎮,5
110,8,19,深坑區,,,,無年齡維度,0.0,男,遷入,其他鄉鎮,3
110,8,19,深坑區,,,,無年齡維度,0.0,女,遷入,合計,13
110,8,19,深坑區,,,,無年齡維度,0.0,男,遷入,合計,10
110,8,19,深坑區,,,,無年齡維度,0.0,女,遷入,國外,0
110,8,19,深坑區,,,,無年齡維度,0.0,男,遷入,國外,0
110,8,19,深坑區,,,,無年齡維度,0.0,女,遷入,新北市內,0
110,8,19,深坑區,,,,無年齡維度,0.0,男,遷入,新北市內,0
110,8,19,深坑區,,,,無年齡維度,0.0,女,遷入,桃園市,0
110,8,19,深坑區,,,,無年齡維度,0.0,男,遷入,桃園市,1
110,8,19,深坑區,,,,無年齡維度,0.0,女,遷入,福建省,0
110,8,19,深坑區,,,,無年齡維度,0.0,男,遷入,福建省,0
110,8,19,深坑區,,,,無年齡維度,0.0,女,遷入,臺中市,1
110,8,19,深坑區,,,,無年齡維度,0.0,男,遷入,臺中市,0
110,8,19,深坑區,,,,無年齡維度,0.0,女,遷入,臺北市,4
110,8,19,深坑區,,,,無年齡維度,0.0,男,遷入,臺北市,4
110,8,19,深坑區,,,,無年齡維度,0.0,女,遷入,臺南市,0
110,8,19,深坑區,,,,無年齡維度,0.0,男,遷入,臺南市,0
110,8,19,深坑區,,,,無年齡維度,0.0,女,遷入,臺灣省,1
110,8,19,深坑區,,,,無年齡維度,0.0,男,遷入,臺灣省,0
110,8,19,深坑區,,,,無年齡維度,0.0,女,遷入,高雄市,2
110,8,19,深坑區,,,,無年齡維度,0.0,男,遷入,高雄市,2
110,8,19,深坑區,,,,無年齡維度,0.0,女,遷出,migrants,7
110,8,19,深坑區,,,,無年齡維度,0.0,男,遷出,migrants,4
110,8,19,深坑區,,,,無年齡維度,0.0,女,遷出,other,0
110,8,19,深坑區,,,,無年齡維度,0.0,男,遷出,other,0
110,8,19,深坑區,,,,無年齡維度,0.0,女,遷出,其他縣市,0
110,8,19,深坑區,,,,無年齡維度,0.0,男,遷出,其他縣市,0
110,8,19,深坑區,,,,無年齡維度,0.0,女,遷出,其他鄉鎮,2
110,8,19,深坑區,,,,無年齡維度,0.0,男,遷出,其他鄉鎮,9
110,8,19,深坑區,,,,無年齡維度,0.0,女,遷出,合計,10
110,8,19,深坑區,,,,無年齡維度,0.0,男,遷出,合計,12
110,8,19,深坑區,,,,無年齡維度,0.0,女,遷出,國外,3
110,8,19,深坑區,,,,無年齡維度,0.0,男,遷出,國外,2
110,8,19,深坑區,,,,無年齡維度,0.0,女,遷出,新北市內,0
110,8,19,深坑區,,,,無年齡維度,0.0,男,遷出,新北市內,0
110,8,19,深坑區,,,,無年齡維度,0.0,女,遷出,桃園市,0
110,8,19,深坑區,,,,無年齡維度,0.0,男,遷出,桃園市,0
110,8,19,深坑區,,,,無年齡維度,0.0,女,遷出,福建省,0
110,8,19,深坑區,,,,無年齡維度,0.0,男,遷出,福建省,0
110,8,19,深坑區,,,,無年齡維度,0.0,女,遷出,臺中市,0
110,8,19,深坑區,,,,無年齡維度,0.0,男,遷出,臺中市,0
110,8,19,深坑區,,,,無年齡維度,0.0,女,遷出,臺北市,4
110,8,19,深坑區,,,,無年齡維度,0.0,男,遷出,臺北市,0
110,8,19,深坑區,,,,無年齡維度,0.0,女,遷出,臺南市,0
110,8,19,深坑區,,,,無年齡維度,0.0,男,遷出,臺南市,0
110,8,19,深坑區,,,,無年齡維度,0.0,女,遷出,臺灣省,1
110,8,19,深坑區,,,,無年齡維度,0.0,男,遷出,臺灣省,1
110,8,19,深坑區,,,,無年齡維度,0.0,女,遷出,高雄市,0
110,8,19,深坑區,,,,無年齡維度,0.0,男,遷出,高雄市,0
110,8,20,石碇區,,,,無年齡維度,0.0,女,遷入,migrants,4
110,8,20,石碇區,,,,無年齡維度,0.0,男,遷入,migrants,8
110,8,20,石碇區,,,,無年齡維度,0.0,女,遷入,other,0
110,8,20,石碇區,,,,無年齡維度,0.0,男,遷入,other,0
110,8,20,石碇區,,,,無年齡維度,0.0,女,遷入,其他縣市,0
110,8,20,石碇區,,,,無年齡維度,0.0,男,遷入,其他縣市,0
110,8,20,石碇區,,,,無年齡維度,0.0,女,遷入,其他鄉鎮,10
110,8,20,石碇區,,,,無年齡維度,0.0,男,遷入,其他鄉鎮,5
110,8,20,石碇區,,,,無年齡維度,0.0,女,遷入,合計,18
110,8,20,石碇區,,,,無年齡維度,0.0,男,遷入,合計,10
110,8,20,石碇區,,,,無年齡維度,0.0,女,遷入,國外,0
110,8,20,石碇區,,,,無年齡維度,0.0,男,遷入,國外,0
110,8,20,石碇區,,,,無年齡維度,0.0,女,遷入,新北市內,0
110,8,20,石碇區,,,,無年齡維度,0.0,男,遷入,新北市內,0
110,8,20,石碇區,,,,無年齡維度,0.0,女,遷入,桃園市,1
110,8,20,石碇區,,,,無年齡維度,0.0,男,遷入,桃園市,0
110,8,20,石碇區,,,,無年齡維度,0.0,女,遷入,福建省,0
110,8,20,石碇區,,,,無年齡維度,0.0,男,遷入,福建省,0
110,8,20,石碇區,,,,無年齡維度,0.0,女,遷入,臺中市,0
110,8,20,石碇區,,,,無年齡維度,0.0,男,遷入,臺中市,0
110,8,20,石碇區,,,,無年齡維度,0.0,女,遷入,臺北市,4
110,8,20,石碇區,,,,無年齡維度,0.0,男,遷入,臺北市,3
110,8,20,石碇區,,,,無年齡維度,0.0,女,遷入,臺南市,0
110,8,20,石碇區,,,,無年齡維度,0.0,男,遷入,臺南市,0
110,8,20,石碇區,,,,無年齡維度,0.0,女,遷入,臺灣省,1
110,8,20,石碇區,,,,無年齡維度,0.0,男,遷入,臺灣省,2
110,8,20,石碇區,,,,無年齡維度,0.0,女,遷入,高雄市,2
110,8,20,石碇區,,,,無年齡維度,0.0,男,遷入,高雄市,0
110,8,20,石碇區,,,,無年齡維度,0.0,女,遷出,migrants,4
110,8,20,石碇區,,,,無年齡維度,0.0,男,遷出,migrants,8
110,8,20,石碇區,,,,無年齡維度,0.0,女,遷出,other,0
110,8,20,石碇區,,,,無年齡維度,0.0,男,遷出,other,0
110,8,20,石碇區,,,,無年齡維度,0.0,女,遷出,其他縣市,0
110,8,20,石碇區,,,,無年齡維度,0.0,男,遷出,其他縣市,0
110,8,20,石碇區,,,,無年齡維度,0.0,女,遷出,其他鄉鎮,5
110,8,20,石碇區,,,,無年齡維度,0.0,男,遷出,其他鄉鎮,11
110,8,20,石碇區,,,,無年齡維度,0.0,女,遷出,合計,14
110,8,20,石碇區,,,,無年齡維度,0.0,男,遷出,合計,18
110,8,20,石碇區,,,,無年齡維度,0.0,女,遷出,國外,1
110,8,20,石碇區,,,,無年齡維度,0.0,男,遷出,國外,2
110,8,20,石碇區,,,,無年齡維度,0.0,女,遷出,新北市內,0
110,8,20,石碇區,,,,無年齡維度,0.0,男,遷出,新北市內,0
110,8,20,石碇區,,,,無年齡維度,0.0,女,遷出,桃園市,3
110,8,20,石碇區,,,,無年齡維度,0.0,男,遷出,桃園市,0
110,8,20,石碇區,,,,無年齡維度,0.0,女,遷出,福建省,0
110,8,20,石碇區,,,,無年齡維度,0.0,男,遷出,福建省,0
110,8,20,石碇區,,,,無年齡維度,0.0,女,遷出,臺中市,1
110,8,20,石碇區,,,,無年齡維度,0.0,男,遷出,臺中市,0
110,8,20,石碇區,,,,無年齡維度,0.0,女,遷出,臺北市,2
110,8,20,石碇區,,,,無年齡維度,0.0,男,遷出,臺北市,1
110,8,20,石碇區,,,,無年齡維度,0.0,女,遷出,臺南市,0
110,8,20,石碇區,,,,無年齡維度,0.0,男,遷出,臺南市,0
110,8,20,石碇區,,,,無年齡維度,0.0,女,遷出,臺灣省,2
110,8,20,石碇區,,,,無年齡維度,0.0,男,遷出,臺灣省,4
110,8,20,石碇區,,,,無年齡維度,0.0,女,遷出,高雄市,0
110,8,20,石碇區,,,,無年齡維度,0.0,男,遷出,高雄市,0
110,8,21,坪林區,,,,無年齡維度,0.0,女,遷入,migrants,19
110,8,21,坪林區,,,,無年齡維度,0.0,男,遷入,migrants,19
110,8,21,坪林區,,,,無年齡維度,0.0,女,遷入,other,0
110,8,21,坪林區,,,,無年齡維度,0.0,男,遷入,other,0
110,8,21,坪林區,,,,無年齡維度,0.0,女,遷入,其他縣市,0
110,8,21,坪林區,,,,無年齡維度,0.0,男,遷入,其他縣市,0
110,8,21,坪林區,,,,無年齡維度,0.0,女,遷入,其他鄉鎮,29
110,8,21,坪林區,,,,無年齡維度,0.0,男,遷入,其他鄉鎮,25
110,8,21,坪林區,,,,無年齡維度,0.0,女,遷入,合計,50
110,8,21,坪林區,,,,無年齡維度,0.0,男,遷入,合計,38
110,8,21,坪林區,,,,無年齡維度,0.0,女,遷入,國外,0
110,8,21,坪林區,,,,無年齡維度,0.0,男,遷入,國外,1
110,8,21,坪林區,,,,無年齡維度,0.0,女,遷入,新北市內,0
110,8,21,坪林區,,,,無年齡維度,0.0,男,遷入,新北市內,0
110,8,21,坪林區,,,,無年齡維度,0.0,女,遷入,桃園市,2
110,8,21,坪林區,,,,無年齡維度,0.0,男,遷入,桃園市,1
110,8,21,坪林區,,,,無年齡維度,0.0,女,遷入,福建省,0
110,8,21,坪林區,,,,無年齡維度,0.0,男,遷入,福建省,0
110,8,21,坪林區,,,,無年齡維度,0.0,女,遷入,臺中市,1
110,8,21,坪林區,,,,無年齡維度,0.0,男,遷入,臺中市,0
110,8,21,坪林區,,,,無年齡維度,0.0,女,遷入,臺北市,12
110,8,21,坪林區,,,,無年齡維度,0.0,男,遷入,臺北市,9
110,8,21,坪林區,,,,無年齡維度,0.0,女,遷入,臺南市,0
110,8,21,坪林區,,,,無年齡維度,0.0,男,遷入,臺南市,0
110,8,21,坪林區,,,,無年齡維度,0.0,女,遷入,臺灣省,3
110,8,21,坪林區,,,,無年齡維度,0.0,男,遷入,臺灣省,1
110,8,21,坪林區,,,,無年齡維度,0.0,女,遷入,高雄市,2
110,8,21,坪林區,,,,無年齡維度,0.0,男,遷入,高雄市,0
110,8,21,坪林區,,,,無年齡維度,0.0,女,遷出,migrants,19
110,8,21,坪林區,,,,無年齡維度,0.0,男,遷出,migrants,19
110,8,21,坪林區,,,,無年齡維度,0.0,女,遷出,other,0
110,8,21,坪林區,,,,無年齡維度,0.0,男,遷出,other,0
110,8,21,坪林區,,,,無年齡維度,0.0,女,遷出,其他縣市,0
110,8,21,坪林區,,,,無年齡維度,0.0,男,遷出,其他縣市,0
110,8,21,坪林區,,,,無年齡維度,0.0,女,遷出,其他鄉鎮,17
110,8,21,坪林區,,,,無年齡維度,0.0,男,遷出,其他鄉鎮,23
110,8,21,坪林區,,,,無年齡維度,0.0,女,遷出,合計,46
110,8,21,坪林區,,,,無年齡維度,0.0,男,遷出,合計,44
110,8,21,坪林區,,,,無年齡維度,0.0,女,遷出,國外,10
110,8,21,坪林區,,,,無年齡維度,0.0,男,遷出,國外,4
110,8,21,坪林區,,,,無年齡維度,0.0,女,遷出,新北市內,0
110,8,21,坪林區,,,,無年齡維度,0.0,男,遷出,新北市內,0
110,8,21,坪林區,,,,無年齡維度,0.0,女,遷出,桃園市,5
110,8,21,坪林區,,,,無年齡維度,0.0,男,遷出,桃園市,1
110,8,21,坪林區,,,,無年齡維度,0.0,女,遷出,福建省,1
110,8,21,坪林區,,,,無年齡維度,0.0,男,遷出,福建省,0
110,8,21,坪林區,,,,無年齡維度,0.0,女,遷出,臺中市,2
110,8,21,坪林區,,,,無年齡維度,0.0,男,遷出,臺中市,0
110,8,21,坪林區,,,,無年齡維度,0.0,女,遷出,臺北市,4
110,8,21,坪林區,,,,無年齡維度,0.0,男,遷出,臺北市,10
110,8,21,坪林區,,,,無年齡維度,0.0,女,遷出,臺南市,0
110,8,21,坪林區,,,,無年齡維度,0.0,男,遷出,臺南市,1
110,8,21,坪林區,,,,無年齡維度,0.0,女,遷出,臺灣省,2
110,8,21,坪林區,,,,無年齡維度,0.0,男,遷出,臺灣省,5
110,8,21,坪林區,,,,無年齡維度,0.0,女,遷出,高雄市,5
110,8,21,坪林區,,,,無年齡維度,0.0,男,遷出,高雄市,0
110,8,22,三芝區,,,,無年齡維度,0.0,女,遷入,migrants,3
110,8,22,三芝區,,,,無年齡維度,0.0,男,遷入,migrants,1
110,8,22,三芝區,,,,無年齡維度,0.0,女,遷入,other,0
110,8,22,三芝區,,,,無年齡維度,0.0,男,遷入,other,0
110,8,22,三芝區,,,,無年齡維度,0.0,女,遷入,其他縣市,0
110,8,22,三芝區,,,,無年齡維度,0.0,男,遷入,其他縣市,0
110,8,22,三芝區,,,,無年齡維度,0.0,女,遷入,其他鄉鎮,4
110,8,22,三芝區,,,,無年齡維度,0.0,男,遷入,其他鄉鎮,6
110,8,22,三芝區,,,,無年齡維度,0.0,女,遷入,合計,4
110,8,22,三芝區,,,,無年齡維度,0.0,男,遷入,合計,10
110,8,22,三芝區,,,,無年齡維度,0.0,女,遷入,國外,0
110,8,22,三芝區,,,,無年齡維度,0.0,男,遷入,國外,1
110,8,22,三芝區,,,,無年齡維度,0.0,女,遷入,新北市內,0
110,8,22,三芝區,,,,無年齡維度,0.0,男,遷入,新北市內,0
110,8,22,三芝區,,,,無年齡維度,0.0,女,遷入,桃園市,0
110,8,22,三芝區,,,,無年齡維度,0.0,男,遷入,桃園市,1
110,8,22,三芝區,,,,無年齡維度,0.0,女,遷入,福建省,0
110,8,22,三芝區,,,,無年齡維度,0.0,男,遷入,福建省,0
110,8,22,三芝區,,,,無年齡維度,0.0,女,遷入,臺中市,0
110,8,22,三芝區,,,,無年齡維度,0.0,男,遷入,臺中市,0
110,8,22,三芝區,,,,無年齡維度,0.0,女,遷入,臺北市,0
110,8,22,三芝區,,,,無年齡維度,0.0,男,遷入,臺北市,1
110,8,22,三芝區,,,,無年齡維度,0.0,女,遷入,臺南市,0
110,8,22,三芝區,,,,無年齡維度,0.0,男,遷入,臺南市,0
110,8,22,三芝區,,,,無年齡維度,0.0,女,遷入,臺灣省,0
110,8,22,三芝區,,,,無年齡維度,0.0,男,遷入,臺灣省,1
110,8,22,三芝區,,,,無年齡維度,0.0,女,遷入,高雄市,0
110,8,22,三芝區,,,,無年齡維度,0.0,男,遷入,高雄市,0
110,8,22,三芝區,,,,無年齡維度,0.0,女,遷出,migrants,3
110,8,22,三芝區,,,,無年齡維度,0.0,男,遷出,migrants,1
110,8,22,三芝區,,,,無年齡維度,0.0,女,遷出,other,0
110,8,22,三芝區,,,,無年齡維度,0.0,男,遷出,other,0
110,8,22,三芝區,,,,無年齡維度,0.0,女,遷出,其他縣市,0
110,8,22,三芝區,,,,無年齡維度,0.0,男,遷出,其他縣市,0
110,8,22,三芝區,,,,無年齡維度,0.0,女,遷出,其他鄉鎮,9
110,8,22,三芝區,,,,無年齡維度,0.0,男,遷出,其他鄉鎮,8
110,8,22,三芝區,,,,無年齡維度,0.0,女,遷出,合計,17
110,8,22,三芝區,,,,無年齡維度,0.0,男,遷出,合計,20
110,8,22,三芝區,,,,無年齡維度,0.0,女,遷出,國外,3
110,8,22,三芝區,,,,無年齡維度,0.0,男,遷出,國外,5
110,8,22,三芝區,,,,無年齡維度,0.0,女,遷出,新北市內,0
110,8,22,三芝區,,,,無年齡維度,0.0,男,遷出,新北市內,0
110,8,22,三芝區,,,,無年齡維度,0.0,女,遷出,桃園市,0
110,8,22,三芝區,,,,無年齡維度,0.0,男,遷出,桃園市,1
110,8,22,三芝區,,,,無年齡維度,0.0,女,遷出,福建省,1
110,8,22,三芝區,,,,無年齡維度,0.0,男,遷出,福建省,0
110,8,22,三芝區,,,,無年齡維度,0.0,女,遷出,臺中市,0
110,8,22,三芝區,,,,無年齡維度,0.0,男,遷出,臺中市,0
110,8,22,三芝區,,,,無年齡維度,0.0,女,遷出,臺北市,2
110,8,22,三芝區,,,,無年齡維度,0.0,男,遷出,臺北市,1
110,8,22,三芝區,,,,無年齡維度,0.0,女,遷出,臺南市,0
110,8,22,三芝區,,,,無年齡維度,0.0,男,遷出,臺南市,1
110,8,22,三芝區,,,,無年齡維度,0.0,女,遷出,臺灣省,1
110,8,22,三芝區,,,,無年齡維度,0.0,男,遷出,臺灣省,4
110,8,22,三芝區,,,,無年齡維度,0.0,女,遷出,高雄市,1
110,8,22,三芝區,,,,無年齡維度,0.0,男,遷出,高雄市,0
110,8,23,石門區,,,,無年齡維度,0.0,女,遷入,migrants,49
110,8,23,石門區,,,,無年齡維度,0.0,男,遷入,migrants,52
110,8,23,石門區,,,,無年齡維度,0.0,女,遷入,other,0
110,8,23,石門區,,,,無年齡維度,0.0,男,遷入,other,0
110,8,23,石門區,,,,無年齡維度,0.0,女,遷入,其他縣市,0
110,8,23,石門區,,,,無年齡維度,0.0,男,遷入,其他縣市,0
110,8,23,石門區,,,,無年齡維度,0.0,女,遷入,其他鄉鎮,65
110,8,23,石門區,,,,無年齡維度,0.0,男,遷入,其他鄉鎮,46
110,8,23,石門區,,,,無年齡維度,0.0,女,遷入,合計,144
110,8,23,石門區,,,,無年齡維度,0.0,男,遷入,合計,115
110,8,23,石門區,,,,無年齡維度,0.0,女,遷入,國外,2
110,8,23,石門區,,,,無年齡維度,0.0,男,遷入,國外,0
110,8,23,石門區,,,,無年齡維度,0.0,女,遷入,新北市內,0
110,8,23,石門區,,,,無年齡維度,0.0,男,遷入,新北市內,0
110,8,23,石門區,,,,無年齡維度,0.0,女,遷入,桃園市,3
110,8,23,石門區,,,,無年齡維度,0.0,男,遷入,桃園市,3
110,8,23,石門區,,,,無年齡維度,0.0,女,遷入,福建省,1
110,8,23,石門區,,,,無年齡維度,0.0,男,遷入,福建省,1
110,8,23,石門區,,,,無年齡維度,0.0,女,遷入,臺中市,2
110,8,23,石門區,,,,無年齡維度,0.0,男,遷入,臺中市,8
110,8,23,石門區,,,,無年齡維度,0.0,女,遷入,臺北市,57
110,8,23,石門區,,,,無年齡維度,0.0,男,遷入,臺北市,38
110,8,23,石門區,,,,無年齡維度,0.0,女,遷入,臺南市,1
110,8,23,石門區,,,,無年齡維度,0.0,男,遷入,臺南市,2
110,8,23,石門區,,,,無年齡維度,0.0,女,遷入,臺灣省,10
110,8,23,石門區,,,,無年齡維度,0.0,男,遷入,臺灣省,14
110,8,23,石門區,,,,無年齡維度,0.0,女,遷入,高雄市,0
110,8,23,石門區,,,,無年齡維度,0.0,男,遷入,高雄市,1
110,8,23,石門區,,,,無年齡維度,0.0,女,遷出,migrants,49
110,8,23,石門區,,,,無年齡維度,0.0,男,遷出,migrants,52
110,8,23,石門區,,,,無年齡維度,0.0,女,遷出,other,0
110,8,23,石門區,,,,無年齡維度,0.0,男,遷出,other,0
110,8,23,石門區,,,,無年齡維度,0.0,女,遷出,其他縣市,0
110,8,23,石門區,,,,無年齡維度,0.0,男,遷出,其他縣市,0
110,8,23,石門區,,,,無年齡維度,0.0,女,遷出,其他鄉鎮,32
110,8,23,石門區,,,,無年齡維度,0.0,男,遷出,其他鄉鎮,27
110,8,23,石門區,,,,無年齡維度,0.0,女,遷出,合計,79
110,8,23,石門區,,,,無年齡維度,0.0,男,遷出,合計,73
110,8,23,石門區,,,,無年齡維度,0.0,女,遷出,國外,17
110,8,23,石門區,,,,無年齡維度,0.0,男,遷出,國外,10
110,8,23,石門區,,,,無年齡維度,0.0,女,遷出,新北市內,0
110,8,23,石門區,,,,無年齡維度,0.0,男,遷出,新北市內,0
110,8,23,石門區,,,,無年齡維度,0.0,女,遷出,桃園市,1
110,8,23,石門區,,,,無年齡維度,0.0,男,遷出,桃園市,6
110,8,23,石門區,,,,無年齡維度,0.0,女,遷出,福建省,1
110,8,23,石門區,,,,無年齡維度,0.0,男,遷出,福建省,0
110,8,23,石門區,,,,無年齡維度,0.0,女,遷出,臺中市,1
110,8,23,石門區,,,,無年齡維度,0.0,男,遷出,臺中市,4
110,8,23,石門區,,,,無年齡維度,0.0,女,遷出,臺北市,16
110,8,23,石門區,,,,無年齡維度,0.0,男,遷出,臺北市,15
110,8,23,石門區,,,,無年齡維度,0.0,女,遷出,臺南市,0
110,8,23,石門區,,,,無年齡維度,0.0,男,遷出,臺南市,0
110,8,23,石門區,,,,無年齡維度,0.0,女,遷出,臺灣省,10
110,8,23,石門區,,,,無年齡維度,0.0,男,遷出,臺灣省,8
110,8,23,石門區,,,,無年齡維度,0.0,女,遷出,高雄市,1
110,8,23,石門區,,,,無年齡維度,0.0,男,遷出,高雄市,3
110,8,24,金山區,,,,無年齡維度,0.0,女,遷入,migrants,1
110,8,24,金山區,,,,無年齡維度,0.0,男,遷入,migrants,1
110,8,24,金山區,,,,無年齡維度,0.0,女,遷入,other,0
110,8,24,金山區,,,,無年齡維度,0.0,男,遷入,other,0
110,8,24,金山區,,,,無年齡維度,0.0,女,遷入,其他縣市,0
110,8,24,金山區,,,,無年齡維度,0.0,男,遷入,其他縣市,0
110,8,24,金山區,,,,無年齡維度,0.0,女,遷入,其他鄉鎮,0
110,8,24,金山區,,,,無年齡維度,0.0,男,遷入,其他鄉鎮,1
110,8,24,金山區,,,,無年齡維度,0.0,女,遷入,合計,2
110,8,24,金山區,,,,無年齡維度,0.0,男,遷入,合計,6
110,8,24,金山區,,,,無年齡維度,0.0,女,遷入,國外,0
110,8,24,金山區,,,,無年齡維度,0.0,男,遷入,國外,0
110,8,24,金山區,,,,無年齡維度,0.0,女,遷入,新北市內,0
110,8,24,金山區,,,,無年齡維度,0.0,男,遷入,新北市內,0
110,8,24,金山區,,,,無年齡維度,0.0,女,遷入,桃園市,0
110,8,24,金山區,,,,無年齡維度,0.0,男,遷入,桃園市,0
110,8,24,金山區,,,,無年齡維度,0.0,女,遷入,福建省,1
110,8,24,金山區,,,,無年齡維度,0.0,男,遷入,福建省,0
110,8,24,金山區,,,,無年齡維度,0.0,女,遷入,臺中市,0
110,8,24,金山區,,,,無年齡維度,0.0,男,遷入,臺中市,0
110,8,24,金山區,,,,無年齡維度,0.0,女,遷入,臺北市,1
110,8,24,金山區,,,,無年齡維度,0.0,男,遷入,臺北市,2
110,8,24,金山區,,,,無年齡維度,0.0,女,遷入,臺南市,0
110,8,24,金山區,,,,無年齡維度,0.0,男,遷入,臺南市,0
110,8,24,金山區,,,,無年齡維度,0.0,女,遷入,臺灣省,0
110,8,24,金山區,,,,無年齡維度,0.0,男,遷入,臺灣省,3
110,8,24,金山區,,,,無年齡維度,0.0,女,遷入,高雄市,0
110,8,24,金山區,,,,無年齡維度,0.0,男,遷入,高雄市,0
110,8,24,金山區,,,,無年齡維度,0.0,女,遷出,migrants,1
110,8,24,金山區,,,,無年齡維度,0.0,男,遷出,migrants,1
110,8,24,金山區,,,,無年齡維度,0.0,女,遷出,other,0
110,8,24,金山區,,,,無年齡維度,0.0,男,遷出,other,0
110,8,24,金山區,,,,無年齡維度,0.0,女,遷出,其他縣市,0
110,8,24,金山區,,,,無年齡維度,0.0,男,遷出,其他縣市,0
110,8,24,金山區,,,,無年齡維度,0.0,女,遷出,其他鄉鎮,2
110,8,24,金山區,,,,無年齡維度,0.0,男,遷出,其他鄉鎮,3
110,8,24,金山區,,,,無年齡維度,0.0,女,遷出,合計,8
110,8,24,金山區,,,,無年齡維度,0.0,男,遷出,合計,8
110,8,24,金山區,,,,無年齡維度,0.0,女,遷出,國外,1
110,8,24,金山區,,,,無年齡維度,0.0,男,遷出,國外,1
110,8,24,金山區,,,,無年齡維度,0.0,女,遷出,新北市內,0
110,8,24,金山區,,,,無年齡維度,0.0,男,遷出,新北市內,0
110,8,24,金山區,,,,無年齡維度,0.0,女,遷出,桃園市,0
110,8,24,金山區,,,,無年齡維度,0.0,男,遷出,桃園市,1
110,8,24,金山區,,,,無年齡維度,0.0,女,遷出,福建省,0
110,8,24,金山區,,,,無年齡維度,0.0,男,遷出,福建省,0
110,8,24,金山區,,,,無年齡維度,0.0,女,遷出,臺中市,0
110,8,24,金山區,,,,無年齡維度,0.0,男,遷出,臺中市,1
110,8,24,金山區,,,,無年齡維度,0.0,女,遷出,臺北市,1
110,8,24,金山區,,,,無年齡維度,0.0,男,遷出,臺北市,2
110,8,24,金山區,,,,無年齡維度,0.0,女,遷出,臺南市,0
110,8,24,金山區,,,,無年齡維度,0.0,男,遷出,臺南市,0
110,8,24,金山區,,,,無年齡維度,0.0,女,遷出,臺灣省,4
110,8,24,金山區,,,,無年齡維度,0.0,男,遷出,臺灣省,0
110,8,24,金山區,,,,無年齡維度,0.0,女,遷出,高雄市,0
110,8,24,金山區,,,,無年齡維度,0.0,男,遷出,高雄市,0
110,8,25,萬里區,,,,無年齡維度,0.0,女,遷入,migrants,4
110,8,25,萬里區,,,,無年齡維度,0.0,男,遷入,migrants,2
110,8,25,萬里區,,,,無年齡維度,0.0,女,遷入,other,0
110,8,25,萬里區,,,,無年齡維度,0.0,男,遷入,other,0
110,8,25,萬里區,,,,無年齡維度,0.0,女,遷入,其他縣市,0
110,8,25,萬里區,,,,無年齡維度,0.0,男,遷入,其他縣市,0
110,8,25,萬里區,,,,無年齡維度,0.0,女,遷入,其他鄉鎮,3
110,8,25,萬里區,,,,無年齡維度,0.0,男,遷入,其他鄉鎮,4
110,8,25,萬里區,,,,無年齡維度,0.0,女,遷入,合計,9
110,8,25,萬里區,,,,無年齡維度,0.0,男,遷入,合計,13
110,8,25,萬里區,,,,無年齡維度,0.0,女,遷入,國外,0
110,8,25,萬里區,,,,無年齡維度,0.0,男,遷入,國外,0
110,8,25,萬里區,,,,無年齡維度,0.0,女,遷入,新北市內,0
110,8,25,萬里區,,,,無年齡維度,0.0,男,遷入,新北市內,0
110,8,25,萬里區,,,,無年齡維度,0.0,女,遷入,桃園市,0
110,8,25,萬里區,,,,無年齡維度,0.0,男,遷入,桃園市,1
110,8,25,萬里區,,,,無年齡維度,0.0,女,遷入,福建省,0
110,8,25,萬里區,,,,無年齡維度,0.0,男,遷入,福建省,0
110,8,25,萬里區,,,,無年齡維度,0.0,女,遷入,臺中市,0
110,8,25,萬里區,,,,無年齡維度,0.0,男,遷入,臺中市,0
110,8,25,萬里區,,,,無年齡維度,0.0,女,遷入,臺北市,3
110,8,25,萬里區,,,,無年齡維度,0.0,男,遷入,臺北市,2
110,8,25,萬里區,,,,無年齡維度,0.0,女,遷入,臺南市,0
110,8,25,萬里區,,,,無年齡維度,0.0,男,遷入,臺南市,0
110,8,25,萬里區,,,,無年齡維度,0.0,女,遷入,臺灣省,3
110,8,25,萬里區,,,,無年齡維度,0.0,男,遷入,臺灣省,6
110,8,25,萬里區,,,,無年齡維度,0.0,女,遷入,高雄市,0
110,8,25,萬里區,,,,無年齡維度,0.0,男,遷入,高雄市,0
110,8,25,萬里區,,,,無年齡維度,0.0,女,遷出,migrants,4
110,8,25,萬里區,,,,無年齡維度,0.0,男,遷出,migrants,2
110,8,25,萬里區,,,,無年齡維度,0.0,女,遷出,other,0
110,8,25,萬里區,,,,無年齡維度,0.0,男,遷出,other,0
110,8,25,萬里區,,,,無年齡維度,0.0,女,遷出,其他縣市,0
110,8,25,萬里區,,,,無年齡維度,0.0,男,遷出,其他縣市,0
110,8,25,萬里區,,,,無年齡維度,0.0,女,遷出,其他鄉鎮,11
110,8,25,萬里區,,,,無年齡維度,0.0,男,遷出,其他鄉鎮,6
110,8,25,萬里區,,,,無年齡維度,0.0,女,遷出,合計,13
110,8,25,萬里區,,,,無年齡維度,0.0,男,遷出,合計,18
110,8,25,萬里區,,,,無年齡維度,0.0,女,遷出,國外,0
110,8,25,萬里區,,,,無年齡維度,0.0,男,遷出,國外,1
110,8,25,萬里區,,,,無年齡維度,0.0,女,遷出,新北市內,0
110,8,25,萬里區,,,,無年齡維度,0.0,男,遷出,新北市內,0
110,8,25,萬里區,,,,無年齡維度,0.0,女,遷出,桃園市,1
110,8,25,萬里區,,,,無年齡維度,0.0,男,遷出,桃園市,2
110,8,25,萬里區,,,,無年齡維度,0.0,女,遷出,福建省,0
110,8,25,萬里區,,,,無年齡維度,0.0,男,遷出,福建省,1
110,8,25,萬里區,,,,無年齡維度,0.0,女,遷出,臺中市,0
110,8,25,萬里區,,,,無年齡維度,0.0,男,遷出,臺中市,2
110,8,25,萬里區,,,,無年齡維度,0.0,女,遷出,臺北市,0
110,8,25,萬里區,,,,無年齡維度,0.0,男,遷出,臺北市,3
110,8,25,萬里區,,,,無年齡維度,0.0,女,遷出,臺南市,0
110,8,25,萬里區,,,,無年齡維度,0.0,男,遷出,臺南市,0
110,8,25,萬里區,,,,無年齡維度,0.0,女,遷出,臺灣省,1
110,8,25,萬里區,,,,無年齡維度,0.0,男,遷出,臺灣省,3
110,8,25,萬里區,,,,無年齡維度,0.0,女,遷出,高雄市,0
110,8,25,萬里區,,,,無年齡維度,0.0,男,遷出,高雄市,0
110,8,26,平溪區,,,,無年齡維度,0.0,女,遷入,migrants,5
110,8,26,平溪區,,,,無年齡維度,0.0,男,遷入,migrants,5
110,8,26,平溪區,,,,無年齡維度,0.0,女,遷入,other,0
110,8,26,平溪區,,,,無年齡維度,0.0,男,遷入,other,0
110,8,26,平溪區,,,,無年齡維度,0.0,女,遷入,其他縣市,0
110,8,26,平溪區,,,,無年齡維度,0.0,男,遷入,其他縣市,0
110,8,26,平溪區,,,,無年齡維度,0.0,女,遷入,其他鄉鎮,3
110,8,26,平溪區,,,,無年齡維度,0.0,男,遷入,其他鄉鎮,3
110,8,26,平溪區,,,,無年齡維度,0.0,女,遷入,合計,6
110,8,26,平溪區,,,,無年齡維度,0.0,男,遷入,合計,12
110,8,26,平溪區,,,,無年齡維度,0.0,女,遷入,國外,0
110,8,26,平溪區,,,,無年齡維度,0.0,男,遷入,國外,0
110,8,26,平溪區,,,,無年齡維度,0.0,女,遷入,新北市內,0
110,8,26,平溪區,,,,無年齡維度,0.0,男,遷入,新北市內,0
110,8,26,平溪區,,,,無年齡維度,0.0,女,遷入,桃園市,0
110,8,26,平溪區,,,,無年齡維度,0.0,男,遷入,桃園市,1
110,8,26,平溪區,,,,無年齡維度,0.0,女,遷入,福建省,0
110,8,26,平溪區,,,,無年齡維度,0.0,男,遷入,福建省,0
110,8,26,平溪區,,,,無年齡維度,0.0,女,遷入,臺中市,0
110,8,26,平溪區,,,,無年齡維度,0.0,男,遷入,臺中市,0
110,8,26,平溪區,,,,無年齡維度,0.0,女,遷入,臺北市,2
110,8,26,平溪區,,,,無年齡維度,0.0,男,遷入,臺北市,2
110,8,26,平溪區,,,,無年齡維度,0.0,女,遷入,臺南市,0
110,8,26,平溪區,,,,無年齡維度,0.0,男,遷入,臺南市,0
110,8,26,平溪區,,,,無年齡維度,0.0,女,遷入,臺灣省,1
110,8,26,平溪區,,,,無年齡維度,0.0,男,遷入,臺灣省,5
110,8,26,平溪區,,,,無年齡維度,0.0,女,遷入,高雄市,0
110,8,26,平溪區,,,,無年齡維度,0.0,男,遷入,高雄市,1
110,8,26,平溪區,,,,無年齡維度,0.0,女,遷出,migrants,5
110,8,26,平溪區,,,,無年齡維度,0.0,男,遷出,migrants,5
110,8,26,平溪區,,,,無年齡維度,0.0,女,遷出,other,0
110,8,26,平溪區,,,,無年齡維度,0.0,男,遷出,other,0
110,8,26,平溪區,,,,無年齡維度,0.0,女,遷出,其他縣市,0
110,8,26,平溪區,,,,無年齡維度,0.0,男,遷出,其他縣市,0
110,8,26,平溪區,,,,無年齡維度,0.0,女,遷出,其他鄉鎮,5
110,8,26,平溪區,,,,無年齡維度,0.0,男,遷出,其他鄉鎮,7
110,8,26,平溪區,,,,無年齡維度,0.0,女,遷出,合計,21
110,8,26,平溪區,,,,無年齡維度,0.0,男,遷出,合計,16
110,8,26,平溪區,,,,無年齡維度,0.0,女,遷出,國外,3
110,8,26,平溪區,,,,無年齡維度,0.0,男,遷出,國外,0
110,8,26,平溪區,,,,無年齡維度,0.0,女,遷出,新北市內,0
110,8,26,平溪區,,,,無年齡維度,0.0,男,遷出,新北市內,0
110,8,26,平溪區,,,,無年齡維度,0.0,女,遷出,桃園市,5
110,8,26,平溪區,,,,無年齡維度,0.0,男,遷出,桃園市,4
110,8,26,平溪區,,,,無年齡維度,0.0,女,遷出,福建省,0
110,8,26,平溪區,,,,無年齡維度,0.0,男,遷出,福建省,0
110,8,26,平溪區,,,,無年齡維度,0.0,女,遷出,臺中市,1
110,8,26,平溪區,,,,無年齡維度,0.0,男,遷出,臺中市,0
110,8,26,平溪區,,,,無年齡維度,0.0,女,遷出,臺北市,3
110,8,26,平溪區,,,,無年齡維度,0.0,男,遷出,臺北市,2
110,8,26,平溪區,,,,無年齡維度,0.0,女,遷出,臺南市,2
110,8,26,平溪區,,,,無年齡維度,0.0,男,遷出,臺南市,0
110,8,26,平溪區,,,,無年齡維度,0.0,女,遷出,臺灣省,2
110,8,26,平溪區,,,,無年齡維度,0.0,男,遷出,臺灣省,3
110,8,26,平溪區,,,,無年齡維度,0.0,女,遷出,高雄市,0
110,8,26,平溪區,,,,無年齡維度,0.0,男,遷出,高雄市,0
110,8,27,雙溪區,,,,無年齡維度,0.0,女,遷入,migrants,21
110,8,27,雙溪區,,,,無年齡維度,0.0,男,遷入,migrants,14
110,8,27,雙溪區,,,,無年齡維度,0.0,女,遷入,other,0
110,8,27,雙溪區,,,,無年齡維度,0.0,男,遷入,other,0
110,8,27,雙溪區,,,,無年齡維度,0.0,女,遷入,其他縣市,0
110,8,27,雙溪區,,,,無年齡維度,0.0,男,遷入,其他縣市,0
110,8,27,雙溪區,,,,無年齡維度,0.0,女,遷入,其他鄉鎮,16
110,8,27,雙溪區,,,,無年齡維度,0.0,男,遷入,其他鄉鎮,9
110,8,27,雙溪區,,,,無年齡維度,0.0,女,遷入,合計,34
110,8,27,雙溪區,,,,無年齡維度,0.0,男,遷入,合計,17
110,8,27,雙溪區,,,,無年齡維度,0.0,女,遷入,國外,2
110,8,27,雙溪區,,,,無年齡維度,0.0,男,遷入,國外,0
110,8,27,雙溪區,,,,無年齡維度,0.0,女,遷入,新北市內,0
110,8,27,雙溪區,,,,無年齡維度,0.0,男,遷入,新北市內,0
110,8,27,雙溪區,,,,無年齡維度,0.0,女,遷入,桃園市,0
110,8,27,雙溪區,,,,無年齡維度,0.0,男,遷入,桃園市,1
110,8,27,雙溪區,,,,無年齡維度,0.0,女,遷入,福建省,0
110,8,27,雙溪區,,,,無年齡維度,0.0,男,遷入,福建省,0
110,8,27,雙溪區,,,,無年齡維度,0.0,女,遷入,臺中市,0
110,8,27,雙溪區,,,,無年齡維度,0.0,男,遷入,臺中市,0
110,8,27,雙溪區,,,,無年齡維度,0.0,女,遷入,臺北市,8
110,8,27,雙溪區,,,,無年齡維度,0.0,男,遷入,臺北市,1
110,8,27,雙溪區,,,,無年齡維度,0.0,女,遷入,臺南市,0
110,8,27,雙溪區,,,,無年齡維度,0.0,男,遷入,臺南市,0
110,8,27,雙溪區,,,,無年齡維度,0.0,女,遷入,臺灣省,7
110,8,27,雙溪區,,,,無年齡維度,0.0,男,遷入,臺灣省,6
110,8,27,雙溪區,,,,無年齡維度,0.0,女,遷入,高雄市,1
110,8,27,雙溪區,,,,無年齡維度,0.0,男,遷入,高雄市,0
110,8,27,雙溪區,,,,無年齡維度,0.0,女,遷出,migrants,21
110,8,27,雙溪區,,,,無年齡維度,0.0,男,遷出,migrants,14
110,8,27,雙溪區,,,,無年齡維度,0.0,女,遷出,other,0
110,8,27,雙溪區,,,,無年齡維度,0.0,男,遷出,other,0
110,8,27,雙溪區,,,,無年齡維度,0.0,女,遷出,其他縣市,0
110,8,27,雙溪區,,,,無年齡維度,0.0,男,遷出,其他縣市,0
110,8,27,雙溪區,,,,無年齡維度,0.0,女,遷出,其他鄉鎮,9
110,8,27,雙溪區,,,,無年齡維度,0.0,男,遷出,其他鄉鎮,11
110,8,27,雙溪區,,,,無年齡維度,0.0,女,遷出,合計,31
110,8,27,雙溪區,,,,無年齡維度,0.0,男,遷出,合計,28
110,8,27,雙溪區,,,,無年齡維度,0.0,女,遷出,國外,5
110,8,27,雙溪區,,,,無年齡維度,0.0,男,遷出,國外,2
110,8,27,雙溪區,,,,無年齡維度,0.0,女,遷出,新北市內,0
110,8,27,雙溪區,,,,無年齡維度,0.0,男,遷出,新北市內,0
110,8,27,雙溪區,,,,無年齡維度,0.0,女,遷出,桃園市,2
110,8,27,雙溪區,,,,無年齡維度,0.0,男,遷出,桃園市,2
110,8,27,雙溪區,,,,無年齡維度,0.0,女,遷出,福建省,0
110,8,27,雙溪區,,,,無年齡維度,0.0,男,遷出,福建省,0
110,8,27,雙溪區,,,,無年齡維度,0.0,女,遷出,臺中市,1
110,8,27,雙溪區,,,,無年齡維度,0.0,男,遷出,臺中市,1
110,8,27,雙溪區,,,,無年齡維度,0.0,女,遷出,臺北市,6
110,8,27,雙溪區,,,,無年齡維度,0.0,男,遷出,臺北市,3
110,8,27,雙溪區,,,,無年齡維度,0.0,女,遷出,臺南市,0
110,8,27,雙溪區,,,,無年齡維度,0.0,男,遷出,臺南市,1
110,8,27,雙溪區,,,,無年齡維度,0.0,女,遷出,臺灣省,7
110,8,27,雙溪區,,,,無年齡維度,0.0,男,遷出,臺灣省,8
110,8,27,雙溪區,,,,無年齡維度,0.0,女,遷出,高雄市,1
110,8,27,雙溪區,,,,無年齡維度,0.0,男,遷出,高雄市,0
110,8,28,貢寮區,,,,無年齡維度,0.0,女,遷入,migrants,7
110,8,28,貢寮區,,,,無年齡維度,0.0,男,遷入,migrants,13
110,8,28,貢寮區,,,,無年齡維度,0.0,女,遷入,other,0
110,8,28,貢寮區,,,,無年齡維度,0.0,男,遷入,other,0
110,8,28,貢寮區,,,,無年齡維度,0.0,女,遷入,其他縣市,0
110,8,28,貢寮區,,,,無年齡維度,0.0,男,遷入,其他縣市,0
110,8,28,貢寮區,,,,無年齡維度,0.0,女,遷入,其他鄉鎮,7
110,8,28,貢寮區,,,,無年齡維度,0.0,男,遷入,其他鄉鎮,16
110,8,28,貢寮區,,,,無年齡維度,0.0,女,遷入,合計,30
110,8,28,貢寮區,,,,無年齡維度,0.0,男,遷入,合計,35
110,8,28,貢寮區,,,,無年齡維度,0.0,女,遷入,國外,0
110,8,28,貢寮區,,,,無年齡維度,0.0,男,遷入,國外,1
110,8,28,貢寮區,,,,無年齡維度,0.0,女,遷入,新北市內,0
110,8,28,貢寮區,,,,無年齡維度,0.0,男,遷入,新北市內,0
110,8,28,貢寮區,,,,無年齡維度,0.0,女,遷入,桃園市,1
110,8,28,貢寮區,,,,無年齡維度,0.0,男,遷入,桃園市,1
110,8,28,貢寮區,,,,無年齡維度,0.0,女,遷入,福建省,0
110,8,28,貢寮區,,,,無年齡維度,0.0,男,遷入,福建省,0
110,8,28,貢寮區,,,,無年齡維度,0.0,女,遷入,臺中市,1
110,8,28,貢寮區,,,,無年齡維度,0.0,男,遷入,臺中市,1
110,8,28,貢寮區,,,,無年齡維度,0.0,女,遷入,臺北市,3
110,8,28,貢寮區,,,,無年齡維度,0.0,男,遷入,臺北市,4
110,8,28,貢寮區,,,,無年齡維度,0.0,女,遷入,臺南市,0
110,8,28,貢寮區,,,,無年齡維度,0.0,男,遷入,臺南市,0
110,8,28,貢寮區,,,,無年齡維度,0.0,女,遷入,臺灣省,17
110,8,28,貢寮區,,,,無年齡維度,0.0,男,遷入,臺灣省,12
110,8,28,貢寮區,,,,無年齡維度,0.0,女,遷入,高雄市,0
110,8,28,貢寮區,,,,無年齡維度,0.0,男,遷入,高雄市,0
110,8,28,貢寮區,,,,無年齡維度,0.0,女,遷出,migrants,7
110,8,28,貢寮區,,,,無年齡維度,0.0,男,遷出,migrants,13
110,8,28,貢寮區,,,,無年齡維度,0.0,女,遷出,other,0
110,8,28,貢寮區,,,,無年齡維度,0.0,男,遷出,other,0
110,8,28,貢寮區,,,,無年齡維度,0.0,女,遷出,其他縣市,0
110,8,28,貢寮區,,,,無年齡維度,0.0,男,遷出,其他縣市,0
110,8,28,貢寮區,,,,無年齡維度,0.0,女,遷出,其他鄉鎮,8
110,8,28,貢寮區,,,,無年齡維度,0.0,男,遷出,其他鄉鎮,7
110,8,28,貢寮區,,,,無年齡維度,0.0,女,遷出,合計,28
110,8,28,貢寮區,,,,無年齡維度,0.0,男,遷出,合計,26
110,8,28,貢寮區,,,,無年齡維度,0.0,女,遷出,國外,3
110,8,28,貢寮區,,,,無年齡維度,0.0,男,遷出,國外,5
110,8,28,貢寮區,,,,無年齡維度,0.0,女,遷出,新北市內,0
110,8,28,貢寮區,,,,無年齡維度,0.0,男,遷出,新北市內,0
110,8,28,貢寮區,,,,無年齡維度,0.0,女,遷出,桃園市,1
110,8,28,貢寮區,,,,無年齡維度,0.0,男,遷出,桃園市,5
110,8,28,貢寮區,,,,無年齡維度,0.0,女,遷出,福建省,0
110,8,28,貢寮區,,,,無年齡維度,0.0,男,遷出,福建省,0
110,8,28,貢寮區,,,,無年齡維度,0.0,女,遷出,臺中市,0
110,8,28,貢寮區,,,,無年齡維度,0.0,男,遷出,臺中市,0
110,8,28,貢寮區,,,,無年齡維度,0.0,女,遷出,臺北市,1
110,8,28,貢寮區,,,,無年齡維度,0.0,男,遷出,臺北市,5
110,8,28,貢寮區,,,,無年齡維度,0.0,女,遷出,臺南市,2
110,8,28,貢寮區,,,,無年齡維度,0.0,男,遷出,臺南市,0
110,8,28,貢寮區,,,,無年齡維度,0.0,女,遷出,臺灣省,13
110,8,28,貢寮區,,,,無年齡維度,0.0,男,遷出,臺灣省,4
110,8,28,貢寮區,,,,無年齡維度,0.0,女,遷出,高雄市,0
110,8,28,貢寮區,,,,無年齡維度,0.0,男,遷出,高雄市,0
110,8,29,烏來區,,,,無年齡維度,0.0,女,遷入,migrants,11
110,8,29,烏來區,,,,無年齡維度,0.0,男,遷入,migrants,4
110,8,29,烏來區,,,,無年齡維度,0.0,女,遷入,other,0
110,8,29,烏來區,,,,無年齡維度,0.0,男,遷入,other,0
110,8,29,烏來區,,,,無年齡維度,0.0,女,遷入,其他縣市,0
110,8,29,烏來區,,,,無年齡維度,0.0,男,遷入,其他縣市,0
110,8,29,烏來區,,,,無年齡維度,0.0,女,遷入,其他鄉鎮,9
110,8,29,烏來區,,,,無年齡維度,0.0,男,遷入,其他鄉鎮,5
110,8,29,烏來區,,,,無年齡維度,0.0,女,遷入,合計,15
110,8,29,烏來區,,,,無年齡維度,0.0,男,遷入,合計,12
110,8,29,烏來區,,,,無年齡維度,0.0,女,遷入,國外,0
110,8,29,烏來區,,,,無年齡維度,0.0,男,遷入,國外,0
110,8,29,烏來區,,,,無年齡維度,0.0,女,遷入,新北市內,0
110,8,29,烏來區,,,,無年齡維度,0.0,男,遷入,新北市內,0
110,8,29,烏來區,,,,無年齡維度,0.0,女,遷入,桃園市,2
110,8,29,烏來區,,,,無年齡維度,0.0,男,遷入,桃園市,1
110,8,29,烏來區,,,,無年齡維度,0.0,女,遷入,福建省,0
110,8,29,烏來區,,,,無年齡維度,0.0,男,遷入,福建省,0
110,8,29,烏來區,,,,無年齡維度,0.0,女,遷入,臺中市,0
110,8,29,烏來區,,,,無年齡維度,0.0,男,遷入,臺中市,0
110,8,29,烏來區,,,,無年齡維度,0.0,女,遷入,臺北市,1
110,8,29,烏來區,,,,無年齡維度,0.0,男,遷入,臺北市,2
110,8,29,烏來區,,,,無年齡維度,0.0,女,遷入,臺南市,0
110,8,29,烏來區,,,,無年齡維度,0.0,男,遷入,臺南市,0
110,8,29,烏來區,,,,無年齡維度,0.0,女,遷入,臺灣省,3
110,8,29,烏來區,,,,無年齡維度,0.0,男,遷入,臺灣省,3
110,8,29,烏來區,,,,無年齡維度,0.0,女,遷入,高雄市,0
110,8,29,烏來區,,,,無年齡維度,0.0,男,遷入,高雄市,1
110,8,29,烏來區,,,,無年齡維度,0.0,女,遷出,migrants,11
110,8,29,烏來區,,,,無年齡維度,0.0,男,遷出,migrants,4
110,8,29,烏來區,,,,無年齡維度,0.0,女,遷出,other,0
110,8,29,烏來區,,,,無年齡維度,0.0,男,遷出,other,0
110,8,29,烏來區,,,,無年齡維度,0.0,女,遷出,其他縣市,0
110,8,29,烏來區,,,,無年齡維度,0.0,男,遷出,其他縣市,0
110,8,29,烏來區,,,,無年齡維度,0.0,女,遷出,其他鄉鎮,4
110,8,29,烏來區,,,,無年齡維度,0.0,男,遷出,其他鄉鎮,8
110,8,29,烏來區,,,,無年齡維度,0.0,女,遷出,合計,14
110,8,29,烏來區,,,,無年齡維度,0.0,男,遷出,合計,22
110,8,29,烏來區,,,,無年齡維度,0.0,女,遷出,國外,3
110,8,29,烏來區,,,,無年齡維度,0.0,男,遷出,國外,4
110,8,29,烏來區,,,,無年齡維度,0.0,女,遷出,新北市內,0
110,8,29,烏來區,,,,無年齡維度,0.0,男,遷出,新北市內,0
110,8,29,烏來區,,,,無年齡維度,0.0,女,遷出,桃園市,3
110,8,29,烏來區,,,,無年齡維度,0.0,男,遷出,桃園市,5
110,8,29,烏來區,,,,無年齡維度,0.0,女,遷出,福建省,0
110,8,29,烏來區,,,,無年齡維度,0.0,男,遷出,福建省,0
110,8,29,烏來區,,,,無年齡維度,0.0,女,遷出,臺中市,1
110,8,29,烏來區,,,,無年齡維度,0.0,男,遷出,臺中市,0
110,8,29,烏來區,,,,無年齡維度,0.0,女,遷出,臺北市,1
110,8,29,烏來區,,,,無年齡維度,0.0,男,遷出,臺北市,3
110,8,29,烏來區,,,,無年齡維度,0.0,女,遷出,臺南市,0
110,8,29,烏來區,,,,無年齡維度,0.0,男,遷出,臺南市,0
110,8,29,烏來區,,,,無年齡維度,0.0,女,遷出,臺灣省,2
110,8,29,烏來區,,,,無年齡維度,0.0,男,遷出,臺灣省,0
110,8,29,烏來區,,,,無年齡維度,0.0,女,遷出,高雄市,0
110,8,29,烏來區,,,,無年齡維度,0.0,男,遷出,高雄市,2
110,9,1,板橋區,,,,無年齡維度,0.0,女,遷入,migrants,1052
110,9,1,板橋區,,,,無年齡維度,0.0,男,遷入,migrants,929
110,9,1,板橋區,,,,無年齡維度,0.0,女,遷入,other,0
110,9,1,板橋區,,,,無年齡維度,0.0,男,遷入,other,0
110,9,1,板橋區,,,,無年齡維度,0.0,女,遷入,其他縣市,0
110,9,1,板橋區,,,,無年齡維度,0.0,男,遷入,其他縣市,0
110,9,1,板橋區,,,,無年齡維度,0.0,女,遷入,其他鄉鎮,453
110,9,1,板橋區,,,,無年齡維度,0.0,男,遷入,其他鄉鎮,355
110,9,1,板橋區,,,,無年齡維度,0.0,女,遷入,合計,1119
110,9,1,板橋區,,,,無年齡維度,0.0,男,遷入,合計,944
110,9,1,板橋區,,,,無年齡維度,0.0,女,遷入,國外,17
110,9,1,板橋區,,,,無年齡維度,0.0,男,遷入,國外,15
110,9,1,板橋區,,,,無年齡維度,0.0,女,遷入,新北市內,0
110,9,1,板橋區,,,,無年齡維度,0.0,男,遷入,新北市內,0
110,9,1,板橋區,,,,無年齡維度,0.0,女,遷入,桃園市,73
110,9,1,板橋區,,,,無年齡維度,0.0,男,遷入,桃園市,60
110,9,1,板橋區,,,,無年齡維度,0.0,女,遷入,福建省,5
110,9,1,板橋區,,,,無年齡維度,0.0,男,遷入,福建省,5
110,9,1,板橋區,,,,無年齡維度,0.0,女,遷入,臺中市,36
110,9,1,板橋區,,,,無年齡維度,0.0,男,遷入,臺中市,37
110,9,1,板橋區,,,,無年齡維度,0.0,女,遷入,臺北市,342
110,9,1,板橋區,,,,無年齡維度,0.0,男,遷入,臺北市,305
110,9,1,板橋區,,,,無年齡維度,0.0,女,遷入,臺南市,20
110,9,1,板橋區,,,,無年齡維度,0.0,男,遷入,臺南市,15
110,9,1,板橋區,,,,無年齡維度,0.0,女,遷入,臺灣省,127
110,9,1,板橋區,,,,無年齡維度,0.0,男,遷入,臺灣省,119
110,9,1,板橋區,,,,無年齡維度,0.0,女,遷入,高雄市,29
110,9,1,板橋區,,,,無年齡維度,0.0,男,遷入,高雄市,28
110,9,1,板橋區,,,,無年齡維度,0.0,女,遷出,migrants,1052
110,9,1,板橋區,,,,無年齡維度,0.0,男,遷出,migrants,929
110,9,1,板橋區,,,,無年齡維度,0.0,女,遷出,other,0
110,9,1,板橋區,,,,無年齡維度,0.0,男,遷出,other,0
110,9,1,板橋區,,,,無年齡維度,0.0,女,遷出,其他縣市,0
110,9,1,板橋區,,,,無年齡維度,0.0,男,遷出,其他縣市,0
110,9,1,板橋區,,,,無年齡維度,0.0,女,遷出,其他鄉鎮,533
110,9,1,板橋區,,,,無年齡維度,0.0,男,遷出,其他鄉鎮,445
110,9,1,板橋區,,,,無年齡維度,0.0,女,遷出,合計,1616
110,9,1,板橋區,,,,無年齡維度,0.0,男,遷出,合計,1299
110,9,1,板橋區,,,,無年齡維度,0.0,女,遷出,國外,551
110,9,1,板橋區,,,,無年齡維度,0.0,男,遷出,國外,422
110,9,1,板橋區,,,,無年齡維度,0.0,女,遷出,新北市內,0
110,9,1,板橋區,,,,無年齡維度,0.0,男,遷出,新北市內,0
110,9,1,板橋區,,,,無年齡維度,0.0,女,遷出,桃園市,126
110,9,1,板橋區,,,,無年齡維度,0.0,男,遷出,桃園市,108
110,9,1,板橋區,,,,無年齡維度,0.0,女,遷出,福建省,23
110,9,1,板橋區,,,,無年齡維度,0.0,男,遷出,福建省,19
110,9,1,板橋區,,,,無年齡維度,0.0,女,遷出,臺中市,35
110,9,1,板橋區,,,,無年齡維度,0.0,男,遷出,臺中市,28
110,9,1,板橋區,,,,無年齡維度,0.0,女,遷出,臺北市,169
110,9,1,板橋區,,,,無年齡維度,0.0,男,遷出,臺北市,126
110,9,1,板橋區,,,,無年齡維度,0.0,女,遷出,臺南市,15
110,9,1,板橋區,,,,無年齡維度,0.0,男,遷出,臺南市,19
110,9,1,板橋區,,,,無年齡維度,0.0,女,遷出,臺灣省,145
110,9,1,板橋區,,,,無年齡維度,0.0,男,遷出,臺灣省,111
110,9,1,板橋區,,,,無年齡維度,0.0,女,遷出,高雄市,19
110,9,1,板橋區,,,,無年齡維度,0.0,男,遷出,高雄市,21
110,9,2,三重區,,,,無年齡維度,0.0,女,遷入,migrants,671
110,9,2,三重區,,,,無年齡維度,0.0,男,遷入,migrants,618
110,9,2,三重區,,,,無年齡維度,0.0,女,遷入,other,0
110,9,2,三重區,,,,無年齡維度,0.0,男,遷入,other,0
110,9,2,三重區,,,,無年齡維度,0.0,女,遷入,其他縣市,0
110,9,2,三重區,,,,無年齡維度,0.0,男,遷入,其他縣市,0
110,9,2,三重區,,,,無年齡維度,0.0,女,遷入,其他鄉鎮,248
110,9,2,三重區,,,,無年齡維度,0.0,男,遷入,其他鄉鎮,206
110,9,2,三重區,,,,無年齡維度,0.0,女,遷入,合計,821
110,9,2,三重區,,,,無年齡維度,0.0,男,遷入,合計,702
110,9,2,三重區,,,,無年齡維度,0.0,女,遷入,國外,8
110,9,2,三重區,,,,無年齡維度,0.0,男,遷入,國外,9
110,9,2,三重區,,,,無年齡維度,0.0,女,遷入,新北市內,0
110,9,2,三重區,,,,無年齡維度,0.0,男,遷入,新北市內,0
110,9,2,三重區,,,,無年齡維度,0.0,女,遷入,桃園市,44
110,9,2,三重區,,,,無年齡維度,0.0,男,遷入,桃園市,33
110,9,2,三重區,,,,無年齡維度,0.0,女,遷入,福建省,2
110,9,2,三重區,,,,無年齡維度,0.0,男,遷入,福建省,2
110,9,2,三重區,,,,無年齡維度,0.0,女,遷入,臺中市,21
110,9,2,三重區,,,,無年齡維度,0.0,男,遷入,臺中市,13
110,9,2,三重區,,,,無年齡維度,0.0,女,遷入,臺北市,389
110,9,2,三重區,,,,無年齡維度,0.0,男,遷入,臺北市,358
110,9,2,三重區,,,,無年齡維度,0.0,女,遷入,臺南市,12
110,9,2,三重區,,,,無年齡維度,0.0,男,遷入,臺南市,15
110,9,2,三重區,,,,無年齡維度,0.0,女,遷入,臺灣省,68
110,9,2,三重區,,,,無年齡維度,0.0,男,遷入,臺灣省,54
110,9,2,三重區,,,,無年齡維度,0.0,女,遷入,高雄市,15
110,9,2,三重區,,,,無年齡維度,0.0,男,遷入,高雄市,11
110,9,2,三重區,,,,無年齡維度,0.0,女,遷出,migrants,671
110,9,2,三重區,,,,無年齡維度,0.0,男,遷出,migrants,618
110,9,2,三重區,,,,無年齡維度,0.0,女,遷出,other,0
110,9,2,三重區,,,,無年齡維度,0.0,男,遷出,other,0
110,9,2,三重區,,,,無年齡維度,0.0,女,遷出,其他縣市,0
110,9,2,三重區,,,,無年齡維度,0.0,男,遷出,其他縣市,0
110,9,2,三重區,,,,無年齡維度,0.0,女,遷出,其他鄉鎮,393
110,9,2,三重區,,,,無年齡維度,0.0,男,遷出,其他鄉鎮,310
110,9,2,三重區,,,,無年齡維度,0.0,女,遷出,合計,1017
110,9,2,三重區,,,,無年齡維度,0.0,男,遷出,合計,796
110,9,2,三重區,,,,無年齡維度,0.0,女,遷出,國外,199
110,9,2,三重區,,,,無年齡維度,0.0,男,遷出,國外,149
110,9,2,三重區,,,,無年齡維度,0.0,女,遷出,新北市內,0
110,9,2,三重區,,,,無年齡維度,0.0,男,遷出,新北市內,0
110,9,2,三重區,,,,無年齡維度,0.0,女,遷出,桃園市,69
110,9,2,三重區,,,,無年齡維度,0.0,男,遷出,桃園市,51
110,9,2,三重區,,,,無年齡維度,0.0,女,遷出,福建省,8
110,9,2,三重區,,,,無年齡維度,0.0,男,遷出,福建省,6
110,9,2,三重區,,,,無年齡維度,0.0,女,遷出,臺中市,18
110,9,2,三重區,,,,無年齡維度,0.0,男,遷出,臺中市,21
110,9,2,三重區,,,,無年齡維度,0.0,女,遷出,臺北市,227
110,9,2,三重區,,,,無年齡維度,0.0,男,遷出,臺北市,170
110,9,2,三重區,,,,無年齡維度,0.0,女,遷出,臺南市,7
110,9,2,三重區,,,,無年齡維度,0.0,男,遷出,臺南市,7
110,9,2,三重區,,,,無年齡維度,0.0,女,遷出,臺灣省,82
110,9,2,三重區,,,,無年齡維度,0.0,男,遷出,臺灣省,70
110,9,2,三重區,,,,無年齡維度,0.0,女,遷出,高雄市,14
110,9,2,三重區,,,,無年齡維度,0.0,男,遷出,高雄市,12
110,9,3,中和區,,,,無年齡維度,0.0,女,遷入,migrants,526
110,9,3,中和區,,,,無年齡維度,0.0,男,遷入,migrants,458
110,9,3,中和區,,,,無年齡維度,0.0,女,遷入,other,0
110,9,3,中和區,,,,無年齡維度,0.0,男,遷入,other,0
110,9,3,中和區,,,,無年齡維度,0.0,女,遷入,其他縣市,0
110,9,3,中和區,,,,無年齡維度,0.0,男,遷入,其他縣市,0
110,9,3,中和區,,,,無年齡維度,0.0,女,遷入,其他鄉鎮,520
110,9,3,中和區,,,,無年齡維度,0.0,男,遷入,其他鄉鎮,408
110,9,3,中和區,,,,無年齡維度,0.0,女,遷入,合計,989
110,9,3,中和區,,,,無年齡維度,0.0,男,遷入,合計,831
110,9,3,中和區,,,,無年齡維度,0.0,女,遷入,國外,21
110,9,3,中和區,,,,無年齡維度,0.0,男,遷入,國外,19
110,9,3,中和區,,,,無年齡維度,0.0,女,遷入,新北市內,0
110,9,3,中和區,,,,無年齡維度,0.0,男,遷入,新北市內,0
110,9,3,中和區,,,,無年齡維度,0.0,女,遷入,桃園市,54
110,9,3,中和區,,,,無年齡維度,0.0,男,遷入,桃園市,41
110,9,3,中和區,,,,無年齡維度,0.0,女,遷入,福建省,3
110,9,3,中和區,,,,無年齡維度,0.0,男,遷入,福建省,4
110,9,3,中和區,,,,無年齡維度,0.0,女,遷入,臺中市,17
110,9,3,中和區,,,,無年齡維度,0.0,男,遷入,臺中市,15
110,9,3,中和區,,,,無年齡維度,0.0,女,遷入,臺北市,256
110,9,3,中和區,,,,無年齡維度,0.0,男,遷入,臺北市,237
110,9,3,中和區,,,,無年齡維度,0.0,女,遷入,臺南市,14
110,9,3,中和區,,,,無年齡維度,0.0,男,遷入,臺南市,13
110,9,3,中和區,,,,無年齡維度,0.0,女,遷入,臺灣省,77
110,9,3,中和區,,,,無年齡維度,0.0,男,遷入,臺灣省,67
110,9,3,中和區,,,,無年齡維度,0.0,女,遷入,高雄市,12
110,9,3,中和區,,,,無年齡維度,0.0,男,遷入,高雄市,17
110,9,3,中和區,,,,無年齡維度,0.0,女,遷出,migrants,526
110,9,3,中和區,,,,無年齡維度,0.0,男,遷出,migrants,458
110,9,3,中和區,,,,無年齡維度,0.0,女,遷出,other,0
110,9,3,中和區,,,,無年齡維度,0.0,男,遷出,other,0
110,9,3,中和區,,,,無年齡維度,0.0,女,遷出,其他縣市,0
110,9,3,中和區,,,,無年齡維度,0.0,男,遷出,其他縣市,0
110,9,3,中和區,,,,無年齡維度,0.0,女,遷出,其他鄉鎮,531
110,9,3,中和區,,,,無年齡維度,0.0,男,遷出,其他鄉鎮,387
110,9,3,中和區,,,,無年齡維度,0.0,女,遷出,合計,1320
110,9,3,中和區,,,,無年齡維度,0.0,男,遷出,合計,1070
110,9,3,中和區,,,,無年齡維度,0.0,女,遷出,國外,445
110,9,3,中和區,,,,無年齡維度,0.0,男,遷出,國外,342
110,9,3,中和區,,,,無年齡維度,0.0,女,遷出,新北市內,0
110,9,3,中和區,,,,無年齡維度,0.0,男,遷出,新北市內,0
110,9,3,中和區,,,,無年齡維度,0.0,女,遷出,桃園市,70
110,9,3,中和區,,,,無年齡維度,0.0,男,遷出,桃園市,60
110,9,3,中和區,,,,無年齡維度,0.0,女,遷出,福建省,15
110,9,3,中和區,,,,無年齡維度,0.0,男,遷出,福建省,32
110,9,3,中和區,,,,無年齡維度,0.0,女,遷出,臺中市,22
110,9,3,中和區,,,,無年齡維度,0.0,男,遷出,臺中市,27
110,9,3,中和區,,,,無年齡維度,0.0,女,遷出,臺北市,119
110,9,3,中和區,,,,無年齡維度,0.0,男,遷出,臺北市,113
110,9,3,中和區,,,,無年齡維度,0.0,女,遷出,臺南市,13
110,9,3,中和區,,,,無年齡維度,0.0,男,遷出,臺南市,10
110,9,3,中和區,,,,無年齡維度,0.0,女,遷出,臺灣省,93
110,9,3,中和區,,,,無年齡維度,0.0,男,遷出,臺灣省,88
110,9,3,中和區,,,,無年齡維度,0.0,女,遷出,高雄市,12
110,9,3,中和區,,,,無年齡維度,0.0,男,遷出,高雄市,10
110,9,4,永和區,,,,無年齡維度,0.0,女,遷入,migrants,271
110,9,4,永和區,,,,無年齡維度,0.0,男,遷入,migrants,214
110,9,4,永和區,,,,無年齡維度,0.0,女,遷入,other,0
110,9,4,永和區,,,,無年齡維度,0.0,男,遷入,other,0
110,9,4,永和區,,,,無年齡維度,0.0,女,遷入,其他縣市,0
110,9,4,永和區,,,,無年齡維度,0.0,男,遷入,其他縣市,0
110,9,4,永和區,,,,無年齡維度,0.0,女,遷入,其他鄉鎮,220
110,9,4,永和區,,,,無年齡維度,0.0,男,遷入,其他鄉鎮,170
110,9,4,永和區,,,,無年齡維度,0.0,女,遷入,合計,483
110,9,4,永和區,,,,無年齡維度,0.0,男,遷入,合計,412
110,9,4,永和區,,,,無年齡維度,0.0,女,遷入,國外,13
110,9,4,永和區,,,,無年齡維度,0.0,男,遷入,國外,11
110,9,4,永和區,,,,無年齡維度,0.0,女,遷入,新北市內,0
110,9,4,永和區,,,,無年齡維度,0.0,男,遷入,新北市內,0
110,9,4,永和區,,,,無年齡維度,0.0,女,遷入,桃園市,15
110,9,4,永和區,,,,無年齡維度,0.0,男,遷入,桃園市,18
110,9,4,永和區,,,,無年齡維度,0.0,女,遷入,福建省,2
110,9,4,永和區,,,,無年齡維度,0.0,男,遷入,福建省,2
110,9,4,永和區,,,,無年齡維度,0.0,女,遷入,臺中市,7
110,9,4,永和區,,,,無年齡維度,0.0,男,遷入,臺中市,12
110,9,4,永和區,,,,無年齡維度,0.0,女,遷入,臺北市,175
110,9,4,永和區,,,,無年齡維度,0.0,男,遷入,臺北市,146
110,9,4,永和區,,,,無年齡維度,0.0,女,遷入,臺南市,4
110,9,4,永和區,,,,無年齡維度,0.0,男,遷入,臺南市,7
110,9,4,永和區,,,,無年齡維度,0.0,女,遷入,臺灣省,36
110,9,4,永和區,,,,無年齡維度,0.0,男,遷入,臺灣省,37
110,9,4,永和區,,,,無年齡維度,0.0,女,遷入,高雄市,6
110,9,4,永和區,,,,無年齡維度,0.0,男,遷入,高雄市,7
110,9,4,永和區,,,,無年齡維度,0.0,女,遷出,migrants,271
110,9,4,永和區,,,,無年齡維度,0.0,男,遷出,migrants,214
110,9,4,永和區,,,,無年齡維度,0.0,女,遷出,other,0
110,9,4,永和區,,,,無年齡維度,0.0,男,遷出,other,0
110,9,4,永和區,,,,無年齡維度,0.0,女,遷出,其他縣市,0
110,9,4,永和區,,,,無年齡維度,0.0,男,遷出,其他縣市,0
110,9,4,永和區,,,,無年齡維度,0.0,女,遷出,其他鄉鎮,338
110,9,4,永和區,,,,無年齡維度,0.0,男,遷出,其他鄉鎮,276
110,9,4,永和區,,,,無年齡維度,0.0,女,遷出,合計,764
110,9,4,永和區,,,,無年齡維度,0.0,男,遷出,合計,592
110,9,4,永和區,,,,無年齡維度,0.0,女,遷出,國外,181
110,9,4,永和區,,,,無年齡維度,0.0,男,遷出,國外,113
110,9,4,永和區,,,,無年齡維度,0.0,女,遷出,新北市內,0
110,9,4,永和區,,,,無年齡維度,0.0,男,遷出,新北市內,0
110,9,4,永和區,,,,無年齡維度,0.0,女,遷出,桃園市,34
110,9,4,永和區,,,,無年齡維度,0.0,男,遷出,桃園市,24
110,9,4,永和區,,,,無年齡維度,0.0,女,遷出,福建省,15
110,9,4,永和區,,,,無年齡維度,0.0,男,遷出,福建省,12
110,9,4,永和區,,,,無年齡維度,0.0,女,遷出,臺中市,13
110,9,4,永和區,,,,無年齡維度,0.0,男,遷出,臺中市,4
110,9,4,永和區,,,,無年齡維度,0.0,女,遷出,臺北市,123
110,9,4,永和區,,,,無年齡維度,0.0,男,遷出,臺北市,97
110,9,4,永和區,,,,無年齡維度,0.0,女,遷出,臺南市,5
110,9,4,永和區,,,,無年齡維度,0.0,男,遷出,臺南市,7
110,9,4,永和區,,,,無年齡維度,0.0,女,遷出,臺灣省,48
110,9,4,永和區,,,,無年齡維度,0.0,男,遷出,臺灣省,50
110,9,4,永和區,,,,無年齡維度,0.0,女,遷出,高雄市,7
110,9,4,永和區,,,,無年齡維度,0.0,男,遷出,高雄市,9
110,9,5,新莊區,,,,無年齡維度,0.0,女,遷入,migrants,1022
110,9,5,新莊區,,,,無年齡維度,0.0,男,遷入,migrants,863
110,9,5,新莊區,,,,無年齡維度,0.0,女,遷入,other,0
110,9,5,新莊區,,,,無年齡維度,0.0,男,遷入,other,0
110,9,5,新莊區,,,,無年齡維度,0.0,女,遷入,其他縣市,0
110,9,5,新莊區,,,,無年齡維度,0.0,男,遷入,其他縣市,0
110,9,5,新莊區,,,,無年齡維度,0.0,女,遷入,其他鄉鎮,378
110,9,5,新莊區,,,,無年齡維度,0.0,男,遷入,其他鄉鎮,292
110,9,5,新莊區,,,,無年齡維度,0.0,女,遷入,合計,856
110,9,5,新莊區,,,,無年齡維度,0.0,男,遷入,合計,687
110,9,5,新莊區,,,,無年齡維度,0.0,女,遷入,國外,10
110,9,5,新莊區,,,,無年齡維度,0.0,男,遷入,國外,10
110,9,5,新莊區,,,,無年齡維度,0.0,女,遷入,新北市內,0
110,9,5,新莊區,,,,無年齡維度,0.0,男,遷入,新北市內,0
110,9,5,新莊區,,,,無年齡維度,0.0,女,遷入,桃園市,87
110,9,5,新莊區,,,,無年齡維度,0.0,男,遷入,桃園市,71
110,9,5,新莊區,,,,無年齡維度,0.0,女,遷入,福建省,2
110,9,5,新莊區,,,,無年齡維度,0.0,男,遷入,福建省,4
110,9,5,新莊區,,,,無年齡維度,0.0,女,遷入,臺中市,16
110,9,5,新莊區,,,,無年齡維度,0.0,男,遷入,臺中市,21
110,9,5,新莊區,,,,無年齡維度,0.0,女,遷入,臺北市,213
110,9,5,新莊區,,,,無年齡維度,0.0,男,遷入,臺北市,164
110,9,5,新莊區,,,,無年齡維度,0.0,女,遷入,臺南市,20
110,9,5,新莊區,,,,無年齡維度,0.0,男,遷入,臺南市,12
110,9,5,新莊區,,,,無年齡維度,0.0,女,遷入,臺灣省,91
110,9,5,新莊區,,,,無年齡維度,0.0,男,遷入,臺灣省,91
110,9,5,新莊區,,,,無年齡維度,0.0,女,遷入,高雄市,23
110,9,5,新莊區,,,,無年齡維度,0.0,男,遷入,高雄市,18
110,9,5,新莊區,,,,無年齡維度,0.0,女,遷出,migrants,1022
110,9,5,新莊區,,,,無年齡維度,0.0,男,遷出,migrants,863
110,9,5,新莊區,,,,無年齡維度,0.0,女,遷出,other,0
110,9,5,新莊區,,,,無年齡維度,0.0,男,遷出,other,0
110,9,5,新莊區,,,,無年齡維度,0.0,女,遷出,其他縣市,0
110,9,5,新莊區,,,,無年齡維度,0.0,男,遷出,其他縣市,0
110,9,5,新莊區,,,,無年齡維度,0.0,女,遷出,其他鄉鎮,396
110,9,5,新莊區,,,,無年齡維度,0.0,男,遷出,其他鄉鎮,306
110,9,5,新莊區,,,,無年齡維度,0.0,女,遷出,合計,1028
110,9,5,新莊區,,,,無年齡維度,0.0,男,遷出,合計,865
110,9,5,新莊區,,,,無年齡維度,0.0,女,遷出,國外,252
110,9,5,新莊區,,,,無年齡維度,0.0,男,遷出,國外,220
110,9,5,新莊區,,,,無年齡維度,0.0,女,遷出,新北市內,0
110,9,5,新莊區,,,,無年齡維度,0.0,男,遷出,新北市內,0
110,9,5,新莊區,,,,無年齡維度,0.0,女,遷出,桃園市,120
110,9,5,新莊區,,,,無年齡維度,0.0,男,遷出,桃園市,108
110,9,5,新莊區,,,,無年齡維度,0.0,女,遷出,福建省,12
110,9,5,新莊區,,,,無年齡維度,0.0,男,遷出,福建省,7
110,9,5,新莊區,,,,無年齡維度,0.0,女,遷出,臺中市,16
110,9,5,新莊區,,,,無年齡維度,0.0,男,遷出,臺中市,9
110,9,5,新莊區,,,,無年齡維度,0.0,女,遷出,臺北市,119
110,9,5,新莊區,,,,無年齡維度,0.0,男,遷出,臺北市,108
110,9,5,新莊區,,,,無年齡維度,0.0,女,遷出,臺南市,10
110,9,5,新莊區,,,,無年齡維度,0.0,男,遷出,臺南市,1
110,9,5,新莊區,,,,無年齡維度,0.0,女,遷出,臺灣省,92
110,9,5,新莊區,,,,無年齡維度,0.0,男,遷出,臺灣省,93
110,9,5,新莊區,,,,無年齡維度,0.0,女,遷出,高雄市,11
110,9,5,新莊區,,,,無年齡維度,0.0,男,遷出,高雄市,13
110,9,6,新店區,,,,無年齡維度,0.0,女,遷入,migrants,486
110,9,6,新店區,,,,無年齡維度,0.0,男,遷入,migrants,401
110,9,6,新店區,,,,無年齡維度,0.0,女,遷入,other,0
110,9,6,新店區,,,,無年齡維度,0.0,男,遷入,other,0
110,9,6,新店區,,,,無年齡維度,0.0,女,遷入,其他縣市,0
110,9,6,新店區,,,,無年齡維度,0.0,男,遷入,其他縣市,0
110,9,6,新店區,,,,無年齡維度,0.0,女,遷入,其他鄉鎮,212
110,9,6,新店區,,,,無年齡維度,0.0,男,遷入,其他鄉鎮,160
110,9,6,新店區,,,,無年齡維度,0.0,女,遷入,合計,720
110,9,6,新店區,,,,無年齡維度,0.0,男,遷入,合計,592
110,9,6,新店區,,,,無年齡維度,0.0,女,遷入,國外,17
110,9,6,新店區,,,,無年齡維度,0.0,男,遷入,國外,19
110,9,6,新店區,,,,無年齡維度,0.0,女,遷入,新北市內,0
110,9,6,新店區,,,,無年齡維度,0.0,男,遷入,新北市內,0
110,9,6,新店區,,,,無年齡維度,0.0,女,遷入,桃園市,28
110,9,6,新店區,,,,無年齡維度,0.0,男,遷入,桃園市,19
110,9,6,新店區,,,,無年齡維度,0.0,女,遷入,福建省,2
110,9,6,新店區,,,,無年齡維度,0.0,男,遷入,福建省,2
110,9,6,新店區,,,,無年齡維度,0.0,女,遷入,臺中市,13
110,9,6,新店區,,,,無年齡維度,0.0,男,遷入,臺中市,9
110,9,6,新店區,,,,無年齡維度,0.0,女,遷入,臺北市,343
110,9,6,新店區,,,,無年齡維度,0.0,男,遷入,臺北市,300
110,9,6,新店區,,,,無年齡維度,0.0,女,遷入,臺南市,13
110,9,6,新店區,,,,無年齡維度,0.0,男,遷入,臺南市,5
110,9,6,新店區,,,,無年齡維度,0.0,女,遷入,臺灣省,66
110,9,6,新店區,,,,無年齡維度,0.0,男,遷入,臺灣省,61
110,9,6,新店區,,,,無年齡維度,0.0,女,遷入,高雄市,11
110,9,6,新店區,,,,無年齡維度,0.0,男,遷入,高雄市,13
110,9,6,新店區,,,,無年齡維度,0.0,女,遷出,migrants,486
110,9,6,新店區,,,,無年齡維度,0.0,男,遷出,migrants,401
110,9,6,新店區,,,,無年齡維度,0.0,女,遷出,other,0
110,9,6,新店區,,,,無年齡維度,0.0,男,遷出,other,0
110,9,6,新店區,,,,無年齡維度,0.0,女,遷出,其他縣市,0
110,9,6,新店區,,,,無年齡維度,0.0,男,遷出,其他縣市,0
110,9,6,新店區,,,,無年齡維度,0.0,女,遷出,其他鄉鎮,201
110,9,6,新店區,,,,無年齡維度,0.0,男,遷出,其他鄉鎮,148
110,9,6,新店區,,,,無年齡維度,0.0,女,遷出,合計,919
110,9,6,新店區,,,,無年齡維度,0.0,男,遷出,合計,700
110,9,6,新店區,,,,無年齡維度,0.0,女,遷出,國外,371
110,9,6,新店區,,,,無年齡維度,0.0,男,遷出,國外,251
110,9,6,新店區,,,,無年齡維度,0.0,女,遷出,新北市內,0
110,9,6,新店區,,,,無年齡維度,0.0,男,遷出,新北市內,0
110,9,6,新店區,,,,無年齡維度,0.0,女,遷出,桃園市,34
110,9,6,新店區,,,,無年齡維度,0.0,男,遷出,桃園市,26
110,9,6,新店區,,,,無年齡維度,0.0,女,遷出,福建省,7
110,9,6,新店區,,,,無年齡維度,0.0,男,遷出,福建省,9
110,9,6,新店區,,,,無年齡維度,0.0,女,遷出,臺中市,11
110,9,6,新店區,,,,無年齡維度,0.0,男,遷出,臺中市,15
110,9,6,新店區,,,,無年齡維度,0.0,女,遷出,臺北市,214
110,9,6,新店區,,,,無年齡維度,0.0,男,遷出,臺北市,162
110,9,6,新店區,,,,無年齡維度,0.0,女,遷出,臺南市,9
110,9,6,新店區,,,,無年齡維度,0.0,男,遷出,臺南市,8
110,9,6,新店區,,,,無年齡維度,0.0,女,遷出,臺灣省,59
110,9,6,新店區,,,,無年齡維度,0.0,男,遷出,臺灣省,66
110,9,6,新店區,,,,無年齡維度,0.0,女,遷出,高雄市,13
110,9,6,新店區,,,,無年齡維度,0.0,男,遷出,高雄市,15
110,9,7,土城區,,,,無年齡維度,0.0,女,遷入,migrants,239
110,9,7,土城區,,,,無年齡維度,0.0,男,遷入,migrants,178
110,9,7,土城區,,,,無年齡維度,0.0,女,遷入,other,0
110,9,7,土城區,,,,無年齡維度,0.0,男,遷入,other,0
110,9,7,土城區,,,,無年齡維度,0.0,女,遷入,其他縣市,0
110,9,7,土城區,,,,無年齡維度,0.0,男,遷入,其他縣市,0
110,9,7,土城區,,,,無年齡維度,0.0,女,遷入,其他鄉鎮,205
110,9,7,土城區,,,,無年齡維度,0.0,男,遷入,其他鄉鎮,194
110,9,7,土城區,,,,無年齡維度,0.0,女,遷入,合計,345
110,9,7,土城區,,,,無年齡維度,0.0,男,遷入,合計,312
110,9,7,土城區,,,,無年齡維度,0.0,女,遷入,國外,5
110,9,7,土城區,,,,無年齡維度,0.0,男,遷入,國外,3
110,9,7,土城區,,,,無年齡維度,0.0,女,遷入,新北市內,0
110,9,7,土城區,,,,無年齡維度,0.0,男,遷入,新北市內,0
110,9,7,土城區,,,,無年齡維度,0.0,女,遷入,桃園市,32
110,9,7,土城區,,,,無年齡維度,0.0,男,遷入,桃園市,24
110,9,7,土城區,,,,無年齡維度,0.0,女,遷入,福建省,1
110,9,7,土城區,,,,無年齡維度,0.0,男,遷入,福建省,0
110,9,7,土城區,,,,無年齡維度,0.0,女,遷入,臺中市,11
110,9,7,土城區,,,,無年齡維度,0.0,男,遷入,臺中市,5
110,9,7,土城區,,,,無年齡維度,0.0,女,遷入,臺北市,40
110,9,7,土城區,,,,無年齡維度,0.0,男,遷入,臺北市,43
110,9,7,土城區,,,,無年齡維度,0.0,女,遷入,臺南市,5
110,9,7,土城區,,,,無年齡維度,0.0,男,遷入,臺南市,3
110,9,7,土城區,,,,無年齡維度,0.0,女,遷入,臺灣省,37
110,9,7,土城區,,,,無年齡維度,0.0,男,遷入,臺灣省,33
110,9,7,土城區,,,,無年齡維度,0.0,女,遷入,高雄市,3
110,9,7,土城區,,,,無年齡維度,0.0,男,遷入,高雄市,4
110,9,7,土城區,,,,無年齡維度,0.0,女,遷出,migrants,239
110,9,7,土城區,,,,無年齡維度,0.0,男,遷出,migrants,178
110,9,7,土城區,,,,無年齡維度,0.0,女,遷出,other,0
110,9,7,土城區,,,,無年齡維度,0.0,男,遷出,other,0
110,9,7,土城區,,,,無年齡維度,0.0,女,遷出,其他縣市,0
110,9,7,土城區,,,,無年齡維度,0.0,男,遷出,其他縣市,0
110,9,7,土城區,,,,無年齡維度,0.0,女,遷出,其他鄉鎮,194
110,9,7,土城區,,,,無年齡維度,0.0,男,遷出,其他鄉鎮,141
110,9,7,土城區,,,,無年齡維度,0.0,女,遷出,合計,414
110,9,7,土城區,,,,無年齡維度,0.0,男,遷出,合計,347
110,9,7,土城區,,,,無年齡維度,0.0,女,遷出,國外,67
110,9,7,土城區,,,,無年齡維度,0.0,男,遷出,國外,64
110,9,7,土城區,,,,無年齡維度,0.0,女,遷出,新北市內,0
110,9,7,土城區,,,,無年齡維度,0.0,男,遷出,新北市內,0
110,9,7,土城區,,,,無年齡維度,0.0,女,遷出,桃園市,59
110,9,7,土城區,,,,無年齡維度,0.0,男,遷出,桃園市,52
110,9,7,土城區,,,,無年齡維度,0.0,女,遷出,福建省,5
110,9,7,土城區,,,,無年齡維度,0.0,男,遷出,福建省,3
110,9,7,土城區,,,,無年齡維度,0.0,女,遷出,臺中市,9
110,9,7,土城區,,,,無年齡維度,0.0,男,遷出,臺中市,6
110,9,7,土城區,,,,無年齡維度,0.0,女,遷出,臺北市,26
110,9,7,土城區,,,,無年齡維度,0.0,男,遷出,臺北市,21
110,9,7,土城區,,,,無年齡維度,0.0,女,遷出,臺南市,7
110,9,7,土城區,,,,無年齡維度,0.0,男,遷出,臺南市,4
110,9,7,土城區,,,,無年齡維度,0.0,女,遷出,臺灣省,46
110,9,7,土城區,,,,無年齡維度,0.0,男,遷出,臺灣省,52
110,9,7,土城區,,,,無年齡維度,0.0,女,遷出,高雄市,1
110,9,7,土城區,,,,無年齡維度,0.0,男,遷出,高雄市,4
110,9,8,蘆洲區,,,,無年齡維度,0.0,女,遷入,migrants,164
110,9,8,蘆洲區,,,,無年齡維度,0.0,男,遷入,migrants,143
110,9,8,蘆洲區,,,,無年齡維度,0.0,女,遷入,other,0
110,9,8,蘆洲區,,,,無年齡維度,0.0,男,遷入,other,0
110,9,8,蘆洲區,,,,無年齡維度,0.0,女,遷入,其他縣市,0
110,9,8,蘆洲區,,,,無年齡維度,0.0,男,遷入,其他縣市,0
110,9,8,蘆洲區,,,,無年齡維度,0.0,女,遷入,其他鄉鎮,90
110,9,8,蘆洲區,,,,無年齡維度,0.0,男,遷入,其他鄉鎮,67
110,9,8,蘆洲區,,,,無年齡維度,0.0,女,遷入,合計,205
110,9,8,蘆洲區,,,,無年齡維度,0.0,男,遷入,合計,178
110,9,8,蘆洲區,,,,無年齡維度,0.0,女,遷入,國外,6
110,9,8,蘆洲區,,,,無年齡維度,0.0,男,遷入,國外,3
110,9,8,蘆洲區,,,,無年齡維度,0.0,女,遷入,新北市內,0
110,9,8,蘆洲區,,,,無年齡維度,0.0,男,遷入,新北市內,0
110,9,8,蘆洲區,,,,無年齡維度,0.0,女,遷入,桃園市,47
110,9,8,蘆洲區,,,,無年齡維度,0.0,男,遷入,桃園市,65
110,9,8,蘆洲區,,,,無年齡維度,0.0,女,遷入,福建省,0
110,9,8,蘆洲區,,,,無年齡維度,0.0,男,遷入,福建省,1
110,9,8,蘆洲區,,,,無年齡維度,0.0,女,遷入,臺中市,3
110,9,8,蘆洲區,,,,無年齡維度,0.0,男,遷入,臺中市,3
110,9,8,蘆洲區,,,,無年齡維度,0.0,女,遷入,臺北市,22
110,9,8,蘆洲區,,,,無年齡維度,0.0,男,遷入,臺北市,16
110,9,8,蘆洲區,,,,無年齡維度,0.0,女,遷入,臺南市,3
110,9,8,蘆洲區,,,,無年齡維度,0.0,男,遷入,臺南市,2
110,9,8,蘆洲區,,,,無年齡維度,0.0,女,遷入,臺灣省,22
110,9,8,蘆洲區,,,,無年齡維度,0.0,男,遷入,臺灣省,15
110,9,8,蘆洲區,,,,無年齡維度,0.0,女,遷入,高雄市,4
110,9,8,蘆洲區,,,,無年齡維度,0.0,男,遷入,高雄市,3
110,9,8,蘆洲區,,,,無年齡維度,0.0,女,遷出,migrants,164
110,9,8,蘆洲區,,,,無年齡維度,0.0,男,遷出,migrants,143
110,9,8,蘆洲區,,,,無年齡維度,0.0,女,遷出,other,0
110,9,8,蘆洲區,,,,無年齡維度,0.0,男,遷出,other,0
110,9,8,蘆洲區,,,,無年齡維度,0.0,女,遷出,其他縣市,0
110,9,8,蘆洲區,,,,無年齡維度,0.0,男,遷出,其他縣市,0
110,9,8,蘆洲區,,,,無年齡維度,0.0,女,遷出,其他鄉鎮,49
110,9,8,蘆洲區,,,,無年齡維度,0.0,男,遷出,其他鄉鎮,36
110,9,8,蘆洲區,,,,無年齡維度,0.0,女,遷出,合計,200
110,9,8,蘆洲區,,,,無年齡維度,0.0,男,遷出,合計,163
110,9,8,蘆洲區,,,,無年齡維度,0.0,女,遷出,國外,36
110,9,8,蘆洲區,,,,無年齡維度,0.0,男,遷出,國外,28
110,9,8,蘆洲區,,,,無年齡維度,0.0,女,遷出,新北市內,0
110,9,8,蘆洲區,,,,無年齡維度,0.0,男,遷出,新北市內,0
110,9,8,蘆洲區,,,,無年齡維度,0.0,女,遷出,桃園市,73
110,9,8,蘆洲區,,,,無年齡維度,0.0,男,遷出,桃園市,57
110,9,8,蘆洲區,,,,無年齡維度,0.0,女,遷出,福建省,4
110,9,8,蘆洲區,,,,無年齡維度,0.0,男,遷出,福建省,4
110,9,8,蘆洲區,,,,無年齡維度,0.0,女,遷出,臺中市,3
110,9,8,蘆洲區,,,,無年齡維度,0.0,男,遷出,臺中市,5
110,9,8,蘆洲區,,,,無年齡維度,0.0,女,遷出,臺北市,8
110,9,8,蘆洲區,,,,無年齡維度,0.0,男,遷出,臺北市,9
110,9,8,蘆洲區,,,,無年齡維度,0.0,女,遷出,臺南市,1
110,9,8,蘆洲區,,,,無年齡維度,0.0,男,遷出,臺南市,1
110,9,8,蘆洲區,,,,無年齡維度,0.0,女,遷出,臺灣省,26
110,9,8,蘆洲區,,,,無年齡維度,0.0,男,遷出,臺灣省,22
110,9,8,蘆洲區,,,,無年齡維度,0.0,女,遷出,高雄市,0
110,9,8,蘆洲區,,,,無年齡維度,0.0,男,遷出,高雄市,1
110,9,9,樹林區,,,,無年齡維度,0.0,女,遷入,migrants,178
110,9,9,樹林區,,,,無年齡維度,0.0,男,遷入,migrants,157
110,9,9,樹林區,,,,無年齡維度,0.0,女,遷入,other,0
110,9,9,樹林區,,,,無年齡維度,0.0,男,遷入,other,0
110,9,9,樹林區,,,,無年齡維度,0.0,女,遷入,其他縣市,0
110,9,9,樹林區,,,,無年齡維度,0.0,男,遷入,其他縣市,0
110,9,9,樹林區,,,,無年齡維度,0.0,女,遷入,其他鄉鎮,143
110,9,9,樹林區,,,,無年齡維度,0.0,男,遷入,其他鄉鎮,101
110,9,9,樹林區,,,,無年齡維度,0.0,女,遷入,合計,256
110,9,9,樹林區,,,,無年齡維度,0.0,男,遷入,合計,186
110,9,9,樹林區,,,,無年齡維度,0.0,女,遷入,國外,3
110,9,9,樹林區,,,,無年齡維度,0.0,男,遷入,國外,4
110,9,9,樹林區,,,,無年齡維度,0.0,女,遷入,新北市內,0
110,9,9,樹林區,,,,無年齡維度,0.0,男,遷入,新北市內,0
110,9,9,樹林區,,,,無年齡維度,0.0,女,遷入,桃園市,30
110,9,9,樹林區,,,,無年齡維度,0.0,男,遷入,桃園市,19
110,9,9,樹林區,,,,無年齡維度,0.0,女,遷入,福建省,6
110,9,9,樹林區,,,,無年齡維度,0.0,男,遷入,福建省,1
110,9,9,樹林區,,,,無年齡維度,0.0,女,遷入,臺中市,6
110,9,9,樹林區,,,,無年齡維度,0.0,男,遷入,臺中市,6
110,9,9,樹林區,,,,無年齡維度,0.0,女,遷入,臺北市,34
110,9,9,樹林區,,,,無年齡維度,0.0,男,遷入,臺北市,34
110,9,9,樹林區,,,,無年齡維度,0.0,女,遷入,臺南市,4
110,9,9,樹林區,,,,無年齡維度,0.0,男,遷入,臺南市,1
110,9,9,樹林區,,,,無年齡維度,0.0,女,遷入,臺灣省,16
110,9,9,樹林區,,,,無年齡維度,0.0,男,遷入,臺灣省,17
110,9,9,樹林區,,,,無年齡維度,0.0,女,遷入,高雄市,6
110,9,9,樹林區,,,,無年齡維度,0.0,男,遷入,高雄市,2
110,9,9,樹林區,,,,無年齡維度,0.0,女,遷出,migrants,178
110,9,9,樹林區,,,,無年齡維度,0.0,男,遷出,migrants,157
110,9,9,樹林區,,,,無年齡維度,0.0,女,遷出,other,0
110,9,9,樹林區,,,,無年齡維度,0.0,男,遷出,other,0
110,9,9,樹林區,,,,無年齡維度,0.0,女,遷出,其他縣市,0
110,9,9,樹林區,,,,無年齡維度,0.0,男,遷出,其他縣市,0
110,9,9,樹林區,,,,無年齡維度,0.0,女,遷出,其他鄉鎮,120
110,9,9,樹林區,,,,無年齡維度,0.0,男,遷出,其他鄉鎮,89
110,9,9,樹林區,,,,無年齡維度,0.0,女,遷出,合計,290
110,9,9,樹林區,,,,無年齡維度,0.0,男,遷出,合計,231
110,9,9,樹林區,,,,無年齡維度,0.0,女,遷出,國外,65
110,9,9,樹林區,,,,無年齡維度,0.0,男,遷出,國外,63
110,9,9,樹林區,,,,無年齡維度,0.0,女,遷出,新北市內,0
110,9,9,樹林區,,,,無年齡維度,0.0,男,遷出,新北市內,0
110,9,9,樹林區,,,,無年齡維度,0.0,女,遷出,桃園市,37
110,9,9,樹林區,,,,無年齡維度,0.0,男,遷出,桃園市,26
110,9,9,樹林區,,,,無年齡維度,0.0,女,遷出,福建省,4
110,9,9,樹林區,,,,無年齡維度,0.0,男,遷出,福建省,5
110,9,9,樹林區,,,,無年齡維度,0.0,女,遷出,臺中市,1
110,9,9,樹林區,,,,無年齡維度,0.0,男,遷出,臺中市,4
110,9,9,樹林區,,,,無年齡維度,0.0,女,遷出,臺北市,21
110,9,9,樹林區,,,,無年齡維度,0.0,男,遷出,臺北市,16
110,9,9,樹林區,,,,無年齡維度,0.0,女,遷出,臺南市,8
110,9,9,樹林區,,,,無年齡維度,0.0,男,遷出,臺南市,2
110,9,9,樹林區,,,,無年齡維度,0.0,女,遷出,臺灣省,26
110,9,9,樹林區,,,,無年齡維度,0.0,男,遷出,臺灣省,22
110,9,9,樹林區,,,,無年齡維度,0.0,女,遷出,高雄市,8
110,9,9,樹林區,,,,無年齡維度,0.0,男,遷出,高雄市,4
110,9,10,鶯歌區,,,,無年齡維度,0.0,女,遷入,migrants,405
110,9,10,鶯歌區,,,,無年齡維度,0.0,男,遷入,migrants,331
110,9,10,鶯歌區,,,,無年齡維度,0.0,女,遷入,other,0
110,9,10,鶯歌區,,,,無年齡維度,0.0,男,遷入,other,0
110,9,10,鶯歌區,,,,無年齡維度,0.0,女,遷入,其他縣市,0
110,9,10,鶯歌區,,,,無年齡維度,0.0,男,遷入,其他縣市,0
110,9,10,鶯歌區,,,,無年齡維度,0.0,女,遷入,其他鄉鎮,185
110,9,10,鶯歌區,,,,無年齡維度,0.0,男,遷入,其他鄉鎮,141
110,9,10,鶯歌區,,,,無年齡維度,0.0,女,遷入,合計,593
110,9,10,鶯歌區,,,,無年齡維度,0.0,男,遷入,合計,499
110,9,10,鶯歌區,,,,無年齡維度,0.0,女,遷入,國外,5
110,9,10,鶯歌區,,,,無年齡維度,0.0,男,遷入,國外,1
110,9,10,鶯歌區,,,,無年齡維度,0.0,女,遷入,新北市內,0
110,9,10,鶯歌區,,,,無年齡維度,0.0,男,遷入,新北市內,0
110,9,10,鶯歌區,,,,無年齡維度,0.0,女,遷入,桃園市,17
110,9,10,鶯歌區,,,,無年齡維度,0.0,男,遷入,桃園市,23
110,9,10,鶯歌區,,,,無年齡維度,0.0,女,遷入,福建省,1
110,9,10,鶯歌區,,,,無年齡維度,0.0,男,遷入,福建省,2
110,9,10,鶯歌區,,,,無年齡維度,0.0,女,遷入,臺中市,13
110,9,10,鶯歌區,,,,無年齡維度,0.0,男,遷入,臺中市,8
110,9,10,鶯歌區,,,,無年齡維度,0.0,女,遷入,臺北市,305
110,9,10,鶯歌區,,,,無年齡維度,0.0,男,遷入,臺北市,268
110,9,10,鶯歌區,,,,無年齡維度,0.0,女,遷入,臺南市,9
110,9,10,鶯歌區,,,,無年齡維度,0.0,男,遷入,臺南市,6
110,9,10,鶯歌區,,,,無年齡維度,0.0,女,遷入,臺灣省,42
110,9,10,鶯歌區,,,,無年齡維度,0.0,男,遷入,臺灣省,30
110,9,10,鶯歌區,,,,無年齡維度,0.0,女,遷入,高雄市,10
110,9,10,鶯歌區,,,,無年齡維度,0.0,男,遷入,高雄市,15
110,9,10,鶯歌區,,,,無年齡維度,0.0,女,遷出,migrants,405
110,9,10,鶯歌區,,,,無年齡維度,0.0,男,遷出,migrants,331
110,9,10,鶯歌區,,,,無年齡維度,0.0,女,遷出,other,0
110,9,10,鶯歌區,,,,無年齡維度,0.0,男,遷出,other,0
110,9,10,鶯歌區,,,,無年齡維度,0.0,女,遷出,其他縣市,0
110,9,10,鶯歌區,,,,無年齡維度,0.0,男,遷出,其他縣市,0
110,9,10,鶯歌區,,,,無年齡維度,0.0,女,遷出,其他鄉鎮,103
110,9,10,鶯歌區,,,,無年齡維度,0.0,男,遷出,其他鄉鎮,62
110,9,10,鶯歌區,,,,無年齡維度,0.0,女,遷出,合計,464
110,9,10,鶯歌區,,,,無年齡維度,0.0,男,遷出,合計,369
110,9,10,鶯歌區,,,,無年齡維度,0.0,女,遷出,國外,159
110,9,10,鶯歌區,,,,無年齡維度,0.0,男,遷出,國外,140
110,9,10,鶯歌區,,,,無年齡維度,0.0,女,遷出,新北市內,0
110,9,10,鶯歌區,,,,無年齡維度,0.0,男,遷出,新北市內,0
110,9,10,鶯歌區,,,,無年齡維度,0.0,女,遷出,桃園市,15
110,9,10,鶯歌區,,,,無年齡維度,0.0,男,遷出,桃園市,12
110,9,10,鶯歌區,,,,無年齡維度,0.0,女,遷出,福建省,8
110,9,10,鶯歌區,,,,無年齡維度,0.0,男,遷出,福建省,8
110,9,10,鶯歌區,,,,無年齡維度,0.0,女,遷出,臺中市,6
110,9,10,鶯歌區,,,,無年齡維度,0.0,男,遷出,臺中市,5
110,9,10,鶯歌區,,,,無年齡維度,0.0,女,遷出,臺北市,124
110,9,10,鶯歌區,,,,無年齡維度,0.0,男,遷出,臺北市,93
110,9,10,鶯歌區,,,,無年齡維度,0.0,女,遷出,臺南市,7
110,9,10,鶯歌區,,,,無年齡維度,0.0,男,遷出,臺南市,8
110,9,10,鶯歌區,,,,無年齡維度,0.0,女,遷出,臺灣省,30
110,9,10,鶯歌區,,,,無年齡維度,0.0,男,遷出,臺灣省,29
110,9,10,鶯歌區,,,,無年齡維度,0.0,女,遷出,高雄市,11
110,9,10,鶯歌區,,,,無年齡維度,0.0,男,遷出,高雄市,12
110,9,11,三峽區,,,,無年齡維度,0.0,女,遷入,migrants,349
110,9,11,三峽區,,,,無年齡維度,0.0,男,遷入,migrants,315
110,9,11,三峽區,,,,無年齡維度,0.0,女,遷入,other,0
110,9,11,三峽區,,,,無年齡維度,0.0,男,遷入,other,0
110,9,11,三峽區,,,,無年齡維度,0.0,女,遷入,其他縣市,0
110,9,11,三峽區,,,,無年齡維度,0.0,男,遷入,其他縣市,0
110,9,11,三峽區,,,,無年齡維度,0.0,女,遷入,其他鄉鎮,94
110,9,11,三峽區,,,,無年齡維度,0.0,男,遷入,其他鄉鎮,70
110,9,11,三峽區,,,,無年齡維度,0.0,女,遷入,合計,653
110,9,11,三峽區,,,,無年齡維度,0.0,男,遷入,合計,573
110,9,11,三峽區,,,,無年齡維度,0.0,女,遷入,國外,2
110,9,11,三峽區,,,,無年齡維度,0.0,男,遷入,國外,9
110,9,11,三峽區,,,,無年齡維度,0.0,女,遷入,新北市內,0
110,9,11,三峽區,,,,無年齡維度,0.0,男,遷入,新北市內,0
110,9,11,三峽區,,,,無年齡維度,0.0,女,遷入,桃園市,25
110,9,11,三峽區,,,,無年齡維度,0.0,男,遷入,桃園市,16
110,9,11,三峽區,,,,無年齡維度,0.0,女,遷入,福建省,2
110,9,11,三峽區,,,,無年齡維度,0.0,男,遷入,福建省,1
110,9,11,三峽區,,,,無年齡維度,0.0,女,遷入,臺中市,11
110,9,11,三峽區,,,,無年齡維度,0.0,男,遷入,臺中市,12
110,9,11,三峽區,,,,無年齡維度,0.0,女,遷入,臺北市,411
110,9,11,三峽區,,,,無年齡維度,0.0,男,遷入,臺北市,369
110,9,11,三峽區,,,,無年齡維度,0.0,女,遷入,臺南市,9
110,9,11,三峽區,,,,無年齡維度,0.0,男,遷入,臺南市,13
110,9,11,三峽區,,,,無年齡維度,0.0,女,遷入,臺灣省,80
110,9,11,三峽區,,,,無年齡維度,0.0,男,遷入,臺灣省,67
110,9,11,三峽區,,,,無年齡維度,0.0,女,遷入,高雄市,15
110,9,11,三峽區,,,,無年齡維度,0.0,男,遷入,高雄市,14
110,9,11,三峽區,,,,無年齡維度,0.0,女,遷出,migrants,349
110,9,11,三峽區,,,,無年齡維度,0.0,男,遷出,migrants,315
110,9,11,三峽區,,,,無年齡維度,0.0,女,遷出,other,0
110,9,11,三峽區,,,,無年齡維度,0.0,男,遷出,other,0
110,9,11,三峽區,,,,無年齡維度,0.0,女,遷出,其他縣市,0
110,9,11,三峽區,,,,無年齡維度,0.0,男,遷出,其他縣市,0
110,9,11,三峽區,,,,無年齡維度,0.0,女,遷出,其他鄉鎮,94
110,9,11,三峽區,,,,無年齡維度,0.0,男,遷出,其他鄉鎮,59
110,9,11,三峽區,,,,無年齡維度,0.0,女,遷出,合計,547
110,9,11,三峽區,,,,無年齡維度,0.0,男,遷出,合計,440
110,9,11,三峽區,,,,無年齡維度,0.0,女,遷出,國外,126
110,9,11,三峽區,,,,無年齡維度,0.0,男,遷出,國外,88
110,9,11,三峽區,,,,無年齡維度,0.0,女,遷出,新北市內,0
110,9,11,三峽區,,,,無年齡維度,0.0,男,遷出,新北市內,0
110,9,11,三峽區,,,,無年齡維度,0.0,女,遷出,桃園市,23
110,9,11,三峽區,,,,無年齡維度,0.0,男,遷出,桃園市,33
110,9,11,三峽區,,,,無年齡維度,0.0,女,遷出,福建省,3
110,9,11,三峽區,,,,無年齡維度,0.0,男,遷出,福建省,6
110,9,11,三峽區,,,,無年齡維度,0.0,女,遷出,臺中市,13
110,9,11,三峽區,,,,無年齡維度,0.0,男,遷出,臺中市,9
110,9,11,三峽區,,,,無年齡維度,0.0,女,遷出,臺北市,196
110,9,11,三峽區,,,,無年齡維度,0.0,男,遷出,臺北市,168
110,9,11,三峽區,,,,無年齡維度,0.0,女,遷出,臺南市,2
110,9,11,三峽區,,,,無年齡維度,0.0,男,遷出,臺南市,4
110,9,11,三峽區,,,,無年齡維度,0.0,女,遷出,臺灣省,86
110,9,11,三峽區,,,,無年齡維度,0.0,男,遷出,臺灣省,67
110,9,11,三峽區,,,,無年齡維度,0.0,女,遷出,高雄市,4
110,9,11,三峽區,,,,無年齡維度,0.0,男,遷出,高雄市,6
110,9,12,淡水區,,,,無年齡維度,0.0,女,遷入,migrants,39
110,9,12,淡水區,,,,無年齡維度,0.0,男,遷入,migrants,38
110,9,12,淡水區,,,,無年齡維度,0.0,女,遷入,other,0
110,9,12,淡水區,,,,無年齡維度,0.0,男,遷入,other,0
110,9,12,淡水區,,,,無年齡維度,0.0,女,遷入,其他縣市,0
110,9,12,淡水區,,,,無年齡維度,0.0,男,遷入,其他縣市,0
110,9,12,淡水區,,,,無年齡維度,0.0,女,遷入,其他鄉鎮,17
110,9,12,淡水區,,,,無年齡維度,0.0,男,遷入,其他鄉鎮,1
110,9,12,淡水區,,,,無年齡維度,0.0,女,遷入,合計,61
110,9,12,淡水區,,,,無年齡維度,0.0,男,遷入,合計,32
110,9,12,淡水區,,,,無年齡維度,0.0,女,遷入,國外,2
110,9,12,淡水區,,,,無年齡維度,0.0,男,遷入,國外,0
110,9,12,淡水區,,,,無年齡維度,0.0,女,遷入,新北市內,0
110,9,12,淡水區,,,,無年齡維度,0.0,男,遷入,新北市內,0
110,9,12,淡水區,,,,無年齡維度,0.0,女,遷入,桃園市,7
110,9,12,淡水區,,,,無年齡維度,0.0,男,遷入,桃園市,8
110,9,12,淡水區,,,,無年齡維度,0.0,女,遷入,福建省,0
110,9,12,淡水區,,,,無年齡維度,0.0,男,遷入,福建省,0
110,9,12,淡水區,,,,無年齡維度,0.0,女,遷入,臺中市,1
110,9,12,淡水區,,,,無年齡維度,0.0,男,遷入,臺中市,0
110,9,12,淡水區,,,,無年齡維度,0.0,女,遷入,臺北市,13
110,9,12,淡水區,,,,無年齡維度,0.0,男,遷入,臺北市,6
110,9,12,淡水區,,,,無年齡維度,0.0,女,遷入,臺南市,0
110,9,12,淡水區,,,,無年齡維度,0.0,男,遷入,臺南市,0
110,9,12,淡水區,,,,無年齡維度,0.0,女,遷入,臺灣省,16
110,9,12,淡水區,,,,無年齡維度,0.0,男,遷入,臺灣省,15
110,9,12,淡水區,,,,無年齡維度,0.0,女,遷入,高雄市,3
110,9,12,淡水區,,,,無年齡維度,0.0,男,遷入,高雄市,1
110,9,12,淡水區,,,,無年齡維度,0.0,女,遷出,migrants,39
110,9,12,淡水區,,,,無年齡維度,0.0,男,遷出,migrants,38
110,9,12,淡水區,,,,無年齡維度,0.0,女,遷出,other,0
110,9,12,淡水區,,,,無年齡維度,0.0,男,遷出,other,0
110,9,12,淡水區,,,,無年齡維度,0.0,女,遷出,其他縣市,0
110,9,12,淡水區,,,,無年齡維度,0.0,男,遷出,其他縣市,0
110,9,12,淡水區,,,,無年齡維度,0.0,女,遷出,其他鄉鎮,20
110,9,12,淡水區,,,,無年齡維度,0.0,男,遷出,其他鄉鎮,9
110,9,12,淡水區,,,,無年齡維度,0.0,女,遷出,合計,87
110,9,12,淡水區,,,,無年齡維度,0.0,男,遷出,合計,60
110,9,12,淡水區,,,,無年齡維度,0.0,女,遷出,國外,12
110,9,12,淡水區,,,,無年齡維度,0.0,男,遷出,國外,11
110,9,12,淡水區,,,,無年齡維度,0.0,女,遷出,新北市內,0
110,9,12,淡水區,,,,無年齡維度,0.0,男,遷出,新北市內,0
110,9,12,淡水區,,,,無年齡維度,0.0,女,遷出,桃園市,5
110,9,12,淡水區,,,,無年齡維度,0.0,男,遷出,桃園市,3
110,9,12,淡水區,,,,無年齡維度,0.0,女,遷出,福建省,2
110,9,12,淡水區,,,,無年齡維度,0.0,男,遷出,福建省,0
110,9,12,淡水區,,,,無年齡維度,0.0,女,遷出,臺中市,0
110,9,12,淡水區,,,,無年齡維度,0.0,男,遷出,臺中市,0
110,9,12,淡水區,,,,無年齡維度,0.0,女,遷出,臺北市,11
110,9,12,淡水區,,,,無年齡維度,0.0,男,遷出,臺北市,3
110,9,12,淡水區,,,,無年齡維度,0.0,女,遷出,臺南市,1
110,9,12,淡水區,,,,無年齡維度,0.0,男,遷出,臺南市,0
110,9,12,淡水區,,,,無年齡維度,0.0,女,遷出,臺灣省,35
110,9,12,淡水區,,,,無年齡維度,0.0,男,遷出,臺灣省,34
110,9,12,淡水區,,,,無年齡維度,0.0,女,遷出,高雄市,1
110,9,12,淡水區,,,,無年齡維度,0.0,男,遷出,高雄市,0
110,9,13,汐止區,,,,無年齡維度,0.0,女,遷入,migrants,411
110,9,13,汐止區,,,,無年齡維度,0.0,男,遷入,migrants,356
110,9,13,汐止區,,,,無年齡維度,0.0,女,遷入,other,0
110,9,13,汐止區,,,,無年齡維度,0.0,男,遷入,other,0
110,9,13,汐止區,,,,無年齡維度,0.0,女,遷入,其他縣市,0
110,9,13,汐止區,,,,無年齡維度,0.0,男,遷入,其他縣市,0
110,9,13,汐止區,,,,無年齡維度,0.0,女,遷入,其他鄉鎮,266
110,9,13,汐止區,,,,無年齡維度,0.0,男,遷入,其他鄉鎮,200
110,9,13,汐止區,,,,無年齡維度,0.0,女,遷入,合計,503
110,9,13,汐止區,,,,無年齡維度,0.0,男,遷入,合計,398
110,9,13,汐止區,,,,無年齡維度,0.0,女,遷入,國外,2
110,9,13,汐止區,,,,無年齡維度,0.0,男,遷入,國外,3
110,9,13,汐止區,,,,無年齡維度,0.0,女,遷入,新北市內,0
110,9,13,汐止區,,,,無年齡維度,0.0,男,遷入,新北市內,0
110,9,13,汐止區,,,,無年齡維度,0.0,女,遷入,桃園市,41
110,9,13,汐止區,,,,無年齡維度,0.0,男,遷入,桃園市,27
110,9,13,汐止區,,,,無年齡維度,0.0,女,遷入,福建省,2
110,9,13,汐止區,,,,無年齡維度,0.0,男,遷入,福建省,5
110,9,13,汐止區,,,,無年齡維度,0.0,女,遷入,臺中市,13
110,9,13,汐止區,,,,無年齡維度,0.0,男,遷入,臺中市,10
110,9,13,汐止區,,,,無年齡維度,0.0,女,遷入,臺北市,95
110,9,13,汐止區,,,,無年齡維度,0.0,男,遷入,臺北市,103
110,9,13,汐止區,,,,無年齡維度,0.0,女,遷入,臺南市,7
110,9,13,汐止區,,,,無年齡維度,0.0,男,遷入,臺南市,6
110,9,13,汐止區,,,,無年齡維度,0.0,女,遷入,臺灣省,53
110,9,13,汐止區,,,,無年齡維度,0.0,男,遷入,臺灣省,34
110,9,13,汐止區,,,,無年齡維度,0.0,女,遷入,高雄市,15
110,9,13,汐止區,,,,無年齡維度,0.0,男,遷入,高雄市,7
110,9,13,汐止區,,,,無年齡維度,0.0,女,遷出,migrants,411
110,9,13,汐止區,,,,無年齡維度,0.0,男,遷出,migrants,356
110,9,13,汐止區,,,,無年齡維度,0.0,女,遷出,other,0
110,9,13,汐止區,,,,無年齡維度,0.0,男,遷出,other,0
110,9,13,汐止區,,,,無年齡維度,0.0,女,遷出,其他縣市,0
110,9,13,汐止區,,,,無年齡維度,0.0,男,遷出,其他縣市,0
110,9,13,汐止區,,,,無年齡維度,0.0,女,遷出,其他鄉鎮,246
110,9,13,汐止區,,,,無年齡維度,0.0,男,遷出,其他鄉鎮,213
110,9,13,汐止區,,,,無年齡維度,0.0,女,遷出,合計,598
110,9,13,汐止區,,,,無年齡維度,0.0,男,遷出,合計,486
110,9,13,汐止區,,,,無年齡維度,0.0,女,遷出,國外,145
110,9,13,汐止區,,,,無年齡維度,0.0,男,遷出,國外,101
110,9,13,汐止區,,,,無年齡維度,0.0,女,遷出,新北市內,0
110,9,13,汐止區,,,,無年齡維度,0.0,男,遷出,新北市內,0
110,9,13,汐止區,,,,無年齡維度,0.0,女,遷出,桃園市,60
110,9,13,汐止區,,,,無年齡維度,0.0,男,遷出,桃園市,46
110,9,13,汐止區,,,,無年齡維度,0.0,女,遷出,福建省,10
110,9,13,汐止區,,,,無年齡維度,0.0,男,遷出,福建省,8
110,9,13,汐止區,,,,無年齡維度,0.0,女,遷出,臺中市,6
110,9,13,汐止區,,,,無年齡維度,0.0,男,遷出,臺中市,6
110,9,13,汐止區,,,,無年齡維度,0.0,女,遷出,臺北市,55
110,9,13,汐止區,,,,無年齡維度,0.0,男,遷出,臺北市,50
110,9,13,汐止區,,,,無年齡維度,0.0,女,遷出,臺南市,13
110,9,13,汐止區,,,,無年齡維度,0.0,男,遷出,臺南市,5
110,9,13,汐止區,,,,無年齡維度,0.0,女,遷出,臺灣省,55
110,9,13,汐止區,,,,無年齡維度,0.0,男,遷出,臺灣省,52
110,9,13,汐止區,,,,無年齡維度,0.0,女,遷出,高雄市,8
110,9,13,汐止區,,,,無年齡維度,0.0,男,遷出,高雄市,5
110,9,14,瑞芳區,,,,無年齡維度,0.0,女,遷入,migrants,292
110,9,14,瑞芳區,,,,無年齡維度,0.0,男,遷入,migrants,240
110,9,14,瑞芳區,,,,無年齡維度,0.0,女,遷入,other,0
110,9,14,瑞芳區,,,,無年齡維度,0.0,男,遷入,other,0
110,9,14,瑞芳區,,,,無年齡維度,0.0,女,遷入,其他縣市,0
110,9,14,瑞芳區,,,,無年齡維度,0.0,男,遷入,其他縣市,0
110,9,14,瑞芳區,,,,無年齡維度,0.0,女,遷入,其他鄉鎮,211
110,9,14,瑞芳區,,,,無年齡維度,0.0,男,遷入,其他鄉鎮,146
110,9,14,瑞芳區,,,,無年齡維度,0.0,女,遷入,合計,440
110,9,14,瑞芳區,,,,無年齡維度,0.0,男,遷入,合計,350
110,9,14,瑞芳區,,,,無年齡維度,0.0,女,遷入,國外,2
110,9,14,瑞芳區,,,,無年齡維度,0.0,男,遷入,國外,4
110,9,14,瑞芳區,,,,無年齡維度,0.0,女,遷入,新北市內,0
110,9,14,瑞芳區,,,,無年齡維度,0.0,男,遷入,新北市內,0
110,9,14,瑞芳區,,,,無年齡維度,0.0,女,遷入,桃園市,22
110,9,14,瑞芳區,,,,無年齡維度,0.0,男,遷入,桃園市,11
110,9,14,瑞芳區,,,,無年齡維度,0.0,女,遷入,福建省,0
110,9,14,瑞芳區,,,,無年齡維度,0.0,男,遷入,福建省,1
110,9,14,瑞芳區,,,,無年齡維度,0.0,女,遷入,臺中市,6
110,9,14,瑞芳區,,,,無年齡維度,0.0,男,遷入,臺中市,6
110,9,14,瑞芳區,,,,無年齡維度,0.0,女,遷入,臺北市,143
110,9,14,瑞芳區,,,,無年齡維度,0.0,男,遷入,臺北市,142
110,9,14,瑞芳區,,,,無年齡維度,0.0,女,遷入,臺南市,6
110,9,14,瑞芳區,,,,無年齡維度,0.0,男,遷入,臺南市,4
110,9,14,瑞芳區,,,,無年齡維度,0.0,女,遷入,臺灣省,43
110,9,14,瑞芳區,,,,無年齡維度,0.0,男,遷入,臺灣省,31
110,9,14,瑞芳區,,,,無年齡維度,0.0,女,遷入,高雄市,3
110,9,14,瑞芳區,,,,無年齡維度,0.0,男,遷入,高雄市,3
110,9,14,瑞芳區,,,,無年齡維度,0.0,女,遷出,migrants,292
110,9,14,瑞芳區,,,,無年齡維度,0.0,男,遷出,migrants,240
110,9,14,瑞芳區,,,,無年齡維度,0.0,女,遷出,other,0
110,9,14,瑞芳區,,,,無年齡維度,0.0,男,遷出,other,0
110,9,14,瑞芳區,,,,無年齡維度,0.0,女,遷出,其他縣市,0
110,9,14,瑞芳區,,,,無年齡維度,0.0,男,遷出,其他縣市,0
110,9,14,瑞芳區,,,,無年齡維度,0.0,女,遷出,其他鄉鎮,215
110,9,14,瑞芳區,,,,無年齡維度,0.0,男,遷出,其他鄉鎮,174
110,9,14,瑞芳區,,,,無年齡維度,0.0,女,遷出,合計,493
110,9,14,瑞芳區,,,,無年齡維度,0.0,男,遷出,合計,398
110,9,14,瑞芳區,,,,無年齡維度,0.0,女,遷出,國外,101
110,9,14,瑞芳區,,,,無年齡維度,0.0,男,遷出,國外,67
110,9,14,瑞芳區,,,,無年齡維度,0.0,女,遷出,新北市內,0
110,9,14,瑞芳區,,,,無年齡維度,0.0,男,遷出,新北市內,0
110,9,14,瑞芳區,,,,無年齡維度,0.0,女,遷出,桃園市,32
110,9,14,瑞芳區,,,,無年齡維度,0.0,男,遷出,桃園市,22
110,9,14,瑞芳區,,,,無年齡維度,0.0,女,遷出,福建省,4
110,9,14,瑞芳區,,,,無年齡維度,0.0,男,遷出,福建省,5
110,9,14,瑞芳區,,,,無年齡維度,0.0,女,遷出,臺中市,7
110,9,14,瑞芳區,,,,無年齡維度,0.0,男,遷出,臺中市,9
110,9,14,瑞芳區,,,,無年齡維度,0.0,女,遷出,臺北市,85
110,9,14,瑞芳區,,,,無年齡維度,0.0,男,遷出,臺北市,66
110,9,14,瑞芳區,,,,無年齡維度,0.0,女,遷出,臺南市,5
110,9,14,瑞芳區,,,,無年齡維度,0.0,男,遷出,臺南市,4
110,9,14,瑞芳區,,,,無年齡維度,0.0,女,遷出,臺灣省,40
110,9,14,瑞芳區,,,,無年齡維度,0.0,男,遷出,臺灣省,46
110,9,14,瑞芳區,,,,無年齡維度,0.0,女,遷出,高雄市,4
110,9,14,瑞芳區,,,,無年齡維度,0.0,男,遷出,高雄市,5
110,9,15,五股區,,,,無年齡維度,0.0,女,遷入,migrants,90
110,9,15,五股區,,,,無年齡維度,0.0,男,遷入,migrants,82
110,9,15,五股區,,,,無年齡維度,0.0,女,遷入,other,0
110,9,15,五股區,,,,無年齡維度,0.0,男,遷入,other,0
110,9,15,五股區,,,,無年齡維度,0.0,女,遷入,其他縣市,0
110,9,15,五股區,,,,無年齡維度,0.0,男,遷入,其他縣市,0
110,9,15,五股區,,,,無年齡維度,0.0,女,遷入,其他鄉鎮,215
110,9,15,五股區,,,,無年齡維度,0.0,男,遷入,其他鄉鎮,168
110,9,15,五股區,,,,無年齡維度,0.0,女,遷入,合計,346
110,9,15,五股區,,,,無年齡維度,0.0,男,遷入,合計,277
110,9,15,五股區,,,,無年齡維度,0.0,女,遷入,國外,3
110,9,15,五股區,,,,無年齡維度,0.0,男,遷入,國外,2
110,9,15,五股區,,,,無年齡維度,0.0,女,遷入,新北市內,0
110,9,15,五股區,,,,無年齡維度,0.0,男,遷入,新北市內,0
110,9,15,五股區,,,,無年齡維度,0.0,女,遷入,桃園市,16
110,9,15,五股區,,,,無年齡維度,0.0,男,遷入,桃園市,12
110,9,15,五股區,,,,無年齡維度,0.0,女,遷入,福建省,0
110,9,15,五股區,,,,無年齡維度,0.0,男,遷入,福建省,1
110,9,15,五股區,,,,無年齡維度,0.0,女,遷入,臺中市,10
110,9,15,五股區,,,,無年齡維度,0.0,男,遷入,臺中市,3
110,9,15,五股區,,,,無年齡維度,0.0,女,遷入,臺北市,61
110,9,15,五股區,,,,無年齡維度,0.0,男,遷入,臺北市,57
110,9,15,五股區,,,,無年齡維度,0.0,女,遷入,臺南市,2
110,9,15,五股區,,,,無年齡維度,0.0,男,遷入,臺南市,3
110,9,15,五股區,,,,無年齡維度,0.0,女,遷入,臺灣省,30
110,9,15,五股區,,,,無年齡維度,0.0,男,遷入,臺灣省,26
110,9,15,五股區,,,,無年齡維度,0.0,女,遷入,高雄市,5
110,9,15,五股區,,,,無年齡維度,0.0,男,遷入,高雄市,3
110,9,15,五股區,,,,無年齡維度,0.0,女,遷出,migrants,90
110,9,15,五股區,,,,無年齡維度,0.0,男,遷出,migrants,82
110,9,15,五股區,,,,無年齡維度,0.0,女,遷出,other,0
110,9,15,五股區,,,,無年齡維度,0.0,男,遷出,other,0
110,9,15,五股區,,,,無年齡維度,0.0,女,遷出,其他縣市,0
110,9,15,五股區,,,,無年齡維度,0.0,男,遷出,其他縣市,0
110,9,15,五股區,,,,無年齡維度,0.0,女,遷出,其他鄉鎮,129
110,9,15,五股區,,,,無年齡維度,0.0,男,遷出,其他鄉鎮,115
110,9,15,五股區,,,,無年齡維度,0.0,女,遷出,合計,234
110,9,15,五股區,,,,無年齡維度,0.0,男,遷出,合計,224
110,9,15,五股區,,,,無年齡維度,0.0,女,遷出,國外,52
110,9,15,五股區,,,,無年齡維度,0.0,男,遷出,國外,45
110,9,15,五股區,,,,無年齡維度,0.0,女,遷出,新北市內,0
110,9,15,五股區,,,,無年齡維度,0.0,男,遷出,新北市內,0
110,9,15,五股區,,,,無年齡維度,0.0,女,遷出,桃園市,11
110,9,15,五股區,,,,無年齡維度,0.0,男,遷出,桃園市,15
110,9,15,五股區,,,,無年齡維度,0.0,女,遷出,福建省,2
110,9,15,五股區,,,,無年齡維度,0.0,男,遷出,福建省,5
110,9,15,五股區,,,,無年齡維度,0.0,女,遷出,臺中市,3
110,9,15,五股區,,,,無年齡維度,0.0,男,遷出,臺中市,4
110,9,15,五股區,,,,無年齡維度,0.0,女,遷出,臺北市,15
110,9,15,五股區,,,,無年齡維度,0.0,男,遷出,臺北市,14
110,9,15,五股區,,,,無年齡維度,0.0,女,遷出,臺南市,1
110,9,15,五股區,,,,無年齡維度,0.0,男,遷出,臺南市,5
110,9,15,五股區,,,,無年齡維度,0.0,女,遷出,臺灣省,15
110,9,15,五股區,,,,無年齡維度,0.0,男,遷出,臺灣省,17
110,9,15,五股區,,,,無年齡維度,0.0,女,遷出,高雄市,6
110,9,15,五股區,,,,無年齡維度,0.0,男,遷出,高雄市,4
110,9,16,泰山區,,,,無年齡維度,0.0,女,遷入,migrants,118
110,9,16,泰山區,,,,無年齡維度,0.0,男,遷入,migrants,111
110,9,16,泰山區,,,,無年齡維度,0.0,女,遷入,other,0
110,9,16,泰山區,,,,無年齡維度,0.0,男,遷入,other,0
110,9,16,泰山區,,,,無年齡維度,0.0,女,遷入,其他縣市,0
110,9,16,泰山區,,,,無年齡維度,0.0,男,遷入,其他縣市,0
110,9,16,泰山區,,,,無年齡維度,0.0,女,遷入,其他鄉鎮,99
110,9,16,泰山區,,,,無年齡維度,0.0,男,遷入,其他鄉鎮,81
110,9,16,泰山區,,,,無年齡維度,0.0,女,遷入,合計,170
110,9,16,泰山區,,,,無年齡維度,0.0,男,遷入,合計,134
110,9,16,泰山區,,,,無年齡維度,0.0,女,遷入,國外,3
110,9,16,泰山區,,,,無年齡維度,0.0,男,遷入,國外,0
110,9,16,泰山區,,,,無年齡維度,0.0,女,遷入,新北市內,0
110,9,16,泰山區,,,,無年齡維度,0.0,男,遷入,新北市內,0
110,9,16,泰山區,,,,無年齡維度,0.0,女,遷入,桃園市,18
110,9,16,泰山區,,,,無年齡維度,0.0,男,遷入,桃園市,14
110,9,16,泰山區,,,,無年齡維度,0.0,女,遷入,福建省,0
110,9,16,泰山區,,,,無年齡維度,0.0,男,遷入,福建省,0
110,9,16,泰山區,,,,無年齡維度,0.0,女,遷入,臺中市,3
110,9,16,泰山區,,,,無年齡維度,0.0,男,遷入,臺中市,1
110,9,16,泰山區,,,,無年齡維度,0.0,女,遷入,臺北市,34
110,9,16,泰山區,,,,無年齡維度,0.0,男,遷入,臺北市,21
110,9,16,泰山區,,,,無年齡維度,0.0,女,遷入,臺南市,0
110,9,16,泰山區,,,,無年齡維度,0.0,男,遷入,臺南市,2
110,9,16,泰山區,,,,無年齡維度,0.0,女,遷入,臺灣省,7
110,9,16,泰山區,,,,無年齡維度,0.0,男,遷入,臺灣省,10
110,9,16,泰山區,,,,無年齡維度,0.0,女,遷入,高雄市,2
110,9,16,泰山區,,,,無年齡維度,0.0,男,遷入,高雄市,4
110,9,16,泰山區,,,,無年齡維度,0.0,女,遷出,migrants,118
110,9,16,泰山區,,,,無年齡維度,0.0,男,遷出,migrants,111
110,9,16,泰山區,,,,無年齡維度,0.0,女,遷出,other,0
110,9,16,泰山區,,,,無年齡維度,0.0,男,遷出,other,0
110,9,16,泰山區,,,,無年齡維度,0.0,女,遷出,其他縣市,0
110,9,16,泰山區,,,,無年齡維度,0.0,男,遷出,其他縣市,0
110,9,16,泰山區,,,,無年齡維度,0.0,女,遷出,其他鄉鎮,151
110,9,16,泰山區,,,,無年齡維度,0.0,男,遷出,其他鄉鎮,100
110,9,16,泰山區,,,,無年齡維度,0.0,女,遷出,合計,277
110,9,16,泰山區,,,,無年齡維度,0.0,男,遷出,合計,196
110,9,16,泰山區,,,,無年齡維度,0.0,女,遷出,國外,34
110,9,16,泰山區,,,,無年齡維度,0.0,男,遷出,國外,32
110,9,16,泰山區,,,,無年齡維度,0.0,女,遷出,新北市內,0
110,9,16,泰山區,,,,無年齡維度,0.0,男,遷出,新北市內,0
110,9,16,泰山區,,,,無年齡維度,0.0,女,遷出,桃園市,37
110,9,16,泰山區,,,,無年齡維度,0.0,男,遷出,桃園市,22
110,9,16,泰山區,,,,無年齡維度,0.0,女,遷出,福建省,4
110,9,16,泰山區,,,,無年齡維度,0.0,男,遷出,福建省,4
110,9,16,泰山區,,,,無年齡維度,0.0,女,遷出,臺中市,5
110,9,16,泰山區,,,,無年齡維度,0.0,男,遷出,臺中市,3
110,9,16,泰山區,,,,無年齡維度,0.0,女,遷出,臺北市,14
110,9,16,泰山區,,,,無年齡維度,0.0,男,遷出,臺北市,16
110,9,16,泰山區,,,,無年齡維度,0.0,女,遷出,臺南市,1
110,9,16,泰山區,,,,無年齡維度,0.0,男,遷出,臺南市,2
110,9,16,泰山區,,,,無年齡維度,0.0,女,遷出,臺灣省,26
110,9,16,泰山區,,,,無年齡維度,0.0,男,遷出,臺灣省,14
110,9,16,泰山區,,,,無年齡維度,0.0,女,遷出,高雄市,5
110,9,16,泰山區,,,,無年齡維度,0.0,男,遷出,高雄市,3
110,9,17,林口區,,,,無年齡維度,0.0,女,遷入,migrants,309
110,9,17,林口區,,,,無年齡維度,0.0,男,遷入,migrants,278
110,9,17,林口區,,,,無年齡維度,0.0,女,遷入,other,0
110,9,17,林口區,,,,無年齡維度,0.0,男,遷入,other,0
110,9,17,林口區,,,,無年齡維度,0.0,女,遷入,其他縣市,0
110,9,17,林口區,,,,無年齡維度,0.0,男,遷入,其他縣市,0
110,9,17,林口區,,,,無年齡維度,0.0,女,遷入,其他鄉鎮,147
110,9,17,林口區,,,,無年齡維度,0.0,男,遷入,其他鄉鎮,129
110,9,17,林口區,,,,無年齡維度,0.0,女,遷入,合計,554
110,9,17,林口區,,,,無年齡維度,0.0,男,遷入,合計,491
110,9,17,林口區,,,,無年齡維度,0.0,女,遷入,國外,9
110,9,17,林口區,,,,無年齡維度,0.0,男,遷入,國外,5
110,9,17,林口區,,,,無年齡維度,0.0,女,遷入,新北市內,0
110,9,17,林口區,,,,無年齡維度,0.0,男,遷入,新北市內,0
110,9,17,林口區,,,,無年齡維度,0.0,女,遷入,桃園市,121
110,9,17,林口區,,,,無年齡維度,0.0,男,遷入,桃園市,117
110,9,17,林口區,,,,無年齡維度,0.0,女,遷入,福建省,0
110,9,17,林口區,,,,無年齡維度,0.0,男,遷入,福建省,1
110,9,17,林口區,,,,無年齡維度,0.0,女,遷入,臺中市,18
110,9,17,林口區,,,,無年齡維度,0.0,男,遷入,臺中市,15
110,9,17,林口區,,,,無年齡維度,0.0,女,遷入,臺北市,164
110,9,17,林口區,,,,無年齡維度,0.0,男,遷入,臺北市,143
110,9,17,林口區,,,,無年齡維度,0.0,女,遷入,臺南市,12
110,9,17,林口區,,,,無年齡維度,0.0,男,遷入,臺南市,8
110,9,17,林口區,,,,無年齡維度,0.0,女,遷入,臺灣省,66
110,9,17,林口區,,,,無年齡維度,0.0,男,遷入,臺灣省,57
110,9,17,林口區,,,,無年齡維度,0.0,女,遷入,高雄市,8
110,9,17,林口區,,,,無年齡維度,0.0,男,遷入,高雄市,9
110,9,17,林口區,,,,無年齡維度,0.0,女,遷出,migrants,309
110,9,17,林口區,,,,無年齡維度,0.0,男,遷出,migrants,278
110,9,17,林口區,,,,無年齡維度,0.0,女,遷出,other,0
110,9,17,林口區,,,,無年齡維度,0.0,男,遷出,other,0
110,9,17,林口區,,,,無年齡維度,0.0,女,遷出,其他縣市,0
110,9,17,林口區,,,,無年齡維度,0.0,男,遷出,其他縣市,0
110,9,17,林口區,,,,無年齡維度,0.0,女,遷出,其他鄉鎮,60
110,9,17,林口區,,,,無年齡維度,0.0,男,遷出,其他鄉鎮,55
110,9,17,林口區,,,,無年齡維度,0.0,女,遷出,合計,303
110,9,17,林口區,,,,無年齡維度,0.0,男,遷出,合計,281
110,9,17,林口區,,,,無年齡維度,0.0,女,遷出,國外,83
110,9,17,林口區,,,,無年齡維度,0.0,男,遷出,國外,72
110,9,17,林口區,,,,無年齡維度,0.0,女,遷出,新北市內,0
110,9,17,林口區,,,,無年齡維度,0.0,男,遷出,新北市內,0
110,9,17,林口區,,,,無年齡維度,0.0,女,遷出,桃園市,65
110,9,17,林口區,,,,無年齡維度,0.0,男,遷出,桃園市,66
110,9,17,林口區,,,,無年齡維度,0.0,女,遷出,福建省,4
110,9,17,林口區,,,,無年齡維度,0.0,男,遷出,福建省,1
110,9,17,林口區,,,,無年齡維度,0.0,女,遷出,臺中市,9
110,9,17,林口區,,,,無年齡維度,0.0,男,遷出,臺中市,4
110,9,17,林口區,,,,無年齡維度,0.0,女,遷出,臺北市,43
110,9,17,林口區,,,,無年齡維度,0.0,男,遷出,臺北市,43
110,9,17,林口區,,,,無年齡維度,0.0,女,遷出,臺南市,3
110,9,17,林口區,,,,無年齡維度,0.0,男,遷出,臺南市,3
110,9,17,林口區,,,,無年齡維度,0.0,女,遷出,臺灣省,31
110,9,17,林口區,,,,無年齡維度,0.0,男,遷出,臺灣省,31
110,9,17,林口區,,,,無年齡維度,0.0,女,遷出,高雄市,5
110,9,17,林口區,,,,無年齡維度,0.0,男,遷出,高雄市,6
110,9,18,八里區,,,,無年齡維度,0.0,女,遷入,migrants,45
110,9,18,八里區,,,,無年齡維度,0.0,男,遷入,migrants,29
110,9,18,八里區,,,,無年齡維度,0.0,女,遷入,other,0
110,9,18,八里區,,,,無年齡維度,0.0,男,遷入,other,0
110,9,18,八里區,,,,無年齡維度,0.0,女,遷入,其他縣市,0
110,9,18,八里區,,,,無年齡維度,0.0,男,遷入,其他縣市,0
110,9,18,八里區,,,,無年齡維度,0.0,女,遷入,其他鄉鎮,22
110,9,18,八里區,,,,無年齡維度,0.0,男,遷入,其他鄉鎮,12
110,9,18,八里區,,,,無年齡維度,0.0,女,遷入,合計,52
110,9,18,八里區,,,,無年齡維度,0.0,男,遷入,合計,42
110,9,18,八里區,,,,無年齡維度,0.0,女,遷入,國外,1
110,9,18,八里區,,,,無年齡維度,0.0,男,遷入,國外,1
110,9,18,八里區,,,,無年齡維度,0.0,女,遷入,新北市內,0
110,9,18,八里區,,,,無年齡維度,0.0,男,遷入,新北市內,0
110,9,18,八里區,,,,無年齡維度,0.0,女,遷入,桃園市,2
110,9,18,八里區,,,,無年齡維度,0.0,男,遷入,桃園市,2
110,9,18,八里區,,,,無年齡維度,0.0,女,遷入,福建省,0
110,9,18,八里區,,,,無年齡維度,0.0,男,遷入,福建省,0
110,9,18,八里區,,,,無年齡維度,0.0,女,遷入,臺中市,1
110,9,18,八里區,,,,無年齡維度,0.0,男,遷入,臺中市,0
110,9,18,八里區,,,,無年齡維度,0.0,女,遷入,臺北市,22
110,9,18,八里區,,,,無年齡維度,0.0,男,遷入,臺北市,19
110,9,18,八里區,,,,無年齡維度,0.0,女,遷入,臺南市,1
110,9,18,八里區,,,,無年齡維度,0.0,男,遷入,臺南市,2
110,9,18,八里區,,,,無年齡維度,0.0,女,遷入,臺灣省,2
110,9,18,八里區,,,,無年齡維度,0.0,男,遷入,臺灣省,6
110,9,18,八里區,,,,無年齡維度,0.0,女,遷入,高雄市,1
110,9,18,八里區,,,,無年齡維度,0.0,男,遷入,高雄市,0
110,9,18,八里區,,,,無年齡維度,0.0,女,遷出,migrants,45
110,9,18,八里區,,,,無年齡維度,0.0,男,遷出,migrants,29
110,9,18,八里區,,,,無年齡維度,0.0,女,遷出,other,0
110,9,18,八里區,,,,無年齡維度,0.0,男,遷出,other,0
110,9,18,八里區,,,,無年齡維度,0.0,女,遷出,其他縣市,0
110,9,18,八里區,,,,無年齡維度,0.0,男,遷出,其他縣市,0
110,9,18,八里區,,,,無年齡維度,0.0,女,遷出,其他鄉鎮,17
110,9,18,八里區,,,,無年齡維度,0.0,男,遷出,其他鄉鎮,13
110,9,18,八里區,,,,無年齡維度,0.0,女,遷出,合計,69
110,9,18,八里區,,,,無年齡維度,0.0,男,遷出,合計,48
110,9,18,八里區,,,,無年齡維度,0.0,女,遷出,國外,12
110,9,18,八里區,,,,無年齡維度,0.0,男,遷出,國外,9
110,9,18,八里區,,,,無年齡維度,0.0,女,遷出,新北市內,0
110,9,18,八里區,,,,無年齡維度,0.0,男,遷出,新北市內,0
110,9,18,八里區,,,,無年齡維度,0.0,女,遷出,桃園市,10
110,9,18,八里區,,,,無年齡維度,0.0,男,遷出,桃園市,5
110,9,18,八里區,,,,無年齡維度,0.0,女,遷出,福建省,0
110,9,18,八里區,,,,無年齡維度,0.0,男,遷出,福建省,0
110,9,18,八里區,,,,無年齡維度,0.0,女,遷出,臺中市,1
110,9,18,八里區,,,,無年齡維度,0.0,男,遷出,臺中市,1
110,9,18,八里區,,,,無年齡維度,0.0,女,遷出,臺北市,19
110,9,18,八里區,,,,無年齡維度,0.0,男,遷出,臺北市,16
110,9,18,八里區,,,,無年齡維度,0.0,女,遷出,臺南市,0
110,9,18,八里區,,,,無年齡維度,0.0,男,遷出,臺南市,0
110,9,18,八里區,,,,無年齡維度,0.0,女,遷出,臺灣省,8
110,9,18,八里區,,,,無年齡維度,0.0,男,遷出,臺灣省,3
110,9,18,八里區,,,,無年齡維度,0.0,女,遷出,高雄市,2
110,9,18,八里區,,,,無年齡維度,0.0,男,遷出,高雄市,1
110,9,19,深坑區,,,,無年齡維度,0.0,女,遷入,migrants,2
110,9,19,深坑區,,,,無年齡維度,0.0,男,遷入,migrants,0
110,9,19,深坑區,,,,無年齡維度,0.0,女,遷入,other,0
110,9,19,深坑區,,,,無年齡維度,0.0,男,遷入,other,0
110,9,19,深坑區,,,,無年齡維度,0.0,女,遷入,其他縣市,0
110,9,19,深坑區,,,,無年齡維度,0.0,男,遷入,其他縣市,0
110,9,19,深坑區,,,,無年齡維度,0.0,女,遷入,其他鄉鎮,12
110,9,19,深坑區,,,,無年齡維度,0.0,男,遷入,其他鄉鎮,11
110,9,19,深坑區,,,,無年齡維度,0.0,女,遷入,合計,17
110,9,19,深坑區,,,,無年齡維度,0.0,男,遷入,合計,14
110,9,19,深坑區,,,,無年齡維度,0.0,女,遷入,國外,0
110,9,19,深坑區,,,,無年齡維度,0.0,男,遷入,國外,0
110,9,19,深坑區,,,,無年齡維度,0.0,女,遷入,新北市內,0
110,9,19,深坑區,,,,無年齡維度,0.0,男,遷入,新北市內,0
110,9,19,深坑區,,,,無年齡維度,0.0,女,遷入,桃園市,0
110,9,19,深坑區,,,,無年齡維度,0.0,男,遷入,桃園市,0
110,9,19,深坑區,,,,無年齡維度,0.0,女,遷入,福建省,0
110,9,19,深坑區,,,,無年齡維度,0.0,男,遷入,福建省,0
110,9,19,深坑區,,,,無年齡維度,0.0,女,遷入,臺中市,0
110,9,19,深坑區,,,,無年齡維度,0.0,男,遷入,臺中市,0
110,9,19,深坑區,,,,無年齡維度,0.0,女,遷入,臺北市,4
110,9,19,深坑區,,,,無年齡維度,0.0,男,遷入,臺北市,2
110,9,19,深坑區,,,,無年齡維度,0.0,女,遷入,臺南市,0
110,9,19,深坑區,,,,無年齡維度,0.0,男,遷入,臺南市,0
110,9,19,深坑區,,,,無年齡維度,0.0,女,遷入,臺灣省,0
110,9,19,深坑區,,,,無年齡維度,0.0,男,遷入,臺灣省,1
110,9,19,深坑區,,,,無年齡維度,0.0,女,遷入,高雄市,0
110,9,19,深坑區,,,,無年齡維度,0.0,男,遷入,高雄市,0
110,9,19,深坑區,,,,無年齡維度,0.0,女,遷出,migrants,2
110,9,19,深坑區,,,,無年齡維度,0.0,男,遷出,migrants,0
110,9,19,深坑區,,,,無年齡維度,0.0,女,遷出,other,0
110,9,19,深坑區,,,,無年齡維度,0.0,男,遷出,other,0
110,9,19,深坑區,,,,無年齡維度,0.0,女,遷出,其他縣市,0
110,9,19,深坑區,,,,無年齡維度,0.0,男,遷出,其他縣市,0
110,9,19,深坑區,,,,無年齡維度,0.0,女,遷出,其他鄉鎮,10
110,9,19,深坑區,,,,無年齡維度,0.0,男,遷出,其他鄉鎮,5
110,9,19,深坑區,,,,無年齡維度,0.0,女,遷出,合計,17
110,9,19,深坑區,,,,無年齡維度,0.0,男,遷出,合計,5
110,9,19,深坑區,,,,無年齡維度,0.0,女,遷出,國外,0
110,9,19,深坑區,,,,無年齡維度,0.0,男,遷出,國外,0
110,9,19,深坑區,,,,無年齡維度,0.0,女,遷出,新北市內,0
110,9,19,深坑區,,,,無年齡維度,0.0,男,遷出,新北市內,0
110,9,19,深坑區,,,,無年齡維度,0.0,女,遷出,桃園市,1
110,9,19,深坑區,,,,無年齡維度,0.0,男,遷出,桃園市,0
110,9,19,深坑區,,,,無年齡維度,0.0,女,遷出,福建省,1
110,9,19,深坑區,,,,無年齡維度,0.0,男,遷出,福建省,0
110,9,19,深坑區,,,,無年齡維度,0.0,女,遷出,臺中市,0
110,9,19,深坑區,,,,無年齡維度,0.0,男,遷出,臺中市,0
110,9,19,深坑區,,,,無年齡維度,0.0,女,遷出,臺北市,5
110,9,19,深坑區,,,,無年齡維度,0.0,男,遷出,臺北市,0
110,9,19,深坑區,,,,無年齡維度,0.0,女,遷出,臺南市,0
110,9,19,深坑區,,,,無年齡維度,0.0,男,遷出,臺南市,0
110,9,19,深坑區,,,,無年齡維度,0.0,女,遷出,臺灣省,0
110,9,19,深坑區,,,,無年齡維度,0.0,男,遷出,臺灣省,0
110,9,19,深坑區,,,,無年齡維度,0.0,女,遷出,高雄市,0
110,9,19,深坑區,,,,無年齡維度,0.0,男,遷出,高雄市,0
110,9,20,石碇區,,,,無年齡維度,0.0,女,遷入,migrants,1
110,9,20,石碇區,,,,無年齡維度,0.0,男,遷入,migrants,2
110,9,20,石碇區,,,,無年齡維度,0.0,女,遷入,other,0
110,9,20,石碇區,,,,無年齡維度,0.0,男,遷入,other,0
110,9,20,石碇區,,,,無年齡維度,0.0,女,遷入,其他縣市,0
110,9,20,石碇區,,,,無年齡維度,0.0,男,遷入,其他縣市,0
110,9,20,石碇區,,,,無年齡維度,0.0,女,遷入,其他鄉鎮,8
110,9,20,石碇區,,,,無年齡維度,0.0,男,遷入,其他鄉鎮,6
110,9,20,石碇區,,,,無年齡維度,0.0,女,遷入,合計,10
110,9,20,石碇區,,,,無年齡維度,0.0,男,遷入,合計,9
110,9,20,石碇區,,,,無年齡維度,0.0,女,遷入,國外,0
110,9,20,石碇區,,,,無年齡維度,0.0,男,遷入,國外,0
110,9,20,石碇區,,,,無年齡維度,0.0,女,遷入,新北市內,0
110,9,20,石碇區,,,,無年齡維度,0.0,男,遷入,新北市內,0
110,9,20,石碇區,,,,無年齡維度,0.0,女,遷入,桃園市,0
110,9,20,石碇區,,,,無年齡維度,0.0,男,遷入,桃園市,0
110,9,20,石碇區,,,,無年齡維度,0.0,女,遷入,福建省,0
110,9,20,石碇區,,,,無年齡維度,0.0,男,遷入,福建省,0
110,9,20,石碇區,,,,無年齡維度,0.0,女,遷入,臺中市,0
110,9,20,石碇區,,,,無年齡維度,0.0,男,遷入,臺中市,1
110,9,20,石碇區,,,,無年齡維度,0.0,女,遷入,臺北市,1
110,9,20,石碇區,,,,無年齡維度,0.0,男,遷入,臺北市,2
110,9,20,石碇區,,,,無年齡維度,0.0,女,遷入,臺南市,0
110,9,20,石碇區,,,,無年齡維度,0.0,男,遷入,臺南市,0
110,9,20,石碇區,,,,無年齡維度,0.0,女,遷入,臺灣省,1
110,9,20,石碇區,,,,無年齡維度,0.0,男,遷入,臺灣省,0
110,9,20,石碇區,,,,無年齡維度,0.0,女,遷入,高雄市,0
110,9,20,石碇區,,,,無年齡維度,0.0,男,遷入,高雄市,0
110,9,20,石碇區,,,,無年齡維度,0.0,女,遷出,migrants,1
110,9,20,石碇區,,,,無年齡維度,0.0,男,遷出,migrants,2
110,9,20,石碇區,,,,無年齡維度,0.0,女,遷出,other,0
110,9,20,石碇區,,,,無年齡維度,0.0,男,遷出,other,0
110,9,20,石碇區,,,,無年齡維度,0.0,女,遷出,其他縣市,0
110,9,20,石碇區,,,,無年齡維度,0.0,男,遷出,其他縣市,0
110,9,20,石碇區,,,,無年齡維度,0.0,女,遷出,其他鄉鎮,2
110,9,20,石碇區,,,,無年齡維度,0.0,男,遷出,其他鄉鎮,5
110,9,20,石碇區,,,,無年齡維度,0.0,女,遷出,合計,9
110,9,20,石碇區,,,,無年齡維度,0.0,男,遷出,合計,11
110,9,20,石碇區,,,,無年齡維度,0.0,女,遷出,國外,6
110,9,20,石碇區,,,,無年齡維度,0.0,男,遷出,國外,3
110,9,20,石碇區,,,,無年齡維度,0.0,女,遷出,新北市內,0
110,9,20,石碇區,,,,無年齡維度,0.0,男,遷出,新北市內,0
110,9,20,石碇區,,,,無年齡維度,0.0,女,遷出,桃園市,0
110,9,20,石碇區,,,,無年齡維度,0.0,男,遷出,桃園市,0
110,9,20,石碇區,,,,無年齡維度,0.0,女,遷出,福建省,0
110,9,20,石碇區,,,,無年齡維度,0.0,男,遷出,福建省,0
110,9,20,石碇區,,,,無年齡維度,0.0,女,遷出,臺中市,0
110,9,20,石碇區,,,,無年齡維度,0.0,男,遷出,臺中市,0
110,9,20,石碇區,,,,無年齡維度,0.0,女,遷出,臺北市,0
110,9,20,石碇區,,,,無年齡維度,0.0,男,遷出,臺北市,3
110,9,20,石碇區,,,,無年齡維度,0.0,女,遷出,臺南市,0
110,9,20,石碇區,,,,無年齡維度,0.0,男,遷出,臺南市,0
110,9,20,石碇區,,,,無年齡維度,0.0,女,遷出,臺灣省,1
110,9,20,石碇區,,,,無年齡維度,0.0,男,遷出,臺灣省,0
110,9,20,石碇區,,,,無年齡維度,0.0,女,遷出,高雄市,0
110,9,20,石碇區,,,,無年齡維度,0.0,男,遷出,高雄市,0
110,9,21,坪林區,,,,無年齡維度,0.0,女,遷入,migrants,20
110,9,21,坪林區,,,,無年齡維度,0.0,男,遷入,migrants,23
110,9,21,坪林區,,,,無年齡維度,0.0,女,遷入,other,0
110,9,21,坪林區,,,,無年齡維度,0.0,男,遷入,other,0
110,9,21,坪林區,,,,無年齡維度,0.0,女,遷入,其他縣市,0
110,9,21,坪林區,,,,無年齡維度,0.0,男,遷入,其他縣市,0
110,9,21,坪林區,,,,無年齡維度,0.0,女,遷入,其他鄉鎮,29
110,9,21,坪林區,,,,無年齡維度,0.0,男,遷入,其他鄉鎮,19
110,9,21,坪林區,,,,無年齡維度,0.0,女,遷入,合計,38
110,9,21,坪林區,,,,無年齡維度,0.0,男,遷入,合計,31
110,9,21,坪林區,,,,無年齡維度,0.0,女,遷入,國外,2
110,9,21,坪林區,,,,無年齡維度,0.0,男,遷入,國外,1
110,9,21,坪林區,,,,無年齡維度,0.0,女,遷入,新北市內,0
110,9,21,坪林區,,,,無年齡維度,0.0,男,遷入,新北市內,0
110,9,21,坪林區,,,,無年齡維度,0.0,女,遷入,桃園市,0
110,9,21,坪林區,,,,無年齡維度,0.0,男,遷入,桃園市,2
110,9,21,坪林區,,,,無年齡維度,0.0,女,遷入,福建省,0
110,9,21,坪林區,,,,無年齡維度,0.0,男,遷入,福建省,0
110,9,21,坪林區,,,,無年齡維度,0.0,女,遷入,臺中市,1
110,9,21,坪林區,,,,無年齡維度,0.0,男,遷入,臺中市,0
110,9,21,坪林區,,,,無年齡維度,0.0,女,遷入,臺北市,2
110,9,21,坪林區,,,,無年齡維度,0.0,男,遷入,臺北市,4
110,9,21,坪林區,,,,無年齡維度,0.0,女,遷入,臺南市,0
110,9,21,坪林區,,,,無年齡維度,0.0,男,遷入,臺南市,0
110,9,21,坪林區,,,,無年齡維度,0.0,女,遷入,臺灣省,4
110,9,21,坪林區,,,,無年齡維度,0.0,男,遷入,臺灣省,5
110,9,21,坪林區,,,,無年齡維度,0.0,女,遷入,高雄市,0
110,9,21,坪林區,,,,無年齡維度,0.0,男,遷入,高雄市,0
110,9,21,坪林區,,,,無年齡維度,0.0,女,遷出,migrants,20
110,9,21,坪林區,,,,無年齡維度,0.0,男,遷出,migrants,23
110,9,21,坪林區,,,,無年齡維度,0.0,女,遷出,other,0
110,9,21,坪林區,,,,無年齡維度,0.0,男,遷出,other,0
110,9,21,坪林區,,,,無年齡維度,0.0,女,遷出,其他縣市,0
110,9,21,坪林區,,,,無年齡維度,0.0,男,遷出,其他縣市,0
110,9,21,坪林區,,,,無年齡維度,0.0,女,遷出,其他鄉鎮,23
110,9,21,坪林區,,,,無年齡維度,0.0,男,遷出,其他鄉鎮,16
110,9,21,坪林區,,,,無年齡維度,0.0,女,遷出,合計,53
110,9,21,坪林區,,,,無年齡維度,0.0,男,遷出,合計,48
110,9,21,坪林區,,,,無年齡維度,0.0,女,遷出,國外,11
110,9,21,坪林區,,,,無年齡維度,0.0,男,遷出,國外,8
110,9,21,坪林區,,,,無年齡維度,0.0,女,遷出,新北市內,0
110,9,21,坪林區,,,,無年齡維度,0.0,男,遷出,新北市內,0
110,9,21,坪林區,,,,無年齡維度,0.0,女,遷出,桃園市,4
110,9,21,坪林區,,,,無年齡維度,0.0,男,遷出,桃園市,5
110,9,21,坪林區,,,,無年齡維度,0.0,女,遷出,福建省,2
110,9,21,坪林區,,,,無年齡維度,0.0,男,遷出,福建省,1
110,9,21,坪林區,,,,無年齡維度,0.0,女,遷出,臺中市,1
110,9,21,坪林區,,,,無年齡維度,0.0,男,遷出,臺中市,0
110,9,21,坪林區,,,,無年齡維度,0.0,女,遷出,臺北市,9
110,9,21,坪林區,,,,無年齡維度,0.0,男,遷出,臺北市,10
110,9,21,坪林區,,,,無年齡維度,0.0,女,遷出,臺南市,0
110,9,21,坪林區,,,,無年齡維度,0.0,男,遷出,臺南市,0
110,9,21,坪林區,,,,無年齡維度,0.0,女,遷出,臺灣省,2
110,9,21,坪林區,,,,無年齡維度,0.0,男,遷出,臺灣省,8
110,9,21,坪林區,,,,無年齡維度,0.0,女,遷出,高雄市,1
110,9,21,坪林區,,,,無年齡維度,0.0,男,遷出,高雄市,0
110,9,22,三芝區,,,,無年齡維度,0.0,女,遷入,migrants,3
110,9,22,三芝區,,,,無年齡維度,0.0,男,遷入,migrants,2
110,9,22,三芝區,,,,無年齡維度,0.0,女,遷入,other,0
110,9,22,三芝區,,,,無年齡維度,0.0,男,遷入,other,0
110,9,22,三芝區,,,,無年齡維度,0.0,女,遷入,其他縣市,0
110,9,22,三芝區,,,,無年齡維度,0.0,男,遷入,其他縣市,0
110,9,22,三芝區,,,,無年齡維度,0.0,女,遷入,其他鄉鎮,14
110,9,22,三芝區,,,,無年齡維度,0.0,男,遷入,其他鄉鎮,9
110,9,22,三芝區,,,,無年齡維度,0.0,女,遷入,合計,17
110,9,22,三芝區,,,,無年齡維度,0.0,男,遷入,合計,11
110,9,22,三芝區,,,,無年齡維度,0.0,女,遷入,國外,0
110,9,22,三芝區,,,,無年齡維度,0.0,男,遷入,國外,0
110,9,22,三芝區,,,,無年齡維度,0.0,女,遷入,新北市內,0
110,9,22,三芝區,,,,無年齡維度,0.0,男,遷入,新北市內,0
110,9,22,三芝區,,,,無年齡維度,0.0,女,遷入,桃園市,0
110,9,22,三芝區,,,,無年齡維度,0.0,男,遷入,桃園市,0
110,9,22,三芝區,,,,無年齡維度,0.0,女,遷入,福建省,0
110,9,22,三芝區,,,,無年齡維度,0.0,男,遷入,福建省,0
110,9,22,三芝區,,,,無年齡維度,0.0,女,遷入,臺中市,0
110,9,22,三芝區,,,,無年齡維度,0.0,男,遷入,臺中市,0
110,9,22,三芝區,,,,無年齡維度,0.0,女,遷入,臺北市,2
110,9,22,三芝區,,,,無年齡維度,0.0,男,遷入,臺北市,1
110,9,22,三芝區,,,,無年齡維度,0.0,女,遷入,臺南市,0
110,9,22,三芝區,,,,無年齡維度,0.0,男,遷入,臺南市,0
110,9,22,三芝區,,,,無年齡維度,0.0,女,遷入,臺灣省,1
110,9,22,三芝區,,,,無年齡維度,0.0,男,遷入,臺灣省,1
110,9,22,三芝區,,,,無年齡維度,0.0,女,遷入,高雄市,0
110,9,22,三芝區,,,,無年齡維度,0.0,男,遷入,高雄市,0
110,9,22,三芝區,,,,無年齡維度,0.0,女,遷出,migrants,3
110,9,22,三芝區,,,,無年齡維度,0.0,男,遷出,migrants,2
110,9,22,三芝區,,,,無年齡維度,0.0,女,遷出,other,0
110,9,22,三芝區,,,,無年齡維度,0.0,男,遷出,other,0
110,9,22,三芝區,,,,無年齡維度,0.0,女,遷出,其他縣市,0
110,9,22,三芝區,,,,無年齡維度,0.0,男,遷出,其他縣市,0
110,9,22,三芝區,,,,無年齡維度,0.0,女,遷出,其他鄉鎮,15
110,9,22,三芝區,,,,無年齡維度,0.0,男,遷出,其他鄉鎮,13
110,9,22,三芝區,,,,無年齡維度,0.0,女,遷出,合計,27
110,9,22,三芝區,,,,無年齡維度,0.0,男,遷出,合計,26
110,9,22,三芝區,,,,無年齡維度,0.0,女,遷出,國外,8
110,9,22,三芝區,,,,無年齡維度,0.0,男,遷出,國外,7
110,9,22,三芝區,,,,無年齡維度,0.0,女,遷出,新北市內,0
110,9,22,三芝區,,,,無年齡維度,0.0,男,遷出,新北市內,0
110,9,22,三芝區,,,,無年齡維度,0.0,女,遷出,桃園市,1
110,9,22,三芝區,,,,無年齡維度,0.0,男,遷出,桃園市,1
110,9,22,三芝區,,,,無年齡維度,0.0,女,遷出,福建省,1
110,9,22,三芝區,,,,無年齡維度,0.0,男,遷出,福建省,0
110,9,22,三芝區,,,,無年齡維度,0.0,女,遷出,臺中市,0
110,9,22,三芝區,,,,無年齡維度,0.0,男,遷出,臺中市,0
110,9,22,三芝區,,,,無年齡維度,0.0,女,遷出,臺北市,0
110,9,22,三芝區,,,,無年齡維度,0.0,男,遷出,臺北市,3
110,9,22,三芝區,,,,無年齡維度,0.0,女,遷出,臺南市,0
110,9,22,三芝區,,,,無年齡維度,0.0,男,遷出,臺南市,0
110,9,22,三芝區,,,,無年齡維度,0.0,女,遷出,臺灣省,2
110,9,22,三芝區,,,,無年齡維度,0.0,男,遷出,臺灣省,2
110,9,22,三芝區,,,,無年齡維度,0.0,女,遷出,高雄市,0
110,9,22,三芝區,,,,無年齡維度,0.0,男,遷出,高雄市,0
110,9,23,石門區,,,,無年齡維度,0.0,女,遷入,migrants,77
110,9,23,石門區,,,,無年齡維度,0.0,男,遷入,migrants,52
110,9,23,石門區,,,,無年齡維度,0.0,女,遷入,other,0
110,9,23,石門區,,,,無年齡維度,0.0,男,遷入,other,0
110,9,23,石門區,,,,無年齡維度,0.0,女,遷入,其他縣市,0
110,9,23,石門區,,,,無年齡維度,0.0,男,遷入,其他縣市,0
110,9,23,石門區,,,,無年齡維度,0.0,女,遷入,其他鄉鎮,76
110,9,23,石門區,,,,無年齡維度,0.0,男,遷入,其他鄉鎮,62
110,9,23,石門區,,,,無年齡維度,0.0,女,遷入,合計,143
110,9,23,石門區,,,,無年齡維度,0.0,男,遷入,合計,131
110,9,23,石門區,,,,無年齡維度,0.0,女,遷入,國外,0
110,9,23,石門區,,,,無年齡維度,0.0,男,遷入,國外,0
110,9,23,石門區,,,,無年齡維度,0.0,女,遷入,新北市內,0
110,9,23,石門區,,,,無年齡維度,0.0,男,遷入,新北市內,0
110,9,23,石門區,,,,無年齡維度,0.0,女,遷入,桃園市,6
110,9,23,石門區,,,,無年齡維度,0.0,男,遷入,桃園市,7
110,9,23,石門區,,,,無年齡維度,0.0,女,遷入,福建省,0
110,9,23,石門區,,,,無年齡維度,0.0,男,遷入,福建省,0
110,9,23,石門區,,,,無年齡維度,0.0,女,遷入,臺中市,4
110,9,23,石門區,,,,無年齡維度,0.0,男,遷入,臺中市,1
110,9,23,石門區,,,,無年齡維度,0.0,女,遷入,臺北市,43
110,9,23,石門區,,,,無年齡維度,0.0,男,遷入,臺北市,44
110,9,23,石門區,,,,無年齡維度,0.0,女,遷入,臺南市,0
110,9,23,石門區,,,,無年齡維度,0.0,男,遷入,臺南市,4
110,9,23,石門區,,,,無年齡維度,0.0,女,遷入,臺灣省,10
110,9,23,石門區,,,,無年齡維度,0.0,男,遷入,臺灣省,9
110,9,23,石門區,,,,無年齡維度,0.0,女,遷入,高雄市,2
110,9,23,石門區,,,,無年齡維度,0.0,男,遷入,高雄市,1
110,9,23,石門區,,,,無年齡維度,0.0,女,遷出,migrants,77
110,9,23,石門區,,,,無年齡維度,0.0,男,遷出,migrants,52
110,9,23,石門區,,,,無年齡維度,0.0,女,遷出,other,0
110,9,23,石門區,,,,無年齡維度,0.0,男,遷出,other,0
110,9,23,石門區,,,,無年齡維度,0.0,女,遷出,其他縣市,0
110,9,23,石門區,,,,無年齡維度,0.0,男,遷出,其他縣市,0
110,9,23,石門區,,,,無年齡維度,0.0,女,遷出,其他鄉鎮,31
110,9,23,石門區,,,,無年齡維度,0.0,男,遷出,其他鄉鎮,24
110,9,23,石門區,,,,無年齡維度,0.0,女,遷出,合計,100
110,9,23,石門區,,,,無年齡維度,0.0,男,遷出,合計,81
110,9,23,石門區,,,,無年齡維度,0.0,女,遷出,國外,33
110,9,23,石門區,,,,無年齡維度,0.0,男,遷出,國外,29
110,9,23,石門區,,,,無年齡維度,0.0,女,遷出,新北市內,0
110,9,23,石門區,,,,無年齡維度,0.0,男,遷出,新北市內,0
110,9,23,石門區,,,,無年齡維度,0.0,女,遷出,桃園市,3
110,9,23,石門區,,,,無年齡維度,0.0,男,遷出,桃園市,5
110,9,23,石門區,,,,無年齡維度,0.0,女,遷出,福建省,1
110,9,23,石門區,,,,無年齡維度,0.0,男,遷出,福建省,1
110,9,23,石門區,,,,無年齡維度,0.0,女,遷出,臺中市,2
110,9,23,石門區,,,,無年齡維度,0.0,男,遷出,臺中市,4
110,9,23,石門區,,,,無年齡維度,0.0,女,遷出,臺北市,18
110,9,23,石門區,,,,無年齡維度,0.0,男,遷出,臺北市,10
110,9,23,石門區,,,,無年齡維度,0.0,女,遷出,臺南市,2
110,9,23,石門區,,,,無年齡維度,0.0,男,遷出,臺南市,0
110,9,23,石門區,,,,無年齡維度,0.0,女,遷出,臺灣省,6
110,9,23,石門區,,,,無年齡維度,0.0,男,遷出,臺灣省,7
110,9,23,石門區,,,,無年齡維度,0.0,女,遷出,高雄市,4
110,9,23,石門區,,,,無年齡維度,0.0,男,遷出,高雄市,1
110,9,24,金山區,,,,無年齡維度,0.0,女,遷入,migrants,1
110,9,24,金山區,,,,無年齡維度,0.0,男,遷入,migrants,3
110,9,24,金山區,,,,無年齡維度,0.0,女,遷入,other,0
110,9,24,金山區,,,,無年齡維度,0.0,男,遷入,other,0
110,9,24,金山區,,,,無年齡維度,0.0,女,遷入,其他縣市,0
110,9,24,金山區,,,,無年齡維度,0.0,男,遷入,其他縣市,0
110,9,24,金山區,,,,無年齡維度,0.0,女,遷入,其他鄉鎮,6
110,9,24,金山區,,,,無年齡維度,0.0,男,遷入,其他鄉鎮,5
110,9,24,金山區,,,,無年齡維度,0.0,女,遷入,合計,10
110,9,24,金山區,,,,無年齡維度,0.0,男,遷入,合計,7
110,9,24,金山區,,,,無年齡維度,0.0,女,遷入,國外,0
110,9,24,金山區,,,,無年齡維度,0.0,男,遷入,國外,0
110,9,24,金山區,,,,無年齡維度,0.0,女,遷入,新北市內,0
110,9,24,金山區,,,,無年齡維度,0.0,男,遷入,新北市內,0
110,9,24,金山區,,,,無年齡維度,0.0,女,遷入,桃園市,0
110,9,24,金山區,,,,無年齡維度,0.0,男,遷入,桃園市,0
110,9,24,金山區,,,,無年齡維度,0.0,女,遷入,福建省,1
110,9,24,金山區,,,,無年齡維度,0.0,男,遷入,福建省,0
110,9,24,金山區,,,,無年齡維度,0.0,女,遷入,臺中市,0
110,9,24,金山區,,,,無年齡維度,0.0,男,遷入,臺中市,0
110,9,24,金山區,,,,無年齡維度,0.0,女,遷入,臺北市,3
110,9,24,金山區,,,,無年齡維度,0.0,男,遷入,臺北市,0
110,9,24,金山區,,,,無年齡維度,0.0,女,遷入,臺南市,0
110,9,24,金山區,,,,無年齡維度,0.0,男,遷入,臺南市,0
110,9,24,金山區,,,,無年齡維度,0.0,女,遷入,臺灣省,0
110,9,24,金山區,,,,無年齡維度,0.0,男,遷入,臺灣省,2
110,9,24,金山區,,,,無年齡維度,0.0,女,遷入,高雄市,0
110,9,24,金山區,,,,無年齡維度,0.0,男,遷入,高雄市,0
110,9,24,金山區,,,,無年齡維度,0.0,女,遷出,migrants,1
110,9,24,金山區,,,,無年齡維度,0.0,男,遷出,migrants,3
110,9,24,金山區,,,,無年齡維度,0.0,女,遷出,other,0
110,9,24,金山區,,,,無年齡維度,0.0,男,遷出,other,0
110,9,24,金山區,,,,無年齡維度,0.0,女,遷出,其他縣市,0
110,9,24,金山區,,,,無年齡維度,0.0,男,遷出,其他縣市,0
110,9,24,金山區,,,,無年齡維度,0.0,女,遷出,其他鄉鎮,1
110,9,24,金山區,,,,無年齡維度,0.0,男,遷出,其他鄉鎮,3
110,9,24,金山區,,,,無年齡維度,0.0,女,遷出,合計,4
110,9,24,金山區,,,,無年齡維度,0.0,男,遷出,合計,5
110,9,24,金山區,,,,無年齡維度,0.0,女,遷出,國外,0
110,9,24,金山區,,,,無年齡維度,0.0,男,遷出,國外,0
110,9,24,金山區,,,,無年齡維度,0.0,女,遷出,新北市內,0
110,9,24,金山區,,,,無年齡維度,0.0,男,遷出,新北市內,0
110,9,24,金山區,,,,無年齡維度,0.0,女,遷出,桃園市,1
110,9,24,金山區,,,,無年齡維度,0.0,男,遷出,桃園市,1
110,9,24,金山區,,,,無年齡維度,0.0,女,遷出,福建省,0
110,9,24,金山區,,,,無年齡維度,0.0,男,遷出,福建省,0
110,9,24,金山區,,,,無年齡維度,0.0,女,遷出,臺中市,0
110,9,24,金山區,,,,無年齡維度,0.0,男,遷出,臺中市,0
110,9,24,金山區,,,,無年齡維度,0.0,女,遷出,臺北市,1
110,9,24,金山區,,,,無年齡維度,0.0,男,遷出,臺北市,1
110,9,24,金山區,,,,無年齡維度,0.0,女,遷出,臺南市,0
110,9,24,金山區,,,,無年齡維度,0.0,男,遷出,臺南市,0
110,9,24,金山區,,,,無年齡維度,0.0,女,遷出,臺灣省,1
110,9,24,金山區,,,,無年齡維度,0.0,男,遷出,臺灣省,0
110,9,24,金山區,,,,無年齡維度,0.0,女,遷出,高雄市,0
110,9,24,金山區,,,,無年齡維度,0.0,男,遷出,高雄市,0
110,9,25,萬里區,,,,無年齡維度,0.0,女,遷入,migrants,3
110,9,25,萬里區,,,,無年齡維度,0.0,男,遷入,migrants,1
110,9,25,萬里區,,,,無年齡維度,0.0,女,遷入,other,0
110,9,25,萬里區,,,,無年齡維度,0.0,男,遷入,other,0
110,9,25,萬里區,,,,無年齡維度,0.0,女,遷入,其他縣市,0
110,9,25,萬里區,,,,無年齡維度,0.0,男,遷入,其他縣市,0
110,9,25,萬里區,,,,無年齡維度,0.0,女,遷入,其他鄉鎮,6
110,9,25,萬里區,,,,無年齡維度,0.0,男,遷入,其他鄉鎮,1
110,9,25,萬里區,,,,無年齡維度,0.0,女,遷入,合計,11
110,9,25,萬里區,,,,無年齡維度,0.0,男,遷入,合計,9
110,9,25,萬里區,,,,無年齡維度,0.0,女,遷入,國外,0
110,9,25,萬里區,,,,無年齡維度,0.0,男,遷入,國外,0
110,9,25,萬里區,,,,無年齡維度,0.0,女,遷入,新北市內,0
110,9,25,萬里區,,,,無年齡維度,0.0,男,遷入,新北市內,0
110,9,25,萬里區,,,,無年齡維度,0.0,女,遷入,桃園市,0
110,9,25,萬里區,,,,無年齡維度,0.0,男,遷入,桃園市,1
110,9,25,萬里區,,,,無年齡維度,0.0,女,遷入,福建省,0
110,9,25,萬里區,,,,無年齡維度,0.0,男,遷入,福建省,0
110,9,25,萬里區,,,,無年齡維度,0.0,女,遷入,臺中市,1
110,9,25,萬里區,,,,無年齡維度,0.0,男,遷入,臺中市,1
110,9,25,萬里區,,,,無年齡維度,0.0,女,遷入,臺北市,1
110,9,25,萬里區,,,,無年齡維度,0.0,男,遷入,臺北市,2
110,9,25,萬里區,,,,無年齡維度,0.0,女,遷入,臺南市,0
110,9,25,萬里區,,,,無年齡維度,0.0,男,遷入,臺南市,1
110,9,25,萬里區,,,,無年齡維度,0.0,女,遷入,臺灣省,2
110,9,25,萬里區,,,,無年齡維度,0.0,男,遷入,臺灣省,3
110,9,25,萬里區,,,,無年齡維度,0.0,女,遷入,高雄市,0
110,9,25,萬里區,,,,無年齡維度,0.0,男,遷入,高雄市,0
110,9,25,萬里區,,,,無年齡維度,0.0,女,遷出,migrants,3
110,9,25,萬里區,,,,無年齡維度,0.0,男,遷出,migrants,1
110,9,25,萬里區,,,,無年齡維度,0.0,女,遷出,other,0
110,9,25,萬里區,,,,無年齡維度,0.0,男,遷出,other,0
110,9,25,萬里區,,,,無年齡維度,0.0,女,遷出,其他縣市,0
110,9,25,萬里區,,,,無年齡維度,0.0,男,遷出,其他縣市,0
110,9,25,萬里區,,,,無年齡維度,0.0,女,遷出,其他鄉鎮,6
110,9,25,萬里區,,,,無年齡維度,0.0,男,遷出,其他鄉鎮,11
110,9,25,萬里區,,,,無年齡維度,0.0,女,遷出,合計,12
110,9,25,萬里區,,,,無年齡維度,0.0,男,遷出,合計,15
110,9,25,萬里區,,,,無年齡維度,0.0,女,遷出,國外,0
110,9,25,萬里區,,,,無年齡維度,0.0,男,遷出,國外,0
110,9,25,萬里區,,,,無年齡維度,0.0,女,遷出,新北市內,0
110,9,25,萬里區,,,,無年齡維度,0.0,男,遷出,新北市內,0
110,9,25,萬里區,,,,無年齡維度,0.0,女,遷出,桃園市,1
110,9,25,萬里區,,,,無年齡維度,0.0,男,遷出,桃園市,2
110,9,25,萬里區,,,,無年齡維度,0.0,女,遷出,福建省,1
110,9,25,萬里區,,,,無年齡維度,0.0,男,遷出,福建省,0
110,9,25,萬里區,,,,無年齡維度,0.0,女,遷出,臺中市,0
110,9,25,萬里區,,,,無年齡維度,0.0,男,遷出,臺中市,0
110,9,25,萬里區,,,,無年齡維度,0.0,女,遷出,臺北市,1
110,9,25,萬里區,,,,無年齡維度,0.0,男,遷出,臺北市,0
110,9,25,萬里區,,,,無年齡維度,0.0,女,遷出,臺南市,0
110,9,25,萬里區,,,,無年齡維度,0.0,男,遷出,臺南市,0
110,9,25,萬里區,,,,無年齡維度,0.0,女,遷出,臺灣省,3
110,9,25,萬里區,,,,無年齡維度,0.0,男,遷出,臺灣省,2
110,9,25,萬里區,,,,無年齡維度,0.0,女,遷出,高雄市,0
110,9,25,萬里區,,,,無年齡維度,0.0,男,遷出,高雄市,0
110,9,26,平溪區,,,,無年齡維度,0.0,女,遷入,migrants,9
110,9,26,平溪區,,,,無年齡維度,0.0,男,遷入,migrants,5
110,9,26,平溪區,,,,無年齡維度,0.0,女,遷入,other,0
110,9,26,平溪區,,,,無年齡維度,0.0,男,遷入,other,0
110,9,26,平溪區,,,,無年齡維度,0.0,女,遷入,其他縣市,0
110,9,26,平溪區,,,,無年齡維度,0.0,男,遷入,其他縣市,0
110,9,26,平溪區,,,,無年齡維度,0.0,女,遷入,其他鄉鎮,2
110,9,26,平溪區,,,,無年齡維度,0.0,男,遷入,其他鄉鎮,7
110,9,26,平溪區,,,,無年齡維度,0.0,女,遷入,合計,15
110,9,26,平溪區,,,,無年齡維度,0.0,男,遷入,合計,12
110,9,26,平溪區,,,,無年齡維度,0.0,女,遷入,國外,0
110,9,26,平溪區,,,,無年齡維度,0.0,男,遷入,國外,1
110,9,26,平溪區,,,,無年齡維度,0.0,女,遷入,新北市內,0
110,9,26,平溪區,,,,無年齡維度,0.0,男,遷入,新北市內,0
110,9,26,平溪區,,,,無年齡維度,0.0,女,遷入,桃園市,4
110,9,26,平溪區,,,,無年齡維度,0.0,男,遷入,桃園市,2
110,9,26,平溪區,,,,無年齡維度,0.0,女,遷入,福建省,0
110,9,26,平溪區,,,,無年齡維度,0.0,男,遷入,福建省,0
110,9,26,平溪區,,,,無年齡維度,0.0,女,遷入,臺中市,1
110,9,26,平溪區,,,,無年齡維度,0.0,男,遷入,臺中市,0
110,9,26,平溪區,,,,無年齡維度,0.0,女,遷入,臺北市,3
110,9,26,平溪區,,,,無年齡維度,0.0,男,遷入,臺北市,0
110,9,26,平溪區,,,,無年齡維度,0.0,女,遷入,臺南市,0
110,9,26,平溪區,,,,無年齡維度,0.0,男,遷入,臺南市,0
110,9,26,平溪區,,,,無年齡維度,0.0,女,遷入,臺灣省,3
110,9,26,平溪區,,,,無年齡維度,0.0,男,遷入,臺灣省,2
110,9,26,平溪區,,,,無年齡維度,0.0,女,遷入,高雄市,0
110,9,26,平溪區,,,,無年齡維度,0.0,男,遷入,高雄市,0
110,9,26,平溪區,,,,無年齡維度,0.0,女,遷出,migrants,9
110,9,26,平溪區,,,,無年齡維度,0.0,男,遷出,migrants,5
110,9,26,平溪區,,,,無年齡維度,0.0,女,遷出,other,0
110,9,26,平溪區,,,,無年齡維度,0.0,男,遷出,other,0
110,9,26,平溪區,,,,無年齡維度,0.0,女,遷出,其他縣市,0
110,9,26,平溪區,,,,無年齡維度,0.0,男,遷出,其他縣市,0
110,9,26,平溪區,,,,無年齡維度,0.0,女,遷出,其他鄉鎮,10
110,9,26,平溪區,,,,無年齡維度,0.0,男,遷出,其他鄉鎮,10
110,9,26,平溪區,,,,無年齡維度,0.0,女,遷出,合計,24
110,9,26,平溪區,,,,無年齡維度,0.0,男,遷出,合計,22
110,9,26,平溪區,,,,無年齡維度,0.0,女,遷出,國外,6
110,9,26,平溪區,,,,無年齡維度,0.0,男,遷出,國外,4
110,9,26,平溪區,,,,無年齡維度,0.0,女,遷出,新北市內,0
110,9,26,平溪區,,,,無年齡維度,0.0,男,遷出,新北市內,0
110,9,26,平溪區,,,,無年齡維度,0.0,女,遷出,桃園市,2
110,9,26,平溪區,,,,無年齡維度,0.0,男,遷出,桃園市,3
110,9,26,平溪區,,,,無年齡維度,0.0,女,遷出,福建省,1
110,9,26,平溪區,,,,無年齡維度,0.0,男,遷出,福建省,0
110,9,26,平溪區,,,,無年齡維度,0.0,女,遷出,臺中市,0
110,9,26,平溪區,,,,無年齡維度,0.0,男,遷出,臺中市,0
110,9,26,平溪區,,,,無年齡維度,0.0,女,遷出,臺北市,3
110,9,26,平溪區,,,,無年齡維度,0.0,男,遷出,臺北市,0
110,9,26,平溪區,,,,無年齡維度,0.0,女,遷出,臺南市,0
110,9,26,平溪區,,,,無年齡維度,0.0,男,遷出,臺南市,0
110,9,26,平溪區,,,,無年齡維度,0.0,女,遷出,臺灣省,2
110,9,26,平溪區,,,,無年齡維度,0.0,男,遷出,臺灣省,5
110,9,26,平溪區,,,,無年齡維度,0.0,女,遷出,高雄市,0
110,9,26,平溪區,,,,無年齡維度,0.0,男,遷出,高雄市,0
110,9,27,雙溪區,,,,無年齡維度,0.0,女,遷入,migrants,14
110,9,27,雙溪區,,,,無年齡維度,0.0,男,遷入,migrants,11
110,9,27,雙溪區,,,,無年齡維度,0.0,女,遷入,other,0
110,9,27,雙溪區,,,,無年齡維度,0.0,男,遷入,other,0
110,9,27,雙溪區,,,,無年齡維度,0.0,女,遷入,其他縣市,0
110,9,27,雙溪區,,,,無年齡維度,0.0,男,遷入,其他縣市,0
110,9,27,雙溪區,,,,無年齡維度,0.0,女,遷入,其他鄉鎮,8
110,9,27,雙溪區,,,,無年齡維度,0.0,男,遷入,其他鄉鎮,11
110,9,27,雙溪區,,,,無年齡維度,0.0,女,遷入,合計,24
110,9,27,雙溪區,,,,無年齡維度,0.0,男,遷入,合計,20
110,9,27,雙溪區,,,,無年齡維度,0.0,女,遷入,國外,0
110,9,27,雙溪區,,,,無年齡維度,0.0,男,遷入,國外,0
110,9,27,雙溪區,,,,無年齡維度,0.0,女,遷入,新北市內,0
110,9,27,雙溪區,,,,無年齡維度,0.0,男,遷入,新北市內,0
110,9,27,雙溪區,,,,無年齡維度,0.0,女,遷入,桃園市,0
110,9,27,雙溪區,,,,無年齡維度,0.0,男,遷入,桃園市,0
110,9,27,雙溪區,,,,無年齡維度,0.0,女,遷入,福建省,1
110,9,27,雙溪區,,,,無年齡維度,0.0,男,遷入,福建省,1
110,9,27,雙溪區,,,,無年齡維度,0.0,女,遷入,臺中市,0
110,9,27,雙溪區,,,,無年齡維度,0.0,男,遷入,臺中市,0
110,9,27,雙溪區,,,,無年齡維度,0.0,女,遷入,臺北市,6
110,9,27,雙溪區,,,,無年齡維度,0.0,男,遷入,臺北市,0
110,9,27,雙溪區,,,,無年齡維度,0.0,女,遷入,臺南市,0
110,9,27,雙溪區,,,,無年齡維度,0.0,男,遷入,臺南市,2
110,9,27,雙溪區,,,,無年齡維度,0.0,女,遷入,臺灣省,8
110,9,27,雙溪區,,,,無年齡維度,0.0,男,遷入,臺灣省,6
110,9,27,雙溪區,,,,無年齡維度,0.0,女,遷入,高雄市,1
110,9,27,雙溪區,,,,無年齡維度,0.0,男,遷入,高雄市,0
110,9,27,雙溪區,,,,無年齡維度,0.0,女,遷出,migrants,14
110,9,27,雙溪區,,,,無年齡維度,0.0,男,遷出,migrants,11
110,9,27,雙溪區,,,,無年齡維度,0.0,女,遷出,other,0
110,9,27,雙溪區,,,,無年齡維度,0.0,男,遷出,other,0
110,9,27,雙溪區,,,,無年齡維度,0.0,女,遷出,其他縣市,0
110,9,27,雙溪區,,,,無年齡維度,0.0,男,遷出,其他縣市,0
110,9,27,雙溪區,,,,無年齡維度,0.0,女,遷出,其他鄉鎮,16
110,9,27,雙溪區,,,,無年齡維度,0.0,男,遷出,其他鄉鎮,10
110,9,27,雙溪區,,,,無年齡維度,0.0,女,遷出,合計,47
110,9,27,雙溪區,,,,無年齡維度,0.0,男,遷出,合計,28
110,9,27,雙溪區,,,,無年齡維度,0.0,女,遷出,國外,11
110,9,27,雙溪區,,,,無年齡維度,0.0,男,遷出,國外,4
110,9,27,雙溪區,,,,無年齡維度,0.0,女,遷出,新北市內,0
110,9,27,雙溪區,,,,無年齡維度,0.0,男,遷出,新北市內,0
110,9,27,雙溪區,,,,無年齡維度,0.0,女,遷出,桃園市,4
110,9,27,雙溪區,,,,無年齡維度,0.0,男,遷出,桃園市,3
110,9,27,雙溪區,,,,無年齡維度,0.0,女,遷出,福建省,0
110,9,27,雙溪區,,,,無年齡維度,0.0,男,遷出,福建省,0
110,9,27,雙溪區,,,,無年齡維度,0.0,女,遷出,臺中市,1
110,9,27,雙溪區,,,,無年齡維度,0.0,男,遷出,臺中市,0
110,9,27,雙溪區,,,,無年齡維度,0.0,女,遷出,臺北市,6
110,9,27,雙溪區,,,,無年齡維度,0.0,男,遷出,臺北市,2
110,9,27,雙溪區,,,,無年齡維度,0.0,女,遷出,臺南市,1
110,9,27,雙溪區,,,,無年齡維度,0.0,男,遷出,臺南市,0
110,9,27,雙溪區,,,,無年齡維度,0.0,女,遷出,臺灣省,8
110,9,27,雙溪區,,,,無年齡維度,0.0,男,遷出,臺灣省,9
110,9,27,雙溪區,,,,無年齡維度,0.0,女,遷出,高雄市,0
110,9,27,雙溪區,,,,無年齡維度,0.0,男,遷出,高雄市,0
110,9,28,貢寮區,,,,無年齡維度,0.0,女,遷入,migrants,12
110,9,28,貢寮區,,,,無年齡維度,0.0,男,遷入,migrants,14
110,9,28,貢寮區,,,,無年齡維度,0.0,女,遷入,other,0
110,9,28,貢寮區,,,,無年齡維度,0.0,男,遷入,other,0
110,9,28,貢寮區,,,,無年齡維度,0.0,女,遷入,其他縣市,0
110,9,28,貢寮區,,,,無年齡維度,0.0,男,遷入,其他縣市,0
110,9,28,貢寮區,,,,無年齡維度,0.0,女,遷入,其他鄉鎮,13
110,9,28,貢寮區,,,,無年齡維度,0.0,男,遷入,其他鄉鎮,4
110,9,28,貢寮區,,,,無年齡維度,0.0,女,遷入,合計,25
110,9,28,貢寮區,,,,無年齡維度,0.0,男,遷入,合計,18
110,9,28,貢寮區,,,,無年齡維度,0.0,女,遷入,國外,0
110,9,28,貢寮區,,,,無年齡維度,0.0,男,遷入,國外,0
110,9,28,貢寮區,,,,無年齡維度,0.0,女,遷入,新北市內,0
110,9,28,貢寮區,,,,無年齡維度,0.0,男,遷入,新北市內,0
110,9,28,貢寮區,,,,無年齡維度,0.0,女,遷入,桃園市,1
110,9,28,貢寮區,,,,無年齡維度,0.0,男,遷入,桃園市,2
110,9,28,貢寮區,,,,無年齡維度,0.0,女,遷入,福建省,0
110,9,28,貢寮區,,,,無年齡維度,0.0,男,遷入,福建省,0
110,9,28,貢寮區,,,,無年齡維度,0.0,女,遷入,臺中市,0
110,9,28,貢寮區,,,,無年齡維度,0.0,男,遷入,臺中市,1
110,9,28,貢寮區,,,,無年齡維度,0.0,女,遷入,臺北市,2
110,9,28,貢寮區,,,,無年齡維度,0.0,男,遷入,臺北市,2
110,9,28,貢寮區,,,,無年齡維度,0.0,女,遷入,臺南市,2
110,9,28,貢寮區,,,,無年齡維度,0.0,男,遷入,臺南市,0
110,9,28,貢寮區,,,,無年齡維度,0.0,女,遷入,臺灣省,7
110,9,28,貢寮區,,,,無年齡維度,0.0,男,遷入,臺灣省,9
110,9,28,貢寮區,,,,無年齡維度,0.0,女,遷入,高雄市,0
110,9,28,貢寮區,,,,無年齡維度,0.0,男,遷入,高雄市,0
110,9,28,貢寮區,,,,無年齡維度,0.0,女,遷出,migrants,12
110,9,28,貢寮區,,,,無年齡維度,0.0,男,遷出,migrants,14
110,9,28,貢寮區,,,,無年齡維度,0.0,女,遷出,other,0
110,9,28,貢寮區,,,,無年齡維度,0.0,男,遷出,other,0
110,9,28,貢寮區,,,,無年齡維度,0.0,女,遷出,其他縣市,0
110,9,28,貢寮區,,,,無年齡維度,0.0,男,遷出,其他縣市,0
110,9,28,貢寮區,,,,無年齡維度,0.0,女,遷出,其他鄉鎮,7
110,9,28,貢寮區,,,,無年齡維度,0.0,男,遷出,其他鄉鎮,8
110,9,28,貢寮區,,,,無年齡維度,0.0,女,遷出,合計,30
110,9,28,貢寮區,,,,無年齡維度,0.0,男,遷出,合計,27
110,9,28,貢寮區,,,,無年齡維度,0.0,女,遷出,國外,3
110,9,28,貢寮區,,,,無年齡維度,0.0,男,遷出,國外,4
110,9,28,貢寮區,,,,無年齡維度,0.0,女,遷出,新北市內,0
110,9,28,貢寮區,,,,無年齡維度,0.0,男,遷出,新北市內,0
110,9,28,貢寮區,,,,無年齡維度,0.0,女,遷出,桃園市,3
110,9,28,貢寮區,,,,無年齡維度,0.0,男,遷出,桃園市,2
110,9,28,貢寮區,,,,無年齡維度,0.0,女,遷出,福建省,1
110,9,28,貢寮區,,,,無年齡維度,0.0,男,遷出,福建省,2
110,9,28,貢寮區,,,,無年齡維度,0.0,女,遷出,臺中市,1
110,9,28,貢寮區,,,,無年齡維度,0.0,男,遷出,臺中市,0
110,9,28,貢寮區,,,,無年齡維度,0.0,女,遷出,臺北市,3
110,9,28,貢寮區,,,,無年齡維度,0.0,男,遷出,臺北市,1
110,9,28,貢寮區,,,,無年齡維度,0.0,女,遷出,臺南市,0
110,9,28,貢寮區,,,,無年齡維度,0.0,男,遷出,臺南市,0
110,9,28,貢寮區,,,,無年齡維度,0.0,女,遷出,臺灣省,12
110,9,28,貢寮區,,,,無年齡維度,0.0,男,遷出,臺灣省,9
110,9,28,貢寮區,,,,無年齡維度,0.0,女,遷出,高雄市,0
110,9,28,貢寮區,,,,無年齡維度,0.0,男,遷出,高雄市,1
110,9,29,烏來區,,,,無年齡維度,0.0,女,遷入,migrants,3
110,9,29,烏來區,,,,無年齡維度,0.0,男,遷入,migrants,4
110,9,29,烏來區,,,,無年齡維度,0.0,女,遷入,other,0
110,9,29,烏來區,,,,無年齡維度,0.0,男,遷入,other,0
110,9,29,烏來區,,,,無年齡維度,0.0,女,遷入,其他縣市,0
110,9,29,烏來區,,,,無年齡維度,0.0,男,遷入,其他縣市,0
110,9,29,烏來區,,,,無年齡維度,0.0,女,遷入,其他鄉鎮,14
110,9,29,烏來區,,,,無年齡維度,0.0,男,遷入,其他鄉鎮,10
110,9,29,烏來區,,,,無年齡維度,0.0,女,遷入,合計,24
110,9,29,烏來區,,,,無年齡維度,0.0,男,遷入,合計,19
110,9,29,烏來區,,,,無年齡維度,0.0,女,遷入,國外,0
110,9,29,烏來區,,,,無年齡維度,0.0,男,遷入,國外,0
110,9,29,烏來區,,,,無年齡維度,0.0,女,遷入,新北市內,0
110,9,29,烏來區,,,,無年齡維度,0.0,男,遷入,新北市內,0
110,9,29,烏來區,,,,無年齡維度,0.0,女,遷入,桃園市,3
110,9,29,烏來區,,,,無年齡維度,0.0,男,遷入,桃園市,2
110,9,29,烏來區,,,,無年齡維度,0.0,女,遷入,福建省,0
110,9,29,烏來區,,,,無年齡維度,0.0,男,遷入,福建省,0
110,9,29,烏來區,,,,無年齡維度,0.0,女,遷入,臺中市,0
110,9,29,烏來區,,,,無年齡維度,0.0,男,遷入,臺中市,0
110,9,29,烏來區,,,,無年齡維度,0.0,女,遷入,臺北市,6
110,9,29,烏來區,,,,無年齡維度,0.0,男,遷入,臺北市,5
110,9,29,烏來區,,,,無年齡維度,0.0,女,遷入,臺南市,0
110,9,29,烏來區,,,,無年齡維度,0.0,男,遷入,臺南市,0
110,9,29,烏來區,,,,無年齡維度,0.0,女,遷入,臺灣省,1
110,9,29,烏來區,,,,無年齡維度,0.0,男,遷入,臺灣省,1
110,9,29,烏來區,,,,無年齡維度,0.0,女,遷入,高雄市,0
110,9,29,烏來區,,,,無年齡維度,0.0,男,遷入,高雄市,1
110,9,29,烏來區,,,,無年齡維度,0.0,女,遷出,migrants,3
110,9,29,烏來區,,,,無年齡維度,0.0,男,遷出,migrants,4
110,9,29,烏來區,,,,無年齡維度,0.0,女,遷出,other,0
110,9,29,烏來區,,,,無年齡維度,0.0,男,遷出,other,0
110,9,29,烏來區,,,,無年齡維度,0.0,女,遷出,其他縣市,0
110,9,29,烏來區,,,,無年齡維度,0.0,男,遷出,其他縣市,0
110,9,29,烏來區,,,,無年齡維度,0.0,女,遷出,其他鄉鎮,2
110,9,29,烏來區,,,,無年齡維度,0.0,男,遷出,其他鄉鎮,3
110,9,29,烏來區,,,,無年齡維度,0.0,女,遷出,合計,6
110,9,29,烏來區,,,,無年齡維度,0.0,男,遷出,合計,6
110,9,29,烏來區,,,,無年齡維度,0.0,女,遷出,國外,1
110,9,29,烏來區,,,,無年齡維度,0.0,男,遷出,國外,2
110,9,29,烏來區,,,,無年齡維度,0.0,女,遷出,新北市內,0
110,9,29,烏來區,,,,無年齡維度,0.0,男,遷出,新北市內,0
110,9,29,烏來區,,,,無年齡維度,0.0,女,遷出,桃園市,0
110,9,29,烏來區,,,,無年齡維度,0.0,男,遷出,桃園市,0
110,9,29,烏來區,,,,無年齡維度,0.0,女,遷出,福建省,0
110,9,29,烏來區,,,,無年齡維度,0.0,男,遷出,福建省,0
110,9,29,烏來區,,,,無年齡維度,0.0,女,遷出,臺中市,0
110,9,29,烏來區,,,,無年齡維度,0.0,男,遷出,臺中市,0
110,9,29,烏來區,,,,無年齡維度,0.0,女,遷出,臺北市,1
110,9,29,烏來區,,,,無年齡維度,0.0,男,遷出,臺北市,0
110,9,29,烏來區,,,,無年齡維度,0.0,女,遷出,臺南市,0
110,9,29,烏來區,,,,無年齡維度,0.0,男,遷出,臺南市,0
110,9,29,烏來區,,,,無年齡維度,0.0,女,遷出,臺灣省,2
110,9,29,烏來區,,,,無年齡維度,0.0,男,遷出,臺灣省,1
110,9,29,烏來區,,,,無年齡維度,0.0,女,遷出,高雄市,0
110,9,29,烏來區,,,,無年齡維度,0.0,男,遷出,高雄市,0
110,10,1,板橋區,,,,無年齡維度,0.0,女,遷入,migrants,778
110,10,1,板橋區,,,,無年齡維度,0.0,男,遷入,migrants,676
110,10,1,板橋區,,,,無年齡維度,0.0,女,遷入,other,0
110,10,1,板橋區,,,,無年齡維度,0.0,男,遷入,other,0
110,10,1,板橋區,,,,無年齡維度,0.0,女,遷入,其他縣市,0
110,10,1,板橋區,,,,無年齡維度,0.0,男,遷入,其他縣市,0
110,10,1,板橋區,,,,無年齡維度,0.0,女,遷入,其他鄉鎮,362
110,10,1,板橋區,,,,無年齡維度,0.0,男,遷入,其他鄉鎮,292
110,10,1,板橋區,,,,無年齡維度,0.0,女,遷入,合計,872
110,10,1,板橋區,,,,無年齡維度,0.0,男,遷入,合計,713
110,10,1,板橋區,,,,無年齡維度,0.0,女,遷入,國外,17
110,10,1,板橋區,,,,無年齡維度,0.0,男,遷入,國外,12
110,10,1,板橋區,,,,無年齡維度,0.0,女,遷入,新北市內,0
110,10,1,板橋區,,,,無年齡維度,0.0,男,遷入,新北市內,0
110,10,1,板橋區,,,,無年齡維度,0.0,女,遷入,桃園市,45
110,10,1,板橋區,,,,無年齡維度,0.0,男,遷入,桃園市,58
110,10,1,板橋區,,,,無年齡維度,0.0,女,遷入,福建省,6
110,10,1,板橋區,,,,無年齡維度,0.0,男,遷入,福建省,11
110,10,1,板橋區,,,,無年齡維度,0.0,女,遷入,臺中市,29
110,10,1,板橋區,,,,無年齡維度,0.0,男,遷入,臺中市,16
110,10,1,板橋區,,,,無年齡維度,0.0,女,遷入,臺北市,261
110,10,1,板橋區,,,,無年齡維度,0.0,男,遷入,臺北市,222
110,10,1,板橋區,,,,無年齡維度,0.0,女,遷入,臺南市,12
110,10,1,板橋區,,,,無年齡維度,0.0,男,遷入,臺南市,8
110,10,1,板橋區,,,,無年齡維度,0.0,女,遷入,臺灣省,94
110,10,1,板橋區,,,,無年齡維度,0.0,男,遷入,臺灣省,75
110,10,1,板橋區,,,,無年齡維度,0.0,女,遷入,高雄市,18
110,10,1,板橋區,,,,無年齡維度,0.0,男,遷入,高雄市,13
110,10,1,板橋區,,,,無年齡維度,0.0,女,遷出,migrants,778
110,10,1,板橋區,,,,無年齡維度,0.0,男,遷出,migrants,676
110,10,1,板橋區,,,,無年齡維度,0.0,女,遷出,other,0
110,10,1,板橋區,,,,無年齡維度,0.0,男,遷出,other,0
110,10,1,板橋區,,,,無年齡維度,0.0,女,遷出,其他縣市,0
110,10,1,板橋區,,,,無年齡維度,0.0,男,遷出,其他縣市,0
110,10,1,板橋區,,,,無年齡維度,0.0,女,遷出,其他鄉鎮,392
110,10,1,板橋區,,,,無年齡維度,0.0,男,遷出,其他鄉鎮,282
110,10,1,板橋區,,,,無年齡維度,0.0,女,遷出,合計,1223
110,10,1,板橋區,,,,無年齡維度,0.0,男,遷出,合計,923
110,10,1,板橋區,,,,無年齡維度,0.0,女,遷出,國外,465
110,10,1,板橋區,,,,無年齡維度,0.0,男,遷出,國外,315
110,10,1,板橋區,,,,無年齡維度,0.0,女,遷出,新北市內,0
110,10,1,板橋區,,,,無年齡維度,0.0,男,遷出,新北市內,0
110,10,1,板橋區,,,,無年齡維度,0.0,女,遷出,桃園市,94
110,10,1,板橋區,,,,無年齡維度,0.0,男,遷出,桃園市,66
110,10,1,板橋區,,,,無年齡維度,0.0,女,遷出,福建省,13
110,10,1,板橋區,,,,無年齡維度,0.0,男,遷出,福建省,11
110,10,1,板橋區,,,,無年齡維度,0.0,女,遷出,臺中市,18
110,10,1,板橋區,,,,無年齡維度,0.0,男,遷出,臺中市,18
110,10,1,板橋區,,,,無年齡維度,0.0,女,遷出,臺北市,106
110,10,1,板橋區,,,,無年齡維度,0.0,男,遷出,臺北市,103
110,10,1,板橋區,,,,無年齡維度,0.0,女,遷出,臺南市,16
110,10,1,板橋區,,,,無年齡維度,0.0,男,遷出,臺南市,19
110,10,1,板橋區,,,,無年齡維度,0.0,女,遷出,臺灣省,98
110,10,1,板橋區,,,,無年齡維度,0.0,男,遷出,臺灣省,87
110,10,1,板橋區,,,,無年齡維度,0.0,女,遷出,高雄市,21
110,10,1,板橋區,,,,無年齡維度,0.0,男,遷出,高雄市,22
110,10,2,三重區,,,,無年齡維度,0.0,女,遷入,migrants,478
110,10,2,三重區,,,,無年齡維度,0.0,男,遷入,migrants,423
110,10,2,三重區,,,,無年齡維度,0.0,女,遷入,other,0
110,10,2,三重區,,,,無年齡維度,0.0,男,遷入,other,0
110,10,2,三重區,,,,無年齡維度,0.0,女,遷入,其他縣市,0
110,10,2,三重區,,,,無年齡維度,0.0,男,遷入,其他縣市,0
110,10,2,三重區,,,,無年齡維度,0.0,女,遷入,其他鄉鎮,195
110,10,2,三重區,,,,無年齡維度,0.0,男,遷入,其他鄉鎮,130
110,10,2,三重區,,,,無年齡維度,0.0,女,遷入,合計,582
110,10,2,三重區,,,,無年齡維度,0.0,男,遷入,合計,480
110,10,2,三重區,,,,無年齡維度,0.0,女,遷入,國外,9
110,10,2,三重區,,,,無年齡維度,0.0,男,遷入,國外,11
110,10,2,三重區,,,,無年齡維度,0.0,女,遷入,新北市內,0
110,10,2,三重區,,,,無年齡維度,0.0,男,遷入,新北市內,0
110,10,2,三重區,,,,無年齡維度,0.0,女,遷入,桃園市,31
110,10,2,三重區,,,,無年齡維度,0.0,男,遷入,桃園市,22
110,10,2,三重區,,,,無年齡維度,0.0,女,遷入,福建省,4
110,10,2,三重區,,,,無年齡維度,0.0,男,遷入,福建省,1
110,10,2,三重區,,,,無年齡維度,0.0,女,遷入,臺中市,11
110,10,2,三重區,,,,無年齡維度,0.0,男,遷入,臺中市,9
110,10,2,三重區,,,,無年齡維度,0.0,女,遷入,臺北市,247
110,10,2,三重區,,,,無年齡維度,0.0,男,遷入,臺北市,231
110,10,2,三重區,,,,無年齡維度,0.0,女,遷入,臺南市,9
110,10,2,三重區,,,,無年齡維度,0.0,男,遷入,臺南市,10
110,10,2,三重區,,,,無年齡維度,0.0,女,遷入,臺灣省,58
110,10,2,三重區,,,,無年齡維度,0.0,男,遷入,臺灣省,52
110,10,2,三重區,,,,無年齡維度,0.0,女,遷入,高雄市,7
110,10,2,三重區,,,,無年齡維度,0.0,男,遷入,高雄市,9
110,10,2,三重區,,,,無年齡維度,0.0,女,遷出,migrants,478
110,10,2,三重區,,,,無年齡維度,0.0,男,遷出,migrants,423
110,10,2,三重區,,,,無年齡維度,0.0,女,遷出,other,0
110,10,2,三重區,,,,無年齡維度,0.0,男,遷出,other,0
110,10,2,三重區,,,,無年齡維度,0.0,女,遷出,其他縣市,0
110,10,2,三重區,,,,無年齡維度,0.0,男,遷出,其他縣市,0
110,10,2,三重區,,,,無年齡維度,0.0,女,遷出,其他鄉鎮,242
110,10,2,三重區,,,,無年齡維度,0.0,男,遷出,其他鄉鎮,233
110,10,2,三重區,,,,無年齡維度,0.0,女,遷出,合計,791
110,10,2,三重區,,,,無年齡維度,0.0,男,遷出,合計,664
110,10,2,三重區,,,,無年齡維度,0.0,女,遷出,國外,226
110,10,2,三重區,,,,無年齡維度,0.0,男,遷出,國外,151
110,10,2,三重區,,,,無年齡維度,0.0,女,遷出,新北市內,0
110,10,2,三重區,,,,無年齡維度,0.0,男,遷出,新北市內,0
110,10,2,三重區,,,,無年齡維度,0.0,女,遷出,桃園市,55
110,10,2,三重區,,,,無年齡維度,0.0,男,遷出,桃園市,40
110,10,2,三重區,,,,無年齡維度,0.0,女,遷出,福建省,7
110,10,2,三重區,,,,無年齡維度,0.0,男,遷出,福建省,5
110,10,2,三重區,,,,無年齡維度,0.0,女,遷出,臺中市,23
110,10,2,三重區,,,,無年齡維度,0.0,男,遷出,臺中市,23
110,10,2,三重區,,,,無年齡維度,0.0,女,遷出,臺北市,168
110,10,2,三重區,,,,無年齡維度,0.0,男,遷出,臺北市,136
110,10,2,三重區,,,,無年齡維度,0.0,女,遷出,臺南市,9
110,10,2,三重區,,,,無年齡維度,0.0,男,遷出,臺南市,6
110,10,2,三重區,,,,無年齡維度,0.0,女,遷出,臺灣省,56
110,10,2,三重區,,,,無年齡維度,0.0,男,遷出,臺灣省,61
110,10,2,三重區,,,,無年齡維度,0.0,女,遷出,高雄市,5
110,10,2,三重區,,,,無年齡維度,0.0,男,遷出,高雄市,9
110,10,3,中和區,,,,無年齡維度,0.0,女,遷入,migrants,334
110,10,3,中和區,,,,無年齡維度,0.0,男,遷入,migrants,301
110,10,3,中和區,,,,無年齡維度,0.0,女,遷入,other,0
110,10,3,中和區,,,,無年齡維度,0.0,男,遷入,other,0
110,10,3,中和區,,,,無年齡維度,0.0,女,遷入,其他縣市,0
110,10,3,中和區,,,,無年齡維度,0.0,男,遷入,其他縣市,0
110,10,3,中和區,,,,無年齡維度,0.0,女,遷入,其他鄉鎮,312
110,10,3,中和區,,,,無年齡維度,0.0,男,遷入,其他鄉鎮,220
110,10,3,中和區,,,,無年齡維度,0.0,女,遷入,合計,681
110,10,3,中和區,,,,無年齡維度,0.0,男,遷入,合計,565
110,10,3,中和區,,,,無年齡維度,0.0,女,遷入,國外,36
110,10,3,中和區,,,,無年齡維度,0.0,男,遷入,國外,31
110,10,3,中和區,,,,無年齡維度,0.0,女,遷入,新北市內,0
110,10,3,中和區,,,,無年齡維度,0.0,男,遷入,新北市內,0
110,10,3,中和區,,,,無年齡維度,0.0,女,遷入,桃園市,34
110,10,3,中和區,,,,無年齡維度,0.0,男,遷入,桃園市,33
110,10,3,中和區,,,,無年齡維度,0.0,女,遷入,福建省,4
110,10,3,中和區,,,,無年齡維度,0.0,男,遷入,福建省,9
110,10,3,中和區,,,,無年齡維度,0.0,女,遷入,臺中市,16
110,10,3,中和區,,,,無年齡維度,0.0,男,遷入,臺中市,14
110,10,3,中和區,,,,無年齡維度,0.0,女,遷入,臺北市,189
110,10,3,中和區,,,,無年齡維度,0.0,男,遷入,臺北市,176
110,10,3,中和區,,,,無年齡維度,0.0,女,遷入,臺南市,7
110,10,3,中和區,,,,無年齡維度,0.0,男,遷入,臺南市,6
110,10,3,中和區,,,,無年齡維度,0.0,女,遷入,臺灣省,54
110,10,3,中和區,,,,無年齡維度,0.0,男,遷入,臺灣省,57
110,10,3,中和區,,,,無年齡維度,0.0,女,遷入,高雄市,16
110,10,3,中和區,,,,無年齡維度,0.0,男,遷入,高雄市,16
110,10,3,中和區,,,,無年齡維度,0.0,女,遷出,migrants,334
110,10,3,中和區,,,,無年齡維度,0.0,男,遷出,migrants,301
110,10,3,中和區,,,,無年齡維度,0.0,女,遷出,other,0
110,10,3,中和區,,,,無年齡維度,0.0,男,遷出,other,0
110,10,3,中和區,,,,無年齡維度,0.0,女,遷出,其他縣市,0
110,10,3,中和區,,,,無年齡維度,0.0,男,遷出,其他縣市,0
110,10,3,中和區,,,,無年齡維度,0.0,女,遷出,其他鄉鎮,380
110,10,3,中和區,,,,無年齡維度,0.0,男,遷出,其他鄉鎮,277
110,10,3,中和區,,,,無年齡維度,0.0,女,遷出,合計,1013
110,10,3,中和區,,,,無年齡維度,0.0,男,遷出,合計,796
110,10,3,中和區,,,,無年齡維度,0.0,女,遷出,國外,324
110,10,3,中和區,,,,無年齡維度,0.0,男,遷出,國外,268
110,10,3,中和區,,,,無年齡維度,0.0,女,遷出,新北市內,0
110,10,3,中和區,,,,無年齡維度,0.0,男,遷出,新北市內,0
110,10,3,中和區,,,,無年齡維度,0.0,女,遷出,桃園市,75
110,10,3,中和區,,,,無年齡維度,0.0,男,遷出,桃園市,63
110,10,3,中和區,,,,無年齡維度,0.0,女,遷出,福建省,18
110,10,3,中和區,,,,無年齡維度,0.0,男,遷出,福建省,12
110,10,3,中和區,,,,無年齡維度,0.0,女,遷出,臺中市,16
110,10,3,中和區,,,,無年齡維度,0.0,男,遷出,臺中市,19
110,10,3,中和區,,,,無年齡維度,0.0,女,遷出,臺北市,110
110,10,3,中和區,,,,無年齡維度,0.0,男,遷出,臺北市,82
110,10,3,中和區,,,,無年齡維度,0.0,女,遷出,臺南市,4
110,10,3,中和區,,,,無年齡維度,0.0,男,遷出,臺南市,5
110,10,3,中和區,,,,無年齡維度,0.0,女,遷出,臺灣省,72
110,10,3,中和區,,,,無年齡維度,0.0,男,遷出,臺灣省,59
110,10,3,中和區,,,,無年齡維度,0.0,女,遷出,高雄市,12
110,10,3,中和區,,,,無年齡維度,0.0,男,遷出,高雄市,10
110,10,4,永和區,,,,無年齡維度,0.0,女,遷入,migrants,192
110,10,4,永和區,,,,無年齡維度,0.0,男,遷入,migrants,160
110,10,4,永和區,,,,無年齡維度,0.0,女,遷入,other,0
110,10,4,永和區,,,,無年齡維度,0.0,男,遷入,other,0
110,10,4,永和區,,,,無年齡維度,0.0,女,遷入,其他縣市,0
110,10,4,永和區,,,,無年齡維度,0.0,男,遷入,其他縣市,0
110,10,4,永和區,,,,無年齡維度,0.0,女,遷入,其他鄉鎮,193
110,10,4,永和區,,,,無年齡維度,0.0,男,遷入,其他鄉鎮,141
110,10,4,永和區,,,,無年齡維度,0.0,女,遷入,合計,454
110,10,4,永和區,,,,無年齡維度,0.0,男,遷入,合計,352
110,10,4,永和區,,,,無年齡維度,0.0,女,遷入,國外,24
110,10,4,永和區,,,,無年齡維度,0.0,男,遷入,國外,23
110,10,4,永和區,,,,無年齡維度,0.0,女,遷入,新北市內,0
110,10,4,永和區,,,,無年齡維度,0.0,男,遷入,新北市內,0
110,10,4,永和區,,,,無年齡維度,0.0,女,遷入,桃園市,19
110,10,4,永和區,,,,無年齡維度,0.0,男,遷入,桃園市,15
110,10,4,永和區,,,,無年齡維度,0.0,女,遷入,福建省,4
110,10,4,永和區,,,,無年齡維度,0.0,男,遷入,福建省,5
110,10,4,永和區,,,,無年齡維度,0.0,女,遷入,臺中市,15
110,10,4,永和區,,,,無年齡維度,0.0,男,遷入,臺中市,5
110,10,4,永和區,,,,無年齡維度,0.0,女,遷入,臺北市,128
110,10,4,永和區,,,,無年齡維度,0.0,男,遷入,臺北市,112
110,10,4,永和區,,,,無年齡維度,0.0,女,遷入,臺南市,5
110,10,4,永和區,,,,無年齡維度,0.0,男,遷入,臺南市,8
110,10,4,永和區,,,,無年齡維度,0.0,女,遷入,臺灣省,50
110,10,4,永和區,,,,無年齡維度,0.0,男,遷入,臺灣省,36
110,10,4,永和區,,,,無年齡維度,0.0,女,遷入,高雄市,7
110,10,4,永和區,,,,無年齡維度,0.0,男,遷入,高雄市,3
110,10,4,永和區,,,,無年齡維度,0.0,女,遷出,migrants,192
110,10,4,永和區,,,,無年齡維度,0.0,男,遷出,migrants,160
110,10,4,永和區,,,,無年齡維度,0.0,女,遷出,other,0
110,10,4,永和區,,,,無年齡維度,0.0,男,遷出,other,0
110,10,4,永和區,,,,無年齡維度,0.0,女,遷出,其他縣市,0
110,10,4,永和區,,,,無年齡維度,0.0,男,遷出,其他縣市,0
110,10,4,永和區,,,,無年齡維度,0.0,女,遷出,其他鄉鎮,208
110,10,4,永和區,,,,無年齡維度,0.0,男,遷出,其他鄉鎮,164
110,10,4,永和區,,,,無年齡維度,0.0,女,遷出,合計,572
110,10,4,永和區,,,,無年齡維度,0.0,男,遷出,合計,440
110,10,4,永和區,,,,無年齡維度,0.0,女,遷出,國外,227
110,10,4,永和區,,,,無年齡維度,0.0,男,遷出,國外,158
110,10,4,永和區,,,,無年齡維度,0.0,女,遷出,新北市內,0
110,10,4,永和區,,,,無年齡維度,0.0,男,遷出,新北市內,0
110,10,4,永和區,,,,無年齡維度,0.0,女,遷出,桃園市,18
110,10,4,永和區,,,,無年齡維度,0.0,男,遷出,桃園市,20
110,10,4,永和區,,,,無年齡維度,0.0,女,遷出,福建省,4
110,10,4,永和區,,,,無年齡維度,0.0,男,遷出,福建省,8
110,10,4,永和區,,,,無年齡維度,0.0,女,遷出,臺中市,6
110,10,4,永和區,,,,無年齡維度,0.0,男,遷出,臺中市,8
110,10,4,永和區,,,,無年齡維度,0.0,女,遷出,臺北市,66
110,10,4,永和區,,,,無年齡維度,0.0,男,遷出,臺北市,48
110,10,4,永和區,,,,無年齡維度,0.0,女,遷出,臺南市,1
110,10,4,永和區,,,,無年齡維度,0.0,男,遷出,臺南市,6
110,10,4,永和區,,,,無年齡維度,0.0,女,遷出,臺灣省,39
110,10,4,永和區,,,,無年齡維度,0.0,男,遷出,臺灣省,25
110,10,4,永和區,,,,無年齡維度,0.0,女,遷出,高雄市,3
110,10,4,永和區,,,,無年齡維度,0.0,男,遷出,高雄市,3
110,10,5,新莊區,,,,無年齡維度,0.0,女,遷入,migrants,664
110,10,5,新莊區,,,,無年齡維度,0.0,男,遷入,migrants,573
110,10,5,新莊區,,,,無年齡維度,0.0,女,遷入,other,0
110,10,5,新莊區,,,,無年齡維度,0.0,男,遷入,other,0
110,10,5,新莊區,,,,無年齡維度,0.0,女,遷入,其他縣市,0
110,10,5,新莊區,,,,無年齡維度,0.0,男,遷入,其他縣市,0
110,10,5,新莊區,,,,無年齡維度,0.0,女,遷入,其他鄉鎮,250
110,10,5,新莊區,,,,無年齡維度,0.0,男,遷入,其他鄉鎮,210
110,10,5,新莊區,,,,無年齡維度,0.0,女,遷入,合計,569
110,10,5,新莊區,,,,無年齡維度,0.0,男,遷入,合計,532
110,10,5,新莊區,,,,無年齡維度,0.0,女,遷入,國外,15
110,10,5,新莊區,,,,無年齡維度,0.0,男,遷入,國外,9
110,10,5,新莊區,,,,無年齡維度,0.0,女,遷入,新北市內,0
110,10,5,新莊區,,,,無年齡維度,0.0,男,遷入,新北市內,0
110,10,5,新莊區,,,,無年齡維度,0.0,女,遷入,桃園市,54
110,10,5,新莊區,,,,無年齡維度,0.0,男,遷入,桃園市,69
110,10,5,新莊區,,,,無年齡維度,0.0,女,遷入,福建省,3
110,10,5,新莊區,,,,無年齡維度,0.0,男,遷入,福建省,1
110,10,5,新莊區,,,,無年齡維度,0.0,女,遷入,臺中市,9
110,10,5,新莊區,,,,無年齡維度,0.0,男,遷入,臺中市,12
110,10,5,新莊區,,,,無年齡維度,0.0,女,遷入,臺北市,129
110,10,5,新莊區,,,,無年齡維度,0.0,男,遷入,臺北市,124
110,10,5,新莊區,,,,無年齡維度,0.0,女,遷入,臺南市,11
110,10,5,新莊區,,,,無年齡維度,0.0,男,遷入,臺南市,6
110,10,5,新莊區,,,,無年齡維度,0.0,女,遷入,臺灣省,71
110,10,5,新莊區,,,,無年齡維度,0.0,男,遷入,臺灣省,83
110,10,5,新莊區,,,,無年齡維度,0.0,女,遷入,高雄市,12
110,10,5,新莊區,,,,無年齡維度,0.0,男,遷入,高雄市,13
110,10,5,新莊區,,,,無年齡維度,0.0,女,遷出,migrants,664
110,10,5,新莊區,,,,無年齡維度,0.0,男,遷出,migrants,573
110,10,5,新莊區,,,,無年齡維度,0.0,女,遷出,other,0
110,10,5,新莊區,,,,無年齡維度,0.0,男,遷出,other,0
110,10,5,新莊區,,,,無年齡維度,0.0,女,遷出,其他縣市,0
110,10,5,新莊區,,,,無年齡維度,0.0,男,遷出,其他縣市,0
110,10,5,新莊區,,,,無年齡維度,0.0,女,遷出,其他鄉鎮,266
110,10,5,新莊區,,,,無年齡維度,0.0,男,遷出,其他鄉鎮,192
110,10,5,新莊區,,,,無年齡維度,0.0,女,遷出,合計,705
110,10,5,新莊區,,,,無年齡維度,0.0,男,遷出,合計,585
110,10,5,新莊區,,,,無年齡維度,0.0,女,遷出,國外,165
110,10,5,新莊區,,,,無年齡維度,0.0,男,遷出,國外,148
110,10,5,新莊區,,,,無年齡維度,0.0,女,遷出,新北市內,0
110,10,5,新莊區,,,,無年齡維度,0.0,男,遷出,新北市內,0
110,10,5,新莊區,,,,無年齡維度,0.0,女,遷出,桃園市,74
110,10,5,新莊區,,,,無年齡維度,0.0,男,遷出,桃園市,73
110,10,5,新莊區,,,,無年齡維度,0.0,女,遷出,福建省,11
110,10,5,新莊區,,,,無年齡維度,0.0,男,遷出,福建省,9
110,10,5,新莊區,,,,無年齡維度,0.0,女,遷出,臺中市,13
110,10,5,新莊區,,,,無年齡維度,0.0,男,遷出,臺中市,14
110,10,5,新莊區,,,,無年齡維度,0.0,女,遷出,臺北市,75
110,10,5,新莊區,,,,無年齡維度,0.0,男,遷出,臺北市,53
110,10,5,新莊區,,,,無年齡維度,0.0,女,遷出,臺南市,12
110,10,5,新莊區,,,,無年齡維度,0.0,男,遷出,臺南市,9
110,10,5,新莊區,,,,無年齡維度,0.0,女,遷出,臺灣省,79
110,10,5,新莊區,,,,無年齡維度,0.0,男,遷出,臺灣省,78
110,10,5,新莊區,,,,無年齡維度,0.0,女,遷出,高雄市,9
110,10,5,新莊區,,,,無年齡維度,0.0,男,遷出,高雄市,9
110,10,6,新店區,,,,無年齡維度,0.0,女,遷入,migrants,411
110,10,6,新店區,,,,無年齡維度,0.0,男,遷入,migrants,388
110,10,6,新店區,,,,無年齡維度,0.0,女,遷入,other,0
110,10,6,新店區,,,,無年齡維度,0.0,男,遷入,other,0
110,10,6,新店區,,,,無年齡維度,0.0,女,遷入,其他縣市,0
110,10,6,新店區,,,,無年齡維度,0.0,男,遷入,其他縣市,0
110,10,6,新店區,,,,無年齡維度,0.0,女,遷入,其他鄉鎮,145
110,10,6,新店區,,,,無年齡維度,0.0,男,遷入,其他鄉鎮,95
110,10,6,新店區,,,,無年齡維度,0.0,女,遷入,合計,533
110,10,6,新店區,,,,無年齡維度,0.0,男,遷入,合計,435
110,10,6,新店區,,,,無年齡維度,0.0,女,遷入,國外,30
110,10,6,新店區,,,,無年齡維度,0.0,男,遷入,國外,18
110,10,6,新店區,,,,無年齡維度,0.0,女,遷入,新北市內,0
110,10,6,新店區,,,,無年齡維度,0.0,男,遷入,新北市內,0
110,10,6,新店區,,,,無年齡維度,0.0,女,遷入,桃園市,24
110,10,6,新店區,,,,無年齡維度,0.0,男,遷入,桃園市,19
110,10,6,新店區,,,,無年齡維度,0.0,女,遷入,福建省,0
110,10,6,新店區,,,,無年齡維度,0.0,男,遷入,福建省,2
110,10,6,新店區,,,,無年齡維度,0.0,女,遷入,臺中市,13
110,10,6,新店區,,,,無年齡維度,0.0,男,遷入,臺中市,9
110,10,6,新店區,,,,無年齡維度,0.0,女,遷入,臺北市,255
110,10,6,新店區,,,,無年齡維度,0.0,男,遷入,臺北市,239
110,10,6,新店區,,,,無年齡維度,0.0,女,遷入,臺南市,5
110,10,6,新店區,,,,無年齡維度,0.0,男,遷入,臺南市,5
110,10,6,新店區,,,,無年齡維度,0.0,女,遷入,臺灣省,45
110,10,6,新店區,,,,無年齡維度,0.0,男,遷入,臺灣省,35
110,10,6,新店區,,,,無年齡維度,0.0,女,遷入,高雄市,10
110,10,6,新店區,,,,無年齡維度,0.0,男,遷入,高雄市,11
110,10,6,新店區,,,,無年齡維度,0.0,女,遷出,migrants,411
110,10,6,新店區,,,,無年齡維度,0.0,男,遷出,migrants,388
110,10,6,新店區,,,,無年齡維度,0.0,女,遷出,other,0
110,10,6,新店區,,,,無年齡維度,0.0,男,遷出,other,0
110,10,6,新店區,,,,無年齡維度,0.0,女,遷出,其他縣市,0
110,10,6,新店區,,,,無年齡維度,0.0,男,遷出,其他縣市,0
110,10,6,新店區,,,,無年齡維度,0.0,女,遷出,其他鄉鎮,164
110,10,6,新店區,,,,無年齡維度,0.0,男,遷出,其他鄉鎮,111
110,10,6,新店區,,,,無年齡維度,0.0,女,遷出,合計,683
110,10,6,新店區,,,,無年齡維度,0.0,男,遷出,合計,565
110,10,6,新店區,,,,無年齡維度,0.0,女,遷出,國外,274
110,10,6,新店區,,,,無年齡維度,0.0,男,遷出,國外,218
110,10,6,新店區,,,,無年齡維度,0.0,女,遷出,新北市內,0
110,10,6,新店區,,,,無年齡維度,0.0,男,遷出,新北市內,0
110,10,6,新店區,,,,無年齡維度,0.0,女,遷出,桃園市,34
110,10,6,新店區,,,,無年齡維度,0.0,男,遷出,桃園市,25
110,10,6,新店區,,,,無年齡維度,0.0,女,遷出,福建省,10
110,10,6,新店區,,,,無年齡維度,0.0,男,遷出,福建省,5
110,10,6,新店區,,,,無年齡維度,0.0,女,遷出,臺中市,15
110,10,6,新店區,,,,無年齡維度,0.0,男,遷出,臺中市,15
110,10,6,新店區,,,,無年齡維度,0.0,女,遷出,臺北市,134
110,10,6,新店區,,,,無年齡維度,0.0,男,遷出,臺北市,123
110,10,6,新店區,,,,無年齡維度,0.0,女,遷出,臺南市,4
110,10,6,新店區,,,,無年齡維度,0.0,男,遷出,臺南市,6
110,10,6,新店區,,,,無年齡維度,0.0,女,遷出,臺灣省,35
110,10,6,新店區,,,,無年齡維度,0.0,男,遷出,臺灣省,48
110,10,6,新店區,,,,無年齡維度,0.0,女,遷出,高雄市,12
110,10,6,新店區,,,,無年齡維度,0.0,男,遷出,高雄市,13
110,10,7,土城區,,,,無年齡維度,0.0,女,遷入,migrants,191
110,10,7,土城區,,,,無年齡維度,0.0,男,遷入,migrants,155
110,10,7,土城區,,,,無年齡維度,0.0,女,遷入,other,0
110,10,7,土城區,,,,無年齡維度,0.0,男,遷入,other,0
110,10,7,土城區,,,,無年齡維度,0.0,女,遷入,其他縣市,0
110,10,7,土城區,,,,無年齡維度,0.0,男,遷入,其他縣市,0
110,10,7,土城區,,,,無年齡維度,0.0,女,遷入,其他鄉鎮,141
110,10,7,土城區,,,,無年齡維度,0.0,男,遷入,其他鄉鎮,132
110,10,7,土城區,,,,無年齡維度,0.0,女,遷入,合計,260
110,10,7,土城區,,,,無年齡維度,0.0,男,遷入,合計,236
110,10,7,土城區,,,,無年齡維度,0.0,女,遷入,國外,2
110,10,7,土城區,,,,無年齡維度,0.0,男,遷入,國外,7
110,10,7,土城區,,,,無年齡維度,0.0,女,遷入,新北市內,0
110,10,7,土城區,,,,無年齡維度,0.0,男,遷入,新北市內,0
110,10,7,土城區,,,,無年齡維度,0.0,女,遷入,桃園市,30
110,10,7,土城區,,,,無年齡維度,0.0,男,遷入,桃園市,25
110,10,7,土城區,,,,無年齡維度,0.0,女,遷入,福建省,1
110,10,7,土城區,,,,無年齡維度,0.0,男,遷入,福建省,0
110,10,7,土城區,,,,無年齡維度,0.0,女,遷入,臺中市,6
110,10,7,土城區,,,,無年齡維度,0.0,男,遷入,臺中市,3
110,10,7,土城區,,,,無年齡維度,0.0,女,遷入,臺北市,42
110,10,7,土城區,,,,無年齡維度,0.0,男,遷入,臺北市,40
110,10,7,土城區,,,,無年齡維度,0.0,女,遷入,臺南市,3
110,10,7,土城區,,,,無年齡維度,0.0,男,遷入,臺南市,2
110,10,7,土城區,,,,無年齡維度,0.0,女,遷入,臺灣省,22
110,10,7,土城區,,,,無年齡維度,0.0,男,遷入,臺灣省,19
110,10,7,土城區,,,,無年齡維度,0.0,女,遷入,高雄市,5
110,10,7,土城區,,,,無年齡維度,0.0,男,遷入,高雄市,5
110,10,7,土城區,,,,無年齡維度,0.0,女,遷出,migrants,191
110,10,7,土城區,,,,無年齡維度,0.0,男,遷出,migrants,155
110,10,7,土城區,,,,無年齡維度,0.0,女,遷出,other,0
110,10,7,土城區,,,,無年齡維度,0.0,男,遷出,other,0
110,10,7,土城區,,,,無年齡維度,0.0,女,遷出,其他縣市,0
110,10,7,土城區,,,,無年齡維度,0.0,男,遷出,其他縣市,0
110,10,7,土城區,,,,無年齡維度,0.0,女,遷出,其他鄉鎮,151
110,10,7,土城區,,,,無年齡維度,0.0,男,遷出,其他鄉鎮,126
110,10,7,土城區,,,,無年齡維度,0.0,女,遷出,合計,367
110,10,7,土城區,,,,無年齡維度,0.0,男,遷出,合計,336
110,10,7,土城區,,,,無年齡維度,0.0,女,遷出,國外,102
110,10,7,土城區,,,,無年齡維度,0.0,男,遷出,國外,99
110,10,7,土城區,,,,無年齡維度,0.0,女,遷出,新北市內,0
110,10,7,土城區,,,,無年齡維度,0.0,男,遷出,新北市內,0
110,10,7,土城區,,,,無年齡維度,0.0,女,遷出,桃園市,38
110,10,7,土城區,,,,無年齡維度,0.0,男,遷出,桃園市,35
110,10,7,土城區,,,,無年齡維度,0.0,女,遷出,福建省,4
110,10,7,土城區,,,,無年齡維度,0.0,男,遷出,福建省,8
110,10,7,土城區,,,,無年齡維度,0.0,女,遷出,臺中市,8
110,10,7,土城區,,,,無年齡維度,0.0,男,遷出,臺中市,7
110,10,7,土城區,,,,無年齡維度,0.0,女,遷出,臺北市,16
110,10,7,土城區,,,,無年齡維度,0.0,男,遷出,臺北市,13
110,10,7,土城區,,,,無年齡維度,0.0,女,遷出,臺南市,6
110,10,7,土城區,,,,無年齡維度,0.0,男,遷出,臺南市,5
110,10,7,土城區,,,,無年齡維度,0.0,女,遷出,臺灣省,38
110,10,7,土城區,,,,無年齡維度,0.0,男,遷出,臺灣省,38
110,10,7,土城區,,,,無年齡維度,0.0,女,遷出,高雄市,4
110,10,7,土城區,,,,無年齡維度,0.0,男,遷出,高雄市,5
110,10,8,蘆洲區,,,,無年齡維度,0.0,女,遷入,migrants,138
110,10,8,蘆洲區,,,,無年齡維度,0.0,男,遷入,migrants,94
110,10,8,蘆洲區,,,,無年齡維度,0.0,女,遷入,other,0
110,10,8,蘆洲區,,,,無年齡維度,0.0,男,遷入,other,0
110,10,8,蘆洲區,,,,無年齡維度,0.0,女,遷入,其他縣市,0
110,10,8,蘆洲區,,,,無年齡維度,0.0,男,遷入,其他縣市,0
110,10,8,蘆洲區,,,,無年齡維度,0.0,女,遷入,其他鄉鎮,77
110,10,8,蘆洲區,,,,無年齡維度,0.0,男,遷入,其他鄉鎮,53
110,10,8,蘆洲區,,,,無年齡維度,0.0,女,遷入,合計,162
110,10,8,蘆洲區,,,,無年齡維度,0.0,男,遷入,合計,137
110,10,8,蘆洲區,,,,無年齡維度,0.0,女,遷入,國外,4
110,10,8,蘆洲區,,,,無年齡維度,0.0,男,遷入,國外,2
110,10,8,蘆洲區,,,,無年齡維度,0.0,女,遷入,新北市內,0
110,10,8,蘆洲區,,,,無年齡維度,0.0,男,遷入,新北市內,0
110,10,8,蘆洲區,,,,無年齡維度,0.0,女,遷入,桃園市,42
110,10,8,蘆洲區,,,,無年齡維度,0.0,男,遷入,桃園市,37
110,10,8,蘆洲區,,,,無年齡維度,0.0,女,遷入,福建省,0
110,10,8,蘆洲區,,,,無年齡維度,0.0,男,遷入,福建省,0
110,10,8,蘆洲區,,,,無年齡維度,0.0,女,遷入,臺中市,7
110,10,8,蘆洲區,,,,無年齡維度,0.0,男,遷入,臺中市,7
110,10,8,蘆洲區,,,,無年齡維度,0.0,女,遷入,臺北市,8
110,10,8,蘆洲區,,,,無年齡維度,0.0,男,遷入,臺北市,12
110,10,8,蘆洲區,,,,無年齡維度,0.0,女,遷入,臺南市,0
110,10,8,蘆洲區,,,,無年齡維度,0.0,男,遷入,臺南市,4
110,10,8,蘆洲區,,,,無年齡維度,0.0,女,遷入,臺灣省,19
110,10,8,蘆洲區,,,,無年齡維度,0.0,男,遷入,臺灣省,19
110,10,8,蘆洲區,,,,無年齡維度,0.0,女,遷入,高雄市,5
110,10,8,蘆洲區,,,,無年齡維度,0.0,男,遷入,高雄市,1
110,10,8,蘆洲區,,,,無年齡維度,0.0,女,遷出,migrants,138
110,10,8,蘆洲區,,,,無年齡維度,0.0,男,遷出,migrants,94
110,10,8,蘆洲區,,,,無年齡維度,0.0,女,遷出,other,0
110,10,8,蘆洲區,,,,無年齡維度,0.0,男,遷出,other,0
110,10,8,蘆洲區,,,,無年齡維度,0.0,女,遷出,其他縣市,0
110,10,8,蘆洲區,,,,無年齡維度,0.0,男,遷出,其他縣市,0
110,10,8,蘆洲區,,,,無年齡維度,0.0,女,遷出,其他鄉鎮,26
110,10,8,蘆洲區,,,,無年齡維度,0.0,男,遷出,其他鄉鎮,21
110,10,8,蘆洲區,,,,無年齡維度,0.0,女,遷出,合計,170
110,10,8,蘆洲區,,,,無年齡維度,0.0,男,遷出,合計,123
110,10,8,蘆洲區,,,,無年齡維度,0.0,女,遷出,國外,33
110,10,8,蘆洲區,,,,無年齡維度,0.0,男,遷出,國外,21
110,10,8,蘆洲區,,,,無年齡維度,0.0,女,遷出,新北市內,0
110,10,8,蘆洲區,,,,無年齡維度,0.0,男,遷出,新北市內,0
110,10,8,蘆洲區,,,,無年齡維度,0.0,女,遷出,桃園市,67
110,10,8,蘆洲區,,,,無年齡維度,0.0,男,遷出,桃園市,52
110,10,8,蘆洲區,,,,無年齡維度,0.0,女,遷出,福建省,3
110,10,8,蘆洲區,,,,無年齡維度,0.0,男,遷出,福建省,4
110,10,8,蘆洲區,,,,無年齡維度,0.0,女,遷出,臺中市,5
110,10,8,蘆洲區,,,,無年齡維度,0.0,男,遷出,臺中市,1
110,10,8,蘆洲區,,,,無年齡維度,0.0,女,遷出,臺北市,7
110,10,8,蘆洲區,,,,無年齡維度,0.0,男,遷出,臺北市,6
110,10,8,蘆洲區,,,,無年齡維度,0.0,女,遷出,臺南市,1
110,10,8,蘆洲區,,,,無年齡維度,0.0,男,遷出,臺南市,2
110,10,8,蘆洲區,,,,無年齡維度,0.0,女,遷出,臺灣省,26
110,10,8,蘆洲區,,,,無年齡維度,0.0,男,遷出,臺灣省,15
110,10,8,蘆洲區,,,,無年齡維度,0.0,女,遷出,高雄市,2
110,10,8,蘆洲區,,,,無年齡維度,0.0,男,遷出,高雄市,1
110,10,9,樹林區,,,,無年齡維度,0.0,女,遷入,migrants,149
110,10,9,樹林區,,,,無年齡維度,0.0,男,遷入,migrants,127
110,10,9,樹林區,,,,無年齡維度,0.0,女,遷入,other,0
110,10,9,樹林區,,,,無年齡維度,0.0,男,遷入,other,0
110,10,9,樹林區,,,,無年齡維度,0.0,女,遷入,其他縣市,0
110,10,9,樹林區,,,,無年齡維度,0.0,男,遷入,其他縣市,0
110,10,9,樹林區,,,,無年齡維度,0.0,女,遷入,其他鄉鎮,95
110,10,9,樹林區,,,,無年齡維度,0.0,男,遷入,其他鄉鎮,85
110,10,9,樹林區,,,,無年齡維度,0.0,女,遷入,合計,171
110,10,9,樹林區,,,,無年齡維度,0.0,男,遷入,合計,155
110,10,9,樹林區,,,,無年齡維度,0.0,女,遷入,國外,1
110,10,9,樹林區,,,,無年齡維度,0.0,男,遷入,國外,4
110,10,9,樹林區,,,,無年齡維度,0.0,女,遷入,新北市內,0
110,10,9,樹林區,,,,無年齡維度,0.0,男,遷入,新北市內,0
110,10,9,樹林區,,,,無年齡維度,0.0,女,遷入,桃園市,21
110,10,9,樹林區,,,,無年齡維度,0.0,男,遷入,桃園市,21
110,10,9,樹林區,,,,無年齡維度,0.0,女,遷入,福建省,1
110,10,9,樹林區,,,,無年齡維度,0.0,男,遷入,福建省,0
110,10,9,樹林區,,,,無年齡維度,0.0,女,遷入,臺中市,4
110,10,9,樹林區,,,,無年齡維度,0.0,男,遷入,臺中市,2
110,10,9,樹林區,,,,無年齡維度,0.0,女,遷入,臺北市,23
110,10,9,樹林區,,,,無年齡維度,0.0,男,遷入,臺北市,22
110,10,9,樹林區,,,,無年齡維度,0.0,女,遷入,臺南市,0
110,10,9,樹林區,,,,無年齡維度,0.0,男,遷入,臺南市,1
110,10,9,樹林區,,,,無年齡維度,0.0,女,遷入,臺灣省,16
110,10,9,樹林區,,,,無年齡維度,0.0,男,遷入,臺灣省,14
110,10,9,樹林區,,,,無年齡維度,0.0,女,遷入,高雄市,5
110,10,9,樹林區,,,,無年齡維度,0.0,男,遷入,高雄市,5
110,10,9,樹林區,,,,無年齡維度,0.0,女,遷出,migrants,149
110,10,9,樹林區,,,,無年齡維度,0.0,男,遷出,migrants,127
110,10,9,樹林區,,,,無年齡維度,0.0,女,遷出,other,0
110,10,9,樹林區,,,,無年齡維度,0.0,男,遷出,other,0
110,10,9,樹林區,,,,無年齡維度,0.0,女,遷出,其他縣市,0
110,10,9,樹林區,,,,無年齡維度,0.0,男,遷出,其他縣市,0
110,10,9,樹林區,,,,無年齡維度,0.0,女,遷出,其他鄉鎮,94
110,10,9,樹林區,,,,無年齡維度,0.0,男,遷出,其他鄉鎮,81
110,10,9,樹林區,,,,無年齡維度,0.0,女,遷出,合計,233
110,10,9,樹林區,,,,無年齡維度,0.0,男,遷出,合計,199
110,10,9,樹林區,,,,無年齡維度,0.0,女,遷出,國外,55
110,10,9,樹林區,,,,無年齡維度,0.0,男,遷出,國外,44
110,10,9,樹林區,,,,無年齡維度,0.0,女,遷出,新北市內,0
110,10,9,樹林區,,,,無年齡維度,0.0,男,遷出,新北市內,0
110,10,9,樹林區,,,,無年齡維度,0.0,女,遷出,桃園市,41
110,10,9,樹林區,,,,無年齡維度,0.0,男,遷出,桃園市,32
110,10,9,樹林區,,,,無年齡維度,0.0,女,遷出,福建省,1
110,10,9,樹林區,,,,無年齡維度,0.0,男,遷出,福建省,3
110,10,9,樹林區,,,,無年齡維度,0.0,女,遷出,臺中市,3
110,10,9,樹林區,,,,無年齡維度,0.0,男,遷出,臺中市,4
110,10,9,樹林區,,,,無年齡維度,0.0,女,遷出,臺北市,16
110,10,9,樹林區,,,,無年齡維度,0.0,男,遷出,臺北市,13
110,10,9,樹林區,,,,無年齡維度,0.0,女,遷出,臺南市,4
110,10,9,樹林區,,,,無年齡維度,0.0,男,遷出,臺南市,1
110,10,9,樹林區,,,,無年齡維度,0.0,女,遷出,臺灣省,18
110,10,9,樹林區,,,,無年齡維度,0.0,男,遷出,臺灣省,19
110,10,9,樹林區,,,,無年齡維度,0.0,女,遷出,高雄市,1
110,10,9,樹林區,,,,無年齡維度,0.0,男,遷出,高雄市,2
110,10,10,鶯歌區,,,,無年齡維度,0.0,女,遷入,migrants,295
110,10,10,鶯歌區,,,,無年齡維度,0.0,男,遷入,migrants,281
110,10,10,鶯歌區,,,,無年齡維度,0.0,女,遷入,other,0
110,10,10,鶯歌區,,,,無年齡維度,0.0,男,遷入,other,0
110,10,10,鶯歌區,,,,無年齡維度,0.0,女,遷入,其他縣市,0
110,10,10,鶯歌區,,,,無年齡維度,0.0,男,遷入,其他縣市,0
110,10,10,鶯歌區,,,,無年齡維度,0.0,女,遷入,其他鄉鎮,135
110,10,10,鶯歌區,,,,無年齡維度,0.0,男,遷入,其他鄉鎮,98
110,10,10,鶯歌區,,,,無年齡維度,0.0,女,遷入,合計,425
110,10,10,鶯歌區,,,,無年齡維度,0.0,男,遷入,合計,351
110,10,10,鶯歌區,,,,無年齡維度,0.0,女,遷入,國外,13
110,10,10,鶯歌區,,,,無年齡維度,0.0,男,遷入,國外,13
110,10,10,鶯歌區,,,,無年齡維度,0.0,女,遷入,新北市內,0
110,10,10,鶯歌區,,,,無年齡維度,0.0,男,遷入,新北市內,0
110,10,10,鶯歌區,,,,無年齡維度,0.0,女,遷入,桃園市,21
110,10,10,鶯歌區,,,,無年齡維度,0.0,男,遷入,桃園市,24
110,10,10,鶯歌區,,,,無年齡維度,0.0,女,遷入,福建省,1
110,10,10,鶯歌區,,,,無年齡維度,0.0,男,遷入,福建省,1
110,10,10,鶯歌區,,,,無年齡維度,0.0,女,遷入,臺中市,10
110,10,10,鶯歌區,,,,無年齡維度,0.0,男,遷入,臺中市,9
110,10,10,鶯歌區,,,,無年齡維度,0.0,女,遷入,臺北市,175
110,10,10,鶯歌區,,,,無年齡維度,0.0,男,遷入,臺北市,143
110,10,10,鶯歌區,,,,無年齡維度,0.0,女,遷入,臺南市,4
110,10,10,鶯歌區,,,,無年齡維度,0.0,男,遷入,臺南市,4
110,10,10,鶯歌區,,,,無年齡維度,0.0,女,遷入,臺灣省,45
110,10,10,鶯歌區,,,,無年齡維度,0.0,男,遷入,臺灣省,38
110,10,10,鶯歌區,,,,無年齡維度,0.0,女,遷入,高雄市,16
110,10,10,鶯歌區,,,,無年齡維度,0.0,男,遷入,高雄市,12
110,10,10,鶯歌區,,,,無年齡維度,0.0,女,遷出,migrants,295
110,10,10,鶯歌區,,,,無年齡維度,0.0,男,遷出,migrants,281
110,10,10,鶯歌區,,,,無年齡維度,0.0,女,遷出,other,0
110,10,10,鶯歌區,,,,無年齡維度,0.0,男,遷出,other,0
110,10,10,鶯歌區,,,,無年齡維度,0.0,女,遷出,其他縣市,0
110,10,10,鶯歌區,,,,無年齡維度,0.0,男,遷出,其他縣市,0
110,10,10,鶯歌區,,,,無年齡維度,0.0,女,遷出,其他鄉鎮,91
110,10,10,鶯歌區,,,,無年齡維度,0.0,男,遷出,其他鄉鎮,68
110,10,10,鶯歌區,,,,無年齡維度,0.0,女,遷出,合計,422
110,10,10,鶯歌區,,,,無年齡維度,0.0,男,遷出,合計,350
110,10,10,鶯歌區,,,,無年齡維度,0.0,女,遷出,國外,179
110,10,10,鶯歌區,,,,無年齡維度,0.0,男,遷出,國外,142
110,10,10,鶯歌區,,,,無年齡維度,0.0,女,遷出,新北市內,0
110,10,10,鶯歌區,,,,無年齡維度,0.0,男,遷出,新北市內,0
110,10,10,鶯歌區,,,,無年齡維度,0.0,女,遷出,桃園市,22
110,10,10,鶯歌區,,,,無年齡維度,0.0,男,遷出,桃園市,12
110,10,10,鶯歌區,,,,無年齡維度,0.0,女,遷出,福建省,2
110,10,10,鶯歌區,,,,無年齡維度,0.0,男,遷出,福建省,2
110,10,10,鶯歌區,,,,無年齡維度,0.0,女,遷出,臺中市,9
110,10,10,鶯歌區,,,,無年齡維度,0.0,男,遷出,臺中市,5
110,10,10,鶯歌區,,,,無年齡維度,0.0,女,遷出,臺北市,88
110,10,10,鶯歌區,,,,無年齡維度,0.0,男,遷出,臺北市,85
110,10,10,鶯歌區,,,,無年齡維度,0.0,女,遷出,臺南市,3
110,10,10,鶯歌區,,,,無年齡維度,0.0,男,遷出,臺南市,0
110,10,10,鶯歌區,,,,無年齡維度,0.0,女,遷出,臺灣省,21
110,10,10,鶯歌區,,,,無年齡維度,0.0,男,遷出,臺灣省,30
110,10,10,鶯歌區,,,,無年齡維度,0.0,女,遷出,高雄市,7
110,10,10,鶯歌區,,,,無年齡維度,0.0,男,遷出,高雄市,5
110,10,11,三峽區,,,,無年齡維度,0.0,女,遷入,migrants,243
110,10,11,三峽區,,,,無年齡維度,0.0,男,遷入,migrants,248
110,10,11,三峽區,,,,無年齡維度,0.0,女,遷入,other,0
110,10,11,三峽區,,,,無年齡維度,0.0,男,遷入,other,0
110,10,11,三峽區,,,,無年齡維度,0.0,女,遷入,其他縣市,0
110,10,11,三峽區,,,,無年齡維度,0.0,男,遷入,其他縣市,0
110,10,11,三峽區,,,,無年齡維度,0.0,女,遷入,其他鄉鎮,59
110,10,11,三峽區,,,,無年齡維度,0.0,男,遷入,其他鄉鎮,43
110,10,11,三峽區,,,,無年齡維度,0.0,女,遷入,合計,427
110,10,11,三峽區,,,,無年齡維度,0.0,男,遷入,合計,359
110,10,11,三峽區,,,,無年齡維度,0.0,女,遷入,國外,12
110,10,11,三峽區,,,,無年齡維度,0.0,男,遷入,國外,7
110,10,11,三峽區,,,,無年齡維度,0.0,女,遷入,新北市內,0
110,10,11,三峽區,,,,無年齡維度,0.0,男,遷入,新北市內,0
110,10,11,三峽區,,,,無年齡維度,0.0,女,遷入,桃園市,14
110,10,11,三峽區,,,,無年齡維度,0.0,男,遷入,桃園市,10
110,10,11,三峽區,,,,無年齡維度,0.0,女,遷入,福建省,0
110,10,11,三峽區,,,,無年齡維度,0.0,男,遷入,福建省,0
110,10,11,三峽區,,,,無年齡維度,0.0,女,遷入,臺中市,11
110,10,11,三峽區,,,,無年齡維度,0.0,男,遷入,臺中市,6
110,10,11,三峽區,,,,無年齡維度,0.0,女,遷入,臺北市,237
110,10,11,三峽區,,,,無年齡維度,0.0,男,遷入,臺北市,218
110,10,11,三峽區,,,,無年齡維度,0.0,女,遷入,臺南市,6
110,10,11,三峽區,,,,無年齡維度,0.0,男,遷入,臺南市,8
110,10,11,三峽區,,,,無年齡維度,0.0,女,遷入,臺灣省,69
110,10,11,三峽區,,,,無年齡維度,0.0,男,遷入,臺灣省,60
110,10,11,三峽區,,,,無年齡維度,0.0,女,遷入,高雄市,7
110,10,11,三峽區,,,,無年齡維度,0.0,男,遷入,高雄市,5
110,10,11,三峽區,,,,無年齡維度,0.0,女,遷出,migrants,243
110,10,11,三峽區,,,,無年齡維度,0.0,男,遷出,migrants,248
110,10,11,三峽區,,,,無年齡維度,0.0,女,遷出,other,0
110,10,11,三峽區,,,,無年齡維度,0.0,男,遷出,other,0
110,10,11,三峽區,,,,無年齡維度,0.0,女,遷出,其他縣市,0
110,10,11,三峽區,,,,無年齡維度,0.0,男,遷出,其他縣市,0
110,10,11,三峽區,,,,無年齡維度,0.0,女,遷出,其他鄉鎮,72
110,10,11,三峽區,,,,無年齡維度,0.0,男,遷出,其他鄉鎮,48
110,10,11,三峽區,,,,無年齡維度,0.0,女,遷出,合計,426
110,10,11,三峽區,,,,無年齡維度,0.0,男,遷出,合計,370
110,10,11,三峽區,,,,無年齡維度,0.0,女,遷出,國外,128
110,10,11,三峽區,,,,無年齡維度,0.0,男,遷出,國外,122
110,10,11,三峽區,,,,無年齡維度,0.0,女,遷出,新北市內,0
110,10,11,三峽區,,,,無年齡維度,0.0,男,遷出,新北市內,0
110,10,11,三峽區,,,,無年齡維度,0.0,女,遷出,桃園市,30
110,10,11,三峽區,,,,無年齡維度,0.0,男,遷出,桃園市,24
110,10,11,三峽區,,,,無年齡維度,0.0,女,遷出,福建省,9
110,10,11,三峽區,,,,無年齡維度,0.0,男,遷出,福建省,3
110,10,11,三峽區,,,,無年齡維度,0.0,女,遷出,臺中市,11
110,10,11,三峽區,,,,無年齡維度,0.0,男,遷出,臺中市,8
110,10,11,三峽區,,,,無年齡維度,0.0,女,遷出,臺北市,124
110,10,11,三峽區,,,,無年齡維度,0.0,男,遷出,臺北市,96
110,10,11,三峽區,,,,無年齡維度,0.0,女,遷出,臺南市,0
110,10,11,三峽區,,,,無年齡維度,0.0,男,遷出,臺南市,1
110,10,11,三峽區,,,,無年齡維度,0.0,女,遷出,臺灣省,46
110,10,11,三峽區,,,,無年齡維度,0.0,男,遷出,臺灣省,57
110,10,11,三峽區,,,,無年齡維度,0.0,女,遷出,高雄市,6
110,10,11,三峽區,,,,無年齡維度,0.0,男,遷出,高雄市,10
110,10,12,淡水區,,,,無年齡維度,0.0,女,遷入,migrants,27
110,10,12,淡水區,,,,無年齡維度,0.0,男,遷入,migrants,17
110,10,12,淡水區,,,,無年齡維度,0.0,女,遷入,other,0
110,10,12,淡水區,,,,無年齡維度,0.0,男,遷入,other,0
110,10,12,淡水區,,,,無年齡維度,0.0,女,遷入,其他縣市,0
110,10,12,淡水區,,,,無年齡維度,0.0,男,遷入,其他縣市,0
110,10,12,淡水區,,,,無年齡維度,0.0,女,遷入,其他鄉鎮,11
110,10,12,淡水區,,,,無年齡維度,0.0,男,遷入,其他鄉鎮,9
110,10,12,淡水區,,,,無年齡維度,0.0,女,遷入,合計,51
110,10,12,淡水區,,,,無年齡維度,0.0,男,遷入,合計,36
110,10,12,淡水區,,,,無年齡維度,0.0,女,遷入,國外,0
110,10,12,淡水區,,,,無年齡維度,0.0,男,遷入,國外,0
110,10,12,淡水區,,,,無年齡維度,0.0,女,遷入,新北市內,0
110,10,12,淡水區,,,,無年齡維度,0.0,男,遷入,新北市內,0
110,10,12,淡水區,,,,無年齡維度,0.0,女,遷入,桃園市,6
110,10,12,淡水區,,,,無年齡維度,0.0,男,遷入,桃園市,4
110,10,12,淡水區,,,,無年齡維度,0.0,女,遷入,福建省,0
110,10,12,淡水區,,,,無年齡維度,0.0,男,遷入,福建省,1
110,10,12,淡水區,,,,無年齡維度,0.0,女,遷入,臺中市,2
110,10,12,淡水區,,,,無年齡維度,0.0,男,遷入,臺中市,0
110,10,12,淡水區,,,,無年齡維度,0.0,女,遷入,臺北市,6
110,10,12,淡水區,,,,無年齡維度,0.0,男,遷入,臺北市,6
110,10,12,淡水區,,,,無年齡維度,0.0,女,遷入,臺南市,1
110,10,12,淡水區,,,,無年齡維度,0.0,男,遷入,臺南市,0
110,10,12,淡水區,,,,無年齡維度,0.0,女,遷入,臺灣省,22
110,10,12,淡水區,,,,無年齡維度,0.0,男,遷入,臺灣省,15
110,10,12,淡水區,,,,無年齡維度,0.0,女,遷入,高雄市,2
110,10,12,淡水區,,,,無年齡維度,0.0,男,遷入,高雄市,1
110,10,12,淡水區,,,,無年齡維度,0.0,女,遷出,migrants,27
110,10,12,淡水區,,,,無年齡維度,0.0,男,遷出,migrants,17
110,10,12,淡水區,,,,無年齡維度,0.0,女,遷出,other,0
110,10,12,淡水區,,,,無年齡維度,0.0,男,遷出,other,0
110,10,12,淡水區,,,,無年齡維度,0.0,女,遷出,其他縣市,0
110,10,12,淡水區,,,,無年齡維度,0.0,男,遷出,其他縣市,0
110,10,12,淡水區,,,,無年齡維度,0.0,女,遷出,其他鄉鎮,14
110,10,12,淡水區,,,,無年齡維度,0.0,男,遷出,其他鄉鎮,12
110,10,12,淡水區,,,,無年齡維度,0.0,女,遷出,合計,58
110,10,12,淡水區,,,,無年齡維度,0.0,男,遷出,合計,49
110,10,12,淡水區,,,,無年齡維度,0.0,女,遷出,國外,8
110,10,12,淡水區,,,,無年齡維度,0.0,男,遷出,國外,4
110,10,12,淡水區,,,,無年齡維度,0.0,女,遷出,新北市內,0
110,10,12,淡水區,,,,無年齡維度,0.0,男,遷出,新北市內,0
110,10,12,淡水區,,,,無年齡維度,0.0,女,遷出,桃園市,7
110,10,12,淡水區,,,,無年齡維度,0.0,男,遷出,桃園市,7
110,10,12,淡水區,,,,無年齡維度,0.0,女,遷出,福建省,0
110,10,12,淡水區,,,,無年齡維度,0.0,男,遷出,福建省,2
110,10,12,淡水區,,,,無年齡維度,0.0,女,遷出,臺中市,1
110,10,12,淡水區,,,,無年齡維度,0.0,男,遷出,臺中市,1
110,10,12,淡水區,,,,無年齡維度,0.0,女,遷出,臺北市,3
110,10,12,淡水區,,,,無年齡維度,0.0,男,遷出,臺北市,3
110,10,12,淡水區,,,,無年齡維度,0.0,女,遷出,臺南市,1
110,10,12,淡水區,,,,無年齡維度,0.0,男,遷出,臺南市,1
110,10,12,淡水區,,,,無年齡維度,0.0,女,遷出,臺灣省,24
110,10,12,淡水區,,,,無年齡維度,0.0,男,遷出,臺灣省,19
110,10,12,淡水區,,,,無年齡維度,0.0,女,遷出,高雄市,0
110,10,12,淡水區,,,,無年齡維度,0.0,男,遷出,高雄市,0
110,10,13,汐止區,,,,無年齡維度,0.0,女,遷入,migrants,251
110,10,13,汐止區,,,,無年齡維度,0.0,男,遷入,migrants,234
110,10,13,汐止區,,,,無年齡維度,0.0,女,遷入,other,0
110,10,13,汐止區,,,,無年齡維度,0.0,男,遷入,other,0
110,10,13,汐止區,,,,無年齡維度,0.0,女,遷入,其他縣市,0
110,10,13,汐止區,,,,無年齡維度,0.0,男,遷入,其他縣市,0
110,10,13,汐止區,,,,無年齡維度,0.0,女,遷入,其他鄉鎮,189
110,10,13,汐止區,,,,無年齡維度,0.0,男,遷入,其他鄉鎮,149
110,10,13,汐止區,,,,無年齡維度,0.0,女,遷入,合計,346
110,10,13,汐止區,,,,無年齡維度,0.0,男,遷入,合計,275
110,10,13,汐止區,,,,無年齡維度,0.0,女,遷入,國外,6
110,10,13,汐止區,,,,無年齡維度,0.0,男,遷入,國外,4
110,10,13,汐止區,,,,無年齡維度,0.0,女,遷入,新北市內,0
110,10,13,汐止區,,,,無年齡維度,0.0,男,遷入,新北市內,0
110,10,13,汐止區,,,,無年齡維度,0.0,女,遷入,桃園市,25
110,10,13,汐止區,,,,無年齡維度,0.0,男,遷入,桃園市,26
110,10,13,汐止區,,,,無年齡維度,0.0,女,遷入,福建省,1
110,10,13,汐止區,,,,無年齡維度,0.0,男,遷入,福建省,0
110,10,13,汐止區,,,,無年齡維度,0.0,女,遷入,臺中市,6
110,10,13,汐止區,,,,無年齡維度,0.0,男,遷入,臺中市,8
110,10,13,汐止區,,,,無年齡維度,0.0,女,遷入,臺北市,65
110,10,13,汐止區,,,,無年齡維度,0.0,男,遷入,臺北市,46
110,10,13,汐止區,,,,無年齡維度,0.0,女,遷入,臺南市,7
110,10,13,汐止區,,,,無年齡維度,0.0,男,遷入,臺南市,9
110,10,13,汐止區,,,,無年齡維度,0.0,女,遷入,臺灣省,34
110,10,13,汐止區,,,,無年齡維度,0.0,男,遷入,臺灣省,27
110,10,13,汐止區,,,,無年齡維度,0.0,女,遷入,高雄市,7
110,10,13,汐止區,,,,無年齡維度,0.0,男,遷入,高雄市,3
110,10,13,汐止區,,,,無年齡維度,0.0,女,遷出,migrants,251
110,10,13,汐止區,,,,無年齡維度,0.0,男,遷出,migrants,234
110,10,13,汐止區,,,,無年齡維度,0.0,女,遷出,other,0
110,10,13,汐止區,,,,無年齡維度,0.0,男,遷出,other,0
110,10,13,汐止區,,,,無年齡維度,0.0,女,遷出,其他縣市,0
110,10,13,汐止區,,,,無年齡維度,0.0,男,遷出,其他縣市,0
110,10,13,汐止區,,,,無年齡維度,0.0,女,遷出,其他鄉鎮,182
110,10,13,汐止區,,,,無年齡維度,0.0,男,遷出,其他鄉鎮,145
110,10,13,汐止區,,,,無年齡維度,0.0,女,遷出,合計,472
110,10,13,汐止區,,,,無年齡維度,0.0,男,遷出,合計,374
110,10,13,汐止區,,,,無年齡維度,0.0,女,遷出,國外,130
110,10,13,汐止區,,,,無年齡維度,0.0,男,遷出,國外,97
110,10,13,汐止區,,,,無年齡維度,0.0,女,遷出,新北市內,0
110,10,13,汐止區,,,,無年齡維度,0.0,男,遷出,新北市內,0
110,10,13,汐止區,,,,無年齡維度,0.0,女,遷出,桃園市,37
110,10,13,汐止區,,,,無年齡維度,0.0,男,遷出,桃園市,40
110,10,13,汐止區,,,,無年齡維度,0.0,女,遷出,福建省,9
110,10,13,汐止區,,,,無年齡維度,0.0,男,遷出,福建省,6
110,10,13,汐止區,,,,無年齡維度,0.0,女,遷出,臺中市,8
110,10,13,汐止區,,,,無年齡維度,0.0,男,遷出,臺中市,4
110,10,13,汐止區,,,,無年齡維度,0.0,女,遷出,臺北市,45
110,10,13,汐止區,,,,無年齡維度,0.0,男,遷出,臺北市,35
110,10,13,汐止區,,,,無年齡維度,0.0,女,遷出,臺南市,4
110,10,13,汐止區,,,,無年齡維度,0.0,男,遷出,臺南市,2
110,10,13,汐止區,,,,無年齡維度,0.0,女,遷出,臺灣省,50
110,10,13,汐止區,,,,無年齡維度,0.0,男,遷出,臺灣省,34
110,10,13,汐止區,,,,無年齡維度,0.0,女,遷出,高雄市,7
110,10,13,汐止區,,,,無年齡維度,0.0,男,遷出,高雄市,11
110,10,14,瑞芳區,,,,無年齡維度,0.0,女,遷入,migrants,249
110,10,14,瑞芳區,,,,無年齡維度,0.0,男,遷入,migrants,200
110,10,14,瑞芳區,,,,無年齡維度,0.0,女,遷入,other,0
110,10,14,瑞芳區,,,,無年齡維度,0.0,男,遷入,other,0
110,10,14,瑞芳區,,,,無年齡維度,0.0,女,遷入,其他縣市,0
110,10,14,瑞芳區,,,,無年齡維度,0.0,男,遷入,其他縣市,0
110,10,14,瑞芳區,,,,無年齡維度,0.0,女,遷入,其他鄉鎮,147
110,10,14,瑞芳區,,,,無年齡維度,0.0,男,遷入,其他鄉鎮,114
110,10,14,瑞芳區,,,,無年齡維度,0.0,女,遷入,合計,323
110,10,14,瑞芳區,,,,無年齡維度,0.0,男,遷入,合計,262
110,10,14,瑞芳區,,,,無年齡維度,0.0,女,遷入,國外,3
110,10,14,瑞芳區,,,,無年齡維度,0.0,男,遷入,國外,9
110,10,14,瑞芳區,,,,無年齡維度,0.0,女,遷入,新北市內,0
110,10,14,瑞芳區,,,,無年齡維度,0.0,男,遷入,新北市內,0
110,10,14,瑞芳區,,,,無年齡維度,0.0,女,遷入,桃園市,14
110,10,14,瑞芳區,,,,無年齡維度,0.0,男,遷入,桃園市,16
110,10,14,瑞芳區,,,,無年齡維度,0.0,女,遷入,福建省,0
110,10,14,瑞芳區,,,,無年齡維度,0.0,男,遷入,福建省,1
110,10,14,瑞芳區,,,,無年齡維度,0.0,女,遷入,臺中市,8
110,10,14,瑞芳區,,,,無年齡維度,0.0,男,遷入,臺中市,0
110,10,14,瑞芳區,,,,無年齡維度,0.0,女,遷入,臺北市,106
110,10,14,瑞芳區,,,,無年齡維度,0.0,男,遷入,臺北市,84
110,10,14,瑞芳區,,,,無年齡維度,0.0,女,遷入,臺南市,6
110,10,14,瑞芳區,,,,無年齡維度,0.0,男,遷入,臺南市,4
110,10,14,瑞芳區,,,,無年齡維度,0.0,女,遷入,臺灣省,28
110,10,14,瑞芳區,,,,無年齡維度,0.0,男,遷入,臺灣省,28
110,10,14,瑞芳區,,,,無年齡維度,0.0,女,遷入,高雄市,3
110,10,14,瑞芳區,,,,無年齡維度,0.0,男,遷入,高雄市,4
110,10,14,瑞芳區,,,,無年齡維度,0.0,女,遷出,migrants,249
110,10,14,瑞芳區,,,,無年齡維度,0.0,男,遷出,migrants,200
110,10,14,瑞芳區,,,,無年齡維度,0.0,女,遷出,other,0
110,10,14,瑞芳區,,,,無年齡維度,0.0,男,遷出,other,0
110,10,14,瑞芳區,,,,無年齡維度,0.0,女,遷出,其他縣市,0
110,10,14,瑞芳區,,,,無年齡維度,0.0,男,遷出,其他縣市,0
110,10,14,瑞芳區,,,,無年齡維度,0.0,女,遷出,其他鄉鎮,171
110,10,14,瑞芳區,,,,無年齡維度,0.0,男,遷出,其他鄉鎮,148
110,10,14,瑞芳區,,,,無年齡維度,0.0,女,遷出,合計,437
110,10,14,瑞芳區,,,,無年齡維度,0.0,男,遷出,合計,341
110,10,14,瑞芳區,,,,無年齡維度,0.0,女,遷出,國外,109
110,10,14,瑞芳區,,,,無年齡維度,0.0,男,遷出,國外,81
110,10,14,瑞芳區,,,,無年齡維度,0.0,女,遷出,新北市內,0
110,10,14,瑞芳區,,,,無年齡維度,0.0,男,遷出,新北市內,0
110,10,14,瑞芳區,,,,無年齡維度,0.0,女,遷出,桃園市,30
110,10,14,瑞芳區,,,,無年齡維度,0.0,男,遷出,桃園市,24
110,10,14,瑞芳區,,,,無年齡維度,0.0,女,遷出,福建省,2
110,10,14,瑞芳區,,,,無年齡維度,0.0,男,遷出,福建省,1
110,10,14,瑞芳區,,,,無年齡維度,0.0,女,遷出,臺中市,3
110,10,14,瑞芳區,,,,無年齡維度,0.0,男,遷出,臺中市,5
110,10,14,瑞芳區,,,,無年齡維度,0.0,女,遷出,臺北市,67
110,10,14,瑞芳區,,,,無年齡維度,0.0,男,遷出,臺北市,47
110,10,14,瑞芳區,,,,無年齡維度,0.0,女,遷出,臺南市,3
110,10,14,瑞芳區,,,,無年齡維度,0.0,男,遷出,臺南市,1
110,10,14,瑞芳區,,,,無年齡維度,0.0,女,遷出,臺灣省,42
110,10,14,瑞芳區,,,,無年齡維度,0.0,男,遷出,臺灣省,29
110,10,14,瑞芳區,,,,無年齡維度,0.0,女,遷出,高雄市,9
110,10,14,瑞芳區,,,,無年齡維度,0.0,男,遷出,高雄市,5
110,10,15,五股區,,,,無年齡維度,0.0,女,遷入,migrants,81
110,10,15,五股區,,,,無年齡維度,0.0,男,遷入,migrants,68
110,10,15,五股區,,,,無年齡維度,0.0,女,遷入,other,0
110,10,15,五股區,,,,無年齡維度,0.0,男,遷入,other,0
110,10,15,五股區,,,,無年齡維度,0.0,女,遷入,其他縣市,0
110,10,15,五股區,,,,無年齡維度,0.0,男,遷入,其他縣市,0
110,10,15,五股區,,,,無年齡維度,0.0,女,遷入,其他鄉鎮,140
110,10,15,五股區,,,,無年齡維度,0.0,男,遷入,其他鄉鎮,103
110,10,15,五股區,,,,無年齡維度,0.0,女,遷入,合計,239
110,10,15,五股區,,,,無年齡維度,0.0,男,遷入,合計,171
110,10,15,五股區,,,,無年齡維度,0.0,女,遷入,國外,1
110,10,15,五股區,,,,無年齡維度,0.0,男,遷入,國外,1
110,10,15,五股區,,,,無年齡維度,0.0,女,遷入,新北市內,0
110,10,15,五股區,,,,無年齡維度,0.0,男,遷入,新北市內,0
110,10,15,五股區,,,,無年齡維度,0.0,女,遷入,桃園市,9
110,10,15,五股區,,,,無年齡維度,0.0,男,遷入,桃園市,4
110,10,15,五股區,,,,無年齡維度,0.0,女,遷入,福建省,0
110,10,15,五股區,,,,無年齡維度,0.0,男,遷入,福建省,0
110,10,15,五股區,,,,無年齡維度,0.0,女,遷入,臺中市,3
110,10,15,五股區,,,,無年齡維度,0.0,男,遷入,臺中市,4
110,10,15,五股區,,,,無年齡維度,0.0,女,遷入,臺北市,49
110,10,15,五股區,,,,無年齡維度,0.0,男,遷入,臺北市,31
110,10,15,五股區,,,,無年齡維度,0.0,女,遷入,臺南市,2
110,10,15,五股區,,,,無年齡維度,0.0,男,遷入,臺南市,2
110,10,15,五股區,,,,無年齡維度,0.0,女,遷入,臺灣省,24
110,10,15,五股區,,,,無年齡維度,0.0,男,遷入,臺灣省,21
110,10,15,五股區,,,,無年齡維度,0.0,女,遷入,高雄市,6
110,10,15,五股區,,,,無年齡維度,0.0,男,遷入,高雄市,1
110,10,15,五股區,,,,無年齡維度,0.0,女,遷出,migrants,81
110,10,15,五股區,,,,無年齡維度,0.0,男,遷出,migrants,68
110,10,15,五股區,,,,無年齡維度,0.0,女,遷出,other,0
110,10,15,五股區,,,,無年齡維度,0.0,男,遷出,other,0
110,10,15,五股區,,,,無年齡維度,0.0,女,遷出,其他縣市,0
110,10,15,五股區,,,,無年齡維度,0.0,男,遷出,其他縣市,0
110,10,15,五股區,,,,無年齡維度,0.0,女,遷出,其他鄉鎮,92
110,10,15,五股區,,,,無年齡維度,0.0,男,遷出,其他鄉鎮,78
110,10,15,五股區,,,,無年齡維度,0.0,女,遷出,合計,206
110,10,15,五股區,,,,無年齡維度,0.0,男,遷出,合計,157
110,10,15,五股區,,,,無年齡維度,0.0,女,遷出,國外,26
110,10,15,五股區,,,,無年齡維度,0.0,男,遷出,國外,22
110,10,15,五股區,,,,無年齡維度,0.0,女,遷出,新北市內,0
110,10,15,五股區,,,,無年齡維度,0.0,男,遷出,新北市內,0
110,10,15,五股區,,,,無年齡維度,0.0,女,遷出,桃園市,24
110,10,15,五股區,,,,無年齡維度,0.0,男,遷出,桃園市,16
110,10,15,五股區,,,,無年齡維度,0.0,女,遷出,福建省,2
110,10,15,五股區,,,,無年齡維度,0.0,男,遷出,福建省,4
110,10,15,五股區,,,,無年齡維度,0.0,女,遷出,臺中市,5
110,10,15,五股區,,,,無年齡維度,0.0,男,遷出,臺中市,3
110,10,15,五股區,,,,無年齡維度,0.0,女,遷出,臺北市,32
110,10,15,五股區,,,,無年齡維度,0.0,男,遷出,臺北市,16
110,10,15,五股區,,,,無年齡維度,0.0,女,遷出,臺南市,2
110,10,15,五股區,,,,無年齡維度,0.0,男,遷出,臺南市,2
110,10,15,五股區,,,,無年齡維度,0.0,女,遷出,臺灣省,16
110,10,15,五股區,,,,無年齡維度,0.0,男,遷出,臺灣省,14
110,10,15,五股區,,,,無年齡維度,0.0,女,遷出,高雄市,7
110,10,15,五股區,,,,無年齡維度,0.0,男,遷出,高雄市,2
110,10,16,泰山區,,,,無年齡維度,0.0,女,遷入,migrants,52
110,10,16,泰山區,,,,無年齡維度,0.0,男,遷入,migrants,59
110,10,16,泰山區,,,,無年齡維度,0.0,女,遷入,other,0
110,10,16,泰山區,,,,無年齡維度,0.0,男,遷入,other,0
110,10,16,泰山區,,,,無年齡維度,0.0,女,遷入,其他縣市,0
110,10,16,泰山區,,,,無年齡維度,0.0,男,遷入,其他縣市,0
110,10,16,泰山區,,,,無年齡維度,0.0,女,遷入,其他鄉鎮,77
110,10,16,泰山區,,,,無年齡維度,0.0,男,遷入,其他鄉鎮,62
110,10,16,泰山區,,,,無年齡維度,0.0,女,遷入,合計,112
110,10,16,泰山區,,,,無年齡維度,0.0,男,遷入,合計,101
110,10,16,泰山區,,,,無年齡維度,0.0,女,遷入,國外,1
110,10,16,泰山區,,,,無年齡維度,0.0,男,遷入,國外,0
110,10,16,泰山區,,,,無年齡維度,0.0,女,遷入,新北市內,0
110,10,16,泰山區,,,,無年齡維度,0.0,男,遷入,新北市內,0
110,10,16,泰山區,,,,無年齡維度,0.0,女,遷入,桃園市,8
110,10,16,泰山區,,,,無年齡維度,0.0,男,遷入,桃園市,5
110,10,16,泰山區,,,,無年齡維度,0.0,女,遷入,福建省,1
110,10,16,泰山區,,,,無年齡維度,0.0,男,遷入,福建省,0
110,10,16,泰山區,,,,無年齡維度,0.0,女,遷入,臺中市,2
110,10,16,泰山區,,,,無年齡維度,0.0,男,遷入,臺中市,3
110,10,16,泰山區,,,,無年齡維度,0.0,女,遷入,臺北市,10
110,10,16,泰山區,,,,無年齡維度,0.0,男,遷入,臺北市,16
110,10,16,泰山區,,,,無年齡維度,0.0,女,遷入,臺南市,1
110,10,16,泰山區,,,,無年齡維度,0.0,男,遷入,臺南市,2
110,10,16,泰山區,,,,無年齡維度,0.0,女,遷入,臺灣省,10
110,10,16,泰山區,,,,無年齡維度,0.0,男,遷入,臺灣省,10
110,10,16,泰山區,,,,無年齡維度,0.0,女,遷入,高雄市,2
110,10,16,泰山區,,,,無年齡維度,0.0,男,遷入,高雄市,3
110,10,16,泰山區,,,,無年齡維度,0.0,女,遷出,migrants,52
110,10,16,泰山區,,,,無年齡維度,0.0,男,遷出,migrants,59
110,10,16,泰山區,,,,無年齡維度,0.0,女,遷出,other,0
110,10,16,泰山區,,,,無年齡維度,0.0,男,遷出,other,0
110,10,16,泰山區,,,,無年齡維度,0.0,女,遷出,其他縣市,0
110,10,16,泰山區,,,,無年齡維度,0.0,男,遷出,其他縣市,0
110,10,16,泰山區,,,,無年齡維度,0.0,女,遷出,其他鄉鎮,92
110,10,16,泰山區,,,,無年齡維度,0.0,男,遷出,其他鄉鎮,47
110,10,16,泰山區,,,,無年齡維度,0.0,女,遷出,合計,165
110,10,16,泰山區,,,,無年齡維度,0.0,男,遷出,合計,130
110,10,16,泰山區,,,,無年齡維度,0.0,女,遷出,國外,34
110,10,16,泰山區,,,,無年齡維度,0.0,男,遷出,國外,35
110,10,16,泰山區,,,,無年齡維度,0.0,女,遷出,新北市內,0
110,10,16,泰山區,,,,無年齡維度,0.0,男,遷出,新北市內,0
110,10,16,泰山區,,,,無年齡維度,0.0,女,遷出,桃園市,9
110,10,16,泰山區,,,,無年齡維度,0.0,男,遷出,桃園市,12
110,10,16,泰山區,,,,無年齡維度,0.0,女,遷出,福建省,2
110,10,16,泰山區,,,,無年齡維度,0.0,男,遷出,福建省,5
110,10,16,泰山區,,,,無年齡維度,0.0,女,遷出,臺中市,2
110,10,16,泰山區,,,,無年齡維度,0.0,男,遷出,臺中市,5
110,10,16,泰山區,,,,無年齡維度,0.0,女,遷出,臺北市,8
110,10,16,泰山區,,,,無年齡維度,0.0,男,遷出,臺北市,10
110,10,16,泰山區,,,,無年齡維度,0.0,女,遷出,臺南市,3
110,10,16,泰山區,,,,無年齡維度,0.0,男,遷出,臺南市,1
110,10,16,泰山區,,,,無年齡維度,0.0,女,遷出,臺灣省,12
110,10,16,泰山區,,,,無年齡維度,0.0,男,遷出,臺灣省,13
110,10,16,泰山區,,,,無年齡維度,0.0,女,遷出,高雄市,3
110,10,16,泰山區,,,,無年齡維度,0.0,男,遷出,高雄市,2
110,10,17,林口區,,,,無年齡維度,0.0,女,遷入,migrants,276
110,10,17,林口區,,,,無年齡維度,0.0,男,遷入,migrants,221
110,10,17,林口區,,,,無年齡維度,0.0,女,遷入,other,0
110,10,17,林口區,,,,無年齡維度,0.0,男,遷入,other,0
110,10,17,林口區,,,,無年齡維度,0.0,女,遷入,其他縣市,0
110,10,17,林口區,,,,無年齡維度,0.0,男,遷入,其他縣市,0
110,10,17,林口區,,,,無年齡維度,0.0,女,遷入,其他鄉鎮,90
110,10,17,林口區,,,,無年齡維度,0.0,男,遷入,其他鄉鎮,76
110,10,17,林口區,,,,無年齡維度,0.0,女,遷入,合計,371
110,10,17,林口區,,,,無年齡維度,0.0,男,遷入,合計,317
110,10,17,林口區,,,,無年齡維度,0.0,女,遷入,國外,12
110,10,17,林口區,,,,無年齡維度,0.0,男,遷入,國外,6
110,10,17,林口區,,,,無年齡維度,0.0,女,遷入,新北市內,0
110,10,17,林口區,,,,無年齡維度,0.0,男,遷入,新北市內,0
110,10,17,林口區,,,,無年齡維度,0.0,女,遷入,桃園市,92
110,10,17,林口區,,,,無年齡維度,0.0,男,遷入,桃園市,83
110,10,17,林口區,,,,無年齡維度,0.0,女,遷入,福建省,2
110,10,17,林口區,,,,無年齡維度,0.0,男,遷入,福建省,0
110,10,17,林口區,,,,無年齡維度,0.0,女,遷入,臺中市,16
110,10,17,林口區,,,,無年齡維度,0.0,男,遷入,臺中市,10
110,10,17,林口區,,,,無年齡維度,0.0,女,遷入,臺北市,103
110,10,17,林口區,,,,無年齡維度,0.0,男,遷入,臺北市,84
110,10,17,林口區,,,,無年齡維度,0.0,女,遷入,臺南市,3
110,10,17,林口區,,,,無年齡維度,0.0,男,遷入,臺南市,6
110,10,17,林口區,,,,無年齡維度,0.0,女,遷入,臺灣省,31
110,10,17,林口區,,,,無年齡維度,0.0,男,遷入,臺灣省,40
110,10,17,林口區,,,,無年齡維度,0.0,女,遷入,高雄市,12
110,10,17,林口區,,,,無年齡維度,0.0,男,遷入,高雄市,7
110,10,17,林口區,,,,無年齡維度,0.0,女,遷出,migrants,276
110,10,17,林口區,,,,無年齡維度,0.0,男,遷出,migrants,221
110,10,17,林口區,,,,無年齡維度,0.0,女,遷出,other,0
110,10,17,林口區,,,,無年齡維度,0.0,男,遷出,other,0
110,10,17,林口區,,,,無年齡維度,0.0,女,遷出,其他縣市,0
110,10,17,林口區,,,,無年齡維度,0.0,男,遷出,其他縣市,0
110,10,17,林口區,,,,無年齡維度,0.0,女,遷出,其他鄉鎮,41
110,10,17,林口區,,,,無年齡維度,0.0,男,遷出,其他鄉鎮,34
110,10,17,林口區,,,,無年齡維度,0.0,女,遷出,合計,255
110,10,17,林口區,,,,無年齡維度,0.0,男,遷出,合計,216
110,10,17,林口區,,,,無年齡維度,0.0,女,遷出,國外,62
110,10,17,林口區,,,,無年齡維度,0.0,男,遷出,國外,51
110,10,17,林口區,,,,無年齡維度,0.0,女,遷出,新北市內,0
110,10,17,林口區,,,,無年齡維度,0.0,男,遷出,新北市內,0
110,10,17,林口區,,,,無年齡維度,0.0,女,遷出,桃園市,87
110,10,17,林口區,,,,無年齡維度,0.0,男,遷出,桃園市,62
110,10,17,林口區,,,,無年齡維度,0.0,女,遷出,福建省,2
110,10,17,林口區,,,,無年齡維度,0.0,男,遷出,福建省,2
110,10,17,林口區,,,,無年齡維度,0.0,女,遷出,臺中市,1
110,10,17,林口區,,,,無年齡維度,0.0,男,遷出,臺中市,7
110,10,17,林口區,,,,無年齡維度,0.0,女,遷出,臺北市,23
110,10,17,林口區,,,,無年齡維度,0.0,男,遷出,臺北市,28
110,10,17,林口區,,,,無年齡維度,0.0,女,遷出,臺南市,5
110,10,17,林口區,,,,無年齡維度,0.0,男,遷出,臺南市,2
110,10,17,林口區,,,,無年齡維度,0.0,女,遷出,臺灣省,27
110,10,17,林口區,,,,無年齡維度,0.0,男,遷出,臺灣省,21
110,10,17,林口區,,,,無年齡維度,0.0,女,遷出,高雄市,7
110,10,17,林口區,,,,無年齡維度,0.0,男,遷出,高雄市,8
110,10,18,八里區,,,,無年齡維度,0.0,女,遷入,migrants,27
110,10,18,八里區,,,,無年齡維度,0.0,男,遷入,migrants,21
110,10,18,八里區,,,,無年齡維度,0.0,女,遷入,other,0
110,10,18,八里區,,,,無年齡維度,0.0,男,遷入,other,0
110,10,18,八里區,,,,無年齡維度,0.0,女,遷入,其他縣市,0
110,10,18,八里區,,,,無年齡維度,0.0,男,遷入,其他縣市,0
110,10,18,八里區,,,,無年齡維度,0.0,女,遷入,其他鄉鎮,16
110,10,18,八里區,,,,無年齡維度,0.0,男,遷入,其他鄉鎮,8
110,10,18,八里區,,,,無年齡維度,0.0,女,遷入,合計,52
110,10,18,八里區,,,,無年齡維度,0.0,男,遷入,合計,29
110,10,18,八里區,,,,無年齡維度,0.0,女,遷入,國外,0
110,10,18,八里區,,,,無年齡維度,0.0,男,遷入,國外,0
110,10,18,八里區,,,,無年齡維度,0.0,女,遷入,新北市內,0
110,10,18,八里區,,,,無年齡維度,0.0,男,遷入,新北市內,0
110,10,18,八里區,,,,無年齡維度,0.0,女,遷入,桃園市,2
110,10,18,八里區,,,,無年齡維度,0.0,男,遷入,桃園市,2
110,10,18,八里區,,,,無年齡維度,0.0,女,遷入,福建省,0
110,10,18,八里區,,,,無年齡維度,0.0,男,遷入,福建省,0
110,10,18,八里區,,,,無年齡維度,0.0,女,遷入,臺中市,2
110,10,18,八里區,,,,無年齡維度,0.0,男,遷入,臺中市,0
110,10,18,八里區,,,,無年齡維度,0.0,女,遷入,臺北市,26
110,10,18,八里區,,,,無年齡維度,0.0,男,遷入,臺北市,17
110,10,18,八里區,,,,無年齡維度,0.0,女,遷入,臺南市,0
110,10,18,八里區,,,,無年齡維度,0.0,男,遷入,臺南市,0
110,10,18,八里區,,,,無年齡維度,0.0,女,遷入,臺灣省,4
110,10,18,八里區,,,,無年齡維度,0.0,男,遷入,臺灣省,1
110,10,18,八里區,,,,無年齡維度,0.0,女,遷入,高雄市,1
110,10,18,八里區,,,,無年齡維度,0.0,男,遷入,高雄市,1
110,10,18,八里區,,,,無年齡維度,0.0,女,遷出,migrants,27
110,10,18,八里區,,,,無年齡維度,0.0,男,遷出,migrants,21
110,10,18,八里區,,,,無年齡維度,0.0,女,遷出,other,0
110,10,18,八里區,,,,無年齡維度,0.0,男,遷出,other,0
110,10,18,八里區,,,,無年齡維度,0.0,女,遷出,其他縣市,0
110,10,18,八里區,,,,無年齡維度,0.0,男,遷出,其他縣市,0
110,10,18,八里區,,,,無年齡維度,0.0,女,遷出,其他鄉鎮,16
110,10,18,八里區,,,,無年齡維度,0.0,男,遷出,其他鄉鎮,20
110,10,18,八里區,,,,無年齡維度,0.0,女,遷出,合計,56
110,10,18,八里區,,,,無年齡維度,0.0,男,遷出,合計,52
110,10,18,八里區,,,,無年齡維度,0.0,女,遷出,國外,26
110,10,18,八里區,,,,無年齡維度,0.0,男,遷出,國外,19
110,10,18,八里區,,,,無年齡維度,0.0,女,遷出,新北市內,0
110,10,18,八里區,,,,無年齡維度,0.0,男,遷出,新北市內,0
110,10,18,八里區,,,,無年齡維度,0.0,女,遷出,桃園市,2
110,10,18,八里區,,,,無年齡維度,0.0,男,遷出,桃園市,0
110,10,18,八里區,,,,無年齡維度,0.0,女,遷出,福建省,0
110,10,18,八里區,,,,無年齡維度,0.0,男,遷出,福建省,1
110,10,18,八里區,,,,無年齡維度,0.0,女,遷出,臺中市,4
110,10,18,八里區,,,,無年齡維度,0.0,男,遷出,臺中市,2
110,10,18,八里區,,,,無年齡維度,0.0,女,遷出,臺北市,2
110,10,18,八里區,,,,無年齡維度,0.0,男,遷出,臺北市,5
110,10,18,八里區,,,,無年齡維度,0.0,女,遷出,臺南市,0
110,10,18,八里區,,,,無年齡維度,0.0,男,遷出,臺南市,0
110,10,18,八里區,,,,無年齡維度,0.0,女,遷出,臺灣省,6
110,10,18,八里區,,,,無年齡維度,0.0,男,遷出,臺灣省,5
110,10,18,八里區,,,,無年齡維度,0.0,女,遷出,高雄市,0
110,10,18,八里區,,,,無年齡維度,0.0,男,遷出,高雄市,0
110,10,19,深坑區,,,,無年齡維度,0.0,女,遷入,migrants,2
110,10,19,深坑區,,,,無年齡維度,0.0,男,遷入,migrants,0
110,10,19,深坑區,,,,無年齡維度,0.0,女,遷入,other,0
110,10,19,深坑區,,,,無年齡維度,0.0,男,遷入,other,0
110,10,19,深坑區,,,,無年齡維度,0.0,女,遷入,其他縣市,0
110,10,19,深坑區,,,,無年齡維度,0.0,男,遷入,其他縣市,0
110,10,19,深坑區,,,,無年齡維度,0.0,女,遷入,其他鄉鎮,10
110,10,19,深坑區,,,,無年齡維度,0.0,男,遷入,其他鄉鎮,11
110,10,19,深坑區,,,,無年齡維度,0.0,女,遷入,合計,16
110,10,19,深坑區,,,,無年齡維度,0.0,男,遷入,合計,14
110,10,19,深坑區,,,,無年齡維度,0.0,女,遷入,國外,0
110,10,19,深坑區,,,,無年齡維度,0.0,男,遷入,國外,0
110,10,19,深坑區,,,,無年齡維度,0.0,女,遷入,新北市內,0
110,10,19,深坑區,,,,無年齡維度,0.0,男,遷入,新北市內,0
110,10,19,深坑區,,,,無年齡維度,0.0,女,遷入,桃園市,0
110,10,19,深坑區,,,,無年齡維度,0.0,男,遷入,桃園市,0
110,10,19,深坑區,,,,無年齡維度,0.0,女,遷入,福建省,0
110,10,19,深坑區,,,,無年齡維度,0.0,男,遷入,福建省,0
110,10,19,深坑區,,,,無年齡維度,0.0,女,遷入,臺中市,0
110,10,19,深坑區,,,,無年齡維度,0.0,男,遷入,臺中市,0
110,10,19,深坑區,,,,無年齡維度,0.0,女,遷入,臺北市,6
110,10,19,深坑區,,,,無年齡維度,0.0,男,遷入,臺北市,3
110,10,19,深坑區,,,,無年齡維度,0.0,女,遷入,臺南市,0
110,10,19,深坑區,,,,無年齡維度,0.0,男,遷入,臺南市,0
110,10,19,深坑區,,,,無年齡維度,0.0,女,遷入,臺灣省,0
110,10,19,深坑區,,,,無年齡維度,0.0,男,遷入,臺灣省,0
110,10,19,深坑區,,,,無年齡維度,0.0,女,遷入,高雄市,0
110,10,19,深坑區,,,,無年齡維度,0.0,男,遷入,高雄市,0
110,10,19,深坑區,,,,無年齡維度,0.0,女,遷出,migrants,2
110,10,19,深坑區,,,,無年齡維度,0.0,男,遷出,migrants,0
110,10,19,深坑區,,,,無年齡維度,0.0,女,遷出,other,0
110,10,19,深坑區,,,,無年齡維度,0.0,男,遷出,other,0
110,10,19,深坑區,,,,無年齡維度,0.0,女,遷出,其他縣市,0
110,10,19,深坑區,,,,無年齡維度,0.0,男,遷出,其他縣市,0
110,10,19,深坑區,,,,無年齡維度,0.0,女,遷出,其他鄉鎮,1
110,10,19,深坑區,,,,無年齡維度,0.0,男,遷出,其他鄉鎮,3
110,10,19,深坑區,,,,無年齡維度,0.0,女,遷出,合計,9
110,10,19,深坑區,,,,無年齡維度,0.0,男,遷出,合計,7
110,10,19,深坑區,,,,無年齡維度,0.0,女,遷出,國外,3
110,10,19,深坑區,,,,無年齡維度,0.0,男,遷出,國外,1
110,10,19,深坑區,,,,無年齡維度,0.0,女,遷出,新北市內,0
110,10,19,深坑區,,,,無年齡維度,0.0,男,遷出,新北市內,0
110,10,19,深坑區,,,,無年齡維度,0.0,女,遷出,桃園市,0
110,10,19,深坑區,,,,無年齡維度,0.0,男,遷出,桃園市,0
110,10,19,深坑區,,,,無年齡維度,0.0,女,遷出,福建省,0
110,10,19,深坑區,,,,無年齡維度,0.0,男,遷出,福建省,0
110,10,19,深坑區,,,,無年齡維度,0.0,女,遷出,臺中市,0
110,10,19,深坑區,,,,無年齡維度,0.0,男,遷出,臺中市,0
110,10,19,深坑區,,,,無年齡維度,0.0,女,遷出,臺北市,4
110,10,19,深坑區,,,,無年齡維度,0.0,男,遷出,臺北市,3
110,10,19,深坑區,,,,無年齡維度,0.0,女,遷出,臺南市,0
110,10,19,深坑區,,,,無年齡維度,0.0,男,遷出,臺南市,0
110,10,19,深坑區,,,,無年齡維度,0.0,女,遷出,臺灣省,1
110,10,19,深坑區,,,,無年齡維度,0.0,男,遷出,臺灣省,0
110,10,19,深坑區,,,,無年齡維度,0.0,女,遷出,高雄市,0
110,10,19,深坑區,,,,無年齡維度,0.0,男,遷出,高雄市,0
110,10,20,石碇區,,,,無年齡維度,0.0,女,遷入,migrants,4
110,10,20,石碇區,,,,無年齡維度,0.0,男,遷入,migrants,5
110,10,20,石碇區,,,,無年齡維度,0.0,女,遷入,other,0
110,10,20,石碇區,,,,無年齡維度,0.0,男,遷入,other,0
110,10,20,石碇區,,,,無年齡維度,0.0,女,遷入,其他縣市,0
110,10,20,石碇區,,,,無年齡維度,0.0,男,遷入,其他縣市,0
110,10,20,石碇區,,,,無年齡維度,0.0,女,遷入,其他鄉鎮,4
110,10,20,石碇區,,,,無年齡維度,0.0,男,遷入,其他鄉鎮,7
110,10,20,石碇區,,,,無年齡維度,0.0,女,遷入,合計,6
110,10,20,石碇區,,,,無年齡維度,0.0,男,遷入,合計,10
110,10,20,石碇區,,,,無年齡維度,0.0,女,遷入,國外,0
110,10,20,石碇區,,,,無年齡維度,0.0,男,遷入,國外,0
110,10,20,石碇區,,,,無年齡維度,0.0,女,遷入,新北市內,0
110,10,20,石碇區,,,,無年齡維度,0.0,男,遷入,新北市內,0
110,10,20,石碇區,,,,無年齡維度,0.0,女,遷入,桃園市,0
110,10,20,石碇區,,,,無年齡維度,0.0,男,遷入,桃園市,0
110,10,20,石碇區,,,,無年齡維度,0.0,女,遷入,福建省,0
110,10,20,石碇區,,,,無年齡維度,0.0,男,遷入,福建省,0
110,10,20,石碇區,,,,無年齡維度,0.0,女,遷入,臺中市,0
110,10,20,石碇區,,,,無年齡維度,0.0,男,遷入,臺中市,0
110,10,20,石碇區,,,,無年齡維度,0.0,女,遷入,臺北市,1
110,10,20,石碇區,,,,無年齡維度,0.0,男,遷入,臺北市,3
110,10,20,石碇區,,,,無年齡維度,0.0,女,遷入,臺南市,0
110,10,20,石碇區,,,,無年齡維度,0.0,男,遷入,臺南市,0
110,10,20,石碇區,,,,無年齡維度,0.0,女,遷入,臺灣省,1
110,10,20,石碇區,,,,無年齡維度,0.0,男,遷入,臺灣省,0
110,10,20,石碇區,,,,無年齡維度,0.0,女,遷入,高雄市,0
110,10,20,石碇區,,,,無年齡維度,0.0,男,遷入,高雄市,0
110,10,20,石碇區,,,,無年齡維度,0.0,女,遷出,migrants,4
110,10,20,石碇區,,,,無年齡維度,0.0,男,遷出,migrants,5
110,10,20,石碇區,,,,無年齡維度,0.0,女,遷出,other,0
110,10,20,石碇區,,,,無年齡維度,0.0,男,遷出,other,0
110,10,20,石碇區,,,,無年齡維度,0.0,女,遷出,其他縣市,0
110,10,20,石碇區,,,,無年齡維度,0.0,男,遷出,其他縣市,0
110,10,20,石碇區,,,,無年齡維度,0.0,女,遷出,其他鄉鎮,6
110,10,20,石碇區,,,,無年齡維度,0.0,男,遷出,其他鄉鎮,5
110,10,20,石碇區,,,,無年齡維度,0.0,女,遷出,合計,11
110,10,20,石碇區,,,,無年齡維度,0.0,男,遷出,合計,11
110,10,20,石碇區,,,,無年齡維度,0.0,女,遷出,國外,2
110,10,20,石碇區,,,,無年齡維度,0.0,男,遷出,國外,2
110,10,20,石碇區,,,,無年齡維度,0.0,女,遷出,新北市內,0
110,10,20,石碇區,,,,無年齡維度,0.0,男,遷出,新北市內,0
110,10,20,石碇區,,,,無年齡維度,0.0,女,遷出,桃園市,1
110,10,20,石碇區,,,,無年齡維度,0.0,男,遷出,桃園市,2
110,10,20,石碇區,,,,無年齡維度,0.0,女,遷出,福建省,0
110,10,20,石碇區,,,,無年齡維度,0.0,男,遷出,福建省,1
110,10,20,石碇區,,,,無年齡維度,0.0,女,遷出,臺中市,0
110,10,20,石碇區,,,,無年齡維度,0.0,男,遷出,臺中市,0
110,10,20,石碇區,,,,無年齡維度,0.0,女,遷出,臺北市,2
110,10,20,石碇區,,,,無年齡維度,0.0,男,遷出,臺北市,1
110,10,20,石碇區,,,,無年齡維度,0.0,女,遷出,臺南市,0
110,10,20,石碇區,,,,無年齡維度,0.0,男,遷出,臺南市,0
110,10,20,石碇區,,,,無年齡維度,0.0,女,遷出,臺灣省,0
110,10,20,石碇區,,,,無年齡維度,0.0,男,遷出,臺灣省,0
110,10,20,石碇區,,,,無年齡維度,0.0,女,遷出,高雄市,0
110,10,20,石碇區,,,,無年齡維度,0.0,男,遷出,高雄市,0
110,10,21,坪林區,,,,無年齡維度,0.0,女,遷入,migrants,14
110,10,21,坪林區,,,,無年齡維度,0.0,男,遷入,migrants,13
110,10,21,坪林區,,,,無年齡維度,0.0,女,遷入,other,0
110,10,21,坪林區,,,,無年齡維度,0.0,男,遷入,other,0
110,10,21,坪林區,,,,無年齡維度,0.0,女,遷入,其他縣市,0
110,10,21,坪林區,,,,無年齡維度,0.0,男,遷入,其他縣市,0
110,10,21,坪林區,,,,無年齡維度,0.0,女,遷入,其他鄉鎮,31
110,10,21,坪林區,,,,無年齡維度,0.0,男,遷入,其他鄉鎮,22
110,10,21,坪林區,,,,無年齡維度,0.0,女,遷入,合計,47
110,10,21,坪林區,,,,無年齡維度,0.0,男,遷入,合計,37
110,10,21,坪林區,,,,無年齡維度,0.0,女,遷入,國外,0
110,10,21,坪林區,,,,無年齡維度,0.0,男,遷入,國外,1
110,10,21,坪林區,,,,無年齡維度,0.0,女,遷入,新北市內,0
110,10,21,坪林區,,,,無年齡維度,0.0,男,遷入,新北市內,0
110,10,21,坪林區,,,,無年齡維度,0.0,女,遷入,桃園市,4
110,10,21,坪林區,,,,無年齡維度,0.0,男,遷入,桃園市,1
110,10,21,坪林區,,,,無年齡維度,0.0,女,遷入,福建省,0
110,10,21,坪林區,,,,無年齡維度,0.0,男,遷入,福建省,0
110,10,21,坪林區,,,,無年齡維度,0.0,女,遷入,臺中市,2
110,10,21,坪林區,,,,無年齡維度,0.0,男,遷入,臺中市,1
110,10,21,坪林區,,,,無年齡維度,0.0,女,遷入,臺北市,7
110,10,21,坪林區,,,,無年齡維度,0.0,男,遷入,臺北市,8
110,10,21,坪林區,,,,無年齡維度,0.0,女,遷入,臺南市,1
110,10,21,坪林區,,,,無年齡維度,0.0,男,遷入,臺南市,0
110,10,21,坪林區,,,,無年齡維度,0.0,女,遷入,臺灣省,1
110,10,21,坪林區,,,,無年齡維度,0.0,男,遷入,臺灣省,4
110,10,21,坪林區,,,,無年齡維度,0.0,女,遷入,高雄市,0
110,10,21,坪林區,,,,無年齡維度,0.0,男,遷入,高雄市,0
110,10,21,坪林區,,,,無年齡維度,0.0,女,遷出,migrants,14
110,10,21,坪林區,,,,無年齡維度,0.0,男,遷出,migrants,13
110,10,21,坪林區,,,,無年齡維度,0.0,女,遷出,other,0
110,10,21,坪林區,,,,無年齡維度,0.0,男,遷出,other,0
110,10,21,坪林區,,,,無年齡維度,0.0,女,遷出,其他縣市,0
110,10,21,坪林區,,,,無年齡維度,0.0,男,遷出,其他縣市,0
110,10,21,坪林區,,,,無年齡維度,0.0,女,遷出,其他鄉鎮,16
110,10,21,坪林區,,,,無年齡維度,0.0,男,遷出,其他鄉鎮,14
110,10,21,坪林區,,,,無年齡維度,0.0,女,遷出,合計,45
110,10,21,坪林區,,,,無年齡維度,0.0,男,遷出,合計,32
110,10,21,坪林區,,,,無年齡維度,0.0,女,遷出,國外,15
110,10,21,坪林區,,,,無年齡維度,0.0,男,遷出,國外,12
110,10,21,坪林區,,,,無年齡維度,0.0,女,遷出,新北市內,0
110,10,21,坪林區,,,,無年齡維度,0.0,男,遷出,新北市內,0
110,10,21,坪林區,,,,無年齡維度,0.0,女,遷出,桃園市,0
110,10,21,坪林區,,,,無年齡維度,0.0,男,遷出,桃園市,0
110,10,21,坪林區,,,,無年齡維度,0.0,女,遷出,福建省,1
110,10,21,坪林區,,,,無年齡維度,0.0,男,遷出,福建省,0
110,10,21,坪林區,,,,無年齡維度,0.0,女,遷出,臺中市,0
110,10,21,坪林區,,,,無年齡維度,0.0,男,遷出,臺中市,0
110,10,21,坪林區,,,,無年齡維度,0.0,女,遷出,臺北市,8
110,10,21,坪林區,,,,無年齡維度,0.0,男,遷出,臺北市,5
110,10,21,坪林區,,,,無年齡維度,0.0,女,遷出,臺南市,0
110,10,21,坪林區,,,,無年齡維度,0.0,男,遷出,臺南市,0
110,10,21,坪林區,,,,無年齡維度,0.0,女,遷出,臺灣省,5
110,10,21,坪林區,,,,無年齡維度,0.0,男,遷出,臺灣省,0
110,10,21,坪林區,,,,無年齡維度,0.0,女,遷出,高雄市,0
110,10,21,坪林區,,,,無年齡維度,0.0,男,遷出,高雄市,1
110,10,22,三芝區,,,,無年齡維度,0.0,女,遷入,migrants,2
110,10,22,三芝區,,,,無年齡維度,0.0,男,遷入,migrants,5
110,10,22,三芝區,,,,無年齡維度,0.0,女,遷入,other,0
110,10,22,三芝區,,,,無年齡維度,0.0,男,遷入,other,0
110,10,22,三芝區,,,,無年齡維度,0.0,女,遷入,其他縣市,0
110,10,22,三芝區,,,,無年齡維度,0.0,男,遷入,其他縣市,0
110,10,22,三芝區,,,,無年齡維度,0.0,女,遷入,其他鄉鎮,1
110,10,22,三芝區,,,,無年齡維度,0.0,男,遷入,其他鄉鎮,8
110,10,22,三芝區,,,,無年齡維度,0.0,女,遷入,合計,2
110,10,22,三芝區,,,,無年齡維度,0.0,男,遷入,合計,15
110,10,22,三芝區,,,,無年齡維度,0.0,女,遷入,國外,0
110,10,22,三芝區,,,,無年齡維度,0.0,男,遷入,國外,1
110,10,22,三芝區,,,,無年齡維度,0.0,女,遷入,新北市內,0
110,10,22,三芝區,,,,無年齡維度,0.0,男,遷入,新北市內,0
110,10,22,三芝區,,,,無年齡維度,0.0,女,遷入,桃園市,0
110,10,22,三芝區,,,,無年齡維度,0.0,男,遷入,桃園市,0
110,10,22,三芝區,,,,無年齡維度,0.0,女,遷入,福建省,0
110,10,22,三芝區,,,,無年齡維度,0.0,男,遷入,福建省,0
110,10,22,三芝區,,,,無年齡維度,0.0,女,遷入,臺中市,0
110,10,22,三芝區,,,,無年齡維度,0.0,男,遷入,臺中市,1
110,10,22,三芝區,,,,無年齡維度,0.0,女,遷入,臺北市,1
110,10,22,三芝區,,,,無年齡維度,0.0,男,遷入,臺北市,4
110,10,22,三芝區,,,,無年齡維度,0.0,女,遷入,臺南市,0
110,10,22,三芝區,,,,無年齡維度,0.0,男,遷入,臺南市,0
110,10,22,三芝區,,,,無年齡維度,0.0,女,遷入,臺灣省,0
110,10,22,三芝區,,,,無年齡維度,0.0,男,遷入,臺灣省,1
110,10,22,三芝區,,,,無年齡維度,0.0,女,遷入,高雄市,0
110,10,22,三芝區,,,,無年齡維度,0.0,男,遷入,高雄市,0
110,10,22,三芝區,,,,無年齡維度,0.0,女,遷出,migrants,2
110,10,22,三芝區,,,,無年齡維度,0.0,男,遷出,migrants,5
110,10,22,三芝區,,,,無年齡維度,0.0,女,遷出,other,0
110,10,22,三芝區,,,,無年齡維度,0.0,男,遷出,other,0
110,10,22,三芝區,,,,無年齡維度,0.0,女,遷出,其他縣市,0
110,10,22,三芝區,,,,無年齡維度,0.0,男,遷出,其他縣市,0
110,10,22,三芝區,,,,無年齡維度,0.0,女,遷出,其他鄉鎮,6
110,10,22,三芝區,,,,無年齡維度,0.0,男,遷出,其他鄉鎮,4
110,10,22,三芝區,,,,無年齡維度,0.0,女,遷出,合計,20
110,10,22,三芝區,,,,無年齡維度,0.0,男,遷出,合計,12
110,10,22,三芝區,,,,無年齡維度,0.0,女,遷出,國外,5
110,10,22,三芝區,,,,無年齡維度,0.0,男,遷出,國外,1
110,10,22,三芝區,,,,無年齡維度,0.0,女,遷出,新北市內,0
110,10,22,三芝區,,,,無年齡維度,0.0,男,遷出,新北市內,0
110,10,22,三芝區,,,,無年齡維度,0.0,女,遷出,桃園市,1
110,10,22,三芝區,,,,無年齡維度,0.0,男,遷出,桃園市,1
110,10,22,三芝區,,,,無年齡維度,0.0,女,遷出,福建省,0
110,10,22,三芝區,,,,無年齡維度,0.0,男,遷出,福建省,0
110,10,22,三芝區,,,,無年齡維度,0.0,女,遷出,臺中市,0
110,10,22,三芝區,,,,無年齡維度,0.0,男,遷出,臺中市,1
110,10,22,三芝區,,,,無年齡維度,0.0,女,遷出,臺北市,1
110,10,22,三芝區,,,,無年齡維度,0.0,男,遷出,臺北市,1
110,10,22,三芝區,,,,無年齡維度,0.0,女,遷出,臺南市,3
110,10,22,三芝區,,,,無年齡維度,0.0,男,遷出,臺南市,0
110,10,22,三芝區,,,,無年齡維度,0.0,女,遷出,臺灣省,4
110,10,22,三芝區,,,,無年齡維度,0.0,男,遷出,臺灣省,4
110,10,22,三芝區,,,,無年齡維度,0.0,女,遷出,高雄市,0
110,10,22,三芝區,,,,無年齡維度,0.0,男,遷出,高雄市,0
110,10,23,石門區,,,,無年齡維度,0.0,女,遷入,migrants,49
110,10,23,石門區,,,,無年齡維度,0.0,男,遷入,migrants,38
110,10,23,石門區,,,,無年齡維度,0.0,女,遷入,other,0
110,10,23,石門區,,,,無年齡維度,0.0,男,遷入,other,0
110,10,23,石門區,,,,無年齡維度,0.0,女,遷入,其他縣市,0
110,10,23,石門區,,,,無年齡維度,0.0,男,遷入,其他縣市,0
110,10,23,石門區,,,,無年齡維度,0.0,女,遷入,其他鄉鎮,60
110,10,23,石門區,,,,無年齡維度,0.0,男,遷入,其他鄉鎮,48
110,10,23,石門區,,,,無年齡維度,0.0,女,遷入,合計,118
110,10,23,石門區,,,,無年齡維度,0.0,男,遷入,合計,86
110,10,23,石門區,,,,無年齡維度,0.0,女,遷入,國外,1
110,10,23,石門區,,,,無年齡維度,0.0,男,遷入,國外,2
110,10,23,石門區,,,,無年齡維度,0.0,女,遷入,新北市內,0
110,10,23,石門區,,,,無年齡維度,0.0,男,遷入,新北市內,0
110,10,23,石門區,,,,無年齡維度,0.0,女,遷入,桃園市,4
110,10,23,石門區,,,,無年齡維度,0.0,男,遷入,桃園市,6
110,10,23,石門區,,,,無年齡維度,0.0,女,遷入,福建省,0
110,10,23,石門區,,,,無年齡維度,0.0,男,遷入,福建省,0
110,10,23,石門區,,,,無年齡維度,0.0,女,遷入,臺中市,0
110,10,23,石門區,,,,無年齡維度,0.0,男,遷入,臺中市,0
110,10,23,石門區,,,,無年齡維度,0.0,女,遷入,臺北市,39
110,10,23,石門區,,,,無年齡維度,0.0,男,遷入,臺北市,22
110,10,23,石門區,,,,無年齡維度,0.0,女,遷入,臺南市,3
110,10,23,石門區,,,,無年齡維度,0.0,男,遷入,臺南市,1
110,10,23,石門區,,,,無年齡維度,0.0,女,遷入,臺灣省,10
110,10,23,石門區,,,,無年齡維度,0.0,男,遷入,臺灣省,5
110,10,23,石門區,,,,無年齡維度,0.0,女,遷入,高雄市,1
110,10,23,石門區,,,,無年齡維度,0.0,男,遷入,高雄市,0
110,10,23,石門區,,,,無年齡維度,0.0,女,遷出,migrants,49
110,10,23,石門區,,,,無年齡維度,0.0,男,遷出,migrants,38
110,10,23,石門區,,,,無年齡維度,0.0,女,遷出,other,0
110,10,23,石門區,,,,無年齡維度,0.0,男,遷出,other,0
110,10,23,石門區,,,,無年齡維度,0.0,女,遷出,其他縣市,0
110,10,23,石門區,,,,無年齡維度,0.0,男,遷出,其他縣市,0
110,10,23,石門區,,,,無年齡維度,0.0,女,遷出,其他鄉鎮,23
110,10,23,石門區,,,,無年齡維度,0.0,男,遷出,其他鄉鎮,12
110,10,23,石門區,,,,無年齡維度,0.0,女,遷出,合計,72
110,10,23,石門區,,,,無年齡維度,0.0,男,遷出,合計,56
110,10,23,石門區,,,,無年齡維度,0.0,女,遷出,國外,21
110,10,23,石門區,,,,無年齡維度,0.0,男,遷出,國外,19
110,10,23,石門區,,,,無年齡維度,0.0,女,遷出,新北市內,0
110,10,23,石門區,,,,無年齡維度,0.0,男,遷出,新北市內,0
110,10,23,石門區,,,,無年齡維度,0.0,女,遷出,桃園市,6
110,10,23,石門區,,,,無年齡維度,0.0,男,遷出,桃園市,2
110,10,23,石門區,,,,無年齡維度,0.0,女,遷出,福建省,0
110,10,23,石門區,,,,無年齡維度,0.0,男,遷出,福建省,1
110,10,23,石門區,,,,無年齡維度,0.0,女,遷出,臺中市,0
110,10,23,石門區,,,,無年齡維度,0.0,男,遷出,臺中市,1
110,10,23,石門區,,,,無年齡維度,0.0,女,遷出,臺北市,11
110,10,23,石門區,,,,無年齡維度,0.0,男,遷出,臺北市,12
110,10,23,石門區,,,,無年齡維度,0.0,女,遷出,臺南市,2
110,10,23,石門區,,,,無年齡維度,0.0,男,遷出,臺南市,1
110,10,23,石門區,,,,無年齡維度,0.0,女,遷出,臺灣省,6
110,10,23,石門區,,,,無年齡維度,0.0,男,遷出,臺灣省,5
110,10,23,石門區,,,,無年齡維度,0.0,女,遷出,高雄市,3
110,10,23,石門區,,,,無年齡維度,0.0,男,遷出,高雄市,3
110,10,24,金山區,,,,無年齡維度,0.0,女,遷入,migrants,1
110,10,24,金山區,,,,無年齡維度,0.0,男,遷入,migrants,1
110,10,24,金山區,,,,無年齡維度,0.0,女,遷入,other,0
110,10,24,金山區,,,,無年齡維度,0.0,男,遷入,other,0
110,10,24,金山區,,,,無年齡維度,0.0,女,遷入,其他縣市,0
110,10,24,金山區,,,,無年齡維度,0.0,男,遷入,其他縣市,0
110,10,24,金山區,,,,無年齡維度,0.0,女,遷入,其他鄉鎮,3
110,10,24,金山區,,,,無年齡維度,0.0,男,遷入,其他鄉鎮,10
110,10,24,金山區,,,,無年齡維度,0.0,女,遷入,合計,7
110,10,24,金山區,,,,無年齡維度,0.0,男,遷入,合計,14
110,10,24,金山區,,,,無年齡維度,0.0,女,遷入,國外,0
110,10,24,金山區,,,,無年齡維度,0.0,男,遷入,國外,0
110,10,24,金山區,,,,無年齡維度,0.0,女,遷入,新北市內,0
110,10,24,金山區,,,,無年齡維度,0.0,男,遷入,新北市內,0
110,10,24,金山區,,,,無年齡維度,0.0,女,遷入,桃園市,1
110,10,24,金山區,,,,無年齡維度,0.0,男,遷入,桃園市,0
110,10,24,金山區,,,,無年齡維度,0.0,女,遷入,福建省,0
110,10,24,金山區,,,,無年齡維度,0.0,男,遷入,福建省,0
110,10,24,金山區,,,,無年齡維度,0.0,女,遷入,臺中市,0
110,10,24,金山區,,,,無年齡維度,0.0,男,遷入,臺中市,0
110,10,24,金山區,,,,無年齡維度,0.0,女,遷入,臺北市,0
110,10,24,金山區,,,,無年齡維度,0.0,男,遷入,臺北市,2
110,10,24,金山區,,,,無年齡維度,0.0,女,遷入,臺南市,0
110,10,24,金山區,,,,無年齡維度,0.0,男,遷入,臺南市,0
110,10,24,金山區,,,,無年齡維度,0.0,女,遷入,臺灣省,3
110,10,24,金山區,,,,無年齡維度,0.0,男,遷入,臺灣省,2
110,10,24,金山區,,,,無年齡維度,0.0,女,遷入,高雄市,0
110,10,24,金山區,,,,無年齡維度,0.0,男,遷入,高雄市,0
110,10,24,金山區,,,,無年齡維度,0.0,女,遷出,migrants,1
110,10,24,金山區,,,,無年齡維度,0.0,男,遷出,migrants,1
110,10,24,金山區,,,,無年齡維度,0.0,女,遷出,other,0
110,10,24,金山區,,,,無年齡維度,0.0,男,遷出,other,0
110,10,24,金山區,,,,無年齡維度,0.0,女,遷出,其他縣市,0
110,10,24,金山區,,,,無年齡維度,0.0,男,遷出,其他縣市,0
110,10,24,金山區,,,,無年齡維度,0.0,女,遷出,其他鄉鎮,3
110,10,24,金山區,,,,無年齡維度,0.0,男,遷出,其他鄉鎮,1
110,10,24,金山區,,,,無年齡維度,0.0,女,遷出,合計,7
110,10,24,金山區,,,,無年齡維度,0.0,男,遷出,合計,7
110,10,24,金山區,,,,無年齡維度,0.0,女,遷出,國外,0
110,10,24,金山區,,,,無年齡維度,0.0,男,遷出,國外,1
110,10,24,金山區,,,,無年齡維度,0.0,女,遷出,新北市內,0
110,10,24,金山區,,,,無年齡維度,0.0,男,遷出,新北市內,0
110,10,24,金山區,,,,無年齡維度,0.0,女,遷出,桃園市,3
110,10,24,金山區,,,,無年齡維度,0.0,男,遷出,桃園市,1
110,10,24,金山區,,,,無年齡維度,0.0,女,遷出,福建省,0
110,10,24,金山區,,,,無年齡維度,0.0,男,遷出,福建省,0
110,10,24,金山區,,,,無年齡維度,0.0,女,遷出,臺中市,0
110,10,24,金山區,,,,無年齡維度,0.0,男,遷出,臺中市,0
110,10,24,金山區,,,,無年齡維度,0.0,女,遷出,臺北市,1
110,10,24,金山區,,,,無年齡維度,0.0,男,遷出,臺北市,1
110,10,24,金山區,,,,無年齡維度,0.0,女,遷出,臺南市,0
110,10,24,金山區,,,,無年齡維度,0.0,男,遷出,臺南市,1
110,10,24,金山區,,,,無年齡維度,0.0,女,遷出,臺灣省,0
110,10,24,金山區,,,,無年齡維度,0.0,男,遷出,臺灣省,2
110,10,24,金山區,,,,無年齡維度,0.0,女,遷出,高雄市,0
110,10,24,金山區,,,,無年齡維度,0.0,男,遷出,高雄市,0
110,10,25,萬里區,,,,無年齡維度,0.0,女,遷入,migrants,2
110,10,25,萬里區,,,,無年齡維度,0.0,男,遷入,migrants,5
110,10,25,萬里區,,,,無年齡維度,0.0,女,遷入,other,0
110,10,25,萬里區,,,,無年齡維度,0.0,男,遷入,other,0
110,10,25,萬里區,,,,無年齡維度,0.0,女,遷入,其他縣市,0
110,10,25,萬里區,,,,無年齡維度,0.0,男,遷入,其他縣市,0
110,10,25,萬里區,,,,無年齡維度,0.0,女,遷入,其他鄉鎮,10
110,10,25,萬里區,,,,無年齡維度,0.0,男,遷入,其他鄉鎮,7
110,10,25,萬里區,,,,無年齡維度,0.0,女,遷入,合計,14
110,10,25,萬里區,,,,無年齡維度,0.0,男,遷入,合計,10
110,10,25,萬里區,,,,無年齡維度,0.0,女,遷入,國外,0
110,10,25,萬里區,,,,無年齡維度,0.0,男,遷入,國外,0
110,10,25,萬里區,,,,無年齡維度,0.0,女,遷入,新北市內,0
110,10,25,萬里區,,,,無年齡維度,0.0,男,遷入,新北市內,0
110,10,25,萬里區,,,,無年齡維度,0.0,女,遷入,桃園市,3
110,10,25,萬里區,,,,無年齡維度,0.0,男,遷入,桃園市,2
110,10,25,萬里區,,,,無年齡維度,0.0,女,遷入,福建省,0
110,10,25,萬里區,,,,無年齡維度,0.0,男,遷入,福建省,0
110,10,25,萬里區,,,,無年齡維度,0.0,女,遷入,臺中市,0
110,10,25,萬里區,,,,無年齡維度,0.0,男,遷入,臺中市,0
110,10,25,萬里區,,,,無年齡維度,0.0,女,遷入,臺北市,0
110,10,25,萬里區,,,,無年齡維度,0.0,男,遷入,臺北市,0
110,10,25,萬里區,,,,無年齡維度,0.0,女,遷入,臺南市,0
110,10,25,萬里區,,,,無年齡維度,0.0,男,遷入,臺南市,0
110,10,25,萬里區,,,,無年齡維度,0.0,女,遷入,臺灣省,1
110,10,25,萬里區,,,,無年齡維度,0.0,男,遷入,臺灣省,1
110,10,25,萬里區,,,,無年齡維度,0.0,女,遷入,高雄市,0
110,10,25,萬里區,,,,無年齡維度,0.0,男,遷入,高雄市,0
110,10,25,萬里區,,,,無年齡維度,0.0,女,遷出,migrants,2
110,10,25,萬里區,,,,無年齡維度,0.0,男,遷出,migrants,5
110,10,25,萬里區,,,,無年齡維度,0.0,女,遷出,other,0
110,10,25,萬里區,,,,無年齡維度,0.0,男,遷出,other,0
110,10,25,萬里區,,,,無年齡維度,0.0,女,遷出,其他縣市,0
110,10,25,萬里區,,,,無年齡維度,0.0,男,遷出,其他縣市,0
110,10,25,萬里區,,,,無年齡維度,0.0,女,遷出,其他鄉鎮,7
110,10,25,萬里區,,,,無年齡維度,0.0,男,遷出,其他鄉鎮,5
110,10,25,萬里區,,,,無年齡維度,0.0,女,遷出,合計,14
110,10,25,萬里區,,,,無年齡維度,0.0,男,遷出,合計,12
110,10,25,萬里區,,,,無年齡維度,0.0,女,遷出,國外,1
110,10,25,萬里區,,,,無年齡維度,0.0,男,遷出,國外,4
110,10,25,萬里區,,,,無年齡維度,0.0,女,遷出,新北市內,0
110,10,25,萬里區,,,,無年齡維度,0.0,男,遷出,新北市內,0
110,10,25,萬里區,,,,無年齡維度,0.0,女,遷出,桃園市,1
110,10,25,萬里區,,,,無年齡維度,0.0,男,遷出,桃園市,0
110,10,25,萬里區,,,,無年齡維度,0.0,女,遷出,福建省,0
110,10,25,萬里區,,,,無年齡維度,0.0,男,遷出,福建省,0
110,10,25,萬里區,,,,無年齡維度,0.0,女,遷出,臺中市,0
110,10,25,萬里區,,,,無年齡維度,0.0,男,遷出,臺中市,0
110,10,25,萬里區,,,,無年齡維度,0.0,女,遷出,臺北市,2
110,10,25,萬里區,,,,無年齡維度,0.0,男,遷出,臺北市,0
110,10,25,萬里區,,,,無年齡維度,0.0,女,遷出,臺南市,0
110,10,25,萬里區,,,,無年齡維度,0.0,男,遷出,臺南市,0
110,10,25,萬里區,,,,無年齡維度,0.0,女,遷出,臺灣省,3
110,10,25,萬里區,,,,無年齡維度,0.0,男,遷出,臺灣省,2
110,10,25,萬里區,,,,無年齡維度,0.0,女,遷出,高雄市,0
110,10,25,萬里區,,,,無年齡維度,0.0,男,遷出,高雄市,1
110,10,26,平溪區,,,,無年齡維度,0.0,女,遷入,migrants,6
110,10,26,平溪區,,,,無年齡維度,0.0,男,遷入,migrants,10
110,10,26,平溪區,,,,無年齡維度,0.0,女,遷入,other,0
110,10,26,平溪區,,,,無年齡維度,0.0,男,遷入,other,0
110,10,26,平溪區,,,,無年齡維度,0.0,女,遷入,其他縣市,0
110,10,26,平溪區,,,,無年齡維度,0.0,男,遷入,其他縣市,0
110,10,26,平溪區,,,,無年齡維度,0.0,女,遷入,其他鄉鎮,3
110,10,26,平溪區,,,,無年齡維度,0.0,男,遷入,其他鄉鎮,3
110,10,26,平溪區,,,,無年齡維度,0.0,女,遷入,合計,5
110,10,26,平溪區,,,,無年齡維度,0.0,男,遷入,合計,6
110,10,26,平溪區,,,,無年齡維度,0.0,女,遷入,國外,1
110,10,26,平溪區,,,,無年齡維度,0.0,男,遷入,國外,0
110,10,26,平溪區,,,,無年齡維度,0.0,女,遷入,新北市內,0
110,10,26,平溪區,,,,無年齡維度,0.0,男,遷入,新北市內,0
110,10,26,平溪區,,,,無年齡維度,0.0,女,遷入,桃園市,0
110,10,26,平溪區,,,,無年齡維度,0.0,男,遷入,桃園市,0
110,10,26,平溪區,,,,無年齡維度,0.0,女,遷入,福建省,0
110,10,26,平溪區,,,,無年齡維度,0.0,男,遷入,福建省,0
110,10,26,平溪區,,,,無年齡維度,0.0,女,遷入,臺中市,0
110,10,26,平溪區,,,,無年齡維度,0.0,男,遷入,臺中市,0
110,10,26,平溪區,,,,無年齡維度,0.0,女,遷入,臺北市,0
110,10,26,平溪區,,,,無年齡維度,0.0,男,遷入,臺北市,0
110,10,26,平溪區,,,,無年齡維度,0.0,女,遷入,臺南市,0
110,10,26,平溪區,,,,無年齡維度,0.0,男,遷入,臺南市,0
110,10,26,平溪區,,,,無年齡維度,0.0,女,遷入,臺灣省,1
110,10,26,平溪區,,,,無年齡維度,0.0,男,遷入,臺灣省,3
110,10,26,平溪區,,,,無年齡維度,0.0,女,遷入,高雄市,0
110,10,26,平溪區,,,,無年齡維度,0.0,男,遷入,高雄市,0
110,10,26,平溪區,,,,無年齡維度,0.0,女,遷出,migrants,6
110,10,26,平溪區,,,,無年齡維度,0.0,男,遷出,migrants,10
110,10,26,平溪區,,,,無年齡維度,0.0,女,遷出,other,0
110,10,26,平溪區,,,,無年齡維度,0.0,男,遷出,other,0
110,10,26,平溪區,,,,無年齡維度,0.0,女,遷出,其他縣市,0
110,10,26,平溪區,,,,無年齡維度,0.0,男,遷出,其他縣市,0
110,10,26,平溪區,,,,無年齡維度,0.0,女,遷出,其他鄉鎮,5
110,10,26,平溪區,,,,無年齡維度,0.0,男,遷出,其他鄉鎮,7
110,10,26,平溪區,,,,無年齡維度,0.0,女,遷出,合計,8
110,10,26,平溪區,,,,無年齡維度,0.0,男,遷出,合計,16
110,10,26,平溪區,,,,無年齡維度,0.0,女,遷出,國外,2
110,10,26,平溪區,,,,無年齡維度,0.0,男,遷出,國外,3
110,10,26,平溪區,,,,無年齡維度,0.0,女,遷出,新北市內,0
110,10,26,平溪區,,,,無年齡維度,0.0,男,遷出,新北市內,0
110,10,26,平溪區,,,,無年齡維度,0.0,女,遷出,桃園市,0
110,10,26,平溪區,,,,無年齡維度,0.0,男,遷出,桃園市,2
110,10,26,平溪區,,,,無年齡維度,0.0,女,遷出,福建省,0
110,10,26,平溪區,,,,無年齡維度,0.0,男,遷出,福建省,0
110,10,26,平溪區,,,,無年齡維度,0.0,女,遷出,臺中市,0
110,10,26,平溪區,,,,無年齡維度,0.0,男,遷出,臺中市,1
110,10,26,平溪區,,,,無年齡維度,0.0,女,遷出,臺北市,1
110,10,26,平溪區,,,,無年齡維度,0.0,男,遷出,臺北市,0
110,10,26,平溪區,,,,無年齡維度,0.0,女,遷出,臺南市,0
110,10,26,平溪區,,,,無年齡維度,0.0,男,遷出,臺南市,0
110,10,26,平溪區,,,,無年齡維度,0.0,女,遷出,臺灣省,0
110,10,26,平溪區,,,,無年齡維度,0.0,男,遷出,臺灣省,3
110,10,26,平溪區,,,,無年齡維度,0.0,女,遷出,高雄市,0
110,10,26,平溪區,,,,無年齡維度,0.0,男,遷出,高雄市,0
110,10,27,雙溪區,,,,無年齡維度,0.0,女,遷入,migrants,8
110,10,27,雙溪區,,,,無年齡維度,0.0,男,遷入,migrants,9
110,10,27,雙溪區,,,,無年齡維度,0.0,女,遷入,other,0
110,10,27,雙溪區,,,,無年齡維度,0.0,男,遷入,other,0
110,10,27,雙溪區,,,,無年齡維度,0.0,女,遷入,其他縣市,0
110,10,27,雙溪區,,,,無年齡維度,0.0,男,遷入,其他縣市,0
110,10,27,雙溪區,,,,無年齡維度,0.0,女,遷入,其他鄉鎮,5
110,10,27,雙溪區,,,,無年齡維度,0.0,男,遷入,其他鄉鎮,8
110,10,27,雙溪區,,,,無年齡維度,0.0,女,遷入,合計,20
110,10,27,雙溪區,,,,無年齡維度,0.0,男,遷入,合計,14
110,10,27,雙溪區,,,,無年齡維度,0.0,女,遷入,國外,0
110,10,27,雙溪區,,,,無年齡維度,0.0,男,遷入,國外,0
110,10,27,雙溪區,,,,無年齡維度,0.0,女,遷入,新北市內,0
110,10,27,雙溪區,,,,無年齡維度,0.0,男,遷入,新北市內,0
110,10,27,雙溪區,,,,無年齡維度,0.0,女,遷入,桃園市,3
110,10,27,雙溪區,,,,無年齡維度,0.0,男,遷入,桃園市,0
110,10,27,雙溪區,,,,無年齡維度,0.0,女,遷入,福建省,0
110,10,27,雙溪區,,,,無年齡維度,0.0,男,遷入,福建省,0
110,10,27,雙溪區,,,,無年齡維度,0.0,女,遷入,臺中市,1
110,10,27,雙溪區,,,,無年齡維度,0.0,男,遷入,臺中市,0
110,10,27,雙溪區,,,,無年齡維度,0.0,女,遷入,臺北市,5
110,10,27,雙溪區,,,,無年齡維度,0.0,男,遷入,臺北市,3
110,10,27,雙溪區,,,,無年齡維度,0.0,女,遷入,臺南市,0
110,10,27,雙溪區,,,,無年齡維度,0.0,男,遷入,臺南市,0
110,10,27,雙溪區,,,,無年齡維度,0.0,女,遷入,臺灣省,5
110,10,27,雙溪區,,,,無年齡維度,0.0,男,遷入,臺灣省,3
110,10,27,雙溪區,,,,無年齡維度,0.0,女,遷入,高雄市,1
110,10,27,雙溪區,,,,無年齡維度,0.0,男,遷入,高雄市,0
110,10,27,雙溪區,,,,無年齡維度,0.0,女,遷出,migrants,8
110,10,27,雙溪區,,,,無年齡維度,0.0,男,遷出,migrants,9
110,10,27,雙溪區,,,,無年齡維度,0.0,女,遷出,other,0
110,10,27,雙溪區,,,,無年齡維度,0.0,男,遷出,other,0
110,10,27,雙溪區,,,,無年齡維度,0.0,女,遷出,其他縣市,0
110,10,27,雙溪區,,,,無年齡維度,0.0,男,遷出,其他縣市,0
110,10,27,雙溪區,,,,無年齡維度,0.0,女,遷出,其他鄉鎮,7
110,10,27,雙溪區,,,,無年齡維度,0.0,男,遷出,其他鄉鎮,8
110,10,27,雙溪區,,,,無年齡維度,0.0,女,遷出,合計,28
110,10,27,雙溪區,,,,無年齡維度,0.0,男,遷出,合計,20
110,10,27,雙溪區,,,,無年齡維度,0.0,女,遷出,國外,5
110,10,27,雙溪區,,,,無年齡維度,0.0,男,遷出,國外,5
110,10,27,雙溪區,,,,無年齡維度,0.0,女,遷出,新北市內,0
110,10,27,雙溪區,,,,無年齡維度,0.0,男,遷出,新北市內,0
110,10,27,雙溪區,,,,無年齡維度,0.0,女,遷出,桃園市,2
110,10,27,雙溪區,,,,無年齡維度,0.0,男,遷出,桃園市,0
110,10,27,雙溪區,,,,無年齡維度,0.0,女,遷出,福建省,0
110,10,27,雙溪區,,,,無年齡維度,0.0,男,遷出,福建省,1
110,10,27,雙溪區,,,,無年齡維度,0.0,女,遷出,臺中市,0
110,10,27,雙溪區,,,,無年齡維度,0.0,男,遷出,臺中市,0
110,10,27,雙溪區,,,,無年齡維度,0.0,女,遷出,臺北市,6
110,10,27,雙溪區,,,,無年齡維度,0.0,男,遷出,臺北市,2
110,10,27,雙溪區,,,,無年齡維度,0.0,女,遷出,臺南市,1
110,10,27,雙溪區,,,,無年齡維度,0.0,男,遷出,臺南市,0
110,10,27,雙溪區,,,,無年齡維度,0.0,女,遷出,臺灣省,7
110,10,27,雙溪區,,,,無年齡維度,0.0,男,遷出,臺灣省,4
110,10,27,雙溪區,,,,無年齡維度,0.0,女,遷出,高雄市,0
110,10,27,雙溪區,,,,無年齡維度,0.0,男,遷出,高雄市,0
110,10,28,貢寮區,,,,無年齡維度,0.0,女,遷入,migrants,7
110,10,28,貢寮區,,,,無年齡維度,0.0,男,遷入,migrants,11
110,10,28,貢寮區,,,,無年齡維度,0.0,女,遷入,other,0
110,10,28,貢寮區,,,,無年齡維度,0.0,男,遷入,other,0
110,10,28,貢寮區,,,,無年齡維度,0.0,女,遷入,其他縣市,0
110,10,28,貢寮區,,,,無年齡維度,0.0,男,遷入,其他縣市,0
110,10,28,貢寮區,,,,無年齡維度,0.0,女,遷入,其他鄉鎮,9
110,10,28,貢寮區,,,,無年齡維度,0.0,男,遷入,其他鄉鎮,12
110,10,28,貢寮區,,,,無年齡維度,0.0,女,遷入,合計,35
110,10,28,貢寮區,,,,無年齡維度,0.0,男,遷入,合計,34
110,10,28,貢寮區,,,,無年齡維度,0.0,女,遷入,國外,0
110,10,28,貢寮區,,,,無年齡維度,0.0,男,遷入,國外,1
110,10,28,貢寮區,,,,無年齡維度,0.0,女,遷入,新北市內,0
110,10,28,貢寮區,,,,無年齡維度,0.0,男,遷入,新北市內,0
110,10,28,貢寮區,,,,無年齡維度,0.0,女,遷入,桃園市,1
110,10,28,貢寮區,,,,無年齡維度,0.0,男,遷入,桃園市,0
110,10,28,貢寮區,,,,無年齡維度,0.0,女,遷入,福建省,0
110,10,28,貢寮區,,,,無年齡維度,0.0,男,遷入,福建省,0
110,10,28,貢寮區,,,,無年齡維度,0.0,女,遷入,臺中市,2
110,10,28,貢寮區,,,,無年齡維度,0.0,男,遷入,臺中市,0
110,10,28,貢寮區,,,,無年齡維度,0.0,女,遷入,臺北市,7
110,10,28,貢寮區,,,,無年齡維度,0.0,男,遷入,臺北市,11
110,10,28,貢寮區,,,,無年齡維度,0.0,女,遷入,臺南市,0
110,10,28,貢寮區,,,,無年齡維度,0.0,男,遷入,臺南市,0
110,10,28,貢寮區,,,,無年齡維度,0.0,女,遷入,臺灣省,11
110,10,28,貢寮區,,,,無年齡維度,0.0,男,遷入,臺灣省,9
110,10,28,貢寮區,,,,無年齡維度,0.0,女,遷入,高雄市,2
110,10,28,貢寮區,,,,無年齡維度,0.0,男,遷入,高雄市,1
110,10,28,貢寮區,,,,無年齡維度,0.0,女,遷出,migrants,7
110,10,28,貢寮區,,,,無年齡維度,0.0,男,遷出,migrants,11
110,10,28,貢寮區,,,,無年齡維度,0.0,女,遷出,other,0
110,10,28,貢寮區,,,,無年齡維度,0.0,男,遷出,other,0
110,10,28,貢寮區,,,,無年齡維度,0.0,女,遷出,其他縣市,0
110,10,28,貢寮區,,,,無年齡維度,0.0,男,遷出,其他縣市,0
110,10,28,貢寮區,,,,無年齡維度,0.0,女,遷出,其他鄉鎮,5
110,10,28,貢寮區,,,,無年齡維度,0.0,男,遷出,其他鄉鎮,10
110,10,28,貢寮區,,,,無年齡維度,0.0,女,遷出,合計,21
110,10,28,貢寮區,,,,無年齡維度,0.0,男,遷出,合計,31
110,10,28,貢寮區,,,,無年齡維度,0.0,女,遷出,國外,3
110,10,28,貢寮區,,,,無年齡維度,0.0,男,遷出,國外,3
110,10,28,貢寮區,,,,無年齡維度,0.0,女,遷出,新北市內,0
110,10,28,貢寮區,,,,無年齡維度,0.0,男,遷出,新北市內,0
110,10,28,貢寮區,,,,無年齡維度,0.0,女,遷出,桃園市,0
110,10,28,貢寮區,,,,無年齡維度,0.0,男,遷出,桃園市,4
110,10,28,貢寮區,,,,無年齡維度,0.0,女,遷出,福建省,1
110,10,28,貢寮區,,,,無年齡維度,0.0,男,遷出,福建省,1
110,10,28,貢寮區,,,,無年齡維度,0.0,女,遷出,臺中市,0
110,10,28,貢寮區,,,,無年齡維度,0.0,男,遷出,臺中市,1
110,10,28,貢寮區,,,,無年齡維度,0.0,女,遷出,臺北市,3
110,10,28,貢寮區,,,,無年齡維度,0.0,男,遷出,臺北市,3
110,10,28,貢寮區,,,,無年齡維度,0.0,女,遷出,臺南市,0
110,10,28,貢寮區,,,,無年齡維度,0.0,男,遷出,臺南市,0
110,10,28,貢寮區,,,,無年齡維度,0.0,女,遷出,臺灣省,9
110,10,28,貢寮區,,,,無年齡維度,0.0,男,遷出,臺灣省,9
110,10,28,貢寮區,,,,無年齡維度,0.0,女,遷出,高雄市,0
110,10,28,貢寮區,,,,無年齡維度,0.0,男,遷出,高雄市,0
110,10,29,烏來區,,,,無年齡維度,0.0,女,遷入,migrants,8
110,10,29,烏來區,,,,無年齡維度,0.0,男,遷入,migrants,5
110,10,29,烏來區,,,,無年齡維度,0.0,女,遷入,other,0
110,10,29,烏來區,,,,無年齡維度,0.0,男,遷入,other,0
110,10,29,烏來區,,,,無年齡維度,0.0,女,遷入,其他縣市,0
110,10,29,烏來區,,,,無年齡維度,0.0,男,遷入,其他縣市,0
110,10,29,烏來區,,,,無年齡維度,0.0,女,遷入,其他鄉鎮,5
110,10,29,烏來區,,,,無年齡維度,0.0,男,遷入,其他鄉鎮,2
110,10,29,烏來區,,,,無年齡維度,0.0,女,遷入,合計,8
110,10,29,烏來區,,,,無年齡維度,0.0,男,遷入,合計,5
110,10,29,烏來區,,,,無年齡維度,0.0,女,遷入,國外,0
110,10,29,烏來區,,,,無年齡維度,0.0,男,遷入,國外,0
110,10,29,烏來區,,,,無年齡維度,0.0,女,遷入,新北市內,0
110,10,29,烏來區,,,,無年齡維度,0.0,男,遷入,新北市內,0
110,10,29,烏來區,,,,無年齡維度,0.0,女,遷入,桃園市,0
110,10,29,烏來區,,,,無年齡維度,0.0,男,遷入,桃園市,0
110,10,29,烏來區,,,,無年齡維度,0.0,女,遷入,福建省,0
110,10,29,烏來區,,,,無年齡維度,0.0,男,遷入,福建省,0
110,10,29,烏來區,,,,無年齡維度,0.0,女,遷入,臺中市,0
110,10,29,烏來區,,,,無年齡維度,0.0,男,遷入,臺中市,0
110,10,29,烏來區,,,,無年齡維度,0.0,女,遷入,臺北市,0
110,10,29,烏來區,,,,無年齡維度,0.0,男,遷入,臺北市,1
110,10,29,烏來區,,,,無年齡維度,0.0,女,遷入,臺南市,0
110,10,29,烏來區,,,,無年齡維度,0.0,男,遷入,臺南市,0
110,10,29,烏來區,,,,無年齡維度,0.0,女,遷入,臺灣省,1
110,10,29,烏來區,,,,無年齡維度,0.0,男,遷入,臺灣省,2
110,10,29,烏來區,,,,無年齡維度,0.0,女,遷入,高雄市,0
110,10,29,烏來區,,,,無年齡維度,0.0,男,遷入,高雄市,0
110,10,29,烏來區,,,,無年齡維度,0.0,女,遷出,migrants,8
110,10,29,烏來區,,,,無年齡維度,0.0,男,遷出,migrants,5
110,10,29,烏來區,,,,無年齡維度,0.0,女,遷出,other,0
110,10,29,烏來區,,,,無年齡維度,0.0,男,遷出,other,0
110,10,29,烏來區,,,,無年齡維度,0.0,女,遷出,其他縣市,0
110,10,29,烏來區,,,,無年齡維度,0.0,男,遷出,其他縣市,0
110,10,29,烏來區,,,,無年齡維度,0.0,女,遷出,其他鄉鎮,2
110,10,29,烏來區,,,,無年齡維度,0.0,男,遷出,其他鄉鎮,2
110,10,29,烏來區,,,,無年齡維度,0.0,女,遷出,合計,7
110,10,29,烏來區,,,,無年齡維度,0.0,男,遷出,合計,4
110,10,29,烏來區,,,,無年齡維度,0.0,女,遷出,國外,3
110,10,29,烏來區,,,,無年齡維度,0.0,男,遷出,國外,1
110,10,29,烏來區,,,,無年齡維度,0.0,女,遷出,新北市內,0
110,10,29,烏來區,,,,無年齡維度,0.0,男,遷出,新北市內,0
110,10,29,烏來區,,,,無年齡維度,0.0,女,遷出,桃園市,0
110,10,29,烏來區,,,,無年齡維度,0.0,男,遷出,桃園市,0
110,10,29,烏來區,,,,無年齡維度,0.0,女,遷出,福建省,0
110,10,29,烏來區,,,,無年齡維度,0.0,男,遷出,福建省,0
110,10,29,烏來區,,,,無年齡維度,0.0,女,遷出,臺中市,0
110,10,29,烏來區,,,,無年齡維度,0.0,男,遷出,臺中市,0
110,10,29,烏來區,,,,無年齡維度,0.0,女,遷出,臺北市,1
110,10,29,烏來區,,,,無年齡維度,0.0,男,遷出,臺北市,0
110,10,29,烏來區,,,,無年齡維度,0.0,女,遷出,臺南市,0
110,10,29,烏來區,,,,無年齡維度,0.0,男,遷出,臺南市,0
110,10,29,烏來區,,,,無年齡維度,0.0,女,遷出,臺灣省,1
110,10,29,烏來區,,,,無年齡維度,0.0,男,遷出,臺灣省,1
110,10,29,烏來區,,,,無年齡維度,0.0,女,遷出,高雄市,0
110,10,29,烏來區,,,,無年齡維度,0.0,男,遷出,高雄市,0
110,11,1,板橋區,,,,無年齡維度,0.0,女,遷入,migrants,753
110,11,1,板橋區,,,,無年齡維度,0.0,男,遷入,migrants,656
110,11,1,板橋區,,,,無年齡維度,0.0,女,遷入,other,0
110,11,1,板橋區,,,,無年齡維度,0.0,男,遷入,other,0
110,11,1,板橋區,,,,無年齡維度,0.0,女,遷入,其他縣市,0
110,11,1,板橋區,,,,無年齡維度,0.0,男,遷入,其他縣市,0
110,11,1,板橋區,,,,無年齡維度,0.0,女,遷入,其他鄉鎮,347
110,11,1,板橋區,,,,無年齡維度,0.0,男,遷入,其他鄉鎮,302
110,11,1,板橋區,,,,無年齡維度,0.0,女,遷入,合計,772
110,11,1,板橋區,,,,無年齡維度,0.0,男,遷入,合計,633
110,11,1,板橋區,,,,無年齡維度,0.0,女,遷入,國外,28
110,11,1,板橋區,,,,無年齡維度,0.0,男,遷入,國外,25
110,11,1,板橋區,,,,無年齡維度,0.0,女,遷入,新北市內,0
110,11,1,板橋區,,,,無年齡維度,0.0,男,遷入,新北市內,0
110,11,1,板橋區,,,,無年齡維度,0.0,女,遷入,桃園市,52
110,11,1,板橋區,,,,無年齡維度,0.0,男,遷入,桃園市,44
110,11,1,板橋區,,,,無年齡維度,0.0,女,遷入,福建省,1
110,11,1,板橋區,,,,無年齡維度,0.0,男,遷入,福建省,3
110,11,1,板橋區,,,,無年齡維度,0.0,女,遷入,臺中市,23
110,11,1,板橋區,,,,無年齡維度,0.0,男,遷入,臺中市,18
110,11,1,板橋區,,,,無年齡維度,0.0,女,遷入,臺北市,200
110,11,1,板橋區,,,,無年齡維度,0.0,男,遷入,臺北市,145
110,11,1,板橋區,,,,無年齡維度,0.0,女,遷入,臺南市,7
110,11,1,板橋區,,,,無年齡維度,0.0,男,遷入,臺南市,7
110,11,1,板橋區,,,,無年齡維度,0.0,女,遷入,臺灣省,74
110,11,1,板橋區,,,,無年齡維度,0.0,男,遷入,臺灣省,73
110,11,1,板橋區,,,,無年齡維度,0.0,女,遷入,高雄市,26
110,11,1,板橋區,,,,無年齡維度,0.0,男,遷入,高雄市,14
110,11,1,板橋區,,,,無年齡維度,0.0,女,遷出,migrants,753
110,11,1,板橋區,,,,無年齡維度,0.0,男,遷出,migrants,656
110,11,1,板橋區,,,,無年齡維度,0.0,女,遷出,other,0
110,11,1,板橋區,,,,無年齡維度,0.0,男,遷出,other,0
110,11,1,板橋區,,,,無年齡維度,0.0,女,遷出,其他縣市,0
110,11,1,板橋區,,,,無年齡維度,0.0,男,遷出,其他縣市,0
110,11,1,板橋區,,,,無年齡維度,0.0,女,遷出,其他鄉鎮,451
110,11,1,板橋區,,,,無年齡維度,0.0,男,遷出,其他鄉鎮,307
110,11,1,板橋區,,,,無年齡維度,0.0,女,遷出,合計,1051
110,11,1,板橋區,,,,無年齡維度,0.0,男,遷出,合計,814
110,11,1,板橋區,,,,無年齡維度,0.0,女,遷出,國外,219
110,11,1,板橋區,,,,無年齡維度,0.0,男,遷出,國外,172
110,11,1,板橋區,,,,無年齡維度,0.0,女,遷出,新北市內,0
110,11,1,板橋區,,,,無年齡維度,0.0,男,遷出,新北市內,0
110,11,1,板橋區,,,,無年齡維度,0.0,女,遷出,桃園市,108
110,11,1,板橋區,,,,無年齡維度,0.0,男,遷出,桃園市,76
110,11,1,板橋區,,,,無年齡維度,0.0,女,遷出,福建省,8
110,11,1,板橋區,,,,無年齡維度,0.0,男,遷出,福建省,18
110,11,1,板橋區,,,,無年齡維度,0.0,女,遷出,臺中市,42
110,11,1,板橋區,,,,無年齡維度,0.0,男,遷出,臺中市,16
110,11,1,板橋區,,,,無年齡維度,0.0,女,遷出,臺北市,102
110,11,1,板橋區,,,,無年齡維度,0.0,男,遷出,臺北市,93
110,11,1,板橋區,,,,無年齡維度,0.0,女,遷出,臺南市,18
110,11,1,板橋區,,,,無年齡維度,0.0,男,遷出,臺南市,11
110,11,1,板橋區,,,,無年齡維度,0.0,女,遷出,臺灣省,90
110,11,1,板橋區,,,,無年齡維度,0.0,男,遷出,臺灣省,105
110,11,1,板橋區,,,,無年齡維度,0.0,女,遷出,高雄市,13
110,11,1,板橋區,,,,無年齡維度,0.0,男,遷出,高雄市,13
110,11,2,三重區,,,,無年齡維度,0.0,女,遷入,migrants,552
110,11,2,三重區,,,,無年齡維度,0.0,男,遷入,migrants,454
110,11,2,三重區,,,,無年齡維度,0.0,女,遷入,other,0
110,11,2,三重區,,,,無年齡維度,0.0,男,遷入,other,0
110,11,2,三重區,,,,無年齡維度,0.0,女,遷入,其他縣市,0
110,11,2,三重區,,,,無年齡維度,0.0,男,遷入,其他縣市,0
110,11,2,三重區,,,,無年齡維度,0.0,女,遷入,其他鄉鎮,238
110,11,2,三重區,,,,無年齡維度,0.0,男,遷入,其他鄉鎮,172
110,11,2,三重區,,,,無年齡維度,0.0,女,遷入,合計,672
110,11,2,三重區,,,,無年齡維度,0.0,男,遷入,合計,544
110,11,2,三重區,,,,無年齡維度,0.0,女,遷入,國外,10
110,11,2,三重區,,,,無年齡維度,0.0,男,遷入,國外,19
110,11,2,三重區,,,,無年齡維度,0.0,女,遷入,新北市內,0
110,11,2,三重區,,,,無年齡維度,0.0,男,遷入,新北市內,0
110,11,2,三重區,,,,無年齡維度,0.0,女,遷入,桃園市,48
110,11,2,三重區,,,,無年齡維度,0.0,男,遷入,桃園市,41
110,11,2,三重區,,,,無年齡維度,0.0,女,遷入,福建省,3
110,11,2,三重區,,,,無年齡維度,0.0,男,遷入,福建省,1
110,11,2,三重區,,,,無年齡維度,0.0,女,遷入,臺中市,12
110,11,2,三重區,,,,無年齡維度,0.0,男,遷入,臺中市,12
110,11,2,三重區,,,,無年齡維度,0.0,女,遷入,臺北市,273
110,11,2,三重區,,,,無年齡維度,0.0,男,遷入,臺北市,214
110,11,2,三重區,,,,無年齡維度,0.0,女,遷入,臺南市,8
110,11,2,三重區,,,,無年齡維度,0.0,男,遷入,臺南市,10
110,11,2,三重區,,,,無年齡維度,0.0,女,遷入,臺灣省,67
110,11,2,三重區,,,,無年齡維度,0.0,男,遷入,臺灣省,62
110,11,2,三重區,,,,無年齡維度,0.0,女,遷入,高雄市,8
110,11,2,三重區,,,,無年齡維度,0.0,男,遷入,高雄市,5
110,11,2,三重區,,,,無年齡維度,0.0,女,遷出,migrants,552
110,11,2,三重區,,,,無年齡維度,0.0,男,遷出,migrants,454
110,11,2,三重區,,,,無年齡維度,0.0,女,遷出,other,0
110,11,2,三重區,,,,無年齡維度,0.0,男,遷出,other,0
110,11,2,三重區,,,,無年齡維度,0.0,女,遷出,其他縣市,0
110,11,2,三重區,,,,無年齡維度,0.0,男,遷出,其他縣市,0
110,11,2,三重區,,,,無年齡維度,0.0,女,遷出,其他鄉鎮,256
110,11,2,三重區,,,,無年齡維度,0.0,男,遷出,其他鄉鎮,228
110,11,2,三重區,,,,無年齡維度,0.0,女,遷出,合計,842
110,11,2,三重區,,,,無年齡維度,0.0,男,遷出,合計,701
110,11,2,三重區,,,,無年齡維度,0.0,女,遷出,國外,219
110,11,2,三重區,,,,無年齡維度,0.0,男,遷出,國外,144
110,11,2,三重區,,,,無年齡維度,0.0,女,遷出,新北市內,0
110,11,2,三重區,,,,無年齡維度,0.0,男,遷出,新北市內,0
110,11,2,三重區,,,,無年齡維度,0.0,女,遷出,桃園市,60
110,11,2,三重區,,,,無年齡維度,0.0,男,遷出,桃園市,59
110,11,2,三重區,,,,無年齡維度,0.0,女,遷出,福建省,8
110,11,2,三重區,,,,無年齡維度,0.0,男,遷出,福建省,7
110,11,2,三重區,,,,無年齡維度,0.0,女,遷出,臺中市,19
110,11,2,三重區,,,,無年齡維度,0.0,男,遷出,臺中市,18
110,11,2,三重區,,,,無年齡維度,0.0,女,遷出,臺北市,167
110,11,2,三重區,,,,無年齡維度,0.0,男,遷出,臺北市,154
110,11,2,三重區,,,,無年齡維度,0.0,女,遷出,臺南市,15
110,11,2,三重區,,,,無年齡維度,0.0,男,遷出,臺南市,12
110,11,2,三重區,,,,無年齡維度,0.0,女,遷出,臺灣省,88
110,11,2,三重區,,,,無年齡維度,0.0,男,遷出,臺灣省,69
110,11,2,三重區,,,,無年齡維度,0.0,女,遷出,高雄市,10
110,11,2,三重區,,,,無年齡維度,0.0,男,遷出,高雄市,10
110,11,3,中和區,,,,無年齡維度,0.0,女,遷入,migrants,391
110,11,3,中和區,,,,無年齡維度,0.0,男,遷入,migrants,367
110,11,3,中和區,,,,無年齡維度,0.0,女,遷入,other,0
110,11,3,中和區,,,,無年齡維度,0.0,男,遷入,other,0
110,11,3,中和區,,,,無年齡維度,0.0,女,遷入,其他縣市,0
110,11,3,中和區,,,,無年齡維度,0.0,男,遷入,其他縣市,0
110,11,3,中和區,,,,無年齡維度,0.0,女,遷入,其他鄉鎮,362
110,11,3,中和區,,,,無年齡維度,0.0,男,遷入,其他鄉鎮,264
110,11,3,中和區,,,,無年齡維度,0.0,女,遷入,合計,789
110,11,3,中和區,,,,無年齡維度,0.0,男,遷入,合計,589
110,11,3,中和區,,,,無年齡維度,0.0,女,遷入,國外,33
110,11,3,中和區,,,,無年齡維度,0.0,男,遷入,國外,28
110,11,3,中和區,,,,無年齡維度,0.0,女,遷入,新北市內,0
110,11,3,中和區,,,,無年齡維度,0.0,男,遷入,新北市內,0
110,11,3,中和區,,,,無年齡維度,0.0,女,遷入,桃園市,45
110,11,3,中和區,,,,無年齡維度,0.0,男,遷入,桃園市,25
110,11,3,中和區,,,,無年齡維度,0.0,女,遷入,福建省,7
110,11,3,中和區,,,,無年齡維度,0.0,男,遷入,福建省,9
110,11,3,中和區,,,,無年齡維度,0.0,女,遷入,臺中市,16
110,11,3,中和區,,,,無年齡維度,0.0,男,遷入,臺中市,17
110,11,3,中和區,,,,無年齡維度,0.0,女,遷入,臺北市,204
110,11,3,中和區,,,,無年齡維度,0.0,男,遷入,臺北市,171
110,11,3,中和區,,,,無年齡維度,0.0,女,遷入,臺南市,10
110,11,3,中和區,,,,無年齡維度,0.0,男,遷入,臺南市,7
110,11,3,中和區,,,,無年齡維度,0.0,女,遷入,臺灣省,80
110,11,3,中和區,,,,無年齡維度,0.0,男,遷入,臺灣省,50
110,11,3,中和區,,,,無年齡維度,0.0,女,遷入,高雄市,18
110,11,3,中和區,,,,無年齡維度,0.0,男,遷入,高雄市,13
110,11,3,中和區,,,,無年齡維度,0.0,女,遷出,migrants,391
110,11,3,中和區,,,,無年齡維度,0.0,男,遷出,migrants,367
110,11,3,中和區,,,,無年齡維度,0.0,女,遷出,other,0
110,11,3,中和區,,,,無年齡維度,0.0,男,遷出,other,0
110,11,3,中和區,,,,無年齡維度,0.0,女,遷出,其他縣市,0
110,11,3,中和區,,,,無年齡維度,0.0,男,遷出,其他縣市,0
110,11,3,中和區,,,,無年齡維度,0.0,女,遷出,其他鄉鎮,431
110,11,3,中和區,,,,無年齡維度,0.0,男,遷出,其他鄉鎮,365
110,11,3,中和區,,,,無年齡維度,0.0,女,遷出,合計,1030
110,11,3,中和區,,,,無年齡維度,0.0,男,遷出,合計,898
110,11,3,中和區,,,,無年齡維度,0.0,女,遷出,國外,300
110,11,3,中和區,,,,無年齡維度,0.0,男,遷出,國外,242
110,11,3,中和區,,,,無年齡維度,0.0,女,遷出,新北市內,0
110,11,3,中和區,,,,無年齡維度,0.0,男,遷出,新北市內,0
110,11,3,中和區,,,,無年齡維度,0.0,女,遷出,桃園市,66
110,11,3,中和區,,,,無年齡維度,0.0,男,遷出,桃園市,70
110,11,3,中和區,,,,無年齡維度,0.0,女,遷出,福建省,16
110,11,3,中和區,,,,無年齡維度,0.0,男,遷出,福建省,10
110,11,3,中和區,,,,無年齡維度,0.0,女,遷出,臺中市,28
110,11,3,中和區,,,,無年齡維度,0.0,男,遷出,臺中市,19
110,11,3,中和區,,,,無年齡維度,0.0,女,遷出,臺北市,99
110,11,3,中和區,,,,無年齡維度,0.0,男,遷出,臺北市,90
110,11,3,中和區,,,,無年齡維度,0.0,女,遷出,臺南市,13
110,11,3,中和區,,,,無年齡維度,0.0,男,遷出,臺南市,12
110,11,3,中和區,,,,無年齡維度,0.0,女,遷出,臺灣省,68
110,11,3,中和區,,,,無年齡維度,0.0,男,遷出,臺灣省,78
110,11,3,中和區,,,,無年齡維度,0.0,女,遷出,高雄市,9
110,11,3,中和區,,,,無年齡維度,0.0,男,遷出,高雄市,11
110,11,4,永和區,,,,無年齡維度,0.0,女,遷入,migrants,178
110,11,4,永和區,,,,無年齡維度,0.0,男,遷入,migrants,170
110,11,4,永和區,,,,無年齡維度,0.0,女,遷入,other,0
110,11,4,永和區,,,,無年齡維度,0.0,男,遷入,other,0
110,11,4,永和區,,,,無年齡維度,0.0,女,遷入,其他縣市,0
110,11,4,永和區,,,,無年齡維度,0.0,男,遷入,其他縣市,0
110,11,4,永和區,,,,無年齡維度,0.0,女,遷入,其他鄉鎮,231
110,11,4,永和區,,,,無年齡維度,0.0,男,遷入,其他鄉鎮,153
110,11,4,永和區,,,,無年齡維度,0.0,女,遷入,合計,454
110,11,4,永和區,,,,無年齡維度,0.0,男,遷入,合計,334
110,11,4,永和區,,,,無年齡維度,0.0,女,遷入,國外,28
110,11,4,永和區,,,,無年齡維度,0.0,男,遷入,國外,9
110,11,4,永和區,,,,無年齡維度,0.0,女,遷入,新北市內,0
110,11,4,永和區,,,,無年齡維度,0.0,男,遷入,新北市內,0
110,11,4,永和區,,,,無年齡維度,0.0,女,遷入,桃園市,12
110,11,4,永和區,,,,無年齡維度,0.0,男,遷入,桃園市,11
110,11,4,永和區,,,,無年齡維度,0.0,女,遷入,福建省,2
110,11,4,永和區,,,,無年齡維度,0.0,男,遷入,福建省,4
110,11,4,永和區,,,,無年齡維度,0.0,女,遷入,臺中市,8
110,11,4,永和區,,,,無年齡維度,0.0,男,遷入,臺中市,4
110,11,4,永和區,,,,無年齡維度,0.0,女,遷入,臺北市,123
110,11,4,永和區,,,,無年齡維度,0.0,男,遷入,臺北市,108
110,11,4,永和區,,,,無年齡維度,0.0,女,遷入,臺南市,2
110,11,4,永和區,,,,無年齡維度,0.0,男,遷入,臺南市,1
110,11,4,永和區,,,,無年齡維度,0.0,女,遷入,臺灣省,32
110,11,4,永和區,,,,無年齡維度,0.0,男,遷入,臺灣省,31
110,11,4,永和區,,,,無年齡維度,0.0,女,遷入,高雄市,10
110,11,4,永和區,,,,無年齡維度,0.0,男,遷入,高雄市,7
110,11,4,永和區,,,,無年齡維度,0.0,女,遷出,migrants,178
110,11,4,永和區,,,,無年齡維度,0.0,男,遷出,migrants,170
110,11,4,永和區,,,,無年齡維度,0.0,女,遷出,other,0
110,11,4,永和區,,,,無年齡維度,0.0,男,遷出,other,0
110,11,4,永和區,,,,無年齡維度,0.0,女,遷出,其他縣市,0
110,11,4,永和區,,,,無年齡維度,0.0,男,遷出,其他縣市,0
110,11,4,永和區,,,,無年齡維度,0.0,女,遷出,其他鄉鎮,217
110,11,4,永和區,,,,無年齡維度,0.0,男,遷出,其他鄉鎮,183
110,11,4,永和區,,,,無年齡維度,0.0,女,遷出,合計,739
110,11,4,永和區,,,,無年齡維度,0.0,男,遷出,合計,590
110,11,4,永和區,,,,無年齡維度,0.0,女,遷出,國外,354
110,11,4,永和區,,,,無年齡維度,0.0,男,遷出,國外,237
110,11,4,永和區,,,,無年齡維度,0.0,女,遷出,新北市內,0
110,11,4,永和區,,,,無年齡維度,0.0,男,遷出,新北市內,0
110,11,4,永和區,,,,無年齡維度,0.0,女,遷出,桃園市,32
110,11,4,永和區,,,,無年齡維度,0.0,男,遷出,桃園市,31
110,11,4,永和區,,,,無年齡維度,0.0,女,遷出,福建省,8
110,11,4,永和區,,,,無年齡維度,0.0,男,遷出,福建省,11
110,11,4,永和區,,,,無年齡維度,0.0,女,遷出,臺中市,10
110,11,4,永和區,,,,無年齡維度,0.0,男,遷出,臺中市,10
110,11,4,永和區,,,,無年齡維度,0.0,女,遷出,臺北市,80
110,11,4,永和區,,,,無年齡維度,0.0,男,遷出,臺北市,75
110,11,4,永和區,,,,無年齡維度,0.0,女,遷出,臺南市,1
110,11,4,永和區,,,,無年齡維度,0.0,男,遷出,臺南市,4
110,11,4,永和區,,,,無年齡維度,0.0,女,遷出,臺灣省,26
110,11,4,永和區,,,,無年齡維度,0.0,男,遷出,臺灣省,33
110,11,4,永和區,,,,無年齡維度,0.0,女,遷出,高雄市,10
110,11,4,永和區,,,,無年齡維度,0.0,男,遷出,高雄市,6
110,11,5,新莊區,,,,無年齡維度,0.0,女,遷入,migrants,787
110,11,5,新莊區,,,,無年齡維度,0.0,男,遷入,migrants,680
110,11,5,新莊區,,,,無年齡維度,0.0,女,遷入,other,0
110,11,5,新莊區,,,,無年齡維度,0.0,男,遷入,other,0
110,11,5,新莊區,,,,無年齡維度,0.0,女,遷入,其他縣市,0
110,11,5,新莊區,,,,無年齡維度,0.0,男,遷入,其他縣市,0
110,11,5,新莊區,,,,無年齡維度,0.0,女,遷入,其他鄉鎮,347
110,11,5,新莊區,,,,無年齡維度,0.0,男,遷入,其他鄉鎮,268
110,11,5,新莊區,,,,無年齡維度,0.0,女,遷入,合計,740
110,11,5,新莊區,,,,無年齡維度,0.0,男,遷入,合計,575
110,11,5,新莊區,,,,無年齡維度,0.0,女,遷入,國外,19
110,11,5,新莊區,,,,無年齡維度,0.0,男,遷入,國外,25
110,11,5,新莊區,,,,無年齡維度,0.0,女,遷入,新北市內,0
110,11,5,新莊區,,,,無年齡維度,0.0,男,遷入,新北市內,0
110,11,5,新莊區,,,,無年齡維度,0.0,女,遷入,桃園市,73
110,11,5,新莊區,,,,無年齡維度,0.0,男,遷入,桃園市,54
110,11,5,新莊區,,,,無年齡維度,0.0,女,遷入,福建省,3
110,11,5,新莊區,,,,無年齡維度,0.0,男,遷入,福建省,1
110,11,5,新莊區,,,,無年齡維度,0.0,女,遷入,臺中市,17
110,11,5,新莊區,,,,無年齡維度,0.0,男,遷入,臺中市,14
110,11,5,新莊區,,,,無年齡維度,0.0,女,遷入,臺北市,160
110,11,5,新莊區,,,,無年齡維度,0.0,男,遷入,臺北市,116
110,11,5,新莊區,,,,無年齡維度,0.0,女,遷入,臺南市,19
110,11,5,新莊區,,,,無年齡維度,0.0,男,遷入,臺南市,13
110,11,5,新莊區,,,,無年齡維度,0.0,女,遷入,臺灣省,74
110,11,5,新莊區,,,,無年齡維度,0.0,男,遷入,臺灣省,65
110,11,5,新莊區,,,,無年齡維度,0.0,女,遷入,高雄市,17
110,11,5,新莊區,,,,無年齡維度,0.0,男,遷入,高雄市,14
110,11,5,新莊區,,,,無年齡維度,0.0,女,遷出,migrants,787
110,11,5,新莊區,,,,無年齡維度,0.0,男,遷出,migrants,680
110,11,5,新莊區,,,,無年齡維度,0.0,女,遷出,other,0
110,11,5,新莊區,,,,無年齡維度,0.0,男,遷出,other,0
110,11,5,新莊區,,,,無年齡維度,0.0,女,遷出,其他縣市,0
110,11,5,新莊區,,,,無年齡維度,0.0,男,遷出,其他縣市,0
110,11,5,新莊區,,,,無年齡維度,0.0,女,遷出,其他鄉鎮,318
110,11,5,新莊區,,,,無年齡維度,0.0,男,遷出,其他鄉鎮,287
110,11,5,新莊區,,,,無年齡維度,0.0,女,遷出,合計,854
110,11,5,新莊區,,,,無年齡維度,0.0,男,遷出,合計,741
110,11,5,新莊區,,,,無年齡維度,0.0,女,遷出,國外,191
110,11,5,新莊區,,,,無年齡維度,0.0,男,遷出,國外,155
110,11,5,新莊區,,,,無年齡維度,0.0,女,遷出,新北市內,0
110,11,5,新莊區,,,,無年齡維度,0.0,男,遷出,新北市內,0
110,11,5,新莊區,,,,無年齡維度,0.0,女,遷出,桃園市,114
110,11,5,新莊區,,,,無年齡維度,0.0,男,遷出,桃園市,91
110,11,5,新莊區,,,,無年齡維度,0.0,女,遷出,福建省,9
110,11,5,新莊區,,,,無年齡維度,0.0,男,遷出,福建省,11
110,11,5,新莊區,,,,無年齡維度,0.0,女,遷出,臺中市,17
110,11,5,新莊區,,,,無年齡維度,0.0,男,遷出,臺中市,12
110,11,5,新莊區,,,,無年齡維度,0.0,女,遷出,臺北市,97
110,11,5,新莊區,,,,無年齡維度,0.0,男,遷出,臺北市,64
110,11,5,新莊區,,,,無年齡維度,0.0,女,遷出,臺南市,11
110,11,5,新莊區,,,,無年齡維度,0.0,男,遷出,臺南市,6
110,11,5,新莊區,,,,無年齡維度,0.0,女,遷出,臺灣省,85
110,11,5,新莊區,,,,無年齡維度,0.0,男,遷出,臺灣省,104
110,11,5,新莊區,,,,無年齡維度,0.0,女,遷出,高雄市,12
110,11,5,新莊區,,,,無年齡維度,0.0,男,遷出,高雄市,11
110,11,6,新店區,,,,無年齡維度,0.0,女,遷入,migrants,387
110,11,6,新店區,,,,無年齡維度,0.0,男,遷入,migrants,384
110,11,6,新店區,,,,無年齡維度,0.0,女,遷入,other,0
110,11,6,新店區,,,,無年齡維度,0.0,男,遷入,other,0
110,11,6,新店區,,,,無年齡維度,0.0,女,遷入,其他縣市,0
110,11,6,新店區,,,,無年齡維度,0.0,男,遷入,其他縣市,0
110,11,6,新店區,,,,無年齡維度,0.0,女,遷入,其他鄉鎮,144
110,11,6,新店區,,,,無年齡維度,0.0,男,遷入,其他鄉鎮,115
110,11,6,新店區,,,,無年齡維度,0.0,女,遷入,合計,533
110,11,6,新店區,,,,無年齡維度,0.0,男,遷入,合計,467
110,11,6,新店區,,,,無年齡維度,0.0,女,遷入,國外,23
110,11,6,新店區,,,,無年齡維度,0.0,男,遷入,國外,21
110,11,6,新店區,,,,無年齡維度,0.0,女,遷入,新北市內,0
110,11,6,新店區,,,,無年齡維度,0.0,男,遷入,新北市內,0
110,11,6,新店區,,,,無年齡維度,0.0,女,遷入,桃園市,35
110,11,6,新店區,,,,無年齡維度,0.0,男,遷入,桃園市,33
110,11,6,新店區,,,,無年齡維度,0.0,女,遷入,福建省,2
110,11,6,新店區,,,,無年齡維度,0.0,男,遷入,福建省,2
110,11,6,新店區,,,,無年齡維度,0.0,女,遷入,臺中市,13
110,11,6,新店區,,,,無年齡維度,0.0,男,遷入,臺中市,15
110,11,6,新店區,,,,無年齡維度,0.0,女,遷入,臺北市,239
110,11,6,新店區,,,,無年齡維度,0.0,男,遷入,臺北市,222
110,11,6,新店區,,,,無年齡維度,0.0,女,遷入,臺南市,5
110,11,6,新店區,,,,無年齡維度,0.0,男,遷入,臺南市,4
110,11,6,新店區,,,,無年齡維度,0.0,女,遷入,臺灣省,50
110,11,6,新店區,,,,無年齡維度,0.0,男,遷入,臺灣省,42
110,11,6,新店區,,,,無年齡維度,0.0,女,遷入,高雄市,13
110,11,6,新店區,,,,無年齡維度,0.0,男,遷入,高雄市,9
110,11,6,新店區,,,,無年齡維度,0.0,女,遷出,migrants,387
110,11,6,新店區,,,,無年齡維度,0.0,男,遷出,migrants,384
110,11,6,新店區,,,,無年齡維度,0.0,女,遷出,other,0
110,11,6,新店區,,,,無年齡維度,0.0,男,遷出,other,0
110,11,6,新店區,,,,無年齡維度,0.0,女,遷出,其他縣市,0
110,11,6,新店區,,,,無年齡維度,0.0,男,遷出,其他縣市,0
110,11,6,新店區,,,,無年齡維度,0.0,女,遷出,其他鄉鎮,142
110,11,6,新店區,,,,無年齡維度,0.0,男,遷出,其他鄉鎮,122
110,11,6,新店區,,,,無年齡維度,0.0,女,遷出,合計,947
110,11,6,新店區,,,,無年齡維度,0.0,男,遷出,合計,729
110,11,6,新店區,,,,無年齡維度,0.0,女,遷出,國外,467
110,11,6,新店區,,,,無年齡維度,0.0,男,遷出,國外,334
110,11,6,新店區,,,,無年齡維度,0.0,女,遷出,新北市內,0
110,11,6,新店區,,,,無年齡維度,0.0,男,遷出,新北市內,0
110,11,6,新店區,,,,無年齡維度,0.0,女,遷出,桃園市,36
110,11,6,新店區,,,,無年齡維度,0.0,男,遷出,桃園市,34
110,11,6,新店區,,,,無年齡維度,0.0,女,遷出,福建省,6
110,11,6,新店區,,,,無年齡維度,0.0,男,遷出,福建省,8
110,11,6,新店區,,,,無年齡維度,0.0,女,遷出,臺中市,11
110,11,6,新店區,,,,無年齡維度,0.0,男,遷出,臺中市,8
110,11,6,新店區,,,,無年齡維度,0.0,女,遷出,臺北市,206
110,11,6,新店區,,,,無年齡維度,0.0,男,遷出,臺北市,162
110,11,6,新店區,,,,無年齡維度,0.0,女,遷出,臺南市,5
110,11,6,新店區,,,,無年齡維度,0.0,男,遷出,臺南市,5
110,11,6,新店區,,,,無年齡維度,0.0,女,遷出,臺灣省,68
110,11,6,新店區,,,,無年齡維度,0.0,男,遷出,臺灣省,53
110,11,6,新店區,,,,無年齡維度,0.0,女,遷出,高雄市,5
110,11,6,新店區,,,,無年齡維度,0.0,男,遷出,高雄市,3
110,11,7,土城區,,,,無年齡維度,0.0,女,遷入,migrants,209
110,11,7,土城區,,,,無年齡維度,0.0,男,遷入,migrants,194
110,11,7,土城區,,,,無年齡維度,0.0,女,遷入,other,0
110,11,7,土城區,,,,無年齡維度,0.0,男,遷入,other,0
110,11,7,土城區,,,,無年齡維度,0.0,女,遷入,其他縣市,0
110,11,7,土城區,,,,無年齡維度,0.0,男,遷入,其他縣市,0
110,11,7,土城區,,,,無年齡維度,0.0,女,遷入,其他鄉鎮,183
110,11,7,土城區,,,,無年齡維度,0.0,男,遷入,其他鄉鎮,136
110,11,7,土城區,,,,無年齡維度,0.0,女,遷入,合計,297
110,11,7,土城區,,,,無年齡維度,0.0,男,遷入,合計,240
110,11,7,土城區,,,,無年齡維度,0.0,女,遷入,國外,1
110,11,7,土城區,,,,無年齡維度,0.0,男,遷入,國外,4
110,11,7,土城區,,,,無年齡維度,0.0,女,遷入,新北市內,0
110,11,7,土城區,,,,無年齡維度,0.0,男,遷入,新北市內,0
110,11,7,土城區,,,,無年齡維度,0.0,女,遷入,桃園市,36
110,11,7,土城區,,,,無年齡維度,0.0,男,遷入,桃園市,28
110,11,7,土城區,,,,無年齡維度,0.0,女,遷入,福建省,0
110,11,7,土城區,,,,無年齡維度,0.0,男,遷入,福建省,3
110,11,7,土城區,,,,無年齡維度,0.0,女,遷入,臺中市,3
110,11,7,土城區,,,,無年齡維度,0.0,男,遷入,臺中市,3
110,11,7,土城區,,,,無年齡維度,0.0,女,遷入,臺北市,27
110,11,7,土城區,,,,無年齡維度,0.0,男,遷入,臺北市,23
110,11,7,土城區,,,,無年齡維度,0.0,女,遷入,臺南市,3
110,11,7,土城區,,,,無年齡維度,0.0,男,遷入,臺南市,1
110,11,7,土城區,,,,無年齡維度,0.0,女,遷入,臺灣省,28
110,11,7,土城區,,,,無年齡維度,0.0,男,遷入,臺灣省,38
110,11,7,土城區,,,,無年齡維度,0.0,女,遷入,高雄市,8
110,11,7,土城區,,,,無年齡維度,0.0,男,遷入,高雄市,2
110,11,7,土城區,,,,無年齡維度,0.0,女,遷出,migrants,209
110,11,7,土城區,,,,無年齡維度,0.0,男,遷出,migrants,194
110,11,7,土城區,,,,無年齡維度,0.0,女,遷出,other,0
110,11,7,土城區,,,,無年齡維度,0.0,男,遷出,other,0
110,11,7,土城區,,,,無年齡維度,0.0,女,遷出,其他縣市,0
110,11,7,土城區,,,,無年齡維度,0.0,男,遷出,其他縣市,0
110,11,7,土城區,,,,無年齡維度,0.0,女,遷出,其他鄉鎮,190
110,11,7,土城區,,,,無年齡維度,0.0,男,遷出,其他鄉鎮,170
110,11,7,土城區,,,,無年齡維度,0.0,女,遷出,合計,398
110,11,7,土城區,,,,無年齡維度,0.0,男,遷出,合計,350
110,11,7,土城區,,,,無年齡維度,0.0,女,遷出,國外,82
110,11,7,土城區,,,,無年齡維度,0.0,男,遷出,國外,74
110,11,7,土城區,,,,無年齡維度,0.0,女,遷出,新北市內,0
110,11,7,土城區,,,,無年齡維度,0.0,男,遷出,新北市內,0
110,11,7,土城區,,,,無年齡維度,0.0,女,遷出,桃園市,49
110,11,7,土城區,,,,無年齡維度,0.0,男,遷出,桃園市,33
110,11,7,土城區,,,,無年齡維度,0.0,女,遷出,福建省,5
110,11,7,土城區,,,,無年齡維度,0.0,男,遷出,福建省,2
110,11,7,土城區,,,,無年齡維度,0.0,女,遷出,臺中市,2
110,11,7,土城區,,,,無年齡維度,0.0,男,遷出,臺中市,6
110,11,7,土城區,,,,無年齡維度,0.0,女,遷出,臺北市,17
110,11,7,土城區,,,,無年齡維度,0.0,男,遷出,臺北市,15
110,11,7,土城區,,,,無年齡維度,0.0,女,遷出,臺南市,5
110,11,7,土城區,,,,無年齡維度,0.0,男,遷出,臺南市,3
110,11,7,土城區,,,,無年齡維度,0.0,女,遷出,臺灣省,39
110,11,7,土城區,,,,無年齡維度,0.0,男,遷出,臺灣省,38
110,11,7,土城區,,,,無年齡維度,0.0,女,遷出,高雄市,9
110,11,7,土城區,,,,無年齡維度,0.0,男,遷出,高雄市,9
110,11,8,蘆洲區,,,,無年齡維度,0.0,女,遷入,migrants,126
110,11,8,蘆洲區,,,,無年齡維度,0.0,男,遷入,migrants,113
110,11,8,蘆洲區,,,,無年齡維度,0.0,女,遷入,other,0
110,11,8,蘆洲區,,,,無年齡維度,0.0,男,遷入,other,0
110,11,8,蘆洲區,,,,無年齡維度,0.0,女,遷入,其他縣市,0
110,11,8,蘆洲區,,,,無年齡維度,0.0,男,遷入,其他縣市,0
110,11,8,蘆洲區,,,,無年齡維度,0.0,女,遷入,其他鄉鎮,97
110,11,8,蘆洲區,,,,無年齡維度,0.0,男,遷入,其他鄉鎮,69
110,11,8,蘆洲區,,,,無年齡維度,0.0,女,遷入,合計,177
110,11,8,蘆洲區,,,,無年齡維度,0.0,男,遷入,合計,151
110,11,8,蘆洲區,,,,無年齡維度,0.0,女,遷入,國外,0
110,11,8,蘆洲區,,,,無年齡維度,0.0,男,遷入,國外,1
110,11,8,蘆洲區,,,,無年齡維度,0.0,女,遷入,新北市內,0
110,11,8,蘆洲區,,,,無年齡維度,0.0,男,遷入,新北市內,0
110,11,8,蘆洲區,,,,無年齡維度,0.0,女,遷入,桃園市,44
110,11,8,蘆洲區,,,,無年齡維度,0.0,男,遷入,桃園市,43
110,11,8,蘆洲區,,,,無年齡維度,0.0,女,遷入,福建省,0
110,11,8,蘆洲區,,,,無年齡維度,0.0,男,遷入,福建省,0
110,11,8,蘆洲區,,,,無年齡維度,0.0,女,遷入,臺中市,3
110,11,8,蘆洲區,,,,無年齡維度,0.0,男,遷入,臺中市,3
110,11,8,蘆洲區,,,,無年齡維度,0.0,女,遷入,臺北市,11
110,11,8,蘆洲區,,,,無年齡維度,0.0,男,遷入,臺北市,20
110,11,8,蘆洲區,,,,無年齡維度,0.0,女,遷入,臺南市,2
110,11,8,蘆洲區,,,,無年齡維度,0.0,男,遷入,臺南市,1
110,11,8,蘆洲區,,,,無年齡維度,0.0,女,遷入,臺灣省,17
110,11,8,蘆洲區,,,,無年齡維度,0.0,男,遷入,臺灣省,8
110,11,8,蘆洲區,,,,無年齡維度,0.0,女,遷入,高雄市,2
110,11,8,蘆洲區,,,,無年齡維度,0.0,男,遷入,高雄市,5
110,11,8,蘆洲區,,,,無年齡維度,0.0,女,遷出,migrants,126
110,11,8,蘆洲區,,,,無年齡維度,0.0,男,遷出,migrants,113
110,11,8,蘆洲區,,,,無年齡維度,0.0,女,遷出,other,0
110,11,8,蘆洲區,,,,無年齡維度,0.0,男,遷出,other,0
110,11,8,蘆洲區,,,,無年齡維度,0.0,女,遷出,其他縣市,0
110,11,8,蘆洲區,,,,無年齡維度,0.0,男,遷出,其他縣市,0
110,11,8,蘆洲區,,,,無年齡維度,0.0,女,遷出,其他鄉鎮,58
110,11,8,蘆洲區,,,,無年齡維度,0.0,男,遷出,其他鄉鎮,42
110,11,8,蘆洲區,,,,無年齡維度,0.0,女,遷出,合計,196
110,11,8,蘆洲區,,,,無年齡維度,0.0,男,遷出,合計,153
110,11,8,蘆洲區,,,,無年齡維度,0.0,女,遷出,國外,40
110,11,8,蘆洲區,,,,無年齡維度,0.0,男,遷出,國外,31
110,11,8,蘆洲區,,,,無年齡維度,0.0,女,遷出,新北市內,0
110,11,8,蘆洲區,,,,無年齡維度,0.0,男,遷出,新北市內,0
110,11,8,蘆洲區,,,,無年齡維度,0.0,女,遷出,桃園市,53
110,11,8,蘆洲區,,,,無年齡維度,0.0,男,遷出,桃園市,51
110,11,8,蘆洲區,,,,無年齡維度,0.0,女,遷出,福建省,2
110,11,8,蘆洲區,,,,無年齡維度,0.0,男,遷出,福建省,1
110,11,8,蘆洲區,,,,無年齡維度,0.0,女,遷出,臺中市,3
110,11,8,蘆洲區,,,,無年齡維度,0.0,男,遷出,臺中市,5
110,11,8,蘆洲區,,,,無年齡維度,0.0,女,遷出,臺北市,11
110,11,8,蘆洲區,,,,無年齡維度,0.0,男,遷出,臺北市,5
110,11,8,蘆洲區,,,,無年齡維度,0.0,女,遷出,臺南市,1
110,11,8,蘆洲區,,,,無年齡維度,0.0,男,遷出,臺南市,2
110,11,8,蘆洲區,,,,無年齡維度,0.0,女,遷出,臺灣省,26
110,11,8,蘆洲區,,,,無年齡維度,0.0,男,遷出,臺灣省,15
110,11,8,蘆洲區,,,,無年齡維度,0.0,女,遷出,高雄市,2
110,11,8,蘆洲區,,,,無年齡維度,0.0,男,遷出,高雄市,1
110,11,9,樹林區,,,,無年齡維度,0.0,女,遷入,migrants,196
110,11,9,樹林區,,,,無年齡維度,0.0,男,遷入,migrants,157
110,11,9,樹林區,,,,無年齡維度,0.0,女,遷入,other,0
110,11,9,樹林區,,,,無年齡維度,0.0,男,遷入,other,0
110,11,9,樹林區,,,,無年齡維度,0.0,女,遷入,其他縣市,0
110,11,9,樹林區,,,,無年齡維度,0.0,男,遷入,其他縣市,0
110,11,9,樹林區,,,,無年齡維度,0.0,女,遷入,其他鄉鎮,114
110,11,9,樹林區,,,,無年齡維度,0.0,男,遷入,其他鄉鎮,97
110,11,9,樹林區,,,,無年齡維度,0.0,女,遷入,合計,213
110,11,9,樹林區,,,,無年齡維度,0.0,男,遷入,合計,194
110,11,9,樹林區,,,,無年齡維度,0.0,女,遷入,國外,5
110,11,9,樹林區,,,,無年齡維度,0.0,男,遷入,國外,0
110,11,9,樹林區,,,,無年齡維度,0.0,女,遷入,新北市內,0
110,11,9,樹林區,,,,無年齡維度,0.0,男,遷入,新北市內,0
110,11,9,樹林區,,,,無年齡維度,0.0,女,遷入,桃園市,29
110,11,9,樹林區,,,,無年齡維度,0.0,男,遷入,桃園市,19
110,11,9,樹林區,,,,無年齡維度,0.0,女,遷入,福建省,1
110,11,9,樹林區,,,,無年齡維度,0.0,男,遷入,福建省,2
110,11,9,樹林區,,,,無年齡維度,0.0,女,遷入,臺中市,2
110,11,9,樹林區,,,,無年齡維度,0.0,男,遷入,臺中市,4
110,11,9,樹林區,,,,無年齡維度,0.0,女,遷入,臺北市,31
110,11,9,樹林區,,,,無年齡維度,0.0,男,遷入,臺北市,41
110,11,9,樹林區,,,,無年齡維度,0.0,女,遷入,臺南市,2
110,11,9,樹林區,,,,無年齡維度,0.0,男,遷入,臺南市,2
110,11,9,樹林區,,,,無年齡維度,0.0,女,遷入,臺灣省,19
110,11,9,樹林區,,,,無年齡維度,0.0,男,遷入,臺灣省,25
110,11,9,樹林區,,,,無年齡維度,0.0,女,遷入,高雄市,4
110,11,9,樹林區,,,,無年齡維度,0.0,男,遷入,高雄市,3
110,11,9,樹林區,,,,無年齡維度,0.0,女,遷出,migrants,196
110,11,9,樹林區,,,,無年齡維度,0.0,男,遷出,migrants,157
110,11,9,樹林區,,,,無年齡維度,0.0,女,遷出,other,0
110,11,9,樹林區,,,,無年齡維度,0.0,男,遷出,other,0
110,11,9,樹林區,,,,無年齡維度,0.0,女,遷出,其他縣市,0
110,11,9,樹林區,,,,無年齡維度,0.0,男,遷出,其他縣市,0
110,11,9,樹林區,,,,無年齡維度,0.0,女,遷出,其他鄉鎮,105
110,11,9,樹林區,,,,無年齡維度,0.0,男,遷出,其他鄉鎮,82
110,11,9,樹林區,,,,無年齡維度,0.0,女,遷出,合計,262
110,11,9,樹林區,,,,無年齡維度,0.0,男,遷出,合計,193
110,11,9,樹林區,,,,無年齡維度,0.0,女,遷出,國外,52
110,11,9,樹林區,,,,無年齡維度,0.0,男,遷出,國外,41
110,11,9,樹林區,,,,無年齡維度,0.0,女,遷出,新北市內,0
110,11,9,樹林區,,,,無年齡維度,0.0,男,遷出,新北市內,0
110,11,9,樹林區,,,,無年齡維度,0.0,女,遷出,桃園市,48
110,11,9,樹林區,,,,無年齡維度,0.0,男,遷出,桃園市,31
110,11,9,樹林區,,,,無年齡維度,0.0,女,遷出,福建省,2
110,11,9,樹林區,,,,無年齡維度,0.0,男,遷出,福建省,1
110,11,9,樹林區,,,,無年齡維度,0.0,女,遷出,臺中市,7
110,11,9,樹林區,,,,無年齡維度,0.0,男,遷出,臺中市,4
110,11,9,樹林區,,,,無年齡維度,0.0,女,遷出,臺北市,25
110,11,9,樹林區,,,,無年齡維度,0.0,男,遷出,臺北市,11
110,11,9,樹林區,,,,無年齡維度,0.0,女,遷出,臺南市,2
110,11,9,樹林區,,,,無年齡維度,0.0,男,遷出,臺南市,4
110,11,9,樹林區,,,,無年齡維度,0.0,女,遷出,臺灣省,19
110,11,9,樹林區,,,,無年齡維度,0.0,男,遷出,臺灣省,18
110,11,9,樹林區,,,,無年齡維度,0.0,女,遷出,高雄市,2
110,11,9,樹林區,,,,無年齡維度,0.0,男,遷出,高雄市,1
110,11,10,鶯歌區,,,,無年齡維度,0.0,女,遷入,migrants,322
110,11,10,鶯歌區,,,,無年齡維度,0.0,男,遷入,migrants,279
110,11,10,鶯歌區,,,,無年齡維度,0.0,女,遷入,other,0
110,11,10,鶯歌區,,,,無年齡維度,0.0,男,遷入,other,0
110,11,10,鶯歌區,,,,無年齡維度,0.0,女,遷入,其他縣市,0
110,11,10,鶯歌區,,,,無年齡維度,0.0,男,遷入,其他縣市,0
110,11,10,鶯歌區,,,,無年齡維度,0.0,女,遷入,其他鄉鎮,147
110,11,10,鶯歌區,,,,無年齡維度,0.0,男,遷入,其他鄉鎮,134
110,11,10,鶯歌區,,,,無年齡維度,0.0,女,遷入,合計,486
110,11,10,鶯歌區,,,,無年齡維度,0.0,男,遷入,合計,406
110,11,10,鶯歌區,,,,無年齡維度,0.0,女,遷入,國外,16
110,11,10,鶯歌區,,,,無年齡維度,0.0,男,遷入,國外,16
110,11,10,鶯歌區,,,,無年齡維度,0.0,女,遷入,新北市內,0
110,11,10,鶯歌區,,,,無年齡維度,0.0,男,遷入,新北市內,0
110,11,10,鶯歌區,,,,無年齡維度,0.0,女,遷入,桃園市,27
110,11,10,鶯歌區,,,,無年齡維度,0.0,男,遷入,桃園市,22
110,11,10,鶯歌區,,,,無年齡維度,0.0,女,遷入,福建省,2
110,11,10,鶯歌區,,,,無年齡維度,0.0,男,遷入,福建省,1
110,11,10,鶯歌區,,,,無年齡維度,0.0,女,遷入,臺中市,15
110,11,10,鶯歌區,,,,無年齡維度,0.0,男,遷入,臺中市,6
110,11,10,鶯歌區,,,,無年齡維度,0.0,女,遷入,臺北市,196
110,11,10,鶯歌區,,,,無年齡維度,0.0,男,遷入,臺北市,173
110,11,10,鶯歌區,,,,無年齡維度,0.0,女,遷入,臺南市,9
110,11,10,鶯歌區,,,,無年齡維度,0.0,男,遷入,臺南市,5
110,11,10,鶯歌區,,,,無年齡維度,0.0,女,遷入,臺灣省,46
110,11,10,鶯歌區,,,,無年齡維度,0.0,男,遷入,臺灣省,33
110,11,10,鶯歌區,,,,無年齡維度,0.0,女,遷入,高雄市,23
110,11,10,鶯歌區,,,,無年齡維度,0.0,男,遷入,高雄市,14
110,11,10,鶯歌區,,,,無年齡維度,0.0,女,遷出,migrants,322
110,11,10,鶯歌區,,,,無年齡維度,0.0,男,遷出,migrants,279
110,11,10,鶯歌區,,,,無年齡維度,0.0,女,遷出,other,0
110,11,10,鶯歌區,,,,無年齡維度,0.0,男,遷出,other,0
110,11,10,鶯歌區,,,,無年齡維度,0.0,女,遷出,其他縣市,0
110,11,10,鶯歌區,,,,無年齡維度,0.0,男,遷出,其他縣市,0
110,11,10,鶯歌區,,,,無年齡維度,0.0,女,遷出,其他鄉鎮,104
110,11,10,鶯歌區,,,,無年齡維度,0.0,男,遷出,其他鄉鎮,67
110,11,10,鶯歌區,,,,無年齡維度,0.0,女,遷出,合計,461
110,11,10,鶯歌區,,,,無年齡維度,0.0,男,遷出,合計,350
110,11,10,鶯歌區,,,,無年齡維度,0.0,女,遷出,國外,165
110,11,10,鶯歌區,,,,無年齡維度,0.0,男,遷出,國外,138
110,11,10,鶯歌區,,,,無年齡維度,0.0,女,遷出,新北市內,0
110,11,10,鶯歌區,,,,無年齡維度,0.0,男,遷出,新北市內,0
110,11,10,鶯歌區,,,,無年齡維度,0.0,女,遷出,桃園市,18
110,11,10,鶯歌區,,,,無年齡維度,0.0,男,遷出,桃園市,13
110,11,10,鶯歌區,,,,無年齡維度,0.0,女,遷出,福建省,2
110,11,10,鶯歌區,,,,無年齡維度,0.0,男,遷出,福建省,4
110,11,10,鶯歌區,,,,無年齡維度,0.0,女,遷出,臺中市,7
110,11,10,鶯歌區,,,,無年齡維度,0.0,男,遷出,臺中市,5
110,11,10,鶯歌區,,,,無年齡維度,0.0,女,遷出,臺北市,109
110,11,10,鶯歌區,,,,無年齡維度,0.0,男,遷出,臺北市,78
110,11,10,鶯歌區,,,,無年齡維度,0.0,女,遷出,臺南市,8
110,11,10,鶯歌區,,,,無年齡維度,0.0,男,遷出,臺南市,2
110,11,10,鶯歌區,,,,無年齡維度,0.0,女,遷出,臺灣省,42
110,11,10,鶯歌區,,,,無年齡維度,0.0,男,遷出,臺灣省,37
110,11,10,鶯歌區,,,,無年齡維度,0.0,女,遷出,高雄市,6
110,11,10,鶯歌區,,,,無年齡維度,0.0,男,遷出,高雄市,6
110,11,11,三峽區,,,,無年齡維度,0.0,女,遷入,migrants,294
110,11,11,三峽區,,,,無年齡維度,0.0,男,遷入,migrants,282
110,11,11,三峽區,,,,無年齡維度,0.0,女,遷入,other,0
110,11,11,三峽區,,,,無年齡維度,0.0,男,遷入,other,0
110,11,11,三峽區,,,,無年齡維度,0.0,女,遷入,其他縣市,0
110,11,11,三峽區,,,,無年齡維度,0.0,男,遷入,其他縣市,0
110,11,11,三峽區,,,,無年齡維度,0.0,女,遷入,其他鄉鎮,78
110,11,11,三峽區,,,,無年齡維度,0.0,男,遷入,其他鄉鎮,61
110,11,11,三峽區,,,,無年齡維度,0.0,女,遷入,合計,460
110,11,11,三峽區,,,,無年齡維度,0.0,男,遷入,合計,466
110,11,11,三峽區,,,,無年齡維度,0.0,女,遷入,國外,14
110,11,11,三峽區,,,,無年齡維度,0.0,男,遷入,國外,9
110,11,11,三峽區,,,,無年齡維度,0.0,女,遷入,新北市內,0
110,11,11,三峽區,,,,無年齡維度,0.0,男,遷入,新北市內,0
110,11,11,三峽區,,,,無年齡維度,0.0,女,遷入,桃園市,16
110,11,11,三峽區,,,,無年齡維度,0.0,男,遷入,桃園市,22
110,11,11,三峽區,,,,無年齡維度,0.0,女,遷入,福建省,0
110,11,11,三峽區,,,,無年齡維度,0.0,男,遷入,福建省,0
110,11,11,三峽區,,,,無年齡維度,0.0,女,遷入,臺中市,8
110,11,11,三峽區,,,,無年齡維度,0.0,男,遷入,臺中市,7
110,11,11,三峽區,,,,無年齡維度,0.0,女,遷入,臺北市,256
110,11,11,三峽區,,,,無年齡維度,0.0,男,遷入,臺北市,280
110,11,11,三峽區,,,,無年齡維度,0.0,女,遷入,臺南市,6
110,11,11,三峽區,,,,無年齡維度,0.0,男,遷入,臺南市,4
110,11,11,三峽區,,,,無年齡維度,0.0,女,遷入,臺灣省,62
110,11,11,三峽區,,,,無年齡維度,0.0,男,遷入,臺灣省,68
110,11,11,三峽區,,,,無年齡維度,0.0,女,遷入,高雄市,16
110,11,11,三峽區,,,,無年齡維度,0.0,男,遷入,高雄市,14
110,11,11,三峽區,,,,無年齡維度,0.0,女,遷出,migrants,294
110,11,11,三峽區,,,,無年齡維度,0.0,男,遷出,migrants,282
110,11,11,三峽區,,,,無年齡維度,0.0,女,遷出,other,0
110,11,11,三峽區,,,,無年齡維度,0.0,男,遷出,other,0
110,11,11,三峽區,,,,無年齡維度,0.0,女,遷出,其他縣市,0
110,11,11,三峽區,,,,無年齡維度,0.0,男,遷出,其他縣市,0
110,11,11,三峽區,,,,無年齡維度,0.0,女,遷出,其他鄉鎮,66
110,11,11,三峽區,,,,無年齡維度,0.0,男,遷出,其他鄉鎮,51
110,11,11,三峽區,,,,無年齡維度,0.0,女,遷出,合計,500
110,11,11,三峽區,,,,無年齡維度,0.0,男,遷出,合計,404
110,11,11,三峽區,,,,無年齡維度,0.0,女,遷出,國外,156
110,11,11,三峽區,,,,無年齡維度,0.0,男,遷出,國外,110
110,11,11,三峽區,,,,無年齡維度,0.0,女,遷出,新北市內,0
110,11,11,三峽區,,,,無年齡維度,0.0,男,遷出,新北市內,0
110,11,11,三峽區,,,,無年齡維度,0.0,女,遷出,桃園市,33
110,11,11,三峽區,,,,無年齡維度,0.0,男,遷出,桃園市,28
110,11,11,三峽區,,,,無年齡維度,0.0,女,遷出,福建省,5
110,11,11,三峽區,,,,無年齡維度,0.0,男,遷出,福建省,1
110,11,11,三峽區,,,,無年齡維度,0.0,女,遷出,臺中市,7
110,11,11,三峽區,,,,無年齡維度,0.0,男,遷出,臺中市,9
110,11,11,三峽區,,,,無年齡維度,0.0,女,遷出,臺北市,150
110,11,11,三峽區,,,,無年齡維度,0.0,男,遷出,臺北市,143
110,11,11,三峽區,,,,無年齡維度,0.0,女,遷出,臺南市,7
110,11,11,三峽區,,,,無年齡維度,0.0,男,遷出,臺南市,4
110,11,11,三峽區,,,,無年齡維度,0.0,女,遷出,臺灣省,65
110,11,11,三峽區,,,,無年齡維度,0.0,男,遷出,臺灣省,46
110,11,11,三峽區,,,,無年齡維度,0.0,女,遷出,高雄市,10
110,11,11,三峽區,,,,無年齡維度,0.0,男,遷出,高雄市,12
110,11,12,淡水區,,,,無年齡維度,0.0,女,遷入,migrants,28
110,11,12,淡水區,,,,無年齡維度,0.0,男,遷入,migrants,27
110,11,12,淡水區,,,,無年齡維度,0.0,女,遷入,other,0
110,11,12,淡水區,,,,無年齡維度,0.0,男,遷入,other,0
110,11,12,淡水區,,,,無年齡維度,0.0,女,遷入,其他縣市,0
110,11,12,淡水區,,,,無年齡維度,0.0,男,遷入,其他縣市,0
110,11,12,淡水區,,,,無年齡維度,0.0,女,遷入,其他鄉鎮,11
110,11,12,淡水區,,,,無年齡維度,0.0,男,遷入,其他鄉鎮,13
110,11,12,淡水區,,,,無年齡維度,0.0,女,遷入,合計,42
110,11,12,淡水區,,,,無年齡維度,0.0,男,遷入,合計,45
110,11,12,淡水區,,,,無年齡維度,0.0,女,遷入,國外,0
110,11,12,淡水區,,,,無年齡維度,0.0,男,遷入,國外,0
110,11,12,淡水區,,,,無年齡維度,0.0,女,遷入,新北市內,0
110,11,12,淡水區,,,,無年齡維度,0.0,男,遷入,新北市內,0
110,11,12,淡水區,,,,無年齡維度,0.0,女,遷入,桃園市,2
110,11,12,淡水區,,,,無年齡維度,0.0,男,遷入,桃園市,2
110,11,12,淡水區,,,,無年齡維度,0.0,女,遷入,福建省,0
110,11,12,淡水區,,,,無年齡維度,0.0,男,遷入,福建省,1
110,11,12,淡水區,,,,無年齡維度,0.0,女,遷入,臺中市,2
110,11,12,淡水區,,,,無年齡維度,0.0,男,遷入,臺中市,1
110,11,12,淡水區,,,,無年齡維度,0.0,女,遷入,臺北市,5
110,11,12,淡水區,,,,無年齡維度,0.0,男,遷入,臺北市,6
110,11,12,淡水區,,,,無年齡維度,0.0,女,遷入,臺南市,0
110,11,12,淡水區,,,,無年齡維度,0.0,男,遷入,臺南市,0
110,11,12,淡水區,,,,無年齡維度,0.0,女,遷入,臺灣省,19
110,11,12,淡水區,,,,無年齡維度,0.0,男,遷入,臺灣省,19
110,11,12,淡水區,,,,無年齡維度,0.0,女,遷入,高雄市,1
110,11,12,淡水區,,,,無年齡維度,0.0,男,遷入,高雄市,2
110,11,12,淡水區,,,,無年齡維度,0.0,女,遷出,migrants,28
110,11,12,淡水區,,,,無年齡維度,0.0,男,遷出,migrants,27
110,11,12,淡水區,,,,無年齡維度,0.0,女,遷出,other,0
110,11,12,淡水區,,,,無年齡維度,0.0,男,遷出,other,0
110,11,12,淡水區,,,,無年齡維度,0.0,女,遷出,其他縣市,0
110,11,12,淡水區,,,,無年齡維度,0.0,男,遷出,其他縣市,0
110,11,12,淡水區,,,,無年齡維度,0.0,女,遷出,其他鄉鎮,12
110,11,12,淡水區,,,,無年齡維度,0.0,男,遷出,其他鄉鎮,18
110,11,12,淡水區,,,,無年齡維度,0.0,女,遷出,合計,59
110,11,12,淡水區,,,,無年齡維度,0.0,男,遷出,合計,52
110,11,12,淡水區,,,,無年齡維度,0.0,女,遷出,國外,17
110,11,12,淡水區,,,,無年齡維度,0.0,男,遷出,國外,12
110,11,12,淡水區,,,,無年齡維度,0.0,女,遷出,新北市內,0
110,11,12,淡水區,,,,無年齡維度,0.0,男,遷出,新北市內,0
110,11,12,淡水區,,,,無年齡維度,0.0,女,遷出,桃園市,3
110,11,12,淡水區,,,,無年齡維度,0.0,男,遷出,桃園市,3
110,11,12,淡水區,,,,無年齡維度,0.0,女,遷出,福建省,1
110,11,12,淡水區,,,,無年齡維度,0.0,男,遷出,福建省,0
110,11,12,淡水區,,,,無年齡維度,0.0,女,遷出,臺中市,1
110,11,12,淡水區,,,,無年齡維度,0.0,男,遷出,臺中市,0
110,11,12,淡水區,,,,無年齡維度,0.0,女,遷出,臺北市,3
110,11,12,淡水區,,,,無年齡維度,0.0,男,遷出,臺北市,3
110,11,12,淡水區,,,,無年齡維度,0.0,女,遷出,臺南市,1
110,11,12,淡水區,,,,無年齡維度,0.0,男,遷出,臺南市,0
110,11,12,淡水區,,,,無年齡維度,0.0,女,遷出,臺灣省,19
110,11,12,淡水區,,,,無年齡維度,0.0,男,遷出,臺灣省,15
110,11,12,淡水區,,,,無年齡維度,0.0,女,遷出,高雄市,2
110,11,12,淡水區,,,,無年齡維度,0.0,男,遷出,高雄市,1
110,11,13,汐止區,,,,無年齡維度,0.0,女,遷入,migrants,316
110,11,13,汐止區,,,,無年齡維度,0.0,男,遷入,migrants,275
110,11,13,汐止區,,,,無年齡維度,0.0,女,遷入,other,0
110,11,13,汐止區,,,,無年齡維度,0.0,男,遷入,other,0
110,11,13,汐止區,,,,無年齡維度,0.0,女,遷入,其他縣市,0
110,11,13,汐止區,,,,無年齡維度,0.0,男,遷入,其他縣市,0
110,11,13,汐止區,,,,無年齡維度,0.0,女,遷入,其他鄉鎮,233
110,11,13,汐止區,,,,無年齡維度,0.0,男,遷入,其他鄉鎮,180
110,11,13,汐止區,,,,無年齡維度,0.0,女,遷入,合計,432
110,11,13,汐止區,,,,無年齡維度,0.0,男,遷入,合計,330
110,11,13,汐止區,,,,無年齡維度,0.0,女,遷入,國外,9
110,11,13,汐止區,,,,無年齡維度,0.0,男,遷入,國外,7
110,11,13,汐止區,,,,無年齡維度,0.0,女,遷入,新北市內,0
110,11,13,汐止區,,,,無年齡維度,0.0,男,遷入,新北市內,0
110,11,13,汐止區,,,,無年齡維度,0.0,女,遷入,桃園市,34
110,11,13,汐止區,,,,無年齡維度,0.0,男,遷入,桃園市,27
110,11,13,汐止區,,,,無年齡維度,0.0,女,遷入,福建省,3
110,11,13,汐止區,,,,無年齡維度,0.0,男,遷入,福建省,4
110,11,13,汐止區,,,,無年齡維度,0.0,女,遷入,臺中市,15
110,11,13,汐止區,,,,無年齡維度,0.0,男,遷入,臺中市,9
110,11,13,汐止區,,,,無年齡維度,0.0,女,遷入,臺北市,70
110,11,13,汐止區,,,,無年齡維度,0.0,男,遷入,臺北市,55
110,11,13,汐止區,,,,無年齡維度,0.0,女,遷入,臺南市,9
110,11,13,汐止區,,,,無年齡維度,0.0,男,遷入,臺南市,2
110,11,13,汐止區,,,,無年齡維度,0.0,女,遷入,臺灣省,41
110,11,13,汐止區,,,,無年齡維度,0.0,男,遷入,臺灣省,36
110,11,13,汐止區,,,,無年齡維度,0.0,女,遷入,高雄市,9
110,11,13,汐止區,,,,無年齡維度,0.0,男,遷入,高雄市,7
110,11,13,汐止區,,,,無年齡維度,0.0,女,遷出,migrants,316
110,11,13,汐止區,,,,無年齡維度,0.0,男,遷出,migrants,275
110,11,13,汐止區,,,,無年齡維度,0.0,女,遷出,other,0
110,11,13,汐止區,,,,無年齡維度,0.0,男,遷出,other,0
110,11,13,汐止區,,,,無年齡維度,0.0,女,遷出,其他縣市,0
110,11,13,汐止區,,,,無年齡維度,0.0,男,遷出,其他縣市,0
110,11,13,汐止區,,,,無年齡維度,0.0,女,遷出,其他鄉鎮,205
110,11,13,汐止區,,,,無年齡維度,0.0,男,遷出,其他鄉鎮,136
110,11,13,汐止區,,,,無年齡維度,0.0,女,遷出,合計,474
110,11,13,汐止區,,,,無年齡維度,0.0,男,遷出,合計,382
110,11,13,汐止區,,,,無年齡維度,0.0,女,遷出,國外,111
110,11,13,汐止區,,,,無年齡維度,0.0,男,遷出,國外,96
110,11,13,汐止區,,,,無年齡維度,0.0,女,遷出,新北市內,0
110,11,13,汐止區,,,,無年齡維度,0.0,男,遷出,新北市內,0
110,11,13,汐止區,,,,無年齡維度,0.0,女,遷出,桃園市,53
110,11,13,汐止區,,,,無年齡維度,0.0,男,遷出,桃園市,38
110,11,13,汐止區,,,,無年齡維度,0.0,女,遷出,福建省,5
110,11,13,汐止區,,,,無年齡維度,0.0,男,遷出,福建省,6
110,11,13,汐止區,,,,無年齡維度,0.0,女,遷出,臺中市,10
110,11,13,汐止區,,,,無年齡維度,0.0,男,遷出,臺中市,11
110,11,13,汐止區,,,,無年齡維度,0.0,女,遷出,臺北市,33
110,11,13,汐止區,,,,無年齡維度,0.0,男,遷出,臺北市,29
110,11,13,汐止區,,,,無年齡維度,0.0,女,遷出,臺南市,4
110,11,13,汐止區,,,,無年齡維度,0.0,男,遷出,臺南市,4
110,11,13,汐止區,,,,無年齡維度,0.0,女,遷出,臺灣省,46
110,11,13,汐止區,,,,無年齡維度,0.0,男,遷出,臺灣省,53
110,11,13,汐止區,,,,無年齡維度,0.0,女,遷出,高雄市,7
110,11,13,汐止區,,,,無年齡維度,0.0,男,遷出,高雄市,9
110,11,14,瑞芳區,,,,無年齡維度,0.0,女,遷入,migrants,257
110,11,14,瑞芳區,,,,無年齡維度,0.0,男,遷入,migrants,244
110,11,14,瑞芳區,,,,無年齡維度,0.0,女,遷入,other,0
110,11,14,瑞芳區,,,,無年齡維度,0.0,男,遷入,other,0
110,11,14,瑞芳區,,,,無年齡維度,0.0,女,遷入,其他縣市,0
110,11,14,瑞芳區,,,,無年齡維度,0.0,男,遷入,其他縣市,0
110,11,14,瑞芳區,,,,無年齡維度,0.0,女,遷入,其他鄉鎮,163
110,11,14,瑞芳區,,,,無年齡維度,0.0,男,遷入,其他鄉鎮,122
110,11,14,瑞芳區,,,,無年齡維度,0.0,女,遷入,合計,382
110,11,14,瑞芳區,,,,無年齡維度,0.0,男,遷入,合計,305
110,11,14,瑞芳區,,,,無年齡維度,0.0,女,遷入,國外,6
110,11,14,瑞芳區,,,,無年齡維度,0.0,男,遷入,國外,4
110,11,14,瑞芳區,,,,無年齡維度,0.0,女,遷入,新北市內,0
110,11,14,瑞芳區,,,,無年齡維度,0.0,男,遷入,新北市內,0
110,11,14,瑞芳區,,,,無年齡維度,0.0,女,遷入,桃園市,29
110,11,14,瑞芳區,,,,無年齡維度,0.0,男,遷入,桃園市,20
110,11,14,瑞芳區,,,,無年齡維度,0.0,女,遷入,福建省,3
110,11,14,瑞芳區,,,,無年齡維度,0.0,男,遷入,福建省,4
110,11,14,瑞芳區,,,,無年齡維度,0.0,女,遷入,臺中市,5
110,11,14,瑞芳區,,,,無年齡維度,0.0,男,遷入,臺中市,7
110,11,14,瑞芳區,,,,無年齡維度,0.0,女,遷入,臺北市,119
110,11,14,瑞芳區,,,,無年齡維度,0.0,男,遷入,臺北市,115
110,11,14,瑞芳區,,,,無年齡維度,0.0,女,遷入,臺南市,2
110,11,14,瑞芳區,,,,無年齡維度,0.0,男,遷入,臺南市,2
110,11,14,瑞芳區,,,,無年齡維度,0.0,女,遷入,臺灣省,43
110,11,14,瑞芳區,,,,無年齡維度,0.0,男,遷入,臺灣省,26
110,11,14,瑞芳區,,,,無年齡維度,0.0,女,遷入,高雄市,3
110,11,14,瑞芳區,,,,無年齡維度,0.0,男,遷入,高雄市,5
110,11,14,瑞芳區,,,,無年齡維度,0.0,女,遷出,migrants,257
110,11,14,瑞芳區,,,,無年齡維度,0.0,男,遷出,migrants,244
110,11,14,瑞芳區,,,,無年齡維度,0.0,女,遷出,other,0
110,11,14,瑞芳區,,,,無年齡維度,0.0,男,遷出,other,0
110,11,14,瑞芳區,,,,無年齡維度,0.0,女,遷出,其他縣市,0
110,11,14,瑞芳區,,,,無年齡維度,0.0,男,遷出,其他縣市,0
110,11,14,瑞芳區,,,,無年齡維度,0.0,女,遷出,其他鄉鎮,197
110,11,14,瑞芳區,,,,無年齡維度,0.0,男,遷出,其他鄉鎮,131
110,11,14,瑞芳區,,,,無年齡維度,0.0,女,遷出,合計,428
110,11,14,瑞芳區,,,,無年齡維度,0.0,男,遷出,合計,332
110,11,14,瑞芳區,,,,無年齡維度,0.0,女,遷出,國外,55
110,11,14,瑞芳區,,,,無年齡維度,0.0,男,遷出,國外,47
110,11,14,瑞芳區,,,,無年齡維度,0.0,女,遷出,新北市內,0
110,11,14,瑞芳區,,,,無年齡維度,0.0,男,遷出,新北市內,0
110,11,14,瑞芳區,,,,無年齡維度,0.0,女,遷出,桃園市,41
110,11,14,瑞芳區,,,,無年齡維度,0.0,男,遷出,桃園市,30
110,11,14,瑞芳區,,,,無年齡維度,0.0,女,遷出,福建省,5
110,11,14,瑞芳區,,,,無年齡維度,0.0,男,遷出,福建省,3
110,11,14,瑞芳區,,,,無年齡維度,0.0,女,遷出,臺中市,10
110,11,14,瑞芳區,,,,無年齡維度,0.0,男,遷出,臺中市,7
110,11,14,瑞芳區,,,,無年齡維度,0.0,女,遷出,臺北市,69
110,11,14,瑞芳區,,,,無年齡維度,0.0,男,遷出,臺北市,56
110,11,14,瑞芳區,,,,無年齡維度,0.0,女,遷出,臺南市,1
110,11,14,瑞芳區,,,,無年齡維度,0.0,男,遷出,臺南市,5
110,11,14,瑞芳區,,,,無年齡維度,0.0,女,遷出,臺灣省,43
110,11,14,瑞芳區,,,,無年齡維度,0.0,男,遷出,臺灣省,44
110,11,14,瑞芳區,,,,無年齡維度,0.0,女,遷出,高雄市,7
110,11,14,瑞芳區,,,,無年齡維度,0.0,男,遷出,高雄市,9
110,11,15,五股區,,,,無年齡維度,0.0,女,遷入,migrants,82
110,11,15,五股區,,,,無年齡維度,0.0,男,遷入,migrants,73
110,11,15,五股區,,,,無年齡維度,0.0,女,遷入,other,0
110,11,15,五股區,,,,無年齡維度,0.0,男,遷入,other,0
110,11,15,五股區,,,,無年齡維度,0.0,女,遷入,其他縣市,0
110,11,15,五股區,,,,無年齡維度,0.0,男,遷入,其他縣市,0
110,11,15,五股區,,,,無年齡維度,0.0,女,遷入,其他鄉鎮,118
110,11,15,五股區,,,,無年齡維度,0.0,男,遷入,其他鄉鎮,110
110,11,15,五股區,,,,無年齡維度,0.0,女,遷入,合計,200
110,11,15,五股區,,,,無年齡維度,0.0,男,遷入,合計,178
110,11,15,五股區,,,,無年齡維度,0.0,女,遷入,國外,3
110,11,15,五股區,,,,無年齡維度,0.0,男,遷入,國外,2
110,11,15,五股區,,,,無年齡維度,0.0,女,遷入,新北市內,0
110,11,15,五股區,,,,無年齡維度,0.0,男,遷入,新北市內,0
110,11,15,五股區,,,,無年齡維度,0.0,女,遷入,桃園市,14
110,11,15,五股區,,,,無年齡維度,0.0,男,遷入,桃園市,14
110,11,15,五股區,,,,無年齡維度,0.0,女,遷入,福建省,0
110,11,15,五股區,,,,無年齡維度,0.0,男,遷入,福建省,1
110,11,15,五股區,,,,無年齡維度,0.0,女,遷入,臺中市,3
110,11,15,五股區,,,,無年齡維度,0.0,男,遷入,臺中市,4
110,11,15,五股區,,,,無年齡維度,0.0,女,遷入,臺北市,35
110,11,15,五股區,,,,無年齡維度,0.0,男,遷入,臺北市,31
110,11,15,五股區,,,,無年齡維度,0.0,女,遷入,臺南市,3
110,11,15,五股區,,,,無年齡維度,0.0,男,遷入,臺南市,3
110,11,15,五股區,,,,無年齡維度,0.0,女,遷入,臺灣省,15
110,11,15,五股區,,,,無年齡維度,0.0,男,遷入,臺灣省,12
110,11,15,五股區,,,,無年齡維度,0.0,女,遷入,高雄市,3
110,11,15,五股區,,,,無年齡維度,0.0,男,遷入,高雄市,1
110,11,15,五股區,,,,無年齡維度,0.0,女,遷出,migrants,82
110,11,15,五股區,,,,無年齡維度,0.0,男,遷出,migrants,73
110,11,15,五股區,,,,無年齡維度,0.0,女,遷出,other,0
110,11,15,五股區,,,,無年齡維度,0.0,男,遷出,other,0
110,11,15,五股區,,,,無年齡維度,0.0,女,遷出,其他縣市,0
110,11,15,五股區,,,,無年齡維度,0.0,男,遷出,其他縣市,0
110,11,15,五股區,,,,無年齡維度,0.0,女,遷出,其他鄉鎮,103
110,11,15,五股區,,,,無年齡維度,0.0,男,遷出,其他鄉鎮,86
110,11,15,五股區,,,,無年齡維度,0.0,女,遷出,合計,199
110,11,15,五股區,,,,無年齡維度,0.0,男,遷出,合計,171
110,11,15,五股區,,,,無年齡維度,0.0,女,遷出,國外,33
110,11,15,五股區,,,,無年齡維度,0.0,男,遷出,國外,25
110,11,15,五股區,,,,無年齡維度,0.0,女,遷出,新北市內,0
110,11,15,五股區,,,,無年齡維度,0.0,男,遷出,新北市內,0
110,11,15,五股區,,,,無年齡維度,0.0,女,遷出,桃園市,23
110,11,15,五股區,,,,無年齡維度,0.0,男,遷出,桃園市,13
110,11,15,五股區,,,,無年齡維度,0.0,女,遷出,福建省,1
110,11,15,五股區,,,,無年齡維度,0.0,男,遷出,福建省,2
110,11,15,五股區,,,,無年齡維度,0.0,女,遷出,臺中市,2
110,11,15,五股區,,,,無年齡維度,0.0,男,遷出,臺中市,4
110,11,15,五股區,,,,無年齡維度,0.0,女,遷出,臺北市,22
110,11,15,五股區,,,,無年齡維度,0.0,男,遷出,臺北市,23
110,11,15,五股區,,,,無年齡維度,0.0,女,遷出,臺南市,0
110,11,15,五股區,,,,無年齡維度,0.0,男,遷出,臺南市,2
110,11,15,五股區,,,,無年齡維度,0.0,女,遷出,臺灣省,14
110,11,15,五股區,,,,無年齡維度,0.0,男,遷出,臺灣省,14
110,11,15,五股區,,,,無年齡維度,0.0,女,遷出,高雄市,1
110,11,15,五股區,,,,無年齡維度,0.0,男,遷出,高雄市,2
110,11,16,泰山區,,,,無年齡維度,0.0,女,遷入,migrants,95
110,11,16,泰山區,,,,無年齡維度,0.0,男,遷入,migrants,68
110,11,16,泰山區,,,,無年齡維度,0.0,女,遷入,other,0
110,11,16,泰山區,,,,無年齡維度,0.0,男,遷入,other,0
110,11,16,泰山區,,,,無年齡維度,0.0,女,遷入,其他縣市,0
110,11,16,泰山區,,,,無年齡維度,0.0,男,遷入,其他縣市,0
110,11,16,泰山區,,,,無年齡維度,0.0,女,遷入,其他鄉鎮,76
110,11,16,泰山區,,,,無年齡維度,0.0,男,遷入,其他鄉鎮,70
110,11,16,泰山區,,,,無年齡維度,0.0,女,遷入,合計,124
110,11,16,泰山區,,,,無年齡維度,0.0,男,遷入,合計,120
110,11,16,泰山區,,,,無年齡維度,0.0,女,遷入,國外,3
110,11,16,泰山區,,,,無年齡維度,0.0,男,遷入,國外,3
110,11,16,泰山區,,,,無年齡維度,0.0,女,遷入,新北市內,0
110,11,16,泰山區,,,,無年齡維度,0.0,男,遷入,新北市內,0
110,11,16,泰山區,,,,無年齡維度,0.0,女,遷入,桃園市,8
110,11,16,泰山區,,,,無年齡維度,0.0,男,遷入,桃園市,10
110,11,16,泰山區,,,,無年齡維度,0.0,女,遷入,福建省,1
110,11,16,泰山區,,,,無年齡維度,0.0,男,遷入,福建省,0
110,11,16,泰山區,,,,無年齡維度,0.0,女,遷入,臺中市,1
110,11,16,泰山區,,,,無年齡維度,0.0,男,遷入,臺中市,2
110,11,16,泰山區,,,,無年齡維度,0.0,女,遷入,臺北市,22
110,11,16,泰山區,,,,無年齡維度,0.0,男,遷入,臺北市,22
110,11,16,泰山區,,,,無年齡維度,0.0,女,遷入,臺南市,1
110,11,16,泰山區,,,,無年齡維度,0.0,男,遷入,臺南市,1
110,11,16,泰山區,,,,無年齡維度,0.0,女,遷入,臺灣省,9
110,11,16,泰山區,,,,無年齡維度,0.0,男,遷入,臺灣省,12
110,11,16,泰山區,,,,無年齡維度,0.0,女,遷入,高雄市,1
110,11,16,泰山區,,,,無年齡維度,0.0,男,遷入,高雄市,0
110,11,16,泰山區,,,,無年齡維度,0.0,女,遷出,migrants,95
110,11,16,泰山區,,,,無年齡維度,0.0,男,遷出,migrants,68
110,11,16,泰山區,,,,無年齡維度,0.0,女,遷出,other,0
110,11,16,泰山區,,,,無年齡維度,0.0,男,遷出,other,0
110,11,16,泰山區,,,,無年齡維度,0.0,女,遷出,其他縣市,0
110,11,16,泰山區,,,,無年齡維度,0.0,男,遷出,其他縣市,0
110,11,16,泰山區,,,,無年齡維度,0.0,女,遷出,其他鄉鎮,85
110,11,16,泰山區,,,,無年齡維度,0.0,男,遷出,其他鄉鎮,80
110,11,16,泰山區,,,,無年齡維度,0.0,女,遷出,合計,174
110,11,16,泰山區,,,,無年齡維度,0.0,男,遷出,合計,143
110,11,16,泰山區,,,,無年齡維度,0.0,女,遷出,國外,34
110,11,16,泰山區,,,,無年齡維度,0.0,男,遷出,國外,21
110,11,16,泰山區,,,,無年齡維度,0.0,女,遷出,新北市內,0
110,11,16,泰山區,,,,無年齡維度,0.0,男,遷出,新北市內,0
110,11,16,泰山區,,,,無年齡維度,0.0,女,遷出,桃園市,13
110,11,16,泰山區,,,,無年齡維度,0.0,男,遷出,桃園市,9
110,11,16,泰山區,,,,無年齡維度,0.0,女,遷出,福建省,6
110,11,16,泰山區,,,,無年齡維度,0.0,男,遷出,福建省,3
110,11,16,泰山區,,,,無年齡維度,0.0,女,遷出,臺中市,4
110,11,16,泰山區,,,,無年齡維度,0.0,男,遷出,臺中市,3
110,11,16,泰山區,,,,無年齡維度,0.0,女,遷出,臺北市,15
110,11,16,泰山區,,,,無年齡維度,0.0,男,遷出,臺北市,8
110,11,16,泰山區,,,,無年齡維度,0.0,女,遷出,臺南市,0
110,11,16,泰山區,,,,無年齡維度,0.0,男,遷出,臺南市,1
110,11,16,泰山區,,,,無年齡維度,0.0,女,遷出,臺灣省,16
110,11,16,泰山區,,,,無年齡維度,0.0,男,遷出,臺灣省,14
110,11,16,泰山區,,,,無年齡維度,0.0,女,遷出,高雄市,1
110,11,16,泰山區,,,,無年齡維度,0.0,男,遷出,高雄市,4
110,11,17,林口區,,,,無年齡維度,0.0,女,遷入,migrants,241
110,11,17,林口區,,,,無年齡維度,0.0,男,遷入,migrants,243
110,11,17,林口區,,,,無年齡維度,0.0,女,遷入,other,0
110,11,17,林口區,,,,無年齡維度,0.0,男,遷入,other,0
110,11,17,林口區,,,,無年齡維度,0.0,女,遷入,其他縣市,0
110,11,17,林口區,,,,無年齡維度,0.0,男,遷入,其他縣市,0
110,11,17,林口區,,,,無年齡維度,0.0,女,遷入,其他鄉鎮,99
110,11,17,林口區,,,,無年齡維度,0.0,男,遷入,其他鄉鎮,103
110,11,17,林口區,,,,無年齡維度,0.0,女,遷入,合計,363
110,11,17,林口區,,,,無年齡維度,0.0,男,遷入,合計,350
110,11,17,林口區,,,,無年齡維度,0.0,女,遷入,國外,11
110,11,17,林口區,,,,無年齡維度,0.0,男,遷入,國外,10
110,11,17,林口區,,,,無年齡維度,0.0,女,遷入,新北市內,0
110,11,17,林口區,,,,無年齡維度,0.0,男,遷入,新北市內,0
110,11,17,林口區,,,,無年齡維度,0.0,女,遷入,桃園市,102
110,11,17,林口區,,,,無年齡維度,0.0,男,遷入,桃園市,93
110,11,17,林口區,,,,無年齡維度,0.0,女,遷入,福建省,2
110,11,17,林口區,,,,無年齡維度,0.0,男,遷入,福建省,2
110,11,17,林口區,,,,無年齡維度,0.0,女,遷入,臺中市,5
110,11,17,林口區,,,,無年齡維度,0.0,男,遷入,臺中市,6
110,11,17,林口區,,,,無年齡維度,0.0,女,遷入,臺北市,86
110,11,17,林口區,,,,無年齡維度,0.0,男,遷入,臺北市,91
110,11,17,林口區,,,,無年齡維度,0.0,女,遷入,臺南市,4
110,11,17,林口區,,,,無年齡維度,0.0,男,遷入,臺南市,5
110,11,17,林口區,,,,無年齡維度,0.0,女,遷入,臺灣省,34
110,11,17,林口區,,,,無年齡維度,0.0,男,遷入,臺灣省,33
110,11,17,林口區,,,,無年齡維度,0.0,女,遷入,高雄市,12
110,11,17,林口區,,,,無年齡維度,0.0,男,遷入,高雄市,4
110,11,17,林口區,,,,無年齡維度,0.0,女,遷出,migrants,241
110,11,17,林口區,,,,無年齡維度,0.0,男,遷出,migrants,243
110,11,17,林口區,,,,無年齡維度,0.0,女,遷出,other,0
110,11,17,林口區,,,,無年齡維度,0.0,男,遷出,other,0
110,11,17,林口區,,,,無年齡維度,0.0,女,遷出,其他縣市,0
110,11,17,林口區,,,,無年齡維度,0.0,男,遷出,其他縣市,0
110,11,17,林口區,,,,無年齡維度,0.0,女,遷出,其他鄉鎮,62
110,11,17,林口區,,,,無年齡維度,0.0,男,遷出,其他鄉鎮,41
110,11,17,林口區,,,,無年齡維度,0.0,女,遷出,合計,335
110,11,17,林口區,,,,無年齡維度,0.0,男,遷出,合計,261
110,11,17,林口區,,,,無年齡維度,0.0,女,遷出,國外,124
110,11,17,林口區,,,,無年齡維度,0.0,男,遷出,國外,95
110,11,17,林口區,,,,無年齡維度,0.0,女,遷出,新北市內,0
110,11,17,林口區,,,,無年齡維度,0.0,男,遷出,新北市內,0
110,11,17,林口區,,,,無年齡維度,0.0,女,遷出,桃園市,83
110,11,17,林口區,,,,無年齡維度,0.0,男,遷出,桃園市,60
110,11,17,林口區,,,,無年齡維度,0.0,女,遷出,福建省,0
110,11,17,林口區,,,,無年齡維度,0.0,男,遷出,福建省,3
110,11,17,林口區,,,,無年齡維度,0.0,女,遷出,臺中市,3
110,11,17,林口區,,,,無年齡維度,0.0,男,遷出,臺中市,2
110,11,17,林口區,,,,無年齡維度,0.0,女,遷出,臺北市,24
110,11,17,林口區,,,,無年齡維度,0.0,男,遷出,臺北市,33
110,11,17,林口區,,,,無年齡維度,0.0,女,遷出,臺南市,2
110,11,17,林口區,,,,無年齡維度,0.0,男,遷出,臺南市,1
110,11,17,林口區,,,,無年齡維度,0.0,女,遷出,臺灣省,31
110,11,17,林口區,,,,無年齡維度,0.0,男,遷出,臺灣省,25
110,11,17,林口區,,,,無年齡維度,0.0,女,遷出,高雄市,6
110,11,17,林口區,,,,無年齡維度,0.0,男,遷出,高雄市,1
110,11,18,八里區,,,,無年齡維度,0.0,女,遷入,migrants,19
110,11,18,八里區,,,,無年齡維度,0.0,男,遷入,migrants,16
110,11,18,八里區,,,,無年齡維度,0.0,女,遷入,other,0
110,11,18,八里區,,,,無年齡維度,0.0,男,遷入,other,0
110,11,18,八里區,,,,無年齡維度,0.0,女,遷入,其他縣市,0
110,11,18,八里區,,,,無年齡維度,0.0,男,遷入,其他縣市,0
110,11,18,八里區,,,,無年齡維度,0.0,女,遷入,其他鄉鎮,7
110,11,18,八里區,,,,無年齡維度,0.0,男,遷入,其他鄉鎮,10
110,11,18,八里區,,,,無年齡維度,0.0,女,遷入,合計,39
110,11,18,八里區,,,,無年齡維度,0.0,男,遷入,合計,37
110,11,18,八里區,,,,無年齡維度,0.0,女,遷入,國外,0
110,11,18,八里區,,,,無年齡維度,0.0,男,遷入,國外,1
110,11,18,八里區,,,,無年齡維度,0.0,女,遷入,新北市內,0
110,11,18,八里區,,,,無年齡維度,0.0,男,遷入,新北市內,0
110,11,18,八里區,,,,無年齡維度,0.0,女,遷入,桃園市,4
110,11,18,八里區,,,,無年齡維度,0.0,男,遷入,桃園市,1
110,11,18,八里區,,,,無年齡維度,0.0,女,遷入,福建省,0
110,11,18,八里區,,,,無年齡維度,0.0,男,遷入,福建省,0
110,11,18,八里區,,,,無年齡維度,0.0,女,遷入,臺中市,0
110,11,18,八里區,,,,無年齡維度,0.0,男,遷入,臺中市,0
110,11,18,八里區,,,,無年齡維度,0.0,女,遷入,臺北市,24
110,11,18,八里區,,,,無年齡維度,0.0,男,遷入,臺北市,24
110,11,18,八里區,,,,無年齡維度,0.0,女,遷入,臺南市,1
110,11,18,八里區,,,,無年齡維度,0.0,男,遷入,臺南市,0
110,11,18,八里區,,,,無年齡維度,0.0,女,遷入,臺灣省,3
110,11,18,八里區,,,,無年齡維度,0.0,男,遷入,臺灣省,1
110,11,18,八里區,,,,無年齡維度,0.0,女,遷入,高雄市,0
110,11,18,八里區,,,,無年齡維度,0.0,男,遷入,高雄市,0
110,11,18,八里區,,,,無年齡維度,0.0,女,遷出,migrants,19
110,11,18,八里區,,,,無年齡維度,0.0,男,遷出,migrants,16
110,11,18,八里區,,,,無年齡維度,0.0,女,遷出,other,0
110,11,18,八里區,,,,無年齡維度,0.0,男,遷出,other,0
110,11,18,八里區,,,,無年齡維度,0.0,女,遷出,其他縣市,0
110,11,18,八里區,,,,無年齡維度,0.0,男,遷出,其他縣市,0
110,11,18,八里區,,,,無年齡維度,0.0,女,遷出,其他鄉鎮,11
110,11,18,八里區,,,,無年齡維度,0.0,男,遷出,其他鄉鎮,11
110,11,18,八里區,,,,無年齡維度,0.0,女,遷出,合計,54
110,11,18,八里區,,,,無年齡維度,0.0,男,遷出,合計,51
110,11,18,八里區,,,,無年齡維度,0.0,女,遷出,國外,17
110,11,18,八里區,,,,無年齡維度,0.0,男,遷出,國外,20
110,11,18,八里區,,,,無年齡維度,0.0,女,遷出,新北市內,0
110,11,18,八里區,,,,無年齡維度,0.0,男,遷出,新北市內,0
110,11,18,八里區,,,,無年齡維度,0.0,女,遷出,桃園市,5
110,11,18,八里區,,,,無年齡維度,0.0,男,遷出,桃園市,4
110,11,18,八里區,,,,無年齡維度,0.0,女,遷出,福建省,1
110,11,18,八里區,,,,無年齡維度,0.0,男,遷出,福建省,0
110,11,18,八里區,,,,無年齡維度,0.0,女,遷出,臺中市,1
110,11,18,八里區,,,,無年齡維度,0.0,男,遷出,臺中市,2
110,11,18,八里區,,,,無年齡維度,0.0,女,遷出,臺北市,15
110,11,18,八里區,,,,無年齡維度,0.0,男,遷出,臺北市,12
110,11,18,八里區,,,,無年齡維度,0.0,女,遷出,臺南市,0
110,11,18,八里區,,,,無年齡維度,0.0,男,遷出,臺南市,0
110,11,18,八里區,,,,無年齡維度,0.0,女,遷出,臺灣省,4
110,11,18,八里區,,,,無年齡維度,0.0,男,遷出,臺灣省,2
110,11,18,八里區,,,,無年齡維度,0.0,女,遷出,高雄市,0
110,11,18,八里區,,,,無年齡維度,0.0,男,遷出,高雄市,0
110,11,19,深坑區,,,,無年齡維度,0.0,女,遷入,migrants,2
110,11,19,深坑區,,,,無年齡維度,0.0,男,遷入,migrants,4
110,11,19,深坑區,,,,無年齡維度,0.0,女,遷入,other,0
110,11,19,深坑區,,,,無年齡維度,0.0,男,遷入,other,0
110,11,19,深坑區,,,,無年齡維度,0.0,女,遷入,其他縣市,0
110,11,19,深坑區,,,,無年齡維度,0.0,男,遷入,其他縣市,0
110,11,19,深坑區,,,,無年齡維度,0.0,女,遷入,其他鄉鎮,9
110,11,19,深坑區,,,,無年齡維度,0.0,男,遷入,其他鄉鎮,6
110,11,19,深坑區,,,,無年齡維度,0.0,女,遷入,合計,13
110,11,19,深坑區,,,,無年齡維度,0.0,男,遷入,合計,11
110,11,19,深坑區,,,,無年齡維度,0.0,女,遷入,國外,0
110,11,19,深坑區,,,,無年齡維度,0.0,男,遷入,國外,0
110,11,19,深坑區,,,,無年齡維度,0.0,女,遷入,新北市內,0
110,11,19,深坑區,,,,無年齡維度,0.0,男,遷入,新北市內,0
110,11,19,深坑區,,,,無年齡維度,0.0,女,遷入,桃園市,0
110,11,19,深坑區,,,,無年齡維度,0.0,男,遷入,桃園市,0
110,11,19,深坑區,,,,無年齡維度,0.0,女,遷入,福建省,0
110,11,19,深坑區,,,,無年齡維度,0.0,男,遷入,福建省,0
110,11,19,深坑區,,,,無年齡維度,0.0,女,遷入,臺中市,1
110,11,19,深坑區,,,,無年齡維度,0.0,男,遷入,臺中市,2
110,11,19,深坑區,,,,無年齡維度,0.0,女,遷入,臺北市,2
110,11,19,深坑區,,,,無年齡維度,0.0,男,遷入,臺北市,3
110,11,19,深坑區,,,,無年齡維度,0.0,女,遷入,臺南市,0
110,11,19,深坑區,,,,無年齡維度,0.0,男,遷入,臺南市,0
110,11,19,深坑區,,,,無年齡維度,0.0,女,遷入,臺灣省,1
110,11,19,深坑區,,,,無年齡維度,0.0,男,遷入,臺灣省,0
110,11,19,深坑區,,,,無年齡維度,0.0,女,遷入,高雄市,0
110,11,19,深坑區,,,,無年齡維度,0.0,男,遷入,高雄市,0
110,11,19,深坑區,,,,無年齡維度,0.0,女,遷出,migrants,2
110,11,19,深坑區,,,,無年齡維度,0.0,男,遷出,migrants,4
110,11,19,深坑區,,,,無年齡維度,0.0,女,遷出,other,0
110,11,19,深坑區,,,,無年齡維度,0.0,男,遷出,other,0
110,11,19,深坑區,,,,無年齡維度,0.0,女,遷出,其他縣市,0
110,11,19,深坑區,,,,無年齡維度,0.0,男,遷出,其他縣市,0
110,11,19,深坑區,,,,無年齡維度,0.0,女,遷出,其他鄉鎮,7
110,11,19,深坑區,,,,無年齡維度,0.0,男,遷出,其他鄉鎮,3
110,11,19,深坑區,,,,無年齡維度,0.0,女,遷出,合計,13
110,11,19,深坑區,,,,無年齡維度,0.0,男,遷出,合計,9
110,11,19,深坑區,,,,無年齡維度,0.0,女,遷出,國外,4
110,11,19,深坑區,,,,無年齡維度,0.0,男,遷出,國外,2
110,11,19,深坑區,,,,無年齡維度,0.0,女,遷出,新北市內,0
110,11,19,深坑區,,,,無年齡維度,0.0,男,遷出,新北市內,0
110,11,19,深坑區,,,,無年齡維度,0.0,女,遷出,桃園市,0
110,11,19,深坑區,,,,無年齡維度,0.0,男,遷出,桃園市,0
110,11,19,深坑區,,,,無年齡維度,0.0,女,遷出,福建省,0
110,11,19,深坑區,,,,無年齡維度,0.0,男,遷出,福建省,0
110,11,19,深坑區,,,,無年齡維度,0.0,女,遷出,臺中市,1
110,11,19,深坑區,,,,無年齡維度,0.0,男,遷出,臺中市,1
110,11,19,深坑區,,,,無年齡維度,0.0,女,遷出,臺北市,1
110,11,19,深坑區,,,,無年齡維度,0.0,男,遷出,臺北市,1
110,11,19,深坑區,,,,無年齡維度,0.0,女,遷出,臺南市,0
110,11,19,深坑區,,,,無年齡維度,0.0,男,遷出,臺南市,0
110,11,19,深坑區,,,,無年齡維度,0.0,女,遷出,臺灣省,0
110,11,19,深坑區,,,,無年齡維度,0.0,男,遷出,臺灣省,2
110,11,19,深坑區,,,,無年齡維度,0.0,女,遷出,高雄市,0
110,11,19,深坑區,,,,無年齡維度,0.0,男,遷出,高雄市,0
110,11,20,石碇區,,,,無年齡維度,0.0,女,遷入,migrants,2
110,11,20,石碇區,,,,無年齡維度,0.0,男,遷入,migrants,6
110,11,20,石碇區,,,,無年齡維度,0.0,女,遷入,other,0
110,11,20,石碇區,,,,無年齡維度,0.0,男,遷入,other,0
110,11,20,石碇區,,,,無年齡維度,0.0,女,遷入,其他縣市,0
110,11,20,石碇區,,,,無年齡維度,0.0,男,遷入,其他縣市,0
110,11,20,石碇區,,,,無年齡維度,0.0,女,遷入,其他鄉鎮,2
110,11,20,石碇區,,,,無年齡維度,0.0,男,遷入,其他鄉鎮,4
110,11,20,石碇區,,,,無年齡維度,0.0,女,遷入,合計,4
110,11,20,石碇區,,,,無年齡維度,0.0,男,遷入,合計,8
110,11,20,石碇區,,,,無年齡維度,0.0,女,遷入,國外,0
110,11,20,石碇區,,,,無年齡維度,0.0,男,遷入,國外,0
110,11,20,石碇區,,,,無年齡維度,0.0,女,遷入,新北市內,0
110,11,20,石碇區,,,,無年齡維度,0.0,男,遷入,新北市內,0
110,11,20,石碇區,,,,無年齡維度,0.0,女,遷入,桃園市,0
110,11,20,石碇區,,,,無年齡維度,0.0,男,遷入,桃園市,0
110,11,20,石碇區,,,,無年齡維度,0.0,女,遷入,福建省,0
110,11,20,石碇區,,,,無年齡維度,0.0,男,遷入,福建省,0
110,11,20,石碇區,,,,無年齡維度,0.0,女,遷入,臺中市,0
110,11,20,石碇區,,,,無年齡維度,0.0,男,遷入,臺中市,0
110,11,20,石碇區,,,,無年齡維度,0.0,女,遷入,臺北市,1
110,11,20,石碇區,,,,無年齡維度,0.0,男,遷入,臺北市,1
110,11,20,石碇區,,,,無年齡維度,0.0,女,遷入,臺南市,0
110,11,20,石碇區,,,,無年齡維度,0.0,男,遷入,臺南市,0
110,11,20,石碇區,,,,無年齡維度,0.0,女,遷入,臺灣省,1
110,11,20,石碇區,,,,無年齡維度,0.0,男,遷入,臺灣省,3
110,11,20,石碇區,,,,無年齡維度,0.0,女,遷入,高雄市,0
110,11,20,石碇區,,,,無年齡維度,0.0,男,遷入,高雄市,0
110,11,20,石碇區,,,,無年齡維度,0.0,女,遷出,migrants,2
110,11,20,石碇區,,,,無年齡維度,0.0,男,遷出,migrants,6
110,11,20,石碇區,,,,無年齡維度,0.0,女,遷出,other,0
110,11,20,石碇區,,,,無年齡維度,0.0,男,遷出,other,0
110,11,20,石碇區,,,,無年齡維度,0.0,女,遷出,其他縣市,0
110,11,20,石碇區,,,,無年齡維度,0.0,男,遷出,其他縣市,0
110,11,20,石碇區,,,,無年齡維度,0.0,女,遷出,其他鄉鎮,6
110,11,20,石碇區,,,,無年齡維度,0.0,男,遷出,其他鄉鎮,4
110,11,20,石碇區,,,,無年齡維度,0.0,女,遷出,合計,11
110,11,20,石碇區,,,,無年齡維度,0.0,男,遷出,合計,11
110,11,20,石碇區,,,,無年齡維度,0.0,女,遷出,國外,0
110,11,20,石碇區,,,,無年齡維度,0.0,男,遷出,國外,3
110,11,20,石碇區,,,,無年齡維度,0.0,女,遷出,新北市內,0
110,11,20,石碇區,,,,無年齡維度,0.0,男,遷出,新北市內,0
110,11,20,石碇區,,,,無年齡維度,0.0,女,遷出,桃園市,0
110,11,20,石碇區,,,,無年齡維度,0.0,男,遷出,桃園市,1
110,11,20,石碇區,,,,無年齡維度,0.0,女,遷出,福建省,0
110,11,20,石碇區,,,,無年齡維度,0.0,男,遷出,福建省,0
110,11,20,石碇區,,,,無年齡維度,0.0,女,遷出,臺中市,0
110,11,20,石碇區,,,,無年齡維度,0.0,男,遷出,臺中市,0
110,11,20,石碇區,,,,無年齡維度,0.0,女,遷出,臺北市,3
110,11,20,石碇區,,,,無年齡維度,0.0,男,遷出,臺北市,2
110,11,20,石碇區,,,,無年齡維度,0.0,女,遷出,臺南市,0
110,11,20,石碇區,,,,無年齡維度,0.0,男,遷出,臺南市,0
110,11,20,石碇區,,,,無年齡維度,0.0,女,遷出,臺灣省,2
110,11,20,石碇區,,,,無年齡維度,0.0,男,遷出,臺灣省,1
110,11,20,石碇區,,,,無年齡維度,0.0,女,遷出,高雄市,0
110,11,20,石碇區,,,,無年齡維度,0.0,男,遷出,高雄市,0
110,11,21,坪林區,,,,無年齡維度,0.0,女,遷入,migrants,28
110,11,21,坪林區,,,,無年齡維度,0.0,男,遷入,migrants,30
110,11,21,坪林區,,,,無年齡維度,0.0,女,遷入,other,0
110,11,21,坪林區,,,,無年齡維度,0.0,男,遷入,other,0
110,11,21,坪林區,,,,無年齡維度,0.0,女,遷入,其他縣市,0
110,11,21,坪林區,,,,無年齡維度,0.0,男,遷入,其他縣市,0
110,11,21,坪林區,,,,無年齡維度,0.0,女,遷入,其他鄉鎮,32
110,11,21,坪林區,,,,無年齡維度,0.0,男,遷入,其他鄉鎮,22
110,11,21,坪林區,,,,無年齡維度,0.0,女,遷入,合計,47
110,11,21,坪林區,,,,無年齡維度,0.0,男,遷入,合計,32
110,11,21,坪林區,,,,無年齡維度,0.0,女,遷入,國外,2
110,11,21,坪林區,,,,無年齡維度,0.0,男,遷入,國外,1
110,11,21,坪林區,,,,無年齡維度,0.0,女,遷入,新北市內,0
110,11,21,坪林區,,,,無年齡維度,0.0,男,遷入,新北市內,0
110,11,21,坪林區,,,,無年齡維度,0.0,女,遷入,桃園市,2
110,11,21,坪林區,,,,無年齡維度,0.0,男,遷入,桃園市,0
110,11,21,坪林區,,,,無年齡維度,0.0,女,遷入,福建省,0
110,11,21,坪林區,,,,無年齡維度,0.0,男,遷入,福建省,0
110,11,21,坪林區,,,,無年齡維度,0.0,女,遷入,臺中市,1
110,11,21,坪林區,,,,無年齡維度,0.0,男,遷入,臺中市,2
110,11,21,坪林區,,,,無年齡維度,0.0,女,遷入,臺北市,4
110,11,21,坪林區,,,,無年齡維度,0.0,男,遷入,臺北市,6
110,11,21,坪林區,,,,無年齡維度,0.0,女,遷入,臺南市,0
110,11,21,坪林區,,,,無年齡維度,0.0,男,遷入,臺南市,0
110,11,21,坪林區,,,,無年齡維度,0.0,女,遷入,臺灣省,3
110,11,21,坪林區,,,,無年齡維度,0.0,男,遷入,臺灣省,1
110,11,21,坪林區,,,,無年齡維度,0.0,女,遷入,高雄市,0
110,11,21,坪林區,,,,無年齡維度,0.0,男,遷入,高雄市,0
110,11,21,坪林區,,,,無年齡維度,0.0,女,遷出,migrants,28
110,11,21,坪林區,,,,無年齡維度,0.0,男,遷出,migrants,30
110,11,21,坪林區,,,,無年齡維度,0.0,女,遷出,other,0
110,11,21,坪林區,,,,無年齡維度,0.0,男,遷出,other,0
110,11,21,坪林區,,,,無年齡維度,0.0,女,遷出,其他縣市,0
110,11,21,坪林區,,,,無年齡維度,0.0,男,遷出,其他縣市,0
110,11,21,坪林區,,,,無年齡維度,0.0,女,遷出,其他鄉鎮,27
110,11,21,坪林區,,,,無年齡維度,0.0,男,遷出,其他鄉鎮,27
110,11,21,坪林區,,,,無年齡維度,0.0,女,遷出,合計,50
110,11,21,坪林區,,,,無年齡維度,0.0,男,遷出,合計,46
110,11,21,坪林區,,,,無年齡維度,0.0,女,遷出,國外,8
110,11,21,坪林區,,,,無年齡維度,0.0,男,遷出,國外,4
110,11,21,坪林區,,,,無年齡維度,0.0,女,遷出,新北市內,0
110,11,21,坪林區,,,,無年齡維度,0.0,男,遷出,新北市內,0
110,11,21,坪林區,,,,無年齡維度,0.0,女,遷出,桃園市,2
110,11,21,坪林區,,,,無年齡維度,0.0,男,遷出,桃園市,2
110,11,21,坪林區,,,,無年齡維度,0.0,女,遷出,福建省,1
110,11,21,坪林區,,,,無年齡維度,0.0,男,遷出,福建省,0
110,11,21,坪林區,,,,無年齡維度,0.0,女,遷出,臺中市,2
110,11,21,坪林區,,,,無年齡維度,0.0,男,遷出,臺中市,3
110,11,21,坪林區,,,,無年齡維度,0.0,女,遷出,臺北市,5
110,11,21,坪林區,,,,無年齡維度,0.0,男,遷出,臺北市,3
110,11,21,坪林區,,,,無年齡維度,0.0,女,遷出,臺南市,0
110,11,21,坪林區,,,,無年齡維度,0.0,男,遷出,臺南市,1
110,11,21,坪林區,,,,無年齡維度,0.0,女,遷出,臺灣省,5
110,11,21,坪林區,,,,無年齡維度,0.0,男,遷出,臺灣省,6
110,11,21,坪林區,,,,無年齡維度,0.0,女,遷出,高雄市,0
110,11,21,坪林區,,,,無年齡維度,0.0,男,遷出,高雄市,0
110,11,22,三芝區,,,,無年齡維度,0.0,女,遷入,migrants,2
110,11,22,三芝區,,,,無年齡維度,0.0,男,遷入,migrants,4
110,11,22,三芝區,,,,無年齡維度,0.0,女,遷入,other,0
110,11,22,三芝區,,,,無年齡維度,0.0,男,遷入,other,0
110,11,22,三芝區,,,,無年齡維度,0.0,女,遷入,其他縣市,0
110,11,22,三芝區,,,,無年齡維度,0.0,男,遷入,其他縣市,0
110,11,22,三芝區,,,,無年齡維度,0.0,女,遷入,其他鄉鎮,3
110,11,22,三芝區,,,,無年齡維度,0.0,男,遷入,其他鄉鎮,4
110,11,22,三芝區,,,,無年齡維度,0.0,女,遷入,合計,5
110,11,22,三芝區,,,,無年齡維度,0.0,男,遷入,合計,7
110,11,22,三芝區,,,,無年齡維度,0.0,女,遷入,國外,0
110,11,22,三芝區,,,,無年齡維度,0.0,男,遷入,國外,0
110,11,22,三芝區,,,,無年齡維度,0.0,女,遷入,新北市內,0
110,11,22,三芝區,,,,無年齡維度,0.0,男,遷入,新北市內,0
110,11,22,三芝區,,,,無年齡維度,0.0,女,遷入,桃園市,0
110,11,22,三芝區,,,,無年齡維度,0.0,男,遷入,桃園市,0
110,11,22,三芝區,,,,無年齡維度,0.0,女,遷入,福建省,0
110,11,22,三芝區,,,,無年齡維度,0.0,男,遷入,福建省,0
110,11,22,三芝區,,,,無年齡維度,0.0,女,遷入,臺中市,0
110,11,22,三芝區,,,,無年齡維度,0.0,男,遷入,臺中市,0
110,11,22,三芝區,,,,無年齡維度,0.0,女,遷入,臺北市,0
110,11,22,三芝區,,,,無年齡維度,0.0,男,遷入,臺北市,3
110,11,22,三芝區,,,,無年齡維度,0.0,女,遷入,臺南市,0
110,11,22,三芝區,,,,無年齡維度,0.0,男,遷入,臺南市,0
110,11,22,三芝區,,,,無年齡維度,0.0,女,遷入,臺灣省,1
110,11,22,三芝區,,,,無年齡維度,0.0,男,遷入,臺灣省,0
110,11,22,三芝區,,,,無年齡維度,0.0,女,遷入,高雄市,0
110,11,22,三芝區,,,,無年齡維度,0.0,男,遷入,高雄市,0
110,11,22,三芝區,,,,無年齡維度,0.0,女,遷出,migrants,2
110,11,22,三芝區,,,,無年齡維度,0.0,男,遷出,migrants,4
110,11,22,三芝區,,,,無年齡維度,0.0,女,遷出,other,0
110,11,22,三芝區,,,,無年齡維度,0.0,男,遷出,other,0
110,11,22,三芝區,,,,無年齡維度,0.0,女,遷出,其他縣市,0
110,11,22,三芝區,,,,無年齡維度,0.0,男,遷出,其他縣市,0
110,11,22,三芝區,,,,無年齡維度,0.0,女,遷出,其他鄉鎮,7
110,11,22,三芝區,,,,無年齡維度,0.0,男,遷出,其他鄉鎮,7
110,11,22,三芝區,,,,無年齡維度,0.0,女,遷出,合計,14
110,11,22,三芝區,,,,無年齡維度,0.0,男,遷出,合計,15
110,11,22,三芝區,,,,無年齡維度,0.0,女,遷出,國外,4
110,11,22,三芝區,,,,無年齡維度,0.0,男,遷出,國外,3
110,11,22,三芝區,,,,無年齡維度,0.0,女,遷出,新北市內,0
110,11,22,三芝區,,,,無年齡維度,0.0,男,遷出,新北市內,0
110,11,22,三芝區,,,,無年齡維度,0.0,女,遷出,桃園市,0
110,11,22,三芝區,,,,無年齡維度,0.0,男,遷出,桃園市,0
110,11,22,三芝區,,,,無年齡維度,0.0,女,遷出,福建省,0
110,11,22,三芝區,,,,無年齡維度,0.0,男,遷出,福建省,0
110,11,22,三芝區,,,,無年齡維度,0.0,女,遷出,臺中市,0
110,11,22,三芝區,,,,無年齡維度,0.0,男,遷出,臺中市,0
110,11,22,三芝區,,,,無年齡維度,0.0,女,遷出,臺北市,2
110,11,22,三芝區,,,,無年齡維度,0.0,男,遷出,臺北市,2
110,11,22,三芝區,,,,無年齡維度,0.0,女,遷出,臺南市,0
110,11,22,三芝區,,,,無年齡維度,0.0,男,遷出,臺南市,0
110,11,22,三芝區,,,,無年齡維度,0.0,女,遷出,臺灣省,1
110,11,22,三芝區,,,,無年齡維度,0.0,男,遷出,臺灣省,3
110,11,22,三芝區,,,,無年齡維度,0.0,女,遷出,高雄市,0
110,11,22,三芝區,,,,無年齡維度,0.0,男,遷出,高雄市,0
110,11,23,石門區,,,,無年齡維度,0.0,女,遷入,migrants,73
110,11,23,石門區,,,,無年齡維度,0.0,男,遷入,migrants,63
110,11,23,石門區,,,,無年齡維度,0.0,女,遷入,other,0
110,11,23,石門區,,,,無年齡維度,0.0,男,遷入,other,0
110,11,23,石門區,,,,無年齡維度,0.0,女,遷入,其他縣市,0
110,11,23,石門區,,,,無年齡維度,0.0,男,遷入,其他縣市,0
110,11,23,石門區,,,,無年齡維度,0.0,女,遷入,其他鄉鎮,47
110,11,23,石門區,,,,無年齡維度,0.0,男,遷入,其他鄉鎮,43
110,11,23,石門區,,,,無年齡維度,0.0,女,遷入,合計,91
110,11,23,石門區,,,,無年齡維度,0.0,男,遷入,合計,89
110,11,23,石門區,,,,無年齡維度,0.0,女,遷入,國外,2
110,11,23,石門區,,,,無年齡維度,0.0,男,遷入,國外,0
110,11,23,石門區,,,,無年齡維度,0.0,女,遷入,新北市內,0
110,11,23,石門區,,,,無年齡維度,0.0,男,遷入,新北市內,0
110,11,23,石門區,,,,無年齡維度,0.0,女,遷入,桃園市,5
110,11,23,石門區,,,,無年齡維度,0.0,男,遷入,桃園市,5
110,11,23,石門區,,,,無年齡維度,0.0,女,遷入,福建省,0
110,11,23,石門區,,,,無年齡維度,0.0,男,遷入,福建省,1
110,11,23,石門區,,,,無年齡維度,0.0,女,遷入,臺中市,3
110,11,23,石門區,,,,無年齡維度,0.0,男,遷入,臺中市,1
110,11,23,石門區,,,,無年齡維度,0.0,女,遷入,臺北市,18
110,11,23,石門區,,,,無年齡維度,0.0,男,遷入,臺北市,24
110,11,23,石門區,,,,無年齡維度,0.0,女,遷入,臺南市,0
110,11,23,石門區,,,,無年齡維度,0.0,男,遷入,臺南市,1
110,11,23,石門區,,,,無年齡維度,0.0,女,遷入,臺灣省,12
110,11,23,石門區,,,,無年齡維度,0.0,男,遷入,臺灣省,11
110,11,23,石門區,,,,無年齡維度,0.0,女,遷入,高雄市,1
110,11,23,石門區,,,,無年齡維度,0.0,男,遷入,高雄市,3
110,11,23,石門區,,,,無年齡維度,0.0,女,遷出,migrants,73
110,11,23,石門區,,,,無年齡維度,0.0,男,遷出,migrants,63
110,11,23,石門區,,,,無年齡維度,0.0,女,遷出,other,0
110,11,23,石門區,,,,無年齡維度,0.0,男,遷出,other,0
110,11,23,石門區,,,,無年齡維度,0.0,女,遷出,其他縣市,0
110,11,23,石門區,,,,無年齡維度,0.0,男,遷出,其他縣市,0
110,11,23,石門區,,,,無年齡維度,0.0,女,遷出,其他鄉鎮,28
110,11,23,石門區,,,,無年齡維度,0.0,男,遷出,其他鄉鎮,20
110,11,23,石門區,,,,無年齡維度,0.0,女,遷出,合計,63
110,11,23,石門區,,,,無年齡維度,0.0,男,遷出,合計,60
110,11,23,石門區,,,,無年齡維度,0.0,女,遷出,國外,17
110,11,23,石門區,,,,無年齡維度,0.0,男,遷出,國外,15
110,11,23,石門區,,,,無年齡維度,0.0,女,遷出,新北市內,0
110,11,23,石門區,,,,無年齡維度,0.0,男,遷出,新北市內,0
110,11,23,石門區,,,,無年齡維度,0.0,女,遷出,桃園市,4
110,11,23,石門區,,,,無年齡維度,0.0,男,遷出,桃園市,4
110,11,23,石門區,,,,無年齡維度,0.0,女,遷出,福建省,0
110,11,23,石門區,,,,無年齡維度,0.0,男,遷出,福建省,0
110,11,23,石門區,,,,無年齡維度,0.0,女,遷出,臺中市,4
110,11,23,石門區,,,,無年齡維度,0.0,男,遷出,臺中市,1
110,11,23,石門區,,,,無年齡維度,0.0,女,遷出,臺北市,6
110,11,23,石門區,,,,無年齡維度,0.0,男,遷出,臺北市,12
110,11,23,石門區,,,,無年齡維度,0.0,女,遷出,臺南市,1
110,11,23,石門區,,,,無年齡維度,0.0,男,遷出,臺南市,1
110,11,23,石門區,,,,無年齡維度,0.0,女,遷出,臺灣省,3
110,11,23,石門區,,,,無年齡維度,0.0,男,遷出,臺灣省,6
110,11,23,石門區,,,,無年齡維度,0.0,女,遷出,高雄市,0
110,11,23,石門區,,,,無年齡維度,0.0,男,遷出,高雄市,1
110,11,24,金山區,,,,無年齡維度,0.0,女,遷入,migrants,0
110,11,24,金山區,,,,無年齡維度,0.0,男,遷入,migrants,3
110,11,24,金山區,,,,無年齡維度,0.0,女,遷入,other,0
110,11,24,金山區,,,,無年齡維度,0.0,男,遷入,other,0
110,11,24,金山區,,,,無年齡維度,0.0,女,遷入,其他縣市,0
110,11,24,金山區,,,,無年齡維度,0.0,男,遷入,其他縣市,0
110,11,24,金山區,,,,無年齡維度,0.0,女,遷入,其他鄉鎮,3
110,11,24,金山區,,,,無年齡維度,0.0,男,遷入,其他鄉鎮,3
110,11,24,金山區,,,,無年齡維度,0.0,女,遷入,合計,12
110,11,24,金山區,,,,無年齡維度,0.0,男,遷入,合計,11
110,11,24,金山區,,,,無年齡維度,0.0,女,遷入,國外,0
110,11,24,金山區,,,,無年齡維度,0.0,男,遷入,國外,0
110,11,24,金山區,,,,無年齡維度,0.0,女,遷入,新北市內,0
110,11,24,金山區,,,,無年齡維度,0.0,男,遷入,新北市內,0
110,11,24,金山區,,,,無年齡維度,0.0,女,遷入,桃園市,2
110,11,24,金山區,,,,無年齡維度,0.0,男,遷入,桃園市,1
110,11,24,金山區,,,,無年齡維度,0.0,女,遷入,福建省,0
110,11,24,金山區,,,,無年齡維度,0.0,男,遷入,福建省,0
110,11,24,金山區,,,,無年齡維度,0.0,女,遷入,臺中市,0
110,11,24,金山區,,,,無年齡維度,0.0,男,遷入,臺中市,0
110,11,24,金山區,,,,無年齡維度,0.0,女,遷入,臺北市,6
110,11,24,金山區,,,,無年齡維度,0.0,男,遷入,臺北市,5
110,11,24,金山區,,,,無年齡維度,0.0,女,遷入,臺南市,0
110,11,24,金山區,,,,無年齡維度,0.0,男,遷入,臺南市,1
110,11,24,金山區,,,,無年齡維度,0.0,女,遷入,臺灣省,1
110,11,24,金山區,,,,無年齡維度,0.0,男,遷入,臺灣省,1
110,11,24,金山區,,,,無年齡維度,0.0,女,遷入,高雄市,0
110,11,24,金山區,,,,無年齡維度,0.0,男,遷入,高雄市,0
110,11,24,金山區,,,,無年齡維度,0.0,女,遷出,migrants,0
110,11,24,金山區,,,,無年齡維度,0.0,男,遷出,migrants,3
110,11,24,金山區,,,,無年齡維度,0.0,女,遷出,other,0
110,11,24,金山區,,,,無年齡維度,0.0,男,遷出,other,0
110,11,24,金山區,,,,無年齡維度,0.0,女,遷出,其他縣市,0
110,11,24,金山區,,,,無年齡維度,0.0,男,遷出,其他縣市,0
110,11,24,金山區,,,,無年齡維度,0.0,女,遷出,其他鄉鎮,3
110,11,24,金山區,,,,無年齡維度,0.0,男,遷出,其他鄉鎮,6
110,11,24,金山區,,,,無年齡維度,0.0,女,遷出,合計,7
110,11,24,金山區,,,,無年齡維度,0.0,男,遷出,合計,13
110,11,24,金山區,,,,無年齡維度,0.0,女,遷出,國外,1
110,11,24,金山區,,,,無年齡維度,0.0,男,遷出,國外,3
110,11,24,金山區,,,,無年齡維度,0.0,女,遷出,新北市內,0
110,11,24,金山區,,,,無年齡維度,0.0,男,遷出,新北市內,0
110,11,24,金山區,,,,無年齡維度,0.0,女,遷出,桃園市,1
110,11,24,金山區,,,,無年齡維度,0.0,男,遷出,桃園市,2
110,11,24,金山區,,,,無年齡維度,0.0,女,遷出,福建省,0
110,11,24,金山區,,,,無年齡維度,0.0,男,遷出,福建省,0
110,11,24,金山區,,,,無年齡維度,0.0,女,遷出,臺中市,0
110,11,24,金山區,,,,無年齡維度,0.0,男,遷出,臺中市,0
110,11,24,金山區,,,,無年齡維度,0.0,女,遷出,臺北市,1
110,11,24,金山區,,,,無年齡維度,0.0,男,遷出,臺北市,2
110,11,24,金山區,,,,無年齡維度,0.0,女,遷出,臺南市,1
110,11,24,金山區,,,,無年齡維度,0.0,男,遷出,臺南市,0
110,11,24,金山區,,,,無年齡維度,0.0,女,遷出,臺灣省,0
110,11,24,金山區,,,,無年齡維度,0.0,男,遷出,臺灣省,0
110,11,24,金山區,,,,無年齡維度,0.0,女,遷出,高雄市,0
110,11,24,金山區,,,,無年齡維度,0.0,男,遷出,高雄市,0
110,11,25,萬里區,,,,無年齡維度,0.0,女,遷入,migrants,4
110,11,25,萬里區,,,,無年齡維度,0.0,男,遷入,migrants,3
110,11,25,萬里區,,,,無年齡維度,0.0,女,遷入,other,0
110,11,25,萬里區,,,,無年齡維度,0.0,男,遷入,other,0
110,11,25,萬里區,,,,無年齡維度,0.0,女,遷入,其他縣市,0
110,11,25,萬里區,,,,無年齡維度,0.0,男,遷入,其他縣市,0
110,11,25,萬里區,,,,無年齡維度,0.0,女,遷入,其他鄉鎮,5
110,11,25,萬里區,,,,無年齡維度,0.0,男,遷入,其他鄉鎮,6
110,11,25,萬里區,,,,無年齡維度,0.0,女,遷入,合計,8
110,11,25,萬里區,,,,無年齡維度,0.0,男,遷入,合計,10
110,11,25,萬里區,,,,無年齡維度,0.0,女,遷入,國外,0
110,11,25,萬里區,,,,無年齡維度,0.0,男,遷入,國外,0
110,11,25,萬里區,,,,無年齡維度,0.0,女,遷入,新北市內,0
110,11,25,萬里區,,,,無年齡維度,0.0,男,遷入,新北市內,0
110,11,25,萬里區,,,,無年齡維度,0.0,女,遷入,桃園市,0
110,11,25,萬里區,,,,無年齡維度,0.0,男,遷入,桃園市,0
110,11,25,萬里區,,,,無年齡維度,0.0,女,遷入,福建省,0
110,11,25,萬里區,,,,無年齡維度,0.0,男,遷入,福建省,0
110,11,25,萬里區,,,,無年齡維度,0.0,女,遷入,臺中市,0
110,11,25,萬里區,,,,無年齡維度,0.0,男,遷入,臺中市,1
110,11,25,萬里區,,,,無年齡維度,0.0,女,遷入,臺北市,2
110,11,25,萬里區,,,,無年齡維度,0.0,男,遷入,臺北市,1
110,11,25,萬里區,,,,無年齡維度,0.0,女,遷入,臺南市,0
110,11,25,萬里區,,,,無年齡維度,0.0,男,遷入,臺南市,0
110,11,25,萬里區,,,,無年齡維度,0.0,女,遷入,臺灣省,1
110,11,25,萬里區,,,,無年齡維度,0.0,男,遷入,臺灣省,2
110,11,25,萬里區,,,,無年齡維度,0.0,女,遷入,高雄市,0
110,11,25,萬里區,,,,無年齡維度,0.0,男,遷入,高雄市,0
110,11,25,萬里區,,,,無年齡維度,0.0,女,遷出,migrants,4
110,11,25,萬里區,,,,無年齡維度,0.0,男,遷出,migrants,3
110,11,25,萬里區,,,,無年齡維度,0.0,女,遷出,other,0
110,11,25,萬里區,,,,無年齡維度,0.0,男,遷出,other,0
110,11,25,萬里區,,,,無年齡維度,0.0,女,遷出,其他縣市,0
110,11,25,萬里區,,,,無年齡維度,0.0,男,遷出,其他縣市,0
110,11,25,萬里區,,,,無年齡維度,0.0,女,遷出,其他鄉鎮,9
110,11,25,萬里區,,,,無年齡維度,0.0,男,遷出,其他鄉鎮,6
110,11,25,萬里區,,,,無年齡維度,0.0,女,遷出,合計,18
110,11,25,萬里區,,,,無年齡維度,0.0,男,遷出,合計,16
110,11,25,萬里區,,,,無年齡維度,0.0,女,遷出,國外,2
110,11,25,萬里區,,,,無年齡維度,0.0,男,遷出,國外,4
110,11,25,萬里區,,,,無年齡維度,0.0,女,遷出,新北市內,0
110,11,25,萬里區,,,,無年齡維度,0.0,男,遷出,新北市內,0
110,11,25,萬里區,,,,無年齡維度,0.0,女,遷出,桃園市,0
110,11,25,萬里區,,,,無年齡維度,0.0,男,遷出,桃園市,2
110,11,25,萬里區,,,,無年齡維度,0.0,女,遷出,福建省,0
110,11,25,萬里區,,,,無年齡維度,0.0,男,遷出,福建省,0
110,11,25,萬里區,,,,無年齡維度,0.0,女,遷出,臺中市,2
110,11,25,萬里區,,,,無年齡維度,0.0,男,遷出,臺中市,2
110,11,25,萬里區,,,,無年齡維度,0.0,女,遷出,臺北市,0
110,11,25,萬里區,,,,無年齡維度,0.0,男,遷出,臺北市,0
110,11,25,萬里區,,,,無年齡維度,0.0,女,遷出,臺南市,5
110,11,25,萬里區,,,,無年齡維度,0.0,男,遷出,臺南市,1
110,11,25,萬里區,,,,無年齡維度,0.0,女,遷出,臺灣省,0
110,11,25,萬里區,,,,無年齡維度,0.0,男,遷出,臺灣省,1
110,11,25,萬里區,,,,無年齡維度,0.0,女,遷出,高雄市,0
110,11,25,萬里區,,,,無年齡維度,0.0,男,遷出,高雄市,0
110,11,26,平溪區,,,,無年齡維度,0.0,女,遷入,migrants,11
110,11,26,平溪區,,,,無年齡維度,0.0,男,遷入,migrants,10
110,11,26,平溪區,,,,無年齡維度,0.0,女,遷入,other,0
110,11,26,平溪區,,,,無年齡維度,0.0,男,遷入,other,0
110,11,26,平溪區,,,,無年齡維度,0.0,女,遷入,其他縣市,0
110,11,26,平溪區,,,,無年齡維度,0.0,男,遷入,其他縣市,0
110,11,26,平溪區,,,,無年齡維度,0.0,女,遷入,其他鄉鎮,7
110,11,26,平溪區,,,,無年齡維度,0.0,男,遷入,其他鄉鎮,11
110,11,26,平溪區,,,,無年齡維度,0.0,女,遷入,合計,13
110,11,26,平溪區,,,,無年齡維度,0.0,男,遷入,合計,12
110,11,26,平溪區,,,,無年齡維度,0.0,女,遷入,國外,1
110,11,26,平溪區,,,,無年齡維度,0.0,男,遷入,國外,1
110,11,26,平溪區,,,,無年齡維度,0.0,女,遷入,新北市內,0
110,11,26,平溪區,,,,無年齡維度,0.0,男,遷入,新北市內,0
110,11,26,平溪區,,,,無年齡維度,0.0,女,遷入,桃園市,1
110,11,26,平溪區,,,,無年齡維度,0.0,男,遷入,桃園市,0
110,11,26,平溪區,,,,無年齡維度,0.0,女,遷入,福建省,0
110,11,26,平溪區,,,,無年齡維度,0.0,男,遷入,福建省,0
110,11,26,平溪區,,,,無年齡維度,0.0,女,遷入,臺中市,0
110,11,26,平溪區,,,,無年齡維度,0.0,男,遷入,臺中市,0
110,11,26,平溪區,,,,無年齡維度,0.0,女,遷入,臺北市,1
110,11,26,平溪區,,,,無年齡維度,0.0,男,遷入,臺北市,0
110,11,26,平溪區,,,,無年齡維度,0.0,女,遷入,臺南市,0
110,11,26,平溪區,,,,無年齡維度,0.0,男,遷入,臺南市,0
110,11,26,平溪區,,,,無年齡維度,0.0,女,遷入,臺灣省,3
110,11,26,平溪區,,,,無年齡維度,0.0,男,遷入,臺灣省,0
110,11,26,平溪區,,,,無年齡維度,0.0,女,遷入,高雄市,0
110,11,26,平溪區,,,,無年齡維度,0.0,男,遷入,高雄市,0
110,11,26,平溪區,,,,無年齡維度,0.0,女,遷出,migrants,11
110,11,26,平溪區,,,,無年齡維度,0.0,男,遷出,migrants,10
110,11,26,平溪區,,,,無年齡維度,0.0,女,遷出,other,0
110,11,26,平溪區,,,,無年齡維度,0.0,男,遷出,other,0
110,11,26,平溪區,,,,無年齡維度,0.0,女,遷出,其他縣市,0
110,11,26,平溪區,,,,無年齡維度,0.0,男,遷出,其他縣市,0
110,11,26,平溪區,,,,無年齡維度,0.0,女,遷出,其他鄉鎮,2
110,11,26,平溪區,,,,無年齡維度,0.0,男,遷出,其他鄉鎮,7
110,11,26,平溪區,,,,無年齡維度,0.0,女,遷出,合計,14
110,11,26,平溪區,,,,無年齡維度,0.0,男,遷出,合計,18
110,11,26,平溪區,,,,無年齡維度,0.0,女,遷出,國外,1
110,11,26,平溪區,,,,無年齡維度,0.0,男,遷出,國外,4
110,11,26,平溪區,,,,無年齡維度,0.0,女,遷出,新北市內,0
110,11,26,平溪區,,,,無年齡維度,0.0,男,遷出,新北市內,0
110,11,26,平溪區,,,,無年齡維度,0.0,女,遷出,桃園市,4
110,11,26,平溪區,,,,無年齡維度,0.0,男,遷出,桃園市,1
110,11,26,平溪區,,,,無年齡維度,0.0,女,遷出,福建省,0
110,11,26,平溪區,,,,無年齡維度,0.0,男,遷出,福建省,0
110,11,26,平溪區,,,,無年齡維度,0.0,女,遷出,臺中市,0
110,11,26,平溪區,,,,無年齡維度,0.0,男,遷出,臺中市,1
110,11,26,平溪區,,,,無年齡維度,0.0,女,遷出,臺北市,0
110,11,26,平溪區,,,,無年齡維度,0.0,男,遷出,臺北市,0
110,11,26,平溪區,,,,無年齡維度,0.0,女,遷出,臺南市,0
110,11,26,平溪區,,,,無年齡維度,0.0,男,遷出,臺南市,0
110,11,26,平溪區,,,,無年齡維度,0.0,女,遷出,臺灣省,6
110,11,26,平溪區,,,,無年齡維度,0.0,男,遷出,臺灣省,5
110,11,26,平溪區,,,,無年齡維度,0.0,女,遷出,高雄市,1
110,11,26,平溪區,,,,無年齡維度,0.0,男,遷出,高雄市,0
110,11,27,雙溪區,,,,無年齡維度,0.0,女,遷入,migrants,7
110,11,27,雙溪區,,,,無年齡維度,0.0,男,遷入,migrants,12
110,11,27,雙溪區,,,,無年齡維度,0.0,女,遷入,other,0
110,11,27,雙溪區,,,,無年齡維度,0.0,男,遷入,other,0
110,11,27,雙溪區,,,,無年齡維度,0.0,女,遷入,其他縣市,0
110,11,27,雙溪區,,,,無年齡維度,0.0,男,遷入,其他縣市,0
110,11,27,雙溪區,,,,無年齡維度,0.0,女,遷入,其他鄉鎮,9
110,11,27,雙溪區,,,,無年齡維度,0.0,男,遷入,其他鄉鎮,5
110,11,27,雙溪區,,,,無年齡維度,0.0,女,遷入,合計,13
110,11,27,雙溪區,,,,無年齡維度,0.0,男,遷入,合計,14
110,11,27,雙溪區,,,,無年齡維度,0.0,女,遷入,國外,1
110,11,27,雙溪區,,,,無年齡維度,0.0,男,遷入,國外,0
110,11,27,雙溪區,,,,無年齡維度,0.0,女,遷入,新北市內,0
110,11,27,雙溪區,,,,無年齡維度,0.0,男,遷入,新北市內,0
110,11,27,雙溪區,,,,無年齡維度,0.0,女,遷入,桃園市,1
110,11,27,雙溪區,,,,無年齡維度,0.0,男,遷入,桃園市,2
110,11,27,雙溪區,,,,無年齡維度,0.0,女,遷入,福建省,0
110,11,27,雙溪區,,,,無年齡維度,0.0,男,遷入,福建省,0
110,11,27,雙溪區,,,,無年齡維度,0.0,女,遷入,臺中市,0
110,11,27,雙溪區,,,,無年齡維度,0.0,男,遷入,臺中市,1
110,11,27,雙溪區,,,,無年齡維度,0.0,女,遷入,臺北市,0
110,11,27,雙溪區,,,,無年齡維度,0.0,男,遷入,臺北市,1
110,11,27,雙溪區,,,,無年齡維度,0.0,女,遷入,臺南市,1
110,11,27,雙溪區,,,,無年齡維度,0.0,男,遷入,臺南市,1
110,11,27,雙溪區,,,,無年齡維度,0.0,女,遷入,臺灣省,1
110,11,27,雙溪區,,,,無年齡維度,0.0,男,遷入,臺灣省,4
110,11,27,雙溪區,,,,無年齡維度,0.0,女,遷入,高雄市,0
110,11,27,雙溪區,,,,無年齡維度,0.0,男,遷入,高雄市,0
110,11,27,雙溪區,,,,無年齡維度,0.0,女,遷出,migrants,7
110,11,27,雙溪區,,,,無年齡維度,0.0,男,遷出,migrants,12
110,11,27,雙溪區,,,,無年齡維度,0.0,女,遷出,other,0
110,11,27,雙溪區,,,,無年齡維度,0.0,男,遷出,other,0
110,11,27,雙溪區,,,,無年齡維度,0.0,女,遷出,其他縣市,0
110,11,27,雙溪區,,,,無年齡維度,0.0,男,遷出,其他縣市,0
110,11,27,雙溪區,,,,無年齡維度,0.0,女,遷出,其他鄉鎮,7
110,11,27,雙溪區,,,,無年齡維度,0.0,男,遷出,其他鄉鎮,4
110,11,27,雙溪區,,,,無年齡維度,0.0,女,遷出,合計,28
110,11,27,雙溪區,,,,無年齡維度,0.0,男,遷出,合計,9
110,11,27,雙溪區,,,,無年齡維度,0.0,女,遷出,國外,7
110,11,27,雙溪區,,,,無年齡維度,0.0,男,遷出,國外,3
110,11,27,雙溪區,,,,無年齡維度,0.0,女,遷出,新北市內,0
110,11,27,雙溪區,,,,無年齡維度,0.0,男,遷出,新北市內,0
110,11,27,雙溪區,,,,無年齡維度,0.0,女,遷出,桃園市,1
110,11,27,雙溪區,,,,無年齡維度,0.0,男,遷出,桃園市,0
110,11,27,雙溪區,,,,無年齡維度,0.0,女,遷出,福建省,0
110,11,27,雙溪區,,,,無年齡維度,0.0,男,遷出,福建省,0
110,11,27,雙溪區,,,,無年齡維度,0.0,女,遷出,臺中市,2
110,11,27,雙溪區,,,,無年齡維度,0.0,男,遷出,臺中市,0
110,11,27,雙溪區,,,,無年齡維度,0.0,女,遷出,臺北市,6
110,11,27,雙溪區,,,,無年齡維度,0.0,男,遷出,臺北市,0
110,11,27,雙溪區,,,,無年齡維度,0.0,女,遷出,臺南市,0
110,11,27,雙溪區,,,,無年齡維度,0.0,男,遷出,臺南市,0
110,11,27,雙溪區,,,,無年齡維度,0.0,女,遷出,臺灣省,5
110,11,27,雙溪區,,,,無年齡維度,0.0,男,遷出,臺灣省,2
110,11,27,雙溪區,,,,無年齡維度,0.0,女,遷出,高雄市,0
110,11,27,雙溪區,,,,無年齡維度,0.0,男,遷出,高雄市,0
110,11,28,貢寮區,,,,無年齡維度,0.0,女,遷入,migrants,7
110,11,28,貢寮區,,,,無年齡維度,0.0,男,遷入,migrants,11
110,11,28,貢寮區,,,,無年齡維度,0.0,女,遷入,other,0
110,11,28,貢寮區,,,,無年齡維度,0.0,男,遷入,other,0
110,11,28,貢寮區,,,,無年齡維度,0.0,女,遷入,其他縣市,0
110,11,28,貢寮區,,,,無年齡維度,0.0,男,遷入,其他縣市,0
110,11,28,貢寮區,,,,無年齡維度,0.0,女,遷入,其他鄉鎮,5
110,11,28,貢寮區,,,,無年齡維度,0.0,男,遷入,其他鄉鎮,13
110,11,28,貢寮區,,,,無年齡維度,0.0,女,遷入,合計,16
110,11,28,貢寮區,,,,無年齡維度,0.0,男,遷入,合計,22
110,11,28,貢寮區,,,,無年齡維度,0.0,女,遷入,國外,1
110,11,28,貢寮區,,,,無年齡維度,0.0,男,遷入,國外,1
110,11,28,貢寮區,,,,無年齡維度,0.0,女,遷入,新北市內,0
110,11,28,貢寮區,,,,無年齡維度,0.0,男,遷入,新北市內,0
110,11,28,貢寮區,,,,無年齡維度,0.0,女,遷入,桃園市,2
110,11,28,貢寮區,,,,無年齡維度,0.0,男,遷入,桃園市,1
110,11,28,貢寮區,,,,無年齡維度,0.0,女,遷入,福建省,0
110,11,28,貢寮區,,,,無年齡維度,0.0,男,遷入,福建省,0
110,11,28,貢寮區,,,,無年齡維度,0.0,女,遷入,臺中市,0
110,11,28,貢寮區,,,,無年齡維度,0.0,男,遷入,臺中市,0
110,11,28,貢寮區,,,,無年齡維度,0.0,女,遷入,臺北市,0
110,11,28,貢寮區,,,,無年齡維度,0.0,男,遷入,臺北市,2
110,11,28,貢寮區,,,,無年齡維度,0.0,女,遷入,臺南市,0
110,11,28,貢寮區,,,,無年齡維度,0.0,男,遷入,臺南市,0
110,11,28,貢寮區,,,,無年齡維度,0.0,女,遷入,臺灣省,6
110,11,28,貢寮區,,,,無年齡維度,0.0,男,遷入,臺灣省,5
110,11,28,貢寮區,,,,無年齡維度,0.0,女,遷入,高雄市,1
110,11,28,貢寮區,,,,無年齡維度,0.0,男,遷入,高雄市,0
110,11,28,貢寮區,,,,無年齡維度,0.0,女,遷出,migrants,7
110,11,28,貢寮區,,,,無年齡維度,0.0,男,遷出,migrants,11
110,11,28,貢寮區,,,,無年齡維度,0.0,女,遷出,other,0
110,11,28,貢寮區,,,,無年齡維度,0.0,男,遷出,other,0
110,11,28,貢寮區,,,,無年齡維度,0.0,女,遷出,其他縣市,0
110,11,28,貢寮區,,,,無年齡維度,0.0,男,遷出,其他縣市,0
110,11,28,貢寮區,,,,無年齡維度,0.0,女,遷出,其他鄉鎮,7
110,11,28,貢寮區,,,,無年齡維度,0.0,男,遷出,其他鄉鎮,6
110,11,28,貢寮區,,,,無年齡維度,0.0,女,遷出,合計,32
110,11,28,貢寮區,,,,無年齡維度,0.0,男,遷出,合計,38
110,11,28,貢寮區,,,,無年齡維度,0.0,女,遷出,國外,9
110,11,28,貢寮區,,,,無年齡維度,0.0,男,遷出,國外,12
110,11,28,貢寮區,,,,無年齡維度,0.0,女,遷出,新北市內,0
110,11,28,貢寮區,,,,無年齡維度,0.0,男,遷出,新北市內,0
110,11,28,貢寮區,,,,無年齡維度,0.0,女,遷出,桃園市,4
110,11,28,貢寮區,,,,無年齡維度,0.0,男,遷出,桃園市,2
110,11,28,貢寮區,,,,無年齡維度,0.0,女,遷出,福建省,0
110,11,28,貢寮區,,,,無年齡維度,0.0,男,遷出,福建省,0
110,11,28,貢寮區,,,,無年齡維度,0.0,女,遷出,臺中市,1
110,11,28,貢寮區,,,,無年齡維度,0.0,男,遷出,臺中市,0
110,11,28,貢寮區,,,,無年齡維度,0.0,女,遷出,臺北市,8
110,11,28,貢寮區,,,,無年齡維度,0.0,男,遷出,臺北市,5
110,11,28,貢寮區,,,,無年齡維度,0.0,女,遷出,臺南市,0
110,11,28,貢寮區,,,,無年齡維度,0.0,男,遷出,臺南市,0
110,11,28,貢寮區,,,,無年齡維度,0.0,女,遷出,臺灣省,3
110,11,28,貢寮區,,,,無年齡維度,0.0,男,遷出,臺灣省,13
110,11,28,貢寮區,,,,無年齡維度,0.0,女,遷出,高雄市,0
110,11,28,貢寮區,,,,無年齡維度,0.0,男,遷出,高雄市,0
110,11,29,烏來區,,,,無年齡維度,0.0,女,遷入,migrants,9
110,11,29,烏來區,,,,無年齡維度,0.0,男,遷入,migrants,10
110,11,29,烏來區,,,,無年齡維度,0.0,女,遷入,other,0
110,11,29,烏來區,,,,無年齡維度,0.0,男,遷入,other,0
110,11,29,烏來區,,,,無年齡維度,0.0,女,遷入,其他縣市,0
110,11,29,烏來區,,,,無年齡維度,0.0,男,遷入,其他縣市,0
110,11,29,烏來區,,,,無年齡維度,0.0,女,遷入,其他鄉鎮,2
110,11,29,烏來區,,,,無年齡維度,0.0,男,遷入,其他鄉鎮,4
110,11,29,烏來區,,,,無年齡維度,0.0,女,遷入,合計,6
110,11,29,烏來區,,,,無年齡維度,0.0,男,遷入,合計,8
110,11,29,烏來區,,,,無年齡維度,0.0,女,遷入,國外,0
110,11,29,烏來區,,,,無年齡維度,0.0,男,遷入,國外,0
110,11,29,烏來區,,,,無年齡維度,0.0,女,遷入,新北市內,0
110,11,29,烏來區,,,,無年齡維度,0.0,男,遷入,新北市內,0
110,11,29,烏來區,,,,無年齡維度,0.0,女,遷入,桃園市,0
110,11,29,烏來區,,,,無年齡維度,0.0,男,遷入,桃園市,0
110,11,29,烏來區,,,,無年齡維度,0.0,女,遷入,福建省,0
110,11,29,烏來區,,,,無年齡維度,0.0,男,遷入,福建省,0
110,11,29,烏來區,,,,無年齡維度,0.0,女,遷入,臺中市,0
110,11,29,烏來區,,,,無年齡維度,0.0,男,遷入,臺中市,0
110,11,29,烏來區,,,,無年齡維度,0.0,女,遷入,臺北市,2
110,11,29,烏來區,,,,無年齡維度,0.0,男,遷入,臺北市,1
110,11,29,烏來區,,,,無年齡維度,0.0,女,遷入,臺南市,0
110,11,29,烏來區,,,,無年齡維度,0.0,男,遷入,臺南市,0
110,11,29,烏來區,,,,無年齡維度,0.0,女,遷入,臺灣省,2
110,11,29,烏來區,,,,無年齡維度,0.0,男,遷入,臺灣省,3
110,11,29,烏來區,,,,無年齡維度,0.0,女,遷入,高雄市,0
110,11,29,烏來區,,,,無年齡維度,0.0,男,遷入,高雄市,0
110,11,29,烏來區,,,,無年齡維度,0.0,女,遷出,migrants,9
110,11,29,烏來區,,,,無年齡維度,0.0,男,遷出,migrants,10
110,11,29,烏來區,,,,無年齡維度,0.0,女,遷出,other,0
110,11,29,烏來區,,,,無年齡維度,0.0,男,遷出,other,0
110,11,29,烏來區,,,,無年齡維度,0.0,女,遷出,其他縣市,0
110,11,29,烏來區,,,,無年齡維度,0.0,男,遷出,其他縣市,0
110,11,29,烏來區,,,,無年齡維度,0.0,女,遷出,其他鄉鎮,3
110,11,29,烏來區,,,,無年齡維度,0.0,男,遷出,其他鄉鎮,3
110,11,29,烏來區,,,,無年齡維度,0.0,女,遷出,合計,8
110,11,29,烏來區,,,,無年齡維度,0.0,男,遷出,合計,6
110,11,29,烏來區,,,,無年齡維度,0.0,女,遷出,國外,2
110,11,29,烏來區,,,,無年齡維度,0.0,男,遷出,國外,0
110,11,29,烏來區,,,,無年齡維度,0.0,女,遷出,新北市內,0
110,11,29,烏來區,,,,無年齡維度,0.0,男,遷出,新北市內,0
110,11,29,烏來區,,,,無年齡維度,0.0,女,遷出,桃園市,1
110,11,29,烏來區,,,,無年齡維度,0.0,男,遷出,桃園市,1
110,11,29,烏來區,,,,無年齡維度,0.0,女,遷出,福建省,0
110,11,29,烏來區,,,,無年齡維度,0.0,男,遷出,福建省,0
110,11,29,烏來區,,,,無年齡維度,0.0,女,遷出,臺中市,0
110,11,29,烏來區,,,,無年齡維度,0.0,男,遷出,臺中市,0
110,11,29,烏來區,,,,無年齡維度,0.0,女,遷出,臺北市,1
110,11,29,烏來區,,,,無年齡維度,0.0,男,遷出,臺北市,1
110,11,29,烏來區,,,,無年齡維度,0.0,女,遷出,臺南市,0
110,11,29,烏來區,,,,無年齡維度,0.0,男,遷出,臺南市,0
110,11,29,烏來區,,,,無年齡維度,0.0,女,遷出,臺灣省,1
110,11,29,烏來區,,,,無年齡維度,0.0,男,遷出,臺灣省,1
110,11,29,烏來區,,,,無年齡維度,0.0,女,遷出,高雄市,0
110,11,29,烏來區,,,,無年齡維度,0.0,男,遷出,高雄市,0
110,12,1,板橋區,,,,無年齡維度,0.0,女,遷入,migrants,840
110,12,1,板橋區,,,,無年齡維度,0.0,男,遷入,migrants,750
110,12,1,板橋區,,,,無年齡維度,0.0,女,遷入,other,0
110,12,1,板橋區,,,,無年齡維度,0.0,男,遷入,other,0
110,12,1,板橋區,,,,無年齡維度,0.0,女,遷入,其他縣市,0
110,12,1,板橋區,,,,無年齡維度,0.0,男,遷入,其他縣市,0
110,12,1,板橋區,,,,無年齡維度,0.0,女,遷入,其他鄉鎮,418
110,12,1,板橋區,,,,無年齡維度,0.0,男,遷入,其他鄉鎮,307
110,12,1,板橋區,,,,無年齡維度,0.0,女,遷入,合計,970
110,12,1,板橋區,,,,無年齡維度,0.0,男,遷入,合計,765
110,12,1,板橋區,,,,無年齡維度,0.0,女,遷入,國外,47
110,12,1,板橋區,,,,無年齡維度,0.0,男,遷入,國外,33
110,12,1,板橋區,,,,無年齡維度,0.0,女,遷入,新北市內,0
110,12,1,板橋區,,,,無年齡維度,0.0,男,遷入,新北市內,0
110,12,1,板橋區,,,,無年齡維度,0.0,女,遷入,桃園市,57
110,12,1,板橋區,,,,無年齡維度,0.0,男,遷入,桃園市,60
110,12,1,板橋區,,,,無年齡維度,0.0,女,遷入,福建省,1
110,12,1,板橋區,,,,無年齡維度,0.0,男,遷入,福建省,4
110,12,1,板橋區,,,,無年齡維度,0.0,女,遷入,臺中市,27
110,12,1,板橋區,,,,無年齡維度,0.0,男,遷入,臺中市,22
110,12,1,板橋區,,,,無年齡維度,0.0,女,遷入,臺北市,263
110,12,1,板橋區,,,,無年齡維度,0.0,男,遷入,臺北市,218
110,12,1,板橋區,,,,無年齡維度,0.0,女,遷入,臺南市,12
110,12,1,板橋區,,,,無年齡維度,0.0,男,遷入,臺南市,4
110,12,1,板橋區,,,,無年齡維度,0.0,女,遷入,臺灣省,103
110,12,1,板橋區,,,,無年齡維度,0.0,男,遷入,臺灣省,97
110,12,1,板橋區,,,,無年齡維度,0.0,女,遷入,高雄市,26
110,12,1,板橋區,,,,無年齡維度,0.0,男,遷入,高雄市,14
110,12,1,板橋區,,,,無年齡維度,0.0,女,遷出,migrants,840
110,12,1,板橋區,,,,無年齡維度,0.0,男,遷出,migrants,750
110,12,1,板橋區,,,,無年齡維度,0.0,女,遷出,other,0
110,12,1,板橋區,,,,無年齡維度,0.0,男,遷出,other,0
110,12,1,板橋區,,,,無年齡維度,0.0,女,遷出,其他縣市,0
110,12,1,板橋區,,,,無年齡維度,0.0,男,遷出,其他縣市,0
110,12,1,板橋區,,,,無年齡維度,0.0,女,遷出,其他鄉鎮,470
110,12,1,板橋區,,,,無年齡維度,0.0,男,遷出,其他鄉鎮,394
110,12,1,板橋區,,,,無年齡維度,0.0,女,遷出,合計,1276
110,12,1,板橋區,,,,無年齡維度,0.0,男,遷出,合計,1061
110,12,1,板橋區,,,,無年齡維度,0.0,女,遷出,國外,366
110,12,1,板橋區,,,,無年齡維度,0.0,男,遷出,國外,275
110,12,1,板橋區,,,,無年齡維度,0.0,女,遷出,新北市內,0
110,12,1,板橋區,,,,無年齡維度,0.0,男,遷出,新北市內,0
110,12,1,板橋區,,,,無年齡維度,0.0,女,遷出,桃園市,114
110,12,1,板橋區,,,,無年齡維度,0.0,男,遷出,桃園市,94
110,12,1,板橋區,,,,無年齡維度,0.0,女,遷出,福建省,9
110,12,1,板橋區,,,,無年齡維度,0.0,男,遷出,福建省,7
110,12,1,板橋區,,,,無年齡維度,0.0,女,遷出,臺中市,41
110,12,1,板橋區,,,,無年齡維度,0.0,男,遷出,臺中市,38
110,12,1,板橋區,,,,無年齡維度,0.0,女,遷出,臺北市,142
110,12,1,板橋區,,,,無年齡維度,0.0,男,遷出,臺北市,136
110,12,1,板橋區,,,,無年齡維度,0.0,女,遷出,臺南市,20
110,12,1,板橋區,,,,無年齡維度,0.0,男,遷出,臺南市,8
110,12,1,板橋區,,,,無年齡維度,0.0,女,遷出,臺灣省,94
110,12,1,板橋區,,,,無年齡維度,0.0,男,遷出,臺灣省,97
110,12,1,板橋區,,,,無年齡維度,0.0,女,遷出,高雄市,18
110,12,1,板橋區,,,,無年齡維度,0.0,男,遷出,高雄市,11
110,12,2,三重區,,,,無年齡維度,0.0,女,遷入,migrants,502
110,12,2,三重區,,,,無年齡維度,0.0,男,遷入,migrants,434
110,12,2,三重區,,,,無年齡維度,0.0,女,遷入,other,0
110,12,2,三重區,,,,無年齡維度,0.0,男,遷入,other,0
110,12,2,三重區,,,,無年齡維度,0.0,女,遷入,其他縣市,0
110,12,2,三重區,,,,無年齡維度,0.0,男,遷入,其他縣市,0
110,12,2,三重區,,,,無年齡維度,0.0,女,遷入,其他鄉鎮,251
110,12,2,三重區,,,,無年齡維度,0.0,男,遷入,其他鄉鎮,219
110,12,2,三重區,,,,無年齡維度,0.0,女,遷入,合計,717
110,12,2,三重區,,,,無年齡維度,0.0,男,遷入,合計,631
110,12,2,三重區,,,,無年齡維度,0.0,女,遷入,國外,24
110,12,2,三重區,,,,無年齡維度,0.0,男,遷入,國外,21
110,12,2,三重區,,,,無年齡維度,0.0,女,遷入,新北市內,0
110,12,2,三重區,,,,無年齡維度,0.0,男,遷入,新北市內,0
110,12,2,三重區,,,,無年齡維度,0.0,女,遷入,桃園市,28
110,12,2,三重區,,,,無年齡維度,0.0,男,遷入,桃園市,24
110,12,2,三重區,,,,無年齡維度,0.0,女,遷入,福建省,2
110,12,2,三重區,,,,無年齡維度,0.0,男,遷入,福建省,1
110,12,2,三重區,,,,無年齡維度,0.0,女,遷入,臺中市,18
110,12,2,三重區,,,,無年齡維度,0.0,男,遷入,臺中市,19
110,12,2,三重區,,,,無年齡維度,0.0,女,遷入,臺北市,305
110,12,2,三重區,,,,無年齡維度,0.0,男,遷入,臺北市,244
110,12,2,三重區,,,,無年齡維度,0.0,女,遷入,臺南市,10
110,12,2,三重區,,,,無年齡維度,0.0,男,遷入,臺南市,11
110,12,2,三重區,,,,無年齡維度,0.0,女,遷入,臺灣省,60
110,12,2,三重區,,,,無年齡維度,0.0,男,遷入,臺灣省,65
110,12,2,三重區,,,,無年齡維度,0.0,女,遷入,高雄市,11
110,12,2,三重區,,,,無年齡維度,0.0,男,遷入,高雄市,16
110,12,2,三重區,,,,無年齡維度,0.0,女,遷出,migrants,502
110,12,2,三重區,,,,無年齡維度,0.0,男,遷出,migrants,434
110,12,2,三重區,,,,無年齡維度,0.0,女,遷出,other,0
110,12,2,三重區,,,,無年齡維度,0.0,男,遷出,other,0
110,12,2,三重區,,,,無年齡維度,0.0,女,遷出,其他縣市,0
110,12,2,三重區,,,,無年齡維度,0.0,男,遷出,其他縣市,0
110,12,2,三重區,,,,無年齡維度,0.0,女,遷出,其他鄉鎮,275
110,12,2,三重區,,,,無年齡維度,0.0,男,遷出,其他鄉鎮,198
110,12,2,三重區,,,,無年齡維度,0.0,女,遷出,合計,879
110,12,2,三重區,,,,無年齡維度,0.0,男,遷出,合計,649
110,12,2,三重區,,,,無年齡維度,0.0,女,遷出,國外,196
110,12,2,三重區,,,,無年齡維度,0.0,男,遷出,國外,143
110,12,2,三重區,,,,無年齡維度,0.0,女,遷出,新北市內,0
110,12,2,三重區,,,,無年齡維度,0.0,男,遷出,新北市內,0
110,12,2,三重區,,,,無年齡維度,0.0,女,遷出,桃園市,64
110,12,2,三重區,,,,無年齡維度,0.0,男,遷出,桃園市,43
110,12,2,三重區,,,,無年齡維度,0.0,女,遷出,福建省,8
110,12,2,三重區,,,,無年齡維度,0.0,男,遷出,福建省,4
110,12,2,三重區,,,,無年齡維度,0.0,女,遷出,臺中市,21
110,12,2,三重區,,,,無年齡維度,0.0,男,遷出,臺中市,17
110,12,2,三重區,,,,無年齡維度,0.0,女,遷出,臺北市,196
110,12,2,三重區,,,,無年齡維度,0.0,男,遷出,臺北市,152
110,12,2,三重區,,,,無年齡維度,0.0,女,遷出,臺南市,8
110,12,2,三重區,,,,無年齡維度,0.0,男,遷出,臺南市,6
110,12,2,三重區,,,,無年齡維度,0.0,女,遷出,臺灣省,91
110,12,2,三重區,,,,無年齡維度,0.0,男,遷出,臺灣省,78
110,12,2,三重區,,,,無年齡維度,0.0,女,遷出,高雄市,19
110,12,2,三重區,,,,無年齡維度,0.0,男,遷出,高雄市,8
110,12,3,中和區,,,,無年齡維度,0.0,女,遷入,migrants,412
110,12,3,中和區,,,,無年齡維度,0.0,男,遷入,migrants,373
110,12,3,中和區,,,,無年齡維度,0.0,女,遷入,other,0
110,12,3,中和區,,,,無年齡維度,0.0,男,遷入,other,0
110,12,3,中和區,,,,無年齡維度,0.0,女,遷入,其他縣市,0
110,12,3,中和區,,,,無年齡維度,0.0,男,遷入,其他縣市,0
110,12,3,中和區,,,,無年齡維度,0.0,女,遷入,其他鄉鎮,466
110,12,3,中和區,,,,無年齡維度,0.0,男,遷入,其他鄉鎮,366
110,12,3,中和區,,,,無年齡維度,0.0,女,遷入,合計,877
110,12,3,中和區,,,,無年齡維度,0.0,男,遷入,合計,724
110,12,3,中和區,,,,無年齡維度,0.0,女,遷入,國外,42
110,12,3,中和區,,,,無年齡維度,0.0,男,遷入,國外,31
110,12,3,中和區,,,,無年齡維度,0.0,女,遷入,新北市內,0
110,12,3,中和區,,,,無年齡維度,0.0,男,遷入,新北市內,0
110,12,3,中和區,,,,無年齡維度,0.0,女,遷入,桃園市,49
110,12,3,中和區,,,,無年齡維度,0.0,男,遷入,桃園市,53
110,12,3,中和區,,,,無年齡維度,0.0,女,遷入,福建省,9
110,12,3,中和區,,,,無年齡維度,0.0,男,遷入,福建省,2
110,12,3,中和區,,,,無年齡維度,0.0,女,遷入,臺中市,22
110,12,3,中和區,,,,無年齡維度,0.0,男,遷入,臺中市,12
110,12,3,中和區,,,,無年齡維度,0.0,女,遷入,臺北市,171
110,12,3,中和區,,,,無年齡維度,0.0,男,遷入,臺北市,174
110,12,3,中和區,,,,無年齡維度,0.0,女,遷入,臺南市,10
110,12,3,中和區,,,,無年齡維度,0.0,男,遷入,臺南市,10
110,12,3,中和區,,,,無年齡維度,0.0,女,遷入,臺灣省,73
110,12,3,中和區,,,,無年齡維度,0.0,男,遷入,臺灣省,58
110,12,3,中和區,,,,無年齡維度,0.0,女,遷入,高雄市,20
110,12,3,中和區,,,,無年齡維度,0.0,男,遷入,高雄市,12
110,12,3,中和區,,,,無年齡維度,0.0,女,遷出,migrants,412
110,12,3,中和區,,,,無年齡維度,0.0,男,遷出,migrants,373
110,12,3,中和區,,,,無年齡維度,0.0,女,遷出,other,0
110,12,3,中和區,,,,無年齡維度,0.0,男,遷出,other,0
110,12,3,中和區,,,,無年齡維度,0.0,女,遷出,其他縣市,0
110,12,3,中和區,,,,無年齡維度,0.0,男,遷出,其他縣市,0
110,12,3,中和區,,,,無年齡維度,0.0,女,遷出,其他鄉鎮,474
110,12,3,中和區,,,,無年齡維度,0.0,男,遷出,其他鄉鎮,365
110,12,3,中和區,,,,無年齡維度,0.0,女,遷出,合計,1161
110,12,3,中和區,,,,無年齡維度,0.0,男,遷出,合計,976
110,12,3,中和區,,,,無年齡維度,0.0,女,遷出,國外,357
110,12,3,中和區,,,,無年齡維度,0.0,男,遷出,國外,309
110,12,3,中和區,,,,無年齡維度,0.0,女,遷出,新北市內,0
110,12,3,中和區,,,,無年齡維度,0.0,男,遷出,新北市內,0
110,12,3,中和區,,,,無年齡維度,0.0,女,遷出,桃園市,72
110,12,3,中和區,,,,無年齡維度,0.0,男,遷出,桃園市,57
110,12,3,中和區,,,,無年齡維度,0.0,女,遷出,福建省,22
110,12,3,中和區,,,,無年齡維度,0.0,男,遷出,福建省,15
110,12,3,中和區,,,,無年齡維度,0.0,女,遷出,臺中市,5
110,12,3,中和區,,,,無年齡維度,0.0,男,遷出,臺中市,16
110,12,3,中和區,,,,無年齡維度,0.0,女,遷出,臺北市,134
110,12,3,中和區,,,,無年齡維度,0.0,男,遷出,臺北市,128
110,12,3,中和區,,,,無年齡維度,0.0,女,遷出,臺南市,14
110,12,3,中和區,,,,無年齡維度,0.0,男,遷出,臺南市,19
110,12,3,中和區,,,,無年齡維度,0.0,女,遷出,臺灣省,72
110,12,3,中和區,,,,無年齡維度,0.0,男,遷出,臺灣省,58
110,12,3,中和區,,,,無年齡維度,0.0,女,遷出,高雄市,9
110,12,3,中和區,,,,無年齡維度,0.0,男,遷出,高雄市,9
110,12,4,永和區,,,,無年齡維度,0.0,女,遷入,migrants,217
110,12,4,永和區,,,,無年齡維度,0.0,男,遷入,migrants,184
110,12,4,永和區,,,,無年齡維度,0.0,女,遷入,other,0
110,12,4,永和區,,,,無年齡維度,0.0,男,遷入,other,0
110,12,4,永和區,,,,無年齡維度,0.0,女,遷入,其他縣市,0
110,12,4,永和區,,,,無年齡維度,0.0,男,遷入,其他縣市,0
110,12,4,永和區,,,,無年齡維度,0.0,女,遷入,其他鄉鎮,236
110,12,4,永和區,,,,無年齡維度,0.0,男,遷入,其他鄉鎮,147
110,12,4,永和區,,,,無年齡維度,0.0,女,遷入,合計,473
110,12,4,永和區,,,,無年齡維度,0.0,男,遷入,合計,349
110,12,4,永和區,,,,無年齡維度,0.0,女,遷入,國外,23
110,12,4,永和區,,,,無年齡維度,0.0,男,遷入,國外,20
110,12,4,永和區,,,,無年齡維度,0.0,女,遷入,新北市內,0
110,12,4,永和區,,,,無年齡維度,0.0,男,遷入,新北市內,0
110,12,4,永和區,,,,無年齡維度,0.0,女,遷入,桃園市,17
110,12,4,永和區,,,,無年齡維度,0.0,男,遷入,桃園市,18
110,12,4,永和區,,,,無年齡維度,0.0,女,遷入,福建省,3
110,12,4,永和區,,,,無年齡維度,0.0,男,遷入,福建省,2
110,12,4,永和區,,,,無年齡維度,0.0,女,遷入,臺中市,9
110,12,4,永和區,,,,無年齡維度,0.0,男,遷入,臺中市,6
110,12,4,永和區,,,,無年齡維度,0.0,女,遷入,臺北市,122
110,12,4,永和區,,,,無年齡維度,0.0,男,遷入,臺北市,116
110,12,4,永和區,,,,無年齡維度,0.0,女,遷入,臺南市,7
110,12,4,永和區,,,,無年齡維度,0.0,男,遷入,臺南市,3
110,12,4,永和區,,,,無年齡維度,0.0,女,遷入,臺灣省,45
110,12,4,永和區,,,,無年齡維度,0.0,男,遷入,臺灣省,29
110,12,4,永和區,,,,無年齡維度,0.0,女,遷入,高雄市,6
110,12,4,永和區,,,,無年齡維度,0.0,男,遷入,高雄市,6
110,12,4,永和區,,,,無年齡維度,0.0,女,遷出,migrants,217
110,12,4,永和區,,,,無年齡維度,0.0,男,遷出,migrants,184
110,12,4,永和區,,,,無年齡維度,0.0,女,遷出,other,0
110,12,4,永和區,,,,無年齡維度,0.0,男,遷出,other,0
110,12,4,永和區,,,,無年齡維度,0.0,女,遷出,其他縣市,0
110,12,4,永和區,,,,無年齡維度,0.0,男,遷出,其他縣市,0
110,12,4,永和區,,,,無年齡維度,0.0,女,遷出,其他鄉鎮,309
110,12,4,永和區,,,,無年齡維度,0.0,男,遷出,其他鄉鎮,238
110,12,4,永和區,,,,無年齡維度,0.0,女,遷出,合計,951
110,12,4,永和區,,,,無年齡維度,0.0,男,遷出,合計,755
110,12,4,永和區,,,,無年齡維度,0.0,女,遷出,國外,444
110,12,4,永和區,,,,無年齡維度,0.0,男,遷出,國外,333
110,12,4,永和區,,,,無年齡維度,0.0,女,遷出,新北市內,0
110,12,4,永和區,,,,無年齡維度,0.0,男,遷出,新北市內,0
110,12,4,永和區,,,,無年齡維度,0.0,女,遷出,桃園市,35
110,12,4,永和區,,,,無年齡維度,0.0,男,遷出,桃園市,35
110,12,4,永和區,,,,無年齡維度,0.0,女,遷出,福建省,3
110,12,4,永和區,,,,無年齡維度,0.0,男,遷出,福建省,10
110,12,4,永和區,,,,無年齡維度,0.0,女,遷出,臺中市,11
110,12,4,永和區,,,,無年齡維度,0.0,男,遷出,臺中市,7
110,12,4,永和區,,,,無年齡維度,0.0,女,遷出,臺北市,81
110,12,4,永和區,,,,無年齡維度,0.0,男,遷出,臺北市,79
110,12,4,永和區,,,,無年齡維度,0.0,女,遷出,臺南市,6
110,12,4,永和區,,,,無年齡維度,0.0,男,遷出,臺南市,4
110,12,4,永和區,,,,無年齡維度,0.0,女,遷出,臺灣省,51
110,12,4,永和區,,,,無年齡維度,0.0,男,遷出,臺灣省,41
110,12,4,永和區,,,,無年齡維度,0.0,女,遷出,高雄市,11
110,12,4,永和區,,,,無年齡維度,0.0,男,遷出,高雄市,8
110,12,5,新莊區,,,,無年齡維度,0.0,女,遷入,migrants,797
110,12,5,新莊區,,,,無年齡維度,0.0,男,遷入,migrants,711
110,12,5,新莊區,,,,無年齡維度,0.0,女,遷入,other,0
110,12,5,新莊區,,,,無年齡維度,0.0,男,遷入,other,0
110,12,5,新莊區,,,,無年齡維度,0.0,女,遷入,其他縣市,0
110,12,5,新莊區,,,,無年齡維度,0.0,男,遷入,其他縣市,0
110,12,5,新莊區,,,,無年齡維度,0.0,女,遷入,其他鄉鎮,276
110,12,5,新莊區,,,,無年齡維度,0.0,男,遷入,其他鄉鎮,245
110,12,5,新莊區,,,,無年齡維度,0.0,女,遷入,合計,663
110,12,5,新莊區,,,,無年齡維度,0.0,男,遷入,合計,601
110,12,5,新莊區,,,,無年齡維度,0.0,女,遷入,國外,23
110,12,5,新莊區,,,,無年齡維度,0.0,男,遷入,國外,15
110,12,5,新莊區,,,,無年齡維度,0.0,女,遷入,新北市內,0
110,12,5,新莊區,,,,無年齡維度,0.0,男,遷入,新北市內,0
110,12,5,新莊區,,,,無年齡維度,0.0,女,遷入,桃園市,74
110,12,5,新莊區,,,,無年齡維度,0.0,男,遷入,桃園市,56
110,12,5,新莊區,,,,無年齡維度,0.0,女,遷入,福建省,3
110,12,5,新莊區,,,,無年齡維度,0.0,男,遷入,福建省,1
110,12,5,新莊區,,,,無年齡維度,0.0,女,遷入,臺中市,21
110,12,5,新莊區,,,,無年齡維度,0.0,男,遷入,臺中市,19
110,12,5,新莊區,,,,無年齡維度,0.0,女,遷入,臺北市,148
110,12,5,新莊區,,,,無年齡維度,0.0,男,遷入,臺北市,154
110,12,5,新莊區,,,,無年齡維度,0.0,女,遷入,臺南市,12
110,12,5,新莊區,,,,無年齡維度,0.0,男,遷入,臺南市,10
110,12,5,新莊區,,,,無年齡維度,0.0,女,遷入,臺灣省,72
110,12,5,新莊區,,,,無年齡維度,0.0,男,遷入,臺灣省,76
110,12,5,新莊區,,,,無年齡維度,0.0,女,遷入,高雄市,22
110,12,5,新莊區,,,,無年齡維度,0.0,男,遷入,高雄市,17
110,12,5,新莊區,,,,無年齡維度,0.0,女,遷出,migrants,797
110,12,5,新莊區,,,,無年齡維度,0.0,男,遷出,migrants,711
110,12,5,新莊區,,,,無年齡維度,0.0,女,遷出,other,0
110,12,5,新莊區,,,,無年齡維度,0.0,男,遷出,other,0
110,12,5,新莊區,,,,無年齡維度,0.0,女,遷出,其他縣市,0
110,12,5,新莊區,,,,無年齡維度,0.0,男,遷出,其他縣市,0
110,12,5,新莊區,,,,無年齡維度,0.0,女,遷出,其他鄉鎮,342
110,12,5,新莊區,,,,無年齡維度,0.0,男,遷出,其他鄉鎮,286
110,12,5,新莊區,,,,無年齡維度,0.0,女,遷出,合計,918
110,12,5,新莊區,,,,無年齡維度,0.0,男,遷出,合計,777
110,12,5,新莊區,,,,無年齡維度,0.0,女,遷出,國外,183
110,12,5,新莊區,,,,無年齡維度,0.0,男,遷出,國外,148
110,12,5,新莊區,,,,無年齡維度,0.0,女,遷出,新北市內,0
110,12,5,新莊區,,,,無年齡維度,0.0,男,遷出,新北市內,0
110,12,5,新莊區,,,,無年齡維度,0.0,女,遷出,桃園市,142
110,12,5,新莊區,,,,無年齡維度,0.0,男,遷出,桃園市,123
110,12,5,新莊區,,,,無年齡維度,0.0,女,遷出,福建省,7
110,12,5,新莊區,,,,無年齡維度,0.0,男,遷出,福建省,3
110,12,5,新莊區,,,,無年齡維度,0.0,女,遷出,臺中市,26
110,12,5,新莊區,,,,無年齡維度,0.0,男,遷出,臺中市,18
110,12,5,新莊區,,,,無年齡維度,0.0,女,遷出,臺北市,100
110,12,5,新莊區,,,,無年齡維度,0.0,男,遷出,臺北市,80
110,12,5,新莊區,,,,無年齡維度,0.0,女,遷出,臺南市,10
110,12,5,新莊區,,,,無年齡維度,0.0,男,遷出,臺南市,8
110,12,5,新莊區,,,,無年齡維度,0.0,女,遷出,臺灣省,92
110,12,5,新莊區,,,,無年齡維度,0.0,男,遷出,臺灣省,93
110,12,5,新莊區,,,,無年齡維度,0.0,女,遷出,高雄市,16
110,12,5,新莊區,,,,無年齡維度,0.0,男,遷出,高雄市,18
110,12,6,新店區,,,,無年齡維度,0.0,女,遷入,migrants,421
110,12,6,新店區,,,,無年齡維度,0.0,男,遷入,migrants,360
110,12,6,新店區,,,,無年齡維度,0.0,女,遷入,other,0
110,12,6,新店區,,,,無年齡維度,0.0,男,遷入,other,0
110,12,6,新店區,,,,無年齡維度,0.0,女,遷入,其他縣市,0
110,12,6,新店區,,,,無年齡維度,0.0,男,遷入,其他縣市,0
110,12,6,新店區,,,,無年齡維度,0.0,女,遷入,其他鄉鎮,155
110,12,6,新店區,,,,無年齡維度,0.0,男,遷入,其他鄉鎮,133
110,12,6,新店區,,,,無年齡維度,0.0,女,遷入,合計,603
110,12,6,新店區,,,,無年齡維度,0.0,男,遷入,合計,546
110,12,6,新店區,,,,無年齡維度,0.0,女,遷入,國外,47
110,12,6,新店區,,,,無年齡維度,0.0,男,遷入,國外,31
110,12,6,新店區,,,,無年齡維度,0.0,女,遷入,新北市內,0
110,12,6,新店區,,,,無年齡維度,0.0,男,遷入,新北市內,0
110,12,6,新店區,,,,無年齡維度,0.0,女,遷入,桃園市,33
110,12,6,新店區,,,,無年齡維度,0.0,男,遷入,桃園市,23
110,12,6,新店區,,,,無年齡維度,0.0,女,遷入,福建省,2
110,12,6,新店區,,,,無年齡維度,0.0,男,遷入,福建省,4
110,12,6,新店區,,,,無年齡維度,0.0,女,遷入,臺中市,21
110,12,6,新店區,,,,無年齡維度,0.0,男,遷入,臺中市,14
110,12,6,新店區,,,,無年齡維度,0.0,女,遷入,臺北市,255
110,12,6,新店區,,,,無年齡維度,0.0,男,遷入,臺北市,258
110,12,6,新店區,,,,無年齡維度,0.0,女,遷入,臺南市,4
110,12,6,新店區,,,,無年齡維度,0.0,男,遷入,臺南市,5
110,12,6,新店區,,,,無年齡維度,0.0,女,遷入,臺灣省,63
110,12,6,新店區,,,,無年齡維度,0.0,男,遷入,臺灣省,52
110,12,6,新店區,,,,無年齡維度,0.0,女,遷入,高雄市,15
110,12,6,新店區,,,,無年齡維度,0.0,男,遷入,高雄市,15
110,12,6,新店區,,,,無年齡維度,0.0,女,遷出,migrants,421
110,12,6,新店區,,,,無年齡維度,0.0,男,遷出,migrants,360
110,12,6,新店區,,,,無年齡維度,0.0,女,遷出,other,0
110,12,6,新店區,,,,無年齡維度,0.0,男,遷出,other,0
110,12,6,新店區,,,,無年齡維度,0.0,女,遷出,其他縣市,0
110,12,6,新店區,,,,無年齡維度,0.0,男,遷出,其他縣市,0
110,12,6,新店區,,,,無年齡維度,0.0,女,遷出,其他鄉鎮,185
110,12,6,新店區,,,,無年齡維度,0.0,男,遷出,其他鄉鎮,144
110,12,6,新店區,,,,無年齡維度,0.0,女,遷出,合計,900
110,12,6,新店區,,,,無年齡維度,0.0,男,遷出,合計,677
110,12,6,新店區,,,,無年齡維度,0.0,女,遷出,國外,335
110,12,6,新店區,,,,無年齡維度,0.0,男,遷出,國外,254
110,12,6,新店區,,,,無年齡維度,0.0,女,遷出,新北市內,0
110,12,6,新店區,,,,無年齡維度,0.0,男,遷出,新北市內,0
110,12,6,新店區,,,,無年齡維度,0.0,女,遷出,桃園市,54
110,12,6,新店區,,,,無年齡維度,0.0,男,遷出,桃園市,44
110,12,6,新店區,,,,無年齡維度,0.0,女,遷出,福建省,11
110,12,6,新店區,,,,無年齡維度,0.0,男,遷出,福建省,10
110,12,6,新店區,,,,無年齡維度,0.0,女,遷出,臺中市,23
110,12,6,新店區,,,,無年齡維度,0.0,男,遷出,臺中市,14
110,12,6,新店區,,,,無年齡維度,0.0,女,遷出,臺北市,207
110,12,6,新店區,,,,無年齡維度,0.0,男,遷出,臺北市,143
110,12,6,新店區,,,,無年齡維度,0.0,女,遷出,臺南市,5
110,12,6,新店區,,,,無年齡維度,0.0,男,遷出,臺南市,4
110,12,6,新店區,,,,無年齡維度,0.0,女,遷出,臺灣省,64
110,12,6,新店區,,,,無年齡維度,0.0,男,遷出,臺灣省,54
110,12,6,新店區,,,,無年齡維度,0.0,女,遷出,高雄市,16
110,12,6,新店區,,,,無年齡維度,0.0,男,遷出,高雄市,10
110,12,7,土城區,,,,無年齡維度,0.0,女,遷入,migrants,194
110,12,7,土城區,,,,無年齡維度,0.0,男,遷入,migrants,219
110,12,7,土城區,,,,無年齡維度,0.0,女,遷入,other,0
110,12,7,土城區,,,,無年齡維度,0.0,男,遷入,other,0
110,12,7,土城區,,,,無年齡維度,0.0,女,遷入,其他縣市,0
110,12,7,土城區,,,,無年齡維度,0.0,男,遷入,其他縣市,0
110,12,7,土城區,,,,無年齡維度,0.0,女,遷入,其他鄉鎮,172
110,12,7,土城區,,,,無年齡維度,0.0,男,遷入,其他鄉鎮,132
110,12,7,土城區,,,,無年齡維度,0.0,女,遷入,合計,284
110,12,7,土城區,,,,無年齡維度,0.0,男,遷入,合計,261
110,12,7,土城區,,,,無年齡維度,0.0,女,遷入,國外,8
110,12,7,土城區,,,,無年齡維度,0.0,男,遷入,國外,14
110,12,7,土城區,,,,無年齡維度,0.0,女,遷入,新北市內,0
110,12,7,土城區,,,,無年齡維度,0.0,男,遷入,新北市內,0
110,12,7,土城區,,,,無年齡維度,0.0,女,遷入,桃園市,23
110,12,7,土城區,,,,無年齡維度,0.0,男,遷入,桃園市,32
110,12,7,土城區,,,,無年齡維度,0.0,女,遷入,福建省,1
110,12,7,土城區,,,,無年齡維度,0.0,男,遷入,福建省,0
110,12,7,土城區,,,,無年齡維度,0.0,女,遷入,臺中市,7
110,12,7,土城區,,,,無年齡維度,0.0,男,遷入,臺中市,5
110,12,7,土城區,,,,無年齡維度,0.0,女,遷入,臺北市,33
110,12,7,土城區,,,,無年齡維度,0.0,男,遷入,臺北市,33
110,12,7,土城區,,,,無年齡維度,0.0,女,遷入,臺南市,3
110,12,7,土城區,,,,無年齡維度,0.0,男,遷入,臺南市,3
110,12,7,土城區,,,,無年齡維度,0.0,女,遷入,臺灣省,19
110,12,7,土城區,,,,無年齡維度,0.0,男,遷入,臺灣省,34
110,12,7,土城區,,,,無年齡維度,0.0,女,遷入,高雄市,7
110,12,7,土城區,,,,無年齡維度,0.0,男,遷入,高雄市,3
110,12,7,土城區,,,,無年齡維度,0.0,女,遷出,migrants,194
110,12,7,土城區,,,,無年齡維度,0.0,男,遷出,migrants,219
110,12,7,土城區,,,,無年齡維度,0.0,女,遷出,other,0
110,12,7,土城區,,,,無年齡維度,0.0,男,遷出,other,0
110,12,7,土城區,,,,無年齡維度,0.0,女,遷出,其他縣市,0
110,12,7,土城區,,,,無年齡維度,0.0,男,遷出,其他縣市,0
110,12,7,土城區,,,,無年齡維度,0.0,女,遷出,其他鄉鎮,192
110,12,7,土城區,,,,無年齡維度,0.0,男,遷出,其他鄉鎮,160
110,12,7,土城區,,,,無年齡維度,0.0,女,遷出,合計,427
110,12,7,土城區,,,,無年齡維度,0.0,男,遷出,合計,363
110,12,7,土城區,,,,無年齡維度,0.0,女,遷出,國外,89
110,12,7,土城區,,,,無年齡維度,0.0,男,遷出,國外,80
110,12,7,土城區,,,,無年齡維度,0.0,女,遷出,新北市內,0
110,12,7,土城區,,,,無年齡維度,0.0,男,遷出,新北市內,0
110,12,7,土城區,,,,無年齡維度,0.0,女,遷出,桃園市,44
110,12,7,土城區,,,,無年齡維度,0.0,男,遷出,桃園市,37
110,12,7,土城區,,,,無年齡維度,0.0,女,遷出,福建省,3
110,12,7,土城區,,,,無年齡維度,0.0,男,遷出,福建省,5
110,12,7,土城區,,,,無年齡維度,0.0,女,遷出,臺中市,7
110,12,7,土城區,,,,無年齡維度,0.0,男,遷出,臺中市,11
110,12,7,土城區,,,,無年齡維度,0.0,女,遷出,臺北市,30
110,12,7,土城區,,,,無年齡維度,0.0,男,遷出,臺北市,18
110,12,7,土城區,,,,無年齡維度,0.0,女,遷出,臺南市,1
110,12,7,土城區,,,,無年齡維度,0.0,男,遷出,臺南市,1
110,12,7,土城區,,,,無年齡維度,0.0,女,遷出,臺灣省,53
110,12,7,土城區,,,,無年齡維度,0.0,男,遷出,臺灣省,50
110,12,7,土城區,,,,無年齡維度,0.0,女,遷出,高雄市,8
110,12,7,土城區,,,,無年齡維度,0.0,男,遷出,高雄市,1
110,12,8,蘆洲區,,,,無年齡維度,0.0,女,遷入,migrants,132
110,12,8,蘆洲區,,,,無年齡維度,0.0,男,遷入,migrants,89
110,12,8,蘆洲區,,,,無年齡維度,0.0,女,遷入,other,0
110,12,8,蘆洲區,,,,無年齡維度,0.0,男,遷入,other,0
110,12,8,蘆洲區,,,,無年齡維度,0.0,女,遷入,其他縣市,0
110,12,8,蘆洲區,,,,無年齡維度,0.0,男,遷入,其他縣市,0
110,12,8,蘆洲區,,,,無年齡維度,0.0,女,遷入,其他鄉鎮,82
110,12,8,蘆洲區,,,,無年齡維度,0.0,男,遷入,其他鄉鎮,71
110,12,8,蘆洲區,,,,無年齡維度,0.0,女,遷入,合計,182
110,12,8,蘆洲區,,,,無年齡維度,0.0,男,遷入,合計,181
110,12,8,蘆洲區,,,,無年齡維度,0.0,女,遷入,國外,3
110,12,8,蘆洲區,,,,無年齡維度,0.0,男,遷入,國外,2
110,12,8,蘆洲區,,,,無年齡維度,0.0,女,遷入,新北市內,0
110,12,8,蘆洲區,,,,無年齡維度,0.0,男,遷入,新北市內,0
110,12,8,蘆洲區,,,,無年齡維度,0.0,女,遷入,桃園市,41
110,12,8,蘆洲區,,,,無年齡維度,0.0,男,遷入,桃園市,64
110,12,8,蘆洲區,,,,無年齡維度,0.0,女,遷入,福建省,1
110,12,8,蘆洲區,,,,無年齡維度,0.0,男,遷入,福建省,0
110,12,8,蘆洲區,,,,無年齡維度,0.0,女,遷入,臺中市,1
110,12,8,蘆洲區,,,,無年齡維度,0.0,男,遷入,臺中市,3
110,12,8,蘆洲區,,,,無年齡維度,0.0,女,遷入,臺北市,20
110,12,8,蘆洲區,,,,無年齡維度,0.0,男,遷入,臺北市,16
110,12,8,蘆洲區,,,,無年齡維度,0.0,女,遷入,臺南市,1
110,12,8,蘆洲區,,,,無年齡維度,0.0,男,遷入,臺南市,1
110,12,8,蘆洲區,,,,無年齡維度,0.0,女,遷入,臺灣省,24
110,12,8,蘆洲區,,,,無年齡維度,0.0,男,遷入,臺灣省,19
110,12,8,蘆洲區,,,,無年齡維度,0.0,女,遷入,高雄市,5
110,12,8,蘆洲區,,,,無年齡維度,0.0,男,遷入,高雄市,3
110,12,8,蘆洲區,,,,無年齡維度,0.0,女,遷出,migrants,132
110,12,8,蘆洲區,,,,無年齡維度,0.0,男,遷出,migrants,89
110,12,8,蘆洲區,,,,無年齡維度,0.0,女,遷出,other,0
110,12,8,蘆洲區,,,,無年齡維度,0.0,男,遷出,other,0
110,12,8,蘆洲區,,,,無年齡維度,0.0,女,遷出,其他縣市,0
110,12,8,蘆洲區,,,,無年齡維度,0.0,男,遷出,其他縣市,0
110,12,8,蘆洲區,,,,無年齡維度,0.0,女,遷出,其他鄉鎮,47
110,12,8,蘆洲區,,,,無年齡維度,0.0,男,遷出,其他鄉鎮,34
110,12,8,蘆洲區,,,,無年齡維度,0.0,女,遷出,合計,205
110,12,8,蘆洲區,,,,無年齡維度,0.0,男,遷出,合計,150
110,12,8,蘆洲區,,,,無年齡維度,0.0,女,遷出,國外,52
110,12,8,蘆洲區,,,,無年齡維度,0.0,男,遷出,國外,30
110,12,8,蘆洲區,,,,無年齡維度,0.0,女,遷出,新北市內,0
110,12,8,蘆洲區,,,,無年齡維度,0.0,男,遷出,新北市內,0
110,12,8,蘆洲區,,,,無年齡維度,0.0,女,遷出,桃園市,69
110,12,8,蘆洲區,,,,無年齡維度,0.0,男,遷出,桃園市,48
110,12,8,蘆洲區,,,,無年齡維度,0.0,女,遷出,福建省,2
110,12,8,蘆洲區,,,,無年齡維度,0.0,男,遷出,福建省,1
110,12,8,蘆洲區,,,,無年齡維度,0.0,女,遷出,臺中市,4
110,12,8,蘆洲區,,,,無年齡維度,0.0,男,遷出,臺中市,8
110,12,8,蘆洲區,,,,無年齡維度,0.0,女,遷出,臺北市,8
110,12,8,蘆洲區,,,,無年齡維度,0.0,男,遷出,臺北市,9
110,12,8,蘆洲區,,,,無年齡維度,0.0,女,遷出,臺南市,3
110,12,8,蘆洲區,,,,無年齡維度,0.0,男,遷出,臺南市,1
110,12,8,蘆洲區,,,,無年齡維度,0.0,女,遷出,臺灣省,17
110,12,8,蘆洲區,,,,無年齡維度,0.0,男,遷出,臺灣省,17
110,12,8,蘆洲區,,,,無年齡維度,0.0,女,遷出,高雄市,3
110,12,8,蘆洲區,,,,無年齡維度,0.0,男,遷出,高雄市,2
110,12,9,樹林區,,,,無年齡維度,0.0,女,遷入,migrants,173
110,12,9,樹林區,,,,無年齡維度,0.0,男,遷入,migrants,129
110,12,9,樹林區,,,,無年齡維度,0.0,女,遷入,other,0
110,12,9,樹林區,,,,無年齡維度,0.0,男,遷入,other,0
110,12,9,樹林區,,,,無年齡維度,0.0,女,遷入,其他縣市,0
110,12,9,樹林區,,,,無年齡維度,0.0,男,遷入,其他縣市,0
110,12,9,樹林區,,,,無年齡維度,0.0,女,遷入,其他鄉鎮,123
110,12,9,樹林區,,,,無年齡維度,0.0,男,遷入,其他鄉鎮,85
110,12,9,樹林區,,,,無年齡維度,0.0,女,遷入,合計,221
110,12,9,樹林區,,,,無年齡維度,0.0,男,遷入,合計,167
110,12,9,樹林區,,,,無年齡維度,0.0,女,遷入,國外,10
110,12,9,樹林區,,,,無年齡維度,0.0,男,遷入,國外,4
110,12,9,樹林區,,,,無年齡維度,0.0,女,遷入,新北市內,0
110,12,9,樹林區,,,,無年齡維度,0.0,男,遷入,新北市內,0
110,12,9,樹林區,,,,無年齡維度,0.0,女,遷入,桃園市,27
110,12,9,樹林區,,,,無年齡維度,0.0,男,遷入,桃園市,20
110,12,9,樹林區,,,,無年齡維度,0.0,女,遷入,福建省,0
110,12,9,樹林區,,,,無年齡維度,0.0,男,遷入,福建省,1
110,12,9,樹林區,,,,無年齡維度,0.0,女,遷入,臺中市,0
110,12,9,樹林區,,,,無年齡維度,0.0,男,遷入,臺中市,5
110,12,9,樹林區,,,,無年齡維度,0.0,女,遷入,臺北市,30
110,12,9,樹林區,,,,無年齡維度,0.0,男,遷入,臺北市,26
110,12,9,樹林區,,,,無年齡維度,0.0,女,遷入,臺南市,0
110,12,9,樹林區,,,,無年齡維度,0.0,男,遷入,臺南市,2
110,12,9,樹林區,,,,無年齡維度,0.0,女,遷入,臺灣省,23
110,12,9,樹林區,,,,無年齡維度,0.0,男,遷入,臺灣省,20
110,12,9,樹林區,,,,無年齡維度,0.0,女,遷入,高雄市,4
110,12,9,樹林區,,,,無年齡維度,0.0,男,遷入,高雄市,4
110,12,9,樹林區,,,,無年齡維度,0.0,女,遷出,migrants,173
110,12,9,樹林區,,,,無年齡維度,0.0,男,遷出,migrants,129
110,12,9,樹林區,,,,無年齡維度,0.0,女,遷出,other,0
110,12,9,樹林區,,,,無年齡維度,0.0,男,遷出,other,0
110,12,9,樹林區,,,,無年齡維度,0.0,女,遷出,其他縣市,0
110,12,9,樹林區,,,,無年齡維度,0.0,男,遷出,其他縣市,0
110,12,9,樹林區,,,,無年齡維度,0.0,女,遷出,其他鄉鎮,82
110,12,9,樹林區,,,,無年齡維度,0.0,男,遷出,其他鄉鎮,79
110,12,9,樹林區,,,,無年齡維度,0.0,女,遷出,合計,252
110,12,9,樹林區,,,,無年齡維度,0.0,男,遷出,合計,218
110,12,9,樹林區,,,,無年齡維度,0.0,女,遷出,國外,67
110,12,9,樹林區,,,,無年齡維度,0.0,男,遷出,國外,49
110,12,9,樹林區,,,,無年齡維度,0.0,女,遷出,新北市內,0
110,12,9,樹林區,,,,無年齡維度,0.0,男,遷出,新北市內,0
110,12,9,樹林區,,,,無年齡維度,0.0,女,遷出,桃園市,44
110,12,9,樹林區,,,,無年齡維度,0.0,男,遷出,桃園市,31
110,12,9,樹林區,,,,無年齡維度,0.0,女,遷出,福建省,3
110,12,9,樹林區,,,,無年齡維度,0.0,男,遷出,福建省,7
110,12,9,樹林區,,,,無年齡維度,0.0,女,遷出,臺中市,4
110,12,9,樹林區,,,,無年齡維度,0.0,男,遷出,臺中市,2
110,12,9,樹林區,,,,無年齡維度,0.0,女,遷出,臺北市,22
110,12,9,樹林區,,,,無年齡維度,0.0,男,遷出,臺北市,18
110,12,9,樹林區,,,,無年齡維度,0.0,女,遷出,臺南市,4
110,12,9,樹林區,,,,無年齡維度,0.0,男,遷出,臺南市,5
110,12,9,樹林區,,,,無年齡維度,0.0,女,遷出,臺灣省,22
110,12,9,樹林區,,,,無年齡維度,0.0,男,遷出,臺灣省,26
110,12,9,樹林區,,,,無年齡維度,0.0,女,遷出,高雄市,4
110,12,9,樹林區,,,,無年齡維度,0.0,男,遷出,高雄市,1
110,12,10,鶯歌區,,,,無年齡維度,0.0,女,遷入,migrants,380
110,12,10,鶯歌區,,,,無年齡維度,0.0,男,遷入,migrants,338
110,12,10,鶯歌區,,,,無年齡維度,0.0,女,遷入,other,0
110,12,10,鶯歌區,,,,無年齡維度,0.0,男,遷入,other,0
110,12,10,鶯歌區,,,,無年齡維度,0.0,女,遷入,其他縣市,0
110,12,10,鶯歌區,,,,無年齡維度,0.0,男,遷入,其他縣市,0
110,12,10,鶯歌區,,,,無年齡維度,0.0,女,遷入,其他鄉鎮,185
110,12,10,鶯歌區,,,,無年齡維度,0.0,男,遷入,其他鄉鎮,155
110,12,10,鶯歌區,,,,無年齡維度,0.0,女,遷入,合計,555
110,12,10,鶯歌區,,,,無年齡維度,0.0,男,遷入,合計,456
110,12,10,鶯歌區,,,,無年齡維度,0.0,女,遷入,國外,24
110,12,10,鶯歌區,,,,無年齡維度,0.0,男,遷入,國外,17
110,12,10,鶯歌區,,,,無年齡維度,0.0,女,遷入,新北市內,0
110,12,10,鶯歌區,,,,無年齡維度,0.0,男,遷入,新北市內,0
110,12,10,鶯歌區,,,,無年齡維度,0.0,女,遷入,桃園市,19
110,12,10,鶯歌區,,,,無年齡維度,0.0,男,遷入,桃園市,12
110,12,10,鶯歌區,,,,無年齡維度,0.0,女,遷入,福建省,0
110,12,10,鶯歌區,,,,無年齡維度,0.0,男,遷入,福建省,3
110,12,10,鶯歌區,,,,無年齡維度,0.0,女,遷入,臺中市,14
110,12,10,鶯歌區,,,,無年齡維度,0.0,男,遷入,臺中市,10
110,12,10,鶯歌區,,,,無年齡維度,0.0,女,遷入,臺北市,230
110,12,10,鶯歌區,,,,無年齡維度,0.0,男,遷入,臺北市,176
110,12,10,鶯歌區,,,,無年齡維度,0.0,女,遷入,臺南市,2
110,12,10,鶯歌區,,,,無年齡維度,0.0,男,遷入,臺南市,3
110,12,10,鶯歌區,,,,無年齡維度,0.0,女,遷入,臺灣省,56
110,12,10,鶯歌區,,,,無年齡維度,0.0,男,遷入,臺灣省,54
110,12,10,鶯歌區,,,,無年齡維度,0.0,女,遷入,高雄市,14
110,12,10,鶯歌區,,,,無年齡維度,0.0,男,遷入,高雄市,12
110,12,10,鶯歌區,,,,無年齡維度,0.0,女,遷出,migrants,380
110,12,10,鶯歌區,,,,無年齡維度,0.0,男,遷出,migrants,338
110,12,10,鶯歌區,,,,無年齡維度,0.0,女,遷出,other,0
110,12,10,鶯歌區,,,,無年齡維度,0.0,男,遷出,other,0
110,12,10,鶯歌區,,,,無年齡維度,0.0,女,遷出,其他縣市,0
110,12,10,鶯歌區,,,,無年齡維度,0.0,男,遷出,其他縣市,0
110,12,10,鶯歌區,,,,無年齡維度,0.0,女,遷出,其他鄉鎮,84
110,12,10,鶯歌區,,,,無年齡維度,0.0,男,遷出,其他鄉鎮,79
110,12,10,鶯歌區,,,,無年齡維度,0.0,女,遷出,合計,486
110,12,10,鶯歌區,,,,無年齡維度,0.0,男,遷出,合計,376
110,12,10,鶯歌區,,,,無年齡維度,0.0,女,遷出,國外,183
110,12,10,鶯歌區,,,,無年齡維度,0.0,男,遷出,國外,127
110,12,10,鶯歌區,,,,無年齡維度,0.0,女,遷出,新北市內,0
110,12,10,鶯歌區,,,,無年齡維度,0.0,男,遷出,新北市內,0
110,12,10,鶯歌區,,,,無年齡維度,0.0,女,遷出,桃園市,21
110,12,10,鶯歌區,,,,無年齡維度,0.0,男,遷出,桃園市,13
110,12,10,鶯歌區,,,,無年齡維度,0.0,女,遷出,福建省,1
110,12,10,鶯歌區,,,,無年齡維度,0.0,男,遷出,福建省,1
110,12,10,鶯歌區,,,,無年齡維度,0.0,女,遷出,臺中市,10
110,12,10,鶯歌區,,,,無年齡維度,0.0,男,遷出,臺中市,12
110,12,10,鶯歌區,,,,無年齡維度,0.0,女,遷出,臺北市,117
110,12,10,鶯歌區,,,,無年齡維度,0.0,男,遷出,臺北市,99
110,12,10,鶯歌區,,,,無年齡維度,0.0,女,遷出,臺南市,12
110,12,10,鶯歌區,,,,無年齡維度,0.0,男,遷出,臺南市,8
110,12,10,鶯歌區,,,,無年齡維度,0.0,女,遷出,臺灣省,44
110,12,10,鶯歌區,,,,無年齡維度,0.0,男,遷出,臺灣省,22
110,12,10,鶯歌區,,,,無年齡維度,0.0,女,遷出,高雄市,14
110,12,10,鶯歌區,,,,無年齡維度,0.0,男,遷出,高雄市,15
110,12,11,三峽區,,,,無年齡維度,0.0,女,遷入,migrants,317
110,12,11,三峽區,,,,無年齡維度,0.0,男,遷入,migrants,260
110,12,11,三峽區,,,,無年齡維度,0.0,女,遷入,other,0
110,12,11,三峽區,,,,無年齡維度,0.0,男,遷入,other,0
110,12,11,三峽區,,,,無年齡維度,0.0,女,遷入,其他縣市,0
110,12,11,三峽區,,,,無年齡維度,0.0,男,遷入,其他縣市,0
110,12,11,三峽區,,,,無年齡維度,0.0,女,遷入,其他鄉鎮,82
110,12,11,三峽區,,,,無年齡維度,0.0,男,遷入,其他鄉鎮,58
110,12,11,三峽區,,,,無年齡維度,0.0,女,遷入,合計,515
110,12,11,三峽區,,,,無年齡維度,0.0,男,遷入,合計,425
110,12,11,三峽區,,,,無年齡維度,0.0,女,遷入,國外,15
110,12,11,三峽區,,,,無年齡維度,0.0,男,遷入,國外,11
110,12,11,三峽區,,,,無年齡維度,0.0,女,遷入,新北市內,0
110,12,11,三峽區,,,,無年齡維度,0.0,男,遷入,新北市內,0
110,12,11,三峽區,,,,無年齡維度,0.0,女,遷入,桃園市,25
110,12,11,三峽區,,,,無年齡維度,0.0,男,遷入,桃園市,13
110,12,11,三峽區,,,,無年齡維度,0.0,女,遷入,福建省,2
110,12,11,三峽區,,,,無年齡維度,0.0,男,遷入,福建省,1
110,12,11,三峽區,,,,無年齡維度,0.0,女,遷入,臺中市,22
110,12,11,三峽區,,,,無年齡維度,0.0,男,遷入,臺中市,13
110,12,11,三峽區,,,,無年齡維度,0.0,女,遷入,臺北市,287
110,12,11,三峽區,,,,無年齡維度,0.0,男,遷入,臺北市,246
110,12,11,三峽區,,,,無年齡維度,0.0,女,遷入,臺南市,8
110,12,11,三峽區,,,,無年齡維度,0.0,男,遷入,臺南市,10
110,12,11,三峽區,,,,無年齡維度,0.0,女,遷入,臺灣省,57
110,12,11,三峽區,,,,無年齡維度,0.0,男,遷入,臺灣省,62
110,12,11,三峽區,,,,無年齡維度,0.0,女,遷入,高雄市,12
110,12,11,三峽區,,,,無年齡維度,0.0,男,遷入,高雄市,11
110,12,11,三峽區,,,,無年齡維度,0.0,女,遷出,migrants,317
110,12,11,三峽區,,,,無年齡維度,0.0,男,遷出,migrants,260
110,12,11,三峽區,,,,無年齡維度,0.0,女,遷出,other,0
110,12,11,三峽區,,,,無年齡維度,0.0,男,遷出,other,0
110,12,11,三峽區,,,,無年齡維度,0.0,女,遷出,其他縣市,0
110,12,11,三峽區,,,,無年齡維度,0.0,男,遷出,其他縣市,0
110,12,11,三峽區,,,,無年齡維度,0.0,女,遷出,其他鄉鎮,75
110,12,11,三峽區,,,,無年齡維度,0.0,男,遷出,其他鄉鎮,63
110,12,11,三峽區,,,,無年齡維度,0.0,女,遷出,合計,452
110,12,11,三峽區,,,,無年齡維度,0.0,男,遷出,合計,405
110,12,11,三峽區,,,,無年齡維度,0.0,女,遷出,國外,116
110,12,11,三峽區,,,,無年齡維度,0.0,男,遷出,國外,117
110,12,11,三峽區,,,,無年齡維度,0.0,女,遷出,新北市內,0
110,12,11,三峽區,,,,無年齡維度,0.0,男,遷出,新北市內,0
110,12,11,三峽區,,,,無年齡維度,0.0,女,遷出,桃園市,52
110,12,11,三峽區,,,,無年齡維度,0.0,男,遷出,桃園市,27
110,12,11,三峽區,,,,無年齡維度,0.0,女,遷出,福建省,2
110,12,11,三峽區,,,,無年齡維度,0.0,男,遷出,福建省,8
110,12,11,三峽區,,,,無年齡維度,0.0,女,遷出,臺中市,12
110,12,11,三峽區,,,,無年齡維度,0.0,男,遷出,臺中市,12
110,12,11,三峽區,,,,無年齡維度,0.0,女,遷出,臺北市,126
110,12,11,三峽區,,,,無年齡維度,0.0,男,遷出,臺北市,113
110,12,11,三峽區,,,,無年齡維度,0.0,女,遷出,臺南市,7
110,12,11,三峽區,,,,無年齡維度,0.0,男,遷出,臺南市,2
110,12,11,三峽區,,,,無年齡維度,0.0,女,遷出,臺灣省,58
110,12,11,三峽區,,,,無年齡維度,0.0,男,遷出,臺灣省,53
110,12,11,三峽區,,,,無年齡維度,0.0,女,遷出,高雄市,3
110,12,11,三峽區,,,,無年齡維度,0.0,男,遷出,高雄市,10
110,12,12,淡水區,,,,無年齡維度,0.0,女,遷入,migrants,23
110,12,12,淡水區,,,,無年齡維度,0.0,男,遷入,migrants,25
110,12,12,淡水區,,,,無年齡維度,0.0,女,遷入,other,0
110,12,12,淡水區,,,,無年齡維度,0.0,男,遷入,other,0
110,12,12,淡水區,,,,無年齡維度,0.0,女,遷入,其他縣市,0
110,12,12,淡水區,,,,無年齡維度,0.0,男,遷入,其他縣市,0
110,12,12,淡水區,,,,無年齡維度,0.0,女,遷入,其他鄉鎮,7
110,12,12,淡水區,,,,無年齡維度,0.0,男,遷入,其他鄉鎮,15
110,12,12,淡水區,,,,無年齡維度,0.0,女,遷入,合計,26
110,12,12,淡水區,,,,無年齡維度,0.0,男,遷入,合計,40
110,12,12,淡水區,,,,無年齡維度,0.0,女,遷入,國外,1
110,12,12,淡水區,,,,無年齡維度,0.0,男,遷入,國外,1
110,12,12,淡水區,,,,無年齡維度,0.0,女,遷入,新北市內,0
110,12,12,淡水區,,,,無年齡維度,0.0,男,遷入,新北市內,0
110,12,12,淡水區,,,,無年齡維度,0.0,女,遷入,桃園市,3
110,12,12,淡水區,,,,無年齡維度,0.0,男,遷入,桃園市,4
110,12,12,淡水區,,,,無年齡維度,0.0,女,遷入,福建省,0
110,12,12,淡水區,,,,無年齡維度,0.0,男,遷入,福建省,0
110,12,12,淡水區,,,,無年齡維度,0.0,女,遷入,臺中市,1
110,12,12,淡水區,,,,無年齡維度,0.0,男,遷入,臺中市,1
110,12,12,淡水區,,,,無年齡維度,0.0,女,遷入,臺北市,3
110,12,12,淡水區,,,,無年齡維度,0.0,男,遷入,臺北市,6
110,12,12,淡水區,,,,無年齡維度,0.0,女,遷入,臺南市,0
110,12,12,淡水區,,,,無年齡維度,0.0,男,遷入,臺南市,0
110,12,12,淡水區,,,,無年齡維度,0.0,女,遷入,臺灣省,11
110,12,12,淡水區,,,,無年齡維度,0.0,男,遷入,臺灣省,12
110,12,12,淡水區,,,,無年齡維度,0.0,女,遷入,高雄市,0
110,12,12,淡水區,,,,無年齡維度,0.0,男,遷入,高雄市,0
110,12,12,淡水區,,,,無年齡維度,0.0,女,遷出,migrants,23
110,12,12,淡水區,,,,無年齡維度,0.0,男,遷出,migrants,25
110,12,12,淡水區,,,,無年齡維度,0.0,女,遷出,other,0
110,12,12,淡水區,,,,無年齡維度,0.0,男,遷出,other,0
110,12,12,淡水區,,,,無年齡維度,0.0,女,遷出,其他縣市,0
110,12,12,淡水區,,,,無年齡維度,0.0,男,遷出,其他縣市,0
110,12,12,淡水區,,,,無年齡維度,0.0,女,遷出,其他鄉鎮,12
110,12,12,淡水區,,,,無年齡維度,0.0,男,遷出,其他鄉鎮,15
110,12,12,淡水區,,,,無年齡維度,0.0,女,遷出,合計,76
110,12,12,淡水區,,,,無年齡維度,0.0,男,遷出,合計,68
110,12,12,淡水區,,,,無年齡維度,0.0,女,遷出,國外,9
110,12,12,淡水區,,,,無年齡維度,0.0,男,遷出,國外,11
110,12,12,淡水區,,,,無年齡維度,0.0,女,遷出,新北市內,0
110,12,12,淡水區,,,,無年齡維度,0.0,男,遷出,新北市內,0
110,12,12,淡水區,,,,無年齡維度,0.0,女,遷出,桃園市,6
110,12,12,淡水區,,,,無年齡維度,0.0,男,遷出,桃園市,8
110,12,12,淡水區,,,,無年齡維度,0.0,女,遷出,福建省,0
110,12,12,淡水區,,,,無年齡維度,0.0,男,遷出,福建省,0
110,12,12,淡水區,,,,無年齡維度,0.0,女,遷出,臺中市,7
110,12,12,淡水區,,,,無年齡維度,0.0,男,遷出,臺中市,3
110,12,12,淡水區,,,,無年齡維度,0.0,女,遷出,臺北市,3
110,12,12,淡水區,,,,無年齡維度,0.0,男,遷出,臺北市,7
110,12,12,淡水區,,,,無年齡維度,0.0,女,遷出,臺南市,1
110,12,12,淡水區,,,,無年齡維度,0.0,男,遷出,臺南市,3
110,12,12,淡水區,,,,無年齡維度,0.0,女,遷出,臺灣省,38
110,12,12,淡水區,,,,無年齡維度,0.0,男,遷出,臺灣省,21
110,12,12,淡水區,,,,無年齡維度,0.0,女,遷出,高雄市,0
110,12,12,淡水區,,,,無年齡維度,0.0,男,遷出,高雄市,0
110,12,13,汐止區,,,,無年齡維度,0.0,女,遷入,migrants,326
110,12,13,汐止區,,,,無年齡維度,0.0,男,遷入,migrants,274
110,12,13,汐止區,,,,無年齡維度,0.0,女,遷入,other,0
110,12,13,汐止區,,,,無年齡維度,0.0,男,遷入,other,0
110,12,13,汐止區,,,,無年齡維度,0.0,女,遷入,其他縣市,0
110,12,13,汐止區,,,,無年齡維度,0.0,男,遷入,其他縣市,0
110,12,13,汐止區,,,,無年齡維度,0.0,女,遷入,其他鄉鎮,270
110,12,13,汐止區,,,,無年齡維度,0.0,男,遷入,其他鄉鎮,224
110,12,13,汐止區,,,,無年齡維度,0.0,女,遷入,合計,481
110,12,13,汐止區,,,,無年齡維度,0.0,男,遷入,合計,370
110,12,13,汐止區,,,,無年齡維度,0.0,女,遷入,國外,20
110,12,13,汐止區,,,,無年齡維度,0.0,男,遷入,國外,9
110,12,13,汐止區,,,,無年齡維度,0.0,女,遷入,新北市內,0
110,12,13,汐止區,,,,無年齡維度,0.0,男,遷入,新北市內,0
110,12,13,汐止區,,,,無年齡維度,0.0,女,遷入,桃園市,29
110,12,13,汐止區,,,,無年齡維度,0.0,男,遷入,桃園市,27
110,12,13,汐止區,,,,無年齡維度,0.0,女,遷入,福建省,3
110,12,13,汐止區,,,,無年齡維度,0.0,男,遷入,福建省,2
110,12,13,汐止區,,,,無年齡維度,0.0,女,遷入,臺中市,7
110,12,13,汐止區,,,,無年齡維度,0.0,男,遷入,臺中市,7
110,12,13,汐止區,,,,無年齡維度,0.0,女,遷入,臺北市,81
110,12,13,汐止區,,,,無年齡維度,0.0,男,遷入,臺北市,65
110,12,13,汐止區,,,,無年齡維度,0.0,女,遷入,臺南市,4
110,12,13,汐止區,,,,無年齡維度,0.0,男,遷入,臺南市,1
110,12,13,汐止區,,,,無年齡維度,0.0,女,遷入,臺灣省,37
110,12,13,汐止區,,,,無年齡維度,0.0,男,遷入,臺灣省,27
110,12,13,汐止區,,,,無年齡維度,0.0,女,遷入,高雄市,16
110,12,13,汐止區,,,,無年齡維度,0.0,男,遷入,高雄市,6
110,12,13,汐止區,,,,無年齡維度,0.0,女,遷出,migrants,326
110,12,13,汐止區,,,,無年齡維度,0.0,男,遷出,migrants,274
110,12,13,汐止區,,,,無年齡維度,0.0,女,遷出,other,0
110,12,13,汐止區,,,,無年齡維度,0.0,男,遷出,other,0
110,12,13,汐止區,,,,無年齡維度,0.0,女,遷出,其他縣市,0
110,12,13,汐止區,,,,無年齡維度,0.0,男,遷出,其他縣市,0
110,12,13,汐止區,,,,無年齡維度,0.0,女,遷出,其他鄉鎮,214
110,12,13,汐止區,,,,無年齡維度,0.0,男,遷出,其他鄉鎮,180
110,12,13,汐止區,,,,無年齡維度,0.0,女,遷出,合計,503
110,12,13,汐止區,,,,無年齡維度,0.0,男,遷出,合計,413
110,12,13,汐止區,,,,無年齡維度,0.0,女,遷出,國外,124
110,12,13,汐止區,,,,無年齡維度,0.0,男,遷出,國外,89
110,12,13,汐止區,,,,無年齡維度,0.0,女,遷出,新北市內,0
110,12,13,汐止區,,,,無年齡維度,0.0,男,遷出,新北市內,0
110,12,13,汐止區,,,,無年齡維度,0.0,女,遷出,桃園市,37
110,12,13,汐止區,,,,無年齡維度,0.0,男,遷出,桃園市,35
110,12,13,汐止區,,,,無年齡維度,0.0,女,遷出,福建省,6
110,12,13,汐止區,,,,無年齡維度,0.0,男,遷出,福建省,8
110,12,13,汐止區,,,,無年齡維度,0.0,女,遷出,臺中市,11
110,12,13,汐止區,,,,無年齡維度,0.0,男,遷出,臺中市,11
110,12,13,汐止區,,,,無年齡維度,0.0,女,遷出,臺北市,50
110,12,13,汐止區,,,,無年齡維度,0.0,男,遷出,臺北市,37
110,12,13,汐止區,,,,無年齡維度,0.0,女,遷出,臺南市,3
110,12,13,汐止區,,,,無年齡維度,0.0,男,遷出,臺南市,1
110,12,13,汐止區,,,,無年齡維度,0.0,女,遷出,臺灣省,46
110,12,13,汐止區,,,,無年齡維度,0.0,男,遷出,臺灣省,43
110,12,13,汐止區,,,,無年齡維度,0.0,女,遷出,高雄市,12
110,12,13,汐止區,,,,無年齡維度,0.0,男,遷出,高雄市,9
110,12,14,瑞芳區,,,,無年齡維度,0.0,女,遷入,migrants,272
110,12,14,瑞芳區,,,,無年齡維度,0.0,男,遷入,migrants,242
110,12,14,瑞芳區,,,,無年齡維度,0.0,女,遷入,other,0
110,12,14,瑞芳區,,,,無年齡維度,0.0,男,遷入,other,0
110,12,14,瑞芳區,,,,無年齡維度,0.0,女,遷入,其他縣市,0
110,12,14,瑞芳區,,,,無年齡維度,0.0,男,遷入,其他縣市,0
110,12,14,瑞芳區,,,,無年齡維度,0.0,女,遷入,其他鄉鎮,147
110,12,14,瑞芳區,,,,無年齡維度,0.0,男,遷入,其他鄉鎮,141
110,12,14,瑞芳區,,,,無年齡維度,0.0,女,遷入,合計,351
110,12,14,瑞芳區,,,,無年齡維度,0.0,男,遷入,合計,301
110,12,14,瑞芳區,,,,無年齡維度,0.0,女,遷入,國外,4
110,12,14,瑞芳區,,,,無年齡維度,0.0,男,遷入,國外,8
110,12,14,瑞芳區,,,,無年齡維度,0.0,女,遷入,新北市內,0
110,12,14,瑞芳區,,,,無年齡維度,0.0,男,遷入,新北市內,0
110,12,14,瑞芳區,,,,無年齡維度,0.0,女,遷入,桃園市,18
110,12,14,瑞芳區,,,,無年齡維度,0.0,男,遷入,桃園市,11
110,12,14,瑞芳區,,,,無年齡維度,0.0,女,遷入,福建省,0
110,12,14,瑞芳區,,,,無年齡維度,0.0,男,遷入,福建省,2
110,12,14,瑞芳區,,,,無年齡維度,0.0,女,遷入,臺中市,9
110,12,14,瑞芳區,,,,無年齡維度,0.0,男,遷入,臺中市,2
110,12,14,瑞芳區,,,,無年齡維度,0.0,女,遷入,臺北市,126
110,12,14,瑞芳區,,,,無年齡維度,0.0,男,遷入,臺北市,95
110,12,14,瑞芳區,,,,無年齡維度,0.0,女,遷入,臺南市,1
110,12,14,瑞芳區,,,,無年齡維度,0.0,男,遷入,臺南市,1
110,12,14,瑞芳區,,,,無年齡維度,0.0,女,遷入,臺灣省,35
110,12,14,瑞芳區,,,,無年齡維度,0.0,男,遷入,臺灣省,38
110,12,14,瑞芳區,,,,無年齡維度,0.0,女,遷入,高雄市,7
110,12,14,瑞芳區,,,,無年齡維度,0.0,男,遷入,高雄市,2
110,12,14,瑞芳區,,,,無年齡維度,0.0,女,遷出,migrants,272
110,12,14,瑞芳區,,,,無年齡維度,0.0,男,遷出,migrants,242
110,12,14,瑞芳區,,,,無年齡維度,0.0,女,遷出,other,0
110,12,14,瑞芳區,,,,無年齡維度,0.0,男,遷出,other,0
110,12,14,瑞芳區,,,,無年齡維度,0.0,女,遷出,其他縣市,0
110,12,14,瑞芳區,,,,無年齡維度,0.0,男,遷出,其他縣市,0
110,12,14,瑞芳區,,,,無年齡維度,0.0,女,遷出,其他鄉鎮,238
110,12,14,瑞芳區,,,,無年齡維度,0.0,男,遷出,其他鄉鎮,186
110,12,14,瑞芳區,,,,無年齡維度,0.0,女,遷出,合計,493
110,12,14,瑞芳區,,,,無年齡維度,0.0,男,遷出,合計,391
110,12,14,瑞芳區,,,,無年齡維度,0.0,女,遷出,國外,97
110,12,14,瑞芳區,,,,無年齡維度,0.0,男,遷出,國外,57
110,12,14,瑞芳區,,,,無年齡維度,0.0,女,遷出,新北市內,0
110,12,14,瑞芳區,,,,無年齡維度,0.0,男,遷出,新北市內,0
110,12,14,瑞芳區,,,,無年齡維度,0.0,女,遷出,桃園市,34
110,12,14,瑞芳區,,,,無年齡維度,0.0,男,遷出,桃園市,17
110,12,14,瑞芳區,,,,無年齡維度,0.0,女,遷出,福建省,1
110,12,14,瑞芳區,,,,無年齡維度,0.0,男,遷出,福建省,3
110,12,14,瑞芳區,,,,無年齡維度,0.0,女,遷出,臺中市,10
110,12,14,瑞芳區,,,,無年齡維度,0.0,男,遷出,臺中市,9
110,12,14,瑞芳區,,,,無年齡維度,0.0,女,遷出,臺北市,65
110,12,14,瑞芳區,,,,無年齡維度,0.0,男,遷出,臺北市,69
110,12,14,瑞芳區,,,,無年齡維度,0.0,女,遷出,臺南市,3
110,12,14,瑞芳區,,,,無年齡維度,0.0,男,遷出,臺南市,4
110,12,14,瑞芳區,,,,無年齡維度,0.0,女,遷出,臺灣省,39
110,12,14,瑞芳區,,,,無年齡維度,0.0,男,遷出,臺灣省,39
110,12,14,瑞芳區,,,,無年齡維度,0.0,女,遷出,高雄市,6
110,12,14,瑞芳區,,,,無年齡維度,0.0,男,遷出,高雄市,6
110,12,15,五股區,,,,無年齡維度,0.0,女,遷入,migrants,98
110,12,15,五股區,,,,無年齡維度,0.0,男,遷入,migrants,95
110,12,15,五股區,,,,無年齡維度,0.0,女,遷入,other,0
110,12,15,五股區,,,,無年齡維度,0.0,男,遷入,other,0
110,12,15,五股區,,,,無年齡維度,0.0,女,遷入,其他縣市,0
110,12,15,五股區,,,,無年齡維度,0.0,男,遷入,其他縣市,0
110,12,15,五股區,,,,無年齡維度,0.0,女,遷入,其他鄉鎮,158
110,12,15,五股區,,,,無年齡維度,0.0,男,遷入,其他鄉鎮,111
110,12,15,五股區,,,,無年齡維度,0.0,女,遷入,合計,231
110,12,15,五股區,,,,無年齡維度,0.0,男,遷入,合計,196
110,12,15,五股區,,,,無年齡維度,0.0,女,遷入,國外,2
110,12,15,五股區,,,,無年齡維度,0.0,男,遷入,國外,3
110,12,15,五股區,,,,無年齡維度,0.0,女,遷入,新北市內,0
110,12,15,五股區,,,,無年齡維度,0.0,男,遷入,新北市內,0
110,12,15,五股區,,,,無年齡維度,0.0,女,遷入,桃園市,8
110,12,15,五股區,,,,無年齡維度,0.0,男,遷入,桃園市,7
110,12,15,五股區,,,,無年齡維度,0.0,女,遷入,福建省,2
110,12,15,五股區,,,,無年齡維度,0.0,男,遷入,福建省,2
110,12,15,五股區,,,,無年齡維度,0.0,女,遷入,臺中市,4
110,12,15,五股區,,,,無年齡維度,0.0,男,遷入,臺中市,6
110,12,15,五股區,,,,無年齡維度,0.0,女,遷入,臺北市,37
110,12,15,五股區,,,,無年齡維度,0.0,男,遷入,臺北市,42
110,12,15,五股區,,,,無年齡維度,0.0,女,遷入,臺南市,1
110,12,15,五股區,,,,無年齡維度,0.0,男,遷入,臺南市,0
110,12,15,五股區,,,,無年齡維度,0.0,女,遷入,臺灣省,13
110,12,15,五股區,,,,無年齡維度,0.0,男,遷入,臺灣省,21
110,12,15,五股區,,,,無年齡維度,0.0,女,遷入,高雄市,4
110,12,15,五股區,,,,無年齡維度,0.0,男,遷入,高雄市,2
110,12,15,五股區,,,,無年齡維度,0.0,女,遷出,migrants,98
110,12,15,五股區,,,,無年齡維度,0.0,男,遷出,migrants,95
110,12,15,五股區,,,,無年齡維度,0.0,女,遷出,other,0
110,12,15,五股區,,,,無年齡維度,0.0,男,遷出,other,0
110,12,15,五股區,,,,無年齡維度,0.0,女,遷出,其他縣市,0
110,12,15,五股區,,,,無年齡維度,0.0,男,遷出,其他縣市,0
110,12,15,五股區,,,,無年齡維度,0.0,女,遷出,其他鄉鎮,112
110,12,15,五股區,,,,無年齡維度,0.0,男,遷出,其他鄉鎮,104
110,12,15,五股區,,,,無年齡維度,0.0,女,遷出,合計,213
110,12,15,五股區,,,,無年齡維度,0.0,男,遷出,合計,193
110,12,15,五股區,,,,無年齡維度,0.0,女,遷出,國外,31
110,12,15,五股區,,,,無年齡維度,0.0,男,遷出,國外,30
110,12,15,五股區,,,,無年齡維度,0.0,女,遷出,新北市內,0
110,12,15,五股區,,,,無年齡維度,0.0,男,遷出,新北市內,0
110,12,15,五股區,,,,無年齡維度,0.0,女,遷出,桃園市,15
110,12,15,五股區,,,,無年齡維度,0.0,男,遷出,桃園市,11
110,12,15,五股區,,,,無年齡維度,0.0,女,遷出,福建省,3
110,12,15,五股區,,,,無年齡維度,0.0,男,遷出,福建省,1
110,12,15,五股區,,,,無年齡維度,0.0,女,遷出,臺中市,1
110,12,15,五股區,,,,無年齡維度,0.0,男,遷出,臺中市,2
110,12,15,五股區,,,,無年齡維度,0.0,女,遷出,臺北市,26
110,12,15,五股區,,,,無年齡維度,0.0,男,遷出,臺北市,23
110,12,15,五股區,,,,無年齡維度,0.0,女,遷出,臺南市,3
110,12,15,五股區,,,,無年齡維度,0.0,男,遷出,臺南市,1
110,12,15,五股區,,,,無年齡維度,0.0,女,遷出,臺灣省,17
110,12,15,五股區,,,,無年齡維度,0.0,男,遷出,臺灣省,17
110,12,15,五股區,,,,無年齡維度,0.0,女,遷出,高雄市,4
110,12,15,五股區,,,,無年齡維度,0.0,男,遷出,高雄市,4
110,12,16,泰山區,,,,無年齡維度,0.0,女,遷入,migrants,85
110,12,16,泰山區,,,,無年齡維度,0.0,男,遷入,migrants,66
110,12,16,泰山區,,,,無年齡維度,0.0,女,遷入,other,0
110,12,16,泰山區,,,,無年齡維度,0.0,男,遷入,other,0
110,12,16,泰山區,,,,無年齡維度,0.0,女,遷入,其他縣市,0
110,12,16,泰山區,,,,無年齡維度,0.0,男,遷入,其他縣市,0
110,12,16,泰山區,,,,無年齡維度,0.0,女,遷入,其他鄉鎮,87
110,12,16,泰山區,,,,無年齡維度,0.0,男,遷入,其他鄉鎮,80
110,12,16,泰山區,,,,無年齡維度,0.0,女,遷入,合計,147
110,12,16,泰山區,,,,無年齡維度,0.0,男,遷入,合計,139
110,12,16,泰山區,,,,無年齡維度,0.0,女,遷入,國外,3
110,12,16,泰山區,,,,無年齡維度,0.0,男,遷入,國外,2
110,12,16,泰山區,,,,無年齡維度,0.0,女,遷入,新北市內,0
110,12,16,泰山區,,,,無年齡維度,0.0,男,遷入,新北市內,0
110,12,16,泰山區,,,,無年齡維度,0.0,女,遷入,桃園市,15
110,12,16,泰山區,,,,無年齡維度,0.0,男,遷入,桃園市,11
110,12,16,泰山區,,,,無年齡維度,0.0,女,遷入,福建省,0
110,12,16,泰山區,,,,無年齡維度,0.0,男,遷入,福建省,0
110,12,16,泰山區,,,,無年齡維度,0.0,女,遷入,臺中市,3
110,12,16,泰山區,,,,無年齡維度,0.0,男,遷入,臺中市,3
110,12,16,泰山區,,,,無年齡維度,0.0,女,遷入,臺北市,15
110,12,16,泰山區,,,,無年齡維度,0.0,男,遷入,臺北市,22
110,12,16,泰山區,,,,無年齡維度,0.0,女,遷入,臺南市,3
110,12,16,泰山區,,,,無年齡維度,0.0,男,遷入,臺南市,2
110,12,16,泰山區,,,,無年齡維度,0.0,女,遷入,臺灣省,12
110,12,16,泰山區,,,,無年齡維度,0.0,男,遷入,臺灣省,15
110,12,16,泰山區,,,,無年齡維度,0.0,女,遷入,高雄市,4
110,12,16,泰山區,,,,無年齡維度,0.0,男,遷入,高雄市,1
110,12,16,泰山區,,,,無年齡維度,0.0,女,遷出,migrants,85
110,12,16,泰山區,,,,無年齡維度,0.0,男,遷出,migrants,66
110,12,16,泰山區,,,,無年齡維度,0.0,女,遷出,other,0
110,12,16,泰山區,,,,無年齡維度,0.0,男,遷出,other,0
110,12,16,泰山區,,,,無年齡維度,0.0,女,遷出,其他縣市,0
110,12,16,泰山區,,,,無年齡維度,0.0,男,遷出,其他縣市,0
110,12,16,泰山區,,,,無年齡維度,0.0,女,遷出,其他鄉鎮,97
110,12,16,泰山區,,,,無年齡維度,0.0,男,遷出,其他鄉鎮,78
110,12,16,泰山區,,,,無年齡維度,0.0,女,遷出,合計,207
110,12,16,泰山區,,,,無年齡維度,0.0,男,遷出,合計,166
110,12,16,泰山區,,,,無年齡維度,0.0,女,遷出,國外,36
110,12,16,泰山區,,,,無年齡維度,0.0,男,遷出,國外,35
110,12,16,泰山區,,,,無年齡維度,0.0,女,遷出,新北市內,0
110,12,16,泰山區,,,,無年齡維度,0.0,男,遷出,新北市內,0
110,12,16,泰山區,,,,無年齡維度,0.0,女,遷出,桃園市,26
110,12,16,泰山區,,,,無年齡維度,0.0,男,遷出,桃園市,22
110,12,16,泰山區,,,,無年齡維度,0.0,女,遷出,福建省,3
110,12,16,泰山區,,,,無年齡維度,0.0,男,遷出,福建省,0
110,12,16,泰山區,,,,無年齡維度,0.0,女,遷出,臺中市,2
110,12,16,泰山區,,,,無年齡維度,0.0,男,遷出,臺中市,3
110,12,16,泰山區,,,,無年齡維度,0.0,女,遷出,臺北市,22
110,12,16,泰山區,,,,無年齡維度,0.0,男,遷出,臺北市,10
110,12,16,泰山區,,,,無年齡維度,0.0,女,遷出,臺南市,4
110,12,16,泰山區,,,,無年齡維度,0.0,男,遷出,臺南市,1
110,12,16,泰山區,,,,無年齡維度,0.0,女,遷出,臺灣省,10
110,12,16,泰山區,,,,無年齡維度,0.0,男,遷出,臺灣省,16
110,12,16,泰山區,,,,無年齡維度,0.0,女,遷出,高雄市,5
110,12,16,泰山區,,,,無年齡維度,0.0,男,遷出,高雄市,1
110,12,17,林口區,,,,無年齡維度,0.0,女,遷入,migrants,282
110,12,17,林口區,,,,無年齡維度,0.0,男,遷入,migrants,248
110,12,17,林口區,,,,無年齡維度,0.0,女,遷入,other,0
110,12,17,林口區,,,,無年齡維度,0.0,男,遷入,other,0
110,12,17,林口區,,,,無年齡維度,0.0,女,遷入,其他縣市,0
110,12,17,林口區,,,,無年齡維度,0.0,男,遷入,其他縣市,0
110,12,17,林口區,,,,無年齡維度,0.0,女,遷入,其他鄉鎮,144
110,12,17,林口區,,,,無年齡維度,0.0,男,遷入,其他鄉鎮,124
110,12,17,林口區,,,,無年齡維度,0.0,女,遷入,合計,490
110,12,17,林口區,,,,無年齡維度,0.0,男,遷入,合計,413
110,12,17,林口區,,,,無年齡維度,0.0,女,遷入,國外,17
110,12,17,林口區,,,,無年齡維度,0.0,男,遷入,國外,10
110,12,17,林口區,,,,無年齡維度,0.0,女,遷入,新北市內,0
110,12,17,林口區,,,,無年齡維度,0.0,男,遷入,新北市內,0
110,12,17,林口區,,,,無年齡維度,0.0,女,遷入,桃園市,123
110,12,17,林口區,,,,無年齡維度,0.0,男,遷入,桃園市,102
110,12,17,林口區,,,,無年齡維度,0.0,女,遷入,福建省,3
110,12,17,林口區,,,,無年齡維度,0.0,男,遷入,福建省,3
110,12,17,林口區,,,,無年齡維度,0.0,女,遷入,臺中市,14
110,12,17,林口區,,,,無年齡維度,0.0,男,遷入,臺中市,11
110,12,17,林口區,,,,無年齡維度,0.0,女,遷入,臺北市,117
110,12,17,林口區,,,,無年齡維度,0.0,男,遷入,臺北市,108
110,12,17,林口區,,,,無年齡維度,0.0,女,遷入,臺南市,12
110,12,17,林口區,,,,無年齡維度,0.0,男,遷入,臺南市,11
110,12,17,林口區,,,,無年齡維度,0.0,女,遷入,臺灣省,41
110,12,17,林口區,,,,無年齡維度,0.0,男,遷入,臺灣省,33
110,12,17,林口區,,,,無年齡維度,0.0,女,遷入,高雄市,6
110,12,17,林口區,,,,無年齡維度,0.0,男,遷入,高雄市,2
110,12,17,林口區,,,,無年齡維度,0.0,女,遷出,migrants,282
110,12,17,林口區,,,,無年齡維度,0.0,男,遷出,migrants,248
110,12,17,林口區,,,,無年齡維度,0.0,女,遷出,other,0
110,12,17,林口區,,,,無年齡維度,0.0,男,遷出,other,0
110,12,17,林口區,,,,無年齡維度,0.0,女,遷出,其他縣市,0
110,12,17,林口區,,,,無年齡維度,0.0,男,遷出,其他縣市,0
110,12,17,林口區,,,,無年齡維度,0.0,女,遷出,其他鄉鎮,55
110,12,17,林口區,,,,無年齡維度,0.0,男,遷出,其他鄉鎮,45
110,12,17,林口區,,,,無年齡維度,0.0,女,遷出,合計,340
110,12,17,林口區,,,,無年齡維度,0.0,男,遷出,合計,269
110,12,17,林口區,,,,無年齡維度,0.0,女,遷出,國外,111
110,12,17,林口區,,,,無年齡維度,0.0,男,遷出,國外,72
110,12,17,林口區,,,,無年齡維度,0.0,女,遷出,新北市內,0
110,12,17,林口區,,,,無年齡維度,0.0,男,遷出,新北市內,0
110,12,17,林口區,,,,無年齡維度,0.0,女,遷出,桃園市,88
110,12,17,林口區,,,,無年齡維度,0.0,男,遷出,桃園市,70
110,12,17,林口區,,,,無年齡維度,0.0,女,遷出,福建省,0
110,12,17,林口區,,,,無年齡維度,0.0,男,遷出,福建省,3
110,12,17,林口區,,,,無年齡維度,0.0,女,遷出,臺中市,14
110,12,17,林口區,,,,無年齡維度,0.0,男,遷出,臺中市,5
110,12,17,林口區,,,,無年齡維度,0.0,女,遷出,臺北市,40
110,12,17,林口區,,,,無年齡維度,0.0,男,遷出,臺北市,39
110,12,17,林口區,,,,無年齡維度,0.0,女,遷出,臺南市,1
110,12,17,林口區,,,,無年齡維度,0.0,男,遷出,臺南市,3
110,12,17,林口區,,,,無年齡維度,0.0,女,遷出,臺灣省,26
110,12,17,林口區,,,,無年齡維度,0.0,男,遷出,臺灣省,29
110,12,17,林口區,,,,無年齡維度,0.0,女,遷出,高雄市,5
110,12,17,林口區,,,,無年齡維度,0.0,男,遷出,高雄市,3
110,12,18,八里區,,,,無年齡維度,0.0,女,遷入,migrants,18
110,12,18,八里區,,,,無年齡維度,0.0,男,遷入,migrants,15
110,12,18,八里區,,,,無年齡維度,0.0,女,遷入,other,0
110,12,18,八里區,,,,無年齡維度,0.0,男,遷入,other,0
110,12,18,八里區,,,,無年齡維度,0.0,女,遷入,其他縣市,0
110,12,18,八里區,,,,無年齡維度,0.0,男,遷入,其他縣市,0
110,12,18,八里區,,,,無年齡維度,0.0,女,遷入,其他鄉鎮,18
110,12,18,八里區,,,,無年齡維度,0.0,男,遷入,其他鄉鎮,14
110,12,18,八里區,,,,無年齡維度,0.0,女,遷入,合計,57
110,12,18,八里區,,,,無年齡維度,0.0,男,遷入,合計,41
110,12,18,八里區,,,,無年齡維度,0.0,女,遷入,國外,3
110,12,18,八里區,,,,無年齡維度,0.0,男,遷入,國外,2
110,12,18,八里區,,,,無年齡維度,0.0,女,遷入,新北市內,0
110,12,18,八里區,,,,無年齡維度,0.0,男,遷入,新北市內,0
110,12,18,八里區,,,,無年齡維度,0.0,女,遷入,桃園市,1
110,12,18,八里區,,,,無年齡維度,0.0,男,遷入,桃園市,1
110,12,18,八里區,,,,無年齡維度,0.0,女,遷入,福建省,1
110,12,18,八里區,,,,無年齡維度,0.0,男,遷入,福建省,0
110,12,18,八里區,,,,無年齡維度,0.0,女,遷入,臺中市,4
110,12,18,八里區,,,,無年齡維度,0.0,男,遷入,臺中市,2
110,12,18,八里區,,,,無年齡維度,0.0,女,遷入,臺北市,22
110,12,18,八里區,,,,無年齡維度,0.0,男,遷入,臺北市,16
110,12,18,八里區,,,,無年齡維度,0.0,女,遷入,臺南市,1
110,12,18,八里區,,,,無年齡維度,0.0,男,遷入,臺南市,0
110,12,18,八里區,,,,無年齡維度,0.0,女,遷入,臺灣省,4
110,12,18,八里區,,,,無年齡維度,0.0,男,遷入,臺灣省,4
110,12,18,八里區,,,,無年齡維度,0.0,女,遷入,高雄市,0
110,12,18,八里區,,,,無年齡維度,0.0,男,遷入,高雄市,0
110,12,18,八里區,,,,無年齡維度,0.0,女,遷出,migrants,18
110,12,18,八里區,,,,無年齡維度,0.0,男,遷出,migrants,15
110,12,18,八里區,,,,無年齡維度,0.0,女,遷出,other,0
110,12,18,八里區,,,,無年齡維度,0.0,男,遷出,other,0
110,12,18,八里區,,,,無年齡維度,0.0,女,遷出,其他縣市,0
110,12,18,八里區,,,,無年齡維度,0.0,男,遷出,其他縣市,0
110,12,18,八里區,,,,無年齡維度,0.0,女,遷出,其他鄉鎮,10
110,12,18,八里區,,,,無年齡維度,0.0,男,遷出,其他鄉鎮,7
110,12,18,八里區,,,,無年齡維度,0.0,女,遷出,合計,50
110,12,18,八里區,,,,無年齡維度,0.0,男,遷出,合計,50
110,12,18,八里區,,,,無年齡維度,0.0,女,遷出,國外,18
110,12,18,八里區,,,,無年齡維度,0.0,男,遷出,國外,16
110,12,18,八里區,,,,無年齡維度,0.0,女,遷出,新北市內,0
110,12,18,八里區,,,,無年齡維度,0.0,男,遷出,新北市內,0
110,12,18,八里區,,,,無年齡維度,0.0,女,遷出,桃園市,0
110,12,18,八里區,,,,無年齡維度,0.0,男,遷出,桃園市,3
110,12,18,八里區,,,,無年齡維度,0.0,女,遷出,福建省,0
110,12,18,八里區,,,,無年齡維度,0.0,男,遷出,福建省,0
110,12,18,八里區,,,,無年齡維度,0.0,女,遷出,臺中市,0
110,12,18,八里區,,,,無年齡維度,0.0,男,遷出,臺中市,1
110,12,18,八里區,,,,無年齡維度,0.0,女,遷出,臺北市,14
110,12,18,八里區,,,,無年齡維度,0.0,男,遷出,臺北市,14
110,12,18,八里區,,,,無年齡維度,0.0,女,遷出,臺南市,1
110,12,18,八里區,,,,無年齡維度,0.0,男,遷出,臺南市,0
110,12,18,八里區,,,,無年齡維度,0.0,女,遷出,臺灣省,6
110,12,18,八里區,,,,無年齡維度,0.0,男,遷出,臺灣省,8
110,12,18,八里區,,,,無年齡維度,0.0,女,遷出,高雄市,1
110,12,18,八里區,,,,無年齡維度,0.0,男,遷出,高雄市,1
110,12,19,深坑區,,,,無年齡維度,0.0,女,遷入,migrants,0
110,12,19,深坑區,,,,無年齡維度,0.0,男,遷入,migrants,1
110,12,19,深坑區,,,,無年齡維度,0.0,女,遷入,other,0
110,12,19,深坑區,,,,無年齡維度,0.0,男,遷入,other,0
110,12,19,深坑區,,,,無年齡維度,0.0,女,遷入,其他縣市,0
110,12,19,深坑區,,,,無年齡維度,0.0,男,遷入,其他縣市,0
110,12,19,深坑區,,,,無年齡維度,0.0,女,遷入,其他鄉鎮,4
110,12,19,深坑區,,,,無年齡維度,0.0,男,遷入,其他鄉鎮,6
110,12,19,深坑區,,,,無年齡維度,0.0,女,遷入,合計,8
110,12,19,深坑區,,,,無年齡維度,0.0,男,遷入,合計,10
110,12,19,深坑區,,,,無年齡維度,0.0,女,遷入,國外,0
110,12,19,深坑區,,,,無年齡維度,0.0,男,遷入,國外,0
110,12,19,深坑區,,,,無年齡維度,0.0,女,遷入,新北市內,0
110,12,19,深坑區,,,,無年齡維度,0.0,男,遷入,新北市內,0
110,12,19,深坑區,,,,無年齡維度,0.0,女,遷入,桃園市,0
110,12,19,深坑區,,,,無年齡維度,0.0,男,遷入,桃園市,0
110,12,19,深坑區,,,,無年齡維度,0.0,女,遷入,福建省,0
110,12,19,深坑區,,,,無年齡維度,0.0,男,遷入,福建省,0
110,12,19,深坑區,,,,無年齡維度,0.0,女,遷入,臺中市,0
110,12,19,深坑區,,,,無年齡維度,0.0,男,遷入,臺中市,0
110,12,19,深坑區,,,,無年齡維度,0.0,女,遷入,臺北市,2
110,12,19,深坑區,,,,無年齡維度,0.0,男,遷入,臺北市,1
110,12,19,深坑區,,,,無年齡維度,0.0,女,遷入,臺南市,0
110,12,19,深坑區,,,,無年齡維度,0.0,男,遷入,臺南市,0
110,12,19,深坑區,,,,無年齡維度,0.0,女,遷入,臺灣省,1
110,12,19,深坑區,,,,無年齡維度,0.0,男,遷入,臺灣省,3
110,12,19,深坑區,,,,無年齡維度,0.0,女,遷入,高雄市,0
110,12,19,深坑區,,,,無年齡維度,0.0,男,遷入,高雄市,0
110,12,19,深坑區,,,,無年齡維度,0.0,女,遷出,migrants,0
110,12,19,深坑區,,,,無年齡維度,0.0,男,遷出,migrants,1
110,12,19,深坑區,,,,無年齡維度,0.0,女,遷出,other,0
110,12,19,深坑區,,,,無年齡維度,0.0,男,遷出,other,0
110,12,19,深坑區,,,,無年齡維度,0.0,女,遷出,其他縣市,0
110,12,19,深坑區,,,,無年齡維度,0.0,男,遷出,其他縣市,0
110,12,19,深坑區,,,,無年齡維度,0.0,女,遷出,其他鄉鎮,10
110,12,19,深坑區,,,,無年齡維度,0.0,男,遷出,其他鄉鎮,3
110,12,19,深坑區,,,,無年齡維度,0.0,女,遷出,合計,19
110,12,19,深坑區,,,,無年齡維度,0.0,男,遷出,合計,10
110,12,19,深坑區,,,,無年齡維度,0.0,女,遷出,國外,5
110,12,19,深坑區,,,,無年齡維度,0.0,男,遷出,國外,1
110,12,19,深坑區,,,,無年齡維度,0.0,女,遷出,新北市內,0
110,12,19,深坑區,,,,無年齡維度,0.0,男,遷出,新北市內,0
110,12,19,深坑區,,,,無年齡維度,0.0,女,遷出,桃園市,0
110,12,19,深坑區,,,,無年齡維度,0.0,男,遷出,桃園市,0
110,12,19,深坑區,,,,無年齡維度,0.0,女,遷出,福建省,0
110,12,19,深坑區,,,,無年齡維度,0.0,男,遷出,福建省,0
110,12,19,深坑區,,,,無年齡維度,0.0,女,遷出,臺中市,0
110,12,19,深坑區,,,,無年齡維度,0.0,男,遷出,臺中市,0
110,12,19,深坑區,,,,無年齡維度,0.0,女,遷出,臺北市,2
110,12,19,深坑區,,,,無年齡維度,0.0,男,遷出,臺北市,1
110,12,19,深坑區,,,,無年齡維度,0.0,女,遷出,臺南市,0
110,12,19,深坑區,,,,無年齡維度,0.0,男,遷出,臺南市,0
110,12,19,深坑區,,,,無年齡維度,0.0,女,遷出,臺灣省,2
110,12,19,深坑區,,,,無年齡維度,0.0,男,遷出,臺灣省,4
110,12,19,深坑區,,,,無年齡維度,0.0,女,遷出,高雄市,0
110,12,19,深坑區,,,,無年齡維度,0.0,男,遷出,高雄市,1
110,12,20,石碇區,,,,無年齡維度,0.0,女,遷入,migrants,2
110,12,20,石碇區,,,,無年齡維度,0.0,男,遷入,migrants,4
110,12,20,石碇區,,,,無年齡維度,0.0,女,遷入,other,0
110,12,20,石碇區,,,,無年齡維度,0.0,男,遷入,other,0
110,12,20,石碇區,,,,無年齡維度,0.0,女,遷入,其他縣市,0
110,12,20,石碇區,,,,無年齡維度,0.0,男,遷入,其他縣市,0
110,12,20,石碇區,,,,無年齡維度,0.0,女,遷入,其他鄉鎮,6
110,12,20,石碇區,,,,無年齡維度,0.0,男,遷入,其他鄉鎮,2
110,12,20,石碇區,,,,無年齡維度,0.0,女,遷入,合計,12
110,12,20,石碇區,,,,無年齡維度,0.0,男,遷入,合計,4
110,12,20,石碇區,,,,無年齡維度,0.0,女,遷入,國外,0
110,12,20,石碇區,,,,無年齡維度,0.0,男,遷入,國外,0
110,12,20,石碇區,,,,無年齡維度,0.0,女,遷入,新北市內,0
110,12,20,石碇區,,,,無年齡維度,0.0,男,遷入,新北市內,0
110,12,20,石碇區,,,,無年齡維度,0.0,女,遷入,桃園市,2
110,12,20,石碇區,,,,無年齡維度,0.0,男,遷入,桃園市,0
110,12,20,石碇區,,,,無年齡維度,0.0,女,遷入,福建省,0
110,12,20,石碇區,,,,無年齡維度,0.0,男,遷入,福建省,0
110,12,20,石碇區,,,,無年齡維度,0.0,女,遷入,臺中市,0
110,12,20,石碇區,,,,無年齡維度,0.0,男,遷入,臺中市,0
110,12,20,石碇區,,,,無年齡維度,0.0,女,遷入,臺北市,3
110,12,20,石碇區,,,,無年齡維度,0.0,男,遷入,臺北市,2
110,12,20,石碇區,,,,無年齡維度,0.0,女,遷入,臺南市,0
110,12,20,石碇區,,,,無年齡維度,0.0,男,遷入,臺南市,0
110,12,20,石碇區,,,,無年齡維度,0.0,女,遷入,臺灣省,1
110,12,20,石碇區,,,,無年齡維度,0.0,男,遷入,臺灣省,0
110,12,20,石碇區,,,,無年齡維度,0.0,女,遷入,高雄市,0
110,12,20,石碇區,,,,無年齡維度,0.0,男,遷入,高雄市,0
110,12,20,石碇區,,,,無年齡維度,0.0,女,遷出,migrants,2
110,12,20,石碇區,,,,無年齡維度,0.0,男,遷出,migrants,4
110,12,20,石碇區,,,,無年齡維度,0.0,女,遷出,other,0
110,12,20,石碇區,,,,無年齡維度,0.0,男,遷出,other,0
110,12,20,石碇區,,,,無年齡維度,0.0,女,遷出,其他縣市,0
110,12,20,石碇區,,,,無年齡維度,0.0,男,遷出,其他縣市,0
110,12,20,石碇區,,,,無年齡維度,0.0,女,遷出,其他鄉鎮,6
110,12,20,石碇區,,,,無年齡維度,0.0,男,遷出,其他鄉鎮,5
110,12,20,石碇區,,,,無年齡維度,0.0,女,遷出,合計,11
110,12,20,石碇區,,,,無年齡維度,0.0,男,遷出,合計,11
110,12,20,石碇區,,,,無年齡維度,0.0,女,遷出,國外,2
110,12,20,石碇區,,,,無年齡維度,0.0,男,遷出,國外,2
110,12,20,石碇區,,,,無年齡維度,0.0,女,遷出,新北市內,0
110,12,20,石碇區,,,,無年齡維度,0.0,男,遷出,新北市內,0
110,12,20,石碇區,,,,無年齡維度,0.0,女,遷出,桃園市,1
110,12,20,石碇區,,,,無年齡維度,0.0,男,遷出,桃園市,2
110,12,20,石碇區,,,,無年齡維度,0.0,女,遷出,福建省,0
110,12,20,石碇區,,,,無年齡維度,0.0,男,遷出,福建省,0
110,12,20,石碇區,,,,無年齡維度,0.0,女,遷出,臺中市,0
110,12,20,石碇區,,,,無年齡維度,0.0,男,遷出,臺中市,0
110,12,20,石碇區,,,,無年齡維度,0.0,女,遷出,臺北市,1
110,12,20,石碇區,,,,無年齡維度,0.0,男,遷出,臺北市,0
110,12,20,石碇區,,,,無年齡維度,0.0,女,遷出,臺南市,0
110,12,20,石碇區,,,,無年齡維度,0.0,男,遷出,臺南市,0
110,12,20,石碇區,,,,無年齡維度,0.0,女,遷出,臺灣省,1
110,12,20,石碇區,,,,無年齡維度,0.0,男,遷出,臺灣省,2
110,12,20,石碇區,,,,無年齡維度,0.0,女,遷出,高雄市,0
110,12,20,石碇區,,,,無年齡維度,0.0,男,遷出,高雄市,0
110,12,21,坪林區,,,,無年齡維度,0.0,女,遷入,migrants,20
110,12,21,坪林區,,,,無年齡維度,0.0,男,遷入,migrants,15
110,12,21,坪林區,,,,無年齡維度,0.0,女,遷入,other,0
110,12,21,坪林區,,,,無年齡維度,0.0,男,遷入,other,0
110,12,21,坪林區,,,,無年齡維度,0.0,女,遷入,其他縣市,0
110,12,21,坪林區,,,,無年齡維度,0.0,男,遷入,其他縣市,0
110,12,21,坪林區,,,,無年齡維度,0.0,女,遷入,其他鄉鎮,22
110,12,21,坪林區,,,,無年齡維度,0.0,男,遷入,其他鄉鎮,18
110,12,21,坪林區,,,,無年齡維度,0.0,女,遷入,合計,41
110,12,21,坪林區,,,,無年齡維度,0.0,男,遷入,合計,35
110,12,21,坪林區,,,,無年齡維度,0.0,女,遷入,國外,1
110,12,21,坪林區,,,,無年齡維度,0.0,男,遷入,國外,1
110,12,21,坪林區,,,,無年齡維度,0.0,女,遷入,新北市內,0
110,12,21,坪林區,,,,無年齡維度,0.0,男,遷入,新北市內,0
110,12,21,坪林區,,,,無年齡維度,0.0,女,遷入,桃園市,0
110,12,21,坪林區,,,,無年齡維度,0.0,男,遷入,桃園市,0
110,12,21,坪林區,,,,無年齡維度,0.0,女,遷入,福建省,0
110,12,21,坪林區,,,,無年齡維度,0.0,男,遷入,福建省,0
110,12,21,坪林區,,,,無年齡維度,0.0,女,遷入,臺中市,1
110,12,21,坪林區,,,,無年齡維度,0.0,男,遷入,臺中市,0
110,12,21,坪林區,,,,無年齡維度,0.0,女,遷入,臺北市,13
110,12,21,坪林區,,,,無年齡維度,0.0,男,遷入,臺北市,8
110,12,21,坪林區,,,,無年齡維度,0.0,女,遷入,臺南市,0
110,12,21,坪林區,,,,無年齡維度,0.0,男,遷入,臺南市,0
110,12,21,坪林區,,,,無年齡維度,0.0,女,遷入,臺灣省,4
110,12,21,坪林區,,,,無年齡維度,0.0,男,遷入,臺灣省,8
110,12,21,坪林區,,,,無年齡維度,0.0,女,遷入,高雄市,0
110,12,21,坪林區,,,,無年齡維度,0.0,男,遷入,高雄市,0
110,12,21,坪林區,,,,無年齡維度,0.0,女,遷出,migrants,20
110,12,21,坪林區,,,,無年齡維度,0.0,男,遷出,migrants,15
110,12,21,坪林區,,,,無年齡維度,0.0,女,遷出,other,0
110,12,21,坪林區,,,,無年齡維度,0.0,男,遷出,other,0
110,12,21,坪林區,,,,無年齡維度,0.0,女,遷出,其他縣市,0
110,12,21,坪林區,,,,無年齡維度,0.0,男,遷出,其他縣市,0
110,12,21,坪林區,,,,無年齡維度,0.0,女,遷出,其他鄉鎮,26
110,12,21,坪林區,,,,無年齡維度,0.0,男,遷出,其他鄉鎮,19
110,12,21,坪林區,,,,無年齡維度,0.0,女,遷出,合計,52
110,12,21,坪林區,,,,無年齡維度,0.0,男,遷出,合計,42
110,12,21,坪林區,,,,無年齡維度,0.0,女,遷出,國外,12
110,12,21,坪林區,,,,無年齡維度,0.0,男,遷出,國外,15
110,12,21,坪林區,,,,無年齡維度,0.0,女,遷出,新北市內,0
110,12,21,坪林區,,,,無年齡維度,0.0,男,遷出,新北市內,0
110,12,21,坪林區,,,,無年齡維度,0.0,女,遷出,桃園市,5
110,12,21,坪林區,,,,無年齡維度,0.0,男,遷出,桃園市,3
110,12,21,坪林區,,,,無年齡維度,0.0,女,遷出,福建省,0
110,12,21,坪林區,,,,無年齡維度,0.0,男,遷出,福建省,0
110,12,21,坪林區,,,,無年齡維度,0.0,女,遷出,臺中市,0
110,12,21,坪林區,,,,無年齡維度,0.0,男,遷出,臺中市,1
110,12,21,坪林區,,,,無年齡維度,0.0,女,遷出,臺北市,5
110,12,21,坪林區,,,,無年齡維度,0.0,男,遷出,臺北市,1
110,12,21,坪林區,,,,無年齡維度,0.0,女,遷出,臺南市,0
110,12,21,坪林區,,,,無年齡維度,0.0,男,遷出,臺南市,0
110,12,21,坪林區,,,,無年齡維度,0.0,女,遷出,臺灣省,3
110,12,21,坪林區,,,,無年齡維度,0.0,男,遷出,臺灣省,2
110,12,21,坪林區,,,,無年齡維度,0.0,女,遷出,高雄市,1
110,12,21,坪林區,,,,無年齡維度,0.0,男,遷出,高雄市,1
110,12,22,三芝區,,,,無年齡維度,0.0,女,遷入,migrants,4
110,12,22,三芝區,,,,無年齡維度,0.0,男,遷入,migrants,4
110,12,22,三芝區,,,,無年齡維度,0.0,女,遷入,other,0
110,12,22,三芝區,,,,無年齡維度,0.0,男,遷入,other,0
110,12,22,三芝區,,,,無年齡維度,0.0,女,遷入,其他縣市,0
110,12,22,三芝區,,,,無年齡維度,0.0,男,遷入,其他縣市,0
110,12,22,三芝區,,,,無年齡維度,0.0,女,遷入,其他鄉鎮,5
110,12,22,三芝區,,,,無年齡維度,0.0,男,遷入,其他鄉鎮,4
110,12,22,三芝區,,,,無年齡維度,0.0,女,遷入,合計,11
110,12,22,三芝區,,,,無年齡維度,0.0,男,遷入,合計,6
110,12,22,三芝區,,,,無年齡維度,0.0,女,遷入,國外,2
110,12,22,三芝區,,,,無年齡維度,0.0,男,遷入,國外,0
110,12,22,三芝區,,,,無年齡維度,0.0,女,遷入,新北市內,0
110,12,22,三芝區,,,,無年齡維度,0.0,男,遷入,新北市內,0
110,12,22,三芝區,,,,無年齡維度,0.0,女,遷入,桃園市,0
110,12,22,三芝區,,,,無年齡維度,0.0,男,遷入,桃園市,1
110,12,22,三芝區,,,,無年齡維度,0.0,女,遷入,福建省,0
110,12,22,三芝區,,,,無年齡維度,0.0,男,遷入,福建省,0
110,12,22,三芝區,,,,無年齡維度,0.0,女,遷入,臺中市,1
110,12,22,三芝區,,,,無年齡維度,0.0,男,遷入,臺中市,0
110,12,22,三芝區,,,,無年齡維度,0.0,女,遷入,臺北市,2
110,12,22,三芝區,,,,無年齡維度,0.0,男,遷入,臺北市,0
110,12,22,三芝區,,,,無年齡維度,0.0,女,遷入,臺南市,0
110,12,22,三芝區,,,,無年齡維度,0.0,男,遷入,臺南市,0
110,12,22,三芝區,,,,無年齡維度,0.0,女,遷入,臺灣省,1
110,12,22,三芝區,,,,無年齡維度,0.0,男,遷入,臺灣省,1
110,12,22,三芝區,,,,無年齡維度,0.0,女,遷入,高雄市,0
110,12,22,三芝區,,,,無年齡維度,0.0,男,遷入,高雄市,0
110,12,22,三芝區,,,,無年齡維度,0.0,女,遷出,migrants,4
110,12,22,三芝區,,,,無年齡維度,0.0,男,遷出,migrants,4
110,12,22,三芝區,,,,無年齡維度,0.0,女,遷出,other,0
110,12,22,三芝區,,,,無年齡維度,0.0,男,遷出,other,0
110,12,22,三芝區,,,,無年齡維度,0.0,女,遷出,其他縣市,0
110,12,22,三芝區,,,,無年齡維度,0.0,男,遷出,其他縣市,0
110,12,22,三芝區,,,,無年齡維度,0.0,女,遷出,其他鄉鎮,10
110,12,22,三芝區,,,,無年齡維度,0.0,男,遷出,其他鄉鎮,12
110,12,22,三芝區,,,,無年齡維度,0.0,女,遷出,合計,15
110,12,22,三芝區,,,,無年齡維度,0.0,男,遷出,合計,18
110,12,22,三芝區,,,,無年齡維度,0.0,女,遷出,國外,2
110,12,22,三芝區,,,,無年齡維度,0.0,男,遷出,國外,2
110,12,22,三芝區,,,,無年齡維度,0.0,女,遷出,新北市內,0
110,12,22,三芝區,,,,無年齡維度,0.0,男,遷出,新北市內,0
110,12,22,三芝區,,,,無年齡維度,0.0,女,遷出,桃園市,2
110,12,22,三芝區,,,,無年齡維度,0.0,男,遷出,桃園市,1
110,12,22,三芝區,,,,無年齡維度,0.0,女,遷出,福建省,0
110,12,22,三芝區,,,,無年齡維度,0.0,男,遷出,福建省,0
110,12,22,三芝區,,,,無年齡維度,0.0,女,遷出,臺中市,0
110,12,22,三芝區,,,,無年齡維度,0.0,男,遷出,臺中市,0
110,12,22,三芝區,,,,無年齡維度,0.0,女,遷出,臺北市,0
110,12,22,三芝區,,,,無年齡維度,0.0,男,遷出,臺北市,2
110,12,22,三芝區,,,,無年齡維度,0.0,女,遷出,臺南市,0
110,12,22,三芝區,,,,無年齡維度,0.0,男,遷出,臺南市,0
110,12,22,三芝區,,,,無年齡維度,0.0,女,遷出,臺灣省,1
110,12,22,三芝區,,,,無年齡維度,0.0,男,遷出,臺灣省,1
110,12,22,三芝區,,,,無年齡維度,0.0,女,遷出,高雄市,0
110,12,22,三芝區,,,,無年齡維度,0.0,男,遷出,高雄市,0
110,12,23,石門區,,,,無年齡維度,0.0,女,遷入,migrants,60
110,12,23,石門區,,,,無年齡維度,0.0,男,遷入,migrants,45
110,12,23,石門區,,,,無年齡維度,0.0,女,遷入,other,0
110,12,23,石門區,,,,無年齡維度,0.0,男,遷入,other,0
110,12,23,石門區,,,,無年齡維度,0.0,女,遷入,其他縣市,0
110,12,23,石門區,,,,無年齡維度,0.0,男,遷入,其他縣市,0
110,12,23,石門區,,,,無年齡維度,0.0,女,遷入,其他鄉鎮,53
110,12,23,石門區,,,,無年齡維度,0.0,男,遷入,其他鄉鎮,52
110,12,23,石門區,,,,無年齡維度,0.0,女,遷入,合計,108
110,12,23,石門區,,,,無年齡維度,0.0,男,遷入,合計,108
110,12,23,石門區,,,,無年齡維度,0.0,女,遷入,國外,1
110,12,23,石門區,,,,無年齡維度,0.0,男,遷入,國外,4
110,12,23,石門區,,,,無年齡維度,0.0,女,遷入,新北市內,0
110,12,23,石門區,,,,無年齡維度,0.0,男,遷入,新北市內,0
110,12,23,石門區,,,,無年齡維度,0.0,女,遷入,桃園市,3
110,12,23,石門區,,,,無年齡維度,0.0,男,遷入,桃園市,3
110,12,23,石門區,,,,無年齡維度,0.0,女,遷入,福建省,0
110,12,23,石門區,,,,無年齡維度,0.0,男,遷入,福建省,3
110,12,23,石門區,,,,無年齡維度,0.0,女,遷入,臺中市,2
110,12,23,石門區,,,,無年齡維度,0.0,男,遷入,臺中市,2
110,12,23,石門區,,,,無年齡維度,0.0,女,遷入,臺北市,32
110,12,23,石門區,,,,無年齡維度,0.0,男,遷入,臺北市,33
110,12,23,石門區,,,,無年齡維度,0.0,女,遷入,臺南市,2
110,12,23,石門區,,,,無年齡維度,0.0,男,遷入,臺南市,3
110,12,23,石門區,,,,無年齡維度,0.0,女,遷入,臺灣省,9
110,12,23,石門區,,,,無年齡維度,0.0,男,遷入,臺灣省,4
110,12,23,石門區,,,,無年齡維度,0.0,女,遷入,高雄市,4
110,12,23,石門區,,,,無年齡維度,0.0,男,遷入,高雄市,3
110,12,23,石門區,,,,無年齡維度,0.0,女,遷出,migrants,60
110,12,23,石門區,,,,無年齡維度,0.0,男,遷出,migrants,45
110,12,23,石門區,,,,無年齡維度,0.0,女,遷出,other,0
110,12,23,石門區,,,,無年齡維度,0.0,男,遷出,other,0
110,12,23,石門區,,,,無年齡維度,0.0,女,遷出,其他縣市,0
110,12,23,石門區,,,,無年齡維度,0.0,男,遷出,其他縣市,0
110,12,23,石門區,,,,無年齡維度,0.0,女,遷出,其他鄉鎮,25
110,12,23,石門區,,,,無年齡維度,0.0,男,遷出,其他鄉鎮,25
110,12,23,石門區,,,,無年齡維度,0.0,女,遷出,合計,98
110,12,23,石門區,,,,無年齡維度,0.0,男,遷出,合計,93
110,12,23,石門區,,,,無年齡維度,0.0,女,遷出,國外,24
110,12,23,石門區,,,,無年齡維度,0.0,男,遷出,國外,28
110,12,23,石門區,,,,無年齡維度,0.0,女,遷出,新北市內,0
110,12,23,石門區,,,,無年齡維度,0.0,男,遷出,新北市內,0
110,12,23,石門區,,,,無年齡維度,0.0,女,遷出,桃園市,8
110,12,23,石門區,,,,無年齡維度,0.0,男,遷出,桃園市,6
110,12,23,石門區,,,,無年齡維度,0.0,女,遷出,福建省,0
110,12,23,石門區,,,,無年齡維度,0.0,男,遷出,福建省,1
110,12,23,石門區,,,,無年齡維度,0.0,女,遷出,臺中市,2
110,12,23,石門區,,,,無年齡維度,0.0,男,遷出,臺中市,1
110,12,23,石門區,,,,無年齡維度,0.0,女,遷出,臺北市,26
110,12,23,石門區,,,,無年齡維度,0.0,男,遷出,臺北市,22
110,12,23,石門區,,,,無年齡維度,0.0,女,遷出,臺南市,1
110,12,23,石門區,,,,無年齡維度,0.0,男,遷出,臺南市,0
110,12,23,石門區,,,,無年齡維度,0.0,女,遷出,臺灣省,11
110,12,23,石門區,,,,無年齡維度,0.0,男,遷出,臺灣省,8
110,12,23,石門區,,,,無年齡維度,0.0,女,遷出,高雄市,1
110,12,23,石門區,,,,無年齡維度,0.0,男,遷出,高雄市,2
110,12,24,金山區,,,,無年齡維度,0.0,女,遷入,migrants,6
110,12,24,金山區,,,,無年齡維度,0.0,男,遷入,migrants,2
110,12,24,金山區,,,,無年齡維度,0.0,女,遷入,other,0
110,12,24,金山區,,,,無年齡維度,0.0,男,遷入,other,0
110,12,24,金山區,,,,無年齡維度,0.0,女,遷入,其他縣市,0
110,12,24,金山區,,,,無年齡維度,0.0,男,遷入,其他縣市,0
110,12,24,金山區,,,,無年齡維度,0.0,女,遷入,其他鄉鎮,1
110,12,24,金山區,,,,無年齡維度,0.0,男,遷入,其他鄉鎮,5
110,12,24,金山區,,,,無年齡維度,0.0,女,遷入,合計,4
110,12,24,金山區,,,,無年齡維度,0.0,男,遷入,合計,9
110,12,24,金山區,,,,無年齡維度,0.0,女,遷入,國外,0
110,12,24,金山區,,,,無年齡維度,0.0,男,遷入,國外,0
110,12,24,金山區,,,,無年齡維度,0.0,女,遷入,新北市內,0
110,12,24,金山區,,,,無年齡維度,0.0,男,遷入,新北市內,0
110,12,24,金山區,,,,無年齡維度,0.0,女,遷入,桃園市,0
110,12,24,金山區,,,,無年齡維度,0.0,男,遷入,桃園市,0
110,12,24,金山區,,,,無年齡維度,0.0,女,遷入,福建省,0
110,12,24,金山區,,,,無年齡維度,0.0,男,遷入,福建省,0
110,12,24,金山區,,,,無年齡維度,0.0,女,遷入,臺中市,0
110,12,24,金山區,,,,無年齡維度,0.0,男,遷入,臺中市,0
110,12,24,金山區,,,,無年齡維度,0.0,女,遷入,臺北市,0
110,12,24,金山區,,,,無年齡維度,0.0,男,遷入,臺北市,1
110,12,24,金山區,,,,無年齡維度,0.0,女,遷入,臺南市,0
110,12,24,金山區,,,,無年齡維度,0.0,男,遷入,臺南市,0
110,12,24,金山區,,,,無年齡維度,0.0,女,遷入,臺灣省,2
110,12,24,金山區,,,,無年齡維度,0.0,男,遷入,臺灣省,3
110,12,24,金山區,,,,無年齡維度,0.0,女,遷入,高雄市,1
110,12,24,金山區,,,,無年齡維度,0.0,男,遷入,高雄市,0
110,12,24,金山區,,,,無年齡維度,0.0,女,遷出,migrants,6
110,12,24,金山區,,,,無年齡維度,0.0,男,遷出,migrants,2
110,12,24,金山區,,,,無年齡維度,0.0,女,遷出,other,0
110,12,24,金山區,,,,無年齡維度,0.0,男,遷出,other,0
110,12,24,金山區,,,,無年齡維度,0.0,女,遷出,其他縣市,0
110,12,24,金山區,,,,無年齡維度,0.0,男,遷出,其他縣市,0
110,12,24,金山區,,,,無年齡維度,0.0,女,遷出,其他鄉鎮,3
110,12,24,金山區,,,,無年齡維度,0.0,男,遷出,其他鄉鎮,1
110,12,24,金山區,,,,無年齡維度,0.0,女,遷出,合計,7
110,12,24,金山區,,,,無年齡維度,0.0,男,遷出,合計,6
110,12,24,金山區,,,,無年齡維度,0.0,女,遷出,國外,1
110,12,24,金山區,,,,無年齡維度,0.0,男,遷出,國外,2
110,12,24,金山區,,,,無年齡維度,0.0,女,遷出,新北市內,0
110,12,24,金山區,,,,無年齡維度,0.0,男,遷出,新北市內,0
110,12,24,金山區,,,,無年齡維度,0.0,女,遷出,桃園市,1
110,12,24,金山區,,,,無年齡維度,0.0,男,遷出,桃園市,0
110,12,24,金山區,,,,無年齡維度,0.0,女,遷出,福建省,0
110,12,24,金山區,,,,無年齡維度,0.0,男,遷出,福建省,0
110,12,24,金山區,,,,無年齡維度,0.0,女,遷出,臺中市,0
110,12,24,金山區,,,,無年齡維度,0.0,男,遷出,臺中市,0
110,12,24,金山區,,,,無年齡維度,0.0,女,遷出,臺北市,0
110,12,24,金山區,,,,無年齡維度,0.0,男,遷出,臺北市,0
110,12,24,金山區,,,,無年齡維度,0.0,女,遷出,臺南市,0
110,12,24,金山區,,,,無年齡維度,0.0,男,遷出,臺南市,0
110,12,24,金山區,,,,無年齡維度,0.0,女,遷出,臺灣省,0
110,12,24,金山區,,,,無年齡維度,0.0,男,遷出,臺灣省,2
110,12,24,金山區,,,,無年齡維度,0.0,女,遷出,高雄市,2
110,12,24,金山區,,,,無年齡維度,0.0,男,遷出,高雄市,1
110,12,25,萬里區,,,,無年齡維度,0.0,女,遷入,migrants,2
110,12,25,萬里區,,,,無年齡維度,0.0,男,遷入,migrants,2
110,12,25,萬里區,,,,無年齡維度,0.0,女,遷入,other,0
110,12,25,萬里區,,,,無年齡維度,0.0,男,遷入,other,0
110,12,25,萬里區,,,,無年齡維度,0.0,女,遷入,其他縣市,0
110,12,25,萬里區,,,,無年齡維度,0.0,男,遷入,其他縣市,0
110,12,25,萬里區,,,,無年齡維度,0.0,女,遷入,其他鄉鎮,4
110,12,25,萬里區,,,,無年齡維度,0.0,男,遷入,其他鄉鎮,6
110,12,25,萬里區,,,,無年齡維度,0.0,女,遷入,合計,10
110,12,25,萬里區,,,,無年齡維度,0.0,男,遷入,合計,16
110,12,25,萬里區,,,,無年齡維度,0.0,女,遷入,國外,0
110,12,25,萬里區,,,,無年齡維度,0.0,男,遷入,國外,0
110,12,25,萬里區,,,,無年齡維度,0.0,女,遷入,新北市內,0
110,12,25,萬里區,,,,無年齡維度,0.0,男,遷入,新北市內,0
110,12,25,萬里區,,,,無年齡維度,0.0,女,遷入,桃園市,2
110,12,25,萬里區,,,,無年齡維度,0.0,男,遷入,桃園市,4
110,12,25,萬里區,,,,無年齡維度,0.0,女,遷入,福建省,0
110,12,25,萬里區,,,,無年齡維度,0.0,男,遷入,福建省,0
110,12,25,萬里區,,,,無年齡維度,0.0,女,遷入,臺中市,0
110,12,25,萬里區,,,,無年齡維度,0.0,男,遷入,臺中市,0
110,12,25,萬里區,,,,無年齡維度,0.0,女,遷入,臺北市,2
110,12,25,萬里區,,,,無年齡維度,0.0,男,遷入,臺北市,2
110,12,25,萬里區,,,,無年齡維度,0.0,女,遷入,臺南市,0
110,12,25,萬里區,,,,無年齡維度,0.0,男,遷入,臺南市,0
110,12,25,萬里區,,,,無年齡維度,0.0,女,遷入,臺灣省,2
110,12,25,萬里區,,,,無年齡維度,0.0,男,遷入,臺灣省,4
110,12,25,萬里區,,,,無年齡維度,0.0,女,遷入,高雄市,0
110,12,25,萬里區,,,,無年齡維度,0.0,男,遷入,高雄市,0
110,12,25,萬里區,,,,無年齡維度,0.0,女,遷出,migrants,2
110,12,25,萬里區,,,,無年齡維度,0.0,男,遷出,migrants,2
110,12,25,萬里區,,,,無年齡維度,0.0,女,遷出,other,0
110,12,25,萬里區,,,,無年齡維度,0.0,男,遷出,other,0
110,12,25,萬里區,,,,無年齡維度,0.0,女,遷出,其他縣市,0
110,12,25,萬里區,,,,無年齡維度,0.0,男,遷出,其他縣市,0
110,12,25,萬里區,,,,無年齡維度,0.0,女,遷出,其他鄉鎮,8
110,12,25,萬里區,,,,無年齡維度,0.0,男,遷出,其他鄉鎮,5
110,12,25,萬里區,,,,無年齡維度,0.0,女,遷出,合計,12
110,12,25,萬里區,,,,無年齡維度,0.0,男,遷出,合計,11
110,12,25,萬里區,,,,無年齡維度,0.0,女,遷出,國外,2
110,12,25,萬里區,,,,無年齡維度,0.0,男,遷出,國外,1
110,12,25,萬里區,,,,無年齡維度,0.0,女,遷出,新北市內,0
110,12,25,萬里區,,,,無年齡維度,0.0,男,遷出,新北市內,0
110,12,25,萬里區,,,,無年齡維度,0.0,女,遷出,桃園市,1
110,12,25,萬里區,,,,無年齡維度,0.0,男,遷出,桃園市,2
110,12,25,萬里區,,,,無年齡維度,0.0,女,遷出,福建省,0
110,12,25,萬里區,,,,無年齡維度,0.0,男,遷出,福建省,0
110,12,25,萬里區,,,,無年齡維度,0.0,女,遷出,臺中市,0
110,12,25,萬里區,,,,無年齡維度,0.0,男,遷出,臺中市,1
110,12,25,萬里區,,,,無年齡維度,0.0,女,遷出,臺北市,1
110,12,25,萬里區,,,,無年齡維度,0.0,男,遷出,臺北市,1
110,12,25,萬里區,,,,無年齡維度,0.0,女,遷出,臺南市,0
110,12,25,萬里區,,,,無年齡維度,0.0,男,遷出,臺南市,0
110,12,25,萬里區,,,,無年齡維度,0.0,女,遷出,臺灣省,0
110,12,25,萬里區,,,,無年齡維度,0.0,男,遷出,臺灣省,1
110,12,25,萬里區,,,,無年齡維度,0.0,女,遷出,高雄市,0
110,12,25,萬里區,,,,無年齡維度,0.0,男,遷出,高雄市,0
110,12,26,平溪區,,,,無年齡維度,0.0,女,遷入,migrants,3
110,12,26,平溪區,,,,無年齡維度,0.0,男,遷入,migrants,12
110,12,26,平溪區,,,,無年齡維度,0.0,女,遷入,other,0
110,12,26,平溪區,,,,無年齡維度,0.0,男,遷入,other,0
110,12,26,平溪區,,,,無年齡維度,0.0,女,遷入,其他縣市,0
110,12,26,平溪區,,,,無年齡維度,0.0,男,遷入,其他縣市,0
110,12,26,平溪區,,,,無年齡維度,0.0,女,遷入,其他鄉鎮,2
110,12,26,平溪區,,,,無年齡維度,0.0,男,遷入,其他鄉鎮,9
110,12,26,平溪區,,,,無年齡維度,0.0,女,遷入,合計,6
110,12,26,平溪區,,,,無年齡維度,0.0,男,遷入,合計,12
110,12,26,平溪區,,,,無年齡維度,0.0,女,遷入,國外,1
110,12,26,平溪區,,,,無年齡維度,0.0,男,遷入,國外,0
110,12,26,平溪區,,,,無年齡維度,0.0,女,遷入,新北市內,0
110,12,26,平溪區,,,,無年齡維度,0.0,男,遷入,新北市內,0
110,12,26,平溪區,,,,無年齡維度,0.0,女,遷入,桃園市,0
110,12,26,平溪區,,,,無年齡維度,0.0,男,遷入,桃園市,1
110,12,26,平溪區,,,,無年齡維度,0.0,女,遷入,福建省,0
110,12,26,平溪區,,,,無年齡維度,0.0,男,遷入,福建省,0
110,12,26,平溪區,,,,無年齡維度,0.0,女,遷入,臺中市,0
110,12,26,平溪區,,,,無年齡維度,0.0,男,遷入,臺中市,0
110,12,26,平溪區,,,,無年齡維度,0.0,女,遷入,臺北市,2
110,12,26,平溪區,,,,無年齡維度,0.0,男,遷入,臺北市,0
110,12,26,平溪區,,,,無年齡維度,0.0,女,遷入,臺南市,0
110,12,26,平溪區,,,,無年齡維度,0.0,男,遷入,臺南市,0
110,12,26,平溪區,,,,無年齡維度,0.0,女,遷入,臺灣省,0
110,12,26,平溪區,,,,無年齡維度,0.0,男,遷入,臺灣省,2
110,12,26,平溪區,,,,無年齡維度,0.0,女,遷入,高雄市,0
110,12,26,平溪區,,,,無年齡維度,0.0,男,遷入,高雄市,0
110,12,26,平溪區,,,,無年齡維度,0.0,女,遷出,migrants,3
110,12,26,平溪區,,,,無年齡維度,0.0,男,遷出,migrants,12
110,12,26,平溪區,,,,無年齡維度,0.0,女,遷出,other,0
110,12,26,平溪區,,,,無年齡維度,0.0,男,遷出,other,0
110,12,26,平溪區,,,,無年齡維度,0.0,女,遷出,其他縣市,0
110,12,26,平溪區,,,,無年齡維度,0.0,男,遷出,其他縣市,0
110,12,26,平溪區,,,,無年齡維度,0.0,女,遷出,其他鄉鎮,10
110,12,26,平溪區,,,,無年齡維度,0.0,男,遷出,其他鄉鎮,7
110,12,26,平溪區,,,,無年齡維度,0.0,女,遷出,合計,24
110,12,26,平溪區,,,,無年齡維度,0.0,男,遷出,合計,15
110,12,26,平溪區,,,,無年齡維度,0.0,女,遷出,國外,3
110,12,26,平溪區,,,,無年齡維度,0.0,男,遷出,國外,2
110,12,26,平溪區,,,,無年齡維度,0.0,女,遷出,新北市內,0
110,12,26,平溪區,,,,無年齡維度,0.0,男,遷出,新北市內,0
110,12,26,平溪區,,,,無年齡維度,0.0,女,遷出,桃園市,1
110,12,26,平溪區,,,,無年齡維度,0.0,男,遷出,桃園市,1
110,12,26,平溪區,,,,無年齡維度,0.0,女,遷出,福建省,0
110,12,26,平溪區,,,,無年齡維度,0.0,男,遷出,福建省,0
110,12,26,平溪區,,,,無年齡維度,0.0,女,遷出,臺中市,2
110,12,26,平溪區,,,,無年齡維度,0.0,男,遷出,臺中市,1
110,12,26,平溪區,,,,無年齡維度,0.0,女,遷出,臺北市,3
110,12,26,平溪區,,,,無年齡維度,0.0,男,遷出,臺北市,2
110,12,26,平溪區,,,,無年齡維度,0.0,女,遷出,臺南市,1
110,12,26,平溪區,,,,無年齡維度,0.0,男,遷出,臺南市,0
110,12,26,平溪區,,,,無年齡維度,0.0,女,遷出,臺灣省,4
110,12,26,平溪區,,,,無年齡維度,0.0,男,遷出,臺灣省,2
110,12,26,平溪區,,,,無年齡維度,0.0,女,遷出,高雄市,0
110,12,26,平溪區,,,,無年齡維度,0.0,男,遷出,高雄市,0
110,12,27,雙溪區,,,,無年齡維度,0.0,女,遷入,migrants,21
110,12,27,雙溪區,,,,無年齡維度,0.0,男,遷入,migrants,25
110,12,27,雙溪區,,,,無年齡維度,0.0,女,遷入,other,0
110,12,27,雙溪區,,,,無年齡維度,0.0,男,遷入,other,0
110,12,27,雙溪區,,,,無年齡維度,0.0,女,遷入,其他縣市,0
110,12,27,雙溪區,,,,無年齡維度,0.0,男,遷入,其他縣市,0
110,12,27,雙溪區,,,,無年齡維度,0.0,女,遷入,其他鄉鎮,12
110,12,27,雙溪區,,,,無年齡維度,0.0,男,遷入,其他鄉鎮,17
110,12,27,雙溪區,,,,無年齡維度,0.0,女,遷入,合計,23
110,12,27,雙溪區,,,,無年齡維度,0.0,男,遷入,合計,34
110,12,27,雙溪區,,,,無年齡維度,0.0,女,遷入,國外,0
110,12,27,雙溪區,,,,無年齡維度,0.0,男,遷入,國外,0
110,12,27,雙溪區,,,,無年齡維度,0.0,女,遷入,新北市內,0
110,12,27,雙溪區,,,,無年齡維度,0.0,男,遷入,新北市內,0
110,12,27,雙溪區,,,,無年齡維度,0.0,女,遷入,桃園市,0
110,12,27,雙溪區,,,,無年齡維度,0.0,男,遷入,桃園市,1
110,12,27,雙溪區,,,,無年齡維度,0.0,女,遷入,福建省,0
110,12,27,雙溪區,,,,無年齡維度,0.0,男,遷入,福建省,0
110,12,27,雙溪區,,,,無年齡維度,0.0,女,遷入,臺中市,1
110,12,27,雙溪區,,,,無年齡維度,0.0,男,遷入,臺中市,1
110,12,27,雙溪區,,,,無年齡維度,0.0,女,遷入,臺北市,2
110,12,27,雙溪區,,,,無年齡維度,0.0,男,遷入,臺北市,5
110,12,27,雙溪區,,,,無年齡維度,0.0,女,遷入,臺南市,1
110,12,27,雙溪區,,,,無年齡維度,0.0,男,遷入,臺南市,0
110,12,27,雙溪區,,,,無年齡維度,0.0,女,遷入,臺灣省,5
110,12,27,雙溪區,,,,無年齡維度,0.0,男,遷入,臺灣省,10
110,12,27,雙溪區,,,,無年齡維度,0.0,女,遷入,高雄市,1
110,12,27,雙溪區,,,,無年齡維度,0.0,男,遷入,高雄市,0
110,12,27,雙溪區,,,,無年齡維度,0.0,女,遷出,migrants,21
110,12,27,雙溪區,,,,無年齡維度,0.0,男,遷出,migrants,25
110,12,27,雙溪區,,,,無年齡維度,0.0,女,遷出,other,0
110,12,27,雙溪區,,,,無年齡維度,0.0,男,遷出,other,0
110,12,27,雙溪區,,,,無年齡維度,0.0,女,遷出,其他縣市,0
110,12,27,雙溪區,,,,無年齡維度,0.0,男,遷出,其他縣市,0
110,12,27,雙溪區,,,,無年齡維度,0.0,女,遷出,其他鄉鎮,13
110,12,27,雙溪區,,,,無年齡維度,0.0,男,遷出,其他鄉鎮,9
110,12,27,雙溪區,,,,無年齡維度,0.0,女,遷出,合計,29
110,12,27,雙溪區,,,,無年齡維度,0.0,男,遷出,合計,25
110,12,27,雙溪區,,,,無年齡維度,0.0,女,遷出,國外,4
110,12,27,雙溪區,,,,無年齡維度,0.0,男,遷出,國外,8
110,12,27,雙溪區,,,,無年齡維度,0.0,女,遷出,新北市內,0
110,12,27,雙溪區,,,,無年齡維度,0.0,男,遷出,新北市內,0
110,12,27,雙溪區,,,,無年齡維度,0.0,女,遷出,桃園市,1
110,12,27,雙溪區,,,,無年齡維度,0.0,男,遷出,桃園市,1
110,12,27,雙溪區,,,,無年齡維度,0.0,女,遷出,福建省,0
110,12,27,雙溪區,,,,無年齡維度,0.0,男,遷出,福建省,0
110,12,27,雙溪區,,,,無年齡維度,0.0,女,遷出,臺中市,1
110,12,27,雙溪區,,,,無年齡維度,0.0,男,遷出,臺中市,0
110,12,27,雙溪區,,,,無年齡維度,0.0,女,遷出,臺北市,4
110,12,27,雙溪區,,,,無年齡維度,0.0,男,遷出,臺北市,4
110,12,27,雙溪區,,,,無年齡維度,0.0,女,遷出,臺南市,0
110,12,27,雙溪區,,,,無年齡維度,0.0,男,遷出,臺南市,0
110,12,27,雙溪區,,,,無年齡維度,0.0,女,遷出,臺灣省,5
110,12,27,雙溪區,,,,無年齡維度,0.0,男,遷出,臺灣省,3
110,12,27,雙溪區,,,,無年齡維度,0.0,女,遷出,高雄市,1
110,12,27,雙溪區,,,,無年齡維度,0.0,男,遷出,高雄市,0
110,12,28,貢寮區,,,,無年齡維度,0.0,女,遷入,migrants,15
110,12,28,貢寮區,,,,無年齡維度,0.0,男,遷入,migrants,16
110,12,28,貢寮區,,,,無年齡維度,0.0,女,遷入,other,0
110,12,28,貢寮區,,,,無年齡維度,0.0,男,遷入,other,0
110,12,28,貢寮區,,,,無年齡維度,0.0,女,遷入,其他縣市,0
110,12,28,貢寮區,,,,無年齡維度,0.0,男,遷入,其他縣市,0
110,12,28,貢寮區,,,,無年齡維度,0.0,女,遷入,其他鄉鎮,3
110,12,28,貢寮區,,,,無年齡維度,0.0,男,遷入,其他鄉鎮,6
110,12,28,貢寮區,,,,無年齡維度,0.0,女,遷入,合計,15
110,12,28,貢寮區,,,,無年齡維度,0.0,男,遷入,合計,18
110,12,28,貢寮區,,,,無年齡維度,0.0,女,遷入,國外,1
110,12,28,貢寮區,,,,無年齡維度,0.0,男,遷入,國外,1
110,12,28,貢寮區,,,,無年齡維度,0.0,女,遷入,新北市內,0
110,12,28,貢寮區,,,,無年齡維度,0.0,男,遷入,新北市內,0
110,12,28,貢寮區,,,,無年齡維度,0.0,女,遷入,桃園市,1
110,12,28,貢寮區,,,,無年齡維度,0.0,男,遷入,桃園市,1
110,12,28,貢寮區,,,,無年齡維度,0.0,女,遷入,福建省,0
110,12,28,貢寮區,,,,無年齡維度,0.0,男,遷入,福建省,0
110,12,28,貢寮區,,,,無年齡維度,0.0,女,遷入,臺中市,0
110,12,28,貢寮區,,,,無年齡維度,0.0,男,遷入,臺中市,0
110,12,28,貢寮區,,,,無年齡維度,0.0,女,遷入,臺北市,2
110,12,28,貢寮區,,,,無年齡維度,0.0,男,遷入,臺北市,1
110,12,28,貢寮區,,,,無年齡維度,0.0,女,遷入,臺南市,0
110,12,28,貢寮區,,,,無年齡維度,0.0,男,遷入,臺南市,0
110,12,28,貢寮區,,,,無年齡維度,0.0,女,遷入,臺灣省,8
110,12,28,貢寮區,,,,無年齡維度,0.0,男,遷入,臺灣省,9
110,12,28,貢寮區,,,,無年齡維度,0.0,女,遷入,高雄市,0
110,12,28,貢寮區,,,,無年齡維度,0.0,男,遷入,高雄市,0
110,12,28,貢寮區,,,,無年齡維度,0.0,女,遷出,migrants,15
110,12,28,貢寮區,,,,無年齡維度,0.0,男,遷出,migrants,16
110,12,28,貢寮區,,,,無年齡維度,0.0,女,遷出,other,0
110,12,28,貢寮區,,,,無年齡維度,0.0,男,遷出,other,0
110,12,28,貢寮區,,,,無年齡維度,0.0,女,遷出,其他縣市,0
110,12,28,貢寮區,,,,無年齡維度,0.0,男,遷出,其他縣市,0
110,12,28,貢寮區,,,,無年齡維度,0.0,女,遷出,其他鄉鎮,11
110,12,28,貢寮區,,,,無年齡維度,0.0,男,遷出,其他鄉鎮,16
110,12,28,貢寮區,,,,無年齡維度,0.0,女,遷出,合計,31
110,12,28,貢寮區,,,,無年齡維度,0.0,男,遷出,合計,41
110,12,28,貢寮區,,,,無年齡維度,0.0,女,遷出,國外,8
110,12,28,貢寮區,,,,無年齡維度,0.0,男,遷出,國外,6
110,12,28,貢寮區,,,,無年齡維度,0.0,女,遷出,新北市內,0
110,12,28,貢寮區,,,,無年齡維度,0.0,男,遷出,新北市內,0
110,12,28,貢寮區,,,,無年齡維度,0.0,女,遷出,桃園市,2
110,12,28,貢寮區,,,,無年齡維度,0.0,男,遷出,桃園市,3
110,12,28,貢寮區,,,,無年齡維度,0.0,女,遷出,福建省,0
110,12,28,貢寮區,,,,無年齡維度,0.0,男,遷出,福建省,0
110,12,28,貢寮區,,,,無年齡維度,0.0,女,遷出,臺中市,2
110,12,28,貢寮區,,,,無年齡維度,0.0,男,遷出,臺中市,0
110,12,28,貢寮區,,,,無年齡維度,0.0,女,遷出,臺北市,2
110,12,28,貢寮區,,,,無年齡維度,0.0,男,遷出,臺北市,8
110,12,28,貢寮區,,,,無年齡維度,0.0,女,遷出,臺南市,0
110,12,28,貢寮區,,,,無年齡維度,0.0,男,遷出,臺南市,0
110,12,28,貢寮區,,,,無年齡維度,0.0,女,遷出,臺灣省,6
110,12,28,貢寮區,,,,無年齡維度,0.0,男,遷出,臺灣省,7
110,12,28,貢寮區,,,,無年齡維度,0.0,女,遷出,高雄市,0
110,12,28,貢寮區,,,,無年齡維度,0.0,男,遷出,高雄市,1
110,12,29,烏來區,,,,無年齡維度,0.0,女,遷入,migrants,10
110,12,29,烏來區,,,,無年齡維度,0.0,男,遷入,migrants,5
110,12,29,烏來區,,,,無年齡維度,0.0,女,遷入,other,0
110,12,29,烏來區,,,,無年齡維度,0.0,男,遷入,other,0
110,12,29,烏來區,,,,無年齡維度,0.0,女,遷入,其他縣市,0
110,12,29,烏來區,,,,無年齡維度,0.0,男,遷入,其他縣市,0
110,12,29,烏來區,,,,無年齡維度,0.0,女,遷入,其他鄉鎮,7
110,12,29,烏來區,,,,無年齡維度,0.0,男,遷入,其他鄉鎮,5
110,12,29,烏來區,,,,無年齡維度,0.0,女,遷入,合計,14
110,12,29,烏來區,,,,無年齡維度,0.0,男,遷入,合計,13
110,12,29,烏來區,,,,無年齡維度,0.0,女,遷入,國外,1
110,12,29,烏來區,,,,無年齡維度,0.0,男,遷入,國外,0
110,12,29,烏來區,,,,無年齡維度,0.0,女,遷入,新北市內,0
110,12,29,烏來區,,,,無年齡維度,0.0,男,遷入,新北市內,0
110,12,29,烏來區,,,,無年齡維度,0.0,女,遷入,桃園市,2
110,12,29,烏來區,,,,無年齡維度,0.0,男,遷入,桃園市,2
110,12,29,烏來區,,,,無年齡維度,0.0,女,遷入,福建省,0
110,12,29,烏來區,,,,無年齡維度,0.0,男,遷入,福建省,0
110,12,29,烏來區,,,,無年齡維度,0.0,女,遷入,臺中市,0
110,12,29,烏來區,,,,無年齡維度,0.0,男,遷入,臺中市,0
110,12,29,烏來區,,,,無年齡維度,0.0,女,遷入,臺北市,3
110,12,29,烏來區,,,,無年齡維度,0.0,男,遷入,臺北市,2
110,12,29,烏來區,,,,無年齡維度,0.0,女,遷入,臺南市,0
110,12,29,烏來區,,,,無年齡維度,0.0,男,遷入,臺南市,0
110,12,29,烏來區,,,,無年齡維度,0.0,女,遷入,臺灣省,1
110,12,29,烏來區,,,,無年齡維度,0.0,男,遷入,臺灣省,4
110,12,29,烏來區,,,,無年齡維度,0.0,女,遷入,高雄市,0
110,12,29,烏來區,,,,無年齡維度,0.0,男,遷入,高雄市,0
110,12,29,烏來區,,,,無年齡維度,0.0,女,遷出,migrants,10
110,12,29,烏來區,,,,無年齡維度,0.0,男,遷出,migrants,5
110,12,29,烏來區,,,,無年齡維度,0.0,女,遷出,other,0
110,12,29,烏來區,,,,無年齡維度,0.0,男,遷出,other,0
110,12,29,烏來區,,,,無年齡維度,0.0,女,遷出,其他縣市,0
110,12,29,烏來區,,,,無年齡維度,0.0,男,遷出,其他縣市,0
110,12,29,烏來區,,,,無年齡維度,0.0,女,遷出,其他鄉鎮,1
110,12,29,烏來區,,,,無年齡維度,0.0,男,遷出,其他鄉鎮,0
110,12,29,烏來區,,,,無年齡維度,0.0,女,遷出,合計,7
110,12,29,烏來區,,,,無年齡維度,0.0,男,遷出,合計,2
110,12,29,烏來區,,,,無年齡維度,0.0,女,遷出,國外,3
110,12,29,烏來區,,,,無年齡維度,0.0,男,遷出,國外,2
110,12,29,烏來區,,,,無年齡維度,0.0,女,遷出,新北市內,0
110,12,29,烏來區,,,,無年齡維度,0.0,男,遷出,新北市內,0
110,12,29,烏來區,,,,無年齡維度,0.0,女,遷出,桃園市,1
110,12,29,烏來區,,,,無年齡維度,0.0,男,遷出,桃園市,0
110,12,29,烏來區,,,,無年齡維度,0.0,女,遷出,福建省,0
110,12,29,烏來區,,,,無年齡維度,0.0,男,遷出,福建省,0
110,12,29,烏來區,,,,無年齡維度,0.0,女,遷出,臺中市,0
110,12,29,烏來區,,,,無年齡維度,0.0,男,遷出,臺中市,0
110,12,29,烏來區,,,,無年齡維度,0.0,女,遷出,臺北市,1
110,12,29,烏來區,,,,無年齡維度,0.0,男,遷出,臺北市,0
110,12,29,烏來區,,,,無年齡維度,0.0,女,遷出,臺南市,0
110,12,29,烏來區,,,,無年齡維度,0.0,男,遷出,臺南市,0
110,12,29,烏來區,,,,無年齡維度,0.0,女,遷出,臺灣省,1
110,12,29,烏來區,,,,無年齡維度,0.0,男,遷出,臺灣省,0
110,12,29,烏來區,,,,無年齡維度,0.0,女,遷出,高雄市,0
110,12,29,烏來區,,,,無年齡維度,0.0,男,遷出,高雄市,0
