民國年,月,區代碼,行政區,年齡標籤,年齡下限,年齡上限,青年關係,青年權重,性別,主題,機關,資料集,標籤欄,數值欄序號,欄位名稱待補,人數
109,,,,,,,欄位未定義,0.0,,交通,新北市政府主計處,大眾交通工具駕駛人員,2020,item value2,是（欄位說明僅存於新北市統計年報）,2596.0
109,,,,,,,欄位未定義,0.0,,交通,新北市政府主計處,大眾交通工具駕駛人員,2020,item value3,是（欄位說明僅存於新北市統計年報）,70.0
109,,,,,,,欄位未定義,0.0,,交通,新北市政府主計處,大眾交通工具駕駛人員,2020,item value4,是（欄位說明僅存於新北市統計年報）,24733.0
109,,,,,,,欄位未定義,0.0,,交通,新北市政府主計處,大眾交通工具駕駛人員,2020,item value5,是（欄位說明僅存於新北市統計年報）,839.0
109,,,,,,,欄位未定義,0.0,,交通,新北市政府主計處,大眾交通工具駕駛人員,2020,item value6,是（欄位說明僅存於新北市統計年報）,97.37
109,,,,,,,欄位未定義,0.0,,交通,新北市政府主計處,大眾交通工具駕駛人員,2020,item value7,是（欄位說明僅存於新北市統計年報）,2.63
109,,,,,,,欄位未定義,0.0,,交通,新北市政府主計處,大眾交通工具駕駛人員,2020,item value8,是（欄位說明僅存於新北市統計年報）,96.7190677303
109,,,,,,,欄位未定義,0.0,,交通,新北市政府主計處,大眾交通工具駕駛人員,2020,item value9,是（欄位說明僅存於新北市統計年報）,3.2809322697
109,,,,,,,欄位未定義,0.0,,交通,新北市政府主計處,道路交通安全,2020,itemvalue2,是（欄位說明僅存於新北市統計年報）,158.0
109,,,,,,,欄位未定義,0.0,,交通,新北市政府主計處,道路交通安全,2020,itemvalue3,是（欄位說明僅存於新北市統計年報）,74.0
109,,,,,,,欄位未定義,0.0,,交通,新北市政府主計處,道路交通安全,2020,itemvalue4,是（欄位說明僅存於新北市統計年報）,0.0
109,,,,,,,欄位未定義,0.0,,交通,新北市政府主計處,道路交通安全,2020,itemvalue5,是（欄位說明僅存於新北市統計年報）,1.0
109,,,,,,,欄位未定義,0.0,,交通,新北市政府主計處,道路交通安全,2020,itemvalue6,是（欄位說明僅存於新北市統計年報）,4.0
109,,,,,,,欄位未定義,0.0,,交通,新北市政府主計處,道路交通安全,2020,itemvalue7,是（欄位說明僅存於新北市統計年報）,2.0
109,,,,,,,欄位未定義,0.0,,交通,新北市政府主計處,道路交通安全,2020,itemvalue8,是（欄位說明僅存於新北市統計年報）,24.0
109,,,,,,,欄位未定義,0.0,,交通,新北市政府主計處,道路交通安全,2020,itemvalue9,是（欄位說明僅存於新北市統計年報）,7.0
109,,,,,,,欄位未定義,0.0,,交通,新北市政府主計處,道路交通安全,2020,itemvalue10,是（欄位說明僅存於新北市統計年報）,74.0
109,,,,,,,欄位未定義,0.0,,交通,新北市政府主計處,道路交通安全,2020,itemvalue11,是（欄位說明僅存於新北市統計年報）,36.0
109,,,,,,,欄位未定義,0.0,,交通,新北市政府主計處,道路交通安全,2020,itemvalue12,是（欄位說明僅存於新北市統計年報）,56.0
109,,,,,,,欄位未定義,0.0,,交通,新北市政府主計處,道路交通安全,2020,itemvalue13,是（欄位說明僅存於新北市統計年報）,28.0
109,,,,,,,欄位未定義,0.0,,交通,新北市政府主計處,道路交通安全,2020,itemvalue14,是（欄位說明僅存於新北市統計年報）,2036.0
109,,,,,,,欄位未定義,0.0,,交通,新北市政府主計處,道路交通安全,2020,itemvalue15,是（欄位說明僅存於新北市統計年報）,238.0
109,,,,,,,欄位未定義,0.0,,交通,新北市政府主計處,領有駕駛執照數,2020,item value2,是（欄位說明僅存於新北市統計年報）,2758.0
109,,,,,,,欄位未定義,0.0,,交通,新北市政府主計處,領有駕駛執照數,2020,item value3,是（欄位說明僅存於新北市統計年報）,1835.0
109,,,,,,,欄位未定義,0.0,,交通,新北市政府主計處,領有駕駛執照數,2020,item value4,是（欄位說明僅存於新北市統計年報）,60.05
109,,,,,,,欄位未定義,0.0,,交通,新北市政府主計處,領有駕駛執照數,2020,item value5,是（欄位說明僅存於新北市統計年報）,39.95
109,,,,,,,欄位未定義,0.0,,交通,新北市政府主計處,領有駕駛執照數,2020,item value6,是（欄位說明僅存於新北市統計年報）,49.21
109,,,,,,,欄位未定義,0.0,,交通,新北市政府主計處,領有駕駛執照數,2020,item value7,是（欄位說明僅存於新北市統計年報）,47.97
109,,,,,,,欄位未定義,0.0,,交通,新北市政府主計處,領有駕駛執照數,2020,item value8,是（欄位說明僅存於新北市統計年報）,3.28
109,,,,,,,欄位未定義,0.0,,交通,新北市政府主計處,領有駕駛執照數,2020,item value9,是（欄位說明僅存於新北市統計年報）,0.14
109,,,,,,,欄位未定義,0.0,,交通,新北市政府主計處,領有駕駛執照數,2020,item value10,是（欄位說明僅存於新北市統計年報）,3.29
109,,,,,,,欄位未定義,0.0,,交通,新北市政府主計處,領有駕駛執照數,2020,item value11,是（欄位說明僅存於新北市統計年報）,0.08
109,,,,,,,欄位未定義,0.0,,交通,新北市政府主計處,領有駕駛執照數,2020,item value12,是（欄位說明僅存於新北市統計年報）,42.63
109,,,,,,,欄位未定義,0.0,,交通,新北市政府主計處,領有駕駛執照數,2020,item value13,是（欄位說明僅存於新北市統計年報）,47.75
109,,,,,,,欄位未定義,0.0,,交通,新北市政府主計處,領有駕駛執照數,2020,item value14,是（欄位說明僅存於新北市統計年報）,50.8
109,,,,,,,欄位未定義,0.0,,交通,新北市政府主計處,領有駕駛執照數,2020,item value15,是（欄位說明僅存於新北市統計年報）,52.03
109,,,,,,,欄位未定義,0.0,,交通,新北市政府主計處,領有駕駛執照數,2020,item value16,是（欄位說明僅存於新北市統計年報）,3.45
109,,,,,,,欄位未定義,0.0,,交通,新北市政府主計處,領有駕駛執照數,2020,item value17,是（欄位說明僅存於新北市統計年報）,0.31
109,,,,,,,欄位未定義,0.0,,交通,新北市政府主計處,領有駕駛執照數,2020,item value18,是（欄位說明僅存於新北市統計年報）,46.9
109,,,,,,,欄位未定義,0.0,,交通,新北市政府主計處,領有駕駛執照數,2020,item value19,是（欄位說明僅存於新北市統計年報）,44.23
109,,,,,,,欄位未定義,0.0,,交通,新北市政府主計處,領有駕駛執照數,2020,item value20,是（欄位說明僅存於新北市統計年報）,0.45
109,,,,,,,欄位未定義,0.0,,交通,新北市政府主計處,領有駕駛執照數,2020,item value21,是（欄位說明僅存於新北市統計年報）,7.49
109,,,,,,,欄位未定義,0.0,,交通,新北市政府警察局,109年新北市交通違規取締統計,109 | 未領用或未懸掛牌照等 | 12條第1項第1.3.4.5.6.7.8款 | 汽車 | 逕舉,month,是（欄位說明僅存於新北市統計年報）,1.0
109,,,,,,,欄位未定義,0.0,,交通,新北市政府警察局,109年新北市交通違規取締統計,109 | 未領用或未懸掛牌照等 | 12條第1項第1.3.4.5.6.7.8款 | 汽車 | 攔停,month,是（欄位說明僅存於新北市統計年報）,1.0
109,,,,,,,欄位未定義,0.0,,交通,新北市政府警察局,109年新北市交通違規取締統計,109 | 未領用或未懸掛牌照等 | 12條第1項第1.3.4.5.6.7.8款 | 重型機車(250CC以上) | 逕舉,month,是（欄位說明僅存於新北市統計年報）,1.0
109,,,,,,,欄位未定義,0.0,,交通,新北市政府警察局,109年新北市交通違規取締統計,109 | 未領用或未懸掛牌照等 | 12條第1項第1.3.4.5.6.7.8款 | 重型機車(250CC以上) | 攔停,month,是（欄位說明僅存於新北市統計年報）,1.0
109,,,,,,,欄位未定義,0.0,,交通,新北市政府警察局,109年新北市交通違規取締統計,109 | 未領用或未懸掛牌照等 | 12條第1項第1.3.4.5.6.7.8款 | 機車 | 逕舉,month,是（欄位說明僅存於新北市統計年報）,1.0
109,,,,,,,欄位未定義,0.0,,交通,新北市政府警察局,109年新北市交通違規取締統計,109 | 未領用或未懸掛牌照等 | 12條第1項第1.3.4.5.6.7.8款 | 機車 | 攔停,month,是（欄位說明僅存於新北市統計年報）,1.0
109,,,,,,,欄位未定義,0.0,,交通,新北市政府警察局,109年新北市交通違規取締統計,109 | 未領用或未懸掛牌照等 | 12條第1項第1.3.4.5.6.7.8款 | 動力機械 | 攔停,month,是（欄位說明僅存於新北市統計年報）,1.0
109,,,,,,,欄位未定義,0.0,,交通,新北市政府警察局,109年新北市交通違規取締統計,109 | 拼裝車輛違規行駛 | 12條第1項第2款 | 汽車 | 逕舉,month,是（欄位說明僅存於新北市統計年報）,1.0
109,,,,,,,欄位未定義,0.0,,交通,新北市政府警察局,109年新北市交通違規取締統計,109 | 拼裝車輛違規行駛 | 12條第1項第2款 | 汽車 | 攔停,month,是（欄位說明僅存於新北市統計年報）,1.0
109,,,,,,,欄位未定義,0.0,,交通,新北市政府警察局,109年新北市交通違規取締統計,109 | 拼裝車輛違規行駛 | 12條第1項第2款 | 重型機車(250CC以上) | 逕舉,month,是（欄位說明僅存於新北市統計年報）,1.0
109,,,,,,,欄位未定義,0.0,,交通,新北市政府警察局,109年新北市交通違規取締統計,109 | 拼裝車輛違規行駛 | 12條第1項第2款 | 重型機車(250CC以上) | 攔停,month,是（欄位說明僅存於新北市統計年報）,1.0
109,,,,,,,欄位未定義,0.0,,交通,新北市政府警察局,109年新北市交通違規取締統計,109 | 拼裝車輛違規行駛 | 12條第1項第2款 | 機車 | 逕舉,month,是（欄位說明僅存於新北市統計年報）,1.0
109,,,,,,,欄位未定義,0.0,,交通,新北市政府警察局,109年新北市交通違規取締統計,109 | 拼裝車輛違規行駛 | 12條第1項第2款 | 機車 | 攔停,month,是（欄位說明僅存於新北市統計年報）,1.0
109,,,,,,,欄位未定義,0.0,,交通,新北市政府警察局,109年新北市交通違規取締統計,109 | 拼裝車輛違規行駛 | 12條第1項第2款 | 動力機械 | 攔停,month,是（欄位說明僅存於新北市統計年報）,1.0
109,,,,,,,欄位未定義,0.0,,交通,新北市政府警察局,109年新北市交通違規取締統計,109 | 報廢汽車仍行駛 | 12條第1項第9款 | 汽車 | 逕舉,month,是（欄位說明僅存於新北市統計年報）,1.0
109,,,,,,,欄位未定義,0.0,,交通,新北市政府警察局,109年新北市交通違規取締統計,109 | 報廢汽車仍行駛 | 12條第1項第9款 | 汽車 | 攔停,month,是（欄位說明僅存於新北市統計年報）,1.0
109,,,,,,,欄位未定義,0.0,,交通,新北市政府警察局,109年新北市交通違規取締統計,109 | 報廢汽車仍行駛 | 12條第1項第9款 | 重型機車(250CC以上) | 逕舉,month,是（欄位說明僅存於新北市統計年報）,1.0
109,,,,,,,欄位未定義,0.0,,交通,新北市政府警察局,109年新北市交通違規取締統計,109 | 報廢汽車仍行駛 | 12條第1項第9款 | 重型機車(250CC以上) | 攔停,month,是（欄位說明僅存於新北市統計年報）,1.0
109,,,,,,,欄位未定義,0.0,,交通,新北市政府警察局,109年新北市交通違規取締統計,109 | 報廢汽車仍行駛 | 12條第1項第9款 | 機車 | 逕舉,month,是（欄位說明僅存於新北市統計年報）,1.0
109,,,,,,,欄位未定義,0.0,,交通,新北市政府警察局,109年新北市交通違規取締統計,109 | 報廢汽車仍行駛 | 12條第1項第9款 | 機車 | 攔停,month,是（欄位說明僅存於新北市統計年報）,1.0
109,,,,,,,欄位未定義,0.0,,交通,新北市政府警察局,109年新北市交通違規取締統計,109 | 報廢汽車仍行駛 | 12條第1項第9款 | 動力機械 | 攔停,month,是（欄位說明僅存於新北市統計年報）,1.0
109,,,,,,,欄位未定義,0.0,,交通,新北市政府警察局,109年新北市交通違規取締統計,109 | 號牌遺失經舉發後不報請補發仍行駛 | 12條第1項第10款 | 汽車 | 逕舉,month,是（欄位說明僅存於新北市統計年報）,1.0
109,,,,,,,欄位未定義,0.0,,交通,新北市政府警察局,109年新北市交通違規取締統計,109 | 號牌遺失經舉發後不報請補發仍行駛 | 12條第1項第10款 | 汽車 | 攔停,month,是（欄位說明僅存於新北市統計年報）,1.0
109,,,,,,,欄位未定義,0.0,,交通,新北市政府警察局,109年新北市交通違規取締統計,109 | 號牌遺失經舉發後不報請補發仍行駛 | 12條第1項第10款 | 重型機車(250CC以上) | 逕舉,month,是（欄位說明僅存於新北市統計年報）,1.0
109,,,,,,,欄位未定義,0.0,,交通,新北市政府警察局,109年新北市交通違規取締統計,109 | 號牌遺失經舉發後不報請補發仍行駛 | 12條第1項第10款 | 重型機車(250CC以上) | 攔停,month,是（欄位說明僅存於新北市統計年報）,1.0
109,,,,,,,欄位未定義,0.0,,交通,新北市政府警察局,109年新北市交通違規取締統計,109 | 號牌遺失經舉發後不報請補發仍行駛 | 12條第1項第10款 | 機車 | 逕舉,month,是（欄位說明僅存於新北市統計年報）,1.0
109,,,,,,,欄位未定義,0.0,,交通,新北市政府警察局,109年新北市交通違規取締統計,109 | 號牌遺失經舉發後不報請補發仍行駛 | 12條第1項第10款 | 機車 | 攔停,month,是（欄位說明僅存於新北市統計年報）,1.0
109,,,,,,,欄位未定義,0.0,,交通,新北市政府警察局,109年新北市交通違規取締統計,109 | 號牌遺失經舉發後不報請補發仍行駛 | 12條第1項第10款 | 動力機械 | 攔停,month,是（欄位說明僅存於新北市統計年報）,1.0
109,,,,,,,欄位未定義,0.0,,交通,新北市政府警察局,109年新北市交通違規取締統計,109 | 未領用有效牌照、懸掛他車或未懸掛號牌停車 | 12條第4項 | 汽車 | 逕舉,month,是（欄位說明僅存於新北市統計年報）,1.0
109,,,,,,,欄位未定義,0.0,,交通,新北市政府警察局,109年新北市交通違規取締統計,109 | 未領用有效牌照、懸掛他車或未懸掛號牌停車 | 12條第4項 | 汽車 | 攔停,month,是（欄位說明僅存於新北市統計年報）,1.0
109,,,,,,,欄位未定義,0.0,,交通,新北市政府警察局,109年新北市交通違規取締統計,109 | 未領用或未懸掛牌照等 | 12條第1項第1.3.4.5.6.7.8款 | 汽車 | 逕舉,quantity,是（欄位說明僅存於新北市統計年報）,0.0
109,,,,,,,欄位未定義,0.0,,交通,新北市政府警察局,109年新北市交通違規取締統計,109 | 未領用或未懸掛牌照等 | 12條第1項第1.3.4.5.6.7.8款 | 汽車 | 攔停,quantity,是（欄位說明僅存於新北市統計年報）,131.0
109,,,,,,,欄位未定義,0.0,,交通,新北市政府警察局,109年新北市交通違規取締統計,109 | 未領用或未懸掛牌照等 | 12條第1項第1.3.4.5.6.7.8款 | 重型機車(250CC以上) | 逕舉,quantity,是（欄位說明僅存於新北市統計年報）,0.0
109,,,,,,,欄位未定義,0.0,,交通,新北市政府警察局,109年新北市交通違規取締統計,109 | 未領用或未懸掛牌照等 | 12條第1項第1.3.4.5.6.7.8款 | 重型機車(250CC以上) | 攔停,quantity,是（欄位說明僅存於新北市統計年報）,4.0
109,,,,,,,欄位未定義,0.0,,交通,新北市政府警察局,109年新北市交通違規取締統計,109 | 未領用或未懸掛牌照等 | 12條第1項第1.3.4.5.6.7.8款 | 機車 | 逕舉,quantity,是（欄位說明僅存於新北市統計年報）,0.0
109,,,,,,,欄位未定義,0.0,,交通,新北市政府警察局,109年新北市交通違規取締統計,109 | 未領用或未懸掛牌照等 | 12條第1項第1.3.4.5.6.7.8款 | 機車 | 攔停,quantity,是（欄位說明僅存於新北市統計年報）,57.0
109,,,,,,,欄位未定義,0.0,,交通,新北市政府警察局,109年新北市交通違規取締統計,109 | 未領用或未懸掛牌照等 | 12條第1項第1.3.4.5.6.7.8款 | 動力機械 | 攔停,quantity,是（欄位說明僅存於新北市統計年報）,0.0
109,,,,,,,欄位未定義,0.0,,交通,新北市政府警察局,109年新北市交通違規取締統計,109 | 拼裝車輛違規行駛 | 12條第1項第2款 | 汽車 | 逕舉,quantity,是（欄位說明僅存於新北市統計年報）,0.0
109,,,,,,,欄位未定義,0.0,,交通,新北市政府警察局,109年新北市交通違規取締統計,109 | 拼裝車輛違規行駛 | 12條第1項第2款 | 汽車 | 攔停,quantity,是（欄位說明僅存於新北市統計年報）,2.0
109,,,,,,,欄位未定義,0.0,,交通,新北市政府警察局,109年新北市交通違規取締統計,109 | 拼裝車輛違規行駛 | 12條第1項第2款 | 重型機車(250CC以上) | 逕舉,quantity,是（欄位說明僅存於新北市統計年報）,0.0
109,,,,,,,欄位未定義,0.0,,交通,新北市政府警察局,109年新北市交通違規取締統計,109 | 拼裝車輛違規行駛 | 12條第1項第2款 | 重型機車(250CC以上) | 攔停,quantity,是（欄位說明僅存於新北市統計年報）,0.0
109,,,,,,,欄位未定義,0.0,,交通,新北市政府警察局,109年新北市交通違規取締統計,109 | 拼裝車輛違規行駛 | 12條第1項第2款 | 機車 | 逕舉,quantity,是（欄位說明僅存於新北市統計年報）,0.0
109,,,,,,,欄位未定義,0.0,,交通,新北市政府警察局,109年新北市交通違規取締統計,109 | 拼裝車輛違規行駛 | 12條第1項第2款 | 機車 | 攔停,quantity,是（欄位說明僅存於新北市統計年報）,1.0
109,,,,,,,欄位未定義,0.0,,交通,新北市政府警察局,109年新北市交通違規取締統計,109 | 拼裝車輛違規行駛 | 12條第1項第2款 | 動力機械 | 攔停,quantity,是（欄位說明僅存於新北市統計年報）,0.0
109,,,,,,,欄位未定義,0.0,,交通,新北市政府警察局,109年新北市交通違規取締統計,109 | 報廢汽車仍行駛 | 12條第1項第9款 | 汽車 | 逕舉,quantity,是（欄位說明僅存於新北市統計年報）,0.0
109,,,,,,,欄位未定義,0.0,,交通,新北市政府警察局,109年新北市交通違規取締統計,109 | 報廢汽車仍行駛 | 12條第1項第9款 | 汽車 | 攔停,quantity,是（欄位說明僅存於新北市統計年報）,1.0
109,,,,,,,欄位未定義,0.0,,交通,新北市政府警察局,109年新北市交通違規取締統計,109 | 報廢汽車仍行駛 | 12條第1項第9款 | 重型機車(250CC以上) | 逕舉,quantity,是（欄位說明僅存於新北市統計年報）,0.0
109,,,,,,,欄位未定義,0.0,,交通,新北市政府警察局,109年新北市交通違規取締統計,109 | 報廢汽車仍行駛 | 12條第1項第9款 | 重型機車(250CC以上) | 攔停,quantity,是（欄位說明僅存於新北市統計年報）,0.0
109,,,,,,,欄位未定義,0.0,,交通,新北市政府警察局,109年新北市交通違規取締統計,109 | 報廢汽車仍行駛 | 12條第1項第9款 | 機車 | 逕舉,quantity,是（欄位說明僅存於新北市統計年報）,0.0
109,,,,,,,欄位未定義,0.0,,交通,新北市政府警察局,109年新北市交通違規取締統計,109 | 報廢汽車仍行駛 | 12條第1項第9款 | 機車 | 攔停,quantity,是（欄位說明僅存於新北市統計年報）,6.0
109,,,,,,,欄位未定義,0.0,,交通,新北市政府警察局,109年新北市交通違規取締統計,109 | 報廢汽車仍行駛 | 12條第1項第9款 | 動力機械 | 攔停,quantity,是（欄位說明僅存於新北市統計年報）,0.0
109,,,,,,,欄位未定義,0.0,,交通,新北市政府警察局,109年新北市交通違規取締統計,109 | 號牌遺失經舉發後不報請補發仍行駛 | 12條第1項第10款 | 汽車 | 逕舉,quantity,是（欄位說明僅存於新北市統計年報）,0.0
109,,,,,,,欄位未定義,0.0,,交通,新北市政府警察局,109年新北市交通違規取締統計,109 | 號牌遺失經舉發後不報請補發仍行駛 | 12條第1項第10款 | 汽車 | 攔停,quantity,是（欄位說明僅存於新北市統計年報）,0.0
109,,,,,,,欄位未定義,0.0,,交通,新北市政府警察局,109年新北市交通違規取締統計,109 | 號牌遺失經舉發後不報請補發仍行駛 | 12條第1項第10款 | 重型機車(250CC以上) | 逕舉,quantity,是（欄位說明僅存於新北市統計年報）,0.0
109,,,,,,,欄位未定義,0.0,,交通,新北市政府警察局,109年新北市交通違規取締統計,109 | 號牌遺失經舉發後不報請補發仍行駛 | 12條第1項第10款 | 重型機車(250CC以上) | 攔停,quantity,是（欄位說明僅存於新北市統計年報）,0.0
109,,,,,,,欄位未定義,0.0,,交通,新北市政府警察局,109年新北市交通違規取締統計,109 | 號牌遺失經舉發後不報請補發仍行駛 | 12條第1項第10款 | 機車 | 逕舉,quantity,是（欄位說明僅存於新北市統計年報）,0.0
109,,,,,,,欄位未定義,0.0,,交通,新北市政府警察局,109年新北市交通違規取締統計,109 | 號牌遺失經舉發後不報請補發仍行駛 | 12條第1項第10款 | 機車 | 攔停,quantity,是（欄位說明僅存於新北市統計年報）,0.0
109,,,,,,,欄位未定義,0.0,,交通,新北市政府警察局,109年新北市交通違規取締統計,109 | 號牌遺失經舉發後不報請補發仍行駛 | 12條第1項第10款 | 動力機械 | 攔停,quantity,是（欄位說明僅存於新北市統計年報）,0.0
109,,,,,,,欄位未定義,0.0,,交通,新北市政府警察局,109年新北市交通違規取締統計,109 | 未領用有效牌照、懸掛他車或未懸掛號牌停車 | 12條第4項 | 汽車 | 逕舉,quantity,是（欄位說明僅存於新北市統計年報）,93.0
109,,,,,,,欄位未定義,0.0,,交通,新北市政府警察局,109年新北市交通違規取締統計,109 | 未領用有效牌照、懸掛他車或未懸掛號牌停車 | 12條第4項 | 汽車 | 攔停,quantity,是（欄位說明僅存於新北市統計年報）,1.0
109,,,,,,,欄位未定義,0.0,,人口,新北市政府主計處,人口年齡分配,2020,itemvalue2,是（欄位說明僅存於新北市統計年報）,12.7025358739
109,,,,,,,欄位未定義,0.0,,人口,新北市政府主計處,人口年齡分配,2020,itemvalue3,是（欄位說明僅存於新北市統計年報）,11.2603079901
109,,,,,,,欄位未定義,0.0,,人口,新北市政府主計處,人口年齡分配,2020,itemvalue4,是（欄位說明僅存於新北市統計年報）,73.1327936272
109,,,,,,,欄位未定義,0.0,,人口,新北市政府主計處,人口年齡分配,2020,itemvalue5,是（欄位說明僅存於新北市統計年報）,72.2823001466
109,,,,,,,欄位未定義,0.0,,人口,新北市政府主計處,人口年齡分配,2020,itemvalue6,是（欄位說明僅存於新北市統計年報）,14.164670499
109,,,,,,,欄位未定義,0.0,,人口,新北市政府主計處,人口年齡分配,2020,itemvalue7,是（欄位說明僅存於新北市統計年報）,16.4573918634
109,,,,,,,欄位未定義,0.0,,人口,新北市政府主計處,人口年齡分配,2020,itemvalue8,是（欄位說明僅存於新北市統計年報）,78.7854877561
109,,,,,,,欄位未定義,0.0,,人口,新北市政府主計處,人口年齡分配,2020,itemvalue9,是（欄位說明僅存於新北市統計年報）,84.9563442879
109,,,,,,,欄位未定義,0.0,,人口,新北市政府主計處,人口概況,2020,item value2,是（欄位說明僅存於新北市統計年報）,1968.355
109,,,,,,,欄位未定義,0.0,,人口,新北市政府主計處,人口概況,2020,item value3,是（欄位說明僅存於新北市統計年報）,2062.599
109,,,,,,,欄位未定義,0.0,,人口,新北市政府主計處,人口概況,2020,item value4,是（欄位說明僅存於新北市統計年報）,95.4308132604
109,,,,,,,欄位未定義,0.0,,人口,新北市政府主計處,人口概況,2020,item value5,是（欄位說明僅存於新北市統計年報）,862.598
109,,,,,,,欄位未定義,0.0,,人口,新北市政府主計處,人口概況,2020,item value6,是（欄位說明僅存於新北市統計年報）,743.604
109,,,,,,,欄位未定義,0.0,,人口,新北市政府主計處,人口概況,2020,item value7,是（欄位說明僅存於新北市統計年報）,116.0023345759
109,,,,,,,欄位未定義,0.0,,人口,新北市政府主計處,人口概況,2020,item value8,是（欄位說明僅存於新北市統計年報）,281.739
109,,,,,,,欄位未定義,0.0,,人口,新北市政府主計處,人口概況,2020,item value9,是（欄位說明僅存於新北市統計年報）,300.972
109,,,,,,,欄位未定義,0.0,,人口,新北市政府主計處,人口概況,2020,item value10,是（欄位說明僅存於新北市統計年報）,93.6097045572
109,,,,,,,欄位未定義,0.0,,人口,新北市政府主計處,人口消長,2020,item value2,是（欄位說明僅存於新北市統計年報）,2.3919643848
109,,,,,,,欄位未定義,0.0,,人口,新北市政府主計處,人口消長,2020,item value3,是（欄位說明僅存於新北市統計年報）,3.6792507
109,,,,,,,欄位未定義,0.0,,人口,新北市政府主計處,人口消長,2020,item value4,是（欄位說明僅存於新北市統計年報）,13462.0
109,,,,,,,欄位未定義,0.0,,人口,新北市政府主計處,人口消長,2020,item value5,是（欄位說明僅存於新北市統計年報）,12719.0
109,,,,,,,欄位未定義,0.0,,人口,新北市政府主計處,人口消長,2020,item value6,是（欄位說明僅存於新北市統計年報）,105.8416542181
109,,,,,,,欄位未定義,0.0,,人口,新北市政府主計處,人口消長,2020,item value7,是（欄位說明僅存於新北市統計年報）,6.5
109,,,,,,,欄位未定義,0.0,,人口,新北市政府主計處,人口消長,2020,item value8,是（欄位說明僅存於新北市統計年報）,14407.0
109,,,,,,,欄位未定義,0.0,,人口,新北市政府主計處,人口消長,2020,item value9,是（欄位說明僅存於新北市統計年報）,10093.0
109,,,,,,,欄位未定義,0.0,,人口,新北市政府主計處,人口消長,2020,item value10,是（欄位說明僅存於新北市統計年報）,6.09
109,,,,,,,欄位未定義,0.0,,人口,新北市政府主計處,人口消長,2020,item value11,是（欄位說明僅存於新北市統計年報）,137936.0
109,,,,,,,欄位未定義,0.0,,人口,新北市政府主計處,人口消長,2020,item value12,是（欄位說明僅存於新北市統計年報）,158717.0
109,,,,,,,欄位未定義,0.0,,人口,新北市政府主計處,人口消長,2020,item value13,是（欄位說明僅存於新北市統計年報）,86.9068845807
109,,,,,,,欄位未定義,0.0,,人口,新北市政府主計處,人口消長,2020,item value14,是（欄位說明僅存於新北市統計年報）,132294.0
109,,,,,,,欄位未定義,0.0,,人口,新北市政府主計處,人口消長,2020,item value15,是（欄位說明僅存於新北市統計年報）,153782.0
109,,,,,,,欄位未定義,0.0,,人口,新北市政府主計處,人口消長,2020,item value16,是（欄位說明僅存於新北市統計年報）,86.0269732478
109,,,,,,,欄位未定義,0.0,,人口,新北市政府主計處,刑事案件犯罪人口率,2020,item value2,是（欄位說明僅存於新北市統計年報）,1074.11
109,,,,,,,欄位未定義,0.0,,人口,新北市政府主計處,刑事案件犯罪人口率,2020,item value3,是（欄位說明僅存於新北市統計年報）,240.91
109,,,,,,,欄位未定義,0.0,,人口,新北市政府主計處,刑事案件犯罪人口率,2020,item value4,是（欄位說明僅存於新北市統計年報）,6.52
109,,,,,,,欄位未定義,0.0,,人口,新北市政府主計處,刑事案件犯罪人口率,2020,item value5,是（欄位說明僅存於新北市統計年報）,1.08
109,,,,,,,欄位未定義,0.0,,人口,新北市政府主計處,刑事案件犯罪人口率,2020,item value6,是（欄位說明僅存於新北市統計年報）,864.14
109,,,,,,,欄位未定義,0.0,,人口,新北市政府主計處,刑事案件犯罪人口率,2020,item value7,是（欄位說明僅存於新北市統計年報）,134.3
109,,,,,,,欄位未定義,0.0,,人口,新北市政府主計處,刑事案件犯罪人口率,2020,item value8,是（欄位說明僅存於新北市統計年報）,1864.5
109,,,,,,,欄位未定義,0.0,,人口,新北市政府主計處,刑事案件犯罪人口率,2020,item value9,是（欄位說明僅存於新北市統計年報）,405.49
109,,,,,,,欄位未定義,0.0,,人口,新北市政府主計處,刑事案件犯罪人口率,2020,item value10,是（欄位說明僅存於新北市統計年報）,1152.96
109,,,,,,,欄位未定義,0.0,,人口,新北市政府主計處,刑事案件犯罪人口率,2020,item value11,是（欄位說明僅存於新北市統計年報）,260.91
109,,,,,,,欄位未定義,0.0,,人口,新北市政府主計處,吸菸人口,2020,itemvalue2,是（欄位說明僅存於新北市統計年報）,0.0
109,,,,,,,欄位未定義,0.0,,人口,新北市政府主計處,吸菸人口,2020,itemvalue3,是（欄位說明僅存於新北市統計年報）,0.0
109,,,,,,,欄位未定義,0.0,,人口,新北市政府主計處,吸菸人口,2020,itemvalue4,是（欄位說明僅存於新北市統計年報）,0.0
109,,,,,,,欄位未定義,0.0,,人口,新北市政府主計處,吸菸人口,2020,itemvalue5,是（欄位說明僅存於新北市統計年報）,0.0
109,,,,,,,欄位未定義,0.0,,人口,新北市政府主計處,吸菸人口,2020,itemvalue6,是（欄位說明僅存於新北市統計年報）,15.6
109,,,,,,,欄位未定義,0.0,,人口,新北市政府主計處,吸菸人口,2020,itemvalue7,是（欄位說明僅存於新北市統計年報）,2.7
109,,,,,,,欄位未定義,0.0,,人口,新北市政府主計處,新住民概況,2020,itemvalue2,是（欄位說明僅存於新北市統計年報）,12642.0
109,,,,,,,欄位未定義,0.0,,人口,新北市政府主計處,新住民概況,2020,itemvalue3,是（欄位說明僅存於新北市統計年報）,97466.0
109,,,,,,,欄位未定義,0.0,,人口,新北市政府主計處,新住民概況,2020,itemvalue4,是（欄位說明僅存於新北市統計年報）,7498.0
109,,,,,,,欄位未定義,0.0,,人口,新北市政府主計處,新住民概況,2020,itemvalue5,是（欄位說明僅存於新北市統計年報）,67945.0
109,,,,,,,欄位未定義,0.0,,人口,新北市政府主計處,新住民概況,2020,itemvalue6,是（欄位說明僅存於新北市統計年報）,11.0353962764
109,,,,,,,欄位未定義,0.0,,人口,新北市政府主計處,新住民概況,2020,itemvalue7,是（欄位說明僅存於新北市統計年報）,1254.0
109,,,,,,,欄位未定義,0.0,,人口,新北市政府主計處,新住民概況,2020,itemvalue8,是（欄位說明僅存於新北市統計年報）,25951.0
109,,,,,,,欄位未定義,0.0,,人口,新北市政府主計處,新住民概況,2020,itemvalue9,是（欄位說明僅存於新北市統計年報）,4.8321837309
109,,,,,,,欄位未定義,0.0,,人口,新北市政府主計處,新住民概況,2020,itemvalue10,是（欄位說明僅存於新北市統計年報）,3890.0
109,,,,,,,欄位未定義,0.0,,人口,新北市政府主計處,新住民概況,2020,itemvalue11,是（欄位說明僅存於新北市統計年報）,3570.0
109,,,,,,,欄位未定義,0.0,,人口,新北市政府主計處,新住民概況,2020,itemvalue12,是（欄位說明僅存於新北市統計年報）,108.9635854342
109,,,,,,,欄位未定義,0.0,,人口,新北市政府水利局,新北市污水下水道用戶接管普及率,109,sewage_treatment_connection_rates_new_system,是（欄位說明僅存於新北市統計年報）,66.65
109,,,,,,,欄位未定義,0.0,,人口,新北市政府財政局,新北巿最近5年房屋稅綜合統計表,109,column1,是（欄位說明僅存於新北市統計年報）,1741016.0
109,,,,,,,欄位未定義,0.0,,人口,新北市政府財政局,新北巿最近5年房屋稅綜合統計表,109,column2,是（欄位說明僅存於新北市統計年報）,324071.0
109,,,,,,,欄位未定義,0.0,,人口,新北市政府財政局,新北巿最近5年房屋稅綜合統計表,109,column3,是（欄位說明僅存於新北市統計年報）,217291236.0
109,,,,,,,欄位未定義,0.0,,人口,新北市政府財政局,新北巿最近5年房屋稅綜合統計表,109,column4,是（欄位說明僅存於新北市統計年報）,65173862.0
109,,,,,,,欄位未定義,0.0,,人口,新北市政府財政局,新北巿最近5年房屋稅綜合統計表,109,column5_thousandtwd,是（欄位說明僅存於新北市統計年報）,841858530.0
109,,,,,,,欄位未定義,0.0,,人口,新北市政府財政局,新北巿最近5年房屋稅綜合統計表,109,column6_thousandtwd,是（欄位說明僅存於新北市統計年報）,206303711.0
109,,,,,,,欄位未定義,0.0,,人口,新北市政府財政局,新北巿最近5年房屋稅綜合統計表,109,column7_thousandtwd,是（欄位說明僅存於新北市統計年報）,12808050.0
109,,,,,,,欄位未定義,0.0,,健康,新北市政府主計處,自殺通報人數(99年以後) ,2020,itemvalue2,是（欄位說明僅存於新北市統計年報）,2775.0
109,,,,,,,欄位未定義,0.0,,健康,新北市政府主計處,自殺通報人數(99年以後) ,2020,itemvalue3,是（欄位說明僅存於新北市統計年報）,5781.0
109,,,,,,,欄位未定義,0.0,,健康,新北市政府主計處,自殺通報人數(99年以後) ,2020,itemvalue4,是（欄位說明僅存於新北市統計年報）,19.0
109,,,,,,,欄位未定義,0.0,,健康,新北市政府主計處,自殺通報人數(99年以後) ,2020,itemvalue5,是（欄位說明僅存於新北市統計年報）,4.0
109,,,,,,,欄位未定義,0.0,,健康,新北市政府主計處,自殺通報人數(99年以後) ,2020,itemvalue6,是（欄位說明僅存於新北市統計年報）,184.0
109,,,,,,,欄位未定義,0.0,,健康,新北市政府主計處,自殺通報人數(99年以後) ,2020,itemvalue7,是（欄位說明僅存於新北市統計年報）,642.0
109,,,,,,,欄位未定義,0.0,,健康,新北市政府主計處,自殺通報人數(99年以後) ,2020,itemvalue8,是（欄位說明僅存於新北市統計年報）,248.0
109,,,,,,,欄位未定義,0.0,,健康,新北市政府主計處,自殺通報人數(99年以後) ,2020,itemvalue9,是（欄位說明僅存於新北市統計年報）,971.0
109,,,,,,,欄位未定義,0.0,,健康,新北市政府主計處,自殺通報人數(99年以後) ,2020,itemvalue10,是（欄位說明僅存於新北市統計年報）,529.0
109,,,,,,,欄位未定義,0.0,,健康,新北市政府主計處,自殺通報人數(99年以後) ,2020,itemvalue11,是（欄位說明僅存於新北市統計年報）,1404.0
109,,,,,,,欄位未定義,0.0,,健康,新北市政府主計處,自殺通報人數(99年以後) ,2020,itemvalue12,是（欄位說明僅存於新北市統計年報）,522.0
109,,,,,,,欄位未定義,0.0,,健康,新北市政府主計處,自殺通報人數(99年以後) ,2020,itemvalue13,是（欄位說明僅存於新北市統計年報）,938.0
109,,,,,,,欄位未定義,0.0,,健康,新北市政府主計處,自殺通報人數(99年以後) ,2020,itemvalue14,是（欄位說明僅存於新北市統計年報）,459.0
109,,,,,,,欄位未定義,0.0,,健康,新北市政府主計處,自殺通報人數(99年以後) ,2020,itemvalue15,是（欄位說明僅存於新北市統計年報）,833.0
109,,,,,,,欄位未定義,0.0,,健康,新北市政府主計處,自殺通報人數(99年以後) ,2020,itemvalue16,是（欄位說明僅存於新北市統計年報）,348.0
109,,,,,,,欄位未定義,0.0,,健康,新北市政府主計處,自殺通報人數(99年以後) ,2020,itemvalue17,是（欄位說明僅存於新北市統計年報）,462.0
109,,,,,,,欄位未定義,0.0,,健康,新北市政府主計處,自殺通報人數(99年以後) ,2020,itemvalue18,是（欄位說明僅存於新北市統計年報）,466.0
109,,,,,,,欄位未定義,0.0,,健康,新北市政府主計處,自殺通報人數(99年以後) ,2020,itemvalue19,是（欄位說明僅存於新北市統計年報）,527.0
109,,,,,,,欄位未定義,0.0,,健康,新北市政府主計處,醫療服務,2020,itemvalue2,是（欄位說明僅存於新北市統計年報）,78.7854877561
109,,,,,,,欄位未定義,0.0,,健康,新北市政府主計處,醫療服務,2020,itemvalue3,是（欄位說明僅存於新北市統計年報）,84.9563442879
109,,,,,,,欄位未定義,0.0,,健康,新北市政府主計處,醫療服務,2020,itemvalue4,是（欄位說明僅存於新北市統計年報）,90405.3979475653
109,,,,,,,欄位未定義,0.0,,健康,新北市政府主計處,醫療服務,2020,itemvalue5,是（欄位說明僅存於新北市統計年報）,93968.7981237783
109,,,,,,,欄位未定義,0.0,,健康,新北市政府主計處,醫療服務,2020,itemvalue6,是（欄位說明僅存於新北市統計年報）,2243.1911
109,,,,,,,欄位未定義,0.0,,健康,新北市政府主計處,醫療服務,2020,itemvalue7,是（欄位說明僅存於新北市統計年報）,3190196.6119
109,,,,,,,欄位未定義,0.0,,健康,新北市政府主計處,醫療服務,2020,itemvalue8,是（欄位說明僅存於新北市統計年報）,2831.6155
109,,,,,,,欄位未定義,0.0,,健康,新北市政府主計處,醫療服務,2020,itemvalue9,是（欄位說明僅存於新北市統計年報）,3333370.0334
109,,,,,,,欄位未定義,0.0,,健康,新北市政府主計處,醫療服務,2020,itemvalue10,是（欄位說明僅存於新北市統計年報）,14.5714
109,,,,,,,欄位未定義,0.0,,健康,新北市政府主計處,醫療服務,2020,itemvalue11,是（欄位說明僅存於新北市統計年報）,1066665.7511
109,,,,,,,欄位未定義,0.0,,健康,新北市政府主計處,醫療服務,2020,itemvalue12,是（欄位說明僅存於新北市統計年報）,14.6686
109,,,,,,,欄位未定義,0.0,,健康,新北市政府主計處,醫療服務,2020,itemvalue13,是（欄位說明僅存於新北市統計年報）,886462.6894
109,,,,,,,欄位未定義,0.0,,婚育,新北市政府主計處,失業率－婚姻狀況別,2020,item value2,是（欄位說明僅存於新北市統計年報）,6.3
109,,,,,,,欄位未定義,0.0,,婚育,新北市政府主計處,失業率－婚姻狀況別,2020,item value3,是（欄位說明僅存於新北市統計年報）,6.2
109,,,,,,,欄位未定義,0.0,,婚育,新北市政府主計處,失業率－婚姻狀況別,2020,item value4,是（欄位說明僅存於新北市統計年報）,1.9
109,,,,,,,欄位未定義,0.0,,婚育,新北市政府主計處,失業率－婚姻狀況別,2020,item value5,是（欄位說明僅存於新北市統計年報）,1.4
109,,,,,,,欄位未定義,0.0,,婚育,新北市政府主計處,失業率－婚姻狀況別,2020,item value6,是（欄位說明僅存於新北市統計年報）,4.7
109,,,,,,,欄位未定義,0.0,,婚育,新北市政府主計處,失業率－婚姻狀況別,2020,item value7,是（欄位說明僅存於新北市統計年報）,2.1
109,,,,,,,欄位未定義,0.0,,婚育,新北市政府主計處,婚姻狀況,2020,itemvalue2,是（欄位說明僅存於新北市統計年報）,1718324.0
109,,,,,,,欄位未定義,0.0,,婚育,新北市政府主計處,婚姻狀況,2020,itemvalue3,是（欄位說明僅存於新北市統計年報）,1830344.0
109,,,,,,,欄位未定義,0.0,,婚育,新北市政府主計處,婚姻狀況,2020,itemvalue4,是（欄位說明僅存於新北市統計年報）,670216.0
109,,,,,,,欄位未定義,0.0,,婚育,新北市政府主計處,婚姻狀況,2020,itemvalue5,是（欄位說明僅存於新北市統計年報）,585933.0
109,,,,,,,欄位未定義,0.0,,婚育,新北市政府主計處,婚姻狀況,2020,itemvalue6,是（欄位說明僅存於新北市統計年報）,862749.0
109,,,,,,,欄位未定義,0.0,,婚育,新北市政府主計處,婚姻狀況,2020,itemvalue7,是（欄位說明僅存於新北市統計年報）,885513.0
109,,,,,,,欄位未定義,0.0,,婚育,新北市政府主計處,婚姻狀況,2020,itemvalue8,是（欄位說明僅存於新北市統計年報）,607.0
109,,,,,,,欄位未定義,0.0,,婚育,新北市政府主計處,婚姻狀況,2020,itemvalue9,是（欄位說明僅存於新北市統計年報）,1284.0
109,,,,,,,欄位未定義,0.0,,婚育,新北市政府主計處,婚姻狀況,2020,itemvalue10,是（欄位說明僅存於新北市統計年報）,34055.0
109,,,,,,,欄位未定義,0.0,,婚育,新北市政府主計處,婚姻狀況,2020,itemvalue11,是（欄位說明僅存於新北市統計年報）,172353.0
109,,,,,,,欄位未定義,0.0,,婚育,新北市政府主計處,婚姻狀況,2020,itemvalue12,是（欄位說明僅存於新北市統計年報）,0.0
109,,,,,,,欄位未定義,0.0,,婚育,新北市政府主計處,婚姻狀況,2020,itemvalue13,是（欄位說明僅存於新北市統計年報）,0.0
109,,,,,,,欄位未定義,0.0,,婚育,新北市政府主計處,婚姻狀況,2020,itemvalue14,是（欄位說明僅存於新北市統計年報）,151304.0
109,,,,,,,欄位未定義,0.0,,婚育,新北市政府主計處,婚姻狀況,2020,itemvalue15,是（欄位說明僅存於新北市統計年報）,186545.0
109,,,,,,,欄位未定義,0.0,,婚育,新北市政府主計處,婚姻狀況,2020,itemvalue16,是（欄位說明僅存於新北市統計年報）,52.0
109,,,,,,,欄位未定義,0.0,,婚育,新北市政府主計處,婚姻狀況,2020,itemvalue17,是（欄位說明僅存於新北市統計年報）,92.0
109,,,,,,,欄位未定義,0.0,,婚育,新北市政府主計處,婚姻狀況—喪偶年齡結構,2020,itemvalue2,是（欄位說明僅存於新北市統計年報）,0.0
109,,,,,,,欄位未定義,0.0,,婚育,新北市政府主計處,婚姻狀況—喪偶年齡結構,2020,itemvalue3,是（欄位說明僅存於新北市統計年報）,0.0
109,,,,,,,欄位未定義,0.0,,婚育,新北市政府主計處,婚姻狀況—喪偶年齡結構,2020,itemvalue4,是（欄位說明僅存於新北市統計年報）,0.0058728527
109,,,,,,,欄位未定義,0.0,,婚育,新北市政府主計處,婚姻狀況—喪偶年齡結構,2020,itemvalue5,是（欄位說明僅存於新北市統計年報）,0.0034812275
109,,,,,,,欄位未定義,0.0,,婚育,新北市政府主計處,婚姻狀況—喪偶年齡結構,2020,itemvalue6,是（欄位說明僅存於新北市統計年報）,0.0176185582
109,,,,,,,欄位未定義,0.0,,婚育,新北市政府主計處,婚姻狀況—喪偶年齡結構,2020,itemvalue7,是（欄位說明僅存於新北市統計年報）,0.0214675695
109,,,,,,,欄位未定義,0.0,,婚育,新北市政府主計處,婚姻狀況—喪偶年齡結構,2020,itemvalue8,是（欄位說明僅存於新北市統計年報）,0.0910292174
109,,,,,,,欄位未定義,0.0,,婚育,新北市政府主計處,婚姻狀況—喪偶年齡結構,2020,itemvalue9,是（欄位說明僅存於新北市統計年報）,0.0957337557
109,,,,,,,欄位未定義,0.0,,婚育,新北市政府主計處,婚姻狀況—喪偶年齡結構,2020,itemvalue10,是（欄位說明僅存於新北市統計年報）,0.3641168698
109,,,,,,,欄位未定義,0.0,,婚育,新北市政府主計處,婚姻狀況—喪偶年齡結構,2020,itemvalue11,是（欄位說明僅存於新北市統計年報）,0.474027142
109,,,,,,,欄位未定義,0.0,,婚育,新北市政府主計處,婚姻狀況—喪偶年齡結構,2020,itemvalue12,是（欄位說明僅存於新北市統計年報）,99.5213625018
109,,,,,,,欄位未定義,0.0,,婚育,新北市政府主計處,婚姻狀況—喪偶年齡結構,2020,itemvalue13,是（欄位說明僅存於新北市統計年報）,99.4052903054
109,,,,,,,欄位未定義,0.0,,婚育,新北市政府主計處,婚姻狀況—有偶年齡結構,2020,itemvalue2,是（欄位說明僅存於新北市統計年報）,0.0074181483
109,,,,,,,欄位未定義,0.0,,婚育,新北市政府主計處,婚姻狀況—有偶年齡結構,2020,itemvalue3,是（欄位說明僅存於新北市統計年報）,0.0263124313
109,,,,,,,欄位未定義,0.0,,婚育,新北市政府主計處,婚姻狀況—有偶年齡結構,2020,itemvalue4,是（欄位說明僅存於新北市統計年報）,0.2343671218
109,,,,,,,欄位未定義,0.0,,婚育,新北市政府主計處,婚姻狀況—有偶年齡結構,2020,itemvalue5,是（欄位說明僅存於新北市統計年報）,0.4286780657
109,,,,,,,欄位未定義,0.0,,婚育,新北市政府主計處,婚姻狀況—有偶年齡結構,2020,itemvalue6,是（欄位說明僅存於新北市統計年報）,1.4903523505
109,,,,,,,欄位未定義,0.0,,婚育,新北市政府主計處,婚姻狀況—有偶年齡結構,2020,itemvalue7,是（欄位說明僅存於新北市統計年報）,2.341693459
109,,,,,,,欄位未定義,0.0,,婚育,新北市政府主計處,婚姻狀況—有偶年齡結構,2020,itemvalue8,是（欄位說明僅存於新北市統計年報）,4.5968178462
109,,,,,,,欄位未定義,0.0,,婚育,新北市政府主計處,婚姻狀況—有偶年齡結構,2020,itemvalue9,是（欄位說明僅存於新北市統計年報）,6.1534952056
109,,,,,,,欄位未定義,0.0,,婚育,新北市政府主計處,婚姻狀況—有偶年齡結構,2020,itemvalue10,是（欄位說明僅存於新北市統計年報）,8.9366664001
109,,,,,,,欄位未定義,0.0,,婚育,新北市政府主計處,婚姻狀況—有偶年齡結構,2020,itemvalue11,是（欄位說明僅存於新北市統計年報）,10.8835217552
109,,,,,,,欄位未定義,0.0,,婚育,新北市政府主計處,婚姻狀況—有偶年齡結構,2020,itemvalue12,是（欄位說明僅存於新北市統計年報）,84.7343781332
109,,,,,,,欄位未定義,0.0,,婚育,新北市政府主計處,婚姻狀況—有偶年齡結構,2020,itemvalue13,是（欄位說明僅存於新北市統計年報）,80.1662990831
109,,,,,,,欄位未定義,0.0,,婚育,新北市政府主計處,婚姻狀況—未婚年齡結構,2020,percent2,是（欄位說明僅存於新北市統計年報）,14.7209257911
109,,,,,,,欄位未定義,0.0,,婚育,新北市政府主計處,婚姻狀況—未婚年齡結構,2020,percent3,是（欄位說明僅存於新北市統計年報）,15.3293977298
109,,,,,,,欄位未定義,0.0,,婚育,新北市政府主計處,婚姻狀況—未婚年齡結構,2020,percent4,是（欄位說明僅存於新北市統計年報）,18.9043532234
109,,,,,,,欄位未定義,0.0,,婚育,新北市政府主計處,婚姻狀況—未婚年齡結構,2020,percent5,是（欄位說明僅存於新北市統計年報）,19.6176013298
109,,,,,,,欄位未定義,0.0,,婚育,新北市政府主計處,婚姻狀況—未婚年齡結構,2020,percent6,是（欄位說明僅存於新北市統計年報）,19.0517683851
109,,,,,,,欄位未定義,0.0,,婚育,新北市政府主計處,婚姻狀況—未婚年齡結構,2020,percent7,是（欄位說明僅存於新北市統計年報）,18.4888033273
109,,,,,,,欄位未定義,0.0,,婚育,新北市政府主計處,婚姻狀況—未婚年齡結構,2020,percent8,是（欄位說明僅存於新北市統計年報）,14.2997182998
109,,,,,,,欄位未定義,0.0,,婚育,新北市政府主計處,婚姻狀況—未婚年齡結構,2020,percent9,是（欄位說明僅存於新北市統計年報）,12.4942612893
109,,,,,,,欄位未定義,0.0,,婚育,新北市政府主計處,婚姻狀況—未婚年齡結構,2020,percent10,是（欄位說明僅存於新北市統計年報）,11.1737111618
109,,,,,,,欄位未定義,0.0,,婚育,新北市政府主計處,婚姻狀況—未婚年齡結構,2020,percent11,是（欄位說明僅存於新北市統計年報）,9.2077080485
109,,,,,,,欄位未定義,0.0,,婚育,新北市政府主計處,婚姻狀況—未婚年齡結構,2020,percent12,是（欄位說明僅存於新北市統計年報）,21.8495231388
109,,,,,,,欄位未定義,0.0,,婚育,新北市政府主計處,婚姻狀況—未婚年齡結構,2020,percent13,是（欄位說明僅存於新北市統計年報）,24.8622282752
109,,,,,,,欄位未定義,0.0,,婚育,新北市政府主計處,婚姻狀況—離婚年齡結構,2020,percent2,是（欄位說明僅存於新北市統計年報）,0.0039655264
109,,,,,,,欄位未定義,0.0,,婚育,新北市政府主計處,婚姻狀況—離婚年齡結構,2020,percent3,是（欄位說明僅存於新北市統計年報）,0.0192982926
109,,,,,,,欄位未定義,0.0,,婚育,新北市政府主計處,婚姻狀況—離婚年齡結構,2020,percent4,是（欄位說明僅存於新北市統計年報）,0.276925924
109,,,,,,,欄位未定義,0.0,,婚育,新北市政府主計處,婚姻狀況—離婚年齡結構,2020,percent5,是（欄位說明僅存於新北市統計年報）,0.5237342196
109,,,,,,,欄位未定義,0.0,,婚育,新北市政府主計處,婚姻狀況—離婚年齡結構,2020,percent6,是（欄位說明僅存於新北市統計年報）,1.3819859356
109,,,,,,,欄位未定義,0.0,,婚育,新北市政府主計處,婚姻狀況—離婚年齡結構,2020,percent7,是（欄位說明僅存於新北市統計年報）,1.6666219947
109,,,,,,,欄位未定義,0.0,,婚育,新北市政府主計處,婚姻狀況—離婚年齡結構,2020,percent8,是（欄位說明僅存於新北市統計年報）,3.0408977952
109,,,,,,,欄位未定義,0.0,,婚育,新北市政府主計處,婚姻狀況—離婚年齡結構,2020,percent9,是（欄位說明僅存於新北市統計年報）,3.5380203168
109,,,,,,,欄位未定義,0.0,,婚育,新北市政府主計處,婚姻狀況—離婚年齡結構,2020,percent10,是（欄位說明僅存於新北市統計年報）,6.9515677048
109,,,,,,,欄位未定義,0.0,,婚育,新北市政府主計處,婚姻狀況—離婚年齡結構,2020,percent11,是（欄位說明僅存於新北市統計年報）,8.2087431987
109,,,,,,,欄位未定義,0.0,,婚育,新北市政府主計處,婚姻狀況—離婚年齡結構,2020,percent12,是（欄位說明僅存於新北市統計年報）,88.3446571142
109,,,,,,,欄位未定義,0.0,,婚育,新北市政府主計處,婚姻狀況—離婚年齡結構,2020,percent13,是（欄位說明僅存於新北市統計年報）,86.0435819775
109,,,,,,,欄位未定義,0.0,,婚育,新北市政府主計處,嬰兒出生情形,2020,item value2,是（欄位說明僅存於新北市統計年報）,95.9589956916
109,,,,,,,欄位未定義,0.0,,婚育,新北市政府主計處,嬰兒出生情形,2020,item value3,是（欄位說明僅存於新北市統計年報）,96.2339806589
109,,,,,,,欄位未定義,0.0,,婚育,新北市政府主計處,嬰兒出生情形,2020,item value4,是（欄位說明僅存於新北市統計年報）,4.0410043084
109,,,,,,,欄位未定義,0.0,,婚育,新北市政府主計處,嬰兒出生情形,2020,item value5,是（欄位說明僅存於新北市統計年報）,3.7660193411
109,,,,,,,欄位未定義,0.0,,婚育,新北市政府主計處,嬰兒出生情形,2020,item value6,是（欄位說明僅存於新北市統計年報）,0.0
109,,,,,,,欄位未定義,0.0,,婚育,新北市政府主計處,嬰兒出生情形,2020,item value7,是（欄位說明僅存於新北市統計年報）,0.0
109,,,,,,,欄位未定義,0.0,,婚育,新北市政府主計處,嬰兒出生情形,2020,item value8,是（欄位說明僅存於新北市統計年報）,95.8995691576
109,,,,,,,欄位未定義,0.0,,婚育,新北市政府主計處,嬰兒出生情形,2020,item value9,是（欄位說明僅存於新北市統計年報）,95.6914851797
109,,,,,,,欄位未定義,0.0,,婚育,新北市政府主計處,嬰兒出生情形,2020,item value10,是（欄位說明僅存於新北市統計年報）,4.0484326252
109,,,,,,,欄位未定義,0.0,,婚育,新北市政府主計處,嬰兒出生情形,2020,item value11,是（欄位說明僅存於新北市統計年報）,4.2692035537
109,,,,,,,欄位未定義,0.0,,婚育,新北市政府主計處,嬰兒出生情形,2020,item value12,是（欄位說明僅存於新北市統計年報）,0.0519982172
109,,,,,,,欄位未定義,0.0,,婚育,新北市政府主計處,嬰兒出生情形,2020,item value13,是（欄位說明僅存於新北市統計年報）,0.0393112666
109,,,,,,,欄位未定義,0.0,,婚育,新北市政府主計處,嬰兒生母生育胎次及年齡,2020,item value2,是（欄位說明僅存於新北市統計年報）,54.9826209847
109,,,,,,,欄位未定義,0.0,,婚育,新北市政府主計處,嬰兒生母生育胎次及年齡,2020,item value3,是（欄位說明僅存於新北市統計年報）,0.905236622
109,,,,,,,欄位未定義,0.0,,婚育,新北市政府主計處,嬰兒生母生育胎次及年齡,2020,item value4,是（欄位說明僅存於新北市統計年報）,5.0723807341
109,,,,,,,欄位未定義,0.0,,婚育,新北市政府主計處,嬰兒生母生育胎次及年齡,2020,item value5,是（欄位說明僅存於新北市統計年報）,13.7198731905
109,,,,,,,欄位未定義,0.0,,婚育,新北市政府主計處,嬰兒生母生育胎次及年齡,2020,item value6,是（欄位說明僅存於新北市統計年報）,20.377372904
109,,,,,,,欄位未定義,0.0,,婚育,新北市政府主計處,嬰兒生母生育胎次及年齡,2020,item value7,是（欄位說明僅存於新北市統計年報）,12.0163477331
109,,,,,,,欄位未定義,0.0,,婚育,新北市政府主計處,嬰兒生母生育胎次及年齡,2020,item value8,是（欄位說明僅存於新北市統計年報）,2.6660555365
109,,,,,,,欄位未定義,0.0,,婚育,新北市政府主計處,嬰兒生母生育胎次及年齡,2020,item value9,是（欄位說明僅存於新北市統計年報）,0.2253542645
109,,,,,,,欄位未定義,0.0,,婚育,新北市政府主計處,嬰兒生母生育胎次及年齡,2020,item value10,是（欄位說明僅存於新北市統計年報）,35.0024827165
109,,,,,,,欄位未定義,0.0,,婚育,新北市政府主計處,嬰兒生母生育胎次及年齡,2020,item value11,是（欄位說明僅存於新北市統計年報）,7.7537145258
109,,,,,,,欄位未定義,0.0,,婚育,新北市政府主計處,嬰兒生母生育胎次及年齡,2020,item value12,是（欄位說明僅存於新北市統計年報）,2.261181773
109,,,,,,,欄位未定義,0.0,,婚育,新北市政府主計處,嬰兒生母生育胎次及年齡,2020,item value13,是（欄位說明僅存於新北市統計年報）,31.7179149148
109,,,,,,,欄位未定義,0.0,,婚育,新北市政府主計處,年齡別生育率,2020,item value2,是（欄位說明僅存於新北市統計年報）,0.5821371224
109,,,,,,,欄位未定義,0.0,,婚育,新北市政府主計處,年齡別生育率,2020,item value3,是（欄位說明僅存於新北市統計年報）,2.943864646
109,,,,,,,欄位未定義,0.0,,婚育,新北市政府主計處,年齡別生育率,2020,item value4,是（欄位說明僅存於新北市統計年報）,6.9520095773
109,,,,,,,欄位未定義,0.0,,婚育,新北市政府主計處,年齡別生育率,2020,item value5,是（欄位說明僅存於新北市統計年報）,15.3994145403
109,,,,,,,欄位未定義,0.0,,婚育,新北市政府主計處,年齡別生育率,2020,item value6,是（欄位說明僅存於新北市統計年報）,25.8520452567
109,,,,,,,欄位未定義,0.0,,婚育,新北市政府主計處,年齡別生育率,2020,item value7,是（欄位說明僅存於新北市統計年報）,41.5377318004
109,,,,,,,欄位未定義,0.0,,婚育,新北市政府主計處,年齡別生育率,2020,item value8,是（欄位說明僅存於新北市統計年報）,58.7583267867
109,,,,,,,欄位未定義,0.0,,婚育,新北市政府主計處,年齡別生育率,2020,item value9,是（欄位說明僅存於新北市統計年報）,70.2634694537
109,,,,,,,欄位未定義,0.0,,婚育,新北市政府主計處,年齡別生育率,2020,item value10,是（欄位說明僅存於新北市統計年報）,50.8319918999
109,,,,,,,欄位未定義,0.0,,婚育,新北市政府主計處,年齡別生育率,2020,item value11,是（欄位說明僅存於新北市統計年報）,42.7888022679
109,,,,,,,欄位未定義,0.0,,婚育,新北市政府主計處,年齡別生育率,2020,item value12,是（欄位說明僅存於新北市統計年報）,21.6800604596
109,,,,,,,欄位未定義,0.0,,婚育,新北市政府主計處,年齡別生育率,2020,item value13,是（欄位說明僅存於新北市統計年報）,9.4158117279
109,,,,,,,欄位未定義,0.0,,婚育,新北市政府主計處,年齡別生育率,2020,item value14,是（欄位說明僅存於新北市統計年報）,5.6195894138
109,,,,,,,欄位未定義,0.0,,婚育,新北市政府主計處,年齡別生育率,2020,item value15,是（欄位說明僅存於新北市統計年報）,0.6121786449
109,,,,,,,欄位未定義,0.0,,婚育,新北市政府主計處,年齡別生育率,2020,item value16,是（欄位說明僅存於新北市統計年報）,0.9955615933
109,,,,,,,欄位未定義,0.0,,婚育,新北市政府主計處,年齡別生育率,2020,item value17,是（欄位說明僅存於新北市統計年報）,0.035253835
109,,,,,,,欄位未定義,0.0,,婚育,新北市政府主計處,生育率,2020,itemvalue2,是（欄位說明僅存於新北市統計年報）,20.043814503
109,,,,,,,欄位未定義,0.0,,婚育,新北市政府主計處,生育率,2020,itemvalue3,是（欄位說明僅存於新北市統計年報）,26.3216100408
109,,,,,,,欄位未定義,0.0,,婚育,新北市政府主計處,生育率,2020,itemvalue4,是（欄位說明僅存於新北市統計年報）,861.3364185148
109,,,,,,,欄位未定義,0.0,,婚育,新北市政府主計處,生育率,2020,itemvalue5,是（欄位說明僅存於新北市統計年報）,915.1589037545
109,,,,,,,欄位未定義,0.0,,婚育,新北市政府主計處,生育率,2020,itemvalue6,是（欄位說明僅存於新北市統計年報）,66.4166202639
109,,,,,,,欄位未定義,0.0,,婚育,新北市政府主計處,結婚情形,2020,itemvalue2,是（欄位說明僅存於新北市統計年報）,1328.0
109,,,,,,,欄位未定義,0.0,,婚育,新北市政府主計處,結婚情形,2020,itemvalue3,是（欄位說明僅存於新北市統計年報）,752.0
109,,,,,,,欄位未定義,0.0,,婚育,新北市政府主計處,結婚情形,2020,itemvalue4,是（欄位說明僅存於新北市統計年報）,33.0
109,,,,,,,欄位未定義,0.0,,婚育,新北市政府主計處,結婚情形,2020,itemvalue5,是（欄位說明僅存於新北市統計年報）,31.0
109,,,,,,,欄位未定義,0.0,,婚育,新北市政府主計處,結婚情形,2020,itemvalue6,是（欄位說明僅存於新北市統計年報）,32.4
109,,,,,,,欄位未定義,0.0,,婚育,新北市政府主計處,結婚情形,2020,itemvalue7,是（欄位說明僅存於新北市統計年報）,30.5
109,,,,,,,欄位未定義,0.0,,婚育,新北市政府主計處,結婚情形,2020,itemvalue8,是（欄位說明僅存於新北市統計年報）,26.7234205024
109,,,,,,,欄位未定義,0.0,,婚育,新北市政府主計處,結婚情形,2020,itemvalue9,是（欄位說明僅存於新北市統計年報）,30.5430877225
109,,,,,,,欄位未定義,0.0,,婚育,新北市政府主計處,結婚情形,2020,itemvalue10,是（欄位說明僅存於新北市統計年報）,18.5811685745
109,,,,,,,欄位未定義,0.0,,婚育,新北市政府主計處,結婚情形,2020,itemvalue11,是（欄位說明僅存於新北市統計年報）,10.4126787524
109,,,,,,,欄位未定義,0.0,,婚育,新北市政府主計處,離婚情形,2020,item value2,是（欄位說明僅存於新北市統計年報）,1120.0
109,,,,,,,欄位未定義,0.0,,婚育,新北市政府主計處,離婚情形,2020,item value3,是（欄位說明僅存於新北市統計年報）,164.0
109,,,,,,,欄位未定義,0.0,,婚育,新北市政府主計處,離婚情形,2020,item value4,是（欄位說明僅存於新北市統計年報）,0.0
109,,,,,,,欄位未定義,0.0,,婚育,新北市政府主計處,離婚情形,2020,item value5,是（欄位說明僅存於新北市統計年報）,0.0
109,,,,,,,欄位未定義,0.0,,婚育,新北市政府主計處,離婚情形,2020,item value6,是（欄位說明僅存於新北市統計年報）,10.5430432258
109,,,,,,,欄位未定義,0.0,,婚育,新北市政府主計處,離婚情形,2020,item value7,是（欄位說明僅存於新北市統計年報）,10.3171833728
109,,,,,,,欄位未定義,0.0,,婚育,新北市政府主計處,離婚情形,2020,item value8,是（欄位說明僅存於新北市統計年報）,75.7825370675
109,,,,,,,欄位未定義,0.0,,婚育,新北市政府主計處,離婚情形,2020,item value9,是（欄位說明僅存於新北市統計年報）,66.9781931464
109,,,,,,,欄位未定義,0.0,,婚育,新北市政府主計處,離婚情形,2020,item value10,是（欄位說明僅存於新北市統計年報）,33.6837396556
109,,,,,,,欄位未定義,0.0,,婚育,新北市政府主計處,離婚情形,2020,item value11,是（欄位說明僅存於新北市統計年報）,38.2912100201
109,,,,,,,欄位未定義,0.0,,婚育,新北市政府主計處,離婚情形,2020,item value12,是（欄位說明僅存於新北市統計年報）,28.0250503243
109,,,,,,,欄位未定義,0.0,,婚育,新北市政府主計處,離婚情形,2020,item value13,是（欄位說明僅存於新北市統計年報）,0.0
109,,,,,,,欄位未定義,0.0,,安全,新北市政府主計處,候詢嫌疑犯暨被拘留人犯數,2020,percent2,是（欄位說明僅存於新北市統計年報）,8862.0
109,,,,,,,欄位未定義,0.0,,安全,新北市政府主計處,候詢嫌疑犯暨被拘留人犯數,2020,percent3,是（欄位說明僅存於新北市統計年報）,1276.0
109,,,,,,,欄位未定義,0.0,,安全,新北市政府主計處,候詢嫌疑犯暨被拘留人犯數,2020,percent4,是（欄位說明僅存於新北市統計年報）,8856.0
109,,,,,,,欄位未定義,0.0,,安全,新北市政府主計處,候詢嫌疑犯暨被拘留人犯數,2020,percent5,是（欄位說明僅存於新北市統計年報）,1276.0
109,,,,,,,欄位未定義,0.0,,安全,新北市政府主計處,候詢嫌疑犯暨被拘留人犯數,2020,percent6,是（欄位說明僅存於新北市統計年報）,0.0
109,,,,,,,欄位未定義,0.0,,安全,新北市政府主計處,候詢嫌疑犯暨被拘留人犯數,2020,percent7,是（欄位說明僅存於新北市統計年報）,0.0
109,,,,,,,欄位未定義,0.0,,安全,新北市政府主計處,候詢嫌疑犯暨被拘留人犯數,2020,percent8,是（欄位說明僅存於新北市統計年報）,6.0
109,,,,,,,欄位未定義,0.0,,安全,新北市政府主計處,候詢嫌疑犯暨被拘留人犯數,2020,percent9,是（欄位說明僅存於新北市統計年報）,0.0
109,,,,,,,欄位未定義,0.0,,安全,新北市政府主計處,候詢嫌疑犯暨被拘留人犯數,2020,percent10,是（欄位說明僅存於新北市統計年報）,0.0
109,,,,,,,欄位未定義,0.0,,安全,新北市政府主計處,候詢嫌疑犯暨被拘留人犯數,2020,percent11,是（欄位說明僅存於新北市統計年報）,0.0
109,,,,,,,欄位未定義,0.0,,安全,新北市政府主計處,刑事案件嫌疑犯,2020,item value2,是（欄位說明僅存於新北市統計年報）,21117.0
109,,,,,,,欄位未定義,0.0,,安全,新北市政府主計處,刑事案件嫌疑犯,2020,item value3,是（欄位說明僅存於新北市統計年報）,4960.0
109,,,,,,,欄位未定義,0.0,,安全,新北市政府主計處,刑事案件嫌疑犯,2020,item value4,是（欄位說明僅存於新北市統計年報）,1574.0
109,,,,,,,欄位未定義,0.0,,安全,新北市政府主計處,刑事案件嫌疑犯,2020,item value5,是（欄位說明僅存於新北市統計年報）,458.0
109,,,,,,,欄位未定義,0.0,,安全,新北市政府主計處,刑事案件嫌疑犯,2020,item value6,是（欄位說明僅存於新北市統計年報）,1316.0
109,,,,,,,欄位未定義,0.0,,安全,新北市政府主計處,刑事案件嫌疑犯,2020,item value7,是（欄位說明僅存於新北市統計年報）,279.0
109,,,,,,,欄位未定義,0.0,,安全,新北市政府主計處,刑事案件嫌疑犯,2020,item value8,是（欄位說明僅存於新北市統計年報）,2062.0
109,,,,,,,欄位未定義,0.0,,安全,新北市政府主計處,刑事案件嫌疑犯,2020,item value9,是（欄位說明僅存於新北市統計年報）,878.0
109,,,,,,,欄位未定義,0.0,,安全,新北市政府主計處,刑事案件嫌疑犯,2020,item value10,是（欄位說明僅存於新北市統計年報）,6851.0
109,,,,,,,欄位未定義,0.0,,安全,新北市政府主計處,刑事案件嫌疑犯,2020,item value11,是（欄位說明僅存於新北市統計年報）,1175.0
109,,,,,,,欄位未定義,0.0,,安全,新北市政府主計處,刑事案件嫌疑犯,2020,item value12,是（欄位說明僅存於新北市統計年報）,2343.0
109,,,,,,,欄位未定義,0.0,,安全,新北市政府主計處,刑事案件嫌疑犯,2020,item value13,是（欄位說明僅存於新北市統計年報）,322.0
109,,,,,,,欄位未定義,0.0,,安全,新北市政府主計處,刑事案件嫌疑犯,2020,item value14,是（欄位說明僅存於新北市統計年報）,6971.0
109,,,,,,,欄位未定義,0.0,,安全,新北市政府主計處,刑事案件嫌疑犯,2020,item value15,是（欄位說明僅存於新北市統計年報）,1848.0
109,,,,,,,欄位未定義,0.0,,安全,新北市政府主計處,刑事案件嫌疑犯─年齡別,2020,item value2,是（欄位說明僅存於新北市統計年報）,21117.0
109,,,,,,,欄位未定義,0.0,,安全,新北市政府主計處,刑事案件嫌疑犯─年齡別,2020,item value3,是（欄位說明僅存於新北市統計年報）,4960.0
109,,,,,,,欄位未定義,0.0,,安全,新北市政府主計處,刑事案件嫌疑犯─年齡別,2020,item value4,是（欄位說明僅存於新北市統計年報）,1.0
109,,,,,,,欄位未定義,0.0,,安全,新北市政府主計處,刑事案件嫌疑犯─年齡別,2020,item value5,是（欄位說明僅存於新北市統計年報）,0.0
109,,,,,,,欄位未定義,0.0,,安全,新北市政府主計處,刑事案件嫌疑犯─年齡別,2020,item value6,是（欄位說明僅存於新北市統計年報）,12.0
109,,,,,,,欄位未定義,0.0,,安全,新北市政府主計處,刑事案件嫌疑犯─年齡別,2020,item value7,是（欄位說明僅存於新北市統計年報）,2.0
109,,,,,,,欄位未定義,0.0,,安全,新北市政府主計處,刑事案件嫌疑犯─年齡別,2020,item value8,是（欄位說明僅存於新北市統計年報）,944.0
109,,,,,,,欄位未定義,0.0,,安全,新北市政府主計處,刑事案件嫌疑犯─年齡別,2020,item value9,是（欄位說明僅存於新北市統計年報）,134.0
109,,,,,,,欄位未定義,0.0,,安全,新北市政府主計處,刑事案件嫌疑犯─年齡別,2020,item value10,是（欄位說明僅存於新北市統計年報）,2751.0
109,,,,,,,欄位未定義,0.0,,安全,新北市政府主計處,刑事案件嫌疑犯─年齡別,2020,item value11,是（欄位說明僅存於新北市統計年報）,553.0
109,,,,,,,欄位未定義,0.0,,安全,新北市政府主計處,刑事案件嫌疑犯─年齡別,2020,item value12,是（欄位說明僅存於新北市統計年報）,3054.0
109,,,,,,,欄位未定義,0.0,,安全,新北市政府主計處,刑事案件嫌疑犯─年齡別,2020,item value13,是（欄位說明僅存於新北市統計年報）,747.0
109,,,,,,,欄位未定義,0.0,,安全,新北市政府主計處,刑事案件嫌疑犯─年齡別,2020,item value14,是（欄位說明僅存於新北市統計年報）,5039.0
109,,,,,,,欄位未定義,0.0,,安全,新北市政府主計處,刑事案件嫌疑犯─年齡別,2020,item value15,是（欄位說明僅存於新北市統計年報）,1243.0
109,,,,,,,欄位未定義,0.0,,安全,新北市政府主計處,刑事案件嫌疑犯─年齡別,2020,item value16,是（欄位說明僅存於新北市統計年報）,4889.0
109,,,,,,,欄位未定義,0.0,,安全,新北市政府主計處,刑事案件嫌疑犯─年齡別,2020,item value17,是（欄位說明僅存於新北市統計年報）,1007.0
109,,,,,,,欄位未定義,0.0,,安全,新北市政府主計處,刑事案件嫌疑犯─年齡別,2020,item value18,是（欄位說明僅存於新北市統計年報）,2733.0
109,,,,,,,欄位未定義,0.0,,安全,新北市政府主計處,刑事案件嫌疑犯─年齡別,2020,item value19,是（欄位說明僅存於新北市統計年報）,669.0
109,,,,,,,欄位未定義,0.0,,安全,新北市政府主計處,刑事案件嫌疑犯─年齡別,2020,item value20,是（欄位說明僅存於新北市統計年報）,817.0
109,,,,,,,欄位未定義,0.0,,安全,新北市政府主計處,刑事案件嫌疑犯─年齡別,2020,item value21,是（欄位說明僅存於新北市統計年報）,239.0
109,,,,,,,欄位未定義,0.0,,安全,新北市政府主計處,刑事案件嫌疑犯─年齡別,2020,item value22,是（欄位說明僅存於新北市統計年報）,514.0
109,,,,,,,欄位未定義,0.0,,安全,新北市政府主計處,刑事案件嫌疑犯─年齡別,2020,item value23,是（欄位說明僅存於新北市統計年報）,190.0
109,,,,,,,欄位未定義,0.0,,安全,新北市政府主計處,刑事案件嫌疑犯─年齡別,2020,item value24,是（欄位說明僅存於新北市統計年報）,363.0
109,,,,,,,欄位未定義,0.0,,安全,新北市政府主計處,刑事案件嫌疑犯─年齡別,2020,item value25,是（欄位說明僅存於新北市統計年報）,176.0
109,,,,,,,欄位未定義,0.0,,安全,新北市政府主計處,刑事案件嫌疑犯─年齡別,2020,item value26,是（欄位說明僅存於新北市統計年報）,0.0
109,,,,,,,欄位未定義,0.0,,安全,新北市政府主計處,刑事案件嫌疑犯─年齡別,2020,item value27,是（欄位說明僅存於新北市統計年報）,0.0
109,,,,,,,欄位未定義,0.0,,安全,新北市政府主計處,刑事案件被害者,2020,item value2,是（欄位說明僅存於新北市統計年報）,16871.0
109,,,,,,,欄位未定義,0.0,,安全,新北市政府主計處,刑事案件被害者,2020,item value3,是（欄位說明僅存於新北市統計年報）,11796.0
109,,,,,,,欄位未定義,0.0,,安全,新北市政府主計處,刑事案件被害者,2020,item value4,是（欄位說明僅存於新北市統計年報）,3897.0
109,,,,,,,欄位未定義,0.0,,安全,新北市政府主計處,刑事案件被害者,2020,item value5,是（欄位說明僅存於新北市統計年報）,1983.0
109,,,,,,,欄位未定義,0.0,,安全,新北市政府主計處,刑事案件被害者,2020,item value6,是（欄位說明僅存於新北市統計年報）,1826.0
109,,,,,,,欄位未定義,0.0,,安全,新北市政府主計處,刑事案件被害者,2020,item value7,是（欄位說明僅存於新北市統計年報）,991.0
109,,,,,,,欄位未定義,0.0,,安全,新北市政府主計處,刑事案件被害者,2020,item value8,是（欄位說明僅存於新北市統計年報）,2972.0
109,,,,,,,欄位未定義,0.0,,安全,新北市政府主計處,刑事案件被害者,2020,item value9,是（欄位說明僅存於新北市統計年報）,2889.0
109,,,,,,,欄位未定義,0.0,,安全,新北市政府主計處,刑事案件被害者,2020,item value10,是（欄位說明僅存於新北市統計年報）,1290.0
109,,,,,,,欄位未定義,0.0,,安全,新北市政府主計處,刑事案件被害者,2020,item value11,是（欄位說明僅存於新北市統計年報）,774.0
109,,,,,,,欄位未定義,0.0,,安全,新北市政府主計處,刑事案件被害者,2020,item value12,是（欄位說明僅存於新北市統計年報）,1216.0
109,,,,,,,欄位未定義,0.0,,安全,新北市政府主計處,刑事案件被害者,2020,item value13,是（欄位說明僅存於新北市統計年報）,960.0
109,,,,,,,欄位未定義,0.0,,安全,新北市政府主計處,刑事案件被害者,2020,item value14,是（欄位說明僅存於新北市統計年報）,5670.0
109,,,,,,,欄位未定義,0.0,,安全,新北市政府主計處,刑事案件被害者,2020,item value15,是（欄位說明僅存於新北市統計年報）,4199.0
109,,,,,,,欄位未定義,0.0,,安全,新北市政府主計處,刑事案件被害者－年齡別,2020,item value2,是（欄位說明僅存於新北市統計年報）,16871.0
109,,,,,,,欄位未定義,0.0,,安全,新北市政府主計處,刑事案件被害者－年齡別,2020,item value3,是（欄位說明僅存於新北市統計年報）,11796.0
109,,,,,,,欄位未定義,0.0,,安全,新北市政府主計處,刑事案件被害者－年齡別,2020,item value4,是（欄位說明僅存於新北市統計年報）,37.0
109,,,,,,,欄位未定義,0.0,,安全,新北市政府主計處,刑事案件被害者－年齡別,2020,item value5,是（欄位說明僅存於新北市統計年報）,39.0
109,,,,,,,欄位未定義,0.0,,安全,新北市政府主計處,刑事案件被害者－年齡別,2020,item value6,是（欄位說明僅存於新北市統計年報）,58.0
109,,,,,,,欄位未定義,0.0,,安全,新北市政府主計處,刑事案件被害者－年齡別,2020,item value7,是（欄位說明僅存於新北市統計年報）,87.0
109,,,,,,,欄位未定義,0.0,,安全,新北市政府主計處,刑事案件被害者－年齡別,2020,item value8,是（欄位說明僅存於新北市統計年報）,461.0
109,,,,,,,欄位未定義,0.0,,安全,新北市政府主計處,刑事案件被害者－年齡別,2020,item value9,是（欄位說明僅存於新北市統計年報）,495.0
109,,,,,,,欄位未定義,0.0,,安全,新北市政府主計處,刑事案件被害者－年齡別,2020,item value10,是（欄位說明僅存於新北市統計年報）,2083.0
109,,,,,,,欄位未定義,0.0,,安全,新北市政府主計處,刑事案件被害者－年齡別,2020,item value11,是（欄位說明僅存於新北市統計年報）,1364.0
109,,,,,,,欄位未定義,0.0,,安全,新北市政府主計處,刑事案件被害者－年齡別,2020,item value12,是（欄位說明僅存於新北市統計年報）,2557.0
109,,,,,,,欄位未定義,0.0,,安全,新北市政府主計處,刑事案件被害者－年齡別,2020,item value13,是（欄位說明僅存於新北市統計年報）,1629.0
109,,,,,,,欄位未定義,0.0,,安全,新北市政府主計處,刑事案件被害者－年齡別,2020,item value14,是（欄位說明僅存於新北市統計年報）,3994.0
109,,,,,,,欄位未定義,0.0,,安全,新北市政府主計處,刑事案件被害者－年齡別,2020,item value15,是（欄位說明僅存於新北市統計年報）,2590.0
109,,,,,,,欄位未定義,0.0,,安全,新北市政府主計處,刑事案件被害者－年齡別,2020,item value16,是（欄位說明僅存於新北市統計年報）,3233.0
109,,,,,,,欄位未定義,0.0,,安全,新北市政府主計處,刑事案件被害者－年齡別,2020,item value17,是（欄位說明僅存於新北市統計年報）,2308.0
109,,,,,,,欄位未定義,0.0,,安全,新北市政府主計處,刑事案件被害者－年齡別,2020,item value18,是（欄位說明僅存於新北市統計年報）,2330.0
109,,,,,,,欄位未定義,0.0,,安全,新北市政府主計處,刑事案件被害者－年齡別,2020,item value19,是（欄位說明僅存於新北市統計年報）,1579.0
109,,,,,,,欄位未定義,0.0,,安全,新北市政府主計處,刑事案件被害者－年齡別,2020,item value20,是（欄位說明僅存於新北市統計年報）,842.0
109,,,,,,,欄位未定義,0.0,,安全,新北市政府主計處,刑事案件被害者－年齡別,2020,item value21,是（欄位說明僅存於新北市統計年報）,693.0
109,,,,,,,欄位未定義,0.0,,安全,新北市政府主計處,刑事案件被害者－年齡別,2020,item value22,是（欄位說明僅存於新北市統計年報）,561.0
109,,,,,,,欄位未定義,0.0,,安全,新北市政府主計處,刑事案件被害者－年齡別,2020,item value23,是（欄位說明僅存於新北市統計年報）,527.0
109,,,,,,,欄位未定義,0.0,,安全,新北市政府主計處,刑事案件被害者－年齡別,2020,item value24,是（欄位說明僅存於新北市統計年報）,532.0
109,,,,,,,欄位未定義,0.0,,安全,新北市政府主計處,刑事案件被害者－年齡別,2020,item value25,是（欄位說明僅存於新北市統計年報）,482.0
109,,,,,,,欄位未定義,0.0,,安全,新北市政府主計處,刑事案件被害者－年齡別,2020,item value26,是（欄位說明僅存於新北市統計年報）,183.0
109,,,,,,,欄位未定義,0.0,,安全,新北市政府主計處,刑事案件被害者－年齡別,2020,item value27,是（欄位說明僅存於新北市統計年報）,3.0
109,,,,,,,欄位未定義,0.0,,安全,新北市政府主計處,家庭暴力通報案件(續),2020,percent2,是（欄位說明僅存於新北市統計年報）,5474.0
109,,,,,,,欄位未定義,0.0,,安全,新北市政府主計處,家庭暴力通報案件(續),2020,percent3,是（欄位說明僅存於新北市統計年報）,12210.0
109,,,,,,,欄位未定義,0.0,,安全,新北市政府主計處,家庭暴力通報案件(續),2020,percent4,是（欄位說明僅存於新北市統計年報）,1953.0
109,,,,,,,欄位未定義,0.0,,安全,新北市政府主計處,家庭暴力通報案件(續),2020,percent5,是（欄位說明僅存於新北市統計年報）,1658.0
109,,,,,,,欄位未定義,0.0,,安全,新北市政府主計處,家庭暴力通報案件(續),2020,percent6,是（欄位說明僅存於新北市統計年報）,1519.0
109,,,,,,,欄位未定義,0.0,,安全,新北市政府主計處,家庭暴力通報案件(續),2020,percent7,是（欄位說明僅存於新北市統計年報）,7425.0
109,,,,,,,欄位未定義,0.0,,安全,新北市政府主計處,家庭暴力通報案件(續),2020,percent8,是（欄位說明僅存於新北市統計年報）,347.0
109,,,,,,,欄位未定義,0.0,,安全,新北市政府主計處,家庭暴力通報案件(續),2020,percent9,是（欄位說明僅存於新北市統計年報）,629.0
109,,,,,,,欄位未定義,0.0,,安全,新北市政府主計處,家庭暴力通報案件(續),2020,percent10,是（欄位說明僅存於新北市統計年報）,1655.0
109,,,,,,,欄位未定義,0.0,,安全,新北市政府主計處,家庭暴力通報案件(續),2020,percent11,是（欄位說明僅存於新北市統計年報）,2498.0
109,,,,,,,欄位未定義,0.0,,安全,新北市政府主計處,家庭暴力通報案件(續),2020,percent12,是（欄位說明僅存於新北市統計年報）,503.0
109,,,,,,,欄位未定義,0.0,,安全,新北市政府主計處,家庭暴力通報案件(續),2020,percent13,是（欄位說明僅存於新北市統計年報）,376.0
109,,,,,,,欄位未定義,0.0,,安全,新北市政府主計處,家庭暴力通報案件(續),2020,percent14,是（欄位說明僅存於新北市統計年報）,847.0
109,,,,,,,欄位未定義,0.0,,安全,新北市政府主計處,家庭暴力通報案件(續),2020,percent15,是（欄位說明僅存於新北市統計年報）,539.0
109,,,,,,,欄位未定義,0.0,,安全,新北市政府主計處,家庭暴力通報案件(續),2020,percent16,是（欄位說明僅存於新北市統計年報）,592.0
109,,,,,,,欄位未定義,0.0,,安全,新北市政府主計處,家庭暴力通報案件(續),2020,percent17,是（欄位說明僅存於新北市統計年報）,739.0
109,,,,,,,欄位未定義,0.0,,安全,新北市政府主計處,家庭暴力通報案件(續),2020,percent18,是（欄位說明僅存於新北市統計年報）,387.0
109,,,,,,,欄位未定義,0.0,,安全,新北市政府主計處,家庭暴力通報案件(續),2020,percent19,是（欄位說明僅存於新北市統計年報）,1016.0
109,,,,,,,欄位未定義,0.0,,安全,新北市政府主計處,家庭暴力通報案件(續),2020,percent20,是（欄位說明僅存於新北市統計年報）,1182.0
109,,,,,,,欄位未定義,0.0,,安全,新北市政府主計處,家庭暴力通報案件(續),2020,percent21,是（欄位說明僅存於新北市統計年報）,4244.0
109,,,,,,,欄位未定義,0.0,,安全,新北市政府主計處,家庭暴力通報案件(續),2020,percent22,是（欄位說明僅存於新北市統計年報）,1762.0
109,,,,,,,欄位未定義,0.0,,安全,新北市政府主計處,家庭暴力通報案件(續),2020,percent23,是（欄位說明僅存於新北市統計年報）,4819.0
109,,,,,,,欄位未定義,0.0,,安全,新北市政府主計處,家庭暴力通報案件(續),2020,percent24,是（欄位說明僅存於新北市統計年報）,565.0
109,,,,,,,欄位未定義,0.0,,安全,新北市政府主計處,家庭暴力通報案件(續),2020,percent25,是（欄位說明僅存於新北市統計年報）,1118.0
109,,,,,,,欄位未定義,0.0,,安全,新北市政府主計處,家庭暴力通報案件,2020,percent2,是（欄位說明僅存於新北市統計年報）,23146.0
109,,,,,,,欄位未定義,0.0,,安全,新北市政府主計處,家庭暴力通報案件,2020,percent3,是（欄位說明僅存於新北市統計年報）,4238.0
109,,,,,,,欄位未定義,0.0,,安全,新北市政府主計處,家庭暴力通報案件,2020,percent4,是（欄位說明僅存於新北市統計年報）,11326.0
109,,,,,,,欄位未定義,0.0,,安全,新北市政府主計處,家庭暴力通報案件,2020,percent5,是（欄位說明僅存於新北市統計年報）,1219.0
109,,,,,,,欄位未定義,0.0,,安全,新北市政府主計處,家庭暴力通報案件,2020,percent6,是（欄位說明僅存於新北市統計年報）,6363.0
109,,,,,,,欄位未定義,0.0,,安全,新北市政府主計處,家庭暴力通報案件,2020,percent7,是（欄位說明僅存於新北市統計年報）,5889.0
109,,,,,,,欄位未定義,0.0,,安全,新北市政府主計處,家庭暴力通報案件,2020,percent8,是（欄位說明僅存於新北市統計年報）,13041.0
109,,,,,,,欄位未定義,0.0,,安全,新北市政府主計處,家庭暴力通報案件,2020,percent9,是（欄位說明僅存於新北市統計年報）,0.0
109,,,,,,,欄位未定義,0.0,,安全,新北市政府主計處,家庭暴力通報案件,2020,percent10,是（欄位說明僅存於新北市統計年報）,4803.0
109,,,,,,,欄位未定義,0.0,,安全,新北市政府主計處,家庭暴力通報案件,2020,percent11,是（欄位說明僅存於新北市統計年報）,2.0
109,,,,,,,欄位未定義,0.0,,安全,新北市政府主計處,家庭暴力通報案件,2020,percent12,是（欄位說明僅存於新北市統計年報）,2.0
109,,,,,,,欄位未定義,0.0,,安全,新北市政府主計處,家庭暴力通報案件,2020,percent13,是（欄位說明僅存於新北市統計年報）,655.0
109,,,,,,,欄位未定義,0.0,,安全,新北市政府主計處,家庭暴力通報案件,2020,percent14,是（欄位說明僅存於新北市統計年報）,103.0
109,,,,,,,欄位未定義,0.0,,安全,新北市政府主計處,家庭暴力通報案件,2020,percent15,是（欄位說明僅存於新北市統計年報）,217.0
109,,,,,,,欄位未定義,0.0,,安全,新北市政府主計處,家庭暴力通報案件,2020,percent16,是（欄位說明僅存於新北市統計年報）,61.0
109,,,,,,,欄位未定義,0.0,,安全,新北市政府主計處,少年刑事案件嫌疑犯,2020,item value2,是（欄位說明僅存於新北市統計年報）,78.0
109,,,,,,,欄位未定義,0.0,,安全,新北市政府主計處,少年刑事案件嫌疑犯,2020,item value3,是（欄位說明僅存於新北市統計年報）,9.0
109,,,,,,,欄位未定義,0.0,,安全,新北市政府主計處,少年刑事案件嫌疑犯,2020,item value4,是（欄位說明僅存於新北市統計年報）,69.0
109,,,,,,,欄位未定義,0.0,,安全,新北市政府主計處,少年刑事案件嫌疑犯,2020,item value5,是（欄位說明僅存於新北市統計年報）,9.0
109,,,,,,,欄位未定義,0.0,,安全,新北市政府主計處,少年刑事案件嫌疑犯,2020,item value6,是（欄位說明僅存於新北市統計年報）,220.0
109,,,,,,,欄位未定義,0.0,,安全,新北市政府主計處,少年刑事案件嫌疑犯,2020,item value7,是（欄位說明僅存於新北市統計年報）,28.0
109,,,,,,,欄位未定義,0.0,,安全,新北市政府主計處,少年刑事案件嫌疑犯,2020,item value8,是（欄位說明僅存於新北市統計年報）,11.0
109,,,,,,,欄位未定義,0.0,,安全,新北市政府主計處,少年刑事案件嫌疑犯,2020,item value9,是（欄位說明僅存於新北市統計年報）,0.0
109,,,,,,,欄位未定義,0.0,,安全,新北市政府主計處,少年刑事案件嫌疑犯,2020,item value10,是（欄位說明僅存於新北市統計年報）,3.0
109,,,,,,,欄位未定義,0.0,,安全,新北市政府主計處,少年刑事案件嫌疑犯,2020,item value11,是（欄位說明僅存於新北市統計年報）,0.0
109,,,,,,,欄位未定義,0.0,,安全,新北市政府主計處,少年刑事案件嫌疑犯,2020,item value12,是（欄位說明僅存於新北市統計年報）,7.0
109,,,,,,,欄位未定義,0.0,,安全,新北市政府主計處,少年刑事案件嫌疑犯,2020,item value13,是（欄位說明僅存於新北市統計年報）,0.0
109,,,,,,,欄位未定義,0.0,,安全,新北市政府主計處,少年刑事案件嫌疑犯,2020,item value14,是（欄位說明僅存於新北市統計年報）,0.0
109,,,,,,,欄位未定義,0.0,,安全,新北市政府主計處,少年刑事案件嫌疑犯,2020,item value15,是（欄位說明僅存於新北市統計年報）,0.0
109,,,,,,,欄位未定義,0.0,,安全,新北市政府主計處,少年刑事案件嫌疑犯,2020,item value16,是（欄位說明僅存於新北市統計年報）,0.0
109,,,,,,,欄位未定義,0.0,,安全,新北市政府主計處,少年刑事案件嫌疑犯,2020,item value17,是（欄位說明僅存於新北市統計年報）,0.0
109,,,,,,,欄位未定義,0.0,,安全,新北市政府主計處,少年刑事案件嫌疑犯,2020,item value18,是（欄位說明僅存於新北市統計年報）,1.0
109,,,,,,,欄位未定義,0.0,,安全,新北市政府主計處,少年刑事案件嫌疑犯,2020,item value19,是（欄位說明僅存於新北市統計年報）,0.0
109,,,,,,,欄位未定義,0.0,,安全,新北市政府主計處,少年刑事案件嫌疑犯,2020,item value20,是（欄位說明僅存於新北市統計年報）,0.0
109,,,,,,,欄位未定義,0.0,,安全,新北市政府主計處,少年刑事案件嫌疑犯,2020,item value21,是（欄位說明僅存於新北市統計年報）,0.0
109,,,,,,,欄位未定義,0.0,,安全,新北市政府主計處,少年刑事案件嫌疑犯,2020,item value22,是（欄位說明僅存於新北市統計年報）,0.0
109,,,,,,,欄位未定義,0.0,,安全,新北市政府主計處,少年刑事案件嫌疑犯,2020,item value23,是（欄位說明僅存於新北市統計年報）,0.0
109,,,,,,,欄位未定義,0.0,,安全,新北市政府主計處,少年刑事案件嫌疑犯,2020,item value24,是（欄位說明僅存於新北市統計年報）,566.0
109,,,,,,,欄位未定義,0.0,,安全,新北市政府主計處,少年刑事案件嫌疑犯,2020,item value25,是（欄位說明僅存於新北市統計年報）,88.0
109,,,,,,,欄位未定義,0.0,,安全,新北市政府主計處,暴力犯罪,2020,itemvalue2,是（欄位說明僅存於新北市統計年報）,81.0
109,,,,,,,欄位未定義,0.0,,安全,新北市政府主計處,暴力犯罪,2020,itemvalue3,是（欄位說明僅存於新北市統計年報）,2.0
109,,,,,,,欄位未定義,0.0,,安全,新北市政府主計處,暴力犯罪,2020,itemvalue4,是（欄位說明僅存於新北市統計年報）,24.0
109,,,,,,,欄位未定義,0.0,,安全,新北市政府主計處,暴力犯罪,2020,itemvalue5,是（欄位說明僅存於新北市統計年報）,1.0
109,,,,,,,欄位未定義,0.0,,安全,新北市政府主計處,暴力犯罪,2020,itemvalue6,是（欄位說明僅存於新北市統計年報）,18.0
109,,,,,,,欄位未定義,0.0,,安全,新北市政府主計處,暴力犯罪,2020,itemvalue7,是（欄位說明僅存於新北市統計年報）,0.0
109,,,,,,,欄位未定義,0.0,,安全,新北市政府主計處,暴力犯罪,2020,itemvalue8,是（欄位說明僅存於新北市統計年報）,0.0
109,,,,,,,欄位未定義,0.0,,安全,新北市政府主計處,暴力犯罪,2020,itemvalue9,是（欄位說明僅存於新北市統計年報）,0.0
109,,,,,,,欄位未定義,0.0,,安全,新北市政府主計處,暴力犯罪,2020,itemvalue10,是（欄位說明僅存於新北市統計年報）,0.0
109,,,,,,,欄位未定義,0.0,,安全,新北市政府主計處,暴力犯罪,2020,itemvalue11,是（欄位說明僅存於新北市統計年報）,0.0
109,,,,,,,欄位未定義,0.0,,安全,新北市政府主計處,暴力犯罪,2020,itemvalue12,是（欄位說明僅存於新北市統計年報）,27.0
109,,,,,,,欄位未定義,0.0,,安全,新北市政府主計處,暴力犯罪,2020,itemvalue13,是（欄位說明僅存於新北市統計年報）,1.0
109,,,,,,,欄位未定義,0.0,,安全,新北市政府主計處,暴力犯罪,2020,itemvalue14,是（欄位說明僅存於新北市統計年報）,12.0
109,,,,,,,欄位未定義,0.0,,安全,新北市政府主計處,暴力犯罪,2020,itemvalue15,是（欄位說明僅存於新北市統計年報）,0.0
109,,,,,,,欄位未定義,0.0,,安全,新北市政府主計處,暴力犯罪,2020,itemvalue16,是（欄位說明僅存於新北市統計年報）,0.0
109,,,,,,,欄位未定義,0.0,,安全,新北市政府主計處,暴力犯罪,2020,itemvalue17,是（欄位說明僅存於新北市統計年報）,0.0
109,,,,,,,欄位未定義,0.0,,安全,新北市政府主計處,暴力犯罪,2020,itemvalue18,是（欄位說明僅存於新北市統計年報）,4.1200270701
109,,,,,,,欄位未定義,0.0,,安全,新北市政府主計處,暴力犯罪,2020,itemvalue19,是（欄位說明僅存於新北市統計年報）,0.0971430944
109,,,,,,,欄位未定義,0.0,,安全,新北市政府主計處,警察局受理性騷擾事（案）件－被害人,2020,item value2,是（欄位說明僅存於新北市統計年報）,43.0
109,,,,,,,欄位未定義,0.0,,安全,新北市政府主計處,警察局受理性騷擾事（案）件－被害人,2020,item value3,是（欄位說明僅存於新北市統計年報）,515.0
109,,,,,,,欄位未定義,0.0,,安全,新北市政府主計處,警察局受理性騷擾事（案）件－被害人,2020,item value4,是（欄位說明僅存於新北市統計年報）,8.0
109,,,,,,,欄位未定義,0.0,,安全,新北市政府主計處,警察局受理性騷擾事（案）件－被害人,2020,item value5,是（欄位說明僅存於新北市統計年報）,86.0
109,,,,,,,欄位未定義,0.0,,安全,新北市政府主計處,警察局受理性騷擾事（案）件－被害人,2020,item value6,是（欄位說明僅存於新北市統計年報）,13.0
109,,,,,,,欄位未定義,0.0,,安全,新北市政府主計處,警察局受理性騷擾事（案）件－被害人,2020,item value7,是（欄位說明僅存於新北市統計年報）,66.0
109,,,,,,,欄位未定義,0.0,,安全,新北市政府主計處,警察局受理性騷擾事（案）件－被害人,2020,item value8,是（欄位說明僅存於新北市統計年報）,2.0
109,,,,,,,欄位未定義,0.0,,安全,新北市政府主計處,警察局受理性騷擾事（案）件－被害人,2020,item value9,是（欄位說明僅存於新北市統計年報）,86.0
109,,,,,,,欄位未定義,0.0,,安全,新北市政府主計處,警察局受理性騷擾事（案）件－被害人,2020,item value10,是（欄位說明僅存於新北市統計年報）,13.0
109,,,,,,,欄位未定義,0.0,,安全,新北市政府主計處,警察局受理性騷擾事（案）件－被害人,2020,item value11,是（欄位說明僅存於新北市統計年報）,157.0
109,,,,,,,欄位未定義,0.0,,安全,新北市政府主計處,警察局受理性騷擾事（案）件－被害人,2020,item value12,是（欄位說明僅存於新北市統計年報）,2.0
109,,,,,,,欄位未定義,0.0,,安全,新北市政府主計處,警察局受理性騷擾事（案）件－被害人,2020,item value13,是（欄位說明僅存於新北市統計年報）,89.0
109,,,,,,,欄位未定義,0.0,,安全,新北市政府主計處,警察局受理性騷擾事（案）件－被害人,2020,item value14,是（欄位說明僅存於新北市統計年報）,5.0
109,,,,,,,欄位未定義,0.0,,安全,新北市政府主計處,警察局受理性騷擾事（案）件－被害人,2020,item value15,是（欄位說明僅存於新北市統計年報）,28.0
109,,,,,,,欄位未定義,0.0,,安全,新北市政府主計處,警察局受理性騷擾事（案）件－被害人,2020,item value16,是（欄位說明僅存於新北市統計年報）,0.0
109,,,,,,,欄位未定義,0.0,,安全,新北市政府主計處,警察局受理性騷擾事（案）件－被害人,2020,item value17,是（欄位說明僅存於新北市統計年報）,3.0
109,,,,,,,欄位未定義,0.0,,安全,新北市政府主計處,警察局受理性騷擾事（案）件－被害人,2020,item value18,是（欄位說明僅存於新北市統計年報）,0.0
109,,,,,,,欄位未定義,0.0,,安全,新北市政府主計處,警察局受理性騷擾事（案）件－被害人,2020,item value19,是（欄位說明僅存於新北市統計年報）,0.0
109,,,,,,,欄位未定義,0.0,,安全,新北市政府主計處,青少犯罪,2020,itemvalue2,是（欄位說明僅存於新北市統計年報）,3695.0
109,,,,,,,欄位未定義,0.0,,安全,新北市政府主計處,青少犯罪,2020,itemvalue3,是（欄位說明僅存於新北市統計年報）,687.0
109,,,,,,,欄位未定義,0.0,,安全,新北市政府主計處,青少犯罪,2020,itemvalue4,是（欄位說明僅存於新北市統計年報）,944.0
109,,,,,,,欄位未定義,0.0,,安全,新北市政府主計處,青少犯罪,2020,itemvalue5,是（欄位說明僅存於新北市統計年報）,134.0
109,,,,,,,欄位未定義,0.0,,安全,新北市政府主計處,青少犯罪,2020,itemvalue6,是（欄位說明僅存於新北市統計年報）,2751.0
109,,,,,,,欄位未定義,0.0,,安全,新北市政府主計處,青少犯罪,2020,itemvalue7,是（欄位說明僅存於新北市統計年報）,553.0
109,,,,,,,欄位未定義,0.0,,安全,新北市政府主計處,青少犯罪,2020,itemvalue8,是（欄位說明僅存於新北市統計年報）,1438.9357716707
109,,,,,,,欄位未定義,0.0,,安全,新北市政府主計處,青少犯罪,2020,itemvalue9,是（欄位說明僅存於新北市統計年報）,290.9112466627
109,,,,,,,欄位未定義,0.0,,安全,新北市政府主計處,青少犯罪,2020,itemvalue10,是（欄位說明僅存於新北市統計年報）,71.4014362674
109,,,,,,,欄位未定義,0.0,,安全,新北市政府主計處,青少犯罪,2020,itemvalue11,是（欄位說明僅存於新北市統計年報）,9.0201600577
109,,,,,,,欄位未定義,0.0,,安全,新北市政府主計處,青少犯罪,2020,itemvalue12,是（欄位說明僅存於新北市統計年報）,10.0694333198
109,,,,,,,欄位未定義,0.0,,安全,新北市政府主計處,青少犯罪,2020,itemvalue13,是（欄位說明僅存於新北市統計年報）,0.0
109,,,,,,,欄位未定義,0.0,,安全,新北市政府主計處,青年刑事案件嫌疑犯,2020,itemvalue2,是（欄位說明僅存於新北市統計年報）,109.0
109,,,,,,,欄位未定義,0.0,,安全,新北市政府主計處,青年刑事案件嫌疑犯,2020,itemvalue3,是（欄位說明僅存於新北市統計年報）,15.0
109,,,,,,,欄位未定義,0.0,,安全,新北市政府主計處,青年刑事案件嫌疑犯,2020,itemvalue4,是（欄位說明僅存於新北市統計年報）,164.0
109,,,,,,,欄位未定義,0.0,,安全,新北市政府主計處,青年刑事案件嫌疑犯,2020,itemvalue5,是（欄位說明僅存於新北市統計年報）,24.0
109,,,,,,,欄位未定義,0.0,,安全,新北市政府主計處,青年刑事案件嫌疑犯,2020,itemvalue6,是（欄位說明僅存於新北市統計年報）,799.0
109,,,,,,,欄位未定義,0.0,,安全,新北市政府主計處,青年刑事案件嫌疑犯,2020,itemvalue7,是（欄位說明僅存於新北市統計年報）,120.0
109,,,,,,,欄位未定義,0.0,,安全,新北市政府主計處,青年刑事案件嫌疑犯,2020,itemvalue8,是（欄位說明僅存於新北市統計年報）,14.0
109,,,,,,,欄位未定義,0.0,,安全,新北市政府主計處,青年刑事案件嫌疑犯,2020,itemvalue9,是（欄位說明僅存於新北市統計年報）,0.0
109,,,,,,,欄位未定義,0.0,,安全,新北市政府主計處,青年刑事案件嫌疑犯,2020,itemvalue10,是（欄位說明僅存於新北市統計年報）,6.0
109,,,,,,,欄位未定義,0.0,,安全,新北市政府主計處,青年刑事案件嫌疑犯,2020,itemvalue11,是（欄位說明僅存於新北市統計年報）,0.0
109,,,,,,,欄位未定義,0.0,,安全,新北市政府主計處,青年刑事案件嫌疑犯,2020,itemvalue12,是（欄位說明僅存於新北市統計年報）,3.0
109,,,,,,,欄位未定義,0.0,,安全,新北市政府主計處,青年刑事案件嫌疑犯,2020,itemvalue13,是（欄位說明僅存於新北市統計年報）,0.0
109,,,,,,,欄位未定義,0.0,,安全,新北市政府主計處,青年刑事案件嫌疑犯,2020,itemvalue14,是（欄位說明僅存於新北市統計年報）,0.0
109,,,,,,,欄位未定義,0.0,,安全,新北市政府主計處,青年刑事案件嫌疑犯,2020,itemvalue15,是（欄位說明僅存於新北市統計年報）,0.0
109,,,,,,,欄位未定義,0.0,,安全,新北市政府主計處,青年刑事案件嫌疑犯,2020,itemvalue16,是（欄位說明僅存於新北市統計年報）,0.0
109,,,,,,,欄位未定義,0.0,,安全,新北市政府主計處,青年刑事案件嫌疑犯,2020,itemvalue17,是（欄位說明僅存於新北市統計年報）,0.0
109,,,,,,,欄位未定義,0.0,,安全,新北市政府主計處,青年刑事案件嫌疑犯,2020,itemvalue18,是（欄位說明僅存於新北市統計年報）,5.0
109,,,,,,,欄位未定義,0.0,,安全,新北市政府主計處,青年刑事案件嫌疑犯,2020,itemvalue19,是（欄位說明僅存於新北市統計年報）,0.0
109,,,,,,,欄位未定義,0.0,,安全,新北市政府主計處,青年刑事案件嫌疑犯,2020,itemvalue20,是（欄位說明僅存於新北市統計年報）,0.0
109,,,,,,,欄位未定義,0.0,,安全,新北市政府主計處,青年刑事案件嫌疑犯,2020,itemvalue21,是（欄位說明僅存於新北市統計年報）,0.0
109,,,,,,,欄位未定義,0.0,,安全,新北市政府主計處,青年刑事案件嫌疑犯,2020,itemvalue22,是（欄位說明僅存於新北市統計年報）,0.0
109,,,,,,,欄位未定義,0.0,,安全,新北市政府主計處,青年刑事案件嫌疑犯,2020,itemvalue23,是（欄位說明僅存於新北市統計年報）,0.0
109,,,,,,,欄位未定義,0.0,,安全,新北市政府主計處,青年刑事案件嫌疑犯,2020,itemvalue24,是（欄位說明僅存於新北市統計年報）,1665.0
109,,,,,,,欄位未定義,0.0,,安全,新北市政府主計處,青年刑事案件嫌疑犯,2020,itemvalue25,是（欄位說明僅存於新北市統計年報）,394.0
109,,,,,,,欄位未定義,0.0,,就業,新北市政府主計處,刑事案件嫌疑犯–職業別,2020,item value2,是（欄位說明僅存於新北市統計年報）,160.0
109,,,,,,,欄位未定義,0.0,,就業,新北市政府主計處,刑事案件嫌疑犯–職業別,2020,item value3,是（欄位說明僅存於新北市統計年報）,48.0
109,,,,,,,欄位未定義,0.0,,就業,新北市政府主計處,刑事案件嫌疑犯–職業別,2020,item value4,是（欄位說明僅存於新北市統計年報）,317.0
109,,,,,,,欄位未定義,0.0,,就業,新北市政府主計處,刑事案件嫌疑犯–職業別,2020,item value5,是（欄位說明僅存於新北市統計年報）,185.0
109,,,,,,,欄位未定義,0.0,,就業,新北市政府主計處,刑事案件嫌疑犯–職業別,2020,item value6,是（欄位說明僅存於新北市統計年報）,132.0
109,,,,,,,欄位未定義,0.0,,就業,新北市政府主計處,刑事案件嫌疑犯–職業別,2020,item value7,是（欄位說明僅存於新北市統計年報）,34.0
109,,,,,,,欄位未定義,0.0,,就業,新北市政府主計處,刑事案件嫌疑犯–職業別,2020,item value8,是（欄位說明僅存於新北市統計年報）,150.0
109,,,,,,,欄位未定義,0.0,,就業,新北市政府主計處,刑事案件嫌疑犯–職業別,2020,item value9,是（欄位說明僅存於新北市統計年報）,73.0
109,,,,,,,欄位未定義,0.0,,就業,新北市政府主計處,刑事案件嫌疑犯–職業別,2020,item value10,是（欄位說明僅存於新北市統計年報）,5396.0
109,,,,,,,欄位未定義,0.0,,就業,新北市政府主計處,刑事案件嫌疑犯–職業別,2020,item value11,是（欄位說明僅存於新北市統計年報）,1917.0
109,,,,,,,欄位未定義,0.0,,就業,新北市政府主計處,刑事案件嫌疑犯–職業別,2020,item value12,是（欄位說明僅存於新北市統計年報）,98.0
109,,,,,,,欄位未定義,0.0,,就業,新北市政府主計處,刑事案件嫌疑犯–職業別,2020,item value13,是（欄位說明僅存於新北市統計年報）,5.0
109,,,,,,,欄位未定義,0.0,,就業,新北市政府主計處,刑事案件嫌疑犯–職業別,2020,item value14,是（欄位說明僅存於新北市統計年報）,326.0
109,,,,,,,欄位未定義,0.0,,就業,新北市政府主計處,刑事案件嫌疑犯–職業別,2020,item value15,是（欄位說明僅存於新北市統計年報）,14.0
109,,,,,,,欄位未定義,0.0,,就業,新北市政府主計處,刑事案件嫌疑犯–職業別,2020,item value16,是（欄位說明僅存於新北市統計年報）,830.0
109,,,,,,,欄位未定義,0.0,,就業,新北市政府主計處,刑事案件嫌疑犯–職業別,2020,item value17,是（欄位說明僅存於新北市統計年報）,56.0
109,,,,,,,欄位未定義,0.0,,就業,新北市政府主計處,刑事案件嫌疑犯–職業別,2020,item value18,是（欄位說明僅存於新北市統計年報）,587.0
109,,,,,,,欄位未定義,0.0,,就業,新北市政府主計處,刑事案件嫌疑犯–職業別,2020,item value19,是（欄位說明僅存於新北市統計年報）,12.0
109,,,,,,,欄位未定義,0.0,,就業,新北市政府主計處,刑事案件嫌疑犯–職業別,2020,item value20,是（欄位說明僅存於新北市統計年報）,6549.0
109,,,,,,,欄位未定義,0.0,,就業,新北市政府主計處,刑事案件嫌疑犯–職業別,2020,item value21,是（欄位說明僅存於新北市統計年報）,320.0
109,,,,,,,欄位未定義,0.0,,就業,新北市政府主計處,刑事案件嫌疑犯–職業別,2020,item value22,是（欄位說明僅存於新北市統計年報）,960.0
109,,,,,,,欄位未定義,0.0,,就業,新北市政府主計處,刑事案件嫌疑犯–職業別,2020,item value23,是（欄位說明僅存於新北市統計年報）,193.0
109,,,,,,,欄位未定義,0.0,,就業,新北市政府主計處,刑事案件嫌疑犯–職業別,2020,item value24,是（欄位說明僅存於新北市統計年報）,4456.0
109,,,,,,,欄位未定義,0.0,,就業,新北市政府主計處,刑事案件嫌疑犯–職業別,2020,item value25,是（欄位說明僅存於新北市統計年報）,1715.0
109,,,,,,,欄位未定義,0.0,,就業,新北市政府主計處,刑事案件嫌疑犯–職業別,2020,item value26,是（欄位說明僅存於新北市統計年報）,1156.0
109,,,,,,,欄位未定義,0.0,,就業,新北市政府主計處,刑事案件嫌疑犯–職業別,2020,item value27,是（欄位說明僅存於新北市統計年報）,388.0
109,,,,,,,欄位未定義,0.0,,就業,新北市政府主計處,刑事案件被害者–職業別,2020,item value2,是（欄位說明僅存於新北市統計年報）,329.0
109,,,,,,,欄位未定義,0.0,,就業,新北市政府主計處,刑事案件被害者–職業別,2020,item value3,是（欄位說明僅存於新北市統計年報）,164.0
109,,,,,,,欄位未定義,0.0,,就業,新北市政府主計處,刑事案件被害者–職業別,2020,item value4,是（欄位說明僅存於新北市統計年報）,906.0
109,,,,,,,欄位未定義,0.0,,就業,新北市政府主計處,刑事案件被害者–職業別,2020,item value5,是（欄位說明僅存於新北市統計年報）,672.0
109,,,,,,,欄位未定義,0.0,,就業,新北市政府主計處,刑事案件被害者–職業別,2020,item value6,是（欄位說明僅存於新北市統計年報）,261.0
109,,,,,,,欄位未定義,0.0,,就業,新北市政府主計處,刑事案件被害者–職業別,2020,item value7,是（欄位說明僅存於新北市統計年報）,162.0
109,,,,,,,欄位未定義,0.0,,就業,新北市政府主計處,刑事案件被害者–職業別,2020,item value8,是（欄位說明僅存於新北市統計年報）,141.0
109,,,,,,,欄位未定義,0.0,,就業,新北市政府主計處,刑事案件被害者–職業別,2020,item value9,是（欄位說明僅存於新北市統計年報）,131.0
109,,,,,,,欄位未定義,0.0,,就業,新北市政府主計處,刑事案件被害者–職業別,2020,item value10,是（欄位說明僅存於新北市統計年報）,6058.0
109,,,,,,,欄位未定義,0.0,,就業,新北市政府主計處,刑事案件被害者–職業別,2020,item value11,是（欄位說明僅存於新北市統計年報）,5009.0
109,,,,,,,欄位未定義,0.0,,就業,新北市政府主計處,刑事案件被害者–職業別,2020,item value12,是（欄位說明僅存於新北市統計年報）,70.0
109,,,,,,,欄位未定義,0.0,,就業,新北市政府主計處,刑事案件被害者–職業別,2020,item value13,是（欄位說明僅存於新北市統計年報）,17.0
109,,,,,,,欄位未定義,0.0,,就業,新北市政府主計處,刑事案件被害者–職業別,2020,item value14,是（欄位說明僅存於新北市統計年報）,609.0
109,,,,,,,欄位未定義,0.0,,就業,新北市政府主計處,刑事案件被害者–職業別,2020,item value15,是（欄位說明僅存於新北市統計年報）,54.0
109,,,,,,,欄位未定義,0.0,,就業,新北市政府主計處,刑事案件被害者–職業別,2020,item value16,是（欄位說明僅存於新北市統計年報）,498.0
109,,,,,,,欄位未定義,0.0,,就業,新北市政府主計處,刑事案件被害者–職業別,2020,item value17,是（欄位說明僅存於新北市統計年報）,146.0
109,,,,,,,欄位未定義,0.0,,就業,新北市政府主計處,刑事案件被害者–職業別,2020,item value18,是（欄位說明僅存於新北市統計年報）,553.0
109,,,,,,,欄位未定義,0.0,,就業,新北市政府主計處,刑事案件被害者–職業別,2020,item value19,是（欄位說明僅存於新北市統計年報）,22.0
109,,,,,,,欄位未定義,0.0,,就業,新北市政府主計處,刑事案件被害者–職業別,2020,item value20,是（欄位說明僅存於新北市統計年報）,2206.0
109,,,,,,,欄位未定義,0.0,,就業,新北市政府主計處,刑事案件被害者–職業別,2020,item value21,是（欄位說明僅存於新北市統計年報）,458.0
109,,,,,,,欄位未定義,0.0,,就業,新北市政府主計處,刑事案件被害者–職業別,2020,item value22,是（欄位說明僅存於新北市統計年報）,1114.0
109,,,,,,,欄位未定義,0.0,,就業,新北市政府主計處,刑事案件被害者–職業別,2020,item value23,是（欄位說明僅存於新北市統計年報）,986.0
109,,,,,,,欄位未定義,0.0,,就業,新北市政府主計處,刑事案件被害者–職業別,2020,item value24,是（欄位說明僅存於新北市統計年報）,2366.0
109,,,,,,,欄位未定義,0.0,,就業,新北市政府主計處,刑事案件被害者–職業別,2020,item value25,是（欄位說明僅存於新北市統計年報）,2788.0
109,,,,,,,欄位未定義,0.0,,就業,新北市政府主計處,刑事案件被害者–職業別,2020,item value26,是（欄位說明僅存於新北市統計年報）,1760.0
109,,,,,,,欄位未定義,0.0,,就業,新北市政府主計處,刑事案件被害者–職業別,2020,item value27,是（欄位說明僅存於新北市統計年報）,1187.0
109,,,,,,,欄位未定義,0.0,,就業,新北市政府主計處,勞動力,2020,percent2,是（欄位說明僅存於新北市統計年報）,1695.0
109,,,,,,,欄位未定義,0.0,,就業,新北市政府主計處,勞動力,2020,percent3,是（欄位說明僅存於新北市統計年報）,1824.0
109,,,,,,,欄位未定義,0.0,,就業,新北市政府主計處,勞動力,2020,percent4,是（欄位說明僅存於新北市統計年報）,1140.0
109,,,,,,,欄位未定義,0.0,,就業,新北市政府主計處,勞動力,2020,percent5,是（欄位說明僅存於新北市統計年報）,943.0
109,,,,,,,欄位未定義,0.0,,就業,新北市政府主計處,勞動力,2020,percent6,是（欄位說明僅存於新北市統計年報）,1094.0
109,,,,,,,欄位未定義,0.0,,就業,新北市政府主計處,勞動力,2020,percent7,是（欄位說明僅存於新北市統計年報）,908.0
109,,,,,,,欄位未定義,0.0,,就業,新北市政府主計處,勞動力,2020,percent8,是（欄位說明僅存於新北市統計年報）,46.0
109,,,,,,,欄位未定義,0.0,,就業,新北市政府主計處,勞動力,2020,percent9,是（欄位說明僅存於新北市統計年報）,35.0
109,,,,,,,欄位未定義,0.0,,就業,新北市政府主計處,勞動力,2020,percent10,是（欄位說明僅存於新北市統計年報）,555.0
109,,,,,,,欄位未定義,0.0,,就業,新北市政府主計處,勞動力,2020,percent11,是（欄位說明僅存於新北市統計年報）,881.0
109,,,,,,,欄位未定義,0.0,,就業,新北市政府主計處,勞動力,2020,percent12,是（欄位說明僅存於新北市統計年報）,153.0
109,,,,,,,欄位未定義,0.0,,就業,新北市政府主計處,勞動力,2020,percent13,是（欄位說明僅存於新北市統計年報）,150.0
109,,,,,,,欄位未定義,0.0,,就業,新北市政府主計處,勞動力,2020,percent14,是（欄位說明僅存於新北市統計年報）,7.0
109,,,,,,,欄位未定義,0.0,,就業,新北市政府主計處,勞動力,2020,percent15,是（欄位說明僅存於新北市統計年報）,509.0
109,,,,,,,欄位未定義,0.0,,就業,新北市政府主計處,勞動力,2020,percent16,是（欄位說明僅存於新北市統計年報）,238.0
109,,,,,,,欄位未定義,0.0,,就業,新北市政府主計處,勞動力,2020,percent17,是（欄位說明僅存於新北市統計年報）,157.0
109,,,,,,,欄位未定義,0.0,,就業,新北市政府主計處,勞動力,2020,percent18,是（欄位說明僅存於新北市統計年報）,156.0
109,,,,,,,欄位未定義,0.0,,就業,新北市政府主計處,勞動力,2020,percent19,是（欄位說明僅存於新北市統計年報）,65.0
109,,,,,,,欄位未定義,0.0,,就業,新北市政府主計處,勞動力,2020,percent20,是（欄位說明僅存於新北市統計年報）,45.3
109,,,,,,,欄位未定義,0.0,,就業,新北市政府主計處,勞動力參與率,2020,itemvalue2,是（欄位說明僅存於新北市統計年報）,67.3
109,,,,,,,欄位未定義,0.0,,就業,新北市政府主計處,勞動力參與率,2020,itemvalue3,是（欄位說明僅存於新北市統計年報）,51.7
109,,,,,,,欄位未定義,0.0,,就業,新北市政府主計處,勞動力參與率,2020,itemvalue4,是（欄位說明僅存於新北市統計年報）,39.0
109,,,,,,,欄位未定義,0.0,,就業,新北市政府主計處,勞動力參與率,2020,itemvalue5,是（欄位說明僅存於新北市統計年報）,37.6
109,,,,,,,欄位未定義,0.0,,就業,新北市政府主計處,勞動力參與率,2020,itemvalue6,是（欄位說明僅存於新北市統計年報）,95.9
109,,,,,,,欄位未定義,0.0,,就業,新北市政府主計處,勞動力參與率,2020,itemvalue7,是（欄位說明僅存於新北市統計年報）,84.5
109,,,,,,,欄位未定義,0.0,,就業,新北市政府主計處,勞動力參與率,2020,itemvalue8,是（欄位說明僅存於新北市統計年報）,75.0
109,,,,,,,欄位未定義,0.0,,就業,新北市政府主計處,勞動力參與率,2020,itemvalue9,是（欄位說明僅存於新北市統計年報）,49.9
109,,,,,,,欄位未定義,0.0,,就業,新北市政府主計處,勞動力參與率,2020,itemvalue10,是（欄位說明僅存於新北市統計年報）,9.9
109,,,,,,,欄位未定義,0.0,,就業,新北市政府主計處,勞動力參與率,2020,itemvalue11,是（欄位說明僅存於新北市統計年報）,2.9
109,,,,,,,欄位未定義,0.0,,就業,新北市政府主計處,勞動力參與率,2020,itemvalue12,是（欄位說明僅存於新北市統計年報）,49.7
109,,,,,,,欄位未定義,0.0,,就業,新北市政府主計處,勞動力參與率,2020,itemvalue13,是（欄位說明僅存於新北市統計年報）,23.0
109,,,,,,,欄位未定義,0.0,,就業,新北市政府主計處,勞動力參與率,2020,itemvalue14,是（欄位說明僅存於新北市統計年報）,71.9
109,,,,,,,欄位未定義,0.0,,就業,新北市政府主計處,勞動力參與率,2020,itemvalue15,是（欄位說明僅存於新北市統計年報）,49.4
109,,,,,,,欄位未定義,0.0,,就業,新北市政府主計處,勞動力參與率,2020,itemvalue16,是（欄位說明僅存於新北市統計年報）,72.8
109,,,,,,,欄位未定義,0.0,,就業,新北市政府主計處,勞動力參與率,2020,itemvalue17,是（欄位說明僅存於新北市統計年報）,63.8
109,,,,,,,欄位未定義,0.0,,就業,新北市政府主計處,勞動力參與率,2020,itemvalue18,是（欄位說明僅存於新北市統計年報）,73.3
109,,,,,,,欄位未定義,0.0,,就業,新北市政府主計處,勞動力參與率,2020,itemvalue19,是（欄位說明僅存於新北市統計年報）,68.3
109,,,,,,,欄位未定義,0.0,,就業,新北市政府主計處,勞動力參與率,2020,itemvalue20,是（欄位說明僅存於新北市統計年報）,63.9
109,,,,,,,欄位未定義,0.0,,就業,新北市政府主計處,勞動力參與率,2020,itemvalue21,是（欄位說明僅存於新北市統計年報）,46.4
109,,,,,,,欄位未定義,0.0,,就業,新北市政府主計處,勞動力參與率,2020,itemvalue22,是（欄位說明僅存於新北市統計年報）,57.4
109,,,,,,,欄位未定義,0.0,,就業,新北市政府主計處,勞動力參與率,2020,itemvalue23,是（欄位說明僅存於新北市統計年報）,30.2
109,,,,,,,欄位未定義,0.0,,就業,新北市政府主計處,勞工(農民)保險及勞資爭議,2020,itemvalue2,是（欄位說明僅存於新北市統計年報）,16950.0
109,,,,,,,欄位未定義,0.0,,就業,新北市政府主計處,勞工(農民)保險及勞資爭議,2020,itemvalue3,是（欄位說明僅存於新北市統計年報）,13458.0
109,,,,,,,欄位未定義,0.0,,就業,新北市政府主計處,勞工(農民)保險及勞資爭議,2020,itemvalue4,是（欄位說明僅存於新北市統計年報）,756453.0
109,,,,,,,欄位未定義,0.0,,就業,新北市政府主計處,勞工(農民)保險及勞資爭議,2020,itemvalue5,是（欄位說明僅存於新北市統計年報）,717180.0
109,,,,,,,欄位未定義,0.0,,就業,新北市政府主計處,勞工(農民)保險及勞資爭議,2020,itemvalue6,是（欄位說明僅存於新北市統計年報）,12747.0
109,,,,,,,欄位未定義,0.0,,就業,新北市政府主計處,勞工(農民)保險及勞資爭議,2020,itemvalue7,是（欄位說明僅存於新北市統計年報）,43172.0
109,,,,,,,欄位未定義,0.0,,就業,新北市政府主計處,勞工(農民)保險及勞資爭議,2020,itemvalue8,是（欄位說明僅存於新北市統計年報）,3353.0
109,,,,,,,欄位未定義,0.0,,就業,新北市政府主計處,勞工(農民)保險及勞資爭議,2020,itemvalue9,是（欄位說明僅存於新北市統計年報）,2647.0
109,,,,,,,欄位未定義,0.0,,就業,新北市政府主計處,原住民族勞動力,2020,percent2,是（欄位說明僅存於新北市統計年報）,77.73
109,,,,,,,欄位未定義,0.0,,就業,新北市政府主計處,原住民族勞動力,2020,percent3,是（欄位說明僅存於新北市統計年報）,60.14
109,,,,,,,欄位未定義,0.0,,就業,新北市政府主計處,原住民族勞動力,2020,percent4,是（欄位說明僅存於新北市統計年報）,96.28
109,,,,,,,欄位未定義,0.0,,就業,新北市政府主計處,原住民族勞動力,2020,percent5,是（欄位說明僅存於新北市統計年報）,95.72
109,,,,,,,欄位未定義,0.0,,就業,新北市政府主計處,原住民族勞動力,2020,percent6,是（欄位說明僅存於新北市統計年報）,3.72
109,,,,,,,欄位未定義,0.0,,就業,新北市政府主計處,原住民族勞動力,2020,percent7,是（欄位說明僅存於新北市統計年報）,4.28
109,,,,,,,欄位未定義,0.0,,就業,新北市政府主計處,失業率－年齡別,2020,item value2,是（欄位說明僅存於新北市統計年報）,8.8
109,,,,,,,欄位未定義,0.0,,就業,新北市政府主計處,失業率－年齡別,2020,item value3,是（欄位說明僅存於新北市統計年報）,9.0
109,,,,,,,欄位未定義,0.0,,就業,新北市政府主計處,失業率－年齡別,2020,item value4,是（欄位說明僅存於新北市統計年報）,7.1
109,,,,,,,欄位未定義,0.0,,就業,新北市政府主計處,失業率－年齡別,2020,item value5,是（欄位說明僅存於新北市統計年報）,6.4
109,,,,,,,欄位未定義,0.0,,就業,新北市政府主計處,失業率－年齡別,2020,item value6,是（欄位說明僅存於新北市統計年報）,4.6
109,,,,,,,欄位未定義,0.0,,就業,新北市政府主計處,失業率－年齡別,2020,item value7,是（欄位說明僅存於新北市統計年報）,3.9
109,,,,,,,欄位未定義,0.0,,就業,新北市政府主計處,失業率－年齡別,2020,item value8,是（欄位說明僅存於新北市統計年報）,3.7
109,,,,,,,欄位未定義,0.0,,就業,新北市政府主計處,失業率－年齡別,2020,item value9,是（欄位說明僅存於新北市統計年報）,4.4
109,,,,,,,欄位未定義,0.0,,就業,新北市政府主計處,失業率－年齡別,2020,item value10,是（欄位說明僅存於新北市統計年報）,3.2
109,,,,,,,欄位未定義,0.0,,就業,新北市政府主計處,失業率－年齡別,2020,item value11,是（欄位說明僅存於新北市統計年報）,2.0
109,,,,,,,欄位未定義,0.0,,就業,新北市政府主計處,失業率－年齡別,2020,item value12,是（欄位說明僅存於新北市統計年報）,3.1
109,,,,,,,欄位未定義,0.0,,就業,新北市政府主計處,失業率－年齡別,2020,item value13,是（欄位說明僅存於新北市統計年報）,2.2
109,,,,,,,欄位未定義,0.0,,就業,新北市政府主計處,失業率－年齡別,2020,item value14,是（欄位說明僅存於新北市統計年報）,3.3
109,,,,,,,欄位未定義,0.0,,就業,新北市政府主計處,失業率－年齡別,2020,item value15,是（欄位說明僅存於新北市統計年報）,1.8
109,,,,,,,欄位未定義,0.0,,就業,新北市政府主計處,失業率－年齡別,2020,item value16,是（欄位說明僅存於新北市統計年報）,1.5
109,,,,,,,欄位未定義,0.0,,就業,新北市政府主計處,失業率－年齡別,2020,item value17,是（欄位說明僅存於新北市統計年報）,1.0
109,,,,,,,欄位未定義,0.0,,就業,新北市政府主計處,失業率－年齡別,2020,item value18,是（欄位說明僅存於新北市統計年報）,2.5
109,,,,,,,欄位未定義,0.0,,就業,新北市政府主計處,失業率－年齡別,2020,item value19,是（欄位說明僅存於新北市統計年報）,1.6
109,,,,,,,欄位未定義,0.0,,就業,新北市政府主計處,失業率－年齡別,2020,item value20,是（欄位說明僅存於新北市統計年報）,0.2
109,,,,,,,欄位未定義,0.0,,就業,新北市政府主計處,失業率－年齡別,2020,item value21,是（欄位說明僅存於新北市統計年報）,0.4
109,,,,,,,欄位未定義,0.0,,就業,新北市政府主計處,家庭所得分配,2020,itemvalue2,是（欄位說明僅存於新北市統計年報）,762311.0
109,,,,,,,欄位未定義,0.0,,就業,新北市政府主計處,家庭所得分配,2020,itemvalue3,是（欄位說明僅存於新北市統計年報）,575113.0
109,,,,,,,欄位未定義,0.0,,就業,新北市政府主計處,家庭所得分配,2020,itemvalue4,是（欄位說明僅存於新北市統計年報）,637974.0
109,,,,,,,欄位未定義,0.0,,就業,新北市政府主計處,家庭所得分配,2020,itemvalue5,是（欄位說明僅存於新北市統計年報）,492260.0
109,,,,,,,欄位未定義,0.0,,就業,新北市政府主計處,家庭所得分配,2020,itemvalue6,是（欄位說明僅存於新北市統計年報）,476952.0
109,,,,,,,欄位未定義,0.0,,就業,新北市政府主計處,家庭所得分配,2020,itemvalue7,是（欄位說明僅存於新北市統計年報）,464276.0
109,,,,,,,欄位未定義,0.0,,就業,新北市政府主計處,家庭所得分配,2020,itemvalue8,是（欄位說明僅存於新北市統計年報）,397880.0
109,,,,,,,欄位未定義,0.0,,就業,新北市政府主計處,家庭所得分配,2020,itemvalue9,是（欄位說明僅存於新北市統計年報）,395948.0
109,,,,,,,欄位未定義,0.0,,就業,新北市政府主計處,家庭所得差距,2020,itemvalue2,是（欄位說明僅存於新北市統計年報）,1220783.0
109,,,,,,,欄位未定義,0.0,,就業,新北市政府主計處,家庭所得差距,2020,itemvalue3,是（欄位說明僅存於新北市統計年報）,949689.0
109,,,,,,,欄位未定義,0.0,,就業,新北市政府主計處,家庭所得差距,2020,itemvalue4,是（欄位說明僅存於新北市統計年報）,478051.0
109,,,,,,,欄位未定義,0.0,,就業,新北市政府主計處,家庭所得差距,2020,itemvalue5,是（欄位說明僅存於新北市統計年報）,443157.0
109,,,,,,,欄位未定義,0.0,,就業,新北市政府主計處,家庭所得差距,2020,itemvalue6,是（欄位說明僅存於新北市統計年報）,768929.0
109,,,,,,,欄位未定義,0.0,,就業,新北市政府主計處,家庭所得差距,2020,itemvalue7,是（欄位說明僅存於新北市統計年報）,760498.0
109,,,,,,,欄位未定義,0.0,,就業,新北市政府主計處,家庭所得差距,2020,itemvalue8,是（欄位說明僅存於新北市統計年報）,1015726.0
109,,,,,,,欄位未定義,0.0,,就業,新北市政府主計處,家庭所得差距,2020,itemvalue9,是（欄位說明僅存於新北市統計年報）,1019760.0
109,,,,,,,欄位未定義,0.0,,就業,新北市政府主計處,家庭所得差距,2020,itemvalue10,是（欄位說明僅存於新北市統計年報）,1351595.0
109,,,,,,,欄位未定義,0.0,,就業,新北市政府主計處,家庭所得差距,2020,itemvalue11,是（欄位說明僅存於新北市統計年報）,1334938.0
109,,,,,,,欄位未定義,0.0,,就業,新北市政府主計處,家庭所得差距,2020,itemvalue12,是（欄位說明僅存於新北市統計年報）,2098444.0
109,,,,,,,欄位未定義,0.0,,就業,新北市政府主計處,家庭所得差距,2020,itemvalue13,是（欄位說明僅存於新北市統計年報）,2012607.0
109,,,,,,,欄位未定義,0.0,,就業,新北市政府主計處,就業者年齡結構,2020,percent2,是（欄位說明僅存於新北市統計年報）,7.4
109,,,,,,,欄位未定義,0.0,,就業,新北市政府主計處,就業者年齡結構,2020,percent3,是（欄位說明僅存於新北市統計年報）,8.04
109,,,,,,,欄位未定義,0.0,,就業,新北市政府主計處,就業者年齡結構,2020,percent4,是（欄位說明僅存於新北市統計年報）,11.15
109,,,,,,,欄位未定義,0.0,,就業,新北市政府主計處,就業者年齡結構,2020,percent5,是（欄位說明僅存於新北市統計年報）,12.44
109,,,,,,,欄位未定義,0.0,,就業,新北市政府主計處,就業者年齡結構,2020,percent6,是（欄位說明僅存於新北市統計年報）,11.79
109,,,,,,,欄位未定義,0.0,,就業,新北市政府主計處,就業者年齡結構,2020,percent7,是（欄位說明僅存於新北市統計年報）,12.89
109,,,,,,,欄位未定義,0.0,,就業,新北市政府主計處,就業者年齡結構,2020,percent8,是（欄位說明僅存於新北市統計年報）,13.8
109,,,,,,,欄位未定義,0.0,,就業,新北市政府主計處,就業者年齡結構,2020,percent9,是（欄位說明僅存於新北市統計年報）,14.65
109,,,,,,,欄位未定義,0.0,,就業,新北市政府主計處,就業者年齡結構,2020,percent10,是（欄位說明僅存於新北市統計年報）,14.17
109,,,,,,,欄位未定義,0.0,,就業,新北市政府主計處,就業者年齡結構,2020,percent11,是（欄位說明僅存於新北市統計年報）,15.09
109,,,,,,,欄位未定義,0.0,,就業,新北市政府主計處,就業者年齡結構,2020,percent12,是（欄位說明僅存於新北市統計年報）,12.43
109,,,,,,,欄位未定義,0.0,,就業,新北市政府主計處,就業者年齡結構,2020,percent13,是（欄位說明僅存於新北市統計年報）,13.11
109,,,,,,,欄位未定義,0.0,,就業,新北市政府主計處,就業者年齡結構,2020,percent14,是（欄位說明僅存於新北市統計年報）,11.52
109,,,,,,,欄位未定義,0.0,,就業,新北市政府主計處,就業者年齡結構,2020,percent15,是（欄位說明僅存於新北市統計年報）,11.23
109,,,,,,,欄位未定義,0.0,,就業,新北市政府主計處,就業者年齡結構,2020,percent16,是（欄位說明僅存於新北市統計年報）,9.32
109,,,,,,,欄位未定義,0.0,,就業,新北市政府主計處,就業者年齡結構,2020,percent17,是（欄位說明僅存於新北市統計年報）,7.82
109,,,,,,,欄位未定義,0.0,,就業,新北市政府主計處,就業者年齡結構,2020,percent18,是（欄位說明僅存於新北市統計年報）,5.85
109,,,,,,,欄位未定義,0.0,,就業,新北市政府主計處,就業者年齡結構,2020,percent19,是（欄位說明僅存於新北市統計年報）,3.63
109,,,,,,,欄位未定義,0.0,,就業,新北市政府主計處,就業者年齡結構,2020,percent20,是（欄位說明僅存於新北市統計年報）,2.47
109,,,,,,,欄位未定義,0.0,,就業,新北市政府主計處,就業者年齡結構,2020,percent21,是（欄位說明僅存於新北市統計年報）,0.99
109,,,,,,,欄位未定義,0.0,,就業,新北市政府主計處,就業者從業身分結構,2020,percent2,是（欄位說明僅存於新北市統計年報）,16.18
109,,,,,,,欄位未定義,0.0,,就業,新北市政府主計處,就業者從業身分結構,2020,percent3,是（欄位說明僅存於新北市統計年報）,6.39
109,,,,,,,欄位未定義,0.0,,就業,新北市政府主計處,就業者從業身分結構,2020,percent4,是（欄位說明僅存於新北市統計年報）,5.58
109,,,,,,,欄位未定義,0.0,,就業,新北市政府主計處,就業者從業身分結構,2020,percent5,是（欄位說明僅存於新北市統計年報）,1.43
109,,,,,,,欄位未定義,0.0,,就業,新北市政府主計處,就業者從業身分結構,2020,percent6,是（欄位說明僅存於新北市統計年報）,10.6
109,,,,,,,欄位未定義,0.0,,就業,新北市政府主計處,就業者從業身分結構,2020,percent7,是（欄位說明僅存於新北市統計年報）,4.96
109,,,,,,,欄位未定義,0.0,,就業,新北市政府主計處,就業者從業身分結構,2020,percent8,是（欄位說明僅存於新北市統計年報）,5.85
109,,,,,,,欄位未定義,0.0,,就業,新北市政府主計處,就業者從業身分結構,2020,percent9,是（欄位說明僅存於新北市統計年報）,9.36
109,,,,,,,欄位未定義,0.0,,就業,新北市政府主計處,就業者從業身分結構,2020,percent10,是（欄位說明僅存於新北市統計年報）,76.69
109,,,,,,,欄位未定義,0.0,,就業,新北市政府主計處,就業者從業身分結構,2020,percent11,是（欄位說明僅存於新北市統計年報）,79.85
109,,,,,,,欄位未定義,0.0,,就業,新北市政府主計處,就業者從業身分結構,2020,percent12,是（欄位說明僅存於新北市統計年報）,1.28
109,,,,,,,欄位未定義,0.0,,就業,新北市政府主計處,就業者從業身分結構,2020,percent13,是（欄位說明僅存於新北市統計年報）,4.52
109,,,,,,,欄位未定義,0.0,,就業,新北市政府主計處,就業者職業結構,2020,percent2,是（欄位說明僅存於新北市統計年報）,4.02
109,,,,,,,欄位未定義,0.0,,就業,新北市政府主計處,就業者職業結構,2020,percent3,是（欄位說明僅存於新北市統計年報）,1.98
109,,,,,,,欄位未定義,0.0,,就業,新北市政府主計處,就業者職業結構,2020,percent4,是（欄位說明僅存於新北市統計年報）,11.97
109,,,,,,,欄位未定義,0.0,,就業,新北市政府主計處,就業者職業結構,2020,percent5,是（欄位說明僅存於新北市統計年報）,12.0
109,,,,,,,欄位未定義,0.0,,就業,新北市政府主計處,就業者職業結構,2020,percent6,是（欄位說明僅存於新北市統計年報）,19.1
109,,,,,,,欄位未定義,0.0,,就業,新北市政府主計處,就業者職業結構,2020,percent7,是（欄位說明僅存於新北市統計年報）,28.74
109,,,,,,,欄位未定義,0.0,,就業,新北市政府主計處,就業者職業結構,2020,percent8,是（欄位說明僅存於新北市統計年報）,5.12
109,,,,,,,欄位未定義,0.0,,就業,新北市政府主計處,就業者職業結構,2020,percent9,是（欄位說明僅存於新北市統計年報）,19.16
109,,,,,,,欄位未定義,0.0,,就業,新北市政府主計處,就業者職業結構,2020,percent10,是（欄位說明僅存於新北市統計年報）,19.38
109,,,,,,,欄位未定義,0.0,,就業,新北市政府主計處,就業者職業結構,2020,percent11,是（欄位說明僅存於新北市統計年報）,25.55
109,,,,,,,欄位未定義,0.0,,就業,新北市政府主計處,就業者職業結構,2020,percent12,是（欄位說明僅存於新北市統計年報）,1.01
109,,,,,,,欄位未定義,0.0,,就業,新北市政府主計處,就業者職業結構,2020,percent13,是（欄位說明僅存於新北市統計年報）,0.11
109,,,,,,,欄位未定義,0.0,,就業,新北市政府主計處,就業者職業結構,2020,percent14,是（欄位說明僅存於新北市統計年報）,39.49
109,,,,,,,欄位未定義,0.0,,就業,新北市政府主計處,就業者職業結構,2020,percent15,是（欄位說明僅存於新北市統計年報）,12.44
109,,,,,,,欄位未定義,0.0,,就業,新北市政府主計處,就業者職業結構,2020,percent16,是（欄位說明僅存於新北市統計年報）,42.7
109,,,,,,,欄位未定義,0.0,,就業,新北市政府主計處,就業者職業結構,2020,percent17,是（欄位說明僅存於新北市統計年報）,41.56
109,,,,,,,欄位未定義,0.0,,就業,新北市政府主計處,就業者行業結構－服務業,2020,percent2,是（欄位說明僅存於新北市統計年報）,58.5
109,,,,,,,欄位未定義,0.0,,就業,新北市政府主計處,就業者行業結構－服務業,2020,percent3,是（欄位說明僅存於新北市統計年報）,77.64
109,,,,,,,欄位未定義,0.0,,就業,新北市政府主計處,就業者行業結構－服務業,2020,percent4,是（欄位說明僅存於新北市統計年報）,17.09
109,,,,,,,欄位未定義,0.0,,就業,新北市政府主計處,就業者行業結構－服務業,2020,percent5,是（欄位說明僅存於新北市統計年報）,23.24
109,,,,,,,欄位未定義,0.0,,就業,新北市政府主計處,就業者行業結構－服務業,2020,percent6,是（欄位說明僅存於新北市統計年報）,6.67
109,,,,,,,欄位未定義,0.0,,就業,新北市政府主計處,就業者行業結構－服務業,2020,percent7,是（欄位說明僅存於新北市統計年報）,2.2
109,,,,,,,欄位未定義,0.0,,就業,新北市政府主計處,就業者行業結構－服務業,2020,percent8,是（欄位說明僅存於新北市統計年報）,4.3
109,,,,,,,欄位未定義,0.0,,就業,新北市政府主計處,就業者行業結構－服務業,2020,percent9,是（欄位說明僅存於新北市統計年報）,3.3
109,,,,,,,欄位未定義,0.0,,就業,新北市政府主計處,就業者行業結構－服務業,2020,percent10,是（欄位說明僅存於新北市統計年報）,7.59
109,,,,,,,欄位未定義,0.0,,就業,新北市政府主計處,就業者行業結構－服務業,2020,percent11,是（欄位說明僅存於新北市統計年報）,8.37
109,,,,,,,欄位未定義,0.0,,就業,新北市政府主計處,就業者行業結構－服務業,2020,percent12,是（欄位說明僅存於新北市統計年報）,3.11
109,,,,,,,欄位未定義,0.0,,就業,新北市政府主計處,就業者行業結構－服務業,2020,percent13,是（欄位說明僅存於新北市統計年報）,6.94
109,,,,,,,欄位未定義,0.0,,就業,新北市政府主計處,就業者行業結構－服務業,2020,percent14,是（欄位說明僅存於新北市統計年報）,3.38
109,,,,,,,欄位未定義,0.0,,就業,新北市政府主計處,就業者行業結構－服務業,2020,percent15,是（欄位說明僅存於新北市統計年報）,5.07
109,,,,,,,欄位未定義,0.0,,就業,新北市政府主計處,就業者行業結構－服務業,2020,percent16,是（欄位說明僅存於新北市統計年報）,2.29
109,,,,,,,欄位未定義,0.0,,就業,新北市政府主計處,就業者行業結構－服務業,2020,percent17,是（欄位說明僅存於新北市統計年報）,7.82
109,,,,,,,欄位未定義,0.0,,就業,新北市政府主計處,就業者行業結構－服務業,2020,percent18,是（欄位說明僅存於新北市統計年報）,14.08
109,,,,,,,欄位未定義,0.0,,就業,新北市政府主計處,就業者行業結構－服務業,2020,percent19,是（欄位說明僅存於新北市統計年報）,20.7
109,,,,,,,欄位未定義,0.0,,就業,新北市政府主計處,就業者行業結構－農業及工業,2020,percent2,是（欄位說明僅存於新北市統計年報）,1.01
109,,,,,,,欄位未定義,0.0,,就業,新北市政府主計處,就業者行業結構－農業及工業,2020,percent3,是（欄位說明僅存於新北市統計年報）,0.11
109,,,,,,,欄位未定義,0.0,,就業,新北市政府主計處,就業者行業結構－農業及工業,2020,percent4,是（欄位說明僅存於新北市統計年報）,40.4
109,,,,,,,欄位未定義,0.0,,就業,新北市政府主計處,就業者行業結構－農業及工業,2020,percent5,是（欄位說明僅存於新北市統計年報）,22.25
109,,,,,,,欄位未定義,0.0,,就業,新北市政府主計處,就業者行業結構－農業及工業,2020,percent6,是（欄位說明僅存於新北市統計年報）,0.0
109,,,,,,,欄位未定義,0.0,,就業,新北市政府主計處,就業者行業結構－農業及工業,2020,percent7,是（欄位說明僅存於新北市統計年報）,0.0
109,,,,,,,欄位未定義,0.0,,就業,新北市政府主計處,就業者行業結構－農業及工業,2020,percent8,是（欄位說明僅存於新北市統計年報）,25.23
109,,,,,,,欄位未定義,0.0,,就業,新北市政府主計處,就業者行業結構－農業及工業,2020,percent9,是（欄位說明僅存於新北市統計年報）,19.93
109,,,,,,,欄位未定義,0.0,,就業,新北市政府主計處,就業者行業結構－農業及工業,2020,percent10,是（欄位說明僅存於新北市統計年報）,0.27
109,,,,,,,欄位未定義,0.0,,就業,新北市政府主計處,就業者行業結構－農業及工業,2020,percent11,是（欄位說明僅存於新北市統計年報）,0.11
109,,,,,,,欄位未定義,0.0,,就業,新北市政府主計處,就業者行業結構－農業及工業,2020,percent12,是（欄位說明僅存於新北市統計年報）,1.1
109,,,,,,,欄位未定義,0.0,,就業,新北市政府主計處,就業者行業結構－農業及工業,2020,percent13,是（欄位說明僅存於新北市統計年報）,0.44
109,,,,,,,欄位未定義,0.0,,就業,新北市政府主計處,就業者行業結構－農業及工業,2020,percent14,是（欄位說明僅存於新北市統計年報）,13.89
109,,,,,,,欄位未定義,0.0,,就業,新北市政府主計處,就業者行業結構－農業及工業,2020,percent15,是（欄位說明僅存於新北市統計年報）,1.87
109,,,,,,,欄位未定義,0.0,,就業,新北市政府主計處,就業輔導,2020,person2,是（欄位說明僅存於新北市統計年報）,49671.0
109,,,,,,,欄位未定義,0.0,,就業,新北市政府主計處,就業輔導,2020,person3,是（欄位說明僅存於新北市統計年報）,54393.0
109,,,,,,,欄位未定義,0.0,,就業,新北市政府主計處,就業輔導,2020,person4,是（欄位說明僅存於新北市統計年報）,0.0
109,,,,,,,欄位未定義,0.0,,就業,新北市政府主計處,就業輔導,2020,person5,是（欄位說明僅存於新北市統計年報）,0.0
109,,,,,,,欄位未定義,0.0,,就業,新北市政府主計處,就業輔導,2020,person6,是（欄位說明僅存於新北市統計年報）,169151.0
109,,,,,,,欄位未定義,0.0,,就業,新北市政府主計處,就業輔導,2020,person7,是（欄位說明僅存於新北市統計年報）,45439.0
109,,,,,,,欄位未定義,0.0,,就業,新北市政府主計處,就業輔導,2020,person8,是（欄位說明僅存於新北市統計年報）,48629.0
109,,,,,,,欄位未定義,0.0,,就業,新北市政府主計處,就業輔導,2020,person9,是（欄位說明僅存於新北市統計年報）,0.0
109,,,,,,,欄位未定義,0.0,,就業,新北市政府主計處,就業輔導,2020,person10,是（欄位說明僅存於新北市統計年報）,0.0
109,,,,,,,欄位未定義,0.0,,就業,新北市政府主計處,就業輔導,2020,person11,是（欄位說明僅存於新北市統計年報）,142821.0
109,,,,,,,欄位未定義,0.0,,就業,新北市政府主計處,職業訓練,2020,item value2,是（欄位說明僅存於新北市統計年報）,2294.0
109,,,,,,,欄位未定義,0.0,,就業,新北市政府主計處,職業訓練,2020,item value3,是（欄位說明僅存於新北市統計年報）,2587.0
109,,,,,,,欄位未定義,0.0,,就業,新北市政府主計處,職業訓練,2020,item value4,是（欄位說明僅存於新北市統計年報）,2227.0
109,,,,,,,欄位未定義,0.0,,就業,新北市政府主計處,職業訓練,2020,item value5,是（欄位說明僅存於新北市統計年報）,2509.0
109,,,,,,,欄位未定義,0.0,,就業,新北市政府主計處,職業訓練,2020,item value6,是（欄位說明僅存於新北市統計年報）,481.0
109,,,,,,,欄位未定義,0.0,,就業,新北市政府主計處,職業訓練,2020,item value7,是（欄位說明僅存於新北市統計年報）,1271.0
109,,,,,,,欄位未定義,0.0,,就業,新北市政府主計處,職業訓練,2020,item value8,是（欄位說明僅存於新北市統計年報）,801.0
109,,,,,,,欄位未定義,0.0,,就業,新北市政府主計處,職業訓練,2020,item value9,是（欄位說明僅存於新北市統計年報）,2118.0
109,,,,,,,欄位未定義,0.0,,就業,新北市政府主計處,職業訓練,2020,item value10,是（欄位說明僅存於新北市統計年報）,1611.0
109,,,,,,,欄位未定義,0.0,,就業,新北市政府主計處,職業訓練,2020,item value11,是（欄位說明僅存於新北市統計年報）,1867.0
109,,,,,,,欄位未定義,0.0,,居住,新北市政府主計處,住宅補貼申請,2020,itemvalue2,是（欄位說明僅存於新北市統計年報）,12527.0
109,,,,,,,欄位未定義,0.0,,居住,新北市政府主計處,住宅補貼申請,2020,itemvalue3,是（欄位說明僅存於新北市統計年報）,45.1683853754
109,,,,,,,欄位未定義,0.0,,居住,新北市政府主計處,住宅補貼申請,2020,itemvalue4,是（欄位說明僅存於新北市統計年報）,15207.0
109,,,,,,,欄位未定義,0.0,,居住,新北市政府主計處,住宅補貼申請,2020,itemvalue5,是（欄位說明僅存於新北市統計年報）,54.8316146246
109,,,,,,,欄位未定義,0.0,,居住,新北市政府主計處,住宅補貼申請,2020,itemvalue6,是（欄位說明僅存於新北市統計年報）,11626.0
109,,,,,,,欄位未定義,0.0,,居住,新北市政府主計處,住宅補貼申請,2020,itemvalue7,是（欄位說明僅存於新北市統計年報）,14175.0
109,,,,,,,欄位未定義,0.0,,居住,新北市政府主計處,住宅補貼申請,2020,itemvalue8,是（欄位說明僅存於新北市統計年報）,760.0
109,,,,,,,欄位未定義,0.0,,居住,新北市政府主計處,住宅補貼申請,2020,itemvalue9,是（欄位說明僅存於新北市統計年報）,861.0
109,,,,,,,欄位未定義,0.0,,居住,新北市政府主計處,住宅補貼申請,2020,itemvalue10,是（欄位說明僅存於新北市統計年報）,141.0
109,,,,,,,欄位未定義,0.0,,居住,新北市政府主計處,住宅補貼申請,2020,itemvalue11,是（欄位說明僅存於新北市統計年報）,171.0
109,,,,,,,欄位未定義,0.0,,居住,新北市政府主計處,房屋稅及地價稅開徵概況,2020,percent2,是（欄位說明僅存於新北市統計年報）,50.0
109,,,,,,,欄位未定義,0.0,,居住,新北市政府主計處,房屋稅及地價稅開徵概況,2020,percent3,是（欄位說明僅存於新北市統計年報）,50.0
109,,,,,,,欄位未定義,0.0,,居住,新北市政府主計處,房屋稅及地價稅開徵概況,2020,percent4,是（欄位說明僅存於新北市統計年報）,51.7
109,,,,,,,欄位未定義,0.0,,居住,新北市政府主計處,房屋稅及地價稅開徵概況,2020,percent5,是（欄位說明僅存於新北市統計年報）,48.3
109,,,,,,,欄位未定義,0.0,,居住,新北市政府主計處,房屋稅及地價稅開徵概況,2020,percent6,是（欄位說明僅存於新北市統計年報）,48.7
109,,,,,,,欄位未定義,0.0,,居住,新北市政府主計處,房屋稅及地價稅開徵概況,2020,percent7,是（欄位說明僅存於新北市統計年報）,51.3
109,,,,,,,欄位未定義,0.0,,居住,新北市政府主計處,房屋稅及地價稅開徵概況,2020,percent8,是（欄位說明僅存於新北市統計年報）,48.7
109,,,,,,,欄位未定義,0.0,,居住,新北市政府主計處,房屋稅及地價稅開徵概況,2020,percent9,是（欄位說明僅存於新北市統計年報）,51.3
109,,,,,,,欄位未定義,0.0,,居住,新北市政府主計處,房屋稅及地價稅開徵概況,2020,percent10,是（欄位說明僅存於新北市統計年報）,62.7
109,,,,,,,欄位未定義,0.0,,居住,新北市政府主計處,房屋稅及地價稅開徵概況,2020,percent11,是（欄位說明僅存於新北市統計年報）,37.3
109,,,,,,,欄位未定義,0.0,,居住,新北市政府主計處,房屋稅及地價稅開徵概況,2020,percent12,是（欄位說明僅存於新北市統計年報）,56.1
109,,,,,,,欄位未定義,0.0,,居住,新北市政府主計處,房屋稅及地價稅開徵概況,2020,percent13,是（欄位說明僅存於新北市統計年報）,43.9
109,,,,,,,欄位未定義,0.0,,居住,新北市政府主計處,房屋稅及地價稅開徵概況,2020,percent14,是（欄位說明僅存於新北市統計年報）,63.5
109,,,,,,,欄位未定義,0.0,,居住,新北市政府主計處,房屋稅及地價稅開徵概況,2020,percent15,是（欄位說明僅存於新北市統計年報）,36.5
109,,,,,,,欄位未定義,0.0,,居住,新北市政府城鄉發展局,新北市歷年住宅補貼受理情形統計表,2020,rent_project_num,是（欄位說明僅存於新北市統計年報）,24772.0
109,,,,,,,欄位未定義,0.0,,居住,新北市政府城鄉發展局,新北市歷年住宅補貼受理情形統計表,2020,rent_apply_num,是（欄位說明僅存於新北市統計年報）,30046.0
109,,,,,,,欄位未定義,0.0,,居住,新北市政府城鄉發展局,新北市歷年住宅補貼受理情形統計表,2020,rent_ok_num,是（欄位說明僅存於新北市統計年報）,23520.0
109,,,,,,,欄位未定義,0.0,,居住,新北市政府城鄉發展局,新北市歷年住宅補貼受理情形統計表,2020,rent_ok_num_percentage,是（欄位說明僅存於新北市統計年報）,78.28
109,,,,,,,欄位未定義,0.0,,居住,新北市政府城鄉發展局,新北市歷年住宅補貼受理情形統計表,2020,purchase_project_num,是（欄位說明僅存於新北市統計年報）,697.0
109,,,,,,,欄位未定義,0.0,,居住,新北市政府城鄉發展局,新北市歷年住宅補貼受理情形統計表,2020,purchase_apply_num,是（欄位說明僅存於新北市統計年報）,1621.0
109,,,,,,,欄位未定義,0.0,,居住,新北市政府城鄉發展局,新北市歷年住宅補貼受理情形統計表,2020,purchase_ok_num,是（欄位說明僅存於新北市統計年報）,760.0
109,,,,,,,欄位未定義,0.0,,居住,新北市政府城鄉發展局,新北市歷年住宅補貼受理情形統計表,2020,purchase_ok_num_percentage,是（欄位說明僅存於新北市統計年報）,46.88
109,,,,,,,欄位未定義,0.0,,居住,新北市政府城鄉發展局,新北市歷年住宅補貼受理情形統計表,2020,repair_project_num,是（欄位說明僅存於新北市統計年報）,382.0
109,,,,,,,欄位未定義,0.0,,居住,新北市政府城鄉發展局,新北市歷年住宅補貼受理情形統計表,2020,repair_apply_num,是（欄位說明僅存於新北市統計年報）,312.0
109,,,,,,,欄位未定義,0.0,,居住,新北市政府城鄉發展局,新北市歷年住宅補貼受理情形統計表,2020,repair_ok_num,是（欄位說明僅存於新北市統計年報）,138.0
109,,,,,,,欄位未定義,0.0,,居住,新北市政府城鄉發展局,新北市歷年住宅補貼受理情形統計表,2020,repair_ok_num_percentage,是（欄位說明僅存於新北市統計年報）,44.23
109,,,,,,,欄位未定義,0.0,,居住,新北市政府財政局,新北巿最近5年土地增值稅稅源統計表,109 | 一般用地,unit,是（欄位說明僅存於新北市統計年報）,85594.0
109,,,,,,,欄位未定義,0.0,,居住,新北市政府財政局,新北巿最近5年土地增值稅稅源統計表,109 | 自用住宅用地,unit,是（欄位說明僅存於新北市統計年報）,15368.0
109,,,,,,,欄位未定義,0.0,,居住,新北市政府財政局,新北巿最近5年土地增值稅稅源統計表,109 | 一般用地,area,是（欄位說明僅存於新北市統計年報）,4273471.25
109,,,,,,,欄位未定義,0.0,,居住,新北市政府財政局,新北巿最近5年土地增值稅稅源統計表,109 | 自用住宅用地,area,是（欄位說明僅存於新北市統計年報）,349284.05
109,,,,,,,欄位未定義,0.0,,居住,新北市政府財政局,新北巿最近5年土地增值稅稅源統計表,109 | 一般用地,column3_thousandtwd,是（欄位說明僅存於新北市統計年報）,179808532.0
109,,,,,,,欄位未定義,0.0,,居住,新北市政府財政局,新北巿最近5年土地增值稅稅源統計表,109 | 自用住宅用地,column3_thousandtwd,是（欄位說明僅存於新北市統計年報）,35844615.0
109,,,,,,,欄位未定義,0.0,,居住,新北市政府財政局,新北巿最近5年土地增值稅稅源統計表,109 | 一般用地,column4_thousandtwd,是（欄位說明僅存於新北市統計年報）,86834688.0
109,,,,,,,欄位未定義,0.0,,居住,新北市政府財政局,新北巿最近5年土地增值稅稅源統計表,109 | 自用住宅用地,column4_thousandtwd,是（欄位說明僅存於新北市統計年報）,13924566.0
109,,,,,,,欄位未定義,0.0,,居住,新北市政府財政局,新北巿最近5年土地增值稅稅源統計表,109 | 一般用地,column5_thousandtwd,是（欄位說明僅存於新北市統計年報）,6123750.0
109,,,,,,,欄位未定義,0.0,,居住,新北市政府財政局,新北巿最近5年土地增值稅稅源統計表,109 | 自用住宅用地,column5_thousandtwd,是（欄位說明僅存於新北市統計年報）,12573.0
109,,,,,,,欄位未定義,0.0,,居住,新北市政府財政局,新北巿最近5年土地增值稅稅源統計表,109 | 一般用地,column6_thousandtwd,是（欄位說明僅存於新北市統計年報）,86850094.0
109,,,,,,,欄位未定義,0.0,,居住,新北市政府財政局,新北巿最近5年土地增值稅稅源統計表,109 | 自用住宅用地,column6_thousandtwd,是（欄位說明僅存於新北市統計年報）,21906069.0
109,,,,,,,欄位未定義,0.0,,居住,新北市政府財政局,新北巿最近5年土地增值稅稅源統計表,109 | 一般用地,column7_thousandtwd,是（欄位說明僅存於新北市統計年報）,23454427.0
109,,,,,,,欄位未定義,0.0,,居住,新北市政府財政局,新北巿最近5年土地增值稅稅源統計表,109 | 自用住宅用地,column7_thousandtwd,是（欄位說明僅存於新北市統計年報）,2190600.0
109,,,,,,,欄位未定義,0.0,,居住,新北市政府財政局,新北巿最近5年土地增值稅稅源統計表,109 | 一般用地,column8_thousandtwd,是（欄位說明僅存於新北市統計年報）,968107.0
109,,,,,,,欄位未定義,0.0,,居住,新北市政府財政局,新北巿最近5年土地增值稅稅源統計表,109 | 自用住宅用地,column8_thousandtwd,是（欄位說明僅存於新北市統計年報）,105682.0
109,,,,,,,欄位未定義,0.0,,居住,新北市政府財政局,新北巿最近5年土地增值稅稅源統計表,109 | 一般用地,column9_thousandtwd,是（欄位說明僅存於新北市統計年報）,1501505.0
109,,,,,,,欄位未定義,0.0,,居住,新北市政府財政局,新北巿最近5年土地增值稅稅源統計表,109 | 自用住宅用地,column9_thousandtwd,是（欄位說明僅存於新北市統計年報）,2607.0
109,,,,,,,欄位未定義,0.0,,居住,新北市政府財政局,新北巿最近5年土地增值稅稅源統計表,109 | 一般用地,column10_thousandtwd,是（欄位說明僅存於新北市統計年報）,0.0
109,,,,,,,欄位未定義,0.0,,居住,新北市政府財政局,新北巿最近5年土地增值稅稅源統計表,109 | 自用住宅用地,column10_thousandtwd,是（欄位說明僅存於新北市統計年報）,0.0
109,,,,,,,欄位未定義,0.0,,居住,新北市政府財政局,新北巿最近5年土地增值稅稅源統計表,109 | 一般用地,column11_thousandtwd,是（欄位說明僅存於新北市統計年報）,328256.0
109,,,,,,,欄位未定義,0.0,,居住,新北市政府財政局,新北巿最近5年土地增值稅稅源統計表,109 | 自用住宅用地,column11_thousandtwd,是（欄位說明僅存於新北市統計年報）,5093.0
109,,,,,,,欄位未定義,0.0,,居住,新北市政府財政局,新北巿最近5年土地增值稅稅源統計表,109 | 一般用地,column12_thousandtwd,是（欄位說明僅存於新北市統計年報）,1940985.0
109,,,,,,,欄位未定義,0.0,,居住,新北市政府財政局,新北巿最近5年土地增值稅稅源統計表,109 | 自用住宅用地,column12_thousandtwd,是（欄位說明僅存於新北市統計年報）,0.0
109,,,,,,,欄位未定義,0.0,,居住,新北市政府財政局,新北巿最近5年土地增值稅稅源統計表,109 | 一般用地,column13_thousandtwd,是（欄位說明僅存於新北市統計年報）,20656537.0
109,,,,,,,欄位未定義,0.0,,居住,新北市政府財政局,新北巿最近5年土地增值稅稅源統計表,109 | 自用住宅用地,column13_thousandtwd,是（欄位說明僅存於新北市統計年報）,2077177.0
109,,,,,,,欄位未定義,0.0,,教育,新北市政府主計處,依性別平等教育法申訴案件－被行為人學校程度別,2020,itemvalue2,是（欄位說明僅存於新北市統計年報）,93.0
109,,,,,,,欄位未定義,0.0,,教育,新北市政府主計處,依性別平等教育法申訴案件－被行為人學校程度別,2020,itemvalue3,是（欄位說明僅存於新北市統計年報）,274.0
109,,,,,,,欄位未定義,0.0,,教育,新北市政府主計處,依性別平等教育法申訴案件－被行為人學校程度別,2020,itemvalue4,是（欄位說明僅存於新北市統計年報）,11.0
109,,,,,,,欄位未定義,0.0,,教育,新北市政府主計處,依性別平等教育法申訴案件－被行為人學校程度別,2020,itemvalue5,是（欄位說明僅存於新北市統計年報）,44.0
109,,,,,,,欄位未定義,0.0,,教育,新北市政府主計處,依性別平等教育法申訴案件－被行為人學校程度別,2020,itemvalue6,是（欄位說明僅存於新北市統計年報）,62.0
109,,,,,,,欄位未定義,0.0,,教育,新北市政府主計處,依性別平等教育法申訴案件－被行為人學校程度別,2020,itemvalue7,是（欄位說明僅存於新北市統計年報）,158.0
109,,,,,,,欄位未定義,0.0,,教育,新北市政府主計處,依性別平等教育法申訴案件－被行為人學校程度別,2020,itemvalue8,是（欄位說明僅存於新北市統計年報）,20.0
109,,,,,,,欄位未定義,0.0,,教育,新北市政府主計處,依性別平等教育法申訴案件－被行為人學校程度別,2020,itemvalue9,是（欄位說明僅存於新北市統計年報）,72.0
109,,,,,,,欄位未定義,0.0,,教育,新北市政府主計處,依性別平等教育法申訴案件－被行為人學校程度別,2020,itemvalue10,是（欄位說明僅存於新北市統計年報）,25.340599455
109,,,,,,,欄位未定義,0.0,,教育,新北市政府主計處,依性別平等教育法申訴案件－被行為人學校程度別,2020,itemvalue11,是（欄位說明僅存於新北市統計年報）,74.659400545
109,,,,,,,欄位未定義,0.0,,教育,新北市政府主計處,依性別平等教育法申訴案件－被行為人學校程度別,2020,itemvalue12,是（欄位說明僅存於新北市統計年報）,20.0
109,,,,,,,欄位未定義,0.0,,教育,新北市政府主計處,依性別平等教育法申訴案件－被行為人學校程度別,2020,itemvalue13,是（欄位說明僅存於新北市統計年報）,80.0
109,,,,,,,欄位未定義,0.0,,教育,新北市政府主計處,依性別平等教育法申訴案件－被行為人學校程度別,2020,itemvalue14,是（欄位說明僅存於新北市統計年報）,28.1818181818
109,,,,,,,欄位未定義,0.0,,教育,新北市政府主計處,依性別平等教育法申訴案件－被行為人學校程度別,2020,itemvalue15,是（欄位說明僅存於新北市統計年報）,71.8181818182
109,,,,,,,欄位未定義,0.0,,教育,新北市政府主計處,依性別平等教育法申訴案件－被行為人學校程度別,2020,itemvalue16,是（欄位說明僅存於新北市統計年報）,21.7391304348
109,,,,,,,欄位未定義,0.0,,教育,新北市政府主計處,依性別平等教育法申訴案件－被行為人學校程度別,2020,itemvalue17,是（欄位說明僅存於新北市統計年報）,78.2608695652
109,,,,,,,欄位未定義,0.0,,教育,新北市政府主計處,公教職員教育程度結構,2020,itemvalue2,是（欄位說明僅存於新北市統計年報）,97.74
109,,,,,,,欄位未定義,0.0,,教育,新北市政府主計處,公教職員教育程度結構,2020,itemvalue3,是（欄位說明僅存於新北市統計年報）,99.11
109,,,,,,,欄位未定義,0.0,,教育,新北市政府主計處,公教職員教育程度結構,2020,itemvalue4,是（欄位說明僅存於新北市統計年報）,2.22
109,,,,,,,欄位未定義,0.0,,教育,新北市政府主計處,公教職員教育程度結構,2020,itemvalue5,是（欄位說明僅存於新北市統計年報）,0.87
109,,,,,,,欄位未定義,0.0,,教育,新北市政府主計處,公教職員教育程度結構,2020,itemvalue6,是（欄位說明僅存於新北市統計年報）,0.04
109,,,,,,,欄位未定義,0.0,,教育,新北市政府主計處,公教職員教育程度結構,2020,itemvalue7,是（欄位說明僅存於新北市統計年報）,0.02
109,,,,,,,欄位未定義,0.0,,教育,新北市政府主計處,公教職員教育程度結構,2020,itemvalue8,是（欄位說明僅存於新北市統計年報）,96.69
109,,,,,,,欄位未定義,0.0,,教育,新北市政府主計處,公教職員教育程度結構,2020,itemvalue9,是（欄位說明僅存於新北市統計年報）,97.43
109,,,,,,,欄位未定義,0.0,,教育,新北市政府主計處,公教職員教育程度結構,2020,itemvalue10,是（欄位說明僅存於新北市統計年報）,3.26
109,,,,,,,欄位未定義,0.0,,教育,新北市政府主計處,公教職員教育程度結構,2020,itemvalue11,是（欄位說明僅存於新北市統計年報）,2.51
109,,,,,,,欄位未定義,0.0,,教育,新北市政府主計處,公教職員教育程度結構,2020,itemvalue12,是（欄位說明僅存於新北市統計年報）,0.05
109,,,,,,,欄位未定義,0.0,,教育,新北市政府主計處,公教職員教育程度結構,2020,itemvalue13,是（欄位說明僅存於新北市統計年報）,0.06
109,,,,,,,欄位未定義,0.0,,教育,新北市政府主計處,刑事案件嫌疑犯－教育程度別,2020,item value2,是（欄位說明僅存於新北市統計年報）,21117.0
109,,,,,,,欄位未定義,0.0,,教育,新北市政府主計處,刑事案件嫌疑犯－教育程度別,2020,item value3,是（欄位說明僅存於新北市統計年報）,4960.0
109,,,,,,,欄位未定義,0.0,,教育,新北市政府主計處,刑事案件嫌疑犯－教育程度別,2020,item value4,是（欄位說明僅存於新北市統計年報）,13.0
109,,,,,,,欄位未定義,0.0,,教育,新北市政府主計處,刑事案件嫌疑犯－教育程度別,2020,item value5,是（欄位說明僅存於新北市統計年報）,12.0
109,,,,,,,欄位未定義,0.0,,教育,新北市政府主計處,刑事案件嫌疑犯－教育程度別,2020,item value6,是（欄位說明僅存於新北市統計年報）,0.0
109,,,,,,,欄位未定義,0.0,,教育,新北市政府主計處,刑事案件嫌疑犯－教育程度別,2020,item value7,是（欄位說明僅存於新北市統計年報）,0.0
109,,,,,,,欄位未定義,0.0,,教育,新北市政府主計處,刑事案件嫌疑犯－教育程度別,2020,item value8,是（欄位說明僅存於新北市統計年報）,495.0
109,,,,,,,欄位未定義,0.0,,教育,新北市政府主計處,刑事案件嫌疑犯－教育程度別,2020,item value9,是（欄位說明僅存於新北市統計年報）,183.0
109,,,,,,,欄位未定義,0.0,,教育,新北市政府主計處,刑事案件嫌疑犯－教育程度別,2020,item value10,是（欄位說明僅存於新北市統計年報）,3872.0
109,,,,,,,欄位未定義,0.0,,教育,新北市政府主計處,刑事案件嫌疑犯－教育程度別,2020,item value11,是（欄位說明僅存於新北市統計年報）,767.0
109,,,,,,,欄位未定義,0.0,,教育,新北市政府主計處,刑事案件嫌疑犯－教育程度別,2020,item value12,是（欄位說明僅存於新北市統計年報）,12974.0
109,,,,,,,欄位未定義,0.0,,教育,新北市政府主計處,刑事案件嫌疑犯－教育程度別,2020,item value13,是（欄位說明僅存於新北市統計年報）,2914.0
109,,,,,,,欄位未定義,0.0,,教育,新北市政府主計處,刑事案件嫌疑犯－教育程度別,2020,item value14,是（欄位說明僅存於新北市統計年報）,2269.0
109,,,,,,,欄位未定義,0.0,,教育,新北市政府主計處,刑事案件嫌疑犯－教育程度別,2020,item value15,是（欄位說明僅存於新北市統計年報）,742.0
109,,,,,,,欄位未定義,0.0,,教育,新北市政府主計處,刑事案件嫌疑犯－教育程度別,2020,item value16,是（欄位說明僅存於新北市統計年報）,39.0
109,,,,,,,欄位未定義,0.0,,教育,新北市政府主計處,刑事案件嫌疑犯－教育程度別,2020,item value17,是（欄位說明僅存於新北市統計年報）,5.0
109,,,,,,,欄位未定義,0.0,,教育,新北市政府主計處,刑事案件嫌疑犯－教育程度別,2020,item value18,是（欄位說明僅存於新北市統計年報）,1455.0
109,,,,,,,欄位未定義,0.0,,教育,新北市政府主計處,刑事案件嫌疑犯－教育程度別,2020,item value19,是（欄位說明僅存於新北市統計年報）,337.0
109,,,,,,,欄位未定義,0.0,,教育,新北市政府主計處,原住民族教育,2020,itemvalue2,是（欄位說明僅存於新北市統計年報）,4461.0
109,,,,,,,欄位未定義,0.0,,教育,新北市政府主計處,原住民族教育,2020,itemvalue3,是（欄位說明僅存於新北市統計年報）,50.8781934307
109,,,,,,,欄位未定義,0.0,,教育,新北市政府主計處,原住民族教育,2020,itemvalue4,是（欄位說明僅存於新北市統計年報）,4307.0
109,,,,,,,欄位未定義,0.0,,教育,新北市政府主計處,原住民族教育,2020,itemvalue5,是（欄位說明僅存於新北市統計年報）,49.1218065693
109,,,,,,,欄位未定義,0.0,,教育,新北市政府主計處,原住民族教育,2020,itemvalue6,是（欄位說明僅存於新北市統計年報）,2442.0
109,,,,,,,欄位未定義,0.0,,教育,新北市政府主計處,原住民族教育,2020,itemvalue7,是（欄位說明僅存於新北市統計年報）,50.8220603538
109,,,,,,,欄位未定義,0.0,,教育,新北市政府主計處,原住民族教育,2020,itemvalue8,是（欄位說明僅存於新北市統計年報）,2363.0
109,,,,,,,欄位未定義,0.0,,教育,新北市政府主計處,原住民族教育,2020,itemvalue9,是（欄位說明僅存於新北市統計年報）,49.1779396462
109,,,,,,,欄位未定義,0.0,,教育,新北市政府主計處,原住民族教育,2020,itemvalue10,是（欄位說明僅存於新北市統計年報）,1166.0
109,,,,,,,欄位未定義,0.0,,教育,新北市政府主計處,原住民族教育,2020,itemvalue11,是（欄位說明僅存於新北市統計年報）,51.0507880911
109,,,,,,,欄位未定義,0.0,,教育,新北市政府主計處,原住民族教育,2020,itemvalue12,是（欄位說明僅存於新北市統計年報）,1118.0
109,,,,,,,欄位未定義,0.0,,教育,新北市政府主計處,原住民族教育,2020,itemvalue13,是（欄位說明僅存於新北市統計年報）,48.9492119089
109,,,,,,,欄位未定義,0.0,,教育,新北市政府主計處,原住民族教育,2020,itemvalue14,是（欄位說明僅存於新北市統計年報）,387.0
109,,,,,,,欄位未定義,0.0,,教育,新北市政府主計處,原住民族教育,2020,itemvalue15,是（欄位說明僅存於新北市統計年報）,51.3262599469
109,,,,,,,欄位未定義,0.0,,教育,新北市政府主計處,原住民族教育,2020,itemvalue16,是（欄位說明僅存於新北市統計年報）,367.0
109,,,,,,,欄位未定義,0.0,,教育,新北市政府主計處,原住民族教育,2020,itemvalue17,是（欄位說明僅存於新北市統計年報）,48.6737400531
109,,,,,,,欄位未定義,0.0,,教育,新北市政府主計處,原住民族教育,2020,itemvalue18,是（欄位說明僅存於新北市統計年報）,466.0
109,,,,,,,欄位未定義,0.0,,教育,新北市政府主計處,原住民族教育,2020,itemvalue19,是（欄位說明僅存於新北市統計年報）,50.3783783784
109,,,,,,,欄位未定義,0.0,,教育,新北市政府主計處,原住民族教育,2020,itemvalue20,是（欄位說明僅存於新北市統計年報）,459.0
109,,,,,,,欄位未定義,0.0,,教育,新北市政府主計處,原住民族教育,2020,itemvalue21,是（欄位說明僅存於新北市統計年報）,49.6216216216
109,,,,,,,欄位未定義,0.0,,教育,新北市政府主計處,原住民族教育,2020,itemvalue22,是（欄位說明僅存於新北市統計年報）,1.0
109,,,,,,,欄位未定義,0.0,,教育,新北市政府主計處,原住民族教育,2020,itemvalue23,是（欄位說明僅存於新北市統計年報）,2.0
109,,,,,,,欄位未定義,0.0,,教育,新北市政府主計處,原住民族教育,2020,itemvalue24,是（欄位說明僅存於新北市統計年報）,25.0
109,,,,,,,欄位未定義,0.0,,教育,新北市政府主計處,原住民族教育,2020,itemvalue25,是（欄位說明僅存於新北市統計年報）,20.0
109,,,,,,,欄位未定義,0.0,,教育,新北市政府主計處,國中教育(續),2020,itemvalue2,是（欄位說明僅存於新北市統計年報）,4428.0
109,,,,,,,欄位未定義,0.0,,教育,新北市政府主計處,國中教育(續),2020,itemvalue3,是（欄位說明僅存於新北市統計年報）,50.5941499086
109,,,,,,,欄位未定義,0.0,,教育,新北市政府主計處,國中教育(續),2020,itemvalue4,是（欄位說明僅存於新北市統計年報）,4324.0
109,,,,,,,欄位未定義,0.0,,教育,新北市政府主計處,國中教育(續),2020,itemvalue5,是（欄位說明僅存於新北市統計年報）,49.4058500914
109,,,,,,,欄位未定義,0.0,,教育,新北市政府主計處,國中教育(續),2020,itemvalue6,是（欄位說明僅存於新北市統計年報）,285.0
109,,,,,,,欄位未定義,0.0,,教育,新北市政府主計處,國中教育(續),2020,itemvalue7,是（欄位說明僅存於新北市統計年報）,55.7729941292
109,,,,,,,欄位未定義,0.0,,教育,新北市政府主計處,國中教育(續),2020,itemvalue8,是（欄位說明僅存於新北市統計年報）,226.0
109,,,,,,,欄位未定義,0.0,,教育,新北市政府主計處,國中教育(續),2020,itemvalue9,是（欄位說明僅存於新北市統計年報）,44.2270058708
109,,,,,,,欄位未定義,0.0,,教育,新北市政府主計處,國中教育(續),2020,itemvalue10,是（欄位說明僅存於新北市統計年報）,35420.0
109,,,,,,,欄位未定義,0.0,,教育,新北市政府主計處,國中教育(續),2020,itemvalue11,是（欄位說明僅存於新北市統計年報）,34420.0
109,,,,,,,欄位未定義,0.0,,教育,新北市政府主計處,國中教育(續),2020,itemvalue12,是（欄位說明僅存於新北市統計年報）,74.3134087237
109,,,,,,,欄位未定義,0.0,,教育,新北市政府主計處,國中教育(續),2020,itemvalue13,是（欄位說明僅存於新北市統計年報）,78.6185788356
109,,,,,,,欄位未定義,0.0,,教育,新北市政府主計處,國中教育(續),2020,itemvalue14,是（欄位說明僅存於新北市統計年報）,93.6743012422
109,,,,,,,欄位未定義,0.0,,教育,新北市政府主計處,國中教育(續),2020,itemvalue15,是（欄位說明僅存於新北市統計年報）,96.3290249771
109,,,,,,,欄位未定義,0.0,,教育,新北市政府主計處,國中教育,2020,itemvalue2,是（欄位說明僅存於新北市統計年報）,1705.0
109,,,,,,,欄位未定義,0.0,,教育,新北市政府主計處,國中教育,2020,itemvalue3,是（欄位說明僅存於新北市統計年報）,28.7715153561
109,,,,,,,欄位未定義,0.0,,教育,新北市政府主計處,國中教育,2020,itemvalue4,是（欄位說明僅存於新北市統計年報）,4221.0
109,,,,,,,欄位未定義,0.0,,教育,新北市政府主計處,國中教育,2020,itemvalue5,是（欄位說明僅存於新北市統計年報）,71.2284846439
109,,,,,,,欄位未定義,0.0,,教育,新北市政府主計處,國中教育,2020,itemvalue6,是（欄位說明僅存於新北市統計年報）,48105.0
109,,,,,,,欄位未定義,0.0,,教育,新北市政府主計處,國中教育,2020,itemvalue7,是（欄位說明僅存於新北市統計年報）,52.1344734532
109,,,,,,,欄位未定義,0.0,,教育,新北市政府主計處,國中教育,2020,itemvalue8,是（欄位說明僅存於新北市統計年報）,44166.0
109,,,,,,,欄位未定義,0.0,,教育,新北市政府主計處,國中教育,2020,itemvalue9,是（欄位說明僅存於新北市統計年報）,47.8655265468
109,,,,,,,欄位未定義,0.0,,教育,新北市政府主計處,國中教育,2020,itemvalue10,是（欄位說明僅存於新北市統計年報）,34.0
109,,,,,,,欄位未定義,0.0,,教育,新北市政府主計處,國中教育,2020,itemvalue11,是（欄位說明僅存於新北市統計年報）,27.0
109,,,,,,,欄位未定義,0.0,,教育,新北市政府主計處,國中教育,2020,itemvalue12,是（欄位說明僅存於新北市統計年報）,125.9259259259
109,,,,,,,欄位未定義,0.0,,教育,新北市政府主計處,國小教育(續),2020,itemvalue2,是（欄位說明僅存於新北市統計年報）,8335.0
109,,,,,,,欄位未定義,0.0,,教育,新北市政府主計處,國小教育(續),2020,itemvalue3,是（欄位說明僅存於新北市統計年報）,52.38
109,,,,,,,欄位未定義,0.0,,教育,新北市政府主計處,國小教育(續),2020,itemvalue4,是（欄位說明僅存於新北市統計年報）,7579.0
109,,,,,,,欄位未定義,0.0,,教育,新北市政府主計處,國小教育(續),2020,itemvalue5,是（欄位說明僅存於新北市統計年報）,47.62
109,,,,,,,欄位未定義,0.0,,教育,新北市政府主計處,國小教育(續),2020,itemvalue6,是（欄位說明僅存於新北市統計年報）,28.0
109,,,,,,,欄位未定義,0.0,,教育,新北市政府主計處,國小教育(續),2020,itemvalue7,是（欄位說明僅存於新北市統計年報）,57.14
109,,,,,,,欄位未定義,0.0,,教育,新北市政府主計處,國小教育(續),2020,itemvalue8,是（欄位說明僅存於新北市統計年報）,21.0
109,,,,,,,欄位未定義,0.0,,教育,新北市政府主計處,國小教育(續),2020,itemvalue9,是（欄位說明僅存於新北市統計年報）,42.86
109,,,,,,,欄位未定義,0.0,,教育,新北市政府主計處,國小教育(續),2020,itemvalue10,是（欄位說明僅存於新北市統計年報）,47669.0
109,,,,,,,欄位未定義,0.0,,教育,新北市政府主計處,國小教育(續),2020,itemvalue11,是（欄位說明僅存於新北市統計年報）,45511.0
109,,,,,,,欄位未定義,0.0,,教育,新北市政府主計處,國小教育(續),2020,itemvalue12,是（欄位說明僅存於新北市統計年報）,46.45
109,,,,,,,欄位未定義,0.0,,教育,新北市政府主計處,國小教育(續),2020,itemvalue13,是（欄位說明僅存於新北市統計年報）,47.51
109,,,,,,,欄位未定義,0.0,,教育,新北市政府主計處,國小教育(續),2020,itemvalue14,是（欄位說明僅存於新北市統計年報）,99.62
109,,,,,,,欄位未定義,0.0,,教育,新北市政府主計處,國小教育(續),2020,itemvalue15,是（欄位說明僅存於新北市統計年報）,102.01
109,,,,,,,欄位未定義,0.0,,教育,新北市政府主計處,國小教育,2020,itemvalue2,是（欄位說明僅存於新北市統計年報）,3880.0
109,,,,,,,欄位未定義,0.0,,教育,新北市政府主計處,國小教育,2020,itemvalue3,是（欄位說明僅存於新北市統計年報）,26.5462506842
109,,,,,,,欄位未定義,0.0,,教育,新北市政府主計處,國小教育,2020,itemvalue4,是（欄位說明僅存於新北市統計年報）,10736.0
109,,,,,,,欄位未定義,0.0,,教育,新北市政府主計處,國小教育,2020,itemvalue5,是（欄位說明僅存於新北市統計年報）,73.4537493158
109,,,,,,,欄位未定義,0.0,,教育,新北市政府主計處,國小教育,2020,itemvalue6,是（欄位說明僅存於新北市統計年報）,103323.0
109,,,,,,,欄位未定義,0.0,,教育,新北市政府主計處,國小教育,2020,itemvalue7,是（欄位說明僅存於新北市統計年報）,51.7855263356
109,,,,,,,欄位未定義,0.0,,教育,新北市政府主計處,國小教育,2020,itemvalue8,是（欄位說明僅存於新北市統計年報）,96198.0
109,,,,,,,欄位未定義,0.0,,教育,新北市政府主計處,國小教育,2020,itemvalue9,是（欄位說明僅存於新北市統計年報）,48.2144736644
109,,,,,,,欄位未定義,0.0,,教育,新北市政府主計處,國小教育,2020,itemvalue10,是（欄位說明僅存於新北市統計年報）,153.0
109,,,,,,,欄位未定義,0.0,,教育,新北市政府主計處,國小教育,2020,itemvalue11,是（欄位說明僅存於新北市統計年報）,62.0
109,,,,,,,欄位未定義,0.0,,教育,新北市政府主計處,國小教育,2020,itemvalue12,是（欄位說明僅存於新北市統計年報）,246.7741935484
109,,,,,,,欄位未定義,0.0,,教育,新北市政府主計處,國民中小學中途輟學學生概況,2020,percent2,是（欄位說明僅存於新北市統計年報）,560.0
109,,,,,,,欄位未定義,0.0,,教育,新北市政府主計處,國民中小學中途輟學學生概況,2020,percent3,是（欄位說明僅存於新北市統計年報）,49.0
109,,,,,,,欄位未定義,0.0,,教育,新北市政府主計處,國民中小學中途輟學學生概況,2020,percent4,是（欄位說明僅存於新北市統計年報）,511.0
109,,,,,,,欄位未定義,0.0,,教育,新北市政府主計處,國民中小學中途輟學學生概況,2020,percent5,是（欄位說明僅存於新北市統計年報）,313.0
109,,,,,,,欄位未定義,0.0,,教育,新北市政府主計處,國民中小學中途輟學學生概況,2020,percent6,是（欄位說明僅存於新北市統計年報）,28.0
109,,,,,,,欄位未定義,0.0,,教育,新北市政府主計處,國民中小學中途輟學學生概況,2020,percent7,是（欄位說明僅存於新北市統計年報）,285.0
109,,,,,,,欄位未定義,0.0,,教育,新北市政府主計處,國民中小學中途輟學學生概況,2020,percent8,是（欄位說明僅存於新北市統計年報）,247.0
109,,,,,,,欄位未定義,0.0,,教育,新北市政府主計處,國民中小學中途輟學學生概況,2020,percent9,是（欄位說明僅存於新北市統計年報）,21.0
109,,,,,,,欄位未定義,0.0,,教育,新北市政府主計處,國民中小學中途輟學學生概況,2020,percent10,是（欄位說明僅存於新北市統計年報）,226.0
109,,,,,,,欄位未定義,0.0,,教育,新北市政府主計處,國民中小學中途輟學學生概況,2020,percent11,是（欄位說明僅存於新北市統計年報）,0.1917519278
109,,,,,,,欄位未定義,0.0,,教育,新北市政府主計處,國民中小學中途輟學學生概況,2020,percent12,是（欄位說明僅存於新北市統計年報）,0.0245191249
109,,,,,,,欄位未定義,0.0,,教育,新北市政府主計處,國民中小學中途輟學學生概況,2020,percent13,是（欄位說明僅存於新北市統計年報）,0.5542299349
109,,,,,,,欄位未定義,0.0,,教育,新北市政府主計處,國民中小學中途輟學學生概況,2020,percent14,是（欄位說明僅存於新北市統計年報）,93.75
109,,,,,,,欄位未定義,0.0,,教育,新北市政府主計處,國民中小學中途輟學學生概況,2020,percent15,是（欄位說明僅存於新北市統計年報）,95.9183673469
109,,,,,,,欄位未定義,0.0,,教育,新北市政府主計處,國民中小學中途輟學學生概況,2020,percent16,是（欄位說明僅存於新北市統計年報）,93.542074364
109,,,,,,,欄位未定義,0.0,,教育,新北市政府主計處,國民中小學中途輟學學生概況,2020,percent17,是（欄位說明僅存於新北市統計年報）,48.0
109,,,,,,,欄位未定義,0.0,,教育,新北市政府主計處,國民中小學中途輟學學生概況,2020,percent18,是（欄位說明僅存於新北市統計年報）,3.0
109,,,,,,,欄位未定義,0.0,,教育,新北市政府主計處,國民中小學中途輟學學生概況,2020,percent19,是（欄位說明僅存於新北市統計年報）,45.0
109,,,,,,,欄位未定義,0.0,,教育,新北市政府主計處,國民中小學中途輟學學生概況,2020,percent20,是（欄位說明僅存於新北市統計年報）,26.0
109,,,,,,,欄位未定義,0.0,,教育,新北市政府主計處,國民中小學中途輟學學生概況,2020,percent21,是（欄位說明僅存於新北市統計年報）,1.0
109,,,,,,,欄位未定義,0.0,,教育,新北市政府主計處,國民中小學中途輟學學生概況,2020,percent22,是（欄位說明僅存於新北市統計年報）,25.0
109,,,,,,,欄位未定義,0.0,,教育,新北市政府主計處,國民中小學中途輟學學生概況,2020,percent23,是（欄位說明僅存於新北市統計年報）,22.0
109,,,,,,,欄位未定義,0.0,,教育,新北市政府主計處,國民中小學中途輟學學生概況,2020,percent24,是（欄位說明僅存於新北市統計年報）,2.0
109,,,,,,,欄位未定義,0.0,,教育,新北市政府主計處,國民中小學中途輟學學生概況,2020,percent25,是（欄位說明僅存於新北市統計年報）,20.0
109,,,,,,,欄位未定義,0.0,,教育,新北市政府主計處,國民中小學中途輟學學生概況,2020,percent26,是（欄位說明僅存於新北市統計年報）,0.6822057987
109,,,,,,,欄位未定義,0.0,,教育,新北市政府主計處,國民中小學中途輟學學生概況,2020,percent27,是（欄位說明僅存於新北市統計年報）,0.0628272251
109,,,,,,,欄位未定義,0.0,,教育,新北市政府主計處,國民中小學中途輟學學生概況,2020,percent28,是（欄位說明僅存於新北市統計年報）,1.9902697921
109,,,,,,,欄位未定義,0.0,,教育,新北市政府主計處,國民中小學中途輟學學生概況,2020,percent29,是（欄位說明僅存於新北市統計年報）,93.75
109,,,,,,,欄位未定義,0.0,,教育,新北市政府主計處,國民中小學中途輟學學生概況,2020,percent30,是（欄位說明僅存於新北市統計年報）,100.0
109,,,,,,,欄位未定義,0.0,,教育,新北市政府主計處,國民中小學中途輟學學生概況,2020,percent31,是（欄位說明僅存於新北市統計年報）,93.3333333333
109,,,,,,,欄位未定義,0.0,,教育,新北市政府主計處,境內幼兒(稚)園概況(101學年度以後),2020 | 計,person3,是（欄位說明僅存於新北市統計年報）,1079.0
109,,,,,,,欄位未定義,0.0,,教育,新北市政府主計處,境內幼兒(稚)園概況(101學年度以後),2020 | 公立,person3,是（欄位說明僅存於新北市統計年報）,243.0
109,,,,,,,欄位未定義,0.0,,教育,新北市政府主計處,境內幼兒(稚)園概況(101學年度以後),2020 | 私立,person3,是（欄位說明僅存於新北市統計年報）,836.0
109,,,,,,,欄位未定義,0.0,,教育,新北市政府主計處,境內幼兒(稚)園概況(101學年度以後),2020 | 計,person4,是（欄位說明僅存於新北市統計年報）,8859.0
109,,,,,,,欄位未定義,0.0,,教育,新北市政府主計處,境內幼兒(稚)園概況(101學年度以後),2020 | 公立,person4,是（欄位說明僅存於新北市統計年報）,2479.0
109,,,,,,,欄位未定義,0.0,,教育,新北市政府主計處,境內幼兒(稚)園概況(101學年度以後),2020 | 私立,person4,是（欄位說明僅存於新北市統計年報）,6380.0
109,,,,,,,欄位未定義,0.0,,教育,新北市政府主計處,境內幼兒(稚)園概況(101學年度以後),2020 | 計,person5,是（欄位說明僅存於新北市統計年報）,155.0
109,,,,,,,欄位未定義,0.0,,教育,新北市政府主計處,境內幼兒(稚)園概況(101學年度以後),2020 | 公立,person5,是（欄位說明僅存於新北市統計年報）,52.0
109,,,,,,,欄位未定義,0.0,,教育,新北市政府主計處,境內幼兒(稚)園概況(101學年度以後),2020 | 私立,person5,是（欄位說明僅存於新北市統計年報）,103.0
109,,,,,,,欄位未定義,0.0,,教育,新北市政府主計處,境內幼兒(稚)園概況(101學年度以後),2020 | 計,person6,是（欄位說明僅存於新北市統計年報）,8704.0
109,,,,,,,欄位未定義,0.0,,教育,新北市政府主計處,境內幼兒(稚)園概況(101學年度以後),2020 | 公立,person6,是（欄位說明僅存於新北市統計年報）,2427.0
109,,,,,,,欄位未定義,0.0,,教育,新北市政府主計處,境內幼兒(稚)園概況(101學年度以後),2020 | 私立,person6,是（欄位說明僅存於新北市統計年報）,6277.0
109,,,,,,,欄位未定義,0.0,,教育,新北市政府主計處,境內幼兒(稚)園概況(101學年度以後),2020 | 計,person7,是（欄位說明僅存於新北市統計年報）,2830.0
109,,,,,,,欄位未定義,0.0,,教育,新北市政府主計處,境內幼兒(稚)園概況(101學年度以後),2020 | 公立,person7,是（欄位說明僅存於新北市統計年報）,593.0
109,,,,,,,欄位未定義,0.0,,教育,新北市政府主計處,境內幼兒(稚)園概況(101學年度以後),2020 | 私立,person7,是（欄位說明僅存於新北市統計年報）,2237.0
109,,,,,,,欄位未定義,0.0,,教育,新北市政府主計處,境內幼兒(稚)園概況(101學年度以後),2020 | 計,person8,是（欄位說明僅存於新北市統計年報）,672.0
109,,,,,,,欄位未定義,0.0,,教育,新北市政府主計處,境內幼兒(稚)園概況(101學年度以後),2020 | 公立,person8,是（欄位說明僅存於新北市統計年報）,24.0
109,,,,,,,欄位未定義,0.0,,教育,新北市政府主計處,境內幼兒(稚)園概況(101學年度以後),2020 | 私立,person8,是（欄位說明僅存於新北市統計年報）,648.0
109,,,,,,,欄位未定義,0.0,,教育,新北市政府主計處,境內幼兒(稚)園概況(101學年度以後),2020 | 計,person9,是（欄位說明僅存於新北市統計年報）,2158.0
109,,,,,,,欄位未定義,0.0,,教育,新北市政府主計處,境內幼兒(稚)園概況(101學年度以後),2020 | 公立,person9,是（欄位說明僅存於新北市統計年報）,569.0
109,,,,,,,欄位未定義,0.0,,教育,新北市政府主計處,境內幼兒(稚)園概況(101學年度以後),2020 | 私立,person9,是（欄位說明僅存於新北市統計年報）,1589.0
109,,,,,,,欄位未定義,0.0,,教育,新北市政府主計處,境內幼兒(稚)園概況(101學年度以後),2020 | 計,person10,是（欄位說明僅存於新北市統計年報）,89211.0
109,,,,,,,欄位未定義,0.0,,教育,新北市政府主計處,境內幼兒(稚)園概況(101學年度以後),2020 | 公立,person10,是（欄位說明僅存於新北市統計年報）,27181.0
109,,,,,,,欄位未定義,0.0,,教育,新北市政府主計處,境內幼兒(稚)園概況(101學年度以後),2020 | 私立,person10,是（欄位說明僅存於新北市統計年報）,62030.0
109,,,,,,,欄位未定義,0.0,,教育,新北市政府主計處,境內幼兒(稚)園概況(101學年度以後),2020 | 計,person11,是（欄位說明僅存於新北市統計年報）,46593.0
109,,,,,,,欄位未定義,0.0,,教育,新北市政府主計處,境內幼兒(稚)園概況(101學年度以後),2020 | 公立,person11,是（欄位說明僅存於新北市統計年報）,14063.0
109,,,,,,,欄位未定義,0.0,,教育,新北市政府主計處,境內幼兒(稚)園概況(101學年度以後),2020 | 私立,person11,是（欄位說明僅存於新北市統計年報）,32530.0
109,,,,,,,欄位未定義,0.0,,教育,新北市政府主計處,境內幼兒(稚)園概況(101學年度以後),2020 | 計,person12,是（欄位說明僅存於新北市統計年報）,42618.0
109,,,,,,,欄位未定義,0.0,,教育,新北市政府主計處,境內幼兒(稚)園概況(101學年度以後),2020 | 公立,person12,是（欄位說明僅存於新北市統計年報）,13118.0
109,,,,,,,欄位未定義,0.0,,教育,新北市政府主計處,境內幼兒(稚)園概況(101學年度以後),2020 | 私立,person12,是（欄位說明僅存於新北市統計年報）,29500.0
109,,,,,,,欄位未定義,0.0,,教育,新北市政府主計處,境內高等教育概況(大學),2020,percent2,是（欄位說明僅存於新北市統計年報）,19.0
109,,,,,,,欄位未定義,0.0,,教育,新北市政府主計處,境內高等教育概況(大學),2020,percent3,是（欄位說明僅存於新北市統計年報）,817.0
109,,,,,,,欄位未定義,0.0,,教育,新北市政府主計處,境內高等教育概況(大學),2020,percent4,是（欄位說明僅存於新北市統計年報）,0.0
109,,,,,,,欄位未定義,0.0,,教育,新北市政府主計處,境內高等教育概況(大學),2020,percent5,是（欄位說明僅存於新北市統計年報）,0.0
109,,,,,,,欄位未定義,0.0,,教育,新北市政府主計處,境內高等教育概況(大學),2020,percent6,是（欄位說明僅存於新北市統計年報）,7459.0
109,,,,,,,欄位未定義,0.0,,教育,新北市政府主計處,境內高等教育概況(大學),2020,percent7,是（欄位說明僅存於新北市統計年報）,3645.0
109,,,,,,,欄位未定義,0.0,,教育,新北市政府主計處,境內高等教育概況(大學),2020,percent8,是（欄位說明僅存於新北市統計年報）,3814.0
109,,,,,,,欄位未定義,0.0,,教育,新北市政府主計處,境內高等教育概況(大學),2020,percent9,是（欄位說明僅存於新北市統計年報）,4375.0
109,,,,,,,欄位未定義,0.0,,教育,新北市政府主計處,境內高等教育概況(大學),2020,percent10,是（欄位說明僅存於新北市統計年報）,2726.0
109,,,,,,,欄位未定義,0.0,,教育,新北市政府主計處,境內高等教育概況(大學),2020,percent11,是（欄位說明僅存於新北市統計年報）,1649.0
109,,,,,,,欄位未定義,0.0,,教育,新北市政府主計處,境內高等教育概況(大學),2020,percent12,是（欄位說明僅存於新北市統計年報）,3084.0
109,,,,,,,欄位未定義,0.0,,教育,新北市政府主計處,境內高等教育概況(大學),2020,percent13,是（欄位說明僅存於新北市統計年報）,919.0
109,,,,,,,欄位未定義,0.0,,教育,新北市政府主計處,境內高等教育概況(大學),2020,percent14,是（欄位說明僅存於新北市統計年報）,2165.0
109,,,,,,,欄位未定義,0.0,,教育,新北市政府主計處,境內高等教育概況(大學),2020,percent15,是（欄位說明僅存於新北市統計年報）,115830.0
109,,,,,,,欄位未定義,0.0,,教育,新北市政府主計處,境內高等教育概況(大學),2020,percent16,是（欄位說明僅存於新北市統計年報）,56694.0
109,,,,,,,欄位未定義,0.0,,教育,新北市政府主計處,境內高等教育概況(大學),2020,percent17,是（欄位說明僅存於新北市統計年報）,59136.0
109,,,,,,,欄位未定義,0.0,,教育,新北市政府主計處,境內高等教育概況(大學),2020,percent18,是（欄位說明僅存於新北市統計年報）,13141.0
109,,,,,,,欄位未定義,0.0,,教育,新北市政府主計處,境內高等教育概況(大學),2020,percent19,是（欄位說明僅存於新北市統計年報）,13504.0
109,,,,,,,欄位未定義,0.0,,教育,新北市政府主計處,境內高等教育概況(大學),2020,percent20,是（欄位說明僅存於新北市統計年報）,13104.0
109,,,,,,,欄位未定義,0.0,,教育,新北市政府主計處,境內高等教育概況(大學),2020,percent21,是（欄位說明僅存於新北市統計年報）,13928.0
109,,,,,,,欄位未定義,0.0,,教育,新北市政府主計處,境內高等教育概況(大學),2020,percent22,是（欄位說明僅存於新北市統計年報）,13810.0
109,,,,,,,欄位未定義,0.0,,教育,新北市政府主計處,境內高等教育概況(大學),2020,percent23,是（欄位說明僅存於新北市統計年報）,15048.0
109,,,,,,,欄位未定義,0.0,,教育,新北市政府主計處,境內高等教育概況(大學),2020,percent24,是（欄位說明僅存於新北市統計年報）,12674.0
109,,,,,,,欄位未定義,0.0,,教育,新北市政府主計處,境內高等教育概況(大學),2020,percent25,是（欄位說明僅存於新北市統計年報）,13815.0
109,,,,,,,欄位未定義,0.0,,教育,新北市政府主計處,境內高等教育概況(大學),2020,percent26,是（欄位說明僅存於新北市統計年報）,93.0
109,,,,,,,欄位未定義,0.0,,教育,新北市政府主計處,境內高等教育概況(大學),2020,percent27,是（欄位說明僅存於新北市統計年報）,100.0
109,,,,,,,欄位未定義,0.0,,教育,新北市政府主計處,境內高等教育概況(大學),2020,percent28,是（欄位說明僅存於新北市統計年報）,60.0
109,,,,,,,欄位未定義,0.0,,教育,新北市政府主計處,境內高等教育概況(大學),2020,percent29,是（欄位說明僅存於新北市統計年報）,38.0
109,,,,,,,欄位未定義,0.0,,教育,新北市政府主計處,境內高等教育概況(大學),2020,percent30,是（欄位說明僅存於新北市統計年報）,2.0
109,,,,,,,欄位未定義,0.0,,教育,新北市政府主計處,境內高等教育概況(大學),2020,percent31,是（欄位說明僅存於新北市統計年報）,0.0
109,,,,,,,欄位未定義,0.0,,教育,新北市政府主計處,境內高等教育概況(大學),2020,percent32,是（欄位說明僅存於新北市統計年報）,3810.0
109,,,,,,,欄位未定義,0.0,,教育,新北市政府主計處,境內高等教育概況(大學),2020,percent33,是（欄位說明僅存於新北市統計年報）,2703.0
109,,,,,,,欄位未定義,0.0,,教育,新北市政府主計處,境內高等教育概況(大學),2020,percent34,是（欄位說明僅存於新北市統計年報）,12379.0
109,,,,,,,欄位未定義,0.0,,教育,新北市政府主計處,境內高等教育概況(大學),2020,percent35,是（欄位說明僅存於新北市統計年報）,6198.0
109,,,,,,,欄位未定義,0.0,,教育,新北市政府主計處,境內高等教育概況(大學),2020,percent36,是（欄位說明僅存於新北市統計年報）,6181.0
109,,,,,,,欄位未定義,0.0,,教育,新北市政府主計處,境內高等教育概況(大學),2020,percent37,是（欄位說明僅存於新北市統計年報）,5427.0
109,,,,,,,欄位未定義,0.0,,教育,新北市政府主計處,境內高等教育概況(大學),2020,percent38,是（欄位說明僅存於新北市統計年報）,5674.0
109,,,,,,,欄位未定義,0.0,,教育,新北市政府主計處,境內高等教育概況(大學),2020,percent39,是（欄位說明僅存於新北市統計年報）,771.0
109,,,,,,,欄位未定義,0.0,,教育,新北市政府主計處,境內高等教育概況(大學),2020,percent40,是（欄位說明僅存於新北市統計年報）,507.0
109,,,,,,,欄位未定義,0.0,,教育,新北市政府主計處,境內高等教育概況(大學),2020,percent41,是（欄位說明僅存於新北市統計年報）,29808.0
109,,,,,,,欄位未定義,0.0,,教育,新北市政府主計處,境內高等教育概況(大學),2020,percent42,是（欄位說明僅存於新北市統計年報）,14039.0
109,,,,,,,欄位未定義,0.0,,教育,新北市政府主計處,境內高等教育概況(大學),2020,percent43,是（欄位說明僅存於新北市統計年報）,15769.0
109,,,,,,,欄位未定義,0.0,,教育,新北市政府主計處,境內高等教育概況(專科),2020,itemvalue2,是（欄位說明僅存於新北市統計年報）,1.0
109,,,,,,,欄位未定義,0.0,,教育,新北市政府主計處,境內高等教育概況(專科),2020,itemvalue3,是（欄位說明僅存於新北市統計年報）,8.0
109,,,,,,,欄位未定義,0.0,,教育,新北市政府主計處,境內高等教育概況(專科),2020,itemvalue4,是（欄位說明僅存於新北市統計年報）,0.0
109,,,,,,,欄位未定義,0.0,,教育,新北市政府主計處,境內高等教育概況(專科),2020,itemvalue5,是（欄位說明僅存於新北市統計年報）,235.0
109,,,,,,,欄位未定義,0.0,,教育,新北市政府主計處,境內高等教育概況(專科),2020,itemvalue6,是（欄位說明僅存於新北市統計年報）,58.0
109,,,,,,,欄位未定義,0.0,,教育,新北市政府主計處,境內高等教育概況(專科),2020,itemvalue7,是（欄位說明僅存於新北市統計年報）,177.0
109,,,,,,,欄位未定義,0.0,,教育,新北市政府主計處,境內高等教育概況(專科),2020,itemvalue8,是（欄位說明僅存於新北市統計年報）,164.0
109,,,,,,,欄位未定義,0.0,,教育,新北市政府主計處,境內高等教育概況(專科),2020,itemvalue9,是（欄位說明僅存於新北市統計年報）,39.0
109,,,,,,,欄位未定義,0.0,,教育,新北市政府主計處,境內高等教育概況(專科),2020,itemvalue10,是（欄位說明僅存於新北市統計年報）,125.0
109,,,,,,,欄位未定義,0.0,,教育,新北市政府主計處,境內高等教育概況(專科),2020,itemvalue11,是（欄位說明僅存於新北市統計年報）,71.0
109,,,,,,,欄位未定義,0.0,,教育,新北市政府主計處,境內高等教育概況(專科),2020,itemvalue12,是（欄位說明僅存於新北市統計年報）,19.0
109,,,,,,,欄位未定義,0.0,,教育,新北市政府主計處,境內高等教育概況(專科),2020,itemvalue13,是（欄位說明僅存於新北市統計年報）,52.0
109,,,,,,,欄位未定義,0.0,,教育,新北市政府主計處,境內高等教育概況(專科),2020,itemvalue14,是（欄位說明僅存於新北市統計年報）,4698.0
109,,,,,,,欄位未定義,0.0,,教育,新北市政府主計處,境內高等教育概況(專科),2020,itemvalue15,是（欄位說明僅存於新北市統計年報）,446.0
109,,,,,,,欄位未定義,0.0,,教育,新北市政府主計處,境內高等教育概況(專科),2020,itemvalue16,是（欄位說明僅存於新北市統計年報）,4252.0
109,,,,,,,欄位未定義,0.0,,教育,新北市政府主計處,境內高等教育概況(專科),2020,itemvalue17,是（欄位說明僅存於新北市統計年報）,86.0
109,,,,,,,欄位未定義,0.0,,教育,新北市政府主計處,境內高等教育概況(專科),2020,itemvalue18,是（欄位說明僅存於新北市統計年報）,786.0
109,,,,,,,欄位未定義,0.0,,教育,新北市政府主計處,境內高等教育概況(專科),2020,itemvalue19,是（欄位說明僅存於新北市統計年報）,72.0
109,,,,,,,欄位未定義,0.0,,教育,新北市政府主計處,境內高等教育概況(專科),2020,itemvalue20,是（欄位說明僅存於新北市統計年報）,798.0
109,,,,,,,欄位未定義,0.0,,教育,新北市政府主計處,境內高等教育概況(專科),2020,itemvalue21,是（欄位說明僅存於新北市統計年報）,91.0
109,,,,,,,欄位未定義,0.0,,教育,新北市政府主計處,境內高等教育概況(專科),2020,itemvalue22,是（欄位說明僅存於新北市統計年報）,798.0
109,,,,,,,欄位未定義,0.0,,教育,新北市政府主計處,境內高等教育概況(專科),2020,itemvalue23,是（欄位說明僅存於新北市統計年報）,85.0
109,,,,,,,欄位未定義,0.0,,教育,新北市政府主計處,境內高等教育概況(專科),2020,itemvalue24,是（欄位說明僅存於新北市統計年報）,839.0
109,,,,,,,欄位未定義,0.0,,教育,新北市政府主計處,境內高等教育概況(專科),2020,itemvalue25,是（欄位說明僅存於新北市統計年報）,78.0
109,,,,,,,欄位未定義,0.0,,教育,新北市政府主計處,境內高等教育概況(專科),2020,itemvalue26,是（欄位說明僅存於新北市統計年報）,839.0
109,,,,,,,欄位未定義,0.0,,教育,新北市政府主計處,境內高等教育概況(專科),2020,itemvalue27,是（欄位說明僅存於新北市統計年報）,34.0
109,,,,,,,欄位未定義,0.0,,教育,新北市政府主計處,境內高等教育概況(專科),2020,itemvalue28,是（欄位說明僅存於新北市統計年報）,192.0
109,,,,,,,欄位未定義,0.0,,教育,新北市政府主計處,境內高等教育概況(專科),2020,itemvalue29,是（欄位說明僅存於新北市統計年報）,816.0
109,,,,,,,欄位未定義,0.0,,教育,新北市政府主計處,境內高等教育概況(專科),2020,itemvalue30,是（欄位說明僅存於新北市統計年報）,55.0
109,,,,,,,欄位未定義,0.0,,教育,新北市政府主計處,境內高等教育概況(專科),2020,itemvalue31,是（欄位說明僅存於新北市統計年報）,761.0
109,,,,,,,欄位未定義,0.0,,教育,新北市政府主計處,失業率—教育程度別,2020,item value2,是（欄位說明僅存於新北市統計年報）,4.1
109,,,,,,,欄位未定義,0.0,,教育,新北市政府主計處,失業率—教育程度別,2020,item value3,是（欄位說明僅存於新北市統計年報）,3.7
109,,,,,,,欄位未定義,0.0,,教育,新北市政府主計處,失業率—教育程度別,2020,item value4,是（欄位說明僅存於新北市統計年報）,1.5
109,,,,,,,欄位未定義,0.0,,教育,新北市政府主計處,失業率—教育程度別,2020,item value5,是（欄位說明僅存於新北市統計年報）,1.2
109,,,,,,,欄位未定義,0.0,,教育,新北市政府主計處,失業率—教育程度別,2020,item value6,是（欄位說明僅存於新北市統計年報）,4.4
109,,,,,,,欄位未定義,0.0,,教育,新北市政府主計處,失業率—教育程度別,2020,item value7,是（欄位說明僅存於新北市統計年報）,2.4
109,,,,,,,欄位未定義,0.0,,教育,新北市政府主計處,失業率—教育程度別,2020,item value8,是（欄位說明僅存於新北市統計年報）,4.0
109,,,,,,,欄位未定義,0.0,,教育,新北市政府主計處,失業率—教育程度別,2020,item value9,是（欄位說明僅存於新北市統計年報）,3.2
109,,,,,,,欄位未定義,0.0,,教育,新北市政府主計處,失業率—教育程度別,2020,item value10,是（欄位說明僅存於新北市統計年報）,0.0
109,,,,,,,欄位未定義,0.0,,教育,新北市政府主計處,失業率—教育程度別,2020,item value11,是（欄位說明僅存於新北市統計年報）,0.0
109,,,,,,,欄位未定義,0.0,,教育,新北市政府主計處,失業率—教育程度別,2020,item value12,是（欄位說明僅存於新北市統計年報）,0.0
109,,,,,,,欄位未定義,0.0,,教育,新北市政府主計處,失業率—教育程度別,2020,item value13,是（欄位說明僅存於新北市統計年報）,0.0
109,,,,,,,欄位未定義,0.0,,教育,新北市政府主計處,失業率—教育程度別,2020,item value14,是（欄位說明僅存於新北市統計年報）,3.0
109,,,,,,,欄位未定義,0.0,,教育,新北市政府主計處,失業率—教育程度別,2020,item value15,是（欄位說明僅存於新北市統計年報）,2.7
109,,,,,,,欄位未定義,0.0,,教育,新北市政府主計處,失業率—教育程度別,2020,item value16,是（欄位說明僅存於新北市統計年報）,5.3
109,,,,,,,欄位未定義,0.0,,教育,新北市政府主計處,失業率—教育程度別,2020,item value17,是（欄位說明僅存於新北市統計年報）,5.1
109,,,,,,,欄位未定義,0.0,,教育,新北市政府主計處,失業率—教育程度別,2020,item value18,是（欄位說明僅存於新北市統計年報）,3.7
109,,,,,,,欄位未定義,0.0,,教育,新北市政府主計處,失業率—教育程度別,2020,item value19,是（欄位說明僅存於新北市統計年報）,2.7
109,,,,,,,欄位未定義,0.0,,教育,新北市政府主計處,學校教育,2020,itemvalue2,是（欄位說明僅存於新北市統計年報）,11122.0
109,,,,,,,欄位未定義,0.0,,教育,新北市政府主計處,學校教育,2020,itemvalue3,是（欄位說明僅存於新北市統計年報）,27.2277712495
109,,,,,,,欄位未定義,0.0,,教育,新北市政府主計處,學校教育,2020,itemvalue4,是（欄位說明僅存於新北市統計年報）,29726.0
109,,,,,,,欄位未定義,0.0,,教育,新北市政府主計處,學校教育,2020,itemvalue5,是（欄位說明僅存於新北市統計年報）,72.7722287505
109,,,,,,,欄位未定義,0.0,,教育,新北市政府主計處,學校教育,2020,itemvalue6,是（欄位說明僅存於新北市統計年報）,300840.0
109,,,,,,,欄位未定義,0.0,,教育,新北市政府主計處,學校教育,2020,itemvalue7,是（欄位說明僅存於新北市統計年報）,51.0263273053
109,,,,,,,欄位未定義,0.0,,教育,新北市政府主計處,學校教育,2020,itemvalue8,是（欄位說明僅存於新北市統計年報）,288738.0
109,,,,,,,欄位未定義,0.0,,教育,新北市政府主計處,學校教育,2020,itemvalue9,是（欄位說明僅存於新北市統計年報）,48.9736726947
109,,,,,,,欄位未定義,0.0,,教育,新北市政府主計處,就業者教育程度結構,2020,percent2,是（欄位說明僅存於新北市統計年報）,3.02
109,,,,,,,欄位未定義,0.0,,教育,新北市政府主計處,就業者教育程度結構,2020,percent3,是（欄位說明僅存於新北市統計年報）,1.87
109,,,,,,,欄位未定義,0.0,,教育,新北市政府主計處,就業者教育程度結構,2020,percent4,是（欄位說明僅存於新北市統計年報）,13.8
109,,,,,,,欄位未定義,0.0,,教育,新北市政府主計處,就業者教育程度結構,2020,percent5,是（欄位說明僅存於新北市統計年報）,6.5
109,,,,,,,欄位未定義,0.0,,教育,新北市政府主計處,就業者教育程度結構,2020,percent6,是（欄位說明僅存於新北市統計年報）,33.4552102377
109,,,,,,,欄位未定義,0.0,,教育,新北市政府主計處,就業者教育程度結構,2020,percent7,是（欄位說明僅存於新北市統計年報）,30.6167400881
109,,,,,,,欄位未定義,0.0,,教育,新北市政府主計處,就業者教育程度結構,2020,percent8,是（欄位說明僅存於新北市統計年報）,0.0
109,,,,,,,欄位未定義,0.0,,教育,新北市政府主計處,就業者教育程度結構,2020,percent9,是（欄位說明僅存於新北市統計年報）,0.0
109,,,,,,,欄位未定義,0.0,,教育,新北市政府主計處,就業者教育程度結構,2020,percent10,是（欄位說明僅存於新北市統計年報）,0.0
109,,,,,,,欄位未定義,0.0,,教育,新北市政府主計處,就業者教育程度結構,2020,percent11,是（欄位說明僅存於新北市統計年報）,0.0
109,,,,,,,欄位未定義,0.0,,教育,新北市政府主計處,就業者教育程度結構,2020,percent12,是（欄位說明僅存於新北市統計年報）,19.01
109,,,,,,,欄位未定義,0.0,,教育,新北市政府主計處,就業者教育程度結構,2020,percent13,是（欄位說明僅存於新北市統計年報）,18.61
109,,,,,,,欄位未定義,0.0,,教育,新北市政府主計處,就業者教育程度結構,2020,percent14,是（欄位說明僅存於新北市統計年報）,23.22
109,,,,,,,欄位未定義,0.0,,教育,新北市政府主計處,就業者教育程度結構,2020,percent15,是（欄位說明僅存於新北市統計年報）,35.24
109,,,,,,,欄位未定義,0.0,,教育,新北市政府主計處,就業者教育程度結構,2020,percent16,是（欄位說明僅存於新北市統計年報）,7.4
109,,,,,,,欄位未定義,0.0,,教育,新北市政府主計處,就業者教育程度結構,2020,percent17,是（欄位說明僅存於新北市統計年報）,7.16
109,,,,,,,欄位未定義,0.0,,教育,新北市政府主計處,幼兒托育,2020,itemvalue2,是（欄位說明僅存於新北市統計年報）,9640.0
109,,,,,,,欄位未定義,0.0,,教育,新北市政府主計處,幼兒托育,2020,itemvalue3,是（欄位說明僅存於新北市統計年報）,80422.0318133616
109,,,,,,,欄位未定義,0.0,,教育,新北市政府主計處,幼兒托育,2020,itemvalue4,是（欄位說明僅存於新北市統計年報）,26.0
109,,,,,,,欄位未定義,0.0,,教育,新北市政府主計處,幼兒托育,2020,itemvalue5,是（欄位說明僅存於新北市統計年報）,1260.0
109,,,,,,,欄位未定義,0.0,,教育,新北市政府主計處,幼兒（稚）園教育,2020,percent2,是（欄位說明僅存於新北市統計年報）,155.0
109,,,,,,,欄位未定義,0.0,,教育,新北市政府主計處,幼兒（稚）園教育,2020,percent3,是（欄位說明僅存於新北市統計年報）,1.7496331414
109,,,,,,,欄位未定義,0.0,,教育,新北市政府主計處,幼兒（稚）園教育,2020,percent4,是（欄位說明僅存於新北市統計年報）,8704.0
109,,,,,,,欄位未定義,0.0,,教育,新北市政府主計處,幼兒（稚）園教育,2020,percent5,是（欄位說明僅存於新北市統計年報）,98.2503668586
109,,,,,,,欄位未定義,0.0,,教育,新北市政府主計處,幼兒（稚）園教育,2020,percent6,是（欄位說明僅存於新北市統計年報）,46593.0
109,,,,,,,欄位未定義,0.0,,教育,新北市政府主計處,幼兒（稚）園教育,2020,percent7,是（欄位說明僅存於新北市統計年報）,52.2278642768
109,,,,,,,欄位未定義,0.0,,教育,新北市政府主計處,幼兒（稚）園教育,2020,percent8,是（欄位說明僅存於新北市統計年報）,42618.0
109,,,,,,,欄位未定義,0.0,,教育,新北市政府主計處,幼兒（稚）園教育,2020,percent9,是（欄位說明僅存於新北市統計年報）,47.7721357232
109,,,,,,,欄位未定義,0.0,,教育,新北市政府主計處,政府教育經費概況,2020,itemvalue2,是（欄位說明僅存於新北市統計年報）,178688.0
109,,,,,,,欄位未定義,0.0,,教育,新北市政府主計處,政府教育經費概況,2020,itemvalue3,是（欄位說明僅存於新北市統計年報）,57816.0
109,,,,,,,欄位未定義,0.0,,教育,新北市政府主計處,政府教育經費概況,2020,itemvalue4,是（欄位說明僅存於新北市統計年報）,32.36
109,,,,,,,欄位未定義,0.0,,教育,新北市政府主計處,政府教育經費概況,2020,itemvalue5,是（欄位說明僅存於新北市統計年報）,168247.0
109,,,,,,,欄位未定義,0.0,,教育,新北市政府主計處,政府教育經費概況,2020,itemvalue6,是（欄位說明僅存於新北市統計年報）,57544.0
109,,,,,,,欄位未定義,0.0,,教育,新北市政府主計處,政府教育經費概況,2020,itemvalue7,是（欄位說明僅存於新北市統計年報）,34.2
109,,,,,,,欄位未定義,0.0,,教育,新北市政府主計處,教育程度,2020,itemvalue2,是（欄位說明僅存於新北市統計年報）,38.3137871554
109,,,,,,,欄位未定義,0.0,,教育,新北市政府主計處,教育程度,2020,itemvalue3,是（欄位說明僅存於新北市統計年報）,34.9426665151
109,,,,,,,欄位未定義,0.0,,教育,新北市政府主計處,教育程度,2020,itemvalue4,是（欄位說明僅存於新北市統計年報）,12.181870241
109,,,,,,,欄位未定義,0.0,,教育,新北市政府主計處,教育程度,2020,itemvalue5,是（欄位說明僅存於新北市統計年報）,11.6233341929
109,,,,,,,欄位未定義,0.0,,教育,新北市政府主計處,教育程度,2020,itemvalue6,是（欄位說明僅存於新北市統計年報）,20.8549144399
109,,,,,,,欄位未定義,0.0,,教育,新北市政府主計處,教育程度,2020,itemvalue7,是（欄位說明僅存於新北市統計年報）,19.8519513272
109,,,,,,,欄位未定義,0.0,,教育,新北市政府主計處,教育程度,2020,itemvalue8,是（欄位說明僅存於新北市統計年報）,9.6337477682
109,,,,,,,欄位未定義,0.0,,教育,新北市政府主計處,教育程度,2020,itemvalue9,是（欄位說明僅存於新北市統計年報）,8.8155013484
109,,,,,,,欄位未定義,0.0,,教育,新北市政府主計處,教育程度,2020,itemvalue10,是（欄位說明僅存於新北市統計年報）,12.4409599121
109,,,,,,,欄位未定義,0.0,,教育,新北市政府主計處,教育程度,2020,itemvalue11,是（欄位說明僅存於新北市統計年報）,12.7629014
109,,,,,,,欄位未定義,0.0,,教育,新北市政府主計處,教育程度,2020,itemvalue12,是（欄位說明僅存於新北市統計年報）,6.3529346037
109,,,,,,,欄位未定義,0.0,,教育,新北市政府主計處,教育程度,2020,itemvalue13,是（欄位說明僅存於新北市統計年報）,10.7043812529
109,,,,,,,欄位未定義,0.0,,教育,新北市政府主計處,教育程度,2020,itemvalue14,是（欄位說明僅存於新北市統計年報）,0.2217858797
109,,,,,,,欄位未定義,0.0,,教育,新北市政府主計處,教育程度,2020,itemvalue15,是（欄位說明僅存於新北市統計年報）,1.2992639635
109,,,,,,,欄位未定義,0.0,,教育,新北市政府主計處,教育程度,2020,itemvalue16,是（欄位說明僅存於新北市統計年報）,99.8646355402
109,,,,,,,欄位未定義,0.0,,教育,新北市政府主計處,教育程度,2020,itemvalue17,是（欄位說明僅存於新北市統計年報）,98.9296001189
109,,,,,,,欄位未定義,0.0,,教育,新北市政府主計處,教育程度,2020,itemvalue18,是（欄位說明僅存於新北市統計年報）,33.4469645973
109,,,,,,,欄位未定義,0.0,,教育,新北市政府主計處,教育程度,2020,itemvalue19,是（欄位說明僅存於新北市統計年報）,31.0080146456
109,,,,,,,欄位未定義,0.0,,教育,新北市政府主計處,特殊教育—特教學校,2020,percent2,是（欄位說明僅存於新北市統計年報）,26.0
109,,,,,,,欄位未定義,0.0,,教育,新北市政府主計處,特殊教育—特教學校,2020,percent3,是（欄位說明僅存於新北市統計年報）,27.0833333333
109,,,,,,,欄位未定義,0.0,,教育,新北市政府主計處,特殊教育—特教學校,2020,percent4,是（欄位說明僅存於新北市統計年報）,70.0
109,,,,,,,欄位未定義,0.0,,教育,新北市政府主計處,特殊教育—特教學校,2020,percent5,是（欄位說明僅存於新北市統計年報）,72.9166666667
109,,,,,,,欄位未定義,0.0,,教育,新北市政府主計處,特殊教育—特教學校,2020,percent6,是（欄位說明僅存於新北市統計年報）,156.0
109,,,,,,,欄位未定義,0.0,,教育,新北市政府主計處,特殊教育—特教學校,2020,percent7,是（欄位說明僅存於新北市統計年報）,60.0
109,,,,,,,欄位未定義,0.0,,教育,新北市政府主計處,特殊教育—特教學校,2020,percent8,是（欄位說明僅存於新北市統計年報）,104.0
109,,,,,,,欄位未定義,0.0,,教育,新北市政府主計處,特殊教育—特教學校,2020,percent9,是（欄位說明僅存於新北市統計年報）,40.0
109,,,,,,,欄位未定義,0.0,,教育,新北市政府主計處,特殊教育—特教學校,2020,percent10,是（欄位說明僅存於新北市統計年報）,1.0
109,,,,,,,欄位未定義,0.0,,教育,新北市政府主計處,特殊教育—特教學校,2020,percent11,是（欄位說明僅存於新北市統計年報）,0.0
109,,,,,,,欄位未定義,0.0,,教育,新北市政府主計處,特殊教育—特教學校,2020,percent12,是（欄位說明僅存於新北市統計年報）,0.0
109,,,,,,,欄位未定義,0.0,,教育,新北市政府主計處,短期補習班概況(98年以後),2020,itemvalue2,是（欄位說明僅存於新北市統計年報）,2770.0
109,,,,,,,欄位未定義,0.0,,教育,新北市政府主計處,短期補習班概況(98年以後),2020,itemvalue3,是（欄位說明僅存於新北市統計年報）,2335.0
109,,,,,,,欄位未定義,0.0,,教育,新北市政府主計處,短期補習班概況(98年以後),2020,itemvalue4,是（欄位說明僅存於新北市統計年報）,1807.0
109,,,,,,,欄位未定義,0.0,,教育,新北市政府主計處,短期補習班概況(98年以後),2020,itemvalue5,是（欄位說明僅存於新北市統計年報）,546.0
109,,,,,,,欄位未定義,0.0,,教育,新北市政府主計處,短期補習班概況(98年以後),2020,itemvalue6,是（欄位說明僅存於新北市統計年報）,2.0
109,,,,,,,欄位未定義,0.0,,教育,新北市政府主計處,短期補習班概況(98年以後),2020,itemvalue7,是（欄位說明僅存於新北市統計年報）,415.0
109,,,,,,,欄位未定義,0.0,,教育,新北市政府主計處,短期補習班概況(98年以後),2020,itemvalue8,是（欄位說明僅存於新北市統計年報）,8.0
109,,,,,,,欄位未定義,0.0,,教育,新北市政府主計處,短期補習班概況(98年以後),2020,itemvalue9,是（欄位說明僅存於新北市統計年報）,25.0
109,,,,,,,欄位未定義,0.0,,教育,新北市政府主計處,短期補習班概況(98年以後),2020,itemvalue10,是（欄位說明僅存於新北市統計年報）,1.0
109,,,,,,,欄位未定義,0.0,,教育,新北市政府主計處,短期補習班概況(98年以後),2020,itemvalue11,是（欄位說明僅存於新北市統計年報）,1.0
109,,,,,,,欄位未定義,0.0,,教育,新北市政府主計處,短期補習班概況(98年以後),2020,itemvalue12,是（欄位說明僅存於新北市統計年報）,2.0
109,,,,,,,欄位未定義,0.0,,教育,新北市政府主計處,短期補習班概況(98年以後),2020,itemvalue13,是（欄位說明僅存於新北市統計年報）,184.0
109,,,,,,,欄位未定義,0.0,,教育,新北市政府主計處,短期補習班概況(98年以後),2020,itemvalue14,是（欄位說明僅存於新北市統計年報）,115.0
109,,,,,,,欄位未定義,0.0,,教育,新北市政府主計處,短期補習班概況(98年以後),2020,itemvalue15,是（欄位說明僅存於新北市統計年報）,63.0
109,,,,,,,欄位未定義,0.0,,教育,新北市政府主計處,短期補習班概況(98年以後),2020,itemvalue16,是（欄位說明僅存於新北市統計年報）,11.0
109,,,,,,,欄位未定義,0.0,,教育,新北市政府主計處,短期補習班概況(98年以後),2020,itemvalue17,是（欄位說明僅存於新北市統計年報）,0.0
109,,,,,,,欄位未定義,0.0,,教育,新北市政府主計處,短期補習班概況(98年以後),2020,itemvalue18,是（欄位說明僅存於新北市統計年報）,0.0
109,,,,,,,欄位未定義,0.0,,教育,新北市政府主計處,短期補習班概況(98年以後),2020,itemvalue19,是（欄位說明僅存於新北市統計年報）,0.0
109,,,,,,,欄位未定義,0.0,,教育,新北市政府主計處,短期補習班概況(98年以後),2020,itemvalue20,是（欄位說明僅存於新北市統計年報）,5.0
109,,,,,,,欄位未定義,0.0,,教育,新北市政府主計處,補習教育,2020,itemvalue2,是（欄位說明僅存於新北市統計年報）,0.0
109,,,,,,,欄位未定義,0.0,,教育,新北市政府主計處,補習教育,2020,itemvalue3,是（欄位說明僅存於新北市統計年報）,0.0
109,,,,,,,欄位未定義,0.0,,教育,新北市政府主計處,補習教育,2020,itemvalue4,是（欄位說明僅存於新北市統計年報）,0.0
109,,,,,,,欄位未定義,0.0,,教育,新北市政府主計處,補習教育,2020,itemvalue5,是（欄位說明僅存於新北市統計年報）,0.0
109,,,,,,,欄位未定義,0.0,,教育,新北市政府主計處,補習教育,2020,itemvalue6,是（欄位說明僅存於新北市統計年報）,2240.0
109,,,,,,,欄位未定義,0.0,,教育,新北市政府主計處,補習教育,2020,itemvalue7,是（欄位說明僅存於新北市統計年報）,29.2161210382
109,,,,,,,欄位未定義,0.0,,教育,新北市政府主計處,補習教育,2020,itemvalue8,是（欄位說明僅存於新北市統計年報）,5427.0
109,,,,,,,欄位未定義,0.0,,教育,新北市政府主計處,補習教育,2020,itemvalue9,是（欄位說明僅存於新北市統計年報）,70.7838789618
109,,,,,,,欄位未定義,0.0,,教育,新北市政府主計處,補習教育,2020,itemvalue10,是（欄位說明僅存於新北市統計年報）,0.0
109,,,,,,,欄位未定義,0.0,,教育,新北市政府主計處,補習教育,2020,itemvalue11,是（欄位說明僅存於新北市統計年報）,0.0
109,,,,,,,欄位未定義,0.0,,教育,新北市政府主計處,補習教育,2020,itemvalue12,是（欄位說明僅存於新北市統計年報）,0.0
109,,,,,,,欄位未定義,0.0,,教育,新北市政府主計處,高等教育,2020,percent2,是（欄位說明僅存於新北市統計年報）,2765.0
109,,,,,,,欄位未定義,0.0,,教育,新北市政府主計處,高等教育,2020,percent3,是（欄位說明僅存於新北市統計年報）,60.916501432
109,,,,,,,欄位未定義,0.0,,教育,新北市政府主計處,高等教育,2020,percent4,是（欄位說明僅存於新北市統計年報）,1774.0
109,,,,,,,欄位未定義,0.0,,教育,新北市政府主計處,高等教育,2020,percent5,是（欄位說明僅存於新北市統計年報）,39.083498568
109,,,,,,,欄位未定義,0.0,,教育,新北市政府主計處,高等教育,2020,percent6,是（欄位說明僅存於新北市統計年報）,66620.0
109,,,,,,,欄位未定義,0.0,,教育,新北市政府主計處,高等教育,2020,percent7,是（欄位說明僅存於新北市統計年報）,47.8832746352
109,,,,,,,欄位未定義,0.0,,教育,新北市政府主計處,高等教育,2020,percent8,是（欄位說明僅存於新北市統計年報）,72510.0
109,,,,,,,欄位未定義,0.0,,教育,新北市政府主計處,高等教育,2020,percent9,是（欄位說明僅存於新北市統計年報）,52.1167253648
109,,,,,,,欄位未定義,0.0,,教育,新北市政府主計處,高級中等教育,2020,itemvalue2,是（欄位說明僅存於新北市統計年報）,2617.0
109,,,,,,,欄位未定義,0.0,,教育,新北市政府主計處,高級中等教育,2020,itemvalue3,是（欄位說明僅存於新北市統計年報）,37.8836132021
109,,,,,,,欄位未定義,0.0,,教育,新北市政府主計處,高級中等教育,2020,itemvalue4,是（欄位說明僅存於新北市統計年報）,4291.0
109,,,,,,,欄位未定義,0.0,,教育,新北市政府主計處,高級中等教育,2020,itemvalue5,是（欄位說明僅存於新北市統計年報）,62.1163867979
109,,,,,,,欄位未定義,0.0,,教育,新北市政府主計處,高級中等教育,2020,itemvalue6,是（欄位說明僅存於新北市統計年報）,19.0
109,,,,,,,欄位未定義,0.0,,教育,新北市政府主計處,高級中等教育,2020,itemvalue7,是（欄位說明僅存於新北市統計年報）,12.0
109,,,,,,,欄位未定義,0.0,,教育,新北市政府主計處,高級中等教育,2020,itemvalue8,是（欄位說明僅存於新北市統計年報）,158.3333333333
109,,,,,,,欄位未定義,0.0,,教育,新北市政府主計處,高級中等教育,2020,itemvalue9,是（欄位說明僅存於新北市統計年報）,29443.0
109,,,,,,,欄位未定義,0.0,,教育,新北市政府主計處,高級中等教育,2020,itemvalue10,是（欄位說明僅存於新北市統計年報）,28635.0
109,,,,,,,欄位未定義,0.0,,教育,新北市政府主計處,高級中等教育,2020,itemvalue11,是（欄位說明僅存於新北市統計年報）,78.0588032557
109,,,,,,,欄位未定義,0.0,,教育,新北市政府主計處,高級中等教育,2020,itemvalue12,是（欄位說明僅存於新北市統計年報）,82.5049701789
109,,,,,,,欄位未定義,0.0,,教育,新北市政府主計處,高級中等教育（續）,2020,itemvalue2,是（欄位說明僅存於新北市統計年報）,20492.0
109,,,,,,,欄位未定義,0.0,,教育,新北市政府主計處,高級中等教育（續）,2020,itemvalue3,是（欄位說明僅存於新北市統計年報）,50.0402920564
109,,,,,,,欄位未定義,0.0,,教育,新北市政府主計處,高級中等教育（續）,2020,itemvalue4,是（欄位說明僅存於新北市統計年報）,20459.0
109,,,,,,,欄位未定義,0.0,,教育,新北市政府主計處,高級中等教育（續）,2020,itemvalue5,是（欄位說明僅存於新北市統計年報）,49.9597079436
109,,,,,,,欄位未定義,0.0,,教育,新北市政府主計處,高級中等教育（續）,2020,itemvalue6,是（欄位說明僅存於新北市統計年報）,15707.0
109,,,,,,,欄位未定義,0.0,,教育,新北市政府主計處,高級中等教育（續）,2020,itemvalue7,是（欄位說明僅存於新北市統計年報）,55.1238857303
109,,,,,,,欄位未定義,0.0,,教育,新北市政府主計處,高級中等教育（續）,2020,itemvalue8,是（欄位說明僅存於新北市統計年報）,12787.0
109,,,,,,,欄位未定義,0.0,,教育,新北市政府主計處,高級中等教育（續）,2020,itemvalue9,是（欄位說明僅存於新北市統計年報）,44.8761142697
109,,,,,,,欄位未定義,0.0,,教育,新北市政府法制局,新北市調解委員會組織概況統計,109,neighborhoodcount,是（欄位說明僅存於新北市統計年報）,29.0
109,,,,,,,欄位未定義,0.0,,教育,新北市政府法制局,新北市調解委員會組織概況統計,109,committeecount_person,是（欄位說明僅存於新北市統計年報）,408.0
109,,,,,,,欄位未定義,0.0,,教育,新北市政府法制局,新北市調解委員會組織概況統計,109,male_person,是（欄位說明僅存於新北市統計年報）,255.0
109,,,,,,,欄位未定義,0.0,,教育,新北市政府法制局,新北市調解委員會組織概況統計,109,female_person,是（欄位說明僅存於新北市統計年報）,153.0
109,,,,,,,欄位未定義,0.0,,教育,新北市政府法制局,新北市調解委員會組織概況統計,109,less40age_person,是（欄位說明僅存於新北市統計年報）,5.0
109,,,,,,,欄位未定義,0.0,,教育,新北市政府法制局,新北市調解委員會組織概況統計,109,40to49age_person,是（欄位說明僅存於新北市統計年報）,22.0
109,,,,,,,欄位未定義,0.0,,教育,新北市政府法制局,新北市調解委員會組織概況統計,109,50to59age_person,是（欄位說明僅存於新北市統計年報）,81.0
109,,,,,,,欄位未定義,0.0,,教育,新北市政府法制局,新北市調解委員會組織概況統計,109,large60age_person,是（欄位說明僅存於新北市統計年報）,300.0
109,,,,,,,欄位未定義,0.0,,教育,新北市政府法制局,新北市調解委員會組織概況統計,109,graduateschoolandgreat_person,是（欄位說明僅存於新北市統計年報）,50.0
109,,,,,,,欄位未定義,0.0,,教育,新北市政府法制局,新北市調解委員會組織概況統計,109,university_person,是（欄位說明僅存於新北市統計年報）,76.0
109,,,,,,,欄位未定義,0.0,,教育,新北市政府法制局,新北市調解委員會組織概況統計,109,college_person,是（欄位說明僅存於新北市統計年報）,64.0
109,,,,,,,欄位未定義,0.0,,教育,新北市政府法制局,新北市調解委員會組織概況統計,109,highschool_person,是（欄位說明僅存於新北市統計年報）,154.0
109,,,,,,,欄位未定義,0.0,,教育,新北市政府法制局,新北市調解委員會組織概況統計,109,juniorhighschool_person,是（欄位說明僅存於新北市統計年報）,49.0
109,,,,,,,欄位未定義,0.0,,教育,新北市政府法制局,新北市調解委員會組織概況統計,109,elementaryschoolandless_person,是（欄位說明僅存於新北市統計年報）,15.0
109,,,,,,,欄位未定義,0.0,,教育,新北市政府法制局,新北市調解委員會組織概況統計,109,agricultureforestryfishinganimalhusbandry_person,是（欄位說明僅存於新北市統計年報）,11.0
109,,,,,,,欄位未定義,0.0,,教育,新北市政府法制局,新北市調解委員會組織概況統計,109,industryservices_person,是（欄位說明僅存於新北市統計年報）,7.0
109,,,,,,,欄位未定義,0.0,,教育,新北市政府法制局,新北市調解委員會組織概況統計,109,business_person,是（欄位說明僅存於新北市統計年報）,120.0
109,,,,,,,欄位未定義,0.0,,教育,新北市政府法制局,新北市調解委員會組織概況統計,109,serviceindustry_person,是（欄位說明僅存於新北市統計年報）,270.0
109,,,,,,,欄位未定義,0.0,,教育,新北市政府法制局,新北市調解委員會組織概況統計,109,civilservice_person,是（欄位說明僅存於新北市統計年報）,178.0
109,,,,,,,欄位未定義,0.0,,教育,新北市政府法制局,新北市調解委員會組織概況統計,109,nocivilservice_person,是（欄位說明僅存於新北市統計年報）,230.0
109,,,,,,,欄位未定義,0.0,,教育,新北市政府法制局,新北市調解委員會組織概況統計,109,less4yearexperience_person,是（欄位說明僅存於新北市統計年報）,95.0
109,,,,,,,欄位未定義,0.0,,教育,新北市政府法制局,新北市調解委員會組織概況統計,109,4to8experienceyear_person,是（欄位說明僅存於新北市統計年報）,57.0
109,,,,,,,欄位未定義,0.0,,教育,新北市政府法制局,新北市調解委員會組織概況統計,109,8to16experienceyear_person,是（欄位說明僅存於新北市統計年報）,169.0
109,,,,,,,欄位未定義,0.0,,教育,新北市政府法制局,新北市調解委員會組織概況統計,109,great16experienceyear_person,是（欄位說明僅存於新北市統計年報）,87.0
109,,,,,,,欄位未定義,0.0,,產業,新北市政府主計處,全國經濟,2020,itemvalue2,是（欄位說明僅存於新北市統計年報）,59.14
109,,,,,,,欄位未定義,0.0,,產業,新北市政府主計處,全國經濟,2020,itemvalue3,是（欄位說明僅存於新北市統計年報）,67.24
109,,,,,,,欄位未定義,0.0,,產業,新北市政府主計處,全國經濟,2020,itemvalue4,是（欄位說明僅存於新北市統計年報）,51.41
109,,,,,,,欄位未定義,0.0,,產業,新北市政府主計處,全國經濟,2020,itemvalue5,是（欄位說明僅存於新北市統計年報）,3.85
109,,,,,,,欄位未定義,0.0,,產業,新北市政府主計處,全國經濟,2020,itemvalue6,是（欄位說明僅存於新北市統計年報）,3.92
109,,,,,,,欄位未定義,0.0,,產業,新北市政府主計處,全國經濟,2020,itemvalue7,是（欄位說明僅存於新北市統計年報）,3.76
109,,,,,,,欄位未定義,0.0,,產業,新北市政府主計處,公司、商業及工廠登記負責人,2020,item value2,是（欄位說明僅存於新北市統計年報）,94871.0
109,,,,,,,欄位未定義,0.0,,產業,新北市政府主計處,公司、商業及工廠登記負責人,2020,item value3,是（欄位說明僅存於新北市統計年報）,69.11
109,,,,,,,欄位未定義,0.0,,產業,新北市政府主計處,公司、商業及工廠登記負責人,2020,item value4,是（欄位說明僅存於新北市統計年報）,42412.0
109,,,,,,,欄位未定義,0.0,,產業,新北市政府主計處,公司、商業及工廠登記負責人,2020,item value5,是（欄位說明僅存於新北市統計年報）,30.89
109,,,,,,,欄位未定義,0.0,,產業,新北市政府主計處,公司、商業及工廠登記負責人,2020,item value6,是（欄位說明僅存於新北市統計年報）,103787.0
109,,,,,,,欄位未定義,0.0,,產業,新北市政府主計處,公司、商業及工廠登記負責人,2020,item value7,是（欄位說明僅存於新北市統計年報）,74.99
109,,,,,,,欄位未定義,0.0,,產業,新北市政府主計處,公司、商業及工廠登記負責人,2020,item value8,是（欄位說明僅存於新北市統計年報）,34610.0
109,,,,,,,欄位未定義,0.0,,產業,新北市政府主計處,公司、商業及工廠登記負責人,2020,item value9,是（欄位說明僅存於新北市統計年報）,25.01
109,,,,,,,欄位未定義,0.0,,產業,新北市政府主計處,公司、商業及工廠登記負責人,2020,item value10,是（欄位說明僅存於新北市統計年報）,14655.0
109,,,,,,,欄位未定義,0.0,,產業,新北市政府主計處,公司、商業及工廠登記負責人,2020,item value11,是（欄位說明僅存於新北市統計年報）,76.27
109,,,,,,,欄位未定義,0.0,,產業,新北市政府主計處,公司、商業及工廠登記負責人,2020,item value12,是（欄位說明僅存於新北市統計年報）,4560.0
109,,,,,,,欄位未定義,0.0,,產業,新北市政府主計處,公司、商業及工廠登記負責人,2020,item value13,是（欄位說明僅存於新北市統計年報）,23.73
109,,,,,,,欄位未定義,0.0,,產業,新北市政府主計處,經濟戶長比重,2020,itemvalue2,是（欄位說明僅存於新北市統計年報）,1088998.0
109,,,,,,,欄位未定義,0.0,,產業,新北市政府主計處,經濟戶長比重,2020,itemvalue3,是（欄位說明僅存於新北市統計年報）,505113.0
109,,,,,,,欄位未定義,0.0,,產業,新北市政府主計處,經濟戶長比重,2020,itemvalue4,是（欄位說明僅存於新北市統計年報）,167233.0
109,,,,,,,欄位未定義,0.0,,產業,新北市政府主計處,經濟戶長比重,2020,itemvalue5,是（欄位說明僅存於新北市統計年報）,151589.0
109,,,,,,,欄位未定義,0.0,,產業,新北市政府主計處,經濟戶長比重,2020,itemvalue6,是（欄位說明僅存於新北市統計年報）,198998.0
109,,,,,,,欄位未定義,0.0,,產業,新北市政府主計處,經濟戶長比重,2020,itemvalue7,是（欄位說明僅存於新北市統計年報）,119824.0
109,,,,,,,欄位未定義,0.0,,產業,新北市政府主計處,經濟戶長比重,2020,itemvalue8,是（欄位說明僅存於新北市統計年報）,226017.0
109,,,,,,,欄位未定義,0.0,,產業,新北市政府主計處,經濟戶長比重,2020,itemvalue9,是（欄位說明僅存於新北市統計年報）,92805.0
109,,,,,,,欄位未定義,0.0,,產業,新北市政府主計處,經濟戶長比重,2020,itemvalue10,是（欄位說明僅存於新北市統計年報）,234993.0
109,,,,,,,欄位未定義,0.0,,產業,新北市政府主計處,經濟戶長比重,2020,itemvalue11,是（欄位說明僅存於新北市統計年報）,83829.0
109,,,,,,,欄位未定義,0.0,,產業,新北市政府主計處,經濟戶長比重,2020,itemvalue12,是（欄位說明僅存於新北市統計年報）,261757.0
109,,,,,,,欄位未定義,0.0,,產業,新北市政府主計處,經濟戶長比重,2020,itemvalue13,是（欄位說明僅存於新北市統計年報）,57066.0
109,,,,,,,欄位未定義,0.0,,社會參與,新北市政府主計處,客家文化,2020,itemvalue2,是（欄位說明僅存於新北市統計年報）,575.0
109,,,,,,,欄位未定義,0.0,,社會參與,新北市政府主計處,客家文化,2020,itemvalue3,是（欄位說明僅存於新北市統計年報）,52.4635036496
109,,,,,,,欄位未定義,0.0,,社會參與,新北市政府主計處,客家文化,2020,itemvalue4,是（欄位說明僅存於新北市統計年報）,521.0
109,,,,,,,欄位未定義,0.0,,社會參與,新北市政府主計處,客家文化,2020,itemvalue5,是（欄位說明僅存於新北市統計年報）,47.5364963504
109,,,,,,,欄位未定義,0.0,,社會參與,新北市政府主計處,客家文化,2020,itemvalue6,是（欄位說明僅存於新北市統計年報）,28.0
109,,,,,,,欄位未定義,0.0,,社會參與,新北市政府主計處,客家文化,2020,itemvalue7,是（欄位說明僅存於新北市統計年報）,35.4430379747
109,,,,,,,欄位未定義,0.0,,社會參與,新北市政府主計處,客家文化,2020,itemvalue8,是（欄位說明僅存於新北市統計年報）,51.0
109,,,,,,,欄位未定義,0.0,,社會參與,新北市政府主計處,客家文化,2020,itemvalue9,是（欄位說明僅存於新北市統計年報）,64.5569620253
109,,,,,,,欄位未定義,0.0,,社會參與,新北市政府主計處,客家文化,2020,itemvalue10,是（欄位說明僅存於新北市統計年報）,63.0
109,,,,,,,欄位未定義,0.0,,社會參與,新北市政府主計處,客家文化,2020,itemvalue11,是（欄位說明僅存於新北市統計年報）,60.5769230769
109,,,,,,,欄位未定義,0.0,,社會參與,新北市政府主計處,客家文化,2020,itemvalue12,是（欄位說明僅存於新北市統計年報）,41.0
109,,,,,,,欄位未定義,0.0,,社會參與,新北市政府主計處,客家文化,2020,itemvalue13,是（欄位說明僅存於新北市統計年報）,39.4230769231
109,,,,,,,欄位未定義,0.0,,社會參與,新北市政府主計處,市民文化,2020,itemvalue2,是（欄位說明僅存於新北市統計年報）,1494699.0
109,,,,,,,欄位未定義,0.0,,社會參與,新北市政府主計處,市民文化,2020,itemvalue3,是（欄位說明僅存於新北市統計年報）,2085444.0
109,,,,,,,欄位未定義,0.0,,社會參與,新北市政府主計處,市民文化,2020,itemvalue4,是（欄位說明僅存於新北市統計年報）,3200023.0
109,,,,,,,欄位未定義,0.0,,社會參與,新北市政府主計處,市民文化,2020,itemvalue5,是（欄位說明僅存於新北市統計年報）,5698521.0
109,,,,,,,欄位未定義,0.0,,社會參與,新北市政府主計處,市民文化,2020,itemvalue6,是（欄位說明僅存於新北市統計年報）,428.0
109,,,,,,,欄位未定義,0.0,,社會參與,新北市政府主計處,市民文化,2020,itemvalue7,是（欄位說明僅存於新北市統計年報）,1982.0
109,,,,,,,欄位未定義,0.0,,社會參與,新北市政府主計處,市民文化,2020,itemvalue8,是（欄位說明僅存於新北市統計年報）,0.0
109,,,,,,,欄位未定義,0.0,,社會參與,新北市政府主計處,市民文化,2020,itemvalue9,是（欄位說明僅存於新北市統計年報）,0.0
109,,,,,,,欄位未定義,0.0,,社會參與,新北市政府主計處,市民文化,2020,itemvalue10,是（欄位說明僅存於新北市統計年報）,0.0
109,,,,,,,欄位未定義,0.0,,社會參與,新北市政府主計處,市民文化,2020,itemvalue11,是（欄位說明僅存於新北市統計年報）,1.0
109,,,,,,,欄位未定義,0.0,,社會參與,新北市政府主計處,市民文化,2020,itemvalue12,是（欄位說明僅存於新北市統計年報）,8.0
109,,,,,,,欄位未定義,0.0,,社會參與,新北市政府主計處,市民文化,2020,itemvalue13,是（欄位說明僅存於新北市統計年報）,28.0
109,,,,,,,欄位未定義,0.0,,社會參與,新北市政府主計處,市民文化,2020,itemvalue14,是（欄位說明僅存於新北市統計年報）,24.0
109,,,,,,,欄位未定義,0.0,,社會參與,新北市政府主計處,市民文化,2020,itemvalue15,是（欄位說明僅存於新北市統計年報）,312.0
109,,,,,,,欄位未定義,0.0,,社會參與,新北市政府主計處,市民文化,2020,itemvalue16,是（欄位說明僅存於新北市統計年報）,15.0
109,,,,,,,欄位未定義,0.0,,社會參與,新北市政府主計處,市民文化,2020,itemvalue17,是（欄位說明僅存於新北市統計年報）,484.0
109,,,,,,,欄位未定義,0.0,,社會參與,新北市政府主計處,市民文化,2020,itemvalue18,是（欄位說明僅存於新北市統計年報）,138.0
109,,,,,,,欄位未定義,0.0,,社會參與,新北市政府主計處,市民文化,2020,itemvalue19,是（欄位說明僅存於新北市統計年報）,757.0
109,,,,,,,欄位未定義,0.0,,社會參與,新北市政府主計處,市民文化,2020,itemvalue20,是（欄位說明僅存於新北市統計年報）,243.0
109,,,,,,,欄位未定義,0.0,,社會參與,新北市政府主計處,市民文化,2020,itemvalue21,是（欄位說明僅存於新北市統計年報）,400.0
109,,,,,,,欄位未定義,0.0,,社會參與,新北市政府主計處,社會局所轄志工,2020,percent2,是（欄位說明僅存於新北市統計年報）,344.0
109,,,,,,,欄位未定義,0.0,,社會參與,新北市政府主計處,社會局所轄志工,2020,percent3,是（欄位說明僅存於新北市統計年報）,116.0
109,,,,,,,欄位未定義,0.0,,社會參與,新北市政府主計處,社會局所轄志工,2020,percent4,是（欄位說明僅存於新北市統計年報）,14234.0
109,,,,,,,欄位未定義,0.0,,社會參與,新北市政府主計處,社會局所轄志工,2020,percent5,是（欄位說明僅存於新北市統計年報）,36198.0
109,,,,,,,欄位未定義,0.0,,社會參與,新北市政府主計處,社會局所轄志工,2020,percent6,是（欄位說明僅存於新北市統計年報）,94.0
109,,,,,,,欄位未定義,0.0,,社會參與,新北市政府主計處,社會局所轄志工,2020,percent7,是（欄位說明僅存於新北市統計年報）,182.0
109,,,,,,,欄位未定義,0.0,,社會參與,新北市政府主計處,社會局所轄志工,2020,percent8,是（欄位說明僅存於新北市統計年報）,192.0
109,,,,,,,欄位未定義,0.0,,社會參與,新北市政府主計處,社會局所轄志工,2020,percent9,是（欄位說明僅存於新北市統計年報）,341.0
109,,,,,,,欄位未定義,0.0,,社會參與,新北市政府主計處,社會局所轄志工,2020,percent10,是（欄位說明僅存於新北市統計年報）,804.0
109,,,,,,,欄位未定義,0.0,,社會參與,新北市政府主計處,社會局所轄志工,2020,percent11,是（欄位說明僅存於新北市統計年報）,1326.0
109,,,,,,,欄位未定義,0.0,,社會參與,新北市政府主計處,社會局所轄志工,2020,percent12,是（欄位說明僅存於新北市統計年報）,1797.0
109,,,,,,,欄位未定義,0.0,,社會參與,新北市政府主計處,社會局所轄志工,2020,percent13,是（欄位說明僅存於新北市統計年報）,4064.0
109,,,,,,,欄位未定義,0.0,,社會參與,新北市政府主計處,社會局所轄志工,2020,percent14,是（欄位說明僅存於新北市統計年報）,5850.0
109,,,,,,,欄位未定義,0.0,,社會參與,新北市政府主計處,社會局所轄志工,2020,percent15,是（欄位說明僅存於新北市統計年報）,16707.0
109,,,,,,,欄位未定義,0.0,,社會參與,新北市政府主計處,社會局所轄志工,2020,percent16,是（欄位說明僅存於新北市統計年報）,5497.0
109,,,,,,,欄位未定義,0.0,,社會參與,新北市政府主計處,社會局所轄志工,2020,percent17,是（欄位說明僅存於新北市統計年報）,13578.0
109,,,,,,,欄位未定義,0.0,,社福,新北市政府主計處,中低收入戶人數及生活扶助,2020,itemvalue2,是（欄位說明僅存於新北市統計年報）,10535.0
109,,,,,,,欄位未定義,0.0,,社福,新北市政府主計處,中低收入戶人數及生活扶助,2020,itemvalue3,是（欄位說明僅存於新北市統計年報）,0.6556452707
109,,,,,,,欄位未定義,0.0,,社福,新北市政府主計處,中低收入戶人數及生活扶助,2020,itemvalue4,是（欄位說明僅存於新北市統計年報）,27905.0
109,,,,,,,欄位未定義,0.0,,社福,新北市政府主計處,中低收入戶人數及生活扶助,2020,itemvalue5,是（欄位說明僅存於新北市統計年報）,0.692267885
109,,,,,,,欄位未定義,0.0,,社福,新北市政府主計處,中低收入戶人數及生活扶助,2020,itemvalue6,是（欄位說明僅存於新北市統計年報）,0.0
109,,,,,,,欄位未定義,0.0,,社福,新北市政府主計處,中低收入戶人數及生活扶助,2020,itemvalue7,是（欄位說明僅存於新北市統計年報）,0.0
109,,,,,,,欄位未定義,0.0,,社福,新北市政府主計處,中低收入戶人數及生活扶助,2020,itemvalue8,是（欄位說明僅存於新北市統計年報）,491.0
109,,,,,,,欄位未定義,0.0,,社福,新北市政府主計處,中低收入戶人數及生活扶助,2020,itemvalue9,是（欄位說明僅存於新北市統計年報）,2402.155
109,,,,,,,欄位未定義,0.0,,社福,新北市政府主計處,中低收入戶人數及生活扶助,2020,itemvalue10,是（欄位說明僅存於新北市統計年報）,0.0
109,,,,,,,欄位未定義,0.0,,社福,新北市政府主計處,中低收入戶人數及生活扶助,2020,itemvalue11,是（欄位說明僅存於新北市統計年報）,0.0
109,,,,,,,欄位未定義,0.0,,社福,新北市政府主計處,中低收入戶人數及生活扶助,2020,itemvalue12,是（欄位說明僅存於新北市統計年報）,25.0
109,,,,,,,欄位未定義,0.0,,社福,新北市政府主計處,中低收入戶人數及生活扶助,2020,itemvalue13,是（欄位說明僅存於新北市統計年報）,192.0
109,,,,,,,欄位未定義,0.0,,社福,新北市政府主計處,中低收入戶人數及生活扶助,2020,itemvalue14,是（欄位說明僅存於新北市統計年報）,0.0
109,,,,,,,欄位未定義,0.0,,社福,新北市政府主計處,中低收入戶人數及生活扶助,2020,itemvalue15,是（欄位說明僅存於新北市統計年報）,0.0
109,,,,,,,欄位未定義,0.0,,社福,新北市政府主計處,中低收入戶人數及生活扶助,2020,itemvalue16,是（欄位說明僅存於新北市統計年報）,0.0
109,,,,,,,欄位未定義,0.0,,社福,新北市政府主計處,中低收入戶人數及生活扶助,2020,itemvalue17,是（欄位說明僅存於新北市統計年報）,0.0
109,,,,,,,欄位未定義,0.0,,社福,新北市政府主計處,中低收入戶人數及生活扶助,2020,itemvalue18,是（欄位說明僅存於新北市統計年報）,0.0
109,,,,,,,欄位未定義,0.0,,社福,新北市政府主計處,中低收入戶人數及生活扶助,2020,itemvalue19,是（欄位說明僅存於新北市統計年報）,0.0
109,,,,,,,欄位未定義,0.0,,社福,新北市政府主計處,中低收入戶人數及生活扶助,2020,itemvalue20,是（欄位說明僅存於新北市統計年報）,54.0
109,,,,,,,欄位未定義,0.0,,社福,新北市政府主計處,中低收入戶人數及生活扶助,2020,itemvalue21,是（欄位說明僅存於新北市統計年報）,0.0
109,,,,,,,欄位未定義,0.0,,社福,新北市政府主計處,中低收入戶人數及生活扶助,2020,itemvalue22,是（欄位說明僅存於新北市統計年報）,522.0
109,,,,,,,欄位未定義,0.0,,社福,新北市政府主計處,中低收入戶人數及生活扶助,2020,itemvalue23,是（欄位說明僅存於新北市統計年報）,12486.163
109,,,,,,,欄位未定義,0.0,,社福,新北市政府主計處,中低收入老人生活津貼與老農津貼,2020,item value2,是（欄位說明僅存於新北市統計年報）,18446.0
109,,,,,,,欄位未定義,0.0,,社福,新北市政府主計處,中低收入老人生活津貼與老農津貼,2020,item value3,是（欄位說明僅存於新北市統計年報）,8998.0
109,,,,,,,欄位未定義,0.0,,社福,新北市政府主計處,中低收入老人生活津貼與老農津貼,2020,item value4,是（欄位說明僅存於新北市統計年報）,9448.0
109,,,,,,,欄位未定義,0.0,,社福,新北市政府主計處,中低收入老人生活津貼與老農津貼,2020,item value5,是（欄位說明僅存於新北市統計年報）,1522910.327
109,,,,,,,欄位未定義,0.0,,社福,新北市政府主計處,中低收入老人生活津貼與老農津貼,2020,item value6,是（欄位說明僅存於新北市統計年報）,26.0
109,,,,,,,欄位未定義,0.0,,社福,新北市政府主計處,中低收入老人生活津貼與老農津貼,2020,item value7,是（欄位說明僅存於新北市統計年報）,22.0
109,,,,,,,欄位未定義,0.0,,社福,新北市政府主計處,中低收入老人生活津貼與老農津貼,2020,item value8,是（欄位說明僅存於新北市統計年報）,4.0
109,,,,,,,欄位未定義,0.0,,社福,新北市政府主計處,中低收入老人生活津貼與老農津貼,2020,item value9,是（欄位說明僅存於新北市統計年報）,2631.71
109,,,,,,,欄位未定義,0.0,,社福,新北市政府主計處,中低收入老人生活津貼與老農津貼,2020,item value10,是（欄位說明僅存於新北市統計年報）,309.0
109,,,,,,,欄位未定義,0.0,,社福,新北市政府主計處,中低收入老人生活津貼與老農津貼,2020,item value11,是（欄位說明僅存於新北市統計年報）,242.0
109,,,,,,,欄位未定義,0.0,,社福,新北市政府主計處,中低收入老人生活津貼與老農津貼,2020,item value12,是（欄位說明僅存於新北市統計年報）,67.0
109,,,,,,,欄位未定義,0.0,,社福,新北市政府主計處,中低收入老人生活津貼與老農津貼,2020,item value13,是（欄位說明僅存於新北市統計年報）,29573.92
109,,,,,,,欄位未定義,0.0,,社福,新北市政府主計處,中低收入老人生活津貼與老農津貼,2020,item value14,是（欄位說明僅存於新北市統計年報）,2143.0
109,,,,,,,欄位未定義,0.0,,社福,新北市政府主計處,中低收入老人生活津貼與老農津貼,2020,item value15,是（欄位說明僅存於新北市統計年報）,1384.0
109,,,,,,,欄位未定義,0.0,,社福,新北市政府主計處,中低收入老人生活津貼與老農津貼,2020,item value16,是（欄位說明僅存於新北市統計年報）,759.0
109,,,,,,,欄位未定義,0.0,,社福,新北市政府主計處,中低收入老人生活津貼與老農津貼,2020,item value17,是（欄位說明僅存於新北市統計年報）,193455.877
109,,,,,,,欄位未定義,0.0,,社福,新北市政府主計處,中低收入老人生活津貼與老農津貼,2020,item value18,是（欄位說明僅存於新北市統計年報）,13362.0
109,,,,,,,欄位未定義,0.0,,社福,新北市政府主計處,中低收入老人生活津貼與老農津貼,2020,item value19,是（欄位說明僅存於新北市統計年報）,6031.0
109,,,,,,,欄位未定義,0.0,,社福,新北市政府主計處,中低收入老人生活津貼與老農津貼,2020,item value20,是（欄位說明僅存於新北市統計年報）,7331.0
109,,,,,,,欄位未定義,0.0,,社福,新北市政府主計處,中低收入老人生活津貼與老農津貼,2020,item value21,是（欄位說明僅存於新北市統計年報）,1188498.594
109,,,,,,,欄位未定義,0.0,,社福,新北市政府主計處,中低收入老人生活津貼與老農津貼,2020,item value22,是（欄位說明僅存於新北市統計年報）,2606.0
109,,,,,,,欄位未定義,0.0,,社福,新北市政府主計處,中低收入老人生活津貼與老農津貼,2020,item value23,是（欄位說明僅存於新北市統計年報）,1319.0
109,,,,,,,欄位未定義,0.0,,社福,新北市政府主計處,中低收入老人生活津貼與老農津貼,2020,item value24,是（欄位說明僅存於新北市統計年報）,1287.0
109,,,,,,,欄位未定義,0.0,,社福,新北市政府主計處,中低收入老人生活津貼與老農津貼,2020,item value25,是（欄位說明僅存於新北市統計年報）,108750.226
109,,,,,,,欄位未定義,0.0,,社福,新北市政府主計處,中低收入老人生活津貼與老農津貼,2020,item value26,是（欄位說明僅存於新北市統計年報）,19844.0
109,,,,,,,欄位未定義,0.0,,社福,新北市政府主計處,中低收入老人生活津貼與老農津貼,2020,item value27,是（欄位說明僅存於新北市統計年報）,8889.0
109,,,,,,,欄位未定義,0.0,,社福,新北市政府主計處,中低收入老人生活津貼與老農津貼,2020,item value28,是（欄位說明僅存於新北市統計年報）,10955.0
109,,,,,,,欄位未定義,0.0,,社福,新北市政府主計處,中低收入老人生活津貼與老農津貼,2020,item value29,是（欄位說明僅存於新北市統計年報）,1807996.065
109,,,,,,,欄位未定義,0.0,,社福,新北市政府主計處,身心障礙,2020,percent2,是（欄位說明僅存於新北市統計年報）,97046.0
109,,,,,,,欄位未定義,0.0,,社福,新北市政府主計處,身心障礙,2020,percent3,是（欄位說明僅存於新北市統計年報）,76349.0
109,,,,,,,欄位未定義,0.0,,社福,新北市政府主計處,身心障礙,2020,percent4,是（欄位說明僅存於新北市統計年報）,1199.0
109,,,,,,,欄位未定義,0.0,,社福,新北市政府主計處,身心障礙,2020,percent5,是（欄位說明僅存於新北市統計年報）,606.0
109,,,,,,,欄位未定義,0.0,,社福,新北市政府主計處,身心障礙,2020,percent6,是（欄位說明僅存於新北市統計年報）,2384.0
109,,,,,,,欄位未定義,0.0,,社福,新北市政府主計處,身心障礙,2020,percent7,是（欄位說明僅存於新北市統計年報）,1041.0
109,,,,,,,欄位未定義,0.0,,社福,新北市政府主計處,身心障礙,2020,percent8,是（欄位說明僅存於新北市統計年報）,1261.0
109,,,,,,,欄位未定義,0.0,,社福,新北市政府主計處,身心障礙,2020,percent9,是（欄位說明僅存於新北市統計年報）,580.0
109,,,,,,,欄位未定義,0.0,,社福,新北市政府主計處,身心障礙,2020,percent10,是（欄位說明僅存於新北市統計年報）,1351.0
109,,,,,,,欄位未定義,0.0,,社福,新北市政府主計處,身心障礙,2020,percent11,是（欄位說明僅存於新北市統計年報）,732.0
109,,,,,,,欄位未定義,0.0,,社福,新北市政府主計處,身心障礙,2020,percent12,是（欄位說明僅存於新北市統計年報）,7208.0
109,,,,,,,欄位未定義,0.0,,社福,新北市政府主計處,身心障礙,2020,percent13,是（欄位說明僅存於新北市統計年報）,4377.0
109,,,,,,,欄位未定義,0.0,,社福,新北市政府主計處,身心障礙,2020,percent14,是（欄位說明僅存於新北市統計年報）,13183.0
109,,,,,,,欄位未定義,0.0,,社福,新北市政府主計處,身心障礙,2020,percent15,是（欄位說明僅存於新北市統計年報）,8995.0
109,,,,,,,欄位未定義,0.0,,社福,新北市政府主計處,身心障礙,2020,percent16,是（欄位說明僅存於新北市統計年報）,23454.0
109,,,,,,,欄位未定義,0.0,,社福,新北市政府主計處,身心障礙,2020,percent17,是（欄位說明僅存於新北市統計年報）,16140.0
109,,,,,,,欄位未定義,0.0,,社福,新北市政府主計處,身心障礙,2020,percent18,是（欄位說明僅存於新北市統計年報）,11532.0
109,,,,,,,欄位未定義,0.0,,社福,新北市政府主計處,身心障礙,2020,percent19,是（欄位說明僅存於新北市統計年報）,8513.0
109,,,,,,,欄位未定義,0.0,,社福,新北市政府主計處,身心障礙,2020,percent20,是（欄位說明僅存於新北市統計年報）,35474.0
109,,,,,,,欄位未定義,0.0,,社福,新北市政府主計處,身心障礙,2020,percent21,是（欄位說明僅存於新北市統計年報）,35365.0
109,,,,,,,欄位未定義,0.0,,社福,新北市政府主計處,身心障礙,2020,percent22,是（欄位說明僅存於新北市統計年報）,4.9303098272
109,,,,,,,欄位未定義,0.0,,社福,新北市政府主計處,身心障礙,2020,percent23,是（欄位說明僅存於新北市統計年報）,3.7015920206
109,,,,,,,欄位未定義,0.0,,社福,新北市政府主計處,身心障礙福利,2020,itemvalue2,是（欄位說明僅存於新北市統計年報）,1966.0
109,,,,,,,欄位未定義,0.0,,社福,新北市政府主計處,身心障礙福利,2020,itemvalue3,是（欄位說明僅存於新北市統計年報）,1140.0
109,,,,,,,欄位未定義,0.0,,社福,新北市政府主計處,身心障礙福利,2020,itemvalue4,是（欄位說明僅存於新北市統計年報）,687.0
109,,,,,,,欄位未定義,0.0,,社福,新北市政府主計處,身心障礙福利,2020,itemvalue5,是（欄位說明僅存於新北市統計年報）,6743.0
109,,,,,,,欄位未定義,0.0,,社福,新北市政府主計處,身心障礙福利,2020,itemvalue6,是（欄位說明僅存於新北市統計年報）,3526.0
109,,,,,,,欄位未定義,0.0,,社福,新北市政府主計處,身心障礙福利,2020,itemvalue7,是（欄位說明僅存於新北市統計年報）,357382.0
109,,,,,,,欄位未定義,0.0,,社福,新北市政府主計處,身心障礙福利,2020,itemvalue8,是（欄位說明僅存於新北市統計年報）,239604.0
109,,,,,,,欄位未定義,0.0,,社福,新北市政府主計處,身心障礙福利,2020,itemvalue9,是（欄位說明僅存於新北市統計年報）,14120.0
109,,,,,,,欄位未定義,0.0,,社福,新北市政府主計處,身心障礙福利,2020,itemvalue10,是（欄位說明僅存於新北市統計年報）,6076.0
109,,,,,,,欄位未定義,0.0,,社福,新北市政府主計處,身心障礙福利,2020,itemvalue11,是（欄位說明僅存於新北市統計年報）,3311.0
109,,,,,,,欄位未定義,0.0,,社福,新北市政府主計處,身心障礙福利,2020,itemvalue12,是（欄位說明僅存於新北市統計年報）,2358.0
109,,,,,,,欄位未定義,0.0,,社福,新北市政府主計處,身心障礙福利服務概況,2020,itemvalue2,是（欄位說明僅存於新北市統計年報）,28.0
109,,,,,,,欄位未定義,0.0,,社福,新北市政府主計處,身心障礙福利服務概況,2020,itemvalue3,是（欄位說明僅存於新北市統計年報）,1827.0
109,,,,,,,欄位未定義,0.0,,社福,新北市政府主計處,身心障礙福利服務概況,2020,itemvalue4,是（欄位說明僅存於新北市統計年報）,1140.0
109,,,,,,,欄位未定義,0.0,,社福,新北市政府主計處,身心障礙福利服務概況,2020,itemvalue5,是（欄位說明僅存於新北市統計年報）,687.0
109,,,,,,,欄位未定義,0.0,,社福,新北市政府主計處,身心障礙福利服務概況,2020,itemvalue6,是（欄位說明僅存於新北市統計年報）,596986.0
109,,,,,,,欄位未定義,0.0,,社福,新北市政府主計處,身心障礙福利服務概況,2020,itemvalue7,是（欄位說明僅存於新北市統計年報）,3042452.406
109,,,,,,,欄位未定義,0.0,,社福,新北市政府主計處,身心障礙福利服務概況,2020,itemvalue8,是（欄位說明僅存於新北市統計年報）,10958.0
109,,,,,,,欄位未定義,0.0,,社福,新北市政府主計處,身心障礙福利服務概況,2020,itemvalue9,是（欄位說明僅存於新北市統計年報）,105172.211
109,,,,,,,欄位未定義,0.0,,社福,新北市政府主計處,身心障礙福利服務概況,2020,itemvalue10,是（欄位說明僅存於新北市統計年報）,8533.0
109,,,,,,,欄位未定義,0.0,,社福,新北市政府主計處,身心障礙福利服務概況,2020,itemvalue11,是（欄位說明僅存於新北市統計年報）,1403206.601
