民國年,月,區代碼,行政區,年齡標籤,年齡下限,年齡上限,青年關係,青年權重,性別,方向,對象地區,人數
111,1,1,板橋區,,,,無年齡維度,0.0,女,遷入,migrants,776
111,1,1,板橋區,,,,無年齡維度,0.0,男,遷入,migrants,631
111,1,1,板橋區,,,,無年齡維度,0.0,女,遷入,other,0
111,1,1,板橋區,,,,無年齡維度,0.0,男,遷入,other,0
111,1,1,板橋區,,,,無年齡維度,0.0,女,遷入,其他縣市,0
111,1,1,板橋區,,,,無年齡維度,0.0,男,遷入,其他縣市,0
111,1,1,板橋區,,,,無年齡維度,0.0,女,遷入,其他鄉鎮,429
111,1,1,板橋區,,,,無年齡維度,0.0,男,遷入,其他鄉鎮,336
111,1,1,板橋區,,,,無年齡維度,0.0,女,遷入,合計,981
111,1,1,板橋區,,,,無年齡維度,0.0,男,遷入,合計,832
111,1,1,板橋區,,,,無年齡維度,0.0,女,遷入,國外,35
111,1,1,板橋區,,,,無年齡維度,0.0,男,遷入,國外,31
111,1,1,板橋區,,,,無年齡維度,0.0,女,遷入,新北市內,0
111,1,1,板橋區,,,,無年齡維度,0.0,男,遷入,新北市內,0
111,1,1,板橋區,,,,無年齡維度,0.0,女,遷入,桃園市,75
111,1,1,板橋區,,,,無年齡維度,0.0,男,遷入,桃園市,44
111,1,1,板橋區,,,,無年齡維度,0.0,女,遷入,福建省,3
111,1,1,板橋區,,,,無年齡維度,0.0,男,遷入,福建省,5
111,1,1,板橋區,,,,無年齡維度,0.0,女,遷入,臺中市,23
111,1,1,板橋區,,,,無年齡維度,0.0,男,遷入,臺中市,23
111,1,1,板橋區,,,,無年齡維度,0.0,女,遷入,臺北市,261
111,1,1,板橋區,,,,無年齡維度,0.0,男,遷入,臺北市,248
111,1,1,板橋區,,,,無年齡維度,0.0,女,遷入,臺南市,23
111,1,1,板橋區,,,,無年齡維度,0.0,男,遷入,臺南市,13
111,1,1,板橋區,,,,無年齡維度,0.0,女,遷入,臺灣省,91
111,1,1,板橋區,,,,無年齡維度,0.0,男,遷入,臺灣省,98
111,1,1,板橋區,,,,無年齡維度,0.0,女,遷入,高雄市,29
111,1,1,板橋區,,,,無年齡維度,0.0,男,遷入,高雄市,24
111,1,1,板橋區,,,,無年齡維度,0.0,女,遷出,migrants,776
111,1,1,板橋區,,,,無年齡維度,0.0,男,遷出,migrants,631
111,1,1,板橋區,,,,無年齡維度,0.0,女,遷出,other,0
111,1,1,板橋區,,,,無年齡維度,0.0,男,遷出,other,0
111,1,1,板橋區,,,,無年齡維度,0.0,女,遷出,其他縣市,0
111,1,1,板橋區,,,,無年齡維度,0.0,男,遷出,其他縣市,0
111,1,1,板橋區,,,,無年齡維度,0.0,女,遷出,其他鄉鎮,444
111,1,1,板橋區,,,,無年齡維度,0.0,男,遷出,其他鄉鎮,363
111,1,1,板橋區,,,,無年齡維度,0.0,女,遷出,合計,1264
111,1,1,板橋區,,,,無年齡維度,0.0,男,遷出,合計,1020
111,1,1,板橋區,,,,無年齡維度,0.0,女,遷出,國外,367
111,1,1,板橋區,,,,無年齡維度,0.0,男,遷出,國外,299
111,1,1,板橋區,,,,無年齡維度,0.0,女,遷出,新北市內,0
111,1,1,板橋區,,,,無年齡維度,0.0,男,遷出,新北市內,0
111,1,1,板橋區,,,,無年齡維度,0.0,女,遷出,桃園市,108
111,1,1,板橋區,,,,無年齡維度,0.0,男,遷出,桃園市,68
111,1,1,板橋區,,,,無年齡維度,0.0,女,遷出,福建省,6
111,1,1,板橋區,,,,無年齡維度,0.0,男,遷出,福建省,7
111,1,1,板橋區,,,,無年齡維度,0.0,女,遷出,臺中市,35
111,1,1,板橋區,,,,無年齡維度,0.0,男,遷出,臺中市,24
111,1,1,板橋區,,,,無年齡維度,0.0,女,遷出,臺北市,124
111,1,1,板橋區,,,,無年齡維度,0.0,男,遷出,臺北市,113
111,1,1,板橋區,,,,無年齡維度,0.0,女,遷出,臺南市,17
111,1,1,板橋區,,,,無年齡維度,0.0,男,遷出,臺南市,11
111,1,1,板橋區,,,,無年齡維度,0.0,女,遷出,臺灣省,135
111,1,1,板橋區,,,,無年齡維度,0.0,男,遷出,臺灣省,118
111,1,1,板橋區,,,,無年齡維度,0.0,女,遷出,高雄市,28
111,1,1,板橋區,,,,無年齡維度,0.0,男,遷出,高雄市,16
111,1,2,三重區,,,,無年齡維度,0.0,女,遷入,migrants,448
111,1,2,三重區,,,,無年齡維度,0.0,男,遷入,migrants,402
111,1,2,三重區,,,,無年齡維度,0.0,女,遷入,other,0
111,1,2,三重區,,,,無年齡維度,0.0,男,遷入,other,0
111,1,2,三重區,,,,無年齡維度,0.0,女,遷入,其他縣市,0
111,1,2,三重區,,,,無年齡維度,0.0,男,遷入,其他縣市,0
111,1,2,三重區,,,,無年齡維度,0.0,女,遷入,其他鄉鎮,218
111,1,2,三重區,,,,無年齡維度,0.0,男,遷入,其他鄉鎮,166
111,1,2,三重區,,,,無年齡維度,0.0,女,遷入,合計,704
111,1,2,三重區,,,,無年齡維度,0.0,男,遷入,合計,545
111,1,2,三重區,,,,無年齡維度,0.0,女,遷入,國外,32
111,1,2,三重區,,,,無年齡維度,0.0,男,遷入,國外,19
111,1,2,三重區,,,,無年齡維度,0.0,女,遷入,新北市內,0
111,1,2,三重區,,,,無年齡維度,0.0,男,遷入,新北市內,0
111,1,2,三重區,,,,無年齡維度,0.0,女,遷入,桃園市,47
111,1,2,三重區,,,,無年齡維度,0.0,男,遷入,桃園市,35
111,1,2,三重區,,,,無年齡維度,0.0,女,遷入,福建省,0
111,1,2,三重區,,,,無年齡維度,0.0,男,遷入,福建省,3
111,1,2,三重區,,,,無年齡維度,0.0,女,遷入,臺中市,29
111,1,2,三重區,,,,無年齡維度,0.0,男,遷入,臺中市,19
111,1,2,三重區,,,,無年齡維度,0.0,女,遷入,臺北市,252
111,1,2,三重區,,,,無年齡維度,0.0,男,遷入,臺北市,245
111,1,2,三重區,,,,無年齡維度,0.0,女,遷入,臺南市,10
111,1,2,三重區,,,,無年齡維度,0.0,男,遷入,臺南市,6
111,1,2,三重區,,,,無年齡維度,0.0,女,遷入,臺灣省,76
111,1,2,三重區,,,,無年齡維度,0.0,男,遷入,臺灣省,38
111,1,2,三重區,,,,無年齡維度,0.0,女,遷入,高雄市,29
111,1,2,三重區,,,,無年齡維度,0.0,男,遷入,高雄市,10
111,1,2,三重區,,,,無年齡維度,0.0,女,遷出,migrants,448
111,1,2,三重區,,,,無年齡維度,0.0,男,遷出,migrants,402
111,1,2,三重區,,,,無年齡維度,0.0,女,遷出,other,0
111,1,2,三重區,,,,無年齡維度,0.0,男,遷出,other,0
111,1,2,三重區,,,,無年齡維度,0.0,女,遷出,其他縣市,0
111,1,2,三重區,,,,無年齡維度,0.0,男,遷出,其他縣市,0
111,1,2,三重區,,,,無年齡維度,0.0,女,遷出,其他鄉鎮,285
111,1,2,三重區,,,,無年齡維度,0.0,男,遷出,其他鄉鎮,219
111,1,2,三重區,,,,無年齡維度,0.0,女,遷出,合計,920
111,1,2,三重區,,,,無年齡維度,0.0,男,遷出,合計,698
111,1,2,三重區,,,,無年齡維度,0.0,女,遷出,國外,239
111,1,2,三重區,,,,無年齡維度,0.0,男,遷出,國外,177
111,1,2,三重區,,,,無年齡維度,0.0,女,遷出,新北市內,0
111,1,2,三重區,,,,無年齡維度,0.0,男,遷出,新北市內,0
111,1,2,三重區,,,,無年齡維度,0.0,女,遷出,桃園市,60
111,1,2,三重區,,,,無年齡維度,0.0,男,遷出,桃園市,60
111,1,2,三重區,,,,無年齡維度,0.0,女,遷出,福建省,4
111,1,2,三重區,,,,無年齡維度,0.0,男,遷出,福建省,3
111,1,2,三重區,,,,無年齡維度,0.0,女,遷出,臺中市,27
111,1,2,三重區,,,,無年齡維度,0.0,男,遷出,臺中市,22
111,1,2,三重區,,,,無年齡維度,0.0,女,遷出,臺北市,218
111,1,2,三重區,,,,無年齡維度,0.0,男,遷出,臺北市,134
111,1,2,三重區,,,,無年齡維度,0.0,女,遷出,臺南市,6
111,1,2,三重區,,,,無年齡維度,0.0,男,遷出,臺南市,10
111,1,2,三重區,,,,無年齡維度,0.0,女,遷出,臺灣省,73
111,1,2,三重區,,,,無年齡維度,0.0,男,遷出,臺灣省,62
111,1,2,三重區,,,,無年齡維度,0.0,女,遷出,高雄市,7
111,1,2,三重區,,,,無年齡維度,0.0,男,遷出,高雄市,11
111,1,3,中和區,,,,無年齡維度,0.0,女,遷入,migrants,415
111,1,3,中和區,,,,無年齡維度,0.0,男,遷入,migrants,383
111,1,3,中和區,,,,無年齡維度,0.0,女,遷入,other,0
111,1,3,中和區,,,,無年齡維度,0.0,男,遷入,other,0
111,1,3,中和區,,,,無年齡維度,0.0,女,遷入,其他縣市,0
111,1,3,中和區,,,,無年齡維度,0.0,男,遷入,其他縣市,0
111,1,3,中和區,,,,無年齡維度,0.0,女,遷入,其他鄉鎮,345
111,1,3,中和區,,,,無年齡維度,0.0,男,遷入,其他鄉鎮,274
111,1,3,中和區,,,,無年齡維度,0.0,女,遷入,合計,799
111,1,3,中和區,,,,無年齡維度,0.0,男,遷入,合計,656
111,1,3,中和區,,,,無年齡維度,0.0,女,遷入,國外,47
111,1,3,中和區,,,,無年齡維度,0.0,男,遷入,國外,51
111,1,3,中和區,,,,無年齡維度,0.0,女,遷入,新北市內,0
111,1,3,中和區,,,,無年齡維度,0.0,男,遷入,新北市內,0
111,1,3,中和區,,,,無年齡維度,0.0,女,遷入,桃園市,47
111,1,3,中和區,,,,無年齡維度,0.0,男,遷入,桃園市,42
111,1,3,中和區,,,,無年齡維度,0.0,女,遷入,福建省,4
111,1,3,中和區,,,,無年齡維度,0.0,男,遷入,福建省,7
111,1,3,中和區,,,,無年齡維度,0.0,女,遷入,臺中市,22
111,1,3,中和區,,,,無年齡維度,0.0,男,遷入,臺中市,14
111,1,3,中和區,,,,無年齡維度,0.0,女,遷入,臺北市,224
111,1,3,中和區,,,,無年齡維度,0.0,男,遷入,臺北市,193
111,1,3,中和區,,,,無年齡維度,0.0,女,遷入,臺南市,14
111,1,3,中和區,,,,無年齡維度,0.0,男,遷入,臺南市,6
111,1,3,中和區,,,,無年齡維度,0.0,女,遷入,臺灣省,71
111,1,3,中和區,,,,無年齡維度,0.0,男,遷入,臺灣省,47
111,1,3,中和區,,,,無年齡維度,0.0,女,遷入,高雄市,14
111,1,3,中和區,,,,無年齡維度,0.0,男,遷入,高雄市,11
111,1,3,中和區,,,,無年齡維度,0.0,女,遷出,migrants,415
111,1,3,中和區,,,,無年齡維度,0.0,男,遷出,migrants,383
111,1,3,中和區,,,,無年齡維度,0.0,女,遷出,other,0
111,1,3,中和區,,,,無年齡維度,0.0,男,遷出,other,0
111,1,3,中和區,,,,無年齡維度,0.0,女,遷出,其他縣市,0
111,1,3,中和區,,,,無年齡維度,0.0,男,遷出,其他縣市,0
111,1,3,中和區,,,,無年齡維度,0.0,女,遷出,其他鄉鎮,417
111,1,3,中和區,,,,無年齡維度,0.0,男,遷出,其他鄉鎮,349
111,1,3,中和區,,,,無年齡維度,0.0,女,遷出,合計,1251
111,1,3,中和區,,,,無年齡維度,0.0,男,遷出,合計,973
111,1,3,中和區,,,,無年齡維度,0.0,女,遷出,國外,471
111,1,3,中和區,,,,無年齡維度,0.0,男,遷出,國外,350
111,1,3,中和區,,,,無年齡維度,0.0,女,遷出,新北市內,0
111,1,3,中和區,,,,無年齡維度,0.0,男,遷出,新北市內,0
111,1,3,中和區,,,,無年齡維度,0.0,女,遷出,桃園市,82
111,1,3,中和區,,,,無年齡維度,0.0,男,遷出,桃園市,45
111,1,3,中和區,,,,無年齡維度,0.0,女,遷出,福建省,11
111,1,3,中和區,,,,無年齡維度,0.0,男,遷出,福建省,13
111,1,3,中和區,,,,無年齡維度,0.0,女,遷出,臺中市,36
111,1,3,中和區,,,,無年齡維度,0.0,男,遷出,臺中市,23
111,1,3,中和區,,,,無年齡維度,0.0,女,遷出,臺北市,118
111,1,3,中和區,,,,無年齡維度,0.0,男,遷出,臺北市,96
111,1,3,中和區,,,,無年齡維度,0.0,女,遷出,臺南市,7
111,1,3,中和區,,,,無年齡維度,0.0,男,遷出,臺南市,11
111,1,3,中和區,,,,無年齡維度,0.0,女,遷出,臺灣省,88
111,1,3,中和區,,,,無年齡維度,0.0,男,遷出,臺灣省,76
111,1,3,中和區,,,,無年齡維度,0.0,女,遷出,高雄市,20
111,1,3,中和區,,,,無年齡維度,0.0,男,遷出,高雄市,9
111,1,4,永和區,,,,無年齡維度,0.0,女,遷入,migrants,175
111,1,4,永和區,,,,無年齡維度,0.0,男,遷入,migrants,161
111,1,4,永和區,,,,無年齡維度,0.0,女,遷入,other,0
111,1,4,永和區,,,,無年齡維度,0.0,男,遷入,other,0
111,1,4,永和區,,,,無年齡維度,0.0,女,遷入,其他縣市,0
111,1,4,永和區,,,,無年齡維度,0.0,男,遷入,其他縣市,0
111,1,4,永和區,,,,無年齡維度,0.0,女,遷入,其他鄉鎮,193
111,1,4,永和區,,,,無年齡維度,0.0,男,遷入,其他鄉鎮,157
111,1,4,永和區,,,,無年齡維度,0.0,女,遷入,合計,459
111,1,4,永和區,,,,無年齡維度,0.0,男,遷入,合計,385
111,1,4,永和區,,,,無年齡維度,0.0,女,遷入,國外,37
111,1,4,永和區,,,,無年齡維度,0.0,男,遷入,國外,26
111,1,4,永和區,,,,無年齡維度,0.0,女,遷入,新北市內,0
111,1,4,永和區,,,,無年齡維度,0.0,男,遷入,新北市內,0
111,1,4,永和區,,,,無年齡維度,0.0,女,遷入,桃園市,16
111,1,4,永和區,,,,無年齡維度,0.0,男,遷入,桃園市,7
111,1,4,永和區,,,,無年齡維度,0.0,女,遷入,福建省,2
111,1,4,永和區,,,,無年齡維度,0.0,男,遷入,福建省,5
111,1,4,永和區,,,,無年齡維度,0.0,女,遷入,臺中市,13
111,1,4,永和區,,,,無年齡維度,0.0,男,遷入,臺中市,6
111,1,4,永和區,,,,無年齡維度,0.0,女,遷入,臺北市,135
111,1,4,永和區,,,,無年齡維度,0.0,男,遷入,臺北市,129
111,1,4,永和區,,,,無年齡維度,0.0,女,遷入,臺南市,4
111,1,4,永和區,,,,無年齡維度,0.0,男,遷入,臺南市,9
111,1,4,永和區,,,,無年齡維度,0.0,女,遷入,臺灣省,48
111,1,4,永和區,,,,無年齡維度,0.0,男,遷入,臺灣省,32
111,1,4,永和區,,,,無年齡維度,0.0,女,遷入,高雄市,5
111,1,4,永和區,,,,無年齡維度,0.0,男,遷入,高雄市,9
111,1,4,永和區,,,,無年齡維度,0.0,女,遷出,migrants,175
111,1,4,永和區,,,,無年齡維度,0.0,男,遷出,migrants,161
111,1,4,永和區,,,,無年齡維度,0.0,女,遷出,other,0
111,1,4,永和區,,,,無年齡維度,0.0,男,遷出,other,0
111,1,4,永和區,,,,無年齡維度,0.0,女,遷出,其他縣市,0
111,1,4,永和區,,,,無年齡維度,0.0,男,遷出,其他縣市,0
111,1,4,永和區,,,,無年齡維度,0.0,女,遷出,其他鄉鎮,233
111,1,4,永和區,,,,無年齡維度,0.0,男,遷出,其他鄉鎮,202
111,1,4,永和區,,,,無年齡維度,0.0,女,遷出,合計,861
111,1,4,永和區,,,,無年齡維度,0.0,男,遷出,合計,699
111,1,4,永和區,,,,無年齡維度,0.0,女,遷出,國外,437
111,1,4,永和區,,,,無年齡維度,0.0,男,遷出,國外,333
111,1,4,永和區,,,,無年齡維度,0.0,女,遷出,新北市內,0
111,1,4,永和區,,,,無年齡維度,0.0,男,遷出,新北市內,0
111,1,4,永和區,,,,無年齡維度,0.0,女,遷出,桃園市,21
111,1,4,永和區,,,,無年齡維度,0.0,男,遷出,桃園市,21
111,1,4,永和區,,,,無年齡維度,0.0,女,遷出,福建省,4
111,1,4,永和區,,,,無年齡維度,0.0,男,遷出,福建省,13
111,1,4,永和區,,,,無年齡維度,0.0,女,遷出,臺中市,20
111,1,4,永和區,,,,無年齡維度,0.0,男,遷出,臺中市,6
111,1,4,永和區,,,,無年齡維度,0.0,女,遷出,臺北市,92
111,1,4,永和區,,,,無年齡維度,0.0,男,遷出,臺北市,69
111,1,4,永和區,,,,無年齡維度,0.0,女,遷出,臺南市,3
111,1,4,永和區,,,,無年齡維度,0.0,男,遷出,臺南市,4
111,1,4,永和區,,,,無年齡維度,0.0,女,遷出,臺灣省,44
111,1,4,永和區,,,,無年齡維度,0.0,男,遷出,臺灣省,45
111,1,4,永和區,,,,無年齡維度,0.0,女,遷出,高雄市,7
111,1,4,永和區,,,,無年齡維度,0.0,男,遷出,高雄市,5
111,1,5,新莊區,,,,無年齡維度,0.0,女,遷入,migrants,718
111,1,5,新莊區,,,,無年齡維度,0.0,男,遷入,migrants,624
111,1,5,新莊區,,,,無年齡維度,0.0,女,遷入,other,0
111,1,5,新莊區,,,,無年齡維度,0.0,男,遷入,other,0
111,1,5,新莊區,,,,無年齡維度,0.0,女,遷入,其他縣市,0
111,1,5,新莊區,,,,無年齡維度,0.0,男,遷入,其他縣市,0
111,1,5,新莊區,,,,無年齡維度,0.0,女,遷入,其他鄉鎮,314
111,1,5,新莊區,,,,無年齡維度,0.0,男,遷入,其他鄉鎮,250
111,1,5,新莊區,,,,無年齡維度,0.0,女,遷入,合計,735
111,1,5,新莊區,,,,無年齡維度,0.0,男,遷入,合計,668
111,1,5,新莊區,,,,無年齡維度,0.0,女,遷入,國外,22
111,1,5,新莊區,,,,無年齡維度,0.0,男,遷入,國外,20
111,1,5,新莊區,,,,無年齡維度,0.0,女,遷入,新北市內,0
111,1,5,新莊區,,,,無年齡維度,0.0,男,遷入,新北市內,0
111,1,5,新莊區,,,,無年齡維度,0.0,女,遷入,桃園市,65
111,1,5,新莊區,,,,無年齡維度,0.0,男,遷入,桃園市,61
111,1,5,新莊區,,,,無年齡維度,0.0,女,遷入,福建省,4
111,1,5,新莊區,,,,無年齡維度,0.0,男,遷入,福建省,6
111,1,5,新莊區,,,,無年齡維度,0.0,女,遷入,臺中市,18
111,1,5,新莊區,,,,無年齡維度,0.0,男,遷入,臺中市,22
111,1,5,新莊區,,,,無年齡維度,0.0,女,遷入,臺北市,183
111,1,5,新莊區,,,,無年齡維度,0.0,男,遷入,臺北市,196
111,1,5,新莊區,,,,無年齡維度,0.0,女,遷入,臺南市,13
111,1,5,新莊區,,,,無年齡維度,0.0,男,遷入,臺南市,6
111,1,5,新莊區,,,,無年齡維度,0.0,女,遷入,臺灣省,83
111,1,5,新莊區,,,,無年齡維度,0.0,男,遷入,臺灣省,74
111,1,5,新莊區,,,,無年齡維度,0.0,女,遷入,高雄市,24
111,1,5,新莊區,,,,無年齡維度,0.0,男,遷入,高雄市,18
111,1,5,新莊區,,,,無年齡維度,0.0,女,遷出,migrants,718
111,1,5,新莊區,,,,無年齡維度,0.0,男,遷出,migrants,624
111,1,5,新莊區,,,,無年齡維度,0.0,女,遷出,other,0
111,1,5,新莊區,,,,無年齡維度,0.0,男,遷出,other,0
111,1,5,新莊區,,,,無年齡維度,0.0,女,遷出,其他縣市,0
111,1,5,新莊區,,,,無年齡維度,0.0,男,遷出,其他縣市,0
111,1,5,新莊區,,,,無年齡維度,0.0,女,遷出,其他鄉鎮,312
111,1,5,新莊區,,,,無年齡維度,0.0,男,遷出,其他鄉鎮,280
111,1,5,新莊區,,,,無年齡維度,0.0,女,遷出,合計,1014
111,1,5,新莊區,,,,無年齡維度,0.0,男,遷出,合計,839
111,1,5,新莊區,,,,無年齡維度,0.0,女,遷出,國外,295
111,1,5,新莊區,,,,無年齡維度,0.0,男,遷出,國外,251
111,1,5,新莊區,,,,無年齡維度,0.0,女,遷出,新北市內,0
111,1,5,新莊區,,,,無年齡維度,0.0,男,遷出,新北市內,0
111,1,5,新莊區,,,,無年齡維度,0.0,女,遷出,桃園市,150
111,1,5,新莊區,,,,無年齡維度,0.0,男,遷出,桃園市,124
111,1,5,新莊區,,,,無年齡維度,0.0,女,遷出,福建省,5
111,1,5,新莊區,,,,無年齡維度,0.0,男,遷出,福建省,8
111,1,5,新莊區,,,,無年齡維度,0.0,女,遷出,臺中市,36
111,1,5,新莊區,,,,無年齡維度,0.0,男,遷出,臺中市,19
111,1,5,新莊區,,,,無年齡維度,0.0,女,遷出,臺北市,84
111,1,5,新莊區,,,,無年齡維度,0.0,男,遷出,臺北市,54
111,1,5,新莊區,,,,無年齡維度,0.0,女,遷出,臺南市,21
111,1,5,新莊區,,,,無年齡維度,0.0,男,遷出,臺南市,21
111,1,5,新莊區,,,,無年齡維度,0.0,女,遷出,臺灣省,97
111,1,5,新莊區,,,,無年齡維度,0.0,男,遷出,臺灣省,72
111,1,5,新莊區,,,,無年齡維度,0.0,女,遷出,高雄市,14
111,1,5,新莊區,,,,無年齡維度,0.0,男,遷出,高雄市,10
111,1,6,新店區,,,,無年齡維度,0.0,女,遷入,migrants,413
111,1,6,新店區,,,,無年齡維度,0.0,男,遷入,migrants,373
111,1,6,新店區,,,,無年齡維度,0.0,女,遷入,other,0
111,1,6,新店區,,,,無年齡維度,0.0,男,遷入,other,0
111,1,6,新店區,,,,無年齡維度,0.0,女,遷入,其他縣市,0
111,1,6,新店區,,,,無年齡維度,0.0,男,遷入,其他縣市,0
111,1,6,新店區,,,,無年齡維度,0.0,女,遷入,其他鄉鎮,166
111,1,6,新店區,,,,無年齡維度,0.0,男,遷入,其他鄉鎮,144
111,1,6,新店區,,,,無年齡維度,0.0,女,遷入,合計,624
111,1,6,新店區,,,,無年齡維度,0.0,男,遷入,合計,520
111,1,6,新店區,,,,無年齡維度,0.0,女,遷入,國外,34
111,1,6,新店區,,,,無年齡維度,0.0,男,遷入,國外,25
111,1,6,新店區,,,,無年齡維度,0.0,女,遷入,新北市內,0
111,1,6,新店區,,,,無年齡維度,0.0,男,遷入,新北市內,0
111,1,6,新店區,,,,無年齡維度,0.0,女,遷入,桃園市,27
111,1,6,新店區,,,,無年齡維度,0.0,男,遷入,桃園市,32
111,1,6,新店區,,,,無年齡維度,0.0,女,遷入,福建省,3
111,1,6,新店區,,,,無年齡維度,0.0,男,遷入,福建省,4
111,1,6,新店區,,,,無年齡維度,0.0,女,遷入,臺中市,12
111,1,6,新店區,,,,無年齡維度,0.0,男,遷入,臺中市,11
111,1,6,新店區,,,,無年齡維度,0.0,女,遷入,臺北市,283
111,1,6,新店區,,,,無年齡維度,0.0,男,遷入,臺北市,253
111,1,6,新店區,,,,無年齡維度,0.0,女,遷入,臺南市,13
111,1,6,新店區,,,,無年齡維度,0.0,男,遷入,臺南市,5
111,1,6,新店區,,,,無年齡維度,0.0,女,遷入,臺灣省,57
111,1,6,新店區,,,,無年齡維度,0.0,男,遷入,臺灣省,30
111,1,6,新店區,,,,無年齡維度,0.0,女,遷入,高雄市,11
111,1,6,新店區,,,,無年齡維度,0.0,男,遷入,高雄市,9
111,1,6,新店區,,,,無年齡維度,0.0,女,遷出,migrants,413
111,1,6,新店區,,,,無年齡維度,0.0,男,遷出,migrants,373
111,1,6,新店區,,,,無年齡維度,0.0,女,遷出,other,0
111,1,6,新店區,,,,無年齡維度,0.0,男,遷出,other,0
111,1,6,新店區,,,,無年齡維度,0.0,女,遷出,其他縣市,0
111,1,6,新店區,,,,無年齡維度,0.0,男,遷出,其他縣市,0
111,1,6,新店區,,,,無年齡維度,0.0,女,遷出,其他鄉鎮,194
111,1,6,新店區,,,,無年齡維度,0.0,男,遷出,其他鄉鎮,134
111,1,6,新店區,,,,無年齡維度,0.0,女,遷出,合計,899
111,1,6,新店區,,,,無年齡維度,0.0,男,遷出,合計,746
111,1,6,新店區,,,,無年齡維度,0.0,女,遷出,國外,381
111,1,6,新店區,,,,無年齡維度,0.0,男,遷出,國外,312
111,1,6,新店區,,,,無年齡維度,0.0,女,遷出,新北市內,0
111,1,6,新店區,,,,無年齡維度,0.0,男,遷出,新北市內,0
111,1,6,新店區,,,,無年齡維度,0.0,女,遷出,桃園市,48
111,1,6,新店區,,,,無年齡維度,0.0,男,遷出,桃園市,47
111,1,6,新店區,,,,無年齡維度,0.0,女,遷出,福建省,5
111,1,6,新店區,,,,無年齡維度,0.0,男,遷出,福建省,8
111,1,6,新店區,,,,無年齡維度,0.0,女,遷出,臺中市,23
111,1,6,新店區,,,,無年齡維度,0.0,男,遷出,臺中市,24
111,1,6,新店區,,,,無年齡維度,0.0,女,遷出,臺北市,148
111,1,6,新店區,,,,無年齡維度,0.0,男,遷出,臺北市,142
111,1,6,新店區,,,,無年齡維度,0.0,女,遷出,臺南市,8
111,1,6,新店區,,,,無年齡維度,0.0,男,遷出,臺南市,7
111,1,6,新店區,,,,無年齡維度,0.0,女,遷出,臺灣省,83
111,1,6,新店區,,,,無年齡維度,0.0,男,遷出,臺灣省,61
111,1,6,新店區,,,,無年齡維度,0.0,女,遷出,高雄市,8
111,1,6,新店區,,,,無年齡維度,0.0,男,遷出,高雄市,11
111,1,7,土城區,,,,無年齡維度,0.0,女,遷入,migrants,231
111,1,7,土城區,,,,無年齡維度,0.0,男,遷入,migrants,196
111,1,7,土城區,,,,無年齡維度,0.0,女,遷入,other,0
111,1,7,土城區,,,,無年齡維度,0.0,男,遷入,other,0
111,1,7,土城區,,,,無年齡維度,0.0,女,遷入,其他縣市,0
111,1,7,土城區,,,,無年齡維度,0.0,男,遷入,其他縣市,0
111,1,7,土城區,,,,無年齡維度,0.0,女,遷入,其他鄉鎮,181
111,1,7,土城區,,,,無年齡維度,0.0,男,遷入,其他鄉鎮,151
111,1,7,土城區,,,,無年齡維度,0.0,女,遷入,合計,309
111,1,7,土城區,,,,無年齡維度,0.0,男,遷入,合計,272
111,1,7,土城區,,,,無年齡維度,0.0,女,遷入,國外,8
111,1,7,土城區,,,,無年齡維度,0.0,男,遷入,國外,6
111,1,7,土城區,,,,無年齡維度,0.0,女,遷入,新北市內,0
111,1,7,土城區,,,,無年齡維度,0.0,男,遷入,新北市內,0
111,1,7,土城區,,,,無年齡維度,0.0,女,遷入,桃園市,30
111,1,7,土城區,,,,無年齡維度,0.0,男,遷入,桃園市,19
111,1,7,土城區,,,,無年齡維度,0.0,女,遷入,福建省,0
111,1,7,土城區,,,,無年齡維度,0.0,男,遷入,福建省,2
111,1,7,土城區,,,,無年齡維度,0.0,女,遷入,臺中市,4
111,1,7,土城區,,,,無年齡維度,0.0,男,遷入,臺中市,5
111,1,7,土城區,,,,無年齡維度,0.0,女,遷入,臺北市,34
111,1,7,土城區,,,,無年齡維度,0.0,男,遷入,臺北市,35
111,1,7,土城區,,,,無年齡維度,0.0,女,遷入,臺南市,4
111,1,7,土城區,,,,無年齡維度,0.0,男,遷入,臺南市,5
111,1,7,土城區,,,,無年齡維度,0.0,女,遷入,臺灣省,35
111,1,7,土城區,,,,無年齡維度,0.0,男,遷入,臺灣省,44
111,1,7,土城區,,,,無年齡維度,0.0,女,遷入,高雄市,1
111,1,7,土城區,,,,無年齡維度,0.0,男,遷入,高雄市,2
111,1,7,土城區,,,,無年齡維度,0.0,女,遷出,migrants,231
111,1,7,土城區,,,,無年齡維度,0.0,男,遷出,migrants,196
111,1,7,土城區,,,,無年齡維度,0.0,女,遷出,other,0
111,1,7,土城區,,,,無年齡維度,0.0,男,遷出,other,0
111,1,7,土城區,,,,無年齡維度,0.0,女,遷出,其他縣市,0
111,1,7,土城區,,,,無年齡維度,0.0,男,遷出,其他縣市,0
111,1,7,土城區,,,,無年齡維度,0.0,女,遷出,其他鄉鎮,224
111,1,7,土城區,,,,無年齡維度,0.0,男,遷出,其他鄉鎮,180
111,1,7,土城區,,,,無年齡維度,0.0,女,遷出,合計,456
111,1,7,土城區,,,,無年齡維度,0.0,男,遷出,合計,405
111,1,7,土城區,,,,無年齡維度,0.0,女,遷出,國外,91
111,1,7,土城區,,,,無年齡維度,0.0,男,遷出,國外,95
111,1,7,土城區,,,,無年齡維度,0.0,女,遷出,新北市內,0
111,1,7,土城區,,,,無年齡維度,0.0,男,遷出,新北市內,0
111,1,7,土城區,,,,無年齡維度,0.0,女,遷出,桃園市,54
111,1,7,土城區,,,,無年齡維度,0.0,男,遷出,桃園市,48
111,1,7,土城區,,,,無年齡維度,0.0,女,遷出,福建省,3
111,1,7,土城區,,,,無年齡維度,0.0,男,遷出,福建省,1
111,1,7,土城區,,,,無年齡維度,0.0,女,遷出,臺中市,17
111,1,7,土城區,,,,無年齡維度,0.0,男,遷出,臺中市,10
111,1,7,土城區,,,,無年齡維度,0.0,女,遷出,臺北市,25
111,1,7,土城區,,,,無年齡維度,0.0,男,遷出,臺北市,23
111,1,7,土城區,,,,無年齡維度,0.0,女,遷出,臺南市,4
111,1,7,土城區,,,,無年齡維度,0.0,男,遷出,臺南市,5
111,1,7,土城區,,,,無年齡維度,0.0,女,遷出,臺灣省,35
111,1,7,土城區,,,,無年齡維度,0.0,男,遷出,臺灣省,34
111,1,7,土城區,,,,無年齡維度,0.0,女,遷出,高雄市,3
111,1,7,土城區,,,,無年齡維度,0.0,男,遷出,高雄市,9
111,1,8,蘆洲區,,,,無年齡維度,0.0,女,遷入,migrants,119
111,1,8,蘆洲區,,,,無年齡維度,0.0,男,遷入,migrants,123
111,1,8,蘆洲區,,,,無年齡維度,0.0,女,遷入,other,0
111,1,8,蘆洲區,,,,無年齡維度,0.0,男,遷入,other,0
111,1,8,蘆洲區,,,,無年齡維度,0.0,女,遷入,其他縣市,0
111,1,8,蘆洲區,,,,無年齡維度,0.0,男,遷入,其他縣市,0
111,1,8,蘆洲區,,,,無年齡維度,0.0,女,遷入,其他鄉鎮,76
111,1,8,蘆洲區,,,,無年齡維度,0.0,男,遷入,其他鄉鎮,73
111,1,8,蘆洲區,,,,無年齡維度,0.0,女,遷入,合計,204
111,1,8,蘆洲區,,,,無年齡維度,0.0,男,遷入,合計,172
111,1,8,蘆洲區,,,,無年齡維度,0.0,女,遷入,國外,3
111,1,8,蘆洲區,,,,無年齡維度,0.0,男,遷入,國外,7
111,1,8,蘆洲區,,,,無年齡維度,0.0,女,遷入,新北市內,0
111,1,8,蘆洲區,,,,無年齡維度,0.0,男,遷入,新北市內,0
111,1,8,蘆洲區,,,,無年齡維度,0.0,女,遷入,桃園市,70
111,1,8,蘆洲區,,,,無年齡維度,0.0,男,遷入,桃園市,47
111,1,8,蘆洲區,,,,無年齡維度,0.0,女,遷入,福建省,2
111,1,8,蘆洲區,,,,無年齡維度,0.0,男,遷入,福建省,2
111,1,8,蘆洲區,,,,無年齡維度,0.0,女,遷入,臺中市,2
111,1,8,蘆洲區,,,,無年齡維度,0.0,男,遷入,臺中市,1
111,1,8,蘆洲區,,,,無年齡維度,0.0,女,遷入,臺北市,22
111,1,8,蘆洲區,,,,無年齡維度,0.0,男,遷入,臺北市,24
111,1,8,蘆洲區,,,,無年齡維度,0.0,女,遷入,臺南市,2
111,1,8,蘆洲區,,,,無年齡維度,0.0,男,遷入,臺南市,3
111,1,8,蘆洲區,,,,無年齡維度,0.0,女,遷入,臺灣省,21
111,1,8,蘆洲區,,,,無年齡維度,0.0,男,遷入,臺灣省,10
111,1,8,蘆洲區,,,,無年齡維度,0.0,女,遷入,高雄市,2
111,1,8,蘆洲區,,,,無年齡維度,0.0,男,遷入,高雄市,3
111,1,8,蘆洲區,,,,無年齡維度,0.0,女,遷出,migrants,119
111,1,8,蘆洲區,,,,無年齡維度,0.0,男,遷出,migrants,123
111,1,8,蘆洲區,,,,無年齡維度,0.0,女,遷出,other,0
111,1,8,蘆洲區,,,,無年齡維度,0.0,男,遷出,other,0
111,1,8,蘆洲區,,,,無年齡維度,0.0,女,遷出,其他縣市,0
111,1,8,蘆洲區,,,,無年齡維度,0.0,男,遷出,其他縣市,0
111,1,8,蘆洲區,,,,無年齡維度,0.0,女,遷出,其他鄉鎮,41
111,1,8,蘆洲區,,,,無年齡維度,0.0,男,遷出,其他鄉鎮,30
111,1,8,蘆洲區,,,,無年齡維度,0.0,女,遷出,合計,163
111,1,8,蘆洲區,,,,無年齡維度,0.0,男,遷出,合計,145
111,1,8,蘆洲區,,,,無年齡維度,0.0,女,遷出,國外,30
111,1,8,蘆洲區,,,,無年齡維度,0.0,男,遷出,國外,34
111,1,8,蘆洲區,,,,無年齡維度,0.0,女,遷出,新北市內,0
111,1,8,蘆洲區,,,,無年齡維度,0.0,男,遷出,新北市內,0
111,1,8,蘆洲區,,,,無年齡維度,0.0,女,遷出,桃園市,61
111,1,8,蘆洲區,,,,無年齡維度,0.0,男,遷出,桃園市,60
111,1,8,蘆洲區,,,,無年齡維度,0.0,女,遷出,福建省,1
111,1,8,蘆洲區,,,,無年齡維度,0.0,男,遷出,福建省,0
111,1,8,蘆洲區,,,,無年齡維度,0.0,女,遷出,臺中市,2
111,1,8,蘆洲區,,,,無年齡維度,0.0,男,遷出,臺中市,5
111,1,8,蘆洲區,,,,無年齡維度,0.0,女,遷出,臺北市,10
111,1,8,蘆洲區,,,,無年齡維度,0.0,男,遷出,臺北市,5
111,1,8,蘆洲區,,,,無年齡維度,0.0,女,遷出,臺南市,2
111,1,8,蘆洲區,,,,無年齡維度,0.0,男,遷出,臺南市,3
111,1,8,蘆洲區,,,,無年齡維度,0.0,女,遷出,臺灣省,14
111,1,8,蘆洲區,,,,無年齡維度,0.0,男,遷出,臺灣省,7
111,1,8,蘆洲區,,,,無年齡維度,0.0,女,遷出,高雄市,2
111,1,8,蘆洲區,,,,無年齡維度,0.0,男,遷出,高雄市,1
111,1,9,樹林區,,,,無年齡維度,0.0,女,遷入,migrants,156
111,1,9,樹林區,,,,無年齡維度,0.0,男,遷入,migrants,156
111,1,9,樹林區,,,,無年齡維度,0.0,女,遷入,other,0
111,1,9,樹林區,,,,無年齡維度,0.0,男,遷入,other,0
111,1,9,樹林區,,,,無年齡維度,0.0,女,遷入,其他縣市,0
111,1,9,樹林區,,,,無年齡維度,0.0,男,遷入,其他縣市,0
111,1,9,樹林區,,,,無年齡維度,0.0,女,遷入,其他鄉鎮,119
111,1,9,樹林區,,,,無年齡維度,0.0,男,遷入,其他鄉鎮,74
111,1,9,樹林區,,,,無年齡維度,0.0,女,遷入,合計,221
111,1,9,樹林區,,,,無年齡維度,0.0,男,遷入,合計,170
111,1,9,樹林區,,,,無年齡維度,0.0,女,遷入,國外,12
111,1,9,樹林區,,,,無年齡維度,0.0,男,遷入,國外,5
111,1,9,樹林區,,,,無年齡維度,0.0,女,遷入,新北市內,0
111,1,9,樹林區,,,,無年齡維度,0.0,男,遷入,新北市內,0
111,1,9,樹林區,,,,無年齡維度,0.0,女,遷入,桃園市,23
111,1,9,樹林區,,,,無年齡維度,0.0,男,遷入,桃園市,24
111,1,9,樹林區,,,,無年齡維度,0.0,女,遷入,福建省,1
111,1,9,樹林區,,,,無年齡維度,0.0,男,遷入,福建省,0
111,1,9,樹林區,,,,無年齡維度,0.0,女,遷入,臺中市,8
111,1,9,樹林區,,,,無年齡維度,0.0,男,遷入,臺中市,3
111,1,9,樹林區,,,,無年齡維度,0.0,女,遷入,臺北市,19
111,1,9,樹林區,,,,無年齡維度,0.0,男,遷入,臺北市,34
111,1,9,樹林區,,,,無年齡維度,0.0,女,遷入,臺南市,3
111,1,9,樹林區,,,,無年齡維度,0.0,男,遷入,臺南市,3
111,1,9,樹林區,,,,無年齡維度,0.0,女,遷入,臺灣省,26
111,1,9,樹林區,,,,無年齡維度,0.0,男,遷入,臺灣省,22
111,1,9,樹林區,,,,無年齡維度,0.0,女,遷入,高雄市,5
111,1,9,樹林區,,,,無年齡維度,0.0,男,遷入,高雄市,2
111,1,9,樹林區,,,,無年齡維度,0.0,女,遷出,migrants,156
111,1,9,樹林區,,,,無年齡維度,0.0,男,遷出,migrants,156
111,1,9,樹林區,,,,無年齡維度,0.0,女,遷出,other,0
111,1,9,樹林區,,,,無年齡維度,0.0,男,遷出,other,0
111,1,9,樹林區,,,,無年齡維度,0.0,女,遷出,其他縣市,0
111,1,9,樹林區,,,,無年齡維度,0.0,男,遷出,其他縣市,0
111,1,9,樹林區,,,,無年齡維度,0.0,女,遷出,其他鄉鎮,90
111,1,9,樹林區,,,,無年齡維度,0.0,男,遷出,其他鄉鎮,80
111,1,9,樹林區,,,,無年齡維度,0.0,女,遷出,合計,265
111,1,9,樹林區,,,,無年齡維度,0.0,男,遷出,合計,232
111,1,9,樹林區,,,,無年齡維度,0.0,女,遷出,國外,66
111,1,9,樹林區,,,,無年齡維度,0.0,男,遷出,國外,69
111,1,9,樹林區,,,,無年齡維度,0.0,女,遷出,新北市內,0
111,1,9,樹林區,,,,無年齡維度,0.0,男,遷出,新北市內,0
111,1,9,樹林區,,,,無年齡維度,0.0,女,遷出,桃園市,31
111,1,9,樹林區,,,,無年齡維度,0.0,男,遷出,桃園市,23
111,1,9,樹林區,,,,無年齡維度,0.0,女,遷出,福建省,5
111,1,9,樹林區,,,,無年齡維度,0.0,男,遷出,福建省,1
111,1,9,樹林區,,,,無年齡維度,0.0,女,遷出,臺中市,8
111,1,9,樹林區,,,,無年齡維度,0.0,男,遷出,臺中市,6
111,1,9,樹林區,,,,無年齡維度,0.0,女,遷出,臺北市,21
111,1,9,樹林區,,,,無年齡維度,0.0,男,遷出,臺北市,14
111,1,9,樹林區,,,,無年齡維度,0.0,女,遷出,臺南市,8
111,1,9,樹林區,,,,無年齡維度,0.0,男,遷出,臺南市,1
111,1,9,樹林區,,,,無年齡維度,0.0,女,遷出,臺灣省,30
111,1,9,樹林區,,,,無年齡維度,0.0,男,遷出,臺灣省,32
111,1,9,樹林區,,,,無年齡維度,0.0,女,遷出,高雄市,6
111,1,9,樹林區,,,,無年齡維度,0.0,男,遷出,高雄市,6
111,1,10,鶯歌區,,,,無年齡維度,0.0,女,遷入,migrants,382
111,1,10,鶯歌區,,,,無年齡維度,0.0,男,遷入,migrants,324
111,1,10,鶯歌區,,,,無年齡維度,0.0,女,遷入,other,0
111,1,10,鶯歌區,,,,無年齡維度,0.0,男,遷入,other,0
111,1,10,鶯歌區,,,,無年齡維度,0.0,女,遷入,其他縣市,0
111,1,10,鶯歌區,,,,無年齡維度,0.0,男,遷入,其他縣市,0
111,1,10,鶯歌區,,,,無年齡維度,0.0,女,遷入,其他鄉鎮,145
111,1,10,鶯歌區,,,,無年齡維度,0.0,男,遷入,其他鄉鎮,118
111,1,10,鶯歌區,,,,無年齡維度,0.0,女,遷入,合計,508
111,1,10,鶯歌區,,,,無年齡維度,0.0,男,遷入,合計,450
111,1,10,鶯歌區,,,,無年齡維度,0.0,女,遷入,國外,25
111,1,10,鶯歌區,,,,無年齡維度,0.0,男,遷入,國外,22
111,1,10,鶯歌區,,,,無年齡維度,0.0,女,遷入,新北市內,0
111,1,10,鶯歌區,,,,無年齡維度,0.0,男,遷入,新北市內,0
111,1,10,鶯歌區,,,,無年齡維度,0.0,女,遷入,桃園市,12
111,1,10,鶯歌區,,,,無年齡維度,0.0,男,遷入,桃園市,22
111,1,10,鶯歌區,,,,無年齡維度,0.0,女,遷入,福建省,1
111,1,10,鶯歌區,,,,無年齡維度,0.0,男,遷入,福建省,1
111,1,10,鶯歌區,,,,無年齡維度,0.0,女,遷入,臺中市,13
111,1,10,鶯歌區,,,,無年齡維度,0.0,男,遷入,臺中市,13
111,1,10,鶯歌區,,,,無年齡維度,0.0,女,遷入,臺北市,230
111,1,10,鶯歌區,,,,無年齡維度,0.0,男,遷入,臺北市,204
111,1,10,鶯歌區,,,,無年齡維度,0.0,女,遷入,臺南市,6
111,1,10,鶯歌區,,,,無年齡維度,0.0,男,遷入,臺南市,7
111,1,10,鶯歌區,,,,無年齡維度,0.0,女,遷入,臺灣省,48
111,1,10,鶯歌區,,,,無年齡維度,0.0,男,遷入,臺灣省,44
111,1,10,鶯歌區,,,,無年齡維度,0.0,女,遷入,高雄市,12
111,1,10,鶯歌區,,,,無年齡維度,0.0,男,遷入,高雄市,9
111,1,10,鶯歌區,,,,無年齡維度,0.0,女,遷出,migrants,382
111,1,10,鶯歌區,,,,無年齡維度,0.0,男,遷出,migrants,324
111,1,10,鶯歌區,,,,無年齡維度,0.0,女,遷出,other,0
111,1,10,鶯歌區,,,,無年齡維度,0.0,男,遷出,other,0
111,1,10,鶯歌區,,,,無年齡維度,0.0,女,遷出,其他縣市,0
111,1,10,鶯歌區,,,,無年齡維度,0.0,男,遷出,其他縣市,0
111,1,10,鶯歌區,,,,無年齡維度,0.0,女,遷出,其他鄉鎮,65
111,1,10,鶯歌區,,,,無年齡維度,0.0,男,遷出,其他鄉鎮,66
111,1,10,鶯歌區,,,,無年齡維度,0.0,女,遷出,合計,520
111,1,10,鶯歌區,,,,無年齡維度,0.0,男,遷出,合計,428
111,1,10,鶯歌區,,,,無年齡維度,0.0,女,遷出,國外,242
111,1,10,鶯歌區,,,,無年齡維度,0.0,男,遷出,國外,183
111,1,10,鶯歌區,,,,無年齡維度,0.0,女,遷出,新北市內,0
111,1,10,鶯歌區,,,,無年齡維度,0.0,男,遷出,新北市內,0
111,1,10,鶯歌區,,,,無年齡維度,0.0,女,遷出,桃園市,25
111,1,10,鶯歌區,,,,無年齡維度,0.0,男,遷出,桃園市,22
111,1,10,鶯歌區,,,,無年齡維度,0.0,女,遷出,福建省,3
111,1,10,鶯歌區,,,,無年齡維度,0.0,男,遷出,福建省,3
111,1,10,鶯歌區,,,,無年齡維度,0.0,女,遷出,臺中市,13
111,1,10,鶯歌區,,,,無年齡維度,0.0,男,遷出,臺中市,9
111,1,10,鶯歌區,,,,無年齡維度,0.0,女,遷出,臺北市,117
111,1,10,鶯歌區,,,,無年齡維度,0.0,男,遷出,臺北市,97
111,1,10,鶯歌區,,,,無年齡維度,0.0,女,遷出,臺南市,7
111,1,10,鶯歌區,,,,無年齡維度,0.0,男,遷出,臺南市,13
111,1,10,鶯歌區,,,,無年齡維度,0.0,女,遷出,臺灣省,36
111,1,10,鶯歌區,,,,無年齡維度,0.0,男,遷出,臺灣省,30
111,1,10,鶯歌區,,,,無年齡維度,0.0,女,遷出,高雄市,12
111,1,10,鶯歌區,,,,無年齡維度,0.0,男,遷出,高雄市,5
111,1,11,三峽區,,,,無年齡維度,0.0,女,遷入,migrants,305
111,1,11,三峽區,,,,無年齡維度,0.0,男,遷入,migrants,255
111,1,11,三峽區,,,,無年齡維度,0.0,女,遷入,other,0
111,1,11,三峽區,,,,無年齡維度,0.0,男,遷入,other,0
111,1,11,三峽區,,,,無年齡維度,0.0,女,遷入,其他縣市,0
111,1,11,三峽區,,,,無年齡維度,0.0,男,遷入,其他縣市,0
111,1,11,三峽區,,,,無年齡維度,0.0,女,遷入,其他鄉鎮,79
111,1,11,三峽區,,,,無年齡維度,0.0,男,遷入,其他鄉鎮,58
111,1,11,三峽區,,,,無年齡維度,0.0,女,遷入,合計,471
111,1,11,三峽區,,,,無年齡維度,0.0,男,遷入,合計,442
111,1,11,三峽區,,,,無年齡維度,0.0,女,遷入,國外,17
111,1,11,三峽區,,,,無年齡維度,0.0,男,遷入,國外,10
111,1,11,三峽區,,,,無年齡維度,0.0,女,遷入,新北市內,0
111,1,11,三峽區,,,,無年齡維度,0.0,男,遷入,新北市內,0
111,1,11,三峽區,,,,無年齡維度,0.0,女,遷入,桃園市,26
111,1,11,三峽區,,,,無年齡維度,0.0,男,遷入,桃園市,12
111,1,11,三峽區,,,,無年齡維度,0.0,女,遷入,福建省,3
111,1,11,三峽區,,,,無年齡維度,0.0,男,遷入,福建省,2
111,1,11,三峽區,,,,無年齡維度,0.0,女,遷入,臺中市,15
111,1,11,三峽區,,,,無年齡維度,0.0,男,遷入,臺中市,15
111,1,11,三峽區,,,,無年齡維度,0.0,女,遷入,臺北市,245
111,1,11,三峽區,,,,無年齡維度,0.0,男,遷入,臺北市,259
111,1,11,三峽區,,,,無年齡維度,0.0,女,遷入,臺南市,5
111,1,11,三峽區,,,,無年齡維度,0.0,男,遷入,臺南市,6
111,1,11,三峽區,,,,無年齡維度,0.0,女,遷入,臺灣省,57
111,1,11,三峽區,,,,無年齡維度,0.0,男,遷入,臺灣省,64
111,1,11,三峽區,,,,無年齡維度,0.0,女,遷入,高雄市,16
111,1,11,三峽區,,,,無年齡維度,0.0,男,遷入,高雄市,13
111,1,11,三峽區,,,,無年齡維度,0.0,女,遷出,migrants,305
111,1,11,三峽區,,,,無年齡維度,0.0,男,遷出,migrants,255
111,1,11,三峽區,,,,無年齡維度,0.0,女,遷出,other,0
111,1,11,三峽區,,,,無年齡維度,0.0,男,遷出,other,0
111,1,11,三峽區,,,,無年齡維度,0.0,女,遷出,其他縣市,0
111,1,11,三峽區,,,,無年齡維度,0.0,男,遷出,其他縣市,0
111,1,11,三峽區,,,,無年齡維度,0.0,女,遷出,其他鄉鎮,74
111,1,11,三峽區,,,,無年齡維度,0.0,男,遷出,其他鄉鎮,54
111,1,11,三峽區,,,,無年齡維度,0.0,女,遷出,合計,516
111,1,11,三峽區,,,,無年齡維度,0.0,男,遷出,合計,422
111,1,11,三峽區,,,,無年齡維度,0.0,女,遷出,國外,169
111,1,11,三峽區,,,,無年齡維度,0.0,男,遷出,國外,114
111,1,11,三峽區,,,,無年齡維度,0.0,女,遷出,新北市內,0
111,1,11,三峽區,,,,無年齡維度,0.0,男,遷出,新北市內,0
111,1,11,三峽區,,,,無年齡維度,0.0,女,遷出,桃園市,31
111,1,11,三峽區,,,,無年齡維度,0.0,男,遷出,桃園市,29
111,1,11,三峽區,,,,無年齡維度,0.0,女,遷出,福建省,1
111,1,11,三峽區,,,,無年齡維度,0.0,男,遷出,福建省,0
111,1,11,三峽區,,,,無年齡維度,0.0,女,遷出,臺中市,13
111,1,11,三峽區,,,,無年齡維度,0.0,男,遷出,臺中市,13
111,1,11,三峽區,,,,無年齡維度,0.0,女,遷出,臺北市,147
111,1,11,三峽區,,,,無年齡維度,0.0,男,遷出,臺北市,124
111,1,11,三峽區,,,,無年齡維度,0.0,女,遷出,臺南市,4
111,1,11,三峽區,,,,無年齡維度,0.0,男,遷出,臺南市,2
111,1,11,三峽區,,,,無年齡維度,0.0,女,遷出,臺灣省,71
111,1,11,三峽區,,,,無年齡維度,0.0,男,遷出,臺灣省,80
111,1,11,三峽區,,,,無年齡維度,0.0,女,遷出,高雄市,6
111,1,11,三峽區,,,,無年齡維度,0.0,男,遷出,高雄市,6
111,1,12,淡水區,,,,無年齡維度,0.0,女,遷入,migrants,23
111,1,12,淡水區,,,,無年齡維度,0.0,男,遷入,migrants,25
111,1,12,淡水區,,,,無年齡維度,0.0,女,遷入,other,0
111,1,12,淡水區,,,,無年齡維度,0.0,男,遷入,other,0
111,1,12,淡水區,,,,無年齡維度,0.0,女,遷入,其他縣市,0
111,1,12,淡水區,,,,無年齡維度,0.0,男,遷入,其他縣市,0
111,1,12,淡水區,,,,無年齡維度,0.0,女,遷入,其他鄉鎮,17
111,1,12,淡水區,,,,無年齡維度,0.0,男,遷入,其他鄉鎮,14
111,1,12,淡水區,,,,無年齡維度,0.0,女,遷入,合計,48
111,1,12,淡水區,,,,無年齡維度,0.0,男,遷入,合計,36
111,1,12,淡水區,,,,無年齡維度,0.0,女,遷入,國外,3
111,1,12,淡水區,,,,無年齡維度,0.0,男,遷入,國外,2
111,1,12,淡水區,,,,無年齡維度,0.0,女,遷入,新北市內,0
111,1,12,淡水區,,,,無年齡維度,0.0,男,遷入,新北市內,0
111,1,12,淡水區,,,,無年齡維度,0.0,女,遷入,桃園市,1
111,1,12,淡水區,,,,無年齡維度,0.0,男,遷入,桃園市,4
111,1,12,淡水區,,,,無年齡維度,0.0,女,遷入,福建省,0
111,1,12,淡水區,,,,無年齡維度,0.0,男,遷入,福建省,2
111,1,12,淡水區,,,,無年齡維度,0.0,女,遷入,臺中市,1
111,1,12,淡水區,,,,無年齡維度,0.0,男,遷入,臺中市,2
111,1,12,淡水區,,,,無年齡維度,0.0,女,遷入,臺北市,4
111,1,12,淡水區,,,,無年齡維度,0.0,男,遷入,臺北市,0
111,1,12,淡水區,,,,無年齡維度,0.0,女,遷入,臺南市,0
111,1,12,淡水區,,,,無年齡維度,0.0,男,遷入,臺南市,0
111,1,12,淡水區,,,,無年齡維度,0.0,女,遷入,臺灣省,21
111,1,12,淡水區,,,,無年齡維度,0.0,男,遷入,臺灣省,11
111,1,12,淡水區,,,,無年齡維度,0.0,女,遷入,高雄市,0
111,1,12,淡水區,,,,無年齡維度,0.0,男,遷入,高雄市,0
111,1,12,淡水區,,,,無年齡維度,0.0,女,遷出,migrants,23
111,1,12,淡水區,,,,無年齡維度,0.0,男,遷出,migrants,25
111,1,12,淡水區,,,,無年齡維度,0.0,女,遷出,other,0
111,1,12,淡水區,,,,無年齡維度,0.0,男,遷出,other,0
111,1,12,淡水區,,,,無年齡維度,0.0,女,遷出,其他縣市,0
111,1,12,淡水區,,,,無年齡維度,0.0,男,遷出,其他縣市,0
111,1,12,淡水區,,,,無年齡維度,0.0,女,遷出,其他鄉鎮,16
111,1,12,淡水區,,,,無年齡維度,0.0,男,遷出,其他鄉鎮,15
111,1,12,淡水區,,,,無年齡維度,0.0,女,遷出,合計,78
111,1,12,淡水區,,,,無年齡維度,0.0,男,遷出,合計,75
111,1,12,淡水區,,,,無年齡維度,0.0,女,遷出,國外,19
111,1,12,淡水區,,,,無年齡維度,0.0,男,遷出,國外,17
111,1,12,淡水區,,,,無年齡維度,0.0,女,遷出,新北市內,0
111,1,12,淡水區,,,,無年齡維度,0.0,男,遷出,新北市內,0
111,1,12,淡水區,,,,無年齡維度,0.0,女,遷出,桃園市,1
111,1,12,淡水區,,,,無年齡維度,0.0,男,遷出,桃園市,2
111,1,12,淡水區,,,,無年齡維度,0.0,女,遷出,福建省,0
111,1,12,淡水區,,,,無年齡維度,0.0,男,遷出,福建省,2
111,1,12,淡水區,,,,無年齡維度,0.0,女,遷出,臺中市,2
111,1,12,淡水區,,,,無年齡維度,0.0,男,遷出,臺中市,3
111,1,12,淡水區,,,,無年齡維度,0.0,女,遷出,臺北市,1
111,1,12,淡水區,,,,無年齡維度,0.0,男,遷出,臺北市,6
111,1,12,淡水區,,,,無年齡維度,0.0,女,遷出,臺南市,0
111,1,12,淡水區,,,,無年齡維度,0.0,男,遷出,臺南市,0
111,1,12,淡水區,,,,無年齡維度,0.0,女,遷出,臺灣省,39
111,1,12,淡水區,,,,無年齡維度,0.0,男,遷出,臺灣省,30
111,1,12,淡水區,,,,無年齡維度,0.0,女,遷出,高雄市,0
111,1,12,淡水區,,,,無年齡維度,0.0,男,遷出,高雄市,0
111,1,13,汐止區,,,,無年齡維度,0.0,女,遷入,migrants,298
111,1,13,汐止區,,,,無年齡維度,0.0,男,遷入,migrants,266
111,1,13,汐止區,,,,無年齡維度,0.0,女,遷入,other,0
111,1,13,汐止區,,,,無年齡維度,0.0,男,遷入,other,0
111,1,13,汐止區,,,,無年齡維度,0.0,女,遷入,其他縣市,0
111,1,13,汐止區,,,,無年齡維度,0.0,男,遷入,其他縣市,0
111,1,13,汐止區,,,,無年齡維度,0.0,女,遷入,其他鄉鎮,246
111,1,13,汐止區,,,,無年齡維度,0.0,男,遷入,其他鄉鎮,235
111,1,13,汐止區,,,,無年齡維度,0.0,女,遷入,合計,448
111,1,13,汐止區,,,,無年齡維度,0.0,男,遷入,合計,402
111,1,13,汐止區,,,,無年齡維度,0.0,女,遷入,國外,14
111,1,13,汐止區,,,,無年齡維度,0.0,男,遷入,國外,13
111,1,13,汐止區,,,,無年齡維度,0.0,女,遷入,新北市內,0
111,1,13,汐止區,,,,無年齡維度,0.0,男,遷入,新北市內,0
111,1,13,汐止區,,,,無年齡維度,0.0,女,遷入,桃園市,35
111,1,13,汐止區,,,,無年齡維度,0.0,男,遷入,桃園市,21
111,1,13,汐止區,,,,無年齡維度,0.0,女,遷入,福建省,1
111,1,13,汐止區,,,,無年齡維度,0.0,男,遷入,福建省,3
111,1,13,汐止區,,,,無年齡維度,0.0,女,遷入,臺中市,9
111,1,13,汐止區,,,,無年齡維度,0.0,男,遷入,臺中市,9
111,1,13,汐止區,,,,無年齡維度,0.0,女,遷入,臺北市,76
111,1,13,汐止區,,,,無年齡維度,0.0,男,遷入,臺北市,60
111,1,13,汐止區,,,,無年齡維度,0.0,女,遷入,臺南市,6
111,1,13,汐止區,,,,無年齡維度,0.0,男,遷入,臺南市,6
111,1,13,汐止區,,,,無年齡維度,0.0,女,遷入,臺灣省,39
111,1,13,汐止區,,,,無年齡維度,0.0,男,遷入,臺灣省,36
111,1,13,汐止區,,,,無年齡維度,0.0,女,遷入,高雄市,10
111,1,13,汐止區,,,,無年齡維度,0.0,男,遷入,高雄市,13
111,1,13,汐止區,,,,無年齡維度,0.0,女,遷出,migrants,298
111,1,13,汐止區,,,,無年齡維度,0.0,男,遷出,migrants,266
111,1,13,汐止區,,,,無年齡維度,0.0,女,遷出,other,0
111,1,13,汐止區,,,,無年齡維度,0.0,男,遷出,other,0
111,1,13,汐止區,,,,無年齡維度,0.0,女,遷出,其他縣市,0
111,1,13,汐止區,,,,無年齡維度,0.0,男,遷出,其他縣市,0
111,1,13,汐止區,,,,無年齡維度,0.0,女,遷出,其他鄉鎮,176
111,1,13,汐止區,,,,無年齡維度,0.0,男,遷出,其他鄉鎮,139
111,1,13,汐止區,,,,無年齡維度,0.0,女,遷出,合計,506
111,1,13,汐止區,,,,無年齡維度,0.0,男,遷出,合計,430
111,1,13,汐止區,,,,無年齡維度,0.0,女,遷出,國外,150
111,1,13,汐止區,,,,無年齡維度,0.0,男,遷出,國外,122
111,1,13,汐止區,,,,無年齡維度,0.0,女,遷出,新北市內,0
111,1,13,汐止區,,,,無年齡維度,0.0,男,遷出,新北市內,0
111,1,13,汐止區,,,,無年齡維度,0.0,女,遷出,桃園市,42
111,1,13,汐止區,,,,無年齡維度,0.0,男,遷出,桃園市,31
111,1,13,汐止區,,,,無年齡維度,0.0,女,遷出,福建省,5
111,1,13,汐止區,,,,無年齡維度,0.0,男,遷出,福建省,8
111,1,13,汐止區,,,,無年齡維度,0.0,女,遷出,臺中市,17
111,1,13,汐止區,,,,無年齡維度,0.0,男,遷出,臺中市,15
111,1,13,汐止區,,,,無年齡維度,0.0,女,遷出,臺北市,51
111,1,13,汐止區,,,,無年齡維度,0.0,男,遷出,臺北市,46
111,1,13,汐止區,,,,無年齡維度,0.0,女,遷出,臺南市,4
111,1,13,汐止區,,,,無年齡維度,0.0,男,遷出,臺南市,6
111,1,13,汐止區,,,,無年齡維度,0.0,女,遷出,臺灣省,48
111,1,13,汐止區,,,,無年齡維度,0.0,男,遷出,臺灣省,60
111,1,13,汐止區,,,,無年齡維度,0.0,女,遷出,高雄市,13
111,1,13,汐止區,,,,無年齡維度,0.0,男,遷出,高雄市,3
111,1,14,瑞芳區,,,,無年齡維度,0.0,女,遷入,migrants,242
111,1,14,瑞芳區,,,,無年齡維度,0.0,男,遷入,migrants,236
111,1,14,瑞芳區,,,,無年齡維度,0.0,女,遷入,other,0
111,1,14,瑞芳區,,,,無年齡維度,0.0,男,遷入,other,0
111,1,14,瑞芳區,,,,無年齡維度,0.0,女,遷入,其他縣市,0
111,1,14,瑞芳區,,,,無年齡維度,0.0,男,遷入,其他縣市,0
111,1,14,瑞芳區,,,,無年齡維度,0.0,女,遷入,其他鄉鎮,131
111,1,14,瑞芳區,,,,無年齡維度,0.0,男,遷入,其他鄉鎮,127
111,1,14,瑞芳區,,,,無年齡維度,0.0,女,遷入,合計,318
111,1,14,瑞芳區,,,,無年齡維度,0.0,男,遷入,合計,272
111,1,14,瑞芳區,,,,無年齡維度,0.0,女,遷入,國外,7
111,1,14,瑞芳區,,,,無年齡維度,0.0,男,遷入,國外,6
111,1,14,瑞芳區,,,,無年齡維度,0.0,女,遷入,新北市內,0
111,1,14,瑞芳區,,,,無年齡維度,0.0,男,遷入,新北市內,0
111,1,14,瑞芳區,,,,無年齡維度,0.0,女,遷入,桃園市,32
111,1,14,瑞芳區,,,,無年齡維度,0.0,男,遷入,桃園市,21
111,1,14,瑞芳區,,,,無年齡維度,0.0,女,遷入,福建省,2
111,1,14,瑞芳區,,,,無年齡維度,0.0,男,遷入,福建省,0
111,1,14,瑞芳區,,,,無年齡維度,0.0,女,遷入,臺中市,3
111,1,14,瑞芳區,,,,無年齡維度,0.0,男,遷入,臺中市,1
111,1,14,瑞芳區,,,,無年齡維度,0.0,女,遷入,臺北市,99
111,1,14,瑞芳區,,,,無年齡維度,0.0,男,遷入,臺北市,79
111,1,14,瑞芳區,,,,無年齡維度,0.0,女,遷入,臺南市,4
111,1,14,瑞芳區,,,,無年齡維度,0.0,男,遷入,臺南市,3
111,1,14,瑞芳區,,,,無年齡維度,0.0,女,遷入,臺灣省,26
111,1,14,瑞芳區,,,,無年齡維度,0.0,男,遷入,臺灣省,28
111,1,14,瑞芳區,,,,無年齡維度,0.0,女,遷入,高雄市,4
111,1,14,瑞芳區,,,,無年齡維度,0.0,男,遷入,高雄市,5
111,1,14,瑞芳區,,,,無年齡維度,0.0,女,遷出,migrants,242
111,1,14,瑞芳區,,,,無年齡維度,0.0,男,遷出,migrants,236
111,1,14,瑞芳區,,,,無年齡維度,0.0,女,遷出,other,0
111,1,14,瑞芳區,,,,無年齡維度,0.0,男,遷出,other,0
111,1,14,瑞芳區,,,,無年齡維度,0.0,女,遷出,其他縣市,0
111,1,14,瑞芳區,,,,無年齡維度,0.0,男,遷出,其他縣市,0
111,1,14,瑞芳區,,,,無年齡維度,0.0,女,遷出,其他鄉鎮,181
111,1,14,瑞芳區,,,,無年齡維度,0.0,男,遷出,其他鄉鎮,154
111,1,14,瑞芳區,,,,無年齡維度,0.0,女,遷出,合計,395
111,1,14,瑞芳區,,,,無年齡維度,0.0,男,遷出,合計,365
111,1,14,瑞芳區,,,,無年齡維度,0.0,女,遷出,國外,88
111,1,14,瑞芳區,,,,無年齡維度,0.0,男,遷出,國外,57
111,1,14,瑞芳區,,,,無年齡維度,0.0,女,遷出,新北市內,0
111,1,14,瑞芳區,,,,無年齡維度,0.0,男,遷出,新北市內,0
111,1,14,瑞芳區,,,,無年齡維度,0.0,女,遷出,桃園市,30
111,1,14,瑞芳區,,,,無年齡維度,0.0,男,遷出,桃園市,30
111,1,14,瑞芳區,,,,無年齡維度,0.0,女,遷出,福建省,1
111,1,14,瑞芳區,,,,無年齡維度,0.0,男,遷出,福建省,1
111,1,14,瑞芳區,,,,無年齡維度,0.0,女,遷出,臺中市,4
111,1,14,瑞芳區,,,,無年齡維度,0.0,男,遷出,臺中市,4
111,1,14,瑞芳區,,,,無年齡維度,0.0,女,遷出,臺北市,54
111,1,14,瑞芳區,,,,無年齡維度,0.0,男,遷出,臺北市,60
111,1,14,瑞芳區,,,,無年齡維度,0.0,女,遷出,臺南市,3
111,1,14,瑞芳區,,,,無年齡維度,0.0,男,遷出,臺南市,8
111,1,14,瑞芳區,,,,無年齡維度,0.0,女,遷出,臺灣省,28
111,1,14,瑞芳區,,,,無年齡維度,0.0,男,遷出,臺灣省,42
111,1,14,瑞芳區,,,,無年齡維度,0.0,女,遷出,高雄市,6
111,1,14,瑞芳區,,,,無年齡維度,0.0,男,遷出,高雄市,9
111,1,15,五股區,,,,無年齡維度,0.0,女,遷入,migrants,96
111,1,15,五股區,,,,無年齡維度,0.0,男,遷入,migrants,87
111,1,15,五股區,,,,無年齡維度,0.0,女,遷入,other,0
111,1,15,五股區,,,,無年齡維度,0.0,男,遷入,other,0
111,1,15,五股區,,,,無年齡維度,0.0,女,遷入,其他縣市,0
111,1,15,五股區,,,,無年齡維度,0.0,男,遷入,其他縣市,0
111,1,15,五股區,,,,無年齡維度,0.0,女,遷入,其他鄉鎮,157
111,1,15,五股區,,,,無年齡維度,0.0,男,遷入,其他鄉鎮,130
111,1,15,五股區,,,,無年齡維度,0.0,女,遷入,合計,242
111,1,15,五股區,,,,無年齡維度,0.0,男,遷入,合計,205
111,1,15,五股區,,,,無年齡維度,0.0,女,遷入,國外,4
111,1,15,五股區,,,,無年齡維度,0.0,男,遷入,國外,6
111,1,15,五股區,,,,無年齡維度,0.0,女,遷入,新北市內,0
111,1,15,五股區,,,,無年齡維度,0.0,男,遷入,新北市內,0
111,1,15,五股區,,,,無年齡維度,0.0,女,遷入,桃園市,14
111,1,15,五股區,,,,無年齡維度,0.0,男,遷入,桃園市,18
111,1,15,五股區,,,,無年齡維度,0.0,女,遷入,福建省,0
111,1,15,五股區,,,,無年齡維度,0.0,男,遷入,福建省,0
111,1,15,五股區,,,,無年齡維度,0.0,女,遷入,臺中市,0
111,1,15,五股區,,,,無年齡維度,0.0,男,遷入,臺中市,1
111,1,15,五股區,,,,無年齡維度,0.0,女,遷入,臺北市,40
111,1,15,五股區,,,,無年齡維度,0.0,男,遷入,臺北市,32
111,1,15,五股區,,,,無年齡維度,0.0,女,遷入,臺南市,1
111,1,15,五股區,,,,無年齡維度,0.0,男,遷入,臺南市,1
111,1,15,五股區,,,,無年齡維度,0.0,女,遷入,臺灣省,16
111,1,15,五股區,,,,無年齡維度,0.0,男,遷入,臺灣省,13
111,1,15,五股區,,,,無年齡維度,0.0,女,遷入,高雄市,5
111,1,15,五股區,,,,無年齡維度,0.0,男,遷入,高雄市,2
111,1,15,五股區,,,,無年齡維度,0.0,女,遷出,migrants,96
111,1,15,五股區,,,,無年齡維度,0.0,男,遷出,migrants,87
111,1,15,五股區,,,,無年齡維度,0.0,女,遷出,other,0
111,1,15,五股區,,,,無年齡維度,0.0,男,遷出,other,0
111,1,15,五股區,,,,無年齡維度,0.0,女,遷出,其他縣市,0
111,1,15,五股區,,,,無年齡維度,0.0,男,遷出,其他縣市,0
111,1,15,五股區,,,,無年齡維度,0.0,女,遷出,其他鄉鎮,118
111,1,15,五股區,,,,無年齡維度,0.0,男,遷出,其他鄉鎮,85
111,1,15,五股區,,,,無年齡維度,0.0,女,遷出,合計,227
111,1,15,五股區,,,,無年齡維度,0.0,男,遷出,合計,169
111,1,15,五股區,,,,無年齡維度,0.0,女,遷出,國外,42
111,1,15,五股區,,,,無年齡維度,0.0,男,遷出,國外,29
111,1,15,五股區,,,,無年齡維度,0.0,女,遷出,新北市內,0
111,1,15,五股區,,,,無年齡維度,0.0,男,遷出,新北市內,0
111,1,15,五股區,,,,無年齡維度,0.0,女,遷出,桃園市,18
111,1,15,五股區,,,,無年齡維度,0.0,男,遷出,桃園市,15
111,1,15,五股區,,,,無年齡維度,0.0,女,遷出,福建省,1
111,1,15,五股區,,,,無年齡維度,0.0,男,遷出,福建省,0
111,1,15,五股區,,,,無年齡維度,0.0,女,遷出,臺中市,5
111,1,15,五股區,,,,無年齡維度,0.0,男,遷出,臺中市,5
111,1,15,五股區,,,,無年齡維度,0.0,女,遷出,臺北市,18
111,1,15,五股區,,,,無年齡維度,0.0,男,遷出,臺北市,14
111,1,15,五股區,,,,無年齡維度,0.0,女,遷出,臺南市,3
111,1,15,五股區,,,,無年齡維度,0.0,男,遷出,臺南市,0
111,1,15,五股區,,,,無年齡維度,0.0,女,遷出,臺灣省,21
111,1,15,五股區,,,,無年齡維度,0.0,男,遷出,臺灣省,19
111,1,15,五股區,,,,無年齡維度,0.0,女,遷出,高雄市,1
111,1,15,五股區,,,,無年齡維度,0.0,男,遷出,高雄市,2
111,1,16,泰山區,,,,無年齡維度,0.0,女,遷入,migrants,65
111,1,16,泰山區,,,,無年齡維度,0.0,男,遷入,migrants,65
111,1,16,泰山區,,,,無年齡維度,0.0,女,遷入,other,0
111,1,16,泰山區,,,,無年齡維度,0.0,男,遷入,other,0
111,1,16,泰山區,,,,無年齡維度,0.0,女,遷入,其他縣市,0
111,1,16,泰山區,,,,無年齡維度,0.0,男,遷入,其他縣市,0
111,1,16,泰山區,,,,無年齡維度,0.0,女,遷入,其他鄉鎮,95
111,1,16,泰山區,,,,無年齡維度,0.0,男,遷入,其他鄉鎮,74
111,1,16,泰山區,,,,無年齡維度,0.0,女,遷入,合計,159
111,1,16,泰山區,,,,無年齡維度,0.0,男,遷入,合計,124
111,1,16,泰山區,,,,無年齡維度,0.0,女,遷入,國外,1
111,1,16,泰山區,,,,無年齡維度,0.0,男,遷入,國外,4
111,1,16,泰山區,,,,無年齡維度,0.0,女,遷入,新北市內,0
111,1,16,泰山區,,,,無年齡維度,0.0,男,遷入,新北市內,0
111,1,16,泰山區,,,,無年齡維度,0.0,女,遷入,桃園市,12
111,1,16,泰山區,,,,無年齡維度,0.0,男,遷入,桃園市,11
111,1,16,泰山區,,,,無年齡維度,0.0,女,遷入,福建省,0
111,1,16,泰山區,,,,無年齡維度,0.0,男,遷入,福建省,0
111,1,16,泰山區,,,,無年齡維度,0.0,女,遷入,臺中市,1
111,1,16,泰山區,,,,無年齡維度,0.0,男,遷入,臺中市,2
111,1,16,泰山區,,,,無年齡維度,0.0,女,遷入,臺北市,27
111,1,16,泰山區,,,,無年齡維度,0.0,男,遷入,臺北市,14
111,1,16,泰山區,,,,無年齡維度,0.0,女,遷入,臺南市,1
111,1,16,泰山區,,,,無年齡維度,0.0,男,遷入,臺南市,0
111,1,16,泰山區,,,,無年齡維度,0.0,女,遷入,臺灣省,19
111,1,16,泰山區,,,,無年齡維度,0.0,男,遷入,臺灣省,17
111,1,16,泰山區,,,,無年齡維度,0.0,女,遷入,高雄市,0
111,1,16,泰山區,,,,無年齡維度,0.0,男,遷入,高雄市,1
111,1,16,泰山區,,,,無年齡維度,0.0,女,遷出,migrants,65
111,1,16,泰山區,,,,無年齡維度,0.0,男,遷出,migrants,65
111,1,16,泰山區,,,,無年齡維度,0.0,女,遷出,other,0
111,1,16,泰山區,,,,無年齡維度,0.0,男,遷出,other,0
111,1,16,泰山區,,,,無年齡維度,0.0,女,遷出,其他縣市,0
111,1,16,泰山區,,,,無年齡維度,0.0,男,遷出,其他縣市,0
111,1,16,泰山區,,,,無年齡維度,0.0,女,遷出,其他鄉鎮,82
111,1,16,泰山區,,,,無年齡維度,0.0,男,遷出,其他鄉鎮,64
111,1,16,泰山區,,,,無年齡維度,0.0,女,遷出,合計,179
111,1,16,泰山區,,,,無年齡維度,0.0,男,遷出,合計,161
111,1,16,泰山區,,,,無年齡維度,0.0,女,遷出,國外,29
111,1,16,泰山區,,,,無年齡維度,0.0,男,遷出,國外,37
111,1,16,泰山區,,,,無年齡維度,0.0,女,遷出,新北市內,0
111,1,16,泰山區,,,,無年齡維度,0.0,男,遷出,新北市內,0
111,1,16,泰山區,,,,無年齡維度,0.0,女,遷出,桃園市,29
111,1,16,泰山區,,,,無年齡維度,0.0,男,遷出,桃園市,24
111,1,16,泰山區,,,,無年齡維度,0.0,女,遷出,福建省,0
111,1,16,泰山區,,,,無年齡維度,0.0,男,遷出,福建省,2
111,1,16,泰山區,,,,無年齡維度,0.0,女,遷出,臺中市,1
111,1,16,泰山區,,,,無年齡維度,0.0,男,遷出,臺中市,2
111,1,16,泰山區,,,,無年齡維度,0.0,女,遷出,臺北市,13
111,1,16,泰山區,,,,無年齡維度,0.0,男,遷出,臺北市,9
111,1,16,泰山區,,,,無年齡維度,0.0,女,遷出,臺南市,1
111,1,16,泰山區,,,,無年齡維度,0.0,男,遷出,臺南市,1
111,1,16,泰山區,,,,無年齡維度,0.0,女,遷出,臺灣省,20
111,1,16,泰山區,,,,無年齡維度,0.0,男,遷出,臺灣省,18
111,1,16,泰山區,,,,無年齡維度,0.0,女,遷出,高雄市,4
111,1,16,泰山區,,,,無年齡維度,0.0,男,遷出,高雄市,4
111,1,17,林口區,,,,無年齡維度,0.0,女,遷入,migrants,215
111,1,17,林口區,,,,無年齡維度,0.0,男,遷入,migrants,211
111,1,17,林口區,,,,無年齡維度,0.0,女,遷入,other,0
111,1,17,林口區,,,,無年齡維度,0.0,男,遷入,other,0
111,1,17,林口區,,,,無年齡維度,0.0,女,遷入,其他縣市,0
111,1,17,林口區,,,,無年齡維度,0.0,男,遷入,其他縣市,0
111,1,17,林口區,,,,無年齡維度,0.0,女,遷入,其他鄉鎮,111
111,1,17,林口區,,,,無年齡維度,0.0,男,遷入,其他鄉鎮,93
111,1,17,林口區,,,,無年齡維度,0.0,女,遷入,合計,451
111,1,17,林口區,,,,無年齡維度,0.0,男,遷入,合計,367
111,1,17,林口區,,,,無年齡維度,0.0,女,遷入,國外,9
111,1,17,林口區,,,,無年齡維度,0.0,男,遷入,國外,8
111,1,17,林口區,,,,無年齡維度,0.0,女,遷入,新北市內,0
111,1,17,林口區,,,,無年齡維度,0.0,男,遷入,新北市內,0
111,1,17,林口區,,,,無年齡維度,0.0,女,遷入,桃園市,115
111,1,17,林口區,,,,無年齡維度,0.0,男,遷入,桃園市,103
111,1,17,林口區,,,,無年齡維度,0.0,女,遷入,福建省,3
111,1,17,林口區,,,,無年齡維度,0.0,男,遷入,福建省,0
111,1,17,林口區,,,,無年齡維度,0.0,女,遷入,臺中市,13
111,1,17,林口區,,,,無年齡維度,0.0,男,遷入,臺中市,12
111,1,17,林口區,,,,無年齡維度,0.0,女,遷入,臺北市,130
111,1,17,林口區,,,,無年齡維度,0.0,男,遷入,臺北市,92
111,1,17,林口區,,,,無年齡維度,0.0,女,遷入,臺南市,4
111,1,17,林口區,,,,無年齡維度,0.0,男,遷入,臺南市,4
111,1,17,林口區,,,,無年齡維度,0.0,女,遷入,臺灣省,44
111,1,17,林口區,,,,無年齡維度,0.0,男,遷入,臺灣省,29
111,1,17,林口區,,,,無年齡維度,0.0,女,遷入,高雄市,13
111,1,17,林口區,,,,無年齡維度,0.0,男,遷入,高雄市,14
111,1,17,林口區,,,,無年齡維度,0.0,女,遷出,migrants,215
111,1,17,林口區,,,,無年齡維度,0.0,男,遷出,migrants,211
111,1,17,林口區,,,,無年齡維度,0.0,女,遷出,other,0
111,1,17,林口區,,,,無年齡維度,0.0,男,遷出,other,0
111,1,17,林口區,,,,無年齡維度,0.0,女,遷出,其他縣市,0
111,1,17,林口區,,,,無年齡維度,0.0,男,遷出,其他縣市,0
111,1,17,林口區,,,,無年齡維度,0.0,女,遷出,其他鄉鎮,60
111,1,17,林口區,,,,無年齡維度,0.0,男,遷出,其他鄉鎮,61
111,1,17,林口區,,,,無年齡維度,0.0,女,遷出,合計,369
111,1,17,林口區,,,,無年齡維度,0.0,男,遷出,合計,325
111,1,17,林口區,,,,無年齡維度,0.0,女,遷出,國外,124
111,1,17,林口區,,,,無年齡維度,0.0,男,遷出,國外,105
111,1,17,林口區,,,,無年齡維度,0.0,女,遷出,新北市內,0
111,1,17,林口區,,,,無年齡維度,0.0,男,遷出,新北市內,0
111,1,17,林口區,,,,無年齡維度,0.0,女,遷出,桃園市,110
111,1,17,林口區,,,,無年齡維度,0.0,男,遷出,桃園市,80
111,1,17,林口區,,,,無年齡維度,0.0,女,遷出,福建省,1
111,1,17,林口區,,,,無年齡維度,0.0,男,遷出,福建省,2
111,1,17,林口區,,,,無年齡維度,0.0,女,遷出,臺中市,12
111,1,17,林口區,,,,無年齡維度,0.0,男,遷出,臺中市,9
111,1,17,林口區,,,,無年齡維度,0.0,女,遷出,臺北市,34
111,1,17,林口區,,,,無年齡維度,0.0,男,遷出,臺北市,42
111,1,17,林口區,,,,無年齡維度,0.0,女,遷出,臺南市,2
111,1,17,林口區,,,,無年齡維度,0.0,男,遷出,臺南市,3
111,1,17,林口區,,,,無年齡維度,0.0,女,遷出,臺灣省,20
111,1,17,林口區,,,,無年齡維度,0.0,男,遷出,臺灣省,20
111,1,17,林口區,,,,無年齡維度,0.0,女,遷出,高雄市,6
111,1,17,林口區,,,,無年齡維度,0.0,男,遷出,高雄市,3
111,1,18,八里區,,,,無年齡維度,0.0,女,遷入,migrants,26
111,1,18,八里區,,,,無年齡維度,0.0,男,遷入,migrants,26
111,1,18,八里區,,,,無年齡維度,0.0,女,遷入,other,0
111,1,18,八里區,,,,無年齡維度,0.0,男,遷入,other,0
111,1,18,八里區,,,,無年齡維度,0.0,女,遷入,其他縣市,0
111,1,18,八里區,,,,無年齡維度,0.0,男,遷入,其他縣市,0
111,1,18,八里區,,,,無年齡維度,0.0,女,遷入,其他鄉鎮,11
111,1,18,八里區,,,,無年齡維度,0.0,男,遷入,其他鄉鎮,15
111,1,18,八里區,,,,無年齡維度,0.0,女,遷入,合計,38
111,1,18,八里區,,,,無年齡維度,0.0,男,遷入,合計,36
111,1,18,八里區,,,,無年齡維度,0.0,女,遷入,國外,4
111,1,18,八里區,,,,無年齡維度,0.0,男,遷入,國外,1
111,1,18,八里區,,,,無年齡維度,0.0,女,遷入,新北市內,0
111,1,18,八里區,,,,無年齡維度,0.0,男,遷入,新北市內,0
111,1,18,八里區,,,,無年齡維度,0.0,女,遷入,桃園市,1
111,1,18,八里區,,,,無年齡維度,0.0,男,遷入,桃園市,1
111,1,18,八里區,,,,無年齡維度,0.0,女,遷入,福建省,0
111,1,18,八里區,,,,無年齡維度,0.0,男,遷入,福建省,1
111,1,18,八里區,,,,無年齡維度,0.0,女,遷入,臺中市,1
111,1,18,八里區,,,,無年齡維度,0.0,男,遷入,臺中市,0
111,1,18,八里區,,,,無年齡維度,0.0,女,遷入,臺北市,15
111,1,18,八里區,,,,無年齡維度,0.0,男,遷入,臺北市,14
111,1,18,八里區,,,,無年齡維度,0.0,女,遷入,臺南市,0
111,1,18,八里區,,,,無年齡維度,0.0,男,遷入,臺南市,1
111,1,18,八里區,,,,無年齡維度,0.0,女,遷入,臺灣省,6
111,1,18,八里區,,,,無年齡維度,0.0,男,遷入,臺灣省,3
111,1,18,八里區,,,,無年齡維度,0.0,女,遷入,高雄市,0
111,1,18,八里區,,,,無年齡維度,0.0,男,遷入,高雄市,0
111,1,18,八里區,,,,無年齡維度,0.0,女,遷出,migrants,26
111,1,18,八里區,,,,無年齡維度,0.0,男,遷出,migrants,26
111,1,18,八里區,,,,無年齡維度,0.0,女,遷出,other,0
111,1,18,八里區,,,,無年齡維度,0.0,男,遷出,other,0
111,1,18,八里區,,,,無年齡維度,0.0,女,遷出,其他縣市,0
111,1,18,八里區,,,,無年齡維度,0.0,男,遷出,其他縣市,0
111,1,18,八里區,,,,無年齡維度,0.0,女,遷出,其他鄉鎮,23
111,1,18,八里區,,,,無年齡維度,0.0,男,遷出,其他鄉鎮,25
111,1,18,八里區,,,,無年齡維度,0.0,女,遷出,合計,73
111,1,18,八里區,,,,無年齡維度,0.0,男,遷出,合計,62
111,1,18,八里區,,,,無年齡維度,0.0,女,遷出,國外,22
111,1,18,八里區,,,,無年齡維度,0.0,男,遷出,國外,15
111,1,18,八里區,,,,無年齡維度,0.0,女,遷出,新北市內,0
111,1,18,八里區,,,,無年齡維度,0.0,男,遷出,新北市內,0
111,1,18,八里區,,,,無年齡維度,0.0,女,遷出,桃園市,2
111,1,18,八里區,,,,無年齡維度,0.0,男,遷出,桃園市,3
111,1,18,八里區,,,,無年齡維度,0.0,女,遷出,福建省,0
111,1,18,八里區,,,,無年齡維度,0.0,男,遷出,福建省,0
111,1,18,八里區,,,,無年齡維度,0.0,女,遷出,臺中市,2
111,1,18,八里區,,,,無年齡維度,0.0,男,遷出,臺中市,1
111,1,18,八里區,,,,無年齡維度,0.0,女,遷出,臺北市,11
111,1,18,八里區,,,,無年齡維度,0.0,男,遷出,臺北市,11
111,1,18,八里區,,,,無年齡維度,0.0,女,遷出,臺南市,0
111,1,18,八里區,,,,無年齡維度,0.0,男,遷出,臺南市,0
111,1,18,八里區,,,,無年齡維度,0.0,女,遷出,臺灣省,9
111,1,18,八里區,,,,無年齡維度,0.0,男,遷出,臺灣省,5
111,1,18,八里區,,,,無年齡維度,0.0,女,遷出,高雄市,4
111,1,18,八里區,,,,無年齡維度,0.0,男,遷出,高雄市,2
111,1,19,深坑區,,,,無年齡維度,0.0,女,遷入,migrants,3
111,1,19,深坑區,,,,無年齡維度,0.0,男,遷入,migrants,2
111,1,19,深坑區,,,,無年齡維度,0.0,女,遷入,other,0
111,1,19,深坑區,,,,無年齡維度,0.0,男,遷入,other,0
111,1,19,深坑區,,,,無年齡維度,0.0,女,遷入,其他縣市,0
111,1,19,深坑區,,,,無年齡維度,0.0,男,遷入,其他縣市,0
111,1,19,深坑區,,,,無年齡維度,0.0,女,遷入,其他鄉鎮,6
111,1,19,深坑區,,,,無年齡維度,0.0,男,遷入,其他鄉鎮,5
111,1,19,深坑區,,,,無年齡維度,0.0,女,遷入,合計,12
111,1,19,深坑區,,,,無年齡維度,0.0,男,遷入,合計,10
111,1,19,深坑區,,,,無年齡維度,0.0,女,遷入,國外,0
111,1,19,深坑區,,,,無年齡維度,0.0,男,遷入,國外,0
111,1,19,深坑區,,,,無年齡維度,0.0,女,遷入,新北市內,0
111,1,19,深坑區,,,,無年齡維度,0.0,男,遷入,新北市內,0
111,1,19,深坑區,,,,無年齡維度,0.0,女,遷入,桃園市,1
111,1,19,深坑區,,,,無年齡維度,0.0,男,遷入,桃園市,0
111,1,19,深坑區,,,,無年齡維度,0.0,女,遷入,福建省,0
111,1,19,深坑區,,,,無年齡維度,0.0,男,遷入,福建省,0
111,1,19,深坑區,,,,無年齡維度,0.0,女,遷入,臺中市,0
111,1,19,深坑區,,,,無年齡維度,0.0,男,遷入,臺中市,0
111,1,19,深坑區,,,,無年齡維度,0.0,女,遷入,臺北市,4
111,1,19,深坑區,,,,無年齡維度,0.0,男,遷入,臺北市,4
111,1,19,深坑區,,,,無年齡維度,0.0,女,遷入,臺南市,0
111,1,19,深坑區,,,,無年齡維度,0.0,男,遷入,臺南市,0
111,1,19,深坑區,,,,無年齡維度,0.0,女,遷入,臺灣省,1
111,1,19,深坑區,,,,無年齡維度,0.0,男,遷入,臺灣省,0
111,1,19,深坑區,,,,無年齡維度,0.0,女,遷入,高雄市,0
111,1,19,深坑區,,,,無年齡維度,0.0,男,遷入,高雄市,1
111,1,19,深坑區,,,,無年齡維度,0.0,女,遷出,migrants,3
111,1,19,深坑區,,,,無年齡維度,0.0,男,遷出,migrants,2
111,1,19,深坑區,,,,無年齡維度,0.0,女,遷出,other,0
111,1,19,深坑區,,,,無年齡維度,0.0,男,遷出,other,0
111,1,19,深坑區,,,,無年齡維度,0.0,女,遷出,其他縣市,0
111,1,19,深坑區,,,,無年齡維度,0.0,男,遷出,其他縣市,0
111,1,19,深坑區,,,,無年齡維度,0.0,女,遷出,其他鄉鎮,3
111,1,19,深坑區,,,,無年齡維度,0.0,男,遷出,其他鄉鎮,6
111,1,19,深坑區,,,,無年齡維度,0.0,女,遷出,合計,11
111,1,19,深坑區,,,,無年齡維度,0.0,男,遷出,合計,13
111,1,19,深坑區,,,,無年齡維度,0.0,女,遷出,國外,3
111,1,19,深坑區,,,,無年齡維度,0.0,男,遷出,國外,5
111,1,19,深坑區,,,,無年齡維度,0.0,女,遷出,新北市內,0
111,1,19,深坑區,,,,無年齡維度,0.0,男,遷出,新北市內,0
111,1,19,深坑區,,,,無年齡維度,0.0,女,遷出,桃園市,2
111,1,19,深坑區,,,,無年齡維度,0.0,男,遷出,桃園市,0
111,1,19,深坑區,,,,無年齡維度,0.0,女,遷出,福建省,0
111,1,19,深坑區,,,,無年齡維度,0.0,男,遷出,福建省,0
111,1,19,深坑區,,,,無年齡維度,0.0,女,遷出,臺中市,1
111,1,19,深坑區,,,,無年齡維度,0.0,男,遷出,臺中市,0
111,1,19,深坑區,,,,無年齡維度,0.0,女,遷出,臺北市,2
111,1,19,深坑區,,,,無年齡維度,0.0,男,遷出,臺北市,2
111,1,19,深坑區,,,,無年齡維度,0.0,女,遷出,臺南市,0
111,1,19,深坑區,,,,無年齡維度,0.0,男,遷出,臺南市,0
111,1,19,深坑區,,,,無年齡維度,0.0,女,遷出,臺灣省,0
111,1,19,深坑區,,,,無年齡維度,0.0,男,遷出,臺灣省,0
111,1,19,深坑區,,,,無年齡維度,0.0,女,遷出,高雄市,0
111,1,19,深坑區,,,,無年齡維度,0.0,男,遷出,高雄市,0
111,1,20,石碇區,,,,無年齡維度,0.0,女,遷入,migrants,5
111,1,20,石碇區,,,,無年齡維度,0.0,男,遷入,migrants,0
111,1,20,石碇區,,,,無年齡維度,0.0,女,遷入,other,0
111,1,20,石碇區,,,,無年齡維度,0.0,男,遷入,other,0
111,1,20,石碇區,,,,無年齡維度,0.0,女,遷入,其他縣市,0
111,1,20,石碇區,,,,無年齡維度,0.0,男,遷入,其他縣市,0
111,1,20,石碇區,,,,無年齡維度,0.0,女,遷入,其他鄉鎮,8
111,1,20,石碇區,,,,無年齡維度,0.0,男,遷入,其他鄉鎮,3
111,1,20,石碇區,,,,無年齡維度,0.0,女,遷入,合計,16
111,1,20,石碇區,,,,無年齡維度,0.0,男,遷入,合計,11
111,1,20,石碇區,,,,無年齡維度,0.0,女,遷入,國外,0
111,1,20,石碇區,,,,無年齡維度,0.0,男,遷入,國外,0
111,1,20,石碇區,,,,無年齡維度,0.0,女,遷入,新北市內,0
111,1,20,石碇區,,,,無年齡維度,0.0,男,遷入,新北市內,0
111,1,20,石碇區,,,,無年齡維度,0.0,女,遷入,桃園市,0
111,1,20,石碇區,,,,無年齡維度,0.0,男,遷入,桃園市,0
111,1,20,石碇區,,,,無年齡維度,0.0,女,遷入,福建省,0
111,1,20,石碇區,,,,無年齡維度,0.0,男,遷入,福建省,0
111,1,20,石碇區,,,,無年齡維度,0.0,女,遷入,臺中市,0
111,1,20,石碇區,,,,無年齡維度,0.0,男,遷入,臺中市,1
111,1,20,石碇區,,,,無年齡維度,0.0,女,遷入,臺北市,7
111,1,20,石碇區,,,,無年齡維度,0.0,男,遷入,臺北市,7
111,1,20,石碇區,,,,無年齡維度,0.0,女,遷入,臺南市,0
111,1,20,石碇區,,,,無年齡維度,0.0,男,遷入,臺南市,0
111,1,20,石碇區,,,,無年齡維度,0.0,女,遷入,臺灣省,1
111,1,20,石碇區,,,,無年齡維度,0.0,男,遷入,臺灣省,0
111,1,20,石碇區,,,,無年齡維度,0.0,女,遷入,高雄市,0
111,1,20,石碇區,,,,無年齡維度,0.0,男,遷入,高雄市,0
111,1,20,石碇區,,,,無年齡維度,0.0,女,遷出,migrants,5
111,1,20,石碇區,,,,無年齡維度,0.0,男,遷出,migrants,0
111,1,20,石碇區,,,,無年齡維度,0.0,女,遷出,other,0
111,1,20,石碇區,,,,無年齡維度,0.0,男,遷出,other,0
111,1,20,石碇區,,,,無年齡維度,0.0,女,遷出,其他縣市,0
111,1,20,石碇區,,,,無年齡維度,0.0,男,遷出,其他縣市,0
111,1,20,石碇區,,,,無年齡維度,0.0,女,遷出,其他鄉鎮,9
111,1,20,石碇區,,,,無年齡維度,0.0,男,遷出,其他鄉鎮,3
111,1,20,石碇區,,,,無年齡維度,0.0,女,遷出,合計,10
111,1,20,石碇區,,,,無年齡維度,0.0,男,遷出,合計,10
111,1,20,石碇區,,,,無年齡維度,0.0,女,遷出,國外,1
111,1,20,石碇區,,,,無年齡維度,0.0,男,遷出,國外,0
111,1,20,石碇區,,,,無年齡維度,0.0,女,遷出,新北市內,0
111,1,20,石碇區,,,,無年齡維度,0.0,男,遷出,新北市內,0
111,1,20,石碇區,,,,無年齡維度,0.0,女,遷出,桃園市,0
111,1,20,石碇區,,,,無年齡維度,0.0,男,遷出,桃園市,0
111,1,20,石碇區,,,,無年齡維度,0.0,女,遷出,福建省,0
111,1,20,石碇區,,,,無年齡維度,0.0,男,遷出,福建省,0
111,1,20,石碇區,,,,無年齡維度,0.0,女,遷出,臺中市,0
111,1,20,石碇區,,,,無年齡維度,0.0,男,遷出,臺中市,0
111,1,20,石碇區,,,,無年齡維度,0.0,女,遷出,臺北市,0
111,1,20,石碇區,,,,無年齡維度,0.0,男,遷出,臺北市,4
111,1,20,石碇區,,,,無年齡維度,0.0,女,遷出,臺南市,0
111,1,20,石碇區,,,,無年齡維度,0.0,男,遷出,臺南市,0
111,1,20,石碇區,,,,無年齡維度,0.0,女,遷出,臺灣省,0
111,1,20,石碇區,,,,無年齡維度,0.0,男,遷出,臺灣省,3
111,1,20,石碇區,,,,無年齡維度,0.0,女,遷出,高雄市,0
111,1,20,石碇區,,,,無年齡維度,0.0,男,遷出,高雄市,0
111,1,21,坪林區,,,,無年齡維度,0.0,女,遷入,migrants,8
111,1,21,坪林區,,,,無年齡維度,0.0,男,遷入,migrants,6
111,1,21,坪林區,,,,無年齡維度,0.0,女,遷入,other,0
111,1,21,坪林區,,,,無年齡維度,0.0,男,遷入,other,0
111,1,21,坪林區,,,,無年齡維度,0.0,女,遷入,其他縣市,0
111,1,21,坪林區,,,,無年齡維度,0.0,男,遷入,其他縣市,0
111,1,21,坪林區,,,,無年齡維度,0.0,女,遷入,其他鄉鎮,17
111,1,21,坪林區,,,,無年齡維度,0.0,男,遷入,其他鄉鎮,14
111,1,21,坪林區,,,,無年齡維度,0.0,女,遷入,合計,35
111,1,21,坪林區,,,,無年齡維度,0.0,男,遷入,合計,28
111,1,21,坪林區,,,,無年齡維度,0.0,女,遷入,國外,0
111,1,21,坪林區,,,,無年齡維度,0.0,男,遷入,國外,0
111,1,21,坪林區,,,,無年齡維度,0.0,女,遷入,新北市內,0
111,1,21,坪林區,,,,無年齡維度,0.0,男,遷入,新北市內,0
111,1,21,坪林區,,,,無年齡維度,0.0,女,遷入,桃園市,1
111,1,21,坪林區,,,,無年齡維度,0.0,男,遷入,桃園市,4
111,1,21,坪林區,,,,無年齡維度,0.0,女,遷入,福建省,0
111,1,21,坪林區,,,,無年齡維度,0.0,男,遷入,福建省,0
111,1,21,坪林區,,,,無年齡維度,0.0,女,遷入,臺中市,2
111,1,21,坪林區,,,,無年齡維度,0.0,男,遷入,臺中市,0
111,1,21,坪林區,,,,無年齡維度,0.0,女,遷入,臺北市,8
111,1,21,坪林區,,,,無年齡維度,0.0,男,遷入,臺北市,7
111,1,21,坪林區,,,,無年齡維度,0.0,女,遷入,臺南市,1
111,1,21,坪林區,,,,無年齡維度,0.0,男,遷入,臺南市,0
111,1,21,坪林區,,,,無年齡維度,0.0,女,遷入,臺灣省,3
111,1,21,坪林區,,,,無年齡維度,0.0,男,遷入,臺灣省,2
111,1,21,坪林區,,,,無年齡維度,0.0,女,遷入,高雄市,1
111,1,21,坪林區,,,,無年齡維度,0.0,男,遷入,高雄市,0
111,1,21,坪林區,,,,無年齡維度,0.0,女,遷出,migrants,8
111,1,21,坪林區,,,,無年齡維度,0.0,男,遷出,migrants,6
111,1,21,坪林區,,,,無年齡維度,0.0,女,遷出,other,0
111,1,21,坪林區,,,,無年齡維度,0.0,男,遷出,other,0
111,1,21,坪林區,,,,無年齡維度,0.0,女,遷出,其他縣市,0
111,1,21,坪林區,,,,無年齡維度,0.0,男,遷出,其他縣市,0
111,1,21,坪林區,,,,無年齡維度,0.0,女,遷出,其他鄉鎮,20
111,1,21,坪林區,,,,無年齡維度,0.0,男,遷出,其他鄉鎮,13
111,1,21,坪林區,,,,無年齡維度,0.0,女,遷出,合計,53
111,1,21,坪林區,,,,無年齡維度,0.0,男,遷出,合計,42
111,1,21,坪林區,,,,無年齡維度,0.0,女,遷出,國外,16
111,1,21,坪林區,,,,無年齡維度,0.0,男,遷出,國外,13
111,1,21,坪林區,,,,無年齡維度,0.0,女,遷出,新北市內,0
111,1,21,坪林區,,,,無年齡維度,0.0,男,遷出,新北市內,0
111,1,21,坪林區,,,,無年齡維度,0.0,女,遷出,桃園市,3
111,1,21,坪林區,,,,無年齡維度,0.0,男,遷出,桃園市,0
111,1,21,坪林區,,,,無年齡維度,0.0,女,遷出,福建省,0
111,1,21,坪林區,,,,無年齡維度,0.0,男,遷出,福建省,1
111,1,21,坪林區,,,,無年齡維度,0.0,女,遷出,臺中市,2
111,1,21,坪林區,,,,無年齡維度,0.0,男,遷出,臺中市,1
111,1,21,坪林區,,,,無年齡維度,0.0,女,遷出,臺北市,7
111,1,21,坪林區,,,,無年齡維度,0.0,男,遷出,臺北市,5
111,1,21,坪林區,,,,無年齡維度,0.0,女,遷出,臺南市,0
111,1,21,坪林區,,,,無年齡維度,0.0,男,遷出,臺南市,0
111,1,21,坪林區,,,,無年齡維度,0.0,女,遷出,臺灣省,4
111,1,21,坪林區,,,,無年齡維度,0.0,男,遷出,臺灣省,8
111,1,21,坪林區,,,,無年齡維度,0.0,女,遷出,高雄市,1
111,1,21,坪林區,,,,無年齡維度,0.0,男,遷出,高雄市,1
111,1,22,三芝區,,,,無年齡維度,0.0,女,遷入,migrants,6
111,1,22,三芝區,,,,無年齡維度,0.0,男,遷入,migrants,8
111,1,22,三芝區,,,,無年齡維度,0.0,女,遷入,other,0
111,1,22,三芝區,,,,無年齡維度,0.0,男,遷入,other,0
111,1,22,三芝區,,,,無年齡維度,0.0,女,遷入,其他縣市,0
111,1,22,三芝區,,,,無年齡維度,0.0,男,遷入,其他縣市,0
111,1,22,三芝區,,,,無年齡維度,0.0,女,遷入,其他鄉鎮,5
111,1,22,三芝區,,,,無年齡維度,0.0,男,遷入,其他鄉鎮,3
111,1,22,三芝區,,,,無年齡維度,0.0,女,遷入,合計,7
111,1,22,三芝區,,,,無年齡維度,0.0,男,遷入,合計,4
111,1,22,三芝區,,,,無年齡維度,0.0,女,遷入,國外,1
111,1,22,三芝區,,,,無年齡維度,0.0,男,遷入,國外,1
111,1,22,三芝區,,,,無年齡維度,0.0,女,遷入,新北市內,0
111,1,22,三芝區,,,,無年齡維度,0.0,男,遷入,新北市內,0
111,1,22,三芝區,,,,無年齡維度,0.0,女,遷入,桃園市,0
111,1,22,三芝區,,,,無年齡維度,0.0,男,遷入,桃園市,0
111,1,22,三芝區,,,,無年齡維度,0.0,女,遷入,福建省,0
111,1,22,三芝區,,,,無年齡維度,0.0,男,遷入,福建省,0
111,1,22,三芝區,,,,無年齡維度,0.0,女,遷入,臺中市,0
111,1,22,三芝區,,,,無年齡維度,0.0,男,遷入,臺中市,0
111,1,22,三芝區,,,,無年齡維度,0.0,女,遷入,臺北市,1
111,1,22,三芝區,,,,無年齡維度,0.0,男,遷入,臺北市,0
111,1,22,三芝區,,,,無年齡維度,0.0,女,遷入,臺南市,0
111,1,22,三芝區,,,,無年齡維度,0.0,男,遷入,臺南市,0
111,1,22,三芝區,,,,無年齡維度,0.0,女,遷入,臺灣省,0
111,1,22,三芝區,,,,無年齡維度,0.0,男,遷入,臺灣省,0
111,1,22,三芝區,,,,無年齡維度,0.0,女,遷入,高雄市,0
111,1,22,三芝區,,,,無年齡維度,0.0,男,遷入,高雄市,0
111,1,22,三芝區,,,,無年齡維度,0.0,女,遷出,migrants,6
111,1,22,三芝區,,,,無年齡維度,0.0,男,遷出,migrants,8
111,1,22,三芝區,,,,無年齡維度,0.0,女,遷出,other,0
111,1,22,三芝區,,,,無年齡維度,0.0,男,遷出,other,0
111,1,22,三芝區,,,,無年齡維度,0.0,女,遷出,其他縣市,0
111,1,22,三芝區,,,,無年齡維度,0.0,男,遷出,其他縣市,0
111,1,22,三芝區,,,,無年齡維度,0.0,女,遷出,其他鄉鎮,16
111,1,22,三芝區,,,,無年齡維度,0.0,男,遷出,其他鄉鎮,8
111,1,22,三芝區,,,,無年齡維度,0.0,女,遷出,合計,22
111,1,22,三芝區,,,,無年齡維度,0.0,男,遷出,合計,12
111,1,22,三芝區,,,,無年齡維度,0.0,女,遷出,國外,0
111,1,22,三芝區,,,,無年齡維度,0.0,男,遷出,國外,0
111,1,22,三芝區,,,,無年齡維度,0.0,女,遷出,新北市內,0
111,1,22,三芝區,,,,無年齡維度,0.0,男,遷出,新北市內,0
111,1,22,三芝區,,,,無年齡維度,0.0,女,遷出,桃園市,0
111,1,22,三芝區,,,,無年齡維度,0.0,男,遷出,桃園市,1
111,1,22,三芝區,,,,無年齡維度,0.0,女,遷出,福建省,0
111,1,22,三芝區,,,,無年齡維度,0.0,男,遷出,福建省,0
111,1,22,三芝區,,,,無年齡維度,0.0,女,遷出,臺中市,0
111,1,22,三芝區,,,,無年齡維度,0.0,男,遷出,臺中市,0
111,1,22,三芝區,,,,無年齡維度,0.0,女,遷出,臺北市,2
111,1,22,三芝區,,,,無年齡維度,0.0,男,遷出,臺北市,2
111,1,22,三芝區,,,,無年齡維度,0.0,女,遷出,臺南市,0
111,1,22,三芝區,,,,無年齡維度,0.0,男,遷出,臺南市,0
111,1,22,三芝區,,,,無年齡維度,0.0,女,遷出,臺灣省,3
111,1,22,三芝區,,,,無年齡維度,0.0,男,遷出,臺灣省,1
111,1,22,三芝區,,,,無年齡維度,0.0,女,遷出,高雄市,1
111,1,22,三芝區,,,,無年齡維度,0.0,男,遷出,高雄市,0
111,1,23,石門區,,,,無年齡維度,0.0,女,遷入,migrants,50
111,1,23,石門區,,,,無年齡維度,0.0,男,遷入,migrants,49
111,1,23,石門區,,,,無年齡維度,0.0,女,遷入,other,0
111,1,23,石門區,,,,無年齡維度,0.0,男,遷入,other,0
111,1,23,石門區,,,,無年齡維度,0.0,女,遷入,其他縣市,0
111,1,23,石門區,,,,無年齡維度,0.0,男,遷入,其他縣市,0
111,1,23,石門區,,,,無年齡維度,0.0,女,遷入,其他鄉鎮,57
111,1,23,石門區,,,,無年齡維度,0.0,男,遷入,其他鄉鎮,51
111,1,23,石門區,,,,無年齡維度,0.0,女,遷入,合計,111
111,1,23,石門區,,,,無年齡維度,0.0,男,遷入,合計,105
111,1,23,石門區,,,,無年齡維度,0.0,女,遷入,國外,1
111,1,23,石門區,,,,無年齡維度,0.0,男,遷入,國外,3
111,1,23,石門區,,,,無年齡維度,0.0,女,遷入,新北市內,0
111,1,23,石門區,,,,無年齡維度,0.0,男,遷入,新北市內,0
111,1,23,石門區,,,,無年齡維度,0.0,女,遷入,桃園市,2
111,1,23,石門區,,,,無年齡維度,0.0,男,遷入,桃園市,4
111,1,23,石門區,,,,無年齡維度,0.0,女,遷入,福建省,0
111,1,23,石門區,,,,無年齡維度,0.0,男,遷入,福建省,0
111,1,23,石門區,,,,無年齡維度,0.0,女,遷入,臺中市,2
111,1,23,石門區,,,,無年齡維度,0.0,男,遷入,臺中市,2
111,1,23,石門區,,,,無年齡維度,0.0,女,遷入,臺北市,36
111,1,23,石門區,,,,無年齡維度,0.0,男,遷入,臺北市,31
111,1,23,石門區,,,,無年齡維度,0.0,女,遷入,臺南市,1
111,1,23,石門區,,,,無年齡維度,0.0,男,遷入,臺南市,0
111,1,23,石門區,,,,無年齡維度,0.0,女,遷入,臺灣省,9
111,1,23,石門區,,,,無年齡維度,0.0,男,遷入,臺灣省,6
111,1,23,石門區,,,,無年齡維度,0.0,女,遷入,高雄市,1
111,1,23,石門區,,,,無年齡維度,0.0,男,遷入,高雄市,2
111,1,23,石門區,,,,無年齡維度,0.0,女,遷出,migrants,50
111,1,23,石門區,,,,無年齡維度,0.0,男,遷出,migrants,49
111,1,23,石門區,,,,無年齡維度,0.0,女,遷出,other,0
111,1,23,石門區,,,,無年齡維度,0.0,男,遷出,other,0
111,1,23,石門區,,,,無年齡維度,0.0,女,遷出,其他縣市,0
111,1,23,石門區,,,,無年齡維度,0.0,男,遷出,其他縣市,0
111,1,23,石門區,,,,無年齡維度,0.0,女,遷出,其他鄉鎮,37
111,1,23,石門區,,,,無年齡維度,0.0,男,遷出,其他鄉鎮,38
111,1,23,石門區,,,,無年齡維度,0.0,女,遷出,合計,115
111,1,23,石門區,,,,無年齡維度,0.0,男,遷出,合計,102
111,1,23,石門區,,,,無年齡維度,0.0,女,遷出,國外,36
111,1,23,石門區,,,,無年齡維度,0.0,男,遷出,國外,28
111,1,23,石門區,,,,無年齡維度,0.0,女,遷出,新北市內,0
111,1,23,石門區,,,,無年齡維度,0.0,男,遷出,新北市內,0
111,1,23,石門區,,,,無年齡維度,0.0,女,遷出,桃園市,7
111,1,23,石門區,,,,無年齡維度,0.0,男,遷出,桃園市,4
111,1,23,石門區,,,,無年齡維度,0.0,女,遷出,福建省,1
111,1,23,石門區,,,,無年齡維度,0.0,男,遷出,福建省,0
111,1,23,石門區,,,,無年齡維度,0.0,女,遷出,臺中市,2
111,1,23,石門區,,,,無年齡維度,0.0,男,遷出,臺中市,0
111,1,23,石門區,,,,無年齡維度,0.0,女,遷出,臺北市,19
111,1,23,石門區,,,,無年齡維度,0.0,男,遷出,臺北市,15
111,1,23,石門區,,,,無年齡維度,0.0,女,遷出,臺南市,4
111,1,23,石門區,,,,無年齡維度,0.0,男,遷出,臺南市,1
111,1,23,石門區,,,,無年齡維度,0.0,女,遷出,臺灣省,6
111,1,23,石門區,,,,無年齡維度,0.0,男,遷出,臺灣省,8
111,1,23,石門區,,,,無年齡維度,0.0,女,遷出,高雄市,3
111,1,23,石門區,,,,無年齡維度,0.0,男,遷出,高雄市,8
111,1,24,金山區,,,,無年齡維度,0.0,女,遷入,migrants,2
111,1,24,金山區,,,,無年齡維度,0.0,男,遷入,migrants,0
111,1,24,金山區,,,,無年齡維度,0.0,女,遷入,other,0
111,1,24,金山區,,,,無年齡維度,0.0,男,遷入,other,0
111,1,24,金山區,,,,無年齡維度,0.0,女,遷入,其他縣市,0
111,1,24,金山區,,,,無年齡維度,0.0,男,遷入,其他縣市,0
111,1,24,金山區,,,,無年齡維度,0.0,女,遷入,其他鄉鎮,3
111,1,24,金山區,,,,無年齡維度,0.0,男,遷入,其他鄉鎮,6
111,1,24,金山區,,,,無年齡維度,0.0,女,遷入,合計,5
111,1,24,金山區,,,,無年齡維度,0.0,男,遷入,合計,8
111,1,24,金山區,,,,無年齡維度,0.0,女,遷入,國外,0
111,1,24,金山區,,,,無年齡維度,0.0,男,遷入,國外,1
111,1,24,金山區,,,,無年齡維度,0.0,女,遷入,新北市內,0
111,1,24,金山區,,,,無年齡維度,0.0,男,遷入,新北市內,0
111,1,24,金山區,,,,無年齡維度,0.0,女,遷入,桃園市,0
111,1,24,金山區,,,,無年齡維度,0.0,男,遷入,桃園市,0
111,1,24,金山區,,,,無年齡維度,0.0,女,遷入,福建省,0
111,1,24,金山區,,,,無年齡維度,0.0,男,遷入,福建省,0
111,1,24,金山區,,,,無年齡維度,0.0,女,遷入,臺中市,0
111,1,24,金山區,,,,無年齡維度,0.0,男,遷入,臺中市,0
111,1,24,金山區,,,,無年齡維度,0.0,女,遷入,臺北市,1
111,1,24,金山區,,,,無年齡維度,0.0,男,遷入,臺北市,0
111,1,24,金山區,,,,無年齡維度,0.0,女,遷入,臺南市,0
111,1,24,金山區,,,,無年齡維度,0.0,男,遷入,臺南市,0
111,1,24,金山區,,,,無年齡維度,0.0,女,遷入,臺灣省,1
111,1,24,金山區,,,,無年齡維度,0.0,男,遷入,臺灣省,1
111,1,24,金山區,,,,無年齡維度,0.0,女,遷入,高雄市,0
111,1,24,金山區,,,,無年齡維度,0.0,男,遷入,高雄市,0
111,1,24,金山區,,,,無年齡維度,0.0,女,遷出,migrants,2
111,1,24,金山區,,,,無年齡維度,0.0,男,遷出,migrants,0
111,1,24,金山區,,,,無年齡維度,0.0,女,遷出,other,0
111,1,24,金山區,,,,無年齡維度,0.0,男,遷出,other,0
111,1,24,金山區,,,,無年齡維度,0.0,女,遷出,其他縣市,0
111,1,24,金山區,,,,無年齡維度,0.0,男,遷出,其他縣市,0
111,1,24,金山區,,,,無年齡維度,0.0,女,遷出,其他鄉鎮,1
111,1,24,金山區,,,,無年齡維度,0.0,男,遷出,其他鄉鎮,2
111,1,24,金山區,,,,無年齡維度,0.0,女,遷出,合計,7
111,1,24,金山區,,,,無年齡維度,0.0,男,遷出,合計,3
111,1,24,金山區,,,,無年齡維度,0.0,女,遷出,國外,1
111,1,24,金山區,,,,無年齡維度,0.0,男,遷出,國外,0
111,1,24,金山區,,,,無年齡維度,0.0,女,遷出,新北市內,0
111,1,24,金山區,,,,無年齡維度,0.0,男,遷出,新北市內,0
111,1,24,金山區,,,,無年齡維度,0.0,女,遷出,桃園市,1
111,1,24,金山區,,,,無年齡維度,0.0,男,遷出,桃園市,0
111,1,24,金山區,,,,無年齡維度,0.0,女,遷出,福建省,0
111,1,24,金山區,,,,無年齡維度,0.0,男,遷出,福建省,0
111,1,24,金山區,,,,無年齡維度,0.0,女,遷出,臺中市,0
111,1,24,金山區,,,,無年齡維度,0.0,男,遷出,臺中市,0
111,1,24,金山區,,,,無年齡維度,0.0,女,遷出,臺北市,2
111,1,24,金山區,,,,無年齡維度,0.0,男,遷出,臺北市,1
111,1,24,金山區,,,,無年齡維度,0.0,女,遷出,臺南市,0
111,1,24,金山區,,,,無年齡維度,0.0,男,遷出,臺南市,0
111,1,24,金山區,,,,無年齡維度,0.0,女,遷出,臺灣省,2
111,1,24,金山區,,,,無年齡維度,0.0,男,遷出,臺灣省,0
111,1,24,金山區,,,,無年齡維度,0.0,女,遷出,高雄市,0
111,1,24,金山區,,,,無年齡維度,0.0,男,遷出,高雄市,0
111,1,25,萬里區,,,,無年齡維度,0.0,女,遷入,migrants,0
111,1,25,萬里區,,,,無年齡維度,0.0,男,遷入,migrants,3
111,1,25,萬里區,,,,無年齡維度,0.0,女,遷入,other,0
111,1,25,萬里區,,,,無年齡維度,0.0,男,遷入,other,0
111,1,25,萬里區,,,,無年齡維度,0.0,女,遷入,其他縣市,0
111,1,25,萬里區,,,,無年齡維度,0.0,男,遷入,其他縣市,0
111,1,25,萬里區,,,,無年齡維度,0.0,女,遷入,其他鄉鎮,5
111,1,25,萬里區,,,,無年齡維度,0.0,男,遷入,其他鄉鎮,6
111,1,25,萬里區,,,,無年齡維度,0.0,女,遷入,合計,13
111,1,25,萬里區,,,,無年齡維度,0.0,男,遷入,合計,8
111,1,25,萬里區,,,,無年齡維度,0.0,女,遷入,國外,0
111,1,25,萬里區,,,,無年齡維度,0.0,男,遷入,國外,0
111,1,25,萬里區,,,,無年齡維度,0.0,女,遷入,新北市內,0
111,1,25,萬里區,,,,無年齡維度,0.0,男,遷入,新北市內,0
111,1,25,萬里區,,,,無年齡維度,0.0,女,遷入,桃園市,1
111,1,25,萬里區,,,,無年齡維度,0.0,男,遷入,桃園市,0
111,1,25,萬里區,,,,無年齡維度,0.0,女,遷入,福建省,0
111,1,25,萬里區,,,,無年齡維度,0.0,男,遷入,福建省,0
111,1,25,萬里區,,,,無年齡維度,0.0,女,遷入,臺中市,1
111,1,25,萬里區,,,,無年齡維度,0.0,男,遷入,臺中市,0
111,1,25,萬里區,,,,無年齡維度,0.0,女,遷入,臺北市,2
111,1,25,萬里區,,,,無年齡維度,0.0,男,遷入,臺北市,1
111,1,25,萬里區,,,,無年齡維度,0.0,女,遷入,臺南市,0
111,1,25,萬里區,,,,無年齡維度,0.0,男,遷入,臺南市,0
111,1,25,萬里區,,,,無年齡維度,0.0,女,遷入,臺灣省,3
111,1,25,萬里區,,,,無年齡維度,0.0,男,遷入,臺灣省,1
111,1,25,萬里區,,,,無年齡維度,0.0,女,遷入,高雄市,0
111,1,25,萬里區,,,,無年齡維度,0.0,男,遷入,高雄市,0
111,1,25,萬里區,,,,無年齡維度,0.0,女,遷出,migrants,0
111,1,25,萬里區,,,,無年齡維度,0.0,男,遷出,migrants,3
111,1,25,萬里區,,,,無年齡維度,0.0,女,遷出,other,0
111,1,25,萬里區,,,,無年齡維度,0.0,男,遷出,other,0
111,1,25,萬里區,,,,無年齡維度,0.0,女,遷出,其他縣市,0
111,1,25,萬里區,,,,無年齡維度,0.0,男,遷出,其他縣市,0
111,1,25,萬里區,,,,無年齡維度,0.0,女,遷出,其他鄉鎮,4
111,1,25,萬里區,,,,無年齡維度,0.0,男,遷出,其他鄉鎮,4
111,1,25,萬里區,,,,無年齡維度,0.0,女,遷出,合計,14
111,1,25,萬里區,,,,無年齡維度,0.0,男,遷出,合計,11
111,1,25,萬里區,,,,無年齡維度,0.0,女,遷出,國外,2
111,1,25,萬里區,,,,無年齡維度,0.0,男,遷出,國外,3
111,1,25,萬里區,,,,無年齡維度,0.0,女,遷出,新北市內,0
111,1,25,萬里區,,,,無年齡維度,0.0,男,遷出,新北市內,0
111,1,25,萬里區,,,,無年齡維度,0.0,女,遷出,桃園市,3
111,1,25,萬里區,,,,無年齡維度,0.0,男,遷出,桃園市,1
111,1,25,萬里區,,,,無年齡維度,0.0,女,遷出,福建省,0
111,1,25,萬里區,,,,無年齡維度,0.0,男,遷出,福建省,0
111,1,25,萬里區,,,,無年齡維度,0.0,女,遷出,臺中市,0
111,1,25,萬里區,,,,無年齡維度,0.0,男,遷出,臺中市,0
111,1,25,萬里區,,,,無年齡維度,0.0,女,遷出,臺北市,1
111,1,25,萬里區,,,,無年齡維度,0.0,男,遷出,臺北市,1
111,1,25,萬里區,,,,無年齡維度,0.0,女,遷出,臺南市,0
111,1,25,萬里區,,,,無年齡維度,0.0,男,遷出,臺南市,0
111,1,25,萬里區,,,,無年齡維度,0.0,女,遷出,臺灣省,3
111,1,25,萬里區,,,,無年齡維度,0.0,男,遷出,臺灣省,2
111,1,25,萬里區,,,,無年齡維度,0.0,女,遷出,高雄市,1
111,1,25,萬里區,,,,無年齡維度,0.0,男,遷出,高雄市,0
111,1,26,平溪區,,,,無年齡維度,0.0,女,遷入,migrants,2
111,1,26,平溪區,,,,無年齡維度,0.0,男,遷入,migrants,5
111,1,26,平溪區,,,,無年齡維度,0.0,女,遷入,other,0
111,1,26,平溪區,,,,無年齡維度,0.0,男,遷入,other,0
111,1,26,平溪區,,,,無年齡維度,0.0,女,遷入,其他縣市,0
111,1,26,平溪區,,,,無年齡維度,0.0,男,遷入,其他縣市,0
111,1,26,平溪區,,,,無年齡維度,0.0,女,遷入,其他鄉鎮,2
111,1,26,平溪區,,,,無年齡維度,0.0,男,遷入,其他鄉鎮,1
111,1,26,平溪區,,,,無年齡維度,0.0,女,遷入,合計,10
111,1,26,平溪區,,,,無年齡維度,0.0,男,遷入,合計,4
111,1,26,平溪區,,,,無年齡維度,0.0,女,遷入,國外,0
111,1,26,平溪區,,,,無年齡維度,0.0,男,遷入,國外,0
111,1,26,平溪區,,,,無年齡維度,0.0,女,遷入,新北市內,0
111,1,26,平溪區,,,,無年齡維度,0.0,男,遷入,新北市內,0
111,1,26,平溪區,,,,無年齡維度,0.0,女,遷入,桃園市,1
111,1,26,平溪區,,,,無年齡維度,0.0,男,遷入,桃園市,1
111,1,26,平溪區,,,,無年齡維度,0.0,女,遷入,福建省,0
111,1,26,平溪區,,,,無年齡維度,0.0,男,遷入,福建省,0
111,1,26,平溪區,,,,無年齡維度,0.0,女,遷入,臺中市,1
111,1,26,平溪區,,,,無年齡維度,0.0,男,遷入,臺中市,0
111,1,26,平溪區,,,,無年齡維度,0.0,女,遷入,臺北市,2
111,1,26,平溪區,,,,無年齡維度,0.0,男,遷入,臺北市,1
111,1,26,平溪區,,,,無年齡維度,0.0,女,遷入,臺南市,0
111,1,26,平溪區,,,,無年齡維度,0.0,男,遷入,臺南市,0
111,1,26,平溪區,,,,無年齡維度,0.0,女,遷入,臺灣省,3
111,1,26,平溪區,,,,無年齡維度,0.0,男,遷入,臺灣省,1
111,1,26,平溪區,,,,無年齡維度,0.0,女,遷入,高雄市,1
111,1,26,平溪區,,,,無年齡維度,0.0,男,遷入,高雄市,0
111,1,26,平溪區,,,,無年齡維度,0.0,女,遷出,migrants,2
111,1,26,平溪區,,,,無年齡維度,0.0,男,遷出,migrants,5
111,1,26,平溪區,,,,無年齡維度,0.0,女,遷出,other,0
111,1,26,平溪區,,,,無年齡維度,0.0,男,遷出,other,0
111,1,26,平溪區,,,,無年齡維度,0.0,女,遷出,其他縣市,0
111,1,26,平溪區,,,,無年齡維度,0.0,男,遷出,其他縣市,0
111,1,26,平溪區,,,,無年齡維度,0.0,女,遷出,其他鄉鎮,8
111,1,26,平溪區,,,,無年齡維度,0.0,男,遷出,其他鄉鎮,8
111,1,26,平溪區,,,,無年齡維度,0.0,女,遷出,合計,17
111,1,26,平溪區,,,,無年齡維度,0.0,男,遷出,合計,21
111,1,26,平溪區,,,,無年齡維度,0.0,女,遷出,國外,0
111,1,26,平溪區,,,,無年齡維度,0.0,男,遷出,國外,4
111,1,26,平溪區,,,,無年齡維度,0.0,女,遷出,新北市內,0
111,1,26,平溪區,,,,無年齡維度,0.0,男,遷出,新北市內,0
111,1,26,平溪區,,,,無年齡維度,0.0,女,遷出,桃園市,2
111,1,26,平溪區,,,,無年齡維度,0.0,男,遷出,桃園市,3
111,1,26,平溪區,,,,無年齡維度,0.0,女,遷出,福建省,0
111,1,26,平溪區,,,,無年齡維度,0.0,男,遷出,福建省,1
111,1,26,平溪區,,,,無年齡維度,0.0,女,遷出,臺中市,0
111,1,26,平溪區,,,,無年齡維度,0.0,男,遷出,臺中市,0
111,1,26,平溪區,,,,無年齡維度,0.0,女,遷出,臺北市,2
111,1,26,平溪區,,,,無年齡維度,0.0,男,遷出,臺北市,0
111,1,26,平溪區,,,,無年齡維度,0.0,女,遷出,臺南市,0
111,1,26,平溪區,,,,無年齡維度,0.0,男,遷出,臺南市,0
111,1,26,平溪區,,,,無年齡維度,0.0,女,遷出,臺灣省,5
111,1,26,平溪區,,,,無年齡維度,0.0,男,遷出,臺灣省,5
111,1,26,平溪區,,,,無年齡維度,0.0,女,遷出,高雄市,0
111,1,26,平溪區,,,,無年齡維度,0.0,男,遷出,高雄市,0
111,1,27,雙溪區,,,,無年齡維度,0.0,女,遷入,migrants,18
111,1,27,雙溪區,,,,無年齡維度,0.0,男,遷入,migrants,20
111,1,27,雙溪區,,,,無年齡維度,0.0,女,遷入,other,0
111,1,27,雙溪區,,,,無年齡維度,0.0,男,遷入,other,0
111,1,27,雙溪區,,,,無年齡維度,0.0,女,遷入,其他縣市,0
111,1,27,雙溪區,,,,無年齡維度,0.0,男,遷入,其他縣市,0
111,1,27,雙溪區,,,,無年齡維度,0.0,女,遷入,其他鄉鎮,7
111,1,27,雙溪區,,,,無年齡維度,0.0,男,遷入,其他鄉鎮,9
111,1,27,雙溪區,,,,無年齡維度,0.0,女,遷入,合計,18
111,1,27,雙溪區,,,,無年齡維度,0.0,男,遷入,合計,25
111,1,27,雙溪區,,,,無年齡維度,0.0,女,遷入,國外,1
111,1,27,雙溪區,,,,無年齡維度,0.0,男,遷入,國外,1
111,1,27,雙溪區,,,,無年齡維度,0.0,女,遷入,新北市內,0
111,1,27,雙溪區,,,,無年齡維度,0.0,男,遷入,新北市內,0
111,1,27,雙溪區,,,,無年齡維度,0.0,女,遷入,桃園市,0
111,1,27,雙溪區,,,,無年齡維度,0.0,男,遷入,桃園市,0
111,1,27,雙溪區,,,,無年齡維度,0.0,女,遷入,福建省,0
111,1,27,雙溪區,,,,無年齡維度,0.0,男,遷入,福建省,0
111,1,27,雙溪區,,,,無年齡維度,0.0,女,遷入,臺中市,1
111,1,27,雙溪區,,,,無年齡維度,0.0,男,遷入,臺中市,0
111,1,27,雙溪區,,,,無年齡維度,0.0,女,遷入,臺北市,6
111,1,27,雙溪區,,,,無年齡維度,0.0,男,遷入,臺北市,6
111,1,27,雙溪區,,,,無年齡維度,0.0,女,遷入,臺南市,0
111,1,27,雙溪區,,,,無年齡維度,0.0,男,遷入,臺南市,0
111,1,27,雙溪區,,,,無年齡維度,0.0,女,遷入,臺灣省,3
111,1,27,雙溪區,,,,無年齡維度,0.0,男,遷入,臺灣省,9
111,1,27,雙溪區,,,,無年齡維度,0.0,女,遷入,高雄市,0
111,1,27,雙溪區,,,,無年齡維度,0.0,男,遷入,高雄市,0
111,1,27,雙溪區,,,,無年齡維度,0.0,女,遷出,migrants,18
111,1,27,雙溪區,,,,無年齡維度,0.0,男,遷出,migrants,20
111,1,27,雙溪區,,,,無年齡維度,0.0,女,遷出,other,0
111,1,27,雙溪區,,,,無年齡維度,0.0,男,遷出,other,0
111,1,27,雙溪區,,,,無年齡維度,0.0,女,遷出,其他縣市,0
111,1,27,雙溪區,,,,無年齡維度,0.0,男,遷出,其他縣市,0
111,1,27,雙溪區,,,,無年齡維度,0.0,女,遷出,其他鄉鎮,9
111,1,27,雙溪區,,,,無年齡維度,0.0,男,遷出,其他鄉鎮,7
111,1,27,雙溪區,,,,無年齡維度,0.0,女,遷出,合計,33
111,1,27,雙溪區,,,,無年齡維度,0.0,男,遷出,合計,29
111,1,27,雙溪區,,,,無年齡維度,0.0,女,遷出,國外,4
111,1,27,雙溪區,,,,無年齡維度,0.0,男,遷出,國外,7
111,1,27,雙溪區,,,,無年齡維度,0.0,女,遷出,新北市內,0
111,1,27,雙溪區,,,,無年齡維度,0.0,男,遷出,新北市內,0
111,1,27,雙溪區,,,,無年齡維度,0.0,女,遷出,桃園市,1
111,1,27,雙溪區,,,,無年齡維度,0.0,男,遷出,桃園市,3
111,1,27,雙溪區,,,,無年齡維度,0.0,女,遷出,福建省,0
111,1,27,雙溪區,,,,無年齡維度,0.0,男,遷出,福建省,0
111,1,27,雙溪區,,,,無年齡維度,0.0,女,遷出,臺中市,1
111,1,27,雙溪區,,,,無年齡維度,0.0,男,遷出,臺中市,0
111,1,27,雙溪區,,,,無年齡維度,0.0,女,遷出,臺北市,5
111,1,27,雙溪區,,,,無年齡維度,0.0,男,遷出,臺北市,2
111,1,27,雙溪區,,,,無年齡維度,0.0,女,遷出,臺南市,0
111,1,27,雙溪區,,,,無年齡維度,0.0,男,遷出,臺南市,1
111,1,27,雙溪區,,,,無年齡維度,0.0,女,遷出,臺灣省,13
111,1,27,雙溪區,,,,無年齡維度,0.0,男,遷出,臺灣省,9
111,1,27,雙溪區,,,,無年齡維度,0.0,女,遷出,高雄市,0
111,1,27,雙溪區,,,,無年齡維度,0.0,男,遷出,高雄市,0
111,1,28,貢寮區,,,,無年齡維度,0.0,女,遷入,migrants,7
111,1,28,貢寮區,,,,無年齡維度,0.0,男,遷入,migrants,11
111,1,28,貢寮區,,,,無年齡維度,0.0,女,遷入,other,0
111,1,28,貢寮區,,,,無年齡維度,0.0,男,遷入,other,0
111,1,28,貢寮區,,,,無年齡維度,0.0,女,遷入,其他縣市,0
111,1,28,貢寮區,,,,無年齡維度,0.0,男,遷入,其他縣市,0
111,1,28,貢寮區,,,,無年齡維度,0.0,女,遷入,其他鄉鎮,8
111,1,28,貢寮區,,,,無年齡維度,0.0,男,遷入,其他鄉鎮,7
111,1,28,貢寮區,,,,無年齡維度,0.0,女,遷入,合計,15
111,1,28,貢寮區,,,,無年齡維度,0.0,男,遷入,合計,21
111,1,28,貢寮區,,,,無年齡維度,0.0,女,遷入,國外,0
111,1,28,貢寮區,,,,無年齡維度,0.0,男,遷入,國外,0
111,1,28,貢寮區,,,,無年齡維度,0.0,女,遷入,新北市內,0
111,1,28,貢寮區,,,,無年齡維度,0.0,男,遷入,新北市內,0
111,1,28,貢寮區,,,,無年齡維度,0.0,女,遷入,桃園市,0
111,1,28,貢寮區,,,,無年齡維度,0.0,男,遷入,桃園市,0
111,1,28,貢寮區,,,,無年齡維度,0.0,女,遷入,福建省,0
111,1,28,貢寮區,,,,無年齡維度,0.0,男,遷入,福建省,0
111,1,28,貢寮區,,,,無年齡維度,0.0,女,遷入,臺中市,0
111,1,28,貢寮區,,,,無年齡維度,0.0,男,遷入,臺中市,0
111,1,28,貢寮區,,,,無年齡維度,0.0,女,遷入,臺北市,4
111,1,28,貢寮區,,,,無年齡維度,0.0,男,遷入,臺北市,9
111,1,28,貢寮區,,,,無年齡維度,0.0,女,遷入,臺南市,0
111,1,28,貢寮區,,,,無年齡維度,0.0,男,遷入,臺南市,0
111,1,28,貢寮區,,,,無年齡維度,0.0,女,遷入,臺灣省,3
111,1,28,貢寮區,,,,無年齡維度,0.0,男,遷入,臺灣省,5
111,1,28,貢寮區,,,,無年齡維度,0.0,女,遷入,高雄市,0
111,1,28,貢寮區,,,,無年齡維度,0.0,男,遷入,高雄市,0
111,1,28,貢寮區,,,,無年齡維度,0.0,女,遷出,migrants,7
111,1,28,貢寮區,,,,無年齡維度,0.0,男,遷出,migrants,11
111,1,28,貢寮區,,,,無年齡維度,0.0,女,遷出,other,0
111,1,28,貢寮區,,,,無年齡維度,0.0,男,遷出,other,0
111,1,28,貢寮區,,,,無年齡維度,0.0,女,遷出,其他縣市,0
111,1,28,貢寮區,,,,無年齡維度,0.0,男,遷出,其他縣市,0
111,1,28,貢寮區,,,,無年齡維度,0.0,女,遷出,其他鄉鎮,9
111,1,28,貢寮區,,,,無年齡維度,0.0,男,遷出,其他鄉鎮,3
111,1,28,貢寮區,,,,無年齡維度,0.0,女,遷出,合計,44
111,1,28,貢寮區,,,,無年齡維度,0.0,男,遷出,合計,38
111,1,28,貢寮區,,,,無年齡維度,0.0,女,遷出,國外,13
111,1,28,貢寮區,,,,無年齡維度,0.0,男,遷出,國外,6
111,1,28,貢寮區,,,,無年齡維度,0.0,女,遷出,新北市內,0
111,1,28,貢寮區,,,,無年齡維度,0.0,男,遷出,新北市內,0
111,1,28,貢寮區,,,,無年齡維度,0.0,女,遷出,桃園市,2
111,1,28,貢寮區,,,,無年齡維度,0.0,男,遷出,桃園市,4
111,1,28,貢寮區,,,,無年齡維度,0.0,女,遷出,福建省,0
111,1,28,貢寮區,,,,無年齡維度,0.0,男,遷出,福建省,0
111,1,28,貢寮區,,,,無年齡維度,0.0,女,遷出,臺中市,0
111,1,28,貢寮區,,,,無年齡維度,0.0,男,遷出,臺中市,0
111,1,28,貢寮區,,,,無年齡維度,0.0,女,遷出,臺北市,4
111,1,28,貢寮區,,,,無年齡維度,0.0,男,遷出,臺北市,7
111,1,28,貢寮區,,,,無年齡維度,0.0,女,遷出,臺南市,2
111,1,28,貢寮區,,,,無年齡維度,0.0,男,遷出,臺南市,2
111,1,28,貢寮區,,,,無年齡維度,0.0,女,遷出,臺灣省,13
111,1,28,貢寮區,,,,無年齡維度,0.0,男,遷出,臺灣省,16
111,1,28,貢寮區,,,,無年齡維度,0.0,女,遷出,高雄市,1
111,1,28,貢寮區,,,,無年齡維度,0.0,男,遷出,高雄市,0
111,1,29,烏來區,,,,無年齡維度,0.0,女,遷入,migrants,10
111,1,29,烏來區,,,,無年齡維度,0.0,男,遷入,migrants,4
111,1,29,烏來區,,,,無年齡維度,0.0,女,遷入,other,0
111,1,29,烏來區,,,,無年齡維度,0.0,男,遷入,other,0
111,1,29,烏來區,,,,無年齡維度,0.0,女,遷入,其他縣市,0
111,1,29,烏來區,,,,無年齡維度,0.0,男,遷入,其他縣市,0
111,1,29,烏來區,,,,無年齡維度,0.0,女,遷入,其他鄉鎮,4
111,1,29,烏來區,,,,無年齡維度,0.0,男,遷入,其他鄉鎮,3
111,1,29,烏來區,,,,無年齡維度,0.0,女,遷入,合計,11
111,1,29,烏來區,,,,無年齡維度,0.0,男,遷入,合計,9
111,1,29,烏來區,,,,無年齡維度,0.0,女,遷入,國外,1
111,1,29,烏來區,,,,無年齡維度,0.0,男,遷入,國外,2
111,1,29,烏來區,,,,無年齡維度,0.0,女,遷入,新北市內,0
111,1,29,烏來區,,,,無年齡維度,0.0,男,遷入,新北市內,0
111,1,29,烏來區,,,,無年齡維度,0.0,女,遷入,桃園市,1
111,1,29,烏來區,,,,無年齡維度,0.0,男,遷入,桃園市,2
111,1,29,烏來區,,,,無年齡維度,0.0,女,遷入,福建省,0
111,1,29,烏來區,,,,無年齡維度,0.0,男,遷入,福建省,0
111,1,29,烏來區,,,,無年齡維度,0.0,女,遷入,臺中市,1
111,1,29,烏來區,,,,無年齡維度,0.0,男,遷入,臺中市,0
111,1,29,烏來區,,,,無年齡維度,0.0,女,遷入,臺北市,3
111,1,29,烏來區,,,,無年齡維度,0.0,男,遷入,臺北市,2
111,1,29,烏來區,,,,無年齡維度,0.0,女,遷入,臺南市,0
111,1,29,烏來區,,,,無年齡維度,0.0,男,遷入,臺南市,0
111,1,29,烏來區,,,,無年齡維度,0.0,女,遷入,臺灣省,0
111,1,29,烏來區,,,,無年齡維度,0.0,男,遷入,臺灣省,0
111,1,29,烏來區,,,,無年齡維度,0.0,女,遷入,高雄市,0
111,1,29,烏來區,,,,無年齡維度,0.0,男,遷入,高雄市,0
111,1,29,烏來區,,,,無年齡維度,0.0,女,遷出,migrants,10
111,1,29,烏來區,,,,無年齡維度,0.0,男,遷出,migrants,4
111,1,29,烏來區,,,,無年齡維度,0.0,女,遷出,other,0
111,1,29,烏來區,,,,無年齡維度,0.0,男,遷出,other,0
111,1,29,烏來區,,,,無年齡維度,0.0,女,遷出,其他縣市,0
111,1,29,烏來區,,,,無年齡維度,0.0,男,遷出,其他縣市,0
111,1,29,烏來區,,,,無年齡維度,0.0,女,遷出,其他鄉鎮,4
111,1,29,烏來區,,,,無年齡維度,0.0,男,遷出,其他鄉鎮,5
111,1,29,烏來區,,,,無年齡維度,0.0,女,遷出,合計,15
111,1,29,烏來區,,,,無年齡維度,0.0,男,遷出,合計,16
111,1,29,烏來區,,,,無年齡維度,0.0,女,遷出,國外,6
111,1,29,烏來區,,,,無年齡維度,0.0,男,遷出,國外,3
111,1,29,烏來區,,,,無年齡維度,0.0,女,遷出,新北市內,0
111,1,29,烏來區,,,,無年齡維度,0.0,男,遷出,新北市內,0
111,1,29,烏來區,,,,無年齡維度,0.0,女,遷出,桃園市,1
111,1,29,烏來區,,,,無年齡維度,0.0,男,遷出,桃園市,1
111,1,29,烏來區,,,,無年齡維度,0.0,女,遷出,福建省,0
111,1,29,烏來區,,,,無年齡維度,0.0,男,遷出,福建省,0
111,1,29,烏來區,,,,無年齡維度,0.0,女,遷出,臺中市,0
111,1,29,烏來區,,,,無年齡維度,0.0,男,遷出,臺中市,0
111,1,29,烏來區,,,,無年齡維度,0.0,女,遷出,臺北市,0
111,1,29,烏來區,,,,無年齡維度,0.0,男,遷出,臺北市,2
111,1,29,烏來區,,,,無年齡維度,0.0,女,遷出,臺南市,0
111,1,29,烏來區,,,,無年齡維度,0.0,男,遷出,臺南市,0
111,1,29,烏來區,,,,無年齡維度,0.0,女,遷出,臺灣省,3
111,1,29,烏來區,,,,無年齡維度,0.0,男,遷出,臺灣省,5
111,1,29,烏來區,,,,無年齡維度,0.0,女,遷出,高雄市,1
111,1,29,烏來區,,,,無年齡維度,0.0,男,遷出,高雄市,0
111,2,1,板橋區,,,,無年齡維度,0.0,女,遷入,migrants,504
111,2,1,板橋區,,,,無年齡維度,0.0,男,遷入,migrants,440
111,2,1,板橋區,,,,無年齡維度,0.0,女,遷入,other,0
111,2,1,板橋區,,,,無年齡維度,0.0,男,遷入,other,0
111,2,1,板橋區,,,,無年齡維度,0.0,女,遷入,其他縣市,0
111,2,1,板橋區,,,,無年齡維度,0.0,男,遷入,其他縣市,0
111,2,1,板橋區,,,,無年齡維度,0.0,女,遷入,其他鄉鎮,295
111,2,1,板橋區,,,,無年齡維度,0.0,男,遷入,其他鄉鎮,239
111,2,1,板橋區,,,,無年齡維度,0.0,女,遷入,合計,723
111,2,1,板橋區,,,,無年齡維度,0.0,男,遷入,合計,634
111,2,1,板橋區,,,,無年齡維度,0.0,女,遷入,國外,35
111,2,1,板橋區,,,,無年齡維度,0.0,男,遷入,國外,32
111,2,1,板橋區,,,,無年齡維度,0.0,女,遷入,新北市內,0
111,2,1,板橋區,,,,無年齡維度,0.0,男,遷入,新北市內,0
111,2,1,板橋區,,,,無年齡維度,0.0,女,遷入,桃園市,44
111,2,1,板橋區,,,,無年齡維度,0.0,男,遷入,桃園市,39
111,2,1,板橋區,,,,無年齡維度,0.0,女,遷入,福建省,8
111,2,1,板橋區,,,,無年齡維度,0.0,男,遷入,福建省,10
111,2,1,板橋區,,,,無年齡維度,0.0,女,遷入,臺中市,18
111,2,1,板橋區,,,,無年齡維度,0.0,男,遷入,臺中市,17
111,2,1,板橋區,,,,無年齡維度,0.0,女,遷入,臺北市,186
111,2,1,板橋區,,,,無年齡維度,0.0,男,遷入,臺北市,188
111,2,1,板橋區,,,,無年齡維度,0.0,女,遷入,臺南市,15
111,2,1,板橋區,,,,無年齡維度,0.0,男,遷入,臺南市,7
111,2,1,板橋區,,,,無年齡維度,0.0,女,遷入,臺灣省,88
111,2,1,板橋區,,,,無年齡維度,0.0,男,遷入,臺灣省,72
111,2,1,板橋區,,,,無年齡維度,0.0,女,遷入,高雄市,20
111,2,1,板橋區,,,,無年齡維度,0.0,男,遷入,高雄市,24
111,2,1,板橋區,,,,無年齡維度,0.0,女,遷出,migrants,504
111,2,1,板橋區,,,,無年齡維度,0.0,男,遷出,migrants,440
111,2,1,板橋區,,,,無年齡維度,0.0,女,遷出,other,0
111,2,1,板橋區,,,,無年齡維度,0.0,男,遷出,other,0
111,2,1,板橋區,,,,無年齡維度,0.0,女,遷出,其他縣市,0
111,2,1,板橋區,,,,無年齡維度,0.0,男,遷出,其他縣市,0
111,2,1,板橋區,,,,無年齡維度,0.0,女,遷出,其他鄉鎮,286
111,2,1,板橋區,,,,無年齡維度,0.0,男,遷出,其他鄉鎮,254
111,2,1,板橋區,,,,無年齡維度,0.0,女,遷出,合計,1118
111,2,1,板橋區,,,,無年齡維度,0.0,男,遷出,合計,981
111,2,1,板橋區,,,,無年齡維度,0.0,女,遷出,國外,525
111,2,1,板橋區,,,,無年齡維度,0.0,男,遷出,國外,454
111,2,1,板橋區,,,,無年齡維度,0.0,女,遷出,新北市內,0
111,2,1,板橋區,,,,無年齡維度,0.0,男,遷出,新北市內,0
111,2,1,板橋區,,,,無年齡維度,0.0,女,遷出,桃園市,63
111,2,1,板橋區,,,,無年齡維度,0.0,男,遷出,桃園市,56
111,2,1,板橋區,,,,無年齡維度,0.0,女,遷出,福建省,8
111,2,1,板橋區,,,,無年齡維度,0.0,男,遷出,福建省,6
111,2,1,板橋區,,,,無年齡維度,0.0,女,遷出,臺中市,26
111,2,1,板橋區,,,,無年齡維度,0.0,男,遷出,臺中市,25
111,2,1,板橋區,,,,無年齡維度,0.0,女,遷出,臺北市,91
111,2,1,板橋區,,,,無年齡維度,0.0,男,遷出,臺北市,89
111,2,1,板橋區,,,,無年齡維度,0.0,女,遷出,臺南市,21
111,2,1,板橋區,,,,無年齡維度,0.0,男,遷出,臺南市,14
111,2,1,板橋區,,,,無年齡維度,0.0,女,遷出,臺灣省,84
111,2,1,板橋區,,,,無年齡維度,0.0,男,遷出,臺灣省,73
111,2,1,板橋區,,,,無年齡維度,0.0,女,遷出,高雄市,14
111,2,1,板橋區,,,,無年齡維度,0.0,男,遷出,高雄市,10
111,2,2,三重區,,,,無年齡維度,0.0,女,遷入,migrants,411
111,2,2,三重區,,,,無年齡維度,0.0,男,遷入,migrants,367
111,2,2,三重區,,,,無年齡維度,0.0,女,遷入,other,0
111,2,2,三重區,,,,無年齡維度,0.0,男,遷入,other,0
111,2,2,三重區,,,,無年齡維度,0.0,女,遷入,其他縣市,0
111,2,2,三重區,,,,無年齡維度,0.0,男,遷入,其他縣市,0
111,2,2,三重區,,,,無年齡維度,0.0,女,遷入,其他鄉鎮,179
111,2,2,三重區,,,,無年齡維度,0.0,男,遷入,其他鄉鎮,129
111,2,2,三重區,,,,無年齡維度,0.0,女,遷入,合計,577
111,2,2,三重區,,,,無年齡維度,0.0,男,遷入,合計,468
111,2,2,三重區,,,,無年齡維度,0.0,女,遷入,國外,24
111,2,2,三重區,,,,無年齡維度,0.0,男,遷入,國外,14
111,2,2,三重區,,,,無年齡維度,0.0,女,遷入,新北市內,0
111,2,2,三重區,,,,無年齡維度,0.0,男,遷入,新北市內,0
111,2,2,三重區,,,,無年齡維度,0.0,女,遷入,桃園市,37
111,2,2,三重區,,,,無年齡維度,0.0,男,遷入,桃園市,34
111,2,2,三重區,,,,無年齡維度,0.0,女,遷入,福建省,4
111,2,2,三重區,,,,無年齡維度,0.0,男,遷入,福建省,3
111,2,2,三重區,,,,無年齡維度,0.0,女,遷入,臺中市,17
111,2,2,三重區,,,,無年齡維度,0.0,男,遷入,臺中市,13
111,2,2,三重區,,,,無年齡維度,0.0,女,遷入,臺北市,221
111,2,2,三重區,,,,無年齡維度,0.0,男,遷入,臺北市,190
111,2,2,三重區,,,,無年齡維度,0.0,女,遷入,臺南市,14
111,2,2,三重區,,,,無年齡維度,0.0,男,遷入,臺南市,9
111,2,2,三重區,,,,無年齡維度,0.0,女,遷入,臺灣省,61
111,2,2,三重區,,,,無年齡維度,0.0,男,遷入,臺灣省,59
111,2,2,三重區,,,,無年齡維度,0.0,女,遷入,高雄市,13
111,2,2,三重區,,,,無年齡維度,0.0,男,遷入,高雄市,16
111,2,2,三重區,,,,無年齡維度,0.0,女,遷出,migrants,411
111,2,2,三重區,,,,無年齡維度,0.0,男,遷出,migrants,367
111,2,2,三重區,,,,無年齡維度,0.0,女,遷出,other,0
111,2,2,三重區,,,,無年齡維度,0.0,男,遷出,other,0
111,2,2,三重區,,,,無年齡維度,0.0,女,遷出,其他縣市,0
111,2,2,三重區,,,,無年齡維度,0.0,男,遷出,其他縣市,0
111,2,2,三重區,,,,無年齡維度,0.0,女,遷出,其他鄉鎮,205
111,2,2,三重區,,,,無年齡維度,0.0,男,遷出,其他鄉鎮,172
111,2,2,三重區,,,,無年齡維度,0.0,女,遷出,合計,817
111,2,2,三重區,,,,無年齡維度,0.0,男,遷出,合計,664
111,2,2,三重區,,,,無年齡維度,0.0,女,遷出,國外,285
111,2,2,三重區,,,,無年齡維度,0.0,男,遷出,國外,215
111,2,2,三重區,,,,無年齡維度,0.0,女,遷出,新北市內,0
111,2,2,三重區,,,,無年齡維度,0.0,男,遷出,新北市內,0
111,2,2,三重區,,,,無年齡維度,0.0,女,遷出,桃園市,46
111,2,2,三重區,,,,無年齡維度,0.0,男,遷出,桃園市,38
111,2,2,三重區,,,,無年齡維度,0.0,女,遷出,福建省,0
111,2,2,三重區,,,,無年齡維度,0.0,男,遷出,福建省,4
111,2,2,三重區,,,,無年齡維度,0.0,女,遷出,臺中市,26
111,2,2,三重區,,,,無年齡維度,0.0,男,遷出,臺中市,12
111,2,2,三重區,,,,無年齡維度,0.0,女,遷出,臺北市,162
111,2,2,三重區,,,,無年齡維度,0.0,男,遷出,臺北市,140
111,2,2,三重區,,,,無年齡維度,0.0,女,遷出,臺南市,11
111,2,2,三重區,,,,無年齡維度,0.0,男,遷出,臺南市,7
111,2,2,三重區,,,,無年齡維度,0.0,女,遷出,臺灣省,67
111,2,2,三重區,,,,無年齡維度,0.0,男,遷出,臺灣省,68
111,2,2,三重區,,,,無年齡維度,0.0,女,遷出,高雄市,14
111,2,2,三重區,,,,無年齡維度,0.0,男,遷出,高雄市,8
111,2,3,中和區,,,,無年齡維度,0.0,女,遷入,migrants,304
111,2,3,中和區,,,,無年齡維度,0.0,男,遷入,migrants,262
111,2,3,中和區,,,,無年齡維度,0.0,女,遷入,other,0
111,2,3,中和區,,,,無年齡維度,0.0,男,遷入,other,0
111,2,3,中和區,,,,無年齡維度,0.0,女,遷入,其他縣市,0
111,2,3,中和區,,,,無年齡維度,0.0,男,遷入,其他縣市,0
111,2,3,中和區,,,,無年齡維度,0.0,女,遷入,其他鄉鎮,268
111,2,3,中和區,,,,無年齡維度,0.0,男,遷入,其他鄉鎮,232
111,2,3,中和區,,,,無年齡維度,0.0,女,遷入,合計,632
111,2,3,中和區,,,,無年齡維度,0.0,男,遷入,合計,486
111,2,3,中和區,,,,無年齡維度,0.0,女,遷入,國外,35
111,2,3,中和區,,,,無年齡維度,0.0,男,遷入,國外,26
111,2,3,中和區,,,,無年齡維度,0.0,女,遷入,新北市內,0
111,2,3,中和區,,,,無年齡維度,0.0,男,遷入,新北市內,0
111,2,3,中和區,,,,無年齡維度,0.0,女,遷入,桃園市,34
111,2,3,中和區,,,,無年齡維度,0.0,男,遷入,桃園市,20
111,2,3,中和區,,,,無年齡維度,0.0,女,遷入,福建省,15
111,2,3,中和區,,,,無年齡維度,0.0,男,遷入,福建省,16
111,2,3,中和區,,,,無年齡維度,0.0,女,遷入,臺中市,10
111,2,3,中和區,,,,無年齡維度,0.0,男,遷入,臺中市,15
111,2,3,中和區,,,,無年齡維度,0.0,女,遷入,臺北市,171
111,2,3,中和區,,,,無年齡維度,0.0,男,遷入,臺北市,113
111,2,3,中和區,,,,無年齡維度,0.0,女,遷入,臺南市,5
111,2,3,中和區,,,,無年齡維度,0.0,男,遷入,臺南市,1
111,2,3,中和區,,,,無年齡維度,0.0,女,遷入,臺灣省,67
111,2,3,中和區,,,,無年齡維度,0.0,男,遷入,臺灣省,47
111,2,3,中和區,,,,無年齡維度,0.0,女,遷入,高雄市,11
111,2,3,中和區,,,,無年齡維度,0.0,男,遷入,高雄市,13
111,2,3,中和區,,,,無年齡維度,0.0,女,遷出,migrants,304
111,2,3,中和區,,,,無年齡維度,0.0,男,遷出,migrants,262
111,2,3,中和區,,,,無年齡維度,0.0,女,遷出,other,0
111,2,3,中和區,,,,無年齡維度,0.0,男,遷出,other,0
111,2,3,中和區,,,,無年齡維度,0.0,女,遷出,其他縣市,0
111,2,3,中和區,,,,無年齡維度,0.0,男,遷出,其他縣市,0
111,2,3,中和區,,,,無年齡維度,0.0,女,遷出,其他鄉鎮,302
111,2,3,中和區,,,,無年齡維度,0.0,男,遷出,其他鄉鎮,290
111,2,3,中和區,,,,無年齡維度,0.0,女,遷出,合計,883
111,2,3,中和區,,,,無年齡維度,0.0,男,遷出,合計,793
111,2,3,中和區,,,,無年齡維度,0.0,女,遷出,國外,309
111,2,3,中和區,,,,無年齡維度,0.0,男,遷出,國外,249
111,2,3,中和區,,,,無年齡維度,0.0,女,遷出,新北市內,0
111,2,3,中和區,,,,無年齡維度,0.0,男,遷出,新北市內,0
111,2,3,中和區,,,,無年齡維度,0.0,女,遷出,桃園市,41
111,2,3,中和區,,,,無年齡維度,0.0,男,遷出,桃園市,35
111,2,3,中和區,,,,無年齡維度,0.0,女,遷出,福建省,9
111,2,3,中和區,,,,無年齡維度,0.0,男,遷出,福建省,11
111,2,3,中和區,,,,無年齡維度,0.0,女,遷出,臺中市,16
111,2,3,中和區,,,,無年齡維度,0.0,男,遷出,臺中市,14
111,2,3,中和區,,,,無年齡維度,0.0,女,遷出,臺北市,118
111,2,3,中和區,,,,無年齡維度,0.0,男,遷出,臺北市,88
111,2,3,中和區,,,,無年齡維度,0.0,女,遷出,臺南市,11
111,2,3,中和區,,,,無年齡維度,0.0,男,遷出,臺南市,13
111,2,3,中和區,,,,無年齡維度,0.0,女,遷出,臺灣省,65
111,2,3,中和區,,,,無年齡維度,0.0,男,遷出,臺灣省,81
111,2,3,中和區,,,,無年齡維度,0.0,女,遷出,高雄市,12
111,2,3,中和區,,,,無年齡維度,0.0,男,遷出,高雄市,12
111,2,4,永和區,,,,無年齡維度,0.0,女,遷入,migrants,131
111,2,4,永和區,,,,無年齡維度,0.0,男,遷入,migrants,120
111,2,4,永和區,,,,無年齡維度,0.0,女,遷入,other,0
111,2,4,永和區,,,,無年齡維度,0.0,男,遷入,other,0
111,2,4,永和區,,,,無年齡維度,0.0,女,遷入,其他縣市,0
111,2,4,永和區,,,,無年齡維度,0.0,男,遷入,其他縣市,0
111,2,4,永和區,,,,無年齡維度,0.0,女,遷入,其他鄉鎮,171
111,2,4,永和區,,,,無年齡維度,0.0,男,遷入,其他鄉鎮,151
111,2,4,永和區,,,,無年齡維度,0.0,女,遷入,合計,384
111,2,4,永和區,,,,無年齡維度,0.0,男,遷入,合計,340
111,2,4,永和區,,,,無年齡維度,0.0,女,遷入,國外,29
111,2,4,永和區,,,,無年齡維度,0.0,男,遷入,國外,16
111,2,4,永和區,,,,無年齡維度,0.0,女,遷入,新北市內,0
111,2,4,永和區,,,,無年齡維度,0.0,男,遷入,新北市內,0
111,2,4,永和區,,,,無年齡維度,0.0,女,遷入,桃園市,8
111,2,4,永和區,,,,無年齡維度,0.0,男,遷入,桃園市,15
111,2,4,永和區,,,,無年齡維度,0.0,女,遷入,福建省,7
111,2,4,永和區,,,,無年齡維度,0.0,男,遷入,福建省,3
111,2,4,永和區,,,,無年齡維度,0.0,女,遷入,臺中市,7
111,2,4,永和區,,,,無年齡維度,0.0,男,遷入,臺中市,10
111,2,4,永和區,,,,無年齡維度,0.0,女,遷入,臺北市,114
111,2,4,永和區,,,,無年齡維度,0.0,男,遷入,臺北市,104
111,2,4,永和區,,,,無年齡維度,0.0,女,遷入,臺南市,9
111,2,4,永和區,,,,無年齡維度,0.0,男,遷入,臺南市,6
111,2,4,永和區,,,,無年齡維度,0.0,女,遷入,臺灣省,30
111,2,4,永和區,,,,無年齡維度,0.0,男,遷入,臺灣省,28
111,2,4,永和區,,,,無年齡維度,0.0,女,遷入,高雄市,7
111,2,4,永和區,,,,無年齡維度,0.0,男,遷入,高雄市,7
111,2,4,永和區,,,,無年齡維度,0.0,女,遷出,migrants,131
111,2,4,永和區,,,,無年齡維度,0.0,男,遷出,migrants,120
111,2,4,永和區,,,,無年齡維度,0.0,女,遷出,other,0
111,2,4,永和區,,,,無年齡維度,0.0,男,遷出,other,0
111,2,4,永和區,,,,無年齡維度,0.0,女,遷出,其他縣市,0
111,2,4,永和區,,,,無年齡維度,0.0,男,遷出,其他縣市,0
111,2,4,永和區,,,,無年齡維度,0.0,女,遷出,其他鄉鎮,166
111,2,4,永和區,,,,無年齡維度,0.0,男,遷出,其他鄉鎮,146
111,2,4,永和區,,,,無年齡維度,0.0,女,遷出,合計,598
111,2,4,永和區,,,,無年齡維度,0.0,男,遷出,合計,509
111,2,4,永和區,,,,無年齡維度,0.0,女,遷出,國外,281
111,2,4,永和區,,,,無年齡維度,0.0,男,遷出,國外,246
111,2,4,永和區,,,,無年齡維度,0.0,女,遷出,新北市內,0
111,2,4,永和區,,,,無年齡維度,0.0,男,遷出,新北市內,0
111,2,4,永和區,,,,無年齡維度,0.0,女,遷出,桃園市,21
111,2,4,永和區,,,,無年齡維度,0.0,男,遷出,桃園市,16
111,2,4,永和區,,,,無年齡維度,0.0,女,遷出,福建省,5
111,2,4,永和區,,,,無年齡維度,0.0,男,遷出,福建省,2
111,2,4,永和區,,,,無年齡維度,0.0,女,遷出,臺中市,13
111,2,4,永和區,,,,無年齡維度,0.0,男,遷出,臺中市,9
111,2,4,永和區,,,,無年齡維度,0.0,女,遷出,臺北市,74
111,2,4,永和區,,,,無年齡維度,0.0,男,遷出,臺北市,47
111,2,4,永和區,,,,無年齡維度,0.0,女,遷出,臺南市,3
111,2,4,永和區,,,,無年齡維度,0.0,男,遷出,臺南市,10
111,2,4,永和區,,,,無年齡維度,0.0,女,遷出,臺灣省,27
111,2,4,永和區,,,,無年齡維度,0.0,男,遷出,臺灣省,27
111,2,4,永和區,,,,無年齡維度,0.0,女,遷出,高雄市,7
111,2,4,永和區,,,,無年齡維度,0.0,男,遷出,高雄市,6
111,2,5,新莊區,,,,無年齡維度,0.0,女,遷入,migrants,462
111,2,5,新莊區,,,,無年齡維度,0.0,男,遷入,migrants,405
111,2,5,新莊區,,,,無年齡維度,0.0,女,遷入,other,0
111,2,5,新莊區,,,,無年齡維度,0.0,男,遷入,other,0
111,2,5,新莊區,,,,無年齡維度,0.0,女,遷入,其他縣市,0
111,2,5,新莊區,,,,無年齡維度,0.0,男,遷入,其他縣市,0
111,2,5,新莊區,,,,無年齡維度,0.0,女,遷入,其他鄉鎮,248
111,2,5,新莊區,,,,無年齡維度,0.0,男,遷入,其他鄉鎮,200
111,2,5,新莊區,,,,無年齡維度,0.0,女,遷入,合計,586
111,2,5,新莊區,,,,無年齡維度,0.0,男,遷入,合計,478
111,2,5,新莊區,,,,無年齡維度,0.0,女,遷入,國外,18
111,2,5,新莊區,,,,無年齡維度,0.0,男,遷入,國外,22
111,2,5,新莊區,,,,無年齡維度,0.0,女,遷入,新北市內,0
111,2,5,新莊區,,,,無年齡維度,0.0,男,遷入,新北市內,0
111,2,5,新莊區,,,,無年齡維度,0.0,女,遷入,桃園市,54
111,2,5,新莊區,,,,無年齡維度,0.0,男,遷入,桃園市,49
111,2,5,新莊區,,,,無年齡維度,0.0,女,遷入,福建省,3
111,2,5,新莊區,,,,無年齡維度,0.0,男,遷入,福建省,3
111,2,5,新莊區,,,,無年齡維度,0.0,女,遷入,臺中市,14
111,2,5,新莊區,,,,無年齡維度,0.0,男,遷入,臺中市,12
111,2,5,新莊區,,,,無年齡維度,0.0,女,遷入,臺北市,143
111,2,5,新莊區,,,,無年齡維度,0.0,男,遷入,臺北市,120
111,2,5,新莊區,,,,無年齡維度,0.0,女,遷入,臺南市,10
111,2,5,新莊區,,,,無年齡維度,0.0,男,遷入,臺南市,8
111,2,5,新莊區,,,,無年齡維度,0.0,女,遷入,臺灣省,63
111,2,5,新莊區,,,,無年齡維度,0.0,男,遷入,臺灣省,49
111,2,5,新莊區,,,,無年齡維度,0.0,女,遷入,高雄市,20
111,2,5,新莊區,,,,無年齡維度,0.0,男,遷入,高雄市,13
111,2,5,新莊區,,,,無年齡維度,0.0,女,遷出,migrants,462
111,2,5,新莊區,,,,無年齡維度,0.0,男,遷出,migrants,405
111,2,5,新莊區,,,,無年齡維度,0.0,女,遷出,other,0
111,2,5,新莊區,,,,無年齡維度,0.0,男,遷出,other,0
111,2,5,新莊區,,,,無年齡維度,0.0,女,遷出,其他縣市,0
111,2,5,新莊區,,,,無年齡維度,0.0,男,遷出,其他縣市,0
111,2,5,新莊區,,,,無年齡維度,0.0,女,遷出,其他鄉鎮,257
111,2,5,新莊區,,,,無年齡維度,0.0,男,遷出,其他鄉鎮,180
111,2,5,新莊區,,,,無年齡維度,0.0,女,遷出,合計,768
111,2,5,新莊區,,,,無年齡維度,0.0,男,遷出,合計,639
111,2,5,新莊區,,,,無年齡維度,0.0,女,遷出,國外,208
111,2,5,新莊區,,,,無年齡維度,0.0,男,遷出,國外,182
111,2,5,新莊區,,,,無年齡維度,0.0,女,遷出,新北市內,0
111,2,5,新莊區,,,,無年齡維度,0.0,男,遷出,新北市內,0
111,2,5,新莊區,,,,無年齡維度,0.0,女,遷出,桃園市,88
111,2,5,新莊區,,,,無年齡維度,0.0,男,遷出,桃園市,96
111,2,5,新莊區,,,,無年齡維度,0.0,女,遷出,福建省,2
111,2,5,新莊區,,,,無年齡維度,0.0,男,遷出,福建省,6
111,2,5,新莊區,,,,無年齡維度,0.0,女,遷出,臺中市,28
111,2,5,新莊區,,,,無年齡維度,0.0,男,遷出,臺中市,16
111,2,5,新莊區,,,,無年齡維度,0.0,女,遷出,臺北市,77
111,2,5,新莊區,,,,無年齡維度,0.0,男,遷出,臺北市,56
111,2,5,新莊區,,,,無年齡維度,0.0,女,遷出,臺南市,7
111,2,5,新莊區,,,,無年齡維度,0.0,男,遷出,臺南市,2
111,2,5,新莊區,,,,無年齡維度,0.0,女,遷出,臺灣省,84
111,2,5,新莊區,,,,無年齡維度,0.0,男,遷出,臺灣省,88
111,2,5,新莊區,,,,無年齡維度,0.0,女,遷出,高雄市,17
111,2,5,新莊區,,,,無年齡維度,0.0,男,遷出,高雄市,13
111,2,6,新店區,,,,無年齡維度,0.0,女,遷入,migrants,328
111,2,6,新店區,,,,無年齡維度,0.0,男,遷入,migrants,254
111,2,6,新店區,,,,無年齡維度,0.0,女,遷入,other,0
111,2,6,新店區,,,,無年齡維度,0.0,男,遷入,other,0
111,2,6,新店區,,,,無年齡維度,0.0,女,遷入,其他縣市,0
111,2,6,新店區,,,,無年齡維度,0.0,男,遷入,其他縣市,0
111,2,6,新店區,,,,無年齡維度,0.0,女,遷入,其他鄉鎮,150
111,2,6,新店區,,,,無年齡維度,0.0,男,遷入,其他鄉鎮,111
111,2,6,新店區,,,,無年齡維度,0.0,女,遷入,合計,515
111,2,6,新店區,,,,無年齡維度,0.0,男,遷入,合計,399
111,2,6,新店區,,,,無年齡維度,0.0,女,遷入,國外,50
111,2,6,新店區,,,,無年齡維度,0.0,男,遷入,國外,30
111,2,6,新店區,,,,無年齡維度,0.0,女,遷入,新北市內,0
111,2,6,新店區,,,,無年齡維度,0.0,男,遷入,新北市內,0
111,2,6,新店區,,,,無年齡維度,0.0,女,遷入,桃園市,18
111,2,6,新店區,,,,無年齡維度,0.0,男,遷入,桃園市,20
111,2,6,新店區,,,,無年齡維度,0.0,女,遷入,福建省,1
111,2,6,新店區,,,,無年齡維度,0.0,男,遷入,福建省,3
111,2,6,新店區,,,,無年齡維度,0.0,女,遷入,臺中市,10
111,2,6,新店區,,,,無年齡維度,0.0,男,遷入,臺中市,9
111,2,6,新店區,,,,無年齡維度,0.0,女,遷入,臺北市,212
111,2,6,新店區,,,,無年齡維度,0.0,男,遷入,臺北市,171
111,2,6,新店區,,,,無年齡維度,0.0,女,遷入,臺南市,6
111,2,6,新店區,,,,無年齡維度,0.0,男,遷入,臺南市,2
111,2,6,新店區,,,,無年齡維度,0.0,女,遷入,臺灣省,43
111,2,6,新店區,,,,無年齡維度,0.0,男,遷入,臺灣省,43
111,2,6,新店區,,,,無年齡維度,0.0,女,遷入,高雄市,15
111,2,6,新店區,,,,無年齡維度,0.0,男,遷入,高雄市,9
111,2,6,新店區,,,,無年齡維度,0.0,女,遷出,migrants,328
111,2,6,新店區,,,,無年齡維度,0.0,男,遷出,migrants,254
111,2,6,新店區,,,,無年齡維度,0.0,女,遷出,other,0
111,2,6,新店區,,,,無年齡維度,0.0,男,遷出,other,0
111,2,6,新店區,,,,無年齡維度,0.0,女,遷出,其他縣市,0
111,2,6,新店區,,,,無年齡維度,0.0,男,遷出,其他縣市,0
111,2,6,新店區,,,,無年齡維度,0.0,女,遷出,其他鄉鎮,125
111,2,6,新店區,,,,無年齡維度,0.0,男,遷出,其他鄉鎮,126
111,2,6,新店區,,,,無年齡維度,0.0,女,遷出,合計,709
111,2,6,新店區,,,,無年齡維度,0.0,男,遷出,合計,598
111,2,6,新店區,,,,無年齡維度,0.0,女,遷出,國外,317
111,2,6,新店區,,,,無年齡維度,0.0,男,遷出,國外,235
111,2,6,新店區,,,,無年齡維度,0.0,女,遷出,新北市內,0
111,2,6,新店區,,,,無年齡維度,0.0,男,遷出,新北市內,0
111,2,6,新店區,,,,無年齡維度,0.0,女,遷出,桃園市,29
111,2,6,新店區,,,,無年齡維度,0.0,男,遷出,桃園市,26
111,2,6,新店區,,,,無年齡維度,0.0,女,遷出,福建省,3
111,2,6,新店區,,,,無年齡維度,0.0,男,遷出,福建省,1
111,2,6,新店區,,,,無年齡維度,0.0,女,遷出,臺中市,20
111,2,6,新店區,,,,無年齡維度,0.0,男,遷出,臺中市,14
111,2,6,新店區,,,,無年齡維度,0.0,女,遷出,臺北市,142
111,2,6,新店區,,,,無年齡維度,0.0,男,遷出,臺北市,120
111,2,6,新店區,,,,無年齡維度,0.0,女,遷出,臺南市,8
111,2,6,新店區,,,,無年齡維度,0.0,男,遷出,臺南市,10
111,2,6,新店區,,,,無年齡維度,0.0,女,遷出,臺灣省,50
111,2,6,新店區,,,,無年齡維度,0.0,男,遷出,臺灣省,52
111,2,6,新店區,,,,無年齡維度,0.0,女,遷出,高雄市,15
111,2,6,新店區,,,,無年齡維度,0.0,男,遷出,高雄市,14
111,2,7,土城區,,,,無年齡維度,0.0,女,遷入,migrants,169
111,2,7,土城區,,,,無年齡維度,0.0,男,遷入,migrants,153
111,2,7,土城區,,,,無年齡維度,0.0,女,遷入,other,0
111,2,7,土城區,,,,無年齡維度,0.0,男,遷入,other,0
111,2,7,土城區,,,,無年齡維度,0.0,女,遷入,其他縣市,0
111,2,7,土城區,,,,無年齡維度,0.0,男,遷入,其他縣市,0
111,2,7,土城區,,,,無年齡維度,0.0,女,遷入,其他鄉鎮,136
111,2,7,土城區,,,,無年齡維度,0.0,男,遷入,其他鄉鎮,101
111,2,7,土城區,,,,無年齡維度,0.0,女,遷入,合計,273
111,2,7,土城區,,,,無年齡維度,0.0,男,遷入,合計,214
111,2,7,土城區,,,,無年齡維度,0.0,女,遷入,國外,14
111,2,7,土城區,,,,無年齡維度,0.0,男,遷入,國外,10
111,2,7,土城區,,,,無年齡維度,0.0,女,遷入,新北市內,0
111,2,7,土城區,,,,無年齡維度,0.0,男,遷入,新北市內,0
111,2,7,土城區,,,,無年齡維度,0.0,女,遷入,桃園市,36
111,2,7,土城區,,,,無年齡維度,0.0,男,遷入,桃園市,30
111,2,7,土城區,,,,無年齡維度,0.0,女,遷入,福建省,2
111,2,7,土城區,,,,無年齡維度,0.0,男,遷入,福建省,0
111,2,7,土城區,,,,無年齡維度,0.0,女,遷入,臺中市,4
111,2,7,土城區,,,,無年齡維度,0.0,男,遷入,臺中市,9
111,2,7,土城區,,,,無年齡維度,0.0,女,遷入,臺北市,35
111,2,7,土城區,,,,無年齡維度,0.0,男,遷入,臺北市,25
111,2,7,土城區,,,,無年齡維度,0.0,女,遷入,臺南市,3
111,2,7,土城區,,,,無年齡維度,0.0,男,遷入,臺南市,5
111,2,7,土城區,,,,無年齡維度,0.0,女,遷入,臺灣省,29
111,2,7,土城區,,,,無年齡維度,0.0,男,遷入,臺灣省,28
111,2,7,土城區,,,,無年齡維度,0.0,女,遷入,高雄市,4
111,2,7,土城區,,,,無年齡維度,0.0,男,遷入,高雄市,4
111,2,7,土城區,,,,無年齡維度,0.0,女,遷出,migrants,169
111,2,7,土城區,,,,無年齡維度,0.0,男,遷出,migrants,153
111,2,7,土城區,,,,無年齡維度,0.0,女,遷出,other,0
111,2,7,土城區,,,,無年齡維度,0.0,男,遷出,other,0
111,2,7,土城區,,,,無年齡維度,0.0,女,遷出,其他縣市,0
111,2,7,土城區,,,,無年齡維度,0.0,男,遷出,其他縣市,0
111,2,7,土城區,,,,無年齡維度,0.0,女,遷出,其他鄉鎮,146
111,2,7,土城區,,,,無年齡維度,0.0,男,遷出,其他鄉鎮,116
111,2,7,土城區,,,,無年齡維度,0.0,女,遷出,合計,358
111,2,7,土城區,,,,無年齡維度,0.0,男,遷出,合計,315
111,2,7,土城區,,,,無年齡維度,0.0,女,遷出,國外,95
111,2,7,土城區,,,,無年齡維度,0.0,男,遷出,國外,81
111,2,7,土城區,,,,無年齡維度,0.0,女,遷出,新北市內,0
111,2,7,土城區,,,,無年齡維度,0.0,男,遷出,新北市內,0
111,2,7,土城區,,,,無年齡維度,0.0,女,遷出,桃園市,44
111,2,7,土城區,,,,無年齡維度,0.0,男,遷出,桃園市,49
111,2,7,土城區,,,,無年齡維度,0.0,女,遷出,福建省,2
111,2,7,土城區,,,,無年齡維度,0.0,男,遷出,福建省,1
111,2,7,土城區,,,,無年齡維度,0.0,女,遷出,臺中市,9
111,2,7,土城區,,,,無年齡維度,0.0,男,遷出,臺中市,6
111,2,7,土城區,,,,無年齡維度,0.0,女,遷出,臺北市,13
111,2,7,土城區,,,,無年齡維度,0.0,男,遷出,臺北市,17
111,2,7,土城區,,,,無年齡維度,0.0,女,遷出,臺南市,9
111,2,7,土城區,,,,無年齡維度,0.0,男,遷出,臺南市,3
111,2,7,土城區,,,,無年齡維度,0.0,女,遷出,臺灣省,38
111,2,7,土城區,,,,無年齡維度,0.0,男,遷出,臺灣省,39
111,2,7,土城區,,,,無年齡維度,0.0,女,遷出,高雄市,2
111,2,7,土城區,,,,無年齡維度,0.0,男,遷出,高雄市,3
111,2,8,蘆洲區,,,,無年齡維度,0.0,女,遷入,migrants,76
111,2,8,蘆洲區,,,,無年齡維度,0.0,男,遷入,migrants,89
111,2,8,蘆洲區,,,,無年齡維度,0.0,女,遷入,other,0
111,2,8,蘆洲區,,,,無年齡維度,0.0,男,遷入,other,0
111,2,8,蘆洲區,,,,無年齡維度,0.0,女,遷入,其他縣市,0
111,2,8,蘆洲區,,,,無年齡維度,0.0,男,遷入,其他縣市,0
111,2,8,蘆洲區,,,,無年齡維度,0.0,女,遷入,其他鄉鎮,52
111,2,8,蘆洲區,,,,無年齡維度,0.0,男,遷入,其他鄉鎮,39
111,2,8,蘆洲區,,,,無年齡維度,0.0,女,遷入,合計,133
111,2,8,蘆洲區,,,,無年齡維度,0.0,男,遷入,合計,119
111,2,8,蘆洲區,,,,無年齡維度,0.0,女,遷入,國外,2
111,2,8,蘆洲區,,,,無年齡維度,0.0,男,遷入,國外,2
111,2,8,蘆洲區,,,,無年齡維度,0.0,女,遷入,新北市內,0
111,2,8,蘆洲區,,,,無年齡維度,0.0,男,遷入,新北市內,0
111,2,8,蘆洲區,,,,無年齡維度,0.0,女,遷入,桃園市,49
111,2,8,蘆洲區,,,,無年齡維度,0.0,男,遷入,桃園市,45
111,2,8,蘆洲區,,,,無年齡維度,0.0,女,遷入,福建省,0
111,2,8,蘆洲區,,,,無年齡維度,0.0,男,遷入,福建省,2
111,2,8,蘆洲區,,,,無年齡維度,0.0,女,遷入,臺中市,2
111,2,8,蘆洲區,,,,無年齡維度,0.0,男,遷入,臺中市,2
111,2,8,蘆洲區,,,,無年齡維度,0.0,女,遷入,臺北市,6
111,2,8,蘆洲區,,,,無年齡維度,0.0,男,遷入,臺北市,10
111,2,8,蘆洲區,,,,無年齡維度,0.0,女,遷入,臺南市,1
111,2,8,蘆洲區,,,,無年齡維度,0.0,男,遷入,臺南市,1
111,2,8,蘆洲區,,,,無年齡維度,0.0,女,遷入,臺灣省,13
111,2,8,蘆洲區,,,,無年齡維度,0.0,男,遷入,臺灣省,16
111,2,8,蘆洲區,,,,無年齡維度,0.0,女,遷入,高雄市,5
111,2,8,蘆洲區,,,,無年齡維度,0.0,男,遷入,高雄市,2
111,2,8,蘆洲區,,,,無年齡維度,0.0,女,遷出,migrants,76
111,2,8,蘆洲區,,,,無年齡維度,0.0,男,遷出,migrants,89
111,2,8,蘆洲區,,,,無年齡維度,0.0,女,遷出,other,0
111,2,8,蘆洲區,,,,無年齡維度,0.0,男,遷出,other,0
111,2,8,蘆洲區,,,,無年齡維度,0.0,女,遷出,其他縣市,0
111,2,8,蘆洲區,,,,無年齡維度,0.0,男,遷出,其他縣市,0
111,2,8,蘆洲區,,,,無年齡維度,0.0,女,遷出,其他鄉鎮,37
111,2,8,蘆洲區,,,,無年齡維度,0.0,男,遷出,其他鄉鎮,16
111,2,8,蘆洲區,,,,無年齡維度,0.0,女,遷出,合計,178
111,2,8,蘆洲區,,,,無年齡維度,0.0,男,遷出,合計,137
111,2,8,蘆洲區,,,,無年齡維度,0.0,女,遷出,國外,45
111,2,8,蘆洲區,,,,無年齡維度,0.0,男,遷出,國外,44
111,2,8,蘆洲區,,,,無年齡維度,0.0,女,遷出,新北市內,0
111,2,8,蘆洲區,,,,無年齡維度,0.0,男,遷出,新北市內,0
111,2,8,蘆洲區,,,,無年齡維度,0.0,女,遷出,桃園市,55
111,2,8,蘆洲區,,,,無年齡維度,0.0,男,遷出,桃園市,46
111,2,8,蘆洲區,,,,無年齡維度,0.0,女,遷出,福建省,1
111,2,8,蘆洲區,,,,無年齡維度,0.0,男,遷出,福建省,0
111,2,8,蘆洲區,,,,無年齡維度,0.0,女,遷出,臺中市,6
111,2,8,蘆洲區,,,,無年齡維度,0.0,男,遷出,臺中市,5
111,2,8,蘆洲區,,,,無年齡維度,0.0,女,遷出,臺北市,8
111,2,8,蘆洲區,,,,無年齡維度,0.0,男,遷出,臺北市,5
111,2,8,蘆洲區,,,,無年齡維度,0.0,女,遷出,臺南市,3
111,2,8,蘆洲區,,,,無年齡維度,0.0,男,遷出,臺南市,2
111,2,8,蘆洲區,,,,無年齡維度,0.0,女,遷出,臺灣省,18
111,2,8,蘆洲區,,,,無年齡維度,0.0,男,遷出,臺灣省,17
111,2,8,蘆洲區,,,,無年齡維度,0.0,女,遷出,高雄市,5
111,2,8,蘆洲區,,,,無年齡維度,0.0,男,遷出,高雄市,2
111,2,9,樹林區,,,,無年齡維度,0.0,女,遷入,migrants,149
111,2,9,樹林區,,,,無年齡維度,0.0,男,遷入,migrants,123
111,2,9,樹林區,,,,無年齡維度,0.0,女,遷入,other,0
111,2,9,樹林區,,,,無年齡維度,0.0,男,遷入,other,0
111,2,9,樹林區,,,,無年齡維度,0.0,女,遷入,其他縣市,0
111,2,9,樹林區,,,,無年齡維度,0.0,男,遷入,其他縣市,0
111,2,9,樹林區,,,,無年齡維度,0.0,女,遷入,其他鄉鎮,81
111,2,9,樹林區,,,,無年齡維度,0.0,男,遷入,其他鄉鎮,83
111,2,9,樹林區,,,,無年齡維度,0.0,女,遷入,合計,176
111,2,9,樹林區,,,,無年齡維度,0.0,男,遷入,合計,162
111,2,9,樹林區,,,,無年齡維度,0.0,女,遷入,國外,7
111,2,9,樹林區,,,,無年齡維度,0.0,男,遷入,國外,6
111,2,9,樹林區,,,,無年齡維度,0.0,女,遷入,新北市內,0
111,2,9,樹林區,,,,無年齡維度,0.0,男,遷入,新北市內,0
111,2,9,樹林區,,,,無年齡維度,0.0,女,遷入,桃園市,26
111,2,9,樹林區,,,,無年齡維度,0.0,男,遷入,桃園市,18
111,2,9,樹林區,,,,無年齡維度,0.0,女,遷入,福建省,1
111,2,9,樹林區,,,,無年齡維度,0.0,男,遷入,福建省,0
111,2,9,樹林區,,,,無年齡維度,0.0,女,遷入,臺中市,2
111,2,9,樹林區,,,,無年齡維度,0.0,男,遷入,臺中市,4
111,2,9,樹林區,,,,無年齡維度,0.0,女,遷入,臺北市,32
111,2,9,樹林區,,,,無年齡維度,0.0,男,遷入,臺北市,23
111,2,9,樹林區,,,,無年齡維度,0.0,女,遷入,臺南市,10
111,2,9,樹林區,,,,無年齡維度,0.0,男,遷入,臺南市,5
111,2,9,樹林區,,,,無年齡維度,0.0,女,遷入,臺灣省,15
111,2,9,樹林區,,,,無年齡維度,0.0,男,遷入,臺灣省,18
111,2,9,樹林區,,,,無年齡維度,0.0,女,遷入,高雄市,1
111,2,9,樹林區,,,,無年齡維度,0.0,男,遷入,高雄市,4
111,2,9,樹林區,,,,無年齡維度,0.0,女,遷出,migrants,149
111,2,9,樹林區,,,,無年齡維度,0.0,男,遷出,migrants,123
111,2,9,樹林區,,,,無年齡維度,0.0,女,遷出,other,0
111,2,9,樹林區,,,,無年齡維度,0.0,男,遷出,other,0
111,2,9,樹林區,,,,無年齡維度,0.0,女,遷出,其他縣市,0
111,2,9,樹林區,,,,無年齡維度,0.0,男,遷出,其他縣市,0
111,2,9,樹林區,,,,無年齡維度,0.0,女,遷出,其他鄉鎮,58
111,2,9,樹林區,,,,無年齡維度,0.0,男,遷出,其他鄉鎮,46
111,2,9,樹林區,,,,無年齡維度,0.0,女,遷出,合計,197
111,2,9,樹林區,,,,無年齡維度,0.0,男,遷出,合計,172
111,2,9,樹林區,,,,無年齡維度,0.0,女,遷出,國外,65
111,2,9,樹林區,,,,無年齡維度,0.0,男,遷出,國外,63
111,2,9,樹林區,,,,無年齡維度,0.0,女,遷出,新北市內,0
111,2,9,樹林區,,,,無年齡維度,0.0,男,遷出,新北市內,0
111,2,9,樹林區,,,,無年齡維度,0.0,女,遷出,桃園市,37
111,2,9,樹林區,,,,無年齡維度,0.0,男,遷出,桃園市,23
111,2,9,樹林區,,,,無年齡維度,0.0,女,遷出,福建省,1
111,2,9,樹林區,,,,無年齡維度,0.0,男,遷出,福建省,4
111,2,9,樹林區,,,,無年齡維度,0.0,女,遷出,臺中市,6
111,2,9,樹林區,,,,無年齡維度,0.0,男,遷出,臺中市,7
111,2,9,樹林區,,,,無年齡維度,0.0,女,遷出,臺北市,11
111,2,9,樹林區,,,,無年齡維度,0.0,男,遷出,臺北市,12
111,2,9,樹林區,,,,無年齡維度,0.0,女,遷出,臺南市,4
111,2,9,樹林區,,,,無年齡維度,0.0,男,遷出,臺南市,3
111,2,9,樹林區,,,,無年齡維度,0.0,女,遷出,臺灣省,11
111,2,9,樹林區,,,,無年齡維度,0.0,男,遷出,臺灣省,11
111,2,9,樹林區,,,,無年齡維度,0.0,女,遷出,高雄市,4
111,2,9,樹林區,,,,無年齡維度,0.0,男,遷出,高雄市,3
111,2,10,鶯歌區,,,,無年齡維度,0.0,女,遷入,migrants,238
111,2,10,鶯歌區,,,,無年齡維度,0.0,男,遷入,migrants,239
111,2,10,鶯歌區,,,,無年齡維度,0.0,女,遷入,other,0
111,2,10,鶯歌區,,,,無年齡維度,0.0,男,遷入,other,0
111,2,10,鶯歌區,,,,無年齡維度,0.0,女,遷入,其他縣市,0
111,2,10,鶯歌區,,,,無年齡維度,0.0,男,遷入,其他縣市,0
111,2,10,鶯歌區,,,,無年齡維度,0.0,女,遷入,其他鄉鎮,95
111,2,10,鶯歌區,,,,無年齡維度,0.0,男,遷入,其他鄉鎮,85
111,2,10,鶯歌區,,,,無年齡維度,0.0,女,遷入,合計,397
111,2,10,鶯歌區,,,,無年齡維度,0.0,男,遷入,合計,296
111,2,10,鶯歌區,,,,無年齡維度,0.0,女,遷入,國外,29
111,2,10,鶯歌區,,,,無年齡維度,0.0,男,遷入,國外,11
111,2,10,鶯歌區,,,,無年齡維度,0.0,女,遷入,新北市內,0
111,2,10,鶯歌區,,,,無年齡維度,0.0,男,遷入,新北市內,0
111,2,10,鶯歌區,,,,無年齡維度,0.0,女,遷入,桃園市,25
111,2,10,鶯歌區,,,,無年齡維度,0.0,男,遷入,桃園市,15
111,2,10,鶯歌區,,,,無年齡維度,0.0,女,遷入,福建省,1
111,2,10,鶯歌區,,,,無年齡維度,0.0,男,遷入,福建省,2
111,2,10,鶯歌區,,,,無年齡維度,0.0,女,遷入,臺中市,18
111,2,10,鶯歌區,,,,無年齡維度,0.0,男,遷入,臺中市,14
111,2,10,鶯歌區,,,,無年齡維度,0.0,女,遷入,臺北市,162
111,2,10,鶯歌區,,,,無年齡維度,0.0,男,遷入,臺北市,121
111,2,10,鶯歌區,,,,無年齡維度,0.0,女,遷入,臺南市,9
111,2,10,鶯歌區,,,,無年齡維度,0.0,男,遷入,臺南市,3
111,2,10,鶯歌區,,,,無年齡維度,0.0,女,遷入,臺灣省,34
111,2,10,鶯歌區,,,,無年齡維度,0.0,男,遷入,臺灣省,33
111,2,10,鶯歌區,,,,無年齡維度,0.0,女,遷入,高雄市,11
111,2,10,鶯歌區,,,,無年齡維度,0.0,男,遷入,高雄市,10
111,2,10,鶯歌區,,,,無年齡維度,0.0,女,遷出,migrants,238
111,2,10,鶯歌區,,,,無年齡維度,0.0,男,遷出,migrants,239
111,2,10,鶯歌區,,,,無年齡維度,0.0,女,遷出,other,0
111,2,10,鶯歌區,,,,無年齡維度,0.0,男,遷出,other,0
111,2,10,鶯歌區,,,,無年齡維度,0.0,女,遷出,其他縣市,0
111,2,10,鶯歌區,,,,無年齡維度,0.0,男,遷出,其他縣市,0
111,2,10,鶯歌區,,,,無年齡維度,0.0,女,遷出,其他鄉鎮,78
111,2,10,鶯歌區,,,,無年齡維度,0.0,男,遷出,其他鄉鎮,41
111,2,10,鶯歌區,,,,無年齡維度,0.0,女,遷出,合計,439
111,2,10,鶯歌區,,,,無年齡維度,0.0,男,遷出,合計,327
111,2,10,鶯歌區,,,,無年齡維度,0.0,女,遷出,國外,193
111,2,10,鶯歌區,,,,無年齡維度,0.0,男,遷出,國外,140
111,2,10,鶯歌區,,,,無年齡維度,0.0,女,遷出,新北市內,0
111,2,10,鶯歌區,,,,無年齡維度,0.0,男,遷出,新北市內,0
111,2,10,鶯歌區,,,,無年齡維度,0.0,女,遷出,桃園市,17
111,2,10,鶯歌區,,,,無年齡維度,0.0,男,遷出,桃園市,19
111,2,10,鶯歌區,,,,無年齡維度,0.0,女,遷出,福建省,3
111,2,10,鶯歌區,,,,無年齡維度,0.0,男,遷出,福建省,2
111,2,10,鶯歌區,,,,無年齡維度,0.0,女,遷出,臺中市,12
111,2,10,鶯歌區,,,,無年齡維度,0.0,男,遷出,臺中市,7
111,2,10,鶯歌區,,,,無年齡維度,0.0,女,遷出,臺北市,88
111,2,10,鶯歌區,,,,無年齡維度,0.0,男,遷出,臺北市,75
111,2,10,鶯歌區,,,,無年齡維度,0.0,女,遷出,臺南市,9
111,2,10,鶯歌區,,,,無年齡維度,0.0,男,遷出,臺南市,5
111,2,10,鶯歌區,,,,無年齡維度,0.0,女,遷出,臺灣省,30
111,2,10,鶯歌區,,,,無年齡維度,0.0,男,遷出,臺灣省,32
111,2,10,鶯歌區,,,,無年齡維度,0.0,女,遷出,高雄市,8
111,2,10,鶯歌區,,,,無年齡維度,0.0,男,遷出,高雄市,6
111,2,11,三峽區,,,,無年齡維度,0.0,女,遷入,migrants,233
111,2,11,三峽區,,,,無年齡維度,0.0,男,遷入,migrants,207
111,2,11,三峽區,,,,無年齡維度,0.0,女,遷入,other,0
111,2,11,三峽區,,,,無年齡維度,0.0,男,遷入,other,0
111,2,11,三峽區,,,,無年齡維度,0.0,女,遷入,其他縣市,0
111,2,11,三峽區,,,,無年齡維度,0.0,男,遷入,其他縣市,0
111,2,11,三峽區,,,,無年齡維度,0.0,女,遷入,其他鄉鎮,57
111,2,11,三峽區,,,,無年齡維度,0.0,男,遷入,其他鄉鎮,54
111,2,11,三峽區,,,,無年齡維度,0.0,女,遷入,合計,383
111,2,11,三峽區,,,,無年齡維度,0.0,男,遷入,合計,356
111,2,11,三峽區,,,,無年齡維度,0.0,女,遷入,國外,11
111,2,11,三峽區,,,,無年齡維度,0.0,男,遷入,國外,16
111,2,11,三峽區,,,,無年齡維度,0.0,女,遷入,新北市內,0
111,2,11,三峽區,,,,無年齡維度,0.0,男,遷入,新北市內,0
111,2,11,三峽區,,,,無年齡維度,0.0,女,遷入,桃園市,20
111,2,11,三峽區,,,,無年齡維度,0.0,男,遷入,桃園市,19
111,2,11,三峽區,,,,無年齡維度,0.0,女,遷入,福建省,1
111,2,11,三峽區,,,,無年齡維度,0.0,男,遷入,福建省,2
111,2,11,三峽區,,,,無年齡維度,0.0,女,遷入,臺中市,11
111,2,11,三峽區,,,,無年齡維度,0.0,男,遷入,臺中市,4
111,2,11,三峽區,,,,無年齡維度,0.0,女,遷入,臺北市,203
111,2,11,三峽區,,,,無年齡維度,0.0,男,遷入,臺北市,204
111,2,11,三峽區,,,,無年齡維度,0.0,女,遷入,臺南市,4
111,2,11,三峽區,,,,無年齡維度,0.0,男,遷入,臺南市,3
111,2,11,三峽區,,,,無年齡維度,0.0,女,遷入,臺灣省,62
111,2,11,三峽區,,,,無年齡維度,0.0,男,遷入,臺灣省,48
111,2,11,三峽區,,,,無年齡維度,0.0,女,遷入,高雄市,9
111,2,11,三峽區,,,,無年齡維度,0.0,男,遷入,高雄市,5
111,2,11,三峽區,,,,無年齡維度,0.0,女,遷出,migrants,233
111,2,11,三峽區,,,,無年齡維度,0.0,男,遷出,migrants,207
111,2,11,三峽區,,,,無年齡維度,0.0,女,遷出,other,0
111,2,11,三峽區,,,,無年齡維度,0.0,男,遷出,other,0
111,2,11,三峽區,,,,無年齡維度,0.0,女,遷出,其他縣市,0
111,2,11,三峽區,,,,無年齡維度,0.0,男,遷出,其他縣市,0
111,2,11,三峽區,,,,無年齡維度,0.0,女,遷出,其他鄉鎮,69
111,2,11,三峽區,,,,無年齡維度,0.0,男,遷出,其他鄉鎮,45
111,2,11,三峽區,,,,無年齡維度,0.0,女,遷出,合計,433
111,2,11,三峽區,,,,無年齡維度,0.0,男,遷出,合計,350
111,2,11,三峽區,,,,無年齡維度,0.0,女,遷出,國外,120
111,2,11,三峽區,,,,無年齡維度,0.0,男,遷出,國外,87
111,2,11,三峽區,,,,無年齡維度,0.0,女,遷出,新北市內,0
111,2,11,三峽區,,,,無年齡維度,0.0,男,遷出,新北市內,0
111,2,11,三峽區,,,,無年齡維度,0.0,女,遷出,桃園市,38
111,2,11,三峽區,,,,無年齡維度,0.0,男,遷出,桃園市,22
111,2,11,三峽區,,,,無年齡維度,0.0,女,遷出,福建省,1
111,2,11,三峽區,,,,無年齡維度,0.0,男,遷出,福建省,5
111,2,11,三峽區,,,,無年齡維度,0.0,女,遷出,臺中市,11
111,2,11,三峽區,,,,無年齡維度,0.0,男,遷出,臺中市,12
111,2,11,三峽區,,,,無年齡維度,0.0,女,遷出,臺北市,126
111,2,11,三峽區,,,,無年齡維度,0.0,男,遷出,臺北市,106
111,2,11,三峽區,,,,無年齡維度,0.0,女,遷出,臺南市,2
111,2,11,三峽區,,,,無年齡維度,0.0,男,遷出,臺南市,3
111,2,11,三峽區,,,,無年齡維度,0.0,女,遷出,臺灣省,62
111,2,11,三峽區,,,,無年齡維度,0.0,男,遷出,臺灣省,64
111,2,11,三峽區,,,,無年齡維度,0.0,女,遷出,高雄市,4
111,2,11,三峽區,,,,無年齡維度,0.0,男,遷出,高雄市,6
111,2,12,淡水區,,,,無年齡維度,0.0,女,遷入,migrants,26
111,2,12,淡水區,,,,無年齡維度,0.0,男,遷入,migrants,22
111,2,12,淡水區,,,,無年齡維度,0.0,女,遷入,other,0
111,2,12,淡水區,,,,無年齡維度,0.0,男,遷入,other,0
111,2,12,淡水區,,,,無年齡維度,0.0,女,遷入,其他縣市,0
111,2,12,淡水區,,,,無年齡維度,0.0,男,遷入,其他縣市,0
111,2,12,淡水區,,,,無年齡維度,0.0,女,遷入,其他鄉鎮,7
111,2,12,淡水區,,,,無年齡維度,0.0,男,遷入,其他鄉鎮,12
111,2,12,淡水區,,,,無年齡維度,0.0,女,遷入,合計,35
111,2,12,淡水區,,,,無年齡維度,0.0,男,遷入,合計,36
111,2,12,淡水區,,,,無年齡維度,0.0,女,遷入,國外,0
111,2,12,淡水區,,,,無年齡維度,0.0,男,遷入,國外,0
111,2,12,淡水區,,,,無年齡維度,0.0,女,遷入,新北市內,0
111,2,12,淡水區,,,,無年齡維度,0.0,男,遷入,新北市內,0
111,2,12,淡水區,,,,無年齡維度,0.0,女,遷入,桃園市,1
111,2,12,淡水區,,,,無年齡維度,0.0,男,遷入,桃園市,3
111,2,12,淡水區,,,,無年齡維度,0.0,女,遷入,福建省,0
111,2,12,淡水區,,,,無年齡維度,0.0,男,遷入,福建省,0
111,2,12,淡水區,,,,無年齡維度,0.0,女,遷入,臺中市,0
111,2,12,淡水區,,,,無年齡維度,0.0,男,遷入,臺中市,1
111,2,12,淡水區,,,,無年齡維度,0.0,女,遷入,臺北市,7
111,2,12,淡水區,,,,無年齡維度,0.0,男,遷入,臺北市,4
111,2,12,淡水區,,,,無年齡維度,0.0,女,遷入,臺南市,0
111,2,12,淡水區,,,,無年齡維度,0.0,男,遷入,臺南市,1
111,2,12,淡水區,,,,無年齡維度,0.0,女,遷入,臺灣省,19
111,2,12,淡水區,,,,無年齡維度,0.0,男,遷入,臺灣省,15
111,2,12,淡水區,,,,無年齡維度,0.0,女,遷入,高雄市,1
111,2,12,淡水區,,,,無年齡維度,0.0,男,遷入,高雄市,0
111,2,12,淡水區,,,,無年齡維度,0.0,女,遷出,migrants,26
111,2,12,淡水區,,,,無年齡維度,0.0,男,遷出,migrants,22
111,2,12,淡水區,,,,無年齡維度,0.0,女,遷出,other,0
111,2,12,淡水區,,,,無年齡維度,0.0,男,遷出,other,0
111,2,12,淡水區,,,,無年齡維度,0.0,女,遷出,其他縣市,0
111,2,12,淡水區,,,,無年齡維度,0.0,男,遷出,其他縣市,0
111,2,12,淡水區,,,,無年齡維度,0.0,女,遷出,其他鄉鎮,13
111,2,12,淡水區,,,,無年齡維度,0.0,男,遷出,其他鄉鎮,15
111,2,12,淡水區,,,,無年齡維度,0.0,女,遷出,合計,50
111,2,12,淡水區,,,,無年齡維度,0.0,男,遷出,合計,44
111,2,12,淡水區,,,,無年齡維度,0.0,女,遷出,國外,3
111,2,12,淡水區,,,,無年齡維度,0.0,男,遷出,國外,5
111,2,12,淡水區,,,,無年齡維度,0.0,女,遷出,新北市內,0
111,2,12,淡水區,,,,無年齡維度,0.0,男,遷出,新北市內,0
111,2,12,淡水區,,,,無年齡維度,0.0,女,遷出,桃園市,5
111,2,12,淡水區,,,,無年齡維度,0.0,男,遷出,桃園市,4
111,2,12,淡水區,,,,無年齡維度,0.0,女,遷出,福建省,1
111,2,12,淡水區,,,,無年齡維度,0.0,男,遷出,福建省,0
111,2,12,淡水區,,,,無年齡維度,0.0,女,遷出,臺中市,0
111,2,12,淡水區,,,,無年齡維度,0.0,男,遷出,臺中市,0
111,2,12,淡水區,,,,無年齡維度,0.0,女,遷出,臺北市,2
111,2,12,淡水區,,,,無年齡維度,0.0,男,遷出,臺北市,0
111,2,12,淡水區,,,,無年齡維度,0.0,女,遷出,臺南市,1
111,2,12,淡水區,,,,無年齡維度,0.0,男,遷出,臺南市,0
111,2,12,淡水區,,,,無年齡維度,0.0,女,遷出,臺灣省,23
111,2,12,淡水區,,,,無年齡維度,0.0,男,遷出,臺灣省,20
111,2,12,淡水區,,,,無年齡維度,0.0,女,遷出,高雄市,2
111,2,12,淡水區,,,,無年齡維度,0.0,男,遷出,高雄市,0
111,2,13,汐止區,,,,無年齡維度,0.0,女,遷入,migrants,250
111,2,13,汐止區,,,,無年齡維度,0.0,男,遷入,migrants,228
111,2,13,汐止區,,,,無年齡維度,0.0,女,遷入,other,0
111,2,13,汐止區,,,,無年齡維度,0.0,男,遷入,other,0
111,2,13,汐止區,,,,無年齡維度,0.0,女,遷入,其他縣市,0
111,2,13,汐止區,,,,無年齡維度,0.0,男,遷入,其他縣市,0
111,2,13,汐止區,,,,無年齡維度,0.0,女,遷入,其他鄉鎮,143
111,2,13,汐止區,,,,無年齡維度,0.0,男,遷入,其他鄉鎮,150
111,2,13,汐止區,,,,無年齡維度,0.0,女,遷入,合計,348
111,2,13,汐止區,,,,無年齡維度,0.0,男,遷入,合計,326
111,2,13,汐止區,,,,無年齡維度,0.0,女,遷入,國外,9
111,2,13,汐止區,,,,無年齡維度,0.0,男,遷入,國外,10
111,2,13,汐止區,,,,無年齡維度,0.0,女,遷入,新北市內,0
111,2,13,汐止區,,,,無年齡維度,0.0,男,遷入,新北市內,0
111,2,13,汐止區,,,,無年齡維度,0.0,女,遷入,桃園市,40
111,2,13,汐止區,,,,無年齡維度,0.0,男,遷入,桃園市,27
111,2,13,汐止區,,,,無年齡維度,0.0,女,遷入,福建省,0
111,2,13,汐止區,,,,無年齡維度,0.0,男,遷入,福建省,0
111,2,13,汐止區,,,,無年齡維度,0.0,女,遷入,臺中市,11
111,2,13,汐止區,,,,無年齡維度,0.0,男,遷入,臺中市,12
111,2,13,汐止區,,,,無年齡維度,0.0,女,遷入,臺北市,86
111,2,13,汐止區,,,,無年齡維度,0.0,男,遷入,臺北市,64
111,2,13,汐止區,,,,無年齡維度,0.0,女,遷入,臺南市,4
111,2,13,汐止區,,,,無年齡維度,0.0,男,遷入,臺南市,5
111,2,13,汐止區,,,,無年齡維度,0.0,女,遷入,臺灣省,41
111,2,13,汐止區,,,,無年齡維度,0.0,男,遷入,臺灣省,44
111,2,13,汐止區,,,,無年齡維度,0.0,女,遷入,高雄市,7
111,2,13,汐止區,,,,無年齡維度,0.0,男,遷入,高雄市,10
111,2,13,汐止區,,,,無年齡維度,0.0,女,遷出,migrants,250
111,2,13,汐止區,,,,無年齡維度,0.0,男,遷出,migrants,228
111,2,13,汐止區,,,,無年齡維度,0.0,女,遷出,other,0
111,2,13,汐止區,,,,無年齡維度,0.0,男,遷出,other,0
111,2,13,汐止區,,,,無年齡維度,0.0,女,遷出,其他縣市,0
111,2,13,汐止區,,,,無年齡維度,0.0,男,遷出,其他縣市,0
111,2,13,汐止區,,,,無年齡維度,0.0,女,遷出,其他鄉鎮,131
111,2,13,汐止區,,,,無年齡維度,0.0,男,遷出,其他鄉鎮,121
111,2,13,汐止區,,,,無年齡維度,0.0,女,遷出,合計,407
111,2,13,汐止區,,,,無年齡維度,0.0,男,遷出,合計,349
111,2,13,汐止區,,,,無年齡維度,0.0,女,遷出,國外,110
111,2,13,汐止區,,,,無年齡維度,0.0,男,遷出,國外,106
111,2,13,汐止區,,,,無年齡維度,0.0,女,遷出,新北市內,0
111,2,13,汐止區,,,,無年齡維度,0.0,男,遷出,新北市內,0
111,2,13,汐止區,,,,無年齡維度,0.0,女,遷出,桃園市,47
111,2,13,汐止區,,,,無年齡維度,0.0,男,遷出,桃園市,37
111,2,13,汐止區,,,,無年齡維度,0.0,女,遷出,福建省,3
111,2,13,汐止區,,,,無年齡維度,0.0,男,遷出,福建省,3
111,2,13,汐止區,,,,無年齡維度,0.0,女,遷出,臺中市,8
111,2,13,汐止區,,,,無年齡維度,0.0,男,遷出,臺中市,6
111,2,13,汐止區,,,,無年齡維度,0.0,女,遷出,臺北市,35
111,2,13,汐止區,,,,無年齡維度,0.0,男,遷出,臺北市,24
111,2,13,汐止區,,,,無年齡維度,0.0,女,遷出,臺南市,10
111,2,13,汐止區,,,,無年齡維度,0.0,男,遷出,臺南市,3
111,2,13,汐止區,,,,無年齡維度,0.0,女,遷出,臺灣省,56
111,2,13,汐止區,,,,無年齡維度,0.0,男,遷出,臺灣省,40
111,2,13,汐止區,,,,無年齡維度,0.0,女,遷出,高雄市,7
111,2,13,汐止區,,,,無年齡維度,0.0,男,遷出,高雄市,9
111,2,14,瑞芳區,,,,無年齡維度,0.0,女,遷入,migrants,157
111,2,14,瑞芳區,,,,無年齡維度,0.0,男,遷入,migrants,131
111,2,14,瑞芳區,,,,無年齡維度,0.0,女,遷入,other,0
111,2,14,瑞芳區,,,,無年齡維度,0.0,男,遷入,other,0
111,2,14,瑞芳區,,,,無年齡維度,0.0,女,遷入,其他縣市,0
111,2,14,瑞芳區,,,,無年齡維度,0.0,男,遷入,其他縣市,0
111,2,14,瑞芳區,,,,無年齡維度,0.0,女,遷入,其他鄉鎮,125
111,2,14,瑞芳區,,,,無年齡維度,0.0,男,遷入,其他鄉鎮,95
111,2,14,瑞芳區,,,,無年齡維度,0.0,女,遷入,合計,316
111,2,14,瑞芳區,,,,無年齡維度,0.0,男,遷入,合計,239
111,2,14,瑞芳區,,,,無年齡維度,0.0,女,遷入,國外,10
111,2,14,瑞芳區,,,,無年齡維度,0.0,男,遷入,國外,5
111,2,14,瑞芳區,,,,無年齡維度,0.0,女,遷入,新北市內,0
111,2,14,瑞芳區,,,,無年齡維度,0.0,男,遷入,新北市內,0
111,2,14,瑞芳區,,,,無年齡維度,0.0,女,遷入,桃園市,22
111,2,14,瑞芳區,,,,無年齡維度,0.0,男,遷入,桃園市,11
111,2,14,瑞芳區,,,,無年齡維度,0.0,女,遷入,福建省,1
111,2,14,瑞芳區,,,,無年齡維度,0.0,男,遷入,福建省,2
111,2,14,瑞芳區,,,,無年齡維度,0.0,女,遷入,臺中市,5
111,2,14,瑞芳區,,,,無年齡維度,0.0,男,遷入,臺中市,7
111,2,14,瑞芳區,,,,無年齡維度,0.0,女,遷入,臺北市,113
111,2,14,瑞芳區,,,,無年齡維度,0.0,男,遷入,臺北市,92
111,2,14,瑞芳區,,,,無年齡維度,0.0,女,遷入,臺南市,2
111,2,14,瑞芳區,,,,無年齡維度,0.0,男,遷入,臺南市,1
111,2,14,瑞芳區,,,,無年齡維度,0.0,女,遷入,臺灣省,31
111,2,14,瑞芳區,,,,無年齡維度,0.0,男,遷入,臺灣省,17
111,2,14,瑞芳區,,,,無年齡維度,0.0,女,遷入,高雄市,2
111,2,14,瑞芳區,,,,無年齡維度,0.0,男,遷入,高雄市,4
111,2,14,瑞芳區,,,,無年齡維度,0.0,女,遷出,migrants,157
111,2,14,瑞芳區,,,,無年齡維度,0.0,男,遷出,migrants,131
111,2,14,瑞芳區,,,,無年齡維度,0.0,女,遷出,other,0
111,2,14,瑞芳區,,,,無年齡維度,0.0,男,遷出,other,0
111,2,14,瑞芳區,,,,無年齡維度,0.0,女,遷出,其他縣市,0
111,2,14,瑞芳區,,,,無年齡維度,0.0,男,遷出,其他縣市,0
111,2,14,瑞芳區,,,,無年齡維度,0.0,女,遷出,其他鄉鎮,134
111,2,14,瑞芳區,,,,無年齡維度,0.0,男,遷出,其他鄉鎮,97
111,2,14,瑞芳區,,,,無年齡維度,0.0,女,遷出,合計,345
111,2,14,瑞芳區,,,,無年齡維度,0.0,男,遷出,合計,274
111,2,14,瑞芳區,,,,無年齡維度,0.0,女,遷出,國外,53
111,2,14,瑞芳區,,,,無年齡維度,0.0,男,遷出,國外,65
111,2,14,瑞芳區,,,,無年齡維度,0.0,女,遷出,新北市內,0
111,2,14,瑞芳區,,,,無年齡維度,0.0,男,遷出,新北市內,0
111,2,14,瑞芳區,,,,無年齡維度,0.0,女,遷出,桃園市,38
111,2,14,瑞芳區,,,,無年齡維度,0.0,男,遷出,桃園市,17
111,2,14,瑞芳區,,,,無年齡維度,0.0,女,遷出,福建省,2
111,2,14,瑞芳區,,,,無年齡維度,0.0,男,遷出,福建省,0
111,2,14,瑞芳區,,,,無年齡維度,0.0,女,遷出,臺中市,13
111,2,14,瑞芳區,,,,無年齡維度,0.0,男,遷出,臺中市,4
111,2,14,瑞芳區,,,,無年齡維度,0.0,女,遷出,臺北市,56
111,2,14,瑞芳區,,,,無年齡維度,0.0,男,遷出,臺北市,42
111,2,14,瑞芳區,,,,無年齡維度,0.0,女,遷出,臺南市,6
111,2,14,瑞芳區,,,,無年齡維度,0.0,男,遷出,臺南市,1
111,2,14,瑞芳區,,,,無年齡維度,0.0,女,遷出,臺灣省,38
111,2,14,瑞芳區,,,,無年齡維度,0.0,男,遷出,臺灣省,40
111,2,14,瑞芳區,,,,無年齡維度,0.0,女,遷出,高雄市,5
111,2,14,瑞芳區,,,,無年齡維度,0.0,男,遷出,高雄市,8
111,2,15,五股區,,,,無年齡維度,0.0,女,遷入,migrants,70
111,2,15,五股區,,,,無年齡維度,0.0,男,遷入,migrants,64
111,2,15,五股區,,,,無年齡維度,0.0,女,遷入,other,0
111,2,15,五股區,,,,無年齡維度,0.0,男,遷入,other,0
111,2,15,五股區,,,,無年齡維度,0.0,女,遷入,其他縣市,0
111,2,15,五股區,,,,無年齡維度,0.0,男,遷入,其他縣市,0
111,2,15,五股區,,,,無年齡維度,0.0,女,遷入,其他鄉鎮,90
111,2,15,五股區,,,,無年齡維度,0.0,男,遷入,其他鄉鎮,77
111,2,15,五股區,,,,無年齡維度,0.0,女,遷入,合計,169
111,2,15,五股區,,,,無年齡維度,0.0,男,遷入,合計,143
111,2,15,五股區,,,,無年齡維度,0.0,女,遷入,國外,4
111,2,15,五股區,,,,無年齡維度,0.0,男,遷入,國外,8
111,2,15,五股區,,,,無年齡維度,0.0,女,遷入,新北市內,0
111,2,15,五股區,,,,無年齡維度,0.0,男,遷入,新北市內,0
111,2,15,五股區,,,,無年齡維度,0.0,女,遷入,桃園市,10
111,2,15,五股區,,,,無年齡維度,0.0,男,遷入,桃園市,9
111,2,15,五股區,,,,無年齡維度,0.0,女,遷入,福建省,0
111,2,15,五股區,,,,無年齡維度,0.0,男,遷入,福建省,0
111,2,15,五股區,,,,無年齡維度,0.0,女,遷入,臺中市,0
111,2,15,五股區,,,,無年齡維度,0.0,男,遷入,臺中市,1
111,2,15,五股區,,,,無年齡維度,0.0,女,遷入,臺北市,33
111,2,15,五股區,,,,無年齡維度,0.0,男,遷入,臺北市,29
111,2,15,五股區,,,,無年齡維度,0.0,女,遷入,臺南市,4
111,2,15,五股區,,,,無年齡維度,0.0,男,遷入,臺南市,1
111,2,15,五股區,,,,無年齡維度,0.0,女,遷入,臺灣省,19
111,2,15,五股區,,,,無年齡維度,0.0,男,遷入,臺灣省,16
111,2,15,五股區,,,,無年齡維度,0.0,女,遷入,高雄市,4
111,2,15,五股區,,,,無年齡維度,0.0,男,遷入,高雄市,2
111,2,15,五股區,,,,無年齡維度,0.0,女,遷出,migrants,70
111,2,15,五股區,,,,無年齡維度,0.0,男,遷出,migrants,64
111,2,15,五股區,,,,無年齡維度,0.0,女,遷出,other,0
111,2,15,五股區,,,,無年齡維度,0.0,男,遷出,other,0
111,2,15,五股區,,,,無年齡維度,0.0,女,遷出,其他縣市,0
111,2,15,五股區,,,,無年齡維度,0.0,男,遷出,其他縣市,0
111,2,15,五股區,,,,無年齡維度,0.0,女,遷出,其他鄉鎮,104
111,2,15,五股區,,,,無年齡維度,0.0,男,遷出,其他鄉鎮,92
111,2,15,五股區,,,,無年齡維度,0.0,女,遷出,合計,202
111,2,15,五股區,,,,無年齡維度,0.0,男,遷出,合計,172
111,2,15,五股區,,,,無年齡維度,0.0,女,遷出,國外,38
111,2,15,五股區,,,,無年齡維度,0.0,男,遷出,國外,34
111,2,15,五股區,,,,無年齡維度,0.0,女,遷出,新北市內,0
111,2,15,五股區,,,,無年齡維度,0.0,男,遷出,新北市內,0
111,2,15,五股區,,,,無年齡維度,0.0,女,遷出,桃園市,9
111,2,15,五股區,,,,無年齡維度,0.0,男,遷出,桃園市,9
111,2,15,五股區,,,,無年齡維度,0.0,女,遷出,福建省,0
111,2,15,五股區,,,,無年齡維度,0.0,男,遷出,福建省,2
111,2,15,五股區,,,,無年齡維度,0.0,女,遷出,臺中市,5
111,2,15,五股區,,,,無年齡維度,0.0,男,遷出,臺中市,5
111,2,15,五股區,,,,無年齡維度,0.0,女,遷出,臺北市,20
111,2,15,五股區,,,,無年齡維度,0.0,男,遷出,臺北市,9
111,2,15,五股區,,,,無年齡維度,0.0,女,遷出,臺南市,4
111,2,15,五股區,,,,無年齡維度,0.0,男,遷出,臺南市,2
111,2,15,五股區,,,,無年齡維度,0.0,女,遷出,臺灣省,18
111,2,15,五股區,,,,無年齡維度,0.0,男,遷出,臺灣省,16
111,2,15,五股區,,,,無年齡維度,0.0,女,遷出,高雄市,4
111,2,15,五股區,,,,無年齡維度,0.0,男,遷出,高雄市,3
111,2,16,泰山區,,,,無年齡維度,0.0,女,遷入,migrants,52
111,2,16,泰山區,,,,無年齡維度,0.0,男,遷入,migrants,42
111,2,16,泰山區,,,,無年齡維度,0.0,女,遷入,other,0
111,2,16,泰山區,,,,無年齡維度,0.0,男,遷入,other,0
111,2,16,泰山區,,,,無年齡維度,0.0,女,遷入,其他縣市,0
111,2,16,泰山區,,,,無年齡維度,0.0,男,遷入,其他縣市,0
111,2,16,泰山區,,,,無年齡維度,0.0,女,遷入,其他鄉鎮,67
111,2,16,泰山區,,,,無年齡維度,0.0,男,遷入,其他鄉鎮,44
111,2,16,泰山區,,,,無年齡維度,0.0,女,遷入,合計,123
111,2,16,泰山區,,,,無年齡維度,0.0,男,遷入,合計,86
111,2,16,泰山區,,,,無年齡維度,0.0,女,遷入,國外,6
111,2,16,泰山區,,,,無年齡維度,0.0,男,遷入,國外,4
111,2,16,泰山區,,,,無年齡維度,0.0,女,遷入,新北市內,0
111,2,16,泰山區,,,,無年齡維度,0.0,男,遷入,新北市內,0
111,2,16,泰山區,,,,無年齡維度,0.0,女,遷入,桃園市,11
111,2,16,泰山區,,,,無年齡維度,0.0,男,遷入,桃園市,6
111,2,16,泰山區,,,,無年齡維度,0.0,女,遷入,福建省,0
111,2,16,泰山區,,,,無年齡維度,0.0,男,遷入,福建省,1
111,2,16,泰山區,,,,無年齡維度,0.0,女,遷入,臺中市,2
111,2,16,泰山區,,,,無年齡維度,0.0,男,遷入,臺中市,5
111,2,16,泰山區,,,,無年齡維度,0.0,女,遷入,臺北市,21
111,2,16,泰山區,,,,無年齡維度,0.0,男,遷入,臺北市,16
111,2,16,泰山區,,,,無年齡維度,0.0,女,遷入,臺南市,0
111,2,16,泰山區,,,,無年齡維度,0.0,男,遷入,臺南市,3
111,2,16,泰山區,,,,無年齡維度,0.0,女,遷入,臺灣省,11
111,2,16,泰山區,,,,無年齡維度,0.0,男,遷入,臺灣省,4
111,2,16,泰山區,,,,無年齡維度,0.0,女,遷入,高雄市,2
111,2,16,泰山區,,,,無年齡維度,0.0,男,遷入,高雄市,1
111,2,16,泰山區,,,,無年齡維度,0.0,女,遷出,migrants,52
111,2,16,泰山區,,,,無年齡維度,0.0,男,遷出,migrants,42
111,2,16,泰山區,,,,無年齡維度,0.0,女,遷出,other,0
111,2,16,泰山區,,,,無年齡維度,0.0,男,遷出,other,0
111,2,16,泰山區,,,,無年齡維度,0.0,女,遷出,其他縣市,0
111,2,16,泰山區,,,,無年齡維度,0.0,男,遷出,其他縣市,0
111,2,16,泰山區,,,,無年齡維度,0.0,女,遷出,其他鄉鎮,71
111,2,16,泰山區,,,,無年齡維度,0.0,男,遷出,其他鄉鎮,59
111,2,16,泰山區,,,,無年齡維度,0.0,女,遷出,合計,169
111,2,16,泰山區,,,,無年齡維度,0.0,男,遷出,合計,140
111,2,16,泰山區,,,,無年齡維度,0.0,女,遷出,國外,36
111,2,16,泰山區,,,,無年齡維度,0.0,男,遷出,國外,37
111,2,16,泰山區,,,,無年齡維度,0.0,女,遷出,新北市內,0
111,2,16,泰山區,,,,無年齡維度,0.0,男,遷出,新北市內,0
111,2,16,泰山區,,,,無年齡維度,0.0,女,遷出,桃園市,16
111,2,16,泰山區,,,,無年齡維度,0.0,男,遷出,桃園市,11
111,2,16,泰山區,,,,無年齡維度,0.0,女,遷出,福建省,0
111,2,16,泰山區,,,,無年齡維度,0.0,男,遷出,福建省,0
111,2,16,泰山區,,,,無年齡維度,0.0,女,遷出,臺中市,7
111,2,16,泰山區,,,,無年齡維度,0.0,男,遷出,臺中市,6
111,2,16,泰山區,,,,無年齡維度,0.0,女,遷出,臺北市,16
111,2,16,泰山區,,,,無年齡維度,0.0,男,遷出,臺北市,8
111,2,16,泰山區,,,,無年齡維度,0.0,女,遷出,臺南市,0
111,2,16,泰山區,,,,無年齡維度,0.0,男,遷出,臺南市,0
111,2,16,泰山區,,,,無年齡維度,0.0,女,遷出,臺灣省,22
111,2,16,泰山區,,,,無年齡維度,0.0,男,遷出,臺灣省,19
111,2,16,泰山區,,,,無年齡維度,0.0,女,遷出,高雄市,1
111,2,16,泰山區,,,,無年齡維度,0.0,男,遷出,高雄市,0
111,2,17,林口區,,,,無年齡維度,0.0,女,遷入,migrants,200
111,2,17,林口區,,,,無年齡維度,0.0,男,遷入,migrants,169
111,2,17,林口區,,,,無年齡維度,0.0,女,遷入,other,0
111,2,17,林口區,,,,無年齡維度,0.0,男,遷入,other,0
111,2,17,林口區,,,,無年齡維度,0.0,女,遷入,其他縣市,0
111,2,17,林口區,,,,無年齡維度,0.0,男,遷入,其他縣市,0
111,2,17,林口區,,,,無年齡維度,0.0,女,遷入,其他鄉鎮,69
111,2,17,林口區,,,,無年齡維度,0.0,男,遷入,其他鄉鎮,62
111,2,17,林口區,,,,無年齡維度,0.0,女,遷入,合計,333
111,2,17,林口區,,,,無年齡維度,0.0,男,遷入,合計,283
111,2,17,林口區,,,,無年齡維度,0.0,女,遷入,國外,17
111,2,17,林口區,,,,無年齡維度,0.0,男,遷入,國外,12
111,2,17,林口區,,,,無年齡維度,0.0,女,遷入,新北市內,0
111,2,17,林口區,,,,無年齡維度,0.0,男,遷入,新北市內,0
111,2,17,林口區,,,,無年齡維度,0.0,女,遷入,桃園市,81
111,2,17,林口區,,,,無年齡維度,0.0,男,遷入,桃園市,62
111,2,17,林口區,,,,無年齡維度,0.0,女,遷入,福建省,0
111,2,17,林口區,,,,無年齡維度,0.0,男,遷入,福建省,0
111,2,17,林口區,,,,無年齡維度,0.0,女,遷入,臺中市,3
111,2,17,林口區,,,,無年齡維度,0.0,男,遷入,臺中市,8
111,2,17,林口區,,,,無年齡維度,0.0,女,遷入,臺北市,100
111,2,17,林口區,,,,無年齡維度,0.0,男,遷入,臺北市,84
111,2,17,林口區,,,,無年齡維度,0.0,女,遷入,臺南市,3
111,2,17,林口區,,,,無年齡維度,0.0,男,遷入,臺南市,5
111,2,17,林口區,,,,無年齡維度,0.0,女,遷入,臺灣省,40
111,2,17,林口區,,,,無年齡維度,0.0,男,遷入,臺灣省,35
111,2,17,林口區,,,,無年齡維度,0.0,女,遷入,高雄市,8
111,2,17,林口區,,,,無年齡維度,0.0,男,遷入,高雄市,9
111,2,17,林口區,,,,無年齡維度,0.0,女,遷出,migrants,200
111,2,17,林口區,,,,無年齡維度,0.0,男,遷出,migrants,169
111,2,17,林口區,,,,無年齡維度,0.0,女,遷出,other,0
111,2,17,林口區,,,,無年齡維度,0.0,男,遷出,other,0
111,2,17,林口區,,,,無年齡維度,0.0,女,遷出,其他縣市,0
111,2,17,林口區,,,,無年齡維度,0.0,男,遷出,其他縣市,0
111,2,17,林口區,,,,無年齡維度,0.0,女,遷出,其他鄉鎮,40
111,2,17,林口區,,,,無年齡維度,0.0,男,遷出,其他鄉鎮,40
111,2,17,林口區,,,,無年齡維度,0.0,女,遷出,合計,294
111,2,17,林口區,,,,無年齡維度,0.0,男,遷出,合計,280
111,2,17,林口區,,,,無年齡維度,0.0,女,遷出,國外,135
111,2,17,林口區,,,,無年齡維度,0.0,男,遷出,國外,124
111,2,17,林口區,,,,無年齡維度,0.0,女,遷出,新北市內,0
111,2,17,林口區,,,,無年齡維度,0.0,男,遷出,新北市內,0
111,2,17,林口區,,,,無年齡維度,0.0,女,遷出,桃園市,49
111,2,17,林口區,,,,無年齡維度,0.0,男,遷出,桃園市,45
111,2,17,林口區,,,,無年齡維度,0.0,女,遷出,福建省,0
111,2,17,林口區,,,,無年齡維度,0.0,男,遷出,福建省,1
111,2,17,林口區,,,,無年齡維度,0.0,女,遷出,臺中市,5
111,2,17,林口區,,,,無年齡維度,0.0,男,遷出,臺中市,5
111,2,17,林口區,,,,無年齡維度,0.0,女,遷出,臺北市,31
111,2,17,林口區,,,,無年齡維度,0.0,男,遷出,臺北市,29
111,2,17,林口區,,,,無年齡維度,0.0,女,遷出,臺南市,0
111,2,17,林口區,,,,無年齡維度,0.0,男,遷出,臺南市,2
111,2,17,林口區,,,,無年齡維度,0.0,女,遷出,臺灣省,31
111,2,17,林口區,,,,無年齡維度,0.0,男,遷出,臺灣省,27
111,2,17,林口區,,,,無年齡維度,0.0,女,遷出,高雄市,3
111,2,17,林口區,,,,無年齡維度,0.0,男,遷出,高雄市,7
111,2,18,八里區,,,,無年齡維度,0.0,女,遷入,migrants,9
111,2,18,八里區,,,,無年齡維度,0.0,男,遷入,migrants,14
111,2,18,八里區,,,,無年齡維度,0.0,女,遷入,other,0
111,2,18,八里區,,,,無年齡維度,0.0,男,遷入,other,0
111,2,18,八里區,,,,無年齡維度,0.0,女,遷入,其他縣市,0
111,2,18,八里區,,,,無年齡維度,0.0,男,遷入,其他縣市,0
111,2,18,八里區,,,,無年齡維度,0.0,女,遷入,其他鄉鎮,12
111,2,18,八里區,,,,無年齡維度,0.0,男,遷入,其他鄉鎮,9
111,2,18,八里區,,,,無年齡維度,0.0,女,遷入,合計,32
111,2,18,八里區,,,,無年齡維度,0.0,男,遷入,合計,28
111,2,18,八里區,,,,無年齡維度,0.0,女,遷入,國外,0
111,2,18,八里區,,,,無年齡維度,0.0,男,遷入,國外,1
111,2,18,八里區,,,,無年齡維度,0.0,女,遷入,新北市內,0
111,2,18,八里區,,,,無年齡維度,0.0,男,遷入,新北市內,0
111,2,18,八里區,,,,無年齡維度,0.0,女,遷入,桃園市,3
111,2,18,八里區,,,,無年齡維度,0.0,男,遷入,桃園市,1
111,2,18,八里區,,,,無年齡維度,0.0,女,遷入,福建省,0
111,2,18,八里區,,,,無年齡維度,0.0,男,遷入,福建省,0
111,2,18,八里區,,,,無年齡維度,0.0,女,遷入,臺中市,1
111,2,18,八里區,,,,無年齡維度,0.0,男,遷入,臺中市,0
111,2,18,八里區,,,,無年齡維度,0.0,女,遷入,臺北市,8
111,2,18,八里區,,,,無年齡維度,0.0,男,遷入,臺北市,12
111,2,18,八里區,,,,無年齡維度,0.0,女,遷入,臺南市,1
111,2,18,八里區,,,,無年齡維度,0.0,男,遷入,臺南市,1
111,2,18,八里區,,,,無年齡維度,0.0,女,遷入,臺灣省,6
111,2,18,八里區,,,,無年齡維度,0.0,男,遷入,臺灣省,3
111,2,18,八里區,,,,無年齡維度,0.0,女,遷入,高雄市,0
111,2,18,八里區,,,,無年齡維度,0.0,男,遷入,高雄市,1
111,2,18,八里區,,,,無年齡維度,0.0,女,遷出,migrants,9
111,2,18,八里區,,,,無年齡維度,0.0,男,遷出,migrants,14
111,2,18,八里區,,,,無年齡維度,0.0,女,遷出,other,0
111,2,18,八里區,,,,無年齡維度,0.0,男,遷出,other,0
111,2,18,八里區,,,,無年齡維度,0.0,女,遷出,其他縣市,0
111,2,18,八里區,,,,無年齡維度,0.0,男,遷出,其他縣市,0
111,2,18,八里區,,,,無年齡維度,0.0,女,遷出,其他鄉鎮,10
111,2,18,八里區,,,,無年齡維度,0.0,男,遷出,其他鄉鎮,6
111,2,18,八里區,,,,無年齡維度,0.0,女,遷出,合計,61
111,2,18,八里區,,,,無年齡維度,0.0,男,遷出,合計,30
111,2,18,八里區,,,,無年齡維度,0.0,女,遷出,國外,27
111,2,18,八里區,,,,無年齡維度,0.0,男,遷出,國外,18
111,2,18,八里區,,,,無年齡維度,0.0,女,遷出,新北市內,0
111,2,18,八里區,,,,無年齡維度,0.0,男,遷出,新北市內,0
111,2,18,八里區,,,,無年齡維度,0.0,女,遷出,桃園市,0
111,2,18,八里區,,,,無年齡維度,0.0,男,遷出,桃園市,0
111,2,18,八里區,,,,無年齡維度,0.0,女,遷出,福建省,0
111,2,18,八里區,,,,無年齡維度,0.0,男,遷出,福建省,0
111,2,18,八里區,,,,無年齡維度,0.0,女,遷出,臺中市,0
111,2,18,八里區,,,,無年齡維度,0.0,男,遷出,臺中市,0
111,2,18,八里區,,,,無年齡維度,0.0,女,遷出,臺北市,16
111,2,18,八里區,,,,無年齡維度,0.0,男,遷出,臺北市,2
111,2,18,八里區,,,,無年齡維度,0.0,女,遷出,臺南市,1
111,2,18,八里區,,,,無年齡維度,0.0,男,遷出,臺南市,0
111,2,18,八里區,,,,無年齡維度,0.0,女,遷出,臺灣省,7
111,2,18,八里區,,,,無年齡維度,0.0,男,遷出,臺灣省,3
111,2,18,八里區,,,,無年齡維度,0.0,女,遷出,高雄市,0
111,2,18,八里區,,,,無年齡維度,0.0,男,遷出,高雄市,1
111,2,19,深坑區,,,,無年齡維度,0.0,女,遷入,migrants,2
111,2,19,深坑區,,,,無年齡維度,0.0,男,遷入,migrants,3
111,2,19,深坑區,,,,無年齡維度,0.0,女,遷入,other,0
111,2,19,深坑區,,,,無年齡維度,0.0,男,遷入,other,0
111,2,19,深坑區,,,,無年齡維度,0.0,女,遷入,其他縣市,0
111,2,19,深坑區,,,,無年齡維度,0.0,男,遷入,其他縣市,0
111,2,19,深坑區,,,,無年齡維度,0.0,女,遷入,其他鄉鎮,6
111,2,19,深坑區,,,,無年齡維度,0.0,男,遷入,其他鄉鎮,3
111,2,19,深坑區,,,,無年齡維度,0.0,女,遷入,合計,8
111,2,19,深坑區,,,,無年齡維度,0.0,男,遷入,合計,7
111,2,19,深坑區,,,,無年齡維度,0.0,女,遷入,國外,0
111,2,19,深坑區,,,,無年齡維度,0.0,男,遷入,國外,0
111,2,19,深坑區,,,,無年齡維度,0.0,女,遷入,新北市內,0
111,2,19,深坑區,,,,無年齡維度,0.0,男,遷入,新北市內,0
111,2,19,深坑區,,,,無年齡維度,0.0,女,遷入,桃園市,1
111,2,19,深坑區,,,,無年齡維度,0.0,男,遷入,桃園市,0
111,2,19,深坑區,,,,無年齡維度,0.0,女,遷入,福建省,0
111,2,19,深坑區,,,,無年齡維度,0.0,男,遷入,福建省,0
111,2,19,深坑區,,,,無年齡維度,0.0,女,遷入,臺中市,0
111,2,19,深坑區,,,,無年齡維度,0.0,男,遷入,臺中市,0
111,2,19,深坑區,,,,無年齡維度,0.0,女,遷入,臺北市,1
111,2,19,深坑區,,,,無年齡維度,0.0,男,遷入,臺北市,3
111,2,19,深坑區,,,,無年齡維度,0.0,女,遷入,臺南市,0
111,2,19,深坑區,,,,無年齡維度,0.0,男,遷入,臺南市,0
111,2,19,深坑區,,,,無年齡維度,0.0,女,遷入,臺灣省,0
111,2,19,深坑區,,,,無年齡維度,0.0,男,遷入,臺灣省,1
111,2,19,深坑區,,,,無年齡維度,0.0,女,遷入,高雄市,0
111,2,19,深坑區,,,,無年齡維度,0.0,男,遷入,高雄市,0
111,2,19,深坑區,,,,無年齡維度,0.0,女,遷出,migrants,2
111,2,19,深坑區,,,,無年齡維度,0.0,男,遷出,migrants,3
111,2,19,深坑區,,,,無年齡維度,0.0,女,遷出,other,0
111,2,19,深坑區,,,,無年齡維度,0.0,男,遷出,other,0
111,2,19,深坑區,,,,無年齡維度,0.0,女,遷出,其他縣市,0
111,2,19,深坑區,,,,無年齡維度,0.0,男,遷出,其他縣市,0
111,2,19,深坑區,,,,無年齡維度,0.0,女,遷出,其他鄉鎮,14
111,2,19,深坑區,,,,無年齡維度,0.0,男,遷出,其他鄉鎮,9
111,2,19,深坑區,,,,無年齡維度,0.0,女,遷出,合計,20
111,2,19,深坑區,,,,無年齡維度,0.0,男,遷出,合計,16
111,2,19,深坑區,,,,無年齡維度,0.0,女,遷出,國外,5
111,2,19,深坑區,,,,無年齡維度,0.0,男,遷出,國外,3
111,2,19,深坑區,,,,無年齡維度,0.0,女,遷出,新北市內,0
111,2,19,深坑區,,,,無年齡維度,0.0,男,遷出,新北市內,0
111,2,19,深坑區,,,,無年齡維度,0.0,女,遷出,桃園市,0
111,2,19,深坑區,,,,無年齡維度,0.0,男,遷出,桃園市,0
111,2,19,深坑區,,,,無年齡維度,0.0,女,遷出,福建省,0
111,2,19,深坑區,,,,無年齡維度,0.0,男,遷出,福建省,0
111,2,19,深坑區,,,,無年齡維度,0.0,女,遷出,臺中市,0
111,2,19,深坑區,,,,無年齡維度,0.0,男,遷出,臺中市,0
111,2,19,深坑區,,,,無年齡維度,0.0,女,遷出,臺北市,1
111,2,19,深坑區,,,,無年齡維度,0.0,男,遷出,臺北市,0
111,2,19,深坑區,,,,無年齡維度,0.0,女,遷出,臺南市,0
111,2,19,深坑區,,,,無年齡維度,0.0,男,遷出,臺南市,1
111,2,19,深坑區,,,,無年齡維度,0.0,女,遷出,臺灣省,0
111,2,19,深坑區,,,,無年齡維度,0.0,男,遷出,臺灣省,3
111,2,19,深坑區,,,,無年齡維度,0.0,女,遷出,高雄市,0
111,2,19,深坑區,,,,無年齡維度,0.0,男,遷出,高雄市,0
111,2,20,石碇區,,,,無年齡維度,0.0,女,遷入,migrants,1
111,2,20,石碇區,,,,無年齡維度,0.0,男,遷入,migrants,4
111,2,20,石碇區,,,,無年齡維度,0.0,女,遷入,other,0
111,2,20,石碇區,,,,無年齡維度,0.0,男,遷入,other,0
111,2,20,石碇區,,,,無年齡維度,0.0,女,遷入,其他縣市,0
111,2,20,石碇區,,,,無年齡維度,0.0,男,遷入,其他縣市,0
111,2,20,石碇區,,,,無年齡維度,0.0,女,遷入,其他鄉鎮,4
111,2,20,石碇區,,,,無年齡維度,0.0,男,遷入,其他鄉鎮,6
111,2,20,石碇區,,,,無年齡維度,0.0,女,遷入,合計,6
111,2,20,石碇區,,,,無年齡維度,0.0,男,遷入,合計,8
111,2,20,石碇區,,,,無年齡維度,0.0,女,遷入,國外,0
111,2,20,石碇區,,,,無年齡維度,0.0,男,遷入,國外,0
111,2,20,石碇區,,,,無年齡維度,0.0,女,遷入,新北市內,0
111,2,20,石碇區,,,,無年齡維度,0.0,男,遷入,新北市內,0
111,2,20,石碇區,,,,無年齡維度,0.0,女,遷入,桃園市,0
111,2,20,石碇區,,,,無年齡維度,0.0,男,遷入,桃園市,0
111,2,20,石碇區,,,,無年齡維度,0.0,女,遷入,福建省,0
111,2,20,石碇區,,,,無年齡維度,0.0,男,遷入,福建省,0
111,2,20,石碇區,,,,無年齡維度,0.0,女,遷入,臺中市,0
111,2,20,石碇區,,,,無年齡維度,0.0,男,遷入,臺中市,0
111,2,20,石碇區,,,,無年齡維度,0.0,女,遷入,臺北市,2
111,2,20,石碇區,,,,無年齡維度,0.0,男,遷入,臺北市,1
111,2,20,石碇區,,,,無年齡維度,0.0,女,遷入,臺南市,0
111,2,20,石碇區,,,,無年齡維度,0.0,男,遷入,臺南市,0
111,2,20,石碇區,,,,無年齡維度,0.0,女,遷入,臺灣省,0
111,2,20,石碇區,,,,無年齡維度,0.0,男,遷入,臺灣省,1
111,2,20,石碇區,,,,無年齡維度,0.0,女,遷入,高雄市,0
111,2,20,石碇區,,,,無年齡維度,0.0,男,遷入,高雄市,0
111,2,20,石碇區,,,,無年齡維度,0.0,女,遷出,migrants,1
111,2,20,石碇區,,,,無年齡維度,0.0,男,遷出,migrants,4
111,2,20,石碇區,,,,無年齡維度,0.0,女,遷出,other,0
111,2,20,石碇區,,,,無年齡維度,0.0,男,遷出,other,0
111,2,20,石碇區,,,,無年齡維度,0.0,女,遷出,其他縣市,0
111,2,20,石碇區,,,,無年齡維度,0.0,男,遷出,其他縣市,0
111,2,20,石碇區,,,,無年齡維度,0.0,女,遷出,其他鄉鎮,8
111,2,20,石碇區,,,,無年齡維度,0.0,男,遷出,其他鄉鎮,3
111,2,20,石碇區,,,,無年齡維度,0.0,女,遷出,合計,17
111,2,20,石碇區,,,,無年齡維度,0.0,男,遷出,合計,11
111,2,20,石碇區,,,,無年齡維度,0.0,女,遷出,國外,7
111,2,20,石碇區,,,,無年齡維度,0.0,男,遷出,國外,5
111,2,20,石碇區,,,,無年齡維度,0.0,女,遷出,新北市內,0
111,2,20,石碇區,,,,無年齡維度,0.0,男,遷出,新北市內,0
111,2,20,石碇區,,,,無年齡維度,0.0,女,遷出,桃園市,0
111,2,20,石碇區,,,,無年齡維度,0.0,男,遷出,桃園市,1
111,2,20,石碇區,,,,無年齡維度,0.0,女,遷出,福建省,1
111,2,20,石碇區,,,,無年齡維度,0.0,男,遷出,福建省,0
111,2,20,石碇區,,,,無年齡維度,0.0,女,遷出,臺中市,0
111,2,20,石碇區,,,,無年齡維度,0.0,男,遷出,臺中市,0
111,2,20,石碇區,,,,無年齡維度,0.0,女,遷出,臺北市,0
111,2,20,石碇區,,,,無年齡維度,0.0,男,遷出,臺北市,0
111,2,20,石碇區,,,,無年齡維度,0.0,女,遷出,臺南市,0
111,2,20,石碇區,,,,無年齡維度,0.0,男,遷出,臺南市,0
111,2,20,石碇區,,,,無年齡維度,0.0,女,遷出,臺灣省,1
111,2,20,石碇區,,,,無年齡維度,0.0,男,遷出,臺灣省,2
111,2,20,石碇區,,,,無年齡維度,0.0,女,遷出,高雄市,0
111,2,20,石碇區,,,,無年齡維度,0.0,男,遷出,高雄市,0
111,2,21,坪林區,,,,無年齡維度,0.0,女,遷入,migrants,5
111,2,21,坪林區,,,,無年齡維度,0.0,男,遷入,migrants,10
111,2,21,坪林區,,,,無年齡維度,0.0,女,遷入,other,0
111,2,21,坪林區,,,,無年齡維度,0.0,男,遷入,other,0
111,2,21,坪林區,,,,無年齡維度,0.0,女,遷入,其他縣市,0
111,2,21,坪林區,,,,無年齡維度,0.0,男,遷入,其他縣市,0
111,2,21,坪林區,,,,無年齡維度,0.0,女,遷入,其他鄉鎮,23
111,2,21,坪林區,,,,無年齡維度,0.0,男,遷入,其他鄉鎮,11
111,2,21,坪林區,,,,無年齡維度,0.0,女,遷入,合計,32
111,2,21,坪林區,,,,無年齡維度,0.0,男,遷入,合計,18
111,2,21,坪林區,,,,無年齡維度,0.0,女,遷入,國外,0
111,2,21,坪林區,,,,無年齡維度,0.0,男,遷入,國外,1
111,2,21,坪林區,,,,無年齡維度,0.0,女,遷入,新北市內,0
111,2,21,坪林區,,,,無年齡維度,0.0,男,遷入,新北市內,0
111,2,21,坪林區,,,,無年齡維度,0.0,女,遷入,桃園市,1
111,2,21,坪林區,,,,無年齡維度,0.0,男,遷入,桃園市,0
111,2,21,坪林區,,,,無年齡維度,0.0,女,遷入,福建省,0
111,2,21,坪林區,,,,無年齡維度,0.0,男,遷入,福建省,0
111,2,21,坪林區,,,,無年齡維度,0.0,女,遷入,臺中市,1
111,2,21,坪林區,,,,無年齡維度,0.0,男,遷入,臺中市,0
111,2,21,坪林區,,,,無年齡維度,0.0,女,遷入,臺北市,3
111,2,21,坪林區,,,,無年齡維度,0.0,男,遷入,臺北市,6
111,2,21,坪林區,,,,無年齡維度,0.0,女,遷入,臺南市,0
111,2,21,坪林區,,,,無年齡維度,0.0,男,遷入,臺南市,0
111,2,21,坪林區,,,,無年齡維度,0.0,女,遷入,臺灣省,1
111,2,21,坪林區,,,,無年齡維度,0.0,男,遷入,臺灣省,0
111,2,21,坪林區,,,,無年齡維度,0.0,女,遷入,高雄市,2
111,2,21,坪林區,,,,無年齡維度,0.0,男,遷入,高雄市,0
111,2,21,坪林區,,,,無年齡維度,0.0,女,遷出,migrants,5
111,2,21,坪林區,,,,無年齡維度,0.0,男,遷出,migrants,10
111,2,21,坪林區,,,,無年齡維度,0.0,女,遷出,other,0
111,2,21,坪林區,,,,無年齡維度,0.0,男,遷出,other,0
111,2,21,坪林區,,,,無年齡維度,0.0,女,遷出,其他縣市,0
111,2,21,坪林區,,,,無年齡維度,0.0,男,遷出,其他縣市,0
111,2,21,坪林區,,,,無年齡維度,0.0,女,遷出,其他鄉鎮,21
111,2,21,坪林區,,,,無年齡維度,0.0,男,遷出,其他鄉鎮,18
111,2,21,坪林區,,,,無年齡維度,0.0,女,遷出,合計,54
111,2,21,坪林區,,,,無年齡維度,0.0,男,遷出,合計,44
111,2,21,坪林區,,,,無年齡維度,0.0,女,遷出,國外,13
111,2,21,坪林區,,,,無年齡維度,0.0,男,遷出,國外,11
111,2,21,坪林區,,,,無年齡維度,0.0,女,遷出,新北市內,0
111,2,21,坪林區,,,,無年齡維度,0.0,男,遷出,新北市內,0
111,2,21,坪林區,,,,無年齡維度,0.0,女,遷出,桃園市,2
111,2,21,坪林區,,,,無年齡維度,0.0,男,遷出,桃園市,4
111,2,21,坪林區,,,,無年齡維度,0.0,女,遷出,福建省,0
111,2,21,坪林區,,,,無年齡維度,0.0,男,遷出,福建省,0
111,2,21,坪林區,,,,無年齡維度,0.0,女,遷出,臺中市,2
111,2,21,坪林區,,,,無年齡維度,0.0,男,遷出,臺中市,1
111,2,21,坪林區,,,,無年齡維度,0.0,女,遷出,臺北市,10
111,2,21,坪林區,,,,無年齡維度,0.0,男,遷出,臺北市,4
111,2,21,坪林區,,,,無年齡維度,0.0,女,遷出,臺南市,0
111,2,21,坪林區,,,,無年齡維度,0.0,男,遷出,臺南市,0
111,2,21,坪林區,,,,無年齡維度,0.0,女,遷出,臺灣省,6
111,2,21,坪林區,,,,無年齡維度,0.0,男,遷出,臺灣省,6
111,2,21,坪林區,,,,無年齡維度,0.0,女,遷出,高雄市,0
111,2,21,坪林區,,,,無年齡維度,0.0,男,遷出,高雄市,0
111,2,22,三芝區,,,,無年齡維度,0.0,女,遷入,migrants,2
111,2,22,三芝區,,,,無年齡維度,0.0,男,遷入,migrants,2
111,2,22,三芝區,,,,無年齡維度,0.0,女,遷入,other,0
111,2,22,三芝區,,,,無年齡維度,0.0,男,遷入,other,0
111,2,22,三芝區,,,,無年齡維度,0.0,女,遷入,其他縣市,0
111,2,22,三芝區,,,,無年齡維度,0.0,男,遷入,其他縣市,0
111,2,22,三芝區,,,,無年齡維度,0.0,女,遷入,其他鄉鎮,3
111,2,22,三芝區,,,,無年齡維度,0.0,男,遷入,其他鄉鎮,5
111,2,22,三芝區,,,,無年齡維度,0.0,女,遷入,合計,9
111,2,22,三芝區,,,,無年齡維度,0.0,男,遷入,合計,7
111,2,22,三芝區,,,,無年齡維度,0.0,女,遷入,國外,1
111,2,22,三芝區,,,,無年齡維度,0.0,男,遷入,國外,1
111,2,22,三芝區,,,,無年齡維度,0.0,女,遷入,新北市內,0
111,2,22,三芝區,,,,無年齡維度,0.0,男,遷入,新北市內,0
111,2,22,三芝區,,,,無年齡維度,0.0,女,遷入,桃園市,3
111,2,22,三芝區,,,,無年齡維度,0.0,男,遷入,桃園市,1
111,2,22,三芝區,,,,無年齡維度,0.0,女,遷入,福建省,0
111,2,22,三芝區,,,,無年齡維度,0.0,男,遷入,福建省,0
111,2,22,三芝區,,,,無年齡維度,0.0,女,遷入,臺中市,0
111,2,22,三芝區,,,,無年齡維度,0.0,男,遷入,臺中市,0
111,2,22,三芝區,,,,無年齡維度,0.0,女,遷入,臺北市,1
111,2,22,三芝區,,,,無年齡維度,0.0,男,遷入,臺北市,0
111,2,22,三芝區,,,,無年齡維度,0.0,女,遷入,臺南市,0
111,2,22,三芝區,,,,無年齡維度,0.0,男,遷入,臺南市,0
111,2,22,三芝區,,,,無年齡維度,0.0,女,遷入,臺灣省,0
111,2,22,三芝區,,,,無年齡維度,0.0,男,遷入,臺灣省,0
111,2,22,三芝區,,,,無年齡維度,0.0,女,遷入,高雄市,1
111,2,22,三芝區,,,,無年齡維度,0.0,男,遷入,高雄市,0
111,2,22,三芝區,,,,無年齡維度,0.0,女,遷出,migrants,2
111,2,22,三芝區,,,,無年齡維度,0.0,男,遷出,migrants,2
111,2,22,三芝區,,,,無年齡維度,0.0,女,遷出,other,0
111,2,22,三芝區,,,,無年齡維度,0.0,男,遷出,other,0
111,2,22,三芝區,,,,無年齡維度,0.0,女,遷出,其他縣市,0
111,2,22,三芝區,,,,無年齡維度,0.0,男,遷出,其他縣市,0
111,2,22,三芝區,,,,無年齡維度,0.0,女,遷出,其他鄉鎮,11
111,2,22,三芝區,,,,無年齡維度,0.0,男,遷出,其他鄉鎮,7
111,2,22,三芝區,,,,無年齡維度,0.0,女,遷出,合計,19
111,2,22,三芝區,,,,無年齡維度,0.0,男,遷出,合計,13
111,2,22,三芝區,,,,無年齡維度,0.0,女,遷出,國外,4
111,2,22,三芝區,,,,無年齡維度,0.0,男,遷出,國外,3
111,2,22,三芝區,,,,無年齡維度,0.0,女,遷出,新北市內,0
111,2,22,三芝區,,,,無年齡維度,0.0,男,遷出,新北市內,0
111,2,22,三芝區,,,,無年齡維度,0.0,女,遷出,桃園市,1
111,2,22,三芝區,,,,無年齡維度,0.0,男,遷出,桃園市,0
111,2,22,三芝區,,,,無年齡維度,0.0,女,遷出,福建省,0
111,2,22,三芝區,,,,無年齡維度,0.0,男,遷出,福建省,0
111,2,22,三芝區,,,,無年齡維度,0.0,女,遷出,臺中市,0
111,2,22,三芝區,,,,無年齡維度,0.0,男,遷出,臺中市,0
111,2,22,三芝區,,,,無年齡維度,0.0,女,遷出,臺北市,2
111,2,22,三芝區,,,,無年齡維度,0.0,男,遷出,臺北市,0
111,2,22,三芝區,,,,無年齡維度,0.0,女,遷出,臺南市,0
111,2,22,三芝區,,,,無年齡維度,0.0,男,遷出,臺南市,0
111,2,22,三芝區,,,,無年齡維度,0.0,女,遷出,臺灣省,1
111,2,22,三芝區,,,,無年齡維度,0.0,男,遷出,臺灣省,3
111,2,22,三芝區,,,,無年齡維度,0.0,女,遷出,高雄市,0
111,2,22,三芝區,,,,無年齡維度,0.0,男,遷出,高雄市,0
111,2,23,石門區,,,,無年齡維度,0.0,女,遷入,migrants,34
111,2,23,石門區,,,,無年齡維度,0.0,男,遷入,migrants,33
111,2,23,石門區,,,,無年齡維度,0.0,女,遷入,other,0
111,2,23,石門區,,,,無年齡維度,0.0,男,遷入,other,0
111,2,23,石門區,,,,無年齡維度,0.0,女,遷入,其他縣市,0
111,2,23,石門區,,,,無年齡維度,0.0,男,遷入,其他縣市,0
111,2,23,石門區,,,,無年齡維度,0.0,女,遷入,其他鄉鎮,48
111,2,23,石門區,,,,無年齡維度,0.0,男,遷入,其他鄉鎮,38
111,2,23,石門區,,,,無年齡維度,0.0,女,遷入,合計,80
111,2,23,石門區,,,,無年齡維度,0.0,男,遷入,合計,64
111,2,23,石門區,,,,無年齡維度,0.0,女,遷入,國外,2
111,2,23,石門區,,,,無年齡維度,0.0,男,遷入,國外,1
111,2,23,石門區,,,,無年齡維度,0.0,女,遷入,新北市內,0
111,2,23,石門區,,,,無年齡維度,0.0,男,遷入,新北市內,0
111,2,23,石門區,,,,無年齡維度,0.0,女,遷入,桃園市,5
111,2,23,石門區,,,,無年齡維度,0.0,男,遷入,桃園市,3
111,2,23,石門區,,,,無年齡維度,0.0,女,遷入,福建省,0
111,2,23,石門區,,,,無年齡維度,0.0,男,遷入,福建省,0
111,2,23,石門區,,,,無年齡維度,0.0,女,遷入,臺中市,2
111,2,23,石門區,,,,無年齡維度,0.0,男,遷入,臺中市,0
111,2,23,石門區,,,,無年齡維度,0.0,女,遷入,臺北市,16
111,2,23,石門區,,,,無年齡維度,0.0,男,遷入,臺北市,15
111,2,23,石門區,,,,無年齡維度,0.0,女,遷入,臺南市,0
111,2,23,石門區,,,,無年齡維度,0.0,男,遷入,臺南市,0
111,2,23,石門區,,,,無年齡維度,0.0,女,遷入,臺灣省,3
111,2,23,石門區,,,,無年齡維度,0.0,男,遷入,臺灣省,4
111,2,23,石門區,,,,無年齡維度,0.0,女,遷入,高雄市,0
111,2,23,石門區,,,,無年齡維度,0.0,男,遷入,高雄市,1
111,2,23,石門區,,,,無年齡維度,0.0,女,遷出,migrants,34
111,2,23,石門區,,,,無年齡維度,0.0,男,遷出,migrants,33
111,2,23,石門區,,,,無年齡維度,0.0,女,遷出,other,0
111,2,23,石門區,,,,無年齡維度,0.0,男,遷出,other,0
111,2,23,石門區,,,,無年齡維度,0.0,女,遷出,其他縣市,0
111,2,23,石門區,,,,無年齡維度,0.0,男,遷出,其他縣市,0
111,2,23,石門區,,,,無年齡維度,0.0,女,遷出,其他鄉鎮,33
111,2,23,石門區,,,,無年齡維度,0.0,男,遷出,其他鄉鎮,27
111,2,23,石門區,,,,無年齡維度,0.0,女,遷出,合計,99
111,2,23,石門區,,,,無年齡維度,0.0,男,遷出,合計,70
111,2,23,石門區,,,,無年齡維度,0.0,女,遷出,國外,28
111,2,23,石門區,,,,無年齡維度,0.0,男,遷出,國外,17
111,2,23,石門區,,,,無年齡維度,0.0,女,遷出,新北市內,0
111,2,23,石門區,,,,無年齡維度,0.0,男,遷出,新北市內,0
111,2,23,石門區,,,,無年齡維度,0.0,女,遷出,桃園市,5
111,2,23,石門區,,,,無年齡維度,0.0,男,遷出,桃園市,5
111,2,23,石門區,,,,無年齡維度,0.0,女,遷出,福建省,2
111,2,23,石門區,,,,無年齡維度,0.0,男,遷出,福建省,0
111,2,23,石門區,,,,無年齡維度,0.0,女,遷出,臺中市,4
111,2,23,石門區,,,,無年齡維度,0.0,男,遷出,臺中市,2
111,2,23,石門區,,,,無年齡維度,0.0,女,遷出,臺北市,14
111,2,23,石門區,,,,無年齡維度,0.0,男,遷出,臺北市,11
111,2,23,石門區,,,,無年齡維度,0.0,女,遷出,臺南市,1
111,2,23,石門區,,,,無年齡維度,0.0,男,遷出,臺南市,2
111,2,23,石門區,,,,無年齡維度,0.0,女,遷出,臺灣省,10
111,2,23,石門區,,,,無年齡維度,0.0,男,遷出,臺灣省,4
111,2,23,石門區,,,,無年齡維度,0.0,女,遷出,高雄市,2
111,2,23,石門區,,,,無年齡維度,0.0,男,遷出,高雄市,2
111,2,24,金山區,,,,無年齡維度,0.0,女,遷入,migrants,1
111,2,24,金山區,,,,無年齡維度,0.0,男,遷入,migrants,3
111,2,24,金山區,,,,無年齡維度,0.0,女,遷入,other,0
111,2,24,金山區,,,,無年齡維度,0.0,男,遷入,other,0
111,2,24,金山區,,,,無年齡維度,0.0,女,遷入,其他縣市,0
111,2,24,金山區,,,,無年齡維度,0.0,男,遷入,其他縣市,0
111,2,24,金山區,,,,無年齡維度,0.0,女,遷入,其他鄉鎮,4
111,2,24,金山區,,,,無年齡維度,0.0,男,遷入,其他鄉鎮,4
111,2,24,金山區,,,,無年齡維度,0.0,女,遷入,合計,8
111,2,24,金山區,,,,無年齡維度,0.0,男,遷入,合計,5
111,2,24,金山區,,,,無年齡維度,0.0,女,遷入,國外,0
111,2,24,金山區,,,,無年齡維度,0.0,男,遷入,國外,0
111,2,24,金山區,,,,無年齡維度,0.0,女,遷入,新北市內,0
111,2,24,金山區,,,,無年齡維度,0.0,男,遷入,新北市內,0
111,2,24,金山區,,,,無年齡維度,0.0,女,遷入,桃園市,0
111,2,24,金山區,,,,無年齡維度,0.0,男,遷入,桃園市,0
111,2,24,金山區,,,,無年齡維度,0.0,女,遷入,福建省,0
111,2,24,金山區,,,,無年齡維度,0.0,男,遷入,福建省,0
111,2,24,金山區,,,,無年齡維度,0.0,女,遷入,臺中市,2
111,2,24,金山區,,,,無年齡維度,0.0,男,遷入,臺中市,0
111,2,24,金山區,,,,無年齡維度,0.0,女,遷入,臺北市,0
111,2,24,金山區,,,,無年齡維度,0.0,男,遷入,臺北市,1
111,2,24,金山區,,,,無年齡維度,0.0,女,遷入,臺南市,0
111,2,24,金山區,,,,無年齡維度,0.0,男,遷入,臺南市,0
111,2,24,金山區,,,,無年齡維度,0.0,女,遷入,臺灣省,2
111,2,24,金山區,,,,無年齡維度,0.0,男,遷入,臺灣省,0
111,2,24,金山區,,,,無年齡維度,0.0,女,遷入,高雄市,0
111,2,24,金山區,,,,無年齡維度,0.0,男,遷入,高雄市,0
111,2,24,金山區,,,,無年齡維度,0.0,女,遷出,migrants,1
111,2,24,金山區,,,,無年齡維度,0.0,男,遷出,migrants,3
111,2,24,金山區,,,,無年齡維度,0.0,女,遷出,other,0
111,2,24,金山區,,,,無年齡維度,0.0,男,遷出,other,0
111,2,24,金山區,,,,無年齡維度,0.0,女,遷出,其他縣市,0
111,2,24,金山區,,,,無年齡維度,0.0,男,遷出,其他縣市,0
111,2,24,金山區,,,,無年齡維度,0.0,女,遷出,其他鄉鎮,2
111,2,24,金山區,,,,無年齡維度,0.0,男,遷出,其他鄉鎮,2
111,2,24,金山區,,,,無年齡維度,0.0,女,遷出,合計,6
111,2,24,金山區,,,,無年齡維度,0.0,男,遷出,合計,9
111,2,24,金山區,,,,無年齡維度,0.0,女,遷出,國外,1
111,2,24,金山區,,,,無年齡維度,0.0,男,遷出,國外,1
111,2,24,金山區,,,,無年齡維度,0.0,女,遷出,新北市內,0
111,2,24,金山區,,,,無年齡維度,0.0,男,遷出,新北市內,0
111,2,24,金山區,,,,無年齡維度,0.0,女,遷出,桃園市,0
111,2,24,金山區,,,,無年齡維度,0.0,男,遷出,桃園市,2
111,2,24,金山區,,,,無年齡維度,0.0,女,遷出,福建省,0
111,2,24,金山區,,,,無年齡維度,0.0,男,遷出,福建省,0
111,2,24,金山區,,,,無年齡維度,0.0,女,遷出,臺中市,0
111,2,24,金山區,,,,無年齡維度,0.0,男,遷出,臺中市,0
111,2,24,金山區,,,,無年齡維度,0.0,女,遷出,臺北市,2
111,2,24,金山區,,,,無年齡維度,0.0,男,遷出,臺北市,4
111,2,24,金山區,,,,無年齡維度,0.0,女,遷出,臺南市,0
111,2,24,金山區,,,,無年齡維度,0.0,男,遷出,臺南市,0
111,2,24,金山區,,,,無年齡維度,0.0,女,遷出,臺灣省,1
111,2,24,金山區,,,,無年齡維度,0.0,男,遷出,臺灣省,0
111,2,24,金山區,,,,無年齡維度,0.0,女,遷出,高雄市,0
111,2,24,金山區,,,,無年齡維度,0.0,男,遷出,高雄市,0
111,2,25,萬里區,,,,無年齡維度,0.0,女,遷入,migrants,0
111,2,25,萬里區,,,,無年齡維度,0.0,男,遷入,migrants,0
111,2,25,萬里區,,,,無年齡維度,0.0,女,遷入,other,0
111,2,25,萬里區,,,,無年齡維度,0.0,男,遷入,other,0
111,2,25,萬里區,,,,無年齡維度,0.0,女,遷入,其他縣市,0
111,2,25,萬里區,,,,無年齡維度,0.0,男,遷入,其他縣市,0
111,2,25,萬里區,,,,無年齡維度,0.0,女,遷入,其他鄉鎮,7
111,2,25,萬里區,,,,無年齡維度,0.0,男,遷入,其他鄉鎮,4
111,2,25,萬里區,,,,無年齡維度,0.0,女,遷入,合計,14
111,2,25,萬里區,,,,無年齡維度,0.0,男,遷入,合計,9
111,2,25,萬里區,,,,無年齡維度,0.0,女,遷入,國外,0
111,2,25,萬里區,,,,無年齡維度,0.0,男,遷入,國外,1
111,2,25,萬里區,,,,無年齡維度,0.0,女,遷入,新北市內,0
111,2,25,萬里區,,,,無年齡維度,0.0,男,遷入,新北市內,0
111,2,25,萬里區,,,,無年齡維度,0.0,女,遷入,桃園市,1
111,2,25,萬里區,,,,無年齡維度,0.0,男,遷入,桃園市,2
111,2,25,萬里區,,,,無年齡維度,0.0,女,遷入,福建省,0
111,2,25,萬里區,,,,無年齡維度,0.0,男,遷入,福建省,0
111,2,25,萬里區,,,,無年齡維度,0.0,女,遷入,臺中市,1
111,2,25,萬里區,,,,無年齡維度,0.0,男,遷入,臺中市,0
111,2,25,萬里區,,,,無年齡維度,0.0,女,遷入,臺北市,3
111,2,25,萬里區,,,,無年齡維度,0.0,男,遷入,臺北市,2
111,2,25,萬里區,,,,無年齡維度,0.0,女,遷入,臺南市,0
111,2,25,萬里區,,,,無年齡維度,0.0,男,遷入,臺南市,0
111,2,25,萬里區,,,,無年齡維度,0.0,女,遷入,臺灣省,2
111,2,25,萬里區,,,,無年齡維度,0.0,男,遷入,臺灣省,0
111,2,25,萬里區,,,,無年齡維度,0.0,女,遷入,高雄市,0
111,2,25,萬里區,,,,無年齡維度,0.0,男,遷入,高雄市,0
111,2,25,萬里區,,,,無年齡維度,0.0,女,遷出,migrants,0
111,2,25,萬里區,,,,無年齡維度,0.0,男,遷出,migrants,0
111,2,25,萬里區,,,,無年齡維度,0.0,女,遷出,other,0
111,2,25,萬里區,,,,無年齡維度,0.0,男,遷出,other,0
111,2,25,萬里區,,,,無年齡維度,0.0,女,遷出,其他縣市,0
111,2,25,萬里區,,,,無年齡維度,0.0,男,遷出,其他縣市,0
111,2,25,萬里區,,,,無年齡維度,0.0,女,遷出,其他鄉鎮,2
111,2,25,萬里區,,,,無年齡維度,0.0,男,遷出,其他鄉鎮,4
111,2,25,萬里區,,,,無年齡維度,0.0,女,遷出,合計,12
111,2,25,萬里區,,,,無年齡維度,0.0,男,遷出,合計,13
111,2,25,萬里區,,,,無年齡維度,0.0,女,遷出,國外,2
111,2,25,萬里區,,,,無年齡維度,0.0,男,遷出,國外,1
111,2,25,萬里區,,,,無年齡維度,0.0,女,遷出,新北市內,0
111,2,25,萬里區,,,,無年齡維度,0.0,男,遷出,新北市內,0
111,2,25,萬里區,,,,無年齡維度,0.0,女,遷出,桃園市,1
111,2,25,萬里區,,,,無年齡維度,0.0,男,遷出,桃園市,0
111,2,25,萬里區,,,,無年齡維度,0.0,女,遷出,福建省,0
111,2,25,萬里區,,,,無年齡維度,0.0,男,遷出,福建省,0
111,2,25,萬里區,,,,無年齡維度,0.0,女,遷出,臺中市,2
111,2,25,萬里區,,,,無年齡維度,0.0,男,遷出,臺中市,1
111,2,25,萬里區,,,,無年齡維度,0.0,女,遷出,臺北市,1
111,2,25,萬里區,,,,無年齡維度,0.0,男,遷出,臺北市,1
111,2,25,萬里區,,,,無年齡維度,0.0,女,遷出,臺南市,0
111,2,25,萬里區,,,,無年齡維度,0.0,男,遷出,臺南市,1
111,2,25,萬里區,,,,無年齡維度,0.0,女,遷出,臺灣省,4
111,2,25,萬里區,,,,無年齡維度,0.0,男,遷出,臺灣省,4
111,2,25,萬里區,,,,無年齡維度,0.0,女,遷出,高雄市,0
111,2,25,萬里區,,,,無年齡維度,0.0,男,遷出,高雄市,1
111,2,26,平溪區,,,,無年齡維度,0.0,女,遷入,migrants,2
111,2,26,平溪區,,,,無年齡維度,0.0,男,遷入,migrants,1
111,2,26,平溪區,,,,無年齡維度,0.0,女,遷入,other,0
111,2,26,平溪區,,,,無年齡維度,0.0,男,遷入,other,0
111,2,26,平溪區,,,,無年齡維度,0.0,女,遷入,其他縣市,0
111,2,26,平溪區,,,,無年齡維度,0.0,男,遷入,其他縣市,0
111,2,26,平溪區,,,,無年齡維度,0.0,女,遷入,其他鄉鎮,3
111,2,26,平溪區,,,,無年齡維度,0.0,男,遷入,其他鄉鎮,4
111,2,26,平溪區,,,,無年齡維度,0.0,女,遷入,合計,5
111,2,26,平溪區,,,,無年齡維度,0.0,男,遷入,合計,9
111,2,26,平溪區,,,,無年齡維度,0.0,女,遷入,國外,0
111,2,26,平溪區,,,,無年齡維度,0.0,男,遷入,國外,0
111,2,26,平溪區,,,,無年齡維度,0.0,女,遷入,新北市內,0
111,2,26,平溪區,,,,無年齡維度,0.0,男,遷入,新北市內,0
111,2,26,平溪區,,,,無年齡維度,0.0,女,遷入,桃園市,0
111,2,26,平溪區,,,,無年齡維度,0.0,男,遷入,桃園市,1
111,2,26,平溪區,,,,無年齡維度,0.0,女,遷入,福建省,0
111,2,26,平溪區,,,,無年齡維度,0.0,男,遷入,福建省,0
111,2,26,平溪區,,,,無年齡維度,0.0,女,遷入,臺中市,0
111,2,26,平溪區,,,,無年齡維度,0.0,男,遷入,臺中市,0
111,2,26,平溪區,,,,無年齡維度,0.0,女,遷入,臺北市,0
111,2,26,平溪區,,,,無年齡維度,0.0,男,遷入,臺北市,2
111,2,26,平溪區,,,,無年齡維度,0.0,女,遷入,臺南市,0
111,2,26,平溪區,,,,無年齡維度,0.0,男,遷入,臺南市,0
111,2,26,平溪區,,,,無年齡維度,0.0,女,遷入,臺灣省,2
111,2,26,平溪區,,,,無年齡維度,0.0,男,遷入,臺灣省,2
111,2,26,平溪區,,,,無年齡維度,0.0,女,遷入,高雄市,0
111,2,26,平溪區,,,,無年齡維度,0.0,男,遷入,高雄市,0
111,2,26,平溪區,,,,無年齡維度,0.0,女,遷出,migrants,2
111,2,26,平溪區,,,,無年齡維度,0.0,男,遷出,migrants,1
111,2,26,平溪區,,,,無年齡維度,0.0,女,遷出,other,0
111,2,26,平溪區,,,,無年齡維度,0.0,男,遷出,other,0
111,2,26,平溪區,,,,無年齡維度,0.0,女,遷出,其他縣市,0
111,2,26,平溪區,,,,無年齡維度,0.0,男,遷出,其他縣市,0
111,2,26,平溪區,,,,無年齡維度,0.0,女,遷出,其他鄉鎮,3
111,2,26,平溪區,,,,無年齡維度,0.0,男,遷出,其他鄉鎮,2
111,2,26,平溪區,,,,無年齡維度,0.0,女,遷出,合計,10
111,2,26,平溪區,,,,無年齡維度,0.0,男,遷出,合計,8
111,2,26,平溪區,,,,無年齡維度,0.0,女,遷出,國外,1
111,2,26,平溪區,,,,無年齡維度,0.0,男,遷出,國外,0
111,2,26,平溪區,,,,無年齡維度,0.0,女,遷出,新北市內,0
111,2,26,平溪區,,,,無年齡維度,0.0,男,遷出,新北市內,0
111,2,26,平溪區,,,,無年齡維度,0.0,女,遷出,桃園市,0
111,2,26,平溪區,,,,無年齡維度,0.0,男,遷出,桃園市,0
111,2,26,平溪區,,,,無年齡維度,0.0,女,遷出,福建省,0
111,2,26,平溪區,,,,無年齡維度,0.0,男,遷出,福建省,0
111,2,26,平溪區,,,,無年齡維度,0.0,女,遷出,臺中市,1
111,2,26,平溪區,,,,無年齡維度,0.0,男,遷出,臺中市,1
111,2,26,平溪區,,,,無年齡維度,0.0,女,遷出,臺北市,0
111,2,26,平溪區,,,,無年齡維度,0.0,男,遷出,臺北市,0
111,2,26,平溪區,,,,無年齡維度,0.0,女,遷出,臺南市,0
111,2,26,平溪區,,,,無年齡維度,0.0,男,遷出,臺南市,0
111,2,26,平溪區,,,,無年齡維度,0.0,女,遷出,臺灣省,5
111,2,26,平溪區,,,,無年齡維度,0.0,男,遷出,臺灣省,4
111,2,26,平溪區,,,,無年齡維度,0.0,女,遷出,高雄市,0
111,2,26,平溪區,,,,無年齡維度,0.0,男,遷出,高雄市,1
111,2,27,雙溪區,,,,無年齡維度,0.0,女,遷入,migrants,21
111,2,27,雙溪區,,,,無年齡維度,0.0,男,遷入,migrants,6
111,2,27,雙溪區,,,,無年齡維度,0.0,女,遷入,other,0
111,2,27,雙溪區,,,,無年齡維度,0.0,男,遷入,other,0
111,2,27,雙溪區,,,,無年齡維度,0.0,女,遷入,其他縣市,0
111,2,27,雙溪區,,,,無年齡維度,0.0,男,遷入,其他縣市,0
111,2,27,雙溪區,,,,無年齡維度,0.0,女,遷入,其他鄉鎮,5
111,2,27,雙溪區,,,,無年齡維度,0.0,男,遷入,其他鄉鎮,4
111,2,27,雙溪區,,,,無年齡維度,0.0,女,遷入,合計,15
111,2,27,雙溪區,,,,無年齡維度,0.0,男,遷入,合計,11
111,2,27,雙溪區,,,,無年齡維度,0.0,女,遷入,國外,0
111,2,27,雙溪區,,,,無年齡維度,0.0,男,遷入,國外,1
111,2,27,雙溪區,,,,無年齡維度,0.0,女,遷入,新北市內,0
111,2,27,雙溪區,,,,無年齡維度,0.0,男,遷入,新北市內,0
111,2,27,雙溪區,,,,無年齡維度,0.0,女,遷入,桃園市,1
111,2,27,雙溪區,,,,無年齡維度,0.0,男,遷入,桃園市,1
111,2,27,雙溪區,,,,無年齡維度,0.0,女,遷入,福建省,0
111,2,27,雙溪區,,,,無年齡維度,0.0,男,遷入,福建省,0
111,2,27,雙溪區,,,,無年齡維度,0.0,女,遷入,臺中市,1
111,2,27,雙溪區,,,,無年齡維度,0.0,男,遷入,臺中市,2
111,2,27,雙溪區,,,,無年齡維度,0.0,女,遷入,臺北市,0
111,2,27,雙溪區,,,,無年齡維度,0.0,男,遷入,臺北市,1
111,2,27,雙溪區,,,,無年齡維度,0.0,女,遷入,臺南市,0
111,2,27,雙溪區,,,,無年齡維度,0.0,男,遷入,臺南市,0
111,2,27,雙溪區,,,,無年齡維度,0.0,女,遷入,臺灣省,5
111,2,27,雙溪區,,,,無年齡維度,0.0,男,遷入,臺灣省,2
111,2,27,雙溪區,,,,無年齡維度,0.0,女,遷入,高雄市,2
111,2,27,雙溪區,,,,無年齡維度,0.0,男,遷入,高雄市,0
111,2,27,雙溪區,,,,無年齡維度,0.0,女,遷出,migrants,21
111,2,27,雙溪區,,,,無年齡維度,0.0,男,遷出,migrants,6
111,2,27,雙溪區,,,,無年齡維度,0.0,女,遷出,other,0
111,2,27,雙溪區,,,,無年齡維度,0.0,男,遷出,other,0
111,2,27,雙溪區,,,,無年齡維度,0.0,女,遷出,其他縣市,0
111,2,27,雙溪區,,,,無年齡維度,0.0,男,遷出,其他縣市,0
111,2,27,雙溪區,,,,無年齡維度,0.0,女,遷出,其他鄉鎮,6
111,2,27,雙溪區,,,,無年齡維度,0.0,男,遷出,其他鄉鎮,5
111,2,27,雙溪區,,,,無年齡維度,0.0,女,遷出,合計,21
111,2,27,雙溪區,,,,無年齡維度,0.0,男,遷出,合計,30
111,2,27,雙溪區,,,,無年齡維度,0.0,女,遷出,國外,4
111,2,27,雙溪區,,,,無年齡維度,0.0,男,遷出,國外,2
111,2,27,雙溪區,,,,無年齡維度,0.0,女,遷出,新北市內,0
111,2,27,雙溪區,,,,無年齡維度,0.0,男,遷出,新北市內,0
111,2,27,雙溪區,,,,無年齡維度,0.0,女,遷出,桃園市,2
111,2,27,雙溪區,,,,無年齡維度,0.0,男,遷出,桃園市,2
111,2,27,雙溪區,,,,無年齡維度,0.0,女,遷出,福建省,0
111,2,27,雙溪區,,,,無年齡維度,0.0,男,遷出,福建省,0
111,2,27,雙溪區,,,,無年齡維度,0.0,女,遷出,臺中市,0
111,2,27,雙溪區,,,,無年齡維度,0.0,男,遷出,臺中市,2
111,2,27,雙溪區,,,,無年齡維度,0.0,女,遷出,臺北市,1
111,2,27,雙溪區,,,,無年齡維度,0.0,男,遷出,臺北市,7
111,2,27,雙溪區,,,,無年齡維度,0.0,女,遷出,臺南市,0
111,2,27,雙溪區,,,,無年齡維度,0.0,男,遷出,臺南市,1
111,2,27,雙溪區,,,,無年齡維度,0.0,女,遷出,臺灣省,7
111,2,27,雙溪區,,,,無年齡維度,0.0,男,遷出,臺灣省,11
111,2,27,雙溪區,,,,無年齡維度,0.0,女,遷出,高雄市,1
111,2,27,雙溪區,,,,無年齡維度,0.0,男,遷出,高雄市,0
111,2,28,貢寮區,,,,無年齡維度,0.0,女,遷入,migrants,12
111,2,28,貢寮區,,,,無年齡維度,0.0,男,遷入,migrants,9
111,2,28,貢寮區,,,,無年齡維度,0.0,女,遷入,other,0
111,2,28,貢寮區,,,,無年齡維度,0.0,男,遷入,other,0
111,2,28,貢寮區,,,,無年齡維度,0.0,女,遷入,其他縣市,0
111,2,28,貢寮區,,,,無年齡維度,0.0,男,遷入,其他縣市,0
111,2,28,貢寮區,,,,無年齡維度,0.0,女,遷入,其他鄉鎮,3
111,2,28,貢寮區,,,,無年齡維度,0.0,男,遷入,其他鄉鎮,3
111,2,28,貢寮區,,,,無年齡維度,0.0,女,遷入,合計,18
111,2,28,貢寮區,,,,無年齡維度,0.0,男,遷入,合計,11
111,2,28,貢寮區,,,,無年齡維度,0.0,女,遷入,國外,0
111,2,28,貢寮區,,,,無年齡維度,0.0,男,遷入,國外,1
111,2,28,貢寮區,,,,無年齡維度,0.0,女,遷入,新北市內,0
111,2,28,貢寮區,,,,無年齡維度,0.0,男,遷入,新北市內,0
111,2,28,貢寮區,,,,無年齡維度,0.0,女,遷入,桃園市,0
111,2,28,貢寮區,,,,無年齡維度,0.0,男,遷入,桃園市,2
111,2,28,貢寮區,,,,無年齡維度,0.0,女,遷入,福建省,0
111,2,28,貢寮區,,,,無年齡維度,0.0,男,遷入,福建省,0
111,2,28,貢寮區,,,,無年齡維度,0.0,女,遷入,臺中市,0
111,2,28,貢寮區,,,,無年齡維度,0.0,男,遷入,臺中市,0
111,2,28,貢寮區,,,,無年齡維度,0.0,女,遷入,臺北市,4
111,2,28,貢寮區,,,,無年齡維度,0.0,男,遷入,臺北市,2
111,2,28,貢寮區,,,,無年齡維度,0.0,女,遷入,臺南市,0
111,2,28,貢寮區,,,,無年齡維度,0.0,男,遷入,臺南市,0
111,2,28,貢寮區,,,,無年齡維度,0.0,女,遷入,臺灣省,10
111,2,28,貢寮區,,,,無年齡維度,0.0,男,遷入,臺灣省,3
111,2,28,貢寮區,,,,無年齡維度,0.0,女,遷入,高雄市,0
111,2,28,貢寮區,,,,無年齡維度,0.0,男,遷入,高雄市,0
111,2,28,貢寮區,,,,無年齡維度,0.0,女,遷出,migrants,12
111,2,28,貢寮區,,,,無年齡維度,0.0,男,遷出,migrants,9
111,2,28,貢寮區,,,,無年齡維度,0.0,女,遷出,other,0
111,2,28,貢寮區,,,,無年齡維度,0.0,男,遷出,other,0
111,2,28,貢寮區,,,,無年齡維度,0.0,女,遷出,其他縣市,0
111,2,28,貢寮區,,,,無年齡維度,0.0,男,遷出,其他縣市,0
111,2,28,貢寮區,,,,無年齡維度,0.0,女,遷出,其他鄉鎮,8
111,2,28,貢寮區,,,,無年齡維度,0.0,男,遷出,其他鄉鎮,7
111,2,28,貢寮區,,,,無年齡維度,0.0,女,遷出,合計,33
111,2,28,貢寮區,,,,無年齡維度,0.0,男,遷出,合計,43
111,2,28,貢寮區,,,,無年齡維度,0.0,女,遷出,國外,10
111,2,28,貢寮區,,,,無年齡維度,0.0,男,遷出,國外,7
111,2,28,貢寮區,,,,無年齡維度,0.0,女,遷出,新北市內,0
111,2,28,貢寮區,,,,無年齡維度,0.0,男,遷出,新北市內,0
111,2,28,貢寮區,,,,無年齡維度,0.0,女,遷出,桃園市,3
111,2,28,貢寮區,,,,無年齡維度,0.0,男,遷出,桃園市,5
111,2,28,貢寮區,,,,無年齡維度,0.0,女,遷出,福建省,0
111,2,28,貢寮區,,,,無年齡維度,0.0,男,遷出,福建省,0
111,2,28,貢寮區,,,,無年齡維度,0.0,女,遷出,臺中市,1
111,2,28,貢寮區,,,,無年齡維度,0.0,男,遷出,臺中市,1
111,2,28,貢寮區,,,,無年齡維度,0.0,女,遷出,臺北市,0
111,2,28,貢寮區,,,,無年齡維度,0.0,男,遷出,臺北市,1
111,2,28,貢寮區,,,,無年齡維度,0.0,女,遷出,臺南市,1
111,2,28,貢寮區,,,,無年齡維度,0.0,男,遷出,臺南市,0
111,2,28,貢寮區,,,,無年齡維度,0.0,女,遷出,臺灣省,10
111,2,28,貢寮區,,,,無年齡維度,0.0,男,遷出,臺灣省,22
111,2,28,貢寮區,,,,無年齡維度,0.0,女,遷出,高雄市,0
111,2,28,貢寮區,,,,無年齡維度,0.0,男,遷出,高雄市,0
111,2,29,烏來區,,,,無年齡維度,0.0,女,遷入,migrants,4
111,2,29,烏來區,,,,無年齡維度,0.0,男,遷入,migrants,5
111,2,29,烏來區,,,,無年齡維度,0.0,女,遷入,other,0
111,2,29,烏來區,,,,無年齡維度,0.0,男,遷入,other,0
111,2,29,烏來區,,,,無年齡維度,0.0,女,遷入,其他縣市,0
111,2,29,烏來區,,,,無年齡維度,0.0,男,遷入,其他縣市,0
111,2,29,烏來區,,,,無年齡維度,0.0,女,遷入,其他鄉鎮,6
111,2,29,烏來區,,,,無年齡維度,0.0,男,遷入,其他鄉鎮,3
111,2,29,烏來區,,,,無年齡維度,0.0,女,遷入,合計,6
111,2,29,烏來區,,,,無年齡維度,0.0,男,遷入,合計,9
111,2,29,烏來區,,,,無年齡維度,0.0,女,遷入,國外,0
111,2,29,烏來區,,,,無年齡維度,0.0,男,遷入,國外,2
111,2,29,烏來區,,,,無年齡維度,0.0,女,遷入,新北市內,0
111,2,29,烏來區,,,,無年齡維度,0.0,男,遷入,新北市內,0
111,2,29,烏來區,,,,無年齡維度,0.0,女,遷入,桃園市,0
111,2,29,烏來區,,,,無年齡維度,0.0,男,遷入,桃園市,0
111,2,29,烏來區,,,,無年齡維度,0.0,女,遷入,福建省,0
111,2,29,烏來區,,,,無年齡維度,0.0,男,遷入,福建省,0
111,2,29,烏來區,,,,無年齡維度,0.0,女,遷入,臺中市,0
111,2,29,烏來區,,,,無年齡維度,0.0,男,遷入,臺中市,0
111,2,29,烏來區,,,,無年齡維度,0.0,女,遷入,臺北市,0
111,2,29,烏來區,,,,無年齡維度,0.0,男,遷入,臺北市,2
111,2,29,烏來區,,,,無年齡維度,0.0,女,遷入,臺南市,0
111,2,29,烏來區,,,,無年齡維度,0.0,男,遷入,臺南市,0
111,2,29,烏來區,,,,無年齡維度,0.0,女,遷入,臺灣省,0
111,2,29,烏來區,,,,無年齡維度,0.0,男,遷入,臺灣省,2
111,2,29,烏來區,,,,無年齡維度,0.0,女,遷入,高雄市,0
111,2,29,烏來區,,,,無年齡維度,0.0,男,遷入,高雄市,0
111,2,29,烏來區,,,,無年齡維度,0.0,女,遷出,migrants,4
111,2,29,烏來區,,,,無年齡維度,0.0,男,遷出,migrants,5
111,2,29,烏來區,,,,無年齡維度,0.0,女,遷出,other,0
111,2,29,烏來區,,,,無年齡維度,0.0,男,遷出,other,0
111,2,29,烏來區,,,,無年齡維度,0.0,女,遷出,其他縣市,0
111,2,29,烏來區,,,,無年齡維度,0.0,男,遷出,其他縣市,0
111,2,29,烏來區,,,,無年齡維度,0.0,女,遷出,其他鄉鎮,17
111,2,29,烏來區,,,,無年齡維度,0.0,男,遷出,其他鄉鎮,12
111,2,29,烏來區,,,,無年齡維度,0.0,女,遷出,合計,29
111,2,29,烏來區,,,,無年齡維度,0.0,男,遷出,合計,22
111,2,29,烏來區,,,,無年齡維度,0.0,女,遷出,國外,4
111,2,29,烏來區,,,,無年齡維度,0.0,男,遷出,國外,4
111,2,29,烏來區,,,,無年齡維度,0.0,女,遷出,新北市內,0
111,2,29,烏來區,,,,無年齡維度,0.0,男,遷出,新北市內,0
111,2,29,烏來區,,,,無年齡維度,0.0,女,遷出,桃園市,0
111,2,29,烏來區,,,,無年齡維度,0.0,男,遷出,桃園市,4
111,2,29,烏來區,,,,無年齡維度,0.0,女,遷出,福建省,0
111,2,29,烏來區,,,,無年齡維度,0.0,男,遷出,福建省,0
111,2,29,烏來區,,,,無年齡維度,0.0,女,遷出,臺中市,1
111,2,29,烏來區,,,,無年齡維度,0.0,男,遷出,臺中市,0
111,2,29,烏來區,,,,無年齡維度,0.0,女,遷出,臺北市,4
111,2,29,烏來區,,,,無年齡維度,0.0,男,遷出,臺北市,1
111,2,29,烏來區,,,,無年齡維度,0.0,女,遷出,臺南市,0
111,2,29,烏來區,,,,無年齡維度,0.0,男,遷出,臺南市,0
111,2,29,烏來區,,,,無年齡維度,0.0,女,遷出,臺灣省,3
111,2,29,烏來區,,,,無年齡維度,0.0,男,遷出,臺灣省,1
111,2,29,烏來區,,,,無年齡維度,0.0,女,遷出,高雄市,0
111,2,29,烏來區,,,,無年齡維度,0.0,男,遷出,高雄市,0
111,3,1,板橋區,,,,無年齡維度,0.0,女,遷入,migrants,779
111,3,1,板橋區,,,,無年齡維度,0.0,男,遷入,migrants,756
111,3,1,板橋區,,,,無年齡維度,0.0,女,遷入,other,0
111,3,1,板橋區,,,,無年齡維度,0.0,男,遷入,other,0
111,3,1,板橋區,,,,無年齡維度,0.0,女,遷入,其他縣市,0
111,3,1,板橋區,,,,無年齡維度,0.0,男,遷入,其他縣市,0
111,3,1,板橋區,,,,無年齡維度,0.0,女,遷入,其他鄉鎮,460
111,3,1,板橋區,,,,無年齡維度,0.0,男,遷入,其他鄉鎮,391
111,3,1,板橋區,,,,無年齡維度,0.0,女,遷入,合計,1106
111,3,1,板橋區,,,,無年齡維度,0.0,男,遷入,合計,1011
111,3,1,板橋區,,,,無年齡維度,0.0,女,遷入,國外,56
111,3,1,板橋區,,,,無年齡維度,0.0,男,遷入,國外,57
111,3,1,板橋區,,,,無年齡維度,0.0,女,遷入,新北市內,0
111,3,1,板橋區,,,,無年齡維度,0.0,男,遷入,新北市內,0
111,3,1,板橋區,,,,無年齡維度,0.0,女,遷入,桃園市,70
111,3,1,板橋區,,,,無年齡維度,0.0,男,遷入,桃園市,77
111,3,1,板橋區,,,,無年齡維度,0.0,女,遷入,福建省,5
111,3,1,板橋區,,,,無年齡維度,0.0,男,遷入,福建省,9
111,3,1,板橋區,,,,無年齡維度,0.0,女,遷入,臺中市,23
111,3,1,板橋區,,,,無年齡維度,0.0,男,遷入,臺中市,32
111,3,1,板橋區,,,,無年齡維度,0.0,女,遷入,臺北市,299
111,3,1,板橋區,,,,無年齡維度,0.0,男,遷入,臺北市,262
111,3,1,板橋區,,,,無年齡維度,0.0,女,遷入,臺南市,21
111,3,1,板橋區,,,,無年齡維度,0.0,男,遷入,臺南市,21
111,3,1,板橋區,,,,無年齡維度,0.0,女,遷入,臺灣省,136
111,3,1,板橋區,,,,無年齡維度,0.0,男,遷入,臺灣省,128
111,3,1,板橋區,,,,無年齡維度,0.0,女,遷入,高雄市,22
111,3,1,板橋區,,,,無年齡維度,0.0,男,遷入,高雄市,23
111,3,1,板橋區,,,,無年齡維度,0.0,女,遷出,migrants,779
111,3,1,板橋區,,,,無年齡維度,0.0,男,遷出,migrants,756
111,3,1,板橋區,,,,無年齡維度,0.0,女,遷出,other,0
111,3,1,板橋區,,,,無年齡維度,0.0,男,遷出,other,0
111,3,1,板橋區,,,,無年齡維度,0.0,女,遷出,其他縣市,0
111,3,1,板橋區,,,,無年齡維度,0.0,男,遷出,其他縣市,0
111,3,1,板橋區,,,,無年齡維度,0.0,女,遷出,其他鄉鎮,507
111,3,1,板橋區,,,,無年齡維度,0.0,男,遷出,其他鄉鎮,440
111,3,1,板橋區,,,,無年齡維度,0.0,女,遷出,合計,1727
111,3,1,板橋區,,,,無年齡維度,0.0,男,遷出,合計,1637
111,3,1,板橋區,,,,無年齡維度,0.0,女,遷出,國外,686
111,3,1,板橋區,,,,無年齡維度,0.0,男,遷出,國外,727
111,3,1,板橋區,,,,無年齡維度,0.0,女,遷出,新北市內,0
111,3,1,板橋區,,,,無年齡維度,0.0,男,遷出,新北市內,0
111,3,1,板橋區,,,,無年齡維度,0.0,女,遷出,桃園市,107
111,3,1,板橋區,,,,無年齡維度,0.0,男,遷出,桃園市,108
111,3,1,板橋區,,,,無年齡維度,0.0,女,遷出,福建省,5
111,3,1,板橋區,,,,無年齡維度,0.0,男,遷出,福建省,12
111,3,1,板橋區,,,,無年齡維度,0.0,女,遷出,臺中市,34
111,3,1,板橋區,,,,無年齡維度,0.0,男,遷出,臺中市,27
111,3,1,板橋區,,,,無年齡維度,0.0,女,遷出,臺北市,190
111,3,1,板橋區,,,,無年齡維度,0.0,男,遷出,臺北市,142
111,3,1,板橋區,,,,無年齡維度,0.0,女,遷出,臺南市,20
111,3,1,板橋區,,,,無年齡維度,0.0,男,遷出,臺南市,32
111,3,1,板橋區,,,,無年齡維度,0.0,女,遷出,臺灣省,148
111,3,1,板橋區,,,,無年齡維度,0.0,男,遷出,臺灣省,130
111,3,1,板橋區,,,,無年齡維度,0.0,女,遷出,高雄市,29
111,3,1,板橋區,,,,無年齡維度,0.0,男,遷出,高雄市,19
111,3,2,三重區,,,,無年齡維度,0.0,女,遷入,migrants,659
111,3,2,三重區,,,,無年齡維度,0.0,男,遷入,migrants,588
111,3,2,三重區,,,,無年齡維度,0.0,女,遷入,other,0
111,3,2,三重區,,,,無年齡維度,0.0,男,遷入,other,0
111,3,2,三重區,,,,無年齡維度,0.0,女,遷入,其他縣市,0
111,3,2,三重區,,,,無年齡維度,0.0,男,遷入,其他縣市,0
111,3,2,三重區,,,,無年齡維度,0.0,女,遷入,其他鄉鎮,325
111,3,2,三重區,,,,無年齡維度,0.0,男,遷入,其他鄉鎮,239
111,3,2,三重區,,,,無年齡維度,0.0,女,遷入,合計,885
111,3,2,三重區,,,,無年齡維度,0.0,男,遷入,合計,729
111,3,2,三重區,,,,無年齡維度,0.0,女,遷入,國外,34
111,3,2,三重區,,,,無年齡維度,0.0,男,遷入,國外,30
111,3,2,三重區,,,,無年齡維度,0.0,女,遷入,新北市內,0
111,3,2,三重區,,,,無年齡維度,0.0,男,遷入,新北市內,0
111,3,2,三重區,,,,無年齡維度,0.0,女,遷入,桃園市,58
111,3,2,三重區,,,,無年齡維度,0.0,男,遷入,桃園市,42
111,3,2,三重區,,,,無年齡維度,0.0,女,遷入,福建省,0
111,3,2,三重區,,,,無年齡維度,0.0,男,遷入,福建省,1
111,3,2,三重區,,,,無年齡維度,0.0,女,遷入,臺中市,14
111,3,2,三重區,,,,無年齡維度,0.0,男,遷入,臺中市,16
111,3,2,三重區,,,,無年齡維度,0.0,女,遷入,臺北市,319
111,3,2,三重區,,,,無年齡維度,0.0,男,遷入,臺北市,297
111,3,2,三重區,,,,無年齡維度,0.0,女,遷入,臺南市,11
111,3,2,三重區,,,,無年齡維度,0.0,男,遷入,臺南市,9
111,3,2,三重區,,,,無年齡維度,0.0,女,遷入,臺灣省,89
111,3,2,三重區,,,,無年齡維度,0.0,男,遷入,臺灣省,79
111,3,2,三重區,,,,無年齡維度,0.0,女,遷入,高雄市,24
111,3,2,三重區,,,,無年齡維度,0.0,男,遷入,高雄市,13
111,3,2,三重區,,,,無年齡維度,0.0,女,遷出,migrants,659
111,3,2,三重區,,,,無年齡維度,0.0,男,遷出,migrants,588
111,3,2,三重區,,,,無年齡維度,0.0,女,遷出,other,0
111,3,2,三重區,,,,無年齡維度,0.0,男,遷出,other,0
111,3,2,三重區,,,,無年齡維度,0.0,女,遷出,其他縣市,0
111,3,2,三重區,,,,無年齡維度,0.0,男,遷出,其他縣市,0
111,3,2,三重區,,,,無年齡維度,0.0,女,遷出,其他鄉鎮,332
111,3,2,三重區,,,,無年齡維度,0.0,男,遷出,其他鄉鎮,234
111,3,2,三重區,,,,無年齡維度,0.0,女,遷出,合計,1105
111,3,2,三重區,,,,無年齡維度,0.0,男,遷出,合計,1011
111,3,2,三重區,,,,無年齡維度,0.0,女,遷出,國外,268
111,3,2,三重區,,,,無年齡維度,0.0,男,遷出,國外,355
111,3,2,三重區,,,,無年齡維度,0.0,女,遷出,新北市內,0
111,3,2,三重區,,,,無年齡維度,0.0,男,遷出,新北市內,0
111,3,2,三重區,,,,無年齡維度,0.0,女,遷出,桃園市,80
111,3,2,三重區,,,,無年齡維度,0.0,男,遷出,桃園市,69
111,3,2,三重區,,,,無年齡維度,0.0,女,遷出,福建省,7
111,3,2,三重區,,,,無年齡維度,0.0,男,遷出,福建省,8
111,3,2,三重區,,,,無年齡維度,0.0,女,遷出,臺中市,21
111,3,2,三重區,,,,無年齡維度,0.0,男,遷出,臺中市,13
111,3,2,三重區,,,,無年齡維度,0.0,女,遷出,臺北市,238
111,3,2,三重區,,,,無年齡維度,0.0,男,遷出,臺北市,185
111,3,2,三重區,,,,無年齡維度,0.0,女,遷出,臺南市,18
111,3,2,三重區,,,,無年齡維度,0.0,男,遷出,臺南市,18
111,3,2,三重區,,,,無年齡維度,0.0,女,遷出,臺灣省,125
111,3,2,三重區,,,,無年齡維度,0.0,男,遷出,臺灣省,111
111,3,2,三重區,,,,無年齡維度,0.0,女,遷出,高雄市,16
111,3,2,三重區,,,,無年齡維度,0.0,男,遷出,高雄市,17
111,3,3,中和區,,,,無年齡維度,0.0,女,遷入,migrants,502
111,3,3,中和區,,,,無年齡維度,0.0,男,遷入,migrants,426
111,3,3,中和區,,,,無年齡維度,0.0,女,遷入,other,0
111,3,3,中和區,,,,無年齡維度,0.0,男,遷入,other,0
111,3,3,中和區,,,,無年齡維度,0.0,女,遷入,其他縣市,0
111,3,3,中和區,,,,無年齡維度,0.0,男,遷入,其他縣市,0
111,3,3,中和區,,,,無年齡維度,0.0,女,遷入,其他鄉鎮,441
111,3,3,中和區,,,,無年齡維度,0.0,男,遷入,其他鄉鎮,332
111,3,3,中和區,,,,無年齡維度,0.0,女,遷入,合計,963
111,3,3,中和區,,,,無年齡維度,0.0,男,遷入,合計,768
111,3,3,中和區,,,,無年齡維度,0.0,女,遷入,國外,72
111,3,3,中和區,,,,無年齡維度,0.0,男,遷入,國外,56
111,3,3,中和區,,,,無年齡維度,0.0,女,遷入,新北市內,0
111,3,3,中和區,,,,無年齡維度,0.0,男,遷入,新北市內,0
111,3,3,中和區,,,,無年齡維度,0.0,女,遷入,桃園市,56
111,3,3,中和區,,,,無年齡維度,0.0,男,遷入,桃園市,50
111,3,3,中和區,,,,無年齡維度,0.0,女,遷入,福建省,15
111,3,3,中和區,,,,無年齡維度,0.0,男,遷入,福建省,8
111,3,3,中和區,,,,無年齡維度,0.0,女,遷入,臺中市,22
111,3,3,中和區,,,,無年齡維度,0.0,男,遷入,臺中市,21
111,3,3,中和區,,,,無年齡維度,0.0,女,遷入,臺北市,230
111,3,3,中和區,,,,無年齡維度,0.0,男,遷入,臺北市,209
111,3,3,中和區,,,,無年齡維度,0.0,女,遷入,臺南市,8
111,3,3,中和區,,,,無年齡維度,0.0,男,遷入,臺南市,6
111,3,3,中和區,,,,無年齡維度,0.0,女,遷入,臺灣省,80
111,3,3,中和區,,,,無年齡維度,0.0,男,遷入,臺灣省,68
111,3,3,中和區,,,,無年齡維度,0.0,女,遷入,高雄市,23
111,3,3,中和區,,,,無年齡維度,0.0,男,遷入,高雄市,10
111,3,3,中和區,,,,無年齡維度,0.0,女,遷出,migrants,502
111,3,3,中和區,,,,無年齡維度,0.0,男,遷出,migrants,426
111,3,3,中和區,,,,無年齡維度,0.0,女,遷出,other,0
111,3,3,中和區,,,,無年齡維度,0.0,男,遷出,other,0
111,3,3,中和區,,,,無年齡維度,0.0,女,遷出,其他縣市,0
111,3,3,中和區,,,,無年齡維度,0.0,男,遷出,其他縣市,0
111,3,3,中和區,,,,無年齡維度,0.0,女,遷出,其他鄉鎮,534
111,3,3,中和區,,,,無年齡維度,0.0,男,遷出,其他鄉鎮,441
111,3,3,中和區,,,,無年齡維度,0.0,女,遷出,合計,1731
111,3,3,中和區,,,,無年齡維度,0.0,男,遷出,合計,1593
111,3,3,中和區,,,,無年齡維度,0.0,女,遷出,國外,750
111,3,3,中和區,,,,無年齡維度,0.0,男,遷出,國外,706
111,3,3,中和區,,,,無年齡維度,0.0,女,遷出,新北市內,0
111,3,3,中和區,,,,無年齡維度,0.0,男,遷出,新北市內,0
111,3,3,中和區,,,,無年齡維度,0.0,女,遷出,桃園市,85
111,3,3,中和區,,,,無年齡維度,0.0,男,遷出,桃園市,77
111,3,3,中和區,,,,無年齡維度,0.0,女,遷出,福建省,10
111,3,3,中和區,,,,無年齡維度,0.0,男,遷出,福建省,10
111,3,3,中和區,,,,無年齡維度,0.0,女,遷出,臺中市,25
111,3,3,中和區,,,,無年齡維度,0.0,男,遷出,臺中市,30
111,3,3,中和區,,,,無年齡維度,0.0,女,遷出,臺北市,182
111,3,3,中和區,,,,無年齡維度,0.0,男,遷出,臺北市,151
111,3,3,中和區,,,,無年齡維度,0.0,女,遷出,臺南市,9
111,3,3,中和區,,,,無年齡維度,0.0,男,遷出,臺南市,20
111,3,3,中和區,,,,無年齡維度,0.0,女,遷出,臺灣省,124
111,3,3,中和區,,,,無年齡維度,0.0,男,遷出,臺灣省,140
111,3,3,中和區,,,,無年齡維度,0.0,女,遷出,高雄市,11
111,3,3,中和區,,,,無年齡維度,0.0,男,遷出,高雄市,16
111,3,4,永和區,,,,無年齡維度,0.0,女,遷入,migrants,219
111,3,4,永和區,,,,無年齡維度,0.0,男,遷入,migrants,170
111,3,4,永和區,,,,無年齡維度,0.0,女,遷入,other,0
111,3,4,永和區,,,,無年齡維度,0.0,男,遷入,other,0
111,3,4,永和區,,,,無年齡維度,0.0,女,遷入,其他縣市,0
111,3,4,永和區,,,,無年齡維度,0.0,男,遷入,其他縣市,0
111,3,4,永和區,,,,無年齡維度,0.0,女,遷入,其他鄉鎮,287
111,3,4,永和區,,,,無年齡維度,0.0,男,遷入,其他鄉鎮,223
111,3,4,永和區,,,,無年齡維度,0.0,女,遷入,合計,591
111,3,4,永和區,,,,無年齡維度,0.0,男,遷入,合計,499
111,3,4,永和區,,,,無年齡維度,0.0,女,遷入,國外,41
111,3,4,永和區,,,,無年齡維度,0.0,男,遷入,國外,41
111,3,4,永和區,,,,無年齡維度,0.0,女,遷入,新北市內,0
111,3,4,永和區,,,,無年齡維度,0.0,男,遷入,新北市內,0
111,3,4,永和區,,,,無年齡維度,0.0,女,遷入,桃園市,21
111,3,4,永和區,,,,無年齡維度,0.0,男,遷入,桃園市,28
111,3,4,永和區,,,,無年齡維度,0.0,女,遷入,福建省,6
111,3,4,永和區,,,,無年齡維度,0.0,男,遷入,福建省,9
111,3,4,永和區,,,,無年齡維度,0.0,女,遷入,臺中市,14
111,3,4,永和區,,,,無年齡維度,0.0,男,遷入,臺中市,8
111,3,4,永和區,,,,無年齡維度,0.0,女,遷入,臺北市,167
111,3,4,永和區,,,,無年齡維度,0.0,男,遷入,臺北市,146
111,3,4,永和區,,,,無年齡維度,0.0,女,遷入,臺南市,3
111,3,4,永和區,,,,無年齡維度,0.0,男,遷入,臺南市,2
111,3,4,永和區,,,,無年齡維度,0.0,女,遷入,臺灣省,34
111,3,4,永和區,,,,無年齡維度,0.0,男,遷入,臺灣省,33
111,3,4,永和區,,,,無年齡維度,0.0,女,遷入,高雄市,11
111,3,4,永和區,,,,無年齡維度,0.0,男,遷入,高雄市,8
111,3,4,永和區,,,,無年齡維度,0.0,女,遷出,migrants,219
111,3,4,永和區,,,,無年齡維度,0.0,男,遷出,migrants,170
111,3,4,永和區,,,,無年齡維度,0.0,女,遷出,other,0
111,3,4,永和區,,,,無年齡維度,0.0,男,遷出,other,0
111,3,4,永和區,,,,無年齡維度,0.0,女,遷出,其他縣市,0
111,3,4,永和區,,,,無年齡維度,0.0,男,遷出,其他縣市,0
111,3,4,永和區,,,,無年齡維度,0.0,女,遷出,其他鄉鎮,277
111,3,4,永和區,,,,無年齡維度,0.0,男,遷出,其他鄉鎮,208
111,3,4,永和區,,,,無年齡維度,0.0,女,遷出,合計,1050
111,3,4,永和區,,,,無年齡維度,0.0,男,遷出,合計,925
111,3,4,永和區,,,,無年齡維度,0.0,女,遷出,國外,560
111,3,4,永和區,,,,無年齡維度,0.0,男,遷出,國外,515
111,3,4,永和區,,,,無年齡維度,0.0,女,遷出,新北市內,0
111,3,4,永和區,,,,無年齡維度,0.0,男,遷出,新北市內,0
111,3,4,永和區,,,,無年齡維度,0.0,女,遷出,桃園市,35
111,3,4,永和區,,,,無年齡維度,0.0,男,遷出,桃園市,27
111,3,4,永和區,,,,無年齡維度,0.0,女,遷出,福建省,3
111,3,4,永和區,,,,無年齡維度,0.0,男,遷出,福建省,6
111,3,4,永和區,,,,無年齡維度,0.0,女,遷出,臺中市,12
111,3,4,永和區,,,,無年齡維度,0.0,男,遷出,臺中市,13
111,3,4,永和區,,,,無年齡維度,0.0,女,遷出,臺北市,113
111,3,4,永和區,,,,無年齡維度,0.0,男,遷出,臺北市,91
111,3,4,永和區,,,,無年齡維度,0.0,女,遷出,臺南市,1
111,3,4,永和區,,,,無年齡維度,0.0,男,遷出,臺南市,6
111,3,4,永和區,,,,無年齡維度,0.0,女,遷出,臺灣省,39
111,3,4,永和區,,,,無年齡維度,0.0,男,遷出,臺灣省,51
111,3,4,永和區,,,,無年齡維度,0.0,女,遷出,高雄市,10
111,3,4,永和區,,,,無年齡維度,0.0,男,遷出,高雄市,8
111,3,5,新莊區,,,,無年齡維度,0.0,女,遷入,migrants,842
111,3,5,新莊區,,,,無年齡維度,0.0,男,遷入,migrants,653
111,3,5,新莊區,,,,無年齡維度,0.0,女,遷入,other,0
111,3,5,新莊區,,,,無年齡維度,0.0,男,遷入,other,0
111,3,5,新莊區,,,,無年齡維度,0.0,女,遷入,其他縣市,0
111,3,5,新莊區,,,,無年齡維度,0.0,男,遷入,其他縣市,0
111,3,5,新莊區,,,,無年齡維度,0.0,女,遷入,其他鄉鎮,370
111,3,5,新莊區,,,,無年齡維度,0.0,男,遷入,其他鄉鎮,287
111,3,5,新莊區,,,,無年齡維度,0.0,女,遷入,合計,869
111,3,5,新莊區,,,,無年齡維度,0.0,男,遷入,合計,724
111,3,5,新莊區,,,,無年齡維度,0.0,女,遷入,國外,45
111,3,5,新莊區,,,,無年齡維度,0.0,男,遷入,國外,49
111,3,5,新莊區,,,,無年齡維度,0.0,女,遷入,新北市內,0
111,3,5,新莊區,,,,無年齡維度,0.0,男,遷入,新北市內,0
111,3,5,新莊區,,,,無年齡維度,0.0,女,遷入,桃園市,93
111,3,5,新莊區,,,,無年齡維度,0.0,男,遷入,桃園市,77
111,3,5,新莊區,,,,無年齡維度,0.0,女,遷入,福建省,11
111,3,5,新莊區,,,,無年齡維度,0.0,男,遷入,福建省,4
111,3,5,新莊區,,,,無年齡維度,0.0,女,遷入,臺中市,28
111,3,5,新莊區,,,,無年齡維度,0.0,男,遷入,臺中市,18
111,3,5,新莊區,,,,無年齡維度,0.0,女,遷入,臺北市,190
111,3,5,新莊區,,,,無年齡維度,0.0,男,遷入,臺北市,172
111,3,5,新莊區,,,,無年齡維度,0.0,女,遷入,臺南市,10
111,3,5,新莊區,,,,無年齡維度,0.0,男,遷入,臺南市,6
111,3,5,新莊區,,,,無年齡維度,0.0,女,遷入,臺灣省,87
111,3,5,新莊區,,,,無年齡維度,0.0,男,遷入,臺灣省,85
111,3,5,新莊區,,,,無年齡維度,0.0,女,遷入,高雄市,21
111,3,5,新莊區,,,,無年齡維度,0.0,男,遷入,高雄市,18
111,3,5,新莊區,,,,無年齡維度,0.0,女,遷出,migrants,842
111,3,5,新莊區,,,,無年齡維度,0.0,男,遷出,migrants,653
111,3,5,新莊區,,,,無年齡維度,0.0,女,遷出,other,0
111,3,5,新莊區,,,,無年齡維度,0.0,男,遷出,other,0
111,3,5,新莊區,,,,無年齡維度,0.0,女,遷出,其他縣市,0
111,3,5,新莊區,,,,無年齡維度,0.0,男,遷出,其他縣市,0
111,3,5,新莊區,,,,無年齡維度,0.0,女,遷出,其他鄉鎮,367
111,3,5,新莊區,,,,無年齡維度,0.0,男,遷出,其他鄉鎮,323
111,3,5,新莊區,,,,無年齡維度,0.0,女,遷出,合計,1328
111,3,5,新莊區,,,,無年齡維度,0.0,男,遷出,合計,1327
111,3,5,新莊區,,,,無年齡維度,0.0,女,遷出,國外,495
111,3,5,新莊區,,,,無年齡維度,0.0,男,遷出,國外,598
111,3,5,新莊區,,,,無年齡維度,0.0,女,遷出,新北市內,0
111,3,5,新莊區,,,,無年齡維度,0.0,男,遷出,新北市內,0
111,3,5,新莊區,,,,無年齡維度,0.0,女,遷出,桃園市,165
111,3,5,新莊區,,,,無年齡維度,0.0,男,遷出,桃園市,129
111,3,5,新莊區,,,,無年齡維度,0.0,女,遷出,福建省,6
111,3,5,新莊區,,,,無年齡維度,0.0,男,遷出,福建省,11
111,3,5,新莊區,,,,無年齡維度,0.0,女,遷出,臺中市,34
111,3,5,新莊區,,,,無年齡維度,0.0,男,遷出,臺中市,21
111,3,5,新莊區,,,,無年齡維度,0.0,女,遷出,臺北市,107
111,3,5,新莊區,,,,無年齡維度,0.0,男,遷出,臺北市,99
111,3,5,新莊區,,,,無年齡維度,0.0,女,遷出,臺南市,13
111,3,5,新莊區,,,,無年齡維度,0.0,男,遷出,臺南市,10
111,3,5,新莊區,,,,無年齡維度,0.0,女,遷出,臺灣省,121
111,3,5,新莊區,,,,無年齡維度,0.0,男,遷出,臺灣省,119
111,3,5,新莊區,,,,無年齡維度,0.0,女,遷出,高雄市,17
111,3,5,新莊區,,,,無年齡維度,0.0,男,遷出,高雄市,16
111,3,6,新店區,,,,無年齡維度,0.0,女,遷入,migrants,468
111,3,6,新店區,,,,無年齡維度,0.0,男,遷入,migrants,434
111,3,6,新店區,,,,無年齡維度,0.0,女,遷入,other,0
111,3,6,新店區,,,,無年齡維度,0.0,男,遷入,other,0
111,3,6,新店區,,,,無年齡維度,0.0,女,遷入,其他縣市,0
111,3,6,新店區,,,,無年齡維度,0.0,男,遷入,其他縣市,0
111,3,6,新店區,,,,無年齡維度,0.0,女,遷入,其他鄉鎮,173
111,3,6,新店區,,,,無年齡維度,0.0,男,遷入,其他鄉鎮,157
111,3,6,新店區,,,,無年齡維度,0.0,女,遷入,合計,643
111,3,6,新店區,,,,無年齡維度,0.0,男,遷入,合計,600
111,3,6,新店區,,,,無年齡維度,0.0,女,遷入,國外,70
111,3,6,新店區,,,,無年齡維度,0.0,男,遷入,國外,65
111,3,6,新店區,,,,無年齡維度,0.0,女,遷入,新北市內,0
111,3,6,新店區,,,,無年齡維度,0.0,男,遷入,新北市內,0
111,3,6,新店區,,,,無年齡維度,0.0,女,遷入,桃園市,27
111,3,6,新店區,,,,無年齡維度,0.0,男,遷入,桃園市,39
111,3,6,新店區,,,,無年齡維度,0.0,女,遷入,福建省,6
111,3,6,新店區,,,,無年齡維度,0.0,男,遷入,福建省,8
111,3,6,新店區,,,,無年齡維度,0.0,女,遷入,臺中市,16
111,3,6,新店區,,,,無年齡維度,0.0,男,遷入,臺中市,12
111,3,6,新店區,,,,無年齡維度,0.0,女,遷入,臺北市,259
111,3,6,新店區,,,,無年齡維度,0.0,男,遷入,臺北市,233
111,3,6,新店區,,,,無年齡維度,0.0,女,遷入,臺南市,9
111,3,6,新店區,,,,無年齡維度,0.0,男,遷入,臺南市,9
111,3,6,新店區,,,,無年齡維度,0.0,女,遷入,臺灣省,64
111,3,6,新店區,,,,無年齡維度,0.0,男,遷入,臺灣省,57
111,3,6,新店區,,,,無年齡維度,0.0,女,遷入,高雄市,11
111,3,6,新店區,,,,無年齡維度,0.0,男,遷入,高雄市,10
111,3,6,新店區,,,,無年齡維度,0.0,女,遷出,migrants,468
111,3,6,新店區,,,,無年齡維度,0.0,男,遷出,migrants,434
111,3,6,新店區,,,,無年齡維度,0.0,女,遷出,other,0
111,3,6,新店區,,,,無年齡維度,0.0,男,遷出,other,0
111,3,6,新店區,,,,無年齡維度,0.0,女,遷出,其他縣市,0
111,3,6,新店區,,,,無年齡維度,0.0,男,遷出,其他縣市,0
111,3,6,新店區,,,,無年齡維度,0.0,女,遷出,其他鄉鎮,186
111,3,6,新店區,,,,無年齡維度,0.0,男,遷出,其他鄉鎮,172
111,3,6,新店區,,,,無年齡維度,0.0,女,遷出,合計,1209
111,3,6,新店區,,,,無年齡維度,0.0,男,遷出,合計,1064
111,3,6,新店區,,,,無年齡維度,0.0,女,遷出,國外,564
111,3,6,新店區,,,,無年齡維度,0.0,男,遷出,國外,518
111,3,6,新店區,,,,無年齡維度,0.0,女,遷出,新北市內,0
111,3,6,新店區,,,,無年齡維度,0.0,男,遷出,新北市內,0
111,3,6,新店區,,,,無年齡維度,0.0,女,遷出,桃園市,71
111,3,6,新店區,,,,無年齡維度,0.0,男,遷出,桃園市,64
111,3,6,新店區,,,,無年齡維度,0.0,女,遷出,福建省,3
111,3,6,新店區,,,,無年齡維度,0.0,男,遷出,福建省,4
111,3,6,新店區,,,,無年齡維度,0.0,女,遷出,臺中市,12
111,3,6,新店區,,,,無年齡維度,0.0,男,遷出,臺中市,16
111,3,6,新店區,,,,無年齡維度,0.0,女,遷出,臺北市,259
111,3,6,新店區,,,,無年齡維度,0.0,男,遷出,臺北市,187
111,3,6,新店區,,,,無年齡維度,0.0,女,遷出,臺南市,19
111,3,6,新店區,,,,無年齡維度,0.0,男,遷出,臺南市,13
111,3,6,新店區,,,,無年齡維度,0.0,女,遷出,臺灣省,86
111,3,6,新店區,,,,無年齡維度,0.0,男,遷出,臺灣省,81
111,3,6,新店區,,,,無年齡維度,0.0,女,遷出,高雄市,9
111,3,6,新店區,,,,無年齡維度,0.0,男,遷出,高雄市,9
111,3,7,土城區,,,,無年齡維度,0.0,女,遷入,migrants,267
111,3,7,土城區,,,,無年齡維度,0.0,男,遷入,migrants,233
111,3,7,土城區,,,,無年齡維度,0.0,女,遷入,other,0
111,3,7,土城區,,,,無年齡維度,0.0,男,遷入,other,0
111,3,7,土城區,,,,無年齡維度,0.0,女,遷入,其他縣市,0
111,3,7,土城區,,,,無年齡維度,0.0,男,遷入,其他縣市,0
111,3,7,土城區,,,,無年齡維度,0.0,女,遷入,其他鄉鎮,204
111,3,7,土城區,,,,無年齡維度,0.0,男,遷入,其他鄉鎮,183
111,3,7,土城區,,,,無年齡維度,0.0,女,遷入,合計,360
111,3,7,土城區,,,,無年齡維度,0.0,男,遷入,合計,338
111,3,7,土城區,,,,無年齡維度,0.0,女,遷入,國外,19
111,3,7,土城區,,,,無年齡維度,0.0,男,遷入,國外,20
111,3,7,土城區,,,,無年齡維度,0.0,女,遷入,新北市內,0
111,3,7,土城區,,,,無年齡維度,0.0,男,遷入,新北市內,0
111,3,7,土城區,,,,無年齡維度,0.0,女,遷入,桃園市,32
111,3,7,土城區,,,,無年齡維度,0.0,男,遷入,桃園市,26
111,3,7,土城區,,,,無年齡維度,0.0,女,遷入,福建省,2
111,3,7,土城區,,,,無年齡維度,0.0,男,遷入,福建省,2
111,3,7,土城區,,,,無年齡維度,0.0,女,遷入,臺中市,10
111,3,7,土城區,,,,無年齡維度,0.0,男,遷入,臺中市,7
111,3,7,土城區,,,,無年齡維度,0.0,女,遷入,臺北市,50
111,3,7,土城區,,,,無年齡維度,0.0,男,遷入,臺北市,41
111,3,7,土城區,,,,無年齡維度,0.0,女,遷入,臺南市,5
111,3,7,土城區,,,,無年齡維度,0.0,男,遷入,臺南市,5
111,3,7,土城區,,,,無年齡維度,0.0,女,遷入,臺灣省,29
111,3,7,土城區,,,,無年齡維度,0.0,男,遷入,臺灣省,42
111,3,7,土城區,,,,無年齡維度,0.0,女,遷入,高雄市,4
111,3,7,土城區,,,,無年齡維度,0.0,男,遷入,高雄市,7
111,3,7,土城區,,,,無年齡維度,0.0,女,遷出,migrants,267
111,3,7,土城區,,,,無年齡維度,0.0,男,遷出,migrants,233
111,3,7,土城區,,,,無年齡維度,0.0,女,遷出,other,0
111,3,7,土城區,,,,無年齡維度,0.0,男,遷出,other,0
111,3,7,土城區,,,,無年齡維度,0.0,女,遷出,其他縣市,0
111,3,7,土城區,,,,無年齡維度,0.0,男,遷出,其他縣市,0
111,3,7,土城區,,,,無年齡維度,0.0,女,遷出,其他鄉鎮,245
111,3,7,土城區,,,,無年齡維度,0.0,男,遷出,其他鄉鎮,229
111,3,7,土城區,,,,無年齡維度,0.0,女,遷出,合計,590
111,3,7,土城區,,,,無年齡維度,0.0,男,遷出,合計,560
111,3,7,土城區,,,,無年齡維度,0.0,女,遷出,國外,168
111,3,7,土城區,,,,無年齡維度,0.0,男,遷出,國外,187
111,3,7,土城區,,,,無年齡維度,0.0,女,遷出,新北市內,0
111,3,7,土城區,,,,無年齡維度,0.0,男,遷出,新北市內,0
111,3,7,土城區,,,,無年齡維度,0.0,女,遷出,桃園市,57
111,3,7,土城區,,,,無年齡維度,0.0,男,遷出,桃園市,54
111,3,7,土城區,,,,無年齡維度,0.0,女,遷出,福建省,5
111,3,7,土城區,,,,無年齡維度,0.0,男,遷出,福建省,0
111,3,7,土城區,,,,無年齡維度,0.0,女,遷出,臺中市,12
111,3,7,土城區,,,,無年齡維度,0.0,男,遷出,臺中市,10
111,3,7,土城區,,,,無年齡維度,0.0,女,遷出,臺北市,39
111,3,7,土城區,,,,無年齡維度,0.0,男,遷出,臺北市,16
111,3,7,土城區,,,,無年齡維度,0.0,女,遷出,臺南市,3
111,3,7,土城區,,,,無年齡維度,0.0,男,遷出,臺南市,5
111,3,7,土城區,,,,無年齡維度,0.0,女,遷出,臺灣省,51
111,3,7,土城區,,,,無年齡維度,0.0,男,遷出,臺灣省,56
111,3,7,土城區,,,,無年齡維度,0.0,女,遷出,高雄市,9
111,3,7,土城區,,,,無年齡維度,0.0,男,遷出,高雄市,3
111,3,8,蘆洲區,,,,無年齡維度,0.0,女,遷入,migrants,141
111,3,8,蘆洲區,,,,無年齡維度,0.0,男,遷入,migrants,110
111,3,8,蘆洲區,,,,無年齡維度,0.0,女,遷入,other,0
111,3,8,蘆洲區,,,,無年齡維度,0.0,男,遷入,other,0
111,3,8,蘆洲區,,,,無年齡維度,0.0,女,遷入,其他縣市,0
111,3,8,蘆洲區,,,,無年齡維度,0.0,男,遷入,其他縣市,0
111,3,8,蘆洲區,,,,無年齡維度,0.0,女,遷入,其他鄉鎮,74
111,3,8,蘆洲區,,,,無年齡維度,0.0,男,遷入,其他鄉鎮,83
111,3,8,蘆洲區,,,,無年齡維度,0.0,女,遷入,合計,230
111,3,8,蘆洲區,,,,無年齡維度,0.0,男,遷入,合計,205
111,3,8,蘆洲區,,,,無年齡維度,0.0,女,遷入,國外,6
111,3,8,蘆洲區,,,,無年齡維度,0.0,男,遷入,國外,5
111,3,8,蘆洲區,,,,無年齡維度,0.0,女,遷入,新北市內,0
111,3,8,蘆洲區,,,,無年齡維度,0.0,男,遷入,新北市內,0
111,3,8,蘆洲區,,,,無年齡維度,0.0,女,遷入,桃園市,79
111,3,8,蘆洲區,,,,無年齡維度,0.0,男,遷入,桃園市,72
111,3,8,蘆洲區,,,,無年齡維度,0.0,女,遷入,福建省,2
111,3,8,蘆洲區,,,,無年齡維度,0.0,男,遷入,福建省,3
111,3,8,蘆洲區,,,,無年齡維度,0.0,女,遷入,臺中市,8
111,3,8,蘆洲區,,,,無年齡維度,0.0,男,遷入,臺中市,4
111,3,8,蘆洲區,,,,無年齡維度,0.0,女,遷入,臺北市,22
111,3,8,蘆洲區,,,,無年齡維度,0.0,男,遷入,臺北市,18
111,3,8,蘆洲區,,,,無年齡維度,0.0,女,遷入,臺南市,5
111,3,8,蘆洲區,,,,無年齡維度,0.0,男,遷入,臺南市,1
111,3,8,蘆洲區,,,,無年齡維度,0.0,女,遷入,臺灣省,28
111,3,8,蘆洲區,,,,無年齡維度,0.0,男,遷入,臺灣省,10
111,3,8,蘆洲區,,,,無年齡維度,0.0,女,遷入,高雄市,4
111,3,8,蘆洲區,,,,無年齡維度,0.0,男,遷入,高雄市,7
111,3,8,蘆洲區,,,,無年齡維度,0.0,女,遷出,migrants,141
111,3,8,蘆洲區,,,,無年齡維度,0.0,男,遷出,migrants,110
111,3,8,蘆洲區,,,,無年齡維度,0.0,女,遷出,other,0
111,3,8,蘆洲區,,,,無年齡維度,0.0,男,遷出,other,0
111,3,8,蘆洲區,,,,無年齡維度,0.0,女,遷出,其他縣市,0
111,3,8,蘆洲區,,,,無年齡維度,0.0,男,遷出,其他縣市,0
111,3,8,蘆洲區,,,,無年齡維度,0.0,女,遷出,其他鄉鎮,42
111,3,8,蘆洲區,,,,無年齡維度,0.0,男,遷出,其他鄉鎮,35
111,3,8,蘆洲區,,,,無年齡維度,0.0,女,遷出,合計,261
111,3,8,蘆洲區,,,,無年齡維度,0.0,男,遷出,合計,194
111,3,8,蘆洲區,,,,無年齡維度,0.0,女,遷出,國外,66
111,3,8,蘆洲區,,,,無年齡維度,0.0,男,遷出,國外,41
111,3,8,蘆洲區,,,,無年齡維度,0.0,女,遷出,新北市內,0
111,3,8,蘆洲區,,,,無年齡維度,0.0,男,遷出,新北市內,0
111,3,8,蘆洲區,,,,無年齡維度,0.0,女,遷出,桃園市,86
111,3,8,蘆洲區,,,,無年齡維度,0.0,男,遷出,桃園市,77
111,3,8,蘆洲區,,,,無年齡維度,0.0,女,遷出,福建省,3
111,3,8,蘆洲區,,,,無年齡維度,0.0,男,遷出,福建省,2
111,3,8,蘆洲區,,,,無年齡維度,0.0,女,遷出,臺中市,11
111,3,8,蘆洲區,,,,無年齡維度,0.0,男,遷出,臺中市,7
111,3,8,蘆洲區,,,,無年齡維度,0.0,女,遷出,臺北市,10
111,3,8,蘆洲區,,,,無年齡維度,0.0,男,遷出,臺北市,7
111,3,8,蘆洲區,,,,無年齡維度,0.0,女,遷出,臺南市,2
111,3,8,蘆洲區,,,,無年齡維度,0.0,男,遷出,臺南市,3
111,3,8,蘆洲區,,,,無年齡維度,0.0,女,遷出,臺灣省,39
111,3,8,蘆洲區,,,,無年齡維度,0.0,男,遷出,臺灣省,19
111,3,8,蘆洲區,,,,無年齡維度,0.0,女,遷出,高雄市,1
111,3,8,蘆洲區,,,,無年齡維度,0.0,男,遷出,高雄市,2
111,3,9,樹林區,,,,無年齡維度,0.0,女,遷入,migrants,196
111,3,9,樹林區,,,,無年齡維度,0.0,男,遷入,migrants,167
111,3,9,樹林區,,,,無年齡維度,0.0,女,遷入,other,0
111,3,9,樹林區,,,,無年齡維度,0.0,男,遷入,other,0
111,3,9,樹林區,,,,無年齡維度,0.0,女,遷入,其他縣市,0
111,3,9,樹林區,,,,無年齡維度,0.0,男,遷入,其他縣市,0
111,3,9,樹林區,,,,無年齡維度,0.0,女,遷入,其他鄉鎮,136
111,3,9,樹林區,,,,無年齡維度,0.0,男,遷入,其他鄉鎮,99
111,3,9,樹林區,,,,無年齡維度,0.0,女,遷入,合計,273
111,3,9,樹林區,,,,無年齡維度,0.0,男,遷入,合計,221
111,3,9,樹林區,,,,無年齡維度,0.0,女,遷入,國外,16
111,3,9,樹林區,,,,無年齡維度,0.0,男,遷入,國外,16
111,3,9,樹林區,,,,無年齡維度,0.0,女,遷入,新北市內,0
111,3,9,樹林區,,,,無年齡維度,0.0,男,遷入,新北市內,0
111,3,9,樹林區,,,,無年齡維度,0.0,女,遷入,桃園市,42
111,3,9,樹林區,,,,無年齡維度,0.0,男,遷入,桃園市,22
111,3,9,樹林區,,,,無年齡維度,0.0,女,遷入,福建省,0
111,3,9,樹林區,,,,無年齡維度,0.0,男,遷入,福建省,1
111,3,9,樹林區,,,,無年齡維度,0.0,女,遷入,臺中市,1
111,3,9,樹林區,,,,無年齡維度,0.0,男,遷入,臺中市,7
111,3,9,樹林區,,,,無年齡維度,0.0,女,遷入,臺北市,36
111,3,9,樹林區,,,,無年齡維度,0.0,男,遷入,臺北市,33
111,3,9,樹林區,,,,無年齡維度,0.0,女,遷入,臺南市,3
111,3,9,樹林區,,,,無年齡維度,0.0,男,遷入,臺南市,5
111,3,9,樹林區,,,,無年齡維度,0.0,女,遷入,臺灣省,31
111,3,9,樹林區,,,,無年齡維度,0.0,男,遷入,臺灣省,32
111,3,9,樹林區,,,,無年齡維度,0.0,女,遷入,高雄市,4
111,3,9,樹林區,,,,無年齡維度,0.0,男,遷入,高雄市,3
111,3,9,樹林區,,,,無年齡維度,0.0,女,遷出,migrants,196
111,3,9,樹林區,,,,無年齡維度,0.0,男,遷出,migrants,167
111,3,9,樹林區,,,,無年齡維度,0.0,女,遷出,other,0
111,3,9,樹林區,,,,無年齡維度,0.0,男,遷出,other,0
111,3,9,樹林區,,,,無年齡維度,0.0,女,遷出,其他縣市,0
111,3,9,樹林區,,,,無年齡維度,0.0,男,遷出,其他縣市,0
111,3,9,樹林區,,,,無年齡維度,0.0,女,遷出,其他鄉鎮,115
111,3,9,樹林區,,,,無年齡維度,0.0,男,遷出,其他鄉鎮,100
111,3,9,樹林區,,,,無年齡維度,0.0,女,遷出,合計,343
111,3,9,樹林區,,,,無年齡維度,0.0,男,遷出,合計,348
111,3,9,樹林區,,,,無年齡維度,0.0,女,遷出,國外,113
111,3,9,樹林區,,,,無年齡維度,0.0,男,遷出,國外,134
111,3,9,樹林區,,,,無年齡維度,0.0,女,遷出,新北市內,0
111,3,9,樹林區,,,,無年齡維度,0.0,男,遷出,新北市內,0
111,3,9,樹林區,,,,無年齡維度,0.0,女,遷出,桃園市,41
111,3,9,樹林區,,,,無年齡維度,0.0,男,遷出,桃園市,41
111,3,9,樹林區,,,,無年齡維度,0.0,女,遷出,福建省,0
111,3,9,樹林區,,,,無年齡維度,0.0,男,遷出,福建省,2
111,3,9,樹林區,,,,無年齡維度,0.0,女,遷出,臺中市,7
111,3,9,樹林區,,,,無年齡維度,0.0,男,遷出,臺中市,9
111,3,9,樹林區,,,,無年齡維度,0.0,女,遷出,臺北市,26
111,3,9,樹林區,,,,無年齡維度,0.0,男,遷出,臺北市,26
111,3,9,樹林區,,,,無年齡維度,0.0,女,遷出,臺南市,3
111,3,9,樹林區,,,,無年齡維度,0.0,男,遷出,臺南市,2
111,3,9,樹林區,,,,無年齡維度,0.0,女,遷出,臺灣省,32
111,3,9,樹林區,,,,無年齡維度,0.0,男,遷出,臺灣省,29
111,3,9,樹林區,,,,無年齡維度,0.0,女,遷出,高雄市,6
111,3,9,樹林區,,,,無年齡維度,0.0,男,遷出,高雄市,5
111,3,10,鶯歌區,,,,無年齡維度,0.0,女,遷入,migrants,387
111,3,10,鶯歌區,,,,無年齡維度,0.0,男,遷入,migrants,380
111,3,10,鶯歌區,,,,無年齡維度,0.0,女,遷入,other,0
111,3,10,鶯歌區,,,,無年齡維度,0.0,男,遷入,other,0
111,3,10,鶯歌區,,,,無年齡維度,0.0,女,遷入,其他縣市,0
111,3,10,鶯歌區,,,,無年齡維度,0.0,男,遷入,其他縣市,0
111,3,10,鶯歌區,,,,無年齡維度,0.0,女,遷入,其他鄉鎮,165
111,3,10,鶯歌區,,,,無年齡維度,0.0,男,遷入,其他鄉鎮,146
111,3,10,鶯歌區,,,,無年齡維度,0.0,女,遷入,合計,584
111,3,10,鶯歌區,,,,無年齡維度,0.0,男,遷入,合計,513
111,3,10,鶯歌區,,,,無年齡維度,0.0,女,遷入,國外,32
111,3,10,鶯歌區,,,,無年齡維度,0.0,男,遷入,國外,33
111,3,10,鶯歌區,,,,無年齡維度,0.0,女,遷入,新北市內,0
111,3,10,鶯歌區,,,,無年齡維度,0.0,男,遷入,新北市內,0
111,3,10,鶯歌區,,,,無年齡維度,0.0,女,遷入,桃園市,33
111,3,10,鶯歌區,,,,無年齡維度,0.0,男,遷入,桃園市,32
111,3,10,鶯歌區,,,,無年齡維度,0.0,女,遷入,福建省,3
111,3,10,鶯歌區,,,,無年齡維度,0.0,男,遷入,福建省,3
111,3,10,鶯歌區,,,,無年齡維度,0.0,女,遷入,臺中市,10
111,3,10,鶯歌區,,,,無年齡維度,0.0,男,遷入,臺中市,17
111,3,10,鶯歌區,,,,無年齡維度,0.0,女,遷入,臺北市,256
111,3,10,鶯歌區,,,,無年齡維度,0.0,男,遷入,臺北市,215
111,3,10,鶯歌區,,,,無年齡維度,0.0,女,遷入,臺南市,5
111,3,10,鶯歌區,,,,無年齡維度,0.0,男,遷入,臺南市,3
111,3,10,鶯歌區,,,,無年齡維度,0.0,女,遷入,臺灣省,57
111,3,10,鶯歌區,,,,無年齡維度,0.0,男,遷入,臺灣省,44
111,3,10,鶯歌區,,,,無年齡維度,0.0,女,遷入,高雄市,13
111,3,10,鶯歌區,,,,無年齡維度,0.0,男,遷入,高雄市,12
111,3,10,鶯歌區,,,,無年齡維度,0.0,女,遷出,migrants,387
111,3,10,鶯歌區,,,,無年齡維度,0.0,男,遷出,migrants,380
111,3,10,鶯歌區,,,,無年齡維度,0.0,女,遷出,other,0
111,3,10,鶯歌區,,,,無年齡維度,0.0,男,遷出,other,0
111,3,10,鶯歌區,,,,無年齡維度,0.0,女,遷出,其他縣市,0
111,3,10,鶯歌區,,,,無年齡維度,0.0,男,遷出,其他縣市,0
111,3,10,鶯歌區,,,,無年齡維度,0.0,女,遷出,其他鄉鎮,110
111,3,10,鶯歌區,,,,無年齡維度,0.0,男,遷出,其他鄉鎮,71
111,3,10,鶯歌區,,,,無年齡維度,0.0,女,遷出,合計,708
111,3,10,鶯歌區,,,,無年齡維度,0.0,男,遷出,合計,601
111,3,10,鶯歌區,,,,無年齡維度,0.0,女,遷出,國外,349
111,3,10,鶯歌區,,,,無年齡維度,0.0,男,遷出,國外,293
111,3,10,鶯歌區,,,,無年齡維度,0.0,女,遷出,新北市內,0
111,3,10,鶯歌區,,,,無年齡維度,0.0,男,遷出,新北市內,0
111,3,10,鶯歌區,,,,無年齡維度,0.0,女,遷出,桃園市,29
111,3,10,鶯歌區,,,,無年齡維度,0.0,男,遷出,桃園市,30
111,3,10,鶯歌區,,,,無年齡維度,0.0,女,遷出,福建省,2
111,3,10,鶯歌區,,,,無年齡維度,0.0,男,遷出,福建省,1
111,3,10,鶯歌區,,,,無年齡維度,0.0,女,遷出,臺中市,11
111,3,10,鶯歌區,,,,無年齡維度,0.0,男,遷出,臺中市,13
111,3,10,鶯歌區,,,,無年齡維度,0.0,女,遷出,臺北市,143
111,3,10,鶯歌區,,,,無年齡維度,0.0,男,遷出,臺北市,126
111,3,10,鶯歌區,,,,無年齡維度,0.0,女,遷出,臺南市,7
111,3,10,鶯歌區,,,,無年齡維度,0.0,男,遷出,臺南市,12
111,3,10,鶯歌區,,,,無年齡維度,0.0,女,遷出,臺灣省,45
111,3,10,鶯歌區,,,,無年齡維度,0.0,男,遷出,臺灣省,45
111,3,10,鶯歌區,,,,無年齡維度,0.0,女,遷出,高雄市,12
111,3,10,鶯歌區,,,,無年齡維度,0.0,男,遷出,高雄市,9
111,3,11,三峽區,,,,無年齡維度,0.0,女,遷入,migrants,358
111,3,11,三峽區,,,,無年齡維度,0.0,男,遷入,migrants,299
111,3,11,三峽區,,,,無年齡維度,0.0,女,遷入,other,0
111,3,11,三峽區,,,,無年齡維度,0.0,男,遷入,other,0
111,3,11,三峽區,,,,無年齡維度,0.0,女,遷入,其他縣市,0
111,3,11,三峽區,,,,無年齡維度,0.0,男,遷入,其他縣市,0
111,3,11,三峽區,,,,無年齡維度,0.0,女,遷入,其他鄉鎮,90
111,3,11,三峽區,,,,無年齡維度,0.0,男,遷入,其他鄉鎮,54
111,3,11,三峽區,,,,無年齡維度,0.0,女,遷入,合計,561
111,3,11,三峽區,,,,無年齡維度,0.0,男,遷入,合計,433
111,3,11,三峽區,,,,無年齡維度,0.0,女,遷入,國外,23
111,3,11,三峽區,,,,無年齡維度,0.0,男,遷入,國外,16
111,3,11,三峽區,,,,無年齡維度,0.0,女,遷入,新北市內,0
111,3,11,三峽區,,,,無年齡維度,0.0,男,遷入,新北市內,0
111,3,11,三峽區,,,,無年齡維度,0.0,女,遷入,桃園市,28
111,3,11,三峽區,,,,無年齡維度,0.0,男,遷入,桃園市,21
111,3,11,三峽區,,,,無年齡維度,0.0,女,遷入,福建省,2
111,3,11,三峽區,,,,無年齡維度,0.0,男,遷入,福建省,1
111,3,11,三峽區,,,,無年齡維度,0.0,女,遷入,臺中市,22
111,3,11,三峽區,,,,無年齡維度,0.0,男,遷入,臺中市,6
111,3,11,三峽區,,,,無年齡維度,0.0,女,遷入,臺北市,294
111,3,11,三峽區,,,,無年齡維度,0.0,男,遷入,臺北市,249
111,3,11,三峽區,,,,無年齡維度,0.0,女,遷入,臺南市,5
111,3,11,三峽區,,,,無年齡維度,0.0,男,遷入,臺南市,8
111,3,11,三峽區,,,,無年齡維度,0.0,女,遷入,臺灣省,86
111,3,11,三峽區,,,,無年齡維度,0.0,男,遷入,臺灣省,67
111,3,11,三峽區,,,,無年齡維度,0.0,女,遷入,高雄市,6
111,3,11,三峽區,,,,無年齡維度,0.0,男,遷入,高雄市,11
111,3,11,三峽區,,,,無年齡維度,0.0,女,遷出,migrants,358
111,3,11,三峽區,,,,無年齡維度,0.0,男,遷出,migrants,299
111,3,11,三峽區,,,,無年齡維度,0.0,女,遷出,other,0
111,3,11,三峽區,,,,無年齡維度,0.0,男,遷出,other,0
111,3,11,三峽區,,,,無年齡維度,0.0,女,遷出,其他縣市,0
111,3,11,三峽區,,,,無年齡維度,0.0,男,遷出,其他縣市,0
111,3,11,三峽區,,,,無年齡維度,0.0,女,遷出,其他鄉鎮,92
111,3,11,三峽區,,,,無年齡維度,0.0,男,遷出,其他鄉鎮,73
111,3,11,三峽區,,,,無年齡維度,0.0,女,遷出,合計,623
111,3,11,三峽區,,,,無年齡維度,0.0,男,遷出,合計,549
111,3,11,三峽區,,,,無年齡維度,0.0,女,遷出,國外,193
111,3,11,三峽區,,,,無年齡維度,0.0,男,遷出,國外,178
111,3,11,三峽區,,,,無年齡維度,0.0,女,遷出,新北市內,0
111,3,11,三峽區,,,,無年齡維度,0.0,男,遷出,新北市內,0
111,3,11,三峽區,,,,無年齡維度,0.0,女,遷出,桃園市,48
111,3,11,三峽區,,,,無年齡維度,0.0,男,遷出,桃園市,30
111,3,11,三峽區,,,,無年齡維度,0.0,女,遷出,福建省,0
111,3,11,三峽區,,,,無年齡維度,0.0,男,遷出,福建省,3
111,3,11,三峽區,,,,無年齡維度,0.0,女,遷出,臺中市,10
111,3,11,三峽區,,,,無年齡維度,0.0,男,遷出,臺中市,11
111,3,11,三峽區,,,,無年齡維度,0.0,女,遷出,臺北市,150
111,3,11,三峽區,,,,無年齡維度,0.0,男,遷出,臺北市,156
111,3,11,三峽區,,,,無年齡維度,0.0,女,遷出,臺南市,12
111,3,11,三峽區,,,,無年齡維度,0.0,男,遷出,臺南市,9
111,3,11,三峽區,,,,無年齡維度,0.0,女,遷出,臺灣省,105
111,3,11,三峽區,,,,無年齡維度,0.0,男,遷出,臺灣省,82
111,3,11,三峽區,,,,無年齡維度,0.0,女,遷出,高雄市,13
111,3,11,三峽區,,,,無年齡維度,0.0,男,遷出,高雄市,7
111,3,12,淡水區,,,,無年齡維度,0.0,女,遷入,migrants,55
111,3,12,淡水區,,,,無年齡維度,0.0,男,遷入,migrants,48
111,3,12,淡水區,,,,無年齡維度,0.0,女,遷入,other,0
111,3,12,淡水區,,,,無年齡維度,0.0,男,遷入,other,0
111,3,12,淡水區,,,,無年齡維度,0.0,女,遷入,其他縣市,0
111,3,12,淡水區,,,,無年齡維度,0.0,男,遷入,其他縣市,0
111,3,12,淡水區,,,,無年齡維度,0.0,女,遷入,其他鄉鎮,20
111,3,12,淡水區,,,,無年齡維度,0.0,男,遷入,其他鄉鎮,25
111,3,12,淡水區,,,,無年齡維度,0.0,女,遷入,合計,57
111,3,12,淡水區,,,,無年齡維度,0.0,男,遷入,合計,67
111,3,12,淡水區,,,,無年齡維度,0.0,女,遷入,國外,3
111,3,12,淡水區,,,,無年齡維度,0.0,男,遷入,國外,0
111,3,12,淡水區,,,,無年齡維度,0.0,女,遷入,新北市內,0
111,3,12,淡水區,,,,無年齡維度,0.0,男,遷入,新北市內,0
111,3,12,淡水區,,,,無年齡維度,0.0,女,遷入,桃園市,4
111,3,12,淡水區,,,,無年齡維度,0.0,男,遷入,桃園市,5
111,3,12,淡水區,,,,無年齡維度,0.0,女,遷入,福建省,0
111,3,12,淡水區,,,,無年齡維度,0.0,男,遷入,福建省,0
111,3,12,淡水區,,,,無年齡維度,0.0,女,遷入,臺中市,0
111,3,12,淡水區,,,,無年齡維度,0.0,男,遷入,臺中市,2
111,3,12,淡水區,,,,無年齡維度,0.0,女,遷入,臺北市,8
111,3,12,淡水區,,,,無年齡維度,0.0,男,遷入,臺北市,9
111,3,12,淡水區,,,,無年齡維度,0.0,女,遷入,臺南市,0
111,3,12,淡水區,,,,無年齡維度,0.0,男,遷入,臺南市,1
111,3,12,淡水區,,,,無年齡維度,0.0,女,遷入,臺灣省,21
111,3,12,淡水區,,,,無年齡維度,0.0,男,遷入,臺灣省,24
111,3,12,淡水區,,,,無年齡維度,0.0,女,遷入,高雄市,1
111,3,12,淡水區,,,,無年齡維度,0.0,男,遷入,高雄市,1
111,3,12,淡水區,,,,無年齡維度,0.0,女,遷出,migrants,55
111,3,12,淡水區,,,,無年齡維度,0.0,男,遷出,migrants,48
111,3,12,淡水區,,,,無年齡維度,0.0,女,遷出,other,0
111,3,12,淡水區,,,,無年齡維度,0.0,男,遷出,other,0
111,3,12,淡水區,,,,無年齡維度,0.0,女,遷出,其他縣市,0
111,3,12,淡水區,,,,無年齡維度,0.0,男,遷出,其他縣市,0
111,3,12,淡水區,,,,無年齡維度,0.0,女,遷出,其他鄉鎮,21
111,3,12,淡水區,,,,無年齡維度,0.0,男,遷出,其他鄉鎮,15
111,3,12,淡水區,,,,無年齡維度,0.0,女,遷出,合計,92
111,3,12,淡水區,,,,無年齡維度,0.0,男,遷出,合計,77
111,3,12,淡水區,,,,無年齡維度,0.0,女,遷出,國外,8
111,3,12,淡水區,,,,無年齡維度,0.0,男,遷出,國外,9
111,3,12,淡水區,,,,無年齡維度,0.0,女,遷出,新北市內,0
111,3,12,淡水區,,,,無年齡維度,0.0,男,遷出,新北市內,0
111,3,12,淡水區,,,,無年齡維度,0.0,女,遷出,桃園市,8
111,3,12,淡水區,,,,無年齡維度,0.0,男,遷出,桃園市,11
111,3,12,淡水區,,,,無年齡維度,0.0,女,遷出,福建省,0
111,3,12,淡水區,,,,無年齡維度,0.0,男,遷出,福建省,0
111,3,12,淡水區,,,,無年齡維度,0.0,女,遷出,臺中市,4
111,3,12,淡水區,,,,無年齡維度,0.0,男,遷出,臺中市,4
111,3,12,淡水區,,,,無年齡維度,0.0,女,遷出,臺北市,8
111,3,12,淡水區,,,,無年齡維度,0.0,男,遷出,臺北市,5
111,3,12,淡水區,,,,無年齡維度,0.0,女,遷出,臺南市,2
111,3,12,淡水區,,,,無年齡維度,0.0,男,遷出,臺南市,0
111,3,12,淡水區,,,,無年齡維度,0.0,女,遷出,臺灣省,37
111,3,12,淡水區,,,,無年齡維度,0.0,男,遷出,臺灣省,30
111,3,12,淡水區,,,,無年齡維度,0.0,女,遷出,高雄市,4
111,3,12,淡水區,,,,無年齡維度,0.0,男,遷出,高雄市,3
111,3,13,汐止區,,,,無年齡維度,0.0,女,遷入,migrants,330
111,3,13,汐止區,,,,無年齡維度,0.0,男,遷入,migrants,362
111,3,13,汐止區,,,,無年齡維度,0.0,女,遷入,other,0
111,3,13,汐止區,,,,無年齡維度,0.0,男,遷入,other,0
111,3,13,汐止區,,,,無年齡維度,0.0,女,遷入,其他縣市,0
111,3,13,汐止區,,,,無年齡維度,0.0,男,遷入,其他縣市,0
111,3,13,汐止區,,,,無年齡維度,0.0,女,遷入,其他鄉鎮,305
111,3,13,汐止區,,,,無年齡維度,0.0,男,遷入,其他鄉鎮,257
111,3,13,汐止區,,,,無年齡維度,0.0,女,遷入,合計,568
111,3,13,汐止區,,,,無年齡維度,0.0,男,遷入,合計,473
111,3,13,汐止區,,,,無年齡維度,0.0,女,遷入,國外,28
111,3,13,汐止區,,,,無年齡維度,0.0,男,遷入,國外,18
111,3,13,汐止區,,,,無年齡維度,0.0,女,遷入,新北市內,0
111,3,13,汐止區,,,,無年齡維度,0.0,男,遷入,新北市內,0
111,3,13,汐止區,,,,無年齡維度,0.0,女,遷入,桃園市,35
111,3,13,汐止區,,,,無年齡維度,0.0,男,遷入,桃園市,37
111,3,13,汐止區,,,,無年齡維度,0.0,女,遷入,福建省,3
111,3,13,汐止區,,,,無年齡維度,0.0,男,遷入,福建省,6
111,3,13,汐止區,,,,無年齡維度,0.0,女,遷入,臺中市,21
111,3,13,汐止區,,,,無年齡維度,0.0,男,遷入,臺中市,11
111,3,13,汐止區,,,,無年齡維度,0.0,女,遷入,臺北市,85
111,3,13,汐止區,,,,無年齡維度,0.0,男,遷入,臺北市,83
111,3,13,汐止區,,,,無年齡維度,0.0,女,遷入,臺南市,6
111,3,13,汐止區,,,,無年齡維度,0.0,男,遷入,臺南市,5
111,3,13,汐止區,,,,無年齡維度,0.0,女,遷入,臺灣省,62
111,3,13,汐止區,,,,無年齡維度,0.0,男,遷入,臺灣省,46
111,3,13,汐止區,,,,無年齡維度,0.0,女,遷入,高雄市,15
111,3,13,汐止區,,,,無年齡維度,0.0,男,遷入,高雄市,8
111,3,13,汐止區,,,,無年齡維度,0.0,女,遷出,migrants,330
111,3,13,汐止區,,,,無年齡維度,0.0,男,遷出,migrants,362
111,3,13,汐止區,,,,無年齡維度,0.0,女,遷出,other,0
111,3,13,汐止區,,,,無年齡維度,0.0,男,遷出,other,0
111,3,13,汐止區,,,,無年齡維度,0.0,女,遷出,其他縣市,0
111,3,13,汐止區,,,,無年齡維度,0.0,男,遷出,其他縣市,0
111,3,13,汐止區,,,,無年齡維度,0.0,女,遷出,其他鄉鎮,246
111,3,13,汐止區,,,,無年齡維度,0.0,男,遷出,其他鄉鎮,197
111,3,13,汐止區,,,,無年齡維度,0.0,女,遷出,合計,730
111,3,13,汐止區,,,,無年齡維度,0.0,男,遷出,合計,732
111,3,13,汐止區,,,,無年齡維度,0.0,女,遷出,國外,243
111,3,13,汐止區,,,,無年齡維度,0.0,男,遷出,國外,309
111,3,13,汐止區,,,,無年齡維度,0.0,女,遷出,新北市內,0
111,3,13,汐止區,,,,無年齡維度,0.0,男,遷出,新北市內,0
111,3,13,汐止區,,,,無年齡維度,0.0,女,遷出,桃園市,64
111,3,13,汐止區,,,,無年齡維度,0.0,男,遷出,桃園市,56
111,3,13,汐止區,,,,無年齡維度,0.0,女,遷出,福建省,4
111,3,13,汐止區,,,,無年齡維度,0.0,男,遷出,福建省,8
111,3,13,汐止區,,,,無年齡維度,0.0,女,遷出,臺中市,15
111,3,13,汐止區,,,,無年齡維度,0.0,男,遷出,臺中市,13
111,3,13,汐止區,,,,無年齡維度,0.0,女,遷出,臺北市,52
111,3,13,汐止區,,,,無年齡維度,0.0,男,遷出,臺北市,39
111,3,13,汐止區,,,,無年齡維度,0.0,女,遷出,臺南市,14
111,3,13,汐止區,,,,無年齡維度,0.0,男,遷出,臺南市,14
111,3,13,汐止區,,,,無年齡維度,0.0,女,遷出,臺灣省,74
111,3,13,汐止區,,,,無年齡維度,0.0,男,遷出,臺灣省,77
111,3,13,汐止區,,,,無年齡維度,0.0,女,遷出,高雄市,18
111,3,13,汐止區,,,,無年齡維度,0.0,男,遷出,高雄市,18
111,3,14,瑞芳區,,,,無年齡維度,0.0,女,遷入,migrants,307
111,3,14,瑞芳區,,,,無年齡維度,0.0,男,遷入,migrants,276
111,3,14,瑞芳區,,,,無年齡維度,0.0,女,遷入,other,0
111,3,14,瑞芳區,,,,無年齡維度,0.0,男,遷入,other,0
111,3,14,瑞芳區,,,,無年齡維度,0.0,女,遷入,其他縣市,0
111,3,14,瑞芳區,,,,無年齡維度,0.0,男,遷入,其他縣市,0
111,3,14,瑞芳區,,,,無年齡維度,0.0,女,遷入,其他鄉鎮,198
111,3,14,瑞芳區,,,,無年齡維度,0.0,男,遷入,其他鄉鎮,153
111,3,14,瑞芳區,,,,無年齡維度,0.0,女,遷入,合計,414
111,3,14,瑞芳區,,,,無年齡維度,0.0,男,遷入,合計,346
111,3,14,瑞芳區,,,,無年齡維度,0.0,女,遷入,國外,11
111,3,14,瑞芳區,,,,無年齡維度,0.0,男,遷入,國外,9
111,3,14,瑞芳區,,,,無年齡維度,0.0,女,遷入,新北市內,0
111,3,14,瑞芳區,,,,無年齡維度,0.0,男,遷入,新北市內,0
111,3,14,瑞芳區,,,,無年齡維度,0.0,女,遷入,桃園市,19
111,3,14,瑞芳區,,,,無年齡維度,0.0,男,遷入,桃園市,15
111,3,14,瑞芳區,,,,無年齡維度,0.0,女,遷入,福建省,2
111,3,14,瑞芳區,,,,無年齡維度,0.0,男,遷入,福建省,1
111,3,14,瑞芳區,,,,無年齡維度,0.0,女,遷入,臺中市,4
111,3,14,瑞芳區,,,,無年齡維度,0.0,男,遷入,臺中市,0
111,3,14,瑞芳區,,,,無年齡維度,0.0,女,遷入,臺北市,125
111,3,14,瑞芳區,,,,無年齡維度,0.0,男,遷入,臺北市,128
111,3,14,瑞芳區,,,,無年齡維度,0.0,女,遷入,臺南市,4
111,3,14,瑞芳區,,,,無年齡維度,0.0,男,遷入,臺南市,1
111,3,14,瑞芳區,,,,無年齡維度,0.0,女,遷入,臺灣省,37
111,3,14,瑞芳區,,,,無年齡維度,0.0,男,遷入,臺灣省,36
111,3,14,瑞芳區,,,,無年齡維度,0.0,女,遷入,高雄市,9
111,3,14,瑞芳區,,,,無年齡維度,0.0,男,遷入,高雄市,3
111,3,14,瑞芳區,,,,無年齡維度,0.0,女,遷出,migrants,307
111,3,14,瑞芳區,,,,無年齡維度,0.0,男,遷出,migrants,276
111,3,14,瑞芳區,,,,無年齡維度,0.0,女,遷出,other,0
111,3,14,瑞芳區,,,,無年齡維度,0.0,男,遷出,other,0
111,3,14,瑞芳區,,,,無年齡維度,0.0,女,遷出,其他縣市,0
111,3,14,瑞芳區,,,,無年齡維度,0.0,男,遷出,其他縣市,0
111,3,14,瑞芳區,,,,無年齡維度,0.0,女,遷出,其他鄉鎮,243
111,3,14,瑞芳區,,,,無年齡維度,0.0,男,遷出,其他鄉鎮,193
111,3,14,瑞芳區,,,,無年齡維度,0.0,女,遷出,合計,645
111,3,14,瑞芳區,,,,無年齡維度,0.0,男,遷出,合計,534
111,3,14,瑞芳區,,,,無年齡維度,0.0,女,遷出,國外,194
111,3,14,瑞芳區,,,,無年齡維度,0.0,男,遷出,國外,139
111,3,14,瑞芳區,,,,無年齡維度,0.0,女,遷出,新北市內,0
111,3,14,瑞芳區,,,,無年齡維度,0.0,男,遷出,新北市內,0
111,3,14,瑞芳區,,,,無年齡維度,0.0,女,遷出,桃園市,50
111,3,14,瑞芳區,,,,無年齡維度,0.0,男,遷出,桃園市,42
111,3,14,瑞芳區,,,,無年齡維度,0.0,女,遷出,福建省,7
111,3,14,瑞芳區,,,,無年齡維度,0.0,男,遷出,福建省,4
111,3,14,瑞芳區,,,,無年齡維度,0.0,女,遷出,臺中市,9
111,3,14,瑞芳區,,,,無年齡維度,0.0,男,遷出,臺中市,7
111,3,14,瑞芳區,,,,無年齡維度,0.0,女,遷出,臺北市,82
111,3,14,瑞芳區,,,,無年齡維度,0.0,男,遷出,臺北市,82
111,3,14,瑞芳區,,,,無年齡維度,0.0,女,遷出,臺南市,6
111,3,14,瑞芳區,,,,無年齡維度,0.0,男,遷出,臺南市,6
111,3,14,瑞芳區,,,,無年齡維度,0.0,女,遷出,臺灣省,50
111,3,14,瑞芳區,,,,無年齡維度,0.0,男,遷出,臺灣省,50
111,3,14,瑞芳區,,,,無年齡維度,0.0,女,遷出,高雄市,4
111,3,14,瑞芳區,,,,無年齡維度,0.0,男,遷出,高雄市,11
111,3,15,五股區,,,,無年齡維度,0.0,女,遷入,migrants,122
111,3,15,五股區,,,,無年齡維度,0.0,男,遷入,migrants,110
111,3,15,五股區,,,,無年齡維度,0.0,女,遷入,other,0
111,3,15,五股區,,,,無年齡維度,0.0,男,遷入,other,0
111,3,15,五股區,,,,無年齡維度,0.0,女,遷入,其他縣市,0
111,3,15,五股區,,,,無年齡維度,0.0,男,遷入,其他縣市,0
111,3,15,五股區,,,,無年齡維度,0.0,女,遷入,其他鄉鎮,169
111,3,15,五股區,,,,無年齡維度,0.0,男,遷入,其他鄉鎮,161
111,3,15,五股區,,,,無年齡維度,0.0,女,遷入,合計,302
111,3,15,五股區,,,,無年齡維度,0.0,男,遷入,合計,266
111,3,15,五股區,,,,無年齡維度,0.0,女,遷入,國外,9
111,3,15,五股區,,,,無年齡維度,0.0,男,遷入,國外,2
111,3,15,五股區,,,,無年齡維度,0.0,女,遷入,新北市內,0
111,3,15,五股區,,,,無年齡維度,0.0,男,遷入,新北市內,0
111,3,15,五股區,,,,無年齡維度,0.0,女,遷入,桃園市,30
111,3,15,五股區,,,,無年齡維度,0.0,男,遷入,桃園市,23
111,3,15,五股區,,,,無年齡維度,0.0,女,遷入,福建省,0
111,3,15,五股區,,,,無年齡維度,0.0,男,遷入,福建省,1
111,3,15,五股區,,,,無年齡維度,0.0,女,遷入,臺中市,5
111,3,15,五股區,,,,無年齡維度,0.0,男,遷入,臺中市,5
111,3,15,五股區,,,,無年齡維度,0.0,女,遷入,臺北市,53
111,3,15,五股區,,,,無年齡維度,0.0,男,遷入,臺北市,42
111,3,15,五股區,,,,無年齡維度,0.0,女,遷入,臺南市,2
111,3,15,五股區,,,,無年齡維度,0.0,男,遷入,臺南市,2
111,3,15,五股區,,,,無年齡維度,0.0,女,遷入,臺灣省,28
111,3,15,五股區,,,,無年齡維度,0.0,男,遷入,臺灣省,22
111,3,15,五股區,,,,無年齡維度,0.0,女,遷入,高雄市,5
111,3,15,五股區,,,,無年齡維度,0.0,男,遷入,高雄市,6
111,3,15,五股區,,,,無年齡維度,0.0,女,遷出,migrants,122
111,3,15,五股區,,,,無年齡維度,0.0,男,遷出,migrants,110
111,3,15,五股區,,,,無年齡維度,0.0,女,遷出,other,0
111,3,15,五股區,,,,無年齡維度,0.0,男,遷出,other,0
111,3,15,五股區,,,,無年齡維度,0.0,女,遷出,其他縣市,0
111,3,15,五股區,,,,無年齡維度,0.0,男,遷出,其他縣市,0
111,3,15,五股區,,,,無年齡維度,0.0,女,遷出,其他鄉鎮,129
111,3,15,五股區,,,,無年齡維度,0.0,男,遷出,其他鄉鎮,133
111,3,15,五股區,,,,無年齡維度,0.0,女,遷出,合計,277
111,3,15,五股區,,,,無年齡維度,0.0,男,遷出,合計,319
111,3,15,五股區,,,,無年齡維度,0.0,女,遷出,國外,71
111,3,15,五股區,,,,無年齡維度,0.0,男,遷出,國外,114
111,3,15,五股區,,,,無年齡維度,0.0,女,遷出,新北市內,0
111,3,15,五股區,,,,無年齡維度,0.0,男,遷出,新北市內,0
111,3,15,五股區,,,,無年齡維度,0.0,女,遷出,桃園市,23
111,3,15,五股區,,,,無年齡維度,0.0,男,遷出,桃園市,12
111,3,15,五股區,,,,無年齡維度,0.0,女,遷出,福建省,1
111,3,15,五股區,,,,無年齡維度,0.0,男,遷出,福建省,2
111,3,15,五股區,,,,無年齡維度,0.0,女,遷出,臺中市,5
111,3,15,五股區,,,,無年齡維度,0.0,男,遷出,臺中市,5
111,3,15,五股區,,,,無年齡維度,0.0,女,遷出,臺北市,21
111,3,15,五股區,,,,無年齡維度,0.0,男,遷出,臺北市,19
111,3,15,五股區,,,,無年齡維度,0.0,女,遷出,臺南市,2
111,3,15,五股區,,,,無年齡維度,0.0,男,遷出,臺南市,0
111,3,15,五股區,,,,無年齡維度,0.0,女,遷出,臺灣省,22
111,3,15,五股區,,,,無年齡維度,0.0,男,遷出,臺灣省,29
111,3,15,五股區,,,,無年齡維度,0.0,女,遷出,高雄市,3
111,3,15,五股區,,,,無年齡維度,0.0,男,遷出,高雄市,5
111,3,16,泰山區,,,,無年齡維度,0.0,女,遷入,migrants,75
111,3,16,泰山區,,,,無年齡維度,0.0,男,遷入,migrants,89
111,3,16,泰山區,,,,無年齡維度,0.0,女,遷入,other,0
111,3,16,泰山區,,,,無年齡維度,0.0,男,遷入,other,0
111,3,16,泰山區,,,,無年齡維度,0.0,女,遷入,其他縣市,0
111,3,16,泰山區,,,,無年齡維度,0.0,男,遷入,其他縣市,0
111,3,16,泰山區,,,,無年齡維度,0.0,女,遷入,其他鄉鎮,84
111,3,16,泰山區,,,,無年齡維度,0.0,男,遷入,其他鄉鎮,80
111,3,16,泰山區,,,,無年齡維度,0.0,女,遷入,合計,163
111,3,16,泰山區,,,,無年齡維度,0.0,男,遷入,合計,150
111,3,16,泰山區,,,,無年齡維度,0.0,女,遷入,國外,13
111,3,16,泰山區,,,,無年齡維度,0.0,男,遷入,國外,6
111,3,16,泰山區,,,,無年齡維度,0.0,女,遷入,新北市內,0
111,3,16,泰山區,,,,無年齡維度,0.0,男,遷入,新北市內,0
111,3,16,泰山區,,,,無年齡維度,0.0,女,遷入,桃園市,18
111,3,16,泰山區,,,,無年齡維度,0.0,男,遷入,桃園市,19
111,3,16,泰山區,,,,無年齡維度,0.0,女,遷入,福建省,0
111,3,16,泰山區,,,,無年齡維度,0.0,男,遷入,福建省,0
111,3,16,泰山區,,,,無年齡維度,0.0,女,遷入,臺中市,4
111,3,16,泰山區,,,,無年齡維度,0.0,男,遷入,臺中市,4
111,3,16,泰山區,,,,無年齡維度,0.0,女,遷入,臺北市,21
111,3,16,泰山區,,,,無年齡維度,0.0,男,遷入,臺北市,24
111,3,16,泰山區,,,,無年齡維度,0.0,女,遷入,臺南市,2
111,3,16,泰山區,,,,無年齡維度,0.0,男,遷入,臺南市,2
111,3,16,泰山區,,,,無年齡維度,0.0,女,遷入,臺灣省,20
111,3,16,泰山區,,,,無年齡維度,0.0,男,遷入,臺灣省,12
111,3,16,泰山區,,,,無年齡維度,0.0,女,遷入,高雄市,1
111,3,16,泰山區,,,,無年齡維度,0.0,男,遷入,高雄市,2
111,3,16,泰山區,,,,無年齡維度,0.0,女,遷出,migrants,75
111,3,16,泰山區,,,,無年齡維度,0.0,男,遷出,migrants,89
111,3,16,泰山區,,,,無年齡維度,0.0,女,遷出,other,0
111,3,16,泰山區,,,,無年齡維度,0.0,男,遷出,other,0
111,3,16,泰山區,,,,無年齡維度,0.0,女,遷出,其他縣市,0
111,3,16,泰山區,,,,無年齡維度,0.0,男,遷出,其他縣市,0
111,3,16,泰山區,,,,無年齡維度,0.0,女,遷出,其他鄉鎮,99
111,3,16,泰山區,,,,無年齡維度,0.0,男,遷出,其他鄉鎮,95
111,3,16,泰山區,,,,無年齡維度,0.0,女,遷出,合計,232
111,3,16,泰山區,,,,無年齡維度,0.0,男,遷出,合計,212
111,3,16,泰山區,,,,無年齡維度,0.0,女,遷出,國外,49
111,3,16,泰山區,,,,無年齡維度,0.0,男,遷出,國外,48
111,3,16,泰山區,,,,無年齡維度,0.0,女,遷出,新北市內,0
111,3,16,泰山區,,,,無年齡維度,0.0,男,遷出,新北市內,0
111,3,16,泰山區,,,,無年齡維度,0.0,女,遷出,桃園市,23
111,3,16,泰山區,,,,無年齡維度,0.0,男,遷出,桃園市,32
111,3,16,泰山區,,,,無年齡維度,0.0,女,遷出,福建省,4
111,3,16,泰山區,,,,無年齡維度,0.0,男,遷出,福建省,1
111,3,16,泰山區,,,,無年齡維度,0.0,女,遷出,臺中市,4
111,3,16,泰山區,,,,無年齡維度,0.0,男,遷出,臺中市,7
111,3,16,泰山區,,,,無年齡維度,0.0,女,遷出,臺北市,23
111,3,16,泰山區,,,,無年齡維度,0.0,男,遷出,臺北市,8
111,3,16,泰山區,,,,無年齡維度,0.0,女,遷出,臺南市,0
111,3,16,泰山區,,,,無年齡維度,0.0,男,遷出,臺南市,1
111,3,16,泰山區,,,,無年齡維度,0.0,女,遷出,臺灣省,25
111,3,16,泰山區,,,,無年齡維度,0.0,男,遷出,臺灣省,19
111,3,16,泰山區,,,,無年齡維度,0.0,女,遷出,高雄市,5
111,3,16,泰山區,,,,無年齡維度,0.0,男,遷出,高雄市,1
111,3,17,林口區,,,,無年齡維度,0.0,女,遷入,migrants,302
111,3,17,林口區,,,,無年齡維度,0.0,男,遷入,migrants,269
111,3,17,林口區,,,,無年齡維度,0.0,女,遷入,other,0
111,3,17,林口區,,,,無年齡維度,0.0,男,遷入,other,0
111,3,17,林口區,,,,無年齡維度,0.0,女,遷入,其他縣市,0
111,3,17,林口區,,,,無年齡維度,0.0,男,遷入,其他縣市,0
111,3,17,林口區,,,,無年齡維度,0.0,女,遷入,其他鄉鎮,144
111,3,17,林口區,,,,無年齡維度,0.0,男,遷入,其他鄉鎮,120
111,3,17,林口區,,,,無年齡維度,0.0,女,遷入,合計,467
111,3,17,林口區,,,,無年齡維度,0.0,男,遷入,合計,411
111,3,17,林口區,,,,無年齡維度,0.0,女,遷入,國外,24
111,3,17,林口區,,,,無年齡維度,0.0,男,遷入,國外,13
111,3,17,林口區,,,,無年齡維度,0.0,女,遷入,新北市內,0
111,3,17,林口區,,,,無年齡維度,0.0,男,遷入,新北市內,0
111,3,17,林口區,,,,無年齡維度,0.0,女,遷入,桃園市,129
111,3,17,林口區,,,,無年齡維度,0.0,男,遷入,桃園市,101
111,3,17,林口區,,,,無年齡維度,0.0,女,遷入,福建省,0
111,3,17,林口區,,,,無年齡維度,0.0,男,遷入,福建省,0
111,3,17,林口區,,,,無年齡維度,0.0,女,遷入,臺中市,18
111,3,17,林口區,,,,無年齡維度,0.0,男,遷入,臺中市,17
111,3,17,林口區,,,,無年齡維度,0.0,女,遷入,臺北市,94
111,3,17,林口區,,,,無年齡維度,0.0,男,遷入,臺北市,98
111,3,17,林口區,,,,無年齡維度,0.0,女,遷入,臺南市,4
111,3,17,林口區,,,,無年齡維度,0.0,男,遷入,臺南市,6
111,3,17,林口區,,,,無年齡維度,0.0,女,遷入,臺灣省,41
111,3,17,林口區,,,,無年齡維度,0.0,男,遷入,臺灣省,39
111,3,17,林口區,,,,無年齡維度,0.0,女,遷入,高雄市,5
111,3,17,林口區,,,,無年齡維度,0.0,男,遷入,高雄市,12
111,3,17,林口區,,,,無年齡維度,0.0,女,遷出,migrants,302
111,3,17,林口區,,,,無年齡維度,0.0,男,遷出,migrants,269
111,3,17,林口區,,,,無年齡維度,0.0,女,遷出,other,0
111,3,17,林口區,,,,無年齡維度,0.0,男,遷出,other,0
111,3,17,林口區,,,,無年齡維度,0.0,女,遷出,其他縣市,0
111,3,17,林口區,,,,無年齡維度,0.0,男,遷出,其他縣市,0
111,3,17,林口區,,,,無年齡維度,0.0,女,遷出,其他鄉鎮,76
111,3,17,林口區,,,,無年齡維度,0.0,男,遷出,其他鄉鎮,63
111,3,17,林口區,,,,無年齡維度,0.0,女,遷出,合計,479
111,3,17,林口區,,,,無年齡維度,0.0,男,遷出,合計,470
111,3,17,林口區,,,,無年齡維度,0.0,女,遷出,國外,205
111,3,17,林口區,,,,無年齡維度,0.0,男,遷出,國外,214
111,3,17,林口區,,,,無年齡維度,0.0,女,遷出,新北市內,0
111,3,17,林口區,,,,無年齡維度,0.0,男,遷出,新北市內,0
111,3,17,林口區,,,,無年齡維度,0.0,女,遷出,桃園市,97
111,3,17,林口區,,,,無年齡維度,0.0,男,遷出,桃園市,86
111,3,17,林口區,,,,無年齡維度,0.0,女,遷出,福建省,1
111,3,17,林口區,,,,無年齡維度,0.0,男,遷出,福建省,3
111,3,17,林口區,,,,無年齡維度,0.0,女,遷出,臺中市,15
111,3,17,林口區,,,,無年齡維度,0.0,男,遷出,臺中市,10
111,3,17,林口區,,,,無年齡維度,0.0,女,遷出,臺北市,46
111,3,17,林口區,,,,無年齡維度,0.0,男,遷出,臺北市,37
111,3,17,林口區,,,,無年齡維度,0.0,女,遷出,臺南市,7
111,3,17,林口區,,,,無年齡維度,0.0,男,遷出,臺南市,8
111,3,17,林口區,,,,無年齡維度,0.0,女,遷出,臺灣省,29
111,3,17,林口區,,,,無年齡維度,0.0,男,遷出,臺灣省,42
111,3,17,林口區,,,,無年齡維度,0.0,女,遷出,高雄市,3
111,3,17,林口區,,,,無年齡維度,0.0,男,遷出,高雄市,7
111,3,18,八里區,,,,無年齡維度,0.0,女,遷入,migrants,14
111,3,18,八里區,,,,無年齡維度,0.0,男,遷入,migrants,9
111,3,18,八里區,,,,無年齡維度,0.0,女,遷入,other,0
111,3,18,八里區,,,,無年齡維度,0.0,男,遷入,other,0
111,3,18,八里區,,,,無年齡維度,0.0,女,遷入,其他縣市,0
111,3,18,八里區,,,,無年齡維度,0.0,男,遷入,其他縣市,0
111,3,18,八里區,,,,無年齡維度,0.0,女,遷入,其他鄉鎮,15
111,3,18,八里區,,,,無年齡維度,0.0,男,遷入,其他鄉鎮,15
111,3,18,八里區,,,,無年齡維度,0.0,女,遷入,合計,50
111,3,18,八里區,,,,無年齡維度,0.0,男,遷入,合計,59
111,3,18,八里區,,,,無年齡維度,0.0,女,遷入,國外,2
111,3,18,八里區,,,,無年齡維度,0.0,男,遷入,國外,2
111,3,18,八里區,,,,無年齡維度,0.0,女,遷入,新北市內,0
111,3,18,八里區,,,,無年齡維度,0.0,男,遷入,新北市內,0
111,3,18,八里區,,,,無年齡維度,0.0,女,遷入,桃園市,4
111,3,18,八里區,,,,無年齡維度,0.0,男,遷入,桃園市,4
111,3,18,八里區,,,,無年齡維度,0.0,女,遷入,福建省,1
111,3,18,八里區,,,,無年齡維度,0.0,男,遷入,福建省,1
111,3,18,八里區,,,,無年齡維度,0.0,女,遷入,臺中市,2
111,3,18,八里區,,,,無年齡維度,0.0,男,遷入,臺中市,1
111,3,18,八里區,,,,無年齡維度,0.0,女,遷入,臺北市,17
111,3,18,八里區,,,,無年齡維度,0.0,男,遷入,臺北市,32
111,3,18,八里區,,,,無年齡維度,0.0,女,遷入,臺南市,0
111,3,18,八里區,,,,無年齡維度,0.0,男,遷入,臺南市,1
111,3,18,八里區,,,,無年齡維度,0.0,女,遷入,臺灣省,6
111,3,18,八里區,,,,無年齡維度,0.0,男,遷入,臺灣省,2
111,3,18,八里區,,,,無年齡維度,0.0,女,遷入,高雄市,3
111,3,18,八里區,,,,無年齡維度,0.0,男,遷入,高雄市,0
111,3,18,八里區,,,,無年齡維度,0.0,女,遷出,migrants,14
111,3,18,八里區,,,,無年齡維度,0.0,男,遷出,migrants,9
111,3,18,八里區,,,,無年齡維度,0.0,女,遷出,other,0
111,3,18,八里區,,,,無年齡維度,0.0,男,遷出,other,0
111,3,18,八里區,,,,無年齡維度,0.0,女,遷出,其他縣市,0
111,3,18,八里區,,,,無年齡維度,0.0,男,遷出,其他縣市,0
111,3,18,八里區,,,,無年齡維度,0.0,女,遷出,其他鄉鎮,19
111,3,18,八里區,,,,無年齡維度,0.0,男,遷出,其他鄉鎮,17
111,3,18,八里區,,,,無年齡維度,0.0,女,遷出,合計,89
111,3,18,八里區,,,,無年齡維度,0.0,男,遷出,合計,78
111,3,18,八里區,,,,無年齡維度,0.0,女,遷出,國外,37
111,3,18,八里區,,,,無年齡維度,0.0,男,遷出,國外,36
111,3,18,八里區,,,,無年齡維度,0.0,女,遷出,新北市內,0
111,3,18,八里區,,,,無年齡維度,0.0,男,遷出,新北市內,0
111,3,18,八里區,,,,無年齡維度,0.0,女,遷出,桃園市,8
111,3,18,八里區,,,,無年齡維度,0.0,男,遷出,桃園市,7
111,3,18,八里區,,,,無年齡維度,0.0,女,遷出,福建省,0
111,3,18,八里區,,,,無年齡維度,0.0,男,遷出,福建省,0
111,3,18,八里區,,,,無年齡維度,0.0,女,遷出,臺中市,2
111,3,18,八里區,,,,無年齡維度,0.0,男,遷出,臺中市,0
111,3,18,八里區,,,,無年齡維度,0.0,女,遷出,臺北市,13
111,3,18,八里區,,,,無年齡維度,0.0,男,遷出,臺北市,11
111,3,18,八里區,,,,無年齡維度,0.0,女,遷出,臺南市,0
111,3,18,八里區,,,,無年齡維度,0.0,男,遷出,臺南市,0
111,3,18,八里區,,,,無年齡維度,0.0,女,遷出,臺灣省,9
111,3,18,八里區,,,,無年齡維度,0.0,男,遷出,臺灣省,7
111,3,18,八里區,,,,無年齡維度,0.0,女,遷出,高雄市,1
111,3,18,八里區,,,,無年齡維度,0.0,男,遷出,高雄市,0
111,3,19,深坑區,,,,無年齡維度,0.0,女,遷入,migrants,2
111,3,19,深坑區,,,,無年齡維度,0.0,男,遷入,migrants,1
111,3,19,深坑區,,,,無年齡維度,0.0,女,遷入,other,0
111,3,19,深坑區,,,,無年齡維度,0.0,男,遷入,other,0
111,3,19,深坑區,,,,無年齡維度,0.0,女,遷入,其他縣市,0
111,3,19,深坑區,,,,無年齡維度,0.0,男,遷入,其他縣市,0
111,3,19,深坑區,,,,無年齡維度,0.0,女,遷入,其他鄉鎮,6
111,3,19,深坑區,,,,無年齡維度,0.0,男,遷入,其他鄉鎮,5
111,3,19,深坑區,,,,無年齡維度,0.0,女,遷入,合計,11
111,3,19,深坑區,,,,無年齡維度,0.0,男,遷入,合計,8
111,3,19,深坑區,,,,無年齡維度,0.0,女,遷入,國外,1
111,3,19,深坑區,,,,無年齡維度,0.0,男,遷入,國外,0
111,3,19,深坑區,,,,無年齡維度,0.0,女,遷入,新北市內,0
111,3,19,深坑區,,,,無年齡維度,0.0,男,遷入,新北市內,0
111,3,19,深坑區,,,,無年齡維度,0.0,女,遷入,桃園市,0
111,3,19,深坑區,,,,無年齡維度,0.0,男,遷入,桃園市,0
111,3,19,深坑區,,,,無年齡維度,0.0,女,遷入,福建省,0
111,3,19,深坑區,,,,無年齡維度,0.0,男,遷入,福建省,0
111,3,19,深坑區,,,,無年齡維度,0.0,女,遷入,臺中市,0
111,3,19,深坑區,,,,無年齡維度,0.0,男,遷入,臺中市,0
111,3,19,深坑區,,,,無年齡維度,0.0,女,遷入,臺北市,2
111,3,19,深坑區,,,,無年齡維度,0.0,男,遷入,臺北市,3
111,3,19,深坑區,,,,無年齡維度,0.0,女,遷入,臺南市,0
111,3,19,深坑區,,,,無年齡維度,0.0,男,遷入,臺南市,0
111,3,19,深坑區,,,,無年齡維度,0.0,女,遷入,臺灣省,2
111,3,19,深坑區,,,,無年齡維度,0.0,男,遷入,臺灣省,0
111,3,19,深坑區,,,,無年齡維度,0.0,女,遷入,高雄市,0
111,3,19,深坑區,,,,無年齡維度,0.0,男,遷入,高雄市,0
111,3,19,深坑區,,,,無年齡維度,0.0,女,遷出,migrants,2
111,3,19,深坑區,,,,無年齡維度,0.0,男,遷出,migrants,1
111,3,19,深坑區,,,,無年齡維度,0.0,女,遷出,other,0
111,3,19,深坑區,,,,無年齡維度,0.0,男,遷出,other,0
111,3,19,深坑區,,,,無年齡維度,0.0,女,遷出,其他縣市,0
111,3,19,深坑區,,,,無年齡維度,0.0,男,遷出,其他縣市,0
111,3,19,深坑區,,,,無年齡維度,0.0,女,遷出,其他鄉鎮,14
111,3,19,深坑區,,,,無年齡維度,0.0,男,遷出,其他鄉鎮,10
111,3,19,深坑區,,,,無年齡維度,0.0,女,遷出,合計,25
111,3,19,深坑區,,,,無年齡維度,0.0,男,遷出,合計,22
111,3,19,深坑區,,,,無年齡維度,0.0,女,遷出,國外,2
111,3,19,深坑區,,,,無年齡維度,0.0,男,遷出,國外,5
111,3,19,深坑區,,,,無年齡維度,0.0,女,遷出,新北市內,0
111,3,19,深坑區,,,,無年齡維度,0.0,男,遷出,新北市內,0
111,3,19,深坑區,,,,無年齡維度,0.0,女,遷出,桃園市,1
111,3,19,深坑區,,,,無年齡維度,0.0,男,遷出,桃園市,0
111,3,19,深坑區,,,,無年齡維度,0.0,女,遷出,福建省,0
111,3,19,深坑區,,,,無年齡維度,0.0,男,遷出,福建省,0
111,3,19,深坑區,,,,無年齡維度,0.0,女,遷出,臺中市,0
111,3,19,深坑區,,,,無年齡維度,0.0,男,遷出,臺中市,1
111,3,19,深坑區,,,,無年齡維度,0.0,女,遷出,臺北市,5
111,3,19,深坑區,,,,無年齡維度,0.0,男,遷出,臺北市,2
111,3,19,深坑區,,,,無年齡維度,0.0,女,遷出,臺南市,2
111,3,19,深坑區,,,,無年齡維度,0.0,男,遷出,臺南市,1
111,3,19,深坑區,,,,無年齡維度,0.0,女,遷出,臺灣省,1
111,3,19,深坑區,,,,無年齡維度,0.0,男,遷出,臺灣省,2
111,3,19,深坑區,,,,無年齡維度,0.0,女,遷出,高雄市,0
111,3,19,深坑區,,,,無年齡維度,0.0,男,遷出,高雄市,1
111,3,20,石碇區,,,,無年齡維度,0.0,女,遷入,migrants,3
111,3,20,石碇區,,,,無年齡維度,0.0,男,遷入,migrants,3
111,3,20,石碇區,,,,無年齡維度,0.0,女,遷入,other,0
111,3,20,石碇區,,,,無年齡維度,0.0,男,遷入,other,0
111,3,20,石碇區,,,,無年齡維度,0.0,女,遷入,其他縣市,0
111,3,20,石碇區,,,,無年齡維度,0.0,男,遷入,其他縣市,0
111,3,20,石碇區,,,,無年齡維度,0.0,女,遷入,其他鄉鎮,7
111,3,20,石碇區,,,,無年齡維度,0.0,男,遷入,其他鄉鎮,16
111,3,20,石碇區,,,,無年齡維度,0.0,女,遷入,合計,12
111,3,20,石碇區,,,,無年齡維度,0.0,男,遷入,合計,22
111,3,20,石碇區,,,,無年齡維度,0.0,女,遷入,國外,0
111,3,20,石碇區,,,,無年齡維度,0.0,男,遷入,國外,1
111,3,20,石碇區,,,,無年齡維度,0.0,女,遷入,新北市內,0
111,3,20,石碇區,,,,無年齡維度,0.0,男,遷入,新北市內,0
111,3,20,石碇區,,,,無年齡維度,0.0,女,遷入,桃園市,0
111,3,20,石碇區,,,,無年齡維度,0.0,男,遷入,桃園市,1
111,3,20,石碇區,,,,無年齡維度,0.0,女,遷入,福建省,0
111,3,20,石碇區,,,,無年齡維度,0.0,男,遷入,福建省,0
111,3,20,石碇區,,,,無年齡維度,0.0,女,遷入,臺中市,0
111,3,20,石碇區,,,,無年齡維度,0.0,男,遷入,臺中市,0
111,3,20,石碇區,,,,無年齡維度,0.0,女,遷入,臺北市,3
111,3,20,石碇區,,,,無年齡維度,0.0,男,遷入,臺北市,4
111,3,20,石碇區,,,,無年齡維度,0.0,女,遷入,臺南市,0
111,3,20,石碇區,,,,無年齡維度,0.0,男,遷入,臺南市,0
111,3,20,石碇區,,,,無年齡維度,0.0,女,遷入,臺灣省,2
111,3,20,石碇區,,,,無年齡維度,0.0,男,遷入,臺灣省,0
111,3,20,石碇區,,,,無年齡維度,0.0,女,遷入,高雄市,0
111,3,20,石碇區,,,,無年齡維度,0.0,男,遷入,高雄市,0
111,3,20,石碇區,,,,無年齡維度,0.0,女,遷出,migrants,3
111,3,20,石碇區,,,,無年齡維度,0.0,男,遷出,migrants,3
111,3,20,石碇區,,,,無年齡維度,0.0,女,遷出,other,0
111,3,20,石碇區,,,,無年齡維度,0.0,男,遷出,other,0
111,3,20,石碇區,,,,無年齡維度,0.0,女,遷出,其他縣市,0
111,3,20,石碇區,,,,無年齡維度,0.0,男,遷出,其他縣市,0
111,3,20,石碇區,,,,無年齡維度,0.0,女,遷出,其他鄉鎮,4
111,3,20,石碇區,,,,無年齡維度,0.0,男,遷出,其他鄉鎮,7
111,3,20,石碇區,,,,無年齡維度,0.0,女,遷出,合計,10
111,3,20,石碇區,,,,無年齡維度,0.0,男,遷出,合計,15
111,3,20,石碇區,,,,無年齡維度,0.0,女,遷出,國外,0
111,3,20,石碇區,,,,無年齡維度,0.0,男,遷出,國外,3
111,3,20,石碇區,,,,無年齡維度,0.0,女,遷出,新北市內,0
111,3,20,石碇區,,,,無年齡維度,0.0,男,遷出,新北市內,0
111,3,20,石碇區,,,,無年齡維度,0.0,女,遷出,桃園市,2
111,3,20,石碇區,,,,無年齡維度,0.0,男,遷出,桃園市,0
111,3,20,石碇區,,,,無年齡維度,0.0,女,遷出,福建省,0
111,3,20,石碇區,,,,無年齡維度,0.0,男,遷出,福建省,0
111,3,20,石碇區,,,,無年齡維度,0.0,女,遷出,臺中市,0
111,3,20,石碇區,,,,無年齡維度,0.0,男,遷出,臺中市,0
111,3,20,石碇區,,,,無年齡維度,0.0,女,遷出,臺北市,3
111,3,20,石碇區,,,,無年齡維度,0.0,男,遷出,臺北市,3
111,3,20,石碇區,,,,無年齡維度,0.0,女,遷出,臺南市,0
111,3,20,石碇區,,,,無年齡維度,0.0,男,遷出,臺南市,0
111,3,20,石碇區,,,,無年齡維度,0.0,女,遷出,臺灣省,1
111,3,20,石碇區,,,,無年齡維度,0.0,男,遷出,臺灣省,2
111,3,20,石碇區,,,,無年齡維度,0.0,女,遷出,高雄市,0
111,3,20,石碇區,,,,無年齡維度,0.0,男,遷出,高雄市,0
111,3,21,坪林區,,,,無年齡維度,0.0,女,遷入,migrants,15
111,3,21,坪林區,,,,無年齡維度,0.0,男,遷入,migrants,21
111,3,21,坪林區,,,,無年齡維度,0.0,女,遷入,other,0
111,3,21,坪林區,,,,無年齡維度,0.0,男,遷入,other,0
111,3,21,坪林區,,,,無年齡維度,0.0,女,遷入,其他縣市,0
111,3,21,坪林區,,,,無年齡維度,0.0,男,遷入,其他縣市,0
111,3,21,坪林區,,,,無年齡維度,0.0,女,遷入,其他鄉鎮,35
111,3,21,坪林區,,,,無年齡維度,0.0,男,遷入,其他鄉鎮,29
111,3,21,坪林區,,,,無年齡維度,0.0,女,遷入,合計,65
111,3,21,坪林區,,,,無年齡維度,0.0,男,遷入,合計,56
111,3,21,坪林區,,,,無年齡維度,0.0,女,遷入,國外,1
111,3,21,坪林區,,,,無年齡維度,0.0,男,遷入,國外,1
111,3,21,坪林區,,,,無年齡維度,0.0,女,遷入,新北市內,0
111,3,21,坪林區,,,,無年齡維度,0.0,男,遷入,新北市內,0
111,3,21,坪林區,,,,無年齡維度,0.0,女,遷入,桃園市,4
111,3,21,坪林區,,,,無年齡維度,0.0,男,遷入,桃園市,4
111,3,21,坪林區,,,,無年齡維度,0.0,女,遷入,福建省,0
111,3,21,坪林區,,,,無年齡維度,0.0,男,遷入,福建省,0
111,3,21,坪林區,,,,無年齡維度,0.0,女,遷入,臺中市,3
111,3,21,坪林區,,,,無年齡維度,0.0,男,遷入,臺中市,2
111,3,21,坪林區,,,,無年齡維度,0.0,女,遷入,臺北市,20
111,3,21,坪林區,,,,無年齡維度,0.0,男,遷入,臺北市,19
111,3,21,坪林區,,,,無年齡維度,0.0,女,遷入,臺南市,1
111,3,21,坪林區,,,,無年齡維度,0.0,男,遷入,臺南市,0
111,3,21,坪林區,,,,無年齡維度,0.0,女,遷入,臺灣省,1
111,3,21,坪林區,,,,無年齡維度,0.0,男,遷入,臺灣省,1
111,3,21,坪林區,,,,無年齡維度,0.0,女,遷入,高雄市,0
111,3,21,坪林區,,,,無年齡維度,0.0,男,遷入,高雄市,0
111,3,21,坪林區,,,,無年齡維度,0.0,女,遷出,migrants,15
111,3,21,坪林區,,,,無年齡維度,0.0,男,遷出,migrants,21
111,3,21,坪林區,,,,無年齡維度,0.0,女,遷出,other,0
111,3,21,坪林區,,,,無年齡維度,0.0,男,遷出,other,0
111,3,21,坪林區,,,,無年齡維度,0.0,女,遷出,其他縣市,0
111,3,21,坪林區,,,,無年齡維度,0.0,男,遷出,其他縣市,0
111,3,21,坪林區,,,,無年齡維度,0.0,女,遷出,其他鄉鎮,37
111,3,21,坪林區,,,,無年齡維度,0.0,男,遷出,其他鄉鎮,20
111,3,21,坪林區,,,,無年齡維度,0.0,女,遷出,合計,80
111,3,21,坪林區,,,,無年齡維度,0.0,男,遷出,合計,56
111,3,21,坪林區,,,,無年齡維度,0.0,女,遷出,國外,20
111,3,21,坪林區,,,,無年齡維度,0.0,男,遷出,國外,21
111,3,21,坪林區,,,,無年齡維度,0.0,女,遷出,新北市內,0
111,3,21,坪林區,,,,無年齡維度,0.0,男,遷出,新北市內,0
111,3,21,坪林區,,,,無年齡維度,0.0,女,遷出,桃園市,7
111,3,21,坪林區,,,,無年齡維度,0.0,男,遷出,桃園市,2
111,3,21,坪林區,,,,無年齡維度,0.0,女,遷出,福建省,0
111,3,21,坪林區,,,,無年齡維度,0.0,男,遷出,福建省,0
111,3,21,坪林區,,,,無年齡維度,0.0,女,遷出,臺中市,3
111,3,21,坪林區,,,,無年齡維度,0.0,男,遷出,臺中市,2
111,3,21,坪林區,,,,無年齡維度,0.0,女,遷出,臺北市,8
111,3,21,坪林區,,,,無年齡維度,0.0,男,遷出,臺北市,6
111,3,21,坪林區,,,,無年齡維度,0.0,女,遷出,臺南市,1
111,3,21,坪林區,,,,無年齡維度,0.0,男,遷出,臺南市,0
111,3,21,坪林區,,,,無年齡維度,0.0,女,遷出,臺灣省,4
111,3,21,坪林區,,,,無年齡維度,0.0,男,遷出,臺灣省,4
111,3,21,坪林區,,,,無年齡維度,0.0,女,遷出,高雄市,0
111,3,21,坪林區,,,,無年齡維度,0.0,男,遷出,高雄市,1
111,3,22,三芝區,,,,無年齡維度,0.0,女,遷入,migrants,4
111,3,22,三芝區,,,,無年齡維度,0.0,男,遷入,migrants,4
111,3,22,三芝區,,,,無年齡維度,0.0,女,遷入,other,0
111,3,22,三芝區,,,,無年齡維度,0.0,男,遷入,other,0
111,3,22,三芝區,,,,無年齡維度,0.0,女,遷入,其他縣市,0
111,3,22,三芝區,,,,無年齡維度,0.0,男,遷入,其他縣市,0
111,3,22,三芝區,,,,無年齡維度,0.0,女,遷入,其他鄉鎮,14
111,3,22,三芝區,,,,無年齡維度,0.0,男,遷入,其他鄉鎮,11
111,3,22,三芝區,,,,無年齡維度,0.0,女,遷入,合計,16
111,3,22,三芝區,,,,無年齡維度,0.0,男,遷入,合計,14
111,3,22,三芝區,,,,無年齡維度,0.0,女,遷入,國外,0
111,3,22,三芝區,,,,無年齡維度,0.0,男,遷入,國外,0
111,3,22,三芝區,,,,無年齡維度,0.0,女,遷入,新北市內,0
111,3,22,三芝區,,,,無年齡維度,0.0,男,遷入,新北市內,0
111,3,22,三芝區,,,,無年齡維度,0.0,女,遷入,桃園市,0
111,3,22,三芝區,,,,無年齡維度,0.0,男,遷入,桃園市,2
111,3,22,三芝區,,,,無年齡維度,0.0,女,遷入,福建省,0
111,3,22,三芝區,,,,無年齡維度,0.0,男,遷入,福建省,0
111,3,22,三芝區,,,,無年齡維度,0.0,女,遷入,臺中市,0
111,3,22,三芝區,,,,無年齡維度,0.0,男,遷入,臺中市,0
111,3,22,三芝區,,,,無年齡維度,0.0,女,遷入,臺北市,2
111,3,22,三芝區,,,,無年齡維度,0.0,男,遷入,臺北市,0
111,3,22,三芝區,,,,無年齡維度,0.0,女,遷入,臺南市,0
111,3,22,三芝區,,,,無年齡維度,0.0,男,遷入,臺南市,0
111,3,22,三芝區,,,,無年齡維度,0.0,女,遷入,臺灣省,0
111,3,22,三芝區,,,,無年齡維度,0.0,男,遷入,臺灣省,1
111,3,22,三芝區,,,,無年齡維度,0.0,女,遷入,高雄市,0
111,3,22,三芝區,,,,無年齡維度,0.0,男,遷入,高雄市,0
111,3,22,三芝區,,,,無年齡維度,0.0,女,遷出,migrants,4
111,3,22,三芝區,,,,無年齡維度,0.0,男,遷出,migrants,4
111,3,22,三芝區,,,,無年齡維度,0.0,女,遷出,other,0
111,3,22,三芝區,,,,無年齡維度,0.0,男,遷出,other,0
111,3,22,三芝區,,,,無年齡維度,0.0,女,遷出,其他縣市,0
111,3,22,三芝區,,,,無年齡維度,0.0,男,遷出,其他縣市,0
111,3,22,三芝區,,,,無年齡維度,0.0,女,遷出,其他鄉鎮,21
111,3,22,三芝區,,,,無年齡維度,0.0,男,遷出,其他鄉鎮,18
111,3,22,三芝區,,,,無年齡維度,0.0,女,遷出,合計,33
111,3,22,三芝區,,,,無年齡維度,0.0,男,遷出,合計,32
111,3,22,三芝區,,,,無年齡維度,0.0,女,遷出,國外,7
111,3,22,三芝區,,,,無年齡維度,0.0,男,遷出,國外,7
111,3,22,三芝區,,,,無年齡維度,0.0,女,遷出,新北市內,0
111,3,22,三芝區,,,,無年齡維度,0.0,男,遷出,新北市內,0
111,3,22,三芝區,,,,無年齡維度,0.0,女,遷出,桃園市,1
111,3,22,三芝區,,,,無年齡維度,0.0,男,遷出,桃園市,0
111,3,22,三芝區,,,,無年齡維度,0.0,女,遷出,福建省,0
111,3,22,三芝區,,,,無年齡維度,0.0,男,遷出,福建省,0
111,3,22,三芝區,,,,無年齡維度,0.0,女,遷出,臺中市,0
111,3,22,三芝區,,,,無年齡維度,0.0,男,遷出,臺中市,1
111,3,22,三芝區,,,,無年齡維度,0.0,女,遷出,臺北市,1
111,3,22,三芝區,,,,無年齡維度,0.0,男,遷出,臺北市,3
111,3,22,三芝區,,,,無年齡維度,0.0,女,遷出,臺南市,0
111,3,22,三芝區,,,,無年齡維度,0.0,男,遷出,臺南市,0
111,3,22,三芝區,,,,無年齡維度,0.0,女,遷出,臺灣省,3
111,3,22,三芝區,,,,無年齡維度,0.0,男,遷出,臺灣省,2
111,3,22,三芝區,,,,無年齡維度,0.0,女,遷出,高雄市,0
111,3,22,三芝區,,,,無年齡維度,0.0,男,遷出,高雄市,1
111,3,23,石門區,,,,無年齡維度,0.0,女,遷入,migrants,62
111,3,23,石門區,,,,無年齡維度,0.0,男,遷入,migrants,59
111,3,23,石門區,,,,無年齡維度,0.0,女,遷入,other,0
111,3,23,石門區,,,,無年齡維度,0.0,男,遷入,other,0
111,3,23,石門區,,,,無年齡維度,0.0,女,遷入,其他縣市,0
111,3,23,石門區,,,,無年齡維度,0.0,男,遷入,其他縣市,0
111,3,23,石門區,,,,無年齡維度,0.0,女,遷入,其他鄉鎮,51
111,3,23,石門區,,,,無年齡維度,0.0,男,遷入,其他鄉鎮,55
111,3,23,石門區,,,,無年齡維度,0.0,女,遷入,合計,127
111,3,23,石門區,,,,無年齡維度,0.0,男,遷入,合計,118
111,3,23,石門區,,,,無年齡維度,0.0,女,遷入,國外,7
111,3,23,石門區,,,,無年齡維度,0.0,男,遷入,國外,4
111,3,23,石門區,,,,無年齡維度,0.0,女,遷入,新北市內,0
111,3,23,石門區,,,,無年齡維度,0.0,男,遷入,新北市內,0
111,3,23,石門區,,,,無年齡維度,0.0,女,遷入,桃園市,15
111,3,23,石門區,,,,無年齡維度,0.0,男,遷入,桃園市,16
111,3,23,石門區,,,,無年齡維度,0.0,女,遷入,福建省,0
111,3,23,石門區,,,,無年齡維度,0.0,男,遷入,福建省,0
111,3,23,石門區,,,,無年齡維度,0.0,女,遷入,臺中市,4
111,3,23,石門區,,,,無年齡維度,0.0,男,遷入,臺中市,2
111,3,23,石門區,,,,無年齡維度,0.0,女,遷入,臺北市,42
111,3,23,石門區,,,,無年齡維度,0.0,男,遷入,臺北市,31
111,3,23,石門區,,,,無年齡維度,0.0,女,遷入,臺南市,0
111,3,23,石門區,,,,無年齡維度,0.0,男,遷入,臺南市,2
111,3,23,石門區,,,,無年齡維度,0.0,女,遷入,臺灣省,8
111,3,23,石門區,,,,無年齡維度,0.0,男,遷入,臺灣省,7
111,3,23,石門區,,,,無年齡維度,0.0,女,遷入,高雄市,0
111,3,23,石門區,,,,無年齡維度,0.0,男,遷入,高雄市,1
111,3,23,石門區,,,,無年齡維度,0.0,女,遷出,migrants,62
111,3,23,石門區,,,,無年齡維度,0.0,男,遷出,migrants,59
111,3,23,石門區,,,,無年齡維度,0.0,女,遷出,other,0
111,3,23,石門區,,,,無年齡維度,0.0,男,遷出,other,0
111,3,23,石門區,,,,無年齡維度,0.0,女,遷出,其他縣市,0
111,3,23,石門區,,,,無年齡維度,0.0,男,遷出,其他縣市,0
111,3,23,石門區,,,,無年齡維度,0.0,女,遷出,其他鄉鎮,59
111,3,23,石門區,,,,無年齡維度,0.0,男,遷出,其他鄉鎮,31
111,3,23,石門區,,,,無年齡維度,0.0,女,遷出,合計,147
111,3,23,石門區,,,,無年齡維度,0.0,男,遷出,合計,125
111,3,23,石門區,,,,無年齡維度,0.0,女,遷出,國外,49
111,3,23,石門區,,,,無年齡維度,0.0,男,遷出,國外,60
111,3,23,石門區,,,,無年齡維度,0.0,女,遷出,新北市內,0
111,3,23,石門區,,,,無年齡維度,0.0,男,遷出,新北市內,0
111,3,23,石門區,,,,無年齡維度,0.0,女,遷出,桃園市,8
111,3,23,石門區,,,,無年齡維度,0.0,男,遷出,桃園市,4
111,3,23,石門區,,,,無年齡維度,0.0,女,遷出,福建省,0
111,3,23,石門區,,,,無年齡維度,0.0,男,遷出,福建省,0
111,3,23,石門區,,,,無年齡維度,0.0,女,遷出,臺中市,3
111,3,23,石門區,,,,無年齡維度,0.0,男,遷出,臺中市,4
111,3,23,石門區,,,,無年齡維度,0.0,女,遷出,臺北市,21
111,3,23,石門區,,,,無年齡維度,0.0,男,遷出,臺北市,17
111,3,23,石門區,,,,無年齡維度,0.0,女,遷出,臺南市,0
111,3,23,石門區,,,,無年齡維度,0.0,男,遷出,臺南市,0
111,3,23,石門區,,,,無年齡維度,0.0,女,遷出,臺灣省,7
111,3,23,石門區,,,,無年齡維度,0.0,男,遷出,臺灣省,9
111,3,23,石門區,,,,無年齡維度,0.0,女,遷出,高雄市,0
111,3,23,石門區,,,,無年齡維度,0.0,男,遷出,高雄市,0
111,3,24,金山區,,,,無年齡維度,0.0,女,遷入,migrants,2
111,3,24,金山區,,,,無年齡維度,0.0,男,遷入,migrants,1
111,3,24,金山區,,,,無年齡維度,0.0,女,遷入,other,0
111,3,24,金山區,,,,無年齡維度,0.0,男,遷入,other,0
111,3,24,金山區,,,,無年齡維度,0.0,女,遷入,其他縣市,0
111,3,24,金山區,,,,無年齡維度,0.0,男,遷入,其他縣市,0
111,3,24,金山區,,,,無年齡維度,0.0,女,遷入,其他鄉鎮,8
111,3,24,金山區,,,,無年齡維度,0.0,男,遷入,其他鄉鎮,6
111,3,24,金山區,,,,無年齡維度,0.0,女,遷入,合計,11
111,3,24,金山區,,,,無年齡維度,0.0,男,遷入,合計,8
111,3,24,金山區,,,,無年齡維度,0.0,女,遷入,國外,0
111,3,24,金山區,,,,無年齡維度,0.0,男,遷入,國外,0
111,3,24,金山區,,,,無年齡維度,0.0,女,遷入,新北市內,0
111,3,24,金山區,,,,無年齡維度,0.0,男,遷入,新北市內,0
111,3,24,金山區,,,,無年齡維度,0.0,女,遷入,桃園市,1
111,3,24,金山區,,,,無年齡維度,0.0,男,遷入,桃園市,0
111,3,24,金山區,,,,無年齡維度,0.0,女,遷入,福建省,0
111,3,24,金山區,,,,無年齡維度,0.0,男,遷入,福建省,0
111,3,24,金山區,,,,無年齡維度,0.0,女,遷入,臺中市,0
111,3,24,金山區,,,,無年齡維度,0.0,男,遷入,臺中市,0
111,3,24,金山區,,,,無年齡維度,0.0,女,遷入,臺北市,1
111,3,24,金山區,,,,無年齡維度,0.0,男,遷入,臺北市,1
111,3,24,金山區,,,,無年齡維度,0.0,女,遷入,臺南市,0
111,3,24,金山區,,,,無年齡維度,0.0,男,遷入,臺南市,0
111,3,24,金山區,,,,無年齡維度,0.0,女,遷入,臺灣省,1
111,3,24,金山區,,,,無年齡維度,0.0,男,遷入,臺灣省,1
111,3,24,金山區,,,,無年齡維度,0.0,女,遷入,高雄市,0
111,3,24,金山區,,,,無年齡維度,0.0,男,遷入,高雄市,0
111,3,24,金山區,,,,無年齡維度,0.0,女,遷出,migrants,2
111,3,24,金山區,,,,無年齡維度,0.0,男,遷出,migrants,1
111,3,24,金山區,,,,無年齡維度,0.0,女,遷出,other,0
111,3,24,金山區,,,,無年齡維度,0.0,男,遷出,other,0
111,3,24,金山區,,,,無年齡維度,0.0,女,遷出,其他縣市,0
111,3,24,金山區,,,,無年齡維度,0.0,男,遷出,其他縣市,0
111,3,24,金山區,,,,無年齡維度,0.0,女,遷出,其他鄉鎮,1
111,3,24,金山區,,,,無年齡維度,0.0,男,遷出,其他鄉鎮,1
111,3,24,金山區,,,,無年齡維度,0.0,女,遷出,合計,5
111,3,24,金山區,,,,無年齡維度,0.0,男,遷出,合計,7
111,3,24,金山區,,,,無年齡維度,0.0,女,遷出,國外,1
111,3,24,金山區,,,,無年齡維度,0.0,男,遷出,國外,1
111,3,24,金山區,,,,無年齡維度,0.0,女,遷出,新北市內,0
111,3,24,金山區,,,,無年齡維度,0.0,男,遷出,新北市內,0
111,3,24,金山區,,,,無年齡維度,0.0,女,遷出,桃園市,0
111,3,24,金山區,,,,無年齡維度,0.0,男,遷出,桃園市,1
111,3,24,金山區,,,,無年齡維度,0.0,女,遷出,福建省,0
111,3,24,金山區,,,,無年齡維度,0.0,男,遷出,福建省,1
111,3,24,金山區,,,,無年齡維度,0.0,女,遷出,臺中市,0
111,3,24,金山區,,,,無年齡維度,0.0,男,遷出,臺中市,0
111,3,24,金山區,,,,無年齡維度,0.0,女,遷出,臺北市,2
111,3,24,金山區,,,,無年齡維度,0.0,男,遷出,臺北市,1
111,3,24,金山區,,,,無年齡維度,0.0,女,遷出,臺南市,0
111,3,24,金山區,,,,無年齡維度,0.0,男,遷出,臺南市,0
111,3,24,金山區,,,,無年齡維度,0.0,女,遷出,臺灣省,0
111,3,24,金山區,,,,無年齡維度,0.0,男,遷出,臺灣省,2
111,3,24,金山區,,,,無年齡維度,0.0,女,遷出,高雄市,1
111,3,24,金山區,,,,無年齡維度,0.0,男,遷出,高雄市,0
111,3,25,萬里區,,,,無年齡維度,0.0,女,遷入,migrants,12
111,3,25,萬里區,,,,無年齡維度,0.0,男,遷入,migrants,2
111,3,25,萬里區,,,,無年齡維度,0.0,女,遷入,other,0
111,3,25,萬里區,,,,無年齡維度,0.0,男,遷入,other,0
111,3,25,萬里區,,,,無年齡維度,0.0,女,遷入,其他縣市,0
111,3,25,萬里區,,,,無年齡維度,0.0,男,遷入,其他縣市,0
111,3,25,萬里區,,,,無年齡維度,0.0,女,遷入,其他鄉鎮,13
111,3,25,萬里區,,,,無年齡維度,0.0,男,遷入,其他鄉鎮,8
111,3,25,萬里區,,,,無年齡維度,0.0,女,遷入,合計,29
111,3,25,萬里區,,,,無年齡維度,0.0,男,遷入,合計,26
111,3,25,萬里區,,,,無年齡維度,0.0,女,遷入,國外,0
111,3,25,萬里區,,,,無年齡維度,0.0,男,遷入,國外,4
111,3,25,萬里區,,,,無年齡維度,0.0,女,遷入,新北市內,0
111,3,25,萬里區,,,,無年齡維度,0.0,男,遷入,新北市內,0
111,3,25,萬里區,,,,無年齡維度,0.0,女,遷入,桃園市,2
111,3,25,萬里區,,,,無年齡維度,0.0,男,遷入,桃園市,1
111,3,25,萬里區,,,,無年齡維度,0.0,女,遷入,福建省,0
111,3,25,萬里區,,,,無年齡維度,0.0,男,遷入,福建省,0
111,3,25,萬里區,,,,無年齡維度,0.0,女,遷入,臺中市,1
111,3,25,萬里區,,,,無年齡維度,0.0,男,遷入,臺中市,0
111,3,25,萬里區,,,,無年齡維度,0.0,女,遷入,臺北市,6
111,3,25,萬里區,,,,無年齡維度,0.0,男,遷入,臺北市,6
111,3,25,萬里區,,,,無年齡維度,0.0,女,遷入,臺南市,0
111,3,25,萬里區,,,,無年齡維度,0.0,男,遷入,臺南市,0
111,3,25,萬里區,,,,無年齡維度,0.0,女,遷入,臺灣省,6
111,3,25,萬里區,,,,無年齡維度,0.0,男,遷入,臺灣省,7
111,3,25,萬里區,,,,無年齡維度,0.0,女,遷入,高雄市,1
111,3,25,萬里區,,,,無年齡維度,0.0,男,遷入,高雄市,0
111,3,25,萬里區,,,,無年齡維度,0.0,女,遷出,migrants,12
111,3,25,萬里區,,,,無年齡維度,0.0,男,遷出,migrants,2
111,3,25,萬里區,,,,無年齡維度,0.0,女,遷出,other,0
111,3,25,萬里區,,,,無年齡維度,0.0,男,遷出,other,0
111,3,25,萬里區,,,,無年齡維度,0.0,女,遷出,其他縣市,0
111,3,25,萬里區,,,,無年齡維度,0.0,男,遷出,其他縣市,0
111,3,25,萬里區,,,,無年齡維度,0.0,女,遷出,其他鄉鎮,5
111,3,25,萬里區,,,,無年齡維度,0.0,男,遷出,其他鄉鎮,6
111,3,25,萬里區,,,,無年齡維度,0.0,女,遷出,合計,13
111,3,25,萬里區,,,,無年齡維度,0.0,男,遷出,合計,10
111,3,25,萬里區,,,,無年齡維度,0.0,女,遷出,國外,1
111,3,25,萬里區,,,,無年齡維度,0.0,男,遷出,國外,1
111,3,25,萬里區,,,,無年齡維度,0.0,女,遷出,新北市內,0
111,3,25,萬里區,,,,無年齡維度,0.0,男,遷出,新北市內,0
111,3,25,萬里區,,,,無年齡維度,0.0,女,遷出,桃園市,1
111,3,25,萬里區,,,,無年齡維度,0.0,男,遷出,桃園市,0
111,3,25,萬里區,,,,無年齡維度,0.0,女,遷出,福建省,0
111,3,25,萬里區,,,,無年齡維度,0.0,男,遷出,福建省,0
111,3,25,萬里區,,,,無年齡維度,0.0,女,遷出,臺中市,1
111,3,25,萬里區,,,,無年齡維度,0.0,男,遷出,臺中市,0
111,3,25,萬里區,,,,無年齡維度,0.0,女,遷出,臺北市,1
111,3,25,萬里區,,,,無年齡維度,0.0,男,遷出,臺北市,0
111,3,25,萬里區,,,,無年齡維度,0.0,女,遷出,臺南市,0
111,3,25,萬里區,,,,無年齡維度,0.0,男,遷出,臺南市,0
111,3,25,萬里區,,,,無年齡維度,0.0,女,遷出,臺灣省,4
111,3,25,萬里區,,,,無年齡維度,0.0,男,遷出,臺灣省,3
111,3,25,萬里區,,,,無年齡維度,0.0,女,遷出,高雄市,0
111,3,25,萬里區,,,,無年齡維度,0.0,男,遷出,高雄市,0
111,3,26,平溪區,,,,無年齡維度,0.0,女,遷入,migrants,2
111,3,26,平溪區,,,,無年齡維度,0.0,男,遷入,migrants,5
111,3,26,平溪區,,,,無年齡維度,0.0,女,遷入,other,0
111,3,26,平溪區,,,,無年齡維度,0.0,男,遷入,other,0
111,3,26,平溪區,,,,無年齡維度,0.0,女,遷入,其他縣市,0
111,3,26,平溪區,,,,無年齡維度,0.0,男,遷入,其他縣市,0
111,3,26,平溪區,,,,無年齡維度,0.0,女,遷入,其他鄉鎮,4
111,3,26,平溪區,,,,無年齡維度,0.0,男,遷入,其他鄉鎮,6
111,3,26,平溪區,,,,無年齡維度,0.0,女,遷入,合計,12
111,3,26,平溪區,,,,無年齡維度,0.0,男,遷入,合計,13
111,3,26,平溪區,,,,無年齡維度,0.0,女,遷入,國外,0
111,3,26,平溪區,,,,無年齡維度,0.0,男,遷入,國外,1
111,3,26,平溪區,,,,無年齡維度,0.0,女,遷入,新北市內,0
111,3,26,平溪區,,,,無年齡維度,0.0,男,遷入,新北市內,0
111,3,26,平溪區,,,,無年齡維度,0.0,女,遷入,桃園市,3
111,3,26,平溪區,,,,無年齡維度,0.0,男,遷入,桃園市,0
111,3,26,平溪區,,,,無年齡維度,0.0,女,遷入,福建省,0
111,3,26,平溪區,,,,無年齡維度,0.0,男,遷入,福建省,0
111,3,26,平溪區,,,,無年齡維度,0.0,女,遷入,臺中市,1
111,3,26,平溪區,,,,無年齡維度,0.0,男,遷入,臺中市,2
111,3,26,平溪區,,,,無年齡維度,0.0,女,遷入,臺北市,1
111,3,26,平溪區,,,,無年齡維度,0.0,男,遷入,臺北市,1
111,3,26,平溪區,,,,無年齡維度,0.0,女,遷入,臺南市,0
111,3,26,平溪區,,,,無年齡維度,0.0,男,遷入,臺南市,0
111,3,26,平溪區,,,,無年齡維度,0.0,女,遷入,臺灣省,3
111,3,26,平溪區,,,,無年齡維度,0.0,男,遷入,臺灣省,3
111,3,26,平溪區,,,,無年齡維度,0.0,女,遷入,高雄市,0
111,3,26,平溪區,,,,無年齡維度,0.0,男,遷入,高雄市,0
111,3,26,平溪區,,,,無年齡維度,0.0,女,遷出,migrants,2
111,3,26,平溪區,,,,無年齡維度,0.0,男,遷出,migrants,5
111,3,26,平溪區,,,,無年齡維度,0.0,女,遷出,other,0
111,3,26,平溪區,,,,無年齡維度,0.0,男,遷出,other,0
111,3,26,平溪區,,,,無年齡維度,0.0,女,遷出,其他縣市,0
111,3,26,平溪區,,,,無年齡維度,0.0,男,遷出,其他縣市,0
111,3,26,平溪區,,,,無年齡維度,0.0,女,遷出,其他鄉鎮,8
111,3,26,平溪區,,,,無年齡維度,0.0,男,遷出,其他鄉鎮,5
111,3,26,平溪區,,,,無年齡維度,0.0,女,遷出,合計,25
111,3,26,平溪區,,,,無年齡維度,0.0,男,遷出,合計,12
111,3,26,平溪區,,,,無年齡維度,0.0,女,遷出,國外,4
111,3,26,平溪區,,,,無年齡維度,0.0,男,遷出,國外,4
111,3,26,平溪區,,,,無年齡維度,0.0,女,遷出,新北市內,0
111,3,26,平溪區,,,,無年齡維度,0.0,男,遷出,新北市內,0
111,3,26,平溪區,,,,無年齡維度,0.0,女,遷出,桃園市,3
111,3,26,平溪區,,,,無年齡維度,0.0,男,遷出,桃園市,1
111,3,26,平溪區,,,,無年齡維度,0.0,女,遷出,福建省,0
111,3,26,平溪區,,,,無年齡維度,0.0,男,遷出,福建省,0
111,3,26,平溪區,,,,無年齡維度,0.0,女,遷出,臺中市,1
111,3,26,平溪區,,,,無年齡維度,0.0,男,遷出,臺中市,0
111,3,26,平溪區,,,,無年齡維度,0.0,女,遷出,臺北市,3
111,3,26,平溪區,,,,無年齡維度,0.0,男,遷出,臺北市,0
111,3,26,平溪區,,,,無年齡維度,0.0,女,遷出,臺南市,0
111,3,26,平溪區,,,,無年齡維度,0.0,男,遷出,臺南市,0
111,3,26,平溪區,,,,無年齡維度,0.0,女,遷出,臺灣省,6
111,3,26,平溪區,,,,無年齡維度,0.0,男,遷出,臺灣省,2
111,3,26,平溪區,,,,無年齡維度,0.0,女,遷出,高雄市,0
111,3,26,平溪區,,,,無年齡維度,0.0,男,遷出,高雄市,0
111,3,27,雙溪區,,,,無年齡維度,0.0,女,遷入,migrants,16
111,3,27,雙溪區,,,,無年齡維度,0.0,男,遷入,migrants,21
111,3,27,雙溪區,,,,無年齡維度,0.0,女,遷入,other,0
111,3,27,雙溪區,,,,無年齡維度,0.0,男,遷入,other,0
111,3,27,雙溪區,,,,無年齡維度,0.0,女,遷入,其他縣市,0
111,3,27,雙溪區,,,,無年齡維度,0.0,男,遷入,其他縣市,0
111,3,27,雙溪區,,,,無年齡維度,0.0,女,遷入,其他鄉鎮,11
111,3,27,雙溪區,,,,無年齡維度,0.0,男,遷入,其他鄉鎮,11
111,3,27,雙溪區,,,,無年齡維度,0.0,女,遷入,合計,26
111,3,27,雙溪區,,,,無年齡維度,0.0,男,遷入,合計,27
111,3,27,雙溪區,,,,無年齡維度,0.0,女,遷入,國外,1
111,3,27,雙溪區,,,,無年齡維度,0.0,男,遷入,國外,0
111,3,27,雙溪區,,,,無年齡維度,0.0,女,遷入,新北市內,0
111,3,27,雙溪區,,,,無年齡維度,0.0,男,遷入,新北市內,0
111,3,27,雙溪區,,,,無年齡維度,0.0,女,遷入,桃園市,3
111,3,27,雙溪區,,,,無年齡維度,0.0,男,遷入,桃園市,1
111,3,27,雙溪區,,,,無年齡維度,0.0,女,遷入,福建省,0
111,3,27,雙溪區,,,,無年齡維度,0.0,男,遷入,福建省,0
111,3,27,雙溪區,,,,無年齡維度,0.0,女,遷入,臺中市,0
111,3,27,雙溪區,,,,無年齡維度,0.0,男,遷入,臺中市,1
111,3,27,雙溪區,,,,無年齡維度,0.0,女,遷入,臺北市,4
111,3,27,雙溪區,,,,無年齡維度,0.0,男,遷入,臺北市,8
111,3,27,雙溪區,,,,無年齡維度,0.0,女,遷入,臺南市,0
111,3,27,雙溪區,,,,無年齡維度,0.0,男,遷入,臺南市,0
111,3,27,雙溪區,,,,無年齡維度,0.0,女,遷入,臺灣省,7
111,3,27,雙溪區,,,,無年齡維度,0.0,男,遷入,臺灣省,5
111,3,27,雙溪區,,,,無年齡維度,0.0,女,遷入,高雄市,0
111,3,27,雙溪區,,,,無年齡維度,0.0,男,遷入,高雄市,0
111,3,27,雙溪區,,,,無年齡維度,0.0,女,遷出,migrants,16
111,3,27,雙溪區,,,,無年齡維度,0.0,男,遷出,migrants,21
111,3,27,雙溪區,,,,無年齡維度,0.0,女,遷出,other,0
111,3,27,雙溪區,,,,無年齡維度,0.0,男,遷出,other,0
111,3,27,雙溪區,,,,無年齡維度,0.0,女,遷出,其他縣市,0
111,3,27,雙溪區,,,,無年齡維度,0.0,男,遷出,其他縣市,0
111,3,27,雙溪區,,,,無年齡維度,0.0,女,遷出,其他鄉鎮,10
111,3,27,雙溪區,,,,無年齡維度,0.0,男,遷出,其他鄉鎮,12
111,3,27,雙溪區,,,,無年齡維度,0.0,女,遷出,合計,49
111,3,27,雙溪區,,,,無年齡維度,0.0,男,遷出,合計,45
111,3,27,雙溪區,,,,無年齡維度,0.0,女,遷出,國外,14
111,3,27,雙溪區,,,,無年齡維度,0.0,男,遷出,國外,14
111,3,27,雙溪區,,,,無年齡維度,0.0,女,遷出,新北市內,0
111,3,27,雙溪區,,,,無年齡維度,0.0,男,遷出,新北市內,0
111,3,27,雙溪區,,,,無年齡維度,0.0,女,遷出,桃園市,3
111,3,27,雙溪區,,,,無年齡維度,0.0,男,遷出,桃園市,0
111,3,27,雙溪區,,,,無年齡維度,0.0,女,遷出,福建省,0
111,3,27,雙溪區,,,,無年齡維度,0.0,男,遷出,福建省,0
111,3,27,雙溪區,,,,無年齡維度,0.0,女,遷出,臺中市,2
111,3,27,雙溪區,,,,無年齡維度,0.0,男,遷出,臺中市,2
111,3,27,雙溪區,,,,無年齡維度,0.0,女,遷出,臺北市,5
111,3,27,雙溪區,,,,無年齡維度,0.0,男,遷出,臺北市,1
111,3,27,雙溪區,,,,無年齡維度,0.0,女,遷出,臺南市,0
111,3,27,雙溪區,,,,無年齡維度,0.0,男,遷出,臺南市,1
111,3,27,雙溪區,,,,無年齡維度,0.0,女,遷出,臺灣省,14
111,3,27,雙溪區,,,,無年齡維度,0.0,男,遷出,臺灣省,15
111,3,27,雙溪區,,,,無年齡維度,0.0,女,遷出,高雄市,1
111,3,27,雙溪區,,,,無年齡維度,0.0,男,遷出,高雄市,0
111,3,28,貢寮區,,,,無年齡維度,0.0,女,遷入,migrants,14
111,3,28,貢寮區,,,,無年齡維度,0.0,男,遷入,migrants,13
111,3,28,貢寮區,,,,無年齡維度,0.0,女,遷入,other,0
111,3,28,貢寮區,,,,無年齡維度,0.0,男,遷入,other,0
111,3,28,貢寮區,,,,無年齡維度,0.0,女,遷入,其他縣市,0
111,3,28,貢寮區,,,,無年齡維度,0.0,男,遷入,其他縣市,0
111,3,28,貢寮區,,,,無年齡維度,0.0,女,遷入,其他鄉鎮,7
111,3,28,貢寮區,,,,無年齡維度,0.0,男,遷入,其他鄉鎮,12
111,3,28,貢寮區,,,,無年齡維度,0.0,女,遷入,合計,24
111,3,28,貢寮區,,,,無年齡維度,0.0,男,遷入,合計,32
111,3,28,貢寮區,,,,無年齡維度,0.0,女,遷入,國外,0
111,3,28,貢寮區,,,,無年齡維度,0.0,男,遷入,國外,2
111,3,28,貢寮區,,,,無年齡維度,0.0,女,遷入,新北市內,0
111,3,28,貢寮區,,,,無年齡維度,0.0,男,遷入,新北市內,0
111,3,28,貢寮區,,,,無年齡維度,0.0,女,遷入,桃園市,1
111,3,28,貢寮區,,,,無年齡維度,0.0,男,遷入,桃園市,4
111,3,28,貢寮區,,,,無年齡維度,0.0,女,遷入,福建省,0
111,3,28,貢寮區,,,,無年齡維度,0.0,男,遷入,福建省,0
111,3,28,貢寮區,,,,無年齡維度,0.0,女,遷入,臺中市,1
111,3,28,貢寮區,,,,無年齡維度,0.0,男,遷入,臺中市,0
111,3,28,貢寮區,,,,無年齡維度,0.0,女,遷入,臺北市,5
111,3,28,貢寮區,,,,無年齡維度,0.0,男,遷入,臺北市,6
111,3,28,貢寮區,,,,無年齡維度,0.0,女,遷入,臺南市,0
111,3,28,貢寮區,,,,無年齡維度,0.0,男,遷入,臺南市,0
111,3,28,貢寮區,,,,無年齡維度,0.0,女,遷入,臺灣省,10
111,3,28,貢寮區,,,,無年齡維度,0.0,男,遷入,臺灣省,7
111,3,28,貢寮區,,,,無年齡維度,0.0,女,遷入,高雄市,0
111,3,28,貢寮區,,,,無年齡維度,0.0,男,遷入,高雄市,0
111,3,28,貢寮區,,,,無年齡維度,0.0,女,遷出,migrants,14
111,3,28,貢寮區,,,,無年齡維度,0.0,男,遷出,migrants,13
111,3,28,貢寮區,,,,無年齡維度,0.0,女,遷出,other,0
111,3,28,貢寮區,,,,無年齡維度,0.0,男,遷出,other,0
111,3,28,貢寮區,,,,無年齡維度,0.0,女,遷出,其他縣市,0
111,3,28,貢寮區,,,,無年齡維度,0.0,男,遷出,其他縣市,0
111,3,28,貢寮區,,,,無年齡維度,0.0,女,遷出,其他鄉鎮,12
111,3,28,貢寮區,,,,無年齡維度,0.0,男,遷出,其他鄉鎮,11
111,3,28,貢寮區,,,,無年齡維度,0.0,女,遷出,合計,64
111,3,28,貢寮區,,,,無年齡維度,0.0,男,遷出,合計,59
111,3,28,貢寮區,,,,無年齡維度,0.0,女,遷出,國外,22
111,3,28,貢寮區,,,,無年齡維度,0.0,男,遷出,國外,16
111,3,28,貢寮區,,,,無年齡維度,0.0,女,遷出,新北市內,0
111,3,28,貢寮區,,,,無年齡維度,0.0,男,遷出,新北市內,0
111,3,28,貢寮區,,,,無年齡維度,0.0,女,遷出,桃園市,1
111,3,28,貢寮區,,,,無年齡維度,0.0,男,遷出,桃園市,1
111,3,28,貢寮區,,,,無年齡維度,0.0,女,遷出,福建省,0
111,3,28,貢寮區,,,,無年齡維度,0.0,男,遷出,福建省,0
111,3,28,貢寮區,,,,無年齡維度,0.0,女,遷出,臺中市,0
111,3,28,貢寮區,,,,無年齡維度,0.0,男,遷出,臺中市,0
111,3,28,貢寮區,,,,無年齡維度,0.0,女,遷出,臺北市,4
111,3,28,貢寮區,,,,無年齡維度,0.0,男,遷出,臺北市,3
111,3,28,貢寮區,,,,無年齡維度,0.0,女,遷出,臺南市,0
111,3,28,貢寮區,,,,無年齡維度,0.0,男,遷出,臺南市,0
111,3,28,貢寮區,,,,無年齡維度,0.0,女,遷出,臺灣省,25
111,3,28,貢寮區,,,,無年齡維度,0.0,男,遷出,臺灣省,26
111,3,28,貢寮區,,,,無年齡維度,0.0,女,遷出,高雄市,0
111,3,28,貢寮區,,,,無年齡維度,0.0,男,遷出,高雄市,2
111,3,29,烏來區,,,,無年齡維度,0.0,女,遷入,migrants,7
111,3,29,烏來區,,,,無年齡維度,0.0,男,遷入,migrants,12
111,3,29,烏來區,,,,無年齡維度,0.0,女,遷入,other,0
111,3,29,烏來區,,,,無年齡維度,0.0,男,遷入,other,0
111,3,29,烏來區,,,,無年齡維度,0.0,女,遷入,其他縣市,0
111,3,29,烏來區,,,,無年齡維度,0.0,男,遷入,其他縣市,0
111,3,29,烏來區,,,,無年齡維度,0.0,女,遷入,其他鄉鎮,6
111,3,29,烏來區,,,,無年齡維度,0.0,男,遷入,其他鄉鎮,6
111,3,29,烏來區,,,,無年齡維度,0.0,女,遷入,合計,11
111,3,29,烏來區,,,,無年齡維度,0.0,男,遷入,合計,12
111,3,29,烏來區,,,,無年齡維度,0.0,女,遷入,國外,0
111,3,29,烏來區,,,,無年齡維度,0.0,男,遷入,國外,0
111,3,29,烏來區,,,,無年齡維度,0.0,女,遷入,新北市內,0
111,3,29,烏來區,,,,無年齡維度,0.0,男,遷入,新北市內,0
111,3,29,烏來區,,,,無年齡維度,0.0,女,遷入,桃園市,3
111,3,29,烏來區,,,,無年齡維度,0.0,男,遷入,桃園市,1
111,3,29,烏來區,,,,無年齡維度,0.0,女,遷入,福建省,0
111,3,29,烏來區,,,,無年齡維度,0.0,男,遷入,福建省,0
111,3,29,烏來區,,,,無年齡維度,0.0,女,遷入,臺中市,0
111,3,29,烏來區,,,,無年齡維度,0.0,男,遷入,臺中市,0
111,3,29,烏來區,,,,無年齡維度,0.0,女,遷入,臺北市,2
111,3,29,烏來區,,,,無年齡維度,0.0,男,遷入,臺北市,1
111,3,29,烏來區,,,,無年齡維度,0.0,女,遷入,臺南市,0
111,3,29,烏來區,,,,無年齡維度,0.0,男,遷入,臺南市,0
111,3,29,烏來區,,,,無年齡維度,0.0,女,遷入,臺灣省,0
111,3,29,烏來區,,,,無年齡維度,0.0,男,遷入,臺灣省,4
111,3,29,烏來區,,,,無年齡維度,0.0,女,遷入,高雄市,0
111,3,29,烏來區,,,,無年齡維度,0.0,男,遷入,高雄市,0
111,3,29,烏來區,,,,無年齡維度,0.0,女,遷出,migrants,7
111,3,29,烏來區,,,,無年齡維度,0.0,男,遷出,migrants,12
111,3,29,烏來區,,,,無年齡維度,0.0,女,遷出,other,0
111,3,29,烏來區,,,,無年齡維度,0.0,男,遷出,other,0
111,3,29,烏來區,,,,無年齡維度,0.0,女,遷出,其他縣市,0
111,3,29,烏來區,,,,無年齡維度,0.0,男,遷出,其他縣市,0
111,3,29,烏來區,,,,無年齡維度,0.0,女,遷出,其他鄉鎮,11
111,3,29,烏來區,,,,無年齡維度,0.0,男,遷出,其他鄉鎮,10
111,3,29,烏來區,,,,無年齡維度,0.0,女,遷出,合計,25
111,3,29,烏來區,,,,無年齡維度,0.0,男,遷出,合計,27
111,3,29,烏來區,,,,無年齡維度,0.0,女,遷出,國外,9
111,3,29,烏來區,,,,無年齡維度,0.0,男,遷出,國外,9
111,3,29,烏來區,,,,無年齡維度,0.0,女,遷出,新北市內,0
111,3,29,烏來區,,,,無年齡維度,0.0,男,遷出,新北市內,0
111,3,29,烏來區,,,,無年齡維度,0.0,女,遷出,桃園市,1
111,3,29,烏來區,,,,無年齡維度,0.0,男,遷出,桃園市,2
111,3,29,烏來區,,,,無年齡維度,0.0,女,遷出,福建省,0
111,3,29,烏來區,,,,無年齡維度,0.0,男,遷出,福建省,0
111,3,29,烏來區,,,,無年齡維度,0.0,女,遷出,臺中市,0
111,3,29,烏來區,,,,無年齡維度,0.0,男,遷出,臺中市,0
111,3,29,烏來區,,,,無年齡維度,0.0,女,遷出,臺北市,2
111,3,29,烏來區,,,,無年齡維度,0.0,男,遷出,臺北市,2
111,3,29,烏來區,,,,無年齡維度,0.0,女,遷出,臺南市,0
111,3,29,烏來區,,,,無年齡維度,0.0,男,遷出,臺南市,0
111,3,29,烏來區,,,,無年齡維度,0.0,女,遷出,臺灣省,1
111,3,29,烏來區,,,,無年齡維度,0.0,男,遷出,臺灣省,2
111,3,29,烏來區,,,,無年齡維度,0.0,女,遷出,高雄市,1
111,3,29,烏來區,,,,無年齡維度,0.0,男,遷出,高雄市,2
111,4,1,板橋區,,,,無年齡維度,0.0,女,遷入,migrants,750
111,4,1,板橋區,,,,無年齡維度,0.0,男,遷入,migrants,645
111,4,1,板橋區,,,,無年齡維度,0.0,女,遷入,other,0
111,4,1,板橋區,,,,無年齡維度,0.0,男,遷入,other,0
111,4,1,板橋區,,,,無年齡維度,0.0,女,遷入,其他縣市,0
111,4,1,板橋區,,,,無年齡維度,0.0,男,遷入,其他縣市,0
111,4,1,板橋區,,,,無年齡維度,0.0,女,遷入,其他鄉鎮,376
111,4,1,板橋區,,,,無年齡維度,0.0,男,遷入,其他鄉鎮,318
111,4,1,板橋區,,,,無年齡維度,0.0,女,遷入,合計,900
111,4,1,板橋區,,,,無年齡維度,0.0,男,遷入,合計,765
111,4,1,板橋區,,,,無年齡維度,0.0,女,遷入,國外,58
111,4,1,板橋區,,,,無年齡維度,0.0,男,遷入,國外,51
111,4,1,板橋區,,,,無年齡維度,0.0,女,遷入,新北市內,0
111,4,1,板橋區,,,,無年齡維度,0.0,男,遷入,新北市內,0
111,4,1,板橋區,,,,無年齡維度,0.0,女,遷入,桃園市,53
111,4,1,板橋區,,,,無年齡維度,0.0,男,遷入,桃園市,65
111,4,1,板橋區,,,,無年齡維度,0.0,女,遷入,福建省,4
111,4,1,板橋區,,,,無年齡維度,0.0,男,遷入,福建省,6
111,4,1,板橋區,,,,無年齡維度,0.0,女,遷入,臺中市,27
111,4,1,板橋區,,,,無年齡維度,0.0,男,遷入,臺中市,20
111,4,1,板橋區,,,,無年齡維度,0.0,女,遷入,臺北市,227
111,4,1,板橋區,,,,無年齡維度,0.0,男,遷入,臺北市,185
111,4,1,板橋區,,,,無年齡維度,0.0,女,遷入,臺南市,16
111,4,1,板橋區,,,,無年齡維度,0.0,男,遷入,臺南市,7
111,4,1,板橋區,,,,無年齡維度,0.0,女,遷入,臺灣省,99
111,4,1,板橋區,,,,無年齡維度,0.0,男,遷入,臺灣省,92
111,4,1,板橋區,,,,無年齡維度,0.0,女,遷入,高雄市,20
111,4,1,板橋區,,,,無年齡維度,0.0,男,遷入,高雄市,13
111,4,1,板橋區,,,,無年齡維度,0.0,女,遷出,migrants,750
111,4,1,板橋區,,,,無年齡維度,0.0,男,遷出,migrants,645
111,4,1,板橋區,,,,無年齡維度,0.0,女,遷出,other,0
111,4,1,板橋區,,,,無年齡維度,0.0,男,遷出,other,0
111,4,1,板橋區,,,,無年齡維度,0.0,女,遷出,其他縣市,0
111,4,1,板橋區,,,,無年齡維度,0.0,男,遷出,其他縣市,0
111,4,1,板橋區,,,,無年齡維度,0.0,女,遷出,其他鄉鎮,397
111,4,1,板橋區,,,,無年齡維度,0.0,男,遷出,其他鄉鎮,365
111,4,1,板橋區,,,,無年齡維度,0.0,女,遷出,合計,1749
111,4,1,板橋區,,,,無年齡維度,0.0,男,遷出,合計,1724
111,4,1,板橋區,,,,無年齡維度,0.0,女,遷出,國外,884
111,4,1,板橋區,,,,無年齡維度,0.0,男,遷出,國外,955
111,4,1,板橋區,,,,無年齡維度,0.0,女,遷出,新北市內,0
111,4,1,板橋區,,,,無年齡維度,0.0,男,遷出,新北市內,0
111,4,1,板橋區,,,,無年齡維度,0.0,女,遷出,桃園市,89
111,4,1,板橋區,,,,無年齡維度,0.0,男,遷出,桃園市,91
111,4,1,板橋區,,,,無年齡維度,0.0,女,遷出,福建省,6
111,4,1,板橋區,,,,無年齡維度,0.0,男,遷出,福建省,6
111,4,1,板橋區,,,,無年齡維度,0.0,女,遷出,臺中市,21
111,4,1,板橋區,,,,無年齡維度,0.0,男,遷出,臺中市,34
111,4,1,板橋區,,,,無年齡維度,0.0,女,遷出,臺北市,148
111,4,1,板橋區,,,,無年齡維度,0.0,男,遷出,臺北市,114
111,4,1,板橋區,,,,無年齡維度,0.0,女,遷出,臺南市,22
111,4,1,板橋區,,,,無年齡維度,0.0,男,遷出,臺南市,17
111,4,1,板橋區,,,,無年齡維度,0.0,女,遷出,臺灣省,160
111,4,1,板橋區,,,,無年齡維度,0.0,男,遷出,臺灣省,129
111,4,1,板橋區,,,,無年齡維度,0.0,女,遷出,高雄市,22
111,4,1,板橋區,,,,無年齡維度,0.0,男,遷出,高雄市,12
111,4,2,三重區,,,,無年齡維度,0.0,女,遷入,migrants,497
111,4,2,三重區,,,,無年齡維度,0.0,男,遷入,migrants,409
111,4,2,三重區,,,,無年齡維度,0.0,女,遷入,other,0
111,4,2,三重區,,,,無年齡維度,0.0,男,遷入,other,0
111,4,2,三重區,,,,無年齡維度,0.0,女,遷入,其他縣市,0
111,4,2,三重區,,,,無年齡維度,0.0,男,遷入,其他縣市,0
111,4,2,三重區,,,,無年齡維度,0.0,女,遷入,其他鄉鎮,214
111,4,2,三重區,,,,無年齡維度,0.0,男,遷入,其他鄉鎮,214
111,4,2,三重區,,,,無年齡維度,0.0,女,遷入,合計,694
111,4,2,三重區,,,,無年齡維度,0.0,男,遷入,合計,615
111,4,2,三重區,,,,無年齡維度,0.0,女,遷入,國外,52
111,4,2,三重區,,,,無年齡維度,0.0,男,遷入,國外,26
111,4,2,三重區,,,,無年齡維度,0.0,女,遷入,新北市內,0
111,4,2,三重區,,,,無年齡維度,0.0,男,遷入,新北市內,0
111,4,2,三重區,,,,無年齡維度,0.0,女,遷入,桃園市,45
111,4,2,三重區,,,,無年齡維度,0.0,男,遷入,桃園市,29
111,4,2,三重區,,,,無年齡維度,0.0,女,遷入,福建省,2
111,4,2,三重區,,,,無年齡維度,0.0,男,遷入,福建省,2
111,4,2,三重區,,,,無年齡維度,0.0,女,遷入,臺中市,19
111,4,2,三重區,,,,無年齡維度,0.0,男,遷入,臺中市,27
111,4,2,三重區,,,,無年齡維度,0.0,女,遷入,臺北市,246
111,4,2,三重區,,,,無年齡維度,0.0,男,遷入,臺北市,225
111,4,2,三重區,,,,無年齡維度,0.0,女,遷入,臺南市,8
111,4,2,三重區,,,,無年齡維度,0.0,男,遷入,臺南市,8
111,4,2,三重區,,,,無年齡維度,0.0,女,遷入,臺灣省,85
111,4,2,三重區,,,,無年齡維度,0.0,男,遷入,臺灣省,66
111,4,2,三重區,,,,無年齡維度,0.0,女,遷入,高雄市,12
111,4,2,三重區,,,,無年齡維度,0.0,男,遷入,高雄市,13
111,4,2,三重區,,,,無年齡維度,0.0,女,遷出,migrants,497
111,4,2,三重區,,,,無年齡維度,0.0,男,遷出,migrants,409
111,4,2,三重區,,,,無年齡維度,0.0,女,遷出,other,0
111,4,2,三重區,,,,無年齡維度,0.0,男,遷出,other,0
111,4,2,三重區,,,,無年齡維度,0.0,女,遷出,其他縣市,0
111,4,2,三重區,,,,無年齡維度,0.0,男,遷出,其他縣市,0
111,4,2,三重區,,,,無年齡維度,0.0,女,遷出,其他鄉鎮,273
111,4,2,三重區,,,,無年齡維度,0.0,男,遷出,其他鄉鎮,234
111,4,2,三重區,,,,無年齡維度,0.0,女,遷出,合計,1269
111,4,2,三重區,,,,無年齡維度,0.0,男,遷出,合計,1284
111,4,2,三重區,,,,無年齡維度,0.0,女,遷出,國外,621
111,4,2,三重區,,,,無年齡維度,0.0,男,遷出,國外,702
111,4,2,三重區,,,,無年齡維度,0.0,女,遷出,新北市內,0
111,4,2,三重區,,,,無年齡維度,0.0,男,遷出,新北市內,0
111,4,2,三重區,,,,無年齡維度,0.0,女,遷出,桃園市,82
111,4,2,三重區,,,,無年齡維度,0.0,男,遷出,桃園市,73
111,4,2,三重區,,,,無年齡維度,0.0,女,遷出,福建省,2
111,4,2,三重區,,,,無年齡維度,0.0,男,遷出,福建省,3
111,4,2,三重區,,,,無年齡維度,0.0,女,遷出,臺中市,16
111,4,2,三重區,,,,無年齡維度,0.0,男,遷出,臺中市,19
111,4,2,三重區,,,,無年齡維度,0.0,女,遷出,臺北市,161
111,4,2,三重區,,,,無年齡維度,0.0,男,遷出,臺北市,121
111,4,2,三重區,,,,無年齡維度,0.0,女,遷出,臺南市,5
111,4,2,三重區,,,,無年齡維度,0.0,男,遷出,臺南市,14
111,4,2,三重區,,,,無年齡維度,0.0,女,遷出,臺灣省,84
111,4,2,三重區,,,,無年齡維度,0.0,男,遷出,臺灣省,99
111,4,2,三重區,,,,無年齡維度,0.0,女,遷出,高雄市,23
111,4,2,三重區,,,,無年齡維度,0.0,男,遷出,高雄市,19
111,4,3,中和區,,,,無年齡維度,0.0,女,遷入,migrants,392
111,4,3,中和區,,,,無年齡維度,0.0,男,遷入,migrants,341
111,4,3,中和區,,,,無年齡維度,0.0,女,遷入,other,0
111,4,3,中和區,,,,無年齡維度,0.0,男,遷入,other,0
111,4,3,中和區,,,,無年齡維度,0.0,女,遷入,其他縣市,0
111,4,3,中和區,,,,無年齡維度,0.0,男,遷入,其他縣市,0
111,4,3,中和區,,,,無年齡維度,0.0,女,遷入,其他鄉鎮,348
111,4,3,中和區,,,,無年齡維度,0.0,男,遷入,其他鄉鎮,268
111,4,3,中和區,,,,無年齡維度,0.0,女,遷入,合計,793
111,4,3,中和區,,,,無年齡維度,0.0,男,遷入,合計,677
111,4,3,中和區,,,,無年齡維度,0.0,女,遷入,國外,94
111,4,3,中和區,,,,無年齡維度,0.0,男,遷入,國外,65
111,4,3,中和區,,,,無年齡維度,0.0,女,遷入,新北市內,0
111,4,3,中和區,,,,無年齡維度,0.0,男,遷入,新北市內,0
111,4,3,中和區,,,,無年齡維度,0.0,女,遷入,桃園市,45
111,4,3,中和區,,,,無年齡維度,0.0,男,遷入,桃園市,41
111,4,3,中和區,,,,無年齡維度,0.0,女,遷入,福建省,6
111,4,3,中和區,,,,無年齡維度,0.0,男,遷入,福建省,20
111,4,3,中和區,,,,無年齡維度,0.0,女,遷入,臺中市,18
111,4,3,中和區,,,,無年齡維度,0.0,男,遷入,臺中市,13
111,4,3,中和區,,,,無年齡維度,0.0,女,遷入,臺北市,170
111,4,3,中和區,,,,無年齡維度,0.0,男,遷入,臺北市,168
111,4,3,中和區,,,,無年齡維度,0.0,女,遷入,臺南市,8
111,4,3,中和區,,,,無年齡維度,0.0,男,遷入,臺南市,9
111,4,3,中和區,,,,無年齡維度,0.0,女,遷入,臺灣省,80
111,4,3,中和區,,,,無年齡維度,0.0,男,遷入,臺灣省,68
111,4,3,中和區,,,,無年齡維度,0.0,女,遷入,高雄市,10
111,4,3,中和區,,,,無年齡維度,0.0,男,遷入,高雄市,18
111,4,3,中和區,,,,無年齡維度,0.0,女,遷出,migrants,392
111,4,3,中和區,,,,無年齡維度,0.0,男,遷出,migrants,341
111,4,3,中和區,,,,無年齡維度,0.0,女,遷出,other,0
111,4,3,中和區,,,,無年齡維度,0.0,男,遷出,other,0
111,4,3,中和區,,,,無年齡維度,0.0,女,遷出,其他縣市,0
111,4,3,中和區,,,,無年齡維度,0.0,男,遷出,其他縣市,0
111,4,3,中和區,,,,無年齡維度,0.0,女,遷出,其他鄉鎮,366
111,4,3,中和區,,,,無年齡維度,0.0,男,遷出,其他鄉鎮,319
111,4,3,中和區,,,,無年齡維度,0.0,女,遷出,合計,1647
111,4,3,中和區,,,,無年齡維度,0.0,男,遷出,合計,1658
111,4,3,中和區,,,,無年齡維度,0.0,女,遷出,國外,888
111,4,3,中和區,,,,無年齡維度,0.0,男,遷出,國外,978
111,4,3,中和區,,,,無年齡維度,0.0,女,遷出,新北市內,0
111,4,3,中和區,,,,無年齡維度,0.0,男,遷出,新北市內,0
111,4,3,中和區,,,,無年齡維度,0.0,女,遷出,桃園市,76
111,4,3,中和區,,,,無年齡維度,0.0,男,遷出,桃園市,68
111,4,3,中和區,,,,無年齡維度,0.0,女,遷出,福建省,8
111,4,3,中和區,,,,無年齡維度,0.0,男,遷出,福建省,18
111,4,3,中和區,,,,無年齡維度,0.0,女,遷出,臺中市,21
111,4,3,中和區,,,,無年齡維度,0.0,男,遷出,臺中市,23
111,4,3,中和區,,,,無年齡維度,0.0,女,遷出,臺北市,141
111,4,3,中和區,,,,無年齡維度,0.0,男,遷出,臺北市,123
111,4,3,中和區,,,,無年齡維度,0.0,女,遷出,臺南市,13
111,4,3,中和區,,,,無年齡維度,0.0,男,遷出,臺南市,12
111,4,3,中和區,,,,無年齡維度,0.0,女,遷出,臺灣省,103
111,4,3,中和區,,,,無年齡維度,0.0,男,遷出,臺灣省,99
111,4,3,中和區,,,,無年齡維度,0.0,女,遷出,高雄市,31
111,4,3,中和區,,,,無年齡維度,0.0,男,遷出,高雄市,17
111,4,4,永和區,,,,無年齡維度,0.0,女,遷入,migrants,182
111,4,4,永和區,,,,無年齡維度,0.0,男,遷入,migrants,163
111,4,4,永和區,,,,無年齡維度,0.0,女,遷入,other,0
111,4,4,永和區,,,,無年齡維度,0.0,男,遷入,other,0
111,4,4,永和區,,,,無年齡維度,0.0,女,遷入,其他縣市,0
111,4,4,永和區,,,,無年齡維度,0.0,男,遷入,其他縣市,0
111,4,4,永和區,,,,無年齡維度,0.0,女,遷入,其他鄉鎮,169
111,4,4,永和區,,,,無年齡維度,0.0,男,遷入,其他鄉鎮,149
111,4,4,永和區,,,,無年齡維度,0.0,女,遷入,合計,427
111,4,4,永和區,,,,無年齡維度,0.0,男,遷入,合計,375
111,4,4,永和區,,,,無年齡維度,0.0,女,遷入,國外,69
111,4,4,永和區,,,,無年齡維度,0.0,男,遷入,國外,51
111,4,4,永和區,,,,無年齡維度,0.0,女,遷入,新北市內,0
111,4,4,永和區,,,,無年齡維度,0.0,男,遷入,新北市內,0
111,4,4,永和區,,,,無年齡維度,0.0,女,遷入,桃園市,14
111,4,4,永和區,,,,無年齡維度,0.0,男,遷入,桃園市,11
111,4,4,永和區,,,,無年齡維度,0.0,女,遷入,福建省,1
111,4,4,永和區,,,,無年齡維度,0.0,男,遷入,福建省,1
111,4,4,永和區,,,,無年齡維度,0.0,女,遷入,臺中市,8
111,4,4,永和區,,,,無年齡維度,0.0,男,遷入,臺中市,4
111,4,4,永和區,,,,無年齡維度,0.0,女,遷入,臺北市,124
111,4,4,永和區,,,,無年齡維度,0.0,男,遷入,臺北市,117
111,4,4,永和區,,,,無年齡維度,0.0,女,遷入,臺南市,2
111,4,4,永和區,,,,無年齡維度,0.0,男,遷入,臺南市,3
111,4,4,永和區,,,,無年齡維度,0.0,女,遷入,臺灣省,30
111,4,4,永和區,,,,無年齡維度,0.0,男,遷入,臺灣省,31
111,4,4,永和區,,,,無年齡維度,0.0,女,遷入,高雄市,5
111,4,4,永和區,,,,無年齡維度,0.0,男,遷入,高雄市,6
111,4,4,永和區,,,,無年齡維度,0.0,女,遷出,migrants,182
111,4,4,永和區,,,,無年齡維度,0.0,男,遷出,migrants,163
111,4,4,永和區,,,,無年齡維度,0.0,女,遷出,other,0
111,4,4,永和區,,,,無年齡維度,0.0,男,遷出,other,0
111,4,4,永和區,,,,無年齡維度,0.0,女,遷出,其他縣市,0
111,4,4,永和區,,,,無年齡維度,0.0,男,遷出,其他縣市,0
111,4,4,永和區,,,,無年齡維度,0.0,女,遷出,其他鄉鎮,233
111,4,4,永和區,,,,無年齡維度,0.0,男,遷出,其他鄉鎮,170
111,4,4,永和區,,,,無年齡維度,0.0,女,遷出,合計,1104
111,4,4,永和區,,,,無年齡維度,0.0,男,遷出,合計,971
111,4,4,永和區,,,,無年齡維度,0.0,女,遷出,國外,674
111,4,4,永和區,,,,無年齡維度,0.0,男,遷出,國外,631
111,4,4,永和區,,,,無年齡維度,0.0,女,遷出,新北市內,0
111,4,4,永和區,,,,無年齡維度,0.0,男,遷出,新北市內,0
111,4,4,永和區,,,,無年齡維度,0.0,女,遷出,桃園市,23
111,4,4,永和區,,,,無年齡維度,0.0,男,遷出,桃園市,18
111,4,4,永和區,,,,無年齡維度,0.0,女,遷出,福建省,3
111,4,4,永和區,,,,無年齡維度,0.0,男,遷出,福建省,3
111,4,4,永和區,,,,無年齡維度,0.0,女,遷出,臺中市,8
111,4,4,永和區,,,,無年齡維度,0.0,男,遷出,臺中市,11
111,4,4,永和區,,,,無年齡維度,0.0,女,遷出,臺北市,84
111,4,4,永和區,,,,無年齡維度,0.0,男,遷出,臺北市,69
111,4,4,永和區,,,,無年齡維度,0.0,女,遷出,臺南市,15
111,4,4,永和區,,,,無年齡維度,0.0,男,遷出,臺南市,5
111,4,4,永和區,,,,無年齡維度,0.0,女,遷出,臺灣省,61
111,4,4,永和區,,,,無年齡維度,0.0,男,遷出,臺灣省,60
111,4,4,永和區,,,,無年齡維度,0.0,女,遷出,高雄市,3
111,4,4,永和區,,,,無年齡維度,0.0,男,遷出,高雄市,4
111,4,5,新莊區,,,,無年齡維度,0.0,女,遷入,migrants,570
111,4,5,新莊區,,,,無年齡維度,0.0,男,遷入,migrants,506
111,4,5,新莊區,,,,無年齡維度,0.0,女,遷入,other,0
111,4,5,新莊區,,,,無年齡維度,0.0,男,遷入,other,0
111,4,5,新莊區,,,,無年齡維度,0.0,女,遷入,其他縣市,0
111,4,5,新莊區,,,,無年齡維度,0.0,男,遷入,其他縣市,0
111,4,5,新莊區,,,,無年齡維度,0.0,女,遷入,其他鄉鎮,273
111,4,5,新莊區,,,,無年齡維度,0.0,男,遷入,其他鄉鎮,225
111,4,5,新莊區,,,,無年齡維度,0.0,女,遷入,合計,655
111,4,5,新莊區,,,,無年齡維度,0.0,男,遷入,合計,573
111,4,5,新莊區,,,,無年齡維度,0.0,女,遷入,國外,44
111,4,5,新莊區,,,,無年齡維度,0.0,男,遷入,國外,36
111,4,5,新莊區,,,,無年齡維度,0.0,女,遷入,新北市內,0
111,4,5,新莊區,,,,無年齡維度,0.0,男,遷入,新北市內,0
111,4,5,新莊區,,,,無年齡維度,0.0,女,遷入,桃園市,49
111,4,5,新莊區,,,,無年齡維度,0.0,男,遷入,桃園市,46
111,4,5,新莊區,,,,無年齡維度,0.0,女,遷入,福建省,2
111,4,5,新莊區,,,,無年齡維度,0.0,男,遷入,福建省,5
111,4,5,新莊區,,,,無年齡維度,0.0,女,遷入,臺中市,21
111,4,5,新莊區,,,,無年齡維度,0.0,男,遷入,臺中市,10
111,4,5,新莊區,,,,無年齡維度,0.0,女,遷入,臺北市,151
111,4,5,新莊區,,,,無年齡維度,0.0,男,遷入,臺北市,146
111,4,5,新莊區,,,,無年齡維度,0.0,女,遷入,臺南市,16
111,4,5,新莊區,,,,無年齡維度,0.0,男,遷入,臺南市,10
111,4,5,新莊區,,,,無年齡維度,0.0,女,遷入,臺灣省,73
111,4,5,新莊區,,,,無年齡維度,0.0,男,遷入,臺灣省,75
111,4,5,新莊區,,,,無年齡維度,0.0,女,遷入,高雄市,17
111,4,5,新莊區,,,,無年齡維度,0.0,男,遷入,高雄市,12
111,4,5,新莊區,,,,無年齡維度,0.0,女,遷出,migrants,570
111,4,5,新莊區,,,,無年齡維度,0.0,男,遷出,migrants,506
111,4,5,新莊區,,,,無年齡維度,0.0,女,遷出,other,0
111,4,5,新莊區,,,,無年齡維度,0.0,男,遷出,other,0
111,4,5,新莊區,,,,無年齡維度,0.0,女,遷出,其他縣市,0
111,4,5,新莊區,,,,無年齡維度,0.0,男,遷出,其他縣市,0
111,4,5,新莊區,,,,無年齡維度,0.0,女,遷出,其他鄉鎮,300
111,4,5,新莊區,,,,無年齡維度,0.0,男,遷出,其他鄉鎮,268
111,4,5,新莊區,,,,無年齡維度,0.0,女,遷出,合計,1150
111,4,5,新莊區,,,,無年齡維度,0.0,男,遷出,合計,1223
111,4,5,新莊區,,,,無年齡維度,0.0,女,遷出,國外,497
111,4,5,新莊區,,,,無年齡維度,0.0,男,遷出,國外,598
111,4,5,新莊區,,,,無年齡維度,0.0,女,遷出,新北市內,0
111,4,5,新莊區,,,,無年齡維度,0.0,男,遷出,新北市內,0
111,4,5,新莊區,,,,無年齡維度,0.0,女,遷出,桃園市,142
111,4,5,新莊區,,,,無年齡維度,0.0,男,遷出,桃園市,121
111,4,5,新莊區,,,,無年齡維度,0.0,女,遷出,福建省,7
111,4,5,新莊區,,,,無年齡維度,0.0,男,遷出,福建省,4
111,4,5,新莊區,,,,無年齡維度,0.0,女,遷出,臺中市,16
111,4,5,新莊區,,,,無年齡維度,0.0,男,遷出,臺中市,15
111,4,5,新莊區,,,,無年齡維度,0.0,女,遷出,臺北市,72
111,4,5,新莊區,,,,無年齡維度,0.0,男,遷出,臺北市,73
111,4,5,新莊區,,,,無年齡維度,0.0,女,遷出,臺南市,7
111,4,5,新莊區,,,,無年齡維度,0.0,男,遷出,臺南市,14
111,4,5,新莊區,,,,無年齡維度,0.0,女,遷出,臺灣省,92
111,4,5,新莊區,,,,無年齡維度,0.0,男,遷出,臺灣省,114
111,4,5,新莊區,,,,無年齡維度,0.0,女,遷出,高雄市,17
111,4,5,新莊區,,,,無年齡維度,0.0,男,遷出,高雄市,16
111,4,6,新店區,,,,無年齡維度,0.0,女,遷入,migrants,363
111,4,6,新店區,,,,無年齡維度,0.0,男,遷入,migrants,367
111,4,6,新店區,,,,無年齡維度,0.0,女,遷入,other,0
111,4,6,新店區,,,,無年齡維度,0.0,男,遷入,other,0
111,4,6,新店區,,,,無年齡維度,0.0,女,遷入,其他縣市,0
111,4,6,新店區,,,,無年齡維度,0.0,男,遷入,其他縣市,0
111,4,6,新店區,,,,無年齡維度,0.0,女,遷入,其他鄉鎮,152
111,4,6,新店區,,,,無年齡維度,0.0,男,遷入,其他鄉鎮,125
111,4,6,新店區,,,,無年齡維度,0.0,女,遷入,合計,660
111,4,6,新店區,,,,無年齡維度,0.0,男,遷入,合計,511
111,4,6,新店區,,,,無年齡維度,0.0,女,遷入,國外,83
111,4,6,新店區,,,,無年齡維度,0.0,男,遷入,國外,53
111,4,6,新店區,,,,無年齡維度,0.0,女,遷入,新北市內,0
111,4,6,新店區,,,,無年齡維度,0.0,男,遷入,新北市內,0
111,4,6,新店區,,,,無年齡維度,0.0,女,遷入,桃園市,35
111,4,6,新店區,,,,無年齡維度,0.0,男,遷入,桃園市,20
111,4,6,新店區,,,,無年齡維度,0.0,女,遷入,福建省,1
111,4,6,新店區,,,,無年齡維度,0.0,男,遷入,福建省,3
111,4,6,新店區,,,,無年齡維度,0.0,女,遷入,臺中市,13
111,4,6,新店區,,,,無年齡維度,0.0,男,遷入,臺中市,15
111,4,6,新店區,,,,無年齡維度,0.0,女,遷入,臺北市,280
111,4,6,新店區,,,,無年齡維度,0.0,男,遷入,臺北市,227
111,4,6,新店區,,,,無年齡維度,0.0,女,遷入,臺南市,5
111,4,6,新店區,,,,無年齡維度,0.0,男,遷入,臺南市,7
111,4,6,新店區,,,,無年齡維度,0.0,女,遷入,臺灣省,55
111,4,6,新店區,,,,無年齡維度,0.0,男,遷入,臺灣省,49
111,4,6,新店區,,,,無年齡維度,0.0,女,遷入,高雄市,15
111,4,6,新店區,,,,無年齡維度,0.0,男,遷入,高雄市,7
111,4,6,新店區,,,,無年齡維度,0.0,女,遷出,migrants,363
111,4,6,新店區,,,,無年齡維度,0.0,男,遷出,migrants,367
111,4,6,新店區,,,,無年齡維度,0.0,女,遷出,other,0
111,4,6,新店區,,,,無年齡維度,0.0,男,遷出,other,0
111,4,6,新店區,,,,無年齡維度,0.0,女,遷出,其他縣市,0
111,4,6,新店區,,,,無年齡維度,0.0,男,遷出,其他縣市,0
111,4,6,新店區,,,,無年齡維度,0.0,女,遷出,其他鄉鎮,164
111,4,6,新店區,,,,無年齡維度,0.0,男,遷出,其他鄉鎮,147
111,4,6,新店區,,,,無年齡維度,0.0,女,遷出,合計,1979
111,4,6,新店區,,,,無年齡維度,0.0,男,遷出,合計,1782
111,4,6,新店區,,,,無年齡維度,0.0,女,遷出,國外,1466
111,4,6,新店區,,,,無年齡維度,0.0,男,遷出,國外,1349
111,4,6,新店區,,,,無年齡維度,0.0,女,遷出,新北市內,0
111,4,6,新店區,,,,無年齡維度,0.0,男,遷出,新北市內,0
111,4,6,新店區,,,,無年齡維度,0.0,女,遷出,桃園市,46
111,4,6,新店區,,,,無年齡維度,0.0,男,遷出,桃園市,45
111,4,6,新店區,,,,無年齡維度,0.0,女,遷出,福建省,3
111,4,6,新店區,,,,無年齡維度,0.0,男,遷出,福建省,4
111,4,6,新店區,,,,無年齡維度,0.0,女,遷出,臺中市,19
111,4,6,新店區,,,,無年齡維度,0.0,男,遷出,臺中市,7
111,4,6,新店區,,,,無年齡維度,0.0,女,遷出,臺北市,198
111,4,6,新店區,,,,無年齡維度,0.0,男,遷出,臺北市,143
111,4,6,新店區,,,,無年齡維度,0.0,女,遷出,臺南市,7
111,4,6,新店區,,,,無年齡維度,0.0,男,遷出,臺南市,9
111,4,6,新店區,,,,無年齡維度,0.0,女,遷出,臺灣省,69
111,4,6,新店區,,,,無年齡維度,0.0,男,遷出,臺灣省,69
111,4,6,新店區,,,,無年齡維度,0.0,女,遷出,高雄市,7
111,4,6,新店區,,,,無年齡維度,0.0,男,遷出,高雄市,8
111,4,7,土城區,,,,無年齡維度,0.0,女,遷入,migrants,188
111,4,7,土城區,,,,無年齡維度,0.0,男,遷入,migrants,181
111,4,7,土城區,,,,無年齡維度,0.0,女,遷入,other,0
111,4,7,土城區,,,,無年齡維度,0.0,男,遷入,other,0
111,4,7,土城區,,,,無年齡維度,0.0,女,遷入,其他縣市,0
111,4,7,土城區,,,,無年齡維度,0.0,男,遷入,其他縣市,0
111,4,7,土城區,,,,無年齡維度,0.0,女,遷入,其他鄉鎮,146
111,4,7,土城區,,,,無年齡維度,0.0,男,遷入,其他鄉鎮,129
111,4,7,土城區,,,,無年齡維度,0.0,女,遷入,合計,319
111,4,7,土城區,,,,無年齡維度,0.0,男,遷入,合計,263
111,4,7,土城區,,,,無年齡維度,0.0,女,遷入,國外,24
111,4,7,土城區,,,,無年齡維度,0.0,男,遷入,國外,19
111,4,7,土城區,,,,無年齡維度,0.0,女,遷入,新北市內,0
111,4,7,土城區,,,,無年齡維度,0.0,男,遷入,新北市內,0
111,4,7,土城區,,,,無年齡維度,0.0,女,遷入,桃園市,36
111,4,7,土城區,,,,無年齡維度,0.0,男,遷入,桃園市,28
111,4,7,土城區,,,,無年齡維度,0.0,女,遷入,福建省,1
111,4,7,土城區,,,,無年齡維度,0.0,男,遷入,福建省,1
111,4,7,土城區,,,,無年齡維度,0.0,女,遷入,臺中市,6
111,4,7,土城區,,,,無年齡維度,0.0,男,遷入,臺中市,3
111,4,7,土城區,,,,無年齡維度,0.0,女,遷入,臺北市,45
111,4,7,土城區,,,,無年齡維度,0.0,男,遷入,臺北市,36
111,4,7,土城區,,,,無年齡維度,0.0,女,遷入,臺南市,3
111,4,7,土城區,,,,無年齡維度,0.0,男,遷入,臺南市,2
111,4,7,土城區,,,,無年齡維度,0.0,女,遷入,臺灣省,42
111,4,7,土城區,,,,無年齡維度,0.0,男,遷入,臺灣省,37
111,4,7,土城區,,,,無年齡維度,0.0,女,遷入,高雄市,3
111,4,7,土城區,,,,無年齡維度,0.0,男,遷入,高雄市,4
111,4,7,土城區,,,,無年齡維度,0.0,女,遷出,migrants,188
111,4,7,土城區,,,,無年齡維度,0.0,男,遷出,migrants,181
111,4,7,土城區,,,,無年齡維度,0.0,女,遷出,other,0
111,4,7,土城區,,,,無年齡維度,0.0,男,遷出,other,0
111,4,7,土城區,,,,無年齡維度,0.0,女,遷出,其他縣市,0
111,4,7,土城區,,,,無年齡維度,0.0,男,遷出,其他縣市,0
111,4,7,土城區,,,,無年齡維度,0.0,女,遷出,其他鄉鎮,162
111,4,7,土城區,,,,無年齡維度,0.0,男,遷出,其他鄉鎮,124
111,4,7,土城區,,,,無年齡維度,0.0,女,遷出,合計,521
111,4,7,土城區,,,,無年齡維度,0.0,男,遷出,合計,543
111,4,7,土城區,,,,無年齡維度,0.0,女,遷出,國外,189
111,4,7,土城區,,,,無年齡維度,0.0,男,遷出,國外,261
111,4,7,土城區,,,,無年齡維度,0.0,女,遷出,新北市內,0
111,4,7,土城區,,,,無年齡維度,0.0,男,遷出,新北市內,0
111,4,7,土城區,,,,無年齡維度,0.0,女,遷出,桃園市,67
111,4,7,土城區,,,,無年齡維度,0.0,男,遷出,桃園市,67
111,4,7,土城區,,,,無年齡維度,0.0,女,遷出,福建省,5
111,4,7,土城區,,,,無年齡維度,0.0,男,遷出,福建省,4
111,4,7,土城區,,,,無年齡維度,0.0,女,遷出,臺中市,8
111,4,7,土城區,,,,無年齡維度,0.0,男,遷出,臺中市,9
111,4,7,土城區,,,,無年齡維度,0.0,女,遷出,臺北市,22
111,4,7,土城區,,,,無年齡維度,0.0,男,遷出,臺北市,24
111,4,7,土城區,,,,無年齡維度,0.0,女,遷出,臺南市,5
111,4,7,土城區,,,,無年齡維度,0.0,男,遷出,臺南市,2
111,4,7,土城區,,,,無年齡維度,0.0,女,遷出,臺灣省,59
111,4,7,土城區,,,,無年齡維度,0.0,男,遷出,臺灣省,49
111,4,7,土城區,,,,無年齡維度,0.0,女,遷出,高雄市,2
111,4,7,土城區,,,,無年齡維度,0.0,男,遷出,高雄市,3
111,4,8,蘆洲區,,,,無年齡維度,0.0,女,遷入,migrants,115
111,4,8,蘆洲區,,,,無年齡維度,0.0,男,遷入,migrants,82
111,4,8,蘆洲區,,,,無年齡維度,0.0,女,遷入,other,0
111,4,8,蘆洲區,,,,無年齡維度,0.0,男,遷入,other,0
111,4,8,蘆洲區,,,,無年齡維度,0.0,女,遷入,其他縣市,0
111,4,8,蘆洲區,,,,無年齡維度,0.0,男,遷入,其他縣市,0
111,4,8,蘆洲區,,,,無年齡維度,0.0,女,遷入,其他鄉鎮,74
111,4,8,蘆洲區,,,,無年齡維度,0.0,男,遷入,其他鄉鎮,59
111,4,8,蘆洲區,,,,無年齡維度,0.0,女,遷入,合計,181
111,4,8,蘆洲區,,,,無年齡維度,0.0,男,遷入,合計,148
111,4,8,蘆洲區,,,,無年齡維度,0.0,女,遷入,國外,8
111,4,8,蘆洲區,,,,無年齡維度,0.0,男,遷入,國外,5
111,4,8,蘆洲區,,,,無年齡維度,0.0,女,遷入,新北市內,0
111,4,8,蘆洲區,,,,無年齡維度,0.0,男,遷入,新北市內,0
111,4,8,蘆洲區,,,,無年齡維度,0.0,女,遷入,桃園市,58
111,4,8,蘆洲區,,,,無年齡維度,0.0,男,遷入,桃園市,46
111,4,8,蘆洲區,,,,無年齡維度,0.0,女,遷入,福建省,0
111,4,8,蘆洲區,,,,無年齡維度,0.0,男,遷入,福建省,1
111,4,8,蘆洲區,,,,無年齡維度,0.0,女,遷入,臺中市,1
111,4,8,蘆洲區,,,,無年齡維度,0.0,男,遷入,臺中市,2
111,4,8,蘆洲區,,,,無年齡維度,0.0,女,遷入,臺北市,16
111,4,8,蘆洲區,,,,無年齡維度,0.0,男,遷入,臺北市,19
111,4,8,蘆洲區,,,,無年齡維度,0.0,女,遷入,臺南市,2
111,4,8,蘆洲區,,,,無年齡維度,0.0,男,遷入,臺南市,2
111,4,8,蘆洲區,,,,無年齡維度,0.0,女,遷入,臺灣省,19
111,4,8,蘆洲區,,,,無年齡維度,0.0,男,遷入,臺灣省,12
111,4,8,蘆洲區,,,,無年齡維度,0.0,女,遷入,高雄市,0
111,4,8,蘆洲區,,,,無年齡維度,0.0,男,遷入,高雄市,1
111,4,8,蘆洲區,,,,無年齡維度,0.0,女,遷出,migrants,115
111,4,8,蘆洲區,,,,無年齡維度,0.0,男,遷出,migrants,82
111,4,8,蘆洲區,,,,無年齡維度,0.0,女,遷出,other,0
111,4,8,蘆洲區,,,,無年齡維度,0.0,男,遷出,other,0
111,4,8,蘆洲區,,,,無年齡維度,0.0,女,遷出,其他縣市,0
111,4,8,蘆洲區,,,,無年齡維度,0.0,男,遷出,其他縣市,0
111,4,8,蘆洲區,,,,無年齡維度,0.0,女,遷出,其他鄉鎮,35
111,4,8,蘆洲區,,,,無年齡維度,0.0,男,遷出,其他鄉鎮,32
111,4,8,蘆洲區,,,,無年齡維度,0.0,女,遷出,合計,244
111,4,8,蘆洲區,,,,無年齡維度,0.0,男,遷出,合計,230
111,4,8,蘆洲區,,,,無年齡維度,0.0,女,遷出,國外,106
111,4,8,蘆洲區,,,,無年齡維度,0.0,男,遷出,國外,104
111,4,8,蘆洲區,,,,無年齡維度,0.0,女,遷出,新北市內,0
111,4,8,蘆洲區,,,,無年齡維度,0.0,男,遷出,新北市內,0
111,4,8,蘆洲區,,,,無年齡維度,0.0,女,遷出,桃園市,61
111,4,8,蘆洲區,,,,無年齡維度,0.0,男,遷出,桃園市,56
111,4,8,蘆洲區,,,,無年齡維度,0.0,女,遷出,福建省,1
111,4,8,蘆洲區,,,,無年齡維度,0.0,男,遷出,福建省,0
111,4,8,蘆洲區,,,,無年齡維度,0.0,女,遷出,臺中市,3
111,4,8,蘆洲區,,,,無年齡維度,0.0,男,遷出,臺中市,2
111,4,8,蘆洲區,,,,無年齡維度,0.0,女,遷出,臺北市,13
111,4,8,蘆洲區,,,,無年齡維度,0.0,男,遷出,臺北市,8
111,4,8,蘆洲區,,,,無年齡維度,0.0,女,遷出,臺南市,1
111,4,8,蘆洲區,,,,無年齡維度,0.0,男,遷出,臺南市,4
111,4,8,蘆洲區,,,,無年齡維度,0.0,女,遷出,臺灣省,18
111,4,8,蘆洲區,,,,無年齡維度,0.0,男,遷出,臺灣省,21
111,4,8,蘆洲區,,,,無年齡維度,0.0,女,遷出,高雄市,6
111,4,8,蘆洲區,,,,無年齡維度,0.0,男,遷出,高雄市,3
111,4,9,樹林區,,,,無年齡維度,0.0,女,遷入,migrants,158
111,4,9,樹林區,,,,無年齡維度,0.0,男,遷入,migrants,145
111,4,9,樹林區,,,,無年齡維度,0.0,女,遷入,other,0
111,4,9,樹林區,,,,無年齡維度,0.0,男,遷入,other,0
111,4,9,樹林區,,,,無年齡維度,0.0,女,遷入,其他縣市,0
111,4,9,樹林區,,,,無年齡維度,0.0,男,遷入,其他縣市,0
111,4,9,樹林區,,,,無年齡維度,0.0,女,遷入,其他鄉鎮,83
111,4,9,樹林區,,,,無年齡維度,0.0,男,遷入,其他鄉鎮,91
111,4,9,樹林區,,,,無年齡維度,0.0,女,遷入,合計,167
111,4,9,樹林區,,,,無年齡維度,0.0,男,遷入,合計,187
111,4,9,樹林區,,,,無年齡維度,0.0,女,遷入,國外,17
111,4,9,樹林區,,,,無年齡維度,0.0,男,遷入,國外,18
111,4,9,樹林區,,,,無年齡維度,0.0,女,遷入,新北市內,0
111,4,9,樹林區,,,,無年齡維度,0.0,男,遷入,新北市內,0
111,4,9,樹林區,,,,無年齡維度,0.0,女,遷入,桃園市,18
111,4,9,樹林區,,,,無年齡維度,0.0,男,遷入,桃園市,27
111,4,9,樹林區,,,,無年齡維度,0.0,女,遷入,福建省,0
111,4,9,樹林區,,,,無年齡維度,0.0,男,遷入,福建省,1
111,4,9,樹林區,,,,無年齡維度,0.0,女,遷入,臺中市,4
111,4,9,樹林區,,,,無年齡維度,0.0,男,遷入,臺中市,4
111,4,9,樹林區,,,,無年齡維度,0.0,女,遷入,臺北市,19
111,4,9,樹林區,,,,無年齡維度,0.0,男,遷入,臺北市,17
111,4,9,樹林區,,,,無年齡維度,0.0,女,遷入,臺南市,0
111,4,9,樹林區,,,,無年齡維度,0.0,男,遷入,臺南市,0
111,4,9,樹林區,,,,無年齡維度,0.0,女,遷入,臺灣省,19
111,4,9,樹林區,,,,無年齡維度,0.0,男,遷入,臺灣省,20
111,4,9,樹林區,,,,無年齡維度,0.0,女,遷入,高雄市,3
111,4,9,樹林區,,,,無年齡維度,0.0,男,遷入,高雄市,7
111,4,9,樹林區,,,,無年齡維度,0.0,女,遷出,migrants,158
111,4,9,樹林區,,,,無年齡維度,0.0,男,遷出,migrants,145
111,4,9,樹林區,,,,無年齡維度,0.0,女,遷出,other,0
111,4,9,樹林區,,,,無年齡維度,0.0,男,遷出,other,0
111,4,9,樹林區,,,,無年齡維度,0.0,女,遷出,其他縣市,0
111,4,9,樹林區,,,,無年齡維度,0.0,男,遷出,其他縣市,0
111,4,9,樹林區,,,,無年齡維度,0.0,女,遷出,其他鄉鎮,96
111,4,9,樹林區,,,,無年齡維度,0.0,男,遷出,其他鄉鎮,91
111,4,9,樹林區,,,,無年齡維度,0.0,女,遷出,合計,373
111,4,9,樹林區,,,,無年齡維度,0.0,男,遷出,合計,335
111,4,9,樹林區,,,,無年齡維度,0.0,女,遷出,國外,181
111,4,9,樹林區,,,,無年齡維度,0.0,男,遷出,國外,170
111,4,9,樹林區,,,,無年齡維度,0.0,女,遷出,新北市內,0
111,4,9,樹林區,,,,無年齡維度,0.0,男,遷出,新北市內,0
111,4,9,樹林區,,,,無年齡維度,0.0,女,遷出,桃園市,37
111,4,9,樹林區,,,,無年齡維度,0.0,男,遷出,桃園市,25
111,4,9,樹林區,,,,無年齡維度,0.0,女,遷出,福建省,1
111,4,9,樹林區,,,,無年齡維度,0.0,男,遷出,福建省,2
111,4,9,樹林區,,,,無年齡維度,0.0,女,遷出,臺中市,5
111,4,9,樹林區,,,,無年齡維度,0.0,男,遷出,臺中市,3
111,4,9,樹林區,,,,無年齡維度,0.0,女,遷出,臺北市,12
111,4,9,樹林區,,,,無年齡維度,0.0,男,遷出,臺北市,12
111,4,9,樹林區,,,,無年齡維度,0.0,女,遷出,臺南市,2
111,4,9,樹林區,,,,無年齡維度,0.0,男,遷出,臺南市,4
111,4,9,樹林區,,,,無年齡維度,0.0,女,遷出,臺灣省,30
111,4,9,樹林區,,,,無年齡維度,0.0,男,遷出,臺灣省,25
111,4,9,樹林區,,,,無年齡維度,0.0,女,遷出,高雄市,9
111,4,9,樹林區,,,,無年齡維度,0.0,男,遷出,高雄市,3
111,4,10,鶯歌區,,,,無年齡維度,0.0,女,遷入,migrants,328
111,4,10,鶯歌區,,,,無年齡維度,0.0,男,遷入,migrants,290
111,4,10,鶯歌區,,,,無年齡維度,0.0,女,遷入,other,0
111,4,10,鶯歌區,,,,無年齡維度,0.0,男,遷入,other,0
111,4,10,鶯歌區,,,,無年齡維度,0.0,女,遷入,其他縣市,0
111,4,10,鶯歌區,,,,無年齡維度,0.0,男,遷入,其他縣市,0
111,4,10,鶯歌區,,,,無年齡維度,0.0,女,遷入,其他鄉鎮,137
111,4,10,鶯歌區,,,,無年齡維度,0.0,男,遷入,其他鄉鎮,128
111,4,10,鶯歌區,,,,無年齡維度,0.0,女,遷入,合計,517
111,4,10,鶯歌區,,,,無年齡維度,0.0,男,遷入,合計,442
111,4,10,鶯歌區,,,,無年齡維度,0.0,女,遷入,國外,52
111,4,10,鶯歌區,,,,無年齡維度,0.0,男,遷入,國外,43
111,4,10,鶯歌區,,,,無年齡維度,0.0,女,遷入,新北市內,0
111,4,10,鶯歌區,,,,無年齡維度,0.0,男,遷入,新北市內,0
111,4,10,鶯歌區,,,,無年齡維度,0.0,女,遷入,桃園市,13
111,4,10,鶯歌區,,,,無年齡維度,0.0,男,遷入,桃園市,15
111,4,10,鶯歌區,,,,無年齡維度,0.0,女,遷入,福建省,0
111,4,10,鶯歌區,,,,無年齡維度,0.0,男,遷入,福建省,1
111,4,10,鶯歌區,,,,無年齡維度,0.0,女,遷入,臺中市,4
111,4,10,鶯歌區,,,,無年齡維度,0.0,男,遷入,臺中市,12
111,4,10,鶯歌區,,,,無年齡維度,0.0,女,遷入,臺北市,233
111,4,10,鶯歌區,,,,無年齡維度,0.0,男,遷入,臺北市,197
111,4,10,鶯歌區,,,,無年齡維度,0.0,女,遷入,臺南市,15
111,4,10,鶯歌區,,,,無年齡維度,0.0,男,遷入,臺南市,4
111,4,10,鶯歌區,,,,無年齡維度,0.0,女,遷入,臺灣省,37
111,4,10,鶯歌區,,,,無年齡維度,0.0,男,遷入,臺灣省,28
111,4,10,鶯歌區,,,,無年齡維度,0.0,女,遷入,高雄市,15
111,4,10,鶯歌區,,,,無年齡維度,0.0,男,遷入,高雄市,10
111,4,10,鶯歌區,,,,無年齡維度,0.0,女,遷出,migrants,328
111,4,10,鶯歌區,,,,無年齡維度,0.0,男,遷出,migrants,290
111,4,10,鶯歌區,,,,無年齡維度,0.0,女,遷出,other,0
111,4,10,鶯歌區,,,,無年齡維度,0.0,男,遷出,other,0
111,4,10,鶯歌區,,,,無年齡維度,0.0,女,遷出,其他縣市,0
111,4,10,鶯歌區,,,,無年齡維度,0.0,男,遷出,其他縣市,0
111,4,10,鶯歌區,,,,無年齡維度,0.0,女,遷出,其他鄉鎮,78
111,4,10,鶯歌區,,,,無年齡維度,0.0,男,遷出,其他鄉鎮,76
111,4,10,鶯歌區,,,,無年齡維度,0.0,女,遷出,合計,558
111,4,10,鶯歌區,,,,無年齡維度,0.0,男,遷出,合計,557
111,4,10,鶯歌區,,,,無年齡維度,0.0,女,遷出,國外,301
111,4,10,鶯歌區,,,,無年齡維度,0.0,男,遷出,國外,308
111,4,10,鶯歌區,,,,無年齡維度,0.0,女,遷出,新北市內,0
111,4,10,鶯歌區,,,,無年齡維度,0.0,男,遷出,新北市內,0
111,4,10,鶯歌區,,,,無年齡維度,0.0,女,遷出,桃園市,23
111,4,10,鶯歌區,,,,無年齡維度,0.0,男,遷出,桃園市,13
111,4,10,鶯歌區,,,,無年齡維度,0.0,女,遷出,福建省,1
111,4,10,鶯歌區,,,,無年齡維度,0.0,男,遷出,福建省,2
111,4,10,鶯歌區,,,,無年齡維度,0.0,女,遷出,臺中市,8
111,4,10,鶯歌區,,,,無年齡維度,0.0,男,遷出,臺中市,10
111,4,10,鶯歌區,,,,無年齡維度,0.0,女,遷出,臺北市,95
111,4,10,鶯歌區,,,,無年齡維度,0.0,男,遷出,臺北市,79
111,4,10,鶯歌區,,,,無年齡維度,0.0,女,遷出,臺南市,5
111,4,10,鶯歌區,,,,無年齡維度,0.0,男,遷出,臺南市,7
111,4,10,鶯歌區,,,,無年齡維度,0.0,女,遷出,臺灣省,38
111,4,10,鶯歌區,,,,無年齡維度,0.0,男,遷出,臺灣省,55
111,4,10,鶯歌區,,,,無年齡維度,0.0,女,遷出,高雄市,9
111,4,10,鶯歌區,,,,無年齡維度,0.0,男,遷出,高雄市,7
111,4,11,三峽區,,,,無年齡維度,0.0,女,遷入,migrants,245
111,4,11,三峽區,,,,無年齡維度,0.0,男,遷入,migrants,229
111,4,11,三峽區,,,,無年齡維度,0.0,女,遷入,other,0
111,4,11,三峽區,,,,無年齡維度,0.0,男,遷入,other,0
111,4,11,三峽區,,,,無年齡維度,0.0,女,遷入,其他縣市,0
111,4,11,三峽區,,,,無年齡維度,0.0,男,遷入,其他縣市,0
111,4,11,三峽區,,,,無年齡維度,0.0,女,遷入,其他鄉鎮,63
111,4,11,三峽區,,,,無年齡維度,0.0,男,遷入,其他鄉鎮,54
111,4,11,三峽區,,,,無年齡維度,0.0,女,遷入,合計,426
111,4,11,三峽區,,,,無年齡維度,0.0,男,遷入,合計,353
111,4,11,三峽區,,,,無年齡維度,0.0,女,遷入,國外,34
111,4,11,三峽區,,,,無年齡維度,0.0,男,遷入,國外,20
111,4,11,三峽區,,,,無年齡維度,0.0,女,遷入,新北市內,0
111,4,11,三峽區,,,,無年齡維度,0.0,男,遷入,新北市內,0
111,4,11,三峽區,,,,無年齡維度,0.0,女,遷入,桃園市,20
111,4,11,三峽區,,,,無年齡維度,0.0,男,遷入,桃園市,16
111,4,11,三峽區,,,,無年齡維度,0.0,女,遷入,福建省,0
111,4,11,三峽區,,,,無年齡維度,0.0,男,遷入,福建省,1
111,4,11,三峽區,,,,無年齡維度,0.0,女,遷入,臺中市,13
111,4,11,三峽區,,,,無年齡維度,0.0,男,遷入,臺中市,10
111,4,11,三峽區,,,,無年齡維度,0.0,女,遷入,臺北市,196
111,4,11,三峽區,,,,無年齡維度,0.0,男,遷入,臺北市,191
111,4,11,三峽區,,,,無年齡維度,0.0,女,遷入,臺南市,6
111,4,11,三峽區,,,,無年齡維度,0.0,男,遷入,臺南市,5
111,4,11,三峽區,,,,無年齡維度,0.0,女,遷入,臺灣省,73
111,4,11,三峽區,,,,無年齡維度,0.0,男,遷入,臺灣省,46
111,4,11,三峽區,,,,無年齡維度,0.0,女,遷入,高雄市,9
111,4,11,三峽區,,,,無年齡維度,0.0,男,遷入,高雄市,7
111,4,11,三峽區,,,,無年齡維度,0.0,女,遷出,migrants,245
111,4,11,三峽區,,,,無年齡維度,0.0,男,遷出,migrants,229
111,4,11,三峽區,,,,無年齡維度,0.0,女,遷出,other,0
111,4,11,三峽區,,,,無年齡維度,0.0,男,遷出,other,0
111,4,11,三峽區,,,,無年齡維度,0.0,女,遷出,其他縣市,0
111,4,11,三峽區,,,,無年齡維度,0.0,男,遷出,其他縣市,0
111,4,11,三峽區,,,,無年齡維度,0.0,女,遷出,其他鄉鎮,77
111,4,11,三峽區,,,,無年齡維度,0.0,男,遷出,其他鄉鎮,67
111,4,11,三峽區,,,,無年齡維度,0.0,女,遷出,合計,730
111,4,11,三峽區,,,,無年齡維度,0.0,男,遷出,合計,696
111,4,11,三峽區,,,,無年齡維度,0.0,女,遷出,國外,341
111,4,11,三峽區,,,,無年齡維度,0.0,男,遷出,國外,367
111,4,11,三峽區,,,,無年齡維度,0.0,女,遷出,新北市內,0
111,4,11,三峽區,,,,無年齡維度,0.0,男,遷出,新北市內,0
111,4,11,三峽區,,,,無年齡維度,0.0,女,遷出,桃園市,31
111,4,11,三峽區,,,,無年齡維度,0.0,男,遷出,桃園市,34
111,4,11,三峽區,,,,無年齡維度,0.0,女,遷出,福建省,2
111,4,11,三峽區,,,,無年齡維度,0.0,男,遷出,福建省,2
111,4,11,三峽區,,,,無年齡維度,0.0,女,遷出,臺中市,15
111,4,11,三峽區,,,,無年齡維度,0.0,男,遷出,臺中市,11
111,4,11,三峽區,,,,無年齡維度,0.0,女,遷出,臺北市,151
111,4,11,三峽區,,,,無年齡維度,0.0,男,遷出,臺北市,108
111,4,11,三峽區,,,,無年齡維度,0.0,女,遷出,臺南市,5
111,4,11,三峽區,,,,無年齡維度,0.0,男,遷出,臺南市,5
111,4,11,三峽區,,,,無年齡維度,0.0,女,遷出,臺灣省,99
111,4,11,三峽區,,,,無年齡維度,0.0,男,遷出,臺灣省,95
111,4,11,三峽區,,,,無年齡維度,0.0,女,遷出,高雄市,9
111,4,11,三峽區,,,,無年齡維度,0.0,男,遷出,高雄市,7
111,4,12,淡水區,,,,無年齡維度,0.0,女,遷入,migrants,39
111,4,12,淡水區,,,,無年齡維度,0.0,男,遷入,migrants,38
111,4,12,淡水區,,,,無年齡維度,0.0,女,遷入,other,0
111,4,12,淡水區,,,,無年齡維度,0.0,男,遷入,other,0
111,4,12,淡水區,,,,無年齡維度,0.0,女,遷入,其他縣市,0
111,4,12,淡水區,,,,無年齡維度,0.0,男,遷入,其他縣市,0
111,4,12,淡水區,,,,無年齡維度,0.0,女,遷入,其他鄉鎮,8
111,4,12,淡水區,,,,無年齡維度,0.0,男,遷入,其他鄉鎮,17
111,4,12,淡水區,,,,無年齡維度,0.0,女,遷入,合計,60
111,4,12,淡水區,,,,無年齡維度,0.0,男,遷入,合計,46
111,4,12,淡水區,,,,無年齡維度,0.0,女,遷入,國外,1
111,4,12,淡水區,,,,無年齡維度,0.0,男,遷入,國外,3
111,4,12,淡水區,,,,無年齡維度,0.0,女,遷入,新北市內,0
111,4,12,淡水區,,,,無年齡維度,0.0,男,遷入,新北市內,0
111,4,12,淡水區,,,,無年齡維度,0.0,女,遷入,桃園市,4
111,4,12,淡水區,,,,無年齡維度,0.0,男,遷入,桃園市,2
111,4,12,淡水區,,,,無年齡維度,0.0,女,遷入,福建省,2
111,4,12,淡水區,,,,無年齡維度,0.0,男,遷入,福建省,0
111,4,12,淡水區,,,,無年齡維度,0.0,女,遷入,臺中市,1
111,4,12,淡水區,,,,無年齡維度,0.0,男,遷入,臺中市,0
111,4,12,淡水區,,,,無年齡維度,0.0,女,遷入,臺北市,12
111,4,12,淡水區,,,,無年齡維度,0.0,男,遷入,臺北市,10
111,4,12,淡水區,,,,無年齡維度,0.0,女,遷入,臺南市,2
111,4,12,淡水區,,,,無年齡維度,0.0,男,遷入,臺南市,2
111,4,12,淡水區,,,,無年齡維度,0.0,女,遷入,臺灣省,28
111,4,12,淡水區,,,,無年齡維度,0.0,男,遷入,臺灣省,11
111,4,12,淡水區,,,,無年齡維度,0.0,女,遷入,高雄市,0
111,4,12,淡水區,,,,無年齡維度,0.0,男,遷入,高雄市,0
111,4,12,淡水區,,,,無年齡維度,0.0,女,遷出,migrants,39
111,4,12,淡水區,,,,無年齡維度,0.0,男,遷出,migrants,38
111,4,12,淡水區,,,,無年齡維度,0.0,女,遷出,other,0
111,4,12,淡水區,,,,無年齡維度,0.0,男,遷出,other,0
111,4,12,淡水區,,,,無年齡維度,0.0,女,遷出,其他縣市,0
111,4,12,淡水區,,,,無年齡維度,0.0,男,遷出,其他縣市,0
111,4,12,淡水區,,,,無年齡維度,0.0,女,遷出,其他鄉鎮,21
111,4,12,淡水區,,,,無年齡維度,0.0,男,遷出,其他鄉鎮,26
111,4,12,淡水區,,,,無年齡維度,0.0,女,遷出,合計,86
111,4,12,淡水區,,,,無年齡維度,0.0,男,遷出,合計,93
111,4,12,淡水區,,,,無年齡維度,0.0,女,遷出,國外,10
111,4,12,淡水區,,,,無年齡維度,0.0,男,遷出,國外,17
111,4,12,淡水區,,,,無年齡維度,0.0,女,遷出,新北市內,0
111,4,12,淡水區,,,,無年齡維度,0.0,男,遷出,新北市內,0
111,4,12,淡水區,,,,無年齡維度,0.0,女,遷出,桃園市,8
111,4,12,淡水區,,,,無年齡維度,0.0,男,遷出,桃園市,5
111,4,12,淡水區,,,,無年齡維度,0.0,女,遷出,福建省,1
111,4,12,淡水區,,,,無年齡維度,0.0,男,遷出,福建省,1
111,4,12,淡水區,,,,無年齡維度,0.0,女,遷出,臺中市,0
111,4,12,淡水區,,,,無年齡維度,0.0,男,遷出,臺中市,4
111,4,12,淡水區,,,,無年齡維度,0.0,女,遷出,臺北市,7
111,4,12,淡水區,,,,無年齡維度,0.0,男,遷出,臺北市,6
111,4,12,淡水區,,,,無年齡維度,0.0,女,遷出,臺南市,0
111,4,12,淡水區,,,,無年齡維度,0.0,男,遷出,臺南市,0
111,4,12,淡水區,,,,無年齡維度,0.0,女,遷出,臺灣省,35
111,4,12,淡水區,,,,無年齡維度,0.0,男,遷出,臺灣省,33
111,4,12,淡水區,,,,無年齡維度,0.0,女,遷出,高雄市,4
111,4,12,淡水區,,,,無年齡維度,0.0,男,遷出,高雄市,1
111,4,13,汐止區,,,,無年齡維度,0.0,女,遷入,migrants,327
111,4,13,汐止區,,,,無年齡維度,0.0,男,遷入,migrants,284
111,4,13,汐止區,,,,無年齡維度,0.0,女,遷入,other,0
111,4,13,汐止區,,,,無年齡維度,0.0,男,遷入,other,0
111,4,13,汐止區,,,,無年齡維度,0.0,女,遷入,其他縣市,0
111,4,13,汐止區,,,,無年齡維度,0.0,男,遷入,其他縣市,0
111,4,13,汐止區,,,,無年齡維度,0.0,女,遷入,其他鄉鎮,225
111,4,13,汐止區,,,,無年齡維度,0.0,男,遷入,其他鄉鎮,209
111,4,13,汐止區,,,,無年齡維度,0.0,女,遷入,合計,455
111,4,13,汐止區,,,,無年齡維度,0.0,男,遷入,合計,380
111,4,13,汐止區,,,,無年齡維度,0.0,女,遷入,國外,26
111,4,13,汐止區,,,,無年齡維度,0.0,男,遷入,國外,27
111,4,13,汐止區,,,,無年齡維度,0.0,女,遷入,新北市內,0
111,4,13,汐止區,,,,無年齡維度,0.0,男,遷入,新北市內,0
111,4,13,汐止區,,,,無年齡維度,0.0,女,遷入,桃園市,36
111,4,13,汐止區,,,,無年齡維度,0.0,男,遷入,桃園市,37
111,4,13,汐止區,,,,無年齡維度,0.0,女,遷入,福建省,4
111,4,13,汐止區,,,,無年齡維度,0.0,男,遷入,福建省,4
111,4,13,汐止區,,,,無年齡維度,0.0,女,遷入,臺中市,12
111,4,13,汐止區,,,,無年齡維度,0.0,男,遷入,臺中市,14
111,4,13,汐止區,,,,無年齡維度,0.0,女,遷入,臺北市,86
111,4,13,汐止區,,,,無年齡維度,0.0,男,遷入,臺北市,58
111,4,13,汐止區,,,,無年齡維度,0.0,女,遷入,臺南市,6
111,4,13,汐止區,,,,無年齡維度,0.0,男,遷入,臺南市,3
111,4,13,汐止區,,,,無年齡維度,0.0,女,遷入,臺灣省,41
111,4,13,汐止區,,,,無年齡維度,0.0,男,遷入,臺灣省,23
111,4,13,汐止區,,,,無年齡維度,0.0,女,遷入,高雄市,11
111,4,13,汐止區,,,,無年齡維度,0.0,男,遷入,高雄市,4
111,4,13,汐止區,,,,無年齡維度,0.0,女,遷出,migrants,327
111,4,13,汐止區,,,,無年齡維度,0.0,男,遷出,migrants,284
111,4,13,汐止區,,,,無年齡維度,0.0,女,遷出,other,0
111,4,13,汐止區,,,,無年齡維度,0.0,男,遷出,other,0
111,4,13,汐止區,,,,無年齡維度,0.0,女,遷出,其他縣市,0
111,4,13,汐止區,,,,無年齡維度,0.0,男,遷出,其他縣市,0
111,4,13,汐止區,,,,無年齡維度,0.0,女,遷出,其他鄉鎮,197
111,4,13,汐止區,,,,無年齡維度,0.0,男,遷出,其他鄉鎮,168
111,4,13,汐止區,,,,無年齡維度,0.0,女,遷出,合計,672
111,4,13,汐止區,,,,無年齡維度,0.0,男,遷出,合計,690
111,4,13,汐止區,,,,無年齡維度,0.0,女,遷出,國外,267
111,4,13,汐止區,,,,無年齡維度,0.0,男,遷出,國外,313
111,4,13,汐止區,,,,無年齡維度,0.0,女,遷出,新北市內,0
111,4,13,汐止區,,,,無年齡維度,0.0,男,遷出,新北市內,0
111,4,13,汐止區,,,,無年齡維度,0.0,女,遷出,桃園市,60
111,4,13,汐止區,,,,無年齡維度,0.0,男,遷出,桃園市,57
111,4,13,汐止區,,,,無年齡維度,0.0,女,遷出,福建省,6
111,4,13,汐止區,,,,無年齡維度,0.0,男,遷出,福建省,8
111,4,13,汐止區,,,,無年齡維度,0.0,女,遷出,臺中市,8
111,4,13,汐止區,,,,無年齡維度,0.0,男,遷出,臺中市,12
111,4,13,汐止區,,,,無年齡維度,0.0,女,遷出,臺北市,28
111,4,13,汐止區,,,,無年齡維度,0.0,男,遷出,臺北市,36
111,4,13,汐止區,,,,無年齡維度,0.0,女,遷出,臺南市,9
111,4,13,汐止區,,,,無年齡維度,0.0,男,遷出,臺南市,8
111,4,13,汐止區,,,,無年齡維度,0.0,女,遷出,臺灣省,75
111,4,13,汐止區,,,,無年齡維度,0.0,男,遷出,臺灣省,76
111,4,13,汐止區,,,,無年齡維度,0.0,女,遷出,高雄市,22
111,4,13,汐止區,,,,無年齡維度,0.0,男,遷出,高雄市,12
111,4,14,瑞芳區,,,,無年齡維度,0.0,女,遷入,migrants,204
111,4,14,瑞芳區,,,,無年齡維度,0.0,男,遷入,migrants,212
111,4,14,瑞芳區,,,,無年齡維度,0.0,女,遷入,other,0
111,4,14,瑞芳區,,,,無年齡維度,0.0,男,遷入,other,0
111,4,14,瑞芳區,,,,無年齡維度,0.0,女,遷入,其他縣市,0
111,4,14,瑞芳區,,,,無年齡維度,0.0,男,遷入,其他縣市,0
111,4,14,瑞芳區,,,,無年齡維度,0.0,女,遷入,其他鄉鎮,165
111,4,14,瑞芳區,,,,無年齡維度,0.0,男,遷入,其他鄉鎮,142
111,4,14,瑞芳區,,,,無年齡維度,0.0,女,遷入,合計,361
111,4,14,瑞芳區,,,,無年齡維度,0.0,男,遷入,合計,322
111,4,14,瑞芳區,,,,無年齡維度,0.0,女,遷入,國外,11
111,4,14,瑞芳區,,,,無年齡維度,0.0,男,遷入,國外,14
111,4,14,瑞芳區,,,,無年齡維度,0.0,女,遷入,新北市內,0
111,4,14,瑞芳區,,,,無年齡維度,0.0,男,遷入,新北市內,0
111,4,14,瑞芳區,,,,無年齡維度,0.0,女,遷入,桃園市,19
111,4,14,瑞芳區,,,,無年齡維度,0.0,男,遷入,桃園市,13
111,4,14,瑞芳區,,,,無年齡維度,0.0,女,遷入,福建省,0
111,4,14,瑞芳區,,,,無年齡維度,0.0,男,遷入,福建省,1
111,4,14,瑞芳區,,,,無年齡維度,0.0,女,遷入,臺中市,10
111,4,14,瑞芳區,,,,無年齡維度,0.0,男,遷入,臺中市,2
111,4,14,瑞芳區,,,,無年齡維度,0.0,女,遷入,臺北市,105
111,4,14,瑞芳區,,,,無年齡維度,0.0,男,遷入,臺北市,111
111,4,14,瑞芳區,,,,無年齡維度,0.0,女,遷入,臺南市,0
111,4,14,瑞芳區,,,,無年齡維度,0.0,男,遷入,臺南市,5
111,4,14,瑞芳區,,,,無年齡維度,0.0,女,遷入,臺灣省,33
111,4,14,瑞芳區,,,,無年齡維度,0.0,男,遷入,臺灣省,25
111,4,14,瑞芳區,,,,無年齡維度,0.0,女,遷入,高雄市,7
111,4,14,瑞芳區,,,,無年齡維度,0.0,男,遷入,高雄市,5
111,4,14,瑞芳區,,,,無年齡維度,0.0,女,遷出,migrants,204
111,4,14,瑞芳區,,,,無年齡維度,0.0,男,遷出,migrants,212
111,4,14,瑞芳區,,,,無年齡維度,0.0,女,遷出,other,0
111,4,14,瑞芳區,,,,無年齡維度,0.0,男,遷出,other,0
111,4,14,瑞芳區,,,,無年齡維度,0.0,女,遷出,其他縣市,0
111,4,14,瑞芳區,,,,無年齡維度,0.0,男,遷出,其他縣市,0
111,4,14,瑞芳區,,,,無年齡維度,0.0,女,遷出,其他鄉鎮,195
111,4,14,瑞芳區,,,,無年齡維度,0.0,男,遷出,其他鄉鎮,172
111,4,14,瑞芳區,,,,無年齡維度,0.0,女,遷出,合計,526
111,4,14,瑞芳區,,,,無年齡維度,0.0,男,遷出,合計,518
111,4,14,瑞芳區,,,,無年齡維度,0.0,女,遷出,國外,151
111,4,14,瑞芳區,,,,無年齡維度,0.0,男,遷出,國外,188
111,4,14,瑞芳區,,,,無年齡維度,0.0,女,遷出,新北市內,0
111,4,14,瑞芳區,,,,無年齡維度,0.0,男,遷出,新北市內,0
111,4,14,瑞芳區,,,,無年齡維度,0.0,女,遷出,桃園市,39
111,4,14,瑞芳區,,,,無年齡維度,0.0,男,遷出,桃園市,27
111,4,14,瑞芳區,,,,無年齡維度,0.0,女,遷出,福建省,4
111,4,14,瑞芳區,,,,無年齡維度,0.0,男,遷出,福建省,2
111,4,14,瑞芳區,,,,無年齡維度,0.0,女,遷出,臺中市,15
111,4,14,瑞芳區,,,,無年齡維度,0.0,男,遷出,臺中市,13
111,4,14,瑞芳區,,,,無年齡維度,0.0,女,遷出,臺北市,47
111,4,14,瑞芳區,,,,無年齡維度,0.0,男,遷出,臺北市,50
111,4,14,瑞芳區,,,,無年齡維度,0.0,女,遷出,臺南市,9
111,4,14,瑞芳區,,,,無年齡維度,0.0,男,遷出,臺南市,10
111,4,14,瑞芳區,,,,無年齡維度,0.0,女,遷出,臺灣省,59
111,4,14,瑞芳區,,,,無年齡維度,0.0,男,遷出,臺灣省,50
111,4,14,瑞芳區,,,,無年齡維度,0.0,女,遷出,高雄市,7
111,4,14,瑞芳區,,,,無年齡維度,0.0,男,遷出,高雄市,6
111,4,15,五股區,,,,無年齡維度,0.0,女,遷入,migrants,111
111,4,15,五股區,,,,無年齡維度,0.0,男,遷入,migrants,94
111,4,15,五股區,,,,無年齡維度,0.0,女,遷入,other,0
111,4,15,五股區,,,,無年齡維度,0.0,男,遷入,other,0
111,4,15,五股區,,,,無年齡維度,0.0,女,遷入,其他縣市,0
111,4,15,五股區,,,,無年齡維度,0.0,男,遷入,其他縣市,0
111,4,15,五股區,,,,無年齡維度,0.0,女,遷入,其他鄉鎮,179
111,4,15,五股區,,,,無年齡維度,0.0,男,遷入,其他鄉鎮,150
111,4,15,五股區,,,,無年齡維度,0.0,女,遷入,合計,281
111,4,15,五股區,,,,無年齡維度,0.0,男,遷入,合計,257
111,4,15,五股區,,,,無年齡維度,0.0,女,遷入,國外,8
111,4,15,五股區,,,,無年齡維度,0.0,男,遷入,國外,8
111,4,15,五股區,,,,無年齡維度,0.0,女,遷入,新北市內,0
111,4,15,五股區,,,,無年齡維度,0.0,男,遷入,新北市內,0
111,4,15,五股區,,,,無年齡維度,0.0,女,遷入,桃園市,9
111,4,15,五股區,,,,無年齡維度,0.0,男,遷入,桃園市,13
111,4,15,五股區,,,,無年齡維度,0.0,女,遷入,福建省,1
111,4,15,五股區,,,,無年齡維度,0.0,男,遷入,福建省,0
111,4,15,五股區,,,,無年齡維度,0.0,女,遷入,臺中市,7
111,4,15,五股區,,,,無年齡維度,0.0,男,遷入,臺中市,11
111,4,15,五股區,,,,無年齡維度,0.0,女,遷入,臺北市,40
111,4,15,五股區,,,,無年齡維度,0.0,男,遷入,臺北市,45
111,4,15,五股區,,,,無年齡維度,0.0,女,遷入,臺南市,3
111,4,15,五股區,,,,無年齡維度,0.0,男,遷入,臺南市,2
111,4,15,五股區,,,,無年齡維度,0.0,女,遷入,臺灣省,25
111,4,15,五股區,,,,無年齡維度,0.0,男,遷入,臺灣省,24
111,4,15,五股區,,,,無年齡維度,0.0,女,遷入,高雄市,7
111,4,15,五股區,,,,無年齡維度,0.0,男,遷入,高雄市,4
111,4,15,五股區,,,,無年齡維度,0.0,女,遷出,migrants,111
111,4,15,五股區,,,,無年齡維度,0.0,男,遷出,migrants,94
111,4,15,五股區,,,,無年齡維度,0.0,女,遷出,other,0
111,4,15,五股區,,,,無年齡維度,0.0,男,遷出,other,0
111,4,15,五股區,,,,無年齡維度,0.0,女,遷出,其他縣市,0
111,4,15,五股區,,,,無年齡維度,0.0,男,遷出,其他縣市,0
111,4,15,五股區,,,,無年齡維度,0.0,女,遷出,其他鄉鎮,99
111,4,15,五股區,,,,無年齡維度,0.0,男,遷出,其他鄉鎮,103
111,4,15,五股區,,,,無年齡維度,0.0,女,遷出,合計,314
111,4,15,五股區,,,,無年齡維度,0.0,男,遷出,合計,349
111,4,15,五股區,,,,無年齡維度,0.0,女,遷出,國外,125
111,4,15,五股區,,,,無年齡維度,0.0,男,遷出,國外,163
111,4,15,五股區,,,,無年齡維度,0.0,女,遷出,新北市內,0
111,4,15,五股區,,,,無年齡維度,0.0,男,遷出,新北市內,0
111,4,15,五股區,,,,無年齡維度,0.0,女,遷出,桃園市,26
111,4,15,五股區,,,,無年齡維度,0.0,男,遷出,桃園市,24
111,4,15,五股區,,,,無年齡維度,0.0,女,遷出,福建省,0
111,4,15,五股區,,,,無年齡維度,0.0,男,遷出,福建省,0
111,4,15,五股區,,,,無年齡維度,0.0,女,遷出,臺中市,3
111,4,15,五股區,,,,無年齡維度,0.0,男,遷出,臺中市,0
111,4,15,五股區,,,,無年齡維度,0.0,女,遷出,臺北市,19
111,4,15,五股區,,,,無年齡維度,0.0,男,遷出,臺北市,24
111,4,15,五股區,,,,無年齡維度,0.0,女,遷出,臺南市,3
111,4,15,五股區,,,,無年齡維度,0.0,男,遷出,臺南市,4
111,4,15,五股區,,,,無年齡維度,0.0,女,遷出,臺灣省,36
111,4,15,五股區,,,,無年齡維度,0.0,男,遷出,臺灣省,29
111,4,15,五股區,,,,無年齡維度,0.0,女,遷出,高雄市,3
111,4,15,五股區,,,,無年齡維度,0.0,男,遷出,高雄市,2
111,4,16,泰山區,,,,無年齡維度,0.0,女,遷入,migrants,72
111,4,16,泰山區,,,,無年齡維度,0.0,男,遷入,migrants,73
111,4,16,泰山區,,,,無年齡維度,0.0,女,遷入,other,0
111,4,16,泰山區,,,,無年齡維度,0.0,男,遷入,other,0
111,4,16,泰山區,,,,無年齡維度,0.0,女,遷入,其他縣市,0
111,4,16,泰山區,,,,無年齡維度,0.0,男,遷入,其他縣市,0
111,4,16,泰山區,,,,無年齡維度,0.0,女,遷入,其他鄉鎮,65
111,4,16,泰山區,,,,無年齡維度,0.0,男,遷入,其他鄉鎮,60
111,4,16,泰山區,,,,無年齡維度,0.0,女,遷入,合計,110
111,4,16,泰山區,,,,無年齡維度,0.0,男,遷入,合計,110
111,4,16,泰山區,,,,無年齡維度,0.0,女,遷入,國外,3
111,4,16,泰山區,,,,無年齡維度,0.0,男,遷入,國外,10
111,4,16,泰山區,,,,無年齡維度,0.0,女,遷入,新北市內,0
111,4,16,泰山區,,,,無年齡維度,0.0,男,遷入,新北市內,0
111,4,16,泰山區,,,,無年齡維度,0.0,女,遷入,桃園市,6
111,4,16,泰山區,,,,無年齡維度,0.0,男,遷入,桃園市,9
111,4,16,泰山區,,,,無年齡維度,0.0,女,遷入,福建省,0
111,4,16,泰山區,,,,無年齡維度,0.0,男,遷入,福建省,1
111,4,16,泰山區,,,,無年齡維度,0.0,女,遷入,臺中市,5
111,4,16,泰山區,,,,無年齡維度,0.0,男,遷入,臺中市,3
111,4,16,泰山區,,,,無年齡維度,0.0,女,遷入,臺北市,12
111,4,16,泰山區,,,,無年齡維度,0.0,男,遷入,臺北市,18
111,4,16,泰山區,,,,無年齡維度,0.0,女,遷入,臺南市,1
111,4,16,泰山區,,,,無年齡維度,0.0,男,遷入,臺南市,0
111,4,16,泰山區,,,,無年齡維度,0.0,女,遷入,臺灣省,11
111,4,16,泰山區,,,,無年齡維度,0.0,男,遷入,臺灣省,8
111,4,16,泰山區,,,,無年齡維度,0.0,女,遷入,高雄市,2
111,4,16,泰山區,,,,無年齡維度,0.0,男,遷入,高雄市,1
111,4,16,泰山區,,,,無年齡維度,0.0,女,遷出,migrants,72
111,4,16,泰山區,,,,無年齡維度,0.0,男,遷出,migrants,73
111,4,16,泰山區,,,,無年齡維度,0.0,女,遷出,other,0
111,4,16,泰山區,,,,無年齡維度,0.0,男,遷出,other,0
111,4,16,泰山區,,,,無年齡維度,0.0,女,遷出,其他縣市,0
111,4,16,泰山區,,,,無年齡維度,0.0,男,遷出,其他縣市,0
111,4,16,泰山區,,,,無年齡維度,0.0,女,遷出,其他鄉鎮,67
111,4,16,泰山區,,,,無年齡維度,0.0,男,遷出,其他鄉鎮,62
111,4,16,泰山區,,,,無年齡維度,0.0,女,遷出,合計,203
111,4,16,泰山區,,,,無年齡維度,0.0,男,遷出,合計,193
111,4,16,泰山區,,,,無年齡維度,0.0,女,遷出,國外,62
111,4,16,泰山區,,,,無年齡維度,0.0,男,遷出,國外,75
111,4,16,泰山區,,,,無年齡維度,0.0,女,遷出,新北市內,0
111,4,16,泰山區,,,,無年齡維度,0.0,男,遷出,新北市內,0
111,4,16,泰山區,,,,無年齡維度,0.0,女,遷出,桃園市,26
111,4,16,泰山區,,,,無年齡維度,0.0,男,遷出,桃園市,18
111,4,16,泰山區,,,,無年齡維度,0.0,女,遷出,福建省,0
111,4,16,泰山區,,,,無年齡維度,0.0,男,遷出,福建省,1
111,4,16,泰山區,,,,無年齡維度,0.0,女,遷出,臺中市,6
111,4,16,泰山區,,,,無年齡維度,0.0,男,遷出,臺中市,4
111,4,16,泰山區,,,,無年齡維度,0.0,女,遷出,臺北市,13
111,4,16,泰山區,,,,無年齡維度,0.0,男,遷出,臺北市,9
111,4,16,泰山區,,,,無年齡維度,0.0,女,遷出,臺南市,5
111,4,16,泰山區,,,,無年齡維度,0.0,男,遷出,臺南市,4
111,4,16,泰山區,,,,無年齡維度,0.0,女,遷出,臺灣省,21
111,4,16,泰山區,,,,無年齡維度,0.0,男,遷出,臺灣省,18
111,4,16,泰山區,,,,無年齡維度,0.0,女,遷出,高雄市,3
111,4,16,泰山區,,,,無年齡維度,0.0,男,遷出,高雄市,2
111,4,17,林口區,,,,無年齡維度,0.0,女,遷入,migrants,251
111,4,17,林口區,,,,無年齡維度,0.0,男,遷入,migrants,215
111,4,17,林口區,,,,無年齡維度,0.0,女,遷入,other,0
111,4,17,林口區,,,,無年齡維度,0.0,男,遷入,other,0
111,4,17,林口區,,,,無年齡維度,0.0,女,遷入,其他縣市,0
111,4,17,林口區,,,,無年齡維度,0.0,男,遷入,其他縣市,0
111,4,17,林口區,,,,無年齡維度,0.0,女,遷入,其他鄉鎮,103
111,4,17,林口區,,,,無年齡維度,0.0,男,遷入,其他鄉鎮,99
111,4,17,林口區,,,,無年齡維度,0.0,女,遷入,合計,400
111,4,17,林口區,,,,無年齡維度,0.0,男,遷入,合計,374
111,4,17,林口區,,,,無年齡維度,0.0,女,遷入,國外,26
111,4,17,林口區,,,,無年齡維度,0.0,男,遷入,國外,34
111,4,17,林口區,,,,無年齡維度,0.0,女,遷入,新北市內,0
111,4,17,林口區,,,,無年齡維度,0.0,男,遷入,新北市內,0
111,4,17,林口區,,,,無年齡維度,0.0,女,遷入,桃園市,100
111,4,17,林口區,,,,無年齡維度,0.0,男,遷入,桃園市,75
111,4,17,林口區,,,,無年齡維度,0.0,女,遷入,福建省,0
111,4,17,林口區,,,,無年齡維度,0.0,男,遷入,福建省,3
111,4,17,林口區,,,,無年齡維度,0.0,女,遷入,臺中市,13
111,4,17,林口區,,,,無年齡維度,0.0,男,遷入,臺中市,10
111,4,17,林口區,,,,無年齡維度,0.0,女,遷入,臺北市,103
111,4,17,林口區,,,,無年齡維度,0.0,男,遷入,臺北市,100
111,4,17,林口區,,,,無年齡維度,0.0,女,遷入,臺南市,3
111,4,17,林口區,,,,無年齡維度,0.0,男,遷入,臺南市,4
111,4,17,林口區,,,,無年齡維度,0.0,女,遷入,臺灣省,34
111,4,17,林口區,,,,無年齡維度,0.0,男,遷入,臺灣省,35
111,4,17,林口區,,,,無年齡維度,0.0,女,遷入,高雄市,9
111,4,17,林口區,,,,無年齡維度,0.0,男,遷入,高雄市,8
111,4,17,林口區,,,,無年齡維度,0.0,女,遷出,migrants,251
111,4,17,林口區,,,,無年齡維度,0.0,男,遷出,migrants,215
111,4,17,林口區,,,,無年齡維度,0.0,女,遷出,other,0
111,4,17,林口區,,,,無年齡維度,0.0,男,遷出,other,0
111,4,17,林口區,,,,無年齡維度,0.0,女,遷出,其他縣市,0
111,4,17,林口區,,,,無年齡維度,0.0,男,遷出,其他縣市,0
111,4,17,林口區,,,,無年齡維度,0.0,女,遷出,其他鄉鎮,57
111,4,17,林口區,,,,無年齡維度,0.0,男,遷出,其他鄉鎮,46
111,4,17,林口區,,,,無年齡維度,0.0,女,遷出,合計,591
111,4,17,林口區,,,,無年齡維度,0.0,男,遷出,合計,549
111,4,17,林口區,,,,無年齡維度,0.0,女,遷出,國外,339
111,4,17,林口區,,,,無年齡維度,0.0,男,遷出,國外,355
111,4,17,林口區,,,,無年齡維度,0.0,女,遷出,新北市內,0
111,4,17,林口區,,,,無年齡維度,0.0,男,遷出,新北市內,0
111,4,17,林口區,,,,無年齡維度,0.0,女,遷出,桃園市,84
111,4,17,林口區,,,,無年齡維度,0.0,男,遷出,桃園市,64
111,4,17,林口區,,,,無年齡維度,0.0,女,遷出,福建省,1
111,4,17,林口區,,,,無年齡維度,0.0,男,遷出,福建省,2
111,4,17,林口區,,,,無年齡維度,0.0,女,遷出,臺中市,6
111,4,17,林口區,,,,無年齡維度,0.0,男,遷出,臺中市,2
111,4,17,林口區,,,,無年齡維度,0.0,女,遷出,臺北市,60
111,4,17,林口區,,,,無年齡維度,0.0,男,遷出,臺北市,42
111,4,17,林口區,,,,無年齡維度,0.0,女,遷出,臺南市,2
111,4,17,林口區,,,,無年齡維度,0.0,男,遷出,臺南市,1
111,4,17,林口區,,,,無年齡維度,0.0,女,遷出,臺灣省,38
111,4,17,林口區,,,,無年齡維度,0.0,男,遷出,臺灣省,30
111,4,17,林口區,,,,無年齡維度,0.0,女,遷出,高雄市,4
111,4,17,林口區,,,,無年齡維度,0.0,男,遷出,高雄市,7
111,4,18,八里區,,,,無年齡維度,0.0,女,遷入,migrants,15
111,4,18,八里區,,,,無年齡維度,0.0,男,遷入,migrants,19
111,4,18,八里區,,,,無年齡維度,0.0,女,遷入,other,0
111,4,18,八里區,,,,無年齡維度,0.0,男,遷入,other,0
111,4,18,八里區,,,,無年齡維度,0.0,女,遷入,其他縣市,0
111,4,18,八里區,,,,無年齡維度,0.0,男,遷入,其他縣市,0
111,4,18,八里區,,,,無年齡維度,0.0,女,遷入,其他鄉鎮,17
111,4,18,八里區,,,,無年齡維度,0.0,男,遷入,其他鄉鎮,14
111,4,18,八里區,,,,無年齡維度,0.0,女,遷入,合計,49
111,4,18,八里區,,,,無年齡維度,0.0,男,遷入,合計,39
111,4,18,八里區,,,,無年齡維度,0.0,女,遷入,國外,7
111,4,18,八里區,,,,無年齡維度,0.0,男,遷入,國外,4
111,4,18,八里區,,,,無年齡維度,0.0,女,遷入,新北市內,0
111,4,18,八里區,,,,無年齡維度,0.0,男,遷入,新北市內,0
111,4,18,八里區,,,,無年齡維度,0.0,女,遷入,桃園市,7
111,4,18,八里區,,,,無年齡維度,0.0,男,遷入,桃園市,2
111,4,18,八里區,,,,無年齡維度,0.0,女,遷入,福建省,0
111,4,18,八里區,,,,無年齡維度,0.0,男,遷入,福建省,0
111,4,18,八里區,,,,無年齡維度,0.0,女,遷入,臺中市,0
111,4,18,八里區,,,,無年齡維度,0.0,男,遷入,臺中市,0
111,4,18,八里區,,,,無年齡維度,0.0,女,遷入,臺北市,15
111,4,18,八里區,,,,無年齡維度,0.0,男,遷入,臺北市,15
111,4,18,八里區,,,,無年齡維度,0.0,女,遷入,臺南市,0
111,4,18,八里區,,,,無年齡維度,0.0,男,遷入,臺南市,1
111,4,18,八里區,,,,無年齡維度,0.0,女,遷入,臺灣省,3
111,4,18,八里區,,,,無年齡維度,0.0,男,遷入,臺灣省,3
111,4,18,八里區,,,,無年齡維度,0.0,女,遷入,高雄市,0
111,4,18,八里區,,,,無年齡維度,0.0,男,遷入,高雄市,0
111,4,18,八里區,,,,無年齡維度,0.0,女,遷出,migrants,15
111,4,18,八里區,,,,無年齡維度,0.0,男,遷出,migrants,19
111,4,18,八里區,,,,無年齡維度,0.0,女,遷出,other,0
111,4,18,八里區,,,,無年齡維度,0.0,男,遷出,other,0
111,4,18,八里區,,,,無年齡維度,0.0,女,遷出,其他縣市,0
111,4,18,八里區,,,,無年齡維度,0.0,男,遷出,其他縣市,0
111,4,18,八里區,,,,無年齡維度,0.0,女,遷出,其他鄉鎮,12
111,4,18,八里區,,,,無年齡維度,0.0,男,遷出,其他鄉鎮,16
111,4,18,八里區,,,,無年齡維度,0.0,女,遷出,合計,68
111,4,18,八里區,,,,無年齡維度,0.0,男,遷出,合計,77
111,4,18,八里區,,,,無年齡維度,0.0,女,遷出,國外,31
111,4,18,八里區,,,,無年齡維度,0.0,男,遷出,國外,37
111,4,18,八里區,,,,無年齡維度,0.0,女,遷出,新北市內,0
111,4,18,八里區,,,,無年齡維度,0.0,男,遷出,新北市內,0
111,4,18,八里區,,,,無年齡維度,0.0,女,遷出,桃園市,2
111,4,18,八里區,,,,無年齡維度,0.0,男,遷出,桃園市,10
111,4,18,八里區,,,,無年齡維度,0.0,女,遷出,福建省,0
111,4,18,八里區,,,,無年齡維度,0.0,男,遷出,福建省,0
111,4,18,八里區,,,,無年齡維度,0.0,女,遷出,臺中市,6
111,4,18,八里區,,,,無年齡維度,0.0,男,遷出,臺中市,2
111,4,18,八里區,,,,無年齡維度,0.0,女,遷出,臺北市,13
111,4,18,八里區,,,,無年齡維度,0.0,男,遷出,臺北市,9
111,4,18,八里區,,,,無年齡維度,0.0,女,遷出,臺南市,0
111,4,18,八里區,,,,無年齡維度,0.0,男,遷出,臺南市,0
111,4,18,八里區,,,,無年齡維度,0.0,女,遷出,臺灣省,3
111,4,18,八里區,,,,無年齡維度,0.0,男,遷出,臺灣省,3
111,4,18,八里區,,,,無年齡維度,0.0,女,遷出,高雄市,1
111,4,18,八里區,,,,無年齡維度,0.0,男,遷出,高雄市,0
111,4,19,深坑區,,,,無年齡維度,0.0,女,遷入,migrants,0
111,4,19,深坑區,,,,無年齡維度,0.0,男,遷入,migrants,0
111,4,19,深坑區,,,,無年齡維度,0.0,女,遷入,other,0
111,4,19,深坑區,,,,無年齡維度,0.0,男,遷入,other,0
111,4,19,深坑區,,,,無年齡維度,0.0,女,遷入,其他縣市,0
111,4,19,深坑區,,,,無年齡維度,0.0,男,遷入,其他縣市,0
111,4,19,深坑區,,,,無年齡維度,0.0,女,遷入,其他鄉鎮,6
111,4,19,深坑區,,,,無年齡維度,0.0,男,遷入,其他鄉鎮,4
111,4,19,深坑區,,,,無年齡維度,0.0,女,遷入,合計,8
111,4,19,深坑區,,,,無年齡維度,0.0,男,遷入,合計,4
111,4,19,深坑區,,,,無年齡維度,0.0,女,遷入,國外,1
111,4,19,深坑區,,,,無年齡維度,0.0,男,遷入,國外,0
111,4,19,深坑區,,,,無年齡維度,0.0,女,遷入,新北市內,0
111,4,19,深坑區,,,,無年齡維度,0.0,男,遷入,新北市內,0
111,4,19,深坑區,,,,無年齡維度,0.0,女,遷入,桃園市,0
111,4,19,深坑區,,,,無年齡維度,0.0,男,遷入,桃園市,0
111,4,19,深坑區,,,,無年齡維度,0.0,女,遷入,福建省,0
111,4,19,深坑區,,,,無年齡維度,0.0,男,遷入,福建省,0
111,4,19,深坑區,,,,無年齡維度,0.0,女,遷入,臺中市,0
111,4,19,深坑區,,,,無年齡維度,0.0,男,遷入,臺中市,0
111,4,19,深坑區,,,,無年齡維度,0.0,女,遷入,臺北市,1
111,4,19,深坑區,,,,無年齡維度,0.0,男,遷入,臺北市,0
111,4,19,深坑區,,,,無年齡維度,0.0,女,遷入,臺南市,0
111,4,19,深坑區,,,,無年齡維度,0.0,男,遷入,臺南市,0
111,4,19,深坑區,,,,無年齡維度,0.0,女,遷入,臺灣省,0
111,4,19,深坑區,,,,無年齡維度,0.0,男,遷入,臺灣省,0
111,4,19,深坑區,,,,無年齡維度,0.0,女,遷入,高雄市,0
111,4,19,深坑區,,,,無年齡維度,0.0,男,遷入,高雄市,0
111,4,19,深坑區,,,,無年齡維度,0.0,女,遷出,migrants,0
111,4,19,深坑區,,,,無年齡維度,0.0,男,遷出,migrants,0
111,4,19,深坑區,,,,無年齡維度,0.0,女,遷出,other,0
111,4,19,深坑區,,,,無年齡維度,0.0,男,遷出,other,0
111,4,19,深坑區,,,,無年齡維度,0.0,女,遷出,其他縣市,0
111,4,19,深坑區,,,,無年齡維度,0.0,男,遷出,其他縣市,0
111,4,19,深坑區,,,,無年齡維度,0.0,女,遷出,其他鄉鎮,7
111,4,19,深坑區,,,,無年齡維度,0.0,男,遷出,其他鄉鎮,5
111,4,19,深坑區,,,,無年齡維度,0.0,女,遷出,合計,15
111,4,19,深坑區,,,,無年齡維度,0.0,男,遷出,合計,22
111,4,19,深坑區,,,,無年齡維度,0.0,女,遷出,國外,5
111,4,19,深坑區,,,,無年齡維度,0.0,男,遷出,國外,12
111,4,19,深坑區,,,,無年齡維度,0.0,女,遷出,新北市內,0
111,4,19,深坑區,,,,無年齡維度,0.0,男,遷出,新北市內,0
111,4,19,深坑區,,,,無年齡維度,0.0,女,遷出,桃園市,0
111,4,19,深坑區,,,,無年齡維度,0.0,男,遷出,桃園市,0
111,4,19,深坑區,,,,無年齡維度,0.0,女,遷出,福建省,0
111,4,19,深坑區,,,,無年齡維度,0.0,男,遷出,福建省,0
111,4,19,深坑區,,,,無年齡維度,0.0,女,遷出,臺中市,0
111,4,19,深坑區,,,,無年齡維度,0.0,男,遷出,臺中市,0
111,4,19,深坑區,,,,無年齡維度,0.0,女,遷出,臺北市,3
111,4,19,深坑區,,,,無年齡維度,0.0,男,遷出,臺北市,3
111,4,19,深坑區,,,,無年齡維度,0.0,女,遷出,臺南市,0
111,4,19,深坑區,,,,無年齡維度,0.0,男,遷出,臺南市,1
111,4,19,深坑區,,,,無年齡維度,0.0,女,遷出,臺灣省,0
111,4,19,深坑區,,,,無年齡維度,0.0,男,遷出,臺灣省,1
111,4,19,深坑區,,,,無年齡維度,0.0,女,遷出,高雄市,0
111,4,19,深坑區,,,,無年齡維度,0.0,男,遷出,高雄市,0
111,4,20,石碇區,,,,無年齡維度,0.0,女,遷入,migrants,0
111,4,20,石碇區,,,,無年齡維度,0.0,男,遷入,migrants,0
111,4,20,石碇區,,,,無年齡維度,0.0,女,遷入,other,0
111,4,20,石碇區,,,,無年齡維度,0.0,男,遷入,other,0
111,4,20,石碇區,,,,無年齡維度,0.0,女,遷入,其他縣市,0
111,4,20,石碇區,,,,無年齡維度,0.0,男,遷入,其他縣市,0
111,4,20,石碇區,,,,無年齡維度,0.0,女,遷入,其他鄉鎮,6
111,4,20,石碇區,,,,無年齡維度,0.0,男,遷入,其他鄉鎮,8
111,4,20,石碇區,,,,無年齡維度,0.0,女,遷入,合計,8
111,4,20,石碇區,,,,無年齡維度,0.0,男,遷入,合計,11
111,4,20,石碇區,,,,無年齡維度,0.0,女,遷入,國外,0
111,4,20,石碇區,,,,無年齡維度,0.0,男,遷入,國外,0
111,4,20,石碇區,,,,無年齡維度,0.0,女,遷入,新北市內,0
111,4,20,石碇區,,,,無年齡維度,0.0,男,遷入,新北市內,0
111,4,20,石碇區,,,,無年齡維度,0.0,女,遷入,桃園市,1
111,4,20,石碇區,,,,無年齡維度,0.0,男,遷入,桃園市,0
111,4,20,石碇區,,,,無年齡維度,0.0,女,遷入,福建省,0
111,4,20,石碇區,,,,無年齡維度,0.0,男,遷入,福建省,0
111,4,20,石碇區,,,,無年齡維度,0.0,女,遷入,臺中市,0
111,4,20,石碇區,,,,無年齡維度,0.0,男,遷入,臺中市,0
111,4,20,石碇區,,,,無年齡維度,0.0,女,遷入,臺北市,0
111,4,20,石碇區,,,,無年齡維度,0.0,男,遷入,臺北市,3
111,4,20,石碇區,,,,無年齡維度,0.0,女,遷入,臺南市,0
111,4,20,石碇區,,,,無年齡維度,0.0,男,遷入,臺南市,0
111,4,20,石碇區,,,,無年齡維度,0.0,女,遷入,臺灣省,1
111,4,20,石碇區,,,,無年齡維度,0.0,男,遷入,臺灣省,0
111,4,20,石碇區,,,,無年齡維度,0.0,女,遷入,高雄市,0
111,4,20,石碇區,,,,無年齡維度,0.0,男,遷入,高雄市,0
111,4,20,石碇區,,,,無年齡維度,0.0,女,遷出,migrants,0
111,4,20,石碇區,,,,無年齡維度,0.0,男,遷出,migrants,0
111,4,20,石碇區,,,,無年齡維度,0.0,女,遷出,other,0
111,4,20,石碇區,,,,無年齡維度,0.0,男,遷出,other,0
111,4,20,石碇區,,,,無年齡維度,0.0,女,遷出,其他縣市,0
111,4,20,石碇區,,,,無年齡維度,0.0,男,遷出,其他縣市,0
111,4,20,石碇區,,,,無年齡維度,0.0,女,遷出,其他鄉鎮,3
111,4,20,石碇區,,,,無年齡維度,0.0,男,遷出,其他鄉鎮,2
111,4,20,石碇區,,,,無年齡維度,0.0,女,遷出,合計,13
111,4,20,石碇區,,,,無年齡維度,0.0,男,遷出,合計,11
111,4,20,石碇區,,,,無年齡維度,0.0,女,遷出,國外,5
111,4,20,石碇區,,,,無年齡維度,0.0,男,遷出,國外,4
111,4,20,石碇區,,,,無年齡維度,0.0,女,遷出,新北市內,0
111,4,20,石碇區,,,,無年齡維度,0.0,男,遷出,新北市內,0
111,4,20,石碇區,,,,無年齡維度,0.0,女,遷出,桃園市,0
111,4,20,石碇區,,,,無年齡維度,0.0,男,遷出,桃園市,1
111,4,20,石碇區,,,,無年齡維度,0.0,女,遷出,福建省,0
111,4,20,石碇區,,,,無年齡維度,0.0,男,遷出,福建省,0
111,4,20,石碇區,,,,無年齡維度,0.0,女,遷出,臺中市,1
111,4,20,石碇區,,,,無年齡維度,0.0,男,遷出,臺中市,1
111,4,20,石碇區,,,,無年齡維度,0.0,女,遷出,臺北市,1
111,4,20,石碇區,,,,無年齡維度,0.0,男,遷出,臺北市,2
111,4,20,石碇區,,,,無年齡維度,0.0,女,遷出,臺南市,0
111,4,20,石碇區,,,,無年齡維度,0.0,男,遷出,臺南市,0
111,4,20,石碇區,,,,無年齡維度,0.0,女,遷出,臺灣省,3
111,4,20,石碇區,,,,無年齡維度,0.0,男,遷出,臺灣省,1
111,4,20,石碇區,,,,無年齡維度,0.0,女,遷出,高雄市,0
111,4,20,石碇區,,,,無年齡維度,0.0,男,遷出,高雄市,0
111,4,21,坪林區,,,,無年齡維度,0.0,女,遷入,migrants,22
111,4,21,坪林區,,,,無年齡維度,0.0,男,遷入,migrants,15
111,4,21,坪林區,,,,無年齡維度,0.0,女,遷入,other,0
111,4,21,坪林區,,,,無年齡維度,0.0,男,遷入,other,0
111,4,21,坪林區,,,,無年齡維度,0.0,女,遷入,其他縣市,0
111,4,21,坪林區,,,,無年齡維度,0.0,男,遷入,其他縣市,0
111,4,21,坪林區,,,,無年齡維度,0.0,女,遷入,其他鄉鎮,24
111,4,21,坪林區,,,,無年齡維度,0.0,男,遷入,其他鄉鎮,15
111,4,21,坪林區,,,,無年齡維度,0.0,女,遷入,合計,36
111,4,21,坪林區,,,,無年齡維度,0.0,男,遷入,合計,23
111,4,21,坪林區,,,,無年齡維度,0.0,女,遷入,國外,1
111,4,21,坪林區,,,,無年齡維度,0.0,男,遷入,國外,1
111,4,21,坪林區,,,,無年齡維度,0.0,女,遷入,新北市內,0
111,4,21,坪林區,,,,無年齡維度,0.0,男,遷入,新北市內,0
111,4,21,坪林區,,,,無年齡維度,0.0,女,遷入,桃園市,1
111,4,21,坪林區,,,,無年齡維度,0.0,男,遷入,桃園市,0
111,4,21,坪林區,,,,無年齡維度,0.0,女,遷入,福建省,0
111,4,21,坪林區,,,,無年齡維度,0.0,男,遷入,福建省,0
111,4,21,坪林區,,,,無年齡維度,0.0,女,遷入,臺中市,1
111,4,21,坪林區,,,,無年齡維度,0.0,男,遷入,臺中市,1
111,4,21,坪林區,,,,無年齡維度,0.0,女,遷入,臺北市,5
111,4,21,坪林區,,,,無年齡維度,0.0,男,遷入,臺北市,6
111,4,21,坪林區,,,,無年齡維度,0.0,女,遷入,臺南市,0
111,4,21,坪林區,,,,無年齡維度,0.0,男,遷入,臺南市,0
111,4,21,坪林區,,,,無年齡維度,0.0,女,遷入,臺灣省,4
111,4,21,坪林區,,,,無年齡維度,0.0,男,遷入,臺灣省,0
111,4,21,坪林區,,,,無年齡維度,0.0,女,遷入,高雄市,0
111,4,21,坪林區,,,,無年齡維度,0.0,男,遷入,高雄市,0
111,4,21,坪林區,,,,無年齡維度,0.0,女,遷出,migrants,22
111,4,21,坪林區,,,,無年齡維度,0.0,男,遷出,migrants,15
111,4,21,坪林區,,,,無年齡維度,0.0,女,遷出,other,0
111,4,21,坪林區,,,,無年齡維度,0.0,男,遷出,other,0
111,4,21,坪林區,,,,無年齡維度,0.0,女,遷出,其他縣市,0
111,4,21,坪林區,,,,無年齡維度,0.0,男,遷出,其他縣市,0
111,4,21,坪林區,,,,無年齡維度,0.0,女,遷出,其他鄉鎮,13
111,4,21,坪林區,,,,無年齡維度,0.0,男,遷出,其他鄉鎮,30
111,4,21,坪林區,,,,無年齡維度,0.0,女,遷出,合計,59
111,4,21,坪林區,,,,無年齡維度,0.0,男,遷出,合計,66
111,4,21,坪林區,,,,無年齡維度,0.0,女,遷出,國外,32
111,4,21,坪林區,,,,無年齡維度,0.0,男,遷出,國外,27
111,4,21,坪林區,,,,無年齡維度,0.0,女,遷出,新北市內,0
111,4,21,坪林區,,,,無年齡維度,0.0,男,遷出,新北市內,0
111,4,21,坪林區,,,,無年齡維度,0.0,女,遷出,桃園市,2
111,4,21,坪林區,,,,無年齡維度,0.0,男,遷出,桃園市,0
111,4,21,坪林區,,,,無年齡維度,0.0,女,遷出,福建省,0
111,4,21,坪林區,,,,無年齡維度,0.0,男,遷出,福建省,1
111,4,21,坪林區,,,,無年齡維度,0.0,女,遷出,臺中市,1
111,4,21,坪林區,,,,無年齡維度,0.0,男,遷出,臺中市,0
111,4,21,坪林區,,,,無年齡維度,0.0,女,遷出,臺北市,7
111,4,21,坪林區,,,,無年齡維度,0.0,男,遷出,臺北市,5
111,4,21,坪林區,,,,無年齡維度,0.0,女,遷出,臺南市,1
111,4,21,坪林區,,,,無年齡維度,0.0,男,遷出,臺南市,1
111,4,21,坪林區,,,,無年齡維度,0.0,女,遷出,臺灣省,3
111,4,21,坪林區,,,,無年齡維度,0.0,男,遷出,臺灣省,2
111,4,21,坪林區,,,,無年齡維度,0.0,女,遷出,高雄市,0
111,4,21,坪林區,,,,無年齡維度,0.0,男,遷出,高雄市,0
111,4,22,三芝區,,,,無年齡維度,0.0,女,遷入,migrants,3
111,4,22,三芝區,,,,無年齡維度,0.0,男,遷入,migrants,2
111,4,22,三芝區,,,,無年齡維度,0.0,女,遷入,other,0
111,4,22,三芝區,,,,無年齡維度,0.0,男,遷入,other,0
111,4,22,三芝區,,,,無年齡維度,0.0,女,遷入,其他縣市,0
111,4,22,三芝區,,,,無年齡維度,0.0,男,遷入,其他縣市,0
111,4,22,三芝區,,,,無年齡維度,0.0,女,遷入,其他鄉鎮,5
111,4,22,三芝區,,,,無年齡維度,0.0,男,遷入,其他鄉鎮,11
111,4,22,三芝區,,,,無年齡維度,0.0,女,遷入,合計,6
111,4,22,三芝區,,,,無年齡維度,0.0,男,遷入,合計,14
111,4,22,三芝區,,,,無年齡維度,0.0,女,遷入,國外,1
111,4,22,三芝區,,,,無年齡維度,0.0,男,遷入,國外,0
111,4,22,三芝區,,,,無年齡維度,0.0,女,遷入,新北市內,0
111,4,22,三芝區,,,,無年齡維度,0.0,男,遷入,新北市內,0
111,4,22,三芝區,,,,無年齡維度,0.0,女,遷入,桃園市,0
111,4,22,三芝區,,,,無年齡維度,0.0,男,遷入,桃園市,1
111,4,22,三芝區,,,,無年齡維度,0.0,女,遷入,福建省,0
111,4,22,三芝區,,,,無年齡維度,0.0,男,遷入,福建省,0
111,4,22,三芝區,,,,無年齡維度,0.0,女,遷入,臺中市,0
111,4,22,三芝區,,,,無年齡維度,0.0,男,遷入,臺中市,0
111,4,22,三芝區,,,,無年齡維度,0.0,女,遷入,臺北市,0
111,4,22,三芝區,,,,無年齡維度,0.0,男,遷入,臺北市,2
111,4,22,三芝區,,,,無年齡維度,0.0,女,遷入,臺南市,0
111,4,22,三芝區,,,,無年齡維度,0.0,男,遷入,臺南市,0
111,4,22,三芝區,,,,無年齡維度,0.0,女,遷入,臺灣省,0
111,4,22,三芝區,,,,無年齡維度,0.0,男,遷入,臺灣省,0
111,4,22,三芝區,,,,無年齡維度,0.0,女,遷入,高雄市,0
111,4,22,三芝區,,,,無年齡維度,0.0,男,遷入,高雄市,0
111,4,22,三芝區,,,,無年齡維度,0.0,女,遷出,migrants,3
111,4,22,三芝區,,,,無年齡維度,0.0,男,遷出,migrants,2
111,4,22,三芝區,,,,無年齡維度,0.0,女,遷出,other,0
111,4,22,三芝區,,,,無年齡維度,0.0,男,遷出,other,0
111,4,22,三芝區,,,,無年齡維度,0.0,女,遷出,其他縣市,0
111,4,22,三芝區,,,,無年齡維度,0.0,男,遷出,其他縣市,0
111,4,22,三芝區,,,,無年齡維度,0.0,女,遷出,其他鄉鎮,11
111,4,22,三芝區,,,,無年齡維度,0.0,男,遷出,其他鄉鎮,9
111,4,22,三芝區,,,,無年齡維度,0.0,女,遷出,合計,28
111,4,22,三芝區,,,,無年齡維度,0.0,男,遷出,合計,27
111,4,22,三芝區,,,,無年齡維度,0.0,女,遷出,國外,12
111,4,22,三芝區,,,,無年齡維度,0.0,男,遷出,國外,10
111,4,22,三芝區,,,,無年齡維度,0.0,女,遷出,新北市內,0
111,4,22,三芝區,,,,無年齡維度,0.0,男,遷出,新北市內,0
111,4,22,三芝區,,,,無年齡維度,0.0,女,遷出,桃園市,0
111,4,22,三芝區,,,,無年齡維度,0.0,男,遷出,桃園市,5
111,4,22,三芝區,,,,無年齡維度,0.0,女,遷出,福建省,1
111,4,22,三芝區,,,,無年齡維度,0.0,男,遷出,福建省,0
111,4,22,三芝區,,,,無年齡維度,0.0,女,遷出,臺中市,0
111,4,22,三芝區,,,,無年齡維度,0.0,男,遷出,臺中市,1
111,4,22,三芝區,,,,無年齡維度,0.0,女,遷出,臺北市,1
111,4,22,三芝區,,,,無年齡維度,0.0,男,遷出,臺北市,0
111,4,22,三芝區,,,,無年齡維度,0.0,女,遷出,臺南市,0
111,4,22,三芝區,,,,無年齡維度,0.0,男,遷出,臺南市,0
111,4,22,三芝區,,,,無年齡維度,0.0,女,遷出,臺灣省,3
111,4,22,三芝區,,,,無年齡維度,0.0,男,遷出,臺灣省,2
111,4,22,三芝區,,,,無年齡維度,0.0,女,遷出,高雄市,0
111,4,22,三芝區,,,,無年齡維度,0.0,男,遷出,高雄市,0
111,4,23,石門區,,,,無年齡維度,0.0,女,遷入,migrants,58
111,4,23,石門區,,,,無年齡維度,0.0,男,遷入,migrants,49
111,4,23,石門區,,,,無年齡維度,0.0,女,遷入,other,0
111,4,23,石門區,,,,無年齡維度,0.0,男,遷入,other,0
111,4,23,石門區,,,,無年齡維度,0.0,女,遷入,其他縣市,0
111,4,23,石門區,,,,無年齡維度,0.0,男,遷入,其他縣市,0
111,4,23,石門區,,,,無年齡維度,0.0,女,遷入,其他鄉鎮,53
111,4,23,石門區,,,,無年齡維度,0.0,男,遷入,其他鄉鎮,59
111,4,23,石門區,,,,無年齡維度,0.0,女,遷入,合計,114
111,4,23,石門區,,,,無年齡維度,0.0,男,遷入,合計,122
111,4,23,石門區,,,,無年齡維度,0.0,女,遷入,國外,7
111,4,23,石門區,,,,無年齡維度,0.0,男,遷入,國外,3
111,4,23,石門區,,,,無年齡維度,0.0,女,遷入,新北市內,0
111,4,23,石門區,,,,無年齡維度,0.0,男,遷入,新北市內,0
111,4,23,石門區,,,,無年齡維度,0.0,女,遷入,桃園市,7
111,4,23,石門區,,,,無年齡維度,0.0,男,遷入,桃園市,13
111,4,23,石門區,,,,無年齡維度,0.0,女,遷入,福建省,0
111,4,23,石門區,,,,無年齡維度,0.0,男,遷入,福建省,1
111,4,23,石門區,,,,無年齡維度,0.0,女,遷入,臺中市,2
111,4,23,石門區,,,,無年齡維度,0.0,男,遷入,臺中市,1
111,4,23,石門區,,,,無年齡維度,0.0,女,遷入,臺北市,32
111,4,23,石門區,,,,無年齡維度,0.0,男,遷入,臺北市,35
111,4,23,石門區,,,,無年齡維度,0.0,女,遷入,臺南市,1
111,4,23,石門區,,,,無年齡維度,0.0,男,遷入,臺南市,2
111,4,23,石門區,,,,無年齡維度,0.0,女,遷入,臺灣省,7
111,4,23,石門區,,,,無年齡維度,0.0,男,遷入,臺灣省,7
111,4,23,石門區,,,,無年齡維度,0.0,女,遷入,高雄市,2
111,4,23,石門區,,,,無年齡維度,0.0,男,遷入,高雄市,1
111,4,23,石門區,,,,無年齡維度,0.0,女,遷出,migrants,58
111,4,23,石門區,,,,無年齡維度,0.0,男,遷出,migrants,49
111,4,23,石門區,,,,無年齡維度,0.0,女,遷出,other,0
111,4,23,石門區,,,,無年齡維度,0.0,男,遷出,other,0
111,4,23,石門區,,,,無年齡維度,0.0,女,遷出,其他縣市,0
111,4,23,石門區,,,,無年齡維度,0.0,男,遷出,其他縣市,0
111,4,23,石門區,,,,無年齡維度,0.0,女,遷出,其他鄉鎮,29
111,4,23,石門區,,,,無年齡維度,0.0,男,遷出,其他鄉鎮,22
111,4,23,石門區,,,,無年齡維度,0.0,女,遷出,合計,163
111,4,23,石門區,,,,無年齡維度,0.0,男,遷出,合計,121
111,4,23,石門區,,,,無年齡維度,0.0,女,遷出,國外,91
111,4,23,石門區,,,,無年齡維度,0.0,男,遷出,國外,75
111,4,23,石門區,,,,無年齡維度,0.0,女,遷出,新北市內,0
111,4,23,石門區,,,,無年齡維度,0.0,男,遷出,新北市內,0
111,4,23,石門區,,,,無年齡維度,0.0,女,遷出,桃園市,12
111,4,23,石門區,,,,無年齡維度,0.0,男,遷出,桃園市,2
111,4,23,石門區,,,,無年齡維度,0.0,女,遷出,福建省,0
111,4,23,石門區,,,,無年齡維度,0.0,男,遷出,福建省,0
111,4,23,石門區,,,,無年齡維度,0.0,女,遷出,臺中市,2
111,4,23,石門區,,,,無年齡維度,0.0,男,遷出,臺中市,4
111,4,23,石門區,,,,無年齡維度,0.0,女,遷出,臺北市,22
111,4,23,石門區,,,,無年齡維度,0.0,男,遷出,臺北市,13
111,4,23,石門區,,,,無年齡維度,0.0,女,遷出,臺南市,1
111,4,23,石門區,,,,無年齡維度,0.0,男,遷出,臺南市,1
111,4,23,石門區,,,,無年齡維度,0.0,女,遷出,臺灣省,6
111,4,23,石門區,,,,無年齡維度,0.0,男,遷出,臺灣省,2
111,4,23,石門區,,,,無年齡維度,0.0,女,遷出,高雄市,0
111,4,23,石門區,,,,無年齡維度,0.0,男,遷出,高雄市,2
111,4,24,金山區,,,,無年齡維度,0.0,女,遷入,migrants,0
111,4,24,金山區,,,,無年齡維度,0.0,男,遷入,migrants,1
111,4,24,金山區,,,,無年齡維度,0.0,女,遷入,other,0
111,4,24,金山區,,,,無年齡維度,0.0,男,遷入,other,0
111,4,24,金山區,,,,無年齡維度,0.0,女,遷入,其他縣市,0
111,4,24,金山區,,,,無年齡維度,0.0,男,遷入,其他縣市,0
111,4,24,金山區,,,,無年齡維度,0.0,女,遷入,其他鄉鎮,4
111,4,24,金山區,,,,無年齡維度,0.0,男,遷入,其他鄉鎮,8
111,4,24,金山區,,,,無年齡維度,0.0,女,遷入,合計,7
111,4,24,金山區,,,,無年齡維度,0.0,男,遷入,合計,11
111,4,24,金山區,,,,無年齡維度,0.0,女,遷入,國外,1
111,4,24,金山區,,,,無年齡維度,0.0,男,遷入,國外,0
111,4,24,金山區,,,,無年齡維度,0.0,女,遷入,新北市內,0
111,4,24,金山區,,,,無年齡維度,0.0,男,遷入,新北市內,0
111,4,24,金山區,,,,無年齡維度,0.0,女,遷入,桃園市,0
111,4,24,金山區,,,,無年齡維度,0.0,男,遷入,桃園市,0
111,4,24,金山區,,,,無年齡維度,0.0,女,遷入,福建省,0
111,4,24,金山區,,,,無年齡維度,0.0,男,遷入,福建省,0
111,4,24,金山區,,,,無年齡維度,0.0,女,遷入,臺中市,0
111,4,24,金山區,,,,無年齡維度,0.0,男,遷入,臺中市,0
111,4,24,金山區,,,,無年齡維度,0.0,女,遷入,臺北市,1
111,4,24,金山區,,,,無年齡維度,0.0,男,遷入,臺北市,2
111,4,24,金山區,,,,無年齡維度,0.0,女,遷入,臺南市,0
111,4,24,金山區,,,,無年齡維度,0.0,男,遷入,臺南市,0
111,4,24,金山區,,,,無年齡維度,0.0,女,遷入,臺灣省,1
111,4,24,金山區,,,,無年齡維度,0.0,男,遷入,臺灣省,1
111,4,24,金山區,,,,無年齡維度,0.0,女,遷入,高雄市,0
111,4,24,金山區,,,,無年齡維度,0.0,男,遷入,高雄市,0
111,4,24,金山區,,,,無年齡維度,0.0,女,遷出,migrants,0
111,4,24,金山區,,,,無年齡維度,0.0,男,遷出,migrants,1
111,4,24,金山區,,,,無年齡維度,0.0,女,遷出,other,0
111,4,24,金山區,,,,無年齡維度,0.0,男,遷出,other,0
111,4,24,金山區,,,,無年齡維度,0.0,女,遷出,其他縣市,0
111,4,24,金山區,,,,無年齡維度,0.0,男,遷出,其他縣市,0
111,4,24,金山區,,,,無年齡維度,0.0,女,遷出,其他鄉鎮,4
111,4,24,金山區,,,,無年齡維度,0.0,男,遷出,其他鄉鎮,6
111,4,24,金山區,,,,無年齡維度,0.0,女,遷出,合計,8
111,4,24,金山區,,,,無年齡維度,0.0,男,遷出,合計,6
111,4,24,金山區,,,,無年齡維度,0.0,女,遷出,國外,2
111,4,24,金山區,,,,無年齡維度,0.0,男,遷出,國外,0
111,4,24,金山區,,,,無年齡維度,0.0,女,遷出,新北市內,0
111,4,24,金山區,,,,無年齡維度,0.0,男,遷出,新北市內,0
111,4,24,金山區,,,,無年齡維度,0.0,女,遷出,桃園市,1
111,4,24,金山區,,,,無年齡維度,0.0,男,遷出,桃園市,0
111,4,24,金山區,,,,無年齡維度,0.0,女,遷出,福建省,0
111,4,24,金山區,,,,無年齡維度,0.0,男,遷出,福建省,0
111,4,24,金山區,,,,無年齡維度,0.0,女,遷出,臺中市,0
111,4,24,金山區,,,,無年齡維度,0.0,男,遷出,臺中市,0
111,4,24,金山區,,,,無年齡維度,0.0,女,遷出,臺北市,0
111,4,24,金山區,,,,無年齡維度,0.0,男,遷出,臺北市,0
111,4,24,金山區,,,,無年齡維度,0.0,女,遷出,臺南市,0
111,4,24,金山區,,,,無年齡維度,0.0,男,遷出,臺南市,0
111,4,24,金山區,,,,無年齡維度,0.0,女,遷出,臺灣省,1
111,4,24,金山區,,,,無年齡維度,0.0,男,遷出,臺灣省,0
111,4,24,金山區,,,,無年齡維度,0.0,女,遷出,高雄市,0
111,4,24,金山區,,,,無年齡維度,0.0,男,遷出,高雄市,0
111,4,25,萬里區,,,,無年齡維度,0.0,女,遷入,migrants,5
111,4,25,萬里區,,,,無年齡維度,0.0,男,遷入,migrants,5
111,4,25,萬里區,,,,無年齡維度,0.0,女,遷入,other,0
111,4,25,萬里區,,,,無年齡維度,0.0,男,遷入,other,0
111,4,25,萬里區,,,,無年齡維度,0.0,女,遷入,其他縣市,0
111,4,25,萬里區,,,,無年齡維度,0.0,男,遷入,其他縣市,0
111,4,25,萬里區,,,,無年齡維度,0.0,女,遷入,其他鄉鎮,16
111,4,25,萬里區,,,,無年齡維度,0.0,男,遷入,其他鄉鎮,10
111,4,25,萬里區,,,,無年齡維度,0.0,女,遷入,合計,28
111,4,25,萬里區,,,,無年齡維度,0.0,男,遷入,合計,16
111,4,25,萬里區,,,,無年齡維度,0.0,女,遷入,國外,0
111,4,25,萬里區,,,,無年齡維度,0.0,男,遷入,國外,0
111,4,25,萬里區,,,,無年齡維度,0.0,女,遷入,新北市內,0
111,4,25,萬里區,,,,無年齡維度,0.0,男,遷入,新北市內,0
111,4,25,萬里區,,,,無年齡維度,0.0,女,遷入,桃園市,2
111,4,25,萬里區,,,,無年齡維度,0.0,男,遷入,桃園市,1
111,4,25,萬里區,,,,無年齡維度,0.0,女,遷入,福建省,0
111,4,25,萬里區,,,,無年齡維度,0.0,男,遷入,福建省,0
111,4,25,萬里區,,,,無年齡維度,0.0,女,遷入,臺中市,0
111,4,25,萬里區,,,,無年齡維度,0.0,男,遷入,臺中市,1
111,4,25,萬里區,,,,無年齡維度,0.0,女,遷入,臺北市,3
111,4,25,萬里區,,,,無年齡維度,0.0,男,遷入,臺北市,4
111,4,25,萬里區,,,,無年齡維度,0.0,女,遷入,臺南市,0
111,4,25,萬里區,,,,無年齡維度,0.0,男,遷入,臺南市,0
111,4,25,萬里區,,,,無年齡維度,0.0,女,遷入,臺灣省,6
111,4,25,萬里區,,,,無年齡維度,0.0,男,遷入,臺灣省,0
111,4,25,萬里區,,,,無年齡維度,0.0,女,遷入,高雄市,1
111,4,25,萬里區,,,,無年齡維度,0.0,男,遷入,高雄市,0
111,4,25,萬里區,,,,無年齡維度,0.0,女,遷出,migrants,5
111,4,25,萬里區,,,,無年齡維度,0.0,男,遷出,migrants,5
111,4,25,萬里區,,,,無年齡維度,0.0,女,遷出,other,0
111,4,25,萬里區,,,,無年齡維度,0.0,男,遷出,other,0
111,4,25,萬里區,,,,無年齡維度,0.0,女,遷出,其他縣市,0
111,4,25,萬里區,,,,無年齡維度,0.0,男,遷出,其他縣市,0
111,4,25,萬里區,,,,無年齡維度,0.0,女,遷出,其他鄉鎮,9
111,4,25,萬里區,,,,無年齡維度,0.0,男,遷出,其他鄉鎮,6
111,4,25,萬里區,,,,無年齡維度,0.0,女,遷出,合計,21
111,4,25,萬里區,,,,無年齡維度,0.0,男,遷出,合計,16
111,4,25,萬里區,,,,無年齡維度,0.0,女,遷出,國外,2
111,4,25,萬里區,,,,無年齡維度,0.0,男,遷出,國外,0
111,4,25,萬里區,,,,無年齡維度,0.0,女,遷出,新北市內,0
111,4,25,萬里區,,,,無年齡維度,0.0,男,遷出,新北市內,0
111,4,25,萬里區,,,,無年齡維度,0.0,女,遷出,桃園市,1
111,4,25,萬里區,,,,無年齡維度,0.0,男,遷出,桃園市,1
111,4,25,萬里區,,,,無年齡維度,0.0,女,遷出,福建省,0
111,4,25,萬里區,,,,無年齡維度,0.0,男,遷出,福建省,0
111,4,25,萬里區,,,,無年齡維度,0.0,女,遷出,臺中市,0
111,4,25,萬里區,,,,無年齡維度,0.0,男,遷出,臺中市,1
111,4,25,萬里區,,,,無年齡維度,0.0,女,遷出,臺北市,2
111,4,25,萬里區,,,,無年齡維度,0.0,男,遷出,臺北市,3
111,4,25,萬里區,,,,無年齡維度,0.0,女,遷出,臺南市,0
111,4,25,萬里區,,,,無年齡維度,0.0,男,遷出,臺南市,0
111,4,25,萬里區,,,,無年齡維度,0.0,女,遷出,臺灣省,7
111,4,25,萬里區,,,,無年齡維度,0.0,男,遷出,臺灣省,4
111,4,25,萬里區,,,,無年齡維度,0.0,女,遷出,高雄市,0
111,4,25,萬里區,,,,無年齡維度,0.0,男,遷出,高雄市,1
111,4,26,平溪區,,,,無年齡維度,0.0,女,遷入,migrants,2
111,4,26,平溪區,,,,無年齡維度,0.0,男,遷入,migrants,5
111,4,26,平溪區,,,,無年齡維度,0.0,女,遷入,other,0
111,4,26,平溪區,,,,無年齡維度,0.0,男,遷入,other,0
111,4,26,平溪區,,,,無年齡維度,0.0,女,遷入,其他縣市,0
111,4,26,平溪區,,,,無年齡維度,0.0,男,遷入,其他縣市,0
111,4,26,平溪區,,,,無年齡維度,0.0,女,遷入,其他鄉鎮,6
111,4,26,平溪區,,,,無年齡維度,0.0,男,遷入,其他鄉鎮,3
111,4,26,平溪區,,,,無年齡維度,0.0,女,遷入,合計,7
111,4,26,平溪區,,,,無年齡維度,0.0,男,遷入,合計,6
111,4,26,平溪區,,,,無年齡維度,0.0,女,遷入,國外,0
111,4,26,平溪區,,,,無年齡維度,0.0,男,遷入,國外,0
111,4,26,平溪區,,,,無年齡維度,0.0,女,遷入,新北市內,0
111,4,26,平溪區,,,,無年齡維度,0.0,男,遷入,新北市內,0
111,4,26,平溪區,,,,無年齡維度,0.0,女,遷入,桃園市,0
111,4,26,平溪區,,,,無年齡維度,0.0,男,遷入,桃園市,1
111,4,26,平溪區,,,,無年齡維度,0.0,女,遷入,福建省,0
111,4,26,平溪區,,,,無年齡維度,0.0,男,遷入,福建省,0
111,4,26,平溪區,,,,無年齡維度,0.0,女,遷入,臺中市,0
111,4,26,平溪區,,,,無年齡維度,0.0,男,遷入,臺中市,0
111,4,26,平溪區,,,,無年齡維度,0.0,女,遷入,臺北市,1
111,4,26,平溪區,,,,無年齡維度,0.0,男,遷入,臺北市,1
111,4,26,平溪區,,,,無年齡維度,0.0,女,遷入,臺南市,0
111,4,26,平溪區,,,,無年齡維度,0.0,男,遷入,臺南市,0
111,4,26,平溪區,,,,無年齡維度,0.0,女,遷入,臺灣省,0
111,4,26,平溪區,,,,無年齡維度,0.0,男,遷入,臺灣省,1
111,4,26,平溪區,,,,無年齡維度,0.0,女,遷入,高雄市,0
111,4,26,平溪區,,,,無年齡維度,0.0,男,遷入,高雄市,0
111,4,26,平溪區,,,,無年齡維度,0.0,女,遷出,migrants,2
111,4,26,平溪區,,,,無年齡維度,0.0,男,遷出,migrants,5
111,4,26,平溪區,,,,無年齡維度,0.0,女,遷出,other,0
111,4,26,平溪區,,,,無年齡維度,0.0,男,遷出,other,0
111,4,26,平溪區,,,,無年齡維度,0.0,女,遷出,其他縣市,0
111,4,26,平溪區,,,,無年齡維度,0.0,男,遷出,其他縣市,0
111,4,26,平溪區,,,,無年齡維度,0.0,女,遷出,其他鄉鎮,4
111,4,26,平溪區,,,,無年齡維度,0.0,男,遷出,其他鄉鎮,10
111,4,26,平溪區,,,,無年齡維度,0.0,女,遷出,合計,15
111,4,26,平溪區,,,,無年齡維度,0.0,男,遷出,合計,23
111,4,26,平溪區,,,,無年齡維度,0.0,女,遷出,國外,1
111,4,26,平溪區,,,,無年齡維度,0.0,男,遷出,國外,7
111,4,26,平溪區,,,,無年齡維度,0.0,女,遷出,新北市內,0
111,4,26,平溪區,,,,無年齡維度,0.0,男,遷出,新北市內,0
111,4,26,平溪區,,,,無年齡維度,0.0,女,遷出,桃園市,5
111,4,26,平溪區,,,,無年齡維度,0.0,男,遷出,桃園市,2
111,4,26,平溪區,,,,無年齡維度,0.0,女,遷出,福建省,0
111,4,26,平溪區,,,,無年齡維度,0.0,男,遷出,福建省,0
111,4,26,平溪區,,,,無年齡維度,0.0,女,遷出,臺中市,0
111,4,26,平溪區,,,,無年齡維度,0.0,男,遷出,臺中市,1
111,4,26,平溪區,,,,無年齡維度,0.0,女,遷出,臺北市,0
111,4,26,平溪區,,,,無年齡維度,0.0,男,遷出,臺北市,1
111,4,26,平溪區,,,,無年齡維度,0.0,女,遷出,臺南市,2
111,4,26,平溪區,,,,無年齡維度,0.0,男,遷出,臺南市,0
111,4,26,平溪區,,,,無年齡維度,0.0,女,遷出,臺灣省,3
111,4,26,平溪區,,,,無年齡維度,0.0,男,遷出,臺灣省,1
111,4,26,平溪區,,,,無年齡維度,0.0,女,遷出,高雄市,0
111,4,26,平溪區,,,,無年齡維度,0.0,男,遷出,高雄市,1
111,4,27,雙溪區,,,,無年齡維度,0.0,女,遷入,migrants,24
111,4,27,雙溪區,,,,無年齡維度,0.0,男,遷入,migrants,19
111,4,27,雙溪區,,,,無年齡維度,0.0,女,遷入,other,0
111,4,27,雙溪區,,,,無年齡維度,0.0,男,遷入,other,0
111,4,27,雙溪區,,,,無年齡維度,0.0,女,遷入,其他縣市,0
111,4,27,雙溪區,,,,無年齡維度,0.0,男,遷入,其他縣市,0
111,4,27,雙溪區,,,,無年齡維度,0.0,女,遷入,其他鄉鎮,6
111,4,27,雙溪區,,,,無年齡維度,0.0,男,遷入,其他鄉鎮,11
111,4,27,雙溪區,,,,無年齡維度,0.0,女,遷入,合計,15
111,4,27,雙溪區,,,,無年齡維度,0.0,男,遷入,合計,31
111,4,27,雙溪區,,,,無年齡維度,0.0,女,遷入,國外,2
111,4,27,雙溪區,,,,無年齡維度,0.0,男,遷入,國外,3
111,4,27,雙溪區,,,,無年齡維度,0.0,女,遷入,新北市內,0
111,4,27,雙溪區,,,,無年齡維度,0.0,男,遷入,新北市內,0
111,4,27,雙溪區,,,,無年齡維度,0.0,女,遷入,桃園市,4
111,4,27,雙溪區,,,,無年齡維度,0.0,男,遷入,桃園市,5
111,4,27,雙溪區,,,,無年齡維度,0.0,女,遷入,福建省,0
111,4,27,雙溪區,,,,無年齡維度,0.0,男,遷入,福建省,1
111,4,27,雙溪區,,,,無年齡維度,0.0,女,遷入,臺中市,0
111,4,27,雙溪區,,,,無年齡維度,0.0,男,遷入,臺中市,0
111,4,27,雙溪區,,,,無年齡維度,0.0,女,遷入,臺北市,0
111,4,27,雙溪區,,,,無年齡維度,0.0,男,遷入,臺北市,5
111,4,27,雙溪區,,,,無年齡維度,0.0,女,遷入,臺南市,0
111,4,27,雙溪區,,,,無年齡維度,0.0,男,遷入,臺南市,2
111,4,27,雙溪區,,,,無年齡維度,0.0,女,遷入,臺灣省,2
111,4,27,雙溪區,,,,無年齡維度,0.0,男,遷入,臺灣省,4
111,4,27,雙溪區,,,,無年齡維度,0.0,女,遷入,高雄市,0
111,4,27,雙溪區,,,,無年齡維度,0.0,男,遷入,高雄市,0
111,4,27,雙溪區,,,,無年齡維度,0.0,女,遷出,migrants,24
111,4,27,雙溪區,,,,無年齡維度,0.0,男,遷出,migrants,19
111,4,27,雙溪區,,,,無年齡維度,0.0,女,遷出,other,0
111,4,27,雙溪區,,,,無年齡維度,0.0,男,遷出,other,0
111,4,27,雙溪區,,,,無年齡維度,0.0,女,遷出,其他縣市,0
111,4,27,雙溪區,,,,無年齡維度,0.0,男,遷出,其他縣市,0
111,4,27,雙溪區,,,,無年齡維度,0.0,女,遷出,其他鄉鎮,8
111,4,27,雙溪區,,,,無年齡維度,0.0,男,遷出,其他鄉鎮,3
111,4,27,雙溪區,,,,無年齡維度,0.0,女,遷出,合計,43
111,4,27,雙溪區,,,,無年齡維度,0.0,男,遷出,合計,26
111,4,27,雙溪區,,,,無年齡維度,0.0,女,遷出,國外,22
111,4,27,雙溪區,,,,無年齡維度,0.0,男,遷出,國外,16
111,4,27,雙溪區,,,,無年齡維度,0.0,女,遷出,新北市內,0
111,4,27,雙溪區,,,,無年齡維度,0.0,男,遷出,新北市內,0
111,4,27,雙溪區,,,,無年齡維度,0.0,女,遷出,桃園市,1
111,4,27,雙溪區,,,,無年齡維度,0.0,男,遷出,桃園市,3
111,4,27,雙溪區,,,,無年齡維度,0.0,女,遷出,福建省,0
111,4,27,雙溪區,,,,無年齡維度,0.0,男,遷出,福建省,0
111,4,27,雙溪區,,,,無年齡維度,0.0,女,遷出,臺中市,3
111,4,27,雙溪區,,,,無年齡維度,0.0,男,遷出,臺中市,0
111,4,27,雙溪區,,,,無年齡維度,0.0,女,遷出,臺北市,2
111,4,27,雙溪區,,,,無年齡維度,0.0,男,遷出,臺北市,1
111,4,27,雙溪區,,,,無年齡維度,0.0,女,遷出,臺南市,0
111,4,27,雙溪區,,,,無年齡維度,0.0,男,遷出,臺南市,0
111,4,27,雙溪區,,,,無年齡維度,0.0,女,遷出,臺灣省,7
111,4,27,雙溪區,,,,無年齡維度,0.0,男,遷出,臺灣省,3
111,4,27,雙溪區,,,,無年齡維度,0.0,女,遷出,高雄市,0
111,4,27,雙溪區,,,,無年齡維度,0.0,男,遷出,高雄市,0
111,4,28,貢寮區,,,,無年齡維度,0.0,女,遷入,migrants,24
111,4,28,貢寮區,,,,無年齡維度,0.0,男,遷入,migrants,25
111,4,28,貢寮區,,,,無年齡維度,0.0,女,遷入,other,0
111,4,28,貢寮區,,,,無年齡維度,0.0,男,遷入,other,0
111,4,28,貢寮區,,,,無年齡維度,0.0,女,遷入,其他縣市,0
111,4,28,貢寮區,,,,無年齡維度,0.0,男,遷入,其他縣市,0
111,4,28,貢寮區,,,,無年齡維度,0.0,女,遷入,其他鄉鎮,9
111,4,28,貢寮區,,,,無年齡維度,0.0,男,遷入,其他鄉鎮,7
111,4,28,貢寮區,,,,無年齡維度,0.0,女,遷入,合計,24
111,4,28,貢寮區,,,,無年齡維度,0.0,男,遷入,合計,23
111,4,28,貢寮區,,,,無年齡維度,0.0,女,遷入,國外,1
111,4,28,貢寮區,,,,無年齡維度,0.0,男,遷入,國外,0
111,4,28,貢寮區,,,,無年齡維度,0.0,女,遷入,新北市內,0
111,4,28,貢寮區,,,,無年齡維度,0.0,男,遷入,新北市內,0
111,4,28,貢寮區,,,,無年齡維度,0.0,女,遷入,桃園市,0
111,4,28,貢寮區,,,,無年齡維度,0.0,男,遷入,桃園市,1
111,4,28,貢寮區,,,,無年齡維度,0.0,女,遷入,福建省,1
111,4,28,貢寮區,,,,無年齡維度,0.0,男,遷入,福建省,0
111,4,28,貢寮區,,,,無年齡維度,0.0,女,遷入,臺中市,1
111,4,28,貢寮區,,,,無年齡維度,0.0,男,遷入,臺中市,0
111,4,28,貢寮區,,,,無年齡維度,0.0,女,遷入,臺北市,2
111,4,28,貢寮區,,,,無年齡維度,0.0,男,遷入,臺北市,2
111,4,28,貢寮區,,,,無年齡維度,0.0,女,遷入,臺南市,0
111,4,28,貢寮區,,,,無年齡維度,0.0,男,遷入,臺南市,0
111,4,28,貢寮區,,,,無年齡維度,0.0,女,遷入,臺灣省,9
111,4,28,貢寮區,,,,無年齡維度,0.0,男,遷入,臺灣省,11
111,4,28,貢寮區,,,,無年齡維度,0.0,女,遷入,高雄市,0
111,4,28,貢寮區,,,,無年齡維度,0.0,男,遷入,高雄市,1
111,4,28,貢寮區,,,,無年齡維度,0.0,女,遷出,migrants,24
111,4,28,貢寮區,,,,無年齡維度,0.0,男,遷出,migrants,25
111,4,28,貢寮區,,,,無年齡維度,0.0,女,遷出,other,0
111,4,28,貢寮區,,,,無年齡維度,0.0,男,遷出,other,0
111,4,28,貢寮區,,,,無年齡維度,0.0,女,遷出,其他縣市,0
111,4,28,貢寮區,,,,無年齡維度,0.0,男,遷出,其他縣市,0
111,4,28,貢寮區,,,,無年齡維度,0.0,女,遷出,其他鄉鎮,9
111,4,28,貢寮區,,,,無年齡維度,0.0,男,遷出,其他鄉鎮,5
111,4,28,貢寮區,,,,無年齡維度,0.0,女,遷出,合計,61
111,4,28,貢寮區,,,,無年齡維度,0.0,男,遷出,合計,55
111,4,28,貢寮區,,,,無年齡維度,0.0,女,遷出,國外,33
111,4,28,貢寮區,,,,無年齡維度,0.0,男,遷出,國外,29
111,4,28,貢寮區,,,,無年齡維度,0.0,女,遷出,新北市內,0
111,4,28,貢寮區,,,,無年齡維度,0.0,男,遷出,新北市內,0
111,4,28,貢寮區,,,,無年齡維度,0.0,女,遷出,桃園市,0
111,4,28,貢寮區,,,,無年齡維度,0.0,男,遷出,桃園市,1
111,4,28,貢寮區,,,,無年齡維度,0.0,女,遷出,福建省,1
111,4,28,貢寮區,,,,無年齡維度,0.0,男,遷出,福建省,1
111,4,28,貢寮區,,,,無年齡維度,0.0,女,遷出,臺中市,0
111,4,28,貢寮區,,,,無年齡維度,0.0,男,遷出,臺中市,0
111,4,28,貢寮區,,,,無年齡維度,0.0,女,遷出,臺北市,2
111,4,28,貢寮區,,,,無年齡維度,0.0,男,遷出,臺北市,2
111,4,28,貢寮區,,,,無年齡維度,0.0,女,遷出,臺南市,0
111,4,28,貢寮區,,,,無年齡維度,0.0,男,遷出,臺南市,1
111,4,28,貢寮區,,,,無年齡維度,0.0,女,遷出,臺灣省,15
111,4,28,貢寮區,,,,無年齡維度,0.0,男,遷出,臺灣省,14
111,4,28,貢寮區,,,,無年齡維度,0.0,女,遷出,高雄市,1
111,4,28,貢寮區,,,,無年齡維度,0.0,男,遷出,高雄市,2
111,4,29,烏來區,,,,無年齡維度,0.0,女,遷入,migrants,8
111,4,29,烏來區,,,,無年齡維度,0.0,男,遷入,migrants,7
111,4,29,烏來區,,,,無年齡維度,0.0,女,遷入,other,0
111,4,29,烏來區,,,,無年齡維度,0.0,男,遷入,other,0
111,4,29,烏來區,,,,無年齡維度,0.0,女,遷入,其他縣市,0
111,4,29,烏來區,,,,無年齡維度,0.0,男,遷入,其他縣市,0
111,4,29,烏來區,,,,無年齡維度,0.0,女,遷入,其他鄉鎮,5
111,4,29,烏來區,,,,無年齡維度,0.0,男,遷入,其他鄉鎮,7
111,4,29,烏來區,,,,無年齡維度,0.0,女,遷入,合計,14
111,4,29,烏來區,,,,無年齡維度,0.0,男,遷入,合計,17
111,4,29,烏來區,,,,無年齡維度,0.0,女,遷入,國外,0
111,4,29,烏來區,,,,無年齡維度,0.0,男,遷入,國外,3
111,4,29,烏來區,,,,無年齡維度,0.0,女,遷入,新北市內,0
111,4,29,烏來區,,,,無年齡維度,0.0,男,遷入,新北市內,0
111,4,29,烏來區,,,,無年齡維度,0.0,女,遷入,桃園市,1
111,4,29,烏來區,,,,無年齡維度,0.0,男,遷入,桃園市,0
111,4,29,烏來區,,,,無年齡維度,0.0,女,遷入,福建省,0
111,4,29,烏來區,,,,無年齡維度,0.0,男,遷入,福建省,0
111,4,29,烏來區,,,,無年齡維度,0.0,女,遷入,臺中市,0
111,4,29,烏來區,,,,無年齡維度,0.0,男,遷入,臺中市,0
111,4,29,烏來區,,,,無年齡維度,0.0,女,遷入,臺北市,2
111,4,29,烏來區,,,,無年齡維度,0.0,男,遷入,臺北市,4
111,4,29,烏來區,,,,無年齡維度,0.0,女,遷入,臺南市,0
111,4,29,烏來區,,,,無年齡維度,0.0,男,遷入,臺南市,0
111,4,29,烏來區,,,,無年齡維度,0.0,女,遷入,臺灣省,6
111,4,29,烏來區,,,,無年齡維度,0.0,男,遷入,臺灣省,3
111,4,29,烏來區,,,,無年齡維度,0.0,女,遷入,高雄市,0
111,4,29,烏來區,,,,無年齡維度,0.0,男,遷入,高雄市,0
111,4,29,烏來區,,,,無年齡維度,0.0,女,遷出,migrants,8
111,4,29,烏來區,,,,無年齡維度,0.0,男,遷出,migrants,7
111,4,29,烏來區,,,,無年齡維度,0.0,女,遷出,other,0
111,4,29,烏來區,,,,無年齡維度,0.0,男,遷出,other,0
111,4,29,烏來區,,,,無年齡維度,0.0,女,遷出,其他縣市,0
111,4,29,烏來區,,,,無年齡維度,0.0,男,遷出,其他縣市,0
111,4,29,烏來區,,,,無年齡維度,0.0,女,遷出,其他鄉鎮,11
111,4,29,烏來區,,,,無年齡維度,0.0,男,遷出,其他鄉鎮,10
111,4,29,烏來區,,,,無年齡維度,0.0,女,遷出,合計,18
111,4,29,烏來區,,,,無年齡維度,0.0,男,遷出,合計,22
111,4,29,烏來區,,,,無年齡維度,0.0,女,遷出,國外,3
111,4,29,烏來區,,,,無年齡維度,0.0,男,遷出,國外,6
111,4,29,烏來區,,,,無年齡維度,0.0,女,遷出,新北市內,0
111,4,29,烏來區,,,,無年齡維度,0.0,男,遷出,新北市內,0
111,4,29,烏來區,,,,無年齡維度,0.0,女,遷出,桃園市,1
111,4,29,烏來區,,,,無年齡維度,0.0,男,遷出,桃園市,1
111,4,29,烏來區,,,,無年齡維度,0.0,女,遷出,福建省,0
111,4,29,烏來區,,,,無年齡維度,0.0,男,遷出,福建省,0
111,4,29,烏來區,,,,無年齡維度,0.0,女,遷出,臺中市,1
111,4,29,烏來區,,,,無年齡維度,0.0,男,遷出,臺中市,1
111,4,29,烏來區,,,,無年齡維度,0.0,女,遷出,臺北市,1
111,4,29,烏來區,,,,無年齡維度,0.0,男,遷出,臺北市,4
111,4,29,烏來區,,,,無年齡維度,0.0,女,遷出,臺南市,0
111,4,29,烏來區,,,,無年齡維度,0.0,男,遷出,臺南市,0
111,4,29,烏來區,,,,無年齡維度,0.0,女,遷出,臺灣省,1
111,4,29,烏來區,,,,無年齡維度,0.0,男,遷出,臺灣省,0
111,4,29,烏來區,,,,無年齡維度,0.0,女,遷出,高雄市,0
111,4,29,烏來區,,,,無年齡維度,0.0,男,遷出,高雄市,0
111,5,1,板橋區,,,,無年齡維度,0.0,女,遷入,migrants,582
111,5,1,板橋區,,,,無年齡維度,0.0,男,遷入,migrants,579
111,5,1,板橋區,,,,無年齡維度,0.0,女,遷入,other,0
111,5,1,板橋區,,,,無年齡維度,0.0,男,遷入,other,0
111,5,1,板橋區,,,,無年齡維度,0.0,女,遷入,其他縣市,0
111,5,1,板橋區,,,,無年齡維度,0.0,男,遷入,其他縣市,0
111,5,1,板橋區,,,,無年齡維度,0.0,女,遷入,其他鄉鎮,368
111,5,1,板橋區,,,,無年齡維度,0.0,男,遷入,其他鄉鎮,289
111,5,1,板橋區,,,,無年齡維度,0.0,女,遷入,合計,919
111,5,1,板橋區,,,,無年齡維度,0.0,男,遷入,合計,763
111,5,1,板橋區,,,,無年齡維度,0.0,女,遷入,國外,108
111,5,1,板橋區,,,,無年齡維度,0.0,男,遷入,國外,81
111,5,1,板橋區,,,,無年齡維度,0.0,女,遷入,新北市內,0
111,5,1,板橋區,,,,無年齡維度,0.0,男,遷入,新北市內,0
111,5,1,板橋區,,,,無年齡維度,0.0,女,遷入,桃園市,63
111,5,1,板橋區,,,,無年齡維度,0.0,男,遷入,桃園市,47
111,5,1,板橋區,,,,無年齡維度,0.0,女,遷入,福建省,4
111,5,1,板橋區,,,,無年齡維度,0.0,男,遷入,福建省,7
111,5,1,板橋區,,,,無年齡維度,0.0,女,遷入,臺中市,25
111,5,1,板橋區,,,,無年齡維度,0.0,男,遷入,臺中市,21
111,5,1,板橋區,,,,無年齡維度,0.0,女,遷入,臺北市,186
111,5,1,板橋區,,,,無年齡維度,0.0,男,遷入,臺北市,188
111,5,1,板橋區,,,,無年齡維度,0.0,女,遷入,臺南市,18
111,5,1,板橋區,,,,無年齡維度,0.0,男,遷入,臺南市,14
111,5,1,板橋區,,,,無年齡維度,0.0,女,遷入,臺灣省,100
111,5,1,板橋區,,,,無年齡維度,0.0,男,遷入,臺灣省,78
111,5,1,板橋區,,,,無年齡維度,0.0,女,遷入,高雄市,28
111,5,1,板橋區,,,,無年齡維度,0.0,男,遷入,高雄市,31
111,5,1,板橋區,,,,無年齡維度,0.0,女,遷出,migrants,582
111,5,1,板橋區,,,,無年齡維度,0.0,男,遷出,migrants,579
111,5,1,板橋區,,,,無年齡維度,0.0,女,遷出,other,0
111,5,1,板橋區,,,,無年齡維度,0.0,男,遷出,other,0
111,5,1,板橋區,,,,無年齡維度,0.0,女,遷出,其他縣市,0
111,5,1,板橋區,,,,無年齡維度,0.0,男,遷出,其他縣市,0
111,5,1,板橋區,,,,無年齡維度,0.0,女,遷出,其他鄉鎮,385
111,5,1,板橋區,,,,無年齡維度,0.0,男,遷出,其他鄉鎮,341
111,5,1,板橋區,,,,無年齡維度,0.0,女,遷出,合計,914
111,5,1,板橋區,,,,無年齡維度,0.0,男,遷出,合計,801
111,5,1,板橋區,,,,無年齡維度,0.0,女,遷出,國外,75
111,5,1,板橋區,,,,無年齡維度,0.0,男,遷出,國外,79
111,5,1,板橋區,,,,無年齡維度,0.0,女,遷出,新北市內,0
111,5,1,板橋區,,,,無年齡維度,0.0,男,遷出,新北市內,0
111,5,1,板橋區,,,,無年齡維度,0.0,女,遷出,桃園市,114
111,5,1,板橋區,,,,無年齡維度,0.0,男,遷出,桃園市,86
111,5,1,板橋區,,,,無年齡維度,0.0,女,遷出,福建省,3
111,5,1,板橋區,,,,無年齡維度,0.0,男,遷出,福建省,3
111,5,1,板橋區,,,,無年齡維度,0.0,女,遷出,臺中市,34
111,5,1,板橋區,,,,無年齡維度,0.0,男,遷出,臺中市,22
111,5,1,板橋區,,,,無年齡維度,0.0,女,遷出,臺北市,130
111,5,1,板橋區,,,,無年齡維度,0.0,男,遷出,臺北市,115
111,5,1,板橋區,,,,無年齡維度,0.0,女,遷出,臺南市,20
111,5,1,板橋區,,,,無年齡維度,0.0,男,遷出,臺南市,24
111,5,1,板橋區,,,,無年齡維度,0.0,女,遷出,臺灣省,127
111,5,1,板橋區,,,,無年齡維度,0.0,男,遷出,臺灣省,114
111,5,1,板橋區,,,,無年齡維度,0.0,女,遷出,高雄市,26
111,5,1,板橋區,,,,無年齡維度,0.0,男,遷出,高雄市,17
111,5,2,三重區,,,,無年齡維度,0.0,女,遷入,migrants,496
111,5,2,三重區,,,,無年齡維度,0.0,男,遷入,migrants,447
111,5,2,三重區,,,,無年齡維度,0.0,女,遷入,other,0
111,5,2,三重區,,,,無年齡維度,0.0,男,遷入,other,0
111,5,2,三重區,,,,無年齡維度,0.0,女,遷入,其他縣市,0
111,5,2,三重區,,,,無年齡維度,0.0,男,遷入,其他縣市,0
111,5,2,三重區,,,,無年齡維度,0.0,女,遷入,其他鄉鎮,218
111,5,2,三重區,,,,無年齡維度,0.0,男,遷入,其他鄉鎮,205
111,5,2,三重區,,,,無年齡維度,0.0,女,遷入,合計,674
111,5,2,三重區,,,,無年齡維度,0.0,男,遷入,合計,582
111,5,2,三重區,,,,無年齡維度,0.0,女,遷入,國外,61
111,5,2,三重區,,,,無年齡維度,0.0,男,遷入,國外,44
111,5,2,三重區,,,,無年齡維度,0.0,女,遷入,新北市內,0
111,5,2,三重區,,,,無年齡維度,0.0,男,遷入,新北市內,0
111,5,2,三重區,,,,無年齡維度,0.0,女,遷入,桃園市,48
111,5,2,三重區,,,,無年齡維度,0.0,男,遷入,桃園市,42
111,5,2,三重區,,,,無年齡維度,0.0,女,遷入,福建省,4
111,5,2,三重區,,,,無年齡維度,0.0,男,遷入,福建省,3
111,5,2,三重區,,,,無年齡維度,0.0,女,遷入,臺中市,10
111,5,2,三重區,,,,無年齡維度,0.0,男,遷入,臺中市,13
111,5,2,三重區,,,,無年齡維度,0.0,女,遷入,臺北市,228
111,5,2,三重區,,,,無年齡維度,0.0,男,遷入,臺北市,201
111,5,2,三重區,,,,無年齡維度,0.0,女,遷入,臺南市,6
111,5,2,三重區,,,,無年齡維度,0.0,男,遷入,臺南市,9
111,5,2,三重區,,,,無年齡維度,0.0,女,遷入,臺灣省,76
111,5,2,三重區,,,,無年齡維度,0.0,男,遷入,臺灣省,50
111,5,2,三重區,,,,無年齡維度,0.0,女,遷入,高雄市,9
111,5,2,三重區,,,,無年齡維度,0.0,男,遷入,高雄市,12
111,5,2,三重區,,,,無年齡維度,0.0,女,遷出,migrants,496
111,5,2,三重區,,,,無年齡維度,0.0,男,遷出,migrants,447
111,5,2,三重區,,,,無年齡維度,0.0,女,遷出,other,0
111,5,2,三重區,,,,無年齡維度,0.0,男,遷出,other,0
111,5,2,三重區,,,,無年齡維度,0.0,女,遷出,其他縣市,0
111,5,2,三重區,,,,無年齡維度,0.0,男,遷出,其他縣市,0
111,5,2,三重區,,,,無年齡維度,0.0,女,遷出,其他鄉鎮,250
111,5,2,三重區,,,,無年齡維度,0.0,男,遷出,其他鄉鎮,216
111,5,2,三重區,,,,無年齡維度,0.0,女,遷出,合計,648
111,5,2,三重區,,,,無年齡維度,0.0,男,遷出,合計,572
111,5,2,三重區,,,,無年齡維度,0.0,女,遷出,國外,48
111,5,2,三重區,,,,無年齡維度,0.0,男,遷出,國外,35
111,5,2,三重區,,,,無年齡維度,0.0,女,遷出,新北市內,0
111,5,2,三重區,,,,無年齡維度,0.0,男,遷出,新北市內,0
111,5,2,三重區,,,,無年齡維度,0.0,女,遷出,桃園市,61
111,5,2,三重區,,,,無年齡維度,0.0,男,遷出,桃園市,60
111,5,2,三重區,,,,無年齡維度,0.0,女,遷出,福建省,2
111,5,2,三重區,,,,無年齡維度,0.0,男,遷出,福建省,7
111,5,2,三重區,,,,無年齡維度,0.0,女,遷出,臺中市,21
111,5,2,三重區,,,,無年齡維度,0.0,男,遷出,臺中市,13
111,5,2,三重區,,,,無年齡維度,0.0,女,遷出,臺北市,158
111,5,2,三重區,,,,無年齡維度,0.0,男,遷出,臺北市,127
111,5,2,三重區,,,,無年齡維度,0.0,女,遷出,臺南市,8
111,5,2,三重區,,,,無年齡維度,0.0,男,遷出,臺南市,7
111,5,2,三重區,,,,無年齡維度,0.0,女,遷出,臺灣省,91
111,5,2,三重區,,,,無年齡維度,0.0,男,遷出,臺灣省,90
111,5,2,三重區,,,,無年齡維度,0.0,女,遷出,高雄市,9
111,5,2,三重區,,,,無年齡維度,0.0,男,遷出,高雄市,17
111,5,3,中和區,,,,無年齡維度,0.0,女,遷入,migrants,411
111,5,3,中和區,,,,無年齡維度,0.0,男,遷入,migrants,389
111,5,3,中和區,,,,無年齡維度,0.0,女,遷入,other,0
111,5,3,中和區,,,,無年齡維度,0.0,男,遷入,other,0
111,5,3,中和區,,,,無年齡維度,0.0,女,遷入,其他縣市,0
111,5,3,中和區,,,,無年齡維度,0.0,男,遷入,其他縣市,0
111,5,3,中和區,,,,無年齡維度,0.0,女,遷入,其他鄉鎮,344
111,5,3,中和區,,,,無年齡維度,0.0,男,遷入,其他鄉鎮,302
111,5,3,中和區,,,,無年齡維度,0.0,女,遷入,合計,798
111,5,3,中和區,,,,無年齡維度,0.0,男,遷入,合計,692
111,5,3,中和區,,,,無年齡維度,0.0,女,遷入,國外,82
111,5,3,中和區,,,,無年齡維度,0.0,男,遷入,國外,64
111,5,3,中和區,,,,無年齡維度,0.0,女,遷入,新北市內,0
111,5,3,中和區,,,,無年齡維度,0.0,男,遷入,新北市內,0
111,5,3,中和區,,,,無年齡維度,0.0,女,遷入,桃園市,44
111,5,3,中和區,,,,無年齡維度,0.0,男,遷入,桃園市,34
111,5,3,中和區,,,,無年齡維度,0.0,女,遷入,福建省,6
111,5,3,中和區,,,,無年齡維度,0.0,男,遷入,福建省,5
111,5,3,中和區,,,,無年齡維度,0.0,女,遷入,臺中市,15
111,5,3,中和區,,,,無年齡維度,0.0,男,遷入,臺中市,9
111,5,3,中和區,,,,無年齡維度,0.0,女,遷入,臺北市,202
111,5,3,中和區,,,,無年齡維度,0.0,男,遷入,臺北市,179
111,5,3,中和區,,,,無年齡維度,0.0,女,遷入,臺南市,4
111,5,3,中和區,,,,無年齡維度,0.0,男,遷入,臺南市,10
111,5,3,中和區,,,,無年齡維度,0.0,女,遷入,臺灣省,69
111,5,3,中和區,,,,無年齡維度,0.0,男,遷入,臺灣省,71
111,5,3,中和區,,,,無年齡維度,0.0,女,遷入,高雄市,12
111,5,3,中和區,,,,無年齡維度,0.0,男,遷入,高雄市,10
111,5,3,中和區,,,,無年齡維度,0.0,女,遷出,migrants,411
111,5,3,中和區,,,,無年齡維度,0.0,男,遷出,migrants,389
111,5,3,中和區,,,,無年齡維度,0.0,女,遷出,other,0
111,5,3,中和區,,,,無年齡維度,0.0,男,遷出,other,0
111,5,3,中和區,,,,無年齡維度,0.0,女,遷出,其他縣市,0
111,5,3,中和區,,,,無年齡維度,0.0,男,遷出,其他縣市,0
111,5,3,中和區,,,,無年齡維度,0.0,女,遷出,其他鄉鎮,367
111,5,3,中和區,,,,無年齡維度,0.0,男,遷出,其他鄉鎮,318
111,5,3,中和區,,,,無年齡維度,0.0,女,遷出,合計,804
111,5,3,中和區,,,,無年齡維度,0.0,男,遷出,合計,732
111,5,3,中和區,,,,無年齡維度,0.0,女,遷出,國外,59
111,5,3,中和區,,,,無年齡維度,0.0,男,遷出,國外,86
111,5,3,中和區,,,,無年齡維度,0.0,女,遷出,新北市內,0
111,5,3,中和區,,,,無年齡維度,0.0,男,遷出,新北市內,0
111,5,3,中和區,,,,無年齡維度,0.0,女,遷出,桃園市,79
111,5,3,中和區,,,,無年齡維度,0.0,男,遷出,桃園市,75
111,5,3,中和區,,,,無年齡維度,0.0,女,遷出,福建省,10
111,5,3,中和區,,,,無年齡維度,0.0,男,遷出,福建省,7
111,5,3,中和區,,,,無年齡維度,0.0,女,遷出,臺中市,30
111,5,3,中和區,,,,無年齡維度,0.0,男,遷出,臺中市,16
111,5,3,中和區,,,,無年齡維度,0.0,女,遷出,臺北市,120
111,5,3,中和區,,,,無年齡維度,0.0,男,遷出,臺北市,100
111,5,3,中和區,,,,無年齡維度,0.0,女,遷出,臺南市,15
111,5,3,中和區,,,,無年齡維度,0.0,男,遷出,臺南市,13
111,5,3,中和區,,,,無年齡維度,0.0,女,遷出,臺灣省,106
111,5,3,中和區,,,,無年齡維度,0.0,男,遷出,臺灣省,109
111,5,3,中和區,,,,無年齡維度,0.0,女,遷出,高雄市,17
111,5,3,中和區,,,,無年齡維度,0.0,男,遷出,高雄市,8
111,5,4,永和區,,,,無年齡維度,0.0,女,遷入,migrants,181
111,5,4,永和區,,,,無年齡維度,0.0,男,遷入,migrants,188
111,5,4,永和區,,,,無年齡維度,0.0,女,遷入,other,0
111,5,4,永和區,,,,無年齡維度,0.0,男,遷入,other,0
111,5,4,永和區,,,,無年齡維度,0.0,女,遷入,其他縣市,0
111,5,4,永和區,,,,無年齡維度,0.0,男,遷入,其他縣市,0
111,5,4,永和區,,,,無年齡維度,0.0,女,遷入,其他鄉鎮,172
111,5,4,永和區,,,,無年齡維度,0.0,男,遷入,其他鄉鎮,127
111,5,4,永和區,,,,無年齡維度,0.0,女,遷入,合計,436
111,5,4,永和區,,,,無年齡維度,0.0,男,遷入,合計,335
111,5,4,永和區,,,,無年齡維度,0.0,女,遷入,國外,70
111,5,4,永和區,,,,無年齡維度,0.0,男,遷入,國外,43
111,5,4,永和區,,,,無年齡維度,0.0,女,遷入,新北市內,0
111,5,4,永和區,,,,無年齡維度,0.0,男,遷入,新北市內,0
111,5,4,永和區,,,,無年齡維度,0.0,女,遷入,桃園市,13
111,5,4,永和區,,,,無年齡維度,0.0,男,遷入,桃園市,9
111,5,4,永和區,,,,無年齡維度,0.0,女,遷入,福建省,4
111,5,4,永和區,,,,無年齡維度,0.0,男,遷入,福建省,4
111,5,4,永和區,,,,無年齡維度,0.0,女,遷入,臺中市,4
111,5,4,永和區,,,,無年齡維度,0.0,男,遷入,臺中市,8
111,5,4,永和區,,,,無年齡維度,0.0,女,遷入,臺北市,133
111,5,4,永和區,,,,無年齡維度,0.0,男,遷入,臺北市,99
111,5,4,永和區,,,,無年齡維度,0.0,女,遷入,臺南市,2
111,5,4,永和區,,,,無年齡維度,0.0,男,遷入,臺南市,5
111,5,4,永和區,,,,無年齡維度,0.0,女,遷入,臺灣省,22
111,5,4,永和區,,,,無年齡維度,0.0,男,遷入,臺灣省,24
111,5,4,永和區,,,,無年齡維度,0.0,女,遷入,高雄市,10
111,5,4,永和區,,,,無年齡維度,0.0,男,遷入,高雄市,8
111,5,4,永和區,,,,無年齡維度,0.0,女,遷出,migrants,181
111,5,4,永和區,,,,無年齡維度,0.0,男,遷出,migrants,188
111,5,4,永和區,,,,無年齡維度,0.0,女,遷出,other,0
111,5,4,永和區,,,,無年齡維度,0.0,男,遷出,other,0
111,5,4,永和區,,,,無年齡維度,0.0,女,遷出,其他縣市,0
111,5,4,永和區,,,,無年齡維度,0.0,男,遷出,其他縣市,0
111,5,4,永和區,,,,無年齡維度,0.0,女,遷出,其他鄉鎮,219
111,5,4,永和區,,,,無年齡維度,0.0,男,遷出,其他鄉鎮,181
111,5,4,永和區,,,,無年齡維度,0.0,女,遷出,合計,556
111,5,4,永和區,,,,無年齡維度,0.0,男,遷出,合計,449
111,5,4,永和區,,,,無年齡維度,0.0,女,遷出,國外,132
111,5,4,永和區,,,,無年齡維度,0.0,男,遷出,國外,90
111,5,4,永和區,,,,無年齡維度,0.0,女,遷出,新北市內,0
111,5,4,永和區,,,,無年齡維度,0.0,男,遷出,新北市內,0
111,5,4,永和區,,,,無年齡維度,0.0,女,遷出,桃園市,38
111,5,4,永和區,,,,無年齡維度,0.0,男,遷出,桃園市,37
111,5,4,永和區,,,,無年齡維度,0.0,女,遷出,福建省,2
111,5,4,永和區,,,,無年齡維度,0.0,男,遷出,福建省,3
111,5,4,永和區,,,,無年齡維度,0.0,女,遷出,臺中市,10
111,5,4,永和區,,,,無年齡維度,0.0,男,遷出,臺中市,12
111,5,4,永和區,,,,無年齡維度,0.0,女,遷出,臺北市,101
111,5,4,永和區,,,,無年齡維度,0.0,男,遷出,臺北市,75
111,5,4,永和區,,,,無年齡維度,0.0,女,遷出,臺南市,1
111,5,4,永和區,,,,無年齡維度,0.0,男,遷出,臺南市,0
111,5,4,永和區,,,,無年齡維度,0.0,女,遷出,臺灣省,48
111,5,4,永和區,,,,無年齡維度,0.0,男,遷出,臺灣省,43
111,5,4,永和區,,,,無年齡維度,0.0,女,遷出,高雄市,5
111,5,4,永和區,,,,無年齡維度,0.0,男,遷出,高雄市,8
111,5,5,新莊區,,,,無年齡維度,0.0,女,遷入,migrants,616
111,5,5,新莊區,,,,無年齡維度,0.0,男,遷入,migrants,537
111,5,5,新莊區,,,,無年齡維度,0.0,女,遷入,other,0
111,5,5,新莊區,,,,無年齡維度,0.0,男,遷入,other,0
111,5,5,新莊區,,,,無年齡維度,0.0,女,遷入,其他縣市,0
111,5,5,新莊區,,,,無年齡維度,0.0,男,遷入,其他縣市,0
111,5,5,新莊區,,,,無年齡維度,0.0,女,遷入,其他鄉鎮,317
111,5,5,新莊區,,,,無年齡維度,0.0,男,遷入,其他鄉鎮,249
111,5,5,新莊區,,,,無年齡維度,0.0,女,遷入,合計,758
111,5,5,新莊區,,,,無年齡維度,0.0,男,遷入,合計,631
111,5,5,新莊區,,,,無年齡維度,0.0,女,遷入,國外,60
111,5,5,新莊區,,,,無年齡維度,0.0,男,遷入,國外,61
111,5,5,新莊區,,,,無年齡維度,0.0,女,遷入,新北市內,0
111,5,5,新莊區,,,,無年齡維度,0.0,男,遷入,新北市內,0
111,5,5,新莊區,,,,無年齡維度,0.0,女,遷入,桃園市,67
111,5,5,新莊區,,,,無年齡維度,0.0,男,遷入,桃園市,60
111,5,5,新莊區,,,,無年齡維度,0.0,女,遷入,福建省,3
111,5,5,新莊區,,,,無年齡維度,0.0,男,遷入,福建省,6
111,5,5,新莊區,,,,無年齡維度,0.0,女,遷入,臺中市,21
111,5,5,新莊區,,,,無年齡維度,0.0,男,遷入,臺中市,10
111,5,5,新莊區,,,,無年齡維度,0.0,女,遷入,臺北市,155
111,5,5,新莊區,,,,無年齡維度,0.0,男,遷入,臺北市,122
111,5,5,新莊區,,,,無年齡維度,0.0,女,遷入,臺南市,12
111,5,5,新莊區,,,,無年齡維度,0.0,男,遷入,臺南市,10
111,5,5,新莊區,,,,無年齡維度,0.0,女,遷入,臺灣省,74
111,5,5,新莊區,,,,無年齡維度,0.0,男,遷入,臺灣省,84
111,5,5,新莊區,,,,無年齡維度,0.0,女,遷入,高雄市,27
111,5,5,新莊區,,,,無年齡維度,0.0,男,遷入,高雄市,21
111,5,5,新莊區,,,,無年齡維度,0.0,女,遷出,migrants,616
111,5,5,新莊區,,,,無年齡維度,0.0,男,遷出,migrants,537
111,5,5,新莊區,,,,無年齡維度,0.0,女,遷出,other,0
111,5,5,新莊區,,,,無年齡維度,0.0,男,遷出,other,0
111,5,5,新莊區,,,,無年齡維度,0.0,女,遷出,其他縣市,0
111,5,5,新莊區,,,,無年齡維度,0.0,男,遷出,其他縣市,0
111,5,5,新莊區,,,,無年齡維度,0.0,女,遷出,其他鄉鎮,334
111,5,5,新莊區,,,,無年齡維度,0.0,男,遷出,其他鄉鎮,262
111,5,5,新莊區,,,,無年齡維度,0.0,女,遷出,合計,773
111,5,5,新莊區,,,,無年齡維度,0.0,男,遷出,合計,663
111,5,5,新莊區,,,,無年齡維度,0.0,女,遷出,國外,55
111,5,5,新莊區,,,,無年齡維度,0.0,男,遷出,國外,59
111,5,5,新莊區,,,,無年齡維度,0.0,女,遷出,新北市內,0
111,5,5,新莊區,,,,無年齡維度,0.0,男,遷出,新北市內,0
111,5,5,新莊區,,,,無年齡維度,0.0,女,遷出,桃園市,136
111,5,5,新莊區,,,,無年齡維度,0.0,男,遷出,桃園市,118
111,5,5,新莊區,,,,無年齡維度,0.0,女,遷出,福建省,5
111,5,5,新莊區,,,,無年齡維度,0.0,男,遷出,福建省,0
111,5,5,新莊區,,,,無年齡維度,0.0,女,遷出,臺中市,25
111,5,5,新莊區,,,,無年齡維度,0.0,男,遷出,臺中市,20
111,5,5,新莊區,,,,無年齡維度,0.0,女,遷出,臺北市,75
111,5,5,新莊區,,,,無年齡維度,0.0,男,遷出,臺北市,67
111,5,5,新莊區,,,,無年齡維度,0.0,女,遷出,臺南市,15
111,5,5,新莊區,,,,無年齡維度,0.0,男,遷出,臺南市,12
111,5,5,新莊區,,,,無年齡維度,0.0,女,遷出,臺灣省,116
111,5,5,新莊區,,,,無年齡維度,0.0,男,遷出,臺灣省,115
111,5,5,新莊區,,,,無年齡維度,0.0,女,遷出,高雄市,12
111,5,5,新莊區,,,,無年齡維度,0.0,男,遷出,高雄市,10
111,5,6,新店區,,,,無年齡維度,0.0,女,遷入,migrants,375
111,5,6,新店區,,,,無年齡維度,0.0,男,遷入,migrants,350
111,5,6,新店區,,,,無年齡維度,0.0,女,遷入,other,0
111,5,6,新店區,,,,無年齡維度,0.0,男,遷入,other,0
111,5,6,新店區,,,,無年齡維度,0.0,女,遷入,其他縣市,0
111,5,6,新店區,,,,無年齡維度,0.0,男,遷入,其他縣市,0
111,5,6,新店區,,,,無年齡維度,0.0,女,遷入,其他鄉鎮,158
111,5,6,新店區,,,,無年齡維度,0.0,男,遷入,其他鄉鎮,133
111,5,6,新店區,,,,無年齡維度,0.0,女,遷入,合計,659
111,5,6,新店區,,,,無年齡維度,0.0,男,遷入,合計,515
111,5,6,新店區,,,,無年齡維度,0.0,女,遷入,國外,120
111,5,6,新店區,,,,無年齡維度,0.0,男,遷入,國外,97
111,5,6,新店區,,,,無年齡維度,0.0,女,遷入,新北市內,0
111,5,6,新店區,,,,無年齡維度,0.0,男,遷入,新北市內,0
111,5,6,新店區,,,,無年齡維度,0.0,女,遷入,桃園市,32
111,5,6,新店區,,,,無年齡維度,0.0,男,遷入,桃園市,28
111,5,6,新店區,,,,無年齡維度,0.0,女,遷入,福建省,2
111,5,6,新店區,,,,無年齡維度,0.0,男,遷入,福建省,4
111,5,6,新店區,,,,無年齡維度,0.0,女,遷入,臺中市,15
111,5,6,新店區,,,,無年齡維度,0.0,男,遷入,臺中市,11
111,5,6,新店區,,,,無年齡維度,0.0,女,遷入,臺北市,256
111,5,6,新店區,,,,無年齡維度,0.0,男,遷入,臺北市,184
111,5,6,新店區,,,,無年齡維度,0.0,女,遷入,臺南市,6
111,5,6,新店區,,,,無年齡維度,0.0,男,遷入,臺南市,6
111,5,6,新店區,,,,無年齡維度,0.0,女,遷入,臺灣省,50
111,5,6,新店區,,,,無年齡維度,0.0,男,遷入,臺灣省,38
111,5,6,新店區,,,,無年齡維度,0.0,女,遷入,高雄市,9
111,5,6,新店區,,,,無年齡維度,0.0,男,遷入,高雄市,8
111,5,6,新店區,,,,無年齡維度,0.0,女,遷出,migrants,375
111,5,6,新店區,,,,無年齡維度,0.0,男,遷出,migrants,350
111,5,6,新店區,,,,無年齡維度,0.0,女,遷出,other,0
111,5,6,新店區,,,,無年齡維度,0.0,男,遷出,other,0
111,5,6,新店區,,,,無年齡維度,0.0,女,遷出,其他縣市,0
111,5,6,新店區,,,,無年齡維度,0.0,男,遷出,其他縣市,0
111,5,6,新店區,,,,無年齡維度,0.0,女,遷出,其他鄉鎮,180
111,5,6,新店區,,,,無年齡維度,0.0,男,遷出,其他鄉鎮,123
111,5,6,新店區,,,,無年齡維度,0.0,女,遷出,合計,546
111,5,6,新店區,,,,無年齡維度,0.0,男,遷出,合計,438
111,5,6,新店區,,,,無年齡維度,0.0,女,遷出,國外,71
111,5,6,新店區,,,,無年齡維度,0.0,男,遷出,國外,53
111,5,6,新店區,,,,無年齡維度,0.0,女,遷出,新北市內,0
111,5,6,新店區,,,,無年齡維度,0.0,男,遷出,新北市內,0
111,5,6,新店區,,,,無年齡維度,0.0,女,遷出,桃園市,34
111,5,6,新店區,,,,無年齡維度,0.0,男,遷出,桃園市,36
111,5,6,新店區,,,,無年齡維度,0.0,女,遷出,福建省,7
111,5,6,新店區,,,,無年齡維度,0.0,男,遷出,福建省,6
111,5,6,新店區,,,,無年齡維度,0.0,女,遷出,臺中市,26
111,5,6,新店區,,,,無年齡維度,0.0,男,遷出,臺中市,14
111,5,6,新店區,,,,無年齡維度,0.0,女,遷出,臺北市,140
111,5,6,新店區,,,,無年齡維度,0.0,男,遷出,臺北市,124
111,5,6,新店區,,,,無年齡維度,0.0,女,遷出,臺南市,2
111,5,6,新店區,,,,無年齡維度,0.0,男,遷出,臺南市,4
111,5,6,新店區,,,,無年齡維度,0.0,女,遷出,臺灣省,77
111,5,6,新店區,,,,無年齡維度,0.0,男,遷出,臺灣省,70
111,5,6,新店區,,,,無年齡維度,0.0,女,遷出,高雄市,9
111,5,6,新店區,,,,無年齡維度,0.0,男,遷出,高雄市,7
111,5,7,土城區,,,,無年齡維度,0.0,女,遷入,migrants,183
111,5,7,土城區,,,,無年齡維度,0.0,男,遷入,migrants,191
111,5,7,土城區,,,,無年齡維度,0.0,女,遷入,other,0
111,5,7,土城區,,,,無年齡維度,0.0,男,遷入,other,0
111,5,7,土城區,,,,無年齡維度,0.0,女,遷入,其他縣市,0
111,5,7,土城區,,,,無年齡維度,0.0,男,遷入,其他縣市,0
111,5,7,土城區,,,,無年齡維度,0.0,女,遷入,其他鄉鎮,152
111,5,7,土城區,,,,無年齡維度,0.0,男,遷入,其他鄉鎮,138
111,5,7,土城區,,,,無年齡維度,0.0,女,遷入,合計,322
111,5,7,土城區,,,,無年齡維度,0.0,男,遷入,合計,267
111,5,7,土城區,,,,無年齡維度,0.0,女,遷入,國外,32
111,5,7,土城區,,,,無年齡維度,0.0,男,遷入,國外,25
111,5,7,土城區,,,,無年齡維度,0.0,女,遷入,新北市內,0
111,5,7,土城區,,,,無年齡維度,0.0,男,遷入,新北市內,0
111,5,7,土城區,,,,無年齡維度,0.0,女,遷入,桃園市,41
111,5,7,土城區,,,,無年齡維度,0.0,男,遷入,桃園市,31
111,5,7,土城區,,,,無年齡維度,0.0,女,遷入,福建省,0
111,5,7,土城區,,,,無年齡維度,0.0,男,遷入,福建省,1
111,5,7,土城區,,,,無年齡維度,0.0,女,遷入,臺中市,5
111,5,7,土城區,,,,無年齡維度,0.0,男,遷入,臺中市,3
111,5,7,土城區,,,,無年齡維度,0.0,女,遷入,臺北市,45
111,5,7,土城區,,,,無年齡維度,0.0,男,遷入,臺北市,39
111,5,7,土城區,,,,無年齡維度,0.0,女,遷入,臺南市,4
111,5,7,土城區,,,,無年齡維度,0.0,男,遷入,臺南市,2
111,5,7,土城區,,,,無年齡維度,0.0,女,遷入,臺灣省,21
111,5,7,土城區,,,,無年齡維度,0.0,男,遷入,臺灣省,21
111,5,7,土城區,,,,無年齡維度,0.0,女,遷入,高雄市,5
111,5,7,土城區,,,,無年齡維度,0.0,男,遷入,高雄市,6
111,5,7,土城區,,,,無年齡維度,0.0,女,遷出,migrants,183
111,5,7,土城區,,,,無年齡維度,0.0,男,遷出,migrants,191
111,5,7,土城區,,,,無年齡維度,0.0,女,遷出,other,0
111,5,7,土城區,,,,無年齡維度,0.0,男,遷出,other,0
111,5,7,土城區,,,,無年齡維度,0.0,女,遷出,其他縣市,0
111,5,7,土城區,,,,無年齡維度,0.0,男,遷出,其他縣市,0
111,5,7,土城區,,,,無年齡維度,0.0,女,遷出,其他鄉鎮,194
111,5,7,土城區,,,,無年齡維度,0.0,男,遷出,其他鄉鎮,156
111,5,7,土城區,,,,無年齡維度,0.0,女,遷出,合計,507
111,5,7,土城區,,,,無年齡維度,0.0,男,遷出,合計,442
111,5,7,土城區,,,,無年齡維度,0.0,女,遷出,國外,168
111,5,7,土城區,,,,無年齡維度,0.0,男,遷出,國外,156
111,5,7,土城區,,,,無年齡維度,0.0,女,遷出,新北市內,0
111,5,7,土城區,,,,無年齡維度,0.0,男,遷出,新北市內,0
111,5,7,土城區,,,,無年齡維度,0.0,女,遷出,桃園市,56
111,5,7,土城區,,,,無年齡維度,0.0,男,遷出,桃園市,43
111,5,7,土城區,,,,無年齡維度,0.0,女,遷出,福建省,0
111,5,7,土城區,,,,無年齡維度,0.0,男,遷出,福建省,1
111,5,7,土城區,,,,無年齡維度,0.0,女,遷出,臺中市,11
111,5,7,土城區,,,,無年齡維度,0.0,男,遷出,臺中市,10
111,5,7,土城區,,,,無年齡維度,0.0,女,遷出,臺北市,26
111,5,7,土城區,,,,無年齡維度,0.0,男,遷出,臺北市,21
111,5,7,土城區,,,,無年齡維度,0.0,女,遷出,臺南市,6
111,5,7,土城區,,,,無年齡維度,0.0,男,遷出,臺南市,2
111,5,7,土城區,,,,無年齡維度,0.0,女,遷出,臺灣省,39
111,5,7,土城區,,,,無年齡維度,0.0,男,遷出,臺灣省,51
111,5,7,土城區,,,,無年齡維度,0.0,女,遷出,高雄市,7
111,5,7,土城區,,,,無年齡維度,0.0,男,遷出,高雄市,2
111,5,8,蘆洲區,,,,無年齡維度,0.0,女,遷入,migrants,126
111,5,8,蘆洲區,,,,無年齡維度,0.0,男,遷入,migrants,96
111,5,8,蘆洲區,,,,無年齡維度,0.0,女,遷入,other,0
111,5,8,蘆洲區,,,,無年齡維度,0.0,男,遷入,other,0
111,5,8,蘆洲區,,,,無年齡維度,0.0,女,遷入,其他縣市,0
111,5,8,蘆洲區,,,,無年齡維度,0.0,男,遷入,其他縣市,0
111,5,8,蘆洲區,,,,無年齡維度,0.0,女,遷入,其他鄉鎮,79
111,5,8,蘆洲區,,,,無年齡維度,0.0,男,遷入,其他鄉鎮,65
111,5,8,蘆洲區,,,,無年齡維度,0.0,女,遷入,合計,207
111,5,8,蘆洲區,,,,無年齡維度,0.0,男,遷入,合計,179
111,5,8,蘆洲區,,,,無年齡維度,0.0,女,遷入,國外,8
111,5,8,蘆洲區,,,,無年齡維度,0.0,男,遷入,國外,7
111,5,8,蘆洲區,,,,無年齡維度,0.0,女,遷入,新北市內,0
111,5,8,蘆洲區,,,,無年齡維度,0.0,男,遷入,新北市內,0
111,5,8,蘆洲區,,,,無年齡維度,0.0,女,遷入,桃園市,71
111,5,8,蘆洲區,,,,無年齡維度,0.0,男,遷入,桃園市,67
111,5,8,蘆洲區,,,,無年齡維度,0.0,女,遷入,福建省,0
111,5,8,蘆洲區,,,,無年齡維度,0.0,男,遷入,福建省,1
111,5,8,蘆洲區,,,,無年齡維度,0.0,女,遷入,臺中市,3
111,5,8,蘆洲區,,,,無年齡維度,0.0,男,遷入,臺中市,4
111,5,8,蘆洲區,,,,無年齡維度,0.0,女,遷入,臺北市,16
111,5,8,蘆洲區,,,,無年齡維度,0.0,男,遷入,臺北市,13
111,5,8,蘆洲區,,,,無年齡維度,0.0,女,遷入,臺南市,4
111,5,8,蘆洲區,,,,無年齡維度,0.0,男,遷入,臺南市,1
111,5,8,蘆洲區,,,,無年齡維度,0.0,女,遷入,臺灣省,21
111,5,8,蘆洲區,,,,無年齡維度,0.0,男,遷入,臺灣省,13
111,5,8,蘆洲區,,,,無年齡維度,0.0,女,遷入,高雄市,3
111,5,8,蘆洲區,,,,無年齡維度,0.0,男,遷入,高雄市,5
111,5,8,蘆洲區,,,,無年齡維度,0.0,女,遷出,migrants,126
111,5,8,蘆洲區,,,,無年齡維度,0.0,男,遷出,migrants,96
111,5,8,蘆洲區,,,,無年齡維度,0.0,女,遷出,other,0
111,5,8,蘆洲區,,,,無年齡維度,0.0,男,遷出,other,0
111,5,8,蘆洲區,,,,無年齡維度,0.0,女,遷出,其他縣市,0
111,5,8,蘆洲區,,,,無年齡維度,0.0,男,遷出,其他縣市,0
111,5,8,蘆洲區,,,,無年齡維度,0.0,女,遷出,其他鄉鎮,38
111,5,8,蘆洲區,,,,無年齡維度,0.0,男,遷出,其他鄉鎮,31
111,5,8,蘆洲區,,,,無年齡維度,0.0,女,遷出,合計,174
111,5,8,蘆洲區,,,,無年齡維度,0.0,男,遷出,合計,151
111,5,8,蘆洲區,,,,無年齡維度,0.0,女,遷出,國外,31
111,5,8,蘆洲區,,,,無年齡維度,0.0,男,遷出,國外,33
111,5,8,蘆洲區,,,,無年齡維度,0.0,女,遷出,新北市內,0
111,5,8,蘆洲區,,,,無年齡維度,0.0,男,遷出,新北市內,0
111,5,8,蘆洲區,,,,無年齡維度,0.0,女,遷出,桃園市,48
111,5,8,蘆洲區,,,,無年齡維度,0.0,男,遷出,桃園市,49
111,5,8,蘆洲區,,,,無年齡維度,0.0,女,遷出,福建省,2
111,5,8,蘆洲區,,,,無年齡維度,0.0,男,遷出,福建省,0
111,5,8,蘆洲區,,,,無年齡維度,0.0,女,遷出,臺中市,5
111,5,8,蘆洲區,,,,無年齡維度,0.0,男,遷出,臺中市,0
111,5,8,蘆洲區,,,,無年齡維度,0.0,女,遷出,臺北市,18
111,5,8,蘆洲區,,,,無年齡維度,0.0,男,遷出,臺北市,9
111,5,8,蘆洲區,,,,無年齡維度,0.0,女,遷出,臺南市,1
111,5,8,蘆洲區,,,,無年齡維度,0.0,男,遷出,臺南市,0
111,5,8,蘆洲區,,,,無年齡維度,0.0,女,遷出,臺灣省,28
111,5,8,蘆洲區,,,,無年齡維度,0.0,男,遷出,臺灣省,24
111,5,8,蘆洲區,,,,無年齡維度,0.0,女,遷出,高雄市,3
111,5,8,蘆洲區,,,,無年齡維度,0.0,男,遷出,高雄市,5
111,5,9,樹林區,,,,無年齡維度,0.0,女,遷入,migrants,159
111,5,9,樹林區,,,,無年齡維度,0.0,男,遷入,migrants,127
111,5,9,樹林區,,,,無年齡維度,0.0,女,遷入,other,0
111,5,9,樹林區,,,,無年齡維度,0.0,男,遷入,other,0
111,5,9,樹林區,,,,無年齡維度,0.0,女,遷入,其他縣市,0
111,5,9,樹林區,,,,無年齡維度,0.0,男,遷入,其他縣市,0
111,5,9,樹林區,,,,無年齡維度,0.0,女,遷入,其他鄉鎮,84
111,5,9,樹林區,,,,無年齡維度,0.0,男,遷入,其他鄉鎮,82
111,5,9,樹林區,,,,無年齡維度,0.0,女,遷入,合計,163
111,5,9,樹林區,,,,無年齡維度,0.0,男,遷入,合計,176
111,5,9,樹林區,,,,無年齡維度,0.0,女,遷入,國外,17
111,5,9,樹林區,,,,無年齡維度,0.0,男,遷入,國外,17
111,5,9,樹林區,,,,無年齡維度,0.0,女,遷入,新北市內,0
111,5,9,樹林區,,,,無年齡維度,0.0,男,遷入,新北市內,0
111,5,9,樹林區,,,,無年齡維度,0.0,女,遷入,桃園市,16
111,5,9,樹林區,,,,無年齡維度,0.0,男,遷入,桃園市,13
111,5,9,樹林區,,,,無年齡維度,0.0,女,遷入,福建省,0
111,5,9,樹林區,,,,無年齡維度,0.0,男,遷入,福建省,0
111,5,9,樹林區,,,,無年齡維度,0.0,女,遷入,臺中市,4
111,5,9,樹林區,,,,無年齡維度,0.0,男,遷入,臺中市,9
111,5,9,樹林區,,,,無年齡維度,0.0,女,遷入,臺北市,19
111,5,9,樹林區,,,,無年齡維度,0.0,男,遷入,臺北市,25
111,5,9,樹林區,,,,無年齡維度,0.0,女,遷入,臺南市,1
111,5,9,樹林區,,,,無年齡維度,0.0,男,遷入,臺南市,4
111,5,9,樹林區,,,,無年齡維度,0.0,女,遷入,臺灣省,16
111,5,9,樹林區,,,,無年齡維度,0.0,男,遷入,臺灣省,23
111,5,9,樹林區,,,,無年齡維度,0.0,女,遷入,高雄市,3
111,5,9,樹林區,,,,無年齡維度,0.0,男,遷入,高雄市,1
111,5,9,樹林區,,,,無年齡維度,0.0,女,遷出,migrants,159
111,5,9,樹林區,,,,無年齡維度,0.0,男,遷出,migrants,127
111,5,9,樹林區,,,,無年齡維度,0.0,女,遷出,other,0
111,5,9,樹林區,,,,無年齡維度,0.0,男,遷出,other,0
111,5,9,樹林區,,,,無年齡維度,0.0,女,遷出,其他縣市,0
111,5,9,樹林區,,,,無年齡維度,0.0,男,遷出,其他縣市,0
111,5,9,樹林區,,,,無年齡維度,0.0,女,遷出,其他鄉鎮,77
111,5,9,樹林區,,,,無年齡維度,0.0,男,遷出,其他鄉鎮,83
111,5,9,樹林區,,,,無年齡維度,0.0,女,遷出,合計,183
111,5,9,樹林區,,,,無年齡維度,0.0,男,遷出,合計,200
111,5,9,樹林區,,,,無年齡維度,0.0,女,遷出,國外,24
111,5,9,樹林區,,,,無年齡維度,0.0,男,遷出,國外,28
111,5,9,樹林區,,,,無年齡維度,0.0,女,遷出,新北市內,0
111,5,9,樹林區,,,,無年齡維度,0.0,男,遷出,新北市內,0
111,5,9,樹林區,,,,無年齡維度,0.0,女,遷出,桃園市,18
111,5,9,樹林區,,,,無年齡維度,0.0,男,遷出,桃園市,22
111,5,9,樹林區,,,,無年齡維度,0.0,女,遷出,福建省,0
111,5,9,樹林區,,,,無年齡維度,0.0,男,遷出,福建省,1
111,5,9,樹林區,,,,無年齡維度,0.0,女,遷出,臺中市,1
111,5,9,樹林區,,,,無年齡維度,0.0,男,遷出,臺中市,1
111,5,9,樹林區,,,,無年齡維度,0.0,女,遷出,臺北市,21
111,5,9,樹林區,,,,無年齡維度,0.0,男,遷出,臺北市,23
111,5,9,樹林區,,,,無年齡維度,0.0,女,遷出,臺南市,4
111,5,9,樹林區,,,,無年齡維度,0.0,男,遷出,臺南市,4
111,5,9,樹林區,,,,無年齡維度,0.0,女,遷出,臺灣省,33
111,5,9,樹林區,,,,無年齡維度,0.0,男,遷出,臺灣省,33
111,5,9,樹林區,,,,無年齡維度,0.0,女,遷出,高雄市,5
111,5,9,樹林區,,,,無年齡維度,0.0,男,遷出,高雄市,5
111,5,10,鶯歌區,,,,無年齡維度,0.0,女,遷入,migrants,270
111,5,10,鶯歌區,,,,無年齡維度,0.0,男,遷入,migrants,268
111,5,10,鶯歌區,,,,無年齡維度,0.0,女,遷入,other,0
111,5,10,鶯歌區,,,,無年齡維度,0.0,男,遷入,other,0
111,5,10,鶯歌區,,,,無年齡維度,0.0,女,遷入,其他縣市,0
111,5,10,鶯歌區,,,,無年齡維度,0.0,男,遷入,其他縣市,0
111,5,10,鶯歌區,,,,無年齡維度,0.0,女,遷入,其他鄉鎮,138
111,5,10,鶯歌區,,,,無年齡維度,0.0,男,遷入,其他鄉鎮,109
111,5,10,鶯歌區,,,,無年齡維度,0.0,女,遷入,合計,473
111,5,10,鶯歌區,,,,無年齡維度,0.0,男,遷入,合計,412
111,5,10,鶯歌區,,,,無年齡維度,0.0,女,遷入,國外,52
111,5,10,鶯歌區,,,,無年齡維度,0.0,男,遷入,國外,37
111,5,10,鶯歌區,,,,無年齡維度,0.0,女,遷入,新北市內,0
111,5,10,鶯歌區,,,,無年齡維度,0.0,男,遷入,新北市內,0
111,5,10,鶯歌區,,,,無年齡維度,0.0,女,遷入,桃園市,18
111,5,10,鶯歌區,,,,無年齡維度,0.0,男,遷入,桃園市,16
111,5,10,鶯歌區,,,,無年齡維度,0.0,女,遷入,福建省,0
111,5,10,鶯歌區,,,,無年齡維度,0.0,男,遷入,福建省,0
111,5,10,鶯歌區,,,,無年齡維度,0.0,女,遷入,臺中市,15
111,5,10,鶯歌區,,,,無年齡維度,0.0,男,遷入,臺中市,9
111,5,10,鶯歌區,,,,無年齡維度,0.0,女,遷入,臺北市,176
111,5,10,鶯歌區,,,,無年齡維度,0.0,男,遷入,臺北市,190
111,5,10,鶯歌區,,,,無年齡維度,0.0,女,遷入,臺南市,4
111,5,10,鶯歌區,,,,無年齡維度,0.0,男,遷入,臺南市,2
111,5,10,鶯歌區,,,,無年齡維度,0.0,女,遷入,臺灣省,50
111,5,10,鶯歌區,,,,無年齡維度,0.0,男,遷入,臺灣省,38
111,5,10,鶯歌區,,,,無年齡維度,0.0,女,遷入,高雄市,13
111,5,10,鶯歌區,,,,無年齡維度,0.0,男,遷入,高雄市,5
111,5,10,鶯歌區,,,,無年齡維度,0.0,女,遷出,migrants,270
111,5,10,鶯歌區,,,,無年齡維度,0.0,男,遷出,migrants,268
111,5,10,鶯歌區,,,,無年齡維度,0.0,女,遷出,other,0
111,5,10,鶯歌區,,,,無年齡維度,0.0,男,遷出,other,0
111,5,10,鶯歌區,,,,無年齡維度,0.0,女,遷出,其他縣市,0
111,5,10,鶯歌區,,,,無年齡維度,0.0,男,遷出,其他縣市,0
111,5,10,鶯歌區,,,,無年齡維度,0.0,女,遷出,其他鄉鎮,81
111,5,10,鶯歌區,,,,無年齡維度,0.0,男,遷出,其他鄉鎮,71
111,5,10,鶯歌區,,,,無年齡維度,0.0,女,遷出,合計,681
111,5,10,鶯歌區,,,,無年齡維度,0.0,男,遷出,合計,612
111,5,10,鶯歌區,,,,無年齡維度,0.0,女,遷出,國外,387
111,5,10,鶯歌區,,,,無年齡維度,0.0,男,遷出,國外,359
111,5,10,鶯歌區,,,,無年齡維度,0.0,女,遷出,新北市內,0
111,5,10,鶯歌區,,,,無年齡維度,0.0,男,遷出,新北市內,0
111,5,10,鶯歌區,,,,無年齡維度,0.0,女,遷出,桃園市,27
111,5,10,鶯歌區,,,,無年齡維度,0.0,男,遷出,桃園市,23
111,5,10,鶯歌區,,,,無年齡維度,0.0,女,遷出,福建省,2
111,5,10,鶯歌區,,,,無年齡維度,0.0,男,遷出,福建省,5
111,5,10,鶯歌區,,,,無年齡維度,0.0,女,遷出,臺中市,12
111,5,10,鶯歌區,,,,無年齡維度,0.0,男,遷出,臺中市,6
111,5,10,鶯歌區,,,,無年齡維度,0.0,女,遷出,臺北市,122
111,5,10,鶯歌區,,,,無年齡維度,0.0,男,遷出,臺北市,97
111,5,10,鶯歌區,,,,無年齡維度,0.0,女,遷出,臺南市,6
111,5,10,鶯歌區,,,,無年齡維度,0.0,男,遷出,臺南市,1
111,5,10,鶯歌區,,,,無年齡維度,0.0,女,遷出,臺灣省,36
111,5,10,鶯歌區,,,,無年齡維度,0.0,男,遷出,臺灣省,42
111,5,10,鶯歌區,,,,無年齡維度,0.0,女,遷出,高雄市,8
111,5,10,鶯歌區,,,,無年齡維度,0.0,男,遷出,高雄市,8
111,5,11,三峽區,,,,無年齡維度,0.0,女,遷入,migrants,273
111,5,11,三峽區,,,,無年齡維度,0.0,男,遷入,migrants,270
111,5,11,三峽區,,,,無年齡維度,0.0,女,遷入,other,0
111,5,11,三峽區,,,,無年齡維度,0.0,男,遷入,other,0
111,5,11,三峽區,,,,無年齡維度,0.0,女,遷入,其他縣市,0
111,5,11,三峽區,,,,無年齡維度,0.0,男,遷入,其他縣市,0
111,5,11,三峽區,,,,無年齡維度,0.0,女,遷入,其他鄉鎮,62
111,5,11,三峽區,,,,無年齡維度,0.0,男,遷入,其他鄉鎮,48
111,5,11,三峽區,,,,無年齡維度,0.0,女,遷入,合計,425
111,5,11,三峽區,,,,無年齡維度,0.0,男,遷入,合計,385
111,5,11,三峽區,,,,無年齡維度,0.0,女,遷入,國外,53
111,5,11,三峽區,,,,無年齡維度,0.0,男,遷入,國外,28
111,5,11,三峽區,,,,無年齡維度,0.0,女,遷入,新北市內,0
111,5,11,三峽區,,,,無年齡維度,0.0,男,遷入,新北市內,0
111,5,11,三峽區,,,,無年齡維度,0.0,女,遷入,桃園市,10
111,5,11,三峽區,,,,無年齡維度,0.0,男,遷入,桃園市,16
111,5,11,三峽區,,,,無年齡維度,0.0,女,遷入,福建省,2
111,5,11,三峽區,,,,無年齡維度,0.0,男,遷入,福建省,2
111,5,11,三峽區,,,,無年齡維度,0.0,女,遷入,臺中市,17
111,5,11,三峽區,,,,無年齡維度,0.0,男,遷入,臺中市,8
111,5,11,三峽區,,,,無年齡維度,0.0,女,遷入,臺北市,198
111,5,11,三峽區,,,,無年齡維度,0.0,男,遷入,臺北市,208
111,5,11,三峽區,,,,無年齡維度,0.0,女,遷入,臺南市,11
111,5,11,三峽區,,,,無年齡維度,0.0,男,遷入,臺南市,4
111,5,11,三峽區,,,,無年齡維度,0.0,女,遷入,臺灣省,52
111,5,11,三峽區,,,,無年齡維度,0.0,男,遷入,臺灣省,61
111,5,11,三峽區,,,,無年齡維度,0.0,女,遷入,高雄市,11
111,5,11,三峽區,,,,無年齡維度,0.0,男,遷入,高雄市,7
111,5,11,三峽區,,,,無年齡維度,0.0,女,遷出,migrants,273
111,5,11,三峽區,,,,無年齡維度,0.0,男,遷出,migrants,270
111,5,11,三峽區,,,,無年齡維度,0.0,女,遷出,other,0
111,5,11,三峽區,,,,無年齡維度,0.0,男,遷出,other,0
111,5,11,三峽區,,,,無年齡維度,0.0,女,遷出,其他縣市,0
111,5,11,三峽區,,,,無年齡維度,0.0,男,遷出,其他縣市,0
111,5,11,三峽區,,,,無年齡維度,0.0,女,遷出,其他鄉鎮,75
111,5,11,三峽區,,,,無年齡維度,0.0,男,遷出,其他鄉鎮,64
111,5,11,三峽區,,,,無年齡維度,0.0,女,遷出,合計,511
111,5,11,三峽區,,,,無年齡維度,0.0,男,遷出,合計,515
111,5,11,三峽區,,,,無年齡維度,0.0,女,遷出,國外,180
111,5,11,三峽區,,,,無年齡維度,0.0,男,遷出,國外,199
111,5,11,三峽區,,,,無年齡維度,0.0,女,遷出,新北市內,0
111,5,11,三峽區,,,,無年齡維度,0.0,男,遷出,新北市內,0
111,5,11,三峽區,,,,無年齡維度,0.0,女,遷出,桃園市,28
111,5,11,三峽區,,,,無年齡維度,0.0,男,遷出,桃園市,24
111,5,11,三峽區,,,,無年齡維度,0.0,女,遷出,福建省,0
111,5,11,三峽區,,,,無年齡維度,0.0,男,遷出,福建省,2
111,5,11,三峽區,,,,無年齡維度,0.0,女,遷出,臺中市,8
111,5,11,三峽區,,,,無年齡維度,0.0,男,遷出,臺中市,10
111,5,11,三峽區,,,,無年齡維度,0.0,女,遷出,臺北市,130
111,5,11,三峽區,,,,無年齡維度,0.0,男,遷出,臺北市,119
111,5,11,三峽區,,,,無年齡維度,0.0,女,遷出,臺南市,7
111,5,11,三峽區,,,,無年齡維度,0.0,男,遷出,臺南市,10
111,5,11,三峽區,,,,無年齡維度,0.0,女,遷出,臺灣省,73
111,5,11,三峽區,,,,無年齡維度,0.0,男,遷出,臺灣省,78
111,5,11,三峽區,,,,無年齡維度,0.0,女,遷出,高雄市,10
111,5,11,三峽區,,,,無年齡維度,0.0,男,遷出,高雄市,9
111,5,12,淡水區,,,,無年齡維度,0.0,女,遷入,migrants,37
111,5,12,淡水區,,,,無年齡維度,0.0,男,遷入,migrants,35
111,5,12,淡水區,,,,無年齡維度,0.0,女,遷入,other,0
111,5,12,淡水區,,,,無年齡維度,0.0,男,遷入,other,0
111,5,12,淡水區,,,,無年齡維度,0.0,女,遷入,其他縣市,0
111,5,12,淡水區,,,,無年齡維度,0.0,男,遷入,其他縣市,0
111,5,12,淡水區,,,,無年齡維度,0.0,女,遷入,其他鄉鎮,14
111,5,12,淡水區,,,,無年齡維度,0.0,男,遷入,其他鄉鎮,10
111,5,12,淡水區,,,,無年齡維度,0.0,女,遷入,合計,59
111,5,12,淡水區,,,,無年齡維度,0.0,男,遷入,合計,50
111,5,12,淡水區,,,,無年齡維度,0.0,女,遷入,國外,2
111,5,12,淡水區,,,,無年齡維度,0.0,男,遷入,國外,2
111,5,12,淡水區,,,,無年齡維度,0.0,女,遷入,新北市內,0
111,5,12,淡水區,,,,無年齡維度,0.0,男,遷入,新北市內,0
111,5,12,淡水區,,,,無年齡維度,0.0,女,遷入,桃園市,5
111,5,12,淡水區,,,,無年齡維度,0.0,男,遷入,桃園市,5
111,5,12,淡水區,,,,無年齡維度,0.0,女,遷入,福建省,0
111,5,12,淡水區,,,,無年齡維度,0.0,男,遷入,福建省,0
111,5,12,淡水區,,,,無年齡維度,0.0,女,遷入,臺中市,0
111,5,12,淡水區,,,,無年齡維度,0.0,男,遷入,臺中市,1
111,5,12,淡水區,,,,無年齡維度,0.0,女,遷入,臺北市,10
111,5,12,淡水區,,,,無年齡維度,0.0,男,遷入,臺北市,10
111,5,12,淡水區,,,,無年齡維度,0.0,女,遷入,臺南市,1
111,5,12,淡水區,,,,無年齡維度,0.0,男,遷入,臺南市,3
111,5,12,淡水區,,,,無年齡維度,0.0,女,遷入,臺灣省,25
111,5,12,淡水區,,,,無年齡維度,0.0,男,遷入,臺灣省,18
111,5,12,淡水區,,,,無年齡維度,0.0,女,遷入,高雄市,1
111,5,12,淡水區,,,,無年齡維度,0.0,男,遷入,高雄市,1
111,5,12,淡水區,,,,無年齡維度,0.0,女,遷出,migrants,37
111,5,12,淡水區,,,,無年齡維度,0.0,男,遷出,migrants,35
111,5,12,淡水區,,,,無年齡維度,0.0,女,遷出,other,0
111,5,12,淡水區,,,,無年齡維度,0.0,男,遷出,other,0
111,5,12,淡水區,,,,無年齡維度,0.0,女,遷出,其他縣市,0
111,5,12,淡水區,,,,無年齡維度,0.0,男,遷出,其他縣市,0
111,5,12,淡水區,,,,無年齡維度,0.0,女,遷出,其他鄉鎮,12
111,5,12,淡水區,,,,無年齡維度,0.0,男,遷出,其他鄉鎮,12
111,5,12,淡水區,,,,無年齡維度,0.0,女,遷出,合計,98
111,5,12,淡水區,,,,無年齡維度,0.0,男,遷出,合計,93
111,5,12,淡水區,,,,無年齡維度,0.0,女,遷出,國外,38
111,5,12,淡水區,,,,無年齡維度,0.0,男,遷出,國外,48
111,5,12,淡水區,,,,無年齡維度,0.0,女,遷出,新北市內,0
111,5,12,淡水區,,,,無年齡維度,0.0,男,遷出,新北市內,0
111,5,12,淡水區,,,,無年齡維度,0.0,女,遷出,桃園市,6
111,5,12,淡水區,,,,無年齡維度,0.0,男,遷出,桃園市,4
111,5,12,淡水區,,,,無年齡維度,0.0,女,遷出,福建省,0
111,5,12,淡水區,,,,無年齡維度,0.0,男,遷出,福建省,0
111,5,12,淡水區,,,,無年齡維度,0.0,女,遷出,臺中市,3
111,5,12,淡水區,,,,無年齡維度,0.0,男,遷出,臺中市,2
111,5,12,淡水區,,,,無年齡維度,0.0,女,遷出,臺北市,8
111,5,12,淡水區,,,,無年齡維度,0.0,男,遷出,臺北市,8
111,5,12,淡水區,,,,無年齡維度,0.0,女,遷出,臺南市,1
111,5,12,淡水區,,,,無年齡維度,0.0,男,遷出,臺南市,1
111,5,12,淡水區,,,,無年齡維度,0.0,女,遷出,臺灣省,30
111,5,12,淡水區,,,,無年齡維度,0.0,男,遷出,臺灣省,18
111,5,12,淡水區,,,,無年齡維度,0.0,女,遷出,高雄市,0
111,5,12,淡水區,,,,無年齡維度,0.0,男,遷出,高雄市,0
111,5,13,汐止區,,,,無年齡維度,0.0,女,遷入,migrants,349
111,5,13,汐止區,,,,無年齡維度,0.0,男,遷入,migrants,317
111,5,13,汐止區,,,,無年齡維度,0.0,女,遷入,other,0
111,5,13,汐止區,,,,無年齡維度,0.0,男,遷入,other,0
111,5,13,汐止區,,,,無年齡維度,0.0,女,遷入,其他縣市,0
111,5,13,汐止區,,,,無年齡維度,0.0,男,遷入,其他縣市,0
111,5,13,汐止區,,,,無年齡維度,0.0,女,遷入,其他鄉鎮,231
111,5,13,汐止區,,,,無年齡維度,0.0,男,遷入,其他鄉鎮,196
111,5,13,汐止區,,,,無年齡維度,0.0,女,遷入,合計,431
111,5,13,汐止區,,,,無年齡維度,0.0,男,遷入,合計,382
111,5,13,汐止區,,,,無年齡維度,0.0,女,遷入,國外,28
111,5,13,汐止區,,,,無年齡維度,0.0,男,遷入,國外,32
111,5,13,汐止區,,,,無年齡維度,0.0,女,遷入,新北市內,0
111,5,13,汐止區,,,,無年齡維度,0.0,男,遷入,新北市內,0
111,5,13,汐止區,,,,無年齡維度,0.0,女,遷入,桃園市,29
111,5,13,汐止區,,,,無年齡維度,0.0,男,遷入,桃園市,20
111,5,13,汐止區,,,,無年齡維度,0.0,女,遷入,福建省,7
111,5,13,汐止區,,,,無年齡維度,0.0,男,遷入,福建省,0
111,5,13,汐止區,,,,無年齡維度,0.0,女,遷入,臺中市,4
111,5,13,汐止區,,,,無年齡維度,0.0,男,遷入,臺中市,4
111,5,13,汐止區,,,,無年齡維度,0.0,女,遷入,臺北市,76
111,5,13,汐止區,,,,無年齡維度,0.0,男,遷入,臺北市,76
111,5,13,汐止區,,,,無年齡維度,0.0,女,遷入,臺南市,5
111,5,13,汐止區,,,,無年齡維度,0.0,男,遷入,臺南市,4
111,5,13,汐止區,,,,無年齡維度,0.0,女,遷入,臺灣省,42
111,5,13,汐止區,,,,無年齡維度,0.0,男,遷入,臺灣省,39
111,5,13,汐止區,,,,無年齡維度,0.0,女,遷入,高雄市,4
111,5,13,汐止區,,,,無年齡維度,0.0,男,遷入,高雄市,5
111,5,13,汐止區,,,,無年齡維度,0.0,女,遷出,migrants,349
111,5,13,汐止區,,,,無年齡維度,0.0,男,遷出,migrants,317
111,5,13,汐止區,,,,無年齡維度,0.0,女,遷出,other,0
111,5,13,汐止區,,,,無年齡維度,0.0,男,遷出,other,0
111,5,13,汐止區,,,,無年齡維度,0.0,女,遷出,其他縣市,0
111,5,13,汐止區,,,,無年齡維度,0.0,男,遷出,其他縣市,0
111,5,13,汐止區,,,,無年齡維度,0.0,女,遷出,其他鄉鎮,212
111,5,13,汐止區,,,,無年齡維度,0.0,男,遷出,其他鄉鎮,177
111,5,13,汐止區,,,,無年齡維度,0.0,女,遷出,合計,453
111,5,13,汐止區,,,,無年齡維度,0.0,男,遷出,合計,448
111,5,13,汐止區,,,,無年齡維度,0.0,女,遷出,國外,66
111,5,13,汐止區,,,,無年齡維度,0.0,男,遷出,國外,85
111,5,13,汐止區,,,,無年齡維度,0.0,女,遷出,新北市內,0
111,5,13,汐止區,,,,無年齡維度,0.0,男,遷出,新北市內,0
111,5,13,汐止區,,,,無年齡維度,0.0,女,遷出,桃園市,47
111,5,13,汐止區,,,,無年齡維度,0.0,男,遷出,桃園市,40
111,5,13,汐止區,,,,無年齡維度,0.0,女,遷出,福建省,3
111,5,13,汐止區,,,,無年齡維度,0.0,男,遷出,福建省,2
111,5,13,汐止區,,,,無年齡維度,0.0,女,遷出,臺中市,9
111,5,13,汐止區,,,,無年齡維度,0.0,男,遷出,臺中市,12
111,5,13,汐止區,,,,無年齡維度,0.0,女,遷出,臺北市,39
111,5,13,汐止區,,,,無年齡維度,0.0,男,遷出,臺北市,36
111,5,13,汐止區,,,,無年齡維度,0.0,女,遷出,臺南市,4
111,5,13,汐止區,,,,無年齡維度,0.0,男,遷出,臺南市,5
111,5,13,汐止區,,,,無年齡維度,0.0,女,遷出,臺灣省,66
111,5,13,汐止區,,,,無年齡維度,0.0,男,遷出,臺灣省,81
111,5,13,汐止區,,,,無年齡維度,0.0,女,遷出,高雄市,7
111,5,13,汐止區,,,,無年齡維度,0.0,男,遷出,高雄市,10
111,5,14,瑞芳區,,,,無年齡維度,0.0,女,遷入,migrants,192
111,5,14,瑞芳區,,,,無年齡維度,0.0,男,遷入,migrants,203
111,5,14,瑞芳區,,,,無年齡維度,0.0,女,遷入,other,0
111,5,14,瑞芳區,,,,無年齡維度,0.0,男,遷入,other,0
111,5,14,瑞芳區,,,,無年齡維度,0.0,女,遷入,其他縣市,0
111,5,14,瑞芳區,,,,無年齡維度,0.0,男,遷入,其他縣市,0
111,5,14,瑞芳區,,,,無年齡維度,0.0,女,遷入,其他鄉鎮,131
111,5,14,瑞芳區,,,,無年齡維度,0.0,男,遷入,其他鄉鎮,116
111,5,14,瑞芳區,,,,無年齡維度,0.0,女,遷入,合計,306
111,5,14,瑞芳區,,,,無年齡維度,0.0,男,遷入,合計,282
111,5,14,瑞芳區,,,,無年齡維度,0.0,女,遷入,國外,26
111,5,14,瑞芳區,,,,無年齡維度,0.0,男,遷入,國外,24
111,5,14,瑞芳區,,,,無年齡維度,0.0,女,遷入,新北市內,0
111,5,14,瑞芳區,,,,無年齡維度,0.0,男,遷入,新北市內,0
111,5,14,瑞芳區,,,,無年齡維度,0.0,女,遷入,桃園市,30
111,5,14,瑞芳區,,,,無年齡維度,0.0,男,遷入,桃園市,25
111,5,14,瑞芳區,,,,無年齡維度,0.0,女,遷入,福建省,2
111,5,14,瑞芳區,,,,無年齡維度,0.0,男,遷入,福建省,2
111,5,14,瑞芳區,,,,無年齡維度,0.0,女,遷入,臺中市,10
111,5,14,瑞芳區,,,,無年齡維度,0.0,男,遷入,臺中市,6
111,5,14,瑞芳區,,,,無年齡維度,0.0,女,遷入,臺北市,69
111,5,14,瑞芳區,,,,無年齡維度,0.0,男,遷入,臺北市,67
111,5,14,瑞芳區,,,,無年齡維度,0.0,女,遷入,臺南市,0
111,5,14,瑞芳區,,,,無年齡維度,0.0,男,遷入,臺南市,5
111,5,14,瑞芳區,,,,無年齡維度,0.0,女,遷入,臺灣省,29
111,5,14,瑞芳區,,,,無年齡維度,0.0,男,遷入,臺灣省,28
111,5,14,瑞芳區,,,,無年齡維度,0.0,女,遷入,高雄市,2
111,5,14,瑞芳區,,,,無年齡維度,0.0,男,遷入,高雄市,6
111,5,14,瑞芳區,,,,無年齡維度,0.0,女,遷出,migrants,192
111,5,14,瑞芳區,,,,無年齡維度,0.0,男,遷出,migrants,203
111,5,14,瑞芳區,,,,無年齡維度,0.0,女,遷出,other,0
111,5,14,瑞芳區,,,,無年齡維度,0.0,男,遷出,other,0
111,5,14,瑞芳區,,,,無年齡維度,0.0,女,遷出,其他縣市,0
111,5,14,瑞芳區,,,,無年齡維度,0.0,男,遷出,其他縣市,0
111,5,14,瑞芳區,,,,無年齡維度,0.0,女,遷出,其他鄉鎮,181
111,5,14,瑞芳區,,,,無年齡維度,0.0,男,遷出,其他鄉鎮,183
111,5,14,瑞芳區,,,,無年齡維度,0.0,女,遷出,合計,558
111,5,14,瑞芳區,,,,無年齡維度,0.0,男,遷出,合計,566
111,5,14,瑞芳區,,,,無年齡維度,0.0,女,遷出,國外,211
111,5,14,瑞芳區,,,,無年齡維度,0.0,男,遷出,國外,242
111,5,14,瑞芳區,,,,無年齡維度,0.0,女,遷出,新北市內,0
111,5,14,瑞芳區,,,,無年齡維度,0.0,男,遷出,新北市內,0
111,5,14,瑞芳區,,,,無年齡維度,0.0,女,遷出,桃園市,27
111,5,14,瑞芳區,,,,無年齡維度,0.0,男,遷出,桃園市,27
111,5,14,瑞芳區,,,,無年齡維度,0.0,女,遷出,福建省,4
111,5,14,瑞芳區,,,,無年齡維度,0.0,男,遷出,福建省,3
111,5,14,瑞芳區,,,,無年齡維度,0.0,女,遷出,臺中市,13
111,5,14,瑞芳區,,,,無年齡維度,0.0,男,遷出,臺中市,4
111,5,14,瑞芳區,,,,無年齡維度,0.0,女,遷出,臺北市,72
111,5,14,瑞芳區,,,,無年齡維度,0.0,男,遷出,臺北市,58
111,5,14,瑞芳區,,,,無年齡維度,0.0,女,遷出,臺南市,4
111,5,14,瑞芳區,,,,無年齡維度,0.0,男,遷出,臺南市,6
111,5,14,瑞芳區,,,,無年齡維度,0.0,女,遷出,臺灣省,36
111,5,14,瑞芳區,,,,無年齡維度,0.0,男,遷出,臺灣省,39
111,5,14,瑞芳區,,,,無年齡維度,0.0,女,遷出,高雄市,10
111,5,14,瑞芳區,,,,無年齡維度,0.0,男,遷出,高雄市,4
111,5,15,五股區,,,,無年齡維度,0.0,女,遷入,migrants,114
111,5,15,五股區,,,,無年齡維度,0.0,男,遷入,migrants,127
111,5,15,五股區,,,,無年齡維度,0.0,女,遷入,other,0
111,5,15,五股區,,,,無年齡維度,0.0,男,遷入,other,0
111,5,15,五股區,,,,無年齡維度,0.0,女,遷入,其他縣市,0
111,5,15,五股區,,,,無年齡維度,0.0,男,遷入,其他縣市,0
111,5,15,五股區,,,,無年齡維度,0.0,女,遷入,其他鄉鎮,150
111,5,15,五股區,,,,無年齡維度,0.0,男,遷入,其他鄉鎮,145
111,5,15,五股區,,,,無年齡維度,0.0,女,遷入,合計,276
111,5,15,五股區,,,,無年齡維度,0.0,男,遷入,合計,243
111,5,15,五股區,,,,無年齡維度,0.0,女,遷入,國外,23
111,5,15,五股區,,,,無年齡維度,0.0,男,遷入,國外,10
111,5,15,五股區,,,,無年齡維度,0.0,女,遷入,新北市內,0
111,5,15,五股區,,,,無年齡維度,0.0,男,遷入,新北市內,0
111,5,15,五股區,,,,無年齡維度,0.0,女,遷入,桃園市,11
111,5,15,五股區,,,,無年齡維度,0.0,男,遷入,桃園市,11
111,5,15,五股區,,,,無年齡維度,0.0,女,遷入,福建省,0
111,5,15,五股區,,,,無年齡維度,0.0,男,遷入,福建省,1
111,5,15,五股區,,,,無年齡維度,0.0,女,遷入,臺中市,4
111,5,15,五股區,,,,無年齡維度,0.0,男,遷入,臺中市,4
111,5,15,五股區,,,,無年齡維度,0.0,女,遷入,臺北市,51
111,5,15,五股區,,,,無年齡維度,0.0,男,遷入,臺北市,41
111,5,15,五股區,,,,無年齡維度,0.0,女,遷入,臺南市,0
111,5,15,五股區,,,,無年齡維度,0.0,男,遷入,臺南市,1
111,5,15,五股區,,,,無年齡維度,0.0,女,遷入,臺灣省,32
111,5,15,五股區,,,,無年齡維度,0.0,男,遷入,臺灣省,23
111,5,15,五股區,,,,無年齡維度,0.0,女,遷入,高雄市,1
111,5,15,五股區,,,,無年齡維度,0.0,男,遷入,高雄市,7
111,5,15,五股區,,,,無年齡維度,0.0,女,遷出,migrants,114
111,5,15,五股區,,,,無年齡維度,0.0,男,遷出,migrants,127
111,5,15,五股區,,,,無年齡維度,0.0,女,遷出,other,0
111,5,15,五股區,,,,無年齡維度,0.0,男,遷出,other,0
111,5,15,五股區,,,,無年齡維度,0.0,女,遷出,其他縣市,0
111,5,15,五股區,,,,無年齡維度,0.0,男,遷出,其他縣市,0
111,5,15,五股區,,,,無年齡維度,0.0,女,遷出,其他鄉鎮,78
111,5,15,五股區,,,,無年齡維度,0.0,男,遷出,其他鄉鎮,85
111,5,15,五股區,,,,無年齡維度,0.0,女,遷出,合計,157
111,5,15,五股區,,,,無年齡維度,0.0,男,遷出,合計,166
111,5,15,五股區,,,,無年齡維度,0.0,女,遷出,國外,7
111,5,15,五股區,,,,無年齡維度,0.0,男,遷出,國外,11
111,5,15,五股區,,,,無年齡維度,0.0,女,遷出,新北市內,0
111,5,15,五股區,,,,無年齡維度,0.0,男,遷出,新北市內,0
111,5,15,五股區,,,,無年齡維度,0.0,女,遷出,桃園市,16
111,5,15,五股區,,,,無年齡維度,0.0,男,遷出,桃園市,15
111,5,15,五股區,,,,無年齡維度,0.0,女,遷出,福建省,0
111,5,15,五股區,,,,無年齡維度,0.0,男,遷出,福建省,0
111,5,15,五股區,,,,無年齡維度,0.0,女,遷出,臺中市,8
111,5,15,五股區,,,,無年齡維度,0.0,男,遷出,臺中市,5
111,5,15,五股區,,,,無年齡維度,0.0,女,遷出,臺北市,22
111,5,15,五股區,,,,無年齡維度,0.0,男,遷出,臺北市,20
111,5,15,五股區,,,,無年齡維度,0.0,女,遷出,臺南市,3
111,5,15,五股區,,,,無年齡維度,0.0,男,遷出,臺南市,1
111,5,15,五股區,,,,無年齡維度,0.0,女,遷出,臺灣省,17
111,5,15,五股區,,,,無年齡維度,0.0,男,遷出,臺灣省,21
111,5,15,五股區,,,,無年齡維度,0.0,女,遷出,高雄市,6
111,5,15,五股區,,,,無年齡維度,0.0,男,遷出,高雄市,8
111,5,16,泰山區,,,,無年齡維度,0.0,女,遷入,migrants,66
111,5,16,泰山區,,,,無年齡維度,0.0,男,遷入,migrants,63
111,5,16,泰山區,,,,無年齡維度,0.0,女,遷入,other,0
111,5,16,泰山區,,,,無年齡維度,0.0,男,遷入,other,0
111,5,16,泰山區,,,,無年齡維度,0.0,女,遷入,其他縣市,0
111,5,16,泰山區,,,,無年齡維度,0.0,男,遷入,其他縣市,0
111,5,16,泰山區,,,,無年齡維度,0.0,女,遷入,其他鄉鎮,82
111,5,16,泰山區,,,,無年齡維度,0.0,男,遷入,其他鄉鎮,86
111,5,16,泰山區,,,,無年齡維度,0.0,女,遷入,合計,133
111,5,16,泰山區,,,,無年齡維度,0.0,男,遷入,合計,149
111,5,16,泰山區,,,,無年齡維度,0.0,女,遷入,國外,4
111,5,16,泰山區,,,,無年齡維度,0.0,男,遷入,國外,13
111,5,16,泰山區,,,,無年齡維度,0.0,女,遷入,新北市內,0
111,5,16,泰山區,,,,無年齡維度,0.0,男,遷入,新北市內,0
111,5,16,泰山區,,,,無年齡維度,0.0,女,遷入,桃園市,8
111,5,16,泰山區,,,,無年齡維度,0.0,男,遷入,桃園市,8
111,5,16,泰山區,,,,無年齡維度,0.0,女,遷入,福建省,1
111,5,16,泰山區,,,,無年齡維度,0.0,男,遷入,福建省,1
111,5,16,泰山區,,,,無年齡維度,0.0,女,遷入,臺中市,5
111,5,16,泰山區,,,,無年齡維度,0.0,男,遷入,臺中市,7
111,5,16,泰山區,,,,無年齡維度,0.0,女,遷入,臺北市,19
111,5,16,泰山區,,,,無年齡維度,0.0,男,遷入,臺北市,17
111,5,16,泰山區,,,,無年齡維度,0.0,女,遷入,臺南市,0
111,5,16,泰山區,,,,無年齡維度,0.0,男,遷入,臺南市,0
111,5,16,泰山區,,,,無年齡維度,0.0,女,遷入,臺灣省,5
111,5,16,泰山區,,,,無年齡維度,0.0,男,遷入,臺灣省,13
111,5,16,泰山區,,,,無年齡維度,0.0,女,遷入,高雄市,3
111,5,16,泰山區,,,,無年齡維度,0.0,男,遷入,高雄市,3
111,5,16,泰山區,,,,無年齡維度,0.0,女,遷出,migrants,66
111,5,16,泰山區,,,,無年齡維度,0.0,男,遷出,migrants,63
111,5,16,泰山區,,,,無年齡維度,0.0,女,遷出,other,0
111,5,16,泰山區,,,,無年齡維度,0.0,男,遷出,other,0
111,5,16,泰山區,,,,無年齡維度,0.0,女,遷出,其他縣市,0
111,5,16,泰山區,,,,無年齡維度,0.0,男,遷出,其他縣市,0
111,5,16,泰山區,,,,無年齡維度,0.0,女,遷出,其他鄉鎮,94
111,5,16,泰山區,,,,無年齡維度,0.0,男,遷出,其他鄉鎮,85
111,5,16,泰山區,,,,無年齡維度,0.0,女,遷出,合計,258
111,5,16,泰山區,,,,無年齡維度,0.0,男,遷出,合計,240
111,5,16,泰山區,,,,無年齡維度,0.0,女,遷出,國外,91
111,5,16,泰山區,,,,無年齡維度,0.0,男,遷出,國外,86
111,5,16,泰山區,,,,無年齡維度,0.0,女,遷出,新北市內,0
111,5,16,泰山區,,,,無年齡維度,0.0,男,遷出,新北市內,0
111,5,16,泰山區,,,,無年齡維度,0.0,女,遷出,桃園市,34
111,5,16,泰山區,,,,無年齡維度,0.0,男,遷出,桃園市,22
111,5,16,泰山區,,,,無年齡維度,0.0,女,遷出,福建省,1
111,5,16,泰山區,,,,無年齡維度,0.0,男,遷出,福建省,0
111,5,16,泰山區,,,,無年齡維度,0.0,女,遷出,臺中市,6
111,5,16,泰山區,,,,無年齡維度,0.0,男,遷出,臺中市,2
111,5,16,泰山區,,,,無年齡維度,0.0,女,遷出,臺北市,6
111,5,16,泰山區,,,,無年齡維度,0.0,男,遷出,臺北市,13
111,5,16,泰山區,,,,無年齡維度,0.0,女,遷出,臺南市,3
111,5,16,泰山區,,,,無年齡維度,0.0,男,遷出,臺南市,7
111,5,16,泰山區,,,,無年齡維度,0.0,女,遷出,臺灣省,22
111,5,16,泰山區,,,,無年齡維度,0.0,男,遷出,臺灣省,24
111,5,16,泰山區,,,,無年齡維度,0.0,女,遷出,高雄市,1
111,5,16,泰山區,,,,無年齡維度,0.0,男,遷出,高雄市,1
111,5,17,林口區,,,,無年齡維度,0.0,女,遷入,migrants,248
111,5,17,林口區,,,,無年齡維度,0.0,男,遷入,migrants,244
111,5,17,林口區,,,,無年齡維度,0.0,女,遷入,other,0
111,5,17,林口區,,,,無年齡維度,0.0,男,遷入,other,0
111,5,17,林口區,,,,無年齡維度,0.0,女,遷入,其他縣市,0
111,5,17,林口區,,,,無年齡維度,0.0,男,遷入,其他縣市,0
111,5,17,林口區,,,,無年齡維度,0.0,女,遷入,其他鄉鎮,98
111,5,17,林口區,,,,無年齡維度,0.0,男,遷入,其他鄉鎮,82
111,5,17,林口區,,,,無年齡維度,0.0,女,遷入,合計,426
111,5,17,林口區,,,,無年齡維度,0.0,男,遷入,合計,351
111,5,17,林口區,,,,無年齡維度,0.0,女,遷入,國外,45
111,5,17,林口區,,,,無年齡維度,0.0,男,遷入,國外,23
111,5,17,林口區,,,,無年齡維度,0.0,女,遷入,新北市內,0
111,5,17,林口區,,,,無年齡維度,0.0,男,遷入,新北市內,0
111,5,17,林口區,,,,無年齡維度,0.0,女,遷入,桃園市,95
111,5,17,林口區,,,,無年齡維度,0.0,男,遷入,桃園市,84
111,5,17,林口區,,,,無年齡維度,0.0,女,遷入,福建省,3
111,5,17,林口區,,,,無年齡維度,0.0,男,遷入,福建省,2
111,5,17,林口區,,,,無年齡維度,0.0,女,遷入,臺中市,9
111,5,17,林口區,,,,無年齡維度,0.0,男,遷入,臺中市,5
111,5,17,林口區,,,,無年齡維度,0.0,女,遷入,臺北市,114
111,5,17,林口區,,,,無年齡維度,0.0,男,遷入,臺北市,107
111,5,17,林口區,,,,無年齡維度,0.0,女,遷入,臺南市,5
111,5,17,林口區,,,,無年齡維度,0.0,男,遷入,臺南市,4
111,5,17,林口區,,,,無年齡維度,0.0,女,遷入,臺灣省,31
111,5,17,林口區,,,,無年齡維度,0.0,男,遷入,臺灣省,31
111,5,17,林口區,,,,無年齡維度,0.0,女,遷入,高雄市,11
111,5,17,林口區,,,,無年齡維度,0.0,男,遷入,高雄市,9
111,5,17,林口區,,,,無年齡維度,0.0,女,遷出,migrants,248
111,5,17,林口區,,,,無年齡維度,0.0,男,遷出,migrants,244
111,5,17,林口區,,,,無年齡維度,0.0,女,遷出,other,0
111,5,17,林口區,,,,無年齡維度,0.0,男,遷出,other,0
111,5,17,林口區,,,,無年齡維度,0.0,女,遷出,其他縣市,0
111,5,17,林口區,,,,無年齡維度,0.0,男,遷出,其他縣市,0
111,5,17,林口區,,,,無年齡維度,0.0,女,遷出,其他鄉鎮,62
111,5,17,林口區,,,,無年齡維度,0.0,男,遷出,其他鄉鎮,57
111,5,17,林口區,,,,無年齡維度,0.0,女,遷出,合計,325
111,5,17,林口區,,,,無年齡維度,0.0,男,遷出,合計,313
111,5,17,林口區,,,,無年齡維度,0.0,女,遷出,國外,96
111,5,17,林口區,,,,無年齡維度,0.0,男,遷出,國外,108
111,5,17,林口區,,,,無年齡維度,0.0,女,遷出,新北市內,0
111,5,17,林口區,,,,無年齡維度,0.0,男,遷出,新北市內,0
111,5,17,林口區,,,,無年齡維度,0.0,女,遷出,桃園市,77
111,5,17,林口區,,,,無年齡維度,0.0,男,遷出,桃園市,66
111,5,17,林口區,,,,無年齡維度,0.0,女,遷出,福建省,2
111,5,17,林口區,,,,無年齡維度,0.0,男,遷出,福建省,0
111,5,17,林口區,,,,無年齡維度,0.0,女,遷出,臺中市,8
111,5,17,林口區,,,,無年齡維度,0.0,男,遷出,臺中市,5
111,5,17,林口區,,,,無年齡維度,0.0,女,遷出,臺北市,38
111,5,17,林口區,,,,無年齡維度,0.0,男,遷出,臺北市,37
111,5,17,林口區,,,,無年齡維度,0.0,女,遷出,臺南市,3
111,5,17,林口區,,,,無年齡維度,0.0,男,遷出,臺南市,1
111,5,17,林口區,,,,無年齡維度,0.0,女,遷出,臺灣省,33
111,5,17,林口區,,,,無年齡維度,0.0,男,遷出,臺灣省,33
111,5,17,林口區,,,,無年齡維度,0.0,女,遷出,高雄市,6
111,5,17,林口區,,,,無年齡維度,0.0,男,遷出,高雄市,6
111,5,18,八里區,,,,無年齡維度,0.0,女,遷入,migrants,20
111,5,18,八里區,,,,無年齡維度,0.0,男,遷入,migrants,20
111,5,18,八里區,,,,無年齡維度,0.0,女,遷入,other,0
111,5,18,八里區,,,,無年齡維度,0.0,男,遷入,other,0
111,5,18,八里區,,,,無年齡維度,0.0,女,遷入,其他縣市,0
111,5,18,八里區,,,,無年齡維度,0.0,男,遷入,其他縣市,0
111,5,18,八里區,,,,無年齡維度,0.0,女,遷入,其他鄉鎮,18
111,5,18,八里區,,,,無年齡維度,0.0,男,遷入,其他鄉鎮,14
111,5,18,八里區,,,,無年齡維度,0.0,女,遷入,合計,58
111,5,18,八里區,,,,無年齡維度,0.0,男,遷入,合計,44
111,5,18,八里區,,,,無年齡維度,0.0,女,遷入,國外,1
111,5,18,八里區,,,,無年齡維度,0.0,男,遷入,國外,2
111,5,18,八里區,,,,無年齡維度,0.0,女,遷入,新北市內,0
111,5,18,八里區,,,,無年齡維度,0.0,男,遷入,新北市內,0
111,5,18,八里區,,,,無年齡維度,0.0,女,遷入,桃園市,0
111,5,18,八里區,,,,無年齡維度,0.0,男,遷入,桃園市,0
111,5,18,八里區,,,,無年齡維度,0.0,女,遷入,福建省,0
111,5,18,八里區,,,,無年齡維度,0.0,男,遷入,福建省,0
111,5,18,八里區,,,,無年齡維度,0.0,女,遷入,臺中市,4
111,5,18,八里區,,,,無年齡維度,0.0,男,遷入,臺中市,6
111,5,18,八里區,,,,無年齡維度,0.0,女,遷入,臺北市,30
111,5,18,八里區,,,,無年齡維度,0.0,男,遷入,臺北市,17
111,5,18,八里區,,,,無年齡維度,0.0,女,遷入,臺南市,0
111,5,18,八里區,,,,無年齡維度,0.0,男,遷入,臺南市,0
111,5,18,八里區,,,,無年齡維度,0.0,女,遷入,臺灣省,4
111,5,18,八里區,,,,無年齡維度,0.0,男,遷入,臺灣省,5
111,5,18,八里區,,,,無年齡維度,0.0,女,遷入,高雄市,1
111,5,18,八里區,,,,無年齡維度,0.0,男,遷入,高雄市,0
111,5,18,八里區,,,,無年齡維度,0.0,女,遷出,migrants,20
111,5,18,八里區,,,,無年齡維度,0.0,男,遷出,migrants,20
111,5,18,八里區,,,,無年齡維度,0.0,女,遷出,other,0
111,5,18,八里區,,,,無年齡維度,0.0,男,遷出,other,0
111,5,18,八里區,,,,無年齡維度,0.0,女,遷出,其他縣市,0
111,5,18,八里區,,,,無年齡維度,0.0,男,遷出,其他縣市,0
111,5,18,八里區,,,,無年齡維度,0.0,女,遷出,其他鄉鎮,15
111,5,18,八里區,,,,無年齡維度,0.0,男,遷出,其他鄉鎮,7
111,5,18,八里區,,,,無年齡維度,0.0,女,遷出,合計,52
111,5,18,八里區,,,,無年齡維度,0.0,男,遷出,合計,41
111,5,18,八里區,,,,無年齡維度,0.0,女,遷出,國外,3
111,5,18,八里區,,,,無年齡維度,0.0,男,遷出,國外,9
111,5,18,八里區,,,,無年齡維度,0.0,女,遷出,新北市內,0
111,5,18,八里區,,,,無年齡維度,0.0,男,遷出,新北市內,0
111,5,18,八里區,,,,無年齡維度,0.0,女,遷出,桃園市,9
111,5,18,八里區,,,,無年齡維度,0.0,男,遷出,桃園市,6
111,5,18,八里區,,,,無年齡維度,0.0,女,遷出,福建省,0
111,5,18,八里區,,,,無年齡維度,0.0,男,遷出,福建省,0
111,5,18,八里區,,,,無年齡維度,0.0,女,遷出,臺中市,3
111,5,18,八里區,,,,無年齡維度,0.0,男,遷出,臺中市,4
111,5,18,八里區,,,,無年齡維度,0.0,女,遷出,臺北市,13
111,5,18,八里區,,,,無年齡維度,0.0,男,遷出,臺北市,9
111,5,18,八里區,,,,無年齡維度,0.0,女,遷出,臺南市,2
111,5,18,八里區,,,,無年齡維度,0.0,男,遷出,臺南市,0
111,5,18,八里區,,,,無年齡維度,0.0,女,遷出,臺灣省,6
111,5,18,八里區,,,,無年齡維度,0.0,男,遷出,臺灣省,6
111,5,18,八里區,,,,無年齡維度,0.0,女,遷出,高雄市,1
111,5,18,八里區,,,,無年齡維度,0.0,男,遷出,高雄市,0
111,5,19,深坑區,,,,無年齡維度,0.0,女,遷入,migrants,7
111,5,19,深坑區,,,,無年齡維度,0.0,男,遷入,migrants,4
111,5,19,深坑區,,,,無年齡維度,0.0,女,遷入,other,0
111,5,19,深坑區,,,,無年齡維度,0.0,男,遷入,other,0
111,5,19,深坑區,,,,無年齡維度,0.0,女,遷入,其他縣市,0
111,5,19,深坑區,,,,無年齡維度,0.0,男,遷入,其他縣市,0
111,5,19,深坑區,,,,無年齡維度,0.0,女,遷入,其他鄉鎮,5
111,5,19,深坑區,,,,無年齡維度,0.0,男,遷入,其他鄉鎮,2
111,5,19,深坑區,,,,無年齡維度,0.0,女,遷入,合計,8
111,5,19,深坑區,,,,無年齡維度,0.0,男,遷入,合計,6
111,5,19,深坑區,,,,無年齡維度,0.0,女,遷入,國外,0
111,5,19,深坑區,,,,無年齡維度,0.0,男,遷入,國外,0
111,5,19,深坑區,,,,無年齡維度,0.0,女,遷入,新北市內,0
111,5,19,深坑區,,,,無年齡維度,0.0,男,遷入,新北市內,0
111,5,19,深坑區,,,,無年齡維度,0.0,女,遷入,桃園市,0
111,5,19,深坑區,,,,無年齡維度,0.0,男,遷入,桃園市,1
111,5,19,深坑區,,,,無年齡維度,0.0,女,遷入,福建省,0
111,5,19,深坑區,,,,無年齡維度,0.0,男,遷入,福建省,0
111,5,19,深坑區,,,,無年齡維度,0.0,女,遷入,臺中市,1
111,5,19,深坑區,,,,無年齡維度,0.0,男,遷入,臺中市,0
111,5,19,深坑區,,,,無年齡維度,0.0,女,遷入,臺北市,1
111,5,19,深坑區,,,,無年齡維度,0.0,男,遷入,臺北市,2
111,5,19,深坑區,,,,無年齡維度,0.0,女,遷入,臺南市,0
111,5,19,深坑區,,,,無年齡維度,0.0,男,遷入,臺南市,0
111,5,19,深坑區,,,,無年齡維度,0.0,女,遷入,臺灣省,1
111,5,19,深坑區,,,,無年齡維度,0.0,男,遷入,臺灣省,1
111,5,19,深坑區,,,,無年齡維度,0.0,女,遷入,高雄市,0
111,5,19,深坑區,,,,無年齡維度,0.0,男,遷入,高雄市,0
111,5,19,深坑區,,,,無年齡維度,0.0,女,遷出,migrants,7
111,5,19,深坑區,,,,無年齡維度,0.0,男,遷出,migrants,4
111,5,19,深坑區,,,,無年齡維度,0.0,女,遷出,other,0
111,5,19,深坑區,,,,無年齡維度,0.0,男,遷出,other,0
111,5,19,深坑區,,,,無年齡維度,0.0,女,遷出,其他縣市,0
111,5,19,深坑區,,,,無年齡維度,0.0,男,遷出,其他縣市,0
111,5,19,深坑區,,,,無年齡維度,0.0,女,遷出,其他鄉鎮,8
111,5,19,深坑區,,,,無年齡維度,0.0,男,遷出,其他鄉鎮,9
111,5,19,深坑區,,,,無年齡維度,0.0,女,遷出,合計,14
111,5,19,深坑區,,,,無年齡維度,0.0,男,遷出,合計,16
111,5,19,深坑區,,,,無年齡維度,0.0,女,遷出,國外,0
111,5,19,深坑區,,,,無年齡維度,0.0,男,遷出,國外,0
111,5,19,深坑區,,,,無年齡維度,0.0,女,遷出,新北市內,0
111,5,19,深坑區,,,,無年齡維度,0.0,男,遷出,新北市內,0
111,5,19,深坑區,,,,無年齡維度,0.0,女,遷出,桃園市,3
111,5,19,深坑區,,,,無年齡維度,0.0,男,遷出,桃園市,2
111,5,19,深坑區,,,,無年齡維度,0.0,女,遷出,福建省,0
111,5,19,深坑區,,,,無年齡維度,0.0,男,遷出,福建省,0
111,5,19,深坑區,,,,無年齡維度,0.0,女,遷出,臺中市,1
111,5,19,深坑區,,,,無年齡維度,0.0,男,遷出,臺中市,1
111,5,19,深坑區,,,,無年齡維度,0.0,女,遷出,臺北市,2
111,5,19,深坑區,,,,無年齡維度,0.0,男,遷出,臺北市,2
111,5,19,深坑區,,,,無年齡維度,0.0,女,遷出,臺南市,0
111,5,19,深坑區,,,,無年齡維度,0.0,男,遷出,臺南市,0
111,5,19,深坑區,,,,無年齡維度,0.0,女,遷出,臺灣省,0
111,5,19,深坑區,,,,無年齡維度,0.0,男,遷出,臺灣省,2
111,5,19,深坑區,,,,無年齡維度,0.0,女,遷出,高雄市,0
111,5,19,深坑區,,,,無年齡維度,0.0,男,遷出,高雄市,0
111,5,20,石碇區,,,,無年齡維度,0.0,女,遷入,migrants,0
111,5,20,石碇區,,,,無年齡維度,0.0,男,遷入,migrants,1
111,5,20,石碇區,,,,無年齡維度,0.0,女,遷入,other,0
111,5,20,石碇區,,,,無年齡維度,0.0,男,遷入,other,0
111,5,20,石碇區,,,,無年齡維度,0.0,女,遷入,其他縣市,0
111,5,20,石碇區,,,,無年齡維度,0.0,男,遷入,其他縣市,0
111,5,20,石碇區,,,,無年齡維度,0.0,女,遷入,其他鄉鎮,9
111,5,20,石碇區,,,,無年齡維度,0.0,男,遷入,其他鄉鎮,3
111,5,20,石碇區,,,,無年齡維度,0.0,女,遷入,合計,15
111,5,20,石碇區,,,,無年齡維度,0.0,男,遷入,合計,7
111,5,20,石碇區,,,,無年齡維度,0.0,女,遷入,國外,1
111,5,20,石碇區,,,,無年齡維度,0.0,男,遷入,國外,1
111,5,20,石碇區,,,,無年齡維度,0.0,女,遷入,新北市內,0
111,5,20,石碇區,,,,無年齡維度,0.0,男,遷入,新北市內,0
111,5,20,石碇區,,,,無年齡維度,0.0,女,遷入,桃園市,0
111,5,20,石碇區,,,,無年齡維度,0.0,男,遷入,桃園市,0
111,5,20,石碇區,,,,無年齡維度,0.0,女,遷入,福建省,0
111,5,20,石碇區,,,,無年齡維度,0.0,男,遷入,福建省,0
111,5,20,石碇區,,,,無年齡維度,0.0,女,遷入,臺中市,0
111,5,20,石碇區,,,,無年齡維度,0.0,男,遷入,臺中市,0
111,5,20,石碇區,,,,無年齡維度,0.0,女,遷入,臺北市,4
111,5,20,石碇區,,,,無年齡維度,0.0,男,遷入,臺北市,2
111,5,20,石碇區,,,,無年齡維度,0.0,女,遷入,臺南市,0
111,5,20,石碇區,,,,無年齡維度,0.0,男,遷入,臺南市,0
111,5,20,石碇區,,,,無年齡維度,0.0,女,遷入,臺灣省,1
111,5,20,石碇區,,,,無年齡維度,0.0,男,遷入,臺灣省,1
111,5,20,石碇區,,,,無年齡維度,0.0,女,遷入,高雄市,0
111,5,20,石碇區,,,,無年齡維度,0.0,男,遷入,高雄市,0
111,5,20,石碇區,,,,無年齡維度,0.0,女,遷出,migrants,0
111,5,20,石碇區,,,,無年齡維度,0.0,男,遷出,migrants,1
111,5,20,石碇區,,,,無年齡維度,0.0,女,遷出,other,0
111,5,20,石碇區,,,,無年齡維度,0.0,男,遷出,other,0
111,5,20,石碇區,,,,無年齡維度,0.0,女,遷出,其他縣市,0
111,5,20,石碇區,,,,無年齡維度,0.0,男,遷出,其他縣市,0
111,5,20,石碇區,,,,無年齡維度,0.0,女,遷出,其他鄉鎮,8
111,5,20,石碇區,,,,無年齡維度,0.0,男,遷出,其他鄉鎮,5
111,5,20,石碇區,,,,無年齡維度,0.0,女,遷出,合計,10
111,5,20,石碇區,,,,無年齡維度,0.0,男,遷出,合計,9
111,5,20,石碇區,,,,無年齡維度,0.0,女,遷出,國外,0
111,5,20,石碇區,,,,無年齡維度,0.0,男,遷出,國外,0
111,5,20,石碇區,,,,無年齡維度,0.0,女,遷出,新北市內,0
111,5,20,石碇區,,,,無年齡維度,0.0,男,遷出,新北市內,0
111,5,20,石碇區,,,,無年齡維度,0.0,女,遷出,桃園市,0
111,5,20,石碇區,,,,無年齡維度,0.0,男,遷出,桃園市,2
111,5,20,石碇區,,,,無年齡維度,0.0,女,遷出,福建省,0
111,5,20,石碇區,,,,無年齡維度,0.0,男,遷出,福建省,0
111,5,20,石碇區,,,,無年齡維度,0.0,女,遷出,臺中市,0
111,5,20,石碇區,,,,無年齡維度,0.0,男,遷出,臺中市,0
111,5,20,石碇區,,,,無年齡維度,0.0,女,遷出,臺北市,1
111,5,20,石碇區,,,,無年齡維度,0.0,男,遷出,臺北市,2
111,5,20,石碇區,,,,無年齡維度,0.0,女,遷出,臺南市,0
111,5,20,石碇區,,,,無年齡維度,0.0,男,遷出,臺南市,0
111,5,20,石碇區,,,,無年齡維度,0.0,女,遷出,臺灣省,1
111,5,20,石碇區,,,,無年齡維度,0.0,男,遷出,臺灣省,0
111,5,20,石碇區,,,,無年齡維度,0.0,女,遷出,高雄市,0
111,5,20,石碇區,,,,無年齡維度,0.0,男,遷出,高雄市,0
111,5,21,坪林區,,,,無年齡維度,0.0,女,遷入,migrants,27
111,5,21,坪林區,,,,無年齡維度,0.0,男,遷入,migrants,19
111,5,21,坪林區,,,,無年齡維度,0.0,女,遷入,other,0
111,5,21,坪林區,,,,無年齡維度,0.0,男,遷入,other,0
111,5,21,坪林區,,,,無年齡維度,0.0,女,遷入,其他縣市,0
111,5,21,坪林區,,,,無年齡維度,0.0,男,遷入,其他縣市,0
111,5,21,坪林區,,,,無年齡維度,0.0,女,遷入,其他鄉鎮,32
111,5,21,坪林區,,,,無年齡維度,0.0,男,遷入,其他鄉鎮,32
111,5,21,坪林區,,,,無年齡維度,0.0,女,遷入,合計,55
111,5,21,坪林區,,,,無年齡維度,0.0,男,遷入,合計,42
111,5,21,坪林區,,,,無年齡維度,0.0,女,遷入,國外,2
111,5,21,坪林區,,,,無年齡維度,0.0,男,遷入,國外,2
111,5,21,坪林區,,,,無年齡維度,0.0,女,遷入,新北市內,0
111,5,21,坪林區,,,,無年齡維度,0.0,男,遷入,新北市內,0
111,5,21,坪林區,,,,無年齡維度,0.0,女,遷入,桃園市,3
111,5,21,坪林區,,,,無年齡維度,0.0,男,遷入,桃園市,2
111,5,21,坪林區,,,,無年齡維度,0.0,女,遷入,福建省,0
111,5,21,坪林區,,,,無年齡維度,0.0,男,遷入,福建省,0
111,5,21,坪林區,,,,無年齡維度,0.0,女,遷入,臺中市,1
111,5,21,坪林區,,,,無年齡維度,0.0,男,遷入,臺中市,0
111,5,21,坪林區,,,,無年齡維度,0.0,女,遷入,臺北市,11
111,5,21,坪林區,,,,無年齡維度,0.0,男,遷入,臺北市,4
111,5,21,坪林區,,,,無年齡維度,0.0,女,遷入,臺南市,0
111,5,21,坪林區,,,,無年齡維度,0.0,男,遷入,臺南市,0
111,5,21,坪林區,,,,無年齡維度,0.0,女,遷入,臺灣省,3
111,5,21,坪林區,,,,無年齡維度,0.0,男,遷入,臺灣省,1
111,5,21,坪林區,,,,無年齡維度,0.0,女,遷入,高雄市,0
111,5,21,坪林區,,,,無年齡維度,0.0,男,遷入,高雄市,0
111,5,21,坪林區,,,,無年齡維度,0.0,女,遷出,migrants,27
111,5,21,坪林區,,,,無年齡維度,0.0,男,遷出,migrants,19
111,5,21,坪林區,,,,無年齡維度,0.0,女,遷出,other,0
111,5,21,坪林區,,,,無年齡維度,0.0,男,遷出,other,0
111,5,21,坪林區,,,,無年齡維度,0.0,女,遷出,其他縣市,0
111,5,21,坪林區,,,,無年齡維度,0.0,男,遷出,其他縣市,0
111,5,21,坪林區,,,,無年齡維度,0.0,女,遷出,其他鄉鎮,30
111,5,21,坪林區,,,,無年齡維度,0.0,男,遷出,其他鄉鎮,12
111,5,21,坪林區,,,,無年齡維度,0.0,女,遷出,合計,43
111,5,21,坪林區,,,,無年齡維度,0.0,男,遷出,合計,24
111,5,21,坪林區,,,,無年齡維度,0.0,女,遷出,國外,1
111,5,21,坪林區,,,,無年齡維度,0.0,男,遷出,國外,1
111,5,21,坪林區,,,,無年齡維度,0.0,女,遷出,新北市內,0
111,5,21,坪林區,,,,無年齡維度,0.0,男,遷出,新北市內,0
111,5,21,坪林區,,,,無年齡維度,0.0,女,遷出,桃園市,1
111,5,21,坪林區,,,,無年齡維度,0.0,男,遷出,桃園市,1
111,5,21,坪林區,,,,無年齡維度,0.0,女,遷出,福建省,0
111,5,21,坪林區,,,,無年齡維度,0.0,男,遷出,福建省,0
111,5,21,坪林區,,,,無年齡維度,0.0,女,遷出,臺中市,2
111,5,21,坪林區,,,,無年齡維度,0.0,男,遷出,臺中市,2
111,5,21,坪林區,,,,無年齡維度,0.0,女,遷出,臺北市,4
111,5,21,坪林區,,,,無年齡維度,0.0,男,遷出,臺北市,5
111,5,21,坪林區,,,,無年齡維度,0.0,女,遷出,臺南市,0
111,5,21,坪林區,,,,無年齡維度,0.0,男,遷出,臺南市,0
111,5,21,坪林區,,,,無年齡維度,0.0,女,遷出,臺灣省,5
111,5,21,坪林區,,,,無年齡維度,0.0,男,遷出,臺灣省,3
111,5,21,坪林區,,,,無年齡維度,0.0,女,遷出,高雄市,0
111,5,21,坪林區,,,,無年齡維度,0.0,男,遷出,高雄市,0
111,5,22,三芝區,,,,無年齡維度,0.0,女,遷入,migrants,11
111,5,22,三芝區,,,,無年齡維度,0.0,男,遷入,migrants,6
111,5,22,三芝區,,,,無年齡維度,0.0,女,遷入,other,0
111,5,22,三芝區,,,,無年齡維度,0.0,男,遷入,other,0
111,5,22,三芝區,,,,無年齡維度,0.0,女,遷入,其他縣市,0
111,5,22,三芝區,,,,無年齡維度,0.0,男,遷入,其他縣市,0
111,5,22,三芝區,,,,無年齡維度,0.0,女,遷入,其他鄉鎮,11
111,5,22,三芝區,,,,無年齡維度,0.0,男,遷入,其他鄉鎮,5
111,5,22,三芝區,,,,無年齡維度,0.0,女,遷入,合計,13
111,5,22,三芝區,,,,無年齡維度,0.0,男,遷入,合計,7
111,5,22,三芝區,,,,無年齡維度,0.0,女,遷入,國外,0
111,5,22,三芝區,,,,無年齡維度,0.0,男,遷入,國外,1
111,5,22,三芝區,,,,無年齡維度,0.0,女,遷入,新北市內,0
111,5,22,三芝區,,,,無年齡維度,0.0,男,遷入,新北市內,0
111,5,22,三芝區,,,,無年齡維度,0.0,女,遷入,桃園市,0
111,5,22,三芝區,,,,無年齡維度,0.0,男,遷入,桃園市,0
111,5,22,三芝區,,,,無年齡維度,0.0,女,遷入,福建省,0
111,5,22,三芝區,,,,無年齡維度,0.0,男,遷入,福建省,0
111,5,22,三芝區,,,,無年齡維度,0.0,女,遷入,臺中市,0
111,5,22,三芝區,,,,無年齡維度,0.0,男,遷入,臺中市,0
111,5,22,三芝區,,,,無年齡維度,0.0,女,遷入,臺北市,0
111,5,22,三芝區,,,,無年齡維度,0.0,男,遷入,臺北市,0
111,5,22,三芝區,,,,無年齡維度,0.0,女,遷入,臺南市,0
111,5,22,三芝區,,,,無年齡維度,0.0,男,遷入,臺南市,0
111,5,22,三芝區,,,,無年齡維度,0.0,女,遷入,臺灣省,1
111,5,22,三芝區,,,,無年齡維度,0.0,男,遷入,臺灣省,1
111,5,22,三芝區,,,,無年齡維度,0.0,女,遷入,高雄市,0
111,5,22,三芝區,,,,無年齡維度,0.0,男,遷入,高雄市,0
111,5,22,三芝區,,,,無年齡維度,0.0,女,遷出,migrants,11
111,5,22,三芝區,,,,無年齡維度,0.0,男,遷出,migrants,6
111,5,22,三芝區,,,,無年齡維度,0.0,女,遷出,other,0
111,5,22,三芝區,,,,無年齡維度,0.0,男,遷出,other,0
111,5,22,三芝區,,,,無年齡維度,0.0,女,遷出,其他縣市,0
111,5,22,三芝區,,,,無年齡維度,0.0,男,遷出,其他縣市,0
111,5,22,三芝區,,,,無年齡維度,0.0,女,遷出,其他鄉鎮,14
111,5,22,三芝區,,,,無年齡維度,0.0,男,遷出,其他鄉鎮,15
111,5,22,三芝區,,,,無年齡維度,0.0,女,遷出,合計,24
111,5,22,三芝區,,,,無年齡維度,0.0,男,遷出,合計,18
111,5,22,三芝區,,,,無年齡維度,0.0,女,遷出,國外,0
111,5,22,三芝區,,,,無年齡維度,0.0,男,遷出,國外,1
111,5,22,三芝區,,,,無年齡維度,0.0,女,遷出,新北市內,0
111,5,22,三芝區,,,,無年齡維度,0.0,男,遷出,新北市內,0
111,5,22,三芝區,,,,無年齡維度,0.0,女,遷出,桃園市,1
111,5,22,三芝區,,,,無年齡維度,0.0,男,遷出,桃園市,0
111,5,22,三芝區,,,,無年齡維度,0.0,女,遷出,福建省,0
111,5,22,三芝區,,,,無年齡維度,0.0,男,遷出,福建省,0
111,5,22,三芝區,,,,無年齡維度,0.0,女,遷出,臺中市,0
111,5,22,三芝區,,,,無年齡維度,0.0,男,遷出,臺中市,0
111,5,22,三芝區,,,,無年齡維度,0.0,女,遷出,臺北市,3
111,5,22,三芝區,,,,無年齡維度,0.0,男,遷出,臺北市,1
111,5,22,三芝區,,,,無年齡維度,0.0,女,遷出,臺南市,1
111,5,22,三芝區,,,,無年齡維度,0.0,男,遷出,臺南市,0
111,5,22,三芝區,,,,無年齡維度,0.0,女,遷出,臺灣省,5
111,5,22,三芝區,,,,無年齡維度,0.0,男,遷出,臺灣省,1
111,5,22,三芝區,,,,無年齡維度,0.0,女,遷出,高雄市,0
111,5,22,三芝區,,,,無年齡維度,0.0,男,遷出,高雄市,0
111,5,23,石門區,,,,無年齡維度,0.0,女,遷入,migrants,54
111,5,23,石門區,,,,無年齡維度,0.0,男,遷入,migrants,54
111,5,23,石門區,,,,無年齡維度,0.0,女,遷入,other,0
111,5,23,石門區,,,,無年齡維度,0.0,男,遷入,other,0
111,5,23,石門區,,,,無年齡維度,0.0,女,遷入,其他縣市,0
111,5,23,石門區,,,,無年齡維度,0.0,男,遷入,其他縣市,0
111,5,23,石門區,,,,無年齡維度,0.0,女,遷入,其他鄉鎮,78
111,5,23,石門區,,,,無年齡維度,0.0,男,遷入,其他鄉鎮,66
111,5,23,石門區,,,,無年齡維度,0.0,女,遷入,合計,146
111,5,23,石門區,,,,無年齡維度,0.0,男,遷入,合計,104
111,5,23,石門區,,,,無年齡維度,0.0,女,遷入,國外,9
111,5,23,石門區,,,,無年齡維度,0.0,男,遷入,國外,6
111,5,23,石門區,,,,無年齡維度,0.0,女,遷入,新北市內,0
111,5,23,石門區,,,,無年齡維度,0.0,男,遷入,新北市內,0
111,5,23,石門區,,,,無年齡維度,0.0,女,遷入,桃園市,7
111,5,23,石門區,,,,無年齡維度,0.0,男,遷入,桃園市,2
111,5,23,石門區,,,,無年齡維度,0.0,女,遷入,福建省,0
111,5,23,石門區,,,,無年齡維度,0.0,男,遷入,福建省,0
111,5,23,石門區,,,,無年齡維度,0.0,女,遷入,臺中市,4
111,5,23,石門區,,,,無年齡維度,0.0,男,遷入,臺中市,0
111,5,23,石門區,,,,無年齡維度,0.0,女,遷入,臺北市,38
111,5,23,石門區,,,,無年齡維度,0.0,男,遷入,臺北市,27
111,5,23,石門區,,,,無年齡維度,0.0,女,遷入,臺南市,4
111,5,23,石門區,,,,無年齡維度,0.0,男,遷入,臺南市,0
111,5,23,石門區,,,,無年齡維度,0.0,女,遷入,臺灣省,4
111,5,23,石門區,,,,無年齡維度,0.0,男,遷入,臺灣省,3
111,5,23,石門區,,,,無年齡維度,0.0,女,遷入,高雄市,1
111,5,23,石門區,,,,無年齡維度,0.0,男,遷入,高雄市,0
111,5,23,石門區,,,,無年齡維度,0.0,女,遷出,migrants,54
111,5,23,石門區,,,,無年齡維度,0.0,男,遷出,migrants,54
111,5,23,石門區,,,,無年齡維度,0.0,女,遷出,other,0
111,5,23,石門區,,,,無年齡維度,0.0,男,遷出,other,0
111,5,23,石門區,,,,無年齡維度,0.0,女,遷出,其他縣市,0
111,5,23,石門區,,,,無年齡維度,0.0,男,遷出,其他縣市,0
111,5,23,石門區,,,,無年齡維度,0.0,女,遷出,其他鄉鎮,24
111,5,23,石門區,,,,無年齡維度,0.0,男,遷出,其他鄉鎮,21
111,5,23,石門區,,,,無年齡維度,0.0,女,遷出,合計,43
111,5,23,石門區,,,,無年齡維度,0.0,男,遷出,合計,50
111,5,23,石門區,,,,無年齡維度,0.0,女,遷出,國外,2
111,5,23,石門區,,,,無年齡維度,0.0,男,遷出,國外,0
111,5,23,石門區,,,,無年齡維度,0.0,女,遷出,新北市內,0
111,5,23,石門區,,,,無年齡維度,0.0,男,遷出,新北市內,0
111,5,23,石門區,,,,無年齡維度,0.0,女,遷出,桃園市,2
111,5,23,石門區,,,,無年齡維度,0.0,男,遷出,桃園市,7
111,5,23,石門區,,,,無年齡維度,0.0,女,遷出,福建省,0
111,5,23,石門區,,,,無年齡維度,0.0,男,遷出,福建省,0
111,5,23,石門區,,,,無年齡維度,0.0,女,遷出,臺中市,2
111,5,23,石門區,,,,無年齡維度,0.0,男,遷出,臺中市,3
111,5,23,石門區,,,,無年齡維度,0.0,女,遷出,臺北市,8
111,5,23,石門區,,,,無年齡維度,0.0,男,遷出,臺北市,13
111,5,23,石門區,,,,無年齡維度,0.0,女,遷出,臺南市,1
111,5,23,石門區,,,,無年齡維度,0.0,男,遷出,臺南市,1
111,5,23,石門區,,,,無年齡維度,0.0,女,遷出,臺灣省,4
111,5,23,石門區,,,,無年齡維度,0.0,男,遷出,臺灣省,4
111,5,23,石門區,,,,無年齡維度,0.0,女,遷出,高雄市,0
111,5,23,石門區,,,,無年齡維度,0.0,男,遷出,高雄市,1
111,5,24,金山區,,,,無年齡維度,0.0,女,遷入,migrants,1
111,5,24,金山區,,,,無年齡維度,0.0,男,遷入,migrants,1
111,5,24,金山區,,,,無年齡維度,0.0,女,遷入,other,0
111,5,24,金山區,,,,無年齡維度,0.0,男,遷入,other,0
111,5,24,金山區,,,,無年齡維度,0.0,女,遷入,其他縣市,0
111,5,24,金山區,,,,無年齡維度,0.0,男,遷入,其他縣市,0
111,5,24,金山區,,,,無年齡維度,0.0,女,遷入,其他鄉鎮,2
111,5,24,金山區,,,,無年齡維度,0.0,男,遷入,其他鄉鎮,5
111,5,24,金山區,,,,無年齡維度,0.0,女,遷入,合計,3
111,5,24,金山區,,,,無年齡維度,0.0,男,遷入,合計,7
111,5,24,金山區,,,,無年齡維度,0.0,女,遷入,國外,0
111,5,24,金山區,,,,無年齡維度,0.0,男,遷入,國外,0
111,5,24,金山區,,,,無年齡維度,0.0,女,遷入,新北市內,0
111,5,24,金山區,,,,無年齡維度,0.0,男,遷入,新北市內,0
111,5,24,金山區,,,,無年齡維度,0.0,女,遷入,桃園市,0
111,5,24,金山區,,,,無年齡維度,0.0,男,遷入,桃園市,0
111,5,24,金山區,,,,無年齡維度,0.0,女,遷入,福建省,0
111,5,24,金山區,,,,無年齡維度,0.0,男,遷入,福建省,0
111,5,24,金山區,,,,無年齡維度,0.0,女,遷入,臺中市,0
111,5,24,金山區,,,,無年齡維度,0.0,男,遷入,臺中市,0
111,5,24,金山區,,,,無年齡維度,0.0,女,遷入,臺北市,1
111,5,24,金山區,,,,無年齡維度,0.0,男,遷入,臺北市,2
111,5,24,金山區,,,,無年齡維度,0.0,女,遷入,臺南市,0
111,5,24,金山區,,,,無年齡維度,0.0,男,遷入,臺南市,0
111,5,24,金山區,,,,無年齡維度,0.0,女,遷入,臺灣省,0
111,5,24,金山區,,,,無年齡維度,0.0,男,遷入,臺灣省,0
111,5,24,金山區,,,,無年齡維度,0.0,女,遷入,高雄市,0
111,5,24,金山區,,,,無年齡維度,0.0,男,遷入,高雄市,0
111,5,24,金山區,,,,無年齡維度,0.0,女,遷出,migrants,1
111,5,24,金山區,,,,無年齡維度,0.0,男,遷出,migrants,1
111,5,24,金山區,,,,無年齡維度,0.0,女,遷出,other,0
111,5,24,金山區,,,,無年齡維度,0.0,男,遷出,other,0
111,5,24,金山區,,,,無年齡維度,0.0,女,遷出,其他縣市,0
111,5,24,金山區,,,,無年齡維度,0.0,男,遷出,其他縣市,0
111,5,24,金山區,,,,無年齡維度,0.0,女,遷出,其他鄉鎮,2
111,5,24,金山區,,,,無年齡維度,0.0,男,遷出,其他鄉鎮,1
111,5,24,金山區,,,,無年齡維度,0.0,女,遷出,合計,6
111,5,24,金山區,,,,無年齡維度,0.0,男,遷出,合計,9
111,5,24,金山區,,,,無年齡維度,0.0,女,遷出,國外,1
111,5,24,金山區,,,,無年齡維度,0.0,男,遷出,國外,6
111,5,24,金山區,,,,無年齡維度,0.0,女,遷出,新北市內,0
111,5,24,金山區,,,,無年齡維度,0.0,男,遷出,新北市內,0
111,5,24,金山區,,,,無年齡維度,0.0,女,遷出,桃園市,0
111,5,24,金山區,,,,無年齡維度,0.0,男,遷出,桃園市,0
111,5,24,金山區,,,,無年齡維度,0.0,女,遷出,福建省,0
111,5,24,金山區,,,,無年齡維度,0.0,男,遷出,福建省,0
111,5,24,金山區,,,,無年齡維度,0.0,女,遷出,臺中市,1
111,5,24,金山區,,,,無年齡維度,0.0,男,遷出,臺中市,1
111,5,24,金山區,,,,無年齡維度,0.0,女,遷出,臺北市,2
111,5,24,金山區,,,,無年齡維度,0.0,男,遷出,臺北市,1
111,5,24,金山區,,,,無年齡維度,0.0,女,遷出,臺南市,0
111,5,24,金山區,,,,無年齡維度,0.0,男,遷出,臺南市,0
111,5,24,金山區,,,,無年齡維度,0.0,女,遷出,臺灣省,0
111,5,24,金山區,,,,無年齡維度,0.0,男,遷出,臺灣省,0
111,5,24,金山區,,,,無年齡維度,0.0,女,遷出,高雄市,0
111,5,24,金山區,,,,無年齡維度,0.0,男,遷出,高雄市,0
111,5,25,萬里區,,,,無年齡維度,0.0,女,遷入,migrants,8
111,5,25,萬里區,,,,無年齡維度,0.0,男,遷入,migrants,7
111,5,25,萬里區,,,,無年齡維度,0.0,女,遷入,other,0
111,5,25,萬里區,,,,無年齡維度,0.0,男,遷入,other,0
111,5,25,萬里區,,,,無年齡維度,0.0,女,遷入,其他縣市,0
111,5,25,萬里區,,,,無年齡維度,0.0,男,遷入,其他縣市,0
111,5,25,萬里區,,,,無年齡維度,0.0,女,遷入,其他鄉鎮,6
111,5,25,萬里區,,,,無年齡維度,0.0,男,遷入,其他鄉鎮,11
111,5,25,萬里區,,,,無年齡維度,0.0,女,遷入,合計,12
111,5,25,萬里區,,,,無年齡維度,0.0,男,遷入,合計,14
111,5,25,萬里區,,,,無年齡維度,0.0,女,遷入,國外,1
111,5,25,萬里區,,,,無年齡維度,0.0,男,遷入,國外,0
111,5,25,萬里區,,,,無年齡維度,0.0,女,遷入,新北市內,0
111,5,25,萬里區,,,,無年齡維度,0.0,男,遷入,新北市內,0
111,5,25,萬里區,,,,無年齡維度,0.0,女,遷入,桃園市,0
111,5,25,萬里區,,,,無年齡維度,0.0,男,遷入,桃園市,1
111,5,25,萬里區,,,,無年齡維度,0.0,女,遷入,福建省,0
111,5,25,萬里區,,,,無年齡維度,0.0,男,遷入,福建省,0
111,5,25,萬里區,,,,無年齡維度,0.0,女,遷入,臺中市,2
111,5,25,萬里區,,,,無年齡維度,0.0,男,遷入,臺中市,1
111,5,25,萬里區,,,,無年齡維度,0.0,女,遷入,臺北市,2
111,5,25,萬里區,,,,無年齡維度,0.0,男,遷入,臺北市,1
111,5,25,萬里區,,,,無年齡維度,0.0,女,遷入,臺南市,0
111,5,25,萬里區,,,,無年齡維度,0.0,男,遷入,臺南市,0
111,5,25,萬里區,,,,無年齡維度,0.0,女,遷入,臺灣省,1
111,5,25,萬里區,,,,無年齡維度,0.0,男,遷入,臺灣省,0
111,5,25,萬里區,,,,無年齡維度,0.0,女,遷入,高雄市,0
111,5,25,萬里區,,,,無年齡維度,0.0,男,遷入,高雄市,0
111,5,25,萬里區,,,,無年齡維度,0.0,女,遷出,migrants,8
111,5,25,萬里區,,,,無年齡維度,0.0,男,遷出,migrants,7
111,5,25,萬里區,,,,無年齡維度,0.0,女,遷出,other,0
111,5,25,萬里區,,,,無年齡維度,0.0,男,遷出,other,0
111,5,25,萬里區,,,,無年齡維度,0.0,女,遷出,其他縣市,0
111,5,25,萬里區,,,,無年齡維度,0.0,男,遷出,其他縣市,0
111,5,25,萬里區,,,,無年齡維度,0.0,女,遷出,其他鄉鎮,4
111,5,25,萬里區,,,,無年齡維度,0.0,男,遷出,其他鄉鎮,5
111,5,25,萬里區,,,,無年齡維度,0.0,女,遷出,合計,25
111,5,25,萬里區,,,,無年齡維度,0.0,男,遷出,合計,23
111,5,25,萬里區,,,,無年齡維度,0.0,女,遷出,國外,16
111,5,25,萬里區,,,,無年齡維度,0.0,男,遷出,國外,17
111,5,25,萬里區,,,,無年齡維度,0.0,女,遷出,新北市內,0
111,5,25,萬里區,,,,無年齡維度,0.0,男,遷出,新北市內,0
111,5,25,萬里區,,,,無年齡維度,0.0,女,遷出,桃園市,3
111,5,25,萬里區,,,,無年齡維度,0.0,男,遷出,桃園市,0
111,5,25,萬里區,,,,無年齡維度,0.0,女,遷出,福建省,0
111,5,25,萬里區,,,,無年齡維度,0.0,男,遷出,福建省,0
111,5,25,萬里區,,,,無年齡維度,0.0,女,遷出,臺中市,0
111,5,25,萬里區,,,,無年齡維度,0.0,男,遷出,臺中市,0
111,5,25,萬里區,,,,無年齡維度,0.0,女,遷出,臺北市,1
111,5,25,萬里區,,,,無年齡維度,0.0,男,遷出,臺北市,0
111,5,25,萬里區,,,,無年齡維度,0.0,女,遷出,臺南市,0
111,5,25,萬里區,,,,無年齡維度,0.0,男,遷出,臺南市,0
111,5,25,萬里區,,,,無年齡維度,0.0,女,遷出,臺灣省,1
111,5,25,萬里區,,,,無年齡維度,0.0,男,遷出,臺灣省,1
111,5,25,萬里區,,,,無年齡維度,0.0,女,遷出,高雄市,0
111,5,25,萬里區,,,,無年齡維度,0.0,男,遷出,高雄市,0
111,5,26,平溪區,,,,無年齡維度,0.0,女,遷入,migrants,2
111,5,26,平溪區,,,,無年齡維度,0.0,男,遷入,migrants,3
111,5,26,平溪區,,,,無年齡維度,0.0,女,遷入,other,0
111,5,26,平溪區,,,,無年齡維度,0.0,男,遷入,other,0
111,5,26,平溪區,,,,無年齡維度,0.0,女,遷入,其他縣市,0
111,5,26,平溪區,,,,無年齡維度,0.0,男,遷入,其他縣市,0
111,5,26,平溪區,,,,無年齡維度,0.0,女,遷入,其他鄉鎮,5
111,5,26,平溪區,,,,無年齡維度,0.0,男,遷入,其他鄉鎮,3
111,5,26,平溪區,,,,無年齡維度,0.0,女,遷入,合計,13
111,5,26,平溪區,,,,無年齡維度,0.0,男,遷入,合計,10
111,5,26,平溪區,,,,無年齡維度,0.0,女,遷入,國外,1
111,5,26,平溪區,,,,無年齡維度,0.0,男,遷入,國外,1
111,5,26,平溪區,,,,無年齡維度,0.0,女,遷入,新北市內,0
111,5,26,平溪區,,,,無年齡維度,0.0,男,遷入,新北市內,0
111,5,26,平溪區,,,,無年齡維度,0.0,女,遷入,桃園市,0
111,5,26,平溪區,,,,無年齡維度,0.0,男,遷入,桃園市,1
111,5,26,平溪區,,,,無年齡維度,0.0,女,遷入,福建省,0
111,5,26,平溪區,,,,無年齡維度,0.0,男,遷入,福建省,0
111,5,26,平溪區,,,,無年齡維度,0.0,女,遷入,臺中市,1
111,5,26,平溪區,,,,無年齡維度,0.0,男,遷入,臺中市,1
111,5,26,平溪區,,,,無年齡維度,0.0,女,遷入,臺北市,2
111,5,26,平溪區,,,,無年齡維度,0.0,男,遷入,臺北市,0
111,5,26,平溪區,,,,無年齡維度,0.0,女,遷入,臺南市,0
111,5,26,平溪區,,,,無年齡維度,0.0,男,遷入,臺南市,0
111,5,26,平溪區,,,,無年齡維度,0.0,女,遷入,臺灣省,3
111,5,26,平溪區,,,,無年齡維度,0.0,男,遷入,臺灣省,4
111,5,26,平溪區,,,,無年齡維度,0.0,女,遷入,高雄市,1
111,5,26,平溪區,,,,無年齡維度,0.0,男,遷入,高雄市,0
111,5,26,平溪區,,,,無年齡維度,0.0,女,遷出,migrants,2
111,5,26,平溪區,,,,無年齡維度,0.0,男,遷出,migrants,3
111,5,26,平溪區,,,,無年齡維度,0.0,女,遷出,other,0
111,5,26,平溪區,,,,無年齡維度,0.0,男,遷出,other,0
111,5,26,平溪區,,,,無年齡維度,0.0,女,遷出,其他縣市,0
111,5,26,平溪區,,,,無年齡維度,0.0,男,遷出,其他縣市,0
111,5,26,平溪區,,,,無年齡維度,0.0,女,遷出,其他鄉鎮,8
111,5,26,平溪區,,,,無年齡維度,0.0,男,遷出,其他鄉鎮,5
111,5,26,平溪區,,,,無年齡維度,0.0,女,遷出,合計,29
111,5,26,平溪區,,,,無年齡維度,0.0,男,遷出,合計,27
111,5,26,平溪區,,,,無年齡維度,0.0,女,遷出,國外,11
111,5,26,平溪區,,,,無年齡維度,0.0,男,遷出,國外,17
111,5,26,平溪區,,,,無年齡維度,0.0,女,遷出,新北市內,0
111,5,26,平溪區,,,,無年齡維度,0.0,男,遷出,新北市內,0
111,5,26,平溪區,,,,無年齡維度,0.0,女,遷出,桃園市,4
111,5,26,平溪區,,,,無年齡維度,0.0,男,遷出,桃園市,2
111,5,26,平溪區,,,,無年齡維度,0.0,女,遷出,福建省,0
111,5,26,平溪區,,,,無年齡維度,0.0,男,遷出,福建省,0
111,5,26,平溪區,,,,無年齡維度,0.0,女,遷出,臺中市,1
111,5,26,平溪區,,,,無年齡維度,0.0,男,遷出,臺中市,1
111,5,26,平溪區,,,,無年齡維度,0.0,女,遷出,臺北市,3
111,5,26,平溪區,,,,無年齡維度,0.0,男,遷出,臺北市,0
111,5,26,平溪區,,,,無年齡維度,0.0,女,遷出,臺南市,0
111,5,26,平溪區,,,,無年齡維度,0.0,男,遷出,臺南市,0
111,5,26,平溪區,,,,無年齡維度,0.0,女,遷出,臺灣省,2
111,5,26,平溪區,,,,無年齡維度,0.0,男,遷出,臺灣省,2
111,5,26,平溪區,,,,無年齡維度,0.0,女,遷出,高雄市,0
111,5,26,平溪區,,,,無年齡維度,0.0,男,遷出,高雄市,0
111,5,27,雙溪區,,,,無年齡維度,0.0,女,遷入,migrants,16
111,5,27,雙溪區,,,,無年齡維度,0.0,男,遷入,migrants,17
111,5,27,雙溪區,,,,無年齡維度,0.0,女,遷入,other,0
111,5,27,雙溪區,,,,無年齡維度,0.0,男,遷入,other,0
111,5,27,雙溪區,,,,無年齡維度,0.0,女,遷入,其他縣市,0
111,5,27,雙溪區,,,,無年齡維度,0.0,男,遷入,其他縣市,0
111,5,27,雙溪區,,,,無年齡維度,0.0,女,遷入,其他鄉鎮,7
111,5,27,雙溪區,,,,無年齡維度,0.0,男,遷入,其他鄉鎮,12
111,5,27,雙溪區,,,,無年齡維度,0.0,女,遷入,合計,22
111,5,27,雙溪區,,,,無年齡維度,0.0,男,遷入,合計,21
111,5,27,雙溪區,,,,無年齡維度,0.0,女,遷入,國外,5
111,5,27,雙溪區,,,,無年齡維度,0.0,男,遷入,國外,2
111,5,27,雙溪區,,,,無年齡維度,0.0,女,遷入,新北市內,0
111,5,27,雙溪區,,,,無年齡維度,0.0,男,遷入,新北市內,0
111,5,27,雙溪區,,,,無年齡維度,0.0,女,遷入,桃園市,1
111,5,27,雙溪區,,,,無年齡維度,0.0,男,遷入,桃園市,1
111,5,27,雙溪區,,,,無年齡維度,0.0,女,遷入,福建省,0
111,5,27,雙溪區,,,,無年齡維度,0.0,男,遷入,福建省,1
111,5,27,雙溪區,,,,無年齡維度,0.0,女,遷入,臺中市,1
111,5,27,雙溪區,,,,無年齡維度,0.0,男,遷入,臺中市,0
111,5,27,雙溪區,,,,無年齡維度,0.0,女,遷入,臺北市,0
111,5,27,雙溪區,,,,無年齡維度,0.0,男,遷入,臺北市,3
111,5,27,雙溪區,,,,無年齡維度,0.0,女,遷入,臺南市,0
111,5,27,雙溪區,,,,無年齡維度,0.0,男,遷入,臺南市,0
111,5,27,雙溪區,,,,無年齡維度,0.0,女,遷入,臺灣省,4
111,5,27,雙溪區,,,,無年齡維度,0.0,男,遷入,臺灣省,2
111,5,27,雙溪區,,,,無年齡維度,0.0,女,遷入,高雄市,1
111,5,27,雙溪區,,,,無年齡維度,0.0,男,遷入,高雄市,0
111,5,27,雙溪區,,,,無年齡維度,0.0,女,遷出,migrants,16
111,5,27,雙溪區,,,,無年齡維度,0.0,男,遷出,migrants,17
111,5,27,雙溪區,,,,無年齡維度,0.0,女,遷出,other,0
111,5,27,雙溪區,,,,無年齡維度,0.0,男,遷出,other,0
111,5,27,雙溪區,,,,無年齡維度,0.0,女,遷出,其他縣市,0
111,5,27,雙溪區,,,,無年齡維度,0.0,男,遷出,其他縣市,0
111,5,27,雙溪區,,,,無年齡維度,0.0,女,遷出,其他鄉鎮,14
111,5,27,雙溪區,,,,無年齡維度,0.0,男,遷出,其他鄉鎮,10
111,5,27,雙溪區,,,,無年齡維度,0.0,女,遷出,合計,27
111,5,27,雙溪區,,,,無年齡維度,0.0,男,遷出,合計,20
111,5,27,雙溪區,,,,無年齡維度,0.0,女,遷出,國外,0
111,5,27,雙溪區,,,,無年齡維度,0.0,男,遷出,國外,1
111,5,27,雙溪區,,,,無年齡維度,0.0,女,遷出,新北市內,0
111,5,27,雙溪區,,,,無年齡維度,0.0,男,遷出,新北市內,0
111,5,27,雙溪區,,,,無年齡維度,0.0,女,遷出,桃園市,5
111,5,27,雙溪區,,,,無年齡維度,0.0,男,遷出,桃園市,4
111,5,27,雙溪區,,,,無年齡維度,0.0,女,遷出,福建省,0
111,5,27,雙溪區,,,,無年齡維度,0.0,男,遷出,福建省,0
111,5,27,雙溪區,,,,無年齡維度,0.0,女,遷出,臺中市,0
111,5,27,雙溪區,,,,無年齡維度,0.0,男,遷出,臺中市,0
111,5,27,雙溪區,,,,無年齡維度,0.0,女,遷出,臺北市,4
111,5,27,雙溪區,,,,無年齡維度,0.0,男,遷出,臺北市,2
111,5,27,雙溪區,,,,無年齡維度,0.0,女,遷出,臺南市,0
111,5,27,雙溪區,,,,無年齡維度,0.0,男,遷出,臺南市,0
111,5,27,雙溪區,,,,無年齡維度,0.0,女,遷出,臺灣省,4
111,5,27,雙溪區,,,,無年齡維度,0.0,男,遷出,臺灣省,2
111,5,27,雙溪區,,,,無年齡維度,0.0,女,遷出,高雄市,0
111,5,27,雙溪區,,,,無年齡維度,0.0,男,遷出,高雄市,1
111,5,28,貢寮區,,,,無年齡維度,0.0,女,遷入,migrants,15
111,5,28,貢寮區,,,,無年齡維度,0.0,男,遷入,migrants,14
111,5,28,貢寮區,,,,無年齡維度,0.0,女,遷入,other,0
111,5,28,貢寮區,,,,無年齡維度,0.0,男,遷入,other,0
111,5,28,貢寮區,,,,無年齡維度,0.0,女,遷入,其他縣市,0
111,5,28,貢寮區,,,,無年齡維度,0.0,男,遷入,其他縣市,0
111,5,28,貢寮區,,,,無年齡維度,0.0,女,遷入,其他鄉鎮,16
111,5,28,貢寮區,,,,無年齡維度,0.0,男,遷入,其他鄉鎮,14
111,5,28,貢寮區,,,,無年齡維度,0.0,女,遷入,合計,39
111,5,28,貢寮區,,,,無年齡維度,0.0,男,遷入,合計,40
111,5,28,貢寮區,,,,無年齡維度,0.0,女,遷入,國外,1
111,5,28,貢寮區,,,,無年齡維度,0.0,男,遷入,國外,1
111,5,28,貢寮區,,,,無年齡維度,0.0,女,遷入,新北市內,0
111,5,28,貢寮區,,,,無年齡維度,0.0,男,遷入,新北市內,0
111,5,28,貢寮區,,,,無年齡維度,0.0,女,遷入,桃園市,3
111,5,28,貢寮區,,,,無年齡維度,0.0,男,遷入,桃園市,4
111,5,28,貢寮區,,,,無年齡維度,0.0,女,遷入,福建省,0
111,5,28,貢寮區,,,,無年齡維度,0.0,男,遷入,福建省,0
111,5,28,貢寮區,,,,無年齡維度,0.0,女,遷入,臺中市,1
111,5,28,貢寮區,,,,無年齡維度,0.0,男,遷入,臺中市,0
111,5,28,貢寮區,,,,無年齡維度,0.0,女,遷入,臺北市,1
111,5,28,貢寮區,,,,無年齡維度,0.0,男,遷入,臺北市,4
111,5,28,貢寮區,,,,無年齡維度,0.0,女,遷入,臺南市,1
111,5,28,貢寮區,,,,無年齡維度,0.0,男,遷入,臺南市,0
111,5,28,貢寮區,,,,無年齡維度,0.0,女,遷入,臺灣省,14
111,5,28,貢寮區,,,,無年齡維度,0.0,男,遷入,臺灣省,17
111,5,28,貢寮區,,,,無年齡維度,0.0,女,遷入,高雄市,0
111,5,28,貢寮區,,,,無年齡維度,0.0,男,遷入,高雄市,0
111,5,28,貢寮區,,,,無年齡維度,0.0,女,遷出,migrants,15
111,5,28,貢寮區,,,,無年齡維度,0.0,男,遷出,migrants,14
111,5,28,貢寮區,,,,無年齡維度,0.0,女,遷出,other,0
111,5,28,貢寮區,,,,無年齡維度,0.0,男,遷出,other,0
111,5,28,貢寮區,,,,無年齡維度,0.0,女,遷出,其他縣市,0
111,5,28,貢寮區,,,,無年齡維度,0.0,男,遷出,其他縣市,0
111,5,28,貢寮區,,,,無年齡維度,0.0,女,遷出,其他鄉鎮,18
111,5,28,貢寮區,,,,無年齡維度,0.0,男,遷出,其他鄉鎮,18
111,5,28,貢寮區,,,,無年齡維度,0.0,女,遷出,合計,32
111,5,28,貢寮區,,,,無年齡維度,0.0,男,遷出,合計,36
111,5,28,貢寮區,,,,無年齡維度,0.0,女,遷出,國外,1
111,5,28,貢寮區,,,,無年齡維度,0.0,男,遷出,國外,0
111,5,28,貢寮區,,,,無年齡維度,0.0,女,遷出,新北市內,0
111,5,28,貢寮區,,,,無年齡維度,0.0,男,遷出,新北市內,0
111,5,28,貢寮區,,,,無年齡維度,0.0,女,遷出,桃園市,3
111,5,28,貢寮區,,,,無年齡維度,0.0,男,遷出,桃園市,2
111,5,28,貢寮區,,,,無年齡維度,0.0,女,遷出,福建省,0
111,5,28,貢寮區,,,,無年齡維度,0.0,男,遷出,福建省,1
111,5,28,貢寮區,,,,無年齡維度,0.0,女,遷出,臺中市,1
111,5,28,貢寮區,,,,無年齡維度,0.0,男,遷出,臺中市,1
111,5,28,貢寮區,,,,無年齡維度,0.0,女,遷出,臺北市,2
111,5,28,貢寮區,,,,無年齡維度,0.0,男,遷出,臺北市,2
111,5,28,貢寮區,,,,無年齡維度,0.0,女,遷出,臺南市,0
111,5,28,貢寮區,,,,無年齡維度,0.0,男,遷出,臺南市,0
111,5,28,貢寮區,,,,無年齡維度,0.0,女,遷出,臺灣省,7
111,5,28,貢寮區,,,,無年齡維度,0.0,男,遷出,臺灣省,12
111,5,28,貢寮區,,,,無年齡維度,0.0,女,遷出,高雄市,0
111,5,28,貢寮區,,,,無年齡維度,0.0,男,遷出,高雄市,0
111,5,29,烏來區,,,,無年齡維度,0.0,女,遷入,migrants,7
111,5,29,烏來區,,,,無年齡維度,0.0,男,遷入,migrants,4
111,5,29,烏來區,,,,無年齡維度,0.0,女,遷入,other,0
111,5,29,烏來區,,,,無年齡維度,0.0,男,遷入,other,0
111,5,29,烏來區,,,,無年齡維度,0.0,女,遷入,其他縣市,0
111,5,29,烏來區,,,,無年齡維度,0.0,男,遷入,其他縣市,0
111,5,29,烏來區,,,,無年齡維度,0.0,女,遷入,其他鄉鎮,5
111,5,29,烏來區,,,,無年齡維度,0.0,男,遷入,其他鄉鎮,9
111,5,29,烏來區,,,,無年齡維度,0.0,女,遷入,合計,13
111,5,29,烏來區,,,,無年齡維度,0.0,男,遷入,合計,14
111,5,29,烏來區,,,,無年齡維度,0.0,女,遷入,國外,2
111,5,29,烏來區,,,,無年齡維度,0.0,男,遷入,國外,0
111,5,29,烏來區,,,,無年齡維度,0.0,女,遷入,新北市內,0
111,5,29,烏來區,,,,無年齡維度,0.0,男,遷入,新北市內,0
111,5,29,烏來區,,,,無年齡維度,0.0,女,遷入,桃園市,1
111,5,29,烏來區,,,,無年齡維度,0.0,男,遷入,桃園市,1
111,5,29,烏來區,,,,無年齡維度,0.0,女,遷入,福建省,0
111,5,29,烏來區,,,,無年齡維度,0.0,男,遷入,福建省,0
111,5,29,烏來區,,,,無年齡維度,0.0,女,遷入,臺中市,0
111,5,29,烏來區,,,,無年齡維度,0.0,男,遷入,臺中市,0
111,5,29,烏來區,,,,無年齡維度,0.0,女,遷入,臺北市,1
111,5,29,烏來區,,,,無年齡維度,0.0,男,遷入,臺北市,2
111,5,29,烏來區,,,,無年齡維度,0.0,女,遷入,臺南市,1
111,5,29,烏來區,,,,無年齡維度,0.0,男,遷入,臺南市,0
111,5,29,烏來區,,,,無年齡維度,0.0,女,遷入,臺灣省,3
111,5,29,烏來區,,,,無年齡維度,0.0,男,遷入,臺灣省,1
111,5,29,烏來區,,,,無年齡維度,0.0,女,遷入,高雄市,0
111,5,29,烏來區,,,,無年齡維度,0.0,男,遷入,高雄市,0
111,5,29,烏來區,,,,無年齡維度,0.0,女,遷出,migrants,7
111,5,29,烏來區,,,,無年齡維度,0.0,男,遷出,migrants,4
111,5,29,烏來區,,,,無年齡維度,0.0,女,遷出,other,0
111,5,29,烏來區,,,,無年齡維度,0.0,男,遷出,other,0
111,5,29,烏來區,,,,無年齡維度,0.0,女,遷出,其他縣市,0
111,5,29,烏來區,,,,無年齡維度,0.0,男,遷出,其他縣市,0
111,5,29,烏來區,,,,無年齡維度,0.0,女,遷出,其他鄉鎮,8
111,5,29,烏來區,,,,無年齡維度,0.0,男,遷出,其他鄉鎮,5
111,5,29,烏來區,,,,無年齡維度,0.0,女,遷出,合計,20
111,5,29,烏來區,,,,無年齡維度,0.0,男,遷出,合計,15
111,5,29,烏來區,,,,無年齡維度,0.0,女,遷出,國外,0
111,5,29,烏來區,,,,無年齡維度,0.0,男,遷出,國外,0
111,5,29,烏來區,,,,無年齡維度,0.0,女,遷出,新北市內,0
111,5,29,烏來區,,,,無年齡維度,0.0,男,遷出,新北市內,0
111,5,29,烏來區,,,,無年齡維度,0.0,女,遷出,桃園市,5
111,5,29,烏來區,,,,無年齡維度,0.0,男,遷出,桃園市,3
111,5,29,烏來區,,,,無年齡維度,0.0,女,遷出,福建省,0
111,5,29,烏來區,,,,無年齡維度,0.0,男,遷出,福建省,0
111,5,29,烏來區,,,,無年齡維度,0.0,女,遷出,臺中市,0
111,5,29,烏來區,,,,無年齡維度,0.0,男,遷出,臺中市,1
111,5,29,烏來區,,,,無年齡維度,0.0,女,遷出,臺北市,0
111,5,29,烏來區,,,,無年齡維度,0.0,男,遷出,臺北市,1
111,5,29,烏來區,,,,無年齡維度,0.0,女,遷出,臺南市,1
111,5,29,烏來區,,,,無年齡維度,0.0,男,遷出,臺南市,0
111,5,29,烏來區,,,,無年齡維度,0.0,女,遷出,臺灣省,5
111,5,29,烏來區,,,,無年齡維度,0.0,男,遷出,臺灣省,5
111,5,29,烏來區,,,,無年齡維度,0.0,女,遷出,高雄市,1
111,5,29,烏來區,,,,無年齡維度,0.0,男,遷出,高雄市,0
111,6,1,板橋區,,,,無年齡維度,0.0,女,遷入,migrants,773
111,6,1,板橋區,,,,無年齡維度,0.0,男,遷入,migrants,645
111,6,1,板橋區,,,,無年齡維度,0.0,女,遷入,other,0
111,6,1,板橋區,,,,無年齡維度,0.0,男,遷入,other,0
111,6,1,板橋區,,,,無年齡維度,0.0,女,遷入,其他縣市,0
111,6,1,板橋區,,,,無年齡維度,0.0,男,遷入,其他縣市,0
111,6,1,板橋區,,,,無年齡維度,0.0,女,遷入,其他鄉鎮,382
111,6,1,板橋區,,,,無年齡維度,0.0,男,遷入,其他鄉鎮,303
111,6,1,板橋區,,,,無年齡維度,0.0,女,遷入,合計,1008
111,6,1,板橋區,,,,無年齡維度,0.0,男,遷入,合計,810
111,6,1,板橋區,,,,無年齡維度,0.0,女,遷入,國外,148
111,6,1,板橋區,,,,無年齡維度,0.0,男,遷入,國外,109
111,6,1,板橋區,,,,無年齡維度,0.0,女,遷入,新北市內,0
111,6,1,板橋區,,,,無年齡維度,0.0,男,遷入,新北市內,0
111,6,1,板橋區,,,,無年齡維度,0.0,女,遷入,桃園市,66
111,6,1,板橋區,,,,無年齡維度,0.0,男,遷入,桃園市,63
111,6,1,板橋區,,,,無年齡維度,0.0,女,遷入,福建省,4
111,6,1,板橋區,,,,無年齡維度,0.0,男,遷入,福建省,4
111,6,1,板橋區,,,,無年齡維度,0.0,女,遷入,臺中市,19
111,6,1,板橋區,,,,無年齡維度,0.0,男,遷入,臺中市,20
111,6,1,板橋區,,,,無年齡維度,0.0,女,遷入,臺北市,236
111,6,1,板橋區,,,,無年齡維度,0.0,男,遷入,臺北市,186
111,6,1,板橋區,,,,無年齡維度,0.0,女,遷入,臺南市,11
111,6,1,板橋區,,,,無年齡維度,0.0,男,遷入,臺南市,10
111,6,1,板橋區,,,,無年齡維度,0.0,女,遷入,臺灣省,109
111,6,1,板橋區,,,,無年齡維度,0.0,男,遷入,臺灣省,88
111,6,1,板橋區,,,,無年齡維度,0.0,女,遷入,高雄市,16
111,6,1,板橋區,,,,無年齡維度,0.0,男,遷入,高雄市,24
111,6,1,板橋區,,,,無年齡維度,0.0,女,遷出,migrants,773
111,6,1,板橋區,,,,無年齡維度,0.0,男,遷出,migrants,645
111,6,1,板橋區,,,,無年齡維度,0.0,女,遷出,other,0
111,6,1,板橋區,,,,無年齡維度,0.0,男,遷出,other,0
111,6,1,板橋區,,,,無年齡維度,0.0,女,遷出,其他縣市,0
111,6,1,板橋區,,,,無年齡維度,0.0,男,遷出,其他縣市,0
111,6,1,板橋區,,,,無年齡維度,0.0,女,遷出,其他鄉鎮,455
111,6,1,板橋區,,,,無年齡維度,0.0,男,遷出,其他鄉鎮,370
111,6,1,板橋區,,,,無年齡維度,0.0,女,遷出,合計,1003
111,6,1,板橋區,,,,無年齡維度,0.0,男,遷出,合計,893
111,6,1,板橋區,,,,無年齡維度,0.0,女,遷出,國外,79
111,6,1,板橋區,,,,無年齡維度,0.0,男,遷出,國外,98
111,6,1,板橋區,,,,無年齡維度,0.0,女,遷出,新北市內,0
111,6,1,板橋區,,,,無年齡維度,0.0,男,遷出,新北市內,0
111,6,1,板橋區,,,,無年齡維度,0.0,女,遷出,桃園市,127
111,6,1,板橋區,,,,無年齡維度,0.0,男,遷出,桃園市,123
111,6,1,板橋區,,,,無年齡維度,0.0,女,遷出,福建省,3
111,6,1,板橋區,,,,無年齡維度,0.0,男,遷出,福建省,3
111,6,1,板橋區,,,,無年齡維度,0.0,女,遷出,臺中市,43
111,6,1,板橋區,,,,無年齡維度,0.0,男,遷出,臺中市,31
111,6,1,板橋區,,,,無年齡維度,0.0,女,遷出,臺北市,137
111,6,1,板橋區,,,,無年齡維度,0.0,男,遷出,臺北市,120
111,6,1,板橋區,,,,無年齡維度,0.0,女,遷出,臺南市,13
111,6,1,板橋區,,,,無年齡維度,0.0,男,遷出,臺南市,11
111,6,1,板橋區,,,,無年齡維度,0.0,女,遷出,臺灣省,125
111,6,1,板橋區,,,,無年齡維度,0.0,男,遷出,臺灣省,119
111,6,1,板橋區,,,,無年齡維度,0.0,女,遷出,高雄市,19
111,6,1,板橋區,,,,無年齡維度,0.0,男,遷出,高雄市,17
111,6,2,三重區,,,,無年齡維度,0.0,女,遷入,migrants,522
111,6,2,三重區,,,,無年齡維度,0.0,男,遷入,migrants,442
111,6,2,三重區,,,,無年齡維度,0.0,女,遷入,other,0
111,6,2,三重區,,,,無年齡維度,0.0,男,遷入,other,0
111,6,2,三重區,,,,無年齡維度,0.0,女,遷入,其他縣市,0
111,6,2,三重區,,,,無年齡維度,0.0,男,遷入,其他縣市,0
111,6,2,三重區,,,,無年齡維度,0.0,女,遷入,其他鄉鎮,227
111,6,2,三重區,,,,無年齡維度,0.0,男,遷入,其他鄉鎮,208
111,6,2,三重區,,,,無年齡維度,0.0,女,遷入,合計,685
111,6,2,三重區,,,,無年齡維度,0.0,男,遷入,合計,646
111,6,2,三重區,,,,無年齡維度,0.0,女,遷入,國外,67
111,6,2,三重區,,,,無年齡維度,0.0,男,遷入,國外,61
111,6,2,三重區,,,,無年齡維度,0.0,女,遷入,新北市內,0
111,6,2,三重區,,,,無年齡維度,0.0,男,遷入,新北市內,0
111,6,2,三重區,,,,無年齡維度,0.0,女,遷入,桃園市,33
111,6,2,三重區,,,,無年齡維度,0.0,男,遷入,桃園市,34
111,6,2,三重區,,,,無年齡維度,0.0,女,遷入,福建省,5
111,6,2,三重區,,,,無年齡維度,0.0,男,遷入,福建省,6
111,6,2,三重區,,,,無年齡維度,0.0,女,遷入,臺中市,16
111,6,2,三重區,,,,無年齡維度,0.0,男,遷入,臺中市,23
111,6,2,三重區,,,,無年齡維度,0.0,女,遷入,臺北市,237
111,6,2,三重區,,,,無年齡維度,0.0,男,遷入,臺北市,235
111,6,2,三重區,,,,無年齡維度,0.0,女,遷入,臺南市,8
111,6,2,三重區,,,,無年齡維度,0.0,男,遷入,臺南市,6
111,6,2,三重區,,,,無年齡維度,0.0,女,遷入,臺灣省,68
111,6,2,三重區,,,,無年齡維度,0.0,男,遷入,臺灣省,64
111,6,2,三重區,,,,無年齡維度,0.0,女,遷入,高雄市,16
111,6,2,三重區,,,,無年齡維度,0.0,男,遷入,高雄市,9
111,6,2,三重區,,,,無年齡維度,0.0,女,遷出,migrants,522
111,6,2,三重區,,,,無年齡維度,0.0,男,遷出,migrants,442
111,6,2,三重區,,,,無年齡維度,0.0,女,遷出,other,0
111,6,2,三重區,,,,無年齡維度,0.0,男,遷出,other,0
111,6,2,三重區,,,,無年齡維度,0.0,女,遷出,其他縣市,0
111,6,2,三重區,,,,無年齡維度,0.0,男,遷出,其他縣市,0
111,6,2,三重區,,,,無年齡維度,0.0,女,遷出,其他鄉鎮,267
111,6,2,三重區,,,,無年齡維度,0.0,男,遷出,其他鄉鎮,204
111,6,2,三重區,,,,無年齡維度,0.0,女,遷出,合計,714
111,6,2,三重區,,,,無年齡維度,0.0,男,遷出,合計,622
111,6,2,三重區,,,,無年齡維度,0.0,女,遷出,國外,50
111,6,2,三重區,,,,無年齡維度,0.0,男,遷出,國外,46
111,6,2,三重區,,,,無年齡維度,0.0,女,遷出,新北市內,0
111,6,2,三重區,,,,無年齡維度,0.0,男,遷出,新北市內,0
111,6,2,三重區,,,,無年齡維度,0.0,女,遷出,桃園市,83
111,6,2,三重區,,,,無年齡維度,0.0,男,遷出,桃園市,72
111,6,2,三重區,,,,無年齡維度,0.0,女,遷出,福建省,1
111,6,2,三重區,,,,無年齡維度,0.0,男,遷出,福建省,1
111,6,2,三重區,,,,無年齡維度,0.0,女,遷出,臺中市,23
111,6,2,三重區,,,,無年齡維度,0.0,男,遷出,臺中市,16
111,6,2,三重區,,,,無年齡維度,0.0,女,遷出,臺北市,187
111,6,2,三重區,,,,無年齡維度,0.0,男,遷出,臺北市,175
111,6,2,三重區,,,,無年齡維度,0.0,女,遷出,臺南市,13
111,6,2,三重區,,,,無年齡維度,0.0,男,遷出,臺南市,8
111,6,2,三重區,,,,無年齡維度,0.0,女,遷出,臺灣省,78
111,6,2,三重區,,,,無年齡維度,0.0,男,遷出,臺灣省,89
111,6,2,三重區,,,,無年齡維度,0.0,女,遷出,高雄市,12
111,6,2,三重區,,,,無年齡維度,0.0,男,遷出,高雄市,11
111,6,3,中和區,,,,無年齡維度,0.0,女,遷入,migrants,429
111,6,3,中和區,,,,無年齡維度,0.0,男,遷入,migrants,382
111,6,3,中和區,,,,無年齡維度,0.0,女,遷入,other,0
111,6,3,中和區,,,,無年齡維度,0.0,男,遷入,other,0
111,6,3,中和區,,,,無年齡維度,0.0,女,遷入,其他縣市,0
111,6,3,中和區,,,,無年齡維度,0.0,男,遷入,其他縣市,0
111,6,3,中和區,,,,無年齡維度,0.0,女,遷入,其他鄉鎮,407
111,6,3,中和區,,,,無年齡維度,0.0,男,遷入,其他鄉鎮,288
111,6,3,中和區,,,,無年齡維度,0.0,女,遷入,合計,954
111,6,3,中和區,,,,無年齡維度,0.0,男,遷入,合計,721
111,6,3,中和區,,,,無年齡維度,0.0,女,遷入,國外,144
111,6,3,中和區,,,,無年齡維度,0.0,男,遷入,國外,99
111,6,3,中和區,,,,無年齡維度,0.0,女,遷入,新北市內,0
111,6,3,中和區,,,,無年齡維度,0.0,男,遷入,新北市內,0
111,6,3,中和區,,,,無年齡維度,0.0,女,遷入,桃園市,57
111,6,3,中和區,,,,無年齡維度,0.0,男,遷入,桃園市,37
111,6,3,中和區,,,,無年齡維度,0.0,女,遷入,福建省,9
111,6,3,中和區,,,,無年齡維度,0.0,男,遷入,福建省,5
111,6,3,中和區,,,,無年齡維度,0.0,女,遷入,臺中市,23
111,6,3,中和區,,,,無年齡維度,0.0,男,遷入,臺中市,16
111,6,3,中和區,,,,無年齡維度,0.0,女,遷入,臺北市,198
111,6,3,中和區,,,,無年齡維度,0.0,男,遷入,臺北市,190
111,6,3,中和區,,,,無年齡維度,0.0,女,遷入,臺南市,15
111,6,3,中和區,,,,無年齡維度,0.0,男,遷入,臺南市,3
111,6,3,中和區,,,,無年齡維度,0.0,女,遷入,臺灣省,69
111,6,3,中和區,,,,無年齡維度,0.0,男,遷入,臺灣省,63
111,6,3,中和區,,,,無年齡維度,0.0,女,遷入,高雄市,17
111,6,3,中和區,,,,無年齡維度,0.0,男,遷入,高雄市,15
111,6,3,中和區,,,,無年齡維度,0.0,女,遷出,migrants,429
111,6,3,中和區,,,,無年齡維度,0.0,男,遷出,migrants,382
111,6,3,中和區,,,,無年齡維度,0.0,女,遷出,other,0
111,6,3,中和區,,,,無年齡維度,0.0,男,遷出,other,0
111,6,3,中和區,,,,無年齡維度,0.0,女,遷出,其他縣市,0
111,6,3,中和區,,,,無年齡維度,0.0,男,遷出,其他縣市,0
111,6,3,中和區,,,,無年齡維度,0.0,女,遷出,其他鄉鎮,417
111,6,3,中和區,,,,無年齡維度,0.0,男,遷出,其他鄉鎮,331
111,6,3,中和區,,,,無年齡維度,0.0,女,遷出,合計,844
111,6,3,中和區,,,,無年齡維度,0.0,男,遷出,合計,691
111,6,3,中和區,,,,無年齡維度,0.0,女,遷出,國外,60
111,6,3,中和區,,,,無年齡維度,0.0,男,遷出,國外,72
111,6,3,中和區,,,,無年齡維度,0.0,女,遷出,新北市內,0
111,6,3,中和區,,,,無年齡維度,0.0,男,遷出,新北市內,0
111,6,3,中和區,,,,無年齡維度,0.0,女,遷出,桃園市,80
111,6,3,中和區,,,,無年齡維度,0.0,男,遷出,桃園市,64
111,6,3,中和區,,,,無年齡維度,0.0,女,遷出,福建省,8
111,6,3,中和區,,,,無年齡維度,0.0,男,遷出,福建省,4
111,6,3,中和區,,,,無年齡維度,0.0,女,遷出,臺中市,23
111,6,3,中和區,,,,無年齡維度,0.0,男,遷出,臺中市,18
111,6,3,中和區,,,,無年齡維度,0.0,女,遷出,臺北市,140
111,6,3,中和區,,,,無年齡維度,0.0,男,遷出,臺北市,98
111,6,3,中和區,,,,無年齡維度,0.0,女,遷出,臺南市,15
111,6,3,中和區,,,,無年齡維度,0.0,男,遷出,臺南市,9
111,6,3,中和區,,,,無年齡維度,0.0,女,遷出,臺灣省,83
111,6,3,中和區,,,,無年齡維度,0.0,男,遷出,臺灣省,86
111,6,3,中和區,,,,無年齡維度,0.0,女,遷出,高雄市,17
111,6,3,中和區,,,,無年齡維度,0.0,男,遷出,高雄市,9
111,6,4,永和區,,,,無年齡維度,0.0,女,遷入,migrants,146
111,6,4,永和區,,,,無年齡維度,0.0,男,遷入,migrants,145
111,6,4,永和區,,,,無年齡維度,0.0,女,遷入,other,0
111,6,4,永和區,,,,無年齡維度,0.0,男,遷入,other,0
111,6,4,永和區,,,,無年齡維度,0.0,女,遷入,其他縣市,0
111,6,4,永和區,,,,無年齡維度,0.0,男,遷入,其他縣市,0
111,6,4,永和區,,,,無年齡維度,0.0,女,遷入,其他鄉鎮,154
111,6,4,永和區,,,,無年齡維度,0.0,男,遷入,其他鄉鎮,130
111,6,4,永和區,,,,無年齡維度,0.0,女,遷入,合計,452
111,6,4,永和區,,,,無年齡維度,0.0,男,遷入,合計,375
111,6,4,永和區,,,,無年齡維度,0.0,女,遷入,國外,120
111,6,4,永和區,,,,無年齡維度,0.0,男,遷入,國外,71
111,6,4,永和區,,,,無年齡維度,0.0,女,遷入,新北市內,0
111,6,4,永和區,,,,無年齡維度,0.0,男,遷入,新北市內,0
111,6,4,永和區,,,,無年齡維度,0.0,女,遷入,桃園市,12
111,6,4,永和區,,,,無年齡維度,0.0,男,遷入,桃園市,12
111,6,4,永和區,,,,無年齡維度,0.0,女,遷入,福建省,2
111,6,4,永和區,,,,無年齡維度,0.0,男,遷入,福建省,3
111,6,4,永和區,,,,無年齡維度,0.0,女,遷入,臺中市,16
111,6,4,永和區,,,,無年齡維度,0.0,男,遷入,臺中市,9
111,6,4,永和區,,,,無年齡維度,0.0,女,遷入,臺北市,106
111,6,4,永和區,,,,無年齡維度,0.0,男,遷入,臺北市,101
111,6,4,永和區,,,,無年齡維度,0.0,女,遷入,臺南市,4
111,6,4,永和區,,,,無年齡維度,0.0,男,遷入,臺南市,7
111,6,4,永和區,,,,無年齡維度,0.0,女,遷入,臺灣省,27
111,6,4,永和區,,,,無年齡維度,0.0,男,遷入,臺灣省,24
111,6,4,永和區,,,,無年齡維度,0.0,女,遷入,高雄市,3
111,6,4,永和區,,,,無年齡維度,0.0,男,遷入,高雄市,9
111,6,4,永和區,,,,無年齡維度,0.0,女,遷出,migrants,146
111,6,4,永和區,,,,無年齡維度,0.0,男,遷出,migrants,145
111,6,4,永和區,,,,無年齡維度,0.0,女,遷出,other,0
111,6,4,永和區,,,,無年齡維度,0.0,男,遷出,other,0
111,6,4,永和區,,,,無年齡維度,0.0,女,遷出,其他縣市,0
111,6,4,永和區,,,,無年齡維度,0.0,男,遷出,其他縣市,0
111,6,4,永和區,,,,無年齡維度,0.0,女,遷出,其他鄉鎮,257
111,6,4,永和區,,,,無年齡維度,0.0,男,遷出,其他鄉鎮,234
111,6,4,永和區,,,,無年齡維度,0.0,女,遷出,合計,490
111,6,4,永和區,,,,無年齡維度,0.0,男,遷出,合計,427
111,6,4,永和區,,,,無年齡維度,0.0,女,遷出,國外,46
111,6,4,永和區,,,,無年齡維度,0.0,男,遷出,國外,32
111,6,4,永和區,,,,無年齡維度,0.0,女,遷出,新北市內,0
111,6,4,永和區,,,,無年齡維度,0.0,男,遷出,新北市內,0
111,6,4,永和區,,,,無年齡維度,0.0,女,遷出,桃園市,31
111,6,4,永和區,,,,無年齡維度,0.0,男,遷出,桃園市,33
111,6,4,永和區,,,,無年齡維度,0.0,女,遷出,福建省,5
111,6,4,永和區,,,,無年齡維度,0.0,男,遷出,福建省,3
111,6,4,永和區,,,,無年齡維度,0.0,女,遷出,臺中市,4
111,6,4,永和區,,,,無年齡維度,0.0,男,遷出,臺中市,8
111,6,4,永和區,,,,無年齡維度,0.0,女,遷出,臺北市,101
111,6,4,永和區,,,,無年齡維度,0.0,男,遷出,臺北市,71
111,6,4,永和區,,,,無年齡維度,0.0,女,遷出,臺南市,6
111,6,4,永和區,,,,無年齡維度,0.0,男,遷出,臺南市,2
111,6,4,永和區,,,,無年齡維度,0.0,女,遷出,臺灣省,36
111,6,4,永和區,,,,無年齡維度,0.0,男,遷出,臺灣省,38
111,6,4,永和區,,,,無年齡維度,0.0,女,遷出,高雄市,4
111,6,4,永和區,,,,無年齡維度,0.0,男,遷出,高雄市,6
111,6,5,新莊區,,,,無年齡維度,0.0,女,遷入,migrants,637
111,6,5,新莊區,,,,無年齡維度,0.0,男,遷入,migrants,575
111,6,5,新莊區,,,,無年齡維度,0.0,女,遷入,other,0
111,6,5,新莊區,,,,無年齡維度,0.0,男,遷入,other,0
111,6,5,新莊區,,,,無年齡維度,0.0,女,遷入,其他縣市,0
111,6,5,新莊區,,,,無年齡維度,0.0,男,遷入,其他縣市,0
111,6,5,新莊區,,,,無年齡維度,0.0,女,遷入,其他鄉鎮,358
111,6,5,新莊區,,,,無年齡維度,0.0,男,遷入,其他鄉鎮,293
111,6,5,新莊區,,,,無年齡維度,0.0,女,遷入,合計,821
111,6,5,新莊區,,,,無年齡維度,0.0,男,遷入,合計,670
111,6,5,新莊區,,,,無年齡維度,0.0,女,遷入,國外,102
111,6,5,新莊區,,,,無年齡維度,0.0,男,遷入,國外,80
111,6,5,新莊區,,,,無年齡維度,0.0,女,遷入,新北市內,0
111,6,5,新莊區,,,,無年齡維度,0.0,男,遷入,新北市內,0
111,6,5,新莊區,,,,無年齡維度,0.0,女,遷入,桃園市,58
111,6,5,新莊區,,,,無年齡維度,0.0,男,遷入,桃園市,51
111,6,5,新莊區,,,,無年齡維度,0.0,女,遷入,福建省,2
111,6,5,新莊區,,,,無年齡維度,0.0,男,遷入,福建省,5
111,6,5,新莊區,,,,無年齡維度,0.0,女,遷入,臺中市,22
111,6,5,新莊區,,,,無年齡維度,0.0,男,遷入,臺中市,18
111,6,5,新莊區,,,,無年齡維度,0.0,女,遷入,臺北市,153
111,6,5,新莊區,,,,無年齡維度,0.0,男,遷入,臺北市,124
111,6,5,新莊區,,,,無年齡維度,0.0,女,遷入,臺南市,8
111,6,5,新莊區,,,,無年齡維度,0.0,男,遷入,臺南市,13
111,6,5,新莊區,,,,無年齡維度,0.0,女,遷入,臺灣省,85
111,6,5,新莊區,,,,無年齡維度,0.0,男,遷入,臺灣省,67
111,6,5,新莊區,,,,無年齡維度,0.0,女,遷入,高雄市,25
111,6,5,新莊區,,,,無年齡維度,0.0,男,遷入,高雄市,14
111,6,5,新莊區,,,,無年齡維度,0.0,女,遷出,migrants,637
111,6,5,新莊區,,,,無年齡維度,0.0,男,遷出,migrants,575
111,6,5,新莊區,,,,無年齡維度,0.0,女,遷出,other,0
111,6,5,新莊區,,,,無年齡維度,0.0,男,遷出,other,0
111,6,5,新莊區,,,,無年齡維度,0.0,女,遷出,其他縣市,0
111,6,5,新莊區,,,,無年齡維度,0.0,男,遷出,其他縣市,0
111,6,5,新莊區,,,,無年齡維度,0.0,女,遷出,其他鄉鎮,322
111,6,5,新莊區,,,,無年齡維度,0.0,男,遷出,其他鄉鎮,253
111,6,5,新莊區,,,,無年齡維度,0.0,女,遷出,合計,751
111,6,5,新莊區,,,,無年齡維度,0.0,男,遷出,合計,642
111,6,5,新莊區,,,,無年齡維度,0.0,女,遷出,國外,53
111,6,5,新莊區,,,,無年齡維度,0.0,男,遷出,國外,45
111,6,5,新莊區,,,,無年齡維度,0.0,女,遷出,新北市內,0
111,6,5,新莊區,,,,無年齡維度,0.0,男,遷出,新北市內,0
111,6,5,新莊區,,,,無年齡維度,0.0,女,遷出,桃園市,125
111,6,5,新莊區,,,,無年齡維度,0.0,男,遷出,桃園市,122
111,6,5,新莊區,,,,無年齡維度,0.0,女,遷出,福建省,3
111,6,5,新莊區,,,,無年齡維度,0.0,男,遷出,福建省,2
111,6,5,新莊區,,,,無年齡維度,0.0,女,遷出,臺中市,14
111,6,5,新莊區,,,,無年齡維度,0.0,男,遷出,臺中市,15
111,6,5,新莊區,,,,無年齡維度,0.0,女,遷出,臺北市,121
111,6,5,新莊區,,,,無年齡維度,0.0,男,遷出,臺北市,74
111,6,5,新莊區,,,,無年齡維度,0.0,女,遷出,臺南市,9
111,6,5,新莊區,,,,無年齡維度,0.0,男,遷出,臺南市,17
111,6,5,新莊區,,,,無年齡維度,0.0,女,遷出,臺灣省,91
111,6,5,新莊區,,,,無年齡維度,0.0,男,遷出,臺灣省,96
111,6,5,新莊區,,,,無年齡維度,0.0,女,遷出,高雄市,13
111,6,5,新莊區,,,,無年齡維度,0.0,男,遷出,高雄市,18
111,6,6,新店區,,,,無年齡維度,0.0,女,遷入,migrants,429
111,6,6,新店區,,,,無年齡維度,0.0,男,遷入,migrants,364
111,6,6,新店區,,,,無年齡維度,0.0,女,遷入,other,0
111,6,6,新店區,,,,無年齡維度,0.0,男,遷入,other,0
111,6,6,新店區,,,,無年齡維度,0.0,女,遷入,其他縣市,0
111,6,6,新店區,,,,無年齡維度,0.0,男,遷入,其他縣市,0
111,6,6,新店區,,,,無年齡維度,0.0,女,遷入,其他鄉鎮,175
111,6,6,新店區,,,,無年齡維度,0.0,男,遷入,其他鄉鎮,171
111,6,6,新店區,,,,無年齡維度,0.0,女,遷入,合計,742
111,6,6,新店區,,,,無年齡維度,0.0,男,遷入,合計,633
111,6,6,新店區,,,,無年齡維度,0.0,女,遷入,國外,168
111,6,6,新店區,,,,無年齡維度,0.0,男,遷入,國外,115
111,6,6,新店區,,,,無年齡維度,0.0,女,遷入,新北市內,0
111,6,6,新店區,,,,無年齡維度,0.0,男,遷入,新北市內,0
111,6,6,新店區,,,,無年齡維度,0.0,女,遷入,桃園市,29
111,6,6,新店區,,,,無年齡維度,0.0,男,遷入,桃園市,26
111,6,6,新店區,,,,無年齡維度,0.0,女,遷入,福建省,3
111,6,6,新店區,,,,無年齡維度,0.0,男,遷入,福建省,2
111,6,6,新店區,,,,無年齡維度,0.0,女,遷入,臺中市,18
111,6,6,新店區,,,,無年齡維度,0.0,男,遷入,臺中市,23
111,6,6,新店區,,,,無年齡維度,0.0,女,遷入,臺北市,271
111,6,6,新店區,,,,無年齡維度,0.0,男,遷入,臺北市,234
111,6,6,新店區,,,,無年齡維度,0.0,女,遷入,臺南市,7
111,6,6,新店區,,,,無年齡維度,0.0,男,遷入,臺南市,8
111,6,6,新店區,,,,無年齡維度,0.0,女,遷入,臺灣省,47
111,6,6,新店區,,,,無年齡維度,0.0,男,遷入,臺灣省,40
111,6,6,新店區,,,,無年齡維度,0.0,女,遷入,高雄市,11
111,6,6,新店區,,,,無年齡維度,0.0,男,遷入,高雄市,9
111,6,6,新店區,,,,無年齡維度,0.0,女,遷出,migrants,429
111,6,6,新店區,,,,無年齡維度,0.0,男,遷出,migrants,364
111,6,6,新店區,,,,無年齡維度,0.0,女,遷出,other,0
111,6,6,新店區,,,,無年齡維度,0.0,男,遷出,other,0
111,6,6,新店區,,,,無年齡維度,0.0,女,遷出,其他縣市,0
111,6,6,新店區,,,,無年齡維度,0.0,男,遷出,其他縣市,0
111,6,6,新店區,,,,無年齡維度,0.0,女,遷出,其他鄉鎮,180
111,6,6,新店區,,,,無年齡維度,0.0,男,遷出,其他鄉鎮,130
111,6,6,新店區,,,,無年齡維度,0.0,女,遷出,合計,579
111,6,6,新店區,,,,無年齡維度,0.0,男,遷出,合計,473
111,6,6,新店區,,,,無年齡維度,0.0,女,遷出,國外,68
111,6,6,新店區,,,,無年齡維度,0.0,男,遷出,國外,68
111,6,6,新店區,,,,無年齡維度,0.0,女,遷出,新北市內,0
111,6,6,新店區,,,,無年齡維度,0.0,男,遷出,新北市內,0
111,6,6,新店區,,,,無年齡維度,0.0,女,遷出,桃園市,56
111,6,6,新店區,,,,無年齡維度,0.0,男,遷出,桃園市,40
111,6,6,新店區,,,,無年齡維度,0.0,女,遷出,福建省,3
111,6,6,新店區,,,,無年齡維度,0.0,男,遷出,福建省,5
111,6,6,新店區,,,,無年齡維度,0.0,女,遷出,臺中市,12
111,6,6,新店區,,,,無年齡維度,0.0,男,遷出,臺中市,9
111,6,6,新店區,,,,無年齡維度,0.0,女,遷出,臺北市,174
111,6,6,新店區,,,,無年齡維度,0.0,男,遷出,臺北市,141
111,6,6,新店區,,,,無年齡維度,0.0,女,遷出,臺南市,5
111,6,6,新店區,,,,無年齡維度,0.0,男,遷出,臺南市,12
111,6,6,新店區,,,,無年齡維度,0.0,女,遷出,臺灣省,65
111,6,6,新店區,,,,無年齡維度,0.0,男,遷出,臺灣省,54
111,6,6,新店區,,,,無年齡維度,0.0,女,遷出,高雄市,16
111,6,6,新店區,,,,無年齡維度,0.0,男,遷出,高雄市,13
111,6,7,土城區,,,,無年齡維度,0.0,女,遷入,migrants,205
111,6,7,土城區,,,,無年齡維度,0.0,男,遷入,migrants,201
111,6,7,土城區,,,,無年齡維度,0.0,女,遷入,other,0
111,6,7,土城區,,,,無年齡維度,0.0,男,遷入,other,0
111,6,7,土城區,,,,無年齡維度,0.0,女,遷入,其他縣市,0
111,6,7,土城區,,,,無年齡維度,0.0,男,遷入,其他縣市,0
111,6,7,土城區,,,,無年齡維度,0.0,女,遷入,其他鄉鎮,176
111,6,7,土城區,,,,無年齡維度,0.0,男,遷入,其他鄉鎮,156
111,6,7,土城區,,,,無年齡維度,0.0,女,遷入,合計,335
111,6,7,土城區,,,,無年齡維度,0.0,男,遷入,合計,285
111,6,7,土城區,,,,無年齡維度,0.0,女,遷入,國外,39
111,6,7,土城區,,,,無年齡維度,0.0,男,遷入,國外,37
111,6,7,土城區,,,,無年齡維度,0.0,女,遷入,新北市內,0
111,6,7,土城區,,,,無年齡維度,0.0,男,遷入,新北市內,0
111,6,7,土城區,,,,無年齡維度,0.0,女,遷入,桃園市,24
111,6,7,土城區,,,,無年齡維度,0.0,男,遷入,桃園市,11
111,6,7,土城區,,,,無年齡維度,0.0,女,遷入,福建省,2
111,6,7,土城區,,,,無年齡維度,0.0,男,遷入,福建省,0
111,6,7,土城區,,,,無年齡維度,0.0,女,遷入,臺中市,6
111,6,7,土城區,,,,無年齡維度,0.0,男,遷入,臺中市,5
111,6,7,土城區,,,,無年齡維度,0.0,女,遷入,臺北市,35
111,6,7,土城區,,,,無年齡維度,0.0,男,遷入,臺北市,26
111,6,7,土城區,,,,無年齡維度,0.0,女,遷入,臺南市,0
111,6,7,土城區,,,,無年齡維度,0.0,男,遷入,臺南市,1
111,6,7,土城區,,,,無年齡維度,0.0,女,遷入,臺灣省,38
111,6,7,土城區,,,,無年齡維度,0.0,男,遷入,臺灣省,36
111,6,7,土城區,,,,無年齡維度,0.0,女,遷入,高雄市,4
111,6,7,土城區,,,,無年齡維度,0.0,男,遷入,高雄市,7
111,6,7,土城區,,,,無年齡維度,0.0,女,遷出,migrants,205
111,6,7,土城區,,,,無年齡維度,0.0,男,遷出,migrants,201
111,6,7,土城區,,,,無年齡維度,0.0,女,遷出,other,0
111,6,7,土城區,,,,無年齡維度,0.0,男,遷出,other,0
111,6,7,土城區,,,,無年齡維度,0.0,女,遷出,其他縣市,0
111,6,7,土城區,,,,無年齡維度,0.0,男,遷出,其他縣市,0
111,6,7,土城區,,,,無年齡維度,0.0,女,遷出,其他鄉鎮,184
111,6,7,土城區,,,,無年齡維度,0.0,男,遷出,其他鄉鎮,173
111,6,7,土城區,,,,無年齡維度,0.0,女,遷出,合計,373
111,6,7,土城區,,,,無年齡維度,0.0,男,遷出,合計,371
111,6,7,土城區,,,,無年齡維度,0.0,女,遷出,國外,21
111,6,7,土城區,,,,無年齡維度,0.0,男,遷出,國外,39
111,6,7,土城區,,,,無年齡維度,0.0,女,遷出,新北市內,0
111,6,7,土城區,,,,無年齡維度,0.0,男,遷出,新北市內,0
111,6,7,土城區,,,,無年齡維度,0.0,女,遷出,桃園市,66
111,6,7,土城區,,,,無年齡維度,0.0,男,遷出,桃園市,64
111,6,7,土城區,,,,無年齡維度,0.0,女,遷出,福建省,0
111,6,7,土城區,,,,無年齡維度,0.0,男,遷出,福建省,0
111,6,7,土城區,,,,無年齡維度,0.0,女,遷出,臺中市,7
111,6,7,土城區,,,,無年齡維度,0.0,男,遷出,臺中市,5
111,6,7,土城區,,,,無年齡維度,0.0,女,遷出,臺北市,30
111,6,7,土城區,,,,無年齡維度,0.0,男,遷出,臺北市,23
111,6,7,土城區,,,,無年齡維度,0.0,女,遷出,臺南市,1
111,6,7,土城區,,,,無年齡維度,0.0,男,遷出,臺南市,4
111,6,7,土城區,,,,無年齡維度,0.0,女,遷出,臺灣省,51
111,6,7,土城區,,,,無年齡維度,0.0,男,遷出,臺灣省,52
111,6,7,土城區,,,,無年齡維度,0.0,女,遷出,高雄市,13
111,6,7,土城區,,,,無年齡維度,0.0,男,遷出,高雄市,11
111,6,8,蘆洲區,,,,無年齡維度,0.0,女,遷入,migrants,136
111,6,8,蘆洲區,,,,無年齡維度,0.0,男,遷入,migrants,109
111,6,8,蘆洲區,,,,無年齡維度,0.0,女,遷入,other,0
111,6,8,蘆洲區,,,,無年齡維度,0.0,男,遷入,other,0
111,6,8,蘆洲區,,,,無年齡維度,0.0,女,遷入,其他縣市,0
111,6,8,蘆洲區,,,,無年齡維度,0.0,男,遷入,其他縣市,0
111,6,8,蘆洲區,,,,無年齡維度,0.0,女,遷入,其他鄉鎮,70
111,6,8,蘆洲區,,,,無年齡維度,0.0,男,遷入,其他鄉鎮,65
111,6,8,蘆洲區,,,,無年齡維度,0.0,女,遷入,合計,191
111,6,8,蘆洲區,,,,無年齡維度,0.0,男,遷入,合計,168
111,6,8,蘆洲區,,,,無年齡維度,0.0,女,遷入,國外,24
111,6,8,蘆洲區,,,,無年齡維度,0.0,男,遷入,國外,15
111,6,8,蘆洲區,,,,無年齡維度,0.0,女,遷入,新北市內,0
111,6,8,蘆洲區,,,,無年齡維度,0.0,男,遷入,新北市內,0
111,6,8,蘆洲區,,,,無年齡維度,0.0,女,遷入,桃園市,51
111,6,8,蘆洲區,,,,無年齡維度,0.0,男,遷入,桃園市,48
111,6,8,蘆洲區,,,,無年齡維度,0.0,女,遷入,福建省,0
111,6,8,蘆洲區,,,,無年齡維度,0.0,男,遷入,福建省,0
111,6,8,蘆洲區,,,,無年齡維度,0.0,女,遷入,臺中市,3
111,6,8,蘆洲區,,,,無年齡維度,0.0,男,遷入,臺中市,1
111,6,8,蘆洲區,,,,無年齡維度,0.0,女,遷入,臺北市,15
111,6,8,蘆洲區,,,,無年齡維度,0.0,男,遷入,臺北市,19
111,6,8,蘆洲區,,,,無年齡維度,0.0,女,遷入,臺南市,0
111,6,8,蘆洲區,,,,無年齡維度,0.0,男,遷入,臺南市,0
111,6,8,蘆洲區,,,,無年齡維度,0.0,女,遷入,臺灣省,23
111,6,8,蘆洲區,,,,無年齡維度,0.0,男,遷入,臺灣省,17
111,6,8,蘆洲區,,,,無年齡維度,0.0,女,遷入,高雄市,4
111,6,8,蘆洲區,,,,無年齡維度,0.0,男,遷入,高雄市,3
111,6,8,蘆洲區,,,,無年齡維度,0.0,女,遷出,migrants,136
111,6,8,蘆洲區,,,,無年齡維度,0.0,男,遷出,migrants,109
111,6,8,蘆洲區,,,,無年齡維度,0.0,女,遷出,other,0
111,6,8,蘆洲區,,,,無年齡維度,0.0,男,遷出,other,0
111,6,8,蘆洲區,,,,無年齡維度,0.0,女,遷出,其他縣市,0
111,6,8,蘆洲區,,,,無年齡維度,0.0,男,遷出,其他縣市,0
111,6,8,蘆洲區,,,,無年齡維度,0.0,女,遷出,其他鄉鎮,47
111,6,8,蘆洲區,,,,無年齡維度,0.0,男,遷出,其他鄉鎮,36
111,6,8,蘆洲區,,,,無年齡維度,0.0,女,遷出,合計,165
111,6,8,蘆洲區,,,,無年齡維度,0.0,男,遷出,合計,134
111,6,8,蘆洲區,,,,無年齡維度,0.0,女,遷出,國外,8
111,6,8,蘆洲區,,,,無年齡維度,0.0,男,遷出,國外,12
111,6,8,蘆洲區,,,,無年齡維度,0.0,女,遷出,新北市內,0
111,6,8,蘆洲區,,,,無年齡維度,0.0,男,遷出,新北市內,0
111,6,8,蘆洲區,,,,無年齡維度,0.0,女,遷出,桃園市,67
111,6,8,蘆洲區,,,,無年齡維度,0.0,男,遷出,桃園市,55
111,6,8,蘆洲區,,,,無年齡維度,0.0,女,遷出,福建省,1
111,6,8,蘆洲區,,,,無年齡維度,0.0,男,遷出,福建省,0
111,6,8,蘆洲區,,,,無年齡維度,0.0,女,遷出,臺中市,2
111,6,8,蘆洲區,,,,無年齡維度,0.0,男,遷出,臺中市,3
111,6,8,蘆洲區,,,,無年齡維度,0.0,女,遷出,臺北市,13
111,6,8,蘆洲區,,,,無年齡維度,0.0,男,遷出,臺北市,10
111,6,8,蘆洲區,,,,無年齡維度,0.0,女,遷出,臺南市,3
111,6,8,蘆洲區,,,,無年齡維度,0.0,男,遷出,臺南市,3
111,6,8,蘆洲區,,,,無年齡維度,0.0,女,遷出,臺灣省,23
111,6,8,蘆洲區,,,,無年齡維度,0.0,男,遷出,臺灣省,14
111,6,8,蘆洲區,,,,無年齡維度,0.0,女,遷出,高雄市,1
111,6,8,蘆洲區,,,,無年齡維度,0.0,男,遷出,高雄市,1
111,6,9,樹林區,,,,無年齡維度,0.0,女,遷入,migrants,152
111,6,9,樹林區,,,,無年齡維度,0.0,男,遷入,migrants,139
111,6,9,樹林區,,,,無年齡維度,0.0,女,遷入,other,0
111,6,9,樹林區,,,,無年齡維度,0.0,男,遷入,other,0
111,6,9,樹林區,,,,無年齡維度,0.0,女,遷入,其他縣市,0
111,6,9,樹林區,,,,無年齡維度,0.0,男,遷入,其他縣市,0
111,6,9,樹林區,,,,無年齡維度,0.0,女,遷入,其他鄉鎮,107
111,6,9,樹林區,,,,無年齡維度,0.0,男,遷入,其他鄉鎮,85
111,6,9,樹林區,,,,無年齡維度,0.0,女,遷入,合計,226
111,6,9,樹林區,,,,無年齡維度,0.0,男,遷入,合計,175
111,6,9,樹林區,,,,無年齡維度,0.0,女,遷入,國外,44
111,6,9,樹林區,,,,無年齡維度,0.0,男,遷入,國外,23
111,6,9,樹林區,,,,無年齡維度,0.0,女,遷入,新北市內,0
111,6,9,樹林區,,,,無年齡維度,0.0,男,遷入,新北市內,0
111,6,9,樹林區,,,,無年齡維度,0.0,女,遷入,桃園市,11
111,6,9,樹林區,,,,無年齡維度,0.0,男,遷入,桃園市,19
111,6,9,樹林區,,,,無年齡維度,0.0,女,遷入,福建省,0
111,6,9,樹林區,,,,無年齡維度,0.0,男,遷入,福建省,2
111,6,9,樹林區,,,,無年齡維度,0.0,女,遷入,臺中市,1
111,6,9,樹林區,,,,無年齡維度,0.0,男,遷入,臺中市,5
111,6,9,樹林區,,,,無年齡維度,0.0,女,遷入,臺北市,30
111,6,9,樹林區,,,,無年齡維度,0.0,男,遷入,臺北市,18
111,6,9,樹林區,,,,無年齡維度,0.0,女,遷入,臺南市,4
111,6,9,樹林區,,,,無年齡維度,0.0,男,遷入,臺南市,3
111,6,9,樹林區,,,,無年齡維度,0.0,女,遷入,臺灣省,20
111,6,9,樹林區,,,,無年齡維度,0.0,男,遷入,臺灣省,15
111,6,9,樹林區,,,,無年齡維度,0.0,女,遷入,高雄市,2
111,6,9,樹林區,,,,無年齡維度,0.0,男,遷入,高雄市,2
111,6,9,樹林區,,,,無年齡維度,0.0,女,遷出,migrants,152
111,6,9,樹林區,,,,無年齡維度,0.0,男,遷出,migrants,139
111,6,9,樹林區,,,,無年齡維度,0.0,女,遷出,other,0
111,6,9,樹林區,,,,無年齡維度,0.0,男,遷出,other,0
111,6,9,樹林區,,,,無年齡維度,0.0,女,遷出,其他縣市,0
111,6,9,樹林區,,,,無年齡維度,0.0,男,遷出,其他縣市,0
111,6,9,樹林區,,,,無年齡維度,0.0,女,遷出,其他鄉鎮,89
111,6,9,樹林區,,,,無年齡維度,0.0,男,遷出,其他鄉鎮,69
111,6,9,樹林區,,,,無年齡維度,0.0,女,遷出,合計,199
111,6,9,樹林區,,,,無年齡維度,0.0,男,遷出,合計,185
111,6,9,樹林區,,,,無年齡維度,0.0,女,遷出,國外,15
111,6,9,樹林區,,,,無年齡維度,0.0,男,遷出,國外,15
111,6,9,樹林區,,,,無年齡維度,0.0,女,遷出,新北市內,0
111,6,9,樹林區,,,,無年齡維度,0.0,男,遷出,新北市內,0
111,6,9,樹林區,,,,無年齡維度,0.0,女,遷出,桃園市,31
111,6,9,樹林區,,,,無年齡維度,0.0,男,遷出,桃園市,38
111,6,9,樹林區,,,,無年齡維度,0.0,女,遷出,福建省,1
111,6,9,樹林區,,,,無年齡維度,0.0,男,遷出,福建省,2
111,6,9,樹林區,,,,無年齡維度,0.0,女,遷出,臺中市,8
111,6,9,樹林區,,,,無年齡維度,0.0,男,遷出,臺中市,8
111,6,9,樹林區,,,,無年齡維度,0.0,女,遷出,臺北市,15
111,6,9,樹林區,,,,無年齡維度,0.0,男,遷出,臺北市,14
111,6,9,樹林區,,,,無年齡維度,0.0,女,遷出,臺南市,2
111,6,9,樹林區,,,,無年齡維度,0.0,男,遷出,臺南市,3
111,6,9,樹林區,,,,無年齡維度,0.0,女,遷出,臺灣省,35
111,6,9,樹林區,,,,無年齡維度,0.0,男,遷出,臺灣省,35
111,6,9,樹林區,,,,無年齡維度,0.0,女,遷出,高雄市,3
111,6,9,樹林區,,,,無年齡維度,0.0,男,遷出,高雄市,1
111,6,10,鶯歌區,,,,無年齡維度,0.0,女,遷入,migrants,355
111,6,10,鶯歌區,,,,無年齡維度,0.0,男,遷入,migrants,305
111,6,10,鶯歌區,,,,無年齡維度,0.0,女,遷入,other,0
111,6,10,鶯歌區,,,,無年齡維度,0.0,男,遷入,other,0
111,6,10,鶯歌區,,,,無年齡維度,0.0,女,遷入,其他縣市,0
111,6,10,鶯歌區,,,,無年齡維度,0.0,男,遷入,其他縣市,0
111,6,10,鶯歌區,,,,無年齡維度,0.0,女,遷入,其他鄉鎮,158
111,6,10,鶯歌區,,,,無年齡維度,0.0,男,遷入,其他鄉鎮,122
111,6,10,鶯歌區,,,,無年齡維度,0.0,女,遷入,合計,579
111,6,10,鶯歌區,,,,無年齡維度,0.0,男,遷入,合計,483
111,6,10,鶯歌區,,,,無年齡維度,0.0,女,遷入,國外,102
111,6,10,鶯歌區,,,,無年齡維度,0.0,男,遷入,國外,78
111,6,10,鶯歌區,,,,無年齡維度,0.0,女,遷入,新北市內,0
111,6,10,鶯歌區,,,,無年齡維度,0.0,男,遷入,新北市內,0
111,6,10,鶯歌區,,,,無年齡維度,0.0,女,遷入,桃園市,28
111,6,10,鶯歌區,,,,無年齡維度,0.0,男,遷入,桃園市,24
111,6,10,鶯歌區,,,,無年齡維度,0.0,女,遷入,福建省,4
111,6,10,鶯歌區,,,,無年齡維度,0.0,男,遷入,福建省,7
111,6,10,鶯歌區,,,,無年齡維度,0.0,女,遷入,臺中市,17
111,6,10,鶯歌區,,,,無年齡維度,0.0,男,遷入,臺中市,13
111,6,10,鶯歌區,,,,無年齡維度,0.0,女,遷入,臺北市,192
111,6,10,鶯歌區,,,,無年齡維度,0.0,男,遷入,臺北市,173
111,6,10,鶯歌區,,,,無年齡維度,0.0,女,遷入,臺南市,7
111,6,10,鶯歌區,,,,無年齡維度,0.0,男,遷入,臺南市,5
111,6,10,鶯歌區,,,,無年齡維度,0.0,女,遷入,臺灣省,53
111,6,10,鶯歌區,,,,無年齡維度,0.0,男,遷入,臺灣省,42
111,6,10,鶯歌區,,,,無年齡維度,0.0,女,遷入,高雄市,9
111,6,10,鶯歌區,,,,無年齡維度,0.0,男,遷入,高雄市,8
111,6,10,鶯歌區,,,,無年齡維度,0.0,女,遷出,migrants,355
111,6,10,鶯歌區,,,,無年齡維度,0.0,男,遷出,migrants,305
111,6,10,鶯歌區,,,,無年齡維度,0.0,女,遷出,other,0
111,6,10,鶯歌區,,,,無年齡維度,0.0,男,遷出,other,0
111,6,10,鶯歌區,,,,無年齡維度,0.0,女,遷出,其他縣市,0
111,6,10,鶯歌區,,,,無年齡維度,0.0,男,遷出,其他縣市,0
111,6,10,鶯歌區,,,,無年齡維度,0.0,女,遷出,其他鄉鎮,105
111,6,10,鶯歌區,,,,無年齡維度,0.0,男,遷出,其他鄉鎮,88
111,6,10,鶯歌區,,,,無年齡維度,0.0,女,遷出,合計,384
111,6,10,鶯歌區,,,,無年齡維度,0.0,男,遷出,合計,319
111,6,10,鶯歌區,,,,無年齡維度,0.0,女,遷出,國外,62
111,6,10,鶯歌區,,,,無年齡維度,0.0,男,遷出,國外,57
111,6,10,鶯歌區,,,,無年齡維度,0.0,女,遷出,新北市內,0
111,6,10,鶯歌區,,,,無年齡維度,0.0,男,遷出,新北市內,0
111,6,10,鶯歌區,,,,無年齡維度,0.0,女,遷出,桃園市,24
111,6,10,鶯歌區,,,,無年齡維度,0.0,男,遷出,桃園市,21
111,6,10,鶯歌區,,,,無年齡維度,0.0,女,遷出,福建省,1
111,6,10,鶯歌區,,,,無年齡維度,0.0,男,遷出,福建省,2
111,6,10,鶯歌區,,,,無年齡維度,0.0,女,遷出,臺中市,16
111,6,10,鶯歌區,,,,無年齡維度,0.0,男,遷出,臺中市,15
111,6,10,鶯歌區,,,,無年齡維度,0.0,女,遷出,臺北市,116
111,6,10,鶯歌區,,,,無年齡維度,0.0,男,遷出,臺北市,76
111,6,10,鶯歌區,,,,無年齡維度,0.0,女,遷出,臺南市,8
111,6,10,鶯歌區,,,,無年齡維度,0.0,男,遷出,臺南市,6
111,6,10,鶯歌區,,,,無年齡維度,0.0,女,遷出,臺灣省,39
111,6,10,鶯歌區,,,,無年齡維度,0.0,男,遷出,臺灣省,48
111,6,10,鶯歌區,,,,無年齡維度,0.0,女,遷出,高雄市,12
111,6,10,鶯歌區,,,,無年齡維度,0.0,男,遷出,高雄市,6
111,6,11,三峽區,,,,無年齡維度,0.0,女,遷入,migrants,299
111,6,11,三峽區,,,,無年齡維度,0.0,男,遷入,migrants,286
111,6,11,三峽區,,,,無年齡維度,0.0,女,遷入,other,0
111,6,11,三峽區,,,,無年齡維度,0.0,男,遷入,other,0
111,6,11,三峽區,,,,無年齡維度,0.0,女,遷入,其他縣市,0
111,6,11,三峽區,,,,無年齡維度,0.0,男,遷入,其他縣市,0
111,6,11,三峽區,,,,無年齡維度,0.0,女,遷入,其他鄉鎮,84
111,6,11,三峽區,,,,無年齡維度,0.0,男,遷入,其他鄉鎮,67
111,6,11,三峽區,,,,無年齡維度,0.0,女,遷入,合計,490
111,6,11,三峽區,,,,無年齡維度,0.0,男,遷入,合計,429
111,6,11,三峽區,,,,無年齡維度,0.0,女,遷入,國外,52
111,6,11,三峽區,,,,無年齡維度,0.0,男,遷入,國外,33
111,6,11,三峽區,,,,無年齡維度,0.0,女,遷入,新北市內,0
111,6,11,三峽區,,,,無年齡維度,0.0,男,遷入,新北市內,0
111,6,11,三峽區,,,,無年齡維度,0.0,女,遷入,桃園市,24
111,6,11,三峽區,,,,無年齡維度,0.0,男,遷入,桃園市,16
111,6,11,三峽區,,,,無年齡維度,0.0,女,遷入,福建省,2
111,6,11,三峽區,,,,無年齡維度,0.0,男,遷入,福建省,3
111,6,11,三峽區,,,,無年齡維度,0.0,女,遷入,臺中市,12
111,6,11,三峽區,,,,無年齡維度,0.0,男,遷入,臺中市,8
111,6,11,三峽區,,,,無年齡維度,0.0,女,遷入,臺北市,234
111,6,11,三峽區,,,,無年齡維度,0.0,男,遷入,臺北市,227
111,6,11,三峽區,,,,無年齡維度,0.0,女,遷入,臺南市,6
111,6,11,三峽區,,,,無年齡維度,0.0,男,遷入,臺南市,4
111,6,11,三峽區,,,,無年齡維度,0.0,女,遷入,臺灣省,67
111,6,11,三峽區,,,,無年齡維度,0.0,男,遷入,臺灣省,60
111,6,11,三峽區,,,,無年齡維度,0.0,女,遷入,高雄市,4
111,6,11,三峽區,,,,無年齡維度,0.0,男,遷入,高雄市,9
111,6,11,三峽區,,,,無年齡維度,0.0,女,遷出,migrants,299
111,6,11,三峽區,,,,無年齡維度,0.0,男,遷出,migrants,286
111,6,11,三峽區,,,,無年齡維度,0.0,女,遷出,other,0
111,6,11,三峽區,,,,無年齡維度,0.0,男,遷出,other,0
111,6,11,三峽區,,,,無年齡維度,0.0,女,遷出,其他縣市,0
111,6,11,三峽區,,,,無年齡維度,0.0,男,遷出,其他縣市,0
111,6,11,三峽區,,,,無年齡維度,0.0,女,遷出,其他鄉鎮,78
111,6,11,三峽區,,,,無年齡維度,0.0,男,遷出,其他鄉鎮,59
111,6,11,三峽區,,,,無年齡維度,0.0,女,遷出,合計,555
111,6,11,三峽區,,,,無年齡維度,0.0,男,遷出,合計,522
111,6,11,三峽區,,,,無年齡維度,0.0,女,遷出,國外,130
111,6,11,三峽區,,,,無年齡維度,0.0,男,遷出,國外,141
111,6,11,三峽區,,,,無年齡維度,0.0,女,遷出,新北市內,0
111,6,11,三峽區,,,,無年齡維度,0.0,男,遷出,新北市內,0
111,6,11,三峽區,,,,無年齡維度,0.0,女,遷出,桃園市,31
111,6,11,三峽區,,,,無年齡維度,0.0,男,遷出,桃園市,25
111,6,11,三峽區,,,,無年齡維度,0.0,女,遷出,福建省,0
111,6,11,三峽區,,,,無年齡維度,0.0,男,遷出,福建省,1
111,6,11,三峽區,,,,無年齡維度,0.0,女,遷出,臺中市,11
111,6,11,三峽區,,,,無年齡維度,0.0,男,遷出,臺中市,9
111,6,11,三峽區,,,,無年齡維度,0.0,女,遷出,臺北市,190
111,6,11,三峽區,,,,無年齡維度,0.0,男,遷出,臺北市,167
111,6,11,三峽區,,,,無年齡維度,0.0,女,遷出,臺南市,9
111,6,11,三峽區,,,,無年齡維度,0.0,男,遷出,臺南市,11
111,6,11,三峽區,,,,無年齡維度,0.0,女,遷出,臺灣省,98
111,6,11,三峽區,,,,無年齡維度,0.0,男,遷出,臺灣省,103
111,6,11,三峽區,,,,無年齡維度,0.0,女,遷出,高雄市,8
111,6,11,三峽區,,,,無年齡維度,0.0,男,遷出,高雄市,6
111,6,12,淡水區,,,,無年齡維度,0.0,女,遷入,migrants,26
111,6,12,淡水區,,,,無年齡維度,0.0,男,遷入,migrants,29
111,6,12,淡水區,,,,無年齡維度,0.0,女,遷入,other,0
111,6,12,淡水區,,,,無年齡維度,0.0,男,遷入,other,0
111,6,12,淡水區,,,,無年齡維度,0.0,女,遷入,其他縣市,0
111,6,12,淡水區,,,,無年齡維度,0.0,男,遷入,其他縣市,0
111,6,12,淡水區,,,,無年齡維度,0.0,女,遷入,其他鄉鎮,19
111,6,12,淡水區,,,,無年齡維度,0.0,男,遷入,其他鄉鎮,19
111,6,12,淡水區,,,,無年齡維度,0.0,女,遷入,合計,63
111,6,12,淡水區,,,,無年齡維度,0.0,男,遷入,合計,55
111,6,12,淡水區,,,,無年齡維度,0.0,女,遷入,國外,3
111,6,12,淡水區,,,,無年齡維度,0.0,男,遷入,國外,5
111,6,12,淡水區,,,,無年齡維度,0.0,女,遷入,新北市內,0
111,6,12,淡水區,,,,無年齡維度,0.0,男,遷入,新北市內,0
111,6,12,淡水區,,,,無年齡維度,0.0,女,遷入,桃園市,4
111,6,12,淡水區,,,,無年齡維度,0.0,男,遷入,桃園市,5
111,6,12,淡水區,,,,無年齡維度,0.0,女,遷入,福建省,1
111,6,12,淡水區,,,,無年齡維度,0.0,男,遷入,福建省,0
111,6,12,淡水區,,,,無年齡維度,0.0,女,遷入,臺中市,0
111,6,12,淡水區,,,,無年齡維度,0.0,男,遷入,臺中市,2
111,6,12,淡水區,,,,無年齡維度,0.0,女,遷入,臺北市,11
111,6,12,淡水區,,,,無年齡維度,0.0,男,遷入,臺北市,10
111,6,12,淡水區,,,,無年齡維度,0.0,女,遷入,臺南市,1
111,6,12,淡水區,,,,無年齡維度,0.0,男,遷入,臺南市,0
111,6,12,淡水區,,,,無年齡維度,0.0,女,遷入,臺灣省,20
111,6,12,淡水區,,,,無年齡維度,0.0,男,遷入,臺灣省,14
111,6,12,淡水區,,,,無年齡維度,0.0,女,遷入,高雄市,0
111,6,12,淡水區,,,,無年齡維度,0.0,男,遷入,高雄市,0
111,6,12,淡水區,,,,無年齡維度,0.0,女,遷出,migrants,26
111,6,12,淡水區,,,,無年齡維度,0.0,男,遷出,migrants,29
111,6,12,淡水區,,,,無年齡維度,0.0,女,遷出,other,0
111,6,12,淡水區,,,,無年齡維度,0.0,男,遷出,other,0
111,6,12,淡水區,,,,無年齡維度,0.0,女,遷出,其他縣市,0
111,6,12,淡水區,,,,無年齡維度,0.0,男,遷出,其他縣市,0
111,6,12,淡水區,,,,無年齡維度,0.0,女,遷出,其他鄉鎮,14
111,6,12,淡水區,,,,無年齡維度,0.0,男,遷出,其他鄉鎮,13
111,6,12,淡水區,,,,無年齡維度,0.0,女,遷出,合計,72
111,6,12,淡水區,,,,無年齡維度,0.0,男,遷出,合計,73
111,6,12,淡水區,,,,無年齡維度,0.0,女,遷出,國外,9
111,6,12,淡水區,,,,無年齡維度,0.0,男,遷出,國外,12
111,6,12,淡水區,,,,無年齡維度,0.0,女,遷出,新北市內,0
111,6,12,淡水區,,,,無年齡維度,0.0,男,遷出,新北市內,0
111,6,12,淡水區,,,,無年齡維度,0.0,女,遷出,桃園市,4
111,6,12,淡水區,,,,無年齡維度,0.0,男,遷出,桃園市,8
111,6,12,淡水區,,,,無年齡維度,0.0,女,遷出,福建省,1
111,6,12,淡水區,,,,無年齡維度,0.0,男,遷出,福建省,0
111,6,12,淡水區,,,,無年齡維度,0.0,女,遷出,臺中市,4
111,6,12,淡水區,,,,無年齡維度,0.0,男,遷出,臺中市,1
111,6,12,淡水區,,,,無年齡維度,0.0,女,遷出,臺北市,9
111,6,12,淡水區,,,,無年齡維度,0.0,男,遷出,臺北市,9
111,6,12,淡水區,,,,無年齡維度,0.0,女,遷出,臺南市,0
111,6,12,淡水區,,,,無年齡維度,0.0,男,遷出,臺南市,0
111,6,12,淡水區,,,,無年齡維度,0.0,女,遷出,臺灣省,30
111,6,12,淡水區,,,,無年齡維度,0.0,男,遷出,臺灣省,29
111,6,12,淡水區,,,,無年齡維度,0.0,女,遷出,高雄市,1
111,6,12,淡水區,,,,無年齡維度,0.0,男,遷出,高雄市,1
111,6,13,汐止區,,,,無年齡維度,0.0,女,遷入,migrants,314
111,6,13,汐止區,,,,無年齡維度,0.0,男,遷入,migrants,284
111,6,13,汐止區,,,,無年齡維度,0.0,女,遷入,other,0
111,6,13,汐止區,,,,無年齡維度,0.0,男,遷入,other,0
111,6,13,汐止區,,,,無年齡維度,0.0,女,遷入,其他縣市,0
111,6,13,汐止區,,,,無年齡維度,0.0,男,遷入,其他縣市,0
111,6,13,汐止區,,,,無年齡維度,0.0,女,遷入,其他鄉鎮,230
111,6,13,汐止區,,,,無年齡維度,0.0,男,遷入,其他鄉鎮,190
111,6,13,汐止區,,,,無年齡維度,0.0,女,遷入,合計,447
111,6,13,汐止區,,,,無年齡維度,0.0,男,遷入,合計,349
111,6,13,汐止區,,,,無年齡維度,0.0,女,遷入,國外,49
111,6,13,汐止區,,,,無年齡維度,0.0,男,遷入,國外,29
111,6,13,汐止區,,,,無年齡維度,0.0,女,遷入,新北市內,0
111,6,13,汐止區,,,,無年齡維度,0.0,男,遷入,新北市內,0
111,6,13,汐止區,,,,無年齡維度,0.0,女,遷入,桃園市,33
111,6,13,汐止區,,,,無年齡維度,0.0,男,遷入,桃園市,27
111,6,13,汐止區,,,,無年齡維度,0.0,女,遷入,福建省,4
111,6,13,汐止區,,,,無年齡維度,0.0,男,遷入,福建省,3
111,6,13,汐止區,,,,無年齡維度,0.0,女,遷入,臺中市,11
111,6,13,汐止區,,,,無年齡維度,0.0,男,遷入,臺中市,10
111,6,13,汐止區,,,,無年齡維度,0.0,女,遷入,臺北市,67
111,6,13,汐止區,,,,無年齡維度,0.0,男,遷入,臺北市,59
111,6,13,汐止區,,,,無年齡維度,0.0,女,遷入,臺南市,7
111,6,13,汐止區,,,,無年齡維度,0.0,男,遷入,臺南市,4
111,6,13,汐止區,,,,無年齡維度,0.0,女,遷入,臺灣省,31
111,6,13,汐止區,,,,無年齡維度,0.0,男,遷入,臺灣省,19
111,6,13,汐止區,,,,無年齡維度,0.0,女,遷入,高雄市,9
111,6,13,汐止區,,,,無年齡維度,0.0,男,遷入,高雄市,4
111,6,13,汐止區,,,,無年齡維度,0.0,女,遷出,migrants,314
111,6,13,汐止區,,,,無年齡維度,0.0,男,遷出,migrants,284
111,6,13,汐止區,,,,無年齡維度,0.0,女,遷出,other,0
111,6,13,汐止區,,,,無年齡維度,0.0,男,遷出,other,0
111,6,13,汐止區,,,,無年齡維度,0.0,女,遷出,其他縣市,0
111,6,13,汐止區,,,,無年齡維度,0.0,男,遷出,其他縣市,0
111,6,13,汐止區,,,,無年齡維度,0.0,女,遷出,其他鄉鎮,190
111,6,13,汐止區,,,,無年齡維度,0.0,男,遷出,其他鄉鎮,173
111,6,13,汐止區,,,,無年齡維度,0.0,女,遷出,合計,380
111,6,13,汐止區,,,,無年齡維度,0.0,男,遷出,合計,347
111,6,13,汐止區,,,,無年齡維度,0.0,女,遷出,國外,22
111,6,13,汐止區,,,,無年齡維度,0.0,男,遷出,國外,25
111,6,13,汐止區,,,,無年齡維度,0.0,女,遷出,新北市內,0
111,6,13,汐止區,,,,無年齡維度,0.0,男,遷出,新北市內,0
111,6,13,汐止區,,,,無年齡維度,0.0,女,遷出,桃園市,45
111,6,13,汐止區,,,,無年齡維度,0.0,男,遷出,桃園市,47
111,6,13,汐止區,,,,無年齡維度,0.0,女,遷出,福建省,1
111,6,13,汐止區,,,,無年齡維度,0.0,男,遷出,福建省,4
111,6,13,汐止區,,,,無年齡維度,0.0,女,遷出,臺中市,12
111,6,13,汐止區,,,,無年齡維度,0.0,男,遷出,臺中市,7
111,6,13,汐止區,,,,無年齡維度,0.0,女,遷出,臺北市,52
111,6,13,汐止區,,,,無年齡維度,0.0,男,遷出,臺北市,29
111,6,13,汐止區,,,,無年齡維度,0.0,女,遷出,臺南市,6
111,6,13,汐止區,,,,無年齡維度,0.0,男,遷出,臺南市,6
111,6,13,汐止區,,,,無年齡維度,0.0,女,遷出,臺灣省,44
111,6,13,汐止區,,,,無年齡維度,0.0,男,遷出,臺灣省,50
111,6,13,汐止區,,,,無年齡維度,0.0,女,遷出,高雄市,7
111,6,13,汐止區,,,,無年齡維度,0.0,男,遷出,高雄市,6
111,6,14,瑞芳區,,,,無年齡維度,0.0,女,遷入,migrants,240
111,6,14,瑞芳區,,,,無年齡維度,0.0,男,遷入,migrants,195
111,6,14,瑞芳區,,,,無年齡維度,0.0,女,遷入,other,0
111,6,14,瑞芳區,,,,無年齡維度,0.0,男,遷入,other,0
111,6,14,瑞芳區,,,,無年齡維度,0.0,女,遷入,其他縣市,0
111,6,14,瑞芳區,,,,無年齡維度,0.0,男,遷入,其他縣市,0
111,6,14,瑞芳區,,,,無年齡維度,0.0,女,遷入,其他鄉鎮,159
111,6,14,瑞芳區,,,,無年齡維度,0.0,男,遷入,其他鄉鎮,116
111,6,14,瑞芳區,,,,無年齡維度,0.0,女,遷入,合計,348
111,6,14,瑞芳區,,,,無年齡維度,0.0,男,遷入,合計,291
111,6,14,瑞芳區,,,,無年齡維度,0.0,女,遷入,國外,37
111,6,14,瑞芳區,,,,無年齡維度,0.0,男,遷入,國外,35
111,6,14,瑞芳區,,,,無年齡維度,0.0,女,遷入,新北市內,0
111,6,14,瑞芳區,,,,無年齡維度,0.0,男,遷入,新北市內,0
111,6,14,瑞芳區,,,,無年齡維度,0.0,女,遷入,桃園市,16
111,6,14,瑞芳區,,,,無年齡維度,0.0,男,遷入,桃園市,19
111,6,14,瑞芳區,,,,無年齡維度,0.0,女,遷入,福建省,0
111,6,14,瑞芳區,,,,無年齡維度,0.0,男,遷入,福建省,2
111,6,14,瑞芳區,,,,無年齡維度,0.0,女,遷入,臺中市,9
111,6,14,瑞芳區,,,,無年齡維度,0.0,男,遷入,臺中市,6
111,6,14,瑞芳區,,,,無年齡維度,0.0,女,遷入,臺北市,86
111,6,14,瑞芳區,,,,無年齡維度,0.0,男,遷入,臺北市,75
111,6,14,瑞芳區,,,,無年齡維度,0.0,女,遷入,臺南市,5
111,6,14,瑞芳區,,,,無年齡維度,0.0,男,遷入,臺南市,1
111,6,14,瑞芳區,,,,無年齡維度,0.0,女,遷入,臺灣省,23
111,6,14,瑞芳區,,,,無年齡維度,0.0,男,遷入,臺灣省,30
111,6,14,瑞芳區,,,,無年齡維度,0.0,女,遷入,高雄市,10
111,6,14,瑞芳區,,,,無年齡維度,0.0,男,遷入,高雄市,5
111,6,14,瑞芳區,,,,無年齡維度,0.0,女,遷出,migrants,240
111,6,14,瑞芳區,,,,無年齡維度,0.0,男,遷出,migrants,195
111,6,14,瑞芳區,,,,無年齡維度,0.0,女,遷出,other,0
111,6,14,瑞芳區,,,,無年齡維度,0.0,男,遷出,other,0
111,6,14,瑞芳區,,,,無年齡維度,0.0,女,遷出,其他縣市,0
111,6,14,瑞芳區,,,,無年齡維度,0.0,男,遷出,其他縣市,0
111,6,14,瑞芳區,,,,無年齡維度,0.0,女,遷出,其他鄉鎮,221
111,6,14,瑞芳區,,,,無年齡維度,0.0,男,遷出,其他鄉鎮,202
111,6,14,瑞芳區,,,,無年齡維度,0.0,女,遷出,合計,458
111,6,14,瑞芳區,,,,無年齡維度,0.0,男,遷出,合計,383
111,6,14,瑞芳區,,,,無年齡維度,0.0,女,遷出,國外,25
111,6,14,瑞芳區,,,,無年齡維度,0.0,男,遷出,國外,14
111,6,14,瑞芳區,,,,無年齡維度,0.0,女,遷出,新北市內,0
111,6,14,瑞芳區,,,,無年齡維度,0.0,男,遷出,新北市內,0
111,6,14,瑞芳區,,,,無年齡維度,0.0,女,遷出,桃園市,43
111,6,14,瑞芳區,,,,無年齡維度,0.0,男,遷出,桃園市,38
111,6,14,瑞芳區,,,,無年齡維度,0.0,女,遷出,福建省,2
111,6,14,瑞芳區,,,,無年齡維度,0.0,男,遷出,福建省,0
111,6,14,瑞芳區,,,,無年齡維度,0.0,女,遷出,臺中市,10
111,6,14,瑞芳區,,,,無年齡維度,0.0,男,遷出,臺中市,9
111,6,14,瑞芳區,,,,無年齡維度,0.0,女,遷出,臺北市,98
111,6,14,瑞芳區,,,,無年齡維度,0.0,男,遷出,臺北市,71
111,6,14,瑞芳區,,,,無年齡維度,0.0,女,遷出,臺南市,3
111,6,14,瑞芳區,,,,無年齡維度,0.0,男,遷出,臺南市,8
111,6,14,瑞芳區,,,,無年齡維度,0.0,女,遷出,臺灣省,46
111,6,14,瑞芳區,,,,無年齡維度,0.0,男,遷出,臺灣省,39
111,6,14,瑞芳區,,,,無年齡維度,0.0,女,遷出,高雄市,10
111,6,14,瑞芳區,,,,無年齡維度,0.0,男,遷出,高雄市,2
111,6,15,五股區,,,,無年齡維度,0.0,女,遷入,migrants,90
111,6,15,五股區,,,,無年齡維度,0.0,男,遷入,migrants,99
111,6,15,五股區,,,,無年齡維度,0.0,女,遷入,other,0
111,6,15,五股區,,,,無年齡維度,0.0,男,遷入,other,0
111,6,15,五股區,,,,無年齡維度,0.0,女,遷入,其他縣市,0
111,6,15,五股區,,,,無年齡維度,0.0,男,遷入,其他縣市,0
111,6,15,五股區,,,,無年齡維度,0.0,女,遷入,其他鄉鎮,131
111,6,15,五股區,,,,無年齡維度,0.0,男,遷入,其他鄉鎮,104
111,6,15,五股區,,,,無年齡維度,0.0,女,遷入,合計,233
111,6,15,五股區,,,,無年齡維度,0.0,男,遷入,合計,211
111,6,15,五股區,,,,無年齡維度,0.0,女,遷入,國外,24
111,6,15,五股區,,,,無年齡維度,0.0,男,遷入,國外,23
111,6,15,五股區,,,,無年齡維度,0.0,女,遷入,新北市內,0
111,6,15,五股區,,,,無年齡維度,0.0,男,遷入,新北市內,0
111,6,15,五股區,,,,無年齡維度,0.0,女,遷入,桃園市,11
111,6,15,五股區,,,,無年齡維度,0.0,男,遷入,桃園市,14
111,6,15,五股區,,,,無年齡維度,0.0,女,遷入,福建省,1
111,6,15,五股區,,,,無年齡維度,0.0,男,遷入,福建省,3
111,6,15,五股區,,,,無年齡維度,0.0,女,遷入,臺中市,1
111,6,15,五股區,,,,無年齡維度,0.0,男,遷入,臺中市,3
111,6,15,五股區,,,,無年齡維度,0.0,女,遷入,臺北市,38
111,6,15,五股區,,,,無年齡維度,0.0,男,遷入,臺北市,40
111,6,15,五股區,,,,無年齡維度,0.0,女,遷入,臺南市,3
111,6,15,五股區,,,,無年齡維度,0.0,男,遷入,臺南市,5
111,6,15,五股區,,,,無年齡維度,0.0,女,遷入,臺灣省,21
111,6,15,五股區,,,,無年齡維度,0.0,男,遷入,臺灣省,16
111,6,15,五股區,,,,無年齡維度,0.0,女,遷入,高雄市,0
111,6,15,五股區,,,,無年齡維度,0.0,男,遷入,高雄市,3
111,6,15,五股區,,,,無年齡維度,0.0,女,遷出,migrants,90
111,6,15,五股區,,,,無年齡維度,0.0,男,遷出,migrants,99
111,6,15,五股區,,,,無年齡維度,0.0,女,遷出,other,0
111,6,15,五股區,,,,無年齡維度,0.0,男,遷出,other,0
111,6,15,五股區,,,,無年齡維度,0.0,女,遷出,其他縣市,0
111,6,15,五股區,,,,無年齡維度,0.0,男,遷出,其他縣市,0
111,6,15,五股區,,,,無年齡維度,0.0,女,遷出,其他鄉鎮,95
111,6,15,五股區,,,,無年齡維度,0.0,男,遷出,其他鄉鎮,90
111,6,15,五股區,,,,無年齡維度,0.0,女,遷出,合計,177
111,6,15,五股區,,,,無年齡維度,0.0,男,遷出,合計,179
111,6,15,五股區,,,,無年齡維度,0.0,女,遷出,國外,11
111,6,15,五股區,,,,無年齡維度,0.0,男,遷出,國外,16
111,6,15,五股區,,,,無年齡維度,0.0,女,遷出,新北市內,0
111,6,15,五股區,,,,無年齡維度,0.0,男,遷出,新北市內,0
111,6,15,五股區,,,,無年齡維度,0.0,女,遷出,桃園市,15
111,6,15,五股區,,,,無年齡維度,0.0,男,遷出,桃園市,15
111,6,15,五股區,,,,無年齡維度,0.0,女,遷出,福建省,0
111,6,15,五股區,,,,無年齡維度,0.0,男,遷出,福建省,0
111,6,15,五股區,,,,無年齡維度,0.0,女,遷出,臺中市,3
111,6,15,五股區,,,,無年齡維度,0.0,男,遷出,臺中市,2
111,6,15,五股區,,,,無年齡維度,0.0,女,遷出,臺北市,25
111,6,15,五股區,,,,無年齡維度,0.0,男,遷出,臺北市,19
111,6,15,五股區,,,,無年齡維度,0.0,女,遷出,臺南市,4
111,6,15,五股區,,,,無年齡維度,0.0,男,遷出,臺南市,5
111,6,15,五股區,,,,無年齡維度,0.0,女,遷出,臺灣省,20
111,6,15,五股區,,,,無年齡維度,0.0,男,遷出,臺灣省,29
111,6,15,五股區,,,,無年齡維度,0.0,女,遷出,高雄市,4
111,6,15,五股區,,,,無年齡維度,0.0,男,遷出,高雄市,3
111,6,16,泰山區,,,,無年齡維度,0.0,女,遷入,migrants,87
111,6,16,泰山區,,,,無年齡維度,0.0,男,遷入,migrants,51
111,6,16,泰山區,,,,無年齡維度,0.0,女,遷入,other,0
111,6,16,泰山區,,,,無年齡維度,0.0,男,遷入,other,0
111,6,16,泰山區,,,,無年齡維度,0.0,女,遷入,其他縣市,0
111,6,16,泰山區,,,,無年齡維度,0.0,男,遷入,其他縣市,0
111,6,16,泰山區,,,,無年齡維度,0.0,女,遷入,其他鄉鎮,107
111,6,16,泰山區,,,,無年齡維度,0.0,男,遷入,其他鄉鎮,84
111,6,16,泰山區,,,,無年齡維度,0.0,女,遷入,合計,172
111,6,16,泰山區,,,,無年齡維度,0.0,男,遷入,合計,132
111,6,16,泰山區,,,,無年齡維度,0.0,女,遷入,國外,16
111,6,16,泰山區,,,,無年齡維度,0.0,男,遷入,國外,9
111,6,16,泰山區,,,,無年齡維度,0.0,女,遷入,新北市內,0
111,6,16,泰山區,,,,無年齡維度,0.0,男,遷入,新北市內,0
111,6,16,泰山區,,,,無年齡維度,0.0,女,遷入,桃園市,9
111,6,16,泰山區,,,,無年齡維度,0.0,男,遷入,桃園市,11
111,6,16,泰山區,,,,無年齡維度,0.0,女,遷入,福建省,0
111,6,16,泰山區,,,,無年齡維度,0.0,男,遷入,福建省,1
111,6,16,泰山區,,,,無年齡維度,0.0,女,遷入,臺中市,3
111,6,16,泰山區,,,,無年齡維度,0.0,男,遷入,臺中市,4
111,6,16,泰山區,,,,無年齡維度,0.0,女,遷入,臺北市,20
111,6,16,泰山區,,,,無年齡維度,0.0,男,遷入,臺北市,11
111,6,16,泰山區,,,,無年齡維度,0.0,女,遷入,臺南市,0
111,6,16,泰山區,,,,無年齡維度,0.0,男,遷入,臺南市,1
111,6,16,泰山區,,,,無年齡維度,0.0,女,遷入,臺灣省,11
111,6,16,泰山區,,,,無年齡維度,0.0,男,遷入,臺灣省,9
111,6,16,泰山區,,,,無年齡維度,0.0,女,遷入,高雄市,3
111,6,16,泰山區,,,,無年齡維度,0.0,男,遷入,高雄市,1
111,6,16,泰山區,,,,無年齡維度,0.0,女,遷出,migrants,87
111,6,16,泰山區,,,,無年齡維度,0.0,男,遷出,migrants,51
111,6,16,泰山區,,,,無年齡維度,0.0,女,遷出,other,0
111,6,16,泰山區,,,,無年齡維度,0.0,男,遷出,other,0
111,6,16,泰山區,,,,無年齡維度,0.0,女,遷出,其他縣市,0
111,6,16,泰山區,,,,無年齡維度,0.0,男,遷出,其他縣市,0
111,6,16,泰山區,,,,無年齡維度,0.0,女,遷出,其他鄉鎮,95
111,6,16,泰山區,,,,無年齡維度,0.0,男,遷出,其他鄉鎮,64
111,6,16,泰山區,,,,無年齡維度,0.0,女,遷出,合計,180
111,6,16,泰山區,,,,無年齡維度,0.0,男,遷出,合計,129
111,6,16,泰山區,,,,無年齡維度,0.0,女,遷出,國外,6
111,6,16,泰山區,,,,無年齡維度,0.0,男,遷出,國外,7
111,6,16,泰山區,,,,無年齡維度,0.0,女,遷出,新北市內,0
111,6,16,泰山區,,,,無年齡維度,0.0,男,遷出,新北市內,0
111,6,16,泰山區,,,,無年齡維度,0.0,女,遷出,桃園市,30
111,6,16,泰山區,,,,無年齡維度,0.0,男,遷出,桃園市,25
111,6,16,泰山區,,,,無年齡維度,0.0,女,遷出,福建省,1
111,6,16,泰山區,,,,無年齡維度,0.0,男,遷出,福建省,0
111,6,16,泰山區,,,,無年齡維度,0.0,女,遷出,臺中市,1
111,6,16,泰山區,,,,無年齡維度,0.0,男,遷出,臺中市,1
111,6,16,泰山區,,,,無年齡維度,0.0,女,遷出,臺北市,21
111,6,16,泰山區,,,,無年齡維度,0.0,男,遷出,臺北市,14
111,6,16,泰山區,,,,無年齡維度,0.0,女,遷出,臺南市,3
111,6,16,泰山區,,,,無年齡維度,0.0,男,遷出,臺南市,1
111,6,16,泰山區,,,,無年齡維度,0.0,女,遷出,臺灣省,20
111,6,16,泰山區,,,,無年齡維度,0.0,男,遷出,臺灣省,15
111,6,16,泰山區,,,,無年齡維度,0.0,女,遷出,高雄市,3
111,6,16,泰山區,,,,無年齡維度,0.0,男,遷出,高雄市,2
111,6,17,林口區,,,,無年齡維度,0.0,女,遷入,migrants,232
111,6,17,林口區,,,,無年齡維度,0.0,男,遷入,migrants,218
111,6,17,林口區,,,,無年齡維度,0.0,女,遷入,other,0
111,6,17,林口區,,,,無年齡維度,0.0,男,遷入,other,0
111,6,17,林口區,,,,無年齡維度,0.0,女,遷入,其他縣市,0
111,6,17,林口區,,,,無年齡維度,0.0,男,遷入,其他縣市,0
111,6,17,林口區,,,,無年齡維度,0.0,女,遷入,其他鄉鎮,111
111,6,17,林口區,,,,無年齡維度,0.0,男,遷入,其他鄉鎮,100
111,6,17,林口區,,,,無年齡維度,0.0,女,遷入,合計,430
111,6,17,林口區,,,,無年齡維度,0.0,男,遷入,合計,344
111,6,17,林口區,,,,無年齡維度,0.0,女,遷入,國外,75
111,6,17,林口區,,,,無年齡維度,0.0,男,遷入,國外,46
111,6,17,林口區,,,,無年齡維度,0.0,女,遷入,新北市內,0
111,6,17,林口區,,,,無年齡維度,0.0,男,遷入,新北市內,0
111,6,17,林口區,,,,無年齡維度,0.0,女,遷入,桃園市,85
111,6,17,林口區,,,,無年齡維度,0.0,男,遷入,桃園市,68
111,6,17,林口區,,,,無年齡維度,0.0,女,遷入,福建省,2
111,6,17,林口區,,,,無年齡維度,0.0,男,遷入,福建省,2
111,6,17,林口區,,,,無年齡維度,0.0,女,遷入,臺中市,11
111,6,17,林口區,,,,無年齡維度,0.0,男,遷入,臺中市,8
111,6,17,林口區,,,,無年齡維度,0.0,女,遷入,臺北市,88
111,6,17,林口區,,,,無年齡維度,0.0,男,遷入,臺北市,95
111,6,17,林口區,,,,無年齡維度,0.0,女,遷入,臺南市,8
111,6,17,林口區,,,,無年齡維度,0.0,男,遷入,臺南市,5
111,6,17,林口區,,,,無年齡維度,0.0,女,遷入,臺灣省,35
111,6,17,林口區,,,,無年齡維度,0.0,男,遷入,臺灣省,16
111,6,17,林口區,,,,無年齡維度,0.0,女,遷入,高雄市,10
111,6,17,林口區,,,,無年齡維度,0.0,男,遷入,高雄市,1
111,6,17,林口區,,,,無年齡維度,0.0,女,遷出,migrants,232
111,6,17,林口區,,,,無年齡維度,0.0,男,遷出,migrants,218
111,6,17,林口區,,,,無年齡維度,0.0,女,遷出,other,0
111,6,17,林口區,,,,無年齡維度,0.0,男,遷出,other,0
111,6,17,林口區,,,,無年齡維度,0.0,女,遷出,其他縣市,0
111,6,17,林口區,,,,無年齡維度,0.0,男,遷出,其他縣市,0
111,6,17,林口區,,,,無年齡維度,0.0,女,遷出,其他鄉鎮,59
111,6,17,林口區,,,,無年齡維度,0.0,男,遷出,其他鄉鎮,37
111,6,17,林口區,,,,無年齡維度,0.0,女,遷出,合計,271
111,6,17,林口區,,,,無年齡維度,0.0,男,遷出,合計,213
111,6,17,林口區,,,,無年齡維度,0.0,女,遷出,國外,25
111,6,17,林口區,,,,無年齡維度,0.0,男,遷出,國外,25
111,6,17,林口區,,,,無年齡維度,0.0,女,遷出,新北市內,0
111,6,17,林口區,,,,無年齡維度,0.0,男,遷出,新北市內,0
111,6,17,林口區,,,,無年齡維度,0.0,女,遷出,桃園市,88
111,6,17,林口區,,,,無年齡維度,0.0,男,遷出,桃園市,60
111,6,17,林口區,,,,無年齡維度,0.0,女,遷出,福建省,1
111,6,17,林口區,,,,無年齡維度,0.0,男,遷出,福建省,0
111,6,17,林口區,,,,無年齡維度,0.0,女,遷出,臺中市,4
111,6,17,林口區,,,,無年齡維度,0.0,男,遷出,臺中市,10
111,6,17,林口區,,,,無年齡維度,0.0,女,遷出,臺北市,49
111,6,17,林口區,,,,無年齡維度,0.0,男,遷出,臺北市,51
111,6,17,林口區,,,,無年齡維度,0.0,女,遷出,臺南市,6
111,6,17,林口區,,,,無年齡維度,0.0,男,遷出,臺南市,2
111,6,17,林口區,,,,無年齡維度,0.0,女,遷出,臺灣省,30
111,6,17,林口區,,,,無年齡維度,0.0,男,遷出,臺灣省,23
111,6,17,林口區,,,,無年齡維度,0.0,女,遷出,高雄市,9
111,6,17,林口區,,,,無年齡維度,0.0,男,遷出,高雄市,5
111,6,18,八里區,,,,無年齡維度,0.0,女,遷入,migrants,24
111,6,18,八里區,,,,無年齡維度,0.0,男,遷入,migrants,22
111,6,18,八里區,,,,無年齡維度,0.0,女,遷入,other,0
111,6,18,八里區,,,,無年齡維度,0.0,男,遷入,other,0
111,6,18,八里區,,,,無年齡維度,0.0,女,遷入,其他縣市,0
111,6,18,八里區,,,,無年齡維度,0.0,男,遷入,其他縣市,0
111,6,18,八里區,,,,無年齡維度,0.0,女,遷入,其他鄉鎮,16
111,6,18,八里區,,,,無年齡維度,0.0,男,遷入,其他鄉鎮,12
111,6,18,八里區,,,,無年齡維度,0.0,女,遷入,合計,52
111,6,18,八里區,,,,無年齡維度,0.0,男,遷入,合計,54
111,6,18,八里區,,,,無年齡維度,0.0,女,遷入,國外,9
111,6,18,八里區,,,,無年齡維度,0.0,男,遷入,國外,5
111,6,18,八里區,,,,無年齡維度,0.0,女,遷入,新北市內,0
111,6,18,八里區,,,,無年齡維度,0.0,男,遷入,新北市內,0
111,6,18,八里區,,,,無年齡維度,0.0,女,遷入,桃園市,4
111,6,18,八里區,,,,無年齡維度,0.0,男,遷入,桃園市,4
111,6,18,八里區,,,,無年齡維度,0.0,女,遷入,福建省,0
111,6,18,八里區,,,,無年齡維度,0.0,男,遷入,福建省,0
111,6,18,八里區,,,,無年齡維度,0.0,女,遷入,臺中市,0
111,6,18,八里區,,,,無年齡維度,0.0,男,遷入,臺中市,1
111,6,18,八里區,,,,無年齡維度,0.0,女,遷入,臺北市,14
111,6,18,八里區,,,,無年齡維度,0.0,男,遷入,臺北市,22
111,6,18,八里區,,,,無年齡維度,0.0,女,遷入,臺南市,0
111,6,18,八里區,,,,無年齡維度,0.0,男,遷入,臺南市,0
111,6,18,八里區,,,,無年齡維度,0.0,女,遷入,臺灣省,5
111,6,18,八里區,,,,無年齡維度,0.0,男,遷入,臺灣省,8
111,6,18,八里區,,,,無年齡維度,0.0,女,遷入,高雄市,4
111,6,18,八里區,,,,無年齡維度,0.0,男,遷入,高雄市,2
111,6,18,八里區,,,,無年齡維度,0.0,女,遷出,migrants,24
111,6,18,八里區,,,,無年齡維度,0.0,男,遷出,migrants,22
111,6,18,八里區,,,,無年齡維度,0.0,女,遷出,other,0
111,6,18,八里區,,,,無年齡維度,0.0,男,遷出,other,0
111,6,18,八里區,,,,無年齡維度,0.0,女,遷出,其他縣市,0
111,6,18,八里區,,,,無年齡維度,0.0,男,遷出,其他縣市,0
111,6,18,八里區,,,,無年齡維度,0.0,女,遷出,其他鄉鎮,6
111,6,18,八里區,,,,無年齡維度,0.0,男,遷出,其他鄉鎮,6
111,6,18,八里區,,,,無年齡維度,0.0,女,遷出,合計,42
111,6,18,八里區,,,,無年齡維度,0.0,男,遷出,合計,39
111,6,18,八里區,,,,無年齡維度,0.0,女,遷出,國外,7
111,6,18,八里區,,,,無年齡維度,0.0,男,遷出,國外,8
111,6,18,八里區,,,,無年齡維度,0.0,女,遷出,新北市內,0
111,6,18,八里區,,,,無年齡維度,0.0,男,遷出,新北市內,0
111,6,18,八里區,,,,無年齡維度,0.0,女,遷出,桃園市,3
111,6,18,八里區,,,,無年齡維度,0.0,男,遷出,桃園市,3
111,6,18,八里區,,,,無年齡維度,0.0,女,遷出,福建省,1
111,6,18,八里區,,,,無年齡維度,0.0,男,遷出,福建省,0
111,6,18,八里區,,,,無年齡維度,0.0,女,遷出,臺中市,1
111,6,18,八里區,,,,無年齡維度,0.0,男,遷出,臺中市,0
111,6,18,八里區,,,,無年齡維度,0.0,女,遷出,臺北市,15
111,6,18,八里區,,,,無年齡維度,0.0,男,遷出,臺北市,12
111,6,18,八里區,,,,無年齡維度,0.0,女,遷出,臺南市,2
111,6,18,八里區,,,,無年齡維度,0.0,男,遷出,臺南市,1
111,6,18,八里區,,,,無年齡維度,0.0,女,遷出,臺灣省,7
111,6,18,八里區,,,,無年齡維度,0.0,男,遷出,臺灣省,9
111,6,18,八里區,,,,無年齡維度,0.0,女,遷出,高雄市,0
111,6,18,八里區,,,,無年齡維度,0.0,男,遷出,高雄市,0
111,6,19,深坑區,,,,無年齡維度,0.0,女,遷入,migrants,0
111,6,19,深坑區,,,,無年齡維度,0.0,男,遷入,migrants,1
111,6,19,深坑區,,,,無年齡維度,0.0,女,遷入,other,0
111,6,19,深坑區,,,,無年齡維度,0.0,男,遷入,other,0
111,6,19,深坑區,,,,無年齡維度,0.0,女,遷入,其他縣市,0
111,6,19,深坑區,,,,無年齡維度,0.0,男,遷入,其他縣市,0
111,6,19,深坑區,,,,無年齡維度,0.0,女,遷入,其他鄉鎮,4
111,6,19,深坑區,,,,無年齡維度,0.0,男,遷入,其他鄉鎮,2
111,6,19,深坑區,,,,無年齡維度,0.0,女,遷入,合計,7
111,6,19,深坑區,,,,無年齡維度,0.0,男,遷入,合計,7
111,6,19,深坑區,,,,無年齡維度,0.0,女,遷入,國外,1
111,6,19,深坑區,,,,無年齡維度,0.0,男,遷入,國外,2
111,6,19,深坑區,,,,無年齡維度,0.0,女,遷入,新北市內,0
111,6,19,深坑區,,,,無年齡維度,0.0,男,遷入,新北市內,0
111,6,19,深坑區,,,,無年齡維度,0.0,女,遷入,桃園市,0
111,6,19,深坑區,,,,無年齡維度,0.0,男,遷入,桃園市,0
111,6,19,深坑區,,,,無年齡維度,0.0,女,遷入,福建省,0
111,6,19,深坑區,,,,無年齡維度,0.0,男,遷入,福建省,0
111,6,19,深坑區,,,,無年齡維度,0.0,女,遷入,臺中市,0
111,6,19,深坑區,,,,無年齡維度,0.0,男,遷入,臺中市,0
111,6,19,深坑區,,,,無年齡維度,0.0,女,遷入,臺北市,1
111,6,19,深坑區,,,,無年齡維度,0.0,男,遷入,臺北市,3
111,6,19,深坑區,,,,無年齡維度,0.0,女,遷入,臺南市,0
111,6,19,深坑區,,,,無年齡維度,0.0,男,遷入,臺南市,0
111,6,19,深坑區,,,,無年齡維度,0.0,女,遷入,臺灣省,0
111,6,19,深坑區,,,,無年齡維度,0.0,男,遷入,臺灣省,0
111,6,19,深坑區,,,,無年齡維度,0.0,女,遷入,高雄市,0
111,6,19,深坑區,,,,無年齡維度,0.0,男,遷入,高雄市,0
111,6,19,深坑區,,,,無年齡維度,0.0,女,遷出,migrants,0
111,6,19,深坑區,,,,無年齡維度,0.0,男,遷出,migrants,1
111,6,19,深坑區,,,,無年齡維度,0.0,女,遷出,other,0
111,6,19,深坑區,,,,無年齡維度,0.0,男,遷出,other,0
111,6,19,深坑區,,,,無年齡維度,0.0,女,遷出,其他縣市,0
111,6,19,深坑區,,,,無年齡維度,0.0,男,遷出,其他縣市,0
111,6,19,深坑區,,,,無年齡維度,0.0,女,遷出,其他鄉鎮,12
111,6,19,深坑區,,,,無年齡維度,0.0,男,遷出,其他鄉鎮,9
111,6,19,深坑區,,,,無年齡維度,0.0,女,遷出,合計,15
111,6,19,深坑區,,,,無年齡維度,0.0,男,遷出,合計,14
111,6,19,深坑區,,,,無年齡維度,0.0,女,遷出,國外,0
111,6,19,深坑區,,,,無年齡維度,0.0,男,遷出,國外,1
111,6,19,深坑區,,,,無年齡維度,0.0,女,遷出,新北市內,0
111,6,19,深坑區,,,,無年齡維度,0.0,男,遷出,新北市內,0
111,6,19,深坑區,,,,無年齡維度,0.0,女,遷出,桃園市,0
111,6,19,深坑區,,,,無年齡維度,0.0,男,遷出,桃園市,0
111,6,19,深坑區,,,,無年齡維度,0.0,女,遷出,福建省,0
111,6,19,深坑區,,,,無年齡維度,0.0,男,遷出,福建省,0
111,6,19,深坑區,,,,無年齡維度,0.0,女,遷出,臺中市,0
111,6,19,深坑區,,,,無年齡維度,0.0,男,遷出,臺中市,0
111,6,19,深坑區,,,,無年齡維度,0.0,女,遷出,臺北市,2
111,6,19,深坑區,,,,無年齡維度,0.0,男,遷出,臺北市,1
111,6,19,深坑區,,,,無年齡維度,0.0,女,遷出,臺南市,0
111,6,19,深坑區,,,,無年齡維度,0.0,男,遷出,臺南市,0
111,6,19,深坑區,,,,無年齡維度,0.0,女,遷出,臺灣省,1
111,6,19,深坑區,,,,無年齡維度,0.0,男,遷出,臺灣省,2
111,6,19,深坑區,,,,無年齡維度,0.0,女,遷出,高雄市,0
111,6,19,深坑區,,,,無年齡維度,0.0,男,遷出,高雄市,1
111,6,20,石碇區,,,,無年齡維度,0.0,女,遷入,migrants,3
111,6,20,石碇區,,,,無年齡維度,0.0,男,遷入,migrants,4
111,6,20,石碇區,,,,無年齡維度,0.0,女,遷入,other,0
111,6,20,石碇區,,,,無年齡維度,0.0,男,遷入,other,0
111,6,20,石碇區,,,,無年齡維度,0.0,女,遷入,其他縣市,0
111,6,20,石碇區,,,,無年齡維度,0.0,男,遷入,其他縣市,0
111,6,20,石碇區,,,,無年齡維度,0.0,女,遷入,其他鄉鎮,15
111,6,20,石碇區,,,,無年齡維度,0.0,男,遷入,其他鄉鎮,2
111,6,20,石碇區,,,,無年齡維度,0.0,女,遷入,合計,18
111,6,20,石碇區,,,,無年齡維度,0.0,男,遷入,合計,9
111,6,20,石碇區,,,,無年齡維度,0.0,女,遷入,國外,0
111,6,20,石碇區,,,,無年齡維度,0.0,男,遷入,國外,0
111,6,20,石碇區,,,,無年齡維度,0.0,女,遷入,新北市內,0
111,6,20,石碇區,,,,無年齡維度,0.0,男,遷入,新北市內,0
111,6,20,石碇區,,,,無年齡維度,0.0,女,遷入,桃園市,1
111,6,20,石碇區,,,,無年齡維度,0.0,男,遷入,桃園市,2
111,6,20,石碇區,,,,無年齡維度,0.0,女,遷入,福建省,0
111,6,20,石碇區,,,,無年齡維度,0.0,男,遷入,福建省,0
111,6,20,石碇區,,,,無年齡維度,0.0,女,遷入,臺中市,0
111,6,20,石碇區,,,,無年齡維度,0.0,男,遷入,臺中市,0
111,6,20,石碇區,,,,無年齡維度,0.0,女,遷入,臺北市,1
111,6,20,石碇區,,,,無年齡維度,0.0,男,遷入,臺北市,4
111,6,20,石碇區,,,,無年齡維度,0.0,女,遷入,臺南市,0
111,6,20,石碇區,,,,無年齡維度,0.0,男,遷入,臺南市,0
111,6,20,石碇區,,,,無年齡維度,0.0,女,遷入,臺灣省,1
111,6,20,石碇區,,,,無年齡維度,0.0,男,遷入,臺灣省,1
111,6,20,石碇區,,,,無年齡維度,0.0,女,遷入,高雄市,0
111,6,20,石碇區,,,,無年齡維度,0.0,男,遷入,高雄市,0
111,6,20,石碇區,,,,無年齡維度,0.0,女,遷出,migrants,3
111,6,20,石碇區,,,,無年齡維度,0.0,男,遷出,migrants,4
111,6,20,石碇區,,,,無年齡維度,0.0,女,遷出,other,0
111,6,20,石碇區,,,,無年齡維度,0.0,男,遷出,other,0
111,6,20,石碇區,,,,無年齡維度,0.0,女,遷出,其他縣市,0
111,6,20,石碇區,,,,無年齡維度,0.0,男,遷出,其他縣市,0
111,6,20,石碇區,,,,無年齡維度,0.0,女,遷出,其他鄉鎮,6
111,6,20,石碇區,,,,無年齡維度,0.0,男,遷出,其他鄉鎮,7
111,6,20,石碇區,,,,無年齡維度,0.0,女,遷出,合計,11
111,6,20,石碇區,,,,無年齡維度,0.0,男,遷出,合計,12
111,6,20,石碇區,,,,無年齡維度,0.0,女,遷出,國外,2
111,6,20,石碇區,,,,無年齡維度,0.0,男,遷出,國外,0
111,6,20,石碇區,,,,無年齡維度,0.0,女,遷出,新北市內,0
111,6,20,石碇區,,,,無年齡維度,0.0,男,遷出,新北市內,0
111,6,20,石碇區,,,,無年齡維度,0.0,女,遷出,桃園市,0
111,6,20,石碇區,,,,無年齡維度,0.0,男,遷出,桃園市,0
111,6,20,石碇區,,,,無年齡維度,0.0,女,遷出,福建省,0
111,6,20,石碇區,,,,無年齡維度,0.0,男,遷出,福建省,0
111,6,20,石碇區,,,,無年齡維度,0.0,女,遷出,臺中市,0
111,6,20,石碇區,,,,無年齡維度,0.0,男,遷出,臺中市,0
111,6,20,石碇區,,,,無年齡維度,0.0,女,遷出,臺北市,1
111,6,20,石碇區,,,,無年齡維度,0.0,男,遷出,臺北市,2
111,6,20,石碇區,,,,無年齡維度,0.0,女,遷出,臺南市,0
111,6,20,石碇區,,,,無年齡維度,0.0,男,遷出,臺南市,0
111,6,20,石碇區,,,,無年齡維度,0.0,女,遷出,臺灣省,2
111,6,20,石碇區,,,,無年齡維度,0.0,男,遷出,臺灣省,3
111,6,20,石碇區,,,,無年齡維度,0.0,女,遷出,高雄市,0
111,6,20,石碇區,,,,無年齡維度,0.0,男,遷出,高雄市,0
111,6,21,坪林區,,,,無年齡維度,0.0,女,遷入,migrants,23
111,6,21,坪林區,,,,無年齡維度,0.0,男,遷入,migrants,14
111,6,21,坪林區,,,,無年齡維度,0.0,女,遷入,other,0
111,6,21,坪林區,,,,無年齡維度,0.0,男,遷入,other,0
111,6,21,坪林區,,,,無年齡維度,0.0,女,遷入,其他縣市,0
111,6,21,坪林區,,,,無年齡維度,0.0,男,遷入,其他縣市,0
111,6,21,坪林區,,,,無年齡維度,0.0,女,遷入,其他鄉鎮,33
111,6,21,坪林區,,,,無年齡維度,0.0,男,遷入,其他鄉鎮,24
111,6,21,坪林區,,,,無年齡維度,0.0,女,遷入,合計,52
111,6,21,坪林區,,,,無年齡維度,0.0,男,遷入,合計,45
111,6,21,坪林區,,,,無年齡維度,0.0,女,遷入,國外,1
111,6,21,坪林區,,,,無年齡維度,0.0,男,遷入,國外,0
111,6,21,坪林區,,,,無年齡維度,0.0,女,遷入,新北市內,0
111,6,21,坪林區,,,,無年齡維度,0.0,男,遷入,新北市內,0
111,6,21,坪林區,,,,無年齡維度,0.0,女,遷入,桃園市,1
111,6,21,坪林區,,,,無年齡維度,0.0,男,遷入,桃園市,2
111,6,21,坪林區,,,,無年齡維度,0.0,女,遷入,福建省,0
111,6,21,坪林區,,,,無年齡維度,0.0,男,遷入,福建省,0
111,6,21,坪林區,,,,無年齡維度,0.0,女,遷入,臺中市,0
111,6,21,坪林區,,,,無年齡維度,0.0,男,遷入,臺中市,0
111,6,21,坪林區,,,,無年齡維度,0.0,女,遷入,臺北市,12
111,6,21,坪林區,,,,無年齡維度,0.0,男,遷入,臺北市,10
111,6,21,坪林區,,,,無年齡維度,0.0,女,遷入,臺南市,1
111,6,21,坪林區,,,,無年齡維度,0.0,男,遷入,臺南市,1
111,6,21,坪林區,,,,無年齡維度,0.0,女,遷入,臺灣省,3
111,6,21,坪林區,,,,無年齡維度,0.0,男,遷入,臺灣省,5
111,6,21,坪林區,,,,無年齡維度,0.0,女,遷入,高雄市,0
111,6,21,坪林區,,,,無年齡維度,0.0,男,遷入,高雄市,1
111,6,21,坪林區,,,,無年齡維度,0.0,女,遷出,migrants,23
111,6,21,坪林區,,,,無年齡維度,0.0,男,遷出,migrants,14
111,6,21,坪林區,,,,無年齡維度,0.0,女,遷出,other,0
111,6,21,坪林區,,,,無年齡維度,0.0,男,遷出,other,0
111,6,21,坪林區,,,,無年齡維度,0.0,女,遷出,其他縣市,0
111,6,21,坪林區,,,,無年齡維度,0.0,男,遷出,其他縣市,0
111,6,21,坪林區,,,,無年齡維度,0.0,女,遷出,其他鄉鎮,35
111,6,21,坪林區,,,,無年齡維度,0.0,男,遷出,其他鄉鎮,19
111,6,21,坪林區,,,,無年齡維度,0.0,女,遷出,合計,51
111,6,21,坪林區,,,,無年齡維度,0.0,男,遷出,合計,35
111,6,21,坪林區,,,,無年齡維度,0.0,女,遷出,國外,4
111,6,21,坪林區,,,,無年齡維度,0.0,男,遷出,國外,1
111,6,21,坪林區,,,,無年齡維度,0.0,女,遷出,新北市內,0
111,6,21,坪林區,,,,無年齡維度,0.0,男,遷出,新北市內,0
111,6,21,坪林區,,,,無年齡維度,0.0,女,遷出,桃園市,2
111,6,21,坪林區,,,,無年齡維度,0.0,男,遷出,桃園市,4
111,6,21,坪林區,,,,無年齡維度,0.0,女,遷出,福建省,0
111,6,21,坪林區,,,,無年齡維度,0.0,男,遷出,福建省,0
111,6,21,坪林區,,,,無年齡維度,0.0,女,遷出,臺中市,0
111,6,21,坪林區,,,,無年齡維度,0.0,男,遷出,臺中市,1
111,6,21,坪林區,,,,無年齡維度,0.0,女,遷出,臺北市,8
111,6,21,坪林區,,,,無年齡維度,0.0,男,遷出,臺北市,6
111,6,21,坪林區,,,,無年齡維度,0.0,女,遷出,臺南市,0
111,6,21,坪林區,,,,無年齡維度,0.0,男,遷出,臺南市,0
111,6,21,坪林區,,,,無年齡維度,0.0,女,遷出,臺灣省,2
111,6,21,坪林區,,,,無年齡維度,0.0,男,遷出,臺灣省,3
111,6,21,坪林區,,,,無年齡維度,0.0,女,遷出,高雄市,0
111,6,21,坪林區,,,,無年齡維度,0.0,男,遷出,高雄市,1
111,6,22,三芝區,,,,無年齡維度,0.0,女,遷入,migrants,3
111,6,22,三芝區,,,,無年齡維度,0.0,男,遷入,migrants,4
111,6,22,三芝區,,,,無年齡維度,0.0,女,遷入,other,0
111,6,22,三芝區,,,,無年齡維度,0.0,男,遷入,other,0
111,6,22,三芝區,,,,無年齡維度,0.0,女,遷入,其他縣市,0
111,6,22,三芝區,,,,無年齡維度,0.0,男,遷入,其他縣市,0
111,6,22,三芝區,,,,無年齡維度,0.0,女,遷入,其他鄉鎮,10
111,6,22,三芝區,,,,無年齡維度,0.0,男,遷入,其他鄉鎮,2
111,6,22,三芝區,,,,無年齡維度,0.0,女,遷入,合計,17
111,6,22,三芝區,,,,無年齡維度,0.0,男,遷入,合計,11
111,6,22,三芝區,,,,無年齡維度,0.0,女,遷入,國外,4
111,6,22,三芝區,,,,無年齡維度,0.0,男,遷入,國外,1
111,6,22,三芝區,,,,無年齡維度,0.0,女,遷入,新北市內,0
111,6,22,三芝區,,,,無年齡維度,0.0,男,遷入,新北市內,0
111,6,22,三芝區,,,,無年齡維度,0.0,女,遷入,桃園市,0
111,6,22,三芝區,,,,無年齡維度,0.0,男,遷入,桃園市,1
111,6,22,三芝區,,,,無年齡維度,0.0,女,遷入,福建省,0
111,6,22,三芝區,,,,無年齡維度,0.0,男,遷入,福建省,0
111,6,22,三芝區,,,,無年齡維度,0.0,女,遷入,臺中市,0
111,6,22,三芝區,,,,無年齡維度,0.0,男,遷入,臺中市,0
111,6,22,三芝區,,,,無年齡維度,0.0,女,遷入,臺北市,1
111,6,22,三芝區,,,,無年齡維度,0.0,男,遷入,臺北市,2
111,6,22,三芝區,,,,無年齡維度,0.0,女,遷入,臺南市,0
111,6,22,三芝區,,,,無年齡維度,0.0,男,遷入,臺南市,0
111,6,22,三芝區,,,,無年齡維度,0.0,女,遷入,臺灣省,1
111,6,22,三芝區,,,,無年齡維度,0.0,男,遷入,臺灣省,5
111,6,22,三芝區,,,,無年齡維度,0.0,女,遷入,高雄市,1
111,6,22,三芝區,,,,無年齡維度,0.0,男,遷入,高雄市,0
111,6,22,三芝區,,,,無年齡維度,0.0,女,遷出,migrants,3
111,6,22,三芝區,,,,無年齡維度,0.0,男,遷出,migrants,4
111,6,22,三芝區,,,,無年齡維度,0.0,女,遷出,other,0
111,6,22,三芝區,,,,無年齡維度,0.0,男,遷出,other,0
111,6,22,三芝區,,,,無年齡維度,0.0,女,遷出,其他縣市,0
111,6,22,三芝區,,,,無年齡維度,0.0,男,遷出,其他縣市,0
111,6,22,三芝區,,,,無年齡維度,0.0,女,遷出,其他鄉鎮,10
111,6,22,三芝區,,,,無年齡維度,0.0,男,遷出,其他鄉鎮,6
111,6,22,三芝區,,,,無年齡維度,0.0,女,遷出,合計,10
111,6,22,三芝區,,,,無年齡維度,0.0,男,遷出,合計,9
111,6,22,三芝區,,,,無年齡維度,0.0,女,遷出,國外,0
111,6,22,三芝區,,,,無年齡維度,0.0,男,遷出,國外,0
111,6,22,三芝區,,,,無年齡維度,0.0,女,遷出,新北市內,0
111,6,22,三芝區,,,,無年齡維度,0.0,男,遷出,新北市內,0
111,6,22,三芝區,,,,無年齡維度,0.0,女,遷出,桃園市,0
111,6,22,三芝區,,,,無年齡維度,0.0,男,遷出,桃園市,1
111,6,22,三芝區,,,,無年齡維度,0.0,女,遷出,福建省,0
111,6,22,三芝區,,,,無年齡維度,0.0,男,遷出,福建省,0
111,6,22,三芝區,,,,無年齡維度,0.0,女,遷出,臺中市,0
111,6,22,三芝區,,,,無年齡維度,0.0,男,遷出,臺中市,0
111,6,22,三芝區,,,,無年齡維度,0.0,女,遷出,臺北市,0
111,6,22,三芝區,,,,無年齡維度,0.0,男,遷出,臺北市,1
111,6,22,三芝區,,,,無年齡維度,0.0,女,遷出,臺南市,0
111,6,22,三芝區,,,,無年齡維度,0.0,男,遷出,臺南市,0
111,6,22,三芝區,,,,無年齡維度,0.0,女,遷出,臺灣省,0
111,6,22,三芝區,,,,無年齡維度,0.0,男,遷出,臺灣省,1
111,6,22,三芝區,,,,無年齡維度,0.0,女,遷出,高雄市,0
111,6,22,三芝區,,,,無年齡維度,0.0,男,遷出,高雄市,0
111,6,23,石門區,,,,無年齡維度,0.0,女,遷入,migrants,58
111,6,23,石門區,,,,無年齡維度,0.0,男,遷入,migrants,57
111,6,23,石門區,,,,無年齡維度,0.0,女,遷入,other,0
111,6,23,石門區,,,,無年齡維度,0.0,男,遷入,other,0
111,6,23,石門區,,,,無年齡維度,0.0,女,遷入,其他縣市,0
111,6,23,石門區,,,,無年齡維度,0.0,男,遷入,其他縣市,0
111,6,23,石門區,,,,無年齡維度,0.0,女,遷入,其他鄉鎮,46
111,6,23,石門區,,,,無年齡維度,0.0,男,遷入,其他鄉鎮,47
111,6,23,石門區,,,,無年齡維度,0.0,女,遷入,合計,109
111,6,23,石門區,,,,無年齡維度,0.0,男,遷入,合計,98
111,6,23,石門區,,,,無年齡維度,0.0,女,遷入,國外,13
111,6,23,石門區,,,,無年齡維度,0.0,男,遷入,國外,9
111,6,23,石門區,,,,無年齡維度,0.0,女,遷入,新北市內,0
111,6,23,石門區,,,,無年齡維度,0.0,男,遷入,新北市內,0
111,6,23,石門區,,,,無年齡維度,0.0,女,遷入,桃園市,3
111,6,23,石門區,,,,無年齡維度,0.0,男,遷入,桃園市,5
111,6,23,石門區,,,,無年齡維度,0.0,女,遷入,福建省,1
111,6,23,石門區,,,,無年齡維度,0.0,男,遷入,福建省,0
111,6,23,石門區,,,,無年齡維度,0.0,女,遷入,臺中市,4
111,6,23,石門區,,,,無年齡維度,0.0,男,遷入,臺中市,4
111,6,23,石門區,,,,無年齡維度,0.0,女,遷入,臺北市,29
111,6,23,石門區,,,,無年齡維度,0.0,男,遷入,臺北市,23
111,6,23,石門區,,,,無年齡維度,0.0,女,遷入,臺南市,1
111,6,23,石門區,,,,無年齡維度,0.0,男,遷入,臺南市,1
111,6,23,石門區,,,,無年齡維度,0.0,女,遷入,臺灣省,6
111,6,23,石門區,,,,無年齡維度,0.0,男,遷入,臺灣省,9
111,6,23,石門區,,,,無年齡維度,0.0,女,遷入,高雄市,4
111,6,23,石門區,,,,無年齡維度,0.0,男,遷入,高雄市,0
111,6,23,石門區,,,,無年齡維度,0.0,女,遷出,migrants,58
111,6,23,石門區,,,,無年齡維度,0.0,男,遷出,migrants,57
111,6,23,石門區,,,,無年齡維度,0.0,女,遷出,other,0
111,6,23,石門區,,,,無年齡維度,0.0,男,遷出,other,0
111,6,23,石門區,,,,無年齡維度,0.0,女,遷出,其他縣市,0
111,6,23,石門區,,,,無年齡維度,0.0,男,遷出,其他縣市,0
111,6,23,石門區,,,,無年齡維度,0.0,女,遷出,其他鄉鎮,27
111,6,23,石門區,,,,無年齡維度,0.0,男,遷出,其他鄉鎮,24
111,6,23,石門區,,,,無年齡維度,0.0,女,遷出,合計,72
111,6,23,石門區,,,,無年齡維度,0.0,男,遷出,合計,66
111,6,23,石門區,,,,無年齡維度,0.0,女,遷出,國外,11
111,6,23,石門區,,,,無年齡維度,0.0,男,遷出,國外,8
111,6,23,石門區,,,,無年齡維度,0.0,女,遷出,新北市內,0
111,6,23,石門區,,,,無年齡維度,0.0,男,遷出,新北市內,0
111,6,23,石門區,,,,無年齡維度,0.0,女,遷出,桃園市,4
111,6,23,石門區,,,,無年齡維度,0.0,男,遷出,桃園市,3
111,6,23,石門區,,,,無年齡維度,0.0,女,遷出,福建省,1
111,6,23,石門區,,,,無年齡維度,0.0,男,遷出,福建省,1
111,6,23,石門區,,,,無年齡維度,0.0,女,遷出,臺中市,0
111,6,23,石門區,,,,無年齡維度,0.0,男,遷出,臺中市,0
111,6,23,石門區,,,,無年齡維度,0.0,女,遷出,臺北市,18
111,6,23,石門區,,,,無年齡維度,0.0,男,遷出,臺北市,23
111,6,23,石門區,,,,無年齡維度,0.0,女,遷出,臺南市,1
111,6,23,石門區,,,,無年齡維度,0.0,男,遷出,臺南市,0
111,6,23,石門區,,,,無年齡維度,0.0,女,遷出,臺灣省,9
111,6,23,石門區,,,,無年齡維度,0.0,男,遷出,臺灣省,7
111,6,23,石門區,,,,無年齡維度,0.0,女,遷出,高雄市,1
111,6,23,石門區,,,,無年齡維度,0.0,男,遷出,高雄市,0
111,6,24,金山區,,,,無年齡維度,0.0,女,遷入,migrants,0
111,6,24,金山區,,,,無年齡維度,0.0,男,遷入,migrants,3
111,6,24,金山區,,,,無年齡維度,0.0,女,遷入,other,0
111,6,24,金山區,,,,無年齡維度,0.0,男,遷入,other,0
111,6,24,金山區,,,,無年齡維度,0.0,女,遷入,其他縣市,0
111,6,24,金山區,,,,無年齡維度,0.0,男,遷入,其他縣市,0
111,6,24,金山區,,,,無年齡維度,0.0,女,遷入,其他鄉鎮,4
111,6,24,金山區,,,,無年齡維度,0.0,男,遷入,其他鄉鎮,8
111,6,24,金山區,,,,無年齡維度,0.0,女,遷入,合計,6
111,6,24,金山區,,,,無年齡維度,0.0,男,遷入,合計,12
111,6,24,金山區,,,,無年齡維度,0.0,女,遷入,國外,0
111,6,24,金山區,,,,無年齡維度,0.0,男,遷入,國外,0
111,6,24,金山區,,,,無年齡維度,0.0,女,遷入,新北市內,0
111,6,24,金山區,,,,無年齡維度,0.0,男,遷入,新北市內,0
111,6,24,金山區,,,,無年齡維度,0.0,女,遷入,桃園市,0
111,6,24,金山區,,,,無年齡維度,0.0,男,遷入,桃園市,0
111,6,24,金山區,,,,無年齡維度,0.0,女,遷入,福建省,0
111,6,24,金山區,,,,無年齡維度,0.0,男,遷入,福建省,0
111,6,24,金山區,,,,無年齡維度,0.0,女,遷入,臺中市,0
111,6,24,金山區,,,,無年齡維度,0.0,男,遷入,臺中市,0
111,6,24,金山區,,,,無年齡維度,0.0,女,遷入,臺北市,1
111,6,24,金山區,,,,無年齡維度,0.0,男,遷入,臺北市,3
111,6,24,金山區,,,,無年齡維度,0.0,女,遷入,臺南市,0
111,6,24,金山區,,,,無年齡維度,0.0,男,遷入,臺南市,0
111,6,24,金山區,,,,無年齡維度,0.0,女,遷入,臺灣省,1
111,6,24,金山區,,,,無年齡維度,0.0,男,遷入,臺灣省,1
111,6,24,金山區,,,,無年齡維度,0.0,女,遷入,高雄市,0
111,6,24,金山區,,,,無年齡維度,0.0,男,遷入,高雄市,0
111,6,24,金山區,,,,無年齡維度,0.0,女,遷出,migrants,0
111,6,24,金山區,,,,無年齡維度,0.0,男,遷出,migrants,3
111,6,24,金山區,,,,無年齡維度,0.0,女,遷出,other,0
111,6,24,金山區,,,,無年齡維度,0.0,男,遷出,other,0
111,6,24,金山區,,,,無年齡維度,0.0,女,遷出,其他縣市,0
111,6,24,金山區,,,,無年齡維度,0.0,男,遷出,其他縣市,0
111,6,24,金山區,,,,無年齡維度,0.0,女,遷出,其他鄉鎮,2
111,6,24,金山區,,,,無年齡維度,0.0,男,遷出,其他鄉鎮,2
111,6,24,金山區,,,,無年齡維度,0.0,女,遷出,合計,7
111,6,24,金山區,,,,無年齡維度,0.0,男,遷出,合計,3
111,6,24,金山區,,,,無年齡維度,0.0,女,遷出,國外,0
111,6,24,金山區,,,,無年齡維度,0.0,男,遷出,國外,0
111,6,24,金山區,,,,無年齡維度,0.0,女,遷出,新北市內,0
111,6,24,金山區,,,,無年齡維度,0.0,男,遷出,新北市內,0
111,6,24,金山區,,,,無年齡維度,0.0,女,遷出,桃園市,0
111,6,24,金山區,,,,無年齡維度,0.0,男,遷出,桃園市,0
111,6,24,金山區,,,,無年齡維度,0.0,女,遷出,福建省,0
111,6,24,金山區,,,,無年齡維度,0.0,男,遷出,福建省,0
111,6,24,金山區,,,,無年齡維度,0.0,女,遷出,臺中市,0
111,6,24,金山區,,,,無年齡維度,0.0,男,遷出,臺中市,0
111,6,24,金山區,,,,無年齡維度,0.0,女,遷出,臺北市,2
111,6,24,金山區,,,,無年齡維度,0.0,男,遷出,臺北市,0
111,6,24,金山區,,,,無年齡維度,0.0,女,遷出,臺南市,0
111,6,24,金山區,,,,無年齡維度,0.0,男,遷出,臺南市,0
111,6,24,金山區,,,,無年齡維度,0.0,女,遷出,臺灣省,3
111,6,24,金山區,,,,無年齡維度,0.0,男,遷出,臺灣省,1
111,6,24,金山區,,,,無年齡維度,0.0,女,遷出,高雄市,0
111,6,24,金山區,,,,無年齡維度,0.0,男,遷出,高雄市,0
111,6,25,萬里區,,,,無年齡維度,0.0,女,遷入,migrants,5
111,6,25,萬里區,,,,無年齡維度,0.0,男,遷入,migrants,4
111,6,25,萬里區,,,,無年齡維度,0.0,女,遷入,other,0
111,6,25,萬里區,,,,無年齡維度,0.0,男,遷入,other,0
111,6,25,萬里區,,,,無年齡維度,0.0,女,遷入,其他縣市,0
111,6,25,萬里區,,,,無年齡維度,0.0,男,遷入,其他縣市,0
111,6,25,萬里區,,,,無年齡維度,0.0,女,遷入,其他鄉鎮,2
111,6,25,萬里區,,,,無年齡維度,0.0,男,遷入,其他鄉鎮,5
111,6,25,萬里區,,,,無年齡維度,0.0,女,遷入,合計,5
111,6,25,萬里區,,,,無年齡維度,0.0,男,遷入,合計,15
111,6,25,萬里區,,,,無年齡維度,0.0,女,遷入,國外,0
111,6,25,萬里區,,,,無年齡維度,0.0,男,遷入,國外,1
111,6,25,萬里區,,,,無年齡維度,0.0,女,遷入,新北市內,0
111,6,25,萬里區,,,,無年齡維度,0.0,男,遷入,新北市內,0
111,6,25,萬里區,,,,無年齡維度,0.0,女,遷入,桃園市,0
111,6,25,萬里區,,,,無年齡維度,0.0,男,遷入,桃園市,0
111,6,25,萬里區,,,,無年齡維度,0.0,女,遷入,福建省,0
111,6,25,萬里區,,,,無年齡維度,0.0,男,遷入,福建省,0
111,6,25,萬里區,,,,無年齡維度,0.0,女,遷入,臺中市,0
111,6,25,萬里區,,,,無年齡維度,0.0,男,遷入,臺中市,1
111,6,25,萬里區,,,,無年齡維度,0.0,女,遷入,臺北市,2
111,6,25,萬里區,,,,無年齡維度,0.0,男,遷入,臺北市,2
111,6,25,萬里區,,,,無年齡維度,0.0,女,遷入,臺南市,0
111,6,25,萬里區,,,,無年齡維度,0.0,男,遷入,臺南市,0
111,6,25,萬里區,,,,無年齡維度,0.0,女,遷入,臺灣省,1
111,6,25,萬里區,,,,無年齡維度,0.0,男,遷入,臺灣省,6
111,6,25,萬里區,,,,無年齡維度,0.0,女,遷入,高雄市,0
111,6,25,萬里區,,,,無年齡維度,0.0,男,遷入,高雄市,0
111,6,25,萬里區,,,,無年齡維度,0.0,女,遷出,migrants,5
111,6,25,萬里區,,,,無年齡維度,0.0,男,遷出,migrants,4
111,6,25,萬里區,,,,無年齡維度,0.0,女,遷出,other,0
111,6,25,萬里區,,,,無年齡維度,0.0,男,遷出,other,0
111,6,25,萬里區,,,,無年齡維度,0.0,女,遷出,其他縣市,0
111,6,25,萬里區,,,,無年齡維度,0.0,男,遷出,其他縣市,0
111,6,25,萬里區,,,,無年齡維度,0.0,女,遷出,其他鄉鎮,5
111,6,25,萬里區,,,,無年齡維度,0.0,男,遷出,其他鄉鎮,6
111,6,25,萬里區,,,,無年齡維度,0.0,女,遷出,合計,14
111,6,25,萬里區,,,,無年齡維度,0.0,男,遷出,合計,17
111,6,25,萬里區,,,,無年齡維度,0.0,女,遷出,國外,1
111,6,25,萬里區,,,,無年齡維度,0.0,男,遷出,國外,3
111,6,25,萬里區,,,,無年齡維度,0.0,女,遷出,新北市內,0
111,6,25,萬里區,,,,無年齡維度,0.0,男,遷出,新北市內,0
111,6,25,萬里區,,,,無年齡維度,0.0,女,遷出,桃園市,1
111,6,25,萬里區,,,,無年齡維度,0.0,男,遷出,桃園市,0
111,6,25,萬里區,,,,無年齡維度,0.0,女,遷出,福建省,0
111,6,25,萬里區,,,,無年齡維度,0.0,男,遷出,福建省,0
111,6,25,萬里區,,,,無年齡維度,0.0,女,遷出,臺中市,4
111,6,25,萬里區,,,,無年齡維度,0.0,男,遷出,臺中市,2
111,6,25,萬里區,,,,無年齡維度,0.0,女,遷出,臺北市,1
111,6,25,萬里區,,,,無年齡維度,0.0,男,遷出,臺北市,1
111,6,25,萬里區,,,,無年齡維度,0.0,女,遷出,臺南市,0
111,6,25,萬里區,,,,無年齡維度,0.0,男,遷出,臺南市,2
111,6,25,萬里區,,,,無年齡維度,0.0,女,遷出,臺灣省,2
111,6,25,萬里區,,,,無年齡維度,0.0,男,遷出,臺灣省,3
111,6,25,萬里區,,,,無年齡維度,0.0,女,遷出,高雄市,0
111,6,25,萬里區,,,,無年齡維度,0.0,男,遷出,高雄市,0
111,6,26,平溪區,,,,無年齡維度,0.0,女,遷入,migrants,1
111,6,26,平溪區,,,,無年齡維度,0.0,男,遷入,migrants,2
111,6,26,平溪區,,,,無年齡維度,0.0,女,遷入,other,0
111,6,26,平溪區,,,,無年齡維度,0.0,男,遷入,other,0
111,6,26,平溪區,,,,無年齡維度,0.0,女,遷入,其他縣市,0
111,6,26,平溪區,,,,無年齡維度,0.0,男,遷入,其他縣市,0
111,6,26,平溪區,,,,無年齡維度,0.0,女,遷入,其他鄉鎮,2
111,6,26,平溪區,,,,無年齡維度,0.0,男,遷入,其他鄉鎮,4
111,6,26,平溪區,,,,無年齡維度,0.0,女,遷入,合計,8
111,6,26,平溪區,,,,無年齡維度,0.0,男,遷入,合計,12
111,6,26,平溪區,,,,無年齡維度,0.0,女,遷入,國外,2
111,6,26,平溪區,,,,無年齡維度,0.0,男,遷入,國外,1
111,6,26,平溪區,,,,無年齡維度,0.0,女,遷入,新北市內,0
111,6,26,平溪區,,,,無年齡維度,0.0,男,遷入,新北市內,0
111,6,26,平溪區,,,,無年齡維度,0.0,女,遷入,桃園市,1
111,6,26,平溪區,,,,無年齡維度,0.0,男,遷入,桃園市,0
111,6,26,平溪區,,,,無年齡維度,0.0,女,遷入,福建省,0
111,6,26,平溪區,,,,無年齡維度,0.0,男,遷入,福建省,0
111,6,26,平溪區,,,,無年齡維度,0.0,女,遷入,臺中市,0
111,6,26,平溪區,,,,無年齡維度,0.0,男,遷入,臺中市,0
111,6,26,平溪區,,,,無年齡維度,0.0,女,遷入,臺北市,1
111,6,26,平溪區,,,,無年齡維度,0.0,男,遷入,臺北市,4
111,6,26,平溪區,,,,無年齡維度,0.0,女,遷入,臺南市,0
111,6,26,平溪區,,,,無年齡維度,0.0,男,遷入,臺南市,0
111,6,26,平溪區,,,,無年齡維度,0.0,女,遷入,臺灣省,1
111,6,26,平溪區,,,,無年齡維度,0.0,男,遷入,臺灣省,2
111,6,26,平溪區,,,,無年齡維度,0.0,女,遷入,高雄市,0
111,6,26,平溪區,,,,無年齡維度,0.0,男,遷入,高雄市,1
111,6,26,平溪區,,,,無年齡維度,0.0,女,遷出,migrants,1
111,6,26,平溪區,,,,無年齡維度,0.0,男,遷出,migrants,2
111,6,26,平溪區,,,,無年齡維度,0.0,女,遷出,other,0
111,6,26,平溪區,,,,無年齡維度,0.0,男,遷出,other,0
111,6,26,平溪區,,,,無年齡維度,0.0,女,遷出,其他縣市,0
111,6,26,平溪區,,,,無年齡維度,0.0,男,遷出,其他縣市,0
111,6,26,平溪區,,,,無年齡維度,0.0,女,遷出,其他鄉鎮,4
111,6,26,平溪區,,,,無年齡維度,0.0,男,遷出,其他鄉鎮,3
111,6,26,平溪區,,,,無年齡維度,0.0,女,遷出,合計,16
111,6,26,平溪區,,,,無年齡維度,0.0,男,遷出,合計,16
111,6,26,平溪區,,,,無年齡維度,0.0,女,遷出,國外,4
111,6,26,平溪區,,,,無年齡維度,0.0,男,遷出,國外,7
111,6,26,平溪區,,,,無年齡維度,0.0,女,遷出,新北市內,0
111,6,26,平溪區,,,,無年齡維度,0.0,男,遷出,新北市內,0
111,6,26,平溪區,,,,無年齡維度,0.0,女,遷出,桃園市,3
111,6,26,平溪區,,,,無年齡維度,0.0,男,遷出,桃園市,0
111,6,26,平溪區,,,,無年齡維度,0.0,女,遷出,福建省,0
111,6,26,平溪區,,,,無年齡維度,0.0,男,遷出,福建省,0
111,6,26,平溪區,,,,無年齡維度,0.0,女,遷出,臺中市,0
111,6,26,平溪區,,,,無年齡維度,0.0,男,遷出,臺中市,0
111,6,26,平溪區,,,,無年齡維度,0.0,女,遷出,臺北市,1
111,6,26,平溪區,,,,無年齡維度,0.0,男,遷出,臺北市,1
111,6,26,平溪區,,,,無年齡維度,0.0,女,遷出,臺南市,0
111,6,26,平溪區,,,,無年齡維度,0.0,男,遷出,臺南市,0
111,6,26,平溪區,,,,無年齡維度,0.0,女,遷出,臺灣省,4
111,6,26,平溪區,,,,無年齡維度,0.0,男,遷出,臺灣省,4
111,6,26,平溪區,,,,無年齡維度,0.0,女,遷出,高雄市,0
111,6,26,平溪區,,,,無年齡維度,0.0,男,遷出,高雄市,1
111,6,27,雙溪區,,,,無年齡維度,0.0,女,遷入,migrants,13
111,6,27,雙溪區,,,,無年齡維度,0.0,男,遷入,migrants,17
111,6,27,雙溪區,,,,無年齡維度,0.0,女,遷入,other,0
111,6,27,雙溪區,,,,無年齡維度,0.0,男,遷入,other,0
111,6,27,雙溪區,,,,無年齡維度,0.0,女,遷入,其他縣市,0
111,6,27,雙溪區,,,,無年齡維度,0.0,男,遷入,其他縣市,0
111,6,27,雙溪區,,,,無年齡維度,0.0,女,遷入,其他鄉鎮,3
111,6,27,雙溪區,,,,無年齡維度,0.0,男,遷入,其他鄉鎮,5
111,6,27,雙溪區,,,,無年齡維度,0.0,女,遷入,合計,19
111,6,27,雙溪區,,,,無年齡維度,0.0,男,遷入,合計,15
111,6,27,雙溪區,,,,無年齡維度,0.0,女,遷入,國外,3
111,6,27,雙溪區,,,,無年齡維度,0.0,男,遷入,國外,5
111,6,27,雙溪區,,,,無年齡維度,0.0,女,遷入,新北市內,0
111,6,27,雙溪區,,,,無年齡維度,0.0,男,遷入,新北市內,0
111,6,27,雙溪區,,,,無年齡維度,0.0,女,遷入,桃園市,1
111,6,27,雙溪區,,,,無年齡維度,0.0,男,遷入,桃園市,0
111,6,27,雙溪區,,,,無年齡維度,0.0,女,遷入,福建省,0
111,6,27,雙溪區,,,,無年齡維度,0.0,男,遷入,福建省,0
111,6,27,雙溪區,,,,無年齡維度,0.0,女,遷入,臺中市,0
111,6,27,雙溪區,,,,無年齡維度,0.0,男,遷入,臺中市,0
111,6,27,雙溪區,,,,無年齡維度,0.0,女,遷入,臺北市,4
111,6,27,雙溪區,,,,無年齡維度,0.0,男,遷入,臺北市,4
111,6,27,雙溪區,,,,無年齡維度,0.0,女,遷入,臺南市,0
111,6,27,雙溪區,,,,無年齡維度,0.0,男,遷入,臺南市,0
111,6,27,雙溪區,,,,無年齡維度,0.0,女,遷入,臺灣省,8
111,6,27,雙溪區,,,,無年齡維度,0.0,男,遷入,臺灣省,1
111,6,27,雙溪區,,,,無年齡維度,0.0,女,遷入,高雄市,0
111,6,27,雙溪區,,,,無年齡維度,0.0,男,遷入,高雄市,0
111,6,27,雙溪區,,,,無年齡維度,0.0,女,遷出,migrants,13
111,6,27,雙溪區,,,,無年齡維度,0.0,男,遷出,migrants,17
111,6,27,雙溪區,,,,無年齡維度,0.0,女,遷出,other,0
111,6,27,雙溪區,,,,無年齡維度,0.0,男,遷出,other,0
111,6,27,雙溪區,,,,無年齡維度,0.0,女,遷出,其他縣市,0
111,6,27,雙溪區,,,,無年齡維度,0.0,男,遷出,其他縣市,0
111,6,27,雙溪區,,,,無年齡維度,0.0,女,遷出,其他鄉鎮,11
111,6,27,雙溪區,,,,無年齡維度,0.0,男,遷出,其他鄉鎮,3
111,6,27,雙溪區,,,,無年齡維度,0.0,女,遷出,合計,23
111,6,27,雙溪區,,,,無年齡維度,0.0,男,遷出,合計,13
111,6,27,雙溪區,,,,無年齡維度,0.0,女,遷出,國外,0
111,6,27,雙溪區,,,,無年齡維度,0.0,男,遷出,國外,0
111,6,27,雙溪區,,,,無年齡維度,0.0,女,遷出,新北市內,0
111,6,27,雙溪區,,,,無年齡維度,0.0,男,遷出,新北市內,0
111,6,27,雙溪區,,,,無年齡維度,0.0,女,遷出,桃園市,2
111,6,27,雙溪區,,,,無年齡維度,0.0,男,遷出,桃園市,2
111,6,27,雙溪區,,,,無年齡維度,0.0,女,遷出,福建省,0
111,6,27,雙溪區,,,,無年齡維度,0.0,男,遷出,福建省,0
111,6,27,雙溪區,,,,無年齡維度,0.0,女,遷出,臺中市,0
111,6,27,雙溪區,,,,無年齡維度,0.0,男,遷出,臺中市,0
111,6,27,雙溪區,,,,無年齡維度,0.0,女,遷出,臺北市,6
111,6,27,雙溪區,,,,無年齡維度,0.0,男,遷出,臺北市,2
111,6,27,雙溪區,,,,無年齡維度,0.0,女,遷出,臺南市,0
111,6,27,雙溪區,,,,無年齡維度,0.0,男,遷出,臺南市,1
111,6,27,雙溪區,,,,無年齡維度,0.0,女,遷出,臺灣省,4
111,6,27,雙溪區,,,,無年齡維度,0.0,男,遷出,臺灣省,5
111,6,27,雙溪區,,,,無年齡維度,0.0,女,遷出,高雄市,0
111,6,27,雙溪區,,,,無年齡維度,0.0,男,遷出,高雄市,0
111,6,28,貢寮區,,,,無年齡維度,0.0,女,遷入,migrants,13
111,6,28,貢寮區,,,,無年齡維度,0.0,男,遷入,migrants,11
111,6,28,貢寮區,,,,無年齡維度,0.0,女,遷入,other,0
111,6,28,貢寮區,,,,無年齡維度,0.0,男,遷入,other,0
111,6,28,貢寮區,,,,無年齡維度,0.0,女,遷入,其他縣市,0
111,6,28,貢寮區,,,,無年齡維度,0.0,男,遷入,其他縣市,0
111,6,28,貢寮區,,,,無年齡維度,0.0,女,遷入,其他鄉鎮,7
111,6,28,貢寮區,,,,無年齡維度,0.0,男,遷入,其他鄉鎮,6
111,6,28,貢寮區,,,,無年齡維度,0.0,女,遷入,合計,25
111,6,28,貢寮區,,,,無年齡維度,0.0,男,遷入,合計,22
111,6,28,貢寮區,,,,無年齡維度,0.0,女,遷入,國外,3
111,6,28,貢寮區,,,,無年齡維度,0.0,男,遷入,國外,3
111,6,28,貢寮區,,,,無年齡維度,0.0,女,遷入,新北市內,0
111,6,28,貢寮區,,,,無年齡維度,0.0,男,遷入,新北市內,0
111,6,28,貢寮區,,,,無年齡維度,0.0,女,遷入,桃園市,0
111,6,28,貢寮區,,,,無年齡維度,0.0,男,遷入,桃園市,0
111,6,28,貢寮區,,,,無年齡維度,0.0,女,遷入,福建省,0
111,6,28,貢寮區,,,,無年齡維度,0.0,男,遷入,福建省,1
111,6,28,貢寮區,,,,無年齡維度,0.0,女,遷入,臺中市,2
111,6,28,貢寮區,,,,無年齡維度,0.0,男,遷入,臺中市,1
111,6,28,貢寮區,,,,無年齡維度,0.0,女,遷入,臺北市,0
111,6,28,貢寮區,,,,無年齡維度,0.0,男,遷入,臺北市,1
111,6,28,貢寮區,,,,無年齡維度,0.0,女,遷入,臺南市,0
111,6,28,貢寮區,,,,無年齡維度,0.0,男,遷入,臺南市,0
111,6,28,貢寮區,,,,無年齡維度,0.0,女,遷入,臺灣省,11
111,6,28,貢寮區,,,,無年齡維度,0.0,男,遷入,臺灣省,8
111,6,28,貢寮區,,,,無年齡維度,0.0,女,遷入,高雄市,0
111,6,28,貢寮區,,,,無年齡維度,0.0,男,遷入,高雄市,2
111,6,28,貢寮區,,,,無年齡維度,0.0,女,遷出,migrants,13
111,6,28,貢寮區,,,,無年齡維度,0.0,男,遷出,migrants,11
111,6,28,貢寮區,,,,無年齡維度,0.0,女,遷出,other,0
111,6,28,貢寮區,,,,無年齡維度,0.0,男,遷出,other,0
111,6,28,貢寮區,,,,無年齡維度,0.0,女,遷出,其他縣市,0
111,6,28,貢寮區,,,,無年齡維度,0.0,男,遷出,其他縣市,0
111,6,28,貢寮區,,,,無年齡維度,0.0,女,遷出,其他鄉鎮,6
111,6,28,貢寮區,,,,無年齡維度,0.0,男,遷出,其他鄉鎮,4
111,6,28,貢寮區,,,,無年齡維度,0.0,女,遷出,合計,29
111,6,28,貢寮區,,,,無年齡維度,0.0,男,遷出,合計,15
111,6,28,貢寮區,,,,無年齡維度,0.0,女,遷出,國外,1
111,6,28,貢寮區,,,,無年齡維度,0.0,男,遷出,國外,2
111,6,28,貢寮區,,,,無年齡維度,0.0,女,遷出,新北市內,0
111,6,28,貢寮區,,,,無年齡維度,0.0,男,遷出,新北市內,0
111,6,28,貢寮區,,,,無年齡維度,0.0,女,遷出,桃園市,1
111,6,28,貢寮區,,,,無年齡維度,0.0,男,遷出,桃園市,1
111,6,28,貢寮區,,,,無年齡維度,0.0,女,遷出,福建省,0
111,6,28,貢寮區,,,,無年齡維度,0.0,男,遷出,福建省,0
111,6,28,貢寮區,,,,無年齡維度,0.0,女,遷出,臺中市,1
111,6,28,貢寮區,,,,無年齡維度,0.0,男,遷出,臺中市,0
111,6,28,貢寮區,,,,無年齡維度,0.0,女,遷出,臺北市,5
111,6,28,貢寮區,,,,無年齡維度,0.0,男,遷出,臺北市,1
111,6,28,貢寮區,,,,無年齡維度,0.0,女,遷出,臺南市,0
111,6,28,貢寮區,,,,無年齡維度,0.0,男,遷出,臺南市,0
111,6,28,貢寮區,,,,無年齡維度,0.0,女,遷出,臺灣省,15
111,6,28,貢寮區,,,,無年齡維度,0.0,男,遷出,臺灣省,6
111,6,28,貢寮區,,,,無年齡維度,0.0,女,遷出,高雄市,0
111,6,28,貢寮區,,,,無年齡維度,0.0,男,遷出,高雄市,0
111,6,29,烏來區,,,,無年齡維度,0.0,女,遷入,migrants,7
111,6,29,烏來區,,,,無年齡維度,0.0,男,遷入,migrants,4
111,6,29,烏來區,,,,無年齡維度,0.0,女,遷入,other,0
111,6,29,烏來區,,,,無年齡維度,0.0,男,遷入,other,0
111,6,29,烏來區,,,,無年齡維度,0.0,女,遷入,其他縣市,0
111,6,29,烏來區,,,,無年齡維度,0.0,男,遷入,其他縣市,0
111,6,29,烏來區,,,,無年齡維度,0.0,女,遷入,其他鄉鎮,16
111,6,29,烏來區,,,,無年齡維度,0.0,男,遷入,其他鄉鎮,7
111,6,29,烏來區,,,,無年齡維度,0.0,女,遷入,合計,26
111,6,29,烏來區,,,,無年齡維度,0.0,男,遷入,合計,12
111,6,29,烏來區,,,,無年齡維度,0.0,女,遷入,國外,4
111,6,29,烏來區,,,,無年齡維度,0.0,男,遷入,國外,1
111,6,29,烏來區,,,,無年齡維度,0.0,女,遷入,新北市內,0
111,6,29,烏來區,,,,無年齡維度,0.0,男,遷入,新北市內,0
111,6,29,烏來區,,,,無年齡維度,0.0,女,遷入,桃園市,1
111,6,29,烏來區,,,,無年齡維度,0.0,男,遷入,桃園市,0
111,6,29,烏來區,,,,無年齡維度,0.0,女,遷入,福建省,0
111,6,29,烏來區,,,,無年齡維度,0.0,男,遷入,福建省,0
111,6,29,烏來區,,,,無年齡維度,0.0,女,遷入,臺中市,0
111,6,29,烏來區,,,,無年齡維度,0.0,男,遷入,臺中市,0
111,6,29,烏來區,,,,無年齡維度,0.0,女,遷入,臺北市,3
111,6,29,烏來區,,,,無年齡維度,0.0,男,遷入,臺北市,4
111,6,29,烏來區,,,,無年齡維度,0.0,女,遷入,臺南市,0
111,6,29,烏來區,,,,無年齡維度,0.0,男,遷入,臺南市,0
111,6,29,烏來區,,,,無年齡維度,0.0,女,遷入,臺灣省,2
111,6,29,烏來區,,,,無年齡維度,0.0,男,遷入,臺灣省,0
111,6,29,烏來區,,,,無年齡維度,0.0,女,遷入,高雄市,0
111,6,29,烏來區,,,,無年齡維度,0.0,男,遷入,高雄市,0
111,6,29,烏來區,,,,無年齡維度,0.0,女,遷出,migrants,7
111,6,29,烏來區,,,,無年齡維度,0.0,男,遷出,migrants,4
111,6,29,烏來區,,,,無年齡維度,0.0,女,遷出,other,0
111,6,29,烏來區,,,,無年齡維度,0.0,男,遷出,other,0
111,6,29,烏來區,,,,無年齡維度,0.0,女,遷出,其他縣市,0
111,6,29,烏來區,,,,無年齡維度,0.0,男,遷出,其他縣市,0
111,6,29,烏來區,,,,無年齡維度,0.0,女,遷出,其他鄉鎮,14
111,6,29,烏來區,,,,無年齡維度,0.0,男,遷出,其他鄉鎮,10
111,6,29,烏來區,,,,無年齡維度,0.0,女,遷出,合計,25
111,6,29,烏來區,,,,無年齡維度,0.0,男,遷出,合計,17
111,6,29,烏來區,,,,無年齡維度,0.0,女,遷出,國外,0
111,6,29,烏來區,,,,無年齡維度,0.0,男,遷出,國外,0
111,6,29,烏來區,,,,無年齡維度,0.0,女,遷出,新北市內,0
111,6,29,烏來區,,,,無年齡維度,0.0,男,遷出,新北市內,0
111,6,29,烏來區,,,,無年齡維度,0.0,女,遷出,桃園市,2
111,6,29,烏來區,,,,無年齡維度,0.0,男,遷出,桃園市,1
111,6,29,烏來區,,,,無年齡維度,0.0,女,遷出,福建省,0
111,6,29,烏來區,,,,無年齡維度,0.0,男,遷出,福建省,1
111,6,29,烏來區,,,,無年齡維度,0.0,女,遷出,臺中市,0
111,6,29,烏來區,,,,無年齡維度,0.0,男,遷出,臺中市,0
111,6,29,烏來區,,,,無年齡維度,0.0,女,遷出,臺北市,2
111,6,29,烏來區,,,,無年齡維度,0.0,男,遷出,臺北市,1
111,6,29,烏來區,,,,無年齡維度,0.0,女,遷出,臺南市,0
111,6,29,烏來區,,,,無年齡維度,0.0,男,遷出,臺南市,0
111,6,29,烏來區,,,,無年齡維度,0.0,女,遷出,臺灣省,6
111,6,29,烏來區,,,,無年齡維度,0.0,男,遷出,臺灣省,4
111,6,29,烏來區,,,,無年齡維度,0.0,女,遷出,高雄市,1
111,6,29,烏來區,,,,無年齡維度,0.0,男,遷出,高雄市,0
111,7,1,板橋區,,,,無年齡維度,0.0,女,遷入,migrants,813
111,7,1,板橋區,,,,無年齡維度,0.0,男,遷入,migrants,729
111,7,1,板橋區,,,,無年齡維度,0.0,女,遷入,other,0
111,7,1,板橋區,,,,無年齡維度,0.0,男,遷入,other,0
111,7,1,板橋區,,,,無年齡維度,0.0,女,遷入,其他縣市,0
111,7,1,板橋區,,,,無年齡維度,0.0,男,遷入,其他縣市,0
111,7,1,板橋區,,,,無年齡維度,0.0,女,遷入,其他鄉鎮,406
111,7,1,板橋區,,,,無年齡維度,0.0,男,遷入,其他鄉鎮,336
111,7,1,板橋區,,,,無年齡維度,0.0,女,遷入,合計,1147
111,7,1,板橋區,,,,無年齡維度,0.0,男,遷入,合計,965
111,7,1,板橋區,,,,無年齡維度,0.0,女,遷入,國外,226
111,7,1,板橋區,,,,無年齡維度,0.0,男,遷入,國外,166
111,7,1,板橋區,,,,無年齡維度,0.0,女,遷入,新北市內,0
111,7,1,板橋區,,,,無年齡維度,0.0,男,遷入,新北市內,0
111,7,1,板橋區,,,,無年齡維度,0.0,女,遷入,桃園市,58
111,7,1,板橋區,,,,無年齡維度,0.0,男,遷入,桃園市,47
111,7,1,板橋區,,,,無年齡維度,0.0,女,遷入,福建省,3
111,7,1,板橋區,,,,無年齡維度,0.0,男,遷入,福建省,5
111,7,1,板橋區,,,,無年齡維度,0.0,女,遷入,臺中市,14
111,7,1,板橋區,,,,無年齡維度,0.0,男,遷入,臺中市,25
111,7,1,板橋區,,,,無年齡維度,0.0,女,遷入,臺北市,271
111,7,1,板橋區,,,,無年齡維度,0.0,男,遷入,臺北市,243
111,7,1,板橋區,,,,無年齡維度,0.0,女,遷入,臺南市,13
111,7,1,板橋區,,,,無年齡維度,0.0,男,遷入,臺南市,8
111,7,1,板橋區,,,,無年齡維度,0.0,女,遷入,臺灣省,117
111,7,1,板橋區,,,,無年齡維度,0.0,男,遷入,臺灣省,111
111,7,1,板橋區,,,,無年齡維度,0.0,女,遷入,高雄市,22
111,7,1,板橋區,,,,無年齡維度,0.0,男,遷入,高雄市,15
111,7,1,板橋區,,,,無年齡維度,0.0,女,遷出,migrants,813
111,7,1,板橋區,,,,無年齡維度,0.0,男,遷出,migrants,729
111,7,1,板橋區,,,,無年齡維度,0.0,女,遷出,other,0
111,7,1,板橋區,,,,無年齡維度,0.0,男,遷出,other,0
111,7,1,板橋區,,,,無年齡維度,0.0,女,遷出,其他縣市,0
111,7,1,板橋區,,,,無年齡維度,0.0,男,遷出,其他縣市,0
111,7,1,板橋區,,,,無年齡維度,0.0,女,遷出,其他鄉鎮,456
111,7,1,板橋區,,,,無年齡維度,0.0,男,遷出,其他鄉鎮,359
111,7,1,板橋區,,,,無年齡維度,0.0,女,遷出,合計,1030
111,7,1,板橋區,,,,無年齡維度,0.0,男,遷出,合計,875
111,7,1,板橋區,,,,無年齡維度,0.0,女,遷出,國外,59
111,7,1,板橋區,,,,無年齡維度,0.0,男,遷出,國外,73
111,7,1,板橋區,,,,無年齡維度,0.0,女,遷出,新北市內,0
111,7,1,板橋區,,,,無年齡維度,0.0,男,遷出,新北市內,0
111,7,1,板橋區,,,,無年齡維度,0.0,女,遷出,桃園市,123
111,7,1,板橋區,,,,無年齡維度,0.0,男,遷出,桃園市,109
111,7,1,板橋區,,,,無年齡維度,0.0,女,遷出,福建省,11
111,7,1,板橋區,,,,無年齡維度,0.0,男,遷出,福建省,7
111,7,1,板橋區,,,,無年齡維度,0.0,女,遷出,臺中市,42
111,7,1,板橋區,,,,無年齡維度,0.0,男,遷出,臺中市,34
111,7,1,板橋區,,,,無年齡維度,0.0,女,遷出,臺北市,158
111,7,1,板橋區,,,,無年齡維度,0.0,男,遷出,臺北市,119
111,7,1,板橋區,,,,無年齡維度,0.0,女,遷出,臺南市,18
111,7,1,板橋區,,,,無年齡維度,0.0,男,遷出,臺南市,10
111,7,1,板橋區,,,,無年齡維度,0.0,女,遷出,臺灣省,140
111,7,1,板橋區,,,,無年齡維度,0.0,男,遷出,臺灣省,139
111,7,1,板橋區,,,,無年齡維度,0.0,女,遷出,高雄市,23
111,7,1,板橋區,,,,無年齡維度,0.0,男,遷出,高雄市,25
111,7,2,三重區,,,,無年齡維度,0.0,女,遷入,migrants,507
111,7,2,三重區,,,,無年齡維度,0.0,男,遷入,migrants,461
111,7,2,三重區,,,,無年齡維度,0.0,女,遷入,other,0
111,7,2,三重區,,,,無年齡維度,0.0,男,遷入,other,0
111,7,2,三重區,,,,無年齡維度,0.0,女,遷入,其他縣市,0
111,7,2,三重區,,,,無年齡維度,0.0,男,遷入,其他縣市,0
111,7,2,三重區,,,,無年齡維度,0.0,女,遷入,其他鄉鎮,245
111,7,2,三重區,,,,無年齡維度,0.0,男,遷入,其他鄉鎮,179
111,7,2,三重區,,,,無年齡維度,0.0,女,遷入,合計,938
111,7,2,三重區,,,,無年齡維度,0.0,男,遷入,合計,777
111,7,2,三重區,,,,無年齡維度,0.0,女,遷入,國外,137
111,7,2,三重區,,,,無年齡維度,0.0,男,遷入,國外,113
111,7,2,三重區,,,,無年齡維度,0.0,女,遷入,新北市內,0
111,7,2,三重區,,,,無年齡維度,0.0,男,遷入,新北市內,0
111,7,2,三重區,,,,無年齡維度,0.0,女,遷入,桃園市,36
111,7,2,三重區,,,,無年齡維度,0.0,男,遷入,桃園市,21
111,7,2,三重區,,,,無年齡維度,0.0,女,遷入,福建省,2
111,7,2,三重區,,,,無年齡維度,0.0,男,遷入,福建省,5
111,7,2,三重區,,,,無年齡維度,0.0,女,遷入,臺中市,23
111,7,2,三重區,,,,無年齡維度,0.0,男,遷入,臺中市,24
111,7,2,三重區,,,,無年齡維度,0.0,女,遷入,臺北市,382
111,7,2,三重區,,,,無年齡維度,0.0,男,遷入,臺北市,332
111,7,2,三重區,,,,無年齡維度,0.0,女,遷入,臺南市,13
111,7,2,三重區,,,,無年齡維度,0.0,男,遷入,臺南市,9
111,7,2,三重區,,,,無年齡維度,0.0,女,遷入,臺灣省,75
111,7,2,三重區,,,,無年齡維度,0.0,男,遷入,臺灣省,74
111,7,2,三重區,,,,無年齡維度,0.0,女,遷入,高雄市,16
111,7,2,三重區,,,,無年齡維度,0.0,男,遷入,高雄市,15
111,7,2,三重區,,,,無年齡維度,0.0,女,遷出,migrants,507
111,7,2,三重區,,,,無年齡維度,0.0,男,遷出,migrants,461
111,7,2,三重區,,,,無年齡維度,0.0,女,遷出,other,0
111,7,2,三重區,,,,無年齡維度,0.0,男,遷出,other,0
111,7,2,三重區,,,,無年齡維度,0.0,女,遷出,其他縣市,0
111,7,2,三重區,,,,無年齡維度,0.0,男,遷出,其他縣市,0
111,7,2,三重區,,,,無年齡維度,0.0,女,遷出,其他鄉鎮,314
111,7,2,三重區,,,,無年齡維度,0.0,男,遷出,其他鄉鎮,254
111,7,2,三重區,,,,無年齡維度,0.0,女,遷出,合計,794
111,7,2,三重區,,,,無年齡維度,0.0,男,遷出,合計,635
111,7,2,三重區,,,,無年齡維度,0.0,女,遷出,國外,44
111,7,2,三重區,,,,無年齡維度,0.0,男,遷出,國外,40
111,7,2,三重區,,,,無年齡維度,0.0,女,遷出,新北市內,0
111,7,2,三重區,,,,無年齡維度,0.0,男,遷出,新北市內,0
111,7,2,三重區,,,,無年齡維度,0.0,女,遷出,桃園市,83
111,7,2,三重區,,,,無年齡維度,0.0,男,遷出,桃園市,64
111,7,2,三重區,,,,無年齡維度,0.0,女,遷出,福建省,2
111,7,2,三重區,,,,無年齡維度,0.0,男,遷出,福建省,2
111,7,2,三重區,,,,無年齡維度,0.0,女,遷出,臺中市,25
111,7,2,三重區,,,,無年齡維度,0.0,男,遷出,臺中市,22
111,7,2,三重區,,,,無年齡維度,0.0,女,遷出,臺北市,189
111,7,2,三重區,,,,無年齡維度,0.0,男,遷出,臺北市,140
111,7,2,三重區,,,,無年齡維度,0.0,女,遷出,臺南市,15
111,7,2,三重區,,,,無年齡維度,0.0,男,遷出,臺南市,18
111,7,2,三重區,,,,無年齡維度,0.0,女,遷出,臺灣省,103
111,7,2,三重區,,,,無年齡維度,0.0,男,遷出,臺灣省,85
111,7,2,三重區,,,,無年齡維度,0.0,女,遷出,高雄市,19
111,7,2,三重區,,,,無年齡維度,0.0,男,遷出,高雄市,10
111,7,3,中和區,,,,無年齡維度,0.0,女,遷入,migrants,414
111,7,3,中和區,,,,無年齡維度,0.0,男,遷入,migrants,349
111,7,3,中和區,,,,無年齡維度,0.0,女,遷入,other,0
111,7,3,中和區,,,,無年齡維度,0.0,男,遷入,other,0
111,7,3,中和區,,,,無年齡維度,0.0,女,遷入,其他縣市,0
111,7,3,中和區,,,,無年齡維度,0.0,男,遷入,其他縣市,0
111,7,3,中和區,,,,無年齡維度,0.0,女,遷入,其他鄉鎮,410
111,7,3,中和區,,,,無年齡維度,0.0,男,遷入,其他鄉鎮,364
111,7,3,中和區,,,,無年齡維度,0.0,女,遷入,合計,1085
111,7,3,中和區,,,,無年齡維度,0.0,男,遷入,合計,898
111,7,3,中和區,,,,無年齡維度,0.0,女,遷入,國外,237
111,7,3,中和區,,,,無年齡維度,0.0,男,遷入,國外,182
111,7,3,中和區,,,,無年齡維度,0.0,女,遷入,新北市內,0
111,7,3,中和區,,,,無年齡維度,0.0,男,遷入,新北市內,0
111,7,3,中和區,,,,無年齡維度,0.0,女,遷入,桃園市,53
111,7,3,中和區,,,,無年齡維度,0.0,男,遷入,桃園市,32
111,7,3,中和區,,,,無年齡維度,0.0,女,遷入,福建省,9
111,7,3,中和區,,,,無年齡維度,0.0,男,遷入,福建省,8
111,7,3,中和區,,,,無年齡維度,0.0,女,遷入,臺中市,23
111,7,3,中和區,,,,無年齡維度,0.0,男,遷入,臺中市,17
111,7,3,中和區,,,,無年齡維度,0.0,女,遷入,臺北市,234
111,7,3,中和區,,,,無年齡維度,0.0,男,遷入,臺北市,188
111,7,3,中和區,,,,無年齡維度,0.0,女,遷入,臺南市,20
111,7,3,中和區,,,,無年齡維度,0.0,男,遷入,臺南市,17
111,7,3,中和區,,,,無年齡維度,0.0,女,遷入,臺灣省,65
111,7,3,中和區,,,,無年齡維度,0.0,男,遷入,臺灣省,59
111,7,3,中和區,,,,無年齡維度,0.0,女,遷入,高雄市,14
111,7,3,中和區,,,,無年齡維度,0.0,男,遷入,高雄市,21
111,7,3,中和區,,,,無年齡維度,0.0,女,遷出,migrants,414
111,7,3,中和區,,,,無年齡維度,0.0,男,遷出,migrants,349
111,7,3,中和區,,,,無年齡維度,0.0,女,遷出,other,0
111,7,3,中和區,,,,無年齡維度,0.0,男,遷出,other,0
111,7,3,中和區,,,,無年齡維度,0.0,女,遷出,其他縣市,0
111,7,3,中和區,,,,無年齡維度,0.0,男,遷出,其他縣市,0
111,7,3,中和區,,,,無年齡維度,0.0,女,遷出,其他鄉鎮,408
111,7,3,中和區,,,,無年齡維度,0.0,男,遷出,其他鄉鎮,350
111,7,3,中和區,,,,無年齡維度,0.0,女,遷出,合計,849
111,7,3,中和區,,,,無年齡維度,0.0,男,遷出,合計,792
111,7,3,中和區,,,,無年齡維度,0.0,女,遷出,國外,55
111,7,3,中和區,,,,無年齡維度,0.0,男,遷出,國外,78
111,7,3,中和區,,,,無年齡維度,0.0,女,遷出,新北市內,0
111,7,3,中和區,,,,無年齡維度,0.0,男,遷出,新北市內,0
111,7,3,中和區,,,,無年齡維度,0.0,女,遷出,桃園市,87
111,7,3,中和區,,,,無年齡維度,0.0,男,遷出,桃園市,79
111,7,3,中和區,,,,無年齡維度,0.0,女,遷出,福建省,16
111,7,3,中和區,,,,無年齡維度,0.0,男,遷出,福建省,10
111,7,3,中和區,,,,無年齡維度,0.0,女,遷出,臺中市,23
111,7,3,中和區,,,,無年齡維度,0.0,男,遷出,臺中市,22
111,7,3,中和區,,,,無年齡維度,0.0,女,遷出,臺北市,126
111,7,3,中和區,,,,無年齡維度,0.0,男,遷出,臺北市,118
111,7,3,中和區,,,,無年齡維度,0.0,女,遷出,臺南市,12
111,7,3,中和區,,,,無年齡維度,0.0,男,遷出,臺南市,12
111,7,3,中和區,,,,無年齡維度,0.0,女,遷出,臺灣省,109
111,7,3,中和區,,,,無年齡維度,0.0,男,遷出,臺灣省,114
111,7,3,中和區,,,,無年齡維度,0.0,女,遷出,高雄市,13
111,7,3,中和區,,,,無年齡維度,0.0,男,遷出,高雄市,7
111,7,4,永和區,,,,無年齡維度,0.0,女,遷入,migrants,205
111,7,4,永和區,,,,無年齡維度,0.0,男,遷入,migrants,212
111,7,4,永和區,,,,無年齡維度,0.0,女,遷入,other,0
111,7,4,永和區,,,,無年齡維度,0.0,男,遷入,other,0
111,7,4,永和區,,,,無年齡維度,0.0,女,遷入,其他縣市,0
111,7,4,永和區,,,,無年齡維度,0.0,男,遷入,其他縣市,0
111,7,4,永和區,,,,無年齡維度,0.0,女,遷入,其他鄉鎮,195
111,7,4,永和區,,,,無年齡維度,0.0,男,遷入,其他鄉鎮,157
111,7,4,永和區,,,,無年齡維度,0.0,女,遷入,合計,588
111,7,4,永和區,,,,無年齡維度,0.0,男,遷入,合計,462
111,7,4,永和區,,,,無年齡維度,0.0,女,遷入,國外,172
111,7,4,永和區,,,,無年齡維度,0.0,男,遷入,國外,106
111,7,4,永和區,,,,無年齡維度,0.0,女,遷入,新北市內,0
111,7,4,永和區,,,,無年齡維度,0.0,男,遷入,新北市內,0
111,7,4,永和區,,,,無年齡維度,0.0,女,遷入,桃園市,27
111,7,4,永和區,,,,無年齡維度,0.0,男,遷入,桃園市,21
111,7,4,永和區,,,,無年齡維度,0.0,女,遷入,福建省,0
111,7,4,永和區,,,,無年齡維度,0.0,男,遷入,福建省,3
111,7,4,永和區,,,,無年齡維度,0.0,女,遷入,臺中市,9
111,7,4,永和區,,,,無年齡維度,0.0,男,遷入,臺中市,9
111,7,4,永和區,,,,無年齡維度,0.0,女,遷入,臺北市,124
111,7,4,永和區,,,,無年齡維度,0.0,男,遷入,臺北市,116
111,7,4,永和區,,,,無年齡維度,0.0,女,遷入,臺南市,3
111,7,4,永和區,,,,無年齡維度,0.0,男,遷入,臺南市,8
111,7,4,永和區,,,,無年齡維度,0.0,女,遷入,臺灣省,42
111,7,4,永和區,,,,無年齡維度,0.0,男,遷入,臺灣省,34
111,7,4,永和區,,,,無年齡維度,0.0,女,遷入,高雄市,8
111,7,4,永和區,,,,無年齡維度,0.0,男,遷入,高雄市,2
111,7,4,永和區,,,,無年齡維度,0.0,女,遷出,migrants,205
111,7,4,永和區,,,,無年齡維度,0.0,男,遷出,migrants,212
111,7,4,永和區,,,,無年齡維度,0.0,女,遷出,other,0
111,7,4,永和區,,,,無年齡維度,0.0,男,遷出,other,0
111,7,4,永和區,,,,無年齡維度,0.0,女,遷出,其他縣市,0
111,7,4,永和區,,,,無年齡維度,0.0,男,遷出,其他縣市,0
111,7,4,永和區,,,,無年齡維度,0.0,女,遷出,其他鄉鎮,299
111,7,4,永和區,,,,無年齡維度,0.0,男,遷出,其他鄉鎮,278
111,7,4,永和區,,,,無年齡維度,0.0,女,遷出,合計,575
111,7,4,永和區,,,,無年齡維度,0.0,男,遷出,合計,536
111,7,4,永和區,,,,無年齡維度,0.0,女,遷出,國外,25
111,7,4,永和區,,,,無年齡維度,0.0,男,遷出,國外,32
111,7,4,永和區,,,,無年齡維度,0.0,女,遷出,新北市內,0
111,7,4,永和區,,,,無年齡維度,0.0,男,遷出,新北市內,0
111,7,4,永和區,,,,無年齡維度,0.0,女,遷出,桃園市,45
111,7,4,永和區,,,,無年齡維度,0.0,男,遷出,桃園市,41
111,7,4,永和區,,,,無年齡維度,0.0,女,遷出,福建省,6
111,7,4,永和區,,,,無年齡維度,0.0,男,遷出,福建省,9
111,7,4,永和區,,,,無年齡維度,0.0,女,遷出,臺中市,16
111,7,4,永和區,,,,無年齡維度,0.0,男,遷出,臺中市,22
111,7,4,永和區,,,,無年齡維度,0.0,女,遷出,臺北市,99
111,7,4,永和區,,,,無年齡維度,0.0,男,遷出,臺北市,91
111,7,4,永和區,,,,無年齡維度,0.0,女,遷出,臺南市,7
111,7,4,永和區,,,,無年齡維度,0.0,男,遷出,臺南市,6
111,7,4,永和區,,,,無年齡維度,0.0,女,遷出,臺灣省,66
111,7,4,永和區,,,,無年齡維度,0.0,男,遷出,臺灣省,48
111,7,4,永和區,,,,無年齡維度,0.0,女,遷出,高雄市,10
111,7,4,永和區,,,,無年齡維度,0.0,男,遷出,高雄市,9
111,7,5,新莊區,,,,無年齡維度,0.0,女,遷入,migrants,738
111,7,5,新莊區,,,,無年齡維度,0.0,男,遷入,migrants,637
111,7,5,新莊區,,,,無年齡維度,0.0,女,遷入,other,0
111,7,5,新莊區,,,,無年齡維度,0.0,男,遷入,other,0
111,7,5,新莊區,,,,無年齡維度,0.0,女,遷入,其他縣市,0
111,7,5,新莊區,,,,無年齡維度,0.0,男,遷入,其他縣市,0
111,7,5,新莊區,,,,無年齡維度,0.0,女,遷入,其他鄉鎮,335
111,7,5,新莊區,,,,無年齡維度,0.0,男,遷入,其他鄉鎮,255
111,7,5,新莊區,,,,無年齡維度,0.0,女,遷入,合計,889
111,7,5,新莊區,,,,無年齡維度,0.0,男,遷入,合計,742
111,7,5,新莊區,,,,無年齡維度,0.0,女,遷入,國外,135
111,7,5,新莊區,,,,無年齡維度,0.0,男,遷入,國外,154
111,7,5,新莊區,,,,無年齡維度,0.0,女,遷入,新北市內,0
111,7,5,新莊區,,,,無年齡維度,0.0,男,遷入,新北市內,0
111,7,5,新莊區,,,,無年齡維度,0.0,女,遷入,桃園市,73
111,7,5,新莊區,,,,無年齡維度,0.0,男,遷入,桃園市,66
111,7,5,新莊區,,,,無年齡維度,0.0,女,遷入,福建省,6
111,7,5,新莊區,,,,無年齡維度,0.0,男,遷入,福建省,4
111,7,5,新莊區,,,,無年齡維度,0.0,女,遷入,臺中市,23
111,7,5,新莊區,,,,無年齡維度,0.0,男,遷入,臺中市,18
111,7,5,新莊區,,,,無年齡維度,0.0,女,遷入,臺北市,189
111,7,5,新莊區,,,,無年齡維度,0.0,男,遷入,臺北市,137
111,7,5,新莊區,,,,無年齡維度,0.0,女,遷入,臺南市,18
111,7,5,新莊區,,,,無年齡維度,0.0,男,遷入,臺南市,7
111,7,5,新莊區,,,,無年齡維度,0.0,女,遷入,臺灣省,86
111,7,5,新莊區,,,,無年齡維度,0.0,男,遷入,臺灣省,79
111,7,5,新莊區,,,,無年齡維度,0.0,女,遷入,高雄市,13
111,7,5,新莊區,,,,無年齡維度,0.0,男,遷入,高雄市,10
111,7,5,新莊區,,,,無年齡維度,0.0,女,遷出,migrants,738
111,7,5,新莊區,,,,無年齡維度,0.0,男,遷出,migrants,637
111,7,5,新莊區,,,,無年齡維度,0.0,女,遷出,other,0
111,7,5,新莊區,,,,無年齡維度,0.0,男,遷出,other,0
111,7,5,新莊區,,,,無年齡維度,0.0,女,遷出,其他縣市,0
111,7,5,新莊區,,,,無年齡維度,0.0,男,遷出,其他縣市,0
111,7,5,新莊區,,,,無年齡維度,0.0,女,遷出,其他鄉鎮,314
111,7,5,新莊區,,,,無年齡維度,0.0,男,遷出,其他鄉鎮,266
111,7,5,新莊區,,,,無年齡維度,0.0,女,遷出,合計,803
111,7,5,新莊區,,,,無年齡維度,0.0,男,遷出,合計,686
111,7,5,新莊區,,,,無年齡維度,0.0,女,遷出,國外,37
111,7,5,新莊區,,,,無年齡維度,0.0,男,遷出,國外,37
111,7,5,新莊區,,,,無年齡維度,0.0,女,遷出,新北市內,0
111,7,5,新莊區,,,,無年齡維度,0.0,男,遷出,新北市內,0
111,7,5,新莊區,,,,無年齡維度,0.0,女,遷出,桃園市,146
111,7,5,新莊區,,,,無年齡維度,0.0,男,遷出,桃園市,135
111,7,5,新莊區,,,,無年齡維度,0.0,女,遷出,福建省,6
111,7,5,新莊區,,,,無年齡維度,0.0,男,遷出,福建省,10
111,7,5,新莊區,,,,無年齡維度,0.0,女,遷出,臺中市,34
111,7,5,新莊區,,,,無年齡維度,0.0,男,遷出,臺中市,17
111,7,5,新莊區,,,,無年齡維度,0.0,女,遷出,臺北市,107
111,7,5,新莊區,,,,無年齡維度,0.0,男,遷出,臺北市,70
111,7,5,新莊區,,,,無年齡維度,0.0,女,遷出,臺南市,19
111,7,5,新莊區,,,,無年齡維度,0.0,男,遷出,臺南市,18
111,7,5,新莊區,,,,無年齡維度,0.0,女,遷出,臺灣省,126
111,7,5,新莊區,,,,無年齡維度,0.0,男,遷出,臺灣省,123
111,7,5,新莊區,,,,無年齡維度,0.0,女,遷出,高雄市,14
111,7,5,新莊區,,,,無年齡維度,0.0,男,遷出,高雄市,9
111,7,6,新店區,,,,無年齡維度,0.0,女,遷入,migrants,406
111,7,6,新店區,,,,無年齡維度,0.0,男,遷入,migrants,365
111,7,6,新店區,,,,無年齡維度,0.0,女,遷入,other,0
111,7,6,新店區,,,,無年齡維度,0.0,男,遷入,other,0
111,7,6,新店區,,,,無年齡維度,0.0,女,遷入,其他縣市,0
111,7,6,新店區,,,,無年齡維度,0.0,男,遷入,其他縣市,0
111,7,6,新店區,,,,無年齡維度,0.0,女,遷入,其他鄉鎮,163
111,7,6,新店區,,,,無年齡維度,0.0,男,遷入,其他鄉鎮,163
111,7,6,新店區,,,,無年齡維度,0.0,女,遷入,合計,857
111,7,6,新店區,,,,無年齡維度,0.0,男,遷入,合計,779
111,7,6,新店區,,,,無年齡維度,0.0,女,遷入,國外,265
111,7,6,新店區,,,,無年齡維度,0.0,男,遷入,國外,193
111,7,6,新店區,,,,無年齡維度,0.0,女,遷入,新北市內,0
111,7,6,新店區,,,,無年齡維度,0.0,男,遷入,新北市內,0
111,7,6,新店區,,,,無年齡維度,0.0,女,遷入,桃園市,22
111,7,6,新店區,,,,無年齡維度,0.0,男,遷入,桃園市,29
111,7,6,新店區,,,,無年齡維度,0.0,女,遷入,福建省,4
111,7,6,新店區,,,,無年齡維度,0.0,男,遷入,福建省,4
111,7,6,新店區,,,,無年齡維度,0.0,女,遷入,臺中市,12
111,7,6,新店區,,,,無年齡維度,0.0,男,遷入,臺中市,12
111,7,6,新店區,,,,無年齡維度,0.0,女,遷入,臺北市,303
111,7,6,新店區,,,,無年齡維度,0.0,男,遷入,臺北市,292
111,7,6,新店區,,,,無年齡維度,0.0,女,遷入,臺南市,8
111,7,6,新店區,,,,無年齡維度,0.0,男,遷入,臺南市,12
111,7,6,新店區,,,,無年齡維度,0.0,女,遷入,臺灣省,55
111,7,6,新店區,,,,無年齡維度,0.0,男,遷入,臺灣省,51
111,7,6,新店區,,,,無年齡維度,0.0,女,遷入,高雄市,17
111,7,6,新店區,,,,無年齡維度,0.0,男,遷入,高雄市,14
111,7,6,新店區,,,,無年齡維度,0.0,女,遷出,migrants,406
111,7,6,新店區,,,,無年齡維度,0.0,男,遷出,migrants,365
111,7,6,新店區,,,,無年齡維度,0.0,女,遷出,other,0
111,7,6,新店區,,,,無年齡維度,0.0,男,遷出,other,0
111,7,6,新店區,,,,無年齡維度,0.0,女,遷出,其他縣市,0
111,7,6,新店區,,,,無年齡維度,0.0,男,遷出,其他縣市,0
111,7,6,新店區,,,,無年齡維度,0.0,女,遷出,其他鄉鎮,192
111,7,6,新店區,,,,無年齡維度,0.0,男,遷出,其他鄉鎮,140
111,7,6,新店區,,,,無年齡維度,0.0,女,遷出,合計,571
111,7,6,新店區,,,,無年齡維度,0.0,男,遷出,合計,480
111,7,6,新店區,,,,無年齡維度,0.0,女,遷出,國外,42
111,7,6,新店區,,,,無年齡維度,0.0,男,遷出,國外,36
111,7,6,新店區,,,,無年齡維度,0.0,女,遷出,新北市內,0
111,7,6,新店區,,,,無年齡維度,0.0,男,遷出,新北市內,0
111,7,6,新店區,,,,無年齡維度,0.0,女,遷出,桃園市,46
111,7,6,新店區,,,,無年齡維度,0.0,男,遷出,桃園市,45
111,7,6,新店區,,,,無年齡維度,0.0,女,遷出,福建省,6
111,7,6,新店區,,,,無年齡維度,0.0,男,遷出,福建省,2
111,7,6,新店區,,,,無年齡維度,0.0,女,遷出,臺中市,19
111,7,6,新店區,,,,無年齡維度,0.0,男,遷出,臺中市,19
111,7,6,新店區,,,,無年齡維度,0.0,女,遷出,臺北市,177
111,7,6,新店區,,,,無年齡維度,0.0,男,遷出,臺北市,149
111,7,6,新店區,,,,無年齡維度,0.0,女,遷出,臺南市,4
111,7,6,新店區,,,,無年齡維度,0.0,男,遷出,臺南市,9
111,7,6,新店區,,,,無年齡維度,0.0,女,遷出,臺灣省,71
111,7,6,新店區,,,,無年齡維度,0.0,男,遷出,臺灣省,70
111,7,6,新店區,,,,無年齡維度,0.0,女,遷出,高雄市,14
111,7,6,新店區,,,,無年齡維度,0.0,男,遷出,高雄市,10
111,7,7,土城區,,,,無年齡維度,0.0,女,遷入,migrants,195
111,7,7,土城區,,,,無年齡維度,0.0,男,遷入,migrants,191
111,7,7,土城區,,,,無年齡維度,0.0,女,遷入,other,0
111,7,7,土城區,,,,無年齡維度,0.0,男,遷入,other,0
111,7,7,土城區,,,,無年齡維度,0.0,女,遷入,其他縣市,0
111,7,7,土城區,,,,無年齡維度,0.0,男,遷入,其他縣市,0
111,7,7,土城區,,,,無年齡維度,0.0,女,遷入,其他鄉鎮,190
111,7,7,土城區,,,,無年齡維度,0.0,男,遷入,其他鄉鎮,159
111,7,7,土城區,,,,無年齡維度,0.0,女,遷入,合計,377
111,7,7,土城區,,,,無年齡維度,0.0,男,遷入,合計,331
111,7,7,土城區,,,,無年齡維度,0.0,女,遷入,國外,62
111,7,7,土城區,,,,無年齡維度,0.0,男,遷入,國外,61
111,7,7,土城區,,,,無年齡維度,0.0,女,遷入,新北市內,0
111,7,7,土城區,,,,無年齡維度,0.0,男,遷入,新北市內,0
111,7,7,土城區,,,,無年齡維度,0.0,女,遷入,桃園市,32
111,7,7,土城區,,,,無年齡維度,0.0,男,遷入,桃園市,32
111,7,7,土城區,,,,無年齡維度,0.0,女,遷入,福建省,1
111,7,7,土城區,,,,無年齡維度,0.0,男,遷入,福建省,0
111,7,7,土城區,,,,無年齡維度,0.0,女,遷入,臺中市,3
111,7,7,土城區,,,,無年齡維度,0.0,男,遷入,臺中市,3
111,7,7,土城區,,,,無年齡維度,0.0,女,遷入,臺北市,42
111,7,7,土城區,,,,無年齡維度,0.0,男,遷入,臺北市,31
111,7,7,土城區,,,,無年齡維度,0.0,女,遷入,臺南市,3
111,7,7,土城區,,,,無年齡維度,0.0,男,遷入,臺南市,3
111,7,7,土城區,,,,無年齡維度,0.0,女,遷入,臺灣省,27
111,7,7,土城區,,,,無年齡維度,0.0,男,遷入,臺灣省,22
111,7,7,土城區,,,,無年齡維度,0.0,女,遷入,高雄市,6
111,7,7,土城區,,,,無年齡維度,0.0,男,遷入,高雄市,12
111,7,7,土城區,,,,無年齡維度,0.0,女,遷出,migrants,195
111,7,7,土城區,,,,無年齡維度,0.0,男,遷出,migrants,191
111,7,7,土城區,,,,無年齡維度,0.0,女,遷出,other,0
111,7,7,土城區,,,,無年齡維度,0.0,男,遷出,other,0
111,7,7,土城區,,,,無年齡維度,0.0,女,遷出,其他縣市,0
111,7,7,土城區,,,,無年齡維度,0.0,男,遷出,其他縣市,0
111,7,7,土城區,,,,無年齡維度,0.0,女,遷出,其他鄉鎮,201
111,7,7,土城區,,,,無年齡維度,0.0,男,遷出,其他鄉鎮,175
111,7,7,土城區,,,,無年齡維度,0.0,女,遷出,合計,395
111,7,7,土城區,,,,無年齡維度,0.0,男,遷出,合計,350
111,7,7,土城區,,,,無年齡維度,0.0,女,遷出,國外,8
111,7,7,土城區,,,,無年齡維度,0.0,男,遷出,國外,16
111,7,7,土城區,,,,無年齡維度,0.0,女,遷出,新北市內,0
111,7,7,土城區,,,,無年齡維度,0.0,男,遷出,新北市內,0
111,7,7,土城區,,,,無年齡維度,0.0,女,遷出,桃園市,88
111,7,7,土城區,,,,無年齡維度,0.0,男,遷出,桃園市,71
111,7,7,土城區,,,,無年齡維度,0.0,女,遷出,福建省,1
111,7,7,土城區,,,,無年齡維度,0.0,男,遷出,福建省,0
111,7,7,土城區,,,,無年齡維度,0.0,女,遷出,臺中市,12
111,7,7,土城區,,,,無年齡維度,0.0,男,遷出,臺中市,14
111,7,7,土城區,,,,無年齡維度,0.0,女,遷出,臺北市,25
111,7,7,土城區,,,,無年齡維度,0.0,男,遷出,臺北市,26
111,7,7,土城區,,,,無年齡維度,0.0,女,遷出,臺南市,4
111,7,7,土城區,,,,無年齡維度,0.0,男,遷出,臺南市,6
111,7,7,土城區,,,,無年齡維度,0.0,女,遷出,臺灣省,49
111,7,7,土城區,,,,無年齡維度,0.0,男,遷出,臺灣省,38
111,7,7,土城區,,,,無年齡維度,0.0,女,遷出,高雄市,7
111,7,7,土城區,,,,無年齡維度,0.0,男,遷出,高雄市,4
111,7,8,蘆洲區,,,,無年齡維度,0.0,女,遷入,migrants,131
111,7,8,蘆洲區,,,,無年齡維度,0.0,男,遷入,migrants,118
111,7,8,蘆洲區,,,,無年齡維度,0.0,女,遷入,other,0
111,7,8,蘆洲區,,,,無年齡維度,0.0,男,遷入,other,0
111,7,8,蘆洲區,,,,無年齡維度,0.0,女,遷入,其他縣市,0
111,7,8,蘆洲區,,,,無年齡維度,0.0,男,遷入,其他縣市,0
111,7,8,蘆洲區,,,,無年齡維度,0.0,女,遷入,其他鄉鎮,83
111,7,8,蘆洲區,,,,無年齡維度,0.0,男,遷入,其他鄉鎮,95
111,7,8,蘆洲區,,,,無年齡維度,0.0,女,遷入,合計,225
111,7,8,蘆洲區,,,,無年齡維度,0.0,男,遷入,合計,223
111,7,8,蘆洲區,,,,無年齡維度,0.0,女,遷入,國外,26
111,7,8,蘆洲區,,,,無年齡維度,0.0,男,遷入,國外,22
111,7,8,蘆洲區,,,,無年齡維度,0.0,女,遷入,新北市內,0
111,7,8,蘆洲區,,,,無年齡維度,0.0,男,遷入,新北市內,0
111,7,8,蘆洲區,,,,無年齡維度,0.0,女,遷入,桃園市,54
111,7,8,蘆洲區,,,,無年齡維度,0.0,男,遷入,桃園市,57
111,7,8,蘆洲區,,,,無年齡維度,0.0,女,遷入,福建省,2
111,7,8,蘆洲區,,,,無年齡維度,0.0,男,遷入,福建省,1
111,7,8,蘆洲區,,,,無年齡維度,0.0,女,遷入,臺中市,5
111,7,8,蘆洲區,,,,無年齡維度,0.0,男,遷入,臺中市,4
111,7,8,蘆洲區,,,,無年齡維度,0.0,女,遷入,臺北市,20
111,7,8,蘆洲區,,,,無年齡維度,0.0,男,遷入,臺北市,20
111,7,8,蘆洲區,,,,無年齡維度,0.0,女,遷入,臺南市,2
111,7,8,蘆洲區,,,,無年齡維度,0.0,男,遷入,臺南市,0
111,7,8,蘆洲區,,,,無年齡維度,0.0,女,遷入,臺灣省,27
111,7,8,蘆洲區,,,,無年齡維度,0.0,男,遷入,臺灣省,17
111,7,8,蘆洲區,,,,無年齡維度,0.0,女,遷入,高雄市,5
111,7,8,蘆洲區,,,,無年齡維度,0.0,男,遷入,高雄市,7
111,7,8,蘆洲區,,,,無年齡維度,0.0,女,遷出,migrants,131
111,7,8,蘆洲區,,,,無年齡維度,0.0,男,遷出,migrants,118
111,7,8,蘆洲區,,,,無年齡維度,0.0,女,遷出,other,0
111,7,8,蘆洲區,,,,無年齡維度,0.0,男,遷出,other,0
111,7,8,蘆洲區,,,,無年齡維度,0.0,女,遷出,其他縣市,0
111,7,8,蘆洲區,,,,無年齡維度,0.0,男,遷出,其他縣市,0
111,7,8,蘆洲區,,,,無年齡維度,0.0,女,遷出,其他鄉鎮,44
111,7,8,蘆洲區,,,,無年齡維度,0.0,男,遷出,其他鄉鎮,36
111,7,8,蘆洲區,,,,無年齡維度,0.0,女,遷出,合計,186
111,7,8,蘆洲區,,,,無年齡維度,0.0,男,遷出,合計,154
111,7,8,蘆洲區,,,,無年齡維度,0.0,女,遷出,國外,3
111,7,8,蘆洲區,,,,無年齡維度,0.0,男,遷出,國外,6
111,7,8,蘆洲區,,,,無年齡維度,0.0,女,遷出,新北市內,0
111,7,8,蘆洲區,,,,無年齡維度,0.0,男,遷出,新北市內,0
111,7,8,蘆洲區,,,,無年齡維度,0.0,女,遷出,桃園市,72
111,7,8,蘆洲區,,,,無年齡維度,0.0,男,遷出,桃園市,61
111,7,8,蘆洲區,,,,無年齡維度,0.0,女,遷出,福建省,1
111,7,8,蘆洲區,,,,無年齡維度,0.0,男,遷出,福建省,2
111,7,8,蘆洲區,,,,無年齡維度,0.0,女,遷出,臺中市,8
111,7,8,蘆洲區,,,,無年齡維度,0.0,男,遷出,臺中市,9
111,7,8,蘆洲區,,,,無年齡維度,0.0,女,遷出,臺北市,15
111,7,8,蘆洲區,,,,無年齡維度,0.0,男,遷出,臺北市,5
111,7,8,蘆洲區,,,,無年齡維度,0.0,女,遷出,臺南市,5
111,7,8,蘆洲區,,,,無年齡維度,0.0,男,遷出,臺南市,5
111,7,8,蘆洲區,,,,無年齡維度,0.0,女,遷出,臺灣省,32
111,7,8,蘆洲區,,,,無年齡維度,0.0,男,遷出,臺灣省,28
111,7,8,蘆洲區,,,,無年齡維度,0.0,女,遷出,高雄市,6
111,7,8,蘆洲區,,,,無年齡維度,0.0,男,遷出,高雄市,2
111,7,9,樹林區,,,,無年齡維度,0.0,女,遷入,migrants,160
111,7,9,樹林區,,,,無年齡維度,0.0,男,遷入,migrants,164
111,7,9,樹林區,,,,無年齡維度,0.0,女,遷入,other,0
111,7,9,樹林區,,,,無年齡維度,0.0,男,遷入,other,0
111,7,9,樹林區,,,,無年齡維度,0.0,女,遷入,其他縣市,0
111,7,9,樹林區,,,,無年齡維度,0.0,男,遷入,其他縣市,0
111,7,9,樹林區,,,,無年齡維度,0.0,女,遷入,其他鄉鎮,88
111,7,9,樹林區,,,,無年齡維度,0.0,男,遷入,其他鄉鎮,84
111,7,9,樹林區,,,,無年齡維度,0.0,女,遷入,合計,211
111,7,9,樹林區,,,,無年齡維度,0.0,男,遷入,合計,190
111,7,9,樹林區,,,,無年齡維度,0.0,女,遷入,國外,39
111,7,9,樹林區,,,,無年齡維度,0.0,男,遷入,國外,38
111,7,9,樹林區,,,,無年齡維度,0.0,女,遷入,新北市內,0
111,7,9,樹林區,,,,無年齡維度,0.0,男,遷入,新北市內,0
111,7,9,樹林區,,,,無年齡維度,0.0,女,遷入,桃園市,28
111,7,9,樹林區,,,,無年齡維度,0.0,男,遷入,桃園市,18
111,7,9,樹林區,,,,無年齡維度,0.0,女,遷入,福建省,0
111,7,9,樹林區,,,,無年齡維度,0.0,男,遷入,福建省,2
111,7,9,樹林區,,,,無年齡維度,0.0,女,遷入,臺中市,4
111,7,9,樹林區,,,,無年齡維度,0.0,男,遷入,臺中市,7
111,7,9,樹林區,,,,無年齡維度,0.0,女,遷入,臺北市,24
111,7,9,樹林區,,,,無年齡維度,0.0,男,遷入,臺北市,21
111,7,9,樹林區,,,,無年齡維度,0.0,女,遷入,臺南市,2
111,7,9,樹林區,,,,無年齡維度,0.0,男,遷入,臺南市,0
111,7,9,樹林區,,,,無年齡維度,0.0,女,遷入,臺灣省,20
111,7,9,樹林區,,,,無年齡維度,0.0,男,遷入,臺灣省,15
111,7,9,樹林區,,,,無年齡維度,0.0,女,遷入,高雄市,3
111,7,9,樹林區,,,,無年齡維度,0.0,男,遷入,高雄市,2
111,7,9,樹林區,,,,無年齡維度,0.0,女,遷出,migrants,160
111,7,9,樹林區,,,,無年齡維度,0.0,男,遷出,migrants,164
111,7,9,樹林區,,,,無年齡維度,0.0,女,遷出,other,0
111,7,9,樹林區,,,,無年齡維度,0.0,男,遷出,other,0
111,7,9,樹林區,,,,無年齡維度,0.0,女,遷出,其他縣市,0
111,7,9,樹林區,,,,無年齡維度,0.0,男,遷出,其他縣市,0
111,7,9,樹林區,,,,無年齡維度,0.0,女,遷出,其他鄉鎮,113
111,7,9,樹林區,,,,無年齡維度,0.0,男,遷出,其他鄉鎮,95
111,7,9,樹林區,,,,無年齡維度,0.0,女,遷出,合計,251
111,7,9,樹林區,,,,無年齡維度,0.0,男,遷出,合計,200
111,7,9,樹林區,,,,無年齡維度,0.0,女,遷出,國外,14
111,7,9,樹林區,,,,無年齡維度,0.0,男,遷出,國外,14
111,7,9,樹林區,,,,無年齡維度,0.0,女,遷出,新北市內,0
111,7,9,樹林區,,,,無年齡維度,0.0,男,遷出,新北市內,0
111,7,9,樹林區,,,,無年齡維度,0.0,女,遷出,桃園市,35
111,7,9,樹林區,,,,無年齡維度,0.0,男,遷出,桃園市,29
111,7,9,樹林區,,,,無年齡維度,0.0,女,遷出,福建省,3
111,7,9,樹林區,,,,無年齡維度,0.0,男,遷出,福建省,2
111,7,9,樹林區,,,,無年齡維度,0.0,女,遷出,臺中市,12
111,7,9,樹林區,,,,無年齡維度,0.0,男,遷出,臺中市,4
111,7,9,樹林區,,,,無年齡維度,0.0,女,遷出,臺北市,25
111,7,9,樹林區,,,,無年齡維度,0.0,男,遷出,臺北市,19
111,7,9,樹林區,,,,無年齡維度,0.0,女,遷出,臺南市,6
111,7,9,樹林區,,,,無年齡維度,0.0,男,遷出,臺南市,6
111,7,9,樹林區,,,,無年齡維度,0.0,女,遷出,臺灣省,36
111,7,9,樹林區,,,,無年齡維度,0.0,男,遷出,臺灣省,26
111,7,9,樹林區,,,,無年齡維度,0.0,女,遷出,高雄市,6
111,7,9,樹林區,,,,無年齡維度,0.0,男,遷出,高雄市,5
111,7,10,鶯歌區,,,,無年齡維度,0.0,女,遷入,migrants,370
111,7,10,鶯歌區,,,,無年齡維度,0.0,男,遷入,migrants,341
111,7,10,鶯歌區,,,,無年齡維度,0.0,女,遷入,other,0
111,7,10,鶯歌區,,,,無年齡維度,0.0,男,遷入,other,0
111,7,10,鶯歌區,,,,無年齡維度,0.0,女,遷入,其他縣市,0
111,7,10,鶯歌區,,,,無年齡維度,0.0,男,遷入,其他縣市,0
111,7,10,鶯歌區,,,,無年齡維度,0.0,女,遷入,其他鄉鎮,141
111,7,10,鶯歌區,,,,無年齡維度,0.0,男,遷入,其他鄉鎮,122
111,7,10,鶯歌區,,,,無年齡維度,0.0,女,遷入,合計,621
111,7,10,鶯歌區,,,,無年齡維度,0.0,男,遷入,合計,558
111,7,10,鶯歌區,,,,無年齡維度,0.0,女,遷入,國外,145
111,7,10,鶯歌區,,,,無年齡維度,0.0,男,遷入,國外,104
111,7,10,鶯歌區,,,,無年齡維度,0.0,女,遷入,新北市內,0
111,7,10,鶯歌區,,,,無年齡維度,0.0,男,遷入,新北市內,0
111,7,10,鶯歌區,,,,無年齡維度,0.0,女,遷入,桃園市,17
111,7,10,鶯歌區,,,,無年齡維度,0.0,男,遷入,桃園市,15
111,7,10,鶯歌區,,,,無年齡維度,0.0,女,遷入,福建省,1
111,7,10,鶯歌區,,,,無年齡維度,0.0,男,遷入,福建省,3
111,7,10,鶯歌區,,,,無年齡維度,0.0,女,遷入,臺中市,11
111,7,10,鶯歌區,,,,無年齡維度,0.0,男,遷入,臺中市,16
111,7,10,鶯歌區,,,,無年齡維度,0.0,女,遷入,臺北市,235
111,7,10,鶯歌區,,,,無年齡維度,0.0,男,遷入,臺北市,219
111,7,10,鶯歌區,,,,無年齡維度,0.0,女,遷入,臺南市,8
111,7,10,鶯歌區,,,,無年齡維度,0.0,男,遷入,臺南市,12
111,7,10,鶯歌區,,,,無年齡維度,0.0,女,遷入,臺灣省,41
111,7,10,鶯歌區,,,,無年齡維度,0.0,男,遷入,臺灣省,46
111,7,10,鶯歌區,,,,無年齡維度,0.0,女,遷入,高雄市,13
111,7,10,鶯歌區,,,,無年齡維度,0.0,男,遷入,高雄市,9
111,7,10,鶯歌區,,,,無年齡維度,0.0,女,遷出,migrants,370
111,7,10,鶯歌區,,,,無年齡維度,0.0,男,遷出,migrants,341
111,7,10,鶯歌區,,,,無年齡維度,0.0,女,遷出,other,0
111,7,10,鶯歌區,,,,無年齡維度,0.0,男,遷出,other,0
111,7,10,鶯歌區,,,,無年齡維度,0.0,女,遷出,其他縣市,0
111,7,10,鶯歌區,,,,無年齡維度,0.0,男,遷出,其他縣市,0
111,7,10,鶯歌區,,,,無年齡維度,0.0,女,遷出,其他鄉鎮,89
111,7,10,鶯歌區,,,,無年齡維度,0.0,男,遷出,其他鄉鎮,90
111,7,10,鶯歌區,,,,無年齡維度,0.0,女,遷出,合計,380
111,7,10,鶯歌區,,,,無年齡維度,0.0,男,遷出,合計,326
111,7,10,鶯歌區,,,,無年齡維度,0.0,女,遷出,國外,43
111,7,10,鶯歌區,,,,無年齡維度,0.0,男,遷出,國外,39
111,7,10,鶯歌區,,,,無年齡維度,0.0,女,遷出,新北市內,0
111,7,10,鶯歌區,,,,無年齡維度,0.0,男,遷出,新北市內,0
111,7,10,鶯歌區,,,,無年齡維度,0.0,女,遷出,桃園市,24
111,7,10,鶯歌區,,,,無年齡維度,0.0,男,遷出,桃園市,19
111,7,10,鶯歌區,,,,無年齡維度,0.0,女,遷出,福建省,5
111,7,10,鶯歌區,,,,無年齡維度,0.0,男,遷出,福建省,4
111,7,10,鶯歌區,,,,無年齡維度,0.0,女,遷出,臺中市,15
111,7,10,鶯歌區,,,,無年齡維度,0.0,男,遷出,臺中市,9
111,7,10,鶯歌區,,,,無年齡維度,0.0,女,遷出,臺北市,146
111,7,10,鶯歌區,,,,無年齡維度,0.0,男,遷出,臺北市,103
111,7,10,鶯歌區,,,,無年齡維度,0.0,女,遷出,臺南市,5
111,7,10,鶯歌區,,,,無年齡維度,0.0,男,遷出,臺南市,6
111,7,10,鶯歌區,,,,無年齡維度,0.0,女,遷出,臺灣省,41
111,7,10,鶯歌區,,,,無年齡維度,0.0,男,遷出,臺灣省,48
111,7,10,鶯歌區,,,,無年齡維度,0.0,女,遷出,高雄市,12
111,7,10,鶯歌區,,,,無年齡維度,0.0,男,遷出,高雄市,8
111,7,11,三峽區,,,,無年齡維度,0.0,女,遷入,migrants,348
111,7,11,三峽區,,,,無年齡維度,0.0,男,遷入,migrants,310
111,7,11,三峽區,,,,無年齡維度,0.0,女,遷入,other,0
111,7,11,三峽區,,,,無年齡維度,0.0,男,遷入,other,0
111,7,11,三峽區,,,,無年齡維度,0.0,女,遷入,其他縣市,0
111,7,11,三峽區,,,,無年齡維度,0.0,男,遷入,其他縣市,0
111,7,11,三峽區,,,,無年齡維度,0.0,女,遷入,其他鄉鎮,79
111,7,11,三峽區,,,,無年齡維度,0.0,男,遷入,其他鄉鎮,55
111,7,11,三峽區,,,,無年齡維度,0.0,女,遷入,合計,572
111,7,11,三峽區,,,,無年齡維度,0.0,男,遷入,合計,545
111,7,11,三峽區,,,,無年齡維度,0.0,女,遷入,國外,90
111,7,11,三峽區,,,,無年齡維度,0.0,男,遷入,國外,87
111,7,11,三峽區,,,,無年齡維度,0.0,女,遷入,新北市內,0
111,7,11,三峽區,,,,無年齡維度,0.0,男,遷入,新北市內,0
111,7,11,三峽區,,,,無年齡維度,0.0,女,遷入,桃園市,22
111,7,11,三峽區,,,,無年齡維度,0.0,男,遷入,桃園市,18
111,7,11,三峽區,,,,無年齡維度,0.0,女,遷入,福建省,0
111,7,11,三峽區,,,,無年齡維度,0.0,男,遷入,福建省,2
111,7,11,三峽區,,,,無年齡維度,0.0,女,遷入,臺中市,14
111,7,11,三峽區,,,,無年齡維度,0.0,男,遷入,臺中市,17
111,7,11,三峽區,,,,無年齡維度,0.0,女,遷入,臺北市,271
111,7,11,三峽區,,,,無年齡維度,0.0,男,遷入,臺北市,272
111,7,11,三峽區,,,,無年齡維度,0.0,女,遷入,臺南市,4
111,7,11,三峽區,,,,無年齡維度,0.0,男,遷入,臺南市,4
111,7,11,三峽區,,,,無年齡維度,0.0,女,遷入,臺灣省,74
111,7,11,三峽區,,,,無年齡維度,0.0,男,遷入,臺灣省,76
111,7,11,三峽區,,,,無年齡維度,0.0,女,遷入,高雄市,10
111,7,11,三峽區,,,,無年齡維度,0.0,男,遷入,高雄市,13
111,7,11,三峽區,,,,無年齡維度,0.0,女,遷出,migrants,348
111,7,11,三峽區,,,,無年齡維度,0.0,男,遷出,migrants,310
111,7,11,三峽區,,,,無年齡維度,0.0,女,遷出,other,0
111,7,11,三峽區,,,,無年齡維度,0.0,男,遷出,other,0
111,7,11,三峽區,,,,無年齡維度,0.0,女,遷出,其他縣市,0
111,7,11,三峽區,,,,無年齡維度,0.0,男,遷出,其他縣市,0
111,7,11,三峽區,,,,無年齡維度,0.0,女,遷出,其他鄉鎮,84
111,7,11,三峽區,,,,無年齡維度,0.0,男,遷出,其他鄉鎮,61
111,7,11,三峽區,,,,無年齡維度,0.0,女,遷出,合計,422
111,7,11,三峽區,,,,無年齡維度,0.0,男,遷出,合計,362
111,7,11,三峽區,,,,無年齡維度,0.0,女,遷出,國外,17
111,7,11,三峽區,,,,無年齡維度,0.0,男,遷出,國外,18
111,7,11,三峽區,,,,無年齡維度,0.0,女,遷出,新北市內,0
111,7,11,三峽區,,,,無年齡維度,0.0,男,遷出,新北市內,0
111,7,11,三峽區,,,,無年齡維度,0.0,女,遷出,桃園市,31
111,7,11,三峽區,,,,無年齡維度,0.0,男,遷出,桃園市,25
111,7,11,三峽區,,,,無年齡維度,0.0,女,遷出,福建省,1
111,7,11,三峽區,,,,無年齡維度,0.0,男,遷出,福建省,2
111,7,11,三峽區,,,,無年齡維度,0.0,女,遷出,臺中市,19
111,7,11,三峽區,,,,無年齡維度,0.0,男,遷出,臺中市,10
111,7,11,三峽區,,,,無年齡維度,0.0,女,遷出,臺北市,168
111,7,11,三峽區,,,,無年齡維度,0.0,男,遷出,臺北市,138
111,7,11,三峽區,,,,無年齡維度,0.0,女,遷出,臺南市,12
111,7,11,三峽區,,,,無年齡維度,0.0,男,遷出,臺南市,7
111,7,11,三峽區,,,,無年齡維度,0.0,女,遷出,臺灣省,71
111,7,11,三峽區,,,,無年齡維度,0.0,男,遷出,臺灣省,91
111,7,11,三峽區,,,,無年齡維度,0.0,女,遷出,高雄市,19
111,7,11,三峽區,,,,無年齡維度,0.0,男,遷出,高雄市,10
111,7,12,淡水區,,,,無年齡維度,0.0,女,遷入,migrants,42
111,7,12,淡水區,,,,無年齡維度,0.0,男,遷入,migrants,27
111,7,12,淡水區,,,,無年齡維度,0.0,女,遷入,other,0
111,7,12,淡水區,,,,無年齡維度,0.0,男,遷入,other,0
111,7,12,淡水區,,,,無年齡維度,0.0,女,遷入,其他縣市,0
111,7,12,淡水區,,,,無年齡維度,0.0,男,遷入,其他縣市,0
111,7,12,淡水區,,,,無年齡維度,0.0,女,遷入,其他鄉鎮,16
111,7,12,淡水區,,,,無年齡維度,0.0,男,遷入,其他鄉鎮,15
111,7,12,淡水區,,,,無年齡維度,0.0,女,遷入,合計,63
111,7,12,淡水區,,,,無年齡維度,0.0,男,遷入,合計,46
111,7,12,淡水區,,,,無年齡維度,0.0,女,遷入,國外,5
111,7,12,淡水區,,,,無年齡維度,0.0,男,遷入,國外,5
111,7,12,淡水區,,,,無年齡維度,0.0,女,遷入,新北市內,0
111,7,12,淡水區,,,,無年齡維度,0.0,男,遷入,新北市內,0
111,7,12,淡水區,,,,無年齡維度,0.0,女,遷入,桃園市,6
111,7,12,淡水區,,,,無年齡維度,0.0,男,遷入,桃園市,2
111,7,12,淡水區,,,,無年齡維度,0.0,女,遷入,福建省,0
111,7,12,淡水區,,,,無年齡維度,0.0,男,遷入,福建省,0
111,7,12,淡水區,,,,無年齡維度,0.0,女,遷入,臺中市,1
111,7,12,淡水區,,,,無年齡維度,0.0,男,遷入,臺中市,1
111,7,12,淡水區,,,,無年齡維度,0.0,女,遷入,臺北市,7
111,7,12,淡水區,,,,無年齡維度,0.0,男,遷入,臺北市,3
111,7,12,淡水區,,,,無年齡維度,0.0,女,遷入,臺南市,0
111,7,12,淡水區,,,,無年齡維度,0.0,男,遷入,臺南市,0
111,7,12,淡水區,,,,無年齡維度,0.0,女,遷入,臺灣省,24
111,7,12,淡水區,,,,無年齡維度,0.0,男,遷入,臺灣省,18
111,7,12,淡水區,,,,無年齡維度,0.0,女,遷入,高雄市,2
111,7,12,淡水區,,,,無年齡維度,0.0,男,遷入,高雄市,0
111,7,12,淡水區,,,,無年齡維度,0.0,女,遷出,migrants,42
111,7,12,淡水區,,,,無年齡維度,0.0,男,遷出,migrants,27
111,7,12,淡水區,,,,無年齡維度,0.0,女,遷出,other,0
111,7,12,淡水區,,,,無年齡維度,0.0,男,遷出,other,0
111,7,12,淡水區,,,,無年齡維度,0.0,女,遷出,其他縣市,0
111,7,12,淡水區,,,,無年齡維度,0.0,男,遷出,其他縣市,0
111,7,12,淡水區,,,,無年齡維度,0.0,女,遷出,其他鄉鎮,17
111,7,12,淡水區,,,,無年齡維度,0.0,男,遷出,其他鄉鎮,18
111,7,12,淡水區,,,,無年齡維度,0.0,女,遷出,合計,69
111,7,12,淡水區,,,,無年齡維度,0.0,男,遷出,合計,77
111,7,12,淡水區,,,,無年齡維度,0.0,女,遷出,國外,1
111,7,12,淡水區,,,,無年齡維度,0.0,男,遷出,國外,0
111,7,12,淡水區,,,,無年齡維度,0.0,女,遷出,新北市內,0
111,7,12,淡水區,,,,無年齡維度,0.0,男,遷出,新北市內,0
111,7,12,淡水區,,,,無年齡維度,0.0,女,遷出,桃園市,5
111,7,12,淡水區,,,,無年齡維度,0.0,男,遷出,桃園市,7
111,7,12,淡水區,,,,無年齡維度,0.0,女,遷出,福建省,0
111,7,12,淡水區,,,,無年齡維度,0.0,男,遷出,福建省,1
111,7,12,淡水區,,,,無年齡維度,0.0,女,遷出,臺中市,0
111,7,12,淡水區,,,,無年齡維度,0.0,男,遷出,臺中市,2
111,7,12,淡水區,,,,無年齡維度,0.0,女,遷出,臺北市,5
111,7,12,淡水區,,,,無年齡維度,0.0,男,遷出,臺北市,3
111,7,12,淡水區,,,,無年齡維度,0.0,女,遷出,臺南市,1
111,7,12,淡水區,,,,無年齡維度,0.0,男,遷出,臺南市,0
111,7,12,淡水區,,,,無年齡維度,0.0,女,遷出,臺灣省,38
111,7,12,淡水區,,,,無年齡維度,0.0,男,遷出,臺灣省,44
111,7,12,淡水區,,,,無年齡維度,0.0,女,遷出,高雄市,2
111,7,12,淡水區,,,,無年齡維度,0.0,男,遷出,高雄市,2
111,7,13,汐止區,,,,無年齡維度,0.0,女,遷入,migrants,310
111,7,13,汐止區,,,,無年齡維度,0.0,男,遷入,migrants,274
111,7,13,汐止區,,,,無年齡維度,0.0,女,遷入,other,0
111,7,13,汐止區,,,,無年齡維度,0.0,男,遷入,other,0
111,7,13,汐止區,,,,無年齡維度,0.0,女,遷入,其他縣市,0
111,7,13,汐止區,,,,無年齡維度,0.0,男,遷入,其他縣市,0
111,7,13,汐止區,,,,無年齡維度,0.0,女,遷入,其他鄉鎮,252
111,7,13,汐止區,,,,無年齡維度,0.0,男,遷入,其他鄉鎮,219
111,7,13,汐止區,,,,無年齡維度,0.0,女,遷入,合計,515
111,7,13,汐止區,,,,無年齡維度,0.0,男,遷入,合計,509
111,7,13,汐止區,,,,無年齡維度,0.0,女,遷入,國外,55
111,7,13,汐止區,,,,無年齡維度,0.0,男,遷入,國外,75
111,7,13,汐止區,,,,無年齡維度,0.0,女,遷入,新北市內,0
111,7,13,汐止區,,,,無年齡維度,0.0,男,遷入,新北市內,0
111,7,13,汐止區,,,,無年齡維度,0.0,女,遷入,桃園市,32
111,7,13,汐止區,,,,無年齡維度,0.0,男,遷入,桃園市,27
111,7,13,汐止區,,,,無年齡維度,0.0,女,遷入,福建省,0
111,7,13,汐止區,,,,無年齡維度,0.0,男,遷入,福建省,3
111,7,13,汐止區,,,,無年齡維度,0.0,女,遷入,臺中市,14
111,7,13,汐止區,,,,無年齡維度,0.0,男,遷入,臺中市,7
111,7,13,汐止區,,,,無年齡維度,0.0,女,遷入,臺北市,99
111,7,13,汐止區,,,,無年齡維度,0.0,男,遷入,臺北市,105
111,7,13,汐止區,,,,無年齡維度,0.0,女,遷入,臺南市,7
111,7,13,汐止區,,,,無年齡維度,0.0,男,遷入,臺南市,4
111,7,13,汐止區,,,,無年齡維度,0.0,女,遷入,臺灣省,44
111,7,13,汐止區,,,,無年齡維度,0.0,男,遷入,臺灣省,55
111,7,13,汐止區,,,,無年齡維度,0.0,女,遷入,高雄市,3
111,7,13,汐止區,,,,無年齡維度,0.0,男,遷入,高雄市,9
111,7,13,汐止區,,,,無年齡維度,0.0,女,遷出,migrants,310
111,7,13,汐止區,,,,無年齡維度,0.0,男,遷出,migrants,274
111,7,13,汐止區,,,,無年齡維度,0.0,女,遷出,other,0
111,7,13,汐止區,,,,無年齡維度,0.0,男,遷出,other,0
111,7,13,汐止區,,,,無年齡維度,0.0,女,遷出,其他縣市,0
111,7,13,汐止區,,,,無年齡維度,0.0,男,遷出,其他縣市,0
111,7,13,汐止區,,,,無年齡維度,0.0,女,遷出,其他鄉鎮,203
111,7,13,汐止區,,,,無年齡維度,0.0,男,遷出,其他鄉鎮,195
111,7,13,汐止區,,,,無年齡維度,0.0,女,遷出,合計,436
111,7,13,汐止區,,,,無年齡維度,0.0,男,遷出,合計,401
111,7,13,汐止區,,,,無年齡維度,0.0,女,遷出,國外,20
111,7,13,汐止區,,,,無年齡維度,0.0,男,遷出,國外,21
111,7,13,汐止區,,,,無年齡維度,0.0,女,遷出,新北市內,0
111,7,13,汐止區,,,,無年齡維度,0.0,男,遷出,新北市內,0
111,7,13,汐止區,,,,無年齡維度,0.0,女,遷出,桃園市,61
111,7,13,汐止區,,,,無年齡維度,0.0,男,遷出,桃園市,42
111,7,13,汐止區,,,,無年齡維度,0.0,女,遷出,福建省,6
111,7,13,汐止區,,,,無年齡維度,0.0,男,遷出,福建省,11
111,7,13,汐止區,,,,無年齡維度,0.0,女,遷出,臺中市,16
111,7,13,汐止區,,,,無年齡維度,0.0,男,遷出,臺中市,13
111,7,13,汐止區,,,,無年齡維度,0.0,女,遷出,臺北市,50
111,7,13,汐止區,,,,無年齡維度,0.0,男,遷出,臺北市,41
111,7,13,汐止區,,,,無年齡維度,0.0,女,遷出,臺南市,5
111,7,13,汐止區,,,,無年齡維度,0.0,男,遷出,臺南市,11
111,7,13,汐止區,,,,無年齡維度,0.0,女,遷出,臺灣省,64
111,7,13,汐止區,,,,無年齡維度,0.0,男,遷出,臺灣省,60
111,7,13,汐止區,,,,無年齡維度,0.0,女,遷出,高雄市,11
111,7,13,汐止區,,,,無年齡維度,0.0,男,遷出,高雄市,6
111,7,14,瑞芳區,,,,無年齡維度,0.0,女,遷入,migrants,244
111,7,14,瑞芳區,,,,無年齡維度,0.0,男,遷入,migrants,218
111,7,14,瑞芳區,,,,無年齡維度,0.0,女,遷入,other,0
111,7,14,瑞芳區,,,,無年齡維度,0.0,男,遷入,other,0
111,7,14,瑞芳區,,,,無年齡維度,0.0,女,遷入,其他縣市,0
111,7,14,瑞芳區,,,,無年齡維度,0.0,男,遷入,其他縣市,0
111,7,14,瑞芳區,,,,無年齡維度,0.0,女,遷入,其他鄉鎮,169
111,7,14,瑞芳區,,,,無年齡維度,0.0,男,遷入,其他鄉鎮,127
111,7,14,瑞芳區,,,,無年齡維度,0.0,女,遷入,合計,429
111,7,14,瑞芳區,,,,無年齡維度,0.0,男,遷入,合計,344
111,7,14,瑞芳區,,,,無年齡維度,0.0,女,遷入,國外,52
111,7,14,瑞芳區,,,,無年齡維度,0.0,男,遷入,國外,45
111,7,14,瑞芳區,,,,無年齡維度,0.0,女,遷入,新北市內,0
111,7,14,瑞芳區,,,,無年齡維度,0.0,男,遷入,新北市內,0
111,7,14,瑞芳區,,,,無年齡維度,0.0,女,遷入,桃園市,22
111,7,14,瑞芳區,,,,無年齡維度,0.0,男,遷入,桃園市,18
111,7,14,瑞芳區,,,,無年齡維度,0.0,女,遷入,福建省,0
111,7,14,瑞芳區,,,,無年齡維度,0.0,男,遷入,福建省,0
111,7,14,瑞芳區,,,,無年齡維度,0.0,女,遷入,臺中市,7
111,7,14,瑞芳區,,,,無年齡維度,0.0,男,遷入,臺中市,3
111,7,14,瑞芳區,,,,無年齡維度,0.0,女,遷入,臺北市,133
111,7,14,瑞芳區,,,,無年齡維度,0.0,男,遷入,臺北市,93
111,7,14,瑞芳區,,,,無年齡維度,0.0,女,遷入,臺南市,1
111,7,14,瑞芳區,,,,無年齡維度,0.0,男,遷入,臺南市,5
111,7,14,瑞芳區,,,,無年齡維度,0.0,女,遷入,臺灣省,28
111,7,14,瑞芳區,,,,無年齡維度,0.0,男,遷入,臺灣省,49
111,7,14,瑞芳區,,,,無年齡維度,0.0,女,遷入,高雄市,8
111,7,14,瑞芳區,,,,無年齡維度,0.0,男,遷入,高雄市,2
111,7,14,瑞芳區,,,,無年齡維度,0.0,女,遷出,migrants,244
111,7,14,瑞芳區,,,,無年齡維度,0.0,男,遷出,migrants,218
111,7,14,瑞芳區,,,,無年齡維度,0.0,女,遷出,other,0
111,7,14,瑞芳區,,,,無年齡維度,0.0,男,遷出,other,0
111,7,14,瑞芳區,,,,無年齡維度,0.0,女,遷出,其他縣市,0
111,7,14,瑞芳區,,,,無年齡維度,0.0,男,遷出,其他縣市,0
111,7,14,瑞芳區,,,,無年齡維度,0.0,女,遷出,其他鄉鎮,201
111,7,14,瑞芳區,,,,無年齡維度,0.0,男,遷出,其他鄉鎮,150
111,7,14,瑞芳區,,,,無年齡維度,0.0,女,遷出,合計,411
111,7,14,瑞芳區,,,,無年齡維度,0.0,男,遷出,合計,350
111,7,14,瑞芳區,,,,無年齡維度,0.0,女,遷出,國外,8
111,7,14,瑞芳區,,,,無年齡維度,0.0,男,遷出,國外,17
111,7,14,瑞芳區,,,,無年齡維度,0.0,女,遷出,新北市內,0
111,7,14,瑞芳區,,,,無年齡維度,0.0,男,遷出,新北市內,0
111,7,14,瑞芳區,,,,無年齡維度,0.0,女,遷出,桃園市,41
111,7,14,瑞芳區,,,,無年齡維度,0.0,男,遷出,桃園市,29
111,7,14,瑞芳區,,,,無年齡維度,0.0,女,遷出,福建省,3
111,7,14,瑞芳區,,,,無年齡維度,0.0,男,遷出,福建省,3
111,7,14,瑞芳區,,,,無年齡維度,0.0,女,遷出,臺中市,7
111,7,14,瑞芳區,,,,無年齡維度,0.0,男,遷出,臺中市,5
111,7,14,瑞芳區,,,,無年齡維度,0.0,女,遷出,臺北市,77
111,7,14,瑞芳區,,,,無年齡維度,0.0,男,遷出,臺北市,67
111,7,14,瑞芳區,,,,無年齡維度,0.0,女,遷出,臺南市,12
111,7,14,瑞芳區,,,,無年齡維度,0.0,男,遷出,臺南市,8
111,7,14,瑞芳區,,,,無年齡維度,0.0,女,遷出,臺灣省,53
111,7,14,瑞芳區,,,,無年齡維度,0.0,男,遷出,臺灣省,66
111,7,14,瑞芳區,,,,無年齡維度,0.0,女,遷出,高雄市,9
111,7,14,瑞芳區,,,,無年齡維度,0.0,男,遷出,高雄市,5
111,7,15,五股區,,,,無年齡維度,0.0,女,遷入,migrants,115
111,7,15,五股區,,,,無年齡維度,0.0,男,遷入,migrants,108
111,7,15,五股區,,,,無年齡維度,0.0,女,遷入,other,0
111,7,15,五股區,,,,無年齡維度,0.0,男,遷入,other,0
111,7,15,五股區,,,,無年齡維度,0.0,女,遷入,其他縣市,0
111,7,15,五股區,,,,無年齡維度,0.0,男,遷入,其他縣市,0
111,7,15,五股區,,,,無年齡維度,0.0,女,遷入,其他鄉鎮,154
111,7,15,五股區,,,,無年齡維度,0.0,男,遷入,其他鄉鎮,119
111,7,15,五股區,,,,無年齡維度,0.0,女,遷入,合計,275
111,7,15,五股區,,,,無年齡維度,0.0,男,遷入,合計,221
111,7,15,五股區,,,,無年齡維度,0.0,女,遷入,國外,27
111,7,15,五股區,,,,無年齡維度,0.0,男,遷入,國外,23
111,7,15,五股區,,,,無年齡維度,0.0,女,遷入,新北市內,0
111,7,15,五股區,,,,無年齡維度,0.0,男,遷入,新北市內,0
111,7,15,五股區,,,,無年齡維度,0.0,女,遷入,桃園市,10
111,7,15,五股區,,,,無年齡維度,0.0,男,遷入,桃園市,9
111,7,15,五股區,,,,無年齡維度,0.0,女,遷入,福建省,3
111,7,15,五股區,,,,無年齡維度,0.0,男,遷入,福建省,1
111,7,15,五股區,,,,無年齡維度,0.0,女,遷入,臺中市,6
111,7,15,五股區,,,,無年齡維度,0.0,男,遷入,臺中市,6
111,7,15,五股區,,,,無年齡維度,0.0,女,遷入,臺北市,42
111,7,15,五股區,,,,無年齡維度,0.0,男,遷入,臺北市,44
111,7,15,五股區,,,,無年齡維度,0.0,女,遷入,臺南市,3
111,7,15,五股區,,,,無年齡維度,0.0,男,遷入,臺南市,1
111,7,15,五股區,,,,無年齡維度,0.0,女,遷入,臺灣省,19
111,7,15,五股區,,,,無年齡維度,0.0,男,遷入,臺灣省,14
111,7,15,五股區,,,,無年齡維度,0.0,女,遷入,高雄市,7
111,7,15,五股區,,,,無年齡維度,0.0,男,遷入,高雄市,4
111,7,15,五股區,,,,無年齡維度,0.0,女,遷出,migrants,115
111,7,15,五股區,,,,無年齡維度,0.0,男,遷出,migrants,108
111,7,15,五股區,,,,無年齡維度,0.0,女,遷出,other,0
111,7,15,五股區,,,,無年齡維度,0.0,男,遷出,other,0
111,7,15,五股區,,,,無年齡維度,0.0,女,遷出,其他縣市,0
111,7,15,五股區,,,,無年齡維度,0.0,男,遷出,其他縣市,0
111,7,15,五股區,,,,無年齡維度,0.0,女,遷出,其他鄉鎮,96
111,7,15,五股區,,,,無年齡維度,0.0,男,遷出,其他鄉鎮,87
111,7,15,五股區,,,,無年齡維度,0.0,女,遷出,合計,190
111,7,15,五股區,,,,無年齡維度,0.0,男,遷出,合計,164
111,7,15,五股區,,,,無年齡維度,0.0,女,遷出,國外,15
111,7,15,五股區,,,,無年齡維度,0.0,男,遷出,國外,9
111,7,15,五股區,,,,無年齡維度,0.0,女,遷出,新北市內,0
111,7,15,五股區,,,,無年齡維度,0.0,男,遷出,新北市內,0
111,7,15,五股區,,,,無年齡維度,0.0,女,遷出,桃園市,16
111,7,15,五股區,,,,無年齡維度,0.0,男,遷出,桃園市,21
111,7,15,五股區,,,,無年齡維度,0.0,女,遷出,福建省,1
111,7,15,五股區,,,,無年齡維度,0.0,男,遷出,福建省,1
111,7,15,五股區,,,,無年齡維度,0.0,女,遷出,臺中市,8
111,7,15,五股區,,,,無年齡維度,0.0,男,遷出,臺中市,3
111,7,15,五股區,,,,無年齡維度,0.0,女,遷出,臺北市,22
111,7,15,五股區,,,,無年齡維度,0.0,男,遷出,臺北市,15
111,7,15,五股區,,,,無年齡維度,0.0,女,遷出,臺南市,2
111,7,15,五股區,,,,無年齡維度,0.0,男,遷出,臺南市,1
111,7,15,五股區,,,,無年齡維度,0.0,女,遷出,臺灣省,28
111,7,15,五股區,,,,無年齡維度,0.0,男,遷出,臺灣省,22
111,7,15,五股區,,,,無年齡維度,0.0,女,遷出,高雄市,2
111,7,15,五股區,,,,無年齡維度,0.0,男,遷出,高雄市,5
111,7,16,泰山區,,,,無年齡維度,0.0,女,遷入,migrants,99
111,7,16,泰山區,,,,無年齡維度,0.0,男,遷入,migrants,81
111,7,16,泰山區,,,,無年齡維度,0.0,女,遷入,other,0
111,7,16,泰山區,,,,無年齡維度,0.0,男,遷入,other,0
111,7,16,泰山區,,,,無年齡維度,0.0,女,遷入,其他縣市,0
111,7,16,泰山區,,,,無年齡維度,0.0,男,遷入,其他縣市,0
111,7,16,泰山區,,,,無年齡維度,0.0,女,遷入,其他鄉鎮,78
111,7,16,泰山區,,,,無年齡維度,0.0,男,遷入,其他鄉鎮,59
111,7,16,泰山區,,,,無年齡維度,0.0,女,遷入,合計,153
111,7,16,泰山區,,,,無年齡維度,0.0,男,遷入,合計,136
111,7,16,泰山區,,,,無年齡維度,0.0,女,遷入,國外,19
111,7,16,泰山區,,,,無年齡維度,0.0,男,遷入,國外,13
111,7,16,泰山區,,,,無年齡維度,0.0,女,遷入,新北市內,0
111,7,16,泰山區,,,,無年齡維度,0.0,男,遷入,新北市內,0
111,7,16,泰山區,,,,無年齡維度,0.0,女,遷入,桃園市,11
111,7,16,泰山區,,,,無年齡維度,0.0,男,遷入,桃園市,15
111,7,16,泰山區,,,,無年齡維度,0.0,女,遷入,福建省,0
111,7,16,泰山區,,,,無年齡維度,0.0,男,遷入,福建省,0
111,7,16,泰山區,,,,無年齡維度,0.0,女,遷入,臺中市,2
111,7,16,泰山區,,,,無年齡維度,0.0,男,遷入,臺中市,3
111,7,16,泰山區,,,,無年齡維度,0.0,女,遷入,臺北市,28
111,7,16,泰山區,,,,無年齡維度,0.0,男,遷入,臺北市,25
111,7,16,泰山區,,,,無年齡維度,0.0,女,遷入,臺南市,1
111,7,16,泰山區,,,,無年齡維度,0.0,男,遷入,臺南市,4
111,7,16,泰山區,,,,無年齡維度,0.0,女,遷入,臺灣省,8
111,7,16,泰山區,,,,無年齡維度,0.0,男,遷入,臺灣省,14
111,7,16,泰山區,,,,無年齡維度,0.0,女,遷入,高雄市,3
111,7,16,泰山區,,,,無年齡維度,0.0,男,遷入,高雄市,1
111,7,16,泰山區,,,,無年齡維度,0.0,女,遷出,migrants,99
111,7,16,泰山區,,,,無年齡維度,0.0,男,遷出,migrants,81
111,7,16,泰山區,,,,無年齡維度,0.0,女,遷出,other,0
111,7,16,泰山區,,,,無年齡維度,0.0,男,遷出,other,0
111,7,16,泰山區,,,,無年齡維度,0.0,女,遷出,其他縣市,0
111,7,16,泰山區,,,,無年齡維度,0.0,男,遷出,其他縣市,0
111,7,16,泰山區,,,,無年齡維度,0.0,女,遷出,其他鄉鎮,72
111,7,16,泰山區,,,,無年齡維度,0.0,男,遷出,其他鄉鎮,67
111,7,16,泰山區,,,,無年齡維度,0.0,女,遷出,合計,158
111,7,16,泰山區,,,,無年齡維度,0.0,男,遷出,合計,147
111,7,16,泰山區,,,,無年齡維度,0.0,女,遷出,國外,6
111,7,16,泰山區,,,,無年齡維度,0.0,男,遷出,國外,7
111,7,16,泰山區,,,,無年齡維度,0.0,女,遷出,新北市內,0
111,7,16,泰山區,,,,無年齡維度,0.0,男,遷出,新北市內,0
111,7,16,泰山區,,,,無年齡維度,0.0,女,遷出,桃園市,26
111,7,16,泰山區,,,,無年齡維度,0.0,男,遷出,桃園市,24
111,7,16,泰山區,,,,無年齡維度,0.0,女,遷出,福建省,1
111,7,16,泰山區,,,,無年齡維度,0.0,男,遷出,福建省,1
111,7,16,泰山區,,,,無年齡維度,0.0,女,遷出,臺中市,6
111,7,16,泰山區,,,,無年齡維度,0.0,男,遷出,臺中市,4
111,7,16,泰山區,,,,無年齡維度,0.0,女,遷出,臺北市,14
111,7,16,泰山區,,,,無年齡維度,0.0,男,遷出,臺北市,17
111,7,16,泰山區,,,,無年齡維度,0.0,女,遷出,臺南市,3
111,7,16,泰山區,,,,無年齡維度,0.0,男,遷出,臺南市,1
111,7,16,泰山區,,,,無年齡維度,0.0,女,遷出,臺灣省,20
111,7,16,泰山區,,,,無年齡維度,0.0,男,遷出,臺灣省,21
111,7,16,泰山區,,,,無年齡維度,0.0,女,遷出,高雄市,10
111,7,16,泰山區,,,,無年齡維度,0.0,男,遷出,高雄市,5
111,7,17,林口區,,,,無年齡維度,0.0,女,遷入,migrants,298
111,7,17,林口區,,,,無年齡維度,0.0,男,遷入,migrants,211
111,7,17,林口區,,,,無年齡維度,0.0,女,遷入,other,0
111,7,17,林口區,,,,無年齡維度,0.0,男,遷入,other,0
111,7,17,林口區,,,,無年齡維度,0.0,女,遷入,其他縣市,0
111,7,17,林口區,,,,無年齡維度,0.0,男,遷入,其他縣市,0
111,7,17,林口區,,,,無年齡維度,0.0,女,遷入,其他鄉鎮,142
111,7,17,林口區,,,,無年齡維度,0.0,男,遷入,其他鄉鎮,116
111,7,17,林口區,,,,無年齡維度,0.0,女,遷入,合計,524
111,7,17,林口區,,,,無年齡維度,0.0,男,遷入,合計,468
111,7,17,林口區,,,,無年齡維度,0.0,女,遷入,國外,104
111,7,17,林口區,,,,無年齡維度,0.0,男,遷入,國外,98
111,7,17,林口區,,,,無年齡維度,0.0,女,遷入,新北市內,0
111,7,17,林口區,,,,無年齡維度,0.0,男,遷入,新北市內,0
111,7,17,林口區,,,,無年齡維度,0.0,女,遷入,桃園市,86
111,7,17,林口區,,,,無年齡維度,0.0,男,遷入,桃園市,83
111,7,17,林口區,,,,無年齡維度,0.0,女,遷入,福建省,3
111,7,17,林口區,,,,無年齡維度,0.0,男,遷入,福建省,0
111,7,17,林口區,,,,無年齡維度,0.0,女,遷入,臺中市,13
111,7,17,林口區,,,,無年齡維度,0.0,男,遷入,臺中市,10
111,7,17,林口區,,,,無年齡維度,0.0,女,遷入,臺北市,103
111,7,17,林口區,,,,無年齡維度,0.0,男,遷入,臺北市,101
111,7,17,林口區,,,,無年齡維度,0.0,女,遷入,臺南市,7
111,7,17,林口區,,,,無年齡維度,0.0,男,遷入,臺南市,11
111,7,17,林口區,,,,無年齡維度,0.0,女,遷入,臺灣省,46
111,7,17,林口區,,,,無年齡維度,0.0,男,遷入,臺灣省,41
111,7,17,林口區,,,,無年齡維度,0.0,女,遷入,高雄市,11
111,7,17,林口區,,,,無年齡維度,0.0,男,遷入,高雄市,7
111,7,17,林口區,,,,無年齡維度,0.0,女,遷出,migrants,298
111,7,17,林口區,,,,無年齡維度,0.0,男,遷出,migrants,211
111,7,17,林口區,,,,無年齡維度,0.0,女,遷出,other,0
111,7,17,林口區,,,,無年齡維度,0.0,男,遷出,other,0
111,7,17,林口區,,,,無年齡維度,0.0,女,遷出,其他縣市,0
111,7,17,林口區,,,,無年齡維度,0.0,男,遷出,其他縣市,0
111,7,17,林口區,,,,無年齡維度,0.0,女,遷出,其他鄉鎮,64
111,7,17,林口區,,,,無年齡維度,0.0,男,遷出,其他鄉鎮,44
111,7,17,林口區,,,,無年齡維度,0.0,女,遷出,合計,285
111,7,17,林口區,,,,無年齡維度,0.0,男,遷出,合計,262
111,7,17,林口區,,,,無年齡維度,0.0,女,遷出,國外,22
111,7,17,林口區,,,,無年齡維度,0.0,男,遷出,國外,22
111,7,17,林口區,,,,無年齡維度,0.0,女,遷出,新北市內,0
111,7,17,林口區,,,,無年齡維度,0.0,男,遷出,新北市內,0
111,7,17,林口區,,,,無年齡維度,0.0,女,遷出,桃園市,98
111,7,17,林口區,,,,無年齡維度,0.0,男,遷出,桃園市,90
111,7,17,林口區,,,,無年齡維度,0.0,女,遷出,福建省,0
111,7,17,林口區,,,,無年齡維度,0.0,男,遷出,福建省,4
111,7,17,林口區,,,,無年齡維度,0.0,女,遷出,臺中市,7
111,7,17,林口區,,,,無年齡維度,0.0,男,遷出,臺中市,6
111,7,17,林口區,,,,無年齡維度,0.0,女,遷出,臺北市,45
111,7,17,林口區,,,,無年齡維度,0.0,男,遷出,臺北市,46
111,7,17,林口區,,,,無年齡維度,0.0,女,遷出,臺南市,6
111,7,17,林口區,,,,無年齡維度,0.0,男,遷出,臺南市,5
111,7,17,林口區,,,,無年齡維度,0.0,女,遷出,臺灣省,36
111,7,17,林口區,,,,無年齡維度,0.0,男,遷出,臺灣省,42
111,7,17,林口區,,,,無年齡維度,0.0,女,遷出,高雄市,7
111,7,17,林口區,,,,無年齡維度,0.0,男,遷出,高雄市,3
111,7,18,八里區,,,,無年齡維度,0.0,女,遷入,migrants,15
111,7,18,八里區,,,,無年齡維度,0.0,男,遷入,migrants,17
111,7,18,八里區,,,,無年齡維度,0.0,女,遷入,other,0
111,7,18,八里區,,,,無年齡維度,0.0,男,遷入,other,0
111,7,18,八里區,,,,無年齡維度,0.0,女,遷入,其他縣市,0
111,7,18,八里區,,,,無年齡維度,0.0,男,遷入,其他縣市,0
111,7,18,八里區,,,,無年齡維度,0.0,女,遷入,其他鄉鎮,8
111,7,18,八里區,,,,無年齡維度,0.0,男,遷入,其他鄉鎮,14
111,7,18,八里區,,,,無年齡維度,0.0,女,遷入,合計,44
111,7,18,八里區,,,,無年齡維度,0.0,男,遷入,合計,46
111,7,18,八里區,,,,無年齡維度,0.0,女,遷入,國外,10
111,7,18,八里區,,,,無年齡維度,0.0,男,遷入,國外,7
111,7,18,八里區,,,,無年齡維度,0.0,女,遷入,新北市內,0
111,7,18,八里區,,,,無年齡維度,0.0,男,遷入,新北市內,0
111,7,18,八里區,,,,無年齡維度,0.0,女,遷入,桃園市,3
111,7,18,八里區,,,,無年齡維度,0.0,男,遷入,桃園市,2
111,7,18,八里區,,,,無年齡維度,0.0,女,遷入,福建省,0
111,7,18,八里區,,,,無年齡維度,0.0,男,遷入,福建省,1
111,7,18,八里區,,,,無年齡維度,0.0,女,遷入,臺中市,1
111,7,18,八里區,,,,無年齡維度,0.0,男,遷入,臺中市,0
111,7,18,八里區,,,,無年齡維度,0.0,女,遷入,臺北市,17
111,7,18,八里區,,,,無年齡維度,0.0,男,遷入,臺北市,16
111,7,18,八里區,,,,無年齡維度,0.0,女,遷入,臺南市,1
111,7,18,八里區,,,,無年齡維度,0.0,男,遷入,臺南市,0
111,7,18,八里區,,,,無年齡維度,0.0,女,遷入,臺灣省,3
111,7,18,八里區,,,,無年齡維度,0.0,男,遷入,臺灣省,6
111,7,18,八里區,,,,無年齡維度,0.0,女,遷入,高雄市,0
111,7,18,八里區,,,,無年齡維度,0.0,男,遷入,高雄市,0
111,7,18,八里區,,,,無年齡維度,0.0,女,遷出,migrants,15
111,7,18,八里區,,,,無年齡維度,0.0,男,遷出,migrants,17
111,7,18,八里區,,,,無年齡維度,0.0,女,遷出,other,0
111,7,18,八里區,,,,無年齡維度,0.0,男,遷出,other,0
111,7,18,八里區,,,,無年齡維度,0.0,女,遷出,其他縣市,0
111,7,18,八里區,,,,無年齡維度,0.0,男,遷出,其他縣市,0
111,7,18,八里區,,,,無年齡維度,0.0,女,遷出,其他鄉鎮,17
111,7,18,八里區,,,,無年齡維度,0.0,男,遷出,其他鄉鎮,12
111,7,18,八里區,,,,無年齡維度,0.0,女,遷出,合計,67
111,7,18,八里區,,,,無年齡維度,0.0,男,遷出,合計,47
111,7,18,八里區,,,,無年齡維度,0.0,女,遷出,國外,2
111,7,18,八里區,,,,無年齡維度,0.0,男,遷出,國外,0
111,7,18,八里區,,,,無年齡維度,0.0,女,遷出,新北市內,0
111,7,18,八里區,,,,無年齡維度,0.0,男,遷出,新北市內,0
111,7,18,八里區,,,,無年齡維度,0.0,女,遷出,桃園市,6
111,7,18,八里區,,,,無年齡維度,0.0,男,遷出,桃園市,3
111,7,18,八里區,,,,無年齡維度,0.0,女,遷出,福建省,0
111,7,18,八里區,,,,無年齡維度,0.0,男,遷出,福建省,0
111,7,18,八里區,,,,無年齡維度,0.0,女,遷出,臺中市,7
111,7,18,八里區,,,,無年齡維度,0.0,男,遷出,臺中市,3
111,7,18,八里區,,,,無年齡維度,0.0,女,遷出,臺北市,27
111,7,18,八里區,,,,無年齡維度,0.0,男,遷出,臺北市,21
111,7,18,八里區,,,,無年齡維度,0.0,女,遷出,臺南市,0
111,7,18,八里區,,,,無年齡維度,0.0,男,遷出,臺南市,2
111,7,18,八里區,,,,無年齡維度,0.0,女,遷出,臺灣省,7
111,7,18,八里區,,,,無年齡維度,0.0,男,遷出,臺灣省,6
111,7,18,八里區,,,,無年齡維度,0.0,女,遷出,高雄市,1
111,7,18,八里區,,,,無年齡維度,0.0,男,遷出,高雄市,0
111,7,19,深坑區,,,,無年齡維度,0.0,女,遷入,migrants,2
111,7,19,深坑區,,,,無年齡維度,0.0,男,遷入,migrants,2
111,7,19,深坑區,,,,無年齡維度,0.0,女,遷入,other,0
111,7,19,深坑區,,,,無年齡維度,0.0,男,遷入,other,0
111,7,19,深坑區,,,,無年齡維度,0.0,女,遷入,其他縣市,0
111,7,19,深坑區,,,,無年齡維度,0.0,男,遷入,其他縣市,0
111,7,19,深坑區,,,,無年齡維度,0.0,女,遷入,其他鄉鎮,3
111,7,19,深坑區,,,,無年齡維度,0.0,男,遷入,其他鄉鎮,2
111,7,19,深坑區,,,,無年齡維度,0.0,女,遷入,合計,13
111,7,19,深坑區,,,,無年齡維度,0.0,男,遷入,合計,11
111,7,19,深坑區,,,,無年齡維度,0.0,女,遷入,國外,2
111,7,19,深坑區,,,,無年齡維度,0.0,男,遷入,國外,3
111,7,19,深坑區,,,,無年齡維度,0.0,女,遷入,新北市內,0
111,7,19,深坑區,,,,無年齡維度,0.0,男,遷入,新北市內,0
111,7,19,深坑區,,,,無年齡維度,0.0,女,遷入,桃園市,2
111,7,19,深坑區,,,,無年齡維度,0.0,男,遷入,桃園市,0
111,7,19,深坑區,,,,無年齡維度,0.0,女,遷入,福建省,0
111,7,19,深坑區,,,,無年齡維度,0.0,男,遷入,福建省,0
111,7,19,深坑區,,,,無年齡維度,0.0,女,遷入,臺中市,0
111,7,19,深坑區,,,,無年齡維度,0.0,男,遷入,臺中市,0
111,7,19,深坑區,,,,無年齡維度,0.0,女,遷入,臺北市,5
111,7,19,深坑區,,,,無年齡維度,0.0,男,遷入,臺北市,5
111,7,19,深坑區,,,,無年齡維度,0.0,女,遷入,臺南市,0
111,7,19,深坑區,,,,無年齡維度,0.0,男,遷入,臺南市,0
111,7,19,深坑區,,,,無年齡維度,0.0,女,遷入,臺灣省,0
111,7,19,深坑區,,,,無年齡維度,0.0,男,遷入,臺灣省,0
111,7,19,深坑區,,,,無年齡維度,0.0,女,遷入,高雄市,1
111,7,19,深坑區,,,,無年齡維度,0.0,男,遷入,高雄市,0
111,7,19,深坑區,,,,無年齡維度,0.0,女,遷出,migrants,2
111,7,19,深坑區,,,,無年齡維度,0.0,男,遷出,migrants,2
111,7,19,深坑區,,,,無年齡維度,0.0,女,遷出,other,0
111,7,19,深坑區,,,,無年齡維度,0.0,男,遷出,other,0
111,7,19,深坑區,,,,無年齡維度,0.0,女,遷出,其他縣市,0
111,7,19,深坑區,,,,無年齡維度,0.0,男,遷出,其他縣市,0
111,7,19,深坑區,,,,無年齡維度,0.0,女,遷出,其他鄉鎮,5
111,7,19,深坑區,,,,無年齡維度,0.0,男,遷出,其他鄉鎮,4
111,7,19,深坑區,,,,無年齡維度,0.0,女,遷出,合計,15
111,7,19,深坑區,,,,無年齡維度,0.0,男,遷出,合計,9
111,7,19,深坑區,,,,無年齡維度,0.0,女,遷出,國外,0
111,7,19,深坑區,,,,無年齡維度,0.0,男,遷出,國外,0
111,7,19,深坑區,,,,無年齡維度,0.0,女,遷出,新北市內,0
111,7,19,深坑區,,,,無年齡維度,0.0,男,遷出,新北市內,0
111,7,19,深坑區,,,,無年齡維度,0.0,女,遷出,桃園市,0
111,7,19,深坑區,,,,無年齡維度,0.0,男,遷出,桃園市,3
111,7,19,深坑區,,,,無年齡維度,0.0,女,遷出,福建省,0
111,7,19,深坑區,,,,無年齡維度,0.0,男,遷出,福建省,0
111,7,19,深坑區,,,,無年齡維度,0.0,女,遷出,臺中市,1
111,7,19,深坑區,,,,無年齡維度,0.0,男,遷出,臺中市,0
111,7,19,深坑區,,,,無年齡維度,0.0,女,遷出,臺北市,6
111,7,19,深坑區,,,,無年齡維度,0.0,男,遷出,臺北市,2
111,7,19,深坑區,,,,無年齡維度,0.0,女,遷出,臺南市,0
111,7,19,深坑區,,,,無年齡維度,0.0,男,遷出,臺南市,0
111,7,19,深坑區,,,,無年齡維度,0.0,女,遷出,臺灣省,3
111,7,19,深坑區,,,,無年齡維度,0.0,男,遷出,臺灣省,0
111,7,19,深坑區,,,,無年齡維度,0.0,女,遷出,高雄市,0
111,7,19,深坑區,,,,無年齡維度,0.0,男,遷出,高雄市,0
111,7,20,石碇區,,,,無年齡維度,0.0,女,遷入,migrants,3
111,7,20,石碇區,,,,無年齡維度,0.0,男,遷入,migrants,5
111,7,20,石碇區,,,,無年齡維度,0.0,女,遷入,other,0
111,7,20,石碇區,,,,無年齡維度,0.0,男,遷入,other,0
111,7,20,石碇區,,,,無年齡維度,0.0,女,遷入,其他縣市,0
111,7,20,石碇區,,,,無年齡維度,0.0,男,遷入,其他縣市,0
111,7,20,石碇區,,,,無年齡維度,0.0,女,遷入,其他鄉鎮,7
111,7,20,石碇區,,,,無年齡維度,0.0,男,遷入,其他鄉鎮,3
111,7,20,石碇區,,,,無年齡維度,0.0,女,遷入,合計,17
111,7,20,石碇區,,,,無年齡維度,0.0,男,遷入,合計,7
111,7,20,石碇區,,,,無年齡維度,0.0,女,遷入,國外,5
111,7,20,石碇區,,,,無年齡維度,0.0,男,遷入,國外,0
111,7,20,石碇區,,,,無年齡維度,0.0,女,遷入,新北市內,0
111,7,20,石碇區,,,,無年齡維度,0.0,男,遷入,新北市內,0
111,7,20,石碇區,,,,無年齡維度,0.0,女,遷入,桃園市,1
111,7,20,石碇區,,,,無年齡維度,0.0,男,遷入,桃園市,1
111,7,20,石碇區,,,,無年齡維度,0.0,女,遷入,福建省,0
111,7,20,石碇區,,,,無年齡維度,0.0,男,遷入,福建省,0
111,7,20,石碇區,,,,無年齡維度,0.0,女,遷入,臺中市,0
111,7,20,石碇區,,,,無年齡維度,0.0,男,遷入,臺中市,0
111,7,20,石碇區,,,,無年齡維度,0.0,女,遷入,臺北市,3
111,7,20,石碇區,,,,無年齡維度,0.0,男,遷入,臺北市,2
111,7,20,石碇區,,,,無年齡維度,0.0,女,遷入,臺南市,0
111,7,20,石碇區,,,,無年齡維度,0.0,男,遷入,臺南市,0
111,7,20,石碇區,,,,無年齡維度,0.0,女,遷入,臺灣省,1
111,7,20,石碇區,,,,無年齡維度,0.0,男,遷入,臺灣省,0
111,7,20,石碇區,,,,無年齡維度,0.0,女,遷入,高雄市,0
111,7,20,石碇區,,,,無年齡維度,0.0,男,遷入,高雄市,1
111,7,20,石碇區,,,,無年齡維度,0.0,女,遷出,migrants,3
111,7,20,石碇區,,,,無年齡維度,0.0,男,遷出,migrants,5
111,7,20,石碇區,,,,無年齡維度,0.0,女,遷出,other,0
111,7,20,石碇區,,,,無年齡維度,0.0,男,遷出,other,0
111,7,20,石碇區,,,,無年齡維度,0.0,女,遷出,其他縣市,0
111,7,20,石碇區,,,,無年齡維度,0.0,男,遷出,其他縣市,0
111,7,20,石碇區,,,,無年齡維度,0.0,女,遷出,其他鄉鎮,8
111,7,20,石碇區,,,,無年齡維度,0.0,男,遷出,其他鄉鎮,8
111,7,20,石碇區,,,,無年齡維度,0.0,女,遷出,合計,11
111,7,20,石碇區,,,,無年齡維度,0.0,男,遷出,合計,9
111,7,20,石碇區,,,,無年齡維度,0.0,女,遷出,國外,0
111,7,20,石碇區,,,,無年齡維度,0.0,男,遷出,國外,0
111,7,20,石碇區,,,,無年齡維度,0.0,女,遷出,新北市內,0
111,7,20,石碇區,,,,無年齡維度,0.0,男,遷出,新北市內,0
111,7,20,石碇區,,,,無年齡維度,0.0,女,遷出,桃園市,0
111,7,20,石碇區,,,,無年齡維度,0.0,男,遷出,桃園市,0
111,7,20,石碇區,,,,無年齡維度,0.0,女,遷出,福建省,0
111,7,20,石碇區,,,,無年齡維度,0.0,男,遷出,福建省,0
111,7,20,石碇區,,,,無年齡維度,0.0,女,遷出,臺中市,0
111,7,20,石碇區,,,,無年齡維度,0.0,男,遷出,臺中市,0
111,7,20,石碇區,,,,無年齡維度,0.0,女,遷出,臺北市,2
111,7,20,石碇區,,,,無年齡維度,0.0,男,遷出,臺北市,1
111,7,20,石碇區,,,,無年齡維度,0.0,女,遷出,臺南市,0
111,7,20,石碇區,,,,無年齡維度,0.0,男,遷出,臺南市,0
111,7,20,石碇區,,,,無年齡維度,0.0,女,遷出,臺灣省,1
111,7,20,石碇區,,,,無年齡維度,0.0,男,遷出,臺灣省,0
111,7,20,石碇區,,,,無年齡維度,0.0,女,遷出,高雄市,0
111,7,20,石碇區,,,,無年齡維度,0.0,男,遷出,高雄市,0
111,7,21,坪林區,,,,無年齡維度,0.0,女,遷入,migrants,21
111,7,21,坪林區,,,,無年齡維度,0.0,男,遷入,migrants,20
111,7,21,坪林區,,,,無年齡維度,0.0,女,遷入,other,0
111,7,21,坪林區,,,,無年齡維度,0.0,男,遷入,other,0
111,7,21,坪林區,,,,無年齡維度,0.0,女,遷入,其他縣市,0
111,7,21,坪林區,,,,無年齡維度,0.0,男,遷入,其他縣市,0
111,7,21,坪林區,,,,無年齡維度,0.0,女,遷入,其他鄉鎮,18
111,7,21,坪林區,,,,無年齡維度,0.0,男,遷入,其他鄉鎮,20
111,7,21,坪林區,,,,無年齡維度,0.0,女,遷入,合計,41
111,7,21,坪林區,,,,無年齡維度,0.0,男,遷入,合計,46
111,7,21,坪林區,,,,無年齡維度,0.0,女,遷入,國外,10
111,7,21,坪林區,,,,無年齡維度,0.0,男,遷入,國外,11
111,7,21,坪林區,,,,無年齡維度,0.0,女,遷入,新北市內,0
111,7,21,坪林區,,,,無年齡維度,0.0,男,遷入,新北市內,0
111,7,21,坪林區,,,,無年齡維度,0.0,女,遷入,桃園市,1
111,7,21,坪林區,,,,無年齡維度,0.0,男,遷入,桃園市,0
111,7,21,坪林區,,,,無年齡維度,0.0,女,遷入,福建省,0
111,7,21,坪林區,,,,無年齡維度,0.0,男,遷入,福建省,0
111,7,21,坪林區,,,,無年齡維度,0.0,女,遷入,臺中市,3
111,7,21,坪林區,,,,無年齡維度,0.0,男,遷入,臺中市,0
111,7,21,坪林區,,,,無年齡維度,0.0,女,遷入,臺北市,5
111,7,21,坪林區,,,,無年齡維度,0.0,男,遷入,臺北市,9
111,7,21,坪林區,,,,無年齡維度,0.0,女,遷入,臺南市,0
111,7,21,坪林區,,,,無年齡維度,0.0,男,遷入,臺南市,0
111,7,21,坪林區,,,,無年齡維度,0.0,女,遷入,臺灣省,4
111,7,21,坪林區,,,,無年齡維度,0.0,男,遷入,臺灣省,6
111,7,21,坪林區,,,,無年齡維度,0.0,女,遷入,高雄市,0
111,7,21,坪林區,,,,無年齡維度,0.0,男,遷入,高雄市,0
111,7,21,坪林區,,,,無年齡維度,0.0,女,遷出,migrants,21
111,7,21,坪林區,,,,無年齡維度,0.0,男,遷出,migrants,20
111,7,21,坪林區,,,,無年齡維度,0.0,女,遷出,other,0
111,7,21,坪林區,,,,無年齡維度,0.0,男,遷出,other,0
111,7,21,坪林區,,,,無年齡維度,0.0,女,遷出,其他縣市,0
111,7,21,坪林區,,,,無年齡維度,0.0,男,遷出,其他縣市,0
111,7,21,坪林區,,,,無年齡維度,0.0,女,遷出,其他鄉鎮,19
111,7,21,坪林區,,,,無年齡維度,0.0,男,遷出,其他鄉鎮,18
111,7,21,坪林區,,,,無年齡維度,0.0,女,遷出,合計,44
111,7,21,坪林區,,,,無年齡維度,0.0,男,遷出,合計,33
111,7,21,坪林區,,,,無年齡維度,0.0,女,遷出,國外,2
111,7,21,坪林區,,,,無年齡維度,0.0,男,遷出,國外,3
111,7,21,坪林區,,,,無年齡維度,0.0,女,遷出,新北市內,0
111,7,21,坪林區,,,,無年齡維度,0.0,男,遷出,新北市內,0
111,7,21,坪林區,,,,無年齡維度,0.0,女,遷出,桃園市,2
111,7,21,坪林區,,,,無年齡維度,0.0,男,遷出,桃園市,2
111,7,21,坪林區,,,,無年齡維度,0.0,女,遷出,福建省,0
111,7,21,坪林區,,,,無年齡維度,0.0,男,遷出,福建省,0
111,7,21,坪林區,,,,無年齡維度,0.0,女,遷出,臺中市,0
111,7,21,坪林區,,,,無年齡維度,0.0,男,遷出,臺中市,0
111,7,21,坪林區,,,,無年齡維度,0.0,女,遷出,臺北市,8
111,7,21,坪林區,,,,無年齡維度,0.0,男,遷出,臺北市,2
111,7,21,坪林區,,,,無年齡維度,0.0,女,遷出,臺南市,1
111,7,21,坪林區,,,,無年齡維度,0.0,男,遷出,臺南市,0
111,7,21,坪林區,,,,無年齡維度,0.0,女,遷出,臺灣省,12
111,7,21,坪林區,,,,無年齡維度,0.0,男,遷出,臺灣省,6
111,7,21,坪林區,,,,無年齡維度,0.0,女,遷出,高雄市,0
111,7,21,坪林區,,,,無年齡維度,0.0,男,遷出,高雄市,2
111,7,22,三芝區,,,,無年齡維度,0.0,女,遷入,migrants,8
111,7,22,三芝區,,,,無年齡維度,0.0,男,遷入,migrants,4
111,7,22,三芝區,,,,無年齡維度,0.0,女,遷入,other,0
111,7,22,三芝區,,,,無年齡維度,0.0,男,遷入,other,0
111,7,22,三芝區,,,,無年齡維度,0.0,女,遷入,其他縣市,0
111,7,22,三芝區,,,,無年齡維度,0.0,男,遷入,其他縣市,0
111,7,22,三芝區,,,,無年齡維度,0.0,女,遷入,其他鄉鎮,7
111,7,22,三芝區,,,,無年齡維度,0.0,男,遷入,其他鄉鎮,12
111,7,22,三芝區,,,,無年齡維度,0.0,女,遷入,合計,13
111,7,22,三芝區,,,,無年齡維度,0.0,男,遷入,合計,16
111,7,22,三芝區,,,,無年齡維度,0.0,女,遷入,國外,1
111,7,22,三芝區,,,,無年齡維度,0.0,男,遷入,國外,0
111,7,22,三芝區,,,,無年齡維度,0.0,女,遷入,新北市內,0
111,7,22,三芝區,,,,無年齡維度,0.0,男,遷入,新北市內,0
111,7,22,三芝區,,,,無年齡維度,0.0,女,遷入,桃園市,1
111,7,22,三芝區,,,,無年齡維度,0.0,男,遷入,桃園市,0
111,7,22,三芝區,,,,無年齡維度,0.0,女,遷入,福建省,0
111,7,22,三芝區,,,,無年齡維度,0.0,男,遷入,福建省,0
111,7,22,三芝區,,,,無年齡維度,0.0,女,遷入,臺中市,0
111,7,22,三芝區,,,,無年齡維度,0.0,男,遷入,臺中市,0
111,7,22,三芝區,,,,無年齡維度,0.0,女,遷入,臺北市,3
111,7,22,三芝區,,,,無年齡維度,0.0,男,遷入,臺北市,3
111,7,22,三芝區,,,,無年齡維度,0.0,女,遷入,臺南市,0
111,7,22,三芝區,,,,無年齡維度,0.0,男,遷入,臺南市,0
111,7,22,三芝區,,,,無年齡維度,0.0,女,遷入,臺灣省,1
111,7,22,三芝區,,,,無年齡維度,0.0,男,遷入,臺灣省,1
111,7,22,三芝區,,,,無年齡維度,0.0,女,遷入,高雄市,0
111,7,22,三芝區,,,,無年齡維度,0.0,男,遷入,高雄市,0
111,7,22,三芝區,,,,無年齡維度,0.0,女,遷出,migrants,8
111,7,22,三芝區,,,,無年齡維度,0.0,男,遷出,migrants,4
111,7,22,三芝區,,,,無年齡維度,0.0,女,遷出,other,0
111,7,22,三芝區,,,,無年齡維度,0.0,男,遷出,other,0
111,7,22,三芝區,,,,無年齡維度,0.0,女,遷出,其他縣市,0
111,7,22,三芝區,,,,無年齡維度,0.0,男,遷出,其他縣市,0
111,7,22,三芝區,,,,無年齡維度,0.0,女,遷出,其他鄉鎮,12
111,7,22,三芝區,,,,無年齡維度,0.0,男,遷出,其他鄉鎮,15
111,7,22,三芝區,,,,無年齡維度,0.0,女,遷出,合計,15
111,7,22,三芝區,,,,無年齡維度,0.0,男,遷出,合計,26
111,7,22,三芝區,,,,無年齡維度,0.0,女,遷出,國外,0
111,7,22,三芝區,,,,無年齡維度,0.0,男,遷出,國外,0
111,7,22,三芝區,,,,無年齡維度,0.0,女,遷出,新北市內,0
111,7,22,三芝區,,,,無年齡維度,0.0,男,遷出,新北市內,0
111,7,22,三芝區,,,,無年齡維度,0.0,女,遷出,桃園市,0
111,7,22,三芝區,,,,無年齡維度,0.0,男,遷出,桃園市,2
111,7,22,三芝區,,,,無年齡維度,0.0,女,遷出,福建省,0
111,7,22,三芝區,,,,無年齡維度,0.0,男,遷出,福建省,0
111,7,22,三芝區,,,,無年齡維度,0.0,女,遷出,臺中市,0
111,7,22,三芝區,,,,無年齡維度,0.0,男,遷出,臺中市,1
111,7,22,三芝區,,,,無年齡維度,0.0,女,遷出,臺北市,2
111,7,22,三芝區,,,,無年齡維度,0.0,男,遷出,臺北市,5
111,7,22,三芝區,,,,無年齡維度,0.0,女,遷出,臺南市,0
111,7,22,三芝區,,,,無年齡維度,0.0,男,遷出,臺南市,0
111,7,22,三芝區,,,,無年齡維度,0.0,女,遷出,臺灣省,1
111,7,22,三芝區,,,,無年齡維度,0.0,男,遷出,臺灣省,3
111,7,22,三芝區,,,,無年齡維度,0.0,女,遷出,高雄市,0
111,7,22,三芝區,,,,無年齡維度,0.0,男,遷出,高雄市,0
111,7,23,石門區,,,,無年齡維度,0.0,女,遷入,migrants,81
111,7,23,石門區,,,,無年齡維度,0.0,男,遷入,migrants,72
111,7,23,石門區,,,,無年齡維度,0.0,女,遷入,other,0
111,7,23,石門區,,,,無年齡維度,0.0,男,遷入,other,0
111,7,23,石門區,,,,無年齡維度,0.0,女,遷入,其他縣市,0
111,7,23,石門區,,,,無年齡維度,0.0,男,遷入,其他縣市,0
111,7,23,石門區,,,,無年齡維度,0.0,女,遷入,其他鄉鎮,65
111,7,23,石門區,,,,無年齡維度,0.0,男,遷入,其他鄉鎮,49
111,7,23,石門區,,,,無年齡維度,0.0,女,遷入,合計,145
111,7,23,石門區,,,,無年齡維度,0.0,男,遷入,合計,115
111,7,23,石門區,,,,無年齡維度,0.0,女,遷入,國外,9
111,7,23,石門區,,,,無年齡維度,0.0,男,遷入,國外,14
111,7,23,石門區,,,,無年齡維度,0.0,女,遷入,新北市內,0
111,7,23,石門區,,,,無年齡維度,0.0,男,遷入,新北市內,0
111,7,23,石門區,,,,無年齡維度,0.0,女,遷入,桃園市,2
111,7,23,石門區,,,,無年齡維度,0.0,男,遷入,桃園市,4
111,7,23,石門區,,,,無年齡維度,0.0,女,遷入,福建省,0
111,7,23,石門區,,,,無年齡維度,0.0,男,遷入,福建省,2
111,7,23,石門區,,,,無年齡維度,0.0,女,遷入,臺中市,2
111,7,23,石門區,,,,無年齡維度,0.0,男,遷入,臺中市,3
111,7,23,石門區,,,,無年齡維度,0.0,女,遷入,臺北市,50
111,7,23,石門區,,,,無年齡維度,0.0,男,遷入,臺北市,30
111,7,23,石門區,,,,無年齡維度,0.0,女,遷入,臺南市,1
111,7,23,石門區,,,,無年齡維度,0.0,男,遷入,臺南市,1
111,7,23,石門區,,,,無年齡維度,0.0,女,遷入,臺灣省,11
111,7,23,石門區,,,,無年齡維度,0.0,男,遷入,臺灣省,9
111,7,23,石門區,,,,無年齡維度,0.0,女,遷入,高雄市,3
111,7,23,石門區,,,,無年齡維度,0.0,男,遷入,高雄市,3
111,7,23,石門區,,,,無年齡維度,0.0,女,遷出,migrants,81
111,7,23,石門區,,,,無年齡維度,0.0,男,遷出,migrants,72
111,7,23,石門區,,,,無年齡維度,0.0,女,遷出,other,0
111,7,23,石門區,,,,無年齡維度,0.0,男,遷出,other,0
111,7,23,石門區,,,,無年齡維度,0.0,女,遷出,其他縣市,0
111,7,23,石門區,,,,無年齡維度,0.0,男,遷出,其他縣市,0
111,7,23,石門區,,,,無年齡維度,0.0,女,遷出,其他鄉鎮,30
111,7,23,石門區,,,,無年齡維度,0.0,男,遷出,其他鄉鎮,14
111,7,23,石門區,,,,無年齡維度,0.0,女,遷出,合計,65
111,7,23,石門區,,,,無年齡維度,0.0,男,遷出,合計,40
111,7,23,石門區,,,,無年齡維度,0.0,女,遷出,國外,3
111,7,23,石門區,,,,無年齡維度,0.0,男,遷出,國外,1
111,7,23,石門區,,,,無年齡維度,0.0,女,遷出,新北市內,0
111,7,23,石門區,,,,無年齡維度,0.0,男,遷出,新北市內,0
111,7,23,石門區,,,,無年齡維度,0.0,女,遷出,桃園市,8
111,7,23,石門區,,,,無年齡維度,0.0,男,遷出,桃園市,8
111,7,23,石門區,,,,無年齡維度,0.0,女,遷出,福建省,0
111,7,23,石門區,,,,無年齡維度,0.0,男,遷出,福建省,0
111,7,23,石門區,,,,無年齡維度,0.0,女,遷出,臺中市,0
111,7,23,石門區,,,,無年齡維度,0.0,男,遷出,臺中市,4
111,7,23,石門區,,,,無年齡維度,0.0,女,遷出,臺北市,19
111,7,23,石門區,,,,無年齡維度,0.0,男,遷出,臺北市,10
111,7,23,石門區,,,,無年齡維度,0.0,女,遷出,臺南市,1
111,7,23,石門區,,,,無年齡維度,0.0,男,遷出,臺南市,1
111,7,23,石門區,,,,無年齡維度,0.0,女,遷出,臺灣省,3
111,7,23,石門區,,,,無年齡維度,0.0,男,遷出,臺灣省,1
111,7,23,石門區,,,,無年齡維度,0.0,女,遷出,高雄市,1
111,7,23,石門區,,,,無年齡維度,0.0,男,遷出,高雄市,1
111,7,24,金山區,,,,無年齡維度,0.0,女,遷入,migrants,5
111,7,24,金山區,,,,無年齡維度,0.0,男,遷入,migrants,12
111,7,24,金山區,,,,無年齡維度,0.0,女,遷入,other,0
111,7,24,金山區,,,,無年齡維度,0.0,男,遷入,other,0
111,7,24,金山區,,,,無年齡維度,0.0,女,遷入,其他縣市,0
111,7,24,金山區,,,,無年齡維度,0.0,男,遷入,其他縣市,0
111,7,24,金山區,,,,無年齡維度,0.0,女,遷入,其他鄉鎮,11
111,7,24,金山區,,,,無年齡維度,0.0,男,遷入,其他鄉鎮,6
111,7,24,金山區,,,,無年齡維度,0.0,女,遷入,合計,18
111,7,24,金山區,,,,無年齡維度,0.0,男,遷入,合計,11
111,7,24,金山區,,,,無年齡維度,0.0,女,遷入,國外,2
111,7,24,金山區,,,,無年齡維度,0.0,男,遷入,國外,1
111,7,24,金山區,,,,無年齡維度,0.0,女,遷入,新北市內,0
111,7,24,金山區,,,,無年齡維度,0.0,男,遷入,新北市內,0
111,7,24,金山區,,,,無年齡維度,0.0,女,遷入,桃園市,0
111,7,24,金山區,,,,無年齡維度,0.0,男,遷入,桃園市,0
111,7,24,金山區,,,,無年齡維度,0.0,女,遷入,福建省,0
111,7,24,金山區,,,,無年齡維度,0.0,男,遷入,福建省,0
111,7,24,金山區,,,,無年齡維度,0.0,女,遷入,臺中市,0
111,7,24,金山區,,,,無年齡維度,0.0,男,遷入,臺中市,0
111,7,24,金山區,,,,無年齡維度,0.0,女,遷入,臺北市,4
111,7,24,金山區,,,,無年齡維度,0.0,男,遷入,臺北市,2
111,7,24,金山區,,,,無年齡維度,0.0,女,遷入,臺南市,0
111,7,24,金山區,,,,無年齡維度,0.0,男,遷入,臺南市,0
111,7,24,金山區,,,,無年齡維度,0.0,女,遷入,臺灣省,1
111,7,24,金山區,,,,無年齡維度,0.0,男,遷入,臺灣省,2
111,7,24,金山區,,,,無年齡維度,0.0,女,遷入,高雄市,0
111,7,24,金山區,,,,無年齡維度,0.0,男,遷入,高雄市,0
111,7,24,金山區,,,,無年齡維度,0.0,女,遷出,migrants,5
111,7,24,金山區,,,,無年齡維度,0.0,男,遷出,migrants,12
111,7,24,金山區,,,,無年齡維度,0.0,女,遷出,other,0
111,7,24,金山區,,,,無年齡維度,0.0,男,遷出,other,0
111,7,24,金山區,,,,無年齡維度,0.0,女,遷出,其他縣市,0
111,7,24,金山區,,,,無年齡維度,0.0,男,遷出,其他縣市,0
111,7,24,金山區,,,,無年齡維度,0.0,女,遷出,其他鄉鎮,0
111,7,24,金山區,,,,無年齡維度,0.0,男,遷出,其他鄉鎮,3
111,7,24,金山區,,,,無年齡維度,0.0,女,遷出,合計,3
111,7,24,金山區,,,,無年齡維度,0.0,男,遷出,合計,4
111,7,24,金山區,,,,無年齡維度,0.0,女,遷出,國外,0
111,7,24,金山區,,,,無年齡維度,0.0,男,遷出,國外,0
111,7,24,金山區,,,,無年齡維度,0.0,女,遷出,新北市內,0
111,7,24,金山區,,,,無年齡維度,0.0,男,遷出,新北市內,0
111,7,24,金山區,,,,無年齡維度,0.0,女,遷出,桃園市,0
111,7,24,金山區,,,,無年齡維度,0.0,男,遷出,桃園市,0
111,7,24,金山區,,,,無年齡維度,0.0,女,遷出,福建省,0
111,7,24,金山區,,,,無年齡維度,0.0,男,遷出,福建省,0
111,7,24,金山區,,,,無年齡維度,0.0,女,遷出,臺中市,0
111,7,24,金山區,,,,無年齡維度,0.0,男,遷出,臺中市,0
111,7,24,金山區,,,,無年齡維度,0.0,女,遷出,臺北市,1
111,7,24,金山區,,,,無年齡維度,0.0,男,遷出,臺北市,1
111,7,24,金山區,,,,無年齡維度,0.0,女,遷出,臺南市,1
111,7,24,金山區,,,,無年齡維度,0.0,男,遷出,臺南市,0
111,7,24,金山區,,,,無年齡維度,0.0,女,遷出,臺灣省,1
111,7,24,金山區,,,,無年齡維度,0.0,男,遷出,臺灣省,0
111,7,24,金山區,,,,無年齡維度,0.0,女,遷出,高雄市,0
111,7,24,金山區,,,,無年齡維度,0.0,男,遷出,高雄市,0
111,7,25,萬里區,,,,無年齡維度,0.0,女,遷入,migrants,3
111,7,25,萬里區,,,,無年齡維度,0.0,男,遷入,migrants,2
111,7,25,萬里區,,,,無年齡維度,0.0,女,遷入,other,0
111,7,25,萬里區,,,,無年齡維度,0.0,男,遷入,other,0
111,7,25,萬里區,,,,無年齡維度,0.0,女,遷入,其他縣市,0
111,7,25,萬里區,,,,無年齡維度,0.0,男,遷入,其他縣市,0
111,7,25,萬里區,,,,無年齡維度,0.0,女,遷入,其他鄉鎮,13
111,7,25,萬里區,,,,無年齡維度,0.0,男,遷入,其他鄉鎮,11
111,7,25,萬里區,,,,無年齡維度,0.0,女,遷入,合計,22
111,7,25,萬里區,,,,無年齡維度,0.0,男,遷入,合計,27
111,7,25,萬里區,,,,無年齡維度,0.0,女,遷入,國外,3
111,7,25,萬里區,,,,無年齡維度,0.0,男,遷入,國外,2
111,7,25,萬里區,,,,無年齡維度,0.0,女,遷入,新北市內,0
111,7,25,萬里區,,,,無年齡維度,0.0,男,遷入,新北市內,0
111,7,25,萬里區,,,,無年齡維度,0.0,女,遷入,桃園市,1
111,7,25,萬里區,,,,無年齡維度,0.0,男,遷入,桃園市,3
111,7,25,萬里區,,,,無年齡維度,0.0,女,遷入,福建省,0
111,7,25,萬里區,,,,無年齡維度,0.0,男,遷入,福建省,0
111,7,25,萬里區,,,,無年齡維度,0.0,女,遷入,臺中市,0
111,7,25,萬里區,,,,無年齡維度,0.0,男,遷入,臺中市,0
111,7,25,萬里區,,,,無年齡維度,0.0,女,遷入,臺北市,2
111,7,25,萬里區,,,,無年齡維度,0.0,男,遷入,臺北市,0
111,7,25,萬里區,,,,無年齡維度,0.0,女,遷入,臺南市,0
111,7,25,萬里區,,,,無年齡維度,0.0,男,遷入,臺南市,0
111,7,25,萬里區,,,,無年齡維度,0.0,女,遷入,臺灣省,3
111,7,25,萬里區,,,,無年齡維度,0.0,男,遷入,臺灣省,10
111,7,25,萬里區,,,,無年齡維度,0.0,女,遷入,高雄市,0
111,7,25,萬里區,,,,無年齡維度,0.0,男,遷入,高雄市,1
111,7,25,萬里區,,,,無年齡維度,0.0,女,遷出,migrants,3
111,7,25,萬里區,,,,無年齡維度,0.0,男,遷出,migrants,2
111,7,25,萬里區,,,,無年齡維度,0.0,女,遷出,other,0
111,7,25,萬里區,,,,無年齡維度,0.0,男,遷出,other,0
111,7,25,萬里區,,,,無年齡維度,0.0,女,遷出,其他縣市,0
111,7,25,萬里區,,,,無年齡維度,0.0,男,遷出,其他縣市,0
111,7,25,萬里區,,,,無年齡維度,0.0,女,遷出,其他鄉鎮,10
111,7,25,萬里區,,,,無年齡維度,0.0,男,遷出,其他鄉鎮,7
111,7,25,萬里區,,,,無年齡維度,0.0,女,遷出,合計,14
111,7,25,萬里區,,,,無年齡維度,0.0,男,遷出,合計,10
111,7,25,萬里區,,,,無年齡維度,0.0,女,遷出,國外,0
111,7,25,萬里區,,,,無年齡維度,0.0,男,遷出,國外,1
111,7,25,萬里區,,,,無年齡維度,0.0,女,遷出,新北市內,0
111,7,25,萬里區,,,,無年齡維度,0.0,男,遷出,新北市內,0
111,7,25,萬里區,,,,無年齡維度,0.0,女,遷出,桃園市,1
111,7,25,萬里區,,,,無年齡維度,0.0,男,遷出,桃園市,0
111,7,25,萬里區,,,,無年齡維度,0.0,女,遷出,福建省,0
111,7,25,萬里區,,,,無年齡維度,0.0,男,遷出,福建省,0
111,7,25,萬里區,,,,無年齡維度,0.0,女,遷出,臺中市,1
111,7,25,萬里區,,,,無年齡維度,0.0,男,遷出,臺中市,0
111,7,25,萬里區,,,,無年齡維度,0.0,女,遷出,臺北市,1
111,7,25,萬里區,,,,無年齡維度,0.0,男,遷出,臺北市,1
111,7,25,萬里區,,,,無年齡維度,0.0,女,遷出,臺南市,0
111,7,25,萬里區,,,,無年齡維度,0.0,男,遷出,臺南市,1
111,7,25,萬里區,,,,無年齡維度,0.0,女,遷出,臺灣省,1
111,7,25,萬里區,,,,無年齡維度,0.0,男,遷出,臺灣省,0
111,7,25,萬里區,,,,無年齡維度,0.0,女,遷出,高雄市,0
111,7,25,萬里區,,,,無年齡維度,0.0,男,遷出,高雄市,0
111,7,26,平溪區,,,,無年齡維度,0.0,女,遷入,migrants,2
111,7,26,平溪區,,,,無年齡維度,0.0,男,遷入,migrants,2
111,7,26,平溪區,,,,無年齡維度,0.0,女,遷入,other,0
111,7,26,平溪區,,,,無年齡維度,0.0,男,遷入,other,0
111,7,26,平溪區,,,,無年齡維度,0.0,女,遷入,其他縣市,0
111,7,26,平溪區,,,,無年齡維度,0.0,男,遷入,其他縣市,0
111,7,26,平溪區,,,,無年齡維度,0.0,女,遷入,其他鄉鎮,2
111,7,26,平溪區,,,,無年齡維度,0.0,男,遷入,其他鄉鎮,4
111,7,26,平溪區,,,,無年齡維度,0.0,女,遷入,合計,11
111,7,26,平溪區,,,,無年齡維度,0.0,男,遷入,合計,8
111,7,26,平溪區,,,,無年齡維度,0.0,女,遷入,國外,1
111,7,26,平溪區,,,,無年齡維度,0.0,男,遷入,國外,1
111,7,26,平溪區,,,,無年齡維度,0.0,女,遷入,新北市內,0
111,7,26,平溪區,,,,無年齡維度,0.0,男,遷入,新北市內,0
111,7,26,平溪區,,,,無年齡維度,0.0,女,遷入,桃園市,0
111,7,26,平溪區,,,,無年齡維度,0.0,男,遷入,桃園市,1
111,7,26,平溪區,,,,無年齡維度,0.0,女,遷入,福建省,0
111,7,26,平溪區,,,,無年齡維度,0.0,男,遷入,福建省,0
111,7,26,平溪區,,,,無年齡維度,0.0,女,遷入,臺中市,0
111,7,26,平溪區,,,,無年齡維度,0.0,男,遷入,臺中市,0
111,7,26,平溪區,,,,無年齡維度,0.0,女,遷入,臺北市,4
111,7,26,平溪區,,,,無年齡維度,0.0,男,遷入,臺北市,2
111,7,26,平溪區,,,,無年齡維度,0.0,女,遷入,臺南市,0
111,7,26,平溪區,,,,無年齡維度,0.0,男,遷入,臺南市,0
111,7,26,平溪區,,,,無年齡維度,0.0,女,遷入,臺灣省,3
111,7,26,平溪區,,,,無年齡維度,0.0,男,遷入,臺灣省,0
111,7,26,平溪區,,,,無年齡維度,0.0,女,遷入,高雄市,0
111,7,26,平溪區,,,,無年齡維度,0.0,男,遷入,高雄市,0
111,7,26,平溪區,,,,無年齡維度,0.0,女,遷出,migrants,2
111,7,26,平溪區,,,,無年齡維度,0.0,男,遷出,migrants,2
111,7,26,平溪區,,,,無年齡維度,0.0,女,遷出,other,0
111,7,26,平溪區,,,,無年齡維度,0.0,男,遷出,other,0
111,7,26,平溪區,,,,無年齡維度,0.0,女,遷出,其他縣市,0
111,7,26,平溪區,,,,無年齡維度,0.0,男,遷出,其他縣市,0
111,7,26,平溪區,,,,無年齡維度,0.0,女,遷出,其他鄉鎮,3
111,7,26,平溪區,,,,無年齡維度,0.0,男,遷出,其他鄉鎮,2
111,7,26,平溪區,,,,無年齡維度,0.0,女,遷出,合計,14
111,7,26,平溪區,,,,無年齡維度,0.0,男,遷出,合計,12
111,7,26,平溪區,,,,無年齡維度,0.0,女,遷出,國外,0
111,7,26,平溪區,,,,無年齡維度,0.0,男,遷出,國外,1
111,7,26,平溪區,,,,無年齡維度,0.0,女,遷出,新北市內,0
111,7,26,平溪區,,,,無年齡維度,0.0,男,遷出,新北市內,0
111,7,26,平溪區,,,,無年齡維度,0.0,女,遷出,桃園市,1
111,7,26,平溪區,,,,無年齡維度,0.0,男,遷出,桃園市,3
111,7,26,平溪區,,,,無年齡維度,0.0,女,遷出,福建省,0
111,7,26,平溪區,,,,無年齡維度,0.0,男,遷出,福建省,0
111,7,26,平溪區,,,,無年齡維度,0.0,女,遷出,臺中市,1
111,7,26,平溪區,,,,無年齡維度,0.0,男,遷出,臺中市,0
111,7,26,平溪區,,,,無年齡維度,0.0,女,遷出,臺北市,4
111,7,26,平溪區,,,,無年齡維度,0.0,男,遷出,臺北市,3
111,7,26,平溪區,,,,無年齡維度,0.0,女,遷出,臺南市,0
111,7,26,平溪區,,,,無年齡維度,0.0,男,遷出,臺南市,0
111,7,26,平溪區,,,,無年齡維度,0.0,女,遷出,臺灣省,4
111,7,26,平溪區,,,,無年齡維度,0.0,男,遷出,臺灣省,3
111,7,26,平溪區,,,,無年齡維度,0.0,女,遷出,高雄市,1
111,7,26,平溪區,,,,無年齡維度,0.0,男,遷出,高雄市,0
111,7,27,雙溪區,,,,無年齡維度,0.0,女,遷入,migrants,14
111,7,27,雙溪區,,,,無年齡維度,0.0,男,遷入,migrants,15
111,7,27,雙溪區,,,,無年齡維度,0.0,女,遷入,other,0
111,7,27,雙溪區,,,,無年齡維度,0.0,男,遷入,other,0
111,7,27,雙溪區,,,,無年齡維度,0.0,女,遷入,其他縣市,0
111,7,27,雙溪區,,,,無年齡維度,0.0,男,遷入,其他縣市,0
111,7,27,雙溪區,,,,無年齡維度,0.0,女,遷入,其他鄉鎮,4
111,7,27,雙溪區,,,,無年齡維度,0.0,男,遷入,其他鄉鎮,10
111,7,27,雙溪區,,,,無年齡維度,0.0,女,遷入,合計,17
111,7,27,雙溪區,,,,無年齡維度,0.0,男,遷入,合計,30
111,7,27,雙溪區,,,,無年齡維度,0.0,女,遷入,國外,3
111,7,27,雙溪區,,,,無年齡維度,0.0,男,遷入,國外,3
111,7,27,雙溪區,,,,無年齡維度,0.0,女,遷入,新北市內,0
111,7,27,雙溪區,,,,無年齡維度,0.0,男,遷入,新北市內,0
111,7,27,雙溪區,,,,無年齡維度,0.0,女,遷入,桃園市,1
111,7,27,雙溪區,,,,無年齡維度,0.0,男,遷入,桃園市,4
111,7,27,雙溪區,,,,無年齡維度,0.0,女,遷入,福建省,0
111,7,27,雙溪區,,,,無年齡維度,0.0,男,遷入,福建省,0
111,7,27,雙溪區,,,,無年齡維度,0.0,女,遷入,臺中市,0
111,7,27,雙溪區,,,,無年齡維度,0.0,男,遷入,臺中市,0
111,7,27,雙溪區,,,,無年齡維度,0.0,女,遷入,臺北市,2
111,7,27,雙溪區,,,,無年齡維度,0.0,男,遷入,臺北市,3
111,7,27,雙溪區,,,,無年齡維度,0.0,女,遷入,臺南市,1
111,7,27,雙溪區,,,,無年齡維度,0.0,男,遷入,臺南市,1
111,7,27,雙溪區,,,,無年齡維度,0.0,女,遷入,臺灣省,6
111,7,27,雙溪區,,,,無年齡維度,0.0,男,遷入,臺灣省,9
111,7,27,雙溪區,,,,無年齡維度,0.0,女,遷入,高雄市,0
111,7,27,雙溪區,,,,無年齡維度,0.0,男,遷入,高雄市,0
111,7,27,雙溪區,,,,無年齡維度,0.0,女,遷出,migrants,14
111,7,27,雙溪區,,,,無年齡維度,0.0,男,遷出,migrants,15
111,7,27,雙溪區,,,,無年齡維度,0.0,女,遷出,other,0
111,7,27,雙溪區,,,,無年齡維度,0.0,男,遷出,other,0
111,7,27,雙溪區,,,,無年齡維度,0.0,女,遷出,其他縣市,0
111,7,27,雙溪區,,,,無年齡維度,0.0,男,遷出,其他縣市,0
111,7,27,雙溪區,,,,無年齡維度,0.0,女,遷出,其他鄉鎮,12
111,7,27,雙溪區,,,,無年齡維度,0.0,男,遷出,其他鄉鎮,5
111,7,27,雙溪區,,,,無年齡維度,0.0,女,遷出,合計,28
111,7,27,雙溪區,,,,無年齡維度,0.0,男,遷出,合計,19
111,7,27,雙溪區,,,,無年齡維度,0.0,女,遷出,國外,0
111,7,27,雙溪區,,,,無年齡維度,0.0,男,遷出,國外,4
111,7,27,雙溪區,,,,無年齡維度,0.0,女,遷出,新北市內,0
111,7,27,雙溪區,,,,無年齡維度,0.0,男,遷出,新北市內,0
111,7,27,雙溪區,,,,無年齡維度,0.0,女,遷出,桃園市,1
111,7,27,雙溪區,,,,無年齡維度,0.0,男,遷出,桃園市,1
111,7,27,雙溪區,,,,無年齡維度,0.0,女,遷出,福建省,0
111,7,27,雙溪區,,,,無年齡維度,0.0,男,遷出,福建省,0
111,7,27,雙溪區,,,,無年齡維度,0.0,女,遷出,臺中市,0
111,7,27,雙溪區,,,,無年齡維度,0.0,男,遷出,臺中市,0
111,7,27,雙溪區,,,,無年齡維度,0.0,女,遷出,臺北市,3
111,7,27,雙溪區,,,,無年齡維度,0.0,男,遷出,臺北市,2
111,7,27,雙溪區,,,,無年齡維度,0.0,女,遷出,臺南市,1
111,7,27,雙溪區,,,,無年齡維度,0.0,男,遷出,臺南市,0
111,7,27,雙溪區,,,,無年齡維度,0.0,女,遷出,臺灣省,11
111,7,27,雙溪區,,,,無年齡維度,0.0,男,遷出,臺灣省,7
111,7,27,雙溪區,,,,無年齡維度,0.0,女,遷出,高雄市,0
111,7,27,雙溪區,,,,無年齡維度,0.0,男,遷出,高雄市,0
111,7,28,貢寮區,,,,無年齡維度,0.0,女,遷入,migrants,9
111,7,28,貢寮區,,,,無年齡維度,0.0,男,遷入,migrants,11
111,7,28,貢寮區,,,,無年齡維度,0.0,女,遷入,other,0
111,7,28,貢寮區,,,,無年齡維度,0.0,男,遷入,other,0
111,7,28,貢寮區,,,,無年齡維度,0.0,女,遷入,其他縣市,0
111,7,28,貢寮區,,,,無年齡維度,0.0,男,遷入,其他縣市,0
111,7,28,貢寮區,,,,無年齡維度,0.0,女,遷入,其他鄉鎮,7
111,7,28,貢寮區,,,,無年齡維度,0.0,男,遷入,其他鄉鎮,11
111,7,28,貢寮區,,,,無年齡維度,0.0,女,遷入,合計,28
111,7,28,貢寮區,,,,無年齡維度,0.0,男,遷入,合計,35
111,7,28,貢寮區,,,,無年齡維度,0.0,女,遷入,國外,4
111,7,28,貢寮區,,,,無年齡維度,0.0,男,遷入,國外,7
111,7,28,貢寮區,,,,無年齡維度,0.0,女,遷入,新北市內,0
111,7,28,貢寮區,,,,無年齡維度,0.0,男,遷入,新北市內,0
111,7,28,貢寮區,,,,無年齡維度,0.0,女,遷入,桃園市,3
111,7,28,貢寮區,,,,無年齡維度,0.0,男,遷入,桃園市,3
111,7,28,貢寮區,,,,無年齡維度,0.0,女,遷入,福建省,0
111,7,28,貢寮區,,,,無年齡維度,0.0,男,遷入,福建省,0
111,7,28,貢寮區,,,,無年齡維度,0.0,女,遷入,臺中市,0
111,7,28,貢寮區,,,,無年齡維度,0.0,男,遷入,臺中市,1
111,7,28,貢寮區,,,,無年齡維度,0.0,女,遷入,臺北市,6
111,7,28,貢寮區,,,,無年齡維度,0.0,男,遷入,臺北市,6
111,7,28,貢寮區,,,,無年齡維度,0.0,女,遷入,臺南市,0
111,7,28,貢寮區,,,,無年齡維度,0.0,男,遷入,臺南市,1
111,7,28,貢寮區,,,,無年齡維度,0.0,女,遷入,臺灣省,8
111,7,28,貢寮區,,,,無年齡維度,0.0,男,遷入,臺灣省,6
111,7,28,貢寮區,,,,無年齡維度,0.0,女,遷入,高雄市,0
111,7,28,貢寮區,,,,無年齡維度,0.0,男,遷入,高雄市,0
111,7,28,貢寮區,,,,無年齡維度,0.0,女,遷出,migrants,9
111,7,28,貢寮區,,,,無年齡維度,0.0,男,遷出,migrants,11
111,7,28,貢寮區,,,,無年齡維度,0.0,女,遷出,other,0
111,7,28,貢寮區,,,,無年齡維度,0.0,男,遷出,other,0
111,7,28,貢寮區,,,,無年齡維度,0.0,女,遷出,其他縣市,0
111,7,28,貢寮區,,,,無年齡維度,0.0,男,遷出,其他縣市,0
111,7,28,貢寮區,,,,無年齡維度,0.0,女,遷出,其他鄉鎮,4
111,7,28,貢寮區,,,,無年齡維度,0.0,男,遷出,其他鄉鎮,10
111,7,28,貢寮區,,,,無年齡維度,0.0,女,遷出,合計,24
111,7,28,貢寮區,,,,無年齡維度,0.0,男,遷出,合計,34
111,7,28,貢寮區,,,,無年齡維度,0.0,女,遷出,國外,0
111,7,28,貢寮區,,,,無年齡維度,0.0,男,遷出,國外,1
111,7,28,貢寮區,,,,無年齡維度,0.0,女,遷出,新北市內,0
111,7,28,貢寮區,,,,無年齡維度,0.0,男,遷出,新北市內,0
111,7,28,貢寮區,,,,無年齡維度,0.0,女,遷出,桃園市,4
111,7,28,貢寮區,,,,無年齡維度,0.0,男,遷出,桃園市,2
111,7,28,貢寮區,,,,無年齡維度,0.0,女,遷出,福建省,0
111,7,28,貢寮區,,,,無年齡維度,0.0,男,遷出,福建省,1
111,7,28,貢寮區,,,,無年齡維度,0.0,女,遷出,臺中市,2
111,7,28,貢寮區,,,,無年齡維度,0.0,男,遷出,臺中市,2
111,7,28,貢寮區,,,,無年齡維度,0.0,女,遷出,臺北市,3
111,7,28,貢寮區,,,,無年齡維度,0.0,男,遷出,臺北市,1
111,7,28,貢寮區,,,,無年齡維度,0.0,女,遷出,臺南市,0
111,7,28,貢寮區,,,,無年齡維度,0.0,男,遷出,臺南市,0
111,7,28,貢寮區,,,,無年齡維度,0.0,女,遷出,臺灣省,11
111,7,28,貢寮區,,,,無年齡維度,0.0,男,遷出,臺灣省,16
111,7,28,貢寮區,,,,無年齡維度,0.0,女,遷出,高雄市,0
111,7,28,貢寮區,,,,無年齡維度,0.0,男,遷出,高雄市,1
111,7,29,烏來區,,,,無年齡維度,0.0,女,遷入,migrants,9
111,7,29,烏來區,,,,無年齡維度,0.0,男,遷入,migrants,12
111,7,29,烏來區,,,,無年齡維度,0.0,女,遷入,other,0
111,7,29,烏來區,,,,無年齡維度,0.0,男,遷入,other,0
111,7,29,烏來區,,,,無年齡維度,0.0,女,遷入,其他縣市,0
111,7,29,烏來區,,,,無年齡維度,0.0,男,遷入,其他縣市,0
111,7,29,烏來區,,,,無年齡維度,0.0,女,遷入,其他鄉鎮,10
111,7,29,烏來區,,,,無年齡維度,0.0,男,遷入,其他鄉鎮,7
111,7,29,烏來區,,,,無年齡維度,0.0,女,遷入,合計,24
111,7,29,烏來區,,,,無年齡維度,0.0,男,遷入,合計,15
111,7,29,烏來區,,,,無年齡維度,0.0,女,遷入,國外,3
111,7,29,烏來區,,,,無年齡維度,0.0,男,遷入,國外,4
111,7,29,烏來區,,,,無年齡維度,0.0,女,遷入,新北市內,0
111,7,29,烏來區,,,,無年齡維度,0.0,男,遷入,新北市內,0
111,7,29,烏來區,,,,無年齡維度,0.0,女,遷入,桃園市,2
111,7,29,烏來區,,,,無年齡維度,0.0,男,遷入,桃園市,2
111,7,29,烏來區,,,,無年齡維度,0.0,女,遷入,福建省,0
111,7,29,烏來區,,,,無年齡維度,0.0,男,遷入,福建省,0
111,7,29,烏來區,,,,無年齡維度,0.0,女,遷入,臺中市,0
111,7,29,烏來區,,,,無年齡維度,0.0,男,遷入,臺中市,0
111,7,29,烏來區,,,,無年齡維度,0.0,女,遷入,臺北市,4
111,7,29,烏來區,,,,無年齡維度,0.0,男,遷入,臺北市,1
111,7,29,烏來區,,,,無年齡維度,0.0,女,遷入,臺南市,1
111,7,29,烏來區,,,,無年齡維度,0.0,男,遷入,臺南市,0
111,7,29,烏來區,,,,無年齡維度,0.0,女,遷入,臺灣省,2
111,7,29,烏來區,,,,無年齡維度,0.0,男,遷入,臺灣省,1
111,7,29,烏來區,,,,無年齡維度,0.0,女,遷入,高雄市,2
111,7,29,烏來區,,,,無年齡維度,0.0,男,遷入,高雄市,0
111,7,29,烏來區,,,,無年齡維度,0.0,女,遷出,migrants,9
111,7,29,烏來區,,,,無年齡維度,0.0,男,遷出,migrants,12
111,7,29,烏來區,,,,無年齡維度,0.0,女,遷出,other,0
111,7,29,烏來區,,,,無年齡維度,0.0,男,遷出,other,0
111,7,29,烏來區,,,,無年齡維度,0.0,女,遷出,其他縣市,0
111,7,29,烏來區,,,,無年齡維度,0.0,男,遷出,其他縣市,0
111,7,29,烏來區,,,,無年齡維度,0.0,女,遷出,其他鄉鎮,14
111,7,29,烏來區,,,,無年齡維度,0.0,男,遷出,其他鄉鎮,10
111,7,29,烏來區,,,,無年齡維度,0.0,女,遷出,合計,18
111,7,29,烏來區,,,,無年齡維度,0.0,男,遷出,合計,17
111,7,29,烏來區,,,,無年齡維度,0.0,女,遷出,國外,0
111,7,29,烏來區,,,,無年齡維度,0.0,男,遷出,國外,0
111,7,29,烏來區,,,,無年齡維度,0.0,女,遷出,新北市內,0
111,7,29,烏來區,,,,無年齡維度,0.0,男,遷出,新北市內,0
111,7,29,烏來區,,,,無年齡維度,0.0,女,遷出,桃園市,1
111,7,29,烏來區,,,,無年齡維度,0.0,男,遷出,桃園市,3
111,7,29,烏來區,,,,無年齡維度,0.0,女,遷出,福建省,0
111,7,29,烏來區,,,,無年齡維度,0.0,男,遷出,福建省,0
111,7,29,烏來區,,,,無年齡維度,0.0,女,遷出,臺中市,0
111,7,29,烏來區,,,,無年齡維度,0.0,男,遷出,臺中市,1
111,7,29,烏來區,,,,無年齡維度,0.0,女,遷出,臺北市,0
111,7,29,烏來區,,,,無年齡維度,0.0,男,遷出,臺北市,0
111,7,29,烏來區,,,,無年齡維度,0.0,女,遷出,臺南市,0
111,7,29,烏來區,,,,無年齡維度,0.0,男,遷出,臺南市,0
111,7,29,烏來區,,,,無年齡維度,0.0,女,遷出,臺灣省,2
111,7,29,烏來區,,,,無年齡維度,0.0,男,遷出,臺灣省,3
111,7,29,烏來區,,,,無年齡維度,0.0,女,遷出,高雄市,1
111,7,29,烏來區,,,,無年齡維度,0.0,男,遷出,高雄市,0
111,8,1,板橋區,,,,無年齡維度,0.0,女,遷入,migrants,751
111,8,1,板橋區,,,,無年齡維度,0.0,男,遷入,migrants,679
111,8,1,板橋區,,,,無年齡維度,0.0,女,遷入,other,0
111,8,1,板橋區,,,,無年齡維度,0.0,男,遷入,other,0
111,8,1,板橋區,,,,無年齡維度,0.0,女,遷入,其他縣市,0
111,8,1,板橋區,,,,無年齡維度,0.0,男,遷入,其他縣市,0
111,8,1,板橋區,,,,無年齡維度,0.0,女,遷入,其他鄉鎮,407
111,8,1,板橋區,,,,無年齡維度,0.0,男,遷入,其他鄉鎮,318
111,8,1,板橋區,,,,無年齡維度,0.0,女,遷入,合計,1099
111,8,1,板橋區,,,,無年齡維度,0.0,男,遷入,合計,916
111,8,1,板橋區,,,,無年齡維度,0.0,女,遷入,國外,204
111,8,1,板橋區,,,,無年齡維度,0.0,男,遷入,國外,180
111,8,1,板橋區,,,,無年齡維度,0.0,女,遷入,新北市內,0
111,8,1,板橋區,,,,無年齡維度,0.0,男,遷入,新北市內,0
111,8,1,板橋區,,,,無年齡維度,0.0,女,遷入,桃園市,57
111,8,1,板橋區,,,,無年齡維度,0.0,男,遷入,桃園市,49
111,8,1,板橋區,,,,無年齡維度,0.0,女,遷入,福建省,5
111,8,1,板橋區,,,,無年齡維度,0.0,男,遷入,福建省,10
111,8,1,板橋區,,,,無年齡維度,0.0,女,遷入,臺中市,31
111,8,1,板橋區,,,,無年齡維度,0.0,男,遷入,臺中市,25
111,8,1,板橋區,,,,無年齡維度,0.0,女,遷入,臺北市,234
111,8,1,板橋區,,,,無年齡維度,0.0,男,遷入,臺北市,198
111,8,1,板橋區,,,,無年齡維度,0.0,女,遷入,臺南市,13
111,8,1,板橋區,,,,無年齡維度,0.0,男,遷入,臺南市,14
111,8,1,板橋區,,,,無年齡維度,0.0,女,遷入,臺灣省,116
111,8,1,板橋區,,,,無年齡維度,0.0,男,遷入,臺灣省,94
111,8,1,板橋區,,,,無年齡維度,0.0,女,遷入,高雄市,20
111,8,1,板橋區,,,,無年齡維度,0.0,男,遷入,高雄市,18
111,8,1,板橋區,,,,無年齡維度,0.0,女,遷出,migrants,751
111,8,1,板橋區,,,,無年齡維度,0.0,男,遷出,migrants,679
111,8,1,板橋區,,,,無年齡維度,0.0,女,遷出,other,0
111,8,1,板橋區,,,,無年齡維度,0.0,男,遷出,other,0
111,8,1,板橋區,,,,無年齡維度,0.0,女,遷出,其他縣市,0
111,8,1,板橋區,,,,無年齡維度,0.0,男,遷出,其他縣市,0
111,8,1,板橋區,,,,無年齡維度,0.0,女,遷出,其他鄉鎮,517
111,8,1,板橋區,,,,無年齡維度,0.0,男,遷出,其他鄉鎮,424
111,8,1,板橋區,,,,無年齡維度,0.0,女,遷出,合計,1084
111,8,1,板橋區,,,,無年齡維度,0.0,男,遷出,合計,939
111,8,1,板橋區,,,,無年齡維度,0.0,女,遷出,國外,116
111,8,1,板橋區,,,,無年齡維度,0.0,男,遷出,國外,92
111,8,1,板橋區,,,,無年齡維度,0.0,女,遷出,新北市內,0
111,8,1,板橋區,,,,無年齡維度,0.0,男,遷出,新北市內,0
111,8,1,板橋區,,,,無年齡維度,0.0,女,遷出,桃園市,116
111,8,1,板橋區,,,,無年齡維度,0.0,男,遷出,桃園市,116
111,8,1,板橋區,,,,無年齡維度,0.0,女,遷出,福建省,6
111,8,1,板橋區,,,,無年齡維度,0.0,男,遷出,福建省,13
111,8,1,板橋區,,,,無年齡維度,0.0,女,遷出,臺中市,39
111,8,1,板橋區,,,,無年齡維度,0.0,男,遷出,臺中市,26
111,8,1,板橋區,,,,無年齡維度,0.0,女,遷出,臺北市,118
111,8,1,板橋區,,,,無年齡維度,0.0,男,遷出,臺北市,116
111,8,1,板橋區,,,,無年齡維度,0.0,女,遷出,臺南市,21
111,8,1,板橋區,,,,無年齡維度,0.0,男,遷出,臺南市,14
111,8,1,板橋區,,,,無年齡維度,0.0,女,遷出,臺灣省,121
111,8,1,板橋區,,,,無年齡維度,0.0,男,遷出,臺灣省,121
111,8,1,板橋區,,,,無年齡維度,0.0,女,遷出,高雄市,30
111,8,1,板橋區,,,,無年齡維度,0.0,男,遷出,高雄市,17
111,8,2,三重區,,,,無年齡維度,0.0,女,遷入,migrants,584
111,8,2,三重區,,,,無年齡維度,0.0,男,遷入,migrants,526
111,8,2,三重區,,,,無年齡維度,0.0,女,遷入,other,0
111,8,2,三重區,,,,無年齡維度,0.0,男,遷入,other,0
111,8,2,三重區,,,,無年齡維度,0.0,女,遷入,其他縣市,0
111,8,2,三重區,,,,無年齡維度,0.0,男,遷入,其他縣市,0
111,8,2,三重區,,,,無年齡維度,0.0,女,遷入,其他鄉鎮,226
111,8,2,三重區,,,,無年齡維度,0.0,男,遷入,其他鄉鎮,202
111,8,2,三重區,,,,無年齡維度,0.0,女,遷入,合計,882
111,8,2,三重區,,,,無年齡維度,0.0,男,遷入,合計,767
111,8,2,三重區,,,,無年齡維度,0.0,女,遷入,國外,132
111,8,2,三重區,,,,無年齡維度,0.0,男,遷入,國外,117
111,8,2,三重區,,,,無年齡維度,0.0,女,遷入,新北市內,0
111,8,2,三重區,,,,無年齡維度,0.0,男,遷入,新北市內,0
111,8,2,三重區,,,,無年齡維度,0.0,女,遷入,桃園市,51
111,8,2,三重區,,,,無年齡維度,0.0,男,遷入,桃園市,43
111,8,2,三重區,,,,無年齡維度,0.0,女,遷入,福建省,3
111,8,2,三重區,,,,無年齡維度,0.0,男,遷入,福建省,3
111,8,2,三重區,,,,無年齡維度,0.0,女,遷入,臺中市,14
111,8,2,三重區,,,,無年齡維度,0.0,男,遷入,臺中市,18
111,8,2,三重區,,,,無年齡維度,0.0,女,遷入,臺北市,341
111,8,2,三重區,,,,無年齡維度,0.0,男,遷入,臺北市,287
111,8,2,三重區,,,,無年齡維度,0.0,女,遷入,臺南市,15
111,8,2,三重區,,,,無年齡維度,0.0,男,遷入,臺南市,13
111,8,2,三重區,,,,無年齡維度,0.0,女,遷入,臺灣省,62
111,8,2,三重區,,,,無年齡維度,0.0,男,遷入,臺灣省,60
111,8,2,三重區,,,,無年齡維度,0.0,女,遷入,高雄市,23
111,8,2,三重區,,,,無年齡維度,0.0,男,遷入,高雄市,13
111,8,2,三重區,,,,無年齡維度,0.0,女,遷出,migrants,584
111,8,2,三重區,,,,無年齡維度,0.0,男,遷出,migrants,526
111,8,2,三重區,,,,無年齡維度,0.0,女,遷出,other,0
111,8,2,三重區,,,,無年齡維度,0.0,男,遷出,other,0
111,8,2,三重區,,,,無年齡維度,0.0,女,遷出,其他縣市,0
111,8,2,三重區,,,,無年齡維度,0.0,男,遷出,其他縣市,0
111,8,2,三重區,,,,無年齡維度,0.0,女,遷出,其他鄉鎮,305
111,8,2,三重區,,,,無年齡維度,0.0,男,遷出,其他鄉鎮,230
111,8,2,三重區,,,,無年齡維度,0.0,女,遷出,合計,758
111,8,2,三重區,,,,無年齡維度,0.0,男,遷出,合計,609
111,8,2,三重區,,,,無年齡維度,0.0,女,遷出,國外,60
111,8,2,三重區,,,,無年齡維度,0.0,男,遷出,國外,57
111,8,2,三重區,,,,無年齡維度,0.0,女,遷出,新北市內,0
111,8,2,三重區,,,,無年齡維度,0.0,男,遷出,新北市內,0
111,8,2,三重區,,,,無年齡維度,0.0,女,遷出,桃園市,88
111,8,2,三重區,,,,無年齡維度,0.0,男,遷出,桃園市,67
111,8,2,三重區,,,,無年齡維度,0.0,女,遷出,福建省,8
111,8,2,三重區,,,,無年齡維度,0.0,男,遷出,福建省,3
111,8,2,三重區,,,,無年齡維度,0.0,女,遷出,臺中市,20
111,8,2,三重區,,,,無年齡維度,0.0,男,遷出,臺中市,16
111,8,2,三重區,,,,無年齡維度,0.0,女,遷出,臺北市,164
111,8,2,三重區,,,,無年齡維度,0.0,男,遷出,臺北市,132
111,8,2,三重區,,,,無年齡維度,0.0,女,遷出,臺南市,16
111,8,2,三重區,,,,無年齡維度,0.0,男,遷出,臺南市,12
111,8,2,三重區,,,,無年齡維度,0.0,女,遷出,臺灣省,86
111,8,2,三重區,,,,無年齡維度,0.0,男,遷出,臺灣省,82
111,8,2,三重區,,,,無年齡維度,0.0,女,遷出,高雄市,8
111,8,2,三重區,,,,無年齡維度,0.0,男,遷出,高雄市,10
111,8,3,中和區,,,,無年齡維度,0.0,女,遷入,migrants,498
111,8,3,中和區,,,,無年齡維度,0.0,男,遷入,migrants,444
111,8,3,中和區,,,,無年齡維度,0.0,女,遷入,other,0
111,8,3,中和區,,,,無年齡維度,0.0,男,遷入,other,0
111,8,3,中和區,,,,無年齡維度,0.0,女,遷入,其他縣市,0
111,8,3,中和區,,,,無年齡維度,0.0,男,遷入,其他縣市,0
111,8,3,中和區,,,,無年齡維度,0.0,女,遷入,其他鄉鎮,437
111,8,3,中和區,,,,無年齡維度,0.0,男,遷入,其他鄉鎮,334
111,8,3,中和區,,,,無年齡維度,0.0,女,遷入,合計,1107
111,8,3,中和區,,,,無年齡維度,0.0,男,遷入,合計,924
111,8,3,中和區,,,,無年齡維度,0.0,女,遷入,國外,218
111,8,3,中和區,,,,無年齡維度,0.0,男,遷入,國外,196
111,8,3,中和區,,,,無年齡維度,0.0,女,遷入,新北市內,0
111,8,3,中和區,,,,無年齡維度,0.0,男,遷入,新北市內,0
111,8,3,中和區,,,,無年齡維度,0.0,女,遷入,桃園市,48
111,8,3,中和區,,,,無年齡維度,0.0,男,遷入,桃園市,37
111,8,3,中和區,,,,無年齡維度,0.0,女,遷入,福建省,8
111,8,3,中和區,,,,無年齡維度,0.0,男,遷入,福建省,13
111,8,3,中和區,,,,無年齡維度,0.0,女,遷入,臺中市,23
111,8,3,中和區,,,,無年齡維度,0.0,男,遷入,臺中市,13
111,8,3,中和區,,,,無年齡維度,0.0,女,遷入,臺北市,244
111,8,3,中和區,,,,無年齡維度,0.0,男,遷入,臺北市,218
111,8,3,中和區,,,,無年齡維度,0.0,女,遷入,臺南市,12
111,8,3,中和區,,,,無年齡維度,0.0,男,遷入,臺南市,7
111,8,3,中和區,,,,無年齡維度,0.0,女,遷入,臺灣省,74
111,8,3,中和區,,,,無年齡維度,0.0,男,遷入,臺灣省,82
111,8,3,中和區,,,,無年齡維度,0.0,女,遷入,高雄市,23
111,8,3,中和區,,,,無年齡維度,0.0,男,遷入,高雄市,16
111,8,3,中和區,,,,無年齡維度,0.0,女,遷出,migrants,498
111,8,3,中和區,,,,無年齡維度,0.0,男,遷出,migrants,444
111,8,3,中和區,,,,無年齡維度,0.0,女,遷出,other,0
111,8,3,中和區,,,,無年齡維度,0.0,男,遷出,other,0
111,8,3,中和區,,,,無年齡維度,0.0,女,遷出,其他縣市,0
111,8,3,中和區,,,,無年齡維度,0.0,男,遷出,其他縣市,0
111,8,3,中和區,,,,無年齡維度,0.0,女,遷出,其他鄉鎮,409
111,8,3,中和區,,,,無年齡維度,0.0,男,遷出,其他鄉鎮,364
111,8,3,中和區,,,,無年齡維度,0.0,女,遷出,合計,922
111,8,3,中和區,,,,無年齡維度,0.0,男,遷出,合計,752
111,8,3,中和區,,,,無年齡維度,0.0,女,遷出,國外,93
111,8,3,中和區,,,,無年齡維度,0.0,男,遷出,國外,70
111,8,3,中和區,,,,無年齡維度,0.0,女,遷出,新北市內,0
111,8,3,中和區,,,,無年齡維度,0.0,男,遷出,新北市內,0
111,8,3,中和區,,,,無年齡維度,0.0,女,遷出,桃園市,79
111,8,3,中和區,,,,無年齡維度,0.0,男,遷出,桃園市,68
111,8,3,中和區,,,,無年齡維度,0.0,女,遷出,福建省,19
111,8,3,中和區,,,,無年齡維度,0.0,男,遷出,福建省,12
111,8,3,中和區,,,,無年齡維度,0.0,女,遷出,臺中市,26
111,8,3,中和區,,,,無年齡維度,0.0,男,遷出,臺中市,30
111,8,3,中和區,,,,無年齡維度,0.0,女,遷出,臺北市,151
111,8,3,中和區,,,,無年齡維度,0.0,男,遷出,臺北市,98
111,8,3,中和區,,,,無年齡維度,0.0,女,遷出,臺南市,11
111,8,3,中和區,,,,無年齡維度,0.0,男,遷出,臺南市,8
111,8,3,中和區,,,,無年齡維度,0.0,女,遷出,臺灣省,114
111,8,3,中和區,,,,無年齡維度,0.0,男,遷出,臺灣省,85
111,8,3,中和區,,,,無年齡維度,0.0,女,遷出,高雄市,19
111,8,3,中和區,,,,無年齡維度,0.0,男,遷出,高雄市,17
111,8,4,永和區,,,,無年齡維度,0.0,女,遷入,migrants,207
111,8,4,永和區,,,,無年齡維度,0.0,男,遷入,migrants,196
111,8,4,永和區,,,,無年齡維度,0.0,女,遷入,other,0
111,8,4,永和區,,,,無年齡維度,0.0,男,遷入,other,0
111,8,4,永和區,,,,無年齡維度,0.0,女,遷入,其他縣市,0
111,8,4,永和區,,,,無年齡維度,0.0,男,遷入,其他縣市,0
111,8,4,永和區,,,,無年齡維度,0.0,女,遷入,其他鄉鎮,169
111,8,4,永和區,,,,無年齡維度,0.0,男,遷入,其他鄉鎮,153
111,8,4,永和區,,,,無年齡維度,0.0,女,遷入,合計,558
111,8,4,永和區,,,,無年齡維度,0.0,男,遷入,合計,528
111,8,4,永和區,,,,無年齡維度,0.0,女,遷入,國外,158
111,8,4,永和區,,,,無年齡維度,0.0,男,遷入,國外,145
111,8,4,永和區,,,,無年齡維度,0.0,女,遷入,新北市內,0
111,8,4,永和區,,,,無年齡維度,0.0,男,遷入,新北市內,0
111,8,4,永和區,,,,無年齡維度,0.0,女,遷入,桃園市,22
111,8,4,永和區,,,,無年齡維度,0.0,男,遷入,桃園市,23
111,8,4,永和區,,,,無年齡維度,0.0,女,遷入,福建省,10
111,8,4,永和區,,,,無年齡維度,0.0,男,遷入,福建省,6
111,8,4,永和區,,,,無年齡維度,0.0,女,遷入,臺中市,7
111,8,4,永和區,,,,無年齡維度,0.0,男,遷入,臺中市,7
111,8,4,永和區,,,,無年齡維度,0.0,女,遷入,臺北市,128
111,8,4,永和區,,,,無年齡維度,0.0,男,遷入,臺北市,124
111,8,4,永和區,,,,無年齡維度,0.0,女,遷入,臺南市,3
111,8,4,永和區,,,,無年齡維度,0.0,男,遷入,臺南市,12
111,8,4,永和區,,,,無年齡維度,0.0,女,遷入,臺灣省,40
111,8,4,永和區,,,,無年齡維度,0.0,男,遷入,臺灣省,38
111,8,4,永和區,,,,無年齡維度,0.0,女,遷入,高雄市,8
111,8,4,永和區,,,,無年齡維度,0.0,男,遷入,高雄市,8
111,8,4,永和區,,,,無年齡維度,0.0,女,遷出,migrants,207
111,8,4,永和區,,,,無年齡維度,0.0,男,遷出,migrants,196
111,8,4,永和區,,,,無年齡維度,0.0,女,遷出,other,0
111,8,4,永和區,,,,無年齡維度,0.0,男,遷出,other,0
111,8,4,永和區,,,,無年齡維度,0.0,女,遷出,其他縣市,0
111,8,4,永和區,,,,無年齡維度,0.0,男,遷出,其他縣市,0
111,8,4,永和區,,,,無年齡維度,0.0,女,遷出,其他鄉鎮,287
111,8,4,永和區,,,,無年齡維度,0.0,男,遷出,其他鄉鎮,216
111,8,4,永和區,,,,無年齡維度,0.0,女,遷出,合計,562
111,8,4,永和區,,,,無年齡維度,0.0,男,遷出,合計,455
111,8,4,永和區,,,,無年齡維度,0.0,女,遷出,國外,59
111,8,4,永和區,,,,無年齡維度,0.0,男,遷出,國外,59
111,8,4,永和區,,,,無年齡維度,0.0,女,遷出,新北市內,0
111,8,4,永和區,,,,無年齡維度,0.0,男,遷出,新北市內,0
111,8,4,永和區,,,,無年齡維度,0.0,女,遷出,桃園市,36
111,8,4,永和區,,,,無年齡維度,0.0,男,遷出,桃園市,21
111,8,4,永和區,,,,無年齡維度,0.0,女,遷出,福建省,11
111,8,4,永和區,,,,無年齡維度,0.0,男,遷出,福建省,10
111,8,4,永和區,,,,無年齡維度,0.0,女,遷出,臺中市,11
111,8,4,永和區,,,,無年齡維度,0.0,男,遷出,臺中市,14
111,8,4,永和區,,,,無年齡維度,0.0,女,遷出,臺北市,87
111,8,4,永和區,,,,無年齡維度,0.0,男,遷出,臺北市,66
111,8,4,永和區,,,,無年齡維度,0.0,女,遷出,臺南市,5
111,8,4,永和區,,,,無年齡維度,0.0,男,遷出,臺南市,6
111,8,4,永和區,,,,無年齡維度,0.0,女,遷出,臺灣省,56
111,8,4,永和區,,,,無年齡維度,0.0,男,遷出,臺灣省,51
111,8,4,永和區,,,,無年齡維度,0.0,女,遷出,高雄市,10
111,8,4,永和區,,,,無年齡維度,0.0,男,遷出,高雄市,12
111,8,5,新莊區,,,,無年齡維度,0.0,女,遷入,migrants,764
111,8,5,新莊區,,,,無年齡維度,0.0,男,遷入,migrants,582
111,8,5,新莊區,,,,無年齡維度,0.0,女,遷入,other,0
111,8,5,新莊區,,,,無年齡維度,0.0,男,遷入,other,0
111,8,5,新莊區,,,,無年齡維度,0.0,女,遷入,其他縣市,0
111,8,5,新莊區,,,,無年齡維度,0.0,男,遷入,其他縣市,0
111,8,5,新莊區,,,,無年齡維度,0.0,女,遷入,其他鄉鎮,351
111,8,5,新莊區,,,,無年齡維度,0.0,男,遷入,其他鄉鎮,279
111,8,5,新莊區,,,,無年齡維度,0.0,女,遷入,合計,897
111,8,5,新莊區,,,,無年齡維度,0.0,男,遷入,合計,792
111,8,5,新莊區,,,,無年齡維度,0.0,女,遷入,國外,162
111,8,5,新莊區,,,,無年齡維度,0.0,男,遷入,國外,157
111,8,5,新莊區,,,,無年齡維度,0.0,女,遷入,新北市內,0
111,8,5,新莊區,,,,無年齡維度,0.0,男,遷入,新北市內,0
111,8,5,新莊區,,,,無年齡維度,0.0,女,遷入,桃園市,72
111,8,5,新莊區,,,,無年齡維度,0.0,男,遷入,桃園市,64
111,8,5,新莊區,,,,無年齡維度,0.0,女,遷入,福建省,1
111,8,5,新莊區,,,,無年齡維度,0.0,男,遷入,福建省,2
111,8,5,新莊區,,,,無年齡維度,0.0,女,遷入,臺中市,22
111,8,5,新莊區,,,,無年齡維度,0.0,男,遷入,臺中市,14
111,8,5,新莊區,,,,無年齡維度,0.0,女,遷入,臺北市,171
111,8,5,新莊區,,,,無年齡維度,0.0,男,遷入,臺北市,158
111,8,5,新莊區,,,,無年齡維度,0.0,女,遷入,臺南市,11
111,8,5,新莊區,,,,無年齡維度,0.0,男,遷入,臺南市,10
111,8,5,新莊區,,,,無年齡維度,0.0,女,遷入,臺灣省,82
111,8,5,新莊區,,,,無年齡維度,0.0,男,遷入,臺灣省,82
111,8,5,新莊區,,,,無年齡維度,0.0,女,遷入,高雄市,14
111,8,5,新莊區,,,,無年齡維度,0.0,男,遷入,高雄市,16
111,8,5,新莊區,,,,無年齡維度,0.0,女,遷出,migrants,764
111,8,5,新莊區,,,,無年齡維度,0.0,男,遷出,migrants,582
111,8,5,新莊區,,,,無年齡維度,0.0,女,遷出,other,0
111,8,5,新莊區,,,,無年齡維度,0.0,男,遷出,other,0
111,8,5,新莊區,,,,無年齡維度,0.0,女,遷出,其他縣市,0
111,8,5,新莊區,,,,無年齡維度,0.0,男,遷出,其他縣市,0
111,8,5,新莊區,,,,無年齡維度,0.0,女,遷出,其他鄉鎮,351
111,8,5,新莊區,,,,無年齡維度,0.0,男,遷出,其他鄉鎮,284
111,8,5,新莊區,,,,無年齡維度,0.0,女,遷出,合計,857
111,8,5,新莊區,,,,無年齡維度,0.0,男,遷出,合計,740
111,8,5,新莊區,,,,無年齡維度,0.0,女,遷出,國外,60
111,8,5,新莊區,,,,無年齡維度,0.0,男,遷出,國外,43
111,8,5,新莊區,,,,無年齡維度,0.0,女,遷出,新北市內,0
111,8,5,新莊區,,,,無年齡維度,0.0,男,遷出,新北市內,0
111,8,5,新莊區,,,,無年齡維度,0.0,女,遷出,桃園市,178
111,8,5,新莊區,,,,無年齡維度,0.0,男,遷出,桃園市,165
111,8,5,新莊區,,,,無年齡維度,0.0,女,遷出,福建省,7
111,8,5,新莊區,,,,無年齡維度,0.0,男,遷出,福建省,10
111,8,5,新莊區,,,,無年齡維度,0.0,女,遷出,臺中市,30
111,8,5,新莊區,,,,無年齡維度,0.0,男,遷出,臺中市,26
111,8,5,新莊區,,,,無年齡維度,0.0,女,遷出,臺北市,104
111,8,5,新莊區,,,,無年齡維度,0.0,男,遷出,臺北市,73
111,8,5,新莊區,,,,無年齡維度,0.0,女,遷出,臺南市,13
111,8,5,新莊區,,,,無年齡維度,0.0,男,遷出,臺南市,11
111,8,5,新莊區,,,,無年齡維度,0.0,女,遷出,臺灣省,101
111,8,5,新莊區,,,,無年齡維度,0.0,男,遷出,臺灣省,105
111,8,5,新莊區,,,,無年齡維度,0.0,女,遷出,高雄市,13
111,8,5,新莊區,,,,無年齡維度,0.0,男,遷出,高雄市,23
111,8,6,新店區,,,,無年齡維度,0.0,女,遷入,migrants,437
111,8,6,新店區,,,,無年齡維度,0.0,男,遷入,migrants,402
111,8,6,新店區,,,,無年齡維度,0.0,女,遷入,other,0
111,8,6,新店區,,,,無年齡維度,0.0,男,遷入,other,0
111,8,6,新店區,,,,無年齡維度,0.0,女,遷入,其他縣市,0
111,8,6,新店區,,,,無年齡維度,0.0,男,遷入,其他縣市,0
111,8,6,新店區,,,,無年齡維度,0.0,女,遷入,其他鄉鎮,151
111,8,6,新店區,,,,無年齡維度,0.0,男,遷入,其他鄉鎮,134
111,8,6,新店區,,,,無年齡維度,0.0,女,遷入,合計,850
111,8,6,新店區,,,,無年齡維度,0.0,男,遷入,合計,717
111,8,6,新店區,,,,無年齡維度,0.0,女,遷入,國外,241
111,8,6,新店區,,,,無年齡維度,0.0,男,遷入,國外,185
111,8,6,新店區,,,,無年齡維度,0.0,女,遷入,新北市內,0
111,8,6,新店區,,,,無年齡維度,0.0,男,遷入,新北市內,0
111,8,6,新店區,,,,無年齡維度,0.0,女,遷入,桃園市,34
111,8,6,新店區,,,,無年齡維度,0.0,男,遷入,桃園市,27
111,8,6,新店區,,,,無年齡維度,0.0,女,遷入,福建省,4
111,8,6,新店區,,,,無年齡維度,0.0,男,遷入,福建省,2
111,8,6,新店區,,,,無年齡維度,0.0,女,遷入,臺中市,22
111,8,6,新店區,,,,無年齡維度,0.0,男,遷入,臺中市,17
111,8,6,新店區,,,,無年齡維度,0.0,女,遷入,臺北市,312
111,8,6,新店區,,,,無年齡維度,0.0,男,遷入,臺北市,259
111,8,6,新店區,,,,無年齡維度,0.0,女,遷入,臺南市,6
111,8,6,新店區,,,,無年齡維度,0.0,男,遷入,臺南市,8
111,8,6,新店區,,,,無年齡維度,0.0,女,遷入,臺灣省,55
111,8,6,新店區,,,,無年齡維度,0.0,男,遷入,臺灣省,55
111,8,6,新店區,,,,無年齡維度,0.0,女,遷入,高雄市,10
111,8,6,新店區,,,,無年齡維度,0.0,男,遷入,高雄市,11
111,8,6,新店區,,,,無年齡維度,0.0,女,遷出,migrants,437
111,8,6,新店區,,,,無年齡維度,0.0,男,遷出,migrants,402
111,8,6,新店區,,,,無年齡維度,0.0,女,遷出,other,0
111,8,6,新店區,,,,無年齡維度,0.0,男,遷出,other,0
111,8,6,新店區,,,,無年齡維度,0.0,女,遷出,其他縣市,0
111,8,6,新店區,,,,無年齡維度,0.0,男,遷出,其他縣市,0
111,8,6,新店區,,,,無年齡維度,0.0,女,遷出,其他鄉鎮,190
111,8,6,新店區,,,,無年齡維度,0.0,男,遷出,其他鄉鎮,151
111,8,6,新店區,,,,無年齡維度,0.0,女,遷出,合計,619
111,8,6,新店區,,,,無年齡維度,0.0,男,遷出,合計,550
111,8,6,新店區,,,,無年齡維度,0.0,女,遷出,國外,87
111,8,6,新店區,,,,無年齡維度,0.0,男,遷出,國外,108
111,8,6,新店區,,,,無年齡維度,0.0,女,遷出,新北市內,0
111,8,6,新店區,,,,無年齡維度,0.0,男,遷出,新北市內,0
111,8,6,新店區,,,,無年齡維度,0.0,女,遷出,桃園市,54
111,8,6,新店區,,,,無年齡維度,0.0,男,遷出,桃園市,52
111,8,6,新店區,,,,無年齡維度,0.0,女,遷出,福建省,3
111,8,6,新店區,,,,無年齡維度,0.0,男,遷出,福建省,5
111,8,6,新店區,,,,無年齡維度,0.0,女,遷出,臺中市,14
111,8,6,新店區,,,,無年齡維度,0.0,男,遷出,臺中市,16
111,8,6,新店區,,,,無年齡維度,0.0,女,遷出,臺北市,157
111,8,6,新店區,,,,無年齡維度,0.0,男,遷出,臺北市,137
111,8,6,新店區,,,,無年齡維度,0.0,女,遷出,臺南市,7
111,8,6,新店區,,,,無年齡維度,0.0,男,遷出,臺南市,6
111,8,6,新店區,,,,無年齡維度,0.0,女,遷出,臺灣省,86
111,8,6,新店區,,,,無年齡維度,0.0,男,遷出,臺灣省,58
111,8,6,新店區,,,,無年齡維度,0.0,女,遷出,高雄市,19
111,8,6,新店區,,,,無年齡維度,0.0,男,遷出,高雄市,17
111,8,7,土城區,,,,無年齡維度,0.0,女,遷入,migrants,224
111,8,7,土城區,,,,無年齡維度,0.0,男,遷入,migrants,227
111,8,7,土城區,,,,無年齡維度,0.0,女,遷入,other,0
111,8,7,土城區,,,,無年齡維度,0.0,男,遷入,other,0
111,8,7,土城區,,,,無年齡維度,0.0,女,遷入,其他縣市,0
111,8,7,土城區,,,,無年齡維度,0.0,男,遷入,其他縣市,0
111,8,7,土城區,,,,無年齡維度,0.0,女,遷入,其他鄉鎮,198
111,8,7,土城區,,,,無年齡維度,0.0,男,遷入,其他鄉鎮,165
111,8,7,土城區,,,,無年齡維度,0.0,女,遷入,合計,406
111,8,7,土城區,,,,無年齡維度,0.0,男,遷入,合計,357
111,8,7,土城區,,,,無年齡維度,0.0,女,遷入,國外,78
111,8,7,土城區,,,,無年齡維度,0.0,男,遷入,國外,68
111,8,7,土城區,,,,無年齡維度,0.0,女,遷入,新北市內,0
111,8,7,土城區,,,,無年齡維度,0.0,男,遷入,新北市內,0
111,8,7,土城區,,,,無年齡維度,0.0,女,遷入,桃園市,30
111,8,7,土城區,,,,無年齡維度,0.0,男,遷入,桃園市,36
111,8,7,土城區,,,,無年齡維度,0.0,女,遷入,福建省,0
111,8,7,土城區,,,,無年齡維度,0.0,男,遷入,福建省,2
111,8,7,土城區,,,,無年齡維度,0.0,女,遷入,臺中市,6
111,8,7,土城區,,,,無年齡維度,0.0,男,遷入,臺中市,3
111,8,7,土城區,,,,無年齡維度,0.0,女,遷入,臺北市,43
111,8,7,土城區,,,,無年齡維度,0.0,男,遷入,臺北市,29
111,8,7,土城區,,,,無年齡維度,0.0,女,遷入,臺南市,7
111,8,7,土城區,,,,無年齡維度,0.0,男,遷入,臺南市,1
111,8,7,土城區,,,,無年齡維度,0.0,女,遷入,臺灣省,31
111,8,7,土城區,,,,無年齡維度,0.0,男,遷入,臺灣省,41
111,8,7,土城區,,,,無年齡維度,0.0,女,遷入,高雄市,5
111,8,7,土城區,,,,無年齡維度,0.0,男,遷入,高雄市,5
111,8,7,土城區,,,,無年齡維度,0.0,女,遷出,migrants,224
111,8,7,土城區,,,,無年齡維度,0.0,男,遷出,migrants,227
111,8,7,土城區,,,,無年齡維度,0.0,女,遷出,other,0
111,8,7,土城區,,,,無年齡維度,0.0,男,遷出,other,0
111,8,7,土城區,,,,無年齡維度,0.0,女,遷出,其他縣市,0
111,8,7,土城區,,,,無年齡維度,0.0,男,遷出,其他縣市,0
111,8,7,土城區,,,,無年齡維度,0.0,女,遷出,其他鄉鎮,194
111,8,7,土城區,,,,無年齡維度,0.0,男,遷出,其他鄉鎮,176
111,8,7,土城區,,,,無年齡維度,0.0,女,遷出,合計,368
111,8,7,土城區,,,,無年齡維度,0.0,男,遷出,合計,345
111,8,7,土城區,,,,無年齡維度,0.0,女,遷出,國外,7
111,8,7,土城區,,,,無年齡維度,0.0,男,遷出,國外,28
111,8,7,土城區,,,,無年齡維度,0.0,女,遷出,新北市內,0
111,8,7,土城區,,,,無年齡維度,0.0,男,遷出,新北市內,0
111,8,7,土城區,,,,無年齡維度,0.0,女,遷出,桃園市,70
111,8,7,土城區,,,,無年齡維度,0.0,男,遷出,桃園市,61
111,8,7,土城區,,,,無年齡維度,0.0,女,遷出,福建省,0
111,8,7,土城區,,,,無年齡維度,0.0,男,遷出,福建省,1
111,8,7,土城區,,,,無年齡維度,0.0,女,遷出,臺中市,11
111,8,7,土城區,,,,無年齡維度,0.0,男,遷出,臺中市,11
111,8,7,土城區,,,,無年齡維度,0.0,女,遷出,臺北市,23
111,8,7,土城區,,,,無年齡維度,0.0,男,遷出,臺北市,19
111,8,7,土城區,,,,無年齡維度,0.0,女,遷出,臺南市,5
111,8,7,土城區,,,,無年齡維度,0.0,男,遷出,臺南市,0
111,8,7,土城區,,,,無年齡維度,0.0,女,遷出,臺灣省,52
111,8,7,土城區,,,,無年齡維度,0.0,男,遷出,臺灣省,47
111,8,7,土城區,,,,無年齡維度,0.0,女,遷出,高雄市,6
111,8,7,土城區,,,,無年齡維度,0.0,男,遷出,高雄市,2
111,8,8,蘆洲區,,,,無年齡維度,0.0,女,遷入,migrants,139
111,8,8,蘆洲區,,,,無年齡維度,0.0,男,遷入,migrants,117
111,8,8,蘆洲區,,,,無年齡維度,0.0,女,遷入,other,0
111,8,8,蘆洲區,,,,無年齡維度,0.0,男,遷入,other,0
111,8,8,蘆洲區,,,,無年齡維度,0.0,女,遷入,其他縣市,0
111,8,8,蘆洲區,,,,無年齡維度,0.0,男,遷入,其他縣市,0
111,8,8,蘆洲區,,,,無年齡維度,0.0,女,遷入,其他鄉鎮,109
111,8,8,蘆洲區,,,,無年齡維度,0.0,男,遷入,其他鄉鎮,105
111,8,8,蘆洲區,,,,無年齡維度,0.0,女,遷入,合計,252
111,8,8,蘆洲區,,,,無年齡維度,0.0,男,遷入,合計,205
111,8,8,蘆洲區,,,,無年齡維度,0.0,女,遷入,國外,24
111,8,8,蘆洲區,,,,無年齡維度,0.0,男,遷入,國外,18
111,8,8,蘆洲區,,,,無年齡維度,0.0,女,遷入,新北市內,0
111,8,8,蘆洲區,,,,無年齡維度,0.0,男,遷入,新北市內,0
111,8,8,蘆洲區,,,,無年齡維度,0.0,女,遷入,桃園市,65
111,8,8,蘆洲區,,,,無年齡維度,0.0,男,遷入,桃園市,39
111,8,8,蘆洲區,,,,無年齡維度,0.0,女,遷入,福建省,1
111,8,8,蘆洲區,,,,無年齡維度,0.0,男,遷入,福建省,2
111,8,8,蘆洲區,,,,無年齡維度,0.0,女,遷入,臺中市,5
111,8,8,蘆洲區,,,,無年齡維度,0.0,男,遷入,臺中市,2
111,8,8,蘆洲區,,,,無年齡維度,0.0,女,遷入,臺北市,16
111,8,8,蘆洲區,,,,無年齡維度,0.0,男,遷入,臺北市,10
111,8,8,蘆洲區,,,,無年齡維度,0.0,女,遷入,臺南市,2
111,8,8,蘆洲區,,,,無年齡維度,0.0,男,遷入,臺南市,2
111,8,8,蘆洲區,,,,無年齡維度,0.0,女,遷入,臺灣省,24
111,8,8,蘆洲區,,,,無年齡維度,0.0,男,遷入,臺灣省,19
111,8,8,蘆洲區,,,,無年齡維度,0.0,女,遷入,高雄市,2
111,8,8,蘆洲區,,,,無年齡維度,0.0,男,遷入,高雄市,5
111,8,8,蘆洲區,,,,無年齡維度,0.0,女,遷出,migrants,139
111,8,8,蘆洲區,,,,無年齡維度,0.0,男,遷出,migrants,117
111,8,8,蘆洲區,,,,無年齡維度,0.0,女,遷出,other,0
111,8,8,蘆洲區,,,,無年齡維度,0.0,男,遷出,other,0
111,8,8,蘆洲區,,,,無年齡維度,0.0,女,遷出,其他縣市,0
111,8,8,蘆洲區,,,,無年齡維度,0.0,男,遷出,其他縣市,0
111,8,8,蘆洲區,,,,無年齡維度,0.0,女,遷出,其他鄉鎮,40
111,8,8,蘆洲區,,,,無年齡維度,0.0,男,遷出,其他鄉鎮,39
111,8,8,蘆洲區,,,,無年齡維度,0.0,女,遷出,合計,158
111,8,8,蘆洲區,,,,無年齡維度,0.0,男,遷出,合計,161
111,8,8,蘆洲區,,,,無年齡維度,0.0,女,遷出,國外,7
111,8,8,蘆洲區,,,,無年齡維度,0.0,男,遷出,國外,7
111,8,8,蘆洲區,,,,無年齡維度,0.0,女,遷出,新北市內,0
111,8,8,蘆洲區,,,,無年齡維度,0.0,男,遷出,新北市內,0
111,8,8,蘆洲區,,,,無年齡維度,0.0,女,遷出,桃園市,72
111,8,8,蘆洲區,,,,無年齡維度,0.0,男,遷出,桃園市,76
111,8,8,蘆洲區,,,,無年齡維度,0.0,女,遷出,福建省,0
111,8,8,蘆洲區,,,,無年齡維度,0.0,男,遷出,福建省,1
111,8,8,蘆洲區,,,,無年齡維度,0.0,女,遷出,臺中市,2
111,8,8,蘆洲區,,,,無年齡維度,0.0,男,遷出,臺中市,3
111,8,8,蘆洲區,,,,無年齡維度,0.0,女,遷出,臺北市,7
111,8,8,蘆洲區,,,,無年齡維度,0.0,男,遷出,臺北市,4
111,8,8,蘆洲區,,,,無年齡維度,0.0,女,遷出,臺南市,5
111,8,8,蘆洲區,,,,無年齡維度,0.0,男,遷出,臺南市,2
111,8,8,蘆洲區,,,,無年齡維度,0.0,女,遷出,臺灣省,20
111,8,8,蘆洲區,,,,無年齡維度,0.0,男,遷出,臺灣省,25
111,8,8,蘆洲區,,,,無年齡維度,0.0,女,遷出,高雄市,5
111,8,8,蘆洲區,,,,無年齡維度,0.0,男,遷出,高雄市,4
111,8,9,樹林區,,,,無年齡維度,0.0,女,遷入,migrants,197
111,8,9,樹林區,,,,無年齡維度,0.0,男,遷入,migrants,148
111,8,9,樹林區,,,,無年齡維度,0.0,女,遷入,other,0
111,8,9,樹林區,,,,無年齡維度,0.0,男,遷入,other,0
111,8,9,樹林區,,,,無年齡維度,0.0,女,遷入,其他縣市,0
111,8,9,樹林區,,,,無年齡維度,0.0,男,遷入,其他縣市,0
111,8,9,樹林區,,,,無年齡維度,0.0,女,遷入,其他鄉鎮,78
111,8,9,樹林區,,,,無年齡維度,0.0,男,遷入,其他鄉鎮,76
111,8,9,樹林區,,,,無年齡維度,0.0,女,遷入,合計,202
111,8,9,樹林區,,,,無年齡維度,0.0,男,遷入,合計,195
111,8,9,樹林區,,,,無年齡維度,0.0,女,遷入,國外,42
111,8,9,樹林區,,,,無年齡維度,0.0,男,遷入,國外,39
111,8,9,樹林區,,,,無年齡維度,0.0,女,遷入,新北市內,0
111,8,9,樹林區,,,,無年齡維度,0.0,男,遷入,新北市內,0
111,8,9,樹林區,,,,無年齡維度,0.0,女,遷入,桃園市,17
111,8,9,樹林區,,,,無年齡維度,0.0,男,遷入,桃園市,23
111,8,9,樹林區,,,,無年齡維度,0.0,女,遷入,福建省,2
111,8,9,樹林區,,,,無年齡維度,0.0,男,遷入,福建省,1
111,8,9,樹林區,,,,無年齡維度,0.0,女,遷入,臺中市,8
111,8,9,樹林區,,,,無年齡維度,0.0,男,遷入,臺中市,2
111,8,9,樹林區,,,,無年齡維度,0.0,女,遷入,臺北市,25
111,8,9,樹林區,,,,無年齡維度,0.0,男,遷入,臺北市,25
111,8,9,樹林區,,,,無年齡維度,0.0,女,遷入,臺南市,2
111,8,9,樹林區,,,,無年齡維度,0.0,男,遷入,臺南市,1
111,8,9,樹林區,,,,無年齡維度,0.0,女,遷入,臺灣省,15
111,8,9,樹林區,,,,無年齡維度,0.0,男,遷入,臺灣省,18
111,8,9,樹林區,,,,無年齡維度,0.0,女,遷入,高雄市,8
111,8,9,樹林區,,,,無年齡維度,0.0,男,遷入,高雄市,5
111,8,9,樹林區,,,,無年齡維度,0.0,女,遷出,migrants,197
111,8,9,樹林區,,,,無年齡維度,0.0,男,遷出,migrants,148
111,8,9,樹林區,,,,無年齡維度,0.0,女,遷出,other,0
111,8,9,樹林區,,,,無年齡維度,0.0,男,遷出,other,0
111,8,9,樹林區,,,,無年齡維度,0.0,女,遷出,其他縣市,0
111,8,9,樹林區,,,,無年齡維度,0.0,男,遷出,其他縣市,0
111,8,9,樹林區,,,,無年齡維度,0.0,女,遷出,其他鄉鎮,100
111,8,9,樹林區,,,,無年齡維度,0.0,男,遷出,其他鄉鎮,85
111,8,9,樹林區,,,,無年齡維度,0.0,女,遷出,合計,238
111,8,9,樹林區,,,,無年齡維度,0.0,男,遷出,合計,194
111,8,9,樹林區,,,,無年齡維度,0.0,女,遷出,國外,27
111,8,9,樹林區,,,,無年齡維度,0.0,男,遷出,國外,18
111,8,9,樹林區,,,,無年齡維度,0.0,女,遷出,新北市內,0
111,8,9,樹林區,,,,無年齡維度,0.0,男,遷出,新北市內,0
111,8,9,樹林區,,,,無年齡維度,0.0,女,遷出,桃園市,40
111,8,9,樹林區,,,,無年齡維度,0.0,男,遷出,桃園市,35
111,8,9,樹林區,,,,無年齡維度,0.0,女,遷出,福建省,3
111,8,9,樹林區,,,,無年齡維度,0.0,男,遷出,福建省,1
111,8,9,樹林區,,,,無年齡維度,0.0,女,遷出,臺中市,15
111,8,9,樹林區,,,,無年齡維度,0.0,男,遷出,臺中市,5
111,8,9,樹林區,,,,無年齡維度,0.0,女,遷出,臺北市,22
111,8,9,樹林區,,,,無年齡維度,0.0,男,遷出,臺北市,16
111,8,9,樹林區,,,,無年齡維度,0.0,女,遷出,臺南市,5
111,8,9,樹林區,,,,無年齡維度,0.0,男,遷出,臺南市,4
111,8,9,樹林區,,,,無年齡維度,0.0,女,遷出,臺灣省,22
111,8,9,樹林區,,,,無年齡維度,0.0,男,遷出,臺灣省,24
111,8,9,樹林區,,,,無年齡維度,0.0,女,遷出,高雄市,3
111,8,9,樹林區,,,,無年齡維度,0.0,男,遷出,高雄市,5
111,8,10,鶯歌區,,,,無年齡維度,0.0,女,遷入,migrants,345
111,8,10,鶯歌區,,,,無年齡維度,0.0,男,遷入,migrants,285
111,8,10,鶯歌區,,,,無年齡維度,0.0,女,遷入,other,0
111,8,10,鶯歌區,,,,無年齡維度,0.0,男,遷入,other,0
111,8,10,鶯歌區,,,,無年齡維度,0.0,女,遷入,其他縣市,0
111,8,10,鶯歌區,,,,無年齡維度,0.0,男,遷入,其他縣市,0
111,8,10,鶯歌區,,,,無年齡維度,0.0,女,遷入,其他鄉鎮,177
111,8,10,鶯歌區,,,,無年齡維度,0.0,男,遷入,其他鄉鎮,137
111,8,10,鶯歌區,,,,無年齡維度,0.0,女,遷入,合計,634
111,8,10,鶯歌區,,,,無年齡維度,0.0,男,遷入,合計,551
111,8,10,鶯歌區,,,,無年齡維度,0.0,女,遷入,國外,100
111,8,10,鶯歌區,,,,無年齡維度,0.0,男,遷入,國外,88
111,8,10,鶯歌區,,,,無年齡維度,0.0,女,遷入,新北市內,0
111,8,10,鶯歌區,,,,無年齡維度,0.0,男,遷入,新北市內,0
111,8,10,鶯歌區,,,,無年齡維度,0.0,女,遷入,桃園市,31
111,8,10,鶯歌區,,,,無年齡維度,0.0,男,遷入,桃園市,25
111,8,10,鶯歌區,,,,無年齡維度,0.0,女,遷入,福建省,3
111,8,10,鶯歌區,,,,無年齡維度,0.0,男,遷入,福建省,0
111,8,10,鶯歌區,,,,無年齡維度,0.0,女,遷入,臺中市,21
111,8,10,鶯歌區,,,,無年齡維度,0.0,男,遷入,臺中市,11
111,8,10,鶯歌區,,,,無年齡維度,0.0,女,遷入,臺北市,228
111,8,10,鶯歌區,,,,無年齡維度,0.0,男,遷入,臺北市,210
111,8,10,鶯歌區,,,,無年齡維度,0.0,女,遷入,臺南市,9
111,8,10,鶯歌區,,,,無年齡維度,0.0,男,遷入,臺南市,3
111,8,10,鶯歌區,,,,無年齡維度,0.0,女,遷入,臺灣省,45
111,8,10,鶯歌區,,,,無年齡維度,0.0,男,遷入,臺灣省,50
111,8,10,鶯歌區,,,,無年齡維度,0.0,女,遷入,高雄市,12
111,8,10,鶯歌區,,,,無年齡維度,0.0,男,遷入,高雄市,18
111,8,10,鶯歌區,,,,無年齡維度,0.0,女,遷出,migrants,345
111,8,10,鶯歌區,,,,無年齡維度,0.0,男,遷出,migrants,285
111,8,10,鶯歌區,,,,無年齡維度,0.0,女,遷出,other,0
111,8,10,鶯歌區,,,,無年齡維度,0.0,男,遷出,other,0
111,8,10,鶯歌區,,,,無年齡維度,0.0,女,遷出,其他縣市,0
111,8,10,鶯歌區,,,,無年齡維度,0.0,男,遷出,其他縣市,0
111,8,10,鶯歌區,,,,無年齡維度,0.0,女,遷出,其他鄉鎮,83
111,8,10,鶯歌區,,,,無年齡維度,0.0,男,遷出,其他鄉鎮,71
111,8,10,鶯歌區,,,,無年齡維度,0.0,女,遷出,合計,361
111,8,10,鶯歌區,,,,無年齡維度,0.0,男,遷出,合計,332
111,8,10,鶯歌區,,,,無年齡維度,0.0,女,遷出,國外,57
111,8,10,鶯歌區,,,,無年齡維度,0.0,男,遷出,國外,66
111,8,10,鶯歌區,,,,無年齡維度,0.0,女,遷出,新北市內,0
111,8,10,鶯歌區,,,,無年齡維度,0.0,男,遷出,新北市內,0
111,8,10,鶯歌區,,,,無年齡維度,0.0,女,遷出,桃園市,32
111,8,10,鶯歌區,,,,無年齡維度,0.0,男,遷出,桃園市,27
111,8,10,鶯歌區,,,,無年齡維度,0.0,女,遷出,福建省,3
111,8,10,鶯歌區,,,,無年齡維度,0.0,男,遷出,福建省,2
111,8,10,鶯歌區,,,,無年齡維度,0.0,女,遷出,臺中市,13
111,8,10,鶯歌區,,,,無年齡維度,0.0,男,遷出,臺中市,13
111,8,10,鶯歌區,,,,無年齡維度,0.0,女,遷出,臺北市,112
111,8,10,鶯歌區,,,,無年齡維度,0.0,男,遷出,臺北市,101
111,8,10,鶯歌區,,,,無年齡維度,0.0,女,遷出,臺南市,5
111,8,10,鶯歌區,,,,無年齡維度,0.0,男,遷出,臺南市,7
111,8,10,鶯歌區,,,,無年齡維度,0.0,女,遷出,臺灣省,46
111,8,10,鶯歌區,,,,無年齡維度,0.0,男,遷出,臺灣省,39
111,8,10,鶯歌區,,,,無年齡維度,0.0,女,遷出,高雄市,10
111,8,10,鶯歌區,,,,無年齡維度,0.0,男,遷出,高雄市,6
111,8,11,三峽區,,,,無年齡維度,0.0,女,遷入,migrants,347
111,8,11,三峽區,,,,無年齡維度,0.0,男,遷入,migrants,322
111,8,11,三峽區,,,,無年齡維度,0.0,女,遷入,other,0
111,8,11,三峽區,,,,無年齡維度,0.0,男,遷入,other,0
111,8,11,三峽區,,,,無年齡維度,0.0,女,遷入,其他縣市,0
111,8,11,三峽區,,,,無年齡維度,0.0,男,遷入,其他縣市,0
111,8,11,三峽區,,,,無年齡維度,0.0,女,遷入,其他鄉鎮,81
111,8,11,三峽區,,,,無年齡維度,0.0,男,遷入,其他鄉鎮,80
111,8,11,三峽區,,,,無年齡維度,0.0,女,遷入,合計,564
111,8,11,三峽區,,,,無年齡維度,0.0,男,遷入,合計,542
111,8,11,三峽區,,,,無年齡維度,0.0,女,遷入,國外,108
111,8,11,三峽區,,,,無年齡維度,0.0,男,遷入,國外,89
111,8,11,三峽區,,,,無年齡維度,0.0,女,遷入,新北市內,0
111,8,11,三峽區,,,,無年齡維度,0.0,男,遷入,新北市內,0
111,8,11,三峽區,,,,無年齡維度,0.0,女,遷入,桃園市,15
111,8,11,三峽區,,,,無年齡維度,0.0,男,遷入,桃園市,19
111,8,11,三峽區,,,,無年齡維度,0.0,女,遷入,福建省,3
111,8,11,三峽區,,,,無年齡維度,0.0,男,遷入,福建省,1
111,8,11,三峽區,,,,無年齡維度,0.0,女,遷入,臺中市,24
111,8,11,三峽區,,,,無年齡維度,0.0,男,遷入,臺中市,10
111,8,11,三峽區,,,,無年齡維度,0.0,女,遷入,臺北市,256
111,8,11,三峽區,,,,無年齡維度,0.0,男,遷入,臺北市,252
111,8,11,三峽區,,,,無年齡維度,0.0,女,遷入,臺南市,4
111,8,11,三峽區,,,,無年齡維度,0.0,男,遷入,臺南市,5
111,8,11,三峽區,,,,無年齡維度,0.0,女,遷入,臺灣省,60
111,8,11,三峽區,,,,無年齡維度,0.0,男,遷入,臺灣省,67
111,8,11,三峽區,,,,無年齡維度,0.0,女,遷入,高雄市,9
111,8,11,三峽區,,,,無年齡維度,0.0,男,遷入,高雄市,10
111,8,11,三峽區,,,,無年齡維度,0.0,女,遷出,migrants,347
111,8,11,三峽區,,,,無年齡維度,0.0,男,遷出,migrants,322
111,8,11,三峽區,,,,無年齡維度,0.0,女,遷出,other,0
111,8,11,三峽區,,,,無年齡維度,0.0,男,遷出,other,0
111,8,11,三峽區,,,,無年齡維度,0.0,女,遷出,其他縣市,0
111,8,11,三峽區,,,,無年齡維度,0.0,男,遷出,其他縣市,0
111,8,11,三峽區,,,,無年齡維度,0.0,女,遷出,其他鄉鎮,64
111,8,11,三峽區,,,,無年齡維度,0.0,男,遷出,其他鄉鎮,58
111,8,11,三峽區,,,,無年齡維度,0.0,女,遷出,合計,408
111,8,11,三峽區,,,,無年齡維度,0.0,男,遷出,合計,384
111,8,11,三峽區,,,,無年齡維度,0.0,女,遷出,國外,44
111,8,11,三峽區,,,,無年齡維度,0.0,男,遷出,國外,41
111,8,11,三峽區,,,,無年齡維度,0.0,女,遷出,新北市內,0
111,8,11,三峽區,,,,無年齡維度,0.0,男,遷出,新北市內,0
111,8,11,三峽區,,,,無年齡維度,0.0,女,遷出,桃園市,30
111,8,11,三峽區,,,,無年齡維度,0.0,男,遷出,桃園市,24
111,8,11,三峽區,,,,無年齡維度,0.0,女,遷出,福建省,2
111,8,11,三峽區,,,,無年齡維度,0.0,男,遷出,福建省,4
111,8,11,三峽區,,,,無年齡維度,0.0,女,遷出,臺中市,13
111,8,11,三峽區,,,,無年齡維度,0.0,男,遷出,臺中市,15
111,8,11,三峽區,,,,無年齡維度,0.0,女,遷出,臺北市,148
111,8,11,三峽區,,,,無年齡維度,0.0,男,遷出,臺北市,137
111,8,11,三峽區,,,,無年齡維度,0.0,女,遷出,臺南市,15
111,8,11,三峽區,,,,無年齡維度,0.0,男,遷出,臺南市,5
111,8,11,三峽區,,,,無年齡維度,0.0,女,遷出,臺灣省,82
111,8,11,三峽區,,,,無年齡維度,0.0,男,遷出,臺灣省,89
111,8,11,三峽區,,,,無年齡維度,0.0,女,遷出,高雄市,9
111,8,11,三峽區,,,,無年齡維度,0.0,男,遷出,高雄市,11
111,8,12,淡水區,,,,無年齡維度,0.0,女,遷入,migrants,32
111,8,12,淡水區,,,,無年齡維度,0.0,男,遷入,migrants,31
111,8,12,淡水區,,,,無年齡維度,0.0,女,遷入,other,0
111,8,12,淡水區,,,,無年齡維度,0.0,男,遷入,other,0
111,8,12,淡水區,,,,無年齡維度,0.0,女,遷入,其他縣市,0
111,8,12,淡水區,,,,無年齡維度,0.0,男,遷入,其他縣市,0
111,8,12,淡水區,,,,無年齡維度,0.0,女,遷入,其他鄉鎮,9
111,8,12,淡水區,,,,無年齡維度,0.0,男,遷入,其他鄉鎮,12
111,8,12,淡水區,,,,無年齡維度,0.0,女,遷入,合計,44
111,8,12,淡水區,,,,無年齡維度,0.0,男,遷入,合計,41
111,8,12,淡水區,,,,無年齡維度,0.0,女,遷入,國外,6
111,8,12,淡水區,,,,無年齡維度,0.0,男,遷入,國外,3
111,8,12,淡水區,,,,無年齡維度,0.0,女,遷入,新北市內,0
111,8,12,淡水區,,,,無年齡維度,0.0,男,遷入,新北市內,0
111,8,12,淡水區,,,,無年齡維度,0.0,女,遷入,桃園市,1
111,8,12,淡水區,,,,無年齡維度,0.0,男,遷入,桃園市,1
111,8,12,淡水區,,,,無年齡維度,0.0,女,遷入,福建省,0
111,8,12,淡水區,,,,無年齡維度,0.0,男,遷入,福建省,1
111,8,12,淡水區,,,,無年齡維度,0.0,女,遷入,臺中市,4
111,8,12,淡水區,,,,無年齡維度,0.0,男,遷入,臺中市,1
111,8,12,淡水區,,,,無年齡維度,0.0,女,遷入,臺北市,3
111,8,12,淡水區,,,,無年齡維度,0.0,男,遷入,臺北市,4
111,8,12,淡水區,,,,無年齡維度,0.0,女,遷入,臺南市,0
111,8,12,淡水區,,,,無年齡維度,0.0,男,遷入,臺南市,0
111,8,12,淡水區,,,,無年齡維度,0.0,女,遷入,臺灣省,20
111,8,12,淡水區,,,,無年齡維度,0.0,男,遷入,臺灣省,19
111,8,12,淡水區,,,,無年齡維度,0.0,女,遷入,高雄市,1
111,8,12,淡水區,,,,無年齡維度,0.0,男,遷入,高雄市,0
111,8,12,淡水區,,,,無年齡維度,0.0,女,遷出,migrants,32
111,8,12,淡水區,,,,無年齡維度,0.0,男,遷出,migrants,31
111,8,12,淡水區,,,,無年齡維度,0.0,女,遷出,other,0
111,8,12,淡水區,,,,無年齡維度,0.0,男,遷出,other,0
111,8,12,淡水區,,,,無年齡維度,0.0,女,遷出,其他縣市,0
111,8,12,淡水區,,,,無年齡維度,0.0,男,遷出,其他縣市,0
111,8,12,淡水區,,,,無年齡維度,0.0,女,遷出,其他鄉鎮,27
111,8,12,淡水區,,,,無年齡維度,0.0,男,遷出,其他鄉鎮,16
111,8,12,淡水區,,,,無年齡維度,0.0,女,遷出,合計,95
111,8,12,淡水區,,,,無年齡維度,0.0,男,遷出,合計,55
111,8,12,淡水區,,,,無年齡維度,0.0,女,遷出,國外,4
111,8,12,淡水區,,,,無年齡維度,0.0,男,遷出,國外,4
111,8,12,淡水區,,,,無年齡維度,0.0,女,遷出,新北市內,0
111,8,12,淡水區,,,,無年齡維度,0.0,男,遷出,新北市內,0
111,8,12,淡水區,,,,無年齡維度,0.0,女,遷出,桃園市,9
111,8,12,淡水區,,,,無年齡維度,0.0,男,遷出,桃園市,5
111,8,12,淡水區,,,,無年齡維度,0.0,女,遷出,福建省,0
111,8,12,淡水區,,,,無年齡維度,0.0,男,遷出,福建省,0
111,8,12,淡水區,,,,無年齡維度,0.0,女,遷出,臺中市,2
111,8,12,淡水區,,,,無年齡維度,0.0,男,遷出,臺中市,2
111,8,12,淡水區,,,,無年齡維度,0.0,女,遷出,臺北市,8
111,8,12,淡水區,,,,無年齡維度,0.0,男,遷出,臺北市,3
111,8,12,淡水區,,,,無年齡維度,0.0,女,遷出,臺南市,1
111,8,12,淡水區,,,,無年齡維度,0.0,男,遷出,臺南市,0
111,8,12,淡水區,,,,無年齡維度,0.0,女,遷出,臺灣省,44
111,8,12,淡水區,,,,無年齡維度,0.0,男,遷出,臺灣省,25
111,8,12,淡水區,,,,無年齡維度,0.0,女,遷出,高雄市,0
111,8,12,淡水區,,,,無年齡維度,0.0,男,遷出,高雄市,0
111,8,13,汐止區,,,,無年齡維度,0.0,女,遷入,migrants,377
111,8,13,汐止區,,,,無年齡維度,0.0,男,遷入,migrants,341
111,8,13,汐止區,,,,無年齡維度,0.0,女,遷入,other,0
111,8,13,汐止區,,,,無年齡維度,0.0,男,遷入,other,0
111,8,13,汐止區,,,,無年齡維度,0.0,女,遷入,其他縣市,0
111,8,13,汐止區,,,,無年齡維度,0.0,男,遷入,其他縣市,0
111,8,13,汐止區,,,,無年齡維度,0.0,女,遷入,其他鄉鎮,248
111,8,13,汐止區,,,,無年齡維度,0.0,男,遷入,其他鄉鎮,206
111,8,13,汐止區,,,,無年齡維度,0.0,女,遷入,合計,502
111,8,13,汐止區,,,,無年齡維度,0.0,男,遷入,合計,428
111,8,13,汐止區,,,,無年齡維度,0.0,女,遷入,國外,63
111,8,13,汐止區,,,,無年齡維度,0.0,男,遷入,國外,73
111,8,13,汐止區,,,,無年齡維度,0.0,女,遷入,新北市內,0
111,8,13,汐止區,,,,無年齡維度,0.0,男,遷入,新北市內,0
111,8,13,汐止區,,,,無年齡維度,0.0,女,遷入,桃園市,29
111,8,13,汐止區,,,,無年齡維度,0.0,男,遷入,桃園市,13
111,8,13,汐止區,,,,無年齡維度,0.0,女,遷入,福建省,3
111,8,13,汐止區,,,,無年齡維度,0.0,男,遷入,福建省,3
111,8,13,汐止區,,,,無年齡維度,0.0,女,遷入,臺中市,7
111,8,13,汐止區,,,,無年齡維度,0.0,男,遷入,臺中市,6
111,8,13,汐止區,,,,無年齡維度,0.0,女,遷入,臺北市,94
111,8,13,汐止區,,,,無年齡維度,0.0,男,遷入,臺北市,82
111,8,13,汐止區,,,,無年齡維度,0.0,女,遷入,臺南市,5
111,8,13,汐止區,,,,無年齡維度,0.0,男,遷入,臺南市,5
111,8,13,汐止區,,,,無年齡維度,0.0,女,遷入,臺灣省,42
111,8,13,汐止區,,,,無年齡維度,0.0,男,遷入,臺灣省,30
111,8,13,汐止區,,,,無年齡維度,0.0,女,遷入,高雄市,8
111,8,13,汐止區,,,,無年齡維度,0.0,男,遷入,高雄市,8
111,8,13,汐止區,,,,無年齡維度,0.0,女,遷出,migrants,377
111,8,13,汐止區,,,,無年齡維度,0.0,男,遷出,migrants,341
111,8,13,汐止區,,,,無年齡維度,0.0,女,遷出,other,0
111,8,13,汐止區,,,,無年齡維度,0.0,男,遷出,other,0
111,8,13,汐止區,,,,無年齡維度,0.0,女,遷出,其他縣市,0
111,8,13,汐止區,,,,無年齡維度,0.0,男,遷出,其他縣市,0
111,8,13,汐止區,,,,無年齡維度,0.0,女,遷出,其他鄉鎮,206
111,8,13,汐止區,,,,無年齡維度,0.0,男,遷出,其他鄉鎮,183
111,8,13,汐止區,,,,無年齡維度,0.0,女,遷出,合計,431
111,8,13,汐止區,,,,無年齡維度,0.0,男,遷出,合計,384
111,8,13,汐止區,,,,無年齡維度,0.0,女,遷出,國外,34
111,8,13,汐止區,,,,無年齡維度,0.0,男,遷出,國外,30
111,8,13,汐止區,,,,無年齡維度,0.0,女,遷出,新北市內,0
111,8,13,汐止區,,,,無年齡維度,0.0,男,遷出,新北市內,0
111,8,13,汐止區,,,,無年齡維度,0.0,女,遷出,桃園市,58
111,8,13,汐止區,,,,無年齡維度,0.0,男,遷出,桃園市,47
111,8,13,汐止區,,,,無年齡維度,0.0,女,遷出,福建省,5
111,8,13,汐止區,,,,無年齡維度,0.0,男,遷出,福建省,4
111,8,13,汐止區,,,,無年齡維度,0.0,女,遷出,臺中市,9
111,8,13,汐止區,,,,無年齡維度,0.0,男,遷出,臺中市,8
111,8,13,汐止區,,,,無年齡維度,0.0,女,遷出,臺北市,49
111,8,13,汐止區,,,,無年齡維度,0.0,男,遷出,臺北市,33
111,8,13,汐止區,,,,無年齡維度,0.0,女,遷出,臺南市,11
111,8,13,汐止區,,,,無年齡維度,0.0,男,遷出,臺南市,6
111,8,13,汐止區,,,,無年齡維度,0.0,女,遷出,臺灣省,52
111,8,13,汐止區,,,,無年齡維度,0.0,男,遷出,臺灣省,65
111,8,13,汐止區,,,,無年齡維度,0.0,女,遷出,高雄市,6
111,8,13,汐止區,,,,無年齡維度,0.0,男,遷出,高雄市,8
111,8,14,瑞芳區,,,,無年齡維度,0.0,女,遷入,migrants,269
111,8,14,瑞芳區,,,,無年齡維度,0.0,男,遷入,migrants,229
111,8,14,瑞芳區,,,,無年齡維度,0.0,女,遷入,other,0
111,8,14,瑞芳區,,,,無年齡維度,0.0,男,遷入,other,0
111,8,14,瑞芳區,,,,無年齡維度,0.0,女,遷入,其他縣市,0
111,8,14,瑞芳區,,,,無年齡維度,0.0,男,遷入,其他縣市,0
111,8,14,瑞芳區,,,,無年齡維度,0.0,女,遷入,其他鄉鎮,144
111,8,14,瑞芳區,,,,無年齡維度,0.0,男,遷入,其他鄉鎮,137
111,8,14,瑞芳區,,,,無年齡維度,0.0,女,遷入,合計,371
111,8,14,瑞芳區,,,,無年齡維度,0.0,男,遷入,合計,340
111,8,14,瑞芳區,,,,無年齡維度,0.0,女,遷入,國外,61
111,8,14,瑞芳區,,,,無年齡維度,0.0,男,遷入,國外,51
111,8,14,瑞芳區,,,,無年齡維度,0.0,女,遷入,新北市內,0
111,8,14,瑞芳區,,,,無年齡維度,0.0,男,遷入,新北市內,0
111,8,14,瑞芳區,,,,無年齡維度,0.0,女,遷入,桃園市,17
111,8,14,瑞芳區,,,,無年齡維度,0.0,男,遷入,桃園市,19
111,8,14,瑞芳區,,,,無年齡維度,0.0,女,遷入,福建省,1
111,8,14,瑞芳區,,,,無年齡維度,0.0,男,遷入,福建省,1
111,8,14,瑞芳區,,,,無年齡維度,0.0,女,遷入,臺中市,3
111,8,14,瑞芳區,,,,無年齡維度,0.0,男,遷入,臺中市,3
111,8,14,瑞芳區,,,,無年齡維度,0.0,女,遷入,臺北市,101
111,8,14,瑞芳區,,,,無年齡維度,0.0,男,遷入,臺北市,85
111,8,14,瑞芳區,,,,無年齡維度,0.0,女,遷入,臺南市,3
111,8,14,瑞芳區,,,,無年齡維度,0.0,男,遷入,臺南市,4
111,8,14,瑞芳區,,,,無年齡維度,0.0,女,遷入,臺灣省,30
111,8,14,瑞芳區,,,,無年齡維度,0.0,男,遷入,臺灣省,28
111,8,14,瑞芳區,,,,無年齡維度,0.0,女,遷入,高雄市,7
111,8,14,瑞芳區,,,,無年齡維度,0.0,男,遷入,高雄市,9
111,8,14,瑞芳區,,,,無年齡維度,0.0,女,遷出,migrants,269
111,8,14,瑞芳區,,,,無年齡維度,0.0,男,遷出,migrants,229
111,8,14,瑞芳區,,,,無年齡維度,0.0,女,遷出,other,0
111,8,14,瑞芳區,,,,無年齡維度,0.0,男,遷出,other,0
111,8,14,瑞芳區,,,,無年齡維度,0.0,女,遷出,其他縣市,0
111,8,14,瑞芳區,,,,無年齡維度,0.0,男,遷出,其他縣市,0
111,8,14,瑞芳區,,,,無年齡維度,0.0,女,遷出,其他鄉鎮,229
111,8,14,瑞芳區,,,,無年齡維度,0.0,男,遷出,其他鄉鎮,205
111,8,14,瑞芳區,,,,無年齡維度,0.0,女,遷出,合計,456
111,8,14,瑞芳區,,,,無年齡維度,0.0,男,遷出,合計,394
111,8,14,瑞芳區,,,,無年齡維度,0.0,女,遷出,國外,39
111,8,14,瑞芳區,,,,無年齡維度,0.0,男,遷出,國外,27
111,8,14,瑞芳區,,,,無年齡維度,0.0,女,遷出,新北市內,0
111,8,14,瑞芳區,,,,無年齡維度,0.0,男,遷出,新北市內,0
111,8,14,瑞芳區,,,,無年齡維度,0.0,女,遷出,桃園市,45
111,8,14,瑞芳區,,,,無年齡維度,0.0,男,遷出,桃園市,37
111,8,14,瑞芳區,,,,無年齡維度,0.0,女,遷出,福建省,2
111,8,14,瑞芳區,,,,無年齡維度,0.0,男,遷出,福建省,4
111,8,14,瑞芳區,,,,無年齡維度,0.0,女,遷出,臺中市,12
111,8,14,瑞芳區,,,,無年齡維度,0.0,男,遷出,臺中市,13
111,8,14,瑞芳區,,,,無年齡維度,0.0,女,遷出,臺北市,71
111,8,14,瑞芳區,,,,無年齡維度,0.0,男,遷出,臺北市,58
111,8,14,瑞芳區,,,,無年齡維度,0.0,女,遷出,臺南市,9
111,8,14,瑞芳區,,,,無年齡維度,0.0,男,遷出,臺南市,4
111,8,14,瑞芳區,,,,無年齡維度,0.0,女,遷出,臺灣省,44
111,8,14,瑞芳區,,,,無年齡維度,0.0,男,遷出,臺灣省,43
111,8,14,瑞芳區,,,,無年齡維度,0.0,女,遷出,高雄市,4
111,8,14,瑞芳區,,,,無年齡維度,0.0,男,遷出,高雄市,3
111,8,15,五股區,,,,無年齡維度,0.0,女,遷入,migrants,99
111,8,15,五股區,,,,無年齡維度,0.0,男,遷入,migrants,100
111,8,15,五股區,,,,無年齡維度,0.0,女,遷入,other,0
111,8,15,五股區,,,,無年齡維度,0.0,男,遷入,other,0
111,8,15,五股區,,,,無年齡維度,0.0,女,遷入,其他縣市,0
111,8,15,五股區,,,,無年齡維度,0.0,男,遷入,其他縣市,0
111,8,15,五股區,,,,無年齡維度,0.0,女,遷入,其他鄉鎮,188
111,8,15,五股區,,,,無年齡維度,0.0,男,遷入,其他鄉鎮,148
111,8,15,五股區,,,,無年齡維度,0.0,女,遷入,合計,294
111,8,15,五股區,,,,無年齡維度,0.0,男,遷入,合計,269
111,8,15,五股區,,,,無年齡維度,0.0,女,遷入,國外,25
111,8,15,五股區,,,,無年齡維度,0.0,男,遷入,國外,33
111,8,15,五股區,,,,無年齡維度,0.0,女,遷入,新北市內,0
111,8,15,五股區,,,,無年齡維度,0.0,男,遷入,新北市內,0
111,8,15,五股區,,,,無年齡維度,0.0,女,遷入,桃園市,14
111,8,15,五股區,,,,無年齡維度,0.0,男,遷入,桃園市,21
111,8,15,五股區,,,,無年齡維度,0.0,女,遷入,福建省,2
111,8,15,五股區,,,,無年齡維度,0.0,男,遷入,福建省,0
111,8,15,五股區,,,,無年齡維度,0.0,女,遷入,臺中市,2
111,8,15,五股區,,,,無年齡維度,0.0,男,遷入,臺中市,5
111,8,15,五股區,,,,無年齡維度,0.0,女,遷入,臺北市,34
111,8,15,五股區,,,,無年齡維度,0.0,男,遷入,臺北市,32
111,8,15,五股區,,,,無年齡維度,0.0,女,遷入,臺南市,6
111,8,15,五股區,,,,無年齡維度,0.0,男,遷入,臺南市,2
111,8,15,五股區,,,,無年齡維度,0.0,女,遷入,臺灣省,13
111,8,15,五股區,,,,無年齡維度,0.0,男,遷入,臺灣省,22
111,8,15,五股區,,,,無年齡維度,0.0,女,遷入,高雄市,5
111,8,15,五股區,,,,無年齡維度,0.0,男,遷入,高雄市,5
111,8,15,五股區,,,,無年齡維度,0.0,女,遷出,migrants,99
111,8,15,五股區,,,,無年齡維度,0.0,男,遷出,migrants,100
111,8,15,五股區,,,,無年齡維度,0.0,女,遷出,other,0
111,8,15,五股區,,,,無年齡維度,0.0,男,遷出,other,0
111,8,15,五股區,,,,無年齡維度,0.0,女,遷出,其他縣市,0
111,8,15,五股區,,,,無年齡維度,0.0,男,遷出,其他縣市,0
111,8,15,五股區,,,,無年齡維度,0.0,女,遷出,其他鄉鎮,101
111,8,15,五股區,,,,無年齡維度,0.0,男,遷出,其他鄉鎮,94
111,8,15,五股區,,,,無年齡維度,0.0,女,遷出,合計,191
111,8,15,五股區,,,,無年齡維度,0.0,男,遷出,合計,179
111,8,15,五股區,,,,無年齡維度,0.0,女,遷出,國外,19
111,8,15,五股區,,,,無年齡維度,0.0,男,遷出,國外,9
111,8,15,五股區,,,,無年齡維度,0.0,女,遷出,新北市內,0
111,8,15,五股區,,,,無年齡維度,0.0,男,遷出,新北市內,0
111,8,15,五股區,,,,無年齡維度,0.0,女,遷出,桃園市,30
111,8,15,五股區,,,,無年齡維度,0.0,男,遷出,桃園市,23
111,8,15,五股區,,,,無年齡維度,0.0,女,遷出,福建省,2
111,8,15,五股區,,,,無年齡維度,0.0,男,遷出,福建省,0
111,8,15,五股區,,,,無年齡維度,0.0,女,遷出,臺中市,7
111,8,15,五股區,,,,無年齡維度,0.0,男,遷出,臺中市,8
111,8,15,五股區,,,,無年齡維度,0.0,女,遷出,臺北市,10
111,8,15,五股區,,,,無年齡維度,0.0,男,遷出,臺北市,15
111,8,15,五股區,,,,無年齡維度,0.0,女,遷出,臺南市,2
111,8,15,五股區,,,,無年齡維度,0.0,男,遷出,臺南市,5
111,8,15,五股區,,,,無年齡維度,0.0,女,遷出,臺灣省,14
111,8,15,五股區,,,,無年齡維度,0.0,男,遷出,臺灣省,23
111,8,15,五股區,,,,無年齡維度,0.0,女,遷出,高雄市,6
111,8,15,五股區,,,,無年齡維度,0.0,男,遷出,高雄市,2
111,8,16,泰山區,,,,無年齡維度,0.0,女,遷入,migrants,102
111,8,16,泰山區,,,,無年齡維度,0.0,男,遷入,migrants,95
111,8,16,泰山區,,,,無年齡維度,0.0,女,遷入,other,0
111,8,16,泰山區,,,,無年齡維度,0.0,男,遷入,other,0
111,8,16,泰山區,,,,無年齡維度,0.0,女,遷入,其他縣市,0
111,8,16,泰山區,,,,無年齡維度,0.0,男,遷入,其他縣市,0
111,8,16,泰山區,,,,無年齡維度,0.0,女,遷入,其他鄉鎮,128
111,8,16,泰山區,,,,無年齡維度,0.0,男,遷入,其他鄉鎮,89
111,8,16,泰山區,,,,無年齡維度,0.0,女,遷入,合計,222
111,8,16,泰山區,,,,無年齡維度,0.0,男,遷入,合計,178
111,8,16,泰山區,,,,無年齡維度,0.0,女,遷入,國外,31
111,8,16,泰山區,,,,無年齡維度,0.0,男,遷入,國外,24
111,8,16,泰山區,,,,無年齡維度,0.0,女,遷入,新北市內,0
111,8,16,泰山區,,,,無年齡維度,0.0,男,遷入,新北市內,0
111,8,16,泰山區,,,,無年齡維度,0.0,女,遷入,桃園市,9
111,8,16,泰山區,,,,無年齡維度,0.0,男,遷入,桃園市,7
111,8,16,泰山區,,,,無年齡維度,0.0,女,遷入,福建省,0
111,8,16,泰山區,,,,無年齡維度,0.0,男,遷入,福建省,0
111,8,16,泰山區,,,,無年齡維度,0.0,女,遷入,臺中市,4
111,8,16,泰山區,,,,無年齡維度,0.0,男,遷入,臺中市,5
111,8,16,泰山區,,,,無年齡維度,0.0,女,遷入,臺北市,31
111,8,16,泰山區,,,,無年齡維度,0.0,男,遷入,臺北市,26
111,8,16,泰山區,,,,無年齡維度,0.0,女,遷入,臺南市,6
111,8,16,泰山區,,,,無年齡維度,0.0,男,遷入,臺南市,3
111,8,16,泰山區,,,,無年齡維度,0.0,女,遷入,臺灣省,10
111,8,16,泰山區,,,,無年齡維度,0.0,男,遷入,臺灣省,16
111,8,16,泰山區,,,,無年齡維度,0.0,女,遷入,高雄市,2
111,8,16,泰山區,,,,無年齡維度,0.0,男,遷入,高雄市,2
111,8,16,泰山區,,,,無年齡維度,0.0,女,遷出,migrants,102
111,8,16,泰山區,,,,無年齡維度,0.0,男,遷出,migrants,95
111,8,16,泰山區,,,,無年齡維度,0.0,女,遷出,other,0
111,8,16,泰山區,,,,無年齡維度,0.0,男,遷出,other,0
111,8,16,泰山區,,,,無年齡維度,0.0,女,遷出,其他縣市,0
111,8,16,泰山區,,,,無年齡維度,0.0,男,遷出,其他縣市,0
111,8,16,泰山區,,,,無年齡維度,0.0,女,遷出,其他鄉鎮,91
111,8,16,泰山區,,,,無年齡維度,0.0,男,遷出,其他鄉鎮,88
111,8,16,泰山區,,,,無年齡維度,0.0,女,遷出,合計,187
111,8,16,泰山區,,,,無年齡維度,0.0,男,遷出,合計,182
111,8,16,泰山區,,,,無年齡維度,0.0,女,遷出,國外,10
111,8,16,泰山區,,,,無年齡維度,0.0,男,遷出,國外,19
111,8,16,泰山區,,,,無年齡維度,0.0,女,遷出,新北市內,0
111,8,16,泰山區,,,,無年齡維度,0.0,男,遷出,新北市內,0
111,8,16,泰山區,,,,無年齡維度,0.0,女,遷出,桃園市,28
111,8,16,泰山區,,,,無年齡維度,0.0,男,遷出,桃園市,33
111,8,16,泰山區,,,,無年齡維度,0.0,女,遷出,福建省,0
111,8,16,泰山區,,,,無年齡維度,0.0,男,遷出,福建省,0
111,8,16,泰山區,,,,無年齡維度,0.0,女,遷出,臺中市,13
111,8,16,泰山區,,,,無年齡維度,0.0,男,遷出,臺中市,3
111,8,16,泰山區,,,,無年齡維度,0.0,女,遷出,臺北市,20
111,8,16,泰山區,,,,無年齡維度,0.0,男,遷出,臺北市,17
111,8,16,泰山區,,,,無年齡維度,0.0,女,遷出,臺南市,4
111,8,16,泰山區,,,,無年齡維度,0.0,男,遷出,臺南市,3
111,8,16,泰山區,,,,無年齡維度,0.0,女,遷出,臺灣省,18
111,8,16,泰山區,,,,無年齡維度,0.0,男,遷出,臺灣省,17
111,8,16,泰山區,,,,無年齡維度,0.0,女,遷出,高雄市,3
111,8,16,泰山區,,,,無年齡維度,0.0,男,遷出,高雄市,2
111,8,17,林口區,,,,無年齡維度,0.0,女,遷入,migrants,248
111,8,17,林口區,,,,無年齡維度,0.0,男,遷入,migrants,268
111,8,17,林口區,,,,無年齡維度,0.0,女,遷入,other,0
111,8,17,林口區,,,,無年齡維度,0.0,男,遷入,other,0
111,8,17,林口區,,,,無年齡維度,0.0,女,遷入,其他縣市,0
111,8,17,林口區,,,,無年齡維度,0.0,男,遷入,其他縣市,0
111,8,17,林口區,,,,無年齡維度,0.0,女,遷入,其他鄉鎮,118
111,8,17,林口區,,,,無年齡維度,0.0,男,遷入,其他鄉鎮,101
111,8,17,林口區,,,,無年齡維度,0.0,女,遷入,合計,505
111,8,17,林口區,,,,無年齡維度,0.0,男,遷入,合計,478
111,8,17,林口區,,,,無年齡維度,0.0,女,遷入,國外,75
111,8,17,林口區,,,,無年齡維度,0.0,男,遷入,國外,90
111,8,17,林口區,,,,無年齡維度,0.0,女,遷入,新北市內,0
111,8,17,林口區,,,,無年齡維度,0.0,男,遷入,新北市內,0
111,8,17,林口區,,,,無年齡維度,0.0,女,遷入,桃園市,101
111,8,17,林口區,,,,無年齡維度,0.0,男,遷入,桃園市,75
111,8,17,林口區,,,,無年齡維度,0.0,女,遷入,福建省,2
111,8,17,林口區,,,,無年齡維度,0.0,男,遷入,福建省,2
111,8,17,林口區,,,,無年齡維度,0.0,女,遷入,臺中市,12
111,8,17,林口區,,,,無年齡維度,0.0,男,遷入,臺中市,10
111,8,17,林口區,,,,無年齡維度,0.0,女,遷入,臺北市,130
111,8,17,林口區,,,,無年齡維度,0.0,男,遷入,臺北市,123
111,8,17,林口區,,,,無年齡維度,0.0,女,遷入,臺南市,11
111,8,17,林口區,,,,無年齡維度,0.0,男,遷入,臺南市,8
111,8,17,林口區,,,,無年齡維度,0.0,女,遷入,臺灣省,34
111,8,17,林口區,,,,無年齡維度,0.0,男,遷入,臺灣省,50
111,8,17,林口區,,,,無年齡維度,0.0,女,遷入,高雄市,16
111,8,17,林口區,,,,無年齡維度,0.0,男,遷入,高雄市,17
111,8,17,林口區,,,,無年齡維度,0.0,女,遷出,migrants,248
111,8,17,林口區,,,,無年齡維度,0.0,男,遷出,migrants,268
111,8,17,林口區,,,,無年齡維度,0.0,女,遷出,other,0
111,8,17,林口區,,,,無年齡維度,0.0,男,遷出,other,0
111,8,17,林口區,,,,無年齡維度,0.0,女,遷出,其他縣市,0
111,8,17,林口區,,,,無年齡維度,0.0,男,遷出,其他縣市,0
111,8,17,林口區,,,,無年齡維度,0.0,女,遷出,其他鄉鎮,60
111,8,17,林口區,,,,無年齡維度,0.0,男,遷出,其他鄉鎮,49
111,8,17,林口區,,,,無年齡維度,0.0,女,遷出,合計,319
111,8,17,林口區,,,,無年齡維度,0.0,男,遷出,合計,242
111,8,17,林口區,,,,無年齡維度,0.0,女,遷出,國外,23
111,8,17,林口區,,,,無年齡維度,0.0,男,遷出,國外,22
111,8,17,林口區,,,,無年齡維度,0.0,女,遷出,新北市內,0
111,8,17,林口區,,,,無年齡維度,0.0,男,遷出,新北市內,0
111,8,17,林口區,,,,無年齡維度,0.0,女,遷出,桃園市,133
111,8,17,林口區,,,,無年齡維度,0.0,男,遷出,桃園市,86
111,8,17,林口區,,,,無年齡維度,0.0,女,遷出,福建省,2
111,8,17,林口區,,,,無年齡維度,0.0,男,遷出,福建省,0
111,8,17,林口區,,,,無年齡維度,0.0,女,遷出,臺中市,13
111,8,17,林口區,,,,無年齡維度,0.0,男,遷出,臺中市,3
111,8,17,林口區,,,,無年齡維度,0.0,女,遷出,臺北市,52
111,8,17,林口區,,,,無年齡維度,0.0,男,遷出,臺北市,35
111,8,17,林口區,,,,無年齡維度,0.0,女,遷出,臺南市,5
111,8,17,林口區,,,,無年齡維度,0.0,男,遷出,臺南市,6
111,8,17,林口區,,,,無年齡維度,0.0,女,遷出,臺灣省,26
111,8,17,林口區,,,,無年齡維度,0.0,男,遷出,臺灣省,38
111,8,17,林口區,,,,無年齡維度,0.0,女,遷出,高雄市,5
111,8,17,林口區,,,,無年齡維度,0.0,男,遷出,高雄市,3
111,8,18,八里區,,,,無年齡維度,0.0,女,遷入,migrants,24
111,8,18,八里區,,,,無年齡維度,0.0,男,遷入,migrants,16
111,8,18,八里區,,,,無年齡維度,0.0,女,遷入,other,0
111,8,18,八里區,,,,無年齡維度,0.0,男,遷入,other,0
111,8,18,八里區,,,,無年齡維度,0.0,女,遷入,其他縣市,0
111,8,18,八里區,,,,無年齡維度,0.0,男,遷入,其他縣市,0
111,8,18,八里區,,,,無年齡維度,0.0,女,遷入,其他鄉鎮,11
111,8,18,八里區,,,,無年齡維度,0.0,男,遷入,其他鄉鎮,14
111,8,18,八里區,,,,無年齡維度,0.0,女,遷入,合計,50
111,8,18,八里區,,,,無年齡維度,0.0,男,遷入,合計,49
111,8,18,八里區,,,,無年齡維度,0.0,女,遷入,國外,14
111,8,18,八里區,,,,無年齡維度,0.0,男,遷入,國外,7
111,8,18,八里區,,,,無年齡維度,0.0,女,遷入,新北市內,0
111,8,18,八里區,,,,無年齡維度,0.0,男,遷入,新北市內,0
111,8,18,八里區,,,,無年齡維度,0.0,女,遷入,桃園市,0
111,8,18,八里區,,,,無年齡維度,0.0,男,遷入,桃園市,1
111,8,18,八里區,,,,無年齡維度,0.0,女,遷入,福建省,0
111,8,18,八里區,,,,無年齡維度,0.0,男,遷入,福建省,0
111,8,18,八里區,,,,無年齡維度,0.0,女,遷入,臺中市,1
111,8,18,八里區,,,,無年齡維度,0.0,男,遷入,臺中市,0
111,8,18,八里區,,,,無年齡維度,0.0,女,遷入,臺北市,18
111,8,18,八里區,,,,無年齡維度,0.0,男,遷入,臺北市,20
111,8,18,八里區,,,,無年齡維度,0.0,女,遷入,臺南市,0
111,8,18,八里區,,,,無年齡維度,0.0,男,遷入,臺南市,1
111,8,18,八里區,,,,無年齡維度,0.0,女,遷入,臺灣省,3
111,8,18,八里區,,,,無年齡維度,0.0,男,遷入,臺灣省,5
111,8,18,八里區,,,,無年齡維度,0.0,女,遷入,高雄市,0
111,8,18,八里區,,,,無年齡維度,0.0,男,遷入,高雄市,1
111,8,18,八里區,,,,無年齡維度,0.0,女,遷出,migrants,24
111,8,18,八里區,,,,無年齡維度,0.0,男,遷出,migrants,16
111,8,18,八里區,,,,無年齡維度,0.0,女,遷出,other,0
111,8,18,八里區,,,,無年齡維度,0.0,男,遷出,other,0
111,8,18,八里區,,,,無年齡維度,0.0,女,遷出,其他縣市,0
111,8,18,八里區,,,,無年齡維度,0.0,男,遷出,其他縣市,0
111,8,18,八里區,,,,無年齡維度,0.0,女,遷出,其他鄉鎮,8
111,8,18,八里區,,,,無年齡維度,0.0,男,遷出,其他鄉鎮,10
111,8,18,八里區,,,,無年齡維度,0.0,女,遷出,合計,42
111,8,18,八里區,,,,無年齡維度,0.0,男,遷出,合計,53
111,8,18,八里區,,,,無年齡維度,0.0,女,遷出,國外,4
111,8,18,八里區,,,,無年齡維度,0.0,男,遷出,國外,14
111,8,18,八里區,,,,無年齡維度,0.0,女,遷出,新北市內,0
111,8,18,八里區,,,,無年齡維度,0.0,男,遷出,新北市內,0
111,8,18,八里區,,,,無年齡維度,0.0,女,遷出,桃園市,13
111,8,18,八里區,,,,無年齡維度,0.0,男,遷出,桃園市,7
111,8,18,八里區,,,,無年齡維度,0.0,女,遷出,福建省,0
111,8,18,八里區,,,,無年齡維度,0.0,男,遷出,福建省,0
111,8,18,八里區,,,,無年齡維度,0.0,女,遷出,臺中市,1
111,8,18,八里區,,,,無年齡維度,0.0,男,遷出,臺中市,1
111,8,18,八里區,,,,無年齡維度,0.0,女,遷出,臺北市,15
111,8,18,八里區,,,,無年齡維度,0.0,男,遷出,臺北市,12
111,8,18,八里區,,,,無年齡維度,0.0,女,遷出,臺南市,0
111,8,18,八里區,,,,無年齡維度,0.0,男,遷出,臺南市,0
111,8,18,八里區,,,,無年齡維度,0.0,女,遷出,臺灣省,1
111,8,18,八里區,,,,無年齡維度,0.0,男,遷出,臺灣省,7
111,8,18,八里區,,,,無年齡維度,0.0,女,遷出,高雄市,0
111,8,18,八里區,,,,無年齡維度,0.0,男,遷出,高雄市,2
111,8,19,深坑區,,,,無年齡維度,0.0,女,遷入,migrants,1
111,8,19,深坑區,,,,無年齡維度,0.0,男,遷入,migrants,2
111,8,19,深坑區,,,,無年齡維度,0.0,女,遷入,other,0
111,8,19,深坑區,,,,無年齡維度,0.0,男,遷入,other,0
111,8,19,深坑區,,,,無年齡維度,0.0,女,遷入,其他縣市,0
111,8,19,深坑區,,,,無年齡維度,0.0,男,遷入,其他縣市,0
111,8,19,深坑區,,,,無年齡維度,0.0,女,遷入,其他鄉鎮,2
111,8,19,深坑區,,,,無年齡維度,0.0,男,遷入,其他鄉鎮,3
111,8,19,深坑區,,,,無年齡維度,0.0,女,遷入,合計,8
111,8,19,深坑區,,,,無年齡維度,0.0,男,遷入,合計,10
111,8,19,深坑區,,,,無年齡維度,0.0,女,遷入,國外,1
111,8,19,深坑區,,,,無年齡維度,0.0,男,遷入,國外,1
111,8,19,深坑區,,,,無年齡維度,0.0,女,遷入,新北市內,0
111,8,19,深坑區,,,,無年齡維度,0.0,男,遷入,新北市內,0
111,8,19,深坑區,,,,無年齡維度,0.0,女,遷入,桃園市,1
111,8,19,深坑區,,,,無年齡維度,0.0,男,遷入,桃園市,0
111,8,19,深坑區,,,,無年齡維度,0.0,女,遷入,福建省,0
111,8,19,深坑區,,,,無年齡維度,0.0,男,遷入,福建省,1
111,8,19,深坑區,,,,無年齡維度,0.0,女,遷入,臺中市,0
111,8,19,深坑區,,,,無年齡維度,0.0,男,遷入,臺中市,0
111,8,19,深坑區,,,,無年齡維度,0.0,女,遷入,臺北市,3
111,8,19,深坑區,,,,無年齡維度,0.0,男,遷入,臺北市,3
111,8,19,深坑區,,,,無年齡維度,0.0,女,遷入,臺南市,0
111,8,19,深坑區,,,,無年齡維度,0.0,男,遷入,臺南市,0
111,8,19,深坑區,,,,無年齡維度,0.0,女,遷入,臺灣省,1
111,8,19,深坑區,,,,無年齡維度,0.0,男,遷入,臺灣省,1
111,8,19,深坑區,,,,無年齡維度,0.0,女,遷入,高雄市,0
111,8,19,深坑區,,,,無年齡維度,0.0,男,遷入,高雄市,1
111,8,19,深坑區,,,,無年齡維度,0.0,女,遷出,migrants,1
111,8,19,深坑區,,,,無年齡維度,0.0,男,遷出,migrants,2
111,8,19,深坑區,,,,無年齡維度,0.0,女,遷出,other,0
111,8,19,深坑區,,,,無年齡維度,0.0,男,遷出,other,0
111,8,19,深坑區,,,,無年齡維度,0.0,女,遷出,其他縣市,0
111,8,19,深坑區,,,,無年齡維度,0.0,男,遷出,其他縣市,0
111,8,19,深坑區,,,,無年齡維度,0.0,女,遷出,其他鄉鎮,5
111,8,19,深坑區,,,,無年齡維度,0.0,男,遷出,其他鄉鎮,4
111,8,19,深坑區,,,,無年齡維度,0.0,女,遷出,合計,11
111,8,19,深坑區,,,,無年齡維度,0.0,男,遷出,合計,7
111,8,19,深坑區,,,,無年齡維度,0.0,女,遷出,國外,0
111,8,19,深坑區,,,,無年齡維度,0.0,男,遷出,國外,1
111,8,19,深坑區,,,,無年齡維度,0.0,女,遷出,新北市內,0
111,8,19,深坑區,,,,無年齡維度,0.0,男,遷出,新北市內,0
111,8,19,深坑區,,,,無年齡維度,0.0,女,遷出,桃園市,0
111,8,19,深坑區,,,,無年齡維度,0.0,男,遷出,桃園市,0
111,8,19,深坑區,,,,無年齡維度,0.0,女,遷出,福建省,0
111,8,19,深坑區,,,,無年齡維度,0.0,男,遷出,福建省,0
111,8,19,深坑區,,,,無年齡維度,0.0,女,遷出,臺中市,0
111,8,19,深坑區,,,,無年齡維度,0.0,男,遷出,臺中市,0
111,8,19,深坑區,,,,無年齡維度,0.0,女,遷出,臺北市,2
111,8,19,深坑區,,,,無年齡維度,0.0,男,遷出,臺北市,2
111,8,19,深坑區,,,,無年齡維度,0.0,女,遷出,臺南市,0
111,8,19,深坑區,,,,無年齡維度,0.0,男,遷出,臺南市,0
111,8,19,深坑區,,,,無年齡維度,0.0,女,遷出,臺灣省,2
111,8,19,深坑區,,,,無年齡維度,0.0,男,遷出,臺灣省,0
111,8,19,深坑區,,,,無年齡維度,0.0,女,遷出,高雄市,2
111,8,19,深坑區,,,,無年齡維度,0.0,男,遷出,高雄市,0
111,8,20,石碇區,,,,無年齡維度,0.0,女,遷入,migrants,12
111,8,20,石碇區,,,,無年齡維度,0.0,男,遷入,migrants,10
111,8,20,石碇區,,,,無年齡維度,0.0,女,遷入,other,0
111,8,20,石碇區,,,,無年齡維度,0.0,男,遷入,other,0
111,8,20,石碇區,,,,無年齡維度,0.0,女,遷入,其他縣市,0
111,8,20,石碇區,,,,無年齡維度,0.0,男,遷入,其他縣市,0
111,8,20,石碇區,,,,無年齡維度,0.0,女,遷入,其他鄉鎮,3
111,8,20,石碇區,,,,無年齡維度,0.0,男,遷入,其他鄉鎮,6
111,8,20,石碇區,,,,無年齡維度,0.0,女,遷入,合計,4
111,8,20,石碇區,,,,無年齡維度,0.0,男,遷入,合計,8
111,8,20,石碇區,,,,無年齡維度,0.0,女,遷入,國外,0
111,8,20,石碇區,,,,無年齡維度,0.0,男,遷入,國外,0
111,8,20,石碇區,,,,無年齡維度,0.0,女,遷入,新北市內,0
111,8,20,石碇區,,,,無年齡維度,0.0,男,遷入,新北市內,0
111,8,20,石碇區,,,,無年齡維度,0.0,女,遷入,桃園市,1
111,8,20,石碇區,,,,無年齡維度,0.0,男,遷入,桃園市,1
111,8,20,石碇區,,,,無年齡維度,0.0,女,遷入,福建省,0
111,8,20,石碇區,,,,無年齡維度,0.0,男,遷入,福建省,0
111,8,20,石碇區,,,,無年齡維度,0.0,女,遷入,臺中市,0
111,8,20,石碇區,,,,無年齡維度,0.0,男,遷入,臺中市,0
111,8,20,石碇區,,,,無年齡維度,0.0,女,遷入,臺北市,0
111,8,20,石碇區,,,,無年齡維度,0.0,男,遷入,臺北市,0
111,8,20,石碇區,,,,無年齡維度,0.0,女,遷入,臺南市,0
111,8,20,石碇區,,,,無年齡維度,0.0,男,遷入,臺南市,0
111,8,20,石碇區,,,,無年齡維度,0.0,女,遷入,臺灣省,0
111,8,20,石碇區,,,,無年齡維度,0.0,男,遷入,臺灣省,0
111,8,20,石碇區,,,,無年齡維度,0.0,女,遷入,高雄市,0
111,8,20,石碇區,,,,無年齡維度,0.0,男,遷入,高雄市,0
111,8,20,石碇區,,,,無年齡維度,0.0,女,遷出,migrants,12
111,8,20,石碇區,,,,無年齡維度,0.0,男,遷出,migrants,10
111,8,20,石碇區,,,,無年齡維度,0.0,女,遷出,other,0
111,8,20,石碇區,,,,無年齡維度,0.0,男,遷出,other,0
111,8,20,石碇區,,,,無年齡維度,0.0,女,遷出,其他縣市,0
111,8,20,石碇區,,,,無年齡維度,0.0,男,遷出,其他縣市,0
111,8,20,石碇區,,,,無年齡維度,0.0,女,遷出,其他鄉鎮,6
111,8,20,石碇區,,,,無年齡維度,0.0,男,遷出,其他鄉鎮,4
111,8,20,石碇區,,,,無年齡維度,0.0,女,遷出,合計,11
111,8,20,石碇區,,,,無年齡維度,0.0,男,遷出,合計,16
111,8,20,石碇區,,,,無年齡維度,0.0,女,遷出,國外,0
111,8,20,石碇區,,,,無年齡維度,0.0,男,遷出,國外,0
111,8,20,石碇區,,,,無年齡維度,0.0,女,遷出,新北市內,0
111,8,20,石碇區,,,,無年齡維度,0.0,男,遷出,新北市內,0
111,8,20,石碇區,,,,無年齡維度,0.0,女,遷出,桃園市,2
111,8,20,石碇區,,,,無年齡維度,0.0,男,遷出,桃園市,1
111,8,20,石碇區,,,,無年齡維度,0.0,女,遷出,福建省,0
111,8,20,石碇區,,,,無年齡維度,0.0,男,遷出,福建省,0
111,8,20,石碇區,,,,無年齡維度,0.0,女,遷出,臺中市,2
111,8,20,石碇區,,,,無年齡維度,0.0,男,遷出,臺中市,2
111,8,20,石碇區,,,,無年齡維度,0.0,女,遷出,臺北市,0
111,8,20,石碇區,,,,無年齡維度,0.0,男,遷出,臺北市,3
111,8,20,石碇區,,,,無年齡維度,0.0,女,遷出,臺南市,0
111,8,20,石碇區,,,,無年齡維度,0.0,男,遷出,臺南市,2
111,8,20,石碇區,,,,無年齡維度,0.0,女,遷出,臺灣省,1
111,8,20,石碇區,,,,無年齡維度,0.0,男,遷出,臺灣省,3
111,8,20,石碇區,,,,無年齡維度,0.0,女,遷出,高雄市,0
111,8,20,石碇區,,,,無年齡維度,0.0,男,遷出,高雄市,0
111,8,21,坪林區,,,,無年齡維度,0.0,女,遷入,migrants,22
111,8,21,坪林區,,,,無年齡維度,0.0,男,遷入,migrants,18
111,8,21,坪林區,,,,無年齡維度,0.0,女,遷入,other,0
111,8,21,坪林區,,,,無年齡維度,0.0,男,遷入,other,0
111,8,21,坪林區,,,,無年齡維度,0.0,女,遷入,其他縣市,0
111,8,21,坪林區,,,,無年齡維度,0.0,男,遷入,其他縣市,0
111,8,21,坪林區,,,,無年齡維度,0.0,女,遷入,其他鄉鎮,39
111,8,21,坪林區,,,,無年齡維度,0.0,男,遷入,其他鄉鎮,21
111,8,21,坪林區,,,,無年齡維度,0.0,女,遷入,合計,56
111,8,21,坪林區,,,,無年齡維度,0.0,男,遷入,合計,45
111,8,21,坪林區,,,,無年齡維度,0.0,女,遷入,國外,2
111,8,21,坪林區,,,,無年齡維度,0.0,男,遷入,國外,4
111,8,21,坪林區,,,,無年齡維度,0.0,女,遷入,新北市內,0
111,8,21,坪林區,,,,無年齡維度,0.0,男,遷入,新北市內,0
111,8,21,坪林區,,,,無年齡維度,0.0,女,遷入,桃園市,2
111,8,21,坪林區,,,,無年齡維度,0.0,男,遷入,桃園市,2
111,8,21,坪林區,,,,無年齡維度,0.0,女,遷入,福建省,0
111,8,21,坪林區,,,,無年齡維度,0.0,男,遷入,福建省,2
111,8,21,坪林區,,,,無年齡維度,0.0,女,遷入,臺中市,0
111,8,21,坪林區,,,,無年齡維度,0.0,男,遷入,臺中市,0
111,8,21,坪林區,,,,無年齡維度,0.0,女,遷入,臺北市,9
111,8,21,坪林區,,,,無年齡維度,0.0,男,遷入,臺北市,11
111,8,21,坪林區,,,,無年齡維度,0.0,女,遷入,臺南市,0
111,8,21,坪林區,,,,無年齡維度,0.0,男,遷入,臺南市,0
111,8,21,坪林區,,,,無年齡維度,0.0,女,遷入,臺灣省,3
111,8,21,坪林區,,,,無年齡維度,0.0,男,遷入,臺灣省,2
111,8,21,坪林區,,,,無年齡維度,0.0,女,遷入,高雄市,0
111,8,21,坪林區,,,,無年齡維度,0.0,男,遷入,高雄市,0
111,8,21,坪林區,,,,無年齡維度,0.0,女,遷出,migrants,22
111,8,21,坪林區,,,,無年齡維度,0.0,男,遷出,migrants,18
111,8,21,坪林區,,,,無年齡維度,0.0,女,遷出,other,0
111,8,21,坪林區,,,,無年齡維度,0.0,男,遷出,other,0
111,8,21,坪林區,,,,無年齡維度,0.0,女,遷出,其他縣市,0
111,8,21,坪林區,,,,無年齡維度,0.0,男,遷出,其他縣市,0
111,8,21,坪林區,,,,無年齡維度,0.0,女,遷出,其他鄉鎮,23
111,8,21,坪林區,,,,無年齡維度,0.0,男,遷出,其他鄉鎮,14
111,8,21,坪林區,,,,無年齡維度,0.0,女,遷出,合計,32
111,8,21,坪林區,,,,無年齡維度,0.0,男,遷出,合計,22
111,8,21,坪林區,,,,無年齡維度,0.0,女,遷出,國外,2
111,8,21,坪林區,,,,無年齡維度,0.0,男,遷出,國外,2
111,8,21,坪林區,,,,無年齡維度,0.0,女,遷出,新北市內,0
111,8,21,坪林區,,,,無年齡維度,0.0,男,遷出,新北市內,0
111,8,21,坪林區,,,,無年齡維度,0.0,女,遷出,桃園市,0
111,8,21,坪林區,,,,無年齡維度,0.0,男,遷出,桃園市,0
111,8,21,坪林區,,,,無年齡維度,0.0,女,遷出,福建省,0
111,8,21,坪林區,,,,無年齡維度,0.0,男,遷出,福建省,0
111,8,21,坪林區,,,,無年齡維度,0.0,女,遷出,臺中市,2
111,8,21,坪林區,,,,無年齡維度,0.0,男,遷出,臺中市,0
111,8,21,坪林區,,,,無年齡維度,0.0,女,遷出,臺北市,3
111,8,21,坪林區,,,,無年齡維度,0.0,男,遷出,臺北市,1
111,8,21,坪林區,,,,無年齡維度,0.0,女,遷出,臺南市,0
111,8,21,坪林區,,,,無年齡維度,0.0,男,遷出,臺南市,0
111,8,21,坪林區,,,,無年齡維度,0.0,女,遷出,臺灣省,1
111,8,21,坪林區,,,,無年齡維度,0.0,男,遷出,臺灣省,4
111,8,21,坪林區,,,,無年齡維度,0.0,女,遷出,高雄市,1
111,8,21,坪林區,,,,無年齡維度,0.0,男,遷出,高雄市,1
111,8,22,三芝區,,,,無年齡維度,0.0,女,遷入,migrants,4
111,8,22,三芝區,,,,無年齡維度,0.0,男,遷入,migrants,2
111,8,22,三芝區,,,,無年齡維度,0.0,女,遷入,other,0
111,8,22,三芝區,,,,無年齡維度,0.0,男,遷入,other,0
111,8,22,三芝區,,,,無年齡維度,0.0,女,遷入,其他縣市,0
111,8,22,三芝區,,,,無年齡維度,0.0,男,遷入,其他縣市,0
111,8,22,三芝區,,,,無年齡維度,0.0,女,遷入,其他鄉鎮,2
111,8,22,三芝區,,,,無年齡維度,0.0,男,遷入,其他鄉鎮,4
111,8,22,三芝區,,,,無年齡維度,0.0,女,遷入,合計,9
111,8,22,三芝區,,,,無年齡維度,0.0,男,遷入,合計,10
111,8,22,三芝區,,,,無年齡維度,0.0,女,遷入,國外,2
111,8,22,三芝區,,,,無年齡維度,0.0,男,遷入,國外,1
111,8,22,三芝區,,,,無年齡維度,0.0,女,遷入,新北市內,0
111,8,22,三芝區,,,,無年齡維度,0.0,男,遷入,新北市內,0
111,8,22,三芝區,,,,無年齡維度,0.0,女,遷入,桃園市,1
111,8,22,三芝區,,,,無年齡維度,0.0,男,遷入,桃園市,0
111,8,22,三芝區,,,,無年齡維度,0.0,女,遷入,福建省,0
111,8,22,三芝區,,,,無年齡維度,0.0,男,遷入,福建省,0
111,8,22,三芝區,,,,無年齡維度,0.0,女,遷入,臺中市,0
111,8,22,三芝區,,,,無年齡維度,0.0,男,遷入,臺中市,0
111,8,22,三芝區,,,,無年齡維度,0.0,女,遷入,臺北市,3
111,8,22,三芝區,,,,無年齡維度,0.0,男,遷入,臺北市,4
111,8,22,三芝區,,,,無年齡維度,0.0,女,遷入,臺南市,0
111,8,22,三芝區,,,,無年齡維度,0.0,男,遷入,臺南市,0
111,8,22,三芝區,,,,無年齡維度,0.0,女,遷入,臺灣省,1
111,8,22,三芝區,,,,無年齡維度,0.0,男,遷入,臺灣省,1
111,8,22,三芝區,,,,無年齡維度,0.0,女,遷入,高雄市,0
111,8,22,三芝區,,,,無年齡維度,0.0,男,遷入,高雄市,0
111,8,22,三芝區,,,,無年齡維度,0.0,女,遷出,migrants,4
111,8,22,三芝區,,,,無年齡維度,0.0,男,遷出,migrants,2
111,8,22,三芝區,,,,無年齡維度,0.0,女,遷出,other,0
111,8,22,三芝區,,,,無年齡維度,0.0,男,遷出,other,0
111,8,22,三芝區,,,,無年齡維度,0.0,女,遷出,其他縣市,0
111,8,22,三芝區,,,,無年齡維度,0.0,男,遷出,其他縣市,0
111,8,22,三芝區,,,,無年齡維度,0.0,女,遷出,其他鄉鎮,17
111,8,22,三芝區,,,,無年齡維度,0.0,男,遷出,其他鄉鎮,9
111,8,22,三芝區,,,,無年齡維度,0.0,女,遷出,合計,20
111,8,22,三芝區,,,,無年齡維度,0.0,男,遷出,合計,13
111,8,22,三芝區,,,,無年齡維度,0.0,女,遷出,國外,2
111,8,22,三芝區,,,,無年齡維度,0.0,男,遷出,國外,0
111,8,22,三芝區,,,,無年齡維度,0.0,女,遷出,新北市內,0
111,8,22,三芝區,,,,無年齡維度,0.0,男,遷出,新北市內,0
111,8,22,三芝區,,,,無年齡維度,0.0,女,遷出,桃園市,0
111,8,22,三芝區,,,,無年齡維度,0.0,男,遷出,桃園市,1
111,8,22,三芝區,,,,無年齡維度,0.0,女,遷出,福建省,0
111,8,22,三芝區,,,,無年齡維度,0.0,男,遷出,福建省,0
111,8,22,三芝區,,,,無年齡維度,0.0,女,遷出,臺中市,0
111,8,22,三芝區,,,,無年齡維度,0.0,男,遷出,臺中市,0
111,8,22,三芝區,,,,無年齡維度,0.0,女,遷出,臺北市,0
111,8,22,三芝區,,,,無年齡維度,0.0,男,遷出,臺北市,0
111,8,22,三芝區,,,,無年齡維度,0.0,女,遷出,臺南市,0
111,8,22,三芝區,,,,無年齡維度,0.0,男,遷出,臺南市,0
111,8,22,三芝區,,,,無年齡維度,0.0,女,遷出,臺灣省,1
111,8,22,三芝區,,,,無年齡維度,0.0,男,遷出,臺灣省,3
111,8,22,三芝區,,,,無年齡維度,0.0,女,遷出,高雄市,0
111,8,22,三芝區,,,,無年齡維度,0.0,男,遷出,高雄市,0
111,8,23,石門區,,,,無年齡維度,0.0,女,遷入,migrants,57
111,8,23,石門區,,,,無年齡維度,0.0,男,遷入,migrants,52
111,8,23,石門區,,,,無年齡維度,0.0,女,遷入,other,0
111,8,23,石門區,,,,無年齡維度,0.0,男,遷入,other,0
111,8,23,石門區,,,,無年齡維度,0.0,女,遷入,其他縣市,0
111,8,23,石門區,,,,無年齡維度,0.0,男,遷入,其他縣市,0
111,8,23,石門區,,,,無年齡維度,0.0,女,遷入,其他鄉鎮,63
111,8,23,石門區,,,,無年齡維度,0.0,男,遷入,其他鄉鎮,59
111,8,23,石門區,,,,無年齡維度,0.0,女,遷入,合計,124
111,8,23,石門區,,,,無年齡維度,0.0,男,遷入,合計,129
111,8,23,石門區,,,,無年齡維度,0.0,女,遷入,國外,16
111,8,23,石門區,,,,無年齡維度,0.0,男,遷入,國外,9
111,8,23,石門區,,,,無年齡維度,0.0,女,遷入,新北市內,0
111,8,23,石門區,,,,無年齡維度,0.0,男,遷入,新北市內,0
111,8,23,石門區,,,,無年齡維度,0.0,女,遷入,桃園市,8
111,8,23,石門區,,,,無年齡維度,0.0,男,遷入,桃園市,6
111,8,23,石門區,,,,無年齡維度,0.0,女,遷入,福建省,0
111,8,23,石門區,,,,無年齡維度,0.0,男,遷入,福建省,0
111,8,23,石門區,,,,無年齡維度,0.0,女,遷入,臺中市,1
111,8,23,石門區,,,,無年齡維度,0.0,男,遷入,臺中市,1
111,8,23,石門區,,,,無年齡維度,0.0,女,遷入,臺北市,22
111,8,23,石門區,,,,無年齡維度,0.0,男,遷入,臺北市,40
111,8,23,石門區,,,,無年齡維度,0.0,女,遷入,臺南市,0
111,8,23,石門區,,,,無年齡維度,0.0,男,遷入,臺南市,1
111,8,23,石門區,,,,無年齡維度,0.0,女,遷入,臺灣省,10
111,8,23,石門區,,,,無年齡維度,0.0,男,遷入,臺灣省,10
111,8,23,石門區,,,,無年齡維度,0.0,女,遷入,高雄市,1
111,8,23,石門區,,,,無年齡維度,0.0,男,遷入,高雄市,2
111,8,23,石門區,,,,無年齡維度,0.0,女,遷出,migrants,57
111,8,23,石門區,,,,無年齡維度,0.0,男,遷出,migrants,52
111,8,23,石門區,,,,無年齡維度,0.0,女,遷出,other,0
111,8,23,石門區,,,,無年齡維度,0.0,男,遷出,other,0
111,8,23,石門區,,,,無年齡維度,0.0,女,遷出,其他縣市,0
111,8,23,石門區,,,,無年齡維度,0.0,男,遷出,其他縣市,0
111,8,23,石門區,,,,無年齡維度,0.0,女,遷出,其他鄉鎮,26
111,8,23,石門區,,,,無年齡維度,0.0,男,遷出,其他鄉鎮,28
111,8,23,石門區,,,,無年齡維度,0.0,女,遷出,合計,71
111,8,23,石門區,,,,無年齡維度,0.0,男,遷出,合計,59
111,8,23,石門區,,,,無年齡維度,0.0,女,遷出,國外,9
111,8,23,石門區,,,,無年齡維度,0.0,男,遷出,國外,4
111,8,23,石門區,,,,無年齡維度,0.0,女,遷出,新北市內,0
111,8,23,石門區,,,,無年齡維度,0.0,男,遷出,新北市內,0
111,8,23,石門區,,,,無年齡維度,0.0,女,遷出,桃園市,6
111,8,23,石門區,,,,無年齡維度,0.0,男,遷出,桃園市,4
111,8,23,石門區,,,,無年齡維度,0.0,女,遷出,福建省,1
111,8,23,石門區,,,,無年齡維度,0.0,男,遷出,福建省,0
111,8,23,石門區,,,,無年齡維度,0.0,女,遷出,臺中市,2
111,8,23,石門區,,,,無年齡維度,0.0,男,遷出,臺中市,1
111,8,23,石門區,,,,無年齡維度,0.0,女,遷出,臺北市,18
111,8,23,石門區,,,,無年齡維度,0.0,男,遷出,臺北市,15
111,8,23,石門區,,,,無年齡維度,0.0,女,遷出,臺南市,1
111,8,23,石門區,,,,無年齡維度,0.0,男,遷出,臺南市,0
111,8,23,石門區,,,,無年齡維度,0.0,女,遷出,臺灣省,5
111,8,23,石門區,,,,無年齡維度,0.0,男,遷出,臺灣省,6
111,8,23,石門區,,,,無年齡維度,0.0,女,遷出,高雄市,3
111,8,23,石門區,,,,無年齡維度,0.0,男,遷出,高雄市,1
111,8,24,金山區,,,,無年齡維度,0.0,女,遷入,migrants,2
111,8,24,金山區,,,,無年齡維度,0.0,男,遷入,migrants,4
111,8,24,金山區,,,,無年齡維度,0.0,女,遷入,other,0
111,8,24,金山區,,,,無年齡維度,0.0,男,遷入,other,0
111,8,24,金山區,,,,無年齡維度,0.0,女,遷入,其他縣市,0
111,8,24,金山區,,,,無年齡維度,0.0,男,遷入,其他縣市,0
111,8,24,金山區,,,,無年齡維度,0.0,女,遷入,其他鄉鎮,6
111,8,24,金山區,,,,無年齡維度,0.0,男,遷入,其他鄉鎮,6
111,8,24,金山區,,,,無年齡維度,0.0,女,遷入,合計,12
111,8,24,金山區,,,,無年齡維度,0.0,男,遷入,合計,14
111,8,24,金山區,,,,無年齡維度,0.0,女,遷入,國外,0
111,8,24,金山區,,,,無年齡維度,0.0,男,遷入,國外,3
111,8,24,金山區,,,,無年齡維度,0.0,女,遷入,新北市內,0
111,8,24,金山區,,,,無年齡維度,0.0,男,遷入,新北市內,0
111,8,24,金山區,,,,無年齡維度,0.0,女,遷入,桃園市,0
111,8,24,金山區,,,,無年齡維度,0.0,男,遷入,桃園市,1
111,8,24,金山區,,,,無年齡維度,0.0,女,遷入,福建省,0
111,8,24,金山區,,,,無年齡維度,0.0,男,遷入,福建省,0
111,8,24,金山區,,,,無年齡維度,0.0,女,遷入,臺中市,0
111,8,24,金山區,,,,無年齡維度,0.0,男,遷入,臺中市,0
111,8,24,金山區,,,,無年齡維度,0.0,女,遷入,臺北市,6
111,8,24,金山區,,,,無年齡維度,0.0,男,遷入,臺北市,3
111,8,24,金山區,,,,無年齡維度,0.0,女,遷入,臺南市,0
111,8,24,金山區,,,,無年齡維度,0.0,男,遷入,臺南市,0
111,8,24,金山區,,,,無年齡維度,0.0,女,遷入,臺灣省,0
111,8,24,金山區,,,,無年齡維度,0.0,男,遷入,臺灣省,1
111,8,24,金山區,,,,無年齡維度,0.0,女,遷入,高雄市,0
111,8,24,金山區,,,,無年齡維度,0.0,男,遷入,高雄市,0
111,8,24,金山區,,,,無年齡維度,0.0,女,遷出,migrants,2
111,8,24,金山區,,,,無年齡維度,0.0,男,遷出,migrants,4
111,8,24,金山區,,,,無年齡維度,0.0,女,遷出,other,0
111,8,24,金山區,,,,無年齡維度,0.0,男,遷出,other,0
111,8,24,金山區,,,,無年齡維度,0.0,女,遷出,其他縣市,0
111,8,24,金山區,,,,無年齡維度,0.0,男,遷出,其他縣市,0
111,8,24,金山區,,,,無年齡維度,0.0,女,遷出,其他鄉鎮,2
111,8,24,金山區,,,,無年齡維度,0.0,男,遷出,其他鄉鎮,1
111,8,24,金山區,,,,無年齡維度,0.0,女,遷出,合計,7
111,8,24,金山區,,,,無年齡維度,0.0,男,遷出,合計,7
111,8,24,金山區,,,,無年齡維度,0.0,女,遷出,國外,0
111,8,24,金山區,,,,無年齡維度,0.0,男,遷出,國外,3
111,8,24,金山區,,,,無年齡維度,0.0,女,遷出,新北市內,0
111,8,24,金山區,,,,無年齡維度,0.0,男,遷出,新北市內,0
111,8,24,金山區,,,,無年齡維度,0.0,女,遷出,桃園市,1
111,8,24,金山區,,,,無年齡維度,0.0,男,遷出,桃園市,2
111,8,24,金山區,,,,無年齡維度,0.0,女,遷出,福建省,0
111,8,24,金山區,,,,無年齡維度,0.0,男,遷出,福建省,0
111,8,24,金山區,,,,無年齡維度,0.0,女,遷出,臺中市,0
111,8,24,金山區,,,,無年齡維度,0.0,男,遷出,臺中市,0
111,8,24,金山區,,,,無年齡維度,0.0,女,遷出,臺北市,1
111,8,24,金山區,,,,無年齡維度,0.0,男,遷出,臺北市,0
111,8,24,金山區,,,,無年齡維度,0.0,女,遷出,臺南市,0
111,8,24,金山區,,,,無年齡維度,0.0,男,遷出,臺南市,0
111,8,24,金山區,,,,無年齡維度,0.0,女,遷出,臺灣省,3
111,8,24,金山區,,,,無年齡維度,0.0,男,遷出,臺灣省,1
111,8,24,金山區,,,,無年齡維度,0.0,女,遷出,高雄市,0
111,8,24,金山區,,,,無年齡維度,0.0,男,遷出,高雄市,0
111,8,25,萬里區,,,,無年齡維度,0.0,女,遷入,migrants,4
111,8,25,萬里區,,,,無年齡維度,0.0,男,遷入,migrants,0
111,8,25,萬里區,,,,無年齡維度,0.0,女,遷入,other,0
111,8,25,萬里區,,,,無年齡維度,0.0,男,遷入,other,0
111,8,25,萬里區,,,,無年齡維度,0.0,女,遷入,其他縣市,0
111,8,25,萬里區,,,,無年齡維度,0.0,男,遷入,其他縣市,0
111,8,25,萬里區,,,,無年齡維度,0.0,女,遷入,其他鄉鎮,3
111,8,25,萬里區,,,,無年齡維度,0.0,男,遷入,其他鄉鎮,4
111,8,25,萬里區,,,,無年齡維度,0.0,女,遷入,合計,6
111,8,25,萬里區,,,,無年齡維度,0.0,男,遷入,合計,9
111,8,25,萬里區,,,,無年齡維度,0.0,女,遷入,國外,1
111,8,25,萬里區,,,,無年齡維度,0.0,男,遷入,國外,1
111,8,25,萬里區,,,,無年齡維度,0.0,女,遷入,新北市內,0
111,8,25,萬里區,,,,無年齡維度,0.0,男,遷入,新北市內,0
111,8,25,萬里區,,,,無年齡維度,0.0,女,遷入,桃園市,0
111,8,25,萬里區,,,,無年齡維度,0.0,男,遷入,桃園市,0
111,8,25,萬里區,,,,無年齡維度,0.0,女,遷入,福建省,0
111,8,25,萬里區,,,,無年齡維度,0.0,男,遷入,福建省,0
111,8,25,萬里區,,,,無年齡維度,0.0,女,遷入,臺中市,0
111,8,25,萬里區,,,,無年齡維度,0.0,男,遷入,臺中市,0
111,8,25,萬里區,,,,無年齡維度,0.0,女,遷入,臺北市,0
111,8,25,萬里區,,,,無年齡維度,0.0,男,遷入,臺北市,1
111,8,25,萬里區,,,,無年齡維度,0.0,女,遷入,臺南市,0
111,8,25,萬里區,,,,無年齡維度,0.0,男,遷入,臺南市,1
111,8,25,萬里區,,,,無年齡維度,0.0,女,遷入,臺灣省,2
111,8,25,萬里區,,,,無年齡維度,0.0,男,遷入,臺灣省,2
111,8,25,萬里區,,,,無年齡維度,0.0,女,遷入,高雄市,0
111,8,25,萬里區,,,,無年齡維度,0.0,男,遷入,高雄市,0
111,8,25,萬里區,,,,無年齡維度,0.0,女,遷出,migrants,4
111,8,25,萬里區,,,,無年齡維度,0.0,男,遷出,migrants,0
111,8,25,萬里區,,,,無年齡維度,0.0,女,遷出,other,0
111,8,25,萬里區,,,,無年齡維度,0.0,男,遷出,other,0
111,8,25,萬里區,,,,無年齡維度,0.0,女,遷出,其他縣市,0
111,8,25,萬里區,,,,無年齡維度,0.0,男,遷出,其他縣市,0
111,8,25,萬里區,,,,無年齡維度,0.0,女,遷出,其他鄉鎮,4
111,8,25,萬里區,,,,無年齡維度,0.0,男,遷出,其他鄉鎮,2
111,8,25,萬里區,,,,無年齡維度,0.0,女,遷出,合計,12
111,8,25,萬里區,,,,無年齡維度,0.0,男,遷出,合計,10
111,8,25,萬里區,,,,無年齡維度,0.0,女,遷出,國外,0
111,8,25,萬里區,,,,無年齡維度,0.0,男,遷出,國外,0
111,8,25,萬里區,,,,無年齡維度,0.0,女,遷出,新北市內,0
111,8,25,萬里區,,,,無年齡維度,0.0,男,遷出,新北市內,0
111,8,25,萬里區,,,,無年齡維度,0.0,女,遷出,桃園市,1
111,8,25,萬里區,,,,無年齡維度,0.0,男,遷出,桃園市,3
111,8,25,萬里區,,,,無年齡維度,0.0,女,遷出,福建省,0
111,8,25,萬里區,,,,無年齡維度,0.0,男,遷出,福建省,0
111,8,25,萬里區,,,,無年齡維度,0.0,女,遷出,臺中市,0
111,8,25,萬里區,,,,無年齡維度,0.0,男,遷出,臺中市,0
111,8,25,萬里區,,,,無年齡維度,0.0,女,遷出,臺北市,1
111,8,25,萬里區,,,,無年齡維度,0.0,男,遷出,臺北市,2
111,8,25,萬里區,,,,無年齡維度,0.0,女,遷出,臺南市,0
111,8,25,萬里區,,,,無年齡維度,0.0,男,遷出,臺南市,0
111,8,25,萬里區,,,,無年齡維度,0.0,女,遷出,臺灣省,6
111,8,25,萬里區,,,,無年齡維度,0.0,男,遷出,臺灣省,3
111,8,25,萬里區,,,,無年齡維度,0.0,女,遷出,高雄市,0
111,8,25,萬里區,,,,無年齡維度,0.0,男,遷出,高雄市,0
111,8,26,平溪區,,,,無年齡維度,0.0,女,遷入,migrants,7
111,8,26,平溪區,,,,無年齡維度,0.0,男,遷入,migrants,6
111,8,26,平溪區,,,,無年齡維度,0.0,女,遷入,other,0
111,8,26,平溪區,,,,無年齡維度,0.0,男,遷入,other,0
111,8,26,平溪區,,,,無年齡維度,0.0,女,遷入,其他縣市,0
111,8,26,平溪區,,,,無年齡維度,0.0,男,遷入,其他縣市,0
111,8,26,平溪區,,,,無年齡維度,0.0,女,遷入,其他鄉鎮,5
111,8,26,平溪區,,,,無年齡維度,0.0,男,遷入,其他鄉鎮,4
111,8,26,平溪區,,,,無年齡維度,0.0,女,遷入,合計,18
111,8,26,平溪區,,,,無年齡維度,0.0,男,遷入,合計,14
111,8,26,平溪區,,,,無年齡維度,0.0,女,遷入,國外,2
111,8,26,平溪區,,,,無年齡維度,0.0,男,遷入,國外,3
111,8,26,平溪區,,,,無年齡維度,0.0,女,遷入,新北市內,0
111,8,26,平溪區,,,,無年齡維度,0.0,男,遷入,新北市內,0
111,8,26,平溪區,,,,無年齡維度,0.0,女,遷入,桃園市,1
111,8,26,平溪區,,,,無年齡維度,0.0,男,遷入,桃園市,0
111,8,26,平溪區,,,,無年齡維度,0.0,女,遷入,福建省,0
111,8,26,平溪區,,,,無年齡維度,0.0,男,遷入,福建省,0
111,8,26,平溪區,,,,無年齡維度,0.0,女,遷入,臺中市,1
111,8,26,平溪區,,,,無年齡維度,0.0,男,遷入,臺中市,0
111,8,26,平溪區,,,,無年齡維度,0.0,女,遷入,臺北市,6
111,8,26,平溪區,,,,無年齡維度,0.0,男,遷入,臺北市,0
111,8,26,平溪區,,,,無年齡維度,0.0,女,遷入,臺南市,0
111,8,26,平溪區,,,,無年齡維度,0.0,男,遷入,臺南市,0
111,8,26,平溪區,,,,無年齡維度,0.0,女,遷入,臺灣省,3
111,8,26,平溪區,,,,無年齡維度,0.0,男,遷入,臺灣省,6
111,8,26,平溪區,,,,無年齡維度,0.0,女,遷入,高雄市,0
111,8,26,平溪區,,,,無年齡維度,0.0,男,遷入,高雄市,1
111,8,26,平溪區,,,,無年齡維度,0.0,女,遷出,migrants,7
111,8,26,平溪區,,,,無年齡維度,0.0,男,遷出,migrants,6
111,8,26,平溪區,,,,無年齡維度,0.0,女,遷出,other,0
111,8,26,平溪區,,,,無年齡維度,0.0,男,遷出,other,0
111,8,26,平溪區,,,,無年齡維度,0.0,女,遷出,其他縣市,0
111,8,26,平溪區,,,,無年齡維度,0.0,男,遷出,其他縣市,0
111,8,26,平溪區,,,,無年齡維度,0.0,女,遷出,其他鄉鎮,8
111,8,26,平溪區,,,,無年齡維度,0.0,男,遷出,其他鄉鎮,2
111,8,26,平溪區,,,,無年齡維度,0.0,女,遷出,合計,19
111,8,26,平溪區,,,,無年齡維度,0.0,男,遷出,合計,13
111,8,26,平溪區,,,,無年齡維度,0.0,女,遷出,國外,0
111,8,26,平溪區,,,,無年齡維度,0.0,男,遷出,國外,2
111,8,26,平溪區,,,,無年齡維度,0.0,女,遷出,新北市內,0
111,8,26,平溪區,,,,無年齡維度,0.0,男,遷出,新北市內,0
111,8,26,平溪區,,,,無年齡維度,0.0,女,遷出,桃園市,6
111,8,26,平溪區,,,,無年齡維度,0.0,男,遷出,桃園市,3
111,8,26,平溪區,,,,無年齡維度,0.0,女,遷出,福建省,0
111,8,26,平溪區,,,,無年齡維度,0.0,男,遷出,福建省,0
111,8,26,平溪區,,,,無年齡維度,0.0,女,遷出,臺中市,0
111,8,26,平溪區,,,,無年齡維度,0.0,男,遷出,臺中市,0
111,8,26,平溪區,,,,無年齡維度,0.0,女,遷出,臺北市,3
111,8,26,平溪區,,,,無年齡維度,0.0,男,遷出,臺北市,3
111,8,26,平溪區,,,,無年齡維度,0.0,女,遷出,臺南市,0
111,8,26,平溪區,,,,無年齡維度,0.0,男,遷出,臺南市,0
111,8,26,平溪區,,,,無年齡維度,0.0,女,遷出,臺灣省,1
111,8,26,平溪區,,,,無年齡維度,0.0,男,遷出,臺灣省,1
111,8,26,平溪區,,,,無年齡維度,0.0,女,遷出,高雄市,1
111,8,26,平溪區,,,,無年齡維度,0.0,男,遷出,高雄市,2
111,8,27,雙溪區,,,,無年齡維度,0.0,女,遷入,migrants,12
111,8,27,雙溪區,,,,無年齡維度,0.0,男,遷入,migrants,7
111,8,27,雙溪區,,,,無年齡維度,0.0,女,遷入,other,0
111,8,27,雙溪區,,,,無年齡維度,0.0,男,遷入,other,0
111,8,27,雙溪區,,,,無年齡維度,0.0,女,遷入,其他縣市,0
111,8,27,雙溪區,,,,無年齡維度,0.0,男,遷入,其他縣市,0
111,8,27,雙溪區,,,,無年齡維度,0.0,女,遷入,其他鄉鎮,12
111,8,27,雙溪區,,,,無年齡維度,0.0,男,遷入,其他鄉鎮,11
111,8,27,雙溪區,,,,無年齡維度,0.0,女,遷入,合計,20
111,8,27,雙溪區,,,,無年齡維度,0.0,男,遷入,合計,24
111,8,27,雙溪區,,,,無年齡維度,0.0,女,遷入,國外,2
111,8,27,雙溪區,,,,無年齡維度,0.0,男,遷入,國外,4
111,8,27,雙溪區,,,,無年齡維度,0.0,女,遷入,新北市內,0
111,8,27,雙溪區,,,,無年齡維度,0.0,男,遷入,新北市內,0
111,8,27,雙溪區,,,,無年齡維度,0.0,女,遷入,桃園市,0
111,8,27,雙溪區,,,,無年齡維度,0.0,男,遷入,桃園市,1
111,8,27,雙溪區,,,,無年齡維度,0.0,女,遷入,福建省,0
111,8,27,雙溪區,,,,無年齡維度,0.0,男,遷入,福建省,0
111,8,27,雙溪區,,,,無年齡維度,0.0,女,遷入,臺中市,0
111,8,27,雙溪區,,,,無年齡維度,0.0,男,遷入,臺中市,1
111,8,27,雙溪區,,,,無年齡維度,0.0,女,遷入,臺北市,1
111,8,27,雙溪區,,,,無年齡維度,0.0,男,遷入,臺北市,2
111,8,27,雙溪區,,,,無年齡維度,0.0,女,遷入,臺南市,0
111,8,27,雙溪區,,,,無年齡維度,0.0,男,遷入,臺南市,0
111,8,27,雙溪區,,,,無年齡維度,0.0,女,遷入,臺灣省,5
111,8,27,雙溪區,,,,無年齡維度,0.0,男,遷入,臺灣省,5
111,8,27,雙溪區,,,,無年齡維度,0.0,女,遷入,高雄市,0
111,8,27,雙溪區,,,,無年齡維度,0.0,男,遷入,高雄市,0
111,8,27,雙溪區,,,,無年齡維度,0.0,女,遷出,migrants,12
111,8,27,雙溪區,,,,無年齡維度,0.0,男,遷出,migrants,7
111,8,27,雙溪區,,,,無年齡維度,0.0,女,遷出,other,0
111,8,27,雙溪區,,,,無年齡維度,0.0,男,遷出,other,0
111,8,27,雙溪區,,,,無年齡維度,0.0,女,遷出,其他縣市,0
111,8,27,雙溪區,,,,無年齡維度,0.0,男,遷出,其他縣市,0
111,8,27,雙溪區,,,,無年齡維度,0.0,女,遷出,其他鄉鎮,13
111,8,27,雙溪區,,,,無年齡維度,0.0,男,遷出,其他鄉鎮,9
111,8,27,雙溪區,,,,無年齡維度,0.0,女,遷出,合計,29
111,8,27,雙溪區,,,,無年齡維度,0.0,男,遷出,合計,25
111,8,27,雙溪區,,,,無年齡維度,0.0,女,遷出,國外,2
111,8,27,雙溪區,,,,無年齡維度,0.0,男,遷出,國外,2
111,8,27,雙溪區,,,,無年齡維度,0.0,女,遷出,新北市內,0
111,8,27,雙溪區,,,,無年齡維度,0.0,男,遷出,新北市內,0
111,8,27,雙溪區,,,,無年齡維度,0.0,女,遷出,桃園市,1
111,8,27,雙溪區,,,,無年齡維度,0.0,男,遷出,桃園市,5
111,8,27,雙溪區,,,,無年齡維度,0.0,女,遷出,福建省,0
111,8,27,雙溪區,,,,無年齡維度,0.0,男,遷出,福建省,0
111,8,27,雙溪區,,,,無年齡維度,0.0,女,遷出,臺中市,0
111,8,27,雙溪區,,,,無年齡維度,0.0,男,遷出,臺中市,1
111,8,27,雙溪區,,,,無年齡維度,0.0,女,遷出,臺北市,2
111,8,27,雙溪區,,,,無年齡維度,0.0,男,遷出,臺北市,4
111,8,27,雙溪區,,,,無年齡維度,0.0,女,遷出,臺南市,1
111,8,27,雙溪區,,,,無年齡維度,0.0,男,遷出,臺南市,0
111,8,27,雙溪區,,,,無年齡維度,0.0,女,遷出,臺灣省,10
111,8,27,雙溪區,,,,無年齡維度,0.0,男,遷出,臺灣省,4
111,8,27,雙溪區,,,,無年齡維度,0.0,女,遷出,高雄市,0
111,8,27,雙溪區,,,,無年齡維度,0.0,男,遷出,高雄市,0
111,8,28,貢寮區,,,,無年齡維度,0.0,女,遷入,migrants,7
111,8,28,貢寮區,,,,無年齡維度,0.0,男,遷入,migrants,2
111,8,28,貢寮區,,,,無年齡維度,0.0,女,遷入,other,0
111,8,28,貢寮區,,,,無年齡維度,0.0,男,遷入,other,0
111,8,28,貢寮區,,,,無年齡維度,0.0,女,遷入,其他縣市,0
111,8,28,貢寮區,,,,無年齡維度,0.0,男,遷入,其他縣市,0
111,8,28,貢寮區,,,,無年齡維度,0.0,女,遷入,其他鄉鎮,7
111,8,28,貢寮區,,,,無年齡維度,0.0,男,遷入,其他鄉鎮,13
111,8,28,貢寮區,,,,無年齡維度,0.0,女,遷入,合計,29
111,8,28,貢寮區,,,,無年齡維度,0.0,男,遷入,合計,43
111,8,28,貢寮區,,,,無年齡維度,0.0,女,遷入,國外,5
111,8,28,貢寮區,,,,無年齡維度,0.0,男,遷入,國外,8
111,8,28,貢寮區,,,,無年齡維度,0.0,女,遷入,新北市內,0
111,8,28,貢寮區,,,,無年齡維度,0.0,男,遷入,新北市內,0
111,8,28,貢寮區,,,,無年齡維度,0.0,女,遷入,桃園市,2
111,8,28,貢寮區,,,,無年齡維度,0.0,男,遷入,桃園市,0
111,8,28,貢寮區,,,,無年齡維度,0.0,女,遷入,福建省,0
111,8,28,貢寮區,,,,無年齡維度,0.0,男,遷入,福建省,0
111,8,28,貢寮區,,,,無年齡維度,0.0,女,遷入,臺中市,1
111,8,28,貢寮區,,,,無年齡維度,0.0,男,遷入,臺中市,0
111,8,28,貢寮區,,,,無年齡維度,0.0,女,遷入,臺北市,3
111,8,28,貢寮區,,,,無年齡維度,0.0,男,遷入,臺北市,5
111,8,28,貢寮區,,,,無年齡維度,0.0,女,遷入,臺南市,0
111,8,28,貢寮區,,,,無年齡維度,0.0,男,遷入,臺南市,0
111,8,28,貢寮區,,,,無年齡維度,0.0,女,遷入,臺灣省,9
111,8,28,貢寮區,,,,無年齡維度,0.0,男,遷入,臺灣省,17
111,8,28,貢寮區,,,,無年齡維度,0.0,女,遷入,高雄市,1
111,8,28,貢寮區,,,,無年齡維度,0.0,男,遷入,高雄市,0
111,8,28,貢寮區,,,,無年齡維度,0.0,女,遷出,migrants,7
111,8,28,貢寮區,,,,無年齡維度,0.0,男,遷出,migrants,2
111,8,28,貢寮區,,,,無年齡維度,0.0,女,遷出,other,0
111,8,28,貢寮區,,,,無年齡維度,0.0,男,遷出,other,0
111,8,28,貢寮區,,,,無年齡維度,0.0,女,遷出,其他縣市,0
111,8,28,貢寮區,,,,無年齡維度,0.0,男,遷出,其他縣市,0
111,8,28,貢寮區,,,,無年齡維度,0.0,女,遷出,其他鄉鎮,5
111,8,28,貢寮區,,,,無年齡維度,0.0,男,遷出,其他鄉鎮,4
111,8,28,貢寮區,,,,無年齡維度,0.0,女,遷出,合計,26
111,8,28,貢寮區,,,,無年齡維度,0.0,男,遷出,合計,27
111,8,28,貢寮區,,,,無年齡維度,0.0,女,遷出,國外,0
111,8,28,貢寮區,,,,無年齡維度,0.0,男,遷出,國外,1
111,8,28,貢寮區,,,,無年齡維度,0.0,女,遷出,新北市內,0
111,8,28,貢寮區,,,,無年齡維度,0.0,男,遷出,新北市內,0
111,8,28,貢寮區,,,,無年齡維度,0.0,女,遷出,桃園市,2
111,8,28,貢寮區,,,,無年齡維度,0.0,男,遷出,桃園市,3
111,8,28,貢寮區,,,,無年齡維度,0.0,女,遷出,福建省,0
111,8,28,貢寮區,,,,無年齡維度,0.0,男,遷出,福建省,0
111,8,28,貢寮區,,,,無年齡維度,0.0,女,遷出,臺中市,1
111,8,28,貢寮區,,,,無年齡維度,0.0,男,遷出,臺中市,2
111,8,28,貢寮區,,,,無年齡維度,0.0,女,遷出,臺北市,4
111,8,28,貢寮區,,,,無年齡維度,0.0,男,遷出,臺北市,6
111,8,28,貢寮區,,,,無年齡維度,0.0,女,遷出,臺南市,1
111,8,28,貢寮區,,,,無年齡維度,0.0,男,遷出,臺南市,0
111,8,28,貢寮區,,,,無年齡維度,0.0,女,遷出,臺灣省,13
111,8,28,貢寮區,,,,無年齡維度,0.0,男,遷出,臺灣省,10
111,8,28,貢寮區,,,,無年齡維度,0.0,女,遷出,高雄市,0
111,8,28,貢寮區,,,,無年齡維度,0.0,男,遷出,高雄市,1
111,8,29,烏來區,,,,無年齡維度,0.0,女,遷入,migrants,4
111,8,29,烏來區,,,,無年齡維度,0.0,男,遷入,migrants,2
111,8,29,烏來區,,,,無年齡維度,0.0,女,遷入,other,0
111,8,29,烏來區,,,,無年齡維度,0.0,男,遷入,other,0
111,8,29,烏來區,,,,無年齡維度,0.0,女,遷入,其他縣市,0
111,8,29,烏來區,,,,無年齡維度,0.0,男,遷入,其他縣市,0
111,8,29,烏來區,,,,無年齡維度,0.0,女,遷入,其他鄉鎮,6
111,8,29,烏來區,,,,無年齡維度,0.0,男,遷入,其他鄉鎮,5
111,8,29,烏來區,,,,無年齡維度,0.0,女,遷入,合計,7
111,8,29,烏來區,,,,無年齡維度,0.0,男,遷入,合計,12
111,8,29,烏來區,,,,無年齡維度,0.0,女,遷入,國外,0
111,8,29,烏來區,,,,無年齡維度,0.0,男,遷入,國外,0
111,8,29,烏來區,,,,無年齡維度,0.0,女,遷入,新北市內,0
111,8,29,烏來區,,,,無年齡維度,0.0,男,遷入,新北市內,0
111,8,29,烏來區,,,,無年齡維度,0.0,女,遷入,桃園市,0
111,8,29,烏來區,,,,無年齡維度,0.0,男,遷入,桃園市,1
111,8,29,烏來區,,,,無年齡維度,0.0,女,遷入,福建省,0
111,8,29,烏來區,,,,無年齡維度,0.0,男,遷入,福建省,0
111,8,29,烏來區,,,,無年齡維度,0.0,女,遷入,臺中市,0
111,8,29,烏來區,,,,無年齡維度,0.0,男,遷入,臺中市,0
111,8,29,烏來區,,,,無年齡維度,0.0,女,遷入,臺北市,0
111,8,29,烏來區,,,,無年齡維度,0.0,男,遷入,臺北市,0
111,8,29,烏來區,,,,無年齡維度,0.0,女,遷入,臺南市,0
111,8,29,烏來區,,,,無年齡維度,0.0,男,遷入,臺南市,0
111,8,29,烏來區,,,,無年齡維度,0.0,女,遷入,臺灣省,1
111,8,29,烏來區,,,,無年齡維度,0.0,男,遷入,臺灣省,3
111,8,29,烏來區,,,,無年齡維度,0.0,女,遷入,高雄市,0
111,8,29,烏來區,,,,無年齡維度,0.0,男,遷入,高雄市,3
111,8,29,烏來區,,,,無年齡維度,0.0,女,遷出,migrants,4
111,8,29,烏來區,,,,無年齡維度,0.0,男,遷出,migrants,2
111,8,29,烏來區,,,,無年齡維度,0.0,女,遷出,other,0
111,8,29,烏來區,,,,無年齡維度,0.0,男,遷出,other,0
111,8,29,烏來區,,,,無年齡維度,0.0,女,遷出,其他縣市,0
111,8,29,烏來區,,,,無年齡維度,0.0,男,遷出,其他縣市,0
111,8,29,烏來區,,,,無年齡維度,0.0,女,遷出,其他鄉鎮,7
111,8,29,烏來區,,,,無年齡維度,0.0,男,遷出,其他鄉鎮,6
111,8,29,烏來區,,,,無年齡維度,0.0,女,遷出,合計,9
111,8,29,烏來區,,,,無年齡維度,0.0,男,遷出,合計,9
111,8,29,烏來區,,,,無年齡維度,0.0,女,遷出,國外,0
111,8,29,烏來區,,,,無年齡維度,0.0,男,遷出,國外,0
111,8,29,烏來區,,,,無年齡維度,0.0,女,遷出,新北市內,0
111,8,29,烏來區,,,,無年齡維度,0.0,男,遷出,新北市內,0
111,8,29,烏來區,,,,無年齡維度,0.0,女,遷出,桃園市,0
111,8,29,烏來區,,,,無年齡維度,0.0,男,遷出,桃園市,0
111,8,29,烏來區,,,,無年齡維度,0.0,女,遷出,福建省,0
111,8,29,烏來區,,,,無年齡維度,0.0,男,遷出,福建省,0
111,8,29,烏來區,,,,無年齡維度,0.0,女,遷出,臺中市,0
111,8,29,烏來區,,,,無年齡維度,0.0,男,遷出,臺中市,0
111,8,29,烏來區,,,,無年齡維度,0.0,女,遷出,臺北市,1
111,8,29,烏來區,,,,無年齡維度,0.0,男,遷出,臺北市,0
111,8,29,烏來區,,,,無年齡維度,0.0,女,遷出,臺南市,0
111,8,29,烏來區,,,,無年齡維度,0.0,男,遷出,臺南市,0
111,8,29,烏來區,,,,無年齡維度,0.0,女,遷出,臺灣省,1
111,8,29,烏來區,,,,無年齡維度,0.0,男,遷出,臺灣省,2
111,8,29,烏來區,,,,無年齡維度,0.0,女,遷出,高雄市,0
111,8,29,烏來區,,,,無年齡維度,0.0,男,遷出,高雄市,1
111,9,1,板橋區,,,,無年齡維度,0.0,女,遷入,migrants,973
111,9,1,板橋區,,,,無年齡維度,0.0,男,遷入,migrants,809
111,9,1,板橋區,,,,無年齡維度,0.0,女,遷入,other,0
111,9,1,板橋區,,,,無年齡維度,0.0,男,遷入,other,0
111,9,1,板橋區,,,,無年齡維度,0.0,女,遷入,其他縣市,0
111,9,1,板橋區,,,,無年齡維度,0.0,男,遷入,其他縣市,0
111,9,1,板橋區,,,,無年齡維度,0.0,女,遷入,其他鄉鎮,382
111,9,1,板橋區,,,,無年齡維度,0.0,男,遷入,其他鄉鎮,278
111,9,1,板橋區,,,,無年齡維度,0.0,女,遷入,合計,1047
111,9,1,板橋區,,,,無年齡維度,0.0,男,遷入,合計,889
111,9,1,板橋區,,,,無年齡維度,0.0,女,遷入,國外,199
111,9,1,板橋區,,,,無年齡維度,0.0,男,遷入,國外,186
111,9,1,板橋區,,,,無年齡維度,0.0,女,遷入,新北市內,0
111,9,1,板橋區,,,,無年齡維度,0.0,男,遷入,新北市內,0
111,9,1,板橋區,,,,無年齡維度,0.0,女,遷入,桃園市,52
111,9,1,板橋區,,,,無年齡維度,0.0,男,遷入,桃園市,39
111,9,1,板橋區,,,,無年齡維度,0.0,女,遷入,福建省,3
111,9,1,板橋區,,,,無年齡維度,0.0,男,遷入,福建省,7
111,9,1,板橋區,,,,無年齡維度,0.0,女,遷入,臺中市,25
111,9,1,板橋區,,,,無年齡維度,0.0,男,遷入,臺中市,26
111,9,1,板橋區,,,,無年齡維度,0.0,女,遷入,臺北市,228
111,9,1,板橋區,,,,無年齡維度,0.0,男,遷入,臺北市,223
111,9,1,板橋區,,,,無年齡維度,0.0,女,遷入,臺南市,7
111,9,1,板橋區,,,,無年齡維度,0.0,男,遷入,臺南市,12
111,9,1,板橋區,,,,無年齡維度,0.0,女,遷入,臺灣省,107
111,9,1,板橋區,,,,無年齡維度,0.0,男,遷入,臺灣省,87
111,9,1,板橋區,,,,無年齡維度,0.0,女,遷入,高雄市,24
111,9,1,板橋區,,,,無年齡維度,0.0,男,遷入,高雄市,24
111,9,1,板橋區,,,,無年齡維度,0.0,女,遷出,migrants,973
111,9,1,板橋區,,,,無年齡維度,0.0,男,遷出,migrants,809
111,9,1,板橋區,,,,無年齡維度,0.0,女,遷出,other,0
111,9,1,板橋區,,,,無年齡維度,0.0,男,遷出,other,0
111,9,1,板橋區,,,,無年齡維度,0.0,女,遷出,其他縣市,0
111,9,1,板橋區,,,,無年齡維度,0.0,男,遷出,其他縣市,0
111,9,1,板橋區,,,,無年齡維度,0.0,女,遷出,其他鄉鎮,442
111,9,1,板橋區,,,,無年齡維度,0.0,男,遷出,其他鄉鎮,398
111,9,1,板橋區,,,,無年齡維度,0.0,女,遷出,合計,988
111,9,1,板橋區,,,,無年齡維度,0.0,男,遷出,合計,876
111,9,1,板橋區,,,,無年齡維度,0.0,女,遷出,國外,103
111,9,1,板橋區,,,,無年齡維度,0.0,男,遷出,國外,98
111,9,1,板橋區,,,,無年齡維度,0.0,女,遷出,新北市內,0
111,9,1,板橋區,,,,無年齡維度,0.0,男,遷出,新北市內,0
111,9,1,板橋區,,,,無年齡維度,0.0,女,遷出,桃園市,115
111,9,1,板橋區,,,,無年齡維度,0.0,男,遷出,桃園市,115
111,9,1,板橋區,,,,無年齡維度,0.0,女,遷出,福建省,8
111,9,1,板橋區,,,,無年齡維度,0.0,男,遷出,福建省,17
111,9,1,板橋區,,,,無年齡維度,0.0,女,遷出,臺中市,22
111,9,1,板橋區,,,,無年齡維度,0.0,男,遷出,臺中市,25
111,9,1,板橋區,,,,無年齡維度,0.0,女,遷出,臺北市,150
111,9,1,板橋區,,,,無年齡維度,0.0,男,遷出,臺北市,108
111,9,1,板橋區,,,,無年齡維度,0.0,女,遷出,臺南市,15
111,9,1,板橋區,,,,無年齡維度,0.0,男,遷出,臺南市,12
111,9,1,板橋區,,,,無年齡維度,0.0,女,遷出,臺灣省,110
111,9,1,板橋區,,,,無年齡維度,0.0,男,遷出,臺灣省,87
111,9,1,板橋區,,,,無年齡維度,0.0,女,遷出,高雄市,23
111,9,1,板橋區,,,,無年齡維度,0.0,男,遷出,高雄市,16
111,9,2,三重區,,,,無年齡維度,0.0,女,遷入,migrants,579
111,9,2,三重區,,,,無年齡維度,0.0,男,遷入,migrants,552
111,9,2,三重區,,,,無年齡維度,0.0,女,遷入,other,0
111,9,2,三重區,,,,無年齡維度,0.0,男,遷入,other,0
111,9,2,三重區,,,,無年齡維度,0.0,女,遷入,其他縣市,0
111,9,2,三重區,,,,無年齡維度,0.0,男,遷入,其他縣市,0
111,9,2,三重區,,,,無年齡維度,0.0,女,遷入,其他鄉鎮,275
111,9,2,三重區,,,,無年齡維度,0.0,男,遷入,其他鄉鎮,200
111,9,2,三重區,,,,無年齡維度,0.0,女,遷入,合計,883
111,9,2,三重區,,,,無年齡維度,0.0,男,遷入,合計,731
111,9,2,三重區,,,,無年齡維度,0.0,女,遷入,國外,128
111,9,2,三重區,,,,無年齡維度,0.0,男,遷入,國外,111
111,9,2,三重區,,,,無年齡維度,0.0,女,遷入,新北市內,0
111,9,2,三重區,,,,無年齡維度,0.0,男,遷入,新北市內,0
111,9,2,三重區,,,,無年齡維度,0.0,女,遷入,桃園市,41
111,9,2,三重區,,,,無年齡維度,0.0,男,遷入,桃園市,40
111,9,2,三重區,,,,無年齡維度,0.0,女,遷入,福建省,1
111,9,2,三重區,,,,無年齡維度,0.0,男,遷入,福建省,2
111,9,2,三重區,,,,無年齡維度,0.0,女,遷入,臺中市,17
111,9,2,三重區,,,,無年齡維度,0.0,男,遷入,臺中市,16
111,9,2,三重區,,,,無年齡維度,0.0,女,遷入,臺北市,288
111,9,2,三重區,,,,無年齡維度,0.0,男,遷入,臺北市,276
111,9,2,三重區,,,,無年齡維度,0.0,女,遷入,臺南市,17
111,9,2,三重區,,,,無年齡維度,0.0,男,遷入,臺南市,11
111,9,2,三重區,,,,無年齡維度,0.0,女,遷入,臺灣省,81
111,9,2,三重區,,,,無年齡維度,0.0,男,遷入,臺灣省,58
111,9,2,三重區,,,,無年齡維度,0.0,女,遷入,高雄市,22
111,9,2,三重區,,,,無年齡維度,0.0,男,遷入,高雄市,12
111,9,2,三重區,,,,無年齡維度,0.0,女,遷出,migrants,579
111,9,2,三重區,,,,無年齡維度,0.0,男,遷出,migrants,552
111,9,2,三重區,,,,無年齡維度,0.0,女,遷出,other,0
111,9,2,三重區,,,,無年齡維度,0.0,男,遷出,other,0
111,9,2,三重區,,,,無年齡維度,0.0,女,遷出,其他縣市,0
111,9,2,三重區,,,,無年齡維度,0.0,男,遷出,其他縣市,0
111,9,2,三重區,,,,無年齡維度,0.0,女,遷出,其他鄉鎮,330
111,9,2,三重區,,,,無年齡維度,0.0,男,遷出,其他鄉鎮,261
111,9,2,三重區,,,,無年齡維度,0.0,女,遷出,合計,785
111,9,2,三重區,,,,無年齡維度,0.0,男,遷出,合計,670
111,9,2,三重區,,,,無年齡維度,0.0,女,遷出,國外,65
111,9,2,三重區,,,,無年齡維度,0.0,男,遷出,國外,63
111,9,2,三重區,,,,無年齡維度,0.0,女,遷出,新北市內,0
111,9,2,三重區,,,,無年齡維度,0.0,男,遷出,新北市內,0
111,9,2,三重區,,,,無年齡維度,0.0,女,遷出,桃園市,79
111,9,2,三重區,,,,無年齡維度,0.0,男,遷出,桃園市,68
111,9,2,三重區,,,,無年齡維度,0.0,女,遷出,福建省,9
111,9,2,三重區,,,,無年齡維度,0.0,男,遷出,福建省,5
111,9,2,三重區,,,,無年齡維度,0.0,女,遷出,臺中市,21
111,9,2,三重區,,,,無年齡維度,0.0,男,遷出,臺中市,17
111,9,2,三重區,,,,無年齡維度,0.0,女,遷出,臺北市,186
111,9,2,三重區,,,,無年齡維度,0.0,男,遷出,臺北市,170
111,9,2,三重區,,,,無年齡維度,0.0,女,遷出,臺南市,12
111,9,2,三重區,,,,無年齡維度,0.0,男,遷出,臺南市,13
111,9,2,三重區,,,,無年齡維度,0.0,女,遷出,臺灣省,65
111,9,2,三重區,,,,無年齡維度,0.0,男,遷出,臺灣省,66
111,9,2,三重區,,,,無年齡維度,0.0,女,遷出,高雄市,18
111,9,2,三重區,,,,無年齡維度,0.0,男,遷出,高雄市,7
111,9,3,中和區,,,,無年齡維度,0.0,女,遷入,migrants,534
111,9,3,中和區,,,,無年齡維度,0.0,男,遷入,migrants,442
111,9,3,中和區,,,,無年齡維度,0.0,女,遷入,other,0
111,9,3,中和區,,,,無年齡維度,0.0,男,遷入,other,0
111,9,3,中和區,,,,無年齡維度,0.0,女,遷入,其他縣市,0
111,9,3,中和區,,,,無年齡維度,0.0,男,遷入,其他縣市,0
111,9,3,中和區,,,,無年齡維度,0.0,女,遷入,其他鄉鎮,464
111,9,3,中和區,,,,無年齡維度,0.0,男,遷入,其他鄉鎮,356
111,9,3,中和區,,,,無年齡維度,0.0,女,遷入,合計,1091
111,9,3,中和區,,,,無年齡維度,0.0,男,遷入,合計,899
111,9,3,中和區,,,,無年齡維度,0.0,女,遷入,國外,221
111,9,3,中和區,,,,無年齡維度,0.0,男,遷入,國外,179
111,9,3,中和區,,,,無年齡維度,0.0,女,遷入,新北市內,0
111,9,3,中和區,,,,無年齡維度,0.0,男,遷入,新北市內,0
111,9,3,中和區,,,,無年齡維度,0.0,女,遷入,桃園市,43
111,9,3,中和區,,,,無年齡維度,0.0,男,遷入,桃園市,26
111,9,3,中和區,,,,無年齡維度,0.0,女,遷入,福建省,14
111,9,3,中和區,,,,無年齡維度,0.0,男,遷入,福建省,8
111,9,3,中和區,,,,無年齡維度,0.0,女,遷入,臺中市,18
111,9,3,中和區,,,,無年齡維度,0.0,男,遷入,臺中市,12
111,9,3,中和區,,,,無年齡維度,0.0,女,遷入,臺北市,215
111,9,3,中和區,,,,無年齡維度,0.0,男,遷入,臺北市,203
111,9,3,中和區,,,,無年齡維度,0.0,女,遷入,臺南市,11
111,9,3,中和區,,,,無年齡維度,0.0,男,遷入,臺南市,7
111,9,3,中和區,,,,無年齡維度,0.0,女,遷入,臺灣省,77
111,9,3,中和區,,,,無年齡維度,0.0,男,遷入,臺灣省,77
111,9,3,中和區,,,,無年齡維度,0.0,女,遷入,高雄市,15
111,9,3,中和區,,,,無年齡維度,0.0,男,遷入,高雄市,17
111,9,3,中和區,,,,無年齡維度,0.0,女,遷出,migrants,534
111,9,3,中和區,,,,無年齡維度,0.0,男,遷出,migrants,442
111,9,3,中和區,,,,無年齡維度,0.0,女,遷出,other,0
111,9,3,中和區,,,,無年齡維度,0.0,男,遷出,other,0
111,9,3,中和區,,,,無年齡維度,0.0,女,遷出,其他縣市,0
111,9,3,中和區,,,,無年齡維度,0.0,男,遷出,其他縣市,0
111,9,3,中和區,,,,無年齡維度,0.0,女,遷出,其他鄉鎮,432
111,9,3,中和區,,,,無年齡維度,0.0,男,遷出,其他鄉鎮,364
111,9,3,中和區,,,,無年齡維度,0.0,女,遷出,合計,861
111,9,3,中和區,,,,無年齡維度,0.0,男,遷出,合計,785
111,9,3,中和區,,,,無年齡維度,0.0,女,遷出,國外,105
111,9,3,中和區,,,,無年齡維度,0.0,男,遷出,國外,85
111,9,3,中和區,,,,無年齡維度,0.0,女,遷出,新北市內,0
111,9,3,中和區,,,,無年齡維度,0.0,男,遷出,新北市內,0
111,9,3,中和區,,,,無年齡維度,0.0,女,遷出,桃園市,85
111,9,3,中和區,,,,無年齡維度,0.0,男,遷出,桃園市,77
111,9,3,中和區,,,,無年齡維度,0.0,女,遷出,福建省,9
111,9,3,中和區,,,,無年齡維度,0.0,男,遷出,福建省,13
111,9,3,中和區,,,,無年齡維度,0.0,女,遷出,臺中市,15
111,9,3,中和區,,,,無年齡維度,0.0,男,遷出,臺中市,24
111,9,3,中和區,,,,無年齡維度,0.0,女,遷出,臺北市,117
111,9,3,中和區,,,,無年齡維度,0.0,男,遷出,臺北市,116
111,9,3,中和區,,,,無年齡維度,0.0,女,遷出,臺南市,15
111,9,3,中和區,,,,無年齡維度,0.0,男,遷出,臺南市,9
111,9,3,中和區,,,,無年齡維度,0.0,女,遷出,臺灣省,69
111,9,3,中和區,,,,無年齡維度,0.0,男,遷出,臺灣省,84
111,9,3,中和區,,,,無年齡維度,0.0,女,遷出,高雄市,14
111,9,3,中和區,,,,無年齡維度,0.0,男,遷出,高雄市,13
111,9,4,永和區,,,,無年齡維度,0.0,女,遷入,migrants,192
111,9,4,永和區,,,,無年齡維度,0.0,男,遷入,migrants,195
111,9,4,永和區,,,,無年齡維度,0.0,女,遷入,other,0
111,9,4,永和區,,,,無年齡維度,0.0,男,遷入,other,0
111,9,4,永和區,,,,無年齡維度,0.0,女,遷入,其他縣市,0
111,9,4,永和區,,,,無年齡維度,0.0,男,遷入,其他縣市,0
111,9,4,永和區,,,,無年齡維度,0.0,女,遷入,其他鄉鎮,219
111,9,4,永和區,,,,無年齡維度,0.0,男,遷入,其他鄉鎮,175
111,9,4,永和區,,,,無年齡維度,0.0,女,遷入,合計,575
111,9,4,永和區,,,,無年齡維度,0.0,男,遷入,合計,491
111,9,4,永和區,,,,無年齡維度,0.0,女,遷入,國外,152
111,9,4,永和區,,,,無年齡維度,0.0,男,遷入,國外,122
111,9,4,永和區,,,,無年齡維度,0.0,女,遷入,新北市內,0
111,9,4,永和區,,,,無年齡維度,0.0,男,遷入,新北市內,0
111,9,4,永和區,,,,無年齡維度,0.0,女,遷入,桃園市,18
111,9,4,永和區,,,,無年齡維度,0.0,男,遷入,桃園市,17
111,9,4,永和區,,,,無年齡維度,0.0,女,遷入,福建省,4
111,9,4,永和區,,,,無年齡維度,0.0,男,遷入,福建省,5
111,9,4,永和區,,,,無年齡維度,0.0,女,遷入,臺中市,4
111,9,4,永和區,,,,無年齡維度,0.0,男,遷入,臺中市,9
111,9,4,永和區,,,,無年齡維度,0.0,女,遷入,臺北市,133
111,9,4,永和區,,,,無年齡維度,0.0,男,遷入,臺北市,131
111,9,4,永和區,,,,無年齡維度,0.0,女,遷入,臺南市,4
111,9,4,永和區,,,,無年齡維度,0.0,男,遷入,臺南市,2
111,9,4,永和區,,,,無年齡維度,0.0,女,遷入,臺灣省,28
111,9,4,永和區,,,,無年齡維度,0.0,男,遷入,臺灣省,25
111,9,4,永和區,,,,無年齡維度,0.0,女,遷入,高雄市,6
111,9,4,永和區,,,,無年齡維度,0.0,男,遷入,高雄市,1
111,9,4,永和區,,,,無年齡維度,0.0,女,遷出,migrants,192
111,9,4,永和區,,,,無年齡維度,0.0,男,遷出,migrants,195
111,9,4,永和區,,,,無年齡維度,0.0,女,遷出,other,0
111,9,4,永和區,,,,無年齡維度,0.0,男,遷出,other,0
111,9,4,永和區,,,,無年齡維度,0.0,女,遷出,其他縣市,0
111,9,4,永和區,,,,無年齡維度,0.0,男,遷出,其他縣市,0
111,9,4,永和區,,,,無年齡維度,0.0,女,遷出,其他鄉鎮,332
111,9,4,永和區,,,,無年齡維度,0.0,男,遷出,其他鄉鎮,257
111,9,4,永和區,,,,無年齡維度,0.0,女,遷出,合計,577
111,9,4,永和區,,,,無年齡維度,0.0,男,遷出,合計,474
111,9,4,永和區,,,,無年齡維度,0.0,女,遷出,國外,57
111,9,4,永和區,,,,無年齡維度,0.0,男,遷出,國外,47
111,9,4,永和區,,,,無年齡維度,0.0,女,遷出,新北市內,0
111,9,4,永和區,,,,無年齡維度,0.0,男,遷出,新北市內,0
111,9,4,永和區,,,,無年齡維度,0.0,女,遷出,桃園市,26
111,9,4,永和區,,,,無年齡維度,0.0,男,遷出,桃園市,33
111,9,4,永和區,,,,無年齡維度,0.0,女,遷出,福建省,8
111,9,4,永和區,,,,無年齡維度,0.0,男,遷出,福建省,8
111,9,4,永和區,,,,無年齡維度,0.0,女,遷出,臺中市,6
111,9,4,永和區,,,,無年齡維度,0.0,男,遷出,臺中市,9
111,9,4,永和區,,,,無年齡維度,0.0,女,遷出,臺北市,102
111,9,4,永和區,,,,無年齡維度,0.0,男,遷出,臺北市,67
111,9,4,永和區,,,,無年齡維度,0.0,女,遷出,臺南市,2
111,9,4,永和區,,,,無年齡維度,0.0,男,遷出,臺南市,3
111,9,4,永和區,,,,無年齡維度,0.0,女,遷出,臺灣省,36
111,9,4,永和區,,,,無年齡維度,0.0,男,遷出,臺灣省,45
111,9,4,永和區,,,,無年齡維度,0.0,女,遷出,高雄市,7
111,9,4,永和區,,,,無年齡維度,0.0,男,遷出,高雄市,5
111,9,5,新莊區,,,,無年齡維度,0.0,女,遷入,migrants,779
111,9,5,新莊區,,,,無年齡維度,0.0,男,遷入,migrants,636
111,9,5,新莊區,,,,無年齡維度,0.0,女,遷入,other,0
111,9,5,新莊區,,,,無年齡維度,0.0,男,遷入,other,0
111,9,5,新莊區,,,,無年齡維度,0.0,女,遷入,其他縣市,0
111,9,5,新莊區,,,,無年齡維度,0.0,男,遷入,其他縣市,0
111,9,5,新莊區,,,,無年齡維度,0.0,女,遷入,其他鄉鎮,365
111,9,5,新莊區,,,,無年齡維度,0.0,男,遷入,其他鄉鎮,299
111,9,5,新莊區,,,,無年齡維度,0.0,女,遷入,合計,942
111,9,5,新莊區,,,,無年齡維度,0.0,男,遷入,合計,788
111,9,5,新莊區,,,,無年齡維度,0.0,女,遷入,國外,139
111,9,5,新莊區,,,,無年齡維度,0.0,男,遷入,國外,110
111,9,5,新莊區,,,,無年齡維度,0.0,女,遷入,新北市內,0
111,9,5,新莊區,,,,無年齡維度,0.0,男,遷入,新北市內,0
111,9,5,新莊區,,,,無年齡維度,0.0,女,遷入,桃園市,78
111,9,5,新莊區,,,,無年齡維度,0.0,男,遷入,桃園市,57
111,9,5,新莊區,,,,無年齡維度,0.0,女,遷入,福建省,4
111,9,5,新莊區,,,,無年齡維度,0.0,男,遷入,福建省,3
111,9,5,新莊區,,,,無年齡維度,0.0,女,遷入,臺中市,8
111,9,5,新莊區,,,,無年齡維度,0.0,男,遷入,臺中市,12
111,9,5,新莊區,,,,無年齡維度,0.0,女,遷入,臺北市,191
111,9,5,新莊區,,,,無年齡維度,0.0,男,遷入,臺北市,196
111,9,5,新莊區,,,,無年齡維度,0.0,女,遷入,臺南市,9
111,9,5,新莊區,,,,無年齡維度,0.0,男,遷入,臺南市,9
111,9,5,新莊區,,,,無年齡維度,0.0,女,遷入,臺灣省,118
111,9,5,新莊區,,,,無年齡維度,0.0,男,遷入,臺灣省,82
111,9,5,新莊區,,,,無年齡維度,0.0,女,遷入,高雄市,16
111,9,5,新莊區,,,,無年齡維度,0.0,男,遷入,高雄市,16
111,9,5,新莊區,,,,無年齡維度,0.0,女,遷出,migrants,779
111,9,5,新莊區,,,,無年齡維度,0.0,男,遷出,migrants,636
111,9,5,新莊區,,,,無年齡維度,0.0,女,遷出,other,0
111,9,5,新莊區,,,,無年齡維度,0.0,男,遷出,other,0
111,9,5,新莊區,,,,無年齡維度,0.0,女,遷出,其他縣市,0
111,9,5,新莊區,,,,無年齡維度,0.0,男,遷出,其他縣市,0
111,9,5,新莊區,,,,無年齡維度,0.0,女,遷出,其他鄉鎮,347
111,9,5,新莊區,,,,無年齡維度,0.0,男,遷出,其他鄉鎮,253
111,9,5,新莊區,,,,無年齡維度,0.0,女,遷出,合計,823
111,9,5,新莊區,,,,無年齡維度,0.0,男,遷出,合計,658
111,9,5,新莊區,,,,無年齡維度,0.0,女,遷出,國外,58
111,9,5,新莊區,,,,無年齡維度,0.0,男,遷出,國外,59
111,9,5,新莊區,,,,無年齡維度,0.0,女,遷出,新北市內,0
111,9,5,新莊區,,,,無年齡維度,0.0,男,遷出,新北市內,0
111,9,5,新莊區,,,,無年齡維度,0.0,女,遷出,桃園市,162
111,9,5,新莊區,,,,無年齡維度,0.0,男,遷出,桃園市,128
111,9,5,新莊區,,,,無年齡維度,0.0,女,遷出,福建省,9
111,9,5,新莊區,,,,無年齡維度,0.0,男,遷出,福建省,8
111,9,5,新莊區,,,,無年齡維度,0.0,女,遷出,臺中市,24
111,9,5,新莊區,,,,無年齡維度,0.0,男,遷出,臺中市,26
111,9,5,新莊區,,,,無年齡維度,0.0,女,遷出,臺北市,99
111,9,5,新莊區,,,,無年齡維度,0.0,男,遷出,臺北市,69
111,9,5,新莊區,,,,無年齡維度,0.0,女,遷出,臺南市,15
111,9,5,新莊區,,,,無年齡維度,0.0,男,遷出,臺南市,11
111,9,5,新莊區,,,,無年齡維度,0.0,女,遷出,臺灣省,83
111,9,5,新莊區,,,,無年齡維度,0.0,男,遷出,臺灣省,87
111,9,5,新莊區,,,,無年齡維度,0.0,女,遷出,高雄市,26
111,9,5,新莊區,,,,無年齡維度,0.0,男,遷出,高雄市,16
111,9,6,新店區,,,,無年齡維度,0.0,女,遷入,migrants,439
111,9,6,新店區,,,,無年齡維度,0.0,男,遷入,migrants,406
111,9,6,新店區,,,,無年齡維度,0.0,女,遷入,other,0
111,9,6,新店區,,,,無年齡維度,0.0,男,遷入,other,0
111,9,6,新店區,,,,無年齡維度,0.0,女,遷入,其他縣市,0
111,9,6,新店區,,,,無年齡維度,0.0,男,遷入,其他縣市,0
111,9,6,新店區,,,,無年齡維度,0.0,女,遷入,其他鄉鎮,153
111,9,6,新店區,,,,無年齡維度,0.0,男,遷入,其他鄉鎮,130
111,9,6,新店區,,,,無年齡維度,0.0,女,遷入,合計,854
111,9,6,新店區,,,,無年齡維度,0.0,男,遷入,合計,718
111,9,6,新店區,,,,無年齡維度,0.0,女,遷入,國外,250
111,9,6,新店區,,,,無年齡維度,0.0,男,遷入,國外,222
111,9,6,新店區,,,,無年齡維度,0.0,女,遷入,新北市內,0
111,9,6,新店區,,,,無年齡維度,0.0,男,遷入,新北市內,0
111,9,6,新店區,,,,無年齡維度,0.0,女,遷入,桃園市,25
111,9,6,新店區,,,,無年齡維度,0.0,男,遷入,桃園市,16
111,9,6,新店區,,,,無年齡維度,0.0,女,遷入,福建省,3
111,9,6,新店區,,,,無年齡維度,0.0,男,遷入,福建省,6
111,9,6,新店區,,,,無年齡維度,0.0,女,遷入,臺中市,13
111,9,6,新店區,,,,無年齡維度,0.0,男,遷入,臺中市,15
111,9,6,新店區,,,,無年齡維度,0.0,女,遷入,臺北市,309
111,9,6,新店區,,,,無年齡維度,0.0,男,遷入,臺北市,264
111,9,6,新店區,,,,無年齡維度,0.0,女,遷入,臺南市,13
111,9,6,新店區,,,,無年齡維度,0.0,男,遷入,臺南市,4
111,9,6,新店區,,,,無年齡維度,0.0,女,遷入,臺灣省,57
111,9,6,新店區,,,,無年齡維度,0.0,男,遷入,臺灣省,45
111,9,6,新店區,,,,無年齡維度,0.0,女,遷入,高雄市,11
111,9,6,新店區,,,,無年齡維度,0.0,男,遷入,高雄市,10
111,9,6,新店區,,,,無年齡維度,0.0,女,遷出,migrants,439
111,9,6,新店區,,,,無年齡維度,0.0,男,遷出,migrants,406
111,9,6,新店區,,,,無年齡維度,0.0,女,遷出,other,0
111,9,6,新店區,,,,無年齡維度,0.0,男,遷出,other,0
111,9,6,新店區,,,,無年齡維度,0.0,女,遷出,其他縣市,0
111,9,6,新店區,,,,無年齡維度,0.0,男,遷出,其他縣市,0
111,9,6,新店區,,,,無年齡維度,0.0,女,遷出,其他鄉鎮,180
111,9,6,新店區,,,,無年齡維度,0.0,男,遷出,其他鄉鎮,135
111,9,6,新店區,,,,無年齡維度,0.0,女,遷出,合計,609
111,9,6,新店區,,,,無年齡維度,0.0,男,遷出,合計,492
111,9,6,新店區,,,,無年齡維度,0.0,女,遷出,國外,104
111,9,6,新店區,,,,無年齡維度,0.0,男,遷出,國外,93
111,9,6,新店區,,,,無年齡維度,0.0,女,遷出,新北市內,0
111,9,6,新店區,,,,無年齡維度,0.0,男,遷出,新北市內,0
111,9,6,新店區,,,,無年齡維度,0.0,女,遷出,桃園市,36
111,9,6,新店區,,,,無年齡維度,0.0,男,遷出,桃園市,34
111,9,6,新店區,,,,無年齡維度,0.0,女,遷出,福建省,5
111,9,6,新店區,,,,無年齡維度,0.0,男,遷出,福建省,7
111,9,6,新店區,,,,無年齡維度,0.0,女,遷出,臺中市,21
111,9,6,新店區,,,,無年齡維度,0.0,男,遷出,臺中市,16
111,9,6,新店區,,,,無年齡維度,0.0,女,遷出,臺北市,180
111,9,6,新店區,,,,無年齡維度,0.0,男,遷出,臺北市,141
111,9,6,新店區,,,,無年齡維度,0.0,女,遷出,臺南市,6
111,9,6,新店區,,,,無年齡維度,0.0,男,遷出,臺南市,4
111,9,6,新店區,,,,無年齡維度,0.0,女,遷出,臺灣省,62
111,9,6,新店區,,,,無年齡維度,0.0,男,遷出,臺灣省,47
111,9,6,新店區,,,,無年齡維度,0.0,女,遷出,高雄市,15
111,9,6,新店區,,,,無年齡維度,0.0,男,遷出,高雄市,15
111,9,7,土城區,,,,無年齡維度,0.0,女,遷入,migrants,203
111,9,7,土城區,,,,無年齡維度,0.0,男,遷入,migrants,166
111,9,7,土城區,,,,無年齡維度,0.0,女,遷入,other,0
111,9,7,土城區,,,,無年齡維度,0.0,男,遷入,other,0
111,9,7,土城區,,,,無年齡維度,0.0,女,遷入,其他縣市,0
111,9,7,土城區,,,,無年齡維度,0.0,男,遷入,其他縣市,0
111,9,7,土城區,,,,無年齡維度,0.0,女,遷入,其他鄉鎮,174
111,9,7,土城區,,,,無年齡維度,0.0,男,遷入,其他鄉鎮,134
111,9,7,土城區,,,,無年齡維度,0.0,女,遷入,合計,315
111,9,7,土城區,,,,無年齡維度,0.0,男,遷入,合計,278
111,9,7,土城區,,,,無年齡維度,0.0,女,遷入,國外,45
111,9,7,土城區,,,,無年齡維度,0.0,男,遷入,國外,54
111,9,7,土城區,,,,無年齡維度,0.0,女,遷入,新北市內,0
111,9,7,土城區,,,,無年齡維度,0.0,男,遷入,新北市內,0
111,9,7,土城區,,,,無年齡維度,0.0,女,遷入,桃園市,21
111,9,7,土城區,,,,無年齡維度,0.0,男,遷入,桃園市,21
111,9,7,土城區,,,,無年齡維度,0.0,女,遷入,福建省,1
111,9,7,土城區,,,,無年齡維度,0.0,男,遷入,福建省,1
111,9,7,土城區,,,,無年齡維度,0.0,女,遷入,臺中市,3
111,9,7,土城區,,,,無年齡維度,0.0,男,遷入,臺中市,1
111,9,7,土城區,,,,無年齡維度,0.0,女,遷入,臺北市,27
111,9,7,土城區,,,,無年齡維度,0.0,男,遷入,臺北市,37
111,9,7,土城區,,,,無年齡維度,0.0,女,遷入,臺南市,3
111,9,7,土城區,,,,無年齡維度,0.0,男,遷入,臺南市,2
111,9,7,土城區,,,,無年齡維度,0.0,女,遷入,臺灣省,31
111,9,7,土城區,,,,無年齡維度,0.0,男,遷入,臺灣省,21
111,9,7,土城區,,,,無年齡維度,0.0,女,遷入,高雄市,6
111,9,7,土城區,,,,無年齡維度,0.0,男,遷入,高雄市,4
111,9,7,土城區,,,,無年齡維度,0.0,女,遷出,migrants,203
111,9,7,土城區,,,,無年齡維度,0.0,男,遷出,migrants,166
111,9,7,土城區,,,,無年齡維度,0.0,女,遷出,other,0
111,9,7,土城區,,,,無年齡維度,0.0,男,遷出,other,0
111,9,7,土城區,,,,無年齡維度,0.0,女,遷出,其他縣市,0
111,9,7,土城區,,,,無年齡維度,0.0,男,遷出,其他縣市,0
111,9,7,土城區,,,,無年齡維度,0.0,女,遷出,其他鄉鎮,185
111,9,7,土城區,,,,無年齡維度,0.0,男,遷出,其他鄉鎮,131
111,9,7,土城區,,,,無年齡維度,0.0,女,遷出,合計,350
111,9,7,土城區,,,,無年齡維度,0.0,男,遷出,合計,284
111,9,7,土城區,,,,無年齡維度,0.0,女,遷出,國外,33
111,9,7,土城區,,,,無年齡維度,0.0,男,遷出,國外,28
111,9,7,土城區,,,,無年齡維度,0.0,女,遷出,新北市內,0
111,9,7,土城區,,,,無年齡維度,0.0,男,遷出,新北市內,0
111,9,7,土城區,,,,無年齡維度,0.0,女,遷出,桃園市,58
111,9,7,土城區,,,,無年齡維度,0.0,男,遷出,桃園市,55
111,9,7,土城區,,,,無年齡維度,0.0,女,遷出,福建省,4
111,9,7,土城區,,,,無年齡維度,0.0,男,遷出,福建省,3
111,9,7,土城區,,,,無年齡維度,0.0,女,遷出,臺中市,12
111,9,7,土城區,,,,無年齡維度,0.0,男,遷出,臺中市,9
111,9,7,土城區,,,,無年齡維度,0.0,女,遷出,臺北市,25
111,9,7,土城區,,,,無年齡維度,0.0,男,遷出,臺北市,19
111,9,7,土城區,,,,無年齡維度,0.0,女,遷出,臺南市,2
111,9,7,土城區,,,,無年齡維度,0.0,男,遷出,臺南市,5
111,9,7,土城區,,,,無年齡維度,0.0,女,遷出,臺灣省,25
111,9,7,土城區,,,,無年齡維度,0.0,男,遷出,臺灣省,28
111,9,7,土城區,,,,無年齡維度,0.0,女,遷出,高雄市,6
111,9,7,土城區,,,,無年齡維度,0.0,男,遷出,高雄市,6
111,9,8,蘆洲區,,,,無年齡維度,0.0,女,遷入,migrants,109
111,9,8,蘆洲區,,,,無年齡維度,0.0,男,遷入,migrants,94
111,9,8,蘆洲區,,,,無年齡維度,0.0,女,遷入,other,0
111,9,8,蘆洲區,,,,無年齡維度,0.0,男,遷入,other,0
111,9,8,蘆洲區,,,,無年齡維度,0.0,女,遷入,其他縣市,0
111,9,8,蘆洲區,,,,無年齡維度,0.0,男,遷入,其他縣市,0
111,9,8,蘆洲區,,,,無年齡維度,0.0,女,遷入,其他鄉鎮,55
111,9,8,蘆洲區,,,,無年齡維度,0.0,男,遷入,其他鄉鎮,43
111,9,8,蘆洲區,,,,無年齡維度,0.0,女,遷入,合計,164
111,9,8,蘆洲區,,,,無年齡維度,0.0,男,遷入,合計,137
111,9,8,蘆洲區,,,,無年齡維度,0.0,女,遷入,國外,23
111,9,8,蘆洲區,,,,無年齡維度,0.0,男,遷入,國外,11
111,9,8,蘆洲區,,,,無年齡維度,0.0,女,遷入,新北市內,0
111,9,8,蘆洲區,,,,無年齡維度,0.0,男,遷入,新北市內,0
111,9,8,蘆洲區,,,,無年齡維度,0.0,女,遷入,桃園市,55
111,9,8,蘆洲區,,,,無年齡維度,0.0,男,遷入,桃園市,49
111,9,8,蘆洲區,,,,無年齡維度,0.0,女,遷入,福建省,1
111,9,8,蘆洲區,,,,無年齡維度,0.0,男,遷入,福建省,1
111,9,8,蘆洲區,,,,無年齡維度,0.0,女,遷入,臺中市,3
111,9,8,蘆洲區,,,,無年齡維度,0.0,男,遷入,臺中市,2
111,9,8,蘆洲區,,,,無年齡維度,0.0,女,遷入,臺北市,9
111,9,8,蘆洲區,,,,無年齡維度,0.0,男,遷入,臺北市,12
111,9,8,蘆洲區,,,,無年齡維度,0.0,女,遷入,臺南市,2
111,9,8,蘆洲區,,,,無年齡維度,0.0,男,遷入,臺南市,2
111,9,8,蘆洲區,,,,無年齡維度,0.0,女,遷入,臺灣省,14
111,9,8,蘆洲區,,,,無年齡維度,0.0,男,遷入,臺灣省,12
111,9,8,蘆洲區,,,,無年齡維度,0.0,女,遷入,高雄市,1
111,9,8,蘆洲區,,,,無年齡維度,0.0,男,遷入,高雄市,2
111,9,8,蘆洲區,,,,無年齡維度,0.0,女,遷出,migrants,109
111,9,8,蘆洲區,,,,無年齡維度,0.0,男,遷出,migrants,94
111,9,8,蘆洲區,,,,無年齡維度,0.0,女,遷出,other,0
111,9,8,蘆洲區,,,,無年齡維度,0.0,男,遷出,other,0
111,9,8,蘆洲區,,,,無年齡維度,0.0,女,遷出,其他縣市,0
111,9,8,蘆洲區,,,,無年齡維度,0.0,男,遷出,其他縣市,0
111,9,8,蘆洲區,,,,無年齡維度,0.0,女,遷出,其他鄉鎮,37
111,9,8,蘆洲區,,,,無年齡維度,0.0,男,遷出,其他鄉鎮,15
111,9,8,蘆洲區,,,,無年齡維度,0.0,女,遷出,合計,145
111,9,8,蘆洲區,,,,無年齡維度,0.0,男,遷出,合計,104
111,9,8,蘆洲區,,,,無年齡維度,0.0,女,遷出,國外,16
111,9,8,蘆洲區,,,,無年齡維度,0.0,男,遷出,國外,5
111,9,8,蘆洲區,,,,無年齡維度,0.0,女,遷出,新北市內,0
111,9,8,蘆洲區,,,,無年齡維度,0.0,男,遷出,新北市內,0
111,9,8,蘆洲區,,,,無年齡維度,0.0,女,遷出,桃園市,58
111,9,8,蘆洲區,,,,無年齡維度,0.0,男,遷出,桃園市,55
111,9,8,蘆洲區,,,,無年齡維度,0.0,女,遷出,福建省,1
111,9,8,蘆洲區,,,,無年齡維度,0.0,男,遷出,福建省,2
111,9,8,蘆洲區,,,,無年齡維度,0.0,女,遷出,臺中市,4
111,9,8,蘆洲區,,,,無年齡維度,0.0,男,遷出,臺中市,4
111,9,8,蘆洲區,,,,無年齡維度,0.0,女,遷出,臺北市,11
111,9,8,蘆洲區,,,,無年齡維度,0.0,男,遷出,臺北市,4
111,9,8,蘆洲區,,,,無年齡維度,0.0,女,遷出,臺南市,1
111,9,8,蘆洲區,,,,無年齡維度,0.0,男,遷出,臺南市,1
111,9,8,蘆洲區,,,,無年齡維度,0.0,女,遷出,臺灣省,13
111,9,8,蘆洲區,,,,無年齡維度,0.0,男,遷出,臺灣省,17
111,9,8,蘆洲區,,,,無年齡維度,0.0,女,遷出,高雄市,4
111,9,8,蘆洲區,,,,無年齡維度,0.0,男,遷出,高雄市,1
111,9,9,樹林區,,,,無年齡維度,0.0,女,遷入,migrants,139
111,9,9,樹林區,,,,無年齡維度,0.0,男,遷入,migrants,108
111,9,9,樹林區,,,,無年齡維度,0.0,女,遷入,other,0
111,9,9,樹林區,,,,無年齡維度,0.0,男,遷入,other,0
111,9,9,樹林區,,,,無年齡維度,0.0,女,遷入,其他縣市,0
111,9,9,樹林區,,,,無年齡維度,0.0,男,遷入,其他縣市,0
111,9,9,樹林區,,,,無年齡維度,0.0,女,遷入,其他鄉鎮,110
111,9,9,樹林區,,,,無年齡維度,0.0,男,遷入,其他鄉鎮,81
111,9,9,樹林區,,,,無年齡維度,0.0,女,遷入,合計,228
111,9,9,樹林區,,,,無年齡維度,0.0,男,遷入,合計,185
111,9,9,樹林區,,,,無年齡維度,0.0,女,遷入,國外,37
111,9,9,樹林區,,,,無年齡維度,0.0,男,遷入,國外,39
111,9,9,樹林區,,,,無年齡維度,0.0,女,遷入,新北市內,0
111,9,9,樹林區,,,,無年齡維度,0.0,男,遷入,新北市內,0
111,9,9,樹林區,,,,無年齡維度,0.0,女,遷入,桃園市,12
111,9,9,樹林區,,,,無年齡維度,0.0,男,遷入,桃園市,9
111,9,9,樹林區,,,,無年齡維度,0.0,女,遷入,福建省,1
111,9,9,樹林區,,,,無年齡維度,0.0,男,遷入,福建省,2
111,9,9,樹林區,,,,無年齡維度,0.0,女,遷入,臺中市,5
111,9,9,樹林區,,,,無年齡維度,0.0,男,遷入,臺中市,7
111,9,9,樹林區,,,,無年齡維度,0.0,女,遷入,臺北市,35
111,9,9,樹林區,,,,無年齡維度,0.0,男,遷入,臺北市,31
111,9,9,樹林區,,,,無年齡維度,0.0,女,遷入,臺南市,4
111,9,9,樹林區,,,,無年齡維度,0.0,男,遷入,臺南市,1
111,9,9,樹林區,,,,無年齡維度,0.0,女,遷入,臺灣省,19
111,9,9,樹林區,,,,無年齡維度,0.0,男,遷入,臺灣省,14
111,9,9,樹林區,,,,無年齡維度,0.0,女,遷入,高雄市,3
111,9,9,樹林區,,,,無年齡維度,0.0,男,遷入,高雄市,0
111,9,9,樹林區,,,,無年齡維度,0.0,女,遷出,migrants,139
111,9,9,樹林區,,,,無年齡維度,0.0,男,遷出,migrants,108
111,9,9,樹林區,,,,無年齡維度,0.0,女,遷出,other,0
111,9,9,樹林區,,,,無年齡維度,0.0,男,遷出,other,0
111,9,9,樹林區,,,,無年齡維度,0.0,女,遷出,其他縣市,0
111,9,9,樹林區,,,,無年齡維度,0.0,男,遷出,其他縣市,0
111,9,9,樹林區,,,,無年齡維度,0.0,女,遷出,其他鄉鎮,82
111,9,9,樹林區,,,,無年齡維度,0.0,男,遷出,其他鄉鎮,56
111,9,9,樹林區,,,,無年齡維度,0.0,女,遷出,合計,203
111,9,9,樹林區,,,,無年齡維度,0.0,男,遷出,合計,174
111,9,9,樹林區,,,,無年齡維度,0.0,女,遷出,國外,19
111,9,9,樹林區,,,,無年齡維度,0.0,男,遷出,國外,19
111,9,9,樹林區,,,,無年齡維度,0.0,女,遷出,新北市內,0
111,9,9,樹林區,,,,無年齡維度,0.0,男,遷出,新北市內,0
111,9,9,樹林區,,,,無年齡維度,0.0,女,遷出,桃園市,46
111,9,9,樹林區,,,,無年齡維度,0.0,男,遷出,桃園市,40
111,9,9,樹林區,,,,無年齡維度,0.0,女,遷出,福建省,1
111,9,9,樹林區,,,,無年齡維度,0.0,男,遷出,福建省,3
111,9,9,樹林區,,,,無年齡維度,0.0,女,遷出,臺中市,2
111,9,9,樹林區,,,,無年齡維度,0.0,男,遷出,臺中市,6
111,9,9,樹林區,,,,無年齡維度,0.0,女,遷出,臺北市,22
111,9,9,樹林區,,,,無年齡維度,0.0,男,遷出,臺北市,16
111,9,9,樹林區,,,,無年齡維度,0.0,女,遷出,臺南市,1
111,9,9,樹林區,,,,無年齡維度,0.0,男,遷出,臺南市,3
111,9,9,樹林區,,,,無年齡維度,0.0,女,遷出,臺灣省,24
111,9,9,樹林區,,,,無年齡維度,0.0,男,遷出,臺灣省,24
111,9,9,樹林區,,,,無年齡維度,0.0,女,遷出,高雄市,6
111,9,9,樹林區,,,,無年齡維度,0.0,男,遷出,高雄市,7
111,9,10,鶯歌區,,,,無年齡維度,0.0,女,遷入,migrants,412
111,9,10,鶯歌區,,,,無年齡維度,0.0,男,遷入,migrants,367
111,9,10,鶯歌區,,,,無年齡維度,0.0,女,遷入,other,0
111,9,10,鶯歌區,,,,無年齡維度,0.0,男,遷入,other,0
111,9,10,鶯歌區,,,,無年齡維度,0.0,女,遷入,其他縣市,0
111,9,10,鶯歌區,,,,無年齡維度,0.0,男,遷入,其他縣市,0
111,9,10,鶯歌區,,,,無年齡維度,0.0,女,遷入,其他鄉鎮,165
111,9,10,鶯歌區,,,,無年齡維度,0.0,男,遷入,其他鄉鎮,124
111,9,10,鶯歌區,,,,無年齡維度,0.0,女,遷入,合計,649
111,9,10,鶯歌區,,,,無年齡維度,0.0,男,遷入,合計,544
111,9,10,鶯歌區,,,,無年齡維度,0.0,女,遷入,國外,161
111,9,10,鶯歌區,,,,無年齡維度,0.0,男,遷入,國外,120
111,9,10,鶯歌區,,,,無年齡維度,0.0,女,遷入,新北市內,0
111,9,10,鶯歌區,,,,無年齡維度,0.0,男,遷入,新北市內,0
111,9,10,鶯歌區,,,,無年齡維度,0.0,女,遷入,桃園市,21
111,9,10,鶯歌區,,,,無年齡維度,0.0,男,遷入,桃園市,9
111,9,10,鶯歌區,,,,無年齡維度,0.0,女,遷入,福建省,1
111,9,10,鶯歌區,,,,無年齡維度,0.0,男,遷入,福建省,5
111,9,10,鶯歌區,,,,無年齡維度,0.0,女,遷入,臺中市,11
111,9,10,鶯歌區,,,,無年齡維度,0.0,男,遷入,臺中市,10
111,9,10,鶯歌區,,,,無年齡維度,0.0,女,遷入,臺北市,228
111,9,10,鶯歌區,,,,無年齡維度,0.0,男,遷入,臺北市,202
111,9,10,鶯歌區,,,,無年齡維度,0.0,女,遷入,臺南市,8
111,9,10,鶯歌區,,,,無年齡維度,0.0,男,遷入,臺南市,9
111,9,10,鶯歌區,,,,無年齡維度,0.0,女,遷入,臺灣省,38
111,9,10,鶯歌區,,,,無年齡維度,0.0,男,遷入,臺灣省,48
111,9,10,鶯歌區,,,,無年齡維度,0.0,女,遷入,高雄市,7
111,9,10,鶯歌區,,,,無年齡維度,0.0,男,遷入,高雄市,12
111,9,10,鶯歌區,,,,無年齡維度,0.0,女,遷出,migrants,412
111,9,10,鶯歌區,,,,無年齡維度,0.0,男,遷出,migrants,367
111,9,10,鶯歌區,,,,無年齡維度,0.0,女,遷出,other,0
111,9,10,鶯歌區,,,,無年齡維度,0.0,男,遷出,other,0
111,9,10,鶯歌區,,,,無年齡維度,0.0,女,遷出,其他縣市,0
111,9,10,鶯歌區,,,,無年齡維度,0.0,男,遷出,其他縣市,0
111,9,10,鶯歌區,,,,無年齡維度,0.0,女,遷出,其他鄉鎮,104
111,9,10,鶯歌區,,,,無年齡維度,0.0,男,遷出,其他鄉鎮,69
111,9,10,鶯歌區,,,,無年齡維度,0.0,女,遷出,合計,379
111,9,10,鶯歌區,,,,無年齡維度,0.0,男,遷出,合計,293
111,9,10,鶯歌區,,,,無年齡維度,0.0,女,遷出,國外,60
111,9,10,鶯歌區,,,,無年齡維度,0.0,男,遷出,國外,57
111,9,10,鶯歌區,,,,無年齡維度,0.0,女,遷出,新北市內,0
111,9,10,鶯歌區,,,,無年齡維度,0.0,男,遷出,新北市內,0
111,9,10,鶯歌區,,,,無年齡維度,0.0,女,遷出,桃園市,18
111,9,10,鶯歌區,,,,無年齡維度,0.0,男,遷出,桃園市,15
111,9,10,鶯歌區,,,,無年齡維度,0.0,女,遷出,福建省,2
111,9,10,鶯歌區,,,,無年齡維度,0.0,男,遷出,福建省,4
111,9,10,鶯歌區,,,,無年齡維度,0.0,女,遷出,臺中市,18
111,9,10,鶯歌區,,,,無年齡維度,0.0,男,遷出,臺中市,6
111,9,10,鶯歌區,,,,無年齡維度,0.0,女,遷出,臺北市,133
111,9,10,鶯歌區,,,,無年齡維度,0.0,男,遷出,臺北市,106
111,9,10,鶯歌區,,,,無年齡維度,0.0,女,遷出,臺南市,3
111,9,10,鶯歌區,,,,無年齡維度,0.0,男,遷出,臺南市,6
111,9,10,鶯歌區,,,,無年齡維度,0.0,女,遷出,臺灣省,31
111,9,10,鶯歌區,,,,無年齡維度,0.0,男,遷出,臺灣省,23
111,9,10,鶯歌區,,,,無年齡維度,0.0,女,遷出,高雄市,10
111,9,10,鶯歌區,,,,無年齡維度,0.0,男,遷出,高雄市,7
111,9,11,三峽區,,,,無年齡維度,0.0,女,遷入,migrants,321
111,9,11,三峽區,,,,無年齡維度,0.0,男,遷入,migrants,265
111,9,11,三峽區,,,,無年齡維度,0.0,女,遷入,other,0
111,9,11,三峽區,,,,無年齡維度,0.0,男,遷入,other,0
111,9,11,三峽區,,,,無年齡維度,0.0,女,遷入,其他縣市,0
111,9,11,三峽區,,,,無年齡維度,0.0,男,遷入,其他縣市,0
111,9,11,三峽區,,,,無年齡維度,0.0,女,遷入,其他鄉鎮,63
111,9,11,三峽區,,,,無年齡維度,0.0,男,遷入,其他鄉鎮,44
111,9,11,三峽區,,,,無年齡維度,0.0,女,遷入,合計,535
111,9,11,三峽區,,,,無年齡維度,0.0,男,遷入,合計,495
111,9,11,三峽區,,,,無年齡維度,0.0,女,遷入,國外,98
111,9,11,三峽區,,,,無年齡維度,0.0,男,遷入,國外,91
111,9,11,三峽區,,,,無年齡維度,0.0,女,遷入,新北市內,0
111,9,11,三峽區,,,,無年齡維度,0.0,男,遷入,新北市內,0
111,9,11,三峽區,,,,無年齡維度,0.0,女,遷入,桃園市,26
111,9,11,三峽區,,,,無年齡維度,0.0,男,遷入,桃園市,15
111,9,11,三峽區,,,,無年齡維度,0.0,女,遷入,福建省,1
111,9,11,三峽區,,,,無年齡維度,0.0,男,遷入,福建省,2
111,9,11,三峽區,,,,無年齡維度,0.0,女,遷入,臺中市,17
111,9,11,三峽區,,,,無年齡維度,0.0,男,遷入,臺中市,10
111,9,11,三峽區,,,,無年齡維度,0.0,女,遷入,臺北市,235
111,9,11,三峽區,,,,無年齡維度,0.0,男,遷入,臺北市,259
111,9,11,三峽區,,,,無年齡維度,0.0,女,遷入,臺南市,6
111,9,11,三峽區,,,,無年齡維度,0.0,男,遷入,臺南市,3
111,9,11,三峽區,,,,無年齡維度,0.0,女,遷入,臺灣省,69
111,9,11,三峽區,,,,無年齡維度,0.0,男,遷入,臺灣省,55
111,9,11,三峽區,,,,無年齡維度,0.0,女,遷入,高雄市,13
111,9,11,三峽區,,,,無年齡維度,0.0,男,遷入,高雄市,13
111,9,11,三峽區,,,,無年齡維度,0.0,女,遷出,migrants,321
111,9,11,三峽區,,,,無年齡維度,0.0,男,遷出,migrants,265
111,9,11,三峽區,,,,無年齡維度,0.0,女,遷出,other,0
111,9,11,三峽區,,,,無年齡維度,0.0,男,遷出,other,0
111,9,11,三峽區,,,,無年齡維度,0.0,女,遷出,其他縣市,0
111,9,11,三峽區,,,,無年齡維度,0.0,男,遷出,其他縣市,0
111,9,11,三峽區,,,,無年齡維度,0.0,女,遷出,其他鄉鎮,71
111,9,11,三峽區,,,,無年齡維度,0.0,男,遷出,其他鄉鎮,52
111,9,11,三峽區,,,,無年齡維度,0.0,女,遷出,合計,437
111,9,11,三峽區,,,,無年齡維度,0.0,男,遷出,合計,357
111,9,11,三峽區,,,,無年齡維度,0.0,女,遷出,國外,54
111,9,11,三峽區,,,,無年齡維度,0.0,男,遷出,國外,34
111,9,11,三峽區,,,,無年齡維度,0.0,女,遷出,新北市內,0
111,9,11,三峽區,,,,無年齡維度,0.0,男,遷出,新北市內,0
111,9,11,三峽區,,,,無年齡維度,0.0,女,遷出,桃園市,35
111,9,11,三峽區,,,,無年齡維度,0.0,男,遷出,桃園市,41
111,9,11,三峽區,,,,無年齡維度,0.0,女,遷出,福建省,6
111,9,11,三峽區,,,,無年齡維度,0.0,男,遷出,福建省,5
111,9,11,三峽區,,,,無年齡維度,0.0,女,遷出,臺中市,9
111,9,11,三峽區,,,,無年齡維度,0.0,男,遷出,臺中市,8
111,9,11,三峽區,,,,無年齡維度,0.0,女,遷出,臺北市,174
111,9,11,三峽區,,,,無年齡維度,0.0,男,遷出,臺北市,134
111,9,11,三峽區,,,,無年齡維度,0.0,女,遷出,臺南市,5
111,9,11,三峽區,,,,無年齡維度,0.0,男,遷出,臺南市,3
111,9,11,三峽區,,,,無年齡維度,0.0,女,遷出,臺灣省,71
111,9,11,三峽區,,,,無年齡維度,0.0,男,遷出,臺灣省,70
111,9,11,三峽區,,,,無年齡維度,0.0,女,遷出,高雄市,11
111,9,11,三峽區,,,,無年齡維度,0.0,男,遷出,高雄市,10
111,9,12,淡水區,,,,無年齡維度,0.0,女,遷入,migrants,22
111,9,12,淡水區,,,,無年齡維度,0.0,男,遷入,migrants,30
111,9,12,淡水區,,,,無年齡維度,0.0,女,遷入,other,0
111,9,12,淡水區,,,,無年齡維度,0.0,男,遷入,other,0
111,9,12,淡水區,,,,無年齡維度,0.0,女,遷入,其他縣市,0
111,9,12,淡水區,,,,無年齡維度,0.0,男,遷入,其他縣市,0
111,9,12,淡水區,,,,無年齡維度,0.0,女,遷入,其他鄉鎮,8
111,9,12,淡水區,,,,無年齡維度,0.0,男,遷入,其他鄉鎮,5
111,9,12,淡水區,,,,無年齡維度,0.0,女,遷入,合計,47
111,9,12,淡水區,,,,無年齡維度,0.0,男,遷入,合計,29
111,9,12,淡水區,,,,無年齡維度,0.0,女,遷入,國外,8
111,9,12,淡水區,,,,無年齡維度,0.0,男,遷入,國外,7
111,9,12,淡水區,,,,無年齡維度,0.0,女,遷入,新北市內,0
111,9,12,淡水區,,,,無年齡維度,0.0,男,遷入,新北市內,0
111,9,12,淡水區,,,,無年齡維度,0.0,女,遷入,桃園市,4
111,9,12,淡水區,,,,無年齡維度,0.0,男,遷入,桃園市,1
111,9,12,淡水區,,,,無年齡維度,0.0,女,遷入,福建省,0
111,9,12,淡水區,,,,無年齡維度,0.0,男,遷入,福建省,2
111,9,12,淡水區,,,,無年齡維度,0.0,女,遷入,臺中市,0
111,9,12,淡水區,,,,無年齡維度,0.0,男,遷入,臺中市,0
111,9,12,淡水區,,,,無年齡維度,0.0,女,遷入,臺北市,3
111,9,12,淡水區,,,,無年齡維度,0.0,男,遷入,臺北市,2
111,9,12,淡水區,,,,無年齡維度,0.0,女,遷入,臺南市,0
111,9,12,淡水區,,,,無年齡維度,0.0,男,遷入,臺南市,0
111,9,12,淡水區,,,,無年齡維度,0.0,女,遷入,臺灣省,22
111,9,12,淡水區,,,,無年齡維度,0.0,男,遷入,臺灣省,11
111,9,12,淡水區,,,,無年齡維度,0.0,女,遷入,高雄市,2
111,9,12,淡水區,,,,無年齡維度,0.0,男,遷入,高雄市,0
111,9,12,淡水區,,,,無年齡維度,0.0,女,遷出,migrants,22
111,9,12,淡水區,,,,無年齡維度,0.0,男,遷出,migrants,30
111,9,12,淡水區,,,,無年齡維度,0.0,女,遷出,other,0
111,9,12,淡水區,,,,無年齡維度,0.0,男,遷出,other,0
111,9,12,淡水區,,,,無年齡維度,0.0,女,遷出,其他縣市,0
111,9,12,淡水區,,,,無年齡維度,0.0,男,遷出,其他縣市,0
111,9,12,淡水區,,,,無年齡維度,0.0,女,遷出,其他鄉鎮,9
111,9,12,淡水區,,,,無年齡維度,0.0,男,遷出,其他鄉鎮,6
111,9,12,淡水區,,,,無年齡維度,0.0,女,遷出,合計,52
111,9,12,淡水區,,,,無年齡維度,0.0,男,遷出,合計,47
111,9,12,淡水區,,,,無年齡維度,0.0,女,遷出,國外,3
111,9,12,淡水區,,,,無年齡維度,0.0,男,遷出,國外,2
111,9,12,淡水區,,,,無年齡維度,0.0,女,遷出,新北市內,0
111,9,12,淡水區,,,,無年齡維度,0.0,男,遷出,新北市內,0
111,9,12,淡水區,,,,無年齡維度,0.0,女,遷出,桃園市,7
111,9,12,淡水區,,,,無年齡維度,0.0,男,遷出,桃園市,3
111,9,12,淡水區,,,,無年齡維度,0.0,女,遷出,福建省,0
111,9,12,淡水區,,,,無年齡維度,0.0,男,遷出,福建省,1
111,9,12,淡水區,,,,無年齡維度,0.0,女,遷出,臺中市,2
111,9,12,淡水區,,,,無年齡維度,0.0,男,遷出,臺中市,4
111,9,12,淡水區,,,,無年齡維度,0.0,女,遷出,臺北市,3
111,9,12,淡水區,,,,無年齡維度,0.0,男,遷出,臺北市,8
111,9,12,淡水區,,,,無年齡維度,0.0,女,遷出,臺南市,0
111,9,12,淡水區,,,,無年齡維度,0.0,男,遷出,臺南市,3
111,9,12,淡水區,,,,無年齡維度,0.0,女,遷出,臺灣省,26
111,9,12,淡水區,,,,無年齡維度,0.0,男,遷出,臺灣省,20
111,9,12,淡水區,,,,無年齡維度,0.0,女,遷出,高雄市,1
111,9,12,淡水區,,,,無年齡維度,0.0,男,遷出,高雄市,0
111,9,13,汐止區,,,,無年齡維度,0.0,女,遷入,migrants,390
111,9,13,汐止區,,,,無年齡維度,0.0,男,遷入,migrants,329
111,9,13,汐止區,,,,無年齡維度,0.0,女,遷入,other,0
111,9,13,汐止區,,,,無年齡維度,0.0,男,遷入,other,0
111,9,13,汐止區,,,,無年齡維度,0.0,女,遷入,其他縣市,0
111,9,13,汐止區,,,,無年齡維度,0.0,男,遷入,其他縣市,0
111,9,13,汐止區,,,,無年齡維度,0.0,女,遷入,其他鄉鎮,269
111,9,13,汐止區,,,,無年齡維度,0.0,男,遷入,其他鄉鎮,217
111,9,13,汐止區,,,,無年齡維度,0.0,女,遷入,合計,511
111,9,13,汐止區,,,,無年齡維度,0.0,男,遷入,合計,425
111,9,13,汐止區,,,,無年齡維度,0.0,女,遷入,國外,75
111,9,13,汐止區,,,,無年齡維度,0.0,男,遷入,國外,59
111,9,13,汐止區,,,,無年齡維度,0.0,女,遷入,新北市內,0
111,9,13,汐止區,,,,無年齡維度,0.0,男,遷入,新北市內,0
111,9,13,汐止區,,,,無年齡維度,0.0,女,遷入,桃園市,25
111,9,13,汐止區,,,,無年齡維度,0.0,男,遷入,桃園市,25
111,9,13,汐止區,,,,無年齡維度,0.0,女,遷入,福建省,2
111,9,13,汐止區,,,,無年齡維度,0.0,男,遷入,福建省,5
111,9,13,汐止區,,,,無年齡維度,0.0,女,遷入,臺中市,6
111,9,13,汐止區,,,,無年齡維度,0.0,男,遷入,臺中市,12
111,9,13,汐止區,,,,無年齡維度,0.0,女,遷入,臺北市,71
111,9,13,汐止區,,,,無年齡維度,0.0,男,遷入,臺北市,56
111,9,13,汐止區,,,,無年齡維度,0.0,女,遷入,臺南市,6
111,9,13,汐止區,,,,無年齡維度,0.0,男,遷入,臺南市,7
111,9,13,汐止區,,,,無年齡維度,0.0,女,遷入,臺灣省,48
111,9,13,汐止區,,,,無年齡維度,0.0,男,遷入,臺灣省,37
111,9,13,汐止區,,,,無年齡維度,0.0,女,遷入,高雄市,5
111,9,13,汐止區,,,,無年齡維度,0.0,男,遷入,高雄市,6
111,9,13,汐止區,,,,無年齡維度,0.0,女,遷出,migrants,390
111,9,13,汐止區,,,,無年齡維度,0.0,男,遷出,migrants,329
111,9,13,汐止區,,,,無年齡維度,0.0,女,遷出,other,0
111,9,13,汐止區,,,,無年齡維度,0.0,男,遷出,other,0
111,9,13,汐止區,,,,無年齡維度,0.0,女,遷出,其他縣市,0
111,9,13,汐止區,,,,無年齡維度,0.0,男,遷出,其他縣市,0
111,9,13,汐止區,,,,無年齡維度,0.0,女,遷出,其他鄉鎮,213
111,9,13,汐止區,,,,無年齡維度,0.0,男,遷出,其他鄉鎮,156
111,9,13,汐止區,,,,無年齡維度,0.0,女,遷出,合計,436
111,9,13,汐止區,,,,無年齡維度,0.0,男,遷出,合計,355
111,9,13,汐止區,,,,無年齡維度,0.0,女,遷出,國外,28
111,9,13,汐止區,,,,無年齡維度,0.0,男,遷出,國外,37
111,9,13,汐止區,,,,無年齡維度,0.0,女,遷出,新北市內,0
111,9,13,汐止區,,,,無年齡維度,0.0,男,遷出,新北市內,0
111,9,13,汐止區,,,,無年齡維度,0.0,女,遷出,桃園市,60
111,9,13,汐止區,,,,無年齡維度,0.0,男,遷出,桃園市,53
111,9,13,汐止區,,,,無年齡維度,0.0,女,遷出,福建省,6
111,9,13,汐止區,,,,無年齡維度,0.0,男,遷出,福建省,6
111,9,13,汐止區,,,,無年齡維度,0.0,女,遷出,臺中市,11
111,9,13,汐止區,,,,無年齡維度,0.0,男,遷出,臺中市,4
111,9,13,汐止區,,,,無年齡維度,0.0,女,遷出,臺北市,51
111,9,13,汐止區,,,,無年齡維度,0.0,男,遷出,臺北市,37
111,9,13,汐止區,,,,無年齡維度,0.0,女,遷出,臺南市,9
111,9,13,汐止區,,,,無年齡維度,0.0,男,遷出,臺南市,3
111,9,13,汐止區,,,,無年齡維度,0.0,女,遷出,臺灣省,49
111,9,13,汐止區,,,,無年齡維度,0.0,男,遷出,臺灣省,54
111,9,13,汐止區,,,,無年齡維度,0.0,女,遷出,高雄市,9
111,9,13,汐止區,,,,無年齡維度,0.0,男,遷出,高雄市,5
111,9,14,瑞芳區,,,,無年齡維度,0.0,女,遷入,migrants,255
111,9,14,瑞芳區,,,,無年齡維度,0.0,男,遷入,migrants,225
111,9,14,瑞芳區,,,,無年齡維度,0.0,女,遷入,other,0
111,9,14,瑞芳區,,,,無年齡維度,0.0,男,遷入,other,0
111,9,14,瑞芳區,,,,無年齡維度,0.0,女,遷入,其他縣市,0
111,9,14,瑞芳區,,,,無年齡維度,0.0,男,遷入,其他縣市,0
111,9,14,瑞芳區,,,,無年齡維度,0.0,女,遷入,其他鄉鎮,180
111,9,14,瑞芳區,,,,無年齡維度,0.0,男,遷入,其他鄉鎮,134
111,9,14,瑞芳區,,,,無年齡維度,0.0,女,遷入,合計,420
111,9,14,瑞芳區,,,,無年齡維度,0.0,男,遷入,合計,328
111,9,14,瑞芳區,,,,無年齡維度,0.0,女,遷入,國外,59
111,9,14,瑞芳區,,,,無年齡維度,0.0,男,遷入,國外,40
111,9,14,瑞芳區,,,,無年齡維度,0.0,女,遷入,新北市內,0
111,9,14,瑞芳區,,,,無年齡維度,0.0,男,遷入,新北市內,0
111,9,14,瑞芳區,,,,無年齡維度,0.0,女,遷入,桃園市,22
111,9,14,瑞芳區,,,,無年齡維度,0.0,男,遷入,桃園市,14
111,9,14,瑞芳區,,,,無年齡維度,0.0,女,遷入,福建省,1
111,9,14,瑞芳區,,,,無年齡維度,0.0,男,遷入,福建省,0
111,9,14,瑞芳區,,,,無年齡維度,0.0,女,遷入,臺中市,7
111,9,14,瑞芳區,,,,無年齡維度,0.0,男,遷入,臺中市,3
111,9,14,瑞芳區,,,,無年齡維度,0.0,女,遷入,臺北市,106
111,9,14,瑞芳區,,,,無年齡維度,0.0,男,遷入,臺北市,98
111,9,14,瑞芳區,,,,無年齡維度,0.0,女,遷入,臺南市,4
111,9,14,瑞芳區,,,,無年齡維度,0.0,男,遷入,臺南市,3
111,9,14,瑞芳區,,,,無年齡維度,0.0,女,遷入,臺灣省,31
111,9,14,瑞芳區,,,,無年齡維度,0.0,男,遷入,臺灣省,30
111,9,14,瑞芳區,,,,無年齡維度,0.0,女,遷入,高雄市,7
111,9,14,瑞芳區,,,,無年齡維度,0.0,男,遷入,高雄市,3
111,9,14,瑞芳區,,,,無年齡維度,0.0,女,遷出,migrants,255
111,9,14,瑞芳區,,,,無年齡維度,0.0,男,遷出,migrants,225
111,9,14,瑞芳區,,,,無年齡維度,0.0,女,遷出,other,0
111,9,14,瑞芳區,,,,無年齡維度,0.0,男,遷出,other,0
111,9,14,瑞芳區,,,,無年齡維度,0.0,女,遷出,其他縣市,0
111,9,14,瑞芳區,,,,無年齡維度,0.0,男,遷出,其他縣市,0
111,9,14,瑞芳區,,,,無年齡維度,0.0,女,遷出,其他鄉鎮,250
111,9,14,瑞芳區,,,,無年齡維度,0.0,男,遷出,其他鄉鎮,177
111,9,14,瑞芳區,,,,無年齡維度,0.0,女,遷出,合計,434
111,9,14,瑞芳區,,,,無年齡維度,0.0,男,遷出,合計,356
111,9,14,瑞芳區,,,,無年齡維度,0.0,女,遷出,國外,21
111,9,14,瑞芳區,,,,無年齡維度,0.0,男,遷出,國外,26
111,9,14,瑞芳區,,,,無年齡維度,0.0,女,遷出,新北市內,0
111,9,14,瑞芳區,,,,無年齡維度,0.0,男,遷出,新北市內,0
111,9,14,瑞芳區,,,,無年齡維度,0.0,女,遷出,桃園市,31
111,9,14,瑞芳區,,,,無年齡維度,0.0,男,遷出,桃園市,29
111,9,14,瑞芳區,,,,無年齡維度,0.0,女,遷出,福建省,4
111,9,14,瑞芳區,,,,無年齡維度,0.0,男,遷出,福建省,5
111,9,14,瑞芳區,,,,無年齡維度,0.0,女,遷出,臺中市,12
111,9,14,瑞芳區,,,,無年齡維度,0.0,男,遷出,臺中市,14
111,9,14,瑞芳區,,,,無年齡維度,0.0,女,遷出,臺北市,80
111,9,14,瑞芳區,,,,無年齡維度,0.0,男,遷出,臺北市,70
111,9,14,瑞芳區,,,,無年齡維度,0.0,女,遷出,臺南市,3
111,9,14,瑞芳區,,,,無年齡維度,0.0,男,遷出,臺南市,3
111,9,14,瑞芳區,,,,無年齡維度,0.0,女,遷出,臺灣省,29
111,9,14,瑞芳區,,,,無年齡維度,0.0,男,遷出,臺灣省,30
111,9,14,瑞芳區,,,,無年齡維度,0.0,女,遷出,高雄市,4
111,9,14,瑞芳區,,,,無年齡維度,0.0,男,遷出,高雄市,2
111,9,15,五股區,,,,無年齡維度,0.0,女,遷入,migrants,102
111,9,15,五股區,,,,無年齡維度,0.0,男,遷入,migrants,97
111,9,15,五股區,,,,無年齡維度,0.0,女,遷入,other,0
111,9,15,五股區,,,,無年齡維度,0.0,男,遷入,other,0
111,9,15,五股區,,,,無年齡維度,0.0,女,遷入,其他縣市,0
111,9,15,五股區,,,,無年齡維度,0.0,男,遷入,其他縣市,0
111,9,15,五股區,,,,無年齡維度,0.0,女,遷入,其他鄉鎮,148
111,9,15,五股區,,,,無年齡維度,0.0,男,遷入,其他鄉鎮,144
111,9,15,五股區,,,,無年齡維度,0.0,女,遷入,合計,244
111,9,15,五股區,,,,無年齡維度,0.0,男,遷入,合計,242
111,9,15,五股區,,,,無年齡維度,0.0,女,遷入,國外,15
111,9,15,五股區,,,,無年齡維度,0.0,男,遷入,國外,21
111,9,15,五股區,,,,無年齡維度,0.0,女,遷入,新北市內,0
111,9,15,五股區,,,,無年齡維度,0.0,男,遷入,新北市內,0
111,9,15,五股區,,,,無年齡維度,0.0,女,遷入,桃園市,6
111,9,15,五股區,,,,無年齡維度,0.0,男,遷入,桃園市,9
111,9,15,五股區,,,,無年齡維度,0.0,女,遷入,福建省,2
111,9,15,五股區,,,,無年齡維度,0.0,男,遷入,福建省,1
111,9,15,五股區,,,,無年齡維度,0.0,女,遷入,臺中市,2
111,9,15,五股區,,,,無年齡維度,0.0,男,遷入,臺中市,2
111,9,15,五股區,,,,無年齡維度,0.0,女,遷入,臺北市,47
111,9,15,五股區,,,,無年齡維度,0.0,男,遷入,臺北市,46
111,9,15,五股區,,,,無年齡維度,0.0,女,遷入,臺南市,1
111,9,15,五股區,,,,無年齡維度,0.0,男,遷入,臺南市,1
111,9,15,五股區,,,,無年齡維度,0.0,女,遷入,臺灣省,16
111,9,15,五股區,,,,無年齡維度,0.0,男,遷入,臺灣省,11
111,9,15,五股區,,,,無年齡維度,0.0,女,遷入,高雄市,4
111,9,15,五股區,,,,無年齡維度,0.0,男,遷入,高雄市,5
111,9,15,五股區,,,,無年齡維度,0.0,女,遷出,migrants,102
111,9,15,五股區,,,,無年齡維度,0.0,男,遷出,migrants,97
111,9,15,五股區,,,,無年齡維度,0.0,女,遷出,other,0
111,9,15,五股區,,,,無年齡維度,0.0,男,遷出,other,0
111,9,15,五股區,,,,無年齡維度,0.0,女,遷出,其他縣市,0
111,9,15,五股區,,,,無年齡維度,0.0,男,遷出,其他縣市,0
111,9,15,五股區,,,,無年齡維度,0.0,女,遷出,其他鄉鎮,103
111,9,15,五股區,,,,無年齡維度,0.0,男,遷出,其他鄉鎮,87
111,9,15,五股區,,,,無年齡維度,0.0,女,遷出,合計,191
111,9,15,五股區,,,,無年齡維度,0.0,男,遷出,合計,166
111,9,15,五股區,,,,無年齡維度,0.0,女,遷出,國外,18
111,9,15,五股區,,,,無年齡維度,0.0,男,遷出,國外,23
111,9,15,五股區,,,,無年齡維度,0.0,女,遷出,新北市內,0
111,9,15,五股區,,,,無年齡維度,0.0,男,遷出,新北市內,0
111,9,15,五股區,,,,無年齡維度,0.0,女,遷出,桃園市,23
111,9,15,五股區,,,,無年齡維度,0.0,男,遷出,桃園市,16
111,9,15,五股區,,,,無年齡維度,0.0,女,遷出,福建省,3
111,9,15,五股區,,,,無年齡維度,0.0,男,遷出,福建省,1
111,9,15,五股區,,,,無年齡維度,0.0,女,遷出,臺中市,4
111,9,15,五股區,,,,無年齡維度,0.0,男,遷出,臺中市,2
111,9,15,五股區,,,,無年齡維度,0.0,女,遷出,臺北市,26
111,9,15,五股區,,,,無年齡維度,0.0,男,遷出,臺北市,20
111,9,15,五股區,,,,無年齡維度,0.0,女,遷出,臺南市,2
111,9,15,五股區,,,,無年齡維度,0.0,男,遷出,臺南市,2
111,9,15,五股區,,,,無年齡維度,0.0,女,遷出,臺灣省,10
111,9,15,五股區,,,,無年齡維度,0.0,男,遷出,臺灣省,12
111,9,15,五股區,,,,無年齡維度,0.0,女,遷出,高雄市,2
111,9,15,五股區,,,,無年齡維度,0.0,男,遷出,高雄市,3
111,9,16,泰山區,,,,無年齡維度,0.0,女,遷入,migrants,88
111,9,16,泰山區,,,,無年齡維度,0.0,男,遷入,migrants,59
111,9,16,泰山區,,,,無年齡維度,0.0,女,遷入,other,0
111,9,16,泰山區,,,,無年齡維度,0.0,男,遷入,other,0
111,9,16,泰山區,,,,無年齡維度,0.0,女,遷入,其他縣市,0
111,9,16,泰山區,,,,無年齡維度,0.0,男,遷入,其他縣市,0
111,9,16,泰山區,,,,無年齡維度,0.0,女,遷入,其他鄉鎮,92
111,9,16,泰山區,,,,無年齡維度,0.0,男,遷入,其他鄉鎮,80
111,9,16,泰山區,,,,無年齡維度,0.0,女,遷入,合計,160
111,9,16,泰山區,,,,無年齡維度,0.0,男,遷入,合計,151
111,9,16,泰山區,,,,無年齡維度,0.0,女,遷入,國外,21
111,9,16,泰山區,,,,無年齡維度,0.0,男,遷入,國外,24
111,9,16,泰山區,,,,無年齡維度,0.0,女,遷入,新北市內,0
111,9,16,泰山區,,,,無年齡維度,0.0,男,遷入,新北市內,0
111,9,16,泰山區,,,,無年齡維度,0.0,女,遷入,桃園市,6
111,9,16,泰山區,,,,無年齡維度,0.0,男,遷入,桃園市,6
111,9,16,泰山區,,,,無年齡維度,0.0,女,遷入,福建省,0
111,9,16,泰山區,,,,無年齡維度,0.0,男,遷入,福建省,1
111,9,16,泰山區,,,,無年齡維度,0.0,女,遷入,臺中市,4
111,9,16,泰山區,,,,無年齡維度,0.0,男,遷入,臺中市,1
111,9,16,泰山區,,,,無年齡維度,0.0,女,遷入,臺北市,24
111,9,16,泰山區,,,,無年齡維度,0.0,男,遷入,臺北市,26
111,9,16,泰山區,,,,無年齡維度,0.0,女,遷入,臺南市,0
111,9,16,泰山區,,,,無年齡維度,0.0,男,遷入,臺南市,1
111,9,16,泰山區,,,,無年齡維度,0.0,女,遷入,臺灣省,10
111,9,16,泰山區,,,,無年齡維度,0.0,男,遷入,臺灣省,10
111,9,16,泰山區,,,,無年齡維度,0.0,女,遷入,高雄市,1
111,9,16,泰山區,,,,無年齡維度,0.0,男,遷入,高雄市,2
111,9,16,泰山區,,,,無年齡維度,0.0,女,遷出,migrants,88
111,9,16,泰山區,,,,無年齡維度,0.0,男,遷出,migrants,59
111,9,16,泰山區,,,,無年齡維度,0.0,女,遷出,other,0
111,9,16,泰山區,,,,無年齡維度,0.0,男,遷出,other,0
111,9,16,泰山區,,,,無年齡維度,0.0,女,遷出,其他縣市,0
111,9,16,泰山區,,,,無年齡維度,0.0,男,遷出,其他縣市,0
111,9,16,泰山區,,,,無年齡維度,0.0,女,遷出,其他鄉鎮,80
111,9,16,泰山區,,,,無年齡維度,0.0,男,遷出,其他鄉鎮,68
111,9,16,泰山區,,,,無年齡維度,0.0,女,遷出,合計,155
111,9,16,泰山區,,,,無年齡維度,0.0,男,遷出,合計,135
111,9,16,泰山區,,,,無年齡維度,0.0,女,遷出,國外,18
111,9,16,泰山區,,,,無年齡維度,0.0,男,遷出,國外,18
111,9,16,泰山區,,,,無年齡維度,0.0,女,遷出,新北市內,0
111,9,16,泰山區,,,,無年齡維度,0.0,男,遷出,新北市內,0
111,9,16,泰山區,,,,無年齡維度,0.0,女,遷出,桃園市,25
111,9,16,泰山區,,,,無年齡維度,0.0,男,遷出,桃園市,18
111,9,16,泰山區,,,,無年齡維度,0.0,女,遷出,福建省,0
111,9,16,泰山區,,,,無年齡維度,0.0,男,遷出,福建省,1
111,9,16,泰山區,,,,無年齡維度,0.0,女,遷出,臺中市,2
111,9,16,泰山區,,,,無年齡維度,0.0,男,遷出,臺中市,2
111,9,16,泰山區,,,,無年齡維度,0.0,女,遷出,臺北市,16
111,9,16,泰山區,,,,無年齡維度,0.0,男,遷出,臺北市,6
111,9,16,泰山區,,,,無年齡維度,0.0,女,遷出,臺南市,3
111,9,16,泰山區,,,,無年齡維度,0.0,男,遷出,臺南市,2
111,9,16,泰山區,,,,無年齡維度,0.0,女,遷出,臺灣省,10
111,9,16,泰山區,,,,無年齡維度,0.0,男,遷出,臺灣省,20
111,9,16,泰山區,,,,無年齡維度,0.0,女,遷出,高雄市,1
111,9,16,泰山區,,,,無年齡維度,0.0,男,遷出,高雄市,0
111,9,17,林口區,,,,無年齡維度,0.0,女,遷入,migrants,293
111,9,17,林口區,,,,無年齡維度,0.0,男,遷入,migrants,275
111,9,17,林口區,,,,無年齡維度,0.0,女,遷入,other,0
111,9,17,林口區,,,,無年齡維度,0.0,男,遷入,other,0
111,9,17,林口區,,,,無年齡維度,0.0,女,遷入,其他縣市,0
111,9,17,林口區,,,,無年齡維度,0.0,男,遷入,其他縣市,0
111,9,17,林口區,,,,無年齡維度,0.0,女,遷入,其他鄉鎮,127
111,9,17,林口區,,,,無年齡維度,0.0,男,遷入,其他鄉鎮,86
111,9,17,林口區,,,,無年齡維度,0.0,女,遷入,合計,498
111,9,17,林口區,,,,無年齡維度,0.0,男,遷入,合計,405
111,9,17,林口區,,,,無年齡維度,0.0,女,遷入,國外,78
111,9,17,林口區,,,,無年齡維度,0.0,男,遷入,國外,84
111,9,17,林口區,,,,無年齡維度,0.0,女,遷入,新北市內,0
111,9,17,林口區,,,,無年齡維度,0.0,男,遷入,新北市內,0
111,9,17,林口區,,,,無年齡維度,0.0,女,遷入,桃園市,121
111,9,17,林口區,,,,無年齡維度,0.0,男,遷入,桃園市,87
111,9,17,林口區,,,,無年齡維度,0.0,女,遷入,福建省,2
111,9,17,林口區,,,,無年齡維度,0.0,男,遷入,福建省,1
111,9,17,林口區,,,,無年齡維度,0.0,女,遷入,臺中市,11
111,9,17,林口區,,,,無年齡維度,0.0,男,遷入,臺中市,7
111,9,17,林口區,,,,無年齡維度,0.0,女,遷入,臺北市,105
111,9,17,林口區,,,,無年齡維度,0.0,男,遷入,臺北市,90
111,9,17,林口區,,,,無年齡維度,0.0,女,遷入,臺南市,5
111,9,17,林口區,,,,無年齡維度,0.0,男,遷入,臺南市,7
111,9,17,林口區,,,,無年齡維度,0.0,女,遷入,臺灣省,35
111,9,17,林口區,,,,無年齡維度,0.0,男,遷入,臺灣省,27
111,9,17,林口區,,,,無年齡維度,0.0,女,遷入,高雄市,8
111,9,17,林口區,,,,無年齡維度,0.0,男,遷入,高雄市,14
111,9,17,林口區,,,,無年齡維度,0.0,女,遷出,migrants,293
111,9,17,林口區,,,,無年齡維度,0.0,男,遷出,migrants,275
111,9,17,林口區,,,,無年齡維度,0.0,女,遷出,other,0
111,9,17,林口區,,,,無年齡維度,0.0,男,遷出,other,0
111,9,17,林口區,,,,無年齡維度,0.0,女,遷出,其他縣市,0
111,9,17,林口區,,,,無年齡維度,0.0,男,遷出,其他縣市,0
111,9,17,林口區,,,,無年齡維度,0.0,女,遷出,其他鄉鎮,53
111,9,17,林口區,,,,無年齡維度,0.0,男,遷出,其他鄉鎮,58
111,9,17,林口區,,,,無年齡維度,0.0,女,遷出,合計,271
111,9,17,林口區,,,,無年齡維度,0.0,男,遷出,合計,251
111,9,17,林口區,,,,無年齡維度,0.0,女,遷出,國外,42
111,9,17,林口區,,,,無年齡維度,0.0,男,遷出,國外,46
111,9,17,林口區,,,,無年齡維度,0.0,女,遷出,新北市內,0
111,9,17,林口區,,,,無年齡維度,0.0,男,遷出,新北市內,0
111,9,17,林口區,,,,無年齡維度,0.0,女,遷出,桃園市,77
111,9,17,林口區,,,,無年齡維度,0.0,男,遷出,桃園市,75
111,9,17,林口區,,,,無年齡維度,0.0,女,遷出,福建省,4
111,9,17,林口區,,,,無年齡維度,0.0,男,遷出,福建省,2
111,9,17,林口區,,,,無年齡維度,0.0,女,遷出,臺中市,12
111,9,17,林口區,,,,無年齡維度,0.0,男,遷出,臺中市,9
111,9,17,林口區,,,,無年齡維度,0.0,女,遷出,臺北市,47
111,9,17,林口區,,,,無年齡維度,0.0,男,遷出,臺北市,27
111,9,17,林口區,,,,無年齡維度,0.0,女,遷出,臺南市,2
111,9,17,林口區,,,,無年齡維度,0.0,男,遷出,臺南市,5
111,9,17,林口區,,,,無年齡維度,0.0,女,遷出,臺灣省,29
111,9,17,林口區,,,,無年齡維度,0.0,男,遷出,臺灣省,21
111,9,17,林口區,,,,無年齡維度,0.0,女,遷出,高雄市,5
111,9,17,林口區,,,,無年齡維度,0.0,男,遷出,高雄市,8
111,9,18,八里區,,,,無年齡維度,0.0,女,遷入,migrants,27
111,9,18,八里區,,,,無年齡維度,0.0,男,遷入,migrants,22
111,9,18,八里區,,,,無年齡維度,0.0,女,遷入,other,0
111,9,18,八里區,,,,無年齡維度,0.0,男,遷入,other,0
111,9,18,八里區,,,,無年齡維度,0.0,女,遷入,其他縣市,0
111,9,18,八里區,,,,無年齡維度,0.0,男,遷入,其他縣市,0
111,9,18,八里區,,,,無年齡維度,0.0,女,遷入,其他鄉鎮,7
111,9,18,八里區,,,,無年齡維度,0.0,男,遷入,其他鄉鎮,7
111,9,18,八里區,,,,無年齡維度,0.0,女,遷入,合計,69
111,9,18,八里區,,,,無年齡維度,0.0,男,遷入,合計,55
111,9,18,八里區,,,,無年齡維度,0.0,女,遷入,國外,13
111,9,18,八里區,,,,無年齡維度,0.0,男,遷入,國外,9
111,9,18,八里區,,,,無年齡維度,0.0,女,遷入,新北市內,0
111,9,18,八里區,,,,無年齡維度,0.0,男,遷入,新北市內,0
111,9,18,八里區,,,,無年齡維度,0.0,女,遷入,桃園市,2
111,9,18,八里區,,,,無年齡維度,0.0,男,遷入,桃園市,5
111,9,18,八里區,,,,無年齡維度,0.0,女,遷入,福建省,0
111,9,18,八里區,,,,無年齡維度,0.0,男,遷入,福建省,0
111,9,18,八里區,,,,無年齡維度,0.0,女,遷入,臺中市,0
111,9,18,八里區,,,,無年齡維度,0.0,男,遷入,臺中市,0
111,9,18,八里區,,,,無年齡維度,0.0,女,遷入,臺北市,40
111,9,18,八里區,,,,無年齡維度,0.0,男,遷入,臺北市,29
111,9,18,八里區,,,,無年齡維度,0.0,女,遷入,臺南市,2
111,9,18,八里區,,,,無年齡維度,0.0,男,遷入,臺南市,1
111,9,18,八里區,,,,無年齡維度,0.0,女,遷入,臺灣省,3
111,9,18,八里區,,,,無年齡維度,0.0,男,遷入,臺灣省,2
111,9,18,八里區,,,,無年齡維度,0.0,女,遷入,高雄市,0
111,9,18,八里區,,,,無年齡維度,0.0,男,遷入,高雄市,2
111,9,18,八里區,,,,無年齡維度,0.0,女,遷出,migrants,27
111,9,18,八里區,,,,無年齡維度,0.0,男,遷出,migrants,22
111,9,18,八里區,,,,無年齡維度,0.0,女,遷出,other,0
111,9,18,八里區,,,,無年齡維度,0.0,男,遷出,other,0
111,9,18,八里區,,,,無年齡維度,0.0,女,遷出,其他縣市,0
111,9,18,八里區,,,,無年齡維度,0.0,男,遷出,其他縣市,0
111,9,18,八里區,,,,無年齡維度,0.0,女,遷出,其他鄉鎮,11
111,9,18,八里區,,,,無年齡維度,0.0,男,遷出,其他鄉鎮,13
111,9,18,八里區,,,,無年齡維度,0.0,女,遷出,合計,33
111,9,18,八里區,,,,無年齡維度,0.0,男,遷出,合計,40
111,9,18,八里區,,,,無年齡維度,0.0,女,遷出,國外,3
111,9,18,八里區,,,,無年齡維度,0.0,男,遷出,國外,9
111,9,18,八里區,,,,無年齡維度,0.0,女,遷出,新北市內,0
111,9,18,八里區,,,,無年齡維度,0.0,男,遷出,新北市內,0
111,9,18,八里區,,,,無年齡維度,0.0,女,遷出,桃園市,4
111,9,18,八里區,,,,無年齡維度,0.0,男,遷出,桃園市,1
111,9,18,八里區,,,,無年齡維度,0.0,女,遷出,福建省,0
111,9,18,八里區,,,,無年齡維度,0.0,男,遷出,福建省,0
111,9,18,八里區,,,,無年齡維度,0.0,女,遷出,臺中市,0
111,9,18,八里區,,,,無年齡維度,0.0,男,遷出,臺中市,0
111,9,18,八里區,,,,無年齡維度,0.0,女,遷出,臺北市,13
111,9,18,八里區,,,,無年齡維度,0.0,男,遷出,臺北市,12
111,9,18,八里區,,,,無年齡維度,0.0,女,遷出,臺南市,0
111,9,18,八里區,,,,無年齡維度,0.0,男,遷出,臺南市,1
111,9,18,八里區,,,,無年齡維度,0.0,女,遷出,臺灣省,2
111,9,18,八里區,,,,無年齡維度,0.0,男,遷出,臺灣省,4
111,9,18,八里區,,,,無年齡維度,0.0,女,遷出,高雄市,0
111,9,18,八里區,,,,無年齡維度,0.0,男,遷出,高雄市,0
111,9,19,深坑區,,,,無年齡維度,0.0,女,遷入,migrants,1
111,9,19,深坑區,,,,無年齡維度,0.0,男,遷入,migrants,0
111,9,19,深坑區,,,,無年齡維度,0.0,女,遷入,other,0
111,9,19,深坑區,,,,無年齡維度,0.0,男,遷入,other,0
111,9,19,深坑區,,,,無年齡維度,0.0,女,遷入,其他縣市,0
111,9,19,深坑區,,,,無年齡維度,0.0,男,遷入,其他縣市,0
111,9,19,深坑區,,,,無年齡維度,0.0,女,遷入,其他鄉鎮,3
111,9,19,深坑區,,,,無年齡維度,0.0,男,遷入,其他鄉鎮,11
111,9,19,深坑區,,,,無年齡維度,0.0,女,遷入,合計,9
111,9,19,深坑區,,,,無年齡維度,0.0,男,遷入,合計,13
111,9,19,深坑區,,,,無年齡維度,0.0,女,遷入,國外,2
111,9,19,深坑區,,,,無年齡維度,0.0,男,遷入,國外,0
111,9,19,深坑區,,,,無年齡維度,0.0,女,遷入,新北市內,0
111,9,19,深坑區,,,,無年齡維度,0.0,男,遷入,新北市內,0
111,9,19,深坑區,,,,無年齡維度,0.0,女,遷入,桃園市,2
111,9,19,深坑區,,,,無年齡維度,0.0,男,遷入,桃園市,0
111,9,19,深坑區,,,,無年齡維度,0.0,女,遷入,福建省,1
111,9,19,深坑區,,,,無年齡維度,0.0,男,遷入,福建省,0
111,9,19,深坑區,,,,無年齡維度,0.0,女,遷入,臺中市,0
111,9,19,深坑區,,,,無年齡維度,0.0,男,遷入,臺中市,0
111,9,19,深坑區,,,,無年齡維度,0.0,女,遷入,臺北市,1
111,9,19,深坑區,,,,無年齡維度,0.0,男,遷入,臺北市,2
111,9,19,深坑區,,,,無年齡維度,0.0,女,遷入,臺南市,0
111,9,19,深坑區,,,,無年齡維度,0.0,男,遷入,臺南市,0
111,9,19,深坑區,,,,無年齡維度,0.0,女,遷入,臺灣省,0
111,9,19,深坑區,,,,無年齡維度,0.0,男,遷入,臺灣省,0
111,9,19,深坑區,,,,無年齡維度,0.0,女,遷入,高雄市,0
111,9,19,深坑區,,,,無年齡維度,0.0,男,遷入,高雄市,0
111,9,19,深坑區,,,,無年齡維度,0.0,女,遷出,migrants,1
111,9,19,深坑區,,,,無年齡維度,0.0,男,遷出,migrants,0
111,9,19,深坑區,,,,無年齡維度,0.0,女,遷出,other,0
111,9,19,深坑區,,,,無年齡維度,0.0,男,遷出,other,0
111,9,19,深坑區,,,,無年齡維度,0.0,女,遷出,其他縣市,0
111,9,19,深坑區,,,,無年齡維度,0.0,男,遷出,其他縣市,0
111,9,19,深坑區,,,,無年齡維度,0.0,女,遷出,其他鄉鎮,1
111,9,19,深坑區,,,,無年齡維度,0.0,男,遷出,其他鄉鎮,1
111,9,19,深坑區,,,,無年齡維度,0.0,女,遷出,合計,10
111,9,19,深坑區,,,,無年齡維度,0.0,男,遷出,合計,15
111,9,19,深坑區,,,,無年齡維度,0.0,女,遷出,國外,1
111,9,19,深坑區,,,,無年齡維度,0.0,男,遷出,國外,0
111,9,19,深坑區,,,,無年齡維度,0.0,女,遷出,新北市內,0
111,9,19,深坑區,,,,無年齡維度,0.0,男,遷出,新北市內,0
111,9,19,深坑區,,,,無年齡維度,0.0,女,遷出,桃園市,1
111,9,19,深坑區,,,,無年齡維度,0.0,男,遷出,桃園市,1
111,9,19,深坑區,,,,無年齡維度,0.0,女,遷出,福建省,0
111,9,19,深坑區,,,,無年齡維度,0.0,男,遷出,福建省,1
111,9,19,深坑區,,,,無年齡維度,0.0,女,遷出,臺中市,0
111,9,19,深坑區,,,,無年齡維度,0.0,男,遷出,臺中市,0
111,9,19,深坑區,,,,無年齡維度,0.0,女,遷出,臺北市,5
111,9,19,深坑區,,,,無年齡維度,0.0,男,遷出,臺北市,8
111,9,19,深坑區,,,,無年齡維度,0.0,女,遷出,臺南市,0
111,9,19,深坑區,,,,無年齡維度,0.0,男,遷出,臺南市,0
111,9,19,深坑區,,,,無年齡維度,0.0,女,遷出,臺灣省,2
111,9,19,深坑區,,,,無年齡維度,0.0,男,遷出,臺灣省,4
111,9,19,深坑區,,,,無年齡維度,0.0,女,遷出,高雄市,0
111,9,19,深坑區,,,,無年齡維度,0.0,男,遷出,高雄市,0
111,9,20,石碇區,,,,無年齡維度,0.0,女,遷入,migrants,2
111,9,20,石碇區,,,,無年齡維度,0.0,男,遷入,migrants,2
111,9,20,石碇區,,,,無年齡維度,0.0,女,遷入,other,0
111,9,20,石碇區,,,,無年齡維度,0.0,男,遷入,other,0
111,9,20,石碇區,,,,無年齡維度,0.0,女,遷入,其他縣市,0
111,9,20,石碇區,,,,無年齡維度,0.0,男,遷入,其他縣市,0
111,9,20,石碇區,,,,無年齡維度,0.0,女,遷入,其他鄉鎮,4
111,9,20,石碇區,,,,無年齡維度,0.0,男,遷入,其他鄉鎮,5
111,9,20,石碇區,,,,無年齡維度,0.0,女,遷入,合計,6
111,9,20,石碇區,,,,無年齡維度,0.0,男,遷入,合計,8
111,9,20,石碇區,,,,無年齡維度,0.0,女,遷入,國外,0
111,9,20,石碇區,,,,無年齡維度,0.0,男,遷入,國外,1
111,9,20,石碇區,,,,無年齡維度,0.0,女,遷入,新北市內,0
111,9,20,石碇區,,,,無年齡維度,0.0,男,遷入,新北市內,0
111,9,20,石碇區,,,,無年齡維度,0.0,女,遷入,桃園市,0
111,9,20,石碇區,,,,無年齡維度,0.0,男,遷入,桃園市,0
111,9,20,石碇區,,,,無年齡維度,0.0,女,遷入,福建省,0
111,9,20,石碇區,,,,無年齡維度,0.0,男,遷入,福建省,0
111,9,20,石碇區,,,,無年齡維度,0.0,女,遷入,臺中市,0
111,9,20,石碇區,,,,無年齡維度,0.0,男,遷入,臺中市,0
111,9,20,石碇區,,,,無年齡維度,0.0,女,遷入,臺北市,1
111,9,20,石碇區,,,,無年齡維度,0.0,男,遷入,臺北市,2
111,9,20,石碇區,,,,無年齡維度,0.0,女,遷入,臺南市,0
111,9,20,石碇區,,,,無年齡維度,0.0,男,遷入,臺南市,0
111,9,20,石碇區,,,,無年齡維度,0.0,女,遷入,臺灣省,1
111,9,20,石碇區,,,,無年齡維度,0.0,男,遷入,臺灣省,0
111,9,20,石碇區,,,,無年齡維度,0.0,女,遷入,高雄市,0
111,9,20,石碇區,,,,無年齡維度,0.0,男,遷入,高雄市,0
111,9,20,石碇區,,,,無年齡維度,0.0,女,遷出,migrants,2
111,9,20,石碇區,,,,無年齡維度,0.0,男,遷出,migrants,2
111,9,20,石碇區,,,,無年齡維度,0.0,女,遷出,other,0
111,9,20,石碇區,,,,無年齡維度,0.0,男,遷出,other,0
111,9,20,石碇區,,,,無年齡維度,0.0,女,遷出,其他縣市,0
111,9,20,石碇區,,,,無年齡維度,0.0,男,遷出,其他縣市,0
111,9,20,石碇區,,,,無年齡維度,0.0,女,遷出,其他鄉鎮,2
111,9,20,石碇區,,,,無年齡維度,0.0,男,遷出,其他鄉鎮,6
111,9,20,石碇區,,,,無年齡維度,0.0,女,遷出,合計,6
111,9,20,石碇區,,,,無年齡維度,0.0,男,遷出,合計,7
111,9,20,石碇區,,,,無年齡維度,0.0,女,遷出,國外,0
111,9,20,石碇區,,,,無年齡維度,0.0,男,遷出,國外,0
111,9,20,石碇區,,,,無年齡維度,0.0,女,遷出,新北市內,0
111,9,20,石碇區,,,,無年齡維度,0.0,男,遷出,新北市內,0
111,9,20,石碇區,,,,無年齡維度,0.0,女,遷出,桃園市,1
111,9,20,石碇區,,,,無年齡維度,0.0,男,遷出,桃園市,0
111,9,20,石碇區,,,,無年齡維度,0.0,女,遷出,福建省,0
111,9,20,石碇區,,,,無年齡維度,0.0,男,遷出,福建省,0
111,9,20,石碇區,,,,無年齡維度,0.0,女,遷出,臺中市,1
111,9,20,石碇區,,,,無年齡維度,0.0,男,遷出,臺中市,0
111,9,20,石碇區,,,,無年齡維度,0.0,女,遷出,臺北市,1
111,9,20,石碇區,,,,無年齡維度,0.0,男,遷出,臺北市,0
111,9,20,石碇區,,,,無年齡維度,0.0,女,遷出,臺南市,0
111,9,20,石碇區,,,,無年齡維度,0.0,男,遷出,臺南市,0
111,9,20,石碇區,,,,無年齡維度,0.0,女,遷出,臺灣省,1
111,9,20,石碇區,,,,無年齡維度,0.0,男,遷出,臺灣省,1
111,9,20,石碇區,,,,無年齡維度,0.0,女,遷出,高雄市,0
111,9,20,石碇區,,,,無年齡維度,0.0,男,遷出,高雄市,0
111,9,21,坪林區,,,,無年齡維度,0.0,女,遷入,migrants,16
111,9,21,坪林區,,,,無年齡維度,0.0,男,遷入,migrants,11
111,9,21,坪林區,,,,無年齡維度,0.0,女,遷入,other,0
111,9,21,坪林區,,,,無年齡維度,0.0,男,遷入,other,0
111,9,21,坪林區,,,,無年齡維度,0.0,女,遷入,其他縣市,0
111,9,21,坪林區,,,,無年齡維度,0.0,男,遷入,其他縣市,0
111,9,21,坪林區,,,,無年齡維度,0.0,女,遷入,其他鄉鎮,14
111,9,21,坪林區,,,,無年齡維度,0.0,男,遷入,其他鄉鎮,12
111,9,21,坪林區,,,,無年齡維度,0.0,女,遷入,合計,33
111,9,21,坪林區,,,,無年齡維度,0.0,男,遷入,合計,34
111,9,21,坪林區,,,,無年齡維度,0.0,女,遷入,國外,9
111,9,21,坪林區,,,,無年齡維度,0.0,男,遷入,國外,9
111,9,21,坪林區,,,,無年齡維度,0.0,女,遷入,新北市內,0
111,9,21,坪林區,,,,無年齡維度,0.0,男,遷入,新北市內,0
111,9,21,坪林區,,,,無年齡維度,0.0,女,遷入,桃園市,3
111,9,21,坪林區,,,,無年齡維度,0.0,男,遷入,桃園市,1
111,9,21,坪林區,,,,無年齡維度,0.0,女,遷入,福建省,0
111,9,21,坪林區,,,,無年齡維度,0.0,男,遷入,福建省,0
111,9,21,坪林區,,,,無年齡維度,0.0,女,遷入,臺中市,1
111,9,21,坪林區,,,,無年齡維度,0.0,男,遷入,臺中市,1
111,9,21,坪林區,,,,無年齡維度,0.0,女,遷入,臺北市,4
111,9,21,坪林區,,,,無年齡維度,0.0,男,遷入,臺北市,8
111,9,21,坪林區,,,,無年齡維度,0.0,女,遷入,臺南市,0
111,9,21,坪林區,,,,無年齡維度,0.0,男,遷入,臺南市,0
111,9,21,坪林區,,,,無年齡維度,0.0,女,遷入,臺灣省,0
111,9,21,坪林區,,,,無年齡維度,0.0,男,遷入,臺灣省,1
111,9,21,坪林區,,,,無年齡維度,0.0,女,遷入,高雄市,0
111,9,21,坪林區,,,,無年齡維度,0.0,男,遷入,高雄市,0
111,9,21,坪林區,,,,無年齡維度,0.0,女,遷出,migrants,16
111,9,21,坪林區,,,,無年齡維度,0.0,男,遷出,migrants,11
111,9,21,坪林區,,,,無年齡維度,0.0,女,遷出,other,0
111,9,21,坪林區,,,,無年齡維度,0.0,男,遷出,other,0
111,9,21,坪林區,,,,無年齡維度,0.0,女,遷出,其他縣市,0
111,9,21,坪林區,,,,無年齡維度,0.0,男,遷出,其他縣市,0
111,9,21,坪林區,,,,無年齡維度,0.0,女,遷出,其他鄉鎮,19
111,9,21,坪林區,,,,無年齡維度,0.0,男,遷出,其他鄉鎮,20
111,9,21,坪林區,,,,無年齡維度,0.0,女,遷出,合計,46
111,9,21,坪林區,,,,無年齡維度,0.0,男,遷出,合計,41
111,9,21,坪林區,,,,無年齡維度,0.0,女,遷出,國外,4
111,9,21,坪林區,,,,無年齡維度,0.0,男,遷出,國外,6
111,9,21,坪林區,,,,無年齡維度,0.0,女,遷出,新北市內,0
111,9,21,坪林區,,,,無年齡維度,0.0,男,遷出,新北市內,0
111,9,21,坪林區,,,,無年齡維度,0.0,女,遷出,桃園市,4
111,9,21,坪林區,,,,無年齡維度,0.0,男,遷出,桃園市,3
111,9,21,坪林區,,,,無年齡維度,0.0,女,遷出,福建省,1
111,9,21,坪林區,,,,無年齡維度,0.0,男,遷出,福建省,0
111,9,21,坪林區,,,,無年齡維度,0.0,女,遷出,臺中市,1
111,9,21,坪林區,,,,無年齡維度,0.0,男,遷出,臺中市,2
111,9,21,坪林區,,,,無年齡維度,0.0,女,遷出,臺北市,10
111,9,21,坪林區,,,,無年齡維度,0.0,男,遷出,臺北市,6
111,9,21,坪林區,,,,無年齡維度,0.0,女,遷出,臺南市,2
111,9,21,坪林區,,,,無年齡維度,0.0,男,遷出,臺南市,0
111,9,21,坪林區,,,,無年齡維度,0.0,女,遷出,臺灣省,5
111,9,21,坪林區,,,,無年齡維度,0.0,男,遷出,臺灣省,4
111,9,21,坪林區,,,,無年齡維度,0.0,女,遷出,高雄市,0
111,9,21,坪林區,,,,無年齡維度,0.0,男,遷出,高雄市,0
111,9,22,三芝區,,,,無年齡維度,0.0,女,遷入,migrants,1
111,9,22,三芝區,,,,無年齡維度,0.0,男,遷入,migrants,3
111,9,22,三芝區,,,,無年齡維度,0.0,女,遷入,other,0
111,9,22,三芝區,,,,無年齡維度,0.0,男,遷入,other,0
111,9,22,三芝區,,,,無年齡維度,0.0,女,遷入,其他縣市,0
111,9,22,三芝區,,,,無年齡維度,0.0,男,遷入,其他縣市,0
111,9,22,三芝區,,,,無年齡維度,0.0,女,遷入,其他鄉鎮,1
111,9,22,三芝區,,,,無年齡維度,0.0,男,遷入,其他鄉鎮,5
111,9,22,三芝區,,,,無年齡維度,0.0,女,遷入,合計,4
111,9,22,三芝區,,,,無年齡維度,0.0,男,遷入,合計,7
111,9,22,三芝區,,,,無年齡維度,0.0,女,遷入,國外,0
111,9,22,三芝區,,,,無年齡維度,0.0,男,遷入,國外,1
111,9,22,三芝區,,,,無年齡維度,0.0,女,遷入,新北市內,0
111,9,22,三芝區,,,,無年齡維度,0.0,男,遷入,新北市內,0
111,9,22,三芝區,,,,無年齡維度,0.0,女,遷入,桃園市,0
111,9,22,三芝區,,,,無年齡維度,0.0,男,遷入,桃園市,0
111,9,22,三芝區,,,,無年齡維度,0.0,女,遷入,福建省,0
111,9,22,三芝區,,,,無年齡維度,0.0,男,遷入,福建省,0
111,9,22,三芝區,,,,無年齡維度,0.0,女,遷入,臺中市,1
111,9,22,三芝區,,,,無年齡維度,0.0,男,遷入,臺中市,0
111,9,22,三芝區,,,,無年齡維度,0.0,女,遷入,臺北市,0
111,9,22,三芝區,,,,無年齡維度,0.0,男,遷入,臺北市,0
111,9,22,三芝區,,,,無年齡維度,0.0,女,遷入,臺南市,0
111,9,22,三芝區,,,,無年齡維度,0.0,男,遷入,臺南市,0
111,9,22,三芝區,,,,無年齡維度,0.0,女,遷入,臺灣省,2
111,9,22,三芝區,,,,無年齡維度,0.0,男,遷入,臺灣省,1
111,9,22,三芝區,,,,無年齡維度,0.0,女,遷入,高雄市,0
111,9,22,三芝區,,,,無年齡維度,0.0,男,遷入,高雄市,0
111,9,22,三芝區,,,,無年齡維度,0.0,女,遷出,migrants,1
111,9,22,三芝區,,,,無年齡維度,0.0,男,遷出,migrants,3
111,9,22,三芝區,,,,無年齡維度,0.0,女,遷出,other,0
111,9,22,三芝區,,,,無年齡維度,0.0,男,遷出,other,0
111,9,22,三芝區,,,,無年齡維度,0.0,女,遷出,其他縣市,0
111,9,22,三芝區,,,,無年齡維度,0.0,男,遷出,其他縣市,0
111,9,22,三芝區,,,,無年齡維度,0.0,女,遷出,其他鄉鎮,10
111,9,22,三芝區,,,,無年齡維度,0.0,男,遷出,其他鄉鎮,3
111,9,22,三芝區,,,,無年齡維度,0.0,女,遷出,合計,17
111,9,22,三芝區,,,,無年齡維度,0.0,男,遷出,合計,7
111,9,22,三芝區,,,,無年齡維度,0.0,女,遷出,國外,3
111,9,22,三芝區,,,,無年齡維度,0.0,男,遷出,國外,0
111,9,22,三芝區,,,,無年齡維度,0.0,女,遷出,新北市內,0
111,9,22,三芝區,,,,無年齡維度,0.0,男,遷出,新北市內,0
111,9,22,三芝區,,,,無年齡維度,0.0,女,遷出,桃園市,1
111,9,22,三芝區,,,,無年齡維度,0.0,男,遷出,桃園市,0
111,9,22,三芝區,,,,無年齡維度,0.0,女,遷出,福建省,0
111,9,22,三芝區,,,,無年齡維度,0.0,男,遷出,福建省,0
111,9,22,三芝區,,,,無年齡維度,0.0,女,遷出,臺中市,0
111,9,22,三芝區,,,,無年齡維度,0.0,男,遷出,臺中市,0
111,9,22,三芝區,,,,無年齡維度,0.0,女,遷出,臺北市,0
111,9,22,三芝區,,,,無年齡維度,0.0,男,遷出,臺北市,3
111,9,22,三芝區,,,,無年齡維度,0.0,女,遷出,臺南市,0
111,9,22,三芝區,,,,無年齡維度,0.0,男,遷出,臺南市,0
111,9,22,三芝區,,,,無年齡維度,0.0,女,遷出,臺灣省,3
111,9,22,三芝區,,,,無年齡維度,0.0,男,遷出,臺灣省,1
111,9,22,三芝區,,,,無年齡維度,0.0,女,遷出,高雄市,0
111,9,22,三芝區,,,,無年齡維度,0.0,男,遷出,高雄市,0
111,9,23,石門區,,,,無年齡維度,0.0,女,遷入,migrants,55
111,9,23,石門區,,,,無年齡維度,0.0,男,遷入,migrants,51
111,9,23,石門區,,,,無年齡維度,0.0,女,遷入,other,0
111,9,23,石門區,,,,無年齡維度,0.0,男,遷入,other,0
111,9,23,石門區,,,,無年齡維度,0.0,女,遷入,其他縣市,0
111,9,23,石門區,,,,無年齡維度,0.0,男,遷入,其他縣市,0
111,9,23,石門區,,,,無年齡維度,0.0,女,遷入,其他鄉鎮,58
111,9,23,石門區,,,,無年齡維度,0.0,男,遷入,其他鄉鎮,45
111,9,23,石門區,,,,無年齡維度,0.0,女,遷入,合計,130
111,9,23,石門區,,,,無年齡維度,0.0,男,遷入,合計,102
111,9,23,石門區,,,,無年齡維度,0.0,女,遷入,國外,14
111,9,23,石門區,,,,無年齡維度,0.0,男,遷入,國外,9
111,9,23,石門區,,,,無年齡維度,0.0,女,遷入,新北市內,0
111,9,23,石門區,,,,無年齡維度,0.0,男,遷入,新北市內,0
111,9,23,石門區,,,,無年齡維度,0.0,女,遷入,桃園市,6
111,9,23,石門區,,,,無年齡維度,0.0,男,遷入,桃園市,2
111,9,23,石門區,,,,無年齡維度,0.0,女,遷入,福建省,0
111,9,23,石門區,,,,無年齡維度,0.0,男,遷入,福建省,0
111,9,23,石門區,,,,無年齡維度,0.0,女,遷入,臺中市,2
111,9,23,石門區,,,,無年齡維度,0.0,男,遷入,臺中市,3
111,9,23,石門區,,,,無年齡維度,0.0,女,遷入,臺北市,39
111,9,23,石門區,,,,無年齡維度,0.0,男,遷入,臺北市,38
111,9,23,石門區,,,,無年齡維度,0.0,女,遷入,臺南市,1
111,9,23,石門區,,,,無年齡維度,0.0,男,遷入,臺南市,1
111,9,23,石門區,,,,無年齡維度,0.0,女,遷入,臺灣省,8
111,9,23,石門區,,,,無年齡維度,0.0,男,遷入,臺灣省,3
111,9,23,石門區,,,,無年齡維度,0.0,女,遷入,高雄市,1
111,9,23,石門區,,,,無年齡維度,0.0,男,遷入,高雄市,1
111,9,23,石門區,,,,無年齡維度,0.0,女,遷出,migrants,55
111,9,23,石門區,,,,無年齡維度,0.0,男,遷出,migrants,51
111,9,23,石門區,,,,無年齡維度,0.0,女,遷出,other,0
111,9,23,石門區,,,,無年齡維度,0.0,男,遷出,other,0
111,9,23,石門區,,,,無年齡維度,0.0,女,遷出,其他縣市,0
111,9,23,石門區,,,,無年齡維度,0.0,男,遷出,其他縣市,0
111,9,23,石門區,,,,無年齡維度,0.0,女,遷出,其他鄉鎮,41
111,9,23,石門區,,,,無年齡維度,0.0,男,遷出,其他鄉鎮,16
111,9,23,石門區,,,,無年齡維度,0.0,女,遷出,合計,75
111,9,23,石門區,,,,無年齡維度,0.0,男,遷出,合計,51
111,9,23,石門區,,,,無年齡維度,0.0,女,遷出,國外,9
111,9,23,石門區,,,,無年齡維度,0.0,男,遷出,國外,10
111,9,23,石門區,,,,無年齡維度,0.0,女,遷出,新北市內,0
111,9,23,石門區,,,,無年齡維度,0.0,男,遷出,新北市內,0
111,9,23,石門區,,,,無年齡維度,0.0,女,遷出,桃園市,9
111,9,23,石門區,,,,無年齡維度,0.0,男,遷出,桃園市,6
111,9,23,石門區,,,,無年齡維度,0.0,女,遷出,福建省,1
111,9,23,石門區,,,,無年齡維度,0.0,男,遷出,福建省,1
111,9,23,石門區,,,,無年齡維度,0.0,女,遷出,臺中市,0
111,9,23,石門區,,,,無年齡維度,0.0,男,遷出,臺中市,1
111,9,23,石門區,,,,無年齡維度,0.0,女,遷出,臺北市,8
111,9,23,石門區,,,,無年齡維度,0.0,男,遷出,臺北市,11
111,9,23,石門區,,,,無年齡維度,0.0,女,遷出,臺南市,0
111,9,23,石門區,,,,無年齡維度,0.0,男,遷出,臺南市,0
111,9,23,石門區,,,,無年齡維度,0.0,女,遷出,臺灣省,6
111,9,23,石門區,,,,無年齡維度,0.0,男,遷出,臺灣省,6
111,9,23,石門區,,,,無年齡維度,0.0,女,遷出,高雄市,1
111,9,23,石門區,,,,無年齡維度,0.0,男,遷出,高雄市,0
111,9,24,金山區,,,,無年齡維度,0.0,女,遷入,migrants,3
111,9,24,金山區,,,,無年齡維度,0.0,男,遷入,migrants,1
111,9,24,金山區,,,,無年齡維度,0.0,女,遷入,other,0
111,9,24,金山區,,,,無年齡維度,0.0,男,遷入,other,0
111,9,24,金山區,,,,無年齡維度,0.0,女,遷入,其他縣市,0
111,9,24,金山區,,,,無年齡維度,0.0,男,遷入,其他縣市,0
111,9,24,金山區,,,,無年齡維度,0.0,女,遷入,其他鄉鎮,2
111,9,24,金山區,,,,無年齡維度,0.0,男,遷入,其他鄉鎮,1
111,9,24,金山區,,,,無年齡維度,0.0,女,遷入,合計,6
111,9,24,金山區,,,,無年齡維度,0.0,男,遷入,合計,4
111,9,24,金山區,,,,無年齡維度,0.0,女,遷入,國外,0
111,9,24,金山區,,,,無年齡維度,0.0,男,遷入,國外,0
111,9,24,金山區,,,,無年齡維度,0.0,女,遷入,新北市內,0
111,9,24,金山區,,,,無年齡維度,0.0,男,遷入,新北市內,0
111,9,24,金山區,,,,無年齡維度,0.0,女,遷入,桃園市,1
111,9,24,金山區,,,,無年齡維度,0.0,男,遷入,桃園市,1
111,9,24,金山區,,,,無年齡維度,0.0,女,遷入,福建省,0
111,9,24,金山區,,,,無年齡維度,0.0,男,遷入,福建省,0
111,9,24,金山區,,,,無年齡維度,0.0,女,遷入,臺中市,0
111,9,24,金山區,,,,無年齡維度,0.0,男,遷入,臺中市,0
111,9,24,金山區,,,,無年齡維度,0.0,女,遷入,臺北市,1
111,9,24,金山區,,,,無年齡維度,0.0,男,遷入,臺北市,1
111,9,24,金山區,,,,無年齡維度,0.0,女,遷入,臺南市,0
111,9,24,金山區,,,,無年齡維度,0.0,男,遷入,臺南市,0
111,9,24,金山區,,,,無年齡維度,0.0,女,遷入,臺灣省,0
111,9,24,金山區,,,,無年齡維度,0.0,男,遷入,臺灣省,0
111,9,24,金山區,,,,無年齡維度,0.0,女,遷入,高雄市,2
111,9,24,金山區,,,,無年齡維度,0.0,男,遷入,高雄市,1
111,9,24,金山區,,,,無年齡維度,0.0,女,遷出,migrants,3
111,9,24,金山區,,,,無年齡維度,0.0,男,遷出,migrants,1
111,9,24,金山區,,,,無年齡維度,0.0,女,遷出,other,0
111,9,24,金山區,,,,無年齡維度,0.0,男,遷出,other,0
111,9,24,金山區,,,,無年齡維度,0.0,女,遷出,其他縣市,0
111,9,24,金山區,,,,無年齡維度,0.0,男,遷出,其他縣市,0
111,9,24,金山區,,,,無年齡維度,0.0,女,遷出,其他鄉鎮,1
111,9,24,金山區,,,,無年齡維度,0.0,男,遷出,其他鄉鎮,1
111,9,24,金山區,,,,無年齡維度,0.0,女,遷出,合計,2
111,9,24,金山區,,,,無年齡維度,0.0,男,遷出,合計,2
111,9,24,金山區,,,,無年齡維度,0.0,女,遷出,國外,0
111,9,24,金山區,,,,無年齡維度,0.0,男,遷出,國外,0
111,9,24,金山區,,,,無年齡維度,0.0,女,遷出,新北市內,0
111,9,24,金山區,,,,無年齡維度,0.0,男,遷出,新北市內,0
111,9,24,金山區,,,,無年齡維度,0.0,女,遷出,桃園市,0
111,9,24,金山區,,,,無年齡維度,0.0,男,遷出,桃園市,0
111,9,24,金山區,,,,無年齡維度,0.0,女,遷出,福建省,0
111,9,24,金山區,,,,無年齡維度,0.0,男,遷出,福建省,0
111,9,24,金山區,,,,無年齡維度,0.0,女,遷出,臺中市,0
111,9,24,金山區,,,,無年齡維度,0.0,男,遷出,臺中市,0
111,9,24,金山區,,,,無年齡維度,0.0,女,遷出,臺北市,0
111,9,24,金山區,,,,無年齡維度,0.0,男,遷出,臺北市,1
111,9,24,金山區,,,,無年齡維度,0.0,女,遷出,臺南市,0
111,9,24,金山區,,,,無年齡維度,0.0,男,遷出,臺南市,0
111,9,24,金山區,,,,無年齡維度,0.0,女,遷出,臺灣省,1
111,9,24,金山區,,,,無年齡維度,0.0,男,遷出,臺灣省,0
111,9,24,金山區,,,,無年齡維度,0.0,女,遷出,高雄市,0
111,9,24,金山區,,,,無年齡維度,0.0,男,遷出,高雄市,0
111,9,25,萬里區,,,,無年齡維度,0.0,女,遷入,migrants,0
111,9,25,萬里區,,,,無年齡維度,0.0,男,遷入,migrants,2
111,9,25,萬里區,,,,無年齡維度,0.0,女,遷入,other,0
111,9,25,萬里區,,,,無年齡維度,0.0,男,遷入,other,0
111,9,25,萬里區,,,,無年齡維度,0.0,女,遷入,其他縣市,0
111,9,25,萬里區,,,,無年齡維度,0.0,男,遷入,其他縣市,0
111,9,25,萬里區,,,,無年齡維度,0.0,女,遷入,其他鄉鎮,4
111,9,25,萬里區,,,,無年齡維度,0.0,男,遷入,其他鄉鎮,2
111,9,25,萬里區,,,,無年齡維度,0.0,女,遷入,合計,16
111,9,25,萬里區,,,,無年齡維度,0.0,男,遷入,合計,9
111,9,25,萬里區,,,,無年齡維度,0.0,女,遷入,國外,4
111,9,25,萬里區,,,,無年齡維度,0.0,男,遷入,國外,1
111,9,25,萬里區,,,,無年齡維度,0.0,女,遷入,新北市內,0
111,9,25,萬里區,,,,無年齡維度,0.0,男,遷入,新北市內,0
111,9,25,萬里區,,,,無年齡維度,0.0,女,遷入,桃園市,0
111,9,25,萬里區,,,,無年齡維度,0.0,男,遷入,桃園市,1
111,9,25,萬里區,,,,無年齡維度,0.0,女,遷入,福建省,0
111,9,25,萬里區,,,,無年齡維度,0.0,男,遷入,福建省,0
111,9,25,萬里區,,,,無年齡維度,0.0,女,遷入,臺中市,0
111,9,25,萬里區,,,,無年齡維度,0.0,男,遷入,臺中市,0
111,9,25,萬里區,,,,無年齡維度,0.0,女,遷入,臺北市,2
111,9,25,萬里區,,,,無年齡維度,0.0,男,遷入,臺北市,1
111,9,25,萬里區,,,,無年齡維度,0.0,女,遷入,臺南市,0
111,9,25,萬里區,,,,無年齡維度,0.0,男,遷入,臺南市,1
111,9,25,萬里區,,,,無年齡維度,0.0,女,遷入,臺灣省,6
111,9,25,萬里區,,,,無年齡維度,0.0,男,遷入,臺灣省,3
111,9,25,萬里區,,,,無年齡維度,0.0,女,遷入,高雄市,0
111,9,25,萬里區,,,,無年齡維度,0.0,男,遷入,高雄市,0
111,9,25,萬里區,,,,無年齡維度,0.0,女,遷出,migrants,0
111,9,25,萬里區,,,,無年齡維度,0.0,男,遷出,migrants,2
111,9,25,萬里區,,,,無年齡維度,0.0,女,遷出,other,0
111,9,25,萬里區,,,,無年齡維度,0.0,男,遷出,other,0
111,9,25,萬里區,,,,無年齡維度,0.0,女,遷出,其他縣市,0
111,9,25,萬里區,,,,無年齡維度,0.0,男,遷出,其他縣市,0
111,9,25,萬里區,,,,無年齡維度,0.0,女,遷出,其他鄉鎮,4
111,9,25,萬里區,,,,無年齡維度,0.0,男,遷出,其他鄉鎮,3
111,9,25,萬里區,,,,無年齡維度,0.0,女,遷出,合計,9
111,9,25,萬里區,,,,無年齡維度,0.0,男,遷出,合計,9
111,9,25,萬里區,,,,無年齡維度,0.0,女,遷出,國外,1
111,9,25,萬里區,,,,無年齡維度,0.0,男,遷出,國外,0
111,9,25,萬里區,,,,無年齡維度,0.0,女,遷出,新北市內,0
111,9,25,萬里區,,,,無年齡維度,0.0,男,遷出,新北市內,0
111,9,25,萬里區,,,,無年齡維度,0.0,女,遷出,桃園市,1
111,9,25,萬里區,,,,無年齡維度,0.0,男,遷出,桃園市,2
111,9,25,萬里區,,,,無年齡維度,0.0,女,遷出,福建省,0
111,9,25,萬里區,,,,無年齡維度,0.0,男,遷出,福建省,0
111,9,25,萬里區,,,,無年齡維度,0.0,女,遷出,臺中市,0
111,9,25,萬里區,,,,無年齡維度,0.0,男,遷出,臺中市,1
111,9,25,萬里區,,,,無年齡維度,0.0,女,遷出,臺北市,1
111,9,25,萬里區,,,,無年齡維度,0.0,男,遷出,臺北市,0
111,9,25,萬里區,,,,無年齡維度,0.0,女,遷出,臺南市,0
111,9,25,萬里區,,,,無年齡維度,0.0,男,遷出,臺南市,1
111,9,25,萬里區,,,,無年齡維度,0.0,女,遷出,臺灣省,2
111,9,25,萬里區,,,,無年齡維度,0.0,男,遷出,臺灣省,2
111,9,25,萬里區,,,,無年齡維度,0.0,女,遷出,高雄市,0
111,9,25,萬里區,,,,無年齡維度,0.0,男,遷出,高雄市,0
111,9,26,平溪區,,,,無年齡維度,0.0,女,遷入,migrants,10
111,9,26,平溪區,,,,無年齡維度,0.0,男,遷入,migrants,4
111,9,26,平溪區,,,,無年齡維度,0.0,女,遷入,other,0
111,9,26,平溪區,,,,無年齡維度,0.0,男,遷入,other,0
111,9,26,平溪區,,,,無年齡維度,0.0,女,遷入,其他縣市,0
111,9,26,平溪區,,,,無年齡維度,0.0,男,遷入,其他縣市,0
111,9,26,平溪區,,,,無年齡維度,0.0,女,遷入,其他鄉鎮,3
111,9,26,平溪區,,,,無年齡維度,0.0,男,遷入,其他鄉鎮,0
111,9,26,平溪區,,,,無年齡維度,0.0,女,遷入,合計,12
111,9,26,平溪區,,,,無年齡維度,0.0,男,遷入,合計,9
111,9,26,平溪區,,,,無年齡維度,0.0,女,遷入,國外,2
111,9,26,平溪區,,,,無年齡維度,0.0,男,遷入,國外,2
111,9,26,平溪區,,,,無年齡維度,0.0,女,遷入,新北市內,0
111,9,26,平溪區,,,,無年齡維度,0.0,男,遷入,新北市內,0
111,9,26,平溪區,,,,無年齡維度,0.0,女,遷入,桃園市,5
111,9,26,平溪區,,,,無年齡維度,0.0,男,遷入,桃園市,6
111,9,26,平溪區,,,,無年齡維度,0.0,女,遷入,福建省,0
111,9,26,平溪區,,,,無年齡維度,0.0,男,遷入,福建省,0
111,9,26,平溪區,,,,無年齡維度,0.0,女,遷入,臺中市,0
111,9,26,平溪區,,,,無年齡維度,0.0,男,遷入,臺中市,0
111,9,26,平溪區,,,,無年齡維度,0.0,女,遷入,臺北市,0
111,9,26,平溪區,,,,無年齡維度,0.0,男,遷入,臺北市,0
111,9,26,平溪區,,,,無年齡維度,0.0,女,遷入,臺南市,0
111,9,26,平溪區,,,,無年齡維度,0.0,男,遷入,臺南市,0
111,9,26,平溪區,,,,無年齡維度,0.0,女,遷入,臺灣省,2
111,9,26,平溪區,,,,無年齡維度,0.0,男,遷入,臺灣省,1
111,9,26,平溪區,,,,無年齡維度,0.0,女,遷入,高雄市,0
111,9,26,平溪區,,,,無年齡維度,0.0,男,遷入,高雄市,0
111,9,26,平溪區,,,,無年齡維度,0.0,女,遷出,migrants,10
111,9,26,平溪區,,,,無年齡維度,0.0,男,遷出,migrants,4
111,9,26,平溪區,,,,無年齡維度,0.0,女,遷出,other,0
111,9,26,平溪區,,,,無年齡維度,0.0,男,遷出,other,0
111,9,26,平溪區,,,,無年齡維度,0.0,女,遷出,其他縣市,0
111,9,26,平溪區,,,,無年齡維度,0.0,男,遷出,其他縣市,0
111,9,26,平溪區,,,,無年齡維度,0.0,女,遷出,其他鄉鎮,3
111,9,26,平溪區,,,,無年齡維度,0.0,男,遷出,其他鄉鎮,7
111,9,26,平溪區,,,,無年齡維度,0.0,女,遷出,合計,8
111,9,26,平溪區,,,,無年齡維度,0.0,男,遷出,合計,11
111,9,26,平溪區,,,,無年齡維度,0.0,女,遷出,國外,0
111,9,26,平溪區,,,,無年齡維度,0.0,男,遷出,國外,0
111,9,26,平溪區,,,,無年齡維度,0.0,女,遷出,新北市內,0
111,9,26,平溪區,,,,無年齡維度,0.0,男,遷出,新北市內,0
111,9,26,平溪區,,,,無年齡維度,0.0,女,遷出,桃園市,1
111,9,26,平溪區,,,,無年齡維度,0.0,男,遷出,桃園市,2
111,9,26,平溪區,,,,無年齡維度,0.0,女,遷出,福建省,0
111,9,26,平溪區,,,,無年齡維度,0.0,男,遷出,福建省,0
111,9,26,平溪區,,,,無年齡維度,0.0,女,遷出,臺中市,0
111,9,26,平溪區,,,,無年齡維度,0.0,男,遷出,臺中市,1
111,9,26,平溪區,,,,無年齡維度,0.0,女,遷出,臺北市,0
111,9,26,平溪區,,,,無年齡維度,0.0,男,遷出,臺北市,1
111,9,26,平溪區,,,,無年齡維度,0.0,女,遷出,臺南市,1
111,9,26,平溪區,,,,無年齡維度,0.0,男,遷出,臺南市,0
111,9,26,平溪區,,,,無年齡維度,0.0,女,遷出,臺灣省,3
111,9,26,平溪區,,,,無年齡維度,0.0,男,遷出,臺灣省,0
111,9,26,平溪區,,,,無年齡維度,0.0,女,遷出,高雄市,0
111,9,26,平溪區,,,,無年齡維度,0.0,男,遷出,高雄市,0
111,9,27,雙溪區,,,,無年齡維度,0.0,女,遷入,migrants,14
111,9,27,雙溪區,,,,無年齡維度,0.0,男,遷入,migrants,16
111,9,27,雙溪區,,,,無年齡維度,0.0,女,遷入,other,0
111,9,27,雙溪區,,,,無年齡維度,0.0,男,遷入,other,0
111,9,27,雙溪區,,,,無年齡維度,0.0,女,遷入,其他縣市,0
111,9,27,雙溪區,,,,無年齡維度,0.0,男,遷入,其他縣市,0
111,9,27,雙溪區,,,,無年齡維度,0.0,女,遷入,其他鄉鎮,4
111,9,27,雙溪區,,,,無年齡維度,0.0,男,遷入,其他鄉鎮,6
111,9,27,雙溪區,,,,無年齡維度,0.0,女,遷入,合計,11
111,9,27,雙溪區,,,,無年齡維度,0.0,男,遷入,合計,23
111,9,27,雙溪區,,,,無年齡維度,0.0,女,遷入,國外,2
111,9,27,雙溪區,,,,無年齡維度,0.0,男,遷入,國外,4
111,9,27,雙溪區,,,,無年齡維度,0.0,女,遷入,新北市內,0
111,9,27,雙溪區,,,,無年齡維度,0.0,男,遷入,新北市內,0
111,9,27,雙溪區,,,,無年齡維度,0.0,女,遷入,桃園市,0
111,9,27,雙溪區,,,,無年齡維度,0.0,男,遷入,桃園市,0
111,9,27,雙溪區,,,,無年齡維度,0.0,女,遷入,福建省,0
111,9,27,雙溪區,,,,無年齡維度,0.0,男,遷入,福建省,0
111,9,27,雙溪區,,,,無年齡維度,0.0,女,遷入,臺中市,0
111,9,27,雙溪區,,,,無年齡維度,0.0,男,遷入,臺中市,0
111,9,27,雙溪區,,,,無年齡維度,0.0,女,遷入,臺北市,2
111,9,27,雙溪區,,,,無年齡維度,0.0,男,遷入,臺北市,5
111,9,27,雙溪區,,,,無年齡維度,0.0,女,遷入,臺南市,1
111,9,27,雙溪區,,,,無年齡維度,0.0,男,遷入,臺南市,1
111,9,27,雙溪區,,,,無年齡維度,0.0,女,遷入,臺灣省,2
111,9,27,雙溪區,,,,無年齡維度,0.0,男,遷入,臺灣省,7
111,9,27,雙溪區,,,,無年齡維度,0.0,女,遷入,高雄市,0
111,9,27,雙溪區,,,,無年齡維度,0.0,男,遷入,高雄市,0
111,9,27,雙溪區,,,,無年齡維度,0.0,女,遷出,migrants,14
111,9,27,雙溪區,,,,無年齡維度,0.0,男,遷出,migrants,16
111,9,27,雙溪區,,,,無年齡維度,0.0,女,遷出,other,0
111,9,27,雙溪區,,,,無年齡維度,0.0,男,遷出,other,0
111,9,27,雙溪區,,,,無年齡維度,0.0,女,遷出,其他縣市,0
111,9,27,雙溪區,,,,無年齡維度,0.0,男,遷出,其他縣市,0
111,9,27,雙溪區,,,,無年齡維度,0.0,女,遷出,其他鄉鎮,16
111,9,27,雙溪區,,,,無年齡維度,0.0,男,遷出,其他鄉鎮,17
111,9,27,雙溪區,,,,無年齡維度,0.0,女,遷出,合計,30
111,9,27,雙溪區,,,,無年齡維度,0.0,男,遷出,合計,33
111,9,27,雙溪區,,,,無年齡維度,0.0,女,遷出,國外,0
111,9,27,雙溪區,,,,無年齡維度,0.0,男,遷出,國外,0
111,9,27,雙溪區,,,,無年齡維度,0.0,女,遷出,新北市內,0
111,9,27,雙溪區,,,,無年齡維度,0.0,男,遷出,新北市內,0
111,9,27,雙溪區,,,,無年齡維度,0.0,女,遷出,桃園市,4
111,9,27,雙溪區,,,,無年齡維度,0.0,男,遷出,桃園市,3
111,9,27,雙溪區,,,,無年齡維度,0.0,女,遷出,福建省,0
111,9,27,雙溪區,,,,無年齡維度,0.0,男,遷出,福建省,1
111,9,27,雙溪區,,,,無年齡維度,0.0,女,遷出,臺中市,3
111,9,27,雙溪區,,,,無年齡維度,0.0,男,遷出,臺中市,3
111,9,27,雙溪區,,,,無年齡維度,0.0,女,遷出,臺北市,3
111,9,27,雙溪區,,,,無年齡維度,0.0,男,遷出,臺北市,5
111,9,27,雙溪區,,,,無年齡維度,0.0,女,遷出,臺南市,0
111,9,27,雙溪區,,,,無年齡維度,0.0,男,遷出,臺南市,0
111,9,27,雙溪區,,,,無年齡維度,0.0,女,遷出,臺灣省,3
111,9,27,雙溪區,,,,無年齡維度,0.0,男,遷出,臺灣省,2
111,9,27,雙溪區,,,,無年齡維度,0.0,女,遷出,高雄市,1
111,9,27,雙溪區,,,,無年齡維度,0.0,男,遷出,高雄市,2
111,9,28,貢寮區,,,,無年齡維度,0.0,女,遷入,migrants,12
111,9,28,貢寮區,,,,無年齡維度,0.0,男,遷入,migrants,16
111,9,28,貢寮區,,,,無年齡維度,0.0,女,遷入,other,0
111,9,28,貢寮區,,,,無年齡維度,0.0,男,遷入,other,0
111,9,28,貢寮區,,,,無年齡維度,0.0,女,遷入,其他縣市,0
111,9,28,貢寮區,,,,無年齡維度,0.0,男,遷入,其他縣市,0
111,9,28,貢寮區,,,,無年齡維度,0.0,女,遷入,其他鄉鎮,9
111,9,28,貢寮區,,,,無年齡維度,0.0,男,遷入,其他鄉鎮,13
111,9,28,貢寮區,,,,無年齡維度,0.0,女,遷入,合計,34
111,9,28,貢寮區,,,,無年齡維度,0.0,男,遷入,合計,31
111,9,28,貢寮區,,,,無年齡維度,0.0,女,遷入,國外,6
111,9,28,貢寮區,,,,無年齡維度,0.0,男,遷入,國外,2
111,9,28,貢寮區,,,,無年齡維度,0.0,女,遷入,新北市內,0
111,9,28,貢寮區,,,,無年齡維度,0.0,男,遷入,新北市內,0
111,9,28,貢寮區,,,,無年齡維度,0.0,女,遷入,桃園市,2
111,9,28,貢寮區,,,,無年齡維度,0.0,男,遷入,桃園市,0
111,9,28,貢寮區,,,,無年齡維度,0.0,女,遷入,福建省,0
111,9,28,貢寮區,,,,無年齡維度,0.0,男,遷入,福建省,0
111,9,28,貢寮區,,,,無年齡維度,0.0,女,遷入,臺中市,1
111,9,28,貢寮區,,,,無年齡維度,0.0,男,遷入,臺中市,0
111,9,28,貢寮區,,,,無年齡維度,0.0,女,遷入,臺北市,5
111,9,28,貢寮區,,,,無年齡維度,0.0,男,遷入,臺北市,6
111,9,28,貢寮區,,,,無年齡維度,0.0,女,遷入,臺南市,0
111,9,28,貢寮區,,,,無年齡維度,0.0,男,遷入,臺南市,0
111,9,28,貢寮區,,,,無年齡維度,0.0,女,遷入,臺灣省,8
111,9,28,貢寮區,,,,無年齡維度,0.0,男,遷入,臺灣省,10
111,9,28,貢寮區,,,,無年齡維度,0.0,女,遷入,高雄市,1
111,9,28,貢寮區,,,,無年齡維度,0.0,男,遷入,高雄市,0
111,9,28,貢寮區,,,,無年齡維度,0.0,女,遷出,migrants,12
111,9,28,貢寮區,,,,無年齡維度,0.0,男,遷出,migrants,16
111,9,28,貢寮區,,,,無年齡維度,0.0,女,遷出,other,0
111,9,28,貢寮區,,,,無年齡維度,0.0,男,遷出,other,0
111,9,28,貢寮區,,,,無年齡維度,0.0,女,遷出,其他縣市,0
111,9,28,貢寮區,,,,無年齡維度,0.0,男,遷出,其他縣市,0
111,9,28,貢寮區,,,,無年齡維度,0.0,女,遷出,其他鄉鎮,9
111,9,28,貢寮區,,,,無年齡維度,0.0,男,遷出,其他鄉鎮,8
111,9,28,貢寮區,,,,無年齡維度,0.0,女,遷出,合計,34
111,9,28,貢寮區,,,,無年齡維度,0.0,男,遷出,合計,20
111,9,28,貢寮區,,,,無年齡維度,0.0,女,遷出,國外,4
111,9,28,貢寮區,,,,無年齡維度,0.0,男,遷出,國外,2
111,9,28,貢寮區,,,,無年齡維度,0.0,女,遷出,新北市內,0
111,9,28,貢寮區,,,,無年齡維度,0.0,男,遷出,新北市內,0
111,9,28,貢寮區,,,,無年齡維度,0.0,女,遷出,桃園市,3
111,9,28,貢寮區,,,,無年齡維度,0.0,男,遷出,桃園市,1
111,9,28,貢寮區,,,,無年齡維度,0.0,女,遷出,福建省,0
111,9,28,貢寮區,,,,無年齡維度,0.0,男,遷出,福建省,0
111,9,28,貢寮區,,,,無年齡維度,0.0,女,遷出,臺中市,2
111,9,28,貢寮區,,,,無年齡維度,0.0,男,遷出,臺中市,1
111,9,28,貢寮區,,,,無年齡維度,0.0,女,遷出,臺北市,2
111,9,28,貢寮區,,,,無年齡維度,0.0,男,遷出,臺北市,2
111,9,28,貢寮區,,,,無年齡維度,0.0,女,遷出,臺南市,1
111,9,28,貢寮區,,,,無年齡維度,0.0,男,遷出,臺南市,1
111,9,28,貢寮區,,,,無年齡維度,0.0,女,遷出,臺灣省,13
111,9,28,貢寮區,,,,無年齡維度,0.0,男,遷出,臺灣省,5
111,9,28,貢寮區,,,,無年齡維度,0.0,女,遷出,高雄市,0
111,9,28,貢寮區,,,,無年齡維度,0.0,男,遷出,高雄市,0
111,9,29,烏來區,,,,無年齡維度,0.0,女,遷入,migrants,4
111,9,29,烏來區,,,,無年齡維度,0.0,男,遷入,migrants,6
111,9,29,烏來區,,,,無年齡維度,0.0,女,遷入,other,0
111,9,29,烏來區,,,,無年齡維度,0.0,男,遷入,other,0
111,9,29,烏來區,,,,無年齡維度,0.0,女,遷入,其他縣市,0
111,9,29,烏來區,,,,無年齡維度,0.0,男,遷入,其他縣市,0
111,9,29,烏來區,,,,無年齡維度,0.0,女,遷入,其他鄉鎮,11
111,9,29,烏來區,,,,無年齡維度,0.0,男,遷入,其他鄉鎮,6
111,9,29,烏來區,,,,無年齡維度,0.0,女,遷入,合計,15
111,9,29,烏來區,,,,無年齡維度,0.0,男,遷入,合計,12
111,9,29,烏來區,,,,無年齡維度,0.0,女,遷入,國外,1
111,9,29,烏來區,,,,無年齡維度,0.0,男,遷入,國外,0
111,9,29,烏來區,,,,無年齡維度,0.0,女,遷入,新北市內,0
111,9,29,烏來區,,,,無年齡維度,0.0,男,遷入,新北市內,0
111,9,29,烏來區,,,,無年齡維度,0.0,女,遷入,桃園市,1
111,9,29,烏來區,,,,無年齡維度,0.0,男,遷入,桃園市,1
111,9,29,烏來區,,,,無年齡維度,0.0,女,遷入,福建省,0
111,9,29,烏來區,,,,無年齡維度,0.0,男,遷入,福建省,0
111,9,29,烏來區,,,,無年齡維度,0.0,女,遷入,臺中市,0
111,9,29,烏來區,,,,無年齡維度,0.0,男,遷入,臺中市,1
111,9,29,烏來區,,,,無年齡維度,0.0,女,遷入,臺北市,1
111,9,29,烏來區,,,,無年齡維度,0.0,男,遷入,臺北市,2
111,9,29,烏來區,,,,無年齡維度,0.0,女,遷入,臺南市,0
111,9,29,烏來區,,,,無年齡維度,0.0,男,遷入,臺南市,0
111,9,29,烏來區,,,,無年齡維度,0.0,女,遷入,臺灣省,0
111,9,29,烏來區,,,,無年齡維度,0.0,男,遷入,臺灣省,2
111,9,29,烏來區,,,,無年齡維度,0.0,女,遷入,高雄市,1
111,9,29,烏來區,,,,無年齡維度,0.0,男,遷入,高雄市,0
111,9,29,烏來區,,,,無年齡維度,0.0,女,遷出,migrants,4
111,9,29,烏來區,,,,無年齡維度,0.0,男,遷出,migrants,6
111,9,29,烏來區,,,,無年齡維度,0.0,女,遷出,other,0
111,9,29,烏來區,,,,無年齡維度,0.0,男,遷出,other,0
111,9,29,烏來區,,,,無年齡維度,0.0,女,遷出,其他縣市,0
111,9,29,烏來區,,,,無年齡維度,0.0,男,遷出,其他縣市,0
111,9,29,烏來區,,,,無年齡維度,0.0,女,遷出,其他鄉鎮,2
111,9,29,烏來區,,,,無年齡維度,0.0,男,遷出,其他鄉鎮,5
111,9,29,烏來區,,,,無年齡維度,0.0,女,遷出,合計,7
111,9,29,烏來區,,,,無年齡維度,0.0,男,遷出,合計,6
111,9,29,烏來區,,,,無年齡維度,0.0,女,遷出,國外,2
111,9,29,烏來區,,,,無年齡維度,0.0,男,遷出,國外,0
111,9,29,烏來區,,,,無年齡維度,0.0,女,遷出,新北市內,0
111,9,29,烏來區,,,,無年齡維度,0.0,男,遷出,新北市內,0
111,9,29,烏來區,,,,無年齡維度,0.0,女,遷出,桃園市,0
111,9,29,烏來區,,,,無年齡維度,0.0,男,遷出,桃園市,0
111,9,29,烏來區,,,,無年齡維度,0.0,女,遷出,福建省,0
111,9,29,烏來區,,,,無年齡維度,0.0,男,遷出,福建省,0
111,9,29,烏來區,,,,無年齡維度,0.0,女,遷出,臺中市,0
111,9,29,烏來區,,,,無年齡維度,0.0,男,遷出,臺中市,0
111,9,29,烏來區,,,,無年齡維度,0.0,女,遷出,臺北市,2
111,9,29,烏來區,,,,無年齡維度,0.0,男,遷出,臺北市,0
111,9,29,烏來區,,,,無年齡維度,0.0,女,遷出,臺南市,0
111,9,29,烏來區,,,,無年齡維度,0.0,男,遷出,臺南市,1
111,9,29,烏來區,,,,無年齡維度,0.0,女,遷出,臺灣省,1
111,9,29,烏來區,,,,無年齡維度,0.0,男,遷出,臺灣省,0
111,9,29,烏來區,,,,無年齡維度,0.0,女,遷出,高雄市,0
111,9,29,烏來區,,,,無年齡維度,0.0,男,遷出,高雄市,0
111,10,1,板橋區,,,,無年齡維度,0.0,女,遷入,migrants,611
111,10,1,板橋區,,,,無年齡維度,0.0,男,遷入,migrants,494
111,10,1,板橋區,,,,無年齡維度,0.0,女,遷入,other,0
111,10,1,板橋區,,,,無年齡維度,0.0,男,遷入,other,0
111,10,1,板橋區,,,,無年齡維度,0.0,女,遷入,其他縣市,0
111,10,1,板橋區,,,,無年齡維度,0.0,男,遷入,其他縣市,0
111,10,1,板橋區,,,,無年齡維度,0.0,女,遷入,其他鄉鎮,284
111,10,1,板橋區,,,,無年齡維度,0.0,男,遷入,其他鄉鎮,238
111,10,1,板橋區,,,,無年齡維度,0.0,女,遷入,合計,900
111,10,1,板橋區,,,,無年齡維度,0.0,男,遷入,合計,730
111,10,1,板橋區,,,,無年齡維度,0.0,女,遷入,國外,320
111,10,1,板橋區,,,,無年齡維度,0.0,男,遷入,國外,254
111,10,1,板橋區,,,,無年齡維度,0.0,女,遷入,新北市內,0
111,10,1,板橋區,,,,無年齡維度,0.0,男,遷入,新北市內,0
111,10,1,板橋區,,,,無年齡維度,0.0,女,遷入,桃園市,37
111,10,1,板橋區,,,,無年齡維度,0.0,男,遷入,桃園市,33
111,10,1,板橋區,,,,無年齡維度,0.0,女,遷入,福建省,0
111,10,1,板橋區,,,,無年齡維度,0.0,男,遷入,福建省,2
111,10,1,板橋區,,,,無年齡維度,0.0,女,遷入,臺中市,16
111,10,1,板橋區,,,,無年齡維度,0.0,男,遷入,臺中市,15
111,10,1,板橋區,,,,無年齡維度,0.0,女,遷入,臺北市,125
111,10,1,板橋區,,,,無年齡維度,0.0,男,遷入,臺北市,96
111,10,1,板橋區,,,,無年齡維度,0.0,女,遷入,臺南市,17
111,10,1,板橋區,,,,無年齡維度,0.0,男,遷入,臺南市,7
111,10,1,板橋區,,,,無年齡維度,0.0,女,遷入,臺灣省,66
111,10,1,板橋區,,,,無年齡維度,0.0,男,遷入,臺灣省,63
111,10,1,板橋區,,,,無年齡維度,0.0,女,遷入,高雄市,20
111,10,1,板橋區,,,,無年齡維度,0.0,男,遷入,高雄市,11
111,10,1,板橋區,,,,無年齡維度,0.0,女,遷出,migrants,611
111,10,1,板橋區,,,,無年齡維度,0.0,男,遷出,migrants,494
111,10,1,板橋區,,,,無年齡維度,0.0,女,遷出,other,0
111,10,1,板橋區,,,,無年齡維度,0.0,男,遷出,other,0
111,10,1,板橋區,,,,無年齡維度,0.0,女,遷出,其他縣市,0
111,10,1,板橋區,,,,無年齡維度,0.0,男,遷出,其他縣市,0
111,10,1,板橋區,,,,無年齡維度,0.0,女,遷出,其他鄉鎮,290
111,10,1,板橋區,,,,無年齡維度,0.0,男,遷出,其他鄉鎮,269
111,10,1,板橋區,,,,無年齡維度,0.0,女,遷出,合計,637
111,10,1,板橋區,,,,無年齡維度,0.0,男,遷出,合計,579
111,10,1,板橋區,,,,無年齡維度,0.0,女,遷出,國外,52
111,10,1,板橋區,,,,無年齡維度,0.0,男,遷出,國外,61
111,10,1,板橋區,,,,無年齡維度,0.0,女,遷出,新北市內,0
111,10,1,板橋區,,,,無年齡維度,0.0,男,遷出,新北市內,0
111,10,1,板橋區,,,,無年齡維度,0.0,女,遷出,桃園市,64
111,10,1,板橋區,,,,無年齡維度,0.0,男,遷出,桃園市,65
111,10,1,板橋區,,,,無年齡維度,0.0,女,遷出,福建省,5
111,10,1,板橋區,,,,無年齡維度,0.0,男,遷出,福建省,6
111,10,1,板橋區,,,,無年齡維度,0.0,女,遷出,臺中市,23
111,10,1,板橋區,,,,無年齡維度,0.0,男,遷出,臺中市,16
111,10,1,板橋區,,,,無年齡維度,0.0,女,遷出,臺北市,106
111,10,1,板橋區,,,,無年齡維度,0.0,男,遷出,臺北市,81
111,10,1,板橋區,,,,無年齡維度,0.0,女,遷出,臺南市,10
111,10,1,板橋區,,,,無年齡維度,0.0,男,遷出,臺南市,6
111,10,1,板橋區,,,,無年齡維度,0.0,女,遷出,臺灣省,82
111,10,1,板橋區,,,,無年齡維度,0.0,男,遷出,臺灣省,70
111,10,1,板橋區,,,,無年齡維度,0.0,女,遷出,高雄市,5
111,10,1,板橋區,,,,無年齡維度,0.0,男,遷出,高雄市,5
111,10,2,三重區,,,,無年齡維度,0.0,女,遷入,migrants,380
111,10,2,三重區,,,,無年齡維度,0.0,男,遷入,migrants,341
111,10,2,三重區,,,,無年齡維度,0.0,女,遷入,other,0
111,10,2,三重區,,,,無年齡維度,0.0,男,遷入,other,0
111,10,2,三重區,,,,無年齡維度,0.0,女,遷入,其他縣市,0
111,10,2,三重區,,,,無年齡維度,0.0,男,遷入,其他縣市,0
111,10,2,三重區,,,,無年齡維度,0.0,女,遷入,其他鄉鎮,136
111,10,2,三重區,,,,無年齡維度,0.0,男,遷入,其他鄉鎮,116
111,10,2,三重區,,,,無年齡維度,0.0,女,遷入,合計,642
111,10,2,三重區,,,,無年齡維度,0.0,男,遷入,合計,484
111,10,2,三重區,,,,無年齡維度,0.0,女,遷入,國外,241
111,10,2,三重區,,,,無年齡維度,0.0,男,遷入,國外,165
111,10,2,三重區,,,,無年齡維度,0.0,女,遷入,新北市內,0
111,10,2,三重區,,,,無年齡維度,0.0,男,遷入,新北市內,0
111,10,2,三重區,,,,無年齡維度,0.0,女,遷入,桃園市,34
111,10,2,三重區,,,,無年齡維度,0.0,男,遷入,桃園市,17
111,10,2,三重區,,,,無年齡維度,0.0,女,遷入,福建省,2
111,10,2,三重區,,,,無年齡維度,0.0,男,遷入,福建省,2
111,10,2,三重區,,,,無年齡維度,0.0,女,遷入,臺中市,11
111,10,2,三重區,,,,無年齡維度,0.0,男,遷入,臺中市,4
111,10,2,三重區,,,,無年齡維度,0.0,女,遷入,臺北市,134
111,10,2,三重區,,,,無年齡維度,0.0,男,遷入,臺北市,117
111,10,2,三重區,,,,無年齡維度,0.0,女,遷入,臺南市,10
111,10,2,三重區,,,,無年齡維度,0.0,男,遷入,臺南市,5
111,10,2,三重區,,,,無年齡維度,0.0,女,遷入,臺灣省,48
111,10,2,三重區,,,,無年齡維度,0.0,男,遷入,臺灣省,49
111,10,2,三重區,,,,無年齡維度,0.0,女,遷入,高雄市,11
111,10,2,三重區,,,,無年齡維度,0.0,男,遷入,高雄市,5
111,10,2,三重區,,,,無年齡維度,0.0,女,遷出,migrants,380
111,10,2,三重區,,,,無年齡維度,0.0,男,遷出,migrants,341
111,10,2,三重區,,,,無年齡維度,0.0,女,遷出,other,0
111,10,2,三重區,,,,無年齡維度,0.0,男,遷出,other,0
111,10,2,三重區,,,,無年齡維度,0.0,女,遷出,其他縣市,0
111,10,2,三重區,,,,無年齡維度,0.0,男,遷出,其他縣市,0
111,10,2,三重區,,,,無年齡維度,0.0,女,遷出,其他鄉鎮,241
111,10,2,三重區,,,,無年齡維度,0.0,男,遷出,其他鄉鎮,187
111,10,2,三重區,,,,無年齡維度,0.0,女,遷出,合計,560
111,10,2,三重區,,,,無年齡維度,0.0,男,遷出,合計,461
111,10,2,三重區,,,,無年齡維度,0.0,女,遷出,國外,47
111,10,2,三重區,,,,無年齡維度,0.0,男,遷出,國外,37
111,10,2,三重區,,,,無年齡維度,0.0,女,遷出,新北市內,0
111,10,2,三重區,,,,無年齡維度,0.0,男,遷出,新北市內,0
111,10,2,三重區,,,,無年齡維度,0.0,女,遷出,桃園市,37
111,10,2,三重區,,,,無年齡維度,0.0,男,遷出,桃園市,40
111,10,2,三重區,,,,無年齡維度,0.0,女,遷出,福建省,2
111,10,2,三重區,,,,無年齡維度,0.0,男,遷出,福建省,3
111,10,2,三重區,,,,無年齡維度,0.0,女,遷出,臺中市,16
111,10,2,三重區,,,,無年齡維度,0.0,男,遷出,臺中市,10
111,10,2,三重區,,,,無年齡維度,0.0,女,遷出,臺北市,140
111,10,2,三重區,,,,無年齡維度,0.0,男,遷出,臺北市,120
111,10,2,三重區,,,,無年齡維度,0.0,女,遷出,臺南市,8
111,10,2,三重區,,,,無年齡維度,0.0,男,遷出,臺南市,9
111,10,2,三重區,,,,無年齡維度,0.0,女,遷出,臺灣省,60
111,10,2,三重區,,,,無年齡維度,0.0,男,遷出,臺灣省,45
111,10,2,三重區,,,,無年齡維度,0.0,女,遷出,高雄市,9
111,10,2,三重區,,,,無年齡維度,0.0,男,遷出,高雄市,10
111,10,3,中和區,,,,無年齡維度,0.0,女,遷入,migrants,284
111,10,3,中和區,,,,無年齡維度,0.0,男,遷入,migrants,241
111,10,3,中和區,,,,無年齡維度,0.0,女,遷入,other,0
111,10,3,中和區,,,,無年齡維度,0.0,男,遷入,other,0
111,10,3,中和區,,,,無年齡維度,0.0,女,遷入,其他縣市,0
111,10,3,中和區,,,,無年齡維度,0.0,男,遷入,其他縣市,0
111,10,3,中和區,,,,無年齡維度,0.0,女,遷入,其他鄉鎮,271
111,10,3,中和區,,,,無年齡維度,0.0,男,遷入,其他鄉鎮,207
111,10,3,中和區,,,,無年齡維度,0.0,女,遷入,合計,862
111,10,3,中和區,,,,無年齡維度,0.0,男,遷入,合計,672
111,10,3,中和區,,,,無年齡維度,0.0,女,遷入,國外,340
111,10,3,中和區,,,,無年齡維度,0.0,男,遷入,國外,239
111,10,3,中和區,,,,無年齡維度,0.0,女,遷入,新北市內,0
111,10,3,中和區,,,,無年齡維度,0.0,男,遷入,新北市內,0
111,10,3,中和區,,,,無年齡維度,0.0,女,遷入,桃園市,27
111,10,3,中和區,,,,無年齡維度,0.0,男,遷入,桃園市,23
111,10,3,中和區,,,,無年齡維度,0.0,女,遷入,福建省,6
111,10,3,中和區,,,,無年齡維度,0.0,男,遷入,福建省,5
111,10,3,中和區,,,,無年齡維度,0.0,女,遷入,臺中市,7
111,10,3,中和區,,,,無年齡維度,0.0,男,遷入,臺中市,10
111,10,3,中和區,,,,無年齡維度,0.0,女,遷入,臺北市,120
111,10,3,中和區,,,,無年齡維度,0.0,男,遷入,臺北市,117
111,10,3,中和區,,,,無年齡維度,0.0,女,遷入,臺南市,5
111,10,3,中和區,,,,無年齡維度,0.0,男,遷入,臺南市,7
111,10,3,中和區,,,,無年齡維度,0.0,女,遷入,臺灣省,57
111,10,3,中和區,,,,無年齡維度,0.0,男,遷入,臺灣省,44
111,10,3,中和區,,,,無年齡維度,0.0,女,遷入,高雄市,13
111,10,3,中和區,,,,無年齡維度,0.0,男,遷入,高雄市,11
111,10,3,中和區,,,,無年齡維度,0.0,女,遷出,migrants,284
111,10,3,中和區,,,,無年齡維度,0.0,男,遷出,migrants,241
111,10,3,中和區,,,,無年齡維度,0.0,女,遷出,other,0
111,10,3,中和區,,,,無年齡維度,0.0,男,遷出,other,0
111,10,3,中和區,,,,無年齡維度,0.0,女,遷出,其他縣市,0
111,10,3,中和區,,,,無年齡維度,0.0,男,遷出,其他縣市,0
111,10,3,中和區,,,,無年齡維度,0.0,女,遷出,其他鄉鎮,314
111,10,3,中和區,,,,無年齡維度,0.0,男,遷出,其他鄉鎮,250
111,10,3,中和區,,,,無年齡維度,0.0,女,遷出,合計,626
111,10,3,中和區,,,,無年齡維度,0.0,男,遷出,合計,528
111,10,3,中和區,,,,無年齡維度,0.0,女,遷出,國外,52
111,10,3,中和區,,,,無年齡維度,0.0,男,遷出,國外,68
111,10,3,中和區,,,,無年齡維度,0.0,女,遷出,新北市內,0
111,10,3,中和區,,,,無年齡維度,0.0,男,遷出,新北市內,0
111,10,3,中和區,,,,無年齡維度,0.0,女,遷出,桃園市,41
111,10,3,中和區,,,,無年齡維度,0.0,男,遷出,桃園市,49
111,10,3,中和區,,,,無年齡維度,0.0,女,遷出,福建省,16
111,10,3,中和區,,,,無年齡維度,0.0,男,遷出,福建省,9
111,10,3,中和區,,,,無年齡維度,0.0,女,遷出,臺中市,14
111,10,3,中和區,,,,無年齡維度,0.0,男,遷出,臺中市,14
111,10,3,中和區,,,,無年齡維度,0.0,女,遷出,臺北市,116
111,10,3,中和區,,,,無年齡維度,0.0,男,遷出,臺北市,73
111,10,3,中和區,,,,無年齡維度,0.0,女,遷出,臺南市,7
111,10,3,中和區,,,,無年齡維度,0.0,男,遷出,臺南市,6
111,10,3,中和區,,,,無年齡維度,0.0,女,遷出,臺灣省,54
111,10,3,中和區,,,,無年齡維度,0.0,男,遷出,臺灣省,50
111,10,3,中和區,,,,無年齡維度,0.0,女,遷出,高雄市,11
111,10,3,中和區,,,,無年齡維度,0.0,男,遷出,高雄市,8
111,10,4,永和區,,,,無年齡維度,0.0,女,遷入,migrants,152
111,10,4,永和區,,,,無年齡維度,0.0,男,遷入,migrants,137
111,10,4,永和區,,,,無年齡維度,0.0,女,遷入,other,0
111,10,4,永和區,,,,無年齡維度,0.0,男,遷入,other,0
111,10,4,永和區,,,,無年齡維度,0.0,女,遷入,其他縣市,0
111,10,4,永和區,,,,無年齡維度,0.0,男,遷入,其他縣市,0
111,10,4,永和區,,,,無年齡維度,0.0,女,遷入,其他鄉鎮,160
111,10,4,永和區,,,,無年齡維度,0.0,男,遷入,其他鄉鎮,129
111,10,4,永和區,,,,無年齡維度,0.0,女,遷入,合計,575
111,10,4,永和區,,,,無年齡維度,0.0,男,遷入,合計,439
111,10,4,永和區,,,,無年齡維度,0.0,女,遷入,國外,301
111,10,4,永和區,,,,無年齡維度,0.0,男,遷入,國外,201
111,10,4,永和區,,,,無年齡維度,0.0,女,遷入,新北市內,0
111,10,4,永和區,,,,無年齡維度,0.0,男,遷入,新北市內,0
111,10,4,永和區,,,,無年齡維度,0.0,女,遷入,桃園市,9
111,10,4,永和區,,,,無年齡維度,0.0,男,遷入,桃園市,9
111,10,4,永和區,,,,無年齡維度,0.0,女,遷入,福建省,3
111,10,4,永和區,,,,無年齡維度,0.0,男,遷入,福建省,2
111,10,4,永和區,,,,無年齡維度,0.0,女,遷入,臺中市,3
111,10,4,永和區,,,,無年齡維度,0.0,男,遷入,臺中市,5
111,10,4,永和區,,,,無年齡維度,0.0,女,遷入,臺北市,54
111,10,4,永和區,,,,無年齡維度,0.0,男,遷入,臺北市,60
111,10,4,永和區,,,,無年齡維度,0.0,女,遷入,臺南市,4
111,10,4,永和區,,,,無年齡維度,0.0,男,遷入,臺南市,0
111,10,4,永和區,,,,無年齡維度,0.0,女,遷入,臺灣省,26
111,10,4,永和區,,,,無年齡維度,0.0,男,遷入,臺灣省,23
111,10,4,永和區,,,,無年齡維度,0.0,女,遷入,高雄市,8
111,10,4,永和區,,,,無年齡維度,0.0,男,遷入,高雄市,3
111,10,4,永和區,,,,無年齡維度,0.0,女,遷出,migrants,152
111,10,4,永和區,,,,無年齡維度,0.0,男,遷出,migrants,137
111,10,4,永和區,,,,無年齡維度,0.0,女,遷出,other,0
111,10,4,永和區,,,,無年齡維度,0.0,男,遷出,other,0
111,10,4,永和區,,,,無年齡維度,0.0,女,遷出,其他縣市,0
111,10,4,永和區,,,,無年齡維度,0.0,男,遷出,其他縣市,0
111,10,4,永和區,,,,無年齡維度,0.0,女,遷出,其他鄉鎮,204
111,10,4,永和區,,,,無年齡維度,0.0,男,遷出,其他鄉鎮,161
111,10,4,永和區,,,,無年齡維度,0.0,女,遷出,合計,375
111,10,4,永和區,,,,無年齡維度,0.0,男,遷出,合計,303
111,10,4,永和區,,,,無年齡維度,0.0,女,遷出,國外,40
111,10,4,永和區,,,,無年齡維度,0.0,男,遷出,國外,37
111,10,4,永和區,,,,無年齡維度,0.0,女,遷出,新北市內,0
111,10,4,永和區,,,,無年齡維度,0.0,男,遷出,新北市內,0
111,10,4,永和區,,,,無年齡維度,0.0,女,遷出,桃園市,26
111,10,4,永和區,,,,無年齡維度,0.0,男,遷出,桃園市,23
111,10,4,永和區,,,,無年齡維度,0.0,女,遷出,福建省,2
111,10,4,永和區,,,,無年齡維度,0.0,男,遷出,福建省,1
111,10,4,永和區,,,,無年齡維度,0.0,女,遷出,臺中市,13
111,10,4,永和區,,,,無年齡維度,0.0,男,遷出,臺中市,6
111,10,4,永和區,,,,無年齡維度,0.0,女,遷出,臺北市,55
111,10,4,永和區,,,,無年齡維度,0.0,男,遷出,臺北市,55
111,10,4,永和區,,,,無年齡維度,0.0,女,遷出,臺南市,3
111,10,4,永和區,,,,無年齡維度,0.0,男,遷出,臺南市,3
111,10,4,永和區,,,,無年齡維度,0.0,女,遷出,臺灣省,31
111,10,4,永和區,,,,無年齡維度,0.0,男,遷出,臺灣省,17
111,10,4,永和區,,,,無年齡維度,0.0,女,遷出,高雄市,1
111,10,4,永和區,,,,無年齡維度,0.0,男,遷出,高雄市,0
111,10,5,新莊區,,,,無年齡維度,0.0,女,遷入,migrants,565
111,10,5,新莊區,,,,無年齡維度,0.0,男,遷入,migrants,472
111,10,5,新莊區,,,,無年齡維度,0.0,女,遷入,other,0
111,10,5,新莊區,,,,無年齡維度,0.0,男,遷入,other,0
111,10,5,新莊區,,,,無年齡維度,0.0,女,遷入,其他縣市,0
111,10,5,新莊區,,,,無年齡維度,0.0,男,遷入,其他縣市,0
111,10,5,新莊區,,,,無年齡維度,0.0,女,遷入,其他鄉鎮,240
111,10,5,新莊區,,,,無年齡維度,0.0,男,遷入,其他鄉鎮,199
111,10,5,新莊區,,,,無年齡維度,0.0,女,遷入,合計,667
111,10,5,新莊區,,,,無年齡維度,0.0,男,遷入,合計,538
111,10,5,新莊區,,,,無年齡維度,0.0,女,遷入,國外,188
111,10,5,新莊區,,,,無年齡維度,0.0,男,遷入,國外,162
111,10,5,新莊區,,,,無年齡維度,0.0,女,遷入,新北市內,0
111,10,5,新莊區,,,,無年齡維度,0.0,男,遷入,新北市內,0
111,10,5,新莊區,,,,無年齡維度,0.0,女,遷入,桃園市,51
111,10,5,新莊區,,,,無年齡維度,0.0,男,遷入,桃園市,45
111,10,5,新莊區,,,,無年齡維度,0.0,女,遷入,福建省,1
111,10,5,新莊區,,,,無年齡維度,0.0,男,遷入,福建省,3
111,10,5,新莊區,,,,無年齡維度,0.0,女,遷入,臺中市,7
111,10,5,新莊區,,,,無年齡維度,0.0,男,遷入,臺中市,7
111,10,5,新莊區,,,,無年齡維度,0.0,女,遷入,臺北市,80
111,10,5,新莊區,,,,無年齡維度,0.0,男,遷入,臺北市,58
111,10,5,新莊區,,,,無年齡維度,0.0,女,遷入,臺南市,13
111,10,5,新莊區,,,,無年齡維度,0.0,男,遷入,臺南市,4
111,10,5,新莊區,,,,無年齡維度,0.0,女,遷入,臺灣省,62
111,10,5,新莊區,,,,無年齡維度,0.0,男,遷入,臺灣省,43
111,10,5,新莊區,,,,無年齡維度,0.0,女,遷入,高雄市,9
111,10,5,新莊區,,,,無年齡維度,0.0,男,遷入,高雄市,9
111,10,5,新莊區,,,,無年齡維度,0.0,女,遷出,migrants,565
111,10,5,新莊區,,,,無年齡維度,0.0,男,遷出,migrants,472
111,10,5,新莊區,,,,無年齡維度,0.0,女,遷出,other,0
111,10,5,新莊區,,,,無年齡維度,0.0,男,遷出,other,0
111,10,5,新莊區,,,,無年齡維度,0.0,女,遷出,其他縣市,0
111,10,5,新莊區,,,,無年齡維度,0.0,男,遷出,其他縣市,0
111,10,5,新莊區,,,,無年齡維度,0.0,女,遷出,其他鄉鎮,222
111,10,5,新莊區,,,,無年齡維度,0.0,男,遷出,其他鄉鎮,188
111,10,5,新莊區,,,,無年齡維度,0.0,女,遷出,合計,547
111,10,5,新莊區,,,,無年齡維度,0.0,男,遷出,合計,483
111,10,5,新莊區,,,,無年齡維度,0.0,女,遷出,國外,28
111,10,5,新莊區,,,,無年齡維度,0.0,男,遷出,國外,47
111,10,5,新莊區,,,,無年齡維度,0.0,女,遷出,新北市內,0
111,10,5,新莊區,,,,無年齡維度,0.0,男,遷出,新北市內,0
111,10,5,新莊區,,,,無年齡維度,0.0,女,遷出,桃園市,107
111,10,5,新莊區,,,,無年齡維度,0.0,男,遷出,桃園市,84
111,10,5,新莊區,,,,無年齡維度,0.0,女,遷出,福建省,1
111,10,5,新莊區,,,,無年齡維度,0.0,男,遷出,福建省,5
111,10,5,新莊區,,,,無年齡維度,0.0,女,遷出,臺中市,15
111,10,5,新莊區,,,,無年齡維度,0.0,男,遷出,臺中市,13
111,10,5,新莊區,,,,無年齡維度,0.0,女,遷出,臺北市,80
111,10,5,新莊區,,,,無年齡維度,0.0,男,遷出,臺北市,63
111,10,5,新莊區,,,,無年齡維度,0.0,女,遷出,臺南市,6
111,10,5,新莊區,,,,無年齡維度,0.0,男,遷出,臺南市,7
111,10,5,新莊區,,,,無年齡維度,0.0,女,遷出,臺灣省,76
111,10,5,新莊區,,,,無年齡維度,0.0,男,遷出,臺灣省,70
111,10,5,新莊區,,,,無年齡維度,0.0,女,遷出,高雄市,12
111,10,5,新莊區,,,,無年齡維度,0.0,男,遷出,高雄市,6
111,10,6,新店區,,,,無年齡維度,0.0,女,遷入,migrants,274
111,10,6,新店區,,,,無年齡維度,0.0,男,遷入,migrants,263
111,10,6,新店區,,,,無年齡維度,0.0,女,遷入,other,0
111,10,6,新店區,,,,無年齡維度,0.0,男,遷入,other,0
111,10,6,新店區,,,,無年齡維度,0.0,女,遷入,其他縣市,0
111,10,6,新店區,,,,無年齡維度,0.0,男,遷入,其他縣市,0
111,10,6,新店區,,,,無年齡維度,0.0,女,遷入,其他鄉鎮,103
111,10,6,新店區,,,,無年齡維度,0.0,男,遷入,其他鄉鎮,93
111,10,6,新店區,,,,無年齡維度,0.0,女,遷入,合計,793
111,10,6,新店區,,,,無年齡維度,0.0,男,遷入,合計,625
111,10,6,新店區,,,,無年齡維度,0.0,女,遷入,國外,445
111,10,6,新店區,,,,無年齡維度,0.0,男,遷入,國外,306
111,10,6,新店區,,,,無年齡維度,0.0,女,遷入,新北市內,0
111,10,6,新店區,,,,無年齡維度,0.0,男,遷入,新北市內,0
111,10,6,新店區,,,,無年齡維度,0.0,女,遷入,桃園市,30
111,10,6,新店區,,,,無年齡維度,0.0,男,遷入,桃園市,16
111,10,6,新店區,,,,無年齡維度,0.0,女,遷入,福建省,2
111,10,6,新店區,,,,無年齡維度,0.0,男,遷入,福建省,4
111,10,6,新店區,,,,無年齡維度,0.0,女,遷入,臺中市,5
111,10,6,新店區,,,,無年齡維度,0.0,男,遷入,臺中市,4
111,10,6,新店區,,,,無年齡維度,0.0,女,遷入,臺北市,156
111,10,6,新店區,,,,無年齡維度,0.0,男,遷入,臺北市,154
111,10,6,新店區,,,,無年齡維度,0.0,女,遷入,臺南市,2
111,10,6,新店區,,,,無年齡維度,0.0,男,遷入,臺南市,7
111,10,6,新店區,,,,無年齡維度,0.0,女,遷入,臺灣省,28
111,10,6,新店區,,,,無年齡維度,0.0,男,遷入,臺灣省,23
111,10,6,新店區,,,,無年齡維度,0.0,女,遷入,高雄市,10
111,10,6,新店區,,,,無年齡維度,0.0,男,遷入,高雄市,4
111,10,6,新店區,,,,無年齡維度,0.0,女,遷出,migrants,274
111,10,6,新店區,,,,無年齡維度,0.0,男,遷出,migrants,263
111,10,6,新店區,,,,無年齡維度,0.0,女,遷出,other,0
111,10,6,新店區,,,,無年齡維度,0.0,男,遷出,other,0
111,10,6,新店區,,,,無年齡維度,0.0,女,遷出,其他縣市,0
111,10,6,新店區,,,,無年齡維度,0.0,男,遷出,其他縣市,0
111,10,6,新店區,,,,無年齡維度,0.0,女,遷出,其他鄉鎮,103
111,10,6,新店區,,,,無年齡維度,0.0,男,遷出,其他鄉鎮,76
111,10,6,新店區,,,,無年齡維度,0.0,女,遷出,合計,409
111,10,6,新店區,,,,無年齡維度,0.0,男,遷出,合計,334
111,10,6,新店區,,,,無年齡維度,0.0,女,遷出,國外,74
111,10,6,新店區,,,,無年齡維度,0.0,男,遷出,國外,58
111,10,6,新店區,,,,無年齡維度,0.0,女,遷出,新北市內,0
111,10,6,新店區,,,,無年齡維度,0.0,男,遷出,新北市內,0
111,10,6,新店區,,,,無年齡維度,0.0,女,遷出,桃園市,35
111,10,6,新店區,,,,無年齡維度,0.0,男,遷出,桃園市,34
111,10,6,新店區,,,,無年齡維度,0.0,女,遷出,福建省,2
111,10,6,新店區,,,,無年齡維度,0.0,男,遷出,福建省,2
111,10,6,新店區,,,,無年齡維度,0.0,女,遷出,臺中市,12
111,10,6,新店區,,,,無年齡維度,0.0,男,遷出,臺中市,6
111,10,6,新店區,,,,無年齡維度,0.0,女,遷出,臺北市,129
111,10,6,新店區,,,,無年齡維度,0.0,男,遷出,臺北市,98
111,10,6,新店區,,,,無年齡維度,0.0,女,遷出,臺南市,5
111,10,6,新店區,,,,無年齡維度,0.0,男,遷出,臺南市,8
111,10,6,新店區,,,,無年齡維度,0.0,女,遷出,臺灣省,42
111,10,6,新店區,,,,無年齡維度,0.0,男,遷出,臺灣省,38
111,10,6,新店區,,,,無年齡維度,0.0,女,遷出,高雄市,7
111,10,6,新店區,,,,無年齡維度,0.0,男,遷出,高雄市,13
111,10,7,土城區,,,,無年齡維度,0.0,女,遷入,migrants,152
111,10,7,土城區,,,,無年齡維度,0.0,男,遷入,migrants,137
111,10,7,土城區,,,,無年齡維度,0.0,女,遷入,other,0
111,10,7,土城區,,,,無年齡維度,0.0,男,遷入,other,0
111,10,7,土城區,,,,無年齡維度,0.0,女,遷入,其他縣市,0
111,10,7,土城區,,,,無年齡維度,0.0,男,遷入,其他縣市,0
111,10,7,土城區,,,,無年齡維度,0.0,女,遷入,其他鄉鎮,133
111,10,7,土城區,,,,無年齡維度,0.0,男,遷入,其他鄉鎮,115
111,10,7,土城區,,,,無年齡維度,0.0,女,遷入,合計,313
111,10,7,土城區,,,,無年齡維度,0.0,男,遷入,合計,253
111,10,7,土城區,,,,無年齡維度,0.0,女,遷入,國外,84
111,10,7,土城區,,,,無年齡維度,0.0,男,遷入,國外,74
111,10,7,土城區,,,,無年齡維度,0.0,女,遷入,新北市內,0
111,10,7,土城區,,,,無年齡維度,0.0,男,遷入,新北市內,0
111,10,7,土城區,,,,無年齡維度,0.0,女,遷入,桃園市,18
111,10,7,土城區,,,,無年齡維度,0.0,男,遷入,桃園市,18
111,10,7,土城區,,,,無年齡維度,0.0,女,遷入,福建省,0
111,10,7,土城區,,,,無年齡維度,0.0,男,遷入,福建省,1
111,10,7,土城區,,,,無年齡維度,0.0,女,遷入,臺中市,8
111,10,7,土城區,,,,無年齡維度,0.0,男,遷入,臺中市,6
111,10,7,土城區,,,,無年齡維度,0.0,女,遷入,臺北市,29
111,10,7,土城區,,,,無年齡維度,0.0,男,遷入,臺北市,21
111,10,7,土城區,,,,無年齡維度,0.0,女,遷入,臺南市,3
111,10,7,土城區,,,,無年齡維度,0.0,男,遷入,臺南市,1
111,10,7,土城區,,,,無年齡維度,0.0,女,遷入,臺灣省,29
111,10,7,土城區,,,,無年齡維度,0.0,男,遷入,臺灣省,13
111,10,7,土城區,,,,無年齡維度,0.0,女,遷入,高雄市,4
111,10,7,土城區,,,,無年齡維度,0.0,男,遷入,高雄市,2
111,10,7,土城區,,,,無年齡維度,0.0,女,遷出,migrants,152
111,10,7,土城區,,,,無年齡維度,0.0,男,遷出,migrants,137
111,10,7,土城區,,,,無年齡維度,0.0,女,遷出,other,0
111,10,7,土城區,,,,無年齡維度,0.0,男,遷出,other,0
111,10,7,土城區,,,,無年齡維度,0.0,女,遷出,其他縣市,0
111,10,7,土城區,,,,無年齡維度,0.0,男,遷出,其他縣市,0
111,10,7,土城區,,,,無年齡維度,0.0,女,遷出,其他鄉鎮,127
111,10,7,土城區,,,,無年齡維度,0.0,男,遷出,其他鄉鎮,119
111,10,7,土城區,,,,無年齡維度,0.0,女,遷出,合計,261
111,10,7,土城區,,,,無年齡維度,0.0,男,遷出,合計,229
111,10,7,土城區,,,,無年齡維度,0.0,女,遷出,國外,21
111,10,7,土城區,,,,無年齡維度,0.0,男,遷出,國外,14
111,10,7,土城區,,,,無年齡維度,0.0,女,遷出,新北市內,0
111,10,7,土城區,,,,無年齡維度,0.0,男,遷出,新北市內,0
111,10,7,土城區,,,,無年齡維度,0.0,女,遷出,桃園市,51
111,10,7,土城區,,,,無年齡維度,0.0,男,遷出,桃園市,54
111,10,7,土城區,,,,無年齡維度,0.0,女,遷出,福建省,0
111,10,7,土城區,,,,無年齡維度,0.0,男,遷出,福建省,0
111,10,7,土城區,,,,無年齡維度,0.0,女,遷出,臺中市,6
111,10,7,土城區,,,,無年齡維度,0.0,男,遷出,臺中市,6
111,10,7,土城區,,,,無年齡維度,0.0,女,遷出,臺北市,20
111,10,7,土城區,,,,無年齡維度,0.0,男,遷出,臺北市,13
111,10,7,土城區,,,,無年齡維度,0.0,女,遷出,臺南市,5
111,10,7,土城區,,,,無年齡維度,0.0,男,遷出,臺南市,2
111,10,7,土城區,,,,無年齡維度,0.0,女,遷出,臺灣省,27
111,10,7,土城區,,,,無年齡維度,0.0,男,遷出,臺灣省,18
111,10,7,土城區,,,,無年齡維度,0.0,女,遷出,高雄市,4
111,10,7,土城區,,,,無年齡維度,0.0,男,遷出,高雄市,2
111,10,8,蘆洲區,,,,無年齡維度,0.0,女,遷入,migrants,110
111,10,8,蘆洲區,,,,無年齡維度,0.0,男,遷入,migrants,118
111,10,8,蘆洲區,,,,無年齡維度,0.0,女,遷入,other,0
111,10,8,蘆洲區,,,,無年齡維度,0.0,男,遷入,other,0
111,10,8,蘆洲區,,,,無年齡維度,0.0,女,遷入,其他縣市,0
111,10,8,蘆洲區,,,,無年齡維度,0.0,男,遷入,其他縣市,0
111,10,8,蘆洲區,,,,無年齡維度,0.0,女,遷入,其他鄉鎮,54
111,10,8,蘆洲區,,,,無年齡維度,0.0,男,遷入,其他鄉鎮,39
111,10,8,蘆洲區,,,,無年齡維度,0.0,女,遷入,合計,160
111,10,8,蘆洲區,,,,無年齡維度,0.0,男,遷入,合計,114
111,10,8,蘆洲區,,,,無年齡維度,0.0,女,遷入,國外,38
111,10,8,蘆洲區,,,,無年齡維度,0.0,男,遷入,國外,26
111,10,8,蘆洲區,,,,無年齡維度,0.0,女,遷入,新北市內,0
111,10,8,蘆洲區,,,,無年齡維度,0.0,男,遷入,新北市內,0
111,10,8,蘆洲區,,,,無年齡維度,0.0,女,遷入,桃園市,39
111,10,8,蘆洲區,,,,無年齡維度,0.0,男,遷入,桃園市,32
111,10,8,蘆洲區,,,,無年齡維度,0.0,女,遷入,福建省,0
111,10,8,蘆洲區,,,,無年齡維度,0.0,男,遷入,福建省,0
111,10,8,蘆洲區,,,,無年齡維度,0.0,女,遷入,臺中市,0
111,10,8,蘆洲區,,,,無年齡維度,0.0,男,遷入,臺中市,1
111,10,8,蘆洲區,,,,無年齡維度,0.0,女,遷入,臺北市,13
111,10,8,蘆洲區,,,,無年齡維度,0.0,男,遷入,臺北市,6
111,10,8,蘆洲區,,,,無年齡維度,0.0,女,遷入,臺南市,3
111,10,8,蘆洲區,,,,無年齡維度,0.0,男,遷入,臺南市,2
111,10,8,蘆洲區,,,,無年齡維度,0.0,女,遷入,臺灣省,12
111,10,8,蘆洲區,,,,無年齡維度,0.0,男,遷入,臺灣省,6
111,10,8,蘆洲區,,,,無年齡維度,0.0,女,遷入,高雄市,1
111,10,8,蘆洲區,,,,無年齡維度,0.0,男,遷入,高雄市,1
111,10,8,蘆洲區,,,,無年齡維度,0.0,女,遷出,migrants,110
111,10,8,蘆洲區,,,,無年齡維度,0.0,男,遷出,migrants,118
111,10,8,蘆洲區,,,,無年齡維度,0.0,女,遷出,other,0
111,10,8,蘆洲區,,,,無年齡維度,0.0,男,遷出,other,0
111,10,8,蘆洲區,,,,無年齡維度,0.0,女,遷出,其他縣市,0
111,10,8,蘆洲區,,,,無年齡維度,0.0,男,遷出,其他縣市,0
111,10,8,蘆洲區,,,,無年齡維度,0.0,女,遷出,其他鄉鎮,33
111,10,8,蘆洲區,,,,無年齡維度,0.0,男,遷出,其他鄉鎮,31
111,10,8,蘆洲區,,,,無年齡維度,0.0,女,遷出,合計,116
111,10,8,蘆洲區,,,,無年齡維度,0.0,男,遷出,合計,111
111,10,8,蘆洲區,,,,無年齡維度,0.0,女,遷出,國外,4
111,10,8,蘆洲區,,,,無年齡維度,0.0,男,遷出,國外,13
111,10,8,蘆洲區,,,,無年齡維度,0.0,女,遷出,新北市內,0
111,10,8,蘆洲區,,,,無年齡維度,0.0,男,遷出,新北市內,0
111,10,8,蘆洲區,,,,無年齡維度,0.0,女,遷出,桃園市,45
111,10,8,蘆洲區,,,,無年齡維度,0.0,男,遷出,桃園市,43
111,10,8,蘆洲區,,,,無年齡維度,0.0,女,遷出,福建省,0
111,10,8,蘆洲區,,,,無年齡維度,0.0,男,遷出,福建省,1
111,10,8,蘆洲區,,,,無年齡維度,0.0,女,遷出,臺中市,4
111,10,8,蘆洲區,,,,無年齡維度,0.0,男,遷出,臺中市,6
111,10,8,蘆洲區,,,,無年齡維度,0.0,女,遷出,臺北市,6
111,10,8,蘆洲區,,,,無年齡維度,0.0,男,遷出,臺北市,3
111,10,8,蘆洲區,,,,無年齡維度,0.0,女,遷出,臺南市,4
111,10,8,蘆洲區,,,,無年齡維度,0.0,男,遷出,臺南市,1
111,10,8,蘆洲區,,,,無年齡維度,0.0,女,遷出,臺灣省,18
111,10,8,蘆洲區,,,,無年齡維度,0.0,男,遷出,臺灣省,13
111,10,8,蘆洲區,,,,無年齡維度,0.0,女,遷出,高雄市,2
111,10,8,蘆洲區,,,,無年齡維度,0.0,男,遷出,高雄市,0
111,10,9,樹林區,,,,無年齡維度,0.0,女,遷入,migrants,114
111,10,9,樹林區,,,,無年齡維度,0.0,男,遷入,migrants,95
111,10,9,樹林區,,,,無年齡維度,0.0,女,遷入,other,0
111,10,9,樹林區,,,,無年齡維度,0.0,男,遷入,other,0
111,10,9,樹林區,,,,無年齡維度,0.0,女,遷入,其他縣市,0
111,10,9,樹林區,,,,無年齡維度,0.0,男,遷入,其他縣市,0
111,10,9,樹林區,,,,無年齡維度,0.0,女,遷入,其他鄉鎮,81
111,10,9,樹林區,,,,無年齡維度,0.0,男,遷入,其他鄉鎮,73
111,10,9,樹林區,,,,無年齡維度,0.0,女,遷入,合計,185
111,10,9,樹林區,,,,無年齡維度,0.0,男,遷入,合計,165
111,10,9,樹林區,,,,無年齡維度,0.0,女,遷入,國外,49
111,10,9,樹林區,,,,無年齡維度,0.0,男,遷入,國外,36
111,10,9,樹林區,,,,無年齡維度,0.0,女,遷入,新北市內,0
111,10,9,樹林區,,,,無年齡維度,0.0,男,遷入,新北市內,0
111,10,9,樹林區,,,,無年齡維度,0.0,女,遷入,桃園市,13
111,10,9,樹林區,,,,無年齡維度,0.0,男,遷入,桃園市,6
111,10,9,樹林區,,,,無年齡維度,0.0,女,遷入,福建省,2
111,10,9,樹林區,,,,無年齡維度,0.0,男,遷入,福建省,1
111,10,9,樹林區,,,,無年齡維度,0.0,女,遷入,臺中市,2
111,10,9,樹林區,,,,無年齡維度,0.0,男,遷入,臺中市,1
111,10,9,樹林區,,,,無年齡維度,0.0,女,遷入,臺北市,18
111,10,9,樹林區,,,,無年齡維度,0.0,男,遷入,臺北市,16
111,10,9,樹林區,,,,無年齡維度,0.0,女,遷入,臺南市,0
111,10,9,樹林區,,,,無年齡維度,0.0,男,遷入,臺南市,4
111,10,9,樹林區,,,,無年齡維度,0.0,女,遷入,臺灣省,19
111,10,9,樹林區,,,,無年齡維度,0.0,男,遷入,臺灣省,21
111,10,9,樹林區,,,,無年齡維度,0.0,女,遷入,高雄市,1
111,10,9,樹林區,,,,無年齡維度,0.0,男,遷入,高雄市,3
111,10,9,樹林區,,,,無年齡維度,0.0,女,遷出,migrants,114
111,10,9,樹林區,,,,無年齡維度,0.0,男,遷出,migrants,95
111,10,9,樹林區,,,,無年齡維度,0.0,女,遷出,other,0
111,10,9,樹林區,,,,無年齡維度,0.0,男,遷出,other,0
111,10,9,樹林區,,,,無年齡維度,0.0,女,遷出,其他縣市,0
111,10,9,樹林區,,,,無年齡維度,0.0,男,遷出,其他縣市,0
111,10,9,樹林區,,,,無年齡維度,0.0,女,遷出,其他鄉鎮,69
111,10,9,樹林區,,,,無年齡維度,0.0,男,遷出,其他鄉鎮,65
111,10,9,樹林區,,,,無年齡維度,0.0,女,遷出,合計,151
111,10,9,樹林區,,,,無年齡維度,0.0,男,遷出,合計,148
111,10,9,樹林區,,,,無年齡維度,0.0,女,遷出,國外,9
111,10,9,樹林區,,,,無年齡維度,0.0,男,遷出,國外,11
111,10,9,樹林區,,,,無年齡維度,0.0,女,遷出,新北市內,0
111,10,9,樹林區,,,,無年齡維度,0.0,男,遷出,新北市內,0
111,10,9,樹林區,,,,無年齡維度,0.0,女,遷出,桃園市,30
111,10,9,樹林區,,,,無年齡維度,0.0,男,遷出,桃園市,34
111,10,9,樹林區,,,,無年齡維度,0.0,女,遷出,福建省,1
111,10,9,樹林區,,,,無年齡維度,0.0,男,遷出,福建省,0
111,10,9,樹林區,,,,無年齡維度,0.0,女,遷出,臺中市,3
111,10,9,樹林區,,,,無年齡維度,0.0,男,遷出,臺中市,5
111,10,9,樹林區,,,,無年齡維度,0.0,女,遷出,臺北市,7
111,10,9,樹林區,,,,無年齡維度,0.0,男,遷出,臺北市,14
111,10,9,樹林區,,,,無年齡維度,0.0,女,遷出,臺南市,3
111,10,9,樹林區,,,,無年齡維度,0.0,男,遷出,臺南市,1
111,10,9,樹林區,,,,無年齡維度,0.0,女,遷出,臺灣省,26
111,10,9,樹林區,,,,無年齡維度,0.0,男,遷出,臺灣省,15
111,10,9,樹林區,,,,無年齡維度,0.0,女,遷出,高雄市,2
111,10,9,樹林區,,,,無年齡維度,0.0,男,遷出,高雄市,3
111,10,10,鶯歌區,,,,無年齡維度,0.0,女,遷入,migrants,269
111,10,10,鶯歌區,,,,無年齡維度,0.0,男,遷入,migrants,220
111,10,10,鶯歌區,,,,無年齡維度,0.0,女,遷入,other,0
111,10,10,鶯歌區,,,,無年齡維度,0.0,男,遷入,other,0
111,10,10,鶯歌區,,,,無年齡維度,0.0,女,遷入,其他縣市,0
111,10,10,鶯歌區,,,,無年齡維度,0.0,男,遷入,其他縣市,0
111,10,10,鶯歌區,,,,無年齡維度,0.0,女,遷入,其他鄉鎮,94
111,10,10,鶯歌區,,,,無年齡維度,0.0,男,遷入,其他鄉鎮,85
111,10,10,鶯歌區,,,,無年齡維度,0.0,女,遷入,合計,538
111,10,10,鶯歌區,,,,無年齡維度,0.0,男,遷入,合計,395
111,10,10,鶯歌區,,,,無年齡維度,0.0,女,遷入,國外,245
111,10,10,鶯歌區,,,,無年齡維度,0.0,男,遷入,國外,157
111,10,10,鶯歌區,,,,無年齡維度,0.0,女,遷入,新北市內,0
111,10,10,鶯歌區,,,,無年齡維度,0.0,男,遷入,新北市內,0
111,10,10,鶯歌區,,,,無年齡維度,0.0,女,遷入,桃園市,17
111,10,10,鶯歌區,,,,無年齡維度,0.0,男,遷入,桃園市,13
111,10,10,鶯歌區,,,,無年齡維度,0.0,女,遷入,福建省,0
111,10,10,鶯歌區,,,,無年齡維度,0.0,男,遷入,福建省,1
111,10,10,鶯歌區,,,,無年齡維度,0.0,女,遷入,臺中市,6
111,10,10,鶯歌區,,,,無年齡維度,0.0,男,遷入,臺中市,8
111,10,10,鶯歌區,,,,無年齡維度,0.0,女,遷入,臺北市,129
111,10,10,鶯歌區,,,,無年齡維度,0.0,男,遷入,臺北市,101
111,10,10,鶯歌區,,,,無年齡維度,0.0,女,遷入,臺南市,2
111,10,10,鶯歌區,,,,無年齡維度,0.0,男,遷入,臺南市,5
111,10,10,鶯歌區,,,,無年齡維度,0.0,女,遷入,臺灣省,28
111,10,10,鶯歌區,,,,無年齡維度,0.0,男,遷入,臺灣省,18
111,10,10,鶯歌區,,,,無年齡維度,0.0,女,遷入,高雄市,13
111,10,10,鶯歌區,,,,無年齡維度,0.0,男,遷入,高雄市,4
111,10,10,鶯歌區,,,,無年齡維度,0.0,女,遷出,migrants,269
111,10,10,鶯歌區,,,,無年齡維度,0.0,男,遷出,migrants,220
111,10,10,鶯歌區,,,,無年齡維度,0.0,女,遷出,other,0
111,10,10,鶯歌區,,,,無年齡維度,0.0,男,遷出,other,0
111,10,10,鶯歌區,,,,無年齡維度,0.0,女,遷出,其他縣市,0
111,10,10,鶯歌區,,,,無年齡維度,0.0,男,遷出,其他縣市,0
111,10,10,鶯歌區,,,,無年齡維度,0.0,女,遷出,其他鄉鎮,71
111,10,10,鶯歌區,,,,無年齡維度,0.0,男,遷出,其他鄉鎮,59
111,10,10,鶯歌區,,,,無年齡維度,0.0,女,遷出,合計,247
111,10,10,鶯歌區,,,,無年齡維度,0.0,男,遷出,合計,197
111,10,10,鶯歌區,,,,無年齡維度,0.0,女,遷出,國外,27
111,10,10,鶯歌區,,,,無年齡維度,0.0,男,遷出,國外,21
111,10,10,鶯歌區,,,,無年齡維度,0.0,女,遷出,新北市內,0
111,10,10,鶯歌區,,,,無年齡維度,0.0,男,遷出,新北市內,0
111,10,10,鶯歌區,,,,無年齡維度,0.0,女,遷出,桃園市,22
111,10,10,鶯歌區,,,,無年齡維度,0.0,男,遷出,桃園市,15
111,10,10,鶯歌區,,,,無年齡維度,0.0,女,遷出,福建省,0
111,10,10,鶯歌區,,,,無年齡維度,0.0,男,遷出,福建省,0
111,10,10,鶯歌區,,,,無年齡維度,0.0,女,遷出,臺中市,8
111,10,10,鶯歌區,,,,無年齡維度,0.0,男,遷出,臺中市,7
111,10,10,鶯歌區,,,,無年齡維度,0.0,女,遷出,臺北市,87
111,10,10,鶯歌區,,,,無年齡維度,0.0,男,遷出,臺北市,65
111,10,10,鶯歌區,,,,無年齡維度,0.0,女,遷出,臺南市,3
111,10,10,鶯歌區,,,,無年齡維度,0.0,男,遷出,臺南市,4
111,10,10,鶯歌區,,,,無年齡維度,0.0,女,遷出,臺灣省,22
111,10,10,鶯歌區,,,,無年齡維度,0.0,男,遷出,臺灣省,24
111,10,10,鶯歌區,,,,無年齡維度,0.0,女,遷出,高雄市,6
111,10,10,鶯歌區,,,,無年齡維度,0.0,男,遷出,高雄市,2
111,10,11,三峽區,,,,無年齡維度,0.0,女,遷入,migrants,229
111,10,11,三峽區,,,,無年齡維度,0.0,男,遷入,migrants,213
111,10,11,三峽區,,,,無年齡維度,0.0,女,遷入,other,0
111,10,11,三峽區,,,,無年齡維度,0.0,男,遷入,other,0
111,10,11,三峽區,,,,無年齡維度,0.0,女,遷入,其他縣市,0
111,10,11,三峽區,,,,無年齡維度,0.0,男,遷入,其他縣市,0
111,10,11,三峽區,,,,無年齡維度,0.0,女,遷入,其他鄉鎮,37
111,10,11,三峽區,,,,無年齡維度,0.0,男,遷入,其他鄉鎮,33
111,10,11,三峽區,,,,無年齡維度,0.0,女,遷入,合計,393
111,10,11,三峽區,,,,無年齡維度,0.0,男,遷入,合計,343
111,10,11,三峽區,,,,無年齡維度,0.0,女,遷入,國外,129
111,10,11,三峽區,,,,無年齡維度,0.0,男,遷入,國外,111
111,10,11,三峽區,,,,無年齡維度,0.0,女,遷入,新北市內,0
111,10,11,三峽區,,,,無年齡維度,0.0,男,遷入,新北市內,0
111,10,11,三峽區,,,,無年齡維度,0.0,女,遷入,桃園市,18
111,10,11,三峽區,,,,無年齡維度,0.0,男,遷入,桃園市,13
111,10,11,三峽區,,,,無年齡維度,0.0,女,遷入,福建省,0
111,10,11,三峽區,,,,無年齡維度,0.0,男,遷入,福建省,0
111,10,11,三峽區,,,,無年齡維度,0.0,女,遷入,臺中市,7
111,10,11,三峽區,,,,無年齡維度,0.0,男,遷入,臺中市,2
111,10,11,三峽區,,,,無年齡維度,0.0,女,遷入,臺北市,147
111,10,11,三峽區,,,,無年齡維度,0.0,男,遷入,臺北市,134
111,10,11,三峽區,,,,無年齡維度,0.0,女,遷入,臺南市,1
111,10,11,三峽區,,,,無年齡維度,0.0,男,遷入,臺南市,3
111,10,11,三峽區,,,,無年齡維度,0.0,女,遷入,臺灣省,39
111,10,11,三峽區,,,,無年齡維度,0.0,男,遷入,臺灣省,36
111,10,11,三峽區,,,,無年齡維度,0.0,女,遷入,高雄市,9
111,10,11,三峽區,,,,無年齡維度,0.0,男,遷入,高雄市,8
111,10,11,三峽區,,,,無年齡維度,0.0,女,遷出,migrants,229
111,10,11,三峽區,,,,無年齡維度,0.0,男,遷出,migrants,213
111,10,11,三峽區,,,,無年齡維度,0.0,女,遷出,other,0
111,10,11,三峽區,,,,無年齡維度,0.0,男,遷出,other,0
111,10,11,三峽區,,,,無年齡維度,0.0,女,遷出,其他縣市,0
111,10,11,三峽區,,,,無年齡維度,0.0,男,遷出,其他縣市,0
111,10,11,三峽區,,,,無年齡維度,0.0,女,遷出,其他鄉鎮,45
111,10,11,三峽區,,,,無年齡維度,0.0,男,遷出,其他鄉鎮,36
111,10,11,三峽區,,,,無年齡維度,0.0,女,遷出,合計,287
111,10,11,三峽區,,,,無年齡維度,0.0,男,遷出,合計,244
111,10,11,三峽區,,,,無年齡維度,0.0,女,遷出,國外,31
111,10,11,三峽區,,,,無年齡維度,0.0,男,遷出,國外,34
111,10,11,三峽區,,,,無年齡維度,0.0,女,遷出,新北市內,0
111,10,11,三峽區,,,,無年齡維度,0.0,男,遷出,新北市內,0
111,10,11,三峽區,,,,無年齡維度,0.0,女,遷出,桃園市,21
111,10,11,三峽區,,,,無年齡維度,0.0,男,遷出,桃園市,14
111,10,11,三峽區,,,,無年齡維度,0.0,女,遷出,福建省,3
111,10,11,三峽區,,,,無年齡維度,0.0,男,遷出,福建省,1
111,10,11,三峽區,,,,無年齡維度,0.0,女,遷出,臺中市,12
111,10,11,三峽區,,,,無年齡維度,0.0,男,遷出,臺中市,10
111,10,11,三峽區,,,,無年齡維度,0.0,女,遷出,臺北市,98
111,10,11,三峽區,,,,無年齡維度,0.0,男,遷出,臺北市,97
111,10,11,三峽區,,,,無年齡維度,0.0,女,遷出,臺南市,8
111,10,11,三峽區,,,,無年齡維度,0.0,男,遷出,臺南市,4
111,10,11,三峽區,,,,無年齡維度,0.0,女,遷出,臺灣省,60
111,10,11,三峽區,,,,無年齡維度,0.0,男,遷出,臺灣省,44
111,10,11,三峽區,,,,無年齡維度,0.0,女,遷出,高雄市,9
111,10,11,三峽區,,,,無年齡維度,0.0,男,遷出,高雄市,4
111,10,12,淡水區,,,,無年齡維度,0.0,女,遷入,migrants,28
111,10,12,淡水區,,,,無年齡維度,0.0,男,遷入,migrants,28
111,10,12,淡水區,,,,無年齡維度,0.0,女,遷入,other,0
111,10,12,淡水區,,,,無年齡維度,0.0,男,遷入,other,0
111,10,12,淡水區,,,,無年齡維度,0.0,女,遷入,其他縣市,0
111,10,12,淡水區,,,,無年齡維度,0.0,男,遷入,其他縣市,0
111,10,12,淡水區,,,,無年齡維度,0.0,女,遷入,其他鄉鎮,4
111,10,12,淡水區,,,,無年齡維度,0.0,男,遷入,其他鄉鎮,3
111,10,12,淡水區,,,,無年齡維度,0.0,女,遷入,合計,29
111,10,12,淡水區,,,,無年齡維度,0.0,男,遷入,合計,24
111,10,12,淡水區,,,,無年齡維度,0.0,女,遷入,國外,10
111,10,12,淡水區,,,,無年齡維度,0.0,男,遷入,國外,6
111,10,12,淡水區,,,,無年齡維度,0.0,女,遷入,新北市內,0
111,10,12,淡水區,,,,無年齡維度,0.0,男,遷入,新北市內,0
111,10,12,淡水區,,,,無年齡維度,0.0,女,遷入,桃園市,1
111,10,12,淡水區,,,,無年齡維度,0.0,男,遷入,桃園市,5
111,10,12,淡水區,,,,無年齡維度,0.0,女,遷入,福建省,0
111,10,12,淡水區,,,,無年齡維度,0.0,男,遷入,福建省,0
111,10,12,淡水區,,,,無年齡維度,0.0,女,遷入,臺中市,0
111,10,12,淡水區,,,,無年齡維度,0.0,男,遷入,臺中市,1
111,10,12,淡水區,,,,無年齡維度,0.0,女,遷入,臺北市,4
111,10,12,淡水區,,,,無年齡維度,0.0,男,遷入,臺北市,3
111,10,12,淡水區,,,,無年齡維度,0.0,女,遷入,臺南市,0
111,10,12,淡水區,,,,無年齡維度,0.0,男,遷入,臺南市,0
111,10,12,淡水區,,,,無年齡維度,0.0,女,遷入,臺灣省,7
111,10,12,淡水區,,,,無年齡維度,0.0,男,遷入,臺灣省,6
111,10,12,淡水區,,,,無年齡維度,0.0,女,遷入,高雄市,1
111,10,12,淡水區,,,,無年齡維度,0.0,男,遷入,高雄市,0
111,10,12,淡水區,,,,無年齡維度,0.0,女,遷出,migrants,28
111,10,12,淡水區,,,,無年齡維度,0.0,男,遷出,migrants,28
111,10,12,淡水區,,,,無年齡維度,0.0,女,遷出,other,0
111,10,12,淡水區,,,,無年齡維度,0.0,男,遷出,other,0
111,10,12,淡水區,,,,無年齡維度,0.0,女,遷出,其他縣市,0
111,10,12,淡水區,,,,無年齡維度,0.0,男,遷出,其他縣市,0
111,10,12,淡水區,,,,無年齡維度,0.0,女,遷出,其他鄉鎮,5
111,10,12,淡水區,,,,無年齡維度,0.0,男,遷出,其他鄉鎮,11
111,10,12,淡水區,,,,無年齡維度,0.0,女,遷出,合計,35
111,10,12,淡水區,,,,無年齡維度,0.0,男,遷出,合計,38
111,10,12,淡水區,,,,無年齡維度,0.0,女,遷出,國外,2
111,10,12,淡水區,,,,無年齡維度,0.0,男,遷出,國外,6
111,10,12,淡水區,,,,無年齡維度,0.0,女,遷出,新北市內,0
111,10,12,淡水區,,,,無年齡維度,0.0,男,遷出,新北市內,0
111,10,12,淡水區,,,,無年齡維度,0.0,女,遷出,桃園市,6
111,10,12,淡水區,,,,無年齡維度,0.0,男,遷出,桃園市,2
111,10,12,淡水區,,,,無年齡維度,0.0,女,遷出,福建省,0
111,10,12,淡水區,,,,無年齡維度,0.0,男,遷出,福建省,1
111,10,12,淡水區,,,,無年齡維度,0.0,女,遷出,臺中市,1
111,10,12,淡水區,,,,無年齡維度,0.0,男,遷出,臺中市,1
111,10,12,淡水區,,,,無年齡維度,0.0,女,遷出,臺北市,4
111,10,12,淡水區,,,,無年齡維度,0.0,男,遷出,臺北市,2
111,10,12,淡水區,,,,無年齡維度,0.0,女,遷出,臺南市,0
111,10,12,淡水區,,,,無年齡維度,0.0,男,遷出,臺南市,0
111,10,12,淡水區,,,,無年齡維度,0.0,女,遷出,臺灣省,15
111,10,12,淡水區,,,,無年齡維度,0.0,男,遷出,臺灣省,14
111,10,12,淡水區,,,,無年齡維度,0.0,女,遷出,高雄市,2
111,10,12,淡水區,,,,無年齡維度,0.0,男,遷出,高雄市,1
111,10,13,汐止區,,,,無年齡維度,0.0,女,遷入,migrants,235
111,10,13,汐止區,,,,無年齡維度,0.0,男,遷入,migrants,203
111,10,13,汐止區,,,,無年齡維度,0.0,女,遷入,other,0
111,10,13,汐止區,,,,無年齡維度,0.0,男,遷入,other,0
111,10,13,汐止區,,,,無年齡維度,0.0,女,遷入,其他縣市,0
111,10,13,汐止區,,,,無年齡維度,0.0,男,遷入,其他縣市,0
111,10,13,汐止區,,,,無年齡維度,0.0,女,遷入,其他鄉鎮,173
111,10,13,汐止區,,,,無年齡維度,0.0,男,遷入,其他鄉鎮,173
111,10,13,汐止區,,,,無年齡維度,0.0,女,遷入,合計,398
111,10,13,汐止區,,,,無年齡維度,0.0,男,遷入,合計,366
111,10,13,汐止區,,,,無年齡維度,0.0,女,遷入,國外,96
111,10,13,汐止區,,,,無年齡維度,0.0,男,遷入,國外,87
111,10,13,汐止區,,,,無年齡維度,0.0,女,遷入,新北市內,0
111,10,13,汐止區,,,,無年齡維度,0.0,男,遷入,新北市內,0
111,10,13,汐止區,,,,無年齡維度,0.0,女,遷入,桃園市,24
111,10,13,汐止區,,,,無年齡維度,0.0,男,遷入,桃園市,22
111,10,13,汐止區,,,,無年齡維度,0.0,女,遷入,福建省,0
111,10,13,汐止區,,,,無年齡維度,0.0,男,遷入,福建省,1
111,10,13,汐止區,,,,無年齡維度,0.0,女,遷入,臺中市,7
111,10,13,汐止區,,,,無年齡維度,0.0,男,遷入,臺中市,2
111,10,13,汐止區,,,,無年齡維度,0.0,女,遷入,臺北市,49
111,10,13,汐止區,,,,無年齡維度,0.0,男,遷入,臺北市,28
111,10,13,汐止區,,,,無年齡維度,0.0,女,遷入,臺南市,1
111,10,13,汐止區,,,,無年齡維度,0.0,男,遷入,臺南市,2
111,10,13,汐止區,,,,無年齡維度,0.0,女,遷入,臺灣省,38
111,10,13,汐止區,,,,無年齡維度,0.0,男,遷入,臺灣省,35
111,10,13,汐止區,,,,無年齡維度,0.0,女,遷入,高雄市,6
111,10,13,汐止區,,,,無年齡維度,0.0,男,遷入,高雄市,7
111,10,13,汐止區,,,,無年齡維度,0.0,女,遷出,migrants,235
111,10,13,汐止區,,,,無年齡維度,0.0,男,遷出,migrants,203
111,10,13,汐止區,,,,無年齡維度,0.0,女,遷出,other,0
111,10,13,汐止區,,,,無年齡維度,0.0,男,遷出,other,0
111,10,13,汐止區,,,,無年齡維度,0.0,女,遷出,其他縣市,0
111,10,13,汐止區,,,,無年齡維度,0.0,男,遷出,其他縣市,0
111,10,13,汐止區,,,,無年齡維度,0.0,女,遷出,其他鄉鎮,133
111,10,13,汐止區,,,,無年齡維度,0.0,男,遷出,其他鄉鎮,96
111,10,13,汐止區,,,,無年齡維度,0.0,女,遷出,合計,276
111,10,13,汐止區,,,,無年齡維度,0.0,男,遷出,合計,229
111,10,13,汐止區,,,,無年齡維度,0.0,女,遷出,國外,29
111,10,13,汐止區,,,,無年齡維度,0.0,男,遷出,國外,25
111,10,13,汐止區,,,,無年齡維度,0.0,女,遷出,新北市內,0
111,10,13,汐止區,,,,無年齡維度,0.0,男,遷出,新北市內,0
111,10,13,汐止區,,,,無年齡維度,0.0,女,遷出,桃園市,33
111,10,13,汐止區,,,,無年齡維度,0.0,男,遷出,桃園市,33
111,10,13,汐止區,,,,無年齡維度,0.0,女,遷出,福建省,0
111,10,13,汐止區,,,,無年齡維度,0.0,男,遷出,福建省,3
111,10,13,汐止區,,,,無年齡維度,0.0,女,遷出,臺中市,9
111,10,13,汐止區,,,,無年齡維度,0.0,男,遷出,臺中市,6
111,10,13,汐止區,,,,無年齡維度,0.0,女,遷出,臺北市,29
111,10,13,汐止區,,,,無年齡維度,0.0,男,遷出,臺北市,24
111,10,13,汐止區,,,,無年齡維度,0.0,女,遷出,臺南市,7
111,10,13,汐止區,,,,無年齡維度,0.0,男,遷出,臺南市,5
111,10,13,汐止區,,,,無年齡維度,0.0,女,遷出,臺灣省,30
111,10,13,汐止區,,,,無年齡維度,0.0,男,遷出,臺灣省,33
111,10,13,汐止區,,,,無年齡維度,0.0,女,遷出,高雄市,6
111,10,13,汐止區,,,,無年齡維度,0.0,男,遷出,高雄市,4
111,10,14,瑞芳區,,,,無年齡維度,0.0,女,遷入,migrants,166
111,10,14,瑞芳區,,,,無年齡維度,0.0,男,遷入,migrants,153
111,10,14,瑞芳區,,,,無年齡維度,0.0,女,遷入,other,0
111,10,14,瑞芳區,,,,無年齡維度,0.0,男,遷入,other,0
111,10,14,瑞芳區,,,,無年齡維度,0.0,女,遷入,其他縣市,0
111,10,14,瑞芳區,,,,無年齡維度,0.0,男,遷入,其他縣市,0
111,10,14,瑞芳區,,,,無年齡維度,0.0,女,遷入,其他鄉鎮,138
111,10,14,瑞芳區,,,,無年齡維度,0.0,男,遷入,其他鄉鎮,93
111,10,14,瑞芳區,,,,無年齡維度,0.0,女,遷入,合計,329
111,10,14,瑞芳區,,,,無年齡維度,0.0,男,遷入,合計,235
111,10,14,瑞芳區,,,,無年齡維度,0.0,女,遷入,國外,76
111,10,14,瑞芳區,,,,無年齡維度,0.0,男,遷入,國外,60
111,10,14,瑞芳區,,,,無年齡維度,0.0,女,遷入,新北市內,0
111,10,14,瑞芳區,,,,無年齡維度,0.0,男,遷入,新北市內,0
111,10,14,瑞芳區,,,,無年齡維度,0.0,女,遷入,桃園市,15
111,10,14,瑞芳區,,,,無年齡維度,0.0,男,遷入,桃園市,19
111,10,14,瑞芳區,,,,無年齡維度,0.0,女,遷入,福建省,0
111,10,14,瑞芳區,,,,無年齡維度,0.0,男,遷入,福建省,0
111,10,14,瑞芳區,,,,無年齡維度,0.0,女,遷入,臺中市,3
111,10,14,瑞芳區,,,,無年齡維度,0.0,男,遷入,臺中市,0
111,10,14,瑞芳區,,,,無年齡維度,0.0,女,遷入,臺北市,60
111,10,14,瑞芳區,,,,無年齡維度,0.0,男,遷入,臺北市,43
111,10,14,瑞芳區,,,,無年齡維度,0.0,女,遷入,臺南市,2
111,10,14,瑞芳區,,,,無年齡維度,0.0,男,遷入,臺南市,3
111,10,14,瑞芳區,,,,無年齡維度,0.0,女,遷入,臺灣省,24
111,10,14,瑞芳區,,,,無年齡維度,0.0,男,遷入,臺灣省,11
111,10,14,瑞芳區,,,,無年齡維度,0.0,女,遷入,高雄市,6
111,10,14,瑞芳區,,,,無年齡維度,0.0,男,遷入,高雄市,3
111,10,14,瑞芳區,,,,無年齡維度,0.0,女,遷出,migrants,166
111,10,14,瑞芳區,,,,無年齡維度,0.0,男,遷出,migrants,153
111,10,14,瑞芳區,,,,無年齡維度,0.0,女,遷出,other,0
111,10,14,瑞芳區,,,,無年齡維度,0.0,男,遷出,other,0
111,10,14,瑞芳區,,,,無年齡維度,0.0,女,遷出,其他縣市,0
111,10,14,瑞芳區,,,,無年齡維度,0.0,男,遷出,其他縣市,0
111,10,14,瑞芳區,,,,無年齡維度,0.0,女,遷出,其他鄉鎮,133
111,10,14,瑞芳區,,,,無年齡維度,0.0,男,遷出,其他鄉鎮,115
111,10,14,瑞芳區,,,,無年齡維度,0.0,女,遷出,合計,306
111,10,14,瑞芳區,,,,無年齡維度,0.0,男,遷出,合計,233
111,10,14,瑞芳區,,,,無年齡維度,0.0,女,遷出,國外,10
111,10,14,瑞芳區,,,,無年齡維度,0.0,男,遷出,國外,8
111,10,14,瑞芳區,,,,無年齡維度,0.0,女,遷出,新北市內,0
111,10,14,瑞芳區,,,,無年齡維度,0.0,男,遷出,新北市內,0
111,10,14,瑞芳區,,,,無年齡維度,0.0,女,遷出,桃園市,30
111,10,14,瑞芳區,,,,無年齡維度,0.0,男,遷出,桃園市,28
111,10,14,瑞芳區,,,,無年齡維度,0.0,女,遷出,福建省,3
111,10,14,瑞芳區,,,,無年齡維度,0.0,男,遷出,福建省,2
111,10,14,瑞芳區,,,,無年齡維度,0.0,女,遷出,臺中市,13
111,10,14,瑞芳區,,,,無年齡維度,0.0,男,遷出,臺中市,5
111,10,14,瑞芳區,,,,無年齡維度,0.0,女,遷出,臺北市,75
111,10,14,瑞芳區,,,,無年齡維度,0.0,男,遷出,臺北市,46
111,10,14,瑞芳區,,,,無年齡維度,0.0,女,遷出,臺南市,4
111,10,14,瑞芳區,,,,無年齡維度,0.0,男,遷出,臺南市,3
111,10,14,瑞芳區,,,,無年齡維度,0.0,女,遷出,臺灣省,31
111,10,14,瑞芳區,,,,無年齡維度,0.0,男,遷出,臺灣省,23
111,10,14,瑞芳區,,,,無年齡維度,0.0,女,遷出,高雄市,7
111,10,14,瑞芳區,,,,無年齡維度,0.0,男,遷出,高雄市,3
111,10,15,五股區,,,,無年齡維度,0.0,女,遷入,migrants,86
111,10,15,五股區,,,,無年齡維度,0.0,男,遷入,migrants,72
111,10,15,五股區,,,,無年齡維度,0.0,女,遷入,other,0
111,10,15,五股區,,,,無年齡維度,0.0,男,遷入,other,0
111,10,15,五股區,,,,無年齡維度,0.0,女,遷入,其他縣市,0
111,10,15,五股區,,,,無年齡維度,0.0,男,遷入,其他縣市,0
111,10,15,五股區,,,,無年齡維度,0.0,女,遷入,其他鄉鎮,89
111,10,15,五股區,,,,無年齡維度,0.0,男,遷入,其他鄉鎮,68
111,10,15,五股區,,,,無年齡維度,0.0,女,遷入,合計,175
111,10,15,五股區,,,,無年齡維度,0.0,男,遷入,合計,152
111,10,15,五股區,,,,無年齡維度,0.0,女,遷入,國外,41
111,10,15,五股區,,,,無年齡維度,0.0,男,遷入,國外,30
111,10,15,五股區,,,,無年齡維度,0.0,女,遷入,新北市內,0
111,10,15,五股區,,,,無年齡維度,0.0,男,遷入,新北市內,0
111,10,15,五股區,,,,無年齡維度,0.0,女,遷入,桃園市,7
111,10,15,五股區,,,,無年齡維度,0.0,男,遷入,桃園市,12
111,10,15,五股區,,,,無年齡維度,0.0,女,遷入,福建省,0
111,10,15,五股區,,,,無年齡維度,0.0,男,遷入,福建省,0
111,10,15,五股區,,,,無年齡維度,0.0,女,遷入,臺中市,1
111,10,15,五股區,,,,無年齡維度,0.0,男,遷入,臺中市,5
111,10,15,五股區,,,,無年齡維度,0.0,女,遷入,臺北市,22
111,10,15,五股區,,,,無年齡維度,0.0,男,遷入,臺北市,18
111,10,15,五股區,,,,無年齡維度,0.0,女,遷入,臺南市,0
111,10,15,五股區,,,,無年齡維度,0.0,男,遷入,臺南市,4
111,10,15,五股區,,,,無年齡維度,0.0,女,遷入,臺灣省,14
111,10,15,五股區,,,,無年齡維度,0.0,男,遷入,臺灣省,13
111,10,15,五股區,,,,無年齡維度,0.0,女,遷入,高雄市,1
111,10,15,五股區,,,,無年齡維度,0.0,男,遷入,高雄市,2
111,10,15,五股區,,,,無年齡維度,0.0,女,遷出,migrants,86
111,10,15,五股區,,,,無年齡維度,0.0,男,遷出,migrants,72
111,10,15,五股區,,,,無年齡維度,0.0,女,遷出,other,0
111,10,15,五股區,,,,無年齡維度,0.0,男,遷出,other,0
111,10,15,五股區,,,,無年齡維度,0.0,女,遷出,其他縣市,0
111,10,15,五股區,,,,無年齡維度,0.0,男,遷出,其他縣市,0
111,10,15,五股區,,,,無年齡維度,0.0,女,遷出,其他鄉鎮,72
111,10,15,五股區,,,,無年齡維度,0.0,男,遷出,其他鄉鎮,70
111,10,15,五股區,,,,無年齡維度,0.0,女,遷出,合計,136
111,10,15,五股區,,,,無年齡維度,0.0,男,遷出,合計,121
111,10,15,五股區,,,,無年齡維度,0.0,女,遷出,國外,9
111,10,15,五股區,,,,無年齡維度,0.0,男,遷出,國外,9
111,10,15,五股區,,,,無年齡維度,0.0,女,遷出,新北市內,0
111,10,15,五股區,,,,無年齡維度,0.0,男,遷出,新北市內,0
111,10,15,五股區,,,,無年齡維度,0.0,女,遷出,桃園市,20
111,10,15,五股區,,,,無年齡維度,0.0,男,遷出,桃園市,16
111,10,15,五股區,,,,無年齡維度,0.0,女,遷出,福建省,0
111,10,15,五股區,,,,無年齡維度,0.0,男,遷出,福建省,2
111,10,15,五股區,,,,無年齡維度,0.0,女,遷出,臺中市,0
111,10,15,五股區,,,,無年齡維度,0.0,男,遷出,臺中市,2
111,10,15,五股區,,,,無年齡維度,0.0,女,遷出,臺北市,16
111,10,15,五股區,,,,無年齡維度,0.0,男,遷出,臺北市,11
111,10,15,五股區,,,,無年齡維度,0.0,女,遷出,臺南市,3
111,10,15,五股區,,,,無年齡維度,0.0,男,遷出,臺南市,0
111,10,15,五股區,,,,無年齡維度,0.0,女,遷出,臺灣省,12
111,10,15,五股區,,,,無年齡維度,0.0,男,遷出,臺灣省,11
111,10,15,五股區,,,,無年齡維度,0.0,女,遷出,高雄市,4
111,10,15,五股區,,,,無年齡維度,0.0,男,遷出,高雄市,0
111,10,16,泰山區,,,,無年齡維度,0.0,女,遷入,migrants,63
111,10,16,泰山區,,,,無年齡維度,0.0,男,遷入,migrants,41
111,10,16,泰山區,,,,無年齡維度,0.0,女,遷入,other,0
111,10,16,泰山區,,,,無年齡維度,0.0,男,遷入,other,0
111,10,16,泰山區,,,,無年齡維度,0.0,女,遷入,其他縣市,0
111,10,16,泰山區,,,,無年齡維度,0.0,男,遷入,其他縣市,0
111,10,16,泰山區,,,,無年齡維度,0.0,女,遷入,其他鄉鎮,67
111,10,16,泰山區,,,,無年齡維度,0.0,男,遷入,其他鄉鎮,49
111,10,16,泰山區,,,,無年齡維度,0.0,女,遷入,合計,125
111,10,16,泰山區,,,,無年齡維度,0.0,男,遷入,合計,98
111,10,16,泰山區,,,,無年齡維度,0.0,女,遷入,國外,35
111,10,16,泰山區,,,,無年齡維度,0.0,男,遷入,國外,25
111,10,16,泰山區,,,,無年齡維度,0.0,女,遷入,新北市內,0
111,10,16,泰山區,,,,無年齡維度,0.0,男,遷入,新北市內,0
111,10,16,泰山區,,,,無年齡維度,0.0,女,遷入,桃園市,8
111,10,16,泰山區,,,,無年齡維度,0.0,男,遷入,桃園市,11
111,10,16,泰山區,,,,無年齡維度,0.0,女,遷入,福建省,0
111,10,16,泰山區,,,,無年齡維度,0.0,男,遷入,福建省,0
111,10,16,泰山區,,,,無年齡維度,0.0,女,遷入,臺中市,0
111,10,16,泰山區,,,,無年齡維度,0.0,男,遷入,臺中市,3
111,10,16,泰山區,,,,無年齡維度,0.0,女,遷入,臺北市,6
111,10,16,泰山區,,,,無年齡維度,0.0,男,遷入,臺北市,4
111,10,16,泰山區,,,,無年齡維度,0.0,女,遷入,臺南市,0
111,10,16,泰山區,,,,無年齡維度,0.0,男,遷入,臺南市,1
111,10,16,泰山區,,,,無年齡維度,0.0,女,遷入,臺灣省,5
111,10,16,泰山區,,,,無年齡維度,0.0,男,遷入,臺灣省,4
111,10,16,泰山區,,,,無年齡維度,0.0,女,遷入,高雄市,2
111,10,16,泰山區,,,,無年齡維度,0.0,男,遷入,高雄市,1
111,10,16,泰山區,,,,無年齡維度,0.0,女,遷出,migrants,63
111,10,16,泰山區,,,,無年齡維度,0.0,男,遷出,migrants,41
111,10,16,泰山區,,,,無年齡維度,0.0,女,遷出,other,0
111,10,16,泰山區,,,,無年齡維度,0.0,男,遷出,other,0
111,10,16,泰山區,,,,無年齡維度,0.0,女,遷出,其他縣市,0
111,10,16,泰山區,,,,無年齡維度,0.0,男,遷出,其他縣市,0
111,10,16,泰山區,,,,無年齡維度,0.0,女,遷出,其他鄉鎮,70
111,10,16,泰山區,,,,無年齡維度,0.0,男,遷出,其他鄉鎮,46
111,10,16,泰山區,,,,無年齡維度,0.0,女,遷出,合計,124
111,10,16,泰山區,,,,無年齡維度,0.0,男,遷出,合計,101
111,10,16,泰山區,,,,無年齡維度,0.0,女,遷出,國外,9
111,10,16,泰山區,,,,無年齡維度,0.0,男,遷出,國外,12
111,10,16,泰山區,,,,無年齡維度,0.0,女,遷出,新北市內,0
111,10,16,泰山區,,,,無年齡維度,0.0,男,遷出,新北市內,0
111,10,16,泰山區,,,,無年齡維度,0.0,女,遷出,桃園市,15
111,10,16,泰山區,,,,無年齡維度,0.0,男,遷出,桃園市,14
111,10,16,泰山區,,,,無年齡維度,0.0,女,遷出,福建省,1
111,10,16,泰山區,,,,無年齡維度,0.0,男,遷出,福建省,0
111,10,16,泰山區,,,,無年齡維度,0.0,女,遷出,臺中市,2
111,10,16,泰山區,,,,無年齡維度,0.0,男,遷出,臺中市,2
111,10,16,泰山區,,,,無年齡維度,0.0,女,遷出,臺北市,8
111,10,16,泰山區,,,,無年齡維度,0.0,男,遷出,臺北市,5
111,10,16,泰山區,,,,無年齡維度,0.0,女,遷出,臺南市,1
111,10,16,泰山區,,,,無年齡維度,0.0,男,遷出,臺南市,2
111,10,16,泰山區,,,,無年齡維度,0.0,女,遷出,臺灣省,15
111,10,16,泰山區,,,,無年齡維度,0.0,男,遷出,臺灣省,17
111,10,16,泰山區,,,,無年齡維度,0.0,女,遷出,高雄市,3
111,10,16,泰山區,,,,無年齡維度,0.0,男,遷出,高雄市,3
111,10,17,林口區,,,,無年齡維度,0.0,女,遷入,migrants,219
111,10,17,林口區,,,,無年齡維度,0.0,男,遷入,migrants,171
111,10,17,林口區,,,,無年齡維度,0.0,女,遷入,other,0
111,10,17,林口區,,,,無年齡維度,0.0,男,遷入,other,0
111,10,17,林口區,,,,無年齡維度,0.0,女,遷入,其他縣市,0
111,10,17,林口區,,,,無年齡維度,0.0,男,遷入,其他縣市,0
111,10,17,林口區,,,,無年齡維度,0.0,女,遷入,其他鄉鎮,89
111,10,17,林口區,,,,無年齡維度,0.0,男,遷入,其他鄉鎮,86
111,10,17,林口區,,,,無年齡維度,0.0,女,遷入,合計,379
111,10,17,林口區,,,,無年齡維度,0.0,男,遷入,合計,356
111,10,17,林口區,,,,無年齡維度,0.0,女,遷入,國外,116
111,10,17,林口區,,,,無年齡維度,0.0,男,遷入,國外,109
111,10,17,林口區,,,,無年齡維度,0.0,女,遷入,新北市內,0
111,10,17,林口區,,,,無年齡維度,0.0,男,遷入,新北市內,0
111,10,17,林口區,,,,無年齡維度,0.0,女,遷入,桃園市,56
111,10,17,林口區,,,,無年齡維度,0.0,男,遷入,桃園市,68
111,10,17,林口區,,,,無年齡維度,0.0,女,遷入,福建省,0
111,10,17,林口區,,,,無年齡維度,0.0,男,遷入,福建省,1
111,10,17,林口區,,,,無年齡維度,0.0,女,遷入,臺中市,4
111,10,17,林口區,,,,無年齡維度,0.0,男,遷入,臺中市,6
111,10,17,林口區,,,,無年齡維度,0.0,女,遷入,臺北市,65
111,10,17,林口區,,,,無年齡維度,0.0,男,遷入,臺北市,50
111,10,17,林口區,,,,無年齡維度,0.0,女,遷入,臺南市,2
111,10,17,林口區,,,,無年齡維度,0.0,男,遷入,臺南市,2
111,10,17,林口區,,,,無年齡維度,0.0,女,遷入,臺灣省,37
111,10,17,林口區,,,,無年齡維度,0.0,男,遷入,臺灣省,29
111,10,17,林口區,,,,無年齡維度,0.0,女,遷入,高雄市,5
111,10,17,林口區,,,,無年齡維度,0.0,男,遷入,高雄市,1
111,10,17,林口區,,,,無年齡維度,0.0,女,遷出,migrants,219
111,10,17,林口區,,,,無年齡維度,0.0,男,遷出,migrants,171
111,10,17,林口區,,,,無年齡維度,0.0,女,遷出,other,0
111,10,17,林口區,,,,無年齡維度,0.0,男,遷出,other,0
111,10,17,林口區,,,,無年齡維度,0.0,女,遷出,其他縣市,0
111,10,17,林口區,,,,無年齡維度,0.0,男,遷出,其他縣市,0
111,10,17,林口區,,,,無年齡維度,0.0,女,遷出,其他鄉鎮,40
111,10,17,林口區,,,,無年齡維度,0.0,男,遷出,其他鄉鎮,29
111,10,17,林口區,,,,無年齡維度,0.0,女,遷出,合計,189
111,10,17,林口區,,,,無年齡維度,0.0,男,遷出,合計,155
111,10,17,林口區,,,,無年齡維度,0.0,女,遷出,國外,23
111,10,17,林口區,,,,無年齡維度,0.0,男,遷出,國外,25
111,10,17,林口區,,,,無年齡維度,0.0,女,遷出,新北市內,0
111,10,17,林口區,,,,無年齡維度,0.0,男,遷出,新北市內,0
111,10,17,林口區,,,,無年齡維度,0.0,女,遷出,桃園市,63
111,10,17,林口區,,,,無年齡維度,0.0,男,遷出,桃園市,46
111,10,17,林口區,,,,無年齡維度,0.0,女,遷出,福建省,0
111,10,17,林口區,,,,無年齡維度,0.0,男,遷出,福建省,1
111,10,17,林口區,,,,無年齡維度,0.0,女,遷出,臺中市,7
111,10,17,林口區,,,,無年齡維度,0.0,男,遷出,臺中市,4
111,10,17,林口區,,,,無年齡維度,0.0,女,遷出,臺北市,28
111,10,17,林口區,,,,無年齡維度,0.0,男,遷出,臺北市,30
111,10,17,林口區,,,,無年齡維度,0.0,女,遷出,臺南市,1
111,10,17,林口區,,,,無年齡維度,0.0,男,遷出,臺南市,6
111,10,17,林口區,,,,無年齡維度,0.0,女,遷出,臺灣省,24
111,10,17,林口區,,,,無年齡維度,0.0,男,遷出,臺灣省,12
111,10,17,林口區,,,,無年齡維度,0.0,女,遷出,高雄市,3
111,10,17,林口區,,,,無年齡維度,0.0,男,遷出,高雄市,1
111,10,18,八里區,,,,無年齡維度,0.0,女,遷入,migrants,20
111,10,18,八里區,,,,無年齡維度,0.0,男,遷入,migrants,21
111,10,18,八里區,,,,無年齡維度,0.0,女,遷入,other,0
111,10,18,八里區,,,,無年齡維度,0.0,男,遷入,other,0
111,10,18,八里區,,,,無年齡維度,0.0,女,遷入,其他縣市,0
111,10,18,八里區,,,,無年齡維度,0.0,男,遷入,其他縣市,0
111,10,18,八里區,,,,無年齡維度,0.0,女,遷入,其他鄉鎮,13
111,10,18,八里區,,,,無年齡維度,0.0,男,遷入,其他鄉鎮,6
111,10,18,八里區,,,,無年齡維度,0.0,女,遷入,合計,52
111,10,18,八里區,,,,無年齡維度,0.0,男,遷入,合計,43
111,10,18,八里區,,,,無年齡維度,0.0,女,遷入,國外,21
111,10,18,八里區,,,,無年齡維度,0.0,男,遷入,國外,14
111,10,18,八里區,,,,無年齡維度,0.0,女,遷入,新北市內,0
111,10,18,八里區,,,,無年齡維度,0.0,男,遷入,新北市內,0
111,10,18,八里區,,,,無年齡維度,0.0,女,遷入,桃園市,4
111,10,18,八里區,,,,無年齡維度,0.0,男,遷入,桃園市,3
111,10,18,八里區,,,,無年齡維度,0.0,女,遷入,福建省,0
111,10,18,八里區,,,,無年齡維度,0.0,男,遷入,福建省,0
111,10,18,八里區,,,,無年齡維度,0.0,女,遷入,臺中市,1
111,10,18,八里區,,,,無年齡維度,0.0,男,遷入,臺中市,1
111,10,18,八里區,,,,無年齡維度,0.0,女,遷入,臺北市,10
111,10,18,八里區,,,,無年齡維度,0.0,男,遷入,臺北市,14
111,10,18,八里區,,,,無年齡維度,0.0,女,遷入,臺南市,0
111,10,18,八里區,,,,無年齡維度,0.0,男,遷入,臺南市,0
111,10,18,八里區,,,,無年齡維度,0.0,女,遷入,臺灣省,3
111,10,18,八里區,,,,無年齡維度,0.0,男,遷入,臺灣省,4
111,10,18,八里區,,,,無年齡維度,0.0,女,遷入,高雄市,0
111,10,18,八里區,,,,無年齡維度,0.0,男,遷入,高雄市,1
111,10,18,八里區,,,,無年齡維度,0.0,女,遷出,migrants,20
111,10,18,八里區,,,,無年齡維度,0.0,男,遷出,migrants,21
111,10,18,八里區,,,,無年齡維度,0.0,女,遷出,other,0
111,10,18,八里區,,,,無年齡維度,0.0,男,遷出,other,0
111,10,18,八里區,,,,無年齡維度,0.0,女,遷出,其他縣市,0
111,10,18,八里區,,,,無年齡維度,0.0,男,遷出,其他縣市,0
111,10,18,八里區,,,,無年齡維度,0.0,女,遷出,其他鄉鎮,16
111,10,18,八里區,,,,無年齡維度,0.0,男,遷出,其他鄉鎮,5
111,10,18,八里區,,,,無年齡維度,0.0,女,遷出,合計,42
111,10,18,八里區,,,,無年齡維度,0.0,男,遷出,合計,25
111,10,18,八里區,,,,無年齡維度,0.0,女,遷出,國外,5
111,10,18,八里區,,,,無年齡維度,0.0,男,遷出,國外,6
111,10,18,八里區,,,,無年齡維度,0.0,女,遷出,新北市內,0
111,10,18,八里區,,,,無年齡維度,0.0,男,遷出,新北市內,0
111,10,18,八里區,,,,無年齡維度,0.0,女,遷出,桃園市,5
111,10,18,八里區,,,,無年齡維度,0.0,男,遷出,桃園市,2
111,10,18,八里區,,,,無年齡維度,0.0,女,遷出,福建省,1
111,10,18,八里區,,,,無年齡維度,0.0,男,遷出,福建省,0
111,10,18,八里區,,,,無年齡維度,0.0,女,遷出,臺中市,2
111,10,18,八里區,,,,無年齡維度,0.0,男,遷出,臺中市,0
111,10,18,八里區,,,,無年齡維度,0.0,女,遷出,臺北市,11
111,10,18,八里區,,,,無年齡維度,0.0,男,遷出,臺北市,9
111,10,18,八里區,,,,無年齡維度,0.0,女,遷出,臺南市,0
111,10,18,八里區,,,,無年齡維度,0.0,男,遷出,臺南市,0
111,10,18,八里區,,,,無年齡維度,0.0,女,遷出,臺灣省,2
111,10,18,八里區,,,,無年齡維度,0.0,男,遷出,臺灣省,3
111,10,18,八里區,,,,無年齡維度,0.0,女,遷出,高雄市,0
111,10,18,八里區,,,,無年齡維度,0.0,男,遷出,高雄市,0
111,10,19,深坑區,,,,無年齡維度,0.0,女,遷入,migrants,0
111,10,19,深坑區,,,,無年齡維度,0.0,男,遷入,migrants,0
111,10,19,深坑區,,,,無年齡維度,0.0,女,遷入,other,0
111,10,19,深坑區,,,,無年齡維度,0.0,男,遷入,other,0
111,10,19,深坑區,,,,無年齡維度,0.0,女,遷入,其他縣市,0
111,10,19,深坑區,,,,無年齡維度,0.0,男,遷入,其他縣市,0
111,10,19,深坑區,,,,無年齡維度,0.0,女,遷入,其他鄉鎮,1
111,10,19,深坑區,,,,無年齡維度,0.0,男,遷入,其他鄉鎮,3
111,10,19,深坑區,,,,無年齡維度,0.0,女,遷入,合計,6
111,10,19,深坑區,,,,無年齡維度,0.0,男,遷入,合計,6
111,10,19,深坑區,,,,無年齡維度,0.0,女,遷入,國外,2
111,10,19,深坑區,,,,無年齡維度,0.0,男,遷入,國外,2
111,10,19,深坑區,,,,無年齡維度,0.0,女,遷入,新北市內,0
111,10,19,深坑區,,,,無年齡維度,0.0,男,遷入,新北市內,0
111,10,19,深坑區,,,,無年齡維度,0.0,女,遷入,桃園市,0
111,10,19,深坑區,,,,無年齡維度,0.0,男,遷入,桃園市,0
111,10,19,深坑區,,,,無年齡維度,0.0,女,遷入,福建省,0
111,10,19,深坑區,,,,無年齡維度,0.0,男,遷入,福建省,0
111,10,19,深坑區,,,,無年齡維度,0.0,女,遷入,臺中市,0
111,10,19,深坑區,,,,無年齡維度,0.0,男,遷入,臺中市,0
111,10,19,深坑區,,,,無年齡維度,0.0,女,遷入,臺北市,2
111,10,19,深坑區,,,,無年齡維度,0.0,男,遷入,臺北市,0
111,10,19,深坑區,,,,無年齡維度,0.0,女,遷入,臺南市,0
111,10,19,深坑區,,,,無年齡維度,0.0,男,遷入,臺南市,0
111,10,19,深坑區,,,,無年齡維度,0.0,女,遷入,臺灣省,0
111,10,19,深坑區,,,,無年齡維度,0.0,男,遷入,臺灣省,1
111,10,19,深坑區,,,,無年齡維度,0.0,女,遷入,高雄市,0
111,10,19,深坑區,,,,無年齡維度,0.0,男,遷入,高雄市,0
111,10,19,深坑區,,,,無年齡維度,0.0,女,遷出,migrants,0
111,10,19,深坑區,,,,無年齡維度,0.0,男,遷出,migrants,0
111,10,19,深坑區,,,,無年齡維度,0.0,女,遷出,other,0
111,10,19,深坑區,,,,無年齡維度,0.0,男,遷出,other,0
111,10,19,深坑區,,,,無年齡維度,0.0,女,遷出,其他縣市,0
111,10,19,深坑區,,,,無年齡維度,0.0,男,遷出,其他縣市,0
111,10,19,深坑區,,,,無年齡維度,0.0,女,遷出,其他鄉鎮,6
111,10,19,深坑區,,,,無年齡維度,0.0,男,遷出,其他鄉鎮,7
111,10,19,深坑區,,,,無年齡維度,0.0,女,遷出,合計,10
111,10,19,深坑區,,,,無年齡維度,0.0,男,遷出,合計,11
111,10,19,深坑區,,,,無年齡維度,0.0,女,遷出,國外,0
111,10,19,深坑區,,,,無年齡維度,0.0,男,遷出,國外,0
111,10,19,深坑區,,,,無年齡維度,0.0,女,遷出,新北市內,0
111,10,19,深坑區,,,,無年齡維度,0.0,男,遷出,新北市內,0
111,10,19,深坑區,,,,無年齡維度,0.0,女,遷出,桃園市,0
111,10,19,深坑區,,,,無年齡維度,0.0,男,遷出,桃園市,0
111,10,19,深坑區,,,,無年齡維度,0.0,女,遷出,福建省,0
111,10,19,深坑區,,,,無年齡維度,0.0,男,遷出,福建省,0
111,10,19,深坑區,,,,無年齡維度,0.0,女,遷出,臺中市,0
111,10,19,深坑區,,,,無年齡維度,0.0,男,遷出,臺中市,0
111,10,19,深坑區,,,,無年齡維度,0.0,女,遷出,臺北市,0
111,10,19,深坑區,,,,無年齡維度,0.0,男,遷出,臺北市,0
111,10,19,深坑區,,,,無年齡維度,0.0,女,遷出,臺南市,0
111,10,19,深坑區,,,,無年齡維度,0.0,男,遷出,臺南市,0
111,10,19,深坑區,,,,無年齡維度,0.0,女,遷出,臺灣省,3
111,10,19,深坑區,,,,無年齡維度,0.0,男,遷出,臺灣省,4
111,10,19,深坑區,,,,無年齡維度,0.0,女,遷出,高雄市,1
111,10,19,深坑區,,,,無年齡維度,0.0,男,遷出,高雄市,0
111,10,20,石碇區,,,,無年齡維度,0.0,女,遷入,migrants,3
111,10,20,石碇區,,,,無年齡維度,0.0,男,遷入,migrants,5
111,10,20,石碇區,,,,無年齡維度,0.0,女,遷入,other,0
111,10,20,石碇區,,,,無年齡維度,0.0,男,遷入,other,0
111,10,20,石碇區,,,,無年齡維度,0.0,女,遷入,其他縣市,0
111,10,20,石碇區,,,,無年齡維度,0.0,男,遷入,其他縣市,0
111,10,20,石碇區,,,,無年齡維度,0.0,女,遷入,其他鄉鎮,3
111,10,20,石碇區,,,,無年齡維度,0.0,男,遷入,其他鄉鎮,1
111,10,20,石碇區,,,,無年齡維度,0.0,女,遷入,合計,11
111,10,20,石碇區,,,,無年齡維度,0.0,男,遷入,合計,5
111,10,20,石碇區,,,,無年齡維度,0.0,女,遷入,國外,4
111,10,20,石碇區,,,,無年齡維度,0.0,男,遷入,國外,0
111,10,20,石碇區,,,,無年齡維度,0.0,女,遷入,新北市內,0
111,10,20,石碇區,,,,無年齡維度,0.0,男,遷入,新北市內,0
111,10,20,石碇區,,,,無年齡維度,0.0,女,遷入,桃園市,0
111,10,20,石碇區,,,,無年齡維度,0.0,男,遷入,桃園市,0
111,10,20,石碇區,,,,無年齡維度,0.0,女,遷入,福建省,0
111,10,20,石碇區,,,,無年齡維度,0.0,男,遷入,福建省,0
111,10,20,石碇區,,,,無年齡維度,0.0,女,遷入,臺中市,1
111,10,20,石碇區,,,,無年齡維度,0.0,男,遷入,臺中市,1
111,10,20,石碇區,,,,無年齡維度,0.0,女,遷入,臺北市,1
111,10,20,石碇區,,,,無年齡維度,0.0,男,遷入,臺北市,2
111,10,20,石碇區,,,,無年齡維度,0.0,女,遷入,臺南市,1
111,10,20,石碇區,,,,無年齡維度,0.0,男,遷入,臺南市,0
111,10,20,石碇區,,,,無年齡維度,0.0,女,遷入,臺灣省,1
111,10,20,石碇區,,,,無年齡維度,0.0,男,遷入,臺灣省,1
111,10,20,石碇區,,,,無年齡維度,0.0,女,遷入,高雄市,0
111,10,20,石碇區,,,,無年齡維度,0.0,男,遷入,高雄市,0
111,10,20,石碇區,,,,無年齡維度,0.0,女,遷出,migrants,3
111,10,20,石碇區,,,,無年齡維度,0.0,男,遷出,migrants,5
111,10,20,石碇區,,,,無年齡維度,0.0,女,遷出,other,0
111,10,20,石碇區,,,,無年齡維度,0.0,男,遷出,other,0
111,10,20,石碇區,,,,無年齡維度,0.0,女,遷出,其他縣市,0
111,10,20,石碇區,,,,無年齡維度,0.0,男,遷出,其他縣市,0
111,10,20,石碇區,,,,無年齡維度,0.0,女,遷出,其他鄉鎮,2
111,10,20,石碇區,,,,無年齡維度,0.0,男,遷出,其他鄉鎮,5
111,10,20,石碇區,,,,無年齡維度,0.0,女,遷出,合計,4
111,10,20,石碇區,,,,無年齡維度,0.0,男,遷出,合計,5
111,10,20,石碇區,,,,無年齡維度,0.0,女,遷出,國外,1
111,10,20,石碇區,,,,無年齡維度,0.0,男,遷出,國外,0
111,10,20,石碇區,,,,無年齡維度,0.0,女,遷出,新北市內,0
111,10,20,石碇區,,,,無年齡維度,0.0,男,遷出,新北市內,0
111,10,20,石碇區,,,,無年齡維度,0.0,女,遷出,桃園市,0
111,10,20,石碇區,,,,無年齡維度,0.0,男,遷出,桃園市,0
111,10,20,石碇區,,,,無年齡維度,0.0,女,遷出,福建省,0
111,10,20,石碇區,,,,無年齡維度,0.0,男,遷出,福建省,0
111,10,20,石碇區,,,,無年齡維度,0.0,女,遷出,臺中市,1
111,10,20,石碇區,,,,無年齡維度,0.0,男,遷出,臺中市,0
111,10,20,石碇區,,,,無年齡維度,0.0,女,遷出,臺北市,0
111,10,20,石碇區,,,,無年齡維度,0.0,男,遷出,臺北市,0
111,10,20,石碇區,,,,無年齡維度,0.0,女,遷出,臺南市,0
111,10,20,石碇區,,,,無年齡維度,0.0,男,遷出,臺南市,0
111,10,20,石碇區,,,,無年齡維度,0.0,女,遷出,臺灣省,0
111,10,20,石碇區,,,,無年齡維度,0.0,男,遷出,臺灣省,0
111,10,20,石碇區,,,,無年齡維度,0.0,女,遷出,高雄市,0
111,10,20,石碇區,,,,無年齡維度,0.0,男,遷出,高雄市,0
111,10,21,坪林區,,,,無年齡維度,0.0,女,遷入,migrants,14
111,10,21,坪林區,,,,無年齡維度,0.0,男,遷入,migrants,13
111,10,21,坪林區,,,,無年齡維度,0.0,女,遷入,other,0
111,10,21,坪林區,,,,無年齡維度,0.0,男,遷入,other,0
111,10,21,坪林區,,,,無年齡維度,0.0,女,遷入,其他縣市,0
111,10,21,坪林區,,,,無年齡維度,0.0,男,遷入,其他縣市,0
111,10,21,坪林區,,,,無年齡維度,0.0,女,遷入,其他鄉鎮,23
111,10,21,坪林區,,,,無年齡維度,0.0,男,遷入,其他鄉鎮,20
111,10,21,坪林區,,,,無年齡維度,0.0,女,遷入,合計,45
111,10,21,坪林區,,,,無年齡維度,0.0,男,遷入,合計,39
111,10,21,坪林區,,,,無年齡維度,0.0,女,遷入,國外,12
111,10,21,坪林區,,,,無年齡維度,0.0,男,遷入,國外,8
111,10,21,坪林區,,,,無年齡維度,0.0,女,遷入,新北市內,0
111,10,21,坪林區,,,,無年齡維度,0.0,男,遷入,新北市內,0
111,10,21,坪林區,,,,無年齡維度,0.0,女,遷入,桃園市,3
111,10,21,坪林區,,,,無年齡維度,0.0,男,遷入,桃園市,4
111,10,21,坪林區,,,,無年齡維度,0.0,女,遷入,福建省,0
111,10,21,坪林區,,,,無年齡維度,0.0,男,遷入,福建省,0
111,10,21,坪林區,,,,無年齡維度,0.0,女,遷入,臺中市,0
111,10,21,坪林區,,,,無年齡維度,0.0,男,遷入,臺中市,1
111,10,21,坪林區,,,,無年齡維度,0.0,女,遷入,臺北市,3
111,10,21,坪林區,,,,無年齡維度,0.0,男,遷入,臺北市,3
111,10,21,坪林區,,,,無年齡維度,0.0,女,遷入,臺南市,0
111,10,21,坪林區,,,,無年齡維度,0.0,男,遷入,臺南市,1
111,10,21,坪林區,,,,無年齡維度,0.0,女,遷入,臺灣省,4
111,10,21,坪林區,,,,無年齡維度,0.0,男,遷入,臺灣省,2
111,10,21,坪林區,,,,無年齡維度,0.0,女,遷入,高雄市,0
111,10,21,坪林區,,,,無年齡維度,0.0,男,遷入,高雄市,0
111,10,21,坪林區,,,,無年齡維度,0.0,女,遷出,migrants,14
111,10,21,坪林區,,,,無年齡維度,0.0,男,遷出,migrants,13
111,10,21,坪林區,,,,無年齡維度,0.0,女,遷出,other,0
111,10,21,坪林區,,,,無年齡維度,0.0,男,遷出,other,0
111,10,21,坪林區,,,,無年齡維度,0.0,女,遷出,其他縣市,0
111,10,21,坪林區,,,,無年齡維度,0.0,男,遷出,其他縣市,0
111,10,21,坪林區,,,,無年齡維度,0.0,女,遷出,其他鄉鎮,12
111,10,21,坪林區,,,,無年齡維度,0.0,男,遷出,其他鄉鎮,5
111,10,21,坪林區,,,,無年齡維度,0.0,女,遷出,合計,22
111,10,21,坪林區,,,,無年齡維度,0.0,男,遷出,合計,11
111,10,21,坪林區,,,,無年齡維度,0.0,女,遷出,國外,1
111,10,21,坪林區,,,,無年齡維度,0.0,男,遷出,國外,0
111,10,21,坪林區,,,,無年齡維度,0.0,女,遷出,新北市內,0
111,10,21,坪林區,,,,無年齡維度,0.0,男,遷出,新北市內,0
111,10,21,坪林區,,,,無年齡維度,0.0,女,遷出,桃園市,1
111,10,21,坪林區,,,,無年齡維度,0.0,男,遷出,桃園市,0
111,10,21,坪林區,,,,無年齡維度,0.0,女,遷出,福建省,0
111,10,21,坪林區,,,,無年齡維度,0.0,男,遷出,福建省,0
111,10,21,坪林區,,,,無年齡維度,0.0,女,遷出,臺中市,2
111,10,21,坪林區,,,,無年齡維度,0.0,男,遷出,臺中市,0
111,10,21,坪林區,,,,無年齡維度,0.0,女,遷出,臺北市,4
111,10,21,坪林區,,,,無年齡維度,0.0,男,遷出,臺北市,5
111,10,21,坪林區,,,,無年齡維度,0.0,女,遷出,臺南市,0
111,10,21,坪林區,,,,無年齡維度,0.0,男,遷出,臺南市,1
111,10,21,坪林區,,,,無年齡維度,0.0,女,遷出,臺灣省,2
111,10,21,坪林區,,,,無年齡維度,0.0,男,遷出,臺灣省,0
111,10,21,坪林區,,,,無年齡維度,0.0,女,遷出,高雄市,0
111,10,21,坪林區,,,,無年齡維度,0.0,男,遷出,高雄市,0
111,10,22,三芝區,,,,無年齡維度,0.0,女,遷入,migrants,1
111,10,22,三芝區,,,,無年齡維度,0.0,男,遷入,migrants,5
111,10,22,三芝區,,,,無年齡維度,0.0,女,遷入,other,0
111,10,22,三芝區,,,,無年齡維度,0.0,男,遷入,other,0
111,10,22,三芝區,,,,無年齡維度,0.0,女,遷入,其他縣市,0
111,10,22,三芝區,,,,無年齡維度,0.0,男,遷入,其他縣市,0
111,10,22,三芝區,,,,無年齡維度,0.0,女,遷入,其他鄉鎮,5
111,10,22,三芝區,,,,無年齡維度,0.0,男,遷入,其他鄉鎮,4
111,10,22,三芝區,,,,無年齡維度,0.0,女,遷入,合計,7
111,10,22,三芝區,,,,無年齡維度,0.0,男,遷入,合計,11
111,10,22,三芝區,,,,無年齡維度,0.0,女,遷入,國外,1
111,10,22,三芝區,,,,無年齡維度,0.0,男,遷入,國外,4
111,10,22,三芝區,,,,無年齡維度,0.0,女,遷入,新北市內,0
111,10,22,三芝區,,,,無年齡維度,0.0,男,遷入,新北市內,0
111,10,22,三芝區,,,,無年齡維度,0.0,女,遷入,桃園市,0
111,10,22,三芝區,,,,無年齡維度,0.0,男,遷入,桃園市,1
111,10,22,三芝區,,,,無年齡維度,0.0,女,遷入,福建省,0
111,10,22,三芝區,,,,無年齡維度,0.0,男,遷入,福建省,0
111,10,22,三芝區,,,,無年齡維度,0.0,女,遷入,臺中市,0
111,10,22,三芝區,,,,無年齡維度,0.0,男,遷入,臺中市,0
111,10,22,三芝區,,,,無年齡維度,0.0,女,遷入,臺北市,0
111,10,22,三芝區,,,,無年齡維度,0.0,男,遷入,臺北市,1
111,10,22,三芝區,,,,無年齡維度,0.0,女,遷入,臺南市,0
111,10,22,三芝區,,,,無年齡維度,0.0,男,遷入,臺南市,0
111,10,22,三芝區,,,,無年齡維度,0.0,女,遷入,臺灣省,1
111,10,22,三芝區,,,,無年齡維度,0.0,男,遷入,臺灣省,1
111,10,22,三芝區,,,,無年齡維度,0.0,女,遷入,高雄市,0
111,10,22,三芝區,,,,無年齡維度,0.0,男,遷入,高雄市,0
111,10,22,三芝區,,,,無年齡維度,0.0,女,遷出,migrants,1
111,10,22,三芝區,,,,無年齡維度,0.0,男,遷出,migrants,5
111,10,22,三芝區,,,,無年齡維度,0.0,女,遷出,other,0
111,10,22,三芝區,,,,無年齡維度,0.0,男,遷出,other,0
111,10,22,三芝區,,,,無年齡維度,0.0,女,遷出,其他縣市,0
111,10,22,三芝區,,,,無年齡維度,0.0,男,遷出,其他縣市,0
111,10,22,三芝區,,,,無年齡維度,0.0,女,遷出,其他鄉鎮,7
111,10,22,三芝區,,,,無年齡維度,0.0,男,遷出,其他鄉鎮,4
111,10,22,三芝區,,,,無年齡維度,0.0,女,遷出,合計,10
111,10,22,三芝區,,,,無年齡維度,0.0,男,遷出,合計,12
111,10,22,三芝區,,,,無年齡維度,0.0,女,遷出,國外,0
111,10,22,三芝區,,,,無年齡維度,0.0,男,遷出,國外,1
111,10,22,三芝區,,,,無年齡維度,0.0,女,遷出,新北市內,0
111,10,22,三芝區,,,,無年齡維度,0.0,男,遷出,新北市內,0
111,10,22,三芝區,,,,無年齡維度,0.0,女,遷出,桃園市,1
111,10,22,三芝區,,,,無年齡維度,0.0,男,遷出,桃園市,1
111,10,22,三芝區,,,,無年齡維度,0.0,女,遷出,福建省,1
111,10,22,三芝區,,,,無年齡維度,0.0,男,遷出,福建省,1
111,10,22,三芝區,,,,無年齡維度,0.0,女,遷出,臺中市,0
111,10,22,三芝區,,,,無年齡維度,0.0,男,遷出,臺中市,2
111,10,22,三芝區,,,,無年齡維度,0.0,女,遷出,臺北市,0
111,10,22,三芝區,,,,無年齡維度,0.0,男,遷出,臺北市,0
111,10,22,三芝區,,,,無年齡維度,0.0,女,遷出,臺南市,1
111,10,22,三芝區,,,,無年齡維度,0.0,男,遷出,臺南市,0
111,10,22,三芝區,,,,無年齡維度,0.0,女,遷出,臺灣省,0
111,10,22,三芝區,,,,無年齡維度,0.0,男,遷出,臺灣省,3
111,10,22,三芝區,,,,無年齡維度,0.0,女,遷出,高雄市,0
111,10,22,三芝區,,,,無年齡維度,0.0,男,遷出,高雄市,0
111,10,23,石門區,,,,無年齡維度,0.0,女,遷入,migrants,48
111,10,23,石門區,,,,無年齡維度,0.0,男,遷入,migrants,33
111,10,23,石門區,,,,無年齡維度,0.0,女,遷入,other,0
111,10,23,石門區,,,,無年齡維度,0.0,男,遷入,other,0
111,10,23,石門區,,,,無年齡維度,0.0,女,遷入,其他縣市,0
111,10,23,石門區,,,,無年齡維度,0.0,男,遷入,其他縣市,0
111,10,23,石門區,,,,無年齡維度,0.0,女,遷入,其他鄉鎮,40
111,10,23,石門區,,,,無年齡維度,0.0,男,遷入,其他鄉鎮,38
111,10,23,石門區,,,,無年齡維度,0.0,女,遷入,合計,96
111,10,23,石門區,,,,無年齡維度,0.0,男,遷入,合計,91
111,10,23,石門區,,,,無年齡維度,0.0,女,遷入,國外,33
111,10,23,石門區,,,,無年齡維度,0.0,男,遷入,國外,17
111,10,23,石門區,,,,無年齡維度,0.0,女,遷入,新北市內,0
111,10,23,石門區,,,,無年齡維度,0.0,男,遷入,新北市內,0
111,10,23,石門區,,,,無年齡維度,0.0,女,遷入,桃園市,3
111,10,23,石門區,,,,無年齡維度,0.0,男,遷入,桃園市,6
111,10,23,石門區,,,,無年齡維度,0.0,女,遷入,福建省,0
111,10,23,石門區,,,,無年齡維度,0.0,男,遷入,福建省,1
111,10,23,石門區,,,,無年齡維度,0.0,女,遷入,臺中市,3
111,10,23,石門區,,,,無年齡維度,0.0,男,遷入,臺中市,1
111,10,23,石門區,,,,無年齡維度,0.0,女,遷入,臺北市,10
111,10,23,石門區,,,,無年齡維度,0.0,男,遷入,臺北市,17
111,10,23,石門區,,,,無年齡維度,0.0,女,遷入,臺南市,0
111,10,23,石門區,,,,無年齡維度,0.0,男,遷入,臺南市,0
111,10,23,石門區,,,,無年齡維度,0.0,女,遷入,臺灣省,5
111,10,23,石門區,,,,無年齡維度,0.0,男,遷入,臺灣省,8
111,10,23,石門區,,,,無年齡維度,0.0,女,遷入,高雄市,1
111,10,23,石門區,,,,無年齡維度,0.0,男,遷入,高雄市,3
111,10,23,石門區,,,,無年齡維度,0.0,女,遷出,migrants,48
111,10,23,石門區,,,,無年齡維度,0.0,男,遷出,migrants,33
111,10,23,石門區,,,,無年齡維度,0.0,女,遷出,other,0
111,10,23,石門區,,,,無年齡維度,0.0,男,遷出,other,0
111,10,23,石門區,,,,無年齡維度,0.0,女,遷出,其他縣市,0
111,10,23,石門區,,,,無年齡維度,0.0,男,遷出,其他縣市,0
111,10,23,石門區,,,,無年齡維度,0.0,女,遷出,其他鄉鎮,17
111,10,23,石門區,,,,無年齡維度,0.0,男,遷出,其他鄉鎮,33
111,10,23,石門區,,,,無年齡維度,0.0,女,遷出,合計,47
111,10,23,石門區,,,,無年齡維度,0.0,男,遷出,合計,65
111,10,23,石門區,,,,無年齡維度,0.0,女,遷出,國外,8
111,10,23,石門區,,,,無年齡維度,0.0,男,遷出,國外,7
111,10,23,石門區,,,,無年齡維度,0.0,女,遷出,新北市內,0
111,10,23,石門區,,,,無年齡維度,0.0,男,遷出,新北市內,0
111,10,23,石門區,,,,無年齡維度,0.0,女,遷出,桃園市,6
111,10,23,石門區,,,,無年齡維度,0.0,男,遷出,桃園市,6
111,10,23,石門區,,,,無年齡維度,0.0,女,遷出,福建省,1
111,10,23,石門區,,,,無年齡維度,0.0,男,遷出,福建省,0
111,10,23,石門區,,,,無年齡維度,0.0,女,遷出,臺中市,2
111,10,23,石門區,,,,無年齡維度,0.0,男,遷出,臺中市,3
111,10,23,石門區,,,,無年齡維度,0.0,女,遷出,臺北市,10
111,10,23,石門區,,,,無年齡維度,0.0,男,遷出,臺北市,11
111,10,23,石門區,,,,無年齡維度,0.0,女,遷出,臺南市,0
111,10,23,石門區,,,,無年齡維度,0.0,男,遷出,臺南市,1
111,10,23,石門區,,,,無年齡維度,0.0,女,遷出,臺灣省,2
111,10,23,石門區,,,,無年齡維度,0.0,男,遷出,臺灣省,4
111,10,23,石門區,,,,無年齡維度,0.0,女,遷出,高雄市,1
111,10,23,石門區,,,,無年齡維度,0.0,男,遷出,高雄市,0
111,10,24,金山區,,,,無年齡維度,0.0,女,遷入,migrants,1
111,10,24,金山區,,,,無年齡維度,0.0,男,遷入,migrants,1
111,10,24,金山區,,,,無年齡維度,0.0,女,遷入,other,0
111,10,24,金山區,,,,無年齡維度,0.0,男,遷入,other,0
111,10,24,金山區,,,,無年齡維度,0.0,女,遷入,其他縣市,0
111,10,24,金山區,,,,無年齡維度,0.0,男,遷入,其他縣市,0
111,10,24,金山區,,,,無年齡維度,0.0,女,遷入,其他鄉鎮,1
111,10,24,金山區,,,,無年齡維度,0.0,男,遷入,其他鄉鎮,1
111,10,24,金山區,,,,無年齡維度,0.0,女,遷入,合計,3
111,10,24,金山區,,,,無年齡維度,0.0,男,遷入,合計,2
111,10,24,金山區,,,,無年齡維度,0.0,女,遷入,國外,1
111,10,24,金山區,,,,無年齡維度,0.0,男,遷入,國外,1
111,10,24,金山區,,,,無年齡維度,0.0,女,遷入,新北市內,0
111,10,24,金山區,,,,無年齡維度,0.0,男,遷入,新北市內,0
111,10,24,金山區,,,,無年齡維度,0.0,女,遷入,桃園市,0
111,10,24,金山區,,,,無年齡維度,0.0,男,遷入,桃園市,0
111,10,24,金山區,,,,無年齡維度,0.0,女,遷入,福建省,0
111,10,24,金山區,,,,無年齡維度,0.0,男,遷入,福建省,0
111,10,24,金山區,,,,無年齡維度,0.0,女,遷入,臺中市,1
111,10,24,金山區,,,,無年齡維度,0.0,男,遷入,臺中市,0
111,10,24,金山區,,,,無年齡維度,0.0,女,遷入,臺北市,0
111,10,24,金山區,,,,無年齡維度,0.0,男,遷入,臺北市,0
111,10,24,金山區,,,,無年齡維度,0.0,女,遷入,臺南市,0
111,10,24,金山區,,,,無年齡維度,0.0,男,遷入,臺南市,0
111,10,24,金山區,,,,無年齡維度,0.0,女,遷入,臺灣省,0
111,10,24,金山區,,,,無年齡維度,0.0,男,遷入,臺灣省,0
111,10,24,金山區,,,,無年齡維度,0.0,女,遷入,高雄市,0
111,10,24,金山區,,,,無年齡維度,0.0,男,遷入,高雄市,0
111,10,24,金山區,,,,無年齡維度,0.0,女,遷出,migrants,1
111,10,24,金山區,,,,無年齡維度,0.0,男,遷出,migrants,1
111,10,24,金山區,,,,無年齡維度,0.0,女,遷出,other,0
111,10,24,金山區,,,,無年齡維度,0.0,男,遷出,other,0
111,10,24,金山區,,,,無年齡維度,0.0,女,遷出,其他縣市,0
111,10,24,金山區,,,,無年齡維度,0.0,男,遷出,其他縣市,0
111,10,24,金山區,,,,無年齡維度,0.0,女,遷出,其他鄉鎮,5
111,10,24,金山區,,,,無年齡維度,0.0,男,遷出,其他鄉鎮,5
111,10,24,金山區,,,,無年齡維度,0.0,女,遷出,合計,8
111,10,24,金山區,,,,無年齡維度,0.0,男,遷出,合計,7
111,10,24,金山區,,,,無年齡維度,0.0,女,遷出,國外,2
111,10,24,金山區,,,,無年齡維度,0.0,男,遷出,國外,0
111,10,24,金山區,,,,無年齡維度,0.0,女,遷出,新北市內,0
111,10,24,金山區,,,,無年齡維度,0.0,男,遷出,新北市內,0
111,10,24,金山區,,,,無年齡維度,0.0,女,遷出,桃園市,0
111,10,24,金山區,,,,無年齡維度,0.0,男,遷出,桃園市,1
111,10,24,金山區,,,,無年齡維度,0.0,女,遷出,福建省,0
111,10,24,金山區,,,,無年齡維度,0.0,男,遷出,福建省,0
111,10,24,金山區,,,,無年齡維度,0.0,女,遷出,臺中市,0
111,10,24,金山區,,,,無年齡維度,0.0,男,遷出,臺中市,0
111,10,24,金山區,,,,無年齡維度,0.0,女,遷出,臺北市,0
111,10,24,金山區,,,,無年齡維度,0.0,男,遷出,臺北市,0
111,10,24,金山區,,,,無年齡維度,0.0,女,遷出,臺南市,0
111,10,24,金山區,,,,無年齡維度,0.0,男,遷出,臺南市,0
111,10,24,金山區,,,,無年齡維度,0.0,女,遷出,臺灣省,1
111,10,24,金山區,,,,無年齡維度,0.0,男,遷出,臺灣省,1
111,10,24,金山區,,,,無年齡維度,0.0,女,遷出,高雄市,0
111,10,24,金山區,,,,無年齡維度,0.0,男,遷出,高雄市,0
111,10,25,萬里區,,,,無年齡維度,0.0,女,遷入,migrants,2
111,10,25,萬里區,,,,無年齡維度,0.0,男,遷入,migrants,1
111,10,25,萬里區,,,,無年齡維度,0.0,女,遷入,other,0
111,10,25,萬里區,,,,無年齡維度,0.0,男,遷入,other,0
111,10,25,萬里區,,,,無年齡維度,0.0,女,遷入,其他縣市,0
111,10,25,萬里區,,,,無年齡維度,0.0,男,遷入,其他縣市,0
111,10,25,萬里區,,,,無年齡維度,0.0,女,遷入,其他鄉鎮,2
111,10,25,萬里區,,,,無年齡維度,0.0,男,遷入,其他鄉鎮,2
111,10,25,萬里區,,,,無年齡維度,0.0,女,遷入,合計,8
111,10,25,萬里區,,,,無年齡維度,0.0,男,遷入,合計,9
111,10,25,萬里區,,,,無年齡維度,0.0,女,遷入,國外,1
111,10,25,萬里區,,,,無年齡維度,0.0,男,遷入,國外,3
111,10,25,萬里區,,,,無年齡維度,0.0,女,遷入,新北市內,0
111,10,25,萬里區,,,,無年齡維度,0.0,男,遷入,新北市內,0
111,10,25,萬里區,,,,無年齡維度,0.0,女,遷入,桃園市,1
111,10,25,萬里區,,,,無年齡維度,0.0,男,遷入,桃園市,0
111,10,25,萬里區,,,,無年齡維度,0.0,女,遷入,福建省,0
111,10,25,萬里區,,,,無年齡維度,0.0,男,遷入,福建省,0
111,10,25,萬里區,,,,無年齡維度,0.0,女,遷入,臺中市,2
111,10,25,萬里區,,,,無年齡維度,0.0,男,遷入,臺中市,0
111,10,25,萬里區,,,,無年齡維度,0.0,女,遷入,臺北市,2
111,10,25,萬里區,,,,無年齡維度,0.0,男,遷入,臺北市,4
111,10,25,萬里區,,,,無年齡維度,0.0,女,遷入,臺南市,0
111,10,25,萬里區,,,,無年齡維度,0.0,男,遷入,臺南市,0
111,10,25,萬里區,,,,無年齡維度,0.0,女,遷入,臺灣省,0
111,10,25,萬里區,,,,無年齡維度,0.0,男,遷入,臺灣省,0
111,10,25,萬里區,,,,無年齡維度,0.0,女,遷入,高雄市,0
111,10,25,萬里區,,,,無年齡維度,0.0,男,遷入,高雄市,0
111,10,25,萬里區,,,,無年齡維度,0.0,女,遷出,migrants,2
111,10,25,萬里區,,,,無年齡維度,0.0,男,遷出,migrants,1
111,10,25,萬里區,,,,無年齡維度,0.0,女,遷出,other,0
111,10,25,萬里區,,,,無年齡維度,0.0,男,遷出,other,0
111,10,25,萬里區,,,,無年齡維度,0.0,女,遷出,其他縣市,0
111,10,25,萬里區,,,,無年齡維度,0.0,男,遷出,其他縣市,0
111,10,25,萬里區,,,,無年齡維度,0.0,女,遷出,其他鄉鎮,1
111,10,25,萬里區,,,,無年齡維度,0.0,男,遷出,其他鄉鎮,1
111,10,25,萬里區,,,,無年齡維度,0.0,女,遷出,合計,4
111,10,25,萬里區,,,,無年齡維度,0.0,男,遷出,合計,4
111,10,25,萬里區,,,,無年齡維度,0.0,女,遷出,國外,0
111,10,25,萬里區,,,,無年齡維度,0.0,男,遷出,國外,2
111,10,25,萬里區,,,,無年齡維度,0.0,女,遷出,新北市內,0
111,10,25,萬里區,,,,無年齡維度,0.0,男,遷出,新北市內,0
111,10,25,萬里區,,,,無年齡維度,0.0,女,遷出,桃園市,0
111,10,25,萬里區,,,,無年齡維度,0.0,男,遷出,桃園市,0
111,10,25,萬里區,,,,無年齡維度,0.0,女,遷出,福建省,0
111,10,25,萬里區,,,,無年齡維度,0.0,男,遷出,福建省,0
111,10,25,萬里區,,,,無年齡維度,0.0,女,遷出,臺中市,0
111,10,25,萬里區,,,,無年齡維度,0.0,男,遷出,臺中市,0
111,10,25,萬里區,,,,無年齡維度,0.0,女,遷出,臺北市,1
111,10,25,萬里區,,,,無年齡維度,0.0,男,遷出,臺北市,1
111,10,25,萬里區,,,,無年齡維度,0.0,女,遷出,臺南市,0
111,10,25,萬里區,,,,無年齡維度,0.0,男,遷出,臺南市,0
111,10,25,萬里區,,,,無年齡維度,0.0,女,遷出,臺灣省,2
111,10,25,萬里區,,,,無年齡維度,0.0,男,遷出,臺灣省,0
111,10,25,萬里區,,,,無年齡維度,0.0,女,遷出,高雄市,0
111,10,25,萬里區,,,,無年齡維度,0.0,男,遷出,高雄市,0
111,10,26,平溪區,,,,無年齡維度,0.0,女,遷入,migrants,4
111,10,26,平溪區,,,,無年齡維度,0.0,男,遷入,migrants,1
111,10,26,平溪區,,,,無年齡維度,0.0,女,遷入,other,0
111,10,26,平溪區,,,,無年齡維度,0.0,男,遷入,other,0
111,10,26,平溪區,,,,無年齡維度,0.0,女,遷入,其他縣市,0
111,10,26,平溪區,,,,無年齡維度,0.0,男,遷入,其他縣市,0
111,10,26,平溪區,,,,無年齡維度,0.0,女,遷入,其他鄉鎮,4
111,10,26,平溪區,,,,無年齡維度,0.0,男,遷入,其他鄉鎮,2
111,10,26,平溪區,,,,無年齡維度,0.0,女,遷入,合計,9
111,10,26,平溪區,,,,無年齡維度,0.0,男,遷入,合計,7
111,10,26,平溪區,,,,無年齡維度,0.0,女,遷入,國外,3
111,10,26,平溪區,,,,無年齡維度,0.0,男,遷入,國外,3
111,10,26,平溪區,,,,無年齡維度,0.0,女,遷入,新北市內,0
111,10,26,平溪區,,,,無年齡維度,0.0,男,遷入,新北市內,0
111,10,26,平溪區,,,,無年齡維度,0.0,女,遷入,桃園市,0
111,10,26,平溪區,,,,無年齡維度,0.0,男,遷入,桃園市,1
111,10,26,平溪區,,,,無年齡維度,0.0,女,遷入,福建省,0
111,10,26,平溪區,,,,無年齡維度,0.0,男,遷入,福建省,0
111,10,26,平溪區,,,,無年齡維度,0.0,女,遷入,臺中市,0
111,10,26,平溪區,,,,無年齡維度,0.0,男,遷入,臺中市,1
111,10,26,平溪區,,,,無年齡維度,0.0,女,遷入,臺北市,0
111,10,26,平溪區,,,,無年齡維度,0.0,男,遷入,臺北市,0
111,10,26,平溪區,,,,無年齡維度,0.0,女,遷入,臺南市,0
111,10,26,平溪區,,,,無年齡維度,0.0,男,遷入,臺南市,0
111,10,26,平溪區,,,,無年齡維度,0.0,女,遷入,臺灣省,2
111,10,26,平溪區,,,,無年齡維度,0.0,男,遷入,臺灣省,0
111,10,26,平溪區,,,,無年齡維度,0.0,女,遷入,高雄市,0
111,10,26,平溪區,,,,無年齡維度,0.0,男,遷入,高雄市,0
111,10,26,平溪區,,,,無年齡維度,0.0,女,遷出,migrants,4
111,10,26,平溪區,,,,無年齡維度,0.0,男,遷出,migrants,1
111,10,26,平溪區,,,,無年齡維度,0.0,女,遷出,other,0
111,10,26,平溪區,,,,無年齡維度,0.0,男,遷出,other,0
111,10,26,平溪區,,,,無年齡維度,0.0,女,遷出,其他縣市,0
111,10,26,平溪區,,,,無年齡維度,0.0,男,遷出,其他縣市,0
111,10,26,平溪區,,,,無年齡維度,0.0,女,遷出,其他鄉鎮,2
111,10,26,平溪區,,,,無年齡維度,0.0,男,遷出,其他鄉鎮,8
111,10,26,平溪區,,,,無年齡維度,0.0,女,遷出,合計,10
111,10,26,平溪區,,,,無年齡維度,0.0,男,遷出,合計,13
111,10,26,平溪區,,,,無年齡維度,0.0,女,遷出,國外,0
111,10,26,平溪區,,,,無年齡維度,0.0,男,遷出,國外,0
111,10,26,平溪區,,,,無年齡維度,0.0,女,遷出,新北市內,0
111,10,26,平溪區,,,,無年齡維度,0.0,男,遷出,新北市內,0
111,10,26,平溪區,,,,無年齡維度,0.0,女,遷出,桃園市,0
111,10,26,平溪區,,,,無年齡維度,0.0,男,遷出,桃園市,0
111,10,26,平溪區,,,,無年齡維度,0.0,女,遷出,福建省,0
111,10,26,平溪區,,,,無年齡維度,0.0,男,遷出,福建省,0
111,10,26,平溪區,,,,無年齡維度,0.0,女,遷出,臺中市,2
111,10,26,平溪區,,,,無年齡維度,0.0,男,遷出,臺中市,2
111,10,26,平溪區,,,,無年齡維度,0.0,女,遷出,臺北市,3
111,10,26,平溪區,,,,無年齡維度,0.0,男,遷出,臺北市,0
111,10,26,平溪區,,,,無年齡維度,0.0,女,遷出,臺南市,0
111,10,26,平溪區,,,,無年齡維度,0.0,男,遷出,臺南市,0
111,10,26,平溪區,,,,無年齡維度,0.0,女,遷出,臺灣省,3
111,10,26,平溪區,,,,無年齡維度,0.0,男,遷出,臺灣省,3
111,10,26,平溪區,,,,無年齡維度,0.0,女,遷出,高雄市,0
111,10,26,平溪區,,,,無年齡維度,0.0,男,遷出,高雄市,0
111,10,27,雙溪區,,,,無年齡維度,0.0,女,遷入,migrants,8
111,10,27,雙溪區,,,,無年齡維度,0.0,男,遷入,migrants,13
111,10,27,雙溪區,,,,無年齡維度,0.0,女,遷入,other,0
111,10,27,雙溪區,,,,無年齡維度,0.0,男,遷入,other,0
111,10,27,雙溪區,,,,無年齡維度,0.0,女,遷入,其他縣市,0
111,10,27,雙溪區,,,,無年齡維度,0.0,男,遷入,其他縣市,0
111,10,27,雙溪區,,,,無年齡維度,0.0,女,遷入,其他鄉鎮,4
111,10,27,雙溪區,,,,無年齡維度,0.0,男,遷入,其他鄉鎮,8
111,10,27,雙溪區,,,,無年齡維度,0.0,女,遷入,合計,20
111,10,27,雙溪區,,,,無年齡維度,0.0,男,遷入,合計,22
111,10,27,雙溪區,,,,無年齡維度,0.0,女,遷入,國外,5
111,10,27,雙溪區,,,,無年齡維度,0.0,男,遷入,國外,5
111,10,27,雙溪區,,,,無年齡維度,0.0,女,遷入,新北市內,0
111,10,27,雙溪區,,,,無年齡維度,0.0,男,遷入,新北市內,0
111,10,27,雙溪區,,,,無年齡維度,0.0,女,遷入,桃園市,0
111,10,27,雙溪區,,,,無年齡維度,0.0,男,遷入,桃園市,1
111,10,27,雙溪區,,,,無年齡維度,0.0,女,遷入,福建省,0
111,10,27,雙溪區,,,,無年齡維度,0.0,男,遷入,福建省,0
111,10,27,雙溪區,,,,無年齡維度,0.0,女,遷入,臺中市,0
111,10,27,雙溪區,,,,無年齡維度,0.0,男,遷入,臺中市,1
111,10,27,雙溪區,,,,無年齡維度,0.0,女,遷入,臺北市,4
111,10,27,雙溪區,,,,無年齡維度,0.0,男,遷入,臺北市,2
111,10,27,雙溪區,,,,無年齡維度,0.0,女,遷入,臺南市,0
111,10,27,雙溪區,,,,無年齡維度,0.0,男,遷入,臺南市,0
111,10,27,雙溪區,,,,無年齡維度,0.0,女,遷入,臺灣省,5
111,10,27,雙溪區,,,,無年齡維度,0.0,男,遷入,臺灣省,3
111,10,27,雙溪區,,,,無年齡維度,0.0,女,遷入,高雄市,2
111,10,27,雙溪區,,,,無年齡維度,0.0,男,遷入,高雄市,1
111,10,27,雙溪區,,,,無年齡維度,0.0,女,遷出,migrants,8
111,10,27,雙溪區,,,,無年齡維度,0.0,男,遷出,migrants,13
111,10,27,雙溪區,,,,無年齡維度,0.0,女,遷出,other,0
111,10,27,雙溪區,,,,無年齡維度,0.0,男,遷出,other,0
111,10,27,雙溪區,,,,無年齡維度,0.0,女,遷出,其他縣市,0
111,10,27,雙溪區,,,,無年齡維度,0.0,男,遷出,其他縣市,0
111,10,27,雙溪區,,,,無年齡維度,0.0,女,遷出,其他鄉鎮,10
111,10,27,雙溪區,,,,無年齡維度,0.0,男,遷出,其他鄉鎮,7
111,10,27,雙溪區,,,,無年齡維度,0.0,女,遷出,合計,22
111,10,27,雙溪區,,,,無年齡維度,0.0,男,遷出,合計,20
111,10,27,雙溪區,,,,無年齡維度,0.0,女,遷出,國外,0
111,10,27,雙溪區,,,,無年齡維度,0.0,男,遷出,國外,1
111,10,27,雙溪區,,,,無年齡維度,0.0,女,遷出,新北市內,0
111,10,27,雙溪區,,,,無年齡維度,0.0,男,遷出,新北市內,0
111,10,27,雙溪區,,,,無年齡維度,0.0,女,遷出,桃園市,4
111,10,27,雙溪區,,,,無年齡維度,0.0,男,遷出,桃園市,1
111,10,27,雙溪區,,,,無年齡維度,0.0,女,遷出,福建省,0
111,10,27,雙溪區,,,,無年齡維度,0.0,男,遷出,福建省,0
111,10,27,雙溪區,,,,無年齡維度,0.0,女,遷出,臺中市,0
111,10,27,雙溪區,,,,無年齡維度,0.0,男,遷出,臺中市,0
111,10,27,雙溪區,,,,無年齡維度,0.0,女,遷出,臺北市,4
111,10,27,雙溪區,,,,無年齡維度,0.0,男,遷出,臺北市,3
111,10,27,雙溪區,,,,無年齡維度,0.0,女,遷出,臺南市,0
111,10,27,雙溪區,,,,無年齡維度,0.0,男,遷出,臺南市,0
111,10,27,雙溪區,,,,無年齡維度,0.0,女,遷出,臺灣省,4
111,10,27,雙溪區,,,,無年齡維度,0.0,男,遷出,臺灣省,8
111,10,27,雙溪區,,,,無年齡維度,0.0,女,遷出,高雄市,0
111,10,27,雙溪區,,,,無年齡維度,0.0,男,遷出,高雄市,0
111,10,28,貢寮區,,,,無年齡維度,0.0,女,遷入,migrants,12
111,10,28,貢寮區,,,,無年齡維度,0.0,男,遷入,migrants,5
111,10,28,貢寮區,,,,無年齡維度,0.0,女,遷入,other,0
111,10,28,貢寮區,,,,無年齡維度,0.0,男,遷入,other,0
111,10,28,貢寮區,,,,無年齡維度,0.0,女,遷入,其他縣市,0
111,10,28,貢寮區,,,,無年齡維度,0.0,男,遷入,其他縣市,0
111,10,28,貢寮區,,,,無年齡維度,0.0,女,遷入,其他鄉鎮,7
111,10,28,貢寮區,,,,無年齡維度,0.0,男,遷入,其他鄉鎮,7
111,10,28,貢寮區,,,,無年齡維度,0.0,女,遷入,合計,34
111,10,28,貢寮區,,,,無年齡維度,0.0,男,遷入,合計,20
111,10,28,貢寮區,,,,無年齡維度,0.0,女,遷入,國外,6
111,10,28,貢寮區,,,,無年齡維度,0.0,男,遷入,國外,5
111,10,28,貢寮區,,,,無年齡維度,0.0,女,遷入,新北市內,0
111,10,28,貢寮區,,,,無年齡維度,0.0,男,遷入,新北市內,0
111,10,28,貢寮區,,,,無年齡維度,0.0,女,遷入,桃園市,3
111,10,28,貢寮區,,,,無年齡維度,0.0,男,遷入,桃園市,0
111,10,28,貢寮區,,,,無年齡維度,0.0,女,遷入,福建省,0
111,10,28,貢寮區,,,,無年齡維度,0.0,男,遷入,福建省,0
111,10,28,貢寮區,,,,無年齡維度,0.0,女,遷入,臺中市,1
111,10,28,貢寮區,,,,無年齡維度,0.0,男,遷入,臺中市,0
111,10,28,貢寮區,,,,無年齡維度,0.0,女,遷入,臺北市,5
111,10,28,貢寮區,,,,無年齡維度,0.0,男,遷入,臺北市,1
111,10,28,貢寮區,,,,無年齡維度,0.0,女,遷入,臺南市,0
111,10,28,貢寮區,,,,無年齡維度,0.0,男,遷入,臺南市,0
111,10,28,貢寮區,,,,無年齡維度,0.0,女,遷入,臺灣省,10
111,10,28,貢寮區,,,,無年齡維度,0.0,男,遷入,臺灣省,7
111,10,28,貢寮區,,,,無年齡維度,0.0,女,遷入,高雄市,1
111,10,28,貢寮區,,,,無年齡維度,0.0,男,遷入,高雄市,0
111,10,28,貢寮區,,,,無年齡維度,0.0,女,遷出,migrants,12
111,10,28,貢寮區,,,,無年齡維度,0.0,男,遷出,migrants,5
111,10,28,貢寮區,,,,無年齡維度,0.0,女,遷出,other,0
111,10,28,貢寮區,,,,無年齡維度,0.0,男,遷出,other,0
111,10,28,貢寮區,,,,無年齡維度,0.0,女,遷出,其他縣市,0
111,10,28,貢寮區,,,,無年齡維度,0.0,男,遷出,其他縣市,0
111,10,28,貢寮區,,,,無年齡維度,0.0,女,遷出,其他鄉鎮,7
111,10,28,貢寮區,,,,無年齡維度,0.0,男,遷出,其他鄉鎮,8
111,10,28,貢寮區,,,,無年齡維度,0.0,女,遷出,合計,21
111,10,28,貢寮區,,,,無年齡維度,0.0,男,遷出,合計,24
111,10,28,貢寮區,,,,無年齡維度,0.0,女,遷出,國外,0
111,10,28,貢寮區,,,,無年齡維度,0.0,男,遷出,國外,0
111,10,28,貢寮區,,,,無年齡維度,0.0,女,遷出,新北市內,0
111,10,28,貢寮區,,,,無年齡維度,0.0,男,遷出,新北市內,0
111,10,28,貢寮區,,,,無年齡維度,0.0,女,遷出,桃園市,0
111,10,28,貢寮區,,,,無年齡維度,0.0,男,遷出,桃園市,0
111,10,28,貢寮區,,,,無年齡維度,0.0,女,遷出,福建省,0
111,10,28,貢寮區,,,,無年齡維度,0.0,男,遷出,福建省,0
111,10,28,貢寮區,,,,無年齡維度,0.0,女,遷出,臺中市,0
111,10,28,貢寮區,,,,無年齡維度,0.0,男,遷出,臺中市,0
111,10,28,貢寮區,,,,無年齡維度,0.0,女,遷出,臺北市,1
111,10,28,貢寮區,,,,無年齡維度,0.0,男,遷出,臺北市,1
111,10,28,貢寮區,,,,無年齡維度,0.0,女,遷出,臺南市,0
111,10,28,貢寮區,,,,無年齡維度,0.0,男,遷出,臺南市,0
111,10,28,貢寮區,,,,無年齡維度,0.0,女,遷出,臺灣省,13
111,10,28,貢寮區,,,,無年齡維度,0.0,男,遷出,臺灣省,14
111,10,28,貢寮區,,,,無年齡維度,0.0,女,遷出,高雄市,0
111,10,28,貢寮區,,,,無年齡維度,0.0,男,遷出,高雄市,1
111,10,29,烏來區,,,,無年齡維度,0.0,女,遷入,migrants,3
111,10,29,烏來區,,,,無年齡維度,0.0,男,遷入,migrants,4
111,10,29,烏來區,,,,無年齡維度,0.0,女,遷入,other,0
111,10,29,烏來區,,,,無年齡維度,0.0,男,遷入,other,0
111,10,29,烏來區,,,,無年齡維度,0.0,女,遷入,其他縣市,0
111,10,29,烏來區,,,,無年齡維度,0.0,男,遷入,其他縣市,0
111,10,29,烏來區,,,,無年齡維度,0.0,女,遷入,其他鄉鎮,3
111,10,29,烏來區,,,,無年齡維度,0.0,男,遷入,其他鄉鎮,5
111,10,29,烏來區,,,,無年齡維度,0.0,女,遷入,合計,9
111,10,29,烏來區,,,,無年齡維度,0.0,男,遷入,合計,11
111,10,29,烏來區,,,,無年齡維度,0.0,女,遷入,國外,5
111,10,29,烏來區,,,,無年齡維度,0.0,男,遷入,國外,3
111,10,29,烏來區,,,,無年齡維度,0.0,女,遷入,新北市內,0
111,10,29,烏來區,,,,無年齡維度,0.0,男,遷入,新北市內,0
111,10,29,烏來區,,,,無年齡維度,0.0,女,遷入,桃園市,0
111,10,29,烏來區,,,,無年齡維度,0.0,男,遷入,桃園市,1
111,10,29,烏來區,,,,無年齡維度,0.0,女,遷入,福建省,0
111,10,29,烏來區,,,,無年齡維度,0.0,男,遷入,福建省,0
111,10,29,烏來區,,,,無年齡維度,0.0,女,遷入,臺中市,0
111,10,29,烏來區,,,,無年齡維度,0.0,男,遷入,臺中市,0
111,10,29,烏來區,,,,無年齡維度,0.0,女,遷入,臺北市,1
111,10,29,烏來區,,,,無年齡維度,0.0,男,遷入,臺北市,1
111,10,29,烏來區,,,,無年齡維度,0.0,女,遷入,臺南市,0
111,10,29,烏來區,,,,無年齡維度,0.0,男,遷入,臺南市,0
111,10,29,烏來區,,,,無年齡維度,0.0,女,遷入,臺灣省,0
111,10,29,烏來區,,,,無年齡維度,0.0,男,遷入,臺灣省,0
111,10,29,烏來區,,,,無年齡維度,0.0,女,遷入,高雄市,0
111,10,29,烏來區,,,,無年齡維度,0.0,男,遷入,高雄市,1
111,10,29,烏來區,,,,無年齡維度,0.0,女,遷出,migrants,3
111,10,29,烏來區,,,,無年齡維度,0.0,男,遷出,migrants,4
111,10,29,烏來區,,,,無年齡維度,0.0,女,遷出,other,0
111,10,29,烏來區,,,,無年齡維度,0.0,男,遷出,other,0
111,10,29,烏來區,,,,無年齡維度,0.0,女,遷出,其他縣市,0
111,10,29,烏來區,,,,無年齡維度,0.0,男,遷出,其他縣市,0
111,10,29,烏來區,,,,無年齡維度,0.0,女,遷出,其他鄉鎮,2
111,10,29,烏來區,,,,無年齡維度,0.0,男,遷出,其他鄉鎮,0
111,10,29,烏來區,,,,無年齡維度,0.0,女,遷出,合計,5
111,10,29,烏來區,,,,無年齡維度,0.0,男,遷出,合計,2
111,10,29,烏來區,,,,無年齡維度,0.0,女,遷出,國外,1
111,10,29,烏來區,,,,無年齡維度,0.0,男,遷出,國外,0
111,10,29,烏來區,,,,無年齡維度,0.0,女,遷出,新北市內,0
111,10,29,烏來區,,,,無年齡維度,0.0,男,遷出,新北市內,0
111,10,29,烏來區,,,,無年齡維度,0.0,女,遷出,桃園市,0
111,10,29,烏來區,,,,無年齡維度,0.0,男,遷出,桃園市,0
111,10,29,烏來區,,,,無年齡維度,0.0,女,遷出,福建省,0
111,10,29,烏來區,,,,無年齡維度,0.0,男,遷出,福建省,0
111,10,29,烏來區,,,,無年齡維度,0.0,女,遷出,臺中市,0
111,10,29,烏來區,,,,無年齡維度,0.0,男,遷出,臺中市,0
111,10,29,烏來區,,,,無年齡維度,0.0,女,遷出,臺北市,1
111,10,29,烏來區,,,,無年齡維度,0.0,男,遷出,臺北市,1
111,10,29,烏來區,,,,無年齡維度,0.0,女,遷出,臺南市,0
111,10,29,烏來區,,,,無年齡維度,0.0,男,遷出,臺南市,0
111,10,29,烏來區,,,,無年齡維度,0.0,女,遷出,臺灣省,1
111,10,29,烏來區,,,,無年齡維度,0.0,男,遷出,臺灣省,1
111,10,29,烏來區,,,,無年齡維度,0.0,女,遷出,高雄市,0
111,10,29,烏來區,,,,無年齡維度,0.0,男,遷出,高雄市,0
111,11,1,板橋區,,,,無年齡維度,0.0,女,遷入,migrants,646
111,11,1,板橋區,,,,無年齡維度,0.0,男,遷入,migrants,558
111,11,1,板橋區,,,,無年齡維度,0.0,女,遷入,other,0
111,11,1,板橋區,,,,無年齡維度,0.0,男,遷入,other,0
111,11,1,板橋區,,,,無年齡維度,0.0,女,遷入,其他縣市,0
111,11,1,板橋區,,,,無年齡維度,0.0,男,遷入,其他縣市,0
111,11,1,板橋區,,,,無年齡維度,0.0,女,遷入,其他鄉鎮,323
111,11,1,板橋區,,,,無年齡維度,0.0,男,遷入,其他鄉鎮,239
111,11,1,板橋區,,,,無年齡維度,0.0,女,遷入,合計,1153
111,11,1,板橋區,,,,無年齡維度,0.0,男,遷入,合計,913
111,11,1,板橋區,,,,無年齡維度,0.0,女,遷入,國外,430
111,11,1,板橋區,,,,無年齡維度,0.0,男,遷入,國外,340
111,11,1,板橋區,,,,無年齡維度,0.0,女,遷入,新北市內,0
111,11,1,板橋區,,,,無年齡維度,0.0,男,遷入,新北市內,0
111,11,1,板橋區,,,,無年齡維度,0.0,女,遷入,桃園市,58
111,11,1,板橋區,,,,無年齡維度,0.0,男,遷入,桃園市,46
111,11,1,板橋區,,,,無年齡維度,0.0,女,遷入,福建省,3
111,11,1,板橋區,,,,無年齡維度,0.0,男,遷入,福建省,1
111,11,1,板橋區,,,,無年齡維度,0.0,女,遷入,臺中市,20
111,11,1,板橋區,,,,無年齡維度,0.0,男,遷入,臺中市,13
111,11,1,板橋區,,,,無年齡維度,0.0,女,遷入,臺北市,169
111,11,1,板橋區,,,,無年齡維度,0.0,男,遷入,臺北市,149
111,11,1,板橋區,,,,無年齡維度,0.0,女,遷入,臺南市,11
111,11,1,板橋區,,,,無年齡維度,0.0,男,遷入,臺南市,11
111,11,1,板橋區,,,,無年齡維度,0.0,女,遷入,臺灣省,100
111,11,1,板橋區,,,,無年齡維度,0.0,男,遷入,臺灣省,91
111,11,1,板橋區,,,,無年齡維度,0.0,女,遷入,高雄市,10
111,11,1,板橋區,,,,無年齡維度,0.0,男,遷入,高雄市,14
111,11,1,板橋區,,,,無年齡維度,0.0,女,遷出,migrants,646
111,11,1,板橋區,,,,無年齡維度,0.0,男,遷出,migrants,558
111,11,1,板橋區,,,,無年齡維度,0.0,女,遷出,other,0
111,11,1,板橋區,,,,無年齡維度,0.0,男,遷出,other,0
111,11,1,板橋區,,,,無年齡維度,0.0,女,遷出,其他縣市,0
111,11,1,板橋區,,,,無年齡維度,0.0,男,遷出,其他縣市,0
111,11,1,板橋區,,,,無年齡維度,0.0,女,遷出,其他鄉鎮,340
111,11,1,板橋區,,,,無年齡維度,0.0,男,遷出,其他鄉鎮,256
111,11,1,板橋區,,,,無年齡維度,0.0,女,遷出,合計,737
111,11,1,板橋區,,,,無年齡維度,0.0,男,遷出,合計,632
111,11,1,板橋區,,,,無年齡維度,0.0,女,遷出,國外,39
111,11,1,板橋區,,,,無年齡維度,0.0,男,遷出,國外,75
111,11,1,板橋區,,,,無年齡維度,0.0,女,遷出,新北市內,0
111,11,1,板橋區,,,,無年齡維度,0.0,男,遷出,新北市內,0
111,11,1,板橋區,,,,無年齡維度,0.0,女,遷出,桃園市,92
111,11,1,板橋區,,,,無年齡維度,0.0,男,遷出,桃園市,78
111,11,1,板橋區,,,,無年齡維度,0.0,女,遷出,福建省,5
111,11,1,板橋區,,,,無年齡維度,0.0,男,遷出,福建省,8
111,11,1,板橋區,,,,無年齡維度,0.0,女,遷出,臺中市,32
111,11,1,板橋區,,,,無年齡維度,0.0,男,遷出,臺中市,22
111,11,1,板橋區,,,,無年齡維度,0.0,女,遷出,臺北市,128
111,11,1,板橋區,,,,無年齡維度,0.0,男,遷出,臺北市,97
111,11,1,板橋區,,,,無年齡維度,0.0,女,遷出,臺南市,8
111,11,1,板橋區,,,,無年齡維度,0.0,男,遷出,臺南市,10
111,11,1,板橋區,,,,無年齡維度,0.0,女,遷出,臺灣省,79
111,11,1,板橋區,,,,無年齡維度,0.0,男,遷出,臺灣省,74
111,11,1,板橋區,,,,無年齡維度,0.0,女,遷出,高雄市,14
111,11,1,板橋區,,,,無年齡維度,0.0,男,遷出,高雄市,11
111,11,2,三重區,,,,無年齡維度,0.0,女,遷入,migrants,483
111,11,2,三重區,,,,無年齡維度,0.0,男,遷入,migrants,396
111,11,2,三重區,,,,無年齡維度,0.0,女,遷入,other,0
111,11,2,三重區,,,,無年齡維度,0.0,男,遷入,other,0
111,11,2,三重區,,,,無年齡維度,0.0,女,遷入,其他縣市,0
111,11,2,三重區,,,,無年齡維度,0.0,男,遷入,其他縣市,0
111,11,2,三重區,,,,無年齡維度,0.0,女,遷入,其他鄉鎮,235
111,11,2,三重區,,,,無年齡維度,0.0,男,遷入,其他鄉鎮,168
111,11,2,三重區,,,,無年齡維度,0.0,女,遷入,合計,806
111,11,2,三重區,,,,無年齡維度,0.0,男,遷入,合計,672
111,11,2,三重區,,,,無年齡維度,0.0,女,遷入,國外,250
111,11,2,三重區,,,,無年齡維度,0.0,男,遷入,國外,200
111,11,2,三重區,,,,無年齡維度,0.0,女,遷入,新北市內,0
111,11,2,三重區,,,,無年齡維度,0.0,男,遷入,新北市內,0
111,11,2,三重區,,,,無年齡維度,0.0,女,遷入,桃園市,35
111,11,2,三重區,,,,無年齡維度,0.0,男,遷入,桃園市,28
111,11,2,三重區,,,,無年齡維度,0.0,女,遷入,福建省,2
111,11,2,三重區,,,,無年齡維度,0.0,男,遷入,福建省,1
111,11,2,三重區,,,,無年齡維度,0.0,女,遷入,臺中市,16
111,11,2,三重區,,,,無年齡維度,0.0,男,遷入,臺中市,12
111,11,2,三重區,,,,無年齡維度,0.0,女,遷入,臺北市,178
111,11,2,三重區,,,,無年齡維度,0.0,男,遷入,臺北市,173
111,11,2,三重區,,,,無年齡維度,0.0,女,遷入,臺南市,7
111,11,2,三重區,,,,無年齡維度,0.0,男,遷入,臺南市,4
111,11,2,三重區,,,,無年齡維度,0.0,女,遷入,臺灣省,54
111,11,2,三重區,,,,無年齡維度,0.0,男,遷入,臺灣省,71
111,11,2,三重區,,,,無年齡維度,0.0,女,遷入,高雄市,15
111,11,2,三重區,,,,無年齡維度,0.0,男,遷入,高雄市,8
111,11,2,三重區,,,,無年齡維度,0.0,女,遷出,migrants,483
111,11,2,三重區,,,,無年齡維度,0.0,男,遷出,migrants,396
111,11,2,三重區,,,,無年齡維度,0.0,女,遷出,other,0
111,11,2,三重區,,,,無年齡維度,0.0,男,遷出,other,0
111,11,2,三重區,,,,無年齡維度,0.0,女,遷出,其他縣市,0
111,11,2,三重區,,,,無年齡維度,0.0,男,遷出,其他縣市,0
111,11,2,三重區,,,,無年齡維度,0.0,女,遷出,其他鄉鎮,219
111,11,2,三重區,,,,無年齡維度,0.0,男,遷出,其他鄉鎮,160
111,11,2,三重區,,,,無年齡維度,0.0,女,遷出,合計,553
111,11,2,三重區,,,,無年齡維度,0.0,男,遷出,合計,416
111,11,2,三重區,,,,無年齡維度,0.0,女,遷出,國外,40
111,11,2,三重區,,,,無年齡維度,0.0,男,遷出,國外,23
111,11,2,三重區,,,,無年齡維度,0.0,女,遷出,新北市內,0
111,11,2,三重區,,,,無年齡維度,0.0,男,遷出,新北市內,0
111,11,2,三重區,,,,無年齡維度,0.0,女,遷出,桃園市,57
111,11,2,三重區,,,,無年齡維度,0.0,男,遷出,桃園市,44
111,11,2,三重區,,,,無年齡維度,0.0,女,遷出,福建省,4
111,11,2,三重區,,,,無年齡維度,0.0,男,遷出,福建省,5
111,11,2,三重區,,,,無年齡維度,0.0,女,遷出,臺中市,15
111,11,2,三重區,,,,無年齡維度,0.0,男,遷出,臺中市,8
111,11,2,三重區,,,,無年齡維度,0.0,女,遷出,臺北市,132
111,11,2,三重區,,,,無年齡維度,0.0,男,遷出,臺北市,108
111,11,2,三重區,,,,無年齡維度,0.0,女,遷出,臺南市,11
111,11,2,三重區,,,,無年齡維度,0.0,男,遷出,臺南市,11
111,11,2,三重區,,,,無年齡維度,0.0,女,遷出,臺灣省,61
111,11,2,三重區,,,,無年齡維度,0.0,男,遷出,臺灣省,52
111,11,2,三重區,,,,無年齡維度,0.0,女,遷出,高雄市,13
111,11,2,三重區,,,,無年齡維度,0.0,男,遷出,高雄市,5
111,11,3,中和區,,,,無年齡維度,0.0,女,遷入,migrants,298
111,11,3,中和區,,,,無年齡維度,0.0,男,遷入,migrants,296
111,11,3,中和區,,,,無年齡維度,0.0,女,遷入,other,0
111,11,3,中和區,,,,無年齡維度,0.0,男,遷入,other,0
111,11,3,中和區,,,,無年齡維度,0.0,女,遷入,其他縣市,0
111,11,3,中和區,,,,無年齡維度,0.0,男,遷入,其他縣市,0
111,11,3,中和區,,,,無年齡維度,0.0,女,遷入,其他鄉鎮,306
111,11,3,中和區,,,,無年齡維度,0.0,男,遷入,其他鄉鎮,211
111,11,3,中和區,,,,無年齡維度,0.0,女,遷入,合計,1115
111,11,3,中和區,,,,無年齡維度,0.0,男,遷入,合計,819
111,11,3,中和區,,,,無年齡維度,0.0,女,遷入,國外,494
111,11,3,中和區,,,,無年齡維度,0.0,男,遷入,國外,368
111,11,3,中和區,,,,無年齡維度,0.0,女,遷入,新北市內,0
111,11,3,中和區,,,,無年齡維度,0.0,男,遷入,新北市內,0
111,11,3,中和區,,,,無年齡維度,0.0,女,遷入,桃園市,35
111,11,3,中和區,,,,無年齡維度,0.0,男,遷入,桃園市,24
111,11,3,中和區,,,,無年齡維度,0.0,女,遷入,福建省,3
111,11,3,中和區,,,,無年齡維度,0.0,男,遷入,福建省,2
111,11,3,中和區,,,,無年齡維度,0.0,女,遷入,臺中市,19
111,11,3,中和區,,,,無年齡維度,0.0,男,遷入,臺中市,11
111,11,3,中和區,,,,無年齡維度,0.0,女,遷入,臺北市,133
111,11,3,中和區,,,,無年齡維度,0.0,男,遷入,臺北市,118
111,11,3,中和區,,,,無年齡維度,0.0,女,遷入,臺南市,12
111,11,3,中和區,,,,無年齡維度,0.0,男,遷入,臺南市,5
111,11,3,中和區,,,,無年齡維度,0.0,女,遷入,臺灣省,68
111,11,3,中和區,,,,無年齡維度,0.0,男,遷入,臺灣省,54
111,11,3,中和區,,,,無年齡維度,0.0,女,遷入,高雄市,20
111,11,3,中和區,,,,無年齡維度,0.0,男,遷入,高雄市,13
111,11,3,中和區,,,,無年齡維度,0.0,女,遷出,migrants,298
111,11,3,中和區,,,,無年齡維度,0.0,男,遷出,migrants,296
111,11,3,中和區,,,,無年齡維度,0.0,女,遷出,other,0
111,11,3,中和區,,,,無年齡維度,0.0,男,遷出,other,0
111,11,3,中和區,,,,無年齡維度,0.0,女,遷出,其他縣市,0
111,11,3,中和區,,,,無年齡維度,0.0,男,遷出,其他縣市,0
111,11,3,中和區,,,,無年齡維度,0.0,女,遷出,其他鄉鎮,321
111,11,3,中和區,,,,無年齡維度,0.0,男,遷出,其他鄉鎮,255
111,11,3,中和區,,,,無年齡維度,0.0,女,遷出,合計,667
111,11,3,中和區,,,,無年齡維度,0.0,男,遷出,合計,568
111,11,3,中和區,,,,無年齡維度,0.0,女,遷出,國外,59
111,11,3,中和區,,,,無年齡維度,0.0,男,遷出,國外,54
111,11,3,中和區,,,,無年齡維度,0.0,女,遷出,新北市內,0
111,11,3,中和區,,,,無年齡維度,0.0,男,遷出,新北市內,0
111,11,3,中和區,,,,無年齡維度,0.0,女,遷出,桃園市,47
111,11,3,中和區,,,,無年齡維度,0.0,男,遷出,桃園市,45
111,11,3,中和區,,,,無年齡維度,0.0,女,遷出,福建省,13
111,11,3,中和區,,,,無年齡維度,0.0,男,遷出,福建省,12
111,11,3,中和區,,,,無年齡維度,0.0,女,遷出,臺中市,24
111,11,3,中和區,,,,無年齡維度,0.0,男,遷出,臺中市,24
111,11,3,中和區,,,,無年齡維度,0.0,女,遷出,臺北市,112
111,11,3,中和區,,,,無年齡維度,0.0,男,遷出,臺北市,93
111,11,3,中和區,,,,無年齡維度,0.0,女,遷出,臺南市,10
111,11,3,中和區,,,,無年齡維度,0.0,男,遷出,臺南市,12
111,11,3,中和區,,,,無年齡維度,0.0,女,遷出,臺灣省,61
111,11,3,中和區,,,,無年齡維度,0.0,男,遷出,臺灣省,64
111,11,3,中和區,,,,無年齡維度,0.0,女,遷出,高雄市,19
111,11,3,中和區,,,,無年齡維度,0.0,男,遷出,高雄市,8
111,11,4,永和區,,,,無年齡維度,0.0,女,遷入,migrants,151
111,11,4,永和區,,,,無年齡維度,0.0,男,遷入,migrants,131
111,11,4,永和區,,,,無年齡維度,0.0,女,遷入,other,0
111,11,4,永和區,,,,無年齡維度,0.0,男,遷入,other,0
111,11,4,永和區,,,,無年齡維度,0.0,女,遷入,其他縣市,0
111,11,4,永和區,,,,無年齡維度,0.0,男,遷入,其他縣市,0
111,11,4,永和區,,,,無年齡維度,0.0,女,遷入,其他鄉鎮,141
111,11,4,永和區,,,,無年齡維度,0.0,男,遷入,其他鄉鎮,118
111,11,4,永和區,,,,無年齡維度,0.0,女,遷入,合計,727
111,11,4,永和區,,,,無年齡維度,0.0,男,遷入,合計,508
111,11,4,永和區,,,,無年齡維度,0.0,女,遷入,國外,403
111,11,4,永和區,,,,無年齡維度,0.0,男,遷入,國外,263
111,11,4,永和區,,,,無年齡維度,0.0,女,遷入,新北市內,0
111,11,4,永和區,,,,無年齡維度,0.0,男,遷入,新北市內,0
111,11,4,永和區,,,,無年齡維度,0.0,女,遷入,桃園市,23
111,11,4,永和區,,,,無年齡維度,0.0,男,遷入,桃園市,11
111,11,4,永和區,,,,無年齡維度,0.0,女,遷入,福建省,3
111,11,4,永和區,,,,無年齡維度,0.0,男,遷入,福建省,7
111,11,4,永和區,,,,無年齡維度,0.0,女,遷入,臺中市,11
111,11,4,永和區,,,,無年齡維度,0.0,男,遷入,臺中市,8
111,11,4,永和區,,,,無年齡維度,0.0,女,遷入,臺北市,95
111,11,4,永和區,,,,無年齡維度,0.0,男,遷入,臺北市,70
111,11,4,永和區,,,,無年齡維度,0.0,女,遷入,臺南市,9
111,11,4,永和區,,,,無年齡維度,0.0,男,遷入,臺南市,4
111,11,4,永和區,,,,無年齡維度,0.0,女,遷入,臺灣省,25
111,11,4,永和區,,,,無年齡維度,0.0,男,遷入,臺灣省,17
111,11,4,永和區,,,,無年齡維度,0.0,女,遷入,高雄市,8
111,11,4,永和區,,,,無年齡維度,0.0,男,遷入,高雄市,4
111,11,4,永和區,,,,無年齡維度,0.0,女,遷出,migrants,151
111,11,4,永和區,,,,無年齡維度,0.0,男,遷出,migrants,131
111,11,4,永和區,,,,無年齡維度,0.0,女,遷出,other,0
111,11,4,永和區,,,,無年齡維度,0.0,男,遷出,other,0
111,11,4,永和區,,,,無年齡維度,0.0,女,遷出,其他縣市,0
111,11,4,永和區,,,,無年齡維度,0.0,男,遷出,其他縣市,0
111,11,4,永和區,,,,無年齡維度,0.0,女,遷出,其他鄉鎮,220
111,11,4,永和區,,,,無年齡維度,0.0,男,遷出,其他鄉鎮,137
111,11,4,永和區,,,,無年齡維度,0.0,女,遷出,合計,432
111,11,4,永和區,,,,無年齡維度,0.0,男,遷出,合計,299
111,11,4,永和區,,,,無年齡維度,0.0,女,遷出,國外,45
111,11,4,永和區,,,,無年齡維度,0.0,男,遷出,國外,40
111,11,4,永和區,,,,無年齡維度,0.0,女,遷出,新北市內,0
111,11,4,永和區,,,,無年齡維度,0.0,男,遷出,新北市內,0
111,11,4,永和區,,,,無年齡維度,0.0,女,遷出,桃園市,18
111,11,4,永和區,,,,無年齡維度,0.0,男,遷出,桃園市,14
111,11,4,永和區,,,,無年齡維度,0.0,女,遷出,福建省,7
111,11,4,永和區,,,,無年齡維度,0.0,男,遷出,福建省,13
111,11,4,永和區,,,,無年齡維度,0.0,女,遷出,臺中市,12
111,11,4,永和區,,,,無年齡維度,0.0,男,遷出,臺中市,16
111,11,4,永和區,,,,無年齡維度,0.0,女,遷出,臺北市,77
111,11,4,永和區,,,,無年齡維度,0.0,男,遷出,臺北市,43
111,11,4,永和區,,,,無年齡維度,0.0,女,遷出,臺南市,2
111,11,4,永和區,,,,無年齡維度,0.0,男,遷出,臺南市,3
111,11,4,永和區,,,,無年齡維度,0.0,女,遷出,臺灣省,37
111,11,4,永和區,,,,無年齡維度,0.0,男,遷出,臺灣省,25
111,11,4,永和區,,,,無年齡維度,0.0,女,遷出,高雄市,14
111,11,4,永和區,,,,無年齡維度,0.0,男,遷出,高雄市,8
111,11,5,新莊區,,,,無年齡維度,0.0,女,遷入,migrants,600
111,11,5,新莊區,,,,無年齡維度,0.0,男,遷入,migrants,542
111,11,5,新莊區,,,,無年齡維度,0.0,女,遷入,other,0
111,11,5,新莊區,,,,無年齡維度,0.0,男,遷入,other,0
111,11,5,新莊區,,,,無年齡維度,0.0,女,遷入,其他縣市,0
111,11,5,新莊區,,,,無年齡維度,0.0,男,遷入,其他縣市,0
111,11,5,新莊區,,,,無年齡維度,0.0,女,遷入,其他鄉鎮,251
111,11,5,新莊區,,,,無年齡維度,0.0,男,遷入,其他鄉鎮,214
111,11,5,新莊區,,,,無年齡維度,0.0,女,遷入,合計,726
111,11,5,新莊區,,,,無年齡維度,0.0,男,遷入,合計,624
111,11,5,新莊區,,,,無年齡維度,0.0,女,遷入,國外,218
111,11,5,新莊區,,,,無年齡維度,0.0,男,遷入,國外,181
111,11,5,新莊區,,,,無年齡維度,0.0,女,遷入,新北市內,0
111,11,5,新莊區,,,,無年齡維度,0.0,男,遷入,新北市內,0
111,11,5,新莊區,,,,無年齡維度,0.0,女,遷入,桃園市,56
111,11,5,新莊區,,,,無年齡維度,0.0,男,遷入,桃園市,42
111,11,5,新莊區,,,,無年齡維度,0.0,女,遷入,福建省,1
111,11,5,新莊區,,,,無年齡維度,0.0,男,遷入,福建省,3
111,11,5,新莊區,,,,無年齡維度,0.0,女,遷入,臺中市,13
111,11,5,新莊區,,,,無年齡維度,0.0,男,遷入,臺中市,16
111,11,5,新莊區,,,,無年齡維度,0.0,女,遷入,臺北市,83
111,11,5,新莊區,,,,無年齡維度,0.0,男,遷入,臺北市,80
111,11,5,新莊區,,,,無年齡維度,0.0,女,遷入,臺南市,4
111,11,5,新莊區,,,,無年齡維度,0.0,男,遷入,臺南市,9
111,11,5,新莊區,,,,無年齡維度,0.0,女,遷入,臺灣省,62
111,11,5,新莊區,,,,無年齡維度,0.0,男,遷入,臺灣省,66
111,11,5,新莊區,,,,無年齡維度,0.0,女,遷入,高雄市,20
111,11,5,新莊區,,,,無年齡維度,0.0,男,遷入,高雄市,7
111,11,5,新莊區,,,,無年齡維度,0.0,女,遷出,migrants,600
111,11,5,新莊區,,,,無年齡維度,0.0,男,遷出,migrants,542
111,11,5,新莊區,,,,無年齡維度,0.0,女,遷出,other,0
111,11,5,新莊區,,,,無年齡維度,0.0,男,遷出,other,0
111,11,5,新莊區,,,,無年齡維度,0.0,女,遷出,其他縣市,0
111,11,5,新莊區,,,,無年齡維度,0.0,男,遷出,其他縣市,0
111,11,5,新莊區,,,,無年齡維度,0.0,女,遷出,其他鄉鎮,254
111,11,5,新莊區,,,,無年齡維度,0.0,男,遷出,其他鄉鎮,186
111,11,5,新莊區,,,,無年齡維度,0.0,女,遷出,合計,555
111,11,5,新莊區,,,,無年齡維度,0.0,男,遷出,合計,432
111,11,5,新莊區,,,,無年齡維度,0.0,女,遷出,國外,14
111,11,5,新莊區,,,,無年齡維度,0.0,男,遷出,國外,22
111,11,5,新莊區,,,,無年齡維度,0.0,女,遷出,新北市內,0
111,11,5,新莊區,,,,無年齡維度,0.0,男,遷出,新北市內,0
111,11,5,新莊區,,,,無年齡維度,0.0,女,遷出,桃園市,110
111,11,5,新莊區,,,,無年齡維度,0.0,男,遷出,桃園市,78
111,11,5,新莊區,,,,無年齡維度,0.0,女,遷出,福建省,6
111,11,5,新莊區,,,,無年齡維度,0.0,男,遷出,福建省,7
111,11,5,新莊區,,,,無年齡維度,0.0,女,遷出,臺中市,25
111,11,5,新莊區,,,,無年齡維度,0.0,男,遷出,臺中市,15
111,11,5,新莊區,,,,無年齡維度,0.0,女,遷出,臺北市,62
111,11,5,新莊區,,,,無年齡維度,0.0,男,遷出,臺北市,48
111,11,5,新莊區,,,,無年齡維度,0.0,女,遷出,臺南市,11
111,11,5,新莊區,,,,無年齡維度,0.0,男,遷出,臺南市,7
111,11,5,新莊區,,,,無年齡維度,0.0,女,遷出,臺灣省,64
111,11,5,新莊區,,,,無年齡維度,0.0,男,遷出,臺灣省,58
111,11,5,新莊區,,,,無年齡維度,0.0,女,遷出,高雄市,8
111,11,5,新莊區,,,,無年齡維度,0.0,男,遷出,高雄市,8
111,11,6,新店區,,,,無年齡維度,0.0,女,遷入,migrants,313
111,11,6,新店區,,,,無年齡維度,0.0,男,遷入,migrants,276
111,11,6,新店區,,,,無年齡維度,0.0,女,遷入,other,0
111,11,6,新店區,,,,無年齡維度,0.0,男,遷入,other,0
111,11,6,新店區,,,,無年齡維度,0.0,女,遷入,其他縣市,0
111,11,6,新店區,,,,無年齡維度,0.0,男,遷入,其他縣市,0
111,11,6,新店區,,,,無年齡維度,0.0,女,遷入,其他鄉鎮,147
111,11,6,新店區,,,,無年齡維度,0.0,男,遷入,其他鄉鎮,81
111,11,6,新店區,,,,無年齡維度,0.0,女,遷入,合計,972
111,11,6,新店區,,,,無年齡維度,0.0,男,遷入,合計,734
111,11,6,新店區,,,,無年齡維度,0.0,女,遷入,國外,581
111,11,6,新店區,,,,無年齡維度,0.0,男,遷入,國外,423
111,11,6,新店區,,,,無年齡維度,0.0,女,遷入,新北市內,0
111,11,6,新店區,,,,無年齡維度,0.0,男,遷入,新北市內,0
111,11,6,新店區,,,,無年齡維度,0.0,女,遷入,桃園市,14
111,11,6,新店區,,,,無年齡維度,0.0,男,遷入,桃園市,15
111,11,6,新店區,,,,無年齡維度,0.0,女,遷入,福建省,2
111,11,6,新店區,,,,無年齡維度,0.0,男,遷入,福建省,2
111,11,6,新店區,,,,無年齡維度,0.0,女,遷入,臺中市,9
111,11,6,新店區,,,,無年齡維度,0.0,男,遷入,臺中市,11
111,11,6,新店區,,,,無年齡維度,0.0,女,遷入,臺北市,143
111,11,6,新店區,,,,無年齡維度,0.0,男,遷入,臺北市,158
111,11,6,新店區,,,,無年齡維度,0.0,女,遷入,臺南市,4
111,11,6,新店區,,,,無年齡維度,0.0,男,遷入,臺南市,3
111,11,6,新店區,,,,無年齡維度,0.0,女,遷入,臺灣省,43
111,11,6,新店區,,,,無年齡維度,0.0,男,遷入,臺灣省,25
111,11,6,新店區,,,,無年齡維度,0.0,女,遷入,高雄市,10
111,11,6,新店區,,,,無年齡維度,0.0,男,遷入,高雄市,6
111,11,6,新店區,,,,無年齡維度,0.0,女,遷出,migrants,313
111,11,6,新店區,,,,無年齡維度,0.0,男,遷出,migrants,276
111,11,6,新店區,,,,無年齡維度,0.0,女,遷出,other,0
111,11,6,新店區,,,,無年齡維度,0.0,男,遷出,other,0
111,11,6,新店區,,,,無年齡維度,0.0,女,遷出,其他縣市,0
111,11,6,新店區,,,,無年齡維度,0.0,男,遷出,其他縣市,0
111,11,6,新店區,,,,無年齡維度,0.0,女,遷出,其他鄉鎮,124
111,11,6,新店區,,,,無年齡維度,0.0,男,遷出,其他鄉鎮,116
111,11,6,新店區,,,,無年齡維度,0.0,女,遷出,合計,447
111,11,6,新店區,,,,無年齡維度,0.0,男,遷出,合計,391
111,11,6,新店區,,,,無年齡維度,0.0,女,遷出,國外,59
111,11,6,新店區,,,,無年齡維度,0.0,男,遷出,國外,55
111,11,6,新店區,,,,無年齡維度,0.0,女,遷出,新北市內,0
111,11,6,新店區,,,,無年齡維度,0.0,男,遷出,新北市內,0
111,11,6,新店區,,,,無年齡維度,0.0,女,遷出,桃園市,35
111,11,6,新店區,,,,無年齡維度,0.0,男,遷出,桃園市,23
111,11,6,新店區,,,,無年齡維度,0.0,女,遷出,福建省,3
111,11,6,新店區,,,,無年齡維度,0.0,男,遷出,福建省,6
111,11,6,新店區,,,,無年齡維度,0.0,女,遷出,臺中市,12
111,11,6,新店區,,,,無年齡維度,0.0,男,遷出,臺中市,8
111,11,6,新店區,,,,無年齡維度,0.0,女,遷出,臺北市,159
111,11,6,新店區,,,,無年齡維度,0.0,男,遷出,臺北市,131
111,11,6,新店區,,,,無年齡維度,0.0,女,遷出,臺南市,7
111,11,6,新店區,,,,無年齡維度,0.0,男,遷出,臺南市,5
111,11,6,新店區,,,,無年齡維度,0.0,女,遷出,臺灣省,39
111,11,6,新店區,,,,無年齡維度,0.0,男,遷出,臺灣省,37
111,11,6,新店區,,,,無年齡維度,0.0,女,遷出,高雄市,8
111,11,6,新店區,,,,無年齡維度,0.0,男,遷出,高雄市,9
111,11,7,土城區,,,,無年齡維度,0.0,女,遷入,migrants,154
111,11,7,土城區,,,,無年齡維度,0.0,男,遷入,migrants,138
111,11,7,土城區,,,,無年齡維度,0.0,女,遷入,other,0
111,11,7,土城區,,,,無年齡維度,0.0,男,遷入,other,0
111,11,7,土城區,,,,無年齡維度,0.0,女,遷入,其他縣市,0
111,11,7,土城區,,,,無年齡維度,0.0,男,遷入,其他縣市,0
111,11,7,土城區,,,,無年齡維度,0.0,女,遷入,其他鄉鎮,122
111,11,7,土城區,,,,無年齡維度,0.0,男,遷入,其他鄉鎮,100
111,11,7,土城區,,,,無年齡維度,0.0,女,遷入,合計,308
111,11,7,土城區,,,,無年齡維度,0.0,男,遷入,合計,256
111,11,7,土城區,,,,無年齡維度,0.0,女,遷入,國外,103
111,11,7,土城區,,,,無年齡維度,0.0,男,遷入,國外,70
111,11,7,土城區,,,,無年齡維度,0.0,女,遷入,新北市內,0
111,11,7,土城區,,,,無年齡維度,0.0,男,遷入,新北市內,0
111,11,7,土城區,,,,無年齡維度,0.0,女,遷入,桃園市,26
111,11,7,土城區,,,,無年齡維度,0.0,男,遷入,桃園市,23
111,11,7,土城區,,,,無年齡維度,0.0,女,遷入,福建省,0
111,11,7,土城區,,,,無年齡維度,0.0,男,遷入,福建省,0
111,11,7,土城區,,,,無年齡維度,0.0,女,遷入,臺中市,3
111,11,7,土城區,,,,無年齡維度,0.0,男,遷入,臺中市,8
111,11,7,土城區,,,,無年齡維度,0.0,女,遷入,臺北市,17
111,11,7,土城區,,,,無年齡維度,0.0,男,遷入,臺北市,21
111,11,7,土城區,,,,無年齡維度,0.0,女,遷入,臺南市,1
111,11,7,土城區,,,,無年齡維度,0.0,男,遷入,臺南市,4
111,11,7,土城區,,,,無年齡維度,0.0,女,遷入,臺灣省,27
111,11,7,土城區,,,,無年齡維度,0.0,男,遷入,臺灣省,20
111,11,7,土城區,,,,無年齡維度,0.0,女,遷入,高雄市,1
111,11,7,土城區,,,,無年齡維度,0.0,男,遷入,高雄市,2
111,11,7,土城區,,,,無年齡維度,0.0,女,遷出,migrants,154
111,11,7,土城區,,,,無年齡維度,0.0,男,遷出,migrants,138
111,11,7,土城區,,,,無年齡維度,0.0,女,遷出,other,0
111,11,7,土城區,,,,無年齡維度,0.0,男,遷出,other,0
111,11,7,土城區,,,,無年齡維度,0.0,女,遷出,其他縣市,0
111,11,7,土城區,,,,無年齡維度,0.0,男,遷出,其他縣市,0
111,11,7,土城區,,,,無年齡維度,0.0,女,遷出,其他鄉鎮,133
111,11,7,土城區,,,,無年齡維度,0.0,男,遷出,其他鄉鎮,131
111,11,7,土城區,,,,無年齡維度,0.0,女,遷出,合計,267
111,11,7,土城區,,,,無年齡維度,0.0,男,遷出,合計,242
111,11,7,土城區,,,,無年齡維度,0.0,女,遷出,國外,23
111,11,7,土城區,,,,無年齡維度,0.0,男,遷出,國外,21
111,11,7,土城區,,,,無年齡維度,0.0,女,遷出,新北市內,0
111,11,7,土城區,,,,無年齡維度,0.0,男,遷出,新北市內,0
111,11,7,土城區,,,,無年齡維度,0.0,女,遷出,桃園市,46
111,11,7,土城區,,,,無年齡維度,0.0,男,遷出,桃園市,37
111,11,7,土城區,,,,無年齡維度,0.0,女,遷出,福建省,1
111,11,7,土城區,,,,無年齡維度,0.0,男,遷出,福建省,1
111,11,7,土城區,,,,無年齡維度,0.0,女,遷出,臺中市,11
111,11,7,土城區,,,,無年齡維度,0.0,男,遷出,臺中市,6
111,11,7,土城區,,,,無年齡維度,0.0,女,遷出,臺北市,22
111,11,7,土城區,,,,無年齡維度,0.0,男,遷出,臺北市,14
111,11,7,土城區,,,,無年齡維度,0.0,女,遷出,臺南市,4
111,11,7,土城區,,,,無年齡維度,0.0,男,遷出,臺南市,4
111,11,7,土城區,,,,無年齡維度,0.0,女,遷出,臺灣省,24
111,11,7,土城區,,,,無年齡維度,0.0,男,遷出,臺灣省,24
111,11,7,土城區,,,,無年齡維度,0.0,女,遷出,高雄市,3
111,11,7,土城區,,,,無年齡維度,0.0,男,遷出,高雄市,4
111,11,8,蘆洲區,,,,無年齡維度,0.0,女,遷入,migrants,89
111,11,8,蘆洲區,,,,無年齡維度,0.0,男,遷入,migrants,81
111,11,8,蘆洲區,,,,無年齡維度,0.0,女,遷入,other,0
111,11,8,蘆洲區,,,,無年齡維度,0.0,男,遷入,other,0
111,11,8,蘆洲區,,,,無年齡維度,0.0,女,遷入,其他縣市,0
111,11,8,蘆洲區,,,,無年齡維度,0.0,男,遷入,其他縣市,0
111,11,8,蘆洲區,,,,無年齡維度,0.0,女,遷入,其他鄉鎮,57
111,11,8,蘆洲區,,,,無年齡維度,0.0,男,遷入,其他鄉鎮,52
111,11,8,蘆洲區,,,,無年齡維度,0.0,女,遷入,合計,177
111,11,8,蘆洲區,,,,無年齡維度,0.0,男,遷入,合計,139
111,11,8,蘆洲區,,,,無年齡維度,0.0,女,遷入,國外,50
111,11,8,蘆洲區,,,,無年齡維度,0.0,男,遷入,國外,23
111,11,8,蘆洲區,,,,無年齡維度,0.0,女,遷入,新北市內,0
111,11,8,蘆洲區,,,,無年齡維度,0.0,男,遷入,新北市內,0
111,11,8,蘆洲區,,,,無年齡維度,0.0,女,遷入,桃園市,28
111,11,8,蘆洲區,,,,無年齡維度,0.0,男,遷入,桃園市,37
111,11,8,蘆洲區,,,,無年齡維度,0.0,女,遷入,福建省,1
111,11,8,蘆洲區,,,,無年齡維度,0.0,男,遷入,福建省,1
111,11,8,蘆洲區,,,,無年齡維度,0.0,女,遷入,臺中市,1
111,11,8,蘆洲區,,,,無年齡維度,0.0,男,遷入,臺中市,1
111,11,8,蘆洲區,,,,無年齡維度,0.0,女,遷入,臺北市,6
111,11,8,蘆洲區,,,,無年齡維度,0.0,男,遷入,臺北市,4
111,11,8,蘆洲區,,,,無年齡維度,0.0,女,遷入,臺南市,2
111,11,8,蘆洲區,,,,無年齡維度,0.0,男,遷入,臺南市,2
111,11,8,蘆洲區,,,,無年齡維度,0.0,女,遷入,臺灣省,17
111,11,8,蘆洲區,,,,無年齡維度,0.0,男,遷入,臺灣省,15
111,11,8,蘆洲區,,,,無年齡維度,0.0,女,遷入,高雄市,9
111,11,8,蘆洲區,,,,無年齡維度,0.0,男,遷入,高雄市,2
111,11,8,蘆洲區,,,,無年齡維度,0.0,女,遷出,migrants,89
111,11,8,蘆洲區,,,,無年齡維度,0.0,男,遷出,migrants,81
111,11,8,蘆洲區,,,,無年齡維度,0.0,女,遷出,other,0
111,11,8,蘆洲區,,,,無年齡維度,0.0,男,遷出,other,0
111,11,8,蘆洲區,,,,無年齡維度,0.0,女,遷出,其他縣市,0
111,11,8,蘆洲區,,,,無年齡維度,0.0,男,遷出,其他縣市,0
111,11,8,蘆洲區,,,,無年齡維度,0.0,女,遷出,其他鄉鎮,40
111,11,8,蘆洲區,,,,無年齡維度,0.0,男,遷出,其他鄉鎮,31
111,11,8,蘆洲區,,,,無年齡維度,0.0,女,遷出,合計,142
111,11,8,蘆洲區,,,,無年齡維度,0.0,男,遷出,合計,100
111,11,8,蘆洲區,,,,無年齡維度,0.0,女,遷出,國外,3
111,11,8,蘆洲區,,,,無年齡維度,0.0,男,遷出,國外,5
111,11,8,蘆洲區,,,,無年齡維度,0.0,女,遷出,新北市內,0
111,11,8,蘆洲區,,,,無年齡維度,0.0,男,遷出,新北市內,0
111,11,8,蘆洲區,,,,無年齡維度,0.0,女,遷出,桃園市,63
111,11,8,蘆洲區,,,,無年齡維度,0.0,男,遷出,桃園市,40
111,11,8,蘆洲區,,,,無年齡維度,0.0,女,遷出,福建省,1
111,11,8,蘆洲區,,,,無年齡維度,0.0,男,遷出,福建省,1
111,11,8,蘆洲區,,,,無年齡維度,0.0,女,遷出,臺中市,4
111,11,8,蘆洲區,,,,無年齡維度,0.0,男,遷出,臺中市,2
111,11,8,蘆洲區,,,,無年齡維度,0.0,女,遷出,臺北市,9
111,11,8,蘆洲區,,,,無年齡維度,0.0,男,遷出,臺北市,5
111,11,8,蘆洲區,,,,無年齡維度,0.0,女,遷出,臺南市,1
111,11,8,蘆洲區,,,,無年齡維度,0.0,男,遷出,臺南市,1
111,11,8,蘆洲區,,,,無年齡維度,0.0,女,遷出,臺灣省,17
111,11,8,蘆洲區,,,,無年齡維度,0.0,男,遷出,臺灣省,11
111,11,8,蘆洲區,,,,無年齡維度,0.0,女,遷出,高雄市,4
111,11,8,蘆洲區,,,,無年齡維度,0.0,男,遷出,高雄市,4
111,11,9,樹林區,,,,無年齡維度,0.0,女,遷入,migrants,126
111,11,9,樹林區,,,,無年齡維度,0.0,男,遷入,migrants,115
111,11,9,樹林區,,,,無年齡維度,0.0,女,遷入,other,0
111,11,9,樹林區,,,,無年齡維度,0.0,男,遷入,other,0
111,11,9,樹林區,,,,無年齡維度,0.0,女,遷入,其他縣市,0
111,11,9,樹林區,,,,無年齡維度,0.0,男,遷入,其他縣市,0
111,11,9,樹林區,,,,無年齡維度,0.0,女,遷入,其他鄉鎮,90
111,11,9,樹林區,,,,無年齡維度,0.0,男,遷入,其他鄉鎮,79
111,11,9,樹林區,,,,無年齡維度,0.0,女,遷入,合計,236
111,11,9,樹林區,,,,無年齡維度,0.0,男,遷入,合計,189
111,11,9,樹林區,,,,無年齡維度,0.0,女,遷入,國外,79
111,11,9,樹林區,,,,無年齡維度,0.0,男,遷入,國外,61
111,11,9,樹林區,,,,無年齡維度,0.0,女,遷入,新北市內,0
111,11,9,樹林區,,,,無年齡維度,0.0,男,遷入,新北市內,0
111,11,9,樹林區,,,,無年齡維度,0.0,女,遷入,桃園市,22
111,11,9,樹林區,,,,無年齡維度,0.0,男,遷入,桃園市,17
111,11,9,樹林區,,,,無年齡維度,0.0,女,遷入,福建省,0
111,11,9,樹林區,,,,無年齡維度,0.0,男,遷入,福建省,0
111,11,9,樹林區,,,,無年齡維度,0.0,女,遷入,臺中市,6
111,11,9,樹林區,,,,無年齡維度,0.0,男,遷入,臺中市,5
111,11,9,樹林區,,,,無年齡維度,0.0,女,遷入,臺北市,19
111,11,9,樹林區,,,,無年齡維度,0.0,男,遷入,臺北市,11
111,11,9,樹林區,,,,無年齡維度,0.0,女,遷入,臺南市,2
111,11,9,樹林區,,,,無年齡維度,0.0,男,遷入,臺南市,1
111,11,9,樹林區,,,,無年齡維度,0.0,女,遷入,臺灣省,11
111,11,9,樹林區,,,,無年齡維度,0.0,男,遷入,臺灣省,9
111,11,9,樹林區,,,,無年齡維度,0.0,女,遷入,高雄市,2
111,11,9,樹林區,,,,無年齡維度,0.0,男,遷入,高雄市,3
111,11,9,樹林區,,,,無年齡維度,0.0,女,遷出,migrants,126
111,11,9,樹林區,,,,無年齡維度,0.0,男,遷出,migrants,115
111,11,9,樹林區,,,,無年齡維度,0.0,女,遷出,other,0
111,11,9,樹林區,,,,無年齡維度,0.0,男,遷出,other,0
111,11,9,樹林區,,,,無年齡維度,0.0,女,遷出,其他縣市,0
111,11,9,樹林區,,,,無年齡維度,0.0,男,遷出,其他縣市,0
111,11,9,樹林區,,,,無年齡維度,0.0,女,遷出,其他鄉鎮,101
111,11,9,樹林區,,,,無年齡維度,0.0,男,遷出,其他鄉鎮,73
111,11,9,樹林區,,,,無年齡維度,0.0,女,遷出,合計,196
111,11,9,樹林區,,,,無年齡維度,0.0,男,遷出,合計,157
111,11,9,樹林區,,,,無年齡維度,0.0,女,遷出,國外,12
111,11,9,樹林區,,,,無年齡維度,0.0,男,遷出,國外,15
111,11,9,樹林區,,,,無年齡維度,0.0,女,遷出,新北市內,0
111,11,9,樹林區,,,,無年齡維度,0.0,男,遷出,新北市內,0
111,11,9,樹林區,,,,無年齡維度,0.0,女,遷出,桃園市,31
111,11,9,樹林區,,,,無年齡維度,0.0,男,遷出,桃園市,25
111,11,9,樹林區,,,,無年齡維度,0.0,女,遷出,福建省,0
111,11,9,樹林區,,,,無年齡維度,0.0,男,遷出,福建省,2
111,11,9,樹林區,,,,無年齡維度,0.0,女,遷出,臺中市,8
111,11,9,樹林區,,,,無年齡維度,0.0,男,遷出,臺中市,8
111,11,9,樹林區,,,,無年齡維度,0.0,女,遷出,臺北市,16
111,11,9,樹林區,,,,無年齡維度,0.0,男,遷出,臺北市,14
111,11,9,樹林區,,,,無年齡維度,0.0,女,遷出,臺南市,4
111,11,9,樹林區,,,,無年齡維度,0.0,男,遷出,臺南市,2
111,11,9,樹林區,,,,無年齡維度,0.0,女,遷出,臺灣省,18
111,11,9,樹林區,,,,無年齡維度,0.0,男,遷出,臺灣省,18
111,11,9,樹林區,,,,無年齡維度,0.0,女,遷出,高雄市,6
111,11,9,樹林區,,,,無年齡維度,0.0,男,遷出,高雄市,0
111,11,10,鶯歌區,,,,無年齡維度,0.0,女,遷入,migrants,268
111,11,10,鶯歌區,,,,無年齡維度,0.0,男,遷入,migrants,245
111,11,10,鶯歌區,,,,無年齡維度,0.0,女,遷入,other,0
111,11,10,鶯歌區,,,,無年齡維度,0.0,男,遷入,other,0
111,11,10,鶯歌區,,,,無年齡維度,0.0,女,遷入,其他縣市,0
111,11,10,鶯歌區,,,,無年齡維度,0.0,男,遷入,其他縣市,0
111,11,10,鶯歌區,,,,無年齡維度,0.0,女,遷入,其他鄉鎮,103
111,11,10,鶯歌區,,,,無年齡維度,0.0,男,遷入,其他鄉鎮,88
111,11,10,鶯歌區,,,,無年齡維度,0.0,女,遷入,合計,631
111,11,10,鶯歌區,,,,無年齡維度,0.0,男,遷入,合計,504
111,11,10,鶯歌區,,,,無年齡維度,0.0,女,遷入,國外,321
111,11,10,鶯歌區,,,,無年齡維度,0.0,男,遷入,國外,236
111,11,10,鶯歌區,,,,無年齡維度,0.0,女,遷入,新北市內,0
111,11,10,鶯歌區,,,,無年齡維度,0.0,男,遷入,新北市內,0
111,11,10,鶯歌區,,,,無年齡維度,0.0,女,遷入,桃園市,7
111,11,10,鶯歌區,,,,無年齡維度,0.0,男,遷入,桃園市,8
111,11,10,鶯歌區,,,,無年齡維度,0.0,女,遷入,福建省,0
111,11,10,鶯歌區,,,,無年齡維度,0.0,男,遷入,福建省,2
111,11,10,鶯歌區,,,,無年齡維度,0.0,女,遷入,臺中市,10
111,11,10,鶯歌區,,,,無年齡維度,0.0,男,遷入,臺中市,9
111,11,10,鶯歌區,,,,無年齡維度,0.0,女,遷入,臺北市,133
111,11,10,鶯歌區,,,,無年齡維度,0.0,男,遷入,臺北市,113
111,11,10,鶯歌區,,,,無年齡維度,0.0,女,遷入,臺南市,6
111,11,10,鶯歌區,,,,無年齡維度,0.0,男,遷入,臺南市,4
111,11,10,鶯歌區,,,,無年齡維度,0.0,女,遷入,臺灣省,36
111,11,10,鶯歌區,,,,無年齡維度,0.0,男,遷入,臺灣省,30
111,11,10,鶯歌區,,,,無年齡維度,0.0,女,遷入,高雄市,6
111,11,10,鶯歌區,,,,無年齡維度,0.0,男,遷入,高雄市,5
111,11,10,鶯歌區,,,,無年齡維度,0.0,女,遷出,migrants,268
111,11,10,鶯歌區,,,,無年齡維度,0.0,男,遷出,migrants,245
111,11,10,鶯歌區,,,,無年齡維度,0.0,女,遷出,other,0
111,11,10,鶯歌區,,,,無年齡維度,0.0,男,遷出,other,0
111,11,10,鶯歌區,,,,無年齡維度,0.0,女,遷出,其他縣市,0
111,11,10,鶯歌區,,,,無年齡維度,0.0,男,遷出,其他縣市,0
111,11,10,鶯歌區,,,,無年齡維度,0.0,女,遷出,其他鄉鎮,75
111,11,10,鶯歌區,,,,無年齡維度,0.0,男,遷出,其他鄉鎮,63
111,11,10,鶯歌區,,,,無年齡維度,0.0,女,遷出,合計,256
111,11,10,鶯歌區,,,,無年齡維度,0.0,男,遷出,合計,215
111,11,10,鶯歌區,,,,無年齡維度,0.0,女,遷出,國外,47
111,11,10,鶯歌區,,,,無年齡維度,0.0,男,遷出,國外,44
111,11,10,鶯歌區,,,,無年齡維度,0.0,女,遷出,新北市內,0
111,11,10,鶯歌區,,,,無年齡維度,0.0,男,遷出,新北市內,0
111,11,10,鶯歌區,,,,無年齡維度,0.0,女,遷出,桃園市,19
111,11,10,鶯歌區,,,,無年齡維度,0.0,男,遷出,桃園市,12
111,11,10,鶯歌區,,,,無年齡維度,0.0,女,遷出,福建省,0
111,11,10,鶯歌區,,,,無年齡維度,0.0,男,遷出,福建省,0
111,11,10,鶯歌區,,,,無年齡維度,0.0,女,遷出,臺中市,7
111,11,10,鶯歌區,,,,無年齡維度,0.0,男,遷出,臺中市,5
111,11,10,鶯歌區,,,,無年齡維度,0.0,女,遷出,臺北市,80
111,11,10,鶯歌區,,,,無年齡維度,0.0,男,遷出,臺北市,71
111,11,10,鶯歌區,,,,無年齡維度,0.0,女,遷出,臺南市,4
111,11,10,鶯歌區,,,,無年齡維度,0.0,男,遷出,臺南市,5
111,11,10,鶯歌區,,,,無年齡維度,0.0,女,遷出,臺灣省,22
111,11,10,鶯歌區,,,,無年齡維度,0.0,男,遷出,臺灣省,9
111,11,10,鶯歌區,,,,無年齡維度,0.0,女,遷出,高雄市,2
111,11,10,鶯歌區,,,,無年齡維度,0.0,男,遷出,高雄市,6
111,11,11,三峽區,,,,無年齡維度,0.0,女,遷入,migrants,251
111,11,11,三峽區,,,,無年齡維度,0.0,男,遷入,migrants,241
111,11,11,三峽區,,,,無年齡維度,0.0,女,遷入,other,0
111,11,11,三峽區,,,,無年齡維度,0.0,男,遷入,other,0
111,11,11,三峽區,,,,無年齡維度,0.0,女,遷入,其他縣市,0
111,11,11,三峽區,,,,無年齡維度,0.0,男,遷入,其他縣市,0
111,11,11,三峽區,,,,無年齡維度,0.0,女,遷入,其他鄉鎮,54
111,11,11,三峽區,,,,無年齡維度,0.0,男,遷入,其他鄉鎮,36
111,11,11,三峽區,,,,無年齡維度,0.0,女,遷入,合計,519
111,11,11,三峽區,,,,無年齡維度,0.0,男,遷入,合計,412
111,11,11,三峽區,,,,無年齡維度,0.0,女,遷入,國外,192
111,11,11,三峽區,,,,無年齡維度,0.0,男,遷入,國外,141
111,11,11,三峽區,,,,無年齡維度,0.0,女,遷入,新北市內,0
111,11,11,三峽區,,,,無年齡維度,0.0,男,遷入,新北市內,0
111,11,11,三峽區,,,,無年齡維度,0.0,女,遷入,桃園市,17
111,11,11,三峽區,,,,無年齡維度,0.0,男,遷入,桃園市,10
111,11,11,三峽區,,,,無年齡維度,0.0,女,遷入,福建省,0
111,11,11,三峽區,,,,無年齡維度,0.0,男,遷入,福建省,0
111,11,11,三峽區,,,,無年齡維度,0.0,女,遷入,臺中市,9
111,11,11,三峽區,,,,無年齡維度,0.0,男,遷入,臺中市,5
111,11,11,三峽區,,,,無年齡維度,0.0,女,遷入,臺北市,176
111,11,11,三峽區,,,,無年齡維度,0.0,男,遷入,臺北市,161
111,11,11,三峽區,,,,無年齡維度,0.0,女,遷入,臺南市,5
111,11,11,三峽區,,,,無年齡維度,0.0,男,遷入,臺南市,7
111,11,11,三峽區,,,,無年齡維度,0.0,女,遷入,臺灣省,48
111,11,11,三峽區,,,,無年齡維度,0.0,男,遷入,臺灣省,42
111,11,11,三峽區,,,,無年齡維度,0.0,女,遷入,高雄市,9
111,11,11,三峽區,,,,無年齡維度,0.0,男,遷入,高雄市,9
111,11,11,三峽區,,,,無年齡維度,0.0,女,遷出,migrants,251
111,11,11,三峽區,,,,無年齡維度,0.0,男,遷出,migrants,241
111,11,11,三峽區,,,,無年齡維度,0.0,女,遷出,other,0
111,11,11,三峽區,,,,無年齡維度,0.0,男,遷出,other,0
111,11,11,三峽區,,,,無年齡維度,0.0,女,遷出,其他縣市,0
111,11,11,三峽區,,,,無年齡維度,0.0,男,遷出,其他縣市,0
111,11,11,三峽區,,,,無年齡維度,0.0,女,遷出,其他鄉鎮,56
111,11,11,三峽區,,,,無年齡維度,0.0,男,遷出,其他鄉鎮,29
111,11,11,三峽區,,,,無年齡維度,0.0,女,遷出,合計,313
111,11,11,三峽區,,,,無年齡維度,0.0,男,遷出,合計,272
111,11,11,三峽區,,,,無年齡維度,0.0,女,遷出,國外,25
111,11,11,三峽區,,,,無年齡維度,0.0,男,遷出,國外,24
111,11,11,三峽區,,,,無年齡維度,0.0,女,遷出,新北市內,0
111,11,11,三峽區,,,,無年齡維度,0.0,男,遷出,新北市內,0
111,11,11,三峽區,,,,無年齡維度,0.0,女,遷出,桃園市,22
111,11,11,三峽區,,,,無年齡維度,0.0,男,遷出,桃園市,19
111,11,11,三峽區,,,,無年齡維度,0.0,女,遷出,福建省,0
111,11,11,三峽區,,,,無年齡維度,0.0,男,遷出,福建省,5
111,11,11,三峽區,,,,無年齡維度,0.0,女,遷出,臺中市,10
111,11,11,三峽區,,,,無年齡維度,0.0,男,遷出,臺中市,13
111,11,11,三峽區,,,,無年齡維度,0.0,女,遷出,臺北市,113
111,11,11,三峽區,,,,無年齡維度,0.0,男,遷出,臺北市,114
111,11,11,三峽區,,,,無年齡維度,0.0,女,遷出,臺南市,4
111,11,11,三峽區,,,,無年齡維度,0.0,男,遷出,臺南市,5
111,11,11,三峽區,,,,無年齡維度,0.0,女,遷出,臺灣省,73
111,11,11,三峽區,,,,無年齡維度,0.0,男,遷出,臺灣省,59
111,11,11,三峽區,,,,無年齡維度,0.0,女,遷出,高雄市,10
111,11,11,三峽區,,,,無年齡維度,0.0,男,遷出,高雄市,4
111,11,12,淡水區,,,,無年齡維度,0.0,女,遷入,migrants,31
111,11,12,淡水區,,,,無年齡維度,0.0,男,遷入,migrants,33
111,11,12,淡水區,,,,無年齡維度,0.0,女,遷入,other,0
111,11,12,淡水區,,,,無年齡維度,0.0,男,遷入,other,0
111,11,12,淡水區,,,,無年齡維度,0.0,女,遷入,其他縣市,0
111,11,12,淡水區,,,,無年齡維度,0.0,男,遷入,其他縣市,0
111,11,12,淡水區,,,,無年齡維度,0.0,女,遷入,其他鄉鎮,13
111,11,12,淡水區,,,,無年齡維度,0.0,男,遷入,其他鄉鎮,4
111,11,12,淡水區,,,,無年齡維度,0.0,女,遷入,合計,51
111,11,12,淡水區,,,,無年齡維度,0.0,男,遷入,合計,46
111,11,12,淡水區,,,,無年齡維度,0.0,女,遷入,國外,12
111,11,12,淡水區,,,,無年齡維度,0.0,男,遷入,國外,13
111,11,12,淡水區,,,,無年齡維度,0.0,女,遷入,新北市內,0
111,11,12,淡水區,,,,無年齡維度,0.0,男,遷入,新北市內,0
111,11,12,淡水區,,,,無年齡維度,0.0,女,遷入,桃園市,4
111,11,12,淡水區,,,,無年齡維度,0.0,男,遷入,桃園市,6
111,11,12,淡水區,,,,無年齡維度,0.0,女,遷入,福建省,0
111,11,12,淡水區,,,,無年齡維度,0.0,男,遷入,福建省,2
111,11,12,淡水區,,,,無年齡維度,0.0,女,遷入,臺中市,2
111,11,12,淡水區,,,,無年齡維度,0.0,男,遷入,臺中市,1
111,11,12,淡水區,,,,無年齡維度,0.0,女,遷入,臺北市,3
111,11,12,淡水區,,,,無年齡維度,0.0,男,遷入,臺北市,3
111,11,12,淡水區,,,,無年齡維度,0.0,女,遷入,臺南市,0
111,11,12,淡水區,,,,無年齡維度,0.0,男,遷入,臺南市,0
111,11,12,淡水區,,,,無年齡維度,0.0,女,遷入,臺灣省,16
111,11,12,淡水區,,,,無年齡維度,0.0,男,遷入,臺灣省,14
111,11,12,淡水區,,,,無年齡維度,0.0,女,遷入,高雄市,0
111,11,12,淡水區,,,,無年齡維度,0.0,男,遷入,高雄市,0
111,11,12,淡水區,,,,無年齡維度,0.0,女,遷出,migrants,31
111,11,12,淡水區,,,,無年齡維度,0.0,男,遷出,migrants,33
111,11,12,淡水區,,,,無年齡維度,0.0,女,遷出,other,0
111,11,12,淡水區,,,,無年齡維度,0.0,男,遷出,other,0
111,11,12,淡水區,,,,無年齡維度,0.0,女,遷出,其他縣市,0
111,11,12,淡水區,,,,無年齡維度,0.0,男,遷出,其他縣市,0
111,11,12,淡水區,,,,無年齡維度,0.0,女,遷出,其他鄉鎮,14
111,11,12,淡水區,,,,無年齡維度,0.0,男,遷出,其他鄉鎮,11
111,11,12,淡水區,,,,無年齡維度,0.0,女,遷出,合計,47
111,11,12,淡水區,,,,無年齡維度,0.0,男,遷出,合計,39
111,11,12,淡水區,,,,無年齡維度,0.0,女,遷出,國外,1
111,11,12,淡水區,,,,無年齡維度,0.0,男,遷出,國外,1
111,11,12,淡水區,,,,無年齡維度,0.0,女,遷出,新北市內,0
111,11,12,淡水區,,,,無年齡維度,0.0,男,遷出,新北市內,0
111,11,12,淡水區,,,,無年齡維度,0.0,女,遷出,桃園市,5
111,11,12,淡水區,,,,無年齡維度,0.0,男,遷出,桃園市,4
111,11,12,淡水區,,,,無年齡維度,0.0,女,遷出,福建省,0
111,11,12,淡水區,,,,無年齡維度,0.0,男,遷出,福建省,0
111,11,12,淡水區,,,,無年齡維度,0.0,女,遷出,臺中市,1
111,11,12,淡水區,,,,無年齡維度,0.0,男,遷出,臺中市,0
111,11,12,淡水區,,,,無年齡維度,0.0,女,遷出,臺北市,6
111,11,12,淡水區,,,,無年齡維度,0.0,男,遷出,臺北市,2
111,11,12,淡水區,,,,無年齡維度,0.0,女,遷出,臺南市,1
111,11,12,淡水區,,,,無年齡維度,0.0,男,遷出,臺南市,0
111,11,12,淡水區,,,,無年齡維度,0.0,女,遷出,臺灣省,19
111,11,12,淡水區,,,,無年齡維度,0.0,男,遷出,臺灣省,21
111,11,12,淡水區,,,,無年齡維度,0.0,女,遷出,高雄市,0
111,11,12,淡水區,,,,無年齡維度,0.0,男,遷出,高雄市,0
111,11,13,汐止區,,,,無年齡維度,0.0,女,遷入,migrants,268
111,11,13,汐止區,,,,無年齡維度,0.0,男,遷入,migrants,249
111,11,13,汐止區,,,,無年齡維度,0.0,女,遷入,other,0
111,11,13,汐止區,,,,無年齡維度,0.0,男,遷入,other,0
111,11,13,汐止區,,,,無年齡維度,0.0,女,遷入,其他縣市,0
111,11,13,汐止區,,,,無年齡維度,0.0,男,遷入,其他縣市,0
111,11,13,汐止區,,,,無年齡維度,0.0,女,遷入,其他鄉鎮,211
111,11,13,汐止區,,,,無年齡維度,0.0,男,遷入,其他鄉鎮,166
111,11,13,汐止區,,,,無年齡維度,0.0,女,遷入,合計,474
111,11,13,汐止區,,,,無年齡維度,0.0,男,遷入,合計,392
111,11,13,汐止區,,,,無年齡維度,0.0,女,遷入,國外,143
111,11,13,汐止區,,,,無年齡維度,0.0,男,遷入,國外,108
111,11,13,汐止區,,,,無年齡維度,0.0,女,遷入,新北市內,0
111,11,13,汐止區,,,,無年齡維度,0.0,男,遷入,新北市內,0
111,11,13,汐止區,,,,無年齡維度,0.0,女,遷入,桃園市,14
111,11,13,汐止區,,,,無年齡維度,0.0,男,遷入,桃園市,27
111,11,13,汐止區,,,,無年齡維度,0.0,女,遷入,福建省,1
111,11,13,汐止區,,,,無年齡維度,0.0,男,遷入,福建省,2
111,11,13,汐止區,,,,無年齡維度,0.0,女,遷入,臺中市,4
111,11,13,汐止區,,,,無年齡維度,0.0,男,遷入,臺中市,1
111,11,13,汐止區,,,,無年齡維度,0.0,女,遷入,臺北市,31
111,11,13,汐止區,,,,無年齡維度,0.0,男,遷入,臺北市,33
111,11,13,汐止區,,,,無年齡維度,0.0,女,遷入,臺南市,3
111,11,13,汐止區,,,,無年齡維度,0.0,男,遷入,臺南市,1
111,11,13,汐止區,,,,無年齡維度,0.0,女,遷入,臺灣省,41
111,11,13,汐止區,,,,無年齡維度,0.0,男,遷入,臺灣省,40
111,11,13,汐止區,,,,無年齡維度,0.0,女,遷入,高雄市,10
111,11,13,汐止區,,,,無年齡維度,0.0,男,遷入,高雄市,11
111,11,13,汐止區,,,,無年齡維度,0.0,女,遷出,migrants,268
111,11,13,汐止區,,,,無年齡維度,0.0,男,遷出,migrants,249
111,11,13,汐止區,,,,無年齡維度,0.0,女,遷出,other,0
111,11,13,汐止區,,,,無年齡維度,0.0,男,遷出,other,0
111,11,13,汐止區,,,,無年齡維度,0.0,女,遷出,其他縣市,0
111,11,13,汐止區,,,,無年齡維度,0.0,男,遷出,其他縣市,0
111,11,13,汐止區,,,,無年齡維度,0.0,女,遷出,其他鄉鎮,179
111,11,13,汐止區,,,,無年齡維度,0.0,男,遷出,其他鄉鎮,139
111,11,13,汐止區,,,,無年齡維度,0.0,女,遷出,合計,356
111,11,13,汐止區,,,,無年齡維度,0.0,男,遷出,合計,285
111,11,13,汐止區,,,,無年齡維度,0.0,女,遷出,國外,18
111,11,13,汐止區,,,,無年齡維度,0.0,男,遷出,國外,18
111,11,13,汐止區,,,,無年齡維度,0.0,女,遷出,新北市內,0
111,11,13,汐止區,,,,無年齡維度,0.0,男,遷出,新北市內,0
111,11,13,汐止區,,,,無年齡維度,0.0,女,遷出,桃園市,37
111,11,13,汐止區,,,,無年齡維度,0.0,男,遷出,桃園市,42
111,11,13,汐止區,,,,無年齡維度,0.0,女,遷出,福建省,3
111,11,13,汐止區,,,,無年齡維度,0.0,男,遷出,福建省,2
111,11,13,汐止區,,,,無年齡維度,0.0,女,遷出,臺中市,8
111,11,13,汐止區,,,,無年齡維度,0.0,男,遷出,臺中市,3
111,11,13,汐止區,,,,無年齡維度,0.0,女,遷出,臺北市,47
111,11,13,汐止區,,,,無年齡維度,0.0,男,遷出,臺北市,25
111,11,13,汐止區,,,,無年齡維度,0.0,女,遷出,臺南市,4
111,11,13,汐止區,,,,無年齡維度,0.0,男,遷出,臺南市,8
111,11,13,汐止區,,,,無年齡維度,0.0,女,遷出,臺灣省,56
111,11,13,汐止區,,,,無年齡維度,0.0,男,遷出,臺灣省,43
111,11,13,汐止區,,,,無年齡維度,0.0,女,遷出,高雄市,4
111,11,13,汐止區,,,,無年齡維度,0.0,男,遷出,高雄市,5
111,11,14,瑞芳區,,,,無年齡維度,0.0,女,遷入,migrants,225
111,11,14,瑞芳區,,,,無年齡維度,0.0,男,遷入,migrants,214
111,11,14,瑞芳區,,,,無年齡維度,0.0,女,遷入,other,0
111,11,14,瑞芳區,,,,無年齡維度,0.0,男,遷入,other,0
111,11,14,瑞芳區,,,,無年齡維度,0.0,女,遷入,其他縣市,0
111,11,14,瑞芳區,,,,無年齡維度,0.0,男,遷入,其他縣市,0
111,11,14,瑞芳區,,,,無年齡維度,0.0,女,遷入,其他鄉鎮,120
111,11,14,瑞芳區,,,,無年齡維度,0.0,男,遷入,其他鄉鎮,100
111,11,14,瑞芳區,,,,無年齡維度,0.0,女,遷入,合計,368
111,11,14,瑞芳區,,,,無年齡維度,0.0,男,遷入,合計,294
111,11,14,瑞芳區,,,,無年齡維度,0.0,女,遷入,國外,116
111,11,14,瑞芳區,,,,無年齡維度,0.0,男,遷入,國外,77
111,11,14,瑞芳區,,,,無年齡維度,0.0,女,遷入,新北市內,0
111,11,14,瑞芳區,,,,無年齡維度,0.0,男,遷入,新北市內,0
111,11,14,瑞芳區,,,,無年齡維度,0.0,女,遷入,桃園市,19
111,11,14,瑞芳區,,,,無年齡維度,0.0,男,遷入,桃園市,13
111,11,14,瑞芳區,,,,無年齡維度,0.0,女,遷入,福建省,0
111,11,14,瑞芳區,,,,無年齡維度,0.0,男,遷入,福建省,0
111,11,14,瑞芳區,,,,無年齡維度,0.0,女,遷入,臺中市,5
111,11,14,瑞芳區,,,,無年齡維度,0.0,男,遷入,臺中市,6
111,11,14,瑞芳區,,,,無年齡維度,0.0,女,遷入,臺北市,65
111,11,14,瑞芳區,,,,無年齡維度,0.0,男,遷入,臺北市,63
111,11,14,瑞芳區,,,,無年齡維度,0.0,女,遷入,臺南市,1
111,11,14,瑞芳區,,,,無年齡維度,0.0,男,遷入,臺南市,0
111,11,14,瑞芳區,,,,無年齡維度,0.0,女,遷入,臺灣省,25
111,11,14,瑞芳區,,,,無年齡維度,0.0,男,遷入,臺灣省,28
111,11,14,瑞芳區,,,,無年齡維度,0.0,女,遷入,高雄市,7
111,11,14,瑞芳區,,,,無年齡維度,0.0,男,遷入,高雄市,4
111,11,14,瑞芳區,,,,無年齡維度,0.0,女,遷出,migrants,225
111,11,14,瑞芳區,,,,無年齡維度,0.0,男,遷出,migrants,214
111,11,14,瑞芳區,,,,無年齡維度,0.0,女,遷出,other,0
111,11,14,瑞芳區,,,,無年齡維度,0.0,男,遷出,other,0
111,11,14,瑞芳區,,,,無年齡維度,0.0,女,遷出,其他縣市,0
111,11,14,瑞芳區,,,,無年齡維度,0.0,男,遷出,其他縣市,0
111,11,14,瑞芳區,,,,無年齡維度,0.0,女,遷出,其他鄉鎮,173
111,11,14,瑞芳區,,,,無年齡維度,0.0,男,遷出,其他鄉鎮,126
111,11,14,瑞芳區,,,,無年齡維度,0.0,女,遷出,合計,322
111,11,14,瑞芳區,,,,無年齡維度,0.0,男,遷出,合計,253
111,11,14,瑞芳區,,,,無年齡維度,0.0,女,遷出,國外,29
111,11,14,瑞芳區,,,,無年齡維度,0.0,男,遷出,國外,19
111,11,14,瑞芳區,,,,無年齡維度,0.0,女,遷出,新北市內,0
111,11,14,瑞芳區,,,,無年齡維度,0.0,男,遷出,新北市內,0
111,11,14,瑞芳區,,,,無年齡維度,0.0,女,遷出,桃園市,15
111,11,14,瑞芳區,,,,無年齡維度,0.0,男,遷出,桃園市,20
111,11,14,瑞芳區,,,,無年齡維度,0.0,女,遷出,福建省,3
111,11,14,瑞芳區,,,,無年齡維度,0.0,男,遷出,福建省,2
111,11,14,瑞芳區,,,,無年齡維度,0.0,女,遷出,臺中市,13
111,11,14,瑞芳區,,,,無年齡維度,0.0,男,遷出,臺中市,12
111,11,14,瑞芳區,,,,無年齡維度,0.0,女,遷出,臺北市,50
111,11,14,瑞芳區,,,,無年齡維度,0.0,男,遷出,臺北市,36
111,11,14,瑞芳區,,,,無年齡維度,0.0,女,遷出,臺南市,1
111,11,14,瑞芳區,,,,無年齡維度,0.0,男,遷出,臺南市,1
111,11,14,瑞芳區,,,,無年齡維度,0.0,女,遷出,臺灣省,32
111,11,14,瑞芳區,,,,無年齡維度,0.0,男,遷出,臺灣省,36
111,11,14,瑞芳區,,,,無年齡維度,0.0,女,遷出,高雄市,6
111,11,14,瑞芳區,,,,無年齡維度,0.0,男,遷出,高雄市,1
111,11,15,五股區,,,,無年齡維度,0.0,女,遷入,migrants,102
111,11,15,五股區,,,,無年齡維度,0.0,男,遷入,migrants,81
111,11,15,五股區,,,,無年齡維度,0.0,女,遷入,other,0
111,11,15,五股區,,,,無年齡維度,0.0,男,遷入,other,0
111,11,15,五股區,,,,無年齡維度,0.0,女,遷入,其他縣市,0
111,11,15,五股區,,,,無年齡維度,0.0,男,遷入,其他縣市,0
111,11,15,五股區,,,,無年齡維度,0.0,女,遷入,其他鄉鎮,103
111,11,15,五股區,,,,無年齡維度,0.0,男,遷入,其他鄉鎮,88
111,11,15,五股區,,,,無年齡維度,0.0,女,遷入,合計,225
111,11,15,五股區,,,,無年齡維度,0.0,男,遷入,合計,183
111,11,15,五股區,,,,無年齡維度,0.0,女,遷入,國外,49
111,11,15,五股區,,,,無年齡維度,0.0,男,遷入,國外,42
111,11,15,五股區,,,,無年齡維度,0.0,女,遷入,新北市內,0
111,11,15,五股區,,,,無年齡維度,0.0,男,遷入,新北市內,0
111,11,15,五股區,,,,無年齡維度,0.0,女,遷入,桃園市,7
111,11,15,五股區,,,,無年齡維度,0.0,男,遷入,桃園市,6
111,11,15,五股區,,,,無年齡維度,0.0,女,遷入,福建省,0
111,11,15,五股區,,,,無年齡維度,0.0,男,遷入,福建省,1
111,11,15,五股區,,,,無年齡維度,0.0,女,遷入,臺中市,5
111,11,15,五股區,,,,無年齡維度,0.0,男,遷入,臺中市,2
111,11,15,五股區,,,,無年齡維度,0.0,女,遷入,臺北市,26
111,11,15,五股區,,,,無年齡維度,0.0,男,遷入,臺北市,26
111,11,15,五股區,,,,無年齡維度,0.0,女,遷入,臺南市,3
111,11,15,五股區,,,,無年齡維度,0.0,男,遷入,臺南市,3
111,11,15,五股區,,,,無年齡維度,0.0,女,遷入,臺灣省,24
111,11,15,五股區,,,,無年齡維度,0.0,男,遷入,臺灣省,13
111,11,15,五股區,,,,無年齡維度,0.0,女,遷入,高雄市,6
111,11,15,五股區,,,,無年齡維度,0.0,男,遷入,高雄市,2
111,11,15,五股區,,,,無年齡維度,0.0,女,遷出,migrants,102
111,11,15,五股區,,,,無年齡維度,0.0,男,遷出,migrants,81
111,11,15,五股區,,,,無年齡維度,0.0,女,遷出,other,0
111,11,15,五股區,,,,無年齡維度,0.0,男,遷出,other,0
111,11,15,五股區,,,,無年齡維度,0.0,女,遷出,其他縣市,0
111,11,15,五股區,,,,無年齡維度,0.0,男,遷出,其他縣市,0
111,11,15,五股區,,,,無年齡維度,0.0,女,遷出,其他鄉鎮,93
111,11,15,五股區,,,,無年齡維度,0.0,男,遷出,其他鄉鎮,90
111,11,15,五股區,,,,無年齡維度,0.0,女,遷出,合計,159
111,11,15,五股區,,,,無年齡維度,0.0,男,遷出,合計,152
111,11,15,五股區,,,,無年齡維度,0.0,女,遷出,國外,3
111,11,15,五股區,,,,無年齡維度,0.0,男,遷出,國外,11
111,11,15,五股區,,,,無年齡維度,0.0,女,遷出,新北市內,0
111,11,15,五股區,,,,無年齡維度,0.0,男,遷出,新北市內,0
111,11,15,五股區,,,,無年齡維度,0.0,女,遷出,桃園市,11
111,11,15,五股區,,,,無年齡維度,0.0,男,遷出,桃園市,7
111,11,15,五股區,,,,無年齡維度,0.0,女,遷出,福建省,1
111,11,15,五股區,,,,無年齡維度,0.0,男,遷出,福建省,0
111,11,15,五股區,,,,無年齡維度,0.0,女,遷出,臺中市,4
111,11,15,五股區,,,,無年齡維度,0.0,男,遷出,臺中市,4
111,11,15,五股區,,,,無年齡維度,0.0,女,遷出,臺北市,26
111,11,15,五股區,,,,無年齡維度,0.0,男,遷出,臺北市,18
111,11,15,五股區,,,,無年齡維度,0.0,女,遷出,臺南市,2
111,11,15,五股區,,,,無年齡維度,0.0,男,遷出,臺南市,1
111,11,15,五股區,,,,無年齡維度,0.0,女,遷出,臺灣省,18
111,11,15,五股區,,,,無年齡維度,0.0,男,遷出,臺灣省,19
111,11,15,五股區,,,,無年齡維度,0.0,女,遷出,高雄市,1
111,11,15,五股區,,,,無年齡維度,0.0,男,遷出,高雄市,2
111,11,16,泰山區,,,,無年齡維度,0.0,女,遷入,migrants,77
111,11,16,泰山區,,,,無年齡維度,0.0,男,遷入,migrants,50
111,11,16,泰山區,,,,無年齡維度,0.0,女,遷入,other,0
111,11,16,泰山區,,,,無年齡維度,0.0,男,遷入,other,0
111,11,16,泰山區,,,,無年齡維度,0.0,女,遷入,其他縣市,0
111,11,16,泰山區,,,,無年齡維度,0.0,男,遷入,其他縣市,0
111,11,16,泰山區,,,,無年齡維度,0.0,女,遷入,其他鄉鎮,85
111,11,16,泰山區,,,,無年齡維度,0.0,男,遷入,其他鄉鎮,62
111,11,16,泰山區,,,,無年齡維度,0.0,女,遷入,合計,172
111,11,16,泰山區,,,,無年齡維度,0.0,男,遷入,合計,153
111,11,16,泰山區,,,,無年齡維度,0.0,女,遷入,國外,41
111,11,16,泰山區,,,,無年齡維度,0.0,男,遷入,國外,49
111,11,16,泰山區,,,,無年齡維度,0.0,女,遷入,新北市內,0
111,11,16,泰山區,,,,無年齡維度,0.0,男,遷入,新北市內,0
111,11,16,泰山區,,,,無年齡維度,0.0,女,遷入,桃園市,7
111,11,16,泰山區,,,,無年齡維度,0.0,男,遷入,桃園市,9
111,11,16,泰山區,,,,無年齡維度,0.0,女,遷入,福建省,0
111,11,16,泰山區,,,,無年齡維度,0.0,男,遷入,福建省,1
111,11,16,泰山區,,,,無年齡維度,0.0,女,遷入,臺中市,4
111,11,16,泰山區,,,,無年齡維度,0.0,男,遷入,臺中市,1
111,11,16,泰山區,,,,無年齡維度,0.0,女,遷入,臺北市,11
111,11,16,泰山區,,,,無年齡維度,0.0,男,遷入,臺北市,11
111,11,16,泰山區,,,,無年齡維度,0.0,女,遷入,臺南市,2
111,11,16,泰山區,,,,無年齡維度,0.0,男,遷入,臺南市,1
111,11,16,泰山區,,,,無年齡維度,0.0,女,遷入,臺灣省,18
111,11,16,泰山區,,,,無年齡維度,0.0,男,遷入,臺灣省,13
111,11,16,泰山區,,,,無年齡維度,0.0,女,遷入,高雄市,1
111,11,16,泰山區,,,,無年齡維度,0.0,男,遷入,高雄市,6
111,11,16,泰山區,,,,無年齡維度,0.0,女,遷出,migrants,77
111,11,16,泰山區,,,,無年齡維度,0.0,男,遷出,migrants,50
111,11,16,泰山區,,,,無年齡維度,0.0,女,遷出,other,0
111,11,16,泰山區,,,,無年齡維度,0.0,男,遷出,other,0
111,11,16,泰山區,,,,無年齡維度,0.0,女,遷出,其他縣市,0
111,11,16,泰山區,,,,無年齡維度,0.0,男,遷出,其他縣市,0
111,11,16,泰山區,,,,無年齡維度,0.0,女,遷出,其他鄉鎮,74
111,11,16,泰山區,,,,無年齡維度,0.0,男,遷出,其他鄉鎮,63
111,11,16,泰山區,,,,無年齡維度,0.0,女,遷出,合計,131
111,11,16,泰山區,,,,無年齡維度,0.0,男,遷出,合計,102
111,11,16,泰山區,,,,無年齡維度,0.0,女,遷出,國外,2
111,11,16,泰山區,,,,無年齡維度,0.0,男,遷出,國外,4
111,11,16,泰山區,,,,無年齡維度,0.0,女,遷出,新北市內,0
111,11,16,泰山區,,,,無年齡維度,0.0,男,遷出,新北市內,0
111,11,16,泰山區,,,,無年齡維度,0.0,女,遷出,桃園市,15
111,11,16,泰山區,,,,無年齡維度,0.0,男,遷出,桃園市,14
111,11,16,泰山區,,,,無年齡維度,0.0,女,遷出,福建省,3
111,11,16,泰山區,,,,無年齡維度,0.0,男,遷出,福建省,1
111,11,16,泰山區,,,,無年齡維度,0.0,女,遷出,臺中市,2
111,11,16,泰山區,,,,無年齡維度,0.0,男,遷出,臺中市,0
111,11,16,泰山區,,,,無年齡維度,0.0,女,遷出,臺北市,11
111,11,16,泰山區,,,,無年齡維度,0.0,男,遷出,臺北市,8
111,11,16,泰山區,,,,無年齡維度,0.0,女,遷出,臺南市,1
111,11,16,泰山區,,,,無年齡維度,0.0,男,遷出,臺南市,1
111,11,16,泰山區,,,,無年齡維度,0.0,女,遷出,臺灣省,18
111,11,16,泰山區,,,,無年齡維度,0.0,男,遷出,臺灣省,9
111,11,16,泰山區,,,,無年齡維度,0.0,女,遷出,高雄市,5
111,11,16,泰山區,,,,無年齡維度,0.0,男,遷出,高雄市,2
111,11,17,林口區,,,,無年齡維度,0.0,女,遷入,migrants,237
111,11,17,林口區,,,,無年齡維度,0.0,男,遷入,migrants,188
111,11,17,林口區,,,,無年齡維度,0.0,女,遷入,other,0
111,11,17,林口區,,,,無年齡維度,0.0,男,遷入,other,0
111,11,17,林口區,,,,無年齡維度,0.0,女,遷入,其他縣市,0
111,11,17,林口區,,,,無年齡維度,0.0,男,遷入,其他縣市,0
111,11,17,林口區,,,,無年齡維度,0.0,女,遷入,其他鄉鎮,91
111,11,17,林口區,,,,無年齡維度,0.0,男,遷入,其他鄉鎮,94
111,11,17,林口區,,,,無年齡維度,0.0,女,遷入,合計,480
111,11,17,林口區,,,,無年齡維度,0.0,男,遷入,合計,398
111,11,17,林口區,,,,無年齡維度,0.0,女,遷入,國外,157
111,11,17,林口區,,,,無年齡維度,0.0,男,遷入,國外,109
111,11,17,林口區,,,,無年齡維度,0.0,女,遷入,新北市內,0
111,11,17,林口區,,,,無年齡維度,0.0,男,遷入,新北市內,0
111,11,17,林口區,,,,無年齡維度,0.0,女,遷入,桃園市,91
111,11,17,林口區,,,,無年齡維度,0.0,男,遷入,桃園市,60
111,11,17,林口區,,,,無年齡維度,0.0,女,遷入,福建省,0
111,11,17,林口區,,,,無年齡維度,0.0,男,遷入,福建省,1
111,11,17,林口區,,,,無年齡維度,0.0,女,遷入,臺中市,20
111,11,17,林口區,,,,無年齡維度,0.0,男,遷入,臺中市,9
111,11,17,林口區,,,,無年齡維度,0.0,女,遷入,臺北市,67
111,11,17,林口區,,,,無年齡維度,0.0,男,遷入,臺北市,77
111,11,17,林口區,,,,無年齡維度,0.0,女,遷入,臺南市,7
111,11,17,林口區,,,,無年齡維度,0.0,男,遷入,臺南市,1
111,11,17,林口區,,,,無年齡維度,0.0,女,遷入,臺灣省,31
111,11,17,林口區,,,,無年齡維度,0.0,男,遷入,臺灣省,32
111,11,17,林口區,,,,無年齡維度,0.0,女,遷入,高雄市,8
111,11,17,林口區,,,,無年齡維度,0.0,男,遷入,高雄市,12
111,11,17,林口區,,,,無年齡維度,0.0,女,遷出,migrants,237
111,11,17,林口區,,,,無年齡維度,0.0,男,遷出,migrants,188
111,11,17,林口區,,,,無年齡維度,0.0,女,遷出,other,0
111,11,17,林口區,,,,無年齡維度,0.0,男,遷出,other,0
111,11,17,林口區,,,,無年齡維度,0.0,女,遷出,其他縣市,0
111,11,17,林口區,,,,無年齡維度,0.0,男,遷出,其他縣市,0
111,11,17,林口區,,,,無年齡維度,0.0,女,遷出,其他鄉鎮,37
111,11,17,林口區,,,,無年齡維度,0.0,男,遷出,其他鄉鎮,36
111,11,17,林口區,,,,無年齡維度,0.0,女,遷出,合計,190
111,11,17,林口區,,,,無年齡維度,0.0,男,遷出,合計,161
111,11,17,林口區,,,,無年齡維度,0.0,女,遷出,國外,21
111,11,17,林口區,,,,無年齡維度,0.0,男,遷出,國外,28
111,11,17,林口區,,,,無年齡維度,0.0,女,遷出,新北市內,0
111,11,17,林口區,,,,無年齡維度,0.0,男,遷出,新北市內,0
111,11,17,林口區,,,,無年齡維度,0.0,女,遷出,桃園市,61
111,11,17,林口區,,,,無年齡維度,0.0,男,遷出,桃園市,55
111,11,17,林口區,,,,無年齡維度,0.0,女,遷出,福建省,1
111,11,17,林口區,,,,無年齡維度,0.0,男,遷出,福建省,1
111,11,17,林口區,,,,無年齡維度,0.0,女,遷出,臺中市,3
111,11,17,林口區,,,,無年齡維度,0.0,男,遷出,臺中市,4
111,11,17,林口區,,,,無年齡維度,0.0,女,遷出,臺北市,26
111,11,17,林口區,,,,無年齡維度,0.0,男,遷出,臺北市,18
111,11,17,林口區,,,,無年齡維度,0.0,女,遷出,臺南市,3
111,11,17,林口區,,,,無年齡維度,0.0,男,遷出,臺南市,2
111,11,17,林口區,,,,無年齡維度,0.0,女,遷出,臺灣省,28
111,11,17,林口區,,,,無年齡維度,0.0,男,遷出,臺灣省,17
111,11,17,林口區,,,,無年齡維度,0.0,女,遷出,高雄市,9
111,11,17,林口區,,,,無年齡維度,0.0,男,遷出,高雄市,0
111,11,18,八里區,,,,無年齡維度,0.0,女,遷入,migrants,13
111,11,18,八里區,,,,無年齡維度,0.0,男,遷入,migrants,13
111,11,18,八里區,,,,無年齡維度,0.0,女,遷入,other,0
111,11,18,八里區,,,,無年齡維度,0.0,男,遷入,other,0
111,11,18,八里區,,,,無年齡維度,0.0,女,遷入,其他縣市,0
111,11,18,八里區,,,,無年齡維度,0.0,男,遷入,其他縣市,0
111,11,18,八里區,,,,無年齡維度,0.0,女,遷入,其他鄉鎮,11
111,11,18,八里區,,,,無年齡維度,0.0,男,遷入,其他鄉鎮,9
111,11,18,八里區,,,,無年齡維度,0.0,女,遷入,合計,62
111,11,18,八里區,,,,無年齡維度,0.0,男,遷入,合計,51
111,11,18,八里區,,,,無年齡維度,0.0,女,遷入,國外,25
111,11,18,八里區,,,,無年齡維度,0.0,男,遷入,國外,30
111,11,18,八里區,,,,無年齡維度,0.0,女,遷入,新北市內,0
111,11,18,八里區,,,,無年齡維度,0.0,男,遷入,新北市內,0
111,11,18,八里區,,,,無年齡維度,0.0,女,遷入,桃園市,2
111,11,18,八里區,,,,無年齡維度,0.0,男,遷入,桃園市,3
111,11,18,八里區,,,,無年齡維度,0.0,女,遷入,福建省,0
111,11,18,八里區,,,,無年齡維度,0.0,男,遷入,福建省,0
111,11,18,八里區,,,,無年齡維度,0.0,女,遷入,臺中市,0
111,11,18,八里區,,,,無年齡維度,0.0,男,遷入,臺中市,0
111,11,18,八里區,,,,無年齡維度,0.0,女,遷入,臺北市,19
111,11,18,八里區,,,,無年齡維度,0.0,男,遷入,臺北市,7
111,11,18,八里區,,,,無年齡維度,0.0,女,遷入,臺南市,1
111,11,18,八里區,,,,無年齡維度,0.0,男,遷入,臺南市,0
111,11,18,八里區,,,,無年齡維度,0.0,女,遷入,臺灣省,4
111,11,18,八里區,,,,無年齡維度,0.0,男,遷入,臺灣省,2
111,11,18,八里區,,,,無年齡維度,0.0,女,遷入,高雄市,0
111,11,18,八里區,,,,無年齡維度,0.0,男,遷入,高雄市,0
111,11,18,八里區,,,,無年齡維度,0.0,女,遷出,migrants,13
111,11,18,八里區,,,,無年齡維度,0.0,男,遷出,migrants,13
111,11,18,八里區,,,,無年齡維度,0.0,女,遷出,other,0
111,11,18,八里區,,,,無年齡維度,0.0,男,遷出,other,0
111,11,18,八里區,,,,無年齡維度,0.0,女,遷出,其他縣市,0
111,11,18,八里區,,,,無年齡維度,0.0,男,遷出,其他縣市,0
111,11,18,八里區,,,,無年齡維度,0.0,女,遷出,其他鄉鎮,13
111,11,18,八里區,,,,無年齡維度,0.0,男,遷出,其他鄉鎮,8
111,11,18,八里區,,,,無年齡維度,0.0,女,遷出,合計,41
111,11,18,八里區,,,,無年齡維度,0.0,男,遷出,合計,32
111,11,18,八里區,,,,無年齡維度,0.0,女,遷出,國外,8
111,11,18,八里區,,,,無年齡維度,0.0,男,遷出,國外,4
111,11,18,八里區,,,,無年齡維度,0.0,女,遷出,新北市內,0
111,11,18,八里區,,,,無年齡維度,0.0,男,遷出,新北市內,0
111,11,18,八里區,,,,無年齡維度,0.0,女,遷出,桃園市,3
111,11,18,八里區,,,,無年齡維度,0.0,男,遷出,桃園市,9
111,11,18,八里區,,,,無年齡維度,0.0,女,遷出,福建省,0
111,11,18,八里區,,,,無年齡維度,0.0,男,遷出,福建省,0
111,11,18,八里區,,,,無年齡維度,0.0,女,遷出,臺中市,2
111,11,18,八里區,,,,無年齡維度,0.0,男,遷出,臺中市,1
111,11,18,八里區,,,,無年齡維度,0.0,女,遷出,臺北市,13
111,11,18,八里區,,,,無年齡維度,0.0,男,遷出,臺北市,5
111,11,18,八里區,,,,無年齡維度,0.0,女,遷出,臺南市,0
111,11,18,八里區,,,,無年齡維度,0.0,男,遷出,臺南市,1
111,11,18,八里區,,,,無年齡維度,0.0,女,遷出,臺灣省,2
111,11,18,八里區,,,,無年齡維度,0.0,男,遷出,臺灣省,4
111,11,18,八里區,,,,無年齡維度,0.0,女,遷出,高雄市,0
111,11,18,八里區,,,,無年齡維度,0.0,男,遷出,高雄市,0
111,11,19,深坑區,,,,無年齡維度,0.0,女,遷入,migrants,0
111,11,19,深坑區,,,,無年齡維度,0.0,男,遷入,migrants,0
111,11,19,深坑區,,,,無年齡維度,0.0,女,遷入,other,0
111,11,19,深坑區,,,,無年齡維度,0.0,男,遷入,other,0
111,11,19,深坑區,,,,無年齡維度,0.0,女,遷入,其他縣市,0
111,11,19,深坑區,,,,無年齡維度,0.0,男,遷入,其他縣市,0
111,11,19,深坑區,,,,無年齡維度,0.0,女,遷入,其他鄉鎮,2
111,11,19,深坑區,,,,無年齡維度,0.0,男,遷入,其他鄉鎮,0
111,11,19,深坑區,,,,無年齡維度,0.0,女,遷入,合計,9
111,11,19,深坑區,,,,無年齡維度,0.0,男,遷入,合計,3
111,11,19,深坑區,,,,無年齡維度,0.0,女,遷入,國外,3
111,11,19,深坑區,,,,無年齡維度,0.0,男,遷入,國外,2
111,11,19,深坑區,,,,無年齡維度,0.0,女,遷入,新北市內,0
111,11,19,深坑區,,,,無年齡維度,0.0,男,遷入,新北市內,0
111,11,19,深坑區,,,,無年齡維度,0.0,女,遷入,桃園市,0
111,11,19,深坑區,,,,無年齡維度,0.0,男,遷入,桃園市,0
111,11,19,深坑區,,,,無年齡維度,0.0,女,遷入,福建省,0
111,11,19,深坑區,,,,無年齡維度,0.0,男,遷入,福建省,0
111,11,19,深坑區,,,,無年齡維度,0.0,女,遷入,臺中市,0
111,11,19,深坑區,,,,無年齡維度,0.0,男,遷入,臺中市,1
111,11,19,深坑區,,,,無年齡維度,0.0,女,遷入,臺北市,2
111,11,19,深坑區,,,,無年齡維度,0.0,男,遷入,臺北市,0
111,11,19,深坑區,,,,無年齡維度,0.0,女,遷入,臺南市,0
111,11,19,深坑區,,,,無年齡維度,0.0,男,遷入,臺南市,0
111,11,19,深坑區,,,,無年齡維度,0.0,女,遷入,臺灣省,1
111,11,19,深坑區,,,,無年齡維度,0.0,男,遷入,臺灣省,0
111,11,19,深坑區,,,,無年齡維度,0.0,女,遷入,高雄市,0
111,11,19,深坑區,,,,無年齡維度,0.0,男,遷入,高雄市,0
111,11,19,深坑區,,,,無年齡維度,0.0,女,遷出,migrants,0
111,11,19,深坑區,,,,無年齡維度,0.0,男,遷出,migrants,0
111,11,19,深坑區,,,,無年齡維度,0.0,女,遷出,other,0
111,11,19,深坑區,,,,無年齡維度,0.0,男,遷出,other,0
111,11,19,深坑區,,,,無年齡維度,0.0,女,遷出,其他縣市,0
111,11,19,深坑區,,,,無年齡維度,0.0,男,遷出,其他縣市,0
111,11,19,深坑區,,,,無年齡維度,0.0,女,遷出,其他鄉鎮,7
111,11,19,深坑區,,,,無年齡維度,0.0,男,遷出,其他鄉鎮,8
111,11,19,深坑區,,,,無年齡維度,0.0,女,遷出,合計,14
111,11,19,深坑區,,,,無年齡維度,0.0,男,遷出,合計,13
111,11,19,深坑區,,,,無年齡維度,0.0,女,遷出,國外,0
111,11,19,深坑區,,,,無年齡維度,0.0,男,遷出,國外,0
111,11,19,深坑區,,,,無年齡維度,0.0,女,遷出,新北市內,0
111,11,19,深坑區,,,,無年齡維度,0.0,男,遷出,新北市內,0
111,11,19,深坑區,,,,無年齡維度,0.0,女,遷出,桃園市,0
111,11,19,深坑區,,,,無年齡維度,0.0,男,遷出,桃園市,0
111,11,19,深坑區,,,,無年齡維度,0.0,女,遷出,福建省,1
111,11,19,深坑區,,,,無年齡維度,0.0,男,遷出,福建省,0
111,11,19,深坑區,,,,無年齡維度,0.0,女,遷出,臺中市,1
111,11,19,深坑區,,,,無年齡維度,0.0,男,遷出,臺中市,0
111,11,19,深坑區,,,,無年齡維度,0.0,女,遷出,臺北市,2
111,11,19,深坑區,,,,無年齡維度,0.0,男,遷出,臺北市,3
111,11,19,深坑區,,,,無年齡維度,0.0,女,遷出,臺南市,0
111,11,19,深坑區,,,,無年齡維度,0.0,男,遷出,臺南市,0
111,11,19,深坑區,,,,無年齡維度,0.0,女,遷出,臺灣省,3
111,11,19,深坑區,,,,無年齡維度,0.0,男,遷出,臺灣省,1
111,11,19,深坑區,,,,無年齡維度,0.0,女,遷出,高雄市,0
111,11,19,深坑區,,,,無年齡維度,0.0,男,遷出,高雄市,1
111,11,20,石碇區,,,,無年齡維度,0.0,女,遷入,migrants,1
111,11,20,石碇區,,,,無年齡維度,0.0,男,遷入,migrants,0
111,11,20,石碇區,,,,無年齡維度,0.0,女,遷入,other,0
111,11,20,石碇區,,,,無年齡維度,0.0,男,遷入,other,0
111,11,20,石碇區,,,,無年齡維度,0.0,女,遷入,其他縣市,0
111,11,20,石碇區,,,,無年齡維度,0.0,男,遷入,其他縣市,0
111,11,20,石碇區,,,,無年齡維度,0.0,女,遷入,其他鄉鎮,5
111,11,20,石碇區,,,,無年齡維度,0.0,男,遷入,其他鄉鎮,3
111,11,20,石碇區,,,,無年齡維度,0.0,女,遷入,合計,11
111,11,20,石碇區,,,,無年齡維度,0.0,男,遷入,合計,8
111,11,20,石碇區,,,,無年齡維度,0.0,女,遷入,國外,3
111,11,20,石碇區,,,,無年齡維度,0.0,男,遷入,國外,1
111,11,20,石碇區,,,,無年齡維度,0.0,女,遷入,新北市內,0
111,11,20,石碇區,,,,無年齡維度,0.0,男,遷入,新北市內,0
111,11,20,石碇區,,,,無年齡維度,0.0,女,遷入,桃園市,0
111,11,20,石碇區,,,,無年齡維度,0.0,男,遷入,桃園市,0
111,11,20,石碇區,,,,無年齡維度,0.0,女,遷入,福建省,0
111,11,20,石碇區,,,,無年齡維度,0.0,男,遷入,福建省,0
111,11,20,石碇區,,,,無年齡維度,0.0,女,遷入,臺中市,1
111,11,20,石碇區,,,,無年齡維度,0.0,男,遷入,臺中市,0
111,11,20,石碇區,,,,無年齡維度,0.0,女,遷入,臺北市,1
111,11,20,石碇區,,,,無年齡維度,0.0,男,遷入,臺北市,4
111,11,20,石碇區,,,,無年齡維度,0.0,女,遷入,臺南市,0
111,11,20,石碇區,,,,無年齡維度,0.0,男,遷入,臺南市,0
111,11,20,石碇區,,,,無年齡維度,0.0,女,遷入,臺灣省,1
111,11,20,石碇區,,,,無年齡維度,0.0,男,遷入,臺灣省,0
111,11,20,石碇區,,,,無年齡維度,0.0,女,遷入,高雄市,0
111,11,20,石碇區,,,,無年齡維度,0.0,男,遷入,高雄市,0
111,11,20,石碇區,,,,無年齡維度,0.0,女,遷出,migrants,1
111,11,20,石碇區,,,,無年齡維度,0.0,男,遷出,migrants,0
111,11,20,石碇區,,,,無年齡維度,0.0,女,遷出,other,0
111,11,20,石碇區,,,,無年齡維度,0.0,男,遷出,other,0
111,11,20,石碇區,,,,無年齡維度,0.0,女,遷出,其他縣市,0
111,11,20,石碇區,,,,無年齡維度,0.0,男,遷出,其他縣市,0
111,11,20,石碇區,,,,無年齡維度,0.0,女,遷出,其他鄉鎮,3
111,11,20,石碇區,,,,無年齡維度,0.0,男,遷出,其他鄉鎮,4
111,11,20,石碇區,,,,無年齡維度,0.0,女,遷出,合計,6
111,11,20,石碇區,,,,無年齡維度,0.0,男,遷出,合計,6
111,11,20,石碇區,,,,無年齡維度,0.0,女,遷出,國外,1
111,11,20,石碇區,,,,無年齡維度,0.0,男,遷出,國外,1
111,11,20,石碇區,,,,無年齡維度,0.0,女,遷出,新北市內,0
111,11,20,石碇區,,,,無年齡維度,0.0,男,遷出,新北市內,0
111,11,20,石碇區,,,,無年齡維度,0.0,女,遷出,桃園市,0
111,11,20,石碇區,,,,無年齡維度,0.0,男,遷出,桃園市,1
111,11,20,石碇區,,,,無年齡維度,0.0,女,遷出,福建省,0
111,11,20,石碇區,,,,無年齡維度,0.0,男,遷出,福建省,0
111,11,20,石碇區,,,,無年齡維度,0.0,女,遷出,臺中市,0
111,11,20,石碇區,,,,無年齡維度,0.0,男,遷出,臺中市,0
111,11,20,石碇區,,,,無年齡維度,0.0,女,遷出,臺北市,0
111,11,20,石碇區,,,,無年齡維度,0.0,男,遷出,臺北市,0
111,11,20,石碇區,,,,無年齡維度,0.0,女,遷出,臺南市,2
111,11,20,石碇區,,,,無年齡維度,0.0,男,遷出,臺南市,0
111,11,20,石碇區,,,,無年齡維度,0.0,女,遷出,臺灣省,0
111,11,20,石碇區,,,,無年齡維度,0.0,男,遷出,臺灣省,0
111,11,20,石碇區,,,,無年齡維度,0.0,女,遷出,高雄市,0
111,11,20,石碇區,,,,無年齡維度,0.0,男,遷出,高雄市,0
111,11,21,坪林區,,,,無年齡維度,0.0,女,遷入,migrants,9
111,11,21,坪林區,,,,無年齡維度,0.0,男,遷入,migrants,10
111,11,21,坪林區,,,,無年齡維度,0.0,女,遷入,other,0
111,11,21,坪林區,,,,無年齡維度,0.0,男,遷入,other,0
111,11,21,坪林區,,,,無年齡維度,0.0,女,遷入,其他縣市,0
111,11,21,坪林區,,,,無年齡維度,0.0,男,遷入,其他縣市,0
111,11,21,坪林區,,,,無年齡維度,0.0,女,遷入,其他鄉鎮,23
111,11,21,坪林區,,,,無年齡維度,0.0,男,遷入,其他鄉鎮,15
111,11,21,坪林區,,,,無年齡維度,0.0,女,遷入,合計,57
111,11,21,坪林區,,,,無年齡維度,0.0,男,遷入,合計,41
111,11,21,坪林區,,,,無年齡維度,0.0,女,遷入,國外,23
111,11,21,坪林區,,,,無年齡維度,0.0,男,遷入,國外,17
111,11,21,坪林區,,,,無年齡維度,0.0,女,遷入,新北市內,0
111,11,21,坪林區,,,,無年齡維度,0.0,男,遷入,新北市內,0
111,11,21,坪林區,,,,無年齡維度,0.0,女,遷入,桃園市,0
111,11,21,坪林區,,,,無年齡維度,0.0,男,遷入,桃園市,0
111,11,21,坪林區,,,,無年齡維度,0.0,女,遷入,福建省,0
111,11,21,坪林區,,,,無年齡維度,0.0,男,遷入,福建省,0
111,11,21,坪林區,,,,無年齡維度,0.0,女,遷入,臺中市,1
111,11,21,坪林區,,,,無年齡維度,0.0,男,遷入,臺中市,1
111,11,21,坪林區,,,,無年齡維度,0.0,女,遷入,臺北市,8
111,11,21,坪林區,,,,無年齡維度,0.0,男,遷入,臺北市,4
111,11,21,坪林區,,,,無年齡維度,0.0,女,遷入,臺南市,0
111,11,21,坪林區,,,,無年齡維度,0.0,男,遷入,臺南市,2
111,11,21,坪林區,,,,無年齡維度,0.0,女,遷入,臺灣省,0
111,11,21,坪林區,,,,無年齡維度,0.0,男,遷入,臺灣省,1
111,11,21,坪林區,,,,無年齡維度,0.0,女,遷入,高雄市,1
111,11,21,坪林區,,,,無年齡維度,0.0,男,遷入,高雄市,0
111,11,21,坪林區,,,,無年齡維度,0.0,女,遷出,migrants,9
111,11,21,坪林區,,,,無年齡維度,0.0,男,遷出,migrants,10
111,11,21,坪林區,,,,無年齡維度,0.0,女,遷出,other,0
111,11,21,坪林區,,,,無年齡維度,0.0,男,遷出,other,0
111,11,21,坪林區,,,,無年齡維度,0.0,女,遷出,其他縣市,0
111,11,21,坪林區,,,,無年齡維度,0.0,男,遷出,其他縣市,0
111,11,21,坪林區,,,,無年齡維度,0.0,女,遷出,其他鄉鎮,16
111,11,21,坪林區,,,,無年齡維度,0.0,男,遷出,其他鄉鎮,10
111,11,21,坪林區,,,,無年齡維度,0.0,女,遷出,合計,38
111,11,21,坪林區,,,,無年齡維度,0.0,男,遷出,合計,17
111,11,21,坪林區,,,,無年齡維度,0.0,女,遷出,國外,2
111,11,21,坪林區,,,,無年齡維度,0.0,男,遷出,國外,0
111,11,21,坪林區,,,,無年齡維度,0.0,女,遷出,新北市內,0
111,11,21,坪林區,,,,無年齡維度,0.0,男,遷出,新北市內,0
111,11,21,坪林區,,,,無年齡維度,0.0,女,遷出,桃園市,2
111,11,21,坪林區,,,,無年齡維度,0.0,男,遷出,桃園市,0
111,11,21,坪林區,,,,無年齡維度,0.0,女,遷出,福建省,0
111,11,21,坪林區,,,,無年齡維度,0.0,男,遷出,福建省,0
111,11,21,坪林區,,,,無年齡維度,0.0,女,遷出,臺中市,2
111,11,21,坪林區,,,,無年齡維度,0.0,男,遷出,臺中市,1
111,11,21,坪林區,,,,無年齡維度,0.0,女,遷出,臺北市,11
111,11,21,坪林區,,,,無年齡維度,0.0,男,遷出,臺北市,4
111,11,21,坪林區,,,,無年齡維度,0.0,女,遷出,臺南市,0
111,11,21,坪林區,,,,無年齡維度,0.0,男,遷出,臺南市,0
111,11,21,坪林區,,,,無年齡維度,0.0,女,遷出,臺灣省,5
111,11,21,坪林區,,,,無年齡維度,0.0,男,遷出,臺灣省,2
111,11,21,坪林區,,,,無年齡維度,0.0,女,遷出,高雄市,0
111,11,21,坪林區,,,,無年齡維度,0.0,男,遷出,高雄市,0
111,11,22,三芝區,,,,無年齡維度,0.0,女,遷入,migrants,2
111,11,22,三芝區,,,,無年齡維度,0.0,男,遷入,migrants,1
111,11,22,三芝區,,,,無年齡維度,0.0,女,遷入,other,0
111,11,22,三芝區,,,,無年齡維度,0.0,男,遷入,other,0
111,11,22,三芝區,,,,無年齡維度,0.0,女,遷入,其他縣市,0
111,11,22,三芝區,,,,無年齡維度,0.0,男,遷入,其他縣市,0
111,11,22,三芝區,,,,無年齡維度,0.0,女,遷入,其他鄉鎮,4
111,11,22,三芝區,,,,無年齡維度,0.0,男,遷入,其他鄉鎮,5
111,11,22,三芝區,,,,無年齡維度,0.0,女,遷入,合計,8
111,11,22,三芝區,,,,無年齡維度,0.0,男,遷入,合計,10
111,11,22,三芝區,,,,無年齡維度,0.0,女,遷入,國外,3
111,11,22,三芝區,,,,無年齡維度,0.0,男,遷入,國外,2
111,11,22,三芝區,,,,無年齡維度,0.0,女,遷入,新北市內,0
111,11,22,三芝區,,,,無年齡維度,0.0,男,遷入,新北市內,0
111,11,22,三芝區,,,,無年齡維度,0.0,女,遷入,桃園市,0
111,11,22,三芝區,,,,無年齡維度,0.0,男,遷入,桃園市,0
111,11,22,三芝區,,,,無年齡維度,0.0,女,遷入,福建省,0
111,11,22,三芝區,,,,無年齡維度,0.0,男,遷入,福建省,0
111,11,22,三芝區,,,,無年齡維度,0.0,女,遷入,臺中市,0
111,11,22,三芝區,,,,無年齡維度,0.0,男,遷入,臺中市,0
111,11,22,三芝區,,,,無年齡維度,0.0,女,遷入,臺北市,0
111,11,22,三芝區,,,,無年齡維度,0.0,男,遷入,臺北市,3
111,11,22,三芝區,,,,無年齡維度,0.0,女,遷入,臺南市,0
111,11,22,三芝區,,,,無年齡維度,0.0,男,遷入,臺南市,0
111,11,22,三芝區,,,,無年齡維度,0.0,女,遷入,臺灣省,1
111,11,22,三芝區,,,,無年齡維度,0.0,男,遷入,臺灣省,0
111,11,22,三芝區,,,,無年齡維度,0.0,女,遷入,高雄市,0
111,11,22,三芝區,,,,無年齡維度,0.0,男,遷入,高雄市,0
111,11,22,三芝區,,,,無年齡維度,0.0,女,遷出,migrants,2
111,11,22,三芝區,,,,無年齡維度,0.0,男,遷出,migrants,1
111,11,22,三芝區,,,,無年齡維度,0.0,女,遷出,other,0
111,11,22,三芝區,,,,無年齡維度,0.0,男,遷出,other,0
111,11,22,三芝區,,,,無年齡維度,0.0,女,遷出,其他縣市,0
111,11,22,三芝區,,,,無年齡維度,0.0,男,遷出,其他縣市,0
111,11,22,三芝區,,,,無年齡維度,0.0,女,遷出,其他鄉鎮,10
111,11,22,三芝區,,,,無年齡維度,0.0,男,遷出,其他鄉鎮,8
111,11,22,三芝區,,,,無年齡維度,0.0,女,遷出,合計,12
111,11,22,三芝區,,,,無年齡維度,0.0,男,遷出,合計,8
111,11,22,三芝區,,,,無年齡維度,0.0,女,遷出,國外,1
111,11,22,三芝區,,,,無年齡維度,0.0,男,遷出,國外,0
111,11,22,三芝區,,,,無年齡維度,0.0,女,遷出,新北市內,0
111,11,22,三芝區,,,,無年齡維度,0.0,男,遷出,新北市內,0
111,11,22,三芝區,,,,無年齡維度,0.0,女,遷出,桃園市,0
111,11,22,三芝區,,,,無年齡維度,0.0,男,遷出,桃園市,0
111,11,22,三芝區,,,,無年齡維度,0.0,女,遷出,福建省,0
111,11,22,三芝區,,,,無年齡維度,0.0,男,遷出,福建省,0
111,11,22,三芝區,,,,無年齡維度,0.0,女,遷出,臺中市,0
111,11,22,三芝區,,,,無年齡維度,0.0,男,遷出,臺中市,0
111,11,22,三芝區,,,,無年齡維度,0.0,女,遷出,臺北市,0
111,11,22,三芝區,,,,無年齡維度,0.0,男,遷出,臺北市,0
111,11,22,三芝區,,,,無年齡維度,0.0,女,遷出,臺南市,0
111,11,22,三芝區,,,,無年齡維度,0.0,男,遷出,臺南市,0
111,11,22,三芝區,,,,無年齡維度,0.0,女,遷出,臺灣省,1
111,11,22,三芝區,,,,無年齡維度,0.0,男,遷出,臺灣省,0
111,11,22,三芝區,,,,無年齡維度,0.0,女,遷出,高雄市,0
111,11,22,三芝區,,,,無年齡維度,0.0,男,遷出,高雄市,0
111,11,23,石門區,,,,無年齡維度,0.0,女,遷入,migrants,32
111,11,23,石門區,,,,無年齡維度,0.0,男,遷入,migrants,32
111,11,23,石門區,,,,無年齡維度,0.0,女,遷入,other,0
111,11,23,石門區,,,,無年齡維度,0.0,男,遷入,other,0
111,11,23,石門區,,,,無年齡維度,0.0,女,遷入,其他縣市,0
111,11,23,石門區,,,,無年齡維度,0.0,男,遷入,其他縣市,0
111,11,23,石門區,,,,無年齡維度,0.0,女,遷入,其他鄉鎮,40
111,11,23,石門區,,,,無年齡維度,0.0,男,遷入,其他鄉鎮,36
111,11,23,石門區,,,,無年齡維度,0.0,女,遷入,合計,100
111,11,23,石門區,,,,無年齡維度,0.0,男,遷入,合計,94
111,11,23,石門區,,,,無年齡維度,0.0,女,遷入,國外,28
111,11,23,石門區,,,,無年齡維度,0.0,男,遷入,國外,23
111,11,23,石門區,,,,無年齡維度,0.0,女,遷入,新北市內,0
111,11,23,石門區,,,,無年齡維度,0.0,男,遷入,新北市內,0
111,11,23,石門區,,,,無年齡維度,0.0,女,遷入,桃園市,2
111,11,23,石門區,,,,無年齡維度,0.0,男,遷入,桃園市,4
111,11,23,石門區,,,,無年齡維度,0.0,女,遷入,福建省,0
111,11,23,石門區,,,,無年齡維度,0.0,男,遷入,福建省,0
111,11,23,石門區,,,,無年齡維度,0.0,女,遷入,臺中市,2
111,11,23,石門區,,,,無年齡維度,0.0,男,遷入,臺中市,1
111,11,23,石門區,,,,無年齡維度,0.0,女,遷入,臺北市,21
111,11,23,石門區,,,,無年齡維度,0.0,男,遷入,臺北市,15
111,11,23,石門區,,,,無年齡維度,0.0,女,遷入,臺南市,0
111,11,23,石門區,,,,無年齡維度,0.0,男,遷入,臺南市,1
111,11,23,石門區,,,,無年齡維度,0.0,女,遷入,臺灣省,4
111,11,23,石門區,,,,無年齡維度,0.0,男,遷入,臺灣省,9
111,11,23,石門區,,,,無年齡維度,0.0,女,遷入,高雄市,1
111,11,23,石門區,,,,無年齡維度,0.0,男,遷入,高雄市,1
111,11,23,石門區,,,,無年齡維度,0.0,女,遷出,migrants,32
111,11,23,石門區,,,,無年齡維度,0.0,男,遷出,migrants,32
111,11,23,石門區,,,,無年齡維度,0.0,女,遷出,other,0
111,11,23,石門區,,,,無年齡維度,0.0,男,遷出,other,0
111,11,23,石門區,,,,無年齡維度,0.0,女,遷出,其他縣市,0
111,11,23,石門區,,,,無年齡維度,0.0,男,遷出,其他縣市,0
111,11,23,石門區,,,,無年齡維度,0.0,女,遷出,其他鄉鎮,19
111,11,23,石門區,,,,無年齡維度,0.0,男,遷出,其他鄉鎮,24
111,11,23,石門區,,,,無年齡維度,0.0,女,遷出,合計,48
111,11,23,石門區,,,,無年齡維度,0.0,男,遷出,合計,59
111,11,23,石門區,,,,無年齡維度,0.0,女,遷出,國外,1
111,11,23,石門區,,,,無年齡維度,0.0,男,遷出,國外,5
111,11,23,石門區,,,,無年齡維度,0.0,女,遷出,新北市內,0
111,11,23,石門區,,,,無年齡維度,0.0,男,遷出,新北市內,0
111,11,23,石門區,,,,無年齡維度,0.0,女,遷出,桃園市,9
111,11,23,石門區,,,,無年齡維度,0.0,男,遷出,桃園市,6
111,11,23,石門區,,,,無年齡維度,0.0,女,遷出,福建省,1
111,11,23,石門區,,,,無年齡維度,0.0,男,遷出,福建省,1
111,11,23,石門區,,,,無年齡維度,0.0,女,遷出,臺中市,1
111,11,23,石門區,,,,無年齡維度,0.0,男,遷出,臺中市,1
111,11,23,石門區,,,,無年齡維度,0.0,女,遷出,臺北市,12
111,11,23,石門區,,,,無年齡維度,0.0,男,遷出,臺北市,14
111,11,23,石門區,,,,無年齡維度,0.0,女,遷出,臺南市,0
111,11,23,石門區,,,,無年齡維度,0.0,男,遷出,臺南市,0
111,11,23,石門區,,,,無年齡維度,0.0,女,遷出,臺灣省,4
111,11,23,石門區,,,,無年齡維度,0.0,男,遷出,臺灣省,7
111,11,23,石門區,,,,無年齡維度,0.0,女,遷出,高雄市,1
111,11,23,石門區,,,,無年齡維度,0.0,男,遷出,高雄市,1
111,11,24,金山區,,,,無年齡維度,0.0,女,遷入,migrants,2
111,11,24,金山區,,,,無年齡維度,0.0,男,遷入,migrants,0
111,11,24,金山區,,,,無年齡維度,0.0,女,遷入,other,0
111,11,24,金山區,,,,無年齡維度,0.0,男,遷入,other,0
111,11,24,金山區,,,,無年齡維度,0.0,女,遷入,其他縣市,0
111,11,24,金山區,,,,無年齡維度,0.0,男,遷入,其他縣市,0
111,11,24,金山區,,,,無年齡維度,0.0,女,遷入,其他鄉鎮,2
111,11,24,金山區,,,,無年齡維度,0.0,男,遷入,其他鄉鎮,1
111,11,24,金山區,,,,無年齡維度,0.0,女,遷入,合計,7
111,11,24,金山區,,,,無年齡維度,0.0,男,遷入,合計,3
111,11,24,金山區,,,,無年齡維度,0.0,女,遷入,國外,0
111,11,24,金山區,,,,無年齡維度,0.0,男,遷入,國外,1
111,11,24,金山區,,,,無年齡維度,0.0,女,遷入,新北市內,0
111,11,24,金山區,,,,無年齡維度,0.0,男,遷入,新北市內,0
111,11,24,金山區,,,,無年齡維度,0.0,女,遷入,桃園市,2
111,11,24,金山區,,,,無年齡維度,0.0,男,遷入,桃園市,0
111,11,24,金山區,,,,無年齡維度,0.0,女,遷入,福建省,0
111,11,24,金山區,,,,無年齡維度,0.0,男,遷入,福建省,0
111,11,24,金山區,,,,無年齡維度,0.0,女,遷入,臺中市,0
111,11,24,金山區,,,,無年齡維度,0.0,男,遷入,臺中市,0
111,11,24,金山區,,,,無年齡維度,0.0,女,遷入,臺北市,3
111,11,24,金山區,,,,無年齡維度,0.0,男,遷入,臺北市,1
111,11,24,金山區,,,,無年齡維度,0.0,女,遷入,臺南市,0
111,11,24,金山區,,,,無年齡維度,0.0,男,遷入,臺南市,0
111,11,24,金山區,,,,無年齡維度,0.0,女,遷入,臺灣省,0
111,11,24,金山區,,,,無年齡維度,0.0,男,遷入,臺灣省,0
111,11,24,金山區,,,,無年齡維度,0.0,女,遷入,高雄市,0
111,11,24,金山區,,,,無年齡維度,0.0,男,遷入,高雄市,0
111,11,24,金山區,,,,無年齡維度,0.0,女,遷出,migrants,2
111,11,24,金山區,,,,無年齡維度,0.0,男,遷出,migrants,0
111,11,24,金山區,,,,無年齡維度,0.0,女,遷出,other,0
111,11,24,金山區,,,,無年齡維度,0.0,男,遷出,other,0
111,11,24,金山區,,,,無年齡維度,0.0,女,遷出,其他縣市,0
111,11,24,金山區,,,,無年齡維度,0.0,男,遷出,其他縣市,0
111,11,24,金山區,,,,無年齡維度,0.0,女,遷出,其他鄉鎮,2
111,11,24,金山區,,,,無年齡維度,0.0,男,遷出,其他鄉鎮,2
111,11,24,金山區,,,,無年齡維度,0.0,女,遷出,合計,6
111,11,24,金山區,,,,無年齡維度,0.0,男,遷出,合計,6
111,11,24,金山區,,,,無年齡維度,0.0,女,遷出,國外,1
111,11,24,金山區,,,,無年齡維度,0.0,男,遷出,國外,0
111,11,24,金山區,,,,無年齡維度,0.0,女,遷出,新北市內,0
111,11,24,金山區,,,,無年齡維度,0.0,男,遷出,新北市內,0
111,11,24,金山區,,,,無年齡維度,0.0,女,遷出,桃園市,2
111,11,24,金山區,,,,無年齡維度,0.0,男,遷出,桃園市,1
111,11,24,金山區,,,,無年齡維度,0.0,女,遷出,福建省,0
111,11,24,金山區,,,,無年齡維度,0.0,男,遷出,福建省,0
111,11,24,金山區,,,,無年齡維度,0.0,女,遷出,臺中市,0
111,11,24,金山區,,,,無年齡維度,0.0,男,遷出,臺中市,0
111,11,24,金山區,,,,無年齡維度,0.0,女,遷出,臺北市,0
111,11,24,金山區,,,,無年齡維度,0.0,男,遷出,臺北市,1
111,11,24,金山區,,,,無年齡維度,0.0,女,遷出,臺南市,0
111,11,24,金山區,,,,無年齡維度,0.0,男,遷出,臺南市,0
111,11,24,金山區,,,,無年齡維度,0.0,女,遷出,臺灣省,1
111,11,24,金山區,,,,無年齡維度,0.0,男,遷出,臺灣省,2
111,11,24,金山區,,,,無年齡維度,0.0,女,遷出,高雄市,0
111,11,24,金山區,,,,無年齡維度,0.0,男,遷出,高雄市,0
111,11,25,萬里區,,,,無年齡維度,0.0,女,遷入,migrants,3
111,11,25,萬里區,,,,無年齡維度,0.0,男,遷入,migrants,1
111,11,25,萬里區,,,,無年齡維度,0.0,女,遷入,other,0
111,11,25,萬里區,,,,無年齡維度,0.0,男,遷入,other,0
111,11,25,萬里區,,,,無年齡維度,0.0,女,遷入,其他縣市,0
111,11,25,萬里區,,,,無年齡維度,0.0,男,遷入,其他縣市,0
111,11,25,萬里區,,,,無年齡維度,0.0,女,遷入,其他鄉鎮,0
111,11,25,萬里區,,,,無年齡維度,0.0,男,遷入,其他鄉鎮,2
111,11,25,萬里區,,,,無年齡維度,0.0,女,遷入,合計,8
111,11,25,萬里區,,,,無年齡維度,0.0,男,遷入,合計,8
111,11,25,萬里區,,,,無年齡維度,0.0,女,遷入,國外,2
111,11,25,萬里區,,,,無年齡維度,0.0,男,遷入,國外,2
111,11,25,萬里區,,,,無年齡維度,0.0,女,遷入,新北市內,0
111,11,25,萬里區,,,,無年齡維度,0.0,男,遷入,新北市內,0
111,11,25,萬里區,,,,無年齡維度,0.0,女,遷入,桃園市,1
111,11,25,萬里區,,,,無年齡維度,0.0,男,遷入,桃園市,0
111,11,25,萬里區,,,,無年齡維度,0.0,女,遷入,福建省,0
111,11,25,萬里區,,,,無年齡維度,0.0,男,遷入,福建省,0
111,11,25,萬里區,,,,無年齡維度,0.0,女,遷入,臺中市,0
111,11,25,萬里區,,,,無年齡維度,0.0,男,遷入,臺中市,0
111,11,25,萬里區,,,,無年齡維度,0.0,女,遷入,臺北市,3
111,11,25,萬里區,,,,無年齡維度,0.0,男,遷入,臺北市,1
111,11,25,萬里區,,,,無年齡維度,0.0,女,遷入,臺南市,0
111,11,25,萬里區,,,,無年齡維度,0.0,男,遷入,臺南市,0
111,11,25,萬里區,,,,無年齡維度,0.0,女,遷入,臺灣省,1
111,11,25,萬里區,,,,無年齡維度,0.0,男,遷入,臺灣省,2
111,11,25,萬里區,,,,無年齡維度,0.0,女,遷入,高雄市,0
111,11,25,萬里區,,,,無年齡維度,0.0,男,遷入,高雄市,1
111,11,25,萬里區,,,,無年齡維度,0.0,女,遷出,migrants,3
111,11,25,萬里區,,,,無年齡維度,0.0,男,遷出,migrants,1
111,11,25,萬里區,,,,無年齡維度,0.0,女,遷出,other,0
111,11,25,萬里區,,,,無年齡維度,0.0,男,遷出,other,0
111,11,25,萬里區,,,,無年齡維度,0.0,女,遷出,其他縣市,0
111,11,25,萬里區,,,,無年齡維度,0.0,男,遷出,其他縣市,0
111,11,25,萬里區,,,,無年齡維度,0.0,女,遷出,其他鄉鎮,15
111,11,25,萬里區,,,,無年齡維度,0.0,男,遷出,其他鄉鎮,1
111,11,25,萬里區,,,,無年齡維度,0.0,女,遷出,合計,25
111,11,25,萬里區,,,,無年齡維度,0.0,男,遷出,合計,7
111,11,25,萬里區,,,,無年齡維度,0.0,女,遷出,國外,0
111,11,25,萬里區,,,,無年齡維度,0.0,男,遷出,國外,0
111,11,25,萬里區,,,,無年齡維度,0.0,女,遷出,新北市內,0
111,11,25,萬里區,,,,無年齡維度,0.0,男,遷出,新北市內,0
111,11,25,萬里區,,,,無年齡維度,0.0,女,遷出,桃園市,1
111,11,25,萬里區,,,,無年齡維度,0.0,男,遷出,桃園市,0
111,11,25,萬里區,,,,無年齡維度,0.0,女,遷出,福建省,0
111,11,25,萬里區,,,,無年齡維度,0.0,男,遷出,福建省,0
111,11,25,萬里區,,,,無年齡維度,0.0,女,遷出,臺中市,1
111,11,25,萬里區,,,,無年齡維度,0.0,男,遷出,臺中市,0
111,11,25,萬里區,,,,無年齡維度,0.0,女,遷出,臺北市,2
111,11,25,萬里區,,,,無年齡維度,0.0,男,遷出,臺北市,2
111,11,25,萬里區,,,,無年齡維度,0.0,女,遷出,臺南市,0
111,11,25,萬里區,,,,無年齡維度,0.0,男,遷出,臺南市,0
111,11,25,萬里區,,,,無年齡維度,0.0,女,遷出,臺灣省,6
111,11,25,萬里區,,,,無年齡維度,0.0,男,遷出,臺灣省,4
111,11,25,萬里區,,,,無年齡維度,0.0,女,遷出,高雄市,0
111,11,25,萬里區,,,,無年齡維度,0.0,男,遷出,高雄市,0
111,11,26,平溪區,,,,無年齡維度,0.0,女,遷入,migrants,4
111,11,26,平溪區,,,,無年齡維度,0.0,男,遷入,migrants,3
111,11,26,平溪區,,,,無年齡維度,0.0,女,遷入,other,0
111,11,26,平溪區,,,,無年齡維度,0.0,男,遷入,other,0
111,11,26,平溪區,,,,無年齡維度,0.0,女,遷入,其他縣市,0
111,11,26,平溪區,,,,無年齡維度,0.0,男,遷入,其他縣市,0
111,11,26,平溪區,,,,無年齡維度,0.0,女,遷入,其他鄉鎮,5
111,11,26,平溪區,,,,無年齡維度,0.0,男,遷入,其他鄉鎮,2
111,11,26,平溪區,,,,無年齡維度,0.0,女,遷入,合計,9
111,11,26,平溪區,,,,無年齡維度,0.0,男,遷入,合計,14
111,11,26,平溪區,,,,無年齡維度,0.0,女,遷入,國外,2
111,11,26,平溪區,,,,無年齡維度,0.0,男,遷入,國外,5
111,11,26,平溪區,,,,無年齡維度,0.0,女,遷入,新北市內,0
111,11,26,平溪區,,,,無年齡維度,0.0,男,遷入,新北市內,0
111,11,26,平溪區,,,,無年齡維度,0.0,女,遷入,桃園市,0
111,11,26,平溪區,,,,無年齡維度,0.0,男,遷入,桃園市,0
111,11,26,平溪區,,,,無年齡維度,0.0,女,遷入,福建省,0
111,11,26,平溪區,,,,無年齡維度,0.0,男,遷入,福建省,0
111,11,26,平溪區,,,,無年齡維度,0.0,女,遷入,臺中市,1
111,11,26,平溪區,,,,無年齡維度,0.0,男,遷入,臺中市,2
111,11,26,平溪區,,,,無年齡維度,0.0,女,遷入,臺北市,0
111,11,26,平溪區,,,,無年齡維度,0.0,男,遷入,臺北市,1
111,11,26,平溪區,,,,無年齡維度,0.0,女,遷入,臺南市,0
111,11,26,平溪區,,,,無年齡維度,0.0,男,遷入,臺南市,0
111,11,26,平溪區,,,,無年齡維度,0.0,女,遷入,臺灣省,1
111,11,26,平溪區,,,,無年齡維度,0.0,男,遷入,臺灣省,0
111,11,26,平溪區,,,,無年齡維度,0.0,女,遷入,高雄市,0
111,11,26,平溪區,,,,無年齡維度,0.0,男,遷入,高雄市,3
111,11,26,平溪區,,,,無年齡維度,0.0,女,遷出,migrants,4
111,11,26,平溪區,,,,無年齡維度,0.0,男,遷出,migrants,3
111,11,26,平溪區,,,,無年齡維度,0.0,女,遷出,other,0
111,11,26,平溪區,,,,無年齡維度,0.0,男,遷出,other,0
111,11,26,平溪區,,,,無年齡維度,0.0,女,遷出,其他縣市,0
111,11,26,平溪區,,,,無年齡維度,0.0,男,遷出,其他縣市,0
111,11,26,平溪區,,,,無年齡維度,0.0,女,遷出,其他鄉鎮,5
111,11,26,平溪區,,,,無年齡維度,0.0,男,遷出,其他鄉鎮,6
111,11,26,平溪區,,,,無年齡維度,0.0,女,遷出,合計,9
111,11,26,平溪區,,,,無年齡維度,0.0,男,遷出,合計,12
111,11,26,平溪區,,,,無年齡維度,0.0,女,遷出,國外,1
111,11,26,平溪區,,,,無年齡維度,0.0,男,遷出,國外,0
111,11,26,平溪區,,,,無年齡維度,0.0,女,遷出,新北市內,0
111,11,26,平溪區,,,,無年齡維度,0.0,男,遷出,新北市內,0
111,11,26,平溪區,,,,無年齡維度,0.0,女,遷出,桃園市,1
111,11,26,平溪區,,,,無年齡維度,0.0,男,遷出,桃園市,0
111,11,26,平溪區,,,,無年齡維度,0.0,女,遷出,福建省,0
111,11,26,平溪區,,,,無年齡維度,0.0,男,遷出,福建省,0
111,11,26,平溪區,,,,無年齡維度,0.0,女,遷出,臺中市,0
111,11,26,平溪區,,,,無年齡維度,0.0,男,遷出,臺中市,1
111,11,26,平溪區,,,,無年齡維度,0.0,女,遷出,臺北市,0
111,11,26,平溪區,,,,無年齡維度,0.0,男,遷出,臺北市,1
111,11,26,平溪區,,,,無年齡維度,0.0,女,遷出,臺南市,0
111,11,26,平溪區,,,,無年齡維度,0.0,男,遷出,臺南市,0
111,11,26,平溪區,,,,無年齡維度,0.0,女,遷出,臺灣省,2
111,11,26,平溪區,,,,無年齡維度,0.0,男,遷出,臺灣省,3
111,11,26,平溪區,,,,無年齡維度,0.0,女,遷出,高雄市,0
111,11,26,平溪區,,,,無年齡維度,0.0,男,遷出,高雄市,1
111,11,27,雙溪區,,,,無年齡維度,0.0,女,遷入,migrants,12
111,11,27,雙溪區,,,,無年齡維度,0.0,男,遷入,migrants,12
111,11,27,雙溪區,,,,無年齡維度,0.0,女,遷入,other,0
111,11,27,雙溪區,,,,無年齡維度,0.0,男,遷入,other,0
111,11,27,雙溪區,,,,無年齡維度,0.0,女,遷入,其他縣市,0
111,11,27,雙溪區,,,,無年齡維度,0.0,男,遷入,其他縣市,0
111,11,27,雙溪區,,,,無年齡維度,0.0,女,遷入,其他鄉鎮,6
111,11,27,雙溪區,,,,無年齡維度,0.0,男,遷入,其他鄉鎮,6
111,11,27,雙溪區,,,,無年齡維度,0.0,女,遷入,合計,19
111,11,27,雙溪區,,,,無年齡維度,0.0,男,遷入,合計,20
111,11,27,雙溪區,,,,無年齡維度,0.0,女,遷入,國外,2
111,11,27,雙溪區,,,,無年齡維度,0.0,男,遷入,國外,3
111,11,27,雙溪區,,,,無年齡維度,0.0,女,遷入,新北市內,0
111,11,27,雙溪區,,,,無年齡維度,0.0,男,遷入,新北市內,0
111,11,27,雙溪區,,,,無年齡維度,0.0,女,遷入,桃園市,3
111,11,27,雙溪區,,,,無年齡維度,0.0,男,遷入,桃園市,3
111,11,27,雙溪區,,,,無年齡維度,0.0,女,遷入,福建省,0
111,11,27,雙溪區,,,,無年齡維度,0.0,男,遷入,福建省,0
111,11,27,雙溪區,,,,無年齡維度,0.0,女,遷入,臺中市,0
111,11,27,雙溪區,,,,無年齡維度,0.0,男,遷入,臺中市,0
111,11,27,雙溪區,,,,無年齡維度,0.0,女,遷入,臺北市,0
111,11,27,雙溪區,,,,無年齡維度,0.0,男,遷入,臺北市,5
111,11,27,雙溪區,,,,無年齡維度,0.0,女,遷入,臺南市,0
111,11,27,雙溪區,,,,無年齡維度,0.0,男,遷入,臺南市,0
111,11,27,雙溪區,,,,無年齡維度,0.0,女,遷入,臺灣省,8
111,11,27,雙溪區,,,,無年齡維度,0.0,男,遷入,臺灣省,3
111,11,27,雙溪區,,,,無年齡維度,0.0,女,遷入,高雄市,0
111,11,27,雙溪區,,,,無年齡維度,0.0,男,遷入,高雄市,0
111,11,27,雙溪區,,,,無年齡維度,0.0,女,遷出,migrants,12
111,11,27,雙溪區,,,,無年齡維度,0.0,男,遷出,migrants,12
111,11,27,雙溪區,,,,無年齡維度,0.0,女,遷出,other,0
111,11,27,雙溪區,,,,無年齡維度,0.0,男,遷出,other,0
111,11,27,雙溪區,,,,無年齡維度,0.0,女,遷出,其他縣市,0
111,11,27,雙溪區,,,,無年齡維度,0.0,男,遷出,其他縣市,0
111,11,27,雙溪區,,,,無年齡維度,0.0,女,遷出,其他鄉鎮,8
111,11,27,雙溪區,,,,無年齡維度,0.0,男,遷出,其他鄉鎮,11
111,11,27,雙溪區,,,,無年齡維度,0.0,女,遷出,合計,22
111,11,27,雙溪區,,,,無年齡維度,0.0,男,遷出,合計,19
111,11,27,雙溪區,,,,無年齡維度,0.0,女,遷出,國外,3
111,11,27,雙溪區,,,,無年齡維度,0.0,男,遷出,國外,3
111,11,27,雙溪區,,,,無年齡維度,0.0,女,遷出,新北市內,0
111,11,27,雙溪區,,,,無年齡維度,0.0,男,遷出,新北市內,0
111,11,27,雙溪區,,,,無年齡維度,0.0,女,遷出,桃園市,2
111,11,27,雙溪區,,,,無年齡維度,0.0,男,遷出,桃園市,1
111,11,27,雙溪區,,,,無年齡維度,0.0,女,遷出,福建省,0
111,11,27,雙溪區,,,,無年齡維度,0.0,男,遷出,福建省,1
111,11,27,雙溪區,,,,無年齡維度,0.0,女,遷出,臺中市,1
111,11,27,雙溪區,,,,無年齡維度,0.0,男,遷出,臺中市,0
111,11,27,雙溪區,,,,無年齡維度,0.0,女,遷出,臺北市,4
111,11,27,雙溪區,,,,無年齡維度,0.0,男,遷出,臺北市,3
111,11,27,雙溪區,,,,無年齡維度,0.0,女,遷出,臺南市,1
111,11,27,雙溪區,,,,無年齡維度,0.0,男,遷出,臺南市,0
111,11,27,雙溪區,,,,無年齡維度,0.0,女,遷出,臺灣省,2
111,11,27,雙溪區,,,,無年齡維度,0.0,男,遷出,臺灣省,0
111,11,27,雙溪區,,,,無年齡維度,0.0,女,遷出,高雄市,1
111,11,27,雙溪區,,,,無年齡維度,0.0,男,遷出,高雄市,0
111,11,28,貢寮區,,,,無年齡維度,0.0,女,遷入,migrants,17
111,11,28,貢寮區,,,,無年齡維度,0.0,男,遷入,migrants,9
111,11,28,貢寮區,,,,無年齡維度,0.0,女,遷入,other,0
111,11,28,貢寮區,,,,無年齡維度,0.0,男,遷入,other,0
111,11,28,貢寮區,,,,無年齡維度,0.0,女,遷入,其他縣市,0
111,11,28,貢寮區,,,,無年齡維度,0.0,男,遷入,其他縣市,0
111,11,28,貢寮區,,,,無年齡維度,0.0,女,遷入,其他鄉鎮,4
111,11,28,貢寮區,,,,無年齡維度,0.0,男,遷入,其他鄉鎮,7
111,11,28,貢寮區,,,,無年齡維度,0.0,女,遷入,合計,23
111,11,28,貢寮區,,,,無年齡維度,0.0,男,遷入,合計,18
111,11,28,貢寮區,,,,無年齡維度,0.0,女,遷入,國外,9
111,11,28,貢寮區,,,,無年齡維度,0.0,男,遷入,國外,4
111,11,28,貢寮區,,,,無年齡維度,0.0,女,遷入,新北市內,0
111,11,28,貢寮區,,,,無年齡維度,0.0,男,遷入,新北市內,0
111,11,28,貢寮區,,,,無年齡維度,0.0,女,遷入,桃園市,0
111,11,28,貢寮區,,,,無年齡維度,0.0,男,遷入,桃園市,1
111,11,28,貢寮區,,,,無年齡維度,0.0,女,遷入,福建省,0
111,11,28,貢寮區,,,,無年齡維度,0.0,男,遷入,福建省,0
111,11,28,貢寮區,,,,無年齡維度,0.0,女,遷入,臺中市,0
111,11,28,貢寮區,,,,無年齡維度,0.0,男,遷入,臺中市,1
111,11,28,貢寮區,,,,無年齡維度,0.0,女,遷入,臺北市,3
111,11,28,貢寮區,,,,無年齡維度,0.0,男,遷入,臺北市,3
111,11,28,貢寮區,,,,無年齡維度,0.0,女,遷入,臺南市,0
111,11,28,貢寮區,,,,無年齡維度,0.0,男,遷入,臺南市,0
111,11,28,貢寮區,,,,無年齡維度,0.0,女,遷入,臺灣省,5
111,11,28,貢寮區,,,,無年齡維度,0.0,男,遷入,臺灣省,2
111,11,28,貢寮區,,,,無年齡維度,0.0,女,遷入,高雄市,1
111,11,28,貢寮區,,,,無年齡維度,0.0,男,遷入,高雄市,0
111,11,28,貢寮區,,,,無年齡維度,0.0,女,遷出,migrants,17
111,11,28,貢寮區,,,,無年齡維度,0.0,男,遷出,migrants,9
111,11,28,貢寮區,,,,無年齡維度,0.0,女,遷出,other,0
111,11,28,貢寮區,,,,無年齡維度,0.0,男,遷出,other,0
111,11,28,貢寮區,,,,無年齡維度,0.0,女,遷出,其他縣市,0
111,11,28,貢寮區,,,,無年齡維度,0.0,男,遷出,其他縣市,0
111,11,28,貢寮區,,,,無年齡維度,0.0,女,遷出,其他鄉鎮,6
111,11,28,貢寮區,,,,無年齡維度,0.0,男,遷出,其他鄉鎮,8
111,11,28,貢寮區,,,,無年齡維度,0.0,女,遷出,合計,26
111,11,28,貢寮區,,,,無年齡維度,0.0,男,遷出,合計,25
111,11,28,貢寮區,,,,無年齡維度,0.0,女,遷出,國外,0
111,11,28,貢寮區,,,,無年齡維度,0.0,男,遷出,國外,1
111,11,28,貢寮區,,,,無年齡維度,0.0,女,遷出,新北市內,0
111,11,28,貢寮區,,,,無年齡維度,0.0,男,遷出,新北市內,0
111,11,28,貢寮區,,,,無年齡維度,0.0,女,遷出,桃園市,2
111,11,28,貢寮區,,,,無年齡維度,0.0,男,遷出,桃園市,4
111,11,28,貢寮區,,,,無年齡維度,0.0,女,遷出,福建省,0
111,11,28,貢寮區,,,,無年齡維度,0.0,男,遷出,福建省,0
111,11,28,貢寮區,,,,無年齡維度,0.0,女,遷出,臺中市,1
111,11,28,貢寮區,,,,無年齡維度,0.0,男,遷出,臺中市,1
111,11,28,貢寮區,,,,無年齡維度,0.0,女,遷出,臺北市,4
111,11,28,貢寮區,,,,無年齡維度,0.0,男,遷出,臺北市,1
111,11,28,貢寮區,,,,無年齡維度,0.0,女,遷出,臺南市,2
111,11,28,貢寮區,,,,無年齡維度,0.0,男,遷出,臺南市,0
111,11,28,貢寮區,,,,無年齡維度,0.0,女,遷出,臺灣省,10
111,11,28,貢寮區,,,,無年齡維度,0.0,男,遷出,臺灣省,9
111,11,28,貢寮區,,,,無年齡維度,0.0,女,遷出,高雄市,1
111,11,28,貢寮區,,,,無年齡維度,0.0,男,遷出,高雄市,1
111,11,29,烏來區,,,,無年齡維度,0.0,女,遷入,migrants,11
111,11,29,烏來區,,,,無年齡維度,0.0,男,遷入,migrants,4
111,11,29,烏來區,,,,無年齡維度,0.0,女,遷入,other,0
111,11,29,烏來區,,,,無年齡維度,0.0,男,遷入,other,0
111,11,29,烏來區,,,,無年齡維度,0.0,女,遷入,其他縣市,0
111,11,29,烏來區,,,,無年齡維度,0.0,男,遷入,其他縣市,0
111,11,29,烏來區,,,,無年齡維度,0.0,女,遷入,其他鄉鎮,6
111,11,29,烏來區,,,,無年齡維度,0.0,男,遷入,其他鄉鎮,10
111,11,29,烏來區,,,,無年齡維度,0.0,女,遷入,合計,10
111,11,29,烏來區,,,,無年齡維度,0.0,男,遷入,合計,13
111,11,29,烏來區,,,,無年齡維度,0.0,女,遷入,國外,3
111,11,29,烏來區,,,,無年齡維度,0.0,男,遷入,國外,0
111,11,29,烏來區,,,,無年齡維度,0.0,女,遷入,新北市內,0
111,11,29,烏來區,,,,無年齡維度,0.0,男,遷入,新北市內,0
111,11,29,烏來區,,,,無年齡維度,0.0,女,遷入,桃園市,1
111,11,29,烏來區,,,,無年齡維度,0.0,男,遷入,桃園市,1
111,11,29,烏來區,,,,無年齡維度,0.0,女,遷入,福建省,0
111,11,29,烏來區,,,,無年齡維度,0.0,男,遷入,福建省,0
111,11,29,烏來區,,,,無年齡維度,0.0,女,遷入,臺中市,0
111,11,29,烏來區,,,,無年齡維度,0.0,男,遷入,臺中市,0
111,11,29,烏來區,,,,無年齡維度,0.0,女,遷入,臺北市,0
111,11,29,烏來區,,,,無年齡維度,0.0,男,遷入,臺北市,1
111,11,29,烏來區,,,,無年齡維度,0.0,女,遷入,臺南市,0
111,11,29,烏來區,,,,無年齡維度,0.0,男,遷入,臺南市,0
111,11,29,烏來區,,,,無年齡維度,0.0,女,遷入,臺灣省,0
111,11,29,烏來區,,,,無年齡維度,0.0,男,遷入,臺灣省,1
111,11,29,烏來區,,,,無年齡維度,0.0,女,遷入,高雄市,0
111,11,29,烏來區,,,,無年齡維度,0.0,男,遷入,高雄市,0
111,11,29,烏來區,,,,無年齡維度,0.0,女,遷出,migrants,11
111,11,29,烏來區,,,,無年齡維度,0.0,男,遷出,migrants,4
111,11,29,烏來區,,,,無年齡維度,0.0,女,遷出,other,0
111,11,29,烏來區,,,,無年齡維度,0.0,男,遷出,other,0
111,11,29,烏來區,,,,無年齡維度,0.0,女,遷出,其他縣市,0
111,11,29,烏來區,,,,無年齡維度,0.0,男,遷出,其他縣市,0
111,11,29,烏來區,,,,無年齡維度,0.0,女,遷出,其他鄉鎮,3
111,11,29,烏來區,,,,無年齡維度,0.0,男,遷出,其他鄉鎮,4
111,11,29,烏來區,,,,無年齡維度,0.0,女,遷出,合計,6
111,11,29,烏來區,,,,無年齡維度,0.0,男,遷出,合計,9
111,11,29,烏來區,,,,無年齡維度,0.0,女,遷出,國外,2
111,11,29,烏來區,,,,無年齡維度,0.0,男,遷出,國外,2
111,11,29,烏來區,,,,無年齡維度,0.0,女,遷出,新北市內,0
111,11,29,烏來區,,,,無年齡維度,0.0,男,遷出,新北市內,0
111,11,29,烏來區,,,,無年齡維度,0.0,女,遷出,桃園市,0
111,11,29,烏來區,,,,無年齡維度,0.0,男,遷出,桃園市,1
111,11,29,烏來區,,,,無年齡維度,0.0,女,遷出,福建省,0
111,11,29,烏來區,,,,無年齡維度,0.0,男,遷出,福建省,0
111,11,29,烏來區,,,,無年齡維度,0.0,女,遷出,臺中市,0
111,11,29,烏來區,,,,無年齡維度,0.0,男,遷出,臺中市,0
111,11,29,烏來區,,,,無年齡維度,0.0,女,遷出,臺北市,1
111,11,29,烏來區,,,,無年齡維度,0.0,男,遷出,臺北市,2
111,11,29,烏來區,,,,無年齡維度,0.0,女,遷出,臺南市,0
111,11,29,烏來區,,,,無年齡維度,0.0,男,遷出,臺南市,0
111,11,29,烏來區,,,,無年齡維度,0.0,女,遷出,臺灣省,0
111,11,29,烏來區,,,,無年齡維度,0.0,男,遷出,臺灣省,0
111,11,29,烏來區,,,,無年齡維度,0.0,女,遷出,高雄市,0
111,11,29,烏來區,,,,無年齡維度,0.0,男,遷出,高雄市,0
111,12,1,板橋區,,,,無年齡維度,0.0,女,遷入,migrants,823
111,12,1,板橋區,,,,無年齡維度,0.0,男,遷入,migrants,727
111,12,1,板橋區,,,,無年齡維度,0.0,女,遷入,other,0
111,12,1,板橋區,,,,無年齡維度,0.0,男,遷入,other,0
111,12,1,板橋區,,,,無年齡維度,0.0,女,遷入,其他縣市,0
111,12,1,板橋區,,,,無年齡維度,0.0,男,遷入,其他縣市,0
111,12,1,板橋區,,,,無年齡維度,0.0,女,遷入,其他鄉鎮,389
111,12,1,板橋區,,,,無年齡維度,0.0,男,遷入,其他鄉鎮,281
111,12,1,板橋區,,,,無年齡維度,0.0,女,遷入,合計,1499
111,12,1,板橋區,,,,無年齡維度,0.0,男,遷入,合計,1200
111,12,1,板橋區,,,,無年齡維度,0.0,女,遷入,國外,546
111,12,1,板橋區,,,,無年齡維度,0.0,男,遷入,國外,427
111,12,1,板橋區,,,,無年齡維度,0.0,女,遷入,新北市內,0
111,12,1,板橋區,,,,無年齡維度,0.0,男,遷入,新北市內,0
111,12,1,板橋區,,,,無年齡維度,0.0,女,遷入,桃園市,74
111,12,1,板橋區,,,,無年齡維度,0.0,男,遷入,桃園市,69
111,12,1,板橋區,,,,無年齡維度,0.0,女,遷入,福建省,6
111,12,1,板橋區,,,,無年齡維度,0.0,男,遷入,福建省,6
111,12,1,板橋區,,,,無年齡維度,0.0,女,遷入,臺中市,28
111,12,1,板橋區,,,,無年齡維度,0.0,男,遷入,臺中市,18
111,12,1,板橋區,,,,無年齡維度,0.0,女,遷入,臺北市,244
111,12,1,板橋區,,,,無年齡維度,0.0,男,遷入,臺北市,225
111,12,1,板橋區,,,,無年齡維度,0.0,女,遷入,臺南市,12
111,12,1,板橋區,,,,無年齡維度,0.0,男,遷入,臺南市,9
111,12,1,板橋區,,,,無年齡維度,0.0,女,遷入,臺灣省,152
111,12,1,板橋區,,,,無年齡維度,0.0,男,遷入,臺灣省,126
111,12,1,板橋區,,,,無年齡維度,0.0,女,遷入,高雄市,20
111,12,1,板橋區,,,,無年齡維度,0.0,男,遷入,高雄市,13
111,12,1,板橋區,,,,無年齡維度,0.0,女,遷出,migrants,823
111,12,1,板橋區,,,,無年齡維度,0.0,男,遷出,migrants,727
111,12,1,板橋區,,,,無年齡維度,0.0,女,遷出,other,0
111,12,1,板橋區,,,,無年齡維度,0.0,男,遷出,other,0
111,12,1,板橋區,,,,無年齡維度,0.0,女,遷出,其他縣市,0
111,12,1,板橋區,,,,無年齡維度,0.0,男,遷出,其他縣市,0
111,12,1,板橋區,,,,無年齡維度,0.0,女,遷出,其他鄉鎮,430
111,12,1,板橋區,,,,無年齡維度,0.0,男,遷出,其他鄉鎮,349
111,12,1,板橋區,,,,無年齡維度,0.0,女,遷出,合計,922
111,12,1,板橋區,,,,無年齡維度,0.0,男,遷出,合計,751
111,12,1,板橋區,,,,無年齡維度,0.0,女,遷出,國外,48
111,12,1,板橋區,,,,無年齡維度,0.0,男,遷出,國外,34
111,12,1,板橋區,,,,無年齡維度,0.0,女,遷出,新北市內,0
111,12,1,板橋區,,,,無年齡維度,0.0,男,遷出,新北市內,0
111,12,1,板橋區,,,,無年齡維度,0.0,女,遷出,桃園市,99
111,12,1,板橋區,,,,無年齡維度,0.0,男,遷出,桃園市,80
111,12,1,板橋區,,,,無年齡維度,0.0,女,遷出,福建省,3
111,12,1,板橋區,,,,無年齡維度,0.0,男,遷出,福建省,6
111,12,1,板橋區,,,,無年齡維度,0.0,女,遷出,臺中市,29
111,12,1,板橋區,,,,無年齡維度,0.0,男,遷出,臺中市,23
111,12,1,板橋區,,,,無年齡維度,0.0,女,遷出,臺北市,161
111,12,1,板橋區,,,,無年齡維度,0.0,男,遷出,臺北市,139
111,12,1,板橋區,,,,無年齡維度,0.0,女,遷出,臺南市,14
111,12,1,板橋區,,,,無年齡維度,0.0,男,遷出,臺南市,12
111,12,1,板橋區,,,,無年齡維度,0.0,女,遷出,臺灣省,117
111,12,1,板橋區,,,,無年齡維度,0.0,男,遷出,臺灣省,90
111,12,1,板橋區,,,,無年齡維度,0.0,女,遷出,高雄市,21
111,12,1,板橋區,,,,無年齡維度,0.0,男,遷出,高雄市,17
111,12,2,三重區,,,,無年齡維度,0.0,女,遷入,migrants,612
111,12,2,三重區,,,,無年齡維度,0.0,男,遷入,migrants,498
111,12,2,三重區,,,,無年齡維度,0.0,女,遷入,other,0
111,12,2,三重區,,,,無年齡維度,0.0,男,遷入,other,0
111,12,2,三重區,,,,無年齡維度,0.0,女,遷入,其他縣市,0
111,12,2,三重區,,,,無年齡維度,0.0,男,遷入,其他縣市,0
111,12,2,三重區,,,,無年齡維度,0.0,女,遷入,其他鄉鎮,275
111,12,2,三重區,,,,無年齡維度,0.0,男,遷入,其他鄉鎮,179
111,12,2,三重區,,,,無年齡維度,0.0,女,遷入,合計,1059
111,12,2,三重區,,,,無年齡維度,0.0,男,遷入,合計,836
111,12,2,三重區,,,,無年齡維度,0.0,女,遷入,國外,321
111,12,2,三重區,,,,無年齡維度,0.0,男,遷入,國外,234
111,12,2,三重區,,,,無年齡維度,0.0,女,遷入,新北市內,0
111,12,2,三重區,,,,無年齡維度,0.0,男,遷入,新北市內,0
111,12,2,三重區,,,,無年齡維度,0.0,女,遷入,桃園市,46
111,12,2,三重區,,,,無年齡維度,0.0,男,遷入,桃園市,37
111,12,2,三重區,,,,無年齡維度,0.0,女,遷入,福建省,3
111,12,2,三重區,,,,無年齡維度,0.0,男,遷入,福建省,3
111,12,2,三重區,,,,無年齡維度,0.0,女,遷入,臺中市,12
111,12,2,三重區,,,,無年齡維度,0.0,男,遷入,臺中市,13
111,12,2,三重區,,,,無年齡維度,0.0,女,遷入,臺北市,288
111,12,2,三重區,,,,無年齡維度,0.0,男,遷入,臺北市,261
111,12,2,三重區,,,,無年齡維度,0.0,女,遷入,臺南市,5
111,12,2,三重區,,,,無年齡維度,0.0,男,遷入,臺南市,9
111,12,2,三重區,,,,無年齡維度,0.0,女,遷入,臺灣省,77
111,12,2,三重區,,,,無年齡維度,0.0,男,遷入,臺灣省,69
111,12,2,三重區,,,,無年齡維度,0.0,女,遷入,高雄市,12
111,12,2,三重區,,,,無年齡維度,0.0,男,遷入,高雄市,19
111,12,2,三重區,,,,無年齡維度,0.0,女,遷出,migrants,612
111,12,2,三重區,,,,無年齡維度,0.0,男,遷出,migrants,498
111,12,2,三重區,,,,無年齡維度,0.0,女,遷出,other,0
111,12,2,三重區,,,,無年齡維度,0.0,男,遷出,other,0
111,12,2,三重區,,,,無年齡維度,0.0,女,遷出,其他縣市,0
111,12,2,三重區,,,,無年齡維度,0.0,男,遷出,其他縣市,0
111,12,2,三重區,,,,無年齡維度,0.0,女,遷出,其他鄉鎮,292
111,12,2,三重區,,,,無年齡維度,0.0,男,遷出,其他鄉鎮,241
111,12,2,三重區,,,,無年齡維度,0.0,女,遷出,合計,724
111,12,2,三重區,,,,無年齡維度,0.0,男,遷出,合計,612
111,12,2,三重區,,,,無年齡維度,0.0,女,遷出,國外,23
111,12,2,三重區,,,,無年齡維度,0.0,男,遷出,國外,25
111,12,2,三重區,,,,無年齡維度,0.0,女,遷出,新北市內,0
111,12,2,三重區,,,,無年齡維度,0.0,男,遷出,新北市內,0
111,12,2,三重區,,,,無年齡維度,0.0,女,遷出,桃園市,58
111,12,2,三重區,,,,無年齡維度,0.0,男,遷出,桃園市,65
111,12,2,三重區,,,,無年齡維度,0.0,女,遷出,福建省,4
111,12,2,三重區,,,,無年齡維度,0.0,男,遷出,福建省,4
111,12,2,三重區,,,,無年齡維度,0.0,女,遷出,臺中市,15
111,12,2,三重區,,,,無年齡維度,0.0,男,遷出,臺中市,16
111,12,2,三重區,,,,無年齡維度,0.0,女,遷出,臺北市,239
111,12,2,三重區,,,,無年齡維度,0.0,男,遷出,臺北市,186
111,12,2,三重區,,,,無年齡維度,0.0,女,遷出,臺南市,11
111,12,2,三重區,,,,無年齡維度,0.0,男,遷出,臺南市,7
111,12,2,三重區,,,,無年齡維度,0.0,女,遷出,臺灣省,72
111,12,2,三重區,,,,無年齡維度,0.0,男,遷出,臺灣省,63
111,12,2,三重區,,,,無年齡維度,0.0,女,遷出,高雄市,10
111,12,2,三重區,,,,無年齡維度,0.0,男,遷出,高雄市,5
111,12,3,中和區,,,,無年齡維度,0.0,女,遷入,migrants,463
111,12,3,中和區,,,,無年齡維度,0.0,男,遷入,migrants,397
111,12,3,中和區,,,,無年齡維度,0.0,女,遷入,other,0
111,12,3,中和區,,,,無年齡維度,0.0,男,遷入,other,0
111,12,3,中和區,,,,無年齡維度,0.0,女,遷入,其他縣市,0
111,12,3,中和區,,,,無年齡維度,0.0,男,遷入,其他縣市,0
111,12,3,中和區,,,,無年齡維度,0.0,女,遷入,其他鄉鎮,358
111,12,3,中和區,,,,無年齡維度,0.0,男,遷入,其他鄉鎮,254
111,12,3,中和區,,,,無年齡維度,0.0,女,遷入,合計,1249
111,12,3,中和區,,,,無年齡維度,0.0,男,遷入,合計,1031
111,12,3,中和區,,,,無年齡維度,0.0,女,遷入,國外,487
111,12,3,中和區,,,,無年齡維度,0.0,男,遷入,國外,403
111,12,3,中和區,,,,無年齡維度,0.0,女,遷入,新北市內,0
111,12,3,中和區,,,,無年齡維度,0.0,男,遷入,新北市內,0
111,12,3,中和區,,,,無年齡維度,0.0,女,遷入,桃園市,32
111,12,3,中和區,,,,無年齡維度,0.0,男,遷入,桃園市,40
111,12,3,中和區,,,,無年齡維度,0.0,女,遷入,福建省,9
111,12,3,中和區,,,,無年齡維度,0.0,男,遷入,福建省,14
111,12,3,中和區,,,,無年齡維度,0.0,女,遷入,臺中市,18
111,12,3,中和區,,,,無年齡維度,0.0,男,遷入,臺中市,14
111,12,3,中和區,,,,無年齡維度,0.0,女,遷入,臺北市,196
111,12,3,中和區,,,,無年齡維度,0.0,男,遷入,臺北市,190
111,12,3,中和區,,,,無年齡維度,0.0,女,遷入,臺南市,7
111,12,3,中和區,,,,無年齡維度,0.0,男,遷入,臺南市,12
111,12,3,中和區,,,,無年齡維度,0.0,女,遷入,臺灣省,95
111,12,3,中和區,,,,無年齡維度,0.0,男,遷入,臺灣省,71
111,12,3,中和區,,,,無年齡維度,0.0,女,遷入,高雄市,22
111,12,3,中和區,,,,無年齡維度,0.0,男,遷入,高雄市,15
111,12,3,中和區,,,,無年齡維度,0.0,女,遷出,migrants,463
111,12,3,中和區,,,,無年齡維度,0.0,男,遷出,migrants,397
111,12,3,中和區,,,,無年齡維度,0.0,女,遷出,other,0
111,12,3,中和區,,,,無年齡維度,0.0,男,遷出,other,0
111,12,3,中和區,,,,無年齡維度,0.0,女,遷出,其他縣市,0
111,12,3,中和區,,,,無年齡維度,0.0,男,遷出,其他縣市,0
111,12,3,中和區,,,,無年齡維度,0.0,女,遷出,其他鄉鎮,451
111,12,3,中和區,,,,無年齡維度,0.0,男,遷出,其他鄉鎮,342
111,12,3,中和區,,,,無年齡維度,0.0,女,遷出,合計,807
111,12,3,中和區,,,,無年齡維度,0.0,男,遷出,合計,691
111,12,3,中和區,,,,無年齡維度,0.0,女,遷出,國外,34
111,12,3,中和區,,,,無年齡維度,0.0,男,遷出,國外,32
111,12,3,中和區,,,,無年齡維度,0.0,女,遷出,新北市內,0
111,12,3,中和區,,,,無年齡維度,0.0,男,遷出,新北市內,0
111,12,3,中和區,,,,無年齡維度,0.0,女,遷出,桃園市,68
111,12,3,中和區,,,,無年齡維度,0.0,男,遷出,桃園市,65
111,12,3,中和區,,,,無年齡維度,0.0,女,遷出,福建省,8
111,12,3,中和區,,,,無年齡維度,0.0,男,遷出,福建省,10
111,12,3,中和區,,,,無年齡維度,0.0,女,遷出,臺中市,14
111,12,3,中和區,,,,無年齡維度,0.0,男,遷出,臺中市,15
111,12,3,中和區,,,,無年齡維度,0.0,女,遷出,臺北市,137
111,12,3,中和區,,,,無年齡維度,0.0,男,遷出,臺北市,112
111,12,3,中和區,,,,無年齡維度,0.0,女,遷出,臺南市,16
111,12,3,中和區,,,,無年齡維度,0.0,男,遷出,臺南市,16
111,12,3,中和區,,,,無年齡維度,0.0,女,遷出,臺灣省,64
111,12,3,中和區,,,,無年齡維度,0.0,男,遷出,臺灣省,82
111,12,3,中和區,,,,無年齡維度,0.0,女,遷出,高雄市,15
111,12,3,中和區,,,,無年齡維度,0.0,男,遷出,高雄市,17
111,12,4,永和區,,,,無年齡維度,0.0,女,遷入,migrants,220
111,12,4,永和區,,,,無年齡維度,0.0,男,遷入,migrants,200
111,12,4,永和區,,,,無年齡維度,0.0,女,遷入,other,0
111,12,4,永和區,,,,無年齡維度,0.0,男,遷入,other,0
111,12,4,永和區,,,,無年齡維度,0.0,女,遷入,其他縣市,0
111,12,4,永和區,,,,無年齡維度,0.0,男,遷入,其他縣市,0
111,12,4,永和區,,,,無年齡維度,0.0,女,遷入,其他鄉鎮,243
111,12,4,永和區,,,,無年齡維度,0.0,男,遷入,其他鄉鎮,184
111,12,4,永和區,,,,無年齡維度,0.0,女,遷入,合計,848
111,12,4,永和區,,,,無年齡維度,0.0,男,遷入,合計,703
111,12,4,永和區,,,,無年齡維度,0.0,女,遷入,國外,373
111,12,4,永和區,,,,無年齡維度,0.0,男,遷入,國外,301
111,12,4,永和區,,,,無年齡維度,0.0,女,遷入,新北市內,0
111,12,4,永和區,,,,無年齡維度,0.0,男,遷入,新北市內,0
111,12,4,永和區,,,,無年齡維度,0.0,女,遷入,桃園市,13
111,12,4,永和區,,,,無年齡維度,0.0,男,遷入,桃園市,13
111,12,4,永和區,,,,無年齡維度,0.0,女,遷入,福建省,4
111,12,4,永和區,,,,無年齡維度,0.0,男,遷入,福建省,2
111,12,4,永和區,,,,無年齡維度,0.0,女,遷入,臺中市,5
111,12,4,永和區,,,,無年齡維度,0.0,男,遷入,臺中市,4
111,12,4,永和區,,,,無年齡維度,0.0,女,遷入,臺北市,148
111,12,4,永和區,,,,無年齡維度,0.0,男,遷入,臺北市,152
111,12,4,永和區,,,,無年齡維度,0.0,女,遷入,臺南市,3
111,12,4,永和區,,,,無年齡維度,0.0,男,遷入,臺南市,3
111,12,4,永和區,,,,無年齡維度,0.0,女,遷入,臺灣省,45
111,12,4,永和區,,,,無年齡維度,0.0,男,遷入,臺灣省,26
111,12,4,永和區,,,,無年齡維度,0.0,女,遷入,高雄市,4
111,12,4,永和區,,,,無年齡維度,0.0,男,遷入,高雄市,9
111,12,4,永和區,,,,無年齡維度,0.0,女,遷出,migrants,220
111,12,4,永和區,,,,無年齡維度,0.0,男,遷出,migrants,200
111,12,4,永和區,,,,無年齡維度,0.0,女,遷出,other,0
111,12,4,永和區,,,,無年齡維度,0.0,男,遷出,other,0
111,12,4,永和區,,,,無年齡維度,0.0,女,遷出,其他縣市,0
111,12,4,永和區,,,,無年齡維度,0.0,男,遷出,其他縣市,0
111,12,4,永和區,,,,無年齡維度,0.0,女,遷出,其他鄉鎮,213
111,12,4,永和區,,,,無年齡維度,0.0,男,遷出,其他鄉鎮,174
111,12,4,永和區,,,,無年齡維度,0.0,女,遷出,合計,423
111,12,4,永和區,,,,無年齡維度,0.0,男,遷出,合計,344
111,12,4,永和區,,,,無年齡維度,0.0,女,遷出,國外,32
111,12,4,永和區,,,,無年齡維度,0.0,男,遷出,國外,26
111,12,4,永和區,,,,無年齡維度,0.0,女,遷出,新北市內,0
111,12,4,永和區,,,,無年齡維度,0.0,男,遷出,新北市內,0
111,12,4,永和區,,,,無年齡維度,0.0,女,遷出,桃園市,29
111,12,4,永和區,,,,無年齡維度,0.0,男,遷出,桃園市,16
111,12,4,永和區,,,,無年齡維度,0.0,女,遷出,福建省,6
111,12,4,永和區,,,,無年齡維度,0.0,男,遷出,福建省,4
111,12,4,永和區,,,,無年齡維度,0.0,女,遷出,臺中市,11
111,12,4,永和區,,,,無年齡維度,0.0,男,遷出,臺中市,10
111,12,4,永和區,,,,無年齡維度,0.0,女,遷出,臺北市,94
111,12,4,永和區,,,,無年齡維度,0.0,男,遷出,臺北市,68
111,12,4,永和區,,,,無年齡維度,0.0,女,遷出,臺南市,6
111,12,4,永和區,,,,無年齡維度,0.0,男,遷出,臺南市,9
111,12,4,永和區,,,,無年齡維度,0.0,女,遷出,臺灣省,23
111,12,4,永和區,,,,無年齡維度,0.0,男,遷出,臺灣省,32
111,12,4,永和區,,,,無年齡維度,0.0,女,遷出,高雄市,9
111,12,4,永和區,,,,無年齡維度,0.0,男,遷出,高雄市,5
111,12,5,新莊區,,,,無年齡維度,0.0,女,遷入,migrants,730
111,12,5,新莊區,,,,無年齡維度,0.0,男,遷入,migrants,599
111,12,5,新莊區,,,,無年齡維度,0.0,女,遷入,other,0
111,12,5,新莊區,,,,無年齡維度,0.0,男,遷入,other,0
111,12,5,新莊區,,,,無年齡維度,0.0,女,遷入,其他縣市,0
111,12,5,新莊區,,,,無年齡維度,0.0,男,遷入,其他縣市,0
111,12,5,新莊區,,,,無年齡維度,0.0,女,遷入,其他鄉鎮,318
111,12,5,新莊區,,,,無年齡維度,0.0,男,遷入,其他鄉鎮,241
111,12,5,新莊區,,,,無年齡維度,0.0,女,遷入,合計,1034
111,12,5,新莊區,,,,無年齡維度,0.0,男,遷入,合計,838
111,12,5,新莊區,,,,無年齡維度,0.0,女,遷入,國外,316
111,12,5,新莊區,,,,無年齡維度,0.0,男,遷入,國外,257
111,12,5,新莊區,,,,無年齡維度,0.0,女,遷入,新北市內,0
111,12,5,新莊區,,,,無年齡維度,0.0,男,遷入,新北市內,0
111,12,5,新莊區,,,,無年齡維度,0.0,女,遷入,桃園市,73
111,12,5,新莊區,,,,無年齡維度,0.0,男,遷入,桃園市,53
111,12,5,新莊區,,,,無年齡維度,0.0,女,遷入,福建省,5
111,12,5,新莊區,,,,無年齡維度,0.0,男,遷入,福建省,4
111,12,5,新莊區,,,,無年齡維度,0.0,女,遷入,臺中市,26
111,12,5,新莊區,,,,無年齡維度,0.0,男,遷入,臺中市,17
111,12,5,新莊區,,,,無年齡維度,0.0,女,遷入,臺北市,152
111,12,5,新莊區,,,,無年齡維度,0.0,男,遷入,臺北市,152
111,12,5,新莊區,,,,無年齡維度,0.0,女,遷入,臺南市,10
111,12,5,新莊區,,,,無年齡維度,0.0,男,遷入,臺南市,10
111,12,5,新莊區,,,,無年齡維度,0.0,女,遷入,臺灣省,107
111,12,5,新莊區,,,,無年齡維度,0.0,男,遷入,臺灣省,87
111,12,5,新莊區,,,,無年齡維度,0.0,女,遷入,高雄市,9
111,12,5,新莊區,,,,無年齡維度,0.0,男,遷入,高雄市,14
111,12,5,新莊區,,,,無年齡維度,0.0,女,遷出,migrants,730
111,12,5,新莊區,,,,無年齡維度,0.0,男,遷出,migrants,599
111,12,5,新莊區,,,,無年齡維度,0.0,女,遷出,other,0
111,12,5,新莊區,,,,無年齡維度,0.0,男,遷出,other,0
111,12,5,新莊區,,,,無年齡維度,0.0,女,遷出,其他縣市,0
111,12,5,新莊區,,,,無年齡維度,0.0,男,遷出,其他縣市,0
111,12,5,新莊區,,,,無年齡維度,0.0,女,遷出,其他鄉鎮,312
111,12,5,新莊區,,,,無年齡維度,0.0,男,遷出,其他鄉鎮,221
111,12,5,新莊區,,,,無年齡維度,0.0,女,遷出,合計,691
111,12,5,新莊區,,,,無年齡維度,0.0,男,遷出,合計,577
111,12,5,新莊區,,,,無年齡維度,0.0,女,遷出,國外,31
111,12,5,新莊區,,,,無年齡維度,0.0,男,遷出,國外,37
111,12,5,新莊區,,,,無年齡維度,0.0,女,遷出,新北市內,0
111,12,5,新莊區,,,,無年齡維度,0.0,男,遷出,新北市內,0
111,12,5,新莊區,,,,無年齡維度,0.0,女,遷出,桃園市,115
111,12,5,新莊區,,,,無年齡維度,0.0,男,遷出,桃園市,132
111,12,5,新莊區,,,,無年齡維度,0.0,女,遷出,福建省,5
111,12,5,新莊區,,,,無年齡維度,0.0,男,遷出,福建省,6
111,12,5,新莊區,,,,無年齡維度,0.0,女,遷出,臺中市,28
111,12,5,新莊區,,,,無年齡維度,0.0,男,遷出,臺中市,23
111,12,5,新莊區,,,,無年齡維度,0.0,女,遷出,臺北市,80
111,12,5,新莊區,,,,無年齡維度,0.0,男,遷出,臺北市,56
111,12,5,新莊區,,,,無年齡維度,0.0,女,遷出,臺南市,9
111,12,5,新莊區,,,,無年齡維度,0.0,男,遷出,臺南市,12
111,12,5,新莊區,,,,無年齡維度,0.0,女,遷出,臺灣省,92
111,12,5,新莊區,,,,無年齡維度,0.0,男,遷出,臺灣省,77
111,12,5,新莊區,,,,無年齡維度,0.0,女,遷出,高雄市,19
111,12,5,新莊區,,,,無年齡維度,0.0,男,遷出,高雄市,12
111,12,6,新店區,,,,無年齡維度,0.0,女,遷入,migrants,438
111,12,6,新店區,,,,無年齡維度,0.0,男,遷入,migrants,340
111,12,6,新店區,,,,無年齡維度,0.0,女,遷入,other,0
111,12,6,新店區,,,,無年齡維度,0.0,男,遷入,other,0
111,12,6,新店區,,,,無年齡維度,0.0,女,遷入,其他縣市,0
111,12,6,新店區,,,,無年齡維度,0.0,男,遷入,其他縣市,0
111,12,6,新店區,,,,無年齡維度,0.0,女,遷入,其他鄉鎮,144
111,12,6,新店區,,,,無年齡維度,0.0,男,遷入,其他鄉鎮,118
111,12,6,新店區,,,,無年齡維度,0.0,女,遷入,合計,1234
111,12,6,新店區,,,,無年齡維度,0.0,男,遷入,合計,948
111,12,6,新店區,,,,無年齡維度,0.0,女,遷入,國外,628
111,12,6,新店區,,,,無年齡維度,0.0,男,遷入,國外,425
111,12,6,新店區,,,,無年齡維度,0.0,女,遷入,新北市內,0
111,12,6,新店區,,,,無年齡維度,0.0,男,遷入,新北市內,0
111,12,6,新店區,,,,無年齡維度,0.0,女,遷入,桃園市,21
111,12,6,新店區,,,,無年齡維度,0.0,男,遷入,桃園市,23
111,12,6,新店區,,,,無年齡維度,0.0,女,遷入,福建省,3
111,12,6,新店區,,,,無年齡維度,0.0,男,遷入,福建省,3
111,12,6,新店區,,,,無年齡維度,0.0,女,遷入,臺中市,14
111,12,6,新店區,,,,無年齡維度,0.0,男,遷入,臺中市,11
111,12,6,新店區,,,,無年齡維度,0.0,女,遷入,臺北市,317
111,12,6,新店區,,,,無年齡維度,0.0,男,遷入,臺北市,283
111,12,6,新店區,,,,無年齡維度,0.0,女,遷入,臺南市,15
111,12,6,新店區,,,,無年齡維度,0.0,男,遷入,臺南市,3
111,12,6,新店區,,,,無年齡維度,0.0,女,遷入,臺灣省,54
111,12,6,新店區,,,,無年齡維度,0.0,男,遷入,臺灣省,52
111,12,6,新店區,,,,無年齡維度,0.0,女,遷入,高雄市,14
111,12,6,新店區,,,,無年齡維度,0.0,男,遷入,高雄市,15
111,12,6,新店區,,,,無年齡維度,0.0,女,遷出,migrants,438
111,12,6,新店區,,,,無年齡維度,0.0,男,遷出,migrants,340
111,12,6,新店區,,,,無年齡維度,0.0,女,遷出,other,0
111,12,6,新店區,,,,無年齡維度,0.0,男,遷出,other,0
111,12,6,新店區,,,,無年齡維度,0.0,女,遷出,其他縣市,0
111,12,6,新店區,,,,無年齡維度,0.0,男,遷出,其他縣市,0
111,12,6,新店區,,,,無年齡維度,0.0,女,遷出,其他鄉鎮,189
111,12,6,新店區,,,,無年齡維度,0.0,男,遷出,其他鄉鎮,137
111,12,6,新店區,,,,無年齡維度,0.0,女,遷出,合計,576
111,12,6,新店區,,,,無年齡維度,0.0,男,遷出,合計,491
111,12,6,新店區,,,,無年齡維度,0.0,女,遷出,國外,48
111,12,6,新店區,,,,無年齡維度,0.0,男,遷出,國外,22
111,12,6,新店區,,,,無年齡維度,0.0,女,遷出,新北市內,0
111,12,6,新店區,,,,無年齡維度,0.0,男,遷出,新北市內,0
111,12,6,新店區,,,,無年齡維度,0.0,女,遷出,桃園市,47
111,12,6,新店區,,,,無年齡維度,0.0,男,遷出,桃園市,56
111,12,6,新店區,,,,無年齡維度,0.0,女,遷出,福建省,6
111,12,6,新店區,,,,無年齡維度,0.0,男,遷出,福建省,4
111,12,6,新店區,,,,無年齡維度,0.0,女,遷出,臺中市,14
111,12,6,新店區,,,,無年齡維度,0.0,男,遷出,臺中市,20
111,12,6,新店區,,,,無年齡維度,0.0,女,遷出,臺北市,188
111,12,6,新店區,,,,無年齡維度,0.0,男,遷出,臺北市,172
111,12,6,新店區,,,,無年齡維度,0.0,女,遷出,臺南市,14
111,12,6,新店區,,,,無年齡維度,0.0,男,遷出,臺南市,7
111,12,6,新店區,,,,無年齡維度,0.0,女,遷出,臺灣省,56
111,12,6,新店區,,,,無年齡維度,0.0,男,遷出,臺灣省,60
111,12,6,新店區,,,,無年齡維度,0.0,女,遷出,高雄市,14
111,12,6,新店區,,,,無年齡維度,0.0,男,遷出,高雄市,13
111,12,7,土城區,,,,無年齡維度,0.0,女,遷入,migrants,221
111,12,7,土城區,,,,無年齡維度,0.0,男,遷入,migrants,185
111,12,7,土城區,,,,無年齡維度,0.0,女,遷入,other,0
111,12,7,土城區,,,,無年齡維度,0.0,男,遷入,other,0
111,12,7,土城區,,,,無年齡維度,0.0,女,遷入,其他縣市,0
111,12,7,土城區,,,,無年齡維度,0.0,男,遷入,其他縣市,0
111,12,7,土城區,,,,無年齡維度,0.0,女,遷入,其他鄉鎮,164
111,12,7,土城區,,,,無年齡維度,0.0,男,遷入,其他鄉鎮,135
111,12,7,土城區,,,,無年齡維度,0.0,女,遷入,合計,451
111,12,7,土城區,,,,無年齡維度,0.0,男,遷入,合計,383
111,12,7,土城區,,,,無年齡維度,0.0,女,遷入,國外,152
111,12,7,土城區,,,,無年齡維度,0.0,男,遷入,國外,142
111,12,7,土城區,,,,無年齡維度,0.0,女,遷入,新北市內,0
111,12,7,土城區,,,,無年齡維度,0.0,男,遷入,新北市內,0
111,12,7,土城區,,,,無年齡維度,0.0,女,遷入,桃園市,36
111,12,7,土城區,,,,無年齡維度,0.0,男,遷入,桃園市,24
111,12,7,土城區,,,,無年齡維度,0.0,女,遷入,福建省,3
111,12,7,土城區,,,,無年齡維度,0.0,男,遷入,福建省,2
111,12,7,土城區,,,,無年齡維度,0.0,女,遷入,臺中市,6
111,12,7,土城區,,,,無年齡維度,0.0,男,遷入,臺中市,9
111,12,7,土城區,,,,無年齡維度,0.0,女,遷入,臺北市,35
111,12,7,土城區,,,,無年齡維度,0.0,男,遷入,臺北市,28
111,12,7,土城區,,,,無年齡維度,0.0,女,遷入,臺南市,5
111,12,7,土城區,,,,無年齡維度,0.0,男,遷入,臺南市,3
111,12,7,土城區,,,,無年齡維度,0.0,女,遷入,臺灣省,36
111,12,7,土城區,,,,無年齡維度,0.0,男,遷入,臺灣省,33
111,12,7,土城區,,,,無年齡維度,0.0,女,遷入,高雄市,4
111,12,7,土城區,,,,無年齡維度,0.0,男,遷入,高雄市,2
111,12,7,土城區,,,,無年齡維度,0.0,女,遷出,migrants,221
111,12,7,土城區,,,,無年齡維度,0.0,男,遷出,migrants,185
111,12,7,土城區,,,,無年齡維度,0.0,女,遷出,other,0
111,12,7,土城區,,,,無年齡維度,0.0,男,遷出,other,0
111,12,7,土城區,,,,無年齡維度,0.0,女,遷出,其他縣市,0
111,12,7,土城區,,,,無年齡維度,0.0,男,遷出,其他縣市,0
111,12,7,土城區,,,,無年齡維度,0.0,女,遷出,其他鄉鎮,175
111,12,7,土城區,,,,無年齡維度,0.0,男,遷出,其他鄉鎮,142
111,12,7,土城區,,,,無年齡維度,0.0,女,遷出,合計,351
111,12,7,土城區,,,,無年齡維度,0.0,男,遷出,合計,269
111,12,7,土城區,,,,無年齡維度,0.0,女,遷出,國外,9
111,12,7,土城區,,,,無年齡維度,0.0,男,遷出,國外,11
111,12,7,土城區,,,,無年齡維度,0.0,女,遷出,新北市內,0
111,12,7,土城區,,,,無年齡維度,0.0,男,遷出,新北市內,0
111,12,7,土城區,,,,無年齡維度,0.0,女,遷出,桃園市,77
111,12,7,土城區,,,,無年齡維度,0.0,男,遷出,桃園市,48
111,12,7,土城區,,,,無年齡維度,0.0,女,遷出,福建省,4
111,12,7,土城區,,,,無年齡維度,0.0,男,遷出,福建省,3
111,12,7,土城區,,,,無年齡維度,0.0,女,遷出,臺中市,8
111,12,7,土城區,,,,無年齡維度,0.0,男,遷出,臺中市,6
111,12,7,土城區,,,,無年齡維度,0.0,女,遷出,臺北市,33
111,12,7,土城區,,,,無年齡維度,0.0,男,遷出,臺北市,19
111,12,7,土城區,,,,無年齡維度,0.0,女,遷出,臺南市,4
111,12,7,土城區,,,,無年齡維度,0.0,男,遷出,臺南市,2
111,12,7,土城區,,,,無年齡維度,0.0,女,遷出,臺灣省,35
111,12,7,土城區,,,,無年齡維度,0.0,男,遷出,臺灣省,35
111,12,7,土城區,,,,無年齡維度,0.0,女,遷出,高雄市,6
111,12,7,土城區,,,,無年齡維度,0.0,男,遷出,高雄市,3
111,12,8,蘆洲區,,,,無年齡維度,0.0,女,遷入,migrants,135
111,12,8,蘆洲區,,,,無年齡維度,0.0,男,遷入,migrants,105
111,12,8,蘆洲區,,,,無年齡維度,0.0,女,遷入,other,0
111,12,8,蘆洲區,,,,無年齡維度,0.0,男,遷入,other,0
111,12,8,蘆洲區,,,,無年齡維度,0.0,女,遷入,其他縣市,0
111,12,8,蘆洲區,,,,無年齡維度,0.0,男,遷入,其他縣市,0
111,12,8,蘆洲區,,,,無年齡維度,0.0,女,遷入,其他鄉鎮,49
111,12,8,蘆洲區,,,,無年齡維度,0.0,男,遷入,其他鄉鎮,54
111,12,8,蘆洲區,,,,無年齡維度,0.0,女,遷入,合計,194
111,12,8,蘆洲區,,,,無年齡維度,0.0,男,遷入,合計,175
111,12,8,蘆洲區,,,,無年齡維度,0.0,女,遷入,國外,38
111,12,8,蘆洲區,,,,無年齡維度,0.0,男,遷入,國外,39
111,12,8,蘆洲區,,,,無年齡維度,0.0,女,遷入,新北市內,0
111,12,8,蘆洲區,,,,無年齡維度,0.0,男,遷入,新北市內,0
111,12,8,蘆洲區,,,,無年齡維度,0.0,女,遷入,桃園市,48
111,12,8,蘆洲區,,,,無年齡維度,0.0,男,遷入,桃園市,33
111,12,8,蘆洲區,,,,無年齡維度,0.0,女,遷入,福建省,3
111,12,8,蘆洲區,,,,無年齡維度,0.0,男,遷入,福建省,2
111,12,8,蘆洲區,,,,無年齡維度,0.0,女,遷入,臺中市,4
111,12,8,蘆洲區,,,,無年齡維度,0.0,男,遷入,臺中市,4
111,12,8,蘆洲區,,,,無年齡維度,0.0,女,遷入,臺北市,14
111,12,8,蘆洲區,,,,無年齡維度,0.0,男,遷入,臺北市,21
111,12,8,蘆洲區,,,,無年齡維度,0.0,女,遷入,臺南市,0
111,12,8,蘆洲區,,,,無年齡維度,0.0,男,遷入,臺南市,1
111,12,8,蘆洲區,,,,無年齡維度,0.0,女,遷入,臺灣省,20
111,12,8,蘆洲區,,,,無年齡維度,0.0,男,遷入,臺灣省,13
111,12,8,蘆洲區,,,,無年齡維度,0.0,女,遷入,高雄市,10
111,12,8,蘆洲區,,,,無年齡維度,0.0,男,遷入,高雄市,2
111,12,8,蘆洲區,,,,無年齡維度,0.0,女,遷出,migrants,135
111,12,8,蘆洲區,,,,無年齡維度,0.0,男,遷出,migrants,105
111,12,8,蘆洲區,,,,無年齡維度,0.0,女,遷出,other,0
111,12,8,蘆洲區,,,,無年齡維度,0.0,男,遷出,other,0
111,12,8,蘆洲區,,,,無年齡維度,0.0,女,遷出,其他縣市,0
111,12,8,蘆洲區,,,,無年齡維度,0.0,男,遷出,其他縣市,0
111,12,8,蘆洲區,,,,無年齡維度,0.0,女,遷出,其他鄉鎮,34
111,12,8,蘆洲區,,,,無年齡維度,0.0,男,遷出,其他鄉鎮,27
111,12,8,蘆洲區,,,,無年齡維度,0.0,女,遷出,合計,135
111,12,8,蘆洲區,,,,無年齡維度,0.0,男,遷出,合計,121
111,12,8,蘆洲區,,,,無年齡維度,0.0,女,遷出,國外,7
111,12,8,蘆洲區,,,,無年齡維度,0.0,男,遷出,國外,2
111,12,8,蘆洲區,,,,無年齡維度,0.0,女,遷出,新北市內,0
111,12,8,蘆洲區,,,,無年齡維度,0.0,男,遷出,新北市內,0
111,12,8,蘆洲區,,,,無年齡維度,0.0,女,遷出,桃園市,61
111,12,8,蘆洲區,,,,無年齡維度,0.0,男,遷出,桃園市,61
111,12,8,蘆洲區,,,,無年齡維度,0.0,女,遷出,福建省,2
111,12,8,蘆洲區,,,,無年齡維度,0.0,男,遷出,福建省,0
111,12,8,蘆洲區,,,,無年齡維度,0.0,女,遷出,臺中市,4
111,12,8,蘆洲區,,,,無年齡維度,0.0,男,遷出,臺中市,1
111,12,8,蘆洲區,,,,無年齡維度,0.0,女,遷出,臺北市,7
111,12,8,蘆洲區,,,,無年齡維度,0.0,男,遷出,臺北市,10
111,12,8,蘆洲區,,,,無年齡維度,0.0,女,遷出,臺南市,6
111,12,8,蘆洲區,,,,無年齡維度,0.0,男,遷出,臺南市,3
111,12,8,蘆洲區,,,,無年齡維度,0.0,女,遷出,臺灣省,10
111,12,8,蘆洲區,,,,無年齡維度,0.0,男,遷出,臺灣省,15
111,12,8,蘆洲區,,,,無年齡維度,0.0,女,遷出,高雄市,4
111,12,8,蘆洲區,,,,無年齡維度,0.0,男,遷出,高雄市,2
111,12,9,樹林區,,,,無年齡維度,0.0,女,遷入,migrants,159
111,12,9,樹林區,,,,無年齡維度,0.0,男,遷入,migrants,129
111,12,9,樹林區,,,,無年齡維度,0.0,女,遷入,other,0
111,12,9,樹林區,,,,無年齡維度,0.0,男,遷入,other,0
111,12,9,樹林區,,,,無年齡維度,0.0,女,遷入,其他縣市,0
111,12,9,樹林區,,,,無年齡維度,0.0,男,遷入,其他縣市,0
111,12,9,樹林區,,,,無年齡維度,0.0,女,遷入,其他鄉鎮,97
111,12,9,樹林區,,,,無年齡維度,0.0,男,遷入,其他鄉鎮,74
111,12,9,樹林區,,,,無年齡維度,0.0,女,遷入,合計,278
111,12,9,樹林區,,,,無年齡維度,0.0,男,遷入,合計,241
111,12,9,樹林區,,,,無年齡維度,0.0,女,遷入,國外,77
111,12,9,樹林區,,,,無年齡維度,0.0,男,遷入,國外,80
111,12,9,樹林區,,,,無年齡維度,0.0,女,遷入,新北市內,0
111,12,9,樹林區,,,,無年齡維度,0.0,男,遷入,新北市內,0
111,12,9,樹林區,,,,無年齡維度,0.0,女,遷入,桃園市,23
111,12,9,樹林區,,,,無年齡維度,0.0,男,遷入,桃園市,18
111,12,9,樹林區,,,,無年齡維度,0.0,女,遷入,福建省,3
111,12,9,樹林區,,,,無年齡維度,0.0,男,遷入,福建省,2
111,12,9,樹林區,,,,無年齡維度,0.0,女,遷入,臺中市,8
111,12,9,樹林區,,,,無年齡維度,0.0,男,遷入,臺中市,3
111,12,9,樹林區,,,,無年齡維度,0.0,女,遷入,臺北市,30
111,12,9,樹林區,,,,無年齡維度,0.0,男,遷入,臺北市,15
111,12,9,樹林區,,,,無年齡維度,0.0,女,遷入,臺南市,7
111,12,9,樹林區,,,,無年齡維度,0.0,男,遷入,臺南市,6
111,12,9,樹林區,,,,無年齡維度,0.0,女,遷入,臺灣省,23
111,12,9,樹林區,,,,無年齡維度,0.0,男,遷入,臺灣省,39
111,12,9,樹林區,,,,無年齡維度,0.0,女,遷入,高雄市,3
111,12,9,樹林區,,,,無年齡維度,0.0,男,遷入,高雄市,2
111,12,9,樹林區,,,,無年齡維度,0.0,女,遷出,migrants,159
111,12,9,樹林區,,,,無年齡維度,0.0,男,遷出,migrants,129
111,12,9,樹林區,,,,無年齡維度,0.0,女,遷出,other,0
111,12,9,樹林區,,,,無年齡維度,0.0,男,遷出,other,0
111,12,9,樹林區,,,,無年齡維度,0.0,女,遷出,其他縣市,0
111,12,9,樹林區,,,,無年齡維度,0.0,男,遷出,其他縣市,0
111,12,9,樹林區,,,,無年齡維度,0.0,女,遷出,其他鄉鎮,94
111,12,9,樹林區,,,,無年齡維度,0.0,男,遷出,其他鄉鎮,74
111,12,9,樹林區,,,,無年齡維度,0.0,女,遷出,合計,208
111,12,9,樹林區,,,,無年齡維度,0.0,男,遷出,合計,173
111,12,9,樹林區,,,,無年齡維度,0.0,女,遷出,國外,11
111,12,9,樹林區,,,,無年齡維度,0.0,男,遷出,國外,4
111,12,9,樹林區,,,,無年齡維度,0.0,女,遷出,新北市內,0
111,12,9,樹林區,,,,無年齡維度,0.0,男,遷出,新北市內,0
111,12,9,樹林區,,,,無年齡維度,0.0,女,遷出,桃園市,37
111,12,9,樹林區,,,,無年齡維度,0.0,男,遷出,桃園市,38
111,12,9,樹林區,,,,無年齡維度,0.0,女,遷出,福建省,0
111,12,9,樹林區,,,,無年齡維度,0.0,男,遷出,福建省,0
111,12,9,樹林區,,,,無年齡維度,0.0,女,遷出,臺中市,11
111,12,9,樹林區,,,,無年齡維度,0.0,男,遷出,臺中市,5
111,12,9,樹林區,,,,無年齡維度,0.0,女,遷出,臺北市,30
111,12,9,樹林區,,,,無年齡維度,0.0,男,遷出,臺北市,23
111,12,9,樹林區,,,,無年齡維度,0.0,女,遷出,臺南市,2
111,12,9,樹林區,,,,無年齡維度,0.0,男,遷出,臺南市,2
111,12,9,樹林區,,,,無年齡維度,0.0,女,遷出,臺灣省,19
111,12,9,樹林區,,,,無年齡維度,0.0,男,遷出,臺灣省,26
111,12,9,樹林區,,,,無年齡維度,0.0,女,遷出,高雄市,4
111,12,9,樹林區,,,,無年齡維度,0.0,男,遷出,高雄市,1
111,12,10,鶯歌區,,,,無年齡維度,0.0,女,遷入,migrants,371
111,12,10,鶯歌區,,,,無年齡維度,0.0,男,遷入,migrants,325
111,12,10,鶯歌區,,,,無年齡維度,0.0,女,遷入,other,0
111,12,10,鶯歌區,,,,無年齡維度,0.0,男,遷入,other,0
111,12,10,鶯歌區,,,,無年齡維度,0.0,女,遷入,其他縣市,0
111,12,10,鶯歌區,,,,無年齡維度,0.0,男,遷入,其他縣市,0
111,12,10,鶯歌區,,,,無年齡維度,0.0,女,遷入,其他鄉鎮,155
111,12,10,鶯歌區,,,,無年齡維度,0.0,男,遷入,其他鄉鎮,108
111,12,10,鶯歌區,,,,無年齡維度,0.0,女,遷入,合計,829
111,12,10,鶯歌區,,,,無年齡維度,0.0,男,遷入,合計,624
111,12,10,鶯歌區,,,,無年齡維度,0.0,女,遷入,國外,313
111,12,10,鶯歌區,,,,無年齡維度,0.0,男,遷入,國外,245
111,12,10,鶯歌區,,,,無年齡維度,0.0,女,遷入,新北市內,0
111,12,10,鶯歌區,,,,無年齡維度,0.0,男,遷入,新北市內,0
111,12,10,鶯歌區,,,,無年齡維度,0.0,女,遷入,桃園市,22
111,12,10,鶯歌區,,,,無年齡維度,0.0,男,遷入,桃園市,14
111,12,10,鶯歌區,,,,無年齡維度,0.0,女,遷入,福建省,2
111,12,10,鶯歌區,,,,無年齡維度,0.0,男,遷入,福建省,1
111,12,10,鶯歌區,,,,無年齡維度,0.0,女,遷入,臺中市,11
111,12,10,鶯歌區,,,,無年齡維度,0.0,男,遷入,臺中市,10
111,12,10,鶯歌區,,,,無年齡維度,0.0,女,遷入,臺北市,230
111,12,10,鶯歌區,,,,無年齡維度,0.0,男,遷入,臺北市,181
111,12,10,鶯歌區,,,,無年齡維度,0.0,女,遷入,臺南市,8
111,12,10,鶯歌區,,,,無年齡維度,0.0,男,遷入,臺南市,5
111,12,10,鶯歌區,,,,無年齡維度,0.0,女,遷入,臺灣省,63
111,12,10,鶯歌區,,,,無年齡維度,0.0,男,遷入,臺灣省,39
111,12,10,鶯歌區,,,,無年齡維度,0.0,女,遷入,高雄市,8
111,12,10,鶯歌區,,,,無年齡維度,0.0,男,遷入,高雄市,10
111,12,10,鶯歌區,,,,無年齡維度,0.0,女,遷出,migrants,371
111,12,10,鶯歌區,,,,無年齡維度,0.0,男,遷出,migrants,325
111,12,10,鶯歌區,,,,無年齡維度,0.0,女,遷出,other,0
111,12,10,鶯歌區,,,,無年齡維度,0.0,男,遷出,other,0
111,12,10,鶯歌區,,,,無年齡維度,0.0,女,遷出,其他縣市,0
111,12,10,鶯歌區,,,,無年齡維度,0.0,男,遷出,其他縣市,0
111,12,10,鶯歌區,,,,無年齡維度,0.0,女,遷出,其他鄉鎮,81
111,12,10,鶯歌區,,,,無年齡維度,0.0,男,遷出,其他鄉鎮,76
111,12,10,鶯歌區,,,,無年齡維度,0.0,女,遷出,合計,310
111,12,10,鶯歌區,,,,無年齡維度,0.0,男,遷出,合計,293
111,12,10,鶯歌區,,,,無年齡維度,0.0,女,遷出,國外,22
111,12,10,鶯歌區,,,,無年齡維度,0.0,男,遷出,國外,24
111,12,10,鶯歌區,,,,無年齡維度,0.0,女,遷出,新北市內,0
111,12,10,鶯歌區,,,,無年齡維度,0.0,男,遷出,新北市內,0
111,12,10,鶯歌區,,,,無年齡維度,0.0,女,遷出,桃園市,31
111,12,10,鶯歌區,,,,無年齡維度,0.0,男,遷出,桃園市,23
111,12,10,鶯歌區,,,,無年齡維度,0.0,女,遷出,福建省,1
111,12,10,鶯歌區,,,,無年齡維度,0.0,男,遷出,福建省,7
111,12,10,鶯歌區,,,,無年齡維度,0.0,女,遷出,臺中市,9
111,12,10,鶯歌區,,,,無年齡維度,0.0,男,遷出,臺中市,12
111,12,10,鶯歌區,,,,無年齡維度,0.0,女,遷出,臺北市,122
111,12,10,鶯歌區,,,,無年齡維度,0.0,男,遷出,臺北市,112
111,12,10,鶯歌區,,,,無年齡維度,0.0,女,遷出,臺南市,4
111,12,10,鶯歌區,,,,無年齡維度,0.0,男,遷出,臺南市,2
111,12,10,鶯歌區,,,,無年齡維度,0.0,女,遷出,臺灣省,31
111,12,10,鶯歌區,,,,無年齡維度,0.0,男,遷出,臺灣省,24
111,12,10,鶯歌區,,,,無年齡維度,0.0,女,遷出,高雄市,8
111,12,10,鶯歌區,,,,無年齡維度,0.0,男,遷出,高雄市,11
111,12,11,三峽區,,,,無年齡維度,0.0,女,遷入,migrants,283
111,12,11,三峽區,,,,無年齡維度,0.0,男,遷入,migrants,238
111,12,11,三峽區,,,,無年齡維度,0.0,女,遷入,other,0
111,12,11,三峽區,,,,無年齡維度,0.0,男,遷入,other,0
111,12,11,三峽區,,,,無年齡維度,0.0,女,遷入,其他縣市,0
111,12,11,三峽區,,,,無年齡維度,0.0,男,遷入,其他縣市,0
111,12,11,三峽區,,,,無年齡維度,0.0,女,遷入,其他鄉鎮,68
111,12,11,三峽區,,,,無年齡維度,0.0,男,遷入,其他鄉鎮,55
111,12,11,三峽區,,,,無年齡維度,0.0,女,遷入,合計,722
111,12,11,三峽區,,,,無年齡維度,0.0,男,遷入,合計,607
111,12,11,三峽區,,,,無年齡維度,0.0,女,遷入,國外,271
111,12,11,三峽區,,,,無年齡維度,0.0,男,遷入,國外,201
111,12,11,三峽區,,,,無年齡維度,0.0,女,遷入,新北市內,0
111,12,11,三峽區,,,,無年齡維度,0.0,男,遷入,新北市內,0
111,12,11,三峽區,,,,無年齡維度,0.0,女,遷入,桃園市,13
111,12,11,三峽區,,,,無年齡維度,0.0,男,遷入,桃園市,17
111,12,11,三峽區,,,,無年齡維度,0.0,女,遷入,福建省,2
111,12,11,三峽區,,,,無年齡維度,0.0,男,遷入,福建省,0
111,12,11,三峽區,,,,無年齡維度,0.0,女,遷入,臺中市,15
111,12,11,三峽區,,,,無年齡維度,0.0,男,遷入,臺中市,11
111,12,11,三峽區,,,,無年齡維度,0.0,女,遷入,臺北市,257
111,12,11,三峽區,,,,無年齡維度,0.0,男,遷入,臺北市,255
111,12,11,三峽區,,,,無年齡維度,0.0,女,遷入,臺南市,9
111,12,11,三峽區,,,,無年齡維度,0.0,男,遷入,臺南市,4
111,12,11,三峽區,,,,無年齡維度,0.0,女,遷入,臺灣省,65
111,12,11,三峽區,,,,無年齡維度,0.0,男,遷入,臺灣省,51
111,12,11,三峽區,,,,無年齡維度,0.0,女,遷入,高雄市,6
111,12,11,三峽區,,,,無年齡維度,0.0,男,遷入,高雄市,2
111,12,11,三峽區,,,,無年齡維度,0.0,女,遷出,migrants,283
111,12,11,三峽區,,,,無年齡維度,0.0,男,遷出,migrants,238
111,12,11,三峽區,,,,無年齡維度,0.0,女,遷出,other,0
111,12,11,三峽區,,,,無年齡維度,0.0,男,遷出,other,0
111,12,11,三峽區,,,,無年齡維度,0.0,女,遷出,其他縣市,0
111,12,11,三峽區,,,,無年齡維度,0.0,男,遷出,其他縣市,0
111,12,11,三峽區,,,,無年齡維度,0.0,女,遷出,其他鄉鎮,69
111,12,11,三峽區,,,,無年齡維度,0.0,男,遷出,其他鄉鎮,53
111,12,11,三峽區,,,,無年齡維度,0.0,女,遷出,合計,384
111,12,11,三峽區,,,,無年齡維度,0.0,男,遷出,合計,301
111,12,11,三峽區,,,,無年齡維度,0.0,女,遷出,國外,19
111,12,11,三峽區,,,,無年齡維度,0.0,男,遷出,國外,14
111,12,11,三峽區,,,,無年齡維度,0.0,女,遷出,新北市內,0
111,12,11,三峽區,,,,無年齡維度,0.0,男,遷出,新北市內,0
111,12,11,三峽區,,,,無年齡維度,0.0,女,遷出,桃園市,37
111,12,11,三峽區,,,,無年齡維度,0.0,男,遷出,桃園市,33
111,12,11,三峽區,,,,無年齡維度,0.0,女,遷出,福建省,2
111,12,11,三峽區,,,,無年齡維度,0.0,男,遷出,福建省,1
111,12,11,三峽區,,,,無年齡維度,0.0,女,遷出,臺中市,17
111,12,11,三峽區,,,,無年齡維度,0.0,男,遷出,臺中市,12
111,12,11,三峽區,,,,無年齡維度,0.0,女,遷出,臺北市,164
111,12,11,三峽區,,,,無年齡維度,0.0,男,遷出,臺北市,128
111,12,11,三峽區,,,,無年齡維度,0.0,女,遷出,臺南市,5
111,12,11,三峽區,,,,無年齡維度,0.0,男,遷出,臺南市,2
111,12,11,三峽區,,,,無年齡維度,0.0,女,遷出,臺灣省,63
111,12,11,三峽區,,,,無年齡維度,0.0,男,遷出,臺灣省,47
111,12,11,三峽區,,,,無年齡維度,0.0,女,遷出,高雄市,8
111,12,11,三峽區,,,,無年齡維度,0.0,男,遷出,高雄市,11
111,12,12,淡水區,,,,無年齡維度,0.0,女,遷入,migrants,50
111,12,12,淡水區,,,,無年齡維度,0.0,男,遷入,migrants,39
111,12,12,淡水區,,,,無年齡維度,0.0,女,遷入,other,0
111,12,12,淡水區,,,,無年齡維度,0.0,男,遷入,other,0
111,12,12,淡水區,,,,無年齡維度,0.0,女,遷入,其他縣市,0
111,12,12,淡水區,,,,無年齡維度,0.0,男,遷入,其他縣市,0
111,12,12,淡水區,,,,無年齡維度,0.0,女,遷入,其他鄉鎮,14
111,12,12,淡水區,,,,無年齡維度,0.0,男,遷入,其他鄉鎮,17
111,12,12,淡水區,,,,無年齡維度,0.0,女,遷入,合計,64
111,12,12,淡水區,,,,無年齡維度,0.0,男,遷入,合計,69
111,12,12,淡水區,,,,無年齡維度,0.0,女,遷入,國外,9
111,12,12,淡水區,,,,無年齡維度,0.0,男,遷入,國外,17
111,12,12,淡水區,,,,無年齡維度,0.0,女,遷入,新北市內,0
111,12,12,淡水區,,,,無年齡維度,0.0,男,遷入,新北市內,0
111,12,12,淡水區,,,,無年齡維度,0.0,女,遷入,桃園市,5
111,12,12,淡水區,,,,無年齡維度,0.0,男,遷入,桃園市,1
111,12,12,淡水區,,,,無年齡維度,0.0,女,遷入,福建省,1
111,12,12,淡水區,,,,無年齡維度,0.0,男,遷入,福建省,0
111,12,12,淡水區,,,,無年齡維度,0.0,女,遷入,臺中市,1
111,12,12,淡水區,,,,無年齡維度,0.0,男,遷入,臺中市,4
111,12,12,淡水區,,,,無年齡維度,0.0,女,遷入,臺北市,15
111,12,12,淡水區,,,,無年齡維度,0.0,男,遷入,臺北市,10
111,12,12,淡水區,,,,無年齡維度,0.0,女,遷入,臺南市,1
111,12,12,淡水區,,,,無年齡維度,0.0,男,遷入,臺南市,0
111,12,12,淡水區,,,,無年齡維度,0.0,女,遷入,臺灣省,15
111,12,12,淡水區,,,,無年齡維度,0.0,男,遷入,臺灣省,19
111,12,12,淡水區,,,,無年齡維度,0.0,女,遷入,高雄市,1
111,12,12,淡水區,,,,無年齡維度,0.0,男,遷入,高雄市,1
111,12,12,淡水區,,,,無年齡維度,0.0,女,遷出,migrants,50
111,12,12,淡水區,,,,無年齡維度,0.0,男,遷出,migrants,39
111,12,12,淡水區,,,,無年齡維度,0.0,女,遷出,other,0
111,12,12,淡水區,,,,無年齡維度,0.0,男,遷出,other,0
111,12,12,淡水區,,,,無年齡維度,0.0,女,遷出,其他縣市,0
111,12,12,淡水區,,,,無年齡維度,0.0,男,遷出,其他縣市,0
111,12,12,淡水區,,,,無年齡維度,0.0,女,遷出,其他鄉鎮,15
111,12,12,淡水區,,,,無年齡維度,0.0,男,遷出,其他鄉鎮,17
111,12,12,淡水區,,,,無年齡維度,0.0,女,遷出,合計,58
111,12,12,淡水區,,,,無年齡維度,0.0,男,遷出,合計,54
111,12,12,淡水區,,,,無年齡維度,0.0,女,遷出,國外,1
111,12,12,淡水區,,,,無年齡維度,0.0,男,遷出,國外,0
111,12,12,淡水區,,,,無年齡維度,0.0,女,遷出,新北市內,0
111,12,12,淡水區,,,,無年齡維度,0.0,男,遷出,新北市內,0
111,12,12,淡水區,,,,無年齡維度,0.0,女,遷出,桃園市,5
111,12,12,淡水區,,,,無年齡維度,0.0,男,遷出,桃園市,1
111,12,12,淡水區,,,,無年齡維度,0.0,女,遷出,福建省,0
111,12,12,淡水區,,,,無年齡維度,0.0,男,遷出,福建省,0
111,12,12,淡水區,,,,無年齡維度,0.0,女,遷出,臺中市,0
111,12,12,淡水區,,,,無年齡維度,0.0,男,遷出,臺中市,1
111,12,12,淡水區,,,,無年齡維度,0.0,女,遷出,臺北市,2
111,12,12,淡水區,,,,無年齡維度,0.0,男,遷出,臺北市,3
111,12,12,淡水區,,,,無年齡維度,0.0,女,遷出,臺南市,0
111,12,12,淡水區,,,,無年齡維度,0.0,男,遷出,臺南市,0
111,12,12,淡水區,,,,無年齡維度,0.0,女,遷出,臺灣省,35
111,12,12,淡水區,,,,無年齡維度,0.0,男,遷出,臺灣省,30
111,12,12,淡水區,,,,無年齡維度,0.0,女,遷出,高雄市,0
111,12,12,淡水區,,,,無年齡維度,0.0,男,遷出,高雄市,2
111,12,13,汐止區,,,,無年齡維度,0.0,女,遷入,migrants,382
111,12,13,汐止區,,,,無年齡維度,0.0,男,遷入,migrants,337
111,12,13,汐止區,,,,無年齡維度,0.0,女,遷入,other,0
111,12,13,汐止區,,,,無年齡維度,0.0,男,遷入,other,0
111,12,13,汐止區,,,,無年齡維度,0.0,女,遷入,其他縣市,0
111,12,13,汐止區,,,,無年齡維度,0.0,男,遷入,其他縣市,0
111,12,13,汐止區,,,,無年齡維度,0.0,女,遷入,其他鄉鎮,265
111,12,13,汐止區,,,,無年齡維度,0.0,男,遷入,其他鄉鎮,256
111,12,13,汐止區,,,,無年齡維度,0.0,女,遷入,合計,630
111,12,13,汐止區,,,,無年齡維度,0.0,男,遷入,合計,558
111,12,13,汐止區,,,,無年齡維度,0.0,女,遷入,國外,175
111,12,13,汐止區,,,,無年齡維度,0.0,男,遷入,國外,150
111,12,13,汐止區,,,,無年齡維度,0.0,女,遷入,新北市內,0
111,12,13,汐止區,,,,無年齡維度,0.0,男,遷入,新北市內,0
111,12,13,汐止區,,,,無年齡維度,0.0,女,遷入,桃園市,22
111,12,13,汐止區,,,,無年齡維度,0.0,男,遷入,桃園市,28
111,12,13,汐止區,,,,無年齡維度,0.0,女,遷入,福建省,1
111,12,13,汐止區,,,,無年齡維度,0.0,男,遷入,福建省,2
111,12,13,汐止區,,,,無年齡維度,0.0,女,遷入,臺中市,5
111,12,13,汐止區,,,,無年齡維度,0.0,男,遷入,臺中市,8
111,12,13,汐止區,,,,無年齡維度,0.0,女,遷入,臺北市,62
111,12,13,汐止區,,,,無年齡維度,0.0,男,遷入,臺北市,59
111,12,13,汐止區,,,,無年齡維度,0.0,女,遷入,臺南市,5
111,12,13,汐止區,,,,無年齡維度,0.0,男,遷入,臺南市,3
111,12,13,汐止區,,,,無年齡維度,0.0,女,遷入,臺灣省,67
111,12,13,汐止區,,,,無年齡維度,0.0,男,遷入,臺灣省,43
111,12,13,汐止區,,,,無年齡維度,0.0,女,遷入,高雄市,14
111,12,13,汐止區,,,,無年齡維度,0.0,男,遷入,高雄市,5
111,12,13,汐止區,,,,無年齡維度,0.0,女,遷出,migrants,382
111,12,13,汐止區,,,,無年齡維度,0.0,男,遷出,migrants,337
111,12,13,汐止區,,,,無年齡維度,0.0,女,遷出,other,0
111,12,13,汐止區,,,,無年齡維度,0.0,男,遷出,other,0
111,12,13,汐止區,,,,無年齡維度,0.0,女,遷出,其他縣市,0
111,12,13,汐止區,,,,無年齡維度,0.0,男,遷出,其他縣市,0
111,12,13,汐止區,,,,無年齡維度,0.0,女,遷出,其他鄉鎮,219
111,12,13,汐止區,,,,無年齡維度,0.0,男,遷出,其他鄉鎮,152
111,12,13,汐止區,,,,無年齡維度,0.0,女,遷出,合計,422
111,12,13,汐止區,,,,無年齡維度,0.0,男,遷出,合計,321
111,12,13,汐止區,,,,無年齡維度,0.0,女,遷出,國外,18
111,12,13,汐止區,,,,無年齡維度,0.0,男,遷出,國外,21
111,12,13,汐止區,,,,無年齡維度,0.0,女,遷出,新北市內,0
111,12,13,汐止區,,,,無年齡維度,0.0,男,遷出,新北市內,0
111,12,13,汐止區,,,,無年齡維度,0.0,女,遷出,桃園市,56
111,12,13,汐止區,,,,無年齡維度,0.0,男,遷出,桃園市,45
111,12,13,汐止區,,,,無年齡維度,0.0,女,遷出,福建省,7
111,12,13,汐止區,,,,無年齡維度,0.0,男,遷出,福建省,8
111,12,13,汐止區,,,,無年齡維度,0.0,女,遷出,臺中市,8
111,12,13,汐止區,,,,無年齡維度,0.0,男,遷出,臺中市,15
111,12,13,汐止區,,,,無年齡維度,0.0,女,遷出,臺北市,45
111,12,13,汐止區,,,,無年齡維度,0.0,男,遷出,臺北市,27
111,12,13,汐止區,,,,無年齡維度,0.0,女,遷出,臺南市,10
111,12,13,汐止區,,,,無年齡維度,0.0,男,遷出,臺南市,6
111,12,13,汐止區,,,,無年齡維度,0.0,女,遷出,臺灣省,53
111,12,13,汐止區,,,,無年齡維度,0.0,男,遷出,臺灣省,43
111,12,13,汐止區,,,,無年齡維度,0.0,女,遷出,高雄市,6
111,12,13,汐止區,,,,無年齡維度,0.0,男,遷出,高雄市,4
111,12,14,瑞芳區,,,,無年齡維度,0.0,女,遷入,migrants,264
111,12,14,瑞芳區,,,,無年齡維度,0.0,男,遷入,migrants,229
111,12,14,瑞芳區,,,,無年齡維度,0.0,女,遷入,other,0
111,12,14,瑞芳區,,,,無年齡維度,0.0,男,遷入,other,0
111,12,14,瑞芳區,,,,無年齡維度,0.0,女,遷入,其他縣市,0
111,12,14,瑞芳區,,,,無年齡維度,0.0,男,遷入,其他縣市,0
111,12,14,瑞芳區,,,,無年齡維度,0.0,女,遷入,其他鄉鎮,197
111,12,14,瑞芳區,,,,無年齡維度,0.0,男,遷入,其他鄉鎮,137
111,12,14,瑞芳區,,,,無年齡維度,0.0,女,遷入,合計,544
111,12,14,瑞芳區,,,,無年齡維度,0.0,男,遷入,合計,407
111,12,14,瑞芳區,,,,無年齡維度,0.0,女,遷入,國外,138
111,12,14,瑞芳區,,,,無年齡維度,0.0,男,遷入,國外,103
111,12,14,瑞芳區,,,,無年齡維度,0.0,女,遷入,新北市內,0
111,12,14,瑞芳區,,,,無年齡維度,0.0,男,遷入,新北市內,0
111,12,14,瑞芳區,,,,無年齡維度,0.0,女,遷入,桃園市,12
111,12,14,瑞芳區,,,,無年齡維度,0.0,男,遷入,桃園市,13
111,12,14,瑞芳區,,,,無年齡維度,0.0,女,遷入,福建省,2
111,12,14,瑞芳區,,,,無年齡維度,0.0,男,遷入,福建省,1
111,12,14,瑞芳區,,,,無年齡維度,0.0,女,遷入,臺中市,6
111,12,14,瑞芳區,,,,無年齡維度,0.0,男,遷入,臺中市,12
111,12,14,瑞芳區,,,,無年齡維度,0.0,女,遷入,臺北市,129
111,12,14,瑞芳區,,,,無年齡維度,0.0,男,遷入,臺北市,104
111,12,14,瑞芳區,,,,無年齡維度,0.0,女,遷入,臺南市,5
111,12,14,瑞芳區,,,,無年齡維度,0.0,男,遷入,臺南市,1
111,12,14,瑞芳區,,,,無年齡維度,0.0,女,遷入,臺灣省,37
111,12,14,瑞芳區,,,,無年齡維度,0.0,男,遷入,臺灣省,29
111,12,14,瑞芳區,,,,無年齡維度,0.0,女,遷入,高雄市,7
111,12,14,瑞芳區,,,,無年齡維度,0.0,男,遷入,高雄市,5
111,12,14,瑞芳區,,,,無年齡維度,0.0,女,遷出,migrants,264
111,12,14,瑞芳區,,,,無年齡維度,0.0,男,遷出,migrants,229
111,12,14,瑞芳區,,,,無年齡維度,0.0,女,遷出,other,0
111,12,14,瑞芳區,,,,無年齡維度,0.0,男,遷出,other,0
111,12,14,瑞芳區,,,,無年齡維度,0.0,女,遷出,其他縣市,0
111,12,14,瑞芳區,,,,無年齡維度,0.0,男,遷出,其他縣市,0
111,12,14,瑞芳區,,,,無年齡維度,0.0,女,遷出,其他鄉鎮,235
111,12,14,瑞芳區,,,,無年齡維度,0.0,男,遷出,其他鄉鎮,148
111,12,14,瑞芳區,,,,無年齡維度,0.0,女,遷出,合計,412
111,12,14,瑞芳區,,,,無年齡維度,0.0,男,遷出,合計,336
111,12,14,瑞芳區,,,,無年齡維度,0.0,女,遷出,國外,10
111,12,14,瑞芳區,,,,無年齡維度,0.0,男,遷出,國外,7
111,12,14,瑞芳區,,,,無年齡維度,0.0,女,遷出,新北市內,0
111,12,14,瑞芳區,,,,無年齡維度,0.0,男,遷出,新北市內,0
111,12,14,瑞芳區,,,,無年齡維度,0.0,女,遷出,桃園市,29
111,12,14,瑞芳區,,,,無年齡維度,0.0,男,遷出,桃園市,31
111,12,14,瑞芳區,,,,無年齡維度,0.0,女,遷出,福建省,0
111,12,14,瑞芳區,,,,無年齡維度,0.0,男,遷出,福建省,0
111,12,14,瑞芳區,,,,無年齡維度,0.0,女,遷出,臺中市,12
111,12,14,瑞芳區,,,,無年齡維度,0.0,男,遷出,臺中市,17
111,12,14,瑞芳區,,,,無年齡維度,0.0,女,遷出,臺北市,82
111,12,14,瑞芳區,,,,無年齡維度,0.0,男,遷出,臺北市,80
111,12,14,瑞芳區,,,,無年齡維度,0.0,女,遷出,臺南市,4
111,12,14,瑞芳區,,,,無年齡維度,0.0,男,遷出,臺南市,3
111,12,14,瑞芳區,,,,無年齡維度,0.0,女,遷出,臺灣省,38
111,12,14,瑞芳區,,,,無年齡維度,0.0,男,遷出,臺灣省,48
111,12,14,瑞芳區,,,,無年齡維度,0.0,女,遷出,高雄市,2
111,12,14,瑞芳區,,,,無年齡維度,0.0,男,遷出,高雄市,2
111,12,15,五股區,,,,無年齡維度,0.0,女,遷入,migrants,122
111,12,15,五股區,,,,無年齡維度,0.0,男,遷入,migrants,106
111,12,15,五股區,,,,無年齡維度,0.0,女,遷入,other,0
111,12,15,五股區,,,,無年齡維度,0.0,男,遷入,other,0
111,12,15,五股區,,,,無年齡維度,0.0,女,遷入,其他縣市,0
111,12,15,五股區,,,,無年齡維度,0.0,男,遷入,其他縣市,0
111,12,15,五股區,,,,無年齡維度,0.0,女,遷入,其他鄉鎮,133
111,12,15,五股區,,,,無年齡維度,0.0,男,遷入,其他鄉鎮,117
111,12,15,五股區,,,,無年齡維度,0.0,女,遷入,合計,287
111,12,15,五股區,,,,無年齡維度,0.0,男,遷入,合計,254
111,12,15,五股區,,,,無年齡維度,0.0,女,遷入,國外,55
111,12,15,五股區,,,,無年齡維度,0.0,男,遷入,國外,56
111,12,15,五股區,,,,無年齡維度,0.0,女,遷入,新北市內,0
111,12,15,五股區,,,,無年齡維度,0.0,男,遷入,新北市內,0
111,12,15,五股區,,,,無年齡維度,0.0,女,遷入,桃園市,13
111,12,15,五股區,,,,無年齡維度,0.0,男,遷入,桃園市,10
111,12,15,五股區,,,,無年齡維度,0.0,女,遷入,福建省,0
111,12,15,五股區,,,,無年齡維度,0.0,男,遷入,福建省,1
111,12,15,五股區,,,,無年齡維度,0.0,女,遷入,臺中市,10
111,12,15,五股區,,,,無年齡維度,0.0,男,遷入,臺中市,7
111,12,15,五股區,,,,無年齡維度,0.0,女,遷入,臺北市,36
111,12,15,五股區,,,,無年齡維度,0.0,男,遷入,臺北市,35
111,12,15,五股區,,,,無年齡維度,0.0,女,遷入,臺南市,1
111,12,15,五股區,,,,無年齡維度,0.0,男,遷入,臺南市,1
111,12,15,五股區,,,,無年齡維度,0.0,女,遷入,臺灣省,34
111,12,15,五股區,,,,無年齡維度,0.0,男,遷入,臺灣省,24
111,12,15,五股區,,,,無年齡維度,0.0,女,遷入,高雄市,3
111,12,15,五股區,,,,無年齡維度,0.0,男,遷入,高雄市,2
111,12,15,五股區,,,,無年齡維度,0.0,女,遷出,migrants,122
111,12,15,五股區,,,,無年齡維度,0.0,男,遷出,migrants,106
111,12,15,五股區,,,,無年齡維度,0.0,女,遷出,other,0
111,12,15,五股區,,,,無年齡維度,0.0,男,遷出,other,0
111,12,15,五股區,,,,無年齡維度,0.0,女,遷出,其他縣市,0
111,12,15,五股區,,,,無年齡維度,0.0,男,遷出,其他縣市,0
111,12,15,五股區,,,,無年齡維度,0.0,女,遷出,其他鄉鎮,125
111,12,15,五股區,,,,無年齡維度,0.0,男,遷出,其他鄉鎮,92
111,12,15,五股區,,,,無年齡維度,0.0,女,遷出,合計,187
111,12,15,五股區,,,,無年齡維度,0.0,男,遷出,合計,151
111,12,15,五股區,,,,無年齡維度,0.0,女,遷出,國外,4
111,12,15,五股區,,,,無年齡維度,0.0,男,遷出,國外,1
111,12,15,五股區,,,,無年齡維度,0.0,女,遷出,新北市內,0
111,12,15,五股區,,,,無年齡維度,0.0,男,遷出,新北市內,0
111,12,15,五股區,,,,無年齡維度,0.0,女,遷出,桃園市,18
111,12,15,五股區,,,,無年齡維度,0.0,男,遷出,桃園市,15
111,12,15,五股區,,,,無年齡維度,0.0,女,遷出,福建省,0
111,12,15,五股區,,,,無年齡維度,0.0,男,遷出,福建省,1
111,12,15,五股區,,,,無年齡維度,0.0,女,遷出,臺中市,3
111,12,15,五股區,,,,無年齡維度,0.0,男,遷出,臺中市,6
111,12,15,五股區,,,,無年齡維度,0.0,女,遷出,臺北市,19
111,12,15,五股區,,,,無年齡維度,0.0,男,遷出,臺北市,14
111,12,15,五股區,,,,無年齡維度,0.0,女,遷出,臺南市,3
111,12,15,五股區,,,,無年齡維度,0.0,男,遷出,臺南市,0
111,12,15,五股區,,,,無年齡維度,0.0,女,遷出,臺灣省,13
111,12,15,五股區,,,,無年齡維度,0.0,男,遷出,臺灣省,20
111,12,15,五股區,,,,無年齡維度,0.0,女,遷出,高雄市,2
111,12,15,五股區,,,,無年齡維度,0.0,男,遷出,高雄市,2
111,12,16,泰山區,,,,無年齡維度,0.0,女,遷入,migrants,83
111,12,16,泰山區,,,,無年齡維度,0.0,男,遷入,migrants,82
111,12,16,泰山區,,,,無年齡維度,0.0,女,遷入,other,0
111,12,16,泰山區,,,,無年齡維度,0.0,男,遷入,other,0
111,12,16,泰山區,,,,無年齡維度,0.0,女,遷入,其他縣市,0
111,12,16,泰山區,,,,無年齡維度,0.0,男,遷入,其他縣市,0
111,12,16,泰山區,,,,無年齡維度,0.0,女,遷入,其他鄉鎮,110
111,12,16,泰山區,,,,無年齡維度,0.0,男,遷入,其他鄉鎮,88
111,12,16,泰山區,,,,無年齡維度,0.0,女,遷入,合計,216
111,12,16,泰山區,,,,無年齡維度,0.0,男,遷入,合計,194
111,12,16,泰山區,,,,無年齡維度,0.0,女,遷入,國外,48
111,12,16,泰山區,,,,無年齡維度,0.0,男,遷入,國外,34
111,12,16,泰山區,,,,無年齡維度,0.0,女,遷入,新北市內,0
111,12,16,泰山區,,,,無年齡維度,0.0,男,遷入,新北市內,0
111,12,16,泰山區,,,,無年齡維度,0.0,女,遷入,桃園市,12
111,12,16,泰山區,,,,無年齡維度,0.0,男,遷入,桃園市,12
111,12,16,泰山區,,,,無年齡維度,0.0,女,遷入,福建省,0
111,12,16,泰山區,,,,無年齡維度,0.0,男,遷入,福建省,2
111,12,16,泰山區,,,,無年齡維度,0.0,女,遷入,臺中市,2
111,12,16,泰山區,,,,無年齡維度,0.0,男,遷入,臺中市,5
111,12,16,泰山區,,,,無年齡維度,0.0,女,遷入,臺北市,24
111,12,16,泰山區,,,,無年齡維度,0.0,男,遷入,臺北市,20
111,12,16,泰山區,,,,無年齡維度,0.0,女,遷入,臺南市,2
111,12,16,泰山區,,,,無年齡維度,0.0,男,遷入,臺南市,2
111,12,16,泰山區,,,,無年齡維度,0.0,女,遷入,臺灣省,13
111,12,16,泰山區,,,,無年齡維度,0.0,男,遷入,臺灣省,23
111,12,16,泰山區,,,,無年齡維度,0.0,女,遷入,高雄市,1
111,12,16,泰山區,,,,無年齡維度,0.0,男,遷入,高雄市,4
111,12,16,泰山區,,,,無年齡維度,0.0,女,遷出,migrants,83
111,12,16,泰山區,,,,無年齡維度,0.0,男,遷出,migrants,82
111,12,16,泰山區,,,,無年齡維度,0.0,女,遷出,other,0
111,12,16,泰山區,,,,無年齡維度,0.0,男,遷出,other,0
111,12,16,泰山區,,,,無年齡維度,0.0,女,遷出,其他縣市,0
111,12,16,泰山區,,,,無年齡維度,0.0,男,遷出,其他縣市,0
111,12,16,泰山區,,,,無年齡維度,0.0,女,遷出,其他鄉鎮,83
111,12,16,泰山區,,,,無年齡維度,0.0,男,遷出,其他鄉鎮,65
111,12,16,泰山區,,,,無年齡維度,0.0,女,遷出,合計,147
111,12,16,泰山區,,,,無年齡維度,0.0,男,遷出,合計,146
111,12,16,泰山區,,,,無年齡維度,0.0,女,遷出,國外,2
111,12,16,泰山區,,,,無年齡維度,0.0,男,遷出,國外,2
111,12,16,泰山區,,,,無年齡維度,0.0,女,遷出,新北市內,0
111,12,16,泰山區,,,,無年齡維度,0.0,男,遷出,新北市內,0
111,12,16,泰山區,,,,無年齡維度,0.0,女,遷出,桃園市,22
111,12,16,泰山區,,,,無年齡維度,0.0,男,遷出,桃園市,36
111,12,16,泰山區,,,,無年齡維度,0.0,女,遷出,福建省,0
111,12,16,泰山區,,,,無年齡維度,0.0,男,遷出,福建省,2
111,12,16,泰山區,,,,無年齡維度,0.0,女,遷出,臺中市,5
111,12,16,泰山區,,,,無年齡維度,0.0,男,遷出,臺中市,3
111,12,16,泰山區,,,,無年齡維度,0.0,女,遷出,臺北市,16
111,12,16,泰山區,,,,無年齡維度,0.0,男,遷出,臺北市,12
111,12,16,泰山區,,,,無年齡維度,0.0,女,遷出,臺南市,2
111,12,16,泰山區,,,,無年齡維度,0.0,男,遷出,臺南市,0
111,12,16,泰山區,,,,無年齡維度,0.0,女,遷出,臺灣省,13
111,12,16,泰山區,,,,無年齡維度,0.0,男,遷出,臺灣省,20
111,12,16,泰山區,,,,無年齡維度,0.0,女,遷出,高雄市,4
111,12,16,泰山區,,,,無年齡維度,0.0,男,遷出,高雄市,6
111,12,17,林口區,,,,無年齡維度,0.0,女,遷入,migrants,235
111,12,17,林口區,,,,無年齡維度,0.0,男,遷入,migrants,229
111,12,17,林口區,,,,無年齡維度,0.0,女,遷入,other,0
111,12,17,林口區,,,,無年齡維度,0.0,男,遷入,other,0
111,12,17,林口區,,,,無年齡維度,0.0,女,遷入,其他縣市,0
111,12,17,林口區,,,,無年齡維度,0.0,男,遷入,其他縣市,0
111,12,17,林口區,,,,無年齡維度,0.0,女,遷入,其他鄉鎮,109
111,12,17,林口區,,,,無年齡維度,0.0,男,遷入,其他鄉鎮,87
111,12,17,林口區,,,,無年齡維度,0.0,女,遷入,合計,606
111,12,17,林口區,,,,無年齡維度,0.0,男,遷入,合計,506
111,12,17,林口區,,,,無年齡維度,0.0,女,遷入,國外,200
111,12,17,林口區,,,,無年齡維度,0.0,男,遷入,國外,159
111,12,17,林口區,,,,無年齡維度,0.0,女,遷入,新北市內,0
111,12,17,林口區,,,,無年齡維度,0.0,男,遷入,新北市內,0
111,12,17,林口區,,,,無年齡維度,0.0,女,遷入,桃園市,106
111,12,17,林口區,,,,無年齡維度,0.0,男,遷入,桃園市,94
111,12,17,林口區,,,,無年齡維度,0.0,女,遷入,福建省,0
111,12,17,林口區,,,,無年齡維度,0.0,男,遷入,福建省,1
111,12,17,林口區,,,,無年齡維度,0.0,女,遷入,臺中市,9
111,12,17,林口區,,,,無年齡維度,0.0,男,遷入,臺中市,9
111,12,17,林口區,,,,無年齡維度,0.0,女,遷入,臺北市,118
111,12,17,林口區,,,,無年齡維度,0.0,男,遷入,臺北市,99
111,12,17,林口區,,,,無年齡維度,0.0,女,遷入,臺南市,5
111,12,17,林口區,,,,無年齡維度,0.0,男,遷入,臺南市,6
111,12,17,林口區,,,,無年齡維度,0.0,女,遷入,臺灣省,36
111,12,17,林口區,,,,無年齡維度,0.0,男,遷入,臺灣省,34
111,12,17,林口區,,,,無年齡維度,0.0,女,遷入,高雄市,10
111,12,17,林口區,,,,無年齡維度,0.0,男,遷入,高雄市,8
111,12,17,林口區,,,,無年齡維度,0.0,女,遷出,migrants,235
111,12,17,林口區,,,,無年齡維度,0.0,男,遷出,migrants,229
111,12,17,林口區,,,,無年齡維度,0.0,女,遷出,other,0
111,12,17,林口區,,,,無年齡維度,0.0,男,遷出,other,0
111,12,17,林口區,,,,無年齡維度,0.0,女,遷出,其他縣市,0
111,12,17,林口區,,,,無年齡維度,0.0,男,遷出,其他縣市,0
111,12,17,林口區,,,,無年齡維度,0.0,女,遷出,其他鄉鎮,70
111,12,17,林口區,,,,無年齡維度,0.0,男,遷出,其他鄉鎮,43
111,12,17,林口區,,,,無年齡維度,0.0,女,遷出,合計,275
111,12,17,林口區,,,,無年齡維度,0.0,男,遷出,合計,203
111,12,17,林口區,,,,無年齡維度,0.0,女,遷出,國外,11
111,12,17,林口區,,,,無年齡維度,0.0,男,遷出,國外,15
111,12,17,林口區,,,,無年齡維度,0.0,女,遷出,新北市內,0
111,12,17,林口區,,,,無年齡維度,0.0,男,遷出,新北市內,0
111,12,17,林口區,,,,無年齡維度,0.0,女,遷出,桃園市,66
111,12,17,林口區,,,,無年齡維度,0.0,男,遷出,桃園市,49
111,12,17,林口區,,,,無年齡維度,0.0,女,遷出,福建省,2
111,12,17,林口區,,,,無年齡維度,0.0,男,遷出,福建省,1
111,12,17,林口區,,,,無年齡維度,0.0,女,遷出,臺中市,6
111,12,17,林口區,,,,無年齡維度,0.0,男,遷出,臺中市,7
111,12,17,林口區,,,,無年齡維度,0.0,女,遷出,臺北市,64
111,12,17,林口區,,,,無年齡維度,0.0,男,遷出,臺北市,48
111,12,17,林口區,,,,無年齡維度,0.0,女,遷出,臺南市,8
111,12,17,林口區,,,,無年齡維度,0.0,男,遷出,臺南市,0
111,12,17,林口區,,,,無年齡維度,0.0,女,遷出,臺灣省,41
111,12,17,林口區,,,,無年齡維度,0.0,男,遷出,臺灣省,36
111,12,17,林口區,,,,無年齡維度,0.0,女,遷出,高雄市,7
111,12,17,林口區,,,,無年齡維度,0.0,男,遷出,高雄市,4
111,12,18,八里區,,,,無年齡維度,0.0,女,遷入,migrants,27
111,12,18,八里區,,,,無年齡維度,0.0,男,遷入,migrants,21
111,12,18,八里區,,,,無年齡維度,0.0,女,遷入,other,0
111,12,18,八里區,,,,無年齡維度,0.0,男,遷入,other,0
111,12,18,八里區,,,,無年齡維度,0.0,女,遷入,其他縣市,0
111,12,18,八里區,,,,無年齡維度,0.0,男,遷入,其他縣市,0
111,12,18,八里區,,,,無年齡維度,0.0,女,遷入,其他鄉鎮,11
111,12,18,八里區,,,,無年齡維度,0.0,男,遷入,其他鄉鎮,11
111,12,18,八里區,,,,無年齡維度,0.0,女,遷入,合計,55
111,12,18,八里區,,,,無年齡維度,0.0,男,遷入,合計,53
111,12,18,八里區,,,,無年齡維度,0.0,女,遷入,國外,25
111,12,18,八里區,,,,無年齡維度,0.0,男,遷入,國外,21
111,12,18,八里區,,,,無年齡維度,0.0,女,遷入,新北市內,0
111,12,18,八里區,,,,無年齡維度,0.0,男,遷入,新北市內,0
111,12,18,八里區,,,,無年齡維度,0.0,女,遷入,桃園市,1
111,12,18,八里區,,,,無年齡維度,0.0,男,遷入,桃園市,4
111,12,18,八里區,,,,無年齡維度,0.0,女,遷入,福建省,0
111,12,18,八里區,,,,無年齡維度,0.0,男,遷入,福建省,0
111,12,18,八里區,,,,無年齡維度,0.0,女,遷入,臺中市,1
111,12,18,八里區,,,,無年齡維度,0.0,男,遷入,臺中市,1
111,12,18,八里區,,,,無年齡維度,0.0,女,遷入,臺北市,12
111,12,18,八里區,,,,無年齡維度,0.0,男,遷入,臺北市,12
111,12,18,八里區,,,,無年齡維度,0.0,女,遷入,臺南市,1
111,12,18,八里區,,,,無年齡維度,0.0,男,遷入,臺南市,0
111,12,18,八里區,,,,無年齡維度,0.0,女,遷入,臺灣省,3
111,12,18,八里區,,,,無年齡維度,0.0,男,遷入,臺灣省,4
111,12,18,八里區,,,,無年齡維度,0.0,女,遷入,高雄市,0
111,12,18,八里區,,,,無年齡維度,0.0,男,遷入,高雄市,0
111,12,18,八里區,,,,無年齡維度,0.0,女,遷出,migrants,27
111,12,18,八里區,,,,無年齡維度,0.0,男,遷出,migrants,21
111,12,18,八里區,,,,無年齡維度,0.0,女,遷出,other,0
111,12,18,八里區,,,,無年齡維度,0.0,男,遷出,other,0
111,12,18,八里區,,,,無年齡維度,0.0,女,遷出,其他縣市,0
111,12,18,八里區,,,,無年齡維度,0.0,男,遷出,其他縣市,0
111,12,18,八里區,,,,無年齡維度,0.0,女,遷出,其他鄉鎮,10
111,12,18,八里區,,,,無年齡維度,0.0,男,遷出,其他鄉鎮,10
111,12,18,八里區,,,,無年齡維度,0.0,女,遷出,合計,34
111,12,18,八里區,,,,無年齡維度,0.0,男,遷出,合計,46
111,12,18,八里區,,,,無年齡維度,0.0,女,遷出,國外,5
111,12,18,八里區,,,,無年齡維度,0.0,男,遷出,國外,7
111,12,18,八里區,,,,無年齡維度,0.0,女,遷出,新北市內,0
111,12,18,八里區,,,,無年齡維度,0.0,男,遷出,新北市內,0
111,12,18,八里區,,,,無年齡維度,0.0,女,遷出,桃園市,1
111,12,18,八里區,,,,無年齡維度,0.0,男,遷出,桃園市,2
111,12,18,八里區,,,,無年齡維度,0.0,女,遷出,福建省,0
111,12,18,八里區,,,,無年齡維度,0.0,男,遷出,福建省,0
111,12,18,八里區,,,,無年齡維度,0.0,女,遷出,臺中市,2
111,12,18,八里區,,,,無年齡維度,0.0,男,遷出,臺中市,2
111,12,18,八里區,,,,無年齡維度,0.0,女,遷出,臺北市,8
111,12,18,八里區,,,,無年齡維度,0.0,男,遷出,臺北市,14
111,12,18,八里區,,,,無年齡維度,0.0,女,遷出,臺南市,0
111,12,18,八里區,,,,無年齡維度,0.0,男,遷出,臺南市,2
111,12,18,八里區,,,,無年齡維度,0.0,女,遷出,臺灣省,8
111,12,18,八里區,,,,無年齡維度,0.0,男,遷出,臺灣省,7
111,12,18,八里區,,,,無年齡維度,0.0,女,遷出,高雄市,0
111,12,18,八里區,,,,無年齡維度,0.0,男,遷出,高雄市,2
111,12,19,深坑區,,,,無年齡維度,0.0,女,遷入,migrants,2
111,12,19,深坑區,,,,無年齡維度,0.0,男,遷入,migrants,5
111,12,19,深坑區,,,,無年齡維度,0.0,女,遷入,other,0
111,12,19,深坑區,,,,無年齡維度,0.0,男,遷入,other,0
111,12,19,深坑區,,,,無年齡維度,0.0,女,遷入,其他縣市,0
111,12,19,深坑區,,,,無年齡維度,0.0,男,遷入,其他縣市,0
111,12,19,深坑區,,,,無年齡維度,0.0,女,遷入,其他鄉鎮,9
111,12,19,深坑區,,,,無年齡維度,0.0,男,遷入,其他鄉鎮,6
111,12,19,深坑區,,,,無年齡維度,0.0,女,遷入,合計,15
111,12,19,深坑區,,,,無年齡維度,0.0,男,遷入,合計,11
111,12,19,深坑區,,,,無年齡維度,0.0,女,遷入,國外,3
111,12,19,深坑區,,,,無年齡維度,0.0,男,遷入,國外,3
111,12,19,深坑區,,,,無年齡維度,0.0,女,遷入,新北市內,0
111,12,19,深坑區,,,,無年齡維度,0.0,男,遷入,新北市內,0
111,12,19,深坑區,,,,無年齡維度,0.0,女,遷入,桃園市,0
111,12,19,深坑區,,,,無年齡維度,0.0,男,遷入,桃園市,0
111,12,19,深坑區,,,,無年齡維度,0.0,女,遷入,福建省,0
111,12,19,深坑區,,,,無年齡維度,0.0,男,遷入,福建省,0
111,12,19,深坑區,,,,無年齡維度,0.0,女,遷入,臺中市,0
111,12,19,深坑區,,,,無年齡維度,0.0,男,遷入,臺中市,0
111,12,19,深坑區,,,,無年齡維度,0.0,女,遷入,臺北市,1
111,12,19,深坑區,,,,無年齡維度,0.0,男,遷入,臺北市,1
111,12,19,深坑區,,,,無年齡維度,0.0,女,遷入,臺南市,0
111,12,19,深坑區,,,,無年齡維度,0.0,男,遷入,臺南市,0
111,12,19,深坑區,,,,無年齡維度,0.0,女,遷入,臺灣省,2
111,12,19,深坑區,,,,無年齡維度,0.0,男,遷入,臺灣省,1
111,12,19,深坑區,,,,無年齡維度,0.0,女,遷入,高雄市,0
111,12,19,深坑區,,,,無年齡維度,0.0,男,遷入,高雄市,0
111,12,19,深坑區,,,,無年齡維度,0.0,女,遷出,migrants,2
111,12,19,深坑區,,,,無年齡維度,0.0,男,遷出,migrants,5
111,12,19,深坑區,,,,無年齡維度,0.0,女,遷出,other,0
111,12,19,深坑區,,,,無年齡維度,0.0,男,遷出,other,0
111,12,19,深坑區,,,,無年齡維度,0.0,女,遷出,其他縣市,0
111,12,19,深坑區,,,,無年齡維度,0.0,男,遷出,其他縣市,0
111,12,19,深坑區,,,,無年齡維度,0.0,女,遷出,其他鄉鎮,7
111,12,19,深坑區,,,,無年齡維度,0.0,男,遷出,其他鄉鎮,8
111,12,19,深坑區,,,,無年齡維度,0.0,女,遷出,合計,13
111,12,19,深坑區,,,,無年齡維度,0.0,男,遷出,合計,10
111,12,19,深坑區,,,,無年齡維度,0.0,女,遷出,國外,0
111,12,19,深坑區,,,,無年齡維度,0.0,男,遷出,國外,0
111,12,19,深坑區,,,,無年齡維度,0.0,女,遷出,新北市內,0
111,12,19,深坑區,,,,無年齡維度,0.0,男,遷出,新北市內,0
111,12,19,深坑區,,,,無年齡維度,0.0,女,遷出,桃園市,1
111,12,19,深坑區,,,,無年齡維度,0.0,男,遷出,桃園市,0
111,12,19,深坑區,,,,無年齡維度,0.0,女,遷出,福建省,1
111,12,19,深坑區,,,,無年齡維度,0.0,男,遷出,福建省,1
111,12,19,深坑區,,,,無年齡維度,0.0,女,遷出,臺中市,0
111,12,19,深坑區,,,,無年齡維度,0.0,男,遷出,臺中市,0
111,12,19,深坑區,,,,無年齡維度,0.0,女,遷出,臺北市,3
111,12,19,深坑區,,,,無年齡維度,0.0,男,遷出,臺北市,0
111,12,19,深坑區,,,,無年齡維度,0.0,女,遷出,臺南市,0
111,12,19,深坑區,,,,無年齡維度,0.0,男,遷出,臺南市,0
111,12,19,深坑區,,,,無年齡維度,0.0,女,遷出,臺灣省,1
111,12,19,深坑區,,,,無年齡維度,0.0,男,遷出,臺灣省,1
111,12,19,深坑區,,,,無年齡維度,0.0,女,遷出,高雄市,0
111,12,19,深坑區,,,,無年齡維度,0.0,男,遷出,高雄市,0
111,12,20,石碇區,,,,無年齡維度,0.0,女,遷入,migrants,2
111,12,20,石碇區,,,,無年齡維度,0.0,男,遷入,migrants,2
111,12,20,石碇區,,,,無年齡維度,0.0,女,遷入,other,0
111,12,20,石碇區,,,,無年齡維度,0.0,男,遷入,other,0
111,12,20,石碇區,,,,無年齡維度,0.0,女,遷入,其他縣市,0
111,12,20,石碇區,,,,無年齡維度,0.0,男,遷入,其他縣市,0
111,12,20,石碇區,,,,無年齡維度,0.0,女,遷入,其他鄉鎮,4
111,12,20,石碇區,,,,無年齡維度,0.0,男,遷入,其他鄉鎮,4
111,12,20,石碇區,,,,無年齡維度,0.0,女,遷入,合計,10
111,12,20,石碇區,,,,無年齡維度,0.0,男,遷入,合計,11
111,12,20,石碇區,,,,無年齡維度,0.0,女,遷入,國外,4
111,12,20,石碇區,,,,無年齡維度,0.0,男,遷入,國外,3
111,12,20,石碇區,,,,無年齡維度,0.0,女,遷入,新北市內,0
111,12,20,石碇區,,,,無年齡維度,0.0,男,遷入,新北市內,0
111,12,20,石碇區,,,,無年齡維度,0.0,女,遷入,桃園市,0
111,12,20,石碇區,,,,無年齡維度,0.0,男,遷入,桃園市,0
111,12,20,石碇區,,,,無年齡維度,0.0,女,遷入,福建省,0
111,12,20,石碇區,,,,無年齡維度,0.0,男,遷入,福建省,0
111,12,20,石碇區,,,,無年齡維度,0.0,女,遷入,臺中市,0
111,12,20,石碇區,,,,無年齡維度,0.0,男,遷入,臺中市,0
111,12,20,石碇區,,,,無年齡維度,0.0,女,遷入,臺北市,2
111,12,20,石碇區,,,,無年齡維度,0.0,男,遷入,臺北市,4
111,12,20,石碇區,,,,無年齡維度,0.0,女,遷入,臺南市,0
111,12,20,石碇區,,,,無年齡維度,0.0,男,遷入,臺南市,0
111,12,20,石碇區,,,,無年齡維度,0.0,女,遷入,臺灣省,0
111,12,20,石碇區,,,,無年齡維度,0.0,男,遷入,臺灣省,0
111,12,20,石碇區,,,,無年齡維度,0.0,女,遷入,高雄市,0
111,12,20,石碇區,,,,無年齡維度,0.0,男,遷入,高雄市,0
111,12,20,石碇區,,,,無年齡維度,0.0,女,遷出,migrants,2
111,12,20,石碇區,,,,無年齡維度,0.0,男,遷出,migrants,2
111,12,20,石碇區,,,,無年齡維度,0.0,女,遷出,other,0
111,12,20,石碇區,,,,無年齡維度,0.0,男,遷出,other,0
111,12,20,石碇區,,,,無年齡維度,0.0,女,遷出,其他縣市,0
111,12,20,石碇區,,,,無年齡維度,0.0,男,遷出,其他縣市,0
111,12,20,石碇區,,,,無年齡維度,0.0,女,遷出,其他鄉鎮,2
111,12,20,石碇區,,,,無年齡維度,0.0,男,遷出,其他鄉鎮,3
111,12,20,石碇區,,,,無年齡維度,0.0,女,遷出,合計,10
111,12,20,石碇區,,,,無年齡維度,0.0,男,遷出,合計,9
111,12,20,石碇區,,,,無年齡維度,0.0,女,遷出,國外,0
111,12,20,石碇區,,,,無年齡維度,0.0,男,遷出,國外,0
111,12,20,石碇區,,,,無年齡維度,0.0,女,遷出,新北市內,0
111,12,20,石碇區,,,,無年齡維度,0.0,男,遷出,新北市內,0
111,12,20,石碇區,,,,無年齡維度,0.0,女,遷出,桃園市,3
111,12,20,石碇區,,,,無年齡維度,0.0,男,遷出,桃園市,0
111,12,20,石碇區,,,,無年齡維度,0.0,女,遷出,福建省,0
111,12,20,石碇區,,,,無年齡維度,0.0,男,遷出,福建省,0
111,12,20,石碇區,,,,無年齡維度,0.0,女,遷出,臺中市,0
111,12,20,石碇區,,,,無年齡維度,0.0,男,遷出,臺中市,0
111,12,20,石碇區,,,,無年齡維度,0.0,女,遷出,臺北市,1
111,12,20,石碇區,,,,無年齡維度,0.0,男,遷出,臺北市,2
111,12,20,石碇區,,,,無年齡維度,0.0,女,遷出,臺南市,1
111,12,20,石碇區,,,,無年齡維度,0.0,男,遷出,臺南市,0
111,12,20,石碇區,,,,無年齡維度,0.0,女,遷出,臺灣省,2
111,12,20,石碇區,,,,無年齡維度,0.0,男,遷出,臺灣省,3
111,12,20,石碇區,,,,無年齡維度,0.0,女,遷出,高雄市,1
111,12,20,石碇區,,,,無年齡維度,0.0,男,遷出,高雄市,1
111,12,21,坪林區,,,,無年齡維度,0.0,女,遷入,migrants,16
111,12,21,坪林區,,,,無年齡維度,0.0,男,遷入,migrants,21
111,12,21,坪林區,,,,無年齡維度,0.0,女,遷入,other,0
111,12,21,坪林區,,,,無年齡維度,0.0,男,遷入,other,0
111,12,21,坪林區,,,,無年齡維度,0.0,女,遷入,其他縣市,0
111,12,21,坪林區,,,,無年齡維度,0.0,男,遷入,其他縣市,0
111,12,21,坪林區,,,,無年齡維度,0.0,女,遷入,其他鄉鎮,19
111,12,21,坪林區,,,,無年齡維度,0.0,男,遷入,其他鄉鎮,13
111,12,21,坪林區,,,,無年齡維度,0.0,女,遷入,合計,44
111,12,21,坪林區,,,,無年齡維度,0.0,男,遷入,合計,37
111,12,21,坪林區,,,,無年齡維度,0.0,女,遷入,國外,12
111,12,21,坪林區,,,,無年齡維度,0.0,男,遷入,國外,12
111,12,21,坪林區,,,,無年齡維度,0.0,女,遷入,新北市內,0
111,12,21,坪林區,,,,無年齡維度,0.0,男,遷入,新北市內,0
111,12,21,坪林區,,,,無年齡維度,0.0,女,遷入,桃園市,1
111,12,21,坪林區,,,,無年齡維度,0.0,男,遷入,桃園市,0
111,12,21,坪林區,,,,無年齡維度,0.0,女,遷入,福建省,0
111,12,21,坪林區,,,,無年齡維度,0.0,男,遷入,福建省,1
111,12,21,坪林區,,,,無年齡維度,0.0,女,遷入,臺中市,0
111,12,21,坪林區,,,,無年齡維度,0.0,男,遷入,臺中市,2
111,12,21,坪林區,,,,無年齡維度,0.0,女,遷入,臺北市,10
111,12,21,坪林區,,,,無年齡維度,0.0,男,遷入,臺北市,5
111,12,21,坪林區,,,,無年齡維度,0.0,女,遷入,臺南市,0
111,12,21,坪林區,,,,無年齡維度,0.0,男,遷入,臺南市,1
111,12,21,坪林區,,,,無年齡維度,0.0,女,遷入,臺灣省,1
111,12,21,坪林區,,,,無年齡維度,0.0,男,遷入,臺灣省,3
111,12,21,坪林區,,,,無年齡維度,0.0,女,遷入,高雄市,0
111,12,21,坪林區,,,,無年齡維度,0.0,男,遷入,高雄市,0
111,12,21,坪林區,,,,無年齡維度,0.0,女,遷出,migrants,16
111,12,21,坪林區,,,,無年齡維度,0.0,男,遷出,migrants,21
111,12,21,坪林區,,,,無年齡維度,0.0,女,遷出,other,0
111,12,21,坪林區,,,,無年齡維度,0.0,男,遷出,other,0
111,12,21,坪林區,,,,無年齡維度,0.0,女,遷出,其他縣市,0
111,12,21,坪林區,,,,無年齡維度,0.0,男,遷出,其他縣市,0
111,12,21,坪林區,,,,無年齡維度,0.0,女,遷出,其他鄉鎮,28
111,12,21,坪林區,,,,無年齡維度,0.0,男,遷出,其他鄉鎮,21
111,12,21,坪林區,,,,無年齡維度,0.0,女,遷出,合計,44
111,12,21,坪林區,,,,無年齡維度,0.0,男,遷出,合計,28
111,12,21,坪林區,,,,無年齡維度,0.0,女,遷出,國外,2
111,12,21,坪林區,,,,無年齡維度,0.0,男,遷出,國外,1
111,12,21,坪林區,,,,無年齡維度,0.0,女,遷出,新北市內,0
111,12,21,坪林區,,,,無年齡維度,0.0,男,遷出,新北市內,0
111,12,21,坪林區,,,,無年齡維度,0.0,女,遷出,桃園市,1
111,12,21,坪林區,,,,無年齡維度,0.0,男,遷出,桃園市,0
111,12,21,坪林區,,,,無年齡維度,0.0,女,遷出,福建省,0
111,12,21,坪林區,,,,無年齡維度,0.0,男,遷出,福建省,0
111,12,21,坪林區,,,,無年齡維度,0.0,女,遷出,臺中市,0
111,12,21,坪林區,,,,無年齡維度,0.0,男,遷出,臺中市,0
111,12,21,坪林區,,,,無年齡維度,0.0,女,遷出,臺北市,5
111,12,21,坪林區,,,,無年齡維度,0.0,男,遷出,臺北市,6
111,12,21,坪林區,,,,無年齡維度,0.0,女,遷出,臺南市,0
111,12,21,坪林區,,,,無年齡維度,0.0,男,遷出,臺南市,0
111,12,21,坪林區,,,,無年齡維度,0.0,女,遷出,臺灣省,8
111,12,21,坪林區,,,,無年齡維度,0.0,男,遷出,臺灣省,0
111,12,21,坪林區,,,,無年齡維度,0.0,女,遷出,高雄市,0
111,12,21,坪林區,,,,無年齡維度,0.0,男,遷出,高雄市,0
111,12,22,三芝區,,,,無年齡維度,0.0,女,遷入,migrants,6
111,12,22,三芝區,,,,無年齡維度,0.0,男,遷入,migrants,5
111,12,22,三芝區,,,,無年齡維度,0.0,女,遷入,other,0
111,12,22,三芝區,,,,無年齡維度,0.0,男,遷入,other,0
111,12,22,三芝區,,,,無年齡維度,0.0,女,遷入,其他縣市,0
111,12,22,三芝區,,,,無年齡維度,0.0,男,遷入,其他縣市,0
111,12,22,三芝區,,,,無年齡維度,0.0,女,遷入,其他鄉鎮,9
111,12,22,三芝區,,,,無年齡維度,0.0,男,遷入,其他鄉鎮,7
111,12,22,三芝區,,,,無年齡維度,0.0,女,遷入,合計,18
111,12,22,三芝區,,,,無年齡維度,0.0,男,遷入,合計,12
111,12,22,三芝區,,,,無年齡維度,0.0,女,遷入,國外,4
111,12,22,三芝區,,,,無年齡維度,0.0,男,遷入,國外,1
111,12,22,三芝區,,,,無年齡維度,0.0,女,遷入,新北市內,0
111,12,22,三芝區,,,,無年齡維度,0.0,男,遷入,新北市內,0
111,12,22,三芝區,,,,無年齡維度,0.0,女,遷入,桃園市,1
111,12,22,三芝區,,,,無年齡維度,0.0,男,遷入,桃園市,1
111,12,22,三芝區,,,,無年齡維度,0.0,女,遷入,福建省,0
111,12,22,三芝區,,,,無年齡維度,0.0,男,遷入,福建省,0
111,12,22,三芝區,,,,無年齡維度,0.0,女,遷入,臺中市,0
111,12,22,三芝區,,,,無年齡維度,0.0,男,遷入,臺中市,0
111,12,22,三芝區,,,,無年齡維度,0.0,女,遷入,臺北市,2
111,12,22,三芝區,,,,無年齡維度,0.0,男,遷入,臺北市,0
111,12,22,三芝區,,,,無年齡維度,0.0,女,遷入,臺南市,0
111,12,22,三芝區,,,,無年齡維度,0.0,男,遷入,臺南市,0
111,12,22,三芝區,,,,無年齡維度,0.0,女,遷入,臺灣省,1
111,12,22,三芝區,,,,無年齡維度,0.0,男,遷入,臺灣省,3
111,12,22,三芝區,,,,無年齡維度,0.0,女,遷入,高雄市,0
111,12,22,三芝區,,,,無年齡維度,0.0,男,遷入,高雄市,0
111,12,22,三芝區,,,,無年齡維度,0.0,女,遷出,migrants,6
111,12,22,三芝區,,,,無年齡維度,0.0,男,遷出,migrants,5
111,12,22,三芝區,,,,無年齡維度,0.0,女,遷出,other,0
111,12,22,三芝區,,,,無年齡維度,0.0,男,遷出,other,0
111,12,22,三芝區,,,,無年齡維度,0.0,女,遷出,其他縣市,0
111,12,22,三芝區,,,,無年齡維度,0.0,男,遷出,其他縣市,0
111,12,22,三芝區,,,,無年齡維度,0.0,女,遷出,其他鄉鎮,11
111,12,22,三芝區,,,,無年齡維度,0.0,男,遷出,其他鄉鎮,13
111,12,22,三芝區,,,,無年齡維度,0.0,女,遷出,合計,15
111,12,22,三芝區,,,,無年齡維度,0.0,男,遷出,合計,16
111,12,22,三芝區,,,,無年齡維度,0.0,女,遷出,國外,0
111,12,22,三芝區,,,,無年齡維度,0.0,男,遷出,國外,1
111,12,22,三芝區,,,,無年齡維度,0.0,女,遷出,新北市內,0
111,12,22,三芝區,,,,無年齡維度,0.0,男,遷出,新北市內,0
111,12,22,三芝區,,,,無年齡維度,0.0,女,遷出,桃園市,0
111,12,22,三芝區,,,,無年齡維度,0.0,男,遷出,桃園市,0
111,12,22,三芝區,,,,無年齡維度,0.0,女,遷出,福建省,0
111,12,22,三芝區,,,,無年齡維度,0.0,男,遷出,福建省,0
111,12,22,三芝區,,,,無年齡維度,0.0,女,遷出,臺中市,1
111,12,22,三芝區,,,,無年齡維度,0.0,男,遷出,臺中市,0
111,12,22,三芝區,,,,無年齡維度,0.0,女,遷出,臺北市,2
111,12,22,三芝區,,,,無年齡維度,0.0,男,遷出,臺北市,1
111,12,22,三芝區,,,,無年齡維度,0.0,女,遷出,臺南市,0
111,12,22,三芝區,,,,無年齡維度,0.0,男,遷出,臺南市,0
111,12,22,三芝區,,,,無年齡維度,0.0,女,遷出,臺灣省,1
111,12,22,三芝區,,,,無年齡維度,0.0,男,遷出,臺灣省,1
111,12,22,三芝區,,,,無年齡維度,0.0,女,遷出,高雄市,0
111,12,22,三芝區,,,,無年齡維度,0.0,男,遷出,高雄市,0
111,12,23,石門區,,,,無年齡維度,0.0,女,遷入,migrants,51
111,12,23,石門區,,,,無年齡維度,0.0,男,遷入,migrants,40
111,12,23,石門區,,,,無年齡維度,0.0,女,遷入,other,0
111,12,23,石門區,,,,無年齡維度,0.0,男,遷入,other,0
111,12,23,石門區,,,,無年齡維度,0.0,女,遷入,其他縣市,0
111,12,23,石門區,,,,無年齡維度,0.0,男,遷入,其他縣市,0
111,12,23,石門區,,,,無年齡維度,0.0,女,遷入,其他鄉鎮,57
111,12,23,石門區,,,,無年齡維度,0.0,男,遷入,其他鄉鎮,49
111,12,23,石門區,,,,無年齡維度,0.0,女,遷入,合計,154
111,12,23,石門區,,,,無年齡維度,0.0,男,遷入,合計,131
111,12,23,石門區,,,,無年齡維度,0.0,女,遷入,國外,37
111,12,23,石門區,,,,無年齡維度,0.0,男,遷入,國外,25
111,12,23,石門區,,,,無年齡維度,0.0,女,遷入,新北市內,0
111,12,23,石門區,,,,無年齡維度,0.0,男,遷入,新北市內,0
111,12,23,石門區,,,,無年齡維度,0.0,女,遷入,桃園市,7
111,12,23,石門區,,,,無年齡維度,0.0,男,遷入,桃園市,4
111,12,23,石門區,,,,無年齡維度,0.0,女,遷入,福建省,0
111,12,23,石門區,,,,無年齡維度,0.0,男,遷入,福建省,1
111,12,23,石門區,,,,無年齡維度,0.0,女,遷入,臺中市,2
111,12,23,石門區,,,,無年齡維度,0.0,男,遷入,臺中市,2
111,12,23,石門區,,,,無年齡維度,0.0,女,遷入,臺北市,37
111,12,23,石門區,,,,無年齡維度,0.0,男,遷入,臺北市,37
111,12,23,石門區,,,,無年齡維度,0.0,女,遷入,臺南市,0
111,12,23,石門區,,,,無年齡維度,0.0,男,遷入,臺南市,1
111,12,23,石門區,,,,無年齡維度,0.0,女,遷入,臺灣省,10
111,12,23,石門區,,,,無年齡維度,0.0,男,遷入,臺灣省,9
111,12,23,石門區,,,,無年齡維度,0.0,女,遷入,高雄市,3
111,12,23,石門區,,,,無年齡維度,0.0,男,遷入,高雄市,3
111,12,23,石門區,,,,無年齡維度,0.0,女,遷出,migrants,51
111,12,23,石門區,,,,無年齡維度,0.0,男,遷出,migrants,40
111,12,23,石門區,,,,無年齡維度,0.0,女,遷出,other,0
111,12,23,石門區,,,,無年齡維度,0.0,男,遷出,other,0
111,12,23,石門區,,,,無年齡維度,0.0,女,遷出,其他縣市,0
111,12,23,石門區,,,,無年齡維度,0.0,男,遷出,其他縣市,0
111,12,23,石門區,,,,無年齡維度,0.0,女,遷出,其他鄉鎮,43
111,12,23,石門區,,,,無年齡維度,0.0,男,遷出,其他鄉鎮,36
111,12,23,石門區,,,,無年齡維度,0.0,女,遷出,合計,81
111,12,23,石門區,,,,無年齡維度,0.0,男,遷出,合計,81
111,12,23,石門區,,,,無年齡維度,0.0,女,遷出,國外,3
111,12,23,石門區,,,,無年齡維度,0.0,男,遷出,國外,1
111,12,23,石門區,,,,無年齡維度,0.0,女,遷出,新北市內,0
111,12,23,石門區,,,,無年齡維度,0.0,男,遷出,新北市內,0
111,12,23,石門區,,,,無年齡維度,0.0,女,遷出,桃園市,3
111,12,23,石門區,,,,無年齡維度,0.0,男,遷出,桃園市,3
111,12,23,石門區,,,,無年齡維度,0.0,女,遷出,福建省,1
111,12,23,石門區,,,,無年齡維度,0.0,男,遷出,福建省,1
111,12,23,石門區,,,,無年齡維度,0.0,女,遷出,臺中市,4
111,12,23,石門區,,,,無年齡維度,0.0,男,遷出,臺中市,2
111,12,23,石門區,,,,無年齡維度,0.0,女,遷出,臺北市,18
111,12,23,石門區,,,,無年齡維度,0.0,男,遷出,臺北市,23
111,12,23,石門區,,,,無年齡維度,0.0,女,遷出,臺南市,2
111,12,23,石門區,,,,無年齡維度,0.0,男,遷出,臺南市,1
111,12,23,石門區,,,,無年齡維度,0.0,女,遷出,臺灣省,6
111,12,23,石門區,,,,無年齡維度,0.0,男,遷出,臺灣省,13
111,12,23,石門區,,,,無年齡維度,0.0,女,遷出,高雄市,1
111,12,23,石門區,,,,無年齡維度,0.0,男,遷出,高雄市,1
111,12,24,金山區,,,,無年齡維度,0.0,女,遷入,migrants,2
111,12,24,金山區,,,,無年齡維度,0.0,男,遷入,migrants,0
111,12,24,金山區,,,,無年齡維度,0.0,女,遷入,other,0
111,12,24,金山區,,,,無年齡維度,0.0,男,遷入,other,0
111,12,24,金山區,,,,無年齡維度,0.0,女,遷入,其他縣市,0
111,12,24,金山區,,,,無年齡維度,0.0,男,遷入,其他縣市,0
111,12,24,金山區,,,,無年齡維度,0.0,女,遷入,其他鄉鎮,2
111,12,24,金山區,,,,無年齡維度,0.0,男,遷入,其他鄉鎮,1
111,12,24,金山區,,,,無年齡維度,0.0,女,遷入,合計,5
111,12,24,金山區,,,,無年齡維度,0.0,男,遷入,合計,5
111,12,24,金山區,,,,無年齡維度,0.0,女,遷入,國外,0
111,12,24,金山區,,,,無年齡維度,0.0,男,遷入,國外,0
111,12,24,金山區,,,,無年齡維度,0.0,女,遷入,新北市內,0
111,12,24,金山區,,,,無年齡維度,0.0,男,遷入,新北市內,0
111,12,24,金山區,,,,無年齡維度,0.0,女,遷入,桃園市,0
111,12,24,金山區,,,,無年齡維度,0.0,男,遷入,桃園市,1
111,12,24,金山區,,,,無年齡維度,0.0,女,遷入,福建省,0
111,12,24,金山區,,,,無年齡維度,0.0,男,遷入,福建省,0
111,12,24,金山區,,,,無年齡維度,0.0,女,遷入,臺中市,0
111,12,24,金山區,,,,無年齡維度,0.0,男,遷入,臺中市,0
111,12,24,金山區,,,,無年齡維度,0.0,女,遷入,臺北市,0
111,12,24,金山區,,,,無年齡維度,0.0,男,遷入,臺北市,2
111,12,24,金山區,,,,無年齡維度,0.0,女,遷入,臺南市,0
111,12,24,金山區,,,,無年齡維度,0.0,男,遷入,臺南市,0
111,12,24,金山區,,,,無年齡維度,0.0,女,遷入,臺灣省,2
111,12,24,金山區,,,,無年齡維度,0.0,男,遷入,臺灣省,1
111,12,24,金山區,,,,無年齡維度,0.0,女,遷入,高雄市,0
111,12,24,金山區,,,,無年齡維度,0.0,男,遷入,高雄市,0
111,12,24,金山區,,,,無年齡維度,0.0,女,遷出,migrants,2
111,12,24,金山區,,,,無年齡維度,0.0,男,遷出,migrants,0
111,12,24,金山區,,,,無年齡維度,0.0,女,遷出,other,0
111,12,24,金山區,,,,無年齡維度,0.0,男,遷出,other,0
111,12,24,金山區,,,,無年齡維度,0.0,女,遷出,其他縣市,0
111,12,24,金山區,,,,無年齡維度,0.0,男,遷出,其他縣市,0
111,12,24,金山區,,,,無年齡維度,0.0,女,遷出,其他鄉鎮,3
111,12,24,金山區,,,,無年齡維度,0.0,男,遷出,其他鄉鎮,10
111,12,24,金山區,,,,無年齡維度,0.0,女,遷出,合計,10
111,12,24,金山區,,,,無年齡維度,0.0,男,遷出,合計,17
111,12,24,金山區,,,,無年齡維度,0.0,女,遷出,國外,0
111,12,24,金山區,,,,無年齡維度,0.0,男,遷出,國外,0
111,12,24,金山區,,,,無年齡維度,0.0,女,遷出,新北市內,0
111,12,24,金山區,,,,無年齡維度,0.0,男,遷出,新北市內,0
111,12,24,金山區,,,,無年齡維度,0.0,女,遷出,桃園市,0
111,12,24,金山區,,,,無年齡維度,0.0,男,遷出,桃園市,1
111,12,24,金山區,,,,無年齡維度,0.0,女,遷出,福建省,0
111,12,24,金山區,,,,無年齡維度,0.0,男,遷出,福建省,0
111,12,24,金山區,,,,無年齡維度,0.0,女,遷出,臺中市,0
111,12,24,金山區,,,,無年齡維度,0.0,男,遷出,臺中市,0
111,12,24,金山區,,,,無年齡維度,0.0,女,遷出,臺北市,2
111,12,24,金山區,,,,無年齡維度,0.0,男,遷出,臺北市,1
111,12,24,金山區,,,,無年齡維度,0.0,女,遷出,臺南市,0
111,12,24,金山區,,,,無年齡維度,0.0,男,遷出,臺南市,0
111,12,24,金山區,,,,無年齡維度,0.0,女,遷出,臺灣省,5
111,12,24,金山區,,,,無年齡維度,0.0,男,遷出,臺灣省,4
111,12,24,金山區,,,,無年齡維度,0.0,女,遷出,高雄市,0
111,12,24,金山區,,,,無年齡維度,0.0,男,遷出,高雄市,1
111,12,25,萬里區,,,,無年齡維度,0.0,女,遷入,migrants,5
111,12,25,萬里區,,,,無年齡維度,0.0,男,遷入,migrants,4
111,12,25,萬里區,,,,無年齡維度,0.0,女,遷入,other,0
111,12,25,萬里區,,,,無年齡維度,0.0,男,遷入,other,0
111,12,25,萬里區,,,,無年齡維度,0.0,女,遷入,其他縣市,0
111,12,25,萬里區,,,,無年齡維度,0.0,男,遷入,其他縣市,0
111,12,25,萬里區,,,,無年齡維度,0.0,女,遷入,其他鄉鎮,4
111,12,25,萬里區,,,,無年齡維度,0.0,男,遷入,其他鄉鎮,1
111,12,25,萬里區,,,,無年齡維度,0.0,女,遷入,合計,11
111,12,25,萬里區,,,,無年齡維度,0.0,男,遷入,合計,11
111,12,25,萬里區,,,,無年齡維度,0.0,女,遷入,國外,0
111,12,25,萬里區,,,,無年齡維度,0.0,男,遷入,國外,3
111,12,25,萬里區,,,,無年齡維度,0.0,女,遷入,新北市內,0
111,12,25,萬里區,,,,無年齡維度,0.0,男,遷入,新北市內,0
111,12,25,萬里區,,,,無年齡維度,0.0,女,遷入,桃園市,1
111,12,25,萬里區,,,,無年齡維度,0.0,男,遷入,桃園市,0
111,12,25,萬里區,,,,無年齡維度,0.0,女,遷入,福建省,0
111,12,25,萬里區,,,,無年齡維度,0.0,男,遷入,福建省,0
111,12,25,萬里區,,,,無年齡維度,0.0,女,遷入,臺中市,0
111,12,25,萬里區,,,,無年齡維度,0.0,男,遷入,臺中市,1
111,12,25,萬里區,,,,無年齡維度,0.0,女,遷入,臺北市,4
111,12,25,萬里區,,,,無年齡維度,0.0,男,遷入,臺北市,2
111,12,25,萬里區,,,,無年齡維度,0.0,女,遷入,臺南市,0
111,12,25,萬里區,,,,無年齡維度,0.0,男,遷入,臺南市,1
111,12,25,萬里區,,,,無年齡維度,0.0,女,遷入,臺灣省,2
111,12,25,萬里區,,,,無年齡維度,0.0,男,遷入,臺灣省,3
111,12,25,萬里區,,,,無年齡維度,0.0,女,遷入,高雄市,0
111,12,25,萬里區,,,,無年齡維度,0.0,男,遷入,高雄市,0
111,12,25,萬里區,,,,無年齡維度,0.0,女,遷出,migrants,5
111,12,25,萬里區,,,,無年齡維度,0.0,男,遷出,migrants,4
111,12,25,萬里區,,,,無年齡維度,0.0,女,遷出,other,0
111,12,25,萬里區,,,,無年齡維度,0.0,男,遷出,other,0
111,12,25,萬里區,,,,無年齡維度,0.0,女,遷出,其他縣市,0
111,12,25,萬里區,,,,無年齡維度,0.0,男,遷出,其他縣市,0
111,12,25,萬里區,,,,無年齡維度,0.0,女,遷出,其他鄉鎮,16
111,12,25,萬里區,,,,無年齡維度,0.0,男,遷出,其他鄉鎮,9
111,12,25,萬里區,,,,無年齡維度,0.0,女,遷出,合計,25
111,12,25,萬里區,,,,無年齡維度,0.0,男,遷出,合計,18
111,12,25,萬里區,,,,無年齡維度,0.0,女,遷出,國外,0
111,12,25,萬里區,,,,無年齡維度,0.0,男,遷出,國外,0
111,12,25,萬里區,,,,無年齡維度,0.0,女,遷出,新北市內,0
111,12,25,萬里區,,,,無年齡維度,0.0,男,遷出,新北市內,0
111,12,25,萬里區,,,,無年齡維度,0.0,女,遷出,桃園市,3
111,12,25,萬里區,,,,無年齡維度,0.0,男,遷出,桃園市,4
111,12,25,萬里區,,,,無年齡維度,0.0,女,遷出,福建省,0
111,12,25,萬里區,,,,無年齡維度,0.0,男,遷出,福建省,0
111,12,25,萬里區,,,,無年齡維度,0.0,女,遷出,臺中市,0
111,12,25,萬里區,,,,無年齡維度,0.0,男,遷出,臺中市,0
111,12,25,萬里區,,,,無年齡維度,0.0,女,遷出,臺北市,0
111,12,25,萬里區,,,,無年齡維度,0.0,男,遷出,臺北市,1
111,12,25,萬里區,,,,無年齡維度,0.0,女,遷出,臺南市,2
111,12,25,萬里區,,,,無年齡維度,0.0,男,遷出,臺南市,0
111,12,25,萬里區,,,,無年齡維度,0.0,女,遷出,臺灣省,4
111,12,25,萬里區,,,,無年齡維度,0.0,男,遷出,臺灣省,4
111,12,25,萬里區,,,,無年齡維度,0.0,女,遷出,高雄市,0
111,12,25,萬里區,,,,無年齡維度,0.0,男,遷出,高雄市,0
111,12,26,平溪區,,,,無年齡維度,0.0,女,遷入,migrants,12
111,12,26,平溪區,,,,無年齡維度,0.0,男,遷入,migrants,12
111,12,26,平溪區,,,,無年齡維度,0.0,女,遷入,other,0
111,12,26,平溪區,,,,無年齡維度,0.0,男,遷入,other,0
111,12,26,平溪區,,,,無年齡維度,0.0,女,遷入,其他縣市,0
111,12,26,平溪區,,,,無年齡維度,0.0,男,遷入,其他縣市,0
111,12,26,平溪區,,,,無年齡維度,0.0,女,遷入,其他鄉鎮,2
111,12,26,平溪區,,,,無年齡維度,0.0,男,遷入,其他鄉鎮,2
111,12,26,平溪區,,,,無年齡維度,0.0,女,遷入,合計,8
111,12,26,平溪區,,,,無年齡維度,0.0,男,遷入,合計,11
111,12,26,平溪區,,,,無年齡維度,0.0,女,遷入,國外,1
111,12,26,平溪區,,,,無年齡維度,0.0,男,遷入,國外,4
111,12,26,平溪區,,,,無年齡維度,0.0,女,遷入,新北市內,0
111,12,26,平溪區,,,,無年齡維度,0.0,男,遷入,新北市內,0
111,12,26,平溪區,,,,無年齡維度,0.0,女,遷入,桃園市,0
111,12,26,平溪區,,,,無年齡維度,0.0,男,遷入,桃園市,0
111,12,26,平溪區,,,,無年齡維度,0.0,女,遷入,福建省,0
111,12,26,平溪區,,,,無年齡維度,0.0,男,遷入,福建省,0
111,12,26,平溪區,,,,無年齡維度,0.0,女,遷入,臺中市,2
111,12,26,平溪區,,,,無年齡維度,0.0,男,遷入,臺中市,0
111,12,26,平溪區,,,,無年齡維度,0.0,女,遷入,臺北市,2
111,12,26,平溪區,,,,無年齡維度,0.0,男,遷入,臺北市,4
111,12,26,平溪區,,,,無年齡維度,0.0,女,遷入,臺南市,0
111,12,26,平溪區,,,,無年齡維度,0.0,男,遷入,臺南市,0
111,12,26,平溪區,,,,無年齡維度,0.0,女,遷入,臺灣省,0
111,12,26,平溪區,,,,無年齡維度,0.0,男,遷入,臺灣省,1
111,12,26,平溪區,,,,無年齡維度,0.0,女,遷入,高雄市,0
111,12,26,平溪區,,,,無年齡維度,0.0,男,遷入,高雄市,0
111,12,26,平溪區,,,,無年齡維度,0.0,女,遷出,migrants,12
111,12,26,平溪區,,,,無年齡維度,0.0,男,遷出,migrants,12
111,12,26,平溪區,,,,無年齡維度,0.0,女,遷出,other,0
111,12,26,平溪區,,,,無年齡維度,0.0,男,遷出,other,0
111,12,26,平溪區,,,,無年齡維度,0.0,女,遷出,其他縣市,0
111,12,26,平溪區,,,,無年齡維度,0.0,男,遷出,其他縣市,0
111,12,26,平溪區,,,,無年齡維度,0.0,女,遷出,其他鄉鎮,8
111,12,26,平溪區,,,,無年齡維度,0.0,男,遷出,其他鄉鎮,13
111,12,26,平溪區,,,,無年齡維度,0.0,女,遷出,合計,14
111,12,26,平溪區,,,,無年齡維度,0.0,男,遷出,合計,19
111,12,26,平溪區,,,,無年齡維度,0.0,女,遷出,國外,0
111,12,26,平溪區,,,,無年齡維度,0.0,男,遷出,國外,0
111,12,26,平溪區,,,,無年齡維度,0.0,女,遷出,新北市內,0
111,12,26,平溪區,,,,無年齡維度,0.0,男,遷出,新北市內,0
111,12,26,平溪區,,,,無年齡維度,0.0,女,遷出,桃園市,1
111,12,26,平溪區,,,,無年齡維度,0.0,男,遷出,桃園市,1
111,12,26,平溪區,,,,無年齡維度,0.0,女,遷出,福建省,0
111,12,26,平溪區,,,,無年齡維度,0.0,男,遷出,福建省,0
111,12,26,平溪區,,,,無年齡維度,0.0,女,遷出,臺中市,0
111,12,26,平溪區,,,,無年齡維度,0.0,男,遷出,臺中市,0
111,12,26,平溪區,,,,無年齡維度,0.0,女,遷出,臺北市,1
111,12,26,平溪區,,,,無年齡維度,0.0,男,遷出,臺北市,0
111,12,26,平溪區,,,,無年齡維度,0.0,女,遷出,臺南市,1
111,12,26,平溪區,,,,無年齡維度,0.0,男,遷出,臺南市,0
111,12,26,平溪區,,,,無年齡維度,0.0,女,遷出,臺灣省,3
111,12,26,平溪區,,,,無年齡維度,0.0,男,遷出,臺灣省,5
111,12,26,平溪區,,,,無年齡維度,0.0,女,遷出,高雄市,0
111,12,26,平溪區,,,,無年齡維度,0.0,男,遷出,高雄市,0
111,12,27,雙溪區,,,,無年齡維度,0.0,女,遷入,migrants,18
111,12,27,雙溪區,,,,無年齡維度,0.0,男,遷入,migrants,20
111,12,27,雙溪區,,,,無年齡維度,0.0,女,遷入,other,0
111,12,27,雙溪區,,,,無年齡維度,0.0,男,遷入,other,0
111,12,27,雙溪區,,,,無年齡維度,0.0,女,遷入,其他縣市,0
111,12,27,雙溪區,,,,無年齡維度,0.0,男,遷入,其他縣市,0
111,12,27,雙溪區,,,,無年齡維度,0.0,女,遷入,其他鄉鎮,11
111,12,27,雙溪區,,,,無年齡維度,0.0,男,遷入,其他鄉鎮,5
111,12,27,雙溪區,,,,無年齡維度,0.0,女,遷入,合計,32
111,12,27,雙溪區,,,,無年齡維度,0.0,男,遷入,合計,21
111,12,27,雙溪區,,,,無年齡維度,0.0,女,遷入,國外,9
111,12,27,雙溪區,,,,無年齡維度,0.0,男,遷入,國外,3
111,12,27,雙溪區,,,,無年齡維度,0.0,女,遷入,新北市內,0
111,12,27,雙溪區,,,,無年齡維度,0.0,男,遷入,新北市內,0
111,12,27,雙溪區,,,,無年齡維度,0.0,女,遷入,桃園市,0
111,12,27,雙溪區,,,,無年齡維度,0.0,男,遷入,桃園市,1
111,12,27,雙溪區,,,,無年齡維度,0.0,女,遷入,福建省,0
111,12,27,雙溪區,,,,無年齡維度,0.0,男,遷入,福建省,0
111,12,27,雙溪區,,,,無年齡維度,0.0,女,遷入,臺中市,3
111,12,27,雙溪區,,,,無年齡維度,0.0,男,遷入,臺中市,2
111,12,27,雙溪區,,,,無年齡維度,0.0,女,遷入,臺北市,3
111,12,27,雙溪區,,,,無年齡維度,0.0,男,遷入,臺北市,3
111,12,27,雙溪區,,,,無年齡維度,0.0,女,遷入,臺南市,0
111,12,27,雙溪區,,,,無年齡維度,0.0,男,遷入,臺南市,0
111,12,27,雙溪區,,,,無年齡維度,0.0,女,遷入,臺灣省,5
111,12,27,雙溪區,,,,無年齡維度,0.0,男,遷入,臺灣省,7
111,12,27,雙溪區,,,,無年齡維度,0.0,女,遷入,高雄市,0
111,12,27,雙溪區,,,,無年齡維度,0.0,男,遷入,高雄市,0
111,12,27,雙溪區,,,,無年齡維度,0.0,女,遷出,migrants,18
111,12,27,雙溪區,,,,無年齡維度,0.0,男,遷出,migrants,20
111,12,27,雙溪區,,,,無年齡維度,0.0,女,遷出,other,0
111,12,27,雙溪區,,,,無年齡維度,0.0,男,遷出,other,0
111,12,27,雙溪區,,,,無年齡維度,0.0,女,遷出,其他縣市,0
111,12,27,雙溪區,,,,無年齡維度,0.0,男,遷出,其他縣市,0
111,12,27,雙溪區,,,,無年齡維度,0.0,女,遷出,其他鄉鎮,10
111,12,27,雙溪區,,,,無年齡維度,0.0,男,遷出,其他鄉鎮,9
111,12,27,雙溪區,,,,無年齡維度,0.0,女,遷出,合計,33
111,12,27,雙溪區,,,,無年齡維度,0.0,男,遷出,合計,27
111,12,27,雙溪區,,,,無年齡維度,0.0,女,遷出,國外,0
111,12,27,雙溪區,,,,無年齡維度,0.0,男,遷出,國外,2
111,12,27,雙溪區,,,,無年齡維度,0.0,女,遷出,新北市內,0
111,12,27,雙溪區,,,,無年齡維度,0.0,男,遷出,新北市內,0
111,12,27,雙溪區,,,,無年齡維度,0.0,女,遷出,桃園市,6
111,12,27,雙溪區,,,,無年齡維度,0.0,男,遷出,桃園市,3
111,12,27,雙溪區,,,,無年齡維度,0.0,女,遷出,福建省,0
111,12,27,雙溪區,,,,無年齡維度,0.0,男,遷出,福建省,0
111,12,27,雙溪區,,,,無年齡維度,0.0,女,遷出,臺中市,4
111,12,27,雙溪區,,,,無年齡維度,0.0,男,遷出,臺中市,1
111,12,27,雙溪區,,,,無年齡維度,0.0,女,遷出,臺北市,4
111,12,27,雙溪區,,,,無年齡維度,0.0,男,遷出,臺北市,2
111,12,27,雙溪區,,,,無年齡維度,0.0,女,遷出,臺南市,0
111,12,27,雙溪區,,,,無年齡維度,0.0,男,遷出,臺南市,0
111,12,27,雙溪區,,,,無年齡維度,0.0,女,遷出,臺灣省,9
111,12,27,雙溪區,,,,無年齡維度,0.0,男,遷出,臺灣省,10
111,12,27,雙溪區,,,,無年齡維度,0.0,女,遷出,高雄市,0
111,12,27,雙溪區,,,,無年齡維度,0.0,男,遷出,高雄市,0
111,12,28,貢寮區,,,,無年齡維度,0.0,女,遷入,migrants,19
111,12,28,貢寮區,,,,無年齡維度,0.0,男,遷入,migrants,18
111,12,28,貢寮區,,,,無年齡維度,0.0,女,遷入,other,0
111,12,28,貢寮區,,,,無年齡維度,0.0,男,遷入,other,0
111,12,28,貢寮區,,,,無年齡維度,0.0,女,遷入,其他縣市,0
111,12,28,貢寮區,,,,無年齡維度,0.0,男,遷入,其他縣市,0
111,12,28,貢寮區,,,,無年齡維度,0.0,女,遷入,其他鄉鎮,5
111,12,28,貢寮區,,,,無年齡維度,0.0,男,遷入,其他鄉鎮,8
111,12,28,貢寮區,,,,無年齡維度,0.0,女,遷入,合計,49
111,12,28,貢寮區,,,,無年齡維度,0.0,男,遷入,合計,26
111,12,28,貢寮區,,,,無年齡維度,0.0,女,遷入,國外,8
111,12,28,貢寮區,,,,無年齡維度,0.0,男,遷入,國外,4
111,12,28,貢寮區,,,,無年齡維度,0.0,女,遷入,新北市內,0
111,12,28,貢寮區,,,,無年齡維度,0.0,男,遷入,新北市內,0
111,12,28,貢寮區,,,,無年齡維度,0.0,女,遷入,桃園市,2
111,12,28,貢寮區,,,,無年齡維度,0.0,男,遷入,桃園市,2
111,12,28,貢寮區,,,,無年齡維度,0.0,女,遷入,福建省,0
111,12,28,貢寮區,,,,無年齡維度,0.0,男,遷入,福建省,1
111,12,28,貢寮區,,,,無年齡維度,0.0,女,遷入,臺中市,0
111,12,28,貢寮區,,,,無年齡維度,0.0,男,遷入,臺中市,0
111,12,28,貢寮區,,,,無年齡維度,0.0,女,遷入,臺北市,6
111,12,28,貢寮區,,,,無年齡維度,0.0,男,遷入,臺北市,4
111,12,28,貢寮區,,,,無年齡維度,0.0,女,遷入,臺南市,0
111,12,28,貢寮區,,,,無年齡維度,0.0,男,遷入,臺南市,0
111,12,28,貢寮區,,,,無年齡維度,0.0,女,遷入,臺灣省,28
111,12,28,貢寮區,,,,無年齡維度,0.0,男,遷入,臺灣省,7
111,12,28,貢寮區,,,,無年齡維度,0.0,女,遷入,高雄市,0
111,12,28,貢寮區,,,,無年齡維度,0.0,男,遷入,高雄市,0
111,12,28,貢寮區,,,,無年齡維度,0.0,女,遷出,migrants,19
111,12,28,貢寮區,,,,無年齡維度,0.0,男,遷出,migrants,18
111,12,28,貢寮區,,,,無年齡維度,0.0,女,遷出,other,0
111,12,28,貢寮區,,,,無年齡維度,0.0,男,遷出,other,0
111,12,28,貢寮區,,,,無年齡維度,0.0,女,遷出,其他縣市,0
111,12,28,貢寮區,,,,無年齡維度,0.0,男,遷出,其他縣市,0
111,12,28,貢寮區,,,,無年齡維度,0.0,女,遷出,其他鄉鎮,5
111,12,28,貢寮區,,,,無年齡維度,0.0,男,遷出,其他鄉鎮,10
111,12,28,貢寮區,,,,無年齡維度,0.0,女,遷出,合計,32
111,12,28,貢寮區,,,,無年齡維度,0.0,男,遷出,合計,36
111,12,28,貢寮區,,,,無年齡維度,0.0,女,遷出,國外,3
111,12,28,貢寮區,,,,無年齡維度,0.0,男,遷出,國外,1
111,12,28,貢寮區,,,,無年齡維度,0.0,女,遷出,新北市內,0
111,12,28,貢寮區,,,,無年齡維度,0.0,男,遷出,新北市內,0
111,12,28,貢寮區,,,,無年齡維度,0.0,女,遷出,桃園市,1
111,12,28,貢寮區,,,,無年齡維度,0.0,男,遷出,桃園市,1
111,12,28,貢寮區,,,,無年齡維度,0.0,女,遷出,福建省,0
111,12,28,貢寮區,,,,無年齡維度,0.0,男,遷出,福建省,0
111,12,28,貢寮區,,,,無年齡維度,0.0,女,遷出,臺中市,2
111,12,28,貢寮區,,,,無年齡維度,0.0,男,遷出,臺中市,0
111,12,28,貢寮區,,,,無年齡維度,0.0,女,遷出,臺北市,5
111,12,28,貢寮區,,,,無年齡維度,0.0,男,遷出,臺北市,4
111,12,28,貢寮區,,,,無年齡維度,0.0,女,遷出,臺南市,0
111,12,28,貢寮區,,,,無年齡維度,0.0,男,遷出,臺南市,0
111,12,28,貢寮區,,,,無年齡維度,0.0,女,遷出,臺灣省,16
111,12,28,貢寮區,,,,無年齡維度,0.0,男,遷出,臺灣省,20
111,12,28,貢寮區,,,,無年齡維度,0.0,女,遷出,高雄市,0
111,12,28,貢寮區,,,,無年齡維度,0.0,男,遷出,高雄市,0
111,12,29,烏來區,,,,無年齡維度,0.0,女,遷入,migrants,6
111,12,29,烏來區,,,,無年齡維度,0.0,男,遷入,migrants,1
111,12,29,烏來區,,,,無年齡維度,0.0,女,遷入,other,0
111,12,29,烏來區,,,,無年齡維度,0.0,男,遷入,other,0
111,12,29,烏來區,,,,無年齡維度,0.0,女,遷入,其他縣市,0
111,12,29,烏來區,,,,無年齡維度,0.0,男,遷入,其他縣市,0
111,12,29,烏來區,,,,無年齡維度,0.0,女,遷入,其他鄉鎮,11
111,12,29,烏來區,,,,無年齡維度,0.0,男,遷入,其他鄉鎮,7
111,12,29,烏來區,,,,無年齡維度,0.0,女,遷入,合計,23
111,12,29,烏來區,,,,無年齡維度,0.0,男,遷入,合計,15
111,12,29,烏來區,,,,無年齡維度,0.0,女,遷入,國外,6
111,12,29,烏來區,,,,無年齡維度,0.0,男,遷入,國外,5
111,12,29,烏來區,,,,無年齡維度,0.0,女,遷入,新北市內,0
111,12,29,烏來區,,,,無年齡維度,0.0,男,遷入,新北市內,0
111,12,29,烏來區,,,,無年齡維度,0.0,女,遷入,桃園市,0
111,12,29,烏來區,,,,無年齡維度,0.0,男,遷入,桃園市,0
111,12,29,烏來區,,,,無年齡維度,0.0,女,遷入,福建省,0
111,12,29,烏來區,,,,無年齡維度,0.0,男,遷入,福建省,0
111,12,29,烏來區,,,,無年齡維度,0.0,女,遷入,臺中市,1
111,12,29,烏來區,,,,無年齡維度,0.0,男,遷入,臺中市,1
111,12,29,烏來區,,,,無年齡維度,0.0,女,遷入,臺北市,4
111,12,29,烏來區,,,,無年齡維度,0.0,男,遷入,臺北市,0
111,12,29,烏來區,,,,無年齡維度,0.0,女,遷入,臺南市,0
111,12,29,烏來區,,,,無年齡維度,0.0,男,遷入,臺南市,0
111,12,29,烏來區,,,,無年齡維度,0.0,女,遷入,臺灣省,1
111,12,29,烏來區,,,,無年齡維度,0.0,男,遷入,臺灣省,1
111,12,29,烏來區,,,,無年齡維度,0.0,女,遷入,高雄市,0
111,12,29,烏來區,,,,無年齡維度,0.0,男,遷入,高雄市,0
111,12,29,烏來區,,,,無年齡維度,0.0,女,遷出,migrants,6
111,12,29,烏來區,,,,無年齡維度,0.0,男,遷出,migrants,1
111,12,29,烏來區,,,,無年齡維度,0.0,女,遷出,other,0
111,12,29,烏來區,,,,無年齡維度,0.0,男,遷出,other,0
111,12,29,烏來區,,,,無年齡維度,0.0,女,遷出,其他縣市,0
111,12,29,烏來區,,,,無年齡維度,0.0,男,遷出,其他縣市,0
111,12,29,烏來區,,,,無年齡維度,0.0,女,遷出,其他鄉鎮,2
111,12,29,烏來區,,,,無年齡維度,0.0,男,遷出,其他鄉鎮,4
111,12,29,烏來區,,,,無年齡維度,0.0,女,遷出,合計,9
111,12,29,烏來區,,,,無年齡維度,0.0,男,遷出,合計,10
111,12,29,烏來區,,,,無年齡維度,0.0,女,遷出,國外,0
111,12,29,烏來區,,,,無年齡維度,0.0,男,遷出,國外,0
111,12,29,烏來區,,,,無年齡維度,0.0,女,遷出,新北市內,0
111,12,29,烏來區,,,,無年齡維度,0.0,男,遷出,新北市內,0
111,12,29,烏來區,,,,無年齡維度,0.0,女,遷出,桃園市,1
111,12,29,烏來區,,,,無年齡維度,0.0,男,遷出,桃園市,1
111,12,29,烏來區,,,,無年齡維度,0.0,女,遷出,福建省,0
111,12,29,烏來區,,,,無年齡維度,0.0,男,遷出,福建省,0
111,12,29,烏來區,,,,無年齡維度,0.0,女,遷出,臺中市,0
111,12,29,烏來區,,,,無年齡維度,0.0,男,遷出,臺中市,0
111,12,29,烏來區,,,,無年齡維度,0.0,女,遷出,臺北市,2
111,12,29,烏來區,,,,無年齡維度,0.0,男,遷出,臺北市,3
111,12,29,烏來區,,,,無年齡維度,0.0,女,遷出,臺南市,0
111,12,29,烏來區,,,,無年齡維度,0.0,男,遷出,臺南市,0
111,12,29,烏來區,,,,無年齡維度,0.0,女,遷出,臺灣省,4
111,12,29,烏來區,,,,無年齡維度,0.0,男,遷出,臺灣省,1
111,12,29,烏來區,,,,無年齡維度,0.0,女,遷出,高雄市,0
111,12,29,烏來區,,,,無年齡維度,0.0,男,遷出,高雄市,1
