民國年,月,區代碼,行政區,年齡標籤,年齡下限,年齡上限,青年關係,青年權重,性別,方向,對象地區,人數
112,1,1,板橋區,,,,無年齡維度,0.0,女,遷入,migrants,477
112,1,1,板橋區,,,,無年齡維度,0.0,男,遷入,migrants,430
112,1,1,板橋區,,,,無年齡維度,0.0,女,遷入,other,0
112,1,1,板橋區,,,,無年齡維度,0.0,男,遷入,other,0
112,1,1,板橋區,,,,無年齡維度,0.0,女,遷入,其他縣市,0
112,1,1,板橋區,,,,無年齡維度,0.0,男,遷入,其他縣市,0
112,1,1,板橋區,,,,無年齡維度,0.0,女,遷入,其他鄉鎮,248
112,1,1,板橋區,,,,無年齡維度,0.0,男,遷入,其他鄉鎮,197
112,1,1,板橋區,,,,無年齡維度,0.0,女,遷入,合計,1273
112,1,1,板橋區,,,,無年齡維度,0.0,男,遷入,合計,1189
112,1,1,板橋區,,,,無年齡維度,0.0,女,遷入,國外,597
112,1,1,板橋區,,,,無年齡維度,0.0,男,遷入,國外,624
112,1,1,板橋區,,,,無年齡維度,0.0,女,遷入,新北市內,0
112,1,1,板橋區,,,,無年齡維度,0.0,男,遷入,新北市內,0
112,1,1,板橋區,,,,無年齡維度,0.0,女,遷入,桃園市,50
112,1,1,板橋區,,,,無年齡維度,0.0,男,遷入,桃園市,52
112,1,1,板橋區,,,,無年齡維度,0.0,女,遷入,福建省,2
112,1,1,板橋區,,,,無年齡維度,0.0,男,遷入,福建省,10
112,1,1,板橋區,,,,無年齡維度,0.0,女,遷入,臺中市,15
112,1,1,板橋區,,,,無年齡維度,0.0,男,遷入,臺中市,26
112,1,1,板橋區,,,,無年齡維度,0.0,女,遷入,臺北市,209
112,1,1,板橋區,,,,無年齡維度,0.0,男,遷入,臺北市,154
112,1,1,板橋區,,,,無年齡維度,0.0,女,遷入,臺南市,19
112,1,1,板橋區,,,,無年齡維度,0.0,男,遷入,臺南市,15
112,1,1,板橋區,,,,無年齡維度,0.0,女,遷入,臺灣省,99
112,1,1,板橋區,,,,無年齡維度,0.0,男,遷入,臺灣省,80
112,1,1,板橋區,,,,無年齡維度,0.0,女,遷入,高雄市,15
112,1,1,板橋區,,,,無年齡維度,0.0,男,遷入,高雄市,14
112,1,1,板橋區,,,,無年齡維度,0.0,女,遷出,migrants,477
112,1,1,板橋區,,,,無年齡維度,0.0,男,遷出,migrants,430
112,1,1,板橋區,,,,無年齡維度,0.0,女,遷出,other,0
112,1,1,板橋區,,,,無年齡維度,0.0,男,遷出,other,0
112,1,1,板橋區,,,,無年齡維度,0.0,女,遷出,其他縣市,0
112,1,1,板橋區,,,,無年齡維度,0.0,男,遷出,其他縣市,0
112,1,1,板橋區,,,,無年齡維度,0.0,女,遷出,其他鄉鎮,272
112,1,1,板橋區,,,,無年齡維度,0.0,男,遷出,其他鄉鎮,236
112,1,1,板橋區,,,,無年齡維度,0.0,女,遷出,合計,637
112,1,1,板橋區,,,,無年齡維度,0.0,男,遷出,合計,575
112,1,1,板橋區,,,,無年齡維度,0.0,女,遷出,國外,31
112,1,1,板橋區,,,,無年齡維度,0.0,男,遷出,國外,20
112,1,1,板橋區,,,,無年齡維度,0.0,女,遷出,新北市內,0
112,1,1,板橋區,,,,無年齡維度,0.0,男,遷出,新北市內,0
112,1,1,板橋區,,,,無年齡維度,0.0,女,遷出,桃園市,73
112,1,1,板橋區,,,,無年齡維度,0.0,男,遷出,桃園市,75
112,1,1,板橋區,,,,無年齡維度,0.0,女,遷出,福建省,7
112,1,1,板橋區,,,,無年齡維度,0.0,男,遷出,福建省,7
112,1,1,板橋區,,,,無年齡維度,0.0,女,遷出,臺中市,35
112,1,1,板橋區,,,,無年齡維度,0.0,男,遷出,臺中市,31
112,1,1,板橋區,,,,無年齡維度,0.0,女,遷出,臺北市,108
112,1,1,板橋區,,,,無年齡維度,0.0,男,遷出,臺北市,93
112,1,1,板橋區,,,,無年齡維度,0.0,女,遷出,臺南市,11
112,1,1,板橋區,,,,無年齡維度,0.0,男,遷出,臺南市,12
112,1,1,板橋區,,,,無年齡維度,0.0,女,遷出,臺灣省,83
112,1,1,板橋區,,,,無年齡維度,0.0,男,遷出,臺灣省,85
112,1,1,板橋區,,,,無年齡維度,0.0,女,遷出,高雄市,16
112,1,1,板橋區,,,,無年齡維度,0.0,男,遷出,高雄市,16
112,1,2,三重區,,,,無年齡維度,0.0,女,遷入,migrants,359
112,1,2,三重區,,,,無年齡維度,0.0,男,遷入,migrants,308
112,1,2,三重區,,,,無年齡維度,0.0,女,遷入,other,0
112,1,2,三重區,,,,無年齡維度,0.0,男,遷入,other,0
112,1,2,三重區,,,,無年齡維度,0.0,女,遷入,其他縣市,0
112,1,2,三重區,,,,無年齡維度,0.0,男,遷入,其他縣市,0
112,1,2,三重區,,,,無年齡維度,0.0,女,遷入,其他鄉鎮,177
112,1,2,三重區,,,,無年齡維度,0.0,男,遷入,其他鄉鎮,133
112,1,2,三重區,,,,無年齡維度,0.0,女,遷入,合計,876
112,1,2,三重區,,,,無年齡維度,0.0,男,遷入,合計,854
112,1,2,三重區,,,,無年齡維度,0.0,女,遷入,國外,371
112,1,2,三重區,,,,無年齡維度,0.0,男,遷入,國外,420
112,1,2,三重區,,,,無年齡維度,0.0,女,遷入,新北市內,0
112,1,2,三重區,,,,無年齡維度,0.0,男,遷入,新北市內,0
112,1,2,三重區,,,,無年齡維度,0.0,女,遷入,桃園市,25
112,1,2,三重區,,,,無年齡維度,0.0,男,遷入,桃園市,22
112,1,2,三重區,,,,無年齡維度,0.0,女,遷入,福建省,3
112,1,2,三重區,,,,無年齡維度,0.0,男,遷入,福建省,5
112,1,2,三重區,,,,無年齡維度,0.0,女,遷入,臺中市,14
112,1,2,三重區,,,,無年齡維度,0.0,男,遷入,臺中市,14
112,1,2,三重區,,,,無年齡維度,0.0,女,遷入,臺北市,176
112,1,2,三重區,,,,無年齡維度,0.0,男,遷入,臺北市,186
112,1,2,三重區,,,,無年齡維度,0.0,女,遷入,臺南市,6
112,1,2,三重區,,,,無年齡維度,0.0,男,遷入,臺南市,1
112,1,2,三重區,,,,無年齡維度,0.0,女,遷入,臺灣省,71
112,1,2,三重區,,,,無年齡維度,0.0,男,遷入,臺灣省,55
112,1,2,三重區,,,,無年齡維度,0.0,女,遷入,高雄市,18
112,1,2,三重區,,,,無年齡維度,0.0,男,遷入,高雄市,7
112,1,2,三重區,,,,無年齡維度,0.0,女,遷出,migrants,359
112,1,2,三重區,,,,無年齡維度,0.0,男,遷出,migrants,308
112,1,2,三重區,,,,無年齡維度,0.0,女,遷出,other,0
112,1,2,三重區,,,,無年齡維度,0.0,男,遷出,other,0
112,1,2,三重區,,,,無年齡維度,0.0,女,遷出,其他縣市,0
112,1,2,三重區,,,,無年齡維度,0.0,男,遷出,其他縣市,0
112,1,2,三重區,,,,無年齡維度,0.0,女,遷出,其他鄉鎮,221
112,1,2,三重區,,,,無年齡維度,0.0,男,遷出,其他鄉鎮,140
112,1,2,三重區,,,,無年齡維度,0.0,女,遷出,合計,518
112,1,2,三重區,,,,無年齡維度,0.0,男,遷出,合計,398
112,1,2,三重區,,,,無年齡維度,0.0,女,遷出,國外,16
112,1,2,三重區,,,,無年齡維度,0.0,男,遷出,國外,20
112,1,2,三重區,,,,無年齡維度,0.0,女,遷出,新北市內,0
112,1,2,三重區,,,,無年齡維度,0.0,男,遷出,新北市內,0
112,1,2,三重區,,,,無年齡維度,0.0,女,遷出,桃園市,56
112,1,2,三重區,,,,無年齡維度,0.0,男,遷出,桃園市,43
112,1,2,三重區,,,,無年齡維度,0.0,女,遷出,福建省,4
112,1,2,三重區,,,,無年齡維度,0.0,男,遷出,福建省,1
112,1,2,三重區,,,,無年齡維度,0.0,女,遷出,臺中市,14
112,1,2,三重區,,,,無年齡維度,0.0,男,遷出,臺中市,11
112,1,2,三重區,,,,無年齡維度,0.0,女,遷出,臺北市,136
112,1,2,三重區,,,,無年齡維度,0.0,男,遷出,臺北市,112
112,1,2,三重區,,,,無年齡維度,0.0,女,遷出,臺南市,16
112,1,2,三重區,,,,無年齡維度,0.0,男,遷出,臺南市,5
112,1,2,三重區,,,,無年齡維度,0.0,女,遷出,臺灣省,46
112,1,2,三重區,,,,無年齡維度,0.0,男,遷出,臺灣省,60
112,1,2,三重區,,,,無年齡維度,0.0,女,遷出,高雄市,9
112,1,2,三重區,,,,無年齡維度,0.0,男,遷出,高雄市,6
112,1,3,中和區,,,,無年齡維度,0.0,女,遷入,migrants,286
112,1,3,中和區,,,,無年齡維度,0.0,男,遷入,migrants,279
112,1,3,中和區,,,,無年齡維度,0.0,女,遷入,other,0
112,1,3,中和區,,,,無年齡維度,0.0,男,遷入,other,0
112,1,3,中和區,,,,無年齡維度,0.0,女,遷入,其他縣市,0
112,1,3,中和區,,,,無年齡維度,0.0,男,遷入,其他縣市,0
112,1,3,中和區,,,,無年齡維度,0.0,女,遷入,其他鄉鎮,235
112,1,3,中和區,,,,無年齡維度,0.0,男,遷入,其他鄉鎮,178
112,1,3,中和區,,,,無年齡維度,0.0,女,遷入,合計,1089
112,1,3,中和區,,,,無年齡維度,0.0,男,遷入,合計,1013
112,1,3,中和區,,,,無年齡維度,0.0,女,遷入,國外,568
112,1,3,中和區,,,,無年齡維度,0.0,男,遷入,國外,574
112,1,3,中和區,,,,無年齡維度,0.0,女,遷入,新北市內,0
112,1,3,中和區,,,,無年齡維度,0.0,男,遷入,新北市內,0
112,1,3,中和區,,,,無年齡維度,0.0,女,遷入,桃園市,29
112,1,3,中和區,,,,無年齡維度,0.0,男,遷入,桃園市,31
112,1,3,中和區,,,,無年齡維度,0.0,女,遷入,福建省,2
112,1,3,中和區,,,,無年齡維度,0.0,男,遷入,福建省,7
112,1,3,中和區,,,,無年齡維度,0.0,女,遷入,臺中市,11
112,1,3,中和區,,,,無年齡維度,0.0,男,遷入,臺中市,8
112,1,3,中和區,,,,無年齡維度,0.0,女,遷入,臺北市,146
112,1,3,中和區,,,,無年齡維度,0.0,男,遷入,臺北市,132
112,1,3,中和區,,,,無年齡維度,0.0,女,遷入,臺南市,8
112,1,3,中和區,,,,無年齡維度,0.0,男,遷入,臺南市,2
112,1,3,中和區,,,,無年齡維度,0.0,女,遷入,臺灣省,60
112,1,3,中和區,,,,無年齡維度,0.0,男,遷入,臺灣省,51
112,1,3,中和區,,,,無年齡維度,0.0,女,遷入,高雄市,10
112,1,3,中和區,,,,無年齡維度,0.0,男,遷入,高雄市,10
112,1,3,中和區,,,,無年齡維度,0.0,女,遷出,migrants,286
112,1,3,中和區,,,,無年齡維度,0.0,男,遷出,migrants,279
112,1,3,中和區,,,,無年齡維度,0.0,女,遷出,other,0
112,1,3,中和區,,,,無年齡維度,0.0,男,遷出,other,0
112,1,3,中和區,,,,無年齡維度,0.0,女,遷出,其他縣市,0
112,1,3,中和區,,,,無年齡維度,0.0,男,遷出,其他縣市,0
112,1,3,中和區,,,,無年齡維度,0.0,女,遷出,其他鄉鎮,280
112,1,3,中和區,,,,無年齡維度,0.0,男,遷出,其他鄉鎮,218
112,1,3,中和區,,,,無年齡維度,0.0,女,遷出,合計,579
112,1,3,中和區,,,,無年齡維度,0.0,男,遷出,合計,451
112,1,3,中和區,,,,無年齡維度,0.0,女,遷出,國外,20
112,1,3,中和區,,,,無年齡維度,0.0,男,遷出,國外,11
112,1,3,中和區,,,,無年齡維度,0.0,女,遷出,新北市內,0
112,1,3,中和區,,,,無年齡維度,0.0,男,遷出,新北市內,0
112,1,3,中和區,,,,無年齡維度,0.0,女,遷出,桃園市,53
112,1,3,中和區,,,,無年齡維度,0.0,男,遷出,桃園市,50
112,1,3,中和區,,,,無年齡維度,0.0,女,遷出,福建省,10
112,1,3,中和區,,,,無年齡維度,0.0,男,遷出,福建省,9
112,1,3,中和區,,,,無年齡維度,0.0,女,遷出,臺中市,9
112,1,3,中和區,,,,無年齡維度,0.0,男,遷出,臺中市,9
112,1,3,中和區,,,,無年齡維度,0.0,女,遷出,臺北市,100
112,1,3,中和區,,,,無年齡維度,0.0,男,遷出,臺北市,72
112,1,3,中和區,,,,無年齡維度,0.0,女,遷出,臺南市,8
112,1,3,中和區,,,,無年齡維度,0.0,男,遷出,臺南市,7
112,1,3,中和區,,,,無年齡維度,0.0,女,遷出,臺灣省,81
112,1,3,中和區,,,,無年齡維度,0.0,男,遷出,臺灣省,60
112,1,3,中和區,,,,無年齡維度,0.0,女,遷出,高雄市,17
112,1,3,中和區,,,,無年齡維度,0.0,男,遷出,高雄市,14
112,1,4,永和區,,,,無年齡維度,0.0,女,遷入,migrants,134
112,1,4,永和區,,,,無年齡維度,0.0,男,遷入,migrants,120
112,1,4,永和區,,,,無年齡維度,0.0,女,遷入,other,0
112,1,4,永和區,,,,無年齡維度,0.0,男,遷入,other,0
112,1,4,永和區,,,,無年齡維度,0.0,女,遷入,其他縣市,0
112,1,4,永和區,,,,無年齡維度,0.0,男,遷入,其他縣市,0
112,1,4,永和區,,,,無年齡維度,0.0,女,遷入,其他鄉鎮,133
112,1,4,永和區,,,,無年齡維度,0.0,男,遷入,其他鄉鎮,111
112,1,4,永和區,,,,無年齡維度,0.0,女,遷入,合計,690
112,1,4,永和區,,,,無年齡維度,0.0,男,遷入,合計,666
112,1,4,永和區,,,,無年齡維度,0.0,女,遷入,國外,383
112,1,4,永和區,,,,無年齡維度,0.0,男,遷入,國外,392
112,1,4,永和區,,,,無年齡維度,0.0,女,遷入,新北市內,0
112,1,4,永和區,,,,無年齡維度,0.0,男,遷入,新北市內,0
112,1,4,永和區,,,,無年齡維度,0.0,女,遷入,桃園市,23
112,1,4,永和區,,,,無年齡維度,0.0,男,遷入,桃園市,8
112,1,4,永和區,,,,無年齡維度,0.0,女,遷入,福建省,4
112,1,4,永和區,,,,無年齡維度,0.0,男,遷入,福建省,5
112,1,4,永和區,,,,無年齡維度,0.0,女,遷入,臺中市,9
112,1,4,永和區,,,,無年齡維度,0.0,男,遷入,臺中市,6
112,1,4,永和區,,,,無年齡維度,0.0,女,遷入,臺北市,90
112,1,4,永和區,,,,無年齡維度,0.0,男,遷入,臺北市,92
112,1,4,永和區,,,,無年齡維度,0.0,女,遷入,臺南市,2
112,1,4,永和區,,,,無年齡維度,0.0,男,遷入,臺南市,8
112,1,4,永和區,,,,無年齡維度,0.0,女,遷入,臺灣省,29
112,1,4,永和區,,,,無年齡維度,0.0,男,遷入,臺灣省,34
112,1,4,永和區,,,,無年齡維度,0.0,女,遷入,高雄市,6
112,1,4,永和區,,,,無年齡維度,0.0,男,遷入,高雄市,7
112,1,4,永和區,,,,無年齡維度,0.0,女,遷出,migrants,134
112,1,4,永和區,,,,無年齡維度,0.0,男,遷出,migrants,120
112,1,4,永和區,,,,無年齡維度,0.0,女,遷出,other,0
112,1,4,永和區,,,,無年齡維度,0.0,男,遷出,other,0
112,1,4,永和區,,,,無年齡維度,0.0,女,遷出,其他縣市,0
112,1,4,永和區,,,,無年齡維度,0.0,男,遷出,其他縣市,0
112,1,4,永和區,,,,無年齡維度,0.0,女,遷出,其他鄉鎮,139
112,1,4,永和區,,,,無年齡維度,0.0,男,遷出,其他鄉鎮,124
112,1,4,永和區,,,,無年齡維度,0.0,女,遷出,合計,310
112,1,4,永和區,,,,無年齡維度,0.0,男,遷出,合計,270
112,1,4,永和區,,,,無年齡維度,0.0,女,遷出,國外,17
112,1,4,永和區,,,,無年齡維度,0.0,男,遷出,國外,11
112,1,4,永和區,,,,無年齡維度,0.0,女,遷出,新北市內,0
112,1,4,永和區,,,,無年齡維度,0.0,男,遷出,新北市內,0
112,1,4,永和區,,,,無年齡維度,0.0,女,遷出,桃園市,32
112,1,4,永和區,,,,無年齡維度,0.0,男,遷出,桃園市,27
112,1,4,永和區,,,,無年齡維度,0.0,女,遷出,福建省,4
112,1,4,永和區,,,,無年齡維度,0.0,男,遷出,福建省,5
112,1,4,永和區,,,,無年齡維度,0.0,女,遷出,臺中市,14
112,1,4,永和區,,,,無年齡維度,0.0,男,遷出,臺中市,9
112,1,4,永和區,,,,無年齡維度,0.0,女,遷出,臺北市,57
112,1,4,永和區,,,,無年齡維度,0.0,男,遷出,臺北市,59
112,1,4,永和區,,,,無年齡維度,0.0,女,遷出,臺南市,5
112,1,4,永和區,,,,無年齡維度,0.0,男,遷出,臺南市,5
112,1,4,永和區,,,,無年齡維度,0.0,女,遷出,臺灣省,37
112,1,4,永和區,,,,無年齡維度,0.0,男,遷出,臺灣省,25
112,1,4,永和區,,,,無年齡維度,0.0,女,遷出,高雄市,5
112,1,4,永和區,,,,無年齡維度,0.0,男,遷出,高雄市,5
112,1,5,新莊區,,,,無年齡維度,0.0,女,遷入,migrants,480
112,1,5,新莊區,,,,無年齡維度,0.0,男,遷入,migrants,374
112,1,5,新莊區,,,,無年齡維度,0.0,女,遷入,other,0
112,1,5,新莊區,,,,無年齡維度,0.0,男,遷入,other,0
112,1,5,新莊區,,,,無年齡維度,0.0,女,遷入,其他縣市,0
112,1,5,新莊區,,,,無年齡維度,0.0,男,遷入,其他縣市,0
112,1,5,新莊區,,,,無年齡維度,0.0,女,遷入,其他鄉鎮,222
112,1,5,新莊區,,,,無年齡維度,0.0,男,遷入,其他鄉鎮,166
112,1,5,新莊區,,,,無年齡維度,0.0,女,遷入,合計,917
112,1,5,新莊區,,,,無年齡維度,0.0,男,遷入,合計,915
112,1,5,新莊區,,,,無年齡維度,0.0,女,遷入,國外,401
112,1,5,新莊區,,,,無年齡維度,0.0,男,遷入,國外,445
112,1,5,新莊區,,,,無年齡維度,0.0,女,遷入,新北市內,0
112,1,5,新莊區,,,,無年齡維度,0.0,男,遷入,新北市內,0
112,1,5,新莊區,,,,無年齡維度,0.0,女,遷入,桃園市,45
112,1,5,新莊區,,,,無年齡維度,0.0,男,遷入,桃園市,44
112,1,5,新莊區,,,,無年齡維度,0.0,女,遷入,福建省,2
112,1,5,新莊區,,,,無年齡維度,0.0,男,遷入,福建省,4
112,1,5,新莊區,,,,無年齡維度,0.0,女,遷入,臺中市,12
112,1,5,新莊區,,,,無年齡維度,0.0,男,遷入,臺中市,11
112,1,5,新莊區,,,,無年齡維度,0.0,女,遷入,臺北市,130
112,1,5,新莊區,,,,無年齡維度,0.0,男,遷入,臺北市,136
112,1,5,新莊區,,,,無年齡維度,0.0,女,遷入,臺南市,8
112,1,5,新莊區,,,,無年齡維度,0.0,男,遷入,臺南市,9
112,1,5,新莊區,,,,無年齡維度,0.0,女,遷入,臺灣省,71
112,1,5,新莊區,,,,無年齡維度,0.0,男,遷入,臺灣省,77
112,1,5,新莊區,,,,無年齡維度,0.0,女,遷入,高雄市,9
112,1,5,新莊區,,,,無年齡維度,0.0,男,遷入,高雄市,14
112,1,5,新莊區,,,,無年齡維度,0.0,女,遷出,migrants,480
112,1,5,新莊區,,,,無年齡維度,0.0,男,遷出,migrants,374
112,1,5,新莊區,,,,無年齡維度,0.0,女,遷出,other,0
112,1,5,新莊區,,,,無年齡維度,0.0,男,遷出,other,0
112,1,5,新莊區,,,,無年齡維度,0.0,女,遷出,其他縣市,0
112,1,5,新莊區,,,,無年齡維度,0.0,男,遷出,其他縣市,0
112,1,5,新莊區,,,,無年齡維度,0.0,女,遷出,其他鄉鎮,205
112,1,5,新莊區,,,,無年齡維度,0.0,男,遷出,其他鄉鎮,163
112,1,5,新莊區,,,,無年齡維度,0.0,女,遷出,合計,498
112,1,5,新莊區,,,,無年齡維度,0.0,男,遷出,合計,437
112,1,5,新莊區,,,,無年齡維度,0.0,女,遷出,國外,4
112,1,5,新莊區,,,,無年齡維度,0.0,男,遷出,國外,14
112,1,5,新莊區,,,,無年齡維度,0.0,女,遷出,新北市內,0
112,1,5,新莊區,,,,無年齡維度,0.0,男,遷出,新北市內,0
112,1,5,新莊區,,,,無年齡維度,0.0,女,遷出,桃園市,107
112,1,5,新莊區,,,,無年齡維度,0.0,男,遷出,桃園市,102
112,1,5,新莊區,,,,無年齡維度,0.0,女,遷出,福建省,5
112,1,5,新莊區,,,,無年齡維度,0.0,男,遷出,福建省,7
112,1,5,新莊區,,,,無年齡維度,0.0,女,遷出,臺中市,22
112,1,5,新莊區,,,,無年齡維度,0.0,男,遷出,臺中市,18
112,1,5,新莊區,,,,無年齡維度,0.0,女,遷出,臺北市,59
112,1,5,新莊區,,,,無年齡維度,0.0,男,遷出,臺北市,46
112,1,5,新莊區,,,,無年齡維度,0.0,女,遷出,臺南市,11
112,1,5,新莊區,,,,無年齡維度,0.0,男,遷出,臺南市,8
112,1,5,新莊區,,,,無年齡維度,0.0,女,遷出,臺灣省,79
112,1,5,新莊區,,,,無年齡維度,0.0,男,遷出,臺灣省,75
112,1,5,新莊區,,,,無年齡維度,0.0,女,遷出,高雄市,6
112,1,5,新莊區,,,,無年齡維度,0.0,男,遷出,高雄市,4
112,1,6,新店區,,,,無年齡維度,0.0,女,遷入,migrants,248
112,1,6,新店區,,,,無年齡維度,0.0,男,遷入,migrants,269
112,1,6,新店區,,,,無年齡維度,0.0,女,遷入,other,0
112,1,6,新店區,,,,無年齡維度,0.0,男,遷入,other,0
112,1,6,新店區,,,,無年齡維度,0.0,女,遷入,其他縣市,0
112,1,6,新店區,,,,無年齡維度,0.0,男,遷入,其他縣市,0
112,1,6,新店區,,,,無年齡維度,0.0,女,遷入,其他鄉鎮,104
112,1,6,新店區,,,,無年齡維度,0.0,男,遷入,其他鄉鎮,77
112,1,6,新店區,,,,無年齡維度,0.0,女,遷入,合計,960
112,1,6,新店區,,,,無年齡維度,0.0,男,遷入,合計,894
112,1,6,新店區,,,,無年齡維度,0.0,女,遷入,國外,571
112,1,6,新店區,,,,無年齡維度,0.0,男,遷入,國外,563
112,1,6,新店區,,,,無年齡維度,0.0,女,遷入,新北市內,0
112,1,6,新店區,,,,無年齡維度,0.0,男,遷入,新北市內,0
112,1,6,新店區,,,,無年齡維度,0.0,女,遷入,桃園市,30
112,1,6,新店區,,,,無年齡維度,0.0,男,遷入,桃園市,26
112,1,6,新店區,,,,無年齡維度,0.0,女,遷入,福建省,1
112,1,6,新店區,,,,無年齡維度,0.0,男,遷入,福建省,2
112,1,6,新店區,,,,無年齡維度,0.0,女,遷入,臺中市,15
112,1,6,新店區,,,,無年齡維度,0.0,男,遷入,臺中市,13
112,1,6,新店區,,,,無年齡維度,0.0,女,遷入,臺北市,169
112,1,6,新店區,,,,無年齡維度,0.0,男,遷入,臺北市,151
112,1,6,新店區,,,,無年齡維度,0.0,女,遷入,臺南市,6
112,1,6,新店區,,,,無年齡維度,0.0,男,遷入,臺南市,3
112,1,6,新店區,,,,無年齡維度,0.0,女,遷入,臺灣省,41
112,1,6,新店區,,,,無年齡維度,0.0,男,遷入,臺灣省,47
112,1,6,新店區,,,,無年齡維度,0.0,女,遷入,高雄市,7
112,1,6,新店區,,,,無年齡維度,0.0,男,遷入,高雄市,5
112,1,6,新店區,,,,無年齡維度,0.0,女,遷出,migrants,248
112,1,6,新店區,,,,無年齡維度,0.0,男,遷出,migrants,269
112,1,6,新店區,,,,無年齡維度,0.0,女,遷出,other,0
112,1,6,新店區,,,,無年齡維度,0.0,男,遷出,other,0
112,1,6,新店區,,,,無年齡維度,0.0,女,遷出,其他縣市,0
112,1,6,新店區,,,,無年齡維度,0.0,男,遷出,其他縣市,0
112,1,6,新店區,,,,無年齡維度,0.0,女,遷出,其他鄉鎮,116
112,1,6,新店區,,,,無年齡維度,0.0,男,遷出,其他鄉鎮,96
112,1,6,新店區,,,,無年齡維度,0.0,女,遷出,合計,396
112,1,6,新店區,,,,無年齡維度,0.0,男,遷出,合計,356
112,1,6,新店區,,,,無年齡維度,0.0,女,遷出,國外,25
112,1,6,新店區,,,,無年齡維度,0.0,男,遷出,國外,20
112,1,6,新店區,,,,無年齡維度,0.0,女,遷出,新北市內,0
112,1,6,新店區,,,,無年齡維度,0.0,男,遷出,新北市內,0
112,1,6,新店區,,,,無年齡維度,0.0,女,遷出,桃園市,32
112,1,6,新店區,,,,無年齡維度,0.0,男,遷出,桃園市,30
112,1,6,新店區,,,,無年齡維度,0.0,女,遷出,福建省,9
112,1,6,新店區,,,,無年齡維度,0.0,男,遷出,福建省,4
112,1,6,新店區,,,,無年齡維度,0.0,女,遷出,臺中市,17
112,1,6,新店區,,,,無年齡維度,0.0,男,遷出,臺中市,12
112,1,6,新店區,,,,無年齡維度,0.0,女,遷出,臺北市,137
112,1,6,新店區,,,,無年齡維度,0.0,男,遷出,臺北市,132
112,1,6,新店區,,,,無年齡維度,0.0,女,遷出,臺南市,9
112,1,6,新店區,,,,無年齡維度,0.0,男,遷出,臺南市,4
112,1,6,新店區,,,,無年齡維度,0.0,女,遷出,臺灣省,39
112,1,6,新店區,,,,無年齡維度,0.0,男,遷出,臺灣省,49
112,1,6,新店區,,,,無年齡維度,0.0,女,遷出,高雄市,12
112,1,6,新店區,,,,無年齡維度,0.0,男,遷出,高雄市,8
112,1,7,土城區,,,,無年齡維度,0.0,女,遷入,migrants,174
112,1,7,土城區,,,,無年齡維度,0.0,男,遷入,migrants,130
112,1,7,土城區,,,,無年齡維度,0.0,女,遷入,other,0
112,1,7,土城區,,,,無年齡維度,0.0,男,遷入,other,0
112,1,7,土城區,,,,無年齡維度,0.0,女,遷入,其他縣市,0
112,1,7,土城區,,,,無年齡維度,0.0,男,遷入,其他縣市,0
112,1,7,土城區,,,,無年齡維度,0.0,女,遷入,其他鄉鎮,97
112,1,7,土城區,,,,無年齡維度,0.0,男,遷入,其他鄉鎮,91
112,1,7,土城區,,,,無年齡維度,0.0,女,遷入,合計,340
112,1,7,土城區,,,,無年齡維度,0.0,男,遷入,合計,364
112,1,7,土城區,,,,無年齡維度,0.0,女,遷入,國外,163
112,1,7,土城區,,,,無年齡維度,0.0,男,遷入,國外,187
112,1,7,土城區,,,,無年齡維度,0.0,女,遷入,新北市內,0
112,1,7,土城區,,,,無年齡維度,0.0,男,遷入,新北市內,0
112,1,7,土城區,,,,無年齡維度,0.0,女,遷入,桃園市,19
112,1,7,土城區,,,,無年齡維度,0.0,男,遷入,桃園市,18
112,1,7,土城區,,,,無年齡維度,0.0,女,遷入,福建省,1
112,1,7,土城區,,,,無年齡維度,0.0,男,遷入,福建省,0
112,1,7,土城區,,,,無年齡維度,0.0,女,遷入,臺中市,3
112,1,7,土城區,,,,無年齡維度,0.0,男,遷入,臺中市,4
112,1,7,土城區,,,,無年齡維度,0.0,女,遷入,臺北市,25
112,1,7,土城區,,,,無年齡維度,0.0,男,遷入,臺北市,26
112,1,7,土城區,,,,無年齡維度,0.0,女,遷入,臺南市,2
112,1,7,土城區,,,,無年齡維度,0.0,男,遷入,臺南市,1
112,1,7,土城區,,,,無年齡維度,0.0,女,遷入,臺灣省,22
112,1,7,土城區,,,,無年齡維度,0.0,男,遷入,臺灣省,32
112,1,7,土城區,,,,無年齡維度,0.0,女,遷入,高雄市,2
112,1,7,土城區,,,,無年齡維度,0.0,男,遷入,高雄市,2
112,1,7,土城區,,,,無年齡維度,0.0,女,遷出,migrants,174
112,1,7,土城區,,,,無年齡維度,0.0,男,遷出,migrants,130
112,1,7,土城區,,,,無年齡維度,0.0,女,遷出,other,0
112,1,7,土城區,,,,無年齡維度,0.0,男,遷出,other,0
112,1,7,土城區,,,,無年齡維度,0.0,女,遷出,其他縣市,0
112,1,7,土城區,,,,無年齡維度,0.0,男,遷出,其他縣市,0
112,1,7,土城區,,,,無年齡維度,0.0,女,遷出,其他鄉鎮,112
112,1,7,土城區,,,,無年齡維度,0.0,男,遷出,其他鄉鎮,79
112,1,7,土城區,,,,無年齡維度,0.0,女,遷出,合計,248
112,1,7,土城區,,,,無年齡維度,0.0,男,遷出,合計,205
112,1,7,土城區,,,,無年齡維度,0.0,女,遷出,國外,10
112,1,7,土城區,,,,無年齡維度,0.0,男,遷出,國外,10
112,1,7,土城區,,,,無年齡維度,0.0,女,遷出,新北市內,0
112,1,7,土城區,,,,無年齡維度,0.0,男,遷出,新北市內,0
112,1,7,土城區,,,,無年齡維度,0.0,女,遷出,桃園市,58
112,1,7,土城區,,,,無年齡維度,0.0,男,遷出,桃園市,57
112,1,7,土城區,,,,無年齡維度,0.0,女,遷出,福建省,1
112,1,7,土城區,,,,無年齡維度,0.0,男,遷出,福建省,3
112,1,7,土城區,,,,無年齡維度,0.0,女,遷出,臺中市,7
112,1,7,土城區,,,,無年齡維度,0.0,男,遷出,臺中市,4
112,1,7,土城區,,,,無年齡維度,0.0,女,遷出,臺北市,20
112,1,7,土城區,,,,無年齡維度,0.0,男,遷出,臺北市,16
112,1,7,土城區,,,,無年齡維度,0.0,女,遷出,臺南市,5
112,1,7,土城區,,,,無年齡維度,0.0,男,遷出,臺南市,5
112,1,7,土城區,,,,無年齡維度,0.0,女,遷出,臺灣省,28
112,1,7,土城區,,,,無年齡維度,0.0,男,遷出,臺灣省,29
112,1,7,土城區,,,,無年齡維度,0.0,女,遷出,高雄市,7
112,1,7,土城區,,,,無年齡維度,0.0,男,遷出,高雄市,2
112,1,8,蘆洲區,,,,無年齡維度,0.0,女,遷入,migrants,85
112,1,8,蘆洲區,,,,無年齡維度,0.0,男,遷入,migrants,85
112,1,8,蘆洲區,,,,無年齡維度,0.0,女,遷入,other,0
112,1,8,蘆洲區,,,,無年齡維度,0.0,男,遷入,other,0
112,1,8,蘆洲區,,,,無年齡維度,0.0,女,遷入,其他縣市,0
112,1,8,蘆洲區,,,,無年齡維度,0.0,男,遷入,其他縣市,0
112,1,8,蘆洲區,,,,無年齡維度,0.0,女,遷入,其他鄉鎮,57
112,1,8,蘆洲區,,,,無年齡維度,0.0,男,遷入,其他鄉鎮,46
112,1,8,蘆洲區,,,,無年齡維度,0.0,女,遷入,合計,205
112,1,8,蘆洲區,,,,無年齡維度,0.0,男,遷入,合計,181
112,1,8,蘆洲區,,,,無年齡維度,0.0,女,遷入,國外,73
112,1,8,蘆洲區,,,,無年齡維度,0.0,男,遷入,國外,72
112,1,8,蘆洲區,,,,無年齡維度,0.0,女,遷入,新北市內,0
112,1,8,蘆洲區,,,,無年齡維度,0.0,男,遷入,新北市內,0
112,1,8,蘆洲區,,,,無年齡維度,0.0,女,遷入,桃園市,39
112,1,8,蘆洲區,,,,無年齡維度,0.0,男,遷入,桃園市,35
112,1,8,蘆洲區,,,,無年齡維度,0.0,女,遷入,福建省,2
112,1,8,蘆洲區,,,,無年齡維度,0.0,男,遷入,福建省,0
112,1,8,蘆洲區,,,,無年齡維度,0.0,女,遷入,臺中市,3
112,1,8,蘆洲區,,,,無年齡維度,0.0,男,遷入,臺中市,2
112,1,8,蘆洲區,,,,無年齡維度,0.0,女,遷入,臺北市,6
112,1,8,蘆洲區,,,,無年齡維度,0.0,男,遷入,臺北市,7
112,1,8,蘆洲區,,,,無年齡維度,0.0,女,遷入,臺南市,1
112,1,8,蘆洲區,,,,無年齡維度,0.0,男,遷入,臺南市,2
112,1,8,蘆洲區,,,,無年齡維度,0.0,女,遷入,臺灣省,21
112,1,8,蘆洲區,,,,無年齡維度,0.0,男,遷入,臺灣省,12
112,1,8,蘆洲區,,,,無年齡維度,0.0,女,遷入,高雄市,2
112,1,8,蘆洲區,,,,無年齡維度,0.0,男,遷入,高雄市,2
112,1,8,蘆洲區,,,,無年齡維度,0.0,女,遷出,migrants,85
112,1,8,蘆洲區,,,,無年齡維度,0.0,男,遷出,migrants,85
112,1,8,蘆洲區,,,,無年齡維度,0.0,女,遷出,other,0
112,1,8,蘆洲區,,,,無年齡維度,0.0,男,遷出,other,0
112,1,8,蘆洲區,,,,無年齡維度,0.0,女,遷出,其他縣市,0
112,1,8,蘆洲區,,,,無年齡維度,0.0,男,遷出,其他縣市,0
112,1,8,蘆洲區,,,,無年齡維度,0.0,女,遷出,其他鄉鎮,33
112,1,8,蘆洲區,,,,無年齡維度,0.0,男,遷出,其他鄉鎮,24
112,1,8,蘆洲區,,,,無年齡維度,0.0,女,遷出,合計,170
112,1,8,蘆洲區,,,,無年齡維度,0.0,男,遷出,合計,126
112,1,8,蘆洲區,,,,無年齡維度,0.0,女,遷出,國外,2
112,1,8,蘆洲區,,,,無年齡維度,0.0,男,遷出,國外,2
112,1,8,蘆洲區,,,,無年齡維度,0.0,女,遷出,新北市內,0
112,1,8,蘆洲區,,,,無年齡維度,0.0,男,遷出,新北市內,0
112,1,8,蘆洲區,,,,無年齡維度,0.0,女,遷出,桃園市,88
112,1,8,蘆洲區,,,,無年齡維度,0.0,男,遷出,桃園市,72
112,1,8,蘆洲區,,,,無年齡維度,0.0,女,遷出,福建省,1
112,1,8,蘆洲區,,,,無年齡維度,0.0,男,遷出,福建省,3
112,1,8,蘆洲區,,,,無年齡維度,0.0,女,遷出,臺中市,6
112,1,8,蘆洲區,,,,無年齡維度,0.0,男,遷出,臺中市,3
112,1,8,蘆洲區,,,,無年齡維度,0.0,女,遷出,臺北市,9
112,1,8,蘆洲區,,,,無年齡維度,0.0,男,遷出,臺北市,5
112,1,8,蘆洲區,,,,無年齡維度,0.0,女,遷出,臺南市,4
112,1,8,蘆洲區,,,,無年齡維度,0.0,男,遷出,臺南市,2
112,1,8,蘆洲區,,,,無年齡維度,0.0,女,遷出,臺灣省,21
112,1,8,蘆洲區,,,,無年齡維度,0.0,男,遷出,臺灣省,11
112,1,8,蘆洲區,,,,無年齡維度,0.0,女,遷出,高雄市,6
112,1,8,蘆洲區,,,,無年齡維度,0.0,男,遷出,高雄市,4
112,1,9,樹林區,,,,無年齡維度,0.0,女,遷入,migrants,116
112,1,9,樹林區,,,,無年齡維度,0.0,男,遷入,migrants,92
112,1,9,樹林區,,,,無年齡維度,0.0,女,遷入,other,0
112,1,9,樹林區,,,,無年齡維度,0.0,男,遷入,other,0
112,1,9,樹林區,,,,無年齡維度,0.0,女,遷入,其他縣市,0
112,1,9,樹林區,,,,無年齡維度,0.0,男,遷入,其他縣市,0
112,1,9,樹林區,,,,無年齡維度,0.0,女,遷入,其他鄉鎮,66
112,1,9,樹林區,,,,無年齡維度,0.0,男,遷入,其他鄉鎮,43
112,1,9,樹林區,,,,無年齡維度,0.0,女,遷入,合計,233
112,1,9,樹林區,,,,無年齡維度,0.0,男,遷入,合計,214
112,1,9,樹林區,,,,無年齡維度,0.0,女,遷入,國外,109
112,1,9,樹林區,,,,無年齡維度,0.0,男,遷入,國外,108
112,1,9,樹林區,,,,無年齡維度,0.0,女,遷入,新北市內,0
112,1,9,樹林區,,,,無年齡維度,0.0,男,遷入,新北市內,0
112,1,9,樹林區,,,,無年齡維度,0.0,女,遷入,桃園市,12
112,1,9,樹林區,,,,無年齡維度,0.0,男,遷入,桃園市,9
112,1,9,樹林區,,,,無年齡維度,0.0,女,遷入,福建省,2
112,1,9,樹林區,,,,無年齡維度,0.0,男,遷入,福建省,2
112,1,9,樹林區,,,,無年齡維度,0.0,女,遷入,臺中市,2
112,1,9,樹林區,,,,無年齡維度,0.0,男,遷入,臺中市,3
112,1,9,樹林區,,,,無年齡維度,0.0,女,遷入,臺北市,17
112,1,9,樹林區,,,,無年齡維度,0.0,男,遷入,臺北市,16
112,1,9,樹林區,,,,無年齡維度,0.0,女,遷入,臺南市,1
112,1,9,樹林區,,,,無年齡維度,0.0,男,遷入,臺南市,2
112,1,9,樹林區,,,,無年齡維度,0.0,女,遷入,臺灣省,16
112,1,9,樹林區,,,,無年齡維度,0.0,男,遷入,臺灣省,18
112,1,9,樹林區,,,,無年齡維度,0.0,女,遷入,高雄市,3
112,1,9,樹林區,,,,無年齡維度,0.0,男,遷入,高雄市,9
112,1,9,樹林區,,,,無年齡維度,0.0,女,遷出,migrants,116
112,1,9,樹林區,,,,無年齡維度,0.0,男,遷出,migrants,92
112,1,9,樹林區,,,,無年齡維度,0.0,女,遷出,other,0
112,1,9,樹林區,,,,無年齡維度,0.0,男,遷出,other,0
112,1,9,樹林區,,,,無年齡維度,0.0,女,遷出,其他縣市,0
112,1,9,樹林區,,,,無年齡維度,0.0,男,遷出,其他縣市,0
112,1,9,樹林區,,,,無年齡維度,0.0,女,遷出,其他鄉鎮,61
112,1,9,樹林區,,,,無年齡維度,0.0,男,遷出,其他鄉鎮,51
112,1,9,樹林區,,,,無年齡維度,0.0,女,遷出,合計,152
112,1,9,樹林區,,,,無年齡維度,0.0,男,遷出,合計,128
112,1,9,樹林區,,,,無年齡維度,0.0,女,遷出,國外,3
112,1,9,樹林區,,,,無年齡維度,0.0,男,遷出,國外,5
112,1,9,樹林區,,,,無年齡維度,0.0,女,遷出,新北市內,0
112,1,9,樹林區,,,,無年齡維度,0.0,男,遷出,新北市內,0
112,1,9,樹林區,,,,無年齡維度,0.0,女,遷出,桃園市,36
112,1,9,樹林區,,,,無年齡維度,0.0,男,遷出,桃園市,41
112,1,9,樹林區,,,,無年齡維度,0.0,女,遷出,福建省,0
112,1,9,樹林區,,,,無年齡維度,0.0,男,遷出,福建省,1
112,1,9,樹林區,,,,無年齡維度,0.0,女,遷出,臺中市,5
112,1,9,樹林區,,,,無年齡維度,0.0,男,遷出,臺中市,1
112,1,9,樹林區,,,,無年齡維度,0.0,女,遷出,臺北市,15
112,1,9,樹林區,,,,無年齡維度,0.0,男,遷出,臺北市,7
112,1,9,樹林區,,,,無年齡維度,0.0,女,遷出,臺南市,3
112,1,9,樹林區,,,,無年齡維度,0.0,男,遷出,臺南市,2
112,1,9,樹林區,,,,無年齡維度,0.0,女,遷出,臺灣省,24
112,1,9,樹林區,,,,無年齡維度,0.0,男,遷出,臺灣省,17
112,1,9,樹林區,,,,無年齡維度,0.0,女,遷出,高雄市,5
112,1,9,樹林區,,,,無年齡維度,0.0,男,遷出,高雄市,3
112,1,10,鶯歌區,,,,無年齡維度,0.0,女,遷入,migrants,205
112,1,10,鶯歌區,,,,無年齡維度,0.0,男,遷入,migrants,185
112,1,10,鶯歌區,,,,無年齡維度,0.0,女,遷入,other,0
112,1,10,鶯歌區,,,,無年齡維度,0.0,男,遷入,other,0
112,1,10,鶯歌區,,,,無年齡維度,0.0,女,遷入,其他縣市,0
112,1,10,鶯歌區,,,,無年齡維度,0.0,男,遷入,其他縣市,0
112,1,10,鶯歌區,,,,無年齡維度,0.0,女,遷入,其他鄉鎮,134
112,1,10,鶯歌區,,,,無年齡維度,0.0,男,遷入,其他鄉鎮,91
112,1,10,鶯歌區,,,,無年齡維度,0.0,女,遷入,合計,717
112,1,10,鶯歌區,,,,無年齡維度,0.0,男,遷入,合計,607
112,1,10,鶯歌區,,,,無年齡維度,0.0,女,遷入,國外,321
112,1,10,鶯歌區,,,,無年齡維度,0.0,男,遷入,國外,284
112,1,10,鶯歌區,,,,無年齡維度,0.0,女,遷入,新北市內,0
112,1,10,鶯歌區,,,,無年齡維度,0.0,男,遷入,新北市內,0
112,1,10,鶯歌區,,,,無年齡維度,0.0,女,遷入,桃園市,21
112,1,10,鶯歌區,,,,無年齡維度,0.0,男,遷入,桃園市,14
112,1,10,鶯歌區,,,,無年齡維度,0.0,女,遷入,福建省,0
112,1,10,鶯歌區,,,,無年齡維度,0.0,男,遷入,福建省,2
112,1,10,鶯歌區,,,,無年齡維度,0.0,女,遷入,臺中市,9
112,1,10,鶯歌區,,,,無年齡維度,0.0,男,遷入,臺中市,8
112,1,10,鶯歌區,,,,無年齡維度,0.0,女,遷入,臺北市,177
112,1,10,鶯歌區,,,,無年齡維度,0.0,男,遷入,臺北市,163
112,1,10,鶯歌區,,,,無年齡維度,0.0,女,遷入,臺南市,1
112,1,10,鶯歌區,,,,無年齡維度,0.0,男,遷入,臺南市,6
112,1,10,鶯歌區,,,,無年齡維度,0.0,女,遷入,臺灣省,30
112,1,10,鶯歌區,,,,無年齡維度,0.0,男,遷入,臺灣省,24
112,1,10,鶯歌區,,,,無年齡維度,0.0,女,遷入,高雄市,9
112,1,10,鶯歌區,,,,無年齡維度,0.0,男,遷入,高雄市,7
112,1,10,鶯歌區,,,,無年齡維度,0.0,女,遷出,migrants,205
112,1,10,鶯歌區,,,,無年齡維度,0.0,男,遷出,migrants,185
112,1,10,鶯歌區,,,,無年齡維度,0.0,女,遷出,other,0
112,1,10,鶯歌區,,,,無年齡維度,0.0,男,遷出,other,0
112,1,10,鶯歌區,,,,無年齡維度,0.0,女,遷出,其他縣市,0
112,1,10,鶯歌區,,,,無年齡維度,0.0,男,遷出,其他縣市,0
112,1,10,鶯歌區,,,,無年齡維度,0.0,女,遷出,其他鄉鎮,74
112,1,10,鶯歌區,,,,無年齡維度,0.0,男,遷出,其他鄉鎮,50
112,1,10,鶯歌區,,,,無年齡維度,0.0,女,遷出,合計,274
112,1,10,鶯歌區,,,,無年齡維度,0.0,男,遷出,合計,224
112,1,10,鶯歌區,,,,無年齡維度,0.0,女,遷出,國外,15
112,1,10,鶯歌區,,,,無年齡維度,0.0,男,遷出,國外,14
112,1,10,鶯歌區,,,,無年齡維度,0.0,女,遷出,新北市內,0
112,1,10,鶯歌區,,,,無年齡維度,0.0,男,遷出,新北市內,0
112,1,10,鶯歌區,,,,無年齡維度,0.0,女,遷出,桃園市,19
112,1,10,鶯歌區,,,,無年齡維度,0.0,男,遷出,桃園市,21
112,1,10,鶯歌區,,,,無年齡維度,0.0,女,遷出,福建省,2
112,1,10,鶯歌區,,,,無年齡維度,0.0,男,遷出,福建省,1
112,1,10,鶯歌區,,,,無年齡維度,0.0,女,遷出,臺中市,10
112,1,10,鶯歌區,,,,無年齡維度,0.0,男,遷出,臺中市,6
112,1,10,鶯歌區,,,,無年齡維度,0.0,女,遷出,臺北市,100
112,1,10,鶯歌區,,,,無年齡維度,0.0,男,遷出,臺北市,79
112,1,10,鶯歌區,,,,無年齡維度,0.0,女,遷出,臺南市,12
112,1,10,鶯歌區,,,,無年齡維度,0.0,男,遷出,臺南市,7
112,1,10,鶯歌區,,,,無年齡維度,0.0,女,遷出,臺灣省,33
112,1,10,鶯歌區,,,,無年齡維度,0.0,男,遷出,臺灣省,38
112,1,10,鶯歌區,,,,無年齡維度,0.0,女,遷出,高雄市,9
112,1,10,鶯歌區,,,,無年齡維度,0.0,男,遷出,高雄市,8
112,1,11,三峽區,,,,無年齡維度,0.0,女,遷入,migrants,209
112,1,11,三峽區,,,,無年齡維度,0.0,男,遷入,migrants,181
112,1,11,三峽區,,,,無年齡維度,0.0,女,遷入,other,0
112,1,11,三峽區,,,,無年齡維度,0.0,男,遷入,other,0
112,1,11,三峽區,,,,無年齡維度,0.0,女,遷入,其他縣市,0
112,1,11,三峽區,,,,無年齡維度,0.0,男,遷入,其他縣市,0
112,1,11,三峽區,,,,無年齡維度,0.0,女,遷入,其他鄉鎮,48
112,1,11,三峽區,,,,無年齡維度,0.0,男,遷入,其他鄉鎮,50
112,1,11,三峽區,,,,無年齡維度,0.0,女,遷入,合計,503
112,1,11,三峽區,,,,無年齡維度,0.0,男,遷入,合計,519
112,1,11,三峽區,,,,無年齡維度,0.0,女,遷入,國外,242
112,1,11,三峽區,,,,無年齡維度,0.0,男,遷入,國外,238
112,1,11,三峽區,,,,無年齡維度,0.0,女,遷入,新北市內,0
112,1,11,三峽區,,,,無年齡維度,0.0,男,遷入,新北市內,0
112,1,11,三峽區,,,,無年齡維度,0.0,女,遷入,桃園市,6
112,1,11,三峽區,,,,無年齡維度,0.0,男,遷入,桃園市,11
112,1,11,三峽區,,,,無年齡維度,0.0,女,遷入,福建省,0
112,1,11,三峽區,,,,無年齡維度,0.0,男,遷入,福建省,2
112,1,11,三峽區,,,,無年齡維度,0.0,女,遷入,臺中市,3
112,1,11,三峽區,,,,無年齡維度,0.0,男,遷入,臺中市,7
112,1,11,三峽區,,,,無年齡維度,0.0,女,遷入,臺北市,148
112,1,11,三峽區,,,,無年齡維度,0.0,男,遷入,臺北市,139
112,1,11,三峽區,,,,無年齡維度,0.0,女,遷入,臺南市,1
112,1,11,三峽區,,,,無年齡維度,0.0,男,遷入,臺南市,5
112,1,11,三峽區,,,,無年齡維度,0.0,女,遷入,臺灣省,45
112,1,11,三峽區,,,,無年齡維度,0.0,男,遷入,臺灣省,59
112,1,11,三峽區,,,,無年齡維度,0.0,女,遷入,高雄市,5
112,1,11,三峽區,,,,無年齡維度,0.0,男,遷入,高雄市,4
112,1,11,三峽區,,,,無年齡維度,0.0,女,遷出,migrants,209
112,1,11,三峽區,,,,無年齡維度,0.0,男,遷出,migrants,181
112,1,11,三峽區,,,,無年齡維度,0.0,女,遷出,other,0
112,1,11,三峽區,,,,無年齡維度,0.0,男,遷出,other,0
112,1,11,三峽區,,,,無年齡維度,0.0,女,遷出,其他縣市,0
112,1,11,三峽區,,,,無年齡維度,0.0,男,遷出,其他縣市,0
112,1,11,三峽區,,,,無年齡維度,0.0,女,遷出,其他鄉鎮,57
112,1,11,三峽區,,,,無年齡維度,0.0,男,遷出,其他鄉鎮,49
112,1,11,三峽區,,,,無年齡維度,0.0,女,遷出,合計,270
112,1,11,三峽區,,,,無年齡維度,0.0,男,遷出,合計,240
112,1,11,三峽區,,,,無年齡維度,0.0,女,遷出,國外,10
112,1,11,三峽區,,,,無年齡維度,0.0,男,遷出,國外,11
112,1,11,三峽區,,,,無年齡維度,0.0,女,遷出,新北市內,0
112,1,11,三峽區,,,,無年齡維度,0.0,男,遷出,新北市內,0
112,1,11,三峽區,,,,無年齡維度,0.0,女,遷出,桃園市,22
112,1,11,三峽區,,,,無年齡維度,0.0,男,遷出,桃園市,23
112,1,11,三峽區,,,,無年齡維度,0.0,女,遷出,福建省,2
112,1,11,三峽區,,,,無年齡維度,0.0,男,遷出,福建省,3
112,1,11,三峽區,,,,無年齡維度,0.0,女,遷出,臺中市,14
112,1,11,三峽區,,,,無年齡維度,0.0,男,遷出,臺中市,11
112,1,11,三峽區,,,,無年齡維度,0.0,女,遷出,臺北市,114
112,1,11,三峽區,,,,無年齡維度,0.0,男,遷出,臺北市,95
112,1,11,三峽區,,,,無年齡維度,0.0,女,遷出,臺南市,7
112,1,11,三峽區,,,,無年齡維度,0.0,男,遷出,臺南市,5
112,1,11,三峽區,,,,無年齡維度,0.0,女,遷出,臺灣省,41
112,1,11,三峽區,,,,無年齡維度,0.0,男,遷出,臺灣省,37
112,1,11,三峽區,,,,無年齡維度,0.0,女,遷出,高雄市,3
112,1,11,三峽區,,,,無年齡維度,0.0,男,遷出,高雄市,6
112,1,12,淡水區,,,,無年齡維度,0.0,女,遷入,migrants,14
112,1,12,淡水區,,,,無年齡維度,0.0,男,遷入,migrants,14
112,1,12,淡水區,,,,無年齡維度,0.0,女,遷入,other,0
112,1,12,淡水區,,,,無年齡維度,0.0,男,遷入,other,0
112,1,12,淡水區,,,,無年齡維度,0.0,女,遷入,其他縣市,0
112,1,12,淡水區,,,,無年齡維度,0.0,男,遷入,其他縣市,0
112,1,12,淡水區,,,,無年齡維度,0.0,女,遷入,其他鄉鎮,6
112,1,12,淡水區,,,,無年齡維度,0.0,男,遷入,其他鄉鎮,5
112,1,12,淡水區,,,,無年齡維度,0.0,女,遷入,合計,53
112,1,12,淡水區,,,,無年齡維度,0.0,男,遷入,合計,48
112,1,12,淡水區,,,,無年齡維度,0.0,女,遷入,國外,24
112,1,12,淡水區,,,,無年齡維度,0.0,男,遷入,國外,33
112,1,12,淡水區,,,,無年齡維度,0.0,女,遷入,新北市內,0
112,1,12,淡水區,,,,無年齡維度,0.0,男,遷入,新北市內,0
112,1,12,淡水區,,,,無年齡維度,0.0,女,遷入,桃園市,2
112,1,12,淡水區,,,,無年齡維度,0.0,男,遷入,桃園市,1
112,1,12,淡水區,,,,無年齡維度,0.0,女,遷入,福建省,0
112,1,12,淡水區,,,,無年齡維度,0.0,男,遷入,福建省,0
112,1,12,淡水區,,,,無年齡維度,0.0,女,遷入,臺中市,0
112,1,12,淡水區,,,,無年齡維度,0.0,男,遷入,臺中市,2
112,1,12,淡水區,,,,無年齡維度,0.0,女,遷入,臺北市,4
112,1,12,淡水區,,,,無年齡維度,0.0,男,遷入,臺北市,1
112,1,12,淡水區,,,,無年齡維度,0.0,女,遷入,臺南市,0
112,1,12,淡水區,,,,無年齡維度,0.0,男,遷入,臺南市,0
112,1,12,淡水區,,,,無年齡維度,0.0,女,遷入,臺灣省,16
112,1,12,淡水區,,,,無年齡維度,0.0,男,遷入,臺灣省,6
112,1,12,淡水區,,,,無年齡維度,0.0,女,遷入,高雄市,0
112,1,12,淡水區,,,,無年齡維度,0.0,男,遷入,高雄市,0
112,1,12,淡水區,,,,無年齡維度,0.0,女,遷出,migrants,14
112,1,12,淡水區,,,,無年齡維度,0.0,男,遷出,migrants,14
112,1,12,淡水區,,,,無年齡維度,0.0,女,遷出,other,0
112,1,12,淡水區,,,,無年齡維度,0.0,男,遷出,other,0
112,1,12,淡水區,,,,無年齡維度,0.0,女,遷出,其他縣市,0
112,1,12,淡水區,,,,無年齡維度,0.0,男,遷出,其他縣市,0
112,1,12,淡水區,,,,無年齡維度,0.0,女,遷出,其他鄉鎮,12
112,1,12,淡水區,,,,無年齡維度,0.0,男,遷出,其他鄉鎮,12
112,1,12,淡水區,,,,無年齡維度,0.0,女,遷出,合計,60
112,1,12,淡水區,,,,無年齡維度,0.0,男,遷出,合計,40
112,1,12,淡水區,,,,無年齡維度,0.0,女,遷出,國外,1
112,1,12,淡水區,,,,無年齡維度,0.0,男,遷出,國外,0
112,1,12,淡水區,,,,無年齡維度,0.0,女,遷出,新北市內,0
112,1,12,淡水區,,,,無年齡維度,0.0,男,遷出,新北市內,0
112,1,12,淡水區,,,,無年齡維度,0.0,女,遷出,桃園市,5
112,1,12,淡水區,,,,無年齡維度,0.0,男,遷出,桃園市,3
112,1,12,淡水區,,,,無年齡維度,0.0,女,遷出,福建省,0
112,1,12,淡水區,,,,無年齡維度,0.0,男,遷出,福建省,0
112,1,12,淡水區,,,,無年齡維度,0.0,女,遷出,臺中市,3
112,1,12,淡水區,,,,無年齡維度,0.0,男,遷出,臺中市,0
112,1,12,淡水區,,,,無年齡維度,0.0,女,遷出,臺北市,6
112,1,12,淡水區,,,,無年齡維度,0.0,男,遷出,臺北市,6
112,1,12,淡水區,,,,無年齡維度,0.0,女,遷出,臺南市,0
112,1,12,淡水區,,,,無年齡維度,0.0,男,遷出,臺南市,1
112,1,12,淡水區,,,,無年齡維度,0.0,女,遷出,臺灣省,31
112,1,12,淡水區,,,,無年齡維度,0.0,男,遷出,臺灣省,16
112,1,12,淡水區,,,,無年齡維度,0.0,女,遷出,高雄市,2
112,1,12,淡水區,,,,無年齡維度,0.0,男,遷出,高雄市,2
112,1,13,汐止區,,,,無年齡維度,0.0,女,遷入,migrants,265
112,1,13,汐止區,,,,無年齡維度,0.0,男,遷入,migrants,218
112,1,13,汐止區,,,,無年齡維度,0.0,女,遷入,other,0
112,1,13,汐止區,,,,無年齡維度,0.0,男,遷入,other,0
112,1,13,汐止區,,,,無年齡維度,0.0,女,遷入,其他縣市,0
112,1,13,汐止區,,,,無年齡維度,0.0,男,遷入,其他縣市,0
112,1,13,汐止區,,,,無年齡維度,0.0,女,遷入,其他鄉鎮,164
112,1,13,汐止區,,,,無年齡維度,0.0,男,遷入,其他鄉鎮,140
112,1,13,汐止區,,,,無年齡維度,0.0,女,遷入,合計,505
112,1,13,汐止區,,,,無年齡維度,0.0,男,遷入,合計,510
112,1,13,汐止區,,,,無年齡維度,0.0,女,遷入,國外,195
112,1,13,汐止區,,,,無年齡維度,0.0,男,遷入,國外,232
112,1,13,汐止區,,,,無年齡維度,0.0,女,遷入,新北市內,0
112,1,13,汐止區,,,,無年齡維度,0.0,男,遷入,新北市內,0
112,1,13,汐止區,,,,無年齡維度,0.0,女,遷入,桃園市,16
112,1,13,汐止區,,,,無年齡維度,0.0,男,遷入,桃園市,21
112,1,13,汐止區,,,,無年齡維度,0.0,女,遷入,福建省,3
112,1,13,汐止區,,,,無年齡維度,0.0,男,遷入,福建省,4
112,1,13,汐止區,,,,無年齡維度,0.0,女,遷入,臺中市,6
112,1,13,汐止區,,,,無年齡維度,0.0,男,遷入,臺中市,6
112,1,13,汐止區,,,,無年齡維度,0.0,女,遷入,臺北市,59
112,1,13,汐止區,,,,無年齡維度,0.0,男,遷入,臺北市,52
112,1,13,汐止區,,,,無年齡維度,0.0,女,遷入,臺南市,3
112,1,13,汐止區,,,,無年齡維度,0.0,男,遷入,臺南市,5
112,1,13,汐止區,,,,無年齡維度,0.0,女,遷入,臺灣省,47
112,1,13,汐止區,,,,無年齡維度,0.0,男,遷入,臺灣省,39
112,1,13,汐止區,,,,無年齡維度,0.0,女,遷入,高雄市,7
112,1,13,汐止區,,,,無年齡維度,0.0,男,遷入,高雄市,4
112,1,13,汐止區,,,,無年齡維度,0.0,女,遷出,migrants,265
112,1,13,汐止區,,,,無年齡維度,0.0,男,遷出,migrants,218
112,1,13,汐止區,,,,無年齡維度,0.0,女,遷出,other,0
112,1,13,汐止區,,,,無年齡維度,0.0,男,遷出,other,0
112,1,13,汐止區,,,,無年齡維度,0.0,女,遷出,其他縣市,0
112,1,13,汐止區,,,,無年齡維度,0.0,男,遷出,其他縣市,0
112,1,13,汐止區,,,,無年齡維度,0.0,女,遷出,其他鄉鎮,130
112,1,13,汐止區,,,,無年齡維度,0.0,男,遷出,其他鄉鎮,99
112,1,13,汐止區,,,,無年齡維度,0.0,女,遷出,合計,275
112,1,13,汐止區,,,,無年齡維度,0.0,男,遷出,合計,231
112,1,13,汐止區,,,,無年齡維度,0.0,女,遷出,國外,2
112,1,13,汐止區,,,,無年齡維度,0.0,男,遷出,國外,4
112,1,13,汐止區,,,,無年齡維度,0.0,女,遷出,新北市內,0
112,1,13,汐止區,,,,無年齡維度,0.0,男,遷出,新北市內,0
112,1,13,汐止區,,,,無年齡維度,0.0,女,遷出,桃園市,43
112,1,13,汐止區,,,,無年齡維度,0.0,男,遷出,桃園市,35
112,1,13,汐止區,,,,無年齡維度,0.0,女,遷出,福建省,5
112,1,13,汐止區,,,,無年齡維度,0.0,男,遷出,福建省,5
112,1,13,汐止區,,,,無年齡維度,0.0,女,遷出,臺中市,15
112,1,13,汐止區,,,,無年齡維度,0.0,男,遷出,臺中市,11
112,1,13,汐止區,,,,無年齡維度,0.0,女,遷出,臺北市,31
112,1,13,汐止區,,,,無年齡維度,0.0,男,遷出,臺北市,24
112,1,13,汐止區,,,,無年齡維度,0.0,女,遷出,臺南市,10
112,1,13,汐止區,,,,無年齡維度,0.0,男,遷出,臺南市,6
112,1,13,汐止區,,,,無年齡維度,0.0,女,遷出,臺灣省,34
112,1,13,汐止區,,,,無年齡維度,0.0,男,遷出,臺灣省,39
112,1,13,汐止區,,,,無年齡維度,0.0,女,遷出,高雄市,5
112,1,13,汐止區,,,,無年齡維度,0.0,男,遷出,高雄市,8
112,1,14,瑞芳區,,,,無年齡維度,0.0,女,遷入,migrants,191
112,1,14,瑞芳區,,,,無年齡維度,0.0,男,遷入,migrants,140
112,1,14,瑞芳區,,,,無年齡維度,0.0,女,遷入,other,0
112,1,14,瑞芳區,,,,無年齡維度,0.0,男,遷入,other,0
112,1,14,瑞芳區,,,,無年齡維度,0.0,女,遷入,其他縣市,0
112,1,14,瑞芳區,,,,無年齡維度,0.0,男,遷入,其他縣市,0
112,1,14,瑞芳區,,,,無年齡維度,0.0,女,遷入,其他鄉鎮,122
112,1,14,瑞芳區,,,,無年齡維度,0.0,男,遷入,其他鄉鎮,68
112,1,14,瑞芳區,,,,無年齡維度,0.0,女,遷入,合計,436
112,1,14,瑞芳區,,,,無年齡維度,0.0,男,遷入,合計,385
112,1,14,瑞芳區,,,,無年齡維度,0.0,女,遷入,國外,186
112,1,14,瑞芳區,,,,無年齡維度,0.0,男,遷入,國外,192
112,1,14,瑞芳區,,,,無年齡維度,0.0,女,遷入,新北市內,0
112,1,14,瑞芳區,,,,無年齡維度,0.0,男,遷入,新北市內,0
112,1,14,瑞芳區,,,,無年齡維度,0.0,女,遷入,桃園市,18
112,1,14,瑞芳區,,,,無年齡維度,0.0,男,遷入,桃園市,5
112,1,14,瑞芳區,,,,無年齡維度,0.0,女,遷入,福建省,0
112,1,14,瑞芳區,,,,無年齡維度,0.0,男,遷入,福建省,0
112,1,14,瑞芳區,,,,無年齡維度,0.0,女,遷入,臺中市,3
112,1,14,瑞芳區,,,,無年齡維度,0.0,男,遷入,臺中市,4
112,1,14,瑞芳區,,,,無年齡維度,0.0,女,遷入,臺北市,71
112,1,14,瑞芳區,,,,無年齡維度,0.0,男,遷入,臺北市,79
112,1,14,瑞芳區,,,,無年齡維度,0.0,女,遷入,臺南市,2
112,1,14,瑞芳區,,,,無年齡維度,0.0,男,遷入,臺南市,0
112,1,14,瑞芳區,,,,無年齡維度,0.0,女,遷入,臺灣省,25
112,1,14,瑞芳區,,,,無年齡維度,0.0,男,遷入,臺灣省,32
112,1,14,瑞芳區,,,,無年齡維度,0.0,女,遷入,高雄市,2
112,1,14,瑞芳區,,,,無年齡維度,0.0,男,遷入,高雄市,1
112,1,14,瑞芳區,,,,無年齡維度,0.0,女,遷出,migrants,191
112,1,14,瑞芳區,,,,無年齡維度,0.0,男,遷出,migrants,140
112,1,14,瑞芳區,,,,無年齡維度,0.0,女,遷出,other,0
112,1,14,瑞芳區,,,,無年齡維度,0.0,男,遷出,other,0
112,1,14,瑞芳區,,,,無年齡維度,0.0,女,遷出,其他縣市,0
112,1,14,瑞芳區,,,,無年齡維度,0.0,男,遷出,其他縣市,0
112,1,14,瑞芳區,,,,無年齡維度,0.0,女,遷出,其他鄉鎮,166
112,1,14,瑞芳區,,,,無年齡維度,0.0,男,遷出,其他鄉鎮,135
112,1,14,瑞芳區,,,,無年齡維度,0.0,女,遷出,合計,286
112,1,14,瑞芳區,,,,無年齡維度,0.0,男,遷出,合計,246
112,1,14,瑞芳區,,,,無年齡維度,0.0,女,遷出,國外,6
112,1,14,瑞芳區,,,,無年齡維度,0.0,男,遷出,國外,4
112,1,14,瑞芳區,,,,無年齡維度,0.0,女,遷出,新北市內,0
112,1,14,瑞芳區,,,,無年齡維度,0.0,男,遷出,新北市內,0
112,1,14,瑞芳區,,,,無年齡維度,0.0,女,遷出,桃園市,19
112,1,14,瑞芳區,,,,無年齡維度,0.0,男,遷出,桃園市,25
112,1,14,瑞芳區,,,,無年齡維度,0.0,女,遷出,福建省,1
112,1,14,瑞芳區,,,,無年齡維度,0.0,男,遷出,福建省,4
112,1,14,瑞芳區,,,,無年齡維度,0.0,女,遷出,臺中市,11
112,1,14,瑞芳區,,,,無年齡維度,0.0,男,遷出,臺中市,10
112,1,14,瑞芳區,,,,無年齡維度,0.0,女,遷出,臺北市,43
112,1,14,瑞芳區,,,,無年齡維度,0.0,男,遷出,臺北市,34
112,1,14,瑞芳區,,,,無年齡維度,0.0,女,遷出,臺南市,4
112,1,14,瑞芳區,,,,無年齡維度,0.0,男,遷出,臺南市,4
112,1,14,瑞芳區,,,,無年齡維度,0.0,女,遷出,臺灣省,31
112,1,14,瑞芳區,,,,無年齡維度,0.0,男,遷出,臺灣省,25
112,1,14,瑞芳區,,,,無年齡維度,0.0,女,遷出,高雄市,5
112,1,14,瑞芳區,,,,無年齡維度,0.0,男,遷出,高雄市,4
112,1,15,五股區,,,,無年齡維度,0.0,女,遷入,migrants,65
112,1,15,五股區,,,,無年齡維度,0.0,男,遷入,migrants,56
112,1,15,五股區,,,,無年齡維度,0.0,女,遷入,other,0
112,1,15,五股區,,,,無年齡維度,0.0,男,遷入,other,0
112,1,15,五股區,,,,無年齡維度,0.0,女,遷入,其他縣市,0
112,1,15,五股區,,,,無年齡維度,0.0,男,遷入,其他縣市,0
112,1,15,五股區,,,,無年齡維度,0.0,女,遷入,其他鄉鎮,105
112,1,15,五股區,,,,無年齡維度,0.0,男,遷入,其他鄉鎮,105
112,1,15,五股區,,,,無年齡維度,0.0,女,遷入,合計,253
112,1,15,五股區,,,,無年齡維度,0.0,男,遷入,合計,283
112,1,15,五股區,,,,無年齡維度,0.0,女,遷入,國外,90
112,1,15,五股區,,,,無年齡維度,0.0,男,遷入,國外,113
112,1,15,五股區,,,,無年齡維度,0.0,女,遷入,新北市內,0
112,1,15,五股區,,,,無年齡維度,0.0,男,遷入,新北市內,0
112,1,15,五股區,,,,無年齡維度,0.0,女,遷入,桃園市,7
112,1,15,五股區,,,,無年齡維度,0.0,男,遷入,桃園市,6
112,1,15,五股區,,,,無年齡維度,0.0,女,遷入,福建省,0
112,1,15,五股區,,,,無年齡維度,0.0,男,遷入,福建省,1
112,1,15,五股區,,,,無年齡維度,0.0,女,遷入,臺中市,2
112,1,15,五股區,,,,無年齡維度,0.0,男,遷入,臺中市,4
112,1,15,五股區,,,,無年齡維度,0.0,女,遷入,臺北市,26
112,1,15,五股區,,,,無年齡維度,0.0,男,遷入,臺北市,26
112,1,15,五股區,,,,無年齡維度,0.0,女,遷入,臺南市,2
112,1,15,五股區,,,,無年齡維度,0.0,男,遷入,臺南市,3
112,1,15,五股區,,,,無年齡維度,0.0,女,遷入,臺灣省,13
112,1,15,五股區,,,,無年齡維度,0.0,男,遷入,臺灣省,18
112,1,15,五股區,,,,無年齡維度,0.0,女,遷入,高雄市,3
112,1,15,五股區,,,,無年齡維度,0.0,男,遷入,高雄市,4
112,1,15,五股區,,,,無年齡維度,0.0,女,遷出,migrants,65
112,1,15,五股區,,,,無年齡維度,0.0,男,遷出,migrants,56
112,1,15,五股區,,,,無年齡維度,0.0,女,遷出,other,0
112,1,15,五股區,,,,無年齡維度,0.0,男,遷出,other,0
112,1,15,五股區,,,,無年齡維度,0.0,女,遷出,其他縣市,0
112,1,15,五股區,,,,無年齡維度,0.0,男,遷出,其他縣市,0
112,1,15,五股區,,,,無年齡維度,0.0,女,遷出,其他鄉鎮,86
112,1,15,五股區,,,,無年齡維度,0.0,男,遷出,其他鄉鎮,63
112,1,15,五股區,,,,無年齡維度,0.0,女,遷出,合計,165
112,1,15,五股區,,,,無年齡維度,0.0,男,遷出,合計,114
112,1,15,五股區,,,,無年齡維度,0.0,女,遷出,國外,3
112,1,15,五股區,,,,無年齡維度,0.0,男,遷出,國外,2
112,1,15,五股區,,,,無年齡維度,0.0,女,遷出,新北市內,0
112,1,15,五股區,,,,無年齡維度,0.0,男,遷出,新北市內,0
112,1,15,五股區,,,,無年齡維度,0.0,女,遷出,桃園市,8
112,1,15,五股區,,,,無年齡維度,0.0,男,遷出,桃園市,16
112,1,15,五股區,,,,無年齡維度,0.0,女,遷出,福建省,1
112,1,15,五股區,,,,無年齡維度,0.0,男,遷出,福建省,1
112,1,15,五股區,,,,無年齡維度,0.0,女,遷出,臺中市,11
112,1,15,五股區,,,,無年齡維度,0.0,男,遷出,臺中市,4
112,1,15,五股區,,,,無年齡維度,0.0,女,遷出,臺北市,29
112,1,15,五股區,,,,無年齡維度,0.0,男,遷出,臺北市,13
112,1,15,五股區,,,,無年齡維度,0.0,女,遷出,臺南市,3
112,1,15,五股區,,,,無年齡維度,0.0,男,遷出,臺南市,0
112,1,15,五股區,,,,無年齡維度,0.0,女,遷出,臺灣省,21
112,1,15,五股區,,,,無年齡維度,0.0,男,遷出,臺灣省,14
112,1,15,五股區,,,,無年齡維度,0.0,女,遷出,高雄市,3
112,1,15,五股區,,,,無年齡維度,0.0,男,遷出,高雄市,1
112,1,16,泰山區,,,,無年齡維度,0.0,女,遷入,migrants,54
112,1,16,泰山區,,,,無年齡維度,0.0,男,遷入,migrants,61
112,1,16,泰山區,,,,無年齡維度,0.0,女,遷入,other,0
112,1,16,泰山區,,,,無年齡維度,0.0,男,遷入,other,0
112,1,16,泰山區,,,,無年齡維度,0.0,女,遷入,其他縣市,0
112,1,16,泰山區,,,,無年齡維度,0.0,男,遷入,其他縣市,0
112,1,16,泰山區,,,,無年齡維度,0.0,女,遷入,其他鄉鎮,67
112,1,16,泰山區,,,,無年齡維度,0.0,男,遷入,其他鄉鎮,45
112,1,16,泰山區,,,,無年齡維度,0.0,女,遷入,合計,176
112,1,16,泰山區,,,,無年齡維度,0.0,男,遷入,合計,160
112,1,16,泰山區,,,,無年齡維度,0.0,女,遷入,國外,75
112,1,16,泰山區,,,,無年齡維度,0.0,男,遷入,國外,84
112,1,16,泰山區,,,,無年齡維度,0.0,女,遷入,新北市內,0
112,1,16,泰山區,,,,無年齡維度,0.0,男,遷入,新北市內,0
112,1,16,泰山區,,,,無年齡維度,0.0,女,遷入,桃園市,14
112,1,16,泰山區,,,,無年齡維度,0.0,男,遷入,桃園市,8
112,1,16,泰山區,,,,無年齡維度,0.0,女,遷入,福建省,0
112,1,16,泰山區,,,,無年齡維度,0.0,男,遷入,福建省,1
112,1,16,泰山區,,,,無年齡維度,0.0,女,遷入,臺中市,1
112,1,16,泰山區,,,,無年齡維度,0.0,男,遷入,臺中市,0
112,1,16,泰山區,,,,無年齡維度,0.0,女,遷入,臺北市,8
112,1,16,泰山區,,,,無年齡維度,0.0,男,遷入,臺北市,12
112,1,16,泰山區,,,,無年齡維度,0.0,女,遷入,臺南市,1
112,1,16,泰山區,,,,無年齡維度,0.0,男,遷入,臺南市,1
112,1,16,泰山區,,,,無年齡維度,0.0,女,遷入,臺灣省,7
112,1,16,泰山區,,,,無年齡維度,0.0,男,遷入,臺灣省,8
112,1,16,泰山區,,,,無年齡維度,0.0,女,遷入,高雄市,1
112,1,16,泰山區,,,,無年齡維度,0.0,男,遷入,高雄市,0
112,1,16,泰山區,,,,無年齡維度,0.0,女,遷出,migrants,54
112,1,16,泰山區,,,,無年齡維度,0.0,男,遷出,migrants,61
112,1,16,泰山區,,,,無年齡維度,0.0,女,遷出,other,0
112,1,16,泰山區,,,,無年齡維度,0.0,男,遷出,other,0
112,1,16,泰山區,,,,無年齡維度,0.0,女,遷出,其他縣市,0
112,1,16,泰山區,,,,無年齡維度,0.0,男,遷出,其他縣市,0
112,1,16,泰山區,,,,無年齡維度,0.0,女,遷出,其他鄉鎮,62
112,1,16,泰山區,,,,無年齡維度,0.0,男,遷出,其他鄉鎮,47
112,1,16,泰山區,,,,無年齡維度,0.0,女,遷出,合計,109
112,1,16,泰山區,,,,無年齡維度,0.0,男,遷出,合計,96
112,1,16,泰山區,,,,無年齡維度,0.0,女,遷出,國外,1
112,1,16,泰山區,,,,無年齡維度,0.0,男,遷出,國外,1
112,1,16,泰山區,,,,無年齡維度,0.0,女,遷出,新北市內,0
112,1,16,泰山區,,,,無年齡維度,0.0,男,遷出,新北市內,0
112,1,16,泰山區,,,,無年齡維度,0.0,女,遷出,桃園市,17
112,1,16,泰山區,,,,無年齡維度,0.0,男,遷出,桃園市,18
112,1,16,泰山區,,,,無年齡維度,0.0,女,遷出,福建省,2
112,1,16,泰山區,,,,無年齡維度,0.0,男,遷出,福建省,1
112,1,16,泰山區,,,,無年齡維度,0.0,女,遷出,臺中市,4
112,1,16,泰山區,,,,無年齡維度,0.0,男,遷出,臺中市,8
112,1,16,泰山區,,,,無年齡維度,0.0,女,遷出,臺北市,12
112,1,16,泰山區,,,,無年齡維度,0.0,男,遷出,臺北市,5
112,1,16,泰山區,,,,無年齡維度,0.0,女,遷出,臺南市,3
112,1,16,泰山區,,,,無年齡維度,0.0,男,遷出,臺南市,3
112,1,16,泰山區,,,,無年齡維度,0.0,女,遷出,臺灣省,7
112,1,16,泰山區,,,,無年齡維度,0.0,男,遷出,臺灣省,12
112,1,16,泰山區,,,,無年齡維度,0.0,女,遷出,高雄市,1
112,1,16,泰山區,,,,無年齡維度,0.0,男,遷出,高雄市,1
112,1,17,林口區,,,,無年齡維度,0.0,女,遷入,migrants,155
112,1,17,林口區,,,,無年齡維度,0.0,男,遷入,migrants,152
112,1,17,林口區,,,,無年齡維度,0.0,女,遷入,other,0
112,1,17,林口區,,,,無年齡維度,0.0,男,遷入,other,0
112,1,17,林口區,,,,無年齡維度,0.0,女,遷入,其他縣市,0
112,1,17,林口區,,,,無年齡維度,0.0,男,遷入,其他縣市,0
112,1,17,林口區,,,,無年齡維度,0.0,女,遷入,其他鄉鎮,91
112,1,17,林口區,,,,無年齡維度,0.0,男,遷入,其他鄉鎮,80
112,1,17,林口區,,,,無年齡維度,0.0,女,遷入,合計,479
112,1,17,林口區,,,,無年齡維度,0.0,男,遷入,合計,470
112,1,17,林口區,,,,無年齡維度,0.0,女,遷入,國外,186
112,1,17,林口區,,,,無年齡維度,0.0,男,遷入,國外,216
112,1,17,林口區,,,,無年齡維度,0.0,女,遷入,新北市內,0
112,1,17,林口區,,,,無年齡維度,0.0,男,遷入,新北市內,0
112,1,17,林口區,,,,無年齡維度,0.0,女,遷入,桃園市,64
112,1,17,林口區,,,,無年齡維度,0.0,男,遷入,桃園市,56
112,1,17,林口區,,,,無年齡維度,0.0,女,遷入,福建省,3
112,1,17,林口區,,,,無年齡維度,0.0,男,遷入,福建省,2
112,1,17,林口區,,,,無年齡維度,0.0,女,遷入,臺中市,9
112,1,17,林口區,,,,無年齡維度,0.0,男,遷入,臺中市,13
112,1,17,林口區,,,,無年齡維度,0.0,女,遷入,臺北市,78
112,1,17,林口區,,,,無年齡維度,0.0,男,遷入,臺北市,73
112,1,17,林口區,,,,無年齡維度,0.0,女,遷入,臺南市,2
112,1,17,林口區,,,,無年齡維度,0.0,男,遷入,臺南市,1
112,1,17,林口區,,,,無年齡維度,0.0,女,遷入,臺灣省,29
112,1,17,林口區,,,,無年齡維度,0.0,男,遷入,臺灣省,20
112,1,17,林口區,,,,無年齡維度,0.0,女,遷入,高雄市,7
112,1,17,林口區,,,,無年齡維度,0.0,男,遷入,高雄市,6
112,1,17,林口區,,,,無年齡維度,0.0,女,遷出,migrants,155
112,1,17,林口區,,,,無年齡維度,0.0,男,遷出,migrants,152
112,1,17,林口區,,,,無年齡維度,0.0,女,遷出,other,0
112,1,17,林口區,,,,無年齡維度,0.0,男,遷出,other,0
112,1,17,林口區,,,,無年齡維度,0.0,女,遷出,其他縣市,0
112,1,17,林口區,,,,無年齡維度,0.0,男,遷出,其他縣市,0
112,1,17,林口區,,,,無年齡維度,0.0,女,遷出,其他鄉鎮,48
112,1,17,林口區,,,,無年齡維度,0.0,男,遷出,其他鄉鎮,30
112,1,17,林口區,,,,無年齡維度,0.0,女,遷出,合計,198
112,1,17,林口區,,,,無年齡維度,0.0,男,遷出,合計,158
112,1,17,林口區,,,,無年齡維度,0.0,女,遷出,國外,3
112,1,17,林口區,,,,無年齡維度,0.0,男,遷出,國外,7
112,1,17,林口區,,,,無年齡維度,0.0,女,遷出,新北市內,0
112,1,17,林口區,,,,無年齡維度,0.0,男,遷出,新北市內,0
112,1,17,林口區,,,,無年齡維度,0.0,女,遷出,桃園市,74
112,1,17,林口區,,,,無年齡維度,0.0,男,遷出,桃園市,57
112,1,17,林口區,,,,無年齡維度,0.0,女,遷出,福建省,1
112,1,17,林口區,,,,無年齡維度,0.0,男,遷出,福建省,0
112,1,17,林口區,,,,無年齡維度,0.0,女,遷出,臺中市,8
112,1,17,林口區,,,,無年齡維度,0.0,男,遷出,臺中市,5
112,1,17,林口區,,,,無年齡維度,0.0,女,遷出,臺北市,27
112,1,17,林口區,,,,無年齡維度,0.0,男,遷出,臺北市,26
112,1,17,林口區,,,,無年齡維度,0.0,女,遷出,臺南市,7
112,1,17,林口區,,,,無年齡維度,0.0,男,遷出,臺南市,3
112,1,17,林口區,,,,無年齡維度,0.0,女,遷出,臺灣省,25
112,1,17,林口區,,,,無年齡維度,0.0,男,遷出,臺灣省,28
112,1,17,林口區,,,,無年齡維度,0.0,女,遷出,高雄市,5
112,1,17,林口區,,,,無年齡維度,0.0,男,遷出,高雄市,2
112,1,18,八里區,,,,無年齡維度,0.0,女,遷入,migrants,16
112,1,18,八里區,,,,無年齡維度,0.0,男,遷入,migrants,10
112,1,18,八里區,,,,無年齡維度,0.0,女,遷入,other,0
112,1,18,八里區,,,,無年齡維度,0.0,男,遷入,other,0
112,1,18,八里區,,,,無年齡維度,0.0,女,遷入,其他縣市,0
112,1,18,八里區,,,,無年齡維度,0.0,男,遷入,其他縣市,0
112,1,18,八里區,,,,無年齡維度,0.0,女,遷入,其他鄉鎮,12
112,1,18,八里區,,,,無年齡維度,0.0,男,遷入,其他鄉鎮,10
112,1,18,八里區,,,,無年齡維度,0.0,女,遷入,合計,67
112,1,18,八里區,,,,無年齡維度,0.0,男,遷入,合計,58
112,1,18,八里區,,,,無年齡維度,0.0,女,遷入,國外,27
112,1,18,八里區,,,,無年齡維度,0.0,男,遷入,國外,33
112,1,18,八里區,,,,無年齡維度,0.0,女,遷入,新北市內,0
112,1,18,八里區,,,,無年齡維度,0.0,男,遷入,新北市內,0
112,1,18,八里區,,,,無年齡維度,0.0,女,遷入,桃園市,0
112,1,18,八里區,,,,無年齡維度,0.0,男,遷入,桃園市,1
112,1,18,八里區,,,,無年齡維度,0.0,女,遷入,福建省,0
112,1,18,八里區,,,,無年齡維度,0.0,男,遷入,福建省,0
112,1,18,八里區,,,,無年齡維度,0.0,女,遷入,臺中市,1
112,1,18,八里區,,,,無年齡維度,0.0,男,遷入,臺中市,2
112,1,18,八里區,,,,無年齡維度,0.0,女,遷入,臺北市,22
112,1,18,八里區,,,,無年齡維度,0.0,男,遷入,臺北市,7
112,1,18,八里區,,,,無年齡維度,0.0,女,遷入,臺南市,0
112,1,18,八里區,,,,無年齡維度,0.0,男,遷入,臺南市,0
112,1,18,八里區,,,,無年齡維度,0.0,女,遷入,臺灣省,5
112,1,18,八里區,,,,無年齡維度,0.0,男,遷入,臺灣省,4
112,1,18,八里區,,,,無年齡維度,0.0,女,遷入,高雄市,0
112,1,18,八里區,,,,無年齡維度,0.0,男,遷入,高雄市,1
112,1,18,八里區,,,,無年齡維度,0.0,女,遷出,migrants,16
112,1,18,八里區,,,,無年齡維度,0.0,男,遷出,migrants,10
112,1,18,八里區,,,,無年齡維度,0.0,女,遷出,other,0
112,1,18,八里區,,,,無年齡維度,0.0,男,遷出,other,0
112,1,18,八里區,,,,無年齡維度,0.0,女,遷出,其他縣市,0
112,1,18,八里區,,,,無年齡維度,0.0,男,遷出,其他縣市,0
112,1,18,八里區,,,,無年齡維度,0.0,女,遷出,其他鄉鎮,6
112,1,18,八里區,,,,無年齡維度,0.0,男,遷出,其他鄉鎮,11
112,1,18,八里區,,,,無年齡維度,0.0,女,遷出,合計,30
112,1,18,八里區,,,,無年齡維度,0.0,男,遷出,合計,24
112,1,18,八里區,,,,無年齡維度,0.0,女,遷出,國外,3
112,1,18,八里區,,,,無年齡維度,0.0,男,遷出,國外,0
112,1,18,八里區,,,,無年齡維度,0.0,女,遷出,新北市內,0
112,1,18,八里區,,,,無年齡維度,0.0,男,遷出,新北市內,0
112,1,18,八里區,,,,無年齡維度,0.0,女,遷出,桃園市,6
112,1,18,八里區,,,,無年齡維度,0.0,男,遷出,桃園市,2
112,1,18,八里區,,,,無年齡維度,0.0,女,遷出,福建省,0
112,1,18,八里區,,,,無年齡維度,0.0,男,遷出,福建省,0
112,1,18,八里區,,,,無年齡維度,0.0,女,遷出,臺中市,3
112,1,18,八里區,,,,無年齡維度,0.0,男,遷出,臺中市,1
112,1,18,八里區,,,,無年齡維度,0.0,女,遷出,臺北市,8
112,1,18,八里區,,,,無年齡維度,0.0,男,遷出,臺北市,4
112,1,18,八里區,,,,無年齡維度,0.0,女,遷出,臺南市,0
112,1,18,八里區,,,,無年齡維度,0.0,男,遷出,臺南市,1
112,1,18,八里區,,,,無年齡維度,0.0,女,遷出,臺灣省,2
112,1,18,八里區,,,,無年齡維度,0.0,男,遷出,臺灣省,4
112,1,18,八里區,,,,無年齡維度,0.0,女,遷出,高雄市,2
112,1,18,八里區,,,,無年齡維度,0.0,男,遷出,高雄市,1
112,1,19,深坑區,,,,無年齡維度,0.0,女,遷入,migrants,1
112,1,19,深坑區,,,,無年齡維度,0.0,男,遷入,migrants,4
112,1,19,深坑區,,,,無年齡維度,0.0,女,遷入,other,0
112,1,19,深坑區,,,,無年齡維度,0.0,男,遷入,other,0
112,1,19,深坑區,,,,無年齡維度,0.0,女,遷入,其他縣市,0
112,1,19,深坑區,,,,無年齡維度,0.0,男,遷入,其他縣市,0
112,1,19,深坑區,,,,無年齡維度,0.0,女,遷入,其他鄉鎮,1
112,1,19,深坑區,,,,無年齡維度,0.0,男,遷入,其他鄉鎮,1
112,1,19,深坑區,,,,無年齡維度,0.0,女,遷入,合計,7
112,1,19,深坑區,,,,無年齡維度,0.0,男,遷入,合計,5
112,1,19,深坑區,,,,無年齡維度,0.0,女,遷入,國外,3
112,1,19,深坑區,,,,無年齡維度,0.0,男,遷入,國外,3
112,1,19,深坑區,,,,無年齡維度,0.0,女,遷入,新北市內,0
112,1,19,深坑區,,,,無年齡維度,0.0,男,遷入,新北市內,0
112,1,19,深坑區,,,,無年齡維度,0.0,女,遷入,桃園市,2
112,1,19,深坑區,,,,無年齡維度,0.0,男,遷入,桃園市,0
112,1,19,深坑區,,,,無年齡維度,0.0,女,遷入,福建省,0
112,1,19,深坑區,,,,無年齡維度,0.0,男,遷入,福建省,0
112,1,19,深坑區,,,,無年齡維度,0.0,女,遷入,臺中市,0
112,1,19,深坑區,,,,無年齡維度,0.0,男,遷入,臺中市,1
112,1,19,深坑區,,,,無年齡維度,0.0,女,遷入,臺北市,1
112,1,19,深坑區,,,,無年齡維度,0.0,男,遷入,臺北市,0
112,1,19,深坑區,,,,無年齡維度,0.0,女,遷入,臺南市,0
112,1,19,深坑區,,,,無年齡維度,0.0,男,遷入,臺南市,0
112,1,19,深坑區,,,,無年齡維度,0.0,女,遷入,臺灣省,0
112,1,19,深坑區,,,,無年齡維度,0.0,男,遷入,臺灣省,0
112,1,19,深坑區,,,,無年齡維度,0.0,女,遷入,高雄市,0
112,1,19,深坑區,,,,無年齡維度,0.0,男,遷入,高雄市,0
112,1,19,深坑區,,,,無年齡維度,0.0,女,遷出,migrants,1
112,1,19,深坑區,,,,無年齡維度,0.0,男,遷出,migrants,4
112,1,19,深坑區,,,,無年齡維度,0.0,女,遷出,other,0
112,1,19,深坑區,,,,無年齡維度,0.0,男,遷出,other,0
112,1,19,深坑區,,,,無年齡維度,0.0,女,遷出,其他縣市,0
112,1,19,深坑區,,,,無年齡維度,0.0,男,遷出,其他縣市,0
112,1,19,深坑區,,,,無年齡維度,0.0,女,遷出,其他鄉鎮,9
112,1,19,深坑區,,,,無年齡維度,0.0,男,遷出,其他鄉鎮,4
112,1,19,深坑區,,,,無年齡維度,0.0,女,遷出,合計,13
112,1,19,深坑區,,,,無年齡維度,0.0,男,遷出,合計,9
112,1,19,深坑區,,,,無年齡維度,0.0,女,遷出,國外,0
112,1,19,深坑區,,,,無年齡維度,0.0,男,遷出,國外,0
112,1,19,深坑區,,,,無年齡維度,0.0,女,遷出,新北市內,0
112,1,19,深坑區,,,,無年齡維度,0.0,男,遷出,新北市內,0
112,1,19,深坑區,,,,無年齡維度,0.0,女,遷出,桃園市,0
112,1,19,深坑區,,,,無年齡維度,0.0,男,遷出,桃園市,1
112,1,19,深坑區,,,,無年齡維度,0.0,女,遷出,福建省,0
112,1,19,深坑區,,,,無年齡維度,0.0,男,遷出,福建省,0
112,1,19,深坑區,,,,無年齡維度,0.0,女,遷出,臺中市,0
112,1,19,深坑區,,,,無年齡維度,0.0,男,遷出,臺中市,0
112,1,19,深坑區,,,,無年齡維度,0.0,女,遷出,臺北市,4
112,1,19,深坑區,,,,無年齡維度,0.0,男,遷出,臺北市,3
112,1,19,深坑區,,,,無年齡維度,0.0,女,遷出,臺南市,0
112,1,19,深坑區,,,,無年齡維度,0.0,男,遷出,臺南市,0
112,1,19,深坑區,,,,無年齡維度,0.0,女,遷出,臺灣省,0
112,1,19,深坑區,,,,無年齡維度,0.0,男,遷出,臺灣省,1
112,1,19,深坑區,,,,無年齡維度,0.0,女,遷出,高雄市,0
112,1,19,深坑區,,,,無年齡維度,0.0,男,遷出,高雄市,0
112,1,20,石碇區,,,,無年齡維度,0.0,女,遷入,migrants,4
112,1,20,石碇區,,,,無年齡維度,0.0,男,遷入,migrants,0
112,1,20,石碇區,,,,無年齡維度,0.0,女,遷入,other,0
112,1,20,石碇區,,,,無年齡維度,0.0,男,遷入,other,0
112,1,20,石碇區,,,,無年齡維度,0.0,女,遷入,其他縣市,0
112,1,20,石碇區,,,,無年齡維度,0.0,男,遷入,其他縣市,0
112,1,20,石碇區,,,,無年齡維度,0.0,女,遷入,其他鄉鎮,5
112,1,20,石碇區,,,,無年齡維度,0.0,男,遷入,其他鄉鎮,4
112,1,20,石碇區,,,,無年齡維度,0.0,女,遷入,合計,9
112,1,20,石碇區,,,,無年齡維度,0.0,男,遷入,合計,13
112,1,20,石碇區,,,,無年齡維度,0.0,女,遷入,國外,3
112,1,20,石碇區,,,,無年齡維度,0.0,男,遷入,國外,3
112,1,20,石碇區,,,,無年齡維度,0.0,女,遷入,新北市內,0
112,1,20,石碇區,,,,無年齡維度,0.0,男,遷入,新北市內,0
112,1,20,石碇區,,,,無年齡維度,0.0,女,遷入,桃園市,0
112,1,20,石碇區,,,,無年齡維度,0.0,男,遷入,桃園市,0
112,1,20,石碇區,,,,無年齡維度,0.0,女,遷入,福建省,0
112,1,20,石碇區,,,,無年齡維度,0.0,男,遷入,福建省,0
112,1,20,石碇區,,,,無年齡維度,0.0,女,遷入,臺中市,0
112,1,20,石碇區,,,,無年齡維度,0.0,男,遷入,臺中市,0
112,1,20,石碇區,,,,無年齡維度,0.0,女,遷入,臺北市,1
112,1,20,石碇區,,,,無年齡維度,0.0,男,遷入,臺北市,3
112,1,20,石碇區,,,,無年齡維度,0.0,女,遷入,臺南市,0
112,1,20,石碇區,,,,無年齡維度,0.0,男,遷入,臺南市,0
112,1,20,石碇區,,,,無年齡維度,0.0,女,遷入,臺灣省,0
112,1,20,石碇區,,,,無年齡維度,0.0,男,遷入,臺灣省,3
112,1,20,石碇區,,,,無年齡維度,0.0,女,遷入,高雄市,0
112,1,20,石碇區,,,,無年齡維度,0.0,男,遷入,高雄市,0
112,1,20,石碇區,,,,無年齡維度,0.0,女,遷出,migrants,4
112,1,20,石碇區,,,,無年齡維度,0.0,男,遷出,migrants,0
112,1,20,石碇區,,,,無年齡維度,0.0,女,遷出,other,0
112,1,20,石碇區,,,,無年齡維度,0.0,男,遷出,other,0
112,1,20,石碇區,,,,無年齡維度,0.0,女,遷出,其他縣市,0
112,1,20,石碇區,,,,無年齡維度,0.0,男,遷出,其他縣市,0
112,1,20,石碇區,,,,無年齡維度,0.0,女,遷出,其他鄉鎮,4
112,1,20,石碇區,,,,無年齡維度,0.0,男,遷出,其他鄉鎮,6
112,1,20,石碇區,,,,無年齡維度,0.0,女,遷出,合計,5
112,1,20,石碇區,,,,無年齡維度,0.0,男,遷出,合計,7
112,1,20,石碇區,,,,無年齡維度,0.0,女,遷出,國外,0
112,1,20,石碇區,,,,無年齡維度,0.0,男,遷出,國外,0
112,1,20,石碇區,,,,無年齡維度,0.0,女,遷出,新北市內,0
112,1,20,石碇區,,,,無年齡維度,0.0,男,遷出,新北市內,0
112,1,20,石碇區,,,,無年齡維度,0.0,女,遷出,桃園市,0
112,1,20,石碇區,,,,無年齡維度,0.0,男,遷出,桃園市,0
112,1,20,石碇區,,,,無年齡維度,0.0,女,遷出,福建省,0
112,1,20,石碇區,,,,無年齡維度,0.0,男,遷出,福建省,0
112,1,20,石碇區,,,,無年齡維度,0.0,女,遷出,臺中市,0
112,1,20,石碇區,,,,無年齡維度,0.0,男,遷出,臺中市,0
112,1,20,石碇區,,,,無年齡維度,0.0,女,遷出,臺北市,1
112,1,20,石碇區,,,,無年齡維度,0.0,男,遷出,臺北市,1
112,1,20,石碇區,,,,無年齡維度,0.0,女,遷出,臺南市,0
112,1,20,石碇區,,,,無年齡維度,0.0,男,遷出,臺南市,0
112,1,20,石碇區,,,,無年齡維度,0.0,女,遷出,臺灣省,0
112,1,20,石碇區,,,,無年齡維度,0.0,男,遷出,臺灣省,0
112,1,20,石碇區,,,,無年齡維度,0.0,女,遷出,高雄市,0
112,1,20,石碇區,,,,無年齡維度,0.0,男,遷出,高雄市,0
112,1,21,坪林區,,,,無年齡維度,0.0,女,遷入,migrants,9
112,1,21,坪林區,,,,無年齡維度,0.0,男,遷入,migrants,23
112,1,21,坪林區,,,,無年齡維度,0.0,女,遷入,other,0
112,1,21,坪林區,,,,無年齡維度,0.0,男,遷入,other,0
112,1,21,坪林區,,,,無年齡維度,0.0,女,遷入,其他縣市,0
112,1,21,坪林區,,,,無年齡維度,0.0,男,遷入,其他縣市,0
112,1,21,坪林區,,,,無年齡維度,0.0,女,遷入,其他鄉鎮,16
112,1,21,坪林區,,,,無年齡維度,0.0,男,遷入,其他鄉鎮,17
112,1,21,坪林區,,,,無年齡維度,0.0,女,遷入,合計,44
112,1,21,坪林區,,,,無年齡維度,0.0,男,遷入,合計,41
112,1,21,坪林區,,,,無年齡維度,0.0,女,遷入,國外,21
112,1,21,坪林區,,,,無年齡維度,0.0,男,遷入,國外,15
112,1,21,坪林區,,,,無年齡維度,0.0,女,遷入,新北市內,0
112,1,21,坪林區,,,,無年齡維度,0.0,男,遷入,新北市內,0
112,1,21,坪林區,,,,無年齡維度,0.0,女,遷入,桃園市,1
112,1,21,坪林區,,,,無年齡維度,0.0,男,遷入,桃園市,1
112,1,21,坪林區,,,,無年齡維度,0.0,女,遷入,福建省,0
112,1,21,坪林區,,,,無年齡維度,0.0,男,遷入,福建省,1
112,1,21,坪林區,,,,無年齡維度,0.0,女,遷入,臺中市,0
112,1,21,坪林區,,,,無年齡維度,0.0,男,遷入,臺中市,0
112,1,21,坪林區,,,,無年齡維度,0.0,女,遷入,臺北市,2
112,1,21,坪林區,,,,無年齡維度,0.0,男,遷入,臺北市,6
112,1,21,坪林區,,,,無年齡維度,0.0,女,遷入,臺南市,0
112,1,21,坪林區,,,,無年齡維度,0.0,男,遷入,臺南市,0
112,1,21,坪林區,,,,無年齡維度,0.0,女,遷入,臺灣省,1
112,1,21,坪林區,,,,無年齡維度,0.0,男,遷入,臺灣省,1
112,1,21,坪林區,,,,無年齡維度,0.0,女,遷入,高雄市,2
112,1,21,坪林區,,,,無年齡維度,0.0,男,遷入,高雄市,0
112,1,21,坪林區,,,,無年齡維度,0.0,女,遷出,migrants,9
112,1,21,坪林區,,,,無年齡維度,0.0,男,遷出,migrants,23
112,1,21,坪林區,,,,無年齡維度,0.0,女,遷出,other,0
112,1,21,坪林區,,,,無年齡維度,0.0,男,遷出,other,0
112,1,21,坪林區,,,,無年齡維度,0.0,女,遷出,其他縣市,0
112,1,21,坪林區,,,,無年齡維度,0.0,男,遷出,其他縣市,0
112,1,21,坪林區,,,,無年齡維度,0.0,女,遷出,其他鄉鎮,12
112,1,21,坪林區,,,,無年齡維度,0.0,男,遷出,其他鄉鎮,13
112,1,21,坪林區,,,,無年齡維度,0.0,女,遷出,合計,21
112,1,21,坪林區,,,,無年齡維度,0.0,男,遷出,合計,23
112,1,21,坪林區,,,,無年齡維度,0.0,女,遷出,國外,1
112,1,21,坪林區,,,,無年齡維度,0.0,男,遷出,國外,0
112,1,21,坪林區,,,,無年齡維度,0.0,女,遷出,新北市內,0
112,1,21,坪林區,,,,無年齡維度,0.0,男,遷出,新北市內,0
112,1,21,坪林區,,,,無年齡維度,0.0,女,遷出,桃園市,2
112,1,21,坪林區,,,,無年齡維度,0.0,男,遷出,桃園市,1
112,1,21,坪林區,,,,無年齡維度,0.0,女,遷出,福建省,0
112,1,21,坪林區,,,,無年齡維度,0.0,男,遷出,福建省,0
112,1,21,坪林區,,,,無年齡維度,0.0,女,遷出,臺中市,1
112,1,21,坪林區,,,,無年齡維度,0.0,男,遷出,臺中市,0
112,1,21,坪林區,,,,無年齡維度,0.0,女,遷出,臺北市,5
112,1,21,坪林區,,,,無年齡維度,0.0,男,遷出,臺北市,7
112,1,21,坪林區,,,,無年齡維度,0.0,女,遷出,臺南市,0
112,1,21,坪林區,,,,無年齡維度,0.0,男,遷出,臺南市,0
112,1,21,坪林區,,,,無年齡維度,0.0,女,遷出,臺灣省,0
112,1,21,坪林區,,,,無年齡維度,0.0,男,遷出,臺灣省,1
112,1,21,坪林區,,,,無年齡維度,0.0,女,遷出,高雄市,0
112,1,21,坪林區,,,,無年齡維度,0.0,男,遷出,高雄市,1
112,1,22,三芝區,,,,無年齡維度,0.0,女,遷入,migrants,9
112,1,22,三芝區,,,,無年齡維度,0.0,男,遷入,migrants,4
112,1,22,三芝區,,,,無年齡維度,0.0,女,遷入,other,0
112,1,22,三芝區,,,,無年齡維度,0.0,男,遷入,other,0
112,1,22,三芝區,,,,無年齡維度,0.0,女,遷入,其他縣市,0
112,1,22,三芝區,,,,無年齡維度,0.0,男,遷入,其他縣市,0
112,1,22,三芝區,,,,無年齡維度,0.0,女,遷入,其他鄉鎮,1
112,1,22,三芝區,,,,無年齡維度,0.0,男,遷入,其他鄉鎮,4
112,1,22,三芝區,,,,無年齡維度,0.0,女,遷入,合計,4
112,1,22,三芝區,,,,無年齡維度,0.0,男,遷入,合計,8
112,1,22,三芝區,,,,無年齡維度,0.0,女,遷入,國外,2
112,1,22,三芝區,,,,無年齡維度,0.0,男,遷入,國外,4
112,1,22,三芝區,,,,無年齡維度,0.0,女,遷入,新北市內,0
112,1,22,三芝區,,,,無年齡維度,0.0,男,遷入,新北市內,0
112,1,22,三芝區,,,,無年齡維度,0.0,女,遷入,桃園市,1
112,1,22,三芝區,,,,無年齡維度,0.0,男,遷入,桃園市,0
112,1,22,三芝區,,,,無年齡維度,0.0,女,遷入,福建省,0
112,1,22,三芝區,,,,無年齡維度,0.0,男,遷入,福建省,0
112,1,22,三芝區,,,,無年齡維度,0.0,女,遷入,臺中市,0
112,1,22,三芝區,,,,無年齡維度,0.0,男,遷入,臺中市,0
112,1,22,三芝區,,,,無年齡維度,0.0,女,遷入,臺北市,0
112,1,22,三芝區,,,,無年齡維度,0.0,男,遷入,臺北市,0
112,1,22,三芝區,,,,無年齡維度,0.0,女,遷入,臺南市,0
112,1,22,三芝區,,,,無年齡維度,0.0,男,遷入,臺南市,0
112,1,22,三芝區,,,,無年齡維度,0.0,女,遷入,臺灣省,0
112,1,22,三芝區,,,,無年齡維度,0.0,男,遷入,臺灣省,0
112,1,22,三芝區,,,,無年齡維度,0.0,女,遷入,高雄市,0
112,1,22,三芝區,,,,無年齡維度,0.0,男,遷入,高雄市,0
112,1,22,三芝區,,,,無年齡維度,0.0,女,遷出,migrants,9
112,1,22,三芝區,,,,無年齡維度,0.0,男,遷出,migrants,4
112,1,22,三芝區,,,,無年齡維度,0.0,女,遷出,other,0
112,1,22,三芝區,,,,無年齡維度,0.0,男,遷出,other,0
112,1,22,三芝區,,,,無年齡維度,0.0,女,遷出,其他縣市,0
112,1,22,三芝區,,,,無年齡維度,0.0,男,遷出,其他縣市,0
112,1,22,三芝區,,,,無年齡維度,0.0,女,遷出,其他鄉鎮,5
112,1,22,三芝區,,,,無年齡維度,0.0,男,遷出,其他鄉鎮,4
112,1,22,三芝區,,,,無年齡維度,0.0,女,遷出,合計,10
112,1,22,三芝區,,,,無年齡維度,0.0,男,遷出,合計,9
112,1,22,三芝區,,,,無年齡維度,0.0,女,遷出,國外,1
112,1,22,三芝區,,,,無年齡維度,0.0,男,遷出,國外,2
112,1,22,三芝區,,,,無年齡維度,0.0,女,遷出,新北市內,0
112,1,22,三芝區,,,,無年齡維度,0.0,男,遷出,新北市內,0
112,1,22,三芝區,,,,無年齡維度,0.0,女,遷出,桃園市,2
112,1,22,三芝區,,,,無年齡維度,0.0,男,遷出,桃園市,1
112,1,22,三芝區,,,,無年齡維度,0.0,女,遷出,福建省,0
112,1,22,三芝區,,,,無年齡維度,0.0,男,遷出,福建省,0
112,1,22,三芝區,,,,無年齡維度,0.0,女,遷出,臺中市,0
112,1,22,三芝區,,,,無年齡維度,0.0,男,遷出,臺中市,0
112,1,22,三芝區,,,,無年齡維度,0.0,女,遷出,臺北市,1
112,1,22,三芝區,,,,無年齡維度,0.0,男,遷出,臺北市,1
112,1,22,三芝區,,,,無年齡維度,0.0,女,遷出,臺南市,1
112,1,22,三芝區,,,,無年齡維度,0.0,男,遷出,臺南市,0
112,1,22,三芝區,,,,無年齡維度,0.0,女,遷出,臺灣省,0
112,1,22,三芝區,,,,無年齡維度,0.0,男,遷出,臺灣省,1
112,1,22,三芝區,,,,無年齡維度,0.0,女,遷出,高雄市,0
112,1,22,三芝區,,,,無年齡維度,0.0,男,遷出,高雄市,0
112,1,23,石門區,,,,無年齡維度,0.0,女,遷入,migrants,54
112,1,23,石門區,,,,無年齡維度,0.0,男,遷入,migrants,47
112,1,23,石門區,,,,無年齡維度,0.0,女,遷入,other,0
112,1,23,石門區,,,,無年齡維度,0.0,男,遷入,other,0
112,1,23,石門區,,,,無年齡維度,0.0,女,遷入,其他縣市,0
112,1,23,石門區,,,,無年齡維度,0.0,男,遷入,其他縣市,0
112,1,23,石門區,,,,無年齡維度,0.0,女,遷入,其他鄉鎮,39
112,1,23,石門區,,,,無年齡維度,0.0,男,遷入,其他鄉鎮,31
112,1,23,石門區,,,,無年齡維度,0.0,女,遷入,合計,125
112,1,23,石門區,,,,無年齡維度,0.0,男,遷入,合計,108
112,1,23,石門區,,,,無年齡維度,0.0,女,遷入,國外,51
112,1,23,石門區,,,,無年齡維度,0.0,男,遷入,國外,45
112,1,23,石門區,,,,無年齡維度,0.0,女,遷入,新北市內,0
112,1,23,石門區,,,,無年齡維度,0.0,男,遷入,新北市內,0
112,1,23,石門區,,,,無年齡維度,0.0,女,遷入,桃園市,6
112,1,23,石門區,,,,無年齡維度,0.0,男,遷入,桃園市,4
112,1,23,石門區,,,,無年齡維度,0.0,女,遷入,福建省,0
112,1,23,石門區,,,,無年齡維度,0.0,男,遷入,福建省,1
112,1,23,石門區,,,,無年齡維度,0.0,女,遷入,臺中市,2
112,1,23,石門區,,,,無年齡維度,0.0,男,遷入,臺中市,2
112,1,23,石門區,,,,無年齡維度,0.0,女,遷入,臺北市,17
112,1,23,石門區,,,,無年齡維度,0.0,男,遷入,臺北市,15
112,1,23,石門區,,,,無年齡維度,0.0,女,遷入,臺南市,0
112,1,23,石門區,,,,無年齡維度,0.0,男,遷入,臺南市,1
112,1,23,石門區,,,,無年齡維度,0.0,女,遷入,臺灣省,8
112,1,23,石門區,,,,無年齡維度,0.0,男,遷入,臺灣省,5
112,1,23,石門區,,,,無年齡維度,0.0,女,遷入,高雄市,1
112,1,23,石門區,,,,無年齡維度,0.0,男,遷入,高雄市,3
112,1,23,石門區,,,,無年齡維度,0.0,女,遷出,migrants,54
112,1,23,石門區,,,,無年齡維度,0.0,男,遷出,migrants,47
112,1,23,石門區,,,,無年齡維度,0.0,女,遷出,other,0
112,1,23,石門區,,,,無年齡維度,0.0,男,遷出,other,0
112,1,23,石門區,,,,無年齡維度,0.0,女,遷出,其他縣市,0
112,1,23,石門區,,,,無年齡維度,0.0,男,遷出,其他縣市,0
112,1,23,石門區,,,,無年齡維度,0.0,女,遷出,其他鄉鎮,23
112,1,23,石門區,,,,無年齡維度,0.0,男,遷出,其他鄉鎮,23
112,1,23,石門區,,,,無年齡維度,0.0,女,遷出,合計,57
112,1,23,石門區,,,,無年齡維度,0.0,男,遷出,合計,51
112,1,23,石門區,,,,無年齡維度,0.0,女,遷出,國外,0
112,1,23,石門區,,,,無年齡維度,0.0,男,遷出,國外,0
112,1,23,石門區,,,,無年齡維度,0.0,女,遷出,新北市內,0
112,1,23,石門區,,,,無年齡維度,0.0,男,遷出,新北市內,0
112,1,23,石門區,,,,無年齡維度,0.0,女,遷出,桃園市,13
112,1,23,石門區,,,,無年齡維度,0.0,男,遷出,桃園市,6
112,1,23,石門區,,,,無年齡維度,0.0,女,遷出,福建省,1
112,1,23,石門區,,,,無年齡維度,0.0,男,遷出,福建省,2
112,1,23,石門區,,,,無年齡維度,0.0,女,遷出,臺中市,1
112,1,23,石門區,,,,無年齡維度,0.0,男,遷出,臺中市,0
112,1,23,石門區,,,,無年齡維度,0.0,女,遷出,臺北市,5
112,1,23,石門區,,,,無年齡維度,0.0,男,遷出,臺北市,7
112,1,23,石門區,,,,無年齡維度,0.0,女,遷出,臺南市,1
112,1,23,石門區,,,,無年齡維度,0.0,男,遷出,臺南市,2
112,1,23,石門區,,,,無年齡維度,0.0,女,遷出,臺灣省,9
112,1,23,石門區,,,,無年齡維度,0.0,男,遷出,臺灣省,8
112,1,23,石門區,,,,無年齡維度,0.0,女,遷出,高雄市,4
112,1,23,石門區,,,,無年齡維度,0.0,男,遷出,高雄市,3
112,1,24,金山區,,,,無年齡維度,0.0,女,遷入,migrants,0
112,1,24,金山區,,,,無年齡維度,0.0,男,遷入,migrants,0
112,1,24,金山區,,,,無年齡維度,0.0,女,遷入,other,0
112,1,24,金山區,,,,無年齡維度,0.0,男,遷入,other,0
112,1,24,金山區,,,,無年齡維度,0.0,女,遷入,其他縣市,0
112,1,24,金山區,,,,無年齡維度,0.0,男,遷入,其他縣市,0
112,1,24,金山區,,,,無年齡維度,0.0,女,遷入,其他鄉鎮,0
112,1,24,金山區,,,,無年齡維度,0.0,男,遷入,其他鄉鎮,3
112,1,24,金山區,,,,無年齡維度,0.0,女,遷入,合計,7
112,1,24,金山區,,,,無年齡維度,0.0,男,遷入,合計,7
112,1,24,金山區,,,,無年齡維度,0.0,女,遷入,國外,1
112,1,24,金山區,,,,無年齡維度,0.0,男,遷入,國外,2
112,1,24,金山區,,,,無年齡維度,0.0,女,遷入,新北市內,0
112,1,24,金山區,,,,無年齡維度,0.0,男,遷入,新北市內,0
112,1,24,金山區,,,,無年齡維度,0.0,女,遷入,桃園市,3
112,1,24,金山區,,,,無年齡維度,0.0,男,遷入,桃園市,0
112,1,24,金山區,,,,無年齡維度,0.0,女,遷入,福建省,0
112,1,24,金山區,,,,無年齡維度,0.0,男,遷入,福建省,0
112,1,24,金山區,,,,無年齡維度,0.0,女,遷入,臺中市,0
112,1,24,金山區,,,,無年齡維度,0.0,男,遷入,臺中市,0
112,1,24,金山區,,,,無年齡維度,0.0,女,遷入,臺北市,2
112,1,24,金山區,,,,無年齡維度,0.0,男,遷入,臺北市,2
112,1,24,金山區,,,,無年齡維度,0.0,女,遷入,臺南市,0
112,1,24,金山區,,,,無年齡維度,0.0,男,遷入,臺南市,0
112,1,24,金山區,,,,無年齡維度,0.0,女,遷入,臺灣省,1
112,1,24,金山區,,,,無年齡維度,0.0,男,遷入,臺灣省,0
112,1,24,金山區,,,,無年齡維度,0.0,女,遷入,高雄市,0
112,1,24,金山區,,,,無年齡維度,0.0,男,遷入,高雄市,0
112,1,24,金山區,,,,無年齡維度,0.0,女,遷出,migrants,0
112,1,24,金山區,,,,無年齡維度,0.0,男,遷出,migrants,0
112,1,24,金山區,,,,無年齡維度,0.0,女,遷出,other,0
112,1,24,金山區,,,,無年齡維度,0.0,男,遷出,other,0
112,1,24,金山區,,,,無年齡維度,0.0,女,遷出,其他縣市,0
112,1,24,金山區,,,,無年齡維度,0.0,男,遷出,其他縣市,0
112,1,24,金山區,,,,無年齡維度,0.0,女,遷出,其他鄉鎮,2
112,1,24,金山區,,,,無年齡維度,0.0,男,遷出,其他鄉鎮,5
112,1,24,金山區,,,,無年齡維度,0.0,女,遷出,合計,6
112,1,24,金山區,,,,無年齡維度,0.0,男,遷出,合計,7
112,1,24,金山區,,,,無年齡維度,0.0,女,遷出,國外,0
112,1,24,金山區,,,,無年齡維度,0.0,男,遷出,國外,1
112,1,24,金山區,,,,無年齡維度,0.0,女,遷出,新北市內,0
112,1,24,金山區,,,,無年齡維度,0.0,男,遷出,新北市內,0
112,1,24,金山區,,,,無年齡維度,0.0,女,遷出,桃園市,1
112,1,24,金山區,,,,無年齡維度,0.0,男,遷出,桃園市,0
112,1,24,金山區,,,,無年齡維度,0.0,女,遷出,福建省,0
112,1,24,金山區,,,,無年齡維度,0.0,男,遷出,福建省,0
112,1,24,金山區,,,,無年齡維度,0.0,女,遷出,臺中市,0
112,1,24,金山區,,,,無年齡維度,0.0,男,遷出,臺中市,0
112,1,24,金山區,,,,無年齡維度,0.0,女,遷出,臺北市,0
112,1,24,金山區,,,,無年齡維度,0.0,男,遷出,臺北市,0
112,1,24,金山區,,,,無年齡維度,0.0,女,遷出,臺南市,0
112,1,24,金山區,,,,無年齡維度,0.0,男,遷出,臺南市,0
112,1,24,金山區,,,,無年齡維度,0.0,女,遷出,臺灣省,3
112,1,24,金山區,,,,無年齡維度,0.0,男,遷出,臺灣省,1
112,1,24,金山區,,,,無年齡維度,0.0,女,遷出,高雄市,0
112,1,24,金山區,,,,無年齡維度,0.0,男,遷出,高雄市,0
112,1,25,萬里區,,,,無年齡維度,0.0,女,遷入,migrants,1
112,1,25,萬里區,,,,無年齡維度,0.0,男,遷入,migrants,5
112,1,25,萬里區,,,,無年齡維度,0.0,女,遷入,other,0
112,1,25,萬里區,,,,無年齡維度,0.0,男,遷入,other,0
112,1,25,萬里區,,,,無年齡維度,0.0,女,遷入,其他縣市,0
112,1,25,萬里區,,,,無年齡維度,0.0,男,遷入,其他縣市,0
112,1,25,萬里區,,,,無年齡維度,0.0,女,遷入,其他鄉鎮,6
112,1,25,萬里區,,,,無年齡維度,0.0,男,遷入,其他鄉鎮,7
112,1,25,萬里區,,,,無年齡維度,0.0,女,遷入,合計,14
112,1,25,萬里區,,,,無年齡維度,0.0,男,遷入,合計,16
112,1,25,萬里區,,,,無年齡維度,0.0,女,遷入,國外,6
112,1,25,萬里區,,,,無年齡維度,0.0,男,遷入,國外,6
112,1,25,萬里區,,,,無年齡維度,0.0,女,遷入,新北市內,0
112,1,25,萬里區,,,,無年齡維度,0.0,男,遷入,新北市內,0
112,1,25,萬里區,,,,無年齡維度,0.0,女,遷入,桃園市,0
112,1,25,萬里區,,,,無年齡維度,0.0,男,遷入,桃園市,1
112,1,25,萬里區,,,,無年齡維度,0.0,女,遷入,福建省,0
112,1,25,萬里區,,,,無年齡維度,0.0,男,遷入,福建省,0
112,1,25,萬里區,,,,無年齡維度,0.0,女,遷入,臺中市,0
112,1,25,萬里區,,,,無年齡維度,0.0,男,遷入,臺中市,0
112,1,25,萬里區,,,,無年齡維度,0.0,女,遷入,臺北市,0
112,1,25,萬里區,,,,無年齡維度,0.0,男,遷入,臺北市,1
112,1,25,萬里區,,,,無年齡維度,0.0,女,遷入,臺南市,0
112,1,25,萬里區,,,,無年齡維度,0.0,男,遷入,臺南市,0
112,1,25,萬里區,,,,無年齡維度,0.0,女,遷入,臺灣省,2
112,1,25,萬里區,,,,無年齡維度,0.0,男,遷入,臺灣省,1
112,1,25,萬里區,,,,無年齡維度,0.0,女,遷入,高雄市,0
112,1,25,萬里區,,,,無年齡維度,0.0,男,遷入,高雄市,0
112,1,25,萬里區,,,,無年齡維度,0.0,女,遷出,migrants,1
112,1,25,萬里區,,,,無年齡維度,0.0,男,遷出,migrants,5
112,1,25,萬里區,,,,無年齡維度,0.0,女,遷出,other,0
112,1,25,萬里區,,,,無年齡維度,0.0,男,遷出,other,0
112,1,25,萬里區,,,,無年齡維度,0.0,女,遷出,其他縣市,0
112,1,25,萬里區,,,,無年齡維度,0.0,男,遷出,其他縣市,0
112,1,25,萬里區,,,,無年齡維度,0.0,女,遷出,其他鄉鎮,6
112,1,25,萬里區,,,,無年齡維度,0.0,男,遷出,其他鄉鎮,3
112,1,25,萬里區,,,,無年齡維度,0.0,女,遷出,合計,8
112,1,25,萬里區,,,,無年齡維度,0.0,男,遷出,合計,9
112,1,25,萬里區,,,,無年齡維度,0.0,女,遷出,國外,0
112,1,25,萬里區,,,,無年齡維度,0.0,男,遷出,國外,0
112,1,25,萬里區,,,,無年齡維度,0.0,女,遷出,新北市內,0
112,1,25,萬里區,,,,無年齡維度,0.0,男,遷出,新北市內,0
112,1,25,萬里區,,,,無年齡維度,0.0,女,遷出,桃園市,0
112,1,25,萬里區,,,,無年齡維度,0.0,男,遷出,桃園市,1
112,1,25,萬里區,,,,無年齡維度,0.0,女,遷出,福建省,0
112,1,25,萬里區,,,,無年齡維度,0.0,男,遷出,福建省,0
112,1,25,萬里區,,,,無年齡維度,0.0,女,遷出,臺中市,0
112,1,25,萬里區,,,,無年齡維度,0.0,男,遷出,臺中市,0
112,1,25,萬里區,,,,無年齡維度,0.0,女,遷出,臺北市,1
112,1,25,萬里區,,,,無年齡維度,0.0,男,遷出,臺北市,2
112,1,25,萬里區,,,,無年齡維度,0.0,女,遷出,臺南市,0
112,1,25,萬里區,,,,無年齡維度,0.0,男,遷出,臺南市,0
112,1,25,萬里區,,,,無年齡維度,0.0,女,遷出,臺灣省,1
112,1,25,萬里區,,,,無年齡維度,0.0,男,遷出,臺灣省,2
112,1,25,萬里區,,,,無年齡維度,0.0,女,遷出,高雄市,0
112,1,25,萬里區,,,,無年齡維度,0.0,男,遷出,高雄市,1
112,1,26,平溪區,,,,無年齡維度,0.0,女,遷入,migrants,7
112,1,26,平溪區,,,,無年齡維度,0.0,男,遷入,migrants,2
112,1,26,平溪區,,,,無年齡維度,0.0,女,遷入,other,0
112,1,26,平溪區,,,,無年齡維度,0.0,男,遷入,other,0
112,1,26,平溪區,,,,無年齡維度,0.0,女,遷入,其他縣市,0
112,1,26,平溪區,,,,無年齡維度,0.0,男,遷入,其他縣市,0
112,1,26,平溪區,,,,無年齡維度,0.0,女,遷入,其他鄉鎮,0
112,1,26,平溪區,,,,無年齡維度,0.0,男,遷入,其他鄉鎮,3
112,1,26,平溪區,,,,無年齡維度,0.0,女,遷入,合計,15
112,1,26,平溪區,,,,無年齡維度,0.0,男,遷入,合計,10
112,1,26,平溪區,,,,無年齡維度,0.0,女,遷入,國外,9
112,1,26,平溪區,,,,無年齡維度,0.0,男,遷入,國外,4
112,1,26,平溪區,,,,無年齡維度,0.0,女,遷入,新北市內,0
112,1,26,平溪區,,,,無年齡維度,0.0,男,遷入,新北市內,0
112,1,26,平溪區,,,,無年齡維度,0.0,女,遷入,桃園市,3
112,1,26,平溪區,,,,無年齡維度,0.0,男,遷入,桃園市,0
112,1,26,平溪區,,,,無年齡維度,0.0,女,遷入,福建省,0
112,1,26,平溪區,,,,無年齡維度,0.0,男,遷入,福建省,0
112,1,26,平溪區,,,,無年齡維度,0.0,女,遷入,臺中市,0
112,1,26,平溪區,,,,無年齡維度,0.0,男,遷入,臺中市,0
112,1,26,平溪區,,,,無年齡維度,0.0,女,遷入,臺北市,2
112,1,26,平溪區,,,,無年齡維度,0.0,男,遷入,臺北市,1
112,1,26,平溪區,,,,無年齡維度,0.0,女,遷入,臺南市,0
112,1,26,平溪區,,,,無年齡維度,0.0,男,遷入,臺南市,0
112,1,26,平溪區,,,,無年齡維度,0.0,女,遷入,臺灣省,1
112,1,26,平溪區,,,,無年齡維度,0.0,男,遷入,臺灣省,2
112,1,26,平溪區,,,,無年齡維度,0.0,女,遷入,高雄市,0
112,1,26,平溪區,,,,無年齡維度,0.0,男,遷入,高雄市,0
112,1,26,平溪區,,,,無年齡維度,0.0,女,遷出,migrants,7
112,1,26,平溪區,,,,無年齡維度,0.0,男,遷出,migrants,2
112,1,26,平溪區,,,,無年齡維度,0.0,女,遷出,other,0
112,1,26,平溪區,,,,無年齡維度,0.0,男,遷出,other,0
112,1,26,平溪區,,,,無年齡維度,0.0,女,遷出,其他縣市,0
112,1,26,平溪區,,,,無年齡維度,0.0,男,遷出,其他縣市,0
112,1,26,平溪區,,,,無年齡維度,0.0,女,遷出,其他鄉鎮,6
112,1,26,平溪區,,,,無年齡維度,0.0,男,遷出,其他鄉鎮,12
112,1,26,平溪區,,,,無年齡維度,0.0,女,遷出,合計,16
112,1,26,平溪區,,,,無年齡維度,0.0,男,遷出,合計,19
112,1,26,平溪區,,,,無年齡維度,0.0,女,遷出,國外,0
112,1,26,平溪區,,,,無年齡維度,0.0,男,遷出,國外,0
112,1,26,平溪區,,,,無年齡維度,0.0,女,遷出,新北市內,0
112,1,26,平溪區,,,,無年齡維度,0.0,男,遷出,新北市內,0
112,1,26,平溪區,,,,無年齡維度,0.0,女,遷出,桃園市,4
112,1,26,平溪區,,,,無年齡維度,0.0,男,遷出,桃園市,3
112,1,26,平溪區,,,,無年齡維度,0.0,女,遷出,福建省,0
112,1,26,平溪區,,,,無年齡維度,0.0,男,遷出,福建省,0
112,1,26,平溪區,,,,無年齡維度,0.0,女,遷出,臺中市,1
112,1,26,平溪區,,,,無年齡維度,0.0,男,遷出,臺中市,0
112,1,26,平溪區,,,,無年齡維度,0.0,女,遷出,臺北市,2
112,1,26,平溪區,,,,無年齡維度,0.0,男,遷出,臺北市,1
112,1,26,平溪區,,,,無年齡維度,0.0,女,遷出,臺南市,0
112,1,26,平溪區,,,,無年齡維度,0.0,男,遷出,臺南市,0
112,1,26,平溪區,,,,無年齡維度,0.0,女,遷出,臺灣省,3
112,1,26,平溪區,,,,無年齡維度,0.0,男,遷出,臺灣省,3
112,1,26,平溪區,,,,無年齡維度,0.0,女,遷出,高雄市,0
112,1,26,平溪區,,,,無年齡維度,0.0,男,遷出,高雄市,0
112,1,27,雙溪區,,,,無年齡維度,0.0,女,遷入,migrants,15
112,1,27,雙溪區,,,,無年齡維度,0.0,男,遷入,migrants,16
112,1,27,雙溪區,,,,無年齡維度,0.0,女,遷入,other,0
112,1,27,雙溪區,,,,無年齡維度,0.0,男,遷入,other,0
112,1,27,雙溪區,,,,無年齡維度,0.0,女,遷入,其他縣市,0
112,1,27,雙溪區,,,,無年齡維度,0.0,男,遷入,其他縣市,0
112,1,27,雙溪區,,,,無年齡維度,0.0,女,遷入,其他鄉鎮,4
112,1,27,雙溪區,,,,無年齡維度,0.0,男,遷入,其他鄉鎮,2
112,1,27,雙溪區,,,,無年齡維度,0.0,女,遷入,合計,31
112,1,27,雙溪區,,,,無年齡維度,0.0,男,遷入,合計,17
112,1,27,雙溪區,,,,無年齡維度,0.0,女,遷入,國外,18
112,1,27,雙溪區,,,,無年齡維度,0.0,男,遷入,國外,10
112,1,27,雙溪區,,,,無年齡維度,0.0,女,遷入,新北市內,0
112,1,27,雙溪區,,,,無年齡維度,0.0,男,遷入,新北市內,0
112,1,27,雙溪區,,,,無年齡維度,0.0,女,遷入,桃園市,0
112,1,27,雙溪區,,,,無年齡維度,0.0,男,遷入,桃園市,0
112,1,27,雙溪區,,,,無年齡維度,0.0,女,遷入,福建省,0
112,1,27,雙溪區,,,,無年齡維度,0.0,男,遷入,福建省,0
112,1,27,雙溪區,,,,無年齡維度,0.0,女,遷入,臺中市,0
112,1,27,雙溪區,,,,無年齡維度,0.0,男,遷入,臺中市,0
112,1,27,雙溪區,,,,無年齡維度,0.0,女,遷入,臺北市,2
112,1,27,雙溪區,,,,無年齡維度,0.0,男,遷入,臺北市,3
112,1,27,雙溪區,,,,無年齡維度,0.0,女,遷入,臺南市,1
112,1,27,雙溪區,,,,無年齡維度,0.0,男,遷入,臺南市,0
112,1,27,雙溪區,,,,無年齡維度,0.0,女,遷入,臺灣省,4
112,1,27,雙溪區,,,,無年齡維度,0.0,男,遷入,臺灣省,2
112,1,27,雙溪區,,,,無年齡維度,0.0,女,遷入,高雄市,0
112,1,27,雙溪區,,,,無年齡維度,0.0,男,遷入,高雄市,0
112,1,27,雙溪區,,,,無年齡維度,0.0,女,遷出,migrants,15
112,1,27,雙溪區,,,,無年齡維度,0.0,男,遷出,migrants,16
112,1,27,雙溪區,,,,無年齡維度,0.0,女,遷出,other,0
112,1,27,雙溪區,,,,無年齡維度,0.0,男,遷出,other,0
112,1,27,雙溪區,,,,無年齡維度,0.0,女,遷出,其他縣市,0
112,1,27,雙溪區,,,,無年齡維度,0.0,男,遷出,其他縣市,0
112,1,27,雙溪區,,,,無年齡維度,0.0,女,遷出,其他鄉鎮,12
112,1,27,雙溪區,,,,無年齡維度,0.0,男,遷出,其他鄉鎮,10
112,1,27,雙溪區,,,,無年齡維度,0.0,女,遷出,合計,25
112,1,27,雙溪區,,,,無年齡維度,0.0,男,遷出,合計,21
112,1,27,雙溪區,,,,無年齡維度,0.0,女,遷出,國外,1
112,1,27,雙溪區,,,,無年齡維度,0.0,男,遷出,國外,0
112,1,27,雙溪區,,,,無年齡維度,0.0,女,遷出,新北市內,0
112,1,27,雙溪區,,,,無年齡維度,0.0,男,遷出,新北市內,0
112,1,27,雙溪區,,,,無年齡維度,0.0,女,遷出,桃園市,2
112,1,27,雙溪區,,,,無年齡維度,0.0,男,遷出,桃園市,0
112,1,27,雙溪區,,,,無年齡維度,0.0,女,遷出,福建省,0
112,1,27,雙溪區,,,,無年齡維度,0.0,男,遷出,福建省,0
112,1,27,雙溪區,,,,無年齡維度,0.0,女,遷出,臺中市,2
112,1,27,雙溪區,,,,無年齡維度,0.0,男,遷出,臺中市,1
112,1,27,雙溪區,,,,無年齡維度,0.0,女,遷出,臺北市,5
112,1,27,雙溪區,,,,無年齡維度,0.0,男,遷出,臺北市,6
112,1,27,雙溪區,,,,無年齡維度,0.0,女,遷出,臺南市,1
112,1,27,雙溪區,,,,無年齡維度,0.0,男,遷出,臺南市,0
112,1,27,雙溪區,,,,無年齡維度,0.0,女,遷出,臺灣省,2
112,1,27,雙溪區,,,,無年齡維度,0.0,男,遷出,臺灣省,4
112,1,27,雙溪區,,,,無年齡維度,0.0,女,遷出,高雄市,0
112,1,27,雙溪區,,,,無年齡維度,0.0,男,遷出,高雄市,0
112,1,28,貢寮區,,,,無年齡維度,0.0,女,遷入,migrants,8
112,1,28,貢寮區,,,,無年齡維度,0.0,男,遷入,migrants,5
112,1,28,貢寮區,,,,無年齡維度,0.0,女,遷入,other,0
112,1,28,貢寮區,,,,無年齡維度,0.0,男,遷入,other,0
112,1,28,貢寮區,,,,無年齡維度,0.0,女,遷入,其他縣市,0
112,1,28,貢寮區,,,,無年齡維度,0.0,男,遷入,其他縣市,0
112,1,28,貢寮區,,,,無年齡維度,0.0,女,遷入,其他鄉鎮,6
112,1,28,貢寮區,,,,無年齡維度,0.0,男,遷入,其他鄉鎮,4
112,1,28,貢寮區,,,,無年齡維度,0.0,女,遷入,合計,33
112,1,28,貢寮區,,,,無年齡維度,0.0,男,遷入,合計,32
112,1,28,貢寮區,,,,無年齡維度,0.0,女,遷入,國外,15
112,1,28,貢寮區,,,,無年齡維度,0.0,男,遷入,國外,11
112,1,28,貢寮區,,,,無年齡維度,0.0,女,遷入,新北市內,0
112,1,28,貢寮區,,,,無年齡維度,0.0,男,遷入,新北市內,0
112,1,28,貢寮區,,,,無年齡維度,0.0,女,遷入,桃園市,1
112,1,28,貢寮區,,,,無年齡維度,0.0,男,遷入,桃園市,0
112,1,28,貢寮區,,,,無年齡維度,0.0,女,遷入,福建省,0
112,1,28,貢寮區,,,,無年齡維度,0.0,男,遷入,福建省,0
112,1,28,貢寮區,,,,無年齡維度,0.0,女,遷入,臺中市,0
112,1,28,貢寮區,,,,無年齡維度,0.0,男,遷入,臺中市,0
112,1,28,貢寮區,,,,無年齡維度,0.0,女,遷入,臺北市,3
112,1,28,貢寮區,,,,無年齡維度,0.0,男,遷入,臺北市,3
112,1,28,貢寮區,,,,無年齡維度,0.0,女,遷入,臺南市,1
112,1,28,貢寮區,,,,無年齡維度,0.0,男,遷入,臺南市,0
112,1,28,貢寮區,,,,無年齡維度,0.0,女,遷入,臺灣省,7
112,1,28,貢寮區,,,,無年齡維度,0.0,男,遷入,臺灣省,14
112,1,28,貢寮區,,,,無年齡維度,0.0,女,遷入,高雄市,0
112,1,28,貢寮區,,,,無年齡維度,0.0,男,遷入,高雄市,0
112,1,28,貢寮區,,,,無年齡維度,0.0,女,遷出,migrants,8
112,1,28,貢寮區,,,,無年齡維度,0.0,男,遷出,migrants,5
112,1,28,貢寮區,,,,無年齡維度,0.0,女,遷出,other,0
112,1,28,貢寮區,,,,無年齡維度,0.0,男,遷出,other,0
112,1,28,貢寮區,,,,無年齡維度,0.0,女,遷出,其他縣市,0
112,1,28,貢寮區,,,,無年齡維度,0.0,男,遷出,其他縣市,0
112,1,28,貢寮區,,,,無年齡維度,0.0,女,遷出,其他鄉鎮,9
112,1,28,貢寮區,,,,無年齡維度,0.0,男,遷出,其他鄉鎮,4
112,1,28,貢寮區,,,,無年齡維度,0.0,女,遷出,合計,28
112,1,28,貢寮區,,,,無年齡維度,0.0,男,遷出,合計,24
112,1,28,貢寮區,,,,無年齡維度,0.0,女,遷出,國外,0
112,1,28,貢寮區,,,,無年齡維度,0.0,男,遷出,國外,0
112,1,28,貢寮區,,,,無年齡維度,0.0,女,遷出,新北市內,0
112,1,28,貢寮區,,,,無年齡維度,0.0,男,遷出,新北市內,0
112,1,28,貢寮區,,,,無年齡維度,0.0,女,遷出,桃園市,1
112,1,28,貢寮區,,,,無年齡維度,0.0,男,遷出,桃園市,4
112,1,28,貢寮區,,,,無年齡維度,0.0,女,遷出,福建省,0
112,1,28,貢寮區,,,,無年齡維度,0.0,男,遷出,福建省,0
112,1,28,貢寮區,,,,無年齡維度,0.0,女,遷出,臺中市,2
112,1,28,貢寮區,,,,無年齡維度,0.0,男,遷出,臺中市,0
112,1,28,貢寮區,,,,無年齡維度,0.0,女,遷出,臺北市,4
112,1,28,貢寮區,,,,無年齡維度,0.0,男,遷出,臺北市,1
112,1,28,貢寮區,,,,無年齡維度,0.0,女,遷出,臺南市,0
112,1,28,貢寮區,,,,無年齡維度,0.0,男,遷出,臺南市,0
112,1,28,貢寮區,,,,無年齡維度,0.0,女,遷出,臺灣省,11
112,1,28,貢寮區,,,,無年齡維度,0.0,男,遷出,臺灣省,15
112,1,28,貢寮區,,,,無年齡維度,0.0,女,遷出,高雄市,1
112,1,28,貢寮區,,,,無年齡維度,0.0,男,遷出,高雄市,0
112,1,29,烏來區,,,,無年齡維度,0.0,女,遷入,migrants,7
112,1,29,烏來區,,,,無年齡維度,0.0,男,遷入,migrants,4
112,1,29,烏來區,,,,無年齡維度,0.0,女,遷入,other,0
112,1,29,烏來區,,,,無年齡維度,0.0,男,遷入,other,0
112,1,29,烏來區,,,,無年齡維度,0.0,女,遷入,其他縣市,0
112,1,29,烏來區,,,,無年齡維度,0.0,男,遷入,其他縣市,0
112,1,29,烏來區,,,,無年齡維度,0.0,女,遷入,其他鄉鎮,6
112,1,29,烏來區,,,,無年齡維度,0.0,男,遷入,其他鄉鎮,7
112,1,29,烏來區,,,,無年齡維度,0.0,女,遷入,合計,11
112,1,29,烏來區,,,,無年齡維度,0.0,男,遷入,合計,13
112,1,29,烏來區,,,,無年齡維度,0.0,女,遷入,國外,3
112,1,29,烏來區,,,,無年齡維度,0.0,男,遷入,國外,3
112,1,29,烏來區,,,,無年齡維度,0.0,女,遷入,新北市內,0
112,1,29,烏來區,,,,無年齡維度,0.0,男,遷入,新北市內,0
112,1,29,烏來區,,,,無年齡維度,0.0,女,遷入,桃園市,0
112,1,29,烏來區,,,,無年齡維度,0.0,男,遷入,桃園市,1
112,1,29,烏來區,,,,無年齡維度,0.0,女,遷入,福建省,0
112,1,29,烏來區,,,,無年齡維度,0.0,男,遷入,福建省,0
112,1,29,烏來區,,,,無年齡維度,0.0,女,遷入,臺中市,0
112,1,29,烏來區,,,,無年齡維度,0.0,男,遷入,臺中市,1
112,1,29,烏來區,,,,無年齡維度,0.0,女,遷入,臺北市,0
112,1,29,烏來區,,,,無年齡維度,0.0,男,遷入,臺北市,0
112,1,29,烏來區,,,,無年齡維度,0.0,女,遷入,臺南市,0
112,1,29,烏來區,,,,無年齡維度,0.0,男,遷入,臺南市,0
112,1,29,烏來區,,,,無年齡維度,0.0,女,遷入,臺灣省,2
112,1,29,烏來區,,,,無年齡維度,0.0,男,遷入,臺灣省,1
112,1,29,烏來區,,,,無年齡維度,0.0,女,遷入,高雄市,0
112,1,29,烏來區,,,,無年齡維度,0.0,男,遷入,高雄市,0
112,1,29,烏來區,,,,無年齡維度,0.0,女,遷出,migrants,7
112,1,29,烏來區,,,,無年齡維度,0.0,男,遷出,migrants,4
112,1,29,烏來區,,,,無年齡維度,0.0,女,遷出,other,0
112,1,29,烏來區,,,,無年齡維度,0.0,男,遷出,other,0
112,1,29,烏來區,,,,無年齡維度,0.0,女,遷出,其他縣市,0
112,1,29,烏來區,,,,無年齡維度,0.0,男,遷出,其他縣市,0
112,1,29,烏來區,,,,無年齡維度,0.0,女,遷出,其他鄉鎮,4
112,1,29,烏來區,,,,無年齡維度,0.0,男,遷出,其他鄉鎮,8
112,1,29,烏來區,,,,無年齡維度,0.0,女,遷出,合計,14
112,1,29,烏來區,,,,無年齡維度,0.0,男,遷出,合計,12
112,1,29,烏來區,,,,無年齡維度,0.0,女,遷出,國外,0
112,1,29,烏來區,,,,無年齡維度,0.0,男,遷出,國外,0
112,1,29,烏來區,,,,無年齡維度,0.0,女,遷出,新北市內,0
112,1,29,烏來區,,,,無年齡維度,0.0,男,遷出,新北市內,0
112,1,29,烏來區,,,,無年齡維度,0.0,女,遷出,桃園市,3
112,1,29,烏來區,,,,無年齡維度,0.0,男,遷出,桃園市,0
112,1,29,烏來區,,,,無年齡維度,0.0,女,遷出,福建省,0
112,1,29,烏來區,,,,無年齡維度,0.0,男,遷出,福建省,0
112,1,29,烏來區,,,,無年齡維度,0.0,女,遷出,臺中市,0
112,1,29,烏來區,,,,無年齡維度,0.0,男,遷出,臺中市,0
112,1,29,烏來區,,,,無年齡維度,0.0,女,遷出,臺北市,1
112,1,29,烏來區,,,,無年齡維度,0.0,男,遷出,臺北市,2
112,1,29,烏來區,,,,無年齡維度,0.0,女,遷出,臺南市,0
112,1,29,烏來區,,,,無年齡維度,0.0,男,遷出,臺南市,0
112,1,29,烏來區,,,,無年齡維度,0.0,女,遷出,臺灣省,6
112,1,29,烏來區,,,,無年齡維度,0.0,男,遷出,臺灣省,2
112,1,29,烏來區,,,,無年齡維度,0.0,女,遷出,高雄市,0
112,1,29,烏來區,,,,無年齡維度,0.0,男,遷出,高雄市,0
112,2,1,板橋區,,,,無年齡維度,0.0,女,遷入,migrants,741
112,2,1,板橋區,,,,無年齡維度,0.0,男,遷入,migrants,622
112,2,1,板橋區,,,,無年齡維度,0.0,女,遷入,other,0
112,2,1,板橋區,,,,無年齡維度,0.0,男,遷入,other,0
112,2,1,板橋區,,,,無年齡維度,0.0,女,遷入,其他縣市,0
112,2,1,板橋區,,,,無年齡維度,0.0,男,遷入,其他縣市,0
112,2,1,板橋區,,,,無年齡維度,0.0,女,遷入,其他鄉鎮,413
112,2,1,板橋區,,,,無年齡維度,0.0,男,遷入,其他鄉鎮,346
112,2,1,板橋區,,,,無年齡維度,0.0,女,遷入,合計,1259
112,2,1,板橋區,,,,無年齡維度,0.0,男,遷入,合計,1046
112,2,1,板橋區,,,,無年齡維度,0.0,女,遷入,國外,291
112,2,1,板橋區,,,,無年齡維度,0.0,男,遷入,國外,243
112,2,1,板橋區,,,,無年齡維度,0.0,女,遷入,新北市內,0
112,2,1,板橋區,,,,無年齡維度,0.0,男,遷入,新北市內,0
112,2,1,板橋區,,,,無年齡維度,0.0,女,遷入,桃園市,66
112,2,1,板橋區,,,,無年齡維度,0.0,男,遷入,桃園市,53
112,2,1,板橋區,,,,無年齡維度,0.0,女,遷入,福建省,7
112,2,1,板橋區,,,,無年齡維度,0.0,男,遷入,福建省,8
112,2,1,板橋區,,,,無年齡維度,0.0,女,遷入,臺中市,35
112,2,1,板橋區,,,,無年齡維度,0.0,男,遷入,臺中市,14
112,2,1,板橋區,,,,無年齡維度,0.0,女,遷入,臺北市,266
112,2,1,板橋區,,,,無年齡維度,0.0,男,遷入,臺北市,231
112,2,1,板橋區,,,,無年齡維度,0.0,女,遷入,臺南市,9
112,2,1,板橋區,,,,無年齡維度,0.0,男,遷入,臺南市,8
112,2,1,板橋區,,,,無年齡維度,0.0,女,遷入,臺灣省,114
112,2,1,板橋區,,,,無年齡維度,0.0,男,遷入,臺灣省,102
112,2,1,板橋區,,,,無年齡維度,0.0,女,遷入,高雄市,32
112,2,1,板橋區,,,,無年齡維度,0.0,男,遷入,高雄市,25
112,2,1,板橋區,,,,無年齡維度,0.0,女,遷出,migrants,741
112,2,1,板橋區,,,,無年齡維度,0.0,男,遷出,migrants,622
112,2,1,板橋區,,,,無年齡維度,0.0,女,遷出,other,0
112,2,1,板橋區,,,,無年齡維度,0.0,男,遷出,other,0
112,2,1,板橋區,,,,無年齡維度,0.0,女,遷出,其他縣市,0
112,2,1,板橋區,,,,無年齡維度,0.0,男,遷出,其他縣市,0
112,2,1,板橋區,,,,無年齡維度,0.0,女,遷出,其他鄉鎮,381
112,2,1,板橋區,,,,無年齡維度,0.0,男,遷出,其他鄉鎮,336
112,2,1,板橋區,,,,無年齡維度,0.0,女,遷出,合計,888
112,2,1,板橋區,,,,無年齡維度,0.0,男,遷出,合計,747
112,2,1,板橋區,,,,無年齡維度,0.0,女,遷出,國外,20
112,2,1,板橋區,,,,無年齡維度,0.0,男,遷出,國外,14
112,2,1,板橋區,,,,無年齡維度,0.0,女,遷出,新北市內,0
112,2,1,板橋區,,,,無年齡維度,0.0,男,遷出,新北市內,0
112,2,1,板橋區,,,,無年齡維度,0.0,女,遷出,桃園市,131
112,2,1,板橋區,,,,無年齡維度,0.0,男,遷出,桃園市,115
112,2,1,板橋區,,,,無年齡維度,0.0,女,遷出,福建省,4
112,2,1,板橋區,,,,無年齡維度,0.0,男,遷出,福建省,5
112,2,1,板橋區,,,,無年齡維度,0.0,女,遷出,臺中市,42
112,2,1,板橋區,,,,無年齡維度,0.0,男,遷出,臺中市,26
112,2,1,板橋區,,,,無年齡維度,0.0,女,遷出,臺北市,140
112,2,1,板橋區,,,,無年齡維度,0.0,男,遷出,臺北市,119
112,2,1,板橋區,,,,無年齡維度,0.0,女,遷出,臺南市,23
112,2,1,板橋區,,,,無年齡維度,0.0,男,遷出,臺南市,12
112,2,1,板橋區,,,,無年齡維度,0.0,女,遷出,臺灣省,129
112,2,1,板橋區,,,,無年齡維度,0.0,男,遷出,臺灣省,113
112,2,1,板橋區,,,,無年齡維度,0.0,女,遷出,高雄市,18
112,2,1,板橋區,,,,無年齡維度,0.0,男,遷出,高雄市,7
112,2,2,三重區,,,,無年齡維度,0.0,女,遷入,migrants,532
112,2,2,三重區,,,,無年齡維度,0.0,男,遷入,migrants,529
112,2,2,三重區,,,,無年齡維度,0.0,女,遷入,other,0
112,2,2,三重區,,,,無年齡維度,0.0,男,遷入,other,0
112,2,2,三重區,,,,無年齡維度,0.0,女,遷入,其他縣市,0
112,2,2,三重區,,,,無年齡維度,0.0,男,遷入,其他縣市,0
112,2,2,三重區,,,,無年齡維度,0.0,女,遷入,其他鄉鎮,259
112,2,2,三重區,,,,無年齡維度,0.0,男,遷入,其他鄉鎮,200
112,2,2,三重區,,,,無年齡維度,0.0,女,遷入,合計,885
112,2,2,三重區,,,,無年齡維度,0.0,男,遷入,合計,729
112,2,2,三重區,,,,無年齡維度,0.0,女,遷入,國外,174
112,2,2,三重區,,,,無年齡維度,0.0,男,遷入,國外,143
112,2,2,三重區,,,,無年齡維度,0.0,女,遷入,新北市內,0
112,2,2,三重區,,,,無年齡維度,0.0,男,遷入,新北市內,0
112,2,2,三重區,,,,無年齡維度,0.0,女,遷入,桃園市,50
112,2,2,三重區,,,,無年齡維度,0.0,男,遷入,桃園市,30
112,2,2,三重區,,,,無年齡維度,0.0,女,遷入,福建省,3
112,2,2,三重區,,,,無年齡維度,0.0,男,遷入,福建省,5
112,2,2,三重區,,,,無年齡維度,0.0,女,遷入,臺中市,24
112,2,2,三重區,,,,無年齡維度,0.0,男,遷入,臺中市,19
112,2,2,三重區,,,,無年齡維度,0.0,女,遷入,臺北市,259
112,2,2,三重區,,,,無年齡維度,0.0,男,遷入,臺北市,237
112,2,2,三重區,,,,無年齡維度,0.0,女,遷入,臺南市,9
112,2,2,三重區,,,,無年齡維度,0.0,男,遷入,臺南市,7
112,2,2,三重區,,,,無年齡維度,0.0,女,遷入,臺灣省,69
112,2,2,三重區,,,,無年齡維度,0.0,男,遷入,臺灣省,69
112,2,2,三重區,,,,無年齡維度,0.0,女,遷入,高雄市,20
112,2,2,三重區,,,,無年齡維度,0.0,男,遷入,高雄市,11
112,2,2,三重區,,,,無年齡維度,0.0,女,遷出,migrants,532
112,2,2,三重區,,,,無年齡維度,0.0,男,遷出,migrants,529
112,2,2,三重區,,,,無年齡維度,0.0,女,遷出,other,0
112,2,2,三重區,,,,無年齡維度,0.0,男,遷出,other,0
112,2,2,三重區,,,,無年齡維度,0.0,女,遷出,其他縣市,0
112,2,2,三重區,,,,無年齡維度,0.0,男,遷出,其他縣市,0
112,2,2,三重區,,,,無年齡維度,0.0,女,遷出,其他鄉鎮,281
112,2,2,三重區,,,,無年齡維度,0.0,男,遷出,其他鄉鎮,197
112,2,2,三重區,,,,無年齡維度,0.0,女,遷出,合計,726
112,2,2,三重區,,,,無年齡維度,0.0,男,遷出,合計,575
112,2,2,三重區,,,,無年齡維度,0.0,女,遷出,國外,19
112,2,2,三重區,,,,無年齡維度,0.0,男,遷出,國外,10
112,2,2,三重區,,,,無年齡維度,0.0,女,遷出,新北市內,0
112,2,2,三重區,,,,無年齡維度,0.0,男,遷出,新北市內,0
112,2,2,三重區,,,,無年齡維度,0.0,女,遷出,桃園市,73
112,2,2,三重區,,,,無年齡維度,0.0,男,遷出,桃園市,81
112,2,2,三重區,,,,無年齡維度,0.0,女,遷出,福建省,2
112,2,2,三重區,,,,無年齡維度,0.0,男,遷出,福建省,4
112,2,2,三重區,,,,無年齡維度,0.0,女,遷出,臺中市,17
112,2,2,三重區,,,,無年齡維度,0.0,男,遷出,臺中市,10
112,2,2,三重區,,,,無年齡維度,0.0,女,遷出,臺北市,227
112,2,2,三重區,,,,無年齡維度,0.0,男,遷出,臺北市,181
112,2,2,三重區,,,,無年齡維度,0.0,女,遷出,臺南市,11
112,2,2,三重區,,,,無年齡維度,0.0,男,遷出,臺南市,17
112,2,2,三重區,,,,無年齡維度,0.0,女,遷出,臺灣省,82
112,2,2,三重區,,,,無年齡維度,0.0,男,遷出,臺灣省,65
112,2,2,三重區,,,,無年齡維度,0.0,女,遷出,高雄市,14
112,2,2,三重區,,,,無年齡維度,0.0,男,遷出,高雄市,10
112,2,3,中和區,,,,無年齡維度,0.0,女,遷入,migrants,399
112,2,3,中和區,,,,無年齡維度,0.0,男,遷入,migrants,358
112,2,3,中和區,,,,無年齡維度,0.0,女,遷入,other,0
112,2,3,中和區,,,,無年齡維度,0.0,男,遷入,other,0
112,2,3,中和區,,,,無年齡維度,0.0,女,遷入,其他縣市,0
112,2,3,中和區,,,,無年齡維度,0.0,男,遷入,其他縣市,0
112,2,3,中和區,,,,無年齡維度,0.0,女,遷入,其他鄉鎮,357
112,2,3,中和區,,,,無年齡維度,0.0,男,遷入,其他鄉鎮,292
112,2,3,中和區,,,,無年齡維度,0.0,女,遷入,合計,1084
112,2,3,中和區,,,,無年齡維度,0.0,男,遷入,合計,954
112,2,3,中和區,,,,無年齡維度,0.0,女,遷入,國外,312
112,2,3,中和區,,,,無年齡維度,0.0,男,遷入,國外,282
112,2,3,中和區,,,,無年齡維度,0.0,女,遷入,新北市內,0
112,2,3,中和區,,,,無年齡維度,0.0,男,遷入,新北市內,0
112,2,3,中和區,,,,無年齡維度,0.0,女,遷入,桃園市,40
112,2,3,中和區,,,,無年齡維度,0.0,男,遷入,桃園市,23
112,2,3,中和區,,,,無年齡維度,0.0,女,遷入,福建省,10
112,2,3,中和區,,,,無年齡維度,0.0,男,遷入,福建省,14
112,2,3,中和區,,,,無年齡維度,0.0,女,遷入,臺中市,18
112,2,3,中和區,,,,無年齡維度,0.0,男,遷入,臺中市,21
112,2,3,中和區,,,,無年齡維度,0.0,女,遷入,臺北市,240
112,2,3,中和區,,,,無年齡維度,0.0,男,遷入,臺北市,213
112,2,3,中和區,,,,無年齡維度,0.0,女,遷入,臺南市,5
112,2,3,中和區,,,,無年齡維度,0.0,男,遷入,臺南市,6
112,2,3,中和區,,,,無年齡維度,0.0,女,遷入,臺灣省,70
112,2,3,中和區,,,,無年齡維度,0.0,男,遷入,臺灣省,75
112,2,3,中和區,,,,無年齡維度,0.0,女,遷入,高雄市,12
112,2,3,中和區,,,,無年齡維度,0.0,男,遷入,高雄市,10
112,2,3,中和區,,,,無年齡維度,0.0,女,遷出,migrants,399
112,2,3,中和區,,,,無年齡維度,0.0,男,遷出,migrants,358
112,2,3,中和區,,,,無年齡維度,0.0,女,遷出,other,0
112,2,3,中和區,,,,無年齡維度,0.0,男,遷出,other,0
112,2,3,中和區,,,,無年齡維度,0.0,女,遷出,其他縣市,0
112,2,3,中和區,,,,無年齡維度,0.0,男,遷出,其他縣市,0
112,2,3,中和區,,,,無年齡維度,0.0,女,遷出,其他鄉鎮,460
112,2,3,中和區,,,,無年齡維度,0.0,男,遷出,其他鄉鎮,374
112,2,3,中和區,,,,無年齡維度,0.0,女,遷出,合計,837
112,2,3,中和區,,,,無年齡維度,0.0,男,遷出,合計,694
112,2,3,中和區,,,,無年齡維度,0.0,女,遷出,國外,23
112,2,3,中和區,,,,無年齡維度,0.0,男,遷出,國外,21
112,2,3,中和區,,,,無年齡維度,0.0,女,遷出,新北市內,0
112,2,3,中和區,,,,無年齡維度,0.0,男,遷出,新北市內,0
112,2,3,中和區,,,,無年齡維度,0.0,女,遷出,桃園市,74
112,2,3,中和區,,,,無年齡維度,0.0,男,遷出,桃園市,60
112,2,3,中和區,,,,無年齡維度,0.0,女,遷出,福建省,11
112,2,3,中和區,,,,無年齡維度,0.0,男,遷出,福建省,15
112,2,3,中和區,,,,無年齡維度,0.0,女,遷出,臺中市,28
112,2,3,中和區,,,,無年齡維度,0.0,男,遷出,臺中市,22
112,2,3,中和區,,,,無年齡維度,0.0,女,遷出,臺北市,149
112,2,3,中和區,,,,無年齡維度,0.0,男,遷出,臺北市,105
112,2,3,中和區,,,,無年齡維度,0.0,女,遷出,臺南市,16
112,2,3,中和區,,,,無年齡維度,0.0,男,遷出,臺南市,16
112,2,3,中和區,,,,無年齡維度,0.0,女,遷出,臺灣省,62
112,2,3,中和區,,,,無年齡維度,0.0,男,遷出,臺灣省,68
112,2,3,中和區,,,,無年齡維度,0.0,女,遷出,高雄市,14
112,2,3,中和區,,,,無年齡維度,0.0,男,遷出,高雄市,13
112,2,4,永和區,,,,無年齡維度,0.0,女,遷入,migrants,213
112,2,4,永和區,,,,無年齡維度,0.0,男,遷入,migrants,177
112,2,4,永和區,,,,無年齡維度,0.0,女,遷入,other,0
112,2,4,永和區,,,,無年齡維度,0.0,男,遷入,other,0
112,2,4,永和區,,,,無年齡維度,0.0,女,遷入,其他縣市,0
112,2,4,永和區,,,,無年齡維度,0.0,男,遷入,其他縣市,0
112,2,4,永和區,,,,無年齡維度,0.0,女,遷入,其他鄉鎮,229
112,2,4,永和區,,,,無年齡維度,0.0,男,遷入,其他鄉鎮,183
112,2,4,永和區,,,,無年齡維度,0.0,女,遷入,合計,703
112,2,4,永和區,,,,無年齡維度,0.0,男,遷入,合計,569
112,2,4,永和區,,,,無年齡維度,0.0,女,遷入,國外,234
112,2,4,永和區,,,,無年齡維度,0.0,男,遷入,國外,188
112,2,4,永和區,,,,無年齡維度,0.0,女,遷入,新北市內,0
112,2,4,永和區,,,,無年齡維度,0.0,男,遷入,新北市內,0
112,2,4,永和區,,,,無年齡維度,0.0,女,遷入,桃園市,22
112,2,4,永和區,,,,無年齡維度,0.0,男,遷入,桃園市,19
112,2,4,永和區,,,,無年齡維度,0.0,女,遷入,福建省,10
112,2,4,永和區,,,,無年齡維度,0.0,男,遷入,福建省,10
112,2,4,永和區,,,,無年齡維度,0.0,女,遷入,臺中市,9
112,2,4,永和區,,,,無年齡維度,0.0,男,遷入,臺中市,11
112,2,4,永和區,,,,無年齡維度,0.0,女,遷入,臺北市,124
112,2,4,永和區,,,,無年齡維度,0.0,男,遷入,臺北市,107
112,2,4,永和區,,,,無年齡維度,0.0,女,遷入,臺南市,6
112,2,4,永和區,,,,無年齡維度,0.0,男,遷入,臺南市,4
112,2,4,永和區,,,,無年齡維度,0.0,女,遷入,臺灣省,52
112,2,4,永和區,,,,無年齡維度,0.0,男,遷入,臺灣省,36
112,2,4,永和區,,,,無年齡維度,0.0,女,遷入,高雄市,4
112,2,4,永和區,,,,無年齡維度,0.0,男,遷入,高雄市,5
112,2,4,永和區,,,,無年齡維度,0.0,女,遷出,migrants,213
112,2,4,永和區,,,,無年齡維度,0.0,男,遷出,migrants,177
112,2,4,永和區,,,,無年齡維度,0.0,女,遷出,other,0
112,2,4,永和區,,,,無年齡維度,0.0,男,遷出,other,0
112,2,4,永和區,,,,無年齡維度,0.0,女,遷出,其他縣市,0
112,2,4,永和區,,,,無年齡維度,0.0,男,遷出,其他縣市,0
112,2,4,永和區,,,,無年齡維度,0.0,女,遷出,其他鄉鎮,212
112,2,4,永和區,,,,無年齡維度,0.0,男,遷出,其他鄉鎮,193
112,2,4,永和區,,,,無年齡維度,0.0,女,遷出,合計,422
112,2,4,永和區,,,,無年齡維度,0.0,男,遷出,合計,393
112,2,4,永和區,,,,無年齡維度,0.0,女,遷出,國外,14
112,2,4,永和區,,,,無年齡維度,0.0,男,遷出,國外,19
112,2,4,永和區,,,,無年齡維度,0.0,女,遷出,新北市內,0
112,2,4,永和區,,,,無年齡維度,0.0,男,遷出,新北市內,0
112,2,4,永和區,,,,無年齡維度,0.0,女,遷出,桃園市,34
112,2,4,永和區,,,,無年齡維度,0.0,男,遷出,桃園市,20
112,2,4,永和區,,,,無年齡維度,0.0,女,遷出,福建省,3
112,2,4,永和區,,,,無年齡維度,0.0,男,遷出,福建省,9
112,2,4,永和區,,,,無年齡維度,0.0,女,遷出,臺中市,11
112,2,4,永和區,,,,無年齡維度,0.0,男,遷出,臺中市,9
112,2,4,永和區,,,,無年齡維度,0.0,女,遷出,臺北市,78
112,2,4,永和區,,,,無年齡維度,0.0,男,遷出,臺北市,80
112,2,4,永和區,,,,無年齡維度,0.0,女,遷出,臺南市,5
112,2,4,永和區,,,,無年齡維度,0.0,男,遷出,臺南市,7
112,2,4,永和區,,,,無年齡維度,0.0,女,遷出,臺灣省,55
112,2,4,永和區,,,,無年齡維度,0.0,男,遷出,臺灣省,49
112,2,4,永和區,,,,無年齡維度,0.0,女,遷出,高雄市,10
112,2,4,永和區,,,,無年齡維度,0.0,男,遷出,高雄市,7
112,2,5,新莊區,,,,無年齡維度,0.0,女,遷入,migrants,643
112,2,5,新莊區,,,,無年齡維度,0.0,男,遷入,migrants,565
112,2,5,新莊區,,,,無年齡維度,0.0,女,遷入,other,0
112,2,5,新莊區,,,,無年齡維度,0.0,男,遷入,other,0
112,2,5,新莊區,,,,無年齡維度,0.0,女,遷入,其他縣市,0
112,2,5,新莊區,,,,無年齡維度,0.0,男,遷入,其他縣市,0
112,2,5,新莊區,,,,無年齡維度,0.0,女,遷入,其他鄉鎮,364
112,2,5,新莊區,,,,無年齡維度,0.0,男,遷入,其他鄉鎮,274
112,2,5,新莊區,,,,無年齡維度,0.0,女,遷入,合計,936
112,2,5,新莊區,,,,無年齡維度,0.0,男,遷入,合計,778
112,2,5,新莊區,,,,無年齡維度,0.0,女,遷入,國外,181
112,2,5,新莊區,,,,無年齡維度,0.0,男,遷入,國外,165
112,2,5,新莊區,,,,無年齡維度,0.0,女,遷入,新北市內,0
112,2,5,新莊區,,,,無年齡維度,0.0,男,遷入,新北市內,0
112,2,5,新莊區,,,,無年齡維度,0.0,女,遷入,桃園市,82
112,2,5,新莊區,,,,無年齡維度,0.0,男,遷入,桃園市,68
112,2,5,新莊區,,,,無年齡維度,0.0,女,遷入,福建省,10
112,2,5,新莊區,,,,無年齡維度,0.0,男,遷入,福建省,7
112,2,5,新莊區,,,,無年齡維度,0.0,女,遷入,臺中市,17
112,2,5,新莊區,,,,無年齡維度,0.0,男,遷入,臺中市,10
112,2,5,新莊區,,,,無年齡維度,0.0,女,遷入,臺北市,138
112,2,5,新莊區,,,,無年齡維度,0.0,男,遷入,臺北市,122
112,2,5,新莊區,,,,無年齡維度,0.0,女,遷入,臺南市,8
112,2,5,新莊區,,,,無年齡維度,0.0,男,遷入,臺南市,8
112,2,5,新莊區,,,,無年齡維度,0.0,女,遷入,臺灣省,91
112,2,5,新莊區,,,,無年齡維度,0.0,男,遷入,臺灣省,92
112,2,5,新莊區,,,,無年齡維度,0.0,女,遷入,高雄市,20
112,2,5,新莊區,,,,無年齡維度,0.0,男,遷入,高雄市,17
112,2,5,新莊區,,,,無年齡維度,0.0,女,遷出,migrants,643
112,2,5,新莊區,,,,無年齡維度,0.0,男,遷出,migrants,565
112,2,5,新莊區,,,,無年齡維度,0.0,女,遷出,other,0
112,2,5,新莊區,,,,無年齡維度,0.0,男,遷出,other,0
112,2,5,新莊區,,,,無年齡維度,0.0,女,遷出,其他縣市,0
112,2,5,新莊區,,,,無年齡維度,0.0,男,遷出,其他縣市,0
112,2,5,新莊區,,,,無年齡維度,0.0,女,遷出,其他鄉鎮,292
112,2,5,新莊區,,,,無年齡維度,0.0,男,遷出,其他鄉鎮,233
112,2,5,新莊區,,,,無年齡維度,0.0,女,遷出,合計,666
112,2,5,新莊區,,,,無年齡維度,0.0,男,遷出,合計,565
112,2,5,新莊區,,,,無年齡維度,0.0,女,遷出,國外,19
112,2,5,新莊區,,,,無年齡維度,0.0,男,遷出,國外,6
112,2,5,新莊區,,,,無年齡維度,0.0,女,遷出,新北市內,0
112,2,5,新莊區,,,,無年齡維度,0.0,男,遷出,新北市內,0
112,2,5,新莊區,,,,無年齡維度,0.0,女,遷出,桃園市,134
112,2,5,新莊區,,,,無年齡維度,0.0,男,遷出,桃園市,131
112,2,5,新莊區,,,,無年齡維度,0.0,女,遷出,福建省,2
112,2,5,新莊區,,,,無年齡維度,0.0,男,遷出,福建省,3
112,2,5,新莊區,,,,無年齡維度,0.0,女,遷出,臺中市,35
112,2,5,新莊區,,,,無年齡維度,0.0,男,遷出,臺中市,18
112,2,5,新莊區,,,,無年齡維度,0.0,女,遷出,臺北市,68
112,2,5,新莊區,,,,無年齡維度,0.0,男,遷出,臺北市,55
112,2,5,新莊區,,,,無年齡維度,0.0,女,遷出,臺南市,25
112,2,5,新莊區,,,,無年齡維度,0.0,男,遷出,臺南市,21
112,2,5,新莊區,,,,無年齡維度,0.0,女,遷出,臺灣省,78
112,2,5,新莊區,,,,無年齡維度,0.0,男,遷出,臺灣省,83
112,2,5,新莊區,,,,無年齡維度,0.0,女,遷出,高雄市,13
112,2,5,新莊區,,,,無年齡維度,0.0,男,遷出,高雄市,15
112,2,6,新店區,,,,無年齡維度,0.0,女,遷入,migrants,385
112,2,6,新店區,,,,無年齡維度,0.0,男,遷入,migrants,325
112,2,6,新店區,,,,無年齡維度,0.0,女,遷入,other,0
112,2,6,新店區,,,,無年齡維度,0.0,男,遷入,other,0
112,2,6,新店區,,,,無年齡維度,0.0,女,遷入,其他縣市,0
112,2,6,新店區,,,,無年齡維度,0.0,男,遷入,其他縣市,0
112,2,6,新店區,,,,無年齡維度,0.0,女,遷入,其他鄉鎮,161
112,2,6,新店區,,,,無年齡維度,0.0,男,遷入,其他鄉鎮,142
112,2,6,新店區,,,,無年齡維度,0.0,女,遷入,合計,930
112,2,6,新店區,,,,無年齡維度,0.0,男,遷入,合計,700
112,2,6,新店區,,,,無年齡維度,0.0,女,遷入,國外,385
112,2,6,新店區,,,,無年齡維度,0.0,男,遷入,國外,240
112,2,6,新店區,,,,無年齡維度,0.0,女,遷入,新北市內,0
112,2,6,新店區,,,,無年齡維度,0.0,男,遷入,新北市內,0
112,2,6,新店區,,,,無年齡維度,0.0,女,遷入,桃園市,28
112,2,6,新店區,,,,無年齡維度,0.0,男,遷入,桃園市,24
112,2,6,新店區,,,,無年齡維度,0.0,女,遷入,福建省,3
112,2,6,新店區,,,,無年齡維度,0.0,男,遷入,福建省,3
112,2,6,新店區,,,,無年齡維度,0.0,女,遷入,臺中市,18
112,2,6,新店區,,,,無年齡維度,0.0,男,遷入,臺中市,11
112,2,6,新店區,,,,無年齡維度,0.0,女,遷入,臺北市,234
112,2,6,新店區,,,,無年齡維度,0.0,男,遷入,臺北市,209
112,2,6,新店區,,,,無年齡維度,0.0,女,遷入,臺南市,8
112,2,6,新店區,,,,無年齡維度,0.0,男,遷入,臺南市,10
112,2,6,新店區,,,,無年齡維度,0.0,女,遷入,臺灣省,60
112,2,6,新店區,,,,無年齡維度,0.0,男,遷入,臺灣省,37
112,2,6,新店區,,,,無年齡維度,0.0,女,遷入,高雄市,20
112,2,6,新店區,,,,無年齡維度,0.0,男,遷入,高雄市,11
112,2,6,新店區,,,,無年齡維度,0.0,女,遷出,migrants,385
112,2,6,新店區,,,,無年齡維度,0.0,男,遷出,migrants,325
112,2,6,新店區,,,,無年齡維度,0.0,女,遷出,other,0
112,2,6,新店區,,,,無年齡維度,0.0,男,遷出,other,0
112,2,6,新店區,,,,無年齡維度,0.0,女,遷出,其他縣市,0
112,2,6,新店區,,,,無年齡維度,0.0,男,遷出,其他縣市,0
112,2,6,新店區,,,,無年齡維度,0.0,女,遷出,其他鄉鎮,164
112,2,6,新店區,,,,無年齡維度,0.0,男,遷出,其他鄉鎮,116
112,2,6,新店區,,,,無年齡維度,0.0,女,遷出,合計,495
112,2,6,新店區,,,,無年齡維度,0.0,男,遷出,合計,430
112,2,6,新店區,,,,無年齡維度,0.0,女,遷出,國外,31
112,2,6,新店區,,,,無年齡維度,0.0,男,遷出,國外,29
112,2,6,新店區,,,,無年齡維度,0.0,女,遷出,新北市內,0
112,2,6,新店區,,,,無年齡維度,0.0,男,遷出,新北市內,0
112,2,6,新店區,,,,無年齡維度,0.0,女,遷出,桃園市,46
112,2,6,新店區,,,,無年齡維度,0.0,男,遷出,桃園市,37
112,2,6,新店區,,,,無年齡維度,0.0,女,遷出,福建省,4
112,2,6,新店區,,,,無年齡維度,0.0,男,遷出,福建省,5
112,2,6,新店區,,,,無年齡維度,0.0,女,遷出,臺中市,14
112,2,6,新店區,,,,無年齡維度,0.0,男,遷出,臺中市,16
112,2,6,新店區,,,,無年齡維度,0.0,女,遷出,臺北市,153
112,2,6,新店區,,,,無年齡維度,0.0,男,遷出,臺北市,144
112,2,6,新店區,,,,無年齡維度,0.0,女,遷出,臺南市,10
112,2,6,新店區,,,,無年齡維度,0.0,男,遷出,臺南市,17
112,2,6,新店區,,,,無年齡維度,0.0,女,遷出,臺灣省,59
112,2,6,新店區,,,,無年齡維度,0.0,男,遷出,臺灣省,55
112,2,6,新店區,,,,無年齡維度,0.0,女,遷出,高雄市,14
112,2,6,新店區,,,,無年齡維度,0.0,男,遷出,高雄市,10
112,2,7,土城區,,,,無年齡維度,0.0,女,遷入,migrants,199
112,2,7,土城區,,,,無年齡維度,0.0,男,遷入,migrants,170
112,2,7,土城區,,,,無年齡維度,0.0,女,遷入,other,0
112,2,7,土城區,,,,無年齡維度,0.0,男,遷入,other,0
112,2,7,土城區,,,,無年齡維度,0.0,女,遷入,其他縣市,0
112,2,7,土城區,,,,無年齡維度,0.0,男,遷入,其他縣市,0
112,2,7,土城區,,,,無年齡維度,0.0,女,遷入,其他鄉鎮,137
112,2,7,土城區,,,,無年齡維度,0.0,男,遷入,其他鄉鎮,135
112,2,7,土城區,,,,無年齡維度,0.0,女,遷入,合計,356
112,2,7,土城區,,,,無年齡維度,0.0,男,遷入,合計,318
112,2,7,土城區,,,,無年齡維度,0.0,女,遷入,國外,75
112,2,7,土城區,,,,無年齡維度,0.0,男,遷入,國外,73
112,2,7,土城區,,,,無年齡維度,0.0,女,遷入,新北市內,0
112,2,7,土城區,,,,無年齡維度,0.0,男,遷入,新北市內,0
112,2,7,土城區,,,,無年齡維度,0.0,女,遷入,桃園市,34
112,2,7,土城區,,,,無年齡維度,0.0,男,遷入,桃園市,26
112,2,7,土城區,,,,無年齡維度,0.0,女,遷入,福建省,3
112,2,7,土城區,,,,無年齡維度,0.0,男,遷入,福建省,2
112,2,7,土城區,,,,無年齡維度,0.0,女,遷入,臺中市,9
112,2,7,土城區,,,,無年齡維度,0.0,男,遷入,臺中市,5
112,2,7,土城區,,,,無年齡維度,0.0,女,遷入,臺北市,39
112,2,7,土城區,,,,無年齡維度,0.0,男,遷入,臺北市,31
112,2,7,土城區,,,,無年齡維度,0.0,女,遷入,臺南市,3
112,2,7,土城區,,,,無年齡維度,0.0,男,遷入,臺南市,0
112,2,7,土城區,,,,無年齡維度,0.0,女,遷入,臺灣省,43
112,2,7,土城區,,,,無年齡維度,0.0,男,遷入,臺灣省,35
112,2,7,土城區,,,,無年齡維度,0.0,女,遷入,高雄市,8
112,2,7,土城區,,,,無年齡維度,0.0,男,遷入,高雄市,6
112,2,7,土城區,,,,無年齡維度,0.0,女,遷出,migrants,199
112,2,7,土城區,,,,無年齡維度,0.0,男,遷出,migrants,170
112,2,7,土城區,,,,無年齡維度,0.0,女,遷出,other,0
112,2,7,土城區,,,,無年齡維度,0.0,男,遷出,other,0
112,2,7,土城區,,,,無年齡維度,0.0,女,遷出,其他縣市,0
112,2,7,土城區,,,,無年齡維度,0.0,男,遷出,其他縣市,0
112,2,7,土城區,,,,無年齡維度,0.0,女,遷出,其他鄉鎮,183
112,2,7,土城區,,,,無年齡維度,0.0,男,遷出,其他鄉鎮,171
112,2,7,土城區,,,,無年齡維度,0.0,女,遷出,合計,350
112,2,7,土城區,,,,無年齡維度,0.0,男,遷出,合計,309
112,2,7,土城區,,,,無年齡維度,0.0,女,遷出,國外,7
112,2,7,土城區,,,,無年齡維度,0.0,男,遷出,國外,7
112,2,7,土城區,,,,無年齡維度,0.0,女,遷出,新北市內,0
112,2,7,土城區,,,,無年齡維度,0.0,男,遷出,新北市內,0
112,2,7,土城區,,,,無年齡維度,0.0,女,遷出,桃園市,60
112,2,7,土城區,,,,無年齡維度,0.0,男,遷出,桃園市,55
112,2,7,土城區,,,,無年齡維度,0.0,女,遷出,福建省,2
112,2,7,土城區,,,,無年齡維度,0.0,男,遷出,福建省,2
112,2,7,土城區,,,,無年齡維度,0.0,女,遷出,臺中市,11
112,2,7,土城區,,,,無年齡維度,0.0,男,遷出,臺中市,10
112,2,7,土城區,,,,無年齡維度,0.0,女,遷出,臺北市,17
112,2,7,土城區,,,,無年齡維度,0.0,男,遷出,臺北市,18
112,2,7,土城區,,,,無年齡維度,0.0,女,遷出,臺南市,7
112,2,7,土城區,,,,無年齡維度,0.0,男,遷出,臺南市,2
112,2,7,土城區,,,,無年齡維度,0.0,女,遷出,臺灣省,48
112,2,7,土城區,,,,無年齡維度,0.0,男,遷出,臺灣省,34
112,2,7,土城區,,,,無年齡維度,0.0,女,遷出,高雄市,15
112,2,7,土城區,,,,無年齡維度,0.0,男,遷出,高雄市,10
112,2,8,蘆洲區,,,,無年齡維度,0.0,女,遷入,migrants,107
112,2,8,蘆洲區,,,,無年齡維度,0.0,男,遷入,migrants,100
112,2,8,蘆洲區,,,,無年齡維度,0.0,女,遷入,other,0
112,2,8,蘆洲區,,,,無年齡維度,0.0,男,遷入,other,0
112,2,8,蘆洲區,,,,無年齡維度,0.0,女,遷入,其他縣市,0
112,2,8,蘆洲區,,,,無年齡維度,0.0,男,遷入,其他縣市,0
112,2,8,蘆洲區,,,,無年齡維度,0.0,女,遷入,其他鄉鎮,53
112,2,8,蘆洲區,,,,無年齡維度,0.0,男,遷入,其他鄉鎮,53
112,2,8,蘆洲區,,,,無年齡維度,0.0,女,遷入,合計,192
112,2,8,蘆洲區,,,,無年齡維度,0.0,男,遷入,合計,186
112,2,8,蘆洲區,,,,無年齡維度,0.0,女,遷入,國外,28
112,2,8,蘆洲區,,,,無年齡維度,0.0,男,遷入,國外,27
112,2,8,蘆洲區,,,,無年齡維度,0.0,女,遷入,新北市內,0
112,2,8,蘆洲區,,,,無年齡維度,0.0,男,遷入,新北市內,0
112,2,8,蘆洲區,,,,無年齡維度,0.0,女,遷入,桃園市,64
112,2,8,蘆洲區,,,,無年齡維度,0.0,男,遷入,桃園市,66
112,2,8,蘆洲區,,,,無年齡維度,0.0,女,遷入,福建省,3
112,2,8,蘆洲區,,,,無年齡維度,0.0,男,遷入,福建省,2
112,2,8,蘆洲區,,,,無年齡維度,0.0,女,遷入,臺中市,3
112,2,8,蘆洲區,,,,無年齡維度,0.0,男,遷入,臺中市,1
112,2,8,蘆洲區,,,,無年齡維度,0.0,女,遷入,臺北市,20
112,2,8,蘆洲區,,,,無年齡維度,0.0,男,遷入,臺北市,9
112,2,8,蘆洲區,,,,無年齡維度,0.0,女,遷入,臺南市,3
112,2,8,蘆洲區,,,,無年齡維度,0.0,男,遷入,臺南市,0
112,2,8,蘆洲區,,,,無年齡維度,0.0,女,遷入,臺灣省,15
112,2,8,蘆洲區,,,,無年齡維度,0.0,男,遷入,臺灣省,25
112,2,8,蘆洲區,,,,無年齡維度,0.0,女,遷入,高雄市,3
112,2,8,蘆洲區,,,,無年齡維度,0.0,男,遷入,高雄市,3
112,2,8,蘆洲區,,,,無年齡維度,0.0,女,遷出,migrants,107
112,2,8,蘆洲區,,,,無年齡維度,0.0,男,遷出,migrants,100
112,2,8,蘆洲區,,,,無年齡維度,0.0,女,遷出,other,0
112,2,8,蘆洲區,,,,無年齡維度,0.0,男,遷出,other,0
112,2,8,蘆洲區,,,,無年齡維度,0.0,女,遷出,其他縣市,0
112,2,8,蘆洲區,,,,無年齡維度,0.0,男,遷出,其他縣市,0
112,2,8,蘆洲區,,,,無年齡維度,0.0,女,遷出,其他鄉鎮,43
112,2,8,蘆洲區,,,,無年齡維度,0.0,男,遷出,其他鄉鎮,48
112,2,8,蘆洲區,,,,無年齡維度,0.0,女,遷出,合計,148
112,2,8,蘆洲區,,,,無年齡維度,0.0,男,遷出,合計,159
112,2,8,蘆洲區,,,,無年齡維度,0.0,女,遷出,國外,1
112,2,8,蘆洲區,,,,無年齡維度,0.0,男,遷出,國外,0
112,2,8,蘆洲區,,,,無年齡維度,0.0,女,遷出,新北市內,0
112,2,8,蘆洲區,,,,無年齡維度,0.0,男,遷出,新北市內,0
112,2,8,蘆洲區,,,,無年齡維度,0.0,女,遷出,桃園市,59
112,2,8,蘆洲區,,,,無年齡維度,0.0,男,遷出,桃園市,70
112,2,8,蘆洲區,,,,無年齡維度,0.0,女,遷出,福建省,2
112,2,8,蘆洲區,,,,無年齡維度,0.0,男,遷出,福建省,2
112,2,8,蘆洲區,,,,無年齡維度,0.0,女,遷出,臺中市,5
112,2,8,蘆洲區,,,,無年齡維度,0.0,男,遷出,臺中市,4
112,2,8,蘆洲區,,,,無年齡維度,0.0,女,遷出,臺北市,14
112,2,8,蘆洲區,,,,無年齡維度,0.0,男,遷出,臺北市,7
112,2,8,蘆洲區,,,,無年齡維度,0.0,女,遷出,臺南市,2
112,2,8,蘆洲區,,,,無年齡維度,0.0,男,遷出,臺南市,3
112,2,8,蘆洲區,,,,無年齡維度,0.0,女,遷出,臺灣省,17
112,2,8,蘆洲區,,,,無年齡維度,0.0,男,遷出,臺灣省,22
112,2,8,蘆洲區,,,,無年齡維度,0.0,女,遷出,高雄市,5
112,2,8,蘆洲區,,,,無年齡維度,0.0,男,遷出,高雄市,3
112,2,9,樹林區,,,,無年齡維度,0.0,女,遷入,migrants,164
112,2,9,樹林區,,,,無年齡維度,0.0,男,遷入,migrants,141
112,2,9,樹林區,,,,無年齡維度,0.0,女,遷入,other,0
112,2,9,樹林區,,,,無年齡維度,0.0,男,遷入,other,0
112,2,9,樹林區,,,,無年齡維度,0.0,女,遷入,其他縣市,0
112,2,9,樹林區,,,,無年齡維度,0.0,男,遷入,其他縣市,0
112,2,9,樹林區,,,,無年齡維度,0.0,女,遷入,其他鄉鎮,104
112,2,9,樹林區,,,,無年齡維度,0.0,男,遷入,其他鄉鎮,80
112,2,9,樹林區,,,,無年齡維度,0.0,女,遷入,合計,231
112,2,9,樹林區,,,,無年齡維度,0.0,男,遷入,合計,191
112,2,9,樹林區,,,,無年齡維度,0.0,女,遷入,國外,53
112,2,9,樹林區,,,,無年齡維度,0.0,男,遷入,國外,38
112,2,9,樹林區,,,,無年齡維度,0.0,女,遷入,新北市內,0
112,2,9,樹林區,,,,無年齡維度,0.0,男,遷入,新北市內,0
112,2,9,樹林區,,,,無年齡維度,0.0,女,遷入,桃園市,16
112,2,9,樹林區,,,,無年齡維度,0.0,男,遷入,桃園市,23
112,2,9,樹林區,,,,無年齡維度,0.0,女,遷入,福建省,2
112,2,9,樹林區,,,,無年齡維度,0.0,男,遷入,福建省,2
112,2,9,樹林區,,,,無年齡維度,0.0,女,遷入,臺中市,7
112,2,9,樹林區,,,,無年齡維度,0.0,男,遷入,臺中市,2
112,2,9,樹林區,,,,無年齡維度,0.0,女,遷入,臺北市,20
112,2,9,樹林區,,,,無年齡維度,0.0,男,遷入,臺北市,24
112,2,9,樹林區,,,,無年齡維度,0.0,女,遷入,臺南市,0
112,2,9,樹林區,,,,無年齡維度,0.0,男,遷入,臺南市,2
112,2,9,樹林區,,,,無年齡維度,0.0,女,遷入,臺灣省,21
112,2,9,樹林區,,,,無年齡維度,0.0,男,遷入,臺灣省,11
112,2,9,樹林區,,,,無年齡維度,0.0,女,遷入,高雄市,3
112,2,9,樹林區,,,,無年齡維度,0.0,男,遷入,高雄市,4
112,2,9,樹林區,,,,無年齡維度,0.0,女,遷出,migrants,164
112,2,9,樹林區,,,,無年齡維度,0.0,男,遷出,migrants,141
112,2,9,樹林區,,,,無年齡維度,0.0,女,遷出,other,0
112,2,9,樹林區,,,,無年齡維度,0.0,男,遷出,other,0
112,2,9,樹林區,,,,無年齡維度,0.0,女,遷出,其他縣市,0
112,2,9,樹林區,,,,無年齡維度,0.0,男,遷出,其他縣市,0
112,2,9,樹林區,,,,無年齡維度,0.0,女,遷出,其他鄉鎮,117
112,2,9,樹林區,,,,無年齡維度,0.0,男,遷出,其他鄉鎮,73
112,2,9,樹林區,,,,無年齡維度,0.0,女,遷出,合計,224
112,2,9,樹林區,,,,無年齡維度,0.0,男,遷出,合計,157
112,2,9,樹林區,,,,無年齡維度,0.0,女,遷出,國外,5
112,2,9,樹林區,,,,無年齡維度,0.0,男,遷出,國外,6
112,2,9,樹林區,,,,無年齡維度,0.0,女,遷出,新北市內,0
112,2,9,樹林區,,,,無年齡維度,0.0,男,遷出,新北市內,0
112,2,9,樹林區,,,,無年齡維度,0.0,女,遷出,桃園市,54
112,2,9,樹林區,,,,無年齡維度,0.0,男,遷出,桃園市,32
112,2,9,樹林區,,,,無年齡維度,0.0,女,遷出,福建省,1
112,2,9,樹林區,,,,無年齡維度,0.0,男,遷出,福建省,1
112,2,9,樹林區,,,,無年齡維度,0.0,女,遷出,臺中市,8
112,2,9,樹林區,,,,無年齡維度,0.0,男,遷出,臺中市,2
112,2,9,樹林區,,,,無年齡維度,0.0,女,遷出,臺北市,10
112,2,9,樹林區,,,,無年齡維度,0.0,男,遷出,臺北市,11
112,2,9,樹林區,,,,無年齡維度,0.0,女,遷出,臺南市,3
112,2,9,樹林區,,,,無年齡維度,0.0,男,遷出,臺南市,2
112,2,9,樹林區,,,,無年齡維度,0.0,女,遷出,臺灣省,24
112,2,9,樹林區,,,,無年齡維度,0.0,男,遷出,臺灣省,25
112,2,9,樹林區,,,,無年齡維度,0.0,女,遷出,高雄市,1
112,2,9,樹林區,,,,無年齡維度,0.0,男,遷出,高雄市,5
112,2,10,鶯歌區,,,,無年齡維度,0.0,女,遷入,migrants,333
112,2,10,鶯歌區,,,,無年齡維度,0.0,男,遷入,migrants,272
112,2,10,鶯歌區,,,,無年齡維度,0.0,女,遷入,other,0
112,2,10,鶯歌區,,,,無年齡維度,0.0,男,遷入,other,0
112,2,10,鶯歌區,,,,無年齡維度,0.0,女,遷入,其他縣市,0
112,2,10,鶯歌區,,,,無年齡維度,0.0,男,遷入,其他縣市,0
112,2,10,鶯歌區,,,,無年齡維度,0.0,女,遷入,其他鄉鎮,146
112,2,10,鶯歌區,,,,無年齡維度,0.0,男,遷入,其他鄉鎮,120
112,2,10,鶯歌區,,,,無年齡維度,0.0,女,遷入,合計,714
112,2,10,鶯歌區,,,,無年齡維度,0.0,男,遷入,合計,539
112,2,10,鶯歌區,,,,無年齡維度,0.0,女,遷入,國外,202
112,2,10,鶯歌區,,,,無年齡維度,0.0,男,遷入,國外,145
112,2,10,鶯歌區,,,,無年齡維度,0.0,女,遷入,新北市內,0
112,2,10,鶯歌區,,,,無年齡維度,0.0,男,遷入,新北市內,0
112,2,10,鶯歌區,,,,無年齡維度,0.0,女,遷入,桃園市,15
112,2,10,鶯歌區,,,,無年齡維度,0.0,男,遷入,桃園市,15
112,2,10,鶯歌區,,,,無年齡維度,0.0,女,遷入,福建省,1
112,2,10,鶯歌區,,,,無年齡維度,0.0,男,遷入,福建省,2
112,2,10,鶯歌區,,,,無年齡維度,0.0,女,遷入,臺中市,21
112,2,10,鶯歌區,,,,無年齡維度,0.0,男,遷入,臺中市,11
112,2,10,鶯歌區,,,,無年齡維度,0.0,女,遷入,臺北市,228
112,2,10,鶯歌區,,,,無年齡維度,0.0,男,遷入,臺北市,184
112,2,10,鶯歌區,,,,無年齡維度,0.0,女,遷入,臺南市,7
112,2,10,鶯歌區,,,,無年齡維度,0.0,男,遷入,臺南市,5
112,2,10,鶯歌區,,,,無年齡維度,0.0,女,遷入,臺灣省,59
112,2,10,鶯歌區,,,,無年齡維度,0.0,男,遷入,臺灣省,40
112,2,10,鶯歌區,,,,無年齡維度,0.0,女,遷入,高雄市,22
112,2,10,鶯歌區,,,,無年齡維度,0.0,男,遷入,高雄市,12
112,2,10,鶯歌區,,,,無年齡維度,0.0,女,遷出,migrants,333
112,2,10,鶯歌區,,,,無年齡維度,0.0,男,遷出,migrants,272
112,2,10,鶯歌區,,,,無年齡維度,0.0,女,遷出,other,0
112,2,10,鶯歌區,,,,無年齡維度,0.0,男,遷出,other,0
112,2,10,鶯歌區,,,,無年齡維度,0.0,女,遷出,其他縣市,0
112,2,10,鶯歌區,,,,無年齡維度,0.0,男,遷出,其他縣市,0
112,2,10,鶯歌區,,,,無年齡維度,0.0,女,遷出,其他鄉鎮,93
112,2,10,鶯歌區,,,,無年齡維度,0.0,男,遷出,其他鄉鎮,71
112,2,10,鶯歌區,,,,無年齡維度,0.0,女,遷出,合計,300
112,2,10,鶯歌區,,,,無年齡維度,0.0,男,遷出,合計,254
112,2,10,鶯歌區,,,,無年齡維度,0.0,女,遷出,國外,11
112,2,10,鶯歌區,,,,無年齡維度,0.0,男,遷出,國外,11
112,2,10,鶯歌區,,,,無年齡維度,0.0,女,遷出,新北市內,0
112,2,10,鶯歌區,,,,無年齡維度,0.0,男,遷出,新北市內,0
112,2,10,鶯歌區,,,,無年齡維度,0.0,女,遷出,桃園市,19
112,2,10,鶯歌區,,,,無年齡維度,0.0,男,遷出,桃園市,18
112,2,10,鶯歌區,,,,無年齡維度,0.0,女,遷出,福建省,1
112,2,10,鶯歌區,,,,無年齡維度,0.0,男,遷出,福建省,3
112,2,10,鶯歌區,,,,無年齡維度,0.0,女,遷出,臺中市,14
112,2,10,鶯歌區,,,,無年齡維度,0.0,男,遷出,臺中市,8
112,2,10,鶯歌區,,,,無年齡維度,0.0,女,遷出,臺北市,104
112,2,10,鶯歌區,,,,無年齡維度,0.0,男,遷出,臺北市,97
112,2,10,鶯歌區,,,,無年齡維度,0.0,女,遷出,臺南市,8
112,2,10,鶯歌區,,,,無年齡維度,0.0,男,遷出,臺南市,9
112,2,10,鶯歌區,,,,無年齡維度,0.0,女,遷出,臺灣省,42
112,2,10,鶯歌區,,,,無年齡維度,0.0,男,遷出,臺灣省,25
112,2,10,鶯歌區,,,,無年齡維度,0.0,女,遷出,高雄市,8
112,2,10,鶯歌區,,,,無年齡維度,0.0,男,遷出,高雄市,11
112,2,11,三峽區,,,,無年齡維度,0.0,女,遷入,migrants,246
112,2,11,三峽區,,,,無年齡維度,0.0,男,遷入,migrants,235
112,2,11,三峽區,,,,無年齡維度,0.0,女,遷入,other,0
112,2,11,三峽區,,,,無年齡維度,0.0,男,遷入,other,0
112,2,11,三峽區,,,,無年齡維度,0.0,女,遷入,其他縣市,0
112,2,11,三峽區,,,,無年齡維度,0.0,男,遷入,其他縣市,0
112,2,11,三峽區,,,,無年齡維度,0.0,女,遷入,其他鄉鎮,72
112,2,11,三峽區,,,,無年齡維度,0.0,男,遷入,其他鄉鎮,61
112,2,11,三峽區,,,,無年齡維度,0.0,女,遷入,合計,586
112,2,11,三峽區,,,,無年齡維度,0.0,男,遷入,合計,533
112,2,11,三峽區,,,,無年齡維度,0.0,女,遷入,國外,129
112,2,11,三峽區,,,,無年齡維度,0.0,男,遷入,國外,131
112,2,11,三峽區,,,,無年齡維度,0.0,女,遷入,新北市內,0
112,2,11,三峽區,,,,無年齡維度,0.0,男,遷入,新北市內,0
112,2,11,三峽區,,,,無年齡維度,0.0,女,遷入,桃園市,25
112,2,11,三峽區,,,,無年齡維度,0.0,男,遷入,桃園市,19
112,2,11,三峽區,,,,無年齡維度,0.0,女,遷入,福建省,2
112,2,11,三峽區,,,,無年齡維度,0.0,男,遷入,福建省,2
112,2,11,三峽區,,,,無年齡維度,0.0,女,遷入,臺中市,10
112,2,11,三峽區,,,,無年齡維度,0.0,男,遷入,臺中市,9
112,2,11,三峽區,,,,無年齡維度,0.0,女,遷入,臺北市,253
112,2,11,三峽區,,,,無年齡維度,0.0,男,遷入,臺北市,228
112,2,11,三峽區,,,,無年齡維度,0.0,女,遷入,臺南市,0
112,2,11,三峽區,,,,無年齡維度,0.0,男,遷入,臺南市,4
112,2,11,三峽區,,,,無年齡維度,0.0,女,遷入,臺灣省,80
112,2,11,三峽區,,,,無年齡維度,0.0,男,遷入,臺灣省,66
112,2,11,三峽區,,,,無年齡維度,0.0,女,遷入,高雄市,6
112,2,11,三峽區,,,,無年齡維度,0.0,男,遷入,高雄市,6
112,2,11,三峽區,,,,無年齡維度,0.0,女,遷出,migrants,246
112,2,11,三峽區,,,,無年齡維度,0.0,男,遷出,migrants,235
112,2,11,三峽區,,,,無年齡維度,0.0,女,遷出,other,0
112,2,11,三峽區,,,,無年齡維度,0.0,男,遷出,other,0
112,2,11,三峽區,,,,無年齡維度,0.0,女,遷出,其他縣市,0
112,2,11,三峽區,,,,無年齡維度,0.0,男,遷出,其他縣市,0
112,2,11,三峽區,,,,無年齡維度,0.0,女,遷出,其他鄉鎮,91
112,2,11,三峽區,,,,無年齡維度,0.0,男,遷出,其他鄉鎮,60
112,2,11,三峽區,,,,無年齡維度,0.0,女,遷出,合計,422
112,2,11,三峽區,,,,無年齡維度,0.0,男,遷出,合計,327
112,2,11,三峽區,,,,無年齡維度,0.0,女,遷出,國外,5
112,2,11,三峽區,,,,無年齡維度,0.0,男,遷出,國外,9
112,2,11,三峽區,,,,無年齡維度,0.0,女,遷出,新北市內,0
112,2,11,三峽區,,,,無年齡維度,0.0,男,遷出,新北市內,0
112,2,11,三峽區,,,,無年齡維度,0.0,女,遷出,桃園市,53
112,2,11,三峽區,,,,無年齡維度,0.0,男,遷出,桃園市,32
112,2,11,三峽區,,,,無年齡維度,0.0,女,遷出,福建省,2
112,2,11,三峽區,,,,無年齡維度,0.0,男,遷出,福建省,2
112,2,11,三峽區,,,,無年齡維度,0.0,女,遷出,臺中市,18
112,2,11,三峽區,,,,無年齡維度,0.0,男,遷出,臺中市,16
112,2,11,三峽區,,,,無年齡維度,0.0,女,遷出,臺北市,171
112,2,11,三峽區,,,,無年齡維度,0.0,男,遷出,臺北市,124
112,2,11,三峽區,,,,無年齡維度,0.0,女,遷出,臺南市,6
112,2,11,三峽區,,,,無年齡維度,0.0,男,遷出,臺南市,5
112,2,11,三峽區,,,,無年齡維度,0.0,女,遷出,臺灣省,74
112,2,11,三峽區,,,,無年齡維度,0.0,男,遷出,臺灣省,75
112,2,11,三峽區,,,,無年齡維度,0.0,女,遷出,高雄市,2
112,2,11,三峽區,,,,無年齡維度,0.0,男,遷出,高雄市,4
112,2,12,淡水區,,,,無年齡維度,0.0,女,遷入,migrants,22
112,2,12,淡水區,,,,無年齡維度,0.0,男,遷入,migrants,14
112,2,12,淡水區,,,,無年齡維度,0.0,女,遷入,other,0
112,2,12,淡水區,,,,無年齡維度,0.0,男,遷入,other,0
112,2,12,淡水區,,,,無年齡維度,0.0,女,遷入,其他縣市,0
112,2,12,淡水區,,,,無年齡維度,0.0,男,遷入,其他縣市,0
112,2,12,淡水區,,,,無年齡維度,0.0,女,遷入,其他鄉鎮,9
112,2,12,淡水區,,,,無年齡維度,0.0,男,遷入,其他鄉鎮,7
112,2,12,淡水區,,,,無年齡維度,0.0,女,遷入,合計,45
112,2,12,淡水區,,,,無年齡維度,0.0,男,遷入,合計,44
112,2,12,淡水區,,,,無年齡維度,0.0,女,遷入,國外,6
112,2,12,淡水區,,,,無年齡維度,0.0,男,遷入,國外,10
112,2,12,淡水區,,,,無年齡維度,0.0,女,遷入,新北市內,0
112,2,12,淡水區,,,,無年齡維度,0.0,男,遷入,新北市內,0
112,2,12,淡水區,,,,無年齡維度,0.0,女,遷入,桃園市,2
112,2,12,淡水區,,,,無年齡維度,0.0,男,遷入,桃園市,3
112,2,12,淡水區,,,,無年齡維度,0.0,女,遷入,福建省,0
112,2,12,淡水區,,,,無年齡維度,0.0,男,遷入,福建省,0
112,2,12,淡水區,,,,無年齡維度,0.0,女,遷入,臺中市,0
112,2,12,淡水區,,,,無年齡維度,0.0,男,遷入,臺中市,2
112,2,12,淡水區,,,,無年齡維度,0.0,女,遷入,臺北市,6
112,2,12,淡水區,,,,無年齡維度,0.0,男,遷入,臺北市,4
112,2,12,淡水區,,,,無年齡維度,0.0,女,遷入,臺南市,1
112,2,12,淡水區,,,,無年齡維度,0.0,男,遷入,臺南市,0
112,2,12,淡水區,,,,無年齡維度,0.0,女,遷入,臺灣省,19
112,2,12,淡水區,,,,無年齡維度,0.0,男,遷入,臺灣省,16
112,2,12,淡水區,,,,無年齡維度,0.0,女,遷入,高雄市,2
112,2,12,淡水區,,,,無年齡維度,0.0,男,遷入,高雄市,0
112,2,12,淡水區,,,,無年齡維度,0.0,女,遷出,migrants,22
112,2,12,淡水區,,,,無年齡維度,0.0,男,遷出,migrants,14
112,2,12,淡水區,,,,無年齡維度,0.0,女,遷出,other,0
112,2,12,淡水區,,,,無年齡維度,0.0,男,遷出,other,0
112,2,12,淡水區,,,,無年齡維度,0.0,女,遷出,其他縣市,0
112,2,12,淡水區,,,,無年齡維度,0.0,男,遷出,其他縣市,0
112,2,12,淡水區,,,,無年齡維度,0.0,女,遷出,其他鄉鎮,17
112,2,12,淡水區,,,,無年齡維度,0.0,男,遷出,其他鄉鎮,12
112,2,12,淡水區,,,,無年齡維度,0.0,女,遷出,合計,67
112,2,12,淡水區,,,,無年齡維度,0.0,男,遷出,合計,53
112,2,12,淡水區,,,,無年齡維度,0.0,女,遷出,國外,0
112,2,12,淡水區,,,,無年齡維度,0.0,男,遷出,國外,0
112,2,12,淡水區,,,,無年齡維度,0.0,女,遷出,新北市內,0
112,2,12,淡水區,,,,無年齡維度,0.0,男,遷出,新北市內,0
112,2,12,淡水區,,,,無年齡維度,0.0,女,遷出,桃園市,5
112,2,12,淡水區,,,,無年齡維度,0.0,男,遷出,桃園市,7
112,2,12,淡水區,,,,無年齡維度,0.0,女,遷出,福建省,0
112,2,12,淡水區,,,,無年齡維度,0.0,男,遷出,福建省,0
112,2,12,淡水區,,,,無年齡維度,0.0,女,遷出,臺中市,1
112,2,12,淡水區,,,,無年齡維度,0.0,男,遷出,臺中市,1
112,2,12,淡水區,,,,無年齡維度,0.0,女,遷出,臺北市,10
112,2,12,淡水區,,,,無年齡維度,0.0,男,遷出,臺北市,1
112,2,12,淡水區,,,,無年齡維度,0.0,女,遷出,臺南市,1
112,2,12,淡水區,,,,無年齡維度,0.0,男,遷出,臺南市,2
112,2,12,淡水區,,,,無年齡維度,0.0,女,遷出,臺灣省,30
112,2,12,淡水區,,,,無年齡維度,0.0,男,遷出,臺灣省,29
112,2,12,淡水區,,,,無年齡維度,0.0,女,遷出,高雄市,3
112,2,12,淡水區,,,,無年齡維度,0.0,男,遷出,高雄市,1
112,2,13,汐止區,,,,無年齡維度,0.0,女,遷入,migrants,307
112,2,13,汐止區,,,,無年齡維度,0.0,男,遷入,migrants,289
112,2,13,汐止區,,,,無年齡維度,0.0,女,遷入,other,0
112,2,13,汐止區,,,,無年齡維度,0.0,男,遷入,other,0
112,2,13,汐止區,,,,無年齡維度,0.0,女,遷入,其他縣市,0
112,2,13,汐止區,,,,無年齡維度,0.0,男,遷入,其他縣市,0
112,2,13,汐止區,,,,無年齡維度,0.0,女,遷入,其他鄉鎮,270
112,2,13,汐止區,,,,無年齡維度,0.0,男,遷入,其他鄉鎮,196
112,2,13,汐止區,,,,無年齡維度,0.0,女,遷入,合計,592
112,2,13,汐止區,,,,無年齡維度,0.0,男,遷入,合計,506
112,2,13,汐止區,,,,無年齡維度,0.0,女,遷入,國外,107
112,2,13,汐止區,,,,無年齡維度,0.0,男,遷入,國外,108
112,2,13,汐止區,,,,無年齡維度,0.0,女,遷入,新北市內,0
112,2,13,汐止區,,,,無年齡維度,0.0,男,遷入,新北市內,0
112,2,13,汐止區,,,,無年齡維度,0.0,女,遷入,桃園市,45
112,2,13,汐止區,,,,無年齡維度,0.0,男,遷入,桃園市,42
112,2,13,汐止區,,,,無年齡維度,0.0,女,遷入,福建省,4
112,2,13,汐止區,,,,無年齡維度,0.0,男,遷入,福建省,1
112,2,13,汐止區,,,,無年齡維度,0.0,女,遷入,臺中市,6
112,2,13,汐止區,,,,無年齡維度,0.0,男,遷入,臺中市,7
112,2,13,汐止區,,,,無年齡維度,0.0,女,遷入,臺北市,75
112,2,13,汐止區,,,,無年齡維度,0.0,男,遷入,臺北市,67
112,2,13,汐止區,,,,無年齡維度,0.0,女,遷入,臺南市,7
112,2,13,汐止區,,,,無年齡維度,0.0,男,遷入,臺南市,8
112,2,13,汐止區,,,,無年齡維度,0.0,女,遷入,臺灣省,60
112,2,13,汐止區,,,,無年齡維度,0.0,男,遷入,臺灣省,60
112,2,13,汐止區,,,,無年齡維度,0.0,女,遷入,高雄市,11
112,2,13,汐止區,,,,無年齡維度,0.0,男,遷入,高雄市,9
112,2,13,汐止區,,,,無年齡維度,0.0,女,遷出,migrants,307
112,2,13,汐止區,,,,無年齡維度,0.0,男,遷出,migrants,289
112,2,13,汐止區,,,,無年齡維度,0.0,女,遷出,other,0
112,2,13,汐止區,,,,無年齡維度,0.0,男,遷出,other,0
112,2,13,汐止區,,,,無年齡維度,0.0,女,遷出,其他縣市,0
112,2,13,汐止區,,,,無年齡維度,0.0,男,遷出,其他縣市,0
112,2,13,汐止區,,,,無年齡維度,0.0,女,遷出,其他鄉鎮,221
112,2,13,汐止區,,,,無年齡維度,0.0,男,遷出,其他鄉鎮,159
112,2,13,汐止區,,,,無年齡維度,0.0,女,遷出,合計,423
112,2,13,汐止區,,,,無年齡維度,0.0,男,遷出,合計,378
112,2,13,汐止區,,,,無年齡維度,0.0,女,遷出,國外,11
112,2,13,汐止區,,,,無年齡維度,0.0,男,遷出,國外,11
112,2,13,汐止區,,,,無年齡維度,0.0,女,遷出,新北市內,0
112,2,13,汐止區,,,,無年齡維度,0.0,男,遷出,新北市內,0
112,2,13,汐止區,,,,無年齡維度,0.0,女,遷出,桃園市,57
112,2,13,汐止區,,,,無年齡維度,0.0,男,遷出,桃園市,65
112,2,13,汐止區,,,,無年齡維度,0.0,女,遷出,福建省,5
112,2,13,汐止區,,,,無年齡維度,0.0,男,遷出,福建省,6
112,2,13,汐止區,,,,無年齡維度,0.0,女,遷出,臺中市,15
112,2,13,汐止區,,,,無年齡維度,0.0,男,遷出,臺中市,14
112,2,13,汐止區,,,,無年齡維度,0.0,女,遷出,臺北市,43
112,2,13,汐止區,,,,無年齡維度,0.0,男,遷出,臺北市,42
112,2,13,汐止區,,,,無年齡維度,0.0,女,遷出,臺南市,6
112,2,13,汐止區,,,,無年齡維度,0.0,男,遷出,臺南市,14
112,2,13,汐止區,,,,無年齡維度,0.0,女,遷出,臺灣省,54
112,2,13,汐止區,,,,無年齡維度,0.0,男,遷出,臺灣省,59
112,2,13,汐止區,,,,無年齡維度,0.0,女,遷出,高雄市,11
112,2,13,汐止區,,,,無年齡維度,0.0,男,遷出,高雄市,8
112,2,14,瑞芳區,,,,無年齡維度,0.0,女,遷入,migrants,241
112,2,14,瑞芳區,,,,無年齡維度,0.0,男,遷入,migrants,196
112,2,14,瑞芳區,,,,無年齡維度,0.0,女,遷入,other,0
112,2,14,瑞芳區,,,,無年齡維度,0.0,男,遷入,other,0
112,2,14,瑞芳區,,,,無年齡維度,0.0,女,遷入,其他縣市,0
112,2,14,瑞芳區,,,,無年齡維度,0.0,男,遷入,其他縣市,0
112,2,14,瑞芳區,,,,無年齡維度,0.0,女,遷入,其他鄉鎮,173
112,2,14,瑞芳區,,,,無年齡維度,0.0,男,遷入,其他鄉鎮,142
112,2,14,瑞芳區,,,,無年齡維度,0.0,女,遷入,合計,443
112,2,14,瑞芳區,,,,無年齡維度,0.0,男,遷入,合計,360
112,2,14,瑞芳區,,,,無年齡維度,0.0,女,遷入,國外,81
112,2,14,瑞芳區,,,,無年齡維度,0.0,男,遷入,國外,60
112,2,14,瑞芳區,,,,無年齡維度,0.0,女,遷入,新北市內,0
112,2,14,瑞芳區,,,,無年齡維度,0.0,男,遷入,新北市內,0
112,2,14,瑞芳區,,,,無年齡維度,0.0,女,遷入,桃園市,23
112,2,14,瑞芳區,,,,無年齡維度,0.0,男,遷入,桃園市,8
112,2,14,瑞芳區,,,,無年齡維度,0.0,女,遷入,福建省,2
112,2,14,瑞芳區,,,,無年齡維度,0.0,男,遷入,福建省,4
112,2,14,瑞芳區,,,,無年齡維度,0.0,女,遷入,臺中市,6
112,2,14,瑞芳區,,,,無年齡維度,0.0,男,遷入,臺中市,6
112,2,14,瑞芳區,,,,無年齡維度,0.0,女,遷入,臺北市,115
112,2,14,瑞芳區,,,,無年齡維度,0.0,男,遷入,臺北市,91
112,2,14,瑞芳區,,,,無年齡維度,0.0,女,遷入,臺南市,1
112,2,14,瑞芳區,,,,無年齡維度,0.0,男,遷入,臺南市,6
112,2,14,瑞芳區,,,,無年齡維度,0.0,女,遷入,臺灣省,31
112,2,14,瑞芳區,,,,無年齡維度,0.0,男,遷入,臺灣省,37
112,2,14,瑞芳區,,,,無年齡維度,0.0,女,遷入,高雄市,3
112,2,14,瑞芳區,,,,無年齡維度,0.0,男,遷入,高雄市,4
112,2,14,瑞芳區,,,,無年齡維度,0.0,女,遷出,migrants,241
112,2,14,瑞芳區,,,,無年齡維度,0.0,男,遷出,migrants,196
112,2,14,瑞芳區,,,,無年齡維度,0.0,女,遷出,other,0
112,2,14,瑞芳區,,,,無年齡維度,0.0,男,遷出,other,0
112,2,14,瑞芳區,,,,無年齡維度,0.0,女,遷出,其他縣市,0
112,2,14,瑞芳區,,,,無年齡維度,0.0,男,遷出,其他縣市,0
112,2,14,瑞芳區,,,,無年齡維度,0.0,女,遷出,其他鄉鎮,201
112,2,14,瑞芳區,,,,無年齡維度,0.0,男,遷出,其他鄉鎮,175
112,2,14,瑞芳區,,,,無年齡維度,0.0,女,遷出,合計,407
112,2,14,瑞芳區,,,,無年齡維度,0.0,男,遷出,合計,346
112,2,14,瑞芳區,,,,無年齡維度,0.0,女,遷出,國外,6
112,2,14,瑞芳區,,,,無年齡維度,0.0,男,遷出,國外,6
112,2,14,瑞芳區,,,,無年齡維度,0.0,女,遷出,新北市內,0
112,2,14,瑞芳區,,,,無年齡維度,0.0,男,遷出,新北市內,0
112,2,14,瑞芳區,,,,無年齡維度,0.0,女,遷出,桃園市,41
112,2,14,瑞芳區,,,,無年齡維度,0.0,男,遷出,桃園市,34
112,2,14,瑞芳區,,,,無年齡維度,0.0,女,遷出,福建省,1
112,2,14,瑞芳區,,,,無年齡維度,0.0,男,遷出,福建省,2
112,2,14,瑞芳區,,,,無年齡維度,0.0,女,遷出,臺中市,20
112,2,14,瑞芳區,,,,無年齡維度,0.0,男,遷出,臺中市,18
112,2,14,瑞芳區,,,,無年齡維度,0.0,女,遷出,臺北市,74
112,2,14,瑞芳區,,,,無年齡維度,0.0,男,遷出,臺北市,49
112,2,14,瑞芳區,,,,無年齡維度,0.0,女,遷出,臺南市,4
112,2,14,瑞芳區,,,,無年齡維度,0.0,男,遷出,臺南市,3
112,2,14,瑞芳區,,,,無年齡維度,0.0,女,遷出,臺灣省,51
112,2,14,瑞芳區,,,,無年齡維度,0.0,男,遷出,臺灣省,50
112,2,14,瑞芳區,,,,無年齡維度,0.0,女,遷出,高雄市,9
112,2,14,瑞芳區,,,,無年齡維度,0.0,男,遷出,高雄市,9
112,2,15,五股區,,,,無年齡維度,0.0,女,遷入,migrants,83
112,2,15,五股區,,,,無年齡維度,0.0,男,遷入,migrants,73
112,2,15,五股區,,,,無年齡維度,0.0,女,遷入,other,0
112,2,15,五股區,,,,無年齡維度,0.0,男,遷入,other,0
112,2,15,五股區,,,,無年齡維度,0.0,女,遷入,其他縣市,0
112,2,15,五股區,,,,無年齡維度,0.0,男,遷入,其他縣市,0
112,2,15,五股區,,,,無年齡維度,0.0,女,遷入,其他鄉鎮,130
112,2,15,五股區,,,,無年齡維度,0.0,男,遷入,其他鄉鎮,130
112,2,15,五股區,,,,無年齡維度,0.0,女,遷入,合計,257
112,2,15,五股區,,,,無年齡維度,0.0,男,遷入,合計,237
112,2,15,五股區,,,,無年齡維度,0.0,女,遷入,國外,34
112,2,15,五股區,,,,無年齡維度,0.0,男,遷入,國外,31
112,2,15,五股區,,,,無年齡維度,0.0,女,遷入,新北市內,0
112,2,15,五股區,,,,無年齡維度,0.0,男,遷入,新北市內,0
112,2,15,五股區,,,,無年齡維度,0.0,女,遷入,桃園市,14
112,2,15,五股區,,,,無年齡維度,0.0,男,遷入,桃園市,13
112,2,15,五股區,,,,無年齡維度,0.0,女,遷入,福建省,1
112,2,15,五股區,,,,無年齡維度,0.0,男,遷入,福建省,0
112,2,15,五股區,,,,無年齡維度,0.0,女,遷入,臺中市,4
112,2,15,五股區,,,,無年齡維度,0.0,男,遷入,臺中市,4
112,2,15,五股區,,,,無年齡維度,0.0,女,遷入,臺北市,38
112,2,15,五股區,,,,無年齡維度,0.0,男,遷入,臺北市,35
112,2,15,五股區,,,,無年齡維度,0.0,女,遷入,臺南市,3
112,2,15,五股區,,,,無年齡維度,0.0,男,遷入,臺南市,2
112,2,15,五股區,,,,無年齡維度,0.0,女,遷入,臺灣省,26
112,2,15,五股區,,,,無年齡維度,0.0,男,遷入,臺灣省,20
112,2,15,五股區,,,,無年齡維度,0.0,女,遷入,高雄市,3
112,2,15,五股區,,,,無年齡維度,0.0,男,遷入,高雄市,0
112,2,15,五股區,,,,無年齡維度,0.0,女,遷出,migrants,83
112,2,15,五股區,,,,無年齡維度,0.0,男,遷出,migrants,73
112,2,15,五股區,,,,無年齡維度,0.0,女,遷出,other,0
112,2,15,五股區,,,,無年齡維度,0.0,男,遷出,other,0
112,2,15,五股區,,,,無年齡維度,0.0,女,遷出,其他縣市,0
112,2,15,五股區,,,,無年齡維度,0.0,男,遷出,其他縣市,0
112,2,15,五股區,,,,無年齡維度,0.0,女,遷出,其他鄉鎮,142
112,2,15,五股區,,,,無年齡維度,0.0,男,遷出,其他鄉鎮,140
112,2,15,五股區,,,,無年齡維度,0.0,女,遷出,合計,236
112,2,15,五股區,,,,無年齡維度,0.0,男,遷出,合計,206
112,2,15,五股區,,,,無年齡維度,0.0,女,遷出,國外,0
112,2,15,五股區,,,,無年齡維度,0.0,男,遷出,國外,6
112,2,15,五股區,,,,無年齡維度,0.0,女,遷出,新北市內,0
112,2,15,五股區,,,,無年齡維度,0.0,男,遷出,新北市內,0
112,2,15,五股區,,,,無年齡維度,0.0,女,遷出,桃園市,25
112,2,15,五股區,,,,無年齡維度,0.0,男,遷出,桃園市,16
112,2,15,五股區,,,,無年齡維度,0.0,女,遷出,福建省,0
112,2,15,五股區,,,,無年齡維度,0.0,男,遷出,福建省,1
112,2,15,五股區,,,,無年齡維度,0.0,女,遷出,臺中市,6
112,2,15,五股區,,,,無年齡維度,0.0,男,遷出,臺中市,3
112,2,15,五股區,,,,無年齡維度,0.0,女,遷出,臺北市,24
112,2,15,五股區,,,,無年齡維度,0.0,男,遷出,臺北市,20
112,2,15,五股區,,,,無年齡維度,0.0,女,遷出,臺南市,2
112,2,15,五股區,,,,無年齡維度,0.0,男,遷出,臺南市,1
112,2,15,五股區,,,,無年齡維度,0.0,女,遷出,臺灣省,32
112,2,15,五股區,,,,無年齡維度,0.0,男,遷出,臺灣省,18
112,2,15,五股區,,,,無年齡維度,0.0,女,遷出,高雄市,4
112,2,15,五股區,,,,無年齡維度,0.0,男,遷出,高雄市,1
112,2,16,泰山區,,,,無年齡維度,0.0,女,遷入,migrants,68
112,2,16,泰山區,,,,無年齡維度,0.0,男,遷入,migrants,64
112,2,16,泰山區,,,,無年齡維度,0.0,女,遷入,other,0
112,2,16,泰山區,,,,無年齡維度,0.0,男,遷入,other,0
112,2,16,泰山區,,,,無年齡維度,0.0,女,遷入,其他縣市,0
112,2,16,泰山區,,,,無年齡維度,0.0,男,遷入,其他縣市,0
112,2,16,泰山區,,,,無年齡維度,0.0,女,遷入,其他鄉鎮,96
112,2,16,泰山區,,,,無年齡維度,0.0,男,遷入,其他鄉鎮,106
112,2,16,泰山區,,,,無年齡維度,0.0,女,遷入,合計,212
112,2,16,泰山區,,,,無年齡維度,0.0,男,遷入,合計,194
112,2,16,泰山區,,,,無年齡維度,0.0,女,遷入,國外,46
112,2,16,泰山區,,,,無年齡維度,0.0,男,遷入,國外,31
112,2,16,泰山區,,,,無年齡維度,0.0,女,遷入,新北市內,0
112,2,16,泰山區,,,,無年齡維度,0.0,男,遷入,新北市內,0
112,2,16,泰山區,,,,無年齡維度,0.0,女,遷入,桃園市,21
112,2,16,泰山區,,,,無年齡維度,0.0,男,遷入,桃園市,13
112,2,16,泰山區,,,,無年齡維度,0.0,女,遷入,福建省,2
112,2,16,泰山區,,,,無年齡維度,0.0,男,遷入,福建省,0
112,2,16,泰山區,,,,無年齡維度,0.0,女,遷入,臺中市,7
112,2,16,泰山區,,,,無年齡維度,0.0,男,遷入,臺中市,4
112,2,16,泰山區,,,,無年齡維度,0.0,女,遷入,臺北市,19
112,2,16,泰山區,,,,無年齡維度,0.0,男,遷入,臺北市,21
112,2,16,泰山區,,,,無年齡維度,0.0,女,遷入,臺南市,2
112,2,16,泰山區,,,,無年齡維度,0.0,男,遷入,臺南市,2
112,2,16,泰山區,,,,無年齡維度,0.0,女,遷入,臺灣省,16
112,2,16,泰山區,,,,無年齡維度,0.0,男,遷入,臺灣省,16
112,2,16,泰山區,,,,無年齡維度,0.0,女,遷入,高雄市,1
112,2,16,泰山區,,,,無年齡維度,0.0,男,遷入,高雄市,1
112,2,16,泰山區,,,,無年齡維度,0.0,女,遷出,migrants,68
112,2,16,泰山區,,,,無年齡維度,0.0,男,遷出,migrants,64
112,2,16,泰山區,,,,無年齡維度,0.0,女,遷出,other,0
112,2,16,泰山區,,,,無年齡維度,0.0,男,遷出,other,0
112,2,16,泰山區,,,,無年齡維度,0.0,女,遷出,其他縣市,0
112,2,16,泰山區,,,,無年齡維度,0.0,男,遷出,其他縣市,0
112,2,16,泰山區,,,,無年齡維度,0.0,女,遷出,其他鄉鎮,109
112,2,16,泰山區,,,,無年齡維度,0.0,男,遷出,其他鄉鎮,91
112,2,16,泰山區,,,,無年齡維度,0.0,女,遷出,合計,170
112,2,16,泰山區,,,,無年齡維度,0.0,男,遷出,合計,148
112,2,16,泰山區,,,,無年齡維度,0.0,女,遷出,國外,3
112,2,16,泰山區,,,,無年齡維度,0.0,男,遷出,國外,2
112,2,16,泰山區,,,,無年齡維度,0.0,女,遷出,新北市內,0
112,2,16,泰山區,,,,無年齡維度,0.0,男,遷出,新北市內,0
112,2,16,泰山區,,,,無年齡維度,0.0,女,遷出,桃園市,26
112,2,16,泰山區,,,,無年齡維度,0.0,男,遷出,桃園市,27
112,2,16,泰山區,,,,無年齡維度,0.0,女,遷出,福建省,2
112,2,16,泰山區,,,,無年齡維度,0.0,男,遷出,福建省,4
112,2,16,泰山區,,,,無年齡維度,0.0,女,遷出,臺中市,2
112,2,16,泰山區,,,,無年齡維度,0.0,男,遷出,臺中市,3
112,2,16,泰山區,,,,無年齡維度,0.0,女,遷出,臺北市,11
112,2,16,泰山區,,,,無年齡維度,0.0,男,遷出,臺北市,5
112,2,16,泰山區,,,,無年齡維度,0.0,女,遷出,臺南市,0
112,2,16,泰山區,,,,無年齡維度,0.0,男,遷出,臺南市,1
112,2,16,泰山區,,,,無年齡維度,0.0,女,遷出,臺灣省,16
112,2,16,泰山區,,,,無年齡維度,0.0,男,遷出,臺灣省,13
112,2,16,泰山區,,,,無年齡維度,0.0,女,遷出,高雄市,1
112,2,16,泰山區,,,,無年齡維度,0.0,男,遷出,高雄市,2
112,2,17,林口區,,,,無年齡維度,0.0,女,遷入,migrants,258
112,2,17,林口區,,,,無年齡維度,0.0,男,遷入,migrants,193
112,2,17,林口區,,,,無年齡維度,0.0,女,遷入,other,0
112,2,17,林口區,,,,無年齡維度,0.0,男,遷入,other,0
112,2,17,林口區,,,,無年齡維度,0.0,女,遷入,其他縣市,0
112,2,17,林口區,,,,無年齡維度,0.0,男,遷入,其他縣市,0
112,2,17,林口區,,,,無年齡維度,0.0,女,遷入,其他鄉鎮,99
112,2,17,林口區,,,,無年齡維度,0.0,男,遷入,其他鄉鎮,92
112,2,17,林口區,,,,無年齡維度,0.0,女,遷入,合計,470
112,2,17,林口區,,,,無年齡維度,0.0,男,遷入,合計,390
112,2,17,林口區,,,,無年齡維度,0.0,女,遷入,國外,104
112,2,17,林口區,,,,無年齡維度,0.0,男,遷入,國外,73
112,2,17,林口區,,,,無年齡維度,0.0,女,遷入,新北市內,0
112,2,17,林口區,,,,無年齡維度,0.0,男,遷入,新北市內,0
112,2,17,林口區,,,,無年齡維度,0.0,女,遷入,桃園市,95
112,2,17,林口區,,,,無年齡維度,0.0,男,遷入,桃園市,74
112,2,17,林口區,,,,無年齡維度,0.0,女,遷入,福建省,2
112,2,17,林口區,,,,無年齡維度,0.0,男,遷入,福建省,1
112,2,17,林口區,,,,無年齡維度,0.0,女,遷入,臺中市,8
112,2,17,林口區,,,,無年齡維度,0.0,男,遷入,臺中市,4
112,2,17,林口區,,,,無年齡維度,0.0,女,遷入,臺北市,106
112,2,17,林口區,,,,無年齡維度,0.0,男,遷入,臺北市,84
112,2,17,林口區,,,,無年齡維度,0.0,女,遷入,臺南市,4
112,2,17,林口區,,,,無年齡維度,0.0,男,遷入,臺南市,6
112,2,17,林口區,,,,無年齡維度,0.0,女,遷入,臺灣省,39
112,2,17,林口區,,,,無年齡維度,0.0,男,遷入,臺灣省,39
112,2,17,林口區,,,,無年齡維度,0.0,女,遷入,高雄市,7
112,2,17,林口區,,,,無年齡維度,0.0,男,遷入,高雄市,7
112,2,17,林口區,,,,無年齡維度,0.0,女,遷出,migrants,258
112,2,17,林口區,,,,無年齡維度,0.0,男,遷出,migrants,193
112,2,17,林口區,,,,無年齡維度,0.0,女,遷出,other,0
112,2,17,林口區,,,,無年齡維度,0.0,男,遷出,other,0
112,2,17,林口區,,,,無年齡維度,0.0,女,遷出,其他縣市,0
112,2,17,林口區,,,,無年齡維度,0.0,男,遷出,其他縣市,0
112,2,17,林口區,,,,無年齡維度,0.0,女,遷出,其他鄉鎮,41
112,2,17,林口區,,,,無年齡維度,0.0,男,遷出,其他鄉鎮,40
112,2,17,林口區,,,,無年齡維度,0.0,女,遷出,合計,220
112,2,17,林口區,,,,無年齡維度,0.0,男,遷出,合計,185
112,2,17,林口區,,,,無年齡維度,0.0,女,遷出,國外,7
112,2,17,林口區,,,,無年齡維度,0.0,男,遷出,國外,8
112,2,17,林口區,,,,無年齡維度,0.0,女,遷出,新北市內,0
112,2,17,林口區,,,,無年齡維度,0.0,男,遷出,新北市內,0
112,2,17,林口區,,,,無年齡維度,0.0,女,遷出,桃園市,76
112,2,17,林口區,,,,無年齡維度,0.0,男,遷出,桃園市,71
112,2,17,林口區,,,,無年齡維度,0.0,女,遷出,福建省,1
112,2,17,林口區,,,,無年齡維度,0.0,男,遷出,福建省,0
112,2,17,林口區,,,,無年齡維度,0.0,女,遷出,臺中市,6
112,2,17,林口區,,,,無年齡維度,0.0,男,遷出,臺中市,2
112,2,17,林口區,,,,無年齡維度,0.0,女,遷出,臺北市,41
112,2,17,林口區,,,,無年齡維度,0.0,男,遷出,臺北市,29
112,2,17,林口區,,,,無年齡維度,0.0,女,遷出,臺南市,7
112,2,17,林口區,,,,無年齡維度,0.0,男,遷出,臺南市,2
112,2,17,林口區,,,,無年齡維度,0.0,女,遷出,臺灣省,36
112,2,17,林口區,,,,無年齡維度,0.0,男,遷出,臺灣省,30
112,2,17,林口區,,,,無年齡維度,0.0,女,遷出,高雄市,5
112,2,17,林口區,,,,無年齡維度,0.0,男,遷出,高雄市,3
112,2,18,八里區,,,,無年齡維度,0.0,女,遷入,migrants,28
112,2,18,八里區,,,,無年齡維度,0.0,男,遷入,migrants,24
112,2,18,八里區,,,,無年齡維度,0.0,女,遷入,other,0
112,2,18,八里區,,,,無年齡維度,0.0,男,遷入,other,0
112,2,18,八里區,,,,無年齡維度,0.0,女,遷入,其他縣市,0
112,2,18,八里區,,,,無年齡維度,0.0,男,遷入,其他縣市,0
112,2,18,八里區,,,,無年齡維度,0.0,女,遷入,其他鄉鎮,11
112,2,18,八里區,,,,無年齡維度,0.0,男,遷入,其他鄉鎮,18
112,2,18,八里區,,,,無年齡維度,0.0,女,遷入,合計,67
112,2,18,八里區,,,,無年齡維度,0.0,男,遷入,合計,66
112,2,18,八里區,,,,無年齡維度,0.0,女,遷入,國外,11
112,2,18,八里區,,,,無年齡維度,0.0,男,遷入,國外,16
112,2,18,八里區,,,,無年齡維度,0.0,女,遷入,新北市內,0
112,2,18,八里區,,,,無年齡維度,0.0,男,遷入,新北市內,0
112,2,18,八里區,,,,無年齡維度,0.0,女,遷入,桃園市,2
112,2,18,八里區,,,,無年齡維度,0.0,男,遷入,桃園市,2
112,2,18,八里區,,,,無年齡維度,0.0,女,遷入,福建省,0
112,2,18,八里區,,,,無年齡維度,0.0,男,遷入,福建省,1
112,2,18,八里區,,,,無年齡維度,0.0,女,遷入,臺中市,1
112,2,18,八里區,,,,無年齡維度,0.0,男,遷入,臺中市,0
112,2,18,八里區,,,,無年齡維度,0.0,女,遷入,臺北市,32
112,2,18,八里區,,,,無年齡維度,0.0,男,遷入,臺北市,23
112,2,18,八里區,,,,無年齡維度,0.0,女,遷入,臺南市,0
112,2,18,八里區,,,,無年齡維度,0.0,男,遷入,臺南市,0
112,2,18,八里區,,,,無年齡維度,0.0,女,遷入,臺灣省,9
112,2,18,八里區,,,,無年齡維度,0.0,男,遷入,臺灣省,6
112,2,18,八里區,,,,無年齡維度,0.0,女,遷入,高雄市,1
112,2,18,八里區,,,,無年齡維度,0.0,男,遷入,高雄市,0
112,2,18,八里區,,,,無年齡維度,0.0,女,遷出,migrants,28
112,2,18,八里區,,,,無年齡維度,0.0,男,遷出,migrants,24
112,2,18,八里區,,,,無年齡維度,0.0,女,遷出,other,0
112,2,18,八里區,,,,無年齡維度,0.0,男,遷出,other,0
112,2,18,八里區,,,,無年齡維度,0.0,女,遷出,其他縣市,0
112,2,18,八里區,,,,無年齡維度,0.0,男,遷出,其他縣市,0
112,2,18,八里區,,,,無年齡維度,0.0,女,遷出,其他鄉鎮,11
112,2,18,八里區,,,,無年齡維度,0.0,男,遷出,其他鄉鎮,19
112,2,18,八里區,,,,無年齡維度,0.0,女,遷出,合計,49
112,2,18,八里區,,,,無年齡維度,0.0,男,遷出,合計,55
112,2,18,八里區,,,,無年齡維度,0.0,女,遷出,國外,3
112,2,18,八里區,,,,無年齡維度,0.0,男,遷出,國外,3
112,2,18,八里區,,,,無年齡維度,0.0,女,遷出,新北市內,0
112,2,18,八里區,,,,無年齡維度,0.0,男,遷出,新北市內,0
112,2,18,八里區,,,,無年齡維度,0.0,女,遷出,桃園市,5
112,2,18,八里區,,,,無年齡維度,0.0,男,遷出,桃園市,7
112,2,18,八里區,,,,無年齡維度,0.0,女,遷出,福建省,0
112,2,18,八里區,,,,無年齡維度,0.0,男,遷出,福建省,0
112,2,18,八里區,,,,無年齡維度,0.0,女,遷出,臺中市,0
112,2,18,八里區,,,,無年齡維度,0.0,男,遷出,臺中市,0
112,2,18,八里區,,,,無年齡維度,0.0,女,遷出,臺北市,24
112,2,18,八里區,,,,無年齡維度,0.0,男,遷出,臺北市,21
112,2,18,八里區,,,,無年齡維度,0.0,女,遷出,臺南市,2
112,2,18,八里區,,,,無年齡維度,0.0,男,遷出,臺南市,2
112,2,18,八里區,,,,無年齡維度,0.0,女,遷出,臺灣省,4
112,2,18,八里區,,,,無年齡維度,0.0,男,遷出,臺灣省,2
112,2,18,八里區,,,,無年齡維度,0.0,女,遷出,高雄市,0
112,2,18,八里區,,,,無年齡維度,0.0,男,遷出,高雄市,1
112,2,19,深坑區,,,,無年齡維度,0.0,女,遷入,migrants,4
112,2,19,深坑區,,,,無年齡維度,0.0,男,遷入,migrants,1
112,2,19,深坑區,,,,無年齡維度,0.0,女,遷入,other,0
112,2,19,深坑區,,,,無年齡維度,0.0,男,遷入,other,0
112,2,19,深坑區,,,,無年齡維度,0.0,女,遷入,其他縣市,0
112,2,19,深坑區,,,,無年齡維度,0.0,男,遷入,其他縣市,0
112,2,19,深坑區,,,,無年齡維度,0.0,女,遷入,其他鄉鎮,11
112,2,19,深坑區,,,,無年齡維度,0.0,男,遷入,其他鄉鎮,11
112,2,19,深坑區,,,,無年齡維度,0.0,女,遷入,合計,17
112,2,19,深坑區,,,,無年齡維度,0.0,男,遷入,合計,14
112,2,19,深坑區,,,,無年齡維度,0.0,女,遷入,國外,4
112,2,19,深坑區,,,,無年齡維度,0.0,男,遷入,國外,1
112,2,19,深坑區,,,,無年齡維度,0.0,女,遷入,新北市內,0
112,2,19,深坑區,,,,無年齡維度,0.0,男,遷入,新北市內,0
112,2,19,深坑區,,,,無年齡維度,0.0,女,遷入,桃園市,1
112,2,19,深坑區,,,,無年齡維度,0.0,男,遷入,桃園市,0
112,2,19,深坑區,,,,無年齡維度,0.0,女,遷入,福建省,0
112,2,19,深坑區,,,,無年齡維度,0.0,男,遷入,福建省,0
112,2,19,深坑區,,,,無年齡維度,0.0,女,遷入,臺中市,0
112,2,19,深坑區,,,,無年齡維度,0.0,男,遷入,臺中市,0
112,2,19,深坑區,,,,無年齡維度,0.0,女,遷入,臺北市,1
112,2,19,深坑區,,,,無年齡維度,0.0,男,遷入,臺北市,2
112,2,19,深坑區,,,,無年齡維度,0.0,女,遷入,臺南市,0
112,2,19,深坑區,,,,無年齡維度,0.0,男,遷入,臺南市,0
112,2,19,深坑區,,,,無年齡維度,0.0,女,遷入,臺灣省,0
112,2,19,深坑區,,,,無年齡維度,0.0,男,遷入,臺灣省,0
112,2,19,深坑區,,,,無年齡維度,0.0,女,遷入,高雄市,0
112,2,19,深坑區,,,,無年齡維度,0.0,男,遷入,高雄市,0
112,2,19,深坑區,,,,無年齡維度,0.0,女,遷出,migrants,4
112,2,19,深坑區,,,,無年齡維度,0.0,男,遷出,migrants,1
112,2,19,深坑區,,,,無年齡維度,0.0,女,遷出,other,0
112,2,19,深坑區,,,,無年齡維度,0.0,男,遷出,other,0
112,2,19,深坑區,,,,無年齡維度,0.0,女,遷出,其他縣市,0
112,2,19,深坑區,,,,無年齡維度,0.0,男,遷出,其他縣市,0
112,2,19,深坑區,,,,無年齡維度,0.0,女,遷出,其他鄉鎮,9
112,2,19,深坑區,,,,無年齡維度,0.0,男,遷出,其他鄉鎮,8
112,2,19,深坑區,,,,無年齡維度,0.0,女,遷出,合計,23
112,2,19,深坑區,,,,無年齡維度,0.0,男,遷出,合計,17
112,2,19,深坑區,,,,無年齡維度,0.0,女,遷出,國外,0
112,2,19,深坑區,,,,無年齡維度,0.0,男,遷出,國外,0
112,2,19,深坑區,,,,無年齡維度,0.0,女,遷出,新北市內,0
112,2,19,深坑區,,,,無年齡維度,0.0,男,遷出,新北市內,0
112,2,19,深坑區,,,,無年齡維度,0.0,女,遷出,桃園市,3
112,2,19,深坑區,,,,無年齡維度,0.0,男,遷出,桃園市,2
112,2,19,深坑區,,,,無年齡維度,0.0,女,遷出,福建省,1
112,2,19,深坑區,,,,無年齡維度,0.0,男,遷出,福建省,1
112,2,19,深坑區,,,,無年齡維度,0.0,女,遷出,臺中市,0
112,2,19,深坑區,,,,無年齡維度,0.0,男,遷出,臺中市,0
112,2,19,深坑區,,,,無年齡維度,0.0,女,遷出,臺北市,4
112,2,19,深坑區,,,,無年齡維度,0.0,男,遷出,臺北市,3
112,2,19,深坑區,,,,無年齡維度,0.0,女,遷出,臺南市,0
112,2,19,深坑區,,,,無年齡維度,0.0,男,遷出,臺南市,0
112,2,19,深坑區,,,,無年齡維度,0.0,女,遷出,臺灣省,3
112,2,19,深坑區,,,,無年齡維度,0.0,男,遷出,臺灣省,2
112,2,19,深坑區,,,,無年齡維度,0.0,女,遷出,高雄市,3
112,2,19,深坑區,,,,無年齡維度,0.0,男,遷出,高雄市,1
112,2,20,石碇區,,,,無年齡維度,0.0,女,遷入,migrants,2
112,2,20,石碇區,,,,無年齡維度,0.0,男,遷入,migrants,1
112,2,20,石碇區,,,,無年齡維度,0.0,女,遷入,other,0
112,2,20,石碇區,,,,無年齡維度,0.0,男,遷入,other,0
112,2,20,石碇區,,,,無年齡維度,0.0,女,遷入,其他縣市,0
112,2,20,石碇區,,,,無年齡維度,0.0,男,遷入,其他縣市,0
112,2,20,石碇區,,,,無年齡維度,0.0,女,遷入,其他鄉鎮,4
112,2,20,石碇區,,,,無年齡維度,0.0,男,遷入,其他鄉鎮,5
112,2,20,石碇區,,,,無年齡維度,0.0,女,遷入,合計,8
112,2,20,石碇區,,,,無年齡維度,0.0,男,遷入,合計,11
112,2,20,石碇區,,,,無年齡維度,0.0,女,遷入,國外,0
112,2,20,石碇區,,,,無年齡維度,0.0,男,遷入,國外,1
112,2,20,石碇區,,,,無年齡維度,0.0,女,遷入,新北市內,0
112,2,20,石碇區,,,,無年齡維度,0.0,男,遷入,新北市內,0
112,2,20,石碇區,,,,無年齡維度,0.0,女,遷入,桃園市,1
112,2,20,石碇區,,,,無年齡維度,0.0,男,遷入,桃園市,0
112,2,20,石碇區,,,,無年齡維度,0.0,女,遷入,福建省,0
112,2,20,石碇區,,,,無年齡維度,0.0,男,遷入,福建省,0
112,2,20,石碇區,,,,無年齡維度,0.0,女,遷入,臺中市,0
112,2,20,石碇區,,,,無年齡維度,0.0,男,遷入,臺中市,0
112,2,20,石碇區,,,,無年齡維度,0.0,女,遷入,臺北市,3
112,2,20,石碇區,,,,無年齡維度,0.0,男,遷入,臺北市,4
112,2,20,石碇區,,,,無年齡維度,0.0,女,遷入,臺南市,0
112,2,20,石碇區,,,,無年齡維度,0.0,男,遷入,臺南市,0
112,2,20,石碇區,,,,無年齡維度,0.0,女,遷入,臺灣省,0
112,2,20,石碇區,,,,無年齡維度,0.0,男,遷入,臺灣省,1
112,2,20,石碇區,,,,無年齡維度,0.0,女,遷入,高雄市,0
112,2,20,石碇區,,,,無年齡維度,0.0,男,遷入,高雄市,0
112,2,20,石碇區,,,,無年齡維度,0.0,女,遷出,migrants,2
112,2,20,石碇區,,,,無年齡維度,0.0,男,遷出,migrants,1
112,2,20,石碇區,,,,無年齡維度,0.0,女,遷出,other,0
112,2,20,石碇區,,,,無年齡維度,0.0,男,遷出,other,0
112,2,20,石碇區,,,,無年齡維度,0.0,女,遷出,其他縣市,0
112,2,20,石碇區,,,,無年齡維度,0.0,男,遷出,其他縣市,0
112,2,20,石碇區,,,,無年齡維度,0.0,女,遷出,其他鄉鎮,5
112,2,20,石碇區,,,,無年齡維度,0.0,男,遷出,其他鄉鎮,6
112,2,20,石碇區,,,,無年齡維度,0.0,女,遷出,合計,11
112,2,20,石碇區,,,,無年齡維度,0.0,男,遷出,合計,10
112,2,20,石碇區,,,,無年齡維度,0.0,女,遷出,國外,1
112,2,20,石碇區,,,,無年齡維度,0.0,男,遷出,國外,0
112,2,20,石碇區,,,,無年齡維度,0.0,女,遷出,新北市內,0
112,2,20,石碇區,,,,無年齡維度,0.0,男,遷出,新北市內,0
112,2,20,石碇區,,,,無年齡維度,0.0,女,遷出,桃園市,2
112,2,20,石碇區,,,,無年齡維度,0.0,男,遷出,桃園市,1
112,2,20,石碇區,,,,無年齡維度,0.0,女,遷出,福建省,0
112,2,20,石碇區,,,,無年齡維度,0.0,男,遷出,福建省,0
112,2,20,石碇區,,,,無年齡維度,0.0,女,遷出,臺中市,0
112,2,20,石碇區,,,,無年齡維度,0.0,男,遷出,臺中市,0
112,2,20,石碇區,,,,無年齡維度,0.0,女,遷出,臺北市,1
112,2,20,石碇區,,,,無年齡維度,0.0,男,遷出,臺北市,1
112,2,20,石碇區,,,,無年齡維度,0.0,女,遷出,臺南市,0
112,2,20,石碇區,,,,無年齡維度,0.0,男,遷出,臺南市,0
112,2,20,石碇區,,,,無年齡維度,0.0,女,遷出,臺灣省,2
112,2,20,石碇區,,,,無年齡維度,0.0,男,遷出,臺灣省,2
112,2,20,石碇區,,,,無年齡維度,0.0,女,遷出,高雄市,0
112,2,20,石碇區,,,,無年齡維度,0.0,男,遷出,高雄市,0
112,2,21,坪林區,,,,無年齡維度,0.0,女,遷入,migrants,13
112,2,21,坪林區,,,,無年齡維度,0.0,男,遷入,migrants,11
112,2,21,坪林區,,,,無年齡維度,0.0,女,遷入,other,0
112,2,21,坪林區,,,,無年齡維度,0.0,男,遷入,other,0
112,2,21,坪林區,,,,無年齡維度,0.0,女,遷入,其他縣市,0
112,2,21,坪林區,,,,無年齡維度,0.0,男,遷入,其他縣市,0
112,2,21,坪林區,,,,無年齡維度,0.0,女,遷入,其他鄉鎮,18
112,2,21,坪林區,,,,無年齡維度,0.0,男,遷入,其他鄉鎮,13
112,2,21,坪林區,,,,無年齡維度,0.0,女,遷入,合計,37
112,2,21,坪林區,,,,無年齡維度,0.0,男,遷入,合計,33
112,2,21,坪林區,,,,無年齡維度,0.0,女,遷入,國外,11
112,2,21,坪林區,,,,無年齡維度,0.0,男,遷入,國外,6
112,2,21,坪林區,,,,無年齡維度,0.0,女,遷入,新北市內,0
112,2,21,坪林區,,,,無年齡維度,0.0,男,遷入,新北市內,0
112,2,21,坪林區,,,,無年齡維度,0.0,女,遷入,桃園市,1
112,2,21,坪林區,,,,無年齡維度,0.0,男,遷入,桃園市,1
112,2,21,坪林區,,,,無年齡維度,0.0,女,遷入,福建省,0
112,2,21,坪林區,,,,無年齡維度,0.0,男,遷入,福建省,0
112,2,21,坪林區,,,,無年齡維度,0.0,女,遷入,臺中市,2
112,2,21,坪林區,,,,無年齡維度,0.0,男,遷入,臺中市,0
112,2,21,坪林區,,,,無年齡維度,0.0,女,遷入,臺北市,5
112,2,21,坪林區,,,,無年齡維度,0.0,男,遷入,臺北市,8
112,2,21,坪林區,,,,無年齡維度,0.0,女,遷入,臺南市,0
112,2,21,坪林區,,,,無年齡維度,0.0,男,遷入,臺南市,1
112,2,21,坪林區,,,,無年齡維度,0.0,女,遷入,臺灣省,0
112,2,21,坪林區,,,,無年齡維度,0.0,男,遷入,臺灣省,2
112,2,21,坪林區,,,,無年齡維度,0.0,女,遷入,高雄市,0
112,2,21,坪林區,,,,無年齡維度,0.0,男,遷入,高雄市,0
112,2,21,坪林區,,,,無年齡維度,0.0,女,遷出,migrants,13
112,2,21,坪林區,,,,無年齡維度,0.0,男,遷出,migrants,11
112,2,21,坪林區,,,,無年齡維度,0.0,女,遷出,other,0
112,2,21,坪林區,,,,無年齡維度,0.0,男,遷出,other,0
112,2,21,坪林區,,,,無年齡維度,0.0,女,遷出,其他縣市,0
112,2,21,坪林區,,,,無年齡維度,0.0,男,遷出,其他縣市,0
112,2,21,坪林區,,,,無年齡維度,0.0,女,遷出,其他鄉鎮,29
112,2,21,坪林區,,,,無年齡維度,0.0,男,遷出,其他鄉鎮,27
112,2,21,坪林區,,,,無年齡維度,0.0,女,遷出,合計,55
112,2,21,坪林區,,,,無年齡維度,0.0,男,遷出,合計,44
112,2,21,坪林區,,,,無年齡維度,0.0,女,遷出,國外,0
112,2,21,坪林區,,,,無年齡維度,0.0,男,遷出,國外,0
112,2,21,坪林區,,,,無年齡維度,0.0,女,遷出,新北市內,0
112,2,21,坪林區,,,,無年齡維度,0.0,男,遷出,新北市內,0
112,2,21,坪林區,,,,無年齡維度,0.0,女,遷出,桃園市,2
112,2,21,坪林區,,,,無年齡維度,0.0,男,遷出,桃園市,4
112,2,21,坪林區,,,,無年齡維度,0.0,女,遷出,福建省,0
112,2,21,坪林區,,,,無年齡維度,0.0,男,遷出,福建省,0
112,2,21,坪林區,,,,無年齡維度,0.0,女,遷出,臺中市,3
112,2,21,坪林區,,,,無年齡維度,0.0,男,遷出,臺中市,1
112,2,21,坪林區,,,,無年齡維度,0.0,女,遷出,臺北市,8
112,2,21,坪林區,,,,無年齡維度,0.0,男,遷出,臺北市,2
112,2,21,坪林區,,,,無年齡維度,0.0,女,遷出,臺南市,0
112,2,21,坪林區,,,,無年齡維度,0.0,男,遷出,臺南市,1
112,2,21,坪林區,,,,無年齡維度,0.0,女,遷出,臺灣省,12
112,2,21,坪林區,,,,無年齡維度,0.0,男,遷出,臺灣省,9
112,2,21,坪林區,,,,無年齡維度,0.0,女,遷出,高雄市,1
112,2,21,坪林區,,,,無年齡維度,0.0,男,遷出,高雄市,0
112,2,22,三芝區,,,,無年齡維度,0.0,女,遷入,migrants,7
112,2,22,三芝區,,,,無年齡維度,0.0,男,遷入,migrants,4
112,2,22,三芝區,,,,無年齡維度,0.0,女,遷入,other,0
112,2,22,三芝區,,,,無年齡維度,0.0,男,遷入,other,0
112,2,22,三芝區,,,,無年齡維度,0.0,女,遷入,其他縣市,0
112,2,22,三芝區,,,,無年齡維度,0.0,男,遷入,其他縣市,0
112,2,22,三芝區,,,,無年齡維度,0.0,女,遷入,其他鄉鎮,2
112,2,22,三芝區,,,,無年齡維度,0.0,男,遷入,其他鄉鎮,2
112,2,22,三芝區,,,,無年齡維度,0.0,女,遷入,合計,6
112,2,22,三芝區,,,,無年齡維度,0.0,男,遷入,合計,11
112,2,22,三芝區,,,,無年齡維度,0.0,女,遷入,國外,0
112,2,22,三芝區,,,,無年齡維度,0.0,男,遷入,國外,2
112,2,22,三芝區,,,,無年齡維度,0.0,女,遷入,新北市內,0
112,2,22,三芝區,,,,無年齡維度,0.0,男,遷入,新北市內,0
112,2,22,三芝區,,,,無年齡維度,0.0,女,遷入,桃園市,0
112,2,22,三芝區,,,,無年齡維度,0.0,男,遷入,桃園市,1
112,2,22,三芝區,,,,無年齡維度,0.0,女,遷入,福建省,0
112,2,22,三芝區,,,,無年齡維度,0.0,男,遷入,福建省,0
112,2,22,三芝區,,,,無年齡維度,0.0,女,遷入,臺中市,0
112,2,22,三芝區,,,,無年齡維度,0.0,男,遷入,臺中市,0
112,2,22,三芝區,,,,無年齡維度,0.0,女,遷入,臺北市,4
112,2,22,三芝區,,,,無年齡維度,0.0,男,遷入,臺北市,4
112,2,22,三芝區,,,,無年齡維度,0.0,女,遷入,臺南市,0
112,2,22,三芝區,,,,無年齡維度,0.0,男,遷入,臺南市,1
112,2,22,三芝區,,,,無年齡維度,0.0,女,遷入,臺灣省,0
112,2,22,三芝區,,,,無年齡維度,0.0,男,遷入,臺灣省,1
112,2,22,三芝區,,,,無年齡維度,0.0,女,遷入,高雄市,0
112,2,22,三芝區,,,,無年齡維度,0.0,男,遷入,高雄市,0
112,2,22,三芝區,,,,無年齡維度,0.0,女,遷出,migrants,7
112,2,22,三芝區,,,,無年齡維度,0.0,男,遷出,migrants,4
112,2,22,三芝區,,,,無年齡維度,0.0,女,遷出,other,0
112,2,22,三芝區,,,,無年齡維度,0.0,男,遷出,other,0
112,2,22,三芝區,,,,無年齡維度,0.0,女,遷出,其他縣市,0
112,2,22,三芝區,,,,無年齡維度,0.0,男,遷出,其他縣市,0
112,2,22,三芝區,,,,無年齡維度,0.0,女,遷出,其他鄉鎮,8
112,2,22,三芝區,,,,無年齡維度,0.0,男,遷出,其他鄉鎮,13
112,2,22,三芝區,,,,無年齡維度,0.0,女,遷出,合計,16
112,2,22,三芝區,,,,無年齡維度,0.0,男,遷出,合計,22
112,2,22,三芝區,,,,無年齡維度,0.0,女,遷出,國外,0
112,2,22,三芝區,,,,無年齡維度,0.0,男,遷出,國外,0
112,2,22,三芝區,,,,無年齡維度,0.0,女,遷出,新北市內,0
112,2,22,三芝區,,,,無年齡維度,0.0,男,遷出,新北市內,0
112,2,22,三芝區,,,,無年齡維度,0.0,女,遷出,桃園市,4
112,2,22,三芝區,,,,無年齡維度,0.0,男,遷出,桃園市,5
112,2,22,三芝區,,,,無年齡維度,0.0,女,遷出,福建省,0
112,2,22,三芝區,,,,無年齡維度,0.0,男,遷出,福建省,0
112,2,22,三芝區,,,,無年齡維度,0.0,女,遷出,臺中市,0
112,2,22,三芝區,,,,無年齡維度,0.0,男,遷出,臺中市,1
112,2,22,三芝區,,,,無年齡維度,0.0,女,遷出,臺北市,2
112,2,22,三芝區,,,,無年齡維度,0.0,男,遷出,臺北市,0
112,2,22,三芝區,,,,無年齡維度,0.0,女,遷出,臺南市,0
112,2,22,三芝區,,,,無年齡維度,0.0,男,遷出,臺南市,0
112,2,22,三芝區,,,,無年齡維度,0.0,女,遷出,臺灣省,1
112,2,22,三芝區,,,,無年齡維度,0.0,男,遷出,臺灣省,3
112,2,22,三芝區,,,,無年齡維度,0.0,女,遷出,高雄市,1
112,2,22,三芝區,,,,無年齡維度,0.0,男,遷出,高雄市,0
112,2,23,石門區,,,,無年齡維度,0.0,女,遷入,migrants,44
112,2,23,石門區,,,,無年齡維度,0.0,男,遷入,migrants,43
112,2,23,石門區,,,,無年齡維度,0.0,女,遷入,other,0
112,2,23,石門區,,,,無年齡維度,0.0,男,遷入,other,0
112,2,23,石門區,,,,無年齡維度,0.0,女,遷入,其他縣市,0
112,2,23,石門區,,,,無年齡維度,0.0,男,遷入,其他縣市,0
112,2,23,石門區,,,,無年齡維度,0.0,女,遷入,其他鄉鎮,43
112,2,23,石門區,,,,無年齡維度,0.0,男,遷入,其他鄉鎮,33
112,2,23,石門區,,,,無年齡維度,0.0,女,遷入,合計,110
112,2,23,石門區,,,,無年齡維度,0.0,男,遷入,合計,110
112,2,23,石門區,,,,無年齡維度,0.0,女,遷入,國外,18
112,2,23,石門區,,,,無年齡維度,0.0,男,遷入,國外,23
112,2,23,石門區,,,,無年齡維度,0.0,女,遷入,新北市內,0
112,2,23,石門區,,,,無年齡維度,0.0,男,遷入,新北市內,0
112,2,23,石門區,,,,無年齡維度,0.0,女,遷入,桃園市,3
112,2,23,石門區,,,,無年齡維度,0.0,男,遷入,桃園市,5
112,2,23,石門區,,,,無年齡維度,0.0,女,遷入,福建省,0
112,2,23,石門區,,,,無年齡維度,0.0,男,遷入,福建省,1
112,2,23,石門區,,,,無年齡維度,0.0,女,遷入,臺中市,3
112,2,23,石門區,,,,無年齡維度,0.0,男,遷入,臺中市,4
112,2,23,石門區,,,,無年齡維度,0.0,女,遷入,臺北市,33
112,2,23,石門區,,,,無年齡維度,0.0,男,遷入,臺北市,27
112,2,23,石門區,,,,無年齡維度,0.0,女,遷入,臺南市,2
112,2,23,石門區,,,,無年齡維度,0.0,男,遷入,臺南市,1
112,2,23,石門區,,,,無年齡維度,0.0,女,遷入,臺灣省,7
112,2,23,石門區,,,,無年齡維度,0.0,男,遷入,臺灣省,12
112,2,23,石門區,,,,無年齡維度,0.0,女,遷入,高雄市,1
112,2,23,石門區,,,,無年齡維度,0.0,男,遷入,高雄市,2
112,2,23,石門區,,,,無年齡維度,0.0,女,遷出,migrants,44
112,2,23,石門區,,,,無年齡維度,0.0,男,遷出,migrants,43
112,2,23,石門區,,,,無年齡維度,0.0,女,遷出,other,0
112,2,23,石門區,,,,無年齡維度,0.0,男,遷出,other,0
112,2,23,石門區,,,,無年齡維度,0.0,女,遷出,其他縣市,0
112,2,23,石門區,,,,無年齡維度,0.0,男,遷出,其他縣市,0
112,2,23,石門區,,,,無年齡維度,0.0,女,遷出,其他鄉鎮,40
112,2,23,石門區,,,,無年齡維度,0.0,男,遷出,其他鄉鎮,44
112,2,23,石門區,,,,無年齡維度,0.0,女,遷出,合計,90
112,2,23,石門區,,,,無年齡維度,0.0,男,遷出,合計,94
112,2,23,石門區,,,,無年齡維度,0.0,女,遷出,國外,1
112,2,23,石門區,,,,無年齡維度,0.0,男,遷出,國外,1
112,2,23,石門區,,,,無年齡維度,0.0,女,遷出,新北市內,0
112,2,23,石門區,,,,無年齡維度,0.0,男,遷出,新北市內,0
112,2,23,石門區,,,,無年齡維度,0.0,女,遷出,桃園市,8
112,2,23,石門區,,,,無年齡維度,0.0,男,遷出,桃園市,11
112,2,23,石門區,,,,無年齡維度,0.0,女,遷出,福建省,0
112,2,23,石門區,,,,無年齡維度,0.0,男,遷出,福建省,0
112,2,23,石門區,,,,無年齡維度,0.0,女,遷出,臺中市,2
112,2,23,石門區,,,,無年齡維度,0.0,男,遷出,臺中市,2
112,2,23,石門區,,,,無年齡維度,0.0,女,遷出,臺北市,28
112,2,23,石門區,,,,無年齡維度,0.0,男,遷出,臺北市,23
112,2,23,石門區,,,,無年齡維度,0.0,女,遷出,臺南市,2
112,2,23,石門區,,,,無年齡維度,0.0,男,遷出,臺南市,1
112,2,23,石門區,,,,無年齡維度,0.0,女,遷出,臺灣省,8
112,2,23,石門區,,,,無年齡維度,0.0,男,遷出,臺灣省,11
112,2,23,石門區,,,,無年齡維度,0.0,女,遷出,高雄市,1
112,2,23,石門區,,,,無年齡維度,0.0,男,遷出,高雄市,1
112,2,24,金山區,,,,無年齡維度,0.0,女,遷入,migrants,1
112,2,24,金山區,,,,無年齡維度,0.0,男,遷入,migrants,0
112,2,24,金山區,,,,無年齡維度,0.0,女,遷入,other,0
112,2,24,金山區,,,,無年齡維度,0.0,男,遷入,other,0
112,2,24,金山區,,,,無年齡維度,0.0,女,遷入,其他縣市,0
112,2,24,金山區,,,,無年齡維度,0.0,男,遷入,其他縣市,0
112,2,24,金山區,,,,無年齡維度,0.0,女,遷入,其他鄉鎮,1
112,2,24,金山區,,,,無年齡維度,0.0,男,遷入,其他鄉鎮,1
112,2,24,金山區,,,,無年齡維度,0.0,女,遷入,合計,6
112,2,24,金山區,,,,無年齡維度,0.0,男,遷入,合計,5
112,2,24,金山區,,,,無年齡維度,0.0,女,遷入,國外,0
112,2,24,金山區,,,,無年齡維度,0.0,男,遷入,國外,0
112,2,24,金山區,,,,無年齡維度,0.0,女,遷入,新北市內,0
112,2,24,金山區,,,,無年齡維度,0.0,男,遷入,新北市內,0
112,2,24,金山區,,,,無年齡維度,0.0,女,遷入,桃園市,1
112,2,24,金山區,,,,無年齡維度,0.0,男,遷入,桃園市,0
112,2,24,金山區,,,,無年齡維度,0.0,女,遷入,福建省,0
112,2,24,金山區,,,,無年齡維度,0.0,男,遷入,福建省,1
112,2,24,金山區,,,,無年齡維度,0.0,女,遷入,臺中市,0
112,2,24,金山區,,,,無年齡維度,0.0,男,遷入,臺中市,0
112,2,24,金山區,,,,無年齡維度,0.0,女,遷入,臺北市,1
112,2,24,金山區,,,,無年齡維度,0.0,男,遷入,臺北市,2
112,2,24,金山區,,,,無年齡維度,0.0,女,遷入,臺南市,0
112,2,24,金山區,,,,無年齡維度,0.0,男,遷入,臺南市,0
112,2,24,金山區,,,,無年齡維度,0.0,女,遷入,臺灣省,2
112,2,24,金山區,,,,無年齡維度,0.0,男,遷入,臺灣省,1
112,2,24,金山區,,,,無年齡維度,0.0,女,遷入,高雄市,0
112,2,24,金山區,,,,無年齡維度,0.0,男,遷入,高雄市,0
112,2,24,金山區,,,,無年齡維度,0.0,女,遷出,migrants,1
112,2,24,金山區,,,,無年齡維度,0.0,男,遷出,migrants,0
112,2,24,金山區,,,,無年齡維度,0.0,女,遷出,other,0
112,2,24,金山區,,,,無年齡維度,0.0,男,遷出,other,0
112,2,24,金山區,,,,無年齡維度,0.0,女,遷出,其他縣市,0
112,2,24,金山區,,,,無年齡維度,0.0,男,遷出,其他縣市,0
112,2,24,金山區,,,,無年齡維度,0.0,女,遷出,其他鄉鎮,3
112,2,24,金山區,,,,無年齡維度,0.0,男,遷出,其他鄉鎮,5
112,2,24,金山區,,,,無年齡維度,0.0,女,遷出,合計,9
112,2,24,金山區,,,,無年齡維度,0.0,男,遷出,合計,7
112,2,24,金山區,,,,無年齡維度,0.0,女,遷出,國外,0
112,2,24,金山區,,,,無年齡維度,0.0,男,遷出,國外,0
112,2,24,金山區,,,,無年齡維度,0.0,女,遷出,新北市內,0
112,2,24,金山區,,,,無年齡維度,0.0,男,遷出,新北市內,0
112,2,24,金山區,,,,無年齡維度,0.0,女,遷出,桃園市,2
112,2,24,金山區,,,,無年齡維度,0.0,男,遷出,桃園市,1
112,2,24,金山區,,,,無年齡維度,0.0,女,遷出,福建省,0
112,2,24,金山區,,,,無年齡維度,0.0,男,遷出,福建省,0
112,2,24,金山區,,,,無年齡維度,0.0,女,遷出,臺中市,0
112,2,24,金山區,,,,無年齡維度,0.0,男,遷出,臺中市,0
112,2,24,金山區,,,,無年齡維度,0.0,女,遷出,臺北市,3
112,2,24,金山區,,,,無年齡維度,0.0,男,遷出,臺北市,0
112,2,24,金山區,,,,無年齡維度,0.0,女,遷出,臺南市,1
112,2,24,金山區,,,,無年齡維度,0.0,男,遷出,臺南市,0
112,2,24,金山區,,,,無年齡維度,0.0,女,遷出,臺灣省,0
112,2,24,金山區,,,,無年齡維度,0.0,男,遷出,臺灣省,0
112,2,24,金山區,,,,無年齡維度,0.0,女,遷出,高雄市,0
112,2,24,金山區,,,,無年齡維度,0.0,男,遷出,高雄市,1
112,2,25,萬里區,,,,無年齡維度,0.0,女,遷入,migrants,4
112,2,25,萬里區,,,,無年齡維度,0.0,男,遷入,migrants,5
112,2,25,萬里區,,,,無年齡維度,0.0,女,遷入,other,0
112,2,25,萬里區,,,,無年齡維度,0.0,男,遷入,other,0
112,2,25,萬里區,,,,無年齡維度,0.0,女,遷入,其他縣市,0
112,2,25,萬里區,,,,無年齡維度,0.0,男,遷入,其他縣市,0
112,2,25,萬里區,,,,無年齡維度,0.0,女,遷入,其他鄉鎮,4
112,2,25,萬里區,,,,無年齡維度,0.0,男,遷入,其他鄉鎮,6
112,2,25,萬里區,,,,無年齡維度,0.0,女,遷入,合計,9
112,2,25,萬里區,,,,無年齡維度,0.0,男,遷入,合計,13
112,2,25,萬里區,,,,無年齡維度,0.0,女,遷入,國外,1
112,2,25,萬里區,,,,無年齡維度,0.0,男,遷入,國外,3
112,2,25,萬里區,,,,無年齡維度,0.0,女,遷入,新北市內,0
112,2,25,萬里區,,,,無年齡維度,0.0,男,遷入,新北市內,0
112,2,25,萬里區,,,,無年齡維度,0.0,女,遷入,桃園市,1
112,2,25,萬里區,,,,無年齡維度,0.0,男,遷入,桃園市,1
112,2,25,萬里區,,,,無年齡維度,0.0,女,遷入,福建省,0
112,2,25,萬里區,,,,無年齡維度,0.0,男,遷入,福建省,0
112,2,25,萬里區,,,,無年齡維度,0.0,女,遷入,臺中市,0
112,2,25,萬里區,,,,無年齡維度,0.0,男,遷入,臺中市,0
112,2,25,萬里區,,,,無年齡維度,0.0,女,遷入,臺北市,1
112,2,25,萬里區,,,,無年齡維度,0.0,男,遷入,臺北市,2
112,2,25,萬里區,,,,無年齡維度,0.0,女,遷入,臺南市,0
112,2,25,萬里區,,,,無年齡維度,0.0,男,遷入,臺南市,0
112,2,25,萬里區,,,,無年齡維度,0.0,女,遷入,臺灣省,1
112,2,25,萬里區,,,,無年齡維度,0.0,男,遷入,臺灣省,0
112,2,25,萬里區,,,,無年齡維度,0.0,女,遷入,高雄市,1
112,2,25,萬里區,,,,無年齡維度,0.0,男,遷入,高雄市,1
112,2,25,萬里區,,,,無年齡維度,0.0,女,遷出,migrants,4
112,2,25,萬里區,,,,無年齡維度,0.0,男,遷出,migrants,5
112,2,25,萬里區,,,,無年齡維度,0.0,女,遷出,other,0
112,2,25,萬里區,,,,無年齡維度,0.0,男,遷出,other,0
112,2,25,萬里區,,,,無年齡維度,0.0,女,遷出,其他縣市,0
112,2,25,萬里區,,,,無年齡維度,0.0,男,遷出,其他縣市,0
112,2,25,萬里區,,,,無年齡維度,0.0,女,遷出,其他鄉鎮,13
112,2,25,萬里區,,,,無年齡維度,0.0,男,遷出,其他鄉鎮,10
112,2,25,萬里區,,,,無年齡維度,0.0,女,遷出,合計,17
112,2,25,萬里區,,,,無年齡維度,0.0,男,遷出,合計,19
112,2,25,萬里區,,,,無年齡維度,0.0,女,遷出,國外,1
112,2,25,萬里區,,,,無年齡維度,0.0,男,遷出,國外,1
112,2,25,萬里區,,,,無年齡維度,0.0,女,遷出,新北市內,0
112,2,25,萬里區,,,,無年齡維度,0.0,男,遷出,新北市內,0
112,2,25,萬里區,,,,無年齡維度,0.0,女,遷出,桃園市,0
112,2,25,萬里區,,,,無年齡維度,0.0,男,遷出,桃園市,0
112,2,25,萬里區,,,,無年齡維度,0.0,女,遷出,福建省,0
112,2,25,萬里區,,,,無年齡維度,0.0,男,遷出,福建省,0
112,2,25,萬里區,,,,無年齡維度,0.0,女,遷出,臺中市,0
112,2,25,萬里區,,,,無年齡維度,0.0,男,遷出,臺中市,0
112,2,25,萬里區,,,,無年齡維度,0.0,女,遷出,臺北市,2
112,2,25,萬里區,,,,無年齡維度,0.0,男,遷出,臺北市,4
112,2,25,萬里區,,,,無年齡維度,0.0,女,遷出,臺南市,0
112,2,25,萬里區,,,,無年齡維度,0.0,男,遷出,臺南市,0
112,2,25,萬里區,,,,無年齡維度,0.0,女,遷出,臺灣省,1
112,2,25,萬里區,,,,無年齡維度,0.0,男,遷出,臺灣省,4
112,2,25,萬里區,,,,無年齡維度,0.0,女,遷出,高雄市,0
112,2,25,萬里區,,,,無年齡維度,0.0,男,遷出,高雄市,0
112,2,26,平溪區,,,,無年齡維度,0.0,女,遷入,migrants,4
112,2,26,平溪區,,,,無年齡維度,0.0,男,遷入,migrants,6
112,2,26,平溪區,,,,無年齡維度,0.0,女,遷入,other,0
112,2,26,平溪區,,,,無年齡維度,0.0,男,遷入,other,0
112,2,26,平溪區,,,,無年齡維度,0.0,女,遷入,其他縣市,0
112,2,26,平溪區,,,,無年齡維度,0.0,男,遷入,其他縣市,0
112,2,26,平溪區,,,,無年齡維度,0.0,女,遷入,其他鄉鎮,6
112,2,26,平溪區,,,,無年齡維度,0.0,男,遷入,其他鄉鎮,7
112,2,26,平溪區,,,,無年齡維度,0.0,女,遷入,合計,12
112,2,26,平溪區,,,,無年齡維度,0.0,男,遷入,合計,16
112,2,26,平溪區,,,,無年齡維度,0.0,女,遷入,國外,2
112,2,26,平溪區,,,,無年齡維度,0.0,男,遷入,國外,4
112,2,26,平溪區,,,,無年齡維度,0.0,女,遷入,新北市內,0
112,2,26,平溪區,,,,無年齡維度,0.0,男,遷入,新北市內,0
112,2,26,平溪區,,,,無年齡維度,0.0,女,遷入,桃園市,0
112,2,26,平溪區,,,,無年齡維度,0.0,男,遷入,桃園市,0
112,2,26,平溪區,,,,無年齡維度,0.0,女,遷入,福建省,0
112,2,26,平溪區,,,,無年齡維度,0.0,男,遷入,福建省,0
112,2,26,平溪區,,,,無年齡維度,0.0,女,遷入,臺中市,0
112,2,26,平溪區,,,,無年齡維度,0.0,男,遷入,臺中市,0
112,2,26,平溪區,,,,無年齡維度,0.0,女,遷入,臺北市,2
112,2,26,平溪區,,,,無年齡維度,0.0,男,遷入,臺北市,3
112,2,26,平溪區,,,,無年齡維度,0.0,女,遷入,臺南市,0
112,2,26,平溪區,,,,無年齡維度,0.0,男,遷入,臺南市,0
112,2,26,平溪區,,,,無年齡維度,0.0,女,遷入,臺灣省,2
112,2,26,平溪區,,,,無年齡維度,0.0,男,遷入,臺灣省,2
112,2,26,平溪區,,,,無年齡維度,0.0,女,遷入,高雄市,0
112,2,26,平溪區,,,,無年齡維度,0.0,男,遷入,高雄市,0
112,2,26,平溪區,,,,無年齡維度,0.0,女,遷出,migrants,4
112,2,26,平溪區,,,,無年齡維度,0.0,男,遷出,migrants,6
112,2,26,平溪區,,,,無年齡維度,0.0,女,遷出,other,0
112,2,26,平溪區,,,,無年齡維度,0.0,男,遷出,other,0
112,2,26,平溪區,,,,無年齡維度,0.0,女,遷出,其他縣市,0
112,2,26,平溪區,,,,無年齡維度,0.0,男,遷出,其他縣市,0
112,2,26,平溪區,,,,無年齡維度,0.0,女,遷出,其他鄉鎮,6
112,2,26,平溪區,,,,無年齡維度,0.0,男,遷出,其他鄉鎮,3
112,2,26,平溪區,,,,無年齡維度,0.0,女,遷出,合計,22
112,2,26,平溪區,,,,無年齡維度,0.0,男,遷出,合計,17
112,2,26,平溪區,,,,無年齡維度,0.0,女,遷出,國外,0
112,2,26,平溪區,,,,無年齡維度,0.0,男,遷出,國外,1
112,2,26,平溪區,,,,無年齡維度,0.0,女,遷出,新北市內,0
112,2,26,平溪區,,,,無年齡維度,0.0,男,遷出,新北市內,0
112,2,26,平溪區,,,,無年齡維度,0.0,女,遷出,桃園市,4
112,2,26,平溪區,,,,無年齡維度,0.0,男,遷出,桃園市,3
112,2,26,平溪區,,,,無年齡維度,0.0,女,遷出,福建省,0
112,2,26,平溪區,,,,無年齡維度,0.0,男,遷出,福建省,0
112,2,26,平溪區,,,,無年齡維度,0.0,女,遷出,臺中市,2
112,2,26,平溪區,,,,無年齡維度,0.0,男,遷出,臺中市,0
112,2,26,平溪區,,,,無年齡維度,0.0,女,遷出,臺北市,5
112,2,26,平溪區,,,,無年齡維度,0.0,男,遷出,臺北市,2
112,2,26,平溪區,,,,無年齡維度,0.0,女,遷出,臺南市,0
112,2,26,平溪區,,,,無年齡維度,0.0,男,遷出,臺南市,0
112,2,26,平溪區,,,,無年齡維度,0.0,女,遷出,臺灣省,5
112,2,26,平溪區,,,,無年齡維度,0.0,男,遷出,臺灣省,8
112,2,26,平溪區,,,,無年齡維度,0.0,女,遷出,高雄市,0
112,2,26,平溪區,,,,無年齡維度,0.0,男,遷出,高雄市,0
112,2,27,雙溪區,,,,無年齡維度,0.0,女,遷入,migrants,17
112,2,27,雙溪區,,,,無年齡維度,0.0,男,遷入,migrants,9
112,2,27,雙溪區,,,,無年齡維度,0.0,女,遷入,other,0
112,2,27,雙溪區,,,,無年齡維度,0.0,男,遷入,other,0
112,2,27,雙溪區,,,,無年齡維度,0.0,女,遷入,其他縣市,0
112,2,27,雙溪區,,,,無年齡維度,0.0,男,遷入,其他縣市,0
112,2,27,雙溪區,,,,無年齡維度,0.0,女,遷入,其他鄉鎮,13
112,2,27,雙溪區,,,,無年齡維度,0.0,男,遷入,其他鄉鎮,2
112,2,27,雙溪區,,,,無年齡維度,0.0,女,遷入,合計,34
112,2,27,雙溪區,,,,無年齡維度,0.0,男,遷入,合計,15
112,2,27,雙溪區,,,,無年齡維度,0.0,女,遷入,國外,6
112,2,27,雙溪區,,,,無年齡維度,0.0,男,遷入,國外,2
112,2,27,雙溪區,,,,無年齡維度,0.0,女,遷入,新北市內,0
112,2,27,雙溪區,,,,無年齡維度,0.0,男,遷入,新北市內,0
112,2,27,雙溪區,,,,無年齡維度,0.0,女,遷入,桃園市,1
112,2,27,雙溪區,,,,無年齡維度,0.0,男,遷入,桃園市,3
112,2,27,雙溪區,,,,無年齡維度,0.0,女,遷入,福建省,0
112,2,27,雙溪區,,,,無年齡維度,0.0,男,遷入,福建省,0
112,2,27,雙溪區,,,,無年齡維度,0.0,女,遷入,臺中市,1
112,2,27,雙溪區,,,,無年齡維度,0.0,男,遷入,臺中市,1
112,2,27,雙溪區,,,,無年齡維度,0.0,女,遷入,臺北市,9
112,2,27,雙溪區,,,,無年齡維度,0.0,男,遷入,臺北市,2
112,2,27,雙溪區,,,,無年齡維度,0.0,女,遷入,臺南市,0
112,2,27,雙溪區,,,,無年齡維度,0.0,男,遷入,臺南市,0
112,2,27,雙溪區,,,,無年齡維度,0.0,女,遷入,臺灣省,3
112,2,27,雙溪區,,,,無年齡維度,0.0,男,遷入,臺灣省,5
112,2,27,雙溪區,,,,無年齡維度,0.0,女,遷入,高雄市,0
112,2,27,雙溪區,,,,無年齡維度,0.0,男,遷入,高雄市,0
112,2,27,雙溪區,,,,無年齡維度,0.0,女,遷出,migrants,17
112,2,27,雙溪區,,,,無年齡維度,0.0,男,遷出,migrants,9
112,2,27,雙溪區,,,,無年齡維度,0.0,女,遷出,other,0
112,2,27,雙溪區,,,,無年齡維度,0.0,男,遷出,other,0
112,2,27,雙溪區,,,,無年齡維度,0.0,女,遷出,其他縣市,0
112,2,27,雙溪區,,,,無年齡維度,0.0,男,遷出,其他縣市,0
112,2,27,雙溪區,,,,無年齡維度,0.0,女,遷出,其他鄉鎮,9
112,2,27,雙溪區,,,,無年齡維度,0.0,男,遷出,其他鄉鎮,15
112,2,27,雙溪區,,,,無年齡維度,0.0,女,遷出,合計,31
112,2,27,雙溪區,,,,無年齡維度,0.0,男,遷出,合計,30
112,2,27,雙溪區,,,,無年齡維度,0.0,女,遷出,國外,0
112,2,27,雙溪區,,,,無年齡維度,0.0,男,遷出,國外,0
112,2,27,雙溪區,,,,無年齡維度,0.0,女,遷出,新北市內,0
112,2,27,雙溪區,,,,無年齡維度,0.0,男,遷出,新北市內,0
112,2,27,雙溪區,,,,無年齡維度,0.0,女,遷出,桃園市,4
112,2,27,雙溪區,,,,無年齡維度,0.0,男,遷出,桃園市,1
112,2,27,雙溪區,,,,無年齡維度,0.0,女,遷出,福建省,0
112,2,27,雙溪區,,,,無年齡維度,0.0,男,遷出,福建省,1
112,2,27,雙溪區,,,,無年齡維度,0.0,女,遷出,臺中市,0
112,2,27,雙溪區,,,,無年齡維度,0.0,男,遷出,臺中市,0
112,2,27,雙溪區,,,,無年齡維度,0.0,女,遷出,臺北市,0
112,2,27,雙溪區,,,,無年齡維度,0.0,男,遷出,臺北市,1
112,2,27,雙溪區,,,,無年齡維度,0.0,女,遷出,臺南市,1
112,2,27,雙溪區,,,,無年齡維度,0.0,男,遷出,臺南市,0
112,2,27,雙溪區,,,,無年齡維度,0.0,女,遷出,臺灣省,17
112,2,27,雙溪區,,,,無年齡維度,0.0,男,遷出,臺灣省,12
112,2,27,雙溪區,,,,無年齡維度,0.0,女,遷出,高雄市,0
112,2,27,雙溪區,,,,無年齡維度,0.0,男,遷出,高雄市,0
112,2,28,貢寮區,,,,無年齡維度,0.0,女,遷入,migrants,6
112,2,28,貢寮區,,,,無年齡維度,0.0,男,遷入,migrants,8
112,2,28,貢寮區,,,,無年齡維度,0.0,女,遷入,other,0
112,2,28,貢寮區,,,,無年齡維度,0.0,男,遷入,other,0
112,2,28,貢寮區,,,,無年齡維度,0.0,女,遷入,其他縣市,0
112,2,28,貢寮區,,,,無年齡維度,0.0,男,遷入,其他縣市,0
112,2,28,貢寮區,,,,無年齡維度,0.0,女,遷入,其他鄉鎮,8
112,2,28,貢寮區,,,,無年齡維度,0.0,男,遷入,其他鄉鎮,10
112,2,28,貢寮區,,,,無年齡維度,0.0,女,遷入,合計,30
112,2,28,貢寮區,,,,無年齡維度,0.0,男,遷入,合計,28
112,2,28,貢寮區,,,,無年齡維度,0.0,女,遷入,國外,7
112,2,28,貢寮區,,,,無年齡維度,0.0,男,遷入,國外,6
112,2,28,貢寮區,,,,無年齡維度,0.0,女,遷入,新北市內,0
112,2,28,貢寮區,,,,無年齡維度,0.0,男,遷入,新北市內,0
112,2,28,貢寮區,,,,無年齡維度,0.0,女,遷入,桃園市,1
112,2,28,貢寮區,,,,無年齡維度,0.0,男,遷入,桃園市,2
112,2,28,貢寮區,,,,無年齡維度,0.0,女,遷入,福建省,0
112,2,28,貢寮區,,,,無年齡維度,0.0,男,遷入,福建省,0
112,2,28,貢寮區,,,,無年齡維度,0.0,女,遷入,臺中市,1
112,2,28,貢寮區,,,,無年齡維度,0.0,男,遷入,臺中市,0
112,2,28,貢寮區,,,,無年齡維度,0.0,女,遷入,臺北市,1
112,2,28,貢寮區,,,,無年齡維度,0.0,男,遷入,臺北市,1
112,2,28,貢寮區,,,,無年齡維度,0.0,女,遷入,臺南市,0
112,2,28,貢寮區,,,,無年齡維度,0.0,男,遷入,臺南市,0
112,2,28,貢寮區,,,,無年齡維度,0.0,女,遷入,臺灣省,11
112,2,28,貢寮區,,,,無年齡維度,0.0,男,遷入,臺灣省,9
112,2,28,貢寮區,,,,無年齡維度,0.0,女,遷入,高雄市,0
112,2,28,貢寮區,,,,無年齡維度,0.0,男,遷入,高雄市,0
112,2,28,貢寮區,,,,無年齡維度,0.0,女,遷出,migrants,6
112,2,28,貢寮區,,,,無年齡維度,0.0,男,遷出,migrants,8
112,2,28,貢寮區,,,,無年齡維度,0.0,女,遷出,other,0
112,2,28,貢寮區,,,,無年齡維度,0.0,男,遷出,other,0
112,2,28,貢寮區,,,,無年齡維度,0.0,女,遷出,其他縣市,0
112,2,28,貢寮區,,,,無年齡維度,0.0,男,遷出,其他縣市,0
112,2,28,貢寮區,,,,無年齡維度,0.0,女,遷出,其他鄉鎮,10
112,2,28,貢寮區,,,,無年齡維度,0.0,男,遷出,其他鄉鎮,9
112,2,28,貢寮區,,,,無年齡維度,0.0,女,遷出,合計,49
112,2,28,貢寮區,,,,無年齡維度,0.0,男,遷出,合計,39
112,2,28,貢寮區,,,,無年齡維度,0.0,女,遷出,國外,1
112,2,28,貢寮區,,,,無年齡維度,0.0,男,遷出,國外,0
112,2,28,貢寮區,,,,無年齡維度,0.0,女,遷出,新北市內,0
112,2,28,貢寮區,,,,無年齡維度,0.0,男,遷出,新北市內,0
112,2,28,貢寮區,,,,無年齡維度,0.0,女,遷出,桃園市,4
112,2,28,貢寮區,,,,無年齡維度,0.0,男,遷出,桃園市,1
112,2,28,貢寮區,,,,無年齡維度,0.0,女,遷出,福建省,0
112,2,28,貢寮區,,,,無年齡維度,0.0,男,遷出,福建省,0
112,2,28,貢寮區,,,,無年齡維度,0.0,女,遷出,臺中市,2
112,2,28,貢寮區,,,,無年齡維度,0.0,男,遷出,臺中市,0
112,2,28,貢寮區,,,,無年齡維度,0.0,女,遷出,臺北市,8
112,2,28,貢寮區,,,,無年齡維度,0.0,男,遷出,臺北市,4
112,2,28,貢寮區,,,,無年齡維度,0.0,女,遷出,臺南市,1
112,2,28,貢寮區,,,,無年齡維度,0.0,男,遷出,臺南市,1
112,2,28,貢寮區,,,,無年齡維度,0.0,女,遷出,臺灣省,22
112,2,28,貢寮區,,,,無年齡維度,0.0,男,遷出,臺灣省,22
112,2,28,貢寮區,,,,無年齡維度,0.0,女,遷出,高雄市,1
112,2,28,貢寮區,,,,無年齡維度,0.0,男,遷出,高雄市,2
112,2,29,烏來區,,,,無年齡維度,0.0,女,遷入,migrants,19
112,2,29,烏來區,,,,無年齡維度,0.0,男,遷入,migrants,10
112,2,29,烏來區,,,,無年齡維度,0.0,女,遷入,other,0
112,2,29,烏來區,,,,無年齡維度,0.0,男,遷入,other,0
112,2,29,烏來區,,,,無年齡維度,0.0,女,遷入,其他縣市,0
112,2,29,烏來區,,,,無年齡維度,0.0,男,遷入,其他縣市,0
112,2,29,烏來區,,,,無年齡維度,0.0,女,遷入,其他鄉鎮,8
112,2,29,烏來區,,,,無年齡維度,0.0,男,遷入,其他鄉鎮,3
112,2,29,烏來區,,,,無年齡維度,0.0,女,遷入,合計,14
112,2,29,烏來區,,,,無年齡維度,0.0,男,遷入,合計,6
112,2,29,烏來區,,,,無年齡維度,0.0,女,遷入,國外,5
112,2,29,烏來區,,,,無年齡維度,0.0,男,遷入,國外,1
112,2,29,烏來區,,,,無年齡維度,0.0,女,遷入,新北市內,0
112,2,29,烏來區,,,,無年齡維度,0.0,男,遷入,新北市內,0
112,2,29,烏來區,,,,無年齡維度,0.0,女,遷入,桃園市,1
112,2,29,烏來區,,,,無年齡維度,0.0,男,遷入,桃園市,0
112,2,29,烏來區,,,,無年齡維度,0.0,女,遷入,福建省,0
112,2,29,烏來區,,,,無年齡維度,0.0,男,遷入,福建省,0
112,2,29,烏來區,,,,無年齡維度,0.0,女,遷入,臺中市,0
112,2,29,烏來區,,,,無年齡維度,0.0,男,遷入,臺中市,0
112,2,29,烏來區,,,,無年齡維度,0.0,女,遷入,臺北市,0
112,2,29,烏來區,,,,無年齡維度,0.0,男,遷入,臺北市,1
112,2,29,烏來區,,,,無年齡維度,0.0,女,遷入,臺南市,0
112,2,29,烏來區,,,,無年齡維度,0.0,男,遷入,臺南市,0
112,2,29,烏來區,,,,無年齡維度,0.0,女,遷入,臺灣省,0
112,2,29,烏來區,,,,無年齡維度,0.0,男,遷入,臺灣省,1
112,2,29,烏來區,,,,無年齡維度,0.0,女,遷入,高雄市,0
112,2,29,烏來區,,,,無年齡維度,0.0,男,遷入,高雄市,0
112,2,29,烏來區,,,,無年齡維度,0.0,女,遷出,migrants,19
112,2,29,烏來區,,,,無年齡維度,0.0,男,遷出,migrants,10
112,2,29,烏來區,,,,無年齡維度,0.0,女,遷出,other,0
112,2,29,烏來區,,,,無年齡維度,0.0,男,遷出,other,0
112,2,29,烏來區,,,,無年齡維度,0.0,女,遷出,其他縣市,0
112,2,29,烏來區,,,,無年齡維度,0.0,男,遷出,其他縣市,0
112,2,29,烏來區,,,,無年齡維度,0.0,女,遷出,其他鄉鎮,10
112,2,29,烏來區,,,,無年齡維度,0.0,男,遷出,其他鄉鎮,22
112,2,29,烏來區,,,,無年齡維度,0.0,女,遷出,合計,17
112,2,29,烏來區,,,,無年齡維度,0.0,男,遷出,合計,28
112,2,29,烏來區,,,,無年齡維度,0.0,女,遷出,國外,0
112,2,29,烏來區,,,,無年齡維度,0.0,男,遷出,國外,0
112,2,29,烏來區,,,,無年齡維度,0.0,女,遷出,新北市內,0
112,2,29,烏來區,,,,無年齡維度,0.0,男,遷出,新北市內,0
112,2,29,烏來區,,,,無年齡維度,0.0,女,遷出,桃園市,2
112,2,29,烏來區,,,,無年齡維度,0.0,男,遷出,桃園市,0
112,2,29,烏來區,,,,無年齡維度,0.0,女,遷出,福建省,0
112,2,29,烏來區,,,,無年齡維度,0.0,男,遷出,福建省,0
112,2,29,烏來區,,,,無年齡維度,0.0,女,遷出,臺中市,0
112,2,29,烏來區,,,,無年齡維度,0.0,男,遷出,臺中市,1
112,2,29,烏來區,,,,無年齡維度,0.0,女,遷出,臺北市,4
112,2,29,烏來區,,,,無年齡維度,0.0,男,遷出,臺北市,4
112,2,29,烏來區,,,,無年齡維度,0.0,女,遷出,臺南市,0
112,2,29,烏來區,,,,無年齡維度,0.0,男,遷出,臺南市,0
112,2,29,烏來區,,,,無年齡維度,0.0,女,遷出,臺灣省,1
112,2,29,烏來區,,,,無年齡維度,0.0,男,遷出,臺灣省,1
112,2,29,烏來區,,,,無年齡維度,0.0,女,遷出,高雄市,0
112,2,29,烏來區,,,,無年齡維度,0.0,男,遷出,高雄市,0
112,3,1,板橋區,,,,無年齡維度,0.0,女,遷入,migrants,866
112,3,1,板橋區,,,,無年齡維度,0.0,男,遷入,migrants,709
112,3,1,板橋區,,,,無年齡維度,0.0,女,遷入,other,0
112,3,1,板橋區,,,,無年齡維度,0.0,男,遷入,other,0
112,3,1,板橋區,,,,無年齡維度,0.0,女,遷入,其他縣市,0
112,3,1,板橋區,,,,無年齡維度,0.0,男,遷入,其他縣市,0
112,3,1,板橋區,,,,無年齡維度,0.0,女,遷入,其他鄉鎮,424
112,3,1,板橋區,,,,無年齡維度,0.0,男,遷入,其他鄉鎮,400
112,3,1,板橋區,,,,無年齡維度,0.0,女,遷入,合計,1370
112,3,1,板橋區,,,,無年齡維度,0.0,男,遷入,合計,1268
112,3,1,板橋區,,,,無年齡維度,0.0,女,遷入,國外,378
112,3,1,板橋區,,,,無年齡維度,0.0,男,遷入,國外,360
112,3,1,板橋區,,,,無年齡維度,0.0,女,遷入,新北市內,0
112,3,1,板橋區,,,,無年齡維度,0.0,男,遷入,新北市內,0
112,3,1,板橋區,,,,無年齡維度,0.0,女,遷入,桃園市,71
112,3,1,板橋區,,,,無年齡維度,0.0,男,遷入,桃園市,72
112,3,1,板橋區,,,,無年齡維度,0.0,女,遷入,福建省,10
112,3,1,板橋區,,,,無年齡維度,0.0,男,遷入,福建省,14
112,3,1,板橋區,,,,無年齡維度,0.0,女,遷入,臺中市,36
112,3,1,板橋區,,,,無年齡維度,0.0,男,遷入,臺中市,24
112,3,1,板橋區,,,,無年齡維度,0.0,女,遷入,臺北市,252
112,3,1,板橋區,,,,無年齡維度,0.0,男,遷入,臺北市,245
112,3,1,板橋區,,,,無年齡維度,0.0,女,遷入,臺南市,17
112,3,1,板橋區,,,,無年齡維度,0.0,男,遷入,臺南市,12
112,3,1,板橋區,,,,無年齡維度,0.0,女,遷入,臺灣省,134
112,3,1,板橋區,,,,無年齡維度,0.0,男,遷入,臺灣省,107
112,3,1,板橋區,,,,無年齡維度,0.0,女,遷入,高雄市,27
112,3,1,板橋區,,,,無年齡維度,0.0,男,遷入,高雄市,24
112,3,1,板橋區,,,,無年齡維度,0.0,女,遷出,migrants,866
112,3,1,板橋區,,,,無年齡維度,0.0,男,遷出,migrants,709
112,3,1,板橋區,,,,無年齡維度,0.0,女,遷出,other,0
112,3,1,板橋區,,,,無年齡維度,0.0,男,遷出,other,0
112,3,1,板橋區,,,,無年齡維度,0.0,女,遷出,其他縣市,0
112,3,1,板橋區,,,,無年齡維度,0.0,男,遷出,其他縣市,0
112,3,1,板橋區,,,,無年齡維度,0.0,女,遷出,其他鄉鎮,470
112,3,1,板橋區,,,,無年齡維度,0.0,男,遷出,其他鄉鎮,394
112,3,1,板橋區,,,,無年齡維度,0.0,女,遷出,合計,1021
112,3,1,板橋區,,,,無年齡維度,0.0,男,遷出,合計,902
112,3,1,板橋區,,,,無年齡維度,0.0,女,遷出,國外,33
112,3,1,板橋區,,,,無年齡維度,0.0,男,遷出,國外,44
112,3,1,板橋區,,,,無年齡維度,0.0,女,遷出,新北市內,0
112,3,1,板橋區,,,,無年齡維度,0.0,男,遷出,新北市內,0
112,3,1,板橋區,,,,無年齡維度,0.0,女,遷出,桃園市,118
112,3,1,板橋區,,,,無年齡維度,0.0,男,遷出,桃園市,114
112,3,1,板橋區,,,,無年齡維度,0.0,女,遷出,福建省,7
112,3,1,板橋區,,,,無年齡維度,0.0,男,遷出,福建省,14
112,3,1,板橋區,,,,無年齡維度,0.0,女,遷出,臺中市,36
112,3,1,板橋區,,,,無年齡維度,0.0,男,遷出,臺中市,33
112,3,1,板橋區,,,,無年齡維度,0.0,女,遷出,臺北市,178
112,3,1,板橋區,,,,無年齡維度,0.0,男,遷出,臺北市,147
112,3,1,板橋區,,,,無年齡維度,0.0,女,遷出,臺南市,18
112,3,1,板橋區,,,,無年齡維度,0.0,男,遷出,臺南市,16
112,3,1,板橋區,,,,無年齡維度,0.0,女,遷出,臺灣省,131
112,3,1,板橋區,,,,無年齡維度,0.0,男,遷出,臺灣省,116
112,3,1,板橋區,,,,無年齡維度,0.0,女,遷出,高雄市,30
112,3,1,板橋區,,,,無年齡維度,0.0,男,遷出,高雄市,24
112,3,2,三重區,,,,無年齡維度,0.0,女,遷入,migrants,582
112,3,2,三重區,,,,無年齡維度,0.0,男,遷入,migrants,565
112,3,2,三重區,,,,無年齡維度,0.0,女,遷入,other,0
112,3,2,三重區,,,,無年齡維度,0.0,男,遷入,other,0
112,3,2,三重區,,,,無年齡維度,0.0,女,遷入,其他縣市,0
112,3,2,三重區,,,,無年齡維度,0.0,男,遷入,其他縣市,0
112,3,2,三重區,,,,無年齡維度,0.0,女,遷入,其他鄉鎮,274
112,3,2,三重區,,,,無年齡維度,0.0,男,遷入,其他鄉鎮,212
112,3,2,三重區,,,,無年齡維度,0.0,女,遷入,合計,992
112,3,2,三重區,,,,無年齡維度,0.0,男,遷入,合計,889
112,3,2,三重區,,,,無年齡維度,0.0,女,遷入,國外,278
112,3,2,三重區,,,,無年齡維度,0.0,男,遷入,國外,245
112,3,2,三重區,,,,無年齡維度,0.0,女,遷入,新北市內,0
112,3,2,三重區,,,,無年齡維度,0.0,男,遷入,新北市內,0
112,3,2,三重區,,,,無年齡維度,0.0,女,遷入,桃園市,57
112,3,2,三重區,,,,無年齡維度,0.0,男,遷入,桃園市,53
112,3,2,三重區,,,,無年齡維度,0.0,女,遷入,福建省,5
112,3,2,三重區,,,,無年齡維度,0.0,男,遷入,福建省,4
112,3,2,三重區,,,,無年齡維度,0.0,女,遷入,臺中市,20
112,3,2,三重區,,,,無年齡維度,0.0,男,遷入,臺中市,8
112,3,2,三重區,,,,無年齡維度,0.0,女,遷入,臺北市,241
112,3,2,三重區,,,,無年齡維度,0.0,男,遷入,臺北市,263
112,3,2,三重區,,,,無年齡維度,0.0,女,遷入,臺南市,15
112,3,2,三重區,,,,無年齡維度,0.0,男,遷入,臺南市,6
112,3,2,三重區,,,,無年齡維度,0.0,女,遷入,臺灣省,71
112,3,2,三重區,,,,無年齡維度,0.0,男,遷入,臺灣省,75
112,3,2,三重區,,,,無年齡維度,0.0,女,遷入,高雄市,11
112,3,2,三重區,,,,無年齡維度,0.0,男,遷入,高雄市,15
112,3,2,三重區,,,,無年齡維度,0.0,女,遷出,migrants,582
112,3,2,三重區,,,,無年齡維度,0.0,男,遷出,migrants,565
112,3,2,三重區,,,,無年齡維度,0.0,女,遷出,other,0
112,3,2,三重區,,,,無年齡維度,0.0,男,遷出,other,0
112,3,2,三重區,,,,無年齡維度,0.0,女,遷出,其他縣市,0
112,3,2,三重區,,,,無年齡維度,0.0,男,遷出,其他縣市,0
112,3,2,三重區,,,,無年齡維度,0.0,女,遷出,其他鄉鎮,297
112,3,2,三重區,,,,無年齡維度,0.0,男,遷出,其他鄉鎮,246
112,3,2,三重區,,,,無年齡維度,0.0,女,遷出,合計,789
112,3,2,三重區,,,,無年齡維度,0.0,男,遷出,合計,669
112,3,2,三重區,,,,無年齡維度,0.0,女,遷出,國外,27
112,3,2,三重區,,,,無年齡維度,0.0,男,遷出,國外,27
112,3,2,三重區,,,,無年齡維度,0.0,女,遷出,新北市內,0
112,3,2,三重區,,,,無年齡維度,0.0,男,遷出,新北市內,0
112,3,2,三重區,,,,無年齡維度,0.0,女,遷出,桃園市,71
112,3,2,三重區,,,,無年齡維度,0.0,男,遷出,桃園市,69
112,3,2,三重區,,,,無年齡維度,0.0,女,遷出,福建省,5
112,3,2,三重區,,,,無年齡維度,0.0,男,遷出,福建省,7
112,3,2,三重區,,,,無年齡維度,0.0,女,遷出,臺中市,21
112,3,2,三重區,,,,無年齡維度,0.0,男,遷出,臺中市,20
112,3,2,三重區,,,,無年齡維度,0.0,女,遷出,臺北市,244
112,3,2,三重區,,,,無年齡維度,0.0,男,遷出,臺北市,205
112,3,2,三重區,,,,無年齡維度,0.0,女,遷出,臺南市,9
112,3,2,三重區,,,,無年齡維度,0.0,男,遷出,臺南市,10
112,3,2,三重區,,,,無年齡維度,0.0,女,遷出,臺灣省,102
112,3,2,三重區,,,,無年齡維度,0.0,男,遷出,臺灣省,78
112,3,2,三重區,,,,無年齡維度,0.0,女,遷出,高雄市,12
112,3,2,三重區,,,,無年齡維度,0.0,男,遷出,高雄市,7
112,3,3,中和區,,,,無年齡維度,0.0,女,遷入,migrants,488
112,3,3,中和區,,,,無年齡維度,0.0,男,遷入,migrants,427
112,3,3,中和區,,,,無年齡維度,0.0,女,遷入,other,0
112,3,3,中和區,,,,無年齡維度,0.0,男,遷入,other,0
112,3,3,中和區,,,,無年齡維度,0.0,女,遷入,其他縣市,0
112,3,3,中和區,,,,無年齡維度,0.0,男,遷入,其他縣市,0
112,3,3,中和區,,,,無年齡維度,0.0,女,遷入,其他鄉鎮,383
112,3,3,中和區,,,,無年齡維度,0.0,男,遷入,其他鄉鎮,347
112,3,3,中和區,,,,無年齡維度,0.0,女,遷入,合計,1261
112,3,3,中和區,,,,無年齡維度,0.0,男,遷入,合計,1097
112,3,3,中和區,,,,無年齡維度,0.0,女,遷入,國外,467
112,3,3,中和區,,,,無年齡維度,0.0,男,遷入,國外,402
112,3,3,中和區,,,,無年齡維度,0.0,女,遷入,新北市內,0
112,3,3,中和區,,,,無年齡維度,0.0,男,遷入,新北市內,0
112,3,3,中和區,,,,無年齡維度,0.0,女,遷入,桃園市,53
112,3,3,中和區,,,,無年齡維度,0.0,男,遷入,桃園市,36
112,3,3,中和區,,,,無年齡維度,0.0,女,遷入,福建省,13
112,3,3,中和區,,,,無年齡維度,0.0,男,遷入,福建省,12
112,3,3,中和區,,,,無年齡維度,0.0,女,遷入,臺中市,13
112,3,3,中和區,,,,無年齡維度,0.0,男,遷入,臺中市,13
112,3,3,中和區,,,,無年齡維度,0.0,女,遷入,臺北市,197
112,3,3,中和區,,,,無年齡維度,0.0,男,遷入,臺北市,167
112,3,3,中和區,,,,無年齡維度,0.0,女,遷入,臺南市,12
112,3,3,中和區,,,,無年齡維度,0.0,男,遷入,臺南市,5
112,3,3,中和區,,,,無年齡維度,0.0,女,遷入,臺灣省,81
112,3,3,中和區,,,,無年齡維度,0.0,男,遷入,臺灣省,80
112,3,3,中和區,,,,無年齡維度,0.0,女,遷入,高雄市,21
112,3,3,中和區,,,,無年齡維度,0.0,男,遷入,高雄市,14
112,3,3,中和區,,,,無年齡維度,0.0,女,遷出,migrants,488
112,3,3,中和區,,,,無年齡維度,0.0,男,遷出,migrants,427
112,3,3,中和區,,,,無年齡維度,0.0,女,遷出,other,0
112,3,3,中和區,,,,無年齡維度,0.0,男,遷出,other,0
112,3,3,中和區,,,,無年齡維度,0.0,女,遷出,其他縣市,0
112,3,3,中和區,,,,無年齡維度,0.0,男,遷出,其他縣市,0
112,3,3,中和區,,,,無年齡維度,0.0,女,遷出,其他鄉鎮,468
112,3,3,中和區,,,,無年齡維度,0.0,男,遷出,其他鄉鎮,354
112,3,3,中和區,,,,無年齡維度,0.0,女,遷出,合計,890
112,3,3,中和區,,,,無年齡維度,0.0,男,遷出,合計,724
112,3,3,中和區,,,,無年齡維度,0.0,女,遷出,國外,37
112,3,3,中和區,,,,無年齡維度,0.0,男,遷出,國外,33
112,3,3,中和區,,,,無年齡維度,0.0,女,遷出,新北市內,0
112,3,3,中和區,,,,無年齡維度,0.0,男,遷出,新北市內,0
112,3,3,中和區,,,,無年齡維度,0.0,女,遷出,桃園市,96
112,3,3,中和區,,,,無年齡維度,0.0,男,遷出,桃園市,64
112,3,3,中和區,,,,無年齡維度,0.0,女,遷出,福建省,9
112,3,3,中和區,,,,無年齡維度,0.0,男,遷出,福建省,18
112,3,3,中和區,,,,無年齡維度,0.0,女,遷出,臺中市,29
112,3,3,中和區,,,,無年齡維度,0.0,男,遷出,臺中市,19
112,3,3,中和區,,,,無年齡維度,0.0,女,遷出,臺北市,153
112,3,3,中和區,,,,無年齡維度,0.0,男,遷出,臺北市,116
112,3,3,中和區,,,,無年齡維度,0.0,女,遷出,臺南市,13
112,3,3,中和區,,,,無年齡維度,0.0,男,遷出,臺南市,20
112,3,3,中和區,,,,無年齡維度,0.0,女,遷出,臺灣省,69
112,3,3,中和區,,,,無年齡維度,0.0,男,遷出,臺灣省,88
112,3,3,中和區,,,,無年齡維度,0.0,女,遷出,高雄市,15
112,3,3,中和區,,,,無年齡維度,0.0,男,遷出,高雄市,12
112,3,4,永和區,,,,無年齡維度,0.0,女,遷入,migrants,220
112,3,4,永和區,,,,無年齡維度,0.0,男,遷入,migrants,190
112,3,4,永和區,,,,無年齡維度,0.0,女,遷入,other,0
112,3,4,永和區,,,,無年齡維度,0.0,男,遷入,other,0
112,3,4,永和區,,,,無年齡維度,0.0,女,遷入,其他縣市,0
112,3,4,永和區,,,,無年齡維度,0.0,男,遷入,其他縣市,0
112,3,4,永和區,,,,無年齡維度,0.0,女,遷入,其他鄉鎮,224
112,3,4,永和區,,,,無年齡維度,0.0,男,遷入,其他鄉鎮,167
112,3,4,永和區,,,,無年齡維度,0.0,女,遷入,合計,850
112,3,4,永和區,,,,無年齡維度,0.0,男,遷入,合計,683
112,3,4,永和區,,,,無年齡維度,0.0,女,遷入,國外,376
112,3,4,永和區,,,,無年齡維度,0.0,男,遷入,國外,296
112,3,4,永和區,,,,無年齡維度,0.0,女,遷入,新北市內,0
112,3,4,永和區,,,,無年齡維度,0.0,男,遷入,新北市內,0
112,3,4,永和區,,,,無年齡維度,0.0,女,遷入,桃園市,23
112,3,4,永和區,,,,無年齡維度,0.0,男,遷入,桃園市,18
112,3,4,永和區,,,,無年齡維度,0.0,女,遷入,福建省,7
112,3,4,永和區,,,,無年齡維度,0.0,男,遷入,福建省,5
112,3,4,永和區,,,,無年齡維度,0.0,女,遷入,臺中市,13
112,3,4,永和區,,,,無年齡維度,0.0,男,遷入,臺中市,9
112,3,4,永和區,,,,無年齡維度,0.0,女,遷入,臺北市,143
112,3,4,永和區,,,,無年齡維度,0.0,男,遷入,臺北市,132
112,3,4,永和區,,,,無年齡維度,0.0,女,遷入,臺南市,13
112,3,4,永和區,,,,無年齡維度,0.0,男,遷入,臺南市,8
112,3,4,永和區,,,,無年齡維度,0.0,女,遷入,臺灣省,31
112,3,4,永和區,,,,無年齡維度,0.0,男,遷入,臺灣省,31
112,3,4,永和區,,,,無年齡維度,0.0,女,遷入,高雄市,9
112,3,4,永和區,,,,無年齡維度,0.0,男,遷入,高雄市,9
112,3,4,永和區,,,,無年齡維度,0.0,女,遷出,migrants,220
112,3,4,永和區,,,,無年齡維度,0.0,男,遷出,migrants,190
112,3,4,永和區,,,,無年齡維度,0.0,女,遷出,other,0
112,3,4,永和區,,,,無年齡維度,0.0,男,遷出,other,0
112,3,4,永和區,,,,無年齡維度,0.0,女,遷出,其他縣市,0
112,3,4,永和區,,,,無年齡維度,0.0,男,遷出,其他縣市,0
112,3,4,永和區,,,,無年齡維度,0.0,女,遷出,其他鄉鎮,222
112,3,4,永和區,,,,無年齡維度,0.0,男,遷出,其他鄉鎮,231
112,3,4,永和區,,,,無年齡維度,0.0,女,遷出,合計,483
112,3,4,永和區,,,,無年齡維度,0.0,男,遷出,合計,458
112,3,4,永和區,,,,無年齡維度,0.0,女,遷出,國外,40
112,3,4,永和區,,,,無年齡維度,0.0,男,遷出,國外,30
112,3,4,永和區,,,,無年齡維度,0.0,女,遷出,新北市內,0
112,3,4,永和區,,,,無年齡維度,0.0,男,遷出,新北市內,0
112,3,4,永和區,,,,無年齡維度,0.0,女,遷出,桃園市,34
112,3,4,永和區,,,,無年齡維度,0.0,男,遷出,桃園市,39
112,3,4,永和區,,,,無年齡維度,0.0,女,遷出,福建省,8
112,3,4,永和區,,,,無年齡維度,0.0,男,遷出,福建省,2
112,3,4,永和區,,,,無年齡維度,0.0,女,遷出,臺中市,15
112,3,4,永和區,,,,無年齡維度,0.0,男,遷出,臺中市,10
112,3,4,永和區,,,,無年齡維度,0.0,女,遷出,臺北市,112
112,3,4,永和區,,,,無年齡維度,0.0,男,遷出,臺北市,86
112,3,4,永和區,,,,無年齡維度,0.0,女,遷出,臺南市,6
112,3,4,永和區,,,,無年齡維度,0.0,男,遷出,臺南市,4
112,3,4,永和區,,,,無年齡維度,0.0,女,遷出,臺灣省,39
112,3,4,永和區,,,,無年齡維度,0.0,男,遷出,臺灣省,43
112,3,4,永和區,,,,無年齡維度,0.0,女,遷出,高雄市,6
112,3,4,永和區,,,,無年齡維度,0.0,男,遷出,高雄市,12
112,3,5,新莊區,,,,無年齡維度,0.0,女,遷入,migrants,796
112,3,5,新莊區,,,,無年齡維度,0.0,男,遷入,migrants,614
112,3,5,新莊區,,,,無年齡維度,0.0,女,遷入,other,0
112,3,5,新莊區,,,,無年齡維度,0.0,男,遷入,other,0
112,3,5,新莊區,,,,無年齡維度,0.0,女,遷入,其他縣市,0
112,3,5,新莊區,,,,無年齡維度,0.0,男,遷入,其他縣市,0
112,3,5,新莊區,,,,無年齡維度,0.0,女,遷入,其他鄉鎮,342
112,3,5,新莊區,,,,無年齡維度,0.0,男,遷入,其他鄉鎮,264
112,3,5,新莊區,,,,無年齡維度,0.0,女,遷入,合計,987
112,3,5,新莊區,,,,無年齡維度,0.0,男,遷入,合計,908
112,3,5,新莊區,,,,無年齡維度,0.0,女,遷入,國外,220
112,3,5,新莊區,,,,無年齡維度,0.0,男,遷入,國外,235
112,3,5,新莊區,,,,無年齡維度,0.0,女,遷入,新北市內,0
112,3,5,新莊區,,,,無年齡維度,0.0,男,遷入,新北市內,0
112,3,5,新莊區,,,,無年齡維度,0.0,女,遷入,桃園市,84
112,3,5,新莊區,,,,無年齡維度,0.0,男,遷入,桃園市,74
112,3,5,新莊區,,,,無年齡維度,0.0,女,遷入,福建省,4
112,3,5,新莊區,,,,無年齡維度,0.0,男,遷入,福建省,5
112,3,5,新莊區,,,,無年齡維度,0.0,女,遷入,臺中市,20
112,3,5,新莊區,,,,無年齡維度,0.0,男,遷入,臺中市,19
112,3,5,新莊區,,,,無年齡維度,0.0,女,遷入,臺北市,169
112,3,5,新莊區,,,,無年齡維度,0.0,男,遷入,臺北市,169
112,3,5,新莊區,,,,無年齡維度,0.0,女,遷入,臺南市,5
112,3,5,新莊區,,,,無年齡維度,0.0,男,遷入,臺南市,15
112,3,5,新莊區,,,,無年齡維度,0.0,女,遷入,臺灣省,105
112,3,5,新莊區,,,,無年齡維度,0.0,男,遷入,臺灣省,101
112,3,5,新莊區,,,,無年齡維度,0.0,女,遷入,高雄市,22
112,3,5,新莊區,,,,無年齡維度,0.0,男,遷入,高雄市,12
112,3,5,新莊區,,,,無年齡維度,0.0,女,遷出,migrants,796
112,3,5,新莊區,,,,無年齡維度,0.0,男,遷出,migrants,614
112,3,5,新莊區,,,,無年齡維度,0.0,女,遷出,other,0
112,3,5,新莊區,,,,無年齡維度,0.0,男,遷出,other,0
112,3,5,新莊區,,,,無年齡維度,0.0,女,遷出,其他縣市,0
112,3,5,新莊區,,,,無年齡維度,0.0,男,遷出,其他縣市,0
112,3,5,新莊區,,,,無年齡維度,0.0,女,遷出,其他鄉鎮,307
112,3,5,新莊區,,,,無年齡維度,0.0,男,遷出,其他鄉鎮,264
112,3,5,新莊區,,,,無年齡維度,0.0,女,遷出,合計,782
112,3,5,新莊區,,,,無年齡維度,0.0,男,遷出,合計,680
112,3,5,新莊區,,,,無年齡維度,0.0,女,遷出,國外,24
112,3,5,新莊區,,,,無年齡維度,0.0,男,遷出,國外,36
112,3,5,新莊區,,,,無年齡維度,0.0,女,遷出,新北市內,0
112,3,5,新莊區,,,,無年齡維度,0.0,男,遷出,新北市內,0
112,3,5,新莊區,,,,無年齡維度,0.0,女,遷出,桃園市,131
112,3,5,新莊區,,,,無年齡維度,0.0,男,遷出,桃園市,121
112,3,5,新莊區,,,,無年齡維度,0.0,女,遷出,福建省,6
112,3,5,新莊區,,,,無年齡維度,0.0,男,遷出,福建省,9
112,3,5,新莊區,,,,無年齡維度,0.0,女,遷出,臺中市,21
112,3,5,新莊區,,,,無年齡維度,0.0,男,遷出,臺中市,28
112,3,5,新莊區,,,,無年齡維度,0.0,女,遷出,臺北市,122
112,3,5,新莊區,,,,無年齡維度,0.0,男,遷出,臺北市,86
112,3,5,新莊區,,,,無年齡維度,0.0,女,遷出,臺南市,17
112,3,5,新莊區,,,,無年齡維度,0.0,男,遷出,臺南市,19
112,3,5,新莊區,,,,無年齡維度,0.0,女,遷出,臺灣省,126
112,3,5,新莊區,,,,無年齡維度,0.0,男,遷出,臺灣省,100
112,3,5,新莊區,,,,無年齡維度,0.0,女,遷出,高雄市,27
112,3,5,新莊區,,,,無年齡維度,0.0,男,遷出,高雄市,17
112,3,6,新店區,,,,無年齡維度,0.0,女,遷入,migrants,457
112,3,6,新店區,,,,無年齡維度,0.0,男,遷入,migrants,410
112,3,6,新店區,,,,無年齡維度,0.0,女,遷入,other,0
112,3,6,新店區,,,,無年齡維度,0.0,男,遷入,other,0
112,3,6,新店區,,,,無年齡維度,0.0,女,遷入,其他縣市,0
112,3,6,新店區,,,,無年齡維度,0.0,男,遷入,其他縣市,0
112,3,6,新店區,,,,無年齡維度,0.0,女,遷入,其他鄉鎮,213
112,3,6,新店區,,,,無年齡維度,0.0,男,遷入,其他鄉鎮,163
112,3,6,新店區,,,,無年齡維度,0.0,女,遷入,合計,1149
112,3,6,新店區,,,,無年齡維度,0.0,男,遷入,合計,941
112,3,6,新店區,,,,無年齡維度,0.0,女,遷入,國外,520
112,3,6,新店區,,,,無年齡維度,0.0,男,遷入,國外,391
112,3,6,新店區,,,,無年齡維度,0.0,女,遷入,新北市內,0
112,3,6,新店區,,,,無年齡維度,0.0,男,遷入,新北市內,0
112,3,6,新店區,,,,無年齡維度,0.0,女,遷入,桃園市,36
112,3,6,新店區,,,,無年齡維度,0.0,男,遷入,桃園市,34
112,3,6,新店區,,,,無年齡維度,0.0,女,遷入,福建省,12
112,3,6,新店區,,,,無年齡維度,0.0,男,遷入,福建省,7
112,3,6,新店區,,,,無年齡維度,0.0,女,遷入,臺中市,15
112,3,6,新店區,,,,無年齡維度,0.0,男,遷入,臺中市,10
112,3,6,新店區,,,,無年齡維度,0.0,女,遷入,臺北市,257
112,3,6,新店區,,,,無年齡維度,0.0,男,遷入,臺北市,248
112,3,6,新店區,,,,無年齡維度,0.0,女,遷入,臺南市,6
112,3,6,新店區,,,,無年齡維度,0.0,男,遷入,臺南市,5
112,3,6,新店區,,,,無年齡維度,0.0,女,遷入,臺灣省,66
112,3,6,新店區,,,,無年齡維度,0.0,男,遷入,臺灣省,59
112,3,6,新店區,,,,無年齡維度,0.0,女,遷入,高雄市,12
112,3,6,新店區,,,,無年齡維度,0.0,男,遷入,高雄市,9
112,3,6,新店區,,,,無年齡維度,0.0,女,遷出,migrants,457
112,3,6,新店區,,,,無年齡維度,0.0,男,遷出,migrants,410
112,3,6,新店區,,,,無年齡維度,0.0,女,遷出,other,0
112,3,6,新店區,,,,無年齡維度,0.0,男,遷出,other,0
112,3,6,新店區,,,,無年齡維度,0.0,女,遷出,其他縣市,0
112,3,6,新店區,,,,無年齡維度,0.0,男,遷出,其他縣市,0
112,3,6,新店區,,,,無年齡維度,0.0,女,遷出,其他鄉鎮,212
112,3,6,新店區,,,,無年齡維度,0.0,男,遷出,其他鄉鎮,156
112,3,6,新店區,,,,無年齡維度,0.0,女,遷出,合計,682
112,3,6,新店區,,,,無年齡維度,0.0,男,遷出,合計,562
112,3,6,新店區,,,,無年齡維度,0.0,女,遷出,國外,63
112,3,6,新店區,,,,無年齡維度,0.0,男,遷出,國外,49
112,3,6,新店區,,,,無年齡維度,0.0,女,遷出,新北市內,0
112,3,6,新店區,,,,無年齡維度,0.0,男,遷出,新北市內,0
112,3,6,新店區,,,,無年齡維度,0.0,女,遷出,桃園市,51
112,3,6,新店區,,,,無年齡維度,0.0,男,遷出,桃園市,46
112,3,6,新店區,,,,無年齡維度,0.0,女,遷出,福建省,8
112,3,6,新店區,,,,無年齡維度,0.0,男,遷出,福建省,8
112,3,6,新店區,,,,無年齡維度,0.0,女,遷出,臺中市,19
112,3,6,新店區,,,,無年齡維度,0.0,男,遷出,臺中市,15
112,3,6,新店區,,,,無年齡維度,0.0,女,遷出,臺北市,229
112,3,6,新店區,,,,無年齡維度,0.0,男,遷出,臺北市,201
112,3,6,新店區,,,,無年齡維度,0.0,女,遷出,臺南市,12
112,3,6,新店區,,,,無年齡維度,0.0,男,遷出,臺南市,12
112,3,6,新店區,,,,無年齡維度,0.0,女,遷出,臺灣省,78
112,3,6,新店區,,,,無年齡維度,0.0,男,遷出,臺灣省,66
112,3,6,新店區,,,,無年齡維度,0.0,女,遷出,高雄市,8
112,3,6,新店區,,,,無年齡維度,0.0,男,遷出,高雄市,8
112,3,7,土城區,,,,無年齡維度,0.0,女,遷入,migrants,204
112,3,7,土城區,,,,無年齡維度,0.0,男,遷入,migrants,209
112,3,7,土城區,,,,無年齡維度,0.0,女,遷入,other,0
112,3,7,土城區,,,,無年齡維度,0.0,男,遷入,other,0
112,3,7,土城區,,,,無年齡維度,0.0,女,遷入,其他縣市,0
112,3,7,土城區,,,,無年齡維度,0.0,男,遷入,其他縣市,0
112,3,7,土城區,,,,無年齡維度,0.0,女,遷入,其他鄉鎮,175
112,3,7,土城區,,,,無年齡維度,0.0,男,遷入,其他鄉鎮,158
112,3,7,土城區,,,,無年齡維度,0.0,女,遷入,合計,435
112,3,7,土城區,,,,無年齡維度,0.0,男,遷入,合計,373
112,3,7,土城區,,,,無年齡維度,0.0,女,遷入,國外,115
112,3,7,土城區,,,,無年齡維度,0.0,男,遷入,國外,97
112,3,7,土城區,,,,無年齡維度,0.0,女,遷入,新北市內,0
112,3,7,土城區,,,,無年齡維度,0.0,男,遷入,新北市內,0
112,3,7,土城區,,,,無年齡維度,0.0,女,遷入,桃園市,34
112,3,7,土城區,,,,無年齡維度,0.0,男,遷入,桃園市,26
112,3,7,土城區,,,,無年齡維度,0.0,女,遷入,福建省,2
112,3,7,土城區,,,,無年齡維度,0.0,男,遷入,福建省,0
112,3,7,土城區,,,,無年齡維度,0.0,女,遷入,臺中市,6
112,3,7,土城區,,,,無年齡維度,0.0,男,遷入,臺中市,5
112,3,7,土城區,,,,無年齡維度,0.0,女,遷入,臺北市,41
112,3,7,土城區,,,,無年齡維度,0.0,男,遷入,臺北市,39
112,3,7,土城區,,,,無年齡維度,0.0,女,遷入,臺南市,1
112,3,7,土城區,,,,無年齡維度,0.0,男,遷入,臺南市,2
112,3,7,土城區,,,,無年齡維度,0.0,女,遷入,臺灣省,49
112,3,7,土城區,,,,無年齡維度,0.0,男,遷入,臺灣省,40
112,3,7,土城區,,,,無年齡維度,0.0,女,遷入,高雄市,5
112,3,7,土城區,,,,無年齡維度,0.0,男,遷入,高雄市,2
112,3,7,土城區,,,,無年齡維度,0.0,女,遷出,migrants,204
112,3,7,土城區,,,,無年齡維度,0.0,男,遷出,migrants,209
112,3,7,土城區,,,,無年齡維度,0.0,女,遷出,other,0
112,3,7,土城區,,,,無年齡維度,0.0,男,遷出,other,0
112,3,7,土城區,,,,無年齡維度,0.0,女,遷出,其他縣市,0
112,3,7,土城區,,,,無年齡維度,0.0,男,遷出,其他縣市,0
112,3,7,土城區,,,,無年齡維度,0.0,女,遷出,其他鄉鎮,178
112,3,7,土城區,,,,無年齡維度,0.0,男,遷出,其他鄉鎮,156
112,3,7,土城區,,,,無年齡維度,0.0,女,遷出,合計,394
112,3,7,土城區,,,,無年齡維度,0.0,男,遷出,合計,314
112,3,7,土城區,,,,無年齡維度,0.0,女,遷出,國外,11
112,3,7,土城區,,,,無年齡維度,0.0,男,遷出,國外,14
112,3,7,土城區,,,,無年齡維度,0.0,女,遷出,新北市內,0
112,3,7,土城區,,,,無年齡維度,0.0,男,遷出,新北市內,0
112,3,7,土城區,,,,無年齡維度,0.0,女,遷出,桃園市,85
112,3,7,土城區,,,,無年齡維度,0.0,男,遷出,桃園市,60
112,3,7,土城區,,,,無年齡維度,0.0,女,遷出,福建省,2
112,3,7,土城區,,,,無年齡維度,0.0,男,遷出,福建省,1
112,3,7,土城區,,,,無年齡維度,0.0,女,遷出,臺中市,10
112,3,7,土城區,,,,無年齡維度,0.0,男,遷出,臺中市,9
112,3,7,土城區,,,,無年齡維度,0.0,女,遷出,臺北市,36
112,3,7,土城區,,,,無年齡維度,0.0,男,遷出,臺北市,27
112,3,7,土城區,,,,無年齡維度,0.0,女,遷出,臺南市,11
112,3,7,土城區,,,,無年齡維度,0.0,男,遷出,臺南市,6
112,3,7,土城區,,,,無年齡維度,0.0,女,遷出,臺灣省,50
112,3,7,土城區,,,,無年齡維度,0.0,男,遷出,臺灣省,34
112,3,7,土城區,,,,無年齡維度,0.0,女,遷出,高雄市,10
112,3,7,土城區,,,,無年齡維度,0.0,男,遷出,高雄市,7
112,3,8,蘆洲區,,,,無年齡維度,0.0,女,遷入,migrants,128
112,3,8,蘆洲區,,,,無年齡維度,0.0,男,遷入,migrants,105
112,3,8,蘆洲區,,,,無年齡維度,0.0,女,遷入,other,0
112,3,8,蘆洲區,,,,無年齡維度,0.0,男,遷入,other,0
112,3,8,蘆洲區,,,,無年齡維度,0.0,女,遷入,其他縣市,0
112,3,8,蘆洲區,,,,無年齡維度,0.0,男,遷入,其他縣市,0
112,3,8,蘆洲區,,,,無年齡維度,0.0,女,遷入,其他鄉鎮,66
112,3,8,蘆洲區,,,,無年齡維度,0.0,男,遷入,其他鄉鎮,70
112,3,8,蘆洲區,,,,無年齡維度,0.0,女,遷入,合計,224
112,3,8,蘆洲區,,,,無年齡維度,0.0,男,遷入,合計,193
112,3,8,蘆洲區,,,,無年齡維度,0.0,女,遷入,國外,41
112,3,8,蘆洲區,,,,無年齡維度,0.0,男,遷入,國外,35
112,3,8,蘆洲區,,,,無年齡維度,0.0,女,遷入,新北市內,0
112,3,8,蘆洲區,,,,無年齡維度,0.0,男,遷入,新北市內,0
112,3,8,蘆洲區,,,,無年齡維度,0.0,女,遷入,桃園市,57
112,3,8,蘆洲區,,,,無年齡維度,0.0,男,遷入,桃園市,47
112,3,8,蘆洲區,,,,無年齡維度,0.0,女,遷入,福建省,4
112,3,8,蘆洲區,,,,無年齡維度,0.0,男,遷入,福建省,2
112,3,8,蘆洲區,,,,無年齡維度,0.0,女,遷入,臺中市,5
112,3,8,蘆洲區,,,,無年齡維度,0.0,男,遷入,臺中市,4
112,3,8,蘆洲區,,,,無年齡維度,0.0,女,遷入,臺北市,18
112,3,8,蘆洲區,,,,無年齡維度,0.0,男,遷入,臺北市,15
112,3,8,蘆洲區,,,,無年齡維度,0.0,女,遷入,臺南市,2
112,3,8,蘆洲區,,,,無年齡維度,0.0,男,遷入,臺南市,0
112,3,8,蘆洲區,,,,無年齡維度,0.0,女,遷入,臺灣省,23
112,3,8,蘆洲區,,,,無年齡維度,0.0,男,遷入,臺灣省,16
112,3,8,蘆洲區,,,,無年齡維度,0.0,女,遷入,高雄市,2
112,3,8,蘆洲區,,,,無年齡維度,0.0,男,遷入,高雄市,1
112,3,8,蘆洲區,,,,無年齡維度,0.0,女,遷出,migrants,128
112,3,8,蘆洲區,,,,無年齡維度,0.0,男,遷出,migrants,105
112,3,8,蘆洲區,,,,無年齡維度,0.0,女,遷出,other,0
112,3,8,蘆洲區,,,,無年齡維度,0.0,男,遷出,other,0
112,3,8,蘆洲區,,,,無年齡維度,0.0,女,遷出,其他縣市,0
112,3,8,蘆洲區,,,,無年齡維度,0.0,男,遷出,其他縣市,0
112,3,8,蘆洲區,,,,無年齡維度,0.0,女,遷出,其他鄉鎮,50
112,3,8,蘆洲區,,,,無年齡維度,0.0,男,遷出,其他鄉鎮,40
112,3,8,蘆洲區,,,,無年齡維度,0.0,女,遷出,合計,211
112,3,8,蘆洲區,,,,無年齡維度,0.0,男,遷出,合計,161
112,3,8,蘆洲區,,,,無年齡維度,0.0,女,遷出,國外,1
112,3,8,蘆洲區,,,,無年齡維度,0.0,男,遷出,國外,1
112,3,8,蘆洲區,,,,無年齡維度,0.0,女,遷出,新北市內,0
112,3,8,蘆洲區,,,,無年齡維度,0.0,男,遷出,新北市內,0
112,3,8,蘆洲區,,,,無年齡維度,0.0,女,遷出,桃園市,112
112,3,8,蘆洲區,,,,無年齡維度,0.0,男,遷出,桃園市,81
112,3,8,蘆洲區,,,,無年齡維度,0.0,女,遷出,福建省,1
112,3,8,蘆洲區,,,,無年齡維度,0.0,男,遷出,福建省,2
112,3,8,蘆洲區,,,,無年齡維度,0.0,女,遷出,臺中市,6
112,3,8,蘆洲區,,,,無年齡維度,0.0,男,遷出,臺中市,4
112,3,8,蘆洲區,,,,無年齡維度,0.0,女,遷出,臺北市,11
112,3,8,蘆洲區,,,,無年齡維度,0.0,男,遷出,臺北市,6
112,3,8,蘆洲區,,,,無年齡維度,0.0,女,遷出,臺南市,6
112,3,8,蘆洲區,,,,無年齡維度,0.0,男,遷出,臺南市,4
112,3,8,蘆洲區,,,,無年齡維度,0.0,女,遷出,臺灣省,18
112,3,8,蘆洲區,,,,無年齡維度,0.0,男,遷出,臺灣省,21
112,3,8,蘆洲區,,,,無年齡維度,0.0,女,遷出,高雄市,6
112,3,8,蘆洲區,,,,無年齡維度,0.0,男,遷出,高雄市,2
112,3,9,樹林區,,,,無年齡維度,0.0,女,遷入,migrants,158
112,3,9,樹林區,,,,無年齡維度,0.0,男,遷入,migrants,169
112,3,9,樹林區,,,,無年齡維度,0.0,女,遷入,other,0
112,3,9,樹林區,,,,無年齡維度,0.0,男,遷入,other,0
112,3,9,樹林區,,,,無年齡維度,0.0,女,遷入,其他縣市,0
112,3,9,樹林區,,,,無年齡維度,0.0,男,遷入,其他縣市,0
112,3,9,樹林區,,,,無年齡維度,0.0,女,遷入,其他鄉鎮,88
112,3,9,樹林區,,,,無年齡維度,0.0,男,遷入,其他鄉鎮,90
112,3,9,樹林區,,,,無年齡維度,0.0,女,遷入,合計,266
112,3,9,樹林區,,,,無年齡維度,0.0,男,遷入,合計,251
112,3,9,樹林區,,,,無年齡維度,0.0,女,遷入,國外,68
112,3,9,樹林區,,,,無年齡維度,0.0,男,遷入,國外,75
112,3,9,樹林區,,,,無年齡維度,0.0,女,遷入,新北市內,0
112,3,9,樹林區,,,,無年齡維度,0.0,男,遷入,新北市內,0
112,3,9,樹林區,,,,無年齡維度,0.0,女,遷入,桃園市,34
112,3,9,樹林區,,,,無年齡維度,0.0,男,遷入,桃園市,32
112,3,9,樹林區,,,,無年齡維度,0.0,女,遷入,福建省,1
112,3,9,樹林區,,,,無年齡維度,0.0,男,遷入,福建省,2
112,3,9,樹林區,,,,無年齡維度,0.0,女,遷入,臺中市,6
112,3,9,樹林區,,,,無年齡維度,0.0,男,遷入,臺中市,4
112,3,9,樹林區,,,,無年齡維度,0.0,女,遷入,臺北市,33
112,3,9,樹林區,,,,無年齡維度,0.0,男,遷入,臺北市,24
112,3,9,樹林區,,,,無年齡維度,0.0,女,遷入,臺南市,0
112,3,9,樹林區,,,,無年齡維度,0.0,男,遷入,臺南市,2
112,3,9,樹林區,,,,無年齡維度,0.0,女,遷入,臺灣省,27
112,3,9,樹林區,,,,無年齡維度,0.0,男,遷入,臺灣省,18
112,3,9,樹林區,,,,無年齡維度,0.0,女,遷入,高雄市,3
112,3,9,樹林區,,,,無年齡維度,0.0,男,遷入,高雄市,2
112,3,9,樹林區,,,,無年齡維度,0.0,女,遷出,migrants,158
112,3,9,樹林區,,,,無年齡維度,0.0,男,遷出,migrants,169
112,3,9,樹林區,,,,無年齡維度,0.0,女,遷出,other,0
112,3,9,樹林區,,,,無年齡維度,0.0,男,遷出,other,0
112,3,9,樹林區,,,,無年齡維度,0.0,女,遷出,其他縣市,0
112,3,9,樹林區,,,,無年齡維度,0.0,男,遷出,其他縣市,0
112,3,9,樹林區,,,,無年齡維度,0.0,女,遷出,其他鄉鎮,95
112,3,9,樹林區,,,,無年齡維度,0.0,男,遷出,其他鄉鎮,117
112,3,9,樹林區,,,,無年齡維度,0.0,女,遷出,合計,195
112,3,9,樹林區,,,,無年齡維度,0.0,男,遷出,合計,201
112,3,9,樹林區,,,,無年齡維度,0.0,女,遷出,國外,5
112,3,9,樹林區,,,,無年齡維度,0.0,男,遷出,國外,1
112,3,9,樹林區,,,,無年齡維度,0.0,女,遷出,新北市內,0
112,3,9,樹林區,,,,無年齡維度,0.0,男,遷出,新北市內,0
112,3,9,樹林區,,,,無年齡維度,0.0,女,遷出,桃園市,37
112,3,9,樹林區,,,,無年齡維度,0.0,男,遷出,桃園市,24
112,3,9,樹林區,,,,無年齡維度,0.0,女,遷出,福建省,0
112,3,9,樹林區,,,,無年齡維度,0.0,男,遷出,福建省,2
112,3,9,樹林區,,,,無年齡維度,0.0,女,遷出,臺中市,7
112,3,9,樹林區,,,,無年齡維度,0.0,男,遷出,臺中市,14
112,3,9,樹林區,,,,無年齡維度,0.0,女,遷出,臺北市,25
112,3,9,樹林區,,,,無年齡維度,0.0,男,遷出,臺北市,13
112,3,9,樹林區,,,,無年齡維度,0.0,女,遷出,臺南市,1
112,3,9,樹林區,,,,無年齡維度,0.0,男,遷出,臺南市,0
112,3,9,樹林區,,,,無年齡維度,0.0,女,遷出,臺灣省,18
112,3,9,樹林區,,,,無年齡維度,0.0,男,遷出,臺灣省,27
112,3,9,樹林區,,,,無年齡維度,0.0,女,遷出,高雄市,7
112,3,9,樹林區,,,,無年齡維度,0.0,男,遷出,高雄市,3
112,3,10,鶯歌區,,,,無年齡維度,0.0,女,遷入,migrants,435
112,3,10,鶯歌區,,,,無年齡維度,0.0,男,遷入,migrants,361
112,3,10,鶯歌區,,,,無年齡維度,0.0,女,遷入,other,0
112,3,10,鶯歌區,,,,無年齡維度,0.0,男,遷入,other,0
112,3,10,鶯歌區,,,,無年齡維度,0.0,女,遷入,其他縣市,0
112,3,10,鶯歌區,,,,無年齡維度,0.0,男,遷入,其他縣市,0
112,3,10,鶯歌區,,,,無年齡維度,0.0,女,遷入,其他鄉鎮,134
112,3,10,鶯歌區,,,,無年齡維度,0.0,男,遷入,其他鄉鎮,127
112,3,10,鶯歌區,,,,無年齡維度,0.0,女,遷入,合計,741
112,3,10,鶯歌區,,,,無年齡維度,0.0,男,遷入,合計,694
112,3,10,鶯歌區,,,,無年齡維度,0.0,女,遷入,國外,262
112,3,10,鶯歌區,,,,無年齡維度,0.0,男,遷入,國外,244
112,3,10,鶯歌區,,,,無年齡維度,0.0,女,遷入,新北市內,0
112,3,10,鶯歌區,,,,無年齡維度,0.0,男,遷入,新北市內,0
112,3,10,鶯歌區,,,,無年齡維度,0.0,女,遷入,桃園市,26
112,3,10,鶯歌區,,,,無年齡維度,0.0,男,遷入,桃園市,16
112,3,10,鶯歌區,,,,無年齡維度,0.0,女,遷入,福建省,1
112,3,10,鶯歌區,,,,無年齡維度,0.0,男,遷入,福建省,3
112,3,10,鶯歌區,,,,無年齡維度,0.0,女,遷入,臺中市,6
112,3,10,鶯歌區,,,,無年齡維度,0.0,男,遷入,臺中市,11
112,3,10,鶯歌區,,,,無年齡維度,0.0,女,遷入,臺北市,217
112,3,10,鶯歌區,,,,無年齡維度,0.0,男,遷入,臺北市,218
112,3,10,鶯歌區,,,,無年齡維度,0.0,女,遷入,臺南市,10
112,3,10,鶯歌區,,,,無年齡維度,0.0,男,遷入,臺南市,4
112,3,10,鶯歌區,,,,無年齡維度,0.0,女,遷入,臺灣省,65
112,3,10,鶯歌區,,,,無年齡維度,0.0,男,遷入,臺灣省,49
112,3,10,鶯歌區,,,,無年齡維度,0.0,女,遷入,高雄市,9
112,3,10,鶯歌區,,,,無年齡維度,0.0,男,遷入,高雄市,9
112,3,10,鶯歌區,,,,無年齡維度,0.0,女,遷出,migrants,435
112,3,10,鶯歌區,,,,無年齡維度,0.0,男,遷出,migrants,361
112,3,10,鶯歌區,,,,無年齡維度,0.0,女,遷出,other,0
112,3,10,鶯歌區,,,,無年齡維度,0.0,男,遷出,other,0
112,3,10,鶯歌區,,,,無年齡維度,0.0,女,遷出,其他縣市,0
112,3,10,鶯歌區,,,,無年齡維度,0.0,男,遷出,其他縣市,0
112,3,10,鶯歌區,,,,無年齡維度,0.0,女,遷出,其他鄉鎮,112
112,3,10,鶯歌區,,,,無年齡維度,0.0,男,遷出,其他鄉鎮,75
112,3,10,鶯歌區,,,,無年齡維度,0.0,女,遷出,合計,357
112,3,10,鶯歌區,,,,無年齡維度,0.0,男,遷出,合計,330
112,3,10,鶯歌區,,,,無年齡維度,0.0,女,遷出,國外,40
112,3,10,鶯歌區,,,,無年齡維度,0.0,男,遷出,國外,36
112,3,10,鶯歌區,,,,無年齡維度,0.0,女,遷出,新北市內,0
112,3,10,鶯歌區,,,,無年齡維度,0.0,男,遷出,新北市內,0
112,3,10,鶯歌區,,,,無年齡維度,0.0,女,遷出,桃園市,24
112,3,10,鶯歌區,,,,無年齡維度,0.0,男,遷出,桃園市,27
112,3,10,鶯歌區,,,,無年齡維度,0.0,女,遷出,福建省,2
112,3,10,鶯歌區,,,,無年齡維度,0.0,男,遷出,福建省,4
112,3,10,鶯歌區,,,,無年齡維度,0.0,女,遷出,臺中市,14
112,3,10,鶯歌區,,,,無年齡維度,0.0,男,遷出,臺中市,18
112,3,10,鶯歌區,,,,無年齡維度,0.0,女,遷出,臺北市,118
112,3,10,鶯歌區,,,,無年齡維度,0.0,男,遷出,臺北市,117
112,3,10,鶯歌區,,,,無年齡維度,0.0,女,遷出,臺南市,3
112,3,10,鶯歌區,,,,無年齡維度,0.0,男,遷出,臺南市,10
112,3,10,鶯歌區,,,,無年齡維度,0.0,女,遷出,臺灣省,34
112,3,10,鶯歌區,,,,無年齡維度,0.0,男,遷出,臺灣省,34
112,3,10,鶯歌區,,,,無年齡維度,0.0,女,遷出,高雄市,9
112,3,10,鶯歌區,,,,無年齡維度,0.0,男,遷出,高雄市,9
112,3,11,三峽區,,,,無年齡維度,0.0,女,遷入,migrants,348
112,3,11,三峽區,,,,無年齡維度,0.0,男,遷入,migrants,285
112,3,11,三峽區,,,,無年齡維度,0.0,女,遷入,other,0
112,3,11,三峽區,,,,無年齡維度,0.0,男,遷入,other,0
112,3,11,三峽區,,,,無年齡維度,0.0,女,遷入,其他縣市,0
112,3,11,三峽區,,,,無年齡維度,0.0,男,遷入,其他縣市,0
112,3,11,三峽區,,,,無年齡維度,0.0,女,遷入,其他鄉鎮,72
112,3,11,三峽區,,,,無年齡維度,0.0,男,遷入,其他鄉鎮,53
112,3,11,三峽區,,,,無年齡維度,0.0,女,遷入,合計,683
112,3,11,三峽區,,,,無年齡維度,0.0,男,遷入,合計,580
112,3,11,三峽區,,,,無年齡維度,0.0,女,遷入,國外,200
112,3,11,三峽區,,,,無年齡維度,0.0,男,遷入,國外,177
112,3,11,三峽區,,,,無年齡維度,0.0,女,遷入,新北市內,0
112,3,11,三峽區,,,,無年齡維度,0.0,男,遷入,新北市內,0
112,3,11,三峽區,,,,無年齡維度,0.0,女,遷入,桃園市,21
112,3,11,三峽區,,,,無年齡維度,0.0,男,遷入,桃園市,15
112,3,11,三峽區,,,,無年齡維度,0.0,女,遷入,福建省,0
112,3,11,三峽區,,,,無年齡維度,0.0,男,遷入,福建省,2
112,3,11,三峽區,,,,無年齡維度,0.0,女,遷入,臺中市,10
112,3,11,三峽區,,,,無年齡維度,0.0,男,遷入,臺中市,10
112,3,11,三峽區,,,,無年齡維度,0.0,女,遷入,臺北市,267
112,3,11,三峽區,,,,無年齡維度,0.0,男,遷入,臺北市,224
112,3,11,三峽區,,,,無年齡維度,0.0,女,遷入,臺南市,5
112,3,11,三峽區,,,,無年齡維度,0.0,男,遷入,臺南市,5
112,3,11,三峽區,,,,無年齡維度,0.0,女,遷入,臺灣省,83
112,3,11,三峽區,,,,無年齡維度,0.0,男,遷入,臺灣省,72
112,3,11,三峽區,,,,無年齡維度,0.0,女,遷入,高雄市,10
112,3,11,三峽區,,,,無年齡維度,0.0,男,遷入,高雄市,12
112,3,11,三峽區,,,,無年齡維度,0.0,女,遷出,migrants,348
112,3,11,三峽區,,,,無年齡維度,0.0,男,遷出,migrants,285
112,3,11,三峽區,,,,無年齡維度,0.0,女,遷出,other,0
112,3,11,三峽區,,,,無年齡維度,0.0,男,遷出,other,0
112,3,11,三峽區,,,,無年齡維度,0.0,女,遷出,其他縣市,0
112,3,11,三峽區,,,,無年齡維度,0.0,男,遷出,其他縣市,0
112,3,11,三峽區,,,,無年齡維度,0.0,女,遷出,其他鄉鎮,63
112,3,11,三峽區,,,,無年齡維度,0.0,男,遷出,其他鄉鎮,51
112,3,11,三峽區,,,,無年齡維度,0.0,女,遷出,合計,404
112,3,11,三峽區,,,,無年齡維度,0.0,男,遷出,合計,374
112,3,11,三峽區,,,,無年齡維度,0.0,女,遷出,國外,19
112,3,11,三峽區,,,,無年齡維度,0.0,男,遷出,國外,17
112,3,11,三峽區,,,,無年齡維度,0.0,女,遷出,新北市內,0
112,3,11,三峽區,,,,無年齡維度,0.0,男,遷出,新北市內,0
112,3,11,三峽區,,,,無年齡維度,0.0,女,遷出,桃園市,28
112,3,11,三峽區,,,,無年齡維度,0.0,男,遷出,桃園市,29
112,3,11,三峽區,,,,無年齡維度,0.0,女,遷出,福建省,0
112,3,11,三峽區,,,,無年齡維度,0.0,男,遷出,福建省,4
112,3,11,三峽區,,,,無年齡維度,0.0,女,遷出,臺中市,15
112,3,11,三峽區,,,,無年齡維度,0.0,男,遷出,臺中市,11
112,3,11,三峽區,,,,無年齡維度,0.0,女,遷出,臺北市,185
112,3,11,三峽區,,,,無年齡維度,0.0,男,遷出,臺北市,161
112,3,11,三峽區,,,,無年齡維度,0.0,女,遷出,臺南市,9
112,3,11,三峽區,,,,無年齡維度,0.0,男,遷出,臺南市,6
112,3,11,三峽區,,,,無年齡維度,0.0,女,遷出,臺灣省,77
112,3,11,三峽區,,,,無年齡維度,0.0,男,遷出,臺灣省,87
112,3,11,三峽區,,,,無年齡維度,0.0,女,遷出,高雄市,8
112,3,11,三峽區,,,,無年齡維度,0.0,男,遷出,高雄市,7
112,3,12,淡水區,,,,無年齡維度,0.0,女,遷入,migrants,32
112,3,12,淡水區,,,,無年齡維度,0.0,男,遷入,migrants,29
112,3,12,淡水區,,,,無年齡維度,0.0,女,遷入,other,0
112,3,12,淡水區,,,,無年齡維度,0.0,男,遷入,other,0
112,3,12,淡水區,,,,無年齡維度,0.0,女,遷入,其他縣市,0
112,3,12,淡水區,,,,無年齡維度,0.0,男,遷入,其他縣市,0
112,3,12,淡水區,,,,無年齡維度,0.0,女,遷入,其他鄉鎮,12
112,3,12,淡水區,,,,無年齡維度,0.0,男,遷入,其他鄉鎮,11
112,3,12,淡水區,,,,無年齡維度,0.0,女,遷入,合計,58
112,3,12,淡水區,,,,無年齡維度,0.0,男,遷入,合計,44
112,3,12,淡水區,,,,無年齡維度,0.0,女,遷入,國外,13
112,3,12,淡水區,,,,無年齡維度,0.0,男,遷入,國外,9
112,3,12,淡水區,,,,無年齡維度,0.0,女,遷入,新北市內,0
112,3,12,淡水區,,,,無年齡維度,0.0,男,遷入,新北市內,0
112,3,12,淡水區,,,,無年齡維度,0.0,女,遷入,桃園市,1
112,3,12,淡水區,,,,無年齡維度,0.0,男,遷入,桃園市,2
112,3,12,淡水區,,,,無年齡維度,0.0,女,遷入,福建省,1
112,3,12,淡水區,,,,無年齡維度,0.0,男,遷入,福建省,0
112,3,12,淡水區,,,,無年齡維度,0.0,女,遷入,臺中市,1
112,3,12,淡水區,,,,無年齡維度,0.0,男,遷入,臺中市,0
112,3,12,淡水區,,,,無年齡維度,0.0,女,遷入,臺北市,8
112,3,12,淡水區,,,,無年齡維度,0.0,男,遷入,臺北市,10
112,3,12,淡水區,,,,無年齡維度,0.0,女,遷入,臺南市,0
112,3,12,淡水區,,,,無年齡維度,0.0,男,遷入,臺南市,0
112,3,12,淡水區,,,,無年齡維度,0.0,女,遷入,臺灣省,20
112,3,12,淡水區,,,,無年齡維度,0.0,男,遷入,臺灣省,11
112,3,12,淡水區,,,,無年齡維度,0.0,女,遷入,高雄市,2
112,3,12,淡水區,,,,無年齡維度,0.0,男,遷入,高雄市,1
112,3,12,淡水區,,,,無年齡維度,0.0,女,遷出,migrants,32
112,3,12,淡水區,,,,無年齡維度,0.0,男,遷出,migrants,29
112,3,12,淡水區,,,,無年齡維度,0.0,女,遷出,other,0
112,3,12,淡水區,,,,無年齡維度,0.0,男,遷出,other,0
112,3,12,淡水區,,,,無年齡維度,0.0,女,遷出,其他縣市,0
112,3,12,淡水區,,,,無年齡維度,0.0,男,遷出,其他縣市,0
112,3,12,淡水區,,,,無年齡維度,0.0,女,遷出,其他鄉鎮,24
112,3,12,淡水區,,,,無年齡維度,0.0,男,遷出,其他鄉鎮,17
112,3,12,淡水區,,,,無年齡維度,0.0,女,遷出,合計,86
112,3,12,淡水區,,,,無年齡維度,0.0,男,遷出,合計,69
112,3,12,淡水區,,,,無年齡維度,0.0,女,遷出,國外,2
112,3,12,淡水區,,,,無年齡維度,0.0,男,遷出,國外,1
112,3,12,淡水區,,,,無年齡維度,0.0,女,遷出,新北市內,0
112,3,12,淡水區,,,,無年齡維度,0.0,男,遷出,新北市內,0
112,3,12,淡水區,,,,無年齡維度,0.0,女,遷出,桃園市,9
112,3,12,淡水區,,,,無年齡維度,0.0,男,遷出,桃園市,7
112,3,12,淡水區,,,,無年齡維度,0.0,女,遷出,福建省,0
112,3,12,淡水區,,,,無年齡維度,0.0,男,遷出,福建省,1
112,3,12,淡水區,,,,無年齡維度,0.0,女,遷出,臺中市,2
112,3,12,淡水區,,,,無年齡維度,0.0,男,遷出,臺中市,2
112,3,12,淡水區,,,,無年齡維度,0.0,女,遷出,臺北市,7
112,3,12,淡水區,,,,無年齡維度,0.0,男,遷出,臺北市,4
112,3,12,淡水區,,,,無年齡維度,0.0,女,遷出,臺南市,0
112,3,12,淡水區,,,,無年齡維度,0.0,男,遷出,臺南市,1
112,3,12,淡水區,,,,無年齡維度,0.0,女,遷出,臺灣省,37
112,3,12,淡水區,,,,無年齡維度,0.0,男,遷出,臺灣省,34
112,3,12,淡水區,,,,無年齡維度,0.0,女,遷出,高雄市,5
112,3,12,淡水區,,,,無年齡維度,0.0,男,遷出,高雄市,2
112,3,13,汐止區,,,,無年齡維度,0.0,女,遷入,migrants,447
112,3,13,汐止區,,,,無年齡維度,0.0,男,遷入,migrants,372
112,3,13,汐止區,,,,無年齡維度,0.0,女,遷入,other,0
112,3,13,汐止區,,,,無年齡維度,0.0,男,遷入,other,0
112,3,13,汐止區,,,,無年齡維度,0.0,女,遷入,其他縣市,0
112,3,13,汐止區,,,,無年齡維度,0.0,男,遷入,其他縣市,0
112,3,13,汐止區,,,,無年齡維度,0.0,女,遷入,其他鄉鎮,322
112,3,13,汐止區,,,,無年齡維度,0.0,男,遷入,其他鄉鎮,250
112,3,13,汐止區,,,,無年齡維度,0.0,女,遷入,合計,725
112,3,13,汐止區,,,,無年齡維度,0.0,男,遷入,合計,567
112,3,13,汐止區,,,,無年齡維度,0.0,女,遷入,國外,173
112,3,13,汐止區,,,,無年齡維度,0.0,男,遷入,國外,131
112,3,13,汐止區,,,,無年齡維度,0.0,女,遷入,新北市內,0
112,3,13,汐止區,,,,無年齡維度,0.0,男,遷入,新北市內,0
112,3,13,汐止區,,,,無年齡維度,0.0,女,遷入,桃園市,34
112,3,13,汐止區,,,,無年齡維度,0.0,男,遷入,桃園市,32
112,3,13,汐止區,,,,無年齡維度,0.0,女,遷入,福建省,5
112,3,13,汐止區,,,,無年齡維度,0.0,男,遷入,福建省,2
112,3,13,汐止區,,,,無年齡維度,0.0,女,遷入,臺中市,19
112,3,13,汐止區,,,,無年齡維度,0.0,男,遷入,臺中市,5
112,3,13,汐止區,,,,無年齡維度,0.0,女,遷入,臺北市,81
112,3,13,汐止區,,,,無年齡維度,0.0,男,遷入,臺北市,80
112,3,13,汐止區,,,,無年齡維度,0.0,女,遷入,臺南市,8
112,3,13,汐止區,,,,無年齡維度,0.0,男,遷入,臺南市,5
112,3,13,汐止區,,,,無年齡維度,0.0,女,遷入,臺灣省,56
112,3,13,汐止區,,,,無年齡維度,0.0,男,遷入,臺灣省,52
112,3,13,汐止區,,,,無年齡維度,0.0,女,遷入,高雄市,12
112,3,13,汐止區,,,,無年齡維度,0.0,男,遷入,高雄市,4
112,3,13,汐止區,,,,無年齡維度,0.0,女,遷出,migrants,447
112,3,13,汐止區,,,,無年齡維度,0.0,男,遷出,migrants,372
112,3,13,汐止區,,,,無年齡維度,0.0,女,遷出,other,0
112,3,13,汐止區,,,,無年齡維度,0.0,男,遷出,other,0
112,3,13,汐止區,,,,無年齡維度,0.0,女,遷出,其他縣市,0
112,3,13,汐止區,,,,無年齡維度,0.0,男,遷出,其他縣市,0
112,3,13,汐止區,,,,無年齡維度,0.0,女,遷出,其他鄉鎮,210
112,3,13,汐止區,,,,無年齡維度,0.0,男,遷出,其他鄉鎮,200
112,3,13,汐止區,,,,無年齡維度,0.0,女,遷出,合計,440
112,3,13,汐止區,,,,無年齡維度,0.0,男,遷出,合計,394
112,3,13,汐止區,,,,無年齡維度,0.0,女,遷出,國外,11
112,3,13,汐止區,,,,無年齡維度,0.0,男,遷出,國外,12
112,3,13,汐止區,,,,無年齡維度,0.0,女,遷出,新北市內,0
112,3,13,汐止區,,,,無年齡維度,0.0,男,遷出,新北市內,0
112,3,13,汐止區,,,,無年齡維度,0.0,女,遷出,桃園市,66
112,3,13,汐止區,,,,無年齡維度,0.0,男,遷出,桃園市,63
112,3,13,汐止區,,,,無年齡維度,0.0,女,遷出,福建省,4
112,3,13,汐止區,,,,無年齡維度,0.0,男,遷出,福建省,5
112,3,13,汐止區,,,,無年齡維度,0.0,女,遷出,臺中市,20
112,3,13,汐止區,,,,無年齡維度,0.0,男,遷出,臺中市,15
112,3,13,汐止區,,,,無年齡維度,0.0,女,遷出,臺北市,58
112,3,13,汐止區,,,,無年齡維度,0.0,男,遷出,臺北市,42
112,3,13,汐止區,,,,無年齡維度,0.0,女,遷出,臺南市,7
112,3,13,汐止區,,,,無年齡維度,0.0,男,遷出,臺南市,6
112,3,13,汐止區,,,,無年齡維度,0.0,女,遷出,臺灣省,53
112,3,13,汐止區,,,,無年齡維度,0.0,男,遷出,臺灣省,44
112,3,13,汐止區,,,,無年齡維度,0.0,女,遷出,高雄市,11
112,3,13,汐止區,,,,無年齡維度,0.0,男,遷出,高雄市,6
112,3,14,瑞芳區,,,,無年齡維度,0.0,女,遷入,migrants,262
112,3,14,瑞芳區,,,,無年齡維度,0.0,男,遷入,migrants,204
112,3,14,瑞芳區,,,,無年齡維度,0.0,女,遷入,other,0
112,3,14,瑞芳區,,,,無年齡維度,0.0,男,遷入,other,0
112,3,14,瑞芳區,,,,無年齡維度,0.0,女,遷入,其他縣市,0
112,3,14,瑞芳區,,,,無年齡維度,0.0,男,遷入,其他縣市,0
112,3,14,瑞芳區,,,,無年齡維度,0.0,女,遷入,其他鄉鎮,185
112,3,14,瑞芳區,,,,無年齡維度,0.0,男,遷入,其他鄉鎮,141
112,3,14,瑞芳區,,,,無年齡維度,0.0,女,遷入,合計,478
112,3,14,瑞芳區,,,,無年齡維度,0.0,男,遷入,合計,412
112,3,14,瑞芳區,,,,無年齡維度,0.0,女,遷入,國外,105
112,3,14,瑞芳區,,,,無年齡維度,0.0,男,遷入,國外,112
112,3,14,瑞芳區,,,,無年齡維度,0.0,女,遷入,新北市內,0
112,3,14,瑞芳區,,,,無年齡維度,0.0,男,遷入,新北市內,0
112,3,14,瑞芳區,,,,無年齡維度,0.0,女,遷入,桃園市,23
112,3,14,瑞芳區,,,,無年齡維度,0.0,男,遷入,桃園市,16
112,3,14,瑞芳區,,,,無年齡維度,0.0,女,遷入,福建省,1
112,3,14,瑞芳區,,,,無年齡維度,0.0,男,遷入,福建省,0
112,3,14,瑞芳區,,,,無年齡維度,0.0,女,遷入,臺中市,1
112,3,14,瑞芳區,,,,無年齡維度,0.0,男,遷入,臺中市,2
112,3,14,瑞芳區,,,,無年齡維度,0.0,女,遷入,臺北市,99
112,3,14,瑞芳區,,,,無年齡維度,0.0,男,遷入,臺北市,91
112,3,14,瑞芳區,,,,無年齡維度,0.0,女,遷入,臺南市,6
112,3,14,瑞芳區,,,,無年齡維度,0.0,男,遷入,臺南市,2
112,3,14,瑞芳區,,,,無年齡維度,0.0,女,遷入,臺灣省,44
112,3,14,瑞芳區,,,,無年齡維度,0.0,男,遷入,臺灣省,37
112,3,14,瑞芳區,,,,無年齡維度,0.0,女,遷入,高雄市,6
112,3,14,瑞芳區,,,,無年齡維度,0.0,男,遷入,高雄市,2
112,3,14,瑞芳區,,,,無年齡維度,0.0,女,遷出,migrants,262
112,3,14,瑞芳區,,,,無年齡維度,0.0,男,遷出,migrants,204
112,3,14,瑞芳區,,,,無年齡維度,0.0,女,遷出,other,0
112,3,14,瑞芳區,,,,無年齡維度,0.0,男,遷出,other,0
112,3,14,瑞芳區,,,,無年齡維度,0.0,女,遷出,其他縣市,0
112,3,14,瑞芳區,,,,無年齡維度,0.0,男,遷出,其他縣市,0
112,3,14,瑞芳區,,,,無年齡維度,0.0,女,遷出,其他鄉鎮,210
112,3,14,瑞芳區,,,,無年齡維度,0.0,男,遷出,其他鄉鎮,168
112,3,14,瑞芳區,,,,無年齡維度,0.0,女,遷出,合計,430
112,3,14,瑞芳區,,,,無年齡維度,0.0,男,遷出,合計,340
112,3,14,瑞芳區,,,,無年齡維度,0.0,女,遷出,國外,2
112,3,14,瑞芳區,,,,無年齡維度,0.0,男,遷出,國外,4
112,3,14,瑞芳區,,,,無年齡維度,0.0,女,遷出,新北市內,0
112,3,14,瑞芳區,,,,無年齡維度,0.0,男,遷出,新北市內,0
112,3,14,瑞芳區,,,,無年齡維度,0.0,女,遷出,桃園市,45
112,3,14,瑞芳區,,,,無年齡維度,0.0,男,遷出,桃園市,38
112,3,14,瑞芳區,,,,無年齡維度,0.0,女,遷出,福建省,0
112,3,14,瑞芳區,,,,無年齡維度,0.0,男,遷出,福建省,2
112,3,14,瑞芳區,,,,無年齡維度,0.0,女,遷出,臺中市,16
112,3,14,瑞芳區,,,,無年齡維度,0.0,男,遷出,臺中市,14
112,3,14,瑞芳區,,,,無年齡維度,0.0,女,遷出,臺北市,91
112,3,14,瑞芳區,,,,無年齡維度,0.0,男,遷出,臺北市,60
112,3,14,瑞芳區,,,,無年齡維度,0.0,女,遷出,臺南市,3
112,3,14,瑞芳區,,,,無年齡維度,0.0,男,遷出,臺南市,4
112,3,14,瑞芳區,,,,無年齡維度,0.0,女,遷出,臺灣省,51
112,3,14,瑞芳區,,,,無年齡維度,0.0,男,遷出,臺灣省,47
112,3,14,瑞芳區,,,,無年齡維度,0.0,女,遷出,高雄市,11
112,3,14,瑞芳區,,,,無年齡維度,0.0,男,遷出,高雄市,3
112,3,15,五股區,,,,無年齡維度,0.0,女,遷入,migrants,115
112,3,15,五股區,,,,無年齡維度,0.0,男,遷入,migrants,92
112,3,15,五股區,,,,無年齡維度,0.0,女,遷入,other,0
112,3,15,五股區,,,,無年齡維度,0.0,男,遷入,other,0
112,3,15,五股區,,,,無年齡維度,0.0,女,遷入,其他縣市,0
112,3,15,五股區,,,,無年齡維度,0.0,男,遷入,其他縣市,0
112,3,15,五股區,,,,無年齡維度,0.0,女,遷入,其他鄉鎮,109
112,3,15,五股區,,,,無年齡維度,0.0,男,遷入,其他鄉鎮,100
112,3,15,五股區,,,,無年齡維度,0.0,女,遷入,合計,250
112,3,15,五股區,,,,無年齡維度,0.0,男,遷入,合計,223
112,3,15,五股區,,,,無年齡維度,0.0,女,遷入,國外,54
112,3,15,五股區,,,,無年齡維度,0.0,男,遷入,國外,57
112,3,15,五股區,,,,無年齡維度,0.0,女,遷入,新北市內,0
112,3,15,五股區,,,,無年齡維度,0.0,男,遷入,新北市內,0
112,3,15,五股區,,,,無年齡維度,0.0,女,遷入,桃園市,6
112,3,15,五股區,,,,無年齡維度,0.0,男,遷入,桃園市,5
112,3,15,五股區,,,,無年齡維度,0.0,女,遷入,福建省,4
112,3,15,五股區,,,,無年齡維度,0.0,男,遷入,福建省,1
112,3,15,五股區,,,,無年齡維度,0.0,女,遷入,臺中市,6
112,3,15,五股區,,,,無年齡維度,0.0,男,遷入,臺中市,5
112,3,15,五股區,,,,無年齡維度,0.0,女,遷入,臺北市,39
112,3,15,五股區,,,,無年齡維度,0.0,男,遷入,臺北市,31
112,3,15,五股區,,,,無年齡維度,0.0,女,遷入,臺南市,2
112,3,15,五股區,,,,無年齡維度,0.0,男,遷入,臺南市,0
112,3,15,五股區,,,,無年齡維度,0.0,女,遷入,臺灣省,22
112,3,15,五股區,,,,無年齡維度,0.0,男,遷入,臺灣省,22
112,3,15,五股區,,,,無年齡維度,0.0,女,遷入,高雄市,3
112,3,15,五股區,,,,無年齡維度,0.0,男,遷入,高雄市,1
112,3,15,五股區,,,,無年齡維度,0.0,女,遷出,migrants,115
112,3,15,五股區,,,,無年齡維度,0.0,男,遷出,migrants,92
112,3,15,五股區,,,,無年齡維度,0.0,女,遷出,other,0
112,3,15,五股區,,,,無年齡維度,0.0,男,遷出,other,0
112,3,15,五股區,,,,無年齡維度,0.0,女,遷出,其他縣市,0
112,3,15,五股區,,,,無年齡維度,0.0,男,遷出,其他縣市,0
112,3,15,五股區,,,,無年齡維度,0.0,女,遷出,其他鄉鎮,113
112,3,15,五股區,,,,無年齡維度,0.0,男,遷出,其他鄉鎮,112
112,3,15,五股區,,,,無年齡維度,0.0,女,遷出,合計,211
112,3,15,五股區,,,,無年齡維度,0.0,男,遷出,合計,181
112,3,15,五股區,,,,無年齡維度,0.0,女,遷出,國外,11
112,3,15,五股區,,,,無年齡維度,0.0,男,遷出,國外,4
112,3,15,五股區,,,,無年齡維度,0.0,女,遷出,新北市內,0
112,3,15,五股區,,,,無年齡維度,0.0,男,遷出,新北市內,0
112,3,15,五股區,,,,無年齡維度,0.0,女,遷出,桃園市,27
112,3,15,五股區,,,,無年齡維度,0.0,男,遷出,桃園市,19
112,3,15,五股區,,,,無年齡維度,0.0,女,遷出,福建省,0
112,3,15,五股區,,,,無年齡維度,0.0,男,遷出,福建省,1
112,3,15,五股區,,,,無年齡維度,0.0,女,遷出,臺中市,4
112,3,15,五股區,,,,無年齡維度,0.0,男,遷出,臺中市,3
112,3,15,五股區,,,,無年齡維度,0.0,女,遷出,臺北市,25
112,3,15,五股區,,,,無年齡維度,0.0,男,遷出,臺北市,22
112,3,15,五股區,,,,無年齡維度,0.0,女,遷出,臺南市,2
112,3,15,五股區,,,,無年齡維度,0.0,男,遷出,臺南市,1
112,3,15,五股區,,,,無年齡維度,0.0,女,遷出,臺灣省,23
112,3,15,五股區,,,,無年齡維度,0.0,男,遷出,臺灣省,15
112,3,15,五股區,,,,無年齡維度,0.0,女,遷出,高雄市,5
112,3,15,五股區,,,,無年齡維度,0.0,男,遷出,高雄市,4
112,3,16,泰山區,,,,無年齡維度,0.0,女,遷入,migrants,91
112,3,16,泰山區,,,,無年齡維度,0.0,男,遷入,migrants,103
112,3,16,泰山區,,,,無年齡維度,0.0,女,遷入,other,0
112,3,16,泰山區,,,,無年齡維度,0.0,男,遷入,other,0
112,3,16,泰山區,,,,無年齡維度,0.0,女,遷入,其他縣市,0
112,3,16,泰山區,,,,無年齡維度,0.0,男,遷入,其他縣市,0
112,3,16,泰山區,,,,無年齡維度,0.0,女,遷入,其他鄉鎮,99
112,3,16,泰山區,,,,無年齡維度,0.0,男,遷入,其他鄉鎮,95
112,3,16,泰山區,,,,無年齡維度,0.0,女,遷入,合計,200
112,3,16,泰山區,,,,無年齡維度,0.0,男,遷入,合計,188
112,3,16,泰山區,,,,無年齡維度,0.0,女,遷入,國外,42
112,3,16,泰山區,,,,無年齡維度,0.0,男,遷入,國外,31
112,3,16,泰山區,,,,無年齡維度,0.0,女,遷入,新北市內,0
112,3,16,泰山區,,,,無年齡維度,0.0,男,遷入,新北市內,0
112,3,16,泰山區,,,,無年齡維度,0.0,女,遷入,桃園市,18
112,3,16,泰山區,,,,無年齡維度,0.0,男,遷入,桃園市,12
112,3,16,泰山區,,,,無年齡維度,0.0,女,遷入,福建省,1
112,3,16,泰山區,,,,無年齡維度,0.0,男,遷入,福建省,0
112,3,16,泰山區,,,,無年齡維度,0.0,女,遷入,臺中市,2
112,3,16,泰山區,,,,無年齡維度,0.0,男,遷入,臺中市,0
112,3,16,泰山區,,,,無年齡維度,0.0,女,遷入,臺北市,24
112,3,16,泰山區,,,,無年齡維度,0.0,男,遷入,臺北市,20
112,3,16,泰山區,,,,無年齡維度,0.0,女,遷入,臺南市,2
112,3,16,泰山區,,,,無年齡維度,0.0,男,遷入,臺南市,1
112,3,16,泰山區,,,,無年齡維度,0.0,女,遷入,臺灣省,5
112,3,16,泰山區,,,,無年齡維度,0.0,男,遷入,臺灣省,24
112,3,16,泰山區,,,,無年齡維度,0.0,女,遷入,高雄市,3
112,3,16,泰山區,,,,無年齡維度,0.0,男,遷入,高雄市,3
112,3,16,泰山區,,,,無年齡維度,0.0,女,遷出,migrants,91
112,3,16,泰山區,,,,無年齡維度,0.0,男,遷出,migrants,103
112,3,16,泰山區,,,,無年齡維度,0.0,女,遷出,other,0
112,3,16,泰山區,,,,無年齡維度,0.0,男,遷出,other,0
112,3,16,泰山區,,,,無年齡維度,0.0,女,遷出,其他縣市,0
112,3,16,泰山區,,,,無年齡維度,0.0,男,遷出,其他縣市,0
112,3,16,泰山區,,,,無年齡維度,0.0,女,遷出,其他鄉鎮,112
112,3,16,泰山區,,,,無年齡維度,0.0,男,遷出,其他鄉鎮,83
112,3,16,泰山區,,,,無年齡維度,0.0,女,遷出,合計,200
112,3,16,泰山區,,,,無年齡維度,0.0,男,遷出,合計,153
112,3,16,泰山區,,,,無年齡維度,0.0,女,遷出,國外,6
112,3,16,泰山區,,,,無年齡維度,0.0,男,遷出,國外,2
112,3,16,泰山區,,,,無年齡維度,0.0,女,遷出,新北市內,0
112,3,16,泰山區,,,,無年齡維度,0.0,男,遷出,新北市內,0
112,3,16,泰山區,,,,無年齡維度,0.0,女,遷出,桃園市,38
112,3,16,泰山區,,,,無年齡維度,0.0,男,遷出,桃園市,31
112,3,16,泰山區,,,,無年齡維度,0.0,女,遷出,福建省,0
112,3,16,泰山區,,,,無年齡維度,0.0,男,遷出,福建省,1
112,3,16,泰山區,,,,無年齡維度,0.0,女,遷出,臺中市,5
112,3,16,泰山區,,,,無年齡維度,0.0,男,遷出,臺中市,4
112,3,16,泰山區,,,,無年齡維度,0.0,女,遷出,臺北市,23
112,3,16,泰山區,,,,無年齡維度,0.0,男,遷出,臺北市,14
112,3,16,泰山區,,,,無年齡維度,0.0,女,遷出,臺南市,2
112,3,16,泰山區,,,,無年齡維度,0.0,男,遷出,臺南市,2
112,3,16,泰山區,,,,無年齡維度,0.0,女,遷出,臺灣省,12
112,3,16,泰山區,,,,無年齡維度,0.0,男,遷出,臺灣省,14
112,3,16,泰山區,,,,無年齡維度,0.0,女,遷出,高雄市,1
112,3,16,泰山區,,,,無年齡維度,0.0,男,遷出,高雄市,2
112,3,17,林口區,,,,無年齡維度,0.0,女,遷入,migrants,296
112,3,17,林口區,,,,無年齡維度,0.0,男,遷入,migrants,221
112,3,17,林口區,,,,無年齡維度,0.0,女,遷入,other,0
112,3,17,林口區,,,,無年齡維度,0.0,男,遷入,other,0
112,3,17,林口區,,,,無年齡維度,0.0,女,遷入,其他縣市,0
112,3,17,林口區,,,,無年齡維度,0.0,男,遷入,其他縣市,0
112,3,17,林口區,,,,無年齡維度,0.0,女,遷入,其他鄉鎮,123
112,3,17,林口區,,,,無年齡維度,0.0,男,遷入,其他鄉鎮,110
112,3,17,林口區,,,,無年齡維度,0.0,女,遷入,合計,582
112,3,17,林口區,,,,無年齡維度,0.0,男,遷入,合計,518
112,3,17,林口區,,,,無年齡維度,0.0,女,遷入,國外,162
112,3,17,林口區,,,,無年齡維度,0.0,男,遷入,國外,147
112,3,17,林口區,,,,無年齡維度,0.0,女,遷入,新北市內,0
112,3,17,林口區,,,,無年齡維度,0.0,男,遷入,新北市內,0
112,3,17,林口區,,,,無年齡維度,0.0,女,遷入,桃園市,135
112,3,17,林口區,,,,無年齡維度,0.0,男,遷入,桃園市,109
112,3,17,林口區,,,,無年齡維度,0.0,女,遷入,福建省,2
112,3,17,林口區,,,,無年齡維度,0.0,男,遷入,福建省,2
112,3,17,林口區,,,,無年齡維度,0.0,女,遷入,臺中市,15
112,3,17,林口區,,,,無年齡維度,0.0,男,遷入,臺中市,15
112,3,17,林口區,,,,無年齡維度,0.0,女,遷入,臺北市,93
112,3,17,林口區,,,,無年齡維度,0.0,男,遷入,臺北市,81
112,3,17,林口區,,,,無年齡維度,0.0,女,遷入,臺南市,6
112,3,17,林口區,,,,無年齡維度,0.0,男,遷入,臺南市,2
112,3,17,林口區,,,,無年齡維度,0.0,女,遷入,臺灣省,29
112,3,17,林口區,,,,無年齡維度,0.0,男,遷入,臺灣省,38
112,3,17,林口區,,,,無年齡維度,0.0,女,遷入,高雄市,10
112,3,17,林口區,,,,無年齡維度,0.0,男,遷入,高雄市,6
112,3,17,林口區,,,,無年齡維度,0.0,女,遷出,migrants,296
112,3,17,林口區,,,,無年齡維度,0.0,男,遷出,migrants,221
112,3,17,林口區,,,,無年齡維度,0.0,女,遷出,other,0
112,3,17,林口區,,,,無年齡維度,0.0,男,遷出,other,0
112,3,17,林口區,,,,無年齡維度,0.0,女,遷出,其他縣市,0
112,3,17,林口區,,,,無年齡維度,0.0,男,遷出,其他縣市,0
112,3,17,林口區,,,,無年齡維度,0.0,女,遷出,其他鄉鎮,55
112,3,17,林口區,,,,無年齡維度,0.0,男,遷出,其他鄉鎮,59
112,3,17,林口區,,,,無年齡維度,0.0,女,遷出,合計,255
112,3,17,林口區,,,,無年齡維度,0.0,男,遷出,合計,239
112,3,17,林口區,,,,無年齡維度,0.0,女,遷出,國外,17
112,3,17,林口區,,,,無年齡維度,0.0,男,遷出,國外,19
112,3,17,林口區,,,,無年齡維度,0.0,女,遷出,新北市內,0
112,3,17,林口區,,,,無年齡維度,0.0,男,遷出,新北市內,0
112,3,17,林口區,,,,無年齡維度,0.0,女,遷出,桃園市,82
112,3,17,林口區,,,,無年齡維度,0.0,男,遷出,桃園市,75
112,3,17,林口區,,,,無年齡維度,0.0,女,遷出,福建省,4
112,3,17,林口區,,,,無年齡維度,0.0,男,遷出,福建省,5
112,3,17,林口區,,,,無年齡維度,0.0,女,遷出,臺中市,11
112,3,17,林口區,,,,無年齡維度,0.0,男,遷出,臺中市,11
112,3,17,林口區,,,,無年齡維度,0.0,女,遷出,臺北市,47
112,3,17,林口區,,,,無年齡維度,0.0,男,遷出,臺北市,29
112,3,17,林口區,,,,無年齡維度,0.0,女,遷出,臺南市,6
112,3,17,林口區,,,,無年齡維度,0.0,男,遷出,臺南市,2
112,3,17,林口區,,,,無年齡維度,0.0,女,遷出,臺灣省,24
112,3,17,林口區,,,,無年齡維度,0.0,男,遷出,臺灣省,33
112,3,17,林口區,,,,無年齡維度,0.0,女,遷出,高雄市,9
112,3,17,林口區,,,,無年齡維度,0.0,男,遷出,高雄市,6
112,3,18,八里區,,,,無年齡維度,0.0,女,遷入,migrants,9
112,3,18,八里區,,,,無年齡維度,0.0,男,遷入,migrants,9
112,3,18,八里區,,,,無年齡維度,0.0,女,遷入,other,0
112,3,18,八里區,,,,無年齡維度,0.0,男,遷入,other,0
112,3,18,八里區,,,,無年齡維度,0.0,女,遷入,其他縣市,0
112,3,18,八里區,,,,無年齡維度,0.0,男,遷入,其他縣市,0
112,3,18,八里區,,,,無年齡維度,0.0,女,遷入,其他鄉鎮,8
112,3,18,八里區,,,,無年齡維度,0.0,男,遷入,其他鄉鎮,11
112,3,18,八里區,,,,無年齡維度,0.0,女,遷入,合計,66
112,3,18,八里區,,,,無年齡維度,0.0,男,遷入,合計,62
112,3,18,八里區,,,,無年齡維度,0.0,女,遷入,國外,15
112,3,18,八里區,,,,無年齡維度,0.0,男,遷入,國外,15
112,3,18,八里區,,,,無年齡維度,0.0,女,遷入,新北市內,0
112,3,18,八里區,,,,無年齡維度,0.0,男,遷入,新北市內,0
112,3,18,八里區,,,,無年齡維度,0.0,女,遷入,桃園市,5
112,3,18,八里區,,,,無年齡維度,0.0,男,遷入,桃園市,5
112,3,18,八里區,,,,無年齡維度,0.0,女,遷入,福建省,0
112,3,18,八里區,,,,無年齡維度,0.0,男,遷入,福建省,0
112,3,18,八里區,,,,無年齡維度,0.0,女,遷入,臺中市,4
112,3,18,八里區,,,,無年齡維度,0.0,男,遷入,臺中市,1
112,3,18,八里區,,,,無年齡維度,0.0,女,遷入,臺北市,24
112,3,18,八里區,,,,無年齡維度,0.0,男,遷入,臺北市,26
112,3,18,八里區,,,,無年齡維度,0.0,女,遷入,臺南市,0
112,3,18,八里區,,,,無年齡維度,0.0,男,遷入,臺南市,0
112,3,18,八里區,,,,無年齡維度,0.0,女,遷入,臺灣省,8
112,3,18,八里區,,,,無年齡維度,0.0,男,遷入,臺灣省,3
112,3,18,八里區,,,,無年齡維度,0.0,女,遷入,高雄市,0
112,3,18,八里區,,,,無年齡維度,0.0,男,遷入,高雄市,0
112,3,18,八里區,,,,無年齡維度,0.0,女,遷出,migrants,9
112,3,18,八里區,,,,無年齡維度,0.0,男,遷出,migrants,9
112,3,18,八里區,,,,無年齡維度,0.0,女,遷出,other,0
112,3,18,八里區,,,,無年齡維度,0.0,男,遷出,other,0
112,3,18,八里區,,,,無年齡維度,0.0,女,遷出,其他縣市,0
112,3,18,八里區,,,,無年齡維度,0.0,男,遷出,其他縣市,0
112,3,18,八里區,,,,無年齡維度,0.0,女,遷出,其他鄉鎮,15
112,3,18,八里區,,,,無年齡維度,0.0,男,遷出,其他鄉鎮,15
112,3,18,八里區,,,,無年齡維度,0.0,女,遷出,合計,46
112,3,18,八里區,,,,無年齡維度,0.0,男,遷出,合計,45
112,3,18,八里區,,,,無年齡維度,0.0,女,遷出,國外,5
112,3,18,八里區,,,,無年齡維度,0.0,男,遷出,國外,0
112,3,18,八里區,,,,無年齡維度,0.0,女,遷出,新北市內,0
112,3,18,八里區,,,,無年齡維度,0.0,男,遷出,新北市內,0
112,3,18,八里區,,,,無年齡維度,0.0,女,遷出,桃園市,4
112,3,18,八里區,,,,無年齡維度,0.0,男,遷出,桃園市,2
112,3,18,八里區,,,,無年齡維度,0.0,女,遷出,福建省,1
112,3,18,八里區,,,,無年齡維度,0.0,男,遷出,福建省,0
112,3,18,八里區,,,,無年齡維度,0.0,女,遷出,臺中市,2
112,3,18,八里區,,,,無年齡維度,0.0,男,遷出,臺中市,1
112,3,18,八里區,,,,無年齡維度,0.0,女,遷出,臺北市,11
112,3,18,八里區,,,,無年齡維度,0.0,男,遷出,臺北市,21
112,3,18,八里區,,,,無年齡維度,0.0,女,遷出,臺南市,0
112,3,18,八里區,,,,無年齡維度,0.0,男,遷出,臺南市,0
112,3,18,八里區,,,,無年齡維度,0.0,女,遷出,臺灣省,7
112,3,18,八里區,,,,無年齡維度,0.0,男,遷出,臺灣省,6
112,3,18,八里區,,,,無年齡維度,0.0,女,遷出,高雄市,1
112,3,18,八里區,,,,無年齡維度,0.0,男,遷出,高雄市,0
112,3,19,深坑區,,,,無年齡維度,0.0,女,遷入,migrants,5
112,3,19,深坑區,,,,無年齡維度,0.0,男,遷入,migrants,3
112,3,19,深坑區,,,,無年齡維度,0.0,女,遷入,other,0
112,3,19,深坑區,,,,無年齡維度,0.0,男,遷入,other,0
112,3,19,深坑區,,,,無年齡維度,0.0,女,遷入,其他縣市,0
112,3,19,深坑區,,,,無年齡維度,0.0,男,遷入,其他縣市,0
112,3,19,深坑區,,,,無年齡維度,0.0,女,遷入,其他鄉鎮,10
112,3,19,深坑區,,,,無年齡維度,0.0,男,遷入,其他鄉鎮,4
112,3,19,深坑區,,,,無年齡維度,0.0,女,遷入,合計,15
112,3,19,深坑區,,,,無年齡維度,0.0,男,遷入,合計,15
112,3,19,深坑區,,,,無年齡維度,0.0,女,遷入,國外,1
112,3,19,深坑區,,,,無年齡維度,0.0,男,遷入,國外,5
112,3,19,深坑區,,,,無年齡維度,0.0,女,遷入,新北市內,0
112,3,19,深坑區,,,,無年齡維度,0.0,男,遷入,新北市內,0
112,3,19,深坑區,,,,無年齡維度,0.0,女,遷入,桃園市,0
112,3,19,深坑區,,,,無年齡維度,0.0,男,遷入,桃園市,0
112,3,19,深坑區,,,,無年齡維度,0.0,女,遷入,福建省,0
112,3,19,深坑區,,,,無年齡維度,0.0,男,遷入,福建省,0
112,3,19,深坑區,,,,無年齡維度,0.0,女,遷入,臺中市,0
112,3,19,深坑區,,,,無年齡維度,0.0,男,遷入,臺中市,0
112,3,19,深坑區,,,,無年齡維度,0.0,女,遷入,臺北市,4
112,3,19,深坑區,,,,無年齡維度,0.0,男,遷入,臺北市,6
112,3,19,深坑區,,,,無年齡維度,0.0,女,遷入,臺南市,0
112,3,19,深坑區,,,,無年齡維度,0.0,男,遷入,臺南市,0
112,3,19,深坑區,,,,無年齡維度,0.0,女,遷入,臺灣省,0
112,3,19,深坑區,,,,無年齡維度,0.0,男,遷入,臺灣省,0
112,3,19,深坑區,,,,無年齡維度,0.0,女,遷入,高雄市,0
112,3,19,深坑區,,,,無年齡維度,0.0,男,遷入,高雄市,0
112,3,19,深坑區,,,,無年齡維度,0.0,女,遷出,migrants,5
112,3,19,深坑區,,,,無年齡維度,0.0,男,遷出,migrants,3
112,3,19,深坑區,,,,無年齡維度,0.0,女,遷出,other,0
112,3,19,深坑區,,,,無年齡維度,0.0,男,遷出,other,0
112,3,19,深坑區,,,,無年齡維度,0.0,女,遷出,其他縣市,0
112,3,19,深坑區,,,,無年齡維度,0.0,男,遷出,其他縣市,0
112,3,19,深坑區,,,,無年齡維度,0.0,女,遷出,其他鄉鎮,5
112,3,19,深坑區,,,,無年齡維度,0.0,男,遷出,其他鄉鎮,8
112,3,19,深坑區,,,,無年齡維度,0.0,女,遷出,合計,12
112,3,19,深坑區,,,,無年齡維度,0.0,男,遷出,合計,16
112,3,19,深坑區,,,,無年齡維度,0.0,女,遷出,國外,0
112,3,19,深坑區,,,,無年齡維度,0.0,男,遷出,國外,0
112,3,19,深坑區,,,,無年齡維度,0.0,女,遷出,新北市內,0
112,3,19,深坑區,,,,無年齡維度,0.0,男,遷出,新北市內,0
112,3,19,深坑區,,,,無年齡維度,0.0,女,遷出,桃園市,1
112,3,19,深坑區,,,,無年齡維度,0.0,男,遷出,桃園市,2
112,3,19,深坑區,,,,無年齡維度,0.0,女,遷出,福建省,0
112,3,19,深坑區,,,,無年齡維度,0.0,男,遷出,福建省,0
112,3,19,深坑區,,,,無年齡維度,0.0,女,遷出,臺中市,0
112,3,19,深坑區,,,,無年齡維度,0.0,男,遷出,臺中市,0
112,3,19,深坑區,,,,無年齡維度,0.0,女,遷出,臺北市,4
112,3,19,深坑區,,,,無年齡維度,0.0,男,遷出,臺北市,6
112,3,19,深坑區,,,,無年齡維度,0.0,女,遷出,臺南市,0
112,3,19,深坑區,,,,無年齡維度,0.0,男,遷出,臺南市,0
112,3,19,深坑區,,,,無年齡維度,0.0,女,遷出,臺灣省,2
112,3,19,深坑區,,,,無年齡維度,0.0,男,遷出,臺灣省,0
112,3,19,深坑區,,,,無年齡維度,0.0,女,遷出,高雄市,0
112,3,19,深坑區,,,,無年齡維度,0.0,男,遷出,高雄市,0
112,3,20,石碇區,,,,無年齡維度,0.0,女,遷入,migrants,0
112,3,20,石碇區,,,,無年齡維度,0.0,男,遷入,migrants,1
112,3,20,石碇區,,,,無年齡維度,0.0,女,遷入,other,0
112,3,20,石碇區,,,,無年齡維度,0.0,男,遷入,other,0
112,3,20,石碇區,,,,無年齡維度,0.0,女,遷入,其他縣市,0
112,3,20,石碇區,,,,無年齡維度,0.0,男,遷入,其他縣市,0
112,3,20,石碇區,,,,無年齡維度,0.0,女,遷入,其他鄉鎮,3
112,3,20,石碇區,,,,無年齡維度,0.0,男,遷入,其他鄉鎮,2
112,3,20,石碇區,,,,無年齡維度,0.0,女,遷入,合計,7
112,3,20,石碇區,,,,無年齡維度,0.0,男,遷入,合計,9
112,3,20,石碇區,,,,無年齡維度,0.0,女,遷入,國外,3
112,3,20,石碇區,,,,無年齡維度,0.0,男,遷入,國外,6
112,3,20,石碇區,,,,無年齡維度,0.0,女,遷入,新北市內,0
112,3,20,石碇區,,,,無年齡維度,0.0,男,遷入,新北市內,0
112,3,20,石碇區,,,,無年齡維度,0.0,女,遷入,桃園市,0
112,3,20,石碇區,,,,無年齡維度,0.0,男,遷入,桃園市,0
112,3,20,石碇區,,,,無年齡維度,0.0,女,遷入,福建省,0
112,3,20,石碇區,,,,無年齡維度,0.0,男,遷入,福建省,0
112,3,20,石碇區,,,,無年齡維度,0.0,女,遷入,臺中市,0
112,3,20,石碇區,,,,無年齡維度,0.0,男,遷入,臺中市,0
112,3,20,石碇區,,,,無年齡維度,0.0,女,遷入,臺北市,0
112,3,20,石碇區,,,,無年齡維度,0.0,男,遷入,臺北市,0
112,3,20,石碇區,,,,無年齡維度,0.0,女,遷入,臺南市,0
112,3,20,石碇區,,,,無年齡維度,0.0,男,遷入,臺南市,0
112,3,20,石碇區,,,,無年齡維度,0.0,女,遷入,臺灣省,1
112,3,20,石碇區,,,,無年齡維度,0.0,男,遷入,臺灣省,1
112,3,20,石碇區,,,,無年齡維度,0.0,女,遷入,高雄市,0
112,3,20,石碇區,,,,無年齡維度,0.0,男,遷入,高雄市,0
112,3,20,石碇區,,,,無年齡維度,0.0,女,遷出,migrants,0
112,3,20,石碇區,,,,無年齡維度,0.0,男,遷出,migrants,1
112,3,20,石碇區,,,,無年齡維度,0.0,女,遷出,other,0
112,3,20,石碇區,,,,無年齡維度,0.0,男,遷出,other,0
112,3,20,石碇區,,,,無年齡維度,0.0,女,遷出,其他縣市,0
112,3,20,石碇區,,,,無年齡維度,0.0,男,遷出,其他縣市,0
112,3,20,石碇區,,,,無年齡維度,0.0,女,遷出,其他鄉鎮,7
112,3,20,石碇區,,,,無年齡維度,0.0,男,遷出,其他鄉鎮,7
112,3,20,石碇區,,,,無年齡維度,0.0,女,遷出,合計,13
112,3,20,石碇區,,,,無年齡維度,0.0,男,遷出,合計,21
112,3,20,石碇區,,,,無年齡維度,0.0,女,遷出,國外,1
112,3,20,石碇區,,,,無年齡維度,0.0,男,遷出,國外,1
112,3,20,石碇區,,,,無年齡維度,0.0,女,遷出,新北市內,0
112,3,20,石碇區,,,,無年齡維度,0.0,男,遷出,新北市內,0
112,3,20,石碇區,,,,無年齡維度,0.0,女,遷出,桃園市,1
112,3,20,石碇區,,,,無年齡維度,0.0,男,遷出,桃園市,1
112,3,20,石碇區,,,,無年齡維度,0.0,女,遷出,福建省,0
112,3,20,石碇區,,,,無年齡維度,0.0,男,遷出,福建省,0
112,3,20,石碇區,,,,無年齡維度,0.0,女,遷出,臺中市,0
112,3,20,石碇區,,,,無年齡維度,0.0,男,遷出,臺中市,0
112,3,20,石碇區,,,,無年齡維度,0.0,女,遷出,臺北市,4
112,3,20,石碇區,,,,無年齡維度,0.0,男,遷出,臺北市,9
112,3,20,石碇區,,,,無年齡維度,0.0,女,遷出,臺南市,0
112,3,20,石碇區,,,,無年齡維度,0.0,男,遷出,臺南市,1
112,3,20,石碇區,,,,無年齡維度,0.0,女,遷出,臺灣省,0
112,3,20,石碇區,,,,無年齡維度,0.0,男,遷出,臺灣省,2
112,3,20,石碇區,,,,無年齡維度,0.0,女,遷出,高雄市,0
112,3,20,石碇區,,,,無年齡維度,0.0,男,遷出,高雄市,0
112,3,21,坪林區,,,,無年齡維度,0.0,女,遷入,migrants,21
112,3,21,坪林區,,,,無年齡維度,0.0,男,遷入,migrants,19
112,3,21,坪林區,,,,無年齡維度,0.0,女,遷入,other,0
112,3,21,坪林區,,,,無年齡維度,0.0,男,遷入,other,0
112,3,21,坪林區,,,,無年齡維度,0.0,女,遷入,其他縣市,0
112,3,21,坪林區,,,,無年齡維度,0.0,男,遷入,其他縣市,0
112,3,21,坪林區,,,,無年齡維度,0.0,女,遷入,其他鄉鎮,18
112,3,21,坪林區,,,,無年齡維度,0.0,男,遷入,其他鄉鎮,22
112,3,21,坪林區,,,,無年齡維度,0.0,女,遷入,合計,56
112,3,21,坪林區,,,,無年齡維度,0.0,男,遷入,合計,51
112,3,21,坪林區,,,,無年齡維度,0.0,女,遷入,國外,18
112,3,21,坪林區,,,,無年齡維度,0.0,男,遷入,國外,11
112,3,21,坪林區,,,,無年齡維度,0.0,女,遷入,新北市內,0
112,3,21,坪林區,,,,無年齡維度,0.0,男,遷入,新北市內,0
112,3,21,坪林區,,,,無年齡維度,0.0,女,遷入,桃園市,4
112,3,21,坪林區,,,,無年齡維度,0.0,男,遷入,桃園市,0
112,3,21,坪林區,,,,無年齡維度,0.0,女,遷入,福建省,0
112,3,21,坪林區,,,,無年齡維度,0.0,男,遷入,福建省,0
112,3,21,坪林區,,,,無年齡維度,0.0,女,遷入,臺中市,0
112,3,21,坪林區,,,,無年齡維度,0.0,男,遷入,臺中市,1
112,3,21,坪林區,,,,無年齡維度,0.0,女,遷入,臺北市,14
112,3,21,坪林區,,,,無年齡維度,0.0,男,遷入,臺北市,13
112,3,21,坪林區,,,,無年齡維度,0.0,女,遷入,臺南市,0
112,3,21,坪林區,,,,無年齡維度,0.0,男,遷入,臺南市,1
112,3,21,坪林區,,,,無年齡維度,0.0,女,遷入,臺灣省,0
112,3,21,坪林區,,,,無年齡維度,0.0,男,遷入,臺灣省,2
112,3,21,坪林區,,,,無年齡維度,0.0,女,遷入,高雄市,0
112,3,21,坪林區,,,,無年齡維度,0.0,男,遷入,高雄市,1
112,3,21,坪林區,,,,無年齡維度,0.0,女,遷出,migrants,21
112,3,21,坪林區,,,,無年齡維度,0.0,男,遷出,migrants,19
112,3,21,坪林區,,,,無年齡維度,0.0,女,遷出,other,0
112,3,21,坪林區,,,,無年齡維度,0.0,男,遷出,other,0
112,3,21,坪林區,,,,無年齡維度,0.0,女,遷出,其他縣市,0
112,3,21,坪林區,,,,無年齡維度,0.0,男,遷出,其他縣市,0
112,3,21,坪林區,,,,無年齡維度,0.0,女,遷出,其他鄉鎮,27
112,3,21,坪林區,,,,無年齡維度,0.0,男,遷出,其他鄉鎮,29
112,3,21,坪林區,,,,無年齡維度,0.0,女,遷出,合計,48
112,3,21,坪林區,,,,無年齡維度,0.0,男,遷出,合計,51
112,3,21,坪林區,,,,無年齡維度,0.0,女,遷出,國外,1
112,3,21,坪林區,,,,無年齡維度,0.0,男,遷出,國外,2
112,3,21,坪林區,,,,無年齡維度,0.0,女,遷出,新北市內,0
112,3,21,坪林區,,,,無年齡維度,0.0,男,遷出,新北市內,0
112,3,21,坪林區,,,,無年齡維度,0.0,女,遷出,桃園市,2
112,3,21,坪林區,,,,無年齡維度,0.0,男,遷出,桃園市,3
112,3,21,坪林區,,,,無年齡維度,0.0,女,遷出,福建省,0
112,3,21,坪林區,,,,無年齡維度,0.0,男,遷出,福建省,1
112,3,21,坪林區,,,,無年齡維度,0.0,女,遷出,臺中市,3
112,3,21,坪林區,,,,無年齡維度,0.0,男,遷出,臺中市,1
112,3,21,坪林區,,,,無年齡維度,0.0,女,遷出,臺北市,7
112,3,21,坪林區,,,,無年齡維度,0.0,男,遷出,臺北市,9
112,3,21,坪林區,,,,無年齡維度,0.0,女,遷出,臺南市,2
112,3,21,坪林區,,,,無年齡維度,0.0,男,遷出,臺南市,0
112,3,21,坪林區,,,,無年齡維度,0.0,女,遷出,臺灣省,4
112,3,21,坪林區,,,,無年齡維度,0.0,男,遷出,臺灣省,6
112,3,21,坪林區,,,,無年齡維度,0.0,女,遷出,高雄市,2
112,3,21,坪林區,,,,無年齡維度,0.0,男,遷出,高雄市,0
112,3,22,三芝區,,,,無年齡維度,0.0,女,遷入,migrants,1
112,3,22,三芝區,,,,無年齡維度,0.0,男,遷入,migrants,3
112,3,22,三芝區,,,,無年齡維度,0.0,女,遷入,other,0
112,3,22,三芝區,,,,無年齡維度,0.0,男,遷入,other,0
112,3,22,三芝區,,,,無年齡維度,0.0,女,遷入,其他縣市,0
112,3,22,三芝區,,,,無年齡維度,0.0,男,遷入,其他縣市,0
112,3,22,三芝區,,,,無年齡維度,0.0,女,遷入,其他鄉鎮,5
112,3,22,三芝區,,,,無年齡維度,0.0,男,遷入,其他鄉鎮,7
112,3,22,三芝區,,,,無年齡維度,0.0,女,遷入,合計,12
112,3,22,三芝區,,,,無年齡維度,0.0,男,遷入,合計,11
112,3,22,三芝區,,,,無年齡維度,0.0,女,遷入,國外,2
112,3,22,三芝區,,,,無年齡維度,0.0,男,遷入,國外,0
112,3,22,三芝區,,,,無年齡維度,0.0,女,遷入,新北市內,0
112,3,22,三芝區,,,,無年齡維度,0.0,男,遷入,新北市內,0
112,3,22,三芝區,,,,無年齡維度,0.0,女,遷入,桃園市,1
112,3,22,三芝區,,,,無年齡維度,0.0,男,遷入,桃園市,1
112,3,22,三芝區,,,,無年齡維度,0.0,女,遷入,福建省,0
112,3,22,三芝區,,,,無年齡維度,0.0,男,遷入,福建省,0
112,3,22,三芝區,,,,無年齡維度,0.0,女,遷入,臺中市,0
112,3,22,三芝區,,,,無年齡維度,0.0,男,遷入,臺中市,0
112,3,22,三芝區,,,,無年齡維度,0.0,女,遷入,臺北市,1
112,3,22,三芝區,,,,無年齡維度,0.0,男,遷入,臺北市,2
112,3,22,三芝區,,,,無年齡維度,0.0,女,遷入,臺南市,0
112,3,22,三芝區,,,,無年齡維度,0.0,男,遷入,臺南市,0
112,3,22,三芝區,,,,無年齡維度,0.0,女,遷入,臺灣省,1
112,3,22,三芝區,,,,無年齡維度,0.0,男,遷入,臺灣省,1
112,3,22,三芝區,,,,無年齡維度,0.0,女,遷入,高雄市,1
112,3,22,三芝區,,,,無年齡維度,0.0,男,遷入,高雄市,0
112,3,22,三芝區,,,,無年齡維度,0.0,女,遷出,migrants,1
112,3,22,三芝區,,,,無年齡維度,0.0,男,遷出,migrants,3
112,3,22,三芝區,,,,無年齡維度,0.0,女,遷出,other,0
112,3,22,三芝區,,,,無年齡維度,0.0,男,遷出,other,0
112,3,22,三芝區,,,,無年齡維度,0.0,女,遷出,其他縣市,0
112,3,22,三芝區,,,,無年齡維度,0.0,男,遷出,其他縣市,0
112,3,22,三芝區,,,,無年齡維度,0.0,女,遷出,其他鄉鎮,15
112,3,22,三芝區,,,,無年齡維度,0.0,男,遷出,其他鄉鎮,11
112,3,22,三芝區,,,,無年齡維度,0.0,女,遷出,合計,19
112,3,22,三芝區,,,,無年齡維度,0.0,男,遷出,合計,17
112,3,22,三芝區,,,,無年齡維度,0.0,女,遷出,國外,0
112,3,22,三芝區,,,,無年齡維度,0.0,男,遷出,國外,0
112,3,22,三芝區,,,,無年齡維度,0.0,女,遷出,新北市內,0
112,3,22,三芝區,,,,無年齡維度,0.0,男,遷出,新北市內,0
112,3,22,三芝區,,,,無年齡維度,0.0,女,遷出,桃園市,0
112,3,22,三芝區,,,,無年齡維度,0.0,男,遷出,桃園市,1
112,3,22,三芝區,,,,無年齡維度,0.0,女,遷出,福建省,0
112,3,22,三芝區,,,,無年齡維度,0.0,男,遷出,福建省,0
112,3,22,三芝區,,,,無年齡維度,0.0,女,遷出,臺中市,1
112,3,22,三芝區,,,,無年齡維度,0.0,男,遷出,臺中市,0
112,3,22,三芝區,,,,無年齡維度,0.0,女,遷出,臺北市,1
112,3,22,三芝區,,,,無年齡維度,0.0,男,遷出,臺北市,1
112,3,22,三芝區,,,,無年齡維度,0.0,女,遷出,臺南市,0
112,3,22,三芝區,,,,無年齡維度,0.0,男,遷出,臺南市,0
112,3,22,三芝區,,,,無年齡維度,0.0,女,遷出,臺灣省,1
112,3,22,三芝區,,,,無年齡維度,0.0,男,遷出,臺灣省,4
112,3,22,三芝區,,,,無年齡維度,0.0,女,遷出,高雄市,1
112,3,22,三芝區,,,,無年齡維度,0.0,男,遷出,高雄市,0
112,3,23,石門區,,,,無年齡維度,0.0,女,遷入,migrants,51
112,3,23,石門區,,,,無年齡維度,0.0,男,遷入,migrants,63
112,3,23,石門區,,,,無年齡維度,0.0,女,遷入,other,0
112,3,23,石門區,,,,無年齡維度,0.0,男,遷入,other,0
112,3,23,石門區,,,,無年齡維度,0.0,女,遷入,其他縣市,0
112,3,23,石門區,,,,無年齡維度,0.0,男,遷入,其他縣市,0
112,3,23,石門區,,,,無年齡維度,0.0,女,遷入,其他鄉鎮,58
112,3,23,石門區,,,,無年齡維度,0.0,男,遷入,其他鄉鎮,41
112,3,23,石門區,,,,無年齡維度,0.0,女,遷入,合計,159
112,3,23,石門區,,,,無年齡維度,0.0,男,遷入,合計,127
112,3,23,石門區,,,,無年齡維度,0.0,女,遷入,國外,30
112,3,23,石門區,,,,無年齡維度,0.0,男,遷入,國外,33
112,3,23,石門區,,,,無年齡維度,0.0,女,遷入,新北市內,0
112,3,23,石門區,,,,無年齡維度,0.0,男,遷入,新北市內,0
112,3,23,石門區,,,,無年齡維度,0.0,女,遷入,桃園市,11
112,3,23,石門區,,,,無年齡維度,0.0,男,遷入,桃園市,5
112,3,23,石門區,,,,無年齡維度,0.0,女,遷入,福建省,0
112,3,23,石門區,,,,無年齡維度,0.0,男,遷入,福建省,0
112,3,23,石門區,,,,無年齡維度,0.0,女,遷入,臺中市,5
112,3,23,石門區,,,,無年齡維度,0.0,男,遷入,臺中市,4
112,3,23,石門區,,,,無年齡維度,0.0,女,遷入,臺北市,39
112,3,23,石門區,,,,無年齡維度,0.0,男,遷入,臺北市,35
112,3,23,石門區,,,,無年齡維度,0.0,女,遷入,臺南市,1
112,3,23,石門區,,,,無年齡維度,0.0,男,遷入,臺南市,1
112,3,23,石門區,,,,無年齡維度,0.0,女,遷入,臺灣省,11
112,3,23,石門區,,,,無年齡維度,0.0,男,遷入,臺灣省,7
112,3,23,石門區,,,,無年齡維度,0.0,女,遷入,高雄市,2
112,3,23,石門區,,,,無年齡維度,0.0,男,遷入,高雄市,0
112,3,23,石門區,,,,無年齡維度,0.0,女,遷出,migrants,51
112,3,23,石門區,,,,無年齡維度,0.0,男,遷出,migrants,63
112,3,23,石門區,,,,無年齡維度,0.0,女,遷出,other,0
112,3,23,石門區,,,,無年齡維度,0.0,男,遷出,other,0
112,3,23,石門區,,,,無年齡維度,0.0,女,遷出,其他縣市,0
112,3,23,石門區,,,,無年齡維度,0.0,男,遷出,其他縣市,0
112,3,23,石門區,,,,無年齡維度,0.0,女,遷出,其他鄉鎮,59
112,3,23,石門區,,,,無年齡維度,0.0,男,遷出,其他鄉鎮,39
112,3,23,石門區,,,,無年齡維度,0.0,女,遷出,合計,101
112,3,23,石門區,,,,無年齡維度,0.0,男,遷出,合計,96
112,3,23,石門區,,,,無年齡維度,0.0,女,遷出,國外,5
112,3,23,石門區,,,,無年齡維度,0.0,男,遷出,國外,7
112,3,23,石門區,,,,無年齡維度,0.0,女,遷出,新北市內,0
112,3,23,石門區,,,,無年齡維度,0.0,男,遷出,新北市內,0
112,3,23,石門區,,,,無年齡維度,0.0,女,遷出,桃園市,9
112,3,23,石門區,,,,無年齡維度,0.0,男,遷出,桃園市,8
112,3,23,石門區,,,,無年齡維度,0.0,女,遷出,福建省,0
112,3,23,石門區,,,,無年齡維度,0.0,男,遷出,福建省,1
112,3,23,石門區,,,,無年齡維度,0.0,女,遷出,臺中市,4
112,3,23,石門區,,,,無年齡維度,0.0,男,遷出,臺中市,2
112,3,23,石門區,,,,無年齡維度,0.0,女,遷出,臺北市,19
112,3,23,石門區,,,,無年齡維度,0.0,男,遷出,臺北市,25
112,3,23,石門區,,,,無年齡維度,0.0,女,遷出,臺南市,1
112,3,23,石門區,,,,無年齡維度,0.0,男,遷出,臺南市,5
112,3,23,石門區,,,,無年齡維度,0.0,女,遷出,臺灣省,4
112,3,23,石門區,,,,無年齡維度,0.0,男,遷出,臺灣省,7
112,3,23,石門區,,,,無年齡維度,0.0,女,遷出,高雄市,0
112,3,23,石門區,,,,無年齡維度,0.0,男,遷出,高雄市,1
112,3,24,金山區,,,,無年齡維度,0.0,女,遷入,migrants,1
112,3,24,金山區,,,,無年齡維度,0.0,男,遷入,migrants,3
112,3,24,金山區,,,,無年齡維度,0.0,女,遷入,other,0
112,3,24,金山區,,,,無年齡維度,0.0,男,遷入,other,0
112,3,24,金山區,,,,無年齡維度,0.0,女,遷入,其他縣市,0
112,3,24,金山區,,,,無年齡維度,0.0,男,遷入,其他縣市,0
112,3,24,金山區,,,,無年齡維度,0.0,女,遷入,其他鄉鎮,1
112,3,24,金山區,,,,無年齡維度,0.0,男,遷入,其他鄉鎮,1
112,3,24,金山區,,,,無年齡維度,0.0,女,遷入,合計,3
112,3,24,金山區,,,,無年齡維度,0.0,男,遷入,合計,5
112,3,24,金山區,,,,無年齡維度,0.0,女,遷入,國外,0
112,3,24,金山區,,,,無年齡維度,0.0,男,遷入,國外,2
112,3,24,金山區,,,,無年齡維度,0.0,女,遷入,新北市內,0
112,3,24,金山區,,,,無年齡維度,0.0,男,遷入,新北市內,0
112,3,24,金山區,,,,無年齡維度,0.0,女,遷入,桃園市,1
112,3,24,金山區,,,,無年齡維度,0.0,男,遷入,桃園市,1
112,3,24,金山區,,,,無年齡維度,0.0,女,遷入,福建省,0
112,3,24,金山區,,,,無年齡維度,0.0,男,遷入,福建省,0
112,3,24,金山區,,,,無年齡維度,0.0,女,遷入,臺中市,0
112,3,24,金山區,,,,無年齡維度,0.0,男,遷入,臺中市,0
112,3,24,金山區,,,,無年齡維度,0.0,女,遷入,臺北市,0
112,3,24,金山區,,,,無年齡維度,0.0,男,遷入,臺北市,0
112,3,24,金山區,,,,無年齡維度,0.0,女,遷入,臺南市,0
112,3,24,金山區,,,,無年齡維度,0.0,男,遷入,臺南市,0
112,3,24,金山區,,,,無年齡維度,0.0,女,遷入,臺灣省,0
112,3,24,金山區,,,,無年齡維度,0.0,男,遷入,臺灣省,1
112,3,24,金山區,,,,無年齡維度,0.0,女,遷入,高雄市,0
112,3,24,金山區,,,,無年齡維度,0.0,男,遷入,高雄市,0
112,3,24,金山區,,,,無年齡維度,0.0,女,遷出,migrants,1
112,3,24,金山區,,,,無年齡維度,0.0,男,遷出,migrants,3
112,3,24,金山區,,,,無年齡維度,0.0,女,遷出,other,0
112,3,24,金山區,,,,無年齡維度,0.0,男,遷出,other,0
112,3,24,金山區,,,,無年齡維度,0.0,女,遷出,其他縣市,0
112,3,24,金山區,,,,無年齡維度,0.0,男,遷出,其他縣市,0
112,3,24,金山區,,,,無年齡維度,0.0,女,遷出,其他鄉鎮,10
112,3,24,金山區,,,,無年齡維度,0.0,男,遷出,其他鄉鎮,6
112,3,24,金山區,,,,無年齡維度,0.0,女,遷出,合計,15
112,3,24,金山區,,,,無年齡維度,0.0,男,遷出,合計,10
112,3,24,金山區,,,,無年齡維度,0.0,女,遷出,國外,0
112,3,24,金山區,,,,無年齡維度,0.0,男,遷出,國外,0
112,3,24,金山區,,,,無年齡維度,0.0,女,遷出,新北市內,0
112,3,24,金山區,,,,無年齡維度,0.0,男,遷出,新北市內,0
112,3,24,金山區,,,,無年齡維度,0.0,女,遷出,桃園市,1
112,3,24,金山區,,,,無年齡維度,0.0,男,遷出,桃園市,0
112,3,24,金山區,,,,無年齡維度,0.0,女,遷出,福建省,0
112,3,24,金山區,,,,無年齡維度,0.0,男,遷出,福建省,0
112,3,24,金山區,,,,無年齡維度,0.0,女,遷出,臺中市,0
112,3,24,金山區,,,,無年齡維度,0.0,男,遷出,臺中市,0
112,3,24,金山區,,,,無年齡維度,0.0,女,遷出,臺北市,2
112,3,24,金山區,,,,無年齡維度,0.0,男,遷出,臺北市,2
112,3,24,金山區,,,,無年齡維度,0.0,女,遷出,臺南市,1
112,3,24,金山區,,,,無年齡維度,0.0,男,遷出,臺南市,0
112,3,24,金山區,,,,無年齡維度,0.0,女,遷出,臺灣省,1
112,3,24,金山區,,,,無年齡維度,0.0,男,遷出,臺灣省,2
112,3,24,金山區,,,,無年齡維度,0.0,女,遷出,高雄市,0
112,3,24,金山區,,,,無年齡維度,0.0,男,遷出,高雄市,0
112,3,25,萬里區,,,,無年齡維度,0.0,女,遷入,migrants,6
112,3,25,萬里區,,,,無年齡維度,0.0,男,遷入,migrants,0
112,3,25,萬里區,,,,無年齡維度,0.0,女,遷入,other,0
112,3,25,萬里區,,,,無年齡維度,0.0,男,遷入,other,0
112,3,25,萬里區,,,,無年齡維度,0.0,女,遷入,其他縣市,0
112,3,25,萬里區,,,,無年齡維度,0.0,男,遷入,其他縣市,0
112,3,25,萬里區,,,,無年齡維度,0.0,女,遷入,其他鄉鎮,10
112,3,25,萬里區,,,,無年齡維度,0.0,男,遷入,其他鄉鎮,6
112,3,25,萬里區,,,,無年齡維度,0.0,女,遷入,合計,13
112,3,25,萬里區,,,,無年齡維度,0.0,男,遷入,合計,12
112,3,25,萬里區,,,,無年齡維度,0.0,女,遷入,國外,1
112,3,25,萬里區,,,,無年齡維度,0.0,男,遷入,國外,0
112,3,25,萬里區,,,,無年齡維度,0.0,女,遷入,新北市內,0
112,3,25,萬里區,,,,無年齡維度,0.0,男,遷入,新北市內,0
112,3,25,萬里區,,,,無年齡維度,0.0,女,遷入,桃園市,0
112,3,25,萬里區,,,,無年齡維度,0.0,男,遷入,桃園市,3
112,3,25,萬里區,,,,無年齡維度,0.0,女,遷入,福建省,0
112,3,25,萬里區,,,,無年齡維度,0.0,男,遷入,福建省,0
112,3,25,萬里區,,,,無年齡維度,0.0,女,遷入,臺中市,1
112,3,25,萬里區,,,,無年齡維度,0.0,男,遷入,臺中市,0
112,3,25,萬里區,,,,無年齡維度,0.0,女,遷入,臺北市,1
112,3,25,萬里區,,,,無年齡維度,0.0,男,遷入,臺北市,1
112,3,25,萬里區,,,,無年齡維度,0.0,女,遷入,臺南市,0
112,3,25,萬里區,,,,無年齡維度,0.0,男,遷入,臺南市,0
112,3,25,萬里區,,,,無年齡維度,0.0,女,遷入,臺灣省,0
112,3,25,萬里區,,,,無年齡維度,0.0,男,遷入,臺灣省,2
112,3,25,萬里區,,,,無年齡維度,0.0,女,遷入,高雄市,0
112,3,25,萬里區,,,,無年齡維度,0.0,男,遷入,高雄市,0
112,3,25,萬里區,,,,無年齡維度,0.0,女,遷出,migrants,6
112,3,25,萬里區,,,,無年齡維度,0.0,男,遷出,migrants,0
112,3,25,萬里區,,,,無年齡維度,0.0,女,遷出,other,0
112,3,25,萬里區,,,,無年齡維度,0.0,男,遷出,other,0
112,3,25,萬里區,,,,無年齡維度,0.0,女,遷出,其他縣市,0
112,3,25,萬里區,,,,無年齡維度,0.0,男,遷出,其他縣市,0
112,3,25,萬里區,,,,無年齡維度,0.0,女,遷出,其他鄉鎮,8
112,3,25,萬里區,,,,無年齡維度,0.0,男,遷出,其他鄉鎮,9
112,3,25,萬里區,,,,無年齡維度,0.0,女,遷出,合計,21
112,3,25,萬里區,,,,無年齡維度,0.0,男,遷出,合計,22
112,3,25,萬里區,,,,無年齡維度,0.0,女,遷出,國外,1
112,3,25,萬里區,,,,無年齡維度,0.0,男,遷出,國外,0
112,3,25,萬里區,,,,無年齡維度,0.0,女,遷出,新北市內,0
112,3,25,萬里區,,,,無年齡維度,0.0,男,遷出,新北市內,0
112,3,25,萬里區,,,,無年齡維度,0.0,女,遷出,桃園市,3
112,3,25,萬里區,,,,無年齡維度,0.0,男,遷出,桃園市,0
112,3,25,萬里區,,,,無年齡維度,0.0,女,遷出,福建省,0
112,3,25,萬里區,,,,無年齡維度,0.0,男,遷出,福建省,0
112,3,25,萬里區,,,,無年齡維度,0.0,女,遷出,臺中市,0
112,3,25,萬里區,,,,無年齡維度,0.0,男,遷出,臺中市,1
112,3,25,萬里區,,,,無年齡維度,0.0,女,遷出,臺北市,2
112,3,25,萬里區,,,,無年齡維度,0.0,男,遷出,臺北市,2
112,3,25,萬里區,,,,無年齡維度,0.0,女,遷出,臺南市,0
112,3,25,萬里區,,,,無年齡維度,0.0,男,遷出,臺南市,1
112,3,25,萬里區,,,,無年齡維度,0.0,女,遷出,臺灣省,6
112,3,25,萬里區,,,,無年齡維度,0.0,男,遷出,臺灣省,8
112,3,25,萬里區,,,,無年齡維度,0.0,女,遷出,高雄市,1
112,3,25,萬里區,,,,無年齡維度,0.0,男,遷出,高雄市,1
112,3,26,平溪區,,,,無年齡維度,0.0,女,遷入,migrants,7
112,3,26,平溪區,,,,無年齡維度,0.0,男,遷入,migrants,1
112,3,26,平溪區,,,,無年齡維度,0.0,女,遷入,other,0
112,3,26,平溪區,,,,無年齡維度,0.0,男,遷入,other,0
112,3,26,平溪區,,,,無年齡維度,0.0,女,遷入,其他縣市,0
112,3,26,平溪區,,,,無年齡維度,0.0,男,遷入,其他縣市,0
112,3,26,平溪區,,,,無年齡維度,0.0,女,遷入,其他鄉鎮,4
112,3,26,平溪區,,,,無年齡維度,0.0,男,遷入,其他鄉鎮,3
112,3,26,平溪區,,,,無年齡維度,0.0,女,遷入,合計,8
112,3,26,平溪區,,,,無年齡維度,0.0,男,遷入,合計,13
112,3,26,平溪區,,,,無年齡維度,0.0,女,遷入,國外,0
112,3,26,平溪區,,,,無年齡維度,0.0,男,遷入,國外,3
112,3,26,平溪區,,,,無年齡維度,0.0,女,遷入,新北市內,0
112,3,26,平溪區,,,,無年齡維度,0.0,男,遷入,新北市內,0
112,3,26,平溪區,,,,無年齡維度,0.0,女,遷入,桃園市,2
112,3,26,平溪區,,,,無年齡維度,0.0,男,遷入,桃園市,1
112,3,26,平溪區,,,,無年齡維度,0.0,女,遷入,福建省,0
112,3,26,平溪區,,,,無年齡維度,0.0,男,遷入,福建省,0
112,3,26,平溪區,,,,無年齡維度,0.0,女,遷入,臺中市,0
112,3,26,平溪區,,,,無年齡維度,0.0,男,遷入,臺中市,0
112,3,26,平溪區,,,,無年齡維度,0.0,女,遷入,臺北市,0
112,3,26,平溪區,,,,無年齡維度,0.0,男,遷入,臺北市,2
112,3,26,平溪區,,,,無年齡維度,0.0,女,遷入,臺南市,0
112,3,26,平溪區,,,,無年齡維度,0.0,男,遷入,臺南市,0
112,3,26,平溪區,,,,無年齡維度,0.0,女,遷入,臺灣省,1
112,3,26,平溪區,,,,無年齡維度,0.0,男,遷入,臺灣省,4
112,3,26,平溪區,,,,無年齡維度,0.0,女,遷入,高雄市,1
112,3,26,平溪區,,,,無年齡維度,0.0,男,遷入,高雄市,0
112,3,26,平溪區,,,,無年齡維度,0.0,女,遷出,migrants,7
112,3,26,平溪區,,,,無年齡維度,0.0,男,遷出,migrants,1
112,3,26,平溪區,,,,無年齡維度,0.0,女,遷出,other,0
112,3,26,平溪區,,,,無年齡維度,0.0,男,遷出,other,0
112,3,26,平溪區,,,,無年齡維度,0.0,女,遷出,其他縣市,0
112,3,26,平溪區,,,,無年齡維度,0.0,男,遷出,其他縣市,0
112,3,26,平溪區,,,,無年齡維度,0.0,女,遷出,其他鄉鎮,6
112,3,26,平溪區,,,,無年齡維度,0.0,男,遷出,其他鄉鎮,6
112,3,26,平溪區,,,,無年齡維度,0.0,女,遷出,合計,15
112,3,26,平溪區,,,,無年齡維度,0.0,男,遷出,合計,24
112,3,26,平溪區,,,,無年齡維度,0.0,女,遷出,國外,0
112,3,26,平溪區,,,,無年齡維度,0.0,男,遷出,國外,2
112,3,26,平溪區,,,,無年齡維度,0.0,女,遷出,新北市內,0
112,3,26,平溪區,,,,無年齡維度,0.0,男,遷出,新北市內,0
112,3,26,平溪區,,,,無年齡維度,0.0,女,遷出,桃園市,1
112,3,26,平溪區,,,,無年齡維度,0.0,男,遷出,桃園市,2
112,3,26,平溪區,,,,無年齡維度,0.0,女,遷出,福建省,1
112,3,26,平溪區,,,,無年齡維度,0.0,男,遷出,福建省,0
112,3,26,平溪區,,,,無年齡維度,0.0,女,遷出,臺中市,0
112,3,26,平溪區,,,,無年齡維度,0.0,男,遷出,臺中市,0
112,3,26,平溪區,,,,無年齡維度,0.0,女,遷出,臺北市,1
112,3,26,平溪區,,,,無年齡維度,0.0,男,遷出,臺北市,2
112,3,26,平溪區,,,,無年齡維度,0.0,女,遷出,臺南市,2
112,3,26,平溪區,,,,無年齡維度,0.0,男,遷出,臺南市,1
112,3,26,平溪區,,,,無年齡維度,0.0,女,遷出,臺灣省,3
112,3,26,平溪區,,,,無年齡維度,0.0,男,遷出,臺灣省,11
112,3,26,平溪區,,,,無年齡維度,0.0,女,遷出,高雄市,0
112,3,26,平溪區,,,,無年齡維度,0.0,男,遷出,高雄市,0
112,3,27,雙溪區,,,,無年齡維度,0.0,女,遷入,migrants,17
112,3,27,雙溪區,,,,無年齡維度,0.0,男,遷入,migrants,12
112,3,27,雙溪區,,,,無年齡維度,0.0,女,遷入,other,0
112,3,27,雙溪區,,,,無年齡維度,0.0,男,遷入,other,0
112,3,27,雙溪區,,,,無年齡維度,0.0,女,遷入,其他縣市,0
112,3,27,雙溪區,,,,無年齡維度,0.0,男,遷入,其他縣市,0
112,3,27,雙溪區,,,,無年齡維度,0.0,女,遷入,其他鄉鎮,7
112,3,27,雙溪區,,,,無年齡維度,0.0,男,遷入,其他鄉鎮,8
112,3,27,雙溪區,,,,無年齡維度,0.0,女,遷入,合計,34
112,3,27,雙溪區,,,,無年齡維度,0.0,男,遷入,合計,27
112,3,27,雙溪區,,,,無年齡維度,0.0,女,遷入,國外,7
112,3,27,雙溪區,,,,無年齡維度,0.0,男,遷入,國外,12
112,3,27,雙溪區,,,,無年齡維度,0.0,女,遷入,新北市內,0
112,3,27,雙溪區,,,,無年齡維度,0.0,男,遷入,新北市內,0
112,3,27,雙溪區,,,,無年齡維度,0.0,女,遷入,桃園市,2
112,3,27,雙溪區,,,,無年齡維度,0.0,男,遷入,桃園市,1
112,3,27,雙溪區,,,,無年齡維度,0.0,女,遷入,福建省,0
112,3,27,雙溪區,,,,無年齡維度,0.0,男,遷入,福建省,0
112,3,27,雙溪區,,,,無年齡維度,0.0,女,遷入,臺中市,1
112,3,27,雙溪區,,,,無年齡維度,0.0,男,遷入,臺中市,2
112,3,27,雙溪區,,,,無年齡維度,0.0,女,遷入,臺北市,7
112,3,27,雙溪區,,,,無年齡維度,0.0,男,遷入,臺北市,1
112,3,27,雙溪區,,,,無年齡維度,0.0,女,遷入,臺南市,0
112,3,27,雙溪區,,,,無年齡維度,0.0,男,遷入,臺南市,0
112,3,27,雙溪區,,,,無年齡維度,0.0,女,遷入,臺灣省,9
112,3,27,雙溪區,,,,無年齡維度,0.0,男,遷入,臺灣省,3
112,3,27,雙溪區,,,,無年齡維度,0.0,女,遷入,高雄市,0
112,3,27,雙溪區,,,,無年齡維度,0.0,男,遷入,高雄市,0
112,3,27,雙溪區,,,,無年齡維度,0.0,女,遷出,migrants,17
112,3,27,雙溪區,,,,無年齡維度,0.0,男,遷出,migrants,12
112,3,27,雙溪區,,,,無年齡維度,0.0,女,遷出,other,0
112,3,27,雙溪區,,,,無年齡維度,0.0,男,遷出,other,0
112,3,27,雙溪區,,,,無年齡維度,0.0,女,遷出,其他縣市,0
112,3,27,雙溪區,,,,無年齡維度,0.0,男,遷出,其他縣市,0
112,3,27,雙溪區,,,,無年齡維度,0.0,女,遷出,其他鄉鎮,3
112,3,27,雙溪區,,,,無年齡維度,0.0,男,遷出,其他鄉鎮,6
112,3,27,雙溪區,,,,無年齡維度,0.0,女,遷出,合計,21
112,3,27,雙溪區,,,,無年齡維度,0.0,男,遷出,合計,20
112,3,27,雙溪區,,,,無年齡維度,0.0,女,遷出,國外,0
112,3,27,雙溪區,,,,無年齡維度,0.0,男,遷出,國外,0
112,3,27,雙溪區,,,,無年齡維度,0.0,女,遷出,新北市內,0
112,3,27,雙溪區,,,,無年齡維度,0.0,男,遷出,新北市內,0
112,3,27,雙溪區,,,,無年齡維度,0.0,女,遷出,桃園市,4
112,3,27,雙溪區,,,,無年齡維度,0.0,男,遷出,桃園市,0
112,3,27,雙溪區,,,,無年齡維度,0.0,女,遷出,福建省,0
112,3,27,雙溪區,,,,無年齡維度,0.0,男,遷出,福建省,1
112,3,27,雙溪區,,,,無年齡維度,0.0,女,遷出,臺中市,0
112,3,27,雙溪區,,,,無年齡維度,0.0,男,遷出,臺中市,0
112,3,27,雙溪區,,,,無年齡維度,0.0,女,遷出,臺北市,3
112,3,27,雙溪區,,,,無年齡維度,0.0,男,遷出,臺北市,3
112,3,27,雙溪區,,,,無年齡維度,0.0,女,遷出,臺南市,0
112,3,27,雙溪區,,,,無年齡維度,0.0,男,遷出,臺南市,0
112,3,27,雙溪區,,,,無年齡維度,0.0,女,遷出,臺灣省,10
112,3,27,雙溪區,,,,無年齡維度,0.0,男,遷出,臺灣省,9
112,3,27,雙溪區,,,,無年齡維度,0.0,女,遷出,高雄市,1
112,3,27,雙溪區,,,,無年齡維度,0.0,男,遷出,高雄市,1
112,3,28,貢寮區,,,,無年齡維度,0.0,女,遷入,migrants,14
112,3,28,貢寮區,,,,無年齡維度,0.0,男,遷入,migrants,21
112,3,28,貢寮區,,,,無年齡維度,0.0,女,遷入,other,0
112,3,28,貢寮區,,,,無年齡維度,0.0,男,遷入,other,0
112,3,28,貢寮區,,,,無年齡維度,0.0,女,遷入,其他縣市,0
112,3,28,貢寮區,,,,無年齡維度,0.0,男,遷入,其他縣市,0
112,3,28,貢寮區,,,,無年齡維度,0.0,女,遷入,其他鄉鎮,4
112,3,28,貢寮區,,,,無年齡維度,0.0,男,遷入,其他鄉鎮,11
112,3,28,貢寮區,,,,無年齡維度,0.0,女,遷入,合計,34
112,3,28,貢寮區,,,,無年齡維度,0.0,男,遷入,合計,37
112,3,28,貢寮區,,,,無年齡維度,0.0,女,遷入,國外,10
112,3,28,貢寮區,,,,無年齡維度,0.0,男,遷入,國外,11
112,3,28,貢寮區,,,,無年齡維度,0.0,女,遷入,新北市內,0
112,3,28,貢寮區,,,,無年齡維度,0.0,男,遷入,新北市內,0
112,3,28,貢寮區,,,,無年齡維度,0.0,女,遷入,桃園市,1
112,3,28,貢寮區,,,,無年齡維度,0.0,男,遷入,桃園市,0
112,3,28,貢寮區,,,,無年齡維度,0.0,女,遷入,福建省,0
112,3,28,貢寮區,,,,無年齡維度,0.0,男,遷入,福建省,0
112,3,28,貢寮區,,,,無年齡維度,0.0,女,遷入,臺中市,0
112,3,28,貢寮區,,,,無年齡維度,0.0,男,遷入,臺中市,2
112,3,28,貢寮區,,,,無年齡維度,0.0,女,遷入,臺北市,2
112,3,28,貢寮區,,,,無年齡維度,0.0,男,遷入,臺北市,2
112,3,28,貢寮區,,,,無年齡維度,0.0,女,遷入,臺南市,0
112,3,28,貢寮區,,,,無年齡維度,0.0,男,遷入,臺南市,0
112,3,28,貢寮區,,,,無年齡維度,0.0,女,遷入,臺灣省,16
112,3,28,貢寮區,,,,無年齡維度,0.0,男,遷入,臺灣省,10
112,3,28,貢寮區,,,,無年齡維度,0.0,女,遷入,高雄市,0
112,3,28,貢寮區,,,,無年齡維度,0.0,男,遷入,高雄市,1
112,3,28,貢寮區,,,,無年齡維度,0.0,女,遷出,migrants,14
112,3,28,貢寮區,,,,無年齡維度,0.0,男,遷出,migrants,21
112,3,28,貢寮區,,,,無年齡維度,0.0,女,遷出,other,0
112,3,28,貢寮區,,,,無年齡維度,0.0,男,遷出,other,0
112,3,28,貢寮區,,,,無年齡維度,0.0,女,遷出,其他縣市,0
112,3,28,貢寮區,,,,無年齡維度,0.0,男,遷出,其他縣市,0
112,3,28,貢寮區,,,,無年齡維度,0.0,女,遷出,其他鄉鎮,8
112,3,28,貢寮區,,,,無年齡維度,0.0,男,遷出,其他鄉鎮,9
112,3,28,貢寮區,,,,無年齡維度,0.0,女,遷出,合計,43
112,3,28,貢寮區,,,,無年齡維度,0.0,男,遷出,合計,45
112,3,28,貢寮區,,,,無年齡維度,0.0,女,遷出,國外,0
112,3,28,貢寮區,,,,無年齡維度,0.0,男,遷出,國外,1
112,3,28,貢寮區,,,,無年齡維度,0.0,女,遷出,新北市內,0
112,3,28,貢寮區,,,,無年齡維度,0.0,男,遷出,新北市內,0
112,3,28,貢寮區,,,,無年齡維度,0.0,女,遷出,桃園市,2
112,3,28,貢寮區,,,,無年齡維度,0.0,男,遷出,桃園市,1
112,3,28,貢寮區,,,,無年齡維度,0.0,女,遷出,福建省,0
112,3,28,貢寮區,,,,無年齡維度,0.0,男,遷出,福建省,0
112,3,28,貢寮區,,,,無年齡維度,0.0,女,遷出,臺中市,0
112,3,28,貢寮區,,,,無年齡維度,0.0,男,遷出,臺中市,2
112,3,28,貢寮區,,,,無年齡維度,0.0,女,遷出,臺北市,9
112,3,28,貢寮區,,,,無年齡維度,0.0,男,遷出,臺北市,8
112,3,28,貢寮區,,,,無年齡維度,0.0,女,遷出,臺南市,0
112,3,28,貢寮區,,,,無年齡維度,0.0,男,遷出,臺南市,1
112,3,28,貢寮區,,,,無年齡維度,0.0,女,遷出,臺灣省,24
112,3,28,貢寮區,,,,無年齡維度,0.0,男,遷出,臺灣省,23
112,3,28,貢寮區,,,,無年齡維度,0.0,女,遷出,高雄市,0
112,3,28,貢寮區,,,,無年齡維度,0.0,男,遷出,高雄市,0
112,3,29,烏來區,,,,無年齡維度,0.0,女,遷入,migrants,3
112,3,29,烏來區,,,,無年齡維度,0.0,男,遷入,migrants,2
112,3,29,烏來區,,,,無年齡維度,0.0,女,遷入,other,0
112,3,29,烏來區,,,,無年齡維度,0.0,男,遷入,other,0
112,3,29,烏來區,,,,無年齡維度,0.0,女,遷入,其他縣市,0
112,3,29,烏來區,,,,無年齡維度,0.0,男,遷入,其他縣市,0
112,3,29,烏來區,,,,無年齡維度,0.0,女,遷入,其他鄉鎮,4
112,3,29,烏來區,,,,無年齡維度,0.0,男,遷入,其他鄉鎮,4
112,3,29,烏來區,,,,無年齡維度,0.0,女,遷入,合計,19
112,3,29,烏來區,,,,無年齡維度,0.0,男,遷入,合計,10
112,3,29,烏來區,,,,無年齡維度,0.0,女,遷入,國外,3
112,3,29,烏來區,,,,無年齡維度,0.0,男,遷入,國外,2
112,3,29,烏來區,,,,無年齡維度,0.0,女,遷入,新北市內,0
112,3,29,烏來區,,,,無年齡維度,0.0,男,遷入,新北市內,0
112,3,29,烏來區,,,,無年齡維度,0.0,女,遷入,桃園市,5
112,3,29,烏來區,,,,無年齡維度,0.0,男,遷入,桃園市,1
112,3,29,烏來區,,,,無年齡維度,0.0,女,遷入,福建省,0
112,3,29,烏來區,,,,無年齡維度,0.0,男,遷入,福建省,0
112,3,29,烏來區,,,,無年齡維度,0.0,女,遷入,臺中市,0
112,3,29,烏來區,,,,無年齡維度,0.0,男,遷入,臺中市,0
112,3,29,烏來區,,,,無年齡維度,0.0,女,遷入,臺北市,4
112,3,29,烏來區,,,,無年齡維度,0.0,男,遷入,臺北市,0
112,3,29,烏來區,,,,無年齡維度,0.0,女,遷入,臺南市,0
112,3,29,烏來區,,,,無年齡維度,0.0,男,遷入,臺南市,0
112,3,29,烏來區,,,,無年齡維度,0.0,女,遷入,臺灣省,3
112,3,29,烏來區,,,,無年齡維度,0.0,男,遷入,臺灣省,3
112,3,29,烏來區,,,,無年齡維度,0.0,女,遷入,高雄市,0
112,3,29,烏來區,,,,無年齡維度,0.0,男,遷入,高雄市,0
112,3,29,烏來區,,,,無年齡維度,0.0,女,遷出,migrants,3
112,3,29,烏來區,,,,無年齡維度,0.0,男,遷出,migrants,2
112,3,29,烏來區,,,,無年齡維度,0.0,女,遷出,other,0
112,3,29,烏來區,,,,無年齡維度,0.0,男,遷出,other,0
112,3,29,烏來區,,,,無年齡維度,0.0,女,遷出,其他縣市,0
112,3,29,烏來區,,,,無年齡維度,0.0,男,遷出,其他縣市,0
112,3,29,烏來區,,,,無年齡維度,0.0,女,遷出,其他鄉鎮,16
112,3,29,烏來區,,,,無年齡維度,0.0,男,遷出,其他鄉鎮,10
112,3,29,烏來區,,,,無年齡維度,0.0,女,遷出,合計,24
112,3,29,烏來區,,,,無年齡維度,0.0,男,遷出,合計,23
112,3,29,烏來區,,,,無年齡維度,0.0,女,遷出,國外,0
112,3,29,烏來區,,,,無年齡維度,0.0,男,遷出,國外,1
112,3,29,烏來區,,,,無年齡維度,0.0,女,遷出,新北市內,0
112,3,29,烏來區,,,,無年齡維度,0.0,男,遷出,新北市內,0
112,3,29,烏來區,,,,無年齡維度,0.0,女,遷出,桃園市,1
112,3,29,烏來區,,,,無年齡維度,0.0,男,遷出,桃園市,2
112,3,29,烏來區,,,,無年齡維度,0.0,女,遷出,福建省,0
112,3,29,烏來區,,,,無年齡維度,0.0,男,遷出,福建省,0
112,3,29,烏來區,,,,無年齡維度,0.0,女,遷出,臺中市,0
112,3,29,烏來區,,,,無年齡維度,0.0,男,遷出,臺中市,0
112,3,29,烏來區,,,,無年齡維度,0.0,女,遷出,臺北市,4
112,3,29,烏來區,,,,無年齡維度,0.0,男,遷出,臺北市,6
112,3,29,烏來區,,,,無年齡維度,0.0,女,遷出,臺南市,0
112,3,29,烏來區,,,,無年齡維度,0.0,男,遷出,臺南市,0
112,3,29,烏來區,,,,無年齡維度,0.0,女,遷出,臺灣省,2
112,3,29,烏來區,,,,無年齡維度,0.0,男,遷出,臺灣省,3
112,3,29,烏來區,,,,無年齡維度,0.0,女,遷出,高雄市,1
112,3,29,烏來區,,,,無年齡維度,0.0,男,遷出,高雄市,1
112,4,1,板橋區,,,,無年齡維度,0.0,女,遷入,migrants,614
112,4,1,板橋區,,,,無年齡維度,0.0,男,遷入,migrants,499
112,4,1,板橋區,,,,無年齡維度,0.0,女,遷入,other,0
112,4,1,板橋區,,,,無年齡維度,0.0,男,遷入,other,1
112,4,1,板橋區,,,,無年齡維度,0.0,女,遷入,其他縣市,0
112,4,1,板橋區,,,,無年齡維度,0.0,男,遷入,其他縣市,0
112,4,1,板橋區,,,,無年齡維度,0.0,女,遷入,其他鄉鎮,318
112,4,1,板橋區,,,,無年齡維度,0.0,男,遷入,其他鄉鎮,263
112,4,1,板橋區,,,,無年齡維度,0.0,女,遷入,合計,1006
112,4,1,板橋區,,,,無年齡維度,0.0,男,遷入,合計,884
112,4,1,板橋區,,,,無年齡維度,0.0,女,遷入,國外,326
112,4,1,板橋區,,,,無年齡維度,0.0,男,遷入,國外,287
112,4,1,板橋區,,,,無年齡維度,0.0,女,遷入,新北市內,0
112,4,1,板橋區,,,,無年齡維度,0.0,男,遷入,新北市內,0
112,4,1,板橋區,,,,無年齡維度,0.0,女,遷入,桃園市,39
112,4,1,板橋區,,,,無年齡維度,0.0,男,遷入,桃園市,46
112,4,1,板橋區,,,,無年齡維度,0.0,女,遷入,福建省,7
112,4,1,板橋區,,,,無年齡維度,0.0,男,遷入,福建省,8
112,4,1,板橋區,,,,無年齡維度,0.0,女,遷入,臺中市,19
112,4,1,板橋區,,,,無年齡維度,0.0,男,遷入,臺中市,15
112,4,1,板橋區,,,,無年齡維度,0.0,女,遷入,臺北市,149
112,4,1,板橋區,,,,無年齡維度,0.0,男,遷入,臺北市,152
112,4,1,板橋區,,,,無年齡維度,0.0,女,遷入,臺南市,13
112,4,1,板橋區,,,,無年齡維度,0.0,男,遷入,臺南市,9
112,4,1,板橋區,,,,無年齡維度,0.0,女,遷入,臺灣省,93
112,4,1,板橋區,,,,無年齡維度,0.0,男,遷入,臺灣省,78
112,4,1,板橋區,,,,無年齡維度,0.0,女,遷入,高雄市,17
112,4,1,板橋區,,,,無年齡維度,0.0,男,遷入,高雄市,10
112,4,1,板橋區,,,,無年齡維度,0.0,女,遷出,migrants,614
112,4,1,板橋區,,,,無年齡維度,0.0,男,遷出,migrants,499
112,4,1,板橋區,,,,無年齡維度,0.0,女,遷出,other,0
112,4,1,板橋區,,,,無年齡維度,0.0,男,遷出,other,0
112,4,1,板橋區,,,,無年齡維度,0.0,女,遷出,其他縣市,0
112,4,1,板橋區,,,,無年齡維度,0.0,男,遷出,其他縣市,0
112,4,1,板橋區,,,,無年齡維度,0.0,女,遷出,其他鄉鎮,322
112,4,1,板橋區,,,,無年齡維度,0.0,男,遷出,其他鄉鎮,258
112,4,1,板橋區,,,,無年齡維度,0.0,女,遷出,合計,667
112,4,1,板橋區,,,,無年齡維度,0.0,男,遷出,合計,595
112,4,1,板橋區,,,,無年齡維度,0.0,女,遷出,國外,26
112,4,1,板橋區,,,,無年齡維度,0.0,男,遷出,國外,31
112,4,1,板橋區,,,,無年齡維度,0.0,女,遷出,新北市內,0
112,4,1,板橋區,,,,無年齡維度,0.0,男,遷出,新北市內,0
112,4,1,板橋區,,,,無年齡維度,0.0,女,遷出,桃園市,75
112,4,1,板橋區,,,,無年齡維度,0.0,男,遷出,桃園市,80
112,4,1,板橋區,,,,無年齡維度,0.0,女,遷出,福建省,10
112,4,1,板橋區,,,,無年齡維度,0.0,男,遷出,福建省,9
112,4,1,板橋區,,,,無年齡維度,0.0,女,遷出,臺中市,30
112,4,1,板橋區,,,,無年齡維度,0.0,男,遷出,臺中市,14
112,4,1,板橋區,,,,無年齡維度,0.0,女,遷出,臺北市,105
112,4,1,板橋區,,,,無年齡維度,0.0,男,遷出,臺北市,92
112,4,1,板橋區,,,,無年齡維度,0.0,女,遷出,臺南市,9
112,4,1,板橋區,,,,無年齡維度,0.0,男,遷出,臺南市,9
112,4,1,板橋區,,,,無年齡維度,0.0,女,遷出,臺灣省,75
112,4,1,板橋區,,,,無年齡維度,0.0,男,遷出,臺灣省,90
112,4,1,板橋區,,,,無年齡維度,0.0,女,遷出,高雄市,14
112,4,1,板橋區,,,,無年齡維度,0.0,男,遷出,高雄市,12
112,4,2,三重區,,,,無年齡維度,0.0,女,遷入,migrants,387
112,4,2,三重區,,,,無年齡維度,0.0,男,遷入,migrants,370
112,4,2,三重區,,,,無年齡維度,0.0,女,遷入,other,0
112,4,2,三重區,,,,無年齡維度,0.0,男,遷入,other,0
112,4,2,三重區,,,,無年齡維度,0.0,女,遷入,其他縣市,0
112,4,2,三重區,,,,無年齡維度,0.0,男,遷入,其他縣市,0
112,4,2,三重區,,,,無年齡維度,0.0,女,遷入,其他鄉鎮,199
112,4,2,三重區,,,,無年齡維度,0.0,男,遷入,其他鄉鎮,159
112,4,2,三重區,,,,無年齡維度,0.0,女,遷入,合計,748
112,4,2,三重區,,,,無年齡維度,0.0,男,遷入,合計,602
112,4,2,三重區,,,,無年齡維度,0.0,女,遷入,國外,219
112,4,2,三重區,,,,無年齡維度,0.0,男,遷入,國外,176
112,4,2,三重區,,,,無年齡維度,0.0,女,遷入,新北市內,0
112,4,2,三重區,,,,無年齡維度,0.0,男,遷入,新北市內,0
112,4,2,三重區,,,,無年齡維度,0.0,女,遷入,桃園市,33
112,4,2,三重區,,,,無年齡維度,0.0,男,遷入,桃園市,18
112,4,2,三重區,,,,無年齡維度,0.0,女,遷入,福建省,3
112,4,2,三重區,,,,無年齡維度,0.0,男,遷入,福建省,2
112,4,2,三重區,,,,無年齡維度,0.0,女,遷入,臺中市,11
112,4,2,三重區,,,,無年齡維度,0.0,男,遷入,臺中市,11
112,4,2,三重區,,,,無年齡維度,0.0,女,遷入,臺北市,175
112,4,2,三重區,,,,無年齡維度,0.0,男,遷入,臺北市,165
112,4,2,三重區,,,,無年齡維度,0.0,女,遷入,臺南市,9
112,4,2,三重區,,,,無年齡維度,0.0,男,遷入,臺南市,6
112,4,2,三重區,,,,無年齡維度,0.0,女,遷入,臺灣省,71
112,4,2,三重區,,,,無年齡維度,0.0,男,遷入,臺灣省,48
112,4,2,三重區,,,,無年齡維度,0.0,女,遷入,高雄市,9
112,4,2,三重區,,,,無年齡維度,0.0,男,遷入,高雄市,6
112,4,2,三重區,,,,無年齡維度,0.0,女,遷出,migrants,387
112,4,2,三重區,,,,無年齡維度,0.0,男,遷出,migrants,370
112,4,2,三重區,,,,無年齡維度,0.0,女,遷出,other,0
112,4,2,三重區,,,,無年齡維度,0.0,男,遷出,other,0
112,4,2,三重區,,,,無年齡維度,0.0,女,遷出,其他縣市,0
112,4,2,三重區,,,,無年齡維度,0.0,男,遷出,其他縣市,0
112,4,2,三重區,,,,無年齡維度,0.0,女,遷出,其他鄉鎮,202
112,4,2,三重區,,,,無年齡維度,0.0,男,遷出,其他鄉鎮,196
112,4,2,三重區,,,,無年齡維度,0.0,女,遷出,合計,500
112,4,2,三重區,,,,無年齡維度,0.0,男,遷出,合計,443
112,4,2,三重區,,,,無年齡維度,0.0,女,遷出,國外,18
112,4,2,三重區,,,,無年齡維度,0.0,男,遷出,國外,15
112,4,2,三重區,,,,無年齡維度,0.0,女,遷出,新北市內,0
112,4,2,三重區,,,,無年齡維度,0.0,男,遷出,新北市內,0
112,4,2,三重區,,,,無年齡維度,0.0,女,遷出,桃園市,55
112,4,2,三重區,,,,無年齡維度,0.0,男,遷出,桃園市,39
112,4,2,三重區,,,,無年齡維度,0.0,女,遷出,福建省,3
112,4,2,三重區,,,,無年齡維度,0.0,男,遷出,福建省,2
112,4,2,三重區,,,,無年齡維度,0.0,女,遷出,臺中市,20
112,4,2,三重區,,,,無年齡維度,0.0,男,遷出,臺中市,16
112,4,2,三重區,,,,無年齡維度,0.0,女,遷出,臺北市,116
112,4,2,三重區,,,,無年齡維度,0.0,男,遷出,臺北市,112
112,4,2,三重區,,,,無年齡維度,0.0,女,遷出,臺南市,6
112,4,2,三重區,,,,無年齡維度,0.0,男,遷出,臺南市,6
112,4,2,三重區,,,,無年齡維度,0.0,女,遷出,臺灣省,66
112,4,2,三重區,,,,無年齡維度,0.0,男,遷出,臺灣省,50
112,4,2,三重區,,,,無年齡維度,0.0,女,遷出,高雄市,14
112,4,2,三重區,,,,無年齡維度,0.0,男,遷出,高雄市,7
112,4,3,中和區,,,,無年齡維度,0.0,女,遷入,migrants,301
112,4,3,中和區,,,,無年齡維度,0.0,男,遷入,migrants,288
112,4,3,中和區,,,,無年齡維度,0.0,女,遷入,other,0
112,4,3,中和區,,,,無年齡維度,0.0,男,遷入,other,0
112,4,3,中和區,,,,無年齡維度,0.0,女,遷入,其他縣市,0
112,4,3,中和區,,,,無年齡維度,0.0,男,遷入,其他縣市,0
112,4,3,中和區,,,,無年齡維度,0.0,女,遷入,其他鄉鎮,256
112,4,3,中和區,,,,無年齡維度,0.0,男,遷入,其他鄉鎮,221
112,4,3,中和區,,,,無年齡維度,0.0,女,遷入,合計,887
112,4,3,中和區,,,,無年齡維度,0.0,男,遷入,合計,807
112,4,3,中和區,,,,無年齡維度,0.0,女,遷入,國外,350
112,4,3,中和區,,,,無年齡維度,0.0,男,遷入,國外,313
112,4,3,中和區,,,,無年齡維度,0.0,女,遷入,新北市內,0
112,4,3,中和區,,,,無年齡維度,0.0,男,遷入,新北市內,0
112,4,3,中和區,,,,無年齡維度,0.0,女,遷入,桃園市,29
112,4,3,中和區,,,,無年齡維度,0.0,男,遷入,桃園市,24
112,4,3,中和區,,,,無年齡維度,0.0,女,遷入,福建省,4
112,4,3,中和區,,,,無年齡維度,0.0,男,遷入,福建省,6
112,4,3,中和區,,,,無年齡維度,0.0,女,遷入,臺中市,9
112,4,3,中和區,,,,無年齡維度,0.0,男,遷入,臺中市,15
112,4,3,中和區,,,,無年齡維度,0.0,女,遷入,臺北市,146
112,4,3,中和區,,,,無年齡維度,0.0,男,遷入,臺北市,143
112,4,3,中和區,,,,無年齡維度,0.0,女,遷入,臺南市,7
112,4,3,中和區,,,,無年齡維度,0.0,男,遷入,臺南市,11
112,4,3,中和區,,,,無年齡維度,0.0,女,遷入,臺灣省,55
112,4,3,中和區,,,,無年齡維度,0.0,男,遷入,臺灣省,53
112,4,3,中和區,,,,無年齡維度,0.0,女,遷入,高雄市,12
112,4,3,中和區,,,,無年齡維度,0.0,男,遷入,高雄市,13
112,4,3,中和區,,,,無年齡維度,0.0,女,遷出,migrants,301
112,4,3,中和區,,,,無年齡維度,0.0,男,遷出,migrants,288
112,4,3,中和區,,,,無年齡維度,0.0,女,遷出,other,0
112,4,3,中和區,,,,無年齡維度,0.0,男,遷出,other,0
112,4,3,中和區,,,,無年齡維度,0.0,女,遷出,其他縣市,0
112,4,3,中和區,,,,無年齡維度,0.0,男,遷出,其他縣市,0
112,4,3,中和區,,,,無年齡維度,0.0,女,遷出,其他鄉鎮,319
112,4,3,中和區,,,,無年齡維度,0.0,男,遷出,其他鄉鎮,239
112,4,3,中和區,,,,無年齡維度,0.0,女,遷出,合計,615
112,4,3,中和區,,,,無年齡維度,0.0,男,遷出,合計,535
112,4,3,中和區,,,,無年齡維度,0.0,女,遷出,國外,30
112,4,3,中和區,,,,無年齡維度,0.0,男,遷出,國外,18
112,4,3,中和區,,,,無年齡維度,0.0,女,遷出,新北市內,0
112,4,3,中和區,,,,無年齡維度,0.0,男,遷出,新北市內,0
112,4,3,中和區,,,,無年齡維度,0.0,女,遷出,桃園市,54
112,4,3,中和區,,,,無年齡維度,0.0,男,遷出,桃園市,58
112,4,3,中和區,,,,無年齡維度,0.0,女,遷出,福建省,5
112,4,3,中和區,,,,無年齡維度,0.0,男,遷出,福建省,16
112,4,3,中和區,,,,無年齡維度,0.0,女,遷出,臺中市,15
112,4,3,中和區,,,,無年齡維度,0.0,男,遷出,臺中市,25
112,4,3,中和區,,,,無年齡維度,0.0,女,遷出,臺北市,96
112,4,3,中和區,,,,無年齡維度,0.0,男,遷出,臺北市,95
112,4,3,中和區,,,,無年齡維度,0.0,女,遷出,臺南市,11
112,4,3,中和區,,,,無年齡維度,0.0,男,遷出,臺南市,6
112,4,3,中和區,,,,無年齡維度,0.0,女,遷出,臺灣省,66
112,4,3,中和區,,,,無年齡維度,0.0,男,遷出,臺灣省,58
112,4,3,中和區,,,,無年齡維度,0.0,女,遷出,高雄市,17
112,4,3,中和區,,,,無年齡維度,0.0,男,遷出,高雄市,18
112,4,4,永和區,,,,無年齡維度,0.0,女,遷入,migrants,142
112,4,4,永和區,,,,無年齡維度,0.0,男,遷入,migrants,137
112,4,4,永和區,,,,無年齡維度,0.0,女,遷入,other,0
112,4,4,永和區,,,,無年齡維度,0.0,男,遷入,other,0
112,4,4,永和區,,,,無年齡維度,0.0,女,遷入,其他縣市,0
112,4,4,永和區,,,,無年齡維度,0.0,男,遷入,其他縣市,0
112,4,4,永和區,,,,無年齡維度,0.0,女,遷入,其他鄉鎮,116
112,4,4,永和區,,,,無年齡維度,0.0,男,遷入,其他鄉鎮,112
112,4,4,永和區,,,,無年齡維度,0.0,女,遷入,合計,580
112,4,4,永和區,,,,無年齡維度,0.0,男,遷入,合計,473
112,4,4,永和區,,,,無年齡維度,0.0,女,遷入,國外,295
112,4,4,永和區,,,,無年齡維度,0.0,男,遷入,國外,208
112,4,4,永和區,,,,無年齡維度,0.0,女,遷入,新北市內,0
112,4,4,永和區,,,,無年齡維度,0.0,男,遷入,新北市內,0
112,4,4,永和區,,,,無年齡維度,0.0,女,遷入,桃園市,14
112,4,4,永和區,,,,無年齡維度,0.0,男,遷入,桃園市,14
112,4,4,永和區,,,,無年齡維度,0.0,女,遷入,福建省,5
112,4,4,永和區,,,,無年齡維度,0.0,男,遷入,福建省,2
112,4,4,永和區,,,,無年齡維度,0.0,女,遷入,臺中市,8
112,4,4,永和區,,,,無年齡維度,0.0,男,遷入,臺中市,7
112,4,4,永和區,,,,無年齡維度,0.0,女,遷入,臺北市,78
112,4,4,永和區,,,,無年齡維度,0.0,男,遷入,臺北市,90
112,4,4,永和區,,,,無年齡維度,0.0,女,遷入,臺南市,3
112,4,4,永和區,,,,無年齡維度,0.0,男,遷入,臺南市,2
112,4,4,永和區,,,,無年齡維度,0.0,女,遷入,臺灣省,26
112,4,4,永和區,,,,無年齡維度,0.0,男,遷入,臺灣省,26
112,4,4,永和區,,,,無年齡維度,0.0,女,遷入,高雄市,13
112,4,4,永和區,,,,無年齡維度,0.0,男,遷入,高雄市,5
112,4,4,永和區,,,,無年齡維度,0.0,女,遷出,migrants,142
112,4,4,永和區,,,,無年齡維度,0.0,男,遷出,migrants,137
112,4,4,永和區,,,,無年齡維度,0.0,女,遷出,other,0
112,4,4,永和區,,,,無年齡維度,0.0,男,遷出,other,0
112,4,4,永和區,,,,無年齡維度,0.0,女,遷出,其他縣市,0
112,4,4,永和區,,,,無年齡維度,0.0,男,遷出,其他縣市,0
112,4,4,永和區,,,,無年齡維度,0.0,女,遷出,其他鄉鎮,168
112,4,4,永和區,,,,無年齡維度,0.0,男,遷出,其他鄉鎮,144
112,4,4,永和區,,,,無年齡維度,0.0,女,遷出,合計,345
112,4,4,永和區,,,,無年齡維度,0.0,男,遷出,合計,296
112,4,4,永和區,,,,無年齡維度,0.0,女,遷出,國外,26
112,4,4,永和區,,,,無年齡維度,0.0,男,遷出,國外,7
112,4,4,永和區,,,,無年齡維度,0.0,女,遷出,新北市內,0
112,4,4,永和區,,,,無年齡維度,0.0,男,遷出,新北市內,0
112,4,4,永和區,,,,無年齡維度,0.0,女,遷出,桃園市,24
112,4,4,永和區,,,,無年齡維度,0.0,男,遷出,桃園市,20
112,4,4,永和區,,,,無年齡維度,0.0,女,遷出,福建省,3
112,4,4,永和區,,,,無年齡維度,0.0,男,遷出,福建省,8
112,4,4,永和區,,,,無年齡維度,0.0,女,遷出,臺中市,12
112,4,4,永和區,,,,無年齡維度,0.0,男,遷出,臺中市,5
112,4,4,永和區,,,,無年齡維度,0.0,女,遷出,臺北市,69
112,4,4,永和區,,,,無年齡維度,0.0,男,遷出,臺北市,66
112,4,4,永和區,,,,無年齡維度,0.0,女,遷出,臺南市,4
112,4,4,永和區,,,,無年齡維度,0.0,男,遷出,臺南市,5
112,4,4,永和區,,,,無年齡維度,0.0,女,遷出,臺灣省,33
112,4,4,永和區,,,,無年齡維度,0.0,男,遷出,臺灣省,36
112,4,4,永和區,,,,無年齡維度,0.0,女,遷出,高雄市,5
112,4,4,永和區,,,,無年齡維度,0.0,男,遷出,高雄市,5
112,4,5,新莊區,,,,無年齡維度,0.0,女,遷入,migrants,440
112,4,5,新莊區,,,,無年齡維度,0.0,男,遷入,migrants,391
112,4,5,新莊區,,,,無年齡維度,0.0,女,遷入,other,0
112,4,5,新莊區,,,,無年齡維度,0.0,男,遷入,other,0
112,4,5,新莊區,,,,無年齡維度,0.0,女,遷入,其他縣市,0
112,4,5,新莊區,,,,無年齡維度,0.0,男,遷入,其他縣市,0
112,4,5,新莊區,,,,無年齡維度,0.0,女,遷入,其他鄉鎮,251
112,4,5,新莊區,,,,無年齡維度,0.0,男,遷入,其他鄉鎮,203
112,4,5,新莊區,,,,無年齡維度,0.0,女,遷入,合計,745
112,4,5,新莊區,,,,無年齡維度,0.0,男,遷入,合計,634
112,4,5,新莊區,,,,無年齡維度,0.0,女,遷入,國外,171
112,4,5,新莊區,,,,無年齡維度,0.0,男,遷入,國外,185
112,4,5,新莊區,,,,無年齡維度,0.0,女,遷入,新北市內,0
112,4,5,新莊區,,,,無年齡維度,0.0,男,遷入,新北市內,0
112,4,5,新莊區,,,,無年齡維度,0.0,女,遷入,桃園市,58
112,4,5,新莊區,,,,無年齡維度,0.0,男,遷入,桃園市,55
112,4,5,新莊區,,,,無年齡維度,0.0,女,遷入,福建省,5
112,4,5,新莊區,,,,無年齡維度,0.0,男,遷入,福建省,2
112,4,5,新莊區,,,,無年齡維度,0.0,女,遷入,臺中市,18
112,4,5,新莊區,,,,無年齡維度,0.0,男,遷入,臺中市,13
112,4,5,新莊區,,,,無年齡維度,0.0,女,遷入,臺北市,126
112,4,5,新莊區,,,,無年齡維度,0.0,男,遷入,臺北市,85
112,4,5,新莊區,,,,無年齡維度,0.0,女,遷入,臺南市,13
112,4,5,新莊區,,,,無年齡維度,0.0,男,遷入,臺南市,7
112,4,5,新莊區,,,,無年齡維度,0.0,女,遷入,臺灣省,67
112,4,5,新莊區,,,,無年齡維度,0.0,男,遷入,臺灣省,61
112,4,5,新莊區,,,,無年齡維度,0.0,女,遷入,高雄市,9
112,4,5,新莊區,,,,無年齡維度,0.0,男,遷入,高雄市,13
112,4,5,新莊區,,,,無年齡維度,0.0,女,遷出,migrants,440
112,4,5,新莊區,,,,無年齡維度,0.0,男,遷出,migrants,391
112,4,5,新莊區,,,,無年齡維度,0.0,女,遷出,other,0
112,4,5,新莊區,,,,無年齡維度,0.0,男,遷出,other,0
112,4,5,新莊區,,,,無年齡維度,0.0,女,遷出,其他縣市,0
112,4,5,新莊區,,,,無年齡維度,0.0,男,遷出,其他縣市,0
112,4,5,新莊區,,,,無年齡維度,0.0,女,遷出,其他鄉鎮,214
112,4,5,新莊區,,,,無年齡維度,0.0,男,遷出,其他鄉鎮,171
112,4,5,新莊區,,,,無年齡維度,0.0,女,遷出,合計,520
112,4,5,新莊區,,,,無年齡維度,0.0,男,遷出,合計,449
112,4,5,新莊區,,,,無年齡維度,0.0,女,遷出,國外,13
112,4,5,新莊區,,,,無年齡維度,0.0,男,遷出,國外,16
112,4,5,新莊區,,,,無年齡維度,0.0,女,遷出,新北市內,0
112,4,5,新莊區,,,,無年齡維度,0.0,男,遷出,新北市內,0
112,4,5,新莊區,,,,無年齡維度,0.0,女,遷出,桃園市,112
112,4,5,新莊區,,,,無年齡維度,0.0,男,遷出,桃園市,100
112,4,5,新莊區,,,,無年齡維度,0.0,女,遷出,福建省,8
112,4,5,新莊區,,,,無年齡維度,0.0,男,遷出,福建省,6
112,4,5,新莊區,,,,無年齡維度,0.0,女,遷出,臺中市,19
112,4,5,新莊區,,,,無年齡維度,0.0,男,遷出,臺中市,13
112,4,5,新莊區,,,,無年齡維度,0.0,女,遷出,臺北市,72
112,4,5,新莊區,,,,無年齡維度,0.0,男,遷出,臺北市,57
112,4,5,新莊區,,,,無年齡維度,0.0,女,遷出,臺南市,4
112,4,5,新莊區,,,,無年齡維度,0.0,男,遷出,臺南市,7
112,4,5,新莊區,,,,無年齡維度,0.0,女,遷出,臺灣省,68
112,4,5,新莊區,,,,無年齡維度,0.0,男,遷出,臺灣省,66
112,4,5,新莊區,,,,無年齡維度,0.0,女,遷出,高雄市,9
112,4,5,新莊區,,,,無年齡維度,0.0,男,遷出,高雄市,12
112,4,6,新店區,,,,無年齡維度,0.0,女,遷入,migrants,292
112,4,6,新店區,,,,無年齡維度,0.0,男,遷入,migrants,279
112,4,6,新店區,,,,無年齡維度,0.0,女,遷入,other,0
112,4,6,新店區,,,,無年齡維度,0.0,男,遷入,other,0
112,4,6,新店區,,,,無年齡維度,0.0,女,遷入,其他縣市,0
112,4,6,新店區,,,,無年齡維度,0.0,男,遷入,其他縣市,0
112,4,6,新店區,,,,無年齡維度,0.0,女,遷入,其他鄉鎮,108
112,4,6,新店區,,,,無年齡維度,0.0,男,遷入,其他鄉鎮,78
112,4,6,新店區,,,,無年齡維度,0.0,女,遷入,合計,817
112,4,6,新店區,,,,無年齡維度,0.0,男,遷入,合計,650
112,4,6,新店區,,,,無年齡維度,0.0,女,遷入,國外,397
112,4,6,新店區,,,,無年齡維度,0.0,男,遷入,國外,287
112,4,6,新店區,,,,無年齡維度,0.0,女,遷入,新北市內,0
112,4,6,新店區,,,,無年齡維度,0.0,男,遷入,新北市內,0
112,4,6,新店區,,,,無年齡維度,0.0,女,遷入,桃園市,24
112,4,6,新店區,,,,無年齡維度,0.0,男,遷入,桃園市,23
112,4,6,新店區,,,,無年齡維度,0.0,女,遷入,福建省,1
112,4,6,新店區,,,,無年齡維度,0.0,男,遷入,福建省,2
112,4,6,新店區,,,,無年齡維度,0.0,女,遷入,臺中市,12
112,4,6,新店區,,,,無年齡維度,0.0,男,遷入,臺中市,11
112,4,6,新店區,,,,無年齡維度,0.0,女,遷入,臺北市,191
112,4,6,新店區,,,,無年齡維度,0.0,男,遷入,臺北市,176
112,4,6,新店區,,,,無年齡維度,0.0,女,遷入,臺南市,6
112,4,6,新店區,,,,無年齡維度,0.0,男,遷入,臺南市,10
112,4,6,新店區,,,,無年齡維度,0.0,女,遷入,臺灣省,53
112,4,6,新店區,,,,無年齡維度,0.0,男,遷入,臺灣省,40
112,4,6,新店區,,,,無年齡維度,0.0,女,遷入,高雄市,11
112,4,6,新店區,,,,無年齡維度,0.0,男,遷入,高雄市,4
112,4,6,新店區,,,,無年齡維度,0.0,女,遷出,migrants,292
112,4,6,新店區,,,,無年齡維度,0.0,男,遷出,migrants,279
112,4,6,新店區,,,,無年齡維度,0.0,女,遷出,other,0
112,4,6,新店區,,,,無年齡維度,0.0,男,遷出,other,0
112,4,6,新店區,,,,無年齡維度,0.0,女,遷出,其他縣市,0
112,4,6,新店區,,,,無年齡維度,0.0,男,遷出,其他縣市,0
112,4,6,新店區,,,,無年齡維度,0.0,女,遷出,其他鄉鎮,130
112,4,6,新店區,,,,無年齡維度,0.0,男,遷出,其他鄉鎮,113
112,4,6,新店區,,,,無年齡維度,0.0,女,遷出,合計,438
112,4,6,新店區,,,,無年齡維度,0.0,男,遷出,合計,373
112,4,6,新店區,,,,無年齡維度,0.0,女,遷出,國外,34
112,4,6,新店區,,,,無年齡維度,0.0,男,遷出,國外,37
112,4,6,新店區,,,,無年齡維度,0.0,女,遷出,新北市內,0
112,4,6,新店區,,,,無年齡維度,0.0,男,遷出,新北市內,0
112,4,6,新店區,,,,無年齡維度,0.0,女,遷出,桃園市,43
112,4,6,新店區,,,,無年齡維度,0.0,男,遷出,桃園市,36
112,4,6,新店區,,,,無年齡維度,0.0,女,遷出,福建省,6
112,4,6,新店區,,,,無年齡維度,0.0,男,遷出,福建省,5
112,4,6,新店區,,,,無年齡維度,0.0,女,遷出,臺中市,23
112,4,6,新店區,,,,無年齡維度,0.0,男,遷出,臺中市,10
112,4,6,新店區,,,,無年齡維度,0.0,女,遷出,臺北市,127
112,4,6,新店區,,,,無年齡維度,0.0,男,遷出,臺北市,107
112,4,6,新店區,,,,無年齡維度,0.0,女,遷出,臺南市,12
112,4,6,新店區,,,,無年齡維度,0.0,男,遷出,臺南市,9
112,4,6,新店區,,,,無年齡維度,0.0,女,遷出,臺灣省,49
112,4,6,新店區,,,,無年齡維度,0.0,男,遷出,臺灣省,50
112,4,6,新店區,,,,無年齡維度,0.0,女,遷出,高雄市,14
112,4,6,新店區,,,,無年齡維度,0.0,男,遷出,高雄市,6
112,4,7,土城區,,,,無年齡維度,0.0,女,遷入,migrants,158
112,4,7,土城區,,,,無年齡維度,0.0,男,遷入,migrants,133
112,4,7,土城區,,,,無年齡維度,0.0,女,遷入,other,0
112,4,7,土城區,,,,無年齡維度,0.0,男,遷入,other,0
112,4,7,土城區,,,,無年齡維度,0.0,女,遷入,其他縣市,0
112,4,7,土城區,,,,無年齡維度,0.0,男,遷入,其他縣市,0
112,4,7,土城區,,,,無年齡維度,0.0,女,遷入,其他鄉鎮,127
112,4,7,土城區,,,,無年齡維度,0.0,男,遷入,其他鄉鎮,95
112,4,7,土城區,,,,無年齡維度,0.0,女,遷入,合計,305
112,4,7,土城區,,,,無年齡維度,0.0,男,遷入,合計,267
112,4,7,土城區,,,,無年齡維度,0.0,女,遷入,國外,83
112,4,7,土城區,,,,無年齡維度,0.0,男,遷入,國外,90
112,4,7,土城區,,,,無年齡維度,0.0,女,遷入,新北市內,0
112,4,7,土城區,,,,無年齡維度,0.0,男,遷入,新北市內,0
112,4,7,土城區,,,,無年齡維度,0.0,女,遷入,桃園市,21
112,4,7,土城區,,,,無年齡維度,0.0,男,遷入,桃園市,17
112,4,7,土城區,,,,無年齡維度,0.0,女,遷入,福建省,2
112,4,7,土城區,,,,無年齡維度,0.0,男,遷入,福建省,2
112,4,7,土城區,,,,無年齡維度,0.0,女,遷入,臺中市,2
112,4,7,土城區,,,,無年齡維度,0.0,男,遷入,臺中市,4
112,4,7,土城區,,,,無年齡維度,0.0,女,遷入,臺北市,27
112,4,7,土城區,,,,無年齡維度,0.0,男,遷入,臺北市,23
112,4,7,土城區,,,,無年齡維度,0.0,女,遷入,臺南市,3
112,4,7,土城區,,,,無年齡維度,0.0,男,遷入,臺南市,4
112,4,7,土城區,,,,無年齡維度,0.0,女,遷入,臺灣省,26
112,4,7,土城區,,,,無年齡維度,0.0,男,遷入,臺灣省,21
112,4,7,土城區,,,,無年齡維度,0.0,女,遷入,高雄市,6
112,4,7,土城區,,,,無年齡維度,0.0,男,遷入,高雄市,3
112,4,7,土城區,,,,無年齡維度,0.0,女,遷出,migrants,158
112,4,7,土城區,,,,無年齡維度,0.0,男,遷出,migrants,133
112,4,7,土城區,,,,無年齡維度,0.0,女,遷出,other,0
112,4,7,土城區,,,,無年齡維度,0.0,男,遷出,other,0
112,4,7,土城區,,,,無年齡維度,0.0,女,遷出,其他縣市,0
112,4,7,土城區,,,,無年齡維度,0.0,男,遷出,其他縣市,0
112,4,7,土城區,,,,無年齡維度,0.0,女,遷出,其他鄉鎮,140
112,4,7,土城區,,,,無年齡維度,0.0,男,遷出,其他鄉鎮,114
112,4,7,土城區,,,,無年齡維度,0.0,女,遷出,合計,267
112,4,7,土城區,,,,無年齡維度,0.0,男,遷出,合計,234
112,4,7,土城區,,,,無年齡維度,0.0,女,遷出,國外,17
112,4,7,土城區,,,,無年齡維度,0.0,男,遷出,國外,15
112,4,7,土城區,,,,無年齡維度,0.0,女,遷出,新北市內,0
112,4,7,土城區,,,,無年齡維度,0.0,男,遷出,新北市內,0
112,4,7,土城區,,,,無年齡維度,0.0,女,遷出,桃園市,43
112,4,7,土城區,,,,無年齡維度,0.0,男,遷出,桃園市,32
112,4,7,土城區,,,,無年齡維度,0.0,女,遷出,福建省,1
112,4,7,土城區,,,,無年齡維度,0.0,男,遷出,福建省,2
112,4,7,土城區,,,,無年齡維度,0.0,女,遷出,臺中市,10
112,4,7,土城區,,,,無年齡維度,0.0,男,遷出,臺中市,7
112,4,7,土城區,,,,無年齡維度,0.0,女,遷出,臺北市,23
112,4,7,土城區,,,,無年齡維度,0.0,男,遷出,臺北市,21
112,4,7,土城區,,,,無年齡維度,0.0,女,遷出,臺南市,3
112,4,7,土城區,,,,無年齡維度,0.0,男,遷出,臺南市,8
112,4,7,土城區,,,,無年齡維度,0.0,女,遷出,臺灣省,26
112,4,7,土城區,,,,無年齡維度,0.0,男,遷出,臺灣省,30
112,4,7,土城區,,,,無年齡維度,0.0,女,遷出,高雄市,4
112,4,7,土城區,,,,無年齡維度,0.0,男,遷出,高雄市,5
112,4,8,蘆洲區,,,,無年齡維度,0.0,女,遷入,migrants,96
112,4,8,蘆洲區,,,,無年齡維度,0.0,男,遷入,migrants,95
112,4,8,蘆洲區,,,,無年齡維度,0.0,女,遷入,other,0
112,4,8,蘆洲區,,,,無年齡維度,0.0,男,遷入,other,0
112,4,8,蘆洲區,,,,無年齡維度,0.0,女,遷入,其他縣市,0
112,4,8,蘆洲區,,,,無年齡維度,0.0,男,遷入,其他縣市,0
112,4,8,蘆洲區,,,,無年齡維度,0.0,女,遷入,其他鄉鎮,55
112,4,8,蘆洲區,,,,無年齡維度,0.0,男,遷入,其他鄉鎮,58
112,4,8,蘆洲區,,,,無年齡維度,0.0,女,遷入,合計,161
112,4,8,蘆洲區,,,,無年齡維度,0.0,男,遷入,合計,167
112,4,8,蘆洲區,,,,無年齡維度,0.0,女,遷入,國外,34
112,4,8,蘆洲區,,,,無年齡維度,0.0,男,遷入,國外,36
112,4,8,蘆洲區,,,,無年齡維度,0.0,女,遷入,新北市內,0
112,4,8,蘆洲區,,,,無年齡維度,0.0,男,遷入,新北市內,0
112,4,8,蘆洲區,,,,無年齡維度,0.0,女,遷入,桃園市,35
112,4,8,蘆洲區,,,,無年齡維度,0.0,男,遷入,桃園市,45
112,4,8,蘆洲區,,,,無年齡維度,0.0,女,遷入,福建省,0
112,4,8,蘆洲區,,,,無年齡維度,0.0,男,遷入,福建省,2
112,4,8,蘆洲區,,,,無年齡維度,0.0,女,遷入,臺中市,4
112,4,8,蘆洲區,,,,無年齡維度,0.0,男,遷入,臺中市,4
112,4,8,蘆洲區,,,,無年齡維度,0.0,女,遷入,臺北市,10
112,4,8,蘆洲區,,,,無年齡維度,0.0,男,遷入,臺北市,8
112,4,8,蘆洲區,,,,無年齡維度,0.0,女,遷入,臺南市,0
112,4,8,蘆洲區,,,,無年齡維度,0.0,男,遷入,臺南市,2
112,4,8,蘆洲區,,,,無年齡維度,0.0,女,遷入,臺灣省,13
112,4,8,蘆洲區,,,,無年齡維度,0.0,男,遷入,臺灣省,11
112,4,8,蘆洲區,,,,無年齡維度,0.0,女,遷入,高雄市,4
112,4,8,蘆洲區,,,,無年齡維度,0.0,男,遷入,高雄市,1
112,4,8,蘆洲區,,,,無年齡維度,0.0,女,遷出,migrants,96
112,4,8,蘆洲區,,,,無年齡維度,0.0,男,遷出,migrants,95
112,4,8,蘆洲區,,,,無年齡維度,0.0,女,遷出,other,0
112,4,8,蘆洲區,,,,無年齡維度,0.0,男,遷出,other,0
112,4,8,蘆洲區,,,,無年齡維度,0.0,女,遷出,其他縣市,0
112,4,8,蘆洲區,,,,無年齡維度,0.0,男,遷出,其他縣市,0
112,4,8,蘆洲區,,,,無年齡維度,0.0,女,遷出,其他鄉鎮,31
112,4,8,蘆洲區,,,,無年齡維度,0.0,男,遷出,其他鄉鎮,35
112,4,8,蘆洲區,,,,無年齡維度,0.0,女,遷出,合計,147
112,4,8,蘆洲區,,,,無年齡維度,0.0,男,遷出,合計,140
112,4,8,蘆洲區,,,,無年齡維度,0.0,女,遷出,國外,3
112,4,8,蘆洲區,,,,無年齡維度,0.0,男,遷出,國外,7
112,4,8,蘆洲區,,,,無年齡維度,0.0,女,遷出,新北市內,0
112,4,8,蘆洲區,,,,無年齡維度,0.0,男,遷出,新北市內,0
112,4,8,蘆洲區,,,,無年齡維度,0.0,女,遷出,桃園市,72
112,4,8,蘆洲區,,,,無年齡維度,0.0,男,遷出,桃園市,65
112,4,8,蘆洲區,,,,無年齡維度,0.0,女,遷出,福建省,3
112,4,8,蘆洲區,,,,無年齡維度,0.0,男,遷出,福建省,4
112,4,8,蘆洲區,,,,無年齡維度,0.0,女,遷出,臺中市,6
112,4,8,蘆洲區,,,,無年齡維度,0.0,男,遷出,臺中市,4
112,4,8,蘆洲區,,,,無年齡維度,0.0,女,遷出,臺北市,10
112,4,8,蘆洲區,,,,無年齡維度,0.0,男,遷出,臺北市,8
112,4,8,蘆洲區,,,,無年齡維度,0.0,女,遷出,臺南市,2
112,4,8,蘆洲區,,,,無年齡維度,0.0,男,遷出,臺南市,1
112,4,8,蘆洲區,,,,無年齡維度,0.0,女,遷出,臺灣省,19
112,4,8,蘆洲區,,,,無年齡維度,0.0,男,遷出,臺灣省,13
112,4,8,蘆洲區,,,,無年齡維度,0.0,女,遷出,高雄市,1
112,4,8,蘆洲區,,,,無年齡維度,0.0,男,遷出,高雄市,3
112,4,9,樹林區,,,,無年齡維度,0.0,女,遷入,migrants,125
112,4,9,樹林區,,,,無年齡維度,0.0,男,遷入,migrants,104
112,4,9,樹林區,,,,無年齡維度,0.0,女,遷入,other,0
112,4,9,樹林區,,,,無年齡維度,0.0,男,遷入,other,0
112,4,9,樹林區,,,,無年齡維度,0.0,女,遷入,其他縣市,0
112,4,9,樹林區,,,,無年齡維度,0.0,男,遷入,其他縣市,0
112,4,9,樹林區,,,,無年齡維度,0.0,女,遷入,其他鄉鎮,57
112,4,9,樹林區,,,,無年齡維度,0.0,男,遷入,其他鄉鎮,62
112,4,9,樹林區,,,,無年齡維度,0.0,女,遷入,合計,198
112,4,9,樹林區,,,,無年齡維度,0.0,男,遷入,合計,161
112,4,9,樹林區,,,,無年齡維度,0.0,女,遷入,國外,55
112,4,9,樹林區,,,,無年齡維度,0.0,男,遷入,國外,52
112,4,9,樹林區,,,,無年齡維度,0.0,女,遷入,新北市內,0
112,4,9,樹林區,,,,無年齡維度,0.0,男,遷入,新北市內,0
112,4,9,樹林區,,,,無年齡維度,0.0,女,遷入,桃園市,23
112,4,9,樹林區,,,,無年齡維度,0.0,男,遷入,桃園市,11
112,4,9,樹林區,,,,無年齡維度,0.0,女,遷入,福建省,3
112,4,9,樹林區,,,,無年齡維度,0.0,男,遷入,福建省,1
112,4,9,樹林區,,,,無年齡維度,0.0,女,遷入,臺中市,3
112,4,9,樹林區,,,,無年齡維度,0.0,男,遷入,臺中市,4
112,4,9,樹林區,,,,無年齡維度,0.0,女,遷入,臺北市,23
112,4,9,樹林區,,,,無年齡維度,0.0,男,遷入,臺北市,13
112,4,9,樹林區,,,,無年齡維度,0.0,女,遷入,臺南市,2
112,4,9,樹林區,,,,無年齡維度,0.0,男,遷入,臺南市,1
112,4,9,樹林區,,,,無年齡維度,0.0,女,遷入,臺灣省,23
112,4,9,樹林區,,,,無年齡維度,0.0,男,遷入,臺灣省,11
112,4,9,樹林區,,,,無年齡維度,0.0,女,遷入,高雄市,4
112,4,9,樹林區,,,,無年齡維度,0.0,男,遷入,高雄市,2
112,4,9,樹林區,,,,無年齡維度,0.0,女,遷出,migrants,125
112,4,9,樹林區,,,,無年齡維度,0.0,男,遷出,migrants,104
112,4,9,樹林區,,,,無年齡維度,0.0,女,遷出,other,0
112,4,9,樹林區,,,,無年齡維度,0.0,男,遷出,other,0
112,4,9,樹林區,,,,無年齡維度,0.0,女,遷出,其他縣市,0
112,4,9,樹林區,,,,無年齡維度,0.0,男,遷出,其他縣市,0
112,4,9,樹林區,,,,無年齡維度,0.0,女,遷出,其他鄉鎮,73
112,4,9,樹林區,,,,無年齡維度,0.0,男,遷出,其他鄉鎮,82
112,4,9,樹林區,,,,無年齡維度,0.0,女,遷出,合計,175
112,4,9,樹林區,,,,無年齡維度,0.0,男,遷出,合計,170
112,4,9,樹林區,,,,無年齡維度,0.0,女,遷出,國外,6
112,4,9,樹林區,,,,無年齡維度,0.0,男,遷出,國外,5
112,4,9,樹林區,,,,無年齡維度,0.0,女,遷出,新北市內,0
112,4,9,樹林區,,,,無年齡維度,0.0,男,遷出,新北市內,0
112,4,9,樹林區,,,,無年齡維度,0.0,女,遷出,桃園市,41
112,4,9,樹林區,,,,無年齡維度,0.0,男,遷出,桃園市,28
112,4,9,樹林區,,,,無年齡維度,0.0,女,遷出,福建省,1
112,4,9,樹林區,,,,無年齡維度,0.0,男,遷出,福建省,3
112,4,9,樹林區,,,,無年齡維度,0.0,女,遷出,臺中市,7
112,4,9,樹林區,,,,無年齡維度,0.0,男,遷出,臺中市,4
112,4,9,樹林區,,,,無年齡維度,0.0,女,遷出,臺北市,22
112,4,9,樹林區,,,,無年齡維度,0.0,男,遷出,臺北市,15
112,4,9,樹林區,,,,無年齡維度,0.0,女,遷出,臺南市,3
112,4,9,樹林區,,,,無年齡維度,0.0,男,遷出,臺南市,5
112,4,9,樹林區,,,,無年齡維度,0.0,女,遷出,臺灣省,21
112,4,9,樹林區,,,,無年齡維度,0.0,男,遷出,臺灣省,22
112,4,9,樹林區,,,,無年齡維度,0.0,女,遷出,高雄市,1
112,4,9,樹林區,,,,無年齡維度,0.0,男,遷出,高雄市,6
112,4,10,鶯歌區,,,,無年齡維度,0.0,女,遷入,migrants,277
112,4,10,鶯歌區,,,,無年齡維度,0.0,男,遷入,migrants,204
112,4,10,鶯歌區,,,,無年齡維度,0.0,女,遷入,other,0
112,4,10,鶯歌區,,,,無年齡維度,0.0,男,遷入,other,0
112,4,10,鶯歌區,,,,無年齡維度,0.0,女,遷入,其他縣市,0
112,4,10,鶯歌區,,,,無年齡維度,0.0,男,遷入,其他縣市,0
112,4,10,鶯歌區,,,,無年齡維度,0.0,女,遷入,其他鄉鎮,96
112,4,10,鶯歌區,,,,無年齡維度,0.0,男,遷入,其他鄉鎮,71
112,4,10,鶯歌區,,,,無年齡維度,0.0,女,遷入,合計,564
112,4,10,鶯歌區,,,,無年齡維度,0.0,男,遷入,合計,467
112,4,10,鶯歌區,,,,無年齡維度,0.0,女,遷入,國外,219
112,4,10,鶯歌區,,,,無年齡維度,0.0,男,遷入,國外,169
112,4,10,鶯歌區,,,,無年齡維度,0.0,女,遷入,新北市內,0
112,4,10,鶯歌區,,,,無年齡維度,0.0,男,遷入,新北市內,0
112,4,10,鶯歌區,,,,無年齡維度,0.0,女,遷入,桃園市,20
112,4,10,鶯歌區,,,,無年齡維度,0.0,男,遷入,桃園市,21
112,4,10,鶯歌區,,,,無年齡維度,0.0,女,遷入,福建省,2
112,4,10,鶯歌區,,,,無年齡維度,0.0,男,遷入,福建省,2
112,4,10,鶯歌區,,,,無年齡維度,0.0,女,遷入,臺中市,13
112,4,10,鶯歌區,,,,無年齡維度,0.0,男,遷入,臺中市,11
112,4,10,鶯歌區,,,,無年齡維度,0.0,女,遷入,臺北市,140
112,4,10,鶯歌區,,,,無年齡維度,0.0,男,遷入,臺北市,135
112,4,10,鶯歌區,,,,無年齡維度,0.0,女,遷入,臺南市,9
112,4,10,鶯歌區,,,,無年齡維度,0.0,男,遷入,臺南市,3
112,4,10,鶯歌區,,,,無年齡維度,0.0,女,遷入,臺灣省,37
112,4,10,鶯歌區,,,,無年齡維度,0.0,男,遷入,臺灣省,37
112,4,10,鶯歌區,,,,無年齡維度,0.0,女,遷入,高雄市,15
112,4,10,鶯歌區,,,,無年齡維度,0.0,男,遷入,高雄市,11
112,4,10,鶯歌區,,,,無年齡維度,0.0,女,遷出,migrants,277
112,4,10,鶯歌區,,,,無年齡維度,0.0,男,遷出,migrants,204
112,4,10,鶯歌區,,,,無年齡維度,0.0,女,遷出,other,0
112,4,10,鶯歌區,,,,無年齡維度,0.0,男,遷出,other,0
112,4,10,鶯歌區,,,,無年齡維度,0.0,女,遷出,其他縣市,0
112,4,10,鶯歌區,,,,無年齡維度,0.0,男,遷出,其他縣市,0
112,4,10,鶯歌區,,,,無年齡維度,0.0,女,遷出,其他鄉鎮,65
112,4,10,鶯歌區,,,,無年齡維度,0.0,男,遷出,其他鄉鎮,60
112,4,10,鶯歌區,,,,無年齡維度,0.0,女,遷出,合計,269
112,4,10,鶯歌區,,,,無年齡維度,0.0,男,遷出,合計,227
112,4,10,鶯歌區,,,,無年齡維度,0.0,女,遷出,國外,29
112,4,10,鶯歌區,,,,無年齡維度,0.0,男,遷出,國外,22
112,4,10,鶯歌區,,,,無年齡維度,0.0,女,遷出,新北市內,0
112,4,10,鶯歌區,,,,無年齡維度,0.0,男,遷出,新北市內,0
112,4,10,鶯歌區,,,,無年齡維度,0.0,女,遷出,桃園市,15
112,4,10,鶯歌區,,,,無年齡維度,0.0,男,遷出,桃園市,13
112,4,10,鶯歌區,,,,無年齡維度,0.0,女,遷出,福建省,7
112,4,10,鶯歌區,,,,無年齡維度,0.0,男,遷出,福建省,5
112,4,10,鶯歌區,,,,無年齡維度,0.0,女,遷出,臺中市,7
112,4,10,鶯歌區,,,,無年齡維度,0.0,男,遷出,臺中市,10
112,4,10,鶯歌區,,,,無年齡維度,0.0,女,遷出,臺北市,103
112,4,10,鶯歌區,,,,無年齡維度,0.0,男,遷出,臺北市,73
112,4,10,鶯歌區,,,,無年齡維度,0.0,女,遷出,臺南市,2
112,4,10,鶯歌區,,,,無年齡維度,0.0,男,遷出,臺南市,4
112,4,10,鶯歌區,,,,無年齡維度,0.0,女,遷出,臺灣省,32
112,4,10,鶯歌區,,,,無年齡維度,0.0,男,遷出,臺灣省,34
112,4,10,鶯歌區,,,,無年齡維度,0.0,女,遷出,高雄市,9
112,4,10,鶯歌區,,,,無年齡維度,0.0,男,遷出,高雄市,6
112,4,11,三峽區,,,,無年齡維度,0.0,女,遷入,migrants,214
112,4,11,三峽區,,,,無年齡維度,0.0,男,遷入,migrants,201
112,4,11,三峽區,,,,無年齡維度,0.0,女,遷入,other,0
112,4,11,三峽區,,,,無年齡維度,0.0,男,遷入,other,0
112,4,11,三峽區,,,,無年齡維度,0.0,女,遷入,其他縣市,0
112,4,11,三峽區,,,,無年齡維度,0.0,男,遷入,其他縣市,0
112,4,11,三峽區,,,,無年齡維度,0.0,女,遷入,其他鄉鎮,52
112,4,11,三峽區,,,,無年齡維度,0.0,男,遷入,其他鄉鎮,37
112,4,11,三峽區,,,,無年齡維度,0.0,女,遷入,合計,489
112,4,11,三峽區,,,,無年齡維度,0.0,男,遷入,合計,429
112,4,11,三峽區,,,,無年齡維度,0.0,女,遷入,國外,149
112,4,11,三峽區,,,,無年齡維度,0.0,男,遷入,國外,136
112,4,11,三峽區,,,,無年齡維度,0.0,女,遷入,新北市內,0
112,4,11,三峽區,,,,無年齡維度,0.0,男,遷入,新北市內,0
112,4,11,三峽區,,,,無年齡維度,0.0,女,遷入,桃園市,19
112,4,11,三峽區,,,,無年齡維度,0.0,男,遷入,桃園市,22
112,4,11,三峽區,,,,無年齡維度,0.0,女,遷入,福建省,0
112,4,11,三峽區,,,,無年齡維度,0.0,男,遷入,福建省,0
112,4,11,三峽區,,,,無年齡維度,0.0,女,遷入,臺中市,5
112,4,11,三峽區,,,,無年齡維度,0.0,男,遷入,臺中市,3
112,4,11,三峽區,,,,無年齡維度,0.0,女,遷入,臺北市,174
112,4,11,三峽區,,,,無年齡維度,0.0,男,遷入,臺北市,165
112,4,11,三峽區,,,,無年齡維度,0.0,女,遷入,臺南市,5
112,4,11,三峽區,,,,無年齡維度,0.0,男,遷入,臺南市,9
112,4,11,三峽區,,,,無年齡維度,0.0,女,遷入,臺灣省,65
112,4,11,三峽區,,,,無年齡維度,0.0,男,遷入,臺灣省,43
112,4,11,三峽區,,,,無年齡維度,0.0,女,遷入,高雄市,10
112,4,11,三峽區,,,,無年齡維度,0.0,男,遷入,高雄市,12
112,4,11,三峽區,,,,無年齡維度,0.0,女,遷出,migrants,214
112,4,11,三峽區,,,,無年齡維度,0.0,男,遷出,migrants,201
112,4,11,三峽區,,,,無年齡維度,0.0,女,遷出,other,0
112,4,11,三峽區,,,,無年齡維度,0.0,男,遷出,other,0
112,4,11,三峽區,,,,無年齡維度,0.0,女,遷出,其他縣市,0
112,4,11,三峽區,,,,無年齡維度,0.0,男,遷出,其他縣市,0
112,4,11,三峽區,,,,無年齡維度,0.0,女,遷出,其他鄉鎮,55
112,4,11,三峽區,,,,無年齡維度,0.0,男,遷出,其他鄉鎮,42
112,4,11,三峽區,,,,無年齡維度,0.0,女,遷出,合計,313
112,4,11,三峽區,,,,無年齡維度,0.0,男,遷出,合計,291
112,4,11,三峽區,,,,無年齡維度,0.0,女,遷出,國外,15
112,4,11,三峽區,,,,無年齡維度,0.0,男,遷出,國外,13
112,4,11,三峽區,,,,無年齡維度,0.0,女,遷出,新北市內,0
112,4,11,三峽區,,,,無年齡維度,0.0,男,遷出,新北市內,0
112,4,11,三峽區,,,,無年齡維度,0.0,女,遷出,桃園市,28
112,4,11,三峽區,,,,無年齡維度,0.0,男,遷出,桃園市,21
112,4,11,三峽區,,,,無年齡維度,0.0,女,遷出,福建省,3
112,4,11,三峽區,,,,無年齡維度,0.0,男,遷出,福建省,5
112,4,11,三峽區,,,,無年齡維度,0.0,女,遷出,臺中市,11
112,4,11,三峽區,,,,無年齡維度,0.0,男,遷出,臺中市,13
112,4,11,三峽區,,,,無年齡維度,0.0,女,遷出,臺北市,118
112,4,11,三峽區,,,,無年齡維度,0.0,男,遷出,臺北市,119
112,4,11,三峽區,,,,無年齡維度,0.0,女,遷出,臺南市,9
112,4,11,三峽區,,,,無年齡維度,0.0,男,遷出,臺南市,3
112,4,11,三峽區,,,,無年齡維度,0.0,女,遷出,臺灣省,67
112,4,11,三峽區,,,,無年齡維度,0.0,男,遷出,臺灣省,70
112,4,11,三峽區,,,,無年齡維度,0.0,女,遷出,高雄市,7
112,4,11,三峽區,,,,無年齡維度,0.0,男,遷出,高雄市,5
112,4,12,淡水區,,,,無年齡維度,0.0,女,遷入,migrants,22
112,4,12,淡水區,,,,無年齡維度,0.0,男,遷入,migrants,16
112,4,12,淡水區,,,,無年齡維度,0.0,女,遷入,other,0
112,4,12,淡水區,,,,無年齡維度,0.0,男,遷入,other,0
112,4,12,淡水區,,,,無年齡維度,0.0,女,遷入,其他縣市,0
112,4,12,淡水區,,,,無年齡維度,0.0,男,遷入,其他縣市,0
112,4,12,淡水區,,,,無年齡維度,0.0,女,遷入,其他鄉鎮,8
112,4,12,淡水區,,,,無年齡維度,0.0,男,遷入,其他鄉鎮,5
112,4,12,淡水區,,,,無年齡維度,0.0,女,遷入,合計,41
112,4,12,淡水區,,,,無年齡維度,0.0,男,遷入,合計,46
112,4,12,淡水區,,,,無年齡維度,0.0,女,遷入,國外,11
112,4,12,淡水區,,,,無年齡維度,0.0,男,遷入,國外,16
112,4,12,淡水區,,,,無年齡維度,0.0,女,遷入,新北市內,0
112,4,12,淡水區,,,,無年齡維度,0.0,男,遷入,新北市內,0
112,4,12,淡水區,,,,無年齡維度,0.0,女,遷入,桃園市,0
112,4,12,淡水區,,,,無年齡維度,0.0,男,遷入,桃園市,2
112,4,12,淡水區,,,,無年齡維度,0.0,女,遷入,福建省,0
112,4,12,淡水區,,,,無年齡維度,0.0,男,遷入,福建省,1
112,4,12,淡水區,,,,無年齡維度,0.0,女,遷入,臺中市,0
112,4,12,淡水區,,,,無年齡維度,0.0,男,遷入,臺中市,1
112,4,12,淡水區,,,,無年齡維度,0.0,女,遷入,臺北市,1
112,4,12,淡水區,,,,無年齡維度,0.0,男,遷入,臺北市,4
112,4,12,淡水區,,,,無年齡維度,0.0,女,遷入,臺南市,0
112,4,12,淡水區,,,,無年齡維度,0.0,男,遷入,臺南市,0
112,4,12,淡水區,,,,無年齡維度,0.0,女,遷入,臺灣省,20
112,4,12,淡水區,,,,無年齡維度,0.0,男,遷入,臺灣省,17
112,4,12,淡水區,,,,無年齡維度,0.0,女,遷入,高雄市,0
112,4,12,淡水區,,,,無年齡維度,0.0,男,遷入,高雄市,0
112,4,12,淡水區,,,,無年齡維度,0.0,女,遷出,migrants,22
112,4,12,淡水區,,,,無年齡維度,0.0,男,遷出,migrants,16
112,4,12,淡水區,,,,無年齡維度,0.0,女,遷出,other,0
112,4,12,淡水區,,,,無年齡維度,0.0,男,遷出,other,0
112,4,12,淡水區,,,,無年齡維度,0.0,女,遷出,其他縣市,0
112,4,12,淡水區,,,,無年齡維度,0.0,男,遷出,其他縣市,0
112,4,12,淡水區,,,,無年齡維度,0.0,女,遷出,其他鄉鎮,16
112,4,12,淡水區,,,,無年齡維度,0.0,男,遷出,其他鄉鎮,9
112,4,12,淡水區,,,,無年齡維度,0.0,女,遷出,合計,47
112,4,12,淡水區,,,,無年齡維度,0.0,男,遷出,合計,35
112,4,12,淡水區,,,,無年齡維度,0.0,女,遷出,國外,1
112,4,12,淡水區,,,,無年齡維度,0.0,男,遷出,國外,2
112,4,12,淡水區,,,,無年齡維度,0.0,女,遷出,新北市內,0
112,4,12,淡水區,,,,無年齡維度,0.0,男,遷出,新北市內,0
112,4,12,淡水區,,,,無年齡維度,0.0,女,遷出,桃園市,2
112,4,12,淡水區,,,,無年齡維度,0.0,男,遷出,桃園市,3
112,4,12,淡水區,,,,無年齡維度,0.0,女,遷出,福建省,0
112,4,12,淡水區,,,,無年齡維度,0.0,男,遷出,福建省,0
112,4,12,淡水區,,,,無年齡維度,0.0,女,遷出,臺中市,0
112,4,12,淡水區,,,,無年齡維度,0.0,男,遷出,臺中市,0
112,4,12,淡水區,,,,無年齡維度,0.0,女,遷出,臺北市,5
112,4,12,淡水區,,,,無年齡維度,0.0,男,遷出,臺北市,4
112,4,12,淡水區,,,,無年齡維度,0.0,女,遷出,臺南市,1
112,4,12,淡水區,,,,無年齡維度,0.0,男,遷出,臺南市,1
112,4,12,淡水區,,,,無年齡維度,0.0,女,遷出,臺灣省,22
112,4,12,淡水區,,,,無年齡維度,0.0,男,遷出,臺灣省,16
112,4,12,淡水區,,,,無年齡維度,0.0,女,遷出,高雄市,0
112,4,12,淡水區,,,,無年齡維度,0.0,男,遷出,高雄市,0
112,4,13,汐止區,,,,無年齡維度,0.0,女,遷入,migrants,238
112,4,13,汐止區,,,,無年齡維度,0.0,男,遷入,migrants,295
112,4,13,汐止區,,,,無年齡維度,0.0,女,遷入,other,0
112,4,13,汐止區,,,,無年齡維度,0.0,男,遷入,other,0
112,4,13,汐止區,,,,無年齡維度,0.0,女,遷入,其他縣市,0
112,4,13,汐止區,,,,無年齡維度,0.0,男,遷入,其他縣市,0
112,4,13,汐止區,,,,無年齡維度,0.0,女,遷入,其他鄉鎮,244
112,4,13,汐止區,,,,無年齡維度,0.0,男,遷入,其他鄉鎮,180
112,4,13,汐止區,,,,無年齡維度,0.0,女,遷入,合計,521
112,4,13,汐止區,,,,無年齡維度,0.0,男,遷入,合計,456
112,4,13,汐止區,,,,無年齡維度,0.0,女,遷入,國外,117
112,4,13,汐止區,,,,無年齡維度,0.0,男,遷入,國外,111
112,4,13,汐止區,,,,無年齡維度,0.0,女,遷入,新北市內,0
112,4,13,汐止區,,,,無年齡維度,0.0,男,遷入,新北市內,0
112,4,13,汐止區,,,,無年齡維度,0.0,女,遷入,桃園市,19
112,4,13,汐止區,,,,無年齡維度,0.0,男,遷入,桃園市,20
112,4,13,汐止區,,,,無年齡維度,0.0,女,遷入,福建省,4
112,4,13,汐止區,,,,無年齡維度,0.0,男,遷入,福建省,4
112,4,13,汐止區,,,,無年齡維度,0.0,女,遷入,臺中市,9
112,4,13,汐止區,,,,無年齡維度,0.0,男,遷入,臺中市,3
112,4,13,汐止區,,,,無年齡維度,0.0,女,遷入,臺北市,60
112,4,13,汐止區,,,,無年齡維度,0.0,男,遷入,臺北市,67
112,4,13,汐止區,,,,無年齡維度,0.0,女,遷入,臺南市,5
112,4,13,汐止區,,,,無年齡維度,0.0,男,遷入,臺南市,5
112,4,13,汐止區,,,,無年齡維度,0.0,女,遷入,臺灣省,42
112,4,13,汐止區,,,,無年齡維度,0.0,男,遷入,臺灣省,55
112,4,13,汐止區,,,,無年齡維度,0.0,女,遷入,高雄市,5
112,4,13,汐止區,,,,無年齡維度,0.0,男,遷入,高雄市,8
112,4,13,汐止區,,,,無年齡維度,0.0,女,遷出,migrants,238
112,4,13,汐止區,,,,無年齡維度,0.0,男,遷出,migrants,295
112,4,13,汐止區,,,,無年齡維度,0.0,女,遷出,other,0
112,4,13,汐止區,,,,無年齡維度,0.0,男,遷出,other,0
112,4,13,汐止區,,,,無年齡維度,0.0,女,遷出,其他縣市,0
112,4,13,汐止區,,,,無年齡維度,0.0,男,遷出,其他縣市,0
112,4,13,汐止區,,,,無年齡維度,0.0,女,遷出,其他鄉鎮,152
112,4,13,汐止區,,,,無年齡維度,0.0,男,遷出,其他鄉鎮,120
112,4,13,汐止區,,,,無年齡維度,0.0,女,遷出,合計,320
112,4,13,汐止區,,,,無年齡維度,0.0,男,遷出,合計,274
112,4,13,汐止區,,,,無年齡維度,0.0,女,遷出,國外,9
112,4,13,汐止區,,,,無年齡維度,0.0,男,遷出,國外,8
112,4,13,汐止區,,,,無年齡維度,0.0,女,遷出,新北市內,0
112,4,13,汐止區,,,,無年齡維度,0.0,男,遷出,新北市內,0
112,4,13,汐止區,,,,無年齡維度,0.0,女,遷出,桃園市,43
112,4,13,汐止區,,,,無年齡維度,0.0,男,遷出,桃園市,37
112,4,13,汐止區,,,,無年齡維度,0.0,女,遷出,福建省,7
112,4,13,汐止區,,,,無年齡維度,0.0,男,遷出,福建省,7
112,4,13,汐止區,,,,無年齡維度,0.0,女,遷出,臺中市,13
112,4,13,汐止區,,,,無年齡維度,0.0,男,遷出,臺中市,6
112,4,13,汐止區,,,,無年齡維度,0.0,女,遷出,臺北市,37
112,4,13,汐止區,,,,無年齡維度,0.0,男,遷出,臺北市,30
112,4,13,汐止區,,,,無年齡維度,0.0,女,遷出,臺南市,6
112,4,13,汐止區,,,,無年齡維度,0.0,男,遷出,臺南市,10
112,4,13,汐止區,,,,無年齡維度,0.0,女,遷出,臺灣省,43
112,4,13,汐止區,,,,無年齡維度,0.0,男,遷出,臺灣省,50
112,4,13,汐止區,,,,無年齡維度,0.0,女,遷出,高雄市,10
112,4,13,汐止區,,,,無年齡維度,0.0,男,遷出,高雄市,6
112,4,14,瑞芳區,,,,無年齡維度,0.0,女,遷入,migrants,178
112,4,14,瑞芳區,,,,無年齡維度,0.0,男,遷入,migrants,160
112,4,14,瑞芳區,,,,無年齡維度,0.0,女,遷入,other,0
112,4,14,瑞芳區,,,,無年齡維度,0.0,男,遷入,other,0
112,4,14,瑞芳區,,,,無年齡維度,0.0,女,遷入,其他縣市,0
112,4,14,瑞芳區,,,,無年齡維度,0.0,男,遷入,其他縣市,0
112,4,14,瑞芳區,,,,無年齡維度,0.0,女,遷入,其他鄉鎮,118
112,4,14,瑞芳區,,,,無年齡維度,0.0,男,遷入,其他鄉鎮,128
112,4,14,瑞芳區,,,,無年齡維度,0.0,女,遷入,合計,330
112,4,14,瑞芳區,,,,無年齡維度,0.0,男,遷入,合計,317
112,4,14,瑞芳區,,,,無年齡維度,0.0,女,遷入,國外,81
112,4,14,瑞芳區,,,,無年齡維度,0.0,男,遷入,國外,76
112,4,14,瑞芳區,,,,無年齡維度,0.0,女,遷入,新北市內,0
112,4,14,瑞芳區,,,,無年齡維度,0.0,男,遷入,新北市內,0
112,4,14,瑞芳區,,,,無年齡維度,0.0,女,遷入,桃園市,12
112,4,14,瑞芳區,,,,無年齡維度,0.0,男,遷入,桃園市,7
112,4,14,瑞芳區,,,,無年齡維度,0.0,女,遷入,福建省,3
112,4,14,瑞芳區,,,,無年齡維度,0.0,男,遷入,福建省,4
112,4,14,瑞芳區,,,,無年齡維度,0.0,女,遷入,臺中市,4
112,4,14,瑞芳區,,,,無年齡維度,0.0,男,遷入,臺中市,3
112,4,14,瑞芳區,,,,無年齡維度,0.0,女,遷入,臺北市,73
112,4,14,瑞芳區,,,,無年齡維度,0.0,男,遷入,臺北市,63
112,4,14,瑞芳區,,,,無年齡維度,0.0,女,遷入,臺南市,1
112,4,14,瑞芳區,,,,無年齡維度,0.0,男,遷入,臺南市,1
112,4,14,瑞芳區,,,,無年齡維度,0.0,女,遷入,臺灣省,29
112,4,14,瑞芳區,,,,無年齡維度,0.0,男,遷入,臺灣省,25
112,4,14,瑞芳區,,,,無年齡維度,0.0,女,遷入,高雄市,4
112,4,14,瑞芳區,,,,無年齡維度,0.0,男,遷入,高雄市,5
112,4,14,瑞芳區,,,,無年齡維度,0.0,女,遷出,migrants,178
112,4,14,瑞芳區,,,,無年齡維度,0.0,男,遷出,migrants,160
112,4,14,瑞芳區,,,,無年齡維度,0.0,女,遷出,other,0
112,4,14,瑞芳區,,,,無年齡維度,0.0,男,遷出,other,0
112,4,14,瑞芳區,,,,無年齡維度,0.0,女,遷出,其他縣市,0
112,4,14,瑞芳區,,,,無年齡維度,0.0,男,遷出,其他縣市,0
112,4,14,瑞芳區,,,,無年齡維度,0.0,女,遷出,其他鄉鎮,168
112,4,14,瑞芳區,,,,無年齡維度,0.0,男,遷出,其他鄉鎮,134
112,4,14,瑞芳區,,,,無年齡維度,0.0,女,遷出,合計,328
112,4,14,瑞芳區,,,,無年齡維度,0.0,男,遷出,合計,289
112,4,14,瑞芳區,,,,無年齡維度,0.0,女,遷出,國外,12
112,4,14,瑞芳區,,,,無年齡維度,0.0,男,遷出,國外,10
112,4,14,瑞芳區,,,,無年齡維度,0.0,女,遷出,新北市內,0
112,4,14,瑞芳區,,,,無年齡維度,0.0,男,遷出,新北市內,0
112,4,14,瑞芳區,,,,無年齡維度,0.0,女,遷出,桃園市,32
112,4,14,瑞芳區,,,,無年齡維度,0.0,男,遷出,桃園市,44
112,4,14,瑞芳區,,,,無年齡維度,0.0,女,遷出,福建省,3
112,4,14,瑞芳區,,,,無年齡維度,0.0,男,遷出,福建省,2
112,4,14,瑞芳區,,,,無年齡維度,0.0,女,遷出,臺中市,12
112,4,14,瑞芳區,,,,無年齡維度,0.0,男,遷出,臺中市,3
112,4,14,瑞芳區,,,,無年齡維度,0.0,女,遷出,臺北市,55
112,4,14,瑞芳區,,,,無年齡維度,0.0,男,遷出,臺北市,50
112,4,14,瑞芳區,,,,無年齡維度,0.0,女,遷出,臺南市,7
112,4,14,瑞芳區,,,,無年齡維度,0.0,男,遷出,臺南市,4
112,4,14,瑞芳區,,,,無年齡維度,0.0,女,遷出,臺灣省,33
112,4,14,瑞芳區,,,,無年齡維度,0.0,男,遷出,臺灣省,38
112,4,14,瑞芳區,,,,無年齡維度,0.0,女,遷出,高雄市,6
112,4,14,瑞芳區,,,,無年齡維度,0.0,男,遷出,高雄市,4
112,4,15,五股區,,,,無年齡維度,0.0,女,遷入,migrants,73
112,4,15,五股區,,,,無年齡維度,0.0,男,遷入,migrants,68
112,4,15,五股區,,,,無年齡維度,0.0,女,遷入,other,0
112,4,15,五股區,,,,無年齡維度,0.0,男,遷入,other,0
112,4,15,五股區,,,,無年齡維度,0.0,女,遷入,其他縣市,0
112,4,15,五股區,,,,無年齡維度,0.0,男,遷入,其他縣市,0
112,4,15,五股區,,,,無年齡維度,0.0,女,遷入,其他鄉鎮,129
112,4,15,五股區,,,,無年齡維度,0.0,男,遷入,其他鄉鎮,106
112,4,15,五股區,,,,無年齡維度,0.0,女,遷入,合計,250
112,4,15,五股區,,,,無年齡維度,0.0,男,遷入,合計,197
112,4,15,五股區,,,,無年齡維度,0.0,女,遷入,國外,35
112,4,15,五股區,,,,無年齡維度,0.0,男,遷入,國外,34
112,4,15,五股區,,,,無年齡維度,0.0,女,遷入,新北市內,0
112,4,15,五股區,,,,無年齡維度,0.0,男,遷入,新北市內,0
112,4,15,五股區,,,,無年齡維度,0.0,女,遷入,桃園市,17
112,4,15,五股區,,,,無年齡維度,0.0,男,遷入,桃園市,4
112,4,15,五股區,,,,無年齡維度,0.0,女,遷入,福建省,2
112,4,15,五股區,,,,無年齡維度,0.0,男,遷入,福建省,1
112,4,15,五股區,,,,無年齡維度,0.0,女,遷入,臺中市,4
112,4,15,五股區,,,,無年齡維度,0.0,男,遷入,臺中市,0
112,4,15,五股區,,,,無年齡維度,0.0,女,遷入,臺北市,33
112,4,15,五股區,,,,無年齡維度,0.0,男,遷入,臺北市,29
112,4,15,五股區,,,,無年齡維度,0.0,女,遷入,臺南市,3
112,4,15,五股區,,,,無年齡維度,0.0,男,遷入,臺南市,1
112,4,15,五股區,,,,無年齡維度,0.0,女,遷入,臺灣省,20
112,4,15,五股區,,,,無年齡維度,0.0,男,遷入,臺灣省,17
112,4,15,五股區,,,,無年齡維度,0.0,女,遷入,高雄市,2
112,4,15,五股區,,,,無年齡維度,0.0,男,遷入,高雄市,2
112,4,15,五股區,,,,無年齡維度,0.0,女,遷出,migrants,73
112,4,15,五股區,,,,無年齡維度,0.0,男,遷出,migrants,68
112,4,15,五股區,,,,無年齡維度,0.0,女,遷出,other,0
112,4,15,五股區,,,,無年齡維度,0.0,男,遷出,other,0
112,4,15,五股區,,,,無年齡維度,0.0,女,遷出,其他縣市,0
112,4,15,五股區,,,,無年齡維度,0.0,男,遷出,其他縣市,0
112,4,15,五股區,,,,無年齡維度,0.0,女,遷出,其他鄉鎮,90
112,4,15,五股區,,,,無年齡維度,0.0,男,遷出,其他鄉鎮,91
112,4,15,五股區,,,,無年齡維度,0.0,女,遷出,合計,158
112,4,15,五股區,,,,無年齡維度,0.0,男,遷出,合計,158
112,4,15,五股區,,,,無年齡維度,0.0,女,遷出,國外,2
112,4,15,五股區,,,,無年齡維度,0.0,男,遷出,國外,5
112,4,15,五股區,,,,無年齡維度,0.0,女,遷出,新北市內,0
112,4,15,五股區,,,,無年齡維度,0.0,男,遷出,新北市內,0
112,4,15,五股區,,,,無年齡維度,0.0,女,遷出,桃園市,17
112,4,15,五股區,,,,無年齡維度,0.0,男,遷出,桃園市,17
112,4,15,五股區,,,,無年齡維度,0.0,女,遷出,福建省,1
112,4,15,五股區,,,,無年齡維度,0.0,男,遷出,福建省,2
112,4,15,五股區,,,,無年齡維度,0.0,女,遷出,臺中市,4
112,4,15,五股區,,,,無年齡維度,0.0,男,遷出,臺中市,1
112,4,15,五股區,,,,無年齡維度,0.0,女,遷出,臺北市,20
112,4,15,五股區,,,,無年齡維度,0.0,男,遷出,臺北市,15
112,4,15,五股區,,,,無年齡維度,0.0,女,遷出,臺南市,2
112,4,15,五股區,,,,無年齡維度,0.0,男,遷出,臺南市,3
112,4,15,五股區,,,,無年齡維度,0.0,女,遷出,臺灣省,19
112,4,15,五股區,,,,無年齡維度,0.0,男,遷出,臺灣省,19
112,4,15,五股區,,,,無年齡維度,0.0,女,遷出,高雄市,3
112,4,15,五股區,,,,無年齡維度,0.0,男,遷出,高雄市,5
112,4,16,泰山區,,,,無年齡維度,0.0,女,遷入,migrants,45
112,4,16,泰山區,,,,無年齡維度,0.0,男,遷入,migrants,37
112,4,16,泰山區,,,,無年齡維度,0.0,女,遷入,other,0
112,4,16,泰山區,,,,無年齡維度,0.0,男,遷入,other,0
112,4,16,泰山區,,,,無年齡維度,0.0,女,遷入,其他縣市,0
112,4,16,泰山區,,,,無年齡維度,0.0,男,遷入,其他縣市,0
112,4,16,泰山區,,,,無年齡維度,0.0,女,遷入,其他鄉鎮,60
112,4,16,泰山區,,,,無年齡維度,0.0,男,遷入,其他鄉鎮,50
112,4,16,泰山區,,,,無年齡維度,0.0,女,遷入,合計,121
112,4,16,泰山區,,,,無年齡維度,0.0,男,遷入,合計,114
112,4,16,泰山區,,,,無年齡維度,0.0,女,遷入,國外,38
112,4,16,泰山區,,,,無年齡維度,0.0,男,遷入,國外,23
112,4,16,泰山區,,,,無年齡維度,0.0,女,遷入,新北市內,0
112,4,16,泰山區,,,,無年齡維度,0.0,男,遷入,新北市內,0
112,4,16,泰山區,,,,無年齡維度,0.0,女,遷入,桃園市,6
112,4,16,泰山區,,,,無年齡維度,0.0,男,遷入,桃園市,14
112,4,16,泰山區,,,,無年齡維度,0.0,女,遷入,福建省,0
112,4,16,泰山區,,,,無年齡維度,0.0,男,遷入,福建省,3
112,4,16,泰山區,,,,無年齡維度,0.0,女,遷入,臺中市,1
112,4,16,泰山區,,,,無年齡維度,0.0,男,遷入,臺中市,1
112,4,16,泰山區,,,,無年齡維度,0.0,女,遷入,臺北市,11
112,4,16,泰山區,,,,無年齡維度,0.0,男,遷入,臺北市,12
112,4,16,泰山區,,,,無年齡維度,0.0,女,遷入,臺南市,0
112,4,16,泰山區,,,,無年齡維度,0.0,男,遷入,臺南市,0
112,4,16,泰山區,,,,無年齡維度,0.0,女,遷入,臺灣省,4
112,4,16,泰山區,,,,無年齡維度,0.0,男,遷入,臺灣省,9
112,4,16,泰山區,,,,無年齡維度,0.0,女,遷入,高雄市,0
112,4,16,泰山區,,,,無年齡維度,0.0,男,遷入,高雄市,1
112,4,16,泰山區,,,,無年齡維度,0.0,女,遷出,migrants,45
112,4,16,泰山區,,,,無年齡維度,0.0,男,遷出,migrants,37
112,4,16,泰山區,,,,無年齡維度,0.0,女,遷出,other,0
112,4,16,泰山區,,,,無年齡維度,0.0,男,遷出,other,0
112,4,16,泰山區,,,,無年齡維度,0.0,女,遷出,其他縣市,0
112,4,16,泰山區,,,,無年齡維度,0.0,男,遷出,其他縣市,0
112,4,16,泰山區,,,,無年齡維度,0.0,女,遷出,其他鄉鎮,67
112,4,16,泰山區,,,,無年齡維度,0.0,男,遷出,其他鄉鎮,55
112,4,16,泰山區,,,,無年齡維度,0.0,女,遷出,合計,130
112,4,16,泰山區,,,,無年齡維度,0.0,男,遷出,合計,107
112,4,16,泰山區,,,,無年齡維度,0.0,女,遷出,國外,4
112,4,16,泰山區,,,,無年齡維度,0.0,男,遷出,國外,1
112,4,16,泰山區,,,,無年齡維度,0.0,女,遷出,新北市內,0
112,4,16,泰山區,,,,無年齡維度,0.0,男,遷出,新北市內,0
112,4,16,泰山區,,,,無年齡維度,0.0,女,遷出,桃園市,22
112,4,16,泰山區,,,,無年齡維度,0.0,男,遷出,桃園市,18
112,4,16,泰山區,,,,無年齡維度,0.0,女,遷出,福建省,0
112,4,16,泰山區,,,,無年齡維度,0.0,男,遷出,福建省,0
112,4,16,泰山區,,,,無年齡維度,0.0,女,遷出,臺中市,3
112,4,16,泰山區,,,,無年齡維度,0.0,男,遷出,臺中市,3
112,4,16,泰山區,,,,無年齡維度,0.0,女,遷出,臺北市,9
112,4,16,泰山區,,,,無年齡維度,0.0,男,遷出,臺北市,9
112,4,16,泰山區,,,,無年齡維度,0.0,女,遷出,臺南市,0
112,4,16,泰山區,,,,無年齡維度,0.0,男,遷出,臺南市,6
112,4,16,泰山區,,,,無年齡維度,0.0,女,遷出,臺灣省,21
112,4,16,泰山區,,,,無年齡維度,0.0,男,遷出,臺灣省,11
112,4,16,泰山區,,,,無年齡維度,0.0,女,遷出,高雄市,4
112,4,16,泰山區,,,,無年齡維度,0.0,男,遷出,高雄市,4
112,4,17,林口區,,,,無年齡維度,0.0,女,遷入,migrants,185
112,4,17,林口區,,,,無年齡維度,0.0,男,遷入,migrants,152
112,4,17,林口區,,,,無年齡維度,0.0,女,遷入,other,0
112,4,17,林口區,,,,無年齡維度,0.0,男,遷入,other,0
112,4,17,林口區,,,,無年齡維度,0.0,女,遷入,其他縣市,0
112,4,17,林口區,,,,無年齡維度,0.0,男,遷入,其他縣市,0
112,4,17,林口區,,,,無年齡維度,0.0,女,遷入,其他鄉鎮,78
112,4,17,林口區,,,,無年齡維度,0.0,男,遷入,其他鄉鎮,79
112,4,17,林口區,,,,無年齡維度,0.0,女,遷入,合計,424
112,4,17,林口區,,,,無年齡維度,0.0,男,遷入,合計,399
112,4,17,林口區,,,,無年齡維度,0.0,女,遷入,國外,110
112,4,17,林口區,,,,無年齡維度,0.0,男,遷入,國外,103
112,4,17,林口區,,,,無年齡維度,0.0,女,遷入,新北市內,0
112,4,17,林口區,,,,無年齡維度,0.0,男,遷入,新北市內,0
112,4,17,林口區,,,,無年齡維度,0.0,女,遷入,桃園市,87
112,4,17,林口區,,,,無年齡維度,0.0,男,遷入,桃園市,84
112,4,17,林口區,,,,無年齡維度,0.0,女,遷入,福建省,0
112,4,17,林口區,,,,無年齡維度,0.0,男,遷入,福建省,3
112,4,17,林口區,,,,無年齡維度,0.0,女,遷入,臺中市,11
112,4,17,林口區,,,,無年齡維度,0.0,男,遷入,臺中市,5
112,4,17,林口區,,,,無年齡維度,0.0,女,遷入,臺北市,75
112,4,17,林口區,,,,無年齡維度,0.0,男,遷入,臺北市,79
112,4,17,林口區,,,,無年齡維度,0.0,女,遷入,臺南市,4
112,4,17,林口區,,,,無年齡維度,0.0,男,遷入,臺南市,7
112,4,17,林口區,,,,無年齡維度,0.0,女,遷入,臺灣省,35
112,4,17,林口區,,,,無年齡維度,0.0,男,遷入,臺灣省,31
112,4,17,林口區,,,,無年齡維度,0.0,女,遷入,高雄市,9
112,4,17,林口區,,,,無年齡維度,0.0,男,遷入,高雄市,5
112,4,17,林口區,,,,無年齡維度,0.0,女,遷出,migrants,185
112,4,17,林口區,,,,無年齡維度,0.0,男,遷出,migrants,152
112,4,17,林口區,,,,無年齡維度,0.0,女,遷出,other,0
112,4,17,林口區,,,,無年齡維度,0.0,男,遷出,other,0
112,4,17,林口區,,,,無年齡維度,0.0,女,遷出,其他縣市,0
112,4,17,林口區,,,,無年齡維度,0.0,男,遷出,其他縣市,0
112,4,17,林口區,,,,無年齡維度,0.0,女,遷出,其他鄉鎮,47
112,4,17,林口區,,,,無年齡維度,0.0,男,遷出,其他鄉鎮,41
112,4,17,林口區,,,,無年齡維度,0.0,女,遷出,合計,226
112,4,17,林口區,,,,無年齡維度,0.0,男,遷出,合計,202
112,4,17,林口區,,,,無年齡維度,0.0,女,遷出,國外,17
112,4,17,林口區,,,,無年齡維度,0.0,男,遷出,國外,9
112,4,17,林口區,,,,無年齡維度,0.0,女,遷出,新北市內,0
112,4,17,林口區,,,,無年齡維度,0.0,男,遷出,新北市內,0
112,4,17,林口區,,,,無年齡維度,0.0,女,遷出,桃園市,62
112,4,17,林口區,,,,無年齡維度,0.0,男,遷出,桃園市,66
112,4,17,林口區,,,,無年齡維度,0.0,女,遷出,福建省,1
112,4,17,林口區,,,,無年齡維度,0.0,男,遷出,福建省,2
112,4,17,林口區,,,,無年齡維度,0.0,女,遷出,臺中市,12
112,4,17,林口區,,,,無年齡維度,0.0,男,遷出,臺中市,9
112,4,17,林口區,,,,無年齡維度,0.0,女,遷出,臺北市,44
112,4,17,林口區,,,,無年齡維度,0.0,男,遷出,臺北市,43
112,4,17,林口區,,,,無年齡維度,0.0,女,遷出,臺南市,6
112,4,17,林口區,,,,無年齡維度,0.0,男,遷出,臺南市,6
112,4,17,林口區,,,,無年齡維度,0.0,女,遷出,臺灣省,28
112,4,17,林口區,,,,無年齡維度,0.0,男,遷出,臺灣省,16
112,4,17,林口區,,,,無年齡維度,0.0,女,遷出,高雄市,8
112,4,17,林口區,,,,無年齡維度,0.0,男,遷出,高雄市,10
112,4,18,八里區,,,,無年齡維度,0.0,女,遷入,migrants,17
112,4,18,八里區,,,,無年齡維度,0.0,男,遷入,migrants,12
112,4,18,八里區,,,,無年齡維度,0.0,女,遷入,other,0
112,4,18,八里區,,,,無年齡維度,0.0,男,遷入,other,0
112,4,18,八里區,,,,無年齡維度,0.0,女,遷入,其他縣市,0
112,4,18,八里區,,,,無年齡維度,0.0,男,遷入,其他縣市,0
112,4,18,八里區,,,,無年齡維度,0.0,女,遷入,其他鄉鎮,8
112,4,18,八里區,,,,無年齡維度,0.0,男,遷入,其他鄉鎮,12
112,4,18,八里區,,,,無年齡維度,0.0,女,遷入,合計,50
112,4,18,八里區,,,,無年齡維度,0.0,男,遷入,合計,44
112,4,18,八里區,,,,無年齡維度,0.0,女,遷入,國外,20
112,4,18,八里區,,,,無年齡維度,0.0,男,遷入,國外,14
112,4,18,八里區,,,,無年齡維度,0.0,女,遷入,新北市內,0
112,4,18,八里區,,,,無年齡維度,0.0,男,遷入,新北市內,0
112,4,18,八里區,,,,無年齡維度,0.0,女,遷入,桃園市,1
112,4,18,八里區,,,,無年齡維度,0.0,男,遷入,桃園市,1
112,4,18,八里區,,,,無年齡維度,0.0,女,遷入,福建省,0
112,4,18,八里區,,,,無年齡維度,0.0,男,遷入,福建省,0
112,4,18,八里區,,,,無年齡維度,0.0,女,遷入,臺中市,0
112,4,18,八里區,,,,無年齡維度,0.0,男,遷入,臺中市,0
112,4,18,八里區,,,,無年齡維度,0.0,女,遷入,臺北市,15
112,4,18,八里區,,,,無年齡維度,0.0,男,遷入,臺北市,13
112,4,18,八里區,,,,無年齡維度,0.0,女,遷入,臺南市,0
112,4,18,八里區,,,,無年齡維度,0.0,男,遷入,臺南市,1
112,4,18,八里區,,,,無年齡維度,0.0,女,遷入,臺灣省,4
112,4,18,八里區,,,,無年齡維度,0.0,男,遷入,臺灣省,3
112,4,18,八里區,,,,無年齡維度,0.0,女,遷入,高雄市,0
112,4,18,八里區,,,,無年齡維度,0.0,男,遷入,高雄市,0
112,4,18,八里區,,,,無年齡維度,0.0,女,遷出,migrants,17
112,4,18,八里區,,,,無年齡維度,0.0,男,遷出,migrants,12
112,4,18,八里區,,,,無年齡維度,0.0,女,遷出,other,0
112,4,18,八里區,,,,無年齡維度,0.0,男,遷出,other,0
112,4,18,八里區,,,,無年齡維度,0.0,女,遷出,其他縣市,0
112,4,18,八里區,,,,無年齡維度,0.0,男,遷出,其他縣市,0
112,4,18,八里區,,,,無年齡維度,0.0,女,遷出,其他鄉鎮,9
112,4,18,八里區,,,,無年齡維度,0.0,男,遷出,其他鄉鎮,10
112,4,18,八里區,,,,無年齡維度,0.0,女,遷出,合計,32
112,4,18,八里區,,,,無年齡維度,0.0,男,遷出,合計,43
112,4,18,八里區,,,,無年齡維度,0.0,女,遷出,國外,1
112,4,18,八里區,,,,無年齡維度,0.0,男,遷出,國外,5
112,4,18,八里區,,,,無年齡維度,0.0,女,遷出,新北市內,0
112,4,18,八里區,,,,無年齡維度,0.0,男,遷出,新北市內,0
112,4,18,八里區,,,,無年齡維度,0.0,女,遷出,桃園市,3
112,4,18,八里區,,,,無年齡維度,0.0,男,遷出,桃園市,5
112,4,18,八里區,,,,無年齡維度,0.0,女,遷出,福建省,0
112,4,18,八里區,,,,無年齡維度,0.0,男,遷出,福建省,1
112,4,18,八里區,,,,無年齡維度,0.0,女,遷出,臺中市,1
112,4,18,八里區,,,,無年齡維度,0.0,男,遷出,臺中市,3
112,4,18,八里區,,,,無年齡維度,0.0,女,遷出,臺北市,13
112,4,18,八里區,,,,無年齡維度,0.0,男,遷出,臺北市,14
112,4,18,八里區,,,,無年齡維度,0.0,女,遷出,臺南市,0
112,4,18,八里區,,,,無年齡維度,0.0,男,遷出,臺南市,0
112,4,18,八里區,,,,無年齡維度,0.0,女,遷出,臺灣省,4
112,4,18,八里區,,,,無年齡維度,0.0,男,遷出,臺灣省,3
112,4,18,八里區,,,,無年齡維度,0.0,女,遷出,高雄市,1
112,4,18,八里區,,,,無年齡維度,0.0,男,遷出,高雄市,2
112,4,19,深坑區,,,,無年齡維度,0.0,女,遷入,migrants,5
112,4,19,深坑區,,,,無年齡維度,0.0,男,遷入,migrants,4
112,4,19,深坑區,,,,無年齡維度,0.0,女,遷入,other,0
112,4,19,深坑區,,,,無年齡維度,0.0,男,遷入,other,0
112,4,19,深坑區,,,,無年齡維度,0.0,女,遷入,其他縣市,0
112,4,19,深坑區,,,,無年齡維度,0.0,男,遷入,其他縣市,0
112,4,19,深坑區,,,,無年齡維度,0.0,女,遷入,其他鄉鎮,1
112,4,19,深坑區,,,,無年齡維度,0.0,男,遷入,其他鄉鎮,3
112,4,19,深坑區,,,,無年齡維度,0.0,女,遷入,合計,4
112,4,19,深坑區,,,,無年齡維度,0.0,男,遷入,合計,6
112,4,19,深坑區,,,,無年齡維度,0.0,女,遷入,國外,2
112,4,19,深坑區,,,,無年齡維度,0.0,男,遷入,國外,1
112,4,19,深坑區,,,,無年齡維度,0.0,女,遷入,新北市內,0
112,4,19,深坑區,,,,無年齡維度,0.0,男,遷入,新北市內,0
112,4,19,深坑區,,,,無年齡維度,0.0,女,遷入,桃園市,0
112,4,19,深坑區,,,,無年齡維度,0.0,男,遷入,桃園市,0
112,4,19,深坑區,,,,無年齡維度,0.0,女,遷入,福建省,0
112,4,19,深坑區,,,,無年齡維度,0.0,男,遷入,福建省,0
112,4,19,深坑區,,,,無年齡維度,0.0,女,遷入,臺中市,0
112,4,19,深坑區,,,,無年齡維度,0.0,男,遷入,臺中市,0
112,4,19,深坑區,,,,無年齡維度,0.0,女,遷入,臺北市,0
112,4,19,深坑區,,,,無年齡維度,0.0,男,遷入,臺北市,1
112,4,19,深坑區,,,,無年齡維度,0.0,女,遷入,臺南市,0
112,4,19,深坑區,,,,無年齡維度,0.0,男,遷入,臺南市,0
112,4,19,深坑區,,,,無年齡維度,0.0,女,遷入,臺灣省,1
112,4,19,深坑區,,,,無年齡維度,0.0,男,遷入,臺灣省,0
112,4,19,深坑區,,,,無年齡維度,0.0,女,遷入,高雄市,0
112,4,19,深坑區,,,,無年齡維度,0.0,男,遷入,高雄市,0
112,4,19,深坑區,,,,無年齡維度,0.0,女,遷出,migrants,5
112,4,19,深坑區,,,,無年齡維度,0.0,男,遷出,migrants,4
112,4,19,深坑區,,,,無年齡維度,0.0,女,遷出,other,0
112,4,19,深坑區,,,,無年齡維度,0.0,男,遷出,other,0
112,4,19,深坑區,,,,無年齡維度,0.0,女,遷出,其他縣市,0
112,4,19,深坑區,,,,無年齡維度,0.0,男,遷出,其他縣市,0
112,4,19,深坑區,,,,無年齡維度,0.0,女,遷出,其他鄉鎮,11
112,4,19,深坑區,,,,無年齡維度,0.0,男,遷出,其他鄉鎮,11
112,4,19,深坑區,,,,無年齡維度,0.0,女,遷出,合計,13
112,4,19,深坑區,,,,無年齡維度,0.0,男,遷出,合計,14
112,4,19,深坑區,,,,無年齡維度,0.0,女,遷出,國外,0
112,4,19,深坑區,,,,無年齡維度,0.0,男,遷出,國外,0
112,4,19,深坑區,,,,無年齡維度,0.0,女,遷出,新北市內,0
112,4,19,深坑區,,,,無年齡維度,0.0,男,遷出,新北市內,0
112,4,19,深坑區,,,,無年齡維度,0.0,女,遷出,桃園市,0
112,4,19,深坑區,,,,無年齡維度,0.0,男,遷出,桃園市,0
112,4,19,深坑區,,,,無年齡維度,0.0,女,遷出,福建省,0
112,4,19,深坑區,,,,無年齡維度,0.0,男,遷出,福建省,1
112,4,19,深坑區,,,,無年齡維度,0.0,女,遷出,臺中市,0
112,4,19,深坑區,,,,無年齡維度,0.0,男,遷出,臺中市,0
112,4,19,深坑區,,,,無年齡維度,0.0,女,遷出,臺北市,2
112,4,19,深坑區,,,,無年齡維度,0.0,男,遷出,臺北市,2
112,4,19,深坑區,,,,無年齡維度,0.0,女,遷出,臺南市,0
112,4,19,深坑區,,,,無年齡維度,0.0,男,遷出,臺南市,0
112,4,19,深坑區,,,,無年齡維度,0.0,女,遷出,臺灣省,0
112,4,19,深坑區,,,,無年齡維度,0.0,男,遷出,臺灣省,0
112,4,19,深坑區,,,,無年齡維度,0.0,女,遷出,高雄市,0
112,4,19,深坑區,,,,無年齡維度,0.0,男,遷出,高雄市,0
112,4,20,石碇區,,,,無年齡維度,0.0,女,遷入,migrants,1
112,4,20,石碇區,,,,無年齡維度,0.0,男,遷入,migrants,2
112,4,20,石碇區,,,,無年齡維度,0.0,女,遷入,other,0
112,4,20,石碇區,,,,無年齡維度,0.0,男,遷入,other,0
112,4,20,石碇區,,,,無年齡維度,0.0,女,遷入,其他縣市,0
112,4,20,石碇區,,,,無年齡維度,0.0,男,遷入,其他縣市,0
112,4,20,石碇區,,,,無年齡維度,0.0,女,遷入,其他鄉鎮,5
112,4,20,石碇區,,,,無年齡維度,0.0,男,遷入,其他鄉鎮,2
112,4,20,石碇區,,,,無年齡維度,0.0,女,遷入,合計,9
112,4,20,石碇區,,,,無年齡維度,0.0,男,遷入,合計,6
112,4,20,石碇區,,,,無年齡維度,0.0,女,遷入,國外,2
112,4,20,石碇區,,,,無年齡維度,0.0,男,遷入,國外,1
112,4,20,石碇區,,,,無年齡維度,0.0,女,遷入,新北市內,0
112,4,20,石碇區,,,,無年齡維度,0.0,男,遷入,新北市內,0
112,4,20,石碇區,,,,無年齡維度,0.0,女,遷入,桃園市,0
112,4,20,石碇區,,,,無年齡維度,0.0,男,遷入,桃園市,0
112,4,20,石碇區,,,,無年齡維度,0.0,女,遷入,福建省,0
112,4,20,石碇區,,,,無年齡維度,0.0,男,遷入,福建省,0
112,4,20,石碇區,,,,無年齡維度,0.0,女,遷入,臺中市,0
112,4,20,石碇區,,,,無年齡維度,0.0,男,遷入,臺中市,0
112,4,20,石碇區,,,,無年齡維度,0.0,女,遷入,臺北市,1
112,4,20,石碇區,,,,無年齡維度,0.0,男,遷入,臺北市,0
112,4,20,石碇區,,,,無年齡維度,0.0,女,遷入,臺南市,0
112,4,20,石碇區,,,,無年齡維度,0.0,男,遷入,臺南市,0
112,4,20,石碇區,,,,無年齡維度,0.0,女,遷入,臺灣省,1
112,4,20,石碇區,,,,無年齡維度,0.0,男,遷入,臺灣省,3
112,4,20,石碇區,,,,無年齡維度,0.0,女,遷入,高雄市,0
112,4,20,石碇區,,,,無年齡維度,0.0,男,遷入,高雄市,0
112,4,20,石碇區,,,,無年齡維度,0.0,女,遷出,migrants,1
112,4,20,石碇區,,,,無年齡維度,0.0,男,遷出,migrants,2
112,4,20,石碇區,,,,無年齡維度,0.0,女,遷出,other,0
112,4,20,石碇區,,,,無年齡維度,0.0,男,遷出,other,0
112,4,20,石碇區,,,,無年齡維度,0.0,女,遷出,其他縣市,0
112,4,20,石碇區,,,,無年齡維度,0.0,男,遷出,其他縣市,0
112,4,20,石碇區,,,,無年齡維度,0.0,女,遷出,其他鄉鎮,2
112,4,20,石碇區,,,,無年齡維度,0.0,男,遷出,其他鄉鎮,2
112,4,20,石碇區,,,,無年齡維度,0.0,女,遷出,合計,4
112,4,20,石碇區,,,,無年齡維度,0.0,男,遷出,合計,9
112,4,20,石碇區,,,,無年齡維度,0.0,女,遷出,國外,0
112,4,20,石碇區,,,,無年齡維度,0.0,男,遷出,國外,0
112,4,20,石碇區,,,,無年齡維度,0.0,女,遷出,新北市內,0
112,4,20,石碇區,,,,無年齡維度,0.0,男,遷出,新北市內,0
112,4,20,石碇區,,,,無年齡維度,0.0,女,遷出,桃園市,1
112,4,20,石碇區,,,,無年齡維度,0.0,男,遷出,桃園市,1
112,4,20,石碇區,,,,無年齡維度,0.0,女,遷出,福建省,0
112,4,20,石碇區,,,,無年齡維度,0.0,男,遷出,福建省,0
112,4,20,石碇區,,,,無年齡維度,0.0,女,遷出,臺中市,0
112,4,20,石碇區,,,,無年齡維度,0.0,男,遷出,臺中市,0
112,4,20,石碇區,,,,無年齡維度,0.0,女,遷出,臺北市,0
112,4,20,石碇區,,,,無年齡維度,0.0,男,遷出,臺北市,4
112,4,20,石碇區,,,,無年齡維度,0.0,女,遷出,臺南市,0
112,4,20,石碇區,,,,無年齡維度,0.0,男,遷出,臺南市,0
112,4,20,石碇區,,,,無年齡維度,0.0,女,遷出,臺灣省,1
112,4,20,石碇區,,,,無年齡維度,0.0,男,遷出,臺灣省,2
112,4,20,石碇區,,,,無年齡維度,0.0,女,遷出,高雄市,0
112,4,20,石碇區,,,,無年齡維度,0.0,男,遷出,高雄市,0
112,4,21,坪林區,,,,無年齡維度,0.0,女,遷入,migrants,7
112,4,21,坪林區,,,,無年齡維度,0.0,男,遷入,migrants,6
112,4,21,坪林區,,,,無年齡維度,0.0,女,遷入,other,0
112,4,21,坪林區,,,,無年齡維度,0.0,男,遷入,other,0
112,4,21,坪林區,,,,無年齡維度,0.0,女,遷入,其他縣市,0
112,4,21,坪林區,,,,無年齡維度,0.0,男,遷入,其他縣市,0
112,4,21,坪林區,,,,無年齡維度,0.0,女,遷入,其他鄉鎮,19
112,4,21,坪林區,,,,無年齡維度,0.0,男,遷入,其他鄉鎮,16
112,4,21,坪林區,,,,無年齡維度,0.0,女,遷入,合計,41
112,4,21,坪林區,,,,無年齡維度,0.0,男,遷入,合計,34
112,4,21,坪林區,,,,無年齡維度,0.0,女,遷入,國外,15
112,4,21,坪林區,,,,無年齡維度,0.0,男,遷入,國外,10
112,4,21,坪林區,,,,無年齡維度,0.0,女,遷入,新北市內,0
112,4,21,坪林區,,,,無年齡維度,0.0,男,遷入,新北市內,0
112,4,21,坪林區,,,,無年齡維度,0.0,女,遷入,桃園市,1
112,4,21,坪林區,,,,無年齡維度,0.0,男,遷入,桃園市,0
112,4,21,坪林區,,,,無年齡維度,0.0,女,遷入,福建省,0
112,4,21,坪林區,,,,無年齡維度,0.0,男,遷入,福建省,0
112,4,21,坪林區,,,,無年齡維度,0.0,女,遷入,臺中市,2
112,4,21,坪林區,,,,無年齡維度,0.0,男,遷入,臺中市,0
112,4,21,坪林區,,,,無年齡維度,0.0,女,遷入,臺北市,2
112,4,21,坪林區,,,,無年齡維度,0.0,男,遷入,臺北市,5
112,4,21,坪林區,,,,無年齡維度,0.0,女,遷入,臺南市,0
112,4,21,坪林區,,,,無年齡維度,0.0,男,遷入,臺南市,0
112,4,21,坪林區,,,,無年齡維度,0.0,女,遷入,臺灣省,2
112,4,21,坪林區,,,,無年齡維度,0.0,男,遷入,臺灣省,3
112,4,21,坪林區,,,,無年齡維度,0.0,女,遷入,高雄市,0
112,4,21,坪林區,,,,無年齡維度,0.0,男,遷入,高雄市,0
112,4,21,坪林區,,,,無年齡維度,0.0,女,遷出,migrants,7
112,4,21,坪林區,,,,無年齡維度,0.0,男,遷出,migrants,6
112,4,21,坪林區,,,,無年齡維度,0.0,女,遷出,other,0
112,4,21,坪林區,,,,無年齡維度,0.0,男,遷出,other,0
112,4,21,坪林區,,,,無年齡維度,0.0,女,遷出,其他縣市,0
112,4,21,坪林區,,,,無年齡維度,0.0,男,遷出,其他縣市,0
112,4,21,坪林區,,,,無年齡維度,0.0,女,遷出,其他鄉鎮,18
112,4,21,坪林區,,,,無年齡維度,0.0,男,遷出,其他鄉鎮,12
112,4,21,坪林區,,,,無年齡維度,0.0,女,遷出,合計,36
112,4,21,坪林區,,,,無年齡維度,0.0,男,遷出,合計,20
112,4,21,坪林區,,,,無年齡維度,0.0,女,遷出,國外,0
112,4,21,坪林區,,,,無年齡維度,0.0,男,遷出,國外,1
112,4,21,坪林區,,,,無年齡維度,0.0,女,遷出,新北市內,0
112,4,21,坪林區,,,,無年齡維度,0.0,男,遷出,新北市內,0
112,4,21,坪林區,,,,無年齡維度,0.0,女,遷出,桃園市,8
112,4,21,坪林區,,,,無年齡維度,0.0,男,遷出,桃園市,1
112,4,21,坪林區,,,,無年齡維度,0.0,女,遷出,福建省,0
112,4,21,坪林區,,,,無年齡維度,0.0,男,遷出,福建省,1
112,4,21,坪林區,,,,無年齡維度,0.0,女,遷出,臺中市,1
112,4,21,坪林區,,,,無年齡維度,0.0,男,遷出,臺中市,0
112,4,21,坪林區,,,,無年齡維度,0.0,女,遷出,臺北市,7
112,4,21,坪林區,,,,無年齡維度,0.0,男,遷出,臺北市,3
112,4,21,坪林區,,,,無年齡維度,0.0,女,遷出,臺南市,1
112,4,21,坪林區,,,,無年齡維度,0.0,男,遷出,臺南市,0
112,4,21,坪林區,,,,無年齡維度,0.0,女,遷出,臺灣省,0
112,4,21,坪林區,,,,無年齡維度,0.0,男,遷出,臺灣省,2
112,4,21,坪林區,,,,無年齡維度,0.0,女,遷出,高雄市,1
112,4,21,坪林區,,,,無年齡維度,0.0,男,遷出,高雄市,0
112,4,22,三芝區,,,,無年齡維度,0.0,女,遷入,migrants,3
112,4,22,三芝區,,,,無年齡維度,0.0,男,遷入,migrants,5
112,4,22,三芝區,,,,無年齡維度,0.0,女,遷入,other,0
112,4,22,三芝區,,,,無年齡維度,0.0,男,遷入,other,0
112,4,22,三芝區,,,,無年齡維度,0.0,女,遷入,其他縣市,0
112,4,22,三芝區,,,,無年齡維度,0.0,男,遷入,其他縣市,0
112,4,22,三芝區,,,,無年齡維度,0.0,女,遷入,其他鄉鎮,7
112,4,22,三芝區,,,,無年齡維度,0.0,男,遷入,其他鄉鎮,6
112,4,22,三芝區,,,,無年齡維度,0.0,女,遷入,合計,14
112,4,22,三芝區,,,,無年齡維度,0.0,男,遷入,合計,12
112,4,22,三芝區,,,,無年齡維度,0.0,女,遷入,國外,5
112,4,22,三芝區,,,,無年齡維度,0.0,男,遷入,國外,4
112,4,22,三芝區,,,,無年齡維度,0.0,女,遷入,新北市內,0
112,4,22,三芝區,,,,無年齡維度,0.0,男,遷入,新北市內,0
112,4,22,三芝區,,,,無年齡維度,0.0,女,遷入,桃園市,0
112,4,22,三芝區,,,,無年齡維度,0.0,男,遷入,桃園市,0
112,4,22,三芝區,,,,無年齡維度,0.0,女,遷入,福建省,0
112,4,22,三芝區,,,,無年齡維度,0.0,男,遷入,福建省,0
112,4,22,三芝區,,,,無年齡維度,0.0,女,遷入,臺中市,0
112,4,22,三芝區,,,,無年齡維度,0.0,男,遷入,臺中市,0
112,4,22,三芝區,,,,無年齡維度,0.0,女,遷入,臺北市,1
112,4,22,三芝區,,,,無年齡維度,0.0,男,遷入,臺北市,0
112,4,22,三芝區,,,,無年齡維度,0.0,女,遷入,臺南市,0
112,4,22,三芝區,,,,無年齡維度,0.0,男,遷入,臺南市,0
112,4,22,三芝區,,,,無年齡維度,0.0,女,遷入,臺灣省,1
112,4,22,三芝區,,,,無年齡維度,0.0,男,遷入,臺灣省,1
112,4,22,三芝區,,,,無年齡維度,0.0,女,遷入,高雄市,0
112,4,22,三芝區,,,,無年齡維度,0.0,男,遷入,高雄市,0
112,4,22,三芝區,,,,無年齡維度,0.0,女,遷出,migrants,3
112,4,22,三芝區,,,,無年齡維度,0.0,男,遷出,migrants,5
112,4,22,三芝區,,,,無年齡維度,0.0,女,遷出,other,0
112,4,22,三芝區,,,,無年齡維度,0.0,男,遷出,other,0
112,4,22,三芝區,,,,無年齡維度,0.0,女,遷出,其他縣市,0
112,4,22,三芝區,,,,無年齡維度,0.0,男,遷出,其他縣市,0
112,4,22,三芝區,,,,無年齡維度,0.0,女,遷出,其他鄉鎮,5
112,4,22,三芝區,,,,無年齡維度,0.0,男,遷出,其他鄉鎮,4
112,4,22,三芝區,,,,無年齡維度,0.0,女,遷出,合計,10
112,4,22,三芝區,,,,無年齡維度,0.0,男,遷出,合計,13
112,4,22,三芝區,,,,無年齡維度,0.0,女,遷出,國外,0
112,4,22,三芝區,,,,無年齡維度,0.0,男,遷出,國外,0
112,4,22,三芝區,,,,無年齡維度,0.0,女,遷出,新北市內,0
112,4,22,三芝區,,,,無年齡維度,0.0,男,遷出,新北市內,0
112,4,22,三芝區,,,,無年齡維度,0.0,女,遷出,桃園市,3
112,4,22,三芝區,,,,無年齡維度,0.0,男,遷出,桃園市,2
112,4,22,三芝區,,,,無年齡維度,0.0,女,遷出,福建省,0
112,4,22,三芝區,,,,無年齡維度,0.0,男,遷出,福建省,0
112,4,22,三芝區,,,,無年齡維度,0.0,女,遷出,臺中市,0
112,4,22,三芝區,,,,無年齡維度,0.0,男,遷出,臺中市,0
112,4,22,三芝區,,,,無年齡維度,0.0,女,遷出,臺北市,0
112,4,22,三芝區,,,,無年齡維度,0.0,男,遷出,臺北市,4
112,4,22,三芝區,,,,無年齡維度,0.0,女,遷出,臺南市,0
112,4,22,三芝區,,,,無年齡維度,0.0,男,遷出,臺南市,0
112,4,22,三芝區,,,,無年齡維度,0.0,女,遷出,臺灣省,2
112,4,22,三芝區,,,,無年齡維度,0.0,男,遷出,臺灣省,3
112,4,22,三芝區,,,,無年齡維度,0.0,女,遷出,高雄市,0
112,4,22,三芝區,,,,無年齡維度,0.0,男,遷出,高雄市,0
112,4,23,石門區,,,,無年齡維度,0.0,女,遷入,migrants,46
112,4,23,石門區,,,,無年齡維度,0.0,男,遷入,migrants,50
112,4,23,石門區,,,,無年齡維度,0.0,女,遷入,other,0
112,4,23,石門區,,,,無年齡維度,0.0,男,遷入,other,0
112,4,23,石門區,,,,無年齡維度,0.0,女,遷入,其他縣市,0
112,4,23,石門區,,,,無年齡維度,0.0,男,遷入,其他縣市,0
112,4,23,石門區,,,,無年齡維度,0.0,女,遷入,其他鄉鎮,43
112,4,23,石門區,,,,無年齡維度,0.0,男,遷入,其他鄉鎮,35
112,4,23,石門區,,,,無年齡維度,0.0,女,遷入,合計,108
112,4,23,石門區,,,,無年齡維度,0.0,男,遷入,合計,90
112,4,23,石門區,,,,無年齡維度,0.0,女,遷入,國外,20
112,4,23,石門區,,,,無年齡維度,0.0,男,遷入,國外,19
112,4,23,石門區,,,,無年齡維度,0.0,女,遷入,新北市內,0
112,4,23,石門區,,,,無年齡維度,0.0,男,遷入,新北市內,0
112,4,23,石門區,,,,無年齡維度,0.0,女,遷入,桃園市,7
112,4,23,石門區,,,,無年齡維度,0.0,男,遷入,桃園市,2
112,4,23,石門區,,,,無年齡維度,0.0,女,遷入,福建省,0
112,4,23,石門區,,,,無年齡維度,0.0,男,遷入,福建省,0
112,4,23,石門區,,,,無年齡維度,0.0,女,遷入,臺中市,3
112,4,23,石門區,,,,無年齡維度,0.0,男,遷入,臺中市,1
112,4,23,石門區,,,,無年齡維度,0.0,女,遷入,臺北市,21
112,4,23,石門區,,,,無年齡維度,0.0,男,遷入,臺北市,21
112,4,23,石門區,,,,無年齡維度,0.0,女,遷入,臺南市,1
112,4,23,石門區,,,,無年齡維度,0.0,男,遷入,臺南市,1
112,4,23,石門區,,,,無年齡維度,0.0,女,遷入,臺灣省,12
112,4,23,石門區,,,,無年齡維度,0.0,男,遷入,臺灣省,8
112,4,23,石門區,,,,無年齡維度,0.0,女,遷入,高雄市,1
112,4,23,石門區,,,,無年齡維度,0.0,男,遷入,高雄市,1
112,4,23,石門區,,,,無年齡維度,0.0,女,遷出,migrants,46
112,4,23,石門區,,,,無年齡維度,0.0,男,遷出,migrants,50
112,4,23,石門區,,,,無年齡維度,0.0,女,遷出,other,0
112,4,23,石門區,,,,無年齡維度,0.0,男,遷出,other,0
112,4,23,石門區,,,,無年齡維度,0.0,女,遷出,其他縣市,0
112,4,23,石門區,,,,無年齡維度,0.0,男,遷出,其他縣市,0
112,4,23,石門區,,,,無年齡維度,0.0,女,遷出,其他鄉鎮,19
112,4,23,石門區,,,,無年齡維度,0.0,男,遷出,其他鄉鎮,21
112,4,23,石門區,,,,無年齡維度,0.0,女,遷出,合計,55
112,4,23,石門區,,,,無年齡維度,0.0,男,遷出,合計,56
112,4,23,石門區,,,,無年齡維度,0.0,女,遷出,國外,4
112,4,23,石門區,,,,無年齡維度,0.0,男,遷出,國外,4
112,4,23,石門區,,,,無年齡維度,0.0,女,遷出,新北市內,0
112,4,23,石門區,,,,無年齡維度,0.0,男,遷出,新北市內,0
112,4,23,石門區,,,,無年齡維度,0.0,女,遷出,桃園市,4
112,4,23,石門區,,,,無年齡維度,0.0,男,遷出,桃園市,9
112,4,23,石門區,,,,無年齡維度,0.0,女,遷出,福建省,0
112,4,23,石門區,,,,無年齡維度,0.0,男,遷出,福建省,1
112,4,23,石門區,,,,無年齡維度,0.0,女,遷出,臺中市,0
112,4,23,石門區,,,,無年齡維度,0.0,男,遷出,臺中市,2
112,4,23,石門區,,,,無年齡維度,0.0,女,遷出,臺北市,19
112,4,23,石門區,,,,無年齡維度,0.0,男,遷出,臺北市,10
112,4,23,石門區,,,,無年齡維度,0.0,女,遷出,臺南市,1
112,4,23,石門區,,,,無年齡維度,0.0,男,遷出,臺南市,1
112,4,23,石門區,,,,無年齡維度,0.0,女,遷出,臺灣省,2
112,4,23,石門區,,,,無年齡維度,0.0,男,遷出,臺灣省,3
112,4,23,石門區,,,,無年齡維度,0.0,女,遷出,高雄市,6
112,4,23,石門區,,,,無年齡維度,0.0,男,遷出,高雄市,5
112,4,24,金山區,,,,無年齡維度,0.0,女,遷入,migrants,1
112,4,24,金山區,,,,無年齡維度,0.0,男,遷入,migrants,1
112,4,24,金山區,,,,無年齡維度,0.0,女,遷入,other,0
112,4,24,金山區,,,,無年齡維度,0.0,男,遷入,other,0
112,4,24,金山區,,,,無年齡維度,0.0,女,遷入,其他縣市,0
112,4,24,金山區,,,,無年齡維度,0.0,男,遷入,其他縣市,0
112,4,24,金山區,,,,無年齡維度,0.0,女,遷入,其他鄉鎮,3
112,4,24,金山區,,,,無年齡維度,0.0,男,遷入,其他鄉鎮,3
112,4,24,金山區,,,,無年齡維度,0.0,女,遷入,合計,3
112,4,24,金山區,,,,無年齡維度,0.0,男,遷入,合計,6
112,4,24,金山區,,,,無年齡維度,0.0,女,遷入,國外,0
112,4,24,金山區,,,,無年齡維度,0.0,男,遷入,國外,1
112,4,24,金山區,,,,無年齡維度,0.0,女,遷入,新北市內,0
112,4,24,金山區,,,,無年齡維度,0.0,男,遷入,新北市內,0
112,4,24,金山區,,,,無年齡維度,0.0,女,遷入,桃園市,0
112,4,24,金山區,,,,無年齡維度,0.0,男,遷入,桃園市,0
112,4,24,金山區,,,,無年齡維度,0.0,女,遷入,福建省,0
112,4,24,金山區,,,,無年齡維度,0.0,男,遷入,福建省,0
112,4,24,金山區,,,,無年齡維度,0.0,女,遷入,臺中市,0
112,4,24,金山區,,,,無年齡維度,0.0,男,遷入,臺中市,0
112,4,24,金山區,,,,無年齡維度,0.0,女,遷入,臺北市,0
112,4,24,金山區,,,,無年齡維度,0.0,男,遷入,臺北市,1
112,4,24,金山區,,,,無年齡維度,0.0,女,遷入,臺南市,0
112,4,24,金山區,,,,無年齡維度,0.0,男,遷入,臺南市,0
112,4,24,金山區,,,,無年齡維度,0.0,女,遷入,臺灣省,0
112,4,24,金山區,,,,無年齡維度,0.0,男,遷入,臺灣省,1
112,4,24,金山區,,,,無年齡維度,0.0,女,遷入,高雄市,0
112,4,24,金山區,,,,無年齡維度,0.0,男,遷入,高雄市,0
112,4,24,金山區,,,,無年齡維度,0.0,女,遷出,migrants,1
112,4,24,金山區,,,,無年齡維度,0.0,男,遷出,migrants,1
112,4,24,金山區,,,,無年齡維度,0.0,女,遷出,other,0
112,4,24,金山區,,,,無年齡維度,0.0,男,遷出,other,0
112,4,24,金山區,,,,無年齡維度,0.0,女,遷出,其他縣市,0
112,4,24,金山區,,,,無年齡維度,0.0,男,遷出,其他縣市,0
112,4,24,金山區,,,,無年齡維度,0.0,女,遷出,其他鄉鎮,6
112,4,24,金山區,,,,無年齡維度,0.0,男,遷出,其他鄉鎮,5
112,4,24,金山區,,,,無年齡維度,0.0,女,遷出,合計,9
112,4,24,金山區,,,,無年齡維度,0.0,男,遷出,合計,8
112,4,24,金山區,,,,無年齡維度,0.0,女,遷出,國外,0
112,4,24,金山區,,,,無年齡維度,0.0,男,遷出,國外,0
112,4,24,金山區,,,,無年齡維度,0.0,女,遷出,新北市內,0
112,4,24,金山區,,,,無年齡維度,0.0,男,遷出,新北市內,0
112,4,24,金山區,,,,無年齡維度,0.0,女,遷出,桃園市,0
112,4,24,金山區,,,,無年齡維度,0.0,男,遷出,桃園市,0
112,4,24,金山區,,,,無年齡維度,0.0,女,遷出,福建省,1
112,4,24,金山區,,,,無年齡維度,0.0,男,遷出,福建省,0
112,4,24,金山區,,,,無年齡維度,0.0,女,遷出,臺中市,0
112,4,24,金山區,,,,無年齡維度,0.0,男,遷出,臺中市,0
112,4,24,金山區,,,,無年齡維度,0.0,女,遷出,臺北市,1
112,4,24,金山區,,,,無年齡維度,0.0,男,遷出,臺北市,2
112,4,24,金山區,,,,無年齡維度,0.0,女,遷出,臺南市,0
112,4,24,金山區,,,,無年齡維度,0.0,男,遷出,臺南市,0
112,4,24,金山區,,,,無年齡維度,0.0,女,遷出,臺灣省,1
112,4,24,金山區,,,,無年齡維度,0.0,男,遷出,臺灣省,1
112,4,24,金山區,,,,無年齡維度,0.0,女,遷出,高雄市,0
112,4,24,金山區,,,,無年齡維度,0.0,男,遷出,高雄市,0
112,4,25,萬里區,,,,無年齡維度,0.0,女,遷入,migrants,1
112,4,25,萬里區,,,,無年齡維度,0.0,男,遷入,migrants,0
112,4,25,萬里區,,,,無年齡維度,0.0,女,遷入,other,0
112,4,25,萬里區,,,,無年齡維度,0.0,男,遷入,other,0
112,4,25,萬里區,,,,無年齡維度,0.0,女,遷入,其他縣市,0
112,4,25,萬里區,,,,無年齡維度,0.0,男,遷入,其他縣市,0
112,4,25,萬里區,,,,無年齡維度,0.0,女,遷入,其他鄉鎮,4
112,4,25,萬里區,,,,無年齡維度,0.0,男,遷入,其他鄉鎮,1
112,4,25,萬里區,,,,無年齡維度,0.0,女,遷入,合計,10
112,4,25,萬里區,,,,無年齡維度,0.0,男,遷入,合計,14
112,4,25,萬里區,,,,無年齡維度,0.0,女,遷入,國外,2
112,4,25,萬里區,,,,無年齡維度,0.0,男,遷入,國外,3
112,4,25,萬里區,,,,無年齡維度,0.0,女,遷入,新北市內,0
112,4,25,萬里區,,,,無年齡維度,0.0,男,遷入,新北市內,0
112,4,25,萬里區,,,,無年齡維度,0.0,女,遷入,桃園市,1
112,4,25,萬里區,,,,無年齡維度,0.0,男,遷入,桃園市,1
112,4,25,萬里區,,,,無年齡維度,0.0,女,遷入,福建省,0
112,4,25,萬里區,,,,無年齡維度,0.0,男,遷入,福建省,0
112,4,25,萬里區,,,,無年齡維度,0.0,女,遷入,臺中市,0
112,4,25,萬里區,,,,無年齡維度,0.0,男,遷入,臺中市,0
112,4,25,萬里區,,,,無年齡維度,0.0,女,遷入,臺北市,2
112,4,25,萬里區,,,,無年齡維度,0.0,男,遷入,臺北市,5
112,4,25,萬里區,,,,無年齡維度,0.0,女,遷入,臺南市,0
112,4,25,萬里區,,,,無年齡維度,0.0,男,遷入,臺南市,0
112,4,25,萬里區,,,,無年齡維度,0.0,女,遷入,臺灣省,1
112,4,25,萬里區,,,,無年齡維度,0.0,男,遷入,臺灣省,4
112,4,25,萬里區,,,,無年齡維度,0.0,女,遷入,高雄市,0
112,4,25,萬里區,,,,無年齡維度,0.0,男,遷入,高雄市,0
112,4,25,萬里區,,,,無年齡維度,0.0,女,遷出,migrants,1
112,4,25,萬里區,,,,無年齡維度,0.0,男,遷出,migrants,0
112,4,25,萬里區,,,,無年齡維度,0.0,女,遷出,other,0
112,4,25,萬里區,,,,無年齡維度,0.0,男,遷出,other,0
112,4,25,萬里區,,,,無年齡維度,0.0,女,遷出,其他縣市,0
112,4,25,萬里區,,,,無年齡維度,0.0,男,遷出,其他縣市,0
112,4,25,萬里區,,,,無年齡維度,0.0,女,遷出,其他鄉鎮,2
112,4,25,萬里區,,,,無年齡維度,0.0,男,遷出,其他鄉鎮,8
112,4,25,萬里區,,,,無年齡維度,0.0,女,遷出,合計,7
112,4,25,萬里區,,,,無年齡維度,0.0,男,遷出,合計,13
112,4,25,萬里區,,,,無年齡維度,0.0,女,遷出,國外,0
112,4,25,萬里區,,,,無年齡維度,0.0,男,遷出,國外,0
112,4,25,萬里區,,,,無年齡維度,0.0,女,遷出,新北市內,0
112,4,25,萬里區,,,,無年齡維度,0.0,男,遷出,新北市內,0
112,4,25,萬里區,,,,無年齡維度,0.0,女,遷出,桃園市,3
112,4,25,萬里區,,,,無年齡維度,0.0,男,遷出,桃園市,2
112,4,25,萬里區,,,,無年齡維度,0.0,女,遷出,福建省,0
112,4,25,萬里區,,,,無年齡維度,0.0,男,遷出,福建省,0
112,4,25,萬里區,,,,無年齡維度,0.0,女,遷出,臺中市,0
112,4,25,萬里區,,,,無年齡維度,0.0,男,遷出,臺中市,0
112,4,25,萬里區,,,,無年齡維度,0.0,女,遷出,臺北市,2
112,4,25,萬里區,,,,無年齡維度,0.0,男,遷出,臺北市,0
112,4,25,萬里區,,,,無年齡維度,0.0,女,遷出,臺南市,0
112,4,25,萬里區,,,,無年齡維度,0.0,男,遷出,臺南市,0
112,4,25,萬里區,,,,無年齡維度,0.0,女,遷出,臺灣省,0
112,4,25,萬里區,,,,無年齡維度,0.0,男,遷出,臺灣省,3
112,4,25,萬里區,,,,無年齡維度,0.0,女,遷出,高雄市,0
112,4,25,萬里區,,,,無年齡維度,0.0,男,遷出,高雄市,0
112,4,26,平溪區,,,,無年齡維度,0.0,女,遷入,migrants,4
112,4,26,平溪區,,,,無年齡維度,0.0,男,遷入,migrants,1
112,4,26,平溪區,,,,無年齡維度,0.0,女,遷入,other,0
112,4,26,平溪區,,,,無年齡維度,0.0,男,遷入,other,0
112,4,26,平溪區,,,,無年齡維度,0.0,女,遷入,其他縣市,0
112,4,26,平溪區,,,,無年齡維度,0.0,男,遷入,其他縣市,0
112,4,26,平溪區,,,,無年齡維度,0.0,女,遷入,其他鄉鎮,1
112,4,26,平溪區,,,,無年齡維度,0.0,男,遷入,其他鄉鎮,4
112,4,26,平溪區,,,,無年齡維度,0.0,女,遷入,合計,9
112,4,26,平溪區,,,,無年齡維度,0.0,男,遷入,合計,11
112,4,26,平溪區,,,,無年齡維度,0.0,女,遷入,國外,2
112,4,26,平溪區,,,,無年齡維度,0.0,男,遷入,國外,1
112,4,26,平溪區,,,,無年齡維度,0.0,女,遷入,新北市內,0
112,4,26,平溪區,,,,無年齡維度,0.0,男,遷入,新北市內,0
112,4,26,平溪區,,,,無年齡維度,0.0,女,遷入,桃園市,5
112,4,26,平溪區,,,,無年齡維度,0.0,男,遷入,桃園市,1
112,4,26,平溪區,,,,無年齡維度,0.0,女,遷入,福建省,0
112,4,26,平溪區,,,,無年齡維度,0.0,男,遷入,福建省,0
112,4,26,平溪區,,,,無年齡維度,0.0,女,遷入,臺中市,0
112,4,26,平溪區,,,,無年齡維度,0.0,男,遷入,臺中市,1
112,4,26,平溪區,,,,無年齡維度,0.0,女,遷入,臺北市,0
112,4,26,平溪區,,,,無年齡維度,0.0,男,遷入,臺北市,3
112,4,26,平溪區,,,,無年齡維度,0.0,女,遷入,臺南市,0
112,4,26,平溪區,,,,無年齡維度,0.0,男,遷入,臺南市,0
112,4,26,平溪區,,,,無年齡維度,0.0,女,遷入,臺灣省,1
112,4,26,平溪區,,,,無年齡維度,0.0,男,遷入,臺灣省,1
112,4,26,平溪區,,,,無年齡維度,0.0,女,遷入,高雄市,0
112,4,26,平溪區,,,,無年齡維度,0.0,男,遷入,高雄市,0
112,4,26,平溪區,,,,無年齡維度,0.0,女,遷出,migrants,4
112,4,26,平溪區,,,,無年齡維度,0.0,男,遷出,migrants,1
112,4,26,平溪區,,,,無年齡維度,0.0,女,遷出,other,0
112,4,26,平溪區,,,,無年齡維度,0.0,男,遷出,other,0
112,4,26,平溪區,,,,無年齡維度,0.0,女,遷出,其他縣市,0
112,4,26,平溪區,,,,無年齡維度,0.0,男,遷出,其他縣市,0
112,4,26,平溪區,,,,無年齡維度,0.0,女,遷出,其他鄉鎮,7
112,4,26,平溪區,,,,無年齡維度,0.0,男,遷出,其他鄉鎮,6
112,4,26,平溪區,,,,無年齡維度,0.0,女,遷出,合計,26
112,4,26,平溪區,,,,無年齡維度,0.0,男,遷出,合計,16
112,4,26,平溪區,,,,無年齡維度,0.0,女,遷出,國外,0
112,4,26,平溪區,,,,無年齡維度,0.0,男,遷出,國外,0
112,4,26,平溪區,,,,無年齡維度,0.0,女,遷出,新北市內,0
112,4,26,平溪區,,,,無年齡維度,0.0,男,遷出,新北市內,0
112,4,26,平溪區,,,,無年齡維度,0.0,女,遷出,桃園市,8
112,4,26,平溪區,,,,無年齡維度,0.0,男,遷出,桃園市,1
112,4,26,平溪區,,,,無年齡維度,0.0,女,遷出,福建省,2
112,4,26,平溪區,,,,無年齡維度,0.0,男,遷出,福建省,2
112,4,26,平溪區,,,,無年齡維度,0.0,女,遷出,臺中市,0
112,4,26,平溪區,,,,無年齡維度,0.0,男,遷出,臺中市,0
112,4,26,平溪區,,,,無年齡維度,0.0,女,遷出,臺北市,4
112,4,26,平溪區,,,,無年齡維度,0.0,男,遷出,臺北市,3
112,4,26,平溪區,,,,無年齡維度,0.0,女,遷出,臺南市,0
112,4,26,平溪區,,,,無年齡維度,0.0,男,遷出,臺南市,0
112,4,26,平溪區,,,,無年齡維度,0.0,女,遷出,臺灣省,5
112,4,26,平溪區,,,,無年齡維度,0.0,男,遷出,臺灣省,4
112,4,26,平溪區,,,,無年齡維度,0.0,女,遷出,高雄市,0
112,4,26,平溪區,,,,無年齡維度,0.0,男,遷出,高雄市,0
112,4,27,雙溪區,,,,無年齡維度,0.0,女,遷入,migrants,15
112,4,27,雙溪區,,,,無年齡維度,0.0,男,遷入,migrants,10
112,4,27,雙溪區,,,,無年齡維度,0.0,女,遷入,other,0
112,4,27,雙溪區,,,,無年齡維度,0.0,男,遷入,other,0
112,4,27,雙溪區,,,,無年齡維度,0.0,女,遷入,其他縣市,0
112,4,27,雙溪區,,,,無年齡維度,0.0,男,遷入,其他縣市,0
112,4,27,雙溪區,,,,無年齡維度,0.0,女,遷入,其他鄉鎮,4
112,4,27,雙溪區,,,,無年齡維度,0.0,男,遷入,其他鄉鎮,2
112,4,27,雙溪區,,,,無年齡維度,0.0,女,遷入,合計,16
112,4,27,雙溪區,,,,無年齡維度,0.0,男,遷入,合計,11
112,4,27,雙溪區,,,,無年齡維度,0.0,女,遷入,國外,4
112,4,27,雙溪區,,,,無年齡維度,0.0,男,遷入,國外,4
112,4,27,雙溪區,,,,無年齡維度,0.0,女,遷入,新北市內,0
112,4,27,雙溪區,,,,無年齡維度,0.0,男,遷入,新北市內,0
112,4,27,雙溪區,,,,無年齡維度,0.0,女,遷入,桃園市,1
112,4,27,雙溪區,,,,無年齡維度,0.0,男,遷入,桃園市,0
112,4,27,雙溪區,,,,無年齡維度,0.0,女,遷入,福建省,0
112,4,27,雙溪區,,,,無年齡維度,0.0,男,遷入,福建省,0
112,4,27,雙溪區,,,,無年齡維度,0.0,女,遷入,臺中市,0
112,4,27,雙溪區,,,,無年齡維度,0.0,男,遷入,臺中市,0
112,4,27,雙溪區,,,,無年齡維度,0.0,女,遷入,臺北市,2
112,4,27,雙溪區,,,,無年齡維度,0.0,男,遷入,臺北市,1
112,4,27,雙溪區,,,,無年齡維度,0.0,女,遷入,臺南市,0
112,4,27,雙溪區,,,,無年齡維度,0.0,男,遷入,臺南市,0
112,4,27,雙溪區,,,,無年齡維度,0.0,女,遷入,臺灣省,5
112,4,27,雙溪區,,,,無年齡維度,0.0,男,遷入,臺灣省,4
112,4,27,雙溪區,,,,無年齡維度,0.0,女,遷入,高雄市,0
112,4,27,雙溪區,,,,無年齡維度,0.0,男,遷入,高雄市,0
112,4,27,雙溪區,,,,無年齡維度,0.0,女,遷出,migrants,15
112,4,27,雙溪區,,,,無年齡維度,0.0,男,遷出,migrants,10
112,4,27,雙溪區,,,,無年齡維度,0.0,女,遷出,other,0
112,4,27,雙溪區,,,,無年齡維度,0.0,男,遷出,other,0
112,4,27,雙溪區,,,,無年齡維度,0.0,女,遷出,其他縣市,0
112,4,27,雙溪區,,,,無年齡維度,0.0,男,遷出,其他縣市,0
112,4,27,雙溪區,,,,無年齡維度,0.0,女,遷出,其他鄉鎮,13
112,4,27,雙溪區,,,,無年齡維度,0.0,男,遷出,其他鄉鎮,7
112,4,27,雙溪區,,,,無年齡維度,0.0,女,遷出,合計,29
112,4,27,雙溪區,,,,無年齡維度,0.0,男,遷出,合計,17
112,4,27,雙溪區,,,,無年齡維度,0.0,女,遷出,國外,1
112,4,27,雙溪區,,,,無年齡維度,0.0,男,遷出,國外,1
112,4,27,雙溪區,,,,無年齡維度,0.0,女,遷出,新北市內,0
112,4,27,雙溪區,,,,無年齡維度,0.0,男,遷出,新北市內,0
112,4,27,雙溪區,,,,無年齡維度,0.0,女,遷出,桃園市,1
112,4,27,雙溪區,,,,無年齡維度,0.0,男,遷出,桃園市,0
112,4,27,雙溪區,,,,無年齡維度,0.0,女,遷出,福建省,0
112,4,27,雙溪區,,,,無年齡維度,0.0,男,遷出,福建省,0
112,4,27,雙溪區,,,,無年齡維度,0.0,女,遷出,臺中市,0
112,4,27,雙溪區,,,,無年齡維度,0.0,男,遷出,臺中市,0
112,4,27,雙溪區,,,,無年齡維度,0.0,女,遷出,臺北市,8
112,4,27,雙溪區,,,,無年齡維度,0.0,男,遷出,臺北市,1
112,4,27,雙溪區,,,,無年齡維度,0.0,女,遷出,臺南市,0
112,4,27,雙溪區,,,,無年齡維度,0.0,男,遷出,臺南市,2
112,4,27,雙溪區,,,,無年齡維度,0.0,女,遷出,臺灣省,6
112,4,27,雙溪區,,,,無年齡維度,0.0,男,遷出,臺灣省,4
112,4,27,雙溪區,,,,無年齡維度,0.0,女,遷出,高雄市,0
112,4,27,雙溪區,,,,無年齡維度,0.0,男,遷出,高雄市,2
112,4,28,貢寮區,,,,無年齡維度,0.0,女,遷入,migrants,12
112,4,28,貢寮區,,,,無年齡維度,0.0,男,遷入,migrants,14
112,4,28,貢寮區,,,,無年齡維度,0.0,女,遷入,other,0
112,4,28,貢寮區,,,,無年齡維度,0.0,男,遷入,other,0
112,4,28,貢寮區,,,,無年齡維度,0.0,女,遷入,其他縣市,0
112,4,28,貢寮區,,,,無年齡維度,0.0,男,遷入,其他縣市,0
112,4,28,貢寮區,,,,無年齡維度,0.0,女,遷入,其他鄉鎮,1
112,4,28,貢寮區,,,,無年齡維度,0.0,男,遷入,其他鄉鎮,13
112,4,28,貢寮區,,,,無年齡維度,0.0,女,遷入,合計,20
112,4,28,貢寮區,,,,無年齡維度,0.0,男,遷入,合計,28
112,4,28,貢寮區,,,,無年齡維度,0.0,女,遷入,國外,5
112,4,28,貢寮區,,,,無年齡維度,0.0,男,遷入,國外,5
112,4,28,貢寮區,,,,無年齡維度,0.0,女,遷入,新北市內,0
112,4,28,貢寮區,,,,無年齡維度,0.0,男,遷入,新北市內,0
112,4,28,貢寮區,,,,無年齡維度,0.0,女,遷入,桃園市,1
112,4,28,貢寮區,,,,無年齡維度,0.0,男,遷入,桃園市,2
112,4,28,貢寮區,,,,無年齡維度,0.0,女,遷入,福建省,0
112,4,28,貢寮區,,,,無年齡維度,0.0,男,遷入,福建省,1
112,4,28,貢寮區,,,,無年齡維度,0.0,女,遷入,臺中市,1
112,4,28,貢寮區,,,,無年齡維度,0.0,男,遷入,臺中市,0
112,4,28,貢寮區,,,,無年齡維度,0.0,女,遷入,臺北市,1
112,4,28,貢寮區,,,,無年齡維度,0.0,男,遷入,臺北市,2
112,4,28,貢寮區,,,,無年齡維度,0.0,女,遷入,臺南市,0
112,4,28,貢寮區,,,,無年齡維度,0.0,男,遷入,臺南市,2
112,4,28,貢寮區,,,,無年齡維度,0.0,女,遷入,臺灣省,11
112,4,28,貢寮區,,,,無年齡維度,0.0,男,遷入,臺灣省,3
112,4,28,貢寮區,,,,無年齡維度,0.0,女,遷入,高雄市,0
112,4,28,貢寮區,,,,無年齡維度,0.0,男,遷入,高雄市,0
112,4,28,貢寮區,,,,無年齡維度,0.0,女,遷出,migrants,12
112,4,28,貢寮區,,,,無年齡維度,0.0,男,遷出,migrants,14
112,4,28,貢寮區,,,,無年齡維度,0.0,女,遷出,other,0
112,4,28,貢寮區,,,,無年齡維度,0.0,男,遷出,other,0
112,4,28,貢寮區,,,,無年齡維度,0.0,女,遷出,其他縣市,0
112,4,28,貢寮區,,,,無年齡維度,0.0,男,遷出,其他縣市,0
112,4,28,貢寮區,,,,無年齡維度,0.0,女,遷出,其他鄉鎮,15
112,4,28,貢寮區,,,,無年齡維度,0.0,男,遷出,其他鄉鎮,9
112,4,28,貢寮區,,,,無年齡維度,0.0,女,遷出,合計,37
112,4,28,貢寮區,,,,無年齡維度,0.0,男,遷出,合計,31
112,4,28,貢寮區,,,,無年齡維度,0.0,女,遷出,國外,0
112,4,28,貢寮區,,,,無年齡維度,0.0,男,遷出,國外,0
112,4,28,貢寮區,,,,無年齡維度,0.0,女,遷出,新北市內,0
112,4,28,貢寮區,,,,無年齡維度,0.0,男,遷出,新北市內,0
112,4,28,貢寮區,,,,無年齡維度,0.0,女,遷出,桃園市,5
112,4,28,貢寮區,,,,無年齡維度,0.0,男,遷出,桃園市,1
112,4,28,貢寮區,,,,無年齡維度,0.0,女,遷出,福建省,0
112,4,28,貢寮區,,,,無年齡維度,0.0,男,遷出,福建省,1
112,4,28,貢寮區,,,,無年齡維度,0.0,女,遷出,臺中市,0
112,4,28,貢寮區,,,,無年齡維度,0.0,男,遷出,臺中市,1
112,4,28,貢寮區,,,,無年齡維度,0.0,女,遷出,臺北市,3
112,4,28,貢寮區,,,,無年齡維度,0.0,男,遷出,臺北市,2
112,4,28,貢寮區,,,,無年齡維度,0.0,女,遷出,臺南市,0
112,4,28,貢寮區,,,,無年齡維度,0.0,男,遷出,臺南市,0
112,4,28,貢寮區,,,,無年齡維度,0.0,女,遷出,臺灣省,14
112,4,28,貢寮區,,,,無年齡維度,0.0,男,遷出,臺灣省,16
112,4,28,貢寮區,,,,無年齡維度,0.0,女,遷出,高雄市,0
112,4,28,貢寮區,,,,無年齡維度,0.0,男,遷出,高雄市,1
112,4,29,烏來區,,,,無年齡維度,0.0,女,遷入,migrants,10
112,4,29,烏來區,,,,無年齡維度,0.0,男,遷入,migrants,5
112,4,29,烏來區,,,,無年齡維度,0.0,女,遷入,other,0
112,4,29,烏來區,,,,無年齡維度,0.0,男,遷入,other,0
112,4,29,烏來區,,,,無年齡維度,0.0,女,遷入,其他縣市,0
112,4,29,烏來區,,,,無年齡維度,0.0,男,遷入,其他縣市,0
112,4,29,烏來區,,,,無年齡維度,0.0,女,遷入,其他鄉鎮,6
112,4,29,烏來區,,,,無年齡維度,0.0,男,遷入,其他鄉鎮,4
112,4,29,烏來區,,,,無年齡維度,0.0,女,遷入,合計,12
112,4,29,烏來區,,,,無年齡維度,0.0,男,遷入,合計,9
112,4,29,烏來區,,,,無年齡維度,0.0,女,遷入,國外,4
112,4,29,烏來區,,,,無年齡維度,0.0,男,遷入,國外,1
112,4,29,烏來區,,,,無年齡維度,0.0,女,遷入,新北市內,0
112,4,29,烏來區,,,,無年齡維度,0.0,男,遷入,新北市內,0
112,4,29,烏來區,,,,無年齡維度,0.0,女,遷入,桃園市,1
112,4,29,烏來區,,,,無年齡維度,0.0,男,遷入,桃園市,1
112,4,29,烏來區,,,,無年齡維度,0.0,女,遷入,福建省,0
112,4,29,烏來區,,,,無年齡維度,0.0,男,遷入,福建省,0
112,4,29,烏來區,,,,無年齡維度,0.0,女,遷入,臺中市,1
112,4,29,烏來區,,,,無年齡維度,0.0,男,遷入,臺中市,1
112,4,29,烏來區,,,,無年齡維度,0.0,女,遷入,臺北市,0
112,4,29,烏來區,,,,無年齡維度,0.0,男,遷入,臺北市,2
112,4,29,烏來區,,,,無年齡維度,0.0,女,遷入,臺南市,0
112,4,29,烏來區,,,,無年齡維度,0.0,男,遷入,臺南市,0
112,4,29,烏來區,,,,無年齡維度,0.0,女,遷入,臺灣省,0
112,4,29,烏來區,,,,無年齡維度,0.0,男,遷入,臺灣省,0
112,4,29,烏來區,,,,無年齡維度,0.0,女,遷入,高雄市,0
112,4,29,烏來區,,,,無年齡維度,0.0,男,遷入,高雄市,0
112,4,29,烏來區,,,,無年齡維度,0.0,女,遷出,migrants,10
112,4,29,烏來區,,,,無年齡維度,0.0,男,遷出,migrants,5
112,4,29,烏來區,,,,無年齡維度,0.0,女,遷出,other,0
112,4,29,烏來區,,,,無年齡維度,0.0,男,遷出,other,0
112,4,29,烏來區,,,,無年齡維度,0.0,女,遷出,其他縣市,0
112,4,29,烏來區,,,,無年齡維度,0.0,男,遷出,其他縣市,0
112,4,29,烏來區,,,,無年齡維度,0.0,女,遷出,其他鄉鎮,8
112,4,29,烏來區,,,,無年齡維度,0.0,男,遷出,其他鄉鎮,9
112,4,29,烏來區,,,,無年齡維度,0.0,女,遷出,合計,14
112,4,29,烏來區,,,,無年齡維度,0.0,男,遷出,合計,12
112,4,29,烏來區,,,,無年齡維度,0.0,女,遷出,國外,0
112,4,29,烏來區,,,,無年齡維度,0.0,男,遷出,國外,0
112,4,29,烏來區,,,,無年齡維度,0.0,女,遷出,新北市內,0
112,4,29,烏來區,,,,無年齡維度,0.0,男,遷出,新北市內,0
112,4,29,烏來區,,,,無年齡維度,0.0,女,遷出,桃園市,3
112,4,29,烏來區,,,,無年齡維度,0.0,男,遷出,桃園市,0
112,4,29,烏來區,,,,無年齡維度,0.0,女,遷出,福建省,0
112,4,29,烏來區,,,,無年齡維度,0.0,男,遷出,福建省,0
112,4,29,烏來區,,,,無年齡維度,0.0,女,遷出,臺中市,0
112,4,29,烏來區,,,,無年齡維度,0.0,男,遷出,臺中市,0
112,4,29,烏來區,,,,無年齡維度,0.0,女,遷出,臺北市,2
112,4,29,烏來區,,,,無年齡維度,0.0,男,遷出,臺北市,3
112,4,29,烏來區,,,,無年齡維度,0.0,女,遷出,臺南市,0
112,4,29,烏來區,,,,無年齡維度,0.0,男,遷出,臺南市,0
112,4,29,烏來區,,,,無年齡維度,0.0,女,遷出,臺灣省,1
112,4,29,烏來區,,,,無年齡維度,0.0,男,遷出,臺灣省,0
112,4,29,烏來區,,,,無年齡維度,0.0,女,遷出,高雄市,0
112,4,29,烏來區,,,,無年齡維度,0.0,男,遷出,高雄市,0
112,5,1,板橋區,,,,無年齡維度,0.0,女,遷入,migrants,962
112,5,1,板橋區,,,,無年齡維度,0.0,男,遷入,migrants,787
112,5,1,板橋區,,,,無年齡維度,0.0,女,遷入,other,0
112,5,1,板橋區,,,,無年齡維度,0.0,男,遷入,other,0
112,5,1,板橋區,,,,無年齡維度,0.0,女,遷入,其他縣市,0
112,5,1,板橋區,,,,無年齡維度,0.0,男,遷入,其他縣市,0
112,5,1,板橋區,,,,無年齡維度,0.0,女,遷入,其他鄉鎮,457
112,5,1,板橋區,,,,無年齡維度,0.0,男,遷入,其他鄉鎮,317
112,5,1,板橋區,,,,無年齡維度,0.0,女,遷入,合計,1368
112,5,1,板橋區,,,,無年齡維度,0.0,男,遷入,合計,1068
112,5,1,板橋區,,,,無年齡維度,0.0,女,遷入,國外,299
112,5,1,板橋區,,,,無年齡維度,0.0,男,遷入,國外,249
112,5,1,板橋區,,,,無年齡維度,0.0,女,遷入,新北市內,0
112,5,1,板橋區,,,,無年齡維度,0.0,男,遷入,新北市內,0
112,5,1,板橋區,,,,無年齡維度,0.0,女,遷入,桃園市,59
112,5,1,板橋區,,,,無年齡維度,0.0,男,遷入,桃園市,53
112,5,1,板橋區,,,,無年齡維度,0.0,女,遷入,福建省,7
112,5,1,板橋區,,,,無年齡維度,0.0,男,遷入,福建省,9
112,5,1,板橋區,,,,無年齡維度,0.0,女,遷入,臺中市,25
112,5,1,板橋區,,,,無年齡維度,0.0,男,遷入,臺中市,25
112,5,1,板橋區,,,,無年齡維度,0.0,女,遷入,臺北市,268
112,5,1,板橋區,,,,無年齡維度,0.0,男,遷入,臺北市,243
112,5,1,板橋區,,,,無年齡維度,0.0,女,遷入,臺南市,20
112,5,1,板橋區,,,,無年齡維度,0.0,男,遷入,臺南市,19
112,5,1,板橋區,,,,無年齡維度,0.0,女,遷入,臺灣省,157
112,5,1,板橋區,,,,無年齡維度,0.0,男,遷入,臺灣省,117
112,5,1,板橋區,,,,無年齡維度,0.0,女,遷入,高雄市,40
112,5,1,板橋區,,,,無年齡維度,0.0,男,遷入,高雄市,18
112,5,1,板橋區,,,,無年齡維度,0.0,女,遷出,migrants,962
112,5,1,板橋區,,,,無年齡維度,0.0,男,遷出,migrants,787
112,5,1,板橋區,,,,無年齡維度,0.0,女,遷出,other,0
112,5,1,板橋區,,,,無年齡維度,0.0,男,遷出,other,0
112,5,1,板橋區,,,,無年齡維度,0.0,女,遷出,其他縣市,0
112,5,1,板橋區,,,,無年齡維度,0.0,男,遷出,其他縣市,0
112,5,1,板橋區,,,,無年齡維度,0.0,女,遷出,其他鄉鎮,458
112,5,1,板橋區,,,,無年齡維度,0.0,男,遷出,其他鄉鎮,398
112,5,1,板橋區,,,,無年齡維度,0.0,女,遷出,合計,976
112,5,1,板橋區,,,,無年齡維度,0.0,男,遷出,合計,844
112,5,1,板橋區,,,,無年齡維度,0.0,女,遷出,國外,23
112,5,1,板橋區,,,,無年齡維度,0.0,男,遷出,國外,22
112,5,1,板橋區,,,,無年齡維度,0.0,女,遷出,新北市內,0
112,5,1,板橋區,,,,無年齡維度,0.0,男,遷出,新北市內,0
112,5,1,板橋區,,,,無年齡維度,0.0,女,遷出,桃園市,84
112,5,1,板橋區,,,,無年齡維度,0.0,男,遷出,桃園市,93
112,5,1,板橋區,,,,無年齡維度,0.0,女,遷出,福建省,10
112,5,1,板橋區,,,,無年齡維度,0.0,男,遷出,福建省,9
112,5,1,板橋區,,,,無年齡維度,0.0,女,遷出,臺中市,48
112,5,1,板橋區,,,,無年齡維度,0.0,男,遷出,臺中市,27
112,5,1,板橋區,,,,無年齡維度,0.0,女,遷出,臺北市,193
112,5,1,板橋區,,,,無年齡維度,0.0,男,遷出,臺北市,149
112,5,1,板橋區,,,,無年齡維度,0.0,女,遷出,臺南市,19
112,5,1,板橋區,,,,無年齡維度,0.0,男,遷出,臺南市,18
112,5,1,板橋區,,,,無年齡維度,0.0,女,遷出,臺灣省,113
112,5,1,板橋區,,,,無年齡維度,0.0,男,遷出,臺灣省,108
112,5,1,板橋區,,,,無年齡維度,0.0,女,遷出,高雄市,26
112,5,1,板橋區,,,,無年齡維度,0.0,男,遷出,高雄市,20
112,5,2,三重區,,,,無年齡維度,0.0,女,遷入,migrants,600
112,5,2,三重區,,,,無年齡維度,0.0,男,遷入,migrants,541
112,5,2,三重區,,,,無年齡維度,0.0,女,遷入,other,0
112,5,2,三重區,,,,無年齡維度,0.0,男,遷入,other,0
112,5,2,三重區,,,,無年齡維度,0.0,女,遷入,其他縣市,0
112,5,2,三重區,,,,無年齡維度,0.0,男,遷入,其他縣市,0
112,5,2,三重區,,,,無年齡維度,0.0,女,遷入,其他鄉鎮,311
112,5,2,三重區,,,,無年齡維度,0.0,男,遷入,其他鄉鎮,224
112,5,2,三重區,,,,無年齡維度,0.0,女,遷入,合計,967
112,5,2,三重區,,,,無年齡維度,0.0,男,遷入,合計,816
112,5,2,三重區,,,,無年齡維度,0.0,女,遷入,國外,152
112,5,2,三重區,,,,無年齡維度,0.0,男,遷入,國外,150
112,5,2,三重區,,,,無年齡維度,0.0,女,遷入,新北市內,0
112,5,2,三重區,,,,無年齡維度,0.0,男,遷入,新北市內,0
112,5,2,三重區,,,,無年齡維度,0.0,女,遷入,桃園市,46
112,5,2,三重區,,,,無年齡維度,0.0,男,遷入,桃園市,42
112,5,2,三重區,,,,無年齡維度,0.0,女,遷入,福建省,2
112,5,2,三重區,,,,無年齡維度,0.0,男,遷入,福建省,12
112,5,2,三重區,,,,無年齡維度,0.0,女,遷入,臺中市,15
112,5,2,三重區,,,,無年齡維度,0.0,男,遷入,臺中市,16
112,5,2,三重區,,,,無年齡維度,0.0,女,遷入,臺北市,288
112,5,2,三重區,,,,無年齡維度,0.0,男,遷入,臺北市,250
112,5,2,三重區,,,,無年齡維度,0.0,女,遷入,臺南市,14
112,5,2,三重區,,,,無年齡維度,0.0,男,遷入,臺南市,16
112,5,2,三重區,,,,無年齡維度,0.0,女,遷入,臺灣省,106
112,5,2,三重區,,,,無年齡維度,0.0,男,遷入,臺灣省,83
112,5,2,三重區,,,,無年齡維度,0.0,女,遷入,高雄市,15
112,5,2,三重區,,,,無年齡維度,0.0,男,遷入,高雄市,11
112,5,2,三重區,,,,無年齡維度,0.0,女,遷出,migrants,600
112,5,2,三重區,,,,無年齡維度,0.0,男,遷出,migrants,541
112,5,2,三重區,,,,無年齡維度,0.0,女,遷出,other,0
112,5,2,三重區,,,,無年齡維度,0.0,男,遷出,other,0
112,5,2,三重區,,,,無年齡維度,0.0,女,遷出,其他縣市,0
112,5,2,三重區,,,,無年齡維度,0.0,男,遷出,其他縣市,0
112,5,2,三重區,,,,無年齡維度,0.0,女,遷出,其他鄉鎮,336
112,5,2,三重區,,,,無年齡維度,0.0,男,遷出,其他鄉鎮,280
112,5,2,三重區,,,,無年齡維度,0.0,女,遷出,合計,763
112,5,2,三重區,,,,無年齡維度,0.0,男,遷出,合計,637
112,5,2,三重區,,,,無年齡維度,0.0,女,遷出,國外,17
112,5,2,三重區,,,,無年齡維度,0.0,男,遷出,國外,16
112,5,2,三重區,,,,無年齡維度,0.0,女,遷出,新北市內,0
112,5,2,三重區,,,,無年齡維度,0.0,男,遷出,新北市內,0
112,5,2,三重區,,,,無年齡維度,0.0,女,遷出,桃園市,75
112,5,2,三重區,,,,無年齡維度,0.0,男,遷出,桃園市,57
112,5,2,三重區,,,,無年齡維度,0.0,女,遷出,福建省,5
112,5,2,三重區,,,,無年齡維度,0.0,男,遷出,福建省,2
112,5,2,三重區,,,,無年齡維度,0.0,女,遷出,臺中市,23
112,5,2,三重區,,,,無年齡維度,0.0,男,遷出,臺中市,19
112,5,2,三重區,,,,無年齡維度,0.0,女,遷出,臺北市,211
112,5,2,三重區,,,,無年齡維度,0.0,男,遷出,臺北市,157
112,5,2,三重區,,,,無年齡維度,0.0,女,遷出,臺南市,15
112,5,2,三重區,,,,無年齡維度,0.0,男,遷出,臺南市,9
112,5,2,三重區,,,,無年齡維度,0.0,女,遷出,臺灣省,66
112,5,2,三重區,,,,無年齡維度,0.0,男,遷出,臺灣省,89
112,5,2,三重區,,,,無年齡維度,0.0,女,遷出,高雄市,14
112,5,2,三重區,,,,無年齡維度,0.0,男,遷出,高雄市,8
112,5,3,中和區,,,,無年齡維度,0.0,女,遷入,migrants,451
112,5,3,中和區,,,,無年齡維度,0.0,男,遷入,migrants,415
112,5,3,中和區,,,,無年齡維度,0.0,女,遷入,other,0
112,5,3,中和區,,,,無年齡維度,0.0,男,遷入,other,0
112,5,3,中和區,,,,無年齡維度,0.0,女,遷入,其他縣市,0
112,5,3,中和區,,,,無年齡維度,0.0,男,遷入,其他縣市,0
112,5,3,中和區,,,,無年齡維度,0.0,女,遷入,其他鄉鎮,360
112,5,3,中和區,,,,無年齡維度,0.0,男,遷入,其他鄉鎮,309
112,5,3,中和區,,,,無年齡維度,0.0,女,遷入,合計,1123
112,5,3,中和區,,,,無年齡維度,0.0,男,遷入,合計,946
112,5,3,中和區,,,,無年齡維度,0.0,女,遷入,國外,319
112,5,3,中和區,,,,無年齡維度,0.0,男,遷入,國外,260
112,5,3,中和區,,,,無年齡維度,0.0,女,遷入,新北市內,0
112,5,3,中和區,,,,無年齡維度,0.0,男,遷入,新北市內,0
112,5,3,中和區,,,,無年齡維度,0.0,女,遷入,桃園市,34
112,5,3,中和區,,,,無年齡維度,0.0,男,遷入,桃園市,39
112,5,3,中和區,,,,無年齡維度,0.0,女,遷入,福建省,8
112,5,3,中和區,,,,無年齡維度,0.0,男,遷入,福建省,8
112,5,3,中和區,,,,無年齡維度,0.0,女,遷入,臺中市,28
112,5,3,中和區,,,,無年齡維度,0.0,男,遷入,臺中市,20
112,5,3,中和區,,,,無年齡維度,0.0,女,遷入,臺北市,237
112,5,3,中和區,,,,無年齡維度,0.0,男,遷入,臺北市,192
112,5,3,中和區,,,,無年齡維度,0.0,女,遷入,臺南市,15
112,5,3,中和區,,,,無年齡維度,0.0,男,遷入,臺南市,9
112,5,3,中和區,,,,無年齡維度,0.0,女,遷入,臺灣省,82
112,5,3,中和區,,,,無年齡維度,0.0,男,遷入,臺灣省,79
112,5,3,中和區,,,,無年齡維度,0.0,女,遷入,高雄市,13
112,5,3,中和區,,,,無年齡維度,0.0,男,遷入,高雄市,16
112,5,3,中和區,,,,無年齡維度,0.0,女,遷出,migrants,451
112,5,3,中和區,,,,無年齡維度,0.0,男,遷出,migrants,415
112,5,3,中和區,,,,無年齡維度,0.0,女,遷出,other,0
112,5,3,中和區,,,,無年齡維度,0.0,男,遷出,other,0
112,5,3,中和區,,,,無年齡維度,0.0,女,遷出,其他縣市,0
112,5,3,中和區,,,,無年齡維度,0.0,男,遷出,其他縣市,0
112,5,3,中和區,,,,無年齡維度,0.0,女,遷出,其他鄉鎮,474
112,5,3,中和區,,,,無年齡維度,0.0,男,遷出,其他鄉鎮,387
112,5,3,中和區,,,,無年齡維度,0.0,女,遷出,合計,889
112,5,3,中和區,,,,無年齡維度,0.0,男,遷出,合計,774
112,5,3,中和區,,,,無年齡維度,0.0,女,遷出,國外,32
112,5,3,中和區,,,,無年齡維度,0.0,男,遷出,國外,19
112,5,3,中和區,,,,無年齡維度,0.0,女,遷出,新北市內,0
112,5,3,中和區,,,,無年齡維度,0.0,男,遷出,新北市內,0
112,5,3,中和區,,,,無年齡維度,0.0,女,遷出,桃園市,66
112,5,3,中和區,,,,無年齡維度,0.0,男,遷出,桃園市,67
112,5,3,中和區,,,,無年齡維度,0.0,女,遷出,福建省,8
112,5,3,中和區,,,,無年齡維度,0.0,男,遷出,福建省,9
112,5,3,中和區,,,,無年齡維度,0.0,女,遷出,臺中市,25
112,5,3,中和區,,,,無年齡維度,0.0,男,遷出,臺中市,16
112,5,3,中和區,,,,無年齡維度,0.0,女,遷出,臺北市,169
112,5,3,中和區,,,,無年齡維度,0.0,男,遷出,臺北市,167
112,5,3,中和區,,,,無年齡維度,0.0,女,遷出,臺南市,17
112,5,3,中和區,,,,無年齡維度,0.0,男,遷出,臺南市,13
112,5,3,中和區,,,,無年齡維度,0.0,女,遷出,臺灣省,78
112,5,3,中和區,,,,無年齡維度,0.0,男,遷出,臺灣省,84
112,5,3,中和區,,,,無年齡維度,0.0,女,遷出,高雄市,18
112,5,3,中和區,,,,無年齡維度,0.0,男,遷出,高雄市,12
112,5,4,永和區,,,,無年齡維度,0.0,女,遷入,migrants,197
112,5,4,永和區,,,,無年齡維度,0.0,男,遷入,migrants,206
112,5,4,永和區,,,,無年齡維度,0.0,女,遷入,other,0
112,5,4,永和區,,,,無年齡維度,0.0,男,遷入,other,0
112,5,4,永和區,,,,無年齡維度,0.0,女,遷入,其他縣市,0
112,5,4,永和區,,,,無年齡維度,0.0,男,遷入,其他縣市,0
112,5,4,永和區,,,,無年齡維度,0.0,女,遷入,其他鄉鎮,173
112,5,4,永和區,,,,無年齡維度,0.0,男,遷入,其他鄉鎮,171
112,5,4,永和區,,,,無年齡維度,0.0,女,遷入,合計,662
112,5,4,永和區,,,,無年齡維度,0.0,男,遷入,合計,597
112,5,4,永和區,,,,無年齡維度,0.0,女,遷入,國外,266
112,5,4,永和區,,,,無年齡維度,0.0,男,遷入,國外,206
112,5,4,永和區,,,,無年齡維度,0.0,女,遷入,新北市內,0
112,5,4,永和區,,,,無年齡維度,0.0,男,遷入,新北市內,0
112,5,4,永和區,,,,無年齡維度,0.0,女,遷入,桃園市,19
112,5,4,永和區,,,,無年齡維度,0.0,男,遷入,桃園市,16
112,5,4,永和區,,,,無年齡維度,0.0,女,遷入,福建省,1
112,5,4,永和區,,,,無年齡維度,0.0,男,遷入,福建省,5
112,5,4,永和區,,,,無年齡維度,0.0,女,遷入,臺中市,11
112,5,4,永和區,,,,無年齡維度,0.0,男,遷入,臺中市,6
112,5,4,永和區,,,,無年齡維度,0.0,女,遷入,臺北市,136
112,5,4,永和區,,,,無年齡維度,0.0,男,遷入,臺北市,134
112,5,4,永和區,,,,無年齡維度,0.0,女,遷入,臺南市,3
112,5,4,永和區,,,,無年齡維度,0.0,男,遷入,臺南市,7
112,5,4,永和區,,,,無年齡維度,0.0,女,遷入,臺灣省,36
112,5,4,永和區,,,,無年齡維度,0.0,男,遷入,臺灣省,34
112,5,4,永和區,,,,無年齡維度,0.0,女,遷入,高雄市,12
112,5,4,永和區,,,,無年齡維度,0.0,男,遷入,高雄市,8
112,5,4,永和區,,,,無年齡維度,0.0,女,遷出,migrants,197
112,5,4,永和區,,,,無年齡維度,0.0,男,遷出,migrants,206
112,5,4,永和區,,,,無年齡維度,0.0,女,遷出,other,0
112,5,4,永和區,,,,無年齡維度,0.0,男,遷出,other,0
112,5,4,永和區,,,,無年齡維度,0.0,女,遷出,其他縣市,0
112,5,4,永和區,,,,無年齡維度,0.0,男,遷出,其他縣市,0
112,5,4,永和區,,,,無年齡維度,0.0,女,遷出,其他鄉鎮,222
112,5,4,永和區,,,,無年齡維度,0.0,男,遷出,其他鄉鎮,189
112,5,4,永和區,,,,無年齡維度,0.0,女,遷出,合計,473
112,5,4,永和區,,,,無年齡維度,0.0,男,遷出,合計,430
112,5,4,永和區,,,,無年齡維度,0.0,女,遷出,國外,26
112,5,4,永和區,,,,無年齡維度,0.0,男,遷出,國外,22
112,5,4,永和區,,,,無年齡維度,0.0,女,遷出,新北市內,0
112,5,4,永和區,,,,無年齡維度,0.0,男,遷出,新北市內,0
112,5,4,永和區,,,,無年齡維度,0.0,女,遷出,桃園市,29
112,5,4,永和區,,,,無年齡維度,0.0,男,遷出,桃園市,20
112,5,4,永和區,,,,無年齡維度,0.0,女,遷出,福建省,5
112,5,4,永和區,,,,無年齡維度,0.0,男,遷出,福建省,2
112,5,4,永和區,,,,無年齡維度,0.0,女,遷出,臺中市,10
112,5,4,永和區,,,,無年齡維度,0.0,男,遷出,臺中市,12
112,5,4,永和區,,,,無年齡維度,0.0,女,遷出,臺北市,122
112,5,4,永和區,,,,無年齡維度,0.0,男,遷出,臺北市,123
112,5,4,永和區,,,,無年齡維度,0.0,女,遷出,臺南市,9
112,5,4,永和區,,,,無年齡維度,0.0,男,遷出,臺南市,6
112,5,4,永和區,,,,無年齡維度,0.0,女,遷出,臺灣省,37
112,5,4,永和區,,,,無年齡維度,0.0,男,遷出,臺灣省,42
112,5,4,永和區,,,,無年齡維度,0.0,女,遷出,高雄市,12
112,5,4,永和區,,,,無年齡維度,0.0,男,遷出,高雄市,14
112,5,5,新莊區,,,,無年齡維度,0.0,女,遷入,migrants,690
112,5,5,新莊區,,,,無年齡維度,0.0,男,遷入,migrants,553
112,5,5,新莊區,,,,無年齡維度,0.0,女,遷入,other,0
112,5,5,新莊區,,,,無年齡維度,0.0,男,遷入,other,0
112,5,5,新莊區,,,,無年齡維度,0.0,女,遷入,其他縣市,0
112,5,5,新莊區,,,,無年齡維度,0.0,男,遷入,其他縣市,0
112,5,5,新莊區,,,,無年齡維度,0.0,女,遷入,其他鄉鎮,387
112,5,5,新莊區,,,,無年齡維度,0.0,男,遷入,其他鄉鎮,334
112,5,5,新莊區,,,,無年齡維度,0.0,女,遷入,合計,989
112,5,5,新莊區,,,,無年齡維度,0.0,男,遷入,合計,865
112,5,5,新莊區,,,,無年齡維度,0.0,女,遷入,國外,189
112,5,5,新莊區,,,,無年齡維度,0.0,男,遷入,國外,146
112,5,5,新莊區,,,,無年齡維度,0.0,女,遷入,新北市內,0
112,5,5,新莊區,,,,無年齡維度,0.0,男,遷入,新北市內,0
112,5,5,新莊區,,,,無年齡維度,0.0,女,遷入,桃園市,64
112,5,5,新莊區,,,,無年齡維度,0.0,男,遷入,桃園市,73
112,5,5,新莊區,,,,無年齡維度,0.0,女,遷入,福建省,7
112,5,5,新莊區,,,,無年齡維度,0.0,男,遷入,福建省,3
112,5,5,新莊區,,,,無年齡維度,0.0,女,遷入,臺中市,27
112,5,5,新莊區,,,,無年齡維度,0.0,男,遷入,臺中市,22
112,5,5,新莊區,,,,無年齡維度,0.0,女,遷入,臺北市,159
112,5,5,新莊區,,,,無年齡維度,0.0,男,遷入,臺北市,154
112,5,5,新莊區,,,,無年齡維度,0.0,女,遷入,臺南市,6
112,5,5,新莊區,,,,無年齡維度,0.0,男,遷入,臺南市,15
112,5,5,新莊區,,,,無年齡維度,0.0,女,遷入,臺灣省,112
112,5,5,新莊區,,,,無年齡維度,0.0,男,遷入,臺灣省,92
112,5,5,新莊區,,,,無年齡維度,0.0,女,遷入,高雄市,17
112,5,5,新莊區,,,,無年齡維度,0.0,男,遷入,高雄市,18
112,5,5,新莊區,,,,無年齡維度,0.0,女,遷出,migrants,690
112,5,5,新莊區,,,,無年齡維度,0.0,男,遷出,migrants,553
112,5,5,新莊區,,,,無年齡維度,0.0,女,遷出,other,0
112,5,5,新莊區,,,,無年齡維度,0.0,男,遷出,other,0
112,5,5,新莊區,,,,無年齡維度,0.0,女,遷出,其他縣市,0
112,5,5,新莊區,,,,無年齡維度,0.0,男,遷出,其他縣市,0
112,5,5,新莊區,,,,無年齡維度,0.0,女,遷出,其他鄉鎮,327
112,5,5,新莊區,,,,無年齡維度,0.0,男,遷出,其他鄉鎮,275
112,5,5,新莊區,,,,無年齡維度,0.0,女,遷出,合計,765
112,5,5,新莊區,,,,無年齡維度,0.0,男,遷出,合計,656
112,5,5,新莊區,,,,無年齡維度,0.0,女,遷出,國外,15
112,5,5,新莊區,,,,無年齡維度,0.0,男,遷出,國外,15
112,5,5,新莊區,,,,無年齡維度,0.0,女,遷出,新北市內,0
112,5,5,新莊區,,,,無年齡維度,0.0,男,遷出,新北市內,0
112,5,5,新莊區,,,,無年齡維度,0.0,女,遷出,桃園市,149
112,5,5,新莊區,,,,無年齡維度,0.0,男,遷出,桃園市,146
112,5,5,新莊區,,,,無年齡維度,0.0,女,遷出,福建省,1
112,5,5,新莊區,,,,無年齡維度,0.0,男,遷出,福建省,3
112,5,5,新莊區,,,,無年齡維度,0.0,女,遷出,臺中市,33
112,5,5,新莊區,,,,無年齡維度,0.0,男,遷出,臺中市,19
112,5,5,新莊區,,,,無年齡維度,0.0,女,遷出,臺北市,122
112,5,5,新莊區,,,,無年齡維度,0.0,男,遷出,臺北市,86
112,5,5,新莊區,,,,無年齡維度,0.0,女,遷出,臺南市,7
112,5,5,新莊區,,,,無年齡維度,0.0,男,遷出,臺南市,9
112,5,5,新莊區,,,,無年齡維度,0.0,女,遷出,臺灣省,88
112,5,5,新莊區,,,,無年齡維度,0.0,男,遷出,臺灣省,87
112,5,5,新莊區,,,,無年齡維度,0.0,女,遷出,高雄市,23
112,5,5,新莊區,,,,無年齡維度,0.0,男,遷出,高雄市,16
112,5,6,新店區,,,,無年齡維度,0.0,女,遷入,migrants,450
112,5,6,新店區,,,,無年齡維度,0.0,男,遷入,migrants,382
112,5,6,新店區,,,,無年齡維度,0.0,女,遷入,other,0
112,5,6,新店區,,,,無年齡維度,0.0,男,遷入,other,0
112,5,6,新店區,,,,無年齡維度,0.0,女,遷入,其他縣市,0
112,5,6,新店區,,,,無年齡維度,0.0,男,遷入,其他縣市,0
112,5,6,新店區,,,,無年齡維度,0.0,女,遷入,其他鄉鎮,190
112,5,6,新店區,,,,無年齡維度,0.0,男,遷入,其他鄉鎮,136
112,5,6,新店區,,,,無年齡維度,0.0,女,遷入,合計,1013
112,5,6,新店區,,,,無年齡維度,0.0,男,遷入,合計,788
112,5,6,新店區,,,,無年齡維度,0.0,女,遷入,國外,375
112,5,6,新店區,,,,無年齡維度,0.0,男,遷入,國外,289
112,5,6,新店區,,,,無年齡維度,0.0,女,遷入,新北市內,0
112,5,6,新店區,,,,無年齡維度,0.0,男,遷入,新北市內,0
112,5,6,新店區,,,,無年齡維度,0.0,女,遷入,桃園市,28
112,5,6,新店區,,,,無年齡維度,0.0,男,遷入,桃園市,23
112,5,6,新店區,,,,無年齡維度,0.0,女,遷入,福建省,3
112,5,6,新店區,,,,無年齡維度,0.0,男,遷入,福建省,4
112,5,6,新店區,,,,無年齡維度,0.0,女,遷入,臺中市,20
112,5,6,新店區,,,,無年齡維度,0.0,男,遷入,臺中市,11
112,5,6,新店區,,,,無年齡維度,0.0,女,遷入,臺北市,283
112,5,6,新店區,,,,無年齡維度,0.0,男,遷入,臺北市,233
112,5,6,新店區,,,,無年齡維度,0.0,女,遷入,臺南市,10
112,5,6,新店區,,,,無年齡維度,0.0,男,遷入,臺南市,9
112,5,6,新店區,,,,無年齡維度,0.0,女,遷入,臺灣省,67
112,5,6,新店區,,,,無年齡維度,0.0,男,遷入,臺灣省,60
112,5,6,新店區,,,,無年齡維度,0.0,女,遷入,高雄市,16
112,5,6,新店區,,,,無年齡維度,0.0,男,遷入,高雄市,14
112,5,6,新店區,,,,無年齡維度,0.0,女,遷出,migrants,450
112,5,6,新店區,,,,無年齡維度,0.0,男,遷出,migrants,382
112,5,6,新店區,,,,無年齡維度,0.0,女,遷出,other,0
112,5,6,新店區,,,,無年齡維度,0.0,男,遷出,other,0
112,5,6,新店區,,,,無年齡維度,0.0,女,遷出,其他縣市,0
112,5,6,新店區,,,,無年齡維度,0.0,男,遷出,其他縣市,0
112,5,6,新店區,,,,無年齡維度,0.0,女,遷出,其他鄉鎮,164
112,5,6,新店區,,,,無年齡維度,0.0,男,遷出,其他鄉鎮,117
112,5,6,新店區,,,,無年齡維度,0.0,女,遷出,合計,583
112,5,6,新店區,,,,無年齡維度,0.0,男,遷出,合計,453
112,5,6,新店區,,,,無年齡維度,0.0,女,遷出,國外,30
112,5,6,新店區,,,,無年齡維度,0.0,男,遷出,國外,14
112,5,6,新店區,,,,無年齡維度,0.0,女,遷出,新北市內,0
112,5,6,新店區,,,,無年齡維度,0.0,男,遷出,新北市內,0
112,5,6,新店區,,,,無年齡維度,0.0,女,遷出,桃園市,46
112,5,6,新店區,,,,無年齡維度,0.0,男,遷出,桃園市,33
112,5,6,新店區,,,,無年齡維度,0.0,女,遷出,福建省,5
112,5,6,新店區,,,,無年齡維度,0.0,男,遷出,福建省,4
112,5,6,新店區,,,,無年齡維度,0.0,女,遷出,臺中市,25
112,5,6,新店區,,,,無年齡維度,0.0,男,遷出,臺中市,18
112,5,6,新店區,,,,無年齡維度,0.0,女,遷出,臺北市,218
112,5,6,新店區,,,,無年齡維度,0.0,男,遷出,臺北市,187
112,5,6,新店區,,,,無年齡維度,0.0,女,遷出,臺南市,14
112,5,6,新店區,,,,無年齡維度,0.0,男,遷出,臺南市,12
112,5,6,新店區,,,,無年齡維度,0.0,女,遷出,臺灣省,64
112,5,6,新店區,,,,無年齡維度,0.0,男,遷出,臺灣省,52
112,5,6,新店區,,,,無年齡維度,0.0,女,遷出,高雄市,14
112,5,6,新店區,,,,無年齡維度,0.0,男,遷出,高雄市,15
112,5,7,土城區,,,,無年齡維度,0.0,女,遷入,migrants,212
112,5,7,土城區,,,,無年齡維度,0.0,男,遷入,migrants,183
112,5,7,土城區,,,,無年齡維度,0.0,女,遷入,other,0
112,5,7,土城區,,,,無年齡維度,0.0,男,遷入,other,0
112,5,7,土城區,,,,無年齡維度,0.0,女,遷入,其他縣市,0
112,5,7,土城區,,,,無年齡維度,0.0,男,遷入,其他縣市,0
112,5,7,土城區,,,,無年齡維度,0.0,女,遷入,其他鄉鎮,151
112,5,7,土城區,,,,無年齡維度,0.0,男,遷入,其他鄉鎮,148
112,5,7,土城區,,,,無年齡維度,0.0,女,遷入,合計,403
112,5,7,土城區,,,,無年齡維度,0.0,男,遷入,合計,319
112,5,7,土城區,,,,無年齡維度,0.0,女,遷入,國外,89
112,5,7,土城區,,,,無年齡維度,0.0,男,遷入,國外,66
112,5,7,土城區,,,,無年齡維度,0.0,女,遷入,新北市內,0
112,5,7,土城區,,,,無年齡維度,0.0,男,遷入,新北市內,0
112,5,7,土城區,,,,無年齡維度,0.0,女,遷入,桃園市,37
112,5,7,土城區,,,,無年齡維度,0.0,男,遷入,桃園市,23
112,5,7,土城區,,,,無年齡維度,0.0,女,遷入,福建省,4
112,5,7,土城區,,,,無年齡維度,0.0,男,遷入,福建省,0
112,5,7,土城區,,,,無年齡維度,0.0,女,遷入,臺中市,11
112,5,7,土城區,,,,無年齡維度,0.0,男,遷入,臺中市,7
112,5,7,土城區,,,,無年齡維度,0.0,女,遷入,臺北市,40
112,5,7,土城區,,,,無年齡維度,0.0,男,遷入,臺北市,34
112,5,7,土城區,,,,無年齡維度,0.0,女,遷入,臺南市,5
112,5,7,土城區,,,,無年齡維度,0.0,男,遷入,臺南市,6
112,5,7,土城區,,,,無年齡維度,0.0,女,遷入,臺灣省,43
112,5,7,土城區,,,,無年齡維度,0.0,男,遷入,臺灣省,24
112,5,7,土城區,,,,無年齡維度,0.0,女,遷入,高雄市,9
112,5,7,土城區,,,,無年齡維度,0.0,男,遷入,高雄市,9
112,5,7,土城區,,,,無年齡維度,0.0,女,遷出,migrants,212
112,5,7,土城區,,,,無年齡維度,0.0,男,遷出,migrants,183
112,5,7,土城區,,,,無年齡維度,0.0,女,遷出,other,0
112,5,7,土城區,,,,無年齡維度,0.0,男,遷出,other,0
112,5,7,土城區,,,,無年齡維度,0.0,女,遷出,其他縣市,0
112,5,7,土城區,,,,無年齡維度,0.0,男,遷出,其他縣市,0
112,5,7,土城區,,,,無年齡維度,0.0,女,遷出,其他鄉鎮,193
112,5,7,土城區,,,,無年齡維度,0.0,男,遷出,其他鄉鎮,180
112,5,7,土城區,,,,無年齡維度,0.0,女,遷出,合計,379
112,5,7,土城區,,,,無年齡維度,0.0,男,遷出,合計,326
112,5,7,土城區,,,,無年齡維度,0.0,女,遷出,國外,4
112,5,7,土城區,,,,無年齡維度,0.0,男,遷出,國外,6
112,5,7,土城區,,,,無年齡維度,0.0,女,遷出,新北市內,0
112,5,7,土城區,,,,無年齡維度,0.0,男,遷出,新北市內,0
112,5,7,土城區,,,,無年齡維度,0.0,女,遷出,桃園市,74
112,5,7,土城區,,,,無年齡維度,0.0,男,遷出,桃園市,57
112,5,7,土城區,,,,無年齡維度,0.0,女,遷出,福建省,0
112,5,7,土城區,,,,無年齡維度,0.0,男,遷出,福建省,1
112,5,7,土城區,,,,無年齡維度,0.0,女,遷出,臺中市,15
112,5,7,土城區,,,,無年齡維度,0.0,男,遷出,臺中市,10
112,5,7,土城區,,,,無年齡維度,0.0,女,遷出,臺北市,31
112,5,7,土城區,,,,無年齡維度,0.0,男,遷出,臺北市,22
112,5,7,土城區,,,,無年齡維度,0.0,女,遷出,臺南市,1
112,5,7,土城區,,,,無年齡維度,0.0,男,遷出,臺南市,3
112,5,7,土城區,,,,無年齡維度,0.0,女,遷出,臺灣省,53
112,5,7,土城區,,,,無年齡維度,0.0,男,遷出,臺灣省,43
112,5,7,土城區,,,,無年齡維度,0.0,女,遷出,高雄市,8
112,5,7,土城區,,,,無年齡維度,0.0,男,遷出,高雄市,4
112,5,8,蘆洲區,,,,無年齡維度,0.0,女,遷入,migrants,117
112,5,8,蘆洲區,,,,無年齡維度,0.0,男,遷入,migrants,127
112,5,8,蘆洲區,,,,無年齡維度,0.0,女,遷入,other,0
112,5,8,蘆洲區,,,,無年齡維度,0.0,男,遷入,other,0
112,5,8,蘆洲區,,,,無年齡維度,0.0,女,遷入,其他縣市,0
112,5,8,蘆洲區,,,,無年齡維度,0.0,男,遷入,其他縣市,0
112,5,8,蘆洲區,,,,無年齡維度,0.0,女,遷入,其他鄉鎮,86
112,5,8,蘆洲區,,,,無年齡維度,0.0,男,遷入,其他鄉鎮,69
112,5,8,蘆洲區,,,,無年齡維度,0.0,女,遷入,合計,241
112,5,8,蘆洲區,,,,無年齡維度,0.0,男,遷入,合計,208
112,5,8,蘆洲區,,,,無年齡維度,0.0,女,遷入,國外,28
112,5,8,蘆洲區,,,,無年齡維度,0.0,男,遷入,國外,21
112,5,8,蘆洲區,,,,無年齡維度,0.0,女,遷入,新北市內,0
112,5,8,蘆洲區,,,,無年齡維度,0.0,男,遷入,新北市內,0
112,5,8,蘆洲區,,,,無年齡維度,0.0,女,遷入,桃園市,63
112,5,8,蘆洲區,,,,無年齡維度,0.0,男,遷入,桃園市,67
112,5,8,蘆洲區,,,,無年齡維度,0.0,女,遷入,福建省,0
112,5,8,蘆洲區,,,,無年齡維度,0.0,男,遷入,福建省,1
112,5,8,蘆洲區,,,,無年齡維度,0.0,女,遷入,臺中市,2
112,5,8,蘆洲區,,,,無年齡維度,0.0,男,遷入,臺中市,1
112,5,8,蘆洲區,,,,無年齡維度,0.0,女,遷入,臺北市,20
112,5,8,蘆洲區,,,,無年齡維度,0.0,男,遷入,臺北市,20
112,5,8,蘆洲區,,,,無年齡維度,0.0,女,遷入,臺南市,6
112,5,8,蘆洲區,,,,無年齡維度,0.0,男,遷入,臺南市,2
112,5,8,蘆洲區,,,,無年齡維度,0.0,女,遷入,臺灣省,27
112,5,8,蘆洲區,,,,無年齡維度,0.0,男,遷入,臺灣省,24
112,5,8,蘆洲區,,,,無年齡維度,0.0,女,遷入,高雄市,2
112,5,8,蘆洲區,,,,無年齡維度,0.0,男,遷入,高雄市,1
112,5,8,蘆洲區,,,,無年齡維度,0.0,女,遷出,migrants,117
112,5,8,蘆洲區,,,,無年齡維度,0.0,男,遷出,migrants,127
112,5,8,蘆洲區,,,,無年齡維度,0.0,女,遷出,other,0
112,5,8,蘆洲區,,,,無年齡維度,0.0,男,遷出,other,0
112,5,8,蘆洲區,,,,無年齡維度,0.0,女,遷出,其他縣市,0
112,5,8,蘆洲區,,,,無年齡維度,0.0,男,遷出,其他縣市,0
112,5,8,蘆洲區,,,,無年齡維度,0.0,女,遷出,其他鄉鎮,53
112,5,8,蘆洲區,,,,無年齡維度,0.0,男,遷出,其他鄉鎮,37
112,5,8,蘆洲區,,,,無年齡維度,0.0,女,遷出,合計,186
112,5,8,蘆洲區,,,,無年齡維度,0.0,男,遷出,合計,125
112,5,8,蘆洲區,,,,無年齡維度,0.0,女,遷出,國外,3
112,5,8,蘆洲區,,,,無年齡維度,0.0,男,遷出,國外,2
112,5,8,蘆洲區,,,,無年齡維度,0.0,女,遷出,新北市內,0
112,5,8,蘆洲區,,,,無年齡維度,0.0,男,遷出,新北市內,0
112,5,8,蘆洲區,,,,無年齡維度,0.0,女,遷出,桃園市,81
112,5,8,蘆洲區,,,,無年齡維度,0.0,男,遷出,桃園市,57
112,5,8,蘆洲區,,,,無年齡維度,0.0,女,遷出,福建省,0
112,5,8,蘆洲區,,,,無年齡維度,0.0,男,遷出,福建省,1
112,5,8,蘆洲區,,,,無年齡維度,0.0,女,遷出,臺中市,5
112,5,8,蘆洲區,,,,無年齡維度,0.0,男,遷出,臺中市,2
112,5,8,蘆洲區,,,,無年齡維度,0.0,女,遷出,臺北市,8
112,5,8,蘆洲區,,,,無年齡維度,0.0,男,遷出,臺北市,10
112,5,8,蘆洲區,,,,無年齡維度,0.0,女,遷出,臺南市,7
112,5,8,蘆洲區,,,,無年齡維度,0.0,男,遷出,臺南市,5
112,5,8,蘆洲區,,,,無年齡維度,0.0,女,遷出,臺灣省,24
112,5,8,蘆洲區,,,,無年齡維度,0.0,男,遷出,臺灣省,11
112,5,8,蘆洲區,,,,無年齡維度,0.0,女,遷出,高雄市,5
112,5,8,蘆洲區,,,,無年齡維度,0.0,男,遷出,高雄市,0
112,5,9,樹林區,,,,無年齡維度,0.0,女,遷入,migrants,172
112,5,9,樹林區,,,,無年齡維度,0.0,男,遷入,migrants,148
112,5,9,樹林區,,,,無年齡維度,0.0,女,遷入,other,0
112,5,9,樹林區,,,,無年齡維度,0.0,男,遷入,other,0
112,5,9,樹林區,,,,無年齡維度,0.0,女,遷入,其他縣市,0
112,5,9,樹林區,,,,無年齡維度,0.0,男,遷入,其他縣市,0
112,5,9,樹林區,,,,無年齡維度,0.0,女,遷入,其他鄉鎮,116
112,5,9,樹林區,,,,無年齡維度,0.0,男,遷入,其他鄉鎮,102
112,5,9,樹林區,,,,無年齡維度,0.0,女,遷入,合計,269
112,5,9,樹林區,,,,無年齡維度,0.0,男,遷入,合計,236
112,5,9,樹林區,,,,無年齡維度,0.0,女,遷入,國外,51
112,5,9,樹林區,,,,無年齡維度,0.0,男,遷入,國外,47
112,5,9,樹林區,,,,無年齡維度,0.0,女,遷入,新北市內,0
112,5,9,樹林區,,,,無年齡維度,0.0,男,遷入,新北市內,0
112,5,9,樹林區,,,,無年齡維度,0.0,女,遷入,桃園市,24
112,5,9,樹林區,,,,無年齡維度,0.0,男,遷入,桃園市,25
112,5,9,樹林區,,,,無年齡維度,0.0,女,遷入,福建省,4
112,5,9,樹林區,,,,無年齡維度,0.0,男,遷入,福建省,3
112,5,9,樹林區,,,,無年齡維度,0.0,女,遷入,臺中市,7
112,5,9,樹林區,,,,無年齡維度,0.0,男,遷入,臺中市,8
112,5,9,樹林區,,,,無年齡維度,0.0,女,遷入,臺北市,29
112,5,9,樹林區,,,,無年齡維度,0.0,男,遷入,臺北市,26
112,5,9,樹林區,,,,無年齡維度,0.0,女,遷入,臺南市,2
112,5,9,樹林區,,,,無年齡維度,0.0,男,遷入,臺南市,4
112,5,9,樹林區,,,,無年齡維度,0.0,女,遷入,臺灣省,21
112,5,9,樹林區,,,,無年齡維度,0.0,男,遷入,臺灣省,15
112,5,9,樹林區,,,,無年齡維度,0.0,女,遷入,高雄市,7
112,5,9,樹林區,,,,無年齡維度,0.0,男,遷入,高雄市,3
112,5,9,樹林區,,,,無年齡維度,0.0,女,遷出,migrants,172
112,5,9,樹林區,,,,無年齡維度,0.0,男,遷出,migrants,148
112,5,9,樹林區,,,,無年齡維度,0.0,女,遷出,other,0
112,5,9,樹林區,,,,無年齡維度,0.0,男,遷出,other,0
112,5,9,樹林區,,,,無年齡維度,0.0,女,遷出,其他縣市,0
112,5,9,樹林區,,,,無年齡維度,0.0,男,遷出,其他縣市,0
112,5,9,樹林區,,,,無年齡維度,0.0,女,遷出,其他鄉鎮,95
112,5,9,樹林區,,,,無年齡維度,0.0,男,遷出,其他鄉鎮,83
112,5,9,樹林區,,,,無年齡維度,0.0,女,遷出,合計,218
112,5,9,樹林區,,,,無年齡維度,0.0,男,遷出,合計,195
112,5,9,樹林區,,,,無年齡維度,0.0,女,遷出,國外,5
112,5,9,樹林區,,,,無年齡維度,0.0,男,遷出,國外,5
112,5,9,樹林區,,,,無年齡維度,0.0,女,遷出,新北市內,0
112,5,9,樹林區,,,,無年齡維度,0.0,男,遷出,新北市內,0
112,5,9,樹林區,,,,無年齡維度,0.0,女,遷出,桃園市,40
112,5,9,樹林區,,,,無年齡維度,0.0,男,遷出,桃園市,35
112,5,9,樹林區,,,,無年齡維度,0.0,女,遷出,福建省,0
112,5,9,樹林區,,,,無年齡維度,0.0,男,遷出,福建省,2
112,5,9,樹林區,,,,無年齡維度,0.0,女,遷出,臺中市,10
112,5,9,樹林區,,,,無年齡維度,0.0,男,遷出,臺中市,13
112,5,9,樹林區,,,,無年齡維度,0.0,女,遷出,臺北市,32
112,5,9,樹林區,,,,無年齡維度,0.0,男,遷出,臺北市,20
112,5,9,樹林區,,,,無年齡維度,0.0,女,遷出,臺南市,2
112,5,9,樹林區,,,,無年齡維度,0.0,男,遷出,臺南市,4
112,5,9,樹林區,,,,無年齡維度,0.0,女,遷出,臺灣省,28
112,5,9,樹林區,,,,無年齡維度,0.0,男,遷出,臺灣省,27
112,5,9,樹林區,,,,無年齡維度,0.0,女,遷出,高雄市,6
112,5,9,樹林區,,,,無年齡維度,0.0,男,遷出,高雄市,6
112,5,10,鶯歌區,,,,無年齡維度,0.0,女,遷入,migrants,399
112,5,10,鶯歌區,,,,無年齡維度,0.0,男,遷入,migrants,370
112,5,10,鶯歌區,,,,無年齡維度,0.0,女,遷入,other,0
112,5,10,鶯歌區,,,,無年齡維度,0.0,男,遷入,other,0
112,5,10,鶯歌區,,,,無年齡維度,0.0,女,遷入,其他縣市,0
112,5,10,鶯歌區,,,,無年齡維度,0.0,男,遷入,其他縣市,0
112,5,10,鶯歌區,,,,無年齡維度,0.0,女,遷入,其他鄉鎮,146
112,5,10,鶯歌區,,,,無年齡維度,0.0,男,遷入,其他鄉鎮,150
112,5,10,鶯歌區,,,,無年齡維度,0.0,女,遷入,合計,645
112,5,10,鶯歌區,,,,無年齡維度,0.0,男,遷入,合計,590
112,5,10,鶯歌區,,,,無年齡維度,0.0,女,遷入,國外,178
112,5,10,鶯歌區,,,,無年齡維度,0.0,男,遷入,國外,146
112,5,10,鶯歌區,,,,無年齡維度,0.0,女,遷入,新北市內,0
112,5,10,鶯歌區,,,,無年齡維度,0.0,男,遷入,新北市內,0
112,5,10,鶯歌區,,,,無年齡維度,0.0,女,遷入,桃園市,16
112,5,10,鶯歌區,,,,無年齡維度,0.0,男,遷入,桃園市,14
112,5,10,鶯歌區,,,,無年齡維度,0.0,女,遷入,福建省,1
112,5,10,鶯歌區,,,,無年齡維度,0.0,男,遷入,福建省,3
112,5,10,鶯歌區,,,,無年齡維度,0.0,女,遷入,臺中市,19
112,5,10,鶯歌區,,,,無年齡維度,0.0,男,遷入,臺中市,16
112,5,10,鶯歌區,,,,無年齡維度,0.0,女,遷入,臺北市,209
112,5,10,鶯歌區,,,,無年齡維度,0.0,男,遷入,臺北市,193
112,5,10,鶯歌區,,,,無年齡維度,0.0,女,遷入,臺南市,10
112,5,10,鶯歌區,,,,無年齡維度,0.0,男,遷入,臺南市,8
112,5,10,鶯歌區,,,,無年齡維度,0.0,女,遷入,臺灣省,46
112,5,10,鶯歌區,,,,無年齡維度,0.0,男,遷入,臺灣省,39
112,5,10,鶯歌區,,,,無年齡維度,0.0,女,遷入,高雄市,13
112,5,10,鶯歌區,,,,無年齡維度,0.0,男,遷入,高雄市,13
112,5,10,鶯歌區,,,,無年齡維度,0.0,女,遷出,migrants,399
112,5,10,鶯歌區,,,,無年齡維度,0.0,男,遷出,migrants,370
112,5,10,鶯歌區,,,,無年齡維度,0.0,女,遷出,other,0
112,5,10,鶯歌區,,,,無年齡維度,0.0,男,遷出,other,0
112,5,10,鶯歌區,,,,無年齡維度,0.0,女,遷出,其他縣市,0
112,5,10,鶯歌區,,,,無年齡維度,0.0,男,遷出,其他縣市,0
112,5,10,鶯歌區,,,,無年齡維度,0.0,女,遷出,其他鄉鎮,105
112,5,10,鶯歌區,,,,無年齡維度,0.0,男,遷出,其他鄉鎮,85
112,5,10,鶯歌區,,,,無年齡維度,0.0,女,遷出,合計,359
112,5,10,鶯歌區,,,,無年齡維度,0.0,男,遷出,合計,320
112,5,10,鶯歌區,,,,無年齡維度,0.0,女,遷出,國外,21
112,5,10,鶯歌區,,,,無年齡維度,0.0,男,遷出,國外,22
112,5,10,鶯歌區,,,,無年齡維度,0.0,女,遷出,新北市內,0
112,5,10,鶯歌區,,,,無年齡維度,0.0,男,遷出,新北市內,0
112,5,10,鶯歌區,,,,無年齡維度,0.0,女,遷出,桃園市,30
112,5,10,鶯歌區,,,,無年齡維度,0.0,男,遷出,桃園市,30
112,5,10,鶯歌區,,,,無年齡維度,0.0,女,遷出,福建省,1
112,5,10,鶯歌區,,,,無年齡維度,0.0,男,遷出,福建省,1
112,5,10,鶯歌區,,,,無年齡維度,0.0,女,遷出,臺中市,10
112,5,10,鶯歌區,,,,無年齡維度,0.0,男,遷出,臺中市,9
112,5,10,鶯歌區,,,,無年齡維度,0.0,女,遷出,臺北市,147
112,5,10,鶯歌區,,,,無年齡維度,0.0,男,遷出,臺北市,131
112,5,10,鶯歌區,,,,無年齡維度,0.0,女,遷出,臺南市,5
112,5,10,鶯歌區,,,,無年齡維度,0.0,男,遷出,臺南市,3
112,5,10,鶯歌區,,,,無年齡維度,0.0,女,遷出,臺灣省,31
112,5,10,鶯歌區,,,,無年齡維度,0.0,男,遷出,臺灣省,30
112,5,10,鶯歌區,,,,無年齡維度,0.0,女,遷出,高雄市,8
112,5,10,鶯歌區,,,,無年齡維度,0.0,男,遷出,高雄市,9
112,5,11,三峽區,,,,無年齡維度,0.0,女,遷入,migrants,354
112,5,11,三峽區,,,,無年齡維度,0.0,男,遷入,migrants,353
112,5,11,三峽區,,,,無年齡維度,0.0,女,遷入,other,0
112,5,11,三峽區,,,,無年齡維度,0.0,男,遷入,other,0
112,5,11,三峽區,,,,無年齡維度,0.0,女,遷入,其他縣市,0
112,5,11,三峽區,,,,無年齡維度,0.0,男,遷入,其他縣市,0
112,5,11,三峽區,,,,無年齡維度,0.0,女,遷入,其他鄉鎮,70
112,5,11,三峽區,,,,無年齡維度,0.0,男,遷入,其他鄉鎮,61
112,5,11,三峽區,,,,無年齡維度,0.0,女,遷入,合計,674
112,5,11,三峽區,,,,無年齡維度,0.0,男,遷入,合計,520
112,5,11,三峽區,,,,無年齡維度,0.0,女,遷入,國外,181
112,5,11,三峽區,,,,無年齡維度,0.0,男,遷入,國外,104
112,5,11,三峽區,,,,無年齡維度,0.0,女,遷入,新北市內,0
112,5,11,三峽區,,,,無年齡維度,0.0,男,遷入,新北市內,0
112,5,11,三峽區,,,,無年齡維度,0.0,女,遷入,桃園市,22
112,5,11,三峽區,,,,無年齡維度,0.0,男,遷入,桃園市,21
112,5,11,三峽區,,,,無年齡維度,0.0,女,遷入,福建省,1
112,5,11,三峽區,,,,無年齡維度,0.0,男,遷入,福建省,4
112,5,11,三峽區,,,,無年齡維度,0.0,女,遷入,臺中市,14
112,5,11,三峽區,,,,無年齡維度,0.0,男,遷入,臺中市,5
112,5,11,三峽區,,,,無年齡維度,0.0,女,遷入,臺北市,278
112,5,11,三峽區,,,,無年齡維度,0.0,男,遷入,臺北市,232
112,5,11,三峽區,,,,無年齡維度,0.0,女,遷入,臺南市,9
112,5,11,三峽區,,,,無年齡維度,0.0,男,遷入,臺南市,4
112,5,11,三峽區,,,,無年齡維度,0.0,女,遷入,臺灣省,70
112,5,11,三峽區,,,,無年齡維度,0.0,男,遷入,臺灣省,81
112,5,11,三峽區,,,,無年齡維度,0.0,女,遷入,高雄市,13
112,5,11,三峽區,,,,無年齡維度,0.0,男,遷入,高雄市,4
112,5,11,三峽區,,,,無年齡維度,0.0,女,遷出,migrants,354
112,5,11,三峽區,,,,無年齡維度,0.0,男,遷出,migrants,353
112,5,11,三峽區,,,,無年齡維度,0.0,女,遷出,other,0
112,5,11,三峽區,,,,無年齡維度,0.0,男,遷出,other,0
112,5,11,三峽區,,,,無年齡維度,0.0,女,遷出,其他縣市,0
112,5,11,三峽區,,,,無年齡維度,0.0,男,遷出,其他縣市,0
112,5,11,三峽區,,,,無年齡維度,0.0,女,遷出,其他鄉鎮,82
112,5,11,三峽區,,,,無年齡維度,0.0,男,遷出,其他鄉鎮,74
112,5,11,三峽區,,,,無年齡維度,0.0,女,遷出,合計,442
112,5,11,三峽區,,,,無年齡維度,0.0,男,遷出,合計,405
112,5,11,三峽區,,,,無年齡維度,0.0,女,遷出,國外,11
112,5,11,三峽區,,,,無年齡維度,0.0,男,遷出,國外,14
112,5,11,三峽區,,,,無年齡維度,0.0,女,遷出,新北市內,0
112,5,11,三峽區,,,,無年齡維度,0.0,男,遷出,新北市內,0
112,5,11,三峽區,,,,無年齡維度,0.0,女,遷出,桃園市,24
112,5,11,三峽區,,,,無年齡維度,0.0,男,遷出,桃園市,17
112,5,11,三峽區,,,,無年齡維度,0.0,女,遷出,福建省,0
112,5,11,三峽區,,,,無年齡維度,0.0,男,遷出,福建省,0
112,5,11,三峽區,,,,無年齡維度,0.0,女,遷出,臺中市,16
112,5,11,三峽區,,,,無年齡維度,0.0,男,遷出,臺中市,7
112,5,11,三峽區,,,,無年齡維度,0.0,女,遷出,臺北市,201
112,5,11,三峽區,,,,無年齡維度,0.0,男,遷出,臺北市,181
112,5,11,三峽區,,,,無年齡維度,0.0,女,遷出,臺南市,13
112,5,11,三峽區,,,,無年齡維度,0.0,男,遷出,臺南市,12
112,5,11,三峽區,,,,無年齡維度,0.0,女,遷出,臺灣省,87
112,5,11,三峽區,,,,無年齡維度,0.0,男,遷出,臺灣省,92
112,5,11,三峽區,,,,無年齡維度,0.0,女,遷出,高雄市,7
112,5,11,三峽區,,,,無年齡維度,0.0,男,遷出,高雄市,8
112,5,12,淡水區,,,,無年齡維度,0.0,女,遷入,migrants,39
112,5,12,淡水區,,,,無年齡維度,0.0,男,遷入,migrants,33
112,5,12,淡水區,,,,無年齡維度,0.0,女,遷入,other,0
112,5,12,淡水區,,,,無年齡維度,0.0,男,遷入,other,0
112,5,12,淡水區,,,,無年齡維度,0.0,女,遷入,其他縣市,0
112,5,12,淡水區,,,,無年齡維度,0.0,男,遷入,其他縣市,0
112,5,12,淡水區,,,,無年齡維度,0.0,女,遷入,其他鄉鎮,13
112,5,12,淡水區,,,,無年齡維度,0.0,男,遷入,其他鄉鎮,18
112,5,12,淡水區,,,,無年齡維度,0.0,女,遷入,合計,71
112,5,12,淡水區,,,,無年齡維度,0.0,男,遷入,合計,60
112,5,12,淡水區,,,,無年齡維度,0.0,女,遷入,國外,15
112,5,12,淡水區,,,,無年齡維度,0.0,男,遷入,國外,7
112,5,12,淡水區,,,,無年齡維度,0.0,女,遷入,新北市內,0
112,5,12,淡水區,,,,無年齡維度,0.0,男,遷入,新北市內,0
112,5,12,淡水區,,,,無年齡維度,0.0,女,遷入,桃園市,6
112,5,12,淡水區,,,,無年齡維度,0.0,男,遷入,桃園市,5
112,5,12,淡水區,,,,無年齡維度,0.0,女,遷入,福建省,0
112,5,12,淡水區,,,,無年齡維度,0.0,男,遷入,福建省,1
112,5,12,淡水區,,,,無年齡維度,0.0,女,遷入,臺中市,2
112,5,12,淡水區,,,,無年齡維度,0.0,男,遷入,臺中市,2
112,5,12,淡水區,,,,無年齡維度,0.0,女,遷入,臺北市,9
112,5,12,淡水區,,,,無年齡維度,0.0,男,遷入,臺北市,2
112,5,12,淡水區,,,,無年齡維度,0.0,女,遷入,臺南市,0
112,5,12,淡水區,,,,無年齡維度,0.0,男,遷入,臺南市,0
112,5,12,淡水區,,,,無年齡維度,0.0,女,遷入,臺灣省,23
112,5,12,淡水區,,,,無年齡維度,0.0,男,遷入,臺灣省,22
112,5,12,淡水區,,,,無年齡維度,0.0,女,遷入,高雄市,0
112,5,12,淡水區,,,,無年齡維度,0.0,男,遷入,高雄市,2
112,5,12,淡水區,,,,無年齡維度,0.0,女,遷出,migrants,39
112,5,12,淡水區,,,,無年齡維度,0.0,男,遷出,migrants,33
112,5,12,淡水區,,,,無年齡維度,0.0,女,遷出,other,0
112,5,12,淡水區,,,,無年齡維度,0.0,男,遷出,other,0
112,5,12,淡水區,,,,無年齡維度,0.0,女,遷出,其他縣市,0
112,5,12,淡水區,,,,無年齡維度,0.0,男,遷出,其他縣市,0
112,5,12,淡水區,,,,無年齡維度,0.0,女,遷出,其他鄉鎮,13
112,5,12,淡水區,,,,無年齡維度,0.0,男,遷出,其他鄉鎮,11
112,5,12,淡水區,,,,無年齡維度,0.0,女,遷出,合計,81
112,5,12,淡水區,,,,無年齡維度,0.0,男,遷出,合計,55
112,5,12,淡水區,,,,無年齡維度,0.0,女,遷出,國外,1
112,5,12,淡水區,,,,無年齡維度,0.0,男,遷出,國外,2
112,5,12,淡水區,,,,無年齡維度,0.0,女,遷出,新北市內,0
112,5,12,淡水區,,,,無年齡維度,0.0,男,遷出,新北市內,0
112,5,12,淡水區,,,,無年齡維度,0.0,女,遷出,桃園市,6
112,5,12,淡水區,,,,無年齡維度,0.0,男,遷出,桃園市,7
112,5,12,淡水區,,,,無年齡維度,0.0,女,遷出,福建省,0
112,5,12,淡水區,,,,無年齡維度,0.0,男,遷出,福建省,0
112,5,12,淡水區,,,,無年齡維度,0.0,女,遷出,臺中市,0
112,5,12,淡水區,,,,無年齡維度,0.0,男,遷出,臺中市,2
112,5,12,淡水區,,,,無年齡維度,0.0,女,遷出,臺北市,16
112,5,12,淡水區,,,,無年齡維度,0.0,男,遷出,臺北市,5
112,5,12,淡水區,,,,無年齡維度,0.0,女,遷出,臺南市,1
112,5,12,淡水區,,,,無年齡維度,0.0,男,遷出,臺南市,0
112,5,12,淡水區,,,,無年齡維度,0.0,女,遷出,臺灣省,43
112,5,12,淡水區,,,,無年齡維度,0.0,男,遷出,臺灣省,28
112,5,12,淡水區,,,,無年齡維度,0.0,女,遷出,高雄市,1
112,5,12,淡水區,,,,無年齡維度,0.0,男,遷出,高雄市,0
112,5,13,汐止區,,,,無年齡維度,0.0,女,遷入,migrants,367
112,5,13,汐止區,,,,無年齡維度,0.0,男,遷入,migrants,354
112,5,13,汐止區,,,,無年齡維度,0.0,女,遷入,other,0
112,5,13,汐止區,,,,無年齡維度,0.0,男,遷入,other,0
112,5,13,汐止區,,,,無年齡維度,0.0,女,遷入,其他縣市,0
112,5,13,汐止區,,,,無年齡維度,0.0,男,遷入,其他縣市,0
112,5,13,汐止區,,,,無年齡維度,0.0,女,遷入,其他鄉鎮,294
112,5,13,汐止區,,,,無年齡維度,0.0,男,遷入,其他鄉鎮,239
112,5,13,汐止區,,,,無年齡維度,0.0,女,遷入,合計,628
112,5,13,汐止區,,,,無年齡維度,0.0,男,遷入,合計,526
112,5,13,汐止區,,,,無年齡維度,0.0,女,遷入,國外,115
112,5,13,汐止區,,,,無年齡維度,0.0,男,遷入,國外,89
112,5,13,汐止區,,,,無年齡維度,0.0,女,遷入,新北市內,0
112,5,13,汐止區,,,,無年齡維度,0.0,男,遷入,新北市內,0
112,5,13,汐止區,,,,無年齡維度,0.0,女,遷入,桃園市,49
112,5,13,汐止區,,,,無年齡維度,0.0,男,遷入,桃園市,35
112,5,13,汐止區,,,,無年齡維度,0.0,女,遷入,福建省,1
112,5,13,汐止區,,,,無年齡維度,0.0,男,遷入,福建省,7
112,5,13,汐止區,,,,無年齡維度,0.0,女,遷入,臺中市,15
112,5,13,汐止區,,,,無年齡維度,0.0,男,遷入,臺中市,11
112,5,13,汐止區,,,,無年齡維度,0.0,女,遷入,臺北市,88
112,5,13,汐止區,,,,無年齡維度,0.0,男,遷入,臺北市,81
112,5,13,汐止區,,,,無年齡維度,0.0,女,遷入,臺南市,7
112,5,13,汐止區,,,,無年齡維度,0.0,男,遷入,臺南市,2
112,5,13,汐止區,,,,無年齡維度,0.0,女,遷入,臺灣省,44
112,5,13,汐止區,,,,無年齡維度,0.0,男,遷入,臺灣省,45
112,5,13,汐止區,,,,無年齡維度,0.0,女,遷入,高雄市,6
112,5,13,汐止區,,,,無年齡維度,0.0,男,遷入,高雄市,14
112,5,13,汐止區,,,,無年齡維度,0.0,女,遷出,migrants,367
112,5,13,汐止區,,,,無年齡維度,0.0,男,遷出,migrants,354
112,5,13,汐止區,,,,無年齡維度,0.0,女,遷出,other,0
112,5,13,汐止區,,,,無年齡維度,0.0,男,遷出,other,0
112,5,13,汐止區,,,,無年齡維度,0.0,女,遷出,其他縣市,0
112,5,13,汐止區,,,,無年齡維度,0.0,男,遷出,其他縣市,0
112,5,13,汐止區,,,,無年齡維度,0.0,女,遷出,其他鄉鎮,223
112,5,13,汐止區,,,,無年齡維度,0.0,男,遷出,其他鄉鎮,160
112,5,13,汐止區,,,,無年齡維度,0.0,女,遷出,合計,409
112,5,13,汐止區,,,,無年齡維度,0.0,男,遷出,合計,322
112,5,13,汐止區,,,,無年齡維度,0.0,女,遷出,國外,4
112,5,13,汐止區,,,,無年齡維度,0.0,男,遷出,國外,9
112,5,13,汐止區,,,,無年齡維度,0.0,女,遷出,新北市內,0
112,5,13,汐止區,,,,無年齡維度,0.0,男,遷出,新北市內,0
112,5,13,汐止區,,,,無年齡維度,0.0,女,遷出,桃園市,54
112,5,13,汐止區,,,,無年齡維度,0.0,男,遷出,桃園市,41
112,5,13,汐止區,,,,無年齡維度,0.0,女,遷出,福建省,3
112,5,13,汐止區,,,,無年齡維度,0.0,男,遷出,福建省,3
112,5,13,汐止區,,,,無年齡維度,0.0,女,遷出,臺中市,15
112,5,13,汐止區,,,,無年齡維度,0.0,男,遷出,臺中市,12
112,5,13,汐止區,,,,無年齡維度,0.0,女,遷出,臺北市,46
112,5,13,汐止區,,,,無年齡維度,0.0,男,遷出,臺北市,37
112,5,13,汐止區,,,,無年齡維度,0.0,女,遷出,臺南市,4
112,5,13,汐止區,,,,無年齡維度,0.0,男,遷出,臺南市,5
112,5,13,汐止區,,,,無年齡維度,0.0,女,遷出,臺灣省,54
112,5,13,汐止區,,,,無年齡維度,0.0,男,遷出,臺灣省,51
112,5,13,汐止區,,,,無年齡維度,0.0,女,遷出,高雄市,6
112,5,13,汐止區,,,,無年齡維度,0.0,男,遷出,高雄市,4
112,5,14,瑞芳區,,,,無年齡維度,0.0,女,遷入,migrants,270
112,5,14,瑞芳區,,,,無年齡維度,0.0,男,遷入,migrants,235
112,5,14,瑞芳區,,,,無年齡維度,0.0,女,遷入,other,0
112,5,14,瑞芳區,,,,無年齡維度,0.0,男,遷入,other,0
112,5,14,瑞芳區,,,,無年齡維度,0.0,女,遷入,其他縣市,0
112,5,14,瑞芳區,,,,無年齡維度,0.0,男,遷入,其他縣市,0
112,5,14,瑞芳區,,,,無年齡維度,0.0,女,遷入,其他鄉鎮,181
112,5,14,瑞芳區,,,,無年齡維度,0.0,男,遷入,其他鄉鎮,145
112,5,14,瑞芳區,,,,無年齡維度,0.0,女,遷入,合計,450
112,5,14,瑞芳區,,,,無年齡維度,0.0,男,遷入,合計,380
112,5,14,瑞芳區,,,,無年齡維度,0.0,女,遷入,國外,73
112,5,14,瑞芳區,,,,無年齡維度,0.0,男,遷入,國外,50
112,5,14,瑞芳區,,,,無年齡維度,0.0,女,遷入,新北市內,0
112,5,14,瑞芳區,,,,無年齡維度,0.0,男,遷入,新北市內,0
112,5,14,瑞芳區,,,,無年齡維度,0.0,女,遷入,桃園市,16
112,5,14,瑞芳區,,,,無年齡維度,0.0,男,遷入,桃園市,16
112,5,14,瑞芳區,,,,無年齡維度,0.0,女,遷入,福建省,3
112,5,14,瑞芳區,,,,無年齡維度,0.0,男,遷入,福建省,2
112,5,14,瑞芳區,,,,無年齡維度,0.0,女,遷入,臺中市,6
112,5,14,瑞芳區,,,,無年齡維度,0.0,男,遷入,臺中市,5
112,5,14,瑞芳區,,,,無年齡維度,0.0,女,遷入,臺北市,119
112,5,14,瑞芳區,,,,無年齡維度,0.0,男,遷入,臺北市,120
112,5,14,瑞芳區,,,,無年齡維度,0.0,女,遷入,臺南市,5
112,5,14,瑞芳區,,,,無年齡維度,0.0,男,遷入,臺南市,3
112,5,14,瑞芳區,,,,無年齡維度,0.0,女,遷入,臺灣省,29
112,5,14,瑞芳區,,,,無年齡維度,0.0,男,遷入,臺灣省,33
112,5,14,瑞芳區,,,,無年齡維度,0.0,女,遷入,高雄市,7
112,5,14,瑞芳區,,,,無年齡維度,0.0,男,遷入,高雄市,2
112,5,14,瑞芳區,,,,無年齡維度,0.0,女,遷出,migrants,270
112,5,14,瑞芳區,,,,無年齡維度,0.0,男,遷出,migrants,235
112,5,14,瑞芳區,,,,無年齡維度,0.0,女,遷出,other,0
112,5,14,瑞芳區,,,,無年齡維度,0.0,男,遷出,other,0
112,5,14,瑞芳區,,,,無年齡維度,0.0,女,遷出,其他縣市,0
112,5,14,瑞芳區,,,,無年齡維度,0.0,男,遷出,其他縣市,0
112,5,14,瑞芳區,,,,無年齡維度,0.0,女,遷出,其他鄉鎮,274
112,5,14,瑞芳區,,,,無年齡維度,0.0,男,遷出,其他鄉鎮,216
112,5,14,瑞芳區,,,,無年齡維度,0.0,女,遷出,合計,472
112,5,14,瑞芳區,,,,無年齡維度,0.0,男,遷出,合計,397
112,5,14,瑞芳區,,,,無年齡維度,0.0,女,遷出,國外,9
112,5,14,瑞芳區,,,,無年齡維度,0.0,男,遷出,國外,9
112,5,14,瑞芳區,,,,無年齡維度,0.0,女,遷出,新北市內,0
112,5,14,瑞芳區,,,,無年齡維度,0.0,男,遷出,新北市內,0
112,5,14,瑞芳區,,,,無年齡維度,0.0,女,遷出,桃園市,30
112,5,14,瑞芳區,,,,無年齡維度,0.0,男,遷出,桃園市,30
112,5,14,瑞芳區,,,,無年齡維度,0.0,女,遷出,福建省,2
112,5,14,瑞芳區,,,,無年齡維度,0.0,男,遷出,福建省,0
112,5,14,瑞芳區,,,,無年齡維度,0.0,女,遷出,臺中市,9
112,5,14,瑞芳區,,,,無年齡維度,0.0,男,遷出,臺中市,5
112,5,14,瑞芳區,,,,無年齡維度,0.0,女,遷出,臺北市,90
112,5,14,瑞芳區,,,,無年齡維度,0.0,男,遷出,臺北市,84
112,5,14,瑞芳區,,,,無年齡維度,0.0,女,遷出,臺南市,7
112,5,14,瑞芳區,,,,無年齡維度,0.0,男,遷出,臺南市,8
112,5,14,瑞芳區,,,,無年齡維度,0.0,女,遷出,臺灣省,42
112,5,14,瑞芳區,,,,無年齡維度,0.0,男,遷出,臺灣省,42
112,5,14,瑞芳區,,,,無年齡維度,0.0,女,遷出,高雄市,9
112,5,14,瑞芳區,,,,無年齡維度,0.0,男,遷出,高雄市,3
112,5,15,五股區,,,,無年齡維度,0.0,女,遷入,migrants,127
112,5,15,五股區,,,,無年齡維度,0.0,男,遷入,migrants,109
112,5,15,五股區,,,,無年齡維度,0.0,女,遷入,other,0
112,5,15,五股區,,,,無年齡維度,0.0,男,遷入,other,0
112,5,15,五股區,,,,無年齡維度,0.0,女,遷入,其他縣市,0
112,5,15,五股區,,,,無年齡維度,0.0,男,遷入,其他縣市,0
112,5,15,五股區,,,,無年齡維度,0.0,女,遷入,其他鄉鎮,152
112,5,15,五股區,,,,無年齡維度,0.0,男,遷入,其他鄉鎮,123
112,5,15,五股區,,,,無年齡維度,0.0,女,遷入,合計,274
112,5,15,五股區,,,,無年齡維度,0.0,男,遷入,合計,239
112,5,15,五股區,,,,無年齡維度,0.0,女,遷入,國外,27
112,5,15,五股區,,,,無年齡維度,0.0,男,遷入,國外,32
112,5,15,五股區,,,,無年齡維度,0.0,女,遷入,新北市內,0
112,5,15,五股區,,,,無年齡維度,0.0,男,遷入,新北市內,0
112,5,15,五股區,,,,無年齡維度,0.0,女,遷入,桃園市,12
112,5,15,五股區,,,,無年齡維度,0.0,男,遷入,桃園市,14
112,5,15,五股區,,,,無年齡維度,0.0,女,遷入,福建省,1
112,5,15,五股區,,,,無年齡維度,0.0,男,遷入,福建省,1
112,5,15,五股區,,,,無年齡維度,0.0,女,遷入,臺中市,7
112,5,15,五股區,,,,無年齡維度,0.0,男,遷入,臺中市,5
112,5,15,五股區,,,,無年齡維度,0.0,女,遷入,臺北市,41
112,5,15,五股區,,,,無年齡維度,0.0,男,遷入,臺北市,41
112,5,15,五股區,,,,無年齡維度,0.0,女,遷入,臺南市,2
112,5,15,五股區,,,,無年齡維度,0.0,男,遷入,臺南市,1
112,5,15,五股區,,,,無年齡維度,0.0,女,遷入,臺灣省,23
112,5,15,五股區,,,,無年齡維度,0.0,男,遷入,臺灣省,15
112,5,15,五股區,,,,無年齡維度,0.0,女,遷入,高雄市,5
112,5,15,五股區,,,,無年齡維度,0.0,男,遷入,高雄市,4
112,5,15,五股區,,,,無年齡維度,0.0,女,遷出,migrants,127
112,5,15,五股區,,,,無年齡維度,0.0,男,遷出,migrants,109
112,5,15,五股區,,,,無年齡維度,0.0,女,遷出,other,0
112,5,15,五股區,,,,無年齡維度,0.0,男,遷出,other,0
112,5,15,五股區,,,,無年齡維度,0.0,女,遷出,其他縣市,0
112,5,15,五股區,,,,無年齡維度,0.0,男,遷出,其他縣市,0
112,5,15,五股區,,,,無年齡維度,0.0,女,遷出,其他鄉鎮,122
112,5,15,五股區,,,,無年齡維度,0.0,男,遷出,其他鄉鎮,100
112,5,15,五股區,,,,無年齡維度,0.0,女,遷出,合計,208
112,5,15,五股區,,,,無年齡維度,0.0,男,遷出,合計,195
112,5,15,五股區,,,,無年齡維度,0.0,女,遷出,國外,2
112,5,15,五股區,,,,無年齡維度,0.0,男,遷出,國外,1
112,5,15,五股區,,,,無年齡維度,0.0,女,遷出,新北市內,0
112,5,15,五股區,,,,無年齡維度,0.0,男,遷出,新北市內,0
112,5,15,五股區,,,,無年齡維度,0.0,女,遷出,桃園市,14
112,5,15,五股區,,,,無年齡維度,0.0,男,遷出,桃園市,15
112,5,15,五股區,,,,無年齡維度,0.0,女,遷出,福建省,1
112,5,15,五股區,,,,無年齡維度,0.0,男,遷出,福建省,2
112,5,15,五股區,,,,無年齡維度,0.0,女,遷出,臺中市,6
112,5,15,五股區,,,,無年齡維度,0.0,男,遷出,臺中市,9
112,5,15,五股區,,,,無年齡維度,0.0,女,遷出,臺北市,33
112,5,15,五股區,,,,無年齡維度,0.0,男,遷出,臺北市,25
112,5,15,五股區,,,,無年齡維度,0.0,女,遷出,臺南市,1
112,5,15,五股區,,,,無年齡維度,0.0,男,遷出,臺南市,4
112,5,15,五股區,,,,無年齡維度,0.0,女,遷出,臺灣省,29
112,5,15,五股區,,,,無年齡維度,0.0,男,遷出,臺灣省,35
112,5,15,五股區,,,,無年齡維度,0.0,女,遷出,高雄市,0
112,5,15,五股區,,,,無年齡維度,0.0,男,遷出,高雄市,4
112,5,16,泰山區,,,,無年齡維度,0.0,女,遷入,migrants,97
112,5,16,泰山區,,,,無年齡維度,0.0,男,遷入,migrants,93
112,5,16,泰山區,,,,無年齡維度,0.0,女,遷入,other,0
112,5,16,泰山區,,,,無年齡維度,0.0,男,遷入,other,0
112,5,16,泰山區,,,,無年齡維度,0.0,女,遷入,其他縣市,0
112,5,16,泰山區,,,,無年齡維度,0.0,男,遷入,其他縣市,0
112,5,16,泰山區,,,,無年齡維度,0.0,女,遷入,其他鄉鎮,85
112,5,16,泰山區,,,,無年齡維度,0.0,男,遷入,其他鄉鎮,68
112,5,16,泰山區,,,,無年齡維度,0.0,女,遷入,合計,203
112,5,16,泰山區,,,,無年齡維度,0.0,男,遷入,合計,160
112,5,16,泰山區,,,,無年齡維度,0.0,女,遷入,國外,39
112,5,16,泰山區,,,,無年齡維度,0.0,男,遷入,國外,27
112,5,16,泰山區,,,,無年齡維度,0.0,女,遷入,新北市內,0
112,5,16,泰山區,,,,無年齡維度,0.0,男,遷入,新北市內,0
112,5,16,泰山區,,,,無年齡維度,0.0,女,遷入,桃園市,13
112,5,16,泰山區,,,,無年齡維度,0.0,男,遷入,桃園市,12
112,5,16,泰山區,,,,無年齡維度,0.0,女,遷入,福建省,1
112,5,16,泰山區,,,,無年齡維度,0.0,男,遷入,福建省,2
112,5,16,泰山區,,,,無年齡維度,0.0,女,遷入,臺中市,2
112,5,16,泰山區,,,,無年齡維度,0.0,男,遷入,臺中市,1
112,5,16,泰山區,,,,無年齡維度,0.0,女,遷入,臺北市,35
112,5,16,泰山區,,,,無年齡維度,0.0,男,遷入,臺北市,22
112,5,16,泰山區,,,,無年齡維度,0.0,女,遷入,臺南市,3
112,5,16,泰山區,,,,無年齡維度,0.0,男,遷入,臺南市,1
112,5,16,泰山區,,,,無年齡維度,0.0,女,遷入,臺灣省,19
112,5,16,泰山區,,,,無年齡維度,0.0,男,遷入,臺灣省,24
112,5,16,泰山區,,,,無年齡維度,0.0,女,遷入,高雄市,0
112,5,16,泰山區,,,,無年齡維度,0.0,男,遷入,高雄市,2
112,5,16,泰山區,,,,無年齡維度,0.0,女,遷出,migrants,97
112,5,16,泰山區,,,,無年齡維度,0.0,男,遷出,migrants,93
112,5,16,泰山區,,,,無年齡維度,0.0,女,遷出,other,0
112,5,16,泰山區,,,,無年齡維度,0.0,男,遷出,other,0
112,5,16,泰山區,,,,無年齡維度,0.0,女,遷出,其他縣市,0
112,5,16,泰山區,,,,無年齡維度,0.0,男,遷出,其他縣市,0
112,5,16,泰山區,,,,無年齡維度,0.0,女,遷出,其他鄉鎮,90
112,5,16,泰山區,,,,無年齡維度,0.0,男,遷出,其他鄉鎮,85
112,5,16,泰山區,,,,無年齡維度,0.0,女,遷出,合計,172
112,5,16,泰山區,,,,無年齡維度,0.0,男,遷出,合計,157
112,5,16,泰山區,,,,無年齡維度,0.0,女,遷出,國外,1
112,5,16,泰山區,,,,無年齡維度,0.0,男,遷出,國外,2
112,5,16,泰山區,,,,無年齡維度,0.0,女,遷出,新北市內,0
112,5,16,泰山區,,,,無年齡維度,0.0,男,遷出,新北市內,0
112,5,16,泰山區,,,,無年齡維度,0.0,女,遷出,桃園市,29
112,5,16,泰山區,,,,無年齡維度,0.0,男,遷出,桃園市,26
112,5,16,泰山區,,,,無年齡維度,0.0,女,遷出,福建省,0
112,5,16,泰山區,,,,無年齡維度,0.0,男,遷出,福建省,0
112,5,16,泰山區,,,,無年齡維度,0.0,女,遷出,臺中市,7
112,5,16,泰山區,,,,無年齡維度,0.0,男,遷出,臺中市,3
112,5,16,泰山區,,,,無年齡維度,0.0,女,遷出,臺北市,14
112,5,16,泰山區,,,,無年齡維度,0.0,男,遷出,臺北市,12
112,5,16,泰山區,,,,無年齡維度,0.0,女,遷出,臺南市,5
112,5,16,泰山區,,,,無年齡維度,0.0,男,遷出,臺南市,2
112,5,16,泰山區,,,,無年齡維度,0.0,女,遷出,臺灣省,24
112,5,16,泰山區,,,,無年齡維度,0.0,男,遷出,臺灣省,26
112,5,16,泰山區,,,,無年齡維度,0.0,女,遷出,高雄市,2
112,5,16,泰山區,,,,無年齡維度,0.0,男,遷出,高雄市,1
112,5,17,林口區,,,,無年齡維度,0.0,女,遷入,migrants,281
112,5,17,林口區,,,,無年齡維度,0.0,男,遷入,migrants,218
112,5,17,林口區,,,,無年齡維度,0.0,女,遷入,other,0
112,5,17,林口區,,,,無年齡維度,0.0,男,遷入,other,0
112,5,17,林口區,,,,無年齡維度,0.0,女,遷入,其他縣市,0
112,5,17,林口區,,,,無年齡維度,0.0,男,遷入,其他縣市,0
112,5,17,林口區,,,,無年齡維度,0.0,女,遷入,其他鄉鎮,136
112,5,17,林口區,,,,無年齡維度,0.0,男,遷入,其他鄉鎮,101
112,5,17,林口區,,,,無年齡維度,0.0,女,遷入,合計,527
112,5,17,林口區,,,,無年齡維度,0.0,男,遷入,合計,448
112,5,17,林口區,,,,無年齡維度,0.0,女,遷入,國外,95
112,5,17,林口區,,,,無年齡維度,0.0,男,遷入,國外,86
112,5,17,林口區,,,,無年齡維度,0.0,女,遷入,新北市內,0
112,5,17,林口區,,,,無年齡維度,0.0,男,遷入,新北市內,0
112,5,17,林口區,,,,無年齡維度,0.0,女,遷入,桃園市,92
112,5,17,林口區,,,,無年齡維度,0.0,男,遷入,桃園市,91
112,5,17,林口區,,,,無年齡維度,0.0,女,遷入,福建省,0
112,5,17,林口區,,,,無年齡維度,0.0,男,遷入,福建省,0
112,5,17,林口區,,,,無年齡維度,0.0,女,遷入,臺中市,11
112,5,17,林口區,,,,無年齡維度,0.0,男,遷入,臺中市,10
112,5,17,林口區,,,,無年齡維度,0.0,女,遷入,臺北市,125
112,5,17,林口區,,,,無年齡維度,0.0,男,遷入,臺北市,104
112,5,17,林口區,,,,無年齡維度,0.0,女,遷入,臺南市,6
112,5,17,林口區,,,,無年齡維度,0.0,男,遷入,臺南市,5
112,5,17,林口區,,,,無年齡維度,0.0,女,遷入,臺灣省,39
112,5,17,林口區,,,,無年齡維度,0.0,男,遷入,臺灣省,34
112,5,17,林口區,,,,無年齡維度,0.0,女,遷入,高雄市,11
112,5,17,林口區,,,,無年齡維度,0.0,男,遷入,高雄市,8
112,5,17,林口區,,,,無年齡維度,0.0,女,遷出,migrants,281
112,5,17,林口區,,,,無年齡維度,0.0,男,遷出,migrants,218
112,5,17,林口區,,,,無年齡維度,0.0,女,遷出,other,0
112,5,17,林口區,,,,無年齡維度,0.0,男,遷出,other,0
112,5,17,林口區,,,,無年齡維度,0.0,女,遷出,其他縣市,0
112,5,17,林口區,,,,無年齡維度,0.0,男,遷出,其他縣市,0
112,5,17,林口區,,,,無年齡維度,0.0,女,遷出,其他鄉鎮,70
112,5,17,林口區,,,,無年齡維度,0.0,男,遷出,其他鄉鎮,49
112,5,17,林口區,,,,無年齡維度,0.0,女,遷出,合計,286
112,5,17,林口區,,,,無年齡維度,0.0,男,遷出,合計,228
112,5,17,林口區,,,,無年齡維度,0.0,女,遷出,國外,16
112,5,17,林口區,,,,無年齡維度,0.0,男,遷出,國外,13
112,5,17,林口區,,,,無年齡維度,0.0,女,遷出,新北市內,0
112,5,17,林口區,,,,無年齡維度,0.0,男,遷出,新北市內,0
112,5,17,林口區,,,,無年齡維度,0.0,女,遷出,桃園市,99
112,5,17,林口區,,,,無年齡維度,0.0,男,遷出,桃園市,77
112,5,17,林口區,,,,無年齡維度,0.0,女,遷出,福建省,2
112,5,17,林口區,,,,無年齡維度,0.0,男,遷出,福建省,3
112,5,17,林口區,,,,無年齡維度,0.0,女,遷出,臺中市,9
112,5,17,林口區,,,,無年齡維度,0.0,男,遷出,臺中市,6
112,5,17,林口區,,,,無年齡維度,0.0,女,遷出,臺北市,60
112,5,17,林口區,,,,無年齡維度,0.0,男,遷出,臺北市,48
112,5,17,林口區,,,,無年齡維度,0.0,女,遷出,臺南市,5
112,5,17,林口區,,,,無年齡維度,0.0,男,遷出,臺南市,3
112,5,17,林口區,,,,無年齡維度,0.0,女,遷出,臺灣省,22
112,5,17,林口區,,,,無年齡維度,0.0,男,遷出,臺灣省,28
112,5,17,林口區,,,,無年齡維度,0.0,女,遷出,高雄市,3
112,5,17,林口區,,,,無年齡維度,0.0,男,遷出,高雄市,1
112,5,18,八里區,,,,無年齡維度,0.0,女,遷入,migrants,20
112,5,18,八里區,,,,無年齡維度,0.0,男,遷入,migrants,24
112,5,18,八里區,,,,無年齡維度,0.0,女,遷入,other,0
112,5,18,八里區,,,,無年齡維度,0.0,男,遷入,other,0
112,5,18,八里區,,,,無年齡維度,0.0,女,遷入,其他縣市,0
112,5,18,八里區,,,,無年齡維度,0.0,男,遷入,其他縣市,0
112,5,18,八里區,,,,無年齡維度,0.0,女,遷入,其他鄉鎮,17
112,5,18,八里區,,,,無年齡維度,0.0,男,遷入,其他鄉鎮,8
112,5,18,八里區,,,,無年齡維度,0.0,女,遷入,合計,67
112,5,18,八里區,,,,無年齡維度,0.0,男,遷入,合計,51
112,5,18,八里區,,,,無年齡維度,0.0,女,遷入,國外,12
112,5,18,八里區,,,,無年齡維度,0.0,男,遷入,國外,12
112,5,18,八里區,,,,無年齡維度,0.0,女,遷入,新北市內,0
112,5,18,八里區,,,,無年齡維度,0.0,男,遷入,新北市內,0
112,5,18,八里區,,,,無年齡維度,0.0,女,遷入,桃園市,2
112,5,18,八里區,,,,無年齡維度,0.0,男,遷入,桃園市,4
112,5,18,八里區,,,,無年齡維度,0.0,女,遷入,福建省,0
112,5,18,八里區,,,,無年齡維度,0.0,男,遷入,福建省,0
112,5,18,八里區,,,,無年齡維度,0.0,女,遷入,臺中市,2
112,5,18,八里區,,,,無年齡維度,0.0,男,遷入,臺中市,0
112,5,18,八里區,,,,無年齡維度,0.0,女,遷入,臺北市,25
112,5,18,八里區,,,,無年齡維度,0.0,男,遷入,臺北市,23
112,5,18,八里區,,,,無年齡維度,0.0,女,遷入,臺南市,2
112,5,18,八里區,,,,無年齡維度,0.0,男,遷入,臺南市,1
112,5,18,八里區,,,,無年齡維度,0.0,女,遷入,臺灣省,4
112,5,18,八里區,,,,無年齡維度,0.0,男,遷入,臺灣省,3
112,5,18,八里區,,,,無年齡維度,0.0,女,遷入,高雄市,2
112,5,18,八里區,,,,無年齡維度,0.0,男,遷入,高雄市,0
112,5,18,八里區,,,,無年齡維度,0.0,女,遷出,migrants,20
112,5,18,八里區,,,,無年齡維度,0.0,男,遷出,migrants,24
112,5,18,八里區,,,,無年齡維度,0.0,女,遷出,other,0
112,5,18,八里區,,,,無年齡維度,0.0,男,遷出,other,0
112,5,18,八里區,,,,無年齡維度,0.0,女,遷出,其他縣市,0
112,5,18,八里區,,,,無年齡維度,0.0,男,遷出,其他縣市,0
112,5,18,八里區,,,,無年齡維度,0.0,女,遷出,其他鄉鎮,16
112,5,18,八里區,,,,無年齡維度,0.0,男,遷出,其他鄉鎮,11
112,5,18,八里區,,,,無年齡維度,0.0,女,遷出,合計,54
112,5,18,八里區,,,,無年齡維度,0.0,男,遷出,合計,38
112,5,18,八里區,,,,無年齡維度,0.0,女,遷出,國外,4
112,5,18,八里區,,,,無年齡維度,0.0,男,遷出,國外,5
112,5,18,八里區,,,,無年齡維度,0.0,女,遷出,新北市內,0
112,5,18,八里區,,,,無年齡維度,0.0,男,遷出,新北市內,0
112,5,18,八里區,,,,無年齡維度,0.0,女,遷出,桃園市,3
112,5,18,八里區,,,,無年齡維度,0.0,男,遷出,桃園市,1
112,5,18,八里區,,,,無年齡維度,0.0,女,遷出,福建省,0
112,5,18,八里區,,,,無年齡維度,0.0,男,遷出,福建省,0
112,5,18,八里區,,,,無年齡維度,0.0,女,遷出,臺中市,1
112,5,18,八里區,,,,無年齡維度,0.0,男,遷出,臺中市,1
112,5,18,八里區,,,,無年齡維度,0.0,女,遷出,臺北市,23
112,5,18,八里區,,,,無年齡維度,0.0,男,遷出,臺北市,9
112,5,18,八里區,,,,無年齡維度,0.0,女,遷出,臺南市,0
112,5,18,八里區,,,,無年齡維度,0.0,男,遷出,臺南市,0
112,5,18,八里區,,,,無年齡維度,0.0,女,遷出,臺灣省,7
112,5,18,八里區,,,,無年齡維度,0.0,男,遷出,臺灣省,11
112,5,18,八里區,,,,無年齡維度,0.0,女,遷出,高雄市,0
112,5,18,八里區,,,,無年齡維度,0.0,男,遷出,高雄市,0
112,5,19,深坑區,,,,無年齡維度,0.0,女,遷入,migrants,2
112,5,19,深坑區,,,,無年齡維度,0.0,男,遷入,migrants,2
112,5,19,深坑區,,,,無年齡維度,0.0,女,遷入,other,0
112,5,19,深坑區,,,,無年齡維度,0.0,男,遷入,other,0
112,5,19,深坑區,,,,無年齡維度,0.0,女,遷入,其他縣市,0
112,5,19,深坑區,,,,無年齡維度,0.0,男,遷入,其他縣市,0
112,5,19,深坑區,,,,無年齡維度,0.0,女,遷入,其他鄉鎮,11
112,5,19,深坑區,,,,無年齡維度,0.0,男,遷入,其他鄉鎮,3
112,5,19,深坑區,,,,無年齡維度,0.0,女,遷入,合計,12
112,5,19,深坑區,,,,無年齡維度,0.0,男,遷入,合計,7
112,5,19,深坑區,,,,無年齡維度,0.0,女,遷入,國外,0
112,5,19,深坑區,,,,無年齡維度,0.0,男,遷入,國外,1
112,5,19,深坑區,,,,無年齡維度,0.0,女,遷入,新北市內,0
112,5,19,深坑區,,,,無年齡維度,0.0,男,遷入,新北市內,0
112,5,19,深坑區,,,,無年齡維度,0.0,女,遷入,桃園市,0
112,5,19,深坑區,,,,無年齡維度,0.0,男,遷入,桃園市,1
112,5,19,深坑區,,,,無年齡維度,0.0,女,遷入,福建省,0
112,5,19,深坑區,,,,無年齡維度,0.0,男,遷入,福建省,0
112,5,19,深坑區,,,,無年齡維度,0.0,女,遷入,臺中市,0
112,5,19,深坑區,,,,無年齡維度,0.0,男,遷入,臺中市,0
112,5,19,深坑區,,,,無年齡維度,0.0,女,遷入,臺北市,1
112,5,19,深坑區,,,,無年齡維度,0.0,男,遷入,臺北市,2
112,5,19,深坑區,,,,無年齡維度,0.0,女,遷入,臺南市,0
112,5,19,深坑區,,,,無年齡維度,0.0,男,遷入,臺南市,0
112,5,19,深坑區,,,,無年齡維度,0.0,女,遷入,臺灣省,0
112,5,19,深坑區,,,,無年齡維度,0.0,男,遷入,臺灣省,0
112,5,19,深坑區,,,,無年齡維度,0.0,女,遷入,高雄市,0
112,5,19,深坑區,,,,無年齡維度,0.0,男,遷入,高雄市,0
112,5,19,深坑區,,,,無年齡維度,0.0,女,遷出,migrants,2
112,5,19,深坑區,,,,無年齡維度,0.0,男,遷出,migrants,2
112,5,19,深坑區,,,,無年齡維度,0.0,女,遷出,other,0
112,5,19,深坑區,,,,無年齡維度,0.0,男,遷出,other,0
112,5,19,深坑區,,,,無年齡維度,0.0,女,遷出,其他縣市,0
112,5,19,深坑區,,,,無年齡維度,0.0,男,遷出,其他縣市,0
112,5,19,深坑區,,,,無年齡維度,0.0,女,遷出,其他鄉鎮,8
112,5,19,深坑區,,,,無年齡維度,0.0,男,遷出,其他鄉鎮,6
112,5,19,深坑區,,,,無年齡維度,0.0,女,遷出,合計,15
112,5,19,深坑區,,,,無年齡維度,0.0,男,遷出,合計,15
112,5,19,深坑區,,,,無年齡維度,0.0,女,遷出,國外,1
112,5,19,深坑區,,,,無年齡維度,0.0,男,遷出,國外,0
112,5,19,深坑區,,,,無年齡維度,0.0,女,遷出,新北市內,0
112,5,19,深坑區,,,,無年齡維度,0.0,男,遷出,新北市內,0
112,5,19,深坑區,,,,無年齡維度,0.0,女,遷出,桃園市,1
112,5,19,深坑區,,,,無年齡維度,0.0,男,遷出,桃園市,1
112,5,19,深坑區,,,,無年齡維度,0.0,女,遷出,福建省,0
112,5,19,深坑區,,,,無年齡維度,0.0,男,遷出,福建省,0
112,5,19,深坑區,,,,無年齡維度,0.0,女,遷出,臺中市,1
112,5,19,深坑區,,,,無年齡維度,0.0,男,遷出,臺中市,0
112,5,19,深坑區,,,,無年齡維度,0.0,女,遷出,臺北市,3
112,5,19,深坑區,,,,無年齡維度,0.0,男,遷出,臺北市,5
112,5,19,深坑區,,,,無年齡維度,0.0,女,遷出,臺南市,0
112,5,19,深坑區,,,,無年齡維度,0.0,男,遷出,臺南市,0
112,5,19,深坑區,,,,無年齡維度,0.0,女,遷出,臺灣省,1
112,5,19,深坑區,,,,無年齡維度,0.0,男,遷出,臺灣省,3
112,5,19,深坑區,,,,無年齡維度,0.0,女,遷出,高雄市,0
112,5,19,深坑區,,,,無年齡維度,0.0,男,遷出,高雄市,0
112,5,20,石碇區,,,,無年齡維度,0.0,女,遷入,migrants,0
112,5,20,石碇區,,,,無年齡維度,0.0,男,遷入,migrants,1
112,5,20,石碇區,,,,無年齡維度,0.0,女,遷入,other,0
112,5,20,石碇區,,,,無年齡維度,0.0,男,遷入,other,0
112,5,20,石碇區,,,,無年齡維度,0.0,女,遷入,其他縣市,0
112,5,20,石碇區,,,,無年齡維度,0.0,男,遷入,其他縣市,0
112,5,20,石碇區,,,,無年齡維度,0.0,女,遷入,其他鄉鎮,2
112,5,20,石碇區,,,,無年齡維度,0.0,男,遷入,其他鄉鎮,8
112,5,20,石碇區,,,,無年齡維度,0.0,女,遷入,合計,8
112,5,20,石碇區,,,,無年齡維度,0.0,男,遷入,合計,9
112,5,20,石碇區,,,,無年齡維度,0.0,女,遷入,國外,1
112,5,20,石碇區,,,,無年齡維度,0.0,男,遷入,國外,0
112,5,20,石碇區,,,,無年齡維度,0.0,女,遷入,新北市內,0
112,5,20,石碇區,,,,無年齡維度,0.0,男,遷入,新北市內,0
112,5,20,石碇區,,,,無年齡維度,0.0,女,遷入,桃園市,4
112,5,20,石碇區,,,,無年齡維度,0.0,男,遷入,桃園市,0
112,5,20,石碇區,,,,無年齡維度,0.0,女,遷入,福建省,0
112,5,20,石碇區,,,,無年齡維度,0.0,男,遷入,福建省,0
112,5,20,石碇區,,,,無年齡維度,0.0,女,遷入,臺中市,0
112,5,20,石碇區,,,,無年齡維度,0.0,男,遷入,臺中市,0
112,5,20,石碇區,,,,無年齡維度,0.0,女,遷入,臺北市,0
112,5,20,石碇區,,,,無年齡維度,0.0,男,遷入,臺北市,0
112,5,20,石碇區,,,,無年齡維度,0.0,女,遷入,臺南市,0
112,5,20,石碇區,,,,無年齡維度,0.0,男,遷入,臺南市,0
112,5,20,石碇區,,,,無年齡維度,0.0,女,遷入,臺灣省,1
112,5,20,石碇區,,,,無年齡維度,0.0,男,遷入,臺灣省,1
112,5,20,石碇區,,,,無年齡維度,0.0,女,遷入,高雄市,0
112,5,20,石碇區,,,,無年齡維度,0.0,男,遷入,高雄市,0
112,5,20,石碇區,,,,無年齡維度,0.0,女,遷出,migrants,0
112,5,20,石碇區,,,,無年齡維度,0.0,男,遷出,migrants,1
112,5,20,石碇區,,,,無年齡維度,0.0,女,遷出,other,0
112,5,20,石碇區,,,,無年齡維度,0.0,男,遷出,other,0
112,5,20,石碇區,,,,無年齡維度,0.0,女,遷出,其他縣市,0
112,5,20,石碇區,,,,無年齡維度,0.0,男,遷出,其他縣市,0
112,5,20,石碇區,,,,無年齡維度,0.0,女,遷出,其他鄉鎮,2
112,5,20,石碇區,,,,無年齡維度,0.0,男,遷出,其他鄉鎮,3
112,5,20,石碇區,,,,無年齡維度,0.0,女,遷出,合計,12
112,5,20,石碇區,,,,無年齡維度,0.0,男,遷出,合計,10
112,5,20,石碇區,,,,無年齡維度,0.0,女,遷出,國外,0
112,5,20,石碇區,,,,無年齡維度,0.0,男,遷出,國外,0
112,5,20,石碇區,,,,無年齡維度,0.0,女,遷出,新北市內,0
112,5,20,石碇區,,,,無年齡維度,0.0,男,遷出,新北市內,0
112,5,20,石碇區,,,,無年齡維度,0.0,女,遷出,桃園市,5
112,5,20,石碇區,,,,無年齡維度,0.0,男,遷出,桃園市,1
112,5,20,石碇區,,,,無年齡維度,0.0,女,遷出,福建省,0
112,5,20,石碇區,,,,無年齡維度,0.0,男,遷出,福建省,0
112,5,20,石碇區,,,,無年齡維度,0.0,女,遷出,臺中市,0
112,5,20,石碇區,,,,無年齡維度,0.0,男,遷出,臺中市,0
112,5,20,石碇區,,,,無年齡維度,0.0,女,遷出,臺北市,2
112,5,20,石碇區,,,,無年齡維度,0.0,男,遷出,臺北市,2
112,5,20,石碇區,,,,無年齡維度,0.0,女,遷出,臺南市,0
112,5,20,石碇區,,,,無年齡維度,0.0,男,遷出,臺南市,1
112,5,20,石碇區,,,,無年齡維度,0.0,女,遷出,臺灣省,3
112,5,20,石碇區,,,,無年齡維度,0.0,男,遷出,臺灣省,3
112,5,20,石碇區,,,,無年齡維度,0.0,女,遷出,高雄市,0
112,5,20,石碇區,,,,無年齡維度,0.0,男,遷出,高雄市,0
112,5,21,坪林區,,,,無年齡維度,0.0,女,遷入,migrants,25
112,5,21,坪林區,,,,無年齡維度,0.0,男,遷入,migrants,15
112,5,21,坪林區,,,,無年齡維度,0.0,女,遷入,other,0
112,5,21,坪林區,,,,無年齡維度,0.0,男,遷入,other,0
112,5,21,坪林區,,,,無年齡維度,0.0,女,遷入,其他縣市,0
112,5,21,坪林區,,,,無年齡維度,0.0,男,遷入,其他縣市,0
112,5,21,坪林區,,,,無年齡維度,0.0,女,遷入,其他鄉鎮,30
112,5,21,坪林區,,,,無年齡維度,0.0,男,遷入,其他鄉鎮,33
112,5,21,坪林區,,,,無年齡維度,0.0,女,遷入,合計,50
112,5,21,坪林區,,,,無年齡維度,0.0,男,遷入,合計,48
112,5,21,坪林區,,,,無年齡維度,0.0,女,遷入,國外,7
112,5,21,坪林區,,,,無年齡維度,0.0,男,遷入,國外,3
112,5,21,坪林區,,,,無年齡維度,0.0,女,遷入,新北市內,0
112,5,21,坪林區,,,,無年齡維度,0.0,男,遷入,新北市內,0
112,5,21,坪林區,,,,無年齡維度,0.0,女,遷入,桃園市,1
112,5,21,坪林區,,,,無年齡維度,0.0,男,遷入,桃園市,1
112,5,21,坪林區,,,,無年齡維度,0.0,女,遷入,福建省,0
112,5,21,坪林區,,,,無年齡維度,0.0,男,遷入,福建省,0
112,5,21,坪林區,,,,無年齡維度,0.0,女,遷入,臺中市,0
112,5,21,坪林區,,,,無年齡維度,0.0,男,遷入,臺中市,1
112,5,21,坪林區,,,,無年齡維度,0.0,女,遷入,臺北市,6
112,5,21,坪林區,,,,無年齡維度,0.0,男,遷入,臺北市,7
112,5,21,坪林區,,,,無年齡維度,0.0,女,遷入,臺南市,1
112,5,21,坪林區,,,,無年齡維度,0.0,男,遷入,臺南市,1
112,5,21,坪林區,,,,無年齡維度,0.0,女,遷入,臺灣省,5
112,5,21,坪林區,,,,無年齡維度,0.0,男,遷入,臺灣省,2
112,5,21,坪林區,,,,無年齡維度,0.0,女,遷入,高雄市,0
112,5,21,坪林區,,,,無年齡維度,0.0,男,遷入,高雄市,0
112,5,21,坪林區,,,,無年齡維度,0.0,女,遷出,migrants,25
112,5,21,坪林區,,,,無年齡維度,0.0,男,遷出,migrants,15
112,5,21,坪林區,,,,無年齡維度,0.0,女,遷出,other,0
112,5,21,坪林區,,,,無年齡維度,0.0,男,遷出,other,0
112,5,21,坪林區,,,,無年齡維度,0.0,女,遷出,其他縣市,0
112,5,21,坪林區,,,,無年齡維度,0.0,男,遷出,其他縣市,0
112,5,21,坪林區,,,,無年齡維度,0.0,女,遷出,其他鄉鎮,34
112,5,21,坪林區,,,,無年齡維度,0.0,男,遷出,其他鄉鎮,27
112,5,21,坪林區,,,,無年齡維度,0.0,女,遷出,合計,58
112,5,21,坪林區,,,,無年齡維度,0.0,男,遷出,合計,38
112,5,21,坪林區,,,,無年齡維度,0.0,女,遷出,國外,0
112,5,21,坪林區,,,,無年齡維度,0.0,男,遷出,國外,1
112,5,21,坪林區,,,,無年齡維度,0.0,女,遷出,新北市內,0
112,5,21,坪林區,,,,無年齡維度,0.0,男,遷出,新北市內,0
112,5,21,坪林區,,,,無年齡維度,0.0,女,遷出,桃園市,1
112,5,21,坪林區,,,,無年齡維度,0.0,男,遷出,桃園市,2
112,5,21,坪林區,,,,無年齡維度,0.0,女,遷出,福建省,0
112,5,21,坪林區,,,,無年齡維度,0.0,男,遷出,福建省,0
112,5,21,坪林區,,,,無年齡維度,0.0,女,遷出,臺中市,0
112,5,21,坪林區,,,,無年齡維度,0.0,男,遷出,臺中市,0
112,5,21,坪林區,,,,無年齡維度,0.0,女,遷出,臺北市,15
112,5,21,坪林區,,,,無年齡維度,0.0,男,遷出,臺北市,6
112,5,21,坪林區,,,,無年齡維度,0.0,女,遷出,臺南市,0
112,5,21,坪林區,,,,無年齡維度,0.0,男,遷出,臺南市,0
112,5,21,坪林區,,,,無年齡維度,0.0,女,遷出,臺灣省,6
112,5,21,坪林區,,,,無年齡維度,0.0,男,遷出,臺灣省,2
112,5,21,坪林區,,,,無年齡維度,0.0,女,遷出,高雄市,2
112,5,21,坪林區,,,,無年齡維度,0.0,男,遷出,高雄市,0
112,5,22,三芝區,,,,無年齡維度,0.0,女,遷入,migrants,2
112,5,22,三芝區,,,,無年齡維度,0.0,男,遷入,migrants,5
112,5,22,三芝區,,,,無年齡維度,0.0,女,遷入,other,0
112,5,22,三芝區,,,,無年齡維度,0.0,男,遷入,other,0
112,5,22,三芝區,,,,無年齡維度,0.0,女,遷入,其他縣市,0
112,5,22,三芝區,,,,無年齡維度,0.0,男,遷入,其他縣市,0
112,5,22,三芝區,,,,無年齡維度,0.0,女,遷入,其他鄉鎮,10
112,5,22,三芝區,,,,無年齡維度,0.0,男,遷入,其他鄉鎮,7
112,5,22,三芝區,,,,無年齡維度,0.0,女,遷入,合計,14
112,5,22,三芝區,,,,無年齡維度,0.0,男,遷入,合計,12
112,5,22,三芝區,,,,無年齡維度,0.0,女,遷入,國外,1
112,5,22,三芝區,,,,無年齡維度,0.0,男,遷入,國外,1
112,5,22,三芝區,,,,無年齡維度,0.0,女,遷入,新北市內,0
112,5,22,三芝區,,,,無年齡維度,0.0,男,遷入,新北市內,0
112,5,22,三芝區,,,,無年齡維度,0.0,女,遷入,桃園市,0
112,5,22,三芝區,,,,無年齡維度,0.0,男,遷入,桃園市,1
112,5,22,三芝區,,,,無年齡維度,0.0,女,遷入,福建省,0
112,5,22,三芝區,,,,無年齡維度,0.0,男,遷入,福建省,0
112,5,22,三芝區,,,,無年齡維度,0.0,女,遷入,臺中市,0
112,5,22,三芝區,,,,無年齡維度,0.0,男,遷入,臺中市,0
112,5,22,三芝區,,,,無年齡維度,0.0,女,遷入,臺北市,2
112,5,22,三芝區,,,,無年齡維度,0.0,男,遷入,臺北市,3
112,5,22,三芝區,,,,無年齡維度,0.0,女,遷入,臺南市,0
112,5,22,三芝區,,,,無年齡維度,0.0,男,遷入,臺南市,0
112,5,22,三芝區,,,,無年齡維度,0.0,女,遷入,臺灣省,1
112,5,22,三芝區,,,,無年齡維度,0.0,男,遷入,臺灣省,0
112,5,22,三芝區,,,,無年齡維度,0.0,女,遷入,高雄市,0
112,5,22,三芝區,,,,無年齡維度,0.0,男,遷入,高雄市,0
112,5,22,三芝區,,,,無年齡維度,0.0,女,遷出,migrants,2
112,5,22,三芝區,,,,無年齡維度,0.0,男,遷出,migrants,5
112,5,22,三芝區,,,,無年齡維度,0.0,女,遷出,other,0
112,5,22,三芝區,,,,無年齡維度,0.0,男,遷出,other,0
112,5,22,三芝區,,,,無年齡維度,0.0,女,遷出,其他縣市,0
112,5,22,三芝區,,,,無年齡維度,0.0,男,遷出,其他縣市,0
112,5,22,三芝區,,,,無年齡維度,0.0,女,遷出,其他鄉鎮,19
112,5,22,三芝區,,,,無年齡維度,0.0,男,遷出,其他鄉鎮,14
112,5,22,三芝區,,,,無年齡維度,0.0,女,遷出,合計,24
112,5,22,三芝區,,,,無年齡維度,0.0,男,遷出,合計,20
112,5,22,三芝區,,,,無年齡維度,0.0,女,遷出,國外,0
112,5,22,三芝區,,,,無年齡維度,0.0,男,遷出,國外,0
112,5,22,三芝區,,,,無年齡維度,0.0,女,遷出,新北市內,0
112,5,22,三芝區,,,,無年齡維度,0.0,男,遷出,新北市內,0
112,5,22,三芝區,,,,無年齡維度,0.0,女,遷出,桃園市,0
112,5,22,三芝區,,,,無年齡維度,0.0,男,遷出,桃園市,1
112,5,22,三芝區,,,,無年齡維度,0.0,女,遷出,福建省,0
112,5,22,三芝區,,,,無年齡維度,0.0,男,遷出,福建省,0
112,5,22,三芝區,,,,無年齡維度,0.0,女,遷出,臺中市,0
112,5,22,三芝區,,,,無年齡維度,0.0,男,遷出,臺中市,0
112,5,22,三芝區,,,,無年齡維度,0.0,女,遷出,臺北市,2
112,5,22,三芝區,,,,無年齡維度,0.0,男,遷出,臺北市,2
112,5,22,三芝區,,,,無年齡維度,0.0,女,遷出,臺南市,0
112,5,22,三芝區,,,,無年齡維度,0.0,男,遷出,臺南市,0
112,5,22,三芝區,,,,無年齡維度,0.0,女,遷出,臺灣省,3
112,5,22,三芝區,,,,無年齡維度,0.0,男,遷出,臺灣省,3
112,5,22,三芝區,,,,無年齡維度,0.0,女,遷出,高雄市,0
112,5,22,三芝區,,,,無年齡維度,0.0,男,遷出,高雄市,0
112,5,23,石門區,,,,無年齡維度,0.0,女,遷入,migrants,68
112,5,23,石門區,,,,無年齡維度,0.0,男,遷入,migrants,72
112,5,23,石門區,,,,無年齡維度,0.0,女,遷入,other,0
112,5,23,石門區,,,,無年齡維度,0.0,男,遷入,other,0
112,5,23,石門區,,,,無年齡維度,0.0,女,遷入,其他縣市,0
112,5,23,石門區,,,,無年齡維度,0.0,男,遷入,其他縣市,0
112,5,23,石門區,,,,無年齡維度,0.0,女,遷入,其他鄉鎮,57
112,5,23,石門區,,,,無年齡維度,0.0,男,遷入,其他鄉鎮,55
112,5,23,石門區,,,,無年齡維度,0.0,女,遷入,合計,130
112,5,23,石門區,,,,無年齡維度,0.0,男,遷入,合計,123
112,5,23,石門區,,,,無年齡維度,0.0,女,遷入,國外,17
112,5,23,石門區,,,,無年齡維度,0.0,男,遷入,國外,21
112,5,23,石門區,,,,無年齡維度,0.0,女,遷入,新北市內,0
112,5,23,石門區,,,,無年齡維度,0.0,男,遷入,新北市內,0
112,5,23,石門區,,,,無年齡維度,0.0,女,遷入,桃園市,10
112,5,23,石門區,,,,無年齡維度,0.0,男,遷入,桃園市,10
112,5,23,石門區,,,,無年齡維度,0.0,女,遷入,福建省,0
112,5,23,石門區,,,,無年齡維度,0.0,男,遷入,福建省,1
112,5,23,石門區,,,,無年齡維度,0.0,女,遷入,臺中市,3
112,5,23,石門區,,,,無年齡維度,0.0,男,遷入,臺中市,7
112,5,23,石門區,,,,無年齡維度,0.0,女,遷入,臺北市,23
112,5,23,石門區,,,,無年齡維度,0.0,男,遷入,臺北市,18
112,5,23,石門區,,,,無年齡維度,0.0,女,遷入,臺南市,0
112,5,23,石門區,,,,無年齡維度,0.0,男,遷入,臺南市,0
112,5,23,石門區,,,,無年齡維度,0.0,女,遷入,臺灣省,16
112,5,23,石門區,,,,無年齡維度,0.0,男,遷入,臺灣省,10
112,5,23,石門區,,,,無年齡維度,0.0,女,遷入,高雄市,2
112,5,23,石門區,,,,無年齡維度,0.0,男,遷入,高雄市,0
112,5,23,石門區,,,,無年齡維度,0.0,女,遷出,migrants,68
112,5,23,石門區,,,,無年齡維度,0.0,男,遷出,migrants,72
112,5,23,石門區,,,,無年齡維度,0.0,女,遷出,other,0
112,5,23,石門區,,,,無年齡維度,0.0,男,遷出,other,0
112,5,23,石門區,,,,無年齡維度,0.0,女,遷出,其他縣市,0
112,5,23,石門區,,,,無年齡維度,0.0,男,遷出,其他縣市,0
112,5,23,石門區,,,,無年齡維度,0.0,女,遷出,其他鄉鎮,34
112,5,23,石門區,,,,無年齡維度,0.0,男,遷出,其他鄉鎮,35
112,5,23,石門區,,,,無年齡維度,0.0,女,遷出,合計,85
112,5,23,石門區,,,,無年齡維度,0.0,男,遷出,合計,76
112,5,23,石門區,,,,無年齡維度,0.0,女,遷出,國外,1
112,5,23,石門區,,,,無年齡維度,0.0,男,遷出,國外,4
112,5,23,石門區,,,,無年齡維度,0.0,女,遷出,新北市內,0
112,5,23,石門區,,,,無年齡維度,0.0,男,遷出,新北市內,0
112,5,23,石門區,,,,無年齡維度,0.0,女,遷出,桃園市,13
112,5,23,石門區,,,,無年齡維度,0.0,男,遷出,桃園市,4
112,5,23,石門區,,,,無年齡維度,0.0,女,遷出,福建省,0
112,5,23,石門區,,,,無年齡維度,0.0,男,遷出,福建省,0
112,5,23,石門區,,,,無年齡維度,0.0,女,遷出,臺中市,3
112,5,23,石門區,,,,無年齡維度,0.0,男,遷出,臺中市,2
112,5,23,石門區,,,,無年齡維度,0.0,女,遷出,臺北市,26
112,5,23,石門區,,,,無年齡維度,0.0,男,遷出,臺北市,24
112,5,23,石門區,,,,無年齡維度,0.0,女,遷出,臺南市,2
112,5,23,石門區,,,,無年齡維度,0.0,男,遷出,臺南市,2
112,5,23,石門區,,,,無年齡維度,0.0,女,遷出,臺灣省,5
112,5,23,石門區,,,,無年齡維度,0.0,男,遷出,臺灣省,4
112,5,23,石門區,,,,無年齡維度,0.0,女,遷出,高雄市,1
112,5,23,石門區,,,,無年齡維度,0.0,男,遷出,高雄市,1
112,5,24,金山區,,,,無年齡維度,0.0,女,遷入,migrants,0
112,5,24,金山區,,,,無年齡維度,0.0,男,遷入,migrants,0
112,5,24,金山區,,,,無年齡維度,0.0,女,遷入,other,0
112,5,24,金山區,,,,無年齡維度,0.0,男,遷入,other,0
112,5,24,金山區,,,,無年齡維度,0.0,女,遷入,其他縣市,0
112,5,24,金山區,,,,無年齡維度,0.0,男,遷入,其他縣市,0
112,5,24,金山區,,,,無年齡維度,0.0,女,遷入,其他鄉鎮,3
112,5,24,金山區,,,,無年齡維度,0.0,男,遷入,其他鄉鎮,0
112,5,24,金山區,,,,無年齡維度,0.0,女,遷入,合計,3
112,5,24,金山區,,,,無年齡維度,0.0,男,遷入,合計,3
112,5,24,金山區,,,,無年齡維度,0.0,女,遷入,國外,0
112,5,24,金山區,,,,無年齡維度,0.0,男,遷入,國外,0
112,5,24,金山區,,,,無年齡維度,0.0,女,遷入,新北市內,0
112,5,24,金山區,,,,無年齡維度,0.0,男,遷入,新北市內,0
112,5,24,金山區,,,,無年齡維度,0.0,女,遷入,桃園市,0
112,5,24,金山區,,,,無年齡維度,0.0,男,遷入,桃園市,0
112,5,24,金山區,,,,無年齡維度,0.0,女,遷入,福建省,0
112,5,24,金山區,,,,無年齡維度,0.0,男,遷入,福建省,0
112,5,24,金山區,,,,無年齡維度,0.0,女,遷入,臺中市,0
112,5,24,金山區,,,,無年齡維度,0.0,男,遷入,臺中市,0
112,5,24,金山區,,,,無年齡維度,0.0,女,遷入,臺北市,0
112,5,24,金山區,,,,無年齡維度,0.0,男,遷入,臺北市,1
112,5,24,金山區,,,,無年齡維度,0.0,女,遷入,臺南市,0
112,5,24,金山區,,,,無年齡維度,0.0,男,遷入,臺南市,0
112,5,24,金山區,,,,無年齡維度,0.0,女,遷入,臺灣省,0
112,5,24,金山區,,,,無年齡維度,0.0,男,遷入,臺灣省,2
112,5,24,金山區,,,,無年齡維度,0.0,女,遷入,高雄市,0
112,5,24,金山區,,,,無年齡維度,0.0,男,遷入,高雄市,0
112,5,24,金山區,,,,無年齡維度,0.0,女,遷出,migrants,0
112,5,24,金山區,,,,無年齡維度,0.0,男,遷出,migrants,0
112,5,24,金山區,,,,無年齡維度,0.0,女,遷出,other,0
112,5,24,金山區,,,,無年齡維度,0.0,男,遷出,other,0
112,5,24,金山區,,,,無年齡維度,0.0,女,遷出,其他縣市,0
112,5,24,金山區,,,,無年齡維度,0.0,男,遷出,其他縣市,0
112,5,24,金山區,,,,無年齡維度,0.0,女,遷出,其他鄉鎮,0
112,5,24,金山區,,,,無年齡維度,0.0,男,遷出,其他鄉鎮,1
112,5,24,金山區,,,,無年齡維度,0.0,女,遷出,合計,7
112,5,24,金山區,,,,無年齡維度,0.0,男,遷出,合計,7
112,5,24,金山區,,,,無年齡維度,0.0,女,遷出,國外,0
112,5,24,金山區,,,,無年齡維度,0.0,男,遷出,國外,0
112,5,24,金山區,,,,無年齡維度,0.0,女,遷出,新北市內,0
112,5,24,金山區,,,,無年齡維度,0.0,男,遷出,新北市內,0
112,5,24,金山區,,,,無年齡維度,0.0,女,遷出,桃園市,2
112,5,24,金山區,,,,無年齡維度,0.0,男,遷出,桃園市,2
112,5,24,金山區,,,,無年齡維度,0.0,女,遷出,福建省,0
112,5,24,金山區,,,,無年齡維度,0.0,男,遷出,福建省,0
112,5,24,金山區,,,,無年齡維度,0.0,女,遷出,臺中市,1
112,5,24,金山區,,,,無年齡維度,0.0,男,遷出,臺中市,1
112,5,24,金山區,,,,無年齡維度,0.0,女,遷出,臺北市,4
112,5,24,金山區,,,,無年齡維度,0.0,男,遷出,臺北市,2
112,5,24,金山區,,,,無年齡維度,0.0,女,遷出,臺南市,0
112,5,24,金山區,,,,無年齡維度,0.0,男,遷出,臺南市,1
112,5,24,金山區,,,,無年齡維度,0.0,女,遷出,臺灣省,0
112,5,24,金山區,,,,無年齡維度,0.0,男,遷出,臺灣省,0
112,5,24,金山區,,,,無年齡維度,0.0,女,遷出,高雄市,0
112,5,24,金山區,,,,無年齡維度,0.0,男,遷出,高雄市,0
112,5,25,萬里區,,,,無年齡維度,0.0,女,遷入,migrants,0
112,5,25,萬里區,,,,無年齡維度,0.0,男,遷入,migrants,3
112,5,25,萬里區,,,,無年齡維度,0.0,女,遷入,other,0
112,5,25,萬里區,,,,無年齡維度,0.0,男,遷入,other,0
112,5,25,萬里區,,,,無年齡維度,0.0,女,遷入,其他縣市,0
112,5,25,萬里區,,,,無年齡維度,0.0,男,遷入,其他縣市,0
112,5,25,萬里區,,,,無年齡維度,0.0,女,遷入,其他鄉鎮,5
112,5,25,萬里區,,,,無年齡維度,0.0,男,遷入,其他鄉鎮,7
112,5,25,萬里區,,,,無年齡維度,0.0,女,遷入,合計,14
112,5,25,萬里區,,,,無年齡維度,0.0,男,遷入,合計,14
112,5,25,萬里區,,,,無年齡維度,0.0,女,遷入,國外,1
112,5,25,萬里區,,,,無年齡維度,0.0,男,遷入,國外,3
112,5,25,萬里區,,,,無年齡維度,0.0,女,遷入,新北市內,0
112,5,25,萬里區,,,,無年齡維度,0.0,男,遷入,新北市內,0
112,5,25,萬里區,,,,無年齡維度,0.0,女,遷入,桃園市,1
112,5,25,萬里區,,,,無年齡維度,0.0,男,遷入,桃園市,0
112,5,25,萬里區,,,,無年齡維度,0.0,女,遷入,福建省,0
112,5,25,萬里區,,,,無年齡維度,0.0,男,遷入,福建省,0
112,5,25,萬里區,,,,無年齡維度,0.0,女,遷入,臺中市,0
112,5,25,萬里區,,,,無年齡維度,0.0,男,遷入,臺中市,0
112,5,25,萬里區,,,,無年齡維度,0.0,女,遷入,臺北市,3
112,5,25,萬里區,,,,無年齡維度,0.0,男,遷入,臺北市,2
112,5,25,萬里區,,,,無年齡維度,0.0,女,遷入,臺南市,1
112,5,25,萬里區,,,,無年齡維度,0.0,男,遷入,臺南市,0
112,5,25,萬里區,,,,無年齡維度,0.0,女,遷入,臺灣省,3
112,5,25,萬里區,,,,無年齡維度,0.0,男,遷入,臺灣省,2
112,5,25,萬里區,,,,無年齡維度,0.0,女,遷入,高雄市,0
112,5,25,萬里區,,,,無年齡維度,0.0,男,遷入,高雄市,0
112,5,25,萬里區,,,,無年齡維度,0.0,女,遷出,migrants,0
112,5,25,萬里區,,,,無年齡維度,0.0,男,遷出,migrants,3
112,5,25,萬里區,,,,無年齡維度,0.0,女,遷出,other,0
112,5,25,萬里區,,,,無年齡維度,0.0,男,遷出,other,0
112,5,25,萬里區,,,,無年齡維度,0.0,女,遷出,其他縣市,0
112,5,25,萬里區,,,,無年齡維度,0.0,男,遷出,其他縣市,0
112,5,25,萬里區,,,,無年齡維度,0.0,女,遷出,其他鄉鎮,8
112,5,25,萬里區,,,,無年齡維度,0.0,男,遷出,其他鄉鎮,8
112,5,25,萬里區,,,,無年齡維度,0.0,女,遷出,合計,14
112,5,25,萬里區,,,,無年齡維度,0.0,男,遷出,合計,14
112,5,25,萬里區,,,,無年齡維度,0.0,女,遷出,國外,0
112,5,25,萬里區,,,,無年齡維度,0.0,男,遷出,國外,0
112,5,25,萬里區,,,,無年齡維度,0.0,女,遷出,新北市內,0
112,5,25,萬里區,,,,無年齡維度,0.0,男,遷出,新北市內,0
112,5,25,萬里區,,,,無年齡維度,0.0,女,遷出,桃園市,1
112,5,25,萬里區,,,,無年齡維度,0.0,男,遷出,桃園市,1
112,5,25,萬里區,,,,無年齡維度,0.0,女,遷出,福建省,0
112,5,25,萬里區,,,,無年齡維度,0.0,男,遷出,福建省,0
112,5,25,萬里區,,,,無年齡維度,0.0,女,遷出,臺中市,0
112,5,25,萬里區,,,,無年齡維度,0.0,男,遷出,臺中市,0
112,5,25,萬里區,,,,無年齡維度,0.0,女,遷出,臺北市,1
112,5,25,萬里區,,,,無年齡維度,0.0,男,遷出,臺北市,0
112,5,25,萬里區,,,,無年齡維度,0.0,女,遷出,臺南市,0
112,5,25,萬里區,,,,無年齡維度,0.0,男,遷出,臺南市,0
112,5,25,萬里區,,,,無年齡維度,0.0,女,遷出,臺灣省,4
112,5,25,萬里區,,,,無年齡維度,0.0,男,遷出,臺灣省,5
112,5,25,萬里區,,,,無年齡維度,0.0,女,遷出,高雄市,0
112,5,25,萬里區,,,,無年齡維度,0.0,男,遷出,高雄市,0
112,5,26,平溪區,,,,無年齡維度,0.0,女,遷入,migrants,4
112,5,26,平溪區,,,,無年齡維度,0.0,男,遷入,migrants,3
112,5,26,平溪區,,,,無年齡維度,0.0,女,遷入,other,0
112,5,26,平溪區,,,,無年齡維度,0.0,男,遷入,other,0
112,5,26,平溪區,,,,無年齡維度,0.0,女,遷入,其他縣市,0
112,5,26,平溪區,,,,無年齡維度,0.0,男,遷入,其他縣市,0
112,5,26,平溪區,,,,無年齡維度,0.0,女,遷入,其他鄉鎮,1
112,5,26,平溪區,,,,無年齡維度,0.0,男,遷入,其他鄉鎮,3
112,5,26,平溪區,,,,無年齡維度,0.0,女,遷入,合計,5
112,5,26,平溪區,,,,無年齡維度,0.0,男,遷入,合計,9
112,5,26,平溪區,,,,無年齡維度,0.0,女,遷入,國外,1
112,5,26,平溪區,,,,無年齡維度,0.0,男,遷入,國外,1
112,5,26,平溪區,,,,無年齡維度,0.0,女,遷入,新北市內,0
112,5,26,平溪區,,,,無年齡維度,0.0,男,遷入,新北市內,0
112,5,26,平溪區,,,,無年齡維度,0.0,女,遷入,桃園市,0
112,5,26,平溪區,,,,無年齡維度,0.0,男,遷入,桃園市,0
112,5,26,平溪區,,,,無年齡維度,0.0,女,遷入,福建省,0
112,5,26,平溪區,,,,無年齡維度,0.0,男,遷入,福建省,0
112,5,26,平溪區,,,,無年齡維度,0.0,女,遷入,臺中市,1
112,5,26,平溪區,,,,無年齡維度,0.0,男,遷入,臺中市,0
112,5,26,平溪區,,,,無年齡維度,0.0,女,遷入,臺北市,1
112,5,26,平溪區,,,,無年齡維度,0.0,男,遷入,臺北市,2
112,5,26,平溪區,,,,無年齡維度,0.0,女,遷入,臺南市,0
112,5,26,平溪區,,,,無年齡維度,0.0,男,遷入,臺南市,0
112,5,26,平溪區,,,,無年齡維度,0.0,女,遷入,臺灣省,1
112,5,26,平溪區,,,,無年齡維度,0.0,男,遷入,臺灣省,3
112,5,26,平溪區,,,,無年齡維度,0.0,女,遷入,高雄市,0
112,5,26,平溪區,,,,無年齡維度,0.0,男,遷入,高雄市,0
112,5,26,平溪區,,,,無年齡維度,0.0,女,遷出,migrants,4
112,5,26,平溪區,,,,無年齡維度,0.0,男,遷出,migrants,3
112,5,26,平溪區,,,,無年齡維度,0.0,女,遷出,other,0
112,5,26,平溪區,,,,無年齡維度,0.0,男,遷出,other,0
112,5,26,平溪區,,,,無年齡維度,0.0,女,遷出,其他縣市,0
112,5,26,平溪區,,,,無年齡維度,0.0,男,遷出,其他縣市,0
112,5,26,平溪區,,,,無年齡維度,0.0,女,遷出,其他鄉鎮,7
112,5,26,平溪區,,,,無年齡維度,0.0,男,遷出,其他鄉鎮,12
112,5,26,平溪區,,,,無年齡維度,0.0,女,遷出,合計,14
112,5,26,平溪區,,,,無年齡維度,0.0,男,遷出,合計,26
112,5,26,平溪區,,,,無年齡維度,0.0,女,遷出,國外,0
112,5,26,平溪區,,,,無年齡維度,0.0,男,遷出,國外,0
112,5,26,平溪區,,,,無年齡維度,0.0,女,遷出,新北市內,0
112,5,26,平溪區,,,,無年齡維度,0.0,男,遷出,新北市內,0
112,5,26,平溪區,,,,無年齡維度,0.0,女,遷出,桃園市,2
112,5,26,平溪區,,,,無年齡維度,0.0,男,遷出,桃園市,5
112,5,26,平溪區,,,,無年齡維度,0.0,女,遷出,福建省,0
112,5,26,平溪區,,,,無年齡維度,0.0,男,遷出,福建省,0
112,5,26,平溪區,,,,無年齡維度,0.0,女,遷出,臺中市,0
112,5,26,平溪區,,,,無年齡維度,0.0,男,遷出,臺中市,0
112,5,26,平溪區,,,,無年齡維度,0.0,女,遷出,臺北市,0
112,5,26,平溪區,,,,無年齡維度,0.0,男,遷出,臺北市,4
112,5,26,平溪區,,,,無年齡維度,0.0,女,遷出,臺南市,2
112,5,26,平溪區,,,,無年齡維度,0.0,男,遷出,臺南市,0
112,5,26,平溪區,,,,無年齡維度,0.0,女,遷出,臺灣省,3
112,5,26,平溪區,,,,無年齡維度,0.0,男,遷出,臺灣省,5
112,5,26,平溪區,,,,無年齡維度,0.0,女,遷出,高雄市,0
112,5,26,平溪區,,,,無年齡維度,0.0,男,遷出,高雄市,0
112,5,27,雙溪區,,,,無年齡維度,0.0,女,遷入,migrants,29
112,5,27,雙溪區,,,,無年齡維度,0.0,男,遷入,migrants,23
112,5,27,雙溪區,,,,無年齡維度,0.0,女,遷入,other,0
112,5,27,雙溪區,,,,無年齡維度,0.0,男,遷入,other,0
112,5,27,雙溪區,,,,無年齡維度,0.0,女,遷入,其他縣市,0
112,5,27,雙溪區,,,,無年齡維度,0.0,男,遷入,其他縣市,0
112,5,27,雙溪區,,,,無年齡維度,0.0,女,遷入,其他鄉鎮,4
112,5,27,雙溪區,,,,無年齡維度,0.0,男,遷入,其他鄉鎮,12
112,5,27,雙溪區,,,,無年齡維度,0.0,女,遷入,合計,23
112,5,27,雙溪區,,,,無年齡維度,0.0,男,遷入,合計,24
112,5,27,雙溪區,,,,無年齡維度,0.0,女,遷入,國外,6
112,5,27,雙溪區,,,,無年齡維度,0.0,男,遷入,國外,5
112,5,27,雙溪區,,,,無年齡維度,0.0,女,遷入,新北市內,0
112,5,27,雙溪區,,,,無年齡維度,0.0,男,遷入,新北市內,0
112,5,27,雙溪區,,,,無年齡維度,0.0,女,遷入,桃園市,1
112,5,27,雙溪區,,,,無年齡維度,0.0,男,遷入,桃園市,2
112,5,27,雙溪區,,,,無年齡維度,0.0,女,遷入,福建省,0
112,5,27,雙溪區,,,,無年齡維度,0.0,男,遷入,福建省,0
112,5,27,雙溪區,,,,無年齡維度,0.0,女,遷入,臺中市,1
112,5,27,雙溪區,,,,無年齡維度,0.0,男,遷入,臺中市,1
112,5,27,雙溪區,,,,無年齡維度,0.0,女,遷入,臺北市,2
112,5,27,雙溪區,,,,無年齡維度,0.0,男,遷入,臺北市,0
112,5,27,雙溪區,,,,無年齡維度,0.0,女,遷入,臺南市,1
112,5,27,雙溪區,,,,無年齡維度,0.0,男,遷入,臺南市,0
112,5,27,雙溪區,,,,無年齡維度,0.0,女,遷入,臺灣省,7
112,5,27,雙溪區,,,,無年齡維度,0.0,男,遷入,臺灣省,4
112,5,27,雙溪區,,,,無年齡維度,0.0,女,遷入,高雄市,0
112,5,27,雙溪區,,,,無年齡維度,0.0,男,遷入,高雄市,0
112,5,27,雙溪區,,,,無年齡維度,0.0,女,遷出,migrants,29
112,5,27,雙溪區,,,,無年齡維度,0.0,男,遷出,migrants,23
112,5,27,雙溪區,,,,無年齡維度,0.0,女,遷出,other,0
112,5,27,雙溪區,,,,無年齡維度,0.0,男,遷出,other,0
112,5,27,雙溪區,,,,無年齡維度,0.0,女,遷出,其他縣市,0
112,5,27,雙溪區,,,,無年齡維度,0.0,男,遷出,其他縣市,0
112,5,27,雙溪區,,,,無年齡維度,0.0,女,遷出,其他鄉鎮,7
112,5,27,雙溪區,,,,無年齡維度,0.0,男,遷出,其他鄉鎮,7
112,5,27,雙溪區,,,,無年齡維度,0.0,女,遷出,合計,27
112,5,27,雙溪區,,,,無年齡維度,0.0,男,遷出,合計,16
112,5,27,雙溪區,,,,無年齡維度,0.0,女,遷出,國外,0
112,5,27,雙溪區,,,,無年齡維度,0.0,男,遷出,國外,0
112,5,27,雙溪區,,,,無年齡維度,0.0,女,遷出,新北市內,0
112,5,27,雙溪區,,,,無年齡維度,0.0,男,遷出,新北市內,0
112,5,27,雙溪區,,,,無年齡維度,0.0,女,遷出,桃園市,3
112,5,27,雙溪區,,,,無年齡維度,0.0,男,遷出,桃園市,2
112,5,27,雙溪區,,,,無年齡維度,0.0,女,遷出,福建省,0
112,5,27,雙溪區,,,,無年齡維度,0.0,男,遷出,福建省,0
112,5,27,雙溪區,,,,無年齡維度,0.0,女,遷出,臺中市,1
112,5,27,雙溪區,,,,無年齡維度,0.0,男,遷出,臺中市,1
112,5,27,雙溪區,,,,無年齡維度,0.0,女,遷出,臺北市,9
112,5,27,雙溪區,,,,無年齡維度,0.0,男,遷出,臺北市,3
112,5,27,雙溪區,,,,無年齡維度,0.0,女,遷出,臺南市,0
112,5,27,雙溪區,,,,無年齡維度,0.0,男,遷出,臺南市,0
112,5,27,雙溪區,,,,無年齡維度,0.0,女,遷出,臺灣省,7
112,5,27,雙溪區,,,,無年齡維度,0.0,男,遷出,臺灣省,3
112,5,27,雙溪區,,,,無年齡維度,0.0,女,遷出,高雄市,0
112,5,27,雙溪區,,,,無年齡維度,0.0,男,遷出,高雄市,0
112,5,28,貢寮區,,,,無年齡維度,0.0,女,遷入,migrants,16
112,5,28,貢寮區,,,,無年齡維度,0.0,男,遷入,migrants,14
112,5,28,貢寮區,,,,無年齡維度,0.0,女,遷入,other,0
112,5,28,貢寮區,,,,無年齡維度,0.0,男,遷入,other,0
112,5,28,貢寮區,,,,無年齡維度,0.0,女,遷入,其他縣市,0
112,5,28,貢寮區,,,,無年齡維度,0.0,男,遷入,其他縣市,0
112,5,28,貢寮區,,,,無年齡維度,0.0,女,遷入,其他鄉鎮,7
112,5,28,貢寮區,,,,無年齡維度,0.0,男,遷入,其他鄉鎮,16
112,5,28,貢寮區,,,,無年齡維度,0.0,女,遷入,合計,48
112,5,28,貢寮區,,,,無年齡維度,0.0,男,遷入,合計,52
112,5,28,貢寮區,,,,無年齡維度,0.0,女,遷入,國外,5
112,5,28,貢寮區,,,,無年齡維度,0.0,男,遷入,國外,6
112,5,28,貢寮區,,,,無年齡維度,0.0,女,遷入,新北市內,0
112,5,28,貢寮區,,,,無年齡維度,0.0,男,遷入,新北市內,0
112,5,28,貢寮區,,,,無年齡維度,0.0,女,遷入,桃園市,2
112,5,28,貢寮區,,,,無年齡維度,0.0,男,遷入,桃園市,1
112,5,28,貢寮區,,,,無年齡維度,0.0,女,遷入,福建省,0
112,5,28,貢寮區,,,,無年齡維度,0.0,男,遷入,福建省,0
112,5,28,貢寮區,,,,無年齡維度,0.0,女,遷入,臺中市,1
112,5,28,貢寮區,,,,無年齡維度,0.0,男,遷入,臺中市,0
112,5,28,貢寮區,,,,無年齡維度,0.0,女,遷入,臺北市,4
112,5,28,貢寮區,,,,無年齡維度,0.0,男,遷入,臺北市,5
112,5,28,貢寮區,,,,無年齡維度,0.0,女,遷入,臺南市,3
112,5,28,貢寮區,,,,無年齡維度,0.0,男,遷入,臺南市,0
112,5,28,貢寮區,,,,無年齡維度,0.0,女,遷入,臺灣省,26
112,5,28,貢寮區,,,,無年齡維度,0.0,男,遷入,臺灣省,23
112,5,28,貢寮區,,,,無年齡維度,0.0,女,遷入,高雄市,0
112,5,28,貢寮區,,,,無年齡維度,0.0,男,遷入,高雄市,1
112,5,28,貢寮區,,,,無年齡維度,0.0,女,遷出,migrants,16
112,5,28,貢寮區,,,,無年齡維度,0.0,男,遷出,migrants,14
112,5,28,貢寮區,,,,無年齡維度,0.0,女,遷出,other,0
112,5,28,貢寮區,,,,無年齡維度,0.0,男,遷出,other,0
112,5,28,貢寮區,,,,無年齡維度,0.0,女,遷出,其他縣市,0
112,5,28,貢寮區,,,,無年齡維度,0.0,男,遷出,其他縣市,0
112,5,28,貢寮區,,,,無年齡維度,0.0,女,遷出,其他鄉鎮,6
112,5,28,貢寮區,,,,無年齡維度,0.0,男,遷出,其他鄉鎮,10
112,5,28,貢寮區,,,,無年齡維度,0.0,女,遷出,合計,35
112,5,28,貢寮區,,,,無年齡維度,0.0,男,遷出,合計,43
112,5,28,貢寮區,,,,無年齡維度,0.0,女,遷出,國外,0
112,5,28,貢寮區,,,,無年齡維度,0.0,男,遷出,國外,0
112,5,28,貢寮區,,,,無年齡維度,0.0,女,遷出,新北市內,0
112,5,28,貢寮區,,,,無年齡維度,0.0,男,遷出,新北市內,0
112,5,28,貢寮區,,,,無年齡維度,0.0,女,遷出,桃園市,5
112,5,28,貢寮區,,,,無年齡維度,0.0,男,遷出,桃園市,10
112,5,28,貢寮區,,,,無年齡維度,0.0,女,遷出,福建省,0
112,5,28,貢寮區,,,,無年齡維度,0.0,男,遷出,福建省,0
112,5,28,貢寮區,,,,無年齡維度,0.0,女,遷出,臺中市,1
112,5,28,貢寮區,,,,無年齡維度,0.0,男,遷出,臺中市,0
112,5,28,貢寮區,,,,無年齡維度,0.0,女,遷出,臺北市,4
112,5,28,貢寮區,,,,無年齡維度,0.0,男,遷出,臺北市,6
112,5,28,貢寮區,,,,無年齡維度,0.0,女,遷出,臺南市,0
112,5,28,貢寮區,,,,無年齡維度,0.0,男,遷出,臺南市,2
112,5,28,貢寮區,,,,無年齡維度,0.0,女,遷出,臺灣省,19
112,5,28,貢寮區,,,,無年齡維度,0.0,男,遷出,臺灣省,15
112,5,28,貢寮區,,,,無年齡維度,0.0,女,遷出,高雄市,0
112,5,28,貢寮區,,,,無年齡維度,0.0,男,遷出,高雄市,0
112,5,29,烏來區,,,,無年齡維度,0.0,女,遷入,migrants,6
112,5,29,烏來區,,,,無年齡維度,0.0,男,遷入,migrants,4
112,5,29,烏來區,,,,無年齡維度,0.0,女,遷入,other,0
112,5,29,烏來區,,,,無年齡維度,0.0,男,遷入,other,0
112,5,29,烏來區,,,,無年齡維度,0.0,女,遷入,其他縣市,0
112,5,29,烏來區,,,,無年齡維度,0.0,男,遷入,其他縣市,0
112,5,29,烏來區,,,,無年齡維度,0.0,女,遷入,其他鄉鎮,6
112,5,29,烏來區,,,,無年齡維度,0.0,男,遷入,其他鄉鎮,4
112,5,29,烏來區,,,,無年齡維度,0.0,女,遷入,合計,14
112,5,29,烏來區,,,,無年齡維度,0.0,男,遷入,合計,10
112,5,29,烏來區,,,,無年齡維度,0.0,女,遷入,國外,4
112,5,29,烏來區,,,,無年齡維度,0.0,男,遷入,國外,0
112,5,29,烏來區,,,,無年齡維度,0.0,女,遷入,新北市內,0
112,5,29,烏來區,,,,無年齡維度,0.0,男,遷入,新北市內,0
112,5,29,烏來區,,,,無年齡維度,0.0,女,遷入,桃園市,0
112,5,29,烏來區,,,,無年齡維度,0.0,男,遷入,桃園市,0
112,5,29,烏來區,,,,無年齡維度,0.0,女,遷入,福建省,0
112,5,29,烏來區,,,,無年齡維度,0.0,男,遷入,福建省,1
112,5,29,烏來區,,,,無年齡維度,0.0,女,遷入,臺中市,0
112,5,29,烏來區,,,,無年齡維度,0.0,男,遷入,臺中市,0
112,5,29,烏來區,,,,無年齡維度,0.0,女,遷入,臺北市,1
112,5,29,烏來區,,,,無年齡維度,0.0,男,遷入,臺北市,2
112,5,29,烏來區,,,,無年齡維度,0.0,女,遷入,臺南市,0
112,5,29,烏來區,,,,無年齡維度,0.0,男,遷入,臺南市,0
112,5,29,烏來區,,,,無年齡維度,0.0,女,遷入,臺灣省,2
112,5,29,烏來區,,,,無年齡維度,0.0,男,遷入,臺灣省,3
112,5,29,烏來區,,,,無年齡維度,0.0,女,遷入,高雄市,1
112,5,29,烏來區,,,,無年齡維度,0.0,男,遷入,高雄市,0
112,5,29,烏來區,,,,無年齡維度,0.0,女,遷出,migrants,6
112,5,29,烏來區,,,,無年齡維度,0.0,男,遷出,migrants,4
112,5,29,烏來區,,,,無年齡維度,0.0,女,遷出,other,0
112,5,29,烏來區,,,,無年齡維度,0.0,男,遷出,other,0
112,5,29,烏來區,,,,無年齡維度,0.0,女,遷出,其他縣市,0
112,5,29,烏來區,,,,無年齡維度,0.0,男,遷出,其他縣市,0
112,5,29,烏來區,,,,無年齡維度,0.0,女,遷出,其他鄉鎮,19
112,5,29,烏來區,,,,無年齡維度,0.0,男,遷出,其他鄉鎮,11
112,5,29,烏來區,,,,無年齡維度,0.0,女,遷出,合計,30
112,5,29,烏來區,,,,無年齡維度,0.0,男,遷出,合計,14
112,5,29,烏來區,,,,無年齡維度,0.0,女,遷出,國外,1
112,5,29,烏來區,,,,無年齡維度,0.0,男,遷出,國外,0
112,5,29,烏來區,,,,無年齡維度,0.0,女,遷出,新北市內,0
112,5,29,烏來區,,,,無年齡維度,0.0,男,遷出,新北市內,0
112,5,29,烏來區,,,,無年齡維度,0.0,女,遷出,桃園市,3
112,5,29,烏來區,,,,無年齡維度,0.0,男,遷出,桃園市,0
112,5,29,烏來區,,,,無年齡維度,0.0,女,遷出,福建省,0
112,5,29,烏來區,,,,無年齡維度,0.0,男,遷出,福建省,0
112,5,29,烏來區,,,,無年齡維度,0.0,女,遷出,臺中市,1
112,5,29,烏來區,,,,無年齡維度,0.0,男,遷出,臺中市,1
112,5,29,烏來區,,,,無年齡維度,0.0,女,遷出,臺北市,3
112,5,29,烏來區,,,,無年齡維度,0.0,男,遷出,臺北市,1
112,5,29,烏來區,,,,無年齡維度,0.0,女,遷出,臺南市,0
112,5,29,烏來區,,,,無年齡維度,0.0,男,遷出,臺南市,1
112,5,29,烏來區,,,,無年齡維度,0.0,女,遷出,臺灣省,3
112,5,29,烏來區,,,,無年齡維度,0.0,男,遷出,臺灣省,0
112,5,29,烏來區,,,,無年齡維度,0.0,女,遷出,高雄市,0
112,5,29,烏來區,,,,無年齡維度,0.0,男,遷出,高雄市,0
112,6,1,板橋區,,,,無年齡維度,0.0,女,遷入,migrants,919
112,6,1,板橋區,,,,無年齡維度,0.0,男,遷入,migrants,796
112,6,1,板橋區,,,,無年齡維度,0.0,女,遷入,other,0
112,6,1,板橋區,,,,無年齡維度,0.0,男,遷入,other,0
112,6,1,板橋區,,,,無年齡維度,0.0,女,遷入,其他縣市,0
112,6,1,板橋區,,,,無年齡維度,0.0,男,遷入,其他縣市,0
112,6,1,板橋區,,,,無年齡維度,0.0,女,遷入,其他鄉鎮,417
112,6,1,板橋區,,,,無年齡維度,0.0,男,遷入,其他鄉鎮,312
112,6,1,板橋區,,,,無年齡維度,0.0,女,遷入,合計,1181
112,6,1,板橋區,,,,無年齡維度,0.0,男,遷入,合計,933
112,6,1,板橋區,,,,無年齡維度,0.0,女,遷入,國外,292
112,6,1,板橋區,,,,無年齡維度,0.0,男,遷入,國外,227
112,6,1,板橋區,,,,無年齡維度,0.0,女,遷入,新北市內,0
112,6,1,板橋區,,,,無年齡維度,0.0,男,遷入,新北市內,0
112,6,1,板橋區,,,,無年齡維度,0.0,女,遷入,桃園市,65
112,6,1,板橋區,,,,無年齡維度,0.0,男,遷入,桃園市,56
112,6,1,板橋區,,,,無年齡維度,0.0,女,遷入,福建省,6
112,6,1,板橋區,,,,無年齡維度,0.0,男,遷入,福建省,5
112,6,1,板橋區,,,,無年齡維度,0.0,女,遷入,臺中市,33
112,6,1,板橋區,,,,無年齡維度,0.0,男,遷入,臺中市,17
112,6,1,板橋區,,,,無年齡維度,0.0,女,遷入,臺北市,202
112,6,1,板橋區,,,,無年齡維度,0.0,男,遷入,臺北市,181
112,6,1,板橋區,,,,無年齡維度,0.0,女,遷入,臺南市,12
112,6,1,板橋區,,,,無年齡維度,0.0,男,遷入,臺南市,17
112,6,1,板橋區,,,,無年齡維度,0.0,女,遷入,臺灣省,97
112,6,1,板橋區,,,,無年齡維度,0.0,男,遷入,臺灣省,77
112,6,1,板橋區,,,,無年齡維度,0.0,女,遷入,高雄市,24
112,6,1,板橋區,,,,無年齡維度,0.0,男,遷入,高雄市,24
112,6,1,板橋區,,,,無年齡維度,0.0,女,遷出,migrants,919
112,6,1,板橋區,,,,無年齡維度,0.0,男,遷出,migrants,796
112,6,1,板橋區,,,,無年齡維度,0.0,女,遷出,other,0
112,6,1,板橋區,,,,無年齡維度,0.0,男,遷出,other,0
112,6,1,板橋區,,,,無年齡維度,0.0,女,遷出,其他縣市,0
112,6,1,板橋區,,,,無年齡維度,0.0,男,遷出,其他縣市,0
112,6,1,板橋區,,,,無年齡維度,0.0,女,遷出,其他鄉鎮,492
112,6,1,板橋區,,,,無年齡維度,0.0,男,遷出,其他鄉鎮,363
112,6,1,板橋區,,,,無年齡維度,0.0,女,遷出,合計,926
112,6,1,板橋區,,,,無年齡維度,0.0,男,遷出,合計,769
112,6,1,板橋區,,,,無年齡維度,0.0,女,遷出,國外,22
112,6,1,板橋區,,,,無年齡維度,0.0,男,遷出,國外,19
112,6,1,板橋區,,,,無年齡維度,0.0,女,遷出,新北市內,0
112,6,1,板橋區,,,,無年齡維度,0.0,男,遷出,新北市內,0
112,6,1,板橋區,,,,無年齡維度,0.0,女,遷出,桃園市,82
112,6,1,板橋區,,,,無年齡維度,0.0,男,遷出,桃園市,91
112,6,1,板橋區,,,,無年齡維度,0.0,女,遷出,福建省,6
112,6,1,板橋區,,,,無年齡維度,0.0,男,遷出,福建省,4
112,6,1,板橋區,,,,無年齡維度,0.0,女,遷出,臺中市,28
112,6,1,板橋區,,,,無年齡維度,0.0,男,遷出,臺中市,25
112,6,1,板橋區,,,,無年齡維度,0.0,女,遷出,臺北市,158
112,6,1,板橋區,,,,無年齡維度,0.0,男,遷出,臺北市,143
112,6,1,板橋區,,,,無年齡維度,0.0,女,遷出,臺南市,22
112,6,1,板橋區,,,,無年齡維度,0.0,男,遷出,臺南市,7
112,6,1,板橋區,,,,無年齡維度,0.0,女,遷出,臺灣省,92
112,6,1,板橋區,,,,無年齡維度,0.0,男,遷出,臺灣省,97
112,6,1,板橋區,,,,無年齡維度,0.0,女,遷出,高雄市,24
112,6,1,板橋區,,,,無年齡維度,0.0,男,遷出,高雄市,20
112,6,2,三重區,,,,無年齡維度,0.0,女,遷入,migrants,543
112,6,2,三重區,,,,無年齡維度,0.0,男,遷入,migrants,480
112,6,2,三重區,,,,無年齡維度,0.0,女,遷入,other,0
112,6,2,三重區,,,,無年齡維度,0.0,男,遷入,other,0
112,6,2,三重區,,,,無年齡維度,0.0,女,遷入,其他縣市,0
112,6,2,三重區,,,,無年齡維度,0.0,男,遷入,其他縣市,0
112,6,2,三重區,,,,無年齡維度,0.0,女,遷入,其他鄉鎮,250
112,6,2,三重區,,,,無年齡維度,0.0,男,遷入,其他鄉鎮,201
112,6,2,三重區,,,,無年齡維度,0.0,女,遷入,合計,900
112,6,2,三重區,,,,無年齡維度,0.0,男,遷入,合計,720
112,6,2,三重區,,,,無年齡維度,0.0,女,遷入,國外,188
112,6,2,三重區,,,,無年齡維度,0.0,男,遷入,國外,139
112,6,2,三重區,,,,無年齡維度,0.0,女,遷入,新北市內,0
112,6,2,三重區,,,,無年齡維度,0.0,男,遷入,新北市內,0
112,6,2,三重區,,,,無年齡維度,0.0,女,遷入,桃園市,41
112,6,2,三重區,,,,無年齡維度,0.0,男,遷入,桃園市,36
112,6,2,三重區,,,,無年齡維度,0.0,女,遷入,福建省,4
112,6,2,三重區,,,,無年齡維度,0.0,男,遷入,福建省,6
112,6,2,三重區,,,,無年齡維度,0.0,女,遷入,臺中市,15
112,6,2,三重區,,,,無年齡維度,0.0,男,遷入,臺中市,10
112,6,2,三重區,,,,無年齡維度,0.0,女,遷入,臺北市,265
112,6,2,三重區,,,,無年齡維度,0.0,男,遷入,臺北市,224
112,6,2,三重區,,,,無年齡維度,0.0,女,遷入,臺南市,7
112,6,2,三重區,,,,無年齡維度,0.0,男,遷入,臺南市,9
112,6,2,三重區,,,,無年齡維度,0.0,女,遷入,臺灣省,90
112,6,2,三重區,,,,無年齡維度,0.0,男,遷入,臺灣省,76
112,6,2,三重區,,,,無年齡維度,0.0,女,遷入,高雄市,19
112,6,2,三重區,,,,無年齡維度,0.0,男,遷入,高雄市,17
112,6,2,三重區,,,,無年齡維度,0.0,女,遷出,migrants,543
112,6,2,三重區,,,,無年齡維度,0.0,男,遷出,migrants,480
112,6,2,三重區,,,,無年齡維度,0.0,女,遷出,other,0
112,6,2,三重區,,,,無年齡維度,0.0,男,遷出,other,0
112,6,2,三重區,,,,無年齡維度,0.0,女,遷出,其他縣市,0
112,6,2,三重區,,,,無年齡維度,0.0,男,遷出,其他縣市,0
112,6,2,三重區,,,,無年齡維度,0.0,女,遷出,其他鄉鎮,271
112,6,2,三重區,,,,無年齡維度,0.0,男,遷出,其他鄉鎮,236
112,6,2,三重區,,,,無年齡維度,0.0,女,遷出,合計,668
112,6,2,三重區,,,,無年齡維度,0.0,男,遷出,合計,554
112,6,2,三重區,,,,無年齡維度,0.0,女,遷出,國外,14
112,6,2,三重區,,,,無年齡維度,0.0,男,遷出,國外,14
112,6,2,三重區,,,,無年齡維度,0.0,女,遷出,新北市內,0
112,6,2,三重區,,,,無年齡維度,0.0,男,遷出,新北市內,0
112,6,2,三重區,,,,無年齡維度,0.0,女,遷出,桃園市,78
112,6,2,三重區,,,,無年齡維度,0.0,男,遷出,桃園市,58
112,6,2,三重區,,,,無年齡維度,0.0,女,遷出,福建省,4
112,6,2,三重區,,,,無年齡維度,0.0,男,遷出,福建省,4
112,6,2,三重區,,,,無年齡維度,0.0,女,遷出,臺中市,15
112,6,2,三重區,,,,無年齡維度,0.0,男,遷出,臺中市,11
112,6,2,三重區,,,,無年齡維度,0.0,女,遷出,臺北市,191
112,6,2,三重區,,,,無年齡維度,0.0,男,遷出,臺北市,138
112,6,2,三重區,,,,無年齡維度,0.0,女,遷出,臺南市,19
112,6,2,三重區,,,,無年齡維度,0.0,男,遷出,臺南市,9
112,6,2,三重區,,,,無年齡維度,0.0,女,遷出,臺灣省,64
112,6,2,三重區,,,,無年齡維度,0.0,男,遷出,臺灣省,67
112,6,2,三重區,,,,無年齡維度,0.0,女,遷出,高雄市,12
112,6,2,三重區,,,,無年齡維度,0.0,男,遷出,高雄市,17
112,6,3,中和區,,,,無年齡維度,0.0,女,遷入,migrants,416
112,6,3,中和區,,,,無年齡維度,0.0,男,遷入,migrants,378
112,6,3,中和區,,,,無年齡維度,0.0,女,遷入,other,0
112,6,3,中和區,,,,無年齡維度,0.0,男,遷入,other,0
112,6,3,中和區,,,,無年齡維度,0.0,女,遷入,其他縣市,0
112,6,3,中和區,,,,無年齡維度,0.0,男,遷入,其他縣市,0
112,6,3,中和區,,,,無年齡維度,0.0,女,遷入,其他鄉鎮,376
112,6,3,中和區,,,,無年齡維度,0.0,男,遷入,其他鄉鎮,266
112,6,3,中和區,,,,無年齡維度,0.0,女,遷入,合計,1028
112,6,3,中和區,,,,無年齡維度,0.0,男,遷入,合計,809
112,6,3,中和區,,,,無年齡維度,0.0,女,遷入,國外,317
112,6,3,中和區,,,,無年齡維度,0.0,男,遷入,國外,228
112,6,3,中和區,,,,無年齡維度,0.0,女,遷入,新北市內,0
112,6,3,中和區,,,,無年齡維度,0.0,男,遷入,新北市內,0
112,6,3,中和區,,,,無年齡維度,0.0,女,遷入,桃園市,32
112,6,3,中和區,,,,無年齡維度,0.0,男,遷入,桃園市,42
112,6,3,中和區,,,,無年齡維度,0.0,女,遷入,福建省,8
112,6,3,中和區,,,,無年齡維度,0.0,男,遷入,福建省,7
112,6,3,中和區,,,,無年齡維度,0.0,女,遷入,臺中市,17
112,6,3,中和區,,,,無年齡維度,0.0,男,遷入,臺中市,18
112,6,3,中和區,,,,無年齡維度,0.0,女,遷入,臺北市,151
112,6,3,中和區,,,,無年齡維度,0.0,男,遷入,臺北市,147
112,6,3,中和區,,,,無年齡維度,0.0,女,遷入,臺南市,15
112,6,3,中和區,,,,無年齡維度,0.0,男,遷入,臺南市,9
112,6,3,中和區,,,,無年齡維度,0.0,女,遷入,臺灣省,61
112,6,3,中和區,,,,無年齡維度,0.0,男,遷入,臺灣省,68
112,6,3,中和區,,,,無年齡維度,0.0,女,遷入,高雄市,26
112,6,3,中和區,,,,無年齡維度,0.0,男,遷入,高雄市,11
112,6,3,中和區,,,,無年齡維度,0.0,女,遷出,migrants,416
112,6,3,中和區,,,,無年齡維度,0.0,男,遷出,migrants,378
112,6,3,中和區,,,,無年齡維度,0.0,女,遷出,other,0
112,6,3,中和區,,,,無年齡維度,0.0,男,遷出,other,0
112,6,3,中和區,,,,無年齡維度,0.0,女,遷出,其他縣市,0
112,6,3,中和區,,,,無年齡維度,0.0,男,遷出,其他縣市,0
112,6,3,中和區,,,,無年齡維度,0.0,女,遷出,其他鄉鎮,420
112,6,3,中和區,,,,無年齡維度,0.0,男,遷出,其他鄉鎮,337
112,6,3,中和區,,,,無年齡維度,0.0,女,遷出,合計,802
112,6,3,中和區,,,,無年齡維度,0.0,男,遷出,合計,622
112,6,3,中和區,,,,無年齡維度,0.0,女,遷出,國外,13
112,6,3,中和區,,,,無年齡維度,0.0,男,遷出,國外,12
112,6,3,中和區,,,,無年齡維度,0.0,女,遷出,新北市內,0
112,6,3,中和區,,,,無年齡維度,0.0,男,遷出,新北市內,0
112,6,3,中和區,,,,無年齡維度,0.0,女,遷出,桃園市,77
112,6,3,中和區,,,,無年齡維度,0.0,男,遷出,桃園市,52
112,6,3,中和區,,,,無年齡維度,0.0,女,遷出,福建省,10
112,6,3,中和區,,,,無年齡維度,0.0,男,遷出,福建省,9
112,6,3,中和區,,,,無年齡維度,0.0,女,遷出,臺中市,30
112,6,3,中和區,,,,無年齡維度,0.0,男,遷出,臺中市,16
112,6,3,中和區,,,,無年齡維度,0.0,女,遷出,臺北市,141
112,6,3,中和區,,,,無年齡維度,0.0,男,遷出,臺北市,106
112,6,3,中和區,,,,無年齡維度,0.0,女,遷出,臺南市,17
112,6,3,中和區,,,,無年齡維度,0.0,男,遷出,臺南市,12
112,6,3,中和區,,,,無年齡維度,0.0,女,遷出,臺灣省,83
112,6,3,中和區,,,,無年齡維度,0.0,男,遷出,臺灣省,71
112,6,3,中和區,,,,無年齡維度,0.0,女,遷出,高雄市,11
112,6,3,中和區,,,,無年齡維度,0.0,男,遷出,高雄市,7
112,6,4,永和區,,,,無年齡維度,0.0,女,遷入,migrants,174
112,6,4,永和區,,,,無年齡維度,0.0,男,遷入,migrants,154
112,6,4,永和區,,,,無年齡維度,0.0,女,遷入,other,0
112,6,4,永和區,,,,無年齡維度,0.0,男,遷入,other,0
112,6,4,永和區,,,,無年齡維度,0.0,女,遷入,其他縣市,0
112,6,4,永和區,,,,無年齡維度,0.0,男,遷入,其他縣市,0
112,6,4,永和區,,,,無年齡維度,0.0,女,遷入,其他鄉鎮,190
112,6,4,永和區,,,,無年齡維度,0.0,男,遷入,其他鄉鎮,144
112,6,4,永和區,,,,無年齡維度,0.0,女,遷入,合計,616
112,6,4,永和區,,,,無年齡維度,0.0,男,遷入,合計,489
112,6,4,永和區,,,,無年齡維度,0.0,女,遷入,國外,215
112,6,4,永和區,,,,無年齡維度,0.0,男,遷入,國外,165
112,6,4,永和區,,,,無年齡維度,0.0,女,遷入,新北市內,0
112,6,4,永和區,,,,無年齡維度,0.0,男,遷入,新北市內,0
112,6,4,永和區,,,,無年齡維度,0.0,女,遷入,桃園市,19
112,6,4,永和區,,,,無年齡維度,0.0,男,遷入,桃園市,16
112,6,4,永和區,,,,無年齡維度,0.0,女,遷入,福建省,3
112,6,4,永和區,,,,無年齡維度,0.0,男,遷入,福建省,2
112,6,4,永和區,,,,無年齡維度,0.0,女,遷入,臺中市,12
112,6,4,永和區,,,,無年齡維度,0.0,男,遷入,臺中市,4
112,6,4,永和區,,,,無年齡維度,0.0,女,遷入,臺北市,118
112,6,4,永和區,,,,無年齡維度,0.0,男,遷入,臺北市,111
112,6,4,永和區,,,,無年齡維度,0.0,女,遷入,臺南市,1
112,6,4,永和區,,,,無年齡維度,0.0,男,遷入,臺南市,1
112,6,4,永和區,,,,無年齡維度,0.0,女,遷入,臺灣省,35
112,6,4,永和區,,,,無年齡維度,0.0,男,遷入,臺灣省,31
112,6,4,永和區,,,,無年齡維度,0.0,女,遷入,高雄市,6
112,6,4,永和區,,,,無年齡維度,0.0,男,遷入,高雄市,8
112,6,4,永和區,,,,無年齡維度,0.0,女,遷出,migrants,174
112,6,4,永和區,,,,無年齡維度,0.0,男,遷出,migrants,154
112,6,4,永和區,,,,無年齡維度,0.0,女,遷出,other,0
112,6,4,永和區,,,,無年齡維度,0.0,男,遷出,other,0
112,6,4,永和區,,,,無年齡維度,0.0,女,遷出,其他縣市,0
112,6,4,永和區,,,,無年齡維度,0.0,男,遷出,其他縣市,0
112,6,4,永和區,,,,無年齡維度,0.0,女,遷出,其他鄉鎮,231
112,6,4,永和區,,,,無年齡維度,0.0,男,遷出,其他鄉鎮,205
112,6,4,永和區,,,,無年齡維度,0.0,女,遷出,合計,462
112,6,4,永和區,,,,無年齡維度,0.0,男,遷出,合計,407
112,6,4,永和區,,,,無年齡維度,0.0,女,遷出,國外,37
112,6,4,永和區,,,,無年齡維度,0.0,男,遷出,國外,27
112,6,4,永和區,,,,無年齡維度,0.0,女,遷出,新北市內,0
112,6,4,永和區,,,,無年齡維度,0.0,男,遷出,新北市內,0
112,6,4,永和區,,,,無年齡維度,0.0,女,遷出,桃園市,45
112,6,4,永和區,,,,無年齡維度,0.0,男,遷出,桃園市,28
112,6,4,永和區,,,,無年齡維度,0.0,女,遷出,福建省,3
112,6,4,永和區,,,,無年齡維度,0.0,男,遷出,福建省,1
112,6,4,永和區,,,,無年齡維度,0.0,女,遷出,臺中市,16
112,6,4,永和區,,,,無年齡維度,0.0,男,遷出,臺中市,16
112,6,4,永和區,,,,無年齡維度,0.0,女,遷出,臺北市,86
112,6,4,永和區,,,,無年齡維度,0.0,男,遷出,臺北市,83
112,6,4,永和區,,,,無年齡維度,0.0,女,遷出,臺南市,9
112,6,4,永和區,,,,無年齡維度,0.0,男,遷出,臺南市,4
112,6,4,永和區,,,,無年齡維度,0.0,女,遷出,臺灣省,30
112,6,4,永和區,,,,無年齡維度,0.0,男,遷出,臺灣省,37
112,6,4,永和區,,,,無年齡維度,0.0,女,遷出,高雄市,5
112,6,4,永和區,,,,無年齡維度,0.0,男,遷出,高雄市,6
112,6,5,新莊區,,,,無年齡維度,0.0,女,遷入,migrants,752
112,6,5,新莊區,,,,無年齡維度,0.0,男,遷入,migrants,600
112,6,5,新莊區,,,,無年齡維度,0.0,女,遷入,other,0
112,6,5,新莊區,,,,無年齡維度,0.0,男,遷入,other,0
112,6,5,新莊區,,,,無年齡維度,0.0,女,遷入,其他縣市,0
112,6,5,新莊區,,,,無年齡維度,0.0,男,遷入,其他縣市,0
112,6,5,新莊區,,,,無年齡維度,0.0,女,遷入,其他鄉鎮,304
112,6,5,新莊區,,,,無年齡維度,0.0,男,遷入,其他鄉鎮,242
112,6,5,新莊區,,,,無年齡維度,0.0,女,遷入,合計,839
112,6,5,新莊區,,,,無年齡維度,0.0,男,遷入,合計,670
112,6,5,新莊區,,,,無年齡維度,0.0,女,遷入,國外,196
112,6,5,新莊區,,,,無年齡維度,0.0,男,遷入,國外,147
112,6,5,新莊區,,,,無年齡維度,0.0,女,遷入,新北市內,0
112,6,5,新莊區,,,,無年齡維度,0.0,男,遷入,新北市內,0
112,6,5,新莊區,,,,無年齡維度,0.0,女,遷入,桃園市,52
112,6,5,新莊區,,,,無年齡維度,0.0,男,遷入,桃園市,43
112,6,5,新莊區,,,,無年齡維度,0.0,女,遷入,福建省,2
112,6,5,新莊區,,,,無年齡維度,0.0,男,遷入,福建省,2
112,6,5,新莊區,,,,無年齡維度,0.0,女,遷入,臺中市,21
112,6,5,新莊區,,,,無年齡維度,0.0,男,遷入,臺中市,10
112,6,5,新莊區,,,,無年齡維度,0.0,女,遷入,臺北市,154
112,6,5,新莊區,,,,無年齡維度,0.0,男,遷入,臺北市,131
112,6,5,新莊區,,,,無年齡維度,0.0,女,遷入,臺南市,9
112,6,5,新莊區,,,,無年齡維度,0.0,男,遷入,臺南市,6
112,6,5,新莊區,,,,無年齡維度,0.0,女,遷入,臺灣省,72
112,6,5,新莊區,,,,無年齡維度,0.0,男,遷入,臺灣省,67
112,6,5,新莊區,,,,無年齡維度,0.0,女,遷入,高雄市,15
112,6,5,新莊區,,,,無年齡維度,0.0,男,遷入,高雄市,16
112,6,5,新莊區,,,,無年齡維度,0.0,女,遷出,migrants,752
112,6,5,新莊區,,,,無年齡維度,0.0,男,遷出,migrants,600
112,6,5,新莊區,,,,無年齡維度,0.0,女,遷出,other,0
112,6,5,新莊區,,,,無年齡維度,0.0,男,遷出,other,0
112,6,5,新莊區,,,,無年齡維度,0.0,女,遷出,其他縣市,0
112,6,5,新莊區,,,,無年齡維度,0.0,男,遷出,其他縣市,0
112,6,5,新莊區,,,,無年齡維度,0.0,女,遷出,其他鄉鎮,282
112,6,5,新莊區,,,,無年齡維度,0.0,男,遷出,其他鄉鎮,219
112,6,5,新莊區,,,,無年齡維度,0.0,女,遷出,合計,653
112,6,5,新莊區,,,,無年齡維度,0.0,男,遷出,合計,555
112,6,5,新莊區,,,,無年齡維度,0.0,女,遷出,國外,13
112,6,5,新莊區,,,,無年齡維度,0.0,男,遷出,國外,15
112,6,5,新莊區,,,,無年齡維度,0.0,女,遷出,新北市內,0
112,6,5,新莊區,,,,無年齡維度,0.0,男,遷出,新北市內,0
112,6,5,新莊區,,,,無年齡維度,0.0,女,遷出,桃園市,122
112,6,5,新莊區,,,,無年齡維度,0.0,男,遷出,桃園市,121
112,6,5,新莊區,,,,無年齡維度,0.0,女,遷出,福建省,3
112,6,5,新莊區,,,,無年齡維度,0.0,男,遷出,福建省,3
112,6,5,新莊區,,,,無年齡維度,0.0,女,遷出,臺中市,32
112,6,5,新莊區,,,,無年齡維度,0.0,男,遷出,臺中市,17
112,6,5,新莊區,,,,無年齡維度,0.0,女,遷出,臺北市,106
112,6,5,新莊區,,,,無年齡維度,0.0,男,遷出,臺北市,81
112,6,5,新莊區,,,,無年齡維度,0.0,女,遷出,臺南市,12
112,6,5,新莊區,,,,無年齡維度,0.0,男,遷出,臺南市,6
112,6,5,新莊區,,,,無年齡維度,0.0,女,遷出,臺灣省,69
112,6,5,新莊區,,,,無年齡維度,0.0,男,遷出,臺灣省,77
112,6,5,新莊區,,,,無年齡維度,0.0,女,遷出,高雄市,14
112,6,5,新莊區,,,,無年齡維度,0.0,男,遷出,高雄市,16
112,6,6,新店區,,,,無年齡維度,0.0,女,遷入,migrants,410
112,6,6,新店區,,,,無年齡維度,0.0,男,遷入,migrants,401
112,6,6,新店區,,,,無年齡維度,0.0,女,遷入,other,0
112,6,6,新店區,,,,無年齡維度,0.0,男,遷入,other,0
112,6,6,新店區,,,,無年齡維度,0.0,女,遷入,其他縣市,0
112,6,6,新店區,,,,無年齡維度,0.0,男,遷入,其他縣市,0
112,6,6,新店區,,,,無年齡維度,0.0,女,遷入,其他鄉鎮,160
112,6,6,新店區,,,,無年齡維度,0.0,男,遷入,其他鄉鎮,125
112,6,6,新店區,,,,無年齡維度,0.0,女,遷入,合計,960
112,6,6,新店區,,,,無年齡維度,0.0,男,遷入,合計,763
112,6,6,新店區,,,,無年齡維度,0.0,女,遷入,國外,343
112,6,6,新店區,,,,無年齡維度,0.0,男,遷入,國外,262
112,6,6,新店區,,,,無年齡維度,0.0,女,遷入,新北市內,0
112,6,6,新店區,,,,無年齡維度,0.0,男,遷入,新北市內,0
112,6,6,新店區,,,,無年齡維度,0.0,女,遷入,桃園市,29
112,6,6,新店區,,,,無年齡維度,0.0,男,遷入,桃園市,23
112,6,6,新店區,,,,無年齡維度,0.0,女,遷入,福建省,7
112,6,6,新店區,,,,無年齡維度,0.0,男,遷入,福建省,6
112,6,6,新店區,,,,無年齡維度,0.0,女,遷入,臺中市,20
112,6,6,新店區,,,,無年齡維度,0.0,男,遷入,臺中市,7
112,6,6,新店區,,,,無年齡維度,0.0,女,遷入,臺北市,279
112,6,6,新店區,,,,無年齡維度,0.0,男,遷入,臺北市,236
112,6,6,新店區,,,,無年齡維度,0.0,女,遷入,臺南市,12
112,6,6,新店區,,,,無年齡維度,0.0,男,遷入,臺南市,8
112,6,6,新店區,,,,無年齡維度,0.0,女,遷入,臺灣省,66
112,6,6,新店區,,,,無年齡維度,0.0,男,遷入,臺灣省,64
112,6,6,新店區,,,,無年齡維度,0.0,女,遷入,高雄市,21
112,6,6,新店區,,,,無年齡維度,0.0,男,遷入,高雄市,17
112,6,6,新店區,,,,無年齡維度,0.0,女,遷出,migrants,410
112,6,6,新店區,,,,無年齡維度,0.0,男,遷出,migrants,401
112,6,6,新店區,,,,無年齡維度,0.0,女,遷出,other,0
112,6,6,新店區,,,,無年齡維度,0.0,男,遷出,other,0
112,6,6,新店區,,,,無年齡維度,0.0,女,遷出,其他縣市,0
112,6,6,新店區,,,,無年齡維度,0.0,男,遷出,其他縣市,0
112,6,6,新店區,,,,無年齡維度,0.0,女,遷出,其他鄉鎮,177
112,6,6,新店區,,,,無年齡維度,0.0,男,遷出,其他鄉鎮,115
112,6,6,新店區,,,,無年齡維度,0.0,女,遷出,合計,555
112,6,6,新店區,,,,無年齡維度,0.0,男,遷出,合計,433
112,6,6,新店區,,,,無年齡維度,0.0,女,遷出,國外,31
112,6,6,新店區,,,,無年齡維度,0.0,男,遷出,國外,23
112,6,6,新店區,,,,無年齡維度,0.0,女,遷出,新北市內,0
112,6,6,新店區,,,,無年齡維度,0.0,男,遷出,新北市內,0
112,6,6,新店區,,,,無年齡維度,0.0,女,遷出,桃園市,60
112,6,6,新店區,,,,無年齡維度,0.0,男,遷出,桃園市,46
112,6,6,新店區,,,,無年齡維度,0.0,女,遷出,福建省,5
112,6,6,新店區,,,,無年齡維度,0.0,男,遷出,福建省,5
112,6,6,新店區,,,,無年齡維度,0.0,女,遷出,臺中市,21
112,6,6,新店區,,,,無年齡維度,0.0,男,遷出,臺中市,23
112,6,6,新店區,,,,無年齡維度,0.0,女,遷出,臺北市,191
112,6,6,新店區,,,,無年齡維度,0.0,男,遷出,臺北市,140
112,6,6,新店區,,,,無年齡維度,0.0,女,遷出,臺南市,4
112,6,6,新店區,,,,無年齡維度,0.0,男,遷出,臺南市,4
112,6,6,新店區,,,,無年齡維度,0.0,女,遷出,臺灣省,55
112,6,6,新店區,,,,無年齡維度,0.0,男,遷出,臺灣省,63
112,6,6,新店區,,,,無年齡維度,0.0,女,遷出,高雄市,11
112,6,6,新店區,,,,無年齡維度,0.0,男,遷出,高雄市,13
112,6,7,土城區,,,,無年齡維度,0.0,女,遷入,migrants,147
112,6,7,土城區,,,,無年齡維度,0.0,男,遷入,migrants,166
112,6,7,土城區,,,,無年齡維度,0.0,女,遷入,other,0
112,6,7,土城區,,,,無年齡維度,0.0,男,遷入,other,0
112,6,7,土城區,,,,無年齡維度,0.0,女,遷入,其他縣市,0
112,6,7,土城區,,,,無年齡維度,0.0,男,遷入,其他縣市,0
112,6,7,土城區,,,,無年齡維度,0.0,女,遷入,其他鄉鎮,172
112,6,7,土城區,,,,無年齡維度,0.0,男,遷入,其他鄉鎮,170
112,6,7,土城區,,,,無年齡維度,0.0,女,遷入,合計,388
112,6,7,土城區,,,,無年齡維度,0.0,男,遷入,合計,332
112,6,7,土城區,,,,無年齡維度,0.0,女,遷入,國外,89
112,6,7,土城區,,,,無年齡維度,0.0,男,遷入,國外,62
112,6,7,土城區,,,,無年齡維度,0.0,女,遷入,新北市內,0
112,6,7,土城區,,,,無年齡維度,0.0,男,遷入,新北市內,0
112,6,7,土城區,,,,無年齡維度,0.0,女,遷入,桃園市,29
112,6,7,土城區,,,,無年齡維度,0.0,男,遷入,桃園市,27
112,6,7,土城區,,,,無年齡維度,0.0,女,遷入,福建省,0
112,6,7,土城區,,,,無年齡維度,0.0,男,遷入,福建省,2
112,6,7,土城區,,,,無年齡維度,0.0,女,遷入,臺中市,4
112,6,7,土城區,,,,無年齡維度,0.0,男,遷入,臺中市,2
112,6,7,土城區,,,,無年齡維度,0.0,女,遷入,臺北市,36
112,6,7,土城區,,,,無年齡維度,0.0,男,遷入,臺北市,30
112,6,7,土城區,,,,無年齡維度,0.0,女,遷入,臺南市,1
112,6,7,土城區,,,,無年齡維度,0.0,男,遷入,臺南市,1
112,6,7,土城區,,,,無年齡維度,0.0,女,遷入,臺灣省,36
112,6,7,土城區,,,,無年齡維度,0.0,男,遷入,臺灣省,20
112,6,7,土城區,,,,無年齡維度,0.0,女,遷入,高雄市,7
112,6,7,土城區,,,,無年齡維度,0.0,男,遷入,高雄市,8
112,6,7,土城區,,,,無年齡維度,0.0,女,遷出,migrants,147
112,6,7,土城區,,,,無年齡維度,0.0,男,遷出,migrants,166
112,6,7,土城區,,,,無年齡維度,0.0,女,遷出,other,0
112,6,7,土城區,,,,無年齡維度,0.0,男,遷出,other,0
112,6,7,土城區,,,,無年齡維度,0.0,女,遷出,其他縣市,0
112,6,7,土城區,,,,無年齡維度,0.0,男,遷出,其他縣市,0
112,6,7,土城區,,,,無年齡維度,0.0,女,遷出,其他鄉鎮,202
112,6,7,土城區,,,,無年齡維度,0.0,男,遷出,其他鄉鎮,156
112,6,7,土城區,,,,無年齡維度,0.0,女,遷出,合計,380
112,6,7,土城區,,,,無年齡維度,0.0,男,遷出,合計,307
112,6,7,土城區,,,,無年齡維度,0.0,女,遷出,國外,4
112,6,7,土城區,,,,無年齡維度,0.0,男,遷出,國外,12
112,6,7,土城區,,,,無年齡維度,0.0,女,遷出,新北市內,0
112,6,7,土城區,,,,無年齡維度,0.0,男,遷出,新北市內,0
112,6,7,土城區,,,,無年齡維度,0.0,女,遷出,桃園市,65
112,6,7,土城區,,,,無年齡維度,0.0,男,遷出,桃園市,51
112,6,7,土城區,,,,無年齡維度,0.0,女,遷出,福建省,3
112,6,7,土城區,,,,無年齡維度,0.0,男,遷出,福建省,3
112,6,7,土城區,,,,無年齡維度,0.0,女,遷出,臺中市,10
112,6,7,土城區,,,,無年齡維度,0.0,男,遷出,臺中市,5
112,6,7,土城區,,,,無年齡維度,0.0,女,遷出,臺北市,41
112,6,7,土城區,,,,無年齡維度,0.0,男,遷出,臺北市,24
112,6,7,土城區,,,,無年齡維度,0.0,女,遷出,臺南市,3
112,6,7,土城區,,,,無年齡維度,0.0,男,遷出,臺南市,8
112,6,7,土城區,,,,無年齡維度,0.0,女,遷出,臺灣省,46
112,6,7,土城區,,,,無年齡維度,0.0,男,遷出,臺灣省,44
112,6,7,土城區,,,,無年齡維度,0.0,女,遷出,高雄市,5
112,6,7,土城區,,,,無年齡維度,0.0,男,遷出,高雄市,4
112,6,8,蘆洲區,,,,無年齡維度,0.0,女,遷入,migrants,119
112,6,8,蘆洲區,,,,無年齡維度,0.0,男,遷入,migrants,113
112,6,8,蘆洲區,,,,無年齡維度,0.0,女,遷入,other,0
112,6,8,蘆洲區,,,,無年齡維度,0.0,男,遷入,other,0
112,6,8,蘆洲區,,,,無年齡維度,0.0,女,遷入,其他縣市,0
112,6,8,蘆洲區,,,,無年齡維度,0.0,男,遷入,其他縣市,0
112,6,8,蘆洲區,,,,無年齡維度,0.0,女,遷入,其他鄉鎮,78
112,6,8,蘆洲區,,,,無年齡維度,0.0,男,遷入,其他鄉鎮,64
112,6,8,蘆洲區,,,,無年齡維度,0.0,女,遷入,合計,200
112,6,8,蘆洲區,,,,無年齡維度,0.0,男,遷入,合計,172
112,6,8,蘆洲區,,,,無年齡維度,0.0,女,遷入,國外,28
112,6,8,蘆洲區,,,,無年齡維度,0.0,男,遷入,國外,20
112,6,8,蘆洲區,,,,無年齡維度,0.0,女,遷入,新北市內,0
112,6,8,蘆洲區,,,,無年齡維度,0.0,男,遷入,新北市內,0
112,6,8,蘆洲區,,,,無年齡維度,0.0,女,遷入,桃園市,55
112,6,8,蘆洲區,,,,無年齡維度,0.0,男,遷入,桃園市,47
112,6,8,蘆洲區,,,,無年齡維度,0.0,女,遷入,福建省,0
112,6,8,蘆洲區,,,,無年齡維度,0.0,男,遷入,福建省,1
112,6,8,蘆洲區,,,,無年齡維度,0.0,女,遷入,臺中市,3
112,6,8,蘆洲區,,,,無年齡維度,0.0,男,遷入,臺中市,0
112,6,8,蘆洲區,,,,無年齡維度,0.0,女,遷入,臺北市,8
112,6,8,蘆洲區,,,,無年齡維度,0.0,男,遷入,臺北市,10
112,6,8,蘆洲區,,,,無年齡維度,0.0,女,遷入,臺南市,0
112,6,8,蘆洲區,,,,無年齡維度,0.0,男,遷入,臺南市,2
112,6,8,蘆洲區,,,,無年齡維度,0.0,女,遷入,臺灣省,24
112,6,8,蘆洲區,,,,無年齡維度,0.0,男,遷入,臺灣省,24
112,6,8,蘆洲區,,,,無年齡維度,0.0,女,遷入,高雄市,3
112,6,8,蘆洲區,,,,無年齡維度,0.0,男,遷入,高雄市,3
112,6,8,蘆洲區,,,,無年齡維度,0.0,女,遷出,migrants,119
112,6,8,蘆洲區,,,,無年齡維度,0.0,男,遷出,migrants,113
112,6,8,蘆洲區,,,,無年齡維度,0.0,女,遷出,other,0
112,6,8,蘆洲區,,,,無年齡維度,0.0,男,遷出,other,0
112,6,8,蘆洲區,,,,無年齡維度,0.0,女,遷出,其他縣市,0
112,6,8,蘆洲區,,,,無年齡維度,0.0,男,遷出,其他縣市,0
112,6,8,蘆洲區,,,,無年齡維度,0.0,女,遷出,其他鄉鎮,48
112,6,8,蘆洲區,,,,無年齡維度,0.0,男,遷出,其他鄉鎮,53
112,6,8,蘆洲區,,,,無年齡維度,0.0,女,遷出,合計,161
112,6,8,蘆洲區,,,,無年齡維度,0.0,男,遷出,合計,157
112,6,8,蘆洲區,,,,無年齡維度,0.0,女,遷出,國外,2
112,6,8,蘆洲區,,,,無年齡維度,0.0,男,遷出,國外,7
112,6,8,蘆洲區,,,,無年齡維度,0.0,女,遷出,新北市內,0
112,6,8,蘆洲區,,,,無年齡維度,0.0,男,遷出,新北市內,0
112,6,8,蘆洲區,,,,無年齡維度,0.0,女,遷出,桃園市,78
112,6,8,蘆洲區,,,,無年齡維度,0.0,男,遷出,桃園市,61
112,6,8,蘆洲區,,,,無年齡維度,0.0,女,遷出,福建省,4
112,6,8,蘆洲區,,,,無年齡維度,0.0,男,遷出,福建省,7
112,6,8,蘆洲區,,,,無年齡維度,0.0,女,遷出,臺中市,3
112,6,8,蘆洲區,,,,無年齡維度,0.0,男,遷出,臺中市,3
112,6,8,蘆洲區,,,,無年齡維度,0.0,女,遷出,臺北市,4
112,6,8,蘆洲區,,,,無年齡維度,0.0,男,遷出,臺北市,1
112,6,8,蘆洲區,,,,無年齡維度,0.0,女,遷出,臺南市,3
112,6,8,蘆洲區,,,,無年齡維度,0.0,男,遷出,臺南市,2
112,6,8,蘆洲區,,,,無年齡維度,0.0,女,遷出,臺灣省,17
112,6,8,蘆洲區,,,,無年齡維度,0.0,男,遷出,臺灣省,21
112,6,8,蘆洲區,,,,無年齡維度,0.0,女,遷出,高雄市,2
112,6,8,蘆洲區,,,,無年齡維度,0.0,男,遷出,高雄市,2
112,6,9,樹林區,,,,無年齡維度,0.0,女,遷入,migrants,175
112,6,9,樹林區,,,,無年齡維度,0.0,男,遷入,migrants,151
112,6,9,樹林區,,,,無年齡維度,0.0,女,遷入,other,0
112,6,9,樹林區,,,,無年齡維度,0.0,男,遷入,other,0
112,6,9,樹林區,,,,無年齡維度,0.0,女,遷入,其他縣市,0
112,6,9,樹林區,,,,無年齡維度,0.0,男,遷入,其他縣市,0
112,6,9,樹林區,,,,無年齡維度,0.0,女,遷入,其他鄉鎮,112
112,6,9,樹林區,,,,無年齡維度,0.0,男,遷入,其他鄉鎮,84
112,6,9,樹林區,,,,無年齡維度,0.0,女,遷入,合計,267
112,6,9,樹林區,,,,無年齡維度,0.0,男,遷入,合計,197
112,6,9,樹林區,,,,無年齡維度,0.0,女,遷入,國外,35
112,6,9,樹林區,,,,無年齡維度,0.0,男,遷入,國外,33
112,6,9,樹林區,,,,無年齡維度,0.0,女,遷入,新北市內,0
112,6,9,樹林區,,,,無年齡維度,0.0,男,遷入,新北市內,0
112,6,9,樹林區,,,,無年齡維度,0.0,女,遷入,桃園市,21
112,6,9,樹林區,,,,無年齡維度,0.0,男,遷入,桃園市,12
112,6,9,樹林區,,,,無年齡維度,0.0,女,遷入,福建省,0
112,6,9,樹林區,,,,無年齡維度,0.0,男,遷入,福建省,3
112,6,9,樹林區,,,,無年齡維度,0.0,女,遷入,臺中市,7
112,6,9,樹林區,,,,無年齡維度,0.0,男,遷入,臺中市,5
112,6,9,樹林區,,,,無年齡維度,0.0,女,遷入,臺北市,43
112,6,9,樹林區,,,,無年齡維度,0.0,男,遷入,臺北市,32
112,6,9,樹林區,,,,無年齡維度,0.0,女,遷入,臺南市,2
112,6,9,樹林區,,,,無年齡維度,0.0,男,遷入,臺南市,3
112,6,9,樹林區,,,,無年齡維度,0.0,女,遷入,臺灣省,33
112,6,9,樹林區,,,,無年齡維度,0.0,男,遷入,臺灣省,16
112,6,9,樹林區,,,,無年齡維度,0.0,女,遷入,高雄市,2
112,6,9,樹林區,,,,無年齡維度,0.0,男,遷入,高雄市,3
112,6,9,樹林區,,,,無年齡維度,0.0,女,遷出,migrants,175
112,6,9,樹林區,,,,無年齡維度,0.0,男,遷出,migrants,151
112,6,9,樹林區,,,,無年齡維度,0.0,女,遷出,other,0
112,6,9,樹林區,,,,無年齡維度,0.0,男,遷出,other,0
112,6,9,樹林區,,,,無年齡維度,0.0,女,遷出,其他縣市,0
112,6,9,樹林區,,,,無年齡維度,0.0,男,遷出,其他縣市,0
112,6,9,樹林區,,,,無年齡維度,0.0,女,遷出,其他鄉鎮,96
112,6,9,樹林區,,,,無年齡維度,0.0,男,遷出,其他鄉鎮,79
112,6,9,樹林區,,,,無年齡維度,0.0,女,遷出,合計,211
112,6,9,樹林區,,,,無年齡維度,0.0,男,遷出,合計,189
112,6,9,樹林區,,,,無年齡維度,0.0,女,遷出,國外,11
112,6,9,樹林區,,,,無年齡維度,0.0,男,遷出,國外,9
112,6,9,樹林區,,,,無年齡維度,0.0,女,遷出,新北市內,0
112,6,9,樹林區,,,,無年齡維度,0.0,男,遷出,新北市內,0
112,6,9,樹林區,,,,無年齡維度,0.0,女,遷出,桃園市,40
112,6,9,樹林區,,,,無年齡維度,0.0,男,遷出,桃園市,36
112,6,9,樹林區,,,,無年齡維度,0.0,女,遷出,福建省,1
112,6,9,樹林區,,,,無年齡維度,0.0,男,遷出,福建省,3
112,6,9,樹林區,,,,無年齡維度,0.0,女,遷出,臺中市,7
112,6,9,樹林區,,,,無年齡維度,0.0,男,遷出,臺中市,10
112,6,9,樹林區,,,,無年齡維度,0.0,女,遷出,臺北市,24
112,6,9,樹林區,,,,無年齡維度,0.0,男,遷出,臺北市,16
112,6,9,樹林區,,,,無年齡維度,0.0,女,遷出,臺南市,2
112,6,9,樹林區,,,,無年齡維度,0.0,男,遷出,臺南市,0
112,6,9,樹林區,,,,無年齡維度,0.0,女,遷出,臺灣省,24
112,6,9,樹林區,,,,無年齡維度,0.0,男,遷出,臺灣省,28
112,6,9,樹林區,,,,無年齡維度,0.0,女,遷出,高雄市,6
112,6,9,樹林區,,,,無年齡維度,0.0,男,遷出,高雄市,8
112,6,10,鶯歌區,,,,無年齡維度,0.0,女,遷入,migrants,323
112,6,10,鶯歌區,,,,無年齡維度,0.0,男,遷入,migrants,284
112,6,10,鶯歌區,,,,無年齡維度,0.0,女,遷入,other,0
112,6,10,鶯歌區,,,,無年齡維度,0.0,男,遷入,other,0
112,6,10,鶯歌區,,,,無年齡維度,0.0,女,遷入,其他縣市,0
112,6,10,鶯歌區,,,,無年齡維度,0.0,男,遷入,其他縣市,0
112,6,10,鶯歌區,,,,無年齡維度,0.0,女,遷入,其他鄉鎮,174
112,6,10,鶯歌區,,,,無年齡維度,0.0,男,遷入,其他鄉鎮,128
112,6,10,鶯歌區,,,,無年齡維度,0.0,女,遷入,合計,706
112,6,10,鶯歌區,,,,無年齡維度,0.0,男,遷入,合計,529
112,6,10,鶯歌區,,,,無年齡維度,0.0,女,遷入,國外,177
112,6,10,鶯歌區,,,,無年齡維度,0.0,男,遷入,國外,122
112,6,10,鶯歌區,,,,無年齡維度,0.0,女,遷入,新北市內,0
112,6,10,鶯歌區,,,,無年齡維度,0.0,男,遷入,新北市內,0
112,6,10,鶯歌區,,,,無年齡維度,0.0,女,遷入,桃園市,24
112,6,10,鶯歌區,,,,無年齡維度,0.0,男,遷入,桃園市,16
112,6,10,鶯歌區,,,,無年齡維度,0.0,女,遷入,福建省,2
112,6,10,鶯歌區,,,,無年齡維度,0.0,男,遷入,福建省,1
112,6,10,鶯歌區,,,,無年齡維度,0.0,女,遷入,臺中市,13
112,6,10,鶯歌區,,,,無年齡維度,0.0,男,遷入,臺中市,12
112,6,10,鶯歌區,,,,無年齡維度,0.0,女,遷入,臺北市,211
112,6,10,鶯歌區,,,,無年齡維度,0.0,男,遷入,臺北市,185
112,6,10,鶯歌區,,,,無年齡維度,0.0,女,遷入,臺南市,7
112,6,10,鶯歌區,,,,無年齡維度,0.0,男,遷入,臺南市,0
112,6,10,鶯歌區,,,,無年齡維度,0.0,女,遷入,臺灣省,54
112,6,10,鶯歌區,,,,無年齡維度,0.0,男,遷入,臺灣省,46
112,6,10,鶯歌區,,,,無年齡維度,0.0,女,遷入,高雄市,23
112,6,10,鶯歌區,,,,無年齡維度,0.0,男,遷入,高雄市,11
112,6,10,鶯歌區,,,,無年齡維度,0.0,女,遷出,migrants,323
112,6,10,鶯歌區,,,,無年齡維度,0.0,男,遷出,migrants,284
112,6,10,鶯歌區,,,,無年齡維度,0.0,女,遷出,other,0
112,6,10,鶯歌區,,,,無年齡維度,0.0,男,遷出,other,0
112,6,10,鶯歌區,,,,無年齡維度,0.0,女,遷出,其他縣市,0
112,6,10,鶯歌區,,,,無年齡維度,0.0,男,遷出,其他縣市,0
112,6,10,鶯歌區,,,,無年齡維度,0.0,女,遷出,其他鄉鎮,97
112,6,10,鶯歌區,,,,無年齡維度,0.0,男,遷出,其他鄉鎮,79
112,6,10,鶯歌區,,,,無年齡維度,0.0,女,遷出,合計,357
112,6,10,鶯歌區,,,,無年齡維度,0.0,男,遷出,合計,268
112,6,10,鶯歌區,,,,無年齡維度,0.0,女,遷出,國外,28
112,6,10,鶯歌區,,,,無年齡維度,0.0,男,遷出,國外,15
112,6,10,鶯歌區,,,,無年齡維度,0.0,女,遷出,新北市內,0
112,6,10,鶯歌區,,,,無年齡維度,0.0,男,遷出,新北市內,0
112,6,10,鶯歌區,,,,無年齡維度,0.0,女,遷出,桃園市,26
112,6,10,鶯歌區,,,,無年齡維度,0.0,男,遷出,桃園市,27
112,6,10,鶯歌區,,,,無年齡維度,0.0,女,遷出,福建省,1
112,6,10,鶯歌區,,,,無年齡維度,0.0,男,遷出,福建省,2
112,6,10,鶯歌區,,,,無年齡維度,0.0,女,遷出,臺中市,12
112,6,10,鶯歌區,,,,無年齡維度,0.0,男,遷出,臺中市,9
112,6,10,鶯歌區,,,,無年齡維度,0.0,女,遷出,臺北市,131
112,6,10,鶯歌區,,,,無年齡維度,0.0,男,遷出,臺北市,80
112,6,10,鶯歌區,,,,無年齡維度,0.0,女,遷出,臺南市,10
112,6,10,鶯歌區,,,,無年齡維度,0.0,男,遷出,臺南市,6
112,6,10,鶯歌區,,,,無年齡維度,0.0,女,遷出,臺灣省,40
112,6,10,鶯歌區,,,,無年齡維度,0.0,男,遷出,臺灣省,37
112,6,10,鶯歌區,,,,無年齡維度,0.0,女,遷出,高雄市,12
112,6,10,鶯歌區,,,,無年齡維度,0.0,男,遷出,高雄市,11
112,6,11,三峽區,,,,無年齡維度,0.0,女,遷入,migrants,285
112,6,11,三峽區,,,,無年齡維度,0.0,男,遷入,migrants,285
112,6,11,三峽區,,,,無年齡維度,0.0,女,遷入,other,0
112,6,11,三峽區,,,,無年齡維度,0.0,男,遷入,other,0
112,6,11,三峽區,,,,無年齡維度,0.0,女,遷入,其他縣市,0
112,6,11,三峽區,,,,無年齡維度,0.0,男,遷入,其他縣市,0
112,6,11,三峽區,,,,無年齡維度,0.0,女,遷入,其他鄉鎮,62
112,6,11,三峽區,,,,無年齡維度,0.0,男,遷入,其他鄉鎮,47
112,6,11,三峽區,,,,無年齡維度,0.0,女,遷入,合計,552
112,6,11,三峽區,,,,無年齡維度,0.0,男,遷入,合計,441
112,6,11,三峽區,,,,無年齡維度,0.0,女,遷入,國外,108
112,6,11,三峽區,,,,無年齡維度,0.0,男,遷入,國外,92
112,6,11,三峽區,,,,無年齡維度,0.0,女,遷入,新北市內,0
112,6,11,三峽區,,,,無年齡維度,0.0,男,遷入,新北市內,0
112,6,11,三峽區,,,,無年齡維度,0.0,女,遷入,桃園市,22
112,6,11,三峽區,,,,無年齡維度,0.0,男,遷入,桃園市,15
112,6,11,三峽區,,,,無年齡維度,0.0,女,遷入,福建省,2
112,6,11,三峽區,,,,無年齡維度,0.0,男,遷入,福建省,2
112,6,11,三峽區,,,,無年齡維度,0.0,女,遷入,臺中市,13
112,6,11,三峽區,,,,無年齡維度,0.0,男,遷入,臺中市,6
112,6,11,三峽區,,,,無年齡維度,0.0,女,遷入,臺北市,231
112,6,11,三峽區,,,,無年齡維度,0.0,男,遷入,臺北市,194
112,6,11,三峽區,,,,無年齡維度,0.0,女,遷入,臺南市,6
112,6,11,三峽區,,,,無年齡維度,0.0,男,遷入,臺南市,6
112,6,11,三峽區,,,,無年齡維度,0.0,女,遷入,臺灣省,90
112,6,11,三峽區,,,,無年齡維度,0.0,男,遷入,臺灣省,63
112,6,11,三峽區,,,,無年齡維度,0.0,女,遷入,高雄市,4
112,6,11,三峽區,,,,無年齡維度,0.0,男,遷入,高雄市,8
112,6,11,三峽區,,,,無年齡維度,0.0,女,遷出,migrants,285
112,6,11,三峽區,,,,無年齡維度,0.0,男,遷出,migrants,285
112,6,11,三峽區,,,,無年齡維度,0.0,女,遷出,other,0
112,6,11,三峽區,,,,無年齡維度,0.0,男,遷出,other,0
112,6,11,三峽區,,,,無年齡維度,0.0,女,遷出,其他縣市,0
112,6,11,三峽區,,,,無年齡維度,0.0,男,遷出,其他縣市,0
112,6,11,三峽區,,,,無年齡維度,0.0,女,遷出,其他鄉鎮,61
112,6,11,三峽區,,,,無年齡維度,0.0,男,遷出,其他鄉鎮,65
112,6,11,三峽區,,,,無年齡維度,0.0,女,遷出,合計,358
112,6,11,三峽區,,,,無年齡維度,0.0,男,遷出,合計,308
112,6,11,三峽區,,,,無年齡維度,0.0,女,遷出,國外,13
112,6,11,三峽區,,,,無年齡維度,0.0,男,遷出,國外,4
112,6,11,三峽區,,,,無年齡維度,0.0,女,遷出,新北市內,0
112,6,11,三峽區,,,,無年齡維度,0.0,男,遷出,新北市內,0
112,6,11,三峽區,,,,無年齡維度,0.0,女,遷出,桃園市,50
112,6,11,三峽區,,,,無年齡維度,0.0,男,遷出,桃園市,17
112,6,11,三峽區,,,,無年齡維度,0.0,女,遷出,福建省,3
112,6,11,三峽區,,,,無年齡維度,0.0,男,遷出,福建省,5
112,6,11,三峽區,,,,無年齡維度,0.0,女,遷出,臺中市,14
112,6,11,三峽區,,,,無年齡維度,0.0,男,遷出,臺中市,3
112,6,11,三峽區,,,,無年齡維度,0.0,女,遷出,臺北市,135
112,6,11,三峽區,,,,無年齡維度,0.0,男,遷出,臺北市,126
112,6,11,三峽區,,,,無年齡維度,0.0,女,遷出,臺南市,4
112,6,11,三峽區,,,,無年齡維度,0.0,男,遷出,臺南市,6
112,6,11,三峽區,,,,無年齡維度,0.0,女,遷出,臺灣省,71
112,6,11,三峽區,,,,無年齡維度,0.0,男,遷出,臺灣省,72
112,6,11,三峽區,,,,無年齡維度,0.0,女,遷出,高雄市,7
112,6,11,三峽區,,,,無年齡維度,0.0,男,遷出,高雄市,10
112,6,12,淡水區,,,,無年齡維度,0.0,女,遷入,migrants,37
112,6,12,淡水區,,,,無年齡維度,0.0,男,遷入,migrants,37
112,6,12,淡水區,,,,無年齡維度,0.0,女,遷入,other,0
112,6,12,淡水區,,,,無年齡維度,0.0,男,遷入,other,0
112,6,12,淡水區,,,,無年齡維度,0.0,女,遷入,其他縣市,0
112,6,12,淡水區,,,,無年齡維度,0.0,男,遷入,其他縣市,0
112,6,12,淡水區,,,,無年齡維度,0.0,女,遷入,其他鄉鎮,9
112,6,12,淡水區,,,,無年齡維度,0.0,男,遷入,其他鄉鎮,12
112,6,12,淡水區,,,,無年齡維度,0.0,女,遷入,合計,54
112,6,12,淡水區,,,,無年齡維度,0.0,男,遷入,合計,55
112,6,12,淡水區,,,,無年齡維度,0.0,女,遷入,國外,4
112,6,12,淡水區,,,,無年齡維度,0.0,男,遷入,國外,7
112,6,12,淡水區,,,,無年齡維度,0.0,女,遷入,新北市內,0
112,6,12,淡水區,,,,無年齡維度,0.0,男,遷入,新北市內,0
112,6,12,淡水區,,,,無年齡維度,0.0,女,遷入,桃園市,2
112,6,12,淡水區,,,,無年齡維度,0.0,男,遷入,桃園市,1
112,6,12,淡水區,,,,無年齡維度,0.0,女,遷入,福建省,0
112,6,12,淡水區,,,,無年齡維度,0.0,男,遷入,福建省,1
112,6,12,淡水區,,,,無年齡維度,0.0,女,遷入,臺中市,2
112,6,12,淡水區,,,,無年齡維度,0.0,男,遷入,臺中市,1
112,6,12,淡水區,,,,無年齡維度,0.0,女,遷入,臺北市,4
112,6,12,淡水區,,,,無年齡維度,0.0,男,遷入,臺北市,7
112,6,12,淡水區,,,,無年齡維度,0.0,女,遷入,臺南市,0
112,6,12,淡水區,,,,無年齡維度,0.0,男,遷入,臺南市,0
112,6,12,淡水區,,,,無年齡維度,0.0,女,遷入,臺灣省,32
112,6,12,淡水區,,,,無年齡維度,0.0,男,遷入,臺灣省,26
112,6,12,淡水區,,,,無年齡維度,0.0,女,遷入,高雄市,0
112,6,12,淡水區,,,,無年齡維度,0.0,男,遷入,高雄市,0
112,6,12,淡水區,,,,無年齡維度,0.0,女,遷出,migrants,37
112,6,12,淡水區,,,,無年齡維度,0.0,男,遷出,migrants,37
112,6,12,淡水區,,,,無年齡維度,0.0,女,遷出,other,0
112,6,12,淡水區,,,,無年齡維度,0.0,男,遷出,other,0
112,6,12,淡水區,,,,無年齡維度,0.0,女,遷出,其他縣市,0
112,6,12,淡水區,,,,無年齡維度,0.0,男,遷出,其他縣市,0
112,6,12,淡水區,,,,無年齡維度,0.0,女,遷出,其他鄉鎮,9
112,6,12,淡水區,,,,無年齡維度,0.0,男,遷出,其他鄉鎮,8
112,6,12,淡水區,,,,無年齡維度,0.0,女,遷出,合計,75
112,6,12,淡水區,,,,無年齡維度,0.0,男,遷出,合計,42
112,6,12,淡水區,,,,無年齡維度,0.0,女,遷出,國外,1
112,6,12,淡水區,,,,無年齡維度,0.0,男,遷出,國外,0
112,6,12,淡水區,,,,無年齡維度,0.0,女,遷出,新北市內,0
112,6,12,淡水區,,,,無年齡維度,0.0,男,遷出,新北市內,0
112,6,12,淡水區,,,,無年齡維度,0.0,女,遷出,桃園市,8
112,6,12,淡水區,,,,無年齡維度,0.0,男,遷出,桃園市,6
112,6,12,淡水區,,,,無年齡維度,0.0,女,遷出,福建省,0
112,6,12,淡水區,,,,無年齡維度,0.0,男,遷出,福建省,0
112,6,12,淡水區,,,,無年齡維度,0.0,女,遷出,臺中市,2
112,6,12,淡水區,,,,無年齡維度,0.0,男,遷出,臺中市,1
112,6,12,淡水區,,,,無年齡維度,0.0,女,遷出,臺北市,9
112,6,12,淡水區,,,,無年齡維度,0.0,男,遷出,臺北市,2
112,6,12,淡水區,,,,無年齡維度,0.0,女,遷出,臺南市,3
112,6,12,淡水區,,,,無年齡維度,0.0,男,遷出,臺南市,2
112,6,12,淡水區,,,,無年齡維度,0.0,女,遷出,臺灣省,43
112,6,12,淡水區,,,,無年齡維度,0.0,男,遷出,臺灣省,22
112,6,12,淡水區,,,,無年齡維度,0.0,女,遷出,高雄市,0
112,6,12,淡水區,,,,無年齡維度,0.0,男,遷出,高雄市,1
112,6,13,汐止區,,,,無年齡維度,0.0,女,遷入,migrants,274
112,6,13,汐止區,,,,無年齡維度,0.0,男,遷入,migrants,304
112,6,13,汐止區,,,,無年齡維度,0.0,女,遷入,other,0
112,6,13,汐止區,,,,無年齡維度,0.0,男,遷入,other,0
112,6,13,汐止區,,,,無年齡維度,0.0,女,遷入,其他縣市,0
112,6,13,汐止區,,,,無年齡維度,0.0,男,遷入,其他縣市,0
112,6,13,汐止區,,,,無年齡維度,0.0,女,遷入,其他鄉鎮,284
112,6,13,汐止區,,,,無年齡維度,0.0,男,遷入,其他鄉鎮,225
112,6,13,汐止區,,,,無年齡維度,0.0,女,遷入,合計,597
112,6,13,汐止區,,,,無年齡維度,0.0,男,遷入,合計,505
112,6,13,汐止區,,,,無年齡維度,0.0,女,遷入,國外,110
112,6,13,汐止區,,,,無年齡維度,0.0,男,遷入,國外,88
112,6,13,汐止區,,,,無年齡維度,0.0,女,遷入,新北市內,0
112,6,13,汐止區,,,,無年齡維度,0.0,男,遷入,新北市內,0
112,6,13,汐止區,,,,無年齡維度,0.0,女,遷入,桃園市,35
112,6,13,汐止區,,,,無年齡維度,0.0,男,遷入,桃園市,25
112,6,13,汐止區,,,,無年齡維度,0.0,女,遷入,福建省,4
112,6,13,汐止區,,,,無年齡維度,0.0,男,遷入,福建省,6
112,6,13,汐止區,,,,無年齡維度,0.0,女,遷入,臺中市,19
112,6,13,汐止區,,,,無年齡維度,0.0,男,遷入,臺中市,8
112,6,13,汐止區,,,,無年齡維度,0.0,女,遷入,臺北市,72
112,6,13,汐止區,,,,無年齡維度,0.0,男,遷入,臺北市,72
112,6,13,汐止區,,,,無年齡維度,0.0,女,遷入,臺南市,4
112,6,13,汐止區,,,,無年齡維度,0.0,男,遷入,臺南市,4
112,6,13,汐止區,,,,無年齡維度,0.0,女,遷入,臺灣省,44
112,6,13,汐止區,,,,無年齡維度,0.0,男,遷入,臺灣省,62
112,6,13,汐止區,,,,無年齡維度,0.0,女,遷入,高雄市,11
112,6,13,汐止區,,,,無年齡維度,0.0,男,遷入,高雄市,8
112,6,13,汐止區,,,,無年齡維度,0.0,女,遷出,migrants,274
112,6,13,汐止區,,,,無年齡維度,0.0,男,遷出,migrants,304
112,6,13,汐止區,,,,無年齡維度,0.0,女,遷出,other,0
112,6,13,汐止區,,,,無年齡維度,0.0,男,遷出,other,0
112,6,13,汐止區,,,,無年齡維度,0.0,女,遷出,其他縣市,0
112,6,13,汐止區,,,,無年齡維度,0.0,男,遷出,其他縣市,0
112,6,13,汐止區,,,,無年齡維度,0.0,女,遷出,其他鄉鎮,211
112,6,13,汐止區,,,,無年齡維度,0.0,男,遷出,其他鄉鎮,177
112,6,13,汐止區,,,,無年齡維度,0.0,女,遷出,合計,394
112,6,13,汐止區,,,,無年齡維度,0.0,男,遷出,合計,345
112,6,13,汐止區,,,,無年齡維度,0.0,女,遷出,國外,5
112,6,13,汐止區,,,,無年齡維度,0.0,男,遷出,國外,5
112,6,13,汐止區,,,,無年齡維度,0.0,女,遷出,新北市內,0
112,6,13,汐止區,,,,無年齡維度,0.0,男,遷出,新北市內,0
112,6,13,汐止區,,,,無年齡維度,0.0,女,遷出,桃園市,31
112,6,13,汐止區,,,,無年齡維度,0.0,男,遷出,桃園市,37
112,6,13,汐止區,,,,無年齡維度,0.0,女,遷出,福建省,5
112,6,13,汐止區,,,,無年齡維度,0.0,男,遷出,福建省,7
112,6,13,汐止區,,,,無年齡維度,0.0,女,遷出,臺中市,25
112,6,13,汐止區,,,,無年齡維度,0.0,男,遷出,臺中市,20
112,6,13,汐止區,,,,無年齡維度,0.0,女,遷出,臺北市,47
112,6,13,汐止區,,,,無年齡維度,0.0,男,遷出,臺北市,34
112,6,13,汐止區,,,,無年齡維度,0.0,女,遷出,臺南市,12
112,6,13,汐止區,,,,無年齡維度,0.0,男,遷出,臺南市,10
112,6,13,汐止區,,,,無年齡維度,0.0,女,遷出,臺灣省,49
112,6,13,汐止區,,,,無年齡維度,0.0,男,遷出,臺灣省,48
112,6,13,汐止區,,,,無年齡維度,0.0,女,遷出,高雄市,9
112,6,13,汐止區,,,,無年齡維度,0.0,男,遷出,高雄市,7
112,6,14,瑞芳區,,,,無年齡維度,0.0,女,遷入,migrants,212
112,6,14,瑞芳區,,,,無年齡維度,0.0,男,遷入,migrants,228
112,6,14,瑞芳區,,,,無年齡維度,0.0,女,遷入,other,0
112,6,14,瑞芳區,,,,無年齡維度,0.0,男,遷入,other,0
112,6,14,瑞芳區,,,,無年齡維度,0.0,女,遷入,其他縣市,0
112,6,14,瑞芳區,,,,無年齡維度,0.0,男,遷入,其他縣市,0
112,6,14,瑞芳區,,,,無年齡維度,0.0,女,遷入,其他鄉鎮,173
112,6,14,瑞芳區,,,,無年齡維度,0.0,男,遷入,其他鄉鎮,138
112,6,14,瑞芳區,,,,無年齡維度,0.0,女,遷入,合計,408
112,6,14,瑞芳區,,,,無年齡維度,0.0,男,遷入,合計,350
112,6,14,瑞芳區,,,,無年齡維度,0.0,女,遷入,國外,70
112,6,14,瑞芳區,,,,無年齡維度,0.0,男,遷入,國外,46
112,6,14,瑞芳區,,,,無年齡維度,0.0,女,遷入,新北市內,0
112,6,14,瑞芳區,,,,無年齡維度,0.0,男,遷入,新北市內,0
112,6,14,瑞芳區,,,,無年齡維度,0.0,女,遷入,桃園市,20
112,6,14,瑞芳區,,,,無年齡維度,0.0,男,遷入,桃園市,19
112,6,14,瑞芳區,,,,無年齡維度,0.0,女,遷入,福建省,0
112,6,14,瑞芳區,,,,無年齡維度,0.0,男,遷入,福建省,4
112,6,14,瑞芳區,,,,無年齡維度,0.0,女,遷入,臺中市,13
112,6,14,瑞芳區,,,,無年齡維度,0.0,男,遷入,臺中市,10
112,6,14,瑞芳區,,,,無年齡維度,0.0,女,遷入,臺北市,92
112,6,14,瑞芳區,,,,無年齡維度,0.0,男,遷入,臺北市,85
112,6,14,瑞芳區,,,,無年齡維度,0.0,女,遷入,臺南市,5
112,6,14,瑞芳區,,,,無年齡維度,0.0,男,遷入,臺南市,2
112,6,14,瑞芳區,,,,無年齡維度,0.0,女,遷入,臺灣省,24
112,6,14,瑞芳區,,,,無年齡維度,0.0,男,遷入,臺灣省,38
112,6,14,瑞芳區,,,,無年齡維度,0.0,女,遷入,高雄市,2
112,6,14,瑞芳區,,,,無年齡維度,0.0,男,遷入,高雄市,4
112,6,14,瑞芳區,,,,無年齡維度,0.0,女,遷出,migrants,212
112,6,14,瑞芳區,,,,無年齡維度,0.0,男,遷出,migrants,228
112,6,14,瑞芳區,,,,無年齡維度,0.0,女,遷出,other,0
112,6,14,瑞芳區,,,,無年齡維度,0.0,男,遷出,other,0
112,6,14,瑞芳區,,,,無年齡維度,0.0,女,遷出,其他縣市,0
112,6,14,瑞芳區,,,,無年齡維度,0.0,男,遷出,其他縣市,0
112,6,14,瑞芳區,,,,無年齡維度,0.0,女,遷出,其他鄉鎮,199
112,6,14,瑞芳區,,,,無年齡維度,0.0,男,遷出,其他鄉鎮,173
112,6,14,瑞芳區,,,,無年齡維度,0.0,女,遷出,合計,388
112,6,14,瑞芳區,,,,無年齡維度,0.0,男,遷出,合計,359
112,6,14,瑞芳區,,,,無年齡維度,0.0,女,遷出,國外,7
112,6,14,瑞芳區,,,,無年齡維度,0.0,男,遷出,國外,2
112,6,14,瑞芳區,,,,無年齡維度,0.0,女,遷出,新北市內,0
112,6,14,瑞芳區,,,,無年齡維度,0.0,男,遷出,新北市內,0
112,6,14,瑞芳區,,,,無年齡維度,0.0,女,遷出,桃園市,38
112,6,14,瑞芳區,,,,無年齡維度,0.0,男,遷出,桃園市,25
112,6,14,瑞芳區,,,,無年齡維度,0.0,女,遷出,福建省,3
112,6,14,瑞芳區,,,,無年齡維度,0.0,男,遷出,福建省,3
112,6,14,瑞芳區,,,,無年齡維度,0.0,女,遷出,臺中市,4
112,6,14,瑞芳區,,,,無年齡維度,0.0,男,遷出,臺中市,6
112,6,14,瑞芳區,,,,無年齡維度,0.0,女,遷出,臺北市,79
112,6,14,瑞芳區,,,,無年齡維度,0.0,男,遷出,臺北市,81
112,6,14,瑞芳區,,,,無年齡維度,0.0,女,遷出,臺南市,6
112,6,14,瑞芳區,,,,無年齡維度,0.0,男,遷出,臺南市,6
112,6,14,瑞芳區,,,,無年齡維度,0.0,女,遷出,臺灣省,43
112,6,14,瑞芳區,,,,無年齡維度,0.0,男,遷出,臺灣省,55
112,6,14,瑞芳區,,,,無年齡維度,0.0,女,遷出,高雄市,9
112,6,14,瑞芳區,,,,無年齡維度,0.0,男,遷出,高雄市,8
112,6,15,五股區,,,,無年齡維度,0.0,女,遷入,migrants,97
112,6,15,五股區,,,,無年齡維度,0.0,男,遷入,migrants,97
112,6,15,五股區,,,,無年齡維度,0.0,女,遷入,other,0
112,6,15,五股區,,,,無年齡維度,0.0,男,遷入,other,0
112,6,15,五股區,,,,無年齡維度,0.0,女,遷入,其他縣市,0
112,6,15,五股區,,,,無年齡維度,0.0,男,遷入,其他縣市,0
112,6,15,五股區,,,,無年齡維度,0.0,女,遷入,其他鄉鎮,141
112,6,15,五股區,,,,無年齡維度,0.0,男,遷入,其他鄉鎮,108
112,6,15,五股區,,,,無年齡維度,0.0,女,遷入,合計,248
112,6,15,五股區,,,,無年齡維度,0.0,男,遷入,合計,222
112,6,15,五股區,,,,無年齡維度,0.0,女,遷入,國外,31
112,6,15,五股區,,,,無年齡維度,0.0,男,遷入,國外,32
112,6,15,五股區,,,,無年齡維度,0.0,女,遷入,新北市內,0
112,6,15,五股區,,,,無年齡維度,0.0,男,遷入,新北市內,0
112,6,15,五股區,,,,無年齡維度,0.0,女,遷入,桃園市,14
112,6,15,五股區,,,,無年齡維度,0.0,男,遷入,桃園市,5
112,6,15,五股區,,,,無年齡維度,0.0,女,遷入,福建省,2
112,6,15,五股區,,,,無年齡維度,0.0,男,遷入,福建省,1
112,6,15,五股區,,,,無年齡維度,0.0,女,遷入,臺中市,1
112,6,15,五股區,,,,無年齡維度,0.0,男,遷入,臺中市,5
112,6,15,五股區,,,,無年齡維度,0.0,女,遷入,臺北市,36
112,6,15,五股區,,,,無年齡維度,0.0,男,遷入,臺北市,46
112,6,15,五股區,,,,無年齡維度,0.0,女,遷入,臺南市,5
112,6,15,五股區,,,,無年齡維度,0.0,男,遷入,臺南市,2
112,6,15,五股區,,,,無年齡維度,0.0,女,遷入,臺灣省,14
112,6,15,五股區,,,,無年齡維度,0.0,男,遷入,臺灣省,18
112,6,15,五股區,,,,無年齡維度,0.0,女,遷入,高雄市,0
112,6,15,五股區,,,,無年齡維度,0.0,男,遷入,高雄市,3
112,6,15,五股區,,,,無年齡維度,0.0,女,遷出,migrants,97
112,6,15,五股區,,,,無年齡維度,0.0,男,遷出,migrants,97
112,6,15,五股區,,,,無年齡維度,0.0,女,遷出,other,0
112,6,15,五股區,,,,無年齡維度,0.0,男,遷出,other,0
112,6,15,五股區,,,,無年齡維度,0.0,女,遷出,其他縣市,0
112,6,15,五股區,,,,無年齡維度,0.0,男,遷出,其他縣市,0
112,6,15,五股區,,,,無年齡維度,0.0,女,遷出,其他鄉鎮,124
112,6,15,五股區,,,,無年齡維度,0.0,男,遷出,其他鄉鎮,101
112,6,15,五股區,,,,無年齡維度,0.0,女,遷出,合計,205
112,6,15,五股區,,,,無年齡維度,0.0,男,遷出,合計,178
112,6,15,五股區,,,,無年齡維度,0.0,女,遷出,國外,4
112,6,15,五股區,,,,無年齡維度,0.0,男,遷出,國外,2
112,6,15,五股區,,,,無年齡維度,0.0,女,遷出,新北市內,0
112,6,15,五股區,,,,無年齡維度,0.0,男,遷出,新北市內,0
112,6,15,五股區,,,,無年齡維度,0.0,女,遷出,桃園市,24
112,6,15,五股區,,,,無年齡維度,0.0,男,遷出,桃園市,18
112,6,15,五股區,,,,無年齡維度,0.0,女,遷出,福建省,2
112,6,15,五股區,,,,無年齡維度,0.0,男,遷出,福建省,0
112,6,15,五股區,,,,無年齡維度,0.0,女,遷出,臺中市,4
112,6,15,五股區,,,,無年齡維度,0.0,男,遷出,臺中市,6
112,6,15,五股區,,,,無年齡維度,0.0,女,遷出,臺北市,29
112,6,15,五股區,,,,無年齡維度,0.0,男,遷出,臺北市,26
112,6,15,五股區,,,,無年齡維度,0.0,女,遷出,臺南市,1
112,6,15,五股區,,,,無年齡維度,0.0,男,遷出,臺南市,5
112,6,15,五股區,,,,無年齡維度,0.0,女,遷出,臺灣省,13
112,6,15,五股區,,,,無年齡維度,0.0,男,遷出,臺灣省,17
112,6,15,五股區,,,,無年齡維度,0.0,女,遷出,高雄市,4
112,6,15,五股區,,,,無年齡維度,0.0,男,遷出,高雄市,3
112,6,16,泰山區,,,,無年齡維度,0.0,女,遷入,migrants,73
112,6,16,泰山區,,,,無年齡維度,0.0,男,遷入,migrants,55
112,6,16,泰山區,,,,無年齡維度,0.0,女,遷入,other,0
112,6,16,泰山區,,,,無年齡維度,0.0,男,遷入,other,0
112,6,16,泰山區,,,,無年齡維度,0.0,女,遷入,其他縣市,0
112,6,16,泰山區,,,,無年齡維度,0.0,男,遷入,其他縣市,0
112,6,16,泰山區,,,,無年齡維度,0.0,女,遷入,其他鄉鎮,85
112,6,16,泰山區,,,,無年齡維度,0.0,男,遷入,其他鄉鎮,81
112,6,16,泰山區,,,,無年齡維度,0.0,女,遷入,合計,162
112,6,16,泰山區,,,,無年齡維度,0.0,男,遷入,合計,162
112,6,16,泰山區,,,,無年齡維度,0.0,女,遷入,國外,33
112,6,16,泰山區,,,,無年齡維度,0.0,男,遷入,國外,29
112,6,16,泰山區,,,,無年齡維度,0.0,女,遷入,新北市內,0
112,6,16,泰山區,,,,無年齡維度,0.0,男,遷入,新北市內,0
112,6,16,泰山區,,,,無年齡維度,0.0,女,遷入,桃園市,9
112,6,16,泰山區,,,,無年齡維度,0.0,男,遷入,桃園市,7
112,6,16,泰山區,,,,無年齡維度,0.0,女,遷入,福建省,2
112,6,16,泰山區,,,,無年齡維度,0.0,男,遷入,福建省,2
112,6,16,泰山區,,,,無年齡維度,0.0,女,遷入,臺中市,3
112,6,16,泰山區,,,,無年齡維度,0.0,男,遷入,臺中市,3
112,6,16,泰山區,,,,無年齡維度,0.0,女,遷入,臺北市,16
112,6,16,泰山區,,,,無年齡維度,0.0,男,遷入,臺北市,20
112,6,16,泰山區,,,,無年齡維度,0.0,女,遷入,臺南市,2
112,6,16,泰山區,,,,無年齡維度,0.0,男,遷入,臺南市,1
112,6,16,泰山區,,,,無年齡維度,0.0,女,遷入,臺灣省,11
112,6,16,泰山區,,,,無年齡維度,0.0,男,遷入,臺灣省,17
112,6,16,泰山區,,,,無年齡維度,0.0,女,遷入,高雄市,0
112,6,16,泰山區,,,,無年齡維度,0.0,男,遷入,高雄市,1
112,6,16,泰山區,,,,無年齡維度,0.0,女,遷出,migrants,73
112,6,16,泰山區,,,,無年齡維度,0.0,男,遷出,migrants,55
112,6,16,泰山區,,,,無年齡維度,0.0,女,遷出,other,0
112,6,16,泰山區,,,,無年齡維度,0.0,男,遷出,other,0
112,6,16,泰山區,,,,無年齡維度,0.0,女,遷出,其他縣市,0
112,6,16,泰山區,,,,無年齡維度,0.0,男,遷出,其他縣市,0
112,6,16,泰山區,,,,無年齡維度,0.0,女,遷出,其他鄉鎮,81
112,6,16,泰山區,,,,無年齡維度,0.0,男,遷出,其他鄉鎮,78
112,6,16,泰山區,,,,無年齡維度,0.0,女,遷出,合計,170
112,6,16,泰山區,,,,無年齡維度,0.0,男,遷出,合計,147
112,6,16,泰山區,,,,無年齡維度,0.0,女,遷出,國外,5
112,6,16,泰山區,,,,無年齡維度,0.0,男,遷出,國外,2
112,6,16,泰山區,,,,無年齡維度,0.0,女,遷出,新北市內,0
112,6,16,泰山區,,,,無年齡維度,0.0,男,遷出,新北市內,0
112,6,16,泰山區,,,,無年齡維度,0.0,女,遷出,桃園市,37
112,6,16,泰山區,,,,無年齡維度,0.0,男,遷出,桃園市,28
112,6,16,泰山區,,,,無年齡維度,0.0,女,遷出,福建省,2
112,6,16,泰山區,,,,無年齡維度,0.0,男,遷出,福建省,2
112,6,16,泰山區,,,,無年齡維度,0.0,女,遷出,臺中市,4
112,6,16,泰山區,,,,無年齡維度,0.0,男,遷出,臺中市,2
112,6,16,泰山區,,,,無年齡維度,0.0,女,遷出,臺北市,17
112,6,16,泰山區,,,,無年齡維度,0.0,男,遷出,臺北市,11
112,6,16,泰山區,,,,無年齡維度,0.0,女,遷出,臺南市,2
112,6,16,泰山區,,,,無年齡維度,0.0,男,遷出,臺南市,6
112,6,16,泰山區,,,,無年齡維度,0.0,女,遷出,臺灣省,20
112,6,16,泰山區,,,,無年齡維度,0.0,男,遷出,臺灣省,17
112,6,16,泰山區,,,,無年齡維度,0.0,女,遷出,高雄市,2
112,6,16,泰山區,,,,無年齡維度,0.0,男,遷出,高雄市,1
112,6,17,林口區,,,,無年齡維度,0.0,女,遷入,migrants,294
112,6,17,林口區,,,,無年齡維度,0.0,男,遷入,migrants,241
112,6,17,林口區,,,,無年齡維度,0.0,女,遷入,other,0
112,6,17,林口區,,,,無年齡維度,0.0,男,遷入,other,0
112,6,17,林口區,,,,無年齡維度,0.0,女,遷入,其他縣市,0
112,6,17,林口區,,,,無年齡維度,0.0,男,遷入,其他縣市,0
112,6,17,林口區,,,,無年齡維度,0.0,女,遷入,其他鄉鎮,103
112,6,17,林口區,,,,無年齡維度,0.0,男,遷入,其他鄉鎮,102
112,6,17,林口區,,,,無年齡維度,0.0,女,遷入,合計,458
112,6,17,林口區,,,,無年齡維度,0.0,男,遷入,合計,426
112,6,17,林口區,,,,無年齡維度,0.0,女,遷入,國外,90
112,6,17,林口區,,,,無年齡維度,0.0,男,遷入,國外,85
112,6,17,林口區,,,,無年齡維度,0.0,女,遷入,新北市內,0
112,6,17,林口區,,,,無年齡維度,0.0,男,遷入,新北市內,0
112,6,17,林口區,,,,無年齡維度,0.0,女,遷入,桃園市,98
112,6,17,林口區,,,,無年齡維度,0.0,男,遷入,桃園市,84
112,6,17,林口區,,,,無年齡維度,0.0,女,遷入,福建省,2
112,6,17,林口區,,,,無年齡維度,0.0,男,遷入,福建省,3
112,6,17,林口區,,,,無年齡維度,0.0,女,遷入,臺中市,9
112,6,17,林口區,,,,無年齡維度,0.0,男,遷入,臺中市,6
112,6,17,林口區,,,,無年齡維度,0.0,女,遷入,臺北市,97
112,6,17,林口區,,,,無年齡維度,0.0,男,遷入,臺北市,91
112,6,17,林口區,,,,無年齡維度,0.0,女,遷入,臺南市,5
112,6,17,林口區,,,,無年齡維度,0.0,男,遷入,臺南市,5
112,6,17,林口區,,,,無年齡維度,0.0,女,遷入,臺灣省,41
112,6,17,林口區,,,,無年齡維度,0.0,男,遷入,臺灣省,35
112,6,17,林口區,,,,無年齡維度,0.0,女,遷入,高雄市,6
112,6,17,林口區,,,,無年齡維度,0.0,男,遷入,高雄市,9
112,6,17,林口區,,,,無年齡維度,0.0,女,遷出,migrants,294
112,6,17,林口區,,,,無年齡維度,0.0,男,遷出,migrants,241
112,6,17,林口區,,,,無年齡維度,0.0,女,遷出,other,0
112,6,17,林口區,,,,無年齡維度,0.0,男,遷出,other,0
112,6,17,林口區,,,,無年齡維度,0.0,女,遷出,其他縣市,0
112,6,17,林口區,,,,無年齡維度,0.0,男,遷出,其他縣市,0
112,6,17,林口區,,,,無年齡維度,0.0,女,遷出,其他鄉鎮,70
112,6,17,林口區,,,,無年齡維度,0.0,男,遷出,其他鄉鎮,52
112,6,17,林口區,,,,無年齡維度,0.0,女,遷出,合計,304
112,6,17,林口區,,,,無年齡維度,0.0,男,遷出,合計,222
112,6,17,林口區,,,,無年齡維度,0.0,女,遷出,國外,10
112,6,17,林口區,,,,無年齡維度,0.0,男,遷出,國外,8
112,6,17,林口區,,,,無年齡維度,0.0,女,遷出,新北市內,0
112,6,17,林口區,,,,無年齡維度,0.0,男,遷出,新北市內,0
112,6,17,林口區,,,,無年齡維度,0.0,女,遷出,桃園市,128
112,6,17,林口區,,,,無年齡維度,0.0,男,遷出,桃園市,78
112,6,17,林口區,,,,無年齡維度,0.0,女,遷出,福建省,1
112,6,17,林口區,,,,無年齡維度,0.0,男,遷出,福建省,5
112,6,17,林口區,,,,無年齡維度,0.0,女,遷出,臺中市,20
112,6,17,林口區,,,,無年齡維度,0.0,男,遷出,臺中市,12
112,6,17,林口區,,,,無年齡維度,0.0,女,遷出,臺北市,47
112,6,17,林口區,,,,無年齡維度,0.0,男,遷出,臺北市,40
112,6,17,林口區,,,,無年齡維度,0.0,女,遷出,臺南市,4
112,6,17,林口區,,,,無年齡維度,0.0,男,遷出,臺南市,5
112,6,17,林口區,,,,無年齡維度,0.0,女,遷出,臺灣省,22
112,6,17,林口區,,,,無年齡維度,0.0,男,遷出,臺灣省,18
112,6,17,林口區,,,,無年齡維度,0.0,女,遷出,高雄市,2
112,6,17,林口區,,,,無年齡維度,0.0,男,遷出,高雄市,3
112,6,18,八里區,,,,無年齡維度,0.0,女,遷入,migrants,24
112,6,18,八里區,,,,無年齡維度,0.0,男,遷入,migrants,24
112,6,18,八里區,,,,無年齡維度,0.0,女,遷入,other,0
112,6,18,八里區,,,,無年齡維度,0.0,男,遷入,other,0
112,6,18,八里區,,,,無年齡維度,0.0,女,遷入,其他縣市,0
112,6,18,八里區,,,,無年齡維度,0.0,男,遷入,其他縣市,0
112,6,18,八里區,,,,無年齡維度,0.0,女,遷入,其他鄉鎮,8
112,6,18,八里區,,,,無年齡維度,0.0,男,遷入,其他鄉鎮,5
112,6,18,八里區,,,,無年齡維度,0.0,女,遷入,合計,55
112,6,18,八里區,,,,無年齡維度,0.0,男,遷入,合計,39
112,6,18,八里區,,,,無年齡維度,0.0,女,遷入,國外,17
112,6,18,八里區,,,,無年齡維度,0.0,男,遷入,國外,3
112,6,18,八里區,,,,無年齡維度,0.0,女,遷入,新北市內,0
112,6,18,八里區,,,,無年齡維度,0.0,男,遷入,新北市內,0
112,6,18,八里區,,,,無年齡維度,0.0,女,遷入,桃園市,2
112,6,18,八里區,,,,無年齡維度,0.0,男,遷入,桃園市,1
112,6,18,八里區,,,,無年齡維度,0.0,女,遷入,福建省,0
112,6,18,八里區,,,,無年齡維度,0.0,男,遷入,福建省,0
112,6,18,八里區,,,,無年齡維度,0.0,女,遷入,臺中市,2
112,6,18,八里區,,,,無年齡維度,0.0,男,遷入,臺中市,0
112,6,18,八里區,,,,無年齡維度,0.0,女,遷入,臺北市,20
112,6,18,八里區,,,,無年齡維度,0.0,男,遷入,臺北市,22
112,6,18,八里區,,,,無年齡維度,0.0,女,遷入,臺南市,1
112,6,18,八里區,,,,無年齡維度,0.0,男,遷入,臺南市,2
112,6,18,八里區,,,,無年齡維度,0.0,女,遷入,臺灣省,3
112,6,18,八里區,,,,無年齡維度,0.0,男,遷入,臺灣省,3
112,6,18,八里區,,,,無年齡維度,0.0,女,遷入,高雄市,1
112,6,18,八里區,,,,無年齡維度,0.0,男,遷入,高雄市,2
112,6,18,八里區,,,,無年齡維度,0.0,女,遷出,migrants,24
112,6,18,八里區,,,,無年齡維度,0.0,男,遷出,migrants,24
112,6,18,八里區,,,,無年齡維度,0.0,女,遷出,other,0
112,6,18,八里區,,,,無年齡維度,0.0,男,遷出,other,0
112,6,18,八里區,,,,無年齡維度,0.0,女,遷出,其他縣市,0
112,6,18,八里區,,,,無年齡維度,0.0,男,遷出,其他縣市,0
112,6,18,八里區,,,,無年齡維度,0.0,女,遷出,其他鄉鎮,10
112,6,18,八里區,,,,無年齡維度,0.0,男,遷出,其他鄉鎮,5
112,6,18,八里區,,,,無年齡維度,0.0,女,遷出,合計,38
112,6,18,八里區,,,,無年齡維度,0.0,男,遷出,合計,26
112,6,18,八里區,,,,無年齡維度,0.0,女,遷出,國外,3
112,6,18,八里區,,,,無年齡維度,0.0,男,遷出,國外,2
112,6,18,八里區,,,,無年齡維度,0.0,女,遷出,新北市內,0
112,6,18,八里區,,,,無年齡維度,0.0,男,遷出,新北市內,0
112,6,18,八里區,,,,無年齡維度,0.0,女,遷出,桃園市,4
112,6,18,八里區,,,,無年齡維度,0.0,男,遷出,桃園市,1
112,6,18,八里區,,,,無年齡維度,0.0,女,遷出,福建省,1
112,6,18,八里區,,,,無年齡維度,0.0,男,遷出,福建省,0
112,6,18,八里區,,,,無年齡維度,0.0,女,遷出,臺中市,2
112,6,18,八里區,,,,無年齡維度,0.0,男,遷出,臺中市,1
112,6,18,八里區,,,,無年齡維度,0.0,女,遷出,臺北市,13
112,6,18,八里區,,,,無年齡維度,0.0,男,遷出,臺北市,15
112,6,18,八里區,,,,無年齡維度,0.0,女,遷出,臺南市,1
112,6,18,八里區,,,,無年齡維度,0.0,男,遷出,臺南市,0
112,6,18,八里區,,,,無年齡維度,0.0,女,遷出,臺灣省,4
112,6,18,八里區,,,,無年齡維度,0.0,男,遷出,臺灣省,2
112,6,18,八里區,,,,無年齡維度,0.0,女,遷出,高雄市,0
112,6,18,八里區,,,,無年齡維度,0.0,男,遷出,高雄市,0
112,6,19,深坑區,,,,無年齡維度,0.0,女,遷入,migrants,1
112,6,19,深坑區,,,,無年齡維度,0.0,男,遷入,migrants,1
112,6,19,深坑區,,,,無年齡維度,0.0,女,遷入,other,0
112,6,19,深坑區,,,,無年齡維度,0.0,男,遷入,other,0
112,6,19,深坑區,,,,無年齡維度,0.0,女,遷入,其他縣市,0
112,6,19,深坑區,,,,無年齡維度,0.0,男,遷入,其他縣市,0
112,6,19,深坑區,,,,無年齡維度,0.0,女,遷入,其他鄉鎮,7
112,6,19,深坑區,,,,無年齡維度,0.0,男,遷入,其他鄉鎮,5
112,6,19,深坑區,,,,無年齡維度,0.0,女,遷入,合計,17
112,6,19,深坑區,,,,無年齡維度,0.0,男,遷入,合計,16
112,6,19,深坑區,,,,無年齡維度,0.0,女,遷入,國外,4
112,6,19,深坑區,,,,無年齡維度,0.0,男,遷入,國外,6
112,6,19,深坑區,,,,無年齡維度,0.0,女,遷入,新北市內,0
112,6,19,深坑區,,,,無年齡維度,0.0,男,遷入,新北市內,0
112,6,19,深坑區,,,,無年齡維度,0.0,女,遷入,桃園市,0
112,6,19,深坑區,,,,無年齡維度,0.0,男,遷入,桃園市,1
112,6,19,深坑區,,,,無年齡維度,0.0,女,遷入,福建省,0
112,6,19,深坑區,,,,無年齡維度,0.0,男,遷入,福建省,0
112,6,19,深坑區,,,,無年齡維度,0.0,女,遷入,臺中市,0
112,6,19,深坑區,,,,無年齡維度,0.0,男,遷入,臺中市,0
112,6,19,深坑區,,,,無年齡維度,0.0,女,遷入,臺北市,6
112,6,19,深坑區,,,,無年齡維度,0.0,男,遷入,臺北市,2
112,6,19,深坑區,,,,無年齡維度,0.0,女,遷入,臺南市,0
112,6,19,深坑區,,,,無年齡維度,0.0,男,遷入,臺南市,1
112,6,19,深坑區,,,,無年齡維度,0.0,女,遷入,臺灣省,0
112,6,19,深坑區,,,,無年齡維度,0.0,男,遷入,臺灣省,1
112,6,19,深坑區,,,,無年齡維度,0.0,女,遷入,高雄市,0
112,6,19,深坑區,,,,無年齡維度,0.0,男,遷入,高雄市,0
112,6,19,深坑區,,,,無年齡維度,0.0,女,遷出,migrants,1
112,6,19,深坑區,,,,無年齡維度,0.0,男,遷出,migrants,1
112,6,19,深坑區,,,,無年齡維度,0.0,女,遷出,other,0
112,6,19,深坑區,,,,無年齡維度,0.0,男,遷出,other,0
112,6,19,深坑區,,,,無年齡維度,0.0,女,遷出,其他縣市,0
112,6,19,深坑區,,,,無年齡維度,0.0,男,遷出,其他縣市,0
112,6,19,深坑區,,,,無年齡維度,0.0,女,遷出,其他鄉鎮,11
112,6,19,深坑區,,,,無年齡維度,0.0,男,遷出,其他鄉鎮,3
112,6,19,深坑區,,,,無年齡維度,0.0,女,遷出,合計,22
112,6,19,深坑區,,,,無年齡維度,0.0,男,遷出,合計,9
112,6,19,深坑區,,,,無年齡維度,0.0,女,遷出,國外,1
112,6,19,深坑區,,,,無年齡維度,0.0,男,遷出,國外,2
112,6,19,深坑區,,,,無年齡維度,0.0,女,遷出,新北市內,0
112,6,19,深坑區,,,,無年齡維度,0.0,男,遷出,新北市內,0
112,6,19,深坑區,,,,無年齡維度,0.0,女,遷出,桃園市,0
112,6,19,深坑區,,,,無年齡維度,0.0,男,遷出,桃園市,1
112,6,19,深坑區,,,,無年齡維度,0.0,女,遷出,福建省,0
112,6,19,深坑區,,,,無年齡維度,0.0,男,遷出,福建省,0
112,6,19,深坑區,,,,無年齡維度,0.0,女,遷出,臺中市,2
112,6,19,深坑區,,,,無年齡維度,0.0,男,遷出,臺中市,2
112,6,19,深坑區,,,,無年齡維度,0.0,女,遷出,臺北市,4
112,6,19,深坑區,,,,無年齡維度,0.0,男,遷出,臺北市,1
112,6,19,深坑區,,,,無年齡維度,0.0,女,遷出,臺南市,1
112,6,19,深坑區,,,,無年齡維度,0.0,男,遷出,臺南市,0
112,6,19,深坑區,,,,無年齡維度,0.0,女,遷出,臺灣省,3
112,6,19,深坑區,,,,無年齡維度,0.0,男,遷出,臺灣省,0
112,6,19,深坑區,,,,無年齡維度,0.0,女,遷出,高雄市,0
112,6,19,深坑區,,,,無年齡維度,0.0,男,遷出,高雄市,0
112,6,20,石碇區,,,,無年齡維度,0.0,女,遷入,migrants,1
112,6,20,石碇區,,,,無年齡維度,0.0,男,遷入,migrants,2
112,6,20,石碇區,,,,無年齡維度,0.0,女,遷入,other,0
112,6,20,石碇區,,,,無年齡維度,0.0,男,遷入,other,0
112,6,20,石碇區,,,,無年齡維度,0.0,女,遷入,其他縣市,0
112,6,20,石碇區,,,,無年齡維度,0.0,男,遷入,其他縣市,0
112,6,20,石碇區,,,,無年齡維度,0.0,女,遷入,其他鄉鎮,4
112,6,20,石碇區,,,,無年齡維度,0.0,男,遷入,其他鄉鎮,5
112,6,20,石碇區,,,,無年齡維度,0.0,女,遷入,合計,7
112,6,20,石碇區,,,,無年齡維度,0.0,男,遷入,合計,10
112,6,20,石碇區,,,,無年齡維度,0.0,女,遷入,國外,0
112,6,20,石碇區,,,,無年齡維度,0.0,男,遷入,國外,1
112,6,20,石碇區,,,,無年齡維度,0.0,女,遷入,新北市內,0
112,6,20,石碇區,,,,無年齡維度,0.0,男,遷入,新北市內,0
112,6,20,石碇區,,,,無年齡維度,0.0,女,遷入,桃園市,0
112,6,20,石碇區,,,,無年齡維度,0.0,男,遷入,桃園市,0
112,6,20,石碇區,,,,無年齡維度,0.0,女,遷入,福建省,0
112,6,20,石碇區,,,,無年齡維度,0.0,男,遷入,福建省,0
112,6,20,石碇區,,,,無年齡維度,0.0,女,遷入,臺中市,2
112,6,20,石碇區,,,,無年齡維度,0.0,男,遷入,臺中市,0
112,6,20,石碇區,,,,無年齡維度,0.0,女,遷入,臺北市,1
112,6,20,石碇區,,,,無年齡維度,0.0,男,遷入,臺北市,4
112,6,20,石碇區,,,,無年齡維度,0.0,女,遷入,臺南市,0
112,6,20,石碇區,,,,無年齡維度,0.0,男,遷入,臺南市,0
112,6,20,石碇區,,,,無年齡維度,0.0,女,遷入,臺灣省,0
112,6,20,石碇區,,,,無年齡維度,0.0,男,遷入,臺灣省,0
112,6,20,石碇區,,,,無年齡維度,0.0,女,遷入,高雄市,0
112,6,20,石碇區,,,,無年齡維度,0.0,男,遷入,高雄市,0
112,6,20,石碇區,,,,無年齡維度,0.0,女,遷出,migrants,1
112,6,20,石碇區,,,,無年齡維度,0.0,男,遷出,migrants,2
112,6,20,石碇區,,,,無年齡維度,0.0,女,遷出,other,0
112,6,20,石碇區,,,,無年齡維度,0.0,男,遷出,other,0
112,6,20,石碇區,,,,無年齡維度,0.0,女,遷出,其他縣市,0
112,6,20,石碇區,,,,無年齡維度,0.0,男,遷出,其他縣市,0
112,6,20,石碇區,,,,無年齡維度,0.0,女,遷出,其他鄉鎮,1
112,6,20,石碇區,,,,無年齡維度,0.0,男,遷出,其他鄉鎮,0
112,6,20,石碇區,,,,無年齡維度,0.0,女,遷出,合計,3
112,6,20,石碇區,,,,無年齡維度,0.0,男,遷出,合計,4
112,6,20,石碇區,,,,無年齡維度,0.0,女,遷出,國外,0
112,6,20,石碇區,,,,無年齡維度,0.0,男,遷出,國外,0
112,6,20,石碇區,,,,無年齡維度,0.0,女,遷出,新北市內,0
112,6,20,石碇區,,,,無年齡維度,0.0,男,遷出,新北市內,0
112,6,20,石碇區,,,,無年齡維度,0.0,女,遷出,桃園市,0
112,6,20,石碇區,,,,無年齡維度,0.0,男,遷出,桃園市,1
112,6,20,石碇區,,,,無年齡維度,0.0,女,遷出,福建省,0
112,6,20,石碇區,,,,無年齡維度,0.0,男,遷出,福建省,1
112,6,20,石碇區,,,,無年齡維度,0.0,女,遷出,臺中市,0
112,6,20,石碇區,,,,無年齡維度,0.0,男,遷出,臺中市,0
112,6,20,石碇區,,,,無年齡維度,0.0,女,遷出,臺北市,2
112,6,20,石碇區,,,,無年齡維度,0.0,男,遷出,臺北市,1
112,6,20,石碇區,,,,無年齡維度,0.0,女,遷出,臺南市,0
112,6,20,石碇區,,,,無年齡維度,0.0,男,遷出,臺南市,0
112,6,20,石碇區,,,,無年齡維度,0.0,女,遷出,臺灣省,0
112,6,20,石碇區,,,,無年齡維度,0.0,男,遷出,臺灣省,1
112,6,20,石碇區,,,,無年齡維度,0.0,女,遷出,高雄市,0
112,6,20,石碇區,,,,無年齡維度,0.0,男,遷出,高雄市,0
112,6,21,坪林區,,,,無年齡維度,0.0,女,遷入,migrants,17
112,6,21,坪林區,,,,無年齡維度,0.0,男,遷入,migrants,11
112,6,21,坪林區,,,,無年齡維度,0.0,女,遷入,other,0
112,6,21,坪林區,,,,無年齡維度,0.0,男,遷入,other,0
112,6,21,坪林區,,,,無年齡維度,0.0,女,遷入,其他縣市,0
112,6,21,坪林區,,,,無年齡維度,0.0,男,遷入,其他縣市,0
112,6,21,坪林區,,,,無年齡維度,0.0,女,遷入,其他鄉鎮,22
112,6,21,坪林區,,,,無年齡維度,0.0,男,遷入,其他鄉鎮,25
112,6,21,坪林區,,,,無年齡維度,0.0,女,遷入,合計,41
112,6,21,坪林區,,,,無年齡維度,0.0,男,遷入,合計,39
112,6,21,坪林區,,,,無年齡維度,0.0,女,遷入,國外,7
112,6,21,坪林區,,,,無年齡維度,0.0,男,遷入,國外,5
112,6,21,坪林區,,,,無年齡維度,0.0,女,遷入,新北市內,0
112,6,21,坪林區,,,,無年齡維度,0.0,男,遷入,新北市內,0
112,6,21,坪林區,,,,無年齡維度,0.0,女,遷入,桃園市,2
112,6,21,坪林區,,,,無年齡維度,0.0,男,遷入,桃園市,1
112,6,21,坪林區,,,,無年齡維度,0.0,女,遷入,福建省,1
112,6,21,坪林區,,,,無年齡維度,0.0,男,遷入,福建省,0
112,6,21,坪林區,,,,無年齡維度,0.0,女,遷入,臺中市,1
112,6,21,坪林區,,,,無年齡維度,0.0,男,遷入,臺中市,0
112,6,21,坪林區,,,,無年齡維度,0.0,女,遷入,臺北市,6
112,6,21,坪林區,,,,無年齡維度,0.0,男,遷入,臺北市,4
112,6,21,坪林區,,,,無年齡維度,0.0,女,遷入,臺南市,0
112,6,21,坪林區,,,,無年齡維度,0.0,男,遷入,臺南市,0
112,6,21,坪林區,,,,無年齡維度,0.0,女,遷入,臺灣省,2
112,6,21,坪林區,,,,無年齡維度,0.0,男,遷入,臺灣省,3
112,6,21,坪林區,,,,無年齡維度,0.0,女,遷入,高雄市,0
112,6,21,坪林區,,,,無年齡維度,0.0,男,遷入,高雄市,0
112,6,21,坪林區,,,,無年齡維度,0.0,女,遷出,migrants,17
112,6,21,坪林區,,,,無年齡維度,0.0,男,遷出,migrants,11
112,6,21,坪林區,,,,無年齡維度,0.0,女,遷出,other,0
112,6,21,坪林區,,,,無年齡維度,0.0,男,遷出,other,0
112,6,21,坪林區,,,,無年齡維度,0.0,女,遷出,其他縣市,0
112,6,21,坪林區,,,,無年齡維度,0.0,男,遷出,其他縣市,0
112,6,21,坪林區,,,,無年齡維度,0.0,女,遷出,其他鄉鎮,28
112,6,21,坪林區,,,,無年齡維度,0.0,男,遷出,其他鄉鎮,13
112,6,21,坪林區,,,,無年齡維度,0.0,女,遷出,合計,52
112,6,21,坪林區,,,,無年齡維度,0.0,男,遷出,合計,25
112,6,21,坪林區,,,,無年齡維度,0.0,女,遷出,國外,0
112,6,21,坪林區,,,,無年齡維度,0.0,男,遷出,國外,1
112,6,21,坪林區,,,,無年齡維度,0.0,女,遷出,新北市內,0
112,6,21,坪林區,,,,無年齡維度,0.0,男,遷出,新北市內,0
112,6,21,坪林區,,,,無年齡維度,0.0,女,遷出,桃園市,2
112,6,21,坪林區,,,,無年齡維度,0.0,男,遷出,桃園市,2
112,6,21,坪林區,,,,無年齡維度,0.0,女,遷出,福建省,0
112,6,21,坪林區,,,,無年齡維度,0.0,男,遷出,福建省,0
112,6,21,坪林區,,,,無年齡維度,0.0,女,遷出,臺中市,0
112,6,21,坪林區,,,,無年齡維度,0.0,男,遷出,臺中市,0
112,6,21,坪林區,,,,無年齡維度,0.0,女,遷出,臺北市,16
112,6,21,坪林區,,,,無年齡維度,0.0,男,遷出,臺北市,5
112,6,21,坪林區,,,,無年齡維度,0.0,女,遷出,臺南市,0
112,6,21,坪林區,,,,無年齡維度,0.0,男,遷出,臺南市,0
112,6,21,坪林區,,,,無年齡維度,0.0,女,遷出,臺灣省,4
112,6,21,坪林區,,,,無年齡維度,0.0,男,遷出,臺灣省,2
112,6,21,坪林區,,,,無年齡維度,0.0,女,遷出,高雄市,2
112,6,21,坪林區,,,,無年齡維度,0.0,男,遷出,高雄市,2
112,6,22,三芝區,,,,無年齡維度,0.0,女,遷入,migrants,3
112,6,22,三芝區,,,,無年齡維度,0.0,男,遷入,migrants,3
112,6,22,三芝區,,,,無年齡維度,0.0,女,遷入,other,0
112,6,22,三芝區,,,,無年齡維度,0.0,男,遷入,other,0
112,6,22,三芝區,,,,無年齡維度,0.0,女,遷入,其他縣市,0
112,6,22,三芝區,,,,無年齡維度,0.0,男,遷入,其他縣市,0
112,6,22,三芝區,,,,無年齡維度,0.0,女,遷入,其他鄉鎮,4
112,6,22,三芝區,,,,無年齡維度,0.0,男,遷入,其他鄉鎮,4
112,6,22,三芝區,,,,無年齡維度,0.0,女,遷入,合計,10
112,6,22,三芝區,,,,無年齡維度,0.0,男,遷入,合計,11
112,6,22,三芝區,,,,無年齡維度,0.0,女,遷入,國外,2
112,6,22,三芝區,,,,無年齡維度,0.0,男,遷入,國外,6
112,6,22,三芝區,,,,無年齡維度,0.0,女,遷入,新北市內,0
112,6,22,三芝區,,,,無年齡維度,0.0,男,遷入,新北市內,0
112,6,22,三芝區,,,,無年齡維度,0.0,女,遷入,桃園市,0
112,6,22,三芝區,,,,無年齡維度,0.0,男,遷入,桃園市,0
112,6,22,三芝區,,,,無年齡維度,0.0,女,遷入,福建省,0
112,6,22,三芝區,,,,無年齡維度,0.0,男,遷入,福建省,0
112,6,22,三芝區,,,,無年齡維度,0.0,女,遷入,臺中市,0
112,6,22,三芝區,,,,無年齡維度,0.0,男,遷入,臺中市,0
112,6,22,三芝區,,,,無年齡維度,0.0,女,遷入,臺北市,0
112,6,22,三芝區,,,,無年齡維度,0.0,男,遷入,臺北市,0
112,6,22,三芝區,,,,無年齡維度,0.0,女,遷入,臺南市,0
112,6,22,三芝區,,,,無年齡維度,0.0,男,遷入,臺南市,0
112,6,22,三芝區,,,,無年齡維度,0.0,女,遷入,臺灣省,2
112,6,22,三芝區,,,,無年齡維度,0.0,男,遷入,臺灣省,1
112,6,22,三芝區,,,,無年齡維度,0.0,女,遷入,高雄市,2
112,6,22,三芝區,,,,無年齡維度,0.0,男,遷入,高雄市,0
112,6,22,三芝區,,,,無年齡維度,0.0,女,遷出,migrants,3
112,6,22,三芝區,,,,無年齡維度,0.0,男,遷出,migrants,3
112,6,22,三芝區,,,,無年齡維度,0.0,女,遷出,other,0
112,6,22,三芝區,,,,無年齡維度,0.0,男,遷出,other,0
112,6,22,三芝區,,,,無年齡維度,0.0,女,遷出,其他縣市,0
112,6,22,三芝區,,,,無年齡維度,0.0,男,遷出,其他縣市,0
112,6,22,三芝區,,,,無年齡維度,0.0,女,遷出,其他鄉鎮,12
112,6,22,三芝區,,,,無年齡維度,0.0,男,遷出,其他鄉鎮,9
112,6,22,三芝區,,,,無年齡維度,0.0,女,遷出,合計,24
112,6,22,三芝區,,,,無年齡維度,0.0,男,遷出,合計,18
112,6,22,三芝區,,,,無年齡維度,0.0,女,遷出,國外,0
112,6,22,三芝區,,,,無年齡維度,0.0,男,遷出,國外,0
112,6,22,三芝區,,,,無年齡維度,0.0,女,遷出,新北市內,0
112,6,22,三芝區,,,,無年齡維度,0.0,男,遷出,新北市內,0
112,6,22,三芝區,,,,無年齡維度,0.0,女,遷出,桃園市,3
112,6,22,三芝區,,,,無年齡維度,0.0,男,遷出,桃園市,3
112,6,22,三芝區,,,,無年齡維度,0.0,女,遷出,福建省,0
112,6,22,三芝區,,,,無年齡維度,0.0,男,遷出,福建省,0
112,6,22,三芝區,,,,無年齡維度,0.0,女,遷出,臺中市,1
112,6,22,三芝區,,,,無年齡維度,0.0,男,遷出,臺中市,2
112,6,22,三芝區,,,,無年齡維度,0.0,女,遷出,臺北市,4
112,6,22,三芝區,,,,無年齡維度,0.0,男,遷出,臺北市,3
112,6,22,三芝區,,,,無年齡維度,0.0,女,遷出,臺南市,0
112,6,22,三芝區,,,,無年齡維度,0.0,男,遷出,臺南市,1
112,6,22,三芝區,,,,無年齡維度,0.0,女,遷出,臺灣省,2
112,6,22,三芝區,,,,無年齡維度,0.0,男,遷出,臺灣省,0
112,6,22,三芝區,,,,無年齡維度,0.0,女,遷出,高雄市,2
112,6,22,三芝區,,,,無年齡維度,0.0,男,遷出,高雄市,0
112,6,23,石門區,,,,無年齡維度,0.0,女,遷入,migrants,58
112,6,23,石門區,,,,無年齡維度,0.0,男,遷入,migrants,52
112,6,23,石門區,,,,無年齡維度,0.0,女,遷入,other,0
112,6,23,石門區,,,,無年齡維度,0.0,男,遷入,other,0
112,6,23,石門區,,,,無年齡維度,0.0,女,遷入,其他縣市,0
112,6,23,石門區,,,,無年齡維度,0.0,男,遷入,其他縣市,0
112,6,23,石門區,,,,無年齡維度,0.0,女,遷入,其他鄉鎮,39
112,6,23,石門區,,,,無年齡維度,0.0,男,遷入,其他鄉鎮,53
112,6,23,石門區,,,,無年齡維度,0.0,女,遷入,合計,105
112,6,23,石門區,,,,無年齡維度,0.0,男,遷入,合計,113
112,6,23,石門區,,,,無年齡維度,0.0,女,遷入,國外,29
112,6,23,石門區,,,,無年齡維度,0.0,男,遷入,國外,19
112,6,23,石門區,,,,無年齡維度,0.0,女,遷入,新北市內,0
112,6,23,石門區,,,,無年齡維度,0.0,男,遷入,新北市內,0
112,6,23,石門區,,,,無年齡維度,0.0,女,遷入,桃園市,7
112,6,23,石門區,,,,無年齡維度,0.0,男,遷入,桃園市,5
112,6,23,石門區,,,,無年齡維度,0.0,女,遷入,福建省,0
112,6,23,石門區,,,,無年齡維度,0.0,男,遷入,福建省,1
112,6,23,石門區,,,,無年齡維度,0.0,女,遷入,臺中市,1
112,6,23,石門區,,,,無年齡維度,0.0,男,遷入,臺中市,1
112,6,23,石門區,,,,無年齡維度,0.0,女,遷入,臺北市,19
112,6,23,石門區,,,,無年齡維度,0.0,男,遷入,臺北市,28
112,6,23,石門區,,,,無年齡維度,0.0,女,遷入,臺南市,1
112,6,23,石門區,,,,無年齡維度,0.0,男,遷入,臺南市,0
112,6,23,石門區,,,,無年齡維度,0.0,女,遷入,臺灣省,4
112,6,23,石門區,,,,無年齡維度,0.0,男,遷入,臺灣省,5
112,6,23,石門區,,,,無年齡維度,0.0,女,遷入,高雄市,3
112,6,23,石門區,,,,無年齡維度,0.0,男,遷入,高雄市,1
112,6,23,石門區,,,,無年齡維度,0.0,女,遷出,migrants,58
112,6,23,石門區,,,,無年齡維度,0.0,男,遷出,migrants,52
112,6,23,石門區,,,,無年齡維度,0.0,女,遷出,other,0
112,6,23,石門區,,,,無年齡維度,0.0,男,遷出,other,0
112,6,23,石門區,,,,無年齡維度,0.0,女,遷出,其他縣市,0
112,6,23,石門區,,,,無年齡維度,0.0,男,遷出,其他縣市,0
112,6,23,石門區,,,,無年齡維度,0.0,女,遷出,其他鄉鎮,40
112,6,23,石門區,,,,無年齡維度,0.0,男,遷出,其他鄉鎮,23
112,6,23,石門區,,,,無年齡維度,0.0,女,遷出,合計,87
112,6,23,石門區,,,,無年齡維度,0.0,男,遷出,合計,64
112,6,23,石門區,,,,無年齡維度,0.0,女,遷出,國外,3
112,6,23,石門區,,,,無年齡維度,0.0,男,遷出,國外,1
112,6,23,石門區,,,,無年齡維度,0.0,女,遷出,新北市內,0
112,6,23,石門區,,,,無年齡維度,0.0,男,遷出,新北市內,0
112,6,23,石門區,,,,無年齡維度,0.0,女,遷出,桃園市,2
112,6,23,石門區,,,,無年齡維度,0.0,男,遷出,桃園市,10
112,6,23,石門區,,,,無年齡維度,0.0,女,遷出,福建省,0
112,6,23,石門區,,,,無年齡維度,0.0,男,遷出,福建省,2
112,6,23,石門區,,,,無年齡維度,0.0,女,遷出,臺中市,2
112,6,23,石門區,,,,無年齡維度,0.0,男,遷出,臺中市,4
112,6,23,石門區,,,,無年齡維度,0.0,女,遷出,臺北市,26
112,6,23,石門區,,,,無年齡維度,0.0,男,遷出,臺北市,19
112,6,23,石門區,,,,無年齡維度,0.0,女,遷出,臺南市,2
112,6,23,石門區,,,,無年齡維度,0.0,男,遷出,臺南市,0
112,6,23,石門區,,,,無年齡維度,0.0,女,遷出,臺灣省,11
112,6,23,石門區,,,,無年齡維度,0.0,男,遷出,臺灣省,5
112,6,23,石門區,,,,無年齡維度,0.0,女,遷出,高雄市,1
112,6,23,石門區,,,,無年齡維度,0.0,男,遷出,高雄市,0
112,6,24,金山區,,,,無年齡維度,0.0,女,遷入,migrants,0
112,6,24,金山區,,,,無年齡維度,0.0,男,遷入,migrants,0
112,6,24,金山區,,,,無年齡維度,0.0,女,遷入,other,0
112,6,24,金山區,,,,無年齡維度,0.0,男,遷入,other,0
112,6,24,金山區,,,,無年齡維度,0.0,女,遷入,其他縣市,0
112,6,24,金山區,,,,無年齡維度,0.0,男,遷入,其他縣市,0
112,6,24,金山區,,,,無年齡維度,0.0,女,遷入,其他鄉鎮,5
112,6,24,金山區,,,,無年齡維度,0.0,男,遷入,其他鄉鎮,3
112,6,24,金山區,,,,無年齡維度,0.0,女,遷入,合計,6
112,6,24,金山區,,,,無年齡維度,0.0,男,遷入,合計,8
112,6,24,金山區,,,,無年齡維度,0.0,女,遷入,國外,0
112,6,24,金山區,,,,無年齡維度,0.0,男,遷入,國外,1
112,6,24,金山區,,,,無年齡維度,0.0,女,遷入,新北市內,0
112,6,24,金山區,,,,無年齡維度,0.0,男,遷入,新北市內,0
112,6,24,金山區,,,,無年齡維度,0.0,女,遷入,桃園市,0
112,6,24,金山區,,,,無年齡維度,0.0,男,遷入,桃園市,2
112,6,24,金山區,,,,無年齡維度,0.0,女,遷入,福建省,0
112,6,24,金山區,,,,無年齡維度,0.0,男,遷入,福建省,1
112,6,24,金山區,,,,無年齡維度,0.0,女,遷入,臺中市,0
112,6,24,金山區,,,,無年齡維度,0.0,男,遷入,臺中市,0
112,6,24,金山區,,,,無年齡維度,0.0,女,遷入,臺北市,0
112,6,24,金山區,,,,無年齡維度,0.0,男,遷入,臺北市,0
112,6,24,金山區,,,,無年齡維度,0.0,女,遷入,臺南市,0
112,6,24,金山區,,,,無年齡維度,0.0,男,遷入,臺南市,0
112,6,24,金山區,,,,無年齡維度,0.0,女,遷入,臺灣省,0
112,6,24,金山區,,,,無年齡維度,0.0,男,遷入,臺灣省,1
112,6,24,金山區,,,,無年齡維度,0.0,女,遷入,高雄市,0
112,6,24,金山區,,,,無年齡維度,0.0,男,遷入,高雄市,0
112,6,24,金山區,,,,無年齡維度,0.0,女,遷出,migrants,0
112,6,24,金山區,,,,無年齡維度,0.0,男,遷出,migrants,0
112,6,24,金山區,,,,無年齡維度,0.0,女,遷出,other,0
112,6,24,金山區,,,,無年齡維度,0.0,男,遷出,other,0
112,6,24,金山區,,,,無年齡維度,0.0,女,遷出,其他縣市,0
112,6,24,金山區,,,,無年齡維度,0.0,男,遷出,其他縣市,0
112,6,24,金山區,,,,無年齡維度,0.0,女,遷出,其他鄉鎮,4
112,6,24,金山區,,,,無年齡維度,0.0,男,遷出,其他鄉鎮,3
112,6,24,金山區,,,,無年齡維度,0.0,女,遷出,合計,5
112,6,24,金山區,,,,無年齡維度,0.0,男,遷出,合計,4
112,6,24,金山區,,,,無年齡維度,0.0,女,遷出,國外,0
112,6,24,金山區,,,,無年齡維度,0.0,男,遷出,國外,0
112,6,24,金山區,,,,無年齡維度,0.0,女,遷出,新北市內,0
112,6,24,金山區,,,,無年齡維度,0.0,男,遷出,新北市內,0
112,6,24,金山區,,,,無年齡維度,0.0,女,遷出,桃園市,1
112,6,24,金山區,,,,無年齡維度,0.0,男,遷出,桃園市,1
112,6,24,金山區,,,,無年齡維度,0.0,女,遷出,福建省,0
112,6,24,金山區,,,,無年齡維度,0.0,男,遷出,福建省,0
112,6,24,金山區,,,,無年齡維度,0.0,女,遷出,臺中市,0
112,6,24,金山區,,,,無年齡維度,0.0,男,遷出,臺中市,0
112,6,24,金山區,,,,無年齡維度,0.0,女,遷出,臺北市,0
112,6,24,金山區,,,,無年齡維度,0.0,男,遷出,臺北市,0
112,6,24,金山區,,,,無年齡維度,0.0,女,遷出,臺南市,0
112,6,24,金山區,,,,無年齡維度,0.0,男,遷出,臺南市,0
112,6,24,金山區,,,,無年齡維度,0.0,女,遷出,臺灣省,0
112,6,24,金山區,,,,無年齡維度,0.0,男,遷出,臺灣省,0
112,6,24,金山區,,,,無年齡維度,0.0,女,遷出,高雄市,0
112,6,24,金山區,,,,無年齡維度,0.0,男,遷出,高雄市,0
112,6,25,萬里區,,,,無年齡維度,0.0,女,遷入,migrants,2
112,6,25,萬里區,,,,無年齡維度,0.0,男,遷入,migrants,3
112,6,25,萬里區,,,,無年齡維度,0.0,女,遷入,other,0
112,6,25,萬里區,,,,無年齡維度,0.0,男,遷入,other,0
112,6,25,萬里區,,,,無年齡維度,0.0,女,遷入,其他縣市,0
112,6,25,萬里區,,,,無年齡維度,0.0,男,遷入,其他縣市,0
112,6,25,萬里區,,,,無年齡維度,0.0,女,遷入,其他鄉鎮,4
112,6,25,萬里區,,,,無年齡維度,0.0,男,遷入,其他鄉鎮,3
112,6,25,萬里區,,,,無年齡維度,0.0,女,遷入,合計,8
112,6,25,萬里區,,,,無年齡維度,0.0,男,遷入,合計,8
112,6,25,萬里區,,,,無年齡維度,0.0,女,遷入,國外,2
112,6,25,萬里區,,,,無年齡維度,0.0,男,遷入,國外,2
112,6,25,萬里區,,,,無年齡維度,0.0,女,遷入,新北市內,0
112,6,25,萬里區,,,,無年齡維度,0.0,男,遷入,新北市內,0
112,6,25,萬里區,,,,無年齡維度,0.0,女,遷入,桃園市,0
112,6,25,萬里區,,,,無年齡維度,0.0,男,遷入,桃園市,0
112,6,25,萬里區,,,,無年齡維度,0.0,女,遷入,福建省,0
112,6,25,萬里區,,,,無年齡維度,0.0,男,遷入,福建省,0
112,6,25,萬里區,,,,無年齡維度,0.0,女,遷入,臺中市,0
112,6,25,萬里區,,,,無年齡維度,0.0,男,遷入,臺中市,0
112,6,25,萬里區,,,,無年齡維度,0.0,女,遷入,臺北市,0
112,6,25,萬里區,,,,無年齡維度,0.0,男,遷入,臺北市,0
112,6,25,萬里區,,,,無年齡維度,0.0,女,遷入,臺南市,0
112,6,25,萬里區,,,,無年齡維度,0.0,男,遷入,臺南市,0
112,6,25,萬里區,,,,無年齡維度,0.0,女,遷入,臺灣省,2
112,6,25,萬里區,,,,無年齡維度,0.0,男,遷入,臺灣省,3
112,6,25,萬里區,,,,無年齡維度,0.0,女,遷入,高雄市,0
112,6,25,萬里區,,,,無年齡維度,0.0,男,遷入,高雄市,0
112,6,25,萬里區,,,,無年齡維度,0.0,女,遷出,migrants,2
112,6,25,萬里區,,,,無年齡維度,0.0,男,遷出,migrants,3
112,6,25,萬里區,,,,無年齡維度,0.0,女,遷出,other,0
112,6,25,萬里區,,,,無年齡維度,0.0,男,遷出,other,0
112,6,25,萬里區,,,,無年齡維度,0.0,女,遷出,其他縣市,0
112,6,25,萬里區,,,,無年齡維度,0.0,男,遷出,其他縣市,0
112,6,25,萬里區,,,,無年齡維度,0.0,女,遷出,其他鄉鎮,7
112,6,25,萬里區,,,,無年齡維度,0.0,男,遷出,其他鄉鎮,5
112,6,25,萬里區,,,,無年齡維度,0.0,女,遷出,合計,9
112,6,25,萬里區,,,,無年齡維度,0.0,男,遷出,合計,10
112,6,25,萬里區,,,,無年齡維度,0.0,女,遷出,國外,0
112,6,25,萬里區,,,,無年齡維度,0.0,男,遷出,國外,0
112,6,25,萬里區,,,,無年齡維度,0.0,女,遷出,新北市內,0
112,6,25,萬里區,,,,無年齡維度,0.0,男,遷出,新北市內,0
112,6,25,萬里區,,,,無年齡維度,0.0,女,遷出,桃園市,1
112,6,25,萬里區,,,,無年齡維度,0.0,男,遷出,桃園市,0
112,6,25,萬里區,,,,無年齡維度,0.0,女,遷出,福建省,0
112,6,25,萬里區,,,,無年齡維度,0.0,男,遷出,福建省,0
112,6,25,萬里區,,,,無年齡維度,0.0,女,遷出,臺中市,0
112,6,25,萬里區,,,,無年齡維度,0.0,男,遷出,臺中市,1
112,6,25,萬里區,,,,無年齡維度,0.0,女,遷出,臺北市,0
112,6,25,萬里區,,,,無年齡維度,0.0,男,遷出,臺北市,0
112,6,25,萬里區,,,,無年齡維度,0.0,女,遷出,臺南市,0
112,6,25,萬里區,,,,無年齡維度,0.0,男,遷出,臺南市,0
112,6,25,萬里區,,,,無年齡維度,0.0,女,遷出,臺灣省,1
112,6,25,萬里區,,,,無年齡維度,0.0,男,遷出,臺灣省,4
112,6,25,萬里區,,,,無年齡維度,0.0,女,遷出,高雄市,0
112,6,25,萬里區,,,,無年齡維度,0.0,男,遷出,高雄市,0
112,6,26,平溪區,,,,無年齡維度,0.0,女,遷入,migrants,1
112,6,26,平溪區,,,,無年齡維度,0.0,男,遷入,migrants,1
112,6,26,平溪區,,,,無年齡維度,0.0,女,遷入,other,0
112,6,26,平溪區,,,,無年齡維度,0.0,男,遷入,other,0
112,6,26,平溪區,,,,無年齡維度,0.0,女,遷入,其他縣市,0
112,6,26,平溪區,,,,無年齡維度,0.0,男,遷入,其他縣市,0
112,6,26,平溪區,,,,無年齡維度,0.0,女,遷入,其他鄉鎮,4
112,6,26,平溪區,,,,無年齡維度,0.0,男,遷入,其他鄉鎮,4
112,6,26,平溪區,,,,無年齡維度,0.0,女,遷入,合計,13
112,6,26,平溪區,,,,無年齡維度,0.0,男,遷入,合計,8
112,6,26,平溪區,,,,無年齡維度,0.0,女,遷入,國外,1
112,6,26,平溪區,,,,無年齡維度,0.0,男,遷入,國外,2
112,6,26,平溪區,,,,無年齡維度,0.0,女,遷入,新北市內,0
112,6,26,平溪區,,,,無年齡維度,0.0,男,遷入,新北市內,0
112,6,26,平溪區,,,,無年齡維度,0.0,女,遷入,桃園市,2
112,6,26,平溪區,,,,無年齡維度,0.0,男,遷入,桃園市,0
112,6,26,平溪區,,,,無年齡維度,0.0,女,遷入,福建省,0
112,6,26,平溪區,,,,無年齡維度,0.0,男,遷入,福建省,0
112,6,26,平溪區,,,,無年齡維度,0.0,女,遷入,臺中市,1
112,6,26,平溪區,,,,無年齡維度,0.0,男,遷入,臺中市,1
112,6,26,平溪區,,,,無年齡維度,0.0,女,遷入,臺北市,2
112,6,26,平溪區,,,,無年齡維度,0.0,男,遷入,臺北市,1
112,6,26,平溪區,,,,無年齡維度,0.0,女,遷入,臺南市,0
112,6,26,平溪區,,,,無年齡維度,0.0,男,遷入,臺南市,0
112,6,26,平溪區,,,,無年齡維度,0.0,女,遷入,臺灣省,3
112,6,26,平溪區,,,,無年齡維度,0.0,男,遷入,臺灣省,0
112,6,26,平溪區,,,,無年齡維度,0.0,女,遷入,高雄市,0
112,6,26,平溪區,,,,無年齡維度,0.0,男,遷入,高雄市,0
112,6,26,平溪區,,,,無年齡維度,0.0,女,遷出,migrants,1
112,6,26,平溪區,,,,無年齡維度,0.0,男,遷出,migrants,1
112,6,26,平溪區,,,,無年齡維度,0.0,女,遷出,other,0
112,6,26,平溪區,,,,無年齡維度,0.0,男,遷出,other,0
112,6,26,平溪區,,,,無年齡維度,0.0,女,遷出,其他縣市,0
112,6,26,平溪區,,,,無年齡維度,0.0,男,遷出,其他縣市,0
112,6,26,平溪區,,,,無年齡維度,0.0,女,遷出,其他鄉鎮,5
112,6,26,平溪區,,,,無年齡維度,0.0,男,遷出,其他鄉鎮,10
112,6,26,平溪區,,,,無年齡維度,0.0,女,遷出,合計,12
112,6,26,平溪區,,,,無年齡維度,0.0,男,遷出,合計,15
112,6,26,平溪區,,,,無年齡維度,0.0,女,遷出,國外,0
112,6,26,平溪區,,,,無年齡維度,0.0,男,遷出,國外,0
112,6,26,平溪區,,,,無年齡維度,0.0,女,遷出,新北市內,0
112,6,26,平溪區,,,,無年齡維度,0.0,男,遷出,新北市內,0
112,6,26,平溪區,,,,無年齡維度,0.0,女,遷出,桃園市,2
112,6,26,平溪區,,,,無年齡維度,0.0,男,遷出,桃園市,2
112,6,26,平溪區,,,,無年齡維度,0.0,女,遷出,福建省,0
112,6,26,平溪區,,,,無年齡維度,0.0,男,遷出,福建省,0
112,6,26,平溪區,,,,無年齡維度,0.0,女,遷出,臺中市,0
112,6,26,平溪區,,,,無年齡維度,0.0,男,遷出,臺中市,0
112,6,26,平溪區,,,,無年齡維度,0.0,女,遷出,臺北市,2
112,6,26,平溪區,,,,無年齡維度,0.0,男,遷出,臺北市,0
112,6,26,平溪區,,,,無年齡維度,0.0,女,遷出,臺南市,0
112,6,26,平溪區,,,,無年齡維度,0.0,男,遷出,臺南市,0
112,6,26,平溪區,,,,無年齡維度,0.0,女,遷出,臺灣省,3
112,6,26,平溪區,,,,無年齡維度,0.0,男,遷出,臺灣省,3
112,6,26,平溪區,,,,無年齡維度,0.0,女,遷出,高雄市,0
112,6,26,平溪區,,,,無年齡維度,0.0,男,遷出,高雄市,0
112,6,27,雙溪區,,,,無年齡維度,0.0,女,遷入,migrants,16
112,6,27,雙溪區,,,,無年齡維度,0.0,男,遷入,migrants,13
112,6,27,雙溪區,,,,無年齡維度,0.0,女,遷入,other,0
112,6,27,雙溪區,,,,無年齡維度,0.0,男,遷入,other,0
112,6,27,雙溪區,,,,無年齡維度,0.0,女,遷入,其他縣市,0
112,6,27,雙溪區,,,,無年齡維度,0.0,男,遷入,其他縣市,0
112,6,27,雙溪區,,,,無年齡維度,0.0,女,遷入,其他鄉鎮,10
112,6,27,雙溪區,,,,無年齡維度,0.0,男,遷入,其他鄉鎮,4
112,6,27,雙溪區,,,,無年齡維度,0.0,女,遷入,合計,23
112,6,27,雙溪區,,,,無年齡維度,0.0,男,遷入,合計,24
112,6,27,雙溪區,,,,無年齡維度,0.0,女,遷入,國外,5
112,6,27,雙溪區,,,,無年齡維度,0.0,男,遷入,國外,9
112,6,27,雙溪區,,,,無年齡維度,0.0,女,遷入,新北市內,0
112,6,27,雙溪區,,,,無年齡維度,0.0,男,遷入,新北市內,0
112,6,27,雙溪區,,,,無年齡維度,0.0,女,遷入,桃園市,0
112,6,27,雙溪區,,,,無年齡維度,0.0,男,遷入,桃園市,1
112,6,27,雙溪區,,,,無年齡維度,0.0,女,遷入,福建省,0
112,6,27,雙溪區,,,,無年齡維度,0.0,男,遷入,福建省,0
112,6,27,雙溪區,,,,無年齡維度,0.0,女,遷入,臺中市,0
112,6,27,雙溪區,,,,無年齡維度,0.0,男,遷入,臺中市,0
112,6,27,雙溪區,,,,無年齡維度,0.0,女,遷入,臺北市,4
112,6,27,雙溪區,,,,無年齡維度,0.0,男,遷入,臺北市,3
112,6,27,雙溪區,,,,無年齡維度,0.0,女,遷入,臺南市,0
112,6,27,雙溪區,,,,無年齡維度,0.0,男,遷入,臺南市,0
112,6,27,雙溪區,,,,無年齡維度,0.0,女,遷入,臺灣省,3
112,6,27,雙溪區,,,,無年齡維度,0.0,男,遷入,臺灣省,5
112,6,27,雙溪區,,,,無年齡維度,0.0,女,遷入,高雄市,0
112,6,27,雙溪區,,,,無年齡維度,0.0,男,遷入,高雄市,1
112,6,27,雙溪區,,,,無年齡維度,0.0,女,遷出,migrants,16
112,6,27,雙溪區,,,,無年齡維度,0.0,男,遷出,migrants,13
112,6,27,雙溪區,,,,無年齡維度,0.0,女,遷出,other,0
112,6,27,雙溪區,,,,無年齡維度,0.0,男,遷出,other,0
112,6,27,雙溪區,,,,無年齡維度,0.0,女,遷出,其他縣市,0
112,6,27,雙溪區,,,,無年齡維度,0.0,男,遷出,其他縣市,0
112,6,27,雙溪區,,,,無年齡維度,0.0,女,遷出,其他鄉鎮,6
112,6,27,雙溪區,,,,無年齡維度,0.0,男,遷出,其他鄉鎮,7
112,6,27,雙溪區,,,,無年齡維度,0.0,女,遷出,合計,27
112,6,27,雙溪區,,,,無年齡維度,0.0,男,遷出,合計,20
112,6,27,雙溪區,,,,無年齡維度,0.0,女,遷出,國外,1
112,6,27,雙溪區,,,,無年齡維度,0.0,男,遷出,國外,0
112,6,27,雙溪區,,,,無年齡維度,0.0,女,遷出,新北市內,0
112,6,27,雙溪區,,,,無年齡維度,0.0,男,遷出,新北市內,0
112,6,27,雙溪區,,,,無年齡維度,0.0,女,遷出,桃園市,3
112,6,27,雙溪區,,,,無年齡維度,0.0,男,遷出,桃園市,0
112,6,27,雙溪區,,,,無年齡維度,0.0,女,遷出,福建省,0
112,6,27,雙溪區,,,,無年齡維度,0.0,男,遷出,福建省,0
112,6,27,雙溪區,,,,無年齡維度,0.0,女,遷出,臺中市,2
112,6,27,雙溪區,,,,無年齡維度,0.0,男,遷出,臺中市,2
112,6,27,雙溪區,,,,無年齡維度,0.0,女,遷出,臺北市,9
112,6,27,雙溪區,,,,無年齡維度,0.0,男,遷出,臺北市,5
112,6,27,雙溪區,,,,無年齡維度,0.0,女,遷出,臺南市,0
112,6,27,雙溪區,,,,無年齡維度,0.0,男,遷出,臺南市,0
112,6,27,雙溪區,,,,無年齡維度,0.0,女,遷出,臺灣省,5
112,6,27,雙溪區,,,,無年齡維度,0.0,男,遷出,臺灣省,5
112,6,27,雙溪區,,,,無年齡維度,0.0,女,遷出,高雄市,1
112,6,27,雙溪區,,,,無年齡維度,0.0,男,遷出,高雄市,1
112,6,28,貢寮區,,,,無年齡維度,0.0,女,遷入,migrants,11
112,6,28,貢寮區,,,,無年齡維度,0.0,男,遷入,migrants,15
112,6,28,貢寮區,,,,無年齡維度,0.0,女,遷入,other,0
112,6,28,貢寮區,,,,無年齡維度,0.0,男,遷入,other,0
112,6,28,貢寮區,,,,無年齡維度,0.0,女,遷入,其他縣市,0
112,6,28,貢寮區,,,,無年齡維度,0.0,男,遷入,其他縣市,0
112,6,28,貢寮區,,,,無年齡維度,0.0,女,遷入,其他鄉鎮,5
112,6,28,貢寮區,,,,無年齡維度,0.0,男,遷入,其他鄉鎮,13
112,6,28,貢寮區,,,,無年齡維度,0.0,女,遷入,合計,27
112,6,28,貢寮區,,,,無年齡維度,0.0,男,遷入,合計,33
112,6,28,貢寮區,,,,無年齡維度,0.0,女,遷入,國外,6
112,6,28,貢寮區,,,,無年齡維度,0.0,男,遷入,國外,6
112,6,28,貢寮區,,,,無年齡維度,0.0,女,遷入,新北市內,0
112,6,28,貢寮區,,,,無年齡維度,0.0,男,遷入,新北市內,0
112,6,28,貢寮區,,,,無年齡維度,0.0,女,遷入,桃園市,1
112,6,28,貢寮區,,,,無年齡維度,0.0,男,遷入,桃園市,1
112,6,28,貢寮區,,,,無年齡維度,0.0,女,遷入,福建省,0
112,6,28,貢寮區,,,,無年齡維度,0.0,男,遷入,福建省,0
112,6,28,貢寮區,,,,無年齡維度,0.0,女,遷入,臺中市,0
112,6,28,貢寮區,,,,無年齡維度,0.0,男,遷入,臺中市,0
112,6,28,貢寮區,,,,無年齡維度,0.0,女,遷入,臺北市,3
112,6,28,貢寮區,,,,無年齡維度,0.0,男,遷入,臺北市,3
112,6,28,貢寮區,,,,無年齡維度,0.0,女,遷入,臺南市,0
112,6,28,貢寮區,,,,無年齡維度,0.0,男,遷入,臺南市,0
112,6,28,貢寮區,,,,無年齡維度,0.0,女,遷入,臺灣省,12
112,6,28,貢寮區,,,,無年齡維度,0.0,男,遷入,臺灣省,9
112,6,28,貢寮區,,,,無年齡維度,0.0,女,遷入,高雄市,0
112,6,28,貢寮區,,,,無年齡維度,0.0,男,遷入,高雄市,0
112,6,28,貢寮區,,,,無年齡維度,0.0,女,遷出,migrants,11
112,6,28,貢寮區,,,,無年齡維度,0.0,男,遷出,migrants,15
112,6,28,貢寮區,,,,無年齡維度,0.0,女,遷出,other,0
112,6,28,貢寮區,,,,無年齡維度,0.0,男,遷出,other,0
112,6,28,貢寮區,,,,無年齡維度,0.0,女,遷出,其他縣市,0
112,6,28,貢寮區,,,,無年齡維度,0.0,男,遷出,其他縣市,0
112,6,28,貢寮區,,,,無年齡維度,0.0,女,遷出,其他鄉鎮,7
112,6,28,貢寮區,,,,無年齡維度,0.0,男,遷出,其他鄉鎮,4
112,6,28,貢寮區,,,,無年齡維度,0.0,女,遷出,合計,37
112,6,28,貢寮區,,,,無年齡維度,0.0,男,遷出,合計,33
112,6,28,貢寮區,,,,無年齡維度,0.0,女,遷出,國外,1
112,6,28,貢寮區,,,,無年齡維度,0.0,男,遷出,國外,0
112,6,28,貢寮區,,,,無年齡維度,0.0,女,遷出,新北市內,0
112,6,28,貢寮區,,,,無年齡維度,0.0,男,遷出,新北市內,0
112,6,28,貢寮區,,,,無年齡維度,0.0,女,遷出,桃園市,5
112,6,28,貢寮區,,,,無年齡維度,0.0,男,遷出,桃園市,1
112,6,28,貢寮區,,,,無年齡維度,0.0,女,遷出,福建省,0
112,6,28,貢寮區,,,,無年齡維度,0.0,男,遷出,福建省,0
112,6,28,貢寮區,,,,無年齡維度,0.0,女,遷出,臺中市,0
112,6,28,貢寮區,,,,無年齡維度,0.0,男,遷出,臺中市,0
112,6,28,貢寮區,,,,無年齡維度,0.0,女,遷出,臺北市,8
112,6,28,貢寮區,,,,無年齡維度,0.0,男,遷出,臺北市,7
112,6,28,貢寮區,,,,無年齡維度,0.0,女,遷出,臺南市,1
112,6,28,貢寮區,,,,無年齡維度,0.0,男,遷出,臺南市,0
112,6,28,貢寮區,,,,無年齡維度,0.0,女,遷出,臺灣省,15
112,6,28,貢寮區,,,,無年齡維度,0.0,男,遷出,臺灣省,21
112,6,28,貢寮區,,,,無年齡維度,0.0,女,遷出,高雄市,0
112,6,28,貢寮區,,,,無年齡維度,0.0,男,遷出,高雄市,0
112,6,29,烏來區,,,,無年齡維度,0.0,女,遷入,migrants,22
112,6,29,烏來區,,,,無年齡維度,0.0,男,遷入,migrants,20
112,6,29,烏來區,,,,無年齡維度,0.0,女,遷入,other,0
112,6,29,烏來區,,,,無年齡維度,0.0,男,遷入,other,0
112,6,29,烏來區,,,,無年齡維度,0.0,女,遷入,其他縣市,0
112,6,29,烏來區,,,,無年齡維度,0.0,男,遷入,其他縣市,0
112,6,29,烏來區,,,,無年齡維度,0.0,女,遷入,其他鄉鎮,10
112,6,29,烏來區,,,,無年齡維度,0.0,男,遷入,其他鄉鎮,10
112,6,29,烏來區,,,,無年齡維度,0.0,女,遷入,合計,19
112,6,29,烏來區,,,,無年齡維度,0.0,男,遷入,合計,15
112,6,29,烏來區,,,,無年齡維度,0.0,女,遷入,國外,2
112,6,29,烏來區,,,,無年齡維度,0.0,男,遷入,國外,0
112,6,29,烏來區,,,,無年齡維度,0.0,女,遷入,新北市內,0
112,6,29,烏來區,,,,無年齡維度,0.0,男,遷入,新北市內,0
112,6,29,烏來區,,,,無年齡維度,0.0,女,遷入,桃園市,1
112,6,29,烏來區,,,,無年齡維度,0.0,男,遷入,桃園市,1
112,6,29,烏來區,,,,無年齡維度,0.0,女,遷入,福建省,0
112,6,29,烏來區,,,,無年齡維度,0.0,男,遷入,福建省,0
112,6,29,烏來區,,,,無年齡維度,0.0,女,遷入,臺中市,0
112,6,29,烏來區,,,,無年齡維度,0.0,男,遷入,臺中市,0
112,6,29,烏來區,,,,無年齡維度,0.0,女,遷入,臺北市,2
112,6,29,烏來區,,,,無年齡維度,0.0,男,遷入,臺北市,0
112,6,29,烏來區,,,,無年齡維度,0.0,女,遷入,臺南市,0
112,6,29,烏來區,,,,無年齡維度,0.0,男,遷入,臺南市,1
112,6,29,烏來區,,,,無年齡維度,0.0,女,遷入,臺灣省,4
112,6,29,烏來區,,,,無年齡維度,0.0,男,遷入,臺灣省,3
112,6,29,烏來區,,,,無年齡維度,0.0,女,遷入,高雄市,0
112,6,29,烏來區,,,,無年齡維度,0.0,男,遷入,高雄市,0
112,6,29,烏來區,,,,無年齡維度,0.0,女,遷出,migrants,22
112,6,29,烏來區,,,,無年齡維度,0.0,男,遷出,migrants,20
112,6,29,烏來區,,,,無年齡維度,0.0,女,遷出,other,0
112,6,29,烏來區,,,,無年齡維度,0.0,男,遷出,other,0
112,6,29,烏來區,,,,無年齡維度,0.0,女,遷出,其他縣市,0
112,6,29,烏來區,,,,無年齡維度,0.0,男,遷出,其他縣市,0
112,6,29,烏來區,,,,無年齡維度,0.0,女,遷出,其他鄉鎮,10
112,6,29,烏來區,,,,無年齡維度,0.0,男,遷出,其他鄉鎮,5
112,6,29,烏來區,,,,無年齡維度,0.0,女,遷出,合計,18
112,6,29,烏來區,,,,無年齡維度,0.0,男,遷出,合計,10
112,6,29,烏來區,,,,無年齡維度,0.0,女,遷出,國外,0
112,6,29,烏來區,,,,無年齡維度,0.0,男,遷出,國外,0
112,6,29,烏來區,,,,無年齡維度,0.0,女,遷出,新北市內,0
112,6,29,烏來區,,,,無年齡維度,0.0,男,遷出,新北市內,0
112,6,29,烏來區,,,,無年齡維度,0.0,女,遷出,桃園市,0
112,6,29,烏來區,,,,無年齡維度,0.0,男,遷出,桃園市,0
112,6,29,烏來區,,,,無年齡維度,0.0,女,遷出,福建省,0
112,6,29,烏來區,,,,無年齡維度,0.0,男,遷出,福建省,0
112,6,29,烏來區,,,,無年齡維度,0.0,女,遷出,臺中市,2
112,6,29,烏來區,,,,無年齡維度,0.0,男,遷出,臺中市,0
112,6,29,烏來區,,,,無年齡維度,0.0,女,遷出,臺北市,3
112,6,29,烏來區,,,,無年齡維度,0.0,男,遷出,臺北市,2
112,6,29,烏來區,,,,無年齡維度,0.0,女,遷出,臺南市,1
112,6,29,烏來區,,,,無年齡維度,0.0,男,遷出,臺南市,1
112,6,29,烏來區,,,,無年齡維度,0.0,女,遷出,臺灣省,1
112,6,29,烏來區,,,,無年齡維度,0.0,男,遷出,臺灣省,2
112,6,29,烏來區,,,,無年齡維度,0.0,女,遷出,高雄市,1
112,6,29,烏來區,,,,無年齡維度,0.0,男,遷出,高雄市,0
112,7,1,板橋區,,,,無年齡維度,0.0,女,遷入,migrants,748
112,7,1,板橋區,,,,無年齡維度,0.0,男,遷入,migrants,659
112,7,1,板橋區,,,,無年齡維度,0.0,女,遷入,other,0
112,7,1,板橋區,,,,無年齡維度,0.0,男,遷入,other,0
112,7,1,板橋區,,,,無年齡維度,0.0,女,遷入,其他縣市,0
112,7,1,板橋區,,,,無年齡維度,0.0,男,遷入,其他縣市,0
112,7,1,板橋區,,,,無年齡維度,0.0,女,遷入,其他鄉鎮,345
112,7,1,板橋區,,,,無年齡維度,0.0,男,遷入,其他鄉鎮,252
112,7,1,板橋區,,,,無年齡維度,0.0,女,遷入,合計,1240
112,7,1,板橋區,,,,無年齡維度,0.0,男,遷入,合計,1066
112,7,1,板橋區,,,,無年齡維度,0.0,女,遷入,國外,402
112,7,1,板橋區,,,,無年齡維度,0.0,男,遷入,國外,383
112,7,1,板橋區,,,,無年齡維度,0.0,女,遷入,新北市內,0
112,7,1,板橋區,,,,無年齡維度,0.0,男,遷入,新北市內,0
112,7,1,板橋區,,,,無年齡維度,0.0,女,遷入,桃園市,46
112,7,1,板橋區,,,,無年齡維度,0.0,男,遷入,桃園市,48
112,7,1,板橋區,,,,無年齡維度,0.0,女,遷入,福建省,5
112,7,1,板橋區,,,,無年齡維度,0.0,男,遷入,福建省,16
112,7,1,板橋區,,,,無年齡維度,0.0,女,遷入,臺中市,32
112,7,1,板橋區,,,,無年齡維度,0.0,男,遷入,臺中市,15
112,7,1,板橋區,,,,無年齡維度,0.0,女,遷入,臺北市,231
112,7,1,板橋區,,,,無年齡維度,0.0,男,遷入,臺北市,216
112,7,1,板橋區,,,,無年齡維度,0.0,女,遷入,臺南市,11
112,7,1,板橋區,,,,無年齡維度,0.0,男,遷入,臺南市,13
112,7,1,板橋區,,,,無年齡維度,0.0,女,遷入,臺灣省,118
112,7,1,板橋區,,,,無年齡維度,0.0,男,遷入,臺灣省,93
112,7,1,板橋區,,,,無年齡維度,0.0,女,遷入,高雄市,13
112,7,1,板橋區,,,,無年齡維度,0.0,男,遷入,高雄市,14
112,7,1,板橋區,,,,無年齡維度,0.0,女,遷出,migrants,748
112,7,1,板橋區,,,,無年齡維度,0.0,男,遷出,migrants,659
112,7,1,板橋區,,,,無年齡維度,0.0,女,遷出,other,0
112,7,1,板橋區,,,,無年齡維度,0.0,男,遷出,other,0
112,7,1,板橋區,,,,無年齡維度,0.0,女,遷出,其他縣市,0
112,7,1,板橋區,,,,無年齡維度,0.0,男,遷出,其他縣市,0
112,7,1,板橋區,,,,無年齡維度,0.0,女,遷出,其他鄉鎮,434
112,7,1,板橋區,,,,無年齡維度,0.0,男,遷出,其他鄉鎮,355
112,7,1,板橋區,,,,無年齡維度,0.0,女,遷出,合計,955
112,7,1,板橋區,,,,無年齡維度,0.0,男,遷出,合計,782
112,7,1,板橋區,,,,無年齡維度,0.0,女,遷出,國外,28
112,7,1,板橋區,,,,無年齡維度,0.0,男,遷出,國外,26
112,7,1,板橋區,,,,無年齡維度,0.0,女,遷出,新北市內,0
112,7,1,板橋區,,,,無年齡維度,0.0,男,遷出,新北市內,0
112,7,1,板橋區,,,,無年齡維度,0.0,女,遷出,桃園市,115
112,7,1,板橋區,,,,無年齡維度,0.0,男,遷出,桃園市,87
112,7,1,板橋區,,,,無年齡維度,0.0,女,遷出,福建省,6
112,7,1,板橋區,,,,無年齡維度,0.0,男,遷出,福建省,10
112,7,1,板橋區,,,,無年齡維度,0.0,女,遷出,臺中市,39
112,7,1,板橋區,,,,無年齡維度,0.0,男,遷出,臺中市,32
112,7,1,板橋區,,,,無年齡維度,0.0,女,遷出,臺北市,182
112,7,1,板橋區,,,,無年齡維度,0.0,男,遷出,臺北市,135
112,7,1,板橋區,,,,無年齡維度,0.0,女,遷出,臺南市,12
112,7,1,板橋區,,,,無年齡維度,0.0,男,遷出,臺南市,12
112,7,1,板橋區,,,,無年齡維度,0.0,女,遷出,臺灣省,114
112,7,1,板橋區,,,,無年齡維度,0.0,男,遷出,臺灣省,115
112,7,1,板橋區,,,,無年齡維度,0.0,女,遷出,高雄市,24
112,7,1,板橋區,,,,無年齡維度,0.0,男,遷出,高雄市,10
112,7,2,三重區,,,,無年齡維度,0.0,女,遷入,migrants,537
112,7,2,三重區,,,,無年齡維度,0.0,男,遷入,migrants,452
112,7,2,三重區,,,,無年齡維度,0.0,女,遷入,other,0
112,7,2,三重區,,,,無年齡維度,0.0,男,遷入,other,0
112,7,2,三重區,,,,無年齡維度,0.0,女,遷入,其他縣市,0
112,7,2,三重區,,,,無年齡維度,0.0,男,遷入,其他縣市,0
112,7,2,三重區,,,,無年齡維度,0.0,女,遷入,其他鄉鎮,265
112,7,2,三重區,,,,無年齡維度,0.0,男,遷入,其他鄉鎮,182
112,7,2,三重區,,,,無年齡維度,0.0,女,遷入,合計,1060
112,7,2,三重區,,,,無年齡維度,0.0,男,遷入,合計,917
112,7,2,三重區,,,,無年齡維度,0.0,女,遷入,國外,286
112,7,2,三重區,,,,無年齡維度,0.0,男,遷入,國外,245
112,7,2,三重區,,,,無年齡維度,0.0,女,遷入,新北市內,0
112,7,2,三重區,,,,無年齡維度,0.0,男,遷入,新北市內,0
112,7,2,三重區,,,,無年齡維度,0.0,女,遷入,桃園市,35
112,7,2,三重區,,,,無年齡維度,0.0,男,遷入,桃園市,26
112,7,2,三重區,,,,無年齡維度,0.0,女,遷入,福建省,2
112,7,2,三重區,,,,無年齡維度,0.0,男,遷入,福建省,4
112,7,2,三重區,,,,無年齡維度,0.0,女,遷入,臺中市,19
112,7,2,三重區,,,,無年齡維度,0.0,男,遷入,臺中市,16
112,7,2,三重區,,,,無年齡維度,0.0,女,遷入,臺北市,335
112,7,2,三重區,,,,無年齡維度,0.0,男,遷入,臺北市,328
112,7,2,三重區,,,,無年齡維度,0.0,女,遷入,臺南市,16
112,7,2,三重區,,,,無年齡維度,0.0,男,遷入,臺南市,12
112,7,2,三重區,,,,無年齡維度,0.0,女,遷入,臺灣省,67
112,7,2,三重區,,,,無年齡維度,0.0,男,遷入,臺灣省,85
112,7,2,三重區,,,,無年齡維度,0.0,女,遷入,高雄市,12
112,7,2,三重區,,,,無年齡維度,0.0,男,遷入,高雄市,9
112,7,2,三重區,,,,無年齡維度,0.0,女,遷出,migrants,537
112,7,2,三重區,,,,無年齡維度,0.0,男,遷出,migrants,452
112,7,2,三重區,,,,無年齡維度,0.0,女,遷出,other,0
112,7,2,三重區,,,,無年齡維度,0.0,男,遷出,other,0
112,7,2,三重區,,,,無年齡維度,0.0,女,遷出,其他縣市,0
112,7,2,三重區,,,,無年齡維度,0.0,男,遷出,其他縣市,0
112,7,2,三重區,,,,無年齡維度,0.0,女,遷出,其他鄉鎮,246
112,7,2,三重區,,,,無年齡維度,0.0,男,遷出,其他鄉鎮,250
112,7,2,三重區,,,,無年齡維度,0.0,女,遷出,合計,647
112,7,2,三重區,,,,無年齡維度,0.0,男,遷出,合計,621
112,7,2,三重區,,,,無年齡維度,0.0,女,遷出,國外,26
112,7,2,三重區,,,,無年齡維度,0.0,男,遷出,國外,20
112,7,2,三重區,,,,無年齡維度,0.0,女,遷出,新北市內,0
112,7,2,三重區,,,,無年齡維度,0.0,男,遷出,新北市內,0
112,7,2,三重區,,,,無年齡維度,0.0,女,遷出,桃園市,69
112,7,2,三重區,,,,無年齡維度,0.0,男,遷出,桃園市,60
112,7,2,三重區,,,,無年齡維度,0.0,女,遷出,福建省,2
112,7,2,三重區,,,,無年齡維度,0.0,男,遷出,福建省,3
112,7,2,三重區,,,,無年齡維度,0.0,女,遷出,臺中市,24
112,7,2,三重區,,,,無年齡維度,0.0,男,遷出,臺中市,24
112,7,2,三重區,,,,無年齡維度,0.0,女,遷出,臺北市,186
112,7,2,三重區,,,,無年齡維度,0.0,男,遷出,臺北市,171
112,7,2,三重區,,,,無年齡維度,0.0,女,遷出,臺南市,13
112,7,2,三重區,,,,無年齡維度,0.0,男,遷出,臺南市,7
112,7,2,三重區,,,,無年齡維度,0.0,女,遷出,臺灣省,66
112,7,2,三重區,,,,無年齡維度,0.0,男,遷出,臺灣省,76
112,7,2,三重區,,,,無年齡維度,0.0,女,遷出,高雄市,14
112,7,2,三重區,,,,無年齡維度,0.0,男,遷出,高雄市,9
112,7,3,中和區,,,,無年齡維度,0.0,女,遷入,migrants,296
112,7,3,中和區,,,,無年齡維度,0.0,男,遷入,migrants,314
112,7,3,中和區,,,,無年齡維度,0.0,女,遷入,other,0
112,7,3,中和區,,,,無年齡維度,0.0,男,遷入,other,0
112,7,3,中和區,,,,無年齡維度,0.0,女,遷入,其他縣市,0
112,7,3,中和區,,,,無年齡維度,0.0,男,遷入,其他縣市,0
112,7,3,中和區,,,,無年齡維度,0.0,女,遷入,其他鄉鎮,414
112,7,3,中和區,,,,無年齡維度,0.0,男,遷入,其他鄉鎮,352
112,7,3,中和區,,,,無年齡維度,0.0,女,遷入,合計,1182
112,7,3,中和區,,,,無年齡維度,0.0,男,遷入,合計,1030
112,7,3,中和區,,,,無年齡維度,0.0,女,遷入,國外,359
112,7,3,中和區,,,,無年齡維度,0.0,男,遷入,國外,356
112,7,3,中和區,,,,無年齡維度,0.0,女,遷入,新北市內,0
112,7,3,中和區,,,,無年齡維度,0.0,男,遷入,新北市內,0
112,7,3,中和區,,,,無年齡維度,0.0,女,遷入,桃園市,41
112,7,3,中和區,,,,無年齡維度,0.0,男,遷入,桃園市,38
112,7,3,中和區,,,,無年齡維度,0.0,女,遷入,福建省,11
112,7,3,中和區,,,,無年齡維度,0.0,男,遷入,福建省,8
112,7,3,中和區,,,,無年齡維度,0.0,女,遷入,臺中市,14
112,7,3,中和區,,,,無年齡維度,0.0,男,遷入,臺中市,8
112,7,3,中和區,,,,無年齡維度,0.0,女,遷入,臺北市,192
112,7,3,中和區,,,,無年齡維度,0.0,男,遷入,臺北市,159
112,7,3,中和區,,,,無年齡維度,0.0,女,遷入,臺南市,7
112,7,3,中和區,,,,無年齡維度,0.0,男,遷入,臺南市,9
112,7,3,中和區,,,,無年齡維度,0.0,女,遷入,臺灣省,84
112,7,3,中和區,,,,無年齡維度,0.0,男,遷入,臺灣省,62
112,7,3,中和區,,,,無年齡維度,0.0,女,遷入,高雄市,15
112,7,3,中和區,,,,無年齡維度,0.0,男,遷入,高雄市,15
112,7,3,中和區,,,,無年齡維度,0.0,女,遷出,migrants,296
112,7,3,中和區,,,,無年齡維度,0.0,男,遷出,migrants,314
112,7,3,中和區,,,,無年齡維度,0.0,女,遷出,other,0
112,7,3,中和區,,,,無年齡維度,0.0,男,遷出,other,0
112,7,3,中和區,,,,無年齡維度,0.0,女,遷出,其他縣市,0
112,7,3,中和區,,,,無年齡維度,0.0,男,遷出,其他縣市,0
112,7,3,中和區,,,,無年齡維度,0.0,女,遷出,其他鄉鎮,403
112,7,3,中和區,,,,無年齡維度,0.0,男,遷出,其他鄉鎮,287
112,7,3,中和區,,,,無年齡維度,0.0,女,遷出,合計,786
112,7,3,中和區,,,,無年齡維度,0.0,男,遷出,合計,636
112,7,3,中和區,,,,無年齡維度,0.0,女,遷出,國外,28
112,7,3,中和區,,,,無年齡維度,0.0,男,遷出,國外,25
112,7,3,中和區,,,,無年齡維度,0.0,女,遷出,新北市內,0
112,7,3,中和區,,,,無年齡維度,0.0,男,遷出,新北市內,0
112,7,3,中和區,,,,無年齡維度,0.0,女,遷出,桃園市,73
112,7,3,中和區,,,,無年齡維度,0.0,男,遷出,桃園市,71
112,7,3,中和區,,,,無年齡維度,0.0,女,遷出,福建省,9
112,7,3,中和區,,,,無年齡維度,0.0,男,遷出,福建省,13
112,7,3,中和區,,,,無年齡維度,0.0,女,遷出,臺中市,27
112,7,3,中和區,,,,無年齡維度,0.0,男,遷出,臺中市,18
112,7,3,中和區,,,,無年齡維度,0.0,女,遷出,臺北市,137
112,7,3,中和區,,,,無年齡維度,0.0,男,遷出,臺北市,136
112,7,3,中和區,,,,無年齡維度,0.0,女,遷出,臺南市,9
112,7,3,中和區,,,,無年齡維度,0.0,男,遷出,臺南市,11
112,7,3,中和區,,,,無年齡維度,0.0,女,遷出,臺灣省,86
112,7,3,中和區,,,,無年齡維度,0.0,男,遷出,臺灣省,60
112,7,3,中和區,,,,無年齡維度,0.0,女,遷出,高雄市,12
112,7,3,中和區,,,,無年齡維度,0.0,男,遷出,高雄市,14
112,7,4,永和區,,,,無年齡維度,0.0,女,遷入,migrants,214
112,7,4,永和區,,,,無年齡維度,0.0,男,遷入,migrants,186
112,7,4,永和區,,,,無年齡維度,0.0,女,遷入,other,0
112,7,4,永和區,,,,無年齡維度,0.0,男,遷入,other,0
112,7,4,永和區,,,,無年齡維度,0.0,女,遷入,其他縣市,0
112,7,4,永和區,,,,無年齡維度,0.0,男,遷入,其他縣市,0
112,7,4,永和區,,,,無年齡維度,0.0,女,遷入,其他鄉鎮,180
112,7,4,永和區,,,,無年齡維度,0.0,男,遷入,其他鄉鎮,130
112,7,4,永和區,,,,無年齡維度,0.0,女,遷入,合計,665
112,7,4,永和區,,,,無年齡維度,0.0,男,遷入,合計,518
112,7,4,永和區,,,,無年齡維度,0.0,女,遷入,國外,250
112,7,4,永和區,,,,無年齡維度,0.0,男,遷入,國外,189
112,7,4,永和區,,,,無年齡維度,0.0,女,遷入,新北市內,0
112,7,4,永和區,,,,無年齡維度,0.0,男,遷入,新北市內,0
112,7,4,永和區,,,,無年齡維度,0.0,女,遷入,桃園市,16
112,7,4,永和區,,,,無年齡維度,0.0,男,遷入,桃園市,17
112,7,4,永和區,,,,無年齡維度,0.0,女,遷入,福建省,4
112,7,4,永和區,,,,無年齡維度,0.0,男,遷入,福建省,5
112,7,4,永和區,,,,無年齡維度,0.0,女,遷入,臺中市,8
112,7,4,永和區,,,,無年齡維度,0.0,男,遷入,臺中市,9
112,7,4,永和區,,,,無年齡維度,0.0,女,遷入,臺北市,144
112,7,4,永和區,,,,無年齡維度,0.0,男,遷入,臺北市,114
112,7,4,永和區,,,,無年齡維度,0.0,女,遷入,臺南市,3
112,7,4,永和區,,,,無年齡維度,0.0,男,遷入,臺南市,5
112,7,4,永和區,,,,無年齡維度,0.0,女,遷入,臺灣省,37
112,7,4,永和區,,,,無年齡維度,0.0,男,遷入,臺灣省,33
112,7,4,永和區,,,,無年齡維度,0.0,女,遷入,高雄市,10
112,7,4,永和區,,,,無年齡維度,0.0,男,遷入,高雄市,10
112,7,4,永和區,,,,無年齡維度,0.0,女,遷出,migrants,214
112,7,4,永和區,,,,無年齡維度,0.0,男,遷出,migrants,186
112,7,4,永和區,,,,無年齡維度,0.0,女,遷出,other,0
112,7,4,永和區,,,,無年齡維度,0.0,男,遷出,other,0
112,7,4,永和區,,,,無年齡維度,0.0,女,遷出,其他縣市,0
112,7,4,永和區,,,,無年齡維度,0.0,男,遷出,其他縣市,0
112,7,4,永和區,,,,無年齡維度,0.0,女,遷出,其他鄉鎮,305
112,7,4,永和區,,,,無年齡維度,0.0,男,遷出,其他鄉鎮,254
112,7,4,永和區,,,,無年齡維度,0.0,女,遷出,合計,519
112,7,4,永和區,,,,無年齡維度,0.0,男,遷出,合計,438
112,7,4,永和區,,,,無年齡維度,0.0,女,遷出,國外,25
112,7,4,永和區,,,,無年齡維度,0.0,男,遷出,國外,20
112,7,4,永和區,,,,無年齡維度,0.0,女,遷出,新北市內,0
112,7,4,永和區,,,,無年齡維度,0.0,男,遷出,新北市內,0
112,7,4,永和區,,,,無年齡維度,0.0,女,遷出,桃園市,25
112,7,4,永和區,,,,無年齡維度,0.0,男,遷出,桃園市,26
112,7,4,永和區,,,,無年齡維度,0.0,女,遷出,福建省,8
112,7,4,永和區,,,,無年齡維度,0.0,男,遷出,福建省,13
112,7,4,永和區,,,,無年齡維度,0.0,女,遷出,臺中市,13
112,7,4,永和區,,,,無年齡維度,0.0,男,遷出,臺中市,12
112,7,4,永和區,,,,無年齡維度,0.0,女,遷出,臺北市,87
112,7,4,永和區,,,,無年齡維度,0.0,男,遷出,臺北市,76
112,7,4,永和區,,,,無年齡維度,0.0,女,遷出,臺南市,6
112,7,4,永和區,,,,無年齡維度,0.0,男,遷出,臺南市,2
112,7,4,永和區,,,,無年齡維度,0.0,女,遷出,臺灣省,38
112,7,4,永和區,,,,無年齡維度,0.0,男,遷出,臺灣省,27
112,7,4,永和區,,,,無年齡維度,0.0,女,遷出,高雄市,12
112,7,4,永和區,,,,無年齡維度,0.0,男,遷出,高雄市,8
112,7,5,新莊區,,,,無年齡維度,0.0,女,遷入,migrants,626
112,7,5,新莊區,,,,無年齡維度,0.0,男,遷入,migrants,525
112,7,5,新莊區,,,,無年齡維度,0.0,女,遷入,other,0
112,7,5,新莊區,,,,無年齡維度,0.0,男,遷入,other,0
112,7,5,新莊區,,,,無年齡維度,0.0,女,遷入,其他縣市,0
112,7,5,新莊區,,,,無年齡維度,0.0,男,遷入,其他縣市,0
112,7,5,新莊區,,,,無年齡維度,0.0,女,遷入,其他鄉鎮,310
112,7,5,新莊區,,,,無年齡維度,0.0,男,遷入,其他鄉鎮,257
112,7,5,新莊區,,,,無年齡維度,0.0,女,遷入,合計,999
112,7,5,新莊區,,,,無年齡維度,0.0,男,遷入,合計,916
112,7,5,新莊區,,,,無年齡維度,0.0,女,遷入,國外,277
112,7,5,新莊區,,,,無年齡維度,0.0,男,遷入,國外,310
112,7,5,新莊區,,,,無年齡維度,0.0,女,遷入,新北市內,0
112,7,5,新莊區,,,,無年齡維度,0.0,男,遷入,新北市內,0
112,7,5,新莊區,,,,無年齡維度,0.0,女,遷入,桃園市,62
112,7,5,新莊區,,,,無年齡維度,0.0,男,遷入,桃園市,57
112,7,5,新莊區,,,,無年齡維度,0.0,女,遷入,福建省,9
112,7,5,新莊區,,,,無年齡維度,0.0,男,遷入,福建省,8
112,7,5,新莊區,,,,無年齡維度,0.0,女,遷入,臺中市,19
112,7,5,新莊區,,,,無年齡維度,0.0,男,遷入,臺中市,11
112,7,5,新莊區,,,,無年齡維度,0.0,女,遷入,臺北市,159
112,7,5,新莊區,,,,無年齡維度,0.0,男,遷入,臺北市,147
112,7,5,新莊區,,,,無年齡維度,0.0,女,遷入,臺南市,15
112,7,5,新莊區,,,,無年齡維度,0.0,男,遷入,臺南市,9
112,7,5,新莊區,,,,無年齡維度,0.0,女,遷入,臺灣省,87
112,7,5,新莊區,,,,無年齡維度,0.0,男,遷入,臺灣省,86
112,7,5,新莊區,,,,無年齡維度,0.0,女,遷入,高雄市,23
112,7,5,新莊區,,,,無年齡維度,0.0,男,遷入,高雄市,20
112,7,5,新莊區,,,,無年齡維度,0.0,女,遷出,migrants,626
112,7,5,新莊區,,,,無年齡維度,0.0,男,遷出,migrants,525
112,7,5,新莊區,,,,無年齡維度,0.0,女,遷出,other,0
112,7,5,新莊區,,,,無年齡維度,0.0,男,遷出,other,0
112,7,5,新莊區,,,,無年齡維度,0.0,女,遷出,其他縣市,0
112,7,5,新莊區,,,,無年齡維度,0.0,男,遷出,其他縣市,0
112,7,5,新莊區,,,,無年齡維度,0.0,女,遷出,其他鄉鎮,325
112,7,5,新莊區,,,,無年齡維度,0.0,男,遷出,其他鄉鎮,231
112,7,5,新莊區,,,,無年齡維度,0.0,女,遷出,合計,767
112,7,5,新莊區,,,,無年齡維度,0.0,男,遷出,合計,616
112,7,5,新莊區,,,,無年齡維度,0.0,女,遷出,國外,22
112,7,5,新莊區,,,,無年齡維度,0.0,男,遷出,國外,20
112,7,5,新莊區,,,,無年齡維度,0.0,女,遷出,新北市內,0
112,7,5,新莊區,,,,無年齡維度,0.0,男,遷出,新北市內,0
112,7,5,新莊區,,,,無年齡維度,0.0,女,遷出,桃園市,127
112,7,5,新莊區,,,,無年齡維度,0.0,男,遷出,桃園市,125
112,7,5,新莊區,,,,無年齡維度,0.0,女,遷出,福建省,7
112,7,5,新莊區,,,,無年齡維度,0.0,男,遷出,福建省,2
112,7,5,新莊區,,,,無年齡維度,0.0,女,遷出,臺中市,21
112,7,5,新莊區,,,,無年齡維度,0.0,男,遷出,臺中市,16
112,7,5,新莊區,,,,無年齡維度,0.0,女,遷出,臺北市,136
112,7,5,新莊區,,,,無年齡維度,0.0,男,遷出,臺北市,86
112,7,5,新莊區,,,,無年齡維度,0.0,女,遷出,臺南市,12
112,7,5,新莊區,,,,無年齡維度,0.0,男,遷出,臺南市,13
112,7,5,新莊區,,,,無年齡維度,0.0,女,遷出,臺灣省,97
112,7,5,新莊區,,,,無年齡維度,0.0,男,遷出,臺灣省,101
112,7,5,新莊區,,,,無年齡維度,0.0,女,遷出,高雄市,20
112,7,5,新莊區,,,,無年齡維度,0.0,男,遷出,高雄市,21
112,7,6,新店區,,,,無年齡維度,0.0,女,遷入,migrants,396
112,7,6,新店區,,,,無年齡維度,0.0,男,遷入,migrants,360
112,7,6,新店區,,,,無年齡維度,0.0,女,遷入,other,0
112,7,6,新店區,,,,無年齡維度,0.0,男,遷入,other,0
112,7,6,新店區,,,,無年齡維度,0.0,女,遷入,其他縣市,0
112,7,6,新店區,,,,無年齡維度,0.0,男,遷入,其他縣市,0
112,7,6,新店區,,,,無年齡維度,0.0,女,遷入,其他鄉鎮,176
112,7,6,新店區,,,,無年齡維度,0.0,男,遷入,其他鄉鎮,124
112,7,6,新店區,,,,無年齡維度,0.0,女,遷入,合計,990
112,7,6,新店區,,,,無年齡維度,0.0,男,遷入,合計,820
112,7,6,新店區,,,,無年齡維度,0.0,女,遷入,國外,339
112,7,6,新店區,,,,無年齡維度,0.0,男,遷入,國外,273
112,7,6,新店區,,,,無年齡維度,0.0,女,遷入,新北市內,0
112,7,6,新店區,,,,無年齡維度,0.0,男,遷入,新北市內,0
112,7,6,新店區,,,,無年齡維度,0.0,女,遷入,桃園市,30
112,7,6,新店區,,,,無年齡維度,0.0,男,遷入,桃園市,25
112,7,6,新店區,,,,無年齡維度,0.0,女,遷入,福建省,7
112,7,6,新店區,,,,無年齡維度,0.0,男,遷入,福建省,9
112,7,6,新店區,,,,無年齡維度,0.0,女,遷入,臺中市,15
112,7,6,新店區,,,,無年齡維度,0.0,男,遷入,臺中市,13
112,7,6,新店區,,,,無年齡維度,0.0,女,遷入,臺北市,324
112,7,6,新店區,,,,無年齡維度,0.0,男,遷入,臺北市,283
112,7,6,新店區,,,,無年齡維度,0.0,女,遷入,臺南市,5
112,7,6,新店區,,,,無年齡維度,0.0,男,遷入,臺南市,6
112,7,6,新店區,,,,無年齡維度,0.0,女,遷入,臺灣省,49
112,7,6,新店區,,,,無年齡維度,0.0,男,遷入,臺灣省,57
112,7,6,新店區,,,,無年齡維度,0.0,女,遷入,高雄市,14
112,7,6,新店區,,,,無年齡維度,0.0,男,遷入,高雄市,14
112,7,6,新店區,,,,無年齡維度,0.0,女,遷出,migrants,396
112,7,6,新店區,,,,無年齡維度,0.0,男,遷出,migrants,360
112,7,6,新店區,,,,無年齡維度,0.0,女,遷出,other,0
112,7,6,新店區,,,,無年齡維度,0.0,男,遷出,other,0
112,7,6,新店區,,,,無年齡維度,0.0,女,遷出,其他縣市,0
112,7,6,新店區,,,,無年齡維度,0.0,男,遷出,其他縣市,0
112,7,6,新店區,,,,無年齡維度,0.0,女,遷出,其他鄉鎮,174
112,7,6,新店區,,,,無年齡維度,0.0,男,遷出,其他鄉鎮,139
112,7,6,新店區,,,,無年齡維度,0.0,女,遷出,合計,555
112,7,6,新店區,,,,無年齡維度,0.0,男,遷出,合計,457
112,7,6,新店區,,,,無年齡維度,0.0,女,遷出,國外,30
112,7,6,新店區,,,,無年齡維度,0.0,男,遷出,國外,26
112,7,6,新店區,,,,無年齡維度,0.0,女,遷出,新北市內,0
112,7,6,新店區,,,,無年齡維度,0.0,男,遷出,新北市內,0
112,7,6,新店區,,,,無年齡維度,0.0,女,遷出,桃園市,35
112,7,6,新店區,,,,無年齡維度,0.0,男,遷出,桃園市,37
112,7,6,新店區,,,,無年齡維度,0.0,女,遷出,福建省,11
112,7,6,新店區,,,,無年齡維度,0.0,男,遷出,福建省,12
112,7,6,新店區,,,,無年齡維度,0.0,女,遷出,臺中市,24
112,7,6,新店區,,,,無年齡維度,0.0,男,遷出,臺中市,19
112,7,6,新店區,,,,無年齡維度,0.0,女,遷出,臺北市,196
112,7,6,新店區,,,,無年齡維度,0.0,男,遷出,臺北市,144
112,7,6,新店區,,,,無年齡維度,0.0,女,遷出,臺南市,16
112,7,6,新店區,,,,無年齡維度,0.0,男,遷出,臺南市,11
112,7,6,新店區,,,,無年齡維度,0.0,女,遷出,臺灣省,60
112,7,6,新店區,,,,無年齡維度,0.0,男,遷出,臺灣省,63
112,7,6,新店區,,,,無年齡維度,0.0,女,遷出,高雄市,8
112,7,6,新店區,,,,無年齡維度,0.0,男,遷出,高雄市,6
112,7,7,土城區,,,,無年齡維度,0.0,女,遷入,migrants,147
112,7,7,土城區,,,,無年齡維度,0.0,男,遷入,migrants,159
112,7,7,土城區,,,,無年齡維度,0.0,女,遷入,other,0
112,7,7,土城區,,,,無年齡維度,0.0,男,遷入,other,0
112,7,7,土城區,,,,無年齡維度,0.0,女,遷入,其他縣市,0
112,7,7,土城區,,,,無年齡維度,0.0,男,遷入,其他縣市,0
112,7,7,土城區,,,,無年齡維度,0.0,女,遷入,其他鄉鎮,179
112,7,7,土城區,,,,無年齡維度,0.0,男,遷入,其他鄉鎮,142
112,7,7,土城區,,,,無年齡維度,0.0,女,遷入,合計,445
112,7,7,土城區,,,,無年齡維度,0.0,男,遷入,合計,400
112,7,7,土城區,,,,無年齡維度,0.0,女,遷入,國外,127
112,7,7,土城區,,,,無年齡維度,0.0,男,遷入,國外,147
112,7,7,土城區,,,,無年齡維度,0.0,女,遷入,新北市內,0
112,7,7,土城區,,,,無年齡維度,0.0,男,遷入,新北市內,0
112,7,7,土城區,,,,無年齡維度,0.0,女,遷入,桃園市,19
112,7,7,土城區,,,,無年齡維度,0.0,男,遷入,桃園市,23
112,7,7,土城區,,,,無年齡維度,0.0,女,遷入,福建省,0
112,7,7,土城區,,,,無年齡維度,0.0,男,遷入,福建省,0
112,7,7,土城區,,,,無年齡維度,0.0,女,遷入,臺中市,9
112,7,7,土城區,,,,無年齡維度,0.0,男,遷入,臺中市,8
112,7,7,土城區,,,,無年齡維度,0.0,女,遷入,臺北市,40
112,7,7,土城區,,,,無年齡維度,0.0,男,遷入,臺北市,35
112,7,7,土城區,,,,無年齡維度,0.0,女,遷入,臺南市,8
112,7,7,土城區,,,,無年齡維度,0.0,男,遷入,臺南市,3
112,7,7,土城區,,,,無年齡維度,0.0,女,遷入,臺灣省,39
112,7,7,土城區,,,,無年齡維度,0.0,男,遷入,臺灣省,29
112,7,7,土城區,,,,無年齡維度,0.0,女,遷入,高雄市,6
112,7,7,土城區,,,,無年齡維度,0.0,男,遷入,高雄市,6
112,7,7,土城區,,,,無年齡維度,0.0,女,遷出,migrants,147
112,7,7,土城區,,,,無年齡維度,0.0,男,遷出,migrants,159
112,7,7,土城區,,,,無年齡維度,0.0,女,遷出,other,0
112,7,7,土城區,,,,無年齡維度,0.0,男,遷出,other,0
112,7,7,土城區,,,,無年齡維度,0.0,女,遷出,其他縣市,0
112,7,7,土城區,,,,無年齡維度,0.0,男,遷出,其他縣市,0
112,7,7,土城區,,,,無年齡維度,0.0,女,遷出,其他鄉鎮,149
112,7,7,土城區,,,,無年齡維度,0.0,男,遷出,其他鄉鎮,134
112,7,7,土城區,,,,無年齡維度,0.0,女,遷出,合計,321
112,7,7,土城區,,,,無年齡維度,0.0,男,遷出,合計,274
112,7,7,土城區,,,,無年齡維度,0.0,女,遷出,國外,13
112,7,7,土城區,,,,無年齡維度,0.0,男,遷出,國外,6
112,7,7,土城區,,,,無年齡維度,0.0,女,遷出,新北市內,0
112,7,7,土城區,,,,無年齡維度,0.0,男,遷出,新北市內,0
112,7,7,土城區,,,,無年齡維度,0.0,女,遷出,桃園市,73
112,7,7,土城區,,,,無年齡維度,0.0,男,遷出,桃園市,52
112,7,7,土城區,,,,無年齡維度,0.0,女,遷出,福建省,0
112,7,7,土城區,,,,無年齡維度,0.0,男,遷出,福建省,2
112,7,7,土城區,,,,無年齡維度,0.0,女,遷出,臺中市,10
112,7,7,土城區,,,,無年齡維度,0.0,男,遷出,臺中市,8
112,7,7,土城區,,,,無年齡維度,0.0,女,遷出,臺北市,24
112,7,7,土城區,,,,無年齡維度,0.0,男,遷出,臺北市,20
112,7,7,土城區,,,,無年齡維度,0.0,女,遷出,臺南市,5
112,7,7,土城區,,,,無年齡維度,0.0,男,遷出,臺南市,3
112,7,7,土城區,,,,無年齡維度,0.0,女,遷出,臺灣省,39
112,7,7,土城區,,,,無年齡維度,0.0,男,遷出,臺灣省,44
112,7,7,土城區,,,,無年齡維度,0.0,女,遷出,高雄市,8
112,7,7,土城區,,,,無年齡維度,0.0,男,遷出,高雄市,5
112,7,8,蘆洲區,,,,無年齡維度,0.0,女,遷入,migrants,113
112,7,8,蘆洲區,,,,無年齡維度,0.0,男,遷入,migrants,109
112,7,8,蘆洲區,,,,無年齡維度,0.0,女,遷入,other,0
112,7,8,蘆洲區,,,,無年齡維度,0.0,男,遷入,other,0
112,7,8,蘆洲區,,,,無年齡維度,0.0,女,遷入,其他縣市,0
112,7,8,蘆洲區,,,,無年齡維度,0.0,男,遷入,其他縣市,0
112,7,8,蘆洲區,,,,無年齡維度,0.0,女,遷入,其他鄉鎮,59
112,7,8,蘆洲區,,,,無年齡維度,0.0,男,遷入,其他鄉鎮,62
112,7,8,蘆洲區,,,,無年齡維度,0.0,女,遷入,合計,211
112,7,8,蘆洲區,,,,無年齡維度,0.0,男,遷入,合計,217
112,7,8,蘆洲區,,,,無年齡維度,0.0,女,遷入,國外,53
112,7,8,蘆洲區,,,,無年齡維度,0.0,男,遷入,國外,55
112,7,8,蘆洲區,,,,無年齡維度,0.0,女,遷入,新北市內,0
112,7,8,蘆洲區,,,,無年齡維度,0.0,男,遷入,新北市內,0
112,7,8,蘆洲區,,,,無年齡維度,0.0,女,遷入,桃園市,41
112,7,8,蘆洲區,,,,無年齡維度,0.0,男,遷入,桃園市,44
112,7,8,蘆洲區,,,,無年齡維度,0.0,女,遷入,福建省,1
112,7,8,蘆洲區,,,,無年齡維度,0.0,男,遷入,福建省,2
112,7,8,蘆洲區,,,,無年齡維度,0.0,女,遷入,臺中市,4
112,7,8,蘆洲區,,,,無年齡維度,0.0,男,遷入,臺中市,5
112,7,8,蘆洲區,,,,無年齡維度,0.0,女,遷入,臺北市,17
112,7,8,蘆洲區,,,,無年齡維度,0.0,男,遷入,臺北市,15
112,7,8,蘆洲區,,,,無年齡維度,0.0,女,遷入,臺南市,4
112,7,8,蘆洲區,,,,無年齡維度,0.0,男,遷入,臺南市,3
112,7,8,蘆洲區,,,,無年齡維度,0.0,女,遷入,臺灣省,23
112,7,8,蘆洲區,,,,無年齡維度,0.0,男,遷入,臺灣省,23
112,7,8,蘆洲區,,,,無年齡維度,0.0,女,遷入,高雄市,2
112,7,8,蘆洲區,,,,無年齡維度,0.0,男,遷入,高雄市,5
112,7,8,蘆洲區,,,,無年齡維度,0.0,女,遷出,migrants,113
112,7,8,蘆洲區,,,,無年齡維度,0.0,男,遷出,migrants,109
112,7,8,蘆洲區,,,,無年齡維度,0.0,女,遷出,other,0
112,7,8,蘆洲區,,,,無年齡維度,0.0,男,遷出,other,0
112,7,8,蘆洲區,,,,無年齡維度,0.0,女,遷出,其他縣市,0
112,7,8,蘆洲區,,,,無年齡維度,0.0,男,遷出,其他縣市,0
112,7,8,蘆洲區,,,,無年齡維度,0.0,女,遷出,其他鄉鎮,31
112,7,8,蘆洲區,,,,無年齡維度,0.0,男,遷出,其他鄉鎮,34
112,7,8,蘆洲區,,,,無年齡維度,0.0,女,遷出,合計,162
112,7,8,蘆洲區,,,,無年齡維度,0.0,男,遷出,合計,124
112,7,8,蘆洲區,,,,無年齡維度,0.0,女,遷出,國外,3
112,7,8,蘆洲區,,,,無年齡維度,0.0,男,遷出,國外,4
112,7,8,蘆洲區,,,,無年齡維度,0.0,女,遷出,新北市內,0
112,7,8,蘆洲區,,,,無年齡維度,0.0,男,遷出,新北市內,0
112,7,8,蘆洲區,,,,無年齡維度,0.0,女,遷出,桃園市,89
112,7,8,蘆洲區,,,,無年齡維度,0.0,男,遷出,桃園市,60
112,7,8,蘆洲區,,,,無年齡維度,0.0,女,遷出,福建省,0
112,7,8,蘆洲區,,,,無年齡維度,0.0,男,遷出,福建省,3
112,7,8,蘆洲區,,,,無年齡維度,0.0,女,遷出,臺中市,3
112,7,8,蘆洲區,,,,無年齡維度,0.0,男,遷出,臺中市,5
112,7,8,蘆洲區,,,,無年齡維度,0.0,女,遷出,臺北市,16
112,7,8,蘆洲區,,,,無年齡維度,0.0,男,遷出,臺北市,6
112,7,8,蘆洲區,,,,無年齡維度,0.0,女,遷出,臺南市,0
112,7,8,蘆洲區,,,,無年齡維度,0.0,男,遷出,臺南市,0
112,7,8,蘆洲區,,,,無年齡維度,0.0,女,遷出,臺灣省,19
112,7,8,蘆洲區,,,,無年齡維度,0.0,男,遷出,臺灣省,11
112,7,8,蘆洲區,,,,無年齡維度,0.0,女,遷出,高雄市,1
112,7,8,蘆洲區,,,,無年齡維度,0.0,男,遷出,高雄市,1
112,7,9,樹林區,,,,無年齡維度,0.0,女,遷入,migrants,133
112,7,9,樹林區,,,,無年齡維度,0.0,男,遷入,migrants,125
112,7,9,樹林區,,,,無年齡維度,0.0,女,遷入,other,0
112,7,9,樹林區,,,,無年齡維度,0.0,男,遷入,other,0
112,7,9,樹林區,,,,無年齡維度,0.0,女,遷入,其他縣市,0
112,7,9,樹林區,,,,無年齡維度,0.0,男,遷入,其他縣市,0
112,7,9,樹林區,,,,無年齡維度,0.0,女,遷入,其他鄉鎮,80
112,7,9,樹林區,,,,無年齡維度,0.0,男,遷入,其他鄉鎮,85
112,7,9,樹林區,,,,無年齡維度,0.0,女,遷入,合計,273
112,7,9,樹林區,,,,無年齡維度,0.0,男,遷入,合計,235
112,7,9,樹林區,,,,無年齡維度,0.0,女,遷入,國外,94
112,7,9,樹林區,,,,無年齡維度,0.0,男,遷入,國外,80
112,7,9,樹林區,,,,無年齡維度,0.0,女,遷入,新北市內,0
112,7,9,樹林區,,,,無年齡維度,0.0,男,遷入,新北市內,0
112,7,9,樹林區,,,,無年齡維度,0.0,女,遷入,桃園市,29
112,7,9,樹林區,,,,無年齡維度,0.0,男,遷入,桃園市,20
112,7,9,樹林區,,,,無年齡維度,0.0,女,遷入,福建省,1
112,7,9,樹林區,,,,無年齡維度,0.0,男,遷入,福建省,2
112,7,9,樹林區,,,,無年齡維度,0.0,女,遷入,臺中市,6
112,7,9,樹林區,,,,無年齡維度,0.0,男,遷入,臺中市,1
112,7,9,樹林區,,,,無年齡維度,0.0,女,遷入,臺北市,17
112,7,9,樹林區,,,,無年齡維度,0.0,男,遷入,臺北市,13
112,7,9,樹林區,,,,無年齡維度,0.0,女,遷入,臺南市,2
112,7,9,樹林區,,,,無年齡維度,0.0,男,遷入,臺南市,2
112,7,9,樹林區,,,,無年齡維度,0.0,女,遷入,臺灣省,26
112,7,9,樹林區,,,,無年齡維度,0.0,男,遷入,臺灣省,23
112,7,9,樹林區,,,,無年齡維度,0.0,女,遷入,高雄市,8
112,7,9,樹林區,,,,無年齡維度,0.0,男,遷入,高雄市,5
112,7,9,樹林區,,,,無年齡維度,0.0,女,遷出,migrants,133
112,7,9,樹林區,,,,無年齡維度,0.0,男,遷出,migrants,125
112,7,9,樹林區,,,,無年齡維度,0.0,女,遷出,other,0
112,7,9,樹林區,,,,無年齡維度,0.0,男,遷出,other,0
112,7,9,樹林區,,,,無年齡維度,0.0,女,遷出,其他縣市,0
112,7,9,樹林區,,,,無年齡維度,0.0,男,遷出,其他縣市,0
112,7,9,樹林區,,,,無年齡維度,0.0,女,遷出,其他鄉鎮,106
112,7,9,樹林區,,,,無年齡維度,0.0,男,遷出,其他鄉鎮,78
112,7,9,樹林區,,,,無年齡維度,0.0,女,遷出,合計,218
112,7,9,樹林區,,,,無年齡維度,0.0,男,遷出,合計,169
112,7,9,樹林區,,,,無年齡維度,0.0,女,遷出,國外,1
112,7,9,樹林區,,,,無年齡維度,0.0,男,遷出,國外,5
112,7,9,樹林區,,,,無年齡維度,0.0,女,遷出,新北市內,0
112,7,9,樹林區,,,,無年齡維度,0.0,男,遷出,新北市內,0
112,7,9,樹林區,,,,無年齡維度,0.0,女,遷出,桃園市,39
112,7,9,樹林區,,,,無年齡維度,0.0,男,遷出,桃園市,29
112,7,9,樹林區,,,,無年齡維度,0.0,女,遷出,福建省,0
112,7,9,樹林區,,,,無年齡維度,0.0,男,遷出,福建省,4
112,7,9,樹林區,,,,無年齡維度,0.0,女,遷出,臺中市,10
112,7,9,樹林區,,,,無年齡維度,0.0,男,遷出,臺中市,4
112,7,9,樹林區,,,,無年齡維度,0.0,女,遷出,臺北市,25
112,7,9,樹林區,,,,無年齡維度,0.0,男,遷出,臺北市,21
112,7,9,樹林區,,,,無年齡維度,0.0,女,遷出,臺南市,4
112,7,9,樹林區,,,,無年齡維度,0.0,男,遷出,臺南市,5
112,7,9,樹林區,,,,無年齡維度,0.0,女,遷出,臺灣省,28
112,7,9,樹林區,,,,無年齡維度,0.0,男,遷出,臺灣省,20
112,7,9,樹林區,,,,無年齡維度,0.0,女,遷出,高雄市,5
112,7,9,樹林區,,,,無年齡維度,0.0,男,遷出,高雄市,3
112,7,10,鶯歌區,,,,無年齡維度,0.0,女,遷入,migrants,329
112,7,10,鶯歌區,,,,無年齡維度,0.0,男,遷入,migrants,300
112,7,10,鶯歌區,,,,無年齡維度,0.0,女,遷入,other,0
112,7,10,鶯歌區,,,,無年齡維度,0.0,男,遷入,other,0
112,7,10,鶯歌區,,,,無年齡維度,0.0,女,遷入,其他縣市,0
112,7,10,鶯歌區,,,,無年齡維度,0.0,男,遷入,其他縣市,0
112,7,10,鶯歌區,,,,無年齡維度,0.0,女,遷入,其他鄉鎮,154
112,7,10,鶯歌區,,,,無年齡維度,0.0,男,遷入,其他鄉鎮,140
112,7,10,鶯歌區,,,,無年齡維度,0.0,女,遷入,合計,693
112,7,10,鶯歌區,,,,無年齡維度,0.0,男,遷入,合計,622
112,7,10,鶯歌區,,,,無年齡維度,0.0,女,遷入,國外,190
112,7,10,鶯歌區,,,,無年齡維度,0.0,男,遷入,國外,161
112,7,10,鶯歌區,,,,無年齡維度,0.0,女,遷入,新北市內,0
112,7,10,鶯歌區,,,,無年齡維度,0.0,男,遷入,新北市內,0
112,7,10,鶯歌區,,,,無年齡維度,0.0,女,遷入,桃園市,21
112,7,10,鶯歌區,,,,無年齡維度,0.0,男,遷入,桃園市,15
112,7,10,鶯歌區,,,,無年齡維度,0.0,女,遷入,福建省,1
112,7,10,鶯歌區,,,,無年齡維度,0.0,男,遷入,福建省,2
112,7,10,鶯歌區,,,,無年齡維度,0.0,女,遷入,臺中市,11
112,7,10,鶯歌區,,,,無年齡維度,0.0,男,遷入,臺中市,17
112,7,10,鶯歌區,,,,無年齡維度,0.0,女,遷入,臺北市,217
112,7,10,鶯歌區,,,,無年齡維度,0.0,男,遷入,臺北市,219
112,7,10,鶯歌區,,,,無年齡維度,0.0,女,遷入,臺南市,12
112,7,10,鶯歌區,,,,無年齡維度,0.0,男,遷入,臺南市,8
112,7,10,鶯歌區,,,,無年齡維度,0.0,女,遷入,臺灣省,55
112,7,10,鶯歌區,,,,無年齡維度,0.0,男,遷入,臺灣省,37
112,7,10,鶯歌區,,,,無年齡維度,0.0,女,遷入,高雄市,9
112,7,10,鶯歌區,,,,無年齡維度,0.0,男,遷入,高雄市,12
112,7,10,鶯歌區,,,,無年齡維度,0.0,女,遷出,migrants,329
112,7,10,鶯歌區,,,,無年齡維度,0.0,男,遷出,migrants,300
112,7,10,鶯歌區,,,,無年齡維度,0.0,女,遷出,other,0
112,7,10,鶯歌區,,,,無年齡維度,0.0,男,遷出,other,0
112,7,10,鶯歌區,,,,無年齡維度,0.0,女,遷出,其他縣市,0
112,7,10,鶯歌區,,,,無年齡維度,0.0,男,遷出,其他縣市,0
112,7,10,鶯歌區,,,,無年齡維度,0.0,女,遷出,其他鄉鎮,84
112,7,10,鶯歌區,,,,無年齡維度,0.0,男,遷出,其他鄉鎮,73
112,7,10,鶯歌區,,,,無年齡維度,0.0,女,遷出,合計,321
112,7,10,鶯歌區,,,,無年齡維度,0.0,男,遷出,合計,283
112,7,10,鶯歌區,,,,無年齡維度,0.0,女,遷出,國外,34
112,7,10,鶯歌區,,,,無年齡維度,0.0,男,遷出,國外,31
112,7,10,鶯歌區,,,,無年齡維度,0.0,女,遷出,新北市內,0
112,7,10,鶯歌區,,,,無年齡維度,0.0,男,遷出,新北市內,0
112,7,10,鶯歌區,,,,無年齡維度,0.0,女,遷出,桃園市,22
112,7,10,鶯歌區,,,,無年齡維度,0.0,男,遷出,桃園市,22
112,7,10,鶯歌區,,,,無年齡維度,0.0,女,遷出,福建省,4
112,7,10,鶯歌區,,,,無年齡維度,0.0,男,遷出,福建省,4
112,7,10,鶯歌區,,,,無年齡維度,0.0,女,遷出,臺中市,20
112,7,10,鶯歌區,,,,無年齡維度,0.0,男,遷出,臺中市,13
112,7,10,鶯歌區,,,,無年齡維度,0.0,女,遷出,臺北市,122
112,7,10,鶯歌區,,,,無年齡維度,0.0,男,遷出,臺北市,92
112,7,10,鶯歌區,,,,無年齡維度,0.0,女,遷出,臺南市,4
112,7,10,鶯歌區,,,,無年齡維度,0.0,男,遷出,臺南市,6
112,7,10,鶯歌區,,,,無年齡維度,0.0,女,遷出,臺灣省,23
112,7,10,鶯歌區,,,,無年齡維度,0.0,男,遷出,臺灣省,38
112,7,10,鶯歌區,,,,無年齡維度,0.0,女,遷出,高雄市,7
112,7,10,鶯歌區,,,,無年齡維度,0.0,男,遷出,高雄市,3
112,7,11,三峽區,,,,無年齡維度,0.0,女,遷入,migrants,285
112,7,11,三峽區,,,,無年齡維度,0.0,男,遷入,migrants,254
112,7,11,三峽區,,,,無年齡維度,0.0,女,遷入,other,0
112,7,11,三峽區,,,,無年齡維度,0.0,男,遷入,other,0
112,7,11,三峽區,,,,無年齡維度,0.0,女,遷入,其他縣市,0
112,7,11,三峽區,,,,無年齡維度,0.0,男,遷入,其他縣市,0
112,7,11,三峽區,,,,無年齡維度,0.0,女,遷入,其他鄉鎮,55
112,7,11,三峽區,,,,無年齡維度,0.0,男,遷入,其他鄉鎮,56
112,7,11,三峽區,,,,無年齡維度,0.0,女,遷入,合計,680
112,7,11,三峽區,,,,無年齡維度,0.0,男,遷入,合計,555
112,7,11,三峽區,,,,無年齡維度,0.0,女,遷入,國外,169
112,7,11,三峽區,,,,無年齡維度,0.0,男,遷入,國外,127
112,7,11,三峽區,,,,無年齡維度,0.0,女,遷入,新北市內,0
112,7,11,三峽區,,,,無年齡維度,0.0,男,遷入,新北市內,0
112,7,11,三峽區,,,,無年齡維度,0.0,女,遷入,桃園市,35
112,7,11,三峽區,,,,無年齡維度,0.0,男,遷入,桃園市,26
112,7,11,三峽區,,,,無年齡維度,0.0,女,遷入,福建省,2
112,7,11,三峽區,,,,無年齡維度,0.0,男,遷入,福建省,1
112,7,11,三峽區,,,,無年齡維度,0.0,女,遷入,臺中市,15
112,7,11,三峽區,,,,無年齡維度,0.0,男,遷入,臺中市,11
112,7,11,三峽區,,,,無年齡維度,0.0,女,遷入,臺北市,290
112,7,11,三峽區,,,,無年齡維度,0.0,男,遷入,臺北市,252
112,7,11,三峽區,,,,無年齡維度,0.0,女,遷入,臺南市,4
112,7,11,三峽區,,,,無年齡維度,0.0,男,遷入,臺南市,1
112,7,11,三峽區,,,,無年齡維度,0.0,女,遷入,臺灣省,82
112,7,11,三峽區,,,,無年齡維度,0.0,男,遷入,臺灣省,64
112,7,11,三峽區,,,,無年齡維度,0.0,女,遷入,高雄市,8
112,7,11,三峽區,,,,無年齡維度,0.0,男,遷入,高雄市,11
112,7,11,三峽區,,,,無年齡維度,0.0,女,遷出,migrants,285
112,7,11,三峽區,,,,無年齡維度,0.0,男,遷出,migrants,254
112,7,11,三峽區,,,,無年齡維度,0.0,女,遷出,other,0
112,7,11,三峽區,,,,無年齡維度,0.0,男,遷出,other,0
112,7,11,三峽區,,,,無年齡維度,0.0,女,遷出,其他縣市,0
112,7,11,三峽區,,,,無年齡維度,0.0,男,遷出,其他縣市,0
112,7,11,三峽區,,,,無年齡維度,0.0,女,遷出,其他鄉鎮,77
112,7,11,三峽區,,,,無年齡維度,0.0,男,遷出,其他鄉鎮,52
112,7,11,三峽區,,,,無年齡維度,0.0,女,遷出,合計,402
112,7,11,三峽區,,,,無年齡維度,0.0,男,遷出,合計,345
112,7,11,三峽區,,,,無年齡維度,0.0,女,遷出,國外,15
112,7,11,三峽區,,,,無年齡維度,0.0,男,遷出,國外,11
112,7,11,三峽區,,,,無年齡維度,0.0,女,遷出,新北市內,0
112,7,11,三峽區,,,,無年齡維度,0.0,男,遷出,新北市內,0
112,7,11,三峽區,,,,無年齡維度,0.0,女,遷出,桃園市,39
112,7,11,三峽區,,,,無年齡維度,0.0,男,遷出,桃園市,40
112,7,11,三峽區,,,,無年齡維度,0.0,女,遷出,福建省,3
112,7,11,三峽區,,,,無年齡維度,0.0,男,遷出,福建省,2
112,7,11,三峽區,,,,無年齡維度,0.0,女,遷出,臺中市,13
112,7,11,三峽區,,,,無年齡維度,0.0,男,遷出,臺中市,14
112,7,11,三峽區,,,,無年齡維度,0.0,女,遷出,臺北市,162
112,7,11,三峽區,,,,無年齡維度,0.0,男,遷出,臺北市,150
112,7,11,三峽區,,,,無年齡維度,0.0,女,遷出,臺南市,10
112,7,11,三峽區,,,,無年齡維度,0.0,男,遷出,臺南市,4
112,7,11,三峽區,,,,無年齡維度,0.0,女,遷出,臺灣省,73
112,7,11,三峽區,,,,無年齡維度,0.0,男,遷出,臺灣省,65
112,7,11,三峽區,,,,無年齡維度,0.0,女,遷出,高雄市,10
112,7,11,三峽區,,,,無年齡維度,0.0,男,遷出,高雄市,7
112,7,12,淡水區,,,,無年齡維度,0.0,女,遷入,migrants,22
112,7,12,淡水區,,,,無年齡維度,0.0,男,遷入,migrants,30
112,7,12,淡水區,,,,無年齡維度,0.0,女,遷入,other,0
112,7,12,淡水區,,,,無年齡維度,0.0,男,遷入,other,0
112,7,12,淡水區,,,,無年齡維度,0.0,女,遷入,其他縣市,0
112,7,12,淡水區,,,,無年齡維度,0.0,男,遷入,其他縣市,0
112,7,12,淡水區,,,,無年齡維度,0.0,女,遷入,其他鄉鎮,10
112,7,12,淡水區,,,,無年齡維度,0.0,男,遷入,其他鄉鎮,5
112,7,12,淡水區,,,,無年齡維度,0.0,女,遷入,合計,63
112,7,12,淡水區,,,,無年齡維度,0.0,男,遷入,合計,62
112,7,12,淡水區,,,,無年齡維度,0.0,女,遷入,國外,14
112,7,12,淡水區,,,,無年齡維度,0.0,男,遷入,國外,23
112,7,12,淡水區,,,,無年齡維度,0.0,女,遷入,新北市內,0
112,7,12,淡水區,,,,無年齡維度,0.0,男,遷入,新北市內,0
112,7,12,淡水區,,,,無年齡維度,0.0,女,遷入,桃園市,2
112,7,12,淡水區,,,,無年齡維度,0.0,男,遷入,桃園市,2
112,7,12,淡水區,,,,無年齡維度,0.0,女,遷入,福建省,0
112,7,12,淡水區,,,,無年齡維度,0.0,男,遷入,福建省,0
112,7,12,淡水區,,,,無年齡維度,0.0,女,遷入,臺中市,2
112,7,12,淡水區,,,,無年齡維度,0.0,男,遷入,臺中市,2
112,7,12,淡水區,,,,無年齡維度,0.0,女,遷入,臺北市,5
112,7,12,淡水區,,,,無年齡維度,0.0,男,遷入,臺北市,7
112,7,12,淡水區,,,,無年齡維度,0.0,女,遷入,臺南市,3
112,7,12,淡水區,,,,無年齡維度,0.0,男,遷入,臺南市,0
112,7,12,淡水區,,,,無年齡維度,0.0,女,遷入,臺灣省,24
112,7,12,淡水區,,,,無年齡維度,0.0,男,遷入,臺灣省,23
112,7,12,淡水區,,,,無年齡維度,0.0,女,遷入,高雄市,1
112,7,12,淡水區,,,,無年齡維度,0.0,男,遷入,高雄市,0
112,7,12,淡水區,,,,無年齡維度,0.0,女,遷出,migrants,22
112,7,12,淡水區,,,,無年齡維度,0.0,男,遷出,migrants,30
112,7,12,淡水區,,,,無年齡維度,0.0,女,遷出,other,0
112,7,12,淡水區,,,,無年齡維度,0.0,男,遷出,other,0
112,7,12,淡水區,,,,無年齡維度,0.0,女,遷出,其他縣市,0
112,7,12,淡水區,,,,無年齡維度,0.0,男,遷出,其他縣市,0
112,7,12,淡水區,,,,無年齡維度,0.0,女,遷出,其他鄉鎮,13
112,7,12,淡水區,,,,無年齡維度,0.0,男,遷出,其他鄉鎮,13
112,7,12,淡水區,,,,無年齡維度,0.0,女,遷出,合計,58
112,7,12,淡水區,,,,無年齡維度,0.0,男,遷出,合計,60
112,7,12,淡水區,,,,無年齡維度,0.0,女,遷出,國外,0
112,7,12,淡水區,,,,無年齡維度,0.0,男,遷出,國外,1
112,7,12,淡水區,,,,無年齡維度,0.0,女,遷出,新北市內,0
112,7,12,淡水區,,,,無年齡維度,0.0,男,遷出,新北市內,0
112,7,12,淡水區,,,,無年齡維度,0.0,女,遷出,桃園市,5
112,7,12,淡水區,,,,無年齡維度,0.0,男,遷出,桃園市,3
112,7,12,淡水區,,,,無年齡維度,0.0,女,遷出,福建省,0
112,7,12,淡水區,,,,無年齡維度,0.0,男,遷出,福建省,1
112,7,12,淡水區,,,,無年齡維度,0.0,女,遷出,臺中市,1
112,7,12,淡水區,,,,無年齡維度,0.0,男,遷出,臺中市,2
112,7,12,淡水區,,,,無年齡維度,0.0,女,遷出,臺北市,10
112,7,12,淡水區,,,,無年齡維度,0.0,男,遷出,臺北市,8
112,7,12,淡水區,,,,無年齡維度,0.0,女,遷出,臺南市,1
112,7,12,淡水區,,,,無年齡維度,0.0,男,遷出,臺南市,3
112,7,12,淡水區,,,,無年齡維度,0.0,女,遷出,臺灣省,28
112,7,12,淡水區,,,,無年齡維度,0.0,男,遷出,臺灣省,28
112,7,12,淡水區,,,,無年齡維度,0.0,女,遷出,高雄市,0
112,7,12,淡水區,,,,無年齡維度,0.0,男,遷出,高雄市,1
112,7,13,汐止區,,,,無年齡維度,0.0,女,遷入,migrants,252
112,7,13,汐止區,,,,無年齡維度,0.0,男,遷入,migrants,256
112,7,13,汐止區,,,,無年齡維度,0.0,女,遷入,other,0
112,7,13,汐止區,,,,無年齡維度,0.0,男,遷入,other,0
112,7,13,汐止區,,,,無年齡維度,0.0,女,遷入,其他縣市,0
112,7,13,汐止區,,,,無年齡維度,0.0,男,遷入,其他縣市,0
112,7,13,汐止區,,,,無年齡維度,0.0,女,遷入,其他鄉鎮,232
112,7,13,汐止區,,,,無年齡維度,0.0,男,遷入,其他鄉鎮,181
112,7,13,汐止區,,,,無年齡維度,0.0,女,遷入,合計,594
112,7,13,汐止區,,,,無年齡維度,0.0,男,遷入,合計,509
112,7,13,汐止區,,,,無年齡維度,0.0,女,遷入,國外,174
112,7,13,汐止區,,,,無年齡維度,0.0,男,遷入,國外,169
112,7,13,汐止區,,,,無年齡維度,0.0,女,遷入,新北市內,0
112,7,13,汐止區,,,,無年齡維度,0.0,男,遷入,新北市內,0
112,7,13,汐止區,,,,無年齡維度,0.0,女,遷入,桃園市,22
112,7,13,汐止區,,,,無年齡維度,0.0,男,遷入,桃園市,18
112,7,13,汐止區,,,,無年齡維度,0.0,女,遷入,福建省,2
112,7,13,汐止區,,,,無年齡維度,0.0,男,遷入,福建省,3
112,7,13,汐止區,,,,無年齡維度,0.0,女,遷入,臺中市,9
112,7,13,汐止區,,,,無年齡維度,0.0,男,遷入,臺中市,16
112,7,13,汐止區,,,,無年齡維度,0.0,女,遷入,臺北市,75
112,7,13,汐止區,,,,無年齡維度,0.0,男,遷入,臺北市,56
112,7,13,汐止區,,,,無年齡維度,0.0,女,遷入,臺南市,10
112,7,13,汐止區,,,,無年齡維度,0.0,男,遷入,臺南市,14
112,7,13,汐止區,,,,無年齡維度,0.0,女,遷入,臺灣省,46
112,7,13,汐止區,,,,無年齡維度,0.0,男,遷入,臺灣省,32
112,7,13,汐止區,,,,無年齡維度,0.0,女,遷入,高雄市,7
112,7,13,汐止區,,,,無年齡維度,0.0,男,遷入,高雄市,8
112,7,13,汐止區,,,,無年齡維度,0.0,女,遷出,migrants,252
112,7,13,汐止區,,,,無年齡維度,0.0,男,遷出,migrants,256
112,7,13,汐止區,,,,無年齡維度,0.0,女,遷出,other,0
112,7,13,汐止區,,,,無年齡維度,0.0,男,遷出,other,0
112,7,13,汐止區,,,,無年齡維度,0.0,女,遷出,其他縣市,0
112,7,13,汐止區,,,,無年齡維度,0.0,男,遷出,其他縣市,0
112,7,13,汐止區,,,,無年齡維度,0.0,女,遷出,其他鄉鎮,192
112,7,13,汐止區,,,,無年齡維度,0.0,男,遷出,其他鄉鎮,141
112,7,13,汐止區,,,,無年齡維度,0.0,女,遷出,合計,399
112,7,13,汐止區,,,,無年齡維度,0.0,男,遷出,合計,312
112,7,13,汐止區,,,,無年齡維度,0.0,女,遷出,國外,11
112,7,13,汐止區,,,,無年齡維度,0.0,男,遷出,國外,8
112,7,13,汐止區,,,,無年齡維度,0.0,女,遷出,新北市內,0
112,7,13,汐止區,,,,無年齡維度,0.0,男,遷出,新北市內,0
112,7,13,汐止區,,,,無年齡維度,0.0,女,遷出,桃園市,49
112,7,13,汐止區,,,,無年齡維度,0.0,男,遷出,桃園市,40
112,7,13,汐止區,,,,無年齡維度,0.0,女,遷出,福建省,4
112,7,13,汐止區,,,,無年齡維度,0.0,男,遷出,福建省,7
112,7,13,汐止區,,,,無年齡維度,0.0,女,遷出,臺中市,13
112,7,13,汐止區,,,,無年齡維度,0.0,男,遷出,臺中市,15
112,7,13,汐止區,,,,無年齡維度,0.0,女,遷出,臺北市,59
112,7,13,汐止區,,,,無年齡維度,0.0,男,遷出,臺北市,36
112,7,13,汐止區,,,,無年齡維度,0.0,女,遷出,臺南市,11
112,7,13,汐止區,,,,無年齡維度,0.0,男,遷出,臺南市,7
112,7,13,汐止區,,,,無年齡維度,0.0,女,遷出,臺灣省,49
112,7,13,汐止區,,,,無年齡維度,0.0,男,遷出,臺灣省,49
112,7,13,汐止區,,,,無年齡維度,0.0,女,遷出,高雄市,11
112,7,13,汐止區,,,,無年齡維度,0.0,男,遷出,高雄市,8
112,7,14,瑞芳區,,,,無年齡維度,0.0,女,遷入,migrants,208
112,7,14,瑞芳區,,,,無年齡維度,0.0,男,遷入,migrants,186
112,7,14,瑞芳區,,,,無年齡維度,0.0,女,遷入,other,0
112,7,14,瑞芳區,,,,無年齡維度,0.0,男,遷入,other,0
112,7,14,瑞芳區,,,,無年齡維度,0.0,女,遷入,其他縣市,0
112,7,14,瑞芳區,,,,無年齡維度,0.0,男,遷入,其他縣市,0
112,7,14,瑞芳區,,,,無年齡維度,0.0,女,遷入,其他鄉鎮,141
112,7,14,瑞芳區,,,,無年齡維度,0.0,男,遷入,其他鄉鎮,133
112,7,14,瑞芳區,,,,無年齡維度,0.0,女,遷入,合計,459
112,7,14,瑞芳區,,,,無年齡維度,0.0,男,遷入,合計,431
112,7,14,瑞芳區,,,,無年齡維度,0.0,女,遷入,國外,130
112,7,14,瑞芳區,,,,無年齡維度,0.0,男,遷入,國外,128
112,7,14,瑞芳區,,,,無年齡維度,0.0,女,遷入,新北市內,0
112,7,14,瑞芳區,,,,無年齡維度,0.0,男,遷入,新北市內,0
112,7,14,瑞芳區,,,,無年齡維度,0.0,女,遷入,桃園市,8
112,7,14,瑞芳區,,,,無年齡維度,0.0,男,遷入,桃園市,20
112,7,14,瑞芳區,,,,無年齡維度,0.0,女,遷入,福建省,0
112,7,14,瑞芳區,,,,無年齡維度,0.0,男,遷入,福建省,2
112,7,14,瑞芳區,,,,無年齡維度,0.0,女,遷入,臺中市,3
112,7,14,瑞芳區,,,,無年齡維度,0.0,男,遷入,臺中市,4
112,7,14,瑞芳區,,,,無年齡維度,0.0,女,遷入,臺北市,119
112,7,14,瑞芳區,,,,無年齡維度,0.0,男,遷入,臺北市,93
112,7,14,瑞芳區,,,,無年齡維度,0.0,女,遷入,臺南市,0
112,7,14,瑞芳區,,,,無年齡維度,0.0,男,遷入,臺南市,0
112,7,14,瑞芳區,,,,無年齡維度,0.0,女,遷入,臺灣省,38
112,7,14,瑞芳區,,,,無年齡維度,0.0,男,遷入,臺灣省,33
112,7,14,瑞芳區,,,,無年齡維度,0.0,女,遷入,高雄市,7
112,7,14,瑞芳區,,,,無年齡維度,0.0,男,遷入,高雄市,11
112,7,14,瑞芳區,,,,無年齡維度,0.0,女,遷出,migrants,208
112,7,14,瑞芳區,,,,無年齡維度,0.0,男,遷出,migrants,186
112,7,14,瑞芳區,,,,無年齡維度,0.0,女,遷出,other,0
112,7,14,瑞芳區,,,,無年齡維度,0.0,男,遷出,other,0
112,7,14,瑞芳區,,,,無年齡維度,0.0,女,遷出,其他縣市,0
112,7,14,瑞芳區,,,,無年齡維度,0.0,男,遷出,其他縣市,0
112,7,14,瑞芳區,,,,無年齡維度,0.0,女,遷出,其他鄉鎮,206
112,7,14,瑞芳區,,,,無年齡維度,0.0,男,遷出,其他鄉鎮,150
112,7,14,瑞芳區,,,,無年齡維度,0.0,女,遷出,合計,382
112,7,14,瑞芳區,,,,無年齡維度,0.0,男,遷出,合計,321
112,7,14,瑞芳區,,,,無年齡維度,0.0,女,遷出,國外,12
112,7,14,瑞芳區,,,,無年齡維度,0.0,男,遷出,國外,8
112,7,14,瑞芳區,,,,無年齡維度,0.0,女,遷出,新北市內,0
112,7,14,瑞芳區,,,,無年齡維度,0.0,男,遷出,新北市內,0
112,7,14,瑞芳區,,,,無年齡維度,0.0,女,遷出,桃園市,38
112,7,14,瑞芳區,,,,無年齡維度,0.0,男,遷出,桃園市,39
112,7,14,瑞芳區,,,,無年齡維度,0.0,女,遷出,福建省,0
112,7,14,瑞芳區,,,,無年齡維度,0.0,男,遷出,福建省,4
112,7,14,瑞芳區,,,,無年齡維度,0.0,女,遷出,臺中市,11
112,7,14,瑞芳區,,,,無年齡維度,0.0,男,遷出,臺中市,6
112,7,14,瑞芳區,,,,無年齡維度,0.0,女,遷出,臺北市,80
112,7,14,瑞芳區,,,,無年齡維度,0.0,男,遷出,臺北市,71
112,7,14,瑞芳區,,,,無年齡維度,0.0,女,遷出,臺南市,2
112,7,14,瑞芳區,,,,無年齡維度,0.0,男,遷出,臺南市,6
112,7,14,瑞芳區,,,,無年齡維度,0.0,女,遷出,臺灣省,25
112,7,14,瑞芳區,,,,無年齡維度,0.0,男,遷出,臺灣省,33
112,7,14,瑞芳區,,,,無年齡維度,0.0,女,遷出,高雄市,8
112,7,14,瑞芳區,,,,無年齡維度,0.0,男,遷出,高雄市,4
112,7,15,五股區,,,,無年齡維度,0.0,女,遷入,migrants,108
112,7,15,五股區,,,,無年齡維度,0.0,男,遷入,migrants,81
112,7,15,五股區,,,,無年齡維度,0.0,女,遷入,other,0
112,7,15,五股區,,,,無年齡維度,0.0,男,遷入,other,0
112,7,15,五股區,,,,無年齡維度,0.0,女,遷入,其他縣市,0
112,7,15,五股區,,,,無年齡維度,0.0,男,遷入,其他縣市,0
112,7,15,五股區,,,,無年齡維度,0.0,女,遷入,其他鄉鎮,141
112,7,15,五股區,,,,無年齡維度,0.0,男,遷入,其他鄉鎮,111
112,7,15,五股區,,,,無年齡維度,0.0,女,遷入,合計,298
112,7,15,五股區,,,,無年齡維度,0.0,男,遷入,合計,267
112,7,15,五股區,,,,無年齡維度,0.0,女,遷入,國外,69
112,7,15,五股區,,,,無年齡維度,0.0,男,遷入,國外,64
112,7,15,五股區,,,,無年齡維度,0.0,女,遷入,新北市內,0
112,7,15,五股區,,,,無年齡維度,0.0,男,遷入,新北市內,0
112,7,15,五股區,,,,無年齡維度,0.0,女,遷入,桃園市,14
112,7,15,五股區,,,,無年齡維度,0.0,男,遷入,桃園市,17
112,7,15,五股區,,,,無年齡維度,0.0,女,遷入,福建省,4
112,7,15,五股區,,,,無年齡維度,0.0,男,遷入,福建省,2
112,7,15,五股區,,,,無年齡維度,0.0,女,遷入,臺中市,3
112,7,15,五股區,,,,無年齡維度,0.0,男,遷入,臺中市,3
112,7,15,五股區,,,,無年齡維度,0.0,女,遷入,臺北市,39
112,7,15,五股區,,,,無年齡維度,0.0,男,遷入,臺北市,40
112,7,15,五股區,,,,無年齡維度,0.0,女,遷入,臺南市,1
112,7,15,五股區,,,,無年齡維度,0.0,男,遷入,臺南市,4
112,7,15,五股區,,,,無年齡維度,0.0,女,遷入,臺灣省,18
112,7,15,五股區,,,,無年齡維度,0.0,男,遷入,臺灣省,23
112,7,15,五股區,,,,無年齡維度,0.0,女,遷入,高雄市,4
112,7,15,五股區,,,,無年齡維度,0.0,男,遷入,高雄市,2
112,7,15,五股區,,,,無年齡維度,0.0,女,遷出,migrants,108
112,7,15,五股區,,,,無年齡維度,0.0,男,遷出,migrants,81
112,7,15,五股區,,,,無年齡維度,0.0,女,遷出,other,0
112,7,15,五股區,,,,無年齡維度,0.0,男,遷出,other,0
112,7,15,五股區,,,,無年齡維度,0.0,女,遷出,其他縣市,0
112,7,15,五股區,,,,無年齡維度,0.0,男,遷出,其他縣市,0
112,7,15,五股區,,,,無年齡維度,0.0,女,遷出,其他鄉鎮,100
112,7,15,五股區,,,,無年齡維度,0.0,男,遷出,其他鄉鎮,93
112,7,15,五股區,,,,無年齡維度,0.0,女,遷出,合計,170
112,7,15,五股區,,,,無年齡維度,0.0,男,遷出,合計,164
112,7,15,五股區,,,,無年齡維度,0.0,女,遷出,國外,2
112,7,15,五股區,,,,無年齡維度,0.0,男,遷出,國外,3
112,7,15,五股區,,,,無年齡維度,0.0,女,遷出,新北市內,0
112,7,15,五股區,,,,無年齡維度,0.0,男,遷出,新北市內,0
112,7,15,五股區,,,,無年齡維度,0.0,女,遷出,桃園市,21
112,7,15,五股區,,,,無年齡維度,0.0,男,遷出,桃園市,20
112,7,15,五股區,,,,無年齡維度,0.0,女,遷出,福建省,0
112,7,15,五股區,,,,無年齡維度,0.0,男,遷出,福建省,1
112,7,15,五股區,,,,無年齡維度,0.0,女,遷出,臺中市,2
112,7,15,五股區,,,,無年齡維度,0.0,男,遷出,臺中市,3
112,7,15,五股區,,,,無年齡維度,0.0,女,遷出,臺北市,25
112,7,15,五股區,,,,無年齡維度,0.0,男,遷出,臺北市,20
112,7,15,五股區,,,,無年齡維度,0.0,女,遷出,臺南市,4
112,7,15,五股區,,,,無年齡維度,0.0,男,遷出,臺南市,3
112,7,15,五股區,,,,無年齡維度,0.0,女,遷出,臺灣省,12
112,7,15,五股區,,,,無年齡維度,0.0,男,遷出,臺灣省,20
112,7,15,五股區,,,,無年齡維度,0.0,女,遷出,高雄市,4
112,7,15,五股區,,,,無年齡維度,0.0,男,遷出,高雄市,1
112,7,16,泰山區,,,,無年齡維度,0.0,女,遷入,migrants,83
112,7,16,泰山區,,,,無年齡維度,0.0,男,遷入,migrants,71
112,7,16,泰山區,,,,無年齡維度,0.0,女,遷入,other,0
112,7,16,泰山區,,,,無年齡維度,0.0,男,遷入,other,0
112,7,16,泰山區,,,,無年齡維度,0.0,女,遷入,其他縣市,0
112,7,16,泰山區,,,,無年齡維度,0.0,男,遷入,其他縣市,0
112,7,16,泰山區,,,,無年齡維度,0.0,女,遷入,其他鄉鎮,86
112,7,16,泰山區,,,,無年齡維度,0.0,男,遷入,其他鄉鎮,57
112,7,16,泰山區,,,,無年齡維度,0.0,女,遷入,合計,204
112,7,16,泰山區,,,,無年齡維度,0.0,男,遷入,合計,144
112,7,16,泰山區,,,,無年齡維度,0.0,女,遷入,國外,57
112,7,16,泰山區,,,,無年齡維度,0.0,男,遷入,國外,42
112,7,16,泰山區,,,,無年齡維度,0.0,女,遷入,新北市內,0
112,7,16,泰山區,,,,無年齡維度,0.0,男,遷入,新北市內,0
112,7,16,泰山區,,,,無年齡維度,0.0,女,遷入,桃園市,13
112,7,16,泰山區,,,,無年齡維度,0.0,男,遷入,桃園市,7
112,7,16,泰山區,,,,無年齡維度,0.0,女,遷入,福建省,0
112,7,16,泰山區,,,,無年齡維度,0.0,男,遷入,福建省,1
112,7,16,泰山區,,,,無年齡維度,0.0,女,遷入,臺中市,6
112,7,16,泰山區,,,,無年齡維度,0.0,男,遷入,臺中市,0
112,7,16,泰山區,,,,無年齡維度,0.0,女,遷入,臺北市,18
112,7,16,泰山區,,,,無年齡維度,0.0,男,遷入,臺北市,17
112,7,16,泰山區,,,,無年齡維度,0.0,女,遷入,臺南市,1
112,7,16,泰山區,,,,無年齡維度,0.0,男,遷入,臺南市,2
112,7,16,泰山區,,,,無年齡維度,0.0,女,遷入,臺灣省,11
112,7,16,泰山區,,,,無年齡維度,0.0,男,遷入,臺灣省,14
112,7,16,泰山區,,,,無年齡維度,0.0,女,遷入,高雄市,6
112,7,16,泰山區,,,,無年齡維度,0.0,男,遷入,高雄市,1
112,7,16,泰山區,,,,無年齡維度,0.0,女,遷出,migrants,83
112,7,16,泰山區,,,,無年齡維度,0.0,男,遷出,migrants,71
112,7,16,泰山區,,,,無年齡維度,0.0,女,遷出,other,0
112,7,16,泰山區,,,,無年齡維度,0.0,男,遷出,other,0
112,7,16,泰山區,,,,無年齡維度,0.0,女,遷出,其他縣市,0
112,7,16,泰山區,,,,無年齡維度,0.0,男,遷出,其他縣市,0
112,7,16,泰山區,,,,無年齡維度,0.0,女,遷出,其他鄉鎮,73
112,7,16,泰山區,,,,無年齡維度,0.0,男,遷出,其他鄉鎮,55
112,7,16,泰山區,,,,無年齡維度,0.0,女,遷出,合計,138
112,7,16,泰山區,,,,無年齡維度,0.0,男,遷出,合計,109
112,7,16,泰山區,,,,無年齡維度,0.0,女,遷出,國外,2
112,7,16,泰山區,,,,無年齡維度,0.0,男,遷出,國外,0
112,7,16,泰山區,,,,無年齡維度,0.0,女,遷出,新北市內,0
112,7,16,泰山區,,,,無年齡維度,0.0,男,遷出,新北市內,0
112,7,16,泰山區,,,,無年齡維度,0.0,女,遷出,桃園市,27
112,7,16,泰山區,,,,無年齡維度,0.0,男,遷出,桃園市,23
112,7,16,泰山區,,,,無年齡維度,0.0,女,遷出,福建省,2
112,7,16,泰山區,,,,無年齡維度,0.0,男,遷出,福建省,0
112,7,16,泰山區,,,,無年齡維度,0.0,女,遷出,臺中市,6
112,7,16,泰山區,,,,無年齡維度,0.0,男,遷出,臺中市,6
112,7,16,泰山區,,,,無年齡維度,0.0,女,遷出,臺北市,19
112,7,16,泰山區,,,,無年齡維度,0.0,男,遷出,臺北市,9
112,7,16,泰山區,,,,無年齡維度,0.0,女,遷出,臺南市,0
112,7,16,泰山區,,,,無年齡維度,0.0,男,遷出,臺南市,2
112,7,16,泰山區,,,,無年齡維度,0.0,女,遷出,臺灣省,7
112,7,16,泰山區,,,,無年齡維度,0.0,男,遷出,臺灣省,13
112,7,16,泰山區,,,,無年齡維度,0.0,女,遷出,高雄市,2
112,7,16,泰山區,,,,無年齡維度,0.0,男,遷出,高雄市,1
112,7,17,林口區,,,,無年齡維度,0.0,女,遷入,migrants,271
112,7,17,林口區,,,,無年齡維度,0.0,男,遷入,migrants,226
112,7,17,林口區,,,,無年齡維度,0.0,女,遷入,other,0
112,7,17,林口區,,,,無年齡維度,0.0,男,遷入,other,0
112,7,17,林口區,,,,無年齡維度,0.0,女,遷入,其他縣市,0
112,7,17,林口區,,,,無年齡維度,0.0,男,遷入,其他縣市,0
112,7,17,林口區,,,,無年齡維度,0.0,女,遷入,其他鄉鎮,112
112,7,17,林口區,,,,無年齡維度,0.0,男,遷入,其他鄉鎮,85
112,7,17,林口區,,,,無年齡維度,0.0,女,遷入,合計,535
112,7,17,林口區,,,,無年齡維度,0.0,男,遷入,合計,449
112,7,17,林口區,,,,無年齡維度,0.0,女,遷入,國外,140
112,7,17,林口區,,,,無年齡維度,0.0,男,遷入,國外,120
112,7,17,林口區,,,,無年齡維度,0.0,女,遷入,新北市內,0
112,7,17,林口區,,,,無年齡維度,0.0,男,遷入,新北市內,0
112,7,17,林口區,,,,無年齡維度,0.0,女,遷入,桃園市,89
112,7,17,林口區,,,,無年齡維度,0.0,男,遷入,桃園市,74
112,7,17,林口區,,,,無年齡維度,0.0,女,遷入,福建省,3
112,7,17,林口區,,,,無年齡維度,0.0,男,遷入,福建省,3
112,7,17,林口區,,,,無年齡維度,0.0,女,遷入,臺中市,13
112,7,17,林口區,,,,無年齡維度,0.0,男,遷入,臺中市,12
112,7,17,林口區,,,,無年齡維度,0.0,女,遷入,臺北市,111
112,7,17,林口區,,,,無年齡維度,0.0,男,遷入,臺北市,86
112,7,17,林口區,,,,無年齡維度,0.0,女,遷入,臺南市,9
112,7,17,林口區,,,,無年齡維度,0.0,男,遷入,臺南市,8
112,7,17,林口區,,,,無年齡維度,0.0,女,遷入,臺灣省,35
112,7,17,林口區,,,,無年齡維度,0.0,男,遷入,臺灣省,29
112,7,17,林口區,,,,無年齡維度,0.0,女,遷入,高雄市,8
112,7,17,林口區,,,,無年齡維度,0.0,男,遷入,高雄市,17
112,7,17,林口區,,,,無年齡維度,0.0,女,遷出,migrants,271
112,7,17,林口區,,,,無年齡維度,0.0,男,遷出,migrants,226
112,7,17,林口區,,,,無年齡維度,0.0,女,遷出,other,0
112,7,17,林口區,,,,無年齡維度,0.0,男,遷出,other,0
112,7,17,林口區,,,,無年齡維度,0.0,女,遷出,其他縣市,0
112,7,17,林口區,,,,無年齡維度,0.0,男,遷出,其他縣市,0
112,7,17,林口區,,,,無年齡維度,0.0,女,遷出,其他鄉鎮,52
112,7,17,林口區,,,,無年齡維度,0.0,男,遷出,其他鄉鎮,41
112,7,17,林口區,,,,無年齡維度,0.0,女,遷出,合計,271
112,7,17,林口區,,,,無年齡維度,0.0,男,遷出,合計,262
112,7,17,林口區,,,,無年齡維度,0.0,女,遷出,國外,14
112,7,17,林口區,,,,無年齡維度,0.0,男,遷出,國外,17
112,7,17,林口區,,,,無年齡維度,0.0,女,遷出,新北市內,0
112,7,17,林口區,,,,無年齡維度,0.0,男,遷出,新北市內,0
112,7,17,林口區,,,,無年齡維度,0.0,女,遷出,桃園市,116
112,7,17,林口區,,,,無年齡維度,0.0,男,遷出,桃園市,117
112,7,17,林口區,,,,無年齡維度,0.0,女,遷出,福建省,2
112,7,17,林口區,,,,無年齡維度,0.0,男,遷出,福建省,2
112,7,17,林口區,,,,無年齡維度,0.0,女,遷出,臺中市,11
112,7,17,林口區,,,,無年齡維度,0.0,男,遷出,臺中市,10
112,7,17,林口區,,,,無年齡維度,0.0,女,遷出,臺北市,34
112,7,17,林口區,,,,無年齡維度,0.0,男,遷出,臺北市,36
112,7,17,林口區,,,,無年齡維度,0.0,女,遷出,臺南市,2
112,7,17,林口區,,,,無年齡維度,0.0,男,遷出,臺南市,6
112,7,17,林口區,,,,無年齡維度,0.0,女,遷出,臺灣省,33
112,7,17,林口區,,,,無年齡維度,0.0,男,遷出,臺灣省,23
112,7,17,林口區,,,,無年齡維度,0.0,女,遷出,高雄市,7
112,7,17,林口區,,,,無年齡維度,0.0,男,遷出,高雄市,10
112,7,18,八里區,,,,無年齡維度,0.0,女,遷入,migrants,18
112,7,18,八里區,,,,無年齡維度,0.0,男,遷入,migrants,19
112,7,18,八里區,,,,無年齡維度,0.0,女,遷入,other,0
112,7,18,八里區,,,,無年齡維度,0.0,男,遷入,other,0
112,7,18,八里區,,,,無年齡維度,0.0,女,遷入,其他縣市,0
112,7,18,八里區,,,,無年齡維度,0.0,男,遷入,其他縣市,0
112,7,18,八里區,,,,無年齡維度,0.0,女,遷入,其他鄉鎮,6
112,7,18,八里區,,,,無年齡維度,0.0,男,遷入,其他鄉鎮,4
112,7,18,八里區,,,,無年齡維度,0.0,女,遷入,合計,55
112,7,18,八里區,,,,無年齡維度,0.0,男,遷入,合計,49
112,7,18,八里區,,,,無年齡維度,0.0,女,遷入,國外,7
112,7,18,八里區,,,,無年齡維度,0.0,男,遷入,國外,14
112,7,18,八里區,,,,無年齡維度,0.0,女,遷入,新北市內,0
112,7,18,八里區,,,,無年齡維度,0.0,男,遷入,新北市內,0
112,7,18,八里區,,,,無年齡維度,0.0,女,遷入,桃園市,1
112,7,18,八里區,,,,無年齡維度,0.0,男,遷入,桃園市,0
112,7,18,八里區,,,,無年齡維度,0.0,女,遷入,福建省,0
112,7,18,八里區,,,,無年齡維度,0.0,男,遷入,福建省,0
112,7,18,八里區,,,,無年齡維度,0.0,女,遷入,臺中市,1
112,7,18,八里區,,,,無年齡維度,0.0,男,遷入,臺中市,1
112,7,18,八里區,,,,無年齡維度,0.0,女,遷入,臺北市,29
112,7,18,八里區,,,,無年齡維度,0.0,男,遷入,臺北市,22
112,7,18,八里區,,,,無年齡維度,0.0,女,遷入,臺南市,0
112,7,18,八里區,,,,無年齡維度,0.0,男,遷入,臺南市,0
112,7,18,八里區,,,,無年齡維度,0.0,女,遷入,臺灣省,3
112,7,18,八里區,,,,無年齡維度,0.0,男,遷入,臺灣省,5
112,7,18,八里區,,,,無年齡維度,0.0,女,遷入,高雄市,1
112,7,18,八里區,,,,無年齡維度,0.0,男,遷入,高雄市,1
112,7,18,八里區,,,,無年齡維度,0.0,女,遷出,migrants,18
112,7,18,八里區,,,,無年齡維度,0.0,男,遷出,migrants,19
112,7,18,八里區,,,,無年齡維度,0.0,女,遷出,other,0
112,7,18,八里區,,,,無年齡維度,0.0,男,遷出,other,0
112,7,18,八里區,,,,無年齡維度,0.0,女,遷出,其他縣市,0
112,7,18,八里區,,,,無年齡維度,0.0,男,遷出,其他縣市,0
112,7,18,八里區,,,,無年齡維度,0.0,女,遷出,其他鄉鎮,10
112,7,18,八里區,,,,無年齡維度,0.0,男,遷出,其他鄉鎮,11
112,7,18,八里區,,,,無年齡維度,0.0,女,遷出,合計,52
112,7,18,八里區,,,,無年齡維度,0.0,男,遷出,合計,36
112,7,18,八里區,,,,無年齡維度,0.0,女,遷出,國外,3
112,7,18,八里區,,,,無年齡維度,0.0,男,遷出,國外,4
112,7,18,八里區,,,,無年齡維度,0.0,女,遷出,新北市內,0
112,7,18,八里區,,,,無年齡維度,0.0,男,遷出,新北市內,0
112,7,18,八里區,,,,無年齡維度,0.0,女,遷出,桃園市,1
112,7,18,八里區,,,,無年齡維度,0.0,男,遷出,桃園市,1
112,7,18,八里區,,,,無年齡維度,0.0,女,遷出,福建省,0
112,7,18,八里區,,,,無年齡維度,0.0,男,遷出,福建省,0
112,7,18,八里區,,,,無年齡維度,0.0,女,遷出,臺中市,3
112,7,18,八里區,,,,無年齡維度,0.0,男,遷出,臺中市,0
112,7,18,八里區,,,,無年齡維度,0.0,女,遷出,臺北市,24
112,7,18,八里區,,,,無年齡維度,0.0,男,遷出,臺北市,13
112,7,18,八里區,,,,無年齡維度,0.0,女,遷出,臺南市,0
112,7,18,八里區,,,,無年齡維度,0.0,男,遷出,臺南市,0
112,7,18,八里區,,,,無年齡維度,0.0,女,遷出,臺灣省,10
112,7,18,八里區,,,,無年齡維度,0.0,男,遷出,臺灣省,7
112,7,18,八里區,,,,無年齡維度,0.0,女,遷出,高雄市,1
112,7,18,八里區,,,,無年齡維度,0.0,男,遷出,高雄市,0
112,7,19,深坑區,,,,無年齡維度,0.0,女,遷入,migrants,1
112,7,19,深坑區,,,,無年齡維度,0.0,男,遷入,migrants,1
112,7,19,深坑區,,,,無年齡維度,0.0,女,遷入,other,0
112,7,19,深坑區,,,,無年齡維度,0.0,男,遷入,other,0
112,7,19,深坑區,,,,無年齡維度,0.0,女,遷入,其他縣市,0
112,7,19,深坑區,,,,無年齡維度,0.0,男,遷入,其他縣市,0
112,7,19,深坑區,,,,無年齡維度,0.0,女,遷入,其他鄉鎮,3
112,7,19,深坑區,,,,無年齡維度,0.0,男,遷入,其他鄉鎮,3
112,7,19,深坑區,,,,無年齡維度,0.0,女,遷入,合計,11
112,7,19,深坑區,,,,無年齡維度,0.0,男,遷入,合計,12
112,7,19,深坑區,,,,無年齡維度,0.0,女,遷入,國外,2
112,7,19,深坑區,,,,無年齡維度,0.0,男,遷入,國外,2
112,7,19,深坑區,,,,無年齡維度,0.0,女,遷入,新北市內,0
112,7,19,深坑區,,,,無年齡維度,0.0,男,遷入,新北市內,0
112,7,19,深坑區,,,,無年齡維度,0.0,女,遷入,桃園市,0
112,7,19,深坑區,,,,無年齡維度,0.0,男,遷入,桃園市,0
112,7,19,深坑區,,,,無年齡維度,0.0,女,遷入,福建省,0
112,7,19,深坑區,,,,無年齡維度,0.0,男,遷入,福建省,0
112,7,19,深坑區,,,,無年齡維度,0.0,女,遷入,臺中市,0
112,7,19,深坑區,,,,無年齡維度,0.0,男,遷入,臺中市,0
112,7,19,深坑區,,,,無年齡維度,0.0,女,遷入,臺北市,2
112,7,19,深坑區,,,,無年齡維度,0.0,男,遷入,臺北市,5
112,7,19,深坑區,,,,無年齡維度,0.0,女,遷入,臺南市,2
112,7,19,深坑區,,,,無年齡維度,0.0,男,遷入,臺南市,1
112,7,19,深坑區,,,,無年齡維度,0.0,女,遷入,臺灣省,2
112,7,19,深坑區,,,,無年齡維度,0.0,男,遷入,臺灣省,1
112,7,19,深坑區,,,,無年齡維度,0.0,女,遷入,高雄市,0
112,7,19,深坑區,,,,無年齡維度,0.0,男,遷入,高雄市,0
112,7,19,深坑區,,,,無年齡維度,0.0,女,遷出,migrants,1
112,7,19,深坑區,,,,無年齡維度,0.0,男,遷出,migrants,1
112,7,19,深坑區,,,,無年齡維度,0.0,女,遷出,other,0
112,7,19,深坑區,,,,無年齡維度,0.0,男,遷出,other,0
112,7,19,深坑區,,,,無年齡維度,0.0,女,遷出,其他縣市,0
112,7,19,深坑區,,,,無年齡維度,0.0,男,遷出,其他縣市,0
112,7,19,深坑區,,,,無年齡維度,0.0,女,遷出,其他鄉鎮,8
112,7,19,深坑區,,,,無年齡維度,0.0,男,遷出,其他鄉鎮,7
112,7,19,深坑區,,,,無年齡維度,0.0,女,遷出,合計,11
112,7,19,深坑區,,,,無年齡維度,0.0,男,遷出,合計,10
112,7,19,深坑區,,,,無年齡維度,0.0,女,遷出,國外,0
112,7,19,深坑區,,,,無年齡維度,0.0,男,遷出,國外,0
112,7,19,深坑區,,,,無年齡維度,0.0,女,遷出,新北市內,0
112,7,19,深坑區,,,,無年齡維度,0.0,男,遷出,新北市內,0
112,7,19,深坑區,,,,無年齡維度,0.0,女,遷出,桃園市,0
112,7,19,深坑區,,,,無年齡維度,0.0,男,遷出,桃園市,2
112,7,19,深坑區,,,,無年齡維度,0.0,女,遷出,福建省,0
112,7,19,深坑區,,,,無年齡維度,0.0,男,遷出,福建省,0
112,7,19,深坑區,,,,無年齡維度,0.0,女,遷出,臺中市,0
112,7,19,深坑區,,,,無年齡維度,0.0,男,遷出,臺中市,0
112,7,19,深坑區,,,,無年齡維度,0.0,女,遷出,臺北市,2
112,7,19,深坑區,,,,無年齡維度,0.0,男,遷出,臺北市,0
112,7,19,深坑區,,,,無年齡維度,0.0,女,遷出,臺南市,0
112,7,19,深坑區,,,,無年齡維度,0.0,男,遷出,臺南市,0
112,7,19,深坑區,,,,無年齡維度,0.0,女,遷出,臺灣省,1
112,7,19,深坑區,,,,無年齡維度,0.0,男,遷出,臺灣省,1
112,7,19,深坑區,,,,無年齡維度,0.0,女,遷出,高雄市,0
112,7,19,深坑區,,,,無年齡維度,0.0,男,遷出,高雄市,0
112,7,20,石碇區,,,,無年齡維度,0.0,女,遷入,migrants,1
112,7,20,石碇區,,,,無年齡維度,0.0,男,遷入,migrants,3
112,7,20,石碇區,,,,無年齡維度,0.0,女,遷入,other,0
112,7,20,石碇區,,,,無年齡維度,0.0,男,遷入,other,0
112,7,20,石碇區,,,,無年齡維度,0.0,女,遷入,其他縣市,0
112,7,20,石碇區,,,,無年齡維度,0.0,男,遷入,其他縣市,0
112,7,20,石碇區,,,,無年齡維度,0.0,女,遷入,其他鄉鎮,7
112,7,20,石碇區,,,,無年齡維度,0.0,男,遷入,其他鄉鎮,8
112,7,20,石碇區,,,,無年齡維度,0.0,女,遷入,合計,14
112,7,20,石碇區,,,,無年齡維度,0.0,男,遷入,合計,14
112,7,20,石碇區,,,,無年齡維度,0.0,女,遷入,國外,3
112,7,20,石碇區,,,,無年齡維度,0.0,男,遷入,國外,2
112,7,20,石碇區,,,,無年齡維度,0.0,女,遷入,新北市內,0
112,7,20,石碇區,,,,無年齡維度,0.0,男,遷入,新北市內,0
112,7,20,石碇區,,,,無年齡維度,0.0,女,遷入,桃園市,1
112,7,20,石碇區,,,,無年齡維度,0.0,男,遷入,桃園市,1
112,7,20,石碇區,,,,無年齡維度,0.0,女,遷入,福建省,0
112,7,20,石碇區,,,,無年齡維度,0.0,男,遷入,福建省,0
112,7,20,石碇區,,,,無年齡維度,0.0,女,遷入,臺中市,1
112,7,20,石碇區,,,,無年齡維度,0.0,男,遷入,臺中市,0
112,7,20,石碇區,,,,無年齡維度,0.0,女,遷入,臺北市,1
112,7,20,石碇區,,,,無年齡維度,0.0,男,遷入,臺北市,3
112,7,20,石碇區,,,,無年齡維度,0.0,女,遷入,臺南市,0
112,7,20,石碇區,,,,無年齡維度,0.0,男,遷入,臺南市,0
112,7,20,石碇區,,,,無年齡維度,0.0,女,遷入,臺灣省,1
112,7,20,石碇區,,,,無年齡維度,0.0,男,遷入,臺灣省,0
112,7,20,石碇區,,,,無年齡維度,0.0,女,遷入,高雄市,0
112,7,20,石碇區,,,,無年齡維度,0.0,男,遷入,高雄市,0
112,7,20,石碇區,,,,無年齡維度,0.0,女,遷出,migrants,1
112,7,20,石碇區,,,,無年齡維度,0.0,男,遷出,migrants,3
112,7,20,石碇區,,,,無年齡維度,0.0,女,遷出,other,0
112,7,20,石碇區,,,,無年齡維度,0.0,男,遷出,other,0
112,7,20,石碇區,,,,無年齡維度,0.0,女,遷出,其他縣市,0
112,7,20,石碇區,,,,無年齡維度,0.0,男,遷出,其他縣市,0
112,7,20,石碇區,,,,無年齡維度,0.0,女,遷出,其他鄉鎮,7
112,7,20,石碇區,,,,無年齡維度,0.0,男,遷出,其他鄉鎮,7
112,7,20,石碇區,,,,無年齡維度,0.0,女,遷出,合計,9
112,7,20,石碇區,,,,無年齡維度,0.0,男,遷出,合計,10
112,7,20,石碇區,,,,無年齡維度,0.0,女,遷出,國外,0
112,7,20,石碇區,,,,無年齡維度,0.0,男,遷出,國外,0
112,7,20,石碇區,,,,無年齡維度,0.0,女,遷出,新北市內,0
112,7,20,石碇區,,,,無年齡維度,0.0,男,遷出,新北市內,0
112,7,20,石碇區,,,,無年齡維度,0.0,女,遷出,桃園市,0
112,7,20,石碇區,,,,無年齡維度,0.0,男,遷出,桃園市,0
112,7,20,石碇區,,,,無年齡維度,0.0,女,遷出,福建省,0
112,7,20,石碇區,,,,無年齡維度,0.0,男,遷出,福建省,0
112,7,20,石碇區,,,,無年齡維度,0.0,女,遷出,臺中市,0
112,7,20,石碇區,,,,無年齡維度,0.0,男,遷出,臺中市,0
112,7,20,石碇區,,,,無年齡維度,0.0,女,遷出,臺北市,0
112,7,20,石碇區,,,,無年齡維度,0.0,男,遷出,臺北市,2
112,7,20,石碇區,,,,無年齡維度,0.0,女,遷出,臺南市,0
112,7,20,石碇區,,,,無年齡維度,0.0,男,遷出,臺南市,0
112,7,20,石碇區,,,,無年齡維度,0.0,女,遷出,臺灣省,2
112,7,20,石碇區,,,,無年齡維度,0.0,男,遷出,臺灣省,1
112,7,20,石碇區,,,,無年齡維度,0.0,女,遷出,高雄市,0
112,7,20,石碇區,,,,無年齡維度,0.0,男,遷出,高雄市,0
112,7,21,坪林區,,,,無年齡維度,0.0,女,遷入,migrants,18
112,7,21,坪林區,,,,無年齡維度,0.0,男,遷入,migrants,18
112,7,21,坪林區,,,,無年齡維度,0.0,女,遷入,other,0
112,7,21,坪林區,,,,無年齡維度,0.0,男,遷入,other,0
112,7,21,坪林區,,,,無年齡維度,0.0,女,遷入,其他縣市,0
112,7,21,坪林區,,,,無年齡維度,0.0,男,遷入,其他縣市,0
112,7,21,坪林區,,,,無年齡維度,0.0,女,遷入,其他鄉鎮,29
112,7,21,坪林區,,,,無年齡維度,0.0,男,遷入,其他鄉鎮,14
112,7,21,坪林區,,,,無年齡維度,0.0,女,遷入,合計,47
112,7,21,坪林區,,,,無年齡維度,0.0,男,遷入,合計,27
112,7,21,坪林區,,,,無年齡維度,0.0,女,遷入,國外,8
112,7,21,坪林區,,,,無年齡維度,0.0,男,遷入,國外,4
112,7,21,坪林區,,,,無年齡維度,0.0,女,遷入,新北市內,0
112,7,21,坪林區,,,,無年齡維度,0.0,男,遷入,新北市內,0
112,7,21,坪林區,,,,無年齡維度,0.0,女,遷入,桃園市,1
112,7,21,坪林區,,,,無年齡維度,0.0,男,遷入,桃園市,0
112,7,21,坪林區,,,,無年齡維度,0.0,女,遷入,福建省,0
112,7,21,坪林區,,,,無年齡維度,0.0,男,遷入,福建省,0
112,7,21,坪林區,,,,無年齡維度,0.0,女,遷入,臺中市,1
112,7,21,坪林區,,,,無年齡維度,0.0,男,遷入,臺中市,2
112,7,21,坪林區,,,,無年齡維度,0.0,女,遷入,臺北市,4
112,7,21,坪林區,,,,無年齡維度,0.0,男,遷入,臺北市,5
112,7,21,坪林區,,,,無年齡維度,0.0,女,遷入,臺南市,0
112,7,21,坪林區,,,,無年齡維度,0.0,男,遷入,臺南市,0
112,7,21,坪林區,,,,無年齡維度,0.0,女,遷入,臺灣省,2
112,7,21,坪林區,,,,無年齡維度,0.0,男,遷入,臺灣省,2
112,7,21,坪林區,,,,無年齡維度,0.0,女,遷入,高雄市,2
112,7,21,坪林區,,,,無年齡維度,0.0,男,遷入,高雄市,0
112,7,21,坪林區,,,,無年齡維度,0.0,女,遷出,migrants,18
112,7,21,坪林區,,,,無年齡維度,0.0,男,遷出,migrants,18
112,7,21,坪林區,,,,無年齡維度,0.0,女,遷出,other,0
112,7,21,坪林區,,,,無年齡維度,0.0,男,遷出,other,0
112,7,21,坪林區,,,,無年齡維度,0.0,女,遷出,其他縣市,0
112,7,21,坪林區,,,,無年齡維度,0.0,男,遷出,其他縣市,0
112,7,21,坪林區,,,,無年齡維度,0.0,女,遷出,其他鄉鎮,34
112,7,21,坪林區,,,,無年齡維度,0.0,男,遷出,其他鄉鎮,17
112,7,21,坪林區,,,,無年齡維度,0.0,女,遷出,合計,59
112,7,21,坪林區,,,,無年齡維度,0.0,男,遷出,合計,30
112,7,21,坪林區,,,,無年齡維度,0.0,女,遷出,國外,0
112,7,21,坪林區,,,,無年齡維度,0.0,男,遷出,國外,0
112,7,21,坪林區,,,,無年齡維度,0.0,女,遷出,新北市內,0
112,7,21,坪林區,,,,無年齡維度,0.0,男,遷出,新北市內,0
112,7,21,坪林區,,,,無年齡維度,0.0,女,遷出,桃園市,5
112,7,21,坪林區,,,,無年齡維度,0.0,男,遷出,桃園市,1
112,7,21,坪林區,,,,無年齡維度,0.0,女,遷出,福建省,0
112,7,21,坪林區,,,,無年齡維度,0.0,男,遷出,福建省,0
112,7,21,坪林區,,,,無年齡維度,0.0,女,遷出,臺中市,1
112,7,21,坪林區,,,,無年齡維度,0.0,男,遷出,臺中市,0
112,7,21,坪林區,,,,無年齡維度,0.0,女,遷出,臺北市,9
112,7,21,坪林區,,,,無年齡維度,0.0,男,遷出,臺北市,6
112,7,21,坪林區,,,,無年齡維度,0.0,女,遷出,臺南市,1
112,7,21,坪林區,,,,無年齡維度,0.0,男,遷出,臺南市,0
112,7,21,坪林區,,,,無年齡維度,0.0,女,遷出,臺灣省,7
112,7,21,坪林區,,,,無年齡維度,0.0,男,遷出,臺灣省,4
112,7,21,坪林區,,,,無年齡維度,0.0,女,遷出,高雄市,2
112,7,21,坪林區,,,,無年齡維度,0.0,男,遷出,高雄市,2
112,7,22,三芝區,,,,無年齡維度,0.0,女,遷入,migrants,5
112,7,22,三芝區,,,,無年齡維度,0.0,男,遷入,migrants,7
112,7,22,三芝區,,,,無年齡維度,0.0,女,遷入,other,0
112,7,22,三芝區,,,,無年齡維度,0.0,男,遷入,other,0
112,7,22,三芝區,,,,無年齡維度,0.0,女,遷入,其他縣市,0
112,7,22,三芝區,,,,無年齡維度,0.0,男,遷入,其他縣市,0
112,7,22,三芝區,,,,無年齡維度,0.0,女,遷入,其他鄉鎮,5
112,7,22,三芝區,,,,無年齡維度,0.0,男,遷入,其他鄉鎮,8
112,7,22,三芝區,,,,無年齡維度,0.0,女,遷入,合計,12
112,7,22,三芝區,,,,無年齡維度,0.0,男,遷入,合計,13
112,7,22,三芝區,,,,無年齡維度,0.0,女,遷入,國外,4
112,7,22,三芝區,,,,無年齡維度,0.0,男,遷入,國外,3
112,7,22,三芝區,,,,無年齡維度,0.0,女,遷入,新北市內,0
112,7,22,三芝區,,,,無年齡維度,0.0,男,遷入,新北市內,0
112,7,22,三芝區,,,,無年齡維度,0.0,女,遷入,桃園市,0
112,7,22,三芝區,,,,無年齡維度,0.0,男,遷入,桃園市,0
112,7,22,三芝區,,,,無年齡維度,0.0,女,遷入,福建省,1
112,7,22,三芝區,,,,無年齡維度,0.0,男,遷入,福建省,0
112,7,22,三芝區,,,,無年齡維度,0.0,女,遷入,臺中市,0
112,7,22,三芝區,,,,無年齡維度,0.0,男,遷入,臺中市,0
112,7,22,三芝區,,,,無年齡維度,0.0,女,遷入,臺北市,0
112,7,22,三芝區,,,,無年齡維度,0.0,男,遷入,臺北市,2
112,7,22,三芝區,,,,無年齡維度,0.0,女,遷入,臺南市,1
112,7,22,三芝區,,,,無年齡維度,0.0,男,遷入,臺南市,0
112,7,22,三芝區,,,,無年齡維度,0.0,女,遷入,臺灣省,1
112,7,22,三芝區,,,,無年齡維度,0.0,男,遷入,臺灣省,0
112,7,22,三芝區,,,,無年齡維度,0.0,女,遷入,高雄市,0
112,7,22,三芝區,,,,無年齡維度,0.0,男,遷入,高雄市,0
112,7,22,三芝區,,,,無年齡維度,0.0,女,遷出,migrants,5
112,7,22,三芝區,,,,無年齡維度,0.0,男,遷出,migrants,7
112,7,22,三芝區,,,,無年齡維度,0.0,女,遷出,other,0
112,7,22,三芝區,,,,無年齡維度,0.0,男,遷出,other,0
112,7,22,三芝區,,,,無年齡維度,0.0,女,遷出,其他縣市,0
112,7,22,三芝區,,,,無年齡維度,0.0,男,遷出,其他縣市,0
112,7,22,三芝區,,,,無年齡維度,0.0,女,遷出,其他鄉鎮,11
112,7,22,三芝區,,,,無年齡維度,0.0,男,遷出,其他鄉鎮,10
112,7,22,三芝區,,,,無年齡維度,0.0,女,遷出,合計,20
112,7,22,三芝區,,,,無年齡維度,0.0,男,遷出,合計,15
112,7,22,三芝區,,,,無年齡維度,0.0,女,遷出,國外,0
112,7,22,三芝區,,,,無年齡維度,0.0,男,遷出,國外,0
112,7,22,三芝區,,,,無年齡維度,0.0,女,遷出,新北市內,0
112,7,22,三芝區,,,,無年齡維度,0.0,男,遷出,新北市內,0
112,7,22,三芝區,,,,無年齡維度,0.0,女,遷出,桃園市,4
112,7,22,三芝區,,,,無年齡維度,0.0,男,遷出,桃園市,1
112,7,22,三芝區,,,,無年齡維度,0.0,女,遷出,福建省,0
112,7,22,三芝區,,,,無年齡維度,0.0,男,遷出,福建省,0
112,7,22,三芝區,,,,無年齡維度,0.0,女,遷出,臺中市,0
112,7,22,三芝區,,,,無年齡維度,0.0,男,遷出,臺中市,0
112,7,22,三芝區,,,,無年齡維度,0.0,女,遷出,臺北市,4
112,7,22,三芝區,,,,無年齡維度,0.0,男,遷出,臺北市,1
112,7,22,三芝區,,,,無年齡維度,0.0,女,遷出,臺南市,0
112,7,22,三芝區,,,,無年齡維度,0.0,男,遷出,臺南市,0
112,7,22,三芝區,,,,無年齡維度,0.0,女,遷出,臺灣省,1
112,7,22,三芝區,,,,無年齡維度,0.0,男,遷出,臺灣省,3
112,7,22,三芝區,,,,無年齡維度,0.0,女,遷出,高雄市,0
112,7,22,三芝區,,,,無年齡維度,0.0,男,遷出,高雄市,0
112,7,23,石門區,,,,無年齡維度,0.0,女,遷入,migrants,52
112,7,23,石門區,,,,無年齡維度,0.0,男,遷入,migrants,53
112,7,23,石門區,,,,無年齡維度,0.0,女,遷入,other,0
112,7,23,石門區,,,,無年齡維度,0.0,男,遷入,other,1
112,7,23,石門區,,,,無年齡維度,0.0,女,遷入,其他縣市,0
112,7,23,石門區,,,,無年齡維度,0.0,男,遷入,其他縣市,0
112,7,23,石門區,,,,無年齡維度,0.0,女,遷入,其他鄉鎮,82
112,7,23,石門區,,,,無年齡維度,0.0,男,遷入,其他鄉鎮,62
112,7,23,石門區,,,,無年齡維度,0.0,女,遷入,合計,176
112,7,23,石門區,,,,無年齡維度,0.0,男,遷入,合計,158
112,7,23,石門區,,,,無年齡維度,0.0,女,遷入,國外,38
112,7,23,石門區,,,,無年齡維度,0.0,男,遷入,國外,37
112,7,23,石門區,,,,無年齡維度,0.0,女,遷入,新北市內,0
112,7,23,石門區,,,,無年齡維度,0.0,男,遷入,新北市內,0
112,7,23,石門區,,,,無年齡維度,0.0,女,遷入,桃園市,4
112,7,23,石門區,,,,無年齡維度,0.0,男,遷入,桃園市,4
112,7,23,石門區,,,,無年齡維度,0.0,女,遷入,福建省,1
112,7,23,石門區,,,,無年齡維度,0.0,男,遷入,福建省,0
112,7,23,石門區,,,,無年齡維度,0.0,女,遷入,臺中市,2
112,7,23,石門區,,,,無年齡維度,0.0,男,遷入,臺中市,2
112,7,23,石門區,,,,無年齡維度,0.0,女,遷入,臺北市,33
112,7,23,石門區,,,,無年齡維度,0.0,男,遷入,臺北市,40
112,7,23,石門區,,,,無年齡維度,0.0,女,遷入,臺南市,0
112,7,23,石門區,,,,無年齡維度,0.0,男,遷入,臺南市,0
112,7,23,石門區,,,,無年齡維度,0.0,女,遷入,臺灣省,10
112,7,23,石門區,,,,無年齡維度,0.0,男,遷入,臺灣省,11
112,7,23,石門區,,,,無年齡維度,0.0,女,遷入,高雄市,2
112,7,23,石門區,,,,無年齡維度,0.0,男,遷入,高雄市,0
112,7,23,石門區,,,,無年齡維度,0.0,女,遷出,migrants,52
112,7,23,石門區,,,,無年齡維度,0.0,男,遷出,migrants,53
112,7,23,石門區,,,,無年齡維度,0.0,女,遷出,other,0
112,7,23,石門區,,,,無年齡維度,0.0,男,遷出,other,0
112,7,23,石門區,,,,無年齡維度,0.0,女,遷出,其他縣市,0
112,7,23,石門區,,,,無年齡維度,0.0,男,遷出,其他縣市,0
112,7,23,石門區,,,,無年齡維度,0.0,女,遷出,其他鄉鎮,27
112,7,23,石門區,,,,無年齡維度,0.0,男,遷出,其他鄉鎮,18
112,7,23,石門區,,,,無年齡維度,0.0,女,遷出,合計,64
112,7,23,石門區,,,,無年齡維度,0.0,男,遷出,合計,44
112,7,23,石門區,,,,無年齡維度,0.0,女,遷出,國外,3
112,7,23,石門區,,,,無年齡維度,0.0,男,遷出,國外,0
112,7,23,石門區,,,,無年齡維度,0.0,女,遷出,新北市內,0
112,7,23,石門區,,,,無年齡維度,0.0,男,遷出,新北市內,0
112,7,23,石門區,,,,無年齡維度,0.0,女,遷出,桃園市,2
112,7,23,石門區,,,,無年齡維度,0.0,男,遷出,桃園市,2
112,7,23,石門區,,,,無年齡維度,0.0,女,遷出,福建省,1
112,7,23,石門區,,,,無年齡維度,0.0,男,遷出,福建省,0
112,7,23,石門區,,,,無年齡維度,0.0,女,遷出,臺中市,2
112,7,23,石門區,,,,無年齡維度,0.0,男,遷出,臺中市,0
112,7,23,石門區,,,,無年齡維度,0.0,女,遷出,臺北市,18
112,7,23,石門區,,,,無年齡維度,0.0,男,遷出,臺北市,13
112,7,23,石門區,,,,無年齡維度,0.0,女,遷出,臺南市,0
112,7,23,石門區,,,,無年齡維度,0.0,男,遷出,臺南市,3
112,7,23,石門區,,,,無年齡維度,0.0,女,遷出,臺灣省,9
112,7,23,石門區,,,,無年齡維度,0.0,男,遷出,臺灣省,6
112,7,23,石門區,,,,無年齡維度,0.0,女,遷出,高雄市,2
112,7,23,石門區,,,,無年齡維度,0.0,男,遷出,高雄市,2
112,7,24,金山區,,,,無年齡維度,0.0,女,遷入,migrants,2
112,7,24,金山區,,,,無年齡維度,0.0,男,遷入,migrants,0
112,7,24,金山區,,,,無年齡維度,0.0,女,遷入,other,0
112,7,24,金山區,,,,無年齡維度,0.0,男,遷入,other,0
112,7,24,金山區,,,,無年齡維度,0.0,女,遷入,其他縣市,0
112,7,24,金山區,,,,無年齡維度,0.0,男,遷入,其他縣市,0
112,7,24,金山區,,,,無年齡維度,0.0,女,遷入,其他鄉鎮,4
112,7,24,金山區,,,,無年齡維度,0.0,男,遷入,其他鄉鎮,1
112,7,24,金山區,,,,無年齡維度,0.0,女,遷入,合計,7
112,7,24,金山區,,,,無年齡維度,0.0,男,遷入,合計,2
112,7,24,金山區,,,,無年齡維度,0.0,女,遷入,國外,0
112,7,24,金山區,,,,無年齡維度,0.0,男,遷入,國外,0
112,7,24,金山區,,,,無年齡維度,0.0,女,遷入,新北市內,0
112,7,24,金山區,,,,無年齡維度,0.0,男,遷入,新北市內,0
112,7,24,金山區,,,,無年齡維度,0.0,女,遷入,桃園市,0
112,7,24,金山區,,,,無年齡維度,0.0,男,遷入,桃園市,0
112,7,24,金山區,,,,無年齡維度,0.0,女,遷入,福建省,0
112,7,24,金山區,,,,無年齡維度,0.0,男,遷入,福建省,0
112,7,24,金山區,,,,無年齡維度,0.0,女,遷入,臺中市,2
112,7,24,金山區,,,,無年齡維度,0.0,男,遷入,臺中市,0
112,7,24,金山區,,,,無年齡維度,0.0,女,遷入,臺北市,1
112,7,24,金山區,,,,無年齡維度,0.0,男,遷入,臺北市,0
112,7,24,金山區,,,,無年齡維度,0.0,女,遷入,臺南市,0
112,7,24,金山區,,,,無年齡維度,0.0,男,遷入,臺南市,0
112,7,24,金山區,,,,無年齡維度,0.0,女,遷入,臺灣省,0
112,7,24,金山區,,,,無年齡維度,0.0,男,遷入,臺灣省,1
112,7,24,金山區,,,,無年齡維度,0.0,女,遷入,高雄市,0
112,7,24,金山區,,,,無年齡維度,0.0,男,遷入,高雄市,0
112,7,24,金山區,,,,無年齡維度,0.0,女,遷出,migrants,2
112,7,24,金山區,,,,無年齡維度,0.0,男,遷出,migrants,0
112,7,24,金山區,,,,無年齡維度,0.0,女,遷出,other,0
112,7,24,金山區,,,,無年齡維度,0.0,男,遷出,other,0
112,7,24,金山區,,,,無年齡維度,0.0,女,遷出,其他縣市,0
112,7,24,金山區,,,,無年齡維度,0.0,男,遷出,其他縣市,0
112,7,24,金山區,,,,無年齡維度,0.0,女,遷出,其他鄉鎮,4
112,7,24,金山區,,,,無年齡維度,0.0,男,遷出,其他鄉鎮,5
112,7,24,金山區,,,,無年齡維度,0.0,女,遷出,合計,9
112,7,24,金山區,,,,無年齡維度,0.0,男,遷出,合計,9
112,7,24,金山區,,,,無年齡維度,0.0,女,遷出,國外,0
112,7,24,金山區,,,,無年齡維度,0.0,男,遷出,國外,0
112,7,24,金山區,,,,無年齡維度,0.0,女,遷出,新北市內,0
112,7,24,金山區,,,,無年齡維度,0.0,男,遷出,新北市內,0
112,7,24,金山區,,,,無年齡維度,0.0,女,遷出,桃園市,2
112,7,24,金山區,,,,無年齡維度,0.0,男,遷出,桃園市,0
112,7,24,金山區,,,,無年齡維度,0.0,女,遷出,福建省,0
112,7,24,金山區,,,,無年齡維度,0.0,男,遷出,福建省,0
112,7,24,金山區,,,,無年齡維度,0.0,女,遷出,臺中市,0
112,7,24,金山區,,,,無年齡維度,0.0,男,遷出,臺中市,0
112,7,24,金山區,,,,無年齡維度,0.0,女,遷出,臺北市,3
112,7,24,金山區,,,,無年齡維度,0.0,男,遷出,臺北市,4
112,7,24,金山區,,,,無年齡維度,0.0,女,遷出,臺南市,0
112,7,24,金山區,,,,無年齡維度,0.0,男,遷出,臺南市,0
112,7,24,金山區,,,,無年齡維度,0.0,女,遷出,臺灣省,0
112,7,24,金山區,,,,無年齡維度,0.0,男,遷出,臺灣省,0
112,7,24,金山區,,,,無年齡維度,0.0,女,遷出,高雄市,0
112,7,24,金山區,,,,無年齡維度,0.0,男,遷出,高雄市,0
112,7,25,萬里區,,,,無年齡維度,0.0,女,遷入,migrants,0
112,7,25,萬里區,,,,無年齡維度,0.0,男,遷入,migrants,1
112,7,25,萬里區,,,,無年齡維度,0.0,女,遷入,other,0
112,7,25,萬里區,,,,無年齡維度,0.0,男,遷入,other,0
112,7,25,萬里區,,,,無年齡維度,0.0,女,遷入,其他縣市,0
112,7,25,萬里區,,,,無年齡維度,0.0,男,遷入,其他縣市,0
112,7,25,萬里區,,,,無年齡維度,0.0,女,遷入,其他鄉鎮,3
112,7,25,萬里區,,,,無年齡維度,0.0,男,遷入,其他鄉鎮,5
112,7,25,萬里區,,,,無年齡維度,0.0,女,遷入,合計,9
112,7,25,萬里區,,,,無年齡維度,0.0,男,遷入,合計,14
112,7,25,萬里區,,,,無年齡維度,0.0,女,遷入,國外,3
112,7,25,萬里區,,,,無年齡維度,0.0,男,遷入,國外,3
112,7,25,萬里區,,,,無年齡維度,0.0,女,遷入,新北市內,0
112,7,25,萬里區,,,,無年齡維度,0.0,男,遷入,新北市內,0
112,7,25,萬里區,,,,無年齡維度,0.0,女,遷入,桃園市,1
112,7,25,萬里區,,,,無年齡維度,0.0,男,遷入,桃園市,1
112,7,25,萬里區,,,,無年齡維度,0.0,女,遷入,福建省,0
112,7,25,萬里區,,,,無年齡維度,0.0,男,遷入,福建省,0
112,7,25,萬里區,,,,無年齡維度,0.0,女,遷入,臺中市,0
112,7,25,萬里區,,,,無年齡維度,0.0,男,遷入,臺中市,0
112,7,25,萬里區,,,,無年齡維度,0.0,女,遷入,臺北市,0
112,7,25,萬里區,,,,無年齡維度,0.0,男,遷入,臺北市,1
112,7,25,萬里區,,,,無年齡維度,0.0,女,遷入,臺南市,0
112,7,25,萬里區,,,,無年齡維度,0.0,男,遷入,臺南市,0
112,7,25,萬里區,,,,無年齡維度,0.0,女,遷入,臺灣省,2
112,7,25,萬里區,,,,無年齡維度,0.0,男,遷入,臺灣省,4
112,7,25,萬里區,,,,無年齡維度,0.0,女,遷入,高雄市,0
112,7,25,萬里區,,,,無年齡維度,0.0,男,遷入,高雄市,0
112,7,25,萬里區,,,,無年齡維度,0.0,女,遷出,migrants,0
112,7,25,萬里區,,,,無年齡維度,0.0,男,遷出,migrants,1
112,7,25,萬里區,,,,無年齡維度,0.0,女,遷出,other,0
112,7,25,萬里區,,,,無年齡維度,0.0,男,遷出,other,0
112,7,25,萬里區,,,,無年齡維度,0.0,女,遷出,其他縣市,0
112,7,25,萬里區,,,,無年齡維度,0.0,男,遷出,其他縣市,0
112,7,25,萬里區,,,,無年齡維度,0.0,女,遷出,其他鄉鎮,4
112,7,25,萬里區,,,,無年齡維度,0.0,男,遷出,其他鄉鎮,6
112,7,25,萬里區,,,,無年齡維度,0.0,女,遷出,合計,11
112,7,25,萬里區,,,,無年齡維度,0.0,男,遷出,合計,7
112,7,25,萬里區,,,,無年齡維度,0.0,女,遷出,國外,0
112,7,25,萬里區,,,,無年齡維度,0.0,男,遷出,國外,0
112,7,25,萬里區,,,,無年齡維度,0.0,女,遷出,新北市內,0
112,7,25,萬里區,,,,無年齡維度,0.0,男,遷出,新北市內,0
112,7,25,萬里區,,,,無年齡維度,0.0,女,遷出,桃園市,2
112,7,25,萬里區,,,,無年齡維度,0.0,男,遷出,桃園市,0
112,7,25,萬里區,,,,無年齡維度,0.0,女,遷出,福建省,0
112,7,25,萬里區,,,,無年齡維度,0.0,男,遷出,福建省,0
112,7,25,萬里區,,,,無年齡維度,0.0,女,遷出,臺中市,1
112,7,25,萬里區,,,,無年齡維度,0.0,男,遷出,臺中市,0
112,7,25,萬里區,,,,無年齡維度,0.0,女,遷出,臺北市,1
112,7,25,萬里區,,,,無年齡維度,0.0,男,遷出,臺北市,0
112,7,25,萬里區,,,,無年齡維度,0.0,女,遷出,臺南市,0
112,7,25,萬里區,,,,無年齡維度,0.0,男,遷出,臺南市,0
112,7,25,萬里區,,,,無年齡維度,0.0,女,遷出,臺灣省,3
112,7,25,萬里區,,,,無年齡維度,0.0,男,遷出,臺灣省,1
112,7,25,萬里區,,,,無年齡維度,0.0,女,遷出,高雄市,0
112,7,25,萬里區,,,,無年齡維度,0.0,男,遷出,高雄市,0
112,7,26,平溪區,,,,無年齡維度,0.0,女,遷入,migrants,2
112,7,26,平溪區,,,,無年齡維度,0.0,男,遷入,migrants,2
112,7,26,平溪區,,,,無年齡維度,0.0,女,遷入,other,0
112,7,26,平溪區,,,,無年齡維度,0.0,男,遷入,other,0
112,7,26,平溪區,,,,無年齡維度,0.0,女,遷入,其他縣市,0
112,7,26,平溪區,,,,無年齡維度,0.0,男,遷入,其他縣市,0
112,7,26,平溪區,,,,無年齡維度,0.0,女,遷入,其他鄉鎮,1
112,7,26,平溪區,,,,無年齡維度,0.0,男,遷入,其他鄉鎮,3
112,7,26,平溪區,,,,無年齡維度,0.0,女,遷入,合計,13
112,7,26,平溪區,,,,無年齡維度,0.0,男,遷入,合計,17
112,7,26,平溪區,,,,無年齡維度,0.0,女,遷入,國外,7
112,7,26,平溪區,,,,無年齡維度,0.0,男,遷入,國外,9
112,7,26,平溪區,,,,無年齡維度,0.0,女,遷入,新北市內,0
112,7,26,平溪區,,,,無年齡維度,0.0,男,遷入,新北市內,0
112,7,26,平溪區,,,,無年齡維度,0.0,女,遷入,桃園市,2
112,7,26,平溪區,,,,無年齡維度,0.0,男,遷入,桃園市,1
112,7,26,平溪區,,,,無年齡維度,0.0,女,遷入,福建省,0
112,7,26,平溪區,,,,無年齡維度,0.0,男,遷入,福建省,0
112,7,26,平溪區,,,,無年齡維度,0.0,女,遷入,臺中市,0
112,7,26,平溪區,,,,無年齡維度,0.0,男,遷入,臺中市,0
112,7,26,平溪區,,,,無年齡維度,0.0,女,遷入,臺北市,1
112,7,26,平溪區,,,,無年齡維度,0.0,男,遷入,臺北市,2
112,7,26,平溪區,,,,無年齡維度,0.0,女,遷入,臺南市,0
112,7,26,平溪區,,,,無年齡維度,0.0,男,遷入,臺南市,0
112,7,26,平溪區,,,,無年齡維度,0.0,女,遷入,臺灣省,0
112,7,26,平溪區,,,,無年齡維度,0.0,男,遷入,臺灣省,2
112,7,26,平溪區,,,,無年齡維度,0.0,女,遷入,高雄市,0
112,7,26,平溪區,,,,無年齡維度,0.0,男,遷入,高雄市,0
112,7,26,平溪區,,,,無年齡維度,0.0,女,遷出,migrants,2
112,7,26,平溪區,,,,無年齡維度,0.0,男,遷出,migrants,2
112,7,26,平溪區,,,,無年齡維度,0.0,女,遷出,other,0
112,7,26,平溪區,,,,無年齡維度,0.0,男,遷出,other,0
112,7,26,平溪區,,,,無年齡維度,0.0,女,遷出,其他縣市,0
112,7,26,平溪區,,,,無年齡維度,0.0,男,遷出,其他縣市,0
112,7,26,平溪區,,,,無年齡維度,0.0,女,遷出,其他鄉鎮,5
112,7,26,平溪區,,,,無年齡維度,0.0,男,遷出,其他鄉鎮,4
112,7,26,平溪區,,,,無年齡維度,0.0,女,遷出,合計,10
112,7,26,平溪區,,,,無年齡維度,0.0,男,遷出,合計,17
112,7,26,平溪區,,,,無年齡維度,0.0,女,遷出,國外,0
112,7,26,平溪區,,,,無年齡維度,0.0,男,遷出,國外,0
112,7,26,平溪區,,,,無年齡維度,0.0,女,遷出,新北市內,0
112,7,26,平溪區,,,,無年齡維度,0.0,男,遷出,新北市內,0
112,7,26,平溪區,,,,無年齡維度,0.0,女,遷出,桃園市,1
112,7,26,平溪區,,,,無年齡維度,0.0,男,遷出,桃園市,3
112,7,26,平溪區,,,,無年齡維度,0.0,女,遷出,福建省,0
112,7,26,平溪區,,,,無年齡維度,0.0,男,遷出,福建省,0
112,7,26,平溪區,,,,無年齡維度,0.0,女,遷出,臺中市,0
112,7,26,平溪區,,,,無年齡維度,0.0,男,遷出,臺中市,1
112,7,26,平溪區,,,,無年齡維度,0.0,女,遷出,臺北市,0
112,7,26,平溪區,,,,無年齡維度,0.0,男,遷出,臺北市,3
112,7,26,平溪區,,,,無年齡維度,0.0,女,遷出,臺南市,0
112,7,26,平溪區,,,,無年齡維度,0.0,男,遷出,臺南市,0
112,7,26,平溪區,,,,無年齡維度,0.0,女,遷出,臺灣省,3
112,7,26,平溪區,,,,無年齡維度,0.0,男,遷出,臺灣省,6
112,7,26,平溪區,,,,無年齡維度,0.0,女,遷出,高雄市,0
112,7,26,平溪區,,,,無年齡維度,0.0,男,遷出,高雄市,0
112,7,27,雙溪區,,,,無年齡維度,0.0,女,遷入,migrants,8
112,7,27,雙溪區,,,,無年齡維度,0.0,男,遷入,migrants,9
112,7,27,雙溪區,,,,無年齡維度,0.0,女,遷入,other,0
112,7,27,雙溪區,,,,無年齡維度,0.0,男,遷入,other,0
112,7,27,雙溪區,,,,無年齡維度,0.0,女,遷入,其他縣市,0
112,7,27,雙溪區,,,,無年齡維度,0.0,男,遷入,其他縣市,0
112,7,27,雙溪區,,,,無年齡維度,0.0,女,遷入,其他鄉鎮,11
112,7,27,雙溪區,,,,無年齡維度,0.0,男,遷入,其他鄉鎮,6
112,7,27,雙溪區,,,,無年齡維度,0.0,女,遷入,合計,34
112,7,27,雙溪區,,,,無年齡維度,0.0,男,遷入,合計,21
112,7,27,雙溪區,,,,無年齡維度,0.0,女,遷入,國外,13
112,7,27,雙溪區,,,,無年齡維度,0.0,男,遷入,國外,6
112,7,27,雙溪區,,,,無年齡維度,0.0,女,遷入,新北市內,0
112,7,27,雙溪區,,,,無年齡維度,0.0,男,遷入,新北市內,0
112,7,27,雙溪區,,,,無年齡維度,0.0,女,遷入,桃園市,1
112,7,27,雙溪區,,,,無年齡維度,0.0,男,遷入,桃園市,2
112,7,27,雙溪區,,,,無年齡維度,0.0,女,遷入,福建省,0
112,7,27,雙溪區,,,,無年齡維度,0.0,男,遷入,福建省,0
112,7,27,雙溪區,,,,無年齡維度,0.0,女,遷入,臺中市,0
112,7,27,雙溪區,,,,無年齡維度,0.0,男,遷入,臺中市,1
112,7,27,雙溪區,,,,無年齡維度,0.0,女,遷入,臺北市,5
112,7,27,雙溪區,,,,無年齡維度,0.0,男,遷入,臺北市,5
112,7,27,雙溪區,,,,無年齡維度,0.0,女,遷入,臺南市,0
112,7,27,雙溪區,,,,無年齡維度,0.0,男,遷入,臺南市,0
112,7,27,雙溪區,,,,無年齡維度,0.0,女,遷入,臺灣省,3
112,7,27,雙溪區,,,,無年齡維度,0.0,男,遷入,臺灣省,0
112,7,27,雙溪區,,,,無年齡維度,0.0,女,遷入,高雄市,1
112,7,27,雙溪區,,,,無年齡維度,0.0,男,遷入,高雄市,0
112,7,27,雙溪區,,,,無年齡維度,0.0,女,遷出,migrants,8
112,7,27,雙溪區,,,,無年齡維度,0.0,男,遷出,migrants,9
112,7,27,雙溪區,,,,無年齡維度,0.0,女,遷出,other,0
112,7,27,雙溪區,,,,無年齡維度,0.0,男,遷出,other,0
112,7,27,雙溪區,,,,無年齡維度,0.0,女,遷出,其他縣市,0
112,7,27,雙溪區,,,,無年齡維度,0.0,男,遷出,其他縣市,0
112,7,27,雙溪區,,,,無年齡維度,0.0,女,遷出,其他鄉鎮,13
112,7,27,雙溪區,,,,無年齡維度,0.0,男,遷出,其他鄉鎮,11
112,7,27,雙溪區,,,,無年齡維度,0.0,女,遷出,合計,32
112,7,27,雙溪區,,,,無年齡維度,0.0,男,遷出,合計,26
112,7,27,雙溪區,,,,無年齡維度,0.0,女,遷出,國外,1
112,7,27,雙溪區,,,,無年齡維度,0.0,男,遷出,國外,0
112,7,27,雙溪區,,,,無年齡維度,0.0,女,遷出,新北市內,0
112,7,27,雙溪區,,,,無年齡維度,0.0,男,遷出,新北市內,0
112,7,27,雙溪區,,,,無年齡維度,0.0,女,遷出,桃園市,4
112,7,27,雙溪區,,,,無年齡維度,0.0,男,遷出,桃園市,2
112,7,27,雙溪區,,,,無年齡維度,0.0,女,遷出,福建省,3
112,7,27,雙溪區,,,,無年齡維度,0.0,男,遷出,福建省,0
112,7,27,雙溪區,,,,無年齡維度,0.0,女,遷出,臺中市,1
112,7,27,雙溪區,,,,無年齡維度,0.0,男,遷出,臺中市,0
112,7,27,雙溪區,,,,無年齡維度,0.0,女,遷出,臺北市,4
112,7,27,雙溪區,,,,無年齡維度,0.0,男,遷出,臺北市,5
112,7,27,雙溪區,,,,無年齡維度,0.0,女,遷出,臺南市,0
112,7,27,雙溪區,,,,無年齡維度,0.0,男,遷出,臺南市,0
112,7,27,雙溪區,,,,無年齡維度,0.0,女,遷出,臺灣省,5
112,7,27,雙溪區,,,,無年齡維度,0.0,男,遷出,臺灣省,7
112,7,27,雙溪區,,,,無年齡維度,0.0,女,遷出,高雄市,1
112,7,27,雙溪區,,,,無年齡維度,0.0,男,遷出,高雄市,1
112,7,28,貢寮區,,,,無年齡維度,0.0,女,遷入,migrants,18
112,7,28,貢寮區,,,,無年齡維度,0.0,男,遷入,migrants,10
112,7,28,貢寮區,,,,無年齡維度,0.0,女,遷入,other,0
112,7,28,貢寮區,,,,無年齡維度,0.0,男,遷入,other,0
112,7,28,貢寮區,,,,無年齡維度,0.0,女,遷入,其他縣市,0
112,7,28,貢寮區,,,,無年齡維度,0.0,男,遷入,其他縣市,0
112,7,28,貢寮區,,,,無年齡維度,0.0,女,遷入,其他鄉鎮,5
112,7,28,貢寮區,,,,無年齡維度,0.0,男,遷入,其他鄉鎮,14
112,7,28,貢寮區,,,,無年齡維度,0.0,女,遷入,合計,30
112,7,28,貢寮區,,,,無年齡維度,0.0,男,遷入,合計,38
112,7,28,貢寮區,,,,無年齡維度,0.0,女,遷入,國外,9
112,7,28,貢寮區,,,,無年齡維度,0.0,男,遷入,國外,9
112,7,28,貢寮區,,,,無年齡維度,0.0,女,遷入,新北市內,0
112,7,28,貢寮區,,,,無年齡維度,0.0,男,遷入,新北市內,0
112,7,28,貢寮區,,,,無年齡維度,0.0,女,遷入,桃園市,3
112,7,28,貢寮區,,,,無年齡維度,0.0,男,遷入,桃園市,2
112,7,28,貢寮區,,,,無年齡維度,0.0,女,遷入,福建省,0
112,7,28,貢寮區,,,,無年齡維度,0.0,男,遷入,福建省,0
112,7,28,貢寮區,,,,無年齡維度,0.0,女,遷入,臺中市,1
112,7,28,貢寮區,,,,無年齡維度,0.0,男,遷入,臺中市,1
112,7,28,貢寮區,,,,無年齡維度,0.0,女,遷入,臺北市,4
112,7,28,貢寮區,,,,無年齡維度,0.0,男,遷入,臺北市,1
112,7,28,貢寮區,,,,無年齡維度,0.0,女,遷入,臺南市,0
112,7,28,貢寮區,,,,無年齡維度,0.0,男,遷入,臺南市,0
112,7,28,貢寮區,,,,無年齡維度,0.0,女,遷入,臺灣省,8
112,7,28,貢寮區,,,,無年齡維度,0.0,男,遷入,臺灣省,10
112,7,28,貢寮區,,,,無年齡維度,0.0,女,遷入,高雄市,0
112,7,28,貢寮區,,,,無年齡維度,0.0,男,遷入,高雄市,0
112,7,28,貢寮區,,,,無年齡維度,0.0,女,遷出,migrants,18
112,7,28,貢寮區,,,,無年齡維度,0.0,男,遷出,migrants,10
112,7,28,貢寮區,,,,無年齡維度,0.0,女,遷出,other,0
112,7,28,貢寮區,,,,無年齡維度,0.0,男,遷出,other,0
112,7,28,貢寮區,,,,無年齡維度,0.0,女,遷出,其他縣市,0
112,7,28,貢寮區,,,,無年齡維度,0.0,男,遷出,其他縣市,0
112,7,28,貢寮區,,,,無年齡維度,0.0,女,遷出,其他鄉鎮,8
112,7,28,貢寮區,,,,無年齡維度,0.0,男,遷出,其他鄉鎮,10
112,7,28,貢寮區,,,,無年齡維度,0.0,女,遷出,合計,30
112,7,28,貢寮區,,,,無年齡維度,0.0,男,遷出,合計,27
112,7,28,貢寮區,,,,無年齡維度,0.0,女,遷出,國外,1
112,7,28,貢寮區,,,,無年齡維度,0.0,男,遷出,國外,0
112,7,28,貢寮區,,,,無年齡維度,0.0,女,遷出,新北市內,0
112,7,28,貢寮區,,,,無年齡維度,0.0,男,遷出,新北市內,0
112,7,28,貢寮區,,,,無年齡維度,0.0,女,遷出,桃園市,3
112,7,28,貢寮區,,,,無年齡維度,0.0,男,遷出,桃園市,2
112,7,28,貢寮區,,,,無年齡維度,0.0,女,遷出,福建省,0
112,7,28,貢寮區,,,,無年齡維度,0.0,男,遷出,福建省,0
112,7,28,貢寮區,,,,無年齡維度,0.0,女,遷出,臺中市,1
112,7,28,貢寮區,,,,無年齡維度,0.0,男,遷出,臺中市,1
112,7,28,貢寮區,,,,無年齡維度,0.0,女,遷出,臺北市,6
112,7,28,貢寮區,,,,無年齡維度,0.0,男,遷出,臺北市,6
112,7,28,貢寮區,,,,無年齡維度,0.0,女,遷出,臺南市,0
112,7,28,貢寮區,,,,無年齡維度,0.0,男,遷出,臺南市,0
112,7,28,貢寮區,,,,無年齡維度,0.0,女,遷出,臺灣省,11
112,7,28,貢寮區,,,,無年齡維度,0.0,男,遷出,臺灣省,8
112,7,28,貢寮區,,,,無年齡維度,0.0,女,遷出,高雄市,0
112,7,28,貢寮區,,,,無年齡維度,0.0,男,遷出,高雄市,0
112,7,29,烏來區,,,,無年齡維度,0.0,女,遷入,migrants,10
112,7,29,烏來區,,,,無年齡維度,0.0,男,遷入,migrants,10
112,7,29,烏來區,,,,無年齡維度,0.0,女,遷入,other,0
112,7,29,烏來區,,,,無年齡維度,0.0,男,遷入,other,0
112,7,29,烏來區,,,,無年齡維度,0.0,女,遷入,其他縣市,0
112,7,29,烏來區,,,,無年齡維度,0.0,男,遷入,其他縣市,0
112,7,29,烏來區,,,,無年齡維度,0.0,女,遷入,其他鄉鎮,14
112,7,29,烏來區,,,,無年齡維度,0.0,男,遷入,其他鄉鎮,7
112,7,29,烏來區,,,,無年齡維度,0.0,女,遷入,合計,26
112,7,29,烏來區,,,,無年齡維度,0.0,男,遷入,合計,15
112,7,29,烏來區,,,,無年齡維度,0.0,女,遷入,國外,4
112,7,29,烏來區,,,,無年齡維度,0.0,男,遷入,國外,3
112,7,29,烏來區,,,,無年齡維度,0.0,女,遷入,新北市內,0
112,7,29,烏來區,,,,無年齡維度,0.0,男,遷入,新北市內,0
112,7,29,烏來區,,,,無年齡維度,0.0,女,遷入,桃園市,2
112,7,29,烏來區,,,,無年齡維度,0.0,男,遷入,桃園市,0
112,7,29,烏來區,,,,無年齡維度,0.0,女,遷入,福建省,0
112,7,29,烏來區,,,,無年齡維度,0.0,男,遷入,福建省,0
112,7,29,烏來區,,,,無年齡維度,0.0,女,遷入,臺中市,1
112,7,29,烏來區,,,,無年齡維度,0.0,男,遷入,臺中市,1
112,7,29,烏來區,,,,無年齡維度,0.0,女,遷入,臺北市,2
112,7,29,烏來區,,,,無年齡維度,0.0,男,遷入,臺北市,2
112,7,29,烏來區,,,,無年齡維度,0.0,女,遷入,臺南市,0
112,7,29,烏來區,,,,無年齡維度,0.0,男,遷入,臺南市,0
112,7,29,烏來區,,,,無年齡維度,0.0,女,遷入,臺灣省,0
112,7,29,烏來區,,,,無年齡維度,0.0,男,遷入,臺灣省,1
112,7,29,烏來區,,,,無年齡維度,0.0,女,遷入,高雄市,0
112,7,29,烏來區,,,,無年齡維度,0.0,男,遷入,高雄市,1
112,7,29,烏來區,,,,無年齡維度,0.0,女,遷出,migrants,10
112,7,29,烏來區,,,,無年齡維度,0.0,男,遷出,migrants,10
112,7,29,烏來區,,,,無年齡維度,0.0,女,遷出,other,0
112,7,29,烏來區,,,,無年齡維度,0.0,男,遷出,other,0
112,7,29,烏來區,,,,無年齡維度,0.0,女,遷出,其他縣市,0
112,7,29,烏來區,,,,無年齡維度,0.0,男,遷出,其他縣市,0
112,7,29,烏來區,,,,無年齡維度,0.0,女,遷出,其他鄉鎮,8
112,7,29,烏來區,,,,無年齡維度,0.0,男,遷出,其他鄉鎮,3
112,7,29,烏來區,,,,無年齡維度,0.0,女,遷出,合計,14
112,7,29,烏來區,,,,無年齡維度,0.0,男,遷出,合計,8
112,7,29,烏來區,,,,無年齡維度,0.0,女,遷出,國外,0
112,7,29,烏來區,,,,無年齡維度,0.0,男,遷出,國外,0
112,7,29,烏來區,,,,無年齡維度,0.0,女,遷出,新北市內,0
112,7,29,烏來區,,,,無年齡維度,0.0,男,遷出,新北市內,0
112,7,29,烏來區,,,,無年齡維度,0.0,女,遷出,桃園市,0
112,7,29,烏來區,,,,無年齡維度,0.0,男,遷出,桃園市,0
112,7,29,烏來區,,,,無年齡維度,0.0,女,遷出,福建省,0
112,7,29,烏來區,,,,無年齡維度,0.0,男,遷出,福建省,0
112,7,29,烏來區,,,,無年齡維度,0.0,女,遷出,臺中市,0
112,7,29,烏來區,,,,無年齡維度,0.0,男,遷出,臺中市,0
112,7,29,烏來區,,,,無年齡維度,0.0,女,遷出,臺北市,2
112,7,29,烏來區,,,,無年齡維度,0.0,男,遷出,臺北市,1
112,7,29,烏來區,,,,無年齡維度,0.0,女,遷出,臺南市,1
112,7,29,烏來區,,,,無年齡維度,0.0,男,遷出,臺南市,1
112,7,29,烏來區,,,,無年齡維度,0.0,女,遷出,臺灣省,3
112,7,29,烏來區,,,,無年齡維度,0.0,男,遷出,臺灣省,3
112,7,29,烏來區,,,,無年齡維度,0.0,女,遷出,高雄市,0
112,7,29,烏來區,,,,無年齡維度,0.0,男,遷出,高雄市,0
112,8,1,板橋區,,,,無年齡維度,0.0,女,遷入,migrants,867
112,8,1,板橋區,,,,無年齡維度,0.0,男,遷入,migrants,784
112,8,1,板橋區,,,,無年齡維度,0.0,女,遷入,other,0
112,8,1,板橋區,,,,無年齡維度,0.0,男,遷入,other,0
112,8,1,板橋區,,,,無年齡維度,0.0,女,遷入,其他縣市,0
112,8,1,板橋區,,,,無年齡維度,0.0,男,遷入,其他縣市,0
112,8,1,板橋區,,,,無年齡維度,0.0,女,遷入,其他鄉鎮,383
112,8,1,板橋區,,,,無年齡維度,0.0,男,遷入,其他鄉鎮,353
112,8,1,板橋區,,,,無年齡維度,0.0,女,遷入,合計,1133
112,8,1,板橋區,,,,無年齡維度,0.0,男,遷入,合計,1074
112,8,1,板橋區,,,,無年齡維度,0.0,女,遷入,國外,209
112,8,1,板橋區,,,,無年齡維度,0.0,男,遷入,國外,205
112,8,1,板橋區,,,,無年齡維度,0.0,女,遷入,新北市內,0
112,8,1,板橋區,,,,無年齡維度,0.0,男,遷入,新北市內,0
112,8,1,板橋區,,,,無年齡維度,0.0,女,遷入,桃園市,68
112,8,1,板橋區,,,,無年齡維度,0.0,男,遷入,桃園市,66
112,8,1,板橋區,,,,無年齡維度,0.0,女,遷入,福建省,4
112,8,1,板橋區,,,,無年齡維度,0.0,男,遷入,福建省,8
112,8,1,板橋區,,,,無年齡維度,0.0,女,遷入,臺中市,27
112,8,1,板橋區,,,,無年齡維度,0.0,男,遷入,臺中市,30
112,8,1,板橋區,,,,無年齡維度,0.0,女,遷入,臺北市,252
112,8,1,板橋區,,,,無年齡維度,0.0,男,遷入,臺北市,233
112,8,1,板橋區,,,,無年齡維度,0.0,女,遷入,臺南市,14
112,8,1,板橋區,,,,無年齡維度,0.0,男,遷入,臺南市,16
112,8,1,板橋區,,,,無年齡維度,0.0,女,遷入,臺灣省,115
112,8,1,板橋區,,,,無年齡維度,0.0,男,遷入,臺灣省,117
112,8,1,板橋區,,,,無年齡維度,0.0,女,遷入,高雄市,30
112,8,1,板橋區,,,,無年齡維度,0.0,男,遷入,高雄市,26
112,8,1,板橋區,,,,無年齡維度,0.0,女,遷出,migrants,867
112,8,1,板橋區,,,,無年齡維度,0.0,男,遷出,migrants,784
112,8,1,板橋區,,,,無年齡維度,0.0,女,遷出,other,0
112,8,1,板橋區,,,,無年齡維度,0.0,男,遷出,other,0
112,8,1,板橋區,,,,無年齡維度,0.0,女,遷出,其他縣市,0
112,8,1,板橋區,,,,無年齡維度,0.0,男,遷出,其他縣市,0
112,8,1,板橋區,,,,無年齡維度,0.0,女,遷出,其他鄉鎮,483
112,8,1,板橋區,,,,無年齡維度,0.0,男,遷出,其他鄉鎮,410
112,8,1,板橋區,,,,無年齡維度,0.0,女,遷出,合計,1012
112,8,1,板橋區,,,,無年齡維度,0.0,男,遷出,合計,836
112,8,1,板橋區,,,,無年齡維度,0.0,女,遷出,國外,46
112,8,1,板橋區,,,,無年齡維度,0.0,男,遷出,國外,29
112,8,1,板橋區,,,,無年齡維度,0.0,女,遷出,新北市內,0
112,8,1,板橋區,,,,無年齡維度,0.0,男,遷出,新北市內,0
112,8,1,板橋區,,,,無年齡維度,0.0,女,遷出,桃園市,132
112,8,1,板橋區,,,,無年齡維度,0.0,男,遷出,桃園市,90
112,8,1,板橋區,,,,無年齡維度,0.0,女,遷出,福建省,12
112,8,1,板橋區,,,,無年齡維度,0.0,男,遷出,福建省,7
112,8,1,板橋區,,,,無年齡維度,0.0,女,遷出,臺中市,29
112,8,1,板橋區,,,,無年齡維度,0.0,男,遷出,臺中市,37
112,8,1,板橋區,,,,無年齡維度,0.0,女,遷出,臺北市,167
112,8,1,板橋區,,,,無年齡維度,0.0,男,遷出,臺北市,125
112,8,1,板橋區,,,,無年齡維度,0.0,女,遷出,臺南市,14
112,8,1,板橋區,,,,無年齡維度,0.0,男,遷出,臺南市,12
112,8,1,板橋區,,,,無年齡維度,0.0,女,遷出,臺灣省,110
112,8,1,板橋區,,,,無年齡維度,0.0,男,遷出,臺灣省,108
112,8,1,板橋區,,,,無年齡維度,0.0,女,遷出,高雄市,18
112,8,1,板橋區,,,,無年齡維度,0.0,男,遷出,高雄市,18
112,8,2,三重區,,,,無年齡維度,0.0,女,遷入,migrants,625
112,8,2,三重區,,,,無年齡維度,0.0,男,遷入,migrants,611
112,8,2,三重區,,,,無年齡維度,0.0,女,遷入,other,0
112,8,2,三重區,,,,無年齡維度,0.0,男,遷入,other,0
112,8,2,三重區,,,,無年齡維度,0.0,女,遷入,其他縣市,0
112,8,2,三重區,,,,無年齡維度,0.0,男,遷入,其他縣市,0
112,8,2,三重區,,,,無年齡維度,0.0,女,遷入,其他鄉鎮,258
112,8,2,三重區,,,,無年齡維度,0.0,男,遷入,其他鄉鎮,188
112,8,2,三重區,,,,無年齡維度,0.0,女,遷入,合計,959
112,8,2,三重區,,,,無年齡維度,0.0,男,遷入,合計,824
112,8,2,三重區,,,,無年齡維度,0.0,女,遷入,國外,167
112,8,2,三重區,,,,無年齡維度,0.0,男,遷入,國外,150
112,8,2,三重區,,,,無年齡維度,0.0,女,遷入,新北市內,0
112,8,2,三重區,,,,無年齡維度,0.0,男,遷入,新北市內,0
112,8,2,三重區,,,,無年齡維度,0.0,女,遷入,桃園市,41
112,8,2,三重區,,,,無年齡維度,0.0,男,遷入,桃園市,36
112,8,2,三重區,,,,無年齡維度,0.0,女,遷入,福建省,6
112,8,2,三重區,,,,無年齡維度,0.0,男,遷入,福建省,4
112,8,2,三重區,,,,無年齡維度,0.0,女,遷入,臺中市,23
112,8,2,三重區,,,,無年齡維度,0.0,男,遷入,臺中市,12
112,8,2,三重區,,,,無年齡維度,0.0,女,遷入,臺北市,323
112,8,2,三重區,,,,無年齡維度,0.0,男,遷入,臺北市,307
112,8,2,三重區,,,,無年齡維度,0.0,女,遷入,臺南市,5
112,8,2,三重區,,,,無年齡維度,0.0,男,遷入,臺南市,8
112,8,2,三重區,,,,無年齡維度,0.0,女,遷入,臺灣省,103
112,8,2,三重區,,,,無年齡維度,0.0,男,遷入,臺灣省,96
112,8,2,三重區,,,,無年齡維度,0.0,女,遷入,高雄市,18
112,8,2,三重區,,,,無年齡維度,0.0,男,遷入,高雄市,13
112,8,2,三重區,,,,無年齡維度,0.0,女,遷出,migrants,625
112,8,2,三重區,,,,無年齡維度,0.0,男,遷出,migrants,611
112,8,2,三重區,,,,無年齡維度,0.0,女,遷出,other,0
112,8,2,三重區,,,,無年齡維度,0.0,男,遷出,other,0
112,8,2,三重區,,,,無年齡維度,0.0,女,遷出,其他縣市,0
112,8,2,三重區,,,,無年齡維度,0.0,男,遷出,其他縣市,0
112,8,2,三重區,,,,無年齡維度,0.0,女,遷出,其他鄉鎮,326
112,8,2,三重區,,,,無年齡維度,0.0,男,遷出,其他鄉鎮,248
112,8,2,三重區,,,,無年齡維度,0.0,女,遷出,合計,742
112,8,2,三重區,,,,無年齡維度,0.0,男,遷出,合計,590
112,8,2,三重區,,,,無年齡維度,0.0,女,遷出,國外,13
112,8,2,三重區,,,,無年齡維度,0.0,男,遷出,國外,15
112,8,2,三重區,,,,無年齡維度,0.0,女,遷出,新北市內,0
112,8,2,三重區,,,,無年齡維度,0.0,男,遷出,新北市內,0
112,8,2,三重區,,,,無年齡維度,0.0,女,遷出,桃園市,83
112,8,2,三重區,,,,無年齡維度,0.0,男,遷出,桃園市,54
112,8,2,三重區,,,,無年齡維度,0.0,女,遷出,福建省,3
112,8,2,三重區,,,,無年齡維度,0.0,男,遷出,福建省,3
112,8,2,三重區,,,,無年齡維度,0.0,女,遷出,臺中市,29
112,8,2,三重區,,,,無年齡維度,0.0,男,遷出,臺中市,20
112,8,2,三重區,,,,無年齡維度,0.0,女,遷出,臺北市,175
112,8,2,三重區,,,,無年齡維度,0.0,男,遷出,臺北市,148
112,8,2,三重區,,,,無年齡維度,0.0,女,遷出,臺南市,14
112,8,2,三重區,,,,無年齡維度,0.0,男,遷出,臺南市,10
112,8,2,三重區,,,,無年齡維度,0.0,女,遷出,臺灣省,81
112,8,2,三重區,,,,無年齡維度,0.0,男,遷出,臺灣省,83
112,8,2,三重區,,,,無年齡維度,0.0,女,遷出,高雄市,17
112,8,2,三重區,,,,無年齡維度,0.0,男,遷出,高雄市,9
112,8,3,中和區,,,,無年齡維度,0.0,女,遷入,migrants,446
112,8,3,中和區,,,,無年齡維度,0.0,男,遷入,migrants,380
112,8,3,中和區,,,,無年齡維度,0.0,女,遷入,other,0
112,8,3,中和區,,,,無年齡維度,0.0,男,遷入,other,0
112,8,3,中和區,,,,無年齡維度,0.0,女,遷入,其他縣市,0
112,8,3,中和區,,,,無年齡維度,0.0,男,遷入,其他縣市,0
112,8,3,中和區,,,,無年齡維度,0.0,女,遷入,其他鄉鎮,417
112,8,3,中和區,,,,無年齡維度,0.0,男,遷入,其他鄉鎮,385
112,8,3,中和區,,,,無年齡維度,0.0,女,遷入,合計,1074
112,8,3,中和區,,,,無年齡維度,0.0,男,遷入,合計,926
112,8,3,中和區,,,,無年齡維度,0.0,女,遷入,國外,219
112,8,3,中和區,,,,無年齡維度,0.0,男,遷入,國外,170
112,8,3,中和區,,,,無年齡維度,0.0,女,遷入,新北市內,0
112,8,3,中和區,,,,無年齡維度,0.0,男,遷入,新北市內,0
112,8,3,中和區,,,,無年齡維度,0.0,女,遷入,桃園市,42
112,8,3,中和區,,,,無年齡維度,0.0,男,遷入,桃園市,33
112,8,3,中和區,,,,無年齡維度,0.0,女,遷入,福建省,10
112,8,3,中和區,,,,無年齡維度,0.0,男,遷入,福建省,8
112,8,3,中和區,,,,無年齡維度,0.0,女,遷入,臺中市,14
112,8,3,中和區,,,,無年齡維度,0.0,男,遷入,臺中市,20
112,8,3,中和區,,,,無年齡維度,0.0,女,遷入,臺北市,221
112,8,3,中和區,,,,無年齡維度,0.0,男,遷入,臺北市,178
112,8,3,中和區,,,,無年齡維度,0.0,女,遷入,臺南市,8
112,8,3,中和區,,,,無年齡維度,0.0,男,遷入,臺南市,7
112,8,3,中和區,,,,無年齡維度,0.0,女,遷入,臺灣省,93
112,8,3,中和區,,,,無年齡維度,0.0,男,遷入,臺灣省,85
112,8,3,中和區,,,,無年齡維度,0.0,女,遷入,高雄市,15
112,8,3,中和區,,,,無年齡維度,0.0,男,遷入,高雄市,16
112,8,3,中和區,,,,無年齡維度,0.0,女,遷出,migrants,446
112,8,3,中和區,,,,無年齡維度,0.0,男,遷出,migrants,380
112,8,3,中和區,,,,無年齡維度,0.0,女,遷出,other,0
112,8,3,中和區,,,,無年齡維度,0.0,男,遷出,other,0
112,8,3,中和區,,,,無年齡維度,0.0,女,遷出,其他縣市,0
112,8,3,中和區,,,,無年齡維度,0.0,男,遷出,其他縣市,0
112,8,3,中和區,,,,無年齡維度,0.0,女,遷出,其他鄉鎮,394
112,8,3,中和區,,,,無年齡維度,0.0,男,遷出,其他鄉鎮,342
112,8,3,中和區,,,,無年齡維度,0.0,女,遷出,合計,888
112,8,3,中和區,,,,無年齡維度,0.0,男,遷出,合計,751
112,8,3,中和區,,,,無年齡維度,0.0,女,遷出,國外,43
112,8,3,中和區,,,,無年齡維度,0.0,男,遷出,國外,35
112,8,3,中和區,,,,無年齡維度,0.0,女,遷出,新北市內,0
112,8,3,中和區,,,,無年齡維度,0.0,男,遷出,新北市內,0
112,8,3,中和區,,,,無年齡維度,0.0,女,遷出,桃園市,89
112,8,3,中和區,,,,無年齡維度,0.0,男,遷出,桃園市,86
112,8,3,中和區,,,,無年齡維度,0.0,女,遷出,福建省,24
112,8,3,中和區,,,,無年齡維度,0.0,男,遷出,福建省,10
112,8,3,中和區,,,,無年齡維度,0.0,女,遷出,臺中市,31
112,8,3,中和區,,,,無年齡維度,0.0,男,遷出,臺中市,25
112,8,3,中和區,,,,無年齡維度,0.0,女,遷出,臺北市,166
112,8,3,中和區,,,,無年齡維度,0.0,男,遷出,臺北市,141
112,8,3,中和區,,,,無年齡維度,0.0,女,遷出,臺南市,19
112,8,3,中和區,,,,無年齡維度,0.0,男,遷出,臺南市,13
112,8,3,中和區,,,,無年齡維度,0.0,女,遷出,臺灣省,104
112,8,3,中和區,,,,無年齡維度,0.0,男,遷出,臺灣省,84
112,8,3,中和區,,,,無年齡維度,0.0,女,遷出,高雄市,18
112,8,3,中和區,,,,無年齡維度,0.0,男,遷出,高雄市,15
112,8,4,永和區,,,,無年齡維度,0.0,女,遷入,migrants,229
112,8,4,永和區,,,,無年齡維度,0.0,男,遷入,migrants,202
112,8,4,永和區,,,,無年齡維度,0.0,女,遷入,other,0
112,8,4,永和區,,,,無年齡維度,0.0,男,遷入,other,0
112,8,4,永和區,,,,無年齡維度,0.0,女,遷入,其他縣市,0
112,8,4,永和區,,,,無年齡維度,0.0,男,遷入,其他縣市,0
112,8,4,永和區,,,,無年齡維度,0.0,女,遷入,其他鄉鎮,182
112,8,4,永和區,,,,無年齡維度,0.0,男,遷入,其他鄉鎮,150
112,8,4,永和區,,,,無年齡維度,0.0,女,遷入,合計,571
112,8,4,永和區,,,,無年齡維度,0.0,男,遷入,合計,486
112,8,4,永和區,,,,無年齡維度,0.0,女,遷入,國外,144
112,8,4,永和區,,,,無年齡維度,0.0,男,遷入,國外,115
112,8,4,永和區,,,,無年齡維度,0.0,女,遷入,新北市內,0
112,8,4,永和區,,,,無年齡維度,0.0,男,遷入,新北市內,0
112,8,4,永和區,,,,無年齡維度,0.0,女,遷入,桃園市,20
112,8,4,永和區,,,,無年齡維度,0.0,男,遷入,桃園市,19
112,8,4,永和區,,,,無年齡維度,0.0,女,遷入,福建省,4
112,8,4,永和區,,,,無年齡維度,0.0,男,遷入,福建省,4
112,8,4,永和區,,,,無年齡維度,0.0,女,遷入,臺中市,10
112,8,4,永和區,,,,無年齡維度,0.0,男,遷入,臺中市,9
112,8,4,永和區,,,,無年齡維度,0.0,女,遷入,臺北市,163
112,8,4,永和區,,,,無年齡維度,0.0,男,遷入,臺北市,144
112,8,4,永和區,,,,無年齡維度,0.0,女,遷入,臺南市,5
112,8,4,永和區,,,,無年齡維度,0.0,男,遷入,臺南市,7
112,8,4,永和區,,,,無年齡維度,0.0,女,遷入,臺灣省,24
112,8,4,永和區,,,,無年齡維度,0.0,男,遷入,臺灣省,25
112,8,4,永和區,,,,無年齡維度,0.0,女,遷入,高雄市,3
112,8,4,永和區,,,,無年齡維度,0.0,男,遷入,高雄市,5
112,8,4,永和區,,,,無年齡維度,0.0,女,遷出,migrants,229
112,8,4,永和區,,,,無年齡維度,0.0,男,遷出,migrants,202
112,8,4,永和區,,,,無年齡維度,0.0,女,遷出,other,0
112,8,4,永和區,,,,無年齡維度,0.0,男,遷出,other,0
112,8,4,永和區,,,,無年齡維度,0.0,女,遷出,其他縣市,0
112,8,4,永和區,,,,無年齡維度,0.0,男,遷出,其他縣市,0
112,8,4,永和區,,,,無年齡維度,0.0,女,遷出,其他鄉鎮,277
112,8,4,永和區,,,,無年齡維度,0.0,男,遷出,其他鄉鎮,232
112,8,4,永和區,,,,無年齡維度,0.0,女,遷出,合計,568
112,8,4,永和區,,,,無年齡維度,0.0,男,遷出,合計,457
112,8,4,永和區,,,,無年齡維度,0.0,女,遷出,國外,42
112,8,4,永和區,,,,無年齡維度,0.0,男,遷出,國外,35
112,8,4,永和區,,,,無年齡維度,0.0,女,遷出,新北市內,0
112,8,4,永和區,,,,無年齡維度,0.0,男,遷出,新北市內,0
112,8,4,永和區,,,,無年齡維度,0.0,女,遷出,桃園市,30
112,8,4,永和區,,,,無年齡維度,0.0,男,遷出,桃園市,24
112,8,4,永和區,,,,無年齡維度,0.0,女,遷出,福建省,11
112,8,4,永和區,,,,無年齡維度,0.0,男,遷出,福建省,8
112,8,4,永和區,,,,無年齡維度,0.0,女,遷出,臺中市,15
112,8,4,永和區,,,,無年齡維度,0.0,男,遷出,臺中市,18
112,8,4,永和區,,,,無年齡維度,0.0,女,遷出,臺北市,119
112,8,4,永和區,,,,無年齡維度,0.0,男,遷出,臺北市,87
112,8,4,永和區,,,,無年齡維度,0.0,女,遷出,臺南市,9
112,8,4,永和區,,,,無年齡維度,0.0,男,遷出,臺南市,10
112,8,4,永和區,,,,無年齡維度,0.0,女,遷出,臺灣省,58
112,8,4,永和區,,,,無年齡維度,0.0,男,遷出,臺灣省,37
112,8,4,永和區,,,,無年齡維度,0.0,女,遷出,高雄市,7
112,8,4,永和區,,,,無年齡維度,0.0,男,遷出,高雄市,5
112,8,5,新莊區,,,,無年齡維度,0.0,女,遷入,migrants,756
112,8,5,新莊區,,,,無年齡維度,0.0,男,遷入,migrants,638
112,8,5,新莊區,,,,無年齡維度,0.0,女,遷入,other,0
112,8,5,新莊區,,,,無年齡維度,0.0,男,遷入,other,0
112,8,5,新莊區,,,,無年齡維度,0.0,女,遷入,其他縣市,0
112,8,5,新莊區,,,,無年齡維度,0.0,男,遷入,其他縣市,0
112,8,5,新莊區,,,,無年齡維度,0.0,女,遷入,其他鄉鎮,366
112,8,5,新莊區,,,,無年齡維度,0.0,男,遷入,其他鄉鎮,266
112,8,5,新莊區,,,,無年齡維度,0.0,女,遷入,合計,938
112,8,5,新莊區,,,,無年齡維度,0.0,男,遷入,合計,746
112,8,5,新莊區,,,,無年齡維度,0.0,女,遷入,國外,155
112,8,5,新莊區,,,,無年齡維度,0.0,男,遷入,國外,122
112,8,5,新莊區,,,,無年齡維度,0.0,女,遷入,新北市內,0
112,8,5,新莊區,,,,無年齡維度,0.0,男,遷入,新北市內,0
112,8,5,新莊區,,,,無年齡維度,0.0,女,遷入,桃園市,78
112,8,5,新莊區,,,,無年齡維度,0.0,男,遷入,桃園市,74
112,8,5,新莊區,,,,無年齡維度,0.0,女,遷入,福建省,6
112,8,5,新莊區,,,,無年齡維度,0.0,男,遷入,福建省,5
112,8,5,新莊區,,,,無年齡維度,0.0,女,遷入,臺中市,28
112,8,5,新莊區,,,,無年齡維度,0.0,男,遷入,臺中市,18
112,8,5,新莊區,,,,無年齡維度,0.0,女,遷入,臺北市,143
112,8,5,新莊區,,,,無年齡維度,0.0,男,遷入,臺北市,134
112,8,5,新莊區,,,,無年齡維度,0.0,女,遷入,臺南市,16
112,8,5,新莊區,,,,無年齡維度,0.0,男,遷入,臺南市,13
112,8,5,新莊區,,,,無年齡維度,0.0,女,遷入,臺灣省,108
112,8,5,新莊區,,,,無年齡維度,0.0,男,遷入,臺灣省,89
112,8,5,新莊區,,,,無年齡維度,0.0,女,遷入,高雄市,20
112,8,5,新莊區,,,,無年齡維度,0.0,男,遷入,高雄市,17
112,8,5,新莊區,,,,無年齡維度,0.0,女,遷出,migrants,756
112,8,5,新莊區,,,,無年齡維度,0.0,男,遷出,migrants,638
112,8,5,新莊區,,,,無年齡維度,0.0,女,遷出,other,0
112,8,5,新莊區,,,,無年齡維度,0.0,男,遷出,other,0
112,8,5,新莊區,,,,無年齡維度,0.0,女,遷出,其他縣市,0
112,8,5,新莊區,,,,無年齡維度,0.0,男,遷出,其他縣市,0
112,8,5,新莊區,,,,無年齡維度,0.0,女,遷出,其他鄉鎮,298
112,8,5,新莊區,,,,無年齡維度,0.0,男,遷出,其他鄉鎮,248
112,8,5,新莊區,,,,無年齡維度,0.0,女,遷出,合計,748
112,8,5,新莊區,,,,無年齡維度,0.0,男,遷出,合計,660
112,8,5,新莊區,,,,無年齡維度,0.0,女,遷出,國外,30
112,8,5,新莊區,,,,無年齡維度,0.0,男,遷出,國外,23
112,8,5,新莊區,,,,無年齡維度,0.0,女,遷出,新北市內,0
112,8,5,新莊區,,,,無年齡維度,0.0,男,遷出,新北市內,0
112,8,5,新莊區,,,,無年齡維度,0.0,女,遷出,桃園市,144
112,8,5,新莊區,,,,無年齡維度,0.0,男,遷出,桃園市,140
112,8,5,新莊區,,,,無年齡維度,0.0,女,遷出,福建省,4
112,8,5,新莊區,,,,無年齡維度,0.0,男,遷出,福建省,5
112,8,5,新莊區,,,,無年齡維度,0.0,女,遷出,臺中市,26
112,8,5,新莊區,,,,無年齡維度,0.0,男,遷出,臺中市,18
112,8,5,新莊區,,,,無年齡維度,0.0,女,遷出,臺北市,111
112,8,5,新莊區,,,,無年齡維度,0.0,男,遷出,臺北市,81
112,8,5,新莊區,,,,無年齡維度,0.0,女,遷出,臺南市,8
112,8,5,新莊區,,,,無年齡維度,0.0,男,遷出,臺南市,18
112,8,5,新莊區,,,,無年齡維度,0.0,女,遷出,臺灣省,105
112,8,5,新莊區,,,,無年齡維度,0.0,男,遷出,臺灣省,109
112,8,5,新莊區,,,,無年齡維度,0.0,女,遷出,高雄市,21
112,8,5,新莊區,,,,無年齡維度,0.0,男,遷出,高雄市,17
112,8,6,新店區,,,,無年齡維度,0.0,女,遷入,migrants,473
112,8,6,新店區,,,,無年齡維度,0.0,男,遷入,migrants,385
112,8,6,新店區,,,,無年齡維度,0.0,女,遷入,other,0
112,8,6,新店區,,,,無年齡維度,0.0,男,遷入,other,0
112,8,6,新店區,,,,無年齡維度,0.0,女,遷入,其他縣市,0
112,8,6,新店區,,,,無年齡維度,0.0,男,遷入,其他縣市,0
112,8,6,新店區,,,,無年齡維度,0.0,女,遷入,其他鄉鎮,188
112,8,6,新店區,,,,無年齡維度,0.0,男,遷入,其他鄉鎮,149
112,8,6,新店區,,,,無年齡維度,0.0,女,遷入,合計,863
112,8,6,新店區,,,,無年齡維度,0.0,男,遷入,合計,762
112,8,6,新店區,,,,無年齡維度,0.0,女,遷入,國外,210
112,8,6,新店區,,,,無年齡維度,0.0,男,遷入,國外,171
112,8,6,新店區,,,,無年齡維度,0.0,女,遷入,新北市內,0
112,8,6,新店區,,,,無年齡維度,0.0,男,遷入,新北市內,0
112,8,6,新店區,,,,無年齡維度,0.0,女,遷入,桃園市,30
112,8,6,新店區,,,,無年齡維度,0.0,男,遷入,桃園市,38
112,8,6,新店區,,,,無年齡維度,0.0,女,遷入,福建省,6
112,8,6,新店區,,,,無年齡維度,0.0,男,遷入,福建省,1
112,8,6,新店區,,,,無年齡維度,0.0,女,遷入,臺中市,20
112,8,6,新店區,,,,無年齡維度,0.0,男,遷入,臺中市,21
112,8,6,新店區,,,,無年齡維度,0.0,女,遷入,臺北市,310
112,8,6,新店區,,,,無年齡維度,0.0,男,遷入,臺北市,299
112,8,6,新店區,,,,無年齡維度,0.0,女,遷入,臺南市,12
112,8,6,新店區,,,,無年齡維度,0.0,男,遷入,臺南市,5
112,8,6,新店區,,,,無年齡維度,0.0,女,遷入,臺灣省,56
112,8,6,新店區,,,,無年齡維度,0.0,男,遷入,臺灣省,53
112,8,6,新店區,,,,無年齡維度,0.0,女,遷入,高雄市,15
112,8,6,新店區,,,,無年齡維度,0.0,男,遷入,高雄市,15
112,8,6,新店區,,,,無年齡維度,0.0,女,遷出,migrants,473
112,8,6,新店區,,,,無年齡維度,0.0,男,遷出,migrants,385
112,8,6,新店區,,,,無年齡維度,0.0,女,遷出,other,0
112,8,6,新店區,,,,無年齡維度,0.0,男,遷出,other,0
112,8,6,新店區,,,,無年齡維度,0.0,女,遷出,其他縣市,0
112,8,6,新店區,,,,無年齡維度,0.0,男,遷出,其他縣市,0
112,8,6,新店區,,,,無年齡維度,0.0,女,遷出,其他鄉鎮,171
112,8,6,新店區,,,,無年齡維度,0.0,男,遷出,其他鄉鎮,145
112,8,6,新店區,,,,無年齡維度,0.0,女,遷出,合計,601
112,8,6,新店區,,,,無年齡維度,0.0,男,遷出,合計,539
112,8,6,新店區,,,,無年齡維度,0.0,女,遷出,國外,53
112,8,6,新店區,,,,無年齡維度,0.0,男,遷出,國外,65
112,8,6,新店區,,,,無年齡維度,0.0,女,遷出,新北市內,0
112,8,6,新店區,,,,無年齡維度,0.0,男,遷出,新北市內,0
112,8,6,新店區,,,,無年齡維度,0.0,女,遷出,桃園市,44
112,8,6,新店區,,,,無年齡維度,0.0,男,遷出,桃園市,47
112,8,6,新店區,,,,無年齡維度,0.0,女,遷出,福建省,3
112,8,6,新店區,,,,無年齡維度,0.0,男,遷出,福建省,5
112,8,6,新店區,,,,無年齡維度,0.0,女,遷出,臺中市,23
112,8,6,新店區,,,,無年齡維度,0.0,男,遷出,臺中市,25
112,8,6,新店區,,,,無年齡維度,0.0,女,遷出,臺北市,218
112,8,6,新店區,,,,無年齡維度,0.0,男,遷出,臺北市,176
112,8,6,新店區,,,,無年齡維度,0.0,女,遷出,臺南市,16
112,8,6,新店區,,,,無年齡維度,0.0,男,遷出,臺南市,7
112,8,6,新店區,,,,無年齡維度,0.0,女,遷出,臺灣省,62
112,8,6,新店區,,,,無年齡維度,0.0,男,遷出,臺灣省,53
112,8,6,新店區,,,,無年齡維度,0.0,女,遷出,高雄市,10
112,8,6,新店區,,,,無年齡維度,0.0,男,遷出,高雄市,14
112,8,7,土城區,,,,無年齡維度,0.0,女,遷入,migrants,168
112,8,7,土城區,,,,無年齡維度,0.0,男,遷入,migrants,162
112,8,7,土城區,,,,無年齡維度,0.0,女,遷入,other,0
112,8,7,土城區,,,,無年齡維度,0.0,男,遷入,other,0
112,8,7,土城區,,,,無年齡維度,0.0,女,遷入,其他縣市,0
112,8,7,土城區,,,,無年齡維度,0.0,男,遷入,其他縣市,0
112,8,7,土城區,,,,無年齡維度,0.0,女,遷入,其他鄉鎮,187
112,8,7,土城區,,,,無年齡維度,0.0,男,遷入,其他鄉鎮,182
112,8,7,土城區,,,,無年齡維度,0.0,女,遷入,合計,403
112,8,7,土城區,,,,無年齡維度,0.0,男,遷入,合計,366
112,8,7,土城區,,,,無年齡維度,0.0,女,遷入,國外,71
112,8,7,土城區,,,,無年齡維度,0.0,男,遷入,國外,62
112,8,7,土城區,,,,無年齡維度,0.0,女,遷入,新北市內,0
112,8,7,土城區,,,,無年齡維度,0.0,男,遷入,新北市內,0
112,8,7,土城區,,,,無年齡維度,0.0,女,遷入,桃園市,33
112,8,7,土城區,,,,無年齡維度,0.0,男,遷入,桃園市,26
112,8,7,土城區,,,,無年齡維度,0.0,女,遷入,福建省,0
112,8,7,土城區,,,,無年齡維度,0.0,男,遷入,福建省,0
112,8,7,土城區,,,,無年齡維度,0.0,女,遷入,臺中市,12
112,8,7,土城區,,,,無年齡維度,0.0,男,遷入,臺中市,9
112,8,7,土城區,,,,無年齡維度,0.0,女,遷入,臺北市,46
112,8,7,土城區,,,,無年齡維度,0.0,男,遷入,臺北市,44
112,8,7,土城區,,,,無年齡維度,0.0,女,遷入,臺南市,2
112,8,7,土城區,,,,無年齡維度,0.0,男,遷入,臺南市,4
112,8,7,土城區,,,,無年齡維度,0.0,女,遷入,臺灣省,33
112,8,7,土城區,,,,無年齡維度,0.0,男,遷入,臺灣省,27
112,8,7,土城區,,,,無年齡維度,0.0,女,遷入,高雄市,2
112,8,7,土城區,,,,無年齡維度,0.0,男,遷入,高雄市,3
112,8,7,土城區,,,,無年齡維度,0.0,女,遷出,migrants,168
112,8,7,土城區,,,,無年齡維度,0.0,男,遷出,migrants,162
112,8,7,土城區,,,,無年齡維度,0.0,女,遷出,other,0
112,8,7,土城區,,,,無年齡維度,0.0,男,遷出,other,0
112,8,7,土城區,,,,無年齡維度,0.0,女,遷出,其他縣市,0
112,8,7,土城區,,,,無年齡維度,0.0,男,遷出,其他縣市,0
112,8,7,土城區,,,,無年齡維度,0.0,女,遷出,其他鄉鎮,177
112,8,7,土城區,,,,無年齡維度,0.0,男,遷出,其他鄉鎮,155
112,8,7,土城區,,,,無年齡維度,0.0,女,遷出,合計,343
112,8,7,土城區,,,,無年齡維度,0.0,男,遷出,合計,318
112,8,7,土城區,,,,無年齡維度,0.0,女,遷出,國外,9
112,8,7,土城區,,,,無年齡維度,0.0,男,遷出,國外,11
112,8,7,土城區,,,,無年齡維度,0.0,女,遷出,新北市內,0
112,8,7,土城區,,,,無年齡維度,0.0,男,遷出,新北市內,0
112,8,7,土城區,,,,無年齡維度,0.0,女,遷出,桃園市,61
112,8,7,土城區,,,,無年齡維度,0.0,男,遷出,桃園市,62
112,8,7,土城區,,,,無年齡維度,0.0,女,遷出,福建省,3
112,8,7,土城區,,,,無年齡維度,0.0,男,遷出,福建省,2
112,8,7,土城區,,,,無年齡維度,0.0,女,遷出,臺中市,8
112,8,7,土城區,,,,無年齡維度,0.0,男,遷出,臺中市,9
112,8,7,土城區,,,,無年齡維度,0.0,女,遷出,臺北市,34
112,8,7,土城區,,,,無年齡維度,0.0,男,遷出,臺北市,31
112,8,7,土城區,,,,無年齡維度,0.0,女,遷出,臺南市,5
112,8,7,土城區,,,,無年齡維度,0.0,男,遷出,臺南市,7
112,8,7,土城區,,,,無年齡維度,0.0,女,遷出,臺灣省,42
112,8,7,土城區,,,,無年齡維度,0.0,男,遷出,臺灣省,37
112,8,7,土城區,,,,無年齡維度,0.0,女,遷出,高雄市,4
112,8,7,土城區,,,,無年齡維度,0.0,男,遷出,高雄市,3
112,8,8,蘆洲區,,,,無年齡維度,0.0,女,遷入,migrants,126
112,8,8,蘆洲區,,,,無年齡維度,0.0,男,遷入,migrants,112
112,8,8,蘆洲區,,,,無年齡維度,0.0,女,遷入,other,0
112,8,8,蘆洲區,,,,無年齡維度,0.0,男,遷入,other,0
112,8,8,蘆洲區,,,,無年齡維度,0.0,女,遷入,其他縣市,0
112,8,8,蘆洲區,,,,無年齡維度,0.0,男,遷入,其他縣市,0
112,8,8,蘆洲區,,,,無年齡維度,0.0,女,遷入,其他鄉鎮,86
112,8,8,蘆洲區,,,,無年齡維度,0.0,男,遷入,其他鄉鎮,63
112,8,8,蘆洲區,,,,無年齡維度,0.0,女,遷入,合計,198
112,8,8,蘆洲區,,,,無年齡維度,0.0,男,遷入,合計,155
112,8,8,蘆洲區,,,,無年齡維度,0.0,女,遷入,國外,24
112,8,8,蘆洲區,,,,無年齡維度,0.0,男,遷入,國外,19
112,8,8,蘆洲區,,,,無年齡維度,0.0,女,遷入,新北市內,0
112,8,8,蘆洲區,,,,無年齡維度,0.0,男,遷入,新北市內,0
112,8,8,蘆洲區,,,,無年齡維度,0.0,女,遷入,桃園市,40
112,8,8,蘆洲區,,,,無年齡維度,0.0,男,遷入,桃園市,28
112,8,8,蘆洲區,,,,無年齡維度,0.0,女,遷入,福建省,2
112,8,8,蘆洲區,,,,無年齡維度,0.0,男,遷入,福建省,0
112,8,8,蘆洲區,,,,無年齡維度,0.0,女,遷入,臺中市,6
112,8,8,蘆洲區,,,,無年齡維度,0.0,男,遷入,臺中市,1
112,8,8,蘆洲區,,,,無年齡維度,0.0,女,遷入,臺北市,10
112,8,8,蘆洲區,,,,無年齡維度,0.0,男,遷入,臺北市,11
112,8,8,蘆洲區,,,,無年齡維度,0.0,女,遷入,臺南市,3
112,8,8,蘆洲區,,,,無年齡維度,0.0,男,遷入,臺南市,0
112,8,8,蘆洲區,,,,無年齡維度,0.0,女,遷入,臺灣省,19
112,8,8,蘆洲區,,,,無年齡維度,0.0,男,遷入,臺灣省,25
112,8,8,蘆洲區,,,,無年齡維度,0.0,女,遷入,高雄市,0
112,8,8,蘆洲區,,,,無年齡維度,0.0,男,遷入,高雄市,0
112,8,8,蘆洲區,,,,無年齡維度,0.0,女,遷出,migrants,126
112,8,8,蘆洲區,,,,無年齡維度,0.0,男,遷出,migrants,112
112,8,8,蘆洲區,,,,無年齡維度,0.0,女,遷出,other,0
112,8,8,蘆洲區,,,,無年齡維度,0.0,男,遷出,other,0
112,8,8,蘆洲區,,,,無年齡維度,0.0,女,遷出,其他縣市,0
112,8,8,蘆洲區,,,,無年齡維度,0.0,男,遷出,其他縣市,0
112,8,8,蘆洲區,,,,無年齡維度,0.0,女,遷出,其他鄉鎮,41
112,8,8,蘆洲區,,,,無年齡維度,0.0,男,遷出,其他鄉鎮,52
112,8,8,蘆洲區,,,,無年齡維度,0.0,女,遷出,合計,207
112,8,8,蘆洲區,,,,無年齡維度,0.0,男,遷出,合計,175
112,8,8,蘆洲區,,,,無年齡維度,0.0,女,遷出,國外,9
112,8,8,蘆洲區,,,,無年齡維度,0.0,男,遷出,國外,0
112,8,8,蘆洲區,,,,無年齡維度,0.0,女,遷出,新北市內,0
112,8,8,蘆洲區,,,,無年齡維度,0.0,男,遷出,新北市內,0
112,8,8,蘆洲區,,,,無年齡維度,0.0,女,遷出,桃園市,102
112,8,8,蘆洲區,,,,無年齡維度,0.0,男,遷出,桃園市,78
112,8,8,蘆洲區,,,,無年齡維度,0.0,女,遷出,福建省,0
112,8,8,蘆洲區,,,,無年齡維度,0.0,男,遷出,福建省,3
112,8,8,蘆洲區,,,,無年齡維度,0.0,女,遷出,臺中市,6
112,8,8,蘆洲區,,,,無年齡維度,0.0,男,遷出,臺中市,5
112,8,8,蘆洲區,,,,無年齡維度,0.0,女,遷出,臺北市,14
112,8,8,蘆洲區,,,,無年齡維度,0.0,男,遷出,臺北市,8
112,8,8,蘆洲區,,,,無年齡維度,0.0,女,遷出,臺南市,6
112,8,8,蘆洲區,,,,無年齡維度,0.0,男,遷出,臺南市,2
112,8,8,蘆洲區,,,,無年齡維度,0.0,女,遷出,臺灣省,25
112,8,8,蘆洲區,,,,無年齡維度,0.0,男,遷出,臺灣省,21
112,8,8,蘆洲區,,,,無年齡維度,0.0,女,遷出,高雄市,4
112,8,8,蘆洲區,,,,無年齡維度,0.0,男,遷出,高雄市,6
112,8,9,樹林區,,,,無年齡維度,0.0,女,遷入,migrants,168
112,8,9,樹林區,,,,無年齡維度,0.0,男,遷入,migrants,146
112,8,9,樹林區,,,,無年齡維度,0.0,女,遷入,other,0
112,8,9,樹林區,,,,無年齡維度,0.0,男,遷入,other,0
112,8,9,樹林區,,,,無年齡維度,0.0,女,遷入,其他縣市,0
112,8,9,樹林區,,,,無年齡維度,0.0,男,遷入,其他縣市,0
112,8,9,樹林區,,,,無年齡維度,0.0,女,遷入,其他鄉鎮,86
112,8,9,樹林區,,,,無年齡維度,0.0,男,遷入,其他鄉鎮,71
112,8,9,樹林區,,,,無年齡維度,0.0,女,遷入,合計,224
112,8,9,樹林區,,,,無年齡維度,0.0,男,遷入,合計,180
112,8,9,樹林區,,,,無年齡維度,0.0,女,遷入,國外,27
112,8,9,樹林區,,,,無年齡維度,0.0,男,遷入,國外,25
112,8,9,樹林區,,,,無年齡維度,0.0,女,遷入,新北市內,0
112,8,9,樹林區,,,,無年齡維度,0.0,男,遷入,新北市內,0
112,8,9,樹林區,,,,無年齡維度,0.0,女,遷入,桃園市,27
112,8,9,樹林區,,,,無年齡維度,0.0,男,遷入,桃園市,19
112,8,9,樹林區,,,,無年齡維度,0.0,女,遷入,福建省,1
112,8,9,樹林區,,,,無年齡維度,0.0,男,遷入,福建省,1
112,8,9,樹林區,,,,無年齡維度,0.0,女,遷入,臺中市,8
112,8,9,樹林區,,,,無年齡維度,0.0,男,遷入,臺中市,3
112,8,9,樹林區,,,,無年齡維度,0.0,女,遷入,臺北市,26
112,8,9,樹林區,,,,無年齡維度,0.0,男,遷入,臺北市,25
112,8,9,樹林區,,,,無年齡維度,0.0,女,遷入,臺南市,6
112,8,9,樹林區,,,,無年齡維度,0.0,男,遷入,臺南市,4
112,8,9,樹林區,,,,無年齡維度,0.0,女,遷入,臺灣省,29
112,8,9,樹林區,,,,無年齡維度,0.0,男,遷入,臺灣省,24
112,8,9,樹林區,,,,無年齡維度,0.0,女,遷入,高雄市,5
112,8,9,樹林區,,,,無年齡維度,0.0,男,遷入,高雄市,4
112,8,9,樹林區,,,,無年齡維度,0.0,女,遷出,migrants,168
112,8,9,樹林區,,,,無年齡維度,0.0,男,遷出,migrants,146
112,8,9,樹林區,,,,無年齡維度,0.0,女,遷出,other,0
112,8,9,樹林區,,,,無年齡維度,0.0,男,遷出,other,0
112,8,9,樹林區,,,,無年齡維度,0.0,女,遷出,其他縣市,0
112,8,9,樹林區,,,,無年齡維度,0.0,男,遷出,其他縣市,0
112,8,9,樹林區,,,,無年齡維度,0.0,女,遷出,其他鄉鎮,103
112,8,9,樹林區,,,,無年齡維度,0.0,男,遷出,其他鄉鎮,84
112,8,9,樹林區,,,,無年齡維度,0.0,女,遷出,合計,220
112,8,9,樹林區,,,,無年齡維度,0.0,男,遷出,合計,192
112,8,9,樹林區,,,,無年齡維度,0.0,女,遷出,國外,9
112,8,9,樹林區,,,,無年齡維度,0.0,男,遷出,國外,4
112,8,9,樹林區,,,,無年齡維度,0.0,女,遷出,新北市內,0
112,8,9,樹林區,,,,無年齡維度,0.0,男,遷出,新北市內,0
112,8,9,樹林區,,,,無年齡維度,0.0,女,遷出,桃園市,48
112,8,9,樹林區,,,,無年齡維度,0.0,男,遷出,桃園市,42
112,8,9,樹林區,,,,無年齡維度,0.0,女,遷出,福建省,0
112,8,9,樹林區,,,,無年齡維度,0.0,男,遷出,福建省,2
112,8,9,樹林區,,,,無年齡維度,0.0,女,遷出,臺中市,10
112,8,9,樹林區,,,,無年齡維度,0.0,男,遷出,臺中市,8
112,8,9,樹林區,,,,無年齡維度,0.0,女,遷出,臺北市,22
112,8,9,樹林區,,,,無年齡維度,0.0,男,遷出,臺北市,14
112,8,9,樹林區,,,,無年齡維度,0.0,女,遷出,臺南市,5
112,8,9,樹林區,,,,無年齡維度,0.0,男,遷出,臺南市,5
112,8,9,樹林區,,,,無年齡維度,0.0,女,遷出,臺灣省,22
112,8,9,樹林區,,,,無年齡維度,0.0,男,遷出,臺灣省,30
112,8,9,樹林區,,,,無年齡維度,0.0,女,遷出,高雄市,1
112,8,9,樹林區,,,,無年齡維度,0.0,男,遷出,高雄市,3
112,8,10,鶯歌區,,,,無年齡維度,0.0,女,遷入,migrants,381
112,8,10,鶯歌區,,,,無年齡維度,0.0,男,遷入,migrants,291
112,8,10,鶯歌區,,,,無年齡維度,0.0,女,遷入,other,0
112,8,10,鶯歌區,,,,無年齡維度,0.0,男,遷入,other,0
112,8,10,鶯歌區,,,,無年齡維度,0.0,女,遷入,其他縣市,0
112,8,10,鶯歌區,,,,無年齡維度,0.0,男,遷入,其他縣市,0
112,8,10,鶯歌區,,,,無年齡維度,0.0,女,遷入,其他鄉鎮,197
112,8,10,鶯歌區,,,,無年齡維度,0.0,男,遷入,其他鄉鎮,152
112,8,10,鶯歌區,,,,無年齡維度,0.0,女,遷入,合計,672
112,8,10,鶯歌區,,,,無年齡維度,0.0,男,遷入,合計,599
112,8,10,鶯歌區,,,,無年齡維度,0.0,女,遷入,國外,91
112,8,10,鶯歌區,,,,無年齡維度,0.0,男,遷入,國外,92
112,8,10,鶯歌區,,,,無年齡維度,0.0,女,遷入,新北市內,0
112,8,10,鶯歌區,,,,無年齡維度,0.0,男,遷入,新北市內,0
112,8,10,鶯歌區,,,,無年齡維度,0.0,女,遷入,桃園市,29
112,8,10,鶯歌區,,,,無年齡維度,0.0,男,遷入,桃園市,27
112,8,10,鶯歌區,,,,無年齡維度,0.0,女,遷入,福建省,3
112,8,10,鶯歌區,,,,無年齡維度,0.0,男,遷入,福建省,4
112,8,10,鶯歌區,,,,無年齡維度,0.0,女,遷入,臺中市,17
112,8,10,鶯歌區,,,,無年齡維度,0.0,男,遷入,臺中市,11
112,8,10,鶯歌區,,,,無年齡維度,0.0,女,遷入,臺北市,245
112,8,10,鶯歌區,,,,無年齡維度,0.0,男,遷入,臺北市,238
112,8,10,鶯歌區,,,,無年齡維度,0.0,女,遷入,臺南市,12
112,8,10,鶯歌區,,,,無年齡維度,0.0,男,遷入,臺南市,9
112,8,10,鶯歌區,,,,無年齡維度,0.0,女,遷入,臺灣省,53
112,8,10,鶯歌區,,,,無年齡維度,0.0,男,遷入,臺灣省,45
112,8,10,鶯歌區,,,,無年齡維度,0.0,女,遷入,高雄市,9
112,8,10,鶯歌區,,,,無年齡維度,0.0,男,遷入,高雄市,10
112,8,10,鶯歌區,,,,無年齡維度,0.0,女,遷出,migrants,381
112,8,10,鶯歌區,,,,無年齡維度,0.0,男,遷出,migrants,291
112,8,10,鶯歌區,,,,無年齡維度,0.0,女,遷出,other,0
112,8,10,鶯歌區,,,,無年齡維度,0.0,男,遷出,other,0
112,8,10,鶯歌區,,,,無年齡維度,0.0,女,遷出,其他縣市,0
112,8,10,鶯歌區,,,,無年齡維度,0.0,男,遷出,其他縣市,0
112,8,10,鶯歌區,,,,無年齡維度,0.0,女,遷出,其他鄉鎮,111
112,8,10,鶯歌區,,,,無年齡維度,0.0,男,遷出,其他鄉鎮,84
112,8,10,鶯歌區,,,,無年齡維度,0.0,女,遷出,合計,402
112,8,10,鶯歌區,,,,無年齡維度,0.0,男,遷出,合計,318
112,8,10,鶯歌區,,,,無年齡維度,0.0,女,遷出,國外,33
112,8,10,鶯歌區,,,,無年齡維度,0.0,男,遷出,國外,32
112,8,10,鶯歌區,,,,無年齡維度,0.0,女,遷出,新北市內,0
112,8,10,鶯歌區,,,,無年齡維度,0.0,男,遷出,新北市內,0
112,8,10,鶯歌區,,,,無年齡維度,0.0,女,遷出,桃園市,28
112,8,10,鶯歌區,,,,無年齡維度,0.0,男,遷出,桃園市,27
112,8,10,鶯歌區,,,,無年齡維度,0.0,女,遷出,福建省,5
112,8,10,鶯歌區,,,,無年齡維度,0.0,男,遷出,福建省,4
112,8,10,鶯歌區,,,,無年齡維度,0.0,女,遷出,臺中市,18
112,8,10,鶯歌區,,,,無年齡維度,0.0,男,遷出,臺中市,12
112,8,10,鶯歌區,,,,無年齡維度,0.0,女,遷出,臺北市,143
112,8,10,鶯歌區,,,,無年齡維度,0.0,男,遷出,臺北市,116
112,8,10,鶯歌區,,,,無年齡維度,0.0,女,遷出,臺南市,2
112,8,10,鶯歌區,,,,無年齡維度,0.0,男,遷出,臺南市,3
112,8,10,鶯歌區,,,,無年齡維度,0.0,女,遷出,臺灣省,47
112,8,10,鶯歌區,,,,無年齡維度,0.0,男,遷出,臺灣省,32
112,8,10,鶯歌區,,,,無年齡維度,0.0,女,遷出,高雄市,14
112,8,10,鶯歌區,,,,無年齡維度,0.0,男,遷出,高雄市,7
112,8,11,三峽區,,,,無年齡維度,0.0,女,遷入,migrants,360
112,8,11,三峽區,,,,無年齡維度,0.0,男,遷入,migrants,296
112,8,11,三峽區,,,,無年齡維度,0.0,女,遷入,other,0
112,8,11,三峽區,,,,無年齡維度,0.0,男,遷入,other,0
112,8,11,三峽區,,,,無年齡維度,0.0,女,遷入,其他縣市,0
112,8,11,三峽區,,,,無年齡維度,0.0,男,遷入,其他縣市,0
112,8,11,三峽區,,,,無年齡維度,0.0,女,遷入,其他鄉鎮,74
112,8,11,三峽區,,,,無年齡維度,0.0,男,遷入,其他鄉鎮,53
112,8,11,三峽區,,,,無年齡維度,0.0,女,遷入,合計,617
112,8,11,三峽區,,,,無年齡維度,0.0,男,遷入,合計,588
112,8,11,三峽區,,,,無年齡維度,0.0,女,遷入,國外,82
112,8,11,三峽區,,,,無年齡維度,0.0,男,遷入,國外,78
112,8,11,三峽區,,,,無年齡維度,0.0,女,遷入,新北市內,0
112,8,11,三峽區,,,,無年齡維度,0.0,男,遷入,新北市內,0
112,8,11,三峽區,,,,無年齡維度,0.0,女,遷入,桃園市,28
112,8,11,三峽區,,,,無年齡維度,0.0,男,遷入,桃園市,25
112,8,11,三峽區,,,,無年齡維度,0.0,女,遷入,福建省,3
112,8,11,三峽區,,,,無年齡維度,0.0,男,遷入,福建省,4
112,8,11,三峽區,,,,無年齡維度,0.0,女,遷入,臺中市,6
112,8,11,三峽區,,,,無年齡維度,0.0,男,遷入,臺中市,11
112,8,11,三峽區,,,,無年齡維度,0.0,女,遷入,臺北市,312
112,8,11,三峽區,,,,無年齡維度,0.0,男,遷入,臺北市,317
112,8,11,三峽區,,,,無年齡維度,0.0,女,遷入,臺南市,11
112,8,11,三峽區,,,,無年齡維度,0.0,男,遷入,臺南市,11
112,8,11,三峽區,,,,無年齡維度,0.0,女,遷入,臺灣省,89
112,8,11,三峽區,,,,無年齡維度,0.0,男,遷入,臺灣省,74
112,8,11,三峽區,,,,無年齡維度,0.0,女,遷入,高雄市,6
112,8,11,三峽區,,,,無年齡維度,0.0,男,遷入,高雄市,7
112,8,11,三峽區,,,,無年齡維度,0.0,女,遷出,migrants,360
112,8,11,三峽區,,,,無年齡維度,0.0,男,遷出,migrants,296
112,8,11,三峽區,,,,無年齡維度,0.0,女,遷出,other,0
112,8,11,三峽區,,,,無年齡維度,0.0,男,遷出,other,0
112,8,11,三峽區,,,,無年齡維度,0.0,女,遷出,其他縣市,0
112,8,11,三峽區,,,,無年齡維度,0.0,男,遷出,其他縣市,0
112,8,11,三峽區,,,,無年齡維度,0.0,女,遷出,其他鄉鎮,86
112,8,11,三峽區,,,,無年齡維度,0.0,男,遷出,其他鄉鎮,67
112,8,11,三峽區,,,,無年齡維度,0.0,女,遷出,合計,435
112,8,11,三峽區,,,,無年齡維度,0.0,男,遷出,合計,383
112,8,11,三峽區,,,,無年齡維度,0.0,女,遷出,國外,15
112,8,11,三峽區,,,,無年齡維度,0.0,男,遷出,國外,16
112,8,11,三峽區,,,,無年齡維度,0.0,女,遷出,新北市內,0
112,8,11,三峽區,,,,無年齡維度,0.0,男,遷出,新北市內,0
112,8,11,三峽區,,,,無年齡維度,0.0,女,遷出,桃園市,40
112,8,11,三峽區,,,,無年齡維度,0.0,男,遷出,桃園市,33
112,8,11,三峽區,,,,無年齡維度,0.0,女,遷出,福建省,3
112,8,11,三峽區,,,,無年齡維度,0.0,男,遷出,福建省,1
112,8,11,三峽區,,,,無年齡維度,0.0,女,遷出,臺中市,9
112,8,11,三峽區,,,,無年齡維度,0.0,男,遷出,臺中市,8
112,8,11,三峽區,,,,無年齡維度,0.0,女,遷出,臺北市,162
112,8,11,三峽區,,,,無年齡維度,0.0,男,遷出,臺北市,148
112,8,11,三峽區,,,,無年齡維度,0.0,女,遷出,臺南市,10
112,8,11,三峽區,,,,無年齡維度,0.0,男,遷出,臺南市,4
112,8,11,三峽區,,,,無年齡維度,0.0,女,遷出,臺灣省,96
112,8,11,三峽區,,,,無年齡維度,0.0,男,遷出,臺灣省,98
112,8,11,三峽區,,,,無年齡維度,0.0,女,遷出,高雄市,11
112,8,11,三峽區,,,,無年齡維度,0.0,男,遷出,高雄市,8
112,8,12,淡水區,,,,無年齡維度,0.0,女,遷入,migrants,24
112,8,12,淡水區,,,,無年齡維度,0.0,男,遷入,migrants,32
112,8,12,淡水區,,,,無年齡維度,0.0,女,遷入,other,0
112,8,12,淡水區,,,,無年齡維度,0.0,男,遷入,other,0
112,8,12,淡水區,,,,無年齡維度,0.0,女,遷入,其他縣市,0
112,8,12,淡水區,,,,無年齡維度,0.0,男,遷入,其他縣市,0
112,8,12,淡水區,,,,無年齡維度,0.0,女,遷入,其他鄉鎮,16
112,8,12,淡水區,,,,無年齡維度,0.0,男,遷入,其他鄉鎮,12
112,8,12,淡水區,,,,無年齡維度,0.0,女,遷入,合計,71
112,8,12,淡水區,,,,無年齡維度,0.0,男,遷入,合計,51
112,8,12,淡水區,,,,無年齡維度,0.0,女,遷入,國外,10
112,8,12,淡水區,,,,無年齡維度,0.0,男,遷入,國外,7
112,8,12,淡水區,,,,無年齡維度,0.0,女,遷入,新北市內,0
112,8,12,淡水區,,,,無年齡維度,0.0,男,遷入,新北市內,0
112,8,12,淡水區,,,,無年齡維度,0.0,女,遷入,桃園市,3
112,8,12,淡水區,,,,無年齡維度,0.0,男,遷入,桃園市,2
112,8,12,淡水區,,,,無年齡維度,0.0,女,遷入,福建省,0
112,8,12,淡水區,,,,無年齡維度,0.0,男,遷入,福建省,0
112,8,12,淡水區,,,,無年齡維度,0.0,女,遷入,臺中市,2
112,8,12,淡水區,,,,無年齡維度,0.0,男,遷入,臺中市,0
112,8,12,淡水區,,,,無年齡維度,0.0,女,遷入,臺北市,6
112,8,12,淡水區,,,,無年齡維度,0.0,男,遷入,臺北市,7
112,8,12,淡水區,,,,無年齡維度,0.0,女,遷入,臺南市,0
112,8,12,淡水區,,,,無年齡維度,0.0,男,遷入,臺南市,0
112,8,12,淡水區,,,,無年齡維度,0.0,女,遷入,臺灣省,34
112,8,12,淡水區,,,,無年齡維度,0.0,男,遷入,臺灣省,22
112,8,12,淡水區,,,,無年齡維度,0.0,女,遷入,高雄市,0
112,8,12,淡水區,,,,無年齡維度,0.0,男,遷入,高雄市,1
112,8,12,淡水區,,,,無年齡維度,0.0,女,遷出,migrants,24
112,8,12,淡水區,,,,無年齡維度,0.0,男,遷出,migrants,32
112,8,12,淡水區,,,,無年齡維度,0.0,女,遷出,other,0
112,8,12,淡水區,,,,無年齡維度,0.0,男,遷出,other,0
112,8,12,淡水區,,,,無年齡維度,0.0,女,遷出,其他縣市,0
112,8,12,淡水區,,,,無年齡維度,0.0,男,遷出,其他縣市,0
112,8,12,淡水區,,,,無年齡維度,0.0,女,遷出,其他鄉鎮,20
112,8,12,淡水區,,,,無年齡維度,0.0,男,遷出,其他鄉鎮,14
112,8,12,淡水區,,,,無年齡維度,0.0,女,遷出,合計,76
112,8,12,淡水區,,,,無年齡維度,0.0,男,遷出,合計,58
112,8,12,淡水區,,,,無年齡維度,0.0,女,遷出,國外,2
112,8,12,淡水區,,,,無年齡維度,0.0,男,遷出,國外,1
112,8,12,淡水區,,,,無年齡維度,0.0,女,遷出,新北市內,0
112,8,12,淡水區,,,,無年齡維度,0.0,男,遷出,新北市內,0
112,8,12,淡水區,,,,無年齡維度,0.0,女,遷出,桃園市,6
112,8,12,淡水區,,,,無年齡維度,0.0,男,遷出,桃園市,7
112,8,12,淡水區,,,,無年齡維度,0.0,女,遷出,福建省,2
112,8,12,淡水區,,,,無年齡維度,0.0,男,遷出,福建省,2
112,8,12,淡水區,,,,無年齡維度,0.0,女,遷出,臺中市,1
112,8,12,淡水區,,,,無年齡維度,0.0,男,遷出,臺中市,2
112,8,12,淡水區,,,,無年齡維度,0.0,女,遷出,臺北市,4
112,8,12,淡水區,,,,無年齡維度,0.0,男,遷出,臺北市,4
112,8,12,淡水區,,,,無年齡維度,0.0,女,遷出,臺南市,1
112,8,12,淡水區,,,,無年齡維度,0.0,男,遷出,臺南市,2
112,8,12,淡水區,,,,無年齡維度,0.0,女,遷出,臺灣省,39
112,8,12,淡水區,,,,無年齡維度,0.0,男,遷出,臺灣省,26
112,8,12,淡水區,,,,無年齡維度,0.0,女,遷出,高雄市,1
112,8,12,淡水區,,,,無年齡維度,0.0,男,遷出,高雄市,0
112,8,13,汐止區,,,,無年齡維度,0.0,女,遷入,migrants,357
112,8,13,汐止區,,,,無年齡維度,0.0,男,遷入,migrants,307
112,8,13,汐止區,,,,無年齡維度,0.0,女,遷入,other,0
112,8,13,汐止區,,,,無年齡維度,0.0,男,遷入,other,0
112,8,13,汐止區,,,,無年齡維度,0.0,女,遷入,其他縣市,0
112,8,13,汐止區,,,,無年齡維度,0.0,男,遷入,其他縣市,0
112,8,13,汐止區,,,,無年齡維度,0.0,女,遷入,其他鄉鎮,245
112,8,13,汐止區,,,,無年齡維度,0.0,男,遷入,其他鄉鎮,205
112,8,13,汐止區,,,,無年齡維度,0.0,女,遷入,合計,551
112,8,13,汐止區,,,,無年齡維度,0.0,男,遷入,合計,448
112,8,13,汐止區,,,,無年齡維度,0.0,女,遷入,國外,103
112,8,13,汐止區,,,,無年齡維度,0.0,男,遷入,國外,63
112,8,13,汐止區,,,,無年齡維度,0.0,女,遷入,新北市內,0
112,8,13,汐止區,,,,無年齡維度,0.0,男,遷入,新北市內,0
112,8,13,汐止區,,,,無年齡維度,0.0,女,遷入,桃園市,33
112,8,13,汐止區,,,,無年齡維度,0.0,男,遷入,桃園市,22
112,8,13,汐止區,,,,無年齡維度,0.0,女,遷入,福建省,3
112,8,13,汐止區,,,,無年齡維度,0.0,男,遷入,福建省,8
112,8,13,汐止區,,,,無年齡維度,0.0,女,遷入,臺中市,9
112,8,13,汐止區,,,,無年齡維度,0.0,男,遷入,臺中市,10
112,8,13,汐止區,,,,無年齡維度,0.0,女,遷入,臺北市,72
112,8,13,汐止區,,,,無年齡維度,0.0,男,遷入,臺北市,74
112,8,13,汐止區,,,,無年齡維度,0.0,女,遷入,臺南市,11
112,8,13,汐止區,,,,無年齡維度,0.0,男,遷入,臺南市,1
112,8,13,汐止區,,,,無年齡維度,0.0,女,遷入,臺灣省,53
112,8,13,汐止區,,,,無年齡維度,0.0,男,遷入,臺灣省,48
112,8,13,汐止區,,,,無年齡維度,0.0,女,遷入,高雄市,8
112,8,13,汐止區,,,,無年齡維度,0.0,男,遷入,高雄市,6
112,8,13,汐止區,,,,無年齡維度,0.0,女,遷出,migrants,357
112,8,13,汐止區,,,,無年齡維度,0.0,男,遷出,migrants,307
112,8,13,汐止區,,,,無年齡維度,0.0,女,遷出,other,0
112,8,13,汐止區,,,,無年齡維度,0.0,男,遷出,other,0
112,8,13,汐止區,,,,無年齡維度,0.0,女,遷出,其他縣市,0
112,8,13,汐止區,,,,無年齡維度,0.0,男,遷出,其他縣市,0
112,8,13,汐止區,,,,無年齡維度,0.0,女,遷出,其他鄉鎮,230
112,8,13,汐止區,,,,無年齡維度,0.0,男,遷出,其他鄉鎮,207
112,8,13,汐止區,,,,無年齡維度,0.0,女,遷出,合計,472
112,8,13,汐止區,,,,無年齡維度,0.0,男,遷出,合計,443
112,8,13,汐止區,,,,無年齡維度,0.0,女,遷出,國外,23
112,8,13,汐止區,,,,無年齡維度,0.0,男,遷出,國外,13
112,8,13,汐止區,,,,無年齡維度,0.0,女,遷出,新北市內,0
112,8,13,汐止區,,,,無年齡維度,0.0,男,遷出,新北市內,0
112,8,13,汐止區,,,,無年齡維度,0.0,女,遷出,桃園市,61
112,8,13,汐止區,,,,無年齡維度,0.0,男,遷出,桃園市,73
112,8,13,汐止區,,,,無年齡維度,0.0,女,遷出,福建省,4
112,8,13,汐止區,,,,無年齡維度,0.0,男,遷出,福建省,11
112,8,13,汐止區,,,,無年齡維度,0.0,女,遷出,臺中市,15
112,8,13,汐止區,,,,無年齡維度,0.0,男,遷出,臺中市,15
112,8,13,汐止區,,,,無年齡維度,0.0,女,遷出,臺北市,63
112,8,13,汐止區,,,,無年齡維度,0.0,男,遷出,臺北市,42
112,8,13,汐止區,,,,無年齡維度,0.0,女,遷出,臺南市,15
112,8,13,汐止區,,,,無年齡維度,0.0,男,遷出,臺南市,7
112,8,13,汐止區,,,,無年齡維度,0.0,女,遷出,臺灣省,55
112,8,13,汐止區,,,,無年齡維度,0.0,男,遷出,臺灣省,65
112,8,13,汐止區,,,,無年齡維度,0.0,女,遷出,高雄市,5
112,8,13,汐止區,,,,無年齡維度,0.0,男,遷出,高雄市,9
112,8,14,瑞芳區,,,,無年齡維度,0.0,女,遷入,migrants,248
112,8,14,瑞芳區,,,,無年齡維度,0.0,男,遷入,migrants,232
112,8,14,瑞芳區,,,,無年齡維度,0.0,女,遷入,other,0
112,8,14,瑞芳區,,,,無年齡維度,0.0,男,遷入,other,0
112,8,14,瑞芳區,,,,無年齡維度,0.0,女,遷入,其他縣市,0
112,8,14,瑞芳區,,,,無年齡維度,0.0,男,遷入,其他縣市,0
112,8,14,瑞芳區,,,,無年齡維度,0.0,女,遷入,其他鄉鎮,161
112,8,14,瑞芳區,,,,無年齡維度,0.0,男,遷入,其他鄉鎮,136
112,8,14,瑞芳區,,,,無年齡維度,0.0,女,遷入,合計,434
112,8,14,瑞芳區,,,,無年齡維度,0.0,男,遷入,合計,346
112,8,14,瑞芳區,,,,無年齡維度,0.0,女,遷入,國外,73
112,8,14,瑞芳區,,,,無年齡維度,0.0,男,遷入,國外,45
112,8,14,瑞芳區,,,,無年齡維度,0.0,女,遷入,新北市內,0
112,8,14,瑞芳區,,,,無年齡維度,0.0,男,遷入,新北市內,0
112,8,14,瑞芳區,,,,無年齡維度,0.0,女,遷入,桃園市,22
112,8,14,瑞芳區,,,,無年齡維度,0.0,男,遷入,桃園市,17
112,8,14,瑞芳區,,,,無年齡維度,0.0,女,遷入,福建省,3
112,8,14,瑞芳區,,,,無年齡維度,0.0,男,遷入,福建省,1
112,8,14,瑞芳區,,,,無年齡維度,0.0,女,遷入,臺中市,2
112,8,14,瑞芳區,,,,無年齡維度,0.0,男,遷入,臺中市,1
112,8,14,瑞芳區,,,,無年齡維度,0.0,女,遷入,臺北市,125
112,8,14,瑞芳區,,,,無年齡維度,0.0,男,遷入,臺北市,101
112,8,14,瑞芳區,,,,無年齡維度,0.0,女,遷入,臺南市,5
112,8,14,瑞芳區,,,,無年齡維度,0.0,男,遷入,臺南市,5
112,8,14,瑞芳區,,,,無年齡維度,0.0,女,遷入,臺灣省,29
112,8,14,瑞芳區,,,,無年齡維度,0.0,男,遷入,臺灣省,24
112,8,14,瑞芳區,,,,無年齡維度,0.0,女,遷入,高雄市,9
112,8,14,瑞芳區,,,,無年齡維度,0.0,男,遷入,高雄市,10
112,8,14,瑞芳區,,,,無年齡維度,0.0,女,遷出,migrants,248
112,8,14,瑞芳區,,,,無年齡維度,0.0,男,遷出,migrants,232
112,8,14,瑞芳區,,,,無年齡維度,0.0,女,遷出,other,0
112,8,14,瑞芳區,,,,無年齡維度,0.0,男,遷出,other,0
112,8,14,瑞芳區,,,,無年齡維度,0.0,女,遷出,其他縣市,0
112,8,14,瑞芳區,,,,無年齡維度,0.0,男,遷出,其他縣市,0
112,8,14,瑞芳區,,,,無年齡維度,0.0,女,遷出,其他鄉鎮,235
112,8,14,瑞芳區,,,,無年齡維度,0.0,男,遷出,其他鄉鎮,194
112,8,14,瑞芳區,,,,無年齡維度,0.0,女,遷出,合計,427
112,8,14,瑞芳區,,,,無年齡維度,0.0,男,遷出,合計,350
112,8,14,瑞芳區,,,,無年齡維度,0.0,女,遷出,國外,4
112,8,14,瑞芳區,,,,無年齡維度,0.0,男,遷出,國外,6
112,8,14,瑞芳區,,,,無年齡維度,0.0,女,遷出,新北市內,0
112,8,14,瑞芳區,,,,無年齡維度,0.0,男,遷出,新北市內,0
112,8,14,瑞芳區,,,,無年齡維度,0.0,女,遷出,桃園市,38
112,8,14,瑞芳區,,,,無年齡維度,0.0,男,遷出,桃園市,34
112,8,14,瑞芳區,,,,無年齡維度,0.0,女,遷出,福建省,3
112,8,14,瑞芳區,,,,無年齡維度,0.0,男,遷出,福建省,0
112,8,14,瑞芳區,,,,無年齡維度,0.0,女,遷出,臺中市,9
112,8,14,瑞芳區,,,,無年齡維度,0.0,男,遷出,臺中市,3
112,8,14,瑞芳區,,,,無年齡維度,0.0,女,遷出,臺北市,71
112,8,14,瑞芳區,,,,無年齡維度,0.0,男,遷出,臺北市,47
112,8,14,瑞芳區,,,,無年齡維度,0.0,女,遷出,臺南市,6
112,8,14,瑞芳區,,,,無年齡維度,0.0,男,遷出,臺南市,3
112,8,14,瑞芳區,,,,無年齡維度,0.0,女,遷出,臺灣省,51
112,8,14,瑞芳區,,,,無年齡維度,0.0,男,遷出,臺灣省,53
112,8,14,瑞芳區,,,,無年齡維度,0.0,女,遷出,高雄市,10
112,8,14,瑞芳區,,,,無年齡維度,0.0,男,遷出,高雄市,10
112,8,15,五股區,,,,無年齡維度,0.0,女,遷入,migrants,115
112,8,15,五股區,,,,無年齡維度,0.0,男,遷入,migrants,113
112,8,15,五股區,,,,無年齡維度,0.0,女,遷入,other,0
112,8,15,五股區,,,,無年齡維度,0.0,男,遷入,other,0
112,8,15,五股區,,,,無年齡維度,0.0,女,遷入,其他縣市,0
112,8,15,五股區,,,,無年齡維度,0.0,男,遷入,其他縣市,0
112,8,15,五股區,,,,無年齡維度,0.0,女,遷入,其他鄉鎮,128
112,8,15,五股區,,,,無年齡維度,0.0,男,遷入,其他鄉鎮,128
112,8,15,五股區,,,,無年齡維度,0.0,女,遷入,合計,256
112,8,15,五股區,,,,無年齡維度,0.0,男,遷入,合計,243
112,8,15,五股區,,,,無年齡維度,0.0,女,遷入,國外,30
112,8,15,五股區,,,,無年齡維度,0.0,男,遷入,國外,29
112,8,15,五股區,,,,無年齡維度,0.0,女,遷入,新北市內,0
112,8,15,五股區,,,,無年齡維度,0.0,男,遷入,新北市內,0
112,8,15,五股區,,,,無年齡維度,0.0,女,遷入,桃園市,11
112,8,15,五股區,,,,無年齡維度,0.0,男,遷入,桃園市,10
112,8,15,五股區,,,,無年齡維度,0.0,女,遷入,福建省,0
112,8,15,五股區,,,,無年齡維度,0.0,男,遷入,福建省,2
112,8,15,五股區,,,,無年齡維度,0.0,女,遷入,臺中市,7
112,8,15,五股區,,,,無年齡維度,0.0,男,遷入,臺中市,7
112,8,15,五股區,,,,無年齡維度,0.0,女,遷入,臺北市,42
112,8,15,五股區,,,,無年齡維度,0.0,男,遷入,臺北市,38
112,8,15,五股區,,,,無年齡維度,0.0,女,遷入,臺南市,5
112,8,15,五股區,,,,無年齡維度,0.0,男,遷入,臺南市,3
112,8,15,五股區,,,,無年齡維度,0.0,女,遷入,臺灣省,19
112,8,15,五股區,,,,無年齡維度,0.0,男,遷入,臺灣省,20
112,8,15,五股區,,,,無年齡維度,0.0,女,遷入,高雄市,5
112,8,15,五股區,,,,無年齡維度,0.0,男,遷入,高雄市,2
112,8,15,五股區,,,,無年齡維度,0.0,女,遷出,migrants,115
112,8,15,五股區,,,,無年齡維度,0.0,男,遷出,migrants,113
112,8,15,五股區,,,,無年齡維度,0.0,女,遷出,other,0
112,8,15,五股區,,,,無年齡維度,0.0,男,遷出,other,0
112,8,15,五股區,,,,無年齡維度,0.0,女,遷出,其他縣市,0
112,8,15,五股區,,,,無年齡維度,0.0,男,遷出,其他縣市,0
112,8,15,五股區,,,,無年齡維度,0.0,女,遷出,其他鄉鎮,97
112,8,15,五股區,,,,無年齡維度,0.0,男,遷出,其他鄉鎮,77
112,8,15,五股區,,,,無年齡維度,0.0,女,遷出,合計,195
112,8,15,五股區,,,,無年齡維度,0.0,男,遷出,合計,174
112,8,15,五股區,,,,無年齡維度,0.0,女,遷出,國外,6
112,8,15,五股區,,,,無年齡維度,0.0,男,遷出,國外,6
112,8,15,五股區,,,,無年齡維度,0.0,女,遷出,新北市內,0
112,8,15,五股區,,,,無年齡維度,0.0,男,遷出,新北市內,0
112,8,15,五股區,,,,無年齡維度,0.0,女,遷出,桃園市,31
112,8,15,五股區,,,,無年齡維度,0.0,男,遷出,桃園市,31
112,8,15,五股區,,,,無年齡維度,0.0,女,遷出,福建省,1
112,8,15,五股區,,,,無年齡維度,0.0,男,遷出,福建省,2
112,8,15,五股區,,,,無年齡維度,0.0,女,遷出,臺中市,14
112,8,15,五股區,,,,無年齡維度,0.0,男,遷出,臺中市,6
112,8,15,五股區,,,,無年齡維度,0.0,女,遷出,臺北市,26
112,8,15,五股區,,,,無年齡維度,0.0,男,遷出,臺北市,26
112,8,15,五股區,,,,無年齡維度,0.0,女,遷出,臺南市,2
112,8,15,五股區,,,,無年齡維度,0.0,男,遷出,臺南市,5
112,8,15,五股區,,,,無年齡維度,0.0,女,遷出,臺灣省,12
112,8,15,五股區,,,,無年齡維度,0.0,男,遷出,臺灣省,18
112,8,15,五股區,,,,無年齡維度,0.0,女,遷出,高雄市,6
112,8,15,五股區,,,,無年齡維度,0.0,男,遷出,高雄市,3
112,8,16,泰山區,,,,無年齡維度,0.0,女,遷入,migrants,95
112,8,16,泰山區,,,,無年齡維度,0.0,男,遷入,migrants,99
112,8,16,泰山區,,,,無年齡維度,0.0,女,遷入,other,0
112,8,16,泰山區,,,,無年齡維度,0.0,男,遷入,other,0
112,8,16,泰山區,,,,無年齡維度,0.0,女,遷入,其他縣市,0
112,8,16,泰山區,,,,無年齡維度,0.0,男,遷入,其他縣市,0
112,8,16,泰山區,,,,無年齡維度,0.0,女,遷入,其他鄉鎮,101
112,8,16,泰山區,,,,無年齡維度,0.0,男,遷入,其他鄉鎮,90
112,8,16,泰山區,,,,無年齡維度,0.0,女,遷入,合計,195
112,8,16,泰山區,,,,無年齡維度,0.0,男,遷入,合計,167
112,8,16,泰山區,,,,無年齡維度,0.0,女,遷入,國外,25
112,8,16,泰山區,,,,無年齡維度,0.0,男,遷入,國外,25
112,8,16,泰山區,,,,無年齡維度,0.0,女,遷入,新北市內,0
112,8,16,泰山區,,,,無年齡維度,0.0,男,遷入,新北市內,0
112,8,16,泰山區,,,,無年齡維度,0.0,女,遷入,桃園市,13
112,8,16,泰山區,,,,無年齡維度,0.0,男,遷入,桃園市,9
112,8,16,泰山區,,,,無年齡維度,0.0,女,遷入,福建省,0
112,8,16,泰山區,,,,無年齡維度,0.0,男,遷入,福建省,0
112,8,16,泰山區,,,,無年齡維度,0.0,女,遷入,臺中市,4
112,8,16,泰山區,,,,無年齡維度,0.0,男,遷入,臺中市,3
112,8,16,泰山區,,,,無年齡維度,0.0,女,遷入,臺北市,27
112,8,16,泰山區,,,,無年齡維度,0.0,男,遷入,臺北市,23
112,8,16,泰山區,,,,無年齡維度,0.0,女,遷入,臺南市,2
112,8,16,泰山區,,,,無年齡維度,0.0,男,遷入,臺南市,0
112,8,16,泰山區,,,,無年齡維度,0.0,女,遷入,臺灣省,19
112,8,16,泰山區,,,,無年齡維度,0.0,男,遷入,臺灣省,13
112,8,16,泰山區,,,,無年齡維度,0.0,女,遷入,高雄市,2
112,8,16,泰山區,,,,無年齡維度,0.0,男,遷入,高雄市,1
112,8,16,泰山區,,,,無年齡維度,0.0,女,遷出,migrants,95
112,8,16,泰山區,,,,無年齡維度,0.0,男,遷出,migrants,99
112,8,16,泰山區,,,,無年齡維度,0.0,女,遷出,other,0
112,8,16,泰山區,,,,無年齡維度,0.0,男,遷出,other,0
112,8,16,泰山區,,,,無年齡維度,0.0,女,遷出,其他縣市,0
112,8,16,泰山區,,,,無年齡維度,0.0,男,遷出,其他縣市,0
112,8,16,泰山區,,,,無年齡維度,0.0,女,遷出,其他鄉鎮,91
112,8,16,泰山區,,,,無年齡維度,0.0,男,遷出,其他鄉鎮,74
112,8,16,泰山區,,,,無年齡維度,0.0,女,遷出,合計,155
112,8,16,泰山區,,,,無年齡維度,0.0,男,遷出,合計,151
112,8,16,泰山區,,,,無年齡維度,0.0,女,遷出,國外,3
112,8,16,泰山區,,,,無年齡維度,0.0,男,遷出,國外,1
112,8,16,泰山區,,,,無年齡維度,0.0,女,遷出,新北市內,0
112,8,16,泰山區,,,,無年齡維度,0.0,男,遷出,新北市內,0
112,8,16,泰山區,,,,無年齡維度,0.0,女,遷出,桃園市,24
112,8,16,泰山區,,,,無年齡維度,0.0,男,遷出,桃園市,28
112,8,16,泰山區,,,,無年齡維度,0.0,女,遷出,福建省,1
112,8,16,泰山區,,,,無年齡維度,0.0,男,遷出,福建省,0
112,8,16,泰山區,,,,無年齡維度,0.0,女,遷出,臺中市,3
112,8,16,泰山區,,,,無年齡維度,0.0,男,遷出,臺中市,6
112,8,16,泰山區,,,,無年齡維度,0.0,女,遷出,臺北市,9
112,8,16,泰山區,,,,無年齡維度,0.0,男,遷出,臺北市,14
112,8,16,泰山區,,,,無年齡維度,0.0,女,遷出,臺南市,5
112,8,16,泰山區,,,,無年齡維度,0.0,男,遷出,臺南市,2
112,8,16,泰山區,,,,無年齡維度,0.0,女,遷出,臺灣省,19
112,8,16,泰山區,,,,無年齡維度,0.0,男,遷出,臺灣省,23
112,8,16,泰山區,,,,無年齡維度,0.0,女,遷出,高雄市,0
112,8,16,泰山區,,,,無年齡維度,0.0,男,遷出,高雄市,3
112,8,17,林口區,,,,無年齡維度,0.0,女,遷入,migrants,297
112,8,17,林口區,,,,無年齡維度,0.0,男,遷入,migrants,285
112,8,17,林口區,,,,無年齡維度,0.0,女,遷入,other,0
112,8,17,林口區,,,,無年齡維度,0.0,男,遷入,other,0
112,8,17,林口區,,,,無年齡維度,0.0,女,遷入,其他縣市,0
112,8,17,林口區,,,,無年齡維度,0.0,男,遷入,其他縣市,0
112,8,17,林口區,,,,無年齡維度,0.0,女,遷入,其他鄉鎮,144
112,8,17,林口區,,,,無年齡維度,0.0,男,遷入,其他鄉鎮,85
112,8,17,林口區,,,,無年齡維度,0.0,女,遷入,合計,530
112,8,17,林口區,,,,無年齡維度,0.0,男,遷入,合計,430
112,8,17,林口區,,,,無年齡維度,0.0,女,遷入,國外,64
112,8,17,林口區,,,,無年齡維度,0.0,男,遷入,國外,69
112,8,17,林口區,,,,無年齡維度,0.0,女,遷入,新北市內,0
112,8,17,林口區,,,,無年齡維度,0.0,男,遷入,新北市內,0
112,8,17,林口區,,,,無年齡維度,0.0,女,遷入,桃園市,115
112,8,17,林口區,,,,無年齡維度,0.0,男,遷入,桃園市,92
112,8,17,林口區,,,,無年齡維度,0.0,女,遷入,福建省,0
112,8,17,林口區,,,,無年齡維度,0.0,男,遷入,福建省,2
112,8,17,林口區,,,,無年齡維度,0.0,女,遷入,臺中市,16
112,8,17,林口區,,,,無年齡維度,0.0,男,遷入,臺中市,6
112,8,17,林口區,,,,無年齡維度,0.0,女,遷入,臺北市,125
112,8,17,林口區,,,,無年齡維度,0.0,男,遷入,臺北市,115
112,8,17,林口區,,,,無年齡維度,0.0,女,遷入,臺南市,9
112,8,17,林口區,,,,無年齡維度,0.0,男,遷入,臺南市,7
112,8,17,林口區,,,,無年齡維度,0.0,女,遷入,臺灣省,38
112,8,17,林口區,,,,無年齡維度,0.0,男,遷入,臺灣省,39
112,8,17,林口區,,,,無年齡維度,0.0,女,遷入,高雄市,6
112,8,17,林口區,,,,無年齡維度,0.0,男,遷入,高雄市,3
112,8,17,林口區,,,,無年齡維度,0.0,女,遷出,migrants,297
112,8,17,林口區,,,,無年齡維度,0.0,男,遷出,migrants,285
112,8,17,林口區,,,,無年齡維度,0.0,女,遷出,other,0
112,8,17,林口區,,,,無年齡維度,0.0,男,遷出,other,0
112,8,17,林口區,,,,無年齡維度,0.0,女,遷出,其他縣市,0
112,8,17,林口區,,,,無年齡維度,0.0,男,遷出,其他縣市,0
112,8,17,林口區,,,,無年齡維度,0.0,女,遷出,其他鄉鎮,75
112,8,17,林口區,,,,無年齡維度,0.0,男,遷出,其他鄉鎮,50
112,8,17,林口區,,,,無年齡維度,0.0,女,遷出,合計,338
112,8,17,林口區,,,,無年齡維度,0.0,男,遷出,合計,250
112,8,17,林口區,,,,無年齡維度,0.0,女,遷出,國外,19
112,8,17,林口區,,,,無年齡維度,0.0,男,遷出,國外,13
112,8,17,林口區,,,,無年齡維度,0.0,女,遷出,新北市內,0
112,8,17,林口區,,,,無年齡維度,0.0,男,遷出,新北市內,0
112,8,17,林口區,,,,無年齡維度,0.0,女,遷出,桃園市,123
112,8,17,林口區,,,,無年齡維度,0.0,男,遷出,桃園市,93
112,8,17,林口區,,,,無年齡維度,0.0,女,遷出,福建省,0
112,8,17,林口區,,,,無年齡維度,0.0,男,遷出,福建省,2
112,8,17,林口區,,,,無年齡維度,0.0,女,遷出,臺中市,9
112,8,17,林口區,,,,無年齡維度,0.0,男,遷出,臺中市,13
112,8,17,林口區,,,,無年齡維度,0.0,女,遷出,臺北市,61
112,8,17,林口區,,,,無年齡維度,0.0,男,遷出,臺北市,43
112,8,17,林口區,,,,無年齡維度,0.0,女,遷出,臺南市,5
112,8,17,林口區,,,,無年齡維度,0.0,男,遷出,臺南市,5
112,8,17,林口區,,,,無年齡維度,0.0,女,遷出,臺灣省,41
112,8,17,林口區,,,,無年齡維度,0.0,男,遷出,臺灣省,24
112,8,17,林口區,,,,無年齡維度,0.0,女,遷出,高雄市,5
112,8,17,林口區,,,,無年齡維度,0.0,男,遷出,高雄市,7
112,8,18,八里區,,,,無年齡維度,0.0,女,遷入,migrants,20
112,8,18,八里區,,,,無年齡維度,0.0,男,遷入,migrants,19
112,8,18,八里區,,,,無年齡維度,0.0,女,遷入,other,0
112,8,18,八里區,,,,無年齡維度,0.0,男,遷入,other,0
112,8,18,八里區,,,,無年齡維度,0.0,女,遷入,其他縣市,0
112,8,18,八里區,,,,無年齡維度,0.0,男,遷入,其他縣市,0
112,8,18,八里區,,,,無年齡維度,0.0,女,遷入,其他鄉鎮,11
112,8,18,八里區,,,,無年齡維度,0.0,男,遷入,其他鄉鎮,7
112,8,18,八里區,,,,無年齡維度,0.0,女,遷入,合計,50
112,8,18,八里區,,,,無年齡維度,0.0,男,遷入,合計,46
112,8,18,八里區,,,,無年齡維度,0.0,女,遷入,國外,11
112,8,18,八里區,,,,無年齡維度,0.0,男,遷入,國外,7
112,8,18,八里區,,,,無年齡維度,0.0,女,遷入,新北市內,0
112,8,18,八里區,,,,無年齡維度,0.0,男,遷入,新北市內,0
112,8,18,八里區,,,,無年齡維度,0.0,女,遷入,桃園市,0
112,8,18,八里區,,,,無年齡維度,0.0,男,遷入,桃園市,2
112,8,18,八里區,,,,無年齡維度,0.0,女,遷入,福建省,0
112,8,18,八里區,,,,無年齡維度,0.0,男,遷入,福建省,0
112,8,18,八里區,,,,無年齡維度,0.0,女,遷入,臺中市,3
112,8,18,八里區,,,,無年齡維度,0.0,男,遷入,臺中市,1
112,8,18,八里區,,,,無年齡維度,0.0,女,遷入,臺北市,21
112,8,18,八里區,,,,無年齡維度,0.0,男,遷入,臺北市,24
112,8,18,八里區,,,,無年齡維度,0.0,女,遷入,臺南市,0
112,8,18,八里區,,,,無年齡維度,0.0,男,遷入,臺南市,0
112,8,18,八里區,,,,無年齡維度,0.0,女,遷入,臺灣省,2
112,8,18,八里區,,,,無年齡維度,0.0,男,遷入,臺灣省,5
112,8,18,八里區,,,,無年齡維度,0.0,女,遷入,高雄市,1
112,8,18,八里區,,,,無年齡維度,0.0,男,遷入,高雄市,0
112,8,18,八里區,,,,無年齡維度,0.0,女,遷出,migrants,20
112,8,18,八里區,,,,無年齡維度,0.0,男,遷出,migrants,19
112,8,18,八里區,,,,無年齡維度,0.0,女,遷出,other,0
112,8,18,八里區,,,,無年齡維度,0.0,男,遷出,other,0
112,8,18,八里區,,,,無年齡維度,0.0,女,遷出,其他縣市,0
112,8,18,八里區,,,,無年齡維度,0.0,男,遷出,其他縣市,0
112,8,18,八里區,,,,無年齡維度,0.0,女,遷出,其他鄉鎮,18
112,8,18,八里區,,,,無年齡維度,0.0,男,遷出,其他鄉鎮,14
112,8,18,八里區,,,,無年齡維度,0.0,女,遷出,合計,55
112,8,18,八里區,,,,無年齡維度,0.0,男,遷出,合計,43
112,8,18,八里區,,,,無年齡維度,0.0,女,遷出,國外,5
112,8,18,八里區,,,,無年齡維度,0.0,男,遷出,國外,7
112,8,18,八里區,,,,無年齡維度,0.0,女,遷出,新北市內,0
112,8,18,八里區,,,,無年齡維度,0.0,男,遷出,新北市內,0
112,8,18,八里區,,,,無年齡維度,0.0,女,遷出,桃園市,2
112,8,18,八里區,,,,無年齡維度,0.0,男,遷出,桃園市,2
112,8,18,八里區,,,,無年齡維度,0.0,女,遷出,福建省,0
112,8,18,八里區,,,,無年齡維度,0.0,男,遷出,福建省,0
112,8,18,八里區,,,,無年齡維度,0.0,女,遷出,臺中市,3
112,8,18,八里區,,,,無年齡維度,0.0,男,遷出,臺中市,0
112,8,18,八里區,,,,無年齡維度,0.0,女,遷出,臺北市,20
112,8,18,八里區,,,,無年齡維度,0.0,男,遷出,臺北市,12
112,8,18,八里區,,,,無年齡維度,0.0,女,遷出,臺南市,1
112,8,18,八里區,,,,無年齡維度,0.0,男,遷出,臺南市,0
112,8,18,八里區,,,,無年齡維度,0.0,女,遷出,臺灣省,6
112,8,18,八里區,,,,無年齡維度,0.0,男,遷出,臺灣省,5
112,8,18,八里區,,,,無年齡維度,0.0,女,遷出,高雄市,0
112,8,18,八里區,,,,無年齡維度,0.0,男,遷出,高雄市,3
112,8,19,深坑區,,,,無年齡維度,0.0,女,遷入,migrants,0
112,8,19,深坑區,,,,無年齡維度,0.0,男,遷入,migrants,0
112,8,19,深坑區,,,,無年齡維度,0.0,女,遷入,other,0
112,8,19,深坑區,,,,無年齡維度,0.0,男,遷入,other,0
112,8,19,深坑區,,,,無年齡維度,0.0,女,遷入,其他縣市,0
112,8,19,深坑區,,,,無年齡維度,0.0,男,遷入,其他縣市,0
112,8,19,深坑區,,,,無年齡維度,0.0,女,遷入,其他鄉鎮,6
112,8,19,深坑區,,,,無年齡維度,0.0,男,遷入,其他鄉鎮,5
112,8,19,深坑區,,,,無年齡維度,0.0,女,遷入,合計,11
112,8,19,深坑區,,,,無年齡維度,0.0,男,遷入,合計,13
112,8,19,深坑區,,,,無年齡維度,0.0,女,遷入,國外,2
112,8,19,深坑區,,,,無年齡維度,0.0,男,遷入,國外,3
112,8,19,深坑區,,,,無年齡維度,0.0,女,遷入,新北市內,0
112,8,19,深坑區,,,,無年齡維度,0.0,男,遷入,新北市內,0
112,8,19,深坑區,,,,無年齡維度,0.0,女,遷入,桃園市,0
112,8,19,深坑區,,,,無年齡維度,0.0,男,遷入,桃園市,0
112,8,19,深坑區,,,,無年齡維度,0.0,女,遷入,福建省,0
112,8,19,深坑區,,,,無年齡維度,0.0,男,遷入,福建省,0
112,8,19,深坑區,,,,無年齡維度,0.0,女,遷入,臺中市,0
112,8,19,深坑區,,,,無年齡維度,0.0,男,遷入,臺中市,0
112,8,19,深坑區,,,,無年齡維度,0.0,女,遷入,臺北市,1
112,8,19,深坑區,,,,無年齡維度,0.0,男,遷入,臺北市,4
112,8,19,深坑區,,,,無年齡維度,0.0,女,遷入,臺南市,0
112,8,19,深坑區,,,,無年齡維度,0.0,男,遷入,臺南市,0
112,8,19,深坑區,,,,無年齡維度,0.0,女,遷入,臺灣省,1
112,8,19,深坑區,,,,無年齡維度,0.0,男,遷入,臺灣省,0
112,8,19,深坑區,,,,無年齡維度,0.0,女,遷入,高雄市,1
112,8,19,深坑區,,,,無年齡維度,0.0,男,遷入,高雄市,1
112,8,19,深坑區,,,,無年齡維度,0.0,女,遷出,migrants,0
112,8,19,深坑區,,,,無年齡維度,0.0,男,遷出,migrants,0
112,8,19,深坑區,,,,無年齡維度,0.0,女,遷出,other,0
112,8,19,深坑區,,,,無年齡維度,0.0,男,遷出,other,0
112,8,19,深坑區,,,,無年齡維度,0.0,女,遷出,其他縣市,0
112,8,19,深坑區,,,,無年齡維度,0.0,男,遷出,其他縣市,0
112,8,19,深坑區,,,,無年齡維度,0.0,女,遷出,其他鄉鎮,5
112,8,19,深坑區,,,,無年齡維度,0.0,男,遷出,其他鄉鎮,3
112,8,19,深坑區,,,,無年齡維度,0.0,女,遷出,合計,14
112,8,19,深坑區,,,,無年齡維度,0.0,男,遷出,合計,11
112,8,19,深坑區,,,,無年齡維度,0.0,女,遷出,國外,0
112,8,19,深坑區,,,,無年齡維度,0.0,男,遷出,國外,0
112,8,19,深坑區,,,,無年齡維度,0.0,女,遷出,新北市內,0
112,8,19,深坑區,,,,無年齡維度,0.0,男,遷出,新北市內,0
112,8,19,深坑區,,,,無年齡維度,0.0,女,遷出,桃園市,2
112,8,19,深坑區,,,,無年齡維度,0.0,男,遷出,桃園市,2
112,8,19,深坑區,,,,無年齡維度,0.0,女,遷出,福建省,0
112,8,19,深坑區,,,,無年齡維度,0.0,男,遷出,福建省,0
112,8,19,深坑區,,,,無年齡維度,0.0,女,遷出,臺中市,0
112,8,19,深坑區,,,,無年齡維度,0.0,男,遷出,臺中市,0
112,8,19,深坑區,,,,無年齡維度,0.0,女,遷出,臺北市,5
112,8,19,深坑區,,,,無年齡維度,0.0,男,遷出,臺北市,1
112,8,19,深坑區,,,,無年齡維度,0.0,女,遷出,臺南市,1
112,8,19,深坑區,,,,無年齡維度,0.0,男,遷出,臺南市,3
112,8,19,深坑區,,,,無年齡維度,0.0,女,遷出,臺灣省,1
112,8,19,深坑區,,,,無年齡維度,0.0,男,遷出,臺灣省,1
112,8,19,深坑區,,,,無年齡維度,0.0,女,遷出,高雄市,0
112,8,19,深坑區,,,,無年齡維度,0.0,男,遷出,高雄市,1
112,8,20,石碇區,,,,無年齡維度,0.0,女,遷入,migrants,0
112,8,20,石碇區,,,,無年齡維度,0.0,男,遷入,migrants,3
112,8,20,石碇區,,,,無年齡維度,0.0,女,遷入,other,0
112,8,20,石碇區,,,,無年齡維度,0.0,男,遷入,other,0
112,8,20,石碇區,,,,無年齡維度,0.0,女,遷入,其他縣市,0
112,8,20,石碇區,,,,無年齡維度,0.0,男,遷入,其他縣市,0
112,8,20,石碇區,,,,無年齡維度,0.0,女,遷入,其他鄉鎮,3
112,8,20,石碇區,,,,無年齡維度,0.0,男,遷入,其他鄉鎮,4
112,8,20,石碇區,,,,無年齡維度,0.0,女,遷入,合計,7
112,8,20,石碇區,,,,無年齡維度,0.0,男,遷入,合計,6
112,8,20,石碇區,,,,無年齡維度,0.0,女,遷入,國外,2
112,8,20,石碇區,,,,無年齡維度,0.0,男,遷入,國外,1
112,8,20,石碇區,,,,無年齡維度,0.0,女,遷入,新北市內,0
112,8,20,石碇區,,,,無年齡維度,0.0,男,遷入,新北市內,0
112,8,20,石碇區,,,,無年齡維度,0.0,女,遷入,桃園市,1
112,8,20,石碇區,,,,無年齡維度,0.0,男,遷入,桃園市,0
112,8,20,石碇區,,,,無年齡維度,0.0,女,遷入,福建省,0
112,8,20,石碇區,,,,無年齡維度,0.0,男,遷入,福建省,0
112,8,20,石碇區,,,,無年齡維度,0.0,女,遷入,臺中市,0
112,8,20,石碇區,,,,無年齡維度,0.0,男,遷入,臺中市,0
112,8,20,石碇區,,,,無年齡維度,0.0,女,遷入,臺北市,0
112,8,20,石碇區,,,,無年齡維度,0.0,男,遷入,臺北市,1
112,8,20,石碇區,,,,無年齡維度,0.0,女,遷入,臺南市,0
112,8,20,石碇區,,,,無年齡維度,0.0,男,遷入,臺南市,0
112,8,20,石碇區,,,,無年齡維度,0.0,女,遷入,臺灣省,1
112,8,20,石碇區,,,,無年齡維度,0.0,男,遷入,臺灣省,0
112,8,20,石碇區,,,,無年齡維度,0.0,女,遷入,高雄市,0
112,8,20,石碇區,,,,無年齡維度,0.0,男,遷入,高雄市,0
112,8,20,石碇區,,,,無年齡維度,0.0,女,遷出,migrants,0
112,8,20,石碇區,,,,無年齡維度,0.0,男,遷出,migrants,3
112,8,20,石碇區,,,,無年齡維度,0.0,女,遷出,other,0
112,8,20,石碇區,,,,無年齡維度,0.0,男,遷出,other,0
112,8,20,石碇區,,,,無年齡維度,0.0,女,遷出,其他縣市,0
112,8,20,石碇區,,,,無年齡維度,0.0,男,遷出,其他縣市,0
112,8,20,石碇區,,,,無年齡維度,0.0,女,遷出,其他鄉鎮,7
112,8,20,石碇區,,,,無年齡維度,0.0,男,遷出,其他鄉鎮,3
112,8,20,石碇區,,,,無年齡維度,0.0,女,遷出,合計,16
112,8,20,石碇區,,,,無年齡維度,0.0,男,遷出,合計,5
112,8,20,石碇區,,,,無年齡維度,0.0,女,遷出,國外,0
112,8,20,石碇區,,,,無年齡維度,0.0,男,遷出,國外,1
112,8,20,石碇區,,,,無年齡維度,0.0,女,遷出,新北市內,0
112,8,20,石碇區,,,,無年齡維度,0.0,男,遷出,新北市內,0
112,8,20,石碇區,,,,無年齡維度,0.0,女,遷出,桃園市,2
112,8,20,石碇區,,,,無年齡維度,0.0,男,遷出,桃園市,0
112,8,20,石碇區,,,,無年齡維度,0.0,女,遷出,福建省,1
112,8,20,石碇區,,,,無年齡維度,0.0,男,遷出,福建省,0
112,8,20,石碇區,,,,無年齡維度,0.0,女,遷出,臺中市,0
112,8,20,石碇區,,,,無年齡維度,0.0,男,遷出,臺中市,1
112,8,20,石碇區,,,,無年齡維度,0.0,女,遷出,臺北市,3
112,8,20,石碇區,,,,無年齡維度,0.0,男,遷出,臺北市,0
112,8,20,石碇區,,,,無年齡維度,0.0,女,遷出,臺南市,0
112,8,20,石碇區,,,,無年齡維度,0.0,男,遷出,臺南市,0
112,8,20,石碇區,,,,無年齡維度,0.0,女,遷出,臺灣省,3
112,8,20,石碇區,,,,無年齡維度,0.0,男,遷出,臺灣省,0
112,8,20,石碇區,,,,無年齡維度,0.0,女,遷出,高雄市,0
112,8,20,石碇區,,,,無年齡維度,0.0,男,遷出,高雄市,0
112,8,21,坪林區,,,,無年齡維度,0.0,女,遷入,migrants,19
112,8,21,坪林區,,,,無年齡維度,0.0,男,遷入,migrants,11
112,8,21,坪林區,,,,無年齡維度,0.0,女,遷入,other,0
112,8,21,坪林區,,,,無年齡維度,0.0,男,遷入,other,0
112,8,21,坪林區,,,,無年齡維度,0.0,女,遷入,其他縣市,0
112,8,21,坪林區,,,,無年齡維度,0.0,男,遷入,其他縣市,0
112,8,21,坪林區,,,,無年齡維度,0.0,女,遷入,其他鄉鎮,16
112,8,21,坪林區,,,,無年齡維度,0.0,男,遷入,其他鄉鎮,9
112,8,21,坪林區,,,,無年齡維度,0.0,女,遷入,合計,39
112,8,21,坪林區,,,,無年齡維度,0.0,男,遷入,合計,37
112,8,21,坪林區,,,,無年齡維度,0.0,女,遷入,國外,5
112,8,21,坪林區,,,,無年齡維度,0.0,男,遷入,國外,2
112,8,21,坪林區,,,,無年齡維度,0.0,女,遷入,新北市內,0
112,8,21,坪林區,,,,無年齡維度,0.0,男,遷入,新北市內,0
112,8,21,坪林區,,,,無年齡維度,0.0,女,遷入,桃園市,2
112,8,21,坪林區,,,,無年齡維度,0.0,男,遷入,桃園市,1
112,8,21,坪林區,,,,無年齡維度,0.0,女,遷入,福建省,0
112,8,21,坪林區,,,,無年齡維度,0.0,男,遷入,福建省,0
112,8,21,坪林區,,,,無年齡維度,0.0,女,遷入,臺中市,1
112,8,21,坪林區,,,,無年齡維度,0.0,男,遷入,臺中市,1
112,8,21,坪林區,,,,無年齡維度,0.0,女,遷入,臺北市,11
112,8,21,坪林區,,,,無年齡維度,0.0,男,遷入,臺北市,13
112,8,21,坪林區,,,,無年齡維度,0.0,女,遷入,臺南市,0
112,8,21,坪林區,,,,無年齡維度,0.0,男,遷入,臺南市,0
112,8,21,坪林區,,,,無年齡維度,0.0,女,遷入,臺灣省,4
112,8,21,坪林區,,,,無年齡維度,0.0,男,遷入,臺灣省,11
112,8,21,坪林區,,,,無年齡維度,0.0,女,遷入,高雄市,0
112,8,21,坪林區,,,,無年齡維度,0.0,男,遷入,高雄市,0
112,8,21,坪林區,,,,無年齡維度,0.0,女,遷出,migrants,19
112,8,21,坪林區,,,,無年齡維度,0.0,男,遷出,migrants,11
112,8,21,坪林區,,,,無年齡維度,0.0,女,遷出,other,0
112,8,21,坪林區,,,,無年齡維度,0.0,男,遷出,other,0
112,8,21,坪林區,,,,無年齡維度,0.0,女,遷出,其他縣市,0
112,8,21,坪林區,,,,無年齡維度,0.0,男,遷出,其他縣市,0
112,8,21,坪林區,,,,無年齡維度,0.0,女,遷出,其他鄉鎮,25
112,8,21,坪林區,,,,無年齡維度,0.0,男,遷出,其他鄉鎮,23
112,8,21,坪林區,,,,無年齡維度,0.0,女,遷出,合計,37
112,8,21,坪林區,,,,無年齡維度,0.0,男,遷出,合計,44
112,8,21,坪林區,,,,無年齡維度,0.0,女,遷出,國外,1
112,8,21,坪林區,,,,無年齡維度,0.0,男,遷出,國外,2
112,8,21,坪林區,,,,無年齡維度,0.0,女,遷出,新北市內,0
112,8,21,坪林區,,,,無年齡維度,0.0,男,遷出,新北市內,0
112,8,21,坪林區,,,,無年齡維度,0.0,女,遷出,桃園市,2
112,8,21,坪林區,,,,無年齡維度,0.0,男,遷出,桃園市,4
112,8,21,坪林區,,,,無年齡維度,0.0,女,遷出,福建省,0
112,8,21,坪林區,,,,無年齡維度,0.0,男,遷出,福建省,0
112,8,21,坪林區,,,,無年齡維度,0.0,女,遷出,臺中市,0
112,8,21,坪林區,,,,無年齡維度,0.0,男,遷出,臺中市,3
112,8,21,坪林區,,,,無年齡維度,0.0,女,遷出,臺北市,5
112,8,21,坪林區,,,,無年齡維度,0.0,男,遷出,臺北市,5
112,8,21,坪林區,,,,無年齡維度,0.0,女,遷出,臺南市,0
112,8,21,坪林區,,,,無年齡維度,0.0,男,遷出,臺南市,0
112,8,21,坪林區,,,,無年齡維度,0.0,女,遷出,臺灣省,3
112,8,21,坪林區,,,,無年齡維度,0.0,男,遷出,臺灣省,7
112,8,21,坪林區,,,,無年齡維度,0.0,女,遷出,高雄市,1
112,8,21,坪林區,,,,無年齡維度,0.0,男,遷出,高雄市,0
112,8,22,三芝區,,,,無年齡維度,0.0,女,遷入,migrants,2
112,8,22,三芝區,,,,無年齡維度,0.0,男,遷入,migrants,8
112,8,22,三芝區,,,,無年齡維度,0.0,女,遷入,other,0
112,8,22,三芝區,,,,無年齡維度,0.0,男,遷入,other,0
112,8,22,三芝區,,,,無年齡維度,0.0,女,遷入,其他縣市,0
112,8,22,三芝區,,,,無年齡維度,0.0,男,遷入,其他縣市,0
112,8,22,三芝區,,,,無年齡維度,0.0,女,遷入,其他鄉鎮,2
112,8,22,三芝區,,,,無年齡維度,0.0,男,遷入,其他鄉鎮,5
112,8,22,三芝區,,,,無年齡維度,0.0,女,遷入,合計,7
112,8,22,三芝區,,,,無年齡維度,0.0,男,遷入,合計,8
112,8,22,三芝區,,,,無年齡維度,0.0,女,遷入,國外,2
112,8,22,三芝區,,,,無年齡維度,0.0,男,遷入,國外,3
112,8,22,三芝區,,,,無年齡維度,0.0,女,遷入,新北市內,0
112,8,22,三芝區,,,,無年齡維度,0.0,男,遷入,新北市內,0
112,8,22,三芝區,,,,無年齡維度,0.0,女,遷入,桃園市,0
112,8,22,三芝區,,,,無年齡維度,0.0,男,遷入,桃園市,0
112,8,22,三芝區,,,,無年齡維度,0.0,女,遷入,福建省,0
112,8,22,三芝區,,,,無年齡維度,0.0,男,遷入,福建省,0
112,8,22,三芝區,,,,無年齡維度,0.0,女,遷入,臺中市,1
112,8,22,三芝區,,,,無年齡維度,0.0,男,遷入,臺中市,0
112,8,22,三芝區,,,,無年齡維度,0.0,女,遷入,臺北市,2
112,8,22,三芝區,,,,無年齡維度,0.0,男,遷入,臺北市,0
112,8,22,三芝區,,,,無年齡維度,0.0,女,遷入,臺南市,0
112,8,22,三芝區,,,,無年齡維度,0.0,男,遷入,臺南市,0
112,8,22,三芝區,,,,無年齡維度,0.0,女,遷入,臺灣省,0
112,8,22,三芝區,,,,無年齡維度,0.0,男,遷入,臺灣省,0
112,8,22,三芝區,,,,無年齡維度,0.0,女,遷入,高雄市,0
112,8,22,三芝區,,,,無年齡維度,0.0,男,遷入,高雄市,0
112,8,22,三芝區,,,,無年齡維度,0.0,女,遷出,migrants,2
112,8,22,三芝區,,,,無年齡維度,0.0,男,遷出,migrants,8
112,8,22,三芝區,,,,無年齡維度,0.0,女,遷出,other,0
112,8,22,三芝區,,,,無年齡維度,0.0,男,遷出,other,0
112,8,22,三芝區,,,,無年齡維度,0.0,女,遷出,其他縣市,0
112,8,22,三芝區,,,,無年齡維度,0.0,男,遷出,其他縣市,0
112,8,22,三芝區,,,,無年齡維度,0.0,女,遷出,其他鄉鎮,13
112,8,22,三芝區,,,,無年齡維度,0.0,男,遷出,其他鄉鎮,8
112,8,22,三芝區,,,,無年齡維度,0.0,女,遷出,合計,16
112,8,22,三芝區,,,,無年齡維度,0.0,男,遷出,合計,14
112,8,22,三芝區,,,,無年齡維度,0.0,女,遷出,國外,0
112,8,22,三芝區,,,,無年齡維度,0.0,男,遷出,國外,1
112,8,22,三芝區,,,,無年齡維度,0.0,女,遷出,新北市內,0
112,8,22,三芝區,,,,無年齡維度,0.0,男,遷出,新北市內,0
112,8,22,三芝區,,,,無年齡維度,0.0,女,遷出,桃園市,0
112,8,22,三芝區,,,,無年齡維度,0.0,男,遷出,桃園市,2
112,8,22,三芝區,,,,無年齡維度,0.0,女,遷出,福建省,0
112,8,22,三芝區,,,,無年齡維度,0.0,男,遷出,福建省,0
112,8,22,三芝區,,,,無年齡維度,0.0,女,遷出,臺中市,1
112,8,22,三芝區,,,,無年齡維度,0.0,男,遷出,臺中市,0
112,8,22,三芝區,,,,無年齡維度,0.0,女,遷出,臺北市,0
112,8,22,三芝區,,,,無年齡維度,0.0,男,遷出,臺北市,2
112,8,22,三芝區,,,,無年齡維度,0.0,女,遷出,臺南市,1
112,8,22,三芝區,,,,無年齡維度,0.0,男,遷出,臺南市,1
112,8,22,三芝區,,,,無年齡維度,0.0,女,遷出,臺灣省,1
112,8,22,三芝區,,,,無年齡維度,0.0,男,遷出,臺灣省,0
112,8,22,三芝區,,,,無年齡維度,0.0,女,遷出,高雄市,0
112,8,22,三芝區,,,,無年齡維度,0.0,男,遷出,高雄市,0
112,8,23,石門區,,,,無年齡維度,0.0,女,遷入,migrants,71
112,8,23,石門區,,,,無年齡維度,0.0,男,遷入,migrants,40
112,8,23,石門區,,,,無年齡維度,0.0,女,遷入,other,0
112,8,23,石門區,,,,無年齡維度,0.0,男,遷入,other,0
112,8,23,石門區,,,,無年齡維度,0.0,女,遷入,其他縣市,0
112,8,23,石門區,,,,無年齡維度,0.0,男,遷入,其他縣市,0
112,8,23,石門區,,,,無年齡維度,0.0,女,遷入,其他鄉鎮,70
112,8,23,石門區,,,,無年齡維度,0.0,男,遷入,其他鄉鎮,60
112,8,23,石門區,,,,無年齡維度,0.0,女,遷入,合計,156
112,8,23,石門區,,,,無年齡維度,0.0,男,遷入,合計,141
112,8,23,石門區,,,,無年齡維度,0.0,女,遷入,國外,12
112,8,23,石門區,,,,無年齡維度,0.0,男,遷入,國外,11
112,8,23,石門區,,,,無年齡維度,0.0,女,遷入,新北市內,0
112,8,23,石門區,,,,無年齡維度,0.0,男,遷入,新北市內,0
112,8,23,石門區,,,,無年齡維度,0.0,女,遷入,桃園市,11
112,8,23,石門區,,,,無年齡維度,0.0,男,遷入,桃園市,11
112,8,23,石門區,,,,無年齡維度,0.0,女,遷入,福建省,0
112,8,23,石門區,,,,無年齡維度,0.0,男,遷入,福建省,0
112,8,23,石門區,,,,無年齡維度,0.0,女,遷入,臺中市,2
112,8,23,石門區,,,,無年齡維度,0.0,男,遷入,臺中市,2
112,8,23,石門區,,,,無年齡維度,0.0,女,遷入,臺北市,44
112,8,23,石門區,,,,無年齡維度,0.0,男,遷入,臺北市,41
112,8,23,石門區,,,,無年齡維度,0.0,女,遷入,臺南市,0
112,8,23,石門區,,,,無年齡維度,0.0,男,遷入,臺南市,2
112,8,23,石門區,,,,無年齡維度,0.0,女,遷入,臺灣省,10
112,8,23,石門區,,,,無年齡維度,0.0,男,遷入,臺灣省,12
112,8,23,石門區,,,,無年齡維度,0.0,女,遷入,高雄市,2
112,8,23,石門區,,,,無年齡維度,0.0,男,遷入,高雄市,2
112,8,23,石門區,,,,無年齡維度,0.0,女,遷出,migrants,71
112,8,23,石門區,,,,無年齡維度,0.0,男,遷出,migrants,40
112,8,23,石門區,,,,無年齡維度,0.0,女,遷出,other,0
112,8,23,石門區,,,,無年齡維度,0.0,男,遷出,other,0
112,8,23,石門區,,,,無年齡維度,0.0,女,遷出,其他縣市,0
112,8,23,石門區,,,,無年齡維度,0.0,男,遷出,其他縣市,0
112,8,23,石門區,,,,無年齡維度,0.0,女,遷出,其他鄉鎮,32
112,8,23,石門區,,,,無年齡維度,0.0,男,遷出,其他鄉鎮,32
112,8,23,石門區,,,,無年齡維度,0.0,女,遷出,合計,74
112,8,23,石門區,,,,無年齡維度,0.0,男,遷出,合計,76
112,8,23,石門區,,,,無年齡維度,0.0,女,遷出,國外,2
112,8,23,石門區,,,,無年齡維度,0.0,男,遷出,國外,4
112,8,23,石門區,,,,無年齡維度,0.0,女,遷出,新北市內,0
112,8,23,石門區,,,,無年齡維度,0.0,男,遷出,新北市內,0
112,8,23,石門區,,,,無年齡維度,0.0,女,遷出,桃園市,7
112,8,23,石門區,,,,無年齡維度,0.0,男,遷出,桃園市,7
112,8,23,石門區,,,,無年齡維度,0.0,女,遷出,福建省,0
112,8,23,石門區,,,,無年齡維度,0.0,男,遷出,福建省,0
112,8,23,石門區,,,,無年齡維度,0.0,女,遷出,臺中市,1
112,8,23,石門區,,,,無年齡維度,0.0,男,遷出,臺中市,1
112,8,23,石門區,,,,無年齡維度,0.0,女,遷出,臺北市,21
112,8,23,石門區,,,,無年齡維度,0.0,男,遷出,臺北市,16
112,8,23,石門區,,,,無年齡維度,0.0,女,遷出,臺南市,1
112,8,23,石門區,,,,無年齡維度,0.0,男,遷出,臺南市,3
112,8,23,石門區,,,,無年齡維度,0.0,女,遷出,臺灣省,9
112,8,23,石門區,,,,無年齡維度,0.0,男,遷出,臺灣省,13
112,8,23,石門區,,,,無年齡維度,0.0,女,遷出,高雄市,1
112,8,23,石門區,,,,無年齡維度,0.0,男,遷出,高雄市,0
112,8,24,金山區,,,,無年齡維度,0.0,女,遷入,migrants,3
112,8,24,金山區,,,,無年齡維度,0.0,男,遷入,migrants,1
112,8,24,金山區,,,,無年齡維度,0.0,女,遷入,other,0
112,8,24,金山區,,,,無年齡維度,0.0,男,遷入,other,0
112,8,24,金山區,,,,無年齡維度,0.0,女,遷入,其他縣市,0
112,8,24,金山區,,,,無年齡維度,0.0,男,遷入,其他縣市,0
112,8,24,金山區,,,,無年齡維度,0.0,女,遷入,其他鄉鎮,0
112,8,24,金山區,,,,無年齡維度,0.0,男,遷入,其他鄉鎮,5
112,8,24,金山區,,,,無年齡維度,0.0,女,遷入,合計,1
112,8,24,金山區,,,,無年齡維度,0.0,男,遷入,合計,10
112,8,24,金山區,,,,無年齡維度,0.0,女,遷入,國外,0
112,8,24,金山區,,,,無年齡維度,0.0,男,遷入,國外,1
112,8,24,金山區,,,,無年齡維度,0.0,女,遷入,新北市內,0
112,8,24,金山區,,,,無年齡維度,0.0,男,遷入,新北市內,0
112,8,24,金山區,,,,無年齡維度,0.0,女,遷入,桃園市,0
112,8,24,金山區,,,,無年齡維度,0.0,男,遷入,桃園市,1
112,8,24,金山區,,,,無年齡維度,0.0,女,遷入,福建省,0
112,8,24,金山區,,,,無年齡維度,0.0,男,遷入,福建省,0
112,8,24,金山區,,,,無年齡維度,0.0,女,遷入,臺中市,0
112,8,24,金山區,,,,無年齡維度,0.0,男,遷入,臺中市,0
112,8,24,金山區,,,,無年齡維度,0.0,女,遷入,臺北市,0
112,8,24,金山區,,,,無年齡維度,0.0,男,遷入,臺北市,2
112,8,24,金山區,,,,無年齡維度,0.0,女,遷入,臺南市,0
112,8,24,金山區,,,,無年齡維度,0.0,男,遷入,臺南市,0
112,8,24,金山區,,,,無年齡維度,0.0,女,遷入,臺灣省,1
112,8,24,金山區,,,,無年齡維度,0.0,男,遷入,臺灣省,1
112,8,24,金山區,,,,無年齡維度,0.0,女,遷入,高雄市,0
112,8,24,金山區,,,,無年齡維度,0.0,男,遷入,高雄市,0
112,8,24,金山區,,,,無年齡維度,0.0,女,遷出,migrants,3
112,8,24,金山區,,,,無年齡維度,0.0,男,遷出,migrants,1
112,8,24,金山區,,,,無年齡維度,0.0,女,遷出,other,0
112,8,24,金山區,,,,無年齡維度,0.0,男,遷出,other,0
112,8,24,金山區,,,,無年齡維度,0.0,女,遷出,其他縣市,0
112,8,24,金山區,,,,無年齡維度,0.0,男,遷出,其他縣市,0
112,8,24,金山區,,,,無年齡維度,0.0,女,遷出,其他鄉鎮,5
112,8,24,金山區,,,,無年齡維度,0.0,男,遷出,其他鄉鎮,0
112,8,24,金山區,,,,無年齡維度,0.0,女,遷出,合計,12
112,8,24,金山區,,,,無年齡維度,0.0,男,遷出,合計,6
112,8,24,金山區,,,,無年齡維度,0.0,女,遷出,國外,0
112,8,24,金山區,,,,無年齡維度,0.0,男,遷出,國外,1
112,8,24,金山區,,,,無年齡維度,0.0,女,遷出,新北市內,0
112,8,24,金山區,,,,無年齡維度,0.0,男,遷出,新北市內,0
112,8,24,金山區,,,,無年齡維度,0.0,女,遷出,桃園市,3
112,8,24,金山區,,,,無年齡維度,0.0,男,遷出,桃園市,2
112,8,24,金山區,,,,無年齡維度,0.0,女,遷出,福建省,0
112,8,24,金山區,,,,無年齡維度,0.0,男,遷出,福建省,0
112,8,24,金山區,,,,無年齡維度,0.0,女,遷出,臺中市,0
112,8,24,金山區,,,,無年齡維度,0.0,男,遷出,臺中市,0
112,8,24,金山區,,,,無年齡維度,0.0,女,遷出,臺北市,3
112,8,24,金山區,,,,無年齡維度,0.0,男,遷出,臺北市,2
112,8,24,金山區,,,,無年齡維度,0.0,女,遷出,臺南市,0
112,8,24,金山區,,,,無年齡維度,0.0,男,遷出,臺南市,0
112,8,24,金山區,,,,無年齡維度,0.0,女,遷出,臺灣省,1
112,8,24,金山區,,,,無年齡維度,0.0,男,遷出,臺灣省,1
112,8,24,金山區,,,,無年齡維度,0.0,女,遷出,高雄市,0
112,8,24,金山區,,,,無年齡維度,0.0,男,遷出,高雄市,0
112,8,25,萬里區,,,,無年齡維度,0.0,女,遷入,migrants,0
112,8,25,萬里區,,,,無年齡維度,0.0,男,遷入,migrants,2
112,8,25,萬里區,,,,無年齡維度,0.0,女,遷入,other,0
112,8,25,萬里區,,,,無年齡維度,0.0,男,遷入,other,0
112,8,25,萬里區,,,,無年齡維度,0.0,女,遷入,其他縣市,0
112,8,25,萬里區,,,,無年齡維度,0.0,男,遷入,其他縣市,0
112,8,25,萬里區,,,,無年齡維度,0.0,女,遷入,其他鄉鎮,4
112,8,25,萬里區,,,,無年齡維度,0.0,男,遷入,其他鄉鎮,3
112,8,25,萬里區,,,,無年齡維度,0.0,女,遷入,合計,6
112,8,25,萬里區,,,,無年齡維度,0.0,男,遷入,合計,7
112,8,25,萬里區,,,,無年齡維度,0.0,女,遷入,國外,0
112,8,25,萬里區,,,,無年齡維度,0.0,男,遷入,國外,0
112,8,25,萬里區,,,,無年齡維度,0.0,女,遷入,新北市內,0
112,8,25,萬里區,,,,無年齡維度,0.0,男,遷入,新北市內,0
112,8,25,萬里區,,,,無年齡維度,0.0,女,遷入,桃園市,0
112,8,25,萬里區,,,,無年齡維度,0.0,男,遷入,桃園市,2
112,8,25,萬里區,,,,無年齡維度,0.0,女,遷入,福建省,0
112,8,25,萬里區,,,,無年齡維度,0.0,男,遷入,福建省,0
112,8,25,萬里區,,,,無年齡維度,0.0,女,遷入,臺中市,0
112,8,25,萬里區,,,,無年齡維度,0.0,男,遷入,臺中市,0
112,8,25,萬里區,,,,無年齡維度,0.0,女,遷入,臺北市,0
112,8,25,萬里區,,,,無年齡維度,0.0,男,遷入,臺北市,0
112,8,25,萬里區,,,,無年齡維度,0.0,女,遷入,臺南市,0
112,8,25,萬里區,,,,無年齡維度,0.0,男,遷入,臺南市,0
112,8,25,萬里區,,,,無年齡維度,0.0,女,遷入,臺灣省,1
112,8,25,萬里區,,,,無年齡維度,0.0,男,遷入,臺灣省,2
112,8,25,萬里區,,,,無年齡維度,0.0,女,遷入,高雄市,0
112,8,25,萬里區,,,,無年齡維度,0.0,男,遷入,高雄市,0
112,8,25,萬里區,,,,無年齡維度,0.0,女,遷出,migrants,0
112,8,25,萬里區,,,,無年齡維度,0.0,男,遷出,migrants,2
112,8,25,萬里區,,,,無年齡維度,0.0,女,遷出,other,0
112,8,25,萬里區,,,,無年齡維度,0.0,男,遷出,other,0
112,8,25,萬里區,,,,無年齡維度,0.0,女,遷出,其他縣市,0
112,8,25,萬里區,,,,無年齡維度,0.0,男,遷出,其他縣市,0
112,8,25,萬里區,,,,無年齡維度,0.0,女,遷出,其他鄉鎮,6
112,8,25,萬里區,,,,無年齡維度,0.0,男,遷出,其他鄉鎮,8
112,8,25,萬里區,,,,無年齡維度,0.0,女,遷出,合計,11
112,8,25,萬里區,,,,無年齡維度,0.0,男,遷出,合計,13
112,8,25,萬里區,,,,無年齡維度,0.0,女,遷出,國外,1
112,8,25,萬里區,,,,無年齡維度,0.0,男,遷出,國外,0
112,8,25,萬里區,,,,無年齡維度,0.0,女,遷出,新北市內,0
112,8,25,萬里區,,,,無年齡維度,0.0,男,遷出,新北市內,0
112,8,25,萬里區,,,,無年齡維度,0.0,女,遷出,桃園市,0
112,8,25,萬里區,,,,無年齡維度,0.0,男,遷出,桃園市,2
112,8,25,萬里區,,,,無年齡維度,0.0,女,遷出,福建省,0
112,8,25,萬里區,,,,無年齡維度,0.0,男,遷出,福建省,0
112,8,25,萬里區,,,,無年齡維度,0.0,女,遷出,臺中市,0
112,8,25,萬里區,,,,無年齡維度,0.0,男,遷出,臺中市,0
112,8,25,萬里區,,,,無年齡維度,0.0,女,遷出,臺北市,2
112,8,25,萬里區,,,,無年齡維度,0.0,男,遷出,臺北市,0
112,8,25,萬里區,,,,無年齡維度,0.0,女,遷出,臺南市,0
112,8,25,萬里區,,,,無年齡維度,0.0,男,遷出,臺南市,0
112,8,25,萬里區,,,,無年齡維度,0.0,女,遷出,臺灣省,2
112,8,25,萬里區,,,,無年齡維度,0.0,男,遷出,臺灣省,3
112,8,25,萬里區,,,,無年齡維度,0.0,女,遷出,高雄市,0
112,8,25,萬里區,,,,無年齡維度,0.0,男,遷出,高雄市,0
112,8,26,平溪區,,,,無年齡維度,0.0,女,遷入,migrants,5
112,8,26,平溪區,,,,無年齡維度,0.0,男,遷入,migrants,9
112,8,26,平溪區,,,,無年齡維度,0.0,女,遷入,other,0
112,8,26,平溪區,,,,無年齡維度,0.0,男,遷入,other,0
112,8,26,平溪區,,,,無年齡維度,0.0,女,遷入,其他縣市,0
112,8,26,平溪區,,,,無年齡維度,0.0,男,遷入,其他縣市,0
112,8,26,平溪區,,,,無年齡維度,0.0,女,遷入,其他鄉鎮,5
112,8,26,平溪區,,,,無年齡維度,0.0,男,遷入,其他鄉鎮,2
112,8,26,平溪區,,,,無年齡維度,0.0,女,遷入,合計,15
112,8,26,平溪區,,,,無年齡維度,0.0,男,遷入,合計,12
112,8,26,平溪區,,,,無年齡維度,0.0,女,遷入,國外,0
112,8,26,平溪區,,,,無年齡維度,0.0,男,遷入,國外,1
112,8,26,平溪區,,,,無年齡維度,0.0,女,遷入,新北市內,0
112,8,26,平溪區,,,,無年齡維度,0.0,男,遷入,新北市內,0
112,8,26,平溪區,,,,無年齡維度,0.0,女,遷入,桃園市,3
112,8,26,平溪區,,,,無年齡維度,0.0,男,遷入,桃園市,2
112,8,26,平溪區,,,,無年齡維度,0.0,女,遷入,福建省,0
112,8,26,平溪區,,,,無年齡維度,0.0,男,遷入,福建省,0
112,8,26,平溪區,,,,無年齡維度,0.0,女,遷入,臺中市,0
112,8,26,平溪區,,,,無年齡維度,0.0,男,遷入,臺中市,0
112,8,26,平溪區,,,,無年齡維度,0.0,女,遷入,臺北市,2
112,8,26,平溪區,,,,無年齡維度,0.0,男,遷入,臺北市,2
112,8,26,平溪區,,,,無年齡維度,0.0,女,遷入,臺南市,2
112,8,26,平溪區,,,,無年齡維度,0.0,男,遷入,臺南市,2
112,8,26,平溪區,,,,無年齡維度,0.0,女,遷入,臺灣省,2
112,8,26,平溪區,,,,無年齡維度,0.0,男,遷入,臺灣省,3
112,8,26,平溪區,,,,無年齡維度,0.0,女,遷入,高雄市,1
112,8,26,平溪區,,,,無年齡維度,0.0,男,遷入,高雄市,0
112,8,26,平溪區,,,,無年齡維度,0.0,女,遷出,migrants,5
112,8,26,平溪區,,,,無年齡維度,0.0,男,遷出,migrants,9
112,8,26,平溪區,,,,無年齡維度,0.0,女,遷出,other,0
112,8,26,平溪區,,,,無年齡維度,0.0,男,遷出,other,0
112,8,26,平溪區,,,,無年齡維度,0.0,女,遷出,其他縣市,0
112,8,26,平溪區,,,,無年齡維度,0.0,男,遷出,其他縣市,0
112,8,26,平溪區,,,,無年齡維度,0.0,女,遷出,其他鄉鎮,4
112,8,26,平溪區,,,,無年齡維度,0.0,男,遷出,其他鄉鎮,4
112,8,26,平溪區,,,,無年齡維度,0.0,女,遷出,合計,22
112,8,26,平溪區,,,,無年齡維度,0.0,男,遷出,合計,12
112,8,26,平溪區,,,,無年齡維度,0.0,女,遷出,國外,0
112,8,26,平溪區,,,,無年齡維度,0.0,男,遷出,國外,0
112,8,26,平溪區,,,,無年齡維度,0.0,女,遷出,新北市內,0
112,8,26,平溪區,,,,無年齡維度,0.0,男,遷出,新北市內,0
112,8,26,平溪區,,,,無年齡維度,0.0,女,遷出,桃園市,4
112,8,26,平溪區,,,,無年齡維度,0.0,男,遷出,桃園市,4
112,8,26,平溪區,,,,無年齡維度,0.0,女,遷出,福建省,0
112,8,26,平溪區,,,,無年齡維度,0.0,男,遷出,福建省,0
112,8,26,平溪區,,,,無年齡維度,0.0,女,遷出,臺中市,1
112,8,26,平溪區,,,,無年齡維度,0.0,男,遷出,臺中市,0
112,8,26,平溪區,,,,無年齡維度,0.0,女,遷出,臺北市,3
112,8,26,平溪區,,,,無年齡維度,0.0,男,遷出,臺北市,2
112,8,26,平溪區,,,,無年齡維度,0.0,女,遷出,臺南市,0
112,8,26,平溪區,,,,無年齡維度,0.0,男,遷出,臺南市,0
112,8,26,平溪區,,,,無年齡維度,0.0,女,遷出,臺灣省,10
112,8,26,平溪區,,,,無年齡維度,0.0,男,遷出,臺灣省,2
112,8,26,平溪區,,,,無年齡維度,0.0,女,遷出,高雄市,0
112,8,26,平溪區,,,,無年齡維度,0.0,男,遷出,高雄市,0
112,8,27,雙溪區,,,,無年齡維度,0.0,女,遷入,migrants,9
112,8,27,雙溪區,,,,無年齡維度,0.0,男,遷入,migrants,17
112,8,27,雙溪區,,,,無年齡維度,0.0,女,遷入,other,0
112,8,27,雙溪區,,,,無年齡維度,0.0,男,遷入,other,0
112,8,27,雙溪區,,,,無年齡維度,0.0,女,遷入,其他縣市,0
112,8,27,雙溪區,,,,無年齡維度,0.0,男,遷入,其他縣市,0
112,8,27,雙溪區,,,,無年齡維度,0.0,女,遷入,其他鄉鎮,13
112,8,27,雙溪區,,,,無年齡維度,0.0,男,遷入,其他鄉鎮,10
112,8,27,雙溪區,,,,無年齡維度,0.0,女,遷入,合計,28
112,8,27,雙溪區,,,,無年齡維度,0.0,男,遷入,合計,30
112,8,27,雙溪區,,,,無年齡維度,0.0,女,遷入,國外,4
112,8,27,雙溪區,,,,無年齡維度,0.0,男,遷入,國外,4
112,8,27,雙溪區,,,,無年齡維度,0.0,女,遷入,新北市內,0
112,8,27,雙溪區,,,,無年齡維度,0.0,男,遷入,新北市內,0
112,8,27,雙溪區,,,,無年齡維度,0.0,女,遷入,桃園市,0
112,8,27,雙溪區,,,,無年齡維度,0.0,男,遷入,桃園市,2
112,8,27,雙溪區,,,,無年齡維度,0.0,女,遷入,福建省,0
112,8,27,雙溪區,,,,無年齡維度,0.0,男,遷入,福建省,0
112,8,27,雙溪區,,,,無年齡維度,0.0,女,遷入,臺中市,0
112,8,27,雙溪區,,,,無年齡維度,0.0,男,遷入,臺中市,1
112,8,27,雙溪區,,,,無年齡維度,0.0,女,遷入,臺北市,5
112,8,27,雙溪區,,,,無年齡維度,0.0,男,遷入,臺北市,3
112,8,27,雙溪區,,,,無年齡維度,0.0,女,遷入,臺南市,0
112,8,27,雙溪區,,,,無年齡維度,0.0,男,遷入,臺南市,0
112,8,27,雙溪區,,,,無年齡維度,0.0,女,遷入,臺灣省,4
112,8,27,雙溪區,,,,無年齡維度,0.0,男,遷入,臺灣省,9
112,8,27,雙溪區,,,,無年齡維度,0.0,女,遷入,高雄市,0
112,8,27,雙溪區,,,,無年齡維度,0.0,男,遷入,高雄市,0
112,8,27,雙溪區,,,,無年齡維度,0.0,女,遷出,migrants,9
112,8,27,雙溪區,,,,無年齡維度,0.0,男,遷出,migrants,17
112,8,27,雙溪區,,,,無年齡維度,0.0,女,遷出,other,0
112,8,27,雙溪區,,,,無年齡維度,0.0,男,遷出,other,0
112,8,27,雙溪區,,,,無年齡維度,0.0,女,遷出,其他縣市,0
112,8,27,雙溪區,,,,無年齡維度,0.0,男,遷出,其他縣市,0
112,8,27,雙溪區,,,,無年齡維度,0.0,女,遷出,其他鄉鎮,12
112,8,27,雙溪區,,,,無年齡維度,0.0,男,遷出,其他鄉鎮,9
112,8,27,雙溪區,,,,無年齡維度,0.0,女,遷出,合計,36
112,8,27,雙溪區,,,,無年齡維度,0.0,男,遷出,合計,32
112,8,27,雙溪區,,,,無年齡維度,0.0,女,遷出,國外,1
112,8,27,雙溪區,,,,無年齡維度,0.0,男,遷出,國外,2
112,8,27,雙溪區,,,,無年齡維度,0.0,女,遷出,新北市內,0
112,8,27,雙溪區,,,,無年齡維度,0.0,男,遷出,新北市內,0
112,8,27,雙溪區,,,,無年齡維度,0.0,女,遷出,桃園市,8
112,8,27,雙溪區,,,,無年齡維度,0.0,男,遷出,桃園市,4
112,8,27,雙溪區,,,,無年齡維度,0.0,女,遷出,福建省,0
112,8,27,雙溪區,,,,無年齡維度,0.0,男,遷出,福建省,2
112,8,27,雙溪區,,,,無年齡維度,0.0,女,遷出,臺中市,3
112,8,27,雙溪區,,,,無年齡維度,0.0,男,遷出,臺中市,0
112,8,27,雙溪區,,,,無年齡維度,0.0,女,遷出,臺北市,1
112,8,27,雙溪區,,,,無年齡維度,0.0,男,遷出,臺北市,3
112,8,27,雙溪區,,,,無年齡維度,0.0,女,遷出,臺南市,0
112,8,27,雙溪區,,,,無年齡維度,0.0,男,遷出,臺南市,0
112,8,27,雙溪區,,,,無年齡維度,0.0,女,遷出,臺灣省,11
112,8,27,雙溪區,,,,無年齡維度,0.0,男,遷出,臺灣省,12
112,8,27,雙溪區,,,,無年齡維度,0.0,女,遷出,高雄市,0
112,8,27,雙溪區,,,,無年齡維度,0.0,男,遷出,高雄市,0
112,8,28,貢寮區,,,,無年齡維度,0.0,女,遷入,migrants,25
112,8,28,貢寮區,,,,無年齡維度,0.0,男,遷入,migrants,26
112,8,28,貢寮區,,,,無年齡維度,0.0,女,遷入,other,0
112,8,28,貢寮區,,,,無年齡維度,0.0,男,遷入,other,0
112,8,28,貢寮區,,,,無年齡維度,0.0,女,遷入,其他縣市,0
112,8,28,貢寮區,,,,無年齡維度,0.0,男,遷入,其他縣市,0
112,8,28,貢寮區,,,,無年齡維度,0.0,女,遷入,其他鄉鎮,9
112,8,28,貢寮區,,,,無年齡維度,0.0,男,遷入,其他鄉鎮,15
112,8,28,貢寮區,,,,無年齡維度,0.0,女,遷入,合計,34
112,8,28,貢寮區,,,,無年齡維度,0.0,男,遷入,合計,28
112,8,28,貢寮區,,,,無年齡維度,0.0,女,遷入,國外,5
112,8,28,貢寮區,,,,無年齡維度,0.0,男,遷入,國外,4
112,8,28,貢寮區,,,,無年齡維度,0.0,女,遷入,新北市內,0
112,8,28,貢寮區,,,,無年齡維度,0.0,男,遷入,新北市內,0
112,8,28,貢寮區,,,,無年齡維度,0.0,女,遷入,桃園市,1
112,8,28,貢寮區,,,,無年齡維度,0.0,男,遷入,桃園市,0
112,8,28,貢寮區,,,,無年齡維度,0.0,女,遷入,福建省,0
112,8,28,貢寮區,,,,無年齡維度,0.0,男,遷入,福建省,0
112,8,28,貢寮區,,,,無年齡維度,0.0,女,遷入,臺中市,1
112,8,28,貢寮區,,,,無年齡維度,0.0,男,遷入,臺中市,0
112,8,28,貢寮區,,,,無年齡維度,0.0,女,遷入,臺北市,4
112,8,28,貢寮區,,,,無年齡維度,0.0,男,遷入,臺北市,1
112,8,28,貢寮區,,,,無年齡維度,0.0,女,遷入,臺南市,0
112,8,28,貢寮區,,,,無年齡維度,0.0,男,遷入,臺南市,1
112,8,28,貢寮區,,,,無年齡維度,0.0,女,遷入,臺灣省,10
112,8,28,貢寮區,,,,無年齡維度,0.0,男,遷入,臺灣省,7
112,8,28,貢寮區,,,,無年齡維度,0.0,女,遷入,高雄市,0
112,8,28,貢寮區,,,,無年齡維度,0.0,男,遷入,高雄市,0
112,8,28,貢寮區,,,,無年齡維度,0.0,女,遷出,migrants,25
112,8,28,貢寮區,,,,無年齡維度,0.0,男,遷出,migrants,26
112,8,28,貢寮區,,,,無年齡維度,0.0,女,遷出,other,0
112,8,28,貢寮區,,,,無年齡維度,0.0,男,遷出,other,0
112,8,28,貢寮區,,,,無年齡維度,0.0,女,遷出,其他縣市,0
112,8,28,貢寮區,,,,無年齡維度,0.0,男,遷出,其他縣市,0
112,8,28,貢寮區,,,,無年齡維度,0.0,女,遷出,其他鄉鎮,14
112,8,28,貢寮區,,,,無年齡維度,0.0,男,遷出,其他鄉鎮,10
112,8,28,貢寮區,,,,無年齡維度,0.0,女,遷出,合計,34
112,8,28,貢寮區,,,,無年齡維度,0.0,男,遷出,合計,32
112,8,28,貢寮區,,,,無年齡維度,0.0,女,遷出,國外,2
112,8,28,貢寮區,,,,無年齡維度,0.0,男,遷出,國外,1
112,8,28,貢寮區,,,,無年齡維度,0.0,女,遷出,新北市內,0
112,8,28,貢寮區,,,,無年齡維度,0.0,男,遷出,新北市內,0
112,8,28,貢寮區,,,,無年齡維度,0.0,女,遷出,桃園市,2
112,8,28,貢寮區,,,,無年齡維度,0.0,男,遷出,桃園市,2
112,8,28,貢寮區,,,,無年齡維度,0.0,女,遷出,福建省,0
112,8,28,貢寮區,,,,無年齡維度,0.0,男,遷出,福建省,1
112,8,28,貢寮區,,,,無年齡維度,0.0,女,遷出,臺中市,1
112,8,28,貢寮區,,,,無年齡維度,0.0,男,遷出,臺中市,0
112,8,28,貢寮區,,,,無年齡維度,0.0,女,遷出,臺北市,2
112,8,28,貢寮區,,,,無年齡維度,0.0,男,遷出,臺北市,3
112,8,28,貢寮區,,,,無年齡維度,0.0,女,遷出,臺南市,0
112,8,28,貢寮區,,,,無年齡維度,0.0,男,遷出,臺南市,0
112,8,28,貢寮區,,,,無年齡維度,0.0,女,遷出,臺灣省,13
112,8,28,貢寮區,,,,無年齡維度,0.0,男,遷出,臺灣省,15
112,8,28,貢寮區,,,,無年齡維度,0.0,女,遷出,高雄市,0
112,8,28,貢寮區,,,,無年齡維度,0.0,男,遷出,高雄市,0
112,8,29,烏來區,,,,無年齡維度,0.0,女,遷入,migrants,15
112,8,29,烏來區,,,,無年齡維度,0.0,男,遷入,migrants,6
112,8,29,烏來區,,,,無年齡維度,0.0,女,遷入,other,0
112,8,29,烏來區,,,,無年齡維度,0.0,男,遷入,other,0
112,8,29,烏來區,,,,無年齡維度,0.0,女,遷入,其他縣市,0
112,8,29,烏來區,,,,無年齡維度,0.0,男,遷入,其他縣市,0
112,8,29,烏來區,,,,無年齡維度,0.0,女,遷入,其他鄉鎮,2
112,8,29,烏來區,,,,無年齡維度,0.0,男,遷入,其他鄉鎮,9
112,8,29,烏來區,,,,無年齡維度,0.0,女,遷入,合計,7
112,8,29,烏來區,,,,無年齡維度,0.0,男,遷入,合計,12
112,8,29,烏來區,,,,無年齡維度,0.0,女,遷入,國外,1
112,8,29,烏來區,,,,無年齡維度,0.0,男,遷入,國外,1
112,8,29,烏來區,,,,無年齡維度,0.0,女,遷入,新北市內,0
112,8,29,烏來區,,,,無年齡維度,0.0,男,遷入,新北市內,0
112,8,29,烏來區,,,,無年齡維度,0.0,女,遷入,桃園市,0
112,8,29,烏來區,,,,無年齡維度,0.0,男,遷入,桃園市,0
112,8,29,烏來區,,,,無年齡維度,0.0,女,遷入,福建省,0
112,8,29,烏來區,,,,無年齡維度,0.0,男,遷入,福建省,0
112,8,29,烏來區,,,,無年齡維度,0.0,女,遷入,臺中市,0
112,8,29,烏來區,,,,無年齡維度,0.0,男,遷入,臺中市,0
112,8,29,烏來區,,,,無年齡維度,0.0,女,遷入,臺北市,2
112,8,29,烏來區,,,,無年齡維度,0.0,男,遷入,臺北市,1
112,8,29,烏來區,,,,無年齡維度,0.0,女,遷入,臺南市,0
112,8,29,烏來區,,,,無年齡維度,0.0,男,遷入,臺南市,0
112,8,29,烏來區,,,,無年齡維度,0.0,女,遷入,臺灣省,1
112,8,29,烏來區,,,,無年齡維度,0.0,男,遷入,臺灣省,1
112,8,29,烏來區,,,,無年齡維度,0.0,女,遷入,高雄市,1
112,8,29,烏來區,,,,無年齡維度,0.0,男,遷入,高雄市,0
112,8,29,烏來區,,,,無年齡維度,0.0,女,遷出,migrants,15
112,8,29,烏來區,,,,無年齡維度,0.0,男,遷出,migrants,6
112,8,29,烏來區,,,,無年齡維度,0.0,女,遷出,other,0
112,8,29,烏來區,,,,無年齡維度,0.0,男,遷出,other,0
112,8,29,烏來區,,,,無年齡維度,0.0,女,遷出,其他縣市,0
112,8,29,烏來區,,,,無年齡維度,0.0,男,遷出,其他縣市,0
112,8,29,烏來區,,,,無年齡維度,0.0,女,遷出,其他鄉鎮,4
112,8,29,烏來區,,,,無年齡維度,0.0,男,遷出,其他鄉鎮,5
112,8,29,烏來區,,,,無年齡維度,0.0,女,遷出,合計,8
112,8,29,烏來區,,,,無年齡維度,0.0,男,遷出,合計,9
112,8,29,烏來區,,,,無年齡維度,0.0,女,遷出,國外,1
112,8,29,烏來區,,,,無年齡維度,0.0,男,遷出,國外,1
112,8,29,烏來區,,,,無年齡維度,0.0,女,遷出,新北市內,0
112,8,29,烏來區,,,,無年齡維度,0.0,男,遷出,新北市內,0
112,8,29,烏來區,,,,無年齡維度,0.0,女,遷出,桃園市,1
112,8,29,烏來區,,,,無年齡維度,0.0,男,遷出,桃園市,1
112,8,29,烏來區,,,,無年齡維度,0.0,女,遷出,福建省,0
112,8,29,烏來區,,,,無年齡維度,0.0,男,遷出,福建省,0
112,8,29,烏來區,,,,無年齡維度,0.0,女,遷出,臺中市,0
112,8,29,烏來區,,,,無年齡維度,0.0,男,遷出,臺中市,0
112,8,29,烏來區,,,,無年齡維度,0.0,女,遷出,臺北市,2
112,8,29,烏來區,,,,無年齡維度,0.0,男,遷出,臺北市,1
112,8,29,烏來區,,,,無年齡維度,0.0,女,遷出,臺南市,0
112,8,29,烏來區,,,,無年齡維度,0.0,男,遷出,臺南市,0
112,8,29,烏來區,,,,無年齡維度,0.0,女,遷出,臺灣省,0
112,8,29,烏來區,,,,無年齡維度,0.0,男,遷出,臺灣省,0
112,8,29,烏來區,,,,無年齡維度,0.0,女,遷出,高雄市,0
112,8,29,烏來區,,,,無年齡維度,0.0,男,遷出,高雄市,1
112,9,1,板橋區,,,,無年齡維度,0.0,女,遷入,migrants,1043
112,9,1,板橋區,,,,無年齡維度,0.0,男,遷入,migrants,954
112,9,1,板橋區,,,,無年齡維度,0.0,女,遷入,other,0
112,9,1,板橋區,,,,無年齡維度,0.0,男,遷入,other,0
112,9,1,板橋區,,,,無年齡維度,0.0,女,遷入,其他縣市,0
112,9,1,板橋區,,,,無年齡維度,0.0,男,遷入,其他縣市,0
112,9,1,板橋區,,,,無年齡維度,0.0,女,遷入,其他鄉鎮,456
112,9,1,板橋區,,,,無年齡維度,0.0,男,遷入,其他鄉鎮,387
112,9,1,板橋區,,,,無年齡維度,0.0,女,遷入,合計,1196
112,9,1,板橋區,,,,無年齡維度,0.0,男,遷入,合計,974
112,9,1,板橋區,,,,無年齡維度,0.0,女,遷入,國外,162
112,9,1,板橋區,,,,無年齡維度,0.0,男,遷入,國外,119
112,9,1,板橋區,,,,無年齡維度,0.0,女,遷入,新北市內,0
112,9,1,板橋區,,,,無年齡維度,0.0,男,遷入,新北市內,0
112,9,1,板橋區,,,,無年齡維度,0.0,女,遷入,桃園市,73
112,9,1,板橋區,,,,無年齡維度,0.0,男,遷入,桃園市,47
112,9,1,板橋區,,,,無年齡維度,0.0,女,遷入,福建省,5
112,9,1,板橋區,,,,無年齡維度,0.0,男,遷入,福建省,5
112,9,1,板橋區,,,,無年齡維度,0.0,女,遷入,臺中市,33
112,9,1,板橋區,,,,無年齡維度,0.0,男,遷入,臺中市,27
112,9,1,板橋區,,,,無年齡維度,0.0,女,遷入,臺北市,294
112,9,1,板橋區,,,,無年齡維度,0.0,男,遷入,臺北市,257
112,9,1,板橋區,,,,無年齡維度,0.0,女,遷入,臺南市,18
112,9,1,板橋區,,,,無年齡維度,0.0,男,遷入,臺南市,14
112,9,1,板橋區,,,,無年齡維度,0.0,女,遷入,臺灣省,99
112,9,1,板橋區,,,,無年齡維度,0.0,男,遷入,臺灣省,87
112,9,1,板橋區,,,,無年齡維度,0.0,女,遷入,高雄市,30
112,9,1,板橋區,,,,無年齡維度,0.0,男,遷入,高雄市,19
112,9,1,板橋區,,,,無年齡維度,0.0,女,遷出,migrants,1043
112,9,1,板橋區,,,,無年齡維度,0.0,男,遷出,migrants,954
112,9,1,板橋區,,,,無年齡維度,0.0,女,遷出,other,0
112,9,1,板橋區,,,,無年齡維度,0.0,男,遷出,other,0
112,9,1,板橋區,,,,無年齡維度,0.0,女,遷出,其他縣市,0
112,9,1,板橋區,,,,無年齡維度,0.0,男,遷出,其他縣市,0
112,9,1,板橋區,,,,無年齡維度,0.0,女,遷出,其他鄉鎮,473
112,9,1,板橋區,,,,無年齡維度,0.0,男,遷出,其他鄉鎮,418
112,9,1,板橋區,,,,無年齡維度,0.0,女,遷出,合計,976
112,9,1,板橋區,,,,無年齡維度,0.0,男,遷出,合計,841
112,9,1,板橋區,,,,無年齡維度,0.0,女,遷出,國外,40
112,9,1,板橋區,,,,無年齡維度,0.0,男,遷出,國外,41
112,9,1,板橋區,,,,無年齡維度,0.0,女,遷出,新北市內,0
112,9,1,板橋區,,,,無年齡維度,0.0,男,遷出,新北市內,0
112,9,1,板橋區,,,,無年齡維度,0.0,女,遷出,桃園市,117
112,9,1,板橋區,,,,無年齡維度,0.0,男,遷出,桃園市,98
112,9,1,板橋區,,,,無年齡維度,0.0,女,遷出,福建省,10
112,9,1,板橋區,,,,無年齡維度,0.0,男,遷出,福建省,16
112,9,1,板橋區,,,,無年齡維度,0.0,女,遷出,臺中市,27
112,9,1,板橋區,,,,無年齡維度,0.0,男,遷出,臺中市,22
112,9,1,板橋區,,,,無年齡維度,0.0,女,遷出,臺北市,183
112,9,1,板橋區,,,,無年齡維度,0.0,男,遷出,臺北市,120
112,9,1,板橋區,,,,無年齡維度,0.0,女,遷出,臺南市,17
112,9,1,板橋區,,,,無年齡維度,0.0,男,遷出,臺南市,16
112,9,1,板橋區,,,,無年齡維度,0.0,女,遷出,臺灣省,94
112,9,1,板橋區,,,,無年齡維度,0.0,男,遷出,臺灣省,96
112,9,1,板橋區,,,,無年齡維度,0.0,女,遷出,高雄市,15
112,9,1,板橋區,,,,無年齡維度,0.0,男,遷出,高雄市,14
112,9,2,三重區,,,,無年齡維度,0.0,女,遷入,migrants,700
112,9,2,三重區,,,,無年齡維度,0.0,男,遷入,migrants,624
112,9,2,三重區,,,,無年齡維度,0.0,女,遷入,other,0
112,9,2,三重區,,,,無年齡維度,0.0,男,遷入,other,0
112,9,2,三重區,,,,無年齡維度,0.0,女,遷入,其他縣市,0
112,9,2,三重區,,,,無年齡維度,0.0,男,遷入,其他縣市,0
112,9,2,三重區,,,,無年齡維度,0.0,女,遷入,其他鄉鎮,294
112,9,2,三重區,,,,無年齡維度,0.0,男,遷入,其他鄉鎮,224
112,9,2,三重區,,,,無年齡維度,0.0,女,遷入,合計,986
112,9,2,三重區,,,,無年齡維度,0.0,男,遷入,合計,880
112,9,2,三重區,,,,無年齡維度,0.0,女,遷入,國外,89
112,9,2,三重區,,,,無年齡維度,0.0,男,遷入,國外,71
112,9,2,三重區,,,,無年齡維度,0.0,女,遷入,新北市內,0
112,9,2,三重區,,,,無年齡維度,0.0,男,遷入,新北市內,0
112,9,2,三重區,,,,無年齡維度,0.0,女,遷入,桃園市,61
112,9,2,三重區,,,,無年齡維度,0.0,男,遷入,桃園市,62
112,9,2,三重區,,,,無年齡維度,0.0,女,遷入,福建省,1
112,9,2,三重區,,,,無年齡維度,0.0,男,遷入,福建省,1
112,9,2,三重區,,,,無年齡維度,0.0,女,遷入,臺中市,17
112,9,2,三重區,,,,無年齡維度,0.0,男,遷入,臺中市,11
112,9,2,三重區,,,,無年齡維度,0.0,女,遷入,臺北市,386
112,9,2,三重區,,,,無年齡維度,0.0,男,遷入,臺北市,390
112,9,2,三重區,,,,無年齡維度,0.0,女,遷入,臺南市,21
112,9,2,三重區,,,,無年齡維度,0.0,男,遷入,臺南市,13
112,9,2,三重區,,,,無年齡維度,0.0,女,遷入,臺灣省,83
112,9,2,三重區,,,,無年齡維度,0.0,男,遷入,臺灣省,76
112,9,2,三重區,,,,無年齡維度,0.0,女,遷入,高雄市,21
112,9,2,三重區,,,,無年齡維度,0.0,男,遷入,高雄市,12
112,9,2,三重區,,,,無年齡維度,0.0,女,遷出,migrants,700
112,9,2,三重區,,,,無年齡維度,0.0,男,遷出,migrants,624
112,9,2,三重區,,,,無年齡維度,0.0,女,遷出,other,0
112,9,2,三重區,,,,無年齡維度,0.0,男,遷出,other,0
112,9,2,三重區,,,,無年齡維度,0.0,女,遷出,其他縣市,0
112,9,2,三重區,,,,無年齡維度,0.0,男,遷出,其他縣市,0
112,9,2,三重區,,,,無年齡維度,0.0,女,遷出,其他鄉鎮,312
112,9,2,三重區,,,,無年齡維度,0.0,男,遷出,其他鄉鎮,227
112,9,2,三重區,,,,無年齡維度,0.0,女,遷出,合計,739
112,9,2,三重區,,,,無年齡維度,0.0,男,遷出,合計,586
112,9,2,三重區,,,,無年齡維度,0.0,女,遷出,國外,12
112,9,2,三重區,,,,無年齡維度,0.0,男,遷出,國外,18
112,9,2,三重區,,,,無年齡維度,0.0,女,遷出,新北市內,0
112,9,2,三重區,,,,無年齡維度,0.0,男,遷出,新北市內,0
112,9,2,三重區,,,,無年齡維度,0.0,女,遷出,桃園市,79
112,9,2,三重區,,,,無年齡維度,0.0,男,遷出,桃園市,62
112,9,2,三重區,,,,無年齡維度,0.0,女,遷出,福建省,15
112,9,2,三重區,,,,無年齡維度,0.0,男,遷出,福建省,5
112,9,2,三重區,,,,無年齡維度,0.0,女,遷出,臺中市,19
112,9,2,三重區,,,,無年齡維度,0.0,男,遷出,臺中市,5
112,9,2,三重區,,,,無年齡維度,0.0,女,遷出,臺北市,205
112,9,2,三重區,,,,無年齡維度,0.0,男,遷出,臺北市,186
112,9,2,三重區,,,,無年齡維度,0.0,女,遷出,臺南市,9
112,9,2,三重區,,,,無年齡維度,0.0,男,遷出,臺南市,8
112,9,2,三重區,,,,無年齡維度,0.0,女,遷出,臺灣省,74
112,9,2,三重區,,,,無年齡維度,0.0,男,遷出,臺灣省,67
112,9,2,三重區,,,,無年齡維度,0.0,女,遷出,高雄市,13
112,9,2,三重區,,,,無年齡維度,0.0,男,遷出,高雄市,8
112,9,3,中和區,,,,無年齡維度,0.0,女,遷入,migrants,467
112,9,3,中和區,,,,無年齡維度,0.0,男,遷入,migrants,401
112,9,3,中和區,,,,無年齡維度,0.0,女,遷入,other,0
112,9,3,中和區,,,,無年齡維度,0.0,男,遷入,other,0
112,9,3,中和區,,,,無年齡維度,0.0,女,遷入,其他縣市,0
112,9,3,中和區,,,,無年齡維度,0.0,男,遷入,其他縣市,0
112,9,3,中和區,,,,無年齡維度,0.0,女,遷入,其他鄉鎮,500
112,9,3,中和區,,,,無年齡維度,0.0,男,遷入,其他鄉鎮,349
112,9,3,中和區,,,,無年齡維度,0.0,女,遷入,合計,1111
112,9,3,中和區,,,,無年齡維度,0.0,男,遷入,合計,897
112,9,3,中和區,,,,無年齡維度,0.0,女,遷入,國外,178
112,9,3,中和區,,,,無年齡維度,0.0,男,遷入,國外,153
112,9,3,中和區,,,,無年齡維度,0.0,女,遷入,新北市內,0
112,9,3,中和區,,,,無年齡維度,0.0,男,遷入,新北市內,0
112,9,3,中和區,,,,無年齡維度,0.0,女,遷入,桃園市,32
112,9,3,中和區,,,,無年齡維度,0.0,男,遷入,桃園市,40
112,9,3,中和區,,,,無年齡維度,0.0,女,遷入,福建省,11
112,9,3,中和區,,,,無年齡維度,0.0,男,遷入,福建省,8
112,9,3,中和區,,,,無年齡維度,0.0,女,遷入,臺中市,33
112,9,3,中和區,,,,無年齡維度,0.0,男,遷入,臺中市,19
112,9,3,中和區,,,,無年齡維度,0.0,女,遷入,臺北市,228
112,9,3,中和區,,,,無年齡維度,0.0,男,遷入,臺北市,218
112,9,3,中和區,,,,無年齡維度,0.0,女,遷入,臺南市,16
112,9,3,中和區,,,,無年齡維度,0.0,男,遷入,臺南市,12
112,9,3,中和區,,,,無年齡維度,0.0,女,遷入,臺灣省,74
112,9,3,中和區,,,,無年齡維度,0.0,男,遷入,臺灣省,66
112,9,3,中和區,,,,無年齡維度,0.0,女,遷入,高雄市,17
112,9,3,中和區,,,,無年齡維度,0.0,男,遷入,高雄市,15
112,9,3,中和區,,,,無年齡維度,0.0,女,遷出,migrants,467
112,9,3,中和區,,,,無年齡維度,0.0,男,遷出,migrants,401
112,9,3,中和區,,,,無年齡維度,0.0,女,遷出,other,0
112,9,3,中和區,,,,無年齡維度,0.0,男,遷出,other,0
112,9,3,中和區,,,,無年齡維度,0.0,女,遷出,其他縣市,0
112,9,3,中和區,,,,無年齡維度,0.0,男,遷出,其他縣市,0
112,9,3,中和區,,,,無年齡維度,0.0,女,遷出,其他鄉鎮,513
112,9,3,中和區,,,,無年齡維度,0.0,男,遷出,其他鄉鎮,425
112,9,3,中和區,,,,無年齡維度,0.0,女,遷出,合計,883
112,9,3,中和區,,,,無年齡維度,0.0,男,遷出,合計,768
112,9,3,中和區,,,,無年齡維度,0.0,女,遷出,國外,21
112,9,3,中和區,,,,無年齡維度,0.0,男,遷出,國外,29
112,9,3,中和區,,,,無年齡維度,0.0,女,遷出,新北市內,0
112,9,3,中和區,,,,無年齡維度,0.0,男,遷出,新北市內,0
112,9,3,中和區,,,,無年齡維度,0.0,女,遷出,桃園市,65
112,9,3,中和區,,,,無年齡維度,0.0,男,遷出,桃園市,57
112,9,3,中和區,,,,無年齡維度,0.0,女,遷出,福建省,19
112,9,3,中和區,,,,無年齡維度,0.0,男,遷出,福建省,19
112,9,3,中和區,,,,無年齡維度,0.0,女,遷出,臺中市,26
112,9,3,中和區,,,,無年齡維度,0.0,男,遷出,臺中市,11
112,9,3,中和區,,,,無年齡維度,0.0,女,遷出,臺北市,136
112,9,3,中和區,,,,無年齡維度,0.0,男,遷出,臺北市,130
112,9,3,中和區,,,,無年齡維度,0.0,女,遷出,臺南市,12
112,9,3,中和區,,,,無年齡維度,0.0,男,遷出,臺南市,10
112,9,3,中和區,,,,無年齡維度,0.0,女,遷出,臺灣省,71
112,9,3,中和區,,,,無年齡維度,0.0,男,遷出,臺灣省,74
112,9,3,中和區,,,,無年齡維度,0.0,女,遷出,高雄市,19
112,9,3,中和區,,,,無年齡維度,0.0,男,遷出,高雄市,13
112,9,4,永和區,,,,無年齡維度,0.0,女,遷入,migrants,229
112,9,4,永和區,,,,無年齡維度,0.0,男,遷入,migrants,222
112,9,4,永和區,,,,無年齡維度,0.0,女,遷入,other,0
112,9,4,永和區,,,,無年齡維度,0.0,男,遷入,other,0
112,9,4,永和區,,,,無年齡維度,0.0,女,遷入,其他縣市,0
112,9,4,永和區,,,,無年齡維度,0.0,男,遷入,其他縣市,0
112,9,4,永和區,,,,無年齡維度,0.0,女,遷入,其他鄉鎮,214
112,9,4,永和區,,,,無年齡維度,0.0,男,遷入,其他鄉鎮,162
112,9,4,永和區,,,,無年齡維度,0.0,女,遷入,合計,590
112,9,4,永和區,,,,無年齡維度,0.0,男,遷入,合計,455
112,9,4,永和區,,,,無年齡維度,0.0,女,遷入,國外,141
112,9,4,永和區,,,,無年齡維度,0.0,男,遷入,國外,112
112,9,4,永和區,,,,無年齡維度,0.0,女,遷入,新北市內,0
112,9,4,永和區,,,,無年齡維度,0.0,男,遷入,新北市內,0
112,9,4,永和區,,,,無年齡維度,0.0,女,遷入,桃園市,14
112,9,4,永和區,,,,無年齡維度,0.0,男,遷入,桃園市,9
112,9,4,永和區,,,,無年齡維度,0.0,女,遷入,福建省,8
112,9,4,永和區,,,,無年齡維度,0.0,男,遷入,福建省,3
112,9,4,永和區,,,,無年齡維度,0.0,女,遷入,臺中市,13
112,9,4,永和區,,,,無年齡維度,0.0,男,遷入,臺中市,5
112,9,4,永和區,,,,無年齡維度,0.0,女,遷入,臺北市,132
112,9,4,永和區,,,,無年齡維度,0.0,男,遷入,臺北市,126
112,9,4,永和區,,,,無年齡維度,0.0,女,遷入,臺南市,1
112,9,4,永和區,,,,無年齡維度,0.0,男,遷入,臺南市,0
112,9,4,永和區,,,,無年齡維度,0.0,女,遷入,臺灣省,44
112,9,4,永和區,,,,無年齡維度,0.0,男,遷入,臺灣省,23
112,9,4,永和區,,,,無年齡維度,0.0,女,遷入,高雄市,13
112,9,4,永和區,,,,無年齡維度,0.0,男,遷入,高雄市,6
112,9,4,永和區,,,,無年齡維度,0.0,女,遷出,migrants,229
112,9,4,永和區,,,,無年齡維度,0.0,男,遷出,migrants,222
112,9,4,永和區,,,,無年齡維度,0.0,女,遷出,other,0
112,9,4,永和區,,,,無年齡維度,0.0,男,遷出,other,0
112,9,4,永和區,,,,無年齡維度,0.0,女,遷出,其他縣市,0
112,9,4,永和區,,,,無年齡維度,0.0,男,遷出,其他縣市,0
112,9,4,永和區,,,,無年齡維度,0.0,女,遷出,其他鄉鎮,354
112,9,4,永和區,,,,無年齡維度,0.0,男,遷出,其他鄉鎮,262
112,9,4,永和區,,,,無年齡維度,0.0,女,遷出,合計,573
112,9,4,永和區,,,,無年齡維度,0.0,男,遷出,合計,469
112,9,4,永和區,,,,無年齡維度,0.0,女,遷出,國外,13
112,9,4,永和區,,,,無年齡維度,0.0,男,遷出,國外,13
112,9,4,永和區,,,,無年齡維度,0.0,女,遷出,新北市內,0
112,9,4,永和區,,,,無年齡維度,0.0,男,遷出,新北市內,0
112,9,4,永和區,,,,無年齡維度,0.0,女,遷出,桃園市,39
112,9,4,永和區,,,,無年齡維度,0.0,男,遷出,桃園市,36
112,9,4,永和區,,,,無年齡維度,0.0,女,遷出,福建省,13
112,9,4,永和區,,,,無年齡維度,0.0,男,遷出,福建省,10
112,9,4,永和區,,,,無年齡維度,0.0,女,遷出,臺中市,13
112,9,4,永和區,,,,無年齡維度,0.0,男,遷出,臺中市,10
112,9,4,永和區,,,,無年齡維度,0.0,女,遷出,臺北市,93
112,9,4,永和區,,,,無年齡維度,0.0,男,遷出,臺北市,86
112,9,4,永和區,,,,無年齡維度,0.0,女,遷出,臺南市,7
112,9,4,永和區,,,,無年齡維度,0.0,男,遷出,臺南市,5
112,9,4,永和區,,,,無年齡維度,0.0,女,遷出,臺灣省,33
112,9,4,永和區,,,,無年齡維度,0.0,男,遷出,臺灣省,45
112,9,4,永和區,,,,無年齡維度,0.0,女,遷出,高雄市,8
112,9,4,永和區,,,,無年齡維度,0.0,男,遷出,高雄市,2
112,9,5,新莊區,,,,無年齡維度,0.0,女,遷入,migrants,810
112,9,5,新莊區,,,,無年齡維度,0.0,男,遷入,migrants,748
112,9,5,新莊區,,,,無年齡維度,0.0,女,遷入,other,0
112,9,5,新莊區,,,,無年齡維度,0.0,男,遷入,other,0
112,9,5,新莊區,,,,無年齡維度,0.0,女,遷入,其他縣市,0
112,9,5,新莊區,,,,無年齡維度,0.0,男,遷入,其他縣市,0
112,9,5,新莊區,,,,無年齡維度,0.0,女,遷入,其他鄉鎮,328
112,9,5,新莊區,,,,無年齡維度,0.0,男,遷入,其他鄉鎮,266
112,9,5,新莊區,,,,無年齡維度,0.0,女,遷入,合計,843
112,9,5,新莊區,,,,無年齡維度,0.0,男,遷入,合計,640
112,9,5,新莊區,,,,無年齡維度,0.0,女,遷入,國外,102
112,9,5,新莊區,,,,無年齡維度,0.0,男,遷入,國外,74
112,9,5,新莊區,,,,無年齡維度,0.0,女,遷入,新北市內,0
112,9,5,新莊區,,,,無年齡維度,0.0,男,遷入,新北市內,0
112,9,5,新莊區,,,,無年齡維度,0.0,女,遷入,桃園市,65
112,9,5,新莊區,,,,無年齡維度,0.0,男,遷入,桃園市,55
112,9,5,新莊區,,,,無年齡維度,0.0,女,遷入,福建省,2
112,9,5,新莊區,,,,無年齡維度,0.0,男,遷入,福建省,4
112,9,5,新莊區,,,,無年齡維度,0.0,女,遷入,臺中市,34
112,9,5,新莊區,,,,無年齡維度,0.0,男,遷入,臺中市,10
112,9,5,新莊區,,,,無年齡維度,0.0,女,遷入,臺北市,169
112,9,5,新莊區,,,,無年齡維度,0.0,男,遷入,臺北市,138
112,9,5,新莊區,,,,無年齡維度,0.0,女,遷入,臺南市,10
112,9,5,新莊區,,,,無年齡維度,0.0,男,遷入,臺南市,12
112,9,5,新莊區,,,,無年齡維度,0.0,女,遷入,臺灣省,102
112,9,5,新莊區,,,,無年齡維度,0.0,男,遷入,臺灣省,65
112,9,5,新莊區,,,,無年齡維度,0.0,女,遷入,高雄市,14
112,9,5,新莊區,,,,無年齡維度,0.0,男,遷入,高雄市,7
112,9,5,新莊區,,,,無年齡維度,0.0,女,遷出,migrants,810
112,9,5,新莊區,,,,無年齡維度,0.0,男,遷出,migrants,748
112,9,5,新莊區,,,,無年齡維度,0.0,女,遷出,other,0
112,9,5,新莊區,,,,無年齡維度,0.0,男,遷出,other,0
112,9,5,新莊區,,,,無年齡維度,0.0,女,遷出,其他縣市,0
112,9,5,新莊區,,,,無年齡維度,0.0,男,遷出,其他縣市,0
112,9,5,新莊區,,,,無年齡維度,0.0,女,遷出,其他鄉鎮,336
112,9,5,新莊區,,,,無年齡維度,0.0,男,遷出,其他鄉鎮,313
112,9,5,新莊區,,,,無年齡維度,0.0,女,遷出,合計,750
112,9,5,新莊區,,,,無年齡維度,0.0,男,遷出,合計,689
112,9,5,新莊區,,,,無年齡維度,0.0,女,遷出,國外,19
112,9,5,新莊區,,,,無年齡維度,0.0,男,遷出,國外,16
112,9,5,新莊區,,,,無年齡維度,0.0,女,遷出,新北市內,0
112,9,5,新莊區,,,,無年齡維度,0.0,男,遷出,新北市內,0
112,9,5,新莊區,,,,無年齡維度,0.0,女,遷出,桃園市,130
112,9,5,新莊區,,,,無年齡維度,0.0,男,遷出,桃園市,111
112,9,5,新莊區,,,,無年齡維度,0.0,女,遷出,福建省,11
112,9,5,新莊區,,,,無年齡維度,0.0,男,遷出,福建省,12
112,9,5,新莊區,,,,無年齡維度,0.0,女,遷出,臺中市,31
112,9,5,新莊區,,,,無年齡維度,0.0,男,遷出,臺中市,17
112,9,5,新莊區,,,,無年齡維度,0.0,女,遷出,臺北市,110
112,9,5,新莊區,,,,無年齡維度,0.0,男,遷出,臺北市,96
112,9,5,新莊區,,,,無年齡維度,0.0,女,遷出,臺南市,12
112,9,5,新莊區,,,,無年齡維度,0.0,男,遷出,臺南市,12
112,9,5,新莊區,,,,無年齡維度,0.0,女,遷出,臺灣省,89
112,9,5,新莊區,,,,無年齡維度,0.0,男,遷出,臺灣省,96
112,9,5,新莊區,,,,無年齡維度,0.0,女,遷出,高雄市,11
112,9,5,新莊區,,,,無年齡維度,0.0,男,遷出,高雄市,16
112,9,6,新店區,,,,無年齡維度,0.0,女,遷入,migrants,465
112,9,6,新店區,,,,無年齡維度,0.0,男,遷入,migrants,455
112,9,6,新店區,,,,無年齡維度,0.0,女,遷入,other,0
112,9,6,新店區,,,,無年齡維度,0.0,男,遷入,other,0
112,9,6,新店區,,,,無年齡維度,0.0,女,遷入,其他縣市,0
112,9,6,新店區,,,,無年齡維度,0.0,男,遷入,其他縣市,0
112,9,6,新店區,,,,無年齡維度,0.0,女,遷入,其他鄉鎮,218
112,9,6,新店區,,,,無年齡維度,0.0,男,遷入,其他鄉鎮,154
112,9,6,新店區,,,,無年齡維度,0.0,女,遷入,合計,859
112,9,6,新店區,,,,無年齡維度,0.0,男,遷入,合計,764
112,9,6,新店區,,,,無年齡維度,0.0,女,遷入,國外,172
112,9,6,新店區,,,,無年齡維度,0.0,男,遷入,國外,137
112,9,6,新店區,,,,無年齡維度,0.0,女,遷入,新北市內,0
112,9,6,新店區,,,,無年齡維度,0.0,男,遷入,新北市內,0
112,9,6,新店區,,,,無年齡維度,0.0,女,遷入,桃園市,23
112,9,6,新店區,,,,無年齡維度,0.0,男,遷入,桃園市,14
112,9,6,新店區,,,,無年齡維度,0.0,女,遷入,福建省,3
112,9,6,新店區,,,,無年齡維度,0.0,男,遷入,福建省,6
112,9,6,新店區,,,,無年齡維度,0.0,女,遷入,臺中市,17
112,9,6,新店區,,,,無年齡維度,0.0,男,遷入,臺中市,19
112,9,6,新店區,,,,無年齡維度,0.0,女,遷入,臺北市,335
112,9,6,新店區,,,,無年齡維度,0.0,男,遷入,臺北市,341
112,9,6,新店區,,,,無年齡維度,0.0,女,遷入,臺南市,4
112,9,6,新店區,,,,無年齡維度,0.0,男,遷入,臺南市,12
112,9,6,新店區,,,,無年齡維度,0.0,女,遷入,臺灣省,51
112,9,6,新店區,,,,無年齡維度,0.0,男,遷入,臺灣省,57
112,9,6,新店區,,,,無年齡維度,0.0,女,遷入,高雄市,21
112,9,6,新店區,,,,無年齡維度,0.0,男,遷入,高雄市,10
112,9,6,新店區,,,,無年齡維度,0.0,女,遷出,migrants,465
112,9,6,新店區,,,,無年齡維度,0.0,男,遷出,migrants,455
112,9,6,新店區,,,,無年齡維度,0.0,女,遷出,other,0
112,9,6,新店區,,,,無年齡維度,0.0,男,遷出,other,0
112,9,6,新店區,,,,無年齡維度,0.0,女,遷出,其他縣市,0
112,9,6,新店區,,,,無年齡維度,0.0,男,遷出,其他縣市,0
112,9,6,新店區,,,,無年齡維度,0.0,女,遷出,其他鄉鎮,176
112,9,6,新店區,,,,無年齡維度,0.0,男,遷出,其他鄉鎮,137
112,9,6,新店區,,,,無年齡維度,0.0,女,遷出,合計,580
112,9,6,新店區,,,,無年齡維度,0.0,男,遷出,合計,477
112,9,6,新店區,,,,無年齡維度,0.0,女,遷出,國外,24
112,9,6,新店區,,,,無年齡維度,0.0,男,遷出,國外,30
112,9,6,新店區,,,,無年齡維度,0.0,女,遷出,新北市內,0
112,9,6,新店區,,,,無年齡維度,0.0,男,遷出,新北市內,0
112,9,6,新店區,,,,無年齡維度,0.0,女,遷出,桃園市,34
112,9,6,新店區,,,,無年齡維度,0.0,男,遷出,桃園市,42
112,9,6,新店區,,,,無年齡維度,0.0,女,遷出,福建省,8
112,9,6,新店區,,,,無年齡維度,0.0,男,遷出,福建省,4
112,9,6,新店區,,,,無年齡維度,0.0,女,遷出,臺中市,21
112,9,6,新店區,,,,無年齡維度,0.0,男,遷出,臺中市,6
112,9,6,新店區,,,,無年齡維度,0.0,女,遷出,臺北市,236
112,9,6,新店區,,,,無年齡維度,0.0,男,遷出,臺北市,166
112,9,6,新店區,,,,無年齡維度,0.0,女,遷出,臺南市,10
112,9,6,新店區,,,,無年齡維度,0.0,男,遷出,臺南市,11
112,9,6,新店區,,,,無年齡維度,0.0,女,遷出,臺灣省,55
112,9,6,新店區,,,,無年齡維度,0.0,男,遷出,臺灣省,68
112,9,6,新店區,,,,無年齡維度,0.0,女,遷出,高雄市,16
112,9,6,新店區,,,,無年齡維度,0.0,男,遷出,高雄市,12
112,9,7,土城區,,,,無年齡維度,0.0,女,遷入,migrants,203
112,9,7,土城區,,,,無年齡維度,0.0,男,遷入,migrants,170
112,9,7,土城區,,,,無年齡維度,0.0,女,遷入,other,0
112,9,7,土城區,,,,無年齡維度,0.0,男,遷入,other,0
112,9,7,土城區,,,,無年齡維度,0.0,女,遷入,其他縣市,0
112,9,7,土城區,,,,無年齡維度,0.0,男,遷入,其他縣市,0
112,9,7,土城區,,,,無年齡維度,0.0,女,遷入,其他鄉鎮,218
112,9,7,土城區,,,,無年齡維度,0.0,男,遷入,其他鄉鎮,176
112,9,7,土城區,,,,無年齡維度,0.0,女,遷入,合計,404
112,9,7,土城區,,,,無年齡維度,0.0,男,遷入,合計,320
112,9,7,土城區,,,,無年齡維度,0.0,女,遷入,國外,39
112,9,7,土城區,,,,無年齡維度,0.0,男,遷入,國外,37
112,9,7,土城區,,,,無年齡維度,0.0,女,遷入,新北市內,0
112,9,7,土城區,,,,無年齡維度,0.0,男,遷入,新北市內,0
112,9,7,土城區,,,,無年齡維度,0.0,女,遷入,桃園市,39
112,9,7,土城區,,,,無年齡維度,0.0,男,遷入,桃園市,26
112,9,7,土城區,,,,無年齡維度,0.0,女,遷入,福建省,3
112,9,7,土城區,,,,無年齡維度,0.0,男,遷入,福建省,1
112,9,7,土城區,,,,無年齡維度,0.0,女,遷入,臺中市,10
112,9,7,土城區,,,,無年齡維度,0.0,男,遷入,臺中市,6
112,9,7,土城區,,,,無年齡維度,0.0,女,遷入,臺北市,46
112,9,7,土城區,,,,無年齡維度,0.0,男,遷入,臺北市,32
112,9,7,土城區,,,,無年齡維度,0.0,女,遷入,臺南市,8
112,9,7,土城區,,,,無年齡維度,0.0,男,遷入,臺南市,4
112,9,7,土城區,,,,無年齡維度,0.0,女,遷入,臺灣省,24
112,9,7,土城區,,,,無年齡維度,0.0,男,遷入,臺灣省,28
112,9,7,土城區,,,,無年齡維度,0.0,女,遷入,高雄市,7
112,9,7,土城區,,,,無年齡維度,0.0,男,遷入,高雄市,2
112,9,7,土城區,,,,無年齡維度,0.0,女,遷出,migrants,203
112,9,7,土城區,,,,無年齡維度,0.0,男,遷出,migrants,170
112,9,7,土城區,,,,無年齡維度,0.0,女,遷出,other,0
112,9,7,土城區,,,,無年齡維度,0.0,男,遷出,other,0
112,9,7,土城區,,,,無年齡維度,0.0,女,遷出,其他縣市,0
112,9,7,土城區,,,,無年齡維度,0.0,男,遷出,其他縣市,0
112,9,7,土城區,,,,無年齡維度,0.0,女,遷出,其他鄉鎮,156
112,9,7,土城區,,,,無年齡維度,0.0,男,遷出,其他鄉鎮,169
112,9,7,土城區,,,,無年齡維度,0.0,女,遷出,合計,307
112,9,7,土城區,,,,無年齡維度,0.0,男,遷出,合計,301
112,9,7,土城區,,,,無年齡維度,0.0,女,遷出,國外,5
112,9,7,土城區,,,,無年齡維度,0.0,男,遷出,國外,7
112,9,7,土城區,,,,無年齡維度,0.0,女,遷出,新北市內,0
112,9,7,土城區,,,,無年齡維度,0.0,男,遷出,新北市內,0
112,9,7,土城區,,,,無年齡維度,0.0,女,遷出,桃園市,66
112,9,7,土城區,,,,無年齡維度,0.0,男,遷出,桃園市,48
112,9,7,土城區,,,,無年齡維度,0.0,女,遷出,福建省,8
112,9,7,土城區,,,,無年齡維度,0.0,男,遷出,福建省,8
112,9,7,土城區,,,,無年齡維度,0.0,女,遷出,臺中市,11
112,9,7,土城區,,,,無年齡維度,0.0,男,遷出,臺中市,5
112,9,7,土城區,,,,無年齡維度,0.0,女,遷出,臺北市,23
112,9,7,土城區,,,,無年齡維度,0.0,男,遷出,臺北市,24
112,9,7,土城區,,,,無年齡維度,0.0,女,遷出,臺南市,6
112,9,7,土城區,,,,無年齡維度,0.0,男,遷出,臺南市,5
112,9,7,土城區,,,,無年齡維度,0.0,女,遷出,臺灣省,27
112,9,7,土城區,,,,無年齡維度,0.0,男,遷出,臺灣省,31
112,9,7,土城區,,,,無年齡維度,0.0,女,遷出,高雄市,5
112,9,7,土城區,,,,無年齡維度,0.0,男,遷出,高雄市,4
112,9,8,蘆洲區,,,,無年齡維度,0.0,女,遷入,migrants,165
112,9,8,蘆洲區,,,,無年齡維度,0.0,男,遷入,migrants,142
112,9,8,蘆洲區,,,,無年齡維度,0.0,女,遷入,other,0
112,9,8,蘆洲區,,,,無年齡維度,0.0,男,遷入,other,0
112,9,8,蘆洲區,,,,無年齡維度,0.0,女,遷入,其他縣市,0
112,9,8,蘆洲區,,,,無年齡維度,0.0,男,遷入,其他縣市,0
112,9,8,蘆洲區,,,,無年齡維度,0.0,女,遷入,其他鄉鎮,81
112,9,8,蘆洲區,,,,無年齡維度,0.0,男,遷入,其他鄉鎮,105
112,9,8,蘆洲區,,,,無年齡維度,0.0,女,遷入,合計,173
112,9,8,蘆洲區,,,,無年齡維度,0.0,男,遷入,合計,186
112,9,8,蘆洲區,,,,無年齡維度,0.0,女,遷入,國外,11
112,9,8,蘆洲區,,,,無年齡維度,0.0,男,遷入,國外,6
112,9,8,蘆洲區,,,,無年齡維度,0.0,女,遷入,新北市內,0
112,9,8,蘆洲區,,,,無年齡維度,0.0,男,遷入,新北市內,0
112,9,8,蘆洲區,,,,無年齡維度,0.0,女,遷入,桃園市,40
112,9,8,蘆洲區,,,,無年齡維度,0.0,男,遷入,桃園市,33
112,9,8,蘆洲區,,,,無年齡維度,0.0,女,遷入,福建省,0
112,9,8,蘆洲區,,,,無年齡維度,0.0,男,遷入,福建省,2
112,9,8,蘆洲區,,,,無年齡維度,0.0,女,遷入,臺中市,3
112,9,8,蘆洲區,,,,無年齡維度,0.0,男,遷入,臺中市,3
112,9,8,蘆洲區,,,,無年齡維度,0.0,女,遷入,臺北市,11
112,9,8,蘆洲區,,,,無年齡維度,0.0,男,遷入,臺北市,15
112,9,8,蘆洲區,,,,無年齡維度,0.0,女,遷入,臺南市,0
112,9,8,蘆洲區,,,,無年齡維度,0.0,男,遷入,臺南市,2
112,9,8,蘆洲區,,,,無年齡維度,0.0,女,遷入,臺灣省,22
112,9,8,蘆洲區,,,,無年齡維度,0.0,男,遷入,臺灣省,15
112,9,8,蘆洲區,,,,無年齡維度,0.0,女,遷入,高雄市,3
112,9,8,蘆洲區,,,,無年齡維度,0.0,男,遷入,高雄市,4
112,9,8,蘆洲區,,,,無年齡維度,0.0,女,遷出,migrants,165
112,9,8,蘆洲區,,,,無年齡維度,0.0,男,遷出,migrants,142
112,9,8,蘆洲區,,,,無年齡維度,0.0,女,遷出,other,0
112,9,8,蘆洲區,,,,無年齡維度,0.0,男,遷出,other,0
112,9,8,蘆洲區,,,,無年齡維度,0.0,女,遷出,其他縣市,0
112,9,8,蘆洲區,,,,無年齡維度,0.0,男,遷出,其他縣市,0
112,9,8,蘆洲區,,,,無年齡維度,0.0,女,遷出,其他鄉鎮,49
112,9,8,蘆洲區,,,,無年齡維度,0.0,男,遷出,其他鄉鎮,28
112,9,8,蘆洲區,,,,無年齡維度,0.0,女,遷出,合計,168
112,9,8,蘆洲區,,,,無年齡維度,0.0,男,遷出,合計,121
112,9,8,蘆洲區,,,,無年齡維度,0.0,女,遷出,國外,3
112,9,8,蘆洲區,,,,無年齡維度,0.0,男,遷出,國外,3
112,9,8,蘆洲區,,,,無年齡維度,0.0,女,遷出,新北市內,0
112,9,8,蘆洲區,,,,無年齡維度,0.0,男,遷出,新北市內,0
112,9,8,蘆洲區,,,,無年齡維度,0.0,女,遷出,桃園市,80
112,9,8,蘆洲區,,,,無年齡維度,0.0,男,遷出,桃園市,70
112,9,8,蘆洲區,,,,無年齡維度,0.0,女,遷出,福建省,2
112,9,8,蘆洲區,,,,無年齡維度,0.0,男,遷出,福建省,1
112,9,8,蘆洲區,,,,無年齡維度,0.0,女,遷出,臺中市,2
112,9,8,蘆洲區,,,,無年齡維度,0.0,男,遷出,臺中市,1
112,9,8,蘆洲區,,,,無年齡維度,0.0,女,遷出,臺北市,7
112,9,8,蘆洲區,,,,無年齡維度,0.0,男,遷出,臺北市,9
112,9,8,蘆洲區,,,,無年齡維度,0.0,女,遷出,臺南市,3
112,9,8,蘆洲區,,,,無年齡維度,0.0,男,遷出,臺南市,2
112,9,8,蘆洲區,,,,無年齡維度,0.0,女,遷出,臺灣省,19
112,9,8,蘆洲區,,,,無年齡維度,0.0,男,遷出,臺灣省,6
112,9,8,蘆洲區,,,,無年齡維度,0.0,女,遷出,高雄市,3
112,9,8,蘆洲區,,,,無年齡維度,0.0,男,遷出,高雄市,1
112,9,9,樹林區,,,,無年齡維度,0.0,女,遷入,migrants,166
112,9,9,樹林區,,,,無年齡維度,0.0,男,遷入,migrants,163
112,9,9,樹林區,,,,無年齡維度,0.0,女,遷入,other,0
112,9,9,樹林區,,,,無年齡維度,0.0,男,遷入,other,0
112,9,9,樹林區,,,,無年齡維度,0.0,女,遷入,其他縣市,0
112,9,9,樹林區,,,,無年齡維度,0.0,男,遷入,其他縣市,0
112,9,9,樹林區,,,,無年齡維度,0.0,女,遷入,其他鄉鎮,80
112,9,9,樹林區,,,,無年齡維度,0.0,男,遷入,其他鄉鎮,91
112,9,9,樹林區,,,,無年齡維度,0.0,女,遷入,合計,184
112,9,9,樹林區,,,,無年齡維度,0.0,男,遷入,合計,172
112,9,9,樹林區,,,,無年齡維度,0.0,女,遷入,國外,24
112,9,9,樹林區,,,,無年齡維度,0.0,男,遷入,國外,16
112,9,9,樹林區,,,,無年齡維度,0.0,女,遷入,新北市內,0
112,9,9,樹林區,,,,無年齡維度,0.0,男,遷入,新北市內,0
112,9,9,樹林區,,,,無年齡維度,0.0,女,遷入,桃園市,19
112,9,9,樹林區,,,,無年齡維度,0.0,男,遷入,桃園市,12
112,9,9,樹林區,,,,無年齡維度,0.0,女,遷入,福建省,2
112,9,9,樹林區,,,,無年齡維度,0.0,男,遷入,福建省,0
112,9,9,樹林區,,,,無年齡維度,0.0,女,遷入,臺中市,10
112,9,9,樹林區,,,,無年齡維度,0.0,男,遷入,臺中市,3
112,9,9,樹林區,,,,無年齡維度,0.0,女,遷入,臺北市,20
112,9,9,樹林區,,,,無年齡維度,0.0,男,遷入,臺北市,21
112,9,9,樹林區,,,,無年齡維度,0.0,女,遷入,臺南市,3
112,9,9,樹林區,,,,無年齡維度,0.0,男,遷入,臺南市,2
112,9,9,樹林區,,,,無年齡維度,0.0,女,遷入,臺灣省,13
112,9,9,樹林區,,,,無年齡維度,0.0,男,遷入,臺灣省,16
112,9,9,樹林區,,,,無年齡維度,0.0,女,遷入,高雄市,6
112,9,9,樹林區,,,,無年齡維度,0.0,男,遷入,高雄市,6
112,9,9,樹林區,,,,無年齡維度,0.0,女,遷出,migrants,166
112,9,9,樹林區,,,,無年齡維度,0.0,男,遷出,migrants,163
112,9,9,樹林區,,,,無年齡維度,0.0,女,遷出,other,0
112,9,9,樹林區,,,,無年齡維度,0.0,男,遷出,other,0
112,9,9,樹林區,,,,無年齡維度,0.0,女,遷出,其他縣市,0
112,9,9,樹林區,,,,無年齡維度,0.0,男,遷出,其他縣市,0
112,9,9,樹林區,,,,無年齡維度,0.0,女,遷出,其他鄉鎮,105
112,9,9,樹林區,,,,無年齡維度,0.0,男,遷出,其他鄉鎮,90
112,9,9,樹林區,,,,無年齡維度,0.0,女,遷出,合計,193
112,9,9,樹林區,,,,無年齡維度,0.0,男,遷出,合計,180
112,9,9,樹林區,,,,無年齡維度,0.0,女,遷出,國外,2
112,9,9,樹林區,,,,無年齡維度,0.0,男,遷出,國外,4
112,9,9,樹林區,,,,無年齡維度,0.0,女,遷出,新北市內,0
112,9,9,樹林區,,,,無年齡維度,0.0,男,遷出,新北市內,0
112,9,9,樹林區,,,,無年齡維度,0.0,女,遷出,桃園市,32
112,9,9,樹林區,,,,無年齡維度,0.0,男,遷出,桃園市,32
112,9,9,樹林區,,,,無年齡維度,0.0,女,遷出,福建省,5
112,9,9,樹林區,,,,無年齡維度,0.0,男,遷出,福建省,5
112,9,9,樹林區,,,,無年齡維度,0.0,女,遷出,臺中市,5
112,9,9,樹林區,,,,無年齡維度,0.0,男,遷出,臺中市,7
112,9,9,樹林區,,,,無年齡維度,0.0,女,遷出,臺北市,22
112,9,9,樹林區,,,,無年齡維度,0.0,男,遷出,臺北市,13
112,9,9,樹林區,,,,無年齡維度,0.0,女,遷出,臺南市,2
112,9,9,樹林區,,,,無年齡維度,0.0,男,遷出,臺南市,5
112,9,9,樹林區,,,,無年齡維度,0.0,女,遷出,臺灣省,18
112,9,9,樹林區,,,,無年齡維度,0.0,男,遷出,臺灣省,20
112,9,9,樹林區,,,,無年齡維度,0.0,女,遷出,高雄市,2
112,9,9,樹林區,,,,無年齡維度,0.0,男,遷出,高雄市,4
112,9,10,鶯歌區,,,,無年齡維度,0.0,女,遷入,migrants,713
112,9,10,鶯歌區,,,,無年齡維度,0.0,男,遷入,migrants,578
112,9,10,鶯歌區,,,,無年齡維度,0.0,女,遷入,other,0
112,9,10,鶯歌區,,,,無年齡維度,0.0,男,遷入,other,0
112,9,10,鶯歌區,,,,無年齡維度,0.0,女,遷入,其他縣市,0
112,9,10,鶯歌區,,,,無年齡維度,0.0,男,遷入,其他縣市,0
112,9,10,鶯歌區,,,,無年齡維度,0.0,女,遷入,其他鄉鎮,166
112,9,10,鶯歌區,,,,無年齡維度,0.0,男,遷入,其他鄉鎮,141
112,9,10,鶯歌區,,,,無年齡維度,0.0,女,遷入,合計,647
112,9,10,鶯歌區,,,,無年齡維度,0.0,男,遷入,合計,566
112,9,10,鶯歌區,,,,無年齡維度,0.0,女,遷入,國外,111
112,9,10,鶯歌區,,,,無年齡維度,0.0,男,遷入,國外,72
112,9,10,鶯歌區,,,,無年齡維度,0.0,女,遷入,新北市內,0
112,9,10,鶯歌區,,,,無年齡維度,0.0,男,遷入,新北市內,0
112,9,10,鶯歌區,,,,無年齡維度,0.0,女,遷入,桃園市,19
112,9,10,鶯歌區,,,,無年齡維度,0.0,男,遷入,桃園市,19
112,9,10,鶯歌區,,,,無年齡維度,0.0,女,遷入,福建省,4
112,9,10,鶯歌區,,,,無年齡維度,0.0,男,遷入,福建省,1
112,9,10,鶯歌區,,,,無年齡維度,0.0,女,遷入,臺中市,21
112,9,10,鶯歌區,,,,無年齡維度,0.0,男,遷入,臺中市,18
112,9,10,鶯歌區,,,,無年齡維度,0.0,女,遷入,臺北市,236
112,9,10,鶯歌區,,,,無年齡維度,0.0,男,遷入,臺北市,240
112,9,10,鶯歌區,,,,無年齡維度,0.0,女,遷入,臺南市,11
112,9,10,鶯歌區,,,,無年齡維度,0.0,男,遷入,臺南市,8
112,9,10,鶯歌區,,,,無年齡維度,0.0,女,遷入,臺灣省,57
112,9,10,鶯歌區,,,,無年齡維度,0.0,男,遷入,臺灣省,44
112,9,10,鶯歌區,,,,無年齡維度,0.0,女,遷入,高雄市,5
112,9,10,鶯歌區,,,,無年齡維度,0.0,男,遷入,高雄市,13
112,9,10,鶯歌區,,,,無年齡維度,0.0,女,遷出,migrants,713
112,9,10,鶯歌區,,,,無年齡維度,0.0,男,遷出,migrants,578
112,9,10,鶯歌區,,,,無年齡維度,0.0,女,遷出,other,0
112,9,10,鶯歌區,,,,無年齡維度,0.0,男,遷出,other,0
112,9,10,鶯歌區,,,,無年齡維度,0.0,女,遷出,其他縣市,0
112,9,10,鶯歌區,,,,無年齡維度,0.0,男,遷出,其他縣市,0
112,9,10,鶯歌區,,,,無年齡維度,0.0,女,遷出,其他鄉鎮,100
112,9,10,鶯歌區,,,,無年齡維度,0.0,男,遷出,其他鄉鎮,77
112,9,10,鶯歌區,,,,無年齡維度,0.0,女,遷出,合計,351
112,9,10,鶯歌區,,,,無年齡維度,0.0,男,遷出,合計,283
112,9,10,鶯歌區,,,,無年齡維度,0.0,女,遷出,國外,28
112,9,10,鶯歌區,,,,無年齡維度,0.0,男,遷出,國外,19
112,9,10,鶯歌區,,,,無年齡維度,0.0,女,遷出,新北市內,0
112,9,10,鶯歌區,,,,無年齡維度,0.0,男,遷出,新北市內,0
112,9,10,鶯歌區,,,,無年齡維度,0.0,女,遷出,桃園市,19
112,9,10,鶯歌區,,,,無年齡維度,0.0,男,遷出,桃園市,19
112,9,10,鶯歌區,,,,無年齡維度,0.0,女,遷出,福建省,7
112,9,10,鶯歌區,,,,無年齡維度,0.0,男,遷出,福建省,7
112,9,10,鶯歌區,,,,無年齡維度,0.0,女,遷出,臺中市,16
112,9,10,鶯歌區,,,,無年齡維度,0.0,男,遷出,臺中市,10
112,9,10,鶯歌區,,,,無年齡維度,0.0,女,遷出,臺北市,133
112,9,10,鶯歌區,,,,無年齡維度,0.0,男,遷出,臺北市,114
112,9,10,鶯歌區,,,,無年齡維度,0.0,女,遷出,臺南市,4
112,9,10,鶯歌區,,,,無年齡維度,0.0,男,遷出,臺南市,10
112,9,10,鶯歌區,,,,無年齡維度,0.0,女,遷出,臺灣省,35
112,9,10,鶯歌區,,,,無年齡維度,0.0,男,遷出,臺灣省,20
112,9,10,鶯歌區,,,,無年齡維度,0.0,女,遷出,高雄市,9
112,9,10,鶯歌區,,,,無年齡維度,0.0,男,遷出,高雄市,6
112,9,11,三峽區,,,,無年齡維度,0.0,女,遷入,migrants,300
112,9,11,三峽區,,,,無年齡維度,0.0,男,遷入,migrants,309
112,9,11,三峽區,,,,無年齡維度,0.0,女,遷入,other,0
112,9,11,三峽區,,,,無年齡維度,0.0,男,遷入,other,0
112,9,11,三峽區,,,,無年齡維度,0.0,女,遷入,其他縣市,0
112,9,11,三峽區,,,,無年齡維度,0.0,男,遷入,其他縣市,0
112,9,11,三峽區,,,,無年齡維度,0.0,女,遷入,其他鄉鎮,88
112,9,11,三峽區,,,,無年齡維度,0.0,男,遷入,其他鄉鎮,64
112,9,11,三峽區,,,,無年齡維度,0.0,女,遷入,合計,617
112,9,11,三峽區,,,,無年齡維度,0.0,男,遷入,合計,490
112,9,11,三峽區,,,,無年齡維度,0.0,女,遷入,國外,79
112,9,11,三峽區,,,,無年齡維度,0.0,男,遷入,國外,58
112,9,11,三峽區,,,,無年齡維度,0.0,女,遷入,新北市內,0
112,9,11,三峽區,,,,無年齡維度,0.0,男,遷入,新北市內,0
112,9,11,三峽區,,,,無年齡維度,0.0,女,遷入,桃園市,25
112,9,11,三峽區,,,,無年齡維度,0.0,男,遷入,桃園市,27
112,9,11,三峽區,,,,無年齡維度,0.0,女,遷入,福建省,1
112,9,11,三峽區,,,,無年齡維度,0.0,男,遷入,福建省,1
112,9,11,三峽區,,,,無年齡維度,0.0,女,遷入,臺中市,13
112,9,11,三峽區,,,,無年齡維度,0.0,男,遷入,臺中市,10
112,9,11,三峽區,,,,無年齡維度,0.0,女,遷入,臺北市,301
112,9,11,三峽區,,,,無年齡維度,0.0,男,遷入,臺北市,254
112,9,11,三峽區,,,,無年齡維度,0.0,女,遷入,臺南市,14
112,9,11,三峽區,,,,無年齡維度,0.0,男,遷入,臺南市,5
112,9,11,三峽區,,,,無年齡維度,0.0,女,遷入,臺灣省,78
112,9,11,三峽區,,,,無年齡維度,0.0,男,遷入,臺灣省,53
112,9,11,三峽區,,,,無年齡維度,0.0,女,遷入,高雄市,10
112,9,11,三峽區,,,,無年齡維度,0.0,男,遷入,高雄市,11
112,9,11,三峽區,,,,無年齡維度,0.0,女,遷出,migrants,300
112,9,11,三峽區,,,,無年齡維度,0.0,男,遷出,migrants,309
112,9,11,三峽區,,,,無年齡維度,0.0,女,遷出,other,0
112,9,11,三峽區,,,,無年齡維度,0.0,男,遷出,other,0
112,9,11,三峽區,,,,無年齡維度,0.0,女,遷出,其他縣市,0
112,9,11,三峽區,,,,無年齡維度,0.0,男,遷出,其他縣市,0
112,9,11,三峽區,,,,無年齡維度,0.0,女,遷出,其他鄉鎮,94
112,9,11,三峽區,,,,無年齡維度,0.0,男,遷出,其他鄉鎮,69
112,9,11,三峽區,,,,無年齡維度,0.0,女,遷出,合計,451
112,9,11,三峽區,,,,無年齡維度,0.0,男,遷出,合計,377
112,9,11,三峽區,,,,無年齡維度,0.0,女,遷出,國外,10
112,9,11,三峽區,,,,無年齡維度,0.0,男,遷出,國外,17
112,9,11,三峽區,,,,無年齡維度,0.0,女,遷出,新北市內,0
112,9,11,三峽區,,,,無年齡維度,0.0,男,遷出,新北市內,0
112,9,11,三峽區,,,,無年齡維度,0.0,女,遷出,桃園市,30
112,9,11,三峽區,,,,無年齡維度,0.0,男,遷出,桃園市,36
112,9,11,三峽區,,,,無年齡維度,0.0,女,遷出,福建省,5
112,9,11,三峽區,,,,無年齡維度,0.0,男,遷出,福建省,6
112,9,11,三峽區,,,,無年齡維度,0.0,女,遷出,臺中市,11
112,9,11,三峽區,,,,無年齡維度,0.0,男,遷出,臺中市,11
112,9,11,三峽區,,,,無年齡維度,0.0,女,遷出,臺北市,200
112,9,11,三峽區,,,,無年齡維度,0.0,男,遷出,臺北市,145
112,9,11,三峽區,,,,無年齡維度,0.0,女,遷出,臺南市,7
112,9,11,三峽區,,,,無年齡維度,0.0,男,遷出,臺南市,7
112,9,11,三峽區,,,,無年齡維度,0.0,女,遷出,臺灣省,86
112,9,11,三峽區,,,,無年齡維度,0.0,男,遷出,臺灣省,77
112,9,11,三峽區,,,,無年齡維度,0.0,女,遷出,高雄市,8
112,9,11,三峽區,,,,無年齡維度,0.0,男,遷出,高雄市,8
112,9,12,淡水區,,,,無年齡維度,0.0,女,遷入,migrants,44
112,9,12,淡水區,,,,無年齡維度,0.0,男,遷入,migrants,22
112,9,12,淡水區,,,,無年齡維度,0.0,女,遷入,other,0
112,9,12,淡水區,,,,無年齡維度,0.0,男,遷入,other,0
112,9,12,淡水區,,,,無年齡維度,0.0,女,遷入,其他縣市,0
112,9,12,淡水區,,,,無年齡維度,0.0,男,遷入,其他縣市,0
112,9,12,淡水區,,,,無年齡維度,0.0,女,遷入,其他鄉鎮,9
112,9,12,淡水區,,,,無年齡維度,0.0,男,遷入,其他鄉鎮,17
112,9,12,淡水區,,,,無年齡維度,0.0,女,遷入,合計,40
112,9,12,淡水區,,,,無年齡維度,0.0,男,遷入,合計,48
112,9,12,淡水區,,,,無年齡維度,0.0,女,遷入,國外,2
112,9,12,淡水區,,,,無年齡維度,0.0,男,遷入,國外,4
112,9,12,淡水區,,,,無年齡維度,0.0,女,遷入,新北市內,0
112,9,12,淡水區,,,,無年齡維度,0.0,男,遷入,新北市內,0
112,9,12,淡水區,,,,無年齡維度,0.0,女,遷入,桃園市,5
112,9,12,淡水區,,,,無年齡維度,0.0,男,遷入,桃園市,3
112,9,12,淡水區,,,,無年齡維度,0.0,女,遷入,福建省,0
112,9,12,淡水區,,,,無年齡維度,0.0,男,遷入,福建省,0
112,9,12,淡水區,,,,無年齡維度,0.0,女,遷入,臺中市,0
112,9,12,淡水區,,,,無年齡維度,0.0,男,遷入,臺中市,1
112,9,12,淡水區,,,,無年齡維度,0.0,女,遷入,臺北市,7
112,9,12,淡水區,,,,無年齡維度,0.0,男,遷入,臺北市,6
112,9,12,淡水區,,,,無年齡維度,0.0,女,遷入,臺南市,1
112,9,12,淡水區,,,,無年齡維度,0.0,男,遷入,臺南市,1
112,9,12,淡水區,,,,無年齡維度,0.0,女,遷入,臺灣省,16
112,9,12,淡水區,,,,無年齡維度,0.0,男,遷入,臺灣省,14
112,9,12,淡水區,,,,無年齡維度,0.0,女,遷入,高雄市,0
112,9,12,淡水區,,,,無年齡維度,0.0,男,遷入,高雄市,0
112,9,12,淡水區,,,,無年齡維度,0.0,女,遷出,migrants,44
112,9,12,淡水區,,,,無年齡維度,0.0,男,遷出,migrants,22
112,9,12,淡水區,,,,無年齡維度,0.0,女,遷出,other,0
112,9,12,淡水區,,,,無年齡維度,0.0,男,遷出,other,0
112,9,12,淡水區,,,,無年齡維度,0.0,女,遷出,其他縣市,0
112,9,12,淡水區,,,,無年齡維度,0.0,男,遷出,其他縣市,0
112,9,12,淡水區,,,,無年齡維度,0.0,女,遷出,其他鄉鎮,15
112,9,12,淡水區,,,,無年齡維度,0.0,男,遷出,其他鄉鎮,13
112,9,12,淡水區,,,,無年齡維度,0.0,女,遷出,合計,74
112,9,12,淡水區,,,,無年齡維度,0.0,男,遷出,合計,60
112,9,12,淡水區,,,,無年齡維度,0.0,女,遷出,國外,2
112,9,12,淡水區,,,,無年齡維度,0.0,男,遷出,國外,3
112,9,12,淡水區,,,,無年齡維度,0.0,女,遷出,新北市內,0
112,9,12,淡水區,,,,無年齡維度,0.0,男,遷出,新北市內,0
112,9,12,淡水區,,,,無年齡維度,0.0,女,遷出,桃園市,4
112,9,12,淡水區,,,,無年齡維度,0.0,男,遷出,桃園市,4
112,9,12,淡水區,,,,無年齡維度,0.0,女,遷出,福建省,1
112,9,12,淡水區,,,,無年齡維度,0.0,男,遷出,福建省,1
112,9,12,淡水區,,,,無年齡維度,0.0,女,遷出,臺中市,0
112,9,12,淡水區,,,,無年齡維度,0.0,男,遷出,臺中市,2
112,9,12,淡水區,,,,無年齡維度,0.0,女,遷出,臺北市,16
112,9,12,淡水區,,,,無年齡維度,0.0,男,遷出,臺北市,8
112,9,12,淡水區,,,,無年齡維度,0.0,女,遷出,臺南市,0
112,9,12,淡水區,,,,無年齡維度,0.0,男,遷出,臺南市,0
112,9,12,淡水區,,,,無年齡維度,0.0,女,遷出,臺灣省,33
112,9,12,淡水區,,,,無年齡維度,0.0,男,遷出,臺灣省,28
112,9,12,淡水區,,,,無年齡維度,0.0,女,遷出,高雄市,3
112,9,12,淡水區,,,,無年齡維度,0.0,男,遷出,高雄市,1
112,9,13,汐止區,,,,無年齡維度,0.0,女,遷入,migrants,352
112,9,13,汐止區,,,,無年齡維度,0.0,男,遷入,migrants,328
112,9,13,汐止區,,,,無年齡維度,0.0,女,遷入,other,0
112,9,13,汐止區,,,,無年齡維度,0.0,男,遷入,other,0
112,9,13,汐止區,,,,無年齡維度,0.0,女,遷入,其他縣市,0
112,9,13,汐止區,,,,無年齡維度,0.0,男,遷入,其他縣市,0
112,9,13,汐止區,,,,無年齡維度,0.0,女,遷入,其他鄉鎮,270
112,9,13,汐止區,,,,無年齡維度,0.0,男,遷入,其他鄉鎮,241
112,9,13,汐止區,,,,無年齡維度,0.0,女,遷入,合計,531
112,9,13,汐止區,,,,無年齡維度,0.0,男,遷入,合計,478
112,9,13,汐止區,,,,無年齡維度,0.0,女,遷入,國外,56
112,9,13,汐止區,,,,無年齡維度,0.0,男,遷入,國外,50
112,9,13,汐止區,,,,無年齡維度,0.0,女,遷入,新北市內,0
112,9,13,汐止區,,,,無年齡維度,0.0,男,遷入,新北市內,0
112,9,13,汐止區,,,,無年齡維度,0.0,女,遷入,桃園市,25
112,9,13,汐止區,,,,無年齡維度,0.0,男,遷入,桃園市,25
112,9,13,汐止區,,,,無年齡維度,0.0,女,遷入,福建省,5
112,9,13,汐止區,,,,無年齡維度,0.0,男,遷入,福建省,7
112,9,13,汐止區,,,,無年齡維度,0.0,女,遷入,臺中市,9
112,9,13,汐止區,,,,無年齡維度,0.0,男,遷入,臺中市,7
112,9,13,汐止區,,,,無年齡維度,0.0,女,遷入,臺北市,82
112,9,13,汐止區,,,,無年齡維度,0.0,男,遷入,臺北市,89
112,9,13,汐止區,,,,無年齡維度,0.0,女,遷入,臺南市,9
112,9,13,汐止區,,,,無年齡維度,0.0,男,遷入,臺南市,8
112,9,13,汐止區,,,,無年齡維度,0.0,女,遷入,臺灣省,49
112,9,13,汐止區,,,,無年齡維度,0.0,男,遷入,臺灣省,40
112,9,13,汐止區,,,,無年齡維度,0.0,女,遷入,高雄市,14
112,9,13,汐止區,,,,無年齡維度,0.0,男,遷入,高雄市,6
112,9,13,汐止區,,,,無年齡維度,0.0,女,遷出,migrants,352
112,9,13,汐止區,,,,無年齡維度,0.0,男,遷出,migrants,328
112,9,13,汐止區,,,,無年齡維度,0.0,女,遷出,other,0
112,9,13,汐止區,,,,無年齡維度,0.0,男,遷出,other,0
112,9,13,汐止區,,,,無年齡維度,0.0,女,遷出,其他縣市,0
112,9,13,汐止區,,,,無年齡維度,0.0,男,遷出,其他縣市,0
112,9,13,汐止區,,,,無年齡維度,0.0,女,遷出,其他鄉鎮,241
112,9,13,汐止區,,,,無年齡維度,0.0,男,遷出,其他鄉鎮,184
112,9,13,汐止區,,,,無年齡維度,0.0,女,遷出,合計,438
112,9,13,汐止區,,,,無年齡維度,0.0,男,遷出,合計,349
112,9,13,汐止區,,,,無年齡維度,0.0,女,遷出,國外,11
112,9,13,汐止區,,,,無年齡維度,0.0,男,遷出,國外,7
112,9,13,汐止區,,,,無年齡維度,0.0,女,遷出,新北市內,0
112,9,13,汐止區,,,,無年齡維度,0.0,男,遷出,新北市內,0
112,9,13,汐止區,,,,無年齡維度,0.0,女,遷出,桃園市,58
112,9,13,汐止區,,,,無年齡維度,0.0,男,遷出,桃園市,36
112,9,13,汐止區,,,,無年齡維度,0.0,女,遷出,福建省,6
112,9,13,汐止區,,,,無年齡維度,0.0,男,遷出,福建省,8
112,9,13,汐止區,,,,無年齡維度,0.0,女,遷出,臺中市,13
112,9,13,汐止區,,,,無年齡維度,0.0,男,遷出,臺中市,20
112,9,13,汐止區,,,,無年齡維度,0.0,女,遷出,臺北市,50
112,9,13,汐止區,,,,無年齡維度,0.0,男,遷出,臺北市,40
112,9,13,汐止區,,,,無年齡維度,0.0,女,遷出,臺南市,4
112,9,13,汐止區,,,,無年齡維度,0.0,男,遷出,臺南市,3
112,9,13,汐止區,,,,無年齡維度,0.0,女,遷出,臺灣省,45
112,9,13,汐止區,,,,無年齡維度,0.0,男,遷出,臺灣省,39
112,9,13,汐止區,,,,無年齡維度,0.0,女,遷出,高雄市,10
112,9,13,汐止區,,,,無年齡維度,0.0,男,遷出,高雄市,12
112,9,14,瑞芳區,,,,無年齡維度,0.0,女,遷入,migrants,276
112,9,14,瑞芳區,,,,無年齡維度,0.0,男,遷入,migrants,253
112,9,14,瑞芳區,,,,無年齡維度,0.0,女,遷入,other,0
112,9,14,瑞芳區,,,,無年齡維度,0.0,男,遷入,other,0
112,9,14,瑞芳區,,,,無年齡維度,0.0,女,遷入,其他縣市,0
112,9,14,瑞芳區,,,,無年齡維度,0.0,男,遷入,其他縣市,0
112,9,14,瑞芳區,,,,無年齡維度,0.0,女,遷入,其他鄉鎮,162
112,9,14,瑞芳區,,,,無年齡維度,0.0,男,遷入,其他鄉鎮,128
112,9,14,瑞芳區,,,,無年齡維度,0.0,女,遷入,合計,373
112,9,14,瑞芳區,,,,無年齡維度,0.0,男,遷入,合計,302
112,9,14,瑞芳區,,,,無年齡維度,0.0,女,遷入,國外,35
112,9,14,瑞芳區,,,,無年齡維度,0.0,男,遷入,國外,28
112,9,14,瑞芳區,,,,無年齡維度,0.0,女,遷入,新北市內,0
112,9,14,瑞芳區,,,,無年齡維度,0.0,男,遷入,新北市內,0
112,9,14,瑞芳區,,,,無年齡維度,0.0,女,遷入,桃園市,10
112,9,14,瑞芳區,,,,無年齡維度,0.0,男,遷入,桃園市,7
112,9,14,瑞芳區,,,,無年齡維度,0.0,女,遷入,福建省,3
112,9,14,瑞芳區,,,,無年齡維度,0.0,男,遷入,福建省,3
112,9,14,瑞芳區,,,,無年齡維度,0.0,女,遷入,臺中市,7
112,9,14,瑞芳區,,,,無年齡維度,0.0,男,遷入,臺中市,5
112,9,14,瑞芳區,,,,無年齡維度,0.0,女,遷入,臺北市,109
112,9,14,瑞芳區,,,,無年齡維度,0.0,男,遷入,臺北市,99
112,9,14,瑞芳區,,,,無年齡維度,0.0,女,遷入,臺南市,5
112,9,14,瑞芳區,,,,無年齡維度,0.0,男,遷入,臺南市,2
112,9,14,瑞芳區,,,,無年齡維度,0.0,女,遷入,臺灣省,29
112,9,14,瑞芳區,,,,無年齡維度,0.0,男,遷入,臺灣省,26
112,9,14,瑞芳區,,,,無年齡維度,0.0,女,遷入,高雄市,6
112,9,14,瑞芳區,,,,無年齡維度,0.0,男,遷入,高雄市,3
112,9,14,瑞芳區,,,,無年齡維度,0.0,女,遷出,migrants,276
112,9,14,瑞芳區,,,,無年齡維度,0.0,男,遷出,migrants,253
112,9,14,瑞芳區,,,,無年齡維度,0.0,女,遷出,other,0
112,9,14,瑞芳區,,,,無年齡維度,0.0,男,遷出,other,0
112,9,14,瑞芳區,,,,無年齡維度,0.0,女,遷出,其他縣市,0
112,9,14,瑞芳區,,,,無年齡維度,0.0,男,遷出,其他縣市,0
112,9,14,瑞芳區,,,,無年齡維度,0.0,女,遷出,其他鄉鎮,247
112,9,14,瑞芳區,,,,無年齡維度,0.0,男,遷出,其他鄉鎮,217
112,9,14,瑞芳區,,,,無年齡維度,0.0,女,遷出,合計,447
112,9,14,瑞芳區,,,,無年齡維度,0.0,男,遷出,合計,397
112,9,14,瑞芳區,,,,無年齡維度,0.0,女,遷出,國外,7
112,9,14,瑞芳區,,,,無年齡維度,0.0,男,遷出,國外,7
112,9,14,瑞芳區,,,,無年齡維度,0.0,女,遷出,新北市內,0
112,9,14,瑞芳區,,,,無年齡維度,0.0,男,遷出,新北市內,0
112,9,14,瑞芳區,,,,無年齡維度,0.0,女,遷出,桃園市,31
112,9,14,瑞芳區,,,,無年齡維度,0.0,男,遷出,桃園市,28
112,9,14,瑞芳區,,,,無年齡維度,0.0,女,遷出,福建省,3
112,9,14,瑞芳區,,,,無年齡維度,0.0,男,遷出,福建省,4
112,9,14,瑞芳區,,,,無年齡維度,0.0,女,遷出,臺中市,9
112,9,14,瑞芳區,,,,無年齡維度,0.0,男,遷出,臺中市,11
112,9,14,瑞芳區,,,,無年齡維度,0.0,女,遷出,臺北市,98
112,9,14,瑞芳區,,,,無年齡維度,0.0,男,遷出,臺北市,72
112,9,14,瑞芳區,,,,無年齡維度,0.0,女,遷出,臺南市,8
112,9,14,瑞芳區,,,,無年齡維度,0.0,男,遷出,臺南市,3
112,9,14,瑞芳區,,,,無年齡維度,0.0,女,遷出,臺灣省,37
112,9,14,瑞芳區,,,,無年齡維度,0.0,男,遷出,臺灣省,48
112,9,14,瑞芳區,,,,無年齡維度,0.0,女,遷出,高雄市,7
112,9,14,瑞芳區,,,,無年齡維度,0.0,男,遷出,高雄市,7
112,9,15,五股區,,,,無年齡維度,0.0,女,遷入,migrants,118
112,9,15,五股區,,,,無年齡維度,0.0,男,遷入,migrants,122
112,9,15,五股區,,,,無年齡維度,0.0,女,遷入,other,0
112,9,15,五股區,,,,無年齡維度,0.0,男,遷入,other,0
112,9,15,五股區,,,,無年齡維度,0.0,女,遷入,其他縣市,0
112,9,15,五股區,,,,無年齡維度,0.0,男,遷入,其他縣市,0
112,9,15,五股區,,,,無年齡維度,0.0,女,遷入,其他鄉鎮,144
112,9,15,五股區,,,,無年齡維度,0.0,男,遷入,其他鄉鎮,132
112,9,15,五股區,,,,無年齡維度,0.0,女,遷入,合計,245
112,9,15,五股區,,,,無年齡維度,0.0,男,遷入,合計,206
112,9,15,五股區,,,,無年齡維度,0.0,女,遷入,國外,15
112,9,15,五股區,,,,無年齡維度,0.0,男,遷入,國外,11
112,9,15,五股區,,,,無年齡維度,0.0,女,遷入,新北市內,0
112,9,15,五股區,,,,無年齡維度,0.0,男,遷入,新北市內,0
112,9,15,五股區,,,,無年齡維度,0.0,女,遷入,桃園市,6
112,9,15,五股區,,,,無年齡維度,0.0,男,遷入,桃園市,10
112,9,15,五股區,,,,無年齡維度,0.0,女,遷入,福建省,0
112,9,15,五股區,,,,無年齡維度,0.0,男,遷入,福建省,2
112,9,15,五股區,,,,無年齡維度,0.0,女,遷入,臺中市,5
112,9,15,五股區,,,,無年齡維度,0.0,男,遷入,臺中市,1
112,9,15,五股區,,,,無年齡維度,0.0,女,遷入,臺北市,50
112,9,15,五股區,,,,無年齡維度,0.0,男,遷入,臺北市,29
112,9,15,五股區,,,,無年齡維度,0.0,女,遷入,臺南市,0
112,9,15,五股區,,,,無年齡維度,0.0,男,遷入,臺南市,0
112,9,15,五股區,,,,無年齡維度,0.0,女,遷入,臺灣省,19
112,9,15,五股區,,,,無年齡維度,0.0,男,遷入,臺灣省,19
112,9,15,五股區,,,,無年齡維度,0.0,女,遷入,高雄市,1
112,9,15,五股區,,,,無年齡維度,0.0,男,遷入,高雄市,0
112,9,15,五股區,,,,無年齡維度,0.0,女,遷出,migrants,118
112,9,15,五股區,,,,無年齡維度,0.0,男,遷出,migrants,122
112,9,15,五股區,,,,無年齡維度,0.0,女,遷出,other,0
112,9,15,五股區,,,,無年齡維度,0.0,男,遷出,other,0
112,9,15,五股區,,,,無年齡維度,0.0,女,遷出,其他縣市,0
112,9,15,五股區,,,,無年齡維度,0.0,男,遷出,其他縣市,0
112,9,15,五股區,,,,無年齡維度,0.0,女,遷出,其他鄉鎮,135
112,9,15,五股區,,,,無年齡維度,0.0,男,遷出,其他鄉鎮,122
112,9,15,五股區,,,,無年齡維度,0.0,女,遷出,合計,209
112,9,15,五股區,,,,無年齡維度,0.0,男,遷出,合計,191
112,9,15,五股區,,,,無年齡維度,0.0,女,遷出,國外,1
112,9,15,五股區,,,,無年齡維度,0.0,男,遷出,國外,4
112,9,15,五股區,,,,無年齡維度,0.0,女,遷出,新北市內,0
112,9,15,五股區,,,,無年齡維度,0.0,男,遷出,新北市內,0
112,9,15,五股區,,,,無年齡維度,0.0,女,遷出,桃園市,16
112,9,15,五股區,,,,無年齡維度,0.0,男,遷出,桃園市,13
112,9,15,五股區,,,,無年齡維度,0.0,女,遷出,福建省,0
112,9,15,五股區,,,,無年齡維度,0.0,男,遷出,福建省,1
112,9,15,五股區,,,,無年齡維度,0.0,女,遷出,臺中市,4
112,9,15,五股區,,,,無年齡維度,0.0,男,遷出,臺中市,3
112,9,15,五股區,,,,無年齡維度,0.0,女,遷出,臺北市,27
112,9,15,五股區,,,,無年齡維度,0.0,男,遷出,臺北市,20
112,9,15,五股區,,,,無年齡維度,0.0,女,遷出,臺南市,2
112,9,15,五股區,,,,無年齡維度,0.0,男,遷出,臺南市,0
112,9,15,五股區,,,,無年齡維度,0.0,女,遷出,臺灣省,17
112,9,15,五股區,,,,無年齡維度,0.0,男,遷出,臺灣省,25
112,9,15,五股區,,,,無年齡維度,0.0,女,遷出,高雄市,6
112,9,15,五股區,,,,無年齡維度,0.0,男,遷出,高雄市,3
112,9,16,泰山區,,,,無年齡維度,0.0,女,遷入,migrants,78
112,9,16,泰山區,,,,無年齡維度,0.0,男,遷入,migrants,51
112,9,16,泰山區,,,,無年齡維度,0.0,女,遷入,other,0
112,9,16,泰山區,,,,無年齡維度,0.0,男,遷入,other,0
112,9,16,泰山區,,,,無年齡維度,0.0,女,遷入,其他縣市,0
112,9,16,泰山區,,,,無年齡維度,0.0,男,遷入,其他縣市,0
112,9,16,泰山區,,,,無年齡維度,0.0,女,遷入,其他鄉鎮,102
112,9,16,泰山區,,,,無年齡維度,0.0,男,遷入,其他鄉鎮,85
112,9,16,泰山區,,,,無年齡維度,0.0,女,遷入,合計,196
112,9,16,泰山區,,,,無年齡維度,0.0,男,遷入,合計,160
112,9,16,泰山區,,,,無年齡維度,0.0,女,遷入,國外,21
112,9,16,泰山區,,,,無年齡維度,0.0,男,遷入,國外,19
112,9,16,泰山區,,,,無年齡維度,0.0,女,遷入,新北市內,0
112,9,16,泰山區,,,,無年齡維度,0.0,男,遷入,新北市內,0
112,9,16,泰山區,,,,無年齡維度,0.0,女,遷入,桃園市,11
112,9,16,泰山區,,,,無年齡維度,0.0,男,遷入,桃園市,14
112,9,16,泰山區,,,,無年齡維度,0.0,女,遷入,福建省,1
112,9,16,泰山區,,,,無年齡維度,0.0,男,遷入,福建省,1
112,9,16,泰山區,,,,無年齡維度,0.0,女,遷入,臺中市,7
112,9,16,泰山區,,,,無年齡維度,0.0,男,遷入,臺中市,6
112,9,16,泰山區,,,,無年齡維度,0.0,女,遷入,臺北市,36
112,9,16,泰山區,,,,無年齡維度,0.0,男,遷入,臺北市,22
112,9,16,泰山區,,,,無年齡維度,0.0,女,遷入,臺南市,1
112,9,16,泰山區,,,,無年齡維度,0.0,男,遷入,臺南市,1
112,9,16,泰山區,,,,無年齡維度,0.0,女,遷入,臺灣省,11
112,9,16,泰山區,,,,無年齡維度,0.0,男,遷入,臺灣省,8
112,9,16,泰山區,,,,無年齡維度,0.0,女,遷入,高雄市,4
112,9,16,泰山區,,,,無年齡維度,0.0,男,遷入,高雄市,1
112,9,16,泰山區,,,,無年齡維度,0.0,女,遷出,migrants,78
112,9,16,泰山區,,,,無年齡維度,0.0,男,遷出,migrants,51
112,9,16,泰山區,,,,無年齡維度,0.0,女,遷出,other,0
112,9,16,泰山區,,,,無年齡維度,0.0,男,遷出,other,0
112,9,16,泰山區,,,,無年齡維度,0.0,女,遷出,其他縣市,0
112,9,16,泰山區,,,,無年齡維度,0.0,男,遷出,其他縣市,0
112,9,16,泰山區,,,,無年齡維度,0.0,女,遷出,其他鄉鎮,105
112,9,16,泰山區,,,,無年齡維度,0.0,男,遷出,其他鄉鎮,72
112,9,16,泰山區,,,,無年齡維度,0.0,女,遷出,合計,174
112,9,16,泰山區,,,,無年齡維度,0.0,男,遷出,合計,139
112,9,16,泰山區,,,,無年齡維度,0.0,女,遷出,國外,3
112,9,16,泰山區,,,,無年齡維度,0.0,男,遷出,國外,2
112,9,16,泰山區,,,,無年齡維度,0.0,女,遷出,新北市內,0
112,9,16,泰山區,,,,無年齡維度,0.0,男,遷出,新北市內,0
112,9,16,泰山區,,,,無年齡維度,0.0,女,遷出,桃園市,26
112,9,16,泰山區,,,,無年齡維度,0.0,男,遷出,桃園市,27
112,9,16,泰山區,,,,無年齡維度,0.0,女,遷出,福建省,5
112,9,16,泰山區,,,,無年齡維度,0.0,男,遷出,福建省,0
112,9,16,泰山區,,,,無年齡維度,0.0,女,遷出,臺中市,2
112,9,16,泰山區,,,,無年齡維度,0.0,男,遷出,臺中市,8
112,9,16,泰山區,,,,無年齡維度,0.0,女,遷出,臺北市,19
112,9,16,泰山區,,,,無年齡維度,0.0,男,遷出,臺北市,15
112,9,16,泰山區,,,,無年齡維度,0.0,女,遷出,臺南市,0
112,9,16,泰山區,,,,無年齡維度,0.0,男,遷出,臺南市,2
112,9,16,泰山區,,,,無年齡維度,0.0,女,遷出,臺灣省,14
112,9,16,泰山區,,,,無年齡維度,0.0,男,遷出,臺灣省,10
112,9,16,泰山區,,,,無年齡維度,0.0,女,遷出,高雄市,0
112,9,16,泰山區,,,,無年齡維度,0.0,男,遷出,高雄市,3
112,9,17,林口區,,,,無年齡維度,0.0,女,遷入,migrants,305
112,9,17,林口區,,,,無年齡維度,0.0,男,遷入,migrants,293
112,9,17,林口區,,,,無年齡維度,0.0,女,遷入,other,0
112,9,17,林口區,,,,無年齡維度,0.0,男,遷入,other,0
112,9,17,林口區,,,,無年齡維度,0.0,女,遷入,其他縣市,0
112,9,17,林口區,,,,無年齡維度,0.0,男,遷入,其他縣市,0
112,9,17,林口區,,,,無年齡維度,0.0,女,遷入,其他鄉鎮,108
112,9,17,林口區,,,,無年齡維度,0.0,男,遷入,其他鄉鎮,110
112,9,17,林口區,,,,無年齡維度,0.0,女,遷入,合計,470
112,9,17,林口區,,,,無年齡維度,0.0,男,遷入,合計,425
112,9,17,林口區,,,,無年齡維度,0.0,女,遷入,國外,54
112,9,17,林口區,,,,無年齡維度,0.0,男,遷入,國外,48
112,9,17,林口區,,,,無年齡維度,0.0,女,遷入,新北市內,0
112,9,17,林口區,,,,無年齡維度,0.0,男,遷入,新北市內,0
112,9,17,林口區,,,,無年齡維度,0.0,女,遷入,桃園市,110
112,9,17,林口區,,,,無年齡維度,0.0,男,遷入,桃園市,110
112,9,17,林口區,,,,無年齡維度,0.0,女,遷入,福建省,1
112,9,17,林口區,,,,無年齡維度,0.0,男,遷入,福建省,1
112,9,17,林口區,,,,無年齡維度,0.0,女,遷入,臺中市,8
112,9,17,林口區,,,,無年齡維度,0.0,男,遷入,臺中市,10
112,9,17,林口區,,,,無年齡維度,0.0,女,遷入,臺北市,119
112,9,17,林口區,,,,無年齡維度,0.0,男,遷入,臺北市,89
112,9,17,林口區,,,,無年齡維度,0.0,女,遷入,臺南市,6
112,9,17,林口區,,,,無年齡維度,0.0,男,遷入,臺南市,5
112,9,17,林口區,,,,無年齡維度,0.0,女,遷入,臺灣省,47
112,9,17,林口區,,,,無年齡維度,0.0,男,遷入,臺灣省,34
112,9,17,林口區,,,,無年齡維度,0.0,女,遷入,高雄市,11
112,9,17,林口區,,,,無年齡維度,0.0,男,遷入,高雄市,11
112,9,17,林口區,,,,無年齡維度,0.0,女,遷出,migrants,305
112,9,17,林口區,,,,無年齡維度,0.0,男,遷出,migrants,293
112,9,17,林口區,,,,無年齡維度,0.0,女,遷出,other,0
112,9,17,林口區,,,,無年齡維度,0.0,男,遷出,other,0
112,9,17,林口區,,,,無年齡維度,0.0,女,遷出,其他縣市,0
112,9,17,林口區,,,,無年齡維度,0.0,男,遷出,其他縣市,0
112,9,17,林口區,,,,無年齡維度,0.0,女,遷出,其他鄉鎮,80
112,9,17,林口區,,,,無年齡維度,0.0,男,遷出,其他鄉鎮,68
112,9,17,林口區,,,,無年齡維度,0.0,女,遷出,合計,293
112,9,17,林口區,,,,無年齡維度,0.0,男,遷出,合計,260
112,9,17,林口區,,,,無年齡維度,0.0,女,遷出,國外,14
112,9,17,林口區,,,,無年齡維度,0.0,男,遷出,國外,9
112,9,17,林口區,,,,無年齡維度,0.0,女,遷出,新北市內,0
112,9,17,林口區,,,,無年齡維度,0.0,男,遷出,新北市內,0
112,9,17,林口區,,,,無年齡維度,0.0,女,遷出,桃園市,92
112,9,17,林口區,,,,無年齡維度,0.0,男,遷出,桃園市,88
112,9,17,林口區,,,,無年齡維度,0.0,女,遷出,福建省,5
112,9,17,林口區,,,,無年齡維度,0.0,男,遷出,福建省,3
112,9,17,林口區,,,,無年齡維度,0.0,女,遷出,臺中市,10
112,9,17,林口區,,,,無年齡維度,0.0,男,遷出,臺中市,9
112,9,17,林口區,,,,無年齡維度,0.0,女,遷出,臺北市,57
112,9,17,林口區,,,,無年齡維度,0.0,男,遷出,臺北市,50
112,9,17,林口區,,,,無年齡維度,0.0,女,遷出,臺南市,1
112,9,17,林口區,,,,無年齡維度,0.0,男,遷出,臺南市,7
112,9,17,林口區,,,,無年齡維度,0.0,女,遷出,臺灣省,30
112,9,17,林口區,,,,無年齡維度,0.0,男,遷出,臺灣省,22
112,9,17,林口區,,,,無年齡維度,0.0,女,遷出,高雄市,4
112,9,17,林口區,,,,無年齡維度,0.0,男,遷出,高雄市,4
112,9,18,八里區,,,,無年齡維度,0.0,女,遷入,migrants,11
112,9,18,八里區,,,,無年齡維度,0.0,男,遷入,migrants,16
112,9,18,八里區,,,,無年齡維度,0.0,女,遷入,other,0
112,9,18,八里區,,,,無年齡維度,0.0,男,遷入,other,0
112,9,18,八里區,,,,無年齡維度,0.0,女,遷入,其他縣市,0
112,9,18,八里區,,,,無年齡維度,0.0,男,遷入,其他縣市,0
112,9,18,八里區,,,,無年齡維度,0.0,女,遷入,其他鄉鎮,20
112,9,18,八里區,,,,無年齡維度,0.0,男,遷入,其他鄉鎮,20
112,9,18,八里區,,,,無年齡維度,0.0,女,遷入,合計,61
112,9,18,八里區,,,,無年齡維度,0.0,男,遷入,合計,52
112,9,18,八里區,,,,無年齡維度,0.0,女,遷入,國外,5
112,9,18,八里區,,,,無年齡維度,0.0,男,遷入,國外,6
112,9,18,八里區,,,,無年齡維度,0.0,女,遷入,新北市內,0
112,9,18,八里區,,,,無年齡維度,0.0,男,遷入,新北市內,0
112,9,18,八里區,,,,無年齡維度,0.0,女,遷入,桃園市,2
112,9,18,八里區,,,,無年齡維度,0.0,男,遷入,桃園市,0
112,9,18,八里區,,,,無年齡維度,0.0,女,遷入,福建省,1
112,9,18,八里區,,,,無年齡維度,0.0,男,遷入,福建省,0
112,9,18,八里區,,,,無年齡維度,0.0,女,遷入,臺中市,5
112,9,18,八里區,,,,無年齡維度,0.0,男,遷入,臺中市,1
112,9,18,八里區,,,,無年齡維度,0.0,女,遷入,臺北市,21
112,9,18,八里區,,,,無年齡維度,0.0,男,遷入,臺北市,24
112,9,18,八里區,,,,無年齡維度,0.0,女,遷入,臺南市,1
112,9,18,八里區,,,,無年齡維度,0.0,男,遷入,臺南市,0
112,9,18,八里區,,,,無年齡維度,0.0,女,遷入,臺灣省,4
112,9,18,八里區,,,,無年齡維度,0.0,男,遷入,臺灣省,1
112,9,18,八里區,,,,無年齡維度,0.0,女,遷入,高雄市,1
112,9,18,八里區,,,,無年齡維度,0.0,男,遷入,高雄市,0
112,9,18,八里區,,,,無年齡維度,0.0,女,遷出,migrants,11
112,9,18,八里區,,,,無年齡維度,0.0,男,遷出,migrants,16
112,9,18,八里區,,,,無年齡維度,0.0,女,遷出,other,0
112,9,18,八里區,,,,無年齡維度,0.0,男,遷出,other,0
112,9,18,八里區,,,,無年齡維度,0.0,女,遷出,其他縣市,0
112,9,18,八里區,,,,無年齡維度,0.0,男,遷出,其他縣市,0
112,9,18,八里區,,,,無年齡維度,0.0,女,遷出,其他鄉鎮,15
112,9,18,八里區,,,,無年齡維度,0.0,男,遷出,其他鄉鎮,18
112,9,18,八里區,,,,無年齡維度,0.0,女,遷出,合計,48
112,9,18,八里區,,,,無年齡維度,0.0,男,遷出,合計,34
112,9,18,八里區,,,,無年齡維度,0.0,女,遷出,國外,1
112,9,18,八里區,,,,無年齡維度,0.0,男,遷出,國外,1
112,9,18,八里區,,,,無年齡維度,0.0,女,遷出,新北市內,0
112,9,18,八里區,,,,無年齡維度,0.0,男,遷出,新北市內,0
112,9,18,八里區,,,,無年齡維度,0.0,女,遷出,桃園市,2
112,9,18,八里區,,,,無年齡維度,0.0,男,遷出,桃園市,1
112,9,18,八里區,,,,無年齡維度,0.0,女,遷出,福建省,0
112,9,18,八里區,,,,無年齡維度,0.0,男,遷出,福建省,0
112,9,18,八里區,,,,無年齡維度,0.0,女,遷出,臺中市,1
112,9,18,八里區,,,,無年齡維度,0.0,男,遷出,臺中市,0
112,9,18,八里區,,,,無年齡維度,0.0,女,遷出,臺北市,20
112,9,18,八里區,,,,無年齡維度,0.0,男,遷出,臺北市,11
112,9,18,八里區,,,,無年齡維度,0.0,女,遷出,臺南市,1
112,9,18,八里區,,,,無年齡維度,0.0,男,遷出,臺南市,0
112,9,18,八里區,,,,無年齡維度,0.0,女,遷出,臺灣省,8
112,9,18,八里區,,,,無年齡維度,0.0,男,遷出,臺灣省,3
112,9,18,八里區,,,,無年齡維度,0.0,女,遷出,高雄市,0
112,9,18,八里區,,,,無年齡維度,0.0,男,遷出,高雄市,0
112,9,19,深坑區,,,,無年齡維度,0.0,女,遷入,migrants,3
112,9,19,深坑區,,,,無年齡維度,0.0,男,遷入,migrants,2
112,9,19,深坑區,,,,無年齡維度,0.0,女,遷入,other,0
112,9,19,深坑區,,,,無年齡維度,0.0,男,遷入,other,0
112,9,19,深坑區,,,,無年齡維度,0.0,女,遷入,其他縣市,0
112,9,19,深坑區,,,,無年齡維度,0.0,男,遷入,其他縣市,0
112,9,19,深坑區,,,,無年齡維度,0.0,女,遷入,其他鄉鎮,5
112,9,19,深坑區,,,,無年齡維度,0.0,男,遷入,其他鄉鎮,4
112,9,19,深坑區,,,,無年齡維度,0.0,女,遷入,合計,7
112,9,19,深坑區,,,,無年齡維度,0.0,男,遷入,合計,7
112,9,19,深坑區,,,,無年齡維度,0.0,女,遷入,國外,1
112,9,19,深坑區,,,,無年齡維度,0.0,男,遷入,國外,0
112,9,19,深坑區,,,,無年齡維度,0.0,女,遷入,新北市內,0
112,9,19,深坑區,,,,無年齡維度,0.0,男,遷入,新北市內,0
112,9,19,深坑區,,,,無年齡維度,0.0,女,遷入,桃園市,0
112,9,19,深坑區,,,,無年齡維度,0.0,男,遷入,桃園市,0
112,9,19,深坑區,,,,無年齡維度,0.0,女,遷入,福建省,0
112,9,19,深坑區,,,,無年齡維度,0.0,男,遷入,福建省,0
112,9,19,深坑區,,,,無年齡維度,0.0,女,遷入,臺中市,0
112,9,19,深坑區,,,,無年齡維度,0.0,男,遷入,臺中市,1
112,9,19,深坑區,,,,無年齡維度,0.0,女,遷入,臺北市,1
112,9,19,深坑區,,,,無年齡維度,0.0,男,遷入,臺北市,1
112,9,19,深坑區,,,,無年齡維度,0.0,女,遷入,臺南市,0
112,9,19,深坑區,,,,無年齡維度,0.0,男,遷入,臺南市,1
112,9,19,深坑區,,,,無年齡維度,0.0,女,遷入,臺灣省,0
112,9,19,深坑區,,,,無年齡維度,0.0,男,遷入,臺灣省,0
112,9,19,深坑區,,,,無年齡維度,0.0,女,遷入,高雄市,0
112,9,19,深坑區,,,,無年齡維度,0.0,男,遷入,高雄市,0
112,9,19,深坑區,,,,無年齡維度,0.0,女,遷出,migrants,3
112,9,19,深坑區,,,,無年齡維度,0.0,男,遷出,migrants,2
112,9,19,深坑區,,,,無年齡維度,0.0,女,遷出,other,0
112,9,19,深坑區,,,,無年齡維度,0.0,男,遷出,other,0
112,9,19,深坑區,,,,無年齡維度,0.0,女,遷出,其他縣市,0
112,9,19,深坑區,,,,無年齡維度,0.0,男,遷出,其他縣市,0
112,9,19,深坑區,,,,無年齡維度,0.0,女,遷出,其他鄉鎮,7
112,9,19,深坑區,,,,無年齡維度,0.0,男,遷出,其他鄉鎮,13
112,9,19,深坑區,,,,無年齡維度,0.0,女,遷出,合計,9
112,9,19,深坑區,,,,無年齡維度,0.0,男,遷出,合計,23
112,9,19,深坑區,,,,無年齡維度,0.0,女,遷出,國外,0
112,9,19,深坑區,,,,無年齡維度,0.0,男,遷出,國外,0
112,9,19,深坑區,,,,無年齡維度,0.0,女,遷出,新北市內,0
112,9,19,深坑區,,,,無年齡維度,0.0,男,遷出,新北市內,0
112,9,19,深坑區,,,,無年齡維度,0.0,女,遷出,桃園市,1
112,9,19,深坑區,,,,無年齡維度,0.0,男,遷出,桃園市,0
112,9,19,深坑區,,,,無年齡維度,0.0,女,遷出,福建省,0
112,9,19,深坑區,,,,無年齡維度,0.0,男,遷出,福建省,0
112,9,19,深坑區,,,,無年齡維度,0.0,女,遷出,臺中市,0
112,9,19,深坑區,,,,無年齡維度,0.0,男,遷出,臺中市,0
112,9,19,深坑區,,,,無年齡維度,0.0,女,遷出,臺北市,1
112,9,19,深坑區,,,,無年齡維度,0.0,男,遷出,臺北市,5
112,9,19,深坑區,,,,無年齡維度,0.0,女,遷出,臺南市,0
112,9,19,深坑區,,,,無年齡維度,0.0,男,遷出,臺南市,0
112,9,19,深坑區,,,,無年齡維度,0.0,女,遷出,臺灣省,0
112,9,19,深坑區,,,,無年齡維度,0.0,男,遷出,臺灣省,2
112,9,19,深坑區,,,,無年齡維度,0.0,女,遷出,高雄市,0
112,9,19,深坑區,,,,無年齡維度,0.0,男,遷出,高雄市,3
112,9,20,石碇區,,,,無年齡維度,0.0,女,遷入,migrants,0
112,9,20,石碇區,,,,無年齡維度,0.0,男,遷入,migrants,3
112,9,20,石碇區,,,,無年齡維度,0.0,女,遷入,other,0
112,9,20,石碇區,,,,無年齡維度,0.0,男,遷入,other,0
112,9,20,石碇區,,,,無年齡維度,0.0,女,遷入,其他縣市,0
112,9,20,石碇區,,,,無年齡維度,0.0,男,遷入,其他縣市,0
112,9,20,石碇區,,,,無年齡維度,0.0,女,遷入,其他鄉鎮,4
112,9,20,石碇區,,,,無年齡維度,0.0,男,遷入,其他鄉鎮,3
112,9,20,石碇區,,,,無年齡維度,0.0,女,遷入,合計,6
112,9,20,石碇區,,,,無年齡維度,0.0,男,遷入,合計,7
112,9,20,石碇區,,,,無年齡維度,0.0,女,遷入,國外,0
112,9,20,石碇區,,,,無年齡維度,0.0,男,遷入,國外,0
112,9,20,石碇區,,,,無年齡維度,0.0,女,遷入,新北市內,0
112,9,20,石碇區,,,,無年齡維度,0.0,男,遷入,新北市內,0
112,9,20,石碇區,,,,無年齡維度,0.0,女,遷入,桃園市,0
112,9,20,石碇區,,,,無年齡維度,0.0,男,遷入,桃園市,0
112,9,20,石碇區,,,,無年齡維度,0.0,女,遷入,福建省,0
112,9,20,石碇區,,,,無年齡維度,0.0,男,遷入,福建省,0
112,9,20,石碇區,,,,無年齡維度,0.0,女,遷入,臺中市,2
112,9,20,石碇區,,,,無年齡維度,0.0,男,遷入,臺中市,1
112,9,20,石碇區,,,,無年齡維度,0.0,女,遷入,臺北市,0
112,9,20,石碇區,,,,無年齡維度,0.0,男,遷入,臺北市,3
112,9,20,石碇區,,,,無年齡維度,0.0,女,遷入,臺南市,0
112,9,20,石碇區,,,,無年齡維度,0.0,男,遷入,臺南市,0
112,9,20,石碇區,,,,無年齡維度,0.0,女,遷入,臺灣省,0
112,9,20,石碇區,,,,無年齡維度,0.0,男,遷入,臺灣省,0
112,9,20,石碇區,,,,無年齡維度,0.0,女,遷入,高雄市,0
112,9,20,石碇區,,,,無年齡維度,0.0,男,遷入,高雄市,0
112,9,20,石碇區,,,,無年齡維度,0.0,女,遷出,migrants,0
112,9,20,石碇區,,,,無年齡維度,0.0,男,遷出,migrants,3
112,9,20,石碇區,,,,無年齡維度,0.0,女,遷出,other,0
112,9,20,石碇區,,,,無年齡維度,0.0,男,遷出,other,0
112,9,20,石碇區,,,,無年齡維度,0.0,女,遷出,其他縣市,0
112,9,20,石碇區,,,,無年齡維度,0.0,男,遷出,其他縣市,0
112,9,20,石碇區,,,,無年齡維度,0.0,女,遷出,其他鄉鎮,13
112,9,20,石碇區,,,,無年齡維度,0.0,男,遷出,其他鄉鎮,2
112,9,20,石碇區,,,,無年齡維度,0.0,女,遷出,合計,18
112,9,20,石碇區,,,,無年齡維度,0.0,男,遷出,合計,6
112,9,20,石碇區,,,,無年齡維度,0.0,女,遷出,國外,0
112,9,20,石碇區,,,,無年齡維度,0.0,男,遷出,國外,0
112,9,20,石碇區,,,,無年齡維度,0.0,女,遷出,新北市內,0
112,9,20,石碇區,,,,無年齡維度,0.0,男,遷出,新北市內,0
112,9,20,石碇區,,,,無年齡維度,0.0,女,遷出,桃園市,2
112,9,20,石碇區,,,,無年齡維度,0.0,男,遷出,桃園市,1
112,9,20,石碇區,,,,無年齡維度,0.0,女,遷出,福建省,0
112,9,20,石碇區,,,,無年齡維度,0.0,男,遷出,福建省,0
112,9,20,石碇區,,,,無年齡維度,0.0,女,遷出,臺中市,0
112,9,20,石碇區,,,,無年齡維度,0.0,男,遷出,臺中市,0
112,9,20,石碇區,,,,無年齡維度,0.0,女,遷出,臺北市,1
112,9,20,石碇區,,,,無年齡維度,0.0,男,遷出,臺北市,1
112,9,20,石碇區,,,,無年齡維度,0.0,女,遷出,臺南市,0
112,9,20,石碇區,,,,無年齡維度,0.0,男,遷出,臺南市,0
112,9,20,石碇區,,,,無年齡維度,0.0,女,遷出,臺灣省,1
112,9,20,石碇區,,,,無年齡維度,0.0,男,遷出,臺灣省,1
112,9,20,石碇區,,,,無年齡維度,0.0,女,遷出,高雄市,1
112,9,20,石碇區,,,,無年齡維度,0.0,男,遷出,高雄市,1
112,9,21,坪林區,,,,無年齡維度,0.0,女,遷入,migrants,16
112,9,21,坪林區,,,,無年齡維度,0.0,男,遷入,migrants,13
112,9,21,坪林區,,,,無年齡維度,0.0,女,遷入,other,0
112,9,21,坪林區,,,,無年齡維度,0.0,男,遷入,other,0
112,9,21,坪林區,,,,無年齡維度,0.0,女,遷入,其他縣市,0
112,9,21,坪林區,,,,無年齡維度,0.0,男,遷入,其他縣市,0
112,9,21,坪林區,,,,無年齡維度,0.0,女,遷入,其他鄉鎮,23
112,9,21,坪林區,,,,無年齡維度,0.0,男,遷入,其他鄉鎮,24
112,9,21,坪林區,,,,無年齡維度,0.0,女,遷入,合計,45
112,9,21,坪林區,,,,無年齡維度,0.0,男,遷入,合計,42
112,9,21,坪林區,,,,無年齡維度,0.0,女,遷入,國外,2
112,9,21,坪林區,,,,無年齡維度,0.0,男,遷入,國外,6
112,9,21,坪林區,,,,無年齡維度,0.0,女,遷入,新北市內,0
112,9,21,坪林區,,,,無年齡維度,0.0,男,遷入,新北市內,0
112,9,21,坪林區,,,,無年齡維度,0.0,女,遷入,桃園市,2
112,9,21,坪林區,,,,無年齡維度,0.0,男,遷入,桃園市,0
112,9,21,坪林區,,,,無年齡維度,0.0,女,遷入,福建省,0
112,9,21,坪林區,,,,無年齡維度,0.0,男,遷入,福建省,0
112,9,21,坪林區,,,,無年齡維度,0.0,女,遷入,臺中市,0
112,9,21,坪林區,,,,無年齡維度,0.0,男,遷入,臺中市,0
112,9,21,坪林區,,,,無年齡維度,0.0,女,遷入,臺北市,15
112,9,21,坪林區,,,,無年齡維度,0.0,男,遷入,臺北市,9
112,9,21,坪林區,,,,無年齡維度,0.0,女,遷入,臺南市,0
112,9,21,坪林區,,,,無年齡維度,0.0,男,遷入,臺南市,1
112,9,21,坪林區,,,,無年齡維度,0.0,女,遷入,臺灣省,1
112,9,21,坪林區,,,,無年齡維度,0.0,男,遷入,臺灣省,2
112,9,21,坪林區,,,,無年齡維度,0.0,女,遷入,高雄市,1
112,9,21,坪林區,,,,無年齡維度,0.0,男,遷入,高雄市,0
112,9,21,坪林區,,,,無年齡維度,0.0,女,遷出,migrants,16
112,9,21,坪林區,,,,無年齡維度,0.0,男,遷出,migrants,13
112,9,21,坪林區,,,,無年齡維度,0.0,女,遷出,other,0
112,9,21,坪林區,,,,無年齡維度,0.0,男,遷出,other,0
112,9,21,坪林區,,,,無年齡維度,0.0,女,遷出,其他縣市,0
112,9,21,坪林區,,,,無年齡維度,0.0,男,遷出,其他縣市,0
112,9,21,坪林區,,,,無年齡維度,0.0,女,遷出,其他鄉鎮,19
112,9,21,坪林區,,,,無年齡維度,0.0,男,遷出,其他鄉鎮,14
112,9,21,坪林區,,,,無年齡維度,0.0,女,遷出,合計,38
112,9,21,坪林區,,,,無年齡維度,0.0,男,遷出,合計,30
112,9,21,坪林區,,,,無年齡維度,0.0,女,遷出,國外,0
112,9,21,坪林區,,,,無年齡維度,0.0,男,遷出,國外,1
112,9,21,坪林區,,,,無年齡維度,0.0,女,遷出,新北市內,0
112,9,21,坪林區,,,,無年齡維度,0.0,男,遷出,新北市內,0
112,9,21,坪林區,,,,無年齡維度,0.0,女,遷出,桃園市,2
112,9,21,坪林區,,,,無年齡維度,0.0,男,遷出,桃園市,2
112,9,21,坪林區,,,,無年齡維度,0.0,女,遷出,福建省,0
112,9,21,坪林區,,,,無年齡維度,0.0,男,遷出,福建省,1
112,9,21,坪林區,,,,無年齡維度,0.0,女,遷出,臺中市,0
112,9,21,坪林區,,,,無年齡維度,0.0,男,遷出,臺中市,0
112,9,21,坪林區,,,,無年齡維度,0.0,女,遷出,臺北市,12
112,9,21,坪林區,,,,無年齡維度,0.0,男,遷出,臺北市,4
112,9,21,坪林區,,,,無年齡維度,0.0,女,遷出,臺南市,0
112,9,21,坪林區,,,,無年齡維度,0.0,男,遷出,臺南市,0
112,9,21,坪林區,,,,無年齡維度,0.0,女,遷出,臺灣省,4
112,9,21,坪林區,,,,無年齡維度,0.0,男,遷出,臺灣省,7
112,9,21,坪林區,,,,無年齡維度,0.0,女,遷出,高雄市,1
112,9,21,坪林區,,,,無年齡維度,0.0,男,遷出,高雄市,1
112,9,22,三芝區,,,,無年齡維度,0.0,女,遷入,migrants,13
112,9,22,三芝區,,,,無年齡維度,0.0,男,遷入,migrants,10
112,9,22,三芝區,,,,無年齡維度,0.0,女,遷入,other,0
112,9,22,三芝區,,,,無年齡維度,0.0,男,遷入,other,0
112,9,22,三芝區,,,,無年齡維度,0.0,女,遷入,其他縣市,0
112,9,22,三芝區,,,,無年齡維度,0.0,男,遷入,其他縣市,0
112,9,22,三芝區,,,,無年齡維度,0.0,女,遷入,其他鄉鎮,7
112,9,22,三芝區,,,,無年齡維度,0.0,男,遷入,其他鄉鎮,3
112,9,22,三芝區,,,,無年齡維度,0.0,女,遷入,合計,10
112,9,22,三芝區,,,,無年齡維度,0.0,男,遷入,合計,7
112,9,22,三芝區,,,,無年齡維度,0.0,女,遷入,國外,0
112,9,22,三芝區,,,,無年齡維度,0.0,男,遷入,國外,1
112,9,22,三芝區,,,,無年齡維度,0.0,女,遷入,新北市內,0
112,9,22,三芝區,,,,無年齡維度,0.0,男,遷入,新北市內,0
112,9,22,三芝區,,,,無年齡維度,0.0,女,遷入,桃園市,1
112,9,22,三芝區,,,,無年齡維度,0.0,男,遷入,桃園市,0
112,9,22,三芝區,,,,無年齡維度,0.0,女,遷入,福建省,0
112,9,22,三芝區,,,,無年齡維度,0.0,男,遷入,福建省,0
112,9,22,三芝區,,,,無年齡維度,0.0,女,遷入,臺中市,0
112,9,22,三芝區,,,,無年齡維度,0.0,男,遷入,臺中市,1
112,9,22,三芝區,,,,無年齡維度,0.0,女,遷入,臺北市,0
112,9,22,三芝區,,,,無年齡維度,0.0,男,遷入,臺北市,1
112,9,22,三芝區,,,,無年齡維度,0.0,女,遷入,臺南市,2
112,9,22,三芝區,,,,無年齡維度,0.0,男,遷入,臺南市,0
112,9,22,三芝區,,,,無年齡維度,0.0,女,遷入,臺灣省,0
112,9,22,三芝區,,,,無年齡維度,0.0,男,遷入,臺灣省,1
112,9,22,三芝區,,,,無年齡維度,0.0,女,遷入,高雄市,0
112,9,22,三芝區,,,,無年齡維度,0.0,男,遷入,高雄市,0
112,9,22,三芝區,,,,無年齡維度,0.0,女,遷出,migrants,13
112,9,22,三芝區,,,,無年齡維度,0.0,男,遷出,migrants,10
112,9,22,三芝區,,,,無年齡維度,0.0,女,遷出,other,0
112,9,22,三芝區,,,,無年齡維度,0.0,男,遷出,other,0
112,9,22,三芝區,,,,無年齡維度,0.0,女,遷出,其他縣市,0
112,9,22,三芝區,,,,無年齡維度,0.0,男,遷出,其他縣市,0
112,9,22,三芝區,,,,無年齡維度,0.0,女,遷出,其他鄉鎮,13
112,9,22,三芝區,,,,無年齡維度,0.0,男,遷出,其他鄉鎮,5
112,9,22,三芝區,,,,無年齡維度,0.0,女,遷出,合計,16
112,9,22,三芝區,,,,無年齡維度,0.0,男,遷出,合計,11
112,9,22,三芝區,,,,無年齡維度,0.0,女,遷出,國外,0
112,9,22,三芝區,,,,無年齡維度,0.0,男,遷出,國外,0
112,9,22,三芝區,,,,無年齡維度,0.0,女,遷出,新北市內,0
112,9,22,三芝區,,,,無年齡維度,0.0,男,遷出,新北市內,0
112,9,22,三芝區,,,,無年齡維度,0.0,女,遷出,桃園市,1
112,9,22,三芝區,,,,無年齡維度,0.0,男,遷出,桃園市,1
112,9,22,三芝區,,,,無年齡維度,0.0,女,遷出,福建省,0
112,9,22,三芝區,,,,無年齡維度,0.0,男,遷出,福建省,1
112,9,22,三芝區,,,,無年齡維度,0.0,女,遷出,臺中市,1
112,9,22,三芝區,,,,無年齡維度,0.0,男,遷出,臺中市,0
112,9,22,三芝區,,,,無年齡維度,0.0,女,遷出,臺北市,0
112,9,22,三芝區,,,,無年齡維度,0.0,男,遷出,臺北市,3
112,9,22,三芝區,,,,無年齡維度,0.0,女,遷出,臺南市,0
112,9,22,三芝區,,,,無年齡維度,0.0,男,遷出,臺南市,0
112,9,22,三芝區,,,,無年齡維度,0.0,女,遷出,臺灣省,1
112,9,22,三芝區,,,,無年齡維度,0.0,男,遷出,臺灣省,1
112,9,22,三芝區,,,,無年齡維度,0.0,女,遷出,高雄市,0
112,9,22,三芝區,,,,無年齡維度,0.0,男,遷出,高雄市,0
112,9,23,石門區,,,,無年齡維度,0.0,女,遷入,migrants,60
112,9,23,石門區,,,,無年齡維度,0.0,男,遷入,migrants,70
112,9,23,石門區,,,,無年齡維度,0.0,女,遷入,other,0
112,9,23,石門區,,,,無年齡維度,0.0,男,遷入,other,0
112,9,23,石門區,,,,無年齡維度,0.0,女,遷入,其他縣市,0
112,9,23,石門區,,,,無年齡維度,0.0,男,遷入,其他縣市,0
112,9,23,石門區,,,,無年齡維度,0.0,女,遷入,其他鄉鎮,94
112,9,23,石門區,,,,無年齡維度,0.0,男,遷入,其他鄉鎮,82
112,9,23,石門區,,,,無年齡維度,0.0,女,遷入,合計,168
112,9,23,石門區,,,,無年齡維度,0.0,男,遷入,合計,148
112,9,23,石門區,,,,無年齡維度,0.0,女,遷入,國外,6
112,9,23,石門區,,,,無年齡維度,0.0,男,遷入,國外,7
112,9,23,石門區,,,,無年齡維度,0.0,女,遷入,新北市內,0
112,9,23,石門區,,,,無年齡維度,0.0,男,遷入,新北市內,0
112,9,23,石門區,,,,無年齡維度,0.0,女,遷入,桃園市,4
112,9,23,石門區,,,,無年齡維度,0.0,男,遷入,桃園市,5
112,9,23,石門區,,,,無年齡維度,0.0,女,遷入,福建省,2
112,9,23,石門區,,,,無年齡維度,0.0,男,遷入,福建省,0
112,9,23,石門區,,,,無年齡維度,0.0,女,遷入,臺中市,1
112,9,23,石門區,,,,無年齡維度,0.0,男,遷入,臺中市,2
112,9,23,石門區,,,,無年齡維度,0.0,女,遷入,臺北市,47
112,9,23,石門區,,,,無年齡維度,0.0,男,遷入,臺北市,42
112,9,23,石門區,,,,無年齡維度,0.0,女,遷入,臺南市,0
112,9,23,石門區,,,,無年齡維度,0.0,男,遷入,臺南市,0
112,9,23,石門區,,,,無年齡維度,0.0,女,遷入,臺灣省,9
112,9,23,石門區,,,,無年齡維度,0.0,男,遷入,臺灣省,8
112,9,23,石門區,,,,無年齡維度,0.0,女,遷入,高雄市,4
112,9,23,石門區,,,,無年齡維度,0.0,男,遷入,高雄市,2
112,9,23,石門區,,,,無年齡維度,0.0,女,遷出,migrants,60
112,9,23,石門區,,,,無年齡維度,0.0,男,遷出,migrants,70
112,9,23,石門區,,,,無年齡維度,0.0,女,遷出,other,0
112,9,23,石門區,,,,無年齡維度,0.0,男,遷出,other,0
112,9,23,石門區,,,,無年齡維度,0.0,女,遷出,其他縣市,0
112,9,23,石門區,,,,無年齡維度,0.0,男,遷出,其他縣市,0
112,9,23,石門區,,,,無年齡維度,0.0,女,遷出,其他鄉鎮,37
112,9,23,石門區,,,,無年齡維度,0.0,男,遷出,其他鄉鎮,28
112,9,23,石門區,,,,無年齡維度,0.0,女,遷出,合計,76
112,9,23,石門區,,,,無年齡維度,0.0,男,遷出,合計,51
112,9,23,石門區,,,,無年齡維度,0.0,女,遷出,國外,2
112,9,23,石門區,,,,無年齡維度,0.0,男,遷出,國外,1
112,9,23,石門區,,,,無年齡維度,0.0,女,遷出,新北市內,0
112,9,23,石門區,,,,無年齡維度,0.0,男,遷出,新北市內,0
112,9,23,石門區,,,,無年齡維度,0.0,女,遷出,桃園市,3
112,9,23,石門區,,,,無年齡維度,0.0,男,遷出,桃園市,4
112,9,23,石門區,,,,無年齡維度,0.0,女,遷出,福建省,0
112,9,23,石門區,,,,無年齡維度,0.0,男,遷出,福建省,0
112,9,23,石門區,,,,無年齡維度,0.0,女,遷出,臺中市,0
112,9,23,石門區,,,,無年齡維度,0.0,男,遷出,臺中市,0
112,9,23,石門區,,,,無年齡維度,0.0,女,遷出,臺北市,26
112,9,23,石門區,,,,無年齡維度,0.0,男,遷出,臺北市,11
112,9,23,石門區,,,,無年齡維度,0.0,女,遷出,臺南市,0
112,9,23,石門區,,,,無年齡維度,0.0,男,遷出,臺南市,1
112,9,23,石門區,,,,無年齡維度,0.0,女,遷出,臺灣省,6
112,9,23,石門區,,,,無年齡維度,0.0,男,遷出,臺灣省,4
112,9,23,石門區,,,,無年齡維度,0.0,女,遷出,高雄市,2
112,9,23,石門區,,,,無年齡維度,0.0,男,遷出,高雄市,2
112,9,24,金山區,,,,無年齡維度,0.0,女,遷入,migrants,4
112,9,24,金山區,,,,無年齡維度,0.0,男,遷入,migrants,1
112,9,24,金山區,,,,無年齡維度,0.0,女,遷入,other,0
112,9,24,金山區,,,,無年齡維度,0.0,男,遷入,other,0
112,9,24,金山區,,,,無年齡維度,0.0,女,遷入,其他縣市,0
112,9,24,金山區,,,,無年齡維度,0.0,男,遷入,其他縣市,0
112,9,24,金山區,,,,無年齡維度,0.0,女,遷入,其他鄉鎮,4
112,9,24,金山區,,,,無年齡維度,0.0,男,遷入,其他鄉鎮,4
112,9,24,金山區,,,,無年齡維度,0.0,女,遷入,合計,7
112,9,24,金山區,,,,無年齡維度,0.0,男,遷入,合計,8
112,9,24,金山區,,,,無年齡維度,0.0,女,遷入,國外,0
112,9,24,金山區,,,,無年齡維度,0.0,男,遷入,國外,1
112,9,24,金山區,,,,無年齡維度,0.0,女,遷入,新北市內,0
112,9,24,金山區,,,,無年齡維度,0.0,男,遷入,新北市內,0
112,9,24,金山區,,,,無年齡維度,0.0,女,遷入,桃園市,0
112,9,24,金山區,,,,無年齡維度,0.0,男,遷入,桃園市,0
112,9,24,金山區,,,,無年齡維度,0.0,女,遷入,福建省,0
112,9,24,金山區,,,,無年齡維度,0.0,男,遷入,福建省,0
112,9,24,金山區,,,,無年齡維度,0.0,女,遷入,臺中市,1
112,9,24,金山區,,,,無年齡維度,0.0,男,遷入,臺中市,0
112,9,24,金山區,,,,無年齡維度,0.0,女,遷入,臺北市,2
112,9,24,金山區,,,,無年齡維度,0.0,男,遷入,臺北市,1
112,9,24,金山區,,,,無年齡維度,0.0,女,遷入,臺南市,0
112,9,24,金山區,,,,無年齡維度,0.0,男,遷入,臺南市,0
112,9,24,金山區,,,,無年齡維度,0.0,女,遷入,臺灣省,0
112,9,24,金山區,,,,無年齡維度,0.0,男,遷入,臺灣省,0
112,9,24,金山區,,,,無年齡維度,0.0,女,遷入,高雄市,0
112,9,24,金山區,,,,無年齡維度,0.0,男,遷入,高雄市,0
112,9,24,金山區,,,,無年齡維度,0.0,女,遷出,migrants,4
112,9,24,金山區,,,,無年齡維度,0.0,男,遷出,migrants,1
112,9,24,金山區,,,,無年齡維度,0.0,女,遷出,other,0
112,9,24,金山區,,,,無年齡維度,0.0,男,遷出,other,0
112,9,24,金山區,,,,無年齡維度,0.0,女,遷出,其他縣市,0
112,9,24,金山區,,,,無年齡維度,0.0,男,遷出,其他縣市,0
112,9,24,金山區,,,,無年齡維度,0.0,女,遷出,其他鄉鎮,5
112,9,24,金山區,,,,無年齡維度,0.0,男,遷出,其他鄉鎮,2
112,9,24,金山區,,,,無年齡維度,0.0,女,遷出,合計,8
112,9,24,金山區,,,,無年齡維度,0.0,男,遷出,合計,4
112,9,24,金山區,,,,無年齡維度,0.0,女,遷出,國外,0
112,9,24,金山區,,,,無年齡維度,0.0,男,遷出,國外,0
112,9,24,金山區,,,,無年齡維度,0.0,女,遷出,新北市內,0
112,9,24,金山區,,,,無年齡維度,0.0,男,遷出,新北市內,0
112,9,24,金山區,,,,無年齡維度,0.0,女,遷出,桃園市,1
112,9,24,金山區,,,,無年齡維度,0.0,男,遷出,桃園市,0
112,9,24,金山區,,,,無年齡維度,0.0,女,遷出,福建省,0
112,9,24,金山區,,,,無年齡維度,0.0,男,遷出,福建省,0
112,9,24,金山區,,,,無年齡維度,0.0,女,遷出,臺中市,0
112,9,24,金山區,,,,無年齡維度,0.0,男,遷出,臺中市,1
112,9,24,金山區,,,,無年齡維度,0.0,女,遷出,臺北市,1
112,9,24,金山區,,,,無年齡維度,0.0,男,遷出,臺北市,1
112,9,24,金山區,,,,無年齡維度,0.0,女,遷出,臺南市,0
112,9,24,金山區,,,,無年齡維度,0.0,男,遷出,臺南市,0
112,9,24,金山區,,,,無年齡維度,0.0,女,遷出,臺灣省,1
112,9,24,金山區,,,,無年齡維度,0.0,男,遷出,臺灣省,0
112,9,24,金山區,,,,無年齡維度,0.0,女,遷出,高雄市,0
112,9,24,金山區,,,,無年齡維度,0.0,男,遷出,高雄市,0
112,9,25,萬里區,,,,無年齡維度,0.0,女,遷入,migrants,0
112,9,25,萬里區,,,,無年齡維度,0.0,男,遷入,migrants,2
112,9,25,萬里區,,,,無年齡維度,0.0,女,遷入,other,0
112,9,25,萬里區,,,,無年齡維度,0.0,男,遷入,other,0
112,9,25,萬里區,,,,無年齡維度,0.0,女,遷入,其他縣市,0
112,9,25,萬里區,,,,無年齡維度,0.0,男,遷入,其他縣市,0
112,9,25,萬里區,,,,無年齡維度,0.0,女,遷入,其他鄉鎮,2
112,9,25,萬里區,,,,無年齡維度,0.0,男,遷入,其他鄉鎮,4
112,9,25,萬里區,,,,無年齡維度,0.0,女,遷入,合計,10
112,9,25,萬里區,,,,無年齡維度,0.0,男,遷入,合計,7
112,9,25,萬里區,,,,無年齡維度,0.0,女,遷入,國外,4
112,9,25,萬里區,,,,無年齡維度,0.0,男,遷入,國外,0
112,9,25,萬里區,,,,無年齡維度,0.0,女,遷入,新北市內,0
112,9,25,萬里區,,,,無年齡維度,0.0,男,遷入,新北市內,0
112,9,25,萬里區,,,,無年齡維度,0.0,女,遷入,桃園市,0
112,9,25,萬里區,,,,無年齡維度,0.0,男,遷入,桃園市,1
112,9,25,萬里區,,,,無年齡維度,0.0,女,遷入,福建省,0
112,9,25,萬里區,,,,無年齡維度,0.0,男,遷入,福建省,0
112,9,25,萬里區,,,,無年齡維度,0.0,女,遷入,臺中市,0
112,9,25,萬里區,,,,無年齡維度,0.0,男,遷入,臺中市,0
112,9,25,萬里區,,,,無年齡維度,0.0,女,遷入,臺北市,0
112,9,25,萬里區,,,,無年齡維度,0.0,男,遷入,臺北市,1
112,9,25,萬里區,,,,無年齡維度,0.0,女,遷入,臺南市,0
112,9,25,萬里區,,,,無年齡維度,0.0,男,遷入,臺南市,0
112,9,25,萬里區,,,,無年齡維度,0.0,女,遷入,臺灣省,3
112,9,25,萬里區,,,,無年齡維度,0.0,男,遷入,臺灣省,1
112,9,25,萬里區,,,,無年齡維度,0.0,女,遷入,高雄市,1
112,9,25,萬里區,,,,無年齡維度,0.0,男,遷入,高雄市,0
112,9,25,萬里區,,,,無年齡維度,0.0,女,遷出,migrants,0
112,9,25,萬里區,,,,無年齡維度,0.0,男,遷出,migrants,2
112,9,25,萬里區,,,,無年齡維度,0.0,女,遷出,other,0
112,9,25,萬里區,,,,無年齡維度,0.0,男,遷出,other,0
112,9,25,萬里區,,,,無年齡維度,0.0,女,遷出,其他縣市,0
112,9,25,萬里區,,,,無年齡維度,0.0,男,遷出,其他縣市,0
112,9,25,萬里區,,,,無年齡維度,0.0,女,遷出,其他鄉鎮,5
112,9,25,萬里區,,,,無年齡維度,0.0,男,遷出,其他鄉鎮,5
112,9,25,萬里區,,,,無年齡維度,0.0,女,遷出,合計,11
112,9,25,萬里區,,,,無年齡維度,0.0,男,遷出,合計,9
112,9,25,萬里區,,,,無年齡維度,0.0,女,遷出,國外,0
112,9,25,萬里區,,,,無年齡維度,0.0,男,遷出,國外,1
112,9,25,萬里區,,,,無年齡維度,0.0,女,遷出,新北市內,0
112,9,25,萬里區,,,,無年齡維度,0.0,男,遷出,新北市內,0
112,9,25,萬里區,,,,無年齡維度,0.0,女,遷出,桃園市,1
112,9,25,萬里區,,,,無年齡維度,0.0,男,遷出,桃園市,1
112,9,25,萬里區,,,,無年齡維度,0.0,女,遷出,福建省,0
112,9,25,萬里區,,,,無年齡維度,0.0,男,遷出,福建省,0
112,9,25,萬里區,,,,無年齡維度,0.0,女,遷出,臺中市,0
112,9,25,萬里區,,,,無年齡維度,0.0,男,遷出,臺中市,0
112,9,25,萬里區,,,,無年齡維度,0.0,女,遷出,臺北市,0
112,9,25,萬里區,,,,無年齡維度,0.0,男,遷出,臺北市,0
112,9,25,萬里區,,,,無年齡維度,0.0,女,遷出,臺南市,0
112,9,25,萬里區,,,,無年齡維度,0.0,男,遷出,臺南市,0
112,9,25,萬里區,,,,無年齡維度,0.0,女,遷出,臺灣省,4
112,9,25,萬里區,,,,無年齡維度,0.0,男,遷出,臺灣省,2
112,9,25,萬里區,,,,無年齡維度,0.0,女,遷出,高雄市,1
112,9,25,萬里區,,,,無年齡維度,0.0,男,遷出,高雄市,0
112,9,26,平溪區,,,,無年齡維度,0.0,女,遷入,migrants,2
112,9,26,平溪區,,,,無年齡維度,0.0,男,遷入,migrants,2
112,9,26,平溪區,,,,無年齡維度,0.0,女,遷入,other,0
112,9,26,平溪區,,,,無年齡維度,0.0,男,遷入,other,0
112,9,26,平溪區,,,,無年齡維度,0.0,女,遷入,其他縣市,0
112,9,26,平溪區,,,,無年齡維度,0.0,男,遷入,其他縣市,0
112,9,26,平溪區,,,,無年齡維度,0.0,女,遷入,其他鄉鎮,1
112,9,26,平溪區,,,,無年齡維度,0.0,男,遷入,其他鄉鎮,2
112,9,26,平溪區,,,,無年齡維度,0.0,女,遷入,合計,11
112,9,26,平溪區,,,,無年齡維度,0.0,男,遷入,合計,12
112,9,26,平溪區,,,,無年齡維度,0.0,女,遷入,國外,1
112,9,26,平溪區,,,,無年齡維度,0.0,男,遷入,國外,2
112,9,26,平溪區,,,,無年齡維度,0.0,女,遷入,新北市內,0
112,9,26,平溪區,,,,無年齡維度,0.0,男,遷入,新北市內,0
112,9,26,平溪區,,,,無年齡維度,0.0,女,遷入,桃園市,1
112,9,26,平溪區,,,,無年齡維度,0.0,男,遷入,桃園市,2
112,9,26,平溪區,,,,無年齡維度,0.0,女,遷入,福建省,0
112,9,26,平溪區,,,,無年齡維度,0.0,男,遷入,福建省,0
112,9,26,平溪區,,,,無年齡維度,0.0,女,遷入,臺中市,0
112,9,26,平溪區,,,,無年齡維度,0.0,男,遷入,臺中市,1
112,9,26,平溪區,,,,無年齡維度,0.0,女,遷入,臺北市,2
112,9,26,平溪區,,,,無年齡維度,0.0,男,遷入,臺北市,0
112,9,26,平溪區,,,,無年齡維度,0.0,女,遷入,臺南市,0
112,9,26,平溪區,,,,無年齡維度,0.0,男,遷入,臺南市,0
112,9,26,平溪區,,,,無年齡維度,0.0,女,遷入,臺灣省,5
112,9,26,平溪區,,,,無年齡維度,0.0,男,遷入,臺灣省,4
112,9,26,平溪區,,,,無年齡維度,0.0,女,遷入,高雄市,1
112,9,26,平溪區,,,,無年齡維度,0.0,男,遷入,高雄市,1
112,9,26,平溪區,,,,無年齡維度,0.0,女,遷出,migrants,2
112,9,26,平溪區,,,,無年齡維度,0.0,男,遷出,migrants,2
112,9,26,平溪區,,,,無年齡維度,0.0,女,遷出,other,0
112,9,26,平溪區,,,,無年齡維度,0.0,男,遷出,other,0
112,9,26,平溪區,,,,無年齡維度,0.0,女,遷出,其他縣市,0
112,9,26,平溪區,,,,無年齡維度,0.0,男,遷出,其他縣市,0
112,9,26,平溪區,,,,無年齡維度,0.0,女,遷出,其他鄉鎮,4
112,9,26,平溪區,,,,無年齡維度,0.0,男,遷出,其他鄉鎮,11
112,9,26,平溪區,,,,無年齡維度,0.0,女,遷出,合計,7
112,9,26,平溪區,,,,無年齡維度,0.0,男,遷出,合計,25
112,9,26,平溪區,,,,無年齡維度,0.0,女,遷出,國外,0
112,9,26,平溪區,,,,無年齡維度,0.0,男,遷出,國外,0
112,9,26,平溪區,,,,無年齡維度,0.0,女,遷出,新北市內,0
112,9,26,平溪區,,,,無年齡維度,0.0,男,遷出,新北市內,0
112,9,26,平溪區,,,,無年齡維度,0.0,女,遷出,桃園市,0
112,9,26,平溪區,,,,無年齡維度,0.0,男,遷出,桃園市,1
112,9,26,平溪區,,,,無年齡維度,0.0,女,遷出,福建省,0
112,9,26,平溪區,,,,無年齡維度,0.0,男,遷出,福建省,0
112,9,26,平溪區,,,,無年齡維度,0.0,女,遷出,臺中市,0
112,9,26,平溪區,,,,無年齡維度,0.0,男,遷出,臺中市,0
112,9,26,平溪區,,,,無年齡維度,0.0,女,遷出,臺北市,0
112,9,26,平溪區,,,,無年齡維度,0.0,男,遷出,臺北市,2
112,9,26,平溪區,,,,無年齡維度,0.0,女,遷出,臺南市,0
112,9,26,平溪區,,,,無年齡維度,0.0,男,遷出,臺南市,1
112,9,26,平溪區,,,,無年齡維度,0.0,女,遷出,臺灣省,3
112,9,26,平溪區,,,,無年齡維度,0.0,男,遷出,臺灣省,9
112,9,26,平溪區,,,,無年齡維度,0.0,女,遷出,高雄市,0
112,9,26,平溪區,,,,無年齡維度,0.0,男,遷出,高雄市,1
112,9,27,雙溪區,,,,無年齡維度,0.0,女,遷入,migrants,21
112,9,27,雙溪區,,,,無年齡維度,0.0,男,遷入,migrants,14
112,9,27,雙溪區,,,,無年齡維度,0.0,女,遷入,other,0
112,9,27,雙溪區,,,,無年齡維度,0.0,男,遷入,other,0
112,9,27,雙溪區,,,,無年齡維度,0.0,女,遷入,其他縣市,0
112,9,27,雙溪區,,,,無年齡維度,0.0,男,遷入,其他縣市,0
112,9,27,雙溪區,,,,無年齡維度,0.0,女,遷入,其他鄉鎮,7
112,9,27,雙溪區,,,,無年齡維度,0.0,男,遷入,其他鄉鎮,6
112,9,27,雙溪區,,,,無年齡維度,0.0,女,遷入,合計,11
112,9,27,雙溪區,,,,無年齡維度,0.0,男,遷入,合計,14
112,9,27,雙溪區,,,,無年齡維度,0.0,女,遷入,國外,1
112,9,27,雙溪區,,,,無年齡維度,0.0,男,遷入,國外,1
112,9,27,雙溪區,,,,無年齡維度,0.0,女,遷入,新北市內,0
112,9,27,雙溪區,,,,無年齡維度,0.0,男,遷入,新北市內,0
112,9,27,雙溪區,,,,無年齡維度,0.0,女,遷入,桃園市,2
112,9,27,雙溪區,,,,無年齡維度,0.0,男,遷入,桃園市,0
112,9,27,雙溪區,,,,無年齡維度,0.0,女,遷入,福建省,0
112,9,27,雙溪區,,,,無年齡維度,0.0,男,遷入,福建省,0
112,9,27,雙溪區,,,,無年齡維度,0.0,女,遷入,臺中市,0
112,9,27,雙溪區,,,,無年齡維度,0.0,男,遷入,臺中市,0
112,9,27,雙溪區,,,,無年齡維度,0.0,女,遷入,臺北市,0
112,9,27,雙溪區,,,,無年齡維度,0.0,男,遷入,臺北市,4
112,9,27,雙溪區,,,,無年齡維度,0.0,女,遷入,臺南市,0
112,9,27,雙溪區,,,,無年齡維度,0.0,男,遷入,臺南市,0
112,9,27,雙溪區,,,,無年齡維度,0.0,女,遷入,臺灣省,1
112,9,27,雙溪區,,,,無年齡維度,0.0,男,遷入,臺灣省,3
112,9,27,雙溪區,,,,無年齡維度,0.0,女,遷入,高雄市,0
112,9,27,雙溪區,,,,無年齡維度,0.0,男,遷入,高雄市,0
112,9,27,雙溪區,,,,無年齡維度,0.0,女,遷出,migrants,21
112,9,27,雙溪區,,,,無年齡維度,0.0,男,遷出,migrants,14
112,9,27,雙溪區,,,,無年齡維度,0.0,女,遷出,other,0
112,9,27,雙溪區,,,,無年齡維度,0.0,男,遷出,other,0
112,9,27,雙溪區,,,,無年齡維度,0.0,女,遷出,其他縣市,0
112,9,27,雙溪區,,,,無年齡維度,0.0,男,遷出,其他縣市,0
112,9,27,雙溪區,,,,無年齡維度,0.0,女,遷出,其他鄉鎮,12
112,9,27,雙溪區,,,,無年齡維度,0.0,男,遷出,其他鄉鎮,12
112,9,27,雙溪區,,,,無年齡維度,0.0,女,遷出,合計,29
112,9,27,雙溪區,,,,無年齡維度,0.0,男,遷出,合計,27
112,9,27,雙溪區,,,,無年齡維度,0.0,女,遷出,國外,0
112,9,27,雙溪區,,,,無年齡維度,0.0,男,遷出,國外,1
112,9,27,雙溪區,,,,無年齡維度,0.0,女,遷出,新北市內,0
112,9,27,雙溪區,,,,無年齡維度,0.0,男,遷出,新北市內,0
112,9,27,雙溪區,,,,無年齡維度,0.0,女,遷出,桃園市,1
112,9,27,雙溪區,,,,無年齡維度,0.0,男,遷出,桃園市,1
112,9,27,雙溪區,,,,無年齡維度,0.0,女,遷出,福建省,0
112,9,27,雙溪區,,,,無年齡維度,0.0,男,遷出,福建省,0
112,9,27,雙溪區,,,,無年齡維度,0.0,女,遷出,臺中市,2
112,9,27,雙溪區,,,,無年齡維度,0.0,男,遷出,臺中市,2
112,9,27,雙溪區,,,,無年齡維度,0.0,女,遷出,臺北市,10
112,9,27,雙溪區,,,,無年齡維度,0.0,男,遷出,臺北市,5
112,9,27,雙溪區,,,,無年齡維度,0.0,女,遷出,臺南市,0
112,9,27,雙溪區,,,,無年齡維度,0.0,男,遷出,臺南市,0
112,9,27,雙溪區,,,,無年齡維度,0.0,女,遷出,臺灣省,4
112,9,27,雙溪區,,,,無年齡維度,0.0,男,遷出,臺灣省,6
112,9,27,雙溪區,,,,無年齡維度,0.0,女,遷出,高雄市,0
112,9,27,雙溪區,,,,無年齡維度,0.0,男,遷出,高雄市,0
112,9,28,貢寮區,,,,無年齡維度,0.0,女,遷入,migrants,18
112,9,28,貢寮區,,,,無年齡維度,0.0,男,遷入,migrants,17
112,9,28,貢寮區,,,,無年齡維度,0.0,女,遷入,other,0
112,9,28,貢寮區,,,,無年齡維度,0.0,男,遷入,other,0
112,9,28,貢寮區,,,,無年齡維度,0.0,女,遷入,其他縣市,0
112,9,28,貢寮區,,,,無年齡維度,0.0,男,遷入,其他縣市,0
112,9,28,貢寮區,,,,無年齡維度,0.0,女,遷入,其他鄉鎮,13
112,9,28,貢寮區,,,,無年齡維度,0.0,男,遷入,其他鄉鎮,17
112,9,28,貢寮區,,,,無年齡維度,0.0,女,遷入,合計,34
112,9,28,貢寮區,,,,無年齡維度,0.0,男,遷入,合計,36
112,9,28,貢寮區,,,,無年齡維度,0.0,女,遷入,國外,5
112,9,28,貢寮區,,,,無年齡維度,0.0,男,遷入,國外,3
112,9,28,貢寮區,,,,無年齡維度,0.0,女,遷入,新北市內,0
112,9,28,貢寮區,,,,無年齡維度,0.0,男,遷入,新北市內,0
112,9,28,貢寮區,,,,無年齡維度,0.0,女,遷入,桃園市,0
112,9,28,貢寮區,,,,無年齡維度,0.0,男,遷入,桃園市,0
112,9,28,貢寮區,,,,無年齡維度,0.0,女,遷入,福建省,0
112,9,28,貢寮區,,,,無年齡維度,0.0,男,遷入,福建省,1
112,9,28,貢寮區,,,,無年齡維度,0.0,女,遷入,臺中市,0
112,9,28,貢寮區,,,,無年齡維度,0.0,男,遷入,臺中市,0
112,9,28,貢寮區,,,,無年齡維度,0.0,女,遷入,臺北市,4
112,9,28,貢寮區,,,,無年齡維度,0.0,男,遷入,臺北市,2
112,9,28,貢寮區,,,,無年齡維度,0.0,女,遷入,臺南市,0
112,9,28,貢寮區,,,,無年齡維度,0.0,男,遷入,臺南市,1
112,9,28,貢寮區,,,,無年齡維度,0.0,女,遷入,臺灣省,10
112,9,28,貢寮區,,,,無年齡維度,0.0,男,遷入,臺灣省,11
112,9,28,貢寮區,,,,無年齡維度,0.0,女,遷入,高雄市,0
112,9,28,貢寮區,,,,無年齡維度,0.0,男,遷入,高雄市,1
112,9,28,貢寮區,,,,無年齡維度,0.0,女,遷出,migrants,18
112,9,28,貢寮區,,,,無年齡維度,0.0,男,遷出,migrants,17
112,9,28,貢寮區,,,,無年齡維度,0.0,女,遷出,other,0
112,9,28,貢寮區,,,,無年齡維度,0.0,男,遷出,other,0
112,9,28,貢寮區,,,,無年齡維度,0.0,女,遷出,其他縣市,0
112,9,28,貢寮區,,,,無年齡維度,0.0,男,遷出,其他縣市,0
112,9,28,貢寮區,,,,無年齡維度,0.0,女,遷出,其他鄉鎮,6
112,9,28,貢寮區,,,,無年齡維度,0.0,男,遷出,其他鄉鎮,4
112,9,28,貢寮區,,,,無年齡維度,0.0,女,遷出,合計,20
112,9,28,貢寮區,,,,無年齡維度,0.0,男,遷出,合計,22
112,9,28,貢寮區,,,,無年齡維度,0.0,女,遷出,國外,0
112,9,28,貢寮區,,,,無年齡維度,0.0,男,遷出,國外,1
112,9,28,貢寮區,,,,無年齡維度,0.0,女,遷出,新北市內,0
112,9,28,貢寮區,,,,無年齡維度,0.0,男,遷出,新北市內,0
112,9,28,貢寮區,,,,無年齡維度,0.0,女,遷出,桃園市,3
112,9,28,貢寮區,,,,無年齡維度,0.0,男,遷出,桃園市,1
112,9,28,貢寮區,,,,無年齡維度,0.0,女,遷出,福建省,0
112,9,28,貢寮區,,,,無年齡維度,0.0,男,遷出,福建省,0
112,9,28,貢寮區,,,,無年齡維度,0.0,女,遷出,臺中市,0
112,9,28,貢寮區,,,,無年齡維度,0.0,男,遷出,臺中市,0
112,9,28,貢寮區,,,,無年齡維度,0.0,女,遷出,臺北市,2
112,9,28,貢寮區,,,,無年齡維度,0.0,男,遷出,臺北市,3
112,9,28,貢寮區,,,,無年齡維度,0.0,女,遷出,臺南市,0
112,9,28,貢寮區,,,,無年齡維度,0.0,男,遷出,臺南市,1
112,9,28,貢寮區,,,,無年齡維度,0.0,女,遷出,臺灣省,9
112,9,28,貢寮區,,,,無年齡維度,0.0,男,遷出,臺灣省,12
112,9,28,貢寮區,,,,無年齡維度,0.0,女,遷出,高雄市,0
112,9,28,貢寮區,,,,無年齡維度,0.0,男,遷出,高雄市,0
112,9,29,烏來區,,,,無年齡維度,0.0,女,遷入,migrants,5
112,9,29,烏來區,,,,無年齡維度,0.0,男,遷入,migrants,5
112,9,29,烏來區,,,,無年齡維度,0.0,女,遷入,other,0
112,9,29,烏來區,,,,無年齡維度,0.0,男,遷入,other,0
112,9,29,烏來區,,,,無年齡維度,0.0,女,遷入,其他縣市,0
112,9,29,烏來區,,,,無年齡維度,0.0,男,遷入,其他縣市,0
112,9,29,烏來區,,,,無年齡維度,0.0,女,遷入,其他鄉鎮,16
112,9,29,烏來區,,,,無年齡維度,0.0,男,遷入,其他鄉鎮,14
112,9,29,烏來區,,,,無年齡維度,0.0,女,遷入,合計,23
112,9,29,烏來區,,,,無年齡維度,0.0,男,遷入,合計,16
112,9,29,烏來區,,,,無年齡維度,0.0,女,遷入,國外,1
112,9,29,烏來區,,,,無年齡維度,0.0,男,遷入,國外,1
112,9,29,烏來區,,,,無年齡維度,0.0,女,遷入,新北市內,0
112,9,29,烏來區,,,,無年齡維度,0.0,男,遷入,新北市內,0
112,9,29,烏來區,,,,無年齡維度,0.0,女,遷入,桃園市,2
112,9,29,烏來區,,,,無年齡維度,0.0,男,遷入,桃園市,0
112,9,29,烏來區,,,,無年齡維度,0.0,女,遷入,福建省,0
112,9,29,烏來區,,,,無年齡維度,0.0,男,遷入,福建省,0
112,9,29,烏來區,,,,無年齡維度,0.0,女,遷入,臺中市,1
112,9,29,烏來區,,,,無年齡維度,0.0,男,遷入,臺中市,0
112,9,29,烏來區,,,,無年齡維度,0.0,女,遷入,臺北市,0
112,9,29,烏來區,,,,無年齡維度,0.0,男,遷入,臺北市,1
112,9,29,烏來區,,,,無年齡維度,0.0,女,遷入,臺南市,0
112,9,29,烏來區,,,,無年齡維度,0.0,男,遷入,臺南市,0
112,9,29,烏來區,,,,無年齡維度,0.0,女,遷入,臺灣省,1
112,9,29,烏來區,,,,無年齡維度,0.0,男,遷入,臺灣省,0
112,9,29,烏來區,,,,無年齡維度,0.0,女,遷入,高雄市,2
112,9,29,烏來區,,,,無年齡維度,0.0,男,遷入,高雄市,0
112,9,29,烏來區,,,,無年齡維度,0.0,女,遷出,migrants,5
112,9,29,烏來區,,,,無年齡維度,0.0,男,遷出,migrants,5
112,9,29,烏來區,,,,無年齡維度,0.0,女,遷出,other,0
112,9,29,烏來區,,,,無年齡維度,0.0,男,遷出,other,0
112,9,29,烏來區,,,,無年齡維度,0.0,女,遷出,其他縣市,0
112,9,29,烏來區,,,,無年齡維度,0.0,男,遷出,其他縣市,0
112,9,29,烏來區,,,,無年齡維度,0.0,女,遷出,其他鄉鎮,7
112,9,29,烏來區,,,,無年齡維度,0.0,男,遷出,其他鄉鎮,10
112,9,29,烏來區,,,,無年齡維度,0.0,女,遷出,合計,13
112,9,29,烏來區,,,,無年齡維度,0.0,男,遷出,合計,15
112,9,29,烏來區,,,,無年齡維度,0.0,女,遷出,國外,0
112,9,29,烏來區,,,,無年齡維度,0.0,男,遷出,國外,1
112,9,29,烏來區,,,,無年齡維度,0.0,女,遷出,新北市內,0
112,9,29,烏來區,,,,無年齡維度,0.0,男,遷出,新北市內,0
112,9,29,烏來區,,,,無年齡維度,0.0,女,遷出,桃園市,1
112,9,29,烏來區,,,,無年齡維度,0.0,男,遷出,桃園市,1
112,9,29,烏來區,,,,無年齡維度,0.0,女,遷出,福建省,0
112,9,29,烏來區,,,,無年齡維度,0.0,男,遷出,福建省,0
112,9,29,烏來區,,,,無年齡維度,0.0,女,遷出,臺中市,1
112,9,29,烏來區,,,,無年齡維度,0.0,男,遷出,臺中市,0
112,9,29,烏來區,,,,無年齡維度,0.0,女,遷出,臺北市,1
112,9,29,烏來區,,,,無年齡維度,0.0,男,遷出,臺北市,1
112,9,29,烏來區,,,,無年齡維度,0.0,女,遷出,臺南市,0
112,9,29,烏來區,,,,無年齡維度,0.0,男,遷出,臺南市,0
112,9,29,烏來區,,,,無年齡維度,0.0,女,遷出,臺灣省,3
112,9,29,烏來區,,,,無年齡維度,0.0,男,遷出,臺灣省,2
112,9,29,烏來區,,,,無年齡維度,0.0,女,遷出,高雄市,0
112,9,29,烏來區,,,,無年齡維度,0.0,男,遷出,高雄市,0
112,10,1,板橋區,,,,無年齡維度,0.0,女,遷入,migrants,706
112,10,1,板橋區,,,,無年齡維度,0.0,男,遷入,migrants,642
112,10,1,板橋區,,,,無年齡維度,0.0,女,遷入,other,0
112,10,1,板橋區,,,,無年齡維度,0.0,男,遷入,other,0
112,10,1,板橋區,,,,無年齡維度,0.0,女,遷入,其他縣市,0
112,10,1,板橋區,,,,無年齡維度,0.0,男,遷入,其他縣市,0
112,10,1,板橋區,,,,無年齡維度,0.0,女,遷入,其他鄉鎮,299
112,10,1,板橋區,,,,無年齡維度,0.0,男,遷入,其他鄉鎮,247
112,10,1,板橋區,,,,無年齡維度,0.0,女,遷入,合計,848
112,10,1,板橋區,,,,無年齡維度,0.0,男,遷入,合計,698
112,10,1,板橋區,,,,無年齡維度,0.0,女,遷入,國外,184
112,10,1,板橋區,,,,無年齡維度,0.0,男,遷入,國外,130
112,10,1,板橋區,,,,無年齡維度,0.0,女,遷入,新北市內,0
112,10,1,板橋區,,,,無年齡維度,0.0,男,遷入,新北市內,0
112,10,1,板橋區,,,,無年齡維度,0.0,女,遷入,桃園市,51
112,10,1,板橋區,,,,無年齡維度,0.0,男,遷入,桃園市,49
112,10,1,板橋區,,,,無年齡維度,0.0,女,遷入,福建省,5
112,10,1,板橋區,,,,無年齡維度,0.0,男,遷入,福建省,8
112,10,1,板橋區,,,,無年齡維度,0.0,女,遷入,臺中市,18
112,10,1,板橋區,,,,無年齡維度,0.0,男,遷入,臺中市,15
112,10,1,板橋區,,,,無年齡維度,0.0,女,遷入,臺北市,158
112,10,1,板橋區,,,,無年齡維度,0.0,男,遷入,臺北市,151
112,10,1,板橋區,,,,無年齡維度,0.0,女,遷入,臺南市,11
112,10,1,板橋區,,,,無年齡維度,0.0,男,遷入,臺南市,15
112,10,1,板橋區,,,,無年齡維度,0.0,女,遷入,臺灣省,85
112,10,1,板橋區,,,,無年齡維度,0.0,男,遷入,臺灣省,64
112,10,1,板橋區,,,,無年齡維度,0.0,女,遷入,高雄市,16
112,10,1,板橋區,,,,無年齡維度,0.0,男,遷入,高雄市,8
112,10,1,板橋區,,,,無年齡維度,0.0,女,遷出,migrants,706
112,10,1,板橋區,,,,無年齡維度,0.0,男,遷出,migrants,642
112,10,1,板橋區,,,,無年齡維度,0.0,女,遷出,other,0
112,10,1,板橋區,,,,無年齡維度,0.0,男,遷出,other,0
112,10,1,板橋區,,,,無年齡維度,0.0,女,遷出,其他縣市,0
112,10,1,板橋區,,,,無年齡維度,0.0,男,遷出,其他縣市,0
112,10,1,板橋區,,,,無年齡維度,0.0,女,遷出,其他鄉鎮,340
112,10,1,板橋區,,,,無年齡維度,0.0,男,遷出,其他鄉鎮,259
112,10,1,板橋區,,,,無年齡維度,0.0,女,遷出,合計,706
112,10,1,板橋區,,,,無年齡維度,0.0,男,遷出,合計,586
112,10,1,板橋區,,,,無年齡維度,0.0,女,遷出,國外,18
112,10,1,板橋區,,,,無年齡維度,0.0,男,遷出,國外,24
112,10,1,板橋區,,,,無年齡維度,0.0,女,遷出,新北市內,0
112,10,1,板橋區,,,,無年齡維度,0.0,男,遷出,新北市內,0
112,10,1,板橋區,,,,無年齡維度,0.0,女,遷出,桃園市,83
112,10,1,板橋區,,,,無年齡維度,0.0,男,遷出,桃園市,75
112,10,1,板橋區,,,,無年齡維度,0.0,女,遷出,福建省,5
112,10,1,板橋區,,,,無年齡維度,0.0,男,遷出,福建省,7
112,10,1,板橋區,,,,無年齡維度,0.0,女,遷出,臺中市,27
112,10,1,板橋區,,,,無年齡維度,0.0,男,遷出,臺中市,18
112,10,1,板橋區,,,,無年齡維度,0.0,女,遷出,臺北市,134
112,10,1,板橋區,,,,無年齡維度,0.0,男,遷出,臺北市,111
112,10,1,板橋區,,,,無年齡維度,0.0,女,遷出,臺南市,7
112,10,1,板橋區,,,,無年齡維度,0.0,男,遷出,臺南市,12
112,10,1,板橋區,,,,無年齡維度,0.0,女,遷出,臺灣省,76
112,10,1,板橋區,,,,無年齡維度,0.0,男,遷出,臺灣省,67
112,10,1,板橋區,,,,無年齡維度,0.0,女,遷出,高雄市,15
112,10,1,板橋區,,,,無年齡維度,0.0,男,遷出,高雄市,13
112,10,2,三重區,,,,無年齡維度,0.0,女,遷入,migrants,477
112,10,2,三重區,,,,無年齡維度,0.0,男,遷入,migrants,416
112,10,2,三重區,,,,無年齡維度,0.0,女,遷入,other,0
112,10,2,三重區,,,,無年齡維度,0.0,男,遷入,other,0
112,10,2,三重區,,,,無年齡維度,0.0,女,遷入,其他縣市,0
112,10,2,三重區,,,,無年齡維度,0.0,男,遷入,其他縣市,0
112,10,2,三重區,,,,無年齡維度,0.0,女,遷入,其他鄉鎮,211
112,10,2,三重區,,,,無年齡維度,0.0,男,遷入,其他鄉鎮,166
112,10,2,三重區,,,,無年齡維度,0.0,女,遷入,合計,689
112,10,2,三重區,,,,無年齡維度,0.0,男,遷入,合計,528
112,10,2,三重區,,,,無年齡維度,0.0,女,遷入,國外,141
112,10,2,三重區,,,,無年齡維度,0.0,男,遷入,國外,91
112,10,2,三重區,,,,無年齡維度,0.0,女,遷入,新北市內,0
112,10,2,三重區,,,,無年齡維度,0.0,男,遷入,新北市內,0
112,10,2,三重區,,,,無年齡維度,0.0,女,遷入,桃園市,32
112,10,2,三重區,,,,無年齡維度,0.0,男,遷入,桃園市,22
112,10,2,三重區,,,,無年齡維度,0.0,女,遷入,福建省,3
112,10,2,三重區,,,,無年齡維度,0.0,男,遷入,福建省,1
112,10,2,三重區,,,,無年齡維度,0.0,女,遷入,臺中市,22
112,10,2,三重區,,,,無年齡維度,0.0,男,遷入,臺中市,8
112,10,2,三重區,,,,無年齡維度,0.0,女,遷入,臺北市,181
112,10,2,三重區,,,,無年齡維度,0.0,男,遷入,臺北市,175
112,10,2,三重區,,,,無年齡維度,0.0,女,遷入,臺南市,9
112,10,2,三重區,,,,無年齡維度,0.0,男,遷入,臺南市,3
112,10,2,三重區,,,,無年齡維度,0.0,女,遷入,臺灣省,61
112,10,2,三重區,,,,無年齡維度,0.0,男,遷入,臺灣省,48
112,10,2,三重區,,,,無年齡維度,0.0,女,遷入,高雄市,9
112,10,2,三重區,,,,無年齡維度,0.0,男,遷入,高雄市,4
112,10,2,三重區,,,,無年齡維度,0.0,女,遷出,migrants,477
112,10,2,三重區,,,,無年齡維度,0.0,男,遷出,migrants,416
112,10,2,三重區,,,,無年齡維度,0.0,女,遷出,other,0
112,10,2,三重區,,,,無年齡維度,0.0,男,遷出,other,0
112,10,2,三重區,,,,無年齡維度,0.0,女,遷出,其他縣市,0
112,10,2,三重區,,,,無年齡維度,0.0,男,遷出,其他縣市,0
112,10,2,三重區,,,,無年齡維度,0.0,女,遷出,其他鄉鎮,217
112,10,2,三重區,,,,無年齡維度,0.0,男,遷出,其他鄉鎮,182
112,10,2,三重區,,,,無年齡維度,0.0,女,遷出,合計,549
112,10,2,三重區,,,,無年齡維度,0.0,男,遷出,合計,430
112,10,2,三重區,,,,無年齡維度,0.0,女,遷出,國外,19
112,10,2,三重區,,,,無年齡維度,0.0,男,遷出,國外,9
112,10,2,三重區,,,,無年齡維度,0.0,女,遷出,新北市內,0
112,10,2,三重區,,,,無年齡維度,0.0,男,遷出,新北市內,0
112,10,2,三重區,,,,無年齡維度,0.0,女,遷出,桃園市,54
112,10,2,三重區,,,,無年齡維度,0.0,男,遷出,桃園市,28
112,10,2,三重區,,,,無年齡維度,0.0,女,遷出,福建省,0
112,10,2,三重區,,,,無年齡維度,0.0,男,遷出,福建省,4
112,10,2,三重區,,,,無年齡維度,0.0,女,遷出,臺中市,14
112,10,2,三重區,,,,無年齡維度,0.0,男,遷出,臺中市,13
112,10,2,三重區,,,,無年齡維度,0.0,女,遷出,臺北市,159
112,10,2,三重區,,,,無年齡維度,0.0,男,遷出,臺北市,135
112,10,2,三重區,,,,無年齡維度,0.0,女,遷出,臺南市,15
112,10,2,三重區,,,,無年齡維度,0.0,男,遷出,臺南市,7
112,10,2,三重區,,,,無年齡維度,0.0,女,遷出,臺灣省,57
112,10,2,三重區,,,,無年齡維度,0.0,男,遷出,臺灣省,46
112,10,2,三重區,,,,無年齡維度,0.0,女,遷出,高雄市,14
112,10,2,三重區,,,,無年齡維度,0.0,男,遷出,高雄市,5
112,10,3,中和區,,,,無年齡維度,0.0,女,遷入,migrants,334
112,10,3,中和區,,,,無年齡維度,0.0,男,遷入,migrants,316
112,10,3,中和區,,,,無年齡維度,0.0,女,遷入,other,0
112,10,3,中和區,,,,無年齡維度,0.0,男,遷入,other,0
112,10,3,中和區,,,,無年齡維度,0.0,女,遷入,其他縣市,0
112,10,3,中和區,,,,無年齡維度,0.0,男,遷入,其他縣市,0
112,10,3,中和區,,,,無年齡維度,0.0,女,遷入,其他鄉鎮,287
112,10,3,中和區,,,,無年齡維度,0.0,男,遷入,其他鄉鎮,235
112,10,3,中和區,,,,無年齡維度,0.0,女,遷入,合計,771
112,10,3,中和區,,,,無年齡維度,0.0,男,遷入,合計,643
112,10,3,中和區,,,,無年齡維度,0.0,女,遷入,國外,189
112,10,3,中和區,,,,無年齡維度,0.0,男,遷入,國外,168
112,10,3,中和區,,,,無年齡維度,0.0,女,遷入,新北市內,0
112,10,3,中和區,,,,無年齡維度,0.0,男,遷入,新北市內,0
112,10,3,中和區,,,,無年齡維度,0.0,女,遷入,桃園市,40
112,10,3,中和區,,,,無年齡維度,0.0,男,遷入,桃園市,26
112,10,3,中和區,,,,無年齡維度,0.0,女,遷入,福建省,4
112,10,3,中和區,,,,無年齡維度,0.0,男,遷入,福建省,8
112,10,3,中和區,,,,無年齡維度,0.0,女,遷入,臺中市,16
112,10,3,中和區,,,,無年齡維度,0.0,男,遷入,臺中市,14
112,10,3,中和區,,,,無年齡維度,0.0,女,遷入,臺北市,131
112,10,3,中和區,,,,無年齡維度,0.0,男,遷入,臺北市,112
112,10,3,中和區,,,,無年齡維度,0.0,女,遷入,臺南市,9
112,10,3,中和區,,,,無年齡維度,0.0,男,遷入,臺南市,7
112,10,3,中和區,,,,無年齡維度,0.0,女,遷入,臺灣省,59
112,10,3,中和區,,,,無年齡維度,0.0,男,遷入,臺灣省,45
112,10,3,中和區,,,,無年齡維度,0.0,女,遷入,高雄市,11
112,10,3,中和區,,,,無年齡維度,0.0,男,遷入,高雄市,10
112,10,3,中和區,,,,無年齡維度,0.0,女,遷出,migrants,334
112,10,3,中和區,,,,無年齡維度,0.0,男,遷出,migrants,316
112,10,3,中和區,,,,無年齡維度,0.0,女,遷出,other,0
112,10,3,中和區,,,,無年齡維度,0.0,男,遷出,other,0
112,10,3,中和區,,,,無年齡維度,0.0,女,遷出,其他縣市,0
112,10,3,中和區,,,,無年齡維度,0.0,男,遷出,其他縣市,0
112,10,3,中和區,,,,無年齡維度,0.0,女,遷出,其他鄉鎮,361
112,10,3,中和區,,,,無年齡維度,0.0,男,遷出,其他鄉鎮,312
112,10,3,中和區,,,,無年齡維度,0.0,女,遷出,合計,657
112,10,3,中和區,,,,無年齡維度,0.0,男,遷出,合計,577
112,10,3,中和區,,,,無年齡維度,0.0,女,遷出,國外,30
112,10,3,中和區,,,,無年齡維度,0.0,男,遷出,國外,24
112,10,3,中和區,,,,無年齡維度,0.0,女,遷出,新北市內,0
112,10,3,中和區,,,,無年齡維度,0.0,男,遷出,新北市內,0
112,10,3,中和區,,,,無年齡維度,0.0,女,遷出,桃園市,52
112,10,3,中和區,,,,無年齡維度,0.0,男,遷出,桃園市,51
112,10,3,中和區,,,,無年齡維度,0.0,女,遷出,福建省,9
112,10,3,中和區,,,,無年齡維度,0.0,男,遷出,福建省,9
112,10,3,中和區,,,,無年齡維度,0.0,女,遷出,臺中市,26
112,10,3,中和區,,,,無年齡維度,0.0,男,遷出,臺中市,19
112,10,3,中和區,,,,無年齡維度,0.0,女,遷出,臺北市,113
112,10,3,中和區,,,,無年齡維度,0.0,男,遷出,臺北市,90
112,10,3,中和區,,,,無年齡維度,0.0,女,遷出,臺南市,11
112,10,3,中和區,,,,無年齡維度,0.0,男,遷出,臺南市,10
112,10,3,中和區,,,,無年齡維度,0.0,女,遷出,臺灣省,45
112,10,3,中和區,,,,無年齡維度,0.0,男,遷出,臺灣省,46
112,10,3,中和區,,,,無年齡維度,0.0,女,遷出,高雄市,9
112,10,3,中和區,,,,無年齡維度,0.0,男,遷出,高雄市,16
112,10,4,永和區,,,,無年齡維度,0.0,女,遷入,migrants,181
112,10,4,永和區,,,,無年齡維度,0.0,男,遷入,migrants,151
112,10,4,永和區,,,,無年齡維度,0.0,女,遷入,other,0
112,10,4,永和區,,,,無年齡維度,0.0,男,遷入,other,0
112,10,4,永和區,,,,無年齡維度,0.0,女,遷入,其他縣市,0
112,10,4,永和區,,,,無年齡維度,0.0,男,遷入,其他縣市,0
112,10,4,永和區,,,,無年齡維度,0.0,女,遷入,其他鄉鎮,182
112,10,4,永和區,,,,無年齡維度,0.0,男,遷入,其他鄉鎮,160
112,10,4,永和區,,,,無年齡維度,0.0,女,遷入,合計,512
112,10,4,永和區,,,,無年齡維度,0.0,男,遷入,合計,412
112,10,4,永和區,,,,無年齡維度,0.0,女,遷入,國外,156
112,10,4,永和區,,,,無年齡維度,0.0,男,遷入,國外,108
112,10,4,永和區,,,,無年齡維度,0.0,女,遷入,新北市內,0
112,10,4,永和區,,,,無年齡維度,0.0,男,遷入,新北市內,0
112,10,4,永和區,,,,無年齡維度,0.0,女,遷入,桃園市,18
112,10,4,永和區,,,,無年齡維度,0.0,男,遷入,桃園市,15
112,10,4,永和區,,,,無年齡維度,0.0,女,遷入,福建省,2
112,10,4,永和區,,,,無年齡維度,0.0,男,遷入,福建省,1
112,10,4,永和區,,,,無年齡維度,0.0,女,遷入,臺中市,5
112,10,4,永和區,,,,無年齡維度,0.0,男,遷入,臺中市,8
112,10,4,永和區,,,,無年齡維度,0.0,女,遷入,臺北市,100
112,10,4,永和區,,,,無年齡維度,0.0,男,遷入,臺北市,87
112,10,4,永和區,,,,無年齡維度,0.0,女,遷入,臺南市,4
112,10,4,永和區,,,,無年齡維度,0.0,男,遷入,臺南市,1
112,10,4,永和區,,,,無年齡維度,0.0,女,遷入,臺灣省,29
112,10,4,永和區,,,,無年齡維度,0.0,男,遷入,臺灣省,23
112,10,4,永和區,,,,無年齡維度,0.0,女,遷入,高雄市,7
112,10,4,永和區,,,,無年齡維度,0.0,男,遷入,高雄市,3
112,10,4,永和區,,,,無年齡維度,0.0,女,遷出,migrants,181
112,10,4,永和區,,,,無年齡維度,0.0,男,遷出,migrants,151
112,10,4,永和區,,,,無年齡維度,0.0,女,遷出,other,0
112,10,4,永和區,,,,無年齡維度,0.0,男,遷出,other,0
112,10,4,永和區,,,,無年齡維度,0.0,女,遷出,其他縣市,0
112,10,4,永和區,,,,無年齡維度,0.0,男,遷出,其他縣市,0
112,10,4,永和區,,,,無年齡維度,0.0,女,遷出,其他鄉鎮,220
112,10,4,永和區,,,,無年齡維度,0.0,男,遷出,其他鄉鎮,189
112,10,4,永和區,,,,無年齡維度,0.0,女,遷出,合計,405
112,10,4,永和區,,,,無年齡維度,0.0,男,遷出,合計,349
112,10,4,永和區,,,,無年齡維度,0.0,女,遷出,國外,29
112,10,4,永和區,,,,無年齡維度,0.0,男,遷出,國外,19
112,10,4,永和區,,,,無年齡維度,0.0,女,遷出,新北市內,0
112,10,4,永和區,,,,無年齡維度,0.0,男,遷出,新北市內,0
112,10,4,永和區,,,,無年齡維度,0.0,女,遷出,桃園市,25
112,10,4,永和區,,,,無年齡維度,0.0,男,遷出,桃園市,22
112,10,4,永和區,,,,無年齡維度,0.0,女,遷出,福建省,1
112,10,4,永和區,,,,無年齡維度,0.0,男,遷出,福建省,6
112,10,4,永和區,,,,無年齡維度,0.0,女,遷出,臺中市,6
112,10,4,永和區,,,,無年齡維度,0.0,男,遷出,臺中市,14
112,10,4,永和區,,,,無年齡維度,0.0,女,遷出,臺北市,79
112,10,4,永和區,,,,無年齡維度,0.0,男,遷出,臺北市,59
112,10,4,永和區,,,,無年齡維度,0.0,女,遷出,臺南市,6
112,10,4,永和區,,,,無年齡維度,0.0,男,遷出,臺南市,4
112,10,4,永和區,,,,無年齡維度,0.0,女,遷出,臺灣省,30
112,10,4,永和區,,,,無年齡維度,0.0,男,遷出,臺灣省,29
112,10,4,永和區,,,,無年齡維度,0.0,女,遷出,高雄市,9
112,10,4,永和區,,,,無年齡維度,0.0,男,遷出,高雄市,7
112,10,5,新莊區,,,,無年齡維度,0.0,女,遷入,migrants,541
112,10,5,新莊區,,,,無年齡維度,0.0,男,遷入,migrants,465
112,10,5,新莊區,,,,無年齡維度,0.0,女,遷入,other,0
112,10,5,新莊區,,,,無年齡維度,0.0,男,遷入,other,0
112,10,5,新莊區,,,,無年齡維度,0.0,女,遷入,其他縣市,0
112,10,5,新莊區,,,,無年齡維度,0.0,男,遷入,其他縣市,0
112,10,5,新莊區,,,,無年齡維度,0.0,女,遷入,其他鄉鎮,223
112,10,5,新莊區,,,,無年齡維度,0.0,男,遷入,其他鄉鎮,175
112,10,5,新莊區,,,,無年齡維度,0.0,女,遷入,合計,595
112,10,5,新莊區,,,,無年齡維度,0.0,男,遷入,合計,465
112,10,5,新莊區,,,,無年齡維度,0.0,女,遷入,國外,80
112,10,5,新莊區,,,,無年齡維度,0.0,男,遷入,國外,60
112,10,5,新莊區,,,,無年齡維度,0.0,女,遷入,新北市內,0
112,10,5,新莊區,,,,無年齡維度,0.0,男,遷入,新北市內,0
112,10,5,新莊區,,,,無年齡維度,0.0,女,遷入,桃園市,58
112,10,5,新莊區,,,,無年齡維度,0.0,男,遷入,桃園市,39
112,10,5,新莊區,,,,無年齡維度,0.0,女,遷入,福建省,1
112,10,5,新莊區,,,,無年齡維度,0.0,男,遷入,福建省,0
112,10,5,新莊區,,,,無年齡維度,0.0,女,遷入,臺中市,16
112,10,5,新莊區,,,,無年齡維度,0.0,男,遷入,臺中市,9
112,10,5,新莊區,,,,無年齡維度,0.0,女,遷入,臺北市,102
112,10,5,新莊區,,,,無年齡維度,0.0,男,遷入,臺北市,104
112,10,5,新莊區,,,,無年齡維度,0.0,女,遷入,臺南市,9
112,10,5,新莊區,,,,無年齡維度,0.0,男,遷入,臺南市,8
112,10,5,新莊區,,,,無年齡維度,0.0,女,遷入,臺灣省,72
112,10,5,新莊區,,,,無年齡維度,0.0,男,遷入,臺灣省,59
112,10,5,新莊區,,,,無年齡維度,0.0,女,遷入,高雄市,14
112,10,5,新莊區,,,,無年齡維度,0.0,男,遷入,高雄市,6
112,10,5,新莊區,,,,無年齡維度,0.0,女,遷出,migrants,541
112,10,5,新莊區,,,,無年齡維度,0.0,男,遷出,migrants,465
112,10,5,新莊區,,,,無年齡維度,0.0,女,遷出,other,0
112,10,5,新莊區,,,,無年齡維度,0.0,男,遷出,other,0
112,10,5,新莊區,,,,無年齡維度,0.0,女,遷出,其他縣市,0
112,10,5,新莊區,,,,無年齡維度,0.0,男,遷出,其他縣市,0
112,10,5,新莊區,,,,無年齡維度,0.0,女,遷出,其他鄉鎮,242
112,10,5,新莊區,,,,無年齡維度,0.0,男,遷出,其他鄉鎮,194
112,10,5,新莊區,,,,無年齡維度,0.0,女,遷出,合計,546
112,10,5,新莊區,,,,無年齡維度,0.0,男,遷出,合計,484
112,10,5,新莊區,,,,無年齡維度,0.0,女,遷出,國外,13
112,10,5,新莊區,,,,無年齡維度,0.0,男,遷出,國外,16
112,10,5,新莊區,,,,無年齡維度,0.0,女,遷出,新北市內,0
112,10,5,新莊區,,,,無年齡維度,0.0,男,遷出,新北市內,0
112,10,5,新莊區,,,,無年齡維度,0.0,女,遷出,桃園市,93
112,10,5,新莊區,,,,無年齡維度,0.0,男,遷出,桃園市,86
112,10,5,新莊區,,,,無年齡維度,0.0,女,遷出,福建省,4
112,10,5,新莊區,,,,無年齡維度,0.0,男,遷出,福建省,5
112,10,5,新莊區,,,,無年齡維度,0.0,女,遷出,臺中市,18
112,10,5,新莊區,,,,無年齡維度,0.0,男,遷出,臺中市,14
112,10,5,新莊區,,,,無年齡維度,0.0,女,遷出,臺北市,89
112,10,5,新莊區,,,,無年齡維度,0.0,男,遷出,臺北市,77
112,10,5,新莊區,,,,無年齡維度,0.0,女,遷出,臺南市,4
112,10,5,新莊區,,,,無年齡維度,0.0,男,遷出,臺南市,8
112,10,5,新莊區,,,,無年齡維度,0.0,女,遷出,臺灣省,74
112,10,5,新莊區,,,,無年齡維度,0.0,男,遷出,臺灣省,75
112,10,5,新莊區,,,,無年齡維度,0.0,女,遷出,高雄市,9
112,10,5,新莊區,,,,無年齡維度,0.0,男,遷出,高雄市,9
112,10,6,新店區,,,,無年齡維度,0.0,女,遷入,migrants,323
112,10,6,新店區,,,,無年齡維度,0.0,男,遷入,migrants,304
112,10,6,新店區,,,,無年齡維度,0.0,女,遷入,other,0
112,10,6,新店區,,,,無年齡維度,0.0,男,遷入,other,0
112,10,6,新店區,,,,無年齡維度,0.0,女,遷入,其他縣市,0
112,10,6,新店區,,,,無年齡維度,0.0,男,遷入,其他縣市,0
112,10,6,新店區,,,,無年齡維度,0.0,女,遷入,其他鄉鎮,130
112,10,6,新店區,,,,無年齡維度,0.0,男,遷入,其他鄉鎮,96
112,10,6,新店區,,,,無年齡維度,0.0,女,遷入,合計,660
112,10,6,新店區,,,,無年齡維度,0.0,男,遷入,合計,548
112,10,6,新店區,,,,無年齡維度,0.0,女,遷入,國外,224
112,10,6,新店區,,,,無年齡維度,0.0,男,遷入,國外,175
112,10,6,新店區,,,,無年齡維度,0.0,女,遷入,新北市內,0
112,10,6,新店區,,,,無年齡維度,0.0,男,遷入,新北市內,0
112,10,6,新店區,,,,無年齡維度,0.0,女,遷入,桃園市,29
112,10,6,新店區,,,,無年齡維度,0.0,男,遷入,桃園市,21
112,10,6,新店區,,,,無年齡維度,0.0,女,遷入,福建省,3
112,10,6,新店區,,,,無年齡維度,0.0,男,遷入,福建省,2
112,10,6,新店區,,,,無年齡維度,0.0,女,遷入,臺中市,10
112,10,6,新店區,,,,無年齡維度,0.0,男,遷入,臺中市,8
112,10,6,新店區,,,,無年齡維度,0.0,女,遷入,臺北市,191
112,10,6,新店區,,,,無年齡維度,0.0,男,遷入,臺北市,183
112,10,6,新店區,,,,無年齡維度,0.0,女,遷入,臺南市,3
112,10,6,新店區,,,,無年齡維度,0.0,男,遷入,臺南市,5
112,10,6,新店區,,,,無年齡維度,0.0,女,遷入,臺灣省,46
112,10,6,新店區,,,,無年齡維度,0.0,男,遷入,臺灣省,44
112,10,6,新店區,,,,無年齡維度,0.0,女,遷入,高雄市,8
112,10,6,新店區,,,,無年齡維度,0.0,男,遷入,高雄市,4
112,10,6,新店區,,,,無年齡維度,0.0,女,遷出,migrants,323
112,10,6,新店區,,,,無年齡維度,0.0,男,遷出,migrants,304
112,10,6,新店區,,,,無年齡維度,0.0,女,遷出,other,0
112,10,6,新店區,,,,無年齡維度,0.0,男,遷出,other,0
112,10,6,新店區,,,,無年齡維度,0.0,女,遷出,其他縣市,0
112,10,6,新店區,,,,無年齡維度,0.0,男,遷出,其他縣市,0
112,10,6,新店區,,,,無年齡維度,0.0,女,遷出,其他鄉鎮,125
112,10,6,新店區,,,,無年齡維度,0.0,男,遷出,其他鄉鎮,84
112,10,6,新店區,,,,無年齡維度,0.0,女,遷出,合計,447
112,10,6,新店區,,,,無年齡維度,0.0,男,遷出,合計,351
112,10,6,新店區,,,,無年齡維度,0.0,女,遷出,國外,26
112,10,6,新店區,,,,無年齡維度,0.0,男,遷出,國外,20
112,10,6,新店區,,,,無年齡維度,0.0,女,遷出,新北市內,0
112,10,6,新店區,,,,無年齡維度,0.0,男,遷出,新北市內,0
112,10,6,新店區,,,,無年齡維度,0.0,女,遷出,桃園市,44
112,10,6,新店區,,,,無年齡維度,0.0,男,遷出,桃園市,31
112,10,6,新店區,,,,無年齡維度,0.0,女,遷出,福建省,5
112,10,6,新店區,,,,無年齡維度,0.0,男,遷出,福建省,5
112,10,6,新店區,,,,無年齡維度,0.0,女,遷出,臺中市,18
112,10,6,新店區,,,,無年齡維度,0.0,男,遷出,臺中市,10
112,10,6,新店區,,,,無年齡維度,0.0,女,遷出,臺北市,161
112,10,6,新店區,,,,無年齡維度,0.0,男,遷出,臺北市,145
112,10,6,新店區,,,,無年齡維度,0.0,女,遷出,臺南市,9
112,10,6,新店區,,,,無年齡維度,0.0,男,遷出,臺南市,7
112,10,6,新店區,,,,無年齡維度,0.0,女,遷出,臺灣省,46
112,10,6,新店區,,,,無年齡維度,0.0,男,遷出,臺灣省,38
112,10,6,新店區,,,,無年齡維度,0.0,女,遷出,高雄市,13
112,10,6,新店區,,,,無年齡維度,0.0,男,遷出,高雄市,11
112,10,7,土城區,,,,無年齡維度,0.0,女,遷入,migrants,158
112,10,7,土城區,,,,無年齡維度,0.0,男,遷入,migrants,137
112,10,7,土城區,,,,無年齡維度,0.0,女,遷入,other,0
112,10,7,土城區,,,,無年齡維度,0.0,男,遷入,other,0
112,10,7,土城區,,,,無年齡維度,0.0,女,遷入,其他縣市,0
112,10,7,土城區,,,,無年齡維度,0.0,男,遷入,其他縣市,0
112,10,7,土城區,,,,無年齡維度,0.0,女,遷入,其他鄉鎮,152
112,10,7,土城區,,,,無年齡維度,0.0,男,遷入,其他鄉鎮,117
112,10,7,土城區,,,,無年齡維度,0.0,女,遷入,合計,292
112,10,7,土城區,,,,無年齡維度,0.0,男,遷入,合計,238
112,10,7,土城區,,,,無年齡維度,0.0,女,遷入,國外,45
112,10,7,土城區,,,,無年齡維度,0.0,男,遷入,國外,39
112,10,7,土城區,,,,無年齡維度,0.0,女,遷入,新北市內,0
112,10,7,土城區,,,,無年齡維度,0.0,男,遷入,新北市內,0
112,10,7,土城區,,,,無年齡維度,0.0,女,遷入,桃園市,18
112,10,7,土城區,,,,無年齡維度,0.0,男,遷入,桃園市,14
112,10,7,土城區,,,,無年齡維度,0.0,女,遷入,福建省,1
112,10,7,土城區,,,,無年齡維度,0.0,男,遷入,福建省,0
112,10,7,土城區,,,,無年齡維度,0.0,女,遷入,臺中市,6
112,10,7,土城區,,,,無年齡維度,0.0,男,遷入,臺中市,4
112,10,7,土城區,,,,無年齡維度,0.0,女,遷入,臺北市,22
112,10,7,土城區,,,,無年齡維度,0.0,男,遷入,臺北市,29
112,10,7,土城區,,,,無年齡維度,0.0,女,遷入,臺南市,3
112,10,7,土城區,,,,無年齡維度,0.0,男,遷入,臺南市,5
112,10,7,土城區,,,,無年齡維度,0.0,女,遷入,臺灣省,30
112,10,7,土城區,,,,無年齡維度,0.0,男,遷入,臺灣省,15
112,10,7,土城區,,,,無年齡維度,0.0,女,遷入,高雄市,4
112,10,7,土城區,,,,無年齡維度,0.0,男,遷入,高雄市,6
112,10,7,土城區,,,,無年齡維度,0.0,女,遷出,migrants,158
112,10,7,土城區,,,,無年齡維度,0.0,男,遷出,migrants,137
112,10,7,土城區,,,,無年齡維度,0.0,女,遷出,other,0
112,10,7,土城區,,,,無年齡維度,0.0,男,遷出,other,0
112,10,7,土城區,,,,無年齡維度,0.0,女,遷出,其他縣市,0
112,10,7,土城區,,,,無年齡維度,0.0,男,遷出,其他縣市,0
112,10,7,土城區,,,,無年齡維度,0.0,女,遷出,其他鄉鎮,157
112,10,7,土城區,,,,無年齡維度,0.0,男,遷出,其他鄉鎮,149
112,10,7,土城區,,,,無年齡維度,0.0,女,遷出,合計,283
112,10,7,土城區,,,,無年齡維度,0.0,男,遷出,合計,254
112,10,7,土城區,,,,無年齡維度,0.0,女,遷出,國外,5
112,10,7,土城區,,,,無年齡維度,0.0,男,遷出,國外,5
112,10,7,土城區,,,,無年齡維度,0.0,女,遷出,新北市內,0
112,10,7,土城區,,,,無年齡維度,0.0,男,遷出,新北市內,0
112,10,7,土城區,,,,無年齡維度,0.0,女,遷出,桃園市,40
112,10,7,土城區,,,,無年齡維度,0.0,男,遷出,桃園市,35
112,10,7,土城區,,,,無年齡維度,0.0,女,遷出,福建省,3
112,10,7,土城區,,,,無年齡維度,0.0,男,遷出,福建省,0
112,10,7,土城區,,,,無年齡維度,0.0,女,遷出,臺中市,10
112,10,7,土城區,,,,無年齡維度,0.0,男,遷出,臺中市,6
112,10,7,土城區,,,,無年齡維度,0.0,女,遷出,臺北市,26
112,10,7,土城區,,,,無年齡維度,0.0,男,遷出,臺北市,23
112,10,7,土城區,,,,無年齡維度,0.0,女,遷出,臺南市,7
112,10,7,土城區,,,,無年齡維度,0.0,男,遷出,臺南市,3
112,10,7,土城區,,,,無年齡維度,0.0,女,遷出,臺灣省,34
112,10,7,土城區,,,,無年齡維度,0.0,男,遷出,臺灣省,31
112,10,7,土城區,,,,無年齡維度,0.0,女,遷出,高雄市,1
112,10,7,土城區,,,,無年齡維度,0.0,男,遷出,高雄市,2
112,10,8,蘆洲區,,,,無年齡維度,0.0,女,遷入,migrants,103
112,10,8,蘆洲區,,,,無年齡維度,0.0,男,遷入,migrants,99
112,10,8,蘆洲區,,,,無年齡維度,0.0,女,遷入,other,0
112,10,8,蘆洲區,,,,無年齡維度,0.0,男,遷入,other,0
112,10,8,蘆洲區,,,,無年齡維度,0.0,女,遷入,其他縣市,0
112,10,8,蘆洲區,,,,無年齡維度,0.0,男,遷入,其他縣市,0
112,10,8,蘆洲區,,,,無年齡維度,0.0,女,遷入,其他鄉鎮,82
112,10,8,蘆洲區,,,,無年齡維度,0.0,男,遷入,其他鄉鎮,72
112,10,8,蘆洲區,,,,無年齡維度,0.0,女,遷入,合計,171
112,10,8,蘆洲區,,,,無年齡維度,0.0,男,遷入,合計,156
112,10,8,蘆洲區,,,,無年齡維度,0.0,女,遷入,國外,13
112,10,8,蘆洲區,,,,無年齡維度,0.0,男,遷入,國外,8
112,10,8,蘆洲區,,,,無年齡維度,0.0,女,遷入,新北市內,0
112,10,8,蘆洲區,,,,無年齡維度,0.0,男,遷入,新北市內,0
112,10,8,蘆洲區,,,,無年齡維度,0.0,女,遷入,桃園市,36
112,10,8,蘆洲區,,,,無年齡維度,0.0,男,遷入,桃園市,40
112,10,8,蘆洲區,,,,無年齡維度,0.0,女,遷入,福建省,1
112,10,8,蘆洲區,,,,無年齡維度,0.0,男,遷入,福建省,1
112,10,8,蘆洲區,,,,無年齡維度,0.0,女,遷入,臺中市,2
112,10,8,蘆洲區,,,,無年齡維度,0.0,男,遷入,臺中市,1
112,10,8,蘆洲區,,,,無年齡維度,0.0,女,遷入,臺北市,6
112,10,8,蘆洲區,,,,無年齡維度,0.0,男,遷入,臺北市,12
112,10,8,蘆洲區,,,,無年齡維度,0.0,女,遷入,臺南市,4
112,10,8,蘆洲區,,,,無年齡維度,0.0,男,遷入,臺南市,3
112,10,8,蘆洲區,,,,無年齡維度,0.0,女,遷入,臺灣省,22
112,10,8,蘆洲區,,,,無年齡維度,0.0,男,遷入,臺灣省,17
112,10,8,蘆洲區,,,,無年齡維度,0.0,女,遷入,高雄市,2
112,10,8,蘆洲區,,,,無年齡維度,0.0,男,遷入,高雄市,1
112,10,8,蘆洲區,,,,無年齡維度,0.0,女,遷出,migrants,103
112,10,8,蘆洲區,,,,無年齡維度,0.0,男,遷出,migrants,99
112,10,8,蘆洲區,,,,無年齡維度,0.0,女,遷出,other,0
112,10,8,蘆洲區,,,,無年齡維度,0.0,男,遷出,other,0
112,10,8,蘆洲區,,,,無年齡維度,0.0,女,遷出,其他縣市,0
112,10,8,蘆洲區,,,,無年齡維度,0.0,男,遷出,其他縣市,0
112,10,8,蘆洲區,,,,無年齡維度,0.0,女,遷出,其他鄉鎮,44
112,10,8,蘆洲區,,,,無年齡維度,0.0,男,遷出,其他鄉鎮,34
112,10,8,蘆洲區,,,,無年齡維度,0.0,女,遷出,合計,121
112,10,8,蘆洲區,,,,無年齡維度,0.0,男,遷出,合計,99
112,10,8,蘆洲區,,,,無年齡維度,0.0,女,遷出,國外,3
112,10,8,蘆洲區,,,,無年齡維度,0.0,男,遷出,國外,0
112,10,8,蘆洲區,,,,無年齡維度,0.0,女,遷出,新北市內,0
112,10,8,蘆洲區,,,,無年齡維度,0.0,男,遷出,新北市內,0
112,10,8,蘆洲區,,,,無年齡維度,0.0,女,遷出,桃園市,47
112,10,8,蘆洲區,,,,無年齡維度,0.0,男,遷出,桃園市,45
112,10,8,蘆洲區,,,,無年齡維度,0.0,女,遷出,福建省,1
112,10,8,蘆洲區,,,,無年齡維度,0.0,男,遷出,福建省,0
112,10,8,蘆洲區,,,,無年齡維度,0.0,女,遷出,臺中市,1
112,10,8,蘆洲區,,,,無年齡維度,0.0,男,遷出,臺中市,4
112,10,8,蘆洲區,,,,無年齡維度,0.0,女,遷出,臺北市,5
112,10,8,蘆洲區,,,,無年齡維度,0.0,男,遷出,臺北市,2
112,10,8,蘆洲區,,,,無年齡維度,0.0,女,遷出,臺南市,1
112,10,8,蘆洲區,,,,無年齡維度,0.0,男,遷出,臺南市,2
112,10,8,蘆洲區,,,,無年齡維度,0.0,女,遷出,臺灣省,15
112,10,8,蘆洲區,,,,無年齡維度,0.0,男,遷出,臺灣省,10
112,10,8,蘆洲區,,,,無年齡維度,0.0,女,遷出,高雄市,4
112,10,8,蘆洲區,,,,無年齡維度,0.0,男,遷出,高雄市,2
112,10,9,樹林區,,,,無年齡維度,0.0,女,遷入,migrants,136
112,10,9,樹林區,,,,無年齡維度,0.0,男,遷入,migrants,137
112,10,9,樹林區,,,,無年齡維度,0.0,女,遷入,other,0
112,10,9,樹林區,,,,無年齡維度,0.0,男,遷入,other,0
112,10,9,樹林區,,,,無年齡維度,0.0,女,遷入,其他縣市,0
112,10,9,樹林區,,,,無年齡維度,0.0,男,遷入,其他縣市,0
112,10,9,樹林區,,,,無年齡維度,0.0,女,遷入,其他鄉鎮,110
112,10,9,樹林區,,,,無年齡維度,0.0,男,遷入,其他鄉鎮,78
112,10,9,樹林區,,,,無年齡維度,0.0,女,遷入,合計,195
112,10,9,樹林區,,,,無年齡維度,0.0,男,遷入,合計,144
112,10,9,樹林區,,,,無年齡維度,0.0,女,遷入,國外,35
112,10,9,樹林區,,,,無年齡維度,0.0,男,遷入,國外,17
112,10,9,樹林區,,,,無年齡維度,0.0,女,遷入,新北市內,0
112,10,9,樹林區,,,,無年齡維度,0.0,男,遷入,新北市內,0
112,10,9,樹林區,,,,無年齡維度,0.0,女,遷入,桃園市,10
112,10,9,樹林區,,,,無年齡維度,0.0,男,遷入,桃園市,12
112,10,9,樹林區,,,,無年齡維度,0.0,女,遷入,福建省,0
112,10,9,樹林區,,,,無年齡維度,0.0,男,遷入,福建省,1
112,10,9,樹林區,,,,無年齡維度,0.0,女,遷入,臺中市,1
112,10,9,樹林區,,,,無年齡維度,0.0,男,遷入,臺中市,1
112,10,9,樹林區,,,,無年齡維度,0.0,女,遷入,臺北市,11
112,10,9,樹林區,,,,無年齡維度,0.0,男,遷入,臺北市,22
112,10,9,樹林區,,,,無年齡維度,0.0,女,遷入,臺南市,2
112,10,9,樹林區,,,,無年齡維度,0.0,男,遷入,臺南市,0
112,10,9,樹林區,,,,無年齡維度,0.0,女,遷入,臺灣省,18
112,10,9,樹林區,,,,無年齡維度,0.0,男,遷入,臺灣省,9
112,10,9,樹林區,,,,無年齡維度,0.0,女,遷入,高雄市,3
112,10,9,樹林區,,,,無年齡維度,0.0,男,遷入,高雄市,2
112,10,9,樹林區,,,,無年齡維度,0.0,女,遷出,migrants,136
112,10,9,樹林區,,,,無年齡維度,0.0,男,遷出,migrants,137
112,10,9,樹林區,,,,無年齡維度,0.0,女,遷出,other,0
112,10,9,樹林區,,,,無年齡維度,0.0,男,遷出,other,0
112,10,9,樹林區,,,,無年齡維度,0.0,女,遷出,其他縣市,0
112,10,9,樹林區,,,,無年齡維度,0.0,男,遷出,其他縣市,0
112,10,9,樹林區,,,,無年齡維度,0.0,女,遷出,其他鄉鎮,108
112,10,9,樹林區,,,,無年齡維度,0.0,男,遷出,其他鄉鎮,81
112,10,9,樹林區,,,,無年齡維度,0.0,女,遷出,合計,192
112,10,9,樹林區,,,,無年齡維度,0.0,男,遷出,合計,154
112,10,9,樹林區,,,,無年齡維度,0.0,女,遷出,國外,3
112,10,9,樹林區,,,,無年齡維度,0.0,男,遷出,國外,7
112,10,9,樹林區,,,,無年齡維度,0.0,女,遷出,新北市內,0
112,10,9,樹林區,,,,無年齡維度,0.0,男,遷出,新北市內,0
112,10,9,樹林區,,,,無年齡維度,0.0,女,遷出,桃園市,37
112,10,9,樹林區,,,,無年齡維度,0.0,男,遷出,桃園市,25
112,10,9,樹林區,,,,無年齡維度,0.0,女,遷出,福建省,3
112,10,9,樹林區,,,,無年齡維度,0.0,男,遷出,福建省,2
112,10,9,樹林區,,,,無年齡維度,0.0,女,遷出,臺中市,6
112,10,9,樹林區,,,,無年齡維度,0.0,男,遷出,臺中市,4
112,10,9,樹林區,,,,無年齡維度,0.0,女,遷出,臺北市,16
112,10,9,樹林區,,,,無年齡維度,0.0,男,遷出,臺北市,11
112,10,9,樹林區,,,,無年齡維度,0.0,女,遷出,臺南市,0
112,10,9,樹林區,,,,無年齡維度,0.0,男,遷出,臺南市,2
112,10,9,樹林區,,,,無年齡維度,0.0,女,遷出,臺灣省,14
112,10,9,樹林區,,,,無年齡維度,0.0,男,遷出,臺灣省,14
112,10,9,樹林區,,,,無年齡維度,0.0,女,遷出,高雄市,5
112,10,9,樹林區,,,,無年齡維度,0.0,男,遷出,高雄市,7
112,10,10,鶯歌區,,,,無年齡維度,0.0,女,遷入,migrants,301
112,10,10,鶯歌區,,,,無年齡維度,0.0,男,遷入,migrants,260
112,10,10,鶯歌區,,,,無年齡維度,0.0,女,遷入,other,0
112,10,10,鶯歌區,,,,無年齡維度,0.0,男,遷入,other,0
112,10,10,鶯歌區,,,,無年齡維度,0.0,女,遷入,其他縣市,0
112,10,10,鶯歌區,,,,無年齡維度,0.0,男,遷入,其他縣市,0
112,10,10,鶯歌區,,,,無年齡維度,0.0,女,遷入,其他鄉鎮,120
112,10,10,鶯歌區,,,,無年齡維度,0.0,男,遷入,其他鄉鎮,104
112,10,10,鶯歌區,,,,無年齡維度,0.0,女,遷入,合計,532
112,10,10,鶯歌區,,,,無年齡維度,0.0,男,遷入,合計,418
112,10,10,鶯歌區,,,,無年齡維度,0.0,女,遷入,國外,117
112,10,10,鶯歌區,,,,無年齡維度,0.0,男,遷入,國外,88
112,10,10,鶯歌區,,,,無年齡維度,0.0,女,遷入,新北市內,0
112,10,10,鶯歌區,,,,無年齡維度,0.0,男,遷入,新北市內,0
112,10,10,鶯歌區,,,,無年齡維度,0.0,女,遷入,桃園市,16
112,10,10,鶯歌區,,,,無年齡維度,0.0,男,遷入,桃園市,15
112,10,10,鶯歌區,,,,無年齡維度,0.0,女,遷入,福建省,3
112,10,10,鶯歌區,,,,無年齡維度,0.0,男,遷入,福建省,1
112,10,10,鶯歌區,,,,無年齡維度,0.0,女,遷入,臺中市,11
112,10,10,鶯歌區,,,,無年齡維度,0.0,男,遷入,臺中市,8
112,10,10,鶯歌區,,,,無年齡維度,0.0,女,遷入,臺北市,178
112,10,10,鶯歌區,,,,無年齡維度,0.0,男,遷入,臺北市,137
112,10,10,鶯歌區,,,,無年齡維度,0.0,女,遷入,臺南市,4
112,10,10,鶯歌區,,,,無年齡維度,0.0,男,遷入,臺南市,7
112,10,10,鶯歌區,,,,無年齡維度,0.0,女,遷入,臺灣省,45
112,10,10,鶯歌區,,,,無年齡維度,0.0,男,遷入,臺灣省,37
112,10,10,鶯歌區,,,,無年齡維度,0.0,女,遷入,高雄市,15
112,10,10,鶯歌區,,,,無年齡維度,0.0,男,遷入,高雄市,15
112,10,10,鶯歌區,,,,無年齡維度,0.0,女,遷出,migrants,301
112,10,10,鶯歌區,,,,無年齡維度,0.0,男,遷出,migrants,260
112,10,10,鶯歌區,,,,無年齡維度,0.0,女,遷出,other,0
112,10,10,鶯歌區,,,,無年齡維度,0.0,男,遷出,other,0
112,10,10,鶯歌區,,,,無年齡維度,0.0,女,遷出,其他縣市,0
112,10,10,鶯歌區,,,,無年齡維度,0.0,男,遷出,其他縣市,0
112,10,10,鶯歌區,,,,無年齡維度,0.0,女,遷出,其他鄉鎮,64
112,10,10,鶯歌區,,,,無年齡維度,0.0,男,遷出,其他鄉鎮,54
112,10,10,鶯歌區,,,,無年齡維度,0.0,女,遷出,合計,252
112,10,10,鶯歌區,,,,無年齡維度,0.0,男,遷出,合計,205
112,10,10,鶯歌區,,,,無年齡維度,0.0,女,遷出,國外,19
112,10,10,鶯歌區,,,,無年齡維度,0.0,男,遷出,國外,17
112,10,10,鶯歌區,,,,無年齡維度,0.0,女,遷出,新北市內,0
112,10,10,鶯歌區,,,,無年齡維度,0.0,男,遷出,新北市內,0
112,10,10,鶯歌區,,,,無年齡維度,0.0,女,遷出,桃園市,23
112,10,10,鶯歌區,,,,無年齡維度,0.0,男,遷出,桃園市,23
112,10,10,鶯歌區,,,,無年齡維度,0.0,女,遷出,福建省,5
112,10,10,鶯歌區,,,,無年齡維度,0.0,男,遷出,福建省,2
112,10,10,鶯歌區,,,,無年齡維度,0.0,女,遷出,臺中市,13
112,10,10,鶯歌區,,,,無年齡維度,0.0,男,遷出,臺中市,12
112,10,10,鶯歌區,,,,無年齡維度,0.0,女,遷出,臺北市,92
112,10,10,鶯歌區,,,,無年齡維度,0.0,男,遷出,臺北市,73
112,10,10,鶯歌區,,,,無年齡維度,0.0,女,遷出,臺南市,2
112,10,10,鶯歌區,,,,無年齡維度,0.0,男,遷出,臺南市,2
112,10,10,鶯歌區,,,,無年齡維度,0.0,女,遷出,臺灣省,26
112,10,10,鶯歌區,,,,無年齡維度,0.0,男,遷出,臺灣省,15
112,10,10,鶯歌區,,,,無年齡維度,0.0,女,遷出,高雄市,7
112,10,10,鶯歌區,,,,無年齡維度,0.0,男,遷出,高雄市,7
112,10,11,三峽區,,,,無年齡維度,0.0,女,遷入,migrants,247
112,10,11,三峽區,,,,無年齡維度,0.0,男,遷入,migrants,250
112,10,11,三峽區,,,,無年齡維度,0.0,女,遷入,other,0
112,10,11,三峽區,,,,無年齡維度,0.0,男,遷入,other,0
112,10,11,三峽區,,,,無年齡維度,0.0,女,遷入,其他縣市,0
112,10,11,三峽區,,,,無年齡維度,0.0,男,遷入,其他縣市,0
112,10,11,三峽區,,,,無年齡維度,0.0,女,遷入,其他鄉鎮,42
112,10,11,三峽區,,,,無年齡維度,0.0,男,遷入,其他鄉鎮,40
112,10,11,三峽區,,,,無年齡維度,0.0,女,遷入,合計,450
112,10,11,三峽區,,,,無年齡維度,0.0,男,遷入,合計,369
112,10,11,三峽區,,,,無年齡維度,0.0,女,遷入,國外,92
112,10,11,三峽區,,,,無年齡維度,0.0,男,遷入,國外,59
112,10,11,三峽區,,,,無年齡維度,0.0,女,遷入,新北市內,0
112,10,11,三峽區,,,,無年齡維度,0.0,男,遷入,新北市內,0
112,10,11,三峽區,,,,無年齡維度,0.0,女,遷入,桃園市,20
112,10,11,三峽區,,,,無年齡維度,0.0,男,遷入,桃園市,9
112,10,11,三峽區,,,,無年齡維度,0.0,女,遷入,福建省,3
112,10,11,三峽區,,,,無年齡維度,0.0,男,遷入,福建省,3
112,10,11,三峽區,,,,無年齡維度,0.0,女,遷入,臺中市,9
112,10,11,三峽區,,,,無年齡維度,0.0,男,遷入,臺中市,8
112,10,11,三峽區,,,,無年齡維度,0.0,女,遷入,臺北市,213
112,10,11,三峽區,,,,無年齡維度,0.0,男,遷入,臺北市,185
112,10,11,三峽區,,,,無年齡維度,0.0,女,遷入,臺南市,2
112,10,11,三峽區,,,,無年齡維度,0.0,男,遷入,臺南市,3
112,10,11,三峽區,,,,無年齡維度,0.0,女,遷入,臺灣省,58
112,10,11,三峽區,,,,無年齡維度,0.0,男,遷入,臺灣省,46
112,10,11,三峽區,,,,無年齡維度,0.0,女,遷入,高雄市,4
112,10,11,三峽區,,,,無年齡維度,0.0,男,遷入,高雄市,7
112,10,11,三峽區,,,,無年齡維度,0.0,女,遷出,migrants,247
112,10,11,三峽區,,,,無年齡維度,0.0,男,遷出,migrants,250
112,10,11,三峽區,,,,無年齡維度,0.0,女,遷出,other,0
112,10,11,三峽區,,,,無年齡維度,0.0,男,遷出,other,0
112,10,11,三峽區,,,,無年齡維度,0.0,女,遷出,其他縣市,0
112,10,11,三峽區,,,,無年齡維度,0.0,男,遷出,其他縣市,0
112,10,11,三峽區,,,,無年齡維度,0.0,女,遷出,其他鄉鎮,61
112,10,11,三峽區,,,,無年齡維度,0.0,男,遷出,其他鄉鎮,39
112,10,11,三峽區,,,,無年齡維度,0.0,女,遷出,合計,307
112,10,11,三峽區,,,,無年齡維度,0.0,男,遷出,合計,242
112,10,11,三峽區,,,,無年齡維度,0.0,女,遷出,國外,11
112,10,11,三峽區,,,,無年齡維度,0.0,男,遷出,國外,6
112,10,11,三峽區,,,,無年齡維度,0.0,女,遷出,新北市內,0
112,10,11,三峽區,,,,無年齡維度,0.0,男,遷出,新北市內,0
112,10,11,三峽區,,,,無年齡維度,0.0,女,遷出,桃園市,12
112,10,11,三峽區,,,,無年齡維度,0.0,男,遷出,桃園市,18
112,10,11,三峽區,,,,無年齡維度,0.0,女,遷出,福建省,1
112,10,11,三峽區,,,,無年齡維度,0.0,男,遷出,福建省,2
112,10,11,三峽區,,,,無年齡維度,0.0,女,遷出,臺中市,11
112,10,11,三峽區,,,,無年齡維度,0.0,男,遷出,臺中市,9
112,10,11,三峽區,,,,無年齡維度,0.0,女,遷出,臺北市,146
112,10,11,三峽區,,,,無年齡維度,0.0,男,遷出,臺北市,120
112,10,11,三峽區,,,,無年齡維度,0.0,女,遷出,臺南市,3
112,10,11,三峽區,,,,無年齡維度,0.0,男,遷出,臺南市,0
112,10,11,三峽區,,,,無年齡維度,0.0,女,遷出,臺灣省,54
112,10,11,三峽區,,,,無年齡維度,0.0,男,遷出,臺灣省,41
112,10,11,三峽區,,,,無年齡維度,0.0,女,遷出,高雄市,8
112,10,11,三峽區,,,,無年齡維度,0.0,男,遷出,高雄市,7
112,10,12,淡水區,,,,無年齡維度,0.0,女,遷入,migrants,17
112,10,12,淡水區,,,,無年齡維度,0.0,男,遷入,migrants,16
112,10,12,淡水區,,,,無年齡維度,0.0,女,遷入,other,0
112,10,12,淡水區,,,,無年齡維度,0.0,男,遷入,other,0
112,10,12,淡水區,,,,無年齡維度,0.0,女,遷入,其他縣市,0
112,10,12,淡水區,,,,無年齡維度,0.0,男,遷入,其他縣市,0
112,10,12,淡水區,,,,無年齡維度,0.0,女,遷入,其他鄉鎮,4
112,10,12,淡水區,,,,無年齡維度,0.0,男,遷入,其他鄉鎮,7
112,10,12,淡水區,,,,無年齡維度,0.0,女,遷入,合計,49
112,10,12,淡水區,,,,無年齡維度,0.0,男,遷入,合計,42
112,10,12,淡水區,,,,無年齡維度,0.0,女,遷入,國外,6
112,10,12,淡水區,,,,無年齡維度,0.0,男,遷入,國外,4
112,10,12,淡水區,,,,無年齡維度,0.0,女,遷入,新北市內,0
112,10,12,淡水區,,,,無年齡維度,0.0,男,遷入,新北市內,0
112,10,12,淡水區,,,,無年齡維度,0.0,女,遷入,桃園市,2
112,10,12,淡水區,,,,無年齡維度,0.0,男,遷入,桃園市,2
112,10,12,淡水區,,,,無年齡維度,0.0,女,遷入,福建省,0
112,10,12,淡水區,,,,無年齡維度,0.0,男,遷入,福建省,0
112,10,12,淡水區,,,,無年齡維度,0.0,女,遷入,臺中市,0
112,10,12,淡水區,,,,無年齡維度,0.0,男,遷入,臺中市,1
112,10,12,淡水區,,,,無年齡維度,0.0,女,遷入,臺北市,5
112,10,12,淡水區,,,,無年齡維度,0.0,男,遷入,臺北市,5
112,10,12,淡水區,,,,無年齡維度,0.0,女,遷入,臺南市,0
112,10,12,淡水區,,,,無年齡維度,0.0,男,遷入,臺南市,0
112,10,12,淡水區,,,,無年齡維度,0.0,女,遷入,臺灣省,30
112,10,12,淡水區,,,,無年齡維度,0.0,男,遷入,臺灣省,23
112,10,12,淡水區,,,,無年齡維度,0.0,女,遷入,高雄市,0
112,10,12,淡水區,,,,無年齡維度,0.0,男,遷入,高雄市,0
112,10,12,淡水區,,,,無年齡維度,0.0,女,遷出,migrants,17
112,10,12,淡水區,,,,無年齡維度,0.0,男,遷出,migrants,16
112,10,12,淡水區,,,,無年齡維度,0.0,女,遷出,other,0
112,10,12,淡水區,,,,無年齡維度,0.0,男,遷出,other,0
112,10,12,淡水區,,,,無年齡維度,0.0,女,遷出,其他縣市,0
112,10,12,淡水區,,,,無年齡維度,0.0,男,遷出,其他縣市,0
112,10,12,淡水區,,,,無年齡維度,0.0,女,遷出,其他鄉鎮,12
112,10,12,淡水區,,,,無年齡維度,0.0,男,遷出,其他鄉鎮,13
112,10,12,淡水區,,,,無年齡維度,0.0,女,遷出,合計,41
112,10,12,淡水區,,,,無年齡維度,0.0,男,遷出,合計,44
112,10,12,淡水區,,,,無年齡維度,0.0,女,遷出,國外,1
112,10,12,淡水區,,,,無年齡維度,0.0,男,遷出,國外,0
112,10,12,淡水區,,,,無年齡維度,0.0,女,遷出,新北市內,0
112,10,12,淡水區,,,,無年齡維度,0.0,男,遷出,新北市內,0
112,10,12,淡水區,,,,無年齡維度,0.0,女,遷出,桃園市,1
112,10,12,淡水區,,,,無年齡維度,0.0,男,遷出,桃園市,0
112,10,12,淡水區,,,,無年齡維度,0.0,女,遷出,福建省,0
112,10,12,淡水區,,,,無年齡維度,0.0,男,遷出,福建省,1
112,10,12,淡水區,,,,無年齡維度,0.0,女,遷出,臺中市,1
112,10,12,淡水區,,,,無年齡維度,0.0,男,遷出,臺中市,0
112,10,12,淡水區,,,,無年齡維度,0.0,女,遷出,臺北市,5
112,10,12,淡水區,,,,無年齡維度,0.0,男,遷出,臺北市,6
112,10,12,淡水區,,,,無年齡維度,0.0,女,遷出,臺南市,0
112,10,12,淡水區,,,,無年齡維度,0.0,男,遷出,臺南市,2
112,10,12,淡水區,,,,無年齡維度,0.0,女,遷出,臺灣省,19
112,10,12,淡水區,,,,無年齡維度,0.0,男,遷出,臺灣省,22
112,10,12,淡水區,,,,無年齡維度,0.0,女,遷出,高雄市,2
112,10,12,淡水區,,,,無年齡維度,0.0,男,遷出,高雄市,0
112,10,13,汐止區,,,,無年齡維度,0.0,女,遷入,migrants,293
112,10,13,汐止區,,,,無年齡維度,0.0,男,遷入,migrants,250
112,10,13,汐止區,,,,無年齡維度,0.0,女,遷入,other,0
112,10,13,汐止區,,,,無年齡維度,0.0,男,遷入,other,0
112,10,13,汐止區,,,,無年齡維度,0.0,女,遷入,其他縣市,0
112,10,13,汐止區,,,,無年齡維度,0.0,男,遷入,其他縣市,0
112,10,13,汐止區,,,,無年齡維度,0.0,女,遷入,其他鄉鎮,212
112,10,13,汐止區,,,,無年齡維度,0.0,男,遷入,其他鄉鎮,159
112,10,13,汐止區,,,,無年齡維度,0.0,女,遷入,合計,421
112,10,13,汐止區,,,,無年齡維度,0.0,男,遷入,合計,327
112,10,13,汐止區,,,,無年齡維度,0.0,女,遷入,國外,59
112,10,13,汐止區,,,,無年齡維度,0.0,男,遷入,國外,31
112,10,13,汐止區,,,,無年齡維度,0.0,女,遷入,新北市內,0
112,10,13,汐止區,,,,無年齡維度,0.0,男,遷入,新北市內,0
112,10,13,汐止區,,,,無年齡維度,0.0,女,遷入,桃園市,26
112,10,13,汐止區,,,,無年齡維度,0.0,男,遷入,桃園市,11
112,10,13,汐止區,,,,無年齡維度,0.0,女,遷入,福建省,4
112,10,13,汐止區,,,,無年齡維度,0.0,男,遷入,福建省,4
112,10,13,汐止區,,,,無年齡維度,0.0,女,遷入,臺中市,13
112,10,13,汐止區,,,,無年齡維度,0.0,男,遷入,臺中市,13
112,10,13,汐止區,,,,無年齡維度,0.0,女,遷入,臺北市,57
112,10,13,汐止區,,,,無年齡維度,0.0,男,遷入,臺北市,58
112,10,13,汐止區,,,,無年齡維度,0.0,女,遷入,臺南市,1
112,10,13,汐止區,,,,無年齡維度,0.0,男,遷入,臺南市,3
112,10,13,汐止區,,,,無年齡維度,0.0,女,遷入,臺灣省,37
112,10,13,汐止區,,,,無年齡維度,0.0,男,遷入,臺灣省,38
112,10,13,汐止區,,,,無年齡維度,0.0,女,遷入,高雄市,3
112,10,13,汐止區,,,,無年齡維度,0.0,男,遷入,高雄市,6
112,10,13,汐止區,,,,無年齡維度,0.0,女,遷出,migrants,293
112,10,13,汐止區,,,,無年齡維度,0.0,男,遷出,migrants,250
112,10,13,汐止區,,,,無年齡維度,0.0,女,遷出,other,0
112,10,13,汐止區,,,,無年齡維度,0.0,男,遷出,other,0
112,10,13,汐止區,,,,無年齡維度,0.0,女,遷出,其他縣市,0
112,10,13,汐止區,,,,無年齡維度,0.0,男,遷出,其他縣市,0
112,10,13,汐止區,,,,無年齡維度,0.0,女,遷出,其他鄉鎮,130
112,10,13,汐止區,,,,無年齡維度,0.0,男,遷出,其他鄉鎮,102
112,10,13,汐止區,,,,無年齡維度,0.0,女,遷出,合計,279
112,10,13,汐止區,,,,無年齡維度,0.0,男,遷出,合計,240
112,10,13,汐止區,,,,無年齡維度,0.0,女,遷出,國外,9
112,10,13,汐止區,,,,無年齡維度,0.0,男,遷出,國外,6
112,10,13,汐止區,,,,無年齡維度,0.0,女,遷出,新北市內,0
112,10,13,汐止區,,,,無年齡維度,0.0,男,遷出,新北市內,0
112,10,13,汐止區,,,,無年齡維度,0.0,女,遷出,桃園市,29
112,10,13,汐止區,,,,無年齡維度,0.0,男,遷出,桃園市,43
112,10,13,汐止區,,,,無年齡維度,0.0,女,遷出,福建省,4
112,10,13,汐止區,,,,無年齡維度,0.0,男,遷出,福建省,6
112,10,13,汐止區,,,,無年齡維度,0.0,女,遷出,臺中市,14
112,10,13,汐止區,,,,無年齡維度,0.0,男,遷出,臺中市,6
112,10,13,汐止區,,,,無年齡維度,0.0,女,遷出,臺北市,37
112,10,13,汐止區,,,,無年齡維度,0.0,男,遷出,臺北市,31
112,10,13,汐止區,,,,無年齡維度,0.0,女,遷出,臺南市,6
112,10,13,汐止區,,,,無年齡維度,0.0,男,遷出,臺南市,5
112,10,13,汐止區,,,,無年齡維度,0.0,女,遷出,臺灣省,38
112,10,13,汐止區,,,,無年齡維度,0.0,男,遷出,臺灣省,37
112,10,13,汐止區,,,,無年齡維度,0.0,女,遷出,高雄市,12
112,10,13,汐止區,,,,無年齡維度,0.0,男,遷出,高雄市,4
112,10,14,瑞芳區,,,,無年齡維度,0.0,女,遷入,migrants,232
112,10,14,瑞芳區,,,,無年齡維度,0.0,男,遷入,migrants,199
112,10,14,瑞芳區,,,,無年齡維度,0.0,女,遷入,other,0
112,10,14,瑞芳區,,,,無年齡維度,0.0,男,遷入,other,0
112,10,14,瑞芳區,,,,無年齡維度,0.0,女,遷入,其他縣市,0
112,10,14,瑞芳區,,,,無年齡維度,0.0,男,遷入,其他縣市,0
112,10,14,瑞芳區,,,,無年齡維度,0.0,女,遷入,其他鄉鎮,144
112,10,14,瑞芳區,,,,無年齡維度,0.0,男,遷入,其他鄉鎮,100
112,10,14,瑞芳區,,,,無年齡維度,0.0,女,遷入,合計,338
112,10,14,瑞芳區,,,,無年齡維度,0.0,男,遷入,合計,235
112,10,14,瑞芳區,,,,無年齡維度,0.0,女,遷入,國外,53
112,10,14,瑞芳區,,,,無年齡維度,0.0,男,遷入,國外,25
112,10,14,瑞芳區,,,,無年齡維度,0.0,女,遷入,新北市內,0
112,10,14,瑞芳區,,,,無年齡維度,0.0,男,遷入,新北市內,0
112,10,14,瑞芳區,,,,無年齡維度,0.0,女,遷入,桃園市,12
112,10,14,瑞芳區,,,,無年齡維度,0.0,男,遷入,桃園市,8
112,10,14,瑞芳區,,,,無年齡維度,0.0,女,遷入,福建省,3
112,10,14,瑞芳區,,,,無年齡維度,0.0,男,遷入,福建省,0
112,10,14,瑞芳區,,,,無年齡維度,0.0,女,遷入,臺中市,4
112,10,14,瑞芳區,,,,無年齡維度,0.0,男,遷入,臺中市,8
112,10,14,瑞芳區,,,,無年齡維度,0.0,女,遷入,臺北市,71
112,10,14,瑞芳區,,,,無年齡維度,0.0,男,遷入,臺北市,66
112,10,14,瑞芳區,,,,無年齡維度,0.0,女,遷入,臺南市,4
112,10,14,瑞芳區,,,,無年齡維度,0.0,男,遷入,臺南市,3
112,10,14,瑞芳區,,,,無年齡維度,0.0,女,遷入,臺灣省,34
112,10,14,瑞芳區,,,,無年齡維度,0.0,男,遷入,臺灣省,24
112,10,14,瑞芳區,,,,無年齡維度,0.0,女,遷入,高雄市,5
112,10,14,瑞芳區,,,,無年齡維度,0.0,男,遷入,高雄市,0
112,10,14,瑞芳區,,,,無年齡維度,0.0,女,遷出,migrants,232
112,10,14,瑞芳區,,,,無年齡維度,0.0,男,遷出,migrants,199
112,10,14,瑞芳區,,,,無年齡維度,0.0,女,遷出,other,0
112,10,14,瑞芳區,,,,無年齡維度,0.0,男,遷出,other,0
112,10,14,瑞芳區,,,,無年齡維度,0.0,女,遷出,其他縣市,0
112,10,14,瑞芳區,,,,無年齡維度,0.0,男,遷出,其他縣市,0
112,10,14,瑞芳區,,,,無年齡維度,0.0,女,遷出,其他鄉鎮,198
112,10,14,瑞芳區,,,,無年齡維度,0.0,男,遷出,其他鄉鎮,148
112,10,14,瑞芳區,,,,無年齡維度,0.0,女,遷出,合計,329
112,10,14,瑞芳區,,,,無年齡維度,0.0,男,遷出,合計,278
112,10,14,瑞芳區,,,,無年齡維度,0.0,女,遷出,國外,3
112,10,14,瑞芳區,,,,無年齡維度,0.0,男,遷出,國外,4
112,10,14,瑞芳區,,,,無年齡維度,0.0,女,遷出,新北市內,0
112,10,14,瑞芳區,,,,無年齡維度,0.0,男,遷出,新北市內,0
112,10,14,瑞芳區,,,,無年齡維度,0.0,女,遷出,桃園市,15
112,10,14,瑞芳區,,,,無年齡維度,0.0,男,遷出,桃園市,21
112,10,14,瑞芳區,,,,無年齡維度,0.0,女,遷出,福建省,0
112,10,14,瑞芳區,,,,無年齡維度,0.0,男,遷出,福建省,3
112,10,14,瑞芳區,,,,無年齡維度,0.0,女,遷出,臺中市,1
112,10,14,瑞芳區,,,,無年齡維度,0.0,男,遷出,臺中市,6
112,10,14,瑞芳區,,,,無年齡維度,0.0,女,遷出,臺北市,73
112,10,14,瑞芳區,,,,無年齡維度,0.0,男,遷出,臺北市,73
112,10,14,瑞芳區,,,,無年齡維度,0.0,女,遷出,臺南市,3
112,10,14,瑞芳區,,,,無年齡維度,0.0,男,遷出,臺南市,4
112,10,14,瑞芳區,,,,無年齡維度,0.0,女,遷出,臺灣省,26
112,10,14,瑞芳區,,,,無年齡維度,0.0,男,遷出,臺灣省,19
112,10,14,瑞芳區,,,,無年齡維度,0.0,女,遷出,高雄市,10
112,10,14,瑞芳區,,,,無年齡維度,0.0,男,遷出,高雄市,0
112,10,15,五股區,,,,無年齡維度,0.0,女,遷入,migrants,66
112,10,15,五股區,,,,無年齡維度,0.0,男,遷入,migrants,72
112,10,15,五股區,,,,無年齡維度,0.0,女,遷入,other,0
112,10,15,五股區,,,,無年齡維度,0.0,男,遷入,other,0
112,10,15,五股區,,,,無年齡維度,0.0,女,遷入,其他縣市,0
112,10,15,五股區,,,,無年齡維度,0.0,男,遷入,其他縣市,0
112,10,15,五股區,,,,無年齡維度,0.0,女,遷入,其他鄉鎮,141
112,10,15,五股區,,,,無年齡維度,0.0,男,遷入,其他鄉鎮,103
112,10,15,五股區,,,,無年齡維度,0.0,女,遷入,合計,212
112,10,15,五股區,,,,無年齡維度,0.0,男,遷入,合計,166
112,10,15,五股區,,,,無年齡維度,0.0,女,遷入,國外,14
112,10,15,五股區,,,,無年齡維度,0.0,男,遷入,國外,12
112,10,15,五股區,,,,無年齡維度,0.0,女,遷入,新北市內,0
112,10,15,五股區,,,,無年齡維度,0.0,男,遷入,新北市內,0
112,10,15,五股區,,,,無年齡維度,0.0,女,遷入,桃園市,6
112,10,15,五股區,,,,無年齡維度,0.0,男,遷入,桃園市,7
112,10,15,五股區,,,,無年齡維度,0.0,女,遷入,福建省,0
112,10,15,五股區,,,,無年齡維度,0.0,男,遷入,福建省,2
112,10,15,五股區,,,,無年齡維度,0.0,女,遷入,臺中市,6
112,10,15,五股區,,,,無年齡維度,0.0,男,遷入,臺中市,1
112,10,15,五股區,,,,無年齡維度,0.0,女,遷入,臺北市,24
112,10,15,五股區,,,,無年齡維度,0.0,男,遷入,臺北市,23
112,10,15,五股區,,,,無年齡維度,0.0,女,遷入,臺南市,2
112,10,15,五股區,,,,無年齡維度,0.0,男,遷入,臺南市,1
112,10,15,五股區,,,,無年齡維度,0.0,女,遷入,臺灣省,12
112,10,15,五股區,,,,無年齡維度,0.0,男,遷入,臺灣省,12
112,10,15,五股區,,,,無年齡維度,0.0,女,遷入,高雄市,4
112,10,15,五股區,,,,無年齡維度,0.0,男,遷入,高雄市,3
112,10,15,五股區,,,,無年齡維度,0.0,女,遷出,migrants,66
112,10,15,五股區,,,,無年齡維度,0.0,男,遷出,migrants,72
112,10,15,五股區,,,,無年齡維度,0.0,女,遷出,other,0
112,10,15,五股區,,,,無年齡維度,0.0,男,遷出,other,0
112,10,15,五股區,,,,無年齡維度,0.0,女,遷出,其他縣市,0
112,10,15,五股區,,,,無年齡維度,0.0,男,遷出,其他縣市,0
112,10,15,五股區,,,,無年齡維度,0.0,女,遷出,其他鄉鎮,92
112,10,15,五股區,,,,無年齡維度,0.0,男,遷出,其他鄉鎮,59
112,10,15,五股區,,,,無年齡維度,0.0,女,遷出,合計,150
112,10,15,五股區,,,,無年齡維度,0.0,男,遷出,合計,118
112,10,15,五股區,,,,無年齡維度,0.0,女,遷出,國外,4
112,10,15,五股區,,,,無年齡維度,0.0,男,遷出,國外,1
112,10,15,五股區,,,,無年齡維度,0.0,女,遷出,新北市內,0
112,10,15,五股區,,,,無年齡維度,0.0,男,遷出,新北市內,0
112,10,15,五股區,,,,無年齡維度,0.0,女,遷出,桃園市,5
112,10,15,五股區,,,,無年齡維度,0.0,男,遷出,桃園市,10
112,10,15,五股區,,,,無年齡維度,0.0,女,遷出,福建省,2
112,10,15,五股區,,,,無年齡維度,0.0,男,遷出,福建省,1
112,10,15,五股區,,,,無年齡維度,0.0,女,遷出,臺中市,4
112,10,15,五股區,,,,無年齡維度,0.0,男,遷出,臺中市,3
112,10,15,五股區,,,,無年齡維度,0.0,女,遷出,臺北市,24
112,10,15,五股區,,,,無年齡維度,0.0,男,遷出,臺北市,26
112,10,15,五股區,,,,無年齡維度,0.0,女,遷出,臺南市,2
112,10,15,五股區,,,,無年齡維度,0.0,男,遷出,臺南市,2
112,10,15,五股區,,,,無年齡維度,0.0,女,遷出,臺灣省,12
112,10,15,五股區,,,,無年齡維度,0.0,男,遷出,臺灣省,14
112,10,15,五股區,,,,無年齡維度,0.0,女,遷出,高雄市,5
112,10,15,五股區,,,,無年齡維度,0.0,男,遷出,高雄市,2
112,10,16,泰山區,,,,無年齡維度,0.0,女,遷入,migrants,57
112,10,16,泰山區,,,,無年齡維度,0.0,男,遷入,migrants,53
112,10,16,泰山區,,,,無年齡維度,0.0,女,遷入,other,0
112,10,16,泰山區,,,,無年齡維度,0.0,男,遷入,other,0
112,10,16,泰山區,,,,無年齡維度,0.0,女,遷入,其他縣市,0
112,10,16,泰山區,,,,無年齡維度,0.0,男,遷入,其他縣市,0
112,10,16,泰山區,,,,無年齡維度,0.0,女,遷入,其他鄉鎮,73
112,10,16,泰山區,,,,無年齡維度,0.0,男,遷入,其他鄉鎮,62
112,10,16,泰山區,,,,無年齡維度,0.0,女,遷入,合計,138
112,10,16,泰山區,,,,無年齡維度,0.0,男,遷入,合計,100
112,10,16,泰山區,,,,無年齡維度,0.0,女,遷入,國外,18
112,10,16,泰山區,,,,無年齡維度,0.0,男,遷入,國外,11
112,10,16,泰山區,,,,無年齡維度,0.0,女,遷入,新北市內,0
112,10,16,泰山區,,,,無年齡維度,0.0,男,遷入,新北市內,0
112,10,16,泰山區,,,,無年齡維度,0.0,女,遷入,桃園市,11
112,10,16,泰山區,,,,無年齡維度,0.0,男,遷入,桃園市,3
112,10,16,泰山區,,,,無年齡維度,0.0,女,遷入,福建省,0
112,10,16,泰山區,,,,無年齡維度,0.0,男,遷入,福建省,0
112,10,16,泰山區,,,,無年齡維度,0.0,女,遷入,臺中市,1
112,10,16,泰山區,,,,無年齡維度,0.0,男,遷入,臺中市,2
112,10,16,泰山區,,,,無年齡維度,0.0,女,遷入,臺北市,20
112,10,16,泰山區,,,,無年齡維度,0.0,男,遷入,臺北市,8
112,10,16,泰山區,,,,無年齡維度,0.0,女,遷入,臺南市,1
112,10,16,泰山區,,,,無年齡維度,0.0,男,遷入,臺南市,1
112,10,16,泰山區,,,,無年齡維度,0.0,女,遷入,臺灣省,7
112,10,16,泰山區,,,,無年齡維度,0.0,男,遷入,臺灣省,12
112,10,16,泰山區,,,,無年齡維度,0.0,女,遷入,高雄市,4
112,10,16,泰山區,,,,無年齡維度,0.0,男,遷入,高雄市,1
112,10,16,泰山區,,,,無年齡維度,0.0,女,遷出,migrants,57
112,10,16,泰山區,,,,無年齡維度,0.0,男,遷出,migrants,53
112,10,16,泰山區,,,,無年齡維度,0.0,女,遷出,other,0
112,10,16,泰山區,,,,無年齡維度,0.0,男,遷出,other,0
112,10,16,泰山區,,,,無年齡維度,0.0,女,遷出,其他縣市,0
112,10,16,泰山區,,,,無年齡維度,0.0,男,遷出,其他縣市,0
112,10,16,泰山區,,,,無年齡維度,0.0,女,遷出,其他鄉鎮,75
112,10,16,泰山區,,,,無年齡維度,0.0,男,遷出,其他鄉鎮,60
112,10,16,泰山區,,,,無年齡維度,0.0,女,遷出,合計,137
112,10,16,泰山區,,,,無年齡維度,0.0,男,遷出,合計,112
112,10,16,泰山區,,,,無年齡維度,0.0,女,遷出,國外,3
112,10,16,泰山區,,,,無年齡維度,0.0,男,遷出,國外,0
112,10,16,泰山區,,,,無年齡維度,0.0,女,遷出,新北市內,0
112,10,16,泰山區,,,,無年齡維度,0.0,男,遷出,新北市內,0
112,10,16,泰山區,,,,無年齡維度,0.0,女,遷出,桃園市,13
112,10,16,泰山區,,,,無年齡維度,0.0,男,遷出,桃園市,15
112,10,16,泰山區,,,,無年齡維度,0.0,女,遷出,福建省,0
112,10,16,泰山區,,,,無年齡維度,0.0,男,遷出,福建省,1
112,10,16,泰山區,,,,無年齡維度,0.0,女,遷出,臺中市,5
112,10,16,泰山區,,,,無年齡維度,0.0,男,遷出,臺中市,3
112,10,16,泰山區,,,,無年齡維度,0.0,女,遷出,臺北市,21
112,10,16,泰山區,,,,無年齡維度,0.0,男,遷出,臺北市,15
112,10,16,泰山區,,,,無年齡維度,0.0,女,遷出,臺南市,2
112,10,16,泰山區,,,,無年齡維度,0.0,男,遷出,臺南市,3
112,10,16,泰山區,,,,無年齡維度,0.0,女,遷出,臺灣省,12
112,10,16,泰山區,,,,無年齡維度,0.0,男,遷出,臺灣省,13
112,10,16,泰山區,,,,無年齡維度,0.0,女,遷出,高雄市,6
112,10,16,泰山區,,,,無年齡維度,0.0,男,遷出,高雄市,2
112,10,17,林口區,,,,無年齡維度,0.0,女,遷入,migrants,247
112,10,17,林口區,,,,無年齡維度,0.0,男,遷入,migrants,205
112,10,17,林口區,,,,無年齡維度,0.0,女,遷入,other,0
112,10,17,林口區,,,,無年齡維度,0.0,男,遷入,other,0
112,10,17,林口區,,,,無年齡維度,0.0,女,遷入,其他縣市,0
112,10,17,林口區,,,,無年齡維度,0.0,男,遷入,其他縣市,0
112,10,17,林口區,,,,無年齡維度,0.0,女,遷入,其他鄉鎮,84
112,10,17,林口區,,,,無年齡維度,0.0,男,遷入,其他鄉鎮,77
112,10,17,林口區,,,,無年齡維度,0.0,女,遷入,合計,364
112,10,17,林口區,,,,無年齡維度,0.0,男,遷入,合計,305
112,10,17,林口區,,,,無年齡維度,0.0,女,遷入,國外,56
112,10,17,林口區,,,,無年齡維度,0.0,男,遷入,國外,41
112,10,17,林口區,,,,無年齡維度,0.0,女,遷入,新北市內,0
112,10,17,林口區,,,,無年齡維度,0.0,男,遷入,新北市內,0
112,10,17,林口區,,,,無年齡維度,0.0,女,遷入,桃園市,104
112,10,17,林口區,,,,無年齡維度,0.0,男,遷入,桃園市,78
112,10,17,林口區,,,,無年齡維度,0.0,女,遷入,福建省,2
112,10,17,林口區,,,,無年齡維度,0.0,男,遷入,福建省,2
112,10,17,林口區,,,,無年齡維度,0.0,女,遷入,臺中市,8
112,10,17,林口區,,,,無年齡維度,0.0,男,遷入,臺中市,9
112,10,17,林口區,,,,無年齡維度,0.0,女,遷入,臺北市,61
112,10,17,林口區,,,,無年齡維度,0.0,男,遷入,臺北市,57
112,10,17,林口區,,,,無年齡維度,0.0,女,遷入,臺南市,4
112,10,17,林口區,,,,無年齡維度,0.0,男,遷入,臺南市,4
112,10,17,林口區,,,,無年齡維度,0.0,女,遷入,臺灣省,29
112,10,17,林口區,,,,無年齡維度,0.0,男,遷入,臺灣省,28
112,10,17,林口區,,,,無年齡維度,0.0,女,遷入,高雄市,6
112,10,17,林口區,,,,無年齡維度,0.0,男,遷入,高雄市,4
112,10,17,林口區,,,,無年齡維度,0.0,女,遷出,migrants,247
112,10,17,林口區,,,,無年齡維度,0.0,男,遷出,migrants,205
112,10,17,林口區,,,,無年齡維度,0.0,女,遷出,other,0
112,10,17,林口區,,,,無年齡維度,0.0,男,遷出,other,0
112,10,17,林口區,,,,無年齡維度,0.0,女,遷出,其他縣市,0
112,10,17,林口區,,,,無年齡維度,0.0,男,遷出,其他縣市,0
112,10,17,林口區,,,,無年齡維度,0.0,女,遷出,其他鄉鎮,60
112,10,17,林口區,,,,無年齡維度,0.0,男,遷出,其他鄉鎮,38
112,10,17,林口區,,,,無年齡維度,0.0,女,遷出,合計,197
112,10,17,林口區,,,,無年齡維度,0.0,男,遷出,合計,162
112,10,17,林口區,,,,無年齡維度,0.0,女,遷出,國外,4
112,10,17,林口區,,,,無年齡維度,0.0,男,遷出,國外,3
112,10,17,林口區,,,,無年齡維度,0.0,女,遷出,新北市內,0
112,10,17,林口區,,,,無年齡維度,0.0,男,遷出,新北市內,0
112,10,17,林口區,,,,無年齡維度,0.0,女,遷出,桃園市,51
112,10,17,林口區,,,,無年齡維度,0.0,男,遷出,桃園市,46
112,10,17,林口區,,,,無年齡維度,0.0,女,遷出,福建省,5
112,10,17,林口區,,,,無年齡維度,0.0,男,遷出,福建省,2
112,10,17,林口區,,,,無年齡維度,0.0,女,遷出,臺中市,7
112,10,17,林口區,,,,無年齡維度,0.0,男,遷出,臺中市,14
112,10,17,林口區,,,,無年齡維度,0.0,女,遷出,臺北市,41
112,10,17,林口區,,,,無年齡維度,0.0,男,遷出,臺北市,26
112,10,17,林口區,,,,無年齡維度,0.0,女,遷出,臺南市,8
112,10,17,林口區,,,,無年齡維度,0.0,男,遷出,臺南市,4
112,10,17,林口區,,,,無年齡維度,0.0,女,遷出,臺灣省,19
112,10,17,林口區,,,,無年齡維度,0.0,男,遷出,臺灣省,27
112,10,17,林口區,,,,無年齡維度,0.0,女,遷出,高雄市,2
112,10,17,林口區,,,,無年齡維度,0.0,男,遷出,高雄市,1
112,10,18,八里區,,,,無年齡維度,0.0,女,遷入,migrants,13
112,10,18,八里區,,,,無年齡維度,0.0,男,遷入,migrants,13
112,10,18,八里區,,,,無年齡維度,0.0,女,遷入,other,0
112,10,18,八里區,,,,無年齡維度,0.0,男,遷入,other,0
112,10,18,八里區,,,,無年齡維度,0.0,女,遷入,其他縣市,0
112,10,18,八里區,,,,無年齡維度,0.0,男,遷入,其他縣市,0
112,10,18,八里區,,,,無年齡維度,0.0,女,遷入,其他鄉鎮,11
112,10,18,八里區,,,,無年齡維度,0.0,男,遷入,其他鄉鎮,2
112,10,18,八里區,,,,無年齡維度,0.0,女,遷入,合計,42
112,10,18,八里區,,,,無年齡維度,0.0,男,遷入,合計,23
112,10,18,八里區,,,,無年齡維度,0.0,女,遷入,國外,7
112,10,18,八里區,,,,無年齡維度,0.0,男,遷入,國外,7
112,10,18,八里區,,,,無年齡維度,0.0,女,遷入,新北市內,0
112,10,18,八里區,,,,無年齡維度,0.0,男,遷入,新北市內,0
112,10,18,八里區,,,,無年齡維度,0.0,女,遷入,桃園市,2
112,10,18,八里區,,,,無年齡維度,0.0,男,遷入,桃園市,1
112,10,18,八里區,,,,無年齡維度,0.0,女,遷入,福建省,0
112,10,18,八里區,,,,無年齡維度,0.0,男,遷入,福建省,0
112,10,18,八里區,,,,無年齡維度,0.0,女,遷入,臺中市,0
112,10,18,八里區,,,,無年齡維度,0.0,男,遷入,臺中市,0
112,10,18,八里區,,,,無年齡維度,0.0,女,遷入,臺北市,15
112,10,18,八里區,,,,無年齡維度,0.0,男,遷入,臺北市,7
112,10,18,八里區,,,,無年齡維度,0.0,女,遷入,臺南市,0
112,10,18,八里區,,,,無年齡維度,0.0,男,遷入,臺南市,0
112,10,18,八里區,,,,無年齡維度,0.0,女,遷入,臺灣省,5
112,10,18,八里區,,,,無年齡維度,0.0,男,遷入,臺灣省,5
112,10,18,八里區,,,,無年齡維度,0.0,女,遷入,高雄市,0
112,10,18,八里區,,,,無年齡維度,0.0,男,遷入,高雄市,0
112,10,18,八里區,,,,無年齡維度,0.0,女,遷出,migrants,13
112,10,18,八里區,,,,無年齡維度,0.0,男,遷出,migrants,13
112,10,18,八里區,,,,無年齡維度,0.0,女,遷出,other,0
112,10,18,八里區,,,,無年齡維度,0.0,男,遷出,other,0
112,10,18,八里區,,,,無年齡維度,0.0,女,遷出,其他縣市,0
112,10,18,八里區,,,,無年齡維度,0.0,男,遷出,其他縣市,0
112,10,18,八里區,,,,無年齡維度,0.0,女,遷出,其他鄉鎮,11
112,10,18,八里區,,,,無年齡維度,0.0,男,遷出,其他鄉鎮,7
112,10,18,八里區,,,,無年齡維度,0.0,女,遷出,合計,32
112,10,18,八里區,,,,無年齡維度,0.0,男,遷出,合計,35
112,10,18,八里區,,,,無年齡維度,0.0,女,遷出,國外,4
112,10,18,八里區,,,,無年齡維度,0.0,男,遷出,國外,3
112,10,18,八里區,,,,無年齡維度,0.0,女,遷出,新北市內,0
112,10,18,八里區,,,,無年齡維度,0.0,男,遷出,新北市內,0
112,10,18,八里區,,,,無年齡維度,0.0,女,遷出,桃園市,3
112,10,18,八里區,,,,無年齡維度,0.0,男,遷出,桃園市,2
112,10,18,八里區,,,,無年齡維度,0.0,女,遷出,福建省,1
112,10,18,八里區,,,,無年齡維度,0.0,男,遷出,福建省,1
112,10,18,八里區,,,,無年齡維度,0.0,女,遷出,臺中市,0
112,10,18,八里區,,,,無年齡維度,0.0,男,遷出,臺中市,1
112,10,18,八里區,,,,無年齡維度,0.0,女,遷出,臺北市,7
112,10,18,八里區,,,,無年齡維度,0.0,男,遷出,臺北市,18
112,10,18,八里區,,,,無年齡維度,0.0,女,遷出,臺南市,1
112,10,18,八里區,,,,無年齡維度,0.0,男,遷出,臺南市,0
112,10,18,八里區,,,,無年齡維度,0.0,女,遷出,臺灣省,5
112,10,18,八里區,,,,無年齡維度,0.0,男,遷出,臺灣省,2
112,10,18,八里區,,,,無年齡維度,0.0,女,遷出,高雄市,0
112,10,18,八里區,,,,無年齡維度,0.0,男,遷出,高雄市,1
112,10,19,深坑區,,,,無年齡維度,0.0,女,遷入,migrants,0
112,10,19,深坑區,,,,無年齡維度,0.0,男,遷入,migrants,1
112,10,19,深坑區,,,,無年齡維度,0.0,女,遷入,other,0
112,10,19,深坑區,,,,無年齡維度,0.0,男,遷入,other,0
112,10,19,深坑區,,,,無年齡維度,0.0,女,遷入,其他縣市,0
112,10,19,深坑區,,,,無年齡維度,0.0,男,遷入,其他縣市,0
112,10,19,深坑區,,,,無年齡維度,0.0,女,遷入,其他鄉鎮,5
112,10,19,深坑區,,,,無年齡維度,0.0,男,遷入,其他鄉鎮,3
112,10,19,深坑區,,,,無年齡維度,0.0,女,遷入,合計,12
112,10,19,深坑區,,,,無年齡維度,0.0,男,遷入,合計,7
112,10,19,深坑區,,,,無年齡維度,0.0,女,遷入,國外,3
112,10,19,深坑區,,,,無年齡維度,0.0,男,遷入,國外,1
112,10,19,深坑區,,,,無年齡維度,0.0,女,遷入,新北市內,0
112,10,19,深坑區,,,,無年齡維度,0.0,男,遷入,新北市內,0
112,10,19,深坑區,,,,無年齡維度,0.0,女,遷入,桃園市,0
112,10,19,深坑區,,,,無年齡維度,0.0,男,遷入,桃園市,0
112,10,19,深坑區,,,,無年齡維度,0.0,女,遷入,福建省,0
112,10,19,深坑區,,,,無年齡維度,0.0,男,遷入,福建省,0
112,10,19,深坑區,,,,無年齡維度,0.0,女,遷入,臺中市,0
112,10,19,深坑區,,,,無年齡維度,0.0,男,遷入,臺中市,0
112,10,19,深坑區,,,,無年齡維度,0.0,女,遷入,臺北市,3
112,10,19,深坑區,,,,無年齡維度,0.0,男,遷入,臺北市,2
112,10,19,深坑區,,,,無年齡維度,0.0,女,遷入,臺南市,0
112,10,19,深坑區,,,,無年齡維度,0.0,男,遷入,臺南市,1
112,10,19,深坑區,,,,無年齡維度,0.0,女,遷入,臺灣省,1
112,10,19,深坑區,,,,無年齡維度,0.0,男,遷入,臺灣省,0
112,10,19,深坑區,,,,無年齡維度,0.0,女,遷入,高雄市,0
112,10,19,深坑區,,,,無年齡維度,0.0,男,遷入,高雄市,0
112,10,19,深坑區,,,,無年齡維度,0.0,女,遷出,migrants,0
112,10,19,深坑區,,,,無年齡維度,0.0,男,遷出,migrants,1
112,10,19,深坑區,,,,無年齡維度,0.0,女,遷出,other,0
112,10,19,深坑區,,,,無年齡維度,0.0,男,遷出,other,0
112,10,19,深坑區,,,,無年齡維度,0.0,女,遷出,其他縣市,0
112,10,19,深坑區,,,,無年齡維度,0.0,男,遷出,其他縣市,0
112,10,19,深坑區,,,,無年齡維度,0.0,女,遷出,其他鄉鎮,7
112,10,19,深坑區,,,,無年齡維度,0.0,男,遷出,其他鄉鎮,2
112,10,19,深坑區,,,,無年齡維度,0.0,女,遷出,合計,11
112,10,19,深坑區,,,,無年齡維度,0.0,男,遷出,合計,5
112,10,19,深坑區,,,,無年齡維度,0.0,女,遷出,國外,1
112,10,19,深坑區,,,,無年齡維度,0.0,男,遷出,國外,0
112,10,19,深坑區,,,,無年齡維度,0.0,女,遷出,新北市內,0
112,10,19,深坑區,,,,無年齡維度,0.0,男,遷出,新北市內,0
112,10,19,深坑區,,,,無年齡維度,0.0,女,遷出,桃園市,1
112,10,19,深坑區,,,,無年齡維度,0.0,男,遷出,桃園市,0
112,10,19,深坑區,,,,無年齡維度,0.0,女,遷出,福建省,0
112,10,19,深坑區,,,,無年齡維度,0.0,男,遷出,福建省,0
112,10,19,深坑區,,,,無年齡維度,0.0,女,遷出,臺中市,0
112,10,19,深坑區,,,,無年齡維度,0.0,男,遷出,臺中市,1
112,10,19,深坑區,,,,無年齡維度,0.0,女,遷出,臺北市,2
112,10,19,深坑區,,,,無年齡維度,0.0,男,遷出,臺北市,2
112,10,19,深坑區,,,,無年齡維度,0.0,女,遷出,臺南市,0
112,10,19,深坑區,,,,無年齡維度,0.0,男,遷出,臺南市,0
112,10,19,深坑區,,,,無年齡維度,0.0,女,遷出,臺灣省,0
112,10,19,深坑區,,,,無年齡維度,0.0,男,遷出,臺灣省,0
112,10,19,深坑區,,,,無年齡維度,0.0,女,遷出,高雄市,0
112,10,19,深坑區,,,,無年齡維度,0.0,男,遷出,高雄市,0
112,10,20,石碇區,,,,無年齡維度,0.0,女,遷入,migrants,1
112,10,20,石碇區,,,,無年齡維度,0.0,男,遷入,migrants,1
112,10,20,石碇區,,,,無年齡維度,0.0,女,遷入,other,0
112,10,20,石碇區,,,,無年齡維度,0.0,男,遷入,other,0
112,10,20,石碇區,,,,無年齡維度,0.0,女,遷入,其他縣市,0
112,10,20,石碇區,,,,無年齡維度,0.0,男,遷入,其他縣市,0
112,10,20,石碇區,,,,無年齡維度,0.0,女,遷入,其他鄉鎮,3
112,10,20,石碇區,,,,無年齡維度,0.0,男,遷入,其他鄉鎮,3
112,10,20,石碇區,,,,無年齡維度,0.0,女,遷入,合計,4
112,10,20,石碇區,,,,無年齡維度,0.0,男,遷入,合計,6
112,10,20,石碇區,,,,無年齡維度,0.0,女,遷入,國外,1
112,10,20,石碇區,,,,無年齡維度,0.0,男,遷入,國外,0
112,10,20,石碇區,,,,無年齡維度,0.0,女,遷入,新北市內,0
112,10,20,石碇區,,,,無年齡維度,0.0,男,遷入,新北市內,0
112,10,20,石碇區,,,,無年齡維度,0.0,女,遷入,桃園市,0
112,10,20,石碇區,,,,無年齡維度,0.0,男,遷入,桃園市,0
112,10,20,石碇區,,,,無年齡維度,0.0,女,遷入,福建省,0
112,10,20,石碇區,,,,無年齡維度,0.0,男,遷入,福建省,1
112,10,20,石碇區,,,,無年齡維度,0.0,女,遷入,臺中市,0
112,10,20,石碇區,,,,無年齡維度,0.0,男,遷入,臺中市,1
112,10,20,石碇區,,,,無年齡維度,0.0,女,遷入,臺北市,0
112,10,20,石碇區,,,,無年齡維度,0.0,男,遷入,臺北市,1
112,10,20,石碇區,,,,無年齡維度,0.0,女,遷入,臺南市,0
112,10,20,石碇區,,,,無年齡維度,0.0,男,遷入,臺南市,0
112,10,20,石碇區,,,,無年齡維度,0.0,女,遷入,臺灣省,0
112,10,20,石碇區,,,,無年齡維度,0.0,男,遷入,臺灣省,0
112,10,20,石碇區,,,,無年齡維度,0.0,女,遷入,高雄市,0
112,10,20,石碇區,,,,無年齡維度,0.0,男,遷入,高雄市,0
112,10,20,石碇區,,,,無年齡維度,0.0,女,遷出,migrants,1
112,10,20,石碇區,,,,無年齡維度,0.0,男,遷出,migrants,1
112,10,20,石碇區,,,,無年齡維度,0.0,女,遷出,other,0
112,10,20,石碇區,,,,無年齡維度,0.0,男,遷出,other,0
112,10,20,石碇區,,,,無年齡維度,0.0,女,遷出,其他縣市,0
112,10,20,石碇區,,,,無年齡維度,0.0,男,遷出,其他縣市,0
112,10,20,石碇區,,,,無年齡維度,0.0,女,遷出,其他鄉鎮,6
112,10,20,石碇區,,,,無年齡維度,0.0,男,遷出,其他鄉鎮,7
112,10,20,石碇區,,,,無年齡維度,0.0,女,遷出,合計,8
112,10,20,石碇區,,,,無年齡維度,0.0,男,遷出,合計,10
112,10,20,石碇區,,,,無年齡維度,0.0,女,遷出,國外,0
112,10,20,石碇區,,,,無年齡維度,0.0,男,遷出,國外,0
112,10,20,石碇區,,,,無年齡維度,0.0,女,遷出,新北市內,0
112,10,20,石碇區,,,,無年齡維度,0.0,男,遷出,新北市內,0
112,10,20,石碇區,,,,無年齡維度,0.0,女,遷出,桃園市,0
112,10,20,石碇區,,,,無年齡維度,0.0,男,遷出,桃園市,0
112,10,20,石碇區,,,,無年齡維度,0.0,女,遷出,福建省,0
112,10,20,石碇區,,,,無年齡維度,0.0,男,遷出,福建省,0
112,10,20,石碇區,,,,無年齡維度,0.0,女,遷出,臺中市,0
112,10,20,石碇區,,,,無年齡維度,0.0,男,遷出,臺中市,1
112,10,20,石碇區,,,,無年齡維度,0.0,女,遷出,臺北市,1
112,10,20,石碇區,,,,無年齡維度,0.0,男,遷出,臺北市,2
112,10,20,石碇區,,,,無年齡維度,0.0,女,遷出,臺南市,0
112,10,20,石碇區,,,,無年齡維度,0.0,男,遷出,臺南市,0
112,10,20,石碇區,,,,無年齡維度,0.0,女,遷出,臺灣省,0
112,10,20,石碇區,,,,無年齡維度,0.0,男,遷出,臺灣省,0
112,10,20,石碇區,,,,無年齡維度,0.0,女,遷出,高雄市,1
112,10,20,石碇區,,,,無年齡維度,0.0,男,遷出,高雄市,0
112,10,21,坪林區,,,,無年齡維度,0.0,女,遷入,migrants,16
112,10,21,坪林區,,,,無年齡維度,0.0,男,遷入,migrants,15
112,10,21,坪林區,,,,無年齡維度,0.0,女,遷入,other,0
112,10,21,坪林區,,,,無年齡維度,0.0,男,遷入,other,0
112,10,21,坪林區,,,,無年齡維度,0.0,女,遷入,其他縣市,0
112,10,21,坪林區,,,,無年齡維度,0.0,男,遷入,其他縣市,0
112,10,21,坪林區,,,,無年齡維度,0.0,女,遷入,其他鄉鎮,18
112,10,21,坪林區,,,,無年齡維度,0.0,男,遷入,其他鄉鎮,16
112,10,21,坪林區,,,,無年齡維度,0.0,女,遷入,合計,49
112,10,21,坪林區,,,,無年齡維度,0.0,男,遷入,合計,34
112,10,21,坪林區,,,,無年齡維度,0.0,女,遷入,國外,14
112,10,21,坪林區,,,,無年齡維度,0.0,男,遷入,國外,9
112,10,21,坪林區,,,,無年齡維度,0.0,女,遷入,新北市內,0
112,10,21,坪林區,,,,無年齡維度,0.0,男,遷入,新北市內,0
112,10,21,坪林區,,,,無年齡維度,0.0,女,遷入,桃園市,1
112,10,21,坪林區,,,,無年齡維度,0.0,男,遷入,桃園市,1
112,10,21,坪林區,,,,無年齡維度,0.0,女,遷入,福建省,0
112,10,21,坪林區,,,,無年齡維度,0.0,男,遷入,福建省,0
112,10,21,坪林區,,,,無年齡維度,0.0,女,遷入,臺中市,0
112,10,21,坪林區,,,,無年齡維度,0.0,男,遷入,臺中市,0
112,10,21,坪林區,,,,無年齡維度,0.0,女,遷入,臺北市,10
112,10,21,坪林區,,,,無年齡維度,0.0,男,遷入,臺北市,1
112,10,21,坪林區,,,,無年齡維度,0.0,女,遷入,臺南市,0
112,10,21,坪林區,,,,無年齡維度,0.0,男,遷入,臺南市,0
112,10,21,坪林區,,,,無年齡維度,0.0,女,遷入,臺灣省,5
112,10,21,坪林區,,,,無年齡維度,0.0,男,遷入,臺灣省,7
112,10,21,坪林區,,,,無年齡維度,0.0,女,遷入,高雄市,1
112,10,21,坪林區,,,,無年齡維度,0.0,男,遷入,高雄市,0
112,10,21,坪林區,,,,無年齡維度,0.0,女,遷出,migrants,16
112,10,21,坪林區,,,,無年齡維度,0.0,男,遷出,migrants,15
112,10,21,坪林區,,,,無年齡維度,0.0,女,遷出,other,0
112,10,21,坪林區,,,,無年齡維度,0.0,男,遷出,other,0
112,10,21,坪林區,,,,無年齡維度,0.0,女,遷出,其他縣市,0
112,10,21,坪林區,,,,無年齡維度,0.0,男,遷出,其他縣市,0
112,10,21,坪林區,,,,無年齡維度,0.0,女,遷出,其他鄉鎮,17
112,10,21,坪林區,,,,無年齡維度,0.0,男,遷出,其他鄉鎮,16
112,10,21,坪林區,,,,無年齡維度,0.0,女,遷出,合計,33
112,10,21,坪林區,,,,無年齡維度,0.0,男,遷出,合計,24
112,10,21,坪林區,,,,無年齡維度,0.0,女,遷出,國外,1
112,10,21,坪林區,,,,無年齡維度,0.0,男,遷出,國外,0
112,10,21,坪林區,,,,無年齡維度,0.0,女,遷出,新北市內,0
112,10,21,坪林區,,,,無年齡維度,0.0,男,遷出,新北市內,0
112,10,21,坪林區,,,,無年齡維度,0.0,女,遷出,桃園市,0
112,10,21,坪林區,,,,無年齡維度,0.0,男,遷出,桃園市,1
112,10,21,坪林區,,,,無年齡維度,0.0,女,遷出,福建省,0
112,10,21,坪林區,,,,無年齡維度,0.0,男,遷出,福建省,0
112,10,21,坪林區,,,,無年齡維度,0.0,女,遷出,臺中市,0
112,10,21,坪林區,,,,無年齡維度,0.0,男,遷出,臺中市,0
112,10,21,坪林區,,,,無年齡維度,0.0,女,遷出,臺北市,9
112,10,21,坪林區,,,,無年齡維度,0.0,男,遷出,臺北市,6
112,10,21,坪林區,,,,無年齡維度,0.0,女,遷出,臺南市,1
112,10,21,坪林區,,,,無年齡維度,0.0,男,遷出,臺南市,0
112,10,21,坪林區,,,,無年齡維度,0.0,女,遷出,臺灣省,3
112,10,21,坪林區,,,,無年齡維度,0.0,男,遷出,臺灣省,1
112,10,21,坪林區,,,,無年齡維度,0.0,女,遷出,高雄市,2
112,10,21,坪林區,,,,無年齡維度,0.0,男,遷出,高雄市,0
112,10,22,三芝區,,,,無年齡維度,0.0,女,遷入,migrants,5
112,10,22,三芝區,,,,無年齡維度,0.0,男,遷入,migrants,2
112,10,22,三芝區,,,,無年齡維度,0.0,女,遷入,other,0
112,10,22,三芝區,,,,無年齡維度,0.0,男,遷入,other,0
112,10,22,三芝區,,,,無年齡維度,0.0,女,遷入,其他縣市,0
112,10,22,三芝區,,,,無年齡維度,0.0,男,遷入,其他縣市,0
112,10,22,三芝區,,,,無年齡維度,0.0,女,遷入,其他鄉鎮,5
112,10,22,三芝區,,,,無年齡維度,0.0,男,遷入,其他鄉鎮,1
112,10,22,三芝區,,,,無年齡維度,0.0,女,遷入,合計,9
112,10,22,三芝區,,,,無年齡維度,0.0,男,遷入,合計,8
112,10,22,三芝區,,,,無年齡維度,0.0,女,遷入,國外,1
112,10,22,三芝區,,,,無年齡維度,0.0,男,遷入,國外,3
112,10,22,三芝區,,,,無年齡維度,0.0,女,遷入,新北市內,0
112,10,22,三芝區,,,,無年齡維度,0.0,男,遷入,新北市內,0
112,10,22,三芝區,,,,無年齡維度,0.0,女,遷入,桃園市,0
112,10,22,三芝區,,,,無年齡維度,0.0,男,遷入,桃園市,2
112,10,22,三芝區,,,,無年齡維度,0.0,女,遷入,福建省,0
112,10,22,三芝區,,,,無年齡維度,0.0,男,遷入,福建省,0
112,10,22,三芝區,,,,無年齡維度,0.0,女,遷入,臺中市,0
112,10,22,三芝區,,,,無年齡維度,0.0,男,遷入,臺中市,0
112,10,22,三芝區,,,,無年齡維度,0.0,女,遷入,臺北市,1
112,10,22,三芝區,,,,無年齡維度,0.0,男,遷入,臺北市,0
112,10,22,三芝區,,,,無年齡維度,0.0,女,遷入,臺南市,0
112,10,22,三芝區,,,,無年齡維度,0.0,男,遷入,臺南市,0
112,10,22,三芝區,,,,無年齡維度,0.0,女,遷入,臺灣省,2
112,10,22,三芝區,,,,無年齡維度,0.0,男,遷入,臺灣省,2
112,10,22,三芝區,,,,無年齡維度,0.0,女,遷入,高雄市,0
112,10,22,三芝區,,,,無年齡維度,0.0,男,遷入,高雄市,0
112,10,22,三芝區,,,,無年齡維度,0.0,女,遷出,migrants,5
112,10,22,三芝區,,,,無年齡維度,0.0,男,遷出,migrants,2
112,10,22,三芝區,,,,無年齡維度,0.0,女,遷出,other,0
112,10,22,三芝區,,,,無年齡維度,0.0,男,遷出,other,0
112,10,22,三芝區,,,,無年齡維度,0.0,女,遷出,其他縣市,0
112,10,22,三芝區,,,,無年齡維度,0.0,男,遷出,其他縣市,0
112,10,22,三芝區,,,,無年齡維度,0.0,女,遷出,其他鄉鎮,3
112,10,22,三芝區,,,,無年齡維度,0.0,男,遷出,其他鄉鎮,6
112,10,22,三芝區,,,,無年齡維度,0.0,女,遷出,合計,6
112,10,22,三芝區,,,,無年齡維度,0.0,男,遷出,合計,11
112,10,22,三芝區,,,,無年齡維度,0.0,女,遷出,國外,0
112,10,22,三芝區,,,,無年齡維度,0.0,男,遷出,國外,1
112,10,22,三芝區,,,,無年齡維度,0.0,女,遷出,新北市內,0
112,10,22,三芝區,,,,無年齡維度,0.0,男,遷出,新北市內,0
112,10,22,三芝區,,,,無年齡維度,0.0,女,遷出,桃園市,1
112,10,22,三芝區,,,,無年齡維度,0.0,男,遷出,桃園市,0
112,10,22,三芝區,,,,無年齡維度,0.0,女,遷出,福建省,0
112,10,22,三芝區,,,,無年齡維度,0.0,男,遷出,福建省,0
112,10,22,三芝區,,,,無年齡維度,0.0,女,遷出,臺中市,0
112,10,22,三芝區,,,,無年齡維度,0.0,男,遷出,臺中市,0
112,10,22,三芝區,,,,無年齡維度,0.0,女,遷出,臺北市,1
112,10,22,三芝區,,,,無年齡維度,0.0,男,遷出,臺北市,3
112,10,22,三芝區,,,,無年齡維度,0.0,女,遷出,臺南市,0
112,10,22,三芝區,,,,無年齡維度,0.0,男,遷出,臺南市,0
112,10,22,三芝區,,,,無年齡維度,0.0,女,遷出,臺灣省,1
112,10,22,三芝區,,,,無年齡維度,0.0,男,遷出,臺灣省,1
112,10,22,三芝區,,,,無年齡維度,0.0,女,遷出,高雄市,0
112,10,22,三芝區,,,,無年齡維度,0.0,男,遷出,高雄市,0
112,10,23,石門區,,,,無年齡維度,0.0,女,遷入,migrants,55
112,10,23,石門區,,,,無年齡維度,0.0,男,遷入,migrants,59
112,10,23,石門區,,,,無年齡維度,0.0,女,遷入,other,0
112,10,23,石門區,,,,無年齡維度,0.0,男,遷入,other,0
112,10,23,石門區,,,,無年齡維度,0.0,女,遷入,其他縣市,0
112,10,23,石門區,,,,無年齡維度,0.0,男,遷入,其他縣市,0
112,10,23,石門區,,,,無年齡維度,0.0,女,遷入,其他鄉鎮,40
112,10,23,石門區,,,,無年齡維度,0.0,男,遷入,其他鄉鎮,34
112,10,23,石門區,,,,無年齡維度,0.0,女,遷入,合計,104
112,10,23,石門區,,,,無年齡維度,0.0,男,遷入,合計,87
112,10,23,石門區,,,,無年齡維度,0.0,女,遷入,國外,15
112,10,23,石門區,,,,無年齡維度,0.0,男,遷入,國外,10
112,10,23,石門區,,,,無年齡維度,0.0,女,遷入,新北市內,0
112,10,23,石門區,,,,無年齡維度,0.0,男,遷入,新北市內,0
112,10,23,石門區,,,,無年齡維度,0.0,女,遷入,桃園市,8
112,10,23,石門區,,,,無年齡維度,0.0,男,遷入,桃園市,5
112,10,23,石門區,,,,無年齡維度,0.0,女,遷入,福建省,0
112,10,23,石門區,,,,無年齡維度,0.0,男,遷入,福建省,0
112,10,23,石門區,,,,無年齡維度,0.0,女,遷入,臺中市,1
112,10,23,石門區,,,,無年齡維度,0.0,男,遷入,臺中市,1
112,10,23,石門區,,,,無年齡維度,0.0,女,遷入,臺北市,24
112,10,23,石門區,,,,無年齡維度,0.0,男,遷入,臺北市,20
112,10,23,石門區,,,,無年齡維度,0.0,女,遷入,臺南市,0
112,10,23,石門區,,,,無年齡維度,0.0,男,遷入,臺南市,0
112,10,23,石門區,,,,無年齡維度,0.0,女,遷入,臺灣省,11
112,10,23,石門區,,,,無年齡維度,0.0,男,遷入,臺灣省,13
112,10,23,石門區,,,,無年齡維度,0.0,女,遷入,高雄市,3
112,10,23,石門區,,,,無年齡維度,0.0,男,遷入,高雄市,2
112,10,23,石門區,,,,無年齡維度,0.0,女,遷出,migrants,55
112,10,23,石門區,,,,無年齡維度,0.0,男,遷出,migrants,59
112,10,23,石門區,,,,無年齡維度,0.0,女,遷出,other,0
112,10,23,石門區,,,,無年齡維度,0.0,男,遷出,other,0
112,10,23,石門區,,,,無年齡維度,0.0,女,遷出,其他縣市,0
112,10,23,石門區,,,,無年齡維度,0.0,男,遷出,其他縣市,0
112,10,23,石門區,,,,無年齡維度,0.0,女,遷出,其他鄉鎮,29
112,10,23,石門區,,,,無年齡維度,0.0,男,遷出,其他鄉鎮,22
112,10,23,石門區,,,,無年齡維度,0.0,女,遷出,合計,63
112,10,23,石門區,,,,無年齡維度,0.0,男,遷出,合計,50
112,10,23,石門區,,,,無年齡維度,0.0,女,遷出,國外,1
112,10,23,石門區,,,,無年齡維度,0.0,男,遷出,國外,2
112,10,23,石門區,,,,無年齡維度,0.0,女,遷出,新北市內,0
112,10,23,石門區,,,,無年齡維度,0.0,男,遷出,新北市內,0
112,10,23,石門區,,,,無年齡維度,0.0,女,遷出,桃園市,7
112,10,23,石門區,,,,無年齡維度,0.0,男,遷出,桃園市,3
112,10,23,石門區,,,,無年齡維度,0.0,女,遷出,福建省,0
112,10,23,石門區,,,,無年齡維度,0.0,男,遷出,福建省,1
112,10,23,石門區,,,,無年齡維度,0.0,女,遷出,臺中市,1
112,10,23,石門區,,,,無年齡維度,0.0,男,遷出,臺中市,1
112,10,23,石門區,,,,無年齡維度,0.0,女,遷出,臺北市,16
112,10,23,石門區,,,,無年齡維度,0.0,男,遷出,臺北市,18
112,10,23,石門區,,,,無年齡維度,0.0,女,遷出,臺南市,3
112,10,23,石門區,,,,無年齡維度,0.0,男,遷出,臺南市,2
112,10,23,石門區,,,,無年齡維度,0.0,女,遷出,臺灣省,5
112,10,23,石門區,,,,無年齡維度,0.0,男,遷出,臺灣省,1
112,10,23,石門區,,,,無年齡維度,0.0,女,遷出,高雄市,1
112,10,23,石門區,,,,無年齡維度,0.0,男,遷出,高雄市,0
112,10,24,金山區,,,,無年齡維度,0.0,女,遷入,migrants,0
112,10,24,金山區,,,,無年齡維度,0.0,男,遷入,migrants,0
112,10,24,金山區,,,,無年齡維度,0.0,女,遷入,other,0
112,10,24,金山區,,,,無年齡維度,0.0,男,遷入,other,0
112,10,24,金山區,,,,無年齡維度,0.0,女,遷入,其他縣市,0
112,10,24,金山區,,,,無年齡維度,0.0,男,遷入,其他縣市,0
112,10,24,金山區,,,,無年齡維度,0.0,女,遷入,其他鄉鎮,1
112,10,24,金山區,,,,無年齡維度,0.0,男,遷入,其他鄉鎮,2
112,10,24,金山區,,,,無年齡維度,0.0,女,遷入,合計,3
112,10,24,金山區,,,,無年齡維度,0.0,男,遷入,合計,4
112,10,24,金山區,,,,無年齡維度,0.0,女,遷入,國外,0
112,10,24,金山區,,,,無年齡維度,0.0,男,遷入,國外,0
112,10,24,金山區,,,,無年齡維度,0.0,女,遷入,新北市內,0
112,10,24,金山區,,,,無年齡維度,0.0,男,遷入,新北市內,0
112,10,24,金山區,,,,無年齡維度,0.0,女,遷入,桃園市,0
112,10,24,金山區,,,,無年齡維度,0.0,男,遷入,桃園市,0
112,10,24,金山區,,,,無年齡維度,0.0,女,遷入,福建省,0
112,10,24,金山區,,,,無年齡維度,0.0,男,遷入,福建省,0
112,10,24,金山區,,,,無年齡維度,0.0,女,遷入,臺中市,0
112,10,24,金山區,,,,無年齡維度,0.0,男,遷入,臺中市,0
112,10,24,金山區,,,,無年齡維度,0.0,女,遷入,臺北市,1
112,10,24,金山區,,,,無年齡維度,0.0,男,遷入,臺北市,1
112,10,24,金山區,,,,無年齡維度,0.0,女,遷入,臺南市,0
112,10,24,金山區,,,,無年齡維度,0.0,男,遷入,臺南市,0
112,10,24,金山區,,,,無年齡維度,0.0,女,遷入,臺灣省,1
112,10,24,金山區,,,,無年齡維度,0.0,男,遷入,臺灣省,1
112,10,24,金山區,,,,無年齡維度,0.0,女,遷入,高雄市,0
112,10,24,金山區,,,,無年齡維度,0.0,男,遷入,高雄市,0
112,10,24,金山區,,,,無年齡維度,0.0,女,遷出,migrants,0
112,10,24,金山區,,,,無年齡維度,0.0,男,遷出,migrants,0
112,10,24,金山區,,,,無年齡維度,0.0,女,遷出,other,0
112,10,24,金山區,,,,無年齡維度,0.0,男,遷出,other,0
112,10,24,金山區,,,,無年齡維度,0.0,女,遷出,其他縣市,0
112,10,24,金山區,,,,無年齡維度,0.0,男,遷出,其他縣市,0
112,10,24,金山區,,,,無年齡維度,0.0,女,遷出,其他鄉鎮,0
112,10,24,金山區,,,,無年齡維度,0.0,男,遷出,其他鄉鎮,3
112,10,24,金山區,,,,無年齡維度,0.0,女,遷出,合計,0
112,10,24,金山區,,,,無年齡維度,0.0,男,遷出,合計,3
112,10,24,金山區,,,,無年齡維度,0.0,女,遷出,國外,0
112,10,24,金山區,,,,無年齡維度,0.0,男,遷出,國外,0
112,10,24,金山區,,,,無年齡維度,0.0,女,遷出,新北市內,0
112,10,24,金山區,,,,無年齡維度,0.0,男,遷出,新北市內,0
112,10,24,金山區,,,,無年齡維度,0.0,女,遷出,桃園市,0
112,10,24,金山區,,,,無年齡維度,0.0,男,遷出,桃園市,0
112,10,24,金山區,,,,無年齡維度,0.0,女,遷出,福建省,0
112,10,24,金山區,,,,無年齡維度,0.0,男,遷出,福建省,0
112,10,24,金山區,,,,無年齡維度,0.0,女,遷出,臺中市,0
112,10,24,金山區,,,,無年齡維度,0.0,男,遷出,臺中市,0
112,10,24,金山區,,,,無年齡維度,0.0,女,遷出,臺北市,0
112,10,24,金山區,,,,無年齡維度,0.0,男,遷出,臺北市,0
112,10,24,金山區,,,,無年齡維度,0.0,女,遷出,臺南市,0
112,10,24,金山區,,,,無年齡維度,0.0,男,遷出,臺南市,0
112,10,24,金山區,,,,無年齡維度,0.0,女,遷出,臺灣省,0
112,10,24,金山區,,,,無年齡維度,0.0,男,遷出,臺灣省,0
112,10,24,金山區,,,,無年齡維度,0.0,女,遷出,高雄市,0
112,10,24,金山區,,,,無年齡維度,0.0,男,遷出,高雄市,0
112,10,25,萬里區,,,,無年齡維度,0.0,女,遷入,migrants,1
112,10,25,萬里區,,,,無年齡維度,0.0,男,遷入,migrants,3
112,10,25,萬里區,,,,無年齡維度,0.0,女,遷入,other,0
112,10,25,萬里區,,,,無年齡維度,0.0,男,遷入,other,0
112,10,25,萬里區,,,,無年齡維度,0.0,女,遷入,其他縣市,0
112,10,25,萬里區,,,,無年齡維度,0.0,男,遷入,其他縣市,0
112,10,25,萬里區,,,,無年齡維度,0.0,女,遷入,其他鄉鎮,10
112,10,25,萬里區,,,,無年齡維度,0.0,男,遷入,其他鄉鎮,8
112,10,25,萬里區,,,,無年齡維度,0.0,女,遷入,合計,18
112,10,25,萬里區,,,,無年齡維度,0.0,男,遷入,合計,12
112,10,25,萬里區,,,,無年齡維度,0.0,女,遷入,國外,1
112,10,25,萬里區,,,,無年齡維度,0.0,男,遷入,國外,1
112,10,25,萬里區,,,,無年齡維度,0.0,女,遷入,新北市內,0
112,10,25,萬里區,,,,無年齡維度,0.0,男,遷入,新北市內,0
112,10,25,萬里區,,,,無年齡維度,0.0,女,遷入,桃園市,1
112,10,25,萬里區,,,,無年齡維度,0.0,男,遷入,桃園市,0
112,10,25,萬里區,,,,無年齡維度,0.0,女,遷入,福建省,0
112,10,25,萬里區,,,,無年齡維度,0.0,男,遷入,福建省,0
112,10,25,萬里區,,,,無年齡維度,0.0,女,遷入,臺中市,0
112,10,25,萬里區,,,,無年齡維度,0.0,男,遷入,臺中市,0
112,10,25,萬里區,,,,無年齡維度,0.0,女,遷入,臺北市,3
112,10,25,萬里區,,,,無年齡維度,0.0,男,遷入,臺北市,0
112,10,25,萬里區,,,,無年齡維度,0.0,女,遷入,臺南市,0
112,10,25,萬里區,,,,無年齡維度,0.0,男,遷入,臺南市,0
112,10,25,萬里區,,,,無年齡維度,0.0,女,遷入,臺灣省,3
112,10,25,萬里區,,,,無年齡維度,0.0,男,遷入,臺灣省,2
112,10,25,萬里區,,,,無年齡維度,0.0,女,遷入,高雄市,0
112,10,25,萬里區,,,,無年齡維度,0.0,男,遷入,高雄市,1
112,10,25,萬里區,,,,無年齡維度,0.0,女,遷出,migrants,1
112,10,25,萬里區,,,,無年齡維度,0.0,男,遷出,migrants,3
112,10,25,萬里區,,,,無年齡維度,0.0,女,遷出,other,0
112,10,25,萬里區,,,,無年齡維度,0.0,男,遷出,other,0
112,10,25,萬里區,,,,無年齡維度,0.0,女,遷出,其他縣市,0
112,10,25,萬里區,,,,無年齡維度,0.0,男,遷出,其他縣市,0
112,10,25,萬里區,,,,無年齡維度,0.0,女,遷出,其他鄉鎮,4
112,10,25,萬里區,,,,無年齡維度,0.0,男,遷出,其他鄉鎮,9
112,10,25,萬里區,,,,無年齡維度,0.0,女,遷出,合計,9
112,10,25,萬里區,,,,無年齡維度,0.0,男,遷出,合計,15
112,10,25,萬里區,,,,無年齡維度,0.0,女,遷出,國外,0
112,10,25,萬里區,,,,無年齡維度,0.0,男,遷出,國外,0
112,10,25,萬里區,,,,無年齡維度,0.0,女,遷出,新北市內,0
112,10,25,萬里區,,,,無年齡維度,0.0,男,遷出,新北市內,0
112,10,25,萬里區,,,,無年齡維度,0.0,女,遷出,桃園市,1
112,10,25,萬里區,,,,無年齡維度,0.0,男,遷出,桃園市,0
112,10,25,萬里區,,,,無年齡維度,0.0,女,遷出,福建省,0
112,10,25,萬里區,,,,無年齡維度,0.0,男,遷出,福建省,0
112,10,25,萬里區,,,,無年齡維度,0.0,女,遷出,臺中市,2
112,10,25,萬里區,,,,無年齡維度,0.0,男,遷出,臺中市,1
112,10,25,萬里區,,,,無年齡維度,0.0,女,遷出,臺北市,0
112,10,25,萬里區,,,,無年齡維度,0.0,男,遷出,臺北市,3
112,10,25,萬里區,,,,無年齡維度,0.0,女,遷出,臺南市,0
112,10,25,萬里區,,,,無年齡維度,0.0,男,遷出,臺南市,0
112,10,25,萬里區,,,,無年齡維度,0.0,女,遷出,臺灣省,2
112,10,25,萬里區,,,,無年齡維度,0.0,男,遷出,臺灣省,2
112,10,25,萬里區,,,,無年齡維度,0.0,女,遷出,高雄市,0
112,10,25,萬里區,,,,無年齡維度,0.0,男,遷出,高雄市,0
112,10,26,平溪區,,,,無年齡維度,0.0,女,遷入,migrants,7
112,10,26,平溪區,,,,無年齡維度,0.0,男,遷入,migrants,5
112,10,26,平溪區,,,,無年齡維度,0.0,女,遷入,other,0
112,10,26,平溪區,,,,無年齡維度,0.0,男,遷入,other,0
112,10,26,平溪區,,,,無年齡維度,0.0,女,遷入,其他縣市,0
112,10,26,平溪區,,,,無年齡維度,0.0,男,遷入,其他縣市,0
112,10,26,平溪區,,,,無年齡維度,0.0,女,遷入,其他鄉鎮,2
112,10,26,平溪區,,,,無年齡維度,0.0,男,遷入,其他鄉鎮,5
112,10,26,平溪區,,,,無年齡維度,0.0,女,遷入,合計,4
112,10,26,平溪區,,,,無年齡維度,0.0,男,遷入,合計,7
112,10,26,平溪區,,,,無年齡維度,0.0,女,遷入,國外,0
112,10,26,平溪區,,,,無年齡維度,0.0,男,遷入,國外,0
112,10,26,平溪區,,,,無年齡維度,0.0,女,遷入,新北市內,0
112,10,26,平溪區,,,,無年齡維度,0.0,男,遷入,新北市內,0
112,10,26,平溪區,,,,無年齡維度,0.0,女,遷入,桃園市,0
112,10,26,平溪區,,,,無年齡維度,0.0,男,遷入,桃園市,0
112,10,26,平溪區,,,,無年齡維度,0.0,女,遷入,福建省,0
112,10,26,平溪區,,,,無年齡維度,0.0,男,遷入,福建省,0
112,10,26,平溪區,,,,無年齡維度,0.0,女,遷入,臺中市,0
112,10,26,平溪區,,,,無年齡維度,0.0,男,遷入,臺中市,0
112,10,26,平溪區,,,,無年齡維度,0.0,女,遷入,臺北市,0
112,10,26,平溪區,,,,無年齡維度,0.0,男,遷入,臺北市,1
112,10,26,平溪區,,,,無年齡維度,0.0,女,遷入,臺南市,0
112,10,26,平溪區,,,,無年齡維度,0.0,男,遷入,臺南市,0
112,10,26,平溪區,,,,無年齡維度,0.0,女,遷入,臺灣省,1
112,10,26,平溪區,,,,無年齡維度,0.0,男,遷入,臺灣省,1
112,10,26,平溪區,,,,無年齡維度,0.0,女,遷入,高雄市,0
112,10,26,平溪區,,,,無年齡維度,0.0,男,遷入,高雄市,0
112,10,26,平溪區,,,,無年齡維度,0.0,女,遷出,migrants,7
112,10,26,平溪區,,,,無年齡維度,0.0,男,遷出,migrants,5
112,10,26,平溪區,,,,無年齡維度,0.0,女,遷出,other,0
112,10,26,平溪區,,,,無年齡維度,0.0,男,遷出,other,0
112,10,26,平溪區,,,,無年齡維度,0.0,女,遷出,其他縣市,0
112,10,26,平溪區,,,,無年齡維度,0.0,男,遷出,其他縣市,0
112,10,26,平溪區,,,,無年齡維度,0.0,女,遷出,其他鄉鎮,4
112,10,26,平溪區,,,,無年齡維度,0.0,男,遷出,其他鄉鎮,8
112,10,26,平溪區,,,,無年齡維度,0.0,女,遷出,合計,14
112,10,26,平溪區,,,,無年齡維度,0.0,男,遷出,合計,13
112,10,26,平溪區,,,,無年齡維度,0.0,女,遷出,國外,1
112,10,26,平溪區,,,,無年齡維度,0.0,男,遷出,國外,0
112,10,26,平溪區,,,,無年齡維度,0.0,女,遷出,新北市內,0
112,10,26,平溪區,,,,無年齡維度,0.0,男,遷出,新北市內,0
112,10,26,平溪區,,,,無年齡維度,0.0,女,遷出,桃園市,4
112,10,26,平溪區,,,,無年齡維度,0.0,男,遷出,桃園市,3
112,10,26,平溪區,,,,無年齡維度,0.0,女,遷出,福建省,0
112,10,26,平溪區,,,,無年齡維度,0.0,男,遷出,福建省,0
112,10,26,平溪區,,,,無年齡維度,0.0,女,遷出,臺中市,0
112,10,26,平溪區,,,,無年齡維度,0.0,男,遷出,臺中市,0
112,10,26,平溪區,,,,無年齡維度,0.0,女,遷出,臺北市,1
112,10,26,平溪區,,,,無年齡維度,0.0,男,遷出,臺北市,0
112,10,26,平溪區,,,,無年齡維度,0.0,女,遷出,臺南市,0
112,10,26,平溪區,,,,無年齡維度,0.0,男,遷出,臺南市,0
112,10,26,平溪區,,,,無年齡維度,0.0,女,遷出,臺灣省,3
112,10,26,平溪區,,,,無年齡維度,0.0,男,遷出,臺灣省,2
112,10,26,平溪區,,,,無年齡維度,0.0,女,遷出,高雄市,1
112,10,26,平溪區,,,,無年齡維度,0.0,男,遷出,高雄市,0
112,10,27,雙溪區,,,,無年齡維度,0.0,女,遷入,migrants,11
112,10,27,雙溪區,,,,無年齡維度,0.0,男,遷入,migrants,12
112,10,27,雙溪區,,,,無年齡維度,0.0,女,遷入,other,0
112,10,27,雙溪區,,,,無年齡維度,0.0,男,遷入,other,0
112,10,27,雙溪區,,,,無年齡維度,0.0,女,遷入,其他縣市,0
112,10,27,雙溪區,,,,無年齡維度,0.0,男,遷入,其他縣市,0
112,10,27,雙溪區,,,,無年齡維度,0.0,女,遷入,其他鄉鎮,7
112,10,27,雙溪區,,,,無年齡維度,0.0,男,遷入,其他鄉鎮,6
112,10,27,雙溪區,,,,無年齡維度,0.0,女,遷入,合計,22
112,10,27,雙溪區,,,,無年齡維度,0.0,男,遷入,合計,11
112,10,27,雙溪區,,,,無年齡維度,0.0,女,遷入,國外,3
112,10,27,雙溪區,,,,無年齡維度,0.0,男,遷入,國外,1
112,10,27,雙溪區,,,,無年齡維度,0.0,女,遷入,新北市內,0
112,10,27,雙溪區,,,,無年齡維度,0.0,男,遷入,新北市內,0
112,10,27,雙溪區,,,,無年齡維度,0.0,女,遷入,桃園市,3
112,10,27,雙溪區,,,,無年齡維度,0.0,男,遷入,桃園市,1
112,10,27,雙溪區,,,,無年齡維度,0.0,女,遷入,福建省,0
112,10,27,雙溪區,,,,無年齡維度,0.0,男,遷入,福建省,0
112,10,27,雙溪區,,,,無年齡維度,0.0,女,遷入,臺中市,0
112,10,27,雙溪區,,,,無年齡維度,0.0,男,遷入,臺中市,0
112,10,27,雙溪區,,,,無年齡維度,0.0,女,遷入,臺北市,1
112,10,27,雙溪區,,,,無年齡維度,0.0,男,遷入,臺北市,2
112,10,27,雙溪區,,,,無年齡維度,0.0,女,遷入,臺南市,0
112,10,27,雙溪區,,,,無年齡維度,0.0,男,遷入,臺南市,0
112,10,27,雙溪區,,,,無年齡維度,0.0,女,遷入,臺灣省,7
112,10,27,雙溪區,,,,無年齡維度,0.0,男,遷入,臺灣省,1
112,10,27,雙溪區,,,,無年齡維度,0.0,女,遷入,高雄市,0
112,10,27,雙溪區,,,,無年齡維度,0.0,男,遷入,高雄市,0
112,10,27,雙溪區,,,,無年齡維度,0.0,女,遷出,migrants,11
112,10,27,雙溪區,,,,無年齡維度,0.0,男,遷出,migrants,12
112,10,27,雙溪區,,,,無年齡維度,0.0,女,遷出,other,0
112,10,27,雙溪區,,,,無年齡維度,0.0,男,遷出,other,0
112,10,27,雙溪區,,,,無年齡維度,0.0,女,遷出,其他縣市,0
112,10,27,雙溪區,,,,無年齡維度,0.0,男,遷出,其他縣市,0
112,10,27,雙溪區,,,,無年齡維度,0.0,女,遷出,其他鄉鎮,9
112,10,27,雙溪區,,,,無年齡維度,0.0,男,遷出,其他鄉鎮,9
112,10,27,雙溪區,,,,無年齡維度,0.0,女,遷出,合計,26
112,10,27,雙溪區,,,,無年齡維度,0.0,男,遷出,合計,20
112,10,27,雙溪區,,,,無年齡維度,0.0,女,遷出,國外,1
112,10,27,雙溪區,,,,無年齡維度,0.0,男,遷出,國外,1
112,10,27,雙溪區,,,,無年齡維度,0.0,女,遷出,新北市內,0
112,10,27,雙溪區,,,,無年齡維度,0.0,男,遷出,新北市內,0
112,10,27,雙溪區,,,,無年齡維度,0.0,女,遷出,桃園市,3
112,10,27,雙溪區,,,,無年齡維度,0.0,男,遷出,桃園市,2
112,10,27,雙溪區,,,,無年齡維度,0.0,女,遷出,福建省,0
112,10,27,雙溪區,,,,無年齡維度,0.0,男,遷出,福建省,0
112,10,27,雙溪區,,,,無年齡維度,0.0,女,遷出,臺中市,1
112,10,27,雙溪區,,,,無年齡維度,0.0,男,遷出,臺中市,0
112,10,27,雙溪區,,,,無年齡維度,0.0,女,遷出,臺北市,5
112,10,27,雙溪區,,,,無年齡維度,0.0,男,遷出,臺北市,1
112,10,27,雙溪區,,,,無年齡維度,0.0,女,遷出,臺南市,0
112,10,27,雙溪區,,,,無年齡維度,0.0,男,遷出,臺南市,0
112,10,27,雙溪區,,,,無年齡維度,0.0,女,遷出,臺灣省,6
112,10,27,雙溪區,,,,無年齡維度,0.0,男,遷出,臺灣省,7
112,10,27,雙溪區,,,,無年齡維度,0.0,女,遷出,高雄市,1
112,10,27,雙溪區,,,,無年齡維度,0.0,男,遷出,高雄市,0
112,10,28,貢寮區,,,,無年齡維度,0.0,女,遷入,migrants,23
112,10,28,貢寮區,,,,無年齡維度,0.0,男,遷入,migrants,28
112,10,28,貢寮區,,,,無年齡維度,0.0,女,遷入,other,0
112,10,28,貢寮區,,,,無年齡維度,0.0,男,遷入,other,0
112,10,28,貢寮區,,,,無年齡維度,0.0,女,遷入,其他縣市,0
112,10,28,貢寮區,,,,無年齡維度,0.0,男,遷入,其他縣市,0
112,10,28,貢寮區,,,,無年齡維度,0.0,女,遷入,其他鄉鎮,5
112,10,28,貢寮區,,,,無年齡維度,0.0,男,遷入,其他鄉鎮,12
112,10,28,貢寮區,,,,無年齡維度,0.0,女,遷入,合計,24
112,10,28,貢寮區,,,,無年齡維度,0.0,男,遷入,合計,33
112,10,28,貢寮區,,,,無年齡維度,0.0,女,遷入,國外,3
112,10,28,貢寮區,,,,無年齡維度,0.0,男,遷入,國外,2
112,10,28,貢寮區,,,,無年齡維度,0.0,女,遷入,新北市內,0
112,10,28,貢寮區,,,,無年齡維度,0.0,男,遷入,新北市內,0
112,10,28,貢寮區,,,,無年齡維度,0.0,女,遷入,桃園市,2
112,10,28,貢寮區,,,,無年齡維度,0.0,男,遷入,桃園市,0
112,10,28,貢寮區,,,,無年齡維度,0.0,女,遷入,福建省,0
112,10,28,貢寮區,,,,無年齡維度,0.0,男,遷入,福建省,0
112,10,28,貢寮區,,,,無年齡維度,0.0,女,遷入,臺中市,1
112,10,28,貢寮區,,,,無年齡維度,0.0,男,遷入,臺中市,0
112,10,28,貢寮區,,,,無年齡維度,0.0,女,遷入,臺北市,2
112,10,28,貢寮區,,,,無年齡維度,0.0,男,遷入,臺北市,4
112,10,28,貢寮區,,,,無年齡維度,0.0,女,遷入,臺南市,0
112,10,28,貢寮區,,,,無年齡維度,0.0,男,遷入,臺南市,0
112,10,28,貢寮區,,,,無年齡維度,0.0,女,遷入,臺灣省,10
112,10,28,貢寮區,,,,無年齡維度,0.0,男,遷入,臺灣省,15
112,10,28,貢寮區,,,,無年齡維度,0.0,女,遷入,高雄市,0
112,10,28,貢寮區,,,,無年齡維度,0.0,男,遷入,高雄市,0
112,10,28,貢寮區,,,,無年齡維度,0.0,女,遷出,migrants,23
112,10,28,貢寮區,,,,無年齡維度,0.0,男,遷出,migrants,28
112,10,28,貢寮區,,,,無年齡維度,0.0,女,遷出,other,0
112,10,28,貢寮區,,,,無年齡維度,0.0,男,遷出,other,0
112,10,28,貢寮區,,,,無年齡維度,0.0,女,遷出,其他縣市,0
112,10,28,貢寮區,,,,無年齡維度,0.0,男,遷出,其他縣市,0
112,10,28,貢寮區,,,,無年齡維度,0.0,女,遷出,其他鄉鎮,10
112,10,28,貢寮區,,,,無年齡維度,0.0,男,遷出,其他鄉鎮,9
112,10,28,貢寮區,,,,無年齡維度,0.0,女,遷出,合計,33
112,10,28,貢寮區,,,,無年齡維度,0.0,男,遷出,合計,33
112,10,28,貢寮區,,,,無年齡維度,0.0,女,遷出,國外,0
112,10,28,貢寮區,,,,無年齡維度,0.0,男,遷出,國外,0
112,10,28,貢寮區,,,,無年齡維度,0.0,女,遷出,新北市內,0
112,10,28,貢寮區,,,,無年齡維度,0.0,男,遷出,新北市內,0
112,10,28,貢寮區,,,,無年齡維度,0.0,女,遷出,桃園市,2
112,10,28,貢寮區,,,,無年齡維度,0.0,男,遷出,桃園市,0
112,10,28,貢寮區,,,,無年齡維度,0.0,女,遷出,福建省,0
112,10,28,貢寮區,,,,無年齡維度,0.0,男,遷出,福建省,0
112,10,28,貢寮區,,,,無年齡維度,0.0,女,遷出,臺中市,0
112,10,28,貢寮區,,,,無年齡維度,0.0,男,遷出,臺中市,1
112,10,28,貢寮區,,,,無年齡維度,0.0,女,遷出,臺北市,4
112,10,28,貢寮區,,,,無年齡維度,0.0,男,遷出,臺北市,5
112,10,28,貢寮區,,,,無年齡維度,0.0,女,遷出,臺南市,1
112,10,28,貢寮區,,,,無年齡維度,0.0,男,遷出,臺南市,0
112,10,28,貢寮區,,,,無年齡維度,0.0,女,遷出,臺灣省,15
112,10,28,貢寮區,,,,無年齡維度,0.0,男,遷出,臺灣省,18
112,10,28,貢寮區,,,,無年齡維度,0.0,女,遷出,高雄市,1
112,10,28,貢寮區,,,,無年齡維度,0.0,男,遷出,高雄市,0
112,10,29,烏來區,,,,無年齡維度,0.0,女,遷入,migrants,12
112,10,29,烏來區,,,,無年齡維度,0.0,男,遷入,migrants,9
112,10,29,烏來區,,,,無年齡維度,0.0,女,遷入,other,0
112,10,29,烏來區,,,,無年齡維度,0.0,男,遷入,other,0
112,10,29,烏來區,,,,無年齡維度,0.0,女,遷入,其他縣市,0
112,10,29,烏來區,,,,無年齡維度,0.0,男,遷入,其他縣市,0
112,10,29,烏來區,,,,無年齡維度,0.0,女,遷入,其他鄉鎮,7
112,10,29,烏來區,,,,無年齡維度,0.0,男,遷入,其他鄉鎮,7
112,10,29,烏來區,,,,無年齡維度,0.0,女,遷入,合計,17
112,10,29,烏來區,,,,無年齡維度,0.0,男,遷入,合計,12
112,10,29,烏來區,,,,無年齡維度,0.0,女,遷入,國外,2
112,10,29,烏來區,,,,無年齡維度,0.0,男,遷入,國外,2
112,10,29,烏來區,,,,無年齡維度,0.0,女,遷入,新北市內,0
112,10,29,烏來區,,,,無年齡維度,0.0,男,遷入,新北市內,0
112,10,29,烏來區,,,,無年齡維度,0.0,女,遷入,桃園市,1
112,10,29,烏來區,,,,無年齡維度,0.0,男,遷入,桃園市,0
112,10,29,烏來區,,,,無年齡維度,0.0,女,遷入,福建省,0
112,10,29,烏來區,,,,無年齡維度,0.0,男,遷入,福建省,0
112,10,29,烏來區,,,,無年齡維度,0.0,女,遷入,臺中市,0
112,10,29,烏來區,,,,無年齡維度,0.0,男,遷入,臺中市,0
112,10,29,烏來區,,,,無年齡維度,0.0,女,遷入,臺北市,1
112,10,29,烏來區,,,,無年齡維度,0.0,男,遷入,臺北市,2
112,10,29,烏來區,,,,無年齡維度,0.0,女,遷入,臺南市,0
112,10,29,烏來區,,,,無年齡維度,0.0,男,遷入,臺南市,0
112,10,29,烏來區,,,,無年齡維度,0.0,女,遷入,臺灣省,4
112,10,29,烏來區,,,,無年齡維度,0.0,男,遷入,臺灣省,0
112,10,29,烏來區,,,,無年齡維度,0.0,女,遷入,高雄市,1
112,10,29,烏來區,,,,無年齡維度,0.0,男,遷入,高雄市,0
112,10,29,烏來區,,,,無年齡維度,0.0,女,遷出,migrants,12
112,10,29,烏來區,,,,無年齡維度,0.0,男,遷出,migrants,9
112,10,29,烏來區,,,,無年齡維度,0.0,女,遷出,other,0
112,10,29,烏來區,,,,無年齡維度,0.0,男,遷出,other,0
112,10,29,烏來區,,,,無年齡維度,0.0,女,遷出,其他縣市,0
112,10,29,烏來區,,,,無年齡維度,0.0,男,遷出,其他縣市,0
112,10,29,烏來區,,,,無年齡維度,0.0,女,遷出,其他鄉鎮,4
112,10,29,烏來區,,,,無年齡維度,0.0,男,遷出,其他鄉鎮,2
112,10,29,烏來區,,,,無年齡維度,0.0,女,遷出,合計,8
112,10,29,烏來區,,,,無年齡維度,0.0,男,遷出,合計,7
112,10,29,烏來區,,,,無年齡維度,0.0,女,遷出,國外,0
112,10,29,烏來區,,,,無年齡維度,0.0,男,遷出,國外,1
112,10,29,烏來區,,,,無年齡維度,0.0,女,遷出,新北市內,0
112,10,29,烏來區,,,,無年齡維度,0.0,男,遷出,新北市內,0
112,10,29,烏來區,,,,無年齡維度,0.0,女,遷出,桃園市,2
112,10,29,烏來區,,,,無年齡維度,0.0,男,遷出,桃園市,0
112,10,29,烏來區,,,,無年齡維度,0.0,女,遷出,福建省,0
112,10,29,烏來區,,,,無年齡維度,0.0,男,遷出,福建省,0
112,10,29,烏來區,,,,無年齡維度,0.0,女,遷出,臺中市,2
112,10,29,烏來區,,,,無年齡維度,0.0,男,遷出,臺中市,1
112,10,29,烏來區,,,,無年齡維度,0.0,女,遷出,臺北市,0
112,10,29,烏來區,,,,無年齡維度,0.0,男,遷出,臺北市,1
112,10,29,烏來區,,,,無年齡維度,0.0,女,遷出,臺南市,0
112,10,29,烏來區,,,,無年齡維度,0.0,男,遷出,臺南市,0
112,10,29,烏來區,,,,無年齡維度,0.0,女,遷出,臺灣省,0
112,10,29,烏來區,,,,無年齡維度,0.0,男,遷出,臺灣省,2
112,10,29,烏來區,,,,無年齡維度,0.0,女,遷出,高雄市,0
112,10,29,烏來區,,,,無年齡維度,0.0,男,遷出,高雄市,0
112,11,1,板橋區,,,,無年齡維度,0.0,女,遷入,migrants,676
112,11,1,板橋區,,,,無年齡維度,0.0,男,遷入,migrants,600
112,11,1,板橋區,,,,無年齡維度,0.0,女,遷入,other,0
112,11,1,板橋區,,,,無年齡維度,0.0,男,遷入,other,0
112,11,1,板橋區,,,,無年齡維度,0.0,女,遷入,其他縣市,0
112,11,1,板橋區,,,,無年齡維度,0.0,男,遷入,其他縣市,0
112,11,1,板橋區,,,,無年齡維度,0.0,女,遷入,其他鄉鎮,301
112,11,1,板橋區,,,,無年齡維度,0.0,男,遷入,其他鄉鎮,245
112,11,1,板橋區,,,,無年齡維度,0.0,女,遷入,合計,783
112,11,1,板橋區,,,,無年齡維度,0.0,男,遷入,合計,645
112,11,1,板橋區,,,,無年齡維度,0.0,女,遷入,國外,111
112,11,1,板橋區,,,,無年齡維度,0.0,男,遷入,國外,76
112,11,1,板橋區,,,,無年齡維度,0.0,女,遷入,新北市內,0
112,11,1,板橋區,,,,無年齡維度,0.0,男,遷入,新北市內,0
112,11,1,板橋區,,,,無年齡維度,0.0,女,遷入,桃園市,60
112,11,1,板橋區,,,,無年齡維度,0.0,男,遷入,桃園市,34
112,11,1,板橋區,,,,無年齡維度,0.0,女,遷入,福建省,4
112,11,1,板橋區,,,,無年齡維度,0.0,男,遷入,福建省,2
112,11,1,板橋區,,,,無年齡維度,0.0,女,遷入,臺中市,22
112,11,1,板橋區,,,,無年齡維度,0.0,男,遷入,臺中市,20
112,11,1,板橋區,,,,無年齡維度,0.0,女,遷入,臺北市,168
112,11,1,板橋區,,,,無年齡維度,0.0,男,遷入,臺北市,163
112,11,1,板橋區,,,,無年齡維度,0.0,女,遷入,臺南市,7
112,11,1,板橋區,,,,無年齡維度,0.0,男,遷入,臺南市,5
112,11,1,板橋區,,,,無年齡維度,0.0,女,遷入,臺灣省,67
112,11,1,板橋區,,,,無年齡維度,0.0,男,遷入,臺灣省,65
112,11,1,板橋區,,,,無年齡維度,0.0,女,遷入,高雄市,22
112,11,1,板橋區,,,,無年齡維度,0.0,男,遷入,高雄市,24
112,11,1,板橋區,,,,無年齡維度,0.0,女,遷出,migrants,676
112,11,1,板橋區,,,,無年齡維度,0.0,男,遷出,migrants,600
112,11,1,板橋區,,,,無年齡維度,0.0,女,遷出,other,0
112,11,1,板橋區,,,,無年齡維度,0.0,男,遷出,other,0
112,11,1,板橋區,,,,無年齡維度,0.0,女,遷出,其他縣市,0
112,11,1,板橋區,,,,無年齡維度,0.0,男,遷出,其他縣市,0
112,11,1,板橋區,,,,無年齡維度,0.0,女,遷出,其他鄉鎮,383
112,11,1,板橋區,,,,無年齡維度,0.0,男,遷出,其他鄉鎮,316
112,11,1,板橋區,,,,無年齡維度,0.0,女,遷出,合計,736
112,11,1,板橋區,,,,無年齡維度,0.0,男,遷出,合計,607
112,11,1,板橋區,,,,無年齡維度,0.0,女,遷出,國外,14
112,11,1,板橋區,,,,無年齡維度,0.0,男,遷出,國外,11
112,11,1,板橋區,,,,無年齡維度,0.0,女,遷出,新北市內,0
112,11,1,板橋區,,,,無年齡維度,0.0,男,遷出,新北市內,0
112,11,1,板橋區,,,,無年齡維度,0.0,女,遷出,桃園市,74
112,11,1,板橋區,,,,無年齡維度,0.0,男,遷出,桃園市,60
112,11,1,板橋區,,,,無年齡維度,0.0,女,遷出,福建省,7
112,11,1,板橋區,,,,無年齡維度,0.0,男,遷出,福建省,6
112,11,1,板橋區,,,,無年齡維度,0.0,女,遷出,臺中市,23
112,11,1,板橋區,,,,無年齡維度,0.0,男,遷出,臺中市,13
112,11,1,板橋區,,,,無年齡維度,0.0,女,遷出,臺北市,120
112,11,1,板橋區,,,,無年齡維度,0.0,男,遷出,臺北市,97
112,11,1,板橋區,,,,無年齡維度,0.0,女,遷出,臺南市,9
112,11,1,板橋區,,,,無年齡維度,0.0,男,遷出,臺南市,16
112,11,1,板橋區,,,,無年齡維度,0.0,女,遷出,臺灣省,93
112,11,1,板橋區,,,,無年齡維度,0.0,男,遷出,臺灣省,73
112,11,1,板橋區,,,,無年齡維度,0.0,女,遷出,高雄市,13
112,11,1,板橋區,,,,無年齡維度,0.0,男,遷出,高雄市,14
112,11,2,三重區,,,,無年齡維度,0.0,女,遷入,migrants,472
112,11,2,三重區,,,,無年齡維度,0.0,男,遷入,migrants,411
112,11,2,三重區,,,,無年齡維度,0.0,女,遷入,other,0
112,11,2,三重區,,,,無年齡維度,0.0,男,遷入,other,0
112,11,2,三重區,,,,無年齡維度,0.0,女,遷入,其他縣市,0
112,11,2,三重區,,,,無年齡維度,0.0,男,遷入,其他縣市,0
112,11,2,三重區,,,,無年齡維度,0.0,女,遷入,其他鄉鎮,223
112,11,2,三重區,,,,無年齡維度,0.0,男,遷入,其他鄉鎮,181
112,11,2,三重區,,,,無年齡維度,0.0,女,遷入,合計,632
112,11,2,三重區,,,,無年齡維度,0.0,男,遷入,合計,533
112,11,2,三重區,,,,無年齡維度,0.0,女,遷入,國外,67
112,11,2,三重區,,,,無年齡維度,0.0,男,遷入,國外,52
112,11,2,三重區,,,,無年齡維度,0.0,女,遷入,新北市內,0
112,11,2,三重區,,,,無年齡維度,0.0,男,遷入,新北市內,0
112,11,2,三重區,,,,無年齡維度,0.0,女,遷入,桃園市,36
112,11,2,三重區,,,,無年齡維度,0.0,男,遷入,桃園市,26
112,11,2,三重區,,,,無年齡維度,0.0,女,遷入,福建省,0
112,11,2,三重區,,,,無年齡維度,0.0,男,遷入,福建省,2
112,11,2,三重區,,,,無年齡維度,0.0,女,遷入,臺中市,15
112,11,2,三重區,,,,無年齡維度,0.0,男,遷入,臺中市,10
112,11,2,三重區,,,,無年齡維度,0.0,女,遷入,臺北市,193
112,11,2,三重區,,,,無年齡維度,0.0,男,遷入,臺北市,187
112,11,2,三重區,,,,無年齡維度,0.0,女,遷入,臺南市,6
112,11,2,三重區,,,,無年齡維度,0.0,男,遷入,臺南市,3
112,11,2,三重區,,,,無年齡維度,0.0,女,遷入,臺灣省,55
112,11,2,三重區,,,,無年齡維度,0.0,男,遷入,臺灣省,53
112,11,2,三重區,,,,無年齡維度,0.0,女,遷入,高雄市,16
112,11,2,三重區,,,,無年齡維度,0.0,男,遷入,高雄市,13
112,11,2,三重區,,,,無年齡維度,0.0,女,遷出,migrants,472
112,11,2,三重區,,,,無年齡維度,0.0,男,遷出,migrants,411
112,11,2,三重區,,,,無年齡維度,0.0,女,遷出,other,0
112,11,2,三重區,,,,無年齡維度,0.0,男,遷出,other,0
112,11,2,三重區,,,,無年齡維度,0.0,女,遷出,其他縣市,0
112,11,2,三重區,,,,無年齡維度,0.0,男,遷出,其他縣市,0
112,11,2,三重區,,,,無年齡維度,0.0,女,遷出,其他鄉鎮,242
112,11,2,三重區,,,,無年齡維度,0.0,男,遷出,其他鄉鎮,211
112,11,2,三重區,,,,無年齡維度,0.0,女,遷出,合計,572
112,11,2,三重區,,,,無年齡維度,0.0,男,遷出,合計,499
112,11,2,三重區,,,,無年齡維度,0.0,女,遷出,國外,13
112,11,2,三重區,,,,無年齡維度,0.0,男,遷出,國外,3
112,11,2,三重區,,,,無年齡維度,0.0,女,遷出,新北市內,0
112,11,2,三重區,,,,無年齡維度,0.0,男,遷出,新北市內,0
112,11,2,三重區,,,,無年齡維度,0.0,女,遷出,桃園市,47
112,11,2,三重區,,,,無年齡維度,0.0,男,遷出,桃園市,40
112,11,2,三重區,,,,無年齡維度,0.0,女,遷出,福建省,2
112,11,2,三重區,,,,無年齡維度,0.0,男,遷出,福建省,2
112,11,2,三重區,,,,無年齡維度,0.0,女,遷出,臺中市,26
112,11,2,三重區,,,,無年齡維度,0.0,男,遷出,臺中市,11
112,11,2,三重區,,,,無年齡維度,0.0,女,遷出,臺北市,165
112,11,2,三重區,,,,無年齡維度,0.0,男,遷出,臺北市,153
112,11,2,三重區,,,,無年齡維度,0.0,女,遷出,臺南市,8
112,11,2,三重區,,,,無年齡維度,0.0,男,遷出,臺南市,5
112,11,2,三重區,,,,無年齡維度,0.0,女,遷出,臺灣省,64
112,11,2,三重區,,,,無年齡維度,0.0,男,遷出,臺灣省,58
112,11,2,三重區,,,,無年齡維度,0.0,女,遷出,高雄市,5
112,11,2,三重區,,,,無年齡維度,0.0,男,遷出,高雄市,16
112,11,3,中和區,,,,無年齡維度,0.0,女,遷入,migrants,369
112,11,3,中和區,,,,無年齡維度,0.0,男,遷入,migrants,330
112,11,3,中和區,,,,無年齡維度,0.0,女,遷入,other,0
112,11,3,中和區,,,,無年齡維度,0.0,男,遷入,other,0
112,11,3,中和區,,,,無年齡維度,0.0,女,遷入,其他縣市,0
112,11,3,中和區,,,,無年齡維度,0.0,男,遷入,其他縣市,0
112,11,3,中和區,,,,無年齡維度,0.0,女,遷入,其他鄉鎮,330
112,11,3,中和區,,,,無年齡維度,0.0,男,遷入,其他鄉鎮,238
112,11,3,中和區,,,,無年齡維度,0.0,女,遷入,合計,741
112,11,3,中和區,,,,無年齡維度,0.0,男,遷入,合計,588
112,11,3,中和區,,,,無年齡維度,0.0,女,遷入,國外,139
112,11,3,中和區,,,,無年齡維度,0.0,男,遷入,國外,95
112,11,3,中和區,,,,無年齡維度,0.0,女,遷入,新北市內,0
112,11,3,中和區,,,,無年齡維度,0.0,男,遷入,新北市內,0
112,11,3,中和區,,,,無年齡維度,0.0,女,遷入,桃園市,35
112,11,3,中和區,,,,無年齡維度,0.0,男,遷入,桃園市,30
112,11,3,中和區,,,,無年齡維度,0.0,女,遷入,福建省,6
112,11,3,中和區,,,,無年齡維度,0.0,男,遷入,福建省,6
112,11,3,中和區,,,,無年齡維度,0.0,女,遷入,臺中市,7
112,11,3,中和區,,,,無年齡維度,0.0,男,遷入,臺中市,14
112,11,3,中和區,,,,無年齡維度,0.0,女,遷入,臺北市,135
112,11,3,中和區,,,,無年齡維度,0.0,男,遷入,臺北市,124
112,11,3,中和區,,,,無年齡維度,0.0,女,遷入,臺南市,5
112,11,3,中和區,,,,無年齡維度,0.0,男,遷入,臺南市,7
112,11,3,中和區,,,,無年齡維度,0.0,女,遷入,臺灣省,52
112,11,3,中和區,,,,無年齡維度,0.0,男,遷入,臺灣省,49
112,11,3,中和區,,,,無年齡維度,0.0,女,遷入,高雄市,15
112,11,3,中和區,,,,無年齡維度,0.0,男,遷入,高雄市,11
112,11,3,中和區,,,,無年齡維度,0.0,女,遷出,migrants,369
112,11,3,中和區,,,,無年齡維度,0.0,男,遷出,migrants,330
112,11,3,中和區,,,,無年齡維度,0.0,女,遷出,other,0
112,11,3,中和區,,,,無年齡維度,0.0,男,遷出,other,0
112,11,3,中和區,,,,無年齡維度,0.0,女,遷出,其他縣市,0
112,11,3,中和區,,,,無年齡維度,0.0,男,遷出,其他縣市,0
112,11,3,中和區,,,,無年齡維度,0.0,女,遷出,其他鄉鎮,347
112,11,3,中和區,,,,無年齡維度,0.0,男,遷出,其他鄉鎮,294
112,11,3,中和區,,,,無年齡維度,0.0,女,遷出,合計,640
112,11,3,中和區,,,,無年齡維度,0.0,男,遷出,合計,545
112,11,3,中和區,,,,無年齡維度,0.0,女,遷出,國外,21
112,11,3,中和區,,,,無年齡維度,0.0,男,遷出,國外,13
112,11,3,中和區,,,,無年齡維度,0.0,女,遷出,新北市內,0
112,11,3,中和區,,,,無年齡維度,0.0,男,遷出,新北市內,0
112,11,3,中和區,,,,無年齡維度,0.0,女,遷出,桃園市,71
112,11,3,中和區,,,,無年齡維度,0.0,男,遷出,桃園市,45
112,11,3,中和區,,,,無年齡維度,0.0,女,遷出,福建省,6
112,11,3,中和區,,,,無年齡維度,0.0,男,遷出,福建省,5
112,11,3,中和區,,,,無年齡維度,0.0,女,遷出,臺中市,15
112,11,3,中和區,,,,無年齡維度,0.0,男,遷出,臺中市,16
112,11,3,中和區,,,,無年齡維度,0.0,女,遷出,臺北市,103
112,11,3,中和區,,,,無年齡維度,0.0,男,遷出,臺北市,97
112,11,3,中和區,,,,無年齡維度,0.0,女,遷出,臺南市,7
112,11,3,中和區,,,,無年齡維度,0.0,男,遷出,臺南市,7
112,11,3,中和區,,,,無年齡維度,0.0,女,遷出,臺灣省,54
112,11,3,中和區,,,,無年齡維度,0.0,男,遷出,臺灣省,61
112,11,3,中和區,,,,無年齡維度,0.0,女,遷出,高雄市,15
112,11,3,中和區,,,,無年齡維度,0.0,男,遷出,高雄市,7
112,11,4,永和區,,,,無年齡維度,0.0,女,遷入,migrants,181
112,11,4,永和區,,,,無年齡維度,0.0,男,遷入,migrants,174
112,11,4,永和區,,,,無年齡維度,0.0,女,遷入,other,0
112,11,4,永和區,,,,無年齡維度,0.0,男,遷入,other,0
112,11,4,永和區,,,,無年齡維度,0.0,女,遷入,其他縣市,0
112,11,4,永和區,,,,無年齡維度,0.0,男,遷入,其他縣市,0
112,11,4,永和區,,,,無年齡維度,0.0,女,遷入,其他鄉鎮,191
112,11,4,永和區,,,,無年齡維度,0.0,男,遷入,其他鄉鎮,140
112,11,4,永和區,,,,無年齡維度,0.0,女,遷入,合計,472
112,11,4,永和區,,,,無年齡維度,0.0,男,遷入,合計,372
112,11,4,永和區,,,,無年齡維度,0.0,女,遷入,國外,115
112,11,4,永和區,,,,無年齡維度,0.0,男,遷入,國外,87
112,11,4,永和區,,,,無年齡維度,0.0,女,遷入,新北市內,0
112,11,4,永和區,,,,無年齡維度,0.0,男,遷入,新北市內,0
112,11,4,永和區,,,,無年齡維度,0.0,女,遷入,桃園市,12
112,11,4,永和區,,,,無年齡維度,0.0,男,遷入,桃園市,13
112,11,4,永和區,,,,無年齡維度,0.0,女,遷入,福建省,0
112,11,4,永和區,,,,無年齡維度,0.0,男,遷入,福建省,1
112,11,4,永和區,,,,無年齡維度,0.0,女,遷入,臺中市,10
112,11,4,永和區,,,,無年齡維度,0.0,男,遷入,臺中市,9
112,11,4,永和區,,,,無年齡維度,0.0,女,遷入,臺北市,85
112,11,4,永和區,,,,無年齡維度,0.0,男,遷入,臺北市,74
112,11,4,永和區,,,,無年齡維度,0.0,女,遷入,臺南市,5
112,11,4,永和區,,,,無年齡維度,0.0,男,遷入,臺南市,2
112,11,4,永和區,,,,無年齡維度,0.0,女,遷入,臺灣省,42
112,11,4,永和區,,,,無年齡維度,0.0,男,遷入,臺灣省,28
112,11,4,永和區,,,,無年齡維度,0.0,女,遷入,高雄市,5
112,11,4,永和區,,,,無年齡維度,0.0,男,遷入,高雄市,8
112,11,4,永和區,,,,無年齡維度,0.0,女,遷出,migrants,181
112,11,4,永和區,,,,無年齡維度,0.0,男,遷出,migrants,174
112,11,4,永和區,,,,無年齡維度,0.0,女,遷出,other,0
112,11,4,永和區,,,,無年齡維度,0.0,男,遷出,other,0
112,11,4,永和區,,,,無年齡維度,0.0,女,遷出,其他縣市,0
112,11,4,永和區,,,,無年齡維度,0.0,男,遷出,其他縣市,0
112,11,4,永和區,,,,無年齡維度,0.0,女,遷出,其他鄉鎮,275
112,11,4,永和區,,,,無年齡維度,0.0,男,遷出,其他鄉鎮,202
112,11,4,永和區,,,,無年齡維度,0.0,女,遷出,合計,457
112,11,4,永和區,,,,無年齡維度,0.0,男,遷出,合計,382
112,11,4,永和區,,,,無年齡維度,0.0,女,遷出,國外,13
112,11,4,永和區,,,,無年齡維度,0.0,男,遷出,國外,15
112,11,4,永和區,,,,無年齡維度,0.0,女,遷出,新北市內,0
112,11,4,永和區,,,,無年齡維度,0.0,男,遷出,新北市內,0
112,11,4,永和區,,,,無年齡維度,0.0,女,遷出,桃園市,22
112,11,4,永和區,,,,無年齡維度,0.0,男,遷出,桃園市,24
112,11,4,永和區,,,,無年齡維度,0.0,女,遷出,福建省,3
112,11,4,永和區,,,,無年齡維度,0.0,男,遷出,福建省,5
112,11,4,永和區,,,,無年齡維度,0.0,女,遷出,臺中市,11
112,11,4,永和區,,,,無年齡維度,0.0,男,遷出,臺中市,9
112,11,4,永和區,,,,無年齡維度,0.0,女,遷出,臺北市,94
112,11,4,永和區,,,,無年齡維度,0.0,男,遷出,臺北市,83
112,11,4,永和區,,,,無年齡維度,0.0,女,遷出,臺南市,8
112,11,4,永和區,,,,無年齡維度,0.0,男,遷出,臺南市,1
112,11,4,永和區,,,,無年齡維度,0.0,女,遷出,臺灣省,30
112,11,4,永和區,,,,無年齡維度,0.0,男,遷出,臺灣省,35
112,11,4,永和區,,,,無年齡維度,0.0,女,遷出,高雄市,1
112,11,4,永和區,,,,無年齡維度,0.0,男,遷出,高雄市,8
112,11,5,新莊區,,,,無年齡維度,0.0,女,遷入,migrants,566
112,11,5,新莊區,,,,無年齡維度,0.0,男,遷入,migrants,505
112,11,5,新莊區,,,,無年齡維度,0.0,女,遷入,other,0
112,11,5,新莊區,,,,無年齡維度,0.0,男,遷入,other,0
112,11,5,新莊區,,,,無年齡維度,0.0,女,遷入,其他縣市,0
112,11,5,新莊區,,,,無年齡維度,0.0,男,遷入,其他縣市,0
112,11,5,新莊區,,,,無年齡維度,0.0,女,遷入,其他鄉鎮,281
112,11,5,新莊區,,,,無年齡維度,0.0,男,遷入,其他鄉鎮,200
112,11,5,新莊區,,,,無年齡維度,0.0,女,遷入,合計,660
112,11,5,新莊區,,,,無年齡維度,0.0,男,遷入,合計,502
112,11,5,新莊區,,,,無年齡維度,0.0,女,遷入,國外,66
112,11,5,新莊區,,,,無年齡維度,0.0,男,遷入,國外,44
112,11,5,新莊區,,,,無年齡維度,0.0,女,遷入,新北市內,0
112,11,5,新莊區,,,,無年齡維度,0.0,男,遷入,新北市內,0
112,11,5,新莊區,,,,無年齡維度,0.0,女,遷入,桃園市,57
112,11,5,新莊區,,,,無年齡維度,0.0,男,遷入,桃園市,44
112,11,5,新莊區,,,,無年齡維度,0.0,女,遷入,福建省,1
112,11,5,新莊區,,,,無年齡維度,0.0,男,遷入,福建省,2
112,11,5,新莊區,,,,無年齡維度,0.0,女,遷入,臺中市,13
112,11,5,新莊區,,,,無年齡維度,0.0,男,遷入,臺中市,15
112,11,5,新莊區,,,,無年齡維度,0.0,女,遷入,臺北市,124
112,11,5,新莊區,,,,無年齡維度,0.0,男,遷入,臺北市,116
112,11,5,新莊區,,,,無年齡維度,0.0,女,遷入,臺南市,16
112,11,5,新莊區,,,,無年齡維度,0.0,男,遷入,臺南市,8
112,11,5,新莊區,,,,無年齡維度,0.0,女,遷入,臺灣省,73
112,11,5,新莊區,,,,無年齡維度,0.0,男,遷入,臺灣省,59
112,11,5,新莊區,,,,無年齡維度,0.0,女,遷入,高雄市,6
112,11,5,新莊區,,,,無年齡維度,0.0,男,遷入,高雄市,8
112,11,5,新莊區,,,,無年齡維度,0.0,女,遷出,migrants,566
112,11,5,新莊區,,,,無年齡維度,0.0,男,遷出,migrants,505
112,11,5,新莊區,,,,無年齡維度,0.0,女,遷出,other,0
112,11,5,新莊區,,,,無年齡維度,0.0,男,遷出,other,0
112,11,5,新莊區,,,,無年齡維度,0.0,女,遷出,其他縣市,0
112,11,5,新莊區,,,,無年齡維度,0.0,男,遷出,其他縣市,0
112,11,5,新莊區,,,,無年齡維度,0.0,女,遷出,其他鄉鎮,244
112,11,5,新莊區,,,,無年齡維度,0.0,男,遷出,其他鄉鎮,210
112,11,5,新莊區,,,,無年齡維度,0.0,女,遷出,合計,581
112,11,5,新莊區,,,,無年齡維度,0.0,男,遷出,合計,463
112,11,5,新莊區,,,,無年齡維度,0.0,女,遷出,國外,14
112,11,5,新莊區,,,,無年齡維度,0.0,男,遷出,國外,12
112,11,5,新莊區,,,,無年齡維度,0.0,女,遷出,新北市內,0
112,11,5,新莊區,,,,無年齡維度,0.0,男,遷出,新北市內,0
112,11,5,新莊區,,,,無年齡維度,0.0,女,遷出,桃園市,98
112,11,5,新莊區,,,,無年齡維度,0.0,男,遷出,桃園市,93
112,11,5,新莊區,,,,無年齡維度,0.0,女,遷出,福建省,0
112,11,5,新莊區,,,,無年齡維度,0.0,男,遷出,福建省,1
112,11,5,新莊區,,,,無年齡維度,0.0,女,遷出,臺中市,29
112,11,5,新莊區,,,,無年齡維度,0.0,男,遷出,臺中市,9
112,11,5,新莊區,,,,無年齡維度,0.0,女,遷出,臺北市,113
112,11,5,新莊區,,,,無年齡維度,0.0,男,遷出,臺北市,72
112,11,5,新莊區,,,,無年齡維度,0.0,女,遷出,臺南市,7
112,11,5,新莊區,,,,無年齡維度,0.0,男,遷出,臺南市,7
112,11,5,新莊區,,,,無年齡維度,0.0,女,遷出,臺灣省,70
112,11,5,新莊區,,,,無年齡維度,0.0,男,遷出,臺灣省,52
112,11,5,新莊區,,,,無年齡維度,0.0,女,遷出,高雄市,6
112,11,5,新莊區,,,,無年齡維度,0.0,男,遷出,高雄市,6
112,11,6,新店區,,,,無年齡維度,0.0,女,遷入,migrants,341
112,11,6,新店區,,,,無年齡維度,0.0,男,遷入,migrants,285
112,11,6,新店區,,,,無年齡維度,0.0,女,遷入,other,0
112,11,6,新店區,,,,無年齡維度,0.0,男,遷入,other,0
112,11,6,新店區,,,,無年齡維度,0.0,女,遷入,其他縣市,0
112,11,6,新店區,,,,無年齡維度,0.0,男,遷入,其他縣市,0
112,11,6,新店區,,,,無年齡維度,0.0,女,遷入,其他鄉鎮,159
112,11,6,新店區,,,,無年齡維度,0.0,男,遷入,其他鄉鎮,122
112,11,6,新店區,,,,無年齡維度,0.0,女,遷入,合計,619
112,11,6,新店區,,,,無年齡維度,0.0,男,遷入,合計,513
112,11,6,新店區,,,,無年齡維度,0.0,女,遷入,國外,173
112,11,6,新店區,,,,無年齡維度,0.0,男,遷入,國外,107
112,11,6,新店區,,,,無年齡維度,0.0,女,遷入,新北市內,0
112,11,6,新店區,,,,無年齡維度,0.0,男,遷入,新北市內,0
112,11,6,新店區,,,,無年齡維度,0.0,女,遷入,桃園市,15
112,11,6,新店區,,,,無年齡維度,0.0,男,遷入,桃園市,19
112,11,6,新店區,,,,無年齡維度,0.0,女,遷入,福建省,0
112,11,6,新店區,,,,無年齡維度,0.0,男,遷入,福建省,2
112,11,6,新店區,,,,無年齡維度,0.0,女,遷入,臺中市,14
112,11,6,新店區,,,,無年齡維度,0.0,男,遷入,臺中市,13
112,11,6,新店區,,,,無年齡維度,0.0,女,遷入,臺北市,189
112,11,6,新店區,,,,無年齡維度,0.0,男,遷入,臺北市,193
112,11,6,新店區,,,,無年齡維度,0.0,女,遷入,臺南市,4
112,11,6,新店區,,,,無年齡維度,0.0,男,遷入,臺南市,4
112,11,6,新店區,,,,無年齡維度,0.0,女,遷入,臺灣省,36
112,11,6,新店區,,,,無年齡維度,0.0,男,遷入,臺灣省,31
112,11,6,新店區,,,,無年齡維度,0.0,女,遷入,高雄市,12
112,11,6,新店區,,,,無年齡維度,0.0,男,遷入,高雄市,13
112,11,6,新店區,,,,無年齡維度,0.0,女,遷出,migrants,341
112,11,6,新店區,,,,無年齡維度,0.0,男,遷出,migrants,285
112,11,6,新店區,,,,無年齡維度,0.0,女,遷出,other,0
112,11,6,新店區,,,,無年齡維度,0.0,男,遷出,other,0
112,11,6,新店區,,,,無年齡維度,0.0,女,遷出,其他縣市,0
112,11,6,新店區,,,,無年齡維度,0.0,男,遷出,其他縣市,0
112,11,6,新店區,,,,無年齡維度,0.0,女,遷出,其他鄉鎮,140
112,11,6,新店區,,,,無年齡維度,0.0,男,遷出,其他鄉鎮,108
112,11,6,新店區,,,,無年齡維度,0.0,女,遷出,合計,466
112,11,6,新店區,,,,無年齡維度,0.0,男,遷出,合計,404
112,11,6,新店區,,,,無年齡維度,0.0,女,遷出,國外,28
112,11,6,新店區,,,,無年齡維度,0.0,男,遷出,國外,16
112,11,6,新店區,,,,無年齡維度,0.0,女,遷出,新北市內,0
112,11,6,新店區,,,,無年齡維度,0.0,男,遷出,新北市內,0
112,11,6,新店區,,,,無年齡維度,0.0,女,遷出,桃園市,19
112,11,6,新店區,,,,無年齡維度,0.0,男,遷出,桃園市,20
112,11,6,新店區,,,,無年齡維度,0.0,女,遷出,福建省,8
112,11,6,新店區,,,,無年齡維度,0.0,男,遷出,福建省,1
112,11,6,新店區,,,,無年齡維度,0.0,女,遷出,臺中市,16
112,11,6,新店區,,,,無年齡維度,0.0,男,遷出,臺中市,13
112,11,6,新店區,,,,無年齡維度,0.0,女,遷出,臺北市,185
112,11,6,新店區,,,,無年齡維度,0.0,男,遷出,臺北市,175
112,11,6,新店區,,,,無年齡維度,0.0,女,遷出,臺南市,8
112,11,6,新店區,,,,無年齡維度,0.0,男,遷出,臺南市,11
112,11,6,新店區,,,,無年齡維度,0.0,女,遷出,臺灣省,49
112,11,6,新店區,,,,無年齡維度,0.0,男,遷出,臺灣省,49
112,11,6,新店區,,,,無年齡維度,0.0,女,遷出,高雄市,12
112,11,6,新店區,,,,無年齡維度,0.0,男,遷出,高雄市,10
112,11,7,土城區,,,,無年齡維度,0.0,女,遷入,migrants,172
112,11,7,土城區,,,,無年齡維度,0.0,男,遷入,migrants,160
112,11,7,土城區,,,,無年齡維度,0.0,女,遷入,other,0
112,11,7,土城區,,,,無年齡維度,0.0,男,遷入,other,0
112,11,7,土城區,,,,無年齡維度,0.0,女,遷入,其他縣市,0
112,11,7,土城區,,,,無年齡維度,0.0,男,遷入,其他縣市,0
112,11,7,土城區,,,,無年齡維度,0.0,女,遷入,其他鄉鎮,166
112,11,7,土城區,,,,無年齡維度,0.0,男,遷入,其他鄉鎮,137
112,11,7,土城區,,,,無年齡維度,0.0,女,遷入,合計,294
112,11,7,土城區,,,,無年齡維度,0.0,男,遷入,合計,242
112,11,7,土城區,,,,無年齡維度,0.0,女,遷入,國外,35
112,11,7,土城區,,,,無年齡維度,0.0,男,遷入,國外,20
112,11,7,土城區,,,,無年齡維度,0.0,女,遷入,新北市內,0
112,11,7,土城區,,,,無年齡維度,0.0,男,遷入,新北市內,0
112,11,7,土城區,,,,無年齡維度,0.0,女,遷入,桃園市,14
112,11,7,土城區,,,,無年齡維度,0.0,男,遷入,桃園市,18
112,11,7,土城區,,,,無年齡維度,0.0,女,遷入,福建省,2
112,11,7,土城區,,,,無年齡維度,0.0,男,遷入,福建省,3
112,11,7,土城區,,,,無年齡維度,0.0,女,遷入,臺中市,6
112,11,7,土城區,,,,無年齡維度,0.0,男,遷入,臺中市,5
112,11,7,土城區,,,,無年齡維度,0.0,女,遷入,臺北市,31
112,11,7,土城區,,,,無年齡維度,0.0,男,遷入,臺北市,30
112,11,7,土城區,,,,無年齡維度,0.0,女,遷入,臺南市,4
112,11,7,土城區,,,,無年齡維度,0.0,男,遷入,臺南市,1
112,11,7,土城區,,,,無年齡維度,0.0,女,遷入,臺灣省,27
112,11,7,土城區,,,,無年齡維度,0.0,男,遷入,臺灣省,24
112,11,7,土城區,,,,無年齡維度,0.0,女,遷入,高雄市,3
112,11,7,土城區,,,,無年齡維度,0.0,男,遷入,高雄市,3
112,11,7,土城區,,,,無年齡維度,0.0,女,遷出,migrants,172
112,11,7,土城區,,,,無年齡維度,0.0,男,遷出,migrants,160
112,11,7,土城區,,,,無年齡維度,0.0,女,遷出,other,0
112,11,7,土城區,,,,無年齡維度,0.0,男,遷出,other,0
112,11,7,土城區,,,,無年齡維度,0.0,女,遷出,其他縣市,0
112,11,7,土城區,,,,無年齡維度,0.0,男,遷出,其他縣市,0
112,11,7,土城區,,,,無年齡維度,0.0,女,遷出,其他鄉鎮,151
112,11,7,土城區,,,,無年齡維度,0.0,男,遷出,其他鄉鎮,108
112,11,7,土城區,,,,無年齡維度,0.0,女,遷出,合計,280
112,11,7,土城區,,,,無年齡維度,0.0,男,遷出,合計,213
112,11,7,土城區,,,,無年齡維度,0.0,女,遷出,國外,6
112,11,7,土城區,,,,無年齡維度,0.0,男,遷出,國外,9
112,11,7,土城區,,,,無年齡維度,0.0,女,遷出,新北市內,0
112,11,7,土城區,,,,無年齡維度,0.0,男,遷出,新北市內,0
112,11,7,土城區,,,,無年齡維度,0.0,女,遷出,桃園市,64
112,11,7,土城區,,,,無年齡維度,0.0,男,遷出,桃園市,41
112,11,7,土城區,,,,無年齡維度,0.0,女,遷出,福建省,1
112,11,7,土城區,,,,無年齡維度,0.0,男,遷出,福建省,3
112,11,7,土城區,,,,無年齡維度,0.0,女,遷出,臺中市,4
112,11,7,土城區,,,,無年齡維度,0.0,男,遷出,臺中市,6
112,11,7,土城區,,,,無年齡維度,0.0,女,遷出,臺北市,25
112,11,7,土城區,,,,無年齡維度,0.0,男,遷出,臺北市,21
112,11,7,土城區,,,,無年齡維度,0.0,女,遷出,臺南市,0
112,11,7,土城區,,,,無年齡維度,0.0,男,遷出,臺南市,2
112,11,7,土城區,,,,無年齡維度,0.0,女,遷出,臺灣省,26
112,11,7,土城區,,,,無年齡維度,0.0,男,遷出,臺灣省,20
112,11,7,土城區,,,,無年齡維度,0.0,女,遷出,高雄市,3
112,11,7,土城區,,,,無年齡維度,0.0,男,遷出,高雄市,3
112,11,8,蘆洲區,,,,無年齡維度,0.0,女,遷入,migrants,113
112,11,8,蘆洲區,,,,無年齡維度,0.0,男,遷入,migrants,92
112,11,8,蘆洲區,,,,無年齡維度,0.0,女,遷入,other,0
112,11,8,蘆洲區,,,,無年齡維度,0.0,男,遷入,other,0
112,11,8,蘆洲區,,,,無年齡維度,0.0,女,遷入,其他縣市,0
112,11,8,蘆洲區,,,,無年齡維度,0.0,男,遷入,其他縣市,0
112,11,8,蘆洲區,,,,無年齡維度,0.0,女,遷入,其他鄉鎮,56
112,11,8,蘆洲區,,,,無年齡維度,0.0,男,遷入,其他鄉鎮,60
112,11,8,蘆洲區,,,,無年齡維度,0.0,女,遷入,合計,137
112,11,8,蘆洲區,,,,無年齡維度,0.0,男,遷入,合計,128
112,11,8,蘆洲區,,,,無年齡維度,0.0,女,遷入,國外,12
112,11,8,蘆洲區,,,,無年齡維度,0.0,男,遷入,國外,9
112,11,8,蘆洲區,,,,無年齡維度,0.0,女,遷入,新北市內,0
112,11,8,蘆洲區,,,,無年齡維度,0.0,男,遷入,新北市內,0
112,11,8,蘆洲區,,,,無年齡維度,0.0,女,遷入,桃園市,23
112,11,8,蘆洲區,,,,無年齡維度,0.0,男,遷入,桃園市,25
112,11,8,蘆洲區,,,,無年齡維度,0.0,女,遷入,福建省,1
112,11,8,蘆洲區,,,,無年齡維度,0.0,男,遷入,福建省,0
112,11,8,蘆洲區,,,,無年齡維度,0.0,女,遷入,臺中市,1
112,11,8,蘆洲區,,,,無年齡維度,0.0,男,遷入,臺中市,4
112,11,8,蘆洲區,,,,無年齡維度,0.0,女,遷入,臺北市,17
112,11,8,蘆洲區,,,,無年齡維度,0.0,男,遷入,臺北市,13
112,11,8,蘆洲區,,,,無年齡維度,0.0,女,遷入,臺南市,1
112,11,8,蘆洲區,,,,無年齡維度,0.0,男,遷入,臺南市,1
112,11,8,蘆洲區,,,,無年齡維度,0.0,女,遷入,臺灣省,16
112,11,8,蘆洲區,,,,無年齡維度,0.0,男,遷入,臺灣省,13
112,11,8,蘆洲區,,,,無年齡維度,0.0,女,遷入,高雄市,4
112,11,8,蘆洲區,,,,無年齡維度,0.0,男,遷入,高雄市,3
112,11,8,蘆洲區,,,,無年齡維度,0.0,女,遷出,migrants,113
112,11,8,蘆洲區,,,,無年齡維度,0.0,男,遷出,migrants,92
112,11,8,蘆洲區,,,,無年齡維度,0.0,女,遷出,other,0
112,11,8,蘆洲區,,,,無年齡維度,0.0,男,遷出,other,0
112,11,8,蘆洲區,,,,無年齡維度,0.0,女,遷出,其他縣市,0
112,11,8,蘆洲區,,,,無年齡維度,0.0,男,遷出,其他縣市,0
112,11,8,蘆洲區,,,,無年齡維度,0.0,女,遷出,其他鄉鎮,30
112,11,8,蘆洲區,,,,無年齡維度,0.0,男,遷出,其他鄉鎮,26
112,11,8,蘆洲區,,,,無年齡維度,0.0,女,遷出,合計,144
112,11,8,蘆洲區,,,,無年齡維度,0.0,男,遷出,合計,93
112,11,8,蘆洲區,,,,無年齡維度,0.0,女,遷出,國外,4
112,11,8,蘆洲區,,,,無年齡維度,0.0,男,遷出,國外,5
112,11,8,蘆洲區,,,,無年齡維度,0.0,女,遷出,新北市內,0
112,11,8,蘆洲區,,,,無年齡維度,0.0,男,遷出,新北市內,0
112,11,8,蘆洲區,,,,無年齡維度,0.0,女,遷出,桃園市,62
112,11,8,蘆洲區,,,,無年齡維度,0.0,男,遷出,桃園市,40
112,11,8,蘆洲區,,,,無年齡維度,0.0,女,遷出,福建省,1
112,11,8,蘆洲區,,,,無年齡維度,0.0,男,遷出,福建省,1
112,11,8,蘆洲區,,,,無年齡維度,0.0,女,遷出,臺中市,7
112,11,8,蘆洲區,,,,無年齡維度,0.0,男,遷出,臺中市,1
112,11,8,蘆洲區,,,,無年齡維度,0.0,女,遷出,臺北市,15
112,11,8,蘆洲區,,,,無年齡維度,0.0,男,遷出,臺北市,6
112,11,8,蘆洲區,,,,無年齡維度,0.0,女,遷出,臺南市,2
112,11,8,蘆洲區,,,,無年齡維度,0.0,男,遷出,臺南市,1
112,11,8,蘆洲區,,,,無年齡維度,0.0,女,遷出,臺灣省,20
112,11,8,蘆洲區,,,,無年齡維度,0.0,男,遷出,臺灣省,13
112,11,8,蘆洲區,,,,無年齡維度,0.0,女,遷出,高雄市,3
112,11,8,蘆洲區,,,,無年齡維度,0.0,男,遷出,高雄市,0
112,11,9,樹林區,,,,無年齡維度,0.0,女,遷入,migrants,151
112,11,9,樹林區,,,,無年齡維度,0.0,男,遷入,migrants,110
112,11,9,樹林區,,,,無年齡維度,0.0,女,遷入,other,0
112,11,9,樹林區,,,,無年齡維度,0.0,男,遷入,other,0
112,11,9,樹林區,,,,無年齡維度,0.0,女,遷入,其他縣市,0
112,11,9,樹林區,,,,無年齡維度,0.0,男,遷入,其他縣市,0
112,11,9,樹林區,,,,無年齡維度,0.0,女,遷入,其他鄉鎮,80
112,11,9,樹林區,,,,無年齡維度,0.0,男,遷入,其他鄉鎮,71
112,11,9,樹林區,,,,無年齡維度,0.0,女,遷入,合計,162
112,11,9,樹林區,,,,無年齡維度,0.0,男,遷入,合計,139
112,11,9,樹林區,,,,無年齡維度,0.0,女,遷入,國外,15
112,11,9,樹林區,,,,無年齡維度,0.0,男,遷入,國外,12
112,11,9,樹林區,,,,無年齡維度,0.0,女,遷入,新北市內,0
112,11,9,樹林區,,,,無年齡維度,0.0,男,遷入,新北市內,0
112,11,9,樹林區,,,,無年齡維度,0.0,女,遷入,桃園市,13
112,11,9,樹林區,,,,無年齡維度,0.0,男,遷入,桃園市,16
112,11,9,樹林區,,,,無年齡維度,0.0,女,遷入,福建省,0
112,11,9,樹林區,,,,無年齡維度,0.0,男,遷入,福建省,2
112,11,9,樹林區,,,,無年齡維度,0.0,女,遷入,臺中市,5
112,11,9,樹林區,,,,無年齡維度,0.0,男,遷入,臺中市,3
112,11,9,樹林區,,,,無年齡維度,0.0,女,遷入,臺北市,32
112,11,9,樹林區,,,,無年齡維度,0.0,男,遷入,臺北市,14
112,11,9,樹林區,,,,無年齡維度,0.0,女,遷入,臺南市,0
112,11,9,樹林區,,,,無年齡維度,0.0,男,遷入,臺南市,2
112,11,9,樹林區,,,,無年齡維度,0.0,女,遷入,臺灣省,14
112,11,9,樹林區,,,,無年齡維度,0.0,男,遷入,臺灣省,13
112,11,9,樹林區,,,,無年齡維度,0.0,女,遷入,高雄市,0
112,11,9,樹林區,,,,無年齡維度,0.0,男,遷入,高雄市,4
112,11,9,樹林區,,,,無年齡維度,0.0,女,遷出,migrants,151
112,11,9,樹林區,,,,無年齡維度,0.0,男,遷出,migrants,110
112,11,9,樹林區,,,,無年齡維度,0.0,女,遷出,other,0
112,11,9,樹林區,,,,無年齡維度,0.0,男,遷出,other,0
112,11,9,樹林區,,,,無年齡維度,0.0,女,遷出,其他縣市,0
112,11,9,樹林區,,,,無年齡維度,0.0,男,遷出,其他縣市,0
112,11,9,樹林區,,,,無年齡維度,0.0,女,遷出,其他鄉鎮,86
112,11,9,樹林區,,,,無年齡維度,0.0,男,遷出,其他鄉鎮,78
112,11,9,樹林區,,,,無年齡維度,0.0,女,遷出,合計,174
112,11,9,樹林區,,,,無年齡維度,0.0,男,遷出,合計,139
112,11,9,樹林區,,,,無年齡維度,0.0,女,遷出,國外,2
112,11,9,樹林區,,,,無年齡維度,0.0,男,遷出,國外,3
112,11,9,樹林區,,,,無年齡維度,0.0,女,遷出,新北市內,0
112,11,9,樹林區,,,,無年齡維度,0.0,男,遷出,新北市內,0
112,11,9,樹林區,,,,無年齡維度,0.0,女,遷出,桃園市,32
112,11,9,樹林區,,,,無年齡維度,0.0,男,遷出,桃園市,24
112,11,9,樹林區,,,,無年齡維度,0.0,女,遷出,福建省,2
112,11,9,樹林區,,,,無年齡維度,0.0,男,遷出,福建省,3
112,11,9,樹林區,,,,無年齡維度,0.0,女,遷出,臺中市,8
112,11,9,樹林區,,,,無年齡維度,0.0,男,遷出,臺中市,4
112,11,9,樹林區,,,,無年齡維度,0.0,女,遷出,臺北市,22
112,11,9,樹林區,,,,無年齡維度,0.0,男,遷出,臺北市,13
112,11,9,樹林區,,,,無年齡維度,0.0,女,遷出,臺南市,1
112,11,9,樹林區,,,,無年齡維度,0.0,男,遷出,臺南市,0
112,11,9,樹林區,,,,無年齡維度,0.0,女,遷出,臺灣省,15
112,11,9,樹林區,,,,無年齡維度,0.0,男,遷出,臺灣省,13
112,11,9,樹林區,,,,無年齡維度,0.0,女,遷出,高雄市,6
112,11,9,樹林區,,,,無年齡維度,0.0,男,遷出,高雄市,0
112,11,10,鶯歌區,,,,無年齡維度,0.0,女,遷入,migrants,326
112,11,10,鶯歌區,,,,無年齡維度,0.0,男,遷入,migrants,280
112,11,10,鶯歌區,,,,無年齡維度,0.0,女,遷入,other,0
112,11,10,鶯歌區,,,,無年齡維度,0.0,男,遷入,other,0
112,11,10,鶯歌區,,,,無年齡維度,0.0,女,遷入,其他縣市,0
112,11,10,鶯歌區,,,,無年齡維度,0.0,男,遷入,其他縣市,0
112,11,10,鶯歌區,,,,無年齡維度,0.0,女,遷入,其他鄉鎮,122
112,11,10,鶯歌區,,,,無年齡維度,0.0,男,遷入,其他鄉鎮,122
112,11,10,鶯歌區,,,,無年齡維度,0.0,女,遷入,合計,488
112,11,10,鶯歌區,,,,無年齡維度,0.0,男,遷入,合計,413
112,11,10,鶯歌區,,,,無年齡維度,0.0,女,遷入,國外,90
112,11,10,鶯歌區,,,,無年齡維度,0.0,男,遷入,國外,74
112,11,10,鶯歌區,,,,無年齡維度,0.0,女,遷入,新北市內,0
112,11,10,鶯歌區,,,,無年齡維度,0.0,男,遷入,新北市內,0
112,11,10,鶯歌區,,,,無年齡維度,0.0,女,遷入,桃園市,23
112,11,10,鶯歌區,,,,無年齡維度,0.0,男,遷入,桃園市,24
112,11,10,鶯歌區,,,,無年齡維度,0.0,女,遷入,福建省,2
112,11,10,鶯歌區,,,,無年齡維度,0.0,男,遷入,福建省,1
112,11,10,鶯歌區,,,,無年齡維度,0.0,女,遷入,臺中市,10
112,11,10,鶯歌區,,,,無年齡維度,0.0,男,遷入,臺中市,5
112,11,10,鶯歌區,,,,無年齡維度,0.0,女,遷入,臺北市,170
112,11,10,鶯歌區,,,,無年齡維度,0.0,男,遷入,臺北市,139
112,11,10,鶯歌區,,,,無年齡維度,0.0,女,遷入,臺南市,9
112,11,10,鶯歌區,,,,無年齡維度,0.0,男,遷入,臺南市,5
112,11,10,鶯歌區,,,,無年齡維度,0.0,女,遷入,臺灣省,41
112,11,10,鶯歌區,,,,無年齡維度,0.0,男,遷入,臺灣省,33
112,11,10,鶯歌區,,,,無年齡維度,0.0,女,遷入,高雄市,9
112,11,10,鶯歌區,,,,無年齡維度,0.0,男,遷入,高雄市,3
112,11,10,鶯歌區,,,,無年齡維度,0.0,女,遷出,migrants,326
112,11,10,鶯歌區,,,,無年齡維度,0.0,男,遷出,migrants,280
112,11,10,鶯歌區,,,,無年齡維度,0.0,女,遷出,other,0
112,11,10,鶯歌區,,,,無年齡維度,0.0,男,遷出,other,0
112,11,10,鶯歌區,,,,無年齡維度,0.0,女,遷出,其他縣市,0
112,11,10,鶯歌區,,,,無年齡維度,0.0,男,遷出,其他縣市,0
112,11,10,鶯歌區,,,,無年齡維度,0.0,女,遷出,其他鄉鎮,73
112,11,10,鶯歌區,,,,無年齡維度,0.0,男,遷出,其他鄉鎮,68
112,11,10,鶯歌區,,,,無年齡維度,0.0,女,遷出,合計,270
112,11,10,鶯歌區,,,,無年齡維度,0.0,男,遷出,合計,234
112,11,10,鶯歌區,,,,無年齡維度,0.0,女,遷出,國外,24
112,11,10,鶯歌區,,,,無年齡維度,0.0,男,遷出,國外,9
112,11,10,鶯歌區,,,,無年齡維度,0.0,女,遷出,新北市內,0
112,11,10,鶯歌區,,,,無年齡維度,0.0,男,遷出,新北市內,0
112,11,10,鶯歌區,,,,無年齡維度,0.0,女,遷出,桃園市,17
112,11,10,鶯歌區,,,,無年齡維度,0.0,男,遷出,桃園市,11
112,11,10,鶯歌區,,,,無年齡維度,0.0,女,遷出,福建省,1
112,11,10,鶯歌區,,,,無年齡維度,0.0,男,遷出,福建省,1
112,11,10,鶯歌區,,,,無年齡維度,0.0,女,遷出,臺中市,14
112,11,10,鶯歌區,,,,無年齡維度,0.0,男,遷出,臺中市,10
112,11,10,鶯歌區,,,,無年齡維度,0.0,女,遷出,臺北市,105
112,11,10,鶯歌區,,,,無年齡維度,0.0,男,遷出,臺北市,90
112,11,10,鶯歌區,,,,無年齡維度,0.0,女,遷出,臺南市,6
112,11,10,鶯歌區,,,,無年齡維度,0.0,男,遷出,臺南市,7
112,11,10,鶯歌區,,,,無年齡維度,0.0,女,遷出,臺灣省,21
112,11,10,鶯歌區,,,,無年齡維度,0.0,男,遷出,臺灣省,31
112,11,10,鶯歌區,,,,無年齡維度,0.0,女,遷出,高雄市,9
112,11,10,鶯歌區,,,,無年齡維度,0.0,男,遷出,高雄市,7
112,11,11,三峽區,,,,無年齡維度,0.0,女,遷入,migrants,229
112,11,11,三峽區,,,,無年齡維度,0.0,男,遷入,migrants,242
112,11,11,三峽區,,,,無年齡維度,0.0,女,遷入,other,0
112,11,11,三峽區,,,,無年齡維度,0.0,男,遷入,other,0
112,11,11,三峽區,,,,無年齡維度,0.0,女,遷入,其他縣市,0
112,11,11,三峽區,,,,無年齡維度,0.0,男,遷入,其他縣市,0
112,11,11,三峽區,,,,無年齡維度,0.0,女,遷入,其他鄉鎮,61
112,11,11,三峽區,,,,無年齡維度,0.0,男,遷入,其他鄉鎮,40
112,11,11,三峽區,,,,無年齡維度,0.0,女,遷入,合計,431
112,11,11,三峽區,,,,無年齡維度,0.0,男,遷入,合計,340
112,11,11,三峽區,,,,無年齡維度,0.0,女,遷入,國外,59
112,11,11,三峽區,,,,無年齡維度,0.0,男,遷入,國外,45
112,11,11,三峽區,,,,無年齡維度,0.0,女,遷入,新北市內,0
112,11,11,三峽區,,,,無年齡維度,0.0,男,遷入,新北市內,0
112,11,11,三峽區,,,,無年齡維度,0.0,女,遷入,桃園市,21
112,11,11,三峽區,,,,無年齡維度,0.0,男,遷入,桃園市,9
112,11,11,三峽區,,,,無年齡維度,0.0,女,遷入,福建省,1
112,11,11,三峽區,,,,無年齡維度,0.0,男,遷入,福建省,4
112,11,11,三峽區,,,,無年齡維度,0.0,女,遷入,臺中市,3
112,11,11,三峽區,,,,無年齡維度,0.0,男,遷入,臺中市,5
112,11,11,三峽區,,,,無年齡維度,0.0,女,遷入,臺北市,202
112,11,11,三峽區,,,,無年齡維度,0.0,男,遷入,臺北市,168
112,11,11,三峽區,,,,無年齡維度,0.0,女,遷入,臺南市,7
112,11,11,三峽區,,,,無年齡維度,0.0,男,遷入,臺南市,2
112,11,11,三峽區,,,,無年齡維度,0.0,女,遷入,臺灣省,62
112,11,11,三峽區,,,,無年齡維度,0.0,男,遷入,臺灣省,56
112,11,11,三峽區,,,,無年齡維度,0.0,女,遷入,高雄市,7
112,11,11,三峽區,,,,無年齡維度,0.0,男,遷入,高雄市,5
112,11,11,三峽區,,,,無年齡維度,0.0,女,遷出,migrants,229
112,11,11,三峽區,,,,無年齡維度,0.0,男,遷出,migrants,242
112,11,11,三峽區,,,,無年齡維度,0.0,女,遷出,other,0
112,11,11,三峽區,,,,無年齡維度,0.0,男,遷出,other,0
112,11,11,三峽區,,,,無年齡維度,0.0,女,遷出,其他縣市,0
112,11,11,三峽區,,,,無年齡維度,0.0,男,遷出,其他縣市,0
112,11,11,三峽區,,,,無年齡維度,0.0,女,遷出,其他鄉鎮,66
112,11,11,三峽區,,,,無年齡維度,0.0,男,遷出,其他鄉鎮,52
112,11,11,三峽區,,,,無年齡維度,0.0,女,遷出,合計,345
112,11,11,三峽區,,,,無年齡維度,0.0,男,遷出,合計,273
112,11,11,三峽區,,,,無年齡維度,0.0,女,遷出,國外,14
112,11,11,三峽區,,,,無年齡維度,0.0,男,遷出,國外,9
112,11,11,三峽區,,,,無年齡維度,0.0,女,遷出,新北市內,0
112,11,11,三峽區,,,,無年齡維度,0.0,男,遷出,新北市內,0
112,11,11,三峽區,,,,無年齡維度,0.0,女,遷出,桃園市,23
112,11,11,三峽區,,,,無年齡維度,0.0,男,遷出,桃園市,29
112,11,11,三峽區,,,,無年齡維度,0.0,女,遷出,福建省,0
112,11,11,三峽區,,,,無年齡維度,0.0,男,遷出,福建省,1
112,11,11,三峽區,,,,無年齡維度,0.0,女,遷出,臺中市,7
112,11,11,三峽區,,,,無年齡維度,0.0,男,遷出,臺中市,9
112,11,11,三峽區,,,,無年齡維度,0.0,女,遷出,臺北市,140
112,11,11,三峽區,,,,無年齡維度,0.0,男,遷出,臺北市,96
112,11,11,三峽區,,,,無年齡維度,0.0,女,遷出,臺南市,7
112,11,11,三峽區,,,,無年齡維度,0.0,男,遷出,臺南市,7
112,11,11,三峽區,,,,無年齡維度,0.0,女,遷出,臺灣省,66
112,11,11,三峽區,,,,無年齡維度,0.0,男,遷出,臺灣省,59
112,11,11,三峽區,,,,無年齡維度,0.0,女,遷出,高雄市,21
112,11,11,三峽區,,,,無年齡維度,0.0,男,遷出,高雄市,10
112,11,12,淡水區,,,,無年齡維度,0.0,女,遷入,migrants,23
112,11,12,淡水區,,,,無年齡維度,0.0,男,遷入,migrants,18
112,11,12,淡水區,,,,無年齡維度,0.0,女,遷入,other,0
112,11,12,淡水區,,,,無年齡維度,0.0,男,遷入,other,0
112,11,12,淡水區,,,,無年齡維度,0.0,女,遷入,其他縣市,0
112,11,12,淡水區,,,,無年齡維度,0.0,男,遷入,其他縣市,0
112,11,12,淡水區,,,,無年齡維度,0.0,女,遷入,其他鄉鎮,8
112,11,12,淡水區,,,,無年齡維度,0.0,男,遷入,其他鄉鎮,8
112,11,12,淡水區,,,,無年齡維度,0.0,女,遷入,合計,35
112,11,12,淡水區,,,,無年齡維度,0.0,男,遷入,合計,37
112,11,12,淡水區,,,,無年齡維度,0.0,女,遷入,國外,0
112,11,12,淡水區,,,,無年齡維度,0.0,男,遷入,國外,0
112,11,12,淡水區,,,,無年齡維度,0.0,女,遷入,新北市內,0
112,11,12,淡水區,,,,無年齡維度,0.0,男,遷入,新北市內,0
112,11,12,淡水區,,,,無年齡維度,0.0,女,遷入,桃園市,2
112,11,12,淡水區,,,,無年齡維度,0.0,男,遷入,桃園市,2
112,11,12,淡水區,,,,無年齡維度,0.0,女,遷入,福建省,0
112,11,12,淡水區,,,,無年齡維度,0.0,男,遷入,福建省,2
112,11,12,淡水區,,,,無年齡維度,0.0,女,遷入,臺中市,0
112,11,12,淡水區,,,,無年齡維度,0.0,男,遷入,臺中市,1
112,11,12,淡水區,,,,無年齡維度,0.0,女,遷入,臺北市,4
112,11,12,淡水區,,,,無年齡維度,0.0,男,遷入,臺北市,2
112,11,12,淡水區,,,,無年齡維度,0.0,女,遷入,臺南市,0
112,11,12,淡水區,,,,無年齡維度,0.0,男,遷入,臺南市,1
112,11,12,淡水區,,,,無年齡維度,0.0,女,遷入,臺灣省,20
112,11,12,淡水區,,,,無年齡維度,0.0,男,遷入,臺灣省,21
112,11,12,淡水區,,,,無年齡維度,0.0,女,遷入,高雄市,0
112,11,12,淡水區,,,,無年齡維度,0.0,男,遷入,高雄市,0
112,11,12,淡水區,,,,無年齡維度,0.0,女,遷出,migrants,23
112,11,12,淡水區,,,,無年齡維度,0.0,男,遷出,migrants,18
112,11,12,淡水區,,,,無年齡維度,0.0,女,遷出,other,0
112,11,12,淡水區,,,,無年齡維度,0.0,男,遷出,other,0
112,11,12,淡水區,,,,無年齡維度,0.0,女,遷出,其他縣市,0
112,11,12,淡水區,,,,無年齡維度,0.0,男,遷出,其他縣市,0
112,11,12,淡水區,,,,無年齡維度,0.0,女,遷出,其他鄉鎮,7
112,11,12,淡水區,,,,無年齡維度,0.0,男,遷出,其他鄉鎮,11
112,11,12,淡水區,,,,無年齡維度,0.0,女,遷出,合計,44
112,11,12,淡水區,,,,無年齡維度,0.0,男,遷出,合計,44
112,11,12,淡水區,,,,無年齡維度,0.0,女,遷出,國外,0
112,11,12,淡水區,,,,無年齡維度,0.0,男,遷出,國外,0
112,11,12,淡水區,,,,無年齡維度,0.0,女,遷出,新北市內,0
112,11,12,淡水區,,,,無年齡維度,0.0,男,遷出,新北市內,0
112,11,12,淡水區,,,,無年齡維度,0.0,女,遷出,桃園市,6
112,11,12,淡水區,,,,無年齡維度,0.0,男,遷出,桃園市,4
112,11,12,淡水區,,,,無年齡維度,0.0,女,遷出,福建省,1
112,11,12,淡水區,,,,無年齡維度,0.0,男,遷出,福建省,0
112,11,12,淡水區,,,,無年齡維度,0.0,女,遷出,臺中市,1
112,11,12,淡水區,,,,無年齡維度,0.0,男,遷出,臺中市,2
112,11,12,淡水區,,,,無年齡維度,0.0,女,遷出,臺北市,4
112,11,12,淡水區,,,,無年齡維度,0.0,男,遷出,臺北市,7
112,11,12,淡水區,,,,無年齡維度,0.0,女,遷出,臺南市,2
112,11,12,淡水區,,,,無年齡維度,0.0,男,遷出,臺南市,1
112,11,12,淡水區,,,,無年齡維度,0.0,女,遷出,臺灣省,23
112,11,12,淡水區,,,,無年齡維度,0.0,男,遷出,臺灣省,19
112,11,12,淡水區,,,,無年齡維度,0.0,女,遷出,高雄市,0
112,11,12,淡水區,,,,無年齡維度,0.0,男,遷出,高雄市,0
112,11,13,汐止區,,,,無年齡維度,0.0,女,遷入,migrants,277
112,11,13,汐止區,,,,無年齡維度,0.0,男,遷入,migrants,237
112,11,13,汐止區,,,,無年齡維度,0.0,女,遷入,other,0
112,11,13,汐止區,,,,無年齡維度,0.0,男,遷入,other,0
112,11,13,汐止區,,,,無年齡維度,0.0,女,遷入,其他縣市,0
112,11,13,汐止區,,,,無年齡維度,0.0,男,遷入,其他縣市,0
112,11,13,汐止區,,,,無年齡維度,0.0,女,遷入,其他鄉鎮,186
112,11,13,汐止區,,,,無年齡維度,0.0,男,遷入,其他鄉鎮,155
112,11,13,汐止區,,,,無年齡維度,0.0,女,遷入,合計,366
112,11,13,汐止區,,,,無年齡維度,0.0,男,遷入,合計,285
112,11,13,汐止區,,,,無年齡維度,0.0,女,遷入,國外,43
112,11,13,汐止區,,,,無年齡維度,0.0,男,遷入,國外,24
112,11,13,汐止區,,,,無年齡維度,0.0,女,遷入,新北市內,0
112,11,13,汐止區,,,,無年齡維度,0.0,男,遷入,新北市內,0
112,11,13,汐止區,,,,無年齡維度,0.0,女,遷入,桃園市,23
112,11,13,汐止區,,,,無年齡維度,0.0,男,遷入,桃園市,19
112,11,13,汐止區,,,,無年齡維度,0.0,女,遷入,福建省,1
112,11,13,汐止區,,,,無年齡維度,0.0,男,遷入,福建省,4
112,11,13,汐止區,,,,無年齡維度,0.0,女,遷入,臺中市,8
112,11,13,汐止區,,,,無年齡維度,0.0,男,遷入,臺中市,5
112,11,13,汐止區,,,,無年齡維度,0.0,女,遷入,臺北市,50
112,11,13,汐止區,,,,無年齡維度,0.0,男,遷入,臺北市,32
112,11,13,汐止區,,,,無年齡維度,0.0,女,遷入,臺南市,7
112,11,13,汐止區,,,,無年齡維度,0.0,男,遷入,臺南市,5
112,11,13,汐止區,,,,無年齡維度,0.0,女,遷入,臺灣省,34
112,11,13,汐止區,,,,無年齡維度,0.0,男,遷入,臺灣省,33
112,11,13,汐止區,,,,無年齡維度,0.0,女,遷入,高雄市,6
112,11,13,汐止區,,,,無年齡維度,0.0,男,遷入,高雄市,4
112,11,13,汐止區,,,,無年齡維度,0.0,女,遷出,migrants,277
112,11,13,汐止區,,,,無年齡維度,0.0,男,遷出,migrants,237
112,11,13,汐止區,,,,無年齡維度,0.0,女,遷出,other,0
112,11,13,汐止區,,,,無年齡維度,0.0,男,遷出,other,0
112,11,13,汐止區,,,,無年齡維度,0.0,女,遷出,其他縣市,0
112,11,13,汐止區,,,,無年齡維度,0.0,男,遷出,其他縣市,0
112,11,13,汐止區,,,,無年齡維度,0.0,女,遷出,其他鄉鎮,159
112,11,13,汐止區,,,,無年齡維度,0.0,男,遷出,其他鄉鎮,122
112,11,13,汐止區,,,,無年齡維度,0.0,女,遷出,合計,287
112,11,13,汐止區,,,,無年齡維度,0.0,男,遷出,合計,245
112,11,13,汐止區,,,,無年齡維度,0.0,女,遷出,國外,7
112,11,13,汐止區,,,,無年齡維度,0.0,男,遷出,國外,7
112,11,13,汐止區,,,,無年齡維度,0.0,女,遷出,新北市內,0
112,11,13,汐止區,,,,無年齡維度,0.0,男,遷出,新北市內,0
112,11,13,汐止區,,,,無年齡維度,0.0,女,遷出,桃園市,34
112,11,13,汐止區,,,,無年齡維度,0.0,男,遷出,桃園市,31
112,11,13,汐止區,,,,無年齡維度,0.0,女,遷出,福建省,2
112,11,13,汐止區,,,,無年齡維度,0.0,男,遷出,福建省,2
112,11,13,汐止區,,,,無年齡維度,0.0,女,遷出,臺中市,8
112,11,13,汐止區,,,,無年齡維度,0.0,男,遷出,臺中市,6
112,11,13,汐止區,,,,無年齡維度,0.0,女,遷出,臺北市,34
112,11,13,汐止區,,,,無年齡維度,0.0,男,遷出,臺北市,36
112,11,13,汐止區,,,,無年齡維度,0.0,女,遷出,臺南市,5
112,11,13,汐止區,,,,無年齡維度,0.0,男,遷出,臺南市,4
112,11,13,汐止區,,,,無年齡維度,0.0,女,遷出,臺灣省,32
112,11,13,汐止區,,,,無年齡維度,0.0,男,遷出,臺灣省,37
112,11,13,汐止區,,,,無年齡維度,0.0,女,遷出,高雄市,6
112,11,13,汐止區,,,,無年齡維度,0.0,男,遷出,高雄市,0
112,11,14,瑞芳區,,,,無年齡維度,0.0,女,遷入,migrants,225
112,11,14,瑞芳區,,,,無年齡維度,0.0,男,遷入,migrants,186
112,11,14,瑞芳區,,,,無年齡維度,0.0,女,遷入,other,0
112,11,14,瑞芳區,,,,無年齡維度,0.0,男,遷入,other,0
112,11,14,瑞芳區,,,,無年齡維度,0.0,女,遷入,其他縣市,0
112,11,14,瑞芳區,,,,無年齡維度,0.0,男,遷入,其他縣市,0
112,11,14,瑞芳區,,,,無年齡維度,0.0,女,遷入,其他鄉鎮,143
112,11,14,瑞芳區,,,,無年齡維度,0.0,男,遷入,其他鄉鎮,126
112,11,14,瑞芳區,,,,無年齡維度,0.0,女,遷入,合計,313
112,11,14,瑞芳區,,,,無年齡維度,0.0,男,遷入,合計,274
112,11,14,瑞芳區,,,,無年齡維度,0.0,女,遷入,國外,18
112,11,14,瑞芳區,,,,無年齡維度,0.0,男,遷入,國外,18
112,11,14,瑞芳區,,,,無年齡維度,0.0,女,遷入,新北市內,0
112,11,14,瑞芳區,,,,無年齡維度,0.0,男,遷入,新北市內,0
112,11,14,瑞芳區,,,,無年齡維度,0.0,女,遷入,桃園市,11
112,11,14,瑞芳區,,,,無年齡維度,0.0,男,遷入,桃園市,17
112,11,14,瑞芳區,,,,無年齡維度,0.0,女,遷入,福建省,2
112,11,14,瑞芳區,,,,無年齡維度,0.0,男,遷入,福建省,0
112,11,14,瑞芳區,,,,無年齡維度,0.0,女,遷入,臺中市,3
112,11,14,瑞芳區,,,,無年齡維度,0.0,男,遷入,臺中市,8
112,11,14,瑞芳區,,,,無年齡維度,0.0,女,遷入,臺北市,89
112,11,14,瑞芳區,,,,無年齡維度,0.0,男,遷入,臺北市,71
112,11,14,瑞芳區,,,,無年齡維度,0.0,女,遷入,臺南市,3
112,11,14,瑞芳區,,,,無年齡維度,0.0,男,遷入,臺南市,2
112,11,14,瑞芳區,,,,無年齡維度,0.0,女,遷入,臺灣省,26
112,11,14,瑞芳區,,,,無年齡維度,0.0,男,遷入,臺灣省,27
112,11,14,瑞芳區,,,,無年齡維度,0.0,女,遷入,高雄市,8
112,11,14,瑞芳區,,,,無年齡維度,0.0,男,遷入,高雄市,1
112,11,14,瑞芳區,,,,無年齡維度,0.0,女,遷出,migrants,225
112,11,14,瑞芳區,,,,無年齡維度,0.0,男,遷出,migrants,186
112,11,14,瑞芳區,,,,無年齡維度,0.0,女,遷出,other,0
112,11,14,瑞芳區,,,,無年齡維度,0.0,男,遷出,other,0
112,11,14,瑞芳區,,,,無年齡維度,0.0,女,遷出,其他縣市,0
112,11,14,瑞芳區,,,,無年齡維度,0.0,男,遷出,其他縣市,0
112,11,14,瑞芳區,,,,無年齡維度,0.0,女,遷出,其他鄉鎮,186
112,11,14,瑞芳區,,,,無年齡維度,0.0,男,遷出,其他鄉鎮,139
112,11,14,瑞芳區,,,,無年齡維度,0.0,女,遷出,合計,363
112,11,14,瑞芳區,,,,無年齡維度,0.0,男,遷出,合計,266
112,11,14,瑞芳區,,,,無年齡維度,0.0,女,遷出,國外,5
112,11,14,瑞芳區,,,,無年齡維度,0.0,男,遷出,國外,6
112,11,14,瑞芳區,,,,無年齡維度,0.0,女,遷出,新北市內,0
112,11,14,瑞芳區,,,,無年齡維度,0.0,男,遷出,新北市內,0
112,11,14,瑞芳區,,,,無年齡維度,0.0,女,遷出,桃園市,35
112,11,14,瑞芳區,,,,無年齡維度,0.0,男,遷出,桃園市,18
112,11,14,瑞芳區,,,,無年齡維度,0.0,女,遷出,福建省,1
112,11,14,瑞芳區,,,,無年齡維度,0.0,男,遷出,福建省,2
112,11,14,瑞芳區,,,,無年齡維度,0.0,女,遷出,臺中市,6
112,11,14,瑞芳區,,,,無年齡維度,0.0,男,遷出,臺中市,3
112,11,14,瑞芳區,,,,無年齡維度,0.0,女,遷出,臺北市,87
112,11,14,瑞芳區,,,,無年齡維度,0.0,男,遷出,臺北市,58
112,11,14,瑞芳區,,,,無年齡維度,0.0,女,遷出,臺南市,4
112,11,14,瑞芳區,,,,無年齡維度,0.0,男,遷出,臺南市,3
112,11,14,瑞芳區,,,,無年齡維度,0.0,女,遷出,臺灣省,36
112,11,14,瑞芳區,,,,無年齡維度,0.0,男,遷出,臺灣省,36
112,11,14,瑞芳區,,,,無年齡維度,0.0,女,遷出,高雄市,3
112,11,14,瑞芳區,,,,無年齡維度,0.0,男,遷出,高雄市,1
112,11,15,五股區,,,,無年齡維度,0.0,女,遷入,migrants,108
112,11,15,五股區,,,,無年齡維度,0.0,男,遷入,migrants,103
112,11,15,五股區,,,,無年齡維度,0.0,女,遷入,other,0
112,11,15,五股區,,,,無年齡維度,0.0,男,遷入,other,0
112,11,15,五股區,,,,無年齡維度,0.0,女,遷入,其他縣市,0
112,11,15,五股區,,,,無年齡維度,0.0,男,遷入,其他縣市,0
112,11,15,五股區,,,,無年齡維度,0.0,女,遷入,其他鄉鎮,145
112,11,15,五股區,,,,無年齡維度,0.0,男,遷入,其他鄉鎮,117
112,11,15,五股區,,,,無年齡維度,0.0,女,遷入,合計,229
112,11,15,五股區,,,,無年齡維度,0.0,男,遷入,合計,189
112,11,15,五股區,,,,無年齡維度,0.0,女,遷入,國外,8
112,11,15,五股區,,,,無年齡維度,0.0,男,遷入,國外,9
112,11,15,五股區,,,,無年齡維度,0.0,女,遷入,新北市內,0
112,11,15,五股區,,,,無年齡維度,0.0,男,遷入,新北市內,0
112,11,15,五股區,,,,無年齡維度,0.0,女,遷入,桃園市,14
112,11,15,五股區,,,,無年齡維度,0.0,男,遷入,桃園市,9
112,11,15,五股區,,,,無年齡維度,0.0,女,遷入,福建省,2
112,11,15,五股區,,,,無年齡維度,0.0,男,遷入,福建省,1
112,11,15,五股區,,,,無年齡維度,0.0,女,遷入,臺中市,1
112,11,15,五股區,,,,無年齡維度,0.0,男,遷入,臺中市,4
112,11,15,五股區,,,,無年齡維度,0.0,女,遷入,臺北市,34
112,11,15,五股區,,,,無年齡維度,0.0,男,遷入,臺北市,30
112,11,15,五股區,,,,無年齡維度,0.0,女,遷入,臺南市,1
112,11,15,五股區,,,,無年齡維度,0.0,男,遷入,臺南市,1
112,11,15,五股區,,,,無年齡維度,0.0,女,遷入,臺灣省,19
112,11,15,五股區,,,,無年齡維度,0.0,男,遷入,臺灣省,16
112,11,15,五股區,,,,無年齡維度,0.0,女,遷入,高雄市,4
112,11,15,五股區,,,,無年齡維度,0.0,男,遷入,高雄市,2
112,11,15,五股區,,,,無年齡維度,0.0,女,遷出,migrants,108
112,11,15,五股區,,,,無年齡維度,0.0,男,遷出,migrants,103
112,11,15,五股區,,,,無年齡維度,0.0,女,遷出,other,0
112,11,15,五股區,,,,無年齡維度,0.0,男,遷出,other,0
112,11,15,五股區,,,,無年齡維度,0.0,女,遷出,其他縣市,0
112,11,15,五股區,,,,無年齡維度,0.0,男,遷出,其他縣市,0
112,11,15,五股區,,,,無年齡維度,0.0,女,遷出,其他鄉鎮,113
112,11,15,五股區,,,,無年齡維度,0.0,男,遷出,其他鄉鎮,86
112,11,15,五股區,,,,無年齡維度,0.0,女,遷出,合計,181
112,11,15,五股區,,,,無年齡維度,0.0,男,遷出,合計,160
112,11,15,五股區,,,,無年齡維度,0.0,女,遷出,國外,2
112,11,15,五股區,,,,無年齡維度,0.0,男,遷出,國外,0
112,11,15,五股區,,,,無年齡維度,0.0,女,遷出,新北市內,0
112,11,15,五股區,,,,無年齡維度,0.0,男,遷出,新北市內,0
112,11,15,五股區,,,,無年齡維度,0.0,女,遷出,桃園市,19
112,11,15,五股區,,,,無年齡維度,0.0,男,遷出,桃園市,26
112,11,15,五股區,,,,無年齡維度,0.0,女,遷出,福建省,1
112,11,15,五股區,,,,無年齡維度,0.0,男,遷出,福建省,0
112,11,15,五股區,,,,無年齡維度,0.0,女,遷出,臺中市,5
112,11,15,五股區,,,,無年齡維度,0.0,男,遷出,臺中市,5
112,11,15,五股區,,,,無年齡維度,0.0,女,遷出,臺北市,16
112,11,15,五股區,,,,無年齡維度,0.0,男,遷出,臺北市,18
112,11,15,五股區,,,,無年齡維度,0.0,女,遷出,臺南市,3
112,11,15,五股區,,,,無年齡維度,0.0,男,遷出,臺南市,0
112,11,15,五股區,,,,無年齡維度,0.0,女,遷出,臺灣省,20
112,11,15,五股區,,,,無年齡維度,0.0,男,遷出,臺灣省,23
112,11,15,五股區,,,,無年齡維度,0.0,女,遷出,高雄市,2
112,11,15,五股區,,,,無年齡維度,0.0,男,遷出,高雄市,2
112,11,16,泰山區,,,,無年齡維度,0.0,女,遷入,migrants,58
112,11,16,泰山區,,,,無年齡維度,0.0,男,遷入,migrants,79
112,11,16,泰山區,,,,無年齡維度,0.0,女,遷入,other,0
112,11,16,泰山區,,,,無年齡維度,0.0,男,遷入,other,0
112,11,16,泰山區,,,,無年齡維度,0.0,女,遷入,其他縣市,0
112,11,16,泰山區,,,,無年齡維度,0.0,男,遷入,其他縣市,0
112,11,16,泰山區,,,,無年齡維度,0.0,女,遷入,其他鄉鎮,110
112,11,16,泰山區,,,,無年齡維度,0.0,男,遷入,其他鄉鎮,79
112,11,16,泰山區,,,,無年齡維度,0.0,女,遷入,合計,155
112,11,16,泰山區,,,,無年齡維度,0.0,男,遷入,合計,120
112,11,16,泰山區,,,,無年齡維度,0.0,女,遷入,國外,8
112,11,16,泰山區,,,,無年齡維度,0.0,男,遷入,國外,8
112,11,16,泰山區,,,,無年齡維度,0.0,女,遷入,新北市內,0
112,11,16,泰山區,,,,無年齡維度,0.0,男,遷入,新北市內,0
112,11,16,泰山區,,,,無年齡維度,0.0,女,遷入,桃園市,6
112,11,16,泰山區,,,,無年齡維度,0.0,男,遷入,桃園市,4
112,11,16,泰山區,,,,無年齡維度,0.0,女,遷入,福建省,0
112,11,16,泰山區,,,,無年齡維度,0.0,男,遷入,福建省,1
112,11,16,泰山區,,,,無年齡維度,0.0,女,遷入,臺中市,1
112,11,16,泰山區,,,,無年齡維度,0.0,男,遷入,臺中市,2
112,11,16,泰山區,,,,無年齡維度,0.0,女,遷入,臺北市,16
112,11,16,泰山區,,,,無年齡維度,0.0,男,遷入,臺北市,13
112,11,16,泰山區,,,,無年齡維度,0.0,女,遷入,臺南市,0
112,11,16,泰山區,,,,無年齡維度,0.0,男,遷入,臺南市,0
112,11,16,泰山區,,,,無年齡維度,0.0,女,遷入,臺灣省,7
112,11,16,泰山區,,,,無年齡維度,0.0,男,遷入,臺灣省,12
112,11,16,泰山區,,,,無年齡維度,0.0,女,遷入,高雄市,3
112,11,16,泰山區,,,,無年齡維度,0.0,男,遷入,高雄市,1
112,11,16,泰山區,,,,無年齡維度,0.0,女,遷出,migrants,58
112,11,16,泰山區,,,,無年齡維度,0.0,男,遷出,migrants,79
112,11,16,泰山區,,,,無年齡維度,0.0,女,遷出,other,0
112,11,16,泰山區,,,,無年齡維度,0.0,男,遷出,other,0
112,11,16,泰山區,,,,無年齡維度,0.0,女,遷出,其他縣市,0
112,11,16,泰山區,,,,無年齡維度,0.0,男,遷出,其他縣市,0
112,11,16,泰山區,,,,無年齡維度,0.0,女,遷出,其他鄉鎮,78
112,11,16,泰山區,,,,無年齡維度,0.0,男,遷出,其他鄉鎮,58
112,11,16,泰山區,,,,無年齡維度,0.0,女,遷出,合計,128
112,11,16,泰山區,,,,無年齡維度,0.0,男,遷出,合計,89
112,11,16,泰山區,,,,無年齡維度,0.0,女,遷出,國外,2
112,11,16,泰山區,,,,無年齡維度,0.0,男,遷出,國外,1
112,11,16,泰山區,,,,無年齡維度,0.0,女,遷出,新北市內,0
112,11,16,泰山區,,,,無年齡維度,0.0,男,遷出,新北市內,0
112,11,16,泰山區,,,,無年齡維度,0.0,女,遷出,桃園市,16
112,11,16,泰山區,,,,無年齡維度,0.0,男,遷出,桃園市,8
112,11,16,泰山區,,,,無年齡維度,0.0,女,遷出,福建省,0
112,11,16,泰山區,,,,無年齡維度,0.0,男,遷出,福建省,0
112,11,16,泰山區,,,,無年齡維度,0.0,女,遷出,臺中市,3
112,11,16,泰山區,,,,無年齡維度,0.0,男,遷出,臺中市,2
112,11,16,泰山區,,,,無年齡維度,0.0,女,遷出,臺北市,13
112,11,16,泰山區,,,,無年齡維度,0.0,男,遷出,臺北市,14
112,11,16,泰山區,,,,無年齡維度,0.0,女,遷出,臺南市,0
112,11,16,泰山區,,,,無年齡維度,0.0,男,遷出,臺南市,0
112,11,16,泰山區,,,,無年齡維度,0.0,女,遷出,臺灣省,14
112,11,16,泰山區,,,,無年齡維度,0.0,男,遷出,臺灣省,6
112,11,16,泰山區,,,,無年齡維度,0.0,女,遷出,高雄市,2
112,11,16,泰山區,,,,無年齡維度,0.0,男,遷出,高雄市,0
112,11,17,林口區,,,,無年齡維度,0.0,女,遷入,migrants,229
112,11,17,林口區,,,,無年齡維度,0.0,男,遷入,migrants,208
112,11,17,林口區,,,,無年齡維度,0.0,女,遷入,other,0
112,11,17,林口區,,,,無年齡維度,0.0,男,遷入,other,0
112,11,17,林口區,,,,無年齡維度,0.0,女,遷入,其他縣市,0
112,11,17,林口區,,,,無年齡維度,0.0,男,遷入,其他縣市,0
112,11,17,林口區,,,,無年齡維度,0.0,女,遷入,其他鄉鎮,90
112,11,17,林口區,,,,無年齡維度,0.0,男,遷入,其他鄉鎮,88
112,11,17,林口區,,,,無年齡維度,0.0,女,遷入,合計,350
112,11,17,林口區,,,,無年齡維度,0.0,男,遷入,合計,300
112,11,17,林口區,,,,無年齡維度,0.0,女,遷入,國外,53
112,11,17,林口區,,,,無年齡維度,0.0,男,遷入,國外,39
112,11,17,林口區,,,,無年齡維度,0.0,女,遷入,新北市內,0
112,11,17,林口區,,,,無年齡維度,0.0,男,遷入,新北市內,0
112,11,17,林口區,,,,無年齡維度,0.0,女,遷入,桃園市,84
112,11,17,林口區,,,,無年齡維度,0.0,男,遷入,桃園市,58
112,11,17,林口區,,,,無年齡維度,0.0,女,遷入,福建省,1
112,11,17,林口區,,,,無年齡維度,0.0,男,遷入,福建省,0
112,11,17,林口區,,,,無年齡維度,0.0,女,遷入,臺中市,15
112,11,17,林口區,,,,無年齡維度,0.0,男,遷入,臺中市,9
112,11,17,林口區,,,,無年齡維度,0.0,女,遷入,臺北市,60
112,11,17,林口區,,,,無年齡維度,0.0,男,遷入,臺北市,66
112,11,17,林口區,,,,無年齡維度,0.0,女,遷入,臺南市,8
112,11,17,林口區,,,,無年齡維度,0.0,男,遷入,臺南市,1
112,11,17,林口區,,,,無年齡維度,0.0,女,遷入,臺灣省,24
112,11,17,林口區,,,,無年齡維度,0.0,男,遷入,臺灣省,19
112,11,17,林口區,,,,無年齡維度,0.0,女,遷入,高雄市,5
112,11,17,林口區,,,,無年齡維度,0.0,男,遷入,高雄市,14
112,11,17,林口區,,,,無年齡維度,0.0,女,遷出,migrants,229
112,11,17,林口區,,,,無年齡維度,0.0,男,遷出,migrants,208
112,11,17,林口區,,,,無年齡維度,0.0,女,遷出,other,0
112,11,17,林口區,,,,無年齡維度,0.0,男,遷出,other,0
112,11,17,林口區,,,,無年齡維度,0.0,女,遷出,其他縣市,0
112,11,17,林口區,,,,無年齡維度,0.0,男,遷出,其他縣市,0
112,11,17,林口區,,,,無年齡維度,0.0,女,遷出,其他鄉鎮,40
112,11,17,林口區,,,,無年齡維度,0.0,男,遷出,其他鄉鎮,46
112,11,17,林口區,,,,無年齡維度,0.0,女,遷出,合計,172
112,11,17,林口區,,,,無年齡維度,0.0,男,遷出,合計,179
112,11,17,林口區,,,,無年齡維度,0.0,女,遷出,國外,6
112,11,17,林口區,,,,無年齡維度,0.0,男,遷出,國外,6
112,11,17,林口區,,,,無年齡維度,0.0,女,遷出,新北市內,0
112,11,17,林口區,,,,無年齡維度,0.0,男,遷出,新北市內,0
112,11,17,林口區,,,,無年齡維度,0.0,女,遷出,桃園市,63
112,11,17,林口區,,,,無年齡維度,0.0,男,遷出,桃園市,61
112,11,17,林口區,,,,無年齡維度,0.0,女,遷出,福建省,0
112,11,17,林口區,,,,無年齡維度,0.0,男,遷出,福建省,1
112,11,17,林口區,,,,無年齡維度,0.0,女,遷出,臺中市,4
112,11,17,林口區,,,,無年齡維度,0.0,男,遷出,臺中市,8
112,11,17,林口區,,,,無年齡維度,0.0,女,遷出,臺北市,27
112,11,17,林口區,,,,無年齡維度,0.0,男,遷出,臺北市,34
112,11,17,林口區,,,,無年齡維度,0.0,女,遷出,臺南市,1
112,11,17,林口區,,,,無年齡維度,0.0,男,遷出,臺南市,3
112,11,17,林口區,,,,無年齡維度,0.0,女,遷出,臺灣省,24
112,11,17,林口區,,,,無年齡維度,0.0,男,遷出,臺灣省,15
112,11,17,林口區,,,,無年齡維度,0.0,女,遷出,高雄市,7
112,11,17,林口區,,,,無年齡維度,0.0,男,遷出,高雄市,5
112,11,18,八里區,,,,無年齡維度,0.0,女,遷入,migrants,19
112,11,18,八里區,,,,無年齡維度,0.0,男,遷入,migrants,15
112,11,18,八里區,,,,無年齡維度,0.0,女,遷入,other,0
112,11,18,八里區,,,,無年齡維度,0.0,男,遷入,other,0
112,11,18,八里區,,,,無年齡維度,0.0,女,遷入,其他縣市,0
112,11,18,八里區,,,,無年齡維度,0.0,男,遷入,其他縣市,0
112,11,18,八里區,,,,無年齡維度,0.0,女,遷入,其他鄉鎮,6
112,11,18,八里區,,,,無年齡維度,0.0,男,遷入,其他鄉鎮,8
112,11,18,八里區,,,,無年齡維度,0.0,女,遷入,合計,39
112,11,18,八里區,,,,無年齡維度,0.0,男,遷入,合計,38
112,11,18,八里區,,,,無年齡維度,0.0,女,遷入,國外,7
112,11,18,八里區,,,,無年齡維度,0.0,男,遷入,國外,4
112,11,18,八里區,,,,無年齡維度,0.0,女,遷入,新北市內,0
112,11,18,八里區,,,,無年齡維度,0.0,男,遷入,新北市內,0
112,11,18,八里區,,,,無年齡維度,0.0,女,遷入,桃園市,0
112,11,18,八里區,,,,無年齡維度,0.0,男,遷入,桃園市,1
112,11,18,八里區,,,,無年齡維度,0.0,女,遷入,福建省,1
112,11,18,八里區,,,,無年齡維度,0.0,男,遷入,福建省,1
112,11,18,八里區,,,,無年齡維度,0.0,女,遷入,臺中市,0
112,11,18,八里區,,,,無年齡維度,0.0,男,遷入,臺中市,0
112,11,18,八里區,,,,無年齡維度,0.0,女,遷入,臺北市,19
112,11,18,八里區,,,,無年齡維度,0.0,男,遷入,臺北市,21
112,11,18,八里區,,,,無年齡維度,0.0,女,遷入,臺南市,0
112,11,18,八里區,,,,無年齡維度,0.0,男,遷入,臺南市,0
112,11,18,八里區,,,,無年齡維度,0.0,女,遷入,臺灣省,5
112,11,18,八里區,,,,無年齡維度,0.0,男,遷入,臺灣省,3
112,11,18,八里區,,,,無年齡維度,0.0,女,遷入,高雄市,1
112,11,18,八里區,,,,無年齡維度,0.0,男,遷入,高雄市,0
112,11,18,八里區,,,,無年齡維度,0.0,女,遷出,migrants,19
112,11,18,八里區,,,,無年齡維度,0.0,男,遷出,migrants,15
112,11,18,八里區,,,,無年齡維度,0.0,女,遷出,other,0
112,11,18,八里區,,,,無年齡維度,0.0,男,遷出,other,0
112,11,18,八里區,,,,無年齡維度,0.0,女,遷出,其他縣市,0
112,11,18,八里區,,,,無年齡維度,0.0,男,遷出,其他縣市,0
112,11,18,八里區,,,,無年齡維度,0.0,女,遷出,其他鄉鎮,9
112,11,18,八里區,,,,無年齡維度,0.0,男,遷出,其他鄉鎮,6
112,11,18,八里區,,,,無年齡維度,0.0,女,遷出,合計,32
112,11,18,八里區,,,,無年齡維度,0.0,男,遷出,合計,22
112,11,18,八里區,,,,無年齡維度,0.0,女,遷出,國外,2
112,11,18,八里區,,,,無年齡維度,0.0,男,遷出,國外,1
112,11,18,八里區,,,,無年齡維度,0.0,女,遷出,新北市內,0
112,11,18,八里區,,,,無年齡維度,0.0,男,遷出,新北市內,0
112,11,18,八里區,,,,無年齡維度,0.0,女,遷出,桃園市,1
112,11,18,八里區,,,,無年齡維度,0.0,男,遷出,桃園市,0
112,11,18,八里區,,,,無年齡維度,0.0,女,遷出,福建省,0
112,11,18,八里區,,,,無年齡維度,0.0,男,遷出,福建省,0
112,11,18,八里區,,,,無年齡維度,0.0,女,遷出,臺中市,1
112,11,18,八里區,,,,無年齡維度,0.0,男,遷出,臺中市,1
112,11,18,八里區,,,,無年齡維度,0.0,女,遷出,臺北市,12
112,11,18,八里區,,,,無年齡維度,0.0,男,遷出,臺北市,11
112,11,18,八里區,,,,無年齡維度,0.0,女,遷出,臺南市,1
112,11,18,八里區,,,,無年齡維度,0.0,男,遷出,臺南市,0
112,11,18,八里區,,,,無年齡維度,0.0,女,遷出,臺灣省,2
112,11,18,八里區,,,,無年齡維度,0.0,男,遷出,臺灣省,2
112,11,18,八里區,,,,無年齡維度,0.0,女,遷出,高雄市,4
112,11,18,八里區,,,,無年齡維度,0.0,男,遷出,高雄市,1
112,11,19,深坑區,,,,無年齡維度,0.0,女,遷入,migrants,0
112,11,19,深坑區,,,,無年齡維度,0.0,男,遷入,migrants,0
112,11,19,深坑區,,,,無年齡維度,0.0,女,遷入,other,0
112,11,19,深坑區,,,,無年齡維度,0.0,男,遷入,other,0
112,11,19,深坑區,,,,無年齡維度,0.0,女,遷入,其他縣市,0
112,11,19,深坑區,,,,無年齡維度,0.0,男,遷入,其他縣市,0
112,11,19,深坑區,,,,無年齡維度,0.0,女,遷入,其他鄉鎮,2
112,11,19,深坑區,,,,無年齡維度,0.0,男,遷入,其他鄉鎮,2
112,11,19,深坑區,,,,無年齡維度,0.0,女,遷入,合計,3
112,11,19,深坑區,,,,無年齡維度,0.0,男,遷入,合計,3
112,11,19,深坑區,,,,無年齡維度,0.0,女,遷入,國外,0
112,11,19,深坑區,,,,無年齡維度,0.0,男,遷入,國外,1
112,11,19,深坑區,,,,無年齡維度,0.0,女,遷入,新北市內,0
112,11,19,深坑區,,,,無年齡維度,0.0,男,遷入,新北市內,0
112,11,19,深坑區,,,,無年齡維度,0.0,女,遷入,桃園市,0
112,11,19,深坑區,,,,無年齡維度,0.0,男,遷入,桃園市,0
112,11,19,深坑區,,,,無年齡維度,0.0,女,遷入,福建省,0
112,11,19,深坑區,,,,無年齡維度,0.0,男,遷入,福建省,0
112,11,19,深坑區,,,,無年齡維度,0.0,女,遷入,臺中市,0
112,11,19,深坑區,,,,無年齡維度,0.0,男,遷入,臺中市,0
112,11,19,深坑區,,,,無年齡維度,0.0,女,遷入,臺北市,1
112,11,19,深坑區,,,,無年齡維度,0.0,男,遷入,臺北市,0
112,11,19,深坑區,,,,無年齡維度,0.0,女,遷入,臺南市,0
112,11,19,深坑區,,,,無年齡維度,0.0,男,遷入,臺南市,0
112,11,19,深坑區,,,,無年齡維度,0.0,女,遷入,臺灣省,0
112,11,19,深坑區,,,,無年齡維度,0.0,男,遷入,臺灣省,0
112,11,19,深坑區,,,,無年齡維度,0.0,女,遷入,高雄市,0
112,11,19,深坑區,,,,無年齡維度,0.0,男,遷入,高雄市,0
112,11,19,深坑區,,,,無年齡維度,0.0,女,遷出,migrants,0
112,11,19,深坑區,,,,無年齡維度,0.0,男,遷出,migrants,0
112,11,19,深坑區,,,,無年齡維度,0.0,女,遷出,other,0
112,11,19,深坑區,,,,無年齡維度,0.0,男,遷出,other,0
112,11,19,深坑區,,,,無年齡維度,0.0,女,遷出,其他縣市,0
112,11,19,深坑區,,,,無年齡維度,0.0,男,遷出,其他縣市,0
112,11,19,深坑區,,,,無年齡維度,0.0,女,遷出,其他鄉鎮,5
112,11,19,深坑區,,,,無年齡維度,0.0,男,遷出,其他鄉鎮,6
112,11,19,深坑區,,,,無年齡維度,0.0,女,遷出,合計,7
112,11,19,深坑區,,,,無年齡維度,0.0,男,遷出,合計,10
112,11,19,深坑區,,,,無年齡維度,0.0,女,遷出,國外,0
112,11,19,深坑區,,,,無年齡維度,0.0,男,遷出,國外,0
112,11,19,深坑區,,,,無年齡維度,0.0,女,遷出,新北市內,0
112,11,19,深坑區,,,,無年齡維度,0.0,男,遷出,新北市內,0
112,11,19,深坑區,,,,無年齡維度,0.0,女,遷出,桃園市,0
112,11,19,深坑區,,,,無年齡維度,0.0,男,遷出,桃園市,2
112,11,19,深坑區,,,,無年齡維度,0.0,女,遷出,福建省,0
112,11,19,深坑區,,,,無年齡維度,0.0,男,遷出,福建省,0
112,11,19,深坑區,,,,無年齡維度,0.0,女,遷出,臺中市,0
112,11,19,深坑區,,,,無年齡維度,0.0,男,遷出,臺中市,0
112,11,19,深坑區,,,,無年齡維度,0.0,女,遷出,臺北市,2
112,11,19,深坑區,,,,無年齡維度,0.0,男,遷出,臺北市,1
112,11,19,深坑區,,,,無年齡維度,0.0,女,遷出,臺南市,0
112,11,19,深坑區,,,,無年齡維度,0.0,男,遷出,臺南市,0
112,11,19,深坑區,,,,無年齡維度,0.0,女,遷出,臺灣省,0
112,11,19,深坑區,,,,無年齡維度,0.0,男,遷出,臺灣省,1
112,11,19,深坑區,,,,無年齡維度,0.0,女,遷出,高雄市,0
112,11,19,深坑區,,,,無年齡維度,0.0,男,遷出,高雄市,0
112,11,20,石碇區,,,,無年齡維度,0.0,女,遷入,migrants,1
112,11,20,石碇區,,,,無年齡維度,0.0,男,遷入,migrants,2
112,11,20,石碇區,,,,無年齡維度,0.0,女,遷入,other,0
112,11,20,石碇區,,,,無年齡維度,0.0,男,遷入,other,0
112,11,20,石碇區,,,,無年齡維度,0.0,女,遷入,其他縣市,0
112,11,20,石碇區,,,,無年齡維度,0.0,男,遷入,其他縣市,0
112,11,20,石碇區,,,,無年齡維度,0.0,女,遷入,其他鄉鎮,1
112,11,20,石碇區,,,,無年齡維度,0.0,男,遷入,其他鄉鎮,0
112,11,20,石碇區,,,,無年齡維度,0.0,女,遷入,合計,1
112,11,20,石碇區,,,,無年齡維度,0.0,男,遷入,合計,1
112,11,20,石碇區,,,,無年齡維度,0.0,女,遷入,國外,0
112,11,20,石碇區,,,,無年齡維度,0.0,男,遷入,國外,0
112,11,20,石碇區,,,,無年齡維度,0.0,女,遷入,新北市內,0
112,11,20,石碇區,,,,無年齡維度,0.0,男,遷入,新北市內,0
112,11,20,石碇區,,,,無年齡維度,0.0,女,遷入,桃園市,0
112,11,20,石碇區,,,,無年齡維度,0.0,男,遷入,桃園市,0
112,11,20,石碇區,,,,無年齡維度,0.0,女,遷入,福建省,0
112,11,20,石碇區,,,,無年齡維度,0.0,男,遷入,福建省,0
112,11,20,石碇區,,,,無年齡維度,0.0,女,遷入,臺中市,0
112,11,20,石碇區,,,,無年齡維度,0.0,男,遷入,臺中市,0
112,11,20,石碇區,,,,無年齡維度,0.0,女,遷入,臺北市,0
112,11,20,石碇區,,,,無年齡維度,0.0,男,遷入,臺北市,0
112,11,20,石碇區,,,,無年齡維度,0.0,女,遷入,臺南市,0
112,11,20,石碇區,,,,無年齡維度,0.0,男,遷入,臺南市,0
112,11,20,石碇區,,,,無年齡維度,0.0,女,遷入,臺灣省,0
112,11,20,石碇區,,,,無年齡維度,0.0,男,遷入,臺灣省,1
112,11,20,石碇區,,,,無年齡維度,0.0,女,遷入,高雄市,0
112,11,20,石碇區,,,,無年齡維度,0.0,男,遷入,高雄市,0
112,11,20,石碇區,,,,無年齡維度,0.0,女,遷出,migrants,1
112,11,20,石碇區,,,,無年齡維度,0.0,男,遷出,migrants,2
112,11,20,石碇區,,,,無年齡維度,0.0,女,遷出,other,0
112,11,20,石碇區,,,,無年齡維度,0.0,男,遷出,other,0
112,11,20,石碇區,,,,無年齡維度,0.0,女,遷出,其他縣市,0
112,11,20,石碇區,,,,無年齡維度,0.0,男,遷出,其他縣市,0
112,11,20,石碇區,,,,無年齡維度,0.0,女,遷出,其他鄉鎮,1
112,11,20,石碇區,,,,無年齡維度,0.0,男,遷出,其他鄉鎮,2
112,11,20,石碇區,,,,無年齡維度,0.0,女,遷出,合計,6
112,11,20,石碇區,,,,無年齡維度,0.0,男,遷出,合計,4
112,11,20,石碇區,,,,無年齡維度,0.0,女,遷出,國外,0
112,11,20,石碇區,,,,無年齡維度,0.0,男,遷出,國外,0
112,11,20,石碇區,,,,無年齡維度,0.0,女,遷出,新北市內,0
112,11,20,石碇區,,,,無年齡維度,0.0,男,遷出,新北市內,0
112,11,20,石碇區,,,,無年齡維度,0.0,女,遷出,桃園市,1
112,11,20,石碇區,,,,無年齡維度,0.0,男,遷出,桃園市,0
112,11,20,石碇區,,,,無年齡維度,0.0,女,遷出,福建省,0
112,11,20,石碇區,,,,無年齡維度,0.0,男,遷出,福建省,0
112,11,20,石碇區,,,,無年齡維度,0.0,女,遷出,臺中市,0
112,11,20,石碇區,,,,無年齡維度,0.0,男,遷出,臺中市,0
112,11,20,石碇區,,,,無年齡維度,0.0,女,遷出,臺北市,1
112,11,20,石碇區,,,,無年齡維度,0.0,男,遷出,臺北市,0
112,11,20,石碇區,,,,無年齡維度,0.0,女,遷出,臺南市,0
112,11,20,石碇區,,,,無年齡維度,0.0,男,遷出,臺南市,1
112,11,20,石碇區,,,,無年齡維度,0.0,女,遷出,臺灣省,3
112,11,20,石碇區,,,,無年齡維度,0.0,男,遷出,臺灣省,1
112,11,20,石碇區,,,,無年齡維度,0.0,女,遷出,高雄市,0
112,11,20,石碇區,,,,無年齡維度,0.0,男,遷出,高雄市,0
112,11,21,坪林區,,,,無年齡維度,0.0,女,遷入,migrants,26
112,11,21,坪林區,,,,無年齡維度,0.0,男,遷入,migrants,27
112,11,21,坪林區,,,,無年齡維度,0.0,女,遷入,other,0
112,11,21,坪林區,,,,無年齡維度,0.0,男,遷入,other,0
112,11,21,坪林區,,,,無年齡維度,0.0,女,遷入,其他縣市,0
112,11,21,坪林區,,,,無年齡維度,0.0,男,遷入,其他縣市,0
112,11,21,坪林區,,,,無年齡維度,0.0,女,遷入,其他鄉鎮,18
112,11,21,坪林區,,,,無年齡維度,0.0,男,遷入,其他鄉鎮,19
112,11,21,坪林區,,,,無年齡維度,0.0,女,遷入,合計,33
112,11,21,坪林區,,,,無年齡維度,0.0,男,遷入,合計,30
112,11,21,坪林區,,,,無年齡維度,0.0,女,遷入,國外,5
112,11,21,坪林區,,,,無年齡維度,0.0,男,遷入,國外,3
112,11,21,坪林區,,,,無年齡維度,0.0,女,遷入,新北市內,0
112,11,21,坪林區,,,,無年齡維度,0.0,男,遷入,新北市內,0
112,11,21,坪林區,,,,無年齡維度,0.0,女,遷入,桃園市,0
112,11,21,坪林區,,,,無年齡維度,0.0,男,遷入,桃園市,0
112,11,21,坪林區,,,,無年齡維度,0.0,女,遷入,福建省,0
112,11,21,坪林區,,,,無年齡維度,0.0,男,遷入,福建省,0
112,11,21,坪林區,,,,無年齡維度,0.0,女,遷入,臺中市,1
112,11,21,坪林區,,,,無年齡維度,0.0,男,遷入,臺中市,0
112,11,21,坪林區,,,,無年齡維度,0.0,女,遷入,臺北市,6
112,11,21,坪林區,,,,無年齡維度,0.0,男,遷入,臺北市,5
112,11,21,坪林區,,,,無年齡維度,0.0,女,遷入,臺南市,0
112,11,21,坪林區,,,,無年齡維度,0.0,男,遷入,臺南市,1
112,11,21,坪林區,,,,無年齡維度,0.0,女,遷入,臺灣省,1
112,11,21,坪林區,,,,無年齡維度,0.0,男,遷入,臺灣省,1
112,11,21,坪林區,,,,無年齡維度,0.0,女,遷入,高雄市,1
112,11,21,坪林區,,,,無年齡維度,0.0,男,遷入,高雄市,1
112,11,21,坪林區,,,,無年齡維度,0.0,女,遷出,migrants,26
112,11,21,坪林區,,,,無年齡維度,0.0,男,遷出,migrants,27
112,11,21,坪林區,,,,無年齡維度,0.0,女,遷出,other,0
112,11,21,坪林區,,,,無年齡維度,0.0,男,遷出,other,0
112,11,21,坪林區,,,,無年齡維度,0.0,女,遷出,其他縣市,0
112,11,21,坪林區,,,,無年齡維度,0.0,男,遷出,其他縣市,0
112,11,21,坪林區,,,,無年齡維度,0.0,女,遷出,其他鄉鎮,17
112,11,21,坪林區,,,,無年齡維度,0.0,男,遷出,其他鄉鎮,13
112,11,21,坪林區,,,,無年齡維度,0.0,女,遷出,合計,28
112,11,21,坪林區,,,,無年齡維度,0.0,男,遷出,合計,20
112,11,21,坪林區,,,,無年齡維度,0.0,女,遷出,國外,1
112,11,21,坪林區,,,,無年齡維度,0.0,男,遷出,國外,1
112,11,21,坪林區,,,,無年齡維度,0.0,女,遷出,新北市內,0
112,11,21,坪林區,,,,無年齡維度,0.0,男,遷出,新北市內,0
112,11,21,坪林區,,,,無年齡維度,0.0,女,遷出,桃園市,1
112,11,21,坪林區,,,,無年齡維度,0.0,男,遷出,桃園市,0
112,11,21,坪林區,,,,無年齡維度,0.0,女,遷出,福建省,0
112,11,21,坪林區,,,,無年齡維度,0.0,男,遷出,福建省,0
112,11,21,坪林區,,,,無年齡維度,0.0,女,遷出,臺中市,0
112,11,21,坪林區,,,,無年齡維度,0.0,男,遷出,臺中市,1
112,11,21,坪林區,,,,無年齡維度,0.0,女,遷出,臺北市,4
112,11,21,坪林區,,,,無年齡維度,0.0,男,遷出,臺北市,2
112,11,21,坪林區,,,,無年齡維度,0.0,女,遷出,臺南市,1
112,11,21,坪林區,,,,無年齡維度,0.0,男,遷出,臺南市,1
112,11,21,坪林區,,,,無年齡維度,0.0,女,遷出,臺灣省,4
112,11,21,坪林區,,,,無年齡維度,0.0,男,遷出,臺灣省,1
112,11,21,坪林區,,,,無年齡維度,0.0,女,遷出,高雄市,0
112,11,21,坪林區,,,,無年齡維度,0.0,男,遷出,高雄市,1
112,11,22,三芝區,,,,無年齡維度,0.0,女,遷入,migrants,10
112,11,22,三芝區,,,,無年齡維度,0.0,男,遷入,migrants,4
112,11,22,三芝區,,,,無年齡維度,0.0,女,遷入,other,0
112,11,22,三芝區,,,,無年齡維度,0.0,男,遷入,other,0
112,11,22,三芝區,,,,無年齡維度,0.0,女,遷入,其他縣市,0
112,11,22,三芝區,,,,無年齡維度,0.0,男,遷入,其他縣市,0
112,11,22,三芝區,,,,無年齡維度,0.0,女,遷入,其他鄉鎮,3
112,11,22,三芝區,,,,無年齡維度,0.0,男,遷入,其他鄉鎮,4
112,11,22,三芝區,,,,無年齡維度,0.0,女,遷入,合計,8
112,11,22,三芝區,,,,無年齡維度,0.0,男,遷入,合計,5
112,11,22,三芝區,,,,無年齡維度,0.0,女,遷入,國外,0
112,11,22,三芝區,,,,無年齡維度,0.0,男,遷入,國外,0
112,11,22,三芝區,,,,無年齡維度,0.0,女,遷入,新北市內,0
112,11,22,三芝區,,,,無年齡維度,0.0,男,遷入,新北市內,0
112,11,22,三芝區,,,,無年齡維度,0.0,女,遷入,桃園市,0
112,11,22,三芝區,,,,無年齡維度,0.0,男,遷入,桃園市,0
112,11,22,三芝區,,,,無年齡維度,0.0,女,遷入,福建省,0
112,11,22,三芝區,,,,無年齡維度,0.0,男,遷入,福建省,0
112,11,22,三芝區,,,,無年齡維度,0.0,女,遷入,臺中市,0
112,11,22,三芝區,,,,無年齡維度,0.0,男,遷入,臺中市,0
112,11,22,三芝區,,,,無年齡維度,0.0,女,遷入,臺北市,1
112,11,22,三芝區,,,,無年齡維度,0.0,男,遷入,臺北市,1
112,11,22,三芝區,,,,無年齡維度,0.0,女,遷入,臺南市,0
112,11,22,三芝區,,,,無年齡維度,0.0,男,遷入,臺南市,0
112,11,22,三芝區,,,,無年齡維度,0.0,女,遷入,臺灣省,3
112,11,22,三芝區,,,,無年齡維度,0.0,男,遷入,臺灣省,0
112,11,22,三芝區,,,,無年齡維度,0.0,女,遷入,高雄市,0
112,11,22,三芝區,,,,無年齡維度,0.0,男,遷入,高雄市,0
112,11,22,三芝區,,,,無年齡維度,0.0,女,遷出,migrants,10
112,11,22,三芝區,,,,無年齡維度,0.0,男,遷出,migrants,4
112,11,22,三芝區,,,,無年齡維度,0.0,女,遷出,other,0
112,11,22,三芝區,,,,無年齡維度,0.0,男,遷出,other,0
112,11,22,三芝區,,,,無年齡維度,0.0,女,遷出,其他縣市,0
112,11,22,三芝區,,,,無年齡維度,0.0,男,遷出,其他縣市,0
112,11,22,三芝區,,,,無年齡維度,0.0,女,遷出,其他鄉鎮,11
112,11,22,三芝區,,,,無年齡維度,0.0,男,遷出,其他鄉鎮,3
112,11,22,三芝區,,,,無年齡維度,0.0,女,遷出,合計,15
112,11,22,三芝區,,,,無年齡維度,0.0,男,遷出,合計,6
112,11,22,三芝區,,,,無年齡維度,0.0,女,遷出,國外,0
112,11,22,三芝區,,,,無年齡維度,0.0,男,遷出,國外,0
112,11,22,三芝區,,,,無年齡維度,0.0,女,遷出,新北市內,0
112,11,22,三芝區,,,,無年齡維度,0.0,男,遷出,新北市內,0
112,11,22,三芝區,,,,無年齡維度,0.0,女,遷出,桃園市,0
112,11,22,三芝區,,,,無年齡維度,0.0,男,遷出,桃園市,0
112,11,22,三芝區,,,,無年齡維度,0.0,女,遷出,福建省,1
112,11,22,三芝區,,,,無年齡維度,0.0,男,遷出,福建省,0
112,11,22,三芝區,,,,無年齡維度,0.0,女,遷出,臺中市,0
112,11,22,三芝區,,,,無年齡維度,0.0,男,遷出,臺中市,0
112,11,22,三芝區,,,,無年齡維度,0.0,女,遷出,臺北市,1
112,11,22,三芝區,,,,無年齡維度,0.0,男,遷出,臺北市,1
112,11,22,三芝區,,,,無年齡維度,0.0,女,遷出,臺南市,0
112,11,22,三芝區,,,,無年齡維度,0.0,男,遷出,臺南市,1
112,11,22,三芝區,,,,無年齡維度,0.0,女,遷出,臺灣省,2
112,11,22,三芝區,,,,無年齡維度,0.0,男,遷出,臺灣省,1
112,11,22,三芝區,,,,無年齡維度,0.0,女,遷出,高雄市,0
112,11,22,三芝區,,,,無年齡維度,0.0,男,遷出,高雄市,0
112,11,23,石門區,,,,無年齡維度,0.0,女,遷入,migrants,51
112,11,23,石門區,,,,無年齡維度,0.0,男,遷入,migrants,62
112,11,23,石門區,,,,無年齡維度,0.0,女,遷入,other,0
112,11,23,石門區,,,,無年齡維度,0.0,男,遷入,other,0
112,11,23,石門區,,,,無年齡維度,0.0,女,遷入,其他縣市,0
112,11,23,石門區,,,,無年齡維度,0.0,男,遷入,其他縣市,0
112,11,23,石門區,,,,無年齡維度,0.0,女,遷入,其他鄉鎮,32
112,11,23,石門區,,,,無年齡維度,0.0,男,遷入,其他鄉鎮,38
112,11,23,石門區,,,,無年齡維度,0.0,女,遷入,合計,95
112,11,23,石門區,,,,無年齡維度,0.0,男,遷入,合計,85
112,11,23,石門區,,,,無年齡維度,0.0,女,遷入,國外,9
112,11,23,石門區,,,,無年齡維度,0.0,男,遷入,國外,10
112,11,23,石門區,,,,無年齡維度,0.0,女,遷入,新北市內,0
112,11,23,石門區,,,,無年齡維度,0.0,男,遷入,新北市內,0
112,11,23,石門區,,,,無年齡維度,0.0,女,遷入,桃園市,1
112,11,23,石門區,,,,無年齡維度,0.0,男,遷入,桃園市,1
112,11,23,石門區,,,,無年齡維度,0.0,女,遷入,福建省,0
112,11,23,石門區,,,,無年齡維度,0.0,男,遷入,福建省,1
112,11,23,石門區,,,,無年齡維度,0.0,女,遷入,臺中市,2
112,11,23,石門區,,,,無年齡維度,0.0,男,遷入,臺中市,0
112,11,23,石門區,,,,無年齡維度,0.0,女,遷入,臺北市,28
112,11,23,石門區,,,,無年齡維度,0.0,男,遷入,臺北市,21
112,11,23,石門區,,,,無年齡維度,0.0,女,遷入,臺南市,1
112,11,23,石門區,,,,無年齡維度,0.0,男,遷入,臺南市,5
112,11,23,石門區,,,,無年齡維度,0.0,女,遷入,臺灣省,18
112,11,23,石門區,,,,無年齡維度,0.0,男,遷入,臺灣省,9
112,11,23,石門區,,,,無年齡維度,0.0,女,遷入,高雄市,3
112,11,23,石門區,,,,無年齡維度,0.0,男,遷入,高雄市,0
112,11,23,石門區,,,,無年齡維度,0.0,女,遷出,migrants,51
112,11,23,石門區,,,,無年齡維度,0.0,男,遷出,migrants,62
112,11,23,石門區,,,,無年齡維度,0.0,女,遷出,other,0
112,11,23,石門區,,,,無年齡維度,0.0,男,遷出,other,0
112,11,23,石門區,,,,無年齡維度,0.0,女,遷出,其他縣市,0
112,11,23,石門區,,,,無年齡維度,0.0,男,遷出,其他縣市,0
112,11,23,石門區,,,,無年齡維度,0.0,女,遷出,其他鄉鎮,39
112,11,23,石門區,,,,無年齡維度,0.0,男,遷出,其他鄉鎮,32
112,11,23,石門區,,,,無年齡維度,0.0,女,遷出,合計,77
112,11,23,石門區,,,,無年齡維度,0.0,男,遷出,合計,66
112,11,23,石門區,,,,無年齡維度,0.0,女,遷出,國外,2
112,11,23,石門區,,,,無年齡維度,0.0,男,遷出,國外,1
112,11,23,石門區,,,,無年齡維度,0.0,女,遷出,新北市內,0
112,11,23,石門區,,,,無年齡維度,0.0,男,遷出,新北市內,0
112,11,23,石門區,,,,無年齡維度,0.0,女,遷出,桃園市,5
112,11,23,石門區,,,,無年齡維度,0.0,男,遷出,桃園市,3
112,11,23,石門區,,,,無年齡維度,0.0,女,遷出,福建省,0
112,11,23,石門區,,,,無年齡維度,0.0,男,遷出,福建省,0
112,11,23,石門區,,,,無年齡維度,0.0,女,遷出,臺中市,4
112,11,23,石門區,,,,無年齡維度,0.0,男,遷出,臺中市,2
112,11,23,石門區,,,,無年齡維度,0.0,女,遷出,臺北市,21
112,11,23,石門區,,,,無年齡維度,0.0,男,遷出,臺北市,24
112,11,23,石門區,,,,無年齡維度,0.0,女,遷出,臺南市,2
112,11,23,石門區,,,,無年齡維度,0.0,男,遷出,臺南市,0
112,11,23,石門區,,,,無年齡維度,0.0,女,遷出,臺灣省,2
112,11,23,石門區,,,,無年齡維度,0.0,男,遷出,臺灣省,3
112,11,23,石門區,,,,無年齡維度,0.0,女,遷出,高雄市,2
112,11,23,石門區,,,,無年齡維度,0.0,男,遷出,高雄市,1
112,11,24,金山區,,,,無年齡維度,0.0,女,遷入,migrants,1
112,11,24,金山區,,,,無年齡維度,0.0,男,遷入,migrants,2
112,11,24,金山區,,,,無年齡維度,0.0,女,遷入,other,0
112,11,24,金山區,,,,無年齡維度,0.0,男,遷入,other,0
112,11,24,金山區,,,,無年齡維度,0.0,女,遷入,其他縣市,0
112,11,24,金山區,,,,無年齡維度,0.0,男,遷入,其他縣市,0
112,11,24,金山區,,,,無年齡維度,0.0,女,遷入,其他鄉鎮,3
112,11,24,金山區,,,,無年齡維度,0.0,男,遷入,其他鄉鎮,3
112,11,24,金山區,,,,無年齡維度,0.0,女,遷入,合計,5
112,11,24,金山區,,,,無年齡維度,0.0,男,遷入,合計,4
112,11,24,金山區,,,,無年齡維度,0.0,女,遷入,國外,0
112,11,24,金山區,,,,無年齡維度,0.0,男,遷入,國外,0
112,11,24,金山區,,,,無年齡維度,0.0,女,遷入,新北市內,0
112,11,24,金山區,,,,無年齡維度,0.0,男,遷入,新北市內,0
112,11,24,金山區,,,,無年齡維度,0.0,女,遷入,桃園市,0
112,11,24,金山區,,,,無年齡維度,0.0,男,遷入,桃園市,0
112,11,24,金山區,,,,無年齡維度,0.0,女,遷入,福建省,0
112,11,24,金山區,,,,無年齡維度,0.0,男,遷入,福建省,0
112,11,24,金山區,,,,無年齡維度,0.0,女,遷入,臺中市,0
112,11,24,金山區,,,,無年齡維度,0.0,男,遷入,臺中市,0
112,11,24,金山區,,,,無年齡維度,0.0,女,遷入,臺北市,1
112,11,24,金山區,,,,無年齡維度,0.0,男,遷入,臺北市,0
112,11,24,金山區,,,,無年齡維度,0.0,女,遷入,臺南市,0
112,11,24,金山區,,,,無年齡維度,0.0,男,遷入,臺南市,0
112,11,24,金山區,,,,無年齡維度,0.0,女,遷入,臺灣省,1
112,11,24,金山區,,,,無年齡維度,0.0,男,遷入,臺灣省,1
112,11,24,金山區,,,,無年齡維度,0.0,女,遷入,高雄市,0
112,11,24,金山區,,,,無年齡維度,0.0,男,遷入,高雄市,0
112,11,24,金山區,,,,無年齡維度,0.0,女,遷出,migrants,1
112,11,24,金山區,,,,無年齡維度,0.0,男,遷出,migrants,2
112,11,24,金山區,,,,無年齡維度,0.0,女,遷出,other,0
112,11,24,金山區,,,,無年齡維度,0.0,男,遷出,other,0
112,11,24,金山區,,,,無年齡維度,0.0,女,遷出,其他縣市,0
112,11,24,金山區,,,,無年齡維度,0.0,男,遷出,其他縣市,0
112,11,24,金山區,,,,無年齡維度,0.0,女,遷出,其他鄉鎮,2
112,11,24,金山區,,,,無年齡維度,0.0,男,遷出,其他鄉鎮,4
112,11,24,金山區,,,,無年齡維度,0.0,女,遷出,合計,7
112,11,24,金山區,,,,無年齡維度,0.0,男,遷出,合計,7
112,11,24,金山區,,,,無年齡維度,0.0,女,遷出,國外,0
112,11,24,金山區,,,,無年齡維度,0.0,男,遷出,國外,0
112,11,24,金山區,,,,無年齡維度,0.0,女,遷出,新北市內,0
112,11,24,金山區,,,,無年齡維度,0.0,男,遷出,新北市內,0
112,11,24,金山區,,,,無年齡維度,0.0,女,遷出,桃園市,0
112,11,24,金山區,,,,無年齡維度,0.0,男,遷出,桃園市,1
112,11,24,金山區,,,,無年齡維度,0.0,女,遷出,福建省,0
112,11,24,金山區,,,,無年齡維度,0.0,男,遷出,福建省,0
112,11,24,金山區,,,,無年齡維度,0.0,女,遷出,臺中市,1
112,11,24,金山區,,,,無年齡維度,0.0,男,遷出,臺中市,0
112,11,24,金山區,,,,無年齡維度,0.0,女,遷出,臺北市,2
112,11,24,金山區,,,,無年齡維度,0.0,男,遷出,臺北市,2
112,11,24,金山區,,,,無年齡維度,0.0,女,遷出,臺南市,0
112,11,24,金山區,,,,無年齡維度,0.0,男,遷出,臺南市,0
112,11,24,金山區,,,,無年齡維度,0.0,女,遷出,臺灣省,2
112,11,24,金山區,,,,無年齡維度,0.0,男,遷出,臺灣省,0
112,11,24,金山區,,,,無年齡維度,0.0,女,遷出,高雄市,0
112,11,24,金山區,,,,無年齡維度,0.0,男,遷出,高雄市,0
112,11,25,萬里區,,,,無年齡維度,0.0,女,遷入,migrants,6
112,11,25,萬里區,,,,無年齡維度,0.0,男,遷入,migrants,3
112,11,25,萬里區,,,,無年齡維度,0.0,女,遷入,other,0
112,11,25,萬里區,,,,無年齡維度,0.0,男,遷入,other,0
112,11,25,萬里區,,,,無年齡維度,0.0,女,遷入,其他縣市,0
112,11,25,萬里區,,,,無年齡維度,0.0,男,遷入,其他縣市,0
112,11,25,萬里區,,,,無年齡維度,0.0,女,遷入,其他鄉鎮,2
112,11,25,萬里區,,,,無年齡維度,0.0,男,遷入,其他鄉鎮,1
112,11,25,萬里區,,,,無年齡維度,0.0,女,遷入,合計,5
112,11,25,萬里區,,,,無年齡維度,0.0,男,遷入,合計,5
112,11,25,萬里區,,,,無年齡維度,0.0,女,遷入,國外,0
112,11,25,萬里區,,,,無年齡維度,0.0,男,遷入,國外,0
112,11,25,萬里區,,,,無年齡維度,0.0,女,遷入,新北市內,0
112,11,25,萬里區,,,,無年齡維度,0.0,男,遷入,新北市內,0
112,11,25,萬里區,,,,無年齡維度,0.0,女,遷入,桃園市,1
112,11,25,萬里區,,,,無年齡維度,0.0,男,遷入,桃園市,0
112,11,25,萬里區,,,,無年齡維度,0.0,女,遷入,福建省,0
112,11,25,萬里區,,,,無年齡維度,0.0,男,遷入,福建省,0
112,11,25,萬里區,,,,無年齡維度,0.0,女,遷入,臺中市,0
112,11,25,萬里區,,,,無年齡維度,0.0,男,遷入,臺中市,0
112,11,25,萬里區,,,,無年齡維度,0.0,女,遷入,臺北市,0
112,11,25,萬里區,,,,無年齡維度,0.0,男,遷入,臺北市,0
112,11,25,萬里區,,,,無年齡維度,0.0,女,遷入,臺南市,0
112,11,25,萬里區,,,,無年齡維度,0.0,男,遷入,臺南市,0
112,11,25,萬里區,,,,無年齡維度,0.0,女,遷入,臺灣省,2
112,11,25,萬里區,,,,無年齡維度,0.0,男,遷入,臺灣省,3
112,11,25,萬里區,,,,無年齡維度,0.0,女,遷入,高雄市,0
112,11,25,萬里區,,,,無年齡維度,0.0,男,遷入,高雄市,1
112,11,25,萬里區,,,,無年齡維度,0.0,女,遷出,migrants,6
112,11,25,萬里區,,,,無年齡維度,0.0,男,遷出,migrants,3
112,11,25,萬里區,,,,無年齡維度,0.0,女,遷出,other,0
112,11,25,萬里區,,,,無年齡維度,0.0,男,遷出,other,0
112,11,25,萬里區,,,,無年齡維度,0.0,女,遷出,其他縣市,0
112,11,25,萬里區,,,,無年齡維度,0.0,男,遷出,其他縣市,0
112,11,25,萬里區,,,,無年齡維度,0.0,女,遷出,其他鄉鎮,4
112,11,25,萬里區,,,,無年齡維度,0.0,男,遷出,其他鄉鎮,8
112,11,25,萬里區,,,,無年齡維度,0.0,女,遷出,合計,9
112,11,25,萬里區,,,,無年齡維度,0.0,男,遷出,合計,9
112,11,25,萬里區,,,,無年齡維度,0.0,女,遷出,國外,0
112,11,25,萬里區,,,,無年齡維度,0.0,男,遷出,國外,0
112,11,25,萬里區,,,,無年齡維度,0.0,女,遷出,新北市內,0
112,11,25,萬里區,,,,無年齡維度,0.0,男,遷出,新北市內,0
112,11,25,萬里區,,,,無年齡維度,0.0,女,遷出,桃園市,0
112,11,25,萬里區,,,,無年齡維度,0.0,男,遷出,桃園市,1
112,11,25,萬里區,,,,無年齡維度,0.0,女,遷出,福建省,0
112,11,25,萬里區,,,,無年齡維度,0.0,男,遷出,福建省,0
112,11,25,萬里區,,,,無年齡維度,0.0,女,遷出,臺中市,0
112,11,25,萬里區,,,,無年齡維度,0.0,男,遷出,臺中市,0
112,11,25,萬里區,,,,無年齡維度,0.0,女,遷出,臺北市,0
112,11,25,萬里區,,,,無年齡維度,0.0,男,遷出,臺北市,0
112,11,25,萬里區,,,,無年齡維度,0.0,女,遷出,臺南市,0
112,11,25,萬里區,,,,無年齡維度,0.0,男,遷出,臺南市,0
112,11,25,萬里區,,,,無年齡維度,0.0,女,遷出,臺灣省,5
112,11,25,萬里區,,,,無年齡維度,0.0,男,遷出,臺灣省,0
112,11,25,萬里區,,,,無年齡維度,0.0,女,遷出,高雄市,0
112,11,25,萬里區,,,,無年齡維度,0.0,男,遷出,高雄市,0
112,11,26,平溪區,,,,無年齡維度,0.0,女,遷入,migrants,8
112,11,26,平溪區,,,,無年齡維度,0.0,男,遷入,migrants,5
112,11,26,平溪區,,,,無年齡維度,0.0,女,遷入,other,0
112,11,26,平溪區,,,,無年齡維度,0.0,男,遷入,other,0
112,11,26,平溪區,,,,無年齡維度,0.0,女,遷入,其他縣市,0
112,11,26,平溪區,,,,無年齡維度,0.0,男,遷入,其他縣市,0
112,11,26,平溪區,,,,無年齡維度,0.0,女,遷入,其他鄉鎮,0
112,11,26,平溪區,,,,無年齡維度,0.0,男,遷入,其他鄉鎮,4
112,11,26,平溪區,,,,無年齡維度,0.0,女,遷入,合計,3
112,11,26,平溪區,,,,無年齡維度,0.0,男,遷入,合計,9
112,11,26,平溪區,,,,無年齡維度,0.0,女,遷入,國外,0
112,11,26,平溪區,,,,無年齡維度,0.0,男,遷入,國外,0
112,11,26,平溪區,,,,無年齡維度,0.0,女,遷入,新北市內,0
112,11,26,平溪區,,,,無年齡維度,0.0,男,遷入,新北市內,0
112,11,26,平溪區,,,,無年齡維度,0.0,女,遷入,桃園市,0
112,11,26,平溪區,,,,無年齡維度,0.0,男,遷入,桃園市,0
112,11,26,平溪區,,,,無年齡維度,0.0,女,遷入,福建省,0
112,11,26,平溪區,,,,無年齡維度,0.0,男,遷入,福建省,0
112,11,26,平溪區,,,,無年齡維度,0.0,女,遷入,臺中市,0
112,11,26,平溪區,,,,無年齡維度,0.0,男,遷入,臺中市,0
112,11,26,平溪區,,,,無年齡維度,0.0,女,遷入,臺北市,1
112,11,26,平溪區,,,,無年齡維度,0.0,男,遷入,臺北市,1
112,11,26,平溪區,,,,無年齡維度,0.0,女,遷入,臺南市,0
112,11,26,平溪區,,,,無年齡維度,0.0,男,遷入,臺南市,0
112,11,26,平溪區,,,,無年齡維度,0.0,女,遷入,臺灣省,2
112,11,26,平溪區,,,,無年齡維度,0.0,男,遷入,臺灣省,4
112,11,26,平溪區,,,,無年齡維度,0.0,女,遷入,高雄市,0
112,11,26,平溪區,,,,無年齡維度,0.0,男,遷入,高雄市,0
112,11,26,平溪區,,,,無年齡維度,0.0,女,遷出,migrants,8
112,11,26,平溪區,,,,無年齡維度,0.0,男,遷出,migrants,5
112,11,26,平溪區,,,,無年齡維度,0.0,女,遷出,other,0
112,11,26,平溪區,,,,無年齡維度,0.0,男,遷出,other,0
112,11,26,平溪區,,,,無年齡維度,0.0,女,遷出,其他縣市,0
112,11,26,平溪區,,,,無年齡維度,0.0,男,遷出,其他縣市,0
112,11,26,平溪區,,,,無年齡維度,0.0,女,遷出,其他鄉鎮,3
112,11,26,平溪區,,,,無年齡維度,0.0,男,遷出,其他鄉鎮,7
112,11,26,平溪區,,,,無年齡維度,0.0,女,遷出,合計,9
112,11,26,平溪區,,,,無年齡維度,0.0,男,遷出,合計,13
112,11,26,平溪區,,,,無年齡維度,0.0,女,遷出,國外,1
112,11,26,平溪區,,,,無年齡維度,0.0,男,遷出,國外,0
112,11,26,平溪區,,,,無年齡維度,0.0,女,遷出,新北市內,0
112,11,26,平溪區,,,,無年齡維度,0.0,男,遷出,新北市內,0
112,11,26,平溪區,,,,無年齡維度,0.0,女,遷出,桃園市,1
112,11,26,平溪區,,,,無年齡維度,0.0,男,遷出,桃園市,1
112,11,26,平溪區,,,,無年齡維度,0.0,女,遷出,福建省,0
112,11,26,平溪區,,,,無年齡維度,0.0,男,遷出,福建省,0
112,11,26,平溪區,,,,無年齡維度,0.0,女,遷出,臺中市,0
112,11,26,平溪區,,,,無年齡維度,0.0,男,遷出,臺中市,0
112,11,26,平溪區,,,,無年齡維度,0.0,女,遷出,臺北市,1
112,11,26,平溪區,,,,無年齡維度,0.0,男,遷出,臺北市,2
112,11,26,平溪區,,,,無年齡維度,0.0,女,遷出,臺南市,0
112,11,26,平溪區,,,,無年齡維度,0.0,男,遷出,臺南市,0
112,11,26,平溪區,,,,無年齡維度,0.0,女,遷出,臺灣省,3
112,11,26,平溪區,,,,無年齡維度,0.0,男,遷出,臺灣省,3
112,11,26,平溪區,,,,無年齡維度,0.0,女,遷出,高雄市,0
112,11,26,平溪區,,,,無年齡維度,0.0,男,遷出,高雄市,0
112,11,27,雙溪區,,,,無年齡維度,0.0,女,遷入,migrants,17
112,11,27,雙溪區,,,,無年齡維度,0.0,男,遷入,migrants,13
112,11,27,雙溪區,,,,無年齡維度,0.0,女,遷入,other,0
112,11,27,雙溪區,,,,無年齡維度,0.0,男,遷入,other,0
112,11,27,雙溪區,,,,無年齡維度,0.0,女,遷入,其他縣市,0
112,11,27,雙溪區,,,,無年齡維度,0.0,男,遷入,其他縣市,0
112,11,27,雙溪區,,,,無年齡維度,0.0,女,遷入,其他鄉鎮,7
112,11,27,雙溪區,,,,無年齡維度,0.0,男,遷入,其他鄉鎮,6
112,11,27,雙溪區,,,,無年齡維度,0.0,女,遷入,合計,23
112,11,27,雙溪區,,,,無年齡維度,0.0,男,遷入,合計,18
112,11,27,雙溪區,,,,無年齡維度,0.0,女,遷入,國外,1
112,11,27,雙溪區,,,,無年齡維度,0.0,男,遷入,國外,2
112,11,27,雙溪區,,,,無年齡維度,0.0,女,遷入,新北市內,0
112,11,27,雙溪區,,,,無年齡維度,0.0,男,遷入,新北市內,0
112,11,27,雙溪區,,,,無年齡維度,0.0,女,遷入,桃園市,0
112,11,27,雙溪區,,,,無年齡維度,0.0,男,遷入,桃園市,0
112,11,27,雙溪區,,,,無年齡維度,0.0,女,遷入,福建省,0
112,11,27,雙溪區,,,,無年齡維度,0.0,男,遷入,福建省,0
112,11,27,雙溪區,,,,無年齡維度,0.0,女,遷入,臺中市,1
112,11,27,雙溪區,,,,無年齡維度,0.0,男,遷入,臺中市,0
112,11,27,雙溪區,,,,無年齡維度,0.0,女,遷入,臺北市,3
112,11,27,雙溪區,,,,無年齡維度,0.0,男,遷入,臺北市,1
112,11,27,雙溪區,,,,無年齡維度,0.0,女,遷入,臺南市,0
112,11,27,雙溪區,,,,無年齡維度,0.0,男,遷入,臺南市,0
112,11,27,雙溪區,,,,無年齡維度,0.0,女,遷入,臺灣省,11
112,11,27,雙溪區,,,,無年齡維度,0.0,男,遷入,臺灣省,9
112,11,27,雙溪區,,,,無年齡維度,0.0,女,遷入,高雄市,0
112,11,27,雙溪區,,,,無年齡維度,0.0,男,遷入,高雄市,0
112,11,27,雙溪區,,,,無年齡維度,0.0,女,遷出,migrants,17
112,11,27,雙溪區,,,,無年齡維度,0.0,男,遷出,migrants,13
112,11,27,雙溪區,,,,無年齡維度,0.0,女,遷出,other,0
112,11,27,雙溪區,,,,無年齡維度,0.0,男,遷出,other,0
112,11,27,雙溪區,,,,無年齡維度,0.0,女,遷出,其他縣市,0
112,11,27,雙溪區,,,,無年齡維度,0.0,男,遷出,其他縣市,0
112,11,27,雙溪區,,,,無年齡維度,0.0,女,遷出,其他鄉鎮,12
112,11,27,雙溪區,,,,無年齡維度,0.0,男,遷出,其他鄉鎮,4
112,11,27,雙溪區,,,,無年齡維度,0.0,女,遷出,合計,22
112,11,27,雙溪區,,,,無年齡維度,0.0,男,遷出,合計,17
112,11,27,雙溪區,,,,無年齡維度,0.0,女,遷出,國外,0
112,11,27,雙溪區,,,,無年齡維度,0.0,男,遷出,國外,0
112,11,27,雙溪區,,,,無年齡維度,0.0,女,遷出,新北市內,0
112,11,27,雙溪區,,,,無年齡維度,0.0,男,遷出,新北市內,0
112,11,27,雙溪區,,,,無年齡維度,0.0,女,遷出,桃園市,0
112,11,27,雙溪區,,,,無年齡維度,0.0,男,遷出,桃園市,3
112,11,27,雙溪區,,,,無年齡維度,0.0,女,遷出,福建省,1
112,11,27,雙溪區,,,,無年齡維度,0.0,男,遷出,福建省,1
112,11,27,雙溪區,,,,無年齡維度,0.0,女,遷出,臺中市,1
112,11,27,雙溪區,,,,無年齡維度,0.0,男,遷出,臺中市,0
112,11,27,雙溪區,,,,無年齡維度,0.0,女,遷出,臺北市,2
112,11,27,雙溪區,,,,無年齡維度,0.0,男,遷出,臺北市,3
112,11,27,雙溪區,,,,無年齡維度,0.0,女,遷出,臺南市,1
112,11,27,雙溪區,,,,無年齡維度,0.0,男,遷出,臺南市,0
112,11,27,雙溪區,,,,無年齡維度,0.0,女,遷出,臺灣省,5
112,11,27,雙溪區,,,,無年齡維度,0.0,男,遷出,臺灣省,5
112,11,27,雙溪區,,,,無年齡維度,0.0,女,遷出,高雄市,0
112,11,27,雙溪區,,,,無年齡維度,0.0,男,遷出,高雄市,1
112,11,28,貢寮區,,,,無年齡維度,0.0,女,遷入,migrants,9
112,11,28,貢寮區,,,,無年齡維度,0.0,男,遷入,migrants,13
112,11,28,貢寮區,,,,無年齡維度,0.0,女,遷入,other,0
112,11,28,貢寮區,,,,無年齡維度,0.0,男,遷入,other,0
112,11,28,貢寮區,,,,無年齡維度,0.0,女,遷入,其他縣市,0
112,11,28,貢寮區,,,,無年齡維度,0.0,男,遷入,其他縣市,0
112,11,28,貢寮區,,,,無年齡維度,0.0,女,遷入,其他鄉鎮,4
112,11,28,貢寮區,,,,無年齡維度,0.0,男,遷入,其他鄉鎮,7
112,11,28,貢寮區,,,,無年齡維度,0.0,女,遷入,合計,18
112,11,28,貢寮區,,,,無年齡維度,0.0,男,遷入,合計,19
112,11,28,貢寮區,,,,無年齡維度,0.0,女,遷入,國外,1
112,11,28,貢寮區,,,,無年齡維度,0.0,男,遷入,國外,2
112,11,28,貢寮區,,,,無年齡維度,0.0,女,遷入,新北市內,0
112,11,28,貢寮區,,,,無年齡維度,0.0,男,遷入,新北市內,0
112,11,28,貢寮區,,,,無年齡維度,0.0,女,遷入,桃園市,3
112,11,28,貢寮區,,,,無年齡維度,0.0,男,遷入,桃園市,1
112,11,28,貢寮區,,,,無年齡維度,0.0,女,遷入,福建省,0
112,11,28,貢寮區,,,,無年齡維度,0.0,男,遷入,福建省,0
112,11,28,貢寮區,,,,無年齡維度,0.0,女,遷入,臺中市,0
112,11,28,貢寮區,,,,無年齡維度,0.0,男,遷入,臺中市,0
112,11,28,貢寮區,,,,無年齡維度,0.0,女,遷入,臺北市,1
112,11,28,貢寮區,,,,無年齡維度,0.0,男,遷入,臺北市,2
112,11,28,貢寮區,,,,無年齡維度,0.0,女,遷入,臺南市,1
112,11,28,貢寮區,,,,無年齡維度,0.0,男,遷入,臺南市,1
112,11,28,貢寮區,,,,無年齡維度,0.0,女,遷入,臺灣省,8
112,11,28,貢寮區,,,,無年齡維度,0.0,男,遷入,臺灣省,6
112,11,28,貢寮區,,,,無年齡維度,0.0,女,遷入,高雄市,0
112,11,28,貢寮區,,,,無年齡維度,0.0,男,遷入,高雄市,0
112,11,28,貢寮區,,,,無年齡維度,0.0,女,遷出,migrants,9
112,11,28,貢寮區,,,,無年齡維度,0.0,男,遷出,migrants,13
112,11,28,貢寮區,,,,無年齡維度,0.0,女,遷出,other,0
112,11,28,貢寮區,,,,無年齡維度,0.0,男,遷出,other,0
112,11,28,貢寮區,,,,無年齡維度,0.0,女,遷出,其他縣市,0
112,11,28,貢寮區,,,,無年齡維度,0.0,男,遷出,其他縣市,0
112,11,28,貢寮區,,,,無年齡維度,0.0,女,遷出,其他鄉鎮,10
112,11,28,貢寮區,,,,無年齡維度,0.0,男,遷出,其他鄉鎮,5
112,11,28,貢寮區,,,,無年齡維度,0.0,女,遷出,合計,31
112,11,28,貢寮區,,,,無年齡維度,0.0,男,遷出,合計,21
112,11,28,貢寮區,,,,無年齡維度,0.0,女,遷出,國外,0
112,11,28,貢寮區,,,,無年齡維度,0.0,男,遷出,國外,2
112,11,28,貢寮區,,,,無年齡維度,0.0,女,遷出,新北市內,0
112,11,28,貢寮區,,,,無年齡維度,0.0,男,遷出,新北市內,0
112,11,28,貢寮區,,,,無年齡維度,0.0,女,遷出,桃園市,0
112,11,28,貢寮區,,,,無年齡維度,0.0,男,遷出,桃園市,1
112,11,28,貢寮區,,,,無年齡維度,0.0,女,遷出,福建省,0
112,11,28,貢寮區,,,,無年齡維度,0.0,男,遷出,福建省,0
112,11,28,貢寮區,,,,無年齡維度,0.0,女,遷出,臺中市,2
112,11,28,貢寮區,,,,無年齡維度,0.0,男,遷出,臺中市,0
112,11,28,貢寮區,,,,無年齡維度,0.0,女,遷出,臺北市,6
112,11,28,貢寮區,,,,無年齡維度,0.0,男,遷出,臺北市,4
112,11,28,貢寮區,,,,無年齡維度,0.0,女,遷出,臺南市,0
112,11,28,貢寮區,,,,無年齡維度,0.0,男,遷出,臺南市,0
112,11,28,貢寮區,,,,無年齡維度,0.0,女,遷出,臺灣省,12
112,11,28,貢寮區,,,,無年齡維度,0.0,男,遷出,臺灣省,9
112,11,28,貢寮區,,,,無年齡維度,0.0,女,遷出,高雄市,1
112,11,28,貢寮區,,,,無年齡維度,0.0,男,遷出,高雄市,0
112,11,29,烏來區,,,,無年齡維度,0.0,女,遷入,migrants,2
112,11,29,烏來區,,,,無年齡維度,0.0,男,遷入,migrants,3
112,11,29,烏來區,,,,無年齡維度,0.0,女,遷入,other,0
112,11,29,烏來區,,,,無年齡維度,0.0,男,遷入,other,0
112,11,29,烏來區,,,,無年齡維度,0.0,女,遷入,其他縣市,0
112,11,29,烏來區,,,,無年齡維度,0.0,男,遷入,其他縣市,0
112,11,29,烏來區,,,,無年齡維度,0.0,女,遷入,其他鄉鎮,7
112,11,29,烏來區,,,,無年齡維度,0.0,男,遷入,其他鄉鎮,8
112,11,29,烏來區,,,,無年齡維度,0.0,女,遷入,合計,14
112,11,29,烏來區,,,,無年齡維度,0.0,男,遷入,合計,13
112,11,29,烏來區,,,,無年齡維度,0.0,女,遷入,國外,0
112,11,29,烏來區,,,,無年齡維度,0.0,男,遷入,國外,0
112,11,29,烏來區,,,,無年齡維度,0.0,女,遷入,新北市內,0
112,11,29,烏來區,,,,無年齡維度,0.0,男,遷入,新北市內,0
112,11,29,烏來區,,,,無年齡維度,0.0,女,遷入,桃園市,0
112,11,29,烏來區,,,,無年齡維度,0.0,男,遷入,桃園市,0
112,11,29,烏來區,,,,無年齡維度,0.0,女,遷入,福建省,0
112,11,29,烏來區,,,,無年齡維度,0.0,男,遷入,福建省,0
112,11,29,烏來區,,,,無年齡維度,0.0,女,遷入,臺中市,1
112,11,29,烏來區,,,,無年齡維度,0.0,男,遷入,臺中市,1
112,11,29,烏來區,,,,無年齡維度,0.0,女,遷入,臺北市,4
112,11,29,烏來區,,,,無年齡維度,0.0,男,遷入,臺北市,1
112,11,29,烏來區,,,,無年齡維度,0.0,女,遷入,臺南市,0
112,11,29,烏來區,,,,無年齡維度,0.0,男,遷入,臺南市,0
112,11,29,烏來區,,,,無年齡維度,0.0,女,遷入,臺灣省,2
112,11,29,烏來區,,,,無年齡維度,0.0,男,遷入,臺灣省,0
112,11,29,烏來區,,,,無年齡維度,0.0,女,遷入,高雄市,0
112,11,29,烏來區,,,,無年齡維度,0.0,男,遷入,高雄市,3
112,11,29,烏來區,,,,無年齡維度,0.0,女,遷出,migrants,2
112,11,29,烏來區,,,,無年齡維度,0.0,男,遷出,migrants,3
112,11,29,烏來區,,,,無年齡維度,0.0,女,遷出,other,0
112,11,29,烏來區,,,,無年齡維度,0.0,男,遷出,other,0
112,11,29,烏來區,,,,無年齡維度,0.0,女,遷出,其他縣市,0
112,11,29,烏來區,,,,無年齡維度,0.0,男,遷出,其他縣市,0
112,11,29,烏來區,,,,無年齡維度,0.0,女,遷出,其他鄉鎮,4
112,11,29,烏來區,,,,無年齡維度,0.0,男,遷出,其他鄉鎮,4
112,11,29,烏來區,,,,無年齡維度,0.0,女,遷出,合計,5
112,11,29,烏來區,,,,無年齡維度,0.0,男,遷出,合計,7
112,11,29,烏來區,,,,無年齡維度,0.0,女,遷出,國外,0
112,11,29,烏來區,,,,無年齡維度,0.0,男,遷出,國外,0
112,11,29,烏來區,,,,無年齡維度,0.0,女,遷出,新北市內,0
112,11,29,烏來區,,,,無年齡維度,0.0,男,遷出,新北市內,0
112,11,29,烏來區,,,,無年齡維度,0.0,女,遷出,桃園市,0
112,11,29,烏來區,,,,無年齡維度,0.0,男,遷出,桃園市,0
112,11,29,烏來區,,,,無年齡維度,0.0,女,遷出,福建省,0
112,11,29,烏來區,,,,無年齡維度,0.0,男,遷出,福建省,0
112,11,29,烏來區,,,,無年齡維度,0.0,女,遷出,臺中市,0
112,11,29,烏來區,,,,無年齡維度,0.0,男,遷出,臺中市,0
112,11,29,烏來區,,,,無年齡維度,0.0,女,遷出,臺北市,0
112,11,29,烏來區,,,,無年齡維度,0.0,男,遷出,臺北市,1
112,11,29,烏來區,,,,無年齡維度,0.0,女,遷出,臺南市,0
112,11,29,烏來區,,,,無年齡維度,0.0,男,遷出,臺南市,0
112,11,29,烏來區,,,,無年齡維度,0.0,女,遷出,臺灣省,1
112,11,29,烏來區,,,,無年齡維度,0.0,男,遷出,臺灣省,2
112,11,29,烏來區,,,,無年齡維度,0.0,女,遷出,高雄市,0
112,11,29,烏來區,,,,無年齡維度,0.0,男,遷出,高雄市,0
112,12,1,板橋區,,,,無年齡維度,0.0,女,遷入,migrants,599
112,12,1,板橋區,,,,無年齡維度,0.0,男,遷入,migrants,542
112,12,1,板橋區,,,,無年齡維度,0.0,女,遷入,other,0
112,12,1,板橋區,,,,無年齡維度,0.0,男,遷入,other,0
112,12,1,板橋區,,,,無年齡維度,0.0,女,遷入,其他縣市,0
112,12,1,板橋區,,,,無年齡維度,0.0,男,遷入,其他縣市,0
112,12,1,板橋區,,,,無年齡維度,0.0,女,遷入,其他鄉鎮,277
112,12,1,板橋區,,,,無年齡維度,0.0,男,遷入,其他鄉鎮,210
112,12,1,板橋區,,,,無年齡維度,0.0,女,遷入,合計,745
112,12,1,板橋區,,,,無年齡維度,0.0,男,遷入,合計,619
112,12,1,板橋區,,,,無年齡維度,0.0,女,遷入,國外,121
112,12,1,板橋區,,,,無年齡維度,0.0,男,遷入,國外,109
112,12,1,板橋區,,,,無年齡維度,0.0,女,遷入,新北市內,0
112,12,1,板橋區,,,,無年齡維度,0.0,男,遷入,新北市內,0
112,12,1,板橋區,,,,無年齡維度,0.0,女,遷入,桃園市,37
112,12,1,板橋區,,,,無年齡維度,0.0,男,遷入,桃園市,41
112,12,1,板橋區,,,,無年齡維度,0.0,女,遷入,福建省,3
112,12,1,板橋區,,,,無年齡維度,0.0,男,遷入,福建省,5
112,12,1,板橋區,,,,無年齡維度,0.0,女,遷入,臺中市,27
112,12,1,板橋區,,,,無年齡維度,0.0,男,遷入,臺中市,19
112,12,1,板橋區,,,,無年齡維度,0.0,女,遷入,臺北市,132
112,12,1,板橋區,,,,無年齡維度,0.0,男,遷入,臺北市,122
112,12,1,板橋區,,,,無年齡維度,0.0,女,遷入,臺南市,13
112,12,1,板橋區,,,,無年齡維度,0.0,男,遷入,臺南市,11
112,12,1,板橋區,,,,無年齡維度,0.0,女,遷入,臺灣省,85
112,12,1,板橋區,,,,無年齡維度,0.0,男,遷入,臺灣省,69
112,12,1,板橋區,,,,無年齡維度,0.0,女,遷入,高雄市,21
112,12,1,板橋區,,,,無年齡維度,0.0,男,遷入,高雄市,20
112,12,1,板橋區,,,,無年齡維度,0.0,女,遷出,migrants,599
112,12,1,板橋區,,,,無年齡維度,0.0,男,遷出,migrants,542
112,12,1,板橋區,,,,無年齡維度,0.0,女,遷出,other,0
112,12,1,板橋區,,,,無年齡維度,0.0,男,遷出,other,0
112,12,1,板橋區,,,,無年齡維度,0.0,女,遷出,其他縣市,0
112,12,1,板橋區,,,,無年齡維度,0.0,男,遷出,其他縣市,0
112,12,1,板橋區,,,,無年齡維度,0.0,女,遷出,其他鄉鎮,322
112,12,1,板橋區,,,,無年齡維度,0.0,男,遷出,其他鄉鎮,269
112,12,1,板橋區,,,,無年齡維度,0.0,女,遷出,合計,682
112,12,1,板橋區,,,,無年齡維度,0.0,男,遷出,合計,551
112,12,1,板橋區,,,,無年齡維度,0.0,女,遷出,國外,15
112,12,1,板橋區,,,,無年齡維度,0.0,男,遷出,國外,10
112,12,1,板橋區,,,,無年齡維度,0.0,女,遷出,新北市內,0
112,12,1,板橋區,,,,無年齡維度,0.0,男,遷出,新北市內,0
112,12,1,板橋區,,,,無年齡維度,0.0,女,遷出,桃園市,84
112,12,1,板橋區,,,,無年齡維度,0.0,男,遷出,桃園市,62
112,12,1,板橋區,,,,無年齡維度,0.0,女,遷出,福建省,4
112,12,1,板橋區,,,,無年齡維度,0.0,男,遷出,福建省,4
112,12,1,板橋區,,,,無年齡維度,0.0,女,遷出,臺中市,22
112,12,1,板橋區,,,,無年齡維度,0.0,男,遷出,臺中市,12
112,12,1,板橋區,,,,無年齡維度,0.0,女,遷出,臺北市,130
112,12,1,板橋區,,,,無年齡維度,0.0,男,遷出,臺北市,77
112,12,1,板橋區,,,,無年齡維度,0.0,女,遷出,臺南市,9
112,12,1,板橋區,,,,無年齡維度,0.0,男,遷出,臺南市,11
112,12,1,板橋區,,,,無年齡維度,0.0,女,遷出,臺灣省,81
112,12,1,板橋區,,,,無年齡維度,0.0,男,遷出,臺灣省,86
112,12,1,板橋區,,,,無年齡維度,0.0,女,遷出,高雄市,15
112,12,1,板橋區,,,,無年齡維度,0.0,男,遷出,高雄市,20
112,12,2,三重區,,,,無年齡維度,0.0,女,遷入,migrants,420
112,12,2,三重區,,,,無年齡維度,0.0,男,遷入,migrants,400
112,12,2,三重區,,,,無年齡維度,0.0,女,遷入,other,0
112,12,2,三重區,,,,無年齡維度,0.0,男,遷入,other,0
112,12,2,三重區,,,,無年齡維度,0.0,女,遷入,其他縣市,0
112,12,2,三重區,,,,無年齡維度,0.0,男,遷入,其他縣市,0
112,12,2,三重區,,,,無年齡維度,0.0,女,遷入,其他鄉鎮,182
112,12,2,三重區,,,,無年齡維度,0.0,男,遷入,其他鄉鎮,115
112,12,2,三重區,,,,無年齡維度,0.0,女,遷入,合計,569
112,12,2,三重區,,,,無年齡維度,0.0,男,遷入,合計,391
112,12,2,三重區,,,,無年齡維度,0.0,女,遷入,國外,75
112,12,2,三重區,,,,無年齡維度,0.0,男,遷入,國外,44
112,12,2,三重區,,,,無年齡維度,0.0,女,遷入,新北市內,0
112,12,2,三重區,,,,無年齡維度,0.0,男,遷入,新北市內,0
112,12,2,三重區,,,,無年齡維度,0.0,女,遷入,桃園市,27
112,12,2,三重區,,,,無年齡維度,0.0,男,遷入,桃園市,17
112,12,2,三重區,,,,無年齡維度,0.0,女,遷入,福建省,4
112,12,2,三重區,,,,無年齡維度,0.0,男,遷入,福建省,2
112,12,2,三重區,,,,無年齡維度,0.0,女,遷入,臺中市,14
112,12,2,三重區,,,,無年齡維度,0.0,男,遷入,臺中市,11
112,12,2,三重區,,,,無年齡維度,0.0,女,遷入,臺北市,163
112,12,2,三重區,,,,無年齡維度,0.0,男,遷入,臺北市,132
112,12,2,三重區,,,,無年齡維度,0.0,女,遷入,臺南市,9
112,12,2,三重區,,,,無年齡維度,0.0,男,遷入,臺南市,5
112,12,2,三重區,,,,無年齡維度,0.0,女,遷入,臺灣省,60
112,12,2,三重區,,,,無年齡維度,0.0,男,遷入,臺灣省,37
112,12,2,三重區,,,,無年齡維度,0.0,女,遷入,高雄市,9
112,12,2,三重區,,,,無年齡維度,0.0,男,遷入,高雄市,13
112,12,2,三重區,,,,無年齡維度,0.0,女,遷出,migrants,420
112,12,2,三重區,,,,無年齡維度,0.0,男,遷出,migrants,400
112,12,2,三重區,,,,無年齡維度,0.0,女,遷出,other,0
112,12,2,三重區,,,,無年齡維度,0.0,男,遷出,other,0
112,12,2,三重區,,,,無年齡維度,0.0,女,遷出,其他縣市,0
112,12,2,三重區,,,,無年齡維度,0.0,男,遷出,其他縣市,0
112,12,2,三重區,,,,無年齡維度,0.0,女,遷出,其他鄉鎮,211
112,12,2,三重區,,,,無年齡維度,0.0,男,遷出,其他鄉鎮,172
112,12,2,三重區,,,,無年齡維度,0.0,女,遷出,合計,544
112,12,2,三重區,,,,無年齡維度,0.0,男,遷出,合計,454
112,12,2,三重區,,,,無年齡維度,0.0,女,遷出,國外,7
112,12,2,三重區,,,,無年齡維度,0.0,男,遷出,國外,5
112,12,2,三重區,,,,無年齡維度,0.0,女,遷出,新北市內,0
112,12,2,三重區,,,,無年齡維度,0.0,男,遷出,新北市內,0
112,12,2,三重區,,,,無年齡維度,0.0,女,遷出,桃園市,47
112,12,2,三重區,,,,無年齡維度,0.0,男,遷出,桃園市,37
112,12,2,三重區,,,,無年齡維度,0.0,女,遷出,福建省,2
112,12,2,三重區,,,,無年齡維度,0.0,男,遷出,福建省,3
112,12,2,三重區,,,,無年齡維度,0.0,女,遷出,臺中市,25
112,12,2,三重區,,,,無年齡維度,0.0,男,遷出,臺中市,23
112,12,2,三重區,,,,無年齡維度,0.0,女,遷出,臺北市,177
112,12,2,三重區,,,,無年齡維度,0.0,男,遷出,臺北市,136
112,12,2,三重區,,,,無年齡維度,0.0,女,遷出,臺南市,11
112,12,2,三重區,,,,無年齡維度,0.0,男,遷出,臺南市,9
112,12,2,三重區,,,,無年齡維度,0.0,女,遷出,臺灣省,56
112,12,2,三重區,,,,無年齡維度,0.0,男,遷出,臺灣省,58
112,12,2,三重區,,,,無年齡維度,0.0,女,遷出,高雄市,8
112,12,2,三重區,,,,無年齡維度,0.0,男,遷出,高雄市,11
112,12,3,中和區,,,,無年齡維度,0.0,女,遷入,migrants,354
112,12,3,中和區,,,,無年齡維度,0.0,男,遷入,migrants,303
112,12,3,中和區,,,,無年齡維度,0.0,女,遷入,other,0
112,12,3,中和區,,,,無年齡維度,0.0,男,遷入,other,0
112,12,3,中和區,,,,無年齡維度,0.0,女,遷入,其他縣市,0
112,12,3,中和區,,,,無年齡維度,0.0,男,遷入,其他縣市,0
112,12,3,中和區,,,,無年齡維度,0.0,女,遷入,其他鄉鎮,266
112,12,3,中和區,,,,無年齡維度,0.0,男,遷入,其他鄉鎮,220
112,12,3,中和區,,,,無年齡維度,0.0,女,遷入,合計,696
112,12,3,中和區,,,,無年齡維度,0.0,男,遷入,合計,546
112,12,3,中和區,,,,無年齡維度,0.0,女,遷入,國外,139
112,12,3,中和區,,,,無年齡維度,0.0,男,遷入,國外,97
112,12,3,中和區,,,,無年齡維度,0.0,女,遷入,新北市內,0
112,12,3,中和區,,,,無年齡維度,0.0,男,遷入,新北市內,0
112,12,3,中和區,,,,無年齡維度,0.0,女,遷入,桃園市,33
112,12,3,中和區,,,,無年齡維度,0.0,男,遷入,桃園市,26
112,12,3,中和區,,,,無年齡維度,0.0,女,遷入,福建省,6
112,12,3,中和區,,,,無年齡維度,0.0,男,遷入,福建省,7
112,12,3,中和區,,,,無年齡維度,0.0,女,遷入,臺中市,15
112,12,3,中和區,,,,無年齡維度,0.0,男,遷入,臺中市,12
112,12,3,中和區,,,,無年齡維度,0.0,女,遷入,臺北市,127
112,12,3,中和區,,,,無年齡維度,0.0,男,遷入,臺北市,104
112,12,3,中和區,,,,無年齡維度,0.0,女,遷入,臺南市,9
112,12,3,中和區,,,,無年齡維度,0.0,男,遷入,臺南市,2
112,12,3,中和區,,,,無年齡維度,0.0,女,遷入,臺灣省,60
112,12,3,中和區,,,,無年齡維度,0.0,男,遷入,臺灣省,62
112,12,3,中和區,,,,無年齡維度,0.0,女,遷入,高雄市,14
112,12,3,中和區,,,,無年齡維度,0.0,男,遷入,高雄市,5
112,12,3,中和區,,,,無年齡維度,0.0,女,遷出,migrants,354
112,12,3,中和區,,,,無年齡維度,0.0,男,遷出,migrants,303
112,12,3,中和區,,,,無年齡維度,0.0,女,遷出,other,0
112,12,3,中和區,,,,無年齡維度,0.0,男,遷出,other,0
112,12,3,中和區,,,,無年齡維度,0.0,女,遷出,其他縣市,0
112,12,3,中和區,,,,無年齡維度,0.0,男,遷出,其他縣市,0
112,12,3,中和區,,,,無年齡維度,0.0,女,遷出,其他鄉鎮,347
112,12,3,中和區,,,,無年齡維度,0.0,男,遷出,其他鄉鎮,258
112,12,3,中和區,,,,無年齡維度,0.0,女,遷出,合計,586
112,12,3,中和區,,,,無年齡維度,0.0,男,遷出,合計,505
112,12,3,中和區,,,,無年齡維度,0.0,女,遷出,國外,25
112,12,3,中和區,,,,無年齡維度,0.0,男,遷出,國外,22
112,12,3,中和區,,,,無年齡維度,0.0,女,遷出,新北市內,0
112,12,3,中和區,,,,無年齡維度,0.0,男,遷出,新北市內,0
112,12,3,中和區,,,,無年齡維度,0.0,女,遷出,桃園市,47
112,12,3,中和區,,,,無年齡維度,0.0,男,遷出,桃園市,43
112,12,3,中和區,,,,無年齡維度,0.0,女,遷出,福建省,6
112,12,3,中和區,,,,無年齡維度,0.0,男,遷出,福建省,6
112,12,3,中和區,,,,無年齡維度,0.0,女,遷出,臺中市,15
112,12,3,中和區,,,,無年齡維度,0.0,男,遷出,臺中市,12
112,12,3,中和區,,,,無年齡維度,0.0,女,遷出,臺北市,83
112,12,3,中和區,,,,無年齡維度,0.0,男,遷出,臺北市,83
112,12,3,中和區,,,,無年齡維度,0.0,女,遷出,臺南市,6
112,12,3,中和區,,,,無年齡維度,0.0,男,遷出,臺南市,9
112,12,3,中和區,,,,無年齡維度,0.0,女,遷出,臺灣省,49
112,12,3,中和區,,,,無年齡維度,0.0,男,遷出,臺灣省,59
112,12,3,中和區,,,,無年齡維度,0.0,女,遷出,高雄市,8
112,12,3,中和區,,,,無年齡維度,0.0,男,遷出,高雄市,13
112,12,4,永和區,,,,無年齡維度,0.0,女,遷入,migrants,189
112,12,4,永和區,,,,無年齡維度,0.0,男,遷入,migrants,174
112,12,4,永和區,,,,無年齡維度,0.0,女,遷入,other,0
112,12,4,永和區,,,,無年齡維度,0.0,男,遷入,other,0
112,12,4,永和區,,,,無年齡維度,0.0,女,遷入,其他縣市,0
112,12,4,永和區,,,,無年齡維度,0.0,男,遷入,其他縣市,0
112,12,4,永和區,,,,無年齡維度,0.0,女,遷入,其他鄉鎮,211
112,12,4,永和區,,,,無年齡維度,0.0,男,遷入,其他鄉鎮,147
112,12,4,永和區,,,,無年齡維度,0.0,女,遷入,合計,476
112,12,4,永和區,,,,無年齡維度,0.0,男,遷入,合計,374
112,12,4,永和區,,,,無年齡維度,0.0,女,遷入,國外,98
112,12,4,永和區,,,,無年齡維度,0.0,男,遷入,國外,86
112,12,4,永和區,,,,無年齡維度,0.0,女,遷入,新北市內,0
112,12,4,永和區,,,,無年齡維度,0.0,男,遷入,新北市內,0
112,12,4,永和區,,,,無年齡維度,0.0,女,遷入,桃園市,10
112,12,4,永和區,,,,無年齡維度,0.0,男,遷入,桃園市,15
112,12,4,永和區,,,,無年齡維度,0.0,女,遷入,福建省,1
112,12,4,永和區,,,,無年齡維度,0.0,男,遷入,福建省,4
112,12,4,永和區,,,,無年齡維度,0.0,女,遷入,臺中市,5
112,12,4,永和區,,,,無年齡維度,0.0,男,遷入,臺中市,5
112,12,4,永和區,,,,無年齡維度,0.0,女,遷入,臺北市,75
112,12,4,永和區,,,,無年齡維度,0.0,男,遷入,臺北市,73
112,12,4,永和區,,,,無年齡維度,0.0,女,遷入,臺南市,3
112,12,4,永和區,,,,無年齡維度,0.0,男,遷入,臺南市,3
112,12,4,永和區,,,,無年齡維度,0.0,女,遷入,臺灣省,46
112,12,4,永和區,,,,無年齡維度,0.0,男,遷入,臺灣省,26
112,12,4,永和區,,,,無年齡維度,0.0,女,遷入,高雄市,11
112,12,4,永和區,,,,無年齡維度,0.0,男,遷入,高雄市,5
112,12,4,永和區,,,,無年齡維度,0.0,女,遷出,migrants,189
112,12,4,永和區,,,,無年齡維度,0.0,男,遷出,migrants,174
112,12,4,永和區,,,,無年齡維度,0.0,女,遷出,other,0
112,12,4,永和區,,,,無年齡維度,0.0,男,遷出,other,0
112,12,4,永和區,,,,無年齡維度,0.0,女,遷出,其他縣市,0
112,12,4,永和區,,,,無年齡維度,0.0,男,遷出,其他縣市,0
112,12,4,永和區,,,,無年齡維度,0.0,女,遷出,其他鄉鎮,143
112,12,4,永和區,,,,無年齡維度,0.0,男,遷出,其他鄉鎮,122
112,12,4,永和區,,,,無年齡維度,0.0,女,遷出,合計,295
112,12,4,永和區,,,,無年齡維度,0.0,男,遷出,合計,256
112,12,4,永和區,,,,無年齡維度,0.0,女,遷出,國外,12
112,12,4,永和區,,,,無年齡維度,0.0,男,遷出,國外,11
112,12,4,永和區,,,,無年齡維度,0.0,女,遷出,新北市內,0
112,12,4,永和區,,,,無年齡維度,0.0,男,遷出,新北市內,0
112,12,4,永和區,,,,無年齡維度,0.0,女,遷出,桃園市,15
112,12,4,永和區,,,,無年齡維度,0.0,男,遷出,桃園市,13
112,12,4,永和區,,,,無年齡維度,0.0,女,遷出,福建省,5
112,12,4,永和區,,,,無年齡維度,0.0,男,遷出,福建省,2
112,12,4,永和區,,,,無年齡維度,0.0,女,遷出,臺中市,10
112,12,4,永和區,,,,無年齡維度,0.0,男,遷出,臺中市,9
112,12,4,永和區,,,,無年齡維度,0.0,女,遷出,臺北市,74
112,12,4,永和區,,,,無年齡維度,0.0,男,遷出,臺北市,65
112,12,4,永和區,,,,無年齡維度,0.0,女,遷出,臺南市,3
112,12,4,永和區,,,,無年齡維度,0.0,男,遷出,臺南市,3
112,12,4,永和區,,,,無年齡維度,0.0,女,遷出,臺灣省,24
112,12,4,永和區,,,,無年齡維度,0.0,男,遷出,臺灣省,25
112,12,4,永和區,,,,無年齡維度,0.0,女,遷出,高雄市,9
112,12,4,永和區,,,,無年齡維度,0.0,男,遷出,高雄市,6
112,12,5,新莊區,,,,無年齡維度,0.0,女,遷入,migrants,551
112,12,5,新莊區,,,,無年齡維度,0.0,男,遷入,migrants,448
112,12,5,新莊區,,,,無年齡維度,0.0,女,遷入,other,0
112,12,5,新莊區,,,,無年齡維度,0.0,男,遷入,other,0
112,12,5,新莊區,,,,無年齡維度,0.0,女,遷入,其他縣市,0
112,12,5,新莊區,,,,無年齡維度,0.0,男,遷入,其他縣市,0
112,12,5,新莊區,,,,無年齡維度,0.0,女,遷入,其他鄉鎮,242
112,12,5,新莊區,,,,無年齡維度,0.0,男,遷入,其他鄉鎮,185
112,12,5,新莊區,,,,無年齡維度,0.0,女,遷入,合計,561
112,12,5,新莊區,,,,無年齡維度,0.0,男,遷入,合計,478
112,12,5,新莊區,,,,無年齡維度,0.0,女,遷入,國外,54
112,12,5,新莊區,,,,無年齡維度,0.0,男,遷入,國外,56
112,12,5,新莊區,,,,無年齡維度,0.0,女,遷入,新北市內,0
112,12,5,新莊區,,,,無年齡維度,0.0,男,遷入,新北市內,0
112,12,5,新莊區,,,,無年齡維度,0.0,女,遷入,桃園市,41
112,12,5,新莊區,,,,無年齡維度,0.0,男,遷入,桃園市,39
112,12,5,新莊區,,,,無年齡維度,0.0,女,遷入,福建省,0
112,12,5,新莊區,,,,無年齡維度,0.0,男,遷入,福建省,4
112,12,5,新莊區,,,,無年齡維度,0.0,女,遷入,臺中市,7
112,12,5,新莊區,,,,無年齡維度,0.0,男,遷入,臺中市,3
112,12,5,新莊區,,,,無年齡維度,0.0,女,遷入,臺北市,103
112,12,5,新莊區,,,,無年齡維度,0.0,男,遷入,臺北市,102
112,12,5,新莊區,,,,無年齡維度,0.0,女,遷入,臺南市,12
112,12,5,新莊區,,,,無年齡維度,0.0,男,遷入,臺南市,10
112,12,5,新莊區,,,,無年齡維度,0.0,女,遷入,臺灣省,68
112,12,5,新莊區,,,,無年齡維度,0.0,男,遷入,臺灣省,58
112,12,5,新莊區,,,,無年齡維度,0.0,女,遷入,高雄市,12
112,12,5,新莊區,,,,無年齡維度,0.0,男,遷入,高雄市,17
112,12,5,新莊區,,,,無年齡維度,0.0,女,遷出,migrants,551
112,12,5,新莊區,,,,無年齡維度,0.0,男,遷出,migrants,448
112,12,5,新莊區,,,,無年齡維度,0.0,女,遷出,other,0
112,12,5,新莊區,,,,無年齡維度,0.0,男,遷出,other,0
112,12,5,新莊區,,,,無年齡維度,0.0,女,遷出,其他縣市,0
112,12,5,新莊區,,,,無年齡維度,0.0,男,遷出,其他縣市,0
112,12,5,新莊區,,,,無年齡維度,0.0,女,遷出,其他鄉鎮,227
112,12,5,新莊區,,,,無年齡維度,0.0,男,遷出,其他鄉鎮,196
112,12,5,新莊區,,,,無年齡維度,0.0,女,遷出,合計,490
112,12,5,新莊區,,,,無年齡維度,0.0,男,遷出,合計,470
112,12,5,新莊區,,,,無年齡維度,0.0,女,遷出,國外,15
112,12,5,新莊區,,,,無年齡維度,0.0,男,遷出,國外,17
112,12,5,新莊區,,,,無年齡維度,0.0,女,遷出,新北市內,0
112,12,5,新莊區,,,,無年齡維度,0.0,男,遷出,新北市內,0
112,12,5,新莊區,,,,無年齡維度,0.0,女,遷出,桃園市,64
112,12,5,新莊區,,,,無年齡維度,0.0,男,遷出,桃園市,73
112,12,5,新莊區,,,,無年齡維度,0.0,女,遷出,福建省,5
112,12,5,新莊區,,,,無年齡維度,0.0,男,遷出,福建省,6
112,12,5,新莊區,,,,無年齡維度,0.0,女,遷出,臺中市,17
112,12,5,新莊區,,,,無年齡維度,0.0,男,遷出,臺中市,20
112,12,5,新莊區,,,,無年齡維度,0.0,女,遷出,臺北市,66
112,12,5,新莊區,,,,無年齡維度,0.0,男,遷出,臺北市,67
112,12,5,新莊區,,,,無年齡維度,0.0,女,遷出,臺南市,12
112,12,5,新莊區,,,,無年齡維度,0.0,男,遷出,臺南市,10
112,12,5,新莊區,,,,無年齡維度,0.0,女,遷出,臺灣省,75
112,12,5,新莊區,,,,無年齡維度,0.0,男,遷出,臺灣省,70
112,12,5,新莊區,,,,無年齡維度,0.0,女,遷出,高雄市,9
112,12,5,新莊區,,,,無年齡維度,0.0,男,遷出,高雄市,11
112,12,6,新店區,,,,無年齡維度,0.0,女,遷入,migrants,338
112,12,6,新店區,,,,無年齡維度,0.0,男,遷入,migrants,300
112,12,6,新店區,,,,無年齡維度,0.0,女,遷入,other,0
112,12,6,新店區,,,,無年齡維度,0.0,男,遷入,other,0
112,12,6,新店區,,,,無年齡維度,0.0,女,遷入,其他縣市,0
112,12,6,新店區,,,,無年齡維度,0.0,男,遷入,其他縣市,0
112,12,6,新店區,,,,無年齡維度,0.0,女,遷入,其他鄉鎮,124
112,12,6,新店區,,,,無年齡維度,0.0,男,遷入,其他鄉鎮,99
112,12,6,新店區,,,,無年齡維度,0.0,女,遷入,合計,569
112,12,6,新店區,,,,無年齡維度,0.0,男,遷入,合計,547
112,12,6,新店區,,,,無年齡維度,0.0,女,遷入,國外,124
112,12,6,新店區,,,,無年齡維度,0.0,男,遷入,國外,143
112,12,6,新店區,,,,無年齡維度,0.0,女,遷入,新北市內,0
112,12,6,新店區,,,,無年齡維度,0.0,男,遷入,新北市內,0
112,12,6,新店區,,,,無年齡維度,0.0,女,遷入,桃園市,31
112,12,6,新店區,,,,無年齡維度,0.0,男,遷入,桃園市,12
112,12,6,新店區,,,,無年齡維度,0.0,女,遷入,福建省,0
112,12,6,新店區,,,,無年齡維度,0.0,男,遷入,福建省,4
112,12,6,新店區,,,,無年齡維度,0.0,女,遷入,臺中市,15
112,12,6,新店區,,,,無年齡維度,0.0,男,遷入,臺中市,17
112,12,6,新店區,,,,無年齡維度,0.0,女,遷入,臺北市,192
112,12,6,新店區,,,,無年齡維度,0.0,男,遷入,臺北市,199
112,12,6,新店區,,,,無年齡維度,0.0,女,遷入,臺南市,4
112,12,6,新店區,,,,無年齡維度,0.0,男,遷入,臺南市,4
112,12,6,新店區,,,,無年齡維度,0.0,女,遷入,臺灣省,43
112,12,6,新店區,,,,無年齡維度,0.0,男,遷入,臺灣省,47
112,12,6,新店區,,,,無年齡維度,0.0,女,遷入,高雄市,20
112,12,6,新店區,,,,無年齡維度,0.0,男,遷入,高雄市,10
112,12,6,新店區,,,,無年齡維度,0.0,女,遷出,migrants,338
112,12,6,新店區,,,,無年齡維度,0.0,男,遷出,migrants,300
112,12,6,新店區,,,,無年齡維度,0.0,女,遷出,other,0
112,12,6,新店區,,,,無年齡維度,0.0,男,遷出,other,0
112,12,6,新店區,,,,無年齡維度,0.0,女,遷出,其他縣市,0
112,12,6,新店區,,,,無年齡維度,0.0,男,遷出,其他縣市,0
112,12,6,新店區,,,,無年齡維度,0.0,女,遷出,其他鄉鎮,165
112,12,6,新店區,,,,無年齡維度,0.0,男,遷出,其他鄉鎮,119
112,12,6,新店區,,,,無年齡維度,0.0,女,遷出,合計,445
112,12,6,新店區,,,,無年齡維度,0.0,男,遷出,合計,350
112,12,6,新店區,,,,無年齡維度,0.0,女,遷出,國外,11
112,12,6,新店區,,,,無年齡維度,0.0,男,遷出,國外,11
112,12,6,新店區,,,,無年齡維度,0.0,女,遷出,新北市內,0
112,12,6,新店區,,,,無年齡維度,0.0,男,遷出,新北市內,0
112,12,6,新店區,,,,無年齡維度,0.0,女,遷出,桃園市,21
112,12,6,新店區,,,,無年齡維度,0.0,男,遷出,桃園市,30
112,12,6,新店區,,,,無年齡維度,0.0,女,遷出,福建省,4
112,12,6,新店區,,,,無年齡維度,0.0,男,遷出,福建省,5
112,12,6,新店區,,,,無年齡維度,0.0,女,遷出,臺中市,12
112,12,6,新店區,,,,無年齡維度,0.0,男,遷出,臺中市,13
112,12,6,新店區,,,,無年齡維度,0.0,女,遷出,臺北市,175
112,12,6,新店區,,,,無年齡維度,0.0,男,遷出,臺北市,131
112,12,6,新店區,,,,無年齡維度,0.0,女,遷出,臺南市,8
112,12,6,新店區,,,,無年齡維度,0.0,男,遷出,臺南市,8
112,12,6,新店區,,,,無年齡維度,0.0,女,遷出,臺灣省,39
112,12,6,新店區,,,,無年齡維度,0.0,男,遷出,臺灣省,25
112,12,6,新店區,,,,無年齡維度,0.0,女,遷出,高雄市,10
112,12,6,新店區,,,,無年齡維度,0.0,男,遷出,高雄市,5
112,12,7,土城區,,,,無年齡維度,0.0,女,遷入,migrants,160
112,12,7,土城區,,,,無年齡維度,0.0,男,遷入,migrants,156
112,12,7,土城區,,,,無年齡維度,0.0,女,遷入,other,0
112,12,7,土城區,,,,無年齡維度,0.0,男,遷入,other,0
112,12,7,土城區,,,,無年齡維度,0.0,女,遷入,其他縣市,0
112,12,7,土城區,,,,無年齡維度,0.0,男,遷入,其他縣市,0
112,12,7,土城區,,,,無年齡維度,0.0,女,遷入,其他鄉鎮,130
112,12,7,土城區,,,,無年齡維度,0.0,男,遷入,其他鄉鎮,115
112,12,7,土城區,,,,無年齡維度,0.0,女,遷入,合計,247
112,12,7,土城區,,,,無年齡維度,0.0,男,遷入,合計,220
112,12,7,土城區,,,,無年齡維度,0.0,女,遷入,國外,32
112,12,7,土城區,,,,無年齡維度,0.0,男,遷入,國外,30
112,12,7,土城區,,,,無年齡維度,0.0,女,遷入,新北市內,0
112,12,7,土城區,,,,無年齡維度,0.0,男,遷入,新北市內,0
112,12,7,土城區,,,,無年齡維度,0.0,女,遷入,桃園市,11
112,12,7,土城區,,,,無年齡維度,0.0,男,遷入,桃園市,16
112,12,7,土城區,,,,無年齡維度,0.0,女,遷入,福建省,1
112,12,7,土城區,,,,無年齡維度,0.0,男,遷入,福建省,1
112,12,7,土城區,,,,無年齡維度,0.0,女,遷入,臺中市,8
112,12,7,土城區,,,,無年齡維度,0.0,男,遷入,臺中市,6
112,12,7,土城區,,,,無年齡維度,0.0,女,遷入,臺北市,17
112,12,7,土城區,,,,無年齡維度,0.0,男,遷入,臺北市,17
112,12,7,土城區,,,,無年齡維度,0.0,女,遷入,臺南市,2
112,12,7,土城區,,,,無年齡維度,0.0,男,遷入,臺南市,2
112,12,7,土城區,,,,無年齡維度,0.0,女,遷入,臺灣省,27
112,12,7,土城區,,,,無年齡維度,0.0,男,遷入,臺灣省,25
112,12,7,土城區,,,,無年齡維度,0.0,女,遷入,高雄市,8
112,12,7,土城區,,,,無年齡維度,0.0,男,遷入,高雄市,5
112,12,7,土城區,,,,無年齡維度,0.0,女,遷出,migrants,160
112,12,7,土城區,,,,無年齡維度,0.0,男,遷出,migrants,156
112,12,7,土城區,,,,無年齡維度,0.0,女,遷出,other,0
112,12,7,土城區,,,,無年齡維度,0.0,男,遷出,other,0
112,12,7,土城區,,,,無年齡維度,0.0,女,遷出,其他縣市,0
112,12,7,土城區,,,,無年齡維度,0.0,男,遷出,其他縣市,0
112,12,7,土城區,,,,無年齡維度,0.0,女,遷出,其他鄉鎮,172
112,12,7,土城區,,,,無年齡維度,0.0,男,遷出,其他鄉鎮,135
112,12,7,土城區,,,,無年齡維度,0.0,女,遷出,合計,318
112,12,7,土城區,,,,無年齡維度,0.0,男,遷出,合計,253
112,12,7,土城區,,,,無年齡維度,0.0,女,遷出,國外,4
112,12,7,土城區,,,,無年齡維度,0.0,男,遷出,國外,5
112,12,7,土城區,,,,無年齡維度,0.0,女,遷出,新北市內,0
112,12,7,土城區,,,,無年齡維度,0.0,男,遷出,新北市內,0
112,12,7,土城區,,,,無年齡維度,0.0,女,遷出,桃園市,54
112,12,7,土城區,,,,無年齡維度,0.0,男,遷出,桃園市,46
112,12,7,土城區,,,,無年齡維度,0.0,女,遷出,福建省,1
112,12,7,土城區,,,,無年齡維度,0.0,男,遷出,福建省,3
112,12,7,土城區,,,,無年齡維度,0.0,女,遷出,臺中市,6
112,12,7,土城區,,,,無年齡維度,0.0,男,遷出,臺中市,7
112,12,7,土城區,,,,無年齡維度,0.0,女,遷出,臺北市,23
112,12,7,土城區,,,,無年齡維度,0.0,男,遷出,臺北市,14
112,12,7,土城區,,,,無年齡維度,0.0,女,遷出,臺南市,7
112,12,7,土城區,,,,無年齡維度,0.0,男,遷出,臺南市,4
112,12,7,土城區,,,,無年齡維度,0.0,女,遷出,臺灣省,44
112,12,7,土城區,,,,無年齡維度,0.0,男,遷出,臺灣省,36
112,12,7,土城區,,,,無年齡維度,0.0,女,遷出,高雄市,7
112,12,7,土城區,,,,無年齡維度,0.0,男,遷出,高雄市,3
112,12,8,蘆洲區,,,,無年齡維度,0.0,女,遷入,migrants,99
112,12,8,蘆洲區,,,,無年齡維度,0.0,男,遷入,migrants,90
112,12,8,蘆洲區,,,,無年齡維度,0.0,女,遷入,other,0
112,12,8,蘆洲區,,,,無年齡維度,0.0,男,遷入,other,0
112,12,8,蘆洲區,,,,無年齡維度,0.0,女,遷入,其他縣市,0
112,12,8,蘆洲區,,,,無年齡維度,0.0,男,遷入,其他縣市,0
112,12,8,蘆洲區,,,,無年齡維度,0.0,女,遷入,其他鄉鎮,58
112,12,8,蘆洲區,,,,無年齡維度,0.0,男,遷入,其他鄉鎮,46
112,12,8,蘆洲區,,,,無年齡維度,0.0,女,遷入,合計,150
112,12,8,蘆洲區,,,,無年齡維度,0.0,男,遷入,合計,129
112,12,8,蘆洲區,,,,無年齡維度,0.0,女,遷入,國外,6
112,12,8,蘆洲區,,,,無年齡維度,0.0,男,遷入,國外,10
112,12,8,蘆洲區,,,,無年齡維度,0.0,女,遷入,新北市內,0
112,12,8,蘆洲區,,,,無年齡維度,0.0,男,遷入,新北市內,0
112,12,8,蘆洲區,,,,無年齡維度,0.0,女,遷入,桃園市,48
112,12,8,蘆洲區,,,,無年齡維度,0.0,男,遷入,桃園市,32
112,12,8,蘆洲區,,,,無年齡維度,0.0,女,遷入,福建省,1
112,12,8,蘆洲區,,,,無年齡維度,0.0,男,遷入,福建省,1
112,12,8,蘆洲區,,,,無年齡維度,0.0,女,遷入,臺中市,1
112,12,8,蘆洲區,,,,無年齡維度,0.0,男,遷入,臺中市,5
112,12,8,蘆洲區,,,,無年齡維度,0.0,女,遷入,臺北市,13
112,12,8,蘆洲區,,,,無年齡維度,0.0,男,遷入,臺北市,11
112,12,8,蘆洲區,,,,無年齡維度,0.0,女,遷入,臺南市,0
112,12,8,蘆洲區,,,,無年齡維度,0.0,男,遷入,臺南市,1
112,12,8,蘆洲區,,,,無年齡維度,0.0,女,遷入,臺灣省,17
112,12,8,蘆洲區,,,,無年齡維度,0.0,男,遷入,臺灣省,13
112,12,8,蘆洲區,,,,無年齡維度,0.0,女,遷入,高雄市,2
112,12,8,蘆洲區,,,,無年齡維度,0.0,男,遷入,高雄市,3
112,12,8,蘆洲區,,,,無年齡維度,0.0,女,遷出,migrants,99
112,12,8,蘆洲區,,,,無年齡維度,0.0,男,遷出,migrants,90
112,12,8,蘆洲區,,,,無年齡維度,0.0,女,遷出,other,0
112,12,8,蘆洲區,,,,無年齡維度,0.0,男,遷出,other,0
112,12,8,蘆洲區,,,,無年齡維度,0.0,女,遷出,其他縣市,0
112,12,8,蘆洲區,,,,無年齡維度,0.0,男,遷出,其他縣市,0
112,12,8,蘆洲區,,,,無年齡維度,0.0,女,遷出,其他鄉鎮,30
112,12,8,蘆洲區,,,,無年齡維度,0.0,男,遷出,其他鄉鎮,21
112,12,8,蘆洲區,,,,無年齡維度,0.0,女,遷出,合計,121
112,12,8,蘆洲區,,,,無年齡維度,0.0,男,遷出,合計,85
112,12,8,蘆洲區,,,,無年齡維度,0.0,女,遷出,國外,1
112,12,8,蘆洲區,,,,無年齡維度,0.0,男,遷出,國外,2
112,12,8,蘆洲區,,,,無年齡維度,0.0,女,遷出,新北市內,0
112,12,8,蘆洲區,,,,無年齡維度,0.0,男,遷出,新北市內,0
112,12,8,蘆洲區,,,,無年齡維度,0.0,女,遷出,桃園市,54
112,12,8,蘆洲區,,,,無年齡維度,0.0,男,遷出,桃園市,37
112,12,8,蘆洲區,,,,無年齡維度,0.0,女,遷出,福建省,0
112,12,8,蘆洲區,,,,無年齡維度,0.0,男,遷出,福建省,0
112,12,8,蘆洲區,,,,無年齡維度,0.0,女,遷出,臺中市,2
112,12,8,蘆洲區,,,,無年齡維度,0.0,男,遷出,臺中市,1
112,12,8,蘆洲區,,,,無年齡維度,0.0,女,遷出,臺北市,9
112,12,8,蘆洲區,,,,無年齡維度,0.0,男,遷出,臺北市,5
112,12,8,蘆洲區,,,,無年齡維度,0.0,女,遷出,臺南市,2
112,12,8,蘆洲區,,,,無年齡維度,0.0,男,遷出,臺南市,1
112,12,8,蘆洲區,,,,無年齡維度,0.0,女,遷出,臺灣省,22
112,12,8,蘆洲區,,,,無年齡維度,0.0,男,遷出,臺灣省,15
112,12,8,蘆洲區,,,,無年齡維度,0.0,女,遷出,高雄市,1
112,12,8,蘆洲區,,,,無年齡維度,0.0,男,遷出,高雄市,3
112,12,9,樹林區,,,,無年齡維度,0.0,女,遷入,migrants,127
112,12,9,樹林區,,,,無年齡維度,0.0,男,遷入,migrants,100
112,12,9,樹林區,,,,無年齡維度,0.0,女,遷入,other,0
112,12,9,樹林區,,,,無年齡維度,0.0,男,遷入,other,0
112,12,9,樹林區,,,,無年齡維度,0.0,女,遷入,其他縣市,0
112,12,9,樹林區,,,,無年齡維度,0.0,男,遷入,其他縣市,0
112,12,9,樹林區,,,,無年齡維度,0.0,女,遷入,其他鄉鎮,69
112,12,9,樹林區,,,,無年齡維度,0.0,男,遷入,其他鄉鎮,60
112,12,9,樹林區,,,,無年齡維度,0.0,女,遷入,合計,147
112,12,9,樹林區,,,,無年齡維度,0.0,男,遷入,合計,133
112,12,9,樹林區,,,,無年齡維度,0.0,女,遷入,國外,14
112,12,9,樹林區,,,,無年齡維度,0.0,男,遷入,國外,20
112,12,9,樹林區,,,,無年齡維度,0.0,女,遷入,新北市內,0
112,12,9,樹林區,,,,無年齡維度,0.0,男,遷入,新北市內,0
112,12,9,樹林區,,,,無年齡維度,0.0,女,遷入,桃園市,18
112,12,9,樹林區,,,,無年齡維度,0.0,男,遷入,桃園市,13
112,12,9,樹林區,,,,無年齡維度,0.0,女,遷入,福建省,1
112,12,9,樹林區,,,,無年齡維度,0.0,男,遷入,福建省,1
112,12,9,樹林區,,,,無年齡維度,0.0,女,遷入,臺中市,1
112,12,9,樹林區,,,,無年齡維度,0.0,男,遷入,臺中市,4
112,12,9,樹林區,,,,無年齡維度,0.0,女,遷入,臺北市,12
112,12,9,樹林區,,,,無年齡維度,0.0,男,遷入,臺北市,9
112,12,9,樹林區,,,,無年齡維度,0.0,女,遷入,臺南市,1
112,12,9,樹林區,,,,無年齡維度,0.0,男,遷入,臺南市,4
112,12,9,樹林區,,,,無年齡維度,0.0,女,遷入,臺灣省,23
112,12,9,樹林區,,,,無年齡維度,0.0,男,遷入,臺灣省,13
112,12,9,樹林區,,,,無年齡維度,0.0,女,遷入,高雄市,2
112,12,9,樹林區,,,,無年齡維度,0.0,男,遷入,高雄市,5
112,12,9,樹林區,,,,無年齡維度,0.0,女,遷出,migrants,127
112,12,9,樹林區,,,,無年齡維度,0.0,男,遷出,migrants,100
112,12,9,樹林區,,,,無年齡維度,0.0,女,遷出,other,0
112,12,9,樹林區,,,,無年齡維度,0.0,男,遷出,other,0
112,12,9,樹林區,,,,無年齡維度,0.0,女,遷出,其他縣市,0
112,12,9,樹林區,,,,無年齡維度,0.0,男,遷出,其他縣市,0
112,12,9,樹林區,,,,無年齡維度,0.0,女,遷出,其他鄉鎮,73
112,12,9,樹林區,,,,無年齡維度,0.0,男,遷出,其他鄉鎮,64
112,12,9,樹林區,,,,無年齡維度,0.0,女,遷出,合計,130
112,12,9,樹林區,,,,無年齡維度,0.0,男,遷出,合計,125
112,12,9,樹林區,,,,無年齡維度,0.0,女,遷出,國外,2
112,12,9,樹林區,,,,無年齡維度,0.0,男,遷出,國外,3
112,12,9,樹林區,,,,無年齡維度,0.0,女,遷出,新北市內,0
112,12,9,樹林區,,,,無年齡維度,0.0,男,遷出,新北市內,0
112,12,9,樹林區,,,,無年齡維度,0.0,女,遷出,桃園市,19
112,12,9,樹林區,,,,無年齡維度,0.0,男,遷出,桃園市,21
112,12,9,樹林區,,,,無年齡維度,0.0,女,遷出,福建省,0
112,12,9,樹林區,,,,無年齡維度,0.0,男,遷出,福建省,0
112,12,9,樹林區,,,,無年齡維度,0.0,女,遷出,臺中市,4
112,12,9,樹林區,,,,無年齡維度,0.0,男,遷出,臺中市,2
112,12,9,樹林區,,,,無年齡維度,0.0,女,遷出,臺北市,13
112,12,9,樹林區,,,,無年齡維度,0.0,男,遷出,臺北市,16
112,12,9,樹林區,,,,無年齡維度,0.0,女,遷出,臺南市,2
112,12,9,樹林區,,,,無年齡維度,0.0,男,遷出,臺南市,0
112,12,9,樹林區,,,,無年齡維度,0.0,女,遷出,臺灣省,16
112,12,9,樹林區,,,,無年齡維度,0.0,男,遷出,臺灣省,17
112,12,9,樹林區,,,,無年齡維度,0.0,女,遷出,高雄市,1
112,12,9,樹林區,,,,無年齡維度,0.0,男,遷出,高雄市,2
112,12,10,鶯歌區,,,,無年齡維度,0.0,女,遷入,migrants,341
112,12,10,鶯歌區,,,,無年齡維度,0.0,男,遷入,migrants,279
112,12,10,鶯歌區,,,,無年齡維度,0.0,女,遷入,other,0
112,12,10,鶯歌區,,,,無年齡維度,0.0,男,遷入,other,0
112,12,10,鶯歌區,,,,無年齡維度,0.0,女,遷入,其他縣市,0
112,12,10,鶯歌區,,,,無年齡維度,0.0,男,遷入,其他縣市,0
112,12,10,鶯歌區,,,,無年齡維度,0.0,女,遷入,其他鄉鎮,118
112,12,10,鶯歌區,,,,無年齡維度,0.0,男,遷入,其他鄉鎮,86
112,12,10,鶯歌區,,,,無年齡維度,0.0,女,遷入,合計,479
112,12,10,鶯歌區,,,,無年齡維度,0.0,男,遷入,合計,363
112,12,10,鶯歌區,,,,無年齡維度,0.0,女,遷入,國外,101
112,12,10,鶯歌區,,,,無年齡維度,0.0,男,遷入,國外,68
112,12,10,鶯歌區,,,,無年齡維度,0.0,女,遷入,新北市內,0
112,12,10,鶯歌區,,,,無年齡維度,0.0,男,遷入,新北市內,0
112,12,10,鶯歌區,,,,無年齡維度,0.0,女,遷入,桃園市,22
112,12,10,鶯歌區,,,,無年齡維度,0.0,男,遷入,桃園市,10
112,12,10,鶯歌區,,,,無年齡維度,0.0,女,遷入,福建省,1
112,12,10,鶯歌區,,,,無年齡維度,0.0,男,遷入,福建省,1
112,12,10,鶯歌區,,,,無年齡維度,0.0,女,遷入,臺中市,9
112,12,10,鶯歌區,,,,無年齡維度,0.0,男,遷入,臺中市,10
112,12,10,鶯歌區,,,,無年齡維度,0.0,女,遷入,臺北市,149
112,12,10,鶯歌區,,,,無年齡維度,0.0,男,遷入,臺北市,121
112,12,10,鶯歌區,,,,無年齡維度,0.0,女,遷入,臺南市,1
112,12,10,鶯歌區,,,,無年齡維度,0.0,男,遷入,臺南市,2
112,12,10,鶯歌區,,,,無年齡維度,0.0,女,遷入,臺灣省,54
112,12,10,鶯歌區,,,,無年齡維度,0.0,男,遷入,臺灣省,37
112,12,10,鶯歌區,,,,無年齡維度,0.0,女,遷入,高雄市,8
112,12,10,鶯歌區,,,,無年齡維度,0.0,男,遷入,高雄市,10
112,12,10,鶯歌區,,,,無年齡維度,0.0,女,遷出,migrants,341
112,12,10,鶯歌區,,,,無年齡維度,0.0,男,遷出,migrants,279
112,12,10,鶯歌區,,,,無年齡維度,0.0,女,遷出,other,0
112,12,10,鶯歌區,,,,無年齡維度,0.0,男,遷出,other,0
112,12,10,鶯歌區,,,,無年齡維度,0.0,女,遷出,其他縣市,0
112,12,10,鶯歌區,,,,無年齡維度,0.0,男,遷出,其他縣市,0
112,12,10,鶯歌區,,,,無年齡維度,0.0,女,遷出,其他鄉鎮,77
112,12,10,鶯歌區,,,,無年齡維度,0.0,男,遷出,其他鄉鎮,53
112,12,10,鶯歌區,,,,無年齡維度,0.0,女,遷出,合計,250
112,12,10,鶯歌區,,,,無年齡維度,0.0,男,遷出,合計,184
112,12,10,鶯歌區,,,,無年齡維度,0.0,女,遷出,國外,12
112,12,10,鶯歌區,,,,無年齡維度,0.0,男,遷出,國外,7
112,12,10,鶯歌區,,,,無年齡維度,0.0,女,遷出,新北市內,0
112,12,10,鶯歌區,,,,無年齡維度,0.0,男,遷出,新北市內,0
112,12,10,鶯歌區,,,,無年齡維度,0.0,女,遷出,桃園市,14
112,12,10,鶯歌區,,,,無年齡維度,0.0,男,遷出,桃園市,11
112,12,10,鶯歌區,,,,無年齡維度,0.0,女,遷出,福建省,3
112,12,10,鶯歌區,,,,無年齡維度,0.0,男,遷出,福建省,3
112,12,10,鶯歌區,,,,無年齡維度,0.0,女,遷出,臺中市,7
112,12,10,鶯歌區,,,,無年齡維度,0.0,男,遷出,臺中市,7
112,12,10,鶯歌區,,,,無年齡維度,0.0,女,遷出,臺北市,96
112,12,10,鶯歌區,,,,無年齡維度,0.0,男,遷出,臺北市,71
112,12,10,鶯歌區,,,,無年齡維度,0.0,女,遷出,臺南市,6
112,12,10,鶯歌區,,,,無年齡維度,0.0,男,遷出,臺南市,2
112,12,10,鶯歌區,,,,無年齡維度,0.0,女,遷出,臺灣省,30
112,12,10,鶯歌區,,,,無年齡維度,0.0,男,遷出,臺灣省,22
112,12,10,鶯歌區,,,,無年齡維度,0.0,女,遷出,高雄市,4
112,12,10,鶯歌區,,,,無年齡維度,0.0,男,遷出,高雄市,8
112,12,11,三峽區,,,,無年齡維度,0.0,女,遷入,migrants,204
112,12,11,三峽區,,,,無年齡維度,0.0,男,遷入,migrants,194
112,12,11,三峽區,,,,無年齡維度,0.0,女,遷入,other,0
112,12,11,三峽區,,,,無年齡維度,0.0,男,遷入,other,0
112,12,11,三峽區,,,,無年齡維度,0.0,女,遷入,其他縣市,0
112,12,11,三峽區,,,,無年齡維度,0.0,男,遷入,其他縣市,0
112,12,11,三峽區,,,,無年齡維度,0.0,女,遷入,其他鄉鎮,42
112,12,11,三峽區,,,,無年齡維度,0.0,男,遷入,其他鄉鎮,38
112,12,11,三峽區,,,,無年齡維度,0.0,女,遷入,合計,319
112,12,11,三峽區,,,,無年齡維度,0.0,男,遷入,合計,303
112,12,11,三峽區,,,,無年齡維度,0.0,女,遷入,國外,50
112,12,11,三峽區,,,,無年齡維度,0.0,男,遷入,國外,41
112,12,11,三峽區,,,,無年齡維度,0.0,女,遷入,新北市內,0
112,12,11,三峽區,,,,無年齡維度,0.0,男,遷入,新北市內,0
112,12,11,三峽區,,,,無年齡維度,0.0,女,遷入,桃園市,16
112,12,11,三峽區,,,,無年齡維度,0.0,男,遷入,桃園市,8
112,12,11,三峽區,,,,無年齡維度,0.0,女,遷入,福建省,2
112,12,11,三峽區,,,,無年齡維度,0.0,男,遷入,福建省,4
112,12,11,三峽區,,,,無年齡維度,0.0,女,遷入,臺中市,6
112,12,11,三峽區,,,,無年齡維度,0.0,男,遷入,臺中市,1
112,12,11,三峽區,,,,無年齡維度,0.0,女,遷入,臺北市,130
112,12,11,三峽區,,,,無年齡維度,0.0,男,遷入,臺北市,149
112,12,11,三峽區,,,,無年齡維度,0.0,女,遷入,臺南市,8
112,12,11,三峽區,,,,無年齡維度,0.0,男,遷入,臺南市,5
112,12,11,三峽區,,,,無年齡維度,0.0,女,遷入,臺灣省,56
112,12,11,三峽區,,,,無年齡維度,0.0,男,遷入,臺灣省,44
112,12,11,三峽區,,,,無年齡維度,0.0,女,遷入,高雄市,2
112,12,11,三峽區,,,,無年齡維度,0.0,男,遷入,高雄市,6
112,12,11,三峽區,,,,無年齡維度,0.0,女,遷出,migrants,204
112,12,11,三峽區,,,,無年齡維度,0.0,男,遷出,migrants,194
112,12,11,三峽區,,,,無年齡維度,0.0,女,遷出,other,0
112,12,11,三峽區,,,,無年齡維度,0.0,男,遷出,other,0
112,12,11,三峽區,,,,無年齡維度,0.0,女,遷出,其他縣市,0
112,12,11,三峽區,,,,無年齡維度,0.0,男,遷出,其他縣市,0
112,12,11,三峽區,,,,無年齡維度,0.0,女,遷出,其他鄉鎮,73
112,12,11,三峽區,,,,無年齡維度,0.0,男,遷出,其他鄉鎮,51
112,12,11,三峽區,,,,無年齡維度,0.0,女,遷出,合計,324
112,12,11,三峽區,,,,無年齡維度,0.0,男,遷出,合計,260
112,12,11,三峽區,,,,無年齡維度,0.0,女,遷出,國外,6
112,12,11,三峽區,,,,無年齡維度,0.0,男,遷出,國外,5
112,12,11,三峽區,,,,無年齡維度,0.0,女,遷出,新北市內,0
112,12,11,三峽區,,,,無年齡維度,0.0,男,遷出,新北市內,0
112,12,11,三峽區,,,,無年齡維度,0.0,女,遷出,桃園市,24
112,12,11,三峽區,,,,無年齡維度,0.0,男,遷出,桃園市,17
112,12,11,三峽區,,,,無年齡維度,0.0,女,遷出,福建省,2
112,12,11,三峽區,,,,無年齡維度,0.0,男,遷出,福建省,4
112,12,11,三峽區,,,,無年齡維度,0.0,女,遷出,臺中市,16
112,12,11,三峽區,,,,無年齡維度,0.0,男,遷出,臺中市,7
112,12,11,三峽區,,,,無年齡維度,0.0,女,遷出,臺北市,139
112,12,11,三峽區,,,,無年齡維度,0.0,男,遷出,臺北市,116
112,12,11,三峽區,,,,無年齡維度,0.0,女,遷出,臺南市,5
112,12,11,三峽區,,,,無年齡維度,0.0,男,遷出,臺南市,5
112,12,11,三峽區,,,,無年齡維度,0.0,女,遷出,臺灣省,52
112,12,11,三峽區,,,,無年齡維度,0.0,男,遷出,臺灣省,48
112,12,11,三峽區,,,,無年齡維度,0.0,女,遷出,高雄市,7
112,12,11,三峽區,,,,無年齡維度,0.0,男,遷出,高雄市,6
112,12,12,淡水區,,,,無年齡維度,0.0,女,遷入,migrants,15
112,12,12,淡水區,,,,無年齡維度,0.0,男,遷入,migrants,14
112,12,12,淡水區,,,,無年齡維度,0.0,女,遷入,other,0
112,12,12,淡水區,,,,無年齡維度,0.0,男,遷入,other,0
112,12,12,淡水區,,,,無年齡維度,0.0,女,遷入,其他縣市,0
112,12,12,淡水區,,,,無年齡維度,0.0,男,遷入,其他縣市,0
112,12,12,淡水區,,,,無年齡維度,0.0,女,遷入,其他鄉鎮,8
112,12,12,淡水區,,,,無年齡維度,0.0,男,遷入,其他鄉鎮,10
112,12,12,淡水區,,,,無年齡維度,0.0,女,遷入,合計,34
112,12,12,淡水區,,,,無年齡維度,0.0,男,遷入,合計,33
112,12,12,淡水區,,,,無年齡維度,0.0,女,遷入,國外,2
112,12,12,淡水區,,,,無年齡維度,0.0,男,遷入,國外,2
112,12,12,淡水區,,,,無年齡維度,0.0,女,遷入,新北市內,0
112,12,12,淡水區,,,,無年齡維度,0.0,男,遷入,新北市內,0
112,12,12,淡水區,,,,無年齡維度,0.0,女,遷入,桃園市,2
112,12,12,淡水區,,,,無年齡維度,0.0,男,遷入,桃園市,1
112,12,12,淡水區,,,,無年齡維度,0.0,女,遷入,福建省,2
112,12,12,淡水區,,,,無年齡維度,0.0,男,遷入,福建省,2
112,12,12,淡水區,,,,無年齡維度,0.0,女,遷入,臺中市,2
112,12,12,淡水區,,,,無年齡維度,0.0,男,遷入,臺中市,0
112,12,12,淡水區,,,,無年齡維度,0.0,女,遷入,臺北市,4
112,12,12,淡水區,,,,無年齡維度,0.0,男,遷入,臺北市,4
112,12,12,淡水區,,,,無年齡維度,0.0,女,遷入,臺南市,0
112,12,12,淡水區,,,,無年齡維度,0.0,男,遷入,臺南市,0
112,12,12,淡水區,,,,無年齡維度,0.0,女,遷入,臺灣省,13
112,12,12,淡水區,,,,無年齡維度,0.0,男,遷入,臺灣省,14
112,12,12,淡水區,,,,無年齡維度,0.0,女,遷入,高雄市,1
112,12,12,淡水區,,,,無年齡維度,0.0,男,遷入,高雄市,0
112,12,12,淡水區,,,,無年齡維度,0.0,女,遷出,migrants,15
112,12,12,淡水區,,,,無年齡維度,0.0,男,遷出,migrants,14
112,12,12,淡水區,,,,無年齡維度,0.0,女,遷出,other,0
112,12,12,淡水區,,,,無年齡維度,0.0,男,遷出,other,0
112,12,12,淡水區,,,,無年齡維度,0.0,女,遷出,其他縣市,0
112,12,12,淡水區,,,,無年齡維度,0.0,男,遷出,其他縣市,0
112,12,12,淡水區,,,,無年齡維度,0.0,女,遷出,其他鄉鎮,11
112,12,12,淡水區,,,,無年齡維度,0.0,男,遷出,其他鄉鎮,14
112,12,12,淡水區,,,,無年齡維度,0.0,女,遷出,合計,45
112,12,12,淡水區,,,,無年齡維度,0.0,男,遷出,合計,34
112,12,12,淡水區,,,,無年齡維度,0.0,女,遷出,國外,0
112,12,12,淡水區,,,,無年齡維度,0.0,男,遷出,國外,1
112,12,12,淡水區,,,,無年齡維度,0.0,女,遷出,新北市內,0
112,12,12,淡水區,,,,無年齡維度,0.0,男,遷出,新北市內,0
112,12,12,淡水區,,,,無年齡維度,0.0,女,遷出,桃園市,4
112,12,12,淡水區,,,,無年齡維度,0.0,男,遷出,桃園市,1
112,12,12,淡水區,,,,無年齡維度,0.0,女,遷出,福建省,0
112,12,12,淡水區,,,,無年齡維度,0.0,男,遷出,福建省,0
112,12,12,淡水區,,,,無年齡維度,0.0,女,遷出,臺中市,1
112,12,12,淡水區,,,,無年齡維度,0.0,男,遷出,臺中市,1
112,12,12,淡水區,,,,無年齡維度,0.0,女,遷出,臺北市,7
112,12,12,淡水區,,,,無年齡維度,0.0,男,遷出,臺北市,4
112,12,12,淡水區,,,,無年齡維度,0.0,女,遷出,臺南市,0
112,12,12,淡水區,,,,無年齡維度,0.0,男,遷出,臺南市,0
112,12,12,淡水區,,,,無年齡維度,0.0,女,遷出,臺灣省,21
112,12,12,淡水區,,,,無年齡維度,0.0,男,遷出,臺灣省,13
112,12,12,淡水區,,,,無年齡維度,0.0,女,遷出,高雄市,1
112,12,12,淡水區,,,,無年齡維度,0.0,男,遷出,高雄市,0
112,12,13,汐止區,,,,無年齡維度,0.0,女,遷入,migrants,288
112,12,13,汐止區,,,,無年齡維度,0.0,男,遷入,migrants,218
112,12,13,汐止區,,,,無年齡維度,0.0,女,遷入,other,0
112,12,13,汐止區,,,,無年齡維度,0.0,男,遷入,other,0
112,12,13,汐止區,,,,無年齡維度,0.0,女,遷入,其他縣市,0
112,12,13,汐止區,,,,無年齡維度,0.0,男,遷入,其他縣市,0
112,12,13,汐止區,,,,無年齡維度,0.0,女,遷入,其他鄉鎮,219
112,12,13,汐止區,,,,無年齡維度,0.0,男,遷入,其他鄉鎮,158
112,12,13,汐止區,,,,無年齡維度,0.0,女,遷入,合計,411
112,12,13,汐止區,,,,無年齡維度,0.0,男,遷入,合計,309
112,12,13,汐止區,,,,無年齡維度,0.0,女,遷入,國外,46
112,12,13,汐止區,,,,無年齡維度,0.0,男,遷入,國外,32
112,12,13,汐止區,,,,無年齡維度,0.0,女,遷入,新北市內,0
112,12,13,汐止區,,,,無年齡維度,0.0,男,遷入,新北市內,0
112,12,13,汐止區,,,,無年齡維度,0.0,女,遷入,桃園市,29
112,12,13,汐止區,,,,無年齡維度,0.0,男,遷入,桃園市,22
112,12,13,汐止區,,,,無年齡維度,0.0,女,遷入,福建省,5
112,12,13,汐止區,,,,無年齡維度,0.0,男,遷入,福建省,2
112,12,13,汐止區,,,,無年齡維度,0.0,女,遷入,臺中市,10
112,12,13,汐止區,,,,無年齡維度,0.0,男,遷入,臺中市,7
112,12,13,汐止區,,,,無年齡維度,0.0,女,遷入,臺北市,38
112,12,13,汐止區,,,,無年齡維度,0.0,男,遷入,臺北市,40
112,12,13,汐止區,,,,無年齡維度,0.0,女,遷入,臺南市,5
112,12,13,汐止區,,,,無年齡維度,0.0,男,遷入,臺南市,5
112,12,13,汐止區,,,,無年齡維度,0.0,女,遷入,臺灣省,39
112,12,13,汐止區,,,,無年齡維度,0.0,男,遷入,臺灣省,29
112,12,13,汐止區,,,,無年齡維度,0.0,女,遷入,高雄市,9
112,12,13,汐止區,,,,無年齡維度,0.0,男,遷入,高雄市,7
112,12,13,汐止區,,,,無年齡維度,0.0,女,遷出,migrants,288
112,12,13,汐止區,,,,無年齡維度,0.0,男,遷出,migrants,218
112,12,13,汐止區,,,,無年齡維度,0.0,女,遷出,other,0
112,12,13,汐止區,,,,無年齡維度,0.0,男,遷出,other,0
112,12,13,汐止區,,,,無年齡維度,0.0,女,遷出,其他縣市,0
112,12,13,汐止區,,,,無年齡維度,0.0,男,遷出,其他縣市,0
112,12,13,汐止區,,,,無年齡維度,0.0,女,遷出,其他鄉鎮,147
112,12,13,汐止區,,,,無年齡維度,0.0,男,遷出,其他鄉鎮,119
112,12,13,汐止區,,,,無年齡維度,0.0,女,遷出,合計,267
112,12,13,汐止區,,,,無年齡維度,0.0,男,遷出,合計,238
112,12,13,汐止區,,,,無年齡維度,0.0,女,遷出,國外,3
112,12,13,汐止區,,,,無年齡維度,0.0,男,遷出,國外,5
112,12,13,汐止區,,,,無年齡維度,0.0,女,遷出,新北市內,0
112,12,13,汐止區,,,,無年齡維度,0.0,男,遷出,新北市內,0
112,12,13,汐止區,,,,無年齡維度,0.0,女,遷出,桃園市,22
112,12,13,汐止區,,,,無年齡維度,0.0,男,遷出,桃園市,24
112,12,13,汐止區,,,,無年齡維度,0.0,女,遷出,福建省,3
112,12,13,汐止區,,,,無年齡維度,0.0,男,遷出,福建省,3
112,12,13,汐止區,,,,無年齡維度,0.0,女,遷出,臺中市,8
112,12,13,汐止區,,,,無年齡維度,0.0,男,遷出,臺中市,5
112,12,13,汐止區,,,,無年齡維度,0.0,女,遷出,臺北市,48
112,12,13,汐止區,,,,無年齡維度,0.0,男,遷出,臺北市,33
112,12,13,汐止區,,,,無年齡維度,0.0,女,遷出,臺南市,6
112,12,13,汐止區,,,,無年齡維度,0.0,男,遷出,臺南市,5
112,12,13,汐止區,,,,無年齡維度,0.0,女,遷出,臺灣省,26
112,12,13,汐止區,,,,無年齡維度,0.0,男,遷出,臺灣省,34
112,12,13,汐止區,,,,無年齡維度,0.0,女,遷出,高雄市,4
112,12,13,汐止區,,,,無年齡維度,0.0,男,遷出,高雄市,10
112,12,14,瑞芳區,,,,無年齡維度,0.0,女,遷入,migrants,197
112,12,14,瑞芳區,,,,無年齡維度,0.0,男,遷入,migrants,148
112,12,14,瑞芳區,,,,無年齡維度,0.0,女,遷入,other,0
112,12,14,瑞芳區,,,,無年齡維度,0.0,男,遷入,other,0
112,12,14,瑞芳區,,,,無年齡維度,0.0,女,遷入,其他縣市,0
112,12,14,瑞芳區,,,,無年齡維度,0.0,男,遷入,其他縣市,0
112,12,14,瑞芳區,,,,無年齡維度,0.0,女,遷入,其他鄉鎮,122
112,12,14,瑞芳區,,,,無年齡維度,0.0,男,遷入,其他鄉鎮,76
112,12,14,瑞芳區,,,,無年齡維度,0.0,女,遷入,合計,254
112,12,14,瑞芳區,,,,無年齡維度,0.0,男,遷入,合計,207
112,12,14,瑞芳區,,,,無年齡維度,0.0,女,遷入,國外,24
112,12,14,瑞芳區,,,,無年齡維度,0.0,男,遷入,國外,19
112,12,14,瑞芳區,,,,無年齡維度,0.0,女,遷入,新北市內,0
112,12,14,瑞芳區,,,,無年齡維度,0.0,男,遷入,新北市內,0
112,12,14,瑞芳區,,,,無年齡維度,0.0,女,遷入,桃園市,7
112,12,14,瑞芳區,,,,無年齡維度,0.0,男,遷入,桃園市,8
112,12,14,瑞芳區,,,,無年齡維度,0.0,女,遷入,福建省,2
112,12,14,瑞芳區,,,,無年齡維度,0.0,男,遷入,福建省,4
112,12,14,瑞芳區,,,,無年齡維度,0.0,女,遷入,臺中市,3
112,12,14,瑞芳區,,,,無年齡維度,0.0,男,遷入,臺中市,3
112,12,14,瑞芳區,,,,無年齡維度,0.0,女,遷入,臺北市,65
112,12,14,瑞芳區,,,,無年齡維度,0.0,男,遷入,臺北市,67
112,12,14,瑞芳區,,,,無年齡維度,0.0,女,遷入,臺南市,1
112,12,14,瑞芳區,,,,無年齡維度,0.0,男,遷入,臺南市,5
112,12,14,瑞芳區,,,,無年齡維度,0.0,女,遷入,臺灣省,21
112,12,14,瑞芳區,,,,無年齡維度,0.0,男,遷入,臺灣省,16
112,12,14,瑞芳區,,,,無年齡維度,0.0,女,遷入,高雄市,4
112,12,14,瑞芳區,,,,無年齡維度,0.0,男,遷入,高雄市,4
112,12,14,瑞芳區,,,,無年齡維度,0.0,女,遷出,migrants,197
112,12,14,瑞芳區,,,,無年齡維度,0.0,男,遷出,migrants,148
112,12,14,瑞芳區,,,,無年齡維度,0.0,女,遷出,other,0
112,12,14,瑞芳區,,,,無年齡維度,0.0,男,遷出,other,0
112,12,14,瑞芳區,,,,無年齡維度,0.0,女,遷出,其他縣市,0
112,12,14,瑞芳區,,,,無年齡維度,0.0,男,遷出,其他縣市,0
112,12,14,瑞芳區,,,,無年齡維度,0.0,女,遷出,其他鄉鎮,153
112,12,14,瑞芳區,,,,無年齡維度,0.0,男,遷出,其他鄉鎮,112
112,12,14,瑞芳區,,,,無年齡維度,0.0,女,遷出,合計,272
112,12,14,瑞芳區,,,,無年齡維度,0.0,男,遷出,合計,203
112,12,14,瑞芳區,,,,無年齡維度,0.0,女,遷出,國外,2
112,12,14,瑞芳區,,,,無年齡維度,0.0,男,遷出,國外,3
112,12,14,瑞芳區,,,,無年齡維度,0.0,女,遷出,新北市內,0
112,12,14,瑞芳區,,,,無年齡維度,0.0,男,遷出,新北市內,0
112,12,14,瑞芳區,,,,無年齡維度,0.0,女,遷出,桃園市,19
112,12,14,瑞芳區,,,,無年齡維度,0.0,男,遷出,桃園市,13
112,12,14,瑞芳區,,,,無年齡維度,0.0,女,遷出,福建省,1
112,12,14,瑞芳區,,,,無年齡維度,0.0,男,遷出,福建省,1
112,12,14,瑞芳區,,,,無年齡維度,0.0,女,遷出,臺中市,12
112,12,14,瑞芳區,,,,無年齡維度,0.0,男,遷出,臺中市,7
112,12,14,瑞芳區,,,,無年齡維度,0.0,女,遷出,臺北市,57
112,12,14,瑞芳區,,,,無年齡維度,0.0,男,遷出,臺北市,43
112,12,14,瑞芳區,,,,無年齡維度,0.0,女,遷出,臺南市,0
112,12,14,瑞芳區,,,,無年齡維度,0.0,男,遷出,臺南市,0
112,12,14,瑞芳區,,,,無年齡維度,0.0,女,遷出,臺灣省,20
112,12,14,瑞芳區,,,,無年齡維度,0.0,男,遷出,臺灣省,20
112,12,14,瑞芳區,,,,無年齡維度,0.0,女,遷出,高雄市,8
112,12,14,瑞芳區,,,,無年齡維度,0.0,男,遷出,高雄市,4
112,12,15,五股區,,,,無年齡維度,0.0,女,遷入,migrants,105
112,12,15,五股區,,,,無年齡維度,0.0,男,遷入,migrants,74
112,12,15,五股區,,,,無年齡維度,0.0,女,遷入,other,0
112,12,15,五股區,,,,無年齡維度,0.0,男,遷入,other,0
112,12,15,五股區,,,,無年齡維度,0.0,女,遷入,其他縣市,0
112,12,15,五股區,,,,無年齡維度,0.0,男,遷入,其他縣市,0
112,12,15,五股區,,,,無年齡維度,0.0,女,遷入,其他鄉鎮,122
112,12,15,五股區,,,,無年齡維度,0.0,男,遷入,其他鄉鎮,104
112,12,15,五股區,,,,無年齡維度,0.0,女,遷入,合計,210
112,12,15,五股區,,,,無年齡維度,0.0,男,遷入,合計,170
112,12,15,五股區,,,,無年齡維度,0.0,女,遷入,國外,18
112,12,15,五股區,,,,無年齡維度,0.0,男,遷入,國外,8
112,12,15,五股區,,,,無年齡維度,0.0,女,遷入,新北市內,0
112,12,15,五股區,,,,無年齡維度,0.0,男,遷入,新北市內,0
112,12,15,五股區,,,,無年齡維度,0.0,女,遷入,桃園市,12
112,12,15,五股區,,,,無年齡維度,0.0,男,遷入,桃園市,7
112,12,15,五股區,,,,無年齡維度,0.0,女,遷入,福建省,0
112,12,15,五股區,,,,無年齡維度,0.0,男,遷入,福建省,0
112,12,15,五股區,,,,無年齡維度,0.0,女,遷入,臺中市,10
112,12,15,五股區,,,,無年齡維度,0.0,男,遷入,臺中市,2
112,12,15,五股區,,,,無年齡維度,0.0,女,遷入,臺北市,32
112,12,15,五股區,,,,無年齡維度,0.0,男,遷入,臺北市,28
112,12,15,五股區,,,,無年齡維度,0.0,女,遷入,臺南市,2
112,12,15,五股區,,,,無年齡維度,0.0,男,遷入,臺南市,1
112,12,15,五股區,,,,無年齡維度,0.0,女,遷入,臺灣省,6
112,12,15,五股區,,,,無年齡維度,0.0,男,遷入,臺灣省,16
112,12,15,五股區,,,,無年齡維度,0.0,女,遷入,高雄市,4
112,12,15,五股區,,,,無年齡維度,0.0,男,遷入,高雄市,3
112,12,15,五股區,,,,無年齡維度,0.0,女,遷出,migrants,105
112,12,15,五股區,,,,無年齡維度,0.0,男,遷出,migrants,74
112,12,15,五股區,,,,無年齡維度,0.0,女,遷出,other,0
112,12,15,五股區,,,,無年齡維度,0.0,男,遷出,other,0
112,12,15,五股區,,,,無年齡維度,0.0,女,遷出,其他縣市,0
112,12,15,五股區,,,,無年齡維度,0.0,男,遷出,其他縣市,0
112,12,15,五股區,,,,無年齡維度,0.0,女,遷出,其他鄉鎮,87
112,12,15,五股區,,,,無年齡維度,0.0,男,遷出,其他鄉鎮,63
112,12,15,五股區,,,,無年齡維度,0.0,女,遷出,合計,160
112,12,15,五股區,,,,無年齡維度,0.0,男,遷出,合計,115
112,12,15,五股區,,,,無年齡維度,0.0,女,遷出,國外,3
112,12,15,五股區,,,,無年齡維度,0.0,男,遷出,國外,2
112,12,15,五股區,,,,無年齡維度,0.0,女,遷出,新北市內,0
112,12,15,五股區,,,,無年齡維度,0.0,男,遷出,新北市內,0
112,12,15,五股區,,,,無年齡維度,0.0,女,遷出,桃園市,19
112,12,15,五股區,,,,無年齡維度,0.0,男,遷出,桃園市,10
112,12,15,五股區,,,,無年齡維度,0.0,女,遷出,福建省,0
112,12,15,五股區,,,,無年齡維度,0.0,男,遷出,福建省,0
112,12,15,五股區,,,,無年齡維度,0.0,女,遷出,臺中市,5
112,12,15,五股區,,,,無年齡維度,0.0,男,遷出,臺中市,2
112,12,15,五股區,,,,無年齡維度,0.0,女,遷出,臺北市,31
112,12,15,五股區,,,,無年齡維度,0.0,男,遷出,臺北市,19
112,12,15,五股區,,,,無年齡維度,0.0,女,遷出,臺南市,1
112,12,15,五股區,,,,無年齡維度,0.0,男,遷出,臺南市,2
112,12,15,五股區,,,,無年齡維度,0.0,女,遷出,臺灣省,12
112,12,15,五股區,,,,無年齡維度,0.0,男,遷出,臺灣省,15
112,12,15,五股區,,,,無年齡維度,0.0,女,遷出,高雄市,2
112,12,15,五股區,,,,無年齡維度,0.0,男,遷出,高雄市,2
112,12,16,泰山區,,,,無年齡維度,0.0,女,遷入,migrants,63
112,12,16,泰山區,,,,無年齡維度,0.0,男,遷入,migrants,77
112,12,16,泰山區,,,,無年齡維度,0.0,女,遷入,other,0
112,12,16,泰山區,,,,無年齡維度,0.0,男,遷入,other,0
112,12,16,泰山區,,,,無年齡維度,0.0,女,遷入,其他縣市,0
112,12,16,泰山區,,,,無年齡維度,0.0,男,遷入,其他縣市,0
112,12,16,泰山區,,,,無年齡維度,0.0,女,遷入,其他鄉鎮,81
112,12,16,泰山區,,,,無年齡維度,0.0,男,遷入,其他鄉鎮,84
112,12,16,泰山區,,,,無年齡維度,0.0,女,遷入,合計,148
112,12,16,泰山區,,,,無年齡維度,0.0,男,遷入,合計,131
112,12,16,泰山區,,,,無年齡維度,0.0,女,遷入,國外,8
112,12,16,泰山區,,,,無年齡維度,0.0,男,遷入,國外,6
112,12,16,泰山區,,,,無年齡維度,0.0,女,遷入,新北市內,0
112,12,16,泰山區,,,,無年齡維度,0.0,男,遷入,新北市內,0
112,12,16,泰山區,,,,無年齡維度,0.0,女,遷入,桃園市,14
112,12,16,泰山區,,,,無年齡維度,0.0,男,遷入,桃園市,5
112,12,16,泰山區,,,,無年齡維度,0.0,女,遷入,福建省,1
112,12,16,泰山區,,,,無年齡維度,0.0,男,遷入,福建省,1
112,12,16,泰山區,,,,無年齡維度,0.0,女,遷入,臺中市,4
112,12,16,泰山區,,,,無年齡維度,0.0,男,遷入,臺中市,4
112,12,16,泰山區,,,,無年齡維度,0.0,女,遷入,臺北市,15
112,12,16,泰山區,,,,無年齡維度,0.0,男,遷入,臺北市,15
112,12,16,泰山區,,,,無年齡維度,0.0,女,遷入,臺南市,1
112,12,16,泰山區,,,,無年齡維度,0.0,男,遷入,臺南市,2
112,12,16,泰山區,,,,無年齡維度,0.0,女,遷入,臺灣省,16
112,12,16,泰山區,,,,無年齡維度,0.0,男,遷入,臺灣省,12
112,12,16,泰山區,,,,無年齡維度,0.0,女,遷入,高雄市,2
112,12,16,泰山區,,,,無年齡維度,0.0,男,遷入,高雄市,2
112,12,16,泰山區,,,,無年齡維度,0.0,女,遷出,migrants,63
112,12,16,泰山區,,,,無年齡維度,0.0,男,遷出,migrants,77
112,12,16,泰山區,,,,無年齡維度,0.0,女,遷出,other,0
112,12,16,泰山區,,,,無年齡維度,0.0,男,遷出,other,0
112,12,16,泰山區,,,,無年齡維度,0.0,女,遷出,其他縣市,0
112,12,16,泰山區,,,,無年齡維度,0.0,男,遷出,其他縣市,0
112,12,16,泰山區,,,,無年齡維度,0.0,女,遷出,其他鄉鎮,64
112,12,16,泰山區,,,,無年齡維度,0.0,男,遷出,其他鄉鎮,41
112,12,16,泰山區,,,,無年齡維度,0.0,女,遷出,合計,119
112,12,16,泰山區,,,,無年齡維度,0.0,男,遷出,合計,81
112,12,16,泰山區,,,,無年齡維度,0.0,女,遷出,國外,5
112,12,16,泰山區,,,,無年齡維度,0.0,男,遷出,國外,2
112,12,16,泰山區,,,,無年齡維度,0.0,女,遷出,新北市內,0
112,12,16,泰山區,,,,無年齡維度,0.0,男,遷出,新北市內,0
112,12,16,泰山區,,,,無年齡維度,0.0,女,遷出,桃園市,19
112,12,16,泰山區,,,,無年齡維度,0.0,男,遷出,桃園市,8
112,12,16,泰山區,,,,無年齡維度,0.0,女,遷出,福建省,0
112,12,16,泰山區,,,,無年齡維度,0.0,男,遷出,福建省,0
112,12,16,泰山區,,,,無年齡維度,0.0,女,遷出,臺中市,2
112,12,16,泰山區,,,,無年齡維度,0.0,男,遷出,臺中市,2
112,12,16,泰山區,,,,無年齡維度,0.0,女,遷出,臺北市,10
112,12,16,泰山區,,,,無年齡維度,0.0,男,遷出,臺北市,11
112,12,16,泰山區,,,,無年齡維度,0.0,女,遷出,臺南市,6
112,12,16,泰山區,,,,無年齡維度,0.0,男,遷出,臺南市,3
112,12,16,泰山區,,,,無年齡維度,0.0,女,遷出,臺灣省,12
112,12,16,泰山區,,,,無年齡維度,0.0,男,遷出,臺灣省,12
112,12,16,泰山區,,,,無年齡維度,0.0,女,遷出,高雄市,1
112,12,16,泰山區,,,,無年齡維度,0.0,男,遷出,高雄市,2
112,12,17,林口區,,,,無年齡維度,0.0,女,遷入,migrants,186
112,12,17,林口區,,,,無年齡維度,0.0,男,遷入,migrants,159
112,12,17,林口區,,,,無年齡維度,0.0,女,遷入,other,0
112,12,17,林口區,,,,無年齡維度,0.0,男,遷入,other,0
112,12,17,林口區,,,,無年齡維度,0.0,女,遷入,其他縣市,0
112,12,17,林口區,,,,無年齡維度,0.0,男,遷入,其他縣市,0
112,12,17,林口區,,,,無年齡維度,0.0,女,遷入,其他鄉鎮,96
112,12,17,林口區,,,,無年齡維度,0.0,男,遷入,其他鄉鎮,79
112,12,17,林口區,,,,無年齡維度,0.0,女,遷入,合計,363
112,12,17,林口區,,,,無年齡維度,0.0,男,遷入,合計,321
112,12,17,林口區,,,,無年齡維度,0.0,女,遷入,國外,51
112,12,17,林口區,,,,無年齡維度,0.0,男,遷入,國外,43
112,12,17,林口區,,,,無年齡維度,0.0,女,遷入,新北市內,0
112,12,17,林口區,,,,無年齡維度,0.0,男,遷入,新北市內,0
112,12,17,林口區,,,,無年齡維度,0.0,女,遷入,桃園市,85
112,12,17,林口區,,,,無年齡維度,0.0,男,遷入,桃園市,75
112,12,17,林口區,,,,無年齡維度,0.0,女,遷入,福建省,2
112,12,17,林口區,,,,無年齡維度,0.0,男,遷入,福建省,3
112,12,17,林口區,,,,無年齡維度,0.0,女,遷入,臺中市,7
112,12,17,林口區,,,,無年齡維度,0.0,男,遷入,臺中市,9
112,12,17,林口區,,,,無年齡維度,0.0,女,遷入,臺北市,59
112,12,17,林口區,,,,無年齡維度,0.0,男,遷入,臺北市,56
112,12,17,林口區,,,,無年齡維度,0.0,女,遷入,臺南市,3
112,12,17,林口區,,,,無年齡維度,0.0,男,遷入,臺南市,3
112,12,17,林口區,,,,無年齡維度,0.0,女,遷入,臺灣省,37
112,12,17,林口區,,,,無年齡維度,0.0,男,遷入,臺灣省,35
112,12,17,林口區,,,,無年齡維度,0.0,女,遷入,高雄市,9
112,12,17,林口區,,,,無年齡維度,0.0,男,遷入,高雄市,9
112,12,17,林口區,,,,無年齡維度,0.0,女,遷出,migrants,186
112,12,17,林口區,,,,無年齡維度,0.0,男,遷出,migrants,159
112,12,17,林口區,,,,無年齡維度,0.0,女,遷出,other,0
112,12,17,林口區,,,,無年齡維度,0.0,男,遷出,other,0
112,12,17,林口區,,,,無年齡維度,0.0,女,遷出,其他縣市,0
112,12,17,林口區,,,,無年齡維度,0.0,男,遷出,其他縣市,0
112,12,17,林口區,,,,無年齡維度,0.0,女,遷出,其他鄉鎮,48
112,12,17,林口區,,,,無年齡維度,0.0,男,遷出,其他鄉鎮,53
112,12,17,林口區,,,,無年齡維度,0.0,女,遷出,合計,193
112,12,17,林口區,,,,無年齡維度,0.0,男,遷出,合計,170
112,12,17,林口區,,,,無年齡維度,0.0,女,遷出,國外,4
112,12,17,林口區,,,,無年齡維度,0.0,男,遷出,國外,9
112,12,17,林口區,,,,無年齡維度,0.0,女,遷出,新北市內,0
112,12,17,林口區,,,,無年齡維度,0.0,男,遷出,新北市內,0
112,12,17,林口區,,,,無年齡維度,0.0,女,遷出,桃園市,68
112,12,17,林口區,,,,無年齡維度,0.0,男,遷出,桃園市,54
112,12,17,林口區,,,,無年齡維度,0.0,女,遷出,福建省,0
112,12,17,林口區,,,,無年齡維度,0.0,男,遷出,福建省,0
112,12,17,林口區,,,,無年齡維度,0.0,女,遷出,臺中市,5
112,12,17,林口區,,,,無年齡維度,0.0,男,遷出,臺中市,1
112,12,17,林口區,,,,無年齡維度,0.0,女,遷出,臺北市,41
112,12,17,林口區,,,,無年齡維度,0.0,男,遷出,臺北市,29
112,12,17,林口區,,,,無年齡維度,0.0,女,遷出,臺南市,2
112,12,17,林口區,,,,無年齡維度,0.0,男,遷出,臺南市,5
112,12,17,林口區,,,,無年齡維度,0.0,女,遷出,臺灣省,21
112,12,17,林口區,,,,無年齡維度,0.0,男,遷出,臺灣省,17
112,12,17,林口區,,,,無年齡維度,0.0,女,遷出,高雄市,4
112,12,17,林口區,,,,無年齡維度,0.0,男,遷出,高雄市,2
112,12,18,八里區,,,,無年齡維度,0.0,女,遷入,migrants,16
112,12,18,八里區,,,,無年齡維度,0.0,男,遷入,migrants,14
112,12,18,八里區,,,,無年齡維度,0.0,女,遷入,other,0
112,12,18,八里區,,,,無年齡維度,0.0,男,遷入,other,0
112,12,18,八里區,,,,無年齡維度,0.0,女,遷入,其他縣市,0
112,12,18,八里區,,,,無年齡維度,0.0,男,遷入,其他縣市,0
112,12,18,八里區,,,,無年齡維度,0.0,女,遷入,其他鄉鎮,5
112,12,18,八里區,,,,無年齡維度,0.0,男,遷入,其他鄉鎮,7
112,12,18,八里區,,,,無年齡維度,0.0,女,遷入,合計,38
112,12,18,八里區,,,,無年齡維度,0.0,男,遷入,合計,29
112,12,18,八里區,,,,無年齡維度,0.0,女,遷入,國外,4
112,12,18,八里區,,,,無年齡維度,0.0,男,遷入,國外,3
112,12,18,八里區,,,,無年齡維度,0.0,女,遷入,新北市內,0
112,12,18,八里區,,,,無年齡維度,0.0,男,遷入,新北市內,0
112,12,18,八里區,,,,無年齡維度,0.0,女,遷入,桃園市,2
112,12,18,八里區,,,,無年齡維度,0.0,男,遷入,桃園市,3
112,12,18,八里區,,,,無年齡維度,0.0,女,遷入,福建省,1
112,12,18,八里區,,,,無年齡維度,0.0,男,遷入,福建省,0
112,12,18,八里區,,,,無年齡維度,0.0,女,遷入,臺中市,4
112,12,18,八里區,,,,無年齡維度,0.0,男,遷入,臺中市,1
112,12,18,八里區,,,,無年齡維度,0.0,女,遷入,臺北市,14
112,12,18,八里區,,,,無年齡維度,0.0,男,遷入,臺北市,10
112,12,18,八里區,,,,無年齡維度,0.0,女,遷入,臺南市,0
112,12,18,八里區,,,,無年齡維度,0.0,男,遷入,臺南市,1
112,12,18,八里區,,,,無年齡維度,0.0,女,遷入,臺灣省,7
112,12,18,八里區,,,,無年齡維度,0.0,男,遷入,臺灣省,4
112,12,18,八里區,,,,無年齡維度,0.0,女,遷入,高雄市,0
112,12,18,八里區,,,,無年齡維度,0.0,男,遷入,高雄市,0
112,12,18,八里區,,,,無年齡維度,0.0,女,遷出,migrants,16
112,12,18,八里區,,,,無年齡維度,0.0,男,遷出,migrants,14
112,12,18,八里區,,,,無年齡維度,0.0,女,遷出,other,0
112,12,18,八里區,,,,無年齡維度,0.0,男,遷出,other,0
112,12,18,八里區,,,,無年齡維度,0.0,女,遷出,其他縣市,0
112,12,18,八里區,,,,無年齡維度,0.0,男,遷出,其他縣市,0
112,12,18,八里區,,,,無年齡維度,0.0,女,遷出,其他鄉鎮,6
112,12,18,八里區,,,,無年齡維度,0.0,男,遷出,其他鄉鎮,10
112,12,18,八里區,,,,無年齡維度,0.0,女,遷出,合計,33
112,12,18,八里區,,,,無年齡維度,0.0,男,遷出,合計,37
112,12,18,八里區,,,,無年齡維度,0.0,女,遷出,國外,1
112,12,18,八里區,,,,無年齡維度,0.0,男,遷出,國外,1
112,12,18,八里區,,,,無年齡維度,0.0,女,遷出,新北市內,0
112,12,18,八里區,,,,無年齡維度,0.0,男,遷出,新北市內,0
112,12,18,八里區,,,,無年齡維度,0.0,女,遷出,桃園市,6
112,12,18,八里區,,,,無年齡維度,0.0,男,遷出,桃園市,8
112,12,18,八里區,,,,無年齡維度,0.0,女,遷出,福建省,0
112,12,18,八里區,,,,無年齡維度,0.0,男,遷出,福建省,1
112,12,18,八里區,,,,無年齡維度,0.0,女,遷出,臺中市,0
112,12,18,八里區,,,,無年齡維度,0.0,男,遷出,臺中市,0
112,12,18,八里區,,,,無年齡維度,0.0,女,遷出,臺北市,11
112,12,18,八里區,,,,無年齡維度,0.0,男,遷出,臺北市,10
112,12,18,八里區,,,,無年齡維度,0.0,女,遷出,臺南市,0
112,12,18,八里區,,,,無年齡維度,0.0,男,遷出,臺南市,0
112,12,18,八里區,,,,無年齡維度,0.0,女,遷出,臺灣省,4
112,12,18,八里區,,,,無年齡維度,0.0,男,遷出,臺灣省,3
112,12,18,八里區,,,,無年齡維度,0.0,女,遷出,高雄市,5
112,12,18,八里區,,,,無年齡維度,0.0,男,遷出,高雄市,4
112,12,19,深坑區,,,,無年齡維度,0.0,女,遷入,migrants,5
112,12,19,深坑區,,,,無年齡維度,0.0,男,遷入,migrants,1
112,12,19,深坑區,,,,無年齡維度,0.0,女,遷入,other,0
112,12,19,深坑區,,,,無年齡維度,0.0,男,遷入,other,0
112,12,19,深坑區,,,,無年齡維度,0.0,女,遷入,其他縣市,0
112,12,19,深坑區,,,,無年齡維度,0.0,男,遷入,其他縣市,0
112,12,19,深坑區,,,,無年齡維度,0.0,女,遷入,其他鄉鎮,3
112,12,19,深坑區,,,,無年齡維度,0.0,男,遷入,其他鄉鎮,2
112,12,19,深坑區,,,,無年齡維度,0.0,女,遷入,合計,6
112,12,19,深坑區,,,,無年齡維度,0.0,男,遷入,合計,9
112,12,19,深坑區,,,,無年齡維度,0.0,女,遷入,國外,0
112,12,19,深坑區,,,,無年齡維度,0.0,男,遷入,國外,2
112,12,19,深坑區,,,,無年齡維度,0.0,女,遷入,新北市內,0
112,12,19,深坑區,,,,無年齡維度,0.0,男,遷入,新北市內,0
112,12,19,深坑區,,,,無年齡維度,0.0,女,遷入,桃園市,0
112,12,19,深坑區,,,,無年齡維度,0.0,男,遷入,桃園市,0
112,12,19,深坑區,,,,無年齡維度,0.0,女,遷入,福建省,0
112,12,19,深坑區,,,,無年齡維度,0.0,男,遷入,福建省,0
112,12,19,深坑區,,,,無年齡維度,0.0,女,遷入,臺中市,0
112,12,19,深坑區,,,,無年齡維度,0.0,男,遷入,臺中市,0
112,12,19,深坑區,,,,無年齡維度,0.0,女,遷入,臺北市,1
112,12,19,深坑區,,,,無年齡維度,0.0,男,遷入,臺北市,5
112,12,19,深坑區,,,,無年齡維度,0.0,女,遷入,臺南市,0
112,12,19,深坑區,,,,無年齡維度,0.0,男,遷入,臺南市,0
112,12,19,深坑區,,,,無年齡維度,0.0,女,遷入,臺灣省,2
112,12,19,深坑區,,,,無年齡維度,0.0,男,遷入,臺灣省,0
112,12,19,深坑區,,,,無年齡維度,0.0,女,遷入,高雄市,0
112,12,19,深坑區,,,,無年齡維度,0.0,男,遷入,高雄市,0
112,12,19,深坑區,,,,無年齡維度,0.0,女,遷出,migrants,5
112,12,19,深坑區,,,,無年齡維度,0.0,男,遷出,migrants,1
112,12,19,深坑區,,,,無年齡維度,0.0,女,遷出,other,0
112,12,19,深坑區,,,,無年齡維度,0.0,男,遷出,other,0
112,12,19,深坑區,,,,無年齡維度,0.0,女,遷出,其他縣市,0
112,12,19,深坑區,,,,無年齡維度,0.0,男,遷出,其他縣市,0
112,12,19,深坑區,,,,無年齡維度,0.0,女,遷出,其他鄉鎮,7
112,12,19,深坑區,,,,無年齡維度,0.0,男,遷出,其他鄉鎮,4
112,12,19,深坑區,,,,無年齡維度,0.0,女,遷出,合計,10
112,12,19,深坑區,,,,無年齡維度,0.0,男,遷出,合計,7
112,12,19,深坑區,,,,無年齡維度,0.0,女,遷出,國外,0
112,12,19,深坑區,,,,無年齡維度,0.0,男,遷出,國外,0
112,12,19,深坑區,,,,無年齡維度,0.0,女,遷出,新北市內,0
112,12,19,深坑區,,,,無年齡維度,0.0,男,遷出,新北市內,0
112,12,19,深坑區,,,,無年齡維度,0.0,女,遷出,桃園市,1
112,12,19,深坑區,,,,無年齡維度,0.0,男,遷出,桃園市,1
112,12,19,深坑區,,,,無年齡維度,0.0,女,遷出,福建省,0
112,12,19,深坑區,,,,無年齡維度,0.0,男,遷出,福建省,0
112,12,19,深坑區,,,,無年齡維度,0.0,女,遷出,臺中市,0
112,12,19,深坑區,,,,無年齡維度,0.0,男,遷出,臺中市,0
112,12,19,深坑區,,,,無年齡維度,0.0,女,遷出,臺北市,0
112,12,19,深坑區,,,,無年齡維度,0.0,男,遷出,臺北市,1
112,12,19,深坑區,,,,無年齡維度,0.0,女,遷出,臺南市,1
112,12,19,深坑區,,,,無年齡維度,0.0,男,遷出,臺南市,1
112,12,19,深坑區,,,,無年齡維度,0.0,女,遷出,臺灣省,0
112,12,19,深坑區,,,,無年齡維度,0.0,男,遷出,臺灣省,0
112,12,19,深坑區,,,,無年齡維度,0.0,女,遷出,高雄市,1
112,12,19,深坑區,,,,無年齡維度,0.0,男,遷出,高雄市,0
112,12,20,石碇區,,,,無年齡維度,0.0,女,遷入,migrants,3
112,12,20,石碇區,,,,無年齡維度,0.0,男,遷入,migrants,1
112,12,20,石碇區,,,,無年齡維度,0.0,女,遷入,other,0
112,12,20,石碇區,,,,無年齡維度,0.0,男,遷入,other,0
112,12,20,石碇區,,,,無年齡維度,0.0,女,遷入,其他縣市,0
112,12,20,石碇區,,,,無年齡維度,0.0,男,遷入,其他縣市,0
112,12,20,石碇區,,,,無年齡維度,0.0,女,遷入,其他鄉鎮,5
112,12,20,石碇區,,,,無年齡維度,0.0,男,遷入,其他鄉鎮,1
112,12,20,石碇區,,,,無年齡維度,0.0,女,遷入,合計,7
112,12,20,石碇區,,,,無年齡維度,0.0,男,遷入,合計,4
112,12,20,石碇區,,,,無年齡維度,0.0,女,遷入,國外,0
112,12,20,石碇區,,,,無年齡維度,0.0,男,遷入,國外,1
112,12,20,石碇區,,,,無年齡維度,0.0,女,遷入,新北市內,0
112,12,20,石碇區,,,,無年齡維度,0.0,男,遷入,新北市內,0
112,12,20,石碇區,,,,無年齡維度,0.0,女,遷入,桃園市,0
112,12,20,石碇區,,,,無年齡維度,0.0,男,遷入,桃園市,0
112,12,20,石碇區,,,,無年齡維度,0.0,女,遷入,福建省,0
112,12,20,石碇區,,,,無年齡維度,0.0,男,遷入,福建省,0
112,12,20,石碇區,,,,無年齡維度,0.0,女,遷入,臺中市,0
112,12,20,石碇區,,,,無年齡維度,0.0,男,遷入,臺中市,0
112,12,20,石碇區,,,,無年齡維度,0.0,女,遷入,臺北市,1
112,12,20,石碇區,,,,無年齡維度,0.0,男,遷入,臺北市,1
112,12,20,石碇區,,,,無年齡維度,0.0,女,遷入,臺南市,1
112,12,20,石碇區,,,,無年齡維度,0.0,男,遷入,臺南市,0
112,12,20,石碇區,,,,無年齡維度,0.0,女,遷入,臺灣省,0
112,12,20,石碇區,,,,無年齡維度,0.0,男,遷入,臺灣省,0
112,12,20,石碇區,,,,無年齡維度,0.0,女,遷入,高雄市,0
112,12,20,石碇區,,,,無年齡維度,0.0,男,遷入,高雄市,0
112,12,20,石碇區,,,,無年齡維度,0.0,女,遷出,migrants,3
112,12,20,石碇區,,,,無年齡維度,0.0,男,遷出,migrants,1
112,12,20,石碇區,,,,無年齡維度,0.0,女,遷出,other,0
112,12,20,石碇區,,,,無年齡維度,0.0,男,遷出,other,0
112,12,20,石碇區,,,,無年齡維度,0.0,女,遷出,其他縣市,0
112,12,20,石碇區,,,,無年齡維度,0.0,男,遷出,其他縣市,0
112,12,20,石碇區,,,,無年齡維度,0.0,女,遷出,其他鄉鎮,2
112,12,20,石碇區,,,,無年齡維度,0.0,男,遷出,其他鄉鎮,2
112,12,20,石碇區,,,,無年齡維度,0.0,女,遷出,合計,7
112,12,20,石碇區,,,,無年齡維度,0.0,男,遷出,合計,7
112,12,20,石碇區,,,,無年齡維度,0.0,女,遷出,國外,0
112,12,20,石碇區,,,,無年齡維度,0.0,男,遷出,國外,0
112,12,20,石碇區,,,,無年齡維度,0.0,女,遷出,新北市內,0
112,12,20,石碇區,,,,無年齡維度,0.0,男,遷出,新北市內,0
112,12,20,石碇區,,,,無年齡維度,0.0,女,遷出,桃園市,0
112,12,20,石碇區,,,,無年齡維度,0.0,男,遷出,桃園市,0
112,12,20,石碇區,,,,無年齡維度,0.0,女,遷出,福建省,0
112,12,20,石碇區,,,,無年齡維度,0.0,男,遷出,福建省,1
112,12,20,石碇區,,,,無年齡維度,0.0,女,遷出,臺中市,2
112,12,20,石碇區,,,,無年齡維度,0.0,男,遷出,臺中市,2
112,12,20,石碇區,,,,無年齡維度,0.0,女,遷出,臺北市,3
112,12,20,石碇區,,,,無年齡維度,0.0,男,遷出,臺北市,1
112,12,20,石碇區,,,,無年齡維度,0.0,女,遷出,臺南市,0
112,12,20,石碇區,,,,無年齡維度,0.0,男,遷出,臺南市,0
112,12,20,石碇區,,,,無年齡維度,0.0,女,遷出,臺灣省,0
112,12,20,石碇區,,,,無年齡維度,0.0,男,遷出,臺灣省,0
112,12,20,石碇區,,,,無年齡維度,0.0,女,遷出,高雄市,0
112,12,20,石碇區,,,,無年齡維度,0.0,男,遷出,高雄市,0
112,12,21,坪林區,,,,無年齡維度,0.0,女,遷入,migrants,9
112,12,21,坪林區,,,,無年齡維度,0.0,男,遷入,migrants,6
112,12,21,坪林區,,,,無年齡維度,0.0,女,遷入,other,0
112,12,21,坪林區,,,,無年齡維度,0.0,男,遷入,other,0
112,12,21,坪林區,,,,無年齡維度,0.0,女,遷入,其他縣市,0
112,12,21,坪林區,,,,無年齡維度,0.0,男,遷入,其他縣市,0
112,12,21,坪林區,,,,無年齡維度,0.0,女,遷入,其他鄉鎮,28
112,12,21,坪林區,,,,無年齡維度,0.0,男,遷入,其他鄉鎮,26
112,12,21,坪林區,,,,無年齡維度,0.0,女,遷入,合計,48
112,12,21,坪林區,,,,無年齡維度,0.0,男,遷入,合計,38
112,12,21,坪林區,,,,無年齡維度,0.0,女,遷入,國外,7
112,12,21,坪林區,,,,無年齡維度,0.0,男,遷入,國外,6
112,12,21,坪林區,,,,無年齡維度,0.0,女,遷入,新北市內,0
112,12,21,坪林區,,,,無年齡維度,0.0,男,遷入,新北市內,0
112,12,21,坪林區,,,,無年齡維度,0.0,女,遷入,桃園市,0
112,12,21,坪林區,,,,無年齡維度,0.0,男,遷入,桃園市,1
112,12,21,坪林區,,,,無年齡維度,0.0,女,遷入,福建省,0
112,12,21,坪林區,,,,無年齡維度,0.0,男,遷入,福建省,0
112,12,21,坪林區,,,,無年齡維度,0.0,女,遷入,臺中市,1
112,12,21,坪林區,,,,無年齡維度,0.0,男,遷入,臺中市,2
112,12,21,坪林區,,,,無年齡維度,0.0,女,遷入,臺北市,6
112,12,21,坪林區,,,,無年齡維度,0.0,男,遷入,臺北市,3
112,12,21,坪林區,,,,無年齡維度,0.0,女,遷入,臺南市,2
112,12,21,坪林區,,,,無年齡維度,0.0,男,遷入,臺南市,0
112,12,21,坪林區,,,,無年齡維度,0.0,女,遷入,臺灣省,3
112,12,21,坪林區,,,,無年齡維度,0.0,男,遷入,臺灣省,0
112,12,21,坪林區,,,,無年齡維度,0.0,女,遷入,高雄市,1
112,12,21,坪林區,,,,無年齡維度,0.0,男,遷入,高雄市,0
112,12,21,坪林區,,,,無年齡維度,0.0,女,遷出,migrants,9
112,12,21,坪林區,,,,無年齡維度,0.0,男,遷出,migrants,6
112,12,21,坪林區,,,,無年齡維度,0.0,女,遷出,other,0
112,12,21,坪林區,,,,無年齡維度,0.0,男,遷出,other,0
112,12,21,坪林區,,,,無年齡維度,0.0,女,遷出,其他縣市,0
112,12,21,坪林區,,,,無年齡維度,0.0,男,遷出,其他縣市,0
112,12,21,坪林區,,,,無年齡維度,0.0,女,遷出,其他鄉鎮,21
112,12,21,坪林區,,,,無年齡維度,0.0,男,遷出,其他鄉鎮,13
112,12,21,坪林區,,,,無年齡維度,0.0,女,遷出,合計,33
112,12,21,坪林區,,,,無年齡維度,0.0,男,遷出,合計,26
112,12,21,坪林區,,,,無年齡維度,0.0,女,遷出,國外,0
112,12,21,坪林區,,,,無年齡維度,0.0,男,遷出,國外,0
112,12,21,坪林區,,,,無年齡維度,0.0,女,遷出,新北市內,0
112,12,21,坪林區,,,,無年齡維度,0.0,男,遷出,新北市內,0
112,12,21,坪林區,,,,無年齡維度,0.0,女,遷出,桃園市,3
112,12,21,坪林區,,,,無年齡維度,0.0,男,遷出,桃園市,3
112,12,21,坪林區,,,,無年齡維度,0.0,女,遷出,福建省,0
112,12,21,坪林區,,,,無年齡維度,0.0,男,遷出,福建省,0
112,12,21,坪林區,,,,無年齡維度,0.0,女,遷出,臺中市,4
112,12,21,坪林區,,,,無年齡維度,0.0,男,遷出,臺中市,4
112,12,21,坪林區,,,,無年齡維度,0.0,女,遷出,臺北市,3
112,12,21,坪林區,,,,無年齡維度,0.0,男,遷出,臺北市,4
112,12,21,坪林區,,,,無年齡維度,0.0,女,遷出,臺南市,0
112,12,21,坪林區,,,,無年齡維度,0.0,男,遷出,臺南市,0
112,12,21,坪林區,,,,無年齡維度,0.0,女,遷出,臺灣省,1
112,12,21,坪林區,,,,無年齡維度,0.0,男,遷出,臺灣省,1
112,12,21,坪林區,,,,無年齡維度,0.0,女,遷出,高雄市,1
112,12,21,坪林區,,,,無年齡維度,0.0,男,遷出,高雄市,1
112,12,22,三芝區,,,,無年齡維度,0.0,女,遷入,migrants,4
112,12,22,三芝區,,,,無年齡維度,0.0,男,遷入,migrants,3
112,12,22,三芝區,,,,無年齡維度,0.0,女,遷入,other,0
112,12,22,三芝區,,,,無年齡維度,0.0,男,遷入,other,0
112,12,22,三芝區,,,,無年齡維度,0.0,女,遷入,其他縣市,0
112,12,22,三芝區,,,,無年齡維度,0.0,男,遷入,其他縣市,0
112,12,22,三芝區,,,,無年齡維度,0.0,女,遷入,其他鄉鎮,7
112,12,22,三芝區,,,,無年齡維度,0.0,男,遷入,其他鄉鎮,2
112,12,22,三芝區,,,,無年齡維度,0.0,女,遷入,合計,9
112,12,22,三芝區,,,,無年齡維度,0.0,男,遷入,合計,4
112,12,22,三芝區,,,,無年齡維度,0.0,女,遷入,國外,0
112,12,22,三芝區,,,,無年齡維度,0.0,男,遷入,國外,0
112,12,22,三芝區,,,,無年齡維度,0.0,女,遷入,新北市內,0
112,12,22,三芝區,,,,無年齡維度,0.0,男,遷入,新北市內,0
112,12,22,三芝區,,,,無年齡維度,0.0,女,遷入,桃園市,0
112,12,22,三芝區,,,,無年齡維度,0.0,男,遷入,桃園市,0
112,12,22,三芝區,,,,無年齡維度,0.0,女,遷入,福建省,0
112,12,22,三芝區,,,,無年齡維度,0.0,男,遷入,福建省,0
112,12,22,三芝區,,,,無年齡維度,0.0,女,遷入,臺中市,0
112,12,22,三芝區,,,,無年齡維度,0.0,男,遷入,臺中市,1
112,12,22,三芝區,,,,無年齡維度,0.0,女,遷入,臺北市,0
112,12,22,三芝區,,,,無年齡維度,0.0,男,遷入,臺北市,0
112,12,22,三芝區,,,,無年齡維度,0.0,女,遷入,臺南市,0
112,12,22,三芝區,,,,無年齡維度,0.0,男,遷入,臺南市,0
112,12,22,三芝區,,,,無年齡維度,0.0,女,遷入,臺灣省,1
112,12,22,三芝區,,,,無年齡維度,0.0,男,遷入,臺灣省,1
112,12,22,三芝區,,,,無年齡維度,0.0,女,遷入,高雄市,1
112,12,22,三芝區,,,,無年齡維度,0.0,男,遷入,高雄市,0
112,12,22,三芝區,,,,無年齡維度,0.0,女,遷出,migrants,4
112,12,22,三芝區,,,,無年齡維度,0.0,男,遷出,migrants,3
112,12,22,三芝區,,,,無年齡維度,0.0,女,遷出,other,0
112,12,22,三芝區,,,,無年齡維度,0.0,男,遷出,other,0
112,12,22,三芝區,,,,無年齡維度,0.0,女,遷出,其他縣市,0
112,12,22,三芝區,,,,無年齡維度,0.0,男,遷出,其他縣市,0
112,12,22,三芝區,,,,無年齡維度,0.0,女,遷出,其他鄉鎮,15
112,12,22,三芝區,,,,無年齡維度,0.0,男,遷出,其他鄉鎮,8
112,12,22,三芝區,,,,無年齡維度,0.0,女,遷出,合計,16
112,12,22,三芝區,,,,無年齡維度,0.0,男,遷出,合計,12
112,12,22,三芝區,,,,無年齡維度,0.0,女,遷出,國外,0
112,12,22,三芝區,,,,無年齡維度,0.0,男,遷出,國外,0
112,12,22,三芝區,,,,無年齡維度,0.0,女,遷出,新北市內,0
112,12,22,三芝區,,,,無年齡維度,0.0,男,遷出,新北市內,0
112,12,22,三芝區,,,,無年齡維度,0.0,女,遷出,桃園市,0
112,12,22,三芝區,,,,無年齡維度,0.0,男,遷出,桃園市,3
112,12,22,三芝區,,,,無年齡維度,0.0,女,遷出,福建省,0
112,12,22,三芝區,,,,無年齡維度,0.0,男,遷出,福建省,0
112,12,22,三芝區,,,,無年齡維度,0.0,女,遷出,臺中市,1
112,12,22,三芝區,,,,無年齡維度,0.0,男,遷出,臺中市,0
112,12,22,三芝區,,,,無年齡維度,0.0,女,遷出,臺北市,0
112,12,22,三芝區,,,,無年齡維度,0.0,男,遷出,臺北市,0
112,12,22,三芝區,,,,無年齡維度,0.0,女,遷出,臺南市,0
112,12,22,三芝區,,,,無年齡維度,0.0,男,遷出,臺南市,0
112,12,22,三芝區,,,,無年齡維度,0.0,女,遷出,臺灣省,0
112,12,22,三芝區,,,,無年齡維度,0.0,男,遷出,臺灣省,1
112,12,22,三芝區,,,,無年齡維度,0.0,女,遷出,高雄市,0
112,12,22,三芝區,,,,無年齡維度,0.0,男,遷出,高雄市,0
112,12,23,石門區,,,,無年齡維度,0.0,女,遷入,migrants,40
112,12,23,石門區,,,,無年齡維度,0.0,男,遷入,migrants,49
112,12,23,石門區,,,,無年齡維度,0.0,女,遷入,other,0
112,12,23,石門區,,,,無年齡維度,0.0,男,遷入,other,0
112,12,23,石門區,,,,無年齡維度,0.0,女,遷入,其他縣市,0
112,12,23,石門區,,,,無年齡維度,0.0,男,遷入,其他縣市,0
112,12,23,石門區,,,,無年齡維度,0.0,女,遷入,其他鄉鎮,38
112,12,23,石門區,,,,無年齡維度,0.0,男,遷入,其他鄉鎮,48
112,12,23,石門區,,,,無年齡維度,0.0,女,遷入,合計,88
112,12,23,石門區,,,,無年齡維度,0.0,男,遷入,合計,83
112,12,23,石門區,,,,無年齡維度,0.0,女,遷入,國外,8
112,12,23,石門區,,,,無年齡維度,0.0,男,遷入,國外,6
112,12,23,石門區,,,,無年齡維度,0.0,女,遷入,新北市內,0
112,12,23,石門區,,,,無年齡維度,0.0,男,遷入,新北市內,0
112,12,23,石門區,,,,無年齡維度,0.0,女,遷入,桃園市,9
112,12,23,石門區,,,,無年齡維度,0.0,男,遷入,桃園市,7
112,12,23,石門區,,,,無年齡維度,0.0,女,遷入,福建省,1
112,12,23,石門區,,,,無年齡維度,0.0,男,遷入,福建省,0
112,12,23,石門區,,,,無年齡維度,0.0,女,遷入,臺中市,3
112,12,23,石門區,,,,無年齡維度,0.0,男,遷入,臺中市,1
112,12,23,石門區,,,,無年齡維度,0.0,女,遷入,臺北市,18
112,12,23,石門區,,,,無年齡維度,0.0,男,遷入,臺北市,15
112,12,23,石門區,,,,無年齡維度,0.0,女,遷入,臺南市,1
112,12,23,石門區,,,,無年齡維度,0.0,男,遷入,臺南市,1
112,12,23,石門區,,,,無年齡維度,0.0,女,遷入,臺灣省,5
112,12,23,石門區,,,,無年齡維度,0.0,男,遷入,臺灣省,4
112,12,23,石門區,,,,無年齡維度,0.0,女,遷入,高雄市,1
112,12,23,石門區,,,,無年齡維度,0.0,男,遷入,高雄市,0
112,12,23,石門區,,,,無年齡維度,0.0,女,遷出,migrants,40
112,12,23,石門區,,,,無年齡維度,0.0,男,遷出,migrants,49
112,12,23,石門區,,,,無年齡維度,0.0,女,遷出,other,0
112,12,23,石門區,,,,無年齡維度,0.0,男,遷出,other,0
112,12,23,石門區,,,,無年齡維度,0.0,女,遷出,其他縣市,0
112,12,23,石門區,,,,無年齡維度,0.0,男,遷出,其他縣市,0
112,12,23,石門區,,,,無年齡維度,0.0,女,遷出,其他鄉鎮,37
112,12,23,石門區,,,,無年齡維度,0.0,男,遷出,其他鄉鎮,19
112,12,23,石門區,,,,無年齡維度,0.0,女,遷出,合計,84
112,12,23,石門區,,,,無年齡維度,0.0,男,遷出,合計,57
112,12,23,石門區,,,,無年齡維度,0.0,女,遷出,國外,2
112,12,23,石門區,,,,無年齡維度,0.0,男,遷出,國外,4
112,12,23,石門區,,,,無年齡維度,0.0,女,遷出,新北市內,0
112,12,23,石門區,,,,無年齡維度,0.0,男,遷出,新北市內,0
112,12,23,石門區,,,,無年齡維度,0.0,女,遷出,桃園市,7
112,12,23,石門區,,,,無年齡維度,0.0,男,遷出,桃園市,5
112,12,23,石門區,,,,無年齡維度,0.0,女,遷出,福建省,0
112,12,23,石門區,,,,無年齡維度,0.0,男,遷出,福建省,1
112,12,23,石門區,,,,無年齡維度,0.0,女,遷出,臺中市,1
112,12,23,石門區,,,,無年齡維度,0.0,男,遷出,臺中市,0
112,12,23,石門區,,,,無年齡維度,0.0,女,遷出,臺北市,26
112,12,23,石門區,,,,無年齡維度,0.0,男,遷出,臺北市,19
112,12,23,石門區,,,,無年齡維度,0.0,女,遷出,臺南市,1
112,12,23,石門區,,,,無年齡維度,0.0,男,遷出,臺南市,0
112,12,23,石門區,,,,無年齡維度,0.0,女,遷出,臺灣省,9
112,12,23,石門區,,,,無年齡維度,0.0,男,遷出,臺灣省,9
112,12,23,石門區,,,,無年齡維度,0.0,女,遷出,高雄市,1
112,12,23,石門區,,,,無年齡維度,0.0,男,遷出,高雄市,0
112,12,24,金山區,,,,無年齡維度,0.0,女,遷入,migrants,0
112,12,24,金山區,,,,無年齡維度,0.0,男,遷入,migrants,0
112,12,24,金山區,,,,無年齡維度,0.0,女,遷入,other,0
112,12,24,金山區,,,,無年齡維度,0.0,男,遷入,other,0
112,12,24,金山區,,,,無年齡維度,0.0,女,遷入,其他縣市,0
112,12,24,金山區,,,,無年齡維度,0.0,男,遷入,其他縣市,0
112,12,24,金山區,,,,無年齡維度,0.0,女,遷入,其他鄉鎮,3
112,12,24,金山區,,,,無年齡維度,0.0,男,遷入,其他鄉鎮,4
112,12,24,金山區,,,,無年齡維度,0.0,女,遷入,合計,3
112,12,24,金山區,,,,無年齡維度,0.0,男,遷入,合計,7
112,12,24,金山區,,,,無年齡維度,0.0,女,遷入,國外,0
112,12,24,金山區,,,,無年齡維度,0.0,男,遷入,國外,0
112,12,24,金山區,,,,無年齡維度,0.0,女,遷入,新北市內,0
112,12,24,金山區,,,,無年齡維度,0.0,男,遷入,新北市內,0
112,12,24,金山區,,,,無年齡維度,0.0,女,遷入,桃園市,0
112,12,24,金山區,,,,無年齡維度,0.0,男,遷入,桃園市,0
112,12,24,金山區,,,,無年齡維度,0.0,女,遷入,福建省,0
112,12,24,金山區,,,,無年齡維度,0.0,男,遷入,福建省,0
112,12,24,金山區,,,,無年齡維度,0.0,女,遷入,臺中市,0
112,12,24,金山區,,,,無年齡維度,0.0,男,遷入,臺中市,1
112,12,24,金山區,,,,無年齡維度,0.0,女,遷入,臺北市,0
112,12,24,金山區,,,,無年齡維度,0.0,男,遷入,臺北市,0
112,12,24,金山區,,,,無年齡維度,0.0,女,遷入,臺南市,0
112,12,24,金山區,,,,無年齡維度,0.0,男,遷入,臺南市,0
112,12,24,金山區,,,,無年齡維度,0.0,女,遷入,臺灣省,0
112,12,24,金山區,,,,無年齡維度,0.0,男,遷入,臺灣省,2
112,12,24,金山區,,,,無年齡維度,0.0,女,遷入,高雄市,0
112,12,24,金山區,,,,無年齡維度,0.0,男,遷入,高雄市,0
112,12,24,金山區,,,,無年齡維度,0.0,女,遷出,migrants,0
112,12,24,金山區,,,,無年齡維度,0.0,男,遷出,migrants,0
112,12,24,金山區,,,,無年齡維度,0.0,女,遷出,other,0
112,12,24,金山區,,,,無年齡維度,0.0,男,遷出,other,0
112,12,24,金山區,,,,無年齡維度,0.0,女,遷出,其他縣市,0
112,12,24,金山區,,,,無年齡維度,0.0,男,遷出,其他縣市,0
112,12,24,金山區,,,,無年齡維度,0.0,女,遷出,其他鄉鎮,4
112,12,24,金山區,,,,無年齡維度,0.0,男,遷出,其他鄉鎮,1
112,12,24,金山區,,,,無年齡維度,0.0,女,遷出,合計,8
112,12,24,金山區,,,,無年齡維度,0.0,男,遷出,合計,3
112,12,24,金山區,,,,無年齡維度,0.0,女,遷出,國外,0
112,12,24,金山區,,,,無年齡維度,0.0,男,遷出,國外,1
112,12,24,金山區,,,,無年齡維度,0.0,女,遷出,新北市內,0
112,12,24,金山區,,,,無年齡維度,0.0,男,遷出,新北市內,0
112,12,24,金山區,,,,無年齡維度,0.0,女,遷出,桃園市,1
112,12,24,金山區,,,,無年齡維度,0.0,男,遷出,桃園市,0
112,12,24,金山區,,,,無年齡維度,0.0,女,遷出,福建省,0
112,12,24,金山區,,,,無年齡維度,0.0,男,遷出,福建省,0
112,12,24,金山區,,,,無年齡維度,0.0,女,遷出,臺中市,0
112,12,24,金山區,,,,無年齡維度,0.0,男,遷出,臺中市,0
112,12,24,金山區,,,,無年齡維度,0.0,女,遷出,臺北市,1
112,12,24,金山區,,,,無年齡維度,0.0,男,遷出,臺北市,1
112,12,24,金山區,,,,無年齡維度,0.0,女,遷出,臺南市,0
112,12,24,金山區,,,,無年齡維度,0.0,男,遷出,臺南市,0
112,12,24,金山區,,,,無年齡維度,0.0,女,遷出,臺灣省,1
112,12,24,金山區,,,,無年齡維度,0.0,男,遷出,臺灣省,0
112,12,24,金山區,,,,無年齡維度,0.0,女,遷出,高雄市,1
112,12,24,金山區,,,,無年齡維度,0.0,男,遷出,高雄市,0
112,12,25,萬里區,,,,無年齡維度,0.0,女,遷入,migrants,2
112,12,25,萬里區,,,,無年齡維度,0.0,男,遷入,migrants,1
112,12,25,萬里區,,,,無年齡維度,0.0,女,遷入,other,0
112,12,25,萬里區,,,,無年齡維度,0.0,男,遷入,other,0
112,12,25,萬里區,,,,無年齡維度,0.0,女,遷入,其他縣市,0
112,12,25,萬里區,,,,無年齡維度,0.0,男,遷入,其他縣市,0
112,12,25,萬里區,,,,無年齡維度,0.0,女,遷入,其他鄉鎮,5
112,12,25,萬里區,,,,無年齡維度,0.0,男,遷入,其他鄉鎮,1
112,12,25,萬里區,,,,無年齡維度,0.0,女,遷入,合計,6
112,12,25,萬里區,,,,無年齡維度,0.0,男,遷入,合計,2
112,12,25,萬里區,,,,無年齡維度,0.0,女,遷入,國外,0
112,12,25,萬里區,,,,無年齡維度,0.0,男,遷入,國外,0
112,12,25,萬里區,,,,無年齡維度,0.0,女,遷入,新北市內,0
112,12,25,萬里區,,,,無年齡維度,0.0,男,遷入,新北市內,0
112,12,25,萬里區,,,,無年齡維度,0.0,女,遷入,桃園市,0
112,12,25,萬里區,,,,無年齡維度,0.0,男,遷入,桃園市,0
112,12,25,萬里區,,,,無年齡維度,0.0,女,遷入,福建省,0
112,12,25,萬里區,,,,無年齡維度,0.0,男,遷入,福建省,0
112,12,25,萬里區,,,,無年齡維度,0.0,女,遷入,臺中市,0
112,12,25,萬里區,,,,無年齡維度,0.0,男,遷入,臺中市,0
112,12,25,萬里區,,,,無年齡維度,0.0,女,遷入,臺北市,1
112,12,25,萬里區,,,,無年齡維度,0.0,男,遷入,臺北市,1
112,12,25,萬里區,,,,無年齡維度,0.0,女,遷入,臺南市,0
112,12,25,萬里區,,,,無年齡維度,0.0,男,遷入,臺南市,0
112,12,25,萬里區,,,,無年齡維度,0.0,女,遷入,臺灣省,0
112,12,25,萬里區,,,,無年齡維度,0.0,男,遷入,臺灣省,0
112,12,25,萬里區,,,,無年齡維度,0.0,女,遷入,高雄市,0
112,12,25,萬里區,,,,無年齡維度,0.0,男,遷入,高雄市,0
112,12,25,萬里區,,,,無年齡維度,0.0,女,遷出,migrants,2
112,12,25,萬里區,,,,無年齡維度,0.0,男,遷出,migrants,1
112,12,25,萬里區,,,,無年齡維度,0.0,女,遷出,other,0
112,12,25,萬里區,,,,無年齡維度,0.0,男,遷出,other,0
112,12,25,萬里區,,,,無年齡維度,0.0,女,遷出,其他縣市,0
112,12,25,萬里區,,,,無年齡維度,0.0,男,遷出,其他縣市,0
112,12,25,萬里區,,,,無年齡維度,0.0,女,遷出,其他鄉鎮,5
112,12,25,萬里區,,,,無年齡維度,0.0,男,遷出,其他鄉鎮,1
112,12,25,萬里區,,,,無年齡維度,0.0,女,遷出,合計,5
112,12,25,萬里區,,,,無年齡維度,0.0,男,遷出,合計,6
112,12,25,萬里區,,,,無年齡維度,0.0,女,遷出,國外,0
112,12,25,萬里區,,,,無年齡維度,0.0,男,遷出,國外,1
112,12,25,萬里區,,,,無年齡維度,0.0,女,遷出,新北市內,0
112,12,25,萬里區,,,,無年齡維度,0.0,男,遷出,新北市內,0
112,12,25,萬里區,,,,無年齡維度,0.0,女,遷出,桃園市,0
112,12,25,萬里區,,,,無年齡維度,0.0,男,遷出,桃園市,1
112,12,25,萬里區,,,,無年齡維度,0.0,女,遷出,福建省,0
112,12,25,萬里區,,,,無年齡維度,0.0,男,遷出,福建省,0
112,12,25,萬里區,,,,無年齡維度,0.0,女,遷出,臺中市,0
112,12,25,萬里區,,,,無年齡維度,0.0,男,遷出,臺中市,0
112,12,25,萬里區,,,,無年齡維度,0.0,女,遷出,臺北市,0
112,12,25,萬里區,,,,無年齡維度,0.0,男,遷出,臺北市,0
112,12,25,萬里區,,,,無年齡維度,0.0,女,遷出,臺南市,0
112,12,25,萬里區,,,,無年齡維度,0.0,男,遷出,臺南市,0
112,12,25,萬里區,,,,無年齡維度,0.0,女,遷出,臺灣省,0
112,12,25,萬里區,,,,無年齡維度,0.0,男,遷出,臺灣省,3
112,12,25,萬里區,,,,無年齡維度,0.0,女,遷出,高雄市,0
112,12,25,萬里區,,,,無年齡維度,0.0,男,遷出,高雄市,0
112,12,26,平溪區,,,,無年齡維度,0.0,女,遷入,migrants,1
112,12,26,平溪區,,,,無年齡維度,0.0,男,遷入,migrants,2
112,12,26,平溪區,,,,無年齡維度,0.0,女,遷入,other,0
112,12,26,平溪區,,,,無年齡維度,0.0,男,遷入,other,0
112,12,26,平溪區,,,,無年齡維度,0.0,女,遷入,其他縣市,0
112,12,26,平溪區,,,,無年齡維度,0.0,男,遷入,其他縣市,0
112,12,26,平溪區,,,,無年齡維度,0.0,女,遷入,其他鄉鎮,2
112,12,26,平溪區,,,,無年齡維度,0.0,男,遷入,其他鄉鎮,1
112,12,26,平溪區,,,,無年齡維度,0.0,女,遷入,合計,5
112,12,26,平溪區,,,,無年齡維度,0.0,男,遷入,合計,6
112,12,26,平溪區,,,,無年齡維度,0.0,女,遷入,國外,0
112,12,26,平溪區,,,,無年齡維度,0.0,男,遷入,國外,1
112,12,26,平溪區,,,,無年齡維度,0.0,女,遷入,新北市內,0
112,12,26,平溪區,,,,無年齡維度,0.0,男,遷入,新北市內,0
112,12,26,平溪區,,,,無年齡維度,0.0,女,遷入,桃園市,0
112,12,26,平溪區,,,,無年齡維度,0.0,男,遷入,桃園市,1
112,12,26,平溪區,,,,無年齡維度,0.0,女,遷入,福建省,0
112,12,26,平溪區,,,,無年齡維度,0.0,男,遷入,福建省,0
112,12,26,平溪區,,,,無年齡維度,0.0,女,遷入,臺中市,1
112,12,26,平溪區,,,,無年齡維度,0.0,男,遷入,臺中市,0
112,12,26,平溪區,,,,無年齡維度,0.0,女,遷入,臺北市,1
112,12,26,平溪區,,,,無年齡維度,0.0,男,遷入,臺北市,0
112,12,26,平溪區,,,,無年齡維度,0.0,女,遷入,臺南市,0
112,12,26,平溪區,,,,無年齡維度,0.0,男,遷入,臺南市,0
112,12,26,平溪區,,,,無年齡維度,0.0,女,遷入,臺灣省,1
112,12,26,平溪區,,,,無年齡維度,0.0,男,遷入,臺灣省,2
112,12,26,平溪區,,,,無年齡維度,0.0,女,遷入,高雄市,0
112,12,26,平溪區,,,,無年齡維度,0.0,男,遷入,高雄市,1
112,12,26,平溪區,,,,無年齡維度,0.0,女,遷出,migrants,1
112,12,26,平溪區,,,,無年齡維度,0.0,男,遷出,migrants,2
112,12,26,平溪區,,,,無年齡維度,0.0,女,遷出,other,0
112,12,26,平溪區,,,,無年齡維度,0.0,男,遷出,other,0
112,12,26,平溪區,,,,無年齡維度,0.0,女,遷出,其他縣市,0
112,12,26,平溪區,,,,無年齡維度,0.0,男,遷出,其他縣市,0
112,12,26,平溪區,,,,無年齡維度,0.0,女,遷出,其他鄉鎮,6
112,12,26,平溪區,,,,無年齡維度,0.0,男,遷出,其他鄉鎮,4
112,12,26,平溪區,,,,無年齡維度,0.0,女,遷出,合計,11
112,12,26,平溪區,,,,無年齡維度,0.0,男,遷出,合計,8
112,12,26,平溪區,,,,無年齡維度,0.0,女,遷出,國外,0
112,12,26,平溪區,,,,無年齡維度,0.0,男,遷出,國外,0
112,12,26,平溪區,,,,無年齡維度,0.0,女,遷出,新北市內,0
112,12,26,平溪區,,,,無年齡維度,0.0,男,遷出,新北市內,0
112,12,26,平溪區,,,,無年齡維度,0.0,女,遷出,桃園市,1
112,12,26,平溪區,,,,無年齡維度,0.0,男,遷出,桃園市,2
112,12,26,平溪區,,,,無年齡維度,0.0,女,遷出,福建省,0
112,12,26,平溪區,,,,無年齡維度,0.0,男,遷出,福建省,0
112,12,26,平溪區,,,,無年齡維度,0.0,女,遷出,臺中市,0
112,12,26,平溪區,,,,無年齡維度,0.0,男,遷出,臺中市,0
112,12,26,平溪區,,,,無年齡維度,0.0,女,遷出,臺北市,1
112,12,26,平溪區,,,,無年齡維度,0.0,男,遷出,臺北市,1
112,12,26,平溪區,,,,無年齡維度,0.0,女,遷出,臺南市,0
112,12,26,平溪區,,,,無年齡維度,0.0,男,遷出,臺南市,0
112,12,26,平溪區,,,,無年齡維度,0.0,女,遷出,臺灣省,3
112,12,26,平溪區,,,,無年齡維度,0.0,男,遷出,臺灣省,1
112,12,26,平溪區,,,,無年齡維度,0.0,女,遷出,高雄市,0
112,12,26,平溪區,,,,無年齡維度,0.0,男,遷出,高雄市,0
112,12,27,雙溪區,,,,無年齡維度,0.0,女,遷入,migrants,6
112,12,27,雙溪區,,,,無年齡維度,0.0,男,遷入,migrants,5
112,12,27,雙溪區,,,,無年齡維度,0.0,女,遷入,other,0
112,12,27,雙溪區,,,,無年齡維度,0.0,男,遷入,other,0
112,12,27,雙溪區,,,,無年齡維度,0.0,女,遷入,其他縣市,0
112,12,27,雙溪區,,,,無年齡維度,0.0,男,遷入,其他縣市,0
112,12,27,雙溪區,,,,無年齡維度,0.0,女,遷入,其他鄉鎮,4
112,12,27,雙溪區,,,,無年齡維度,0.0,男,遷入,其他鄉鎮,4
112,12,27,雙溪區,,,,無年齡維度,0.0,女,遷入,合計,16
112,12,27,雙溪區,,,,無年齡維度,0.0,男,遷入,合計,9
112,12,27,雙溪區,,,,無年齡維度,0.0,女,遷入,國外,3
112,12,27,雙溪區,,,,無年齡維度,0.0,男,遷入,國外,1
112,12,27,雙溪區,,,,無年齡維度,0.0,女,遷入,新北市內,0
112,12,27,雙溪區,,,,無年齡維度,0.0,男,遷入,新北市內,0
112,12,27,雙溪區,,,,無年齡維度,0.0,女,遷入,桃園市,1
112,12,27,雙溪區,,,,無年齡維度,0.0,男,遷入,桃園市,0
112,12,27,雙溪區,,,,無年齡維度,0.0,女,遷入,福建省,0
112,12,27,雙溪區,,,,無年齡維度,0.0,男,遷入,福建省,0
112,12,27,雙溪區,,,,無年齡維度,0.0,女,遷入,臺中市,1
112,12,27,雙溪區,,,,無年齡維度,0.0,男,遷入,臺中市,0
112,12,27,雙溪區,,,,無年齡維度,0.0,女,遷入,臺北市,1
112,12,27,雙溪區,,,,無年齡維度,0.0,男,遷入,臺北市,1
112,12,27,雙溪區,,,,無年齡維度,0.0,女,遷入,臺南市,0
112,12,27,雙溪區,,,,無年齡維度,0.0,男,遷入,臺南市,0
112,12,27,雙溪區,,,,無年齡維度,0.0,女,遷入,臺灣省,5
112,12,27,雙溪區,,,,無年齡維度,0.0,男,遷入,臺灣省,3
112,12,27,雙溪區,,,,無年齡維度,0.0,女,遷入,高雄市,0
112,12,27,雙溪區,,,,無年齡維度,0.0,男,遷入,高雄市,0
112,12,27,雙溪區,,,,無年齡維度,0.0,女,遷出,migrants,6
112,12,27,雙溪區,,,,無年齡維度,0.0,男,遷出,migrants,5
112,12,27,雙溪區,,,,無年齡維度,0.0,女,遷出,other,0
112,12,27,雙溪區,,,,無年齡維度,0.0,男,遷出,other,0
112,12,27,雙溪區,,,,無年齡維度,0.0,女,遷出,其他縣市,0
112,12,27,雙溪區,,,,無年齡維度,0.0,男,遷出,其他縣市,0
112,12,27,雙溪區,,,,無年齡維度,0.0,女,遷出,其他鄉鎮,11
112,12,27,雙溪區,,,,無年齡維度,0.0,男,遷出,其他鄉鎮,9
112,12,27,雙溪區,,,,無年齡維度,0.0,女,遷出,合計,26
112,12,27,雙溪區,,,,無年齡維度,0.0,男,遷出,合計,15
112,12,27,雙溪區,,,,無年齡維度,0.0,女,遷出,國外,0
112,12,27,雙溪區,,,,無年齡維度,0.0,男,遷出,國外,0
112,12,27,雙溪區,,,,無年齡維度,0.0,女,遷出,新北市內,0
112,12,27,雙溪區,,,,無年齡維度,0.0,男,遷出,新北市內,0
112,12,27,雙溪區,,,,無年齡維度,0.0,女,遷出,桃園市,2
112,12,27,雙溪區,,,,無年齡維度,0.0,男,遷出,桃園市,0
112,12,27,雙溪區,,,,無年齡維度,0.0,女,遷出,福建省,0
112,12,27,雙溪區,,,,無年齡維度,0.0,男,遷出,福建省,0
112,12,27,雙溪區,,,,無年齡維度,0.0,女,遷出,臺中市,3
112,12,27,雙溪區,,,,無年齡維度,0.0,男,遷出,臺中市,0
112,12,27,雙溪區,,,,無年齡維度,0.0,女,遷出,臺北市,1
112,12,27,雙溪區,,,,無年齡維度,0.0,男,遷出,臺北市,1
112,12,27,雙溪區,,,,無年齡維度,0.0,女,遷出,臺南市,0
112,12,27,雙溪區,,,,無年齡維度,0.0,男,遷出,臺南市,0
112,12,27,雙溪區,,,,無年齡維度,0.0,女,遷出,臺灣省,9
112,12,27,雙溪區,,,,無年齡維度,0.0,男,遷出,臺灣省,5
112,12,27,雙溪區,,,,無年齡維度,0.0,女,遷出,高雄市,0
112,12,27,雙溪區,,,,無年齡維度,0.0,男,遷出,高雄市,0
112,12,28,貢寮區,,,,無年齡維度,0.0,女,遷入,migrants,17
112,12,28,貢寮區,,,,無年齡維度,0.0,男,遷入,migrants,17
112,12,28,貢寮區,,,,無年齡維度,0.0,女,遷入,other,0
112,12,28,貢寮區,,,,無年齡維度,0.0,男,遷入,other,0
112,12,28,貢寮區,,,,無年齡維度,0.0,女,遷入,其他縣市,0
112,12,28,貢寮區,,,,無年齡維度,0.0,男,遷入,其他縣市,0
112,12,28,貢寮區,,,,無年齡維度,0.0,女,遷入,其他鄉鎮,3
112,12,28,貢寮區,,,,無年齡維度,0.0,男,遷入,其他鄉鎮,8
112,12,28,貢寮區,,,,無年齡維度,0.0,女,遷入,合計,17
112,12,28,貢寮區,,,,無年齡維度,0.0,男,遷入,合計,21
112,12,28,貢寮區,,,,無年齡維度,0.0,女,遷入,國外,1
112,12,28,貢寮區,,,,無年齡維度,0.0,男,遷入,國外,1
112,12,28,貢寮區,,,,無年齡維度,0.0,女,遷入,新北市內,0
112,12,28,貢寮區,,,,無年齡維度,0.0,男,遷入,新北市內,0
112,12,28,貢寮區,,,,無年齡維度,0.0,女,遷入,桃園市,3
112,12,28,貢寮區,,,,無年齡維度,0.0,男,遷入,桃園市,0
112,12,28,貢寮區,,,,無年齡維度,0.0,女,遷入,福建省,0
112,12,28,貢寮區,,,,無年齡維度,0.0,男,遷入,福建省,0
112,12,28,貢寮區,,,,無年齡維度,0.0,女,遷入,臺中市,3
112,12,28,貢寮區,,,,無年齡維度,0.0,男,遷入,臺中市,1
112,12,28,貢寮區,,,,無年齡維度,0.0,女,遷入,臺北市,0
112,12,28,貢寮區,,,,無年齡維度,0.0,男,遷入,臺北市,0
112,12,28,貢寮區,,,,無年齡維度,0.0,女,遷入,臺南市,0
112,12,28,貢寮區,,,,無年齡維度,0.0,男,遷入,臺南市,0
112,12,28,貢寮區,,,,無年齡維度,0.0,女,遷入,臺灣省,5
112,12,28,貢寮區,,,,無年齡維度,0.0,男,遷入,臺灣省,8
112,12,28,貢寮區,,,,無年齡維度,0.0,女,遷入,高雄市,1
112,12,28,貢寮區,,,,無年齡維度,0.0,男,遷入,高雄市,1
112,12,28,貢寮區,,,,無年齡維度,0.0,女,遷出,migrants,17
112,12,28,貢寮區,,,,無年齡維度,0.0,男,遷出,migrants,17
112,12,28,貢寮區,,,,無年齡維度,0.0,女,遷出,other,0
112,12,28,貢寮區,,,,無年齡維度,0.0,男,遷出,other,0
112,12,28,貢寮區,,,,無年齡維度,0.0,女,遷出,其他縣市,0
112,12,28,貢寮區,,,,無年齡維度,0.0,男,遷出,其他縣市,0
112,12,28,貢寮區,,,,無年齡維度,0.0,女,遷出,其他鄉鎮,11
112,12,28,貢寮區,,,,無年齡維度,0.0,男,遷出,其他鄉鎮,7
112,12,28,貢寮區,,,,無年齡維度,0.0,女,遷出,合計,27
112,12,28,貢寮區,,,,無年齡維度,0.0,男,遷出,合計,24
112,12,28,貢寮區,,,,無年齡維度,0.0,女,遷出,國外,0
112,12,28,貢寮區,,,,無年齡維度,0.0,男,遷出,國外,0
112,12,28,貢寮區,,,,無年齡維度,0.0,女,遷出,新北市內,0
112,12,28,貢寮區,,,,無年齡維度,0.0,男,遷出,新北市內,0
112,12,28,貢寮區,,,,無年齡維度,0.0,女,遷出,桃園市,2
112,12,28,貢寮區,,,,無年齡維度,0.0,男,遷出,桃園市,1
112,12,28,貢寮區,,,,無年齡維度,0.0,女,遷出,福建省,0
112,12,28,貢寮區,,,,無年齡維度,0.0,男,遷出,福建省,0
112,12,28,貢寮區,,,,無年齡維度,0.0,女,遷出,臺中市,1
112,12,28,貢寮區,,,,無年齡維度,0.0,男,遷出,臺中市,0
112,12,28,貢寮區,,,,無年齡維度,0.0,女,遷出,臺北市,2
112,12,28,貢寮區,,,,無年齡維度,0.0,男,遷出,臺北市,2
112,12,28,貢寮區,,,,無年齡維度,0.0,女,遷出,臺南市,1
112,12,28,貢寮區,,,,無年齡維度,0.0,男,遷出,臺南市,0
112,12,28,貢寮區,,,,無年齡維度,0.0,女,遷出,臺灣省,9
112,12,28,貢寮區,,,,無年齡維度,0.0,男,遷出,臺灣省,13
112,12,28,貢寮區,,,,無年齡維度,0.0,女,遷出,高雄市,1
112,12,28,貢寮區,,,,無年齡維度,0.0,男,遷出,高雄市,1
112,12,29,烏來區,,,,無年齡維度,0.0,女,遷入,migrants,4
112,12,29,烏來區,,,,無年齡維度,0.0,男,遷入,migrants,2
112,12,29,烏來區,,,,無年齡維度,0.0,女,遷入,other,0
112,12,29,烏來區,,,,無年齡維度,0.0,男,遷入,other,0
112,12,29,烏來區,,,,無年齡維度,0.0,女,遷入,其他縣市,0
112,12,29,烏來區,,,,無年齡維度,0.0,男,遷入,其他縣市,0
112,12,29,烏來區,,,,無年齡維度,0.0,女,遷入,其他鄉鎮,10
112,12,29,烏來區,,,,無年齡維度,0.0,男,遷入,其他鄉鎮,6
112,12,29,烏來區,,,,無年齡維度,0.0,女,遷入,合計,14
112,12,29,烏來區,,,,無年齡維度,0.0,男,遷入,合計,17
112,12,29,烏來區,,,,無年齡維度,0.0,女,遷入,國外,0
112,12,29,烏來區,,,,無年齡維度,0.0,男,遷入,國外,1
112,12,29,烏來區,,,,無年齡維度,0.0,女,遷入,新北市內,0
112,12,29,烏來區,,,,無年齡維度,0.0,男,遷入,新北市內,0
112,12,29,烏來區,,,,無年齡維度,0.0,女,遷入,桃園市,0
112,12,29,烏來區,,,,無年齡維度,0.0,男,遷入,桃園市,1
112,12,29,烏來區,,,,無年齡維度,0.0,女,遷入,福建省,0
112,12,29,烏來區,,,,無年齡維度,0.0,男,遷入,福建省,0
112,12,29,烏來區,,,,無年齡維度,0.0,女,遷入,臺中市,1
112,12,29,烏來區,,,,無年齡維度,0.0,男,遷入,臺中市,0
112,12,29,烏來區,,,,無年齡維度,0.0,女,遷入,臺北市,2
112,12,29,烏來區,,,,無年齡維度,0.0,男,遷入,臺北市,5
112,12,29,烏來區,,,,無年齡維度,0.0,女,遷入,臺南市,0
112,12,29,烏來區,,,,無年齡維度,0.0,男,遷入,臺南市,0
112,12,29,烏來區,,,,無年齡維度,0.0,女,遷入,臺灣省,1
112,12,29,烏來區,,,,無年齡維度,0.0,男,遷入,臺灣省,4
112,12,29,烏來區,,,,無年齡維度,0.0,女,遷入,高雄市,0
112,12,29,烏來區,,,,無年齡維度,0.0,男,遷入,高雄市,0
112,12,29,烏來區,,,,無年齡維度,0.0,女,遷出,migrants,4
112,12,29,烏來區,,,,無年齡維度,0.0,男,遷出,migrants,2
112,12,29,烏來區,,,,無年齡維度,0.0,女,遷出,other,0
112,12,29,烏來區,,,,無年齡維度,0.0,男,遷出,other,0
112,12,29,烏來區,,,,無年齡維度,0.0,女,遷出,其他縣市,0
112,12,29,烏來區,,,,無年齡維度,0.0,男,遷出,其他縣市,0
112,12,29,烏來區,,,,無年齡維度,0.0,女,遷出,其他鄉鎮,5
112,12,29,烏來區,,,,無年齡維度,0.0,男,遷出,其他鄉鎮,2
112,12,29,烏來區,,,,無年齡維度,0.0,女,遷出,合計,7
112,12,29,烏來區,,,,無年齡維度,0.0,男,遷出,合計,5
112,12,29,烏來區,,,,無年齡維度,0.0,女,遷出,國外,0
112,12,29,烏來區,,,,無年齡維度,0.0,男,遷出,國外,1
112,12,29,烏來區,,,,無年齡維度,0.0,女,遷出,新北市內,0
112,12,29,烏來區,,,,無年齡維度,0.0,男,遷出,新北市內,0
112,12,29,烏來區,,,,無年齡維度,0.0,女,遷出,桃園市,0
112,12,29,烏來區,,,,無年齡維度,0.0,男,遷出,桃園市,0
112,12,29,烏來區,,,,無年齡維度,0.0,女,遷出,福建省,0
112,12,29,烏來區,,,,無年齡維度,0.0,男,遷出,福建省,0
112,12,29,烏來區,,,,無年齡維度,0.0,女,遷出,臺中市,0
112,12,29,烏來區,,,,無年齡維度,0.0,男,遷出,臺中市,0
112,12,29,烏來區,,,,無年齡維度,0.0,女,遷出,臺北市,0
112,12,29,烏來區,,,,無年齡維度,0.0,男,遷出,臺北市,0
112,12,29,烏來區,,,,無年齡維度,0.0,女,遷出,臺南市,1
112,12,29,烏來區,,,,無年齡維度,0.0,男,遷出,臺南市,0
112,12,29,烏來區,,,,無年齡維度,0.0,女,遷出,臺灣省,1
112,12,29,烏來區,,,,無年齡維度,0.0,男,遷出,臺灣省,2
112,12,29,烏來區,,,,無年齡維度,0.0,女,遷出,高雄市,0
112,12,29,烏來區,,,,無年齡維度,0.0,男,遷出,高雄市,0
