民國年,月,區代碼,行政區,年齡標籤,年齡下限,年齡上限,青年關係,青年權重,性別,事件,教育程度,婚姻類型,人數
110,,1,板橋區,未滿15歲,0,14,不相關,0.0,女,結婚,博士,不同性別,0
110,,1,板橋區,未滿15歲,0,14,不相關,0.0,女,結婚,博士,相同性別,0
110,,1,板橋區,未滿15歲,0,14,不相關,0.0,女,結婚,國中,不同性別,0
110,,1,板橋區,未滿15歲,0,14,不相關,0.0,女,結婚,國中,相同性別,0
110,,1,板橋區,未滿15歲,0,14,不相關,0.0,女,結婚,國小以下,不同性別,0
110,,1,板橋區,未滿15歲,0,14,不相關,0.0,女,結婚,國小以下,相同性別,0
110,,1,板橋區,未滿15歲,0,14,不相關,0.0,女,結婚,大學,不同性別,0
110,,1,板橋區,未滿15歲,0,14,不相關,0.0,女,結婚,大學,相同性別,0
110,,1,板橋區,未滿15歲,0,14,不相關,0.0,女,結婚,專科,不同性別,0
110,,1,板橋區,未滿15歲,0,14,不相關,0.0,女,結婚,專科,相同性別,0
110,,1,板橋區,未滿15歲,0,14,不相關,0.0,女,結婚,碩士,不同性別,0
110,,1,板橋區,未滿15歲,0,14,不相關,0.0,女,結婚,碩士,相同性別,0
110,,1,板橋區,未滿15歲,0,14,不相關,0.0,女,結婚,高中職,不同性別,0
110,,1,板橋區,未滿15歲,0,14,不相關,0.0,女,結婚,高中職,相同性別,0
110,,1,板橋區,未滿15歲,0,14,不相關,0.0,男,結婚,博士,不同性別,0
110,,1,板橋區,未滿15歲,0,14,不相關,0.0,男,結婚,博士,相同性別,0
110,,1,板橋區,未滿15歲,0,14,不相關,0.0,男,結婚,國中,不同性別,0
110,,1,板橋區,未滿15歲,0,14,不相關,0.0,男,結婚,國中,相同性別,0
110,,1,板橋區,未滿15歲,0,14,不相關,0.0,男,結婚,國小以下,不同性別,0
110,,1,板橋區,未滿15歲,0,14,不相關,0.0,男,結婚,國小以下,相同性別,0
110,,1,板橋區,未滿15歲,0,14,不相關,0.0,男,結婚,大學,不同性別,0
110,,1,板橋區,未滿15歲,0,14,不相關,0.0,男,結婚,大學,相同性別,0
110,,1,板橋區,未滿15歲,0,14,不相關,0.0,男,結婚,專科,不同性別,0
110,,1,板橋區,未滿15歲,0,14,不相關,0.0,男,結婚,專科,相同性別,0
110,,1,板橋區,未滿15歲,0,14,不相關,0.0,男,結婚,碩士,不同性別,0
110,,1,板橋區,未滿15歲,0,14,不相關,0.0,男,結婚,碩士,相同性別,0
110,,1,板橋區,未滿15歲,0,14,不相關,0.0,男,結婚,高中職,不同性別,0
110,,1,板橋區,未滿15歲,0,14,不相關,0.0,男,結婚,高中職,相同性別,0
110,,1,板橋區,15～19歲,15,19,部分重疊,0.4,女,結婚,博士,不同性別,0
110,,1,板橋區,15～19歲,15,19,部分重疊,0.4,女,結婚,博士,相同性別,0
110,,1,板橋區,15～19歲,15,19,部分重疊,0.4,女,結婚,國中,不同性別,13
110,,1,板橋區,15～19歲,15,19,部分重疊,0.4,女,結婚,國中,相同性別,0
110,,1,板橋區,15～19歲,15,19,部分重疊,0.4,女,結婚,國小以下,不同性別,2
110,,1,板橋區,15～19歲,15,19,部分重疊,0.4,女,結婚,國小以下,相同性別,0
110,,1,板橋區,15～19歲,15,19,部分重疊,0.4,女,結婚,大學,不同性別,0
110,,1,板橋區,15～19歲,15,19,部分重疊,0.4,女,結婚,大學,相同性別,0
110,,1,板橋區,15～19歲,15,19,部分重疊,0.4,女,結婚,專科,不同性別,0
110,,1,板橋區,15～19歲,15,19,部分重疊,0.4,女,結婚,專科,相同性別,0
110,,1,板橋區,15～19歲,15,19,部分重疊,0.4,女,結婚,碩士,不同性別,0
110,,1,板橋區,15～19歲,15,19,部分重疊,0.4,女,結婚,碩士,相同性別,0
110,,1,板橋區,15～19歲,15,19,部分重疊,0.4,女,結婚,高中職,不同性別,2
110,,1,板橋區,15～19歲,15,19,部分重疊,0.4,女,結婚,高中職,相同性別,0
110,,1,板橋區,15～19歲,15,19,部分重疊,0.4,男,結婚,博士,不同性別,0
110,,1,板橋區,15～19歲,15,19,部分重疊,0.4,男,結婚,博士,相同性別,0
110,,1,板橋區,15～19歲,15,19,部分重疊,0.4,男,結婚,國中,不同性別,3
110,,1,板橋區,15～19歲,15,19,部分重疊,0.4,男,結婚,國中,相同性別,0
110,,1,板橋區,15～19歲,15,19,部分重疊,0.4,男,結婚,國小以下,不同性別,0
110,,1,板橋區,15～19歲,15,19,部分重疊,0.4,男,結婚,國小以下,相同性別,0
110,,1,板橋區,15～19歲,15,19,部分重疊,0.4,男,結婚,大學,不同性別,0
110,,1,板橋區,15～19歲,15,19,部分重疊,0.4,男,結婚,大學,相同性別,0
110,,1,板橋區,15～19歲,15,19,部分重疊,0.4,男,結婚,專科,不同性別,0
110,,1,板橋區,15～19歲,15,19,部分重疊,0.4,男,結婚,專科,相同性別,0
110,,1,板橋區,15～19歲,15,19,部分重疊,0.4,男,結婚,碩士,不同性別,0
110,,1,板橋區,15～19歲,15,19,部分重疊,0.4,男,結婚,碩士,相同性別,0
110,,1,板橋區,15～19歲,15,19,部分重疊,0.4,男,結婚,高中職,不同性別,0
110,,1,板橋區,15～19歲,15,19,部分重疊,0.4,男,結婚,高中職,相同性別,0
110,,1,板橋區,20～24歲,20,24,完全落入,1.0,女,結婚,博士,不同性別,0
110,,1,板橋區,20～24歲,20,24,完全落入,1.0,女,結婚,博士,相同性別,0
110,,1,板橋區,20～24歲,20,24,完全落入,1.0,女,結婚,國中,不同性別,44
110,,1,板橋區,20～24歲,20,24,完全落入,1.0,女,結婚,國中,相同性別,3
110,,1,板橋區,20～24歲,20,24,完全落入,1.0,女,結婚,國小以下,不同性別,1
110,,1,板橋區,20～24歲,20,24,完全落入,1.0,女,結婚,國小以下,相同性別,0
110,,1,板橋區,20～24歲,20,24,完全落入,1.0,女,結婚,大學,不同性別,46
110,,1,板橋區,20～24歲,20,24,完全落入,1.0,女,結婚,大學,相同性別,1
110,,1,板橋區,20～24歲,20,24,完全落入,1.0,女,結婚,專科,不同性別,7
110,,1,板橋區,20～24歲,20,24,完全落入,1.0,女,結婚,專科,相同性別,0
110,,1,板橋區,20～24歲,20,24,完全落入,1.0,女,結婚,碩士,不同性別,1
110,,1,板橋區,20～24歲,20,24,完全落入,1.0,女,結婚,碩士,相同性別,1
110,,1,板橋區,20～24歲,20,24,完全落入,1.0,女,結婚,高中職,不同性別,78
110,,1,板橋區,20～24歲,20,24,完全落入,1.0,女,結婚,高中職,相同性別,6
110,,1,板橋區,20～24歲,20,24,完全落入,1.0,男,結婚,博士,不同性別,0
110,,1,板橋區,20～24歲,20,24,完全落入,1.0,男,結婚,博士,相同性別,0
110,,1,板橋區,20～24歲,20,24,完全落入,1.0,男,結婚,國中,不同性別,42
110,,1,板橋區,20～24歲,20,24,完全落入,1.0,男,結婚,國中,相同性別,0
110,,1,板橋區,20～24歲,20,24,完全落入,1.0,男,結婚,國小以下,不同性別,0
110,,1,板橋區,20～24歲,20,24,完全落入,1.0,男,結婚,國小以下,相同性別,0
110,,1,板橋區,20～24歲,20,24,完全落入,1.0,男,結婚,大學,不同性別,9
110,,1,板橋區,20～24歲,20,24,完全落入,1.0,男,結婚,大學,相同性別,0
110,,1,板橋區,20～24歲,20,24,完全落入,1.0,男,結婚,專科,不同性別,0
110,,1,板橋區,20～24歲,20,24,完全落入,1.0,男,結婚,專科,相同性別,0
110,,1,板橋區,20～24歲,20,24,完全落入,1.0,男,結婚,碩士,不同性別,1
110,,1,板橋區,20～24歲,20,24,完全落入,1.0,男,結婚,碩士,相同性別,0
110,,1,板橋區,20～24歲,20,24,完全落入,1.0,男,結婚,高中職,不同性別,44
110,,1,板橋區,20～24歲,20,24,完全落入,1.0,男,結婚,高中職,相同性別,4
110,,1,板橋區,25～29歲,25,29,完全落入,1.0,女,結婚,博士,不同性別,1
110,,1,板橋區,25～29歲,25,29,完全落入,1.0,女,結婚,博士,相同性別,0
110,,1,板橋區,25～29歲,25,29,完全落入,1.0,女,結婚,國中,不同性別,27
110,,1,板橋區,25～29歲,25,29,完全落入,1.0,女,結婚,國中,相同性別,3
110,,1,板橋區,25～29歲,25,29,完全落入,1.0,女,結婚,國小以下,不同性別,1
110,,1,板橋區,25～29歲,25,29,完全落入,1.0,女,結婚,國小以下,相同性別,0
110,,1,板橋區,25～29歲,25,29,完全落入,1.0,女,結婚,大學,不同性別,496
110,,1,板橋區,25～29歲,25,29,完全落入,1.0,女,結婚,大學,相同性別,8
110,,1,板橋區,25～29歲,25,29,完全落入,1.0,女,結婚,專科,不同性別,26
110,,1,板橋區,25～29歲,25,29,完全落入,1.0,女,結婚,專科,相同性別,0
110,,1,板橋區,25～29歲,25,29,完全落入,1.0,女,結婚,碩士,不同性別,56
110,,1,板橋區,25～29歲,25,29,完全落入,1.0,女,結婚,碩士,相同性別,1
110,,1,板橋區,25～29歲,25,29,完全落入,1.0,女,結婚,高中職,不同性別,126
110,,1,板橋區,25～29歲,25,29,完全落入,1.0,女,結婚,高中職,相同性別,7
110,,1,板橋區,25～29歲,25,29,完全落入,1.0,男,結婚,博士,不同性別,2
110,,1,板橋區,25～29歲,25,29,完全落入,1.0,男,結婚,博士,相同性別,0
110,,1,板橋區,25～29歲,25,29,完全落入,1.0,男,結婚,國中,不同性別,42
110,,1,板橋區,25～29歲,25,29,完全落入,1.0,男,結婚,國中,相同性別,2
110,,1,板橋區,25～29歲,25,29,完全落入,1.0,男,結婚,國小以下,不同性別,3
110,,1,板橋區,25～29歲,25,29,完全落入,1.0,男,結婚,國小以下,相同性別,0
110,,1,板橋區,25～29歲,25,29,完全落入,1.0,男,結婚,大學,不同性別,264
110,,1,板橋區,25～29歲,25,29,完全落入,1.0,男,結婚,大學,相同性別,5
110,,1,板橋區,25～29歲,25,29,完全落入,1.0,男,結婚,專科,不同性別,30
110,,1,板橋區,25～29歲,25,29,完全落入,1.0,男,結婚,專科,相同性別,1
110,,1,板橋區,25～29歲,25,29,完全落入,1.0,男,結婚,碩士,不同性別,56
110,,1,板橋區,25～29歲,25,29,完全落入,1.0,男,結婚,碩士,相同性別,1
110,,1,板橋區,25～29歲,25,29,完全落入,1.0,男,結婚,高中職,不同性別,127
110,,1,板橋區,25～29歲,25,29,完全落入,1.0,男,結婚,高中職,相同性別,2
110,,1,板橋區,30～34歲,30,34,完全落入,1.0,女,結婚,博士,不同性別,2
110,,1,板橋區,30～34歲,30,34,完全落入,1.0,女,結婚,博士,相同性別,0
110,,1,板橋區,30～34歲,30,34,完全落入,1.0,女,結婚,國中,不同性別,29
110,,1,板橋區,30～34歲,30,34,完全落入,1.0,女,結婚,國中,相同性別,1
110,,1,板橋區,30～34歲,30,34,完全落入,1.0,女,結婚,國小以下,不同性別,2
110,,1,板橋區,30～34歲,30,34,完全落入,1.0,女,結婚,國小以下,相同性別,0
110,,1,板橋區,30～34歲,30,34,完全落入,1.0,女,結婚,大學,不同性別,539
110,,1,板橋區,30～34歲,30,34,完全落入,1.0,女,結婚,大學,相同性別,3
110,,1,板橋區,30～34歲,30,34,完全落入,1.0,女,結婚,專科,不同性別,43
110,,1,板橋區,30～34歲,30,34,完全落入,1.0,女,結婚,專科,相同性別,1
110,,1,板橋區,30～34歲,30,34,完全落入,1.0,女,結婚,碩士,不同性別,113
110,,1,板橋區,30～34歲,30,34,完全落入,1.0,女,結婚,碩士,相同性別,0
110,,1,板橋區,30～34歲,30,34,完全落入,1.0,女,結婚,高中職,不同性別,118
110,,1,板橋區,30～34歲,30,34,完全落入,1.0,女,結婚,高中職,相同性別,1
110,,1,板橋區,30～34歲,30,34,完全落入,1.0,男,結婚,博士,不同性別,4
110,,1,板橋區,30～34歲,30,34,完全落入,1.0,男,結婚,博士,相同性別,0
110,,1,板橋區,30～34歲,30,34,完全落入,1.0,男,結婚,國中,不同性別,39
110,,1,板橋區,30～34歲,30,34,完全落入,1.0,男,結婚,國中,相同性別,0
110,,1,板橋區,30～34歲,30,34,完全落入,1.0,男,結婚,國小以下,不同性別,4
110,,1,板橋區,30～34歲,30,34,完全落入,1.0,男,結婚,國小以下,相同性別,0
110,,1,板橋區,30～34歲,30,34,完全落入,1.0,男,結婚,大學,不同性別,454
110,,1,板橋區,30～34歲,30,34,完全落入,1.0,男,結婚,大學,相同性別,7
110,,1,板橋區,30～34歲,30,34,完全落入,1.0,男,結婚,專科,不同性別,24
110,,1,板橋區,30～34歲,30,34,完全落入,1.0,男,結婚,專科,相同性別,1
110,,1,板橋區,30～34歲,30,34,完全落入,1.0,男,結婚,碩士,不同性別,164
110,,1,板橋區,30～34歲,30,34,完全落入,1.0,男,結婚,碩士,相同性別,0
110,,1,板橋區,30～34歲,30,34,完全落入,1.0,男,結婚,高中職,不同性別,123
110,,1,板橋區,30～34歲,30,34,完全落入,1.0,男,結婚,高中職,相同性別,1
110,,1,板橋區,35～39歲,35,39,部分重疊,0.2,女,結婚,博士,不同性別,4
110,,1,板橋區,35～39歲,35,39,部分重疊,0.2,女,結婚,博士,相同性別,0
110,,1,板橋區,35～39歲,35,39,部分重疊,0.2,女,結婚,國中,不同性別,32
110,,1,板橋區,35～39歲,35,39,部分重疊,0.2,女,結婚,國中,相同性別,1
110,,1,板橋區,35～39歲,35,39,部分重疊,0.2,女,結婚,國小以下,不同性別,6
110,,1,板橋區,35～39歲,35,39,部分重疊,0.2,女,結婚,國小以下,相同性別,0
110,,1,板橋區,35～39歲,35,39,部分重疊,0.2,女,結婚,大學,不同性別,202
110,,1,板橋區,35～39歲,35,39,部分重疊,0.2,女,結婚,大學,相同性別,2
110,,1,板橋區,35～39歲,35,39,部分重疊,0.2,女,結婚,專科,不同性別,34
110,,1,板橋區,35～39歲,35,39,部分重疊,0.2,女,結婚,專科,相同性別,0
110,,1,板橋區,35～39歲,35,39,部分重疊,0.2,女,結婚,碩士,不同性別,51
110,,1,板橋區,35～39歲,35,39,部分重疊,0.2,女,結婚,碩士,相同性別,2
110,,1,板橋區,35～39歲,35,39,部分重疊,0.2,女,結婚,高中職,不同性別,91
110,,1,板橋區,35～39歲,35,39,部分重疊,0.2,女,結婚,高中職,相同性別,3
110,,1,板橋區,35～39歲,35,39,部分重疊,0.2,男,結婚,博士,不同性別,8
110,,1,板橋區,35～39歲,35,39,部分重疊,0.2,男,結婚,博士,相同性別,0
110,,1,板橋區,35～39歲,35,39,部分重疊,0.2,男,結婚,國中,不同性別,47
110,,1,板橋區,35～39歲,35,39,部分重疊,0.2,男,結婚,國中,相同性別,0
110,,1,板橋區,35～39歲,35,39,部分重疊,0.2,男,結婚,國小以下,不同性別,4
110,,1,板橋區,35～39歲,35,39,部分重疊,0.2,男,結婚,國小以下,相同性別,0
110,,1,板橋區,35～39歲,35,39,部分重疊,0.2,男,結婚,大學,不同性別,232
110,,1,板橋區,35～39歲,35,39,部分重疊,0.2,男,結婚,大學,相同性別,3
110,,1,板橋區,35～39歲,35,39,部分重疊,0.2,男,結婚,專科,不同性別,44
110,,1,板橋區,35～39歲,35,39,部分重疊,0.2,男,結婚,專科,相同性別,1
110,,1,板橋區,35～39歲,35,39,部分重疊,0.2,男,結婚,碩士,不同性別,112
110,,1,板橋區,35～39歲,35,39,部分重疊,0.2,男,結婚,碩士,相同性別,0
110,,1,板橋區,35～39歲,35,39,部分重疊,0.2,男,結婚,高中職,不同性別,97
110,,1,板橋區,35～39歲,35,39,部分重疊,0.2,男,結婚,高中職,相同性別,1
110,,1,板橋區,40～44歲,40,44,不相關,0.0,女,結婚,博士,不同性別,0
110,,1,板橋區,40～44歲,40,44,不相關,0.0,女,結婚,博士,相同性別,0
110,,1,板橋區,40～44歲,40,44,不相關,0.0,女,結婚,國中,不同性別,18
110,,1,板橋區,40～44歲,40,44,不相關,0.0,女,結婚,國中,相同性別,1
110,,1,板橋區,40～44歲,40,44,不相關,0.0,女,結婚,國小以下,不同性別,5
110,,1,板橋區,40～44歲,40,44,不相關,0.0,女,結婚,國小以下,相同性別,0
110,,1,板橋區,40～44歲,40,44,不相關,0.0,女,結婚,大學,不同性別,49
110,,1,板橋區,40～44歲,40,44,不相關,0.0,女,結婚,大學,相同性別,4
110,,1,板橋區,40～44歲,40,44,不相關,0.0,女,結婚,專科,不同性別,33
110,,1,板橋區,40～44歲,40,44,不相關,0.0,女,結婚,專科,相同性別,2
110,,1,板橋區,40～44歲,40,44,不相關,0.0,女,結婚,碩士,不同性別,17
110,,1,板橋區,40～44歲,40,44,不相關,0.0,女,結婚,碩士,相同性別,2
110,,1,板橋區,40～44歲,40,44,不相關,0.0,女,結婚,高中職,不同性別,50
110,,1,板橋區,40～44歲,40,44,不相關,0.0,女,結婚,高中職,相同性別,1
110,,1,板橋區,40～44歲,40,44,不相關,0.0,男,結婚,博士,不同性別,3
110,,1,板橋區,40～44歲,40,44,不相關,0.0,男,結婚,博士,相同性別,0
110,,1,板橋區,40～44歲,40,44,不相關,0.0,男,結婚,國中,不同性別,31
110,,1,板橋區,40～44歲,40,44,不相關,0.0,男,結婚,國中,相同性別,0
110,,1,板橋區,40～44歲,40,44,不相關,0.0,男,結婚,國小以下,不同性別,1
110,,1,板橋區,40～44歲,40,44,不相關,0.0,男,結婚,國小以下,相同性別,0
110,,1,板橋區,40～44歲,40,44,不相關,0.0,男,結婚,大學,不同性別,83
110,,1,板橋區,40～44歲,40,44,不相關,0.0,男,結婚,大學,相同性別,2
110,,1,板橋區,40～44歲,40,44,不相關,0.0,男,結婚,專科,不同性別,46
110,,1,板橋區,40～44歲,40,44,不相關,0.0,男,結婚,專科,相同性別,0
110,,1,板橋區,40～44歲,40,44,不相關,0.0,男,結婚,碩士,不同性別,51
110,,1,板橋區,40～44歲,40,44,不相關,0.0,男,結婚,碩士,相同性別,0
110,,1,板橋區,40～44歲,40,44,不相關,0.0,男,結婚,高中職,不同性別,68
110,,1,板橋區,40～44歲,40,44,不相關,0.0,男,結婚,高中職,相同性別,2
110,,1,板橋區,45～49歲,45,49,不相關,0.0,女,結婚,博士,不同性別,0
110,,1,板橋區,45～49歲,45,49,不相關,0.0,女,結婚,博士,相同性別,0
110,,1,板橋區,45～49歲,45,49,不相關,0.0,女,結婚,國中,不同性別,12
110,,1,板橋區,45～49歲,45,49,不相關,0.0,女,結婚,國中,相同性別,0
110,,1,板橋區,45～49歲,45,49,不相關,0.0,女,結婚,國小以下,不同性別,3
110,,1,板橋區,45～49歲,45,49,不相關,0.0,女,結婚,國小以下,相同性別,0
110,,1,板橋區,45～49歲,45,49,不相關,0.0,女,結婚,大學,不同性別,18
110,,1,板橋區,45～49歲,45,49,不相關,0.0,女,結婚,大學,相同性別,2
110,,1,板橋區,45～49歲,45,49,不相關,0.0,女,結婚,專科,不同性別,10
110,,1,板橋區,45～49歲,45,49,不相關,0.0,女,結婚,專科,相同性別,0
110,,1,板橋區,45～49歲,45,49,不相關,0.0,女,結婚,碩士,不同性別,2
110,,1,板橋區,45～49歲,45,49,不相關,0.0,女,結婚,碩士,相同性別,2
110,,1,板橋區,45～49歲,45,49,不相關,0.0,女,結婚,高中職,不同性別,20
110,,1,板橋區,45～49歲,45,49,不相關,0.0,女,結婚,高中職,相同性別,0
110,,1,板橋區,45～49歲,45,49,不相關,0.0,男,結婚,博士,不同性別,1
110,,1,板橋區,45～49歲,45,49,不相關,0.0,男,結婚,博士,相同性別,0
110,,1,板橋區,45～49歲,45,49,不相關,0.0,男,結婚,國中,不同性別,19
110,,1,板橋區,45～49歲,45,49,不相關,0.0,男,結婚,國中,相同性別,1
110,,1,板橋區,45～49歲,45,49,不相關,0.0,男,結婚,國小以下,不同性別,0
110,,1,板橋區,45～49歲,45,49,不相關,0.0,男,結婚,國小以下,相同性別,0
110,,1,板橋區,45～49歲,45,49,不相關,0.0,男,結婚,大學,不同性別,27
110,,1,板橋區,45～49歲,45,49,不相關,0.0,男,結婚,大學,相同性別,2
110,,1,板橋區,45～49歲,45,49,不相關,0.0,男,結婚,專科,不同性別,12
110,,1,板橋區,45～49歲,45,49,不相關,0.0,男,結婚,專科,相同性別,1
110,,1,板橋區,45～49歲,45,49,不相關,0.0,男,結婚,碩士,不同性別,11
110,,1,板橋區,45～49歲,45,49,不相關,0.0,男,結婚,碩士,相同性別,0
110,,1,板橋區,45～49歲,45,49,不相關,0.0,男,結婚,高中職,不同性別,37
110,,1,板橋區,45～49歲,45,49,不相關,0.0,男,結婚,高中職,相同性別,0
110,,1,板橋區,50～54歲,50,54,不相關,0.0,女,結婚,博士,不同性別,0
110,,1,板橋區,50～54歲,50,54,不相關,0.0,女,結婚,博士,相同性別,0
110,,1,板橋區,50～54歲,50,54,不相關,0.0,女,結婚,國中,不同性別,8
110,,1,板橋區,50～54歲,50,54,不相關,0.0,女,結婚,國中,相同性別,0
110,,1,板橋區,50～54歲,50,54,不相關,0.0,女,結婚,國小以下,不同性別,1
110,,1,板橋區,50～54歲,50,54,不相關,0.0,女,結婚,國小以下,相同性別,0
110,,1,板橋區,50～54歲,50,54,不相關,0.0,女,結婚,大學,不同性別,7
110,,1,板橋區,50～54歲,50,54,不相關,0.0,女,結婚,大學,相同性別,0
110,,1,板橋區,50～54歲,50,54,不相關,0.0,女,結婚,專科,不同性別,2
110,,1,板橋區,50～54歲,50,54,不相關,0.0,女,結婚,專科,相同性別,0
110,,1,板橋區,50～54歲,50,54,不相關,0.0,女,結婚,碩士,不同性別,3
110,,1,板橋區,50～54歲,50,54,不相關,0.0,女,結婚,碩士,相同性別,0
110,,1,板橋區,50～54歲,50,54,不相關,0.0,女,結婚,高中職,不同性別,16
110,,1,板橋區,50～54歲,50,54,不相關,0.0,女,結婚,高中職,相同性別,0
110,,1,板橋區,50～54歲,50,54,不相關,0.0,男,結婚,博士,不同性別,0
110,,1,板橋區,50～54歲,50,54,不相關,0.0,男,結婚,博士,相同性別,0
110,,1,板橋區,50～54歲,50,54,不相關,0.0,男,結婚,國中,不同性別,6
110,,1,板橋區,50～54歲,50,54,不相關,0.0,男,結婚,國中,相同性別,0
110,,1,板橋區,50～54歲,50,54,不相關,0.0,男,結婚,國小以下,不同性別,1
110,,1,板橋區,50～54歲,50,54,不相關,0.0,男,結婚,國小以下,相同性別,0
110,,1,板橋區,50～54歲,50,54,不相關,0.0,男,結婚,大學,不同性別,6
110,,1,板橋區,50～54歲,50,54,不相關,0.0,男,結婚,大學,相同性別,1
110,,1,板橋區,50～54歲,50,54,不相關,0.0,男,結婚,專科,不同性別,15
110,,1,板橋區,50～54歲,50,54,不相關,0.0,男,結婚,專科,相同性別,0
110,,1,板橋區,50～54歲,50,54,不相關,0.0,男,結婚,碩士,不同性別,7
110,,1,板橋區,50～54歲,50,54,不相關,0.0,男,結婚,碩士,相同性別,0
110,,1,板橋區,50～54歲,50,54,不相關,0.0,男,結婚,高中職,不同性別,22
110,,1,板橋區,50～54歲,50,54,不相關,0.0,男,結婚,高中職,相同性別,0
110,,1,板橋區,55～59歲,55,59,不相關,0.0,女,結婚,博士,不同性別,0
110,,1,板橋區,55～59歲,55,59,不相關,0.0,女,結婚,博士,相同性別,0
110,,1,板橋區,55～59歲,55,59,不相關,0.0,女,結婚,國中,不同性別,6
110,,1,板橋區,55～59歲,55,59,不相關,0.0,女,結婚,國中,相同性別,0
110,,1,板橋區,55～59歲,55,59,不相關,0.0,女,結婚,國小以下,不同性別,1
110,,1,板橋區,55～59歲,55,59,不相關,0.0,女,結婚,國小以下,相同性別,0
110,,1,板橋區,55～59歲,55,59,不相關,0.0,女,結婚,大學,不同性別,2
110,,1,板橋區,55～59歲,55,59,不相關,0.0,女,結婚,大學,相同性別,0
110,,1,板橋區,55～59歲,55,59,不相關,0.0,女,結婚,專科,不同性別,5
110,,1,板橋區,55～59歲,55,59,不相關,0.0,女,結婚,專科,相同性別,0
110,,1,板橋區,55～59歲,55,59,不相關,0.0,女,結婚,碩士,不同性別,0
110,,1,板橋區,55～59歲,55,59,不相關,0.0,女,結婚,碩士,相同性別,0
110,,1,板橋區,55～59歲,55,59,不相關,0.0,女,結婚,高中職,不同性別,9
110,,1,板橋區,55～59歲,55,59,不相關,0.0,女,結婚,高中職,相同性別,0
110,,1,板橋區,55～59歲,55,59,不相關,0.0,男,結婚,博士,不同性別,0
110,,1,板橋區,55～59歲,55,59,不相關,0.0,男,結婚,博士,相同性別,0
110,,1,板橋區,55～59歲,55,59,不相關,0.0,男,結婚,國中,不同性別,8
110,,1,板橋區,55～59歲,55,59,不相關,0.0,男,結婚,國中,相同性別,0
110,,1,板橋區,55～59歲,55,59,不相關,0.0,男,結婚,國小以下,不同性別,0
110,,1,板橋區,55～59歲,55,59,不相關,0.0,男,結婚,國小以下,相同性別,0
110,,1,板橋區,55～59歲,55,59,不相關,0.0,男,結婚,大學,不同性別,9
110,,1,板橋區,55～59歲,55,59,不相關,0.0,男,結婚,大學,相同性別,0
110,,1,板橋區,55～59歲,55,59,不相關,0.0,男,結婚,專科,不同性別,8
110,,1,板橋區,55～59歲,55,59,不相關,0.0,男,結婚,專科,相同性別,0
110,,1,板橋區,55～59歲,55,59,不相關,0.0,男,結婚,碩士,不同性別,2
110,,1,板橋區,55～59歲,55,59,不相關,0.0,男,結婚,碩士,相同性別,0
110,,1,板橋區,55～59歲,55,59,不相關,0.0,男,結婚,高中職,不同性別,16
110,,1,板橋區,55～59歲,55,59,不相關,0.0,男,結婚,高中職,相同性別,0
110,,1,板橋區,60～64歲,60,64,不相關,0.0,女,結婚,博士,不同性別,0
110,,1,板橋區,60～64歲,60,64,不相關,0.0,女,結婚,博士,相同性別,0
110,,1,板橋區,60～64歲,60,64,不相關,0.0,女,結婚,國中,不同性別,3
110,,1,板橋區,60～64歲,60,64,不相關,0.0,女,結婚,國中,相同性別,0
110,,1,板橋區,60～64歲,60,64,不相關,0.0,女,結婚,國小以下,不同性別,1
110,,1,板橋區,60～64歲,60,64,不相關,0.0,女,結婚,國小以下,相同性別,0
110,,1,板橋區,60～64歲,60,64,不相關,0.0,女,結婚,大學,不同性別,2
110,,1,板橋區,60～64歲,60,64,不相關,0.0,女,結婚,大學,相同性別,0
110,,1,板橋區,60～64歲,60,64,不相關,0.0,女,結婚,專科,不同性別,1
110,,1,板橋區,60～64歲,60,64,不相關,0.0,女,結婚,專科,相同性別,0
110,,1,板橋區,60～64歲,60,64,不相關,0.0,女,結婚,碩士,不同性別,0
110,,1,板橋區,60～64歲,60,64,不相關,0.0,女,結婚,碩士,相同性別,0
110,,1,板橋區,60～64歲,60,64,不相關,0.0,女,結婚,高中職,不同性別,7
110,,1,板橋區,60～64歲,60,64,不相關,0.0,女,結婚,高中職,相同性別,0
110,,1,板橋區,60～64歲,60,64,不相關,0.0,男,結婚,博士,不同性別,1
110,,1,板橋區,60～64歲,60,64,不相關,0.0,男,結婚,博士,相同性別,0
110,,1,板橋區,60～64歲,60,64,不相關,0.0,男,結婚,國中,不同性別,6
110,,1,板橋區,60～64歲,60,64,不相關,0.0,男,結婚,國中,相同性別,0
110,,1,板橋區,60～64歲,60,64,不相關,0.0,男,結婚,國小以下,不同性別,0
110,,1,板橋區,60～64歲,60,64,不相關,0.0,男,結婚,國小以下,相同性別,0
110,,1,板橋區,60～64歲,60,64,不相關,0.0,男,結婚,大學,不同性別,3
110,,1,板橋區,60～64歲,60,64,不相關,0.0,男,結婚,大學,相同性別,0
110,,1,板橋區,60～64歲,60,64,不相關,0.0,男,結婚,專科,不同性別,1
110,,1,板橋區,60～64歲,60,64,不相關,0.0,男,結婚,專科,相同性別,0
110,,1,板橋區,60～64歲,60,64,不相關,0.0,男,結婚,碩士,不同性別,2
110,,1,板橋區,60～64歲,60,64,不相關,0.0,男,結婚,碩士,相同性別,0
110,,1,板橋區,60～64歲,60,64,不相關,0.0,男,結婚,高中職,不同性別,8
110,,1,板橋區,60～64歲,60,64,不相關,0.0,男,結婚,高中職,相同性別,0
110,,1,板橋區,65歲以上,65,120,不相關,0.0,女,結婚,博士,不同性別,0
110,,1,板橋區,65歲以上,65,120,不相關,0.0,女,結婚,博士,相同性別,0
110,,1,板橋區,65歲以上,65,120,不相關,0.0,女,結婚,國中,不同性別,4
110,,1,板橋區,65歲以上,65,120,不相關,0.0,女,結婚,國中,相同性別,0
110,,1,板橋區,65歲以上,65,120,不相關,0.0,女,結婚,國小以下,不同性別,5
110,,1,板橋區,65歲以上,65,120,不相關,0.0,女,結婚,國小以下,相同性別,0
110,,1,板橋區,65歲以上,65,120,不相關,0.0,女,結婚,大學,不同性別,0
110,,1,板橋區,65歲以上,65,120,不相關,0.0,女,結婚,大學,相同性別,0
110,,1,板橋區,65歲以上,65,120,不相關,0.0,女,結婚,專科,不同性別,3
110,,1,板橋區,65歲以上,65,120,不相關,0.0,女,結婚,專科,相同性別,0
110,,1,板橋區,65歲以上,65,120,不相關,0.0,女,結婚,碩士,不同性別,0
110,,1,板橋區,65歲以上,65,120,不相關,0.0,女,結婚,碩士,相同性別,0
110,,1,板橋區,65歲以上,65,120,不相關,0.0,女,結婚,高中職,不同性別,0
110,,1,板橋區,65歲以上,65,120,不相關,0.0,女,結婚,高中職,相同性別,0
110,,1,板橋區,65歲以上,65,120,不相關,0.0,男,結婚,博士,不同性別,1
110,,1,板橋區,65歲以上,65,120,不相關,0.0,男,結婚,博士,相同性別,0
110,,1,板橋區,65歲以上,65,120,不相關,0.0,男,結婚,國中,不同性別,2
110,,1,板橋區,65歲以上,65,120,不相關,0.0,男,結婚,國中,相同性別,0
110,,1,板橋區,65歲以上,65,120,不相關,0.0,男,結婚,國小以下,不同性別,8
110,,1,板橋區,65歲以上,65,120,不相關,0.0,男,結婚,國小以下,相同性別,0
110,,1,板橋區,65歲以上,65,120,不相關,0.0,男,結婚,大學,不同性別,5
110,,1,板橋區,65歲以上,65,120,不相關,0.0,男,結婚,大學,相同性別,0
110,,1,板橋區,65歲以上,65,120,不相關,0.0,男,結婚,專科,不同性別,3
110,,1,板橋區,65歲以上,65,120,不相關,0.0,男,結婚,專科,相同性別,0
110,,1,板橋區,65歲以上,65,120,不相關,0.0,男,結婚,碩士,不同性別,1
110,,1,板橋區,65歲以上,65,120,不相關,0.0,男,結婚,碩士,相同性別,0
110,,1,板橋區,65歲以上,65,120,不相關,0.0,男,結婚,高中職,不同性別,6
110,,1,板橋區,65歲以上,65,120,不相關,0.0,男,結婚,高中職,相同性別,0
110,,2,三重區,未滿15歲,0,14,不相關,0.0,女,結婚,博士,不同性別,0
110,,2,三重區,未滿15歲,0,14,不相關,0.0,女,結婚,博士,相同性別,0
110,,2,三重區,未滿15歲,0,14,不相關,0.0,女,結婚,國中,不同性別,0
110,,2,三重區,未滿15歲,0,14,不相關,0.0,女,結婚,國中,相同性別,0
110,,2,三重區,未滿15歲,0,14,不相關,0.0,女,結婚,國小以下,不同性別,0
110,,2,三重區,未滿15歲,0,14,不相關,0.0,女,結婚,國小以下,相同性別,0
110,,2,三重區,未滿15歲,0,14,不相關,0.0,女,結婚,大學,不同性別,0
110,,2,三重區,未滿15歲,0,14,不相關,0.0,女,結婚,大學,相同性別,0
110,,2,三重區,未滿15歲,0,14,不相關,0.0,女,結婚,專科,不同性別,0
110,,2,三重區,未滿15歲,0,14,不相關,0.0,女,結婚,專科,相同性別,0
110,,2,三重區,未滿15歲,0,14,不相關,0.0,女,結婚,碩士,不同性別,0
110,,2,三重區,未滿15歲,0,14,不相關,0.0,女,結婚,碩士,相同性別,0
110,,2,三重區,未滿15歲,0,14,不相關,0.0,女,結婚,高中職,不同性別,0
110,,2,三重區,未滿15歲,0,14,不相關,0.0,女,結婚,高中職,相同性別,0
110,,2,三重區,未滿15歲,0,14,不相關,0.0,男,結婚,博士,不同性別,0
110,,2,三重區,未滿15歲,0,14,不相關,0.0,男,結婚,博士,相同性別,0
110,,2,三重區,未滿15歲,0,14,不相關,0.0,男,結婚,國中,不同性別,0
110,,2,三重區,未滿15歲,0,14,不相關,0.0,男,結婚,國中,相同性別,0
110,,2,三重區,未滿15歲,0,14,不相關,0.0,男,結婚,國小以下,不同性別,0
110,,2,三重區,未滿15歲,0,14,不相關,0.0,男,結婚,國小以下,相同性別,0
110,,2,三重區,未滿15歲,0,14,不相關,0.0,男,結婚,大學,不同性別,0
110,,2,三重區,未滿15歲,0,14,不相關,0.0,男,結婚,大學,相同性別,0
110,,2,三重區,未滿15歲,0,14,不相關,0.0,男,結婚,專科,不同性別,0
110,,2,三重區,未滿15歲,0,14,不相關,0.0,男,結婚,專科,相同性別,0
110,,2,三重區,未滿15歲,0,14,不相關,0.0,男,結婚,碩士,不同性別,0
110,,2,三重區,未滿15歲,0,14,不相關,0.0,男,結婚,碩士,相同性別,0
110,,2,三重區,未滿15歲,0,14,不相關,0.0,男,結婚,高中職,不同性別,0
110,,2,三重區,未滿15歲,0,14,不相關,0.0,男,結婚,高中職,相同性別,0
110,,2,三重區,15～19歲,15,19,部分重疊,0.4,女,結婚,博士,不同性別,0
110,,2,三重區,15～19歲,15,19,部分重疊,0.4,女,結婚,博士,相同性別,0
110,,2,三重區,15～19歲,15,19,部分重疊,0.4,女,結婚,國中,不同性別,10
110,,2,三重區,15～19歲,15,19,部分重疊,0.4,女,結婚,國中,相同性別,0
110,,2,三重區,15～19歲,15,19,部分重疊,0.4,女,結婚,國小以下,不同性別,1
110,,2,三重區,15～19歲,15,19,部分重疊,0.4,女,結婚,國小以下,相同性別,0
110,,2,三重區,15～19歲,15,19,部分重疊,0.4,女,結婚,大學,不同性別,0
110,,2,三重區,15～19歲,15,19,部分重疊,0.4,女,結婚,大學,相同性別,0
110,,2,三重區,15～19歲,15,19,部分重疊,0.4,女,結婚,專科,不同性別,0
110,,2,三重區,15～19歲,15,19,部分重疊,0.4,女,結婚,專科,相同性別,0
110,,2,三重區,15～19歲,15,19,部分重疊,0.4,女,結婚,碩士,不同性別,0
110,,2,三重區,15～19歲,15,19,部分重疊,0.4,女,結婚,碩士,相同性別,0
110,,2,三重區,15～19歲,15,19,部分重疊,0.4,女,結婚,高中職,不同性別,1
110,,2,三重區,15～19歲,15,19,部分重疊,0.4,女,結婚,高中職,相同性別,0
110,,2,三重區,15～19歲,15,19,部分重疊,0.4,男,結婚,博士,不同性別,0
110,,2,三重區,15～19歲,15,19,部分重疊,0.4,男,結婚,博士,相同性別,0
110,,2,三重區,15～19歲,15,19,部分重疊,0.4,男,結婚,國中,不同性別,4
110,,2,三重區,15～19歲,15,19,部分重疊,0.4,男,結婚,國中,相同性別,0
110,,2,三重區,15～19歲,15,19,部分重疊,0.4,男,結婚,國小以下,不同性別,0
110,,2,三重區,15～19歲,15,19,部分重疊,0.4,男,結婚,國小以下,相同性別,0
110,,2,三重區,15～19歲,15,19,部分重疊,0.4,男,結婚,大學,不同性別,0
110,,2,三重區,15～19歲,15,19,部分重疊,0.4,男,結婚,大學,相同性別,0
110,,2,三重區,15～19歲,15,19,部分重疊,0.4,男,結婚,專科,不同性別,0
110,,2,三重區,15～19歲,15,19,部分重疊,0.4,男,結婚,專科,相同性別,0
110,,2,三重區,15～19歲,15,19,部分重疊,0.4,男,結婚,碩士,不同性別,0
110,,2,三重區,15～19歲,15,19,部分重疊,0.4,男,結婚,碩士,相同性別,0
110,,2,三重區,15～19歲,15,19,部分重疊,0.4,男,結婚,高中職,不同性別,1
110,,2,三重區,15～19歲,15,19,部分重疊,0.4,男,結婚,高中職,相同性別,0
110,,2,三重區,20～24歲,20,24,完全落入,1.0,女,結婚,博士,不同性別,0
110,,2,三重區,20～24歲,20,24,完全落入,1.0,女,結婚,博士,相同性別,0
110,,2,三重區,20～24歲,20,24,完全落入,1.0,女,結婚,國中,不同性別,45
110,,2,三重區,20～24歲,20,24,完全落入,1.0,女,結婚,國中,相同性別,2
110,,2,三重區,20～24歲,20,24,完全落入,1.0,女,結婚,國小以下,不同性別,3
110,,2,三重區,20～24歲,20,24,完全落入,1.0,女,結婚,國小以下,相同性別,0
110,,2,三重區,20～24歲,20,24,完全落入,1.0,女,結婚,大學,不同性別,36
110,,2,三重區,20～24歲,20,24,完全落入,1.0,女,結婚,大學,相同性別,0
110,,2,三重區,20～24歲,20,24,完全落入,1.0,女,結婚,專科,不同性別,6
110,,2,三重區,20～24歲,20,24,完全落入,1.0,女,結婚,專科,相同性別,0
110,,2,三重區,20～24歲,20,24,完全落入,1.0,女,結婚,碩士,不同性別,0
110,,2,三重區,20～24歲,20,24,完全落入,1.0,女,結婚,碩士,相同性別,0
110,,2,三重區,20～24歲,20,24,完全落入,1.0,女,結婚,高中職,不同性別,68
110,,2,三重區,20～24歲,20,24,完全落入,1.0,女,結婚,高中職,相同性別,3
110,,2,三重區,20～24歲,20,24,完全落入,1.0,男,結婚,博士,不同性別,0
110,,2,三重區,20～24歲,20,24,完全落入,1.0,男,結婚,博士,相同性別,0
110,,2,三重區,20～24歲,20,24,完全落入,1.0,男,結婚,國中,不同性別,32
110,,2,三重區,20～24歲,20,24,完全落入,1.0,男,結婚,國中,相同性別,1
110,,2,三重區,20～24歲,20,24,完全落入,1.0,男,結婚,國小以下,不同性別,1
110,,2,三重區,20～24歲,20,24,完全落入,1.0,男,結婚,國小以下,相同性別,0
110,,2,三重區,20～24歲,20,24,完全落入,1.0,男,結婚,大學,不同性別,9
110,,2,三重區,20～24歲,20,24,完全落入,1.0,男,結婚,大學,相同性別,0
110,,2,三重區,20～24歲,20,24,完全落入,1.0,男,結婚,專科,不同性別,2
110,,2,三重區,20～24歲,20,24,完全落入,1.0,男,結婚,專科,相同性別,0
110,,2,三重區,20～24歲,20,24,完全落入,1.0,男,結婚,碩士,不同性別,1
110,,2,三重區,20～24歲,20,24,完全落入,1.0,男,結婚,碩士,相同性別,0
110,,2,三重區,20～24歲,20,24,完全落入,1.0,男,結婚,高中職,不同性別,39
110,,2,三重區,20～24歲,20,24,完全落入,1.0,男,結婚,高中職,相同性別,0
110,,2,三重區,25～29歲,25,29,完全落入,1.0,女,結婚,博士,不同性別,0
110,,2,三重區,25～29歲,25,29,完全落入,1.0,女,結婚,博士,相同性別,0
110,,2,三重區,25～29歲,25,29,完全落入,1.0,女,結婚,國中,不同性別,36
110,,2,三重區,25～29歲,25,29,完全落入,1.0,女,結婚,國中,相同性別,4
110,,2,三重區,25～29歲,25,29,完全落入,1.0,女,結婚,國小以下,不同性別,2
110,,2,三重區,25～29歲,25,29,完全落入,1.0,女,結婚,國小以下,相同性別,0
110,,2,三重區,25～29歲,25,29,完全落入,1.0,女,結婚,大學,不同性別,330
110,,2,三重區,25～29歲,25,29,完全落入,1.0,女,結婚,大學,相同性別,1
110,,2,三重區,25～29歲,25,29,完全落入,1.0,女,結婚,專科,不同性別,16
110,,2,三重區,25～29歲,25,29,完全落入,1.0,女,結婚,專科,相同性別,0
110,,2,三重區,25～29歲,25,29,完全落入,1.0,女,結婚,碩士,不同性別,37
110,,2,三重區,25～29歲,25,29,完全落入,1.0,女,結婚,碩士,相同性別,0
110,,2,三重區,25～29歲,25,29,完全落入,1.0,女,結婚,高中職,不同性別,108
110,,2,三重區,25～29歲,25,29,完全落入,1.0,女,結婚,高中職,相同性別,1
110,,2,三重區,25～29歲,25,29,完全落入,1.0,男,結婚,博士,不同性別,0
110,,2,三重區,25～29歲,25,29,完全落入,1.0,男,結婚,博士,相同性別,0
110,,2,三重區,25～29歲,25,29,完全落入,1.0,男,結婚,國中,不同性別,42
110,,2,三重區,25～29歲,25,29,完全落入,1.0,男,結婚,國中,相同性別,2
110,,2,三重區,25～29歲,25,29,完全落入,1.0,男,結婚,國小以下,不同性別,1
110,,2,三重區,25～29歲,25,29,完全落入,1.0,男,結婚,國小以下,相同性別,0
110,,2,三重區,25～29歲,25,29,完全落入,1.0,男,結婚,大學,不同性別,201
110,,2,三重區,25～29歲,25,29,完全落入,1.0,男,結婚,大學,相同性別,2
110,,2,三重區,25～29歲,25,29,完全落入,1.0,男,結婚,專科,不同性別,9
110,,2,三重區,25～29歲,25,29,完全落入,1.0,男,結婚,專科,相同性別,0
110,,2,三重區,25～29歲,25,29,完全落入,1.0,男,結婚,碩士,不同性別,39
110,,2,三重區,25～29歲,25,29,完全落入,1.0,男,結婚,碩士,相同性別,1
110,,2,三重區,25～29歲,25,29,完全落入,1.0,男,結婚,高中職,不同性別,99
110,,2,三重區,25～29歲,25,29,完全落入,1.0,男,結婚,高中職,相同性別,1
110,,2,三重區,30～34歲,30,34,完全落入,1.0,女,結婚,博士,不同性別,1
110,,2,三重區,30～34歲,30,34,完全落入,1.0,女,結婚,博士,相同性別,0
110,,2,三重區,30～34歲,30,34,完全落入,1.0,女,結婚,國中,不同性別,31
110,,2,三重區,30～34歲,30,34,完全落入,1.0,女,結婚,國中,相同性別,2
110,,2,三重區,30～34歲,30,34,完全落入,1.0,女,結婚,國小以下,不同性別,3
110,,2,三重區,30～34歲,30,34,完全落入,1.0,女,結婚,國小以下,相同性別,1
110,,2,三重區,30～34歲,30,34,完全落入,1.0,女,結婚,大學,不同性別,332
110,,2,三重區,30～34歲,30,34,完全落入,1.0,女,結婚,大學,相同性別,8
110,,2,三重區,30～34歲,30,34,完全落入,1.0,女,結婚,專科,不同性別,25
110,,2,三重區,30～34歲,30,34,完全落入,1.0,女,結婚,專科,相同性別,2
110,,2,三重區,30～34歲,30,34,完全落入,1.0,女,結婚,碩士,不同性別,69
110,,2,三重區,30～34歲,30,34,完全落入,1.0,女,結婚,碩士,相同性別,0
110,,2,三重區,30～34歲,30,34,完全落入,1.0,女,結婚,高中職,不同性別,100
110,,2,三重區,30～34歲,30,34,完全落入,1.0,女,結婚,高中職,相同性別,5
110,,2,三重區,30～34歲,30,34,完全落入,1.0,男,結婚,博士,不同性別,2
110,,2,三重區,30～34歲,30,34,完全落入,1.0,男,結婚,博士,相同性別,0
110,,2,三重區,30～34歲,30,34,完全落入,1.0,男,結婚,國中,不同性別,37
110,,2,三重區,30～34歲,30,34,完全落入,1.0,男,結婚,國中,相同性別,1
110,,2,三重區,30～34歲,30,34,完全落入,1.0,男,結婚,國小以下,不同性別,1
110,,2,三重區,30～34歲,30,34,完全落入,1.0,男,結婚,國小以下,相同性別,0
110,,2,三重區,30～34歲,30,34,完全落入,1.0,男,結婚,大學,不同性別,298
110,,2,三重區,30～34歲,30,34,完全落入,1.0,男,結婚,大學,相同性別,2
110,,2,三重區,30～34歲,30,34,完全落入,1.0,男,結婚,專科,不同性別,19
110,,2,三重區,30～34歲,30,34,完全落入,1.0,男,結婚,專科,相同性別,0
110,,2,三重區,30～34歲,30,34,完全落入,1.0,男,結婚,碩士,不同性別,83
110,,2,三重區,30～34歲,30,34,完全落入,1.0,男,結婚,碩士,相同性別,0
110,,2,三重區,30～34歲,30,34,完全落入,1.0,男,結婚,高中職,不同性別,129
110,,2,三重區,30～34歲,30,34,完全落入,1.0,男,結婚,高中職,相同性別,1
110,,2,三重區,35～39歲,35,39,部分重疊,0.2,女,結婚,博士,不同性別,1
110,,2,三重區,35～39歲,35,39,部分重疊,0.2,女,結婚,博士,相同性別,0
110,,2,三重區,35～39歲,35,39,部分重疊,0.2,女,結婚,國中,不同性別,40
110,,2,三重區,35～39歲,35,39,部分重疊,0.2,女,結婚,國中,相同性別,1
110,,2,三重區,35～39歲,35,39,部分重疊,0.2,女,結婚,國小以下,不同性別,2
110,,2,三重區,35～39歲,35,39,部分重疊,0.2,女,結婚,國小以下,相同性別,0
110,,2,三重區,35～39歲,35,39,部分重疊,0.2,女,結婚,大學,不同性別,138
110,,2,三重區,35～39歲,35,39,部分重疊,0.2,女,結婚,大學,相同性別,3
110,,2,三重區,35～39歲,35,39,部分重疊,0.2,女,結婚,專科,不同性別,26
110,,2,三重區,35～39歲,35,39,部分重疊,0.2,女,結婚,專科,相同性別,1
110,,2,三重區,35～39歲,35,39,部分重疊,0.2,女,結婚,碩士,不同性別,34
110,,2,三重區,35～39歲,35,39,部分重疊,0.2,女,結婚,碩士,相同性別,0
110,,2,三重區,35～39歲,35,39,部分重疊,0.2,女,結婚,高中職,不同性別,65
110,,2,三重區,35～39歲,35,39,部分重疊,0.2,女,結婚,高中職,相同性別,2
110,,2,三重區,35～39歲,35,39,部分重疊,0.2,男,結婚,博士,不同性別,7
110,,2,三重區,35～39歲,35,39,部分重疊,0.2,男,結婚,博士,相同性別,0
110,,2,三重區,35～39歲,35,39,部分重疊,0.2,男,結婚,國中,不同性別,34
110,,2,三重區,35～39歲,35,39,部分重疊,0.2,男,結婚,國中,相同性別,0
110,,2,三重區,35～39歲,35,39,部分重疊,0.2,男,結婚,國小以下,不同性別,4
110,,2,三重區,35～39歲,35,39,部分重疊,0.2,男,結婚,國小以下,相同性別,0
110,,2,三重區,35～39歲,35,39,部分重疊,0.2,男,結婚,大學,不同性別,150
110,,2,三重區,35～39歲,35,39,部分重疊,0.2,男,結婚,大學,相同性別,2
110,,2,三重區,35～39歲,35,39,部分重疊,0.2,男,結婚,專科,不同性別,34
110,,2,三重區,35～39歲,35,39,部分重疊,0.2,男,結婚,專科,相同性別,0
110,,2,三重區,35～39歲,35,39,部分重疊,0.2,男,結婚,碩士,不同性別,61
110,,2,三重區,35～39歲,35,39,部分重疊,0.2,男,結婚,碩士,相同性別,1
110,,2,三重區,35～39歲,35,39,部分重疊,0.2,男,結婚,高中職,不同性別,86
110,,2,三重區,35～39歲,35,39,部分重疊,0.2,男,結婚,高中職,相同性別,1
110,,2,三重區,40～44歲,40,44,不相關,0.0,女,結婚,博士,不同性別,1
110,,2,三重區,40～44歲,40,44,不相關,0.0,女,結婚,博士,相同性別,0
110,,2,三重區,40～44歲,40,44,不相關,0.0,女,結婚,國中,不同性別,14
110,,2,三重區,40～44歲,40,44,不相關,0.0,女,結婚,國中,相同性別,2
110,,2,三重區,40～44歲,40,44,不相關,0.0,女,結婚,國小以下,不同性別,6
110,,2,三重區,40～44歲,40,44,不相關,0.0,女,結婚,國小以下,相同性別,0
110,,2,三重區,40～44歲,40,44,不相關,0.0,女,結婚,大學,不同性別,28
110,,2,三重區,40～44歲,40,44,不相關,0.0,女,結婚,大學,相同性別,2
110,,2,三重區,40～44歲,40,44,不相關,0.0,女,結婚,專科,不同性別,22
110,,2,三重區,40～44歲,40,44,不相關,0.0,女,結婚,專科,相同性別,2
110,,2,三重區,40～44歲,40,44,不相關,0.0,女,結婚,碩士,不同性別,5
110,,2,三重區,40～44歲,40,44,不相關,0.0,女,結婚,碩士,相同性別,0
110,,2,三重區,40～44歲,40,44,不相關,0.0,女,結婚,高中職,不同性別,45
110,,2,三重區,40～44歲,40,44,不相關,0.0,女,結婚,高中職,相同性別,3
110,,2,三重區,40～44歲,40,44,不相關,0.0,男,結婚,博士,不同性別,4
110,,2,三重區,40～44歲,40,44,不相關,0.0,男,結婚,博士,相同性別,0
110,,2,三重區,40～44歲,40,44,不相關,0.0,男,結婚,國中,不同性別,29
110,,2,三重區,40～44歲,40,44,不相關,0.0,男,結婚,國中,相同性別,0
110,,2,三重區,40～44歲,40,44,不相關,0.0,男,結婚,國小以下,不同性別,1
110,,2,三重區,40～44歲,40,44,不相關,0.0,男,結婚,國小以下,相同性別,0
110,,2,三重區,40～44歲,40,44,不相關,0.0,男,結婚,大學,不同性別,58
110,,2,三重區,40～44歲,40,44,不相關,0.0,男,結婚,大學,相同性別,1
110,,2,三重區,40～44歲,40,44,不相關,0.0,男,結婚,專科,不同性別,33
110,,2,三重區,40～44歲,40,44,不相關,0.0,男,結婚,專科,相同性別,1
110,,2,三重區,40～44歲,40,44,不相關,0.0,男,結婚,碩士,不同性別,15
110,,2,三重區,40～44歲,40,44,不相關,0.0,男,結婚,碩士,相同性別,2
110,,2,三重區,40～44歲,40,44,不相關,0.0,男,結婚,高中職,不同性別,55
110,,2,三重區,40～44歲,40,44,不相關,0.0,男,結婚,高中職,相同性別,0
110,,2,三重區,45～49歲,45,49,不相關,0.0,女,結婚,博士,不同性別,0
110,,2,三重區,45～49歲,45,49,不相關,0.0,女,結婚,博士,相同性別,0
110,,2,三重區,45～49歲,45,49,不相關,0.0,女,結婚,國中,不同性別,10
110,,2,三重區,45～49歲,45,49,不相關,0.0,女,結婚,國中,相同性別,0
110,,2,三重區,45～49歲,45,49,不相關,0.0,女,結婚,國小以下,不同性別,2
110,,2,三重區,45～49歲,45,49,不相關,0.0,女,結婚,國小以下,相同性別,0
110,,2,三重區,45～49歲,45,49,不相關,0.0,女,結婚,大學,不同性別,15
110,,2,三重區,45～49歲,45,49,不相關,0.0,女,結婚,大學,相同性別,0
110,,2,三重區,45～49歲,45,49,不相關,0.0,女,結婚,專科,不同性別,10
110,,2,三重區,45～49歲,45,49,不相關,0.0,女,結婚,專科,相同性別,0
110,,2,三重區,45～49歲,45,49,不相關,0.0,女,結婚,碩士,不同性別,3
110,,2,三重區,45～49歲,45,49,不相關,0.0,女,結婚,碩士,相同性別,1
110,,2,三重區,45～49歲,45,49,不相關,0.0,女,結婚,高中職,不同性別,13
110,,2,三重區,45～49歲,45,49,不相關,0.0,女,結婚,高中職,相同性別,0
110,,2,三重區,45～49歲,45,49,不相關,0.0,男,結婚,博士,不同性別,1
110,,2,三重區,45～49歲,45,49,不相關,0.0,男,結婚,博士,相同性別,0
110,,2,三重區,45～49歲,45,49,不相關,0.0,男,結婚,國中,不同性別,13
110,,2,三重區,45～49歲,45,49,不相關,0.0,男,結婚,國中,相同性別,0
110,,2,三重區,45～49歲,45,49,不相關,0.0,男,結婚,國小以下,不同性別,0
110,,2,三重區,45～49歲,45,49,不相關,0.0,男,結婚,國小以下,相同性別,0
110,,2,三重區,45～49歲,45,49,不相關,0.0,男,結婚,大學,不同性別,9
110,,2,三重區,45～49歲,45,49,不相關,0.0,男,結婚,大學,相同性別,0
110,,2,三重區,45～49歲,45,49,不相關,0.0,男,結婚,專科,不同性別,11
110,,2,三重區,45～49歲,45,49,不相關,0.0,男,結婚,專科,相同性別,0
110,,2,三重區,45～49歲,45,49,不相關,0.0,男,結婚,碩士,不同性別,7
110,,2,三重區,45～49歲,45,49,不相關,0.0,男,結婚,碩士,相同性別,0
110,,2,三重區,45～49歲,45,49,不相關,0.0,男,結婚,高中職,不同性別,30
110,,2,三重區,45～49歲,45,49,不相關,0.0,男,結婚,高中職,相同性別,1
110,,2,三重區,50～54歲,50,54,不相關,0.0,女,結婚,博士,不同性別,0
110,,2,三重區,50～54歲,50,54,不相關,0.0,女,結婚,博士,相同性別,0
110,,2,三重區,50～54歲,50,54,不相關,0.0,女,結婚,國中,不同性別,4
110,,2,三重區,50～54歲,50,54,不相關,0.0,女,結婚,國中,相同性別,0
110,,2,三重區,50～54歲,50,54,不相關,0.0,女,結婚,國小以下,不同性別,0
110,,2,三重區,50～54歲,50,54,不相關,0.0,女,結婚,國小以下,相同性別,0
110,,2,三重區,50～54歲,50,54,不相關,0.0,女,結婚,大學,不同性別,4
110,,2,三重區,50～54歲,50,54,不相關,0.0,女,結婚,大學,相同性別,0
110,,2,三重區,50～54歲,50,54,不相關,0.0,女,結婚,專科,不同性別,2
110,,2,三重區,50～54歲,50,54,不相關,0.0,女,結婚,專科,相同性別,1
110,,2,三重區,50～54歲,50,54,不相關,0.0,女,結婚,碩士,不同性別,1
110,,2,三重區,50～54歲,50,54,不相關,0.0,女,結婚,碩士,相同性別,0
110,,2,三重區,50～54歲,50,54,不相關,0.0,女,結婚,高中職,不同性別,11
110,,2,三重區,50～54歲,50,54,不相關,0.0,女,結婚,高中職,相同性別,0
110,,2,三重區,50～54歲,50,54,不相關,0.0,男,結婚,博士,不同性別,1
110,,2,三重區,50～54歲,50,54,不相關,0.0,男,結婚,博士,相同性別,0
110,,2,三重區,50～54歲,50,54,不相關,0.0,男,結婚,國中,不同性別,14
110,,2,三重區,50～54歲,50,54,不相關,0.0,男,結婚,國中,相同性別,0
110,,2,三重區,50～54歲,50,54,不相關,0.0,男,結婚,國小以下,不同性別,1
110,,2,三重區,50～54歲,50,54,不相關,0.0,男,結婚,國小以下,相同性別,0
110,,2,三重區,50～54歲,50,54,不相關,0.0,男,結婚,大學,不同性別,9
110,,2,三重區,50～54歲,50,54,不相關,0.0,男,結婚,大學,相同性別,0
110,,2,三重區,50～54歲,50,54,不相關,0.0,男,結婚,專科,不同性別,2
110,,2,三重區,50～54歲,50,54,不相關,0.0,男,結婚,專科,相同性別,0
110,,2,三重區,50～54歲,50,54,不相關,0.0,男,結婚,碩士,不同性別,2
110,,2,三重區,50～54歲,50,54,不相關,0.0,男,結婚,碩士,相同性別,0
110,,2,三重區,50～54歲,50,54,不相關,0.0,男,結婚,高中職,不同性別,16
110,,2,三重區,50～54歲,50,54,不相關,0.0,男,結婚,高中職,相同性別,0
110,,2,三重區,55～59歲,55,59,不相關,0.0,女,結婚,博士,不同性別,0
110,,2,三重區,55～59歲,55,59,不相關,0.0,女,結婚,博士,相同性別,0
110,,2,三重區,55～59歲,55,59,不相關,0.0,女,結婚,國中,不同性別,8
110,,2,三重區,55～59歲,55,59,不相關,0.0,女,結婚,國中,相同性別,1
110,,2,三重區,55～59歲,55,59,不相關,0.0,女,結婚,國小以下,不同性別,1
110,,2,三重區,55～59歲,55,59,不相關,0.0,女,結婚,國小以下,相同性別,0
110,,2,三重區,55～59歲,55,59,不相關,0.0,女,結婚,大學,不同性別,5
110,,2,三重區,55～59歲,55,59,不相關,0.0,女,結婚,大學,相同性別,0
110,,2,三重區,55～59歲,55,59,不相關,0.0,女,結婚,專科,不同性別,0
110,,2,三重區,55～59歲,55,59,不相關,0.0,女,結婚,專科,相同性別,0
110,,2,三重區,55～59歲,55,59,不相關,0.0,女,結婚,碩士,不同性別,1
110,,2,三重區,55～59歲,55,59,不相關,0.0,女,結婚,碩士,相同性別,0
110,,2,三重區,55～59歲,55,59,不相關,0.0,女,結婚,高中職,不同性別,7
110,,2,三重區,55～59歲,55,59,不相關,0.0,女,結婚,高中職,相同性別,0
110,,2,三重區,55～59歲,55,59,不相關,0.0,男,結婚,博士,不同性別,0
110,,2,三重區,55～59歲,55,59,不相關,0.0,男,結婚,博士,相同性別,0
110,,2,三重區,55～59歲,55,59,不相關,0.0,男,結婚,國中,不同性別,6
110,,2,三重區,55～59歲,55,59,不相關,0.0,男,結婚,國中,相同性別,0
110,,2,三重區,55～59歲,55,59,不相關,0.0,男,結婚,國小以下,不同性別,3
110,,2,三重區,55～59歲,55,59,不相關,0.0,男,結婚,國小以下,相同性別,0
110,,2,三重區,55～59歲,55,59,不相關,0.0,男,結婚,大學,不同性別,5
110,,2,三重區,55～59歲,55,59,不相關,0.0,男,結婚,大學,相同性別,0
110,,2,三重區,55～59歲,55,59,不相關,0.0,男,結婚,專科,不同性別,7
110,,2,三重區,55～59歲,55,59,不相關,0.0,男,結婚,專科,相同性別,0
110,,2,三重區,55～59歲,55,59,不相關,0.0,男,結婚,碩士,不同性別,1
110,,2,三重區,55～59歲,55,59,不相關,0.0,男,結婚,碩士,相同性別,0
110,,2,三重區,55～59歲,55,59,不相關,0.0,男,結婚,高中職,不同性別,9
110,,2,三重區,55～59歲,55,59,不相關,0.0,男,結婚,高中職,相同性別,2
110,,2,三重區,60～64歲,60,64,不相關,0.0,女,結婚,博士,不同性別,0
110,,2,三重區,60～64歲,60,64,不相關,0.0,女,結婚,博士,相同性別,0
110,,2,三重區,60～64歲,60,64,不相關,0.0,女,結婚,國中,不同性別,8
110,,2,三重區,60～64歲,60,64,不相關,0.0,女,結婚,國中,相同性別,0
110,,2,三重區,60～64歲,60,64,不相關,0.0,女,結婚,國小以下,不同性別,1
110,,2,三重區,60～64歲,60,64,不相關,0.0,女,結婚,國小以下,相同性別,0
110,,2,三重區,60～64歲,60,64,不相關,0.0,女,結婚,大學,不同性別,0
110,,2,三重區,60～64歲,60,64,不相關,0.0,女,結婚,大學,相同性別,0
110,,2,三重區,60～64歲,60,64,不相關,0.0,女,結婚,專科,不同性別,1
110,,2,三重區,60～64歲,60,64,不相關,0.0,女,結婚,專科,相同性別,0
110,,2,三重區,60～64歲,60,64,不相關,0.0,女,結婚,碩士,不同性別,0
110,,2,三重區,60～64歲,60,64,不相關,0.0,女,結婚,碩士,相同性別,0
110,,2,三重區,60～64歲,60,64,不相關,0.0,女,結婚,高中職,不同性別,3
110,,2,三重區,60～64歲,60,64,不相關,0.0,女,結婚,高中職,相同性別,0
110,,2,三重區,60～64歲,60,64,不相關,0.0,男,結婚,博士,不同性別,1
110,,2,三重區,60～64歲,60,64,不相關,0.0,男,結婚,博士,相同性別,0
110,,2,三重區,60～64歲,60,64,不相關,0.0,男,結婚,國中,不同性別,6
110,,2,三重區,60～64歲,60,64,不相關,0.0,男,結婚,國中,相同性別,0
110,,2,三重區,60～64歲,60,64,不相關,0.0,男,結婚,國小以下,不同性別,1
110,,2,三重區,60～64歲,60,64,不相關,0.0,男,結婚,國小以下,相同性別,0
110,,2,三重區,60～64歲,60,64,不相關,0.0,男,結婚,大學,不同性別,3
110,,2,三重區,60～64歲,60,64,不相關,0.0,男,結婚,大學,相同性別,0
110,,2,三重區,60～64歲,60,64,不相關,0.0,男,結婚,專科,不同性別,4
110,,2,三重區,60～64歲,60,64,不相關,0.0,男,結婚,專科,相同性別,0
110,,2,三重區,60～64歲,60,64,不相關,0.0,男,結婚,碩士,不同性別,0
110,,2,三重區,60～64歲,60,64,不相關,0.0,男,結婚,碩士,相同性別,0
110,,2,三重區,60～64歲,60,64,不相關,0.0,男,結婚,高中職,不同性別,3
110,,2,三重區,60～64歲,60,64,不相關,0.0,男,結婚,高中職,相同性別,0
110,,2,三重區,65歲以上,65,120,不相關,0.0,女,結婚,博士,不同性別,0
110,,2,三重區,65歲以上,65,120,不相關,0.0,女,結婚,博士,相同性別,0
110,,2,三重區,65歲以上,65,120,不相關,0.0,女,結婚,國中,不同性別,1
110,,2,三重區,65歲以上,65,120,不相關,0.0,女,結婚,國中,相同性別,0
110,,2,三重區,65歲以上,65,120,不相關,0.0,女,結婚,國小以下,不同性別,3
110,,2,三重區,65歲以上,65,120,不相關,0.0,女,結婚,國小以下,相同性別,0
110,,2,三重區,65歲以上,65,120,不相關,0.0,女,結婚,大學,不同性別,0
110,,2,三重區,65歲以上,65,120,不相關,0.0,女,結婚,大學,相同性別,0
110,,2,三重區,65歲以上,65,120,不相關,0.0,女,結婚,專科,不同性別,0
110,,2,三重區,65歲以上,65,120,不相關,0.0,女,結婚,專科,相同性別,0
110,,2,三重區,65歲以上,65,120,不相關,0.0,女,結婚,碩士,不同性別,0
110,,2,三重區,65歲以上,65,120,不相關,0.0,女,結婚,碩士,相同性別,0
110,,2,三重區,65歲以上,65,120,不相關,0.0,女,結婚,高中職,不同性別,2
110,,2,三重區,65歲以上,65,120,不相關,0.0,女,結婚,高中職,相同性別,0
110,,2,三重區,65歲以上,65,120,不相關,0.0,男,結婚,博士,不同性別,0
110,,2,三重區,65歲以上,65,120,不相關,0.0,男,結婚,博士,相同性別,0
110,,2,三重區,65歲以上,65,120,不相關,0.0,男,結婚,國中,不同性別,3
110,,2,三重區,65歲以上,65,120,不相關,0.0,男,結婚,國中,相同性別,0
110,,2,三重區,65歲以上,65,120,不相關,0.0,男,結婚,國小以下,不同性別,7
110,,2,三重區,65歲以上,65,120,不相關,0.0,男,結婚,國小以下,相同性別,0
110,,2,三重區,65歲以上,65,120,不相關,0.0,男,結婚,大學,不同性別,3
110,,2,三重區,65歲以上,65,120,不相關,0.0,男,結婚,大學,相同性別,0
110,,2,三重區,65歲以上,65,120,不相關,0.0,男,結婚,專科,不同性別,1
110,,2,三重區,65歲以上,65,120,不相關,0.0,男,結婚,專科,相同性別,0
110,,2,三重區,65歲以上,65,120,不相關,0.0,男,結婚,碩士,不同性別,0
110,,2,三重區,65歲以上,65,120,不相關,0.0,男,結婚,碩士,相同性別,0
110,,2,三重區,65歲以上,65,120,不相關,0.0,男,結婚,高中職,不同性別,4
110,,2,三重區,65歲以上,65,120,不相關,0.0,男,結婚,高中職,相同性別,0
110,,3,中和區,未滿15歲,0,14,不相關,0.0,女,結婚,博士,不同性別,0
110,,3,中和區,未滿15歲,0,14,不相關,0.0,女,結婚,博士,相同性別,0
110,,3,中和區,未滿15歲,0,14,不相關,0.0,女,結婚,國中,不同性別,0
110,,3,中和區,未滿15歲,0,14,不相關,0.0,女,結婚,國中,相同性別,0
110,,3,中和區,未滿15歲,0,14,不相關,0.0,女,結婚,國小以下,不同性別,0
110,,3,中和區,未滿15歲,0,14,不相關,0.0,女,結婚,國小以下,相同性別,0
110,,3,中和區,未滿15歲,0,14,不相關,0.0,女,結婚,大學,不同性別,0
110,,3,中和區,未滿15歲,0,14,不相關,0.0,女,結婚,大學,相同性別,0
110,,3,中和區,未滿15歲,0,14,不相關,0.0,女,結婚,專科,不同性別,0
110,,3,中和區,未滿15歲,0,14,不相關,0.0,女,結婚,專科,相同性別,0
110,,3,中和區,未滿15歲,0,14,不相關,0.0,女,結婚,碩士,不同性別,0
110,,3,中和區,未滿15歲,0,14,不相關,0.0,女,結婚,碩士,相同性別,0
110,,3,中和區,未滿15歲,0,14,不相關,0.0,女,結婚,高中職,不同性別,0
110,,3,中和區,未滿15歲,0,14,不相關,0.0,女,結婚,高中職,相同性別,0
110,,3,中和區,未滿15歲,0,14,不相關,0.0,男,結婚,博士,不同性別,0
110,,3,中和區,未滿15歲,0,14,不相關,0.0,男,結婚,博士,相同性別,0
110,,3,中和區,未滿15歲,0,14,不相關,0.0,男,結婚,國中,不同性別,0
110,,3,中和區,未滿15歲,0,14,不相關,0.0,男,結婚,國中,相同性別,0
110,,3,中和區,未滿15歲,0,14,不相關,0.0,男,結婚,國小以下,不同性別,0
110,,3,中和區,未滿15歲,0,14,不相關,0.0,男,結婚,國小以下,相同性別,0
110,,3,中和區,未滿15歲,0,14,不相關,0.0,男,結婚,大學,不同性別,0
110,,3,中和區,未滿15歲,0,14,不相關,0.0,男,結婚,大學,相同性別,0
110,,3,中和區,未滿15歲,0,14,不相關,0.0,男,結婚,專科,不同性別,0
110,,3,中和區,未滿15歲,0,14,不相關,0.0,男,結婚,專科,相同性別,0
110,,3,中和區,未滿15歲,0,14,不相關,0.0,男,結婚,碩士,不同性別,0
110,,3,中和區,未滿15歲,0,14,不相關,0.0,男,結婚,碩士,相同性別,0
110,,3,中和區,未滿15歲,0,14,不相關,0.0,男,結婚,高中職,不同性別,0
110,,3,中和區,未滿15歲,0,14,不相關,0.0,男,結婚,高中職,相同性別,0
110,,3,中和區,15～19歲,15,19,部分重疊,0.4,女,結婚,博士,不同性別,0
110,,3,中和區,15～19歲,15,19,部分重疊,0.4,女,結婚,博士,相同性別,0
110,,3,中和區,15～19歲,15,19,部分重疊,0.4,女,結婚,國中,不同性別,8
110,,3,中和區,15～19歲,15,19,部分重疊,0.4,女,結婚,國中,相同性別,0
110,,3,中和區,15～19歲,15,19,部分重疊,0.4,女,結婚,國小以下,不同性別,2
110,,3,中和區,15～19歲,15,19,部分重疊,0.4,女,結婚,國小以下,相同性別,0
110,,3,中和區,15～19歲,15,19,部分重疊,0.4,女,結婚,大學,不同性別,0
110,,3,中和區,15～19歲,15,19,部分重疊,0.4,女,結婚,大學,相同性別,0
110,,3,中和區,15～19歲,15,19,部分重疊,0.4,女,結婚,專科,不同性別,0
110,,3,中和區,15～19歲,15,19,部分重疊,0.4,女,結婚,專科,相同性別,0
110,,3,中和區,15～19歲,15,19,部分重疊,0.4,女,結婚,碩士,不同性別,0
110,,3,中和區,15～19歲,15,19,部分重疊,0.4,女,結婚,碩士,相同性別,0
110,,3,中和區,15～19歲,15,19,部分重疊,0.4,女,結婚,高中職,不同性別,0
110,,3,中和區,15～19歲,15,19,部分重疊,0.4,女,結婚,高中職,相同性別,0
110,,3,中和區,15～19歲,15,19,部分重疊,0.4,男,結婚,博士,不同性別,0
110,,3,中和區,15～19歲,15,19,部分重疊,0.4,男,結婚,博士,相同性別,0
110,,3,中和區,15～19歲,15,19,部分重疊,0.4,男,結婚,國中,不同性別,4
110,,3,中和區,15～19歲,15,19,部分重疊,0.4,男,結婚,國中,相同性別,0
110,,3,中和區,15～19歲,15,19,部分重疊,0.4,男,結婚,國小以下,不同性別,0
110,,3,中和區,15～19歲,15,19,部分重疊,0.4,男,結婚,國小以下,相同性別,0
110,,3,中和區,15～19歲,15,19,部分重疊,0.4,男,結婚,大學,不同性別,0
110,,3,中和區,15～19歲,15,19,部分重疊,0.4,男,結婚,大學,相同性別,0
110,,3,中和區,15～19歲,15,19,部分重疊,0.4,男,結婚,專科,不同性別,0
110,,3,中和區,15～19歲,15,19,部分重疊,0.4,男,結婚,專科,相同性別,0
110,,3,中和區,15～19歲,15,19,部分重疊,0.4,男,結婚,碩士,不同性別,0
110,,3,中和區,15～19歲,15,19,部分重疊,0.4,男,結婚,碩士,相同性別,0
110,,3,中和區,15～19歲,15,19,部分重疊,0.4,男,結婚,高中職,不同性別,0
110,,3,中和區,15～19歲,15,19,部分重疊,0.4,男,結婚,高中職,相同性別,0
110,,3,中和區,20～24歲,20,24,完全落入,1.0,女,結婚,博士,不同性別,0
110,,3,中和區,20～24歲,20,24,完全落入,1.0,女,結婚,博士,相同性別,0
110,,3,中和區,20～24歲,20,24,完全落入,1.0,女,結婚,國中,不同性別,26
110,,3,中和區,20～24歲,20,24,完全落入,1.0,女,結婚,國中,相同性別,2
110,,3,中和區,20～24歲,20,24,完全落入,1.0,女,結婚,國小以下,不同性別,0
110,,3,中和區,20～24歲,20,24,完全落入,1.0,女,結婚,國小以下,相同性別,0
110,,3,中和區,20～24歲,20,24,完全落入,1.0,女,結婚,大學,不同性別,37
110,,3,中和區,20～24歲,20,24,完全落入,1.0,女,結婚,大學,相同性別,1
110,,3,中和區,20～24歲,20,24,完全落入,1.0,女,結婚,專科,不同性別,5
110,,3,中和區,20～24歲,20,24,完全落入,1.0,女,結婚,專科,相同性別,0
110,,3,中和區,20～24歲,20,24,完全落入,1.0,女,結婚,碩士,不同性別,2
110,,3,中和區,20～24歲,20,24,完全落入,1.0,女,結婚,碩士,相同性別,0
110,,3,中和區,20～24歲,20,24,完全落入,1.0,女,結婚,高中職,不同性別,69
110,,3,中和區,20～24歲,20,24,完全落入,1.0,女,結婚,高中職,相同性別,2
110,,3,中和區,20～24歲,20,24,完全落入,1.0,男,結婚,博士,不同性別,0
110,,3,中和區,20～24歲,20,24,完全落入,1.0,男,結婚,博士,相同性別,0
110,,3,中和區,20～24歲,20,24,完全落入,1.0,男,結婚,國中,不同性別,22
110,,3,中和區,20～24歲,20,24,完全落入,1.0,男,結婚,國中,相同性別,0
110,,3,中和區,20～24歲,20,24,完全落入,1.0,男,結婚,國小以下,不同性別,0
110,,3,中和區,20～24歲,20,24,完全落入,1.0,男,結婚,國小以下,相同性別,0
110,,3,中和區,20～24歲,20,24,完全落入,1.0,男,結婚,大學,不同性別,15
110,,3,中和區,20～24歲,20,24,完全落入,1.0,男,結婚,大學,相同性別,1
110,,3,中和區,20～24歲,20,24,完全落入,1.0,男,結婚,專科,不同性別,2
110,,3,中和區,20～24歲,20,24,完全落入,1.0,男,結婚,專科,相同性別,0
110,,3,中和區,20～24歲,20,24,完全落入,1.0,男,結婚,碩士,不同性別,1
110,,3,中和區,20～24歲,20,24,完全落入,1.0,男,結婚,碩士,相同性別,0
110,,3,中和區,20～24歲,20,24,完全落入,1.0,男,結婚,高中職,不同性別,32
110,,3,中和區,20～24歲,20,24,完全落入,1.0,男,結婚,高中職,相同性別,0
110,,3,中和區,25～29歲,25,29,完全落入,1.0,女,結婚,博士,不同性別,0
110,,3,中和區,25～29歲,25,29,完全落入,1.0,女,結婚,博士,相同性別,0
110,,3,中和區,25～29歲,25,29,完全落入,1.0,女,結婚,國中,不同性別,21
110,,3,中和區,25～29歲,25,29,完全落入,1.0,女,結婚,國中,相同性別,1
110,,3,中和區,25～29歲,25,29,完全落入,1.0,女,結婚,國小以下,不同性別,1
110,,3,中和區,25～29歲,25,29,完全落入,1.0,女,結婚,國小以下,相同性別,0
110,,3,中和區,25～29歲,25,29,完全落入,1.0,女,結婚,大學,不同性別,333
110,,3,中和區,25～29歲,25,29,完全落入,1.0,女,結婚,大學,相同性別,3
110,,3,中和區,25～29歲,25,29,完全落入,1.0,女,結婚,專科,不同性別,19
110,,3,中和區,25～29歲,25,29,完全落入,1.0,女,結婚,專科,相同性別,1
110,,3,中和區,25～29歲,25,29,完全落入,1.0,女,結婚,碩士,不同性別,34
110,,3,中和區,25～29歲,25,29,完全落入,1.0,女,結婚,碩士,相同性別,0
110,,3,中和區,25～29歲,25,29,完全落入,1.0,女,結婚,高中職,不同性別,89
110,,3,中和區,25～29歲,25,29,完全落入,1.0,女,結婚,高中職,相同性別,2
110,,3,中和區,25～29歲,25,29,完全落入,1.0,男,結婚,博士,不同性別,1
110,,3,中和區,25～29歲,25,29,完全落入,1.0,男,結婚,博士,相同性別,0
110,,3,中和區,25～29歲,25,29,完全落入,1.0,男,結婚,國中,不同性別,39
110,,3,中和區,25～29歲,25,29,完全落入,1.0,男,結婚,國中,相同性別,1
110,,3,中和區,25～29歲,25,29,完全落入,1.0,男,結婚,國小以下,不同性別,2
110,,3,中和區,25～29歲,25,29,完全落入,1.0,男,結婚,國小以下,相同性別,0
110,,3,中和區,25～29歲,25,29,完全落入,1.0,男,結婚,大學,不同性別,173
110,,3,中和區,25～29歲,25,29,完全落入,1.0,男,結婚,大學,相同性別,3
110,,3,中和區,25～29歲,25,29,完全落入,1.0,男,結婚,專科,不同性別,14
110,,3,中和區,25～29歲,25,29,完全落入,1.0,男,結婚,專科,相同性別,0
110,,3,中和區,25～29歲,25,29,完全落入,1.0,男,結婚,碩士,不同性別,33
110,,3,中和區,25～29歲,25,29,完全落入,1.0,男,結婚,碩士,相同性別,0
110,,3,中和區,25～29歲,25,29,完全落入,1.0,男,結婚,高中職,不同性別,84
110,,3,中和區,25～29歲,25,29,完全落入,1.0,男,結婚,高中職,相同性別,1
110,,3,中和區,30～34歲,30,34,完全落入,1.0,女,結婚,博士,不同性別,0
110,,3,中和區,30～34歲,30,34,完全落入,1.0,女,結婚,博士,相同性別,0
110,,3,中和區,30～34歲,30,34,完全落入,1.0,女,結婚,國中,不同性別,27
110,,3,中和區,30～34歲,30,34,完全落入,1.0,女,結婚,國中,相同性別,1
110,,3,中和區,30～34歲,30,34,完全落入,1.0,女,結婚,國小以下,不同性別,2
110,,3,中和區,30～34歲,30,34,完全落入,1.0,女,結婚,國小以下,相同性別,1
110,,3,中和區,30～34歲,30,34,完全落入,1.0,女,結婚,大學,不同性別,352
110,,3,中和區,30～34歲,30,34,完全落入,1.0,女,結婚,大學,相同性別,13
110,,3,中和區,30～34歲,30,34,完全落入,1.0,女,結婚,專科,不同性別,25
110,,3,中和區,30～34歲,30,34,完全落入,1.0,女,結婚,專科,相同性別,3
110,,3,中和區,30～34歲,30,34,完全落入,1.0,女,結婚,碩士,不同性別,95
110,,3,中和區,30～34歲,30,34,完全落入,1.0,女,結婚,碩士,相同性別,1
110,,3,中和區,30～34歲,30,34,完全落入,1.0,女,結婚,高中職,不同性別,73
110,,3,中和區,30～34歲,30,34,完全落入,1.0,女,結婚,高中職,相同性別,5
110,,3,中和區,30～34歲,30,34,完全落入,1.0,男,結婚,博士,不同性別,3
110,,3,中和區,30～34歲,30,34,完全落入,1.0,男,結婚,博士,相同性別,0
110,,3,中和區,30～34歲,30,34,完全落入,1.0,男,結婚,國中,不同性別,30
110,,3,中和區,30～34歲,30,34,完全落入,1.0,男,結婚,國中,相同性別,0
110,,3,中和區,30～34歲,30,34,完全落入,1.0,男,結婚,國小以下,不同性別,3
110,,3,中和區,30～34歲,30,34,完全落入,1.0,男,結婚,國小以下,相同性別,0
110,,3,中和區,30～34歲,30,34,完全落入,1.0,男,結婚,大學,不同性別,279
110,,3,中和區,30～34歲,30,34,完全落入,1.0,男,結婚,大學,相同性別,0
110,,3,中和區,30～34歲,30,34,完全落入,1.0,男,結婚,專科,不同性別,16
110,,3,中和區,30～34歲,30,34,完全落入,1.0,男,結婚,專科,相同性別,0
110,,3,中和區,30～34歲,30,34,完全落入,1.0,男,結婚,碩士,不同性別,139
110,,3,中和區,30～34歲,30,34,完全落入,1.0,男,結婚,碩士,相同性別,0
110,,3,中和區,30～34歲,30,34,完全落入,1.0,男,結婚,高中職,不同性別,112
110,,3,中和區,30～34歲,30,34,完全落入,1.0,男,結婚,高中職,相同性別,0
110,,3,中和區,35～39歲,35,39,部分重疊,0.2,女,結婚,博士,不同性別,1
110,,3,中和區,35～39歲,35,39,部分重疊,0.2,女,結婚,博士,相同性別,0
110,,3,中和區,35～39歲,35,39,部分重疊,0.2,女,結婚,國中,不同性別,28
110,,3,中和區,35～39歲,35,39,部分重疊,0.2,女,結婚,國中,相同性別,1
110,,3,中和區,35～39歲,35,39,部分重疊,0.2,女,結婚,國小以下,不同性別,3
110,,3,中和區,35～39歲,35,39,部分重疊,0.2,女,結婚,國小以下,相同性別,2
110,,3,中和區,35～39歲,35,39,部分重疊,0.2,女,結婚,大學,不同性別,145
110,,3,中和區,35～39歲,35,39,部分重疊,0.2,女,結婚,大學,相同性別,4
110,,3,中和區,35～39歲,35,39,部分重疊,0.2,女,結婚,專科,不同性別,32
110,,3,中和區,35～39歲,35,39,部分重疊,0.2,女,結婚,專科,相同性別,2
110,,3,中和區,35～39歲,35,39,部分重疊,0.2,女,結婚,碩士,不同性別,31
110,,3,中和區,35～39歲,35,39,部分重疊,0.2,女,結婚,碩士,相同性別,1
110,,3,中和區,35～39歲,35,39,部分重疊,0.2,女,結婚,高中職,不同性別,48
110,,3,中和區,35～39歲,35,39,部分重疊,0.2,女,結婚,高中職,相同性別,7
110,,3,中和區,35～39歲,35,39,部分重疊,0.2,男,結婚,博士,不同性別,3
110,,3,中和區,35～39歲,35,39,部分重疊,0.2,男,結婚,博士,相同性別,0
110,,3,中和區,35～39歲,35,39,部分重疊,0.2,男,結婚,國中,不同性別,26
110,,3,中和區,35～39歲,35,39,部分重疊,0.2,男,結婚,國中,相同性別,0
110,,3,中和區,35～39歲,35,39,部分重疊,0.2,男,結婚,國小以下,不同性別,4
110,,3,中和區,35～39歲,35,39,部分重疊,0.2,男,結婚,國小以下,相同性別,0
110,,3,中和區,35～39歲,35,39,部分重疊,0.2,男,結婚,大學,不同性別,154
110,,3,中和區,35～39歲,35,39,部分重疊,0.2,男,結婚,大學,相同性別,2
110,,3,中和區,35～39歲,35,39,部分重疊,0.2,男,結婚,專科,不同性別,31
110,,3,中和區,35～39歲,35,39,部分重疊,0.2,男,結婚,專科,相同性別,0
110,,3,中和區,35～39歲,35,39,部分重疊,0.2,男,結婚,碩士,不同性別,70
110,,3,中和區,35～39歲,35,39,部分重疊,0.2,男,結婚,碩士,相同性別,0
110,,3,中和區,35～39歲,35,39,部分重疊,0.2,男,結婚,高中職,不同性別,79
110,,3,中和區,35～39歲,35,39,部分重疊,0.2,男,結婚,高中職,相同性別,0
110,,3,中和區,40～44歲,40,44,不相關,0.0,女,結婚,博士,不同性別,1
110,,3,中和區,40～44歲,40,44,不相關,0.0,女,結婚,博士,相同性別,0
110,,3,中和區,40～44歲,40,44,不相關,0.0,女,結婚,國中,不同性別,18
110,,3,中和區,40～44歲,40,44,不相關,0.0,女,結婚,國中,相同性別,1
110,,3,中和區,40～44歲,40,44,不相關,0.0,女,結婚,國小以下,不同性別,2
110,,3,中和區,40～44歲,40,44,不相關,0.0,女,結婚,國小以下,相同性別,0
110,,3,中和區,40～44歲,40,44,不相關,0.0,女,結婚,大學,不同性別,38
110,,3,中和區,40～44歲,40,44,不相關,0.0,女,結婚,大學,相同性別,1
110,,3,中和區,40～44歲,40,44,不相關,0.0,女,結婚,專科,不同性別,16
110,,3,中和區,40～44歲,40,44,不相關,0.0,女,結婚,專科,相同性別,2
110,,3,中和區,40～44歲,40,44,不相關,0.0,女,結婚,碩士,不同性別,8
110,,3,中和區,40～44歲,40,44,不相關,0.0,女,結婚,碩士,相同性別,0
110,,3,中和區,40～44歲,40,44,不相關,0.0,女,結婚,高中職,不同性別,29
110,,3,中和區,40～44歲,40,44,不相關,0.0,女,結婚,高中職,相同性別,0
110,,3,中和區,40～44歲,40,44,不相關,0.0,男,結婚,博士,不同性別,4
110,,3,中和區,40～44歲,40,44,不相關,0.0,男,結婚,博士,相同性別,0
110,,3,中和區,40～44歲,40,44,不相關,0.0,男,結婚,國中,不同性別,20
110,,3,中和區,40～44歲,40,44,不相關,0.0,男,結婚,國中,相同性別,0
110,,3,中和區,40～44歲,40,44,不相關,0.0,男,結婚,國小以下,不同性別,4
110,,3,中和區,40～44歲,40,44,不相關,0.0,男,結婚,國小以下,相同性別,0
110,,3,中和區,40～44歲,40,44,不相關,0.0,男,結婚,大學,不同性別,57
110,,3,中和區,40～44歲,40,44,不相關,0.0,男,結婚,大學,相同性別,4
110,,3,中和區,40～44歲,40,44,不相關,0.0,男,結婚,專科,不同性別,26
110,,3,中和區,40～44歲,40,44,不相關,0.0,男,結婚,專科,相同性別,2
110,,3,中和區,40～44歲,40,44,不相關,0.0,男,結婚,碩士,不同性別,20
110,,3,中和區,40～44歲,40,44,不相關,0.0,男,結婚,碩士,相同性別,1
110,,3,中和區,40～44歲,40,44,不相關,0.0,男,結婚,高中職,不同性別,49
110,,3,中和區,40～44歲,40,44,不相關,0.0,男,結婚,高中職,相同性別,1
110,,3,中和區,45～49歲,45,49,不相關,0.0,女,結婚,博士,不同性別,0
110,,3,中和區,45～49歲,45,49,不相關,0.0,女,結婚,博士,相同性別,0
110,,3,中和區,45～49歲,45,49,不相關,0.0,女,結婚,國中,不同性別,9
110,,3,中和區,45～49歲,45,49,不相關,0.0,女,結婚,國中,相同性別,0
110,,3,中和區,45～49歲,45,49,不相關,0.0,女,結婚,國小以下,不同性別,3
110,,3,中和區,45～49歲,45,49,不相關,0.0,女,結婚,國小以下,相同性別,0
110,,3,中和區,45～49歲,45,49,不相關,0.0,女,結婚,大學,不同性別,13
110,,3,中和區,45～49歲,45,49,不相關,0.0,女,結婚,大學,相同性別,0
110,,3,中和區,45～49歲,45,49,不相關,0.0,女,結婚,專科,不同性別,10
110,,3,中和區,45～49歲,45,49,不相關,0.0,女,結婚,專科,相同性別,0
110,,3,中和區,45～49歲,45,49,不相關,0.0,女,結婚,碩士,不同性別,5
110,,3,中和區,45～49歲,45,49,不相關,0.0,女,結婚,碩士,相同性別,1
110,,3,中和區,45～49歲,45,49,不相關,0.0,女,結婚,高中職,不同性別,25
110,,3,中和區,45～49歲,45,49,不相關,0.0,女,結婚,高中職,相同性別,2
110,,3,中和區,45～49歲,45,49,不相關,0.0,男,結婚,博士,不同性別,0
110,,3,中和區,45～49歲,45,49,不相關,0.0,男,結婚,博士,相同性別,0
110,,3,中和區,45～49歲,45,49,不相關,0.0,男,結婚,國中,不同性別,13
110,,3,中和區,45～49歲,45,49,不相關,0.0,男,結婚,國中,相同性別,0
110,,3,中和區,45～49歲,45,49,不相關,0.0,男,結婚,國小以下,不同性別,2
110,,3,中和區,45～49歲,45,49,不相關,0.0,男,結婚,國小以下,相同性別,0
110,,3,中和區,45～49歲,45,49,不相關,0.0,男,結婚,大學,不同性別,21
110,,3,中和區,45～49歲,45,49,不相關,0.0,男,結婚,大學,相同性別,0
110,,3,中和區,45～49歲,45,49,不相關,0.0,男,結婚,專科,不同性別,10
110,,3,中和區,45～49歲,45,49,不相關,0.0,男,結婚,專科,相同性別,0
110,,3,中和區,45～49歲,45,49,不相關,0.0,男,結婚,碩士,不同性別,6
110,,3,中和區,45～49歲,45,49,不相關,0.0,男,結婚,碩士,相同性別,0
110,,3,中和區,45～49歲,45,49,不相關,0.0,男,結婚,高中職,不同性別,26
110,,3,中和區,45～49歲,45,49,不相關,0.0,男,結婚,高中職,相同性別,0
110,,3,中和區,50～54歲,50,54,不相關,0.0,女,結婚,博士,不同性別,0
110,,3,中和區,50～54歲,50,54,不相關,0.0,女,結婚,博士,相同性別,0
110,,3,中和區,50～54歲,50,54,不相關,0.0,女,結婚,國中,不同性別,6
110,,3,中和區,50～54歲,50,54,不相關,0.0,女,結婚,國中,相同性別,0
110,,3,中和區,50～54歲,50,54,不相關,0.0,女,結婚,國小以下,不同性別,1
110,,3,中和區,50～54歲,50,54,不相關,0.0,女,結婚,國小以下,相同性別,0
110,,3,中和區,50～54歲,50,54,不相關,0.0,女,結婚,大學,不同性別,6
110,,3,中和區,50～54歲,50,54,不相關,0.0,女,結婚,大學,相同性別,0
110,,3,中和區,50～54歲,50,54,不相關,0.0,女,結婚,專科,不同性別,3
110,,3,中和區,50～54歲,50,54,不相關,0.0,女,結婚,專科,相同性別,0
110,,3,中和區,50～54歲,50,54,不相關,0.0,女,結婚,碩士,不同性別,1
110,,3,中和區,50～54歲,50,54,不相關,0.0,女,結婚,碩士,相同性別,0
110,,3,中和區,50～54歲,50,54,不相關,0.0,女,結婚,高中職,不同性別,18
110,,3,中和區,50～54歲,50,54,不相關,0.0,女,結婚,高中職,相同性別,0
110,,3,中和區,50～54歲,50,54,不相關,0.0,男,結婚,博士,不同性別,0
110,,3,中和區,50～54歲,50,54,不相關,0.0,男,結婚,博士,相同性別,0
110,,3,中和區,50～54歲,50,54,不相關,0.0,男,結婚,國中,不同性別,12
110,,3,中和區,50～54歲,50,54,不相關,0.0,男,結婚,國中,相同性別,0
110,,3,中和區,50～54歲,50,54,不相關,0.0,男,結婚,國小以下,不同性別,1
110,,3,中和區,50～54歲,50,54,不相關,0.0,男,結婚,國小以下,相同性別,0
110,,3,中和區,50～54歲,50,54,不相關,0.0,男,結婚,大學,不同性別,5
110,,3,中和區,50～54歲,50,54,不相關,0.0,男,結婚,大學,相同性別,1
110,,3,中和區,50～54歲,50,54,不相關,0.0,男,結婚,專科,不同性別,9
110,,3,中和區,50～54歲,50,54,不相關,0.0,男,結婚,專科,相同性別,1
110,,3,中和區,50～54歲,50,54,不相關,0.0,男,結婚,碩士,不同性別,6
110,,3,中和區,50～54歲,50,54,不相關,0.0,男,結婚,碩士,相同性別,0
110,,3,中和區,50～54歲,50,54,不相關,0.0,男,結婚,高中職,不同性別,21
110,,3,中和區,50～54歲,50,54,不相關,0.0,男,結婚,高中職,相同性別,0
110,,3,中和區,55～59歲,55,59,不相關,0.0,女,結婚,博士,不同性別,0
110,,3,中和區,55～59歲,55,59,不相關,0.0,女,結婚,博士,相同性別,0
110,,3,中和區,55～59歲,55,59,不相關,0.0,女,結婚,國中,不同性別,11
110,,3,中和區,55～59歲,55,59,不相關,0.0,女,結婚,國中,相同性別,0
110,,3,中和區,55～59歲,55,59,不相關,0.0,女,結婚,國小以下,不同性別,1
110,,3,中和區,55～59歲,55,59,不相關,0.0,女,結婚,國小以下,相同性別,0
110,,3,中和區,55～59歲,55,59,不相關,0.0,女,結婚,大學,不同性別,1
110,,3,中和區,55～59歲,55,59,不相關,0.0,女,結婚,大學,相同性別,0
110,,3,中和區,55～59歲,55,59,不相關,0.0,女,結婚,專科,不同性別,3
110,,3,中和區,55～59歲,55,59,不相關,0.0,女,結婚,專科,相同性別,0
110,,3,中和區,55～59歲,55,59,不相關,0.0,女,結婚,碩士,不同性別,0
110,,3,中和區,55～59歲,55,59,不相關,0.0,女,結婚,碩士,相同性別,0
110,,3,中和區,55～59歲,55,59,不相關,0.0,女,結婚,高中職,不同性別,7
110,,3,中和區,55～59歲,55,59,不相關,0.0,女,結婚,高中職,相同性別,1
110,,3,中和區,55～59歲,55,59,不相關,0.0,男,結婚,博士,不同性別,1
110,,3,中和區,55～59歲,55,59,不相關,0.0,男,結婚,博士,相同性別,0
110,,3,中和區,55～59歲,55,59,不相關,0.0,男,結婚,國中,不同性別,5
110,,3,中和區,55～59歲,55,59,不相關,0.0,男,結婚,國中,相同性別,0
110,,3,中和區,55～59歲,55,59,不相關,0.0,男,結婚,國小以下,不同性別,3
110,,3,中和區,55～59歲,55,59,不相關,0.0,男,結婚,國小以下,相同性別,0
110,,3,中和區,55～59歲,55,59,不相關,0.0,男,結婚,大學,不同性別,4
110,,3,中和區,55～59歲,55,59,不相關,0.0,男,結婚,大學,相同性別,0
110,,3,中和區,55～59歲,55,59,不相關,0.0,男,結婚,專科,不同性別,6
110,,3,中和區,55～59歲,55,59,不相關,0.0,男,結婚,專科,相同性別,0
110,,3,中和區,55～59歲,55,59,不相關,0.0,男,結婚,碩士,不同性別,0
110,,3,中和區,55～59歲,55,59,不相關,0.0,男,結婚,碩士,相同性別,0
110,,3,中和區,55～59歲,55,59,不相關,0.0,男,結婚,高中職,不同性別,12
110,,3,中和區,55～59歲,55,59,不相關,0.0,男,結婚,高中職,相同性別,0
110,,3,中和區,60～64歲,60,64,不相關,0.0,女,結婚,博士,不同性別,0
110,,3,中和區,60～64歲,60,64,不相關,0.0,女,結婚,博士,相同性別,0
110,,3,中和區,60～64歲,60,64,不相關,0.0,女,結婚,國中,不同性別,4
110,,3,中和區,60～64歲,60,64,不相關,0.0,女,結婚,國中,相同性別,0
110,,3,中和區,60～64歲,60,64,不相關,0.0,女,結婚,國小以下,不同性別,1
110,,3,中和區,60～64歲,60,64,不相關,0.0,女,結婚,國小以下,相同性別,1
110,,3,中和區,60～64歲,60,64,不相關,0.0,女,結婚,大學,不同性別,0
110,,3,中和區,60～64歲,60,64,不相關,0.0,女,結婚,大學,相同性別,0
110,,3,中和區,60～64歲,60,64,不相關,0.0,女,結婚,專科,不同性別,2
110,,3,中和區,60～64歲,60,64,不相關,0.0,女,結婚,專科,相同性別,0
110,,3,中和區,60～64歲,60,64,不相關,0.0,女,結婚,碩士,不同性別,0
110,,3,中和區,60～64歲,60,64,不相關,0.0,女,結婚,碩士,相同性別,0
110,,3,中和區,60～64歲,60,64,不相關,0.0,女,結婚,高中職,不同性別,2
110,,3,中和區,60～64歲,60,64,不相關,0.0,女,結婚,高中職,相同性別,0
110,,3,中和區,60～64歲,60,64,不相關,0.0,男,結婚,博士,不同性別,0
110,,3,中和區,60～64歲,60,64,不相關,0.0,男,結婚,博士,相同性別,0
110,,3,中和區,60～64歲,60,64,不相關,0.0,男,結婚,國中,不同性別,5
110,,3,中和區,60～64歲,60,64,不相關,0.0,男,結婚,國中,相同性別,0
110,,3,中和區,60～64歲,60,64,不相關,0.0,男,結婚,國小以下,不同性別,1
110,,3,中和區,60～64歲,60,64,不相關,0.0,男,結婚,國小以下,相同性別,0
110,,3,中和區,60～64歲,60,64,不相關,0.0,男,結婚,大學,不同性別,3
110,,3,中和區,60～64歲,60,64,不相關,0.0,男,結婚,大學,相同性別,0
110,,3,中和區,60～64歲,60,64,不相關,0.0,男,結婚,專科,不同性別,6
110,,3,中和區,60～64歲,60,64,不相關,0.0,男,結婚,專科,相同性別,0
110,,3,中和區,60～64歲,60,64,不相關,0.0,男,結婚,碩士,不同性別,0
110,,3,中和區,60～64歲,60,64,不相關,0.0,男,結婚,碩士,相同性別,0
110,,3,中和區,60～64歲,60,64,不相關,0.0,男,結婚,高中職,不同性別,12
110,,3,中和區,60～64歲,60,64,不相關,0.0,男,結婚,高中職,相同性別,0
110,,3,中和區,65歲以上,65,120,不相關,0.0,女,結婚,博士,不同性別,0
110,,3,中和區,65歲以上,65,120,不相關,0.0,女,結婚,博士,相同性別,0
110,,3,中和區,65歲以上,65,120,不相關,0.0,女,結婚,國中,不同性別,4
110,,3,中和區,65歲以上,65,120,不相關,0.0,女,結婚,國中,相同性別,0
110,,3,中和區,65歲以上,65,120,不相關,0.0,女,結婚,國小以下,不同性別,5
110,,3,中和區,65歲以上,65,120,不相關,0.0,女,結婚,國小以下,相同性別,0
110,,3,中和區,65歲以上,65,120,不相關,0.0,女,結婚,大學,不同性別,2
110,,3,中和區,65歲以上,65,120,不相關,0.0,女,結婚,大學,相同性別,0
110,,3,中和區,65歲以上,65,120,不相關,0.0,女,結婚,專科,不同性別,1
110,,3,中和區,65歲以上,65,120,不相關,0.0,女,結婚,專科,相同性別,0
110,,3,中和區,65歲以上,65,120,不相關,0.0,女,結婚,碩士,不同性別,0
110,,3,中和區,65歲以上,65,120,不相關,0.0,女,結婚,碩士,相同性別,0
110,,3,中和區,65歲以上,65,120,不相關,0.0,女,結婚,高中職,不同性別,5
110,,3,中和區,65歲以上,65,120,不相關,0.0,女,結婚,高中職,相同性別,0
110,,3,中和區,65歲以上,65,120,不相關,0.0,男,結婚,博士,不同性別,0
110,,3,中和區,65歲以上,65,120,不相關,0.0,男,結婚,博士,相同性別,0
110,,3,中和區,65歲以上,65,120,不相關,0.0,男,結婚,國中,不同性別,3
110,,3,中和區,65歲以上,65,120,不相關,0.0,男,結婚,國中,相同性別,0
110,,3,中和區,65歲以上,65,120,不相關,0.0,男,結婚,國小以下,不同性別,9
110,,3,中和區,65歲以上,65,120,不相關,0.0,男,結婚,國小以下,相同性別,0
110,,3,中和區,65歲以上,65,120,不相關,0.0,男,結婚,大學,不同性別,10
110,,3,中和區,65歲以上,65,120,不相關,0.0,男,結婚,大學,相同性別,0
110,,3,中和區,65歲以上,65,120,不相關,0.0,男,結婚,專科,不同性別,2
110,,3,中和區,65歲以上,65,120,不相關,0.0,男,結婚,專科,相同性別,0
110,,3,中和區,65歲以上,65,120,不相關,0.0,男,結婚,碩士,不同性別,0
110,,3,中和區,65歲以上,65,120,不相關,0.0,男,結婚,碩士,相同性別,0
110,,3,中和區,65歲以上,65,120,不相關,0.0,男,結婚,高中職,不同性別,4
110,,3,中和區,65歲以上,65,120,不相關,0.0,男,結婚,高中職,相同性別,0
110,,4,永和區,未滿15歲,0,14,不相關,0.0,女,結婚,博士,不同性別,0
110,,4,永和區,未滿15歲,0,14,不相關,0.0,女,結婚,博士,相同性別,0
110,,4,永和區,未滿15歲,0,14,不相關,0.0,女,結婚,國中,不同性別,0
110,,4,永和區,未滿15歲,0,14,不相關,0.0,女,結婚,國中,相同性別,0
110,,4,永和區,未滿15歲,0,14,不相關,0.0,女,結婚,國小以下,不同性別,0
110,,4,永和區,未滿15歲,0,14,不相關,0.0,女,結婚,國小以下,相同性別,0
110,,4,永和區,未滿15歲,0,14,不相關,0.0,女,結婚,大學,不同性別,0
110,,4,永和區,未滿15歲,0,14,不相關,0.0,女,結婚,大學,相同性別,0
110,,4,永和區,未滿15歲,0,14,不相關,0.0,女,結婚,專科,不同性別,0
110,,4,永和區,未滿15歲,0,14,不相關,0.0,女,結婚,專科,相同性別,0
110,,4,永和區,未滿15歲,0,14,不相關,0.0,女,結婚,碩士,不同性別,0
110,,4,永和區,未滿15歲,0,14,不相關,0.0,女,結婚,碩士,相同性別,0
110,,4,永和區,未滿15歲,0,14,不相關,0.0,女,結婚,高中職,不同性別,0
110,,4,永和區,未滿15歲,0,14,不相關,0.0,女,結婚,高中職,相同性別,0
110,,4,永和區,未滿15歲,0,14,不相關,0.0,男,結婚,博士,不同性別,0
110,,4,永和區,未滿15歲,0,14,不相關,0.0,男,結婚,博士,相同性別,0
110,,4,永和區,未滿15歲,0,14,不相關,0.0,男,結婚,國中,不同性別,0
110,,4,永和區,未滿15歲,0,14,不相關,0.0,男,結婚,國中,相同性別,0
110,,4,永和區,未滿15歲,0,14,不相關,0.0,男,結婚,國小以下,不同性別,0
110,,4,永和區,未滿15歲,0,14,不相關,0.0,男,結婚,國小以下,相同性別,0
110,,4,永和區,未滿15歲,0,14,不相關,0.0,男,結婚,大學,不同性別,0
110,,4,永和區,未滿15歲,0,14,不相關,0.0,男,結婚,大學,相同性別,0
110,,4,永和區,未滿15歲,0,14,不相關,0.0,男,結婚,專科,不同性別,0
110,,4,永和區,未滿15歲,0,14,不相關,0.0,男,結婚,專科,相同性別,0
110,,4,永和區,未滿15歲,0,14,不相關,0.0,男,結婚,碩士,不同性別,0
110,,4,永和區,未滿15歲,0,14,不相關,0.0,男,結婚,碩士,相同性別,0
110,,4,永和區,未滿15歲,0,14,不相關,0.0,男,結婚,高中職,不同性別,0
110,,4,永和區,未滿15歲,0,14,不相關,0.0,男,結婚,高中職,相同性別,0
110,,4,永和區,15～19歲,15,19,部分重疊,0.4,女,結婚,博士,不同性別,0
110,,4,永和區,15～19歲,15,19,部分重疊,0.4,女,結婚,博士,相同性別,0
110,,4,永和區,15～19歲,15,19,部分重疊,0.4,女,結婚,國中,不同性別,5
110,,4,永和區,15～19歲,15,19,部分重疊,0.4,女,結婚,國中,相同性別,0
110,,4,永和區,15～19歲,15,19,部分重疊,0.4,女,結婚,國小以下,不同性別,1
110,,4,永和區,15～19歲,15,19,部分重疊,0.4,女,結婚,國小以下,相同性別,0
110,,4,永和區,15～19歲,15,19,部分重疊,0.4,女,結婚,大學,不同性別,0
110,,4,永和區,15～19歲,15,19,部分重疊,0.4,女,結婚,大學,相同性別,0
110,,4,永和區,15～19歲,15,19,部分重疊,0.4,女,結婚,專科,不同性別,0
110,,4,永和區,15～19歲,15,19,部分重疊,0.4,女,結婚,專科,相同性別,0
110,,4,永和區,15～19歲,15,19,部分重疊,0.4,女,結婚,碩士,不同性別,0
110,,4,永和區,15～19歲,15,19,部分重疊,0.4,女,結婚,碩士,相同性別,0
110,,4,永和區,15～19歲,15,19,部分重疊,0.4,女,結婚,高中職,不同性別,0
110,,4,永和區,15～19歲,15,19,部分重疊,0.4,女,結婚,高中職,相同性別,0
110,,4,永和區,15～19歲,15,19,部分重疊,0.4,男,結婚,博士,不同性別,0
110,,4,永和區,15～19歲,15,19,部分重疊,0.4,男,結婚,博士,相同性別,0
110,,4,永和區,15～19歲,15,19,部分重疊,0.4,男,結婚,國中,不同性別,1
110,,4,永和區,15～19歲,15,19,部分重疊,0.4,男,結婚,國中,相同性別,0
110,,4,永和區,15～19歲,15,19,部分重疊,0.4,男,結婚,國小以下,不同性別,0
110,,4,永和區,15～19歲,15,19,部分重疊,0.4,男,結婚,國小以下,相同性別,0
110,,4,永和區,15～19歲,15,19,部分重疊,0.4,男,結婚,大學,不同性別,0
110,,4,永和區,15～19歲,15,19,部分重疊,0.4,男,結婚,大學,相同性別,0
110,,4,永和區,15～19歲,15,19,部分重疊,0.4,男,結婚,專科,不同性別,0
110,,4,永和區,15～19歲,15,19,部分重疊,0.4,男,結婚,專科,相同性別,0
110,,4,永和區,15～19歲,15,19,部分重疊,0.4,男,結婚,碩士,不同性別,0
110,,4,永和區,15～19歲,15,19,部分重疊,0.4,男,結婚,碩士,相同性別,0
110,,4,永和區,15～19歲,15,19,部分重疊,0.4,男,結婚,高中職,不同性別,0
110,,4,永和區,15～19歲,15,19,部分重疊,0.4,男,結婚,高中職,相同性別,0
110,,4,永和區,20～24歲,20,24,完全落入,1.0,女,結婚,博士,不同性別,0
110,,4,永和區,20～24歲,20,24,完全落入,1.0,女,結婚,博士,相同性別,0
110,,4,永和區,20～24歲,20,24,完全落入,1.0,女,結婚,國中,不同性別,5
110,,4,永和區,20～24歲,20,24,完全落入,1.0,女,結婚,國中,相同性別,1
110,,4,永和區,20～24歲,20,24,完全落入,1.0,女,結婚,國小以下,不同性別,0
110,,4,永和區,20～24歲,20,24,完全落入,1.0,女,結婚,國小以下,相同性別,0
110,,4,永和區,20～24歲,20,24,完全落入,1.0,女,結婚,大學,不同性別,16
110,,4,永和區,20～24歲,20,24,完全落入,1.0,女,結婚,大學,相同性別,0
110,,4,永和區,20～24歲,20,24,完全落入,1.0,女,結婚,專科,不同性別,6
110,,4,永和區,20～24歲,20,24,完全落入,1.0,女,結婚,專科,相同性別,0
110,,4,永和區,20～24歲,20,24,完全落入,1.0,女,結婚,碩士,不同性別,1
110,,4,永和區,20～24歲,20,24,完全落入,1.0,女,結婚,碩士,相同性別,0
110,,4,永和區,20～24歲,20,24,完全落入,1.0,女,結婚,高中職,不同性別,20
110,,4,永和區,20～24歲,20,24,完全落入,1.0,女,結婚,高中職,相同性別,0
110,,4,永和區,20～24歲,20,24,完全落入,1.0,男,結婚,博士,不同性別,0
110,,4,永和區,20～24歲,20,24,完全落入,1.0,男,結婚,博士,相同性別,0
110,,4,永和區,20～24歲,20,24,完全落入,1.0,男,結婚,國中,不同性別,7
110,,4,永和區,20～24歲,20,24,完全落入,1.0,男,結婚,國中,相同性別,0
110,,4,永和區,20～24歲,20,24,完全落入,1.0,男,結婚,國小以下,不同性別,0
110,,4,永和區,20～24歲,20,24,完全落入,1.0,男,結婚,國小以下,相同性別,0
110,,4,永和區,20～24歲,20,24,完全落入,1.0,男,結婚,大學,不同性別,9
110,,4,永和區,20～24歲,20,24,完全落入,1.0,男,結婚,大學,相同性別,0
110,,4,永和區,20～24歲,20,24,完全落入,1.0,男,結婚,專科,不同性別,2
110,,4,永和區,20～24歲,20,24,完全落入,1.0,男,結婚,專科,相同性別,0
110,,4,永和區,20～24歲,20,24,完全落入,1.0,男,結婚,碩士,不同性別,0
110,,4,永和區,20～24歲,20,24,完全落入,1.0,男,結婚,碩士,相同性別,0
110,,4,永和區,20～24歲,20,24,完全落入,1.0,男,結婚,高中職,不同性別,15
110,,4,永和區,20～24歲,20,24,完全落入,1.0,男,結婚,高中職,相同性別,0
110,,4,永和區,25～29歲,25,29,完全落入,1.0,女,結婚,博士,不同性別,0
110,,4,永和區,25～29歲,25,29,完全落入,1.0,女,結婚,博士,相同性別,0
110,,4,永和區,25～29歲,25,29,完全落入,1.0,女,結婚,國中,不同性別,6
110,,4,永和區,25～29歲,25,29,完全落入,1.0,女,結婚,國中,相同性別,0
110,,4,永和區,25～29歲,25,29,完全落入,1.0,女,結婚,國小以下,不同性別,0
110,,4,永和區,25～29歲,25,29,完全落入,1.0,女,結婚,國小以下,相同性別,0
110,,4,永和區,25～29歲,25,29,完全落入,1.0,女,結婚,大學,不同性別,162
110,,4,永和區,25～29歲,25,29,完全落入,1.0,女,結婚,大學,相同性別,3
110,,4,永和區,25～29歲,25,29,完全落入,1.0,女,結婚,專科,不同性別,10
110,,4,永和區,25～29歲,25,29,完全落入,1.0,女,結婚,專科,相同性別,0
110,,4,永和區,25～29歲,25,29,完全落入,1.0,女,結婚,碩士,不同性別,28
110,,4,永和區,25～29歲,25,29,完全落入,1.0,女,結婚,碩士,相同性別,0
110,,4,永和區,25～29歲,25,29,完全落入,1.0,女,結婚,高中職,不同性別,39
110,,4,永和區,25～29歲,25,29,完全落入,1.0,女,結婚,高中職,相同性別,1
110,,4,永和區,25～29歲,25,29,完全落入,1.0,男,結婚,博士,不同性別,1
110,,4,永和區,25～29歲,25,29,完全落入,1.0,男,結婚,博士,相同性別,0
110,,4,永和區,25～29歲,25,29,完全落入,1.0,男,結婚,國中,不同性別,3
110,,4,永和區,25～29歲,25,29,完全落入,1.0,男,結婚,國中,相同性別,0
110,,4,永和區,25～29歲,25,29,完全落入,1.0,男,結婚,國小以下,不同性別,1
110,,4,永和區,25～29歲,25,29,完全落入,1.0,男,結婚,國小以下,相同性別,0
110,,4,永和區,25～29歲,25,29,完全落入,1.0,男,結婚,大學,不同性別,105
110,,4,永和區,25～29歲,25,29,完全落入,1.0,男,結婚,大學,相同性別,1
110,,4,永和區,25～29歲,25,29,完全落入,1.0,男,結婚,專科,不同性別,7
110,,4,永和區,25～29歲,25,29,完全落入,1.0,男,結婚,專科,相同性別,0
110,,4,永和區,25～29歲,25,29,完全落入,1.0,男,結婚,碩士,不同性別,21
110,,4,永和區,25～29歲,25,29,完全落入,1.0,男,結婚,碩士,相同性別,1
110,,4,永和區,25～29歲,25,29,完全落入,1.0,男,結婚,高中職,不同性別,38
110,,4,永和區,25～29歲,25,29,完全落入,1.0,男,結婚,高中職,相同性別,2
110,,4,永和區,30～34歲,30,34,完全落入,1.0,女,結婚,博士,不同性別,1
110,,4,永和區,30～34歲,30,34,完全落入,1.0,女,結婚,博士,相同性別,0
110,,4,永和區,30～34歲,30,34,完全落入,1.0,女,結婚,國中,不同性別,7
110,,4,永和區,30～34歲,30,34,完全落入,1.0,女,結婚,國中,相同性別,0
110,,4,永和區,30～34歲,30,34,完全落入,1.0,女,結婚,國小以下,不同性別,0
110,,4,永和區,30～34歲,30,34,完全落入,1.0,女,結婚,國小以下,相同性別,0
110,,4,永和區,30～34歲,30,34,完全落入,1.0,女,結婚,大學,不同性別,186
110,,4,永和區,30～34歲,30,34,完全落入,1.0,女,結婚,大學,相同性別,4
110,,4,永和區,30～34歲,30,34,完全落入,1.0,女,結婚,專科,不同性別,11
110,,4,永和區,30～34歲,30,34,完全落入,1.0,女,結婚,專科,相同性別,1
110,,4,永和區,30～34歲,30,34,完全落入,1.0,女,結婚,碩士,不同性別,49
110,,4,永和區,30～34歲,30,34,完全落入,1.0,女,結婚,碩士,相同性別,0
110,,4,永和區,30～34歲,30,34,完全落入,1.0,女,結婚,高中職,不同性別,28
110,,4,永和區,30～34歲,30,34,完全落入,1.0,女,結婚,高中職,相同性別,1
110,,4,永和區,30～34歲,30,34,完全落入,1.0,男,結婚,博士,不同性別,3
110,,4,永和區,30～34歲,30,34,完全落入,1.0,男,結婚,博士,相同性別,0
110,,4,永和區,30～34歲,30,34,完全落入,1.0,男,結婚,國中,不同性別,6
110,,4,永和區,30～34歲,30,34,完全落入,1.0,男,結婚,國中,相同性別,0
110,,4,永和區,30～34歲,30,34,完全落入,1.0,男,結婚,國小以下,不同性別,0
110,,4,永和區,30～34歲,30,34,完全落入,1.0,男,結婚,國小以下,相同性別,0
110,,4,永和區,30～34歲,30,34,完全落入,1.0,男,結婚,大學,不同性別,150
110,,4,永和區,30～34歲,30,34,完全落入,1.0,男,結婚,大學,相同性別,1
110,,4,永和區,30～34歲,30,34,完全落入,1.0,男,結婚,專科,不同性別,9
110,,4,永和區,30～34歲,30,34,完全落入,1.0,男,結婚,專科,相同性別,0
110,,4,永和區,30～34歲,30,34,完全落入,1.0,男,結婚,碩士,不同性別,75
110,,4,永和區,30～34歲,30,34,完全落入,1.0,男,結婚,碩士,相同性別,0
110,,4,永和區,30～34歲,30,34,完全落入,1.0,男,結婚,高中職,不同性別,31
110,,4,永和區,30～34歲,30,34,完全落入,1.0,男,結婚,高中職,相同性別,1
110,,4,永和區,35～39歲,35,39,部分重疊,0.2,女,結婚,博士,不同性別,1
110,,4,永和區,35～39歲,35,39,部分重疊,0.2,女,結婚,博士,相同性別,0
110,,4,永和區,35～39歲,35,39,部分重疊,0.2,女,結婚,國中,不同性別,6
110,,4,永和區,35～39歲,35,39,部分重疊,0.2,女,結婚,國中,相同性別,0
110,,4,永和區,35～39歲,35,39,部分重疊,0.2,女,結婚,國小以下,不同性別,1
110,,4,永和區,35～39歲,35,39,部分重疊,0.2,女,結婚,國小以下,相同性別,0
110,,4,永和區,35～39歲,35,39,部分重疊,0.2,女,結婚,大學,不同性別,87
110,,4,永和區,35～39歲,35,39,部分重疊,0.2,女,結婚,大學,相同性別,5
110,,4,永和區,35～39歲,35,39,部分重疊,0.2,女,結婚,專科,不同性別,10
110,,4,永和區,35～39歲,35,39,部分重疊,0.2,女,結婚,專科,相同性別,1
110,,4,永和區,35～39歲,35,39,部分重疊,0.2,女,結婚,碩士,不同性別,25
110,,4,永和區,35～39歲,35,39,部分重疊,0.2,女,結婚,碩士,相同性別,2
110,,4,永和區,35～39歲,35,39,部分重疊,0.2,女,結婚,高中職,不同性別,19
110,,4,永和區,35～39歲,35,39,部分重疊,0.2,女,結婚,高中職,相同性別,6
110,,4,永和區,35～39歲,35,39,部分重疊,0.2,男,結婚,博士,不同性別,5
110,,4,永和區,35～39歲,35,39,部分重疊,0.2,男,結婚,博士,相同性別,0
110,,4,永和區,35～39歲,35,39,部分重疊,0.2,男,結婚,國中,不同性別,9
110,,4,永和區,35～39歲,35,39,部分重疊,0.2,男,結婚,國中,相同性別,1
110,,4,永和區,35～39歲,35,39,部分重疊,0.2,男,結婚,國小以下,不同性別,2
110,,4,永和區,35～39歲,35,39,部分重疊,0.2,男,結婚,國小以下,相同性別,0
110,,4,永和區,35～39歲,35,39,部分重疊,0.2,男,結婚,大學,不同性別,96
110,,4,永和區,35～39歲,35,39,部分重疊,0.2,男,結婚,大學,相同性別,0
110,,4,永和區,35～39歲,35,39,部分重疊,0.2,男,結婚,專科,不同性別,16
110,,4,永和區,35～39歲,35,39,部分重疊,0.2,男,結婚,專科,相同性別,0
110,,4,永和區,35～39歲,35,39,部分重疊,0.2,男,結婚,碩士,不同性別,31
110,,4,永和區,35～39歲,35,39,部分重疊,0.2,男,結婚,碩士,相同性別,0
110,,4,永和區,35～39歲,35,39,部分重疊,0.2,男,結婚,高中職,不同性別,35
110,,4,永和區,35～39歲,35,39,部分重疊,0.2,男,結婚,高中職,相同性別,0
110,,4,永和區,40～44歲,40,44,不相關,0.0,女,結婚,博士,不同性別,0
110,,4,永和區,40～44歲,40,44,不相關,0.0,女,結婚,博士,相同性別,0
110,,4,永和區,40～44歲,40,44,不相關,0.0,女,結婚,國中,不同性別,3
110,,4,永和區,40～44歲,40,44,不相關,0.0,女,結婚,國中,相同性別,0
110,,4,永和區,40～44歲,40,44,不相關,0.0,女,結婚,國小以下,不同性別,2
110,,4,永和區,40～44歲,40,44,不相關,0.0,女,結婚,國小以下,相同性別,0
110,,4,永和區,40～44歲,40,44,不相關,0.0,女,結婚,大學,不同性別,33
110,,4,永和區,40～44歲,40,44,不相關,0.0,女,結婚,大學,相同性別,1
110,,4,永和區,40～44歲,40,44,不相關,0.0,女,結婚,專科,不同性別,15
110,,4,永和區,40～44歲,40,44,不相關,0.0,女,結婚,專科,相同性別,1
110,,4,永和區,40～44歲,40,44,不相關,0.0,女,結婚,碩士,不同性別,10
110,,4,永和區,40～44歲,40,44,不相關,0.0,女,結婚,碩士,相同性別,0
110,,4,永和區,40～44歲,40,44,不相關,0.0,女,結婚,高中職,不同性別,22
110,,4,永和區,40～44歲,40,44,不相關,0.0,女,結婚,高中職,相同性別,2
110,,4,永和區,40～44歲,40,44,不相關,0.0,男,結婚,博士,不同性別,1
110,,4,永和區,40～44歲,40,44,不相關,0.0,男,結婚,博士,相同性別,0
110,,4,永和區,40～44歲,40,44,不相關,0.0,男,結婚,國中,不同性別,2
110,,4,永和區,40～44歲,40,44,不相關,0.0,男,結婚,國中,相同性別,0
110,,4,永和區,40～44歲,40,44,不相關,0.0,男,結婚,國小以下,不同性別,0
110,,4,永和區,40～44歲,40,44,不相關,0.0,男,結婚,國小以下,相同性別,0
110,,4,永和區,40～44歲,40,44,不相關,0.0,男,結婚,大學,不同性別,39
110,,4,永和區,40～44歲,40,44,不相關,0.0,男,結婚,大學,相同性別,1
110,,4,永和區,40～44歲,40,44,不相關,0.0,男,結婚,專科,不同性別,15
110,,4,永和區,40～44歲,40,44,不相關,0.0,男,結婚,專科,相同性別,0
110,,4,永和區,40～44歲,40,44,不相關,0.0,男,結婚,碩士,不同性別,14
110,,4,永和區,40～44歲,40,44,不相關,0.0,男,結婚,碩士,相同性別,0
110,,4,永和區,40～44歲,40,44,不相關,0.0,男,結婚,高中職,不同性別,18
110,,4,永和區,40～44歲,40,44,不相關,0.0,男,結婚,高中職,相同性別,0
110,,4,永和區,45～49歲,45,49,不相關,0.0,女,結婚,博士,不同性別,0
110,,4,永和區,45～49歲,45,49,不相關,0.0,女,結婚,博士,相同性別,0
110,,4,永和區,45～49歲,45,49,不相關,0.0,女,結婚,國中,不同性別,4
110,,4,永和區,45～49歲,45,49,不相關,0.0,女,結婚,國中,相同性別,0
110,,4,永和區,45～49歲,45,49,不相關,0.0,女,結婚,國小以下,不同性別,0
110,,4,永和區,45～49歲,45,49,不相關,0.0,女,結婚,國小以下,相同性別,0
110,,4,永和區,45～49歲,45,49,不相關,0.0,女,結婚,大學,不同性別,5
110,,4,永和區,45～49歲,45,49,不相關,0.0,女,結婚,大學,相同性別,1
110,,4,永和區,45～49歲,45,49,不相關,0.0,女,結婚,專科,不同性別,6
110,,4,永和區,45～49歲,45,49,不相關,0.0,女,結婚,專科,相同性別,1
110,,4,永和區,45～49歲,45,49,不相關,0.0,女,結婚,碩士,不同性別,4
110,,4,永和區,45～49歲,45,49,不相關,0.0,女,結婚,碩士,相同性別,1
110,,4,永和區,45～49歲,45,49,不相關,0.0,女,結婚,高中職,不同性別,5
110,,4,永和區,45～49歲,45,49,不相關,0.0,女,結婚,高中職,相同性別,3
110,,4,永和區,45～49歲,45,49,不相關,0.0,男,結婚,博士,不同性別,0
110,,4,永和區,45～49歲,45,49,不相關,0.0,男,結婚,博士,相同性別,0
110,,4,永和區,45～49歲,45,49,不相關,0.0,男,結婚,國中,不同性別,3
110,,4,永和區,45～49歲,45,49,不相關,0.0,男,結婚,國中,相同性別,0
110,,4,永和區,45～49歲,45,49,不相關,0.0,男,結婚,國小以下,不同性別,2
110,,4,永和區,45～49歲,45,49,不相關,0.0,男,結婚,國小以下,相同性別,0
110,,4,永和區,45～49歲,45,49,不相關,0.0,男,結婚,大學,不同性別,8
110,,4,永和區,45～49歲,45,49,不相關,0.0,男,結婚,大學,相同性別,0
110,,4,永和區,45～49歲,45,49,不相關,0.0,男,結婚,專科,不同性別,11
110,,4,永和區,45～49歲,45,49,不相關,0.0,男,結婚,專科,相同性別,0
110,,4,永和區,45～49歲,45,49,不相關,0.0,男,結婚,碩士,不同性別,4
110,,4,永和區,45～49歲,45,49,不相關,0.0,男,結婚,碩士,相同性別,0
110,,4,永和區,45～49歲,45,49,不相關,0.0,男,結婚,高中職,不同性別,11
110,,4,永和區,45～49歲,45,49,不相關,0.0,男,結婚,高中職,相同性別,0
110,,4,永和區,50～54歲,50,54,不相關,0.0,女,結婚,博士,不同性別,0
110,,4,永和區,50～54歲,50,54,不相關,0.0,女,結婚,博士,相同性別,0
110,,4,永和區,50～54歲,50,54,不相關,0.0,女,結婚,國中,不同性別,1
110,,4,永和區,50～54歲,50,54,不相關,0.0,女,結婚,國中,相同性別,0
110,,4,永和區,50～54歲,50,54,不相關,0.0,女,結婚,國小以下,不同性別,0
110,,4,永和區,50～54歲,50,54,不相關,0.0,女,結婚,國小以下,相同性別,0
110,,4,永和區,50～54歲,50,54,不相關,0.0,女,結婚,大學,不同性別,2
110,,4,永和區,50～54歲,50,54,不相關,0.0,女,結婚,大學,相同性別,1
110,,4,永和區,50～54歲,50,54,不相關,0.0,女,結婚,專科,不同性別,5
110,,4,永和區,50～54歲,50,54,不相關,0.0,女,結婚,專科,相同性別,0
110,,4,永和區,50～54歲,50,54,不相關,0.0,女,結婚,碩士,不同性別,0
110,,4,永和區,50～54歲,50,54,不相關,0.0,女,結婚,碩士,相同性別,0
110,,4,永和區,50～54歲,50,54,不相關,0.0,女,結婚,高中職,不同性別,7
110,,4,永和區,50～54歲,50,54,不相關,0.0,女,結婚,高中職,相同性別,0
110,,4,永和區,50～54歲,50,54,不相關,0.0,男,結婚,博士,不同性別,0
110,,4,永和區,50～54歲,50,54,不相關,0.0,男,結婚,博士,相同性別,0
110,,4,永和區,50～54歲,50,54,不相關,0.0,男,結婚,國中,不同性別,0
110,,4,永和區,50～54歲,50,54,不相關,0.0,男,結婚,國中,相同性別,0
110,,4,永和區,50～54歲,50,54,不相關,0.0,男,結婚,國小以下,不同性別,0
110,,4,永和區,50～54歲,50,54,不相關,0.0,男,結婚,國小以下,相同性別,0
110,,4,永和區,50～54歲,50,54,不相關,0.0,男,結婚,大學,不同性別,10
110,,4,永和區,50～54歲,50,54,不相關,0.0,男,結婚,大學,相同性別,0
110,,4,永和區,50～54歲,50,54,不相關,0.0,男,結婚,專科,不同性別,7
110,,4,永和區,50～54歲,50,54,不相關,0.0,男,結婚,專科,相同性別,0
110,,4,永和區,50～54歲,50,54,不相關,0.0,男,結婚,碩士,不同性別,5
110,,4,永和區,50～54歲,50,54,不相關,0.0,男,結婚,碩士,相同性別,0
110,,4,永和區,50～54歲,50,54,不相關,0.0,男,結婚,高中職,不同性別,4
110,,4,永和區,50～54歲,50,54,不相關,0.0,男,結婚,高中職,相同性別,0
110,,4,永和區,55～59歲,55,59,不相關,0.0,女,結婚,博士,不同性別,0
110,,4,永和區,55～59歲,55,59,不相關,0.0,女,結婚,博士,相同性別,0
110,,4,永和區,55～59歲,55,59,不相關,0.0,女,結婚,國中,不同性別,5
110,,4,永和區,55～59歲,55,59,不相關,0.0,女,結婚,國中,相同性別,0
110,,4,永和區,55～59歲,55,59,不相關,0.0,女,結婚,國小以下,不同性別,0
110,,4,永和區,55～59歲,55,59,不相關,0.0,女,結婚,國小以下,相同性別,0
110,,4,永和區,55～59歲,55,59,不相關,0.0,女,結婚,大學,不同性別,5
110,,4,永和區,55～59歲,55,59,不相關,0.0,女,結婚,大學,相同性別,0
110,,4,永和區,55～59歲,55,59,不相關,0.0,女,結婚,專科,不同性別,1
110,,4,永和區,55～59歲,55,59,不相關,0.0,女,結婚,專科,相同性別,0
110,,4,永和區,55～59歲,55,59,不相關,0.0,女,結婚,碩士,不同性別,1
110,,4,永和區,55～59歲,55,59,不相關,0.0,女,結婚,碩士,相同性別,0
110,,4,永和區,55～59歲,55,59,不相關,0.0,女,結婚,高中職,不同性別,6
110,,4,永和區,55～59歲,55,59,不相關,0.0,女,結婚,高中職,相同性別,0
110,,4,永和區,55～59歲,55,59,不相關,0.0,男,結婚,博士,不同性別,0
110,,4,永和區,55～59歲,55,59,不相關,0.0,男,結婚,博士,相同性別,0
110,,4,永和區,55～59歲,55,59,不相關,0.0,男,結婚,國中,不同性別,2
110,,4,永和區,55～59歲,55,59,不相關,0.0,男,結婚,國中,相同性別,0
110,,4,永和區,55～59歲,55,59,不相關,0.0,男,結婚,國小以下,不同性別,0
110,,4,永和區,55～59歲,55,59,不相關,0.0,男,結婚,國小以下,相同性別,0
110,,4,永和區,55～59歲,55,59,不相關,0.0,男,結婚,大學,不同性別,4
110,,4,永和區,55～59歲,55,59,不相關,0.0,男,結婚,大學,相同性別,0
110,,4,永和區,55～59歲,55,59,不相關,0.0,男,結婚,專科,不同性別,4
110,,4,永和區,55～59歲,55,59,不相關,0.0,男,結婚,專科,相同性別,0
110,,4,永和區,55～59歲,55,59,不相關,0.0,男,結婚,碩士,不同性別,2
110,,4,永和區,55～59歲,55,59,不相關,0.0,男,結婚,碩士,相同性別,0
110,,4,永和區,55～59歲,55,59,不相關,0.0,男,結婚,高中職,不同性別,4
110,,4,永和區,55～59歲,55,59,不相關,0.0,男,結婚,高中職,相同性別,0
110,,4,永和區,60～64歲,60,64,不相關,0.0,女,結婚,博士,不同性別,0
110,,4,永和區,60～64歲,60,64,不相關,0.0,女,結婚,博士,相同性別,0
110,,4,永和區,60～64歲,60,64,不相關,0.0,女,結婚,國中,不同性別,1
110,,4,永和區,60～64歲,60,64,不相關,0.0,女,結婚,國中,相同性別,0
110,,4,永和區,60～64歲,60,64,不相關,0.0,女,結婚,國小以下,不同性別,0
110,,4,永和區,60～64歲,60,64,不相關,0.0,女,結婚,國小以下,相同性別,0
110,,4,永和區,60～64歲,60,64,不相關,0.0,女,結婚,大學,不同性別,2
110,,4,永和區,60～64歲,60,64,不相關,0.0,女,結婚,大學,相同性別,0
110,,4,永和區,60～64歲,60,64,不相關,0.0,女,結婚,專科,不同性別,1
110,,4,永和區,60～64歲,60,64,不相關,0.0,女,結婚,專科,相同性別,0
110,,4,永和區,60～64歲,60,64,不相關,0.0,女,結婚,碩士,不同性別,0
110,,4,永和區,60～64歲,60,64,不相關,0.0,女,結婚,碩士,相同性別,0
110,,4,永和區,60～64歲,60,64,不相關,0.0,女,結婚,高中職,不同性別,1
110,,4,永和區,60～64歲,60,64,不相關,0.0,女,結婚,高中職,相同性別,0
110,,4,永和區,60～64歲,60,64,不相關,0.0,男,結婚,博士,不同性別,1
110,,4,永和區,60～64歲,60,64,不相關,0.0,男,結婚,博士,相同性別,0
110,,4,永和區,60～64歲,60,64,不相關,0.0,男,結婚,國中,不同性別,2
110,,4,永和區,60～64歲,60,64,不相關,0.0,男,結婚,國中,相同性別,0
110,,4,永和區,60～64歲,60,64,不相關,0.0,男,結婚,國小以下,不同性別,0
110,,4,永和區,60～64歲,60,64,不相關,0.0,男,結婚,國小以下,相同性別,0
110,,4,永和區,60～64歲,60,64,不相關,0.0,男,結婚,大學,不同性別,7
110,,4,永和區,60～64歲,60,64,不相關,0.0,男,結婚,大學,相同性別,0
110,,4,永和區,60～64歲,60,64,不相關,0.0,男,結婚,專科,不同性別,5
110,,4,永和區,60～64歲,60,64,不相關,0.0,男,結婚,專科,相同性別,0
110,,4,永和區,60～64歲,60,64,不相關,0.0,男,結婚,碩士,不同性別,2
110,,4,永和區,60～64歲,60,64,不相關,0.0,男,結婚,碩士,相同性別,0
110,,4,永和區,60～64歲,60,64,不相關,0.0,男,結婚,高中職,不同性別,6
110,,4,永和區,60～64歲,60,64,不相關,0.0,男,結婚,高中職,相同性別,0
110,,4,永和區,65歲以上,65,120,不相關,0.0,女,結婚,博士,不同性別,0
110,,4,永和區,65歲以上,65,120,不相關,0.0,女,結婚,博士,相同性別,0
110,,4,永和區,65歲以上,65,120,不相關,0.0,女,結婚,國中,不同性別,0
110,,4,永和區,65歲以上,65,120,不相關,0.0,女,結婚,國中,相同性別,0
110,,4,永和區,65歲以上,65,120,不相關,0.0,女,結婚,國小以下,不同性別,1
110,,4,永和區,65歲以上,65,120,不相關,0.0,女,結婚,國小以下,相同性別,0
110,,4,永和區,65歲以上,65,120,不相關,0.0,女,結婚,大學,不同性別,2
110,,4,永和區,65歲以上,65,120,不相關,0.0,女,結婚,大學,相同性別,0
110,,4,永和區,65歲以上,65,120,不相關,0.0,女,結婚,專科,不同性別,0
110,,4,永和區,65歲以上,65,120,不相關,0.0,女,結婚,專科,相同性別,0
110,,4,永和區,65歲以上,65,120,不相關,0.0,女,結婚,碩士,不同性別,0
110,,4,永和區,65歲以上,65,120,不相關,0.0,女,結婚,碩士,相同性別,0
110,,4,永和區,65歲以上,65,120,不相關,0.0,女,結婚,高中職,不同性別,5
110,,4,永和區,65歲以上,65,120,不相關,0.0,女,結婚,高中職,相同性別,0
110,,4,永和區,65歲以上,65,120,不相關,0.0,男,結婚,博士,不同性別,0
110,,4,永和區,65歲以上,65,120,不相關,0.0,男,結婚,博士,相同性別,0
110,,4,永和區,65歲以上,65,120,不相關,0.0,男,結婚,國中,不同性別,1
110,,4,永和區,65歲以上,65,120,不相關,0.0,男,結婚,國中,相同性別,0
110,,4,永和區,65歲以上,65,120,不相關,0.0,男,結婚,國小以下,不同性別,2
110,,4,永和區,65歲以上,65,120,不相關,0.0,男,結婚,國小以下,相同性別,0
110,,4,永和區,65歲以上,65,120,不相關,0.0,男,結婚,大學,不同性別,4
110,,4,永和區,65歲以上,65,120,不相關,0.0,男,結婚,大學,相同性別,0
110,,4,永和區,65歲以上,65,120,不相關,0.0,男,結婚,專科,不同性別,2
110,,4,永和區,65歲以上,65,120,不相關,0.0,男,結婚,專科,相同性別,0
110,,4,永和區,65歲以上,65,120,不相關,0.0,男,結婚,碩士,不同性別,1
110,,4,永和區,65歲以上,65,120,不相關,0.0,男,結婚,碩士,相同性別,0
110,,4,永和區,65歲以上,65,120,不相關,0.0,男,結婚,高中職,不同性別,4
110,,4,永和區,65歲以上,65,120,不相關,0.0,男,結婚,高中職,相同性別,0
110,,5,新莊區,未滿15歲,0,14,不相關,0.0,女,結婚,博士,不同性別,0
110,,5,新莊區,未滿15歲,0,14,不相關,0.0,女,結婚,博士,相同性別,0
110,,5,新莊區,未滿15歲,0,14,不相關,0.0,女,結婚,國中,不同性別,0
110,,5,新莊區,未滿15歲,0,14,不相關,0.0,女,結婚,國中,相同性別,0
110,,5,新莊區,未滿15歲,0,14,不相關,0.0,女,結婚,國小以下,不同性別,0
110,,5,新莊區,未滿15歲,0,14,不相關,0.0,女,結婚,國小以下,相同性別,0
110,,5,新莊區,未滿15歲,0,14,不相關,0.0,女,結婚,大學,不同性別,0
110,,5,新莊區,未滿15歲,0,14,不相關,0.0,女,結婚,大學,相同性別,0
110,,5,新莊區,未滿15歲,0,14,不相關,0.0,女,結婚,專科,不同性別,0
110,,5,新莊區,未滿15歲,0,14,不相關,0.0,女,結婚,專科,相同性別,0
110,,5,新莊區,未滿15歲,0,14,不相關,0.0,女,結婚,碩士,不同性別,0
110,,5,新莊區,未滿15歲,0,14,不相關,0.0,女,結婚,碩士,相同性別,0
110,,5,新莊區,未滿15歲,0,14,不相關,0.0,女,結婚,高中職,不同性別,0
110,,5,新莊區,未滿15歲,0,14,不相關,0.0,女,結婚,高中職,相同性別,0
110,,5,新莊區,未滿15歲,0,14,不相關,0.0,男,結婚,博士,不同性別,0
110,,5,新莊區,未滿15歲,0,14,不相關,0.0,男,結婚,博士,相同性別,0
110,,5,新莊區,未滿15歲,0,14,不相關,0.0,男,結婚,國中,不同性別,0
110,,5,新莊區,未滿15歲,0,14,不相關,0.0,男,結婚,國中,相同性別,0
110,,5,新莊區,未滿15歲,0,14,不相關,0.0,男,結婚,國小以下,不同性別,0
110,,5,新莊區,未滿15歲,0,14,不相關,0.0,男,結婚,國小以下,相同性別,0
110,,5,新莊區,未滿15歲,0,14,不相關,0.0,男,結婚,大學,不同性別,0
110,,5,新莊區,未滿15歲,0,14,不相關,0.0,男,結婚,大學,相同性別,0
110,,5,新莊區,未滿15歲,0,14,不相關,0.0,男,結婚,專科,不同性別,0
110,,5,新莊區,未滿15歲,0,14,不相關,0.0,男,結婚,專科,相同性別,0
110,,5,新莊區,未滿15歲,0,14,不相關,0.0,男,結婚,碩士,不同性別,0
110,,5,新莊區,未滿15歲,0,14,不相關,0.0,男,結婚,碩士,相同性別,0
110,,5,新莊區,未滿15歲,0,14,不相關,0.0,男,結婚,高中職,不同性別,0
110,,5,新莊區,未滿15歲,0,14,不相關,0.0,男,結婚,高中職,相同性別,0
110,,5,新莊區,15～19歲,15,19,部分重疊,0.4,女,結婚,博士,不同性別,0
110,,5,新莊區,15～19歲,15,19,部分重疊,0.4,女,結婚,博士,相同性別,0
110,,5,新莊區,15～19歲,15,19,部分重疊,0.4,女,結婚,國中,不同性別,17
110,,5,新莊區,15～19歲,15,19,部分重疊,0.4,女,結婚,國中,相同性別,0
110,,5,新莊區,15～19歲,15,19,部分重疊,0.4,女,結婚,國小以下,不同性別,1
110,,5,新莊區,15～19歲,15,19,部分重疊,0.4,女,結婚,國小以下,相同性別,0
110,,5,新莊區,15～19歲,15,19,部分重疊,0.4,女,結婚,大學,不同性別,0
110,,5,新莊區,15～19歲,15,19,部分重疊,0.4,女,結婚,大學,相同性別,0
110,,5,新莊區,15～19歲,15,19,部分重疊,0.4,女,結婚,專科,不同性別,0
110,,5,新莊區,15～19歲,15,19,部分重疊,0.4,女,結婚,專科,相同性別,0
110,,5,新莊區,15～19歲,15,19,部分重疊,0.4,女,結婚,碩士,不同性別,0
110,,5,新莊區,15～19歲,15,19,部分重疊,0.4,女,結婚,碩士,相同性別,0
110,,5,新莊區,15～19歲,15,19,部分重疊,0.4,女,結婚,高中職,不同性別,5
110,,5,新莊區,15～19歲,15,19,部分重疊,0.4,女,結婚,高中職,相同性別,0
110,,5,新莊區,15～19歲,15,19,部分重疊,0.4,男,結婚,博士,不同性別,0
110,,5,新莊區,15～19歲,15,19,部分重疊,0.4,男,結婚,博士,相同性別,0
110,,5,新莊區,15～19歲,15,19,部分重疊,0.4,男,結婚,國中,不同性別,6
110,,5,新莊區,15～19歲,15,19,部分重疊,0.4,男,結婚,國中,相同性別,0
110,,5,新莊區,15～19歲,15,19,部分重疊,0.4,男,結婚,國小以下,不同性別,1
110,,5,新莊區,15～19歲,15,19,部分重疊,0.4,男,結婚,國小以下,相同性別,0
110,,5,新莊區,15～19歲,15,19,部分重疊,0.4,男,結婚,大學,不同性別,0
110,,5,新莊區,15～19歲,15,19,部分重疊,0.4,男,結婚,大學,相同性別,0
110,,5,新莊區,15～19歲,15,19,部分重疊,0.4,男,結婚,專科,不同性別,0
110,,5,新莊區,15～19歲,15,19,部分重疊,0.4,男,結婚,專科,相同性別,0
110,,5,新莊區,15～19歲,15,19,部分重疊,0.4,男,結婚,碩士,不同性別,0
110,,5,新莊區,15～19歲,15,19,部分重疊,0.4,男,結婚,碩士,相同性別,0
110,,5,新莊區,15～19歲,15,19,部分重疊,0.4,男,結婚,高中職,不同性別,0
110,,5,新莊區,15～19歲,15,19,部分重疊,0.4,男,結婚,高中職,相同性別,0
110,,5,新莊區,20～24歲,20,24,完全落入,1.0,女,結婚,博士,不同性別,0
110,,5,新莊區,20～24歲,20,24,完全落入,1.0,女,結婚,博士,相同性別,0
110,,5,新莊區,20～24歲,20,24,完全落入,1.0,女,結婚,國中,不同性別,34
110,,5,新莊區,20～24歲,20,24,完全落入,1.0,女,結婚,國中,相同性別,1
110,,5,新莊區,20～24歲,20,24,完全落入,1.0,女,結婚,國小以下,不同性別,5
110,,5,新莊區,20～24歲,20,24,完全落入,1.0,女,結婚,國小以下,相同性別,0
110,,5,新莊區,20～24歲,20,24,完全落入,1.0,女,結婚,大學,不同性別,32
110,,5,新莊區,20～24歲,20,24,完全落入,1.0,女,結婚,大學,相同性別,1
110,,5,新莊區,20～24歲,20,24,完全落入,1.0,女,結婚,專科,不同性別,9
110,,5,新莊區,20～24歲,20,24,完全落入,1.0,女,結婚,專科,相同性別,0
110,,5,新莊區,20～24歲,20,24,完全落入,1.0,女,結婚,碩士,不同性別,0
110,,5,新莊區,20～24歲,20,24,完全落入,1.0,女,結婚,碩士,相同性別,0
110,,5,新莊區,20～24歲,20,24,完全落入,1.0,女,結婚,高中職,不同性別,76
110,,5,新莊區,20～24歲,20,24,完全落入,1.0,女,結婚,高中職,相同性別,1
110,,5,新莊區,20～24歲,20,24,完全落入,1.0,男,結婚,博士,不同性別,0
110,,5,新莊區,20～24歲,20,24,完全落入,1.0,男,結婚,博士,相同性別,0
110,,5,新莊區,20～24歲,20,24,完全落入,1.0,男,結婚,國中,不同性別,38
110,,5,新莊區,20～24歲,20,24,完全落入,1.0,男,結婚,國中,相同性別,0
110,,5,新莊區,20～24歲,20,24,完全落入,1.0,男,結婚,國小以下,不同性別,1
110,,5,新莊區,20～24歲,20,24,完全落入,1.0,男,結婚,國小以下,相同性別,0
110,,5,新莊區,20～24歲,20,24,完全落入,1.0,男,結婚,大學,不同性別,15
110,,5,新莊區,20～24歲,20,24,完全落入,1.0,男,結婚,大學,相同性別,0
110,,5,新莊區,20～24歲,20,24,完全落入,1.0,男,結婚,專科,不同性別,4
110,,5,新莊區,20～24歲,20,24,完全落入,1.0,男,結婚,專科,相同性別,0
110,,5,新莊區,20～24歲,20,24,完全落入,1.0,男,結婚,碩士,不同性別,0
110,,5,新莊區,20～24歲,20,24,完全落入,1.0,男,結婚,碩士,相同性別,0
110,,5,新莊區,20～24歲,20,24,完全落入,1.0,男,結婚,高中職,不同性別,36
110,,5,新莊區,20～24歲,20,24,完全落入,1.0,男,結婚,高中職,相同性別,2
110,,5,新莊區,25～29歲,25,29,完全落入,1.0,女,結婚,博士,不同性別,0
110,,5,新莊區,25～29歲,25,29,完全落入,1.0,女,結婚,博士,相同性別,0
110,,5,新莊區,25～29歲,25,29,完全落入,1.0,女,結婚,國中,不同性別,37
110,,5,新莊區,25～29歲,25,29,完全落入,1.0,女,結婚,國中,相同性別,5
110,,5,新莊區,25～29歲,25,29,完全落入,1.0,女,結婚,國小以下,不同性別,3
110,,5,新莊區,25～29歲,25,29,完全落入,1.0,女,結婚,國小以下,相同性別,0
110,,5,新莊區,25～29歲,25,29,完全落入,1.0,女,結婚,大學,不同性別,430
110,,5,新莊區,25～29歲,25,29,完全落入,1.0,女,結婚,大學,相同性別,2
110,,5,新莊區,25～29歲,25,29,完全落入,1.0,女,結婚,專科,不同性別,31
110,,5,新莊區,25～29歲,25,29,完全落入,1.0,女,結婚,專科,相同性別,0
110,,5,新莊區,25～29歲,25,29,完全落入,1.0,女,結婚,碩士,不同性別,37
110,,5,新莊區,25～29歲,25,29,完全落入,1.0,女,結婚,碩士,相同性別,0
110,,5,新莊區,25～29歲,25,29,完全落入,1.0,女,結婚,高中職,不同性別,109
110,,5,新莊區,25～29歲,25,29,完全落入,1.0,女,結婚,高中職,相同性別,2
110,,5,新莊區,25～29歲,25,29,完全落入,1.0,男,結婚,博士,不同性別,0
110,,5,新莊區,25～29歲,25,29,完全落入,1.0,男,結婚,博士,相同性別,0
110,,5,新莊區,25～29歲,25,29,完全落入,1.0,男,結婚,國中,不同性別,48
110,,5,新莊區,25～29歲,25,29,完全落入,1.0,男,結婚,國中,相同性別,0
110,,5,新莊區,25～29歲,25,29,完全落入,1.0,男,結婚,國小以下,不同性別,4
110,,5,新莊區,25～29歲,25,29,完全落入,1.0,男,結婚,國小以下,相同性別,0
110,,5,新莊區,25～29歲,25,29,完全落入,1.0,男,結婚,大學,不同性別,231
110,,5,新莊區,25～29歲,25,29,完全落入,1.0,男,結婚,大學,相同性別,0
110,,5,新莊區,25～29歲,25,29,完全落入,1.0,男,結婚,專科,不同性別,13
110,,5,新莊區,25～29歲,25,29,完全落入,1.0,男,結婚,專科,相同性別,0
110,,5,新莊區,25～29歲,25,29,完全落入,1.0,男,結婚,碩士,不同性別,51
110,,5,新莊區,25～29歲,25,29,完全落入,1.0,男,結婚,碩士,相同性別,0
110,,5,新莊區,25～29歲,25,29,完全落入,1.0,男,結婚,高中職,不同性別,130
110,,5,新莊區,25～29歲,25,29,完全落入,1.0,男,結婚,高中職,相同性別,0
110,,5,新莊區,30～34歲,30,34,完全落入,1.0,女,結婚,博士,不同性別,0
110,,5,新莊區,30～34歲,30,34,完全落入,1.0,女,結婚,博士,相同性別,0
110,,5,新莊區,30～34歲,30,34,完全落入,1.0,女,結婚,國中,不同性別,34
110,,5,新莊區,30～34歲,30,34,完全落入,1.0,女,結婚,國中,相同性別,1
110,,5,新莊區,30～34歲,30,34,完全落入,1.0,女,結婚,國小以下,不同性別,8
110,,5,新莊區,30～34歲,30,34,完全落入,1.0,女,結婚,國小以下,相同性別,0
110,,5,新莊區,30～34歲,30,34,完全落入,1.0,女,結婚,大學,不同性別,475
110,,5,新莊區,30～34歲,30,34,完全落入,1.0,女,結婚,大學,相同性別,2
110,,5,新莊區,30～34歲,30,34,完全落入,1.0,女,結婚,專科,不同性別,25
110,,5,新莊區,30～34歲,30,34,完全落入,1.0,女,結婚,專科,相同性別,1
110,,5,新莊區,30～34歲,30,34,完全落入,1.0,女,結婚,碩士,不同性別,83
110,,5,新莊區,30～34歲,30,34,完全落入,1.0,女,結婚,碩士,相同性別,0
110,,5,新莊區,30～34歲,30,34,完全落入,1.0,女,結婚,高中職,不同性別,84
110,,5,新莊區,30～34歲,30,34,完全落入,1.0,女,結婚,高中職,相同性別,3
110,,5,新莊區,30～34歲,30,34,完全落入,1.0,男,結婚,博士,不同性別,3
110,,5,新莊區,30～34歲,30,34,完全落入,1.0,男,結婚,博士,相同性別,1
110,,5,新莊區,30～34歲,30,34,完全落入,1.0,男,結婚,國中,不同性別,49
110,,5,新莊區,30～34歲,30,34,完全落入,1.0,男,結婚,國中,相同性別,1
110,,5,新莊區,30～34歲,30,34,完全落入,1.0,男,結婚,國小以下,不同性別,2
110,,5,新莊區,30～34歲,30,34,完全落入,1.0,男,結婚,國小以下,相同性別,0
110,,5,新莊區,30～34歲,30,34,完全落入,1.0,男,結婚,大學,不同性別,360
110,,5,新莊區,30～34歲,30,34,完全落入,1.0,男,結婚,大學,相同性別,1
110,,5,新莊區,30～34歲,30,34,完全落入,1.0,男,結婚,專科,不同性別,20
110,,5,新莊區,30～34歲,30,34,完全落入,1.0,男,結婚,專科,相同性別,0
110,,5,新莊區,30～34歲,30,34,完全落入,1.0,男,結婚,碩士,不同性別,135
110,,5,新莊區,30～34歲,30,34,完全落入,1.0,男,結婚,碩士,相同性別,1
110,,5,新莊區,30～34歲,30,34,完全落入,1.0,男,結婚,高中職,不同性別,128
110,,5,新莊區,30～34歲,30,34,完全落入,1.0,男,結婚,高中職,相同性別,0
110,,5,新莊區,35～39歲,35,39,部分重疊,0.2,女,結婚,博士,不同性別,1
110,,5,新莊區,35～39歲,35,39,部分重疊,0.2,女,結婚,博士,相同性別,0
110,,5,新莊區,35～39歲,35,39,部分重疊,0.2,女,結婚,國中,不同性別,30
110,,5,新莊區,35～39歲,35,39,部分重疊,0.2,女,結婚,國中,相同性別,2
110,,5,新莊區,35～39歲,35,39,部分重疊,0.2,女,結婚,國小以下,不同性別,6
110,,5,新莊區,35～39歲,35,39,部分重疊,0.2,女,結婚,國小以下,相同性別,0
110,,5,新莊區,35～39歲,35,39,部分重疊,0.2,女,結婚,大學,不同性別,125
110,,5,新莊區,35～39歲,35,39,部分重疊,0.2,女,結婚,大學,相同性別,3
110,,5,新莊區,35～39歲,35,39,部分重疊,0.2,女,結婚,專科,不同性別,35
110,,5,新莊區,35～39歲,35,39,部分重疊,0.2,女,結婚,專科,相同性別,0
110,,5,新莊區,35～39歲,35,39,部分重疊,0.2,女,結婚,碩士,不同性別,45
110,,5,新莊區,35～39歲,35,39,部分重疊,0.2,女,結婚,碩士,相同性別,0
110,,5,新莊區,35～39歲,35,39,部分重疊,0.2,女,結婚,高中職,不同性別,57
110,,5,新莊區,35～39歲,35,39,部分重疊,0.2,女,結婚,高中職,相同性別,1
110,,5,新莊區,35～39歲,35,39,部分重疊,0.2,男,結婚,博士,不同性別,3
110,,5,新莊區,35～39歲,35,39,部分重疊,0.2,男,結婚,博士,相同性別,0
110,,5,新莊區,35～39歲,35,39,部分重疊,0.2,男,結婚,國中,不同性別,43
110,,5,新莊區,35～39歲,35,39,部分重疊,0.2,男,結婚,國中,相同性別,0
110,,5,新莊區,35～39歲,35,39,部分重疊,0.2,男,結婚,國小以下,不同性別,3
110,,5,新莊區,35～39歲,35,39,部分重疊,0.2,男,結婚,國小以下,相同性別,0
110,,5,新莊區,35～39歲,35,39,部分重疊,0.2,男,結婚,大學,不同性別,181
110,,5,新莊區,35～39歲,35,39,部分重疊,0.2,男,結婚,大學,相同性別,1
110,,5,新莊區,35～39歲,35,39,部分重疊,0.2,男,結婚,專科,不同性別,38
110,,5,新莊區,35～39歲,35,39,部分重疊,0.2,男,結婚,專科,相同性別,0
110,,5,新莊區,35～39歲,35,39,部分重疊,0.2,男,結婚,碩士,不同性別,76
110,,5,新莊區,35～39歲,35,39,部分重疊,0.2,男,結婚,碩士,相同性別,0
110,,5,新莊區,35～39歲,35,39,部分重疊,0.2,男,結婚,高中職,不同性別,79
110,,5,新莊區,35～39歲,35,39,部分重疊,0.2,男,結婚,高中職,相同性別,1
110,,5,新莊區,40～44歲,40,44,不相關,0.0,女,結婚,博士,不同性別,0
110,,5,新莊區,40～44歲,40,44,不相關,0.0,女,結婚,博士,相同性別,0
110,,5,新莊區,40～44歲,40,44,不相關,0.0,女,結婚,國中,不同性別,14
110,,5,新莊區,40～44歲,40,44,不相關,0.0,女,結婚,國中,相同性別,0
110,,5,新莊區,40～44歲,40,44,不相關,0.0,女,結婚,國小以下,不同性別,8
110,,5,新莊區,40～44歲,40,44,不相關,0.0,女,結婚,國小以下,相同性別,0
110,,5,新莊區,40～44歲,40,44,不相關,0.0,女,結婚,大學,不同性別,46
110,,5,新莊區,40～44歲,40,44,不相關,0.0,女,結婚,大學,相同性別,1
110,,5,新莊區,40～44歲,40,44,不相關,0.0,女,結婚,專科,不同性別,14
110,,5,新莊區,40～44歲,40,44,不相關,0.0,女,結婚,專科,相同性別,0
110,,5,新莊區,40～44歲,40,44,不相關,0.0,女,結婚,碩士,不同性別,4
110,,5,新莊區,40～44歲,40,44,不相關,0.0,女,結婚,碩士,相同性別,0
110,,5,新莊區,40～44歲,40,44,不相關,0.0,女,結婚,高中職,不同性別,44
110,,5,新莊區,40～44歲,40,44,不相關,0.0,女,結婚,高中職,相同性別,1
110,,5,新莊區,40～44歲,40,44,不相關,0.0,男,結婚,博士,不同性別,5
110,,5,新莊區,40～44歲,40,44,不相關,0.0,男,結婚,博士,相同性別,0
110,,5,新莊區,40～44歲,40,44,不相關,0.0,男,結婚,國中,不同性別,26
110,,5,新莊區,40～44歲,40,44,不相關,0.0,男,結婚,國中,相同性別,1
110,,5,新莊區,40～44歲,40,44,不相關,0.0,男,結婚,國小以下,不同性別,0
110,,5,新莊區,40～44歲,40,44,不相關,0.0,男,結婚,國小以下,相同性別,0
110,,5,新莊區,40～44歲,40,44,不相關,0.0,男,結婚,大學,不同性別,62
110,,5,新莊區,40～44歲,40,44,不相關,0.0,男,結婚,大學,相同性別,2
110,,5,新莊區,40～44歲,40,44,不相關,0.0,男,結婚,專科,不同性別,24
110,,5,新莊區,40～44歲,40,44,不相關,0.0,男,結婚,專科,相同性別,2
110,,5,新莊區,40～44歲,40,44,不相關,0.0,男,結婚,碩士,不同性別,28
110,,5,新莊區,40～44歲,40,44,不相關,0.0,男,結婚,碩士,相同性別,0
110,,5,新莊區,40～44歲,40,44,不相關,0.0,男,結婚,高中職,不同性別,58
110,,5,新莊區,40～44歲,40,44,不相關,0.0,男,結婚,高中職,相同性別,1
110,,5,新莊區,45～49歲,45,49,不相關,0.0,女,結婚,博士,不同性別,0
110,,5,新莊區,45～49歲,45,49,不相關,0.0,女,結婚,博士,相同性別,0
110,,5,新莊區,45～49歲,45,49,不相關,0.0,女,結婚,國中,不同性別,9
110,,5,新莊區,45～49歲,45,49,不相關,0.0,女,結婚,國中,相同性別,0
110,,5,新莊區,45～49歲,45,49,不相關,0.0,女,結婚,國小以下,不同性別,2
110,,5,新莊區,45～49歲,45,49,不相關,0.0,女,結婚,國小以下,相同性別,0
110,,5,新莊區,45～49歲,45,49,不相關,0.0,女,結婚,大學,不同性別,9
110,,5,新莊區,45～49歲,45,49,不相關,0.0,女,結婚,大學,相同性別,0
110,,5,新莊區,45～49歲,45,49,不相關,0.0,女,結婚,專科,不同性別,13
110,,5,新莊區,45～49歲,45,49,不相關,0.0,女,結婚,專科,相同性別,1
110,,5,新莊區,45～49歲,45,49,不相關,0.0,女,結婚,碩士,不同性別,4
110,,5,新莊區,45～49歲,45,49,不相關,0.0,女,結婚,碩士,相同性別,0
110,,5,新莊區,45～49歲,45,49,不相關,0.0,女,結婚,高中職,不同性別,21
110,,5,新莊區,45～49歲,45,49,不相關,0.0,女,結婚,高中職,相同性別,1
110,,5,新莊區,45～49歲,45,49,不相關,0.0,男,結婚,博士,不同性別,0
110,,5,新莊區,45～49歲,45,49,不相關,0.0,男,結婚,博士,相同性別,0
110,,5,新莊區,45～49歲,45,49,不相關,0.0,男,結婚,國中,不同性別,14
110,,5,新莊區,45～49歲,45,49,不相關,0.0,男,結婚,國中,相同性別,0
110,,5,新莊區,45～49歲,45,49,不相關,0.0,男,結婚,國小以下,不同性別,0
110,,5,新莊區,45～49歲,45,49,不相關,0.0,男,結婚,國小以下,相同性別,0
110,,5,新莊區,45～49歲,45,49,不相關,0.0,男,結婚,大學,不同性別,18
110,,5,新莊區,45～49歲,45,49,不相關,0.0,男,結婚,大學,相同性別,0
110,,5,新莊區,45～49歲,45,49,不相關,0.0,男,結婚,專科,不同性別,19
110,,5,新莊區,45～49歲,45,49,不相關,0.0,男,結婚,專科,相同性別,0
110,,5,新莊區,45～49歲,45,49,不相關,0.0,男,結婚,碩士,不同性別,6
110,,5,新莊區,45～49歲,45,49,不相關,0.0,男,結婚,碩士,相同性別,0
110,,5,新莊區,45～49歲,45,49,不相關,0.0,男,結婚,高中職,不同性別,21
110,,5,新莊區,45～49歲,45,49,不相關,0.0,男,結婚,高中職,相同性別,0
110,,5,新莊區,50～54歲,50,54,不相關,0.0,女,結婚,博士,不同性別,0
110,,5,新莊區,50～54歲,50,54,不相關,0.0,女,結婚,博士,相同性別,0
110,,5,新莊區,50～54歲,50,54,不相關,0.0,女,結婚,國中,不同性別,5
110,,5,新莊區,50～54歲,50,54,不相關,0.0,女,結婚,國中,相同性別,0
110,,5,新莊區,50～54歲,50,54,不相關,0.0,女,結婚,國小以下,不同性別,2
110,,5,新莊區,50～54歲,50,54,不相關,0.0,女,結婚,國小以下,相同性別,0
110,,5,新莊區,50～54歲,50,54,不相關,0.0,女,結婚,大學,不同性別,1
110,,5,新莊區,50～54歲,50,54,不相關,0.0,女,結婚,大學,相同性別,0
110,,5,新莊區,50～54歲,50,54,不相關,0.0,女,結婚,專科,不同性別,5
110,,5,新莊區,50～54歲,50,54,不相關,0.0,女,結婚,專科,相同性別,0
110,,5,新莊區,50～54歲,50,54,不相關,0.0,女,結婚,碩士,不同性別,1
110,,5,新莊區,50～54歲,50,54,不相關,0.0,女,結婚,碩士,相同性別,2
110,,5,新莊區,50～54歲,50,54,不相關,0.0,女,結婚,高中職,不同性別,12
110,,5,新莊區,50～54歲,50,54,不相關,0.0,女,結婚,高中職,相同性別,0
110,,5,新莊區,50～54歲,50,54,不相關,0.0,男,結婚,博士,不同性別,1
110,,5,新莊區,50～54歲,50,54,不相關,0.0,男,結婚,博士,相同性別,0
110,,5,新莊區,50～54歲,50,54,不相關,0.0,男,結婚,國中,不同性別,4
110,,5,新莊區,50～54歲,50,54,不相關,0.0,男,結婚,國中,相同性別,0
110,,5,新莊區,50～54歲,50,54,不相關,0.0,男,結婚,國小以下,不同性別,1
110,,5,新莊區,50～54歲,50,54,不相關,0.0,男,結婚,國小以下,相同性別,0
110,,5,新莊區,50～54歲,50,54,不相關,0.0,男,結婚,大學,不同性別,5
110,,5,新莊區,50～54歲,50,54,不相關,0.0,男,結婚,大學,相同性別,0
110,,5,新莊區,50～54歲,50,54,不相關,0.0,男,結婚,專科,不同性別,5
110,,5,新莊區,50～54歲,50,54,不相關,0.0,男,結婚,專科,相同性別,0
110,,5,新莊區,50～54歲,50,54,不相關,0.0,男,結婚,碩士,不同性別,3
110,,5,新莊區,50～54歲,50,54,不相關,0.0,男,結婚,碩士,相同性別,0
110,,5,新莊區,50～54歲,50,54,不相關,0.0,男,結婚,高中職,不同性別,15
110,,5,新莊區,50～54歲,50,54,不相關,0.0,男,結婚,高中職,相同性別,0
110,,5,新莊區,55～59歲,55,59,不相關,0.0,女,結婚,博士,不同性別,0
110,,5,新莊區,55～59歲,55,59,不相關,0.0,女,結婚,博士,相同性別,0
110,,5,新莊區,55～59歲,55,59,不相關,0.0,女,結婚,國中,不同性別,7
110,,5,新莊區,55～59歲,55,59,不相關,0.0,女,結婚,國中,相同性別,0
110,,5,新莊區,55～59歲,55,59,不相關,0.0,女,結婚,國小以下,不同性別,0
110,,5,新莊區,55～59歲,55,59,不相關,0.0,女,結婚,國小以下,相同性別,0
110,,5,新莊區,55～59歲,55,59,不相關,0.0,女,結婚,大學,不同性別,1
110,,5,新莊區,55～59歲,55,59,不相關,0.0,女,結婚,大學,相同性別,0
110,,5,新莊區,55～59歲,55,59,不相關,0.0,女,結婚,專科,不同性別,1
110,,5,新莊區,55～59歲,55,59,不相關,0.0,女,結婚,專科,相同性別,0
110,,5,新莊區,55～59歲,55,59,不相關,0.0,女,結婚,碩士,不同性別,1
110,,5,新莊區,55～59歲,55,59,不相關,0.0,女,結婚,碩士,相同性別,0
110,,5,新莊區,55～59歲,55,59,不相關,0.0,女,結婚,高中職,不同性別,10
110,,5,新莊區,55～59歲,55,59,不相關,0.0,女,結婚,高中職,相同性別,0
110,,5,新莊區,55～59歲,55,59,不相關,0.0,男,結婚,博士,不同性別,1
110,,5,新莊區,55～59歲,55,59,不相關,0.0,男,結婚,博士,相同性別,0
110,,5,新莊區,55～59歲,55,59,不相關,0.0,男,結婚,國中,不同性別,11
110,,5,新莊區,55～59歲,55,59,不相關,0.0,男,結婚,國中,相同性別,0
110,,5,新莊區,55～59歲,55,59,不相關,0.0,男,結婚,國小以下,不同性別,1
110,,5,新莊區,55～59歲,55,59,不相關,0.0,男,結婚,國小以下,相同性別,0
110,,5,新莊區,55～59歲,55,59,不相關,0.0,男,結婚,大學,不同性別,6
110,,5,新莊區,55～59歲,55,59,不相關,0.0,男,結婚,大學,相同性別,0
110,,5,新莊區,55～59歲,55,59,不相關,0.0,男,結婚,專科,不同性別,7
110,,5,新莊區,55～59歲,55,59,不相關,0.0,男,結婚,專科,相同性別,0
110,,5,新莊區,55～59歲,55,59,不相關,0.0,男,結婚,碩士,不同性別,0
110,,5,新莊區,55～59歲,55,59,不相關,0.0,男,結婚,碩士,相同性別,0
110,,5,新莊區,55～59歲,55,59,不相關,0.0,男,結婚,高中職,不同性別,11
110,,5,新莊區,55～59歲,55,59,不相關,0.0,男,結婚,高中職,相同性別,0
110,,5,新莊區,60～64歲,60,64,不相關,0.0,女,結婚,博士,不同性別,0
110,,5,新莊區,60～64歲,60,64,不相關,0.0,女,結婚,博士,相同性別,0
110,,5,新莊區,60～64歲,60,64,不相關,0.0,女,結婚,國中,不同性別,4
110,,5,新莊區,60～64歲,60,64,不相關,0.0,女,結婚,國中,相同性別,0
110,,5,新莊區,60～64歲,60,64,不相關,0.0,女,結婚,國小以下,不同性別,1
110,,5,新莊區,60～64歲,60,64,不相關,0.0,女,結婚,國小以下,相同性別,0
110,,5,新莊區,60～64歲,60,64,不相關,0.0,女,結婚,大學,不同性別,0
110,,5,新莊區,60～64歲,60,64,不相關,0.0,女,結婚,大學,相同性別,0
110,,5,新莊區,60～64歲,60,64,不相關,0.0,女,結婚,專科,不同性別,3
110,,5,新莊區,60～64歲,60,64,不相關,0.0,女,結婚,專科,相同性別,0
110,,5,新莊區,60～64歲,60,64,不相關,0.0,女,結婚,碩士,不同性別,1
110,,5,新莊區,60～64歲,60,64,不相關,0.0,女,結婚,碩士,相同性別,0
110,,5,新莊區,60～64歲,60,64,不相關,0.0,女,結婚,高中職,不同性別,2
110,,5,新莊區,60～64歲,60,64,不相關,0.0,女,結婚,高中職,相同性別,1
110,,5,新莊區,60～64歲,60,64,不相關,0.0,男,結婚,博士,不同性別,0
110,,5,新莊區,60～64歲,60,64,不相關,0.0,男,結婚,博士,相同性別,0
110,,5,新莊區,60～64歲,60,64,不相關,0.0,男,結婚,國中,不同性別,4
110,,5,新莊區,60～64歲,60,64,不相關,0.0,男,結婚,國中,相同性別,0
110,,5,新莊區,60～64歲,60,64,不相關,0.0,男,結婚,國小以下,不同性別,2
110,,5,新莊區,60～64歲,60,64,不相關,0.0,男,結婚,國小以下,相同性別,0
110,,5,新莊區,60～64歲,60,64,不相關,0.0,男,結婚,大學,不同性別,6
110,,5,新莊區,60～64歲,60,64,不相關,0.0,男,結婚,大學,相同性別,0
110,,5,新莊區,60～64歲,60,64,不相關,0.0,男,結婚,專科,不同性別,1
110,,5,新莊區,60～64歲,60,64,不相關,0.0,男,結婚,專科,相同性別,0
110,,5,新莊區,60～64歲,60,64,不相關,0.0,男,結婚,碩士,不同性別,0
110,,5,新莊區,60～64歲,60,64,不相關,0.0,男,結婚,碩士,相同性別,0
110,,5,新莊區,60～64歲,60,64,不相關,0.0,男,結婚,高中職,不同性別,3
110,,5,新莊區,60～64歲,60,64,不相關,0.0,男,結婚,高中職,相同性別,0
110,,5,新莊區,65歲以上,65,120,不相關,0.0,女,結婚,博士,不同性別,0
110,,5,新莊區,65歲以上,65,120,不相關,0.0,女,結婚,博士,相同性別,0
110,,5,新莊區,65歲以上,65,120,不相關,0.0,女,結婚,國中,不同性別,1
110,,5,新莊區,65歲以上,65,120,不相關,0.0,女,結婚,國中,相同性別,0
110,,5,新莊區,65歲以上,65,120,不相關,0.0,女,結婚,國小以下,不同性別,2
110,,5,新莊區,65歲以上,65,120,不相關,0.0,女,結婚,國小以下,相同性別,0
110,,5,新莊區,65歲以上,65,120,不相關,0.0,女,結婚,大學,不同性別,0
110,,5,新莊區,65歲以上,65,120,不相關,0.0,女,結婚,大學,相同性別,0
110,,5,新莊區,65歲以上,65,120,不相關,0.0,女,結婚,專科,不同性別,3
110,,5,新莊區,65歲以上,65,120,不相關,0.0,女,結婚,專科,相同性別,0
110,,5,新莊區,65歲以上,65,120,不相關,0.0,女,結婚,碩士,不同性別,0
110,,5,新莊區,65歲以上,65,120,不相關,0.0,女,結婚,碩士,相同性別,0
110,,5,新莊區,65歲以上,65,120,不相關,0.0,女,結婚,高中職,不同性別,3
110,,5,新莊區,65歲以上,65,120,不相關,0.0,女,結婚,高中職,相同性別,0
110,,5,新莊區,65歲以上,65,120,不相關,0.0,男,結婚,博士,不同性別,1
110,,5,新莊區,65歲以上,65,120,不相關,0.0,男,結婚,博士,相同性別,0
110,,5,新莊區,65歲以上,65,120,不相關,0.0,男,結婚,國中,不同性別,4
110,,5,新莊區,65歲以上,65,120,不相關,0.0,男,結婚,國中,相同性別,0
110,,5,新莊區,65歲以上,65,120,不相關,0.0,男,結婚,國小以下,不同性別,3
110,,5,新莊區,65歲以上,65,120,不相關,0.0,男,結婚,國小以下,相同性別,0
110,,5,新莊區,65歲以上,65,120,不相關,0.0,男,結婚,大學,不同性別,3
110,,5,新莊區,65歲以上,65,120,不相關,0.0,男,結婚,大學,相同性別,0
110,,5,新莊區,65歲以上,65,120,不相關,0.0,男,結婚,專科,不同性別,3
110,,5,新莊區,65歲以上,65,120,不相關,0.0,男,結婚,專科,相同性別,0
110,,5,新莊區,65歲以上,65,120,不相關,0.0,男,結婚,碩士,不同性別,3
110,,5,新莊區,65歲以上,65,120,不相關,0.0,男,結婚,碩士,相同性別,0
110,,5,新莊區,65歲以上,65,120,不相關,0.0,男,結婚,高中職,不同性別,5
110,,5,新莊區,65歲以上,65,120,不相關,0.0,男,結婚,高中職,相同性別,0
110,,6,新店區,未滿15歲,0,14,不相關,0.0,女,結婚,博士,不同性別,0
110,,6,新店區,未滿15歲,0,14,不相關,0.0,女,結婚,博士,相同性別,0
110,,6,新店區,未滿15歲,0,14,不相關,0.0,女,結婚,國中,不同性別,0
110,,6,新店區,未滿15歲,0,14,不相關,0.0,女,結婚,國中,相同性別,0
110,,6,新店區,未滿15歲,0,14,不相關,0.0,女,結婚,國小以下,不同性別,0
110,,6,新店區,未滿15歲,0,14,不相關,0.0,女,結婚,國小以下,相同性別,0
110,,6,新店區,未滿15歲,0,14,不相關,0.0,女,結婚,大學,不同性別,0
110,,6,新店區,未滿15歲,0,14,不相關,0.0,女,結婚,大學,相同性別,0
110,,6,新店區,未滿15歲,0,14,不相關,0.0,女,結婚,專科,不同性別,0
110,,6,新店區,未滿15歲,0,14,不相關,0.0,女,結婚,專科,相同性別,0
110,,6,新店區,未滿15歲,0,14,不相關,0.0,女,結婚,碩士,不同性別,0
110,,6,新店區,未滿15歲,0,14,不相關,0.0,女,結婚,碩士,相同性別,0
110,,6,新店區,未滿15歲,0,14,不相關,0.0,女,結婚,高中職,不同性別,0
110,,6,新店區,未滿15歲,0,14,不相關,0.0,女,結婚,高中職,相同性別,0
110,,6,新店區,未滿15歲,0,14,不相關,0.0,男,結婚,博士,不同性別,0
110,,6,新店區,未滿15歲,0,14,不相關,0.0,男,結婚,博士,相同性別,0
110,,6,新店區,未滿15歲,0,14,不相關,0.0,男,結婚,國中,不同性別,0
110,,6,新店區,未滿15歲,0,14,不相關,0.0,男,結婚,國中,相同性別,0
110,,6,新店區,未滿15歲,0,14,不相關,0.0,男,結婚,國小以下,不同性別,0
110,,6,新店區,未滿15歲,0,14,不相關,0.0,男,結婚,國小以下,相同性別,0
110,,6,新店區,未滿15歲,0,14,不相關,0.0,男,結婚,大學,不同性別,0
110,,6,新店區,未滿15歲,0,14,不相關,0.0,男,結婚,大學,相同性別,0
110,,6,新店區,未滿15歲,0,14,不相關,0.0,男,結婚,專科,不同性別,0
110,,6,新店區,未滿15歲,0,14,不相關,0.0,男,結婚,專科,相同性別,0
110,,6,新店區,未滿15歲,0,14,不相關,0.0,男,結婚,碩士,不同性別,0
110,,6,新店區,未滿15歲,0,14,不相關,0.0,男,結婚,碩士,相同性別,0
110,,6,新店區,未滿15歲,0,14,不相關,0.0,男,結婚,高中職,不同性別,0
110,,6,新店區,未滿15歲,0,14,不相關,0.0,男,結婚,高中職,相同性別,0
110,,6,新店區,15～19歲,15,19,部分重疊,0.4,女,結婚,博士,不同性別,0
110,,6,新店區,15～19歲,15,19,部分重疊,0.4,女,結婚,博士,相同性別,0
110,,6,新店區,15～19歲,15,19,部分重疊,0.4,女,結婚,國中,不同性別,3
110,,6,新店區,15～19歲,15,19,部分重疊,0.4,女,結婚,國中,相同性別,0
110,,6,新店區,15～19歲,15,19,部分重疊,0.4,女,結婚,國小以下,不同性別,1
110,,6,新店區,15～19歲,15,19,部分重疊,0.4,女,結婚,國小以下,相同性別,0
110,,6,新店區,15～19歲,15,19,部分重疊,0.4,女,結婚,大學,不同性別,0
110,,6,新店區,15～19歲,15,19,部分重疊,0.4,女,結婚,大學,相同性別,0
110,,6,新店區,15～19歲,15,19,部分重疊,0.4,女,結婚,專科,不同性別,0
110,,6,新店區,15～19歲,15,19,部分重疊,0.4,女,結婚,專科,相同性別,0
110,,6,新店區,15～19歲,15,19,部分重疊,0.4,女,結婚,碩士,不同性別,0
110,,6,新店區,15～19歲,15,19,部分重疊,0.4,女,結婚,碩士,相同性別,0
110,,6,新店區,15～19歲,15,19,部分重疊,0.4,女,結婚,高中職,不同性別,3
110,,6,新店區,15～19歲,15,19,部分重疊,0.4,女,結婚,高中職,相同性別,0
110,,6,新店區,15～19歲,15,19,部分重疊,0.4,男,結婚,博士,不同性別,0
110,,6,新店區,15～19歲,15,19,部分重疊,0.4,男,結婚,博士,相同性別,0
110,,6,新店區,15～19歲,15,19,部分重疊,0.4,男,結婚,國中,不同性別,2
110,,6,新店區,15～19歲,15,19,部分重疊,0.4,男,結婚,國中,相同性別,0
110,,6,新店區,15～19歲,15,19,部分重疊,0.4,男,結婚,國小以下,不同性別,0
110,,6,新店區,15～19歲,15,19,部分重疊,0.4,男,結婚,國小以下,相同性別,0
110,,6,新店區,15～19歲,15,19,部分重疊,0.4,男,結婚,大學,不同性別,0
110,,6,新店區,15～19歲,15,19,部分重疊,0.4,男,結婚,大學,相同性別,0
110,,6,新店區,15～19歲,15,19,部分重疊,0.4,男,結婚,專科,不同性別,0
110,,6,新店區,15～19歲,15,19,部分重疊,0.4,男,結婚,專科,相同性別,0
110,,6,新店區,15～19歲,15,19,部分重疊,0.4,男,結婚,碩士,不同性別,0
110,,6,新店區,15～19歲,15,19,部分重疊,0.4,男,結婚,碩士,相同性別,0
110,,6,新店區,15～19歲,15,19,部分重疊,0.4,男,結婚,高中職,不同性別,0
110,,6,新店區,15～19歲,15,19,部分重疊,0.4,男,結婚,高中職,相同性別,0
110,,6,新店區,20～24歲,20,24,完全落入,1.0,女,結婚,博士,不同性別,0
110,,6,新店區,20～24歲,20,24,完全落入,1.0,女,結婚,博士,相同性別,0
110,,6,新店區,20～24歲,20,24,完全落入,1.0,女,結婚,國中,不同性別,18
110,,6,新店區,20～24歲,20,24,完全落入,1.0,女,結婚,國中,相同性別,1
110,,6,新店區,20～24歲,20,24,完全落入,1.0,女,結婚,國小以下,不同性別,2
110,,6,新店區,20～24歲,20,24,完全落入,1.0,女,結婚,國小以下,相同性別,0
110,,6,新店區,20～24歲,20,24,完全落入,1.0,女,結婚,大學,不同性別,29
110,,6,新店區,20～24歲,20,24,完全落入,1.0,女,結婚,大學,相同性別,1
110,,6,新店區,20～24歲,20,24,完全落入,1.0,女,結婚,專科,不同性別,5
110,,6,新店區,20～24歲,20,24,完全落入,1.0,女,結婚,專科,相同性別,0
110,,6,新店區,20～24歲,20,24,完全落入,1.0,女,結婚,碩士,不同性別,1
110,,6,新店區,20～24歲,20,24,完全落入,1.0,女,結婚,碩士,相同性別,0
110,,6,新店區,20～24歲,20,24,完全落入,1.0,女,結婚,高中職,不同性別,65
110,,6,新店區,20～24歲,20,24,完全落入,1.0,女,結婚,高中職,相同性別,4
110,,6,新店區,20～24歲,20,24,完全落入,1.0,男,結婚,博士,不同性別,0
110,,6,新店區,20～24歲,20,24,完全落入,1.0,男,結婚,博士,相同性別,0
110,,6,新店區,20～24歲,20,24,完全落入,1.0,男,結婚,國中,不同性別,23
110,,6,新店區,20～24歲,20,24,完全落入,1.0,男,結婚,國中,相同性別,0
110,,6,新店區,20～24歲,20,24,完全落入,1.0,男,結婚,國小以下,不同性別,1
110,,6,新店區,20～24歲,20,24,完全落入,1.0,男,結婚,國小以下,相同性別,0
110,,6,新店區,20～24歲,20,24,完全落入,1.0,男,結婚,大學,不同性別,14
110,,6,新店區,20～24歲,20,24,完全落入,1.0,男,結婚,大學,相同性別,1
110,,6,新店區,20～24歲,20,24,完全落入,1.0,男,結婚,專科,不同性別,5
110,,6,新店區,20～24歲,20,24,完全落入,1.0,男,結婚,專科,相同性別,0
110,,6,新店區,20～24歲,20,24,完全落入,1.0,男,結婚,碩士,不同性別,2
110,,6,新店區,20～24歲,20,24,完全落入,1.0,男,結婚,碩士,相同性別,0
110,,6,新店區,20～24歲,20,24,完全落入,1.0,男,結婚,高中職,不同性別,27
110,,6,新店區,20～24歲,20,24,完全落入,1.0,男,結婚,高中職,相同性別,1
110,,6,新店區,25～29歲,25,29,完全落入,1.0,女,結婚,博士,不同性別,0
110,,6,新店區,25～29歲,25,29,完全落入,1.0,女,結婚,博士,相同性別,0
110,,6,新店區,25～29歲,25,29,完全落入,1.0,女,結婚,國中,不同性別,21
110,,6,新店區,25～29歲,25,29,完全落入,1.0,女,結婚,國中,相同性別,1
110,,6,新店區,25～29歲,25,29,完全落入,1.0,女,結婚,國小以下,不同性別,1
110,,6,新店區,25～29歲,25,29,完全落入,1.0,女,結婚,國小以下,相同性別,0
110,,6,新店區,25～29歲,25,29,完全落入,1.0,女,結婚,大學,不同性別,297
110,,6,新店區,25～29歲,25,29,完全落入,1.0,女,結婚,大學,相同性別,4
110,,6,新店區,25～29歲,25,29,完全落入,1.0,女,結婚,專科,不同性別,20
110,,6,新店區,25～29歲,25,29,完全落入,1.0,女,結婚,專科,相同性別,0
110,,6,新店區,25～29歲,25,29,完全落入,1.0,女,結婚,碩士,不同性別,32
110,,6,新店區,25～29歲,25,29,完全落入,1.0,女,結婚,碩士,相同性別,0
110,,6,新店區,25～29歲,25,29,完全落入,1.0,女,結婚,高中職,不同性別,91
110,,6,新店區,25～29歲,25,29,完全落入,1.0,女,結婚,高中職,相同性別,2
110,,6,新店區,25～29歲,25,29,完全落入,1.0,男,結婚,博士,不同性別,1
110,,6,新店區,25～29歲,25,29,完全落入,1.0,男,結婚,博士,相同性別,0
110,,6,新店區,25～29歲,25,29,完全落入,1.0,男,結婚,國中,不同性別,22
110,,6,新店區,25～29歲,25,29,完全落入,1.0,男,結婚,國中,相同性別,0
110,,6,新店區,25～29歲,25,29,完全落入,1.0,男,結婚,國小以下,不同性別,2
110,,6,新店區,25～29歲,25,29,完全落入,1.0,男,結婚,國小以下,相同性別,0
110,,6,新店區,25～29歲,25,29,完全落入,1.0,男,結婚,大學,不同性別,175
110,,6,新店區,25～29歲,25,29,完全落入,1.0,男,結婚,大學,相同性別,3
110,,6,新店區,25～29歲,25,29,完全落入,1.0,男,結婚,專科,不同性別,13
110,,6,新店區,25～29歲,25,29,完全落入,1.0,男,結婚,專科,相同性別,0
110,,6,新店區,25～29歲,25,29,完全落入,1.0,男,結婚,碩士,不同性別,39
110,,6,新店區,25～29歲,25,29,完全落入,1.0,男,結婚,碩士,相同性別,1
110,,6,新店區,25～29歲,25,29,完全落入,1.0,男,結婚,高中職,不同性別,88
110,,6,新店區,25～29歲,25,29,完全落入,1.0,男,結婚,高中職,相同性別,0
110,,6,新店區,30～34歲,30,34,完全落入,1.0,女,結婚,博士,不同性別,1
110,,6,新店區,30～34歲,30,34,完全落入,1.0,女,結婚,博士,相同性別,0
110,,6,新店區,30～34歲,30,34,完全落入,1.0,女,結婚,國中,不同性別,18
110,,6,新店區,30～34歲,30,34,完全落入,1.0,女,結婚,國中,相同性別,2
110,,6,新店區,30～34歲,30,34,完全落入,1.0,女,結婚,國小以下,不同性別,3
110,,6,新店區,30～34歲,30,34,完全落入,1.0,女,結婚,國小以下,相同性別,0
110,,6,新店區,30～34歲,30,34,完全落入,1.0,女,結婚,大學,不同性別,314
110,,6,新店區,30～34歲,30,34,完全落入,1.0,女,結婚,大學,相同性別,6
110,,6,新店區,30～34歲,30,34,完全落入,1.0,女,結婚,專科,不同性別,18
110,,6,新店區,30～34歲,30,34,完全落入,1.0,女,結婚,專科,相同性別,0
110,,6,新店區,30～34歲,30,34,完全落入,1.0,女,結婚,碩士,不同性別,64
110,,6,新店區,30～34歲,30,34,完全落入,1.0,女,結婚,碩士,相同性別,1
110,,6,新店區,30～34歲,30,34,完全落入,1.0,女,結婚,高中職,不同性別,51
110,,6,新店區,30～34歲,30,34,完全落入,1.0,女,結婚,高中職,相同性別,0
110,,6,新店區,30～34歲,30,34,完全落入,1.0,男,結婚,博士,不同性別,4
110,,6,新店區,30～34歲,30,34,完全落入,1.0,男,結婚,博士,相同性別,0
110,,6,新店區,30～34歲,30,34,完全落入,1.0,男,結婚,國中,不同性別,23
110,,6,新店區,30～34歲,30,34,完全落入,1.0,男,結婚,國中,相同性別,0
110,,6,新店區,30～34歲,30,34,完全落入,1.0,男,結婚,國小以下,不同性別,0
110,,6,新店區,30～34歲,30,34,完全落入,1.0,男,結婚,國小以下,相同性別,0
110,,6,新店區,30～34歲,30,34,完全落入,1.0,男,結婚,大學,不同性別,251
110,,6,新店區,30～34歲,30,34,完全落入,1.0,男,結婚,大學,相同性別,2
110,,6,新店區,30～34歲,30,34,完全落入,1.0,男,結婚,專科,不同性別,13
110,,6,新店區,30～34歲,30,34,完全落入,1.0,男,結婚,專科,相同性別,1
110,,6,新店區,30～34歲,30,34,完全落入,1.0,男,結婚,碩士,不同性別,113
110,,6,新店區,30～34歲,30,34,完全落入,1.0,男,結婚,碩士,相同性別,0
110,,6,新店區,30～34歲,30,34,完全落入,1.0,男,結婚,高中職,不同性別,72
110,,6,新店區,30～34歲,30,34,完全落入,1.0,男,結婚,高中職,相同性別,2
110,,6,新店區,35～39歲,35,39,部分重疊,0.2,女,結婚,博士,不同性別,1
110,,6,新店區,35～39歲,35,39,部分重疊,0.2,女,結婚,博士,相同性別,0
110,,6,新店區,35～39歲,35,39,部分重疊,0.2,女,結婚,國中,不同性別,12
110,,6,新店區,35～39歲,35,39,部分重疊,0.2,女,結婚,國中,相同性別,0
110,,6,新店區,35～39歲,35,39,部分重疊,0.2,女,結婚,國小以下,不同性別,1
110,,6,新店區,35～39歲,35,39,部分重疊,0.2,女,結婚,國小以下,相同性別,0
110,,6,新店區,35～39歲,35,39,部分重疊,0.2,女,結婚,大學,不同性別,115
110,,6,新店區,35～39歲,35,39,部分重疊,0.2,女,結婚,大學,相同性別,5
110,,6,新店區,35～39歲,35,39,部分重疊,0.2,女,結婚,專科,不同性別,20
110,,6,新店區,35～39歲,35,39,部分重疊,0.2,女,結婚,專科,相同性別,1
110,,6,新店區,35～39歲,35,39,部分重疊,0.2,女,結婚,碩士,不同性別,23
110,,6,新店區,35～39歲,35,39,部分重疊,0.2,女,結婚,碩士,相同性別,3
110,,6,新店區,35～39歲,35,39,部分重疊,0.2,女,結婚,高中職,不同性別,22
110,,6,新店區,35～39歲,35,39,部分重疊,0.2,女,結婚,高中職,相同性別,0
110,,6,新店區,35～39歲,35,39,部分重疊,0.2,男,結婚,博士,不同性別,4
110,,6,新店區,35～39歲,35,39,部分重疊,0.2,男,結婚,博士,相同性別,0
110,,6,新店區,35～39歲,35,39,部分重疊,0.2,男,結婚,國中,不同性別,16
110,,6,新店區,35～39歲,35,39,部分重疊,0.2,男,結婚,國中,相同性別,2
110,,6,新店區,35～39歲,35,39,部分重疊,0.2,男,結婚,國小以下,不同性別,2
110,,6,新店區,35～39歲,35,39,部分重疊,0.2,男,結婚,國小以下,相同性別,0
110,,6,新店區,35～39歲,35,39,部分重疊,0.2,男,結婚,大學,不同性別,126
110,,6,新店區,35～39歲,35,39,部分重疊,0.2,男,結婚,大學,相同性別,4
110,,6,新店區,35～39歲,35,39,部分重疊,0.2,男,結婚,專科,不同性別,25
110,,6,新店區,35～39歲,35,39,部分重疊,0.2,男,結婚,專科,相同性別,1
110,,6,新店區,35～39歲,35,39,部分重疊,0.2,男,結婚,碩士,不同性別,54
110,,6,新店區,35～39歲,35,39,部分重疊,0.2,男,結婚,碩士,相同性別,1
110,,6,新店區,35～39歲,35,39,部分重疊,0.2,男,結婚,高中職,不同性別,37
110,,6,新店區,35～39歲,35,39,部分重疊,0.2,男,結婚,高中職,相同性別,1
110,,6,新店區,40～44歲,40,44,不相關,0.0,女,結婚,博士,不同性別,0
110,,6,新店區,40～44歲,40,44,不相關,0.0,女,結婚,博士,相同性別,0
110,,6,新店區,40～44歲,40,44,不相關,0.0,女,結婚,國中,不同性別,9
110,,6,新店區,40～44歲,40,44,不相關,0.0,女,結婚,國中,相同性別,0
110,,6,新店區,40～44歲,40,44,不相關,0.0,女,結婚,國小以下,不同性別,1
110,,6,新店區,40～44歲,40,44,不相關,0.0,女,結婚,國小以下,相同性別,0
110,,6,新店區,40～44歲,40,44,不相關,0.0,女,結婚,大學,不同性別,24
110,,6,新店區,40～44歲,40,44,不相關,0.0,女,結婚,大學,相同性別,5
110,,6,新店區,40～44歲,40,44,不相關,0.0,女,結婚,專科,不同性別,13
110,,6,新店區,40～44歲,40,44,不相關,0.0,女,結婚,專科,相同性別,0
110,,6,新店區,40～44歲,40,44,不相關,0.0,女,結婚,碩士,不同性別,18
110,,6,新店區,40～44歲,40,44,不相關,0.0,女,結婚,碩士,相同性別,1
110,,6,新店區,40～44歲,40,44,不相關,0.0,女,結婚,高中職,不同性別,23
110,,6,新店區,40～44歲,40,44,不相關,0.0,女,結婚,高中職,相同性別,1
110,,6,新店區,40～44歲,40,44,不相關,0.0,男,結婚,博士,不同性別,5
110,,6,新店區,40～44歲,40,44,不相關,0.0,男,結婚,博士,相同性別,0
110,,6,新店區,40～44歲,40,44,不相關,0.0,男,結婚,國中,不同性別,7
110,,6,新店區,40～44歲,40,44,不相關,0.0,男,結婚,國中,相同性別,1
110,,6,新店區,40～44歲,40,44,不相關,0.0,男,結婚,國小以下,不同性別,1
110,,6,新店區,40～44歲,40,44,不相關,0.0,男,結婚,國小以下,相同性別,0
110,,6,新店區,40～44歲,40,44,不相關,0.0,男,結婚,大學,不同性別,39
110,,6,新店區,40～44歲,40,44,不相關,0.0,男,結婚,大學,相同性別,0
110,,6,新店區,40～44歲,40,44,不相關,0.0,男,結婚,專科,不同性別,11
110,,6,新店區,40～44歲,40,44,不相關,0.0,男,結婚,專科,相同性別,0
110,,6,新店區,40～44歲,40,44,不相關,0.0,男,結婚,碩士,不同性別,16
110,,6,新店區,40～44歲,40,44,不相關,0.0,男,結婚,碩士,相同性別,0
110,,6,新店區,40～44歲,40,44,不相關,0.0,男,結婚,高中職,不同性別,39
110,,6,新店區,40～44歲,40,44,不相關,0.0,男,結婚,高中職,相同性別,0
110,,6,新店區,45～49歲,45,49,不相關,0.0,女,結婚,博士,不同性別,0
110,,6,新店區,45～49歲,45,49,不相關,0.0,女,結婚,博士,相同性別,0
110,,6,新店區,45～49歲,45,49,不相關,0.0,女,結婚,國中,不同性別,5
110,,6,新店區,45～49歲,45,49,不相關,0.0,女,結婚,國中,相同性別,0
110,,6,新店區,45～49歲,45,49,不相關,0.0,女,結婚,國小以下,不同性別,0
110,,6,新店區,45～49歲,45,49,不相關,0.0,女,結婚,國小以下,相同性別,0
110,,6,新店區,45～49歲,45,49,不相關,0.0,女,結婚,大學,不同性別,13
110,,6,新店區,45～49歲,45,49,不相關,0.0,女,結婚,大學,相同性別,1
110,,6,新店區,45～49歲,45,49,不相關,0.0,女,結婚,專科,不同性別,11
110,,6,新店區,45～49歲,45,49,不相關,0.0,女,結婚,專科,相同性別,1
110,,6,新店區,45～49歲,45,49,不相關,0.0,女,結婚,碩士,不同性別,4
110,,6,新店區,45～49歲,45,49,不相關,0.0,女,結婚,碩士,相同性別,2
110,,6,新店區,45～49歲,45,49,不相關,0.0,女,結婚,高中職,不同性別,20
110,,6,新店區,45～49歲,45,49,不相關,0.0,女,結婚,高中職,相同性別,2
110,,6,新店區,45～49歲,45,49,不相關,0.0,男,結婚,博士,不同性別,1
110,,6,新店區,45～49歲,45,49,不相關,0.0,男,結婚,博士,相同性別,0
110,,6,新店區,45～49歲,45,49,不相關,0.0,男,結婚,國中,不同性別,9
110,,6,新店區,45～49歲,45,49,不相關,0.0,男,結婚,國中,相同性別,0
110,,6,新店區,45～49歲,45,49,不相關,0.0,男,結婚,國小以下,不同性別,1
110,,6,新店區,45～49歲,45,49,不相關,0.0,男,結婚,國小以下,相同性別,0
110,,6,新店區,45～49歲,45,49,不相關,0.0,男,結婚,大學,不同性別,16
110,,6,新店區,45～49歲,45,49,不相關,0.0,男,結婚,大學,相同性別,1
110,,6,新店區,45～49歲,45,49,不相關,0.0,男,結婚,專科,不同性別,13
110,,6,新店區,45～49歲,45,49,不相關,0.0,男,結婚,專科,相同性別,0
110,,6,新店區,45～49歲,45,49,不相關,0.0,男,結婚,碩士,不同性別,5
110,,6,新店區,45～49歲,45,49,不相關,0.0,男,結婚,碩士,相同性別,1
110,,6,新店區,45～49歲,45,49,不相關,0.0,男,結婚,高中職,不同性別,20
110,,6,新店區,45～49歲,45,49,不相關,0.0,男,結婚,高中職,相同性別,0
110,,6,新店區,50～54歲,50,54,不相關,0.0,女,結婚,博士,不同性別,1
110,,6,新店區,50～54歲,50,54,不相關,0.0,女,結婚,博士,相同性別,0
110,,6,新店區,50～54歲,50,54,不相關,0.0,女,結婚,國中,不同性別,3
110,,6,新店區,50～54歲,50,54,不相關,0.0,女,結婚,國中,相同性別,1
110,,6,新店區,50～54歲,50,54,不相關,0.0,女,結婚,國小以下,不同性別,1
110,,6,新店區,50～54歲,50,54,不相關,0.0,女,結婚,國小以下,相同性別,0
110,,6,新店區,50～54歲,50,54,不相關,0.0,女,結婚,大學,不同性別,8
110,,6,新店區,50～54歲,50,54,不相關,0.0,女,結婚,大學,相同性別,0
110,,6,新店區,50～54歲,50,54,不相關,0.0,女,結婚,專科,不同性別,5
110,,6,新店區,50～54歲,50,54,不相關,0.0,女,結婚,專科,相同性別,0
110,,6,新店區,50～54歲,50,54,不相關,0.0,女,結婚,碩士,不同性別,4
110,,6,新店區,50～54歲,50,54,不相關,0.0,女,結婚,碩士,相同性別,0
110,,6,新店區,50～54歲,50,54,不相關,0.0,女,結婚,高中職,不同性別,13
110,,6,新店區,50～54歲,50,54,不相關,0.0,女,結婚,高中職,相同性別,1
110,,6,新店區,50～54歲,50,54,不相關,0.0,男,結婚,博士,不同性別,0
110,,6,新店區,50～54歲,50,54,不相關,0.0,男,結婚,博士,相同性別,0
110,,6,新店區,50～54歲,50,54,不相關,0.0,男,結婚,國中,不同性別,5
110,,6,新店區,50～54歲,50,54,不相關,0.0,男,結婚,國中,相同性別,0
110,,6,新店區,50～54歲,50,54,不相關,0.0,男,結婚,國小以下,不同性別,3
110,,6,新店區,50～54歲,50,54,不相關,0.0,男,結婚,國小以下,相同性別,0
110,,6,新店區,50～54歲,50,54,不相關,0.0,男,結婚,大學,不同性別,6
110,,6,新店區,50～54歲,50,54,不相關,0.0,男,結婚,大學,相同性別,0
110,,6,新店區,50～54歲,50,54,不相關,0.0,男,結婚,專科,不同性別,17
110,,6,新店區,50～54歲,50,54,不相關,0.0,男,結婚,專科,相同性別,0
110,,6,新店區,50～54歲,50,54,不相關,0.0,男,結婚,碩士,不同性別,6
110,,6,新店區,50～54歲,50,54,不相關,0.0,男,結婚,碩士,相同性別,2
110,,6,新店區,50～54歲,50,54,不相關,0.0,男,結婚,高中職,不同性別,14
110,,6,新店區,50～54歲,50,54,不相關,0.0,男,結婚,高中職,相同性別,2
110,,6,新店區,55～59歲,55,59,不相關,0.0,女,結婚,博士,不同性別,1
110,,6,新店區,55～59歲,55,59,不相關,0.0,女,結婚,博士,相同性別,0
110,,6,新店區,55～59歲,55,59,不相關,0.0,女,結婚,國中,不同性別,3
110,,6,新店區,55～59歲,55,59,不相關,0.0,女,結婚,國中,相同性別,0
110,,6,新店區,55～59歲,55,59,不相關,0.0,女,結婚,國小以下,不同性別,1
110,,6,新店區,55～59歲,55,59,不相關,0.0,女,結婚,國小以下,相同性別,0
110,,6,新店區,55～59歲,55,59,不相關,0.0,女,結婚,大學,不同性別,6
110,,6,新店區,55～59歲,55,59,不相關,0.0,女,結婚,大學,相同性別,0
110,,6,新店區,55～59歲,55,59,不相關,0.0,女,結婚,專科,不同性別,3
110,,6,新店區,55～59歲,55,59,不相關,0.0,女,結婚,專科,相同性別,0
110,,6,新店區,55～59歲,55,59,不相關,0.0,女,結婚,碩士,不同性別,2
110,,6,新店區,55～59歲,55,59,不相關,0.0,女,結婚,碩士,相同性別,0
110,,6,新店區,55～59歲,55,59,不相關,0.0,女,結婚,高中職,不同性別,10
110,,6,新店區,55～59歲,55,59,不相關,0.0,女,結婚,高中職,相同性別,1
110,,6,新店區,55～59歲,55,59,不相關,0.0,男,結婚,博士,不同性別,1
110,,6,新店區,55～59歲,55,59,不相關,0.0,男,結婚,博士,相同性別,0
110,,6,新店區,55～59歲,55,59,不相關,0.0,男,結婚,國中,不同性別,2
110,,6,新店區,55～59歲,55,59,不相關,0.0,男,結婚,國中,相同性別,0
110,,6,新店區,55～59歲,55,59,不相關,0.0,男,結婚,國小以下,不同性別,2
110,,6,新店區,55～59歲,55,59,不相關,0.0,男,結婚,國小以下,相同性別,0
110,,6,新店區,55～59歲,55,59,不相關,0.0,男,結婚,大學,不同性別,7
110,,6,新店區,55～59歲,55,59,不相關,0.0,男,結婚,大學,相同性別,0
110,,6,新店區,55～59歲,55,59,不相關,0.0,男,結婚,專科,不同性別,6
110,,6,新店區,55～59歲,55,59,不相關,0.0,男,結婚,專科,相同性別,1
110,,6,新店區,55～59歲,55,59,不相關,0.0,男,結婚,碩士,不同性別,5
110,,6,新店區,55～59歲,55,59,不相關,0.0,男,結婚,碩士,相同性別,0
110,,6,新店區,55～59歲,55,59,不相關,0.0,男,結婚,高中職,不同性別,13
110,,6,新店區,55～59歲,55,59,不相關,0.0,男,結婚,高中職,相同性別,2
110,,6,新店區,60～64歲,60,64,不相關,0.0,女,結婚,博士,不同性別,0
110,,6,新店區,60～64歲,60,64,不相關,0.0,女,結婚,博士,相同性別,0
110,,6,新店區,60～64歲,60,64,不相關,0.0,女,結婚,國中,不同性別,5
110,,6,新店區,60～64歲,60,64,不相關,0.0,女,結婚,國中,相同性別,0
110,,6,新店區,60～64歲,60,64,不相關,0.0,女,結婚,國小以下,不同性別,0
110,,6,新店區,60～64歲,60,64,不相關,0.0,女,結婚,國小以下,相同性別,0
110,,6,新店區,60～64歲,60,64,不相關,0.0,女,結婚,大學,不同性別,0
110,,6,新店區,60～64歲,60,64,不相關,0.0,女,結婚,大學,相同性別,0
110,,6,新店區,60～64歲,60,64,不相關,0.0,女,結婚,專科,不同性別,1
110,,6,新店區,60～64歲,60,64,不相關,0.0,女,結婚,專科,相同性別,1
110,,6,新店區,60～64歲,60,64,不相關,0.0,女,結婚,碩士,不同性別,1
110,,6,新店區,60～64歲,60,64,不相關,0.0,女,結婚,碩士,相同性別,0
110,,6,新店區,60～64歲,60,64,不相關,0.0,女,結婚,高中職,不同性別,8
110,,6,新店區,60～64歲,60,64,不相關,0.0,女,結婚,高中職,相同性別,0
110,,6,新店區,60～64歲,60,64,不相關,0.0,男,結婚,博士,不同性別,2
110,,6,新店區,60～64歲,60,64,不相關,0.0,男,結婚,博士,相同性別,0
110,,6,新店區,60～64歲,60,64,不相關,0.0,男,結婚,國中,不同性別,5
110,,6,新店區,60～64歲,60,64,不相關,0.0,男,結婚,國中,相同性別,0
110,,6,新店區,60～64歲,60,64,不相關,0.0,男,結婚,國小以下,不同性別,0
110,,6,新店區,60～64歲,60,64,不相關,0.0,男,結婚,國小以下,相同性別,0
110,,6,新店區,60～64歲,60,64,不相關,0.0,男,結婚,大學,不同性別,4
110,,6,新店區,60～64歲,60,64,不相關,0.0,男,結婚,大學,相同性別,0
110,,6,新店區,60～64歲,60,64,不相關,0.0,男,結婚,專科,不同性別,5
110,,6,新店區,60～64歲,60,64,不相關,0.0,男,結婚,專科,相同性別,0
110,,6,新店區,60～64歲,60,64,不相關,0.0,男,結婚,碩士,不同性別,3
110,,6,新店區,60～64歲,60,64,不相關,0.0,男,結婚,碩士,相同性別,0
110,,6,新店區,60～64歲,60,64,不相關,0.0,男,結婚,高中職,不同性別,8
110,,6,新店區,60～64歲,60,64,不相關,0.0,男,結婚,高中職,相同性別,0
110,,6,新店區,65歲以上,65,120,不相關,0.0,女,結婚,博士,不同性別,0
110,,6,新店區,65歲以上,65,120,不相關,0.0,女,結婚,博士,相同性別,0
110,,6,新店區,65歲以上,65,120,不相關,0.0,女,結婚,國中,不同性別,4
110,,6,新店區,65歲以上,65,120,不相關,0.0,女,結婚,國中,相同性別,0
110,,6,新店區,65歲以上,65,120,不相關,0.0,女,結婚,國小以下,不同性別,4
110,,6,新店區,65歲以上,65,120,不相關,0.0,女,結婚,國小以下,相同性別,0
110,,6,新店區,65歲以上,65,120,不相關,0.0,女,結婚,大學,不同性別,0
110,,6,新店區,65歲以上,65,120,不相關,0.0,女,結婚,大學,相同性別,0
110,,6,新店區,65歲以上,65,120,不相關,0.0,女,結婚,專科,不同性別,3
110,,6,新店區,65歲以上,65,120,不相關,0.0,女,結婚,專科,相同性別,0
110,,6,新店區,65歲以上,65,120,不相關,0.0,女,結婚,碩士,不同性別,0
110,,6,新店區,65歲以上,65,120,不相關,0.0,女,結婚,碩士,相同性別,0
110,,6,新店區,65歲以上,65,120,不相關,0.0,女,結婚,高中職,不同性別,5
110,,6,新店區,65歲以上,65,120,不相關,0.0,女,結婚,高中職,相同性別,0
110,,6,新店區,65歲以上,65,120,不相關,0.0,男,結婚,博士,不同性別,1
110,,6,新店區,65歲以上,65,120,不相關,0.0,男,結婚,博士,相同性別,0
110,,6,新店區,65歲以上,65,120,不相關,0.0,男,結婚,國中,不同性別,5
110,,6,新店區,65歲以上,65,120,不相關,0.0,男,結婚,國中,相同性別,0
110,,6,新店區,65歲以上,65,120,不相關,0.0,男,結婚,國小以下,不同性別,4
110,,6,新店區,65歲以上,65,120,不相關,0.0,男,結婚,國小以下,相同性別,0
110,,6,新店區,65歲以上,65,120,不相關,0.0,男,結婚,大學,不同性別,6
110,,6,新店區,65歲以上,65,120,不相關,0.0,男,結婚,大學,相同性別,0
110,,6,新店區,65歲以上,65,120,不相關,0.0,男,結婚,專科,不同性別,6
110,,6,新店區,65歲以上,65,120,不相關,0.0,男,結婚,專科,相同性別,0
110,,6,新店區,65歲以上,65,120,不相關,0.0,男,結婚,碩士,不同性別,2
110,,6,新店區,65歲以上,65,120,不相關,0.0,男,結婚,碩士,相同性別,0
110,,6,新店區,65歲以上,65,120,不相關,0.0,男,結婚,高中職,不同性別,10
110,,6,新店區,65歲以上,65,120,不相關,0.0,男,結婚,高中職,相同性別,0
110,,7,土城區,未滿15歲,0,14,不相關,0.0,女,結婚,博士,不同性別,0
110,,7,土城區,未滿15歲,0,14,不相關,0.0,女,結婚,博士,相同性別,0
110,,7,土城區,未滿15歲,0,14,不相關,0.0,女,結婚,國中,不同性別,0
110,,7,土城區,未滿15歲,0,14,不相關,0.0,女,結婚,國中,相同性別,0
110,,7,土城區,未滿15歲,0,14,不相關,0.0,女,結婚,國小以下,不同性別,0
110,,7,土城區,未滿15歲,0,14,不相關,0.0,女,結婚,國小以下,相同性別,0
110,,7,土城區,未滿15歲,0,14,不相關,0.0,女,結婚,大學,不同性別,0
110,,7,土城區,未滿15歲,0,14,不相關,0.0,女,結婚,大學,相同性別,0
110,,7,土城區,未滿15歲,0,14,不相關,0.0,女,結婚,專科,不同性別,0
110,,7,土城區,未滿15歲,0,14,不相關,0.0,女,結婚,專科,相同性別,0
110,,7,土城區,未滿15歲,0,14,不相關,0.0,女,結婚,碩士,不同性別,0
110,,7,土城區,未滿15歲,0,14,不相關,0.0,女,結婚,碩士,相同性別,0
110,,7,土城區,未滿15歲,0,14,不相關,0.0,女,結婚,高中職,不同性別,0
110,,7,土城區,未滿15歲,0,14,不相關,0.0,女,結婚,高中職,相同性別,0
110,,7,土城區,未滿15歲,0,14,不相關,0.0,男,結婚,博士,不同性別,0
110,,7,土城區,未滿15歲,0,14,不相關,0.0,男,結婚,博士,相同性別,0
110,,7,土城區,未滿15歲,0,14,不相關,0.0,男,結婚,國中,不同性別,0
110,,7,土城區,未滿15歲,0,14,不相關,0.0,男,結婚,國中,相同性別,0
110,,7,土城區,未滿15歲,0,14,不相關,0.0,男,結婚,國小以下,不同性別,0
110,,7,土城區,未滿15歲,0,14,不相關,0.0,男,結婚,國小以下,相同性別,0
110,,7,土城區,未滿15歲,0,14,不相關,0.0,男,結婚,大學,不同性別,0
110,,7,土城區,未滿15歲,0,14,不相關,0.0,男,結婚,大學,相同性別,0
110,,7,土城區,未滿15歲,0,14,不相關,0.0,男,結婚,專科,不同性別,0
110,,7,土城區,未滿15歲,0,14,不相關,0.0,男,結婚,專科,相同性別,0
110,,7,土城區,未滿15歲,0,14,不相關,0.0,男,結婚,碩士,不同性別,0
110,,7,土城區,未滿15歲,0,14,不相關,0.0,男,結婚,碩士,相同性別,0
110,,7,土城區,未滿15歲,0,14,不相關,0.0,男,結婚,高中職,不同性別,0
110,,7,土城區,未滿15歲,0,14,不相關,0.0,男,結婚,高中職,相同性別,0
110,,7,土城區,15～19歲,15,19,部分重疊,0.4,女,結婚,博士,不同性別,0
110,,7,土城區,15～19歲,15,19,部分重疊,0.4,女,結婚,博士,相同性別,0
110,,7,土城區,15～19歲,15,19,部分重疊,0.4,女,結婚,國中,不同性別,8
110,,7,土城區,15～19歲,15,19,部分重疊,0.4,女,結婚,國中,相同性別,1
110,,7,土城區,15～19歲,15,19,部分重疊,0.4,女,結婚,國小以下,不同性別,1
110,,7,土城區,15～19歲,15,19,部分重疊,0.4,女,結婚,國小以下,相同性別,0
110,,7,土城區,15～19歲,15,19,部分重疊,0.4,女,結婚,大學,不同性別,0
110,,7,土城區,15～19歲,15,19,部分重疊,0.4,女,結婚,大學,相同性別,0
110,,7,土城區,15～19歲,15,19,部分重疊,0.4,女,結婚,專科,不同性別,0
110,,7,土城區,15～19歲,15,19,部分重疊,0.4,女,結婚,專科,相同性別,0
110,,7,土城區,15～19歲,15,19,部分重疊,0.4,女,結婚,碩士,不同性別,0
110,,7,土城區,15～19歲,15,19,部分重疊,0.4,女,結婚,碩士,相同性別,0
110,,7,土城區,15～19歲,15,19,部分重疊,0.4,女,結婚,高中職,不同性別,3
110,,7,土城區,15～19歲,15,19,部分重疊,0.4,女,結婚,高中職,相同性別,0
110,,7,土城區,15～19歲,15,19,部分重疊,0.4,男,結婚,博士,不同性別,0
110,,7,土城區,15～19歲,15,19,部分重疊,0.4,男,結婚,博士,相同性別,0
110,,7,土城區,15～19歲,15,19,部分重疊,0.4,男,結婚,國中,不同性別,8
110,,7,土城區,15～19歲,15,19,部分重疊,0.4,男,結婚,國中,相同性別,1
110,,7,土城區,15～19歲,15,19,部分重疊,0.4,男,結婚,國小以下,不同性別,0
110,,7,土城區,15～19歲,15,19,部分重疊,0.4,男,結婚,國小以下,相同性別,0
110,,7,土城區,15～19歲,15,19,部分重疊,0.4,男,結婚,大學,不同性別,0
110,,7,土城區,15～19歲,15,19,部分重疊,0.4,男,結婚,大學,相同性別,0
110,,7,土城區,15～19歲,15,19,部分重疊,0.4,男,結婚,專科,不同性別,0
110,,7,土城區,15～19歲,15,19,部分重疊,0.4,男,結婚,專科,相同性別,0
110,,7,土城區,15～19歲,15,19,部分重疊,0.4,男,結婚,碩士,不同性別,0
110,,7,土城區,15～19歲,15,19,部分重疊,0.4,男,結婚,碩士,相同性別,0
110,,7,土城區,15～19歲,15,19,部分重疊,0.4,男,結婚,高中職,不同性別,0
110,,7,土城區,15～19歲,15,19,部分重疊,0.4,男,結婚,高中職,相同性別,0
110,,7,土城區,20～24歲,20,24,完全落入,1.0,女,結婚,博士,不同性別,0
110,,7,土城區,20～24歲,20,24,完全落入,1.0,女,結婚,博士,相同性別,0
110,,7,土城區,20～24歲,20,24,完全落入,1.0,女,結婚,國中,不同性別,28
110,,7,土城區,20～24歲,20,24,完全落入,1.0,女,結婚,國中,相同性別,5
110,,7,土城區,20～24歲,20,24,完全落入,1.0,女,結婚,國小以下,不同性別,2
110,,7,土城區,20～24歲,20,24,完全落入,1.0,女,結婚,國小以下,相同性別,0
110,,7,土城區,20～24歲,20,24,完全落入,1.0,女,結婚,大學,不同性別,18
110,,7,土城區,20～24歲,20,24,完全落入,1.0,女,結婚,大學,相同性別,2
110,,7,土城區,20～24歲,20,24,完全落入,1.0,女,結婚,專科,不同性別,12
110,,7,土城區,20～24歲,20,24,完全落入,1.0,女,結婚,專科,相同性別,2
110,,7,土城區,20～24歲,20,24,完全落入,1.0,女,結婚,碩士,不同性別,1
110,,7,土城區,20～24歲,20,24,完全落入,1.0,女,結婚,碩士,相同性別,0
110,,7,土城區,20～24歲,20,24,完全落入,1.0,女,結婚,高中職,不同性別,51
110,,7,土城區,20～24歲,20,24,完全落入,1.0,女,結婚,高中職,相同性別,1
110,,7,土城區,20～24歲,20,24,完全落入,1.0,男,結婚,博士,不同性別,0
110,,7,土城區,20～24歲,20,24,完全落入,1.0,男,結婚,博士,相同性別,0
110,,7,土城區,20～24歲,20,24,完全落入,1.0,男,結婚,國中,不同性別,19
110,,7,土城區,20～24歲,20,24,完全落入,1.0,男,結婚,國中,相同性別,0
110,,7,土城區,20～24歲,20,24,完全落入,1.0,男,結婚,國小以下,不同性別,0
110,,7,土城區,20～24歲,20,24,完全落入,1.0,男,結婚,國小以下,相同性別,0
110,,7,土城區,20～24歲,20,24,完全落入,1.0,男,結婚,大學,不同性別,13
110,,7,土城區,20～24歲,20,24,完全落入,1.0,男,結婚,大學,相同性別,0
110,,7,土城區,20～24歲,20,24,完全落入,1.0,男,結婚,專科,不同性別,2
110,,7,土城區,20～24歲,20,24,完全落入,1.0,男,結婚,專科,相同性別,0
110,,7,土城區,20～24歲,20,24,完全落入,1.0,男,結婚,碩士,不同性別,1
110,,7,土城區,20～24歲,20,24,完全落入,1.0,男,結婚,碩士,相同性別,0
110,,7,土城區,20～24歲,20,24,完全落入,1.0,男,結婚,高中職,不同性別,34
110,,7,土城區,20～24歲,20,24,完全落入,1.0,男,結婚,高中職,相同性別,1
110,,7,土城區,25～29歲,25,29,完全落入,1.0,女,結婚,博士,不同性別,0
110,,7,土城區,25～29歲,25,29,完全落入,1.0,女,結婚,博士,相同性別,0
110,,7,土城區,25～29歲,25,29,完全落入,1.0,女,結婚,國中,不同性別,19
110,,7,土城區,25～29歲,25,29,完全落入,1.0,女,結婚,國中,相同性別,0
110,,7,土城區,25～29歲,25,29,完全落入,1.0,女,結婚,國小以下,不同性別,0
110,,7,土城區,25～29歲,25,29,完全落入,1.0,女,結婚,國小以下,相同性別,0
110,,7,土城區,25～29歲,25,29,完全落入,1.0,女,結婚,大學,不同性別,197
110,,7,土城區,25～29歲,25,29,完全落入,1.0,女,結婚,大學,相同性別,2
110,,7,土城區,25～29歲,25,29,完全落入,1.0,女,結婚,專科,不同性別,31
110,,7,土城區,25～29歲,25,29,完全落入,1.0,女,結婚,專科,相同性別,0
110,,7,土城區,25～29歲,25,29,完全落入,1.0,女,結婚,碩士,不同性別,27
110,,7,土城區,25～29歲,25,29,完全落入,1.0,女,結婚,碩士,相同性別,0
110,,7,土城區,25～29歲,25,29,完全落入,1.0,女,結婚,高中職,不同性別,77
110,,7,土城區,25～29歲,25,29,完全落入,1.0,女,結婚,高中職,相同性別,4
110,,7,土城區,25～29歲,25,29,完全落入,1.0,男,結婚,博士,不同性別,0
110,,7,土城區,25～29歲,25,29,完全落入,1.0,男,結婚,博士,相同性別,0
110,,7,土城區,25～29歲,25,29,完全落入,1.0,男,結婚,國中,不同性別,26
110,,7,土城區,25～29歲,25,29,完全落入,1.0,男,結婚,國中,相同性別,1
110,,7,土城區,25～29歲,25,29,完全落入,1.0,男,結婚,國小以下,不同性別,0
110,,7,土城區,25～29歲,25,29,完全落入,1.0,男,結婚,國小以下,相同性別,0
110,,7,土城區,25～29歲,25,29,完全落入,1.0,男,結婚,大學,不同性別,132
110,,7,土城區,25～29歲,25,29,完全落入,1.0,男,結婚,大學,相同性別,0
110,,7,土城區,25～29歲,25,29,完全落入,1.0,男,結婚,專科,不同性別,11
110,,7,土城區,25～29歲,25,29,完全落入,1.0,男,結婚,專科,相同性別,0
110,,7,土城區,25～29歲,25,29,完全落入,1.0,男,結婚,碩士,不同性別,25
110,,7,土城區,25～29歲,25,29,完全落入,1.0,男,結婚,碩士,相同性別,0
110,,7,土城區,25～29歲,25,29,完全落入,1.0,男,結婚,高中職,不同性別,78
110,,7,土城區,25～29歲,25,29,完全落入,1.0,男,結婚,高中職,相同性別,0
110,,7,土城區,30～34歲,30,34,完全落入,1.0,女,結婚,博士,不同性別,2
110,,7,土城區,30～34歲,30,34,完全落入,1.0,女,結婚,博士,相同性別,0
110,,7,土城區,30～34歲,30,34,完全落入,1.0,女,結婚,國中,不同性別,15
110,,7,土城區,30～34歲,30,34,完全落入,1.0,女,結婚,國中,相同性別,1
110,,7,土城區,30～34歲,30,34,完全落入,1.0,女,結婚,國小以下,不同性別,2
110,,7,土城區,30～34歲,30,34,完全落入,1.0,女,結婚,國小以下,相同性別,0
110,,7,土城區,30～34歲,30,34,完全落入,1.0,女,結婚,大學,不同性別,229
110,,7,土城區,30～34歲,30,34,完全落入,1.0,女,結婚,大學,相同性別,1
110,,7,土城區,30～34歲,30,34,完全落入,1.0,女,結婚,專科,不同性別,14
110,,7,土城區,30～34歲,30,34,完全落入,1.0,女,結婚,專科,相同性別,1
110,,7,土城區,30～34歲,30,34,完全落入,1.0,女,結婚,碩士,不同性別,54
110,,7,土城區,30～34歲,30,34,完全落入,1.0,女,結婚,碩士,相同性別,0
110,,7,土城區,30～34歲,30,34,完全落入,1.0,女,結婚,高中職,不同性別,54
110,,7,土城區,30～34歲,30,34,完全落入,1.0,女,結婚,高中職,相同性別,2
110,,7,土城區,30～34歲,30,34,完全落入,1.0,男,結婚,博士,不同性別,3
110,,7,土城區,30～34歲,30,34,完全落入,1.0,男,結婚,博士,相同性別,0
110,,7,土城區,30～34歲,30,34,完全落入,1.0,男,結婚,國中,不同性別,20
110,,7,土城區,30～34歲,30,34,完全落入,1.0,男,結婚,國中,相同性別,0
110,,7,土城區,30～34歲,30,34,完全落入,1.0,男,結婚,國小以下,不同性別,2
110,,7,土城區,30～34歲,30,34,完全落入,1.0,男,結婚,國小以下,相同性別,0
110,,7,土城區,30～34歲,30,34,完全落入,1.0,男,結婚,大學,不同性別,179
110,,7,土城區,30～34歲,30,34,完全落入,1.0,男,結婚,大學,相同性別,0
110,,7,土城區,30～34歲,30,34,完全落入,1.0,男,結婚,專科,不同性別,18
110,,7,土城區,30～34歲,30,34,完全落入,1.0,男,結婚,專科,相同性別,1
110,,7,土城區,30～34歲,30,34,完全落入,1.0,男,結婚,碩士,不同性別,73
110,,7,土城區,30～34歲,30,34,完全落入,1.0,男,結婚,碩士,相同性別,0
110,,7,土城區,30～34歲,30,34,完全落入,1.0,男,結婚,高中職,不同性別,80
110,,7,土城區,30～34歲,30,34,完全落入,1.0,男,結婚,高中職,相同性別,0
110,,7,土城區,35～39歲,35,39,部分重疊,0.2,女,結婚,博士,不同性別,1
110,,7,土城區,35～39歲,35,39,部分重疊,0.2,女,結婚,博士,相同性別,0
110,,7,土城區,35～39歲,35,39,部分重疊,0.2,女,結婚,國中,不同性別,16
110,,7,土城區,35～39歲,35,39,部分重疊,0.2,女,結婚,國中,相同性別,0
110,,7,土城區,35～39歲,35,39,部分重疊,0.2,女,結婚,國小以下,不同性別,4
110,,7,土城區,35～39歲,35,39,部分重疊,0.2,女,結婚,國小以下,相同性別,0
110,,7,土城區,35～39歲,35,39,部分重疊,0.2,女,結婚,大學,不同性別,84
110,,7,土城區,35～39歲,35,39,部分重疊,0.2,女,結婚,大學,相同性別,1
110,,7,土城區,35～39歲,35,39,部分重疊,0.2,女,結婚,專科,不同性別,24
110,,7,土城區,35～39歲,35,39,部分重疊,0.2,女,結婚,專科,相同性別,0
110,,7,土城區,35～39歲,35,39,部分重疊,0.2,女,結婚,碩士,不同性別,19
110,,7,土城區,35～39歲,35,39,部分重疊,0.2,女,結婚,碩士,相同性別,0
110,,7,土城區,35～39歲,35,39,部分重疊,0.2,女,結婚,高中職,不同性別,44
110,,7,土城區,35～39歲,35,39,部分重疊,0.2,女,結婚,高中職,相同性別,0
110,,7,土城區,35～39歲,35,39,部分重疊,0.2,男,結婚,博士,不同性別,4
110,,7,土城區,35～39歲,35,39,部分重疊,0.2,男,結婚,博士,相同性別,0
110,,7,土城區,35～39歲,35,39,部分重疊,0.2,男,結婚,國中,不同性別,19
110,,7,土城區,35～39歲,35,39,部分重疊,0.2,男,結婚,國中,相同性別,0
110,,7,土城區,35～39歲,35,39,部分重疊,0.2,男,結婚,國小以下,不同性別,4
110,,7,土城區,35～39歲,35,39,部分重疊,0.2,男,結婚,國小以下,相同性別,0
110,,7,土城區,35～39歲,35,39,部分重疊,0.2,男,結婚,大學,不同性別,106
110,,7,土城區,35～39歲,35,39,部分重疊,0.2,男,結婚,大學,相同性別,1
110,,7,土城區,35～39歲,35,39,部分重疊,0.2,男,結婚,專科,不同性別,22
110,,7,土城區,35～39歲,35,39,部分重疊,0.2,男,結婚,專科,相同性別,0
110,,7,土城區,35～39歲,35,39,部分重疊,0.2,男,結婚,碩士,不同性別,34
110,,7,土城區,35～39歲,35,39,部分重疊,0.2,男,結婚,碩士,相同性別,1
110,,7,土城區,35～39歲,35,39,部分重疊,0.2,男,結婚,高中職,不同性別,55
110,,7,土城區,35～39歲,35,39,部分重疊,0.2,男,結婚,高中職,相同性別,0
110,,7,土城區,40～44歲,40,44,不相關,0.0,女,結婚,博士,不同性別,1
110,,7,土城區,40～44歲,40,44,不相關,0.0,女,結婚,博士,相同性別,0
110,,7,土城區,40～44歲,40,44,不相關,0.0,女,結婚,國中,不同性別,5
110,,7,土城區,40～44歲,40,44,不相關,0.0,女,結婚,國中,相同性別,0
110,,7,土城區,40～44歲,40,44,不相關,0.0,女,結婚,國小以下,不同性別,3
110,,7,土城區,40～44歲,40,44,不相關,0.0,女,結婚,國小以下,相同性別,0
110,,7,土城區,40～44歲,40,44,不相關,0.0,女,結婚,大學,不同性別,19
110,,7,土城區,40～44歲,40,44,不相關,0.0,女,結婚,大學,相同性別,0
110,,7,土城區,40～44歲,40,44,不相關,0.0,女,結婚,專科,不同性別,5
110,,7,土城區,40～44歲,40,44,不相關,0.0,女,結婚,專科,相同性別,0
110,,7,土城區,40～44歲,40,44,不相關,0.0,女,結婚,碩士,不同性別,2
110,,7,土城區,40～44歲,40,44,不相關,0.0,女,結婚,碩士,相同性別,0
110,,7,土城區,40～44歲,40,44,不相關,0.0,女,結婚,高中職,不同性別,19
110,,7,土城區,40～44歲,40,44,不相關,0.0,女,結婚,高中職,相同性別,1
110,,7,土城區,40～44歲,40,44,不相關,0.0,男,結婚,博士,不同性別,0
110,,7,土城區,40～44歲,40,44,不相關,0.0,男,結婚,博士,相同性別,0
110,,7,土城區,40～44歲,40,44,不相關,0.0,男,結婚,國中,不同性別,15
110,,7,土城區,40～44歲,40,44,不相關,0.0,男,結婚,國中,相同性別,0
110,,7,土城區,40～44歲,40,44,不相關,0.0,男,結婚,國小以下,不同性別,0
110,,7,土城區,40～44歲,40,44,不相關,0.0,男,結婚,國小以下,相同性別,0
110,,7,土城區,40～44歲,40,44,不相關,0.0,男,結婚,大學,不同性別,31
110,,7,土城區,40～44歲,40,44,不相關,0.0,男,結婚,大學,相同性別,0
110,,7,土城區,40～44歲,40,44,不相關,0.0,男,結婚,專科,不同性別,6
110,,7,土城區,40～44歲,40,44,不相關,0.0,男,結婚,專科,相同性別,0
110,,7,土城區,40～44歲,40,44,不相關,0.0,男,結婚,碩士,不同性別,11
110,,7,土城區,40～44歲,40,44,不相關,0.0,男,結婚,碩士,相同性別,0
110,,7,土城區,40～44歲,40,44,不相關,0.0,男,結婚,高中職,不同性別,31
110,,7,土城區,40～44歲,40,44,不相關,0.0,男,結婚,高中職,相同性別,0
110,,7,土城區,45～49歲,45,49,不相關,0.0,女,結婚,博士,不同性別,0
110,,7,土城區,45～49歲,45,49,不相關,0.0,女,結婚,博士,相同性別,0
110,,7,土城區,45～49歲,45,49,不相關,0.0,女,結婚,國中,不同性別,9
110,,7,土城區,45～49歲,45,49,不相關,0.0,女,結婚,國中,相同性別,0
110,,7,土城區,45～49歲,45,49,不相關,0.0,女,結婚,國小以下,不同性別,0
110,,7,土城區,45～49歲,45,49,不相關,0.0,女,結婚,國小以下,相同性別,0
110,,7,土城區,45～49歲,45,49,不相關,0.0,女,結婚,大學,不同性別,6
110,,7,土城區,45～49歲,45,49,不相關,0.0,女,結婚,大學,相同性別,1
110,,7,土城區,45～49歲,45,49,不相關,0.0,女,結婚,專科,不同性別,6
110,,7,土城區,45～49歲,45,49,不相關,0.0,女,結婚,專科,相同性別,0
110,,7,土城區,45～49歲,45,49,不相關,0.0,女,結婚,碩士,不同性別,1
110,,7,土城區,45～49歲,45,49,不相關,0.0,女,結婚,碩士,相同性別,0
110,,7,土城區,45～49歲,45,49,不相關,0.0,女,結婚,高中職,不同性別,13
110,,7,土城區,45～49歲,45,49,不相關,0.0,女,結婚,高中職,相同性別,1
110,,7,土城區,45～49歲,45,49,不相關,0.0,男,結婚,博士,不同性別,0
110,,7,土城區,45～49歲,45,49,不相關,0.0,男,結婚,博士,相同性別,0
110,,7,土城區,45～49歲,45,49,不相關,0.0,男,結婚,國中,不同性別,4
110,,7,土城區,45～49歲,45,49,不相關,0.0,男,結婚,國中,相同性別,0
110,,7,土城區,45～49歲,45,49,不相關,0.0,男,結婚,國小以下,不同性別,0
110,,7,土城區,45～49歲,45,49,不相關,0.0,男,結婚,國小以下,相同性別,0
110,,7,土城區,45～49歲,45,49,不相關,0.0,男,結婚,大學,不同性別,6
110,,7,土城區,45～49歲,45,49,不相關,0.0,男,結婚,大學,相同性別,0
110,,7,土城區,45～49歲,45,49,不相關,0.0,男,結婚,專科,不同性別,4
110,,7,土城區,45～49歲,45,49,不相關,0.0,男,結婚,專科,相同性別,0
110,,7,土城區,45～49歲,45,49,不相關,0.0,男,結婚,碩士,不同性別,2
110,,7,土城區,45～49歲,45,49,不相關,0.0,男,結婚,碩士,相同性別,0
110,,7,土城區,45～49歲,45,49,不相關,0.0,男,結婚,高中職,不同性別,21
110,,7,土城區,45～49歲,45,49,不相關,0.0,男,結婚,高中職,相同性別,0
110,,7,土城區,50～54歲,50,54,不相關,0.0,女,結婚,博士,不同性別,0
110,,7,土城區,50～54歲,50,54,不相關,0.0,女,結婚,博士,相同性別,0
110,,7,土城區,50～54歲,50,54,不相關,0.0,女,結婚,國中,不同性別,7
110,,7,土城區,50～54歲,50,54,不相關,0.0,女,結婚,國中,相同性別,0
110,,7,土城區,50～54歲,50,54,不相關,0.0,女,結婚,國小以下,不同性別,0
110,,7,土城區,50～54歲,50,54,不相關,0.0,女,結婚,國小以下,相同性別,0
110,,7,土城區,50～54歲,50,54,不相關,0.0,女,結婚,大學,不同性別,1
110,,7,土城區,50～54歲,50,54,不相關,0.0,女,結婚,大學,相同性別,0
110,,7,土城區,50～54歲,50,54,不相關,0.0,女,結婚,專科,不同性別,0
110,,7,土城區,50～54歲,50,54,不相關,0.0,女,結婚,專科,相同性別,0
110,,7,土城區,50～54歲,50,54,不相關,0.0,女,結婚,碩士,不同性別,0
110,,7,土城區,50～54歲,50,54,不相關,0.0,女,結婚,碩士,相同性別,0
110,,7,土城區,50～54歲,50,54,不相關,0.0,女,結婚,高中職,不同性別,7
110,,7,土城區,50～54歲,50,54,不相關,0.0,女,結婚,高中職,相同性別,0
110,,7,土城區,50～54歲,50,54,不相關,0.0,男,結婚,博士,不同性別,1
110,,7,土城區,50～54歲,50,54,不相關,0.0,男,結婚,博士,相同性別,0
110,,7,土城區,50～54歲,50,54,不相關,0.0,男,結婚,國中,不同性別,6
110,,7,土城區,50～54歲,50,54,不相關,0.0,男,結婚,國中,相同性別,0
110,,7,土城區,50～54歲,50,54,不相關,0.0,男,結婚,國小以下,不同性別,1
110,,7,土城區,50～54歲,50,54,不相關,0.0,男,結婚,國小以下,相同性別,0
110,,7,土城區,50～54歲,50,54,不相關,0.0,男,結婚,大學,不同性別,3
110,,7,土城區,50～54歲,50,54,不相關,0.0,男,結婚,大學,相同性別,0
110,,7,土城區,50～54歲,50,54,不相關,0.0,男,結婚,專科,不同性別,3
110,,7,土城區,50～54歲,50,54,不相關,0.0,男,結婚,專科,相同性別,0
110,,7,土城區,50～54歲,50,54,不相關,0.0,男,結婚,碩士,不同性別,1
110,,7,土城區,50～54歲,50,54,不相關,0.0,男,結婚,碩士,相同性別,0
110,,7,土城區,50～54歲,50,54,不相關,0.0,男,結婚,高中職,不同性別,10
110,,7,土城區,50～54歲,50,54,不相關,0.0,男,結婚,高中職,相同性別,0
110,,7,土城區,55～59歲,55,59,不相關,0.0,女,結婚,博士,不同性別,0
110,,7,土城區,55～59歲,55,59,不相關,0.0,女,結婚,博士,相同性別,0
110,,7,土城區,55～59歲,55,59,不相關,0.0,女,結婚,國中,不同性別,4
110,,7,土城區,55～59歲,55,59,不相關,0.0,女,結婚,國中,相同性別,0
110,,7,土城區,55～59歲,55,59,不相關,0.0,女,結婚,國小以下,不同性別,0
110,,7,土城區,55～59歲,55,59,不相關,0.0,女,結婚,國小以下,相同性別,0
110,,7,土城區,55～59歲,55,59,不相關,0.0,女,結婚,大學,不同性別,1
110,,7,土城區,55～59歲,55,59,不相關,0.0,女,結婚,大學,相同性別,0
110,,7,土城區,55～59歲,55,59,不相關,0.0,女,結婚,專科,不同性別,1
110,,7,土城區,55～59歲,55,59,不相關,0.0,女,結婚,專科,相同性別,0
110,,7,土城區,55～59歲,55,59,不相關,0.0,女,結婚,碩士,不同性別,0
110,,7,土城區,55～59歲,55,59,不相關,0.0,女,結婚,碩士,相同性別,0
110,,7,土城區,55～59歲,55,59,不相關,0.0,女,結婚,高中職,不同性別,7
110,,7,土城區,55～59歲,55,59,不相關,0.0,女,結婚,高中職,相同性別,0
110,,7,土城區,55～59歲,55,59,不相關,0.0,男,結婚,博士,不同性別,0
110,,7,土城區,55～59歲,55,59,不相關,0.0,男,結婚,博士,相同性別,0
110,,7,土城區,55～59歲,55,59,不相關,0.0,男,結婚,國中,不同性別,5
110,,7,土城區,55～59歲,55,59,不相關,0.0,男,結婚,國中,相同性別,0
110,,7,土城區,55～59歲,55,59,不相關,0.0,男,結婚,國小以下,不同性別,0
110,,7,土城區,55～59歲,55,59,不相關,0.0,男,結婚,國小以下,相同性別,0
110,,7,土城區,55～59歲,55,59,不相關,0.0,男,結婚,大學,不同性別,1
110,,7,土城區,55～59歲,55,59,不相關,0.0,男,結婚,大學,相同性別,0
110,,7,土城區,55～59歲,55,59,不相關,0.0,男,結婚,專科,不同性別,4
110,,7,土城區,55～59歲,55,59,不相關,0.0,男,結婚,專科,相同性別,0
110,,7,土城區,55～59歲,55,59,不相關,0.0,男,結婚,碩士,不同性別,1
110,,7,土城區,55～59歲,55,59,不相關,0.0,男,結婚,碩士,相同性別,0
110,,7,土城區,55～59歲,55,59,不相關,0.0,男,結婚,高中職,不同性別,3
110,,7,土城區,55～59歲,55,59,不相關,0.0,男,結婚,高中職,相同性別,0
110,,7,土城區,60～64歲,60,64,不相關,0.0,女,結婚,博士,不同性別,0
110,,7,土城區,60～64歲,60,64,不相關,0.0,女,結婚,博士,相同性別,0
110,,7,土城區,60～64歲,60,64,不相關,0.0,女,結婚,國中,不同性別,3
110,,7,土城區,60～64歲,60,64,不相關,0.0,女,結婚,國中,相同性別,0
110,,7,土城區,60～64歲,60,64,不相關,0.0,女,結婚,國小以下,不同性別,2
110,,7,土城區,60～64歲,60,64,不相關,0.0,女,結婚,國小以下,相同性別,0
110,,7,土城區,60～64歲,60,64,不相關,0.0,女,結婚,大學,不同性別,0
110,,7,土城區,60～64歲,60,64,不相關,0.0,女,結婚,大學,相同性別,0
110,,7,土城區,60～64歲,60,64,不相關,0.0,女,結婚,專科,不同性別,1
110,,7,土城區,60～64歲,60,64,不相關,0.0,女,結婚,專科,相同性別,0
110,,7,土城區,60～64歲,60,64,不相關,0.0,女,結婚,碩士,不同性別,0
110,,7,土城區,60～64歲,60,64,不相關,0.0,女,結婚,碩士,相同性別,0
110,,7,土城區,60～64歲,60,64,不相關,0.0,女,結婚,高中職,不同性別,1
110,,7,土城區,60～64歲,60,64,不相關,0.0,女,結婚,高中職,相同性別,0
110,,7,土城區,60～64歲,60,64,不相關,0.0,男,結婚,博士,不同性別,0
110,,7,土城區,60～64歲,60,64,不相關,0.0,男,結婚,博士,相同性別,0
110,,7,土城區,60～64歲,60,64,不相關,0.0,男,結婚,國中,不同性別,4
110,,7,土城區,60～64歲,60,64,不相關,0.0,男,結婚,國中,相同性別,0
110,,7,土城區,60～64歲,60,64,不相關,0.0,男,結婚,國小以下,不同性別,0
110,,7,土城區,60～64歲,60,64,不相關,0.0,男,結婚,國小以下,相同性別,0
110,,7,土城區,60～64歲,60,64,不相關,0.0,男,結婚,大學,不同性別,1
110,,7,土城區,60～64歲,60,64,不相關,0.0,男,結婚,大學,相同性別,0
110,,7,土城區,60～64歲,60,64,不相關,0.0,男,結婚,專科,不同性別,1
110,,7,土城區,60～64歲,60,64,不相關,0.0,男,結婚,專科,相同性別,0
110,,7,土城區,60～64歲,60,64,不相關,0.0,男,結婚,碩士,不同性別,0
110,,7,土城區,60～64歲,60,64,不相關,0.0,男,結婚,碩士,相同性別,0
110,,7,土城區,60～64歲,60,64,不相關,0.0,男,結婚,高中職,不同性別,4
110,,7,土城區,60～64歲,60,64,不相關,0.0,男,結婚,高中職,相同性別,0
110,,7,土城區,65歲以上,65,120,不相關,0.0,女,結婚,博士,不同性別,0
110,,7,土城區,65歲以上,65,120,不相關,0.0,女,結婚,博士,相同性別,0
110,,7,土城區,65歲以上,65,120,不相關,0.0,女,結婚,國中,不同性別,0
110,,7,土城區,65歲以上,65,120,不相關,0.0,女,結婚,國中,相同性別,0
110,,7,土城區,65歲以上,65,120,不相關,0.0,女,結婚,國小以下,不同性別,2
110,,7,土城區,65歲以上,65,120,不相關,0.0,女,結婚,國小以下,相同性別,0
110,,7,土城區,65歲以上,65,120,不相關,0.0,女,結婚,大學,不同性別,0
110,,7,土城區,65歲以上,65,120,不相關,0.0,女,結婚,大學,相同性別,0
110,,7,土城區,65歲以上,65,120,不相關,0.0,女,結婚,專科,不同性別,0
110,,7,土城區,65歲以上,65,120,不相關,0.0,女,結婚,專科,相同性別,0
110,,7,土城區,65歲以上,65,120,不相關,0.0,女,結婚,碩士,不同性別,0
110,,7,土城區,65歲以上,65,120,不相關,0.0,女,結婚,碩士,相同性別,0
110,,7,土城區,65歲以上,65,120,不相關,0.0,女,結婚,高中職,不同性別,1
110,,7,土城區,65歲以上,65,120,不相關,0.0,女,結婚,高中職,相同性別,0
110,,7,土城區,65歲以上,65,120,不相關,0.0,男,結婚,博士,不同性別,0
110,,7,土城區,65歲以上,65,120,不相關,0.0,男,結婚,博士,相同性別,0
110,,7,土城區,65歲以上,65,120,不相關,0.0,男,結婚,國中,不同性別,4
110,,7,土城區,65歲以上,65,120,不相關,0.0,男,結婚,國中,相同性別,0
110,,7,土城區,65歲以上,65,120,不相關,0.0,男,結婚,國小以下,不同性別,3
110,,7,土城區,65歲以上,65,120,不相關,0.0,男,結婚,國小以下,相同性別,0
110,,7,土城區,65歲以上,65,120,不相關,0.0,男,結婚,大學,不同性別,2
110,,7,土城區,65歲以上,65,120,不相關,0.0,男,結婚,大學,相同性別,0
110,,7,土城區,65歲以上,65,120,不相關,0.0,男,結婚,專科,不同性別,4
110,,7,土城區,65歲以上,65,120,不相關,0.0,男,結婚,專科,相同性別,0
110,,7,土城區,65歲以上,65,120,不相關,0.0,男,結婚,碩士,不同性別,0
110,,7,土城區,65歲以上,65,120,不相關,0.0,男,結婚,碩士,相同性別,0
110,,7,土城區,65歲以上,65,120,不相關,0.0,男,結婚,高中職,不同性別,3
110,,7,土城區,65歲以上,65,120,不相關,0.0,男,結婚,高中職,相同性別,0
110,,8,蘆洲區,未滿15歲,0,14,不相關,0.0,女,結婚,博士,不同性別,0
110,,8,蘆洲區,未滿15歲,0,14,不相關,0.0,女,結婚,博士,相同性別,0
110,,8,蘆洲區,未滿15歲,0,14,不相關,0.0,女,結婚,國中,不同性別,0
110,,8,蘆洲區,未滿15歲,0,14,不相關,0.0,女,結婚,國中,相同性別,0
110,,8,蘆洲區,未滿15歲,0,14,不相關,0.0,女,結婚,國小以下,不同性別,0
110,,8,蘆洲區,未滿15歲,0,14,不相關,0.0,女,結婚,國小以下,相同性別,0
110,,8,蘆洲區,未滿15歲,0,14,不相關,0.0,女,結婚,大學,不同性別,0
110,,8,蘆洲區,未滿15歲,0,14,不相關,0.0,女,結婚,大學,相同性別,0
110,,8,蘆洲區,未滿15歲,0,14,不相關,0.0,女,結婚,專科,不同性別,0
110,,8,蘆洲區,未滿15歲,0,14,不相關,0.0,女,結婚,專科,相同性別,0
110,,8,蘆洲區,未滿15歲,0,14,不相關,0.0,女,結婚,碩士,不同性別,0
110,,8,蘆洲區,未滿15歲,0,14,不相關,0.0,女,結婚,碩士,相同性別,0
110,,8,蘆洲區,未滿15歲,0,14,不相關,0.0,女,結婚,高中職,不同性別,0
110,,8,蘆洲區,未滿15歲,0,14,不相關,0.0,女,結婚,高中職,相同性別,0
110,,8,蘆洲區,未滿15歲,0,14,不相關,0.0,男,結婚,博士,不同性別,0
110,,8,蘆洲區,未滿15歲,0,14,不相關,0.0,男,結婚,博士,相同性別,0
110,,8,蘆洲區,未滿15歲,0,14,不相關,0.0,男,結婚,國中,不同性別,0
110,,8,蘆洲區,未滿15歲,0,14,不相關,0.0,男,結婚,國中,相同性別,0
110,,8,蘆洲區,未滿15歲,0,14,不相關,0.0,男,結婚,國小以下,不同性別,0
110,,8,蘆洲區,未滿15歲,0,14,不相關,0.0,男,結婚,國小以下,相同性別,0
110,,8,蘆洲區,未滿15歲,0,14,不相關,0.0,男,結婚,大學,不同性別,0
110,,8,蘆洲區,未滿15歲,0,14,不相關,0.0,男,結婚,大學,相同性別,0
110,,8,蘆洲區,未滿15歲,0,14,不相關,0.0,男,結婚,專科,不同性別,0
110,,8,蘆洲區,未滿15歲,0,14,不相關,0.0,男,結婚,專科,相同性別,0
110,,8,蘆洲區,未滿15歲,0,14,不相關,0.0,男,結婚,碩士,不同性別,0
110,,8,蘆洲區,未滿15歲,0,14,不相關,0.0,男,結婚,碩士,相同性別,0
110,,8,蘆洲區,未滿15歲,0,14,不相關,0.0,男,結婚,高中職,不同性別,0
110,,8,蘆洲區,未滿15歲,0,14,不相關,0.0,男,結婚,高中職,相同性別,0
110,,8,蘆洲區,15～19歲,15,19,部分重疊,0.4,女,結婚,博士,不同性別,0
110,,8,蘆洲區,15～19歲,15,19,部分重疊,0.4,女,結婚,博士,相同性別,0
110,,8,蘆洲區,15～19歲,15,19,部分重疊,0.4,女,結婚,國中,不同性別,10
110,,8,蘆洲區,15～19歲,15,19,部分重疊,0.4,女,結婚,國中,相同性別,0
110,,8,蘆洲區,15～19歲,15,19,部分重疊,0.4,女,結婚,國小以下,不同性別,0
110,,8,蘆洲區,15～19歲,15,19,部分重疊,0.4,女,結婚,國小以下,相同性別,0
110,,8,蘆洲區,15～19歲,15,19,部分重疊,0.4,女,結婚,大學,不同性別,0
110,,8,蘆洲區,15～19歲,15,19,部分重疊,0.4,女,結婚,大學,相同性別,0
110,,8,蘆洲區,15～19歲,15,19,部分重疊,0.4,女,結婚,專科,不同性別,0
110,,8,蘆洲區,15～19歲,15,19,部分重疊,0.4,女,結婚,專科,相同性別,0
110,,8,蘆洲區,15～19歲,15,19,部分重疊,0.4,女,結婚,碩士,不同性別,0
110,,8,蘆洲區,15～19歲,15,19,部分重疊,0.4,女,結婚,碩士,相同性別,0
110,,8,蘆洲區,15～19歲,15,19,部分重疊,0.4,女,結婚,高中職,不同性別,0
110,,8,蘆洲區,15～19歲,15,19,部分重疊,0.4,女,結婚,高中職,相同性別,0
110,,8,蘆洲區,15～19歲,15,19,部分重疊,0.4,男,結婚,博士,不同性別,0
110,,8,蘆洲區,15～19歲,15,19,部分重疊,0.4,男,結婚,博士,相同性別,0
110,,8,蘆洲區,15～19歲,15,19,部分重疊,0.4,男,結婚,國中,不同性別,3
110,,8,蘆洲區,15～19歲,15,19,部分重疊,0.4,男,結婚,國中,相同性別,0
110,,8,蘆洲區,15～19歲,15,19,部分重疊,0.4,男,結婚,國小以下,不同性別,0
110,,8,蘆洲區,15～19歲,15,19,部分重疊,0.4,男,結婚,國小以下,相同性別,0
110,,8,蘆洲區,15～19歲,15,19,部分重疊,0.4,男,結婚,大學,不同性別,0
110,,8,蘆洲區,15～19歲,15,19,部分重疊,0.4,男,結婚,大學,相同性別,0
110,,8,蘆洲區,15～19歲,15,19,部分重疊,0.4,男,結婚,專科,不同性別,0
110,,8,蘆洲區,15～19歲,15,19,部分重疊,0.4,男,結婚,專科,相同性別,0
110,,8,蘆洲區,15～19歲,15,19,部分重疊,0.4,男,結婚,碩士,不同性別,0
110,,8,蘆洲區,15～19歲,15,19,部分重疊,0.4,男,結婚,碩士,相同性別,0
110,,8,蘆洲區,15～19歲,15,19,部分重疊,0.4,男,結婚,高中職,不同性別,1
110,,8,蘆洲區,15～19歲,15,19,部分重疊,0.4,男,結婚,高中職,相同性別,0
110,,8,蘆洲區,20～24歲,20,24,完全落入,1.0,女,結婚,博士,不同性別,0
110,,8,蘆洲區,20～24歲,20,24,完全落入,1.0,女,結婚,博士,相同性別,0
110,,8,蘆洲區,20～24歲,20,24,完全落入,1.0,女,結婚,國中,不同性別,22
110,,8,蘆洲區,20～24歲,20,24,完全落入,1.0,女,結婚,國中,相同性別,1
110,,8,蘆洲區,20～24歲,20,24,完全落入,1.0,女,結婚,國小以下,不同性別,0
110,,8,蘆洲區,20～24歲,20,24,完全落入,1.0,女,結婚,國小以下,相同性別,0
110,,8,蘆洲區,20～24歲,20,24,完全落入,1.0,女,結婚,大學,不同性別,15
110,,8,蘆洲區,20～24歲,20,24,完全落入,1.0,女,結婚,大學,相同性別,0
110,,8,蘆洲區,20～24歲,20,24,完全落入,1.0,女,結婚,專科,不同性別,8
110,,8,蘆洲區,20～24歲,20,24,完全落入,1.0,女,結婚,專科,相同性別,0
110,,8,蘆洲區,20～24歲,20,24,完全落入,1.0,女,結婚,碩士,不同性別,0
110,,8,蘆洲區,20～24歲,20,24,完全落入,1.0,女,結婚,碩士,相同性別,0
110,,8,蘆洲區,20～24歲,20,24,完全落入,1.0,女,結婚,高中職,不同性別,46
110,,8,蘆洲區,20～24歲,20,24,完全落入,1.0,女,結婚,高中職,相同性別,0
110,,8,蘆洲區,20～24歲,20,24,完全落入,1.0,男,結婚,博士,不同性別,0
110,,8,蘆洲區,20～24歲,20,24,完全落入,1.0,男,結婚,博士,相同性別,0
110,,8,蘆洲區,20～24歲,20,24,完全落入,1.0,男,結婚,國中,不同性別,17
110,,8,蘆洲區,20～24歲,20,24,完全落入,1.0,男,結婚,國中,相同性別,0
110,,8,蘆洲區,20～24歲,20,24,完全落入,1.0,男,結婚,國小以下,不同性別,0
110,,8,蘆洲區,20～24歲,20,24,完全落入,1.0,男,結婚,國小以下,相同性別,0
110,,8,蘆洲區,20～24歲,20,24,完全落入,1.0,男,結婚,大學,不同性別,9
110,,8,蘆洲區,20～24歲,20,24,完全落入,1.0,男,結婚,大學,相同性別,0
110,,8,蘆洲區,20～24歲,20,24,完全落入,1.0,男,結婚,專科,不同性別,4
110,,8,蘆洲區,20～24歲,20,24,完全落入,1.0,男,結婚,專科,相同性別,0
110,,8,蘆洲區,20～24歲,20,24,完全落入,1.0,男,結婚,碩士,不同性別,0
110,,8,蘆洲區,20～24歲,20,24,完全落入,1.0,男,結婚,碩士,相同性別,0
110,,8,蘆洲區,20～24歲,20,24,完全落入,1.0,男,結婚,高中職,不同性別,27
110,,8,蘆洲區,20～24歲,20,24,完全落入,1.0,男,結婚,高中職,相同性別,0
110,,8,蘆洲區,25～29歲,25,29,完全落入,1.0,女,結婚,博士,不同性別,1
110,,8,蘆洲區,25～29歲,25,29,完全落入,1.0,女,結婚,博士,相同性別,0
110,,8,蘆洲區,25～29歲,25,29,完全落入,1.0,女,結婚,國中,不同性別,22
110,,8,蘆洲區,25～29歲,25,29,完全落入,1.0,女,結婚,國中,相同性別,1
110,,8,蘆洲區,25～29歲,25,29,完全落入,1.0,女,結婚,國小以下,不同性別,2
110,,8,蘆洲區,25～29歲,25,29,完全落入,1.0,女,結婚,國小以下,相同性別,0
110,,8,蘆洲區,25～29歲,25,29,完全落入,1.0,女,結婚,大學,不同性別,201
110,,8,蘆洲區,25～29歲,25,29,完全落入,1.0,女,結婚,大學,相同性別,1
110,,8,蘆洲區,25～29歲,25,29,完全落入,1.0,女,結婚,專科,不同性別,17
110,,8,蘆洲區,25～29歲,25,29,完全落入,1.0,女,結婚,專科,相同性別,0
110,,8,蘆洲區,25～29歲,25,29,完全落入,1.0,女,結婚,碩士,不同性別,14
110,,8,蘆洲區,25～29歲,25,29,完全落入,1.0,女,結婚,碩士,相同性別,0
110,,8,蘆洲區,25～29歲,25,29,完全落入,1.0,女,結婚,高中職,不同性別,56
110,,8,蘆洲區,25～29歲,25,29,完全落入,1.0,女,結婚,高中職,相同性別,3
110,,8,蘆洲區,25～29歲,25,29,完全落入,1.0,男,結婚,博士,不同性別,0
110,,8,蘆洲區,25～29歲,25,29,完全落入,1.0,男,結婚,博士,相同性別,0
110,,8,蘆洲區,25～29歲,25,29,完全落入,1.0,男,結婚,國中,不同性別,26
110,,8,蘆洲區,25～29歲,25,29,完全落入,1.0,男,結婚,國中,相同性別,0
110,,8,蘆洲區,25～29歲,25,29,完全落入,1.0,男,結婚,國小以下,不同性別,2
110,,8,蘆洲區,25～29歲,25,29,完全落入,1.0,男,結婚,國小以下,相同性別,0
110,,8,蘆洲區,25～29歲,25,29,完全落入,1.0,男,結婚,大學,不同性別,124
110,,8,蘆洲區,25～29歲,25,29,完全落入,1.0,男,結婚,大學,相同性別,0
110,,8,蘆洲區,25～29歲,25,29,完全落入,1.0,男,結婚,專科,不同性別,12
110,,8,蘆洲區,25～29歲,25,29,完全落入,1.0,男,結婚,專科,相同性別,0
110,,8,蘆洲區,25～29歲,25,29,完全落入,1.0,男,結婚,碩士,不同性別,22
110,,8,蘆洲區,25～29歲,25,29,完全落入,1.0,男,結婚,碩士,相同性別,0
110,,8,蘆洲區,25～29歲,25,29,完全落入,1.0,男,結婚,高中職,不同性別,70
110,,8,蘆洲區,25～29歲,25,29,完全落入,1.0,男,結婚,高中職,相同性別,1
110,,8,蘆洲區,30～34歲,30,34,完全落入,1.0,女,結婚,博士,不同性別,0
110,,8,蘆洲區,30～34歲,30,34,完全落入,1.0,女,結婚,博士,相同性別,0
110,,8,蘆洲區,30～34歲,30,34,完全落入,1.0,女,結婚,國中,不同性別,18
110,,8,蘆洲區,30～34歲,30,34,完全落入,1.0,女,結婚,國中,相同性別,0
110,,8,蘆洲區,30～34歲,30,34,完全落入,1.0,女,結婚,國小以下,不同性別,4
110,,8,蘆洲區,30～34歲,30,34,完全落入,1.0,女,結婚,國小以下,相同性別,1
110,,8,蘆洲區,30～34歲,30,34,完全落入,1.0,女,結婚,大學,不同性別,196
110,,8,蘆洲區,30～34歲,30,34,完全落入,1.0,女,結婚,大學,相同性別,2
110,,8,蘆洲區,30～34歲,30,34,完全落入,1.0,女,結婚,專科,不同性別,15
110,,8,蘆洲區,30～34歲,30,34,完全落入,1.0,女,結婚,專科,相同性別,1
110,,8,蘆洲區,30～34歲,30,34,完全落入,1.0,女,結婚,碩士,不同性別,36
110,,8,蘆洲區,30～34歲,30,34,完全落入,1.0,女,結婚,碩士,相同性別,0
110,,8,蘆洲區,30～34歲,30,34,完全落入,1.0,女,結婚,高中職,不同性別,52
110,,8,蘆洲區,30～34歲,30,34,完全落入,1.0,女,結婚,高中職,相同性別,1
110,,8,蘆洲區,30～34歲,30,34,完全落入,1.0,男,結婚,博士,不同性別,2
110,,8,蘆洲區,30～34歲,30,34,完全落入,1.0,男,結婚,博士,相同性別,0
110,,8,蘆洲區,30～34歲,30,34,完全落入,1.0,男,結婚,國中,不同性別,22
110,,8,蘆洲區,30～34歲,30,34,完全落入,1.0,男,結婚,國中,相同性別,0
110,,8,蘆洲區,30～34歲,30,34,完全落入,1.0,男,結婚,國小以下,不同性別,2
110,,8,蘆洲區,30～34歲,30,34,完全落入,1.0,男,結婚,國小以下,相同性別,0
110,,8,蘆洲區,30～34歲,30,34,完全落入,1.0,男,結婚,大學,不同性別,163
110,,8,蘆洲區,30～34歲,30,34,完全落入,1.0,男,結婚,大學,相同性別,0
110,,8,蘆洲區,30～34歲,30,34,完全落入,1.0,男,結婚,專科,不同性別,6
110,,8,蘆洲區,30～34歲,30,34,完全落入,1.0,男,結婚,專科,相同性別,0
110,,8,蘆洲區,30～34歲,30,34,完全落入,1.0,男,結婚,碩士,不同性別,47
110,,8,蘆洲區,30～34歲,30,34,完全落入,1.0,男,結婚,碩士,相同性別,0
110,,8,蘆洲區,30～34歲,30,34,完全落入,1.0,男,結婚,高中職,不同性別,71
110,,8,蘆洲區,30～34歲,30,34,完全落入,1.0,男,結婚,高中職,相同性別,0
110,,8,蘆洲區,35～39歲,35,39,部分重疊,0.2,女,結婚,博士,不同性別,0
110,,8,蘆洲區,35～39歲,35,39,部分重疊,0.2,女,結婚,博士,相同性別,0
110,,8,蘆洲區,35～39歲,35,39,部分重疊,0.2,女,結婚,國中,不同性別,11
110,,8,蘆洲區,35～39歲,35,39,部分重疊,0.2,女,結婚,國中,相同性別,1
110,,8,蘆洲區,35～39歲,35,39,部分重疊,0.2,女,結婚,國小以下,不同性別,0
110,,8,蘆洲區,35～39歲,35,39,部分重疊,0.2,女,結婚,國小以下,相同性別,0
110,,8,蘆洲區,35～39歲,35,39,部分重疊,0.2,女,結婚,大學,不同性別,75
110,,8,蘆洲區,35～39歲,35,39,部分重疊,0.2,女,結婚,大學,相同性別,0
110,,8,蘆洲區,35～39歲,35,39,部分重疊,0.2,女,結婚,專科,不同性別,13
110,,8,蘆洲區,35～39歲,35,39,部分重疊,0.2,女,結婚,專科,相同性別,0
110,,8,蘆洲區,35～39歲,35,39,部分重疊,0.2,女,結婚,碩士,不同性別,8
110,,8,蘆洲區,35～39歲,35,39,部分重疊,0.2,女,結婚,碩士,相同性別,0
110,,8,蘆洲區,35～39歲,35,39,部分重疊,0.2,女,結婚,高中職,不同性別,31
110,,8,蘆洲區,35～39歲,35,39,部分重疊,0.2,女,結婚,高中職,相同性別,2
110,,8,蘆洲區,35～39歲,35,39,部分重疊,0.2,男,結婚,博士,不同性別,1
110,,8,蘆洲區,35～39歲,35,39,部分重疊,0.2,男,結婚,博士,相同性別,0
110,,8,蘆洲區,35～39歲,35,39,部分重疊,0.2,男,結婚,國中,不同性別,34
110,,8,蘆洲區,35～39歲,35,39,部分重疊,0.2,男,結婚,國中,相同性別,0
110,,8,蘆洲區,35～39歲,35,39,部分重疊,0.2,男,結婚,國小以下,不同性別,1
110,,8,蘆洲區,35～39歲,35,39,部分重疊,0.2,男,結婚,國小以下,相同性別,0
110,,8,蘆洲區,35～39歲,35,39,部分重疊,0.2,男,結婚,大學,不同性別,75
110,,8,蘆洲區,35～39歲,35,39,部分重疊,0.2,男,結婚,大學,相同性別,1
110,,8,蘆洲區,35～39歲,35,39,部分重疊,0.2,男,結婚,專科,不同性別,19
110,,8,蘆洲區,35～39歲,35,39,部分重疊,0.2,男,結婚,專科,相同性別,0
110,,8,蘆洲區,35～39歲,35,39,部分重疊,0.2,男,結婚,碩士,不同性別,31
110,,8,蘆洲區,35～39歲,35,39,部分重疊,0.2,男,結婚,碩士,相同性別,0
110,,8,蘆洲區,35～39歲,35,39,部分重疊,0.2,男,結婚,高中職,不同性別,49
110,,8,蘆洲區,35～39歲,35,39,部分重疊,0.2,男,結婚,高中職,相同性別,0
110,,8,蘆洲區,40～44歲,40,44,不相關,0.0,女,結婚,博士,不同性別,0
110,,8,蘆洲區,40～44歲,40,44,不相關,0.0,女,結婚,博士,相同性別,0
110,,8,蘆洲區,40～44歲,40,44,不相關,0.0,女,結婚,國中,不同性別,7
110,,8,蘆洲區,40～44歲,40,44,不相關,0.0,女,結婚,國中,相同性別,0
110,,8,蘆洲區,40～44歲,40,44,不相關,0.0,女,結婚,國小以下,不同性別,3
110,,8,蘆洲區,40～44歲,40,44,不相關,0.0,女,結婚,國小以下,相同性別,0
110,,8,蘆洲區,40～44歲,40,44,不相關,0.0,女,結婚,大學,不同性別,12
110,,8,蘆洲區,40～44歲,40,44,不相關,0.0,女,結婚,大學,相同性別,0
110,,8,蘆洲區,40～44歲,40,44,不相關,0.0,女,結婚,專科,不同性別,16
110,,8,蘆洲區,40～44歲,40,44,不相關,0.0,女,結婚,專科,相同性別,0
110,,8,蘆洲區,40～44歲,40,44,不相關,0.0,女,結婚,碩士,不同性別,2
110,,8,蘆洲區,40～44歲,40,44,不相關,0.0,女,結婚,碩士,相同性別,0
110,,8,蘆洲區,40～44歲,40,44,不相關,0.0,女,結婚,高中職,不同性別,20
110,,8,蘆洲區,40～44歲,40,44,不相關,0.0,女,結婚,高中職,相同性別,0
110,,8,蘆洲區,40～44歲,40,44,不相關,0.0,男,結婚,博士,不同性別,0
110,,8,蘆洲區,40～44歲,40,44,不相關,0.0,男,結婚,博士,相同性別,0
110,,8,蘆洲區,40～44歲,40,44,不相關,0.0,男,結婚,國中,不同性別,9
110,,8,蘆洲區,40～44歲,40,44,不相關,0.0,男,結婚,國中,相同性別,0
110,,8,蘆洲區,40～44歲,40,44,不相關,0.0,男,結婚,國小以下,不同性別,1
110,,8,蘆洲區,40～44歲,40,44,不相關,0.0,男,結婚,國小以下,相同性別,0
110,,8,蘆洲區,40～44歲,40,44,不相關,0.0,男,結婚,大學,不同性別,18
110,,8,蘆洲區,40～44歲,40,44,不相關,0.0,男,結婚,大學,相同性別,0
110,,8,蘆洲區,40～44歲,40,44,不相關,0.0,男,結婚,專科,不同性別,9
110,,8,蘆洲區,40～44歲,40,44,不相關,0.0,男,結婚,專科,相同性別,0
110,,8,蘆洲區,40～44歲,40,44,不相關,0.0,男,結婚,碩士,不同性別,4
110,,8,蘆洲區,40～44歲,40,44,不相關,0.0,男,結婚,碩士,相同性別,0
110,,8,蘆洲區,40～44歲,40,44,不相關,0.0,男,結婚,高中職,不同性別,34
110,,8,蘆洲區,40～44歲,40,44,不相關,0.0,男,結婚,高中職,相同性別,0
110,,8,蘆洲區,45～49歲,45,49,不相關,0.0,女,結婚,博士,不同性別,0
110,,8,蘆洲區,45～49歲,45,49,不相關,0.0,女,結婚,博士,相同性別,0
110,,8,蘆洲區,45～49歲,45,49,不相關,0.0,女,結婚,國中,不同性別,2
110,,8,蘆洲區,45～49歲,45,49,不相關,0.0,女,結婚,國中,相同性別,1
110,,8,蘆洲區,45～49歲,45,49,不相關,0.0,女,結婚,國小以下,不同性別,0
110,,8,蘆洲區,45～49歲,45,49,不相關,0.0,女,結婚,國小以下,相同性別,0
110,,8,蘆洲區,45～49歲,45,49,不相關,0.0,女,結婚,大學,不同性別,1
110,,8,蘆洲區,45～49歲,45,49,不相關,0.0,女,結婚,大學,相同性別,0
110,,8,蘆洲區,45～49歲,45,49,不相關,0.0,女,結婚,專科,不同性別,4
110,,8,蘆洲區,45～49歲,45,49,不相關,0.0,女,結婚,專科,相同性別,0
110,,8,蘆洲區,45～49歲,45,49,不相關,0.0,女,結婚,碩士,不同性別,1
110,,8,蘆洲區,45～49歲,45,49,不相關,0.0,女,結婚,碩士,相同性別,0
110,,8,蘆洲區,45～49歲,45,49,不相關,0.0,女,結婚,高中職,不同性別,13
110,,8,蘆洲區,45～49歲,45,49,不相關,0.0,女,結婚,高中職,相同性別,1
110,,8,蘆洲區,45～49歲,45,49,不相關,0.0,男,結婚,博士,不同性別,0
110,,8,蘆洲區,45～49歲,45,49,不相關,0.0,男,結婚,博士,相同性別,0
110,,8,蘆洲區,45～49歲,45,49,不相關,0.0,男,結婚,國中,不同性別,6
110,,8,蘆洲區,45～49歲,45,49,不相關,0.0,男,結婚,國中,相同性別,0
110,,8,蘆洲區,45～49歲,45,49,不相關,0.0,男,結婚,國小以下,不同性別,1
110,,8,蘆洲區,45～49歲,45,49,不相關,0.0,男,結婚,國小以下,相同性別,0
110,,8,蘆洲區,45～49歲,45,49,不相關,0.0,男,結婚,大學,不同性別,5
110,,8,蘆洲區,45～49歲,45,49,不相關,0.0,男,結婚,大學,相同性別,0
110,,8,蘆洲區,45～49歲,45,49,不相關,0.0,男,結婚,專科,不同性別,4
110,,8,蘆洲區,45～49歲,45,49,不相關,0.0,男,結婚,專科,相同性別,0
110,,8,蘆洲區,45～49歲,45,49,不相關,0.0,男,結婚,碩士,不同性別,2
110,,8,蘆洲區,45～49歲,45,49,不相關,0.0,男,結婚,碩士,相同性別,0
110,,8,蘆洲區,45～49歲,45,49,不相關,0.0,男,結婚,高中職,不同性別,12
110,,8,蘆洲區,45～49歲,45,49,不相關,0.0,男,結婚,高中職,相同性別,0
110,,8,蘆洲區,50～54歲,50,54,不相關,0.0,女,結婚,博士,不同性別,0
110,,8,蘆洲區,50～54歲,50,54,不相關,0.0,女,結婚,博士,相同性別,0
110,,8,蘆洲區,50～54歲,50,54,不相關,0.0,女,結婚,國中,不同性別,6
110,,8,蘆洲區,50～54歲,50,54,不相關,0.0,女,結婚,國中,相同性別,0
110,,8,蘆洲區,50～54歲,50,54,不相關,0.0,女,結婚,國小以下,不同性別,2
110,,8,蘆洲區,50～54歲,50,54,不相關,0.0,女,結婚,國小以下,相同性別,0
110,,8,蘆洲區,50～54歲,50,54,不相關,0.0,女,結婚,大學,不同性別,3
110,,8,蘆洲區,50～54歲,50,54,不相關,0.0,女,結婚,大學,相同性別,0
110,,8,蘆洲區,50～54歲,50,54,不相關,0.0,女,結婚,專科,不同性別,5
110,,8,蘆洲區,50～54歲,50,54,不相關,0.0,女,結婚,專科,相同性別,0
110,,8,蘆洲區,50～54歲,50,54,不相關,0.0,女,結婚,碩士,不同性別,1
110,,8,蘆洲區,50～54歲,50,54,不相關,0.0,女,結婚,碩士,相同性別,0
110,,8,蘆洲區,50～54歲,50,54,不相關,0.0,女,結婚,高中職,不同性別,7
110,,8,蘆洲區,50～54歲,50,54,不相關,0.0,女,結婚,高中職,相同性別,0
110,,8,蘆洲區,50～54歲,50,54,不相關,0.0,男,結婚,博士,不同性別,0
110,,8,蘆洲區,50～54歲,50,54,不相關,0.0,男,結婚,博士,相同性別,0
110,,8,蘆洲區,50～54歲,50,54,不相關,0.0,男,結婚,國中,不同性別,1
110,,8,蘆洲區,50～54歲,50,54,不相關,0.0,男,結婚,國中,相同性別,0
110,,8,蘆洲區,50～54歲,50,54,不相關,0.0,男,結婚,國小以下,不同性別,0
110,,8,蘆洲區,50～54歲,50,54,不相關,0.0,男,結婚,國小以下,相同性別,0
110,,8,蘆洲區,50～54歲,50,54,不相關,0.0,男,結婚,大學,不同性別,2
110,,8,蘆洲區,50～54歲,50,54,不相關,0.0,男,結婚,大學,相同性別,0
110,,8,蘆洲區,50～54歲,50,54,不相關,0.0,男,結婚,專科,不同性別,3
110,,8,蘆洲區,50～54歲,50,54,不相關,0.0,男,結婚,專科,相同性別,0
110,,8,蘆洲區,50～54歲,50,54,不相關,0.0,男,結婚,碩士,不同性別,1
110,,8,蘆洲區,50～54歲,50,54,不相關,0.0,男,結婚,碩士,相同性別,0
110,,8,蘆洲區,50～54歲,50,54,不相關,0.0,男,結婚,高中職,不同性別,11
110,,8,蘆洲區,50～54歲,50,54,不相關,0.0,男,結婚,高中職,相同性別,0
110,,8,蘆洲區,55～59歲,55,59,不相關,0.0,女,結婚,博士,不同性別,0
110,,8,蘆洲區,55～59歲,55,59,不相關,0.0,女,結婚,博士,相同性別,0
110,,8,蘆洲區,55～59歲,55,59,不相關,0.0,女,結婚,國中,不同性別,3
110,,8,蘆洲區,55～59歲,55,59,不相關,0.0,女,結婚,國中,相同性別,0
110,,8,蘆洲區,55～59歲,55,59,不相關,0.0,女,結婚,國小以下,不同性別,0
110,,8,蘆洲區,55～59歲,55,59,不相關,0.0,女,結婚,國小以下,相同性別,0
110,,8,蘆洲區,55～59歲,55,59,不相關,0.0,女,結婚,大學,不同性別,2
110,,8,蘆洲區,55～59歲,55,59,不相關,0.0,女,結婚,大學,相同性別,0
110,,8,蘆洲區,55～59歲,55,59,不相關,0.0,女,結婚,專科,不同性別,1
110,,8,蘆洲區,55～59歲,55,59,不相關,0.0,女,結婚,專科,相同性別,0
110,,8,蘆洲區,55～59歲,55,59,不相關,0.0,女,結婚,碩士,不同性別,0
110,,8,蘆洲區,55～59歲,55,59,不相關,0.0,女,結婚,碩士,相同性別,0
110,,8,蘆洲區,55～59歲,55,59,不相關,0.0,女,結婚,高中職,不同性別,4
110,,8,蘆洲區,55～59歲,55,59,不相關,0.0,女,結婚,高中職,相同性別,0
110,,8,蘆洲區,55～59歲,55,59,不相關,0.0,男,結婚,博士,不同性別,1
110,,8,蘆洲區,55～59歲,55,59,不相關,0.0,男,結婚,博士,相同性別,0
110,,8,蘆洲區,55～59歲,55,59,不相關,0.0,男,結婚,國中,不同性別,8
110,,8,蘆洲區,55～59歲,55,59,不相關,0.0,男,結婚,國中,相同性別,0
110,,8,蘆洲區,55～59歲,55,59,不相關,0.0,男,結婚,國小以下,不同性別,0
110,,8,蘆洲區,55～59歲,55,59,不相關,0.0,男,結婚,國小以下,相同性別,0
110,,8,蘆洲區,55～59歲,55,59,不相關,0.0,男,結婚,大學,不同性別,1
110,,8,蘆洲區,55～59歲,55,59,不相關,0.0,男,結婚,大學,相同性別,0
110,,8,蘆洲區,55～59歲,55,59,不相關,0.0,男,結婚,專科,不同性別,2
110,,8,蘆洲區,55～59歲,55,59,不相關,0.0,男,結婚,專科,相同性別,0
110,,8,蘆洲區,55～59歲,55,59,不相關,0.0,男,結婚,碩士,不同性別,0
110,,8,蘆洲區,55～59歲,55,59,不相關,0.0,男,結婚,碩士,相同性別,0
110,,8,蘆洲區,55～59歲,55,59,不相關,0.0,男,結婚,高中職,不同性別,5
110,,8,蘆洲區,55～59歲,55,59,不相關,0.0,男,結婚,高中職,相同性別,0
110,,8,蘆洲區,60～64歲,60,64,不相關,0.0,女,結婚,博士,不同性別,0
110,,8,蘆洲區,60～64歲,60,64,不相關,0.0,女,結婚,博士,相同性別,0
110,,8,蘆洲區,60～64歲,60,64,不相關,0.0,女,結婚,國中,不同性別,4
110,,8,蘆洲區,60～64歲,60,64,不相關,0.0,女,結婚,國中,相同性別,0
110,,8,蘆洲區,60～64歲,60,64,不相關,0.0,女,結婚,國小以下,不同性別,0
110,,8,蘆洲區,60～64歲,60,64,不相關,0.0,女,結婚,國小以下,相同性別,0
110,,8,蘆洲區,60～64歲,60,64,不相關,0.0,女,結婚,大學,不同性別,1
110,,8,蘆洲區,60～64歲,60,64,不相關,0.0,女,結婚,大學,相同性別,0
110,,8,蘆洲區,60～64歲,60,64,不相關,0.0,女,結婚,專科,不同性別,1
110,,8,蘆洲區,60～64歲,60,64,不相關,0.0,女,結婚,專科,相同性別,0
110,,8,蘆洲區,60～64歲,60,64,不相關,0.0,女,結婚,碩士,不同性別,0
110,,8,蘆洲區,60～64歲,60,64,不相關,0.0,女,結婚,碩士,相同性別,0
110,,8,蘆洲區,60～64歲,60,64,不相關,0.0,女,結婚,高中職,不同性別,1
110,,8,蘆洲區,60～64歲,60,64,不相關,0.0,女,結婚,高中職,相同性別,0
110,,8,蘆洲區,60～64歲,60,64,不相關,0.0,男,結婚,博士,不同性別,0
110,,8,蘆洲區,60～64歲,60,64,不相關,0.0,男,結婚,博士,相同性別,0
110,,8,蘆洲區,60～64歲,60,64,不相關,0.0,男,結婚,國中,不同性別,7
110,,8,蘆洲區,60～64歲,60,64,不相關,0.0,男,結婚,國中,相同性別,0
110,,8,蘆洲區,60～64歲,60,64,不相關,0.0,男,結婚,國小以下,不同性別,0
110,,8,蘆洲區,60～64歲,60,64,不相關,0.0,男,結婚,國小以下,相同性別,0
110,,8,蘆洲區,60～64歲,60,64,不相關,0.0,男,結婚,大學,不同性別,0
110,,8,蘆洲區,60～64歲,60,64,不相關,0.0,男,結婚,大學,相同性別,0
110,,8,蘆洲區,60～64歲,60,64,不相關,0.0,男,結婚,專科,不同性別,1
110,,8,蘆洲區,60～64歲,60,64,不相關,0.0,男,結婚,專科,相同性別,0
110,,8,蘆洲區,60～64歲,60,64,不相關,0.0,男,結婚,碩士,不同性別,0
110,,8,蘆洲區,60～64歲,60,64,不相關,0.0,男,結婚,碩士,相同性別,0
110,,8,蘆洲區,60～64歲,60,64,不相關,0.0,男,結婚,高中職,不同性別,3
110,,8,蘆洲區,60～64歲,60,64,不相關,0.0,男,結婚,高中職,相同性別,0
110,,8,蘆洲區,65歲以上,65,120,不相關,0.0,女,結婚,博士,不同性別,0
110,,8,蘆洲區,65歲以上,65,120,不相關,0.0,女,結婚,博士,相同性別,0
110,,8,蘆洲區,65歲以上,65,120,不相關,0.0,女,結婚,國中,不同性別,2
110,,8,蘆洲區,65歲以上,65,120,不相關,0.0,女,結婚,國中,相同性別,0
110,,8,蘆洲區,65歲以上,65,120,不相關,0.0,女,結婚,國小以下,不同性別,1
110,,8,蘆洲區,65歲以上,65,120,不相關,0.0,女,結婚,國小以下,相同性別,0
110,,8,蘆洲區,65歲以上,65,120,不相關,0.0,女,結婚,大學,不同性別,0
110,,8,蘆洲區,65歲以上,65,120,不相關,0.0,女,結婚,大學,相同性別,0
110,,8,蘆洲區,65歲以上,65,120,不相關,0.0,女,結婚,專科,不同性別,0
110,,8,蘆洲區,65歲以上,65,120,不相關,0.0,女,結婚,專科,相同性別,0
110,,8,蘆洲區,65歲以上,65,120,不相關,0.0,女,結婚,碩士,不同性別,0
110,,8,蘆洲區,65歲以上,65,120,不相關,0.0,女,結婚,碩士,相同性別,0
110,,8,蘆洲區,65歲以上,65,120,不相關,0.0,女,結婚,高中職,不同性別,3
110,,8,蘆洲區,65歲以上,65,120,不相關,0.0,女,結婚,高中職,相同性別,0
110,,8,蘆洲區,65歲以上,65,120,不相關,0.0,男,結婚,博士,不同性別,0
110,,8,蘆洲區,65歲以上,65,120,不相關,0.0,男,結婚,博士,相同性別,0
110,,8,蘆洲區,65歲以上,65,120,不相關,0.0,男,結婚,國中,不同性別,1
110,,8,蘆洲區,65歲以上,65,120,不相關,0.0,男,結婚,國中,相同性別,0
110,,8,蘆洲區,65歲以上,65,120,不相關,0.0,男,結婚,國小以下,不同性別,1
110,,8,蘆洲區,65歲以上,65,120,不相關,0.0,男,結婚,國小以下,相同性別,0
110,,8,蘆洲區,65歲以上,65,120,不相關,0.0,男,結婚,大學,不同性別,2
110,,8,蘆洲區,65歲以上,65,120,不相關,0.0,男,結婚,大學,相同性別,0
110,,8,蘆洲區,65歲以上,65,120,不相關,0.0,男,結婚,專科,不同性別,0
110,,8,蘆洲區,65歲以上,65,120,不相關,0.0,男,結婚,專科,相同性別,0
110,,8,蘆洲區,65歲以上,65,120,不相關,0.0,男,結婚,碩士,不同性別,1
110,,8,蘆洲區,65歲以上,65,120,不相關,0.0,男,結婚,碩士,相同性別,0
110,,8,蘆洲區,65歲以上,65,120,不相關,0.0,男,結婚,高中職,不同性別,5
110,,8,蘆洲區,65歲以上,65,120,不相關,0.0,男,結婚,高中職,相同性別,0
110,,9,樹林區,未滿15歲,0,14,不相關,0.0,女,結婚,博士,不同性別,0
110,,9,樹林區,未滿15歲,0,14,不相關,0.0,女,結婚,博士,相同性別,0
110,,9,樹林區,未滿15歲,0,14,不相關,0.0,女,結婚,國中,不同性別,0
110,,9,樹林區,未滿15歲,0,14,不相關,0.0,女,結婚,國中,相同性別,0
110,,9,樹林區,未滿15歲,0,14,不相關,0.0,女,結婚,國小以下,不同性別,0
110,,9,樹林區,未滿15歲,0,14,不相關,0.0,女,結婚,國小以下,相同性別,0
110,,9,樹林區,未滿15歲,0,14,不相關,0.0,女,結婚,大學,不同性別,0
110,,9,樹林區,未滿15歲,0,14,不相關,0.0,女,結婚,大學,相同性別,0
110,,9,樹林區,未滿15歲,0,14,不相關,0.0,女,結婚,專科,不同性別,0
110,,9,樹林區,未滿15歲,0,14,不相關,0.0,女,結婚,專科,相同性別,0
110,,9,樹林區,未滿15歲,0,14,不相關,0.0,女,結婚,碩士,不同性別,0
110,,9,樹林區,未滿15歲,0,14,不相關,0.0,女,結婚,碩士,相同性別,0
110,,9,樹林區,未滿15歲,0,14,不相關,0.0,女,結婚,高中職,不同性別,0
110,,9,樹林區,未滿15歲,0,14,不相關,0.0,女,結婚,高中職,相同性別,0
110,,9,樹林區,未滿15歲,0,14,不相關,0.0,男,結婚,博士,不同性別,0
110,,9,樹林區,未滿15歲,0,14,不相關,0.0,男,結婚,博士,相同性別,0
110,,9,樹林區,未滿15歲,0,14,不相關,0.0,男,結婚,國中,不同性別,0
110,,9,樹林區,未滿15歲,0,14,不相關,0.0,男,結婚,國中,相同性別,0
110,,9,樹林區,未滿15歲,0,14,不相關,0.0,男,結婚,國小以下,不同性別,0
110,,9,樹林區,未滿15歲,0,14,不相關,0.0,男,結婚,國小以下,相同性別,0
110,,9,樹林區,未滿15歲,0,14,不相關,0.0,男,結婚,大學,不同性別,0
110,,9,樹林區,未滿15歲,0,14,不相關,0.0,男,結婚,大學,相同性別,0
110,,9,樹林區,未滿15歲,0,14,不相關,0.0,男,結婚,專科,不同性別,0
110,,9,樹林區,未滿15歲,0,14,不相關,0.0,男,結婚,專科,相同性別,0
110,,9,樹林區,未滿15歲,0,14,不相關,0.0,男,結婚,碩士,不同性別,0
110,,9,樹林區,未滿15歲,0,14,不相關,0.0,男,結婚,碩士,相同性別,0
110,,9,樹林區,未滿15歲,0,14,不相關,0.0,男,結婚,高中職,不同性別,0
110,,9,樹林區,未滿15歲,0,14,不相關,0.0,男,結婚,高中職,相同性別,0
110,,9,樹林區,15～19歲,15,19,部分重疊,0.4,女,結婚,博士,不同性別,0
110,,9,樹林區,15～19歲,15,19,部分重疊,0.4,女,結婚,博士,相同性別,0
110,,9,樹林區,15～19歲,15,19,部分重疊,0.4,女,結婚,國中,不同性別,7
110,,9,樹林區,15～19歲,15,19,部分重疊,0.4,女,結婚,國中,相同性別,0
110,,9,樹林區,15～19歲,15,19,部分重疊,0.4,女,結婚,國小以下,不同性別,0
110,,9,樹林區,15～19歲,15,19,部分重疊,0.4,女,結婚,國小以下,相同性別,0
110,,9,樹林區,15～19歲,15,19,部分重疊,0.4,女,結婚,大學,不同性別,0
110,,9,樹林區,15～19歲,15,19,部分重疊,0.4,女,結婚,大學,相同性別,0
110,,9,樹林區,15～19歲,15,19,部分重疊,0.4,女,結婚,專科,不同性別,0
110,,9,樹林區,15～19歲,15,19,部分重疊,0.4,女,結婚,專科,相同性別,0
110,,9,樹林區,15～19歲,15,19,部分重疊,0.4,女,結婚,碩士,不同性別,0
110,,9,樹林區,15～19歲,15,19,部分重疊,0.4,女,結婚,碩士,相同性別,0
110,,9,樹林區,15～19歲,15,19,部分重疊,0.4,女,結婚,高中職,不同性別,1
110,,9,樹林區,15～19歲,15,19,部分重疊,0.4,女,結婚,高中職,相同性別,0
110,,9,樹林區,15～19歲,15,19,部分重疊,0.4,男,結婚,博士,不同性別,0
110,,9,樹林區,15～19歲,15,19,部分重疊,0.4,男,結婚,博士,相同性別,0
110,,9,樹林區,15～19歲,15,19,部分重疊,0.4,男,結婚,國中,不同性別,3
110,,9,樹林區,15～19歲,15,19,部分重疊,0.4,男,結婚,國中,相同性別,0
110,,9,樹林區,15～19歲,15,19,部分重疊,0.4,男,結婚,國小以下,不同性別,0
110,,9,樹林區,15～19歲,15,19,部分重疊,0.4,男,結婚,國小以下,相同性別,0
110,,9,樹林區,15～19歲,15,19,部分重疊,0.4,男,結婚,大學,不同性別,0
110,,9,樹林區,15～19歲,15,19,部分重疊,0.4,男,結婚,大學,相同性別,0
110,,9,樹林區,15～19歲,15,19,部分重疊,0.4,男,結婚,專科,不同性別,0
110,,9,樹林區,15～19歲,15,19,部分重疊,0.4,男,結婚,專科,相同性別,0
110,,9,樹林區,15～19歲,15,19,部分重疊,0.4,男,結婚,碩士,不同性別,0
110,,9,樹林區,15～19歲,15,19,部分重疊,0.4,男,結婚,碩士,相同性別,0
110,,9,樹林區,15～19歲,15,19,部分重疊,0.4,男,結婚,高中職,不同性別,0
110,,9,樹林區,15～19歲,15,19,部分重疊,0.4,男,結婚,高中職,相同性別,0
110,,9,樹林區,20～24歲,20,24,完全落入,1.0,女,結婚,博士,不同性別,0
110,,9,樹林區,20～24歲,20,24,完全落入,1.0,女,結婚,博士,相同性別,0
110,,9,樹林區,20～24歲,20,24,完全落入,1.0,女,結婚,國中,不同性別,22
110,,9,樹林區,20～24歲,20,24,完全落入,1.0,女,結婚,國中,相同性別,1
110,,9,樹林區,20～24歲,20,24,完全落入,1.0,女,結婚,國小以下,不同性別,0
110,,9,樹林區,20～24歲,20,24,完全落入,1.0,女,結婚,國小以下,相同性別,0
110,,9,樹林區,20～24歲,20,24,完全落入,1.0,女,結婚,大學,不同性別,29
110,,9,樹林區,20～24歲,20,24,完全落入,1.0,女,結婚,大學,相同性別,0
110,,9,樹林區,20～24歲,20,24,完全落入,1.0,女,結婚,專科,不同性別,3
110,,9,樹林區,20～24歲,20,24,完全落入,1.0,女,結婚,專科,相同性別,1
110,,9,樹林區,20～24歲,20,24,完全落入,1.0,女,結婚,碩士,不同性別,0
110,,9,樹林區,20～24歲,20,24,完全落入,1.0,女,結婚,碩士,相同性別,0
110,,9,樹林區,20～24歲,20,24,完全落入,1.0,女,結婚,高中職,不同性別,38
110,,9,樹林區,20～24歲,20,24,完全落入,1.0,女,結婚,高中職,相同性別,2
110,,9,樹林區,20～24歲,20,24,完全落入,1.0,男,結婚,博士,不同性別,0
110,,9,樹林區,20～24歲,20,24,完全落入,1.0,男,結婚,博士,相同性別,0
110,,9,樹林區,20～24歲,20,24,完全落入,1.0,男,結婚,國中,不同性別,29
110,,9,樹林區,20～24歲,20,24,完全落入,1.0,男,結婚,國中,相同性別,0
110,,9,樹林區,20～24歲,20,24,完全落入,1.0,男,結婚,國小以下,不同性別,2
110,,9,樹林區,20～24歲,20,24,完全落入,1.0,男,結婚,國小以下,相同性別,0
110,,9,樹林區,20～24歲,20,24,完全落入,1.0,男,結婚,大學,不同性別,15
110,,9,樹林區,20～24歲,20,24,完全落入,1.0,男,結婚,大學,相同性別,0
110,,9,樹林區,20～24歲,20,24,完全落入,1.0,男,結婚,專科,不同性別,0
110,,9,樹林區,20～24歲,20,24,完全落入,1.0,男,結婚,專科,相同性別,0
110,,9,樹林區,20～24歲,20,24,完全落入,1.0,男,結婚,碩士,不同性別,0
110,,9,樹林區,20～24歲,20,24,完全落入,1.0,男,結婚,碩士,相同性別,0
110,,9,樹林區,20～24歲,20,24,完全落入,1.0,男,結婚,高中職,不同性別,25
110,,9,樹林區,20～24歲,20,24,完全落入,1.0,男,結婚,高中職,相同性別,0
110,,9,樹林區,25～29歲,25,29,完全落入,1.0,女,結婚,博士,不同性別,0
110,,9,樹林區,25～29歲,25,29,完全落入,1.0,女,結婚,博士,相同性別,0
110,,9,樹林區,25～29歲,25,29,完全落入,1.0,女,結婚,國中,不同性別,20
110,,9,樹林區,25～29歲,25,29,完全落入,1.0,女,結婚,國中,相同性別,0
110,,9,樹林區,25～29歲,25,29,完全落入,1.0,女,結婚,國小以下,不同性別,1
110,,9,樹林區,25～29歲,25,29,完全落入,1.0,女,結婚,國小以下,相同性別,0
110,,9,樹林區,25～29歲,25,29,完全落入,1.0,女,結婚,大學,不同性別,180
110,,9,樹林區,25～29歲,25,29,完全落入,1.0,女,結婚,大學,相同性別,0
110,,9,樹林區,25～29歲,25,29,完全落入,1.0,女,結婚,專科,不同性別,12
110,,9,樹林區,25～29歲,25,29,完全落入,1.0,女,結婚,專科,相同性別,1
110,,9,樹林區,25～29歲,25,29,完全落入,1.0,女,結婚,碩士,不同性別,19
110,,9,樹林區,25～29歲,25,29,完全落入,1.0,女,結婚,碩士,相同性別,0
110,,9,樹林區,25～29歲,25,29,完全落入,1.0,女,結婚,高中職,不同性別,75
110,,9,樹林區,25～29歲,25,29,完全落入,1.0,女,結婚,高中職,相同性別,0
110,,9,樹林區,25～29歲,25,29,完全落入,1.0,男,結婚,博士,不同性別,0
110,,9,樹林區,25～29歲,25,29,完全落入,1.0,男,結婚,博士,相同性別,0
110,,9,樹林區,25～29歲,25,29,完全落入,1.0,男,結婚,國中,不同性別,22
110,,9,樹林區,25～29歲,25,29,完全落入,1.0,男,結婚,國中,相同性別,0
110,,9,樹林區,25～29歲,25,29,完全落入,1.0,男,結婚,國小以下,不同性別,0
110,,9,樹林區,25～29歲,25,29,完全落入,1.0,男,結婚,國小以下,相同性別,0
110,,9,樹林區,25～29歲,25,29,完全落入,1.0,男,結婚,大學,不同性別,99
110,,9,樹林區,25～29歲,25,29,完全落入,1.0,男,結婚,大學,相同性別,0
110,,9,樹林區,25～29歲,25,29,完全落入,1.0,男,結婚,專科,不同性別,2
110,,9,樹林區,25～29歲,25,29,完全落入,1.0,男,結婚,專科,相同性別,0
110,,9,樹林區,25～29歲,25,29,完全落入,1.0,男,結婚,碩士,不同性別,19
110,,9,樹林區,25～29歲,25,29,完全落入,1.0,男,結婚,碩士,相同性別,0
110,,9,樹林區,25～29歲,25,29,完全落入,1.0,男,結婚,高中職,不同性別,83
110,,9,樹林區,25～29歲,25,29,完全落入,1.0,男,結婚,高中職,相同性別,1
110,,9,樹林區,30～34歲,30,34,完全落入,1.0,女,結婚,博士,不同性別,0
110,,9,樹林區,30～34歲,30,34,完全落入,1.0,女,結婚,博士,相同性別,0
110,,9,樹林區,30～34歲,30,34,完全落入,1.0,女,結婚,國中,不同性別,18
110,,9,樹林區,30～34歲,30,34,完全落入,1.0,女,結婚,國中,相同性別,0
110,,9,樹林區,30～34歲,30,34,完全落入,1.0,女,結婚,國小以下,不同性別,2
110,,9,樹林區,30～34歲,30,34,完全落入,1.0,女,結婚,國小以下,相同性別,0
110,,9,樹林區,30～34歲,30,34,完全落入,1.0,女,結婚,大學,不同性別,127
110,,9,樹林區,30～34歲,30,34,完全落入,1.0,女,結婚,大學,相同性別,1
110,,9,樹林區,30～34歲,30,34,完全落入,1.0,女,結婚,專科,不同性別,8
110,,9,樹林區,30～34歲,30,34,完全落入,1.0,女,結婚,專科,相同性別,0
110,,9,樹林區,30～34歲,30,34,完全落入,1.0,女,結婚,碩士,不同性別,19
110,,9,樹林區,30～34歲,30,34,完全落入,1.0,女,結婚,碩士,相同性別,0
110,,9,樹林區,30～34歲,30,34,完全落入,1.0,女,結婚,高中職,不同性別,51
110,,9,樹林區,30～34歲,30,34,完全落入,1.0,女,結婚,高中職,相同性別,0
110,,9,樹林區,30～34歲,30,34,完全落入,1.0,男,結婚,博士,不同性別,1
110,,9,樹林區,30～34歲,30,34,完全落入,1.0,男,結婚,博士,相同性別,0
110,,9,樹林區,30～34歲,30,34,完全落入,1.0,男,結婚,國中,不同性別,19
110,,9,樹林區,30～34歲,30,34,完全落入,1.0,男,結婚,國中,相同性別,0
110,,9,樹林區,30～34歲,30,34,完全落入,1.0,男,結婚,國小以下,不同性別,3
110,,9,樹林區,30～34歲,30,34,完全落入,1.0,男,結婚,國小以下,相同性別,0
110,,9,樹林區,30～34歲,30,34,完全落入,1.0,男,結婚,大學,不同性別,131
110,,9,樹林區,30～34歲,30,34,完全落入,1.0,男,結婚,大學,相同性別,0
110,,9,樹林區,30～34歲,30,34,完全落入,1.0,男,結婚,專科,不同性別,14
110,,9,樹林區,30～34歲,30,34,完全落入,1.0,男,結婚,專科,相同性別,0
110,,9,樹林區,30～34歲,30,34,完全落入,1.0,男,結婚,碩士,不同性別,33
110,,9,樹林區,30～34歲,30,34,完全落入,1.0,男,結婚,碩士,相同性別,0
110,,9,樹林區,30～34歲,30,34,完全落入,1.0,男,結婚,高中職,不同性別,61
110,,9,樹林區,30～34歲,30,34,完全落入,1.0,男,結婚,高中職,相同性別,1
110,,9,樹林區,35～39歲,35,39,部分重疊,0.2,女,結婚,博士,不同性別,1
110,,9,樹林區,35～39歲,35,39,部分重疊,0.2,女,結婚,博士,相同性別,0
110,,9,樹林區,35～39歲,35,39,部分重疊,0.2,女,結婚,國中,不同性別,14
110,,9,樹林區,35～39歲,35,39,部分重疊,0.2,女,結婚,國中,相同性別,0
110,,9,樹林區,35～39歲,35,39,部分重疊,0.2,女,結婚,國小以下,不同性別,3
110,,9,樹林區,35～39歲,35,39,部分重疊,0.2,女,結婚,國小以下,相同性別,0
110,,9,樹林區,35～39歲,35,39,部分重疊,0.2,女,結婚,大學,不同性別,44
110,,9,樹林區,35～39歲,35,39,部分重疊,0.2,女,結婚,大學,相同性別,1
110,,9,樹林區,35～39歲,35,39,部分重疊,0.2,女,結婚,專科,不同性別,8
110,,9,樹林區,35～39歲,35,39,部分重疊,0.2,女,結婚,專科,相同性別,0
110,,9,樹林區,35～39歲,35,39,部分重疊,0.2,女,結婚,碩士,不同性別,14
110,,9,樹林區,35～39歲,35,39,部分重疊,0.2,女,結婚,碩士,相同性別,0
110,,9,樹林區,35～39歲,35,39,部分重疊,0.2,女,結婚,高中職,不同性別,32
110,,9,樹林區,35～39歲,35,39,部分重疊,0.2,女,結婚,高中職,相同性別,1
110,,9,樹林區,35～39歲,35,39,部分重疊,0.2,男,結婚,博士,不同性別,2
110,,9,樹林區,35～39歲,35,39,部分重疊,0.2,男,結婚,博士,相同性別,0
110,,9,樹林區,35～39歲,35,39,部分重疊,0.2,男,結婚,國中,不同性別,18
110,,9,樹林區,35～39歲,35,39,部分重疊,0.2,男,結婚,國中,相同性別,1
110,,9,樹林區,35～39歲,35,39,部分重疊,0.2,男,結婚,國小以下,不同性別,3
110,,9,樹林區,35～39歲,35,39,部分重疊,0.2,男,結婚,國小以下,相同性別,0
110,,9,樹林區,35～39歲,35,39,部分重疊,0.2,男,結婚,大學,不同性別,48
110,,9,樹林區,35～39歲,35,39,部分重疊,0.2,男,結婚,大學,相同性別,0
110,,9,樹林區,35～39歲,35,39,部分重疊,0.2,男,結婚,專科,不同性別,8
110,,9,樹林區,35～39歲,35,39,部分重疊,0.2,男,結婚,專科,相同性別,0
110,,9,樹林區,35～39歲,35,39,部分重疊,0.2,男,結婚,碩士,不同性別,25
110,,9,樹林區,35～39歲,35,39,部分重疊,0.2,男,結婚,碩士,相同性別,0
110,,9,樹林區,35～39歲,35,39,部分重疊,0.2,男,結婚,高中職,不同性別,41
110,,9,樹林區,35～39歲,35,39,部分重疊,0.2,男,結婚,高中職,相同性別,1
110,,9,樹林區,40～44歲,40,44,不相關,0.0,女,結婚,博士,不同性別,0
110,,9,樹林區,40～44歲,40,44,不相關,0.0,女,結婚,博士,相同性別,0
110,,9,樹林區,40～44歲,40,44,不相關,0.0,女,結婚,國中,不同性別,5
110,,9,樹林區,40～44歲,40,44,不相關,0.0,女,結婚,國中,相同性別,2
110,,9,樹林區,40～44歲,40,44,不相關,0.0,女,結婚,國小以下,不同性別,2
110,,9,樹林區,40～44歲,40,44,不相關,0.0,女,結婚,國小以下,相同性別,0
110,,9,樹林區,40～44歲,40,44,不相關,0.0,女,結婚,大學,不同性別,10
110,,9,樹林區,40～44歲,40,44,不相關,0.0,女,結婚,大學,相同性別,1
110,,9,樹林區,40～44歲,40,44,不相關,0.0,女,結婚,專科,不同性別,9
110,,9,樹林區,40～44歲,40,44,不相關,0.0,女,結婚,專科,相同性別,0
110,,9,樹林區,40～44歲,40,44,不相關,0.0,女,結婚,碩士,不同性別,1
110,,9,樹林區,40～44歲,40,44,不相關,0.0,女,結婚,碩士,相同性別,0
110,,9,樹林區,40～44歲,40,44,不相關,0.0,女,結婚,高中職,不同性別,18
110,,9,樹林區,40～44歲,40,44,不相關,0.0,女,結婚,高中職,相同性別,1
110,,9,樹林區,40～44歲,40,44,不相關,0.0,男,結婚,博士,不同性別,2
110,,9,樹林區,40～44歲,40,44,不相關,0.0,男,結婚,博士,相同性別,0
110,,9,樹林區,40～44歲,40,44,不相關,0.0,男,結婚,國中,不同性別,10
110,,9,樹林區,40～44歲,40,44,不相關,0.0,男,結婚,國中,相同性別,0
110,,9,樹林區,40～44歲,40,44,不相關,0.0,男,結婚,國小以下,不同性別,2
110,,9,樹林區,40～44歲,40,44,不相關,0.0,男,結婚,國小以下,相同性別,0
110,,9,樹林區,40～44歲,40,44,不相關,0.0,男,結婚,大學,不同性別,20
110,,9,樹林區,40～44歲,40,44,不相關,0.0,男,結婚,大學,相同性別,0
110,,9,樹林區,40～44歲,40,44,不相關,0.0,男,結婚,專科,不同性別,9
110,,9,樹林區,40～44歲,40,44,不相關,0.0,男,結婚,專科,相同性別,0
110,,9,樹林區,40～44歲,40,44,不相關,0.0,男,結婚,碩士,不同性別,9
110,,9,樹林區,40～44歲,40,44,不相關,0.0,男,結婚,碩士,相同性別,1
110,,9,樹林區,40～44歲,40,44,不相關,0.0,男,結婚,高中職,不同性別,22
110,,9,樹林區,40～44歲,40,44,不相關,0.0,男,結婚,高中職,相同性別,0
110,,9,樹林區,45～49歲,45,49,不相關,0.0,女,結婚,博士,不同性別,1
110,,9,樹林區,45～49歲,45,49,不相關,0.0,女,結婚,博士,相同性別,0
110,,9,樹林區,45～49歲,45,49,不相關,0.0,女,結婚,國中,不同性別,8
110,,9,樹林區,45～49歲,45,49,不相關,0.0,女,結婚,國中,相同性別,0
110,,9,樹林區,45～49歲,45,49,不相關,0.0,女,結婚,國小以下,不同性別,2
110,,9,樹林區,45～49歲,45,49,不相關,0.0,女,結婚,國小以下,相同性別,0
110,,9,樹林區,45～49歲,45,49,不相關,0.0,女,結婚,大學,不同性別,5
110,,9,樹林區,45～49歲,45,49,不相關,0.0,女,結婚,大學,相同性別,0
110,,9,樹林區,45～49歲,45,49,不相關,0.0,女,結婚,專科,不同性別,5
110,,9,樹林區,45～49歲,45,49,不相關,0.0,女,結婚,專科,相同性別,0
110,,9,樹林區,45～49歲,45,49,不相關,0.0,女,結婚,碩士,不同性別,1
110,,9,樹林區,45～49歲,45,49,不相關,0.0,女,結婚,碩士,相同性別,0
110,,9,樹林區,45～49歲,45,49,不相關,0.0,女,結婚,高中職,不同性別,9
110,,9,樹林區,45～49歲,45,49,不相關,0.0,女,結婚,高中職,相同性別,0
110,,9,樹林區,45～49歲,45,49,不相關,0.0,男,結婚,博士,不同性別,0
110,,9,樹林區,45～49歲,45,49,不相關,0.0,男,結婚,博士,相同性別,0
110,,9,樹林區,45～49歲,45,49,不相關,0.0,男,結婚,國中,不同性別,5
110,,9,樹林區,45～49歲,45,49,不相關,0.0,男,結婚,國中,相同性別,0
110,,9,樹林區,45～49歲,45,49,不相關,0.0,男,結婚,國小以下,不同性別,1
110,,9,樹林區,45～49歲,45,49,不相關,0.0,男,結婚,國小以下,相同性別,0
110,,9,樹林區,45～49歲,45,49,不相關,0.0,男,結婚,大學,不同性別,2
110,,9,樹林區,45～49歲,45,49,不相關,0.0,男,結婚,大學,相同性別,0
110,,9,樹林區,45～49歲,45,49,不相關,0.0,男,結婚,專科,不同性別,6
110,,9,樹林區,45～49歲,45,49,不相關,0.0,男,結婚,專科,相同性別,1
110,,9,樹林區,45～49歲,45,49,不相關,0.0,男,結婚,碩士,不同性別,4
110,,9,樹林區,45～49歲,45,49,不相關,0.0,男,結婚,碩士,相同性別,0
110,,9,樹林區,45～49歲,45,49,不相關,0.0,男,結婚,高中職,不同性別,14
110,,9,樹林區,45～49歲,45,49,不相關,0.0,男,結婚,高中職,相同性別,0
110,,9,樹林區,50～54歲,50,54,不相關,0.0,女,結婚,博士,不同性別,0
110,,9,樹林區,50～54歲,50,54,不相關,0.0,女,結婚,博士,相同性別,0
110,,9,樹林區,50～54歲,50,54,不相關,0.0,女,結婚,國中,不同性別,5
110,,9,樹林區,50～54歲,50,54,不相關,0.0,女,結婚,國中,相同性別,0
110,,9,樹林區,50～54歲,50,54,不相關,0.0,女,結婚,國小以下,不同性別,1
110,,9,樹林區,50～54歲,50,54,不相關,0.0,女,結婚,國小以下,相同性別,0
110,,9,樹林區,50～54歲,50,54,不相關,0.0,女,結婚,大學,不同性別,2
110,,9,樹林區,50～54歲,50,54,不相關,0.0,女,結婚,大學,相同性別,0
110,,9,樹林區,50～54歲,50,54,不相關,0.0,女,結婚,專科,不同性別,1
110,,9,樹林區,50～54歲,50,54,不相關,0.0,女,結婚,專科,相同性別,0
110,,9,樹林區,50～54歲,50,54,不相關,0.0,女,結婚,碩士,不同性別,0
110,,9,樹林區,50～54歲,50,54,不相關,0.0,女,結婚,碩士,相同性別,0
110,,9,樹林區,50～54歲,50,54,不相關,0.0,女,結婚,高中職,不同性別,8
110,,9,樹林區,50～54歲,50,54,不相關,0.0,女,結婚,高中職,相同性別,0
110,,9,樹林區,50～54歲,50,54,不相關,0.0,男,結婚,博士,不同性別,0
110,,9,樹林區,50～54歲,50,54,不相關,0.0,男,結婚,博士,相同性別,0
110,,9,樹林區,50～54歲,50,54,不相關,0.0,男,結婚,國中,不同性別,4
110,,9,樹林區,50～54歲,50,54,不相關,0.0,男,結婚,國中,相同性別,0
110,,9,樹林區,50～54歲,50,54,不相關,0.0,男,結婚,國小以下,不同性別,0
110,,9,樹林區,50～54歲,50,54,不相關,0.0,男,結婚,國小以下,相同性別,0
110,,9,樹林區,50～54歲,50,54,不相關,0.0,男,結婚,大學,不同性別,1
110,,9,樹林區,50～54歲,50,54,不相關,0.0,男,結婚,大學,相同性別,0
110,,9,樹林區,50～54歲,50,54,不相關,0.0,男,結婚,專科,不同性別,1
110,,9,樹林區,50～54歲,50,54,不相關,0.0,男,結婚,專科,相同性別,0
110,,9,樹林區,50～54歲,50,54,不相關,0.0,男,結婚,碩士,不同性別,1
110,,9,樹林區,50～54歲,50,54,不相關,0.0,男,結婚,碩士,相同性別,0
110,,9,樹林區,50～54歲,50,54,不相關,0.0,男,結婚,高中職,不同性別,7
110,,9,樹林區,50～54歲,50,54,不相關,0.0,男,結婚,高中職,相同性別,0
110,,9,樹林區,55～59歲,55,59,不相關,0.0,女,結婚,博士,不同性別,0
110,,9,樹林區,55～59歲,55,59,不相關,0.0,女,結婚,博士,相同性別,0
110,,9,樹林區,55～59歲,55,59,不相關,0.0,女,結婚,國中,不同性別,3
110,,9,樹林區,55～59歲,55,59,不相關,0.0,女,結婚,國中,相同性別,0
110,,9,樹林區,55～59歲,55,59,不相關,0.0,女,結婚,國小以下,不同性別,2
110,,9,樹林區,55～59歲,55,59,不相關,0.0,女,結婚,國小以下,相同性別,0
110,,9,樹林區,55～59歲,55,59,不相關,0.0,女,結婚,大學,不同性別,1
110,,9,樹林區,55～59歲,55,59,不相關,0.0,女,結婚,大學,相同性別,0
110,,9,樹林區,55～59歲,55,59,不相關,0.0,女,結婚,專科,不同性別,0
110,,9,樹林區,55～59歲,55,59,不相關,0.0,女,結婚,專科,相同性別,0
110,,9,樹林區,55～59歲,55,59,不相關,0.0,女,結婚,碩士,不同性別,0
110,,9,樹林區,55～59歲,55,59,不相關,0.0,女,結婚,碩士,相同性別,0
110,,9,樹林區,55～59歲,55,59,不相關,0.0,女,結婚,高中職,不同性別,2
110,,9,樹林區,55～59歲,55,59,不相關,0.0,女,結婚,高中職,相同性別,0
110,,9,樹林區,55～59歲,55,59,不相關,0.0,男,結婚,博士,不同性別,0
110,,9,樹林區,55～59歲,55,59,不相關,0.0,男,結婚,博士,相同性別,0
110,,9,樹林區,55～59歲,55,59,不相關,0.0,男,結婚,國中,不同性別,6
110,,9,樹林區,55～59歲,55,59,不相關,0.0,男,結婚,國中,相同性別,0
110,,9,樹林區,55～59歲,55,59,不相關,0.0,男,結婚,國小以下,不同性別,0
110,,9,樹林區,55～59歲,55,59,不相關,0.0,男,結婚,國小以下,相同性別,0
110,,9,樹林區,55～59歲,55,59,不相關,0.0,男,結婚,大學,不同性別,1
110,,9,樹林區,55～59歲,55,59,不相關,0.0,男,結婚,大學,相同性別,0
110,,9,樹林區,55～59歲,55,59,不相關,0.0,男,結婚,專科,不同性別,1
110,,9,樹林區,55～59歲,55,59,不相關,0.0,男,結婚,專科,相同性別,0
110,,9,樹林區,55～59歲,55,59,不相關,0.0,男,結婚,碩士,不同性別,1
110,,9,樹林區,55～59歲,55,59,不相關,0.0,男,結婚,碩士,相同性別,0
110,,9,樹林區,55～59歲,55,59,不相關,0.0,男,結婚,高中職,不同性別,5
110,,9,樹林區,55～59歲,55,59,不相關,0.0,男,結婚,高中職,相同性別,0
110,,9,樹林區,60～64歲,60,64,不相關,0.0,女,結婚,博士,不同性別,0
110,,9,樹林區,60～64歲,60,64,不相關,0.0,女,結婚,博士,相同性別,0
110,,9,樹林區,60～64歲,60,64,不相關,0.0,女,結婚,國中,不同性別,3
110,,9,樹林區,60～64歲,60,64,不相關,0.0,女,結婚,國中,相同性別,0
110,,9,樹林區,60～64歲,60,64,不相關,0.0,女,結婚,國小以下,不同性別,0
110,,9,樹林區,60～64歲,60,64,不相關,0.0,女,結婚,國小以下,相同性別,0
110,,9,樹林區,60～64歲,60,64,不相關,0.0,女,結婚,大學,不同性別,0
110,,9,樹林區,60～64歲,60,64,不相關,0.0,女,結婚,大學,相同性別,0
110,,9,樹林區,60～64歲,60,64,不相關,0.0,女,結婚,專科,不同性別,0
110,,9,樹林區,60～64歲,60,64,不相關,0.0,女,結婚,專科,相同性別,0
110,,9,樹林區,60～64歲,60,64,不相關,0.0,女,結婚,碩士,不同性別,0
110,,9,樹林區,60～64歲,60,64,不相關,0.0,女,結婚,碩士,相同性別,0
110,,9,樹林區,60～64歲,60,64,不相關,0.0,女,結婚,高中職,不同性別,0
110,,9,樹林區,60～64歲,60,64,不相關,0.0,女,結婚,高中職,相同性別,0
110,,9,樹林區,60～64歲,60,64,不相關,0.0,男,結婚,博士,不同性別,0
110,,9,樹林區,60～64歲,60,64,不相關,0.0,男,結婚,博士,相同性別,0
110,,9,樹林區,60～64歲,60,64,不相關,0.0,男,結婚,國中,不同性別,2
110,,9,樹林區,60～64歲,60,64,不相關,0.0,男,結婚,國中,相同性別,0
110,,9,樹林區,60～64歲,60,64,不相關,0.0,男,結婚,國小以下,不同性別,2
110,,9,樹林區,60～64歲,60,64,不相關,0.0,男,結婚,國小以下,相同性別,0
110,,9,樹林區,60～64歲,60,64,不相關,0.0,男,結婚,大學,不同性別,2
110,,9,樹林區,60～64歲,60,64,不相關,0.0,男,結婚,大學,相同性別,0
110,,9,樹林區,60～64歲,60,64,不相關,0.0,男,結婚,專科,不同性別,1
110,,9,樹林區,60～64歲,60,64,不相關,0.0,男,結婚,專科,相同性別,0
110,,9,樹林區,60～64歲,60,64,不相關,0.0,男,結婚,碩士,不同性別,0
110,,9,樹林區,60～64歲,60,64,不相關,0.0,男,結婚,碩士,相同性別,0
110,,9,樹林區,60～64歲,60,64,不相關,0.0,男,結婚,高中職,不同性別,5
110,,9,樹林區,60～64歲,60,64,不相關,0.0,男,結婚,高中職,相同性別,0
110,,9,樹林區,65歲以上,65,120,不相關,0.0,女,結婚,博士,不同性別,0
110,,9,樹林區,65歲以上,65,120,不相關,0.0,女,結婚,博士,相同性別,0
110,,9,樹林區,65歲以上,65,120,不相關,0.0,女,結婚,國中,不同性別,3
110,,9,樹林區,65歲以上,65,120,不相關,0.0,女,結婚,國中,相同性別,0
110,,9,樹林區,65歲以上,65,120,不相關,0.0,女,結婚,國小以下,不同性別,2
110,,9,樹林區,65歲以上,65,120,不相關,0.0,女,結婚,國小以下,相同性別,0
110,,9,樹林區,65歲以上,65,120,不相關,0.0,女,結婚,大學,不同性別,0
110,,9,樹林區,65歲以上,65,120,不相關,0.0,女,結婚,大學,相同性別,0
110,,9,樹林區,65歲以上,65,120,不相關,0.0,女,結婚,專科,不同性別,0
110,,9,樹林區,65歲以上,65,120,不相關,0.0,女,結婚,專科,相同性別,0
110,,9,樹林區,65歲以上,65,120,不相關,0.0,女,結婚,碩士,不同性別,0
110,,9,樹林區,65歲以上,65,120,不相關,0.0,女,結婚,碩士,相同性別,0
110,,9,樹林區,65歲以上,65,120,不相關,0.0,女,結婚,高中職,不同性別,0
110,,9,樹林區,65歲以上,65,120,不相關,0.0,女,結婚,高中職,相同性別,0
110,,9,樹林區,65歲以上,65,120,不相關,0.0,男,結婚,博士,不同性別,0
110,,9,樹林區,65歲以上,65,120,不相關,0.0,男,結婚,博士,相同性別,0
110,,9,樹林區,65歲以上,65,120,不相關,0.0,男,結婚,國中,不同性別,0
110,,9,樹林區,65歲以上,65,120,不相關,0.0,男,結婚,國中,相同性別,0
110,,9,樹林區,65歲以上,65,120,不相關,0.0,男,結婚,國小以下,不同性別,4
110,,9,樹林區,65歲以上,65,120,不相關,0.0,男,結婚,國小以下,相同性別,0
110,,9,樹林區,65歲以上,65,120,不相關,0.0,男,結婚,大學,不同性別,1
110,,9,樹林區,65歲以上,65,120,不相關,0.0,男,結婚,大學,相同性別,0
110,,9,樹林區,65歲以上,65,120,不相關,0.0,男,結婚,專科,不同性別,0
110,,9,樹林區,65歲以上,65,120,不相關,0.0,男,結婚,專科,相同性別,0
110,,9,樹林區,65歲以上,65,120,不相關,0.0,男,結婚,碩士,不同性別,0
110,,9,樹林區,65歲以上,65,120,不相關,0.0,男,結婚,碩士,相同性別,0
110,,9,樹林區,65歲以上,65,120,不相關,0.0,男,結婚,高中職,不同性別,0
110,,9,樹林區,65歲以上,65,120,不相關,0.0,男,結婚,高中職,相同性別,0
110,,10,鶯歌區,未滿15歲,0,14,不相關,0.0,女,結婚,博士,不同性別,0
110,,10,鶯歌區,未滿15歲,0,14,不相關,0.0,女,結婚,博士,相同性別,0
110,,10,鶯歌區,未滿15歲,0,14,不相關,0.0,女,結婚,國中,不同性別,0
110,,10,鶯歌區,未滿15歲,0,14,不相關,0.0,女,結婚,國中,相同性別,0
110,,10,鶯歌區,未滿15歲,0,14,不相關,0.0,女,結婚,國小以下,不同性別,0
110,,10,鶯歌區,未滿15歲,0,14,不相關,0.0,女,結婚,國小以下,相同性別,0
110,,10,鶯歌區,未滿15歲,0,14,不相關,0.0,女,結婚,大學,不同性別,0
110,,10,鶯歌區,未滿15歲,0,14,不相關,0.0,女,結婚,大學,相同性別,0
110,,10,鶯歌區,未滿15歲,0,14,不相關,0.0,女,結婚,專科,不同性別,0
110,,10,鶯歌區,未滿15歲,0,14,不相關,0.0,女,結婚,專科,相同性別,0
110,,10,鶯歌區,未滿15歲,0,14,不相關,0.0,女,結婚,碩士,不同性別,0
110,,10,鶯歌區,未滿15歲,0,14,不相關,0.0,女,結婚,碩士,相同性別,0
110,,10,鶯歌區,未滿15歲,0,14,不相關,0.0,女,結婚,高中職,不同性別,0
110,,10,鶯歌區,未滿15歲,0,14,不相關,0.0,女,結婚,高中職,相同性別,0
110,,10,鶯歌區,未滿15歲,0,14,不相關,0.0,男,結婚,博士,不同性別,0
110,,10,鶯歌區,未滿15歲,0,14,不相關,0.0,男,結婚,博士,相同性別,0
110,,10,鶯歌區,未滿15歲,0,14,不相關,0.0,男,結婚,國中,不同性別,0
110,,10,鶯歌區,未滿15歲,0,14,不相關,0.0,男,結婚,國中,相同性別,0
110,,10,鶯歌區,未滿15歲,0,14,不相關,0.0,男,結婚,國小以下,不同性別,0
110,,10,鶯歌區,未滿15歲,0,14,不相關,0.0,男,結婚,國小以下,相同性別,0
110,,10,鶯歌區,未滿15歲,0,14,不相關,0.0,男,結婚,大學,不同性別,0
110,,10,鶯歌區,未滿15歲,0,14,不相關,0.0,男,結婚,大學,相同性別,0
110,,10,鶯歌區,未滿15歲,0,14,不相關,0.0,男,結婚,專科,不同性別,0
110,,10,鶯歌區,未滿15歲,0,14,不相關,0.0,男,結婚,專科,相同性別,0
110,,10,鶯歌區,未滿15歲,0,14,不相關,0.0,男,結婚,碩士,不同性別,0
110,,10,鶯歌區,未滿15歲,0,14,不相關,0.0,男,結婚,碩士,相同性別,0
110,,10,鶯歌區,未滿15歲,0,14,不相關,0.0,男,結婚,高中職,不同性別,0
110,,10,鶯歌區,未滿15歲,0,14,不相關,0.0,男,結婚,高中職,相同性別,0
110,,10,鶯歌區,15～19歲,15,19,部分重疊,0.4,女,結婚,博士,不同性別,0
110,,10,鶯歌區,15～19歲,15,19,部分重疊,0.4,女,結婚,博士,相同性別,0
110,,10,鶯歌區,15～19歲,15,19,部分重疊,0.4,女,結婚,國中,不同性別,5
110,,10,鶯歌區,15～19歲,15,19,部分重疊,0.4,女,結婚,國中,相同性別,0
110,,10,鶯歌區,15～19歲,15,19,部分重疊,0.4,女,結婚,國小以下,不同性別,0
110,,10,鶯歌區,15～19歲,15,19,部分重疊,0.4,女,結婚,國小以下,相同性別,0
110,,10,鶯歌區,15～19歲,15,19,部分重疊,0.4,女,結婚,大學,不同性別,0
110,,10,鶯歌區,15～19歲,15,19,部分重疊,0.4,女,結婚,大學,相同性別,0
110,,10,鶯歌區,15～19歲,15,19,部分重疊,0.4,女,結婚,專科,不同性別,0
110,,10,鶯歌區,15～19歲,15,19,部分重疊,0.4,女,結婚,專科,相同性別,0
110,,10,鶯歌區,15～19歲,15,19,部分重疊,0.4,女,結婚,碩士,不同性別,0
110,,10,鶯歌區,15～19歲,15,19,部分重疊,0.4,女,結婚,碩士,相同性別,0
110,,10,鶯歌區,15～19歲,15,19,部分重疊,0.4,女,結婚,高中職,不同性別,4
110,,10,鶯歌區,15～19歲,15,19,部分重疊,0.4,女,結婚,高中職,相同性別,0
110,,10,鶯歌區,15～19歲,15,19,部分重疊,0.4,男,結婚,博士,不同性別,0
110,,10,鶯歌區,15～19歲,15,19,部分重疊,0.4,男,結婚,博士,相同性別,0
110,,10,鶯歌區,15～19歲,15,19,部分重疊,0.4,男,結婚,國中,不同性別,2
110,,10,鶯歌區,15～19歲,15,19,部分重疊,0.4,男,結婚,國中,相同性別,0
110,,10,鶯歌區,15～19歲,15,19,部分重疊,0.4,男,結婚,國小以下,不同性別,0
110,,10,鶯歌區,15～19歲,15,19,部分重疊,0.4,男,結婚,國小以下,相同性別,0
110,,10,鶯歌區,15～19歲,15,19,部分重疊,0.4,男,結婚,大學,不同性別,0
110,,10,鶯歌區,15～19歲,15,19,部分重疊,0.4,男,結婚,大學,相同性別,0
110,,10,鶯歌區,15～19歲,15,19,部分重疊,0.4,男,結婚,專科,不同性別,0
110,,10,鶯歌區,15～19歲,15,19,部分重疊,0.4,男,結婚,專科,相同性別,0
110,,10,鶯歌區,15～19歲,15,19,部分重疊,0.4,男,結婚,碩士,不同性別,0
110,,10,鶯歌區,15～19歲,15,19,部分重疊,0.4,男,結婚,碩士,相同性別,0
110,,10,鶯歌區,15～19歲,15,19,部分重疊,0.4,男,結婚,高中職,不同性別,0
110,,10,鶯歌區,15～19歲,15,19,部分重疊,0.4,男,結婚,高中職,相同性別,0
110,,10,鶯歌區,20～24歲,20,24,完全落入,1.0,女,結婚,博士,不同性別,0
110,,10,鶯歌區,20～24歲,20,24,完全落入,1.0,女,結婚,博士,相同性別,0
110,,10,鶯歌區,20～24歲,20,24,完全落入,1.0,女,結婚,國中,不同性別,12
110,,10,鶯歌區,20～24歲,20,24,完全落入,1.0,女,結婚,國中,相同性別,1
110,,10,鶯歌區,20～24歲,20,24,完全落入,1.0,女,結婚,國小以下,不同性別,0
110,,10,鶯歌區,20～24歲,20,24,完全落入,1.0,女,結婚,國小以下,相同性別,0
110,,10,鶯歌區,20～24歲,20,24,完全落入,1.0,女,結婚,大學,不同性別,10
110,,10,鶯歌區,20～24歲,20,24,完全落入,1.0,女,結婚,大學,相同性別,0
110,,10,鶯歌區,20～24歲,20,24,完全落入,1.0,女,結婚,專科,不同性別,5
110,,10,鶯歌區,20～24歲,20,24,完全落入,1.0,女,結婚,專科,相同性別,0
110,,10,鶯歌區,20～24歲,20,24,完全落入,1.0,女,結婚,碩士,不同性別,0
110,,10,鶯歌區,20～24歲,20,24,完全落入,1.0,女,結婚,碩士,相同性別,0
110,,10,鶯歌區,20～24歲,20,24,完全落入,1.0,女,結婚,高中職,不同性別,21
110,,10,鶯歌區,20～24歲,20,24,完全落入,1.0,女,結婚,高中職,相同性別,1
110,,10,鶯歌區,20～24歲,20,24,完全落入,1.0,男,結婚,博士,不同性別,0
110,,10,鶯歌區,20～24歲,20,24,完全落入,1.0,男,結婚,博士,相同性別,0
110,,10,鶯歌區,20～24歲,20,24,完全落入,1.0,男,結婚,國中,不同性別,11
110,,10,鶯歌區,20～24歲,20,24,完全落入,1.0,男,結婚,國中,相同性別,0
110,,10,鶯歌區,20～24歲,20,24,完全落入,1.0,男,結婚,國小以下,不同性別,0
110,,10,鶯歌區,20～24歲,20,24,完全落入,1.0,男,結婚,國小以下,相同性別,0
110,,10,鶯歌區,20～24歲,20,24,完全落入,1.0,男,結婚,大學,不同性別,8
110,,10,鶯歌區,20～24歲,20,24,完全落入,1.0,男,結婚,大學,相同性別,0
110,,10,鶯歌區,20～24歲,20,24,完全落入,1.0,男,結婚,專科,不同性別,0
110,,10,鶯歌區,20～24歲,20,24,完全落入,1.0,男,結婚,專科,相同性別,0
110,,10,鶯歌區,20～24歲,20,24,完全落入,1.0,男,結婚,碩士,不同性別,0
110,,10,鶯歌區,20～24歲,20,24,完全落入,1.0,男,結婚,碩士,相同性別,0
110,,10,鶯歌區,20～24歲,20,24,完全落入,1.0,男,結婚,高中職,不同性別,25
110,,10,鶯歌區,20～24歲,20,24,完全落入,1.0,男,結婚,高中職,相同性別,0
110,,10,鶯歌區,25～29歲,25,29,完全落入,1.0,女,結婚,博士,不同性別,0
110,,10,鶯歌區,25～29歲,25,29,完全落入,1.0,女,結婚,博士,相同性別,0
110,,10,鶯歌區,25～29歲,25,29,完全落入,1.0,女,結婚,國中,不同性別,7
110,,10,鶯歌區,25～29歲,25,29,完全落入,1.0,女,結婚,國中,相同性別,0
110,,10,鶯歌區,25～29歲,25,29,完全落入,1.0,女,結婚,國小以下,不同性別,1
110,,10,鶯歌區,25～29歲,25,29,完全落入,1.0,女,結婚,國小以下,相同性別,0
110,,10,鶯歌區,25～29歲,25,29,完全落入,1.0,女,結婚,大學,不同性別,103
110,,10,鶯歌區,25～29歲,25,29,完全落入,1.0,女,結婚,大學,相同性別,1
110,,10,鶯歌區,25～29歲,25,29,完全落入,1.0,女,結婚,專科,不同性別,9
110,,10,鶯歌區,25～29歲,25,29,完全落入,1.0,女,結婚,專科,相同性別,0
110,,10,鶯歌區,25～29歲,25,29,完全落入,1.0,女,結婚,碩士,不同性別,8
110,,10,鶯歌區,25～29歲,25,29,完全落入,1.0,女,結婚,碩士,相同性別,0
110,,10,鶯歌區,25～29歲,25,29,完全落入,1.0,女,結婚,高中職,不同性別,32
110,,10,鶯歌區,25～29歲,25,29,完全落入,1.0,女,結婚,高中職,相同性別,0
110,,10,鶯歌區,25～29歲,25,29,完全落入,1.0,男,結婚,博士,不同性別,0
110,,10,鶯歌區,25～29歲,25,29,完全落入,1.0,男,結婚,博士,相同性別,0
110,,10,鶯歌區,25～29歲,25,29,完全落入,1.0,男,結婚,國中,不同性別,14
110,,10,鶯歌區,25～29歲,25,29,完全落入,1.0,男,結婚,國中,相同性別,0
110,,10,鶯歌區,25～29歲,25,29,完全落入,1.0,男,結婚,國小以下,不同性別,0
110,,10,鶯歌區,25～29歲,25,29,完全落入,1.0,男,結婚,國小以下,相同性別,0
110,,10,鶯歌區,25～29歲,25,29,完全落入,1.0,男,結婚,大學,不同性別,56
110,,10,鶯歌區,25～29歲,25,29,完全落入,1.0,男,結婚,大學,相同性別,2
110,,10,鶯歌區,25～29歲,25,29,完全落入,1.0,男,結婚,專科,不同性別,7
110,,10,鶯歌區,25～29歲,25,29,完全落入,1.0,男,結婚,專科,相同性別,0
110,,10,鶯歌區,25～29歲,25,29,完全落入,1.0,男,結婚,碩士,不同性別,9
110,,10,鶯歌區,25～29歲,25,29,完全落入,1.0,男,結婚,碩士,相同性別,0
110,,10,鶯歌區,25～29歲,25,29,完全落入,1.0,男,結婚,高中職,不同性別,44
110,,10,鶯歌區,25～29歲,25,29,完全落入,1.0,男,結婚,高中職,相同性別,0
110,,10,鶯歌區,30～34歲,30,34,完全落入,1.0,女,結婚,博士,不同性別,0
110,,10,鶯歌區,30～34歲,30,34,完全落入,1.0,女,結婚,博士,相同性別,0
110,,10,鶯歌區,30～34歲,30,34,完全落入,1.0,女,結婚,國中,不同性別,9
110,,10,鶯歌區,30～34歲,30,34,完全落入,1.0,女,結婚,國中,相同性別,1
110,,10,鶯歌區,30～34歲,30,34,完全落入,1.0,女,結婚,國小以下,不同性別,0
110,,10,鶯歌區,30～34歲,30,34,完全落入,1.0,女,結婚,國小以下,相同性別,0
110,,10,鶯歌區,30～34歲,30,34,完全落入,1.0,女,結婚,大學,不同性別,86
110,,10,鶯歌區,30～34歲,30,34,完全落入,1.0,女,結婚,大學,相同性別,3
110,,10,鶯歌區,30～34歲,30,34,完全落入,1.0,女,結婚,專科,不同性別,8
110,,10,鶯歌區,30～34歲,30,34,完全落入,1.0,女,結婚,專科,相同性別,1
110,,10,鶯歌區,30～34歲,30,34,完全落入,1.0,女,結婚,碩士,不同性別,14
110,,10,鶯歌區,30～34歲,30,34,完全落入,1.0,女,結婚,碩士,相同性別,0
110,,10,鶯歌區,30～34歲,30,34,完全落入,1.0,女,結婚,高中職,不同性別,15
110,,10,鶯歌區,30～34歲,30,34,完全落入,1.0,女,結婚,高中職,相同性別,2
110,,10,鶯歌區,30～34歲,30,34,完全落入,1.0,男,結婚,博士,不同性別,0
110,,10,鶯歌區,30～34歲,30,34,完全落入,1.0,男,結婚,博士,相同性別,0
110,,10,鶯歌區,30～34歲,30,34,完全落入,1.0,男,結婚,國中,不同性別,7
110,,10,鶯歌區,30～34歲,30,34,完全落入,1.0,男,結婚,國中,相同性別,0
110,,10,鶯歌區,30～34歲,30,34,完全落入,1.0,男,結婚,國小以下,不同性別,0
110,,10,鶯歌區,30～34歲,30,34,完全落入,1.0,男,結婚,國小以下,相同性別,0
110,,10,鶯歌區,30～34歲,30,34,完全落入,1.0,男,結婚,大學,不同性別,68
110,,10,鶯歌區,30～34歲,30,34,完全落入,1.0,男,結婚,大學,相同性別,0
110,,10,鶯歌區,30～34歲,30,34,完全落入,1.0,男,結婚,專科,不同性別,3
110,,10,鶯歌區,30～34歲,30,34,完全落入,1.0,男,結婚,專科,相同性別,0
110,,10,鶯歌區,30～34歲,30,34,完全落入,1.0,男,結婚,碩士,不同性別,22
110,,10,鶯歌區,30～34歲,30,34,完全落入,1.0,男,結婚,碩士,相同性別,2
110,,10,鶯歌區,30～34歲,30,34,完全落入,1.0,男,結婚,高中職,不同性別,29
110,,10,鶯歌區,30～34歲,30,34,完全落入,1.0,男,結婚,高中職,相同性別,0
110,,10,鶯歌區,35～39歲,35,39,部分重疊,0.2,女,結婚,博士,不同性別,0
110,,10,鶯歌區,35～39歲,35,39,部分重疊,0.2,女,結婚,博士,相同性別,0
110,,10,鶯歌區,35～39歲,35,39,部分重疊,0.2,女,結婚,國中,不同性別,9
110,,10,鶯歌區,35～39歲,35,39,部分重疊,0.2,女,結婚,國中,相同性別,0
110,,10,鶯歌區,35～39歲,35,39,部分重疊,0.2,女,結婚,國小以下,不同性別,0
110,,10,鶯歌區,35～39歲,35,39,部分重疊,0.2,女,結婚,國小以下,相同性別,0
110,,10,鶯歌區,35～39歲,35,39,部分重疊,0.2,女,結婚,大學,不同性別,30
110,,10,鶯歌區,35～39歲,35,39,部分重疊,0.2,女,結婚,大學,相同性別,1
110,,10,鶯歌區,35～39歲,35,39,部分重疊,0.2,女,結婚,專科,不同性別,9
110,,10,鶯歌區,35～39歲,35,39,部分重疊,0.2,女,結婚,專科,相同性別,0
110,,10,鶯歌區,35～39歲,35,39,部分重疊,0.2,女,結婚,碩士,不同性別,6
110,,10,鶯歌區,35～39歲,35,39,部分重疊,0.2,女,結婚,碩士,相同性別,0
110,,10,鶯歌區,35～39歲,35,39,部分重疊,0.2,女,結婚,高中職,不同性別,13
110,,10,鶯歌區,35～39歲,35,39,部分重疊,0.2,女,結婚,高中職,相同性別,0
110,,10,鶯歌區,35～39歲,35,39,部分重疊,0.2,男,結婚,博士,不同性別,1
110,,10,鶯歌區,35～39歲,35,39,部分重疊,0.2,男,結婚,博士,相同性別,0
110,,10,鶯歌區,35～39歲,35,39,部分重疊,0.2,男,結婚,國中,不同性別,17
110,,10,鶯歌區,35～39歲,35,39,部分重疊,0.2,男,結婚,國中,相同性別,0
110,,10,鶯歌區,35～39歲,35,39,部分重疊,0.2,男,結婚,國小以下,不同性別,1
110,,10,鶯歌區,35～39歲,35,39,部分重疊,0.2,男,結婚,國小以下,相同性別,0
110,,10,鶯歌區,35～39歲,35,39,部分重疊,0.2,男,結婚,大學,不同性別,31
110,,10,鶯歌區,35～39歲,35,39,部分重疊,0.2,男,結婚,大學,相同性別,0
110,,10,鶯歌區,35～39歲,35,39,部分重疊,0.2,男,結婚,專科,不同性別,9
110,,10,鶯歌區,35～39歲,35,39,部分重疊,0.2,男,結婚,專科,相同性別,0
110,,10,鶯歌區,35～39歲,35,39,部分重疊,0.2,男,結婚,碩士,不同性別,13
110,,10,鶯歌區,35～39歲,35,39,部分重疊,0.2,男,結婚,碩士,相同性別,0
110,,10,鶯歌區,35～39歲,35,39,部分重疊,0.2,男,結婚,高中職,不同性別,25
110,,10,鶯歌區,35～39歲,35,39,部分重疊,0.2,男,結婚,高中職,相同性別,0
110,,10,鶯歌區,40～44歲,40,44,不相關,0.0,女,結婚,博士,不同性別,0
110,,10,鶯歌區,40～44歲,40,44,不相關,0.0,女,結婚,博士,相同性別,0
110,,10,鶯歌區,40～44歲,40,44,不相關,0.0,女,結婚,國中,不同性別,8
110,,10,鶯歌區,40～44歲,40,44,不相關,0.0,女,結婚,國中,相同性別,0
110,,10,鶯歌區,40～44歲,40,44,不相關,0.0,女,結婚,國小以下,不同性別,2
110,,10,鶯歌區,40～44歲,40,44,不相關,0.0,女,結婚,國小以下,相同性別,0
110,,10,鶯歌區,40～44歲,40,44,不相關,0.0,女,結婚,大學,不同性別,6
110,,10,鶯歌區,40～44歲,40,44,不相關,0.0,女,結婚,大學,相同性別,1
110,,10,鶯歌區,40～44歲,40,44,不相關,0.0,女,結婚,專科,不同性別,5
110,,10,鶯歌區,40～44歲,40,44,不相關,0.0,女,結婚,專科,相同性別,0
110,,10,鶯歌區,40～44歲,40,44,不相關,0.0,女,結婚,碩士,不同性別,1
110,,10,鶯歌區,40～44歲,40,44,不相關,0.0,女,結婚,碩士,相同性別,0
110,,10,鶯歌區,40～44歲,40,44,不相關,0.0,女,結婚,高中職,不同性別,8
110,,10,鶯歌區,40～44歲,40,44,不相關,0.0,女,結婚,高中職,相同性別,0
110,,10,鶯歌區,40～44歲,40,44,不相關,0.0,男,結婚,博士,不同性別,0
110,,10,鶯歌區,40～44歲,40,44,不相關,0.0,男,結婚,博士,相同性別,0
110,,10,鶯歌區,40～44歲,40,44,不相關,0.0,男,結婚,國中,不同性別,7
110,,10,鶯歌區,40～44歲,40,44,不相關,0.0,男,結婚,國中,相同性別,0
110,,10,鶯歌區,40～44歲,40,44,不相關,0.0,男,結婚,國小以下,不同性別,0
110,,10,鶯歌區,40～44歲,40,44,不相關,0.0,男,結婚,國小以下,相同性別,0
110,,10,鶯歌區,40～44歲,40,44,不相關,0.0,男,結婚,大學,不同性別,9
110,,10,鶯歌區,40～44歲,40,44,不相關,0.0,男,結婚,大學,相同性別,0
110,,10,鶯歌區,40～44歲,40,44,不相關,0.0,男,結婚,專科,不同性別,6
110,,10,鶯歌區,40～44歲,40,44,不相關,0.0,男,結婚,專科,相同性別,0
110,,10,鶯歌區,40～44歲,40,44,不相關,0.0,男,結婚,碩士,不同性別,3
110,,10,鶯歌區,40～44歲,40,44,不相關,0.0,男,結婚,碩士,相同性別,0
110,,10,鶯歌區,40～44歲,40,44,不相關,0.0,男,結婚,高中職,不同性別,10
110,,10,鶯歌區,40～44歲,40,44,不相關,0.0,男,結婚,高中職,相同性別,0
110,,10,鶯歌區,45～49歲,45,49,不相關,0.0,女,結婚,博士,不同性別,0
110,,10,鶯歌區,45～49歲,45,49,不相關,0.0,女,結婚,博士,相同性別,0
110,,10,鶯歌區,45～49歲,45,49,不相關,0.0,女,結婚,國中,不同性別,4
110,,10,鶯歌區,45～49歲,45,49,不相關,0.0,女,結婚,國中,相同性別,0
110,,10,鶯歌區,45～49歲,45,49,不相關,0.0,女,結婚,國小以下,不同性別,0
110,,10,鶯歌區,45～49歲,45,49,不相關,0.0,女,結婚,國小以下,相同性別,0
110,,10,鶯歌區,45～49歲,45,49,不相關,0.0,女,結婚,大學,不同性別,2
110,,10,鶯歌區,45～49歲,45,49,不相關,0.0,女,結婚,大學,相同性別,0
110,,10,鶯歌區,45～49歲,45,49,不相關,0.0,女,結婚,專科,不同性別,2
110,,10,鶯歌區,45～49歲,45,49,不相關,0.0,女,結婚,專科,相同性別,0
110,,10,鶯歌區,45～49歲,45,49,不相關,0.0,女,結婚,碩士,不同性別,0
110,,10,鶯歌區,45～49歲,45,49,不相關,0.0,女,結婚,碩士,相同性別,0
110,,10,鶯歌區,45～49歲,45,49,不相關,0.0,女,結婚,高中職,不同性別,12
110,,10,鶯歌區,45～49歲,45,49,不相關,0.0,女,結婚,高中職,相同性別,0
110,,10,鶯歌區,45～49歲,45,49,不相關,0.0,男,結婚,博士,不同性別,1
110,,10,鶯歌區,45～49歲,45,49,不相關,0.0,男,結婚,博士,相同性別,0
110,,10,鶯歌區,45～49歲,45,49,不相關,0.0,男,結婚,國中,不同性別,1
110,,10,鶯歌區,45～49歲,45,49,不相關,0.0,男,結婚,國中,相同性別,0
110,,10,鶯歌區,45～49歲,45,49,不相關,0.0,男,結婚,國小以下,不同性別,0
110,,10,鶯歌區,45～49歲,45,49,不相關,0.0,男,結婚,國小以下,相同性別,0
110,,10,鶯歌區,45～49歲,45,49,不相關,0.0,男,結婚,大學,不同性別,2
110,,10,鶯歌區,45～49歲,45,49,不相關,0.0,男,結婚,大學,相同性別,0
110,,10,鶯歌區,45～49歲,45,49,不相關,0.0,男,結婚,專科,不同性別,2
110,,10,鶯歌區,45～49歲,45,49,不相關,0.0,男,結婚,專科,相同性別,0
110,,10,鶯歌區,45～49歲,45,49,不相關,0.0,男,結婚,碩士,不同性別,3
110,,10,鶯歌區,45～49歲,45,49,不相關,0.0,男,結婚,碩士,相同性別,0
110,,10,鶯歌區,45～49歲,45,49,不相關,0.0,男,結婚,高中職,不同性別,9
110,,10,鶯歌區,45～49歲,45,49,不相關,0.0,男,結婚,高中職,相同性別,0
110,,10,鶯歌區,50～54歲,50,54,不相關,0.0,女,結婚,博士,不同性別,0
110,,10,鶯歌區,50～54歲,50,54,不相關,0.0,女,結婚,博士,相同性別,0
110,,10,鶯歌區,50～54歲,50,54,不相關,0.0,女,結婚,國中,不同性別,1
110,,10,鶯歌區,50～54歲,50,54,不相關,0.0,女,結婚,國中,相同性別,0
110,,10,鶯歌區,50～54歲,50,54,不相關,0.0,女,結婚,國小以下,不同性別,0
110,,10,鶯歌區,50～54歲,50,54,不相關,0.0,女,結婚,國小以下,相同性別,0
110,,10,鶯歌區,50～54歲,50,54,不相關,0.0,女,結婚,大學,不同性別,0
110,,10,鶯歌區,50～54歲,50,54,不相關,0.0,女,結婚,大學,相同性別,0
110,,10,鶯歌區,50～54歲,50,54,不相關,0.0,女,結婚,專科,不同性別,0
110,,10,鶯歌區,50～54歲,50,54,不相關,0.0,女,結婚,專科,相同性別,0
110,,10,鶯歌區,50～54歲,50,54,不相關,0.0,女,結婚,碩士,不同性別,0
110,,10,鶯歌區,50～54歲,50,54,不相關,0.0,女,結婚,碩士,相同性別,0
110,,10,鶯歌區,50～54歲,50,54,不相關,0.0,女,結婚,高中職,不同性別,2
110,,10,鶯歌區,50～54歲,50,54,不相關,0.0,女,結婚,高中職,相同性別,0
110,,10,鶯歌區,50～54歲,50,54,不相關,0.0,男,結婚,博士,不同性別,0
110,,10,鶯歌區,50～54歲,50,54,不相關,0.0,男,結婚,博士,相同性別,0
110,,10,鶯歌區,50～54歲,50,54,不相關,0.0,男,結婚,國中,不同性別,4
110,,10,鶯歌區,50～54歲,50,54,不相關,0.0,男,結婚,國中,相同性別,0
110,,10,鶯歌區,50～54歲,50,54,不相關,0.0,男,結婚,國小以下,不同性別,1
110,,10,鶯歌區,50～54歲,50,54,不相關,0.0,男,結婚,國小以下,相同性別,0
110,,10,鶯歌區,50～54歲,50,54,不相關,0.0,男,結婚,大學,不同性別,1
110,,10,鶯歌區,50～54歲,50,54,不相關,0.0,男,結婚,大學,相同性別,0
110,,10,鶯歌區,50～54歲,50,54,不相關,0.0,男,結婚,專科,不同性別,0
110,,10,鶯歌區,50～54歲,50,54,不相關,0.0,男,結婚,專科,相同性別,0
110,,10,鶯歌區,50～54歲,50,54,不相關,0.0,男,結婚,碩士,不同性別,0
110,,10,鶯歌區,50～54歲,50,54,不相關,0.0,男,結婚,碩士,相同性別,0
110,,10,鶯歌區,50～54歲,50,54,不相關,0.0,男,結婚,高中職,不同性別,3
110,,10,鶯歌區,50～54歲,50,54,不相關,0.0,男,結婚,高中職,相同性別,0
110,,10,鶯歌區,55～59歲,55,59,不相關,0.0,女,結婚,博士,不同性別,0
110,,10,鶯歌區,55～59歲,55,59,不相關,0.0,女,結婚,博士,相同性別,0
110,,10,鶯歌區,55～59歲,55,59,不相關,0.0,女,結婚,國中,不同性別,2
110,,10,鶯歌區,55～59歲,55,59,不相關,0.0,女,結婚,國中,相同性別,0
110,,10,鶯歌區,55～59歲,55,59,不相關,0.0,女,結婚,國小以下,不同性別,1
110,,10,鶯歌區,55～59歲,55,59,不相關,0.0,女,結婚,國小以下,相同性別,0
110,,10,鶯歌區,55～59歲,55,59,不相關,0.0,女,結婚,大學,不同性別,1
110,,10,鶯歌區,55～59歲,55,59,不相關,0.0,女,結婚,大學,相同性別,0
110,,10,鶯歌區,55～59歲,55,59,不相關,0.0,女,結婚,專科,不同性別,0
110,,10,鶯歌區,55～59歲,55,59,不相關,0.0,女,結婚,專科,相同性別,0
110,,10,鶯歌區,55～59歲,55,59,不相關,0.0,女,結婚,碩士,不同性別,0
110,,10,鶯歌區,55～59歲,55,59,不相關,0.0,女,結婚,碩士,相同性別,0
110,,10,鶯歌區,55～59歲,55,59,不相關,0.0,女,結婚,高中職,不同性別,1
110,,10,鶯歌區,55～59歲,55,59,不相關,0.0,女,結婚,高中職,相同性別,0
110,,10,鶯歌區,55～59歲,55,59,不相關,0.0,男,結婚,博士,不同性別,0
110,,10,鶯歌區,55～59歲,55,59,不相關,0.0,男,結婚,博士,相同性別,0
110,,10,鶯歌區,55～59歲,55,59,不相關,0.0,男,結婚,國中,不同性別,4
110,,10,鶯歌區,55～59歲,55,59,不相關,0.0,男,結婚,國中,相同性別,0
110,,10,鶯歌區,55～59歲,55,59,不相關,0.0,男,結婚,國小以下,不同性別,0
110,,10,鶯歌區,55～59歲,55,59,不相關,0.0,男,結婚,國小以下,相同性別,0
110,,10,鶯歌區,55～59歲,55,59,不相關,0.0,男,結婚,大學,不同性別,0
110,,10,鶯歌區,55～59歲,55,59,不相關,0.0,男,結婚,大學,相同性別,0
110,,10,鶯歌區,55～59歲,55,59,不相關,0.0,男,結婚,專科,不同性別,2
110,,10,鶯歌區,55～59歲,55,59,不相關,0.0,男,結婚,專科,相同性別,0
110,,10,鶯歌區,55～59歲,55,59,不相關,0.0,男,結婚,碩士,不同性別,0
110,,10,鶯歌區,55～59歲,55,59,不相關,0.0,男,結婚,碩士,相同性別,0
110,,10,鶯歌區,55～59歲,55,59,不相關,0.0,男,結婚,高中職,不同性別,0
110,,10,鶯歌區,55～59歲,55,59,不相關,0.0,男,結婚,高中職,相同性別,0
110,,10,鶯歌區,60～64歲,60,64,不相關,0.0,女,結婚,博士,不同性別,0
110,,10,鶯歌區,60～64歲,60,64,不相關,0.0,女,結婚,博士,相同性別,0
110,,10,鶯歌區,60～64歲,60,64,不相關,0.0,女,結婚,國中,不同性別,0
110,,10,鶯歌區,60～64歲,60,64,不相關,0.0,女,結婚,國中,相同性別,0
110,,10,鶯歌區,60～64歲,60,64,不相關,0.0,女,結婚,國小以下,不同性別,0
110,,10,鶯歌區,60～64歲,60,64,不相關,0.0,女,結婚,國小以下,相同性別,0
110,,10,鶯歌區,60～64歲,60,64,不相關,0.0,女,結婚,大學,不同性別,0
110,,10,鶯歌區,60～64歲,60,64,不相關,0.0,女,結婚,大學,相同性別,0
110,,10,鶯歌區,60～64歲,60,64,不相關,0.0,女,結婚,專科,不同性別,0
110,,10,鶯歌區,60～64歲,60,64,不相關,0.0,女,結婚,專科,相同性別,0
110,,10,鶯歌區,60～64歲,60,64,不相關,0.0,女,結婚,碩士,不同性別,0
110,,10,鶯歌區,60～64歲,60,64,不相關,0.0,女,結婚,碩士,相同性別,0
110,,10,鶯歌區,60～64歲,60,64,不相關,0.0,女,結婚,高中職,不同性別,2
110,,10,鶯歌區,60～64歲,60,64,不相關,0.0,女,結婚,高中職,相同性別,0
110,,10,鶯歌區,60～64歲,60,64,不相關,0.0,男,結婚,博士,不同性別,0
110,,10,鶯歌區,60～64歲,60,64,不相關,0.0,男,結婚,博士,相同性別,0
110,,10,鶯歌區,60～64歲,60,64,不相關,0.0,男,結婚,國中,不同性別,2
110,,10,鶯歌區,60～64歲,60,64,不相關,0.0,男,結婚,國中,相同性別,0
110,,10,鶯歌區,60～64歲,60,64,不相關,0.0,男,結婚,國小以下,不同性別,0
110,,10,鶯歌區,60～64歲,60,64,不相關,0.0,男,結婚,國小以下,相同性別,0
110,,10,鶯歌區,60～64歲,60,64,不相關,0.0,男,結婚,大學,不同性別,0
110,,10,鶯歌區,60～64歲,60,64,不相關,0.0,男,結婚,大學,相同性別,0
110,,10,鶯歌區,60～64歲,60,64,不相關,0.0,男,結婚,專科,不同性別,2
110,,10,鶯歌區,60～64歲,60,64,不相關,0.0,男,結婚,專科,相同性別,0
110,,10,鶯歌區,60～64歲,60,64,不相關,0.0,男,結婚,碩士,不同性別,0
110,,10,鶯歌區,60～64歲,60,64,不相關,0.0,男,結婚,碩士,相同性別,0
110,,10,鶯歌區,60～64歲,60,64,不相關,0.0,男,結婚,高中職,不同性別,1
110,,10,鶯歌區,60～64歲,60,64,不相關,0.0,男,結婚,高中職,相同性別,0
110,,10,鶯歌區,65歲以上,65,120,不相關,0.0,女,結婚,博士,不同性別,0
110,,10,鶯歌區,65歲以上,65,120,不相關,0.0,女,結婚,博士,相同性別,0
110,,10,鶯歌區,65歲以上,65,120,不相關,0.0,女,結婚,國中,不同性別,1
110,,10,鶯歌區,65歲以上,65,120,不相關,0.0,女,結婚,國中,相同性別,0
110,,10,鶯歌區,65歲以上,65,120,不相關,0.0,女,結婚,國小以下,不同性別,1
110,,10,鶯歌區,65歲以上,65,120,不相關,0.0,女,結婚,國小以下,相同性別,0
110,,10,鶯歌區,65歲以上,65,120,不相關,0.0,女,結婚,大學,不同性別,0
110,,10,鶯歌區,65歲以上,65,120,不相關,0.0,女,結婚,大學,相同性別,0
110,,10,鶯歌區,65歲以上,65,120,不相關,0.0,女,結婚,專科,不同性別,1
110,,10,鶯歌區,65歲以上,65,120,不相關,0.0,女,結婚,專科,相同性別,0
110,,10,鶯歌區,65歲以上,65,120,不相關,0.0,女,結婚,碩士,不同性別,0
110,,10,鶯歌區,65歲以上,65,120,不相關,0.0,女,結婚,碩士,相同性別,0
110,,10,鶯歌區,65歲以上,65,120,不相關,0.0,女,結婚,高中職,不同性別,0
110,,10,鶯歌區,65歲以上,65,120,不相關,0.0,女,結婚,高中職,相同性別,0
110,,10,鶯歌區,65歲以上,65,120,不相關,0.0,男,結婚,博士,不同性別,0
110,,10,鶯歌區,65歲以上,65,120,不相關,0.0,男,結婚,博士,相同性別,0
110,,10,鶯歌區,65歲以上,65,120,不相關,0.0,男,結婚,國中,不同性別,1
110,,10,鶯歌區,65歲以上,65,120,不相關,0.0,男,結婚,國中,相同性別,0
110,,10,鶯歌區,65歲以上,65,120,不相關,0.0,男,結婚,國小以下,不同性別,1
110,,10,鶯歌區,65歲以上,65,120,不相關,0.0,男,結婚,國小以下,相同性別,0
110,,10,鶯歌區,65歲以上,65,120,不相關,0.0,男,結婚,大學,不同性別,2
110,,10,鶯歌區,65歲以上,65,120,不相關,0.0,男,結婚,大學,相同性別,0
110,,10,鶯歌區,65歲以上,65,120,不相關,0.0,男,結婚,專科,不同性別,0
110,,10,鶯歌區,65歲以上,65,120,不相關,0.0,男,結婚,專科,相同性別,0
110,,10,鶯歌區,65歲以上,65,120,不相關,0.0,男,結婚,碩士,不同性別,0
110,,10,鶯歌區,65歲以上,65,120,不相關,0.0,男,結婚,碩士,相同性別,0
110,,10,鶯歌區,65歲以上,65,120,不相關,0.0,男,結婚,高中職,不同性別,0
110,,10,鶯歌區,65歲以上,65,120,不相關,0.0,男,結婚,高中職,相同性別,0
110,,11,三峽區,未滿15歲,0,14,不相關,0.0,女,結婚,博士,不同性別,0
110,,11,三峽區,未滿15歲,0,14,不相關,0.0,女,結婚,博士,相同性別,0
110,,11,三峽區,未滿15歲,0,14,不相關,0.0,女,結婚,國中,不同性別,0
110,,11,三峽區,未滿15歲,0,14,不相關,0.0,女,結婚,國中,相同性別,0
110,,11,三峽區,未滿15歲,0,14,不相關,0.0,女,結婚,國小以下,不同性別,0
110,,11,三峽區,未滿15歲,0,14,不相關,0.0,女,結婚,國小以下,相同性別,0
110,,11,三峽區,未滿15歲,0,14,不相關,0.0,女,結婚,大學,不同性別,0
110,,11,三峽區,未滿15歲,0,14,不相關,0.0,女,結婚,大學,相同性別,0
110,,11,三峽區,未滿15歲,0,14,不相關,0.0,女,結婚,專科,不同性別,0
110,,11,三峽區,未滿15歲,0,14,不相關,0.0,女,結婚,專科,相同性別,0
110,,11,三峽區,未滿15歲,0,14,不相關,0.0,女,結婚,碩士,不同性別,0
110,,11,三峽區,未滿15歲,0,14,不相關,0.0,女,結婚,碩士,相同性別,0
110,,11,三峽區,未滿15歲,0,14,不相關,0.0,女,結婚,高中職,不同性別,0
110,,11,三峽區,未滿15歲,0,14,不相關,0.0,女,結婚,高中職,相同性別,0
110,,11,三峽區,未滿15歲,0,14,不相關,0.0,男,結婚,博士,不同性別,0
110,,11,三峽區,未滿15歲,0,14,不相關,0.0,男,結婚,博士,相同性別,0
110,,11,三峽區,未滿15歲,0,14,不相關,0.0,男,結婚,國中,不同性別,0
110,,11,三峽區,未滿15歲,0,14,不相關,0.0,男,結婚,國中,相同性別,0
110,,11,三峽區,未滿15歲,0,14,不相關,0.0,男,結婚,國小以下,不同性別,0
110,,11,三峽區,未滿15歲,0,14,不相關,0.0,男,結婚,國小以下,相同性別,0
110,,11,三峽區,未滿15歲,0,14,不相關,0.0,男,結婚,大學,不同性別,0
110,,11,三峽區,未滿15歲,0,14,不相關,0.0,男,結婚,大學,相同性別,0
110,,11,三峽區,未滿15歲,0,14,不相關,0.0,男,結婚,專科,不同性別,0
110,,11,三峽區,未滿15歲,0,14,不相關,0.0,男,結婚,專科,相同性別,0
110,,11,三峽區,未滿15歲,0,14,不相關,0.0,男,結婚,碩士,不同性別,0
110,,11,三峽區,未滿15歲,0,14,不相關,0.0,男,結婚,碩士,相同性別,0
110,,11,三峽區,未滿15歲,0,14,不相關,0.0,男,結婚,高中職,不同性別,0
110,,11,三峽區,未滿15歲,0,14,不相關,0.0,男,結婚,高中職,相同性別,0
110,,11,三峽區,15～19歲,15,19,部分重疊,0.4,女,結婚,博士,不同性別,0
110,,11,三峽區,15～19歲,15,19,部分重疊,0.4,女,結婚,博士,相同性別,0
110,,11,三峽區,15～19歲,15,19,部分重疊,0.4,女,結婚,國中,不同性別,8
110,,11,三峽區,15～19歲,15,19,部分重疊,0.4,女,結婚,國中,相同性別,0
110,,11,三峽區,15～19歲,15,19,部分重疊,0.4,女,結婚,國小以下,不同性別,0
110,,11,三峽區,15～19歲,15,19,部分重疊,0.4,女,結婚,國小以下,相同性別,0
110,,11,三峽區,15～19歲,15,19,部分重疊,0.4,女,結婚,大學,不同性別,0
110,,11,三峽區,15～19歲,15,19,部分重疊,0.4,女,結婚,大學,相同性別,0
110,,11,三峽區,15～19歲,15,19,部分重疊,0.4,女,結婚,專科,不同性別,0
110,,11,三峽區,15～19歲,15,19,部分重疊,0.4,女,結婚,專科,相同性別,0
110,,11,三峽區,15～19歲,15,19,部分重疊,0.4,女,結婚,碩士,不同性別,0
110,,11,三峽區,15～19歲,15,19,部分重疊,0.4,女,結婚,碩士,相同性別,0
110,,11,三峽區,15～19歲,15,19,部分重疊,0.4,女,結婚,高中職,不同性別,4
110,,11,三峽區,15～19歲,15,19,部分重疊,0.4,女,結婚,高中職,相同性別,0
110,,11,三峽區,15～19歲,15,19,部分重疊,0.4,男,結婚,博士,不同性別,0
110,,11,三峽區,15～19歲,15,19,部分重疊,0.4,男,結婚,博士,相同性別,0
110,,11,三峽區,15～19歲,15,19,部分重疊,0.4,男,結婚,國中,不同性別,3
110,,11,三峽區,15～19歲,15,19,部分重疊,0.4,男,結婚,國中,相同性別,0
110,,11,三峽區,15～19歲,15,19,部分重疊,0.4,男,結婚,國小以下,不同性別,0
110,,11,三峽區,15～19歲,15,19,部分重疊,0.4,男,結婚,國小以下,相同性別,0
110,,11,三峽區,15～19歲,15,19,部分重疊,0.4,男,結婚,大學,不同性別,0
110,,11,三峽區,15～19歲,15,19,部分重疊,0.4,男,結婚,大學,相同性別,0
110,,11,三峽區,15～19歲,15,19,部分重疊,0.4,男,結婚,專科,不同性別,0
110,,11,三峽區,15～19歲,15,19,部分重疊,0.4,男,結婚,專科,相同性別,0
110,,11,三峽區,15～19歲,15,19,部分重疊,0.4,男,結婚,碩士,不同性別,0
110,,11,三峽區,15～19歲,15,19,部分重疊,0.4,男,結婚,碩士,相同性別,0
110,,11,三峽區,15～19歲,15,19,部分重疊,0.4,男,結婚,高中職,不同性別,1
110,,11,三峽區,15～19歲,15,19,部分重疊,0.4,男,結婚,高中職,相同性別,0
110,,11,三峽區,20～24歲,20,24,完全落入,1.0,女,結婚,博士,不同性別,0
110,,11,三峽區,20～24歲,20,24,完全落入,1.0,女,結婚,博士,相同性別,0
110,,11,三峽區,20～24歲,20,24,完全落入,1.0,女,結婚,國中,不同性別,18
110,,11,三峽區,20～24歲,20,24,完全落入,1.0,女,結婚,國中,相同性別,0
110,,11,三峽區,20～24歲,20,24,完全落入,1.0,女,結婚,國小以下,不同性別,0
110,,11,三峽區,20～24歲,20,24,完全落入,1.0,女,結婚,國小以下,相同性別,0
110,,11,三峽區,20～24歲,20,24,完全落入,1.0,女,結婚,大學,不同性別,16
110,,11,三峽區,20～24歲,20,24,完全落入,1.0,女,結婚,大學,相同性別,0
110,,11,三峽區,20～24歲,20,24,完全落入,1.0,女,結婚,專科,不同性別,4
110,,11,三峽區,20～24歲,20,24,完全落入,1.0,女,結婚,專科,相同性別,0
110,,11,三峽區,20～24歲,20,24,完全落入,1.0,女,結婚,碩士,不同性別,0
110,,11,三峽區,20～24歲,20,24,完全落入,1.0,女,結婚,碩士,相同性別,0
110,,11,三峽區,20～24歲,20,24,完全落入,1.0,女,結婚,高中職,不同性別,42
110,,11,三峽區,20～24歲,20,24,完全落入,1.0,女,結婚,高中職,相同性別,0
110,,11,三峽區,20～24歲,20,24,完全落入,1.0,男,結婚,博士,不同性別,0
110,,11,三峽區,20～24歲,20,24,完全落入,1.0,男,結婚,博士,相同性別,0
110,,11,三峽區,20～24歲,20,24,完全落入,1.0,男,結婚,國中,不同性別,13
110,,11,三峽區,20～24歲,20,24,完全落入,1.0,男,結婚,國中,相同性別,0
110,,11,三峽區,20～24歲,20,24,完全落入,1.0,男,結婚,國小以下,不同性別,0
110,,11,三峽區,20～24歲,20,24,完全落入,1.0,男,結婚,國小以下,相同性別,0
110,,11,三峽區,20～24歲,20,24,完全落入,1.0,男,結婚,大學,不同性別,5
110,,11,三峽區,20～24歲,20,24,完全落入,1.0,男,結婚,大學,相同性別,1
110,,11,三峽區,20～24歲,20,24,完全落入,1.0,男,結婚,專科,不同性別,2
110,,11,三峽區,20～24歲,20,24,完全落入,1.0,男,結婚,專科,相同性別,0
110,,11,三峽區,20～24歲,20,24,完全落入,1.0,男,結婚,碩士,不同性別,0
110,,11,三峽區,20～24歲,20,24,完全落入,1.0,男,結婚,碩士,相同性別,0
110,,11,三峽區,20～24歲,20,24,完全落入,1.0,男,結婚,高中職,不同性別,28
110,,11,三峽區,20～24歲,20,24,完全落入,1.0,男,結婚,高中職,相同性別,1
110,,11,三峽區,25～29歲,25,29,完全落入,1.0,女,結婚,博士,不同性別,0
110,,11,三峽區,25～29歲,25,29,完全落入,1.0,女,結婚,博士,相同性別,0
110,,11,三峽區,25～29歲,25,29,完全落入,1.0,女,結婚,國中,不同性別,11
110,,11,三峽區,25～29歲,25,29,完全落入,1.0,女,結婚,國中,相同性別,0
110,,11,三峽區,25～29歲,25,29,完全落入,1.0,女,結婚,國小以下,不同性別,0
110,,11,三峽區,25～29歲,25,29,完全落入,1.0,女,結婚,國小以下,相同性別,0
110,,11,三峽區,25～29歲,25,29,完全落入,1.0,女,結婚,大學,不同性別,116
110,,11,三峽區,25～29歲,25,29,完全落入,1.0,女,結婚,大學,相同性別,5
110,,11,三峽區,25～29歲,25,29,完全落入,1.0,女,結婚,專科,不同性別,12
110,,11,三峽區,25～29歲,25,29,完全落入,1.0,女,結婚,專科,相同性別,0
110,,11,三峽區,25～29歲,25,29,完全落入,1.0,女,結婚,碩士,不同性別,6
110,,11,三峽區,25～29歲,25,29,完全落入,1.0,女,結婚,碩士,相同性別,0
110,,11,三峽區,25～29歲,25,29,完全落入,1.0,女,結婚,高中職,不同性別,38
110,,11,三峽區,25～29歲,25,29,完全落入,1.0,女,結婚,高中職,相同性別,0
110,,11,三峽區,25～29歲,25,29,完全落入,1.0,男,結婚,博士,不同性別,0
110,,11,三峽區,25～29歲,25,29,完全落入,1.0,男,結婚,博士,相同性別,0
110,,11,三峽區,25～29歲,25,29,完全落入,1.0,男,結婚,國中,不同性別,28
110,,11,三峽區,25～29歲,25,29,完全落入,1.0,男,結婚,國中,相同性別,0
110,,11,三峽區,25～29歲,25,29,完全落入,1.0,男,結婚,國小以下,不同性別,0
110,,11,三峽區,25～29歲,25,29,完全落入,1.0,男,結婚,國小以下,相同性別,0
110,,11,三峽區,25～29歲,25,29,完全落入,1.0,男,結婚,大學,不同性別,62
110,,11,三峽區,25～29歲,25,29,完全落入,1.0,男,結婚,大學,相同性別,1
110,,11,三峽區,25～29歲,25,29,完全落入,1.0,男,結婚,專科,不同性別,8
110,,11,三峽區,25～29歲,25,29,完全落入,1.0,男,結婚,專科,相同性別,0
110,,11,三峽區,25～29歲,25,29,完全落入,1.0,男,結婚,碩士,不同性別,15
110,,11,三峽區,25～29歲,25,29,完全落入,1.0,男,結婚,碩士,相同性別,0
110,,11,三峽區,25～29歲,25,29,完全落入,1.0,男,結婚,高中職,不同性別,44
110,,11,三峽區,25～29歲,25,29,完全落入,1.0,男,結婚,高中職,相同性別,0
110,,11,三峽區,30～34歲,30,34,完全落入,1.0,女,結婚,博士,不同性別,0
110,,11,三峽區,30～34歲,30,34,完全落入,1.0,女,結婚,博士,相同性別,0
110,,11,三峽區,30～34歲,30,34,完全落入,1.0,女,結婚,國中,不同性別,11
110,,11,三峽區,30～34歲,30,34,完全落入,1.0,女,結婚,國中,相同性別,0
110,,11,三峽區,30～34歲,30,34,完全落入,1.0,女,結婚,國小以下,不同性別,2
110,,11,三峽區,30～34歲,30,34,完全落入,1.0,女,結婚,國小以下,相同性別,0
110,,11,三峽區,30～34歲,30,34,完全落入,1.0,女,結婚,大學,不同性別,84
110,,11,三峽區,30～34歲,30,34,完全落入,1.0,女,結婚,大學,相同性別,2
110,,11,三峽區,30～34歲,30,34,完全落入,1.0,女,結婚,專科,不同性別,8
110,,11,三峽區,30～34歲,30,34,完全落入,1.0,女,結婚,專科,相同性別,0
110,,11,三峽區,30～34歲,30,34,完全落入,1.0,女,結婚,碩士,不同性別,14
110,,11,三峽區,30～34歲,30,34,完全落入,1.0,女,結婚,碩士,相同性別,1
110,,11,三峽區,30～34歲,30,34,完全落入,1.0,女,結婚,高中職,不同性別,25
110,,11,三峽區,30～34歲,30,34,完全落入,1.0,女,結婚,高中職,相同性別,0
110,,11,三峽區,30～34歲,30,34,完全落入,1.0,男,結婚,博士,不同性別,1
110,,11,三峽區,30～34歲,30,34,完全落入,1.0,男,結婚,博士,相同性別,0
110,,11,三峽區,30～34歲,30,34,完全落入,1.0,男,結婚,國中,不同性別,13
110,,11,三峽區,30～34歲,30,34,完全落入,1.0,男,結婚,國中,相同性別,0
110,,11,三峽區,30～34歲,30,34,完全落入,1.0,男,結婚,國小以下,不同性別,2
110,,11,三峽區,30～34歲,30,34,完全落入,1.0,男,結婚,國小以下,相同性別,0
110,,11,三峽區,30～34歲,30,34,完全落入,1.0,男,結婚,大學,不同性別,70
110,,11,三峽區,30～34歲,30,34,完全落入,1.0,男,結婚,大學,相同性別,0
110,,11,三峽區,30～34歲,30,34,完全落入,1.0,男,結婚,專科,不同性別,2
110,,11,三峽區,30～34歲,30,34,完全落入,1.0,男,結婚,專科,相同性別,0
110,,11,三峽區,30～34歲,30,34,完全落入,1.0,男,結婚,碩士,不同性別,23
110,,11,三峽區,30～34歲,30,34,完全落入,1.0,男,結婚,碩士,相同性別,1
110,,11,三峽區,30～34歲,30,34,完全落入,1.0,男,結婚,高中職,不同性別,40
110,,11,三峽區,30～34歲,30,34,完全落入,1.0,男,結婚,高中職,相同性別,0
110,,11,三峽區,35～39歲,35,39,部分重疊,0.2,女,結婚,博士,不同性別,0
110,,11,三峽區,35～39歲,35,39,部分重疊,0.2,女,結婚,博士,相同性別,0
110,,11,三峽區,35～39歲,35,39,部分重疊,0.2,女,結婚,國中,不同性別,8
110,,11,三峽區,35～39歲,35,39,部分重疊,0.2,女,結婚,國中,相同性別,0
110,,11,三峽區,35～39歲,35,39,部分重疊,0.2,女,結婚,國小以下,不同性別,0
110,,11,三峽區,35～39歲,35,39,部分重疊,0.2,女,結婚,國小以下,相同性別,0
110,,11,三峽區,35～39歲,35,39,部分重疊,0.2,女,結婚,大學,不同性別,23
110,,11,三峽區,35～39歲,35,39,部分重疊,0.2,女,結婚,大學,相同性別,1
110,,11,三峽區,35～39歲,35,39,部分重疊,0.2,女,結婚,專科,不同性別,6
110,,11,三峽區,35～39歲,35,39,部分重疊,0.2,女,結婚,專科,相同性別,2
110,,11,三峽區,35～39歲,35,39,部分重疊,0.2,女,結婚,碩士,不同性別,5
110,,11,三峽區,35～39歲,35,39,部分重疊,0.2,女,結婚,碩士,相同性別,0
110,,11,三峽區,35～39歲,35,39,部分重疊,0.2,女,結婚,高中職,不同性別,19
110,,11,三峽區,35～39歲,35,39,部分重疊,0.2,女,結婚,高中職,相同性別,1
110,,11,三峽區,35～39歲,35,39,部分重疊,0.2,男,結婚,博士,不同性別,1
110,,11,三峽區,35～39歲,35,39,部分重疊,0.2,男,結婚,博士,相同性別,0
110,,11,三峽區,35～39歲,35,39,部分重疊,0.2,男,結婚,國中,不同性別,12
110,,11,三峽區,35～39歲,35,39,部分重疊,0.2,男,結婚,國中,相同性別,0
110,,11,三峽區,35～39歲,35,39,部分重疊,0.2,男,結婚,國小以下,不同性別,0
110,,11,三峽區,35～39歲,35,39,部分重疊,0.2,男,結婚,國小以下,相同性別,0
110,,11,三峽區,35～39歲,35,39,部分重疊,0.2,男,結婚,大學,不同性別,25
110,,11,三峽區,35～39歲,35,39,部分重疊,0.2,男,結婚,大學,相同性別,1
110,,11,三峽區,35～39歲,35,39,部分重疊,0.2,男,結婚,專科,不同性別,6
110,,11,三峽區,35～39歲,35,39,部分重疊,0.2,男,結婚,專科,相同性別,0
110,,11,三峽區,35～39歲,35,39,部分重疊,0.2,男,結婚,碩士,不同性別,14
110,,11,三峽區,35～39歲,35,39,部分重疊,0.2,男,結婚,碩士,相同性別,0
110,,11,三峽區,35～39歲,35,39,部分重疊,0.2,男,結婚,高中職,不同性別,25
110,,11,三峽區,35～39歲,35,39,部分重疊,0.2,男,結婚,高中職,相同性別,0
110,,11,三峽區,40～44歲,40,44,不相關,0.0,女,結婚,博士,不同性別,0
110,,11,三峽區,40～44歲,40,44,不相關,0.0,女,結婚,博士,相同性別,0
110,,11,三峽區,40～44歲,40,44,不相關,0.0,女,結婚,國中,不同性別,3
110,,11,三峽區,40～44歲,40,44,不相關,0.0,女,結婚,國中,相同性別,0
110,,11,三峽區,40～44歲,40,44,不相關,0.0,女,結婚,國小以下,不同性別,1
110,,11,三峽區,40～44歲,40,44,不相關,0.0,女,結婚,國小以下,相同性別,0
110,,11,三峽區,40～44歲,40,44,不相關,0.0,女,結婚,大學,不同性別,11
110,,11,三峽區,40～44歲,40,44,不相關,0.0,女,結婚,大學,相同性別,0
110,,11,三峽區,40～44歲,40,44,不相關,0.0,女,結婚,專科,不同性別,5
110,,11,三峽區,40～44歲,40,44,不相關,0.0,女,結婚,專科,相同性別,0
110,,11,三峽區,40～44歲,40,44,不相關,0.0,女,結婚,碩士,不同性別,2
110,,11,三峽區,40～44歲,40,44,不相關,0.0,女,結婚,碩士,相同性別,0
110,,11,三峽區,40～44歲,40,44,不相關,0.0,女,結婚,高中職,不同性別,10
110,,11,三峽區,40～44歲,40,44,不相關,0.0,女,結婚,高中職,相同性別,0
110,,11,三峽區,40～44歲,40,44,不相關,0.0,男,結婚,博士,不同性別,2
110,,11,三峽區,40～44歲,40,44,不相關,0.0,男,結婚,博士,相同性別,0
110,,11,三峽區,40～44歲,40,44,不相關,0.0,男,結婚,國中,不同性別,4
110,,11,三峽區,40～44歲,40,44,不相關,0.0,男,結婚,國中,相同性別,0
110,,11,三峽區,40～44歲,40,44,不相關,0.0,男,結婚,國小以下,不同性別,0
110,,11,三峽區,40～44歲,40,44,不相關,0.0,男,結婚,國小以下,相同性別,0
110,,11,三峽區,40～44歲,40,44,不相關,0.0,男,結婚,大學,不同性別,13
110,,11,三峽區,40～44歲,40,44,不相關,0.0,男,結婚,大學,相同性別,0
110,,11,三峽區,40～44歲,40,44,不相關,0.0,男,結婚,專科,不同性別,7
110,,11,三峽區,40～44歲,40,44,不相關,0.0,男,結婚,專科,相同性別,0
110,,11,三峽區,40～44歲,40,44,不相關,0.0,男,結婚,碩士,不同性別,2
110,,11,三峽區,40～44歲,40,44,不相關,0.0,男,結婚,碩士,相同性別,0
110,,11,三峽區,40～44歲,40,44,不相關,0.0,男,結婚,高中職,不同性別,18
110,,11,三峽區,40～44歲,40,44,不相關,0.0,男,結婚,高中職,相同性別,0
110,,11,三峽區,45～49歲,45,49,不相關,0.0,女,結婚,博士,不同性別,0
110,,11,三峽區,45～49歲,45,49,不相關,0.0,女,結婚,博士,相同性別,0
110,,11,三峽區,45～49歲,45,49,不相關,0.0,女,結婚,國中,不同性別,1
110,,11,三峽區,45～49歲,45,49,不相關,0.0,女,結婚,國中,相同性別,0
110,,11,三峽區,45～49歲,45,49,不相關,0.0,女,結婚,國小以下,不同性別,0
110,,11,三峽區,45～49歲,45,49,不相關,0.0,女,結婚,國小以下,相同性別,0
110,,11,三峽區,45～49歲,45,49,不相關,0.0,女,結婚,大學,不同性別,3
110,,11,三峽區,45～49歲,45,49,不相關,0.0,女,結婚,大學,相同性別,0
110,,11,三峽區,45～49歲,45,49,不相關,0.0,女,結婚,專科,不同性別,4
110,,11,三峽區,45～49歲,45,49,不相關,0.0,女,結婚,專科,相同性別,0
110,,11,三峽區,45～49歲,45,49,不相關,0.0,女,結婚,碩士,不同性別,0
110,,11,三峽區,45～49歲,45,49,不相關,0.0,女,結婚,碩士,相同性別,1
110,,11,三峽區,45～49歲,45,49,不相關,0.0,女,結婚,高中職,不同性別,5
110,,11,三峽區,45～49歲,45,49,不相關,0.0,女,結婚,高中職,相同性別,1
110,,11,三峽區,45～49歲,45,49,不相關,0.0,男,結婚,博士,不同性別,0
110,,11,三峽區,45～49歲,45,49,不相關,0.0,男,結婚,博士,相同性別,1
110,,11,三峽區,45～49歲,45,49,不相關,0.0,男,結婚,國中,不同性別,4
110,,11,三峽區,45～49歲,45,49,不相關,0.0,男,結婚,國中,相同性別,0
110,,11,三峽區,45～49歲,45,49,不相關,0.0,男,結婚,國小以下,不同性別,0
110,,11,三峽區,45～49歲,45,49,不相關,0.0,男,結婚,國小以下,相同性別,0
110,,11,三峽區,45～49歲,45,49,不相關,0.0,男,結婚,大學,不同性別,3
110,,11,三峽區,45～49歲,45,49,不相關,0.0,男,結婚,大學,相同性別,0
110,,11,三峽區,45～49歲,45,49,不相關,0.0,男,結婚,專科,不同性別,4
110,,11,三峽區,45～49歲,45,49,不相關,0.0,男,結婚,專科,相同性別,1
110,,11,三峽區,45～49歲,45,49,不相關,0.0,男,結婚,碩士,不同性別,1
110,,11,三峽區,45～49歲,45,49,不相關,0.0,男,結婚,碩士,相同性別,0
110,,11,三峽區,45～49歲,45,49,不相關,0.0,男,結婚,高中職,不同性別,13
110,,11,三峽區,45～49歲,45,49,不相關,0.0,男,結婚,高中職,相同性別,0
110,,11,三峽區,50～54歲,50,54,不相關,0.0,女,結婚,博士,不同性別,1
110,,11,三峽區,50～54歲,50,54,不相關,0.0,女,結婚,博士,相同性別,0
110,,11,三峽區,50～54歲,50,54,不相關,0.0,女,結婚,國中,不同性別,3
110,,11,三峽區,50～54歲,50,54,不相關,0.0,女,結婚,國中,相同性別,0
110,,11,三峽區,50～54歲,50,54,不相關,0.0,女,結婚,國小以下,不同性別,0
110,,11,三峽區,50～54歲,50,54,不相關,0.0,女,結婚,國小以下,相同性別,0
110,,11,三峽區,50～54歲,50,54,不相關,0.0,女,結婚,大學,不同性別,1
110,,11,三峽區,50～54歲,50,54,不相關,0.0,女,結婚,大學,相同性別,0
110,,11,三峽區,50～54歲,50,54,不相關,0.0,女,結婚,專科,不同性別,1
110,,11,三峽區,50～54歲,50,54,不相關,0.0,女,結婚,專科,相同性別,0
110,,11,三峽區,50～54歲,50,54,不相關,0.0,女,結婚,碩士,不同性別,1
110,,11,三峽區,50～54歲,50,54,不相關,0.0,女,結婚,碩士,相同性別,0
110,,11,三峽區,50～54歲,50,54,不相關,0.0,女,結婚,高中職,不同性別,5
110,,11,三峽區,50～54歲,50,54,不相關,0.0,女,結婚,高中職,相同性別,0
110,,11,三峽區,50～54歲,50,54,不相關,0.0,男,結婚,博士,不同性別,0
110,,11,三峽區,50～54歲,50,54,不相關,0.0,男,結婚,博士,相同性別,0
110,,11,三峽區,50～54歲,50,54,不相關,0.0,男,結婚,國中,不同性別,5
110,,11,三峽區,50～54歲,50,54,不相關,0.0,男,結婚,國中,相同性別,0
110,,11,三峽區,50～54歲,50,54,不相關,0.0,男,結婚,國小以下,不同性別,1
110,,11,三峽區,50～54歲,50,54,不相關,0.0,男,結婚,國小以下,相同性別,0
110,,11,三峽區,50～54歲,50,54,不相關,0.0,男,結婚,大學,不同性別,3
110,,11,三峽區,50～54歲,50,54,不相關,0.0,男,結婚,大學,相同性別,0
110,,11,三峽區,50～54歲,50,54,不相關,0.0,男,結婚,專科,不同性別,1
110,,11,三峽區,50～54歲,50,54,不相關,0.0,男,結婚,專科,相同性別,0
110,,11,三峽區,50～54歲,50,54,不相關,0.0,男,結婚,碩士,不同性別,0
110,,11,三峽區,50～54歲,50,54,不相關,0.0,男,結婚,碩士,相同性別,0
110,,11,三峽區,50～54歲,50,54,不相關,0.0,男,結婚,高中職,不同性別,5
110,,11,三峽區,50～54歲,50,54,不相關,0.0,男,結婚,高中職,相同性別,0
110,,11,三峽區,55～59歲,55,59,不相關,0.0,女,結婚,博士,不同性別,0
110,,11,三峽區,55～59歲,55,59,不相關,0.0,女,結婚,博士,相同性別,0
110,,11,三峽區,55～59歲,55,59,不相關,0.0,女,結婚,國中,不同性別,1
110,,11,三峽區,55～59歲,55,59,不相關,0.0,女,結婚,國中,相同性別,0
110,,11,三峽區,55～59歲,55,59,不相關,0.0,女,結婚,國小以下,不同性別,2
110,,11,三峽區,55～59歲,55,59,不相關,0.0,女,結婚,國小以下,相同性別,0
110,,11,三峽區,55～59歲,55,59,不相關,0.0,女,結婚,大學,不同性別,0
110,,11,三峽區,55～59歲,55,59,不相關,0.0,女,結婚,大學,相同性別,0
110,,11,三峽區,55～59歲,55,59,不相關,0.0,女,結婚,專科,不同性別,0
110,,11,三峽區,55～59歲,55,59,不相關,0.0,女,結婚,專科,相同性別,0
110,,11,三峽區,55～59歲,55,59,不相關,0.0,女,結婚,碩士,不同性別,0
110,,11,三峽區,55～59歲,55,59,不相關,0.0,女,結婚,碩士,相同性別,0
110,,11,三峽區,55～59歲,55,59,不相關,0.0,女,結婚,高中職,不同性別,1
110,,11,三峽區,55～59歲,55,59,不相關,0.0,女,結婚,高中職,相同性別,0
110,,11,三峽區,55～59歲,55,59,不相關,0.0,男,結婚,博士,不同性別,0
110,,11,三峽區,55～59歲,55,59,不相關,0.0,男,結婚,博士,相同性別,0
110,,11,三峽區,55～59歲,55,59,不相關,0.0,男,結婚,國中,不同性別,3
110,,11,三峽區,55～59歲,55,59,不相關,0.0,男,結婚,國中,相同性別,0
110,,11,三峽區,55～59歲,55,59,不相關,0.0,男,結婚,國小以下,不同性別,0
110,,11,三峽區,55～59歲,55,59,不相關,0.0,男,結婚,國小以下,相同性別,0
110,,11,三峽區,55～59歲,55,59,不相關,0.0,男,結婚,大學,不同性別,1
110,,11,三峽區,55～59歲,55,59,不相關,0.0,男,結婚,大學,相同性別,0
110,,11,三峽區,55～59歲,55,59,不相關,0.0,男,結婚,專科,不同性別,3
110,,11,三峽區,55～59歲,55,59,不相關,0.0,男,結婚,專科,相同性別,0
110,,11,三峽區,55～59歲,55,59,不相關,0.0,男,結婚,碩士,不同性別,1
110,,11,三峽區,55～59歲,55,59,不相關,0.0,男,結婚,碩士,相同性別,0
110,,11,三峽區,55～59歲,55,59,不相關,0.0,男,結婚,高中職,不同性別,1
110,,11,三峽區,55～59歲,55,59,不相關,0.0,男,結婚,高中職,相同性別,0
110,,11,三峽區,60～64歲,60,64,不相關,0.0,女,結婚,博士,不同性別,0
110,,11,三峽區,60～64歲,60,64,不相關,0.0,女,結婚,博士,相同性別,0
110,,11,三峽區,60～64歲,60,64,不相關,0.0,女,結婚,國中,不同性別,1
110,,11,三峽區,60～64歲,60,64,不相關,0.0,女,結婚,國中,相同性別,0
110,,11,三峽區,60～64歲,60,64,不相關,0.0,女,結婚,國小以下,不同性別,1
110,,11,三峽區,60～64歲,60,64,不相關,0.0,女,結婚,國小以下,相同性別,0
110,,11,三峽區,60～64歲,60,64,不相關,0.0,女,結婚,大學,不同性別,0
110,,11,三峽區,60～64歲,60,64,不相關,0.0,女,結婚,大學,相同性別,0
110,,11,三峽區,60～64歲,60,64,不相關,0.0,女,結婚,專科,不同性別,0
110,,11,三峽區,60～64歲,60,64,不相關,0.0,女,結婚,專科,相同性別,0
110,,11,三峽區,60～64歲,60,64,不相關,0.0,女,結婚,碩士,不同性別,0
110,,11,三峽區,60～64歲,60,64,不相關,0.0,女,結婚,碩士,相同性別,0
110,,11,三峽區,60～64歲,60,64,不相關,0.0,女,結婚,高中職,不同性別,3
110,,11,三峽區,60～64歲,60,64,不相關,0.0,女,結婚,高中職,相同性別,0
110,,11,三峽區,60～64歲,60,64,不相關,0.0,男,結婚,博士,不同性別,0
110,,11,三峽區,60～64歲,60,64,不相關,0.0,男,結婚,博士,相同性別,0
110,,11,三峽區,60～64歲,60,64,不相關,0.0,男,結婚,國中,不同性別,2
110,,11,三峽區,60～64歲,60,64,不相關,0.0,男,結婚,國中,相同性別,0
110,,11,三峽區,60～64歲,60,64,不相關,0.0,男,結婚,國小以下,不同性別,0
110,,11,三峽區,60～64歲,60,64,不相關,0.0,男,結婚,國小以下,相同性別,0
110,,11,三峽區,60～64歲,60,64,不相關,0.0,男,結婚,大學,不同性別,0
110,,11,三峽區,60～64歲,60,64,不相關,0.0,男,結婚,大學,相同性別,1
110,,11,三峽區,60～64歲,60,64,不相關,0.0,男,結婚,專科,不同性別,0
110,,11,三峽區,60～64歲,60,64,不相關,0.0,男,結婚,專科,相同性別,0
110,,11,三峽區,60～64歲,60,64,不相關,0.0,男,結婚,碩士,不同性別,0
110,,11,三峽區,60～64歲,60,64,不相關,0.0,男,結婚,碩士,相同性別,0
110,,11,三峽區,60～64歲,60,64,不相關,0.0,男,結婚,高中職,不同性別,2
110,,11,三峽區,60～64歲,60,64,不相關,0.0,男,結婚,高中職,相同性別,0
110,,11,三峽區,65歲以上,65,120,不相關,0.0,女,結婚,博士,不同性別,0
110,,11,三峽區,65歲以上,65,120,不相關,0.0,女,結婚,博士,相同性別,0
110,,11,三峽區,65歲以上,65,120,不相關,0.0,女,結婚,國中,不同性別,1
110,,11,三峽區,65歲以上,65,120,不相關,0.0,女,結婚,國中,相同性別,0
110,,11,三峽區,65歲以上,65,120,不相關,0.0,女,結婚,國小以下,不同性別,1
110,,11,三峽區,65歲以上,65,120,不相關,0.0,女,結婚,國小以下,相同性別,0
110,,11,三峽區,65歲以上,65,120,不相關,0.0,女,結婚,大學,不同性別,0
110,,11,三峽區,65歲以上,65,120,不相關,0.0,女,結婚,大學,相同性別,0
110,,11,三峽區,65歲以上,65,120,不相關,0.0,女,結婚,專科,不同性別,0
110,,11,三峽區,65歲以上,65,120,不相關,0.0,女,結婚,專科,相同性別,0
110,,11,三峽區,65歲以上,65,120,不相關,0.0,女,結婚,碩士,不同性別,0
110,,11,三峽區,65歲以上,65,120,不相關,0.0,女,結婚,碩士,相同性別,0
110,,11,三峽區,65歲以上,65,120,不相關,0.0,女,結婚,高中職,不同性別,0
110,,11,三峽區,65歲以上,65,120,不相關,0.0,女,結婚,高中職,相同性別,0
110,,11,三峽區,65歲以上,65,120,不相關,0.0,男,結婚,博士,不同性別,0
110,,11,三峽區,65歲以上,65,120,不相關,0.0,男,結婚,博士,相同性別,0
110,,11,三峽區,65歲以上,65,120,不相關,0.0,男,結婚,國中,不同性別,1
110,,11,三峽區,65歲以上,65,120,不相關,0.0,男,結婚,國中,相同性別,0
110,,11,三峽區,65歲以上,65,120,不相關,0.0,男,結婚,國小以下,不同性別,2
110,,11,三峽區,65歲以上,65,120,不相關,0.0,男,結婚,國小以下,相同性別,0
110,,11,三峽區,65歲以上,65,120,不相關,0.0,男,結婚,大學,不同性別,0
110,,11,三峽區,65歲以上,65,120,不相關,0.0,男,結婚,大學,相同性別,0
110,,11,三峽區,65歲以上,65,120,不相關,0.0,男,結婚,專科,不同性別,0
110,,11,三峽區,65歲以上,65,120,不相關,0.0,男,結婚,專科,相同性別,0
110,,11,三峽區,65歲以上,65,120,不相關,0.0,男,結婚,碩士,不同性別,1
110,,11,三峽區,65歲以上,65,120,不相關,0.0,男,結婚,碩士,相同性別,0
110,,11,三峽區,65歲以上,65,120,不相關,0.0,男,結婚,高中職,不同性別,2
110,,11,三峽區,65歲以上,65,120,不相關,0.0,男,結婚,高中職,相同性別,0
110,,12,淡水區,未滿15歲,0,14,不相關,0.0,女,結婚,博士,不同性別,0
110,,12,淡水區,未滿15歲,0,14,不相關,0.0,女,結婚,博士,相同性別,0
110,,12,淡水區,未滿15歲,0,14,不相關,0.0,女,結婚,國中,不同性別,0
110,,12,淡水區,未滿15歲,0,14,不相關,0.0,女,結婚,國中,相同性別,0
110,,12,淡水區,未滿15歲,0,14,不相關,0.0,女,結婚,國小以下,不同性別,0
110,,12,淡水區,未滿15歲,0,14,不相關,0.0,女,結婚,國小以下,相同性別,0
110,,12,淡水區,未滿15歲,0,14,不相關,0.0,女,結婚,大學,不同性別,0
110,,12,淡水區,未滿15歲,0,14,不相關,0.0,女,結婚,大學,相同性別,0
110,,12,淡水區,未滿15歲,0,14,不相關,0.0,女,結婚,專科,不同性別,0
110,,12,淡水區,未滿15歲,0,14,不相關,0.0,女,結婚,專科,相同性別,0
110,,12,淡水區,未滿15歲,0,14,不相關,0.0,女,結婚,碩士,不同性別,0
110,,12,淡水區,未滿15歲,0,14,不相關,0.0,女,結婚,碩士,相同性別,0
110,,12,淡水區,未滿15歲,0,14,不相關,0.0,女,結婚,高中職,不同性別,0
110,,12,淡水區,未滿15歲,0,14,不相關,0.0,女,結婚,高中職,相同性別,0
110,,12,淡水區,未滿15歲,0,14,不相關,0.0,男,結婚,博士,不同性別,0
110,,12,淡水區,未滿15歲,0,14,不相關,0.0,男,結婚,博士,相同性別,0
110,,12,淡水區,未滿15歲,0,14,不相關,0.0,男,結婚,國中,不同性別,0
110,,12,淡水區,未滿15歲,0,14,不相關,0.0,男,結婚,國中,相同性別,0
110,,12,淡水區,未滿15歲,0,14,不相關,0.0,男,結婚,國小以下,不同性別,0
110,,12,淡水區,未滿15歲,0,14,不相關,0.0,男,結婚,國小以下,相同性別,0
110,,12,淡水區,未滿15歲,0,14,不相關,0.0,男,結婚,大學,不同性別,0
110,,12,淡水區,未滿15歲,0,14,不相關,0.0,男,結婚,大學,相同性別,0
110,,12,淡水區,未滿15歲,0,14,不相關,0.0,男,結婚,專科,不同性別,0
110,,12,淡水區,未滿15歲,0,14,不相關,0.0,男,結婚,專科,相同性別,0
110,,12,淡水區,未滿15歲,0,14,不相關,0.0,男,結婚,碩士,不同性別,0
110,,12,淡水區,未滿15歲,0,14,不相關,0.0,男,結婚,碩士,相同性別,0
110,,12,淡水區,未滿15歲,0,14,不相關,0.0,男,結婚,高中職,不同性別,0
110,,12,淡水區,未滿15歲,0,14,不相關,0.0,男,結婚,高中職,相同性別,0
110,,12,淡水區,15～19歲,15,19,部分重疊,0.4,女,結婚,博士,不同性別,0
110,,12,淡水區,15～19歲,15,19,部分重疊,0.4,女,結婚,博士,相同性別,0
110,,12,淡水區,15～19歲,15,19,部分重疊,0.4,女,結婚,國中,不同性別,4
110,,12,淡水區,15～19歲,15,19,部分重疊,0.4,女,結婚,國中,相同性別,0
110,,12,淡水區,15～19歲,15,19,部分重疊,0.4,女,結婚,國小以下,不同性別,0
110,,12,淡水區,15～19歲,15,19,部分重疊,0.4,女,結婚,國小以下,相同性別,0
110,,12,淡水區,15～19歲,15,19,部分重疊,0.4,女,結婚,大學,不同性別,0
110,,12,淡水區,15～19歲,15,19,部分重疊,0.4,女,結婚,大學,相同性別,0
110,,12,淡水區,15～19歲,15,19,部分重疊,0.4,女,結婚,專科,不同性別,0
110,,12,淡水區,15～19歲,15,19,部分重疊,0.4,女,結婚,專科,相同性別,0
110,,12,淡水區,15～19歲,15,19,部分重疊,0.4,女,結婚,碩士,不同性別,0
110,,12,淡水區,15～19歲,15,19,部分重疊,0.4,女,結婚,碩士,相同性別,0
110,,12,淡水區,15～19歲,15,19,部分重疊,0.4,女,結婚,高中職,不同性別,4
110,,12,淡水區,15～19歲,15,19,部分重疊,0.4,女,結婚,高中職,相同性別,0
110,,12,淡水區,15～19歲,15,19,部分重疊,0.4,男,結婚,博士,不同性別,0
110,,12,淡水區,15～19歲,15,19,部分重疊,0.4,男,結婚,博士,相同性別,0
110,,12,淡水區,15～19歲,15,19,部分重疊,0.4,男,結婚,國中,不同性別,2
110,,12,淡水區,15～19歲,15,19,部分重疊,0.4,男,結婚,國中,相同性別,0
110,,12,淡水區,15～19歲,15,19,部分重疊,0.4,男,結婚,國小以下,不同性別,1
110,,12,淡水區,15～19歲,15,19,部分重疊,0.4,男,結婚,國小以下,相同性別,0
110,,12,淡水區,15～19歲,15,19,部分重疊,0.4,男,結婚,大學,不同性別,0
110,,12,淡水區,15～19歲,15,19,部分重疊,0.4,男,結婚,大學,相同性別,0
110,,12,淡水區,15～19歲,15,19,部分重疊,0.4,男,結婚,專科,不同性別,0
110,,12,淡水區,15～19歲,15,19,部分重疊,0.4,男,結婚,專科,相同性別,0
110,,12,淡水區,15～19歲,15,19,部分重疊,0.4,男,結婚,碩士,不同性別,0
110,,12,淡水區,15～19歲,15,19,部分重疊,0.4,男,結婚,碩士,相同性別,0
110,,12,淡水區,15～19歲,15,19,部分重疊,0.4,男,結婚,高中職,不同性別,0
110,,12,淡水區,15～19歲,15,19,部分重疊,0.4,男,結婚,高中職,相同性別,0
110,,12,淡水區,20～24歲,20,24,完全落入,1.0,女,結婚,博士,不同性別,0
110,,12,淡水區,20～24歲,20,24,完全落入,1.0,女,結婚,博士,相同性別,0
110,,12,淡水區,20～24歲,20,24,完全落入,1.0,女,結婚,國中,不同性別,19
110,,12,淡水區,20～24歲,20,24,完全落入,1.0,女,結婚,國中,相同性別,0
110,,12,淡水區,20～24歲,20,24,完全落入,1.0,女,結婚,國小以下,不同性別,1
110,,12,淡水區,20～24歲,20,24,完全落入,1.0,女,結婚,國小以下,相同性別,0
110,,12,淡水區,20～24歲,20,24,完全落入,1.0,女,結婚,大學,不同性別,22
110,,12,淡水區,20～24歲,20,24,完全落入,1.0,女,結婚,大學,相同性別,0
110,,12,淡水區,20～24歲,20,24,完全落入,1.0,女,結婚,專科,不同性別,5
110,,12,淡水區,20～24歲,20,24,完全落入,1.0,女,結婚,專科,相同性別,0
110,,12,淡水區,20～24歲,20,24,完全落入,1.0,女,結婚,碩士,不同性別,2
110,,12,淡水區,20～24歲,20,24,完全落入,1.0,女,結婚,碩士,相同性別,0
110,,12,淡水區,20～24歲,20,24,完全落入,1.0,女,結婚,高中職,不同性別,32
110,,12,淡水區,20～24歲,20,24,完全落入,1.0,女,結婚,高中職,相同性別,2
110,,12,淡水區,20～24歲,20,24,完全落入,1.0,男,結婚,博士,不同性別,0
110,,12,淡水區,20～24歲,20,24,完全落入,1.0,男,結婚,博士,相同性別,0
110,,12,淡水區,20～24歲,20,24,完全落入,1.0,男,結婚,國中,不同性別,21
110,,12,淡水區,20～24歲,20,24,完全落入,1.0,男,結婚,國中,相同性別,0
110,,12,淡水區,20～24歲,20,24,完全落入,1.0,男,結婚,國小以下,不同性別,0
110,,12,淡水區,20～24歲,20,24,完全落入,1.0,男,結婚,國小以下,相同性別,0
110,,12,淡水區,20～24歲,20,24,完全落入,1.0,男,結婚,大學,不同性別,2
110,,12,淡水區,20～24歲,20,24,完全落入,1.0,男,結婚,大學,相同性別,0
110,,12,淡水區,20～24歲,20,24,完全落入,1.0,男,結婚,專科,不同性別,3
110,,12,淡水區,20～24歲,20,24,完全落入,1.0,男,結婚,專科,相同性別,0
110,,12,淡水區,20～24歲,20,24,完全落入,1.0,男,結婚,碩士,不同性別,0
110,,12,淡水區,20～24歲,20,24,完全落入,1.0,男,結婚,碩士,相同性別,0
110,,12,淡水區,20～24歲,20,24,完全落入,1.0,男,結婚,高中職,不同性別,16
110,,12,淡水區,20～24歲,20,24,完全落入,1.0,男,結婚,高中職,相同性別,1
110,,12,淡水區,25～29歲,25,29,完全落入,1.0,女,結婚,博士,不同性別,0
110,,12,淡水區,25～29歲,25,29,完全落入,1.0,女,結婚,博士,相同性別,0
110,,12,淡水區,25～29歲,25,29,完全落入,1.0,女,結婚,國中,不同性別,15
110,,12,淡水區,25～29歲,25,29,完全落入,1.0,女,結婚,國中,相同性別,1
110,,12,淡水區,25～29歲,25,29,完全落入,1.0,女,結婚,國小以下,不同性別,1
110,,12,淡水區,25～29歲,25,29,完全落入,1.0,女,結婚,國小以下,相同性別,0
110,,12,淡水區,25～29歲,25,29,完全落入,1.0,女,結婚,大學,不同性別,214
110,,12,淡水區,25～29歲,25,29,完全落入,1.0,女,結婚,大學,相同性別,0
110,,12,淡水區,25～29歲,25,29,完全落入,1.0,女,結婚,專科,不同性別,13
110,,12,淡水區,25～29歲,25,29,完全落入,1.0,女,結婚,專科,相同性別,0
110,,12,淡水區,25～29歲,25,29,完全落入,1.0,女,結婚,碩士,不同性別,19
110,,12,淡水區,25～29歲,25,29,完全落入,1.0,女,結婚,碩士,相同性別,0
110,,12,淡水區,25～29歲,25,29,完全落入,1.0,女,結婚,高中職,不同性別,56
110,,12,淡水區,25～29歲,25,29,完全落入,1.0,女,結婚,高中職,相同性別,0
110,,12,淡水區,25～29歲,25,29,完全落入,1.0,男,結婚,博士,不同性別,0
110,,12,淡水區,25～29歲,25,29,完全落入,1.0,男,結婚,博士,相同性別,0
110,,12,淡水區,25～29歲,25,29,完全落入,1.0,男,結婚,國中,不同性別,24
110,,12,淡水區,25～29歲,25,29,完全落入,1.0,男,結婚,國中,相同性別,0
110,,12,淡水區,25～29歲,25,29,完全落入,1.0,男,結婚,國小以下,不同性別,0
110,,12,淡水區,25～29歲,25,29,完全落入,1.0,男,結婚,國小以下,相同性別,0
110,,12,淡水區,25～29歲,25,29,完全落入,1.0,男,結婚,大學,不同性別,112
110,,12,淡水區,25～29歲,25,29,完全落入,1.0,男,結婚,大學,相同性別,0
110,,12,淡水區,25～29歲,25,29,完全落入,1.0,男,結婚,專科,不同性別,16
110,,12,淡水區,25～29歲,25,29,完全落入,1.0,男,結婚,專科,相同性別,0
110,,12,淡水區,25～29歲,25,29,完全落入,1.0,男,結婚,碩士,不同性別,28
110,,12,淡水區,25～29歲,25,29,完全落入,1.0,男,結婚,碩士,相同性別,1
110,,12,淡水區,25～29歲,25,29,完全落入,1.0,男,結婚,高中職,不同性別,45
110,,12,淡水區,25～29歲,25,29,完全落入,1.0,男,結婚,高中職,相同性別,1
110,,12,淡水區,30～34歲,30,34,完全落入,1.0,女,結婚,博士,不同性別,0
110,,12,淡水區,30～34歲,30,34,完全落入,1.0,女,結婚,博士,相同性別,0
110,,12,淡水區,30～34歲,30,34,完全落入,1.0,女,結婚,國中,不同性別,11
110,,12,淡水區,30～34歲,30,34,完全落入,1.0,女,結婚,國中,相同性別,2
110,,12,淡水區,30～34歲,30,34,完全落入,1.0,女,結婚,國小以下,不同性別,2
110,,12,淡水區,30～34歲,30,34,完全落入,1.0,女,結婚,國小以下,相同性別,0
110,,12,淡水區,30～34歲,30,34,完全落入,1.0,女,結婚,大學,不同性別,175
110,,12,淡水區,30～34歲,30,34,完全落入,1.0,女,結婚,大學,相同性別,3
110,,12,淡水區,30～34歲,30,34,完全落入,1.0,女,結婚,專科,不同性別,6
110,,12,淡水區,30～34歲,30,34,完全落入,1.0,女,結婚,專科,相同性別,2
110,,12,淡水區,30～34歲,30,34,完全落入,1.0,女,結婚,碩士,不同性別,26
110,,12,淡水區,30～34歲,30,34,完全落入,1.0,女,結婚,碩士,相同性別,0
110,,12,淡水區,30～34歲,30,34,完全落入,1.0,女,結婚,高中職,不同性別,47
110,,12,淡水區,30～34歲,30,34,完全落入,1.0,女,結婚,高中職,相同性別,2
110,,12,淡水區,30～34歲,30,34,完全落入,1.0,男,結婚,博士,不同性別,2
110,,12,淡水區,30～34歲,30,34,完全落入,1.0,男,結婚,博士,相同性別,0
110,,12,淡水區,30～34歲,30,34,完全落入,1.0,男,結婚,國中,不同性別,25
110,,12,淡水區,30～34歲,30,34,完全落入,1.0,男,結婚,國中,相同性別,0
110,,12,淡水區,30～34歲,30,34,完全落入,1.0,男,結婚,國小以下,不同性別,0
110,,12,淡水區,30～34歲,30,34,完全落入,1.0,男,結婚,國小以下,相同性別,0
110,,12,淡水區,30～34歲,30,34,完全落入,1.0,男,結婚,大學,不同性別,167
110,,12,淡水區,30～34歲,30,34,完全落入,1.0,男,結婚,大學,相同性別,2
110,,12,淡水區,30～34歲,30,34,完全落入,1.0,男,結婚,專科,不同性別,7
110,,12,淡水區,30～34歲,30,34,完全落入,1.0,男,結婚,專科,相同性別,0
110,,12,淡水區,30～34歲,30,34,完全落入,1.0,男,結婚,碩士,不同性別,49
110,,12,淡水區,30～34歲,30,34,完全落入,1.0,男,結婚,碩士,相同性別,0
110,,12,淡水區,30～34歲,30,34,完全落入,1.0,男,結婚,高中職,不同性別,50
110,,12,淡水區,30～34歲,30,34,完全落入,1.0,男,結婚,高中職,相同性別,0
110,,12,淡水區,35～39歲,35,39,部分重疊,0.2,女,結婚,博士,不同性別,0
110,,12,淡水區,35～39歲,35,39,部分重疊,0.2,女,結婚,博士,相同性別,0
110,,12,淡水區,35～39歲,35,39,部分重疊,0.2,女,結婚,國中,不同性別,10
110,,12,淡水區,35～39歲,35,39,部分重疊,0.2,女,結婚,國中,相同性別,2
110,,12,淡水區,35～39歲,35,39,部分重疊,0.2,女,結婚,國小以下,不同性別,0
110,,12,淡水區,35～39歲,35,39,部分重疊,0.2,女,結婚,國小以下,相同性別,0
110,,12,淡水區,35～39歲,35,39,部分重疊,0.2,女,結婚,大學,不同性別,73
110,,12,淡水區,35～39歲,35,39,部分重疊,0.2,女,結婚,大學,相同性別,1
110,,12,淡水區,35～39歲,35,39,部分重疊,0.2,女,結婚,專科,不同性別,18
110,,12,淡水區,35～39歲,35,39,部分重疊,0.2,女,結婚,專科,相同性別,1
110,,12,淡水區,35～39歲,35,39,部分重疊,0.2,女,結婚,碩士,不同性別,15
110,,12,淡水區,35～39歲,35,39,部分重疊,0.2,女,結婚,碩士,相同性別,0
110,,12,淡水區,35～39歲,35,39,部分重疊,0.2,女,結婚,高中職,不同性別,17
110,,12,淡水區,35～39歲,35,39,部分重疊,0.2,女,結婚,高中職,相同性別,0
110,,12,淡水區,35～39歲,35,39,部分重疊,0.2,男,結婚,博士,不同性別,6
110,,12,淡水區,35～39歲,35,39,部分重疊,0.2,男,結婚,博士,相同性別,0
110,,12,淡水區,35～39歲,35,39,部分重疊,0.2,男,結婚,國中,不同性別,15
110,,12,淡水區,35～39歲,35,39,部分重疊,0.2,男,結婚,國中,相同性別,1
110,,12,淡水區,35～39歲,35,39,部分重疊,0.2,男,結婚,國小以下,不同性別,2
110,,12,淡水區,35～39歲,35,39,部分重疊,0.2,男,結婚,國小以下,相同性別,0
110,,12,淡水區,35～39歲,35,39,部分重疊,0.2,男,結婚,大學,不同性別,70
110,,12,淡水區,35～39歲,35,39,部分重疊,0.2,男,結婚,大學,相同性別,3
110,,12,淡水區,35～39歲,35,39,部分重疊,0.2,男,結婚,專科,不同性別,16
110,,12,淡水區,35～39歲,35,39,部分重疊,0.2,男,結婚,專科,相同性別,0
110,,12,淡水區,35～39歲,35,39,部分重疊,0.2,男,結婚,碩士,不同性別,33
110,,12,淡水區,35～39歲,35,39,部分重疊,0.2,男,結婚,碩士,相同性別,0
110,,12,淡水區,35～39歲,35,39,部分重疊,0.2,男,結婚,高中職,不同性別,41
110,,12,淡水區,35～39歲,35,39,部分重疊,0.2,男,結婚,高中職,相同性別,0
110,,12,淡水區,40～44歲,40,44,不相關,0.0,女,結婚,博士,不同性別,2
110,,12,淡水區,40～44歲,40,44,不相關,0.0,女,結婚,博士,相同性別,0
110,,12,淡水區,40～44歲,40,44,不相關,0.0,女,結婚,國中,不同性別,4
110,,12,淡水區,40～44歲,40,44,不相關,0.0,女,結婚,國中,相同性別,0
110,,12,淡水區,40～44歲,40,44,不相關,0.0,女,結婚,國小以下,不同性別,0
110,,12,淡水區,40～44歲,40,44,不相關,0.0,女,結婚,國小以下,相同性別,0
110,,12,淡水區,40～44歲,40,44,不相關,0.0,女,結婚,大學,不同性別,18
110,,12,淡水區,40～44歲,40,44,不相關,0.0,女,結婚,大學,相同性別,1
110,,12,淡水區,40～44歲,40,44,不相關,0.0,女,結婚,專科,不同性別,4
110,,12,淡水區,40～44歲,40,44,不相關,0.0,女,結婚,專科,相同性別,0
110,,12,淡水區,40～44歲,40,44,不相關,0.0,女,結婚,碩士,不同性別,4
110,,12,淡水區,40～44歲,40,44,不相關,0.0,女,結婚,碩士,相同性別,1
110,,12,淡水區,40～44歲,40,44,不相關,0.0,女,結婚,高中職,不同性別,23
110,,12,淡水區,40～44歲,40,44,不相關,0.0,女,結婚,高中職,相同性別,1
110,,12,淡水區,40～44歲,40,44,不相關,0.0,男,結婚,博士,不同性別,0
110,,12,淡水區,40～44歲,40,44,不相關,0.0,男,結婚,博士,相同性別,0
110,,12,淡水區,40～44歲,40,44,不相關,0.0,男,結婚,國中,不同性別,8
110,,12,淡水區,40～44歲,40,44,不相關,0.0,男,結婚,國中,相同性別,0
110,,12,淡水區,40～44歲,40,44,不相關,0.0,男,結婚,國小以下,不同性別,0
110,,12,淡水區,40～44歲,40,44,不相關,0.0,男,結婚,國小以下,相同性別,0
110,,12,淡水區,40～44歲,40,44,不相關,0.0,男,結婚,大學,不同性別,22
110,,12,淡水區,40～44歲,40,44,不相關,0.0,男,結婚,大學,相同性別,0
110,,12,淡水區,40～44歲,40,44,不相關,0.0,男,結婚,專科,不同性別,14
110,,12,淡水區,40～44歲,40,44,不相關,0.0,男,結婚,專科,相同性別,0
110,,12,淡水區,40～44歲,40,44,不相關,0.0,男,結婚,碩士,不同性別,11
110,,12,淡水區,40～44歲,40,44,不相關,0.0,男,結婚,碩士,相同性別,4
110,,12,淡水區,40～44歲,40,44,不相關,0.0,男,結婚,高中職,不同性別,15
110,,12,淡水區,40～44歲,40,44,不相關,0.0,男,結婚,高中職,相同性別,1
110,,12,淡水區,45～49歲,45,49,不相關,0.0,女,結婚,博士,不同性別,0
110,,12,淡水區,45～49歲,45,49,不相關,0.0,女,結婚,博士,相同性別,0
110,,12,淡水區,45～49歲,45,49,不相關,0.0,女,結婚,國中,不同性別,7
110,,12,淡水區,45～49歲,45,49,不相關,0.0,女,結婚,國中,相同性別,0
110,,12,淡水區,45～49歲,45,49,不相關,0.0,女,結婚,國小以下,不同性別,2
110,,12,淡水區,45～49歲,45,49,不相關,0.0,女,結婚,國小以下,相同性別,0
110,,12,淡水區,45～49歲,45,49,不相關,0.0,女,結婚,大學,不同性別,11
110,,12,淡水區,45～49歲,45,49,不相關,0.0,女,結婚,大學,相同性別,0
110,,12,淡水區,45～49歲,45,49,不相關,0.0,女,結婚,專科,不同性別,6
110,,12,淡水區,45～49歲,45,49,不相關,0.0,女,結婚,專科,相同性別,0
110,,12,淡水區,45～49歲,45,49,不相關,0.0,女,結婚,碩士,不同性別,1
110,,12,淡水區,45～49歲,45,49,不相關,0.0,女,結婚,碩士,相同性別,0
110,,12,淡水區,45～49歲,45,49,不相關,0.0,女,結婚,高中職,不同性別,11
110,,12,淡水區,45～49歲,45,49,不相關,0.0,女,結婚,高中職,相同性別,1
110,,12,淡水區,45～49歲,45,49,不相關,0.0,男,結婚,博士,不同性別,1
110,,12,淡水區,45～49歲,45,49,不相關,0.0,男,結婚,博士,相同性別,0
110,,12,淡水區,45～49歲,45,49,不相關,0.0,男,結婚,國中,不同性別,8
110,,12,淡水區,45～49歲,45,49,不相關,0.0,男,結婚,國中,相同性別,0
110,,12,淡水區,45～49歲,45,49,不相關,0.0,男,結婚,國小以下,不同性別,1
110,,12,淡水區,45～49歲,45,49,不相關,0.0,男,結婚,國小以下,相同性別,0
110,,12,淡水區,45～49歲,45,49,不相關,0.0,男,結婚,大學,不同性別,18
110,,12,淡水區,45～49歲,45,49,不相關,0.0,男,結婚,大學,相同性別,1
110,,12,淡水區,45～49歲,45,49,不相關,0.0,男,結婚,專科,不同性別,9
110,,12,淡水區,45～49歲,45,49,不相關,0.0,男,結婚,專科,相同性別,0
110,,12,淡水區,45～49歲,45,49,不相關,0.0,男,結婚,碩士,不同性別,5
110,,12,淡水區,45～49歲,45,49,不相關,0.0,男,結婚,碩士,相同性別,0
110,,12,淡水區,45～49歲,45,49,不相關,0.0,男,結婚,高中職,不同性別,10
110,,12,淡水區,45～49歲,45,49,不相關,0.0,男,結婚,高中職,相同性別,1
110,,12,淡水區,50～54歲,50,54,不相關,0.0,女,結婚,博士,不同性別,0
110,,12,淡水區,50～54歲,50,54,不相關,0.0,女,結婚,博士,相同性別,0
110,,12,淡水區,50～54歲,50,54,不相關,0.0,女,結婚,國中,不同性別,0
110,,12,淡水區,50～54歲,50,54,不相關,0.0,女,結婚,國中,相同性別,0
110,,12,淡水區,50～54歲,50,54,不相關,0.0,女,結婚,國小以下,不同性別,0
110,,12,淡水區,50～54歲,50,54,不相關,0.0,女,結婚,國小以下,相同性別,0
110,,12,淡水區,50～54歲,50,54,不相關,0.0,女,結婚,大學,不同性別,2
110,,12,淡水區,50～54歲,50,54,不相關,0.0,女,結婚,大學,相同性別,0
110,,12,淡水區,50～54歲,50,54,不相關,0.0,女,結婚,專科,不同性別,3
110,,12,淡水區,50～54歲,50,54,不相關,0.0,女,結婚,專科,相同性別,0
110,,12,淡水區,50～54歲,50,54,不相關,0.0,女,結婚,碩士,不同性別,0
110,,12,淡水區,50～54歲,50,54,不相關,0.0,女,結婚,碩士,相同性別,0
110,,12,淡水區,50～54歲,50,54,不相關,0.0,女,結婚,高中職,不同性別,9
110,,12,淡水區,50～54歲,50,54,不相關,0.0,女,結婚,高中職,相同性別,0
110,,12,淡水區,50～54歲,50,54,不相關,0.0,男,結婚,博士,不同性別,0
110,,12,淡水區,50～54歲,50,54,不相關,0.0,男,結婚,博士,相同性別,0
110,,12,淡水區,50～54歲,50,54,不相關,0.0,男,結婚,國中,不同性別,2
110,,12,淡水區,50～54歲,50,54,不相關,0.0,男,結婚,國中,相同性別,0
110,,12,淡水區,50～54歲,50,54,不相關,0.0,男,結婚,國小以下,不同性別,2
110,,12,淡水區,50～54歲,50,54,不相關,0.0,男,結婚,國小以下,相同性別,0
110,,12,淡水區,50～54歲,50,54,不相關,0.0,男,結婚,大學,不同性別,1
110,,12,淡水區,50～54歲,50,54,不相關,0.0,男,結婚,大學,相同性別,0
110,,12,淡水區,50～54歲,50,54,不相關,0.0,男,結婚,專科,不同性別,4
110,,12,淡水區,50～54歲,50,54,不相關,0.0,男,結婚,專科,相同性別,1
110,,12,淡水區,50～54歲,50,54,不相關,0.0,男,結婚,碩士,不同性別,1
110,,12,淡水區,50～54歲,50,54,不相關,0.0,男,結婚,碩士,相同性別,1
110,,12,淡水區,50～54歲,50,54,不相關,0.0,男,結婚,高中職,不同性別,10
110,,12,淡水區,50～54歲,50,54,不相關,0.0,男,結婚,高中職,相同性別,0
110,,12,淡水區,55～59歲,55,59,不相關,0.0,女,結婚,博士,不同性別,0
110,,12,淡水區,55～59歲,55,59,不相關,0.0,女,結婚,博士,相同性別,0
110,,12,淡水區,55～59歲,55,59,不相關,0.0,女,結婚,國中,不同性別,3
110,,12,淡水區,55～59歲,55,59,不相關,0.0,女,結婚,國中,相同性別,0
110,,12,淡水區,55～59歲,55,59,不相關,0.0,女,結婚,國小以下,不同性別,0
110,,12,淡水區,55～59歲,55,59,不相關,0.0,女,結婚,國小以下,相同性別,0
110,,12,淡水區,55～59歲,55,59,不相關,0.0,女,結婚,大學,不同性別,1
110,,12,淡水區,55～59歲,55,59,不相關,0.0,女,結婚,大學,相同性別,0
110,,12,淡水區,55～59歲,55,59,不相關,0.0,女,結婚,專科,不同性別,2
110,,12,淡水區,55～59歲,55,59,不相關,0.0,女,結婚,專科,相同性別,0
110,,12,淡水區,55～59歲,55,59,不相關,0.0,女,結婚,碩士,不同性別,1
110,,12,淡水區,55～59歲,55,59,不相關,0.0,女,結婚,碩士,相同性別,0
110,,12,淡水區,55～59歲,55,59,不相關,0.0,女,結婚,高中職,不同性別,7
110,,12,淡水區,55～59歲,55,59,不相關,0.0,女,結婚,高中職,相同性別,0
110,,12,淡水區,55～59歲,55,59,不相關,0.0,男,結婚,博士,不同性別,0
110,,12,淡水區,55～59歲,55,59,不相關,0.0,男,結婚,博士,相同性別,0
110,,12,淡水區,55～59歲,55,59,不相關,0.0,男,結婚,國中,不同性別,7
110,,12,淡水區,55～59歲,55,59,不相關,0.0,男,結婚,國中,相同性別,0
110,,12,淡水區,55～59歲,55,59,不相關,0.0,男,結婚,國小以下,不同性別,0
110,,12,淡水區,55～59歲,55,59,不相關,0.0,男,結婚,國小以下,相同性別,0
110,,12,淡水區,55～59歲,55,59,不相關,0.0,男,結婚,大學,不同性別,5
110,,12,淡水區,55～59歲,55,59,不相關,0.0,男,結婚,大學,相同性別,1
110,,12,淡水區,55～59歲,55,59,不相關,0.0,男,結婚,專科,不同性別,2
110,,12,淡水區,55～59歲,55,59,不相關,0.0,男,結婚,專科,相同性別,0
110,,12,淡水區,55～59歲,55,59,不相關,0.0,男,結婚,碩士,不同性別,4
110,,12,淡水區,55～59歲,55,59,不相關,0.0,男,結婚,碩士,相同性別,0
110,,12,淡水區,55～59歲,55,59,不相關,0.0,男,結婚,高中職,不同性別,4
110,,12,淡水區,55～59歲,55,59,不相關,0.0,男,結婚,高中職,相同性別,1
110,,12,淡水區,60～64歲,60,64,不相關,0.0,女,結婚,博士,不同性別,0
110,,12,淡水區,60～64歲,60,64,不相關,0.0,女,結婚,博士,相同性別,0
110,,12,淡水區,60～64歲,60,64,不相關,0.0,女,結婚,國中,不同性別,1
110,,12,淡水區,60～64歲,60,64,不相關,0.0,女,結婚,國中,相同性別,0
110,,12,淡水區,60～64歲,60,64,不相關,0.0,女,結婚,國小以下,不同性別,0
110,,12,淡水區,60～64歲,60,64,不相關,0.0,女,結婚,國小以下,相同性別,0
110,,12,淡水區,60～64歲,60,64,不相關,0.0,女,結婚,大學,不同性別,1
110,,12,淡水區,60～64歲,60,64,不相關,0.0,女,結婚,大學,相同性別,0
110,,12,淡水區,60～64歲,60,64,不相關,0.0,女,結婚,專科,不同性別,4
110,,12,淡水區,60～64歲,60,64,不相關,0.0,女,結婚,專科,相同性別,0
110,,12,淡水區,60～64歲,60,64,不相關,0.0,女,結婚,碩士,不同性別,0
110,,12,淡水區,60～64歲,60,64,不相關,0.0,女,結婚,碩士,相同性別,0
110,,12,淡水區,60～64歲,60,64,不相關,0.0,女,結婚,高中職,不同性別,6
110,,12,淡水區,60～64歲,60,64,不相關,0.0,女,結婚,高中職,相同性別,0
110,,12,淡水區,60～64歲,60,64,不相關,0.0,男,結婚,博士,不同性別,0
110,,12,淡水區,60～64歲,60,64,不相關,0.0,男,結婚,博士,相同性別,0
110,,12,淡水區,60～64歲,60,64,不相關,0.0,男,結婚,國中,不同性別,2
110,,12,淡水區,60～64歲,60,64,不相關,0.0,男,結婚,國中,相同性別,0
110,,12,淡水區,60～64歲,60,64,不相關,0.0,男,結婚,國小以下,不同性別,0
110,,12,淡水區,60～64歲,60,64,不相關,0.0,男,結婚,國小以下,相同性別,0
110,,12,淡水區,60～64歲,60,64,不相關,0.0,男,結婚,大學,不同性別,6
110,,12,淡水區,60～64歲,60,64,不相關,0.0,男,結婚,大學,相同性別,0
110,,12,淡水區,60～64歲,60,64,不相關,0.0,男,結婚,專科,不同性別,1
110,,12,淡水區,60～64歲,60,64,不相關,0.0,男,結婚,專科,相同性別,0
110,,12,淡水區,60～64歲,60,64,不相關,0.0,男,結婚,碩士,不同性別,0
110,,12,淡水區,60～64歲,60,64,不相關,0.0,男,結婚,碩士,相同性別,0
110,,12,淡水區,60～64歲,60,64,不相關,0.0,男,結婚,高中職,不同性別,4
110,,12,淡水區,60～64歲,60,64,不相關,0.0,男,結婚,高中職,相同性別,0
110,,12,淡水區,65歲以上,65,120,不相關,0.0,女,結婚,博士,不同性別,0
110,,12,淡水區,65歲以上,65,120,不相關,0.0,女,結婚,博士,相同性別,0
110,,12,淡水區,65歲以上,65,120,不相關,0.0,女,結婚,國中,不同性別,0
110,,12,淡水區,65歲以上,65,120,不相關,0.0,女,結婚,國中,相同性別,0
110,,12,淡水區,65歲以上,65,120,不相關,0.0,女,結婚,國小以下,不同性別,1
110,,12,淡水區,65歲以上,65,120,不相關,0.0,女,結婚,國小以下,相同性別,0
110,,12,淡水區,65歲以上,65,120,不相關,0.0,女,結婚,大學,不同性別,3
110,,12,淡水區,65歲以上,65,120,不相關,0.0,女,結婚,大學,相同性別,0
110,,12,淡水區,65歲以上,65,120,不相關,0.0,女,結婚,專科,不同性別,0
110,,12,淡水區,65歲以上,65,120,不相關,0.0,女,結婚,專科,相同性別,0
110,,12,淡水區,65歲以上,65,120,不相關,0.0,女,結婚,碩士,不同性別,0
110,,12,淡水區,65歲以上,65,120,不相關,0.0,女,結婚,碩士,相同性別,0
110,,12,淡水區,65歲以上,65,120,不相關,0.0,女,結婚,高中職,不同性別,3
110,,12,淡水區,65歲以上,65,120,不相關,0.0,女,結婚,高中職,相同性別,0
110,,12,淡水區,65歲以上,65,120,不相關,0.0,男,結婚,博士,不同性別,0
110,,12,淡水區,65歲以上,65,120,不相關,0.0,男,結婚,博士,相同性別,0
110,,12,淡水區,65歲以上,65,120,不相關,0.0,男,結婚,國中,不同性別,0
110,,12,淡水區,65歲以上,65,120,不相關,0.0,男,結婚,國中,相同性別,0
110,,12,淡水區,65歲以上,65,120,不相關,0.0,男,結婚,國小以下,不同性別,3
110,,12,淡水區,65歲以上,65,120,不相關,0.0,男,結婚,國小以下,相同性別,0
110,,12,淡水區,65歲以上,65,120,不相關,0.0,男,結婚,大學,不同性別,8
110,,12,淡水區,65歲以上,65,120,不相關,0.0,男,結婚,大學,相同性別,0
110,,12,淡水區,65歲以上,65,120,不相關,0.0,男,結婚,專科,不同性別,2
110,,12,淡水區,65歲以上,65,120,不相關,0.0,男,結婚,專科,相同性別,0
110,,12,淡水區,65歲以上,65,120,不相關,0.0,男,結婚,碩士,不同性別,1
110,,12,淡水區,65歲以上,65,120,不相關,0.0,男,結婚,碩士,相同性別,0
110,,12,淡水區,65歲以上,65,120,不相關,0.0,男,結婚,高中職,不同性別,3
110,,12,淡水區,65歲以上,65,120,不相關,0.0,男,結婚,高中職,相同性別,0
110,,13,汐止區,未滿15歲,0,14,不相關,0.0,女,結婚,博士,不同性別,0
110,,13,汐止區,未滿15歲,0,14,不相關,0.0,女,結婚,博士,相同性別,0
110,,13,汐止區,未滿15歲,0,14,不相關,0.0,女,結婚,國中,不同性別,0
110,,13,汐止區,未滿15歲,0,14,不相關,0.0,女,結婚,國中,相同性別,0
110,,13,汐止區,未滿15歲,0,14,不相關,0.0,女,結婚,國小以下,不同性別,0
110,,13,汐止區,未滿15歲,0,14,不相關,0.0,女,結婚,國小以下,相同性別,0
110,,13,汐止區,未滿15歲,0,14,不相關,0.0,女,結婚,大學,不同性別,0
110,,13,汐止區,未滿15歲,0,14,不相關,0.0,女,結婚,大學,相同性別,0
110,,13,汐止區,未滿15歲,0,14,不相關,0.0,女,結婚,專科,不同性別,0
110,,13,汐止區,未滿15歲,0,14,不相關,0.0,女,結婚,專科,相同性別,0
110,,13,汐止區,未滿15歲,0,14,不相關,0.0,女,結婚,碩士,不同性別,0
110,,13,汐止區,未滿15歲,0,14,不相關,0.0,女,結婚,碩士,相同性別,0
110,,13,汐止區,未滿15歲,0,14,不相關,0.0,女,結婚,高中職,不同性別,0
110,,13,汐止區,未滿15歲,0,14,不相關,0.0,女,結婚,高中職,相同性別,0
110,,13,汐止區,未滿15歲,0,14,不相關,0.0,男,結婚,博士,不同性別,0
110,,13,汐止區,未滿15歲,0,14,不相關,0.0,男,結婚,博士,相同性別,0
110,,13,汐止區,未滿15歲,0,14,不相關,0.0,男,結婚,國中,不同性別,0
110,,13,汐止區,未滿15歲,0,14,不相關,0.0,男,結婚,國中,相同性別,0
110,,13,汐止區,未滿15歲,0,14,不相關,0.0,男,結婚,國小以下,不同性別,0
110,,13,汐止區,未滿15歲,0,14,不相關,0.0,男,結婚,國小以下,相同性別,0
110,,13,汐止區,未滿15歲,0,14,不相關,0.0,男,結婚,大學,不同性別,0
110,,13,汐止區,未滿15歲,0,14,不相關,0.0,男,結婚,大學,相同性別,0
110,,13,汐止區,未滿15歲,0,14,不相關,0.0,男,結婚,專科,不同性別,0
110,,13,汐止區,未滿15歲,0,14,不相關,0.0,男,結婚,專科,相同性別,0
110,,13,汐止區,未滿15歲,0,14,不相關,0.0,男,結婚,碩士,不同性別,0
110,,13,汐止區,未滿15歲,0,14,不相關,0.0,男,結婚,碩士,相同性別,0
110,,13,汐止區,未滿15歲,0,14,不相關,0.0,男,結婚,高中職,不同性別,0
110,,13,汐止區,未滿15歲,0,14,不相關,0.0,男,結婚,高中職,相同性別,0
110,,13,汐止區,15～19歲,15,19,部分重疊,0.4,女,結婚,博士,不同性別,0
110,,13,汐止區,15～19歲,15,19,部分重疊,0.4,女,結婚,博士,相同性別,0
110,,13,汐止區,15～19歲,15,19,部分重疊,0.4,女,結婚,國中,不同性別,7
110,,13,汐止區,15～19歲,15,19,部分重疊,0.4,女,結婚,國中,相同性別,0
110,,13,汐止區,15～19歲,15,19,部分重疊,0.4,女,結婚,國小以下,不同性別,0
110,,13,汐止區,15～19歲,15,19,部分重疊,0.4,女,結婚,國小以下,相同性別,0
110,,13,汐止區,15～19歲,15,19,部分重疊,0.4,女,結婚,大學,不同性別,0
110,,13,汐止區,15～19歲,15,19,部分重疊,0.4,女,結婚,大學,相同性別,0
110,,13,汐止區,15～19歲,15,19,部分重疊,0.4,女,結婚,專科,不同性別,0
110,,13,汐止區,15～19歲,15,19,部分重疊,0.4,女,結婚,專科,相同性別,0
110,,13,汐止區,15～19歲,15,19,部分重疊,0.4,女,結婚,碩士,不同性別,0
110,,13,汐止區,15～19歲,15,19,部分重疊,0.4,女,結婚,碩士,相同性別,0
110,,13,汐止區,15～19歲,15,19,部分重疊,0.4,女,結婚,高中職,不同性別,1
110,,13,汐止區,15～19歲,15,19,部分重疊,0.4,女,結婚,高中職,相同性別,0
110,,13,汐止區,15～19歲,15,19,部分重疊,0.4,男,結婚,博士,不同性別,0
110,,13,汐止區,15～19歲,15,19,部分重疊,0.4,男,結婚,博士,相同性別,0
110,,13,汐止區,15～19歲,15,19,部分重疊,0.4,男,結婚,國中,不同性別,1
110,,13,汐止區,15～19歲,15,19,部分重疊,0.4,男,結婚,國中,相同性別,0
110,,13,汐止區,15～19歲,15,19,部分重疊,0.4,男,結婚,國小以下,不同性別,0
110,,13,汐止區,15～19歲,15,19,部分重疊,0.4,男,結婚,國小以下,相同性別,0
110,,13,汐止區,15～19歲,15,19,部分重疊,0.4,男,結婚,大學,不同性別,0
110,,13,汐止區,15～19歲,15,19,部分重疊,0.4,男,結婚,大學,相同性別,0
110,,13,汐止區,15～19歲,15,19,部分重疊,0.4,男,結婚,專科,不同性別,0
110,,13,汐止區,15～19歲,15,19,部分重疊,0.4,男,結婚,專科,相同性別,0
110,,13,汐止區,15～19歲,15,19,部分重疊,0.4,男,結婚,碩士,不同性別,0
110,,13,汐止區,15～19歲,15,19,部分重疊,0.4,男,結婚,碩士,相同性別,0
110,,13,汐止區,15～19歲,15,19,部分重疊,0.4,男,結婚,高中職,不同性別,0
110,,13,汐止區,15～19歲,15,19,部分重疊,0.4,男,結婚,高中職,相同性別,0
110,,13,汐止區,20～24歲,20,24,完全落入,1.0,女,結婚,博士,不同性別,0
110,,13,汐止區,20～24歲,20,24,完全落入,1.0,女,結婚,博士,相同性別,0
110,,13,汐止區,20～24歲,20,24,完全落入,1.0,女,結婚,國中,不同性別,23
110,,13,汐止區,20～24歲,20,24,完全落入,1.0,女,結婚,國中,相同性別,0
110,,13,汐止區,20～24歲,20,24,完全落入,1.0,女,結婚,國小以下,不同性別,0
110,,13,汐止區,20～24歲,20,24,完全落入,1.0,女,結婚,國小以下,相同性別,0
110,,13,汐止區,20～24歲,20,24,完全落入,1.0,女,結婚,大學,不同性別,14
110,,13,汐止區,20～24歲,20,24,完全落入,1.0,女,結婚,大學,相同性別,0
110,,13,汐止區,20～24歲,20,24,完全落入,1.0,女,結婚,專科,不同性別,12
110,,13,汐止區,20～24歲,20,24,完全落入,1.0,女,結婚,專科,相同性別,0
110,,13,汐止區,20～24歲,20,24,完全落入,1.0,女,結婚,碩士,不同性別,1
110,,13,汐止區,20～24歲,20,24,完全落入,1.0,女,結婚,碩士,相同性別,0
110,,13,汐止區,20～24歲,20,24,完全落入,1.0,女,結婚,高中職,不同性別,28
110,,13,汐止區,20～24歲,20,24,完全落入,1.0,女,結婚,高中職,相同性別,0
110,,13,汐止區,20～24歲,20,24,完全落入,1.0,男,結婚,博士,不同性別,0
110,,13,汐止區,20～24歲,20,24,完全落入,1.0,男,結婚,博士,相同性別,0
110,,13,汐止區,20～24歲,20,24,完全落入,1.0,男,結婚,國中,不同性別,20
110,,13,汐止區,20～24歲,20,24,完全落入,1.0,男,結婚,國中,相同性別,0
110,,13,汐止區,20～24歲,20,24,完全落入,1.0,男,結婚,國小以下,不同性別,0
110,,13,汐止區,20～24歲,20,24,完全落入,1.0,男,結婚,國小以下,相同性別,0
110,,13,汐止區,20～24歲,20,24,完全落入,1.0,男,結婚,大學,不同性別,8
110,,13,汐止區,20～24歲,20,24,完全落入,1.0,男,結婚,大學,相同性別,0
110,,13,汐止區,20～24歲,20,24,完全落入,1.0,男,結婚,專科,不同性別,3
110,,13,汐止區,20～24歲,20,24,完全落入,1.0,男,結婚,專科,相同性別,0
110,,13,汐止區,20～24歲,20,24,完全落入,1.0,男,結婚,碩士,不同性別,1
110,,13,汐止區,20～24歲,20,24,完全落入,1.0,男,結婚,碩士,相同性別,0
110,,13,汐止區,20～24歲,20,24,完全落入,1.0,男,結婚,高中職,不同性別,18
110,,13,汐止區,20～24歲,20,24,完全落入,1.0,男,結婚,高中職,相同性別,0
110,,13,汐止區,25～29歲,25,29,完全落入,1.0,女,結婚,博士,不同性別,1
110,,13,汐止區,25～29歲,25,29,完全落入,1.0,女,結婚,博士,相同性別,0
110,,13,汐止區,25～29歲,25,29,完全落入,1.0,女,結婚,國中,不同性別,28
110,,13,汐止區,25～29歲,25,29,完全落入,1.0,女,結婚,國中,相同性別,0
110,,13,汐止區,25～29歲,25,29,完全落入,1.0,女,結婚,國小以下,不同性別,1
110,,13,汐止區,25～29歲,25,29,完全落入,1.0,女,結婚,國小以下,相同性別,0
110,,13,汐止區,25～29歲,25,29,完全落入,1.0,女,結婚,大學,不同性別,196
110,,13,汐止區,25～29歲,25,29,完全落入,1.0,女,結婚,大學,相同性別,0
110,,13,汐止區,25～29歲,25,29,完全落入,1.0,女,結婚,專科,不同性別,9
110,,13,汐止區,25～29歲,25,29,完全落入,1.0,女,結婚,專科,相同性別,1
110,,13,汐止區,25～29歲,25,29,完全落入,1.0,女,結婚,碩士,不同性別,23
110,,13,汐止區,25～29歲,25,29,完全落入,1.0,女,結婚,碩士,相同性別,0
110,,13,汐止區,25～29歲,25,29,完全落入,1.0,女,結婚,高中職,不同性別,52
110,,13,汐止區,25～29歲,25,29,完全落入,1.0,女,結婚,高中職,相同性別,0
110,,13,汐止區,25～29歲,25,29,完全落入,1.0,男,結婚,博士,不同性別,1
110,,13,汐止區,25～29歲,25,29,完全落入,1.0,男,結婚,博士,相同性別,0
110,,13,汐止區,25～29歲,25,29,完全落入,1.0,男,結婚,國中,不同性別,19
110,,13,汐止區,25～29歲,25,29,完全落入,1.0,男,結婚,國中,相同性別,0
110,,13,汐止區,25～29歲,25,29,完全落入,1.0,男,結婚,國小以下,不同性別,1
110,,13,汐止區,25～29歲,25,29,完全落入,1.0,男,結婚,國小以下,相同性別,0
110,,13,汐止區,25～29歲,25,29,完全落入,1.0,男,結婚,大學,不同性別,108
110,,13,汐止區,25～29歲,25,29,完全落入,1.0,男,結婚,大學,相同性別,2
110,,13,汐止區,25～29歲,25,29,完全落入,1.0,男,結婚,專科,不同性別,5
110,,13,汐止區,25～29歲,25,29,完全落入,1.0,男,結婚,專科,相同性別,0
110,,13,汐止區,25～29歲,25,29,完全落入,1.0,男,結婚,碩士,不同性別,18
110,,13,汐止區,25～29歲,25,29,完全落入,1.0,男,結婚,碩士,相同性別,0
110,,13,汐止區,25～29歲,25,29,完全落入,1.0,男,結婚,高中職,不同性別,61
110,,13,汐止區,25～29歲,25,29,完全落入,1.0,男,結婚,高中職,相同性別,0
110,,13,汐止區,30～34歲,30,34,完全落入,1.0,女,結婚,博士,不同性別,0
110,,13,汐止區,30～34歲,30,34,完全落入,1.0,女,結婚,博士,相同性別,0
110,,13,汐止區,30～34歲,30,34,完全落入,1.0,女,結婚,國中,不同性別,9
110,,13,汐止區,30～34歲,30,34,完全落入,1.0,女,結婚,國中,相同性別,1
110,,13,汐止區,30～34歲,30,34,完全落入,1.0,女,結婚,國小以下,不同性別,2
110,,13,汐止區,30～34歲,30,34,完全落入,1.0,女,結婚,國小以下,相同性別,0
110,,13,汐止區,30～34歲,30,34,完全落入,1.0,女,結婚,大學,不同性別,204
110,,13,汐止區,30～34歲,30,34,完全落入,1.0,女,結婚,大學,相同性別,5
110,,13,汐止區,30～34歲,30,34,完全落入,1.0,女,結婚,專科,不同性別,11
110,,13,汐止區,30～34歲,30,34,完全落入,1.0,女,結婚,專科,相同性別,2
110,,13,汐止區,30～34歲,30,34,完全落入,1.0,女,結婚,碩士,不同性別,38
110,,13,汐止區,30～34歲,30,34,完全落入,1.0,女,結婚,碩士,相同性別,0
110,,13,汐止區,30～34歲,30,34,完全落入,1.0,女,結婚,高中職,不同性別,40
110,,13,汐止區,30～34歲,30,34,完全落入,1.0,女,結婚,高中職,相同性別,1
110,,13,汐止區,30～34歲,30,34,完全落入,1.0,男,結婚,博士,不同性別,2
110,,13,汐止區,30～34歲,30,34,完全落入,1.0,男,結婚,博士,相同性別,0
110,,13,汐止區,30～34歲,30,34,完全落入,1.0,男,結婚,國中,不同性別,14
110,,13,汐止區,30～34歲,30,34,完全落入,1.0,男,結婚,國中,相同性別,0
110,,13,汐止區,30～34歲,30,34,完全落入,1.0,男,結婚,國小以下,不同性別,2
110,,13,汐止區,30～34歲,30,34,完全落入,1.0,男,結婚,國小以下,相同性別,0
110,,13,汐止區,30～34歲,30,34,完全落入,1.0,男,結婚,大學,不同性別,180
110,,13,汐止區,30～34歲,30,34,完全落入,1.0,男,結婚,大學,相同性別,1
110,,13,汐止區,30～34歲,30,34,完全落入,1.0,男,結婚,專科,不同性別,10
110,,13,汐止區,30～34歲,30,34,完全落入,1.0,男,結婚,專科,相同性別,0
110,,13,汐止區,30～34歲,30,34,完全落入,1.0,男,結婚,碩士,不同性別,74
110,,13,汐止區,30～34歲,30,34,完全落入,1.0,男,結婚,碩士,相同性別,0
110,,13,汐止區,30～34歲,30,34,完全落入,1.0,男,結婚,高中職,不同性別,43
110,,13,汐止區,30～34歲,30,34,完全落入,1.0,男,結婚,高中職,相同性別,1
110,,13,汐止區,35～39歲,35,39,部分重疊,0.2,女,結婚,博士,不同性別,0
110,,13,汐止區,35～39歲,35,39,部分重疊,0.2,女,結婚,博士,相同性別,0
110,,13,汐止區,35～39歲,35,39,部分重疊,0.2,女,結婚,國中,不同性別,14
110,,13,汐止區,35～39歲,35,39,部分重疊,0.2,女,結婚,國中,相同性別,2
110,,13,汐止區,35～39歲,35,39,部分重疊,0.2,女,結婚,國小以下,不同性別,1
110,,13,汐止區,35～39歲,35,39,部分重疊,0.2,女,結婚,國小以下,相同性別,1
110,,13,汐止區,35～39歲,35,39,部分重疊,0.2,女,結婚,大學,不同性別,63
110,,13,汐止區,35～39歲,35,39,部分重疊,0.2,女,結婚,大學,相同性別,1
110,,13,汐止區,35～39歲,35,39,部分重疊,0.2,女,結婚,專科,不同性別,20
110,,13,汐止區,35～39歲,35,39,部分重疊,0.2,女,結婚,專科,相同性別,1
110,,13,汐止區,35～39歲,35,39,部分重疊,0.2,女,結婚,碩士,不同性別,20
110,,13,汐止區,35～39歲,35,39,部分重疊,0.2,女,結婚,碩士,相同性別,0
110,,13,汐止區,35～39歲,35,39,部分重疊,0.2,女,結婚,高中職,不同性別,29
110,,13,汐止區,35～39歲,35,39,部分重疊,0.2,女,結婚,高中職,相同性別,0
110,,13,汐止區,35～39歲,35,39,部分重疊,0.2,男,結婚,博士,不同性別,2
110,,13,汐止區,35～39歲,35,39,部分重疊,0.2,男,結婚,博士,相同性別,0
110,,13,汐止區,35～39歲,35,39,部分重疊,0.2,男,結婚,國中,不同性別,21
110,,13,汐止區,35～39歲,35,39,部分重疊,0.2,男,結婚,國中,相同性別,0
110,,13,汐止區,35～39歲,35,39,部分重疊,0.2,男,結婚,國小以下,不同性別,0
110,,13,汐止區,35～39歲,35,39,部分重疊,0.2,男,結婚,國小以下,相同性別,0
110,,13,汐止區,35～39歲,35,39,部分重疊,0.2,男,結婚,大學,不同性別,86
110,,13,汐止區,35～39歲,35,39,部分重疊,0.2,男,結婚,大學,相同性別,1
110,,13,汐止區,35～39歲,35,39,部分重疊,0.2,男,結婚,專科,不同性別,17
110,,13,汐止區,35～39歲,35,39,部分重疊,0.2,男,結婚,專科,相同性別,1
110,,13,汐止區,35～39歲,35,39,部分重疊,0.2,男,結婚,碩士,不同性別,28
110,,13,汐止區,35～39歲,35,39,部分重疊,0.2,男,結婚,碩士,相同性別,0
110,,13,汐止區,35～39歲,35,39,部分重疊,0.2,男,結婚,高中職,不同性別,36
110,,13,汐止區,35～39歲,35,39,部分重疊,0.2,男,結婚,高中職,相同性別,0
110,,13,汐止區,40～44歲,40,44,不相關,0.0,女,結婚,博士,不同性別,2
110,,13,汐止區,40～44歲,40,44,不相關,0.0,女,結婚,博士,相同性別,0
110,,13,汐止區,40～44歲,40,44,不相關,0.0,女,結婚,國中,不同性別,1
110,,13,汐止區,40～44歲,40,44,不相關,0.0,女,結婚,國中,相同性別,1
110,,13,汐止區,40～44歲,40,44,不相關,0.0,女,結婚,國小以下,不同性別,2
110,,13,汐止區,40～44歲,40,44,不相關,0.0,女,結婚,國小以下,相同性別,0
110,,13,汐止區,40～44歲,40,44,不相關,0.0,女,結婚,大學,不同性別,27
110,,13,汐止區,40～44歲,40,44,不相關,0.0,女,結婚,大學,相同性別,0
110,,13,汐止區,40～44歲,40,44,不相關,0.0,女,結婚,專科,不同性別,8
110,,13,汐止區,40～44歲,40,44,不相關,0.0,女,結婚,專科,相同性別,1
110,,13,汐止區,40～44歲,40,44,不相關,0.0,女,結婚,碩士,不同性別,6
110,,13,汐止區,40～44歲,40,44,不相關,0.0,女,結婚,碩士,相同性別,0
110,,13,汐止區,40～44歲,40,44,不相關,0.0,女,結婚,高中職,不同性別,20
110,,13,汐止區,40～44歲,40,44,不相關,0.0,女,結婚,高中職,相同性別,2
110,,13,汐止區,40～44歲,40,44,不相關,0.0,男,結婚,博士,不同性別,3
110,,13,汐止區,40～44歲,40,44,不相關,0.0,男,結婚,博士,相同性別,0
110,,13,汐止區,40～44歲,40,44,不相關,0.0,男,結婚,國中,不同性別,14
110,,13,汐止區,40～44歲,40,44,不相關,0.0,男,結婚,國中,相同性別,0
110,,13,汐止區,40～44歲,40,44,不相關,0.0,男,結婚,國小以下,不同性別,1
110,,13,汐止區,40～44歲,40,44,不相關,0.0,男,結婚,國小以下,相同性別,0
110,,13,汐止區,40～44歲,40,44,不相關,0.0,男,結婚,大學,不同性別,25
110,,13,汐止區,40～44歲,40,44,不相關,0.0,男,結婚,大學,相同性別,0
110,,13,汐止區,40～44歲,40,44,不相關,0.0,男,結婚,專科,不同性別,11
110,,13,汐止區,40～44歲,40,44,不相關,0.0,男,結婚,專科,相同性別,0
110,,13,汐止區,40～44歲,40,44,不相關,0.0,男,結婚,碩士,不同性別,15
110,,13,汐止區,40～44歲,40,44,不相關,0.0,男,結婚,碩士,相同性別,0
110,,13,汐止區,40～44歲,40,44,不相關,0.0,男,結婚,高中職,不同性別,27
110,,13,汐止區,40～44歲,40,44,不相關,0.0,男,結婚,高中職,相同性別,0
110,,13,汐止區,45～49歲,45,49,不相關,0.0,女,結婚,博士,不同性別,0
110,,13,汐止區,45～49歲,45,49,不相關,0.0,女,結婚,博士,相同性別,0
110,,13,汐止區,45～49歲,45,49,不相關,0.0,女,結婚,國中,不同性別,6
110,,13,汐止區,45～49歲,45,49,不相關,0.0,女,結婚,國中,相同性別,0
110,,13,汐止區,45～49歲,45,49,不相關,0.0,女,結婚,國小以下,不同性別,0
110,,13,汐止區,45～49歲,45,49,不相關,0.0,女,結婚,國小以下,相同性別,0
110,,13,汐止區,45～49歲,45,49,不相關,0.0,女,結婚,大學,不同性別,5
110,,13,汐止區,45～49歲,45,49,不相關,0.0,女,結婚,大學,相同性別,1
110,,13,汐止區,45～49歲,45,49,不相關,0.0,女,結婚,專科,不同性別,6
110,,13,汐止區,45～49歲,45,49,不相關,0.0,女,結婚,專科,相同性別,0
110,,13,汐止區,45～49歲,45,49,不相關,0.0,女,結婚,碩士,不同性別,0
110,,13,汐止區,45～49歲,45,49,不相關,0.0,女,結婚,碩士,相同性別,1
110,,13,汐止區,45～49歲,45,49,不相關,0.0,女,結婚,高中職,不同性別,18
110,,13,汐止區,45～49歲,45,49,不相關,0.0,女,結婚,高中職,相同性別,2
110,,13,汐止區,45～49歲,45,49,不相關,0.0,男,結婚,博士,不同性別,0
110,,13,汐止區,45～49歲,45,49,不相關,0.0,男,結婚,博士,相同性別,0
110,,13,汐止區,45～49歲,45,49,不相關,0.0,男,結婚,國中,不同性別,9
110,,13,汐止區,45～49歲,45,49,不相關,0.0,男,結婚,國中,相同性別,0
110,,13,汐止區,45～49歲,45,49,不相關,0.0,男,結婚,國小以下,不同性別,0
110,,13,汐止區,45～49歲,45,49,不相關,0.0,男,結婚,國小以下,相同性別,0
110,,13,汐止區,45～49歲,45,49,不相關,0.0,男,結婚,大學,不同性別,15
110,,13,汐止區,45～49歲,45,49,不相關,0.0,男,結婚,大學,相同性別,2
110,,13,汐止區,45～49歲,45,49,不相關,0.0,男,結婚,專科,不同性別,4
110,,13,汐止區,45～49歲,45,49,不相關,0.0,男,結婚,專科,相同性別,1
110,,13,汐止區,45～49歲,45,49,不相關,0.0,男,結婚,碩士,不同性別,5
110,,13,汐止區,45～49歲,45,49,不相關,0.0,男,結婚,碩士,相同性別,0
110,,13,汐止區,45～49歲,45,49,不相關,0.0,男,結婚,高中職,不同性別,19
110,,13,汐止區,45～49歲,45,49,不相關,0.0,男,結婚,高中職,相同性別,0
110,,13,汐止區,50～54歲,50,54,不相關,0.0,女,結婚,博士,不同性別,0
110,,13,汐止區,50～54歲,50,54,不相關,0.0,女,結婚,博士,相同性別,0
110,,13,汐止區,50～54歲,50,54,不相關,0.0,女,結婚,國中,不同性別,5
110,,13,汐止區,50～54歲,50,54,不相關,0.0,女,結婚,國中,相同性別,0
110,,13,汐止區,50～54歲,50,54,不相關,0.0,女,結婚,國小以下,不同性別,2
110,,13,汐止區,50～54歲,50,54,不相關,0.0,女,結婚,國小以下,相同性別,0
110,,13,汐止區,50～54歲,50,54,不相關,0.0,女,結婚,大學,不同性別,1
110,,13,汐止區,50～54歲,50,54,不相關,0.0,女,結婚,大學,相同性別,1
110,,13,汐止區,50～54歲,50,54,不相關,0.0,女,結婚,專科,不同性別,4
110,,13,汐止區,50～54歲,50,54,不相關,0.0,女,結婚,專科,相同性別,0
110,,13,汐止區,50～54歲,50,54,不相關,0.0,女,結婚,碩士,不同性別,0
110,,13,汐止區,50～54歲,50,54,不相關,0.0,女,結婚,碩士,相同性別,0
110,,13,汐止區,50～54歲,50,54,不相關,0.0,女,結婚,高中職,不同性別,10
110,,13,汐止區,50～54歲,50,54,不相關,0.0,女,結婚,高中職,相同性別,0
110,,13,汐止區,50～54歲,50,54,不相關,0.0,男,結婚,博士,不同性別,0
110,,13,汐止區,50～54歲,50,54,不相關,0.0,男,結婚,博士,相同性別,0
110,,13,汐止區,50～54歲,50,54,不相關,0.0,男,結婚,國中,不同性別,5
110,,13,汐止區,50～54歲,50,54,不相關,0.0,男,結婚,國中,相同性別,0
110,,13,汐止區,50～54歲,50,54,不相關,0.0,男,結婚,國小以下,不同性別,1
110,,13,汐止區,50～54歲,50,54,不相關,0.0,男,結婚,國小以下,相同性別,0
110,,13,汐止區,50～54歲,50,54,不相關,0.0,男,結婚,大學,不同性別,6
110,,13,汐止區,50～54歲,50,54,不相關,0.0,男,結婚,大學,相同性別,0
110,,13,汐止區,50～54歲,50,54,不相關,0.0,男,結婚,專科,不同性別,3
110,,13,汐止區,50～54歲,50,54,不相關,0.0,男,結婚,專科,相同性別,0
110,,13,汐止區,50～54歲,50,54,不相關,0.0,男,結婚,碩士,不同性別,3
110,,13,汐止區,50～54歲,50,54,不相關,0.0,男,結婚,碩士,相同性別,0
110,,13,汐止區,50～54歲,50,54,不相關,0.0,男,結婚,高中職,不同性別,11
110,,13,汐止區,50～54歲,50,54,不相關,0.0,男,結婚,高中職,相同性別,1
110,,13,汐止區,55～59歲,55,59,不相關,0.0,女,結婚,博士,不同性別,0
110,,13,汐止區,55～59歲,55,59,不相關,0.0,女,結婚,博士,相同性別,0
110,,13,汐止區,55～59歲,55,59,不相關,0.0,女,結婚,國中,不同性別,3
110,,13,汐止區,55～59歲,55,59,不相關,0.0,女,結婚,國中,相同性別,0
110,,13,汐止區,55～59歲,55,59,不相關,0.0,女,結婚,國小以下,不同性別,2
110,,13,汐止區,55～59歲,55,59,不相關,0.0,女,結婚,國小以下,相同性別,0
110,,13,汐止區,55～59歲,55,59,不相關,0.0,女,結婚,大學,不同性別,3
110,,13,汐止區,55～59歲,55,59,不相關,0.0,女,結婚,大學,相同性別,0
110,,13,汐止區,55～59歲,55,59,不相關,0.0,女,結婚,專科,不同性別,2
110,,13,汐止區,55～59歲,55,59,不相關,0.0,女,結婚,專科,相同性別,0
110,,13,汐止區,55～59歲,55,59,不相關,0.0,女,結婚,碩士,不同性別,0
110,,13,汐止區,55～59歲,55,59,不相關,0.0,女,結婚,碩士,相同性別,0
110,,13,汐止區,55～59歲,55,59,不相關,0.0,女,結婚,高中職,不同性別,4
110,,13,汐止區,55～59歲,55,59,不相關,0.0,女,結婚,高中職,相同性別,0
110,,13,汐止區,55～59歲,55,59,不相關,0.0,男,結婚,博士,不同性別,0
110,,13,汐止區,55～59歲,55,59,不相關,0.0,男,結婚,博士,相同性別,0
110,,13,汐止區,55～59歲,55,59,不相關,0.0,男,結婚,國中,不同性別,7
110,,13,汐止區,55～59歲,55,59,不相關,0.0,男,結婚,國中,相同性別,0
110,,13,汐止區,55～59歲,55,59,不相關,0.0,男,結婚,國小以下,不同性別,2
110,,13,汐止區,55～59歲,55,59,不相關,0.0,男,結婚,國小以下,相同性別,0
110,,13,汐止區,55～59歲,55,59,不相關,0.0,男,結婚,大學,不同性別,2
110,,13,汐止區,55～59歲,55,59,不相關,0.0,男,結婚,大學,相同性別,0
110,,13,汐止區,55～59歲,55,59,不相關,0.0,男,結婚,專科,不同性別,5
110,,13,汐止區,55～59歲,55,59,不相關,0.0,男,結婚,專科,相同性別,0
110,,13,汐止區,55～59歲,55,59,不相關,0.0,男,結婚,碩士,不同性別,1
110,,13,汐止區,55～59歲,55,59,不相關,0.0,男,結婚,碩士,相同性別,0
110,,13,汐止區,55～59歲,55,59,不相關,0.0,男,結婚,高中職,不同性別,7
110,,13,汐止區,55～59歲,55,59,不相關,0.0,男,結婚,高中職,相同性別,0
110,,13,汐止區,60～64歲,60,64,不相關,0.0,女,結婚,博士,不同性別,0
110,,13,汐止區,60～64歲,60,64,不相關,0.0,女,結婚,博士,相同性別,0
110,,13,汐止區,60～64歲,60,64,不相關,0.0,女,結婚,國中,不同性別,1
110,,13,汐止區,60～64歲,60,64,不相關,0.0,女,結婚,國中,相同性別,0
110,,13,汐止區,60～64歲,60,64,不相關,0.0,女,結婚,國小以下,不同性別,1
110,,13,汐止區,60～64歲,60,64,不相關,0.0,女,結婚,國小以下,相同性別,0
110,,13,汐止區,60～64歲,60,64,不相關,0.0,女,結婚,大學,不同性別,1
110,,13,汐止區,60～64歲,60,64,不相關,0.0,女,結婚,大學,相同性別,0
110,,13,汐止區,60～64歲,60,64,不相關,0.0,女,結婚,專科,不同性別,1
110,,13,汐止區,60～64歲,60,64,不相關,0.0,女,結婚,專科,相同性別,0
110,,13,汐止區,60～64歲,60,64,不相關,0.0,女,結婚,碩士,不同性別,0
110,,13,汐止區,60～64歲,60,64,不相關,0.0,女,結婚,碩士,相同性別,0
110,,13,汐止區,60～64歲,60,64,不相關,0.0,女,結婚,高中職,不同性別,4
110,,13,汐止區,60～64歲,60,64,不相關,0.0,女,結婚,高中職,相同性別,0
110,,13,汐止區,60～64歲,60,64,不相關,0.0,男,結婚,博士,不同性別,0
110,,13,汐止區,60～64歲,60,64,不相關,0.0,男,結婚,博士,相同性別,0
110,,13,汐止區,60～64歲,60,64,不相關,0.0,男,結婚,國中,不同性別,2
110,,13,汐止區,60～64歲,60,64,不相關,0.0,男,結婚,國中,相同性別,0
110,,13,汐止區,60～64歲,60,64,不相關,0.0,男,結婚,國小以下,不同性別,3
110,,13,汐止區,60～64歲,60,64,不相關,0.0,男,結婚,國小以下,相同性別,0
110,,13,汐止區,60～64歲,60,64,不相關,0.0,男,結婚,大學,不同性別,0
110,,13,汐止區,60～64歲,60,64,不相關,0.0,男,結婚,大學,相同性別,0
110,,13,汐止區,60～64歲,60,64,不相關,0.0,男,結婚,專科,不同性別,1
110,,13,汐止區,60～64歲,60,64,不相關,0.0,男,結婚,專科,相同性別,0
110,,13,汐止區,60～64歲,60,64,不相關,0.0,男,結婚,碩士,不同性別,0
110,,13,汐止區,60～64歲,60,64,不相關,0.0,男,結婚,碩士,相同性別,0
110,,13,汐止區,60～64歲,60,64,不相關,0.0,男,結婚,高中職,不同性別,3
110,,13,汐止區,60～64歲,60,64,不相關,0.0,男,結婚,高中職,相同性別,0
110,,13,汐止區,65歲以上,65,120,不相關,0.0,女,結婚,博士,不同性別,0
110,,13,汐止區,65歲以上,65,120,不相關,0.0,女,結婚,博士,相同性別,0
110,,13,汐止區,65歲以上,65,120,不相關,0.0,女,結婚,國中,不同性別,2
110,,13,汐止區,65歲以上,65,120,不相關,0.0,女,結婚,國中,相同性別,0
110,,13,汐止區,65歲以上,65,120,不相關,0.0,女,結婚,國小以下,不同性別,6
110,,13,汐止區,65歲以上,65,120,不相關,0.0,女,結婚,國小以下,相同性別,0
110,,13,汐止區,65歲以上,65,120,不相關,0.0,女,結婚,大學,不同性別,1
110,,13,汐止區,65歲以上,65,120,不相關,0.0,女,結婚,大學,相同性別,0
110,,13,汐止區,65歲以上,65,120,不相關,0.0,女,結婚,專科,不同性別,2
110,,13,汐止區,65歲以上,65,120,不相關,0.0,女,結婚,專科,相同性別,0
110,,13,汐止區,65歲以上,65,120,不相關,0.0,女,結婚,碩士,不同性別,0
110,,13,汐止區,65歲以上,65,120,不相關,0.0,女,結婚,碩士,相同性別,0
110,,13,汐止區,65歲以上,65,120,不相關,0.0,女,結婚,高中職,不同性別,3
110,,13,汐止區,65歲以上,65,120,不相關,0.0,女,結婚,高中職,相同性別,0
110,,13,汐止區,65歲以上,65,120,不相關,0.0,男,結婚,博士,不同性別,1
110,,13,汐止區,65歲以上,65,120,不相關,0.0,男,結婚,博士,相同性別,0
110,,13,汐止區,65歲以上,65,120,不相關,0.0,男,結婚,國中,不同性別,3
110,,13,汐止區,65歲以上,65,120,不相關,0.0,男,結婚,國中,相同性別,0
110,,13,汐止區,65歲以上,65,120,不相關,0.0,男,結婚,國小以下,不同性別,5
110,,13,汐止區,65歲以上,65,120,不相關,0.0,男,結婚,國小以下,相同性別,0
110,,13,汐止區,65歲以上,65,120,不相關,0.0,男,結婚,大學,不同性別,0
110,,13,汐止區,65歲以上,65,120,不相關,0.0,男,結婚,大學,相同性別,0
110,,13,汐止區,65歲以上,65,120,不相關,0.0,男,結婚,專科,不同性別,5
110,,13,汐止區,65歲以上,65,120,不相關,0.0,男,結婚,專科,相同性別,0
110,,13,汐止區,65歲以上,65,120,不相關,0.0,男,結婚,碩士,不同性別,0
110,,13,汐止區,65歲以上,65,120,不相關,0.0,男,結婚,碩士,相同性別,0
110,,13,汐止區,65歲以上,65,120,不相關,0.0,男,結婚,高中職,不同性別,3
110,,13,汐止區,65歲以上,65,120,不相關,0.0,男,結婚,高中職,相同性別,0
110,,14,瑞芳區,未滿15歲,0,14,不相關,0.0,女,結婚,博士,不同性別,0
110,,14,瑞芳區,未滿15歲,0,14,不相關,0.0,女,結婚,博士,相同性別,0
110,,14,瑞芳區,未滿15歲,0,14,不相關,0.0,女,結婚,國中,不同性別,0
110,,14,瑞芳區,未滿15歲,0,14,不相關,0.0,女,結婚,國中,相同性別,0
110,,14,瑞芳區,未滿15歲,0,14,不相關,0.0,女,結婚,國小以下,不同性別,0
110,,14,瑞芳區,未滿15歲,0,14,不相關,0.0,女,結婚,國小以下,相同性別,0
110,,14,瑞芳區,未滿15歲,0,14,不相關,0.0,女,結婚,大學,不同性別,0
110,,14,瑞芳區,未滿15歲,0,14,不相關,0.0,女,結婚,大學,相同性別,0
110,,14,瑞芳區,未滿15歲,0,14,不相關,0.0,女,結婚,專科,不同性別,0
110,,14,瑞芳區,未滿15歲,0,14,不相關,0.0,女,結婚,專科,相同性別,0
110,,14,瑞芳區,未滿15歲,0,14,不相關,0.0,女,結婚,碩士,不同性別,0
110,,14,瑞芳區,未滿15歲,0,14,不相關,0.0,女,結婚,碩士,相同性別,0
110,,14,瑞芳區,未滿15歲,0,14,不相關,0.0,女,結婚,高中職,不同性別,0
110,,14,瑞芳區,未滿15歲,0,14,不相關,0.0,女,結婚,高中職,相同性別,0
110,,14,瑞芳區,未滿15歲,0,14,不相關,0.0,男,結婚,博士,不同性別,0
110,,14,瑞芳區,未滿15歲,0,14,不相關,0.0,男,結婚,博士,相同性別,0
110,,14,瑞芳區,未滿15歲,0,14,不相關,0.0,男,結婚,國中,不同性別,0
110,,14,瑞芳區,未滿15歲,0,14,不相關,0.0,男,結婚,國中,相同性別,0
110,,14,瑞芳區,未滿15歲,0,14,不相關,0.0,男,結婚,國小以下,不同性別,0
110,,14,瑞芳區,未滿15歲,0,14,不相關,0.0,男,結婚,國小以下,相同性別,0
110,,14,瑞芳區,未滿15歲,0,14,不相關,0.0,男,結婚,大學,不同性別,0
110,,14,瑞芳區,未滿15歲,0,14,不相關,0.0,男,結婚,大學,相同性別,0
110,,14,瑞芳區,未滿15歲,0,14,不相關,0.0,男,結婚,專科,不同性別,0
110,,14,瑞芳區,未滿15歲,0,14,不相關,0.0,男,結婚,專科,相同性別,0
110,,14,瑞芳區,未滿15歲,0,14,不相關,0.0,男,結婚,碩士,不同性別,0
110,,14,瑞芳區,未滿15歲,0,14,不相關,0.0,男,結婚,碩士,相同性別,0
110,,14,瑞芳區,未滿15歲,0,14,不相關,0.0,男,結婚,高中職,不同性別,0
110,,14,瑞芳區,未滿15歲,0,14,不相關,0.0,男,結婚,高中職,相同性別,0
110,,14,瑞芳區,15～19歲,15,19,部分重疊,0.4,女,結婚,博士,不同性別,0
110,,14,瑞芳區,15～19歲,15,19,部分重疊,0.4,女,結婚,博士,相同性別,0
110,,14,瑞芳區,15～19歲,15,19,部分重疊,0.4,女,結婚,國中,不同性別,1
110,,14,瑞芳區,15～19歲,15,19,部分重疊,0.4,女,結婚,國中,相同性別,0
110,,14,瑞芳區,15～19歲,15,19,部分重疊,0.4,女,結婚,國小以下,不同性別,0
110,,14,瑞芳區,15～19歲,15,19,部分重疊,0.4,女,結婚,國小以下,相同性別,0
110,,14,瑞芳區,15～19歲,15,19,部分重疊,0.4,女,結婚,大學,不同性別,0
110,,14,瑞芳區,15～19歲,15,19,部分重疊,0.4,女,結婚,大學,相同性別,0
110,,14,瑞芳區,15～19歲,15,19,部分重疊,0.4,女,結婚,專科,不同性別,0
110,,14,瑞芳區,15～19歲,15,19,部分重疊,0.4,女,結婚,專科,相同性別,0
110,,14,瑞芳區,15～19歲,15,19,部分重疊,0.4,女,結婚,碩士,不同性別,0
110,,14,瑞芳區,15～19歲,15,19,部分重疊,0.4,女,結婚,碩士,相同性別,0
110,,14,瑞芳區,15～19歲,15,19,部分重疊,0.4,女,結婚,高中職,不同性別,0
110,,14,瑞芳區,15～19歲,15,19,部分重疊,0.4,女,結婚,高中職,相同性別,0
110,,14,瑞芳區,15～19歲,15,19,部分重疊,0.4,男,結婚,博士,不同性別,0
110,,14,瑞芳區,15～19歲,15,19,部分重疊,0.4,男,結婚,博士,相同性別,0
110,,14,瑞芳區,15～19歲,15,19,部分重疊,0.4,男,結婚,國中,不同性別,1
110,,14,瑞芳區,15～19歲,15,19,部分重疊,0.4,男,結婚,國中,相同性別,0
110,,14,瑞芳區,15～19歲,15,19,部分重疊,0.4,男,結婚,國小以下,不同性別,0
110,,14,瑞芳區,15～19歲,15,19,部分重疊,0.4,男,結婚,國小以下,相同性別,0
110,,14,瑞芳區,15～19歲,15,19,部分重疊,0.4,男,結婚,大學,不同性別,0
110,,14,瑞芳區,15～19歲,15,19,部分重疊,0.4,男,結婚,大學,相同性別,0
110,,14,瑞芳區,15～19歲,15,19,部分重疊,0.4,男,結婚,專科,不同性別,0
110,,14,瑞芳區,15～19歲,15,19,部分重疊,0.4,男,結婚,專科,相同性別,0
110,,14,瑞芳區,15～19歲,15,19,部分重疊,0.4,男,結婚,碩士,不同性別,0
110,,14,瑞芳區,15～19歲,15,19,部分重疊,0.4,男,結婚,碩士,相同性別,0
110,,14,瑞芳區,15～19歲,15,19,部分重疊,0.4,男,結婚,高中職,不同性別,0
110,,14,瑞芳區,15～19歲,15,19,部分重疊,0.4,男,結婚,高中職,相同性別,0
110,,14,瑞芳區,20～24歲,20,24,完全落入,1.0,女,結婚,博士,不同性別,0
110,,14,瑞芳區,20～24歲,20,24,完全落入,1.0,女,結婚,博士,相同性別,0
110,,14,瑞芳區,20～24歲,20,24,完全落入,1.0,女,結婚,國中,不同性別,7
110,,14,瑞芳區,20～24歲,20,24,完全落入,1.0,女,結婚,國中,相同性別,1
110,,14,瑞芳區,20～24歲,20,24,完全落入,1.0,女,結婚,國小以下,不同性別,0
110,,14,瑞芳區,20～24歲,20,24,完全落入,1.0,女,結婚,國小以下,相同性別,0
110,,14,瑞芳區,20～24歲,20,24,完全落入,1.0,女,結婚,大學,不同性別,5
110,,14,瑞芳區,20～24歲,20,24,完全落入,1.0,女,結婚,大學,相同性別,0
110,,14,瑞芳區,20～24歲,20,24,完全落入,1.0,女,結婚,專科,不同性別,4
110,,14,瑞芳區,20～24歲,20,24,完全落入,1.0,女,結婚,專科,相同性別,0
110,,14,瑞芳區,20～24歲,20,24,完全落入,1.0,女,結婚,碩士,不同性別,0
110,,14,瑞芳區,20～24歲,20,24,完全落入,1.0,女,結婚,碩士,相同性別,0
110,,14,瑞芳區,20～24歲,20,24,完全落入,1.0,女,結婚,高中職,不同性別,15
110,,14,瑞芳區,20～24歲,20,24,完全落入,1.0,女,結婚,高中職,相同性別,0
110,,14,瑞芳區,20～24歲,20,24,完全落入,1.0,男,結婚,博士,不同性別,0
110,,14,瑞芳區,20～24歲,20,24,完全落入,1.0,男,結婚,博士,相同性別,0
110,,14,瑞芳區,20～24歲,20,24,完全落入,1.0,男,結婚,國中,不同性別,5
110,,14,瑞芳區,20～24歲,20,24,完全落入,1.0,男,結婚,國中,相同性別,0
110,,14,瑞芳區,20～24歲,20,24,完全落入,1.0,男,結婚,國小以下,不同性別,0
110,,14,瑞芳區,20～24歲,20,24,完全落入,1.0,男,結婚,國小以下,相同性別,0
110,,14,瑞芳區,20～24歲,20,24,完全落入,1.0,男,結婚,大學,不同性別,0
110,,14,瑞芳區,20～24歲,20,24,完全落入,1.0,男,結婚,大學,相同性別,0
110,,14,瑞芳區,20～24歲,20,24,完全落入,1.0,男,結婚,專科,不同性別,0
110,,14,瑞芳區,20～24歲,20,24,完全落入,1.0,男,結婚,專科,相同性別,0
110,,14,瑞芳區,20～24歲,20,24,完全落入,1.0,男,結婚,碩士,不同性別,0
110,,14,瑞芳區,20～24歲,20,24,完全落入,1.0,男,結婚,碩士,相同性別,0
110,,14,瑞芳區,20～24歲,20,24,完全落入,1.0,男,結婚,高中職,不同性別,9
110,,14,瑞芳區,20～24歲,20,24,完全落入,1.0,男,結婚,高中職,相同性別,0
110,,14,瑞芳區,25～29歲,25,29,完全落入,1.0,女,結婚,博士,不同性別,0
110,,14,瑞芳區,25～29歲,25,29,完全落入,1.0,女,結婚,博士,相同性別,0
110,,14,瑞芳區,25～29歲,25,29,完全落入,1.0,女,結婚,國中,不同性別,3
110,,14,瑞芳區,25～29歲,25,29,完全落入,1.0,女,結婚,國中,相同性別,0
110,,14,瑞芳區,25～29歲,25,29,完全落入,1.0,女,結婚,國小以下,不同性別,0
110,,14,瑞芳區,25～29歲,25,29,完全落入,1.0,女,結婚,國小以下,相同性別,0
110,,14,瑞芳區,25～29歲,25,29,完全落入,1.0,女,結婚,大學,不同性別,29
110,,14,瑞芳區,25～29歲,25,29,完全落入,1.0,女,結婚,大學,相同性別,2
110,,14,瑞芳區,25～29歲,25,29,完全落入,1.0,女,結婚,專科,不同性別,2
110,,14,瑞芳區,25～29歲,25,29,完全落入,1.0,女,結婚,專科,相同性別,0
110,,14,瑞芳區,25～29歲,25,29,完全落入,1.0,女,結婚,碩士,不同性別,1
110,,14,瑞芳區,25～29歲,25,29,完全落入,1.0,女,結婚,碩士,相同性別,0
110,,14,瑞芳區,25～29歲,25,29,完全落入,1.0,女,結婚,高中職,不同性別,7
110,,14,瑞芳區,25～29歲,25,29,完全落入,1.0,女,結婚,高中職,相同性別,1
110,,14,瑞芳區,25～29歲,25,29,完全落入,1.0,男,結婚,博士,不同性別,0
110,,14,瑞芳區,25～29歲,25,29,完全落入,1.0,男,結婚,博士,相同性別,0
110,,14,瑞芳區,25～29歲,25,29,完全落入,1.0,男,結婚,國中,不同性別,10
110,,14,瑞芳區,25～29歲,25,29,完全落入,1.0,男,結婚,國中,相同性別,0
110,,14,瑞芳區,25～29歲,25,29,完全落入,1.0,男,結婚,國小以下,不同性別,0
110,,14,瑞芳區,25～29歲,25,29,完全落入,1.0,男,結婚,國小以下,相同性別,0
110,,14,瑞芳區,25～29歲,25,29,完全落入,1.0,男,結婚,大學,不同性別,14
110,,14,瑞芳區,25～29歲,25,29,完全落入,1.0,男,結婚,大學,相同性別,0
110,,14,瑞芳區,25～29歲,25,29,完全落入,1.0,男,結婚,專科,不同性別,5
110,,14,瑞芳區,25～29歲,25,29,完全落入,1.0,男,結婚,專科,相同性別,0
110,,14,瑞芳區,25～29歲,25,29,完全落入,1.0,男,結婚,碩士,不同性別,3
110,,14,瑞芳區,25～29歲,25,29,完全落入,1.0,男,結婚,碩士,相同性別,0
110,,14,瑞芳區,25～29歲,25,29,完全落入,1.0,男,結婚,高中職,不同性別,13
110,,14,瑞芳區,25～29歲,25,29,完全落入,1.0,男,結婚,高中職,相同性別,0
110,,14,瑞芳區,30～34歲,30,34,完全落入,1.0,女,結婚,博士,不同性別,0
110,,14,瑞芳區,30～34歲,30,34,完全落入,1.0,女,結婚,博士,相同性別,0
110,,14,瑞芳區,30～34歲,30,34,完全落入,1.0,女,結婚,國中,不同性別,3
110,,14,瑞芳區,30～34歲,30,34,完全落入,1.0,女,結婚,國中,相同性別,0
110,,14,瑞芳區,30～34歲,30,34,完全落入,1.0,女,結婚,國小以下,不同性別,2
110,,14,瑞芳區,30～34歲,30,34,完全落入,1.0,女,結婚,國小以下,相同性別,0
110,,14,瑞芳區,30～34歲,30,34,完全落入,1.0,女,結婚,大學,不同性別,24
110,,14,瑞芳區,30～34歲,30,34,完全落入,1.0,女,結婚,大學,相同性別,0
110,,14,瑞芳區,30～34歲,30,34,完全落入,1.0,女,結婚,專科,不同性別,2
110,,14,瑞芳區,30～34歲,30,34,完全落入,1.0,女,結婚,專科,相同性別,0
110,,14,瑞芳區,30～34歲,30,34,完全落入,1.0,女,結婚,碩士,不同性別,7
110,,14,瑞芳區,30～34歲,30,34,完全落入,1.0,女,結婚,碩士,相同性別,0
110,,14,瑞芳區,30～34歲,30,34,完全落入,1.0,女,結婚,高中職,不同性別,10
110,,14,瑞芳區,30～34歲,30,34,完全落入,1.0,女,結婚,高中職,相同性別,0
110,,14,瑞芳區,30～34歲,30,34,完全落入,1.0,男,結婚,博士,不同性別,0
110,,14,瑞芳區,30～34歲,30,34,完全落入,1.0,男,結婚,博士,相同性別,0
110,,14,瑞芳區,30～34歲,30,34,完全落入,1.0,男,結婚,國中,不同性別,6
110,,14,瑞芳區,30～34歲,30,34,完全落入,1.0,男,結婚,國中,相同性別,0
110,,14,瑞芳區,30～34歲,30,34,完全落入,1.0,男,結婚,國小以下,不同性別,0
110,,14,瑞芳區,30～34歲,30,34,完全落入,1.0,男,結婚,國小以下,相同性別,0
110,,14,瑞芳區,30～34歲,30,34,完全落入,1.0,男,結婚,大學,不同性別,22
110,,14,瑞芳區,30～34歲,30,34,完全落入,1.0,男,結婚,大學,相同性別,0
110,,14,瑞芳區,30～34歲,30,34,完全落入,1.0,男,結婚,專科,不同性別,0
110,,14,瑞芳區,30～34歲,30,34,完全落入,1.0,男,結婚,專科,相同性別,0
110,,14,瑞芳區,30～34歲,30,34,完全落入,1.0,男,結婚,碩士,不同性別,5
110,,14,瑞芳區,30～34歲,30,34,完全落入,1.0,男,結婚,碩士,相同性別,0
110,,14,瑞芳區,30～34歲,30,34,完全落入,1.0,男,結婚,高中職,不同性別,10
110,,14,瑞芳區,30～34歲,30,34,完全落入,1.0,男,結婚,高中職,相同性別,0
110,,14,瑞芳區,35～39歲,35,39,部分重疊,0.2,女,結婚,博士,不同性別,0
110,,14,瑞芳區,35～39歲,35,39,部分重疊,0.2,女,結婚,博士,相同性別,0
110,,14,瑞芳區,35～39歲,35,39,部分重疊,0.2,女,結婚,國中,不同性別,5
110,,14,瑞芳區,35～39歲,35,39,部分重疊,0.2,女,結婚,國中,相同性別,0
110,,14,瑞芳區,35～39歲,35,39,部分重疊,0.2,女,結婚,國小以下,不同性別,0
110,,14,瑞芳區,35～39歲,35,39,部分重疊,0.2,女,結婚,國小以下,相同性別,0
110,,14,瑞芳區,35～39歲,35,39,部分重疊,0.2,女,結婚,大學,不同性別,4
110,,14,瑞芳區,35～39歲,35,39,部分重疊,0.2,女,結婚,大學,相同性別,0
110,,14,瑞芳區,35～39歲,35,39,部分重疊,0.2,女,結婚,專科,不同性別,1
110,,14,瑞芳區,35～39歲,35,39,部分重疊,0.2,女,結婚,專科,相同性別,0
110,,14,瑞芳區,35～39歲,35,39,部分重疊,0.2,女,結婚,碩士,不同性別,0
110,,14,瑞芳區,35～39歲,35,39,部分重疊,0.2,女,結婚,碩士,相同性別,0
110,,14,瑞芳區,35～39歲,35,39,部分重疊,0.2,女,結婚,高中職,不同性別,4
110,,14,瑞芳區,35～39歲,35,39,部分重疊,0.2,女,結婚,高中職,相同性別,0
110,,14,瑞芳區,35～39歲,35,39,部分重疊,0.2,男,結婚,博士,不同性別,0
110,,14,瑞芳區,35～39歲,35,39,部分重疊,0.2,男,結婚,博士,相同性別,0
110,,14,瑞芳區,35～39歲,35,39,部分重疊,0.2,男,結婚,國中,不同性別,7
110,,14,瑞芳區,35～39歲,35,39,部分重疊,0.2,男,結婚,國中,相同性別,0
110,,14,瑞芳區,35～39歲,35,39,部分重疊,0.2,男,結婚,國小以下,不同性別,0
110,,14,瑞芳區,35～39歲,35,39,部分重疊,0.2,男,結婚,國小以下,相同性別,0
110,,14,瑞芳區,35～39歲,35,39,部分重疊,0.2,男,結婚,大學,不同性別,5
110,,14,瑞芳區,35～39歲,35,39,部分重疊,0.2,男,結婚,大學,相同性別,0
110,,14,瑞芳區,35～39歲,35,39,部分重疊,0.2,男,結婚,專科,不同性別,1
110,,14,瑞芳區,35～39歲,35,39,部分重疊,0.2,男,結婚,專科,相同性別,0
110,,14,瑞芳區,35～39歲,35,39,部分重疊,0.2,男,結婚,碩士,不同性別,8
110,,14,瑞芳區,35～39歲,35,39,部分重疊,0.2,男,結婚,碩士,相同性別,0
110,,14,瑞芳區,35～39歲,35,39,部分重疊,0.2,男,結婚,高中職,不同性別,9
110,,14,瑞芳區,35～39歲,35,39,部分重疊,0.2,男,結婚,高中職,相同性別,0
110,,14,瑞芳區,40～44歲,40,44,不相關,0.0,女,結婚,博士,不同性別,0
110,,14,瑞芳區,40～44歲,40,44,不相關,0.0,女,結婚,博士,相同性別,0
110,,14,瑞芳區,40～44歲,40,44,不相關,0.0,女,結婚,國中,不同性別,4
110,,14,瑞芳區,40～44歲,40,44,不相關,0.0,女,結婚,國中,相同性別,0
110,,14,瑞芳區,40～44歲,40,44,不相關,0.0,女,結婚,國小以下,不同性別,0
110,,14,瑞芳區,40～44歲,40,44,不相關,0.0,女,結婚,國小以下,相同性別,0
110,,14,瑞芳區,40～44歲,40,44,不相關,0.0,女,結婚,大學,不同性別,2
110,,14,瑞芳區,40～44歲,40,44,不相關,0.0,女,結婚,大學,相同性別,0
110,,14,瑞芳區,40～44歲,40,44,不相關,0.0,女,結婚,專科,不同性別,0
110,,14,瑞芳區,40～44歲,40,44,不相關,0.0,女,結婚,專科,相同性別,0
110,,14,瑞芳區,40～44歲,40,44,不相關,0.0,女,結婚,碩士,不同性別,0
110,,14,瑞芳區,40～44歲,40,44,不相關,0.0,女,結婚,碩士,相同性別,0
110,,14,瑞芳區,40～44歲,40,44,不相關,0.0,女,結婚,高中職,不同性別,3
110,,14,瑞芳區,40～44歲,40,44,不相關,0.0,女,結婚,高中職,相同性別,0
110,,14,瑞芳區,40～44歲,40,44,不相關,0.0,男,結婚,博士,不同性別,0
110,,14,瑞芳區,40～44歲,40,44,不相關,0.0,男,結婚,博士,相同性別,0
110,,14,瑞芳區,40～44歲,40,44,不相關,0.0,男,結婚,國中,不同性別,0
110,,14,瑞芳區,40～44歲,40,44,不相關,0.0,男,結婚,國中,相同性別,0
110,,14,瑞芳區,40～44歲,40,44,不相關,0.0,男,結婚,國小以下,不同性別,1
110,,14,瑞芳區,40～44歲,40,44,不相關,0.0,男,結婚,國小以下,相同性別,0
110,,14,瑞芳區,40～44歲,40,44,不相關,0.0,男,結婚,大學,不同性別,1
110,,14,瑞芳區,40～44歲,40,44,不相關,0.0,男,結婚,大學,相同性別,0
110,,14,瑞芳區,40～44歲,40,44,不相關,0.0,男,結婚,專科,不同性別,1
110,,14,瑞芳區,40～44歲,40,44,不相關,0.0,男,結婚,專科,相同性別,0
110,,14,瑞芳區,40～44歲,40,44,不相關,0.0,男,結婚,碩士,不同性別,3
110,,14,瑞芳區,40～44歲,40,44,不相關,0.0,男,結婚,碩士,相同性別,0
110,,14,瑞芳區,40～44歲,40,44,不相關,0.0,男,結婚,高中職,不同性別,4
110,,14,瑞芳區,40～44歲,40,44,不相關,0.0,男,結婚,高中職,相同性別,0
110,,14,瑞芳區,45～49歲,45,49,不相關,0.0,女,結婚,博士,不同性別,0
110,,14,瑞芳區,45～49歲,45,49,不相關,0.0,女,結婚,博士,相同性別,0
110,,14,瑞芳區,45～49歲,45,49,不相關,0.0,女,結婚,國中,不同性別,3
110,,14,瑞芳區,45～49歲,45,49,不相關,0.0,女,結婚,國中,相同性別,0
110,,14,瑞芳區,45～49歲,45,49,不相關,0.0,女,結婚,國小以下,不同性別,1
110,,14,瑞芳區,45～49歲,45,49,不相關,0.0,女,結婚,國小以下,相同性別,0
110,,14,瑞芳區,45～49歲,45,49,不相關,0.0,女,結婚,大學,不同性別,1
110,,14,瑞芳區,45～49歲,45,49,不相關,0.0,女,結婚,大學,相同性別,0
110,,14,瑞芳區,45～49歲,45,49,不相關,0.0,女,結婚,專科,不同性別,2
110,,14,瑞芳區,45～49歲,45,49,不相關,0.0,女,結婚,專科,相同性別,0
110,,14,瑞芳區,45～49歲,45,49,不相關,0.0,女,結婚,碩士,不同性別,0
110,,14,瑞芳區,45～49歲,45,49,不相關,0.0,女,結婚,碩士,相同性別,0
110,,14,瑞芳區,45～49歲,45,49,不相關,0.0,女,結婚,高中職,不同性別,4
110,,14,瑞芳區,45～49歲,45,49,不相關,0.0,女,結婚,高中職,相同性別,0
110,,14,瑞芳區,45～49歲,45,49,不相關,0.0,男,結婚,博士,不同性別,0
110,,14,瑞芳區,45～49歲,45,49,不相關,0.0,男,結婚,博士,相同性別,0
110,,14,瑞芳區,45～49歲,45,49,不相關,0.0,男,結婚,國中,不同性別,3
110,,14,瑞芳區,45～49歲,45,49,不相關,0.0,男,結婚,國中,相同性別,0
110,,14,瑞芳區,45～49歲,45,49,不相關,0.0,男,結婚,國小以下,不同性別,0
110,,14,瑞芳區,45～49歲,45,49,不相關,0.0,男,結婚,國小以下,相同性別,0
110,,14,瑞芳區,45～49歲,45,49,不相關,0.0,男,結婚,大學,不同性別,0
110,,14,瑞芳區,45～49歲,45,49,不相關,0.0,男,結婚,大學,相同性別,0
110,,14,瑞芳區,45～49歲,45,49,不相關,0.0,男,結婚,專科,不同性別,1
110,,14,瑞芳區,45～49歲,45,49,不相關,0.0,男,結婚,專科,相同性別,0
110,,14,瑞芳區,45～49歲,45,49,不相關,0.0,男,結婚,碩士,不同性別,0
110,,14,瑞芳區,45～49歲,45,49,不相關,0.0,男,結婚,碩士,相同性別,0
110,,14,瑞芳區,45～49歲,45,49,不相關,0.0,男,結婚,高中職,不同性別,1
110,,14,瑞芳區,45～49歲,45,49,不相關,0.0,男,結婚,高中職,相同性別,0
110,,14,瑞芳區,50～54歲,50,54,不相關,0.0,女,結婚,博士,不同性別,0
110,,14,瑞芳區,50～54歲,50,54,不相關,0.0,女,結婚,博士,相同性別,0
110,,14,瑞芳區,50～54歲,50,54,不相關,0.0,女,結婚,國中,不同性別,2
110,,14,瑞芳區,50～54歲,50,54,不相關,0.0,女,結婚,國中,相同性別,0
110,,14,瑞芳區,50～54歲,50,54,不相關,0.0,女,結婚,國小以下,不同性別,0
110,,14,瑞芳區,50～54歲,50,54,不相關,0.0,女,結婚,國小以下,相同性別,0
110,,14,瑞芳區,50～54歲,50,54,不相關,0.0,女,結婚,大學,不同性別,0
110,,14,瑞芳區,50～54歲,50,54,不相關,0.0,女,結婚,大學,相同性別,0
110,,14,瑞芳區,50～54歲,50,54,不相關,0.0,女,結婚,專科,不同性別,0
110,,14,瑞芳區,50～54歲,50,54,不相關,0.0,女,結婚,專科,相同性別,0
110,,14,瑞芳區,50～54歲,50,54,不相關,0.0,女,結婚,碩士,不同性別,0
110,,14,瑞芳區,50～54歲,50,54,不相關,0.0,女,結婚,碩士,相同性別,0
110,,14,瑞芳區,50～54歲,50,54,不相關,0.0,女,結婚,高中職,不同性別,0
110,,14,瑞芳區,50～54歲,50,54,不相關,0.0,女,結婚,高中職,相同性別,0
110,,14,瑞芳區,50～54歲,50,54,不相關,0.0,男,結婚,博士,不同性別,0
110,,14,瑞芳區,50～54歲,50,54,不相關,0.0,男,結婚,博士,相同性別,0
110,,14,瑞芳區,50～54歲,50,54,不相關,0.0,男,結婚,國中,不同性別,2
110,,14,瑞芳區,50～54歲,50,54,不相關,0.0,男,結婚,國中,相同性別,0
110,,14,瑞芳區,50～54歲,50,54,不相關,0.0,男,結婚,國小以下,不同性別,0
110,,14,瑞芳區,50～54歲,50,54,不相關,0.0,男,結婚,國小以下,相同性別,0
110,,14,瑞芳區,50～54歲,50,54,不相關,0.0,男,結婚,大學,不同性別,0
110,,14,瑞芳區,50～54歲,50,54,不相關,0.0,男,結婚,大學,相同性別,0
110,,14,瑞芳區,50～54歲,50,54,不相關,0.0,男,結婚,專科,不同性別,0
110,,14,瑞芳區,50～54歲,50,54,不相關,0.0,男,結婚,專科,相同性別,0
110,,14,瑞芳區,50～54歲,50,54,不相關,0.0,男,結婚,碩士,不同性別,0
110,,14,瑞芳區,50～54歲,50,54,不相關,0.0,男,結婚,碩士,相同性別,0
110,,14,瑞芳區,50～54歲,50,54,不相關,0.0,男,結婚,高中職,不同性別,1
110,,14,瑞芳區,50～54歲,50,54,不相關,0.0,男,結婚,高中職,相同性別,0
110,,14,瑞芳區,55～59歲,55,59,不相關,0.0,女,結婚,博士,不同性別,0
110,,14,瑞芳區,55～59歲,55,59,不相關,0.0,女,結婚,博士,相同性別,0
110,,14,瑞芳區,55～59歲,55,59,不相關,0.0,女,結婚,國中,不同性別,0
110,,14,瑞芳區,55～59歲,55,59,不相關,0.0,女,結婚,國中,相同性別,0
110,,14,瑞芳區,55～59歲,55,59,不相關,0.0,女,結婚,國小以下,不同性別,1
110,,14,瑞芳區,55～59歲,55,59,不相關,0.0,女,結婚,國小以下,相同性別,0
110,,14,瑞芳區,55～59歲,55,59,不相關,0.0,女,結婚,大學,不同性別,1
110,,14,瑞芳區,55～59歲,55,59,不相關,0.0,女,結婚,大學,相同性別,0
110,,14,瑞芳區,55～59歲,55,59,不相關,0.0,女,結婚,專科,不同性別,0
110,,14,瑞芳區,55～59歲,55,59,不相關,0.0,女,結婚,專科,相同性別,0
110,,14,瑞芳區,55～59歲,55,59,不相關,0.0,女,結婚,碩士,不同性別,0
110,,14,瑞芳區,55～59歲,55,59,不相關,0.0,女,結婚,碩士,相同性別,0
110,,14,瑞芳區,55～59歲,55,59,不相關,0.0,女,結婚,高中職,不同性別,1
110,,14,瑞芳區,55～59歲,55,59,不相關,0.0,女,結婚,高中職,相同性別,0
110,,14,瑞芳區,55～59歲,55,59,不相關,0.0,男,結婚,博士,不同性別,0
110,,14,瑞芳區,55～59歲,55,59,不相關,0.0,男,結婚,博士,相同性別,0
110,,14,瑞芳區,55～59歲,55,59,不相關,0.0,男,結婚,國中,不同性別,2
110,,14,瑞芳區,55～59歲,55,59,不相關,0.0,男,結婚,國中,相同性別,0
110,,14,瑞芳區,55～59歲,55,59,不相關,0.0,男,結婚,國小以下,不同性別,2
110,,14,瑞芳區,55～59歲,55,59,不相關,0.0,男,結婚,國小以下,相同性別,0
110,,14,瑞芳區,55～59歲,55,59,不相關,0.0,男,結婚,大學,不同性別,0
110,,14,瑞芳區,55～59歲,55,59,不相關,0.0,男,結婚,大學,相同性別,0
110,,14,瑞芳區,55～59歲,55,59,不相關,0.0,男,結婚,專科,不同性別,0
110,,14,瑞芳區,55～59歲,55,59,不相關,0.0,男,結婚,專科,相同性別,0
110,,14,瑞芳區,55～59歲,55,59,不相關,0.0,男,結婚,碩士,不同性別,1
110,,14,瑞芳區,55～59歲,55,59,不相關,0.0,男,結婚,碩士,相同性別,0
110,,14,瑞芳區,55～59歲,55,59,不相關,0.0,男,結婚,高中職,不同性別,3
110,,14,瑞芳區,55～59歲,55,59,不相關,0.0,男,結婚,高中職,相同性別,0
110,,14,瑞芳區,60～64歲,60,64,不相關,0.0,女,結婚,博士,不同性別,0
110,,14,瑞芳區,60～64歲,60,64,不相關,0.0,女,結婚,博士,相同性別,0
110,,14,瑞芳區,60～64歲,60,64,不相關,0.0,女,結婚,國中,不同性別,0
110,,14,瑞芳區,60～64歲,60,64,不相關,0.0,女,結婚,國中,相同性別,0
110,,14,瑞芳區,60～64歲,60,64,不相關,0.0,女,結婚,國小以下,不同性別,0
110,,14,瑞芳區,60～64歲,60,64,不相關,0.0,女,結婚,國小以下,相同性別,0
110,,14,瑞芳區,60～64歲,60,64,不相關,0.0,女,結婚,大學,不同性別,0
110,,14,瑞芳區,60～64歲,60,64,不相關,0.0,女,結婚,大學,相同性別,0
110,,14,瑞芳區,60～64歲,60,64,不相關,0.0,女,結婚,專科,不同性別,0
110,,14,瑞芳區,60～64歲,60,64,不相關,0.0,女,結婚,專科,相同性別,0
110,,14,瑞芳區,60～64歲,60,64,不相關,0.0,女,結婚,碩士,不同性別,0
110,,14,瑞芳區,60～64歲,60,64,不相關,0.0,女,結婚,碩士,相同性別,0
110,,14,瑞芳區,60～64歲,60,64,不相關,0.0,女,結婚,高中職,不同性別,0
110,,14,瑞芳區,60～64歲,60,64,不相關,0.0,女,結婚,高中職,相同性別,0
110,,14,瑞芳區,60～64歲,60,64,不相關,0.0,男,結婚,博士,不同性別,0
110,,14,瑞芳區,60～64歲,60,64,不相關,0.0,男,結婚,博士,相同性別,0
110,,14,瑞芳區,60～64歲,60,64,不相關,0.0,男,結婚,國中,不同性別,0
110,,14,瑞芳區,60～64歲,60,64,不相關,0.0,男,結婚,國中,相同性別,0
110,,14,瑞芳區,60～64歲,60,64,不相關,0.0,男,結婚,國小以下,不同性別,1
110,,14,瑞芳區,60～64歲,60,64,不相關,0.0,男,結婚,國小以下,相同性別,0
110,,14,瑞芳區,60～64歲,60,64,不相關,0.0,男,結婚,大學,不同性別,0
110,,14,瑞芳區,60～64歲,60,64,不相關,0.0,男,結婚,大學,相同性別,0
110,,14,瑞芳區,60～64歲,60,64,不相關,0.0,男,結婚,專科,不同性別,0
110,,14,瑞芳區,60～64歲,60,64,不相關,0.0,男,結婚,專科,相同性別,0
110,,14,瑞芳區,60～64歲,60,64,不相關,0.0,男,結婚,碩士,不同性別,0
110,,14,瑞芳區,60～64歲,60,64,不相關,0.0,男,結婚,碩士,相同性別,0
110,,14,瑞芳區,60～64歲,60,64,不相關,0.0,男,結婚,高中職,不同性別,0
110,,14,瑞芳區,60～64歲,60,64,不相關,0.0,男,結婚,高中職,相同性別,0
110,,14,瑞芳區,65歲以上,65,120,不相關,0.0,女,結婚,博士,不同性別,0
110,,14,瑞芳區,65歲以上,65,120,不相關,0.0,女,結婚,博士,相同性別,0
110,,14,瑞芳區,65歲以上,65,120,不相關,0.0,女,結婚,國中,不同性別,0
110,,14,瑞芳區,65歲以上,65,120,不相關,0.0,女,結婚,國中,相同性別,0
110,,14,瑞芳區,65歲以上,65,120,不相關,0.0,女,結婚,國小以下,不同性別,0
110,,14,瑞芳區,65歲以上,65,120,不相關,0.0,女,結婚,國小以下,相同性別,0
110,,14,瑞芳區,65歲以上,65,120,不相關,0.0,女,結婚,大學,不同性別,0
110,,14,瑞芳區,65歲以上,65,120,不相關,0.0,女,結婚,大學,相同性別,0
110,,14,瑞芳區,65歲以上,65,120,不相關,0.0,女,結婚,專科,不同性別,0
110,,14,瑞芳區,65歲以上,65,120,不相關,0.0,女,結婚,專科,相同性別,0
110,,14,瑞芳區,65歲以上,65,120,不相關,0.0,女,結婚,碩士,不同性別,0
110,,14,瑞芳區,65歲以上,65,120,不相關,0.0,女,結婚,碩士,相同性別,0
110,,14,瑞芳區,65歲以上,65,120,不相關,0.0,女,結婚,高中職,不同性別,0
110,,14,瑞芳區,65歲以上,65,120,不相關,0.0,女,結婚,高中職,相同性別,0
110,,14,瑞芳區,65歲以上,65,120,不相關,0.0,男,結婚,博士,不同性別,0
110,,14,瑞芳區,65歲以上,65,120,不相關,0.0,男,結婚,博士,相同性別,0
110,,14,瑞芳區,65歲以上,65,120,不相關,0.0,男,結婚,國中,不同性別,0
110,,14,瑞芳區,65歲以上,65,120,不相關,0.0,男,結婚,國中,相同性別,0
110,,14,瑞芳區,65歲以上,65,120,不相關,0.0,男,結婚,國小以下,不同性別,0
110,,14,瑞芳區,65歲以上,65,120,不相關,0.0,男,結婚,國小以下,相同性別,0
110,,14,瑞芳區,65歲以上,65,120,不相關,0.0,男,結婚,大學,不同性別,0
110,,14,瑞芳區,65歲以上,65,120,不相關,0.0,男,結婚,大學,相同性別,0
110,,14,瑞芳區,65歲以上,65,120,不相關,0.0,男,結婚,專科,不同性別,1
110,,14,瑞芳區,65歲以上,65,120,不相關,0.0,男,結婚,專科,相同性別,0
110,,14,瑞芳區,65歲以上,65,120,不相關,0.0,男,結婚,碩士,不同性別,0
110,,14,瑞芳區,65歲以上,65,120,不相關,0.0,男,結婚,碩士,相同性別,0
110,,14,瑞芳區,65歲以上,65,120,不相關,0.0,男,結婚,高中職,不同性別,0
110,,14,瑞芳區,65歲以上,65,120,不相關,0.0,男,結婚,高中職,相同性別,0
110,,15,五股區,未滿15歲,0,14,不相關,0.0,女,結婚,博士,不同性別,0
110,,15,五股區,未滿15歲,0,14,不相關,0.0,女,結婚,博士,相同性別,0
110,,15,五股區,未滿15歲,0,14,不相關,0.0,女,結婚,國中,不同性別,0
110,,15,五股區,未滿15歲,0,14,不相關,0.0,女,結婚,國中,相同性別,0
110,,15,五股區,未滿15歲,0,14,不相關,0.0,女,結婚,國小以下,不同性別,0
110,,15,五股區,未滿15歲,0,14,不相關,0.0,女,結婚,國小以下,相同性別,0
110,,15,五股區,未滿15歲,0,14,不相關,0.0,女,結婚,大學,不同性別,0
110,,15,五股區,未滿15歲,0,14,不相關,0.0,女,結婚,大學,相同性別,0
110,,15,五股區,未滿15歲,0,14,不相關,0.0,女,結婚,專科,不同性別,0
110,,15,五股區,未滿15歲,0,14,不相關,0.0,女,結婚,專科,相同性別,0
110,,15,五股區,未滿15歲,0,14,不相關,0.0,女,結婚,碩士,不同性別,0
110,,15,五股區,未滿15歲,0,14,不相關,0.0,女,結婚,碩士,相同性別,0
110,,15,五股區,未滿15歲,0,14,不相關,0.0,女,結婚,高中職,不同性別,0
110,,15,五股區,未滿15歲,0,14,不相關,0.0,女,結婚,高中職,相同性別,0
110,,15,五股區,未滿15歲,0,14,不相關,0.0,男,結婚,博士,不同性別,0
110,,15,五股區,未滿15歲,0,14,不相關,0.0,男,結婚,博士,相同性別,0
110,,15,五股區,未滿15歲,0,14,不相關,0.0,男,結婚,國中,不同性別,0
110,,15,五股區,未滿15歲,0,14,不相關,0.0,男,結婚,國中,相同性別,0
110,,15,五股區,未滿15歲,0,14,不相關,0.0,男,結婚,國小以下,不同性別,0
110,,15,五股區,未滿15歲,0,14,不相關,0.0,男,結婚,國小以下,相同性別,0
110,,15,五股區,未滿15歲,0,14,不相關,0.0,男,結婚,大學,不同性別,0
110,,15,五股區,未滿15歲,0,14,不相關,0.0,男,結婚,大學,相同性別,0
110,,15,五股區,未滿15歲,0,14,不相關,0.0,男,結婚,專科,不同性別,0
110,,15,五股區,未滿15歲,0,14,不相關,0.0,男,結婚,專科,相同性別,0
110,,15,五股區,未滿15歲,0,14,不相關,0.0,男,結婚,碩士,不同性別,0
110,,15,五股區,未滿15歲,0,14,不相關,0.0,男,結婚,碩士,相同性別,0
110,,15,五股區,未滿15歲,0,14,不相關,0.0,男,結婚,高中職,不同性別,0
110,,15,五股區,未滿15歲,0,14,不相關,0.0,男,結婚,高中職,相同性別,0
110,,15,五股區,15～19歲,15,19,部分重疊,0.4,女,結婚,博士,不同性別,0
110,,15,五股區,15～19歲,15,19,部分重疊,0.4,女,結婚,博士,相同性別,0
110,,15,五股區,15～19歲,15,19,部分重疊,0.4,女,結婚,國中,不同性別,1
110,,15,五股區,15～19歲,15,19,部分重疊,0.4,女,結婚,國中,相同性別,0
110,,15,五股區,15～19歲,15,19,部分重疊,0.4,女,結婚,國小以下,不同性別,0
110,,15,五股區,15～19歲,15,19,部分重疊,0.4,女,結婚,國小以下,相同性別,0
110,,15,五股區,15～19歲,15,19,部分重疊,0.4,女,結婚,大學,不同性別,0
110,,15,五股區,15～19歲,15,19,部分重疊,0.4,女,結婚,大學,相同性別,0
110,,15,五股區,15～19歲,15,19,部分重疊,0.4,女,結婚,專科,不同性別,0
110,,15,五股區,15～19歲,15,19,部分重疊,0.4,女,結婚,專科,相同性別,0
110,,15,五股區,15～19歲,15,19,部分重疊,0.4,女,結婚,碩士,不同性別,0
110,,15,五股區,15～19歲,15,19,部分重疊,0.4,女,結婚,碩士,相同性別,0
110,,15,五股區,15～19歲,15,19,部分重疊,0.4,女,結婚,高中職,不同性別,0
110,,15,五股區,15～19歲,15,19,部分重疊,0.4,女,結婚,高中職,相同性別,0
110,,15,五股區,15～19歲,15,19,部分重疊,0.4,男,結婚,博士,不同性別,0
110,,15,五股區,15～19歲,15,19,部分重疊,0.4,男,結婚,博士,相同性別,0
110,,15,五股區,15～19歲,15,19,部分重疊,0.4,男,結婚,國中,不同性別,1
110,,15,五股區,15～19歲,15,19,部分重疊,0.4,男,結婚,國中,相同性別,0
110,,15,五股區,15～19歲,15,19,部分重疊,0.4,男,結婚,國小以下,不同性別,0
110,,15,五股區,15～19歲,15,19,部分重疊,0.4,男,結婚,國小以下,相同性別,0
110,,15,五股區,15～19歲,15,19,部分重疊,0.4,男,結婚,大學,不同性別,0
110,,15,五股區,15～19歲,15,19,部分重疊,0.4,男,結婚,大學,相同性別,0
110,,15,五股區,15～19歲,15,19,部分重疊,0.4,男,結婚,專科,不同性別,0
110,,15,五股區,15～19歲,15,19,部分重疊,0.4,男,結婚,專科,相同性別,0
110,,15,五股區,15～19歲,15,19,部分重疊,0.4,男,結婚,碩士,不同性別,0
110,,15,五股區,15～19歲,15,19,部分重疊,0.4,男,結婚,碩士,相同性別,0
110,,15,五股區,15～19歲,15,19,部分重疊,0.4,男,結婚,高中職,不同性別,1
110,,15,五股區,15～19歲,15,19,部分重疊,0.4,男,結婚,高中職,相同性別,0
110,,15,五股區,20～24歲,20,24,完全落入,1.0,女,結婚,博士,不同性別,0
110,,15,五股區,20～24歲,20,24,完全落入,1.0,女,結婚,博士,相同性別,0
110,,15,五股區,20～24歲,20,24,完全落入,1.0,女,結婚,國中,不同性別,15
110,,15,五股區,20～24歲,20,24,完全落入,1.0,女,結婚,國中,相同性別,0
110,,15,五股區,20～24歲,20,24,完全落入,1.0,女,結婚,國小以下,不同性別,1
110,,15,五股區,20～24歲,20,24,完全落入,1.0,女,結婚,國小以下,相同性別,0
110,,15,五股區,20～24歲,20,24,完全落入,1.0,女,結婚,大學,不同性別,17
110,,15,五股區,20～24歲,20,24,完全落入,1.0,女,結婚,大學,相同性別,0
110,,15,五股區,20～24歲,20,24,完全落入,1.0,女,結婚,專科,不同性別,3
110,,15,五股區,20～24歲,20,24,完全落入,1.0,女,結婚,專科,相同性別,0
110,,15,五股區,20～24歲,20,24,完全落入,1.0,女,結婚,碩士,不同性別,0
110,,15,五股區,20～24歲,20,24,完全落入,1.0,女,結婚,碩士,相同性別,0
110,,15,五股區,20～24歲,20,24,完全落入,1.0,女,結婚,高中職,不同性別,30
110,,15,五股區,20～24歲,20,24,完全落入,1.0,女,結婚,高中職,相同性別,0
110,,15,五股區,20～24歲,20,24,完全落入,1.0,男,結婚,博士,不同性別,0
110,,15,五股區,20～24歲,20,24,完全落入,1.0,男,結婚,博士,相同性別,0
110,,15,五股區,20～24歲,20,24,完全落入,1.0,男,結婚,國中,不同性別,7
110,,15,五股區,20～24歲,20,24,完全落入,1.0,男,結婚,國中,相同性別,0
110,,15,五股區,20～24歲,20,24,完全落入,1.0,男,結婚,國小以下,不同性別,1
110,,15,五股區,20～24歲,20,24,完全落入,1.0,男,結婚,國小以下,相同性別,0
110,,15,五股區,20～24歲,20,24,完全落入,1.0,男,結婚,大學,不同性別,3
110,,15,五股區,20～24歲,20,24,完全落入,1.0,男,結婚,大學,相同性別,0
110,,15,五股區,20～24歲,20,24,完全落入,1.0,男,結婚,專科,不同性別,1
110,,15,五股區,20～24歲,20,24,完全落入,1.0,男,結婚,專科,相同性別,0
110,,15,五股區,20～24歲,20,24,完全落入,1.0,男,結婚,碩士,不同性別,1
110,,15,五股區,20～24歲,20,24,完全落入,1.0,男,結婚,碩士,相同性別,0
110,,15,五股區,20～24歲,20,24,完全落入,1.0,男,結婚,高中職,不同性別,18
110,,15,五股區,20～24歲,20,24,完全落入,1.0,男,結婚,高中職,相同性別,2
110,,15,五股區,25～29歲,25,29,完全落入,1.0,女,結婚,博士,不同性別,0
110,,15,五股區,25～29歲,25,29,完全落入,1.0,女,結婚,博士,相同性別,0
110,,15,五股區,25～29歲,25,29,完全落入,1.0,女,結婚,國中,不同性別,6
110,,15,五股區,25～29歲,25,29,完全落入,1.0,女,結婚,國中,相同性別,0
110,,15,五股區,25～29歲,25,29,完全落入,1.0,女,結婚,國小以下,不同性別,0
110,,15,五股區,25～29歲,25,29,完全落入,1.0,女,結婚,國小以下,相同性別,0
110,,15,五股區,25～29歲,25,29,完全落入,1.0,女,結婚,大學,不同性別,102
110,,15,五股區,25～29歲,25,29,完全落入,1.0,女,結婚,大學,相同性別,0
110,,15,五股區,25～29歲,25,29,完全落入,1.0,女,結婚,專科,不同性別,12
110,,15,五股區,25～29歲,25,29,完全落入,1.0,女,結婚,專科,相同性別,0
110,,15,五股區,25～29歲,25,29,完全落入,1.0,女,結婚,碩士,不同性別,9
110,,15,五股區,25～29歲,25,29,完全落入,1.0,女,結婚,碩士,相同性別,0
110,,15,五股區,25～29歲,25,29,完全落入,1.0,女,結婚,高中職,不同性別,42
110,,15,五股區,25～29歲,25,29,完全落入,1.0,女,結婚,高中職,相同性別,0
110,,15,五股區,25～29歲,25,29,完全落入,1.0,男,結婚,博士,不同性別,0
110,,15,五股區,25～29歲,25,29,完全落入,1.0,男,結婚,博士,相同性別,0
110,,15,五股區,25～29歲,25,29,完全落入,1.0,男,結婚,國中,不同性別,13
110,,15,五股區,25～29歲,25,29,完全落入,1.0,男,結婚,國中,相同性別,0
110,,15,五股區,25～29歲,25,29,完全落入,1.0,男,結婚,國小以下,不同性別,0
110,,15,五股區,25～29歲,25,29,完全落入,1.0,男,結婚,國小以下,相同性別,0
110,,15,五股區,25～29歲,25,29,完全落入,1.0,男,結婚,大學,不同性別,62
110,,15,五股區,25～29歲,25,29,完全落入,1.0,男,結婚,大學,相同性別,1
110,,15,五股區,25～29歲,25,29,完全落入,1.0,男,結婚,專科,不同性別,10
110,,15,五股區,25～29歲,25,29,完全落入,1.0,男,結婚,專科,相同性別,0
110,,15,五股區,25～29歲,25,29,完全落入,1.0,男,結婚,碩士,不同性別,8
110,,15,五股區,25～29歲,25,29,完全落入,1.0,男,結婚,碩士,相同性別,1
110,,15,五股區,25～29歲,25,29,完全落入,1.0,男,結婚,高中職,不同性別,40
110,,15,五股區,25～29歲,25,29,完全落入,1.0,男,結婚,高中職,相同性別,1
110,,15,五股區,30～34歲,30,34,完全落入,1.0,女,結婚,博士,不同性別,0
110,,15,五股區,30～34歲,30,34,完全落入,1.0,女,結婚,博士,相同性別,0
110,,15,五股區,30～34歲,30,34,完全落入,1.0,女,結婚,國中,不同性別,20
110,,15,五股區,30～34歲,30,34,完全落入,1.0,女,結婚,國中,相同性別,2
110,,15,五股區,30～34歲,30,34,完全落入,1.0,女,結婚,國小以下,不同性別,1
110,,15,五股區,30～34歲,30,34,完全落入,1.0,女,結婚,國小以下,相同性別,0
110,,15,五股區,30～34歲,30,34,完全落入,1.0,女,結婚,大學,不同性別,84
110,,15,五股區,30～34歲,30,34,完全落入,1.0,女,結婚,大學,相同性別,1
110,,15,五股區,30～34歲,30,34,完全落入,1.0,女,結婚,專科,不同性別,7
110,,15,五股區,30～34歲,30,34,完全落入,1.0,女,結婚,專科,相同性別,0
110,,15,五股區,30～34歲,30,34,完全落入,1.0,女,結婚,碩士,不同性別,13
110,,15,五股區,30～34歲,30,34,完全落入,1.0,女,結婚,碩士,相同性別,1
110,,15,五股區,30～34歲,30,34,完全落入,1.0,女,結婚,高中職,不同性別,23
110,,15,五股區,30～34歲,30,34,完全落入,1.0,女,結婚,高中職,相同性別,2
110,,15,五股區,30～34歲,30,34,完全落入,1.0,男,結婚,博士,不同性別,0
110,,15,五股區,30～34歲,30,34,完全落入,1.0,男,結婚,博士,相同性別,0
110,,15,五股區,30～34歲,30,34,完全落入,1.0,男,結婚,國中,不同性別,11
110,,15,五股區,30～34歲,30,34,完全落入,1.0,男,結婚,國中,相同性別,0
110,,15,五股區,30～34歲,30,34,完全落入,1.0,男,結婚,國小以下,不同性別,0
110,,15,五股區,30～34歲,30,34,完全落入,1.0,男,結婚,國小以下,相同性別,0
110,,15,五股區,30～34歲,30,34,完全落入,1.0,男,結婚,大學,不同性別,87
110,,15,五股區,30～34歲,30,34,完全落入,1.0,男,結婚,大學,相同性別,1
110,,15,五股區,30～34歲,30,34,完全落入,1.0,男,結婚,專科,不同性別,7
110,,15,五股區,30～34歲,30,34,完全落入,1.0,男,結婚,專科,相同性別,0
110,,15,五股區,30～34歲,30,34,完全落入,1.0,男,結婚,碩士,不同性別,17
110,,15,五股區,30～34歲,30,34,完全落入,1.0,男,結婚,碩士,相同性別,0
110,,15,五股區,30～34歲,30,34,完全落入,1.0,男,結婚,高中職,不同性別,36
110,,15,五股區,30～34歲,30,34,完全落入,1.0,男,結婚,高中職,相同性別,1
110,,15,五股區,35～39歲,35,39,部分重疊,0.2,女,結婚,博士,不同性別,0
110,,15,五股區,35～39歲,35,39,部分重疊,0.2,女,結婚,博士,相同性別,0
110,,15,五股區,35～39歲,35,39,部分重疊,0.2,女,結婚,國中,不同性別,6
110,,15,五股區,35～39歲,35,39,部分重疊,0.2,女,結婚,國中,相同性別,0
110,,15,五股區,35～39歲,35,39,部分重疊,0.2,女,結婚,國小以下,不同性別,0
110,,15,五股區,35～39歲,35,39,部分重疊,0.2,女,結婚,國小以下,相同性別,0
110,,15,五股區,35～39歲,35,39,部分重疊,0.2,女,結婚,大學,不同性別,19
110,,15,五股區,35～39歲,35,39,部分重疊,0.2,女,結婚,大學,相同性別,1
110,,15,五股區,35～39歲,35,39,部分重疊,0.2,女,結婚,專科,不同性別,7
110,,15,五股區,35～39歲,35,39,部分重疊,0.2,女,結婚,專科,相同性別,2
110,,15,五股區,35～39歲,35,39,部分重疊,0.2,女,結婚,碩士,不同性別,7
110,,15,五股區,35～39歲,35,39,部分重疊,0.2,女,結婚,碩士,相同性別,0
110,,15,五股區,35～39歲,35,39,部分重疊,0.2,女,結婚,高中職,不同性別,13
110,,15,五股區,35～39歲,35,39,部分重疊,0.2,女,結婚,高中職,相同性別,2
110,,15,五股區,35～39歲,35,39,部分重疊,0.2,男,結婚,博士,不同性別,0
110,,15,五股區,35～39歲,35,39,部分重疊,0.2,男,結婚,博士,相同性別,0
110,,15,五股區,35～39歲,35,39,部分重疊,0.2,男,結婚,國中,不同性別,15
110,,15,五股區,35～39歲,35,39,部分重疊,0.2,男,結婚,國中,相同性別,0
110,,15,五股區,35～39歲,35,39,部分重疊,0.2,男,結婚,國小以下,不同性別,1
110,,15,五股區,35～39歲,35,39,部分重疊,0.2,男,結婚,國小以下,相同性別,0
110,,15,五股區,35～39歲,35,39,部分重疊,0.2,男,結婚,大學,不同性別,42
110,,15,五股區,35～39歲,35,39,部分重疊,0.2,男,結婚,大學,相同性別,1
110,,15,五股區,35～39歲,35,39,部分重疊,0.2,男,結婚,專科,不同性別,7
110,,15,五股區,35～39歲,35,39,部分重疊,0.2,男,結婚,專科,相同性別,0
110,,15,五股區,35～39歲,35,39,部分重疊,0.2,男,結婚,碩士,不同性別,8
110,,15,五股區,35～39歲,35,39,部分重疊,0.2,男,結婚,碩士,相同性別,0
110,,15,五股區,35～39歲,35,39,部分重疊,0.2,男,結婚,高中職,不同性別,22
110,,15,五股區,35～39歲,35,39,部分重疊,0.2,男,結婚,高中職,相同性別,0
110,,15,五股區,40～44歲,40,44,不相關,0.0,女,結婚,博士,不同性別,0
110,,15,五股區,40～44歲,40,44,不相關,0.0,女,結婚,博士,相同性別,0
110,,15,五股區,40～44歲,40,44,不相關,0.0,女,結婚,國中,不同性別,5
110,,15,五股區,40～44歲,40,44,不相關,0.0,女,結婚,國中,相同性別,0
110,,15,五股區,40～44歲,40,44,不相關,0.0,女,結婚,國小以下,不同性別,1
110,,15,五股區,40～44歲,40,44,不相關,0.0,女,結婚,國小以下,相同性別,0
110,,15,五股區,40～44歲,40,44,不相關,0.0,女,結婚,大學,不同性別,8
110,,15,五股區,40～44歲,40,44,不相關,0.0,女,結婚,大學,相同性別,1
110,,15,五股區,40～44歲,40,44,不相關,0.0,女,結婚,專科,不同性別,2
110,,15,五股區,40～44歲,40,44,不相關,0.0,女,結婚,專科,相同性別,0
110,,15,五股區,40～44歲,40,44,不相關,0.0,女,結婚,碩士,不同性別,2
110,,15,五股區,40～44歲,40,44,不相關,0.0,女,結婚,碩士,相同性別,0
110,,15,五股區,40～44歲,40,44,不相關,0.0,女,結婚,高中職,不同性別,14
110,,15,五股區,40～44歲,40,44,不相關,0.0,女,結婚,高中職,相同性別,0
110,,15,五股區,40～44歲,40,44,不相關,0.0,男,結婚,博士,不同性別,0
110,,15,五股區,40～44歲,40,44,不相關,0.0,男,結婚,博士,相同性別,0
110,,15,五股區,40～44歲,40,44,不相關,0.0,男,結婚,國中,不同性別,8
110,,15,五股區,40～44歲,40,44,不相關,0.0,男,結婚,國中,相同性別,0
110,,15,五股區,40～44歲,40,44,不相關,0.0,男,結婚,國小以下,不同性別,2
110,,15,五股區,40～44歲,40,44,不相關,0.0,男,結婚,國小以下,相同性別,0
110,,15,五股區,40～44歲,40,44,不相關,0.0,男,結婚,大學,不同性別,12
110,,15,五股區,40～44歲,40,44,不相關,0.0,男,結婚,大學,相同性別,0
110,,15,五股區,40～44歲,40,44,不相關,0.0,男,結婚,專科,不同性別,4
110,,15,五股區,40～44歲,40,44,不相關,0.0,男,結婚,專科,相同性別,0
110,,15,五股區,40～44歲,40,44,不相關,0.0,男,結婚,碩士,不同性別,4
110,,15,五股區,40～44歲,40,44,不相關,0.0,男,結婚,碩士,相同性別,0
110,,15,五股區,40～44歲,40,44,不相關,0.0,男,結婚,高中職,不同性別,13
110,,15,五股區,40～44歲,40,44,不相關,0.0,男,結婚,高中職,相同性別,0
110,,15,五股區,45～49歲,45,49,不相關,0.0,女,結婚,博士,不同性別,0
110,,15,五股區,45～49歲,45,49,不相關,0.0,女,結婚,博士,相同性別,0
110,,15,五股區,45～49歲,45,49,不相關,0.0,女,結婚,國中,不同性別,3
110,,15,五股區,45～49歲,45,49,不相關,0.0,女,結婚,國中,相同性別,0
110,,15,五股區,45～49歲,45,49,不相關,0.0,女,結婚,國小以下,不同性別,0
110,,15,五股區,45～49歲,45,49,不相關,0.0,女,結婚,國小以下,相同性別,0
110,,15,五股區,45～49歲,45,49,不相關,0.0,女,結婚,大學,不同性別,2
110,,15,五股區,45～49歲,45,49,不相關,0.0,女,結婚,大學,相同性別,0
110,,15,五股區,45～49歲,45,49,不相關,0.0,女,結婚,專科,不同性別,4
110,,15,五股區,45～49歲,45,49,不相關,0.0,女,結婚,專科,相同性別,0
110,,15,五股區,45～49歲,45,49,不相關,0.0,女,結婚,碩士,不同性別,0
110,,15,五股區,45～49歲,45,49,不相關,0.0,女,結婚,碩士,相同性別,0
110,,15,五股區,45～49歲,45,49,不相關,0.0,女,結婚,高中職,不同性別,4
110,,15,五股區,45～49歲,45,49,不相關,0.0,女,結婚,高中職,相同性別,0
110,,15,五股區,45～49歲,45,49,不相關,0.0,男,結婚,博士,不同性別,0
110,,15,五股區,45～49歲,45,49,不相關,0.0,男,結婚,博士,相同性別,0
110,,15,五股區,45～49歲,45,49,不相關,0.0,男,結婚,國中,不同性別,1
110,,15,五股區,45～49歲,45,49,不相關,0.0,男,結婚,國中,相同性別,0
110,,15,五股區,45～49歲,45,49,不相關,0.0,男,結婚,國小以下,不同性別,0
110,,15,五股區,45～49歲,45,49,不相關,0.0,男,結婚,國小以下,相同性別,0
110,,15,五股區,45～49歲,45,49,不相關,0.0,男,結婚,大學,不同性別,0
110,,15,五股區,45～49歲,45,49,不相關,0.0,男,結婚,大學,相同性別,0
110,,15,五股區,45～49歲,45,49,不相關,0.0,男,結婚,專科,不同性別,2
110,,15,五股區,45～49歲,45,49,不相關,0.0,男,結婚,專科,相同性別,0
110,,15,五股區,45～49歲,45,49,不相關,0.0,男,結婚,碩士,不同性別,2
110,,15,五股區,45～49歲,45,49,不相關,0.0,男,結婚,碩士,相同性別,0
110,,15,五股區,45～49歲,45,49,不相關,0.0,男,結婚,高中職,不同性別,7
110,,15,五股區,45～49歲,45,49,不相關,0.0,男,結婚,高中職,相同性別,0
110,,15,五股區,50～54歲,50,54,不相關,0.0,女,結婚,博士,不同性別,0
110,,15,五股區,50～54歲,50,54,不相關,0.0,女,結婚,博士,相同性別,0
110,,15,五股區,50～54歲,50,54,不相關,0.0,女,結婚,國中,不同性別,3
110,,15,五股區,50～54歲,50,54,不相關,0.0,女,結婚,國中,相同性別,1
110,,15,五股區,50～54歲,50,54,不相關,0.0,女,結婚,國小以下,不同性別,0
110,,15,五股區,50～54歲,50,54,不相關,0.0,女,結婚,國小以下,相同性別,0
110,,15,五股區,50～54歲,50,54,不相關,0.0,女,結婚,大學,不同性別,0
110,,15,五股區,50～54歲,50,54,不相關,0.0,女,結婚,大學,相同性別,1
110,,15,五股區,50～54歲,50,54,不相關,0.0,女,結婚,專科,不同性別,0
110,,15,五股區,50～54歲,50,54,不相關,0.0,女,結婚,專科,相同性別,0
110,,15,五股區,50～54歲,50,54,不相關,0.0,女,結婚,碩士,不同性別,1
110,,15,五股區,50～54歲,50,54,不相關,0.0,女,結婚,碩士,相同性別,0
110,,15,五股區,50～54歲,50,54,不相關,0.0,女,結婚,高中職,不同性別,2
110,,15,五股區,50～54歲,50,54,不相關,0.0,女,結婚,高中職,相同性別,0
110,,15,五股區,50～54歲,50,54,不相關,0.0,男,結婚,博士,不同性別,0
110,,15,五股區,50～54歲,50,54,不相關,0.0,男,結婚,博士,相同性別,0
110,,15,五股區,50～54歲,50,54,不相關,0.0,男,結婚,國中,不同性別,4
110,,15,五股區,50～54歲,50,54,不相關,0.0,男,結婚,國中,相同性別,0
110,,15,五股區,50～54歲,50,54,不相關,0.0,男,結婚,國小以下,不同性別,0
110,,15,五股區,50～54歲,50,54,不相關,0.0,男,結婚,國小以下,相同性別,0
110,,15,五股區,50～54歲,50,54,不相關,0.0,男,結婚,大學,不同性別,0
110,,15,五股區,50～54歲,50,54,不相關,0.0,男,結婚,大學,相同性別,0
110,,15,五股區,50～54歲,50,54,不相關,0.0,男,結婚,專科,不同性別,0
110,,15,五股區,50～54歲,50,54,不相關,0.0,男,結婚,專科,相同性別,0
110,,15,五股區,50～54歲,50,54,不相關,0.0,男,結婚,碩士,不同性別,1
110,,15,五股區,50～54歲,50,54,不相關,0.0,男,結婚,碩士,相同性別,0
110,,15,五股區,50～54歲,50,54,不相關,0.0,男,結婚,高中職,不同性別,6
110,,15,五股區,50～54歲,50,54,不相關,0.0,男,結婚,高中職,相同性別,0
110,,15,五股區,55～59歲,55,59,不相關,0.0,女,結婚,博士,不同性別,0
110,,15,五股區,55～59歲,55,59,不相關,0.0,女,結婚,博士,相同性別,0
110,,15,五股區,55～59歲,55,59,不相關,0.0,女,結婚,國中,不同性別,3
110,,15,五股區,55～59歲,55,59,不相關,0.0,女,結婚,國中,相同性別,0
110,,15,五股區,55～59歲,55,59,不相關,0.0,女,結婚,國小以下,不同性別,0
110,,15,五股區,55～59歲,55,59,不相關,0.0,女,結婚,國小以下,相同性別,0
110,,15,五股區,55～59歲,55,59,不相關,0.0,女,結婚,大學,不同性別,1
110,,15,五股區,55～59歲,55,59,不相關,0.0,女,結婚,大學,相同性別,0
110,,15,五股區,55～59歲,55,59,不相關,0.0,女,結婚,專科,不同性別,2
110,,15,五股區,55～59歲,55,59,不相關,0.0,女,結婚,專科,相同性別,0
110,,15,五股區,55～59歲,55,59,不相關,0.0,女,結婚,碩士,不同性別,0
110,,15,五股區,55～59歲,55,59,不相關,0.0,女,結婚,碩士,相同性別,0
110,,15,五股區,55～59歲,55,59,不相關,0.0,女,結婚,高中職,不同性別,4
110,,15,五股區,55～59歲,55,59,不相關,0.0,女,結婚,高中職,相同性別,0
110,,15,五股區,55～59歲,55,59,不相關,0.0,男,結婚,博士,不同性別,0
110,,15,五股區,55～59歲,55,59,不相關,0.0,男,結婚,博士,相同性別,0
110,,15,五股區,55～59歲,55,59,不相關,0.0,男,結婚,國中,不同性別,3
110,,15,五股區,55～59歲,55,59,不相關,0.0,男,結婚,國中,相同性別,0
110,,15,五股區,55～59歲,55,59,不相關,0.0,男,結婚,國小以下,不同性別,1
110,,15,五股區,55～59歲,55,59,不相關,0.0,男,結婚,國小以下,相同性別,0
110,,15,五股區,55～59歲,55,59,不相關,0.0,男,結婚,大學,不同性別,0
110,,15,五股區,55～59歲,55,59,不相關,0.0,男,結婚,大學,相同性別,0
110,,15,五股區,55～59歲,55,59,不相關,0.0,男,結婚,專科,不同性別,1
110,,15,五股區,55～59歲,55,59,不相關,0.0,男,結婚,專科,相同性別,0
110,,15,五股區,55～59歲,55,59,不相關,0.0,男,結婚,碩士,不同性別,0
110,,15,五股區,55～59歲,55,59,不相關,0.0,男,結婚,碩士,相同性別,0
110,,15,五股區,55～59歲,55,59,不相關,0.0,男,結婚,高中職,不同性別,4
110,,15,五股區,55～59歲,55,59,不相關,0.0,男,結婚,高中職,相同性別,0
110,,15,五股區,60～64歲,60,64,不相關,0.0,女,結婚,博士,不同性別,0
110,,15,五股區,60～64歲,60,64,不相關,0.0,女,結婚,博士,相同性別,0
110,,15,五股區,60～64歲,60,64,不相關,0.0,女,結婚,國中,不同性別,1
110,,15,五股區,60～64歲,60,64,不相關,0.0,女,結婚,國中,相同性別,0
110,,15,五股區,60～64歲,60,64,不相關,0.0,女,結婚,國小以下,不同性別,0
110,,15,五股區,60～64歲,60,64,不相關,0.0,女,結婚,國小以下,相同性別,0
110,,15,五股區,60～64歲,60,64,不相關,0.0,女,結婚,大學,不同性別,0
110,,15,五股區,60～64歲,60,64,不相關,0.0,女,結婚,大學,相同性別,0
110,,15,五股區,60～64歲,60,64,不相關,0.0,女,結婚,專科,不同性別,0
110,,15,五股區,60～64歲,60,64,不相關,0.0,女,結婚,專科,相同性別,0
110,,15,五股區,60～64歲,60,64,不相關,0.0,女,結婚,碩士,不同性別,0
110,,15,五股區,60～64歲,60,64,不相關,0.0,女,結婚,碩士,相同性別,0
110,,15,五股區,60～64歲,60,64,不相關,0.0,女,結婚,高中職,不同性別,0
110,,15,五股區,60～64歲,60,64,不相關,0.0,女,結婚,高中職,相同性別,0
110,,15,五股區,60～64歲,60,64,不相關,0.0,男,結婚,博士,不同性別,0
110,,15,五股區,60～64歲,60,64,不相關,0.0,男,結婚,博士,相同性別,0
110,,15,五股區,60～64歲,60,64,不相關,0.0,男,結婚,國中,不同性別,3
110,,15,五股區,60～64歲,60,64,不相關,0.0,男,結婚,國中,相同性別,0
110,,15,五股區,60～64歲,60,64,不相關,0.0,男,結婚,國小以下,不同性別,0
110,,15,五股區,60～64歲,60,64,不相關,0.0,男,結婚,國小以下,相同性別,0
110,,15,五股區,60～64歲,60,64,不相關,0.0,男,結婚,大學,不同性別,0
110,,15,五股區,60～64歲,60,64,不相關,0.0,男,結婚,大學,相同性別,0
110,,15,五股區,60～64歲,60,64,不相關,0.0,男,結婚,專科,不同性別,0
110,,15,五股區,60～64歲,60,64,不相關,0.0,男,結婚,專科,相同性別,0
110,,15,五股區,60～64歲,60,64,不相關,0.0,男,結婚,碩士,不同性別,0
110,,15,五股區,60～64歲,60,64,不相關,0.0,男,結婚,碩士,相同性別,0
110,,15,五股區,60～64歲,60,64,不相關,0.0,男,結婚,高中職,不同性別,3
110,,15,五股區,60～64歲,60,64,不相關,0.0,男,結婚,高中職,相同性別,0
110,,15,五股區,65歲以上,65,120,不相關,0.0,女,結婚,博士,不同性別,0
110,,15,五股區,65歲以上,65,120,不相關,0.0,女,結婚,博士,相同性別,0
110,,15,五股區,65歲以上,65,120,不相關,0.0,女,結婚,國中,不同性別,2
110,,15,五股區,65歲以上,65,120,不相關,0.0,女,結婚,國中,相同性別,0
110,,15,五股區,65歲以上,65,120,不相關,0.0,女,結婚,國小以下,不同性別,0
110,,15,五股區,65歲以上,65,120,不相關,0.0,女,結婚,國小以下,相同性別,0
110,,15,五股區,65歲以上,65,120,不相關,0.0,女,結婚,大學,不同性別,0
110,,15,五股區,65歲以上,65,120,不相關,0.0,女,結婚,大學,相同性別,0
110,,15,五股區,65歲以上,65,120,不相關,0.0,女,結婚,專科,不同性別,0
110,,15,五股區,65歲以上,65,120,不相關,0.0,女,結婚,專科,相同性別,0
110,,15,五股區,65歲以上,65,120,不相關,0.0,女,結婚,碩士,不同性別,0
110,,15,五股區,65歲以上,65,120,不相關,0.0,女,結婚,碩士,相同性別,0
110,,15,五股區,65歲以上,65,120,不相關,0.0,女,結婚,高中職,不同性別,0
110,,15,五股區,65歲以上,65,120,不相關,0.0,女,結婚,高中職,相同性別,0
110,,15,五股區,65歲以上,65,120,不相關,0.0,男,結婚,博士,不同性別,0
110,,15,五股區,65歲以上,65,120,不相關,0.0,男,結婚,博士,相同性別,0
110,,15,五股區,65歲以上,65,120,不相關,0.0,男,結婚,國中,不同性別,0
110,,15,五股區,65歲以上,65,120,不相關,0.0,男,結婚,國中,相同性別,0
110,,15,五股區,65歲以上,65,120,不相關,0.0,男,結婚,國小以下,不同性別,1
110,,15,五股區,65歲以上,65,120,不相關,0.0,男,結婚,國小以下,相同性別,0
110,,15,五股區,65歲以上,65,120,不相關,0.0,男,結婚,大學,不同性別,0
110,,15,五股區,65歲以上,65,120,不相關,0.0,男,結婚,大學,相同性別,0
110,,15,五股區,65歲以上,65,120,不相關,0.0,男,結婚,專科,不同性別,1
110,,15,五股區,65歲以上,65,120,不相關,0.0,男,結婚,專科,相同性別,0
110,,15,五股區,65歲以上,65,120,不相關,0.0,男,結婚,碩士,不同性別,0
110,,15,五股區,65歲以上,65,120,不相關,0.0,男,結婚,碩士,相同性別,0
110,,15,五股區,65歲以上,65,120,不相關,0.0,男,結婚,高中職,不同性別,0
110,,15,五股區,65歲以上,65,120,不相關,0.0,男,結婚,高中職,相同性別,0
110,,16,泰山區,未滿15歲,0,14,不相關,0.0,女,結婚,博士,不同性別,0
110,,16,泰山區,未滿15歲,0,14,不相關,0.0,女,結婚,博士,相同性別,0
110,,16,泰山區,未滿15歲,0,14,不相關,0.0,女,結婚,國中,不同性別,0
110,,16,泰山區,未滿15歲,0,14,不相關,0.0,女,結婚,國中,相同性別,0
110,,16,泰山區,未滿15歲,0,14,不相關,0.0,女,結婚,國小以下,不同性別,0
110,,16,泰山區,未滿15歲,0,14,不相關,0.0,女,結婚,國小以下,相同性別,0
110,,16,泰山區,未滿15歲,0,14,不相關,0.0,女,結婚,大學,不同性別,0
110,,16,泰山區,未滿15歲,0,14,不相關,0.0,女,結婚,大學,相同性別,0
110,,16,泰山區,未滿15歲,0,14,不相關,0.0,女,結婚,專科,不同性別,0
110,,16,泰山區,未滿15歲,0,14,不相關,0.0,女,結婚,專科,相同性別,0
110,,16,泰山區,未滿15歲,0,14,不相關,0.0,女,結婚,碩士,不同性別,0
110,,16,泰山區,未滿15歲,0,14,不相關,0.0,女,結婚,碩士,相同性別,0
110,,16,泰山區,未滿15歲,0,14,不相關,0.0,女,結婚,高中職,不同性別,0
110,,16,泰山區,未滿15歲,0,14,不相關,0.0,女,結婚,高中職,相同性別,0
110,,16,泰山區,未滿15歲,0,14,不相關,0.0,男,結婚,博士,不同性別,0
110,,16,泰山區,未滿15歲,0,14,不相關,0.0,男,結婚,博士,相同性別,0
110,,16,泰山區,未滿15歲,0,14,不相關,0.0,男,結婚,國中,不同性別,0
110,,16,泰山區,未滿15歲,0,14,不相關,0.0,男,結婚,國中,相同性別,0
110,,16,泰山區,未滿15歲,0,14,不相關,0.0,男,結婚,國小以下,不同性別,0
110,,16,泰山區,未滿15歲,0,14,不相關,0.0,男,結婚,國小以下,相同性別,0
110,,16,泰山區,未滿15歲,0,14,不相關,0.0,男,結婚,大學,不同性別,0
110,,16,泰山區,未滿15歲,0,14,不相關,0.0,男,結婚,大學,相同性別,0
110,,16,泰山區,未滿15歲,0,14,不相關,0.0,男,結婚,專科,不同性別,0
110,,16,泰山區,未滿15歲,0,14,不相關,0.0,男,結婚,專科,相同性別,0
110,,16,泰山區,未滿15歲,0,14,不相關,0.0,男,結婚,碩士,不同性別,0
110,,16,泰山區,未滿15歲,0,14,不相關,0.0,男,結婚,碩士,相同性別,0
110,,16,泰山區,未滿15歲,0,14,不相關,0.0,男,結婚,高中職,不同性別,0
110,,16,泰山區,未滿15歲,0,14,不相關,0.0,男,結婚,高中職,相同性別,0
110,,16,泰山區,15～19歲,15,19,部分重疊,0.4,女,結婚,博士,不同性別,0
110,,16,泰山區,15～19歲,15,19,部分重疊,0.4,女,結婚,博士,相同性別,0
110,,16,泰山區,15～19歲,15,19,部分重疊,0.4,女,結婚,國中,不同性別,3
110,,16,泰山區,15～19歲,15,19,部分重疊,0.4,女,結婚,國中,相同性別,0
110,,16,泰山區,15～19歲,15,19,部分重疊,0.4,女,結婚,國小以下,不同性別,0
110,,16,泰山區,15～19歲,15,19,部分重疊,0.4,女,結婚,國小以下,相同性別,0
110,,16,泰山區,15～19歲,15,19,部分重疊,0.4,女,結婚,大學,不同性別,0
110,,16,泰山區,15～19歲,15,19,部分重疊,0.4,女,結婚,大學,相同性別,0
110,,16,泰山區,15～19歲,15,19,部分重疊,0.4,女,結婚,專科,不同性別,0
110,,16,泰山區,15～19歲,15,19,部分重疊,0.4,女,結婚,專科,相同性別,0
110,,16,泰山區,15～19歲,15,19,部分重疊,0.4,女,結婚,碩士,不同性別,0
110,,16,泰山區,15～19歲,15,19,部分重疊,0.4,女,結婚,碩士,相同性別,0
110,,16,泰山區,15～19歲,15,19,部分重疊,0.4,女,結婚,高中職,不同性別,0
110,,16,泰山區,15～19歲,15,19,部分重疊,0.4,女,結婚,高中職,相同性別,0
110,,16,泰山區,15～19歲,15,19,部分重疊,0.4,男,結婚,博士,不同性別,0
110,,16,泰山區,15～19歲,15,19,部分重疊,0.4,男,結婚,博士,相同性別,0
110,,16,泰山區,15～19歲,15,19,部分重疊,0.4,男,結婚,國中,不同性別,1
110,,16,泰山區,15～19歲,15,19,部分重疊,0.4,男,結婚,國中,相同性別,0
110,,16,泰山區,15～19歲,15,19,部分重疊,0.4,男,結婚,國小以下,不同性別,0
110,,16,泰山區,15～19歲,15,19,部分重疊,0.4,男,結婚,國小以下,相同性別,0
110,,16,泰山區,15～19歲,15,19,部分重疊,0.4,男,結婚,大學,不同性別,0
110,,16,泰山區,15～19歲,15,19,部分重疊,0.4,男,結婚,大學,相同性別,0
110,,16,泰山區,15～19歲,15,19,部分重疊,0.4,男,結婚,專科,不同性別,0
110,,16,泰山區,15～19歲,15,19,部分重疊,0.4,男,結婚,專科,相同性別,0
110,,16,泰山區,15～19歲,15,19,部分重疊,0.4,男,結婚,碩士,不同性別,0
110,,16,泰山區,15～19歲,15,19,部分重疊,0.4,男,結婚,碩士,相同性別,0
110,,16,泰山區,15～19歲,15,19,部分重疊,0.4,男,結婚,高中職,不同性別,0
110,,16,泰山區,15～19歲,15,19,部分重疊,0.4,男,結婚,高中職,相同性別,0
110,,16,泰山區,20～24歲,20,24,完全落入,1.0,女,結婚,博士,不同性別,0
110,,16,泰山區,20～24歲,20,24,完全落入,1.0,女,結婚,博士,相同性別,0
110,,16,泰山區,20～24歲,20,24,完全落入,1.0,女,結婚,國中,不同性別,5
110,,16,泰山區,20～24歲,20,24,完全落入,1.0,女,結婚,國中,相同性別,3
110,,16,泰山區,20～24歲,20,24,完全落入,1.0,女,結婚,國小以下,不同性別,0
110,,16,泰山區,20～24歲,20,24,完全落入,1.0,女,結婚,國小以下,相同性別,0
110,,16,泰山區,20～24歲,20,24,完全落入,1.0,女,結婚,大學,不同性別,12
110,,16,泰山區,20～24歲,20,24,完全落入,1.0,女,結婚,大學,相同性別,0
110,,16,泰山區,20～24歲,20,24,完全落入,1.0,女,結婚,專科,不同性別,0
110,,16,泰山區,20～24歲,20,24,完全落入,1.0,女,結婚,專科,相同性別,1
110,,16,泰山區,20～24歲,20,24,完全落入,1.0,女,結婚,碩士,不同性別,0
110,,16,泰山區,20～24歲,20,24,完全落入,1.0,女,結婚,碩士,相同性別,0
110,,16,泰山區,20～24歲,20,24,完全落入,1.0,女,結婚,高中職,不同性別,13
110,,16,泰山區,20～24歲,20,24,完全落入,1.0,女,結婚,高中職,相同性別,1
110,,16,泰山區,20～24歲,20,24,完全落入,1.0,男,結婚,博士,不同性別,0
110,,16,泰山區,20～24歲,20,24,完全落入,1.0,男,結婚,博士,相同性別,0
110,,16,泰山區,20～24歲,20,24,完全落入,1.0,男,結婚,國中,不同性別,4
110,,16,泰山區,20～24歲,20,24,完全落入,1.0,男,結婚,國中,相同性別,0
110,,16,泰山區,20～24歲,20,24,完全落入,1.0,男,結婚,國小以下,不同性別,1
110,,16,泰山區,20～24歲,20,24,完全落入,1.0,男,結婚,國小以下,相同性別,0
110,,16,泰山區,20～24歲,20,24,完全落入,1.0,男,結婚,大學,不同性別,5
110,,16,泰山區,20～24歲,20,24,完全落入,1.0,男,結婚,大學,相同性別,0
110,,16,泰山區,20～24歲,20,24,完全落入,1.0,男,結婚,專科,不同性別,0
110,,16,泰山區,20～24歲,20,24,完全落入,1.0,男,結婚,專科,相同性別,0
110,,16,泰山區,20～24歲,20,24,完全落入,1.0,男,結婚,碩士,不同性別,0
110,,16,泰山區,20～24歲,20,24,完全落入,1.0,男,結婚,碩士,相同性別,0
110,,16,泰山區,20～24歲,20,24,完全落入,1.0,男,結婚,高中職,不同性別,10
110,,16,泰山區,20～24歲,20,24,完全落入,1.0,男,結婚,高中職,相同性別,1
110,,16,泰山區,25～29歲,25,29,完全落入,1.0,女,結婚,博士,不同性別,0
110,,16,泰山區,25～29歲,25,29,完全落入,1.0,女,結婚,博士,相同性別,0
110,,16,泰山區,25～29歲,25,29,完全落入,1.0,女,結婚,國中,不同性別,5
110,,16,泰山區,25～29歲,25,29,完全落入,1.0,女,結婚,國中,相同性別,0
110,,16,泰山區,25～29歲,25,29,完全落入,1.0,女,結婚,國小以下,不同性別,0
110,,16,泰山區,25～29歲,25,29,完全落入,1.0,女,結婚,國小以下,相同性別,0
110,,16,泰山區,25～29歲,25,29,完全落入,1.0,女,結婚,大學,不同性別,75
110,,16,泰山區,25～29歲,25,29,完全落入,1.0,女,結婚,大學,相同性別,1
110,,16,泰山區,25～29歲,25,29,完全落入,1.0,女,結婚,專科,不同性別,6
110,,16,泰山區,25～29歲,25,29,完全落入,1.0,女,結婚,專科,相同性別,0
110,,16,泰山區,25～29歲,25,29,完全落入,1.0,女,結婚,碩士,不同性別,8
110,,16,泰山區,25～29歲,25,29,完全落入,1.0,女,結婚,碩士,相同性別,0
110,,16,泰山區,25～29歲,25,29,完全落入,1.0,女,結婚,高中職,不同性別,24
110,,16,泰山區,25～29歲,25,29,完全落入,1.0,女,結婚,高中職,相同性別,0
110,,16,泰山區,25～29歲,25,29,完全落入,1.0,男,結婚,博士,不同性別,0
110,,16,泰山區,25～29歲,25,29,完全落入,1.0,男,結婚,博士,相同性別,0
110,,16,泰山區,25～29歲,25,29,完全落入,1.0,男,結婚,國中,不同性別,9
110,,16,泰山區,25～29歲,25,29,完全落入,1.0,男,結婚,國中,相同性別,0
110,,16,泰山區,25～29歲,25,29,完全落入,1.0,男,結婚,國小以下,不同性別,0
110,,16,泰山區,25～29歲,25,29,完全落入,1.0,男,結婚,國小以下,相同性別,0
110,,16,泰山區,25～29歲,25,29,完全落入,1.0,男,結婚,大學,不同性別,34
110,,16,泰山區,25～29歲,25,29,完全落入,1.0,男,結婚,大學,相同性別,0
110,,16,泰山區,25～29歲,25,29,完全落入,1.0,男,結婚,專科,不同性別,3
110,,16,泰山區,25～29歲,25,29,完全落入,1.0,男,結婚,專科,相同性別,0
110,,16,泰山區,25～29歲,25,29,完全落入,1.0,男,結婚,碩士,不同性別,7
110,,16,泰山區,25～29歲,25,29,完全落入,1.0,男,結婚,碩士,相同性別,0
110,,16,泰山區,25～29歲,25,29,完全落入,1.0,男,結婚,高中職,不同性別,22
110,,16,泰山區,25～29歲,25,29,完全落入,1.0,男,結婚,高中職,相同性別,0
110,,16,泰山區,30～34歲,30,34,完全落入,1.0,女,結婚,博士,不同性別,0
110,,16,泰山區,30～34歲,30,34,完全落入,1.0,女,結婚,博士,相同性別,0
110,,16,泰山區,30～34歲,30,34,完全落入,1.0,女,結婚,國中,不同性別,6
110,,16,泰山區,30～34歲,30,34,完全落入,1.0,女,結婚,國中,相同性別,0
110,,16,泰山區,30～34歲,30,34,完全落入,1.0,女,結婚,國小以下,不同性別,0
110,,16,泰山區,30～34歲,30,34,完全落入,1.0,女,結婚,國小以下,相同性別,0
110,,16,泰山區,30～34歲,30,34,完全落入,1.0,女,結婚,大學,不同性別,74
110,,16,泰山區,30～34歲,30,34,完全落入,1.0,女,結婚,大學,相同性別,1
110,,16,泰山區,30～34歲,30,34,完全落入,1.0,女,結婚,專科,不同性別,8
110,,16,泰山區,30～34歲,30,34,完全落入,1.0,女,結婚,專科,相同性別,0
110,,16,泰山區,30～34歲,30,34,完全落入,1.0,女,結婚,碩士,不同性別,14
110,,16,泰山區,30～34歲,30,34,完全落入,1.0,女,結婚,碩士,相同性別,0
110,,16,泰山區,30～34歲,30,34,完全落入,1.0,女,結婚,高中職,不同性別,15
110,,16,泰山區,30～34歲,30,34,完全落入,1.0,女,結婚,高中職,相同性別,0
110,,16,泰山區,30～34歲,30,34,完全落入,1.0,男,結婚,博士,不同性別,0
110,,16,泰山區,30～34歲,30,34,完全落入,1.0,男,結婚,博士,相同性別,0
110,,16,泰山區,30～34歲,30,34,完全落入,1.0,男,結婚,國中,不同性別,6
110,,16,泰山區,30～34歲,30,34,完全落入,1.0,男,結婚,國中,相同性別,0
110,,16,泰山區,30～34歲,30,34,完全落入,1.0,男,結婚,國小以下,不同性別,0
110,,16,泰山區,30～34歲,30,34,完全落入,1.0,男,結婚,國小以下,相同性別,0
110,,16,泰山區,30～34歲,30,34,完全落入,1.0,男,結婚,大學,不同性別,73
110,,16,泰山區,30～34歲,30,34,完全落入,1.0,男,結婚,大學,相同性別,0
110,,16,泰山區,30～34歲,30,34,完全落入,1.0,男,結婚,專科,不同性別,5
110,,16,泰山區,30～34歲,30,34,完全落入,1.0,男,結婚,專科,相同性別,0
110,,16,泰山區,30～34歲,30,34,完全落入,1.0,男,結婚,碩士,不同性別,18
110,,16,泰山區,30～34歲,30,34,完全落入,1.0,男,結婚,碩士,相同性別,0
110,,16,泰山區,30～34歲,30,34,完全落入,1.0,男,結婚,高中職,不同性別,26
110,,16,泰山區,30～34歲,30,34,完全落入,1.0,男,結婚,高中職,相同性別,0
110,,16,泰山區,35～39歲,35,39,部分重疊,0.2,女,結婚,博士,不同性別,1
110,,16,泰山區,35～39歲,35,39,部分重疊,0.2,女,結婚,博士,相同性別,0
110,,16,泰山區,35～39歲,35,39,部分重疊,0.2,女,結婚,國中,不同性別,9
110,,16,泰山區,35～39歲,35,39,部分重疊,0.2,女,結婚,國中,相同性別,0
110,,16,泰山區,35～39歲,35,39,部分重疊,0.2,女,結婚,國小以下,不同性別,0
110,,16,泰山區,35～39歲,35,39,部分重疊,0.2,女,結婚,國小以下,相同性別,0
110,,16,泰山區,35～39歲,35,39,部分重疊,0.2,女,結婚,大學,不同性別,23
110,,16,泰山區,35～39歲,35,39,部分重疊,0.2,女,結婚,大學,相同性別,0
110,,16,泰山區,35～39歲,35,39,部分重疊,0.2,女,結婚,專科,不同性別,4
110,,16,泰山區,35～39歲,35,39,部分重疊,0.2,女,結婚,專科,相同性別,0
110,,16,泰山區,35～39歲,35,39,部分重疊,0.2,女,結婚,碩士,不同性別,4
110,,16,泰山區,35～39歲,35,39,部分重疊,0.2,女,結婚,碩士,相同性別,0
110,,16,泰山區,35～39歲,35,39,部分重疊,0.2,女,結婚,高中職,不同性別,9
110,,16,泰山區,35～39歲,35,39,部分重疊,0.2,女,結婚,高中職,相同性別,1
110,,16,泰山區,35～39歲,35,39,部分重疊,0.2,男,結婚,博士,不同性別,0
110,,16,泰山區,35～39歲,35,39,部分重疊,0.2,男,結婚,博士,相同性別,1
110,,16,泰山區,35～39歲,35,39,部分重疊,0.2,男,結婚,國中,不同性別,7
110,,16,泰山區,35～39歲,35,39,部分重疊,0.2,男,結婚,國中,相同性別,0
110,,16,泰山區,35～39歲,35,39,部分重疊,0.2,男,結婚,國小以下,不同性別,0
110,,16,泰山區,35～39歲,35,39,部分重疊,0.2,男,結婚,國小以下,相同性別,0
110,,16,泰山區,35～39歲,35,39,部分重疊,0.2,男,結婚,大學,不同性別,28
110,,16,泰山區,35～39歲,35,39,部分重疊,0.2,男,結婚,大學,相同性別,0
110,,16,泰山區,35～39歲,35,39,部分重疊,0.2,男,結婚,專科,不同性別,5
110,,16,泰山區,35～39歲,35,39,部分重疊,0.2,男,結婚,專科,相同性別,0
110,,16,泰山區,35～39歲,35,39,部分重疊,0.2,男,結婚,碩士,不同性別,16
110,,16,泰山區,35～39歲,35,39,部分重疊,0.2,男,結婚,碩士,相同性別,0
110,,16,泰山區,35～39歲,35,39,部分重疊,0.2,男,結婚,高中職,不同性別,15
110,,16,泰山區,35～39歲,35,39,部分重疊,0.2,男,結婚,高中職,相同性別,0
110,,16,泰山區,40～44歲,40,44,不相關,0.0,女,結婚,博士,不同性別,0
110,,16,泰山區,40～44歲,40,44,不相關,0.0,女,結婚,博士,相同性別,0
110,,16,泰山區,40～44歲,40,44,不相關,0.0,女,結婚,國中,不同性別,2
110,,16,泰山區,40～44歲,40,44,不相關,0.0,女,結婚,國中,相同性別,0
110,,16,泰山區,40～44歲,40,44,不相關,0.0,女,結婚,國小以下,不同性別,1
110,,16,泰山區,40～44歲,40,44,不相關,0.0,女,結婚,國小以下,相同性別,0
110,,16,泰山區,40～44歲,40,44,不相關,0.0,女,結婚,大學,不同性別,5
110,,16,泰山區,40～44歲,40,44,不相關,0.0,女,結婚,大學,相同性別,0
110,,16,泰山區,40～44歲,40,44,不相關,0.0,女,結婚,專科,不同性別,4
110,,16,泰山區,40～44歲,40,44,不相關,0.0,女,結婚,專科,相同性別,0
110,,16,泰山區,40～44歲,40,44,不相關,0.0,女,結婚,碩士,不同性別,2
110,,16,泰山區,40～44歲,40,44,不相關,0.0,女,結婚,碩士,相同性別,0
110,,16,泰山區,40～44歲,40,44,不相關,0.0,女,結婚,高中職,不同性別,10
110,,16,泰山區,40～44歲,40,44,不相關,0.0,女,結婚,高中職,相同性別,0
110,,16,泰山區,40～44歲,40,44,不相關,0.0,男,結婚,博士,不同性別,0
110,,16,泰山區,40～44歲,40,44,不相關,0.0,男,結婚,博士,相同性別,0
110,,16,泰山區,40～44歲,40,44,不相關,0.0,男,結婚,國中,不同性別,3
110,,16,泰山區,40～44歲,40,44,不相關,0.0,男,結婚,國中,相同性別,0
110,,16,泰山區,40～44歲,40,44,不相關,0.0,男,結婚,國小以下,不同性別,0
110,,16,泰山區,40～44歲,40,44,不相關,0.0,男,結婚,國小以下,相同性別,0
110,,16,泰山區,40～44歲,40,44,不相關,0.0,男,結婚,大學,不同性別,10
110,,16,泰山區,40～44歲,40,44,不相關,0.0,男,結婚,大學,相同性別,0
110,,16,泰山區,40～44歲,40,44,不相關,0.0,男,結婚,專科,不同性別,4
110,,16,泰山區,40～44歲,40,44,不相關,0.0,男,結婚,專科,相同性別,0
110,,16,泰山區,40～44歲,40,44,不相關,0.0,男,結婚,碩士,不同性別,4
110,,16,泰山區,40～44歲,40,44,不相關,0.0,男,結婚,碩士,相同性別,0
110,,16,泰山區,40～44歲,40,44,不相關,0.0,男,結婚,高中職,不同性別,13
110,,16,泰山區,40～44歲,40,44,不相關,0.0,男,結婚,高中職,相同性別,0
110,,16,泰山區,45～49歲,45,49,不相關,0.0,女,結婚,博士,不同性別,0
110,,16,泰山區,45～49歲,45,49,不相關,0.0,女,結婚,博士,相同性別,0
110,,16,泰山區,45～49歲,45,49,不相關,0.0,女,結婚,國中,不同性別,1
110,,16,泰山區,45～49歲,45,49,不相關,0.0,女,結婚,國中,相同性別,0
110,,16,泰山區,45～49歲,45,49,不相關,0.0,女,結婚,國小以下,不同性別,0
110,,16,泰山區,45～49歲,45,49,不相關,0.0,女,結婚,國小以下,相同性別,0
110,,16,泰山區,45～49歲,45,49,不相關,0.0,女,結婚,大學,不同性別,1
110,,16,泰山區,45～49歲,45,49,不相關,0.0,女,結婚,大學,相同性別,0
110,,16,泰山區,45～49歲,45,49,不相關,0.0,女,結婚,專科,不同性別,1
110,,16,泰山區,45～49歲,45,49,不相關,0.0,女,結婚,專科,相同性別,0
110,,16,泰山區,45～49歲,45,49,不相關,0.0,女,結婚,碩士,不同性別,0
110,,16,泰山區,45～49歲,45,49,不相關,0.0,女,結婚,碩士,相同性別,0
110,,16,泰山區,45～49歲,45,49,不相關,0.0,女,結婚,高中職,不同性別,6
110,,16,泰山區,45～49歲,45,49,不相關,0.0,女,結婚,高中職,相同性別,0
110,,16,泰山區,45～49歲,45,49,不相關,0.0,男,結婚,博士,不同性別,0
110,,16,泰山區,45～49歲,45,49,不相關,0.0,男,結婚,博士,相同性別,1
110,,16,泰山區,45～49歲,45,49,不相關,0.0,男,結婚,國中,不同性別,1
110,,16,泰山區,45～49歲,45,49,不相關,0.0,男,結婚,國中,相同性別,0
110,,16,泰山區,45～49歲,45,49,不相關,0.0,男,結婚,國小以下,不同性別,1
110,,16,泰山區,45～49歲,45,49,不相關,0.0,男,結婚,國小以下,相同性別,0
110,,16,泰山區,45～49歲,45,49,不相關,0.0,男,結婚,大學,不同性別,2
110,,16,泰山區,45～49歲,45,49,不相關,0.0,男,結婚,大學,相同性別,0
110,,16,泰山區,45～49歲,45,49,不相關,0.0,男,結婚,專科,不同性別,2
110,,16,泰山區,45～49歲,45,49,不相關,0.0,男,結婚,專科,相同性別,0
110,,16,泰山區,45～49歲,45,49,不相關,0.0,男,結婚,碩士,不同性別,0
110,,16,泰山區,45～49歲,45,49,不相關,0.0,男,結婚,碩士,相同性別,0
110,,16,泰山區,45～49歲,45,49,不相關,0.0,男,結婚,高中職,不同性別,6
110,,16,泰山區,45～49歲,45,49,不相關,0.0,男,結婚,高中職,相同性別,1
110,,16,泰山區,50～54歲,50,54,不相關,0.0,女,結婚,博士,不同性別,0
110,,16,泰山區,50～54歲,50,54,不相關,0.0,女,結婚,博士,相同性別,0
110,,16,泰山區,50～54歲,50,54,不相關,0.0,女,結婚,國中,不同性別,2
110,,16,泰山區,50～54歲,50,54,不相關,0.0,女,結婚,國中,相同性別,0
110,,16,泰山區,50～54歲,50,54,不相關,0.0,女,結婚,國小以下,不同性別,0
110,,16,泰山區,50～54歲,50,54,不相關,0.0,女,結婚,國小以下,相同性別,0
110,,16,泰山區,50～54歲,50,54,不相關,0.0,女,結婚,大學,不同性別,1
110,,16,泰山區,50～54歲,50,54,不相關,0.0,女,結婚,大學,相同性別,0
110,,16,泰山區,50～54歲,50,54,不相關,0.0,女,結婚,專科,不同性別,2
110,,16,泰山區,50～54歲,50,54,不相關,0.0,女,結婚,專科,相同性別,0
110,,16,泰山區,50～54歲,50,54,不相關,0.0,女,結婚,碩士,不同性別,0
110,,16,泰山區,50～54歲,50,54,不相關,0.0,女,結婚,碩士,相同性別,0
110,,16,泰山區,50～54歲,50,54,不相關,0.0,女,結婚,高中職,不同性別,2
110,,16,泰山區,50～54歲,50,54,不相關,0.0,女,結婚,高中職,相同性別,0
110,,16,泰山區,50～54歲,50,54,不相關,0.0,男,結婚,博士,不同性別,0
110,,16,泰山區,50～54歲,50,54,不相關,0.0,男,結婚,博士,相同性別,0
110,,16,泰山區,50～54歲,50,54,不相關,0.0,男,結婚,國中,不同性別,0
110,,16,泰山區,50～54歲,50,54,不相關,0.0,男,結婚,國中,相同性別,0
110,,16,泰山區,50～54歲,50,54,不相關,0.0,男,結婚,國小以下,不同性別,1
110,,16,泰山區,50～54歲,50,54,不相關,0.0,男,結婚,國小以下,相同性別,0
110,,16,泰山區,50～54歲,50,54,不相關,0.0,男,結婚,大學,不同性別,2
110,,16,泰山區,50～54歲,50,54,不相關,0.0,男,結婚,大學,相同性別,0
110,,16,泰山區,50～54歲,50,54,不相關,0.0,男,結婚,專科,不同性別,3
110,,16,泰山區,50～54歲,50,54,不相關,0.0,男,結婚,專科,相同性別,0
110,,16,泰山區,50～54歲,50,54,不相關,0.0,男,結婚,碩士,不同性別,0
110,,16,泰山區,50～54歲,50,54,不相關,0.0,男,結婚,碩士,相同性別,0
110,,16,泰山區,50～54歲,50,54,不相關,0.0,男,結婚,高中職,不同性別,5
110,,16,泰山區,50～54歲,50,54,不相關,0.0,男,結婚,高中職,相同性別,0
110,,16,泰山區,55～59歲,55,59,不相關,0.0,女,結婚,博士,不同性別,0
110,,16,泰山區,55～59歲,55,59,不相關,0.0,女,結婚,博士,相同性別,0
110,,16,泰山區,55～59歲,55,59,不相關,0.0,女,結婚,國中,不同性別,1
110,,16,泰山區,55～59歲,55,59,不相關,0.0,女,結婚,國中,相同性別,0
110,,16,泰山區,55～59歲,55,59,不相關,0.0,女,結婚,國小以下,不同性別,0
110,,16,泰山區,55～59歲,55,59,不相關,0.0,女,結婚,國小以下,相同性別,0
110,,16,泰山區,55～59歲,55,59,不相關,0.0,女,結婚,大學,不同性別,1
110,,16,泰山區,55～59歲,55,59,不相關,0.0,女,結婚,大學,相同性別,0
110,,16,泰山區,55～59歲,55,59,不相關,0.0,女,結婚,專科,不同性別,0
110,,16,泰山區,55～59歲,55,59,不相關,0.0,女,結婚,專科,相同性別,0
110,,16,泰山區,55～59歲,55,59,不相關,0.0,女,結婚,碩士,不同性別,0
110,,16,泰山區,55～59歲,55,59,不相關,0.0,女,結婚,碩士,相同性別,0
110,,16,泰山區,55～59歲,55,59,不相關,0.0,女,結婚,高中職,不同性別,0
110,,16,泰山區,55～59歲,55,59,不相關,0.0,女,結婚,高中職,相同性別,0
110,,16,泰山區,55～59歲,55,59,不相關,0.0,男,結婚,博士,不同性別,0
110,,16,泰山區,55～59歲,55,59,不相關,0.0,男,結婚,博士,相同性別,0
110,,16,泰山區,55～59歲,55,59,不相關,0.0,男,結婚,國中,不同性別,3
110,,16,泰山區,55～59歲,55,59,不相關,0.0,男,結婚,國中,相同性別,0
110,,16,泰山區,55～59歲,55,59,不相關,0.0,男,結婚,國小以下,不同性別,0
110,,16,泰山區,55～59歲,55,59,不相關,0.0,男,結婚,國小以下,相同性別,0
110,,16,泰山區,55～59歲,55,59,不相關,0.0,男,結婚,大學,不同性別,0
110,,16,泰山區,55～59歲,55,59,不相關,0.0,男,結婚,大學,相同性別,0
110,,16,泰山區,55～59歲,55,59,不相關,0.0,男,結婚,專科,不同性別,0
110,,16,泰山區,55～59歲,55,59,不相關,0.0,男,結婚,專科,相同性別,0
110,,16,泰山區,55～59歲,55,59,不相關,0.0,男,結婚,碩士,不同性別,1
110,,16,泰山區,55～59歲,55,59,不相關,0.0,男,結婚,碩士,相同性別,0
110,,16,泰山區,55～59歲,55,59,不相關,0.0,男,結婚,高中職,不同性別,1
110,,16,泰山區,55～59歲,55,59,不相關,0.0,男,結婚,高中職,相同性別,0
110,,16,泰山區,60～64歲,60,64,不相關,0.0,女,結婚,博士,不同性別,0
110,,16,泰山區,60～64歲,60,64,不相關,0.0,女,結婚,博士,相同性別,0
110,,16,泰山區,60～64歲,60,64,不相關,0.0,女,結婚,國中,不同性別,1
110,,16,泰山區,60～64歲,60,64,不相關,0.0,女,結婚,國中,相同性別,0
110,,16,泰山區,60～64歲,60,64,不相關,0.0,女,結婚,國小以下,不同性別,0
110,,16,泰山區,60～64歲,60,64,不相關,0.0,女,結婚,國小以下,相同性別,0
110,,16,泰山區,60～64歲,60,64,不相關,0.0,女,結婚,大學,不同性別,0
110,,16,泰山區,60～64歲,60,64,不相關,0.0,女,結婚,大學,相同性別,0
110,,16,泰山區,60～64歲,60,64,不相關,0.0,女,結婚,專科,不同性別,0
110,,16,泰山區,60～64歲,60,64,不相關,0.0,女,結婚,專科,相同性別,0
110,,16,泰山區,60～64歲,60,64,不相關,0.0,女,結婚,碩士,不同性別,0
110,,16,泰山區,60～64歲,60,64,不相關,0.0,女,結婚,碩士,相同性別,0
110,,16,泰山區,60～64歲,60,64,不相關,0.0,女,結婚,高中職,不同性別,1
110,,16,泰山區,60～64歲,60,64,不相關,0.0,女,結婚,高中職,相同性別,0
110,,16,泰山區,60～64歲,60,64,不相關,0.0,男,結婚,博士,不同性別,0
110,,16,泰山區,60～64歲,60,64,不相關,0.0,男,結婚,博士,相同性別,0
110,,16,泰山區,60～64歲,60,64,不相關,0.0,男,結婚,國中,不同性別,1
110,,16,泰山區,60～64歲,60,64,不相關,0.0,男,結婚,國中,相同性別,0
110,,16,泰山區,60～64歲,60,64,不相關,0.0,男,結婚,國小以下,不同性別,0
110,,16,泰山區,60～64歲,60,64,不相關,0.0,男,結婚,國小以下,相同性別,0
110,,16,泰山區,60～64歲,60,64,不相關,0.0,男,結婚,大學,不同性別,1
110,,16,泰山區,60～64歲,60,64,不相關,0.0,男,結婚,大學,相同性別,0
110,,16,泰山區,60～64歲,60,64,不相關,0.0,男,結婚,專科,不同性別,0
110,,16,泰山區,60～64歲,60,64,不相關,0.0,男,結婚,專科,相同性別,0
110,,16,泰山區,60～64歲,60,64,不相關,0.0,男,結婚,碩士,不同性別,1
110,,16,泰山區,60～64歲,60,64,不相關,0.0,男,結婚,碩士,相同性別,0
110,,16,泰山區,60～64歲,60,64,不相關,0.0,男,結婚,高中職,不同性別,0
110,,16,泰山區,60～64歲,60,64,不相關,0.0,男,結婚,高中職,相同性別,0
110,,16,泰山區,65歲以上,65,120,不相關,0.0,女,結婚,博士,不同性別,0
110,,16,泰山區,65歲以上,65,120,不相關,0.0,女,結婚,博士,相同性別,0
110,,16,泰山區,65歲以上,65,120,不相關,0.0,女,結婚,國中,不同性別,1
110,,16,泰山區,65歲以上,65,120,不相關,0.0,女,結婚,國中,相同性別,0
110,,16,泰山區,65歲以上,65,120,不相關,0.0,女,結婚,國小以下,不同性別,0
110,,16,泰山區,65歲以上,65,120,不相關,0.0,女,結婚,國小以下,相同性別,0
110,,16,泰山區,65歲以上,65,120,不相關,0.0,女,結婚,大學,不同性別,0
110,,16,泰山區,65歲以上,65,120,不相關,0.0,女,結婚,大學,相同性別,0
110,,16,泰山區,65歲以上,65,120,不相關,0.0,女,結婚,專科,不同性別,0
110,,16,泰山區,65歲以上,65,120,不相關,0.0,女,結婚,專科,相同性別,0
110,,16,泰山區,65歲以上,65,120,不相關,0.0,女,結婚,碩士,不同性別,0
110,,16,泰山區,65歲以上,65,120,不相關,0.0,女,結婚,碩士,相同性別,0
110,,16,泰山區,65歲以上,65,120,不相關,0.0,女,結婚,高中職,不同性別,0
110,,16,泰山區,65歲以上,65,120,不相關,0.0,女,結婚,高中職,相同性別,0
110,,16,泰山區,65歲以上,65,120,不相關,0.0,男,結婚,博士,不同性別,0
110,,16,泰山區,65歲以上,65,120,不相關,0.0,男,結婚,博士,相同性別,0
110,,16,泰山區,65歲以上,65,120,不相關,0.0,男,結婚,國中,不同性別,1
110,,16,泰山區,65歲以上,65,120,不相關,0.0,男,結婚,國中,相同性別,0
110,,16,泰山區,65歲以上,65,120,不相關,0.0,男,結婚,國小以下,不同性別,1
110,,16,泰山區,65歲以上,65,120,不相關,0.0,男,結婚,國小以下,相同性別,0
110,,16,泰山區,65歲以上,65,120,不相關,0.0,男,結婚,大學,不同性別,0
110,,16,泰山區,65歲以上,65,120,不相關,0.0,男,結婚,大學,相同性別,0
110,,16,泰山區,65歲以上,65,120,不相關,0.0,男,結婚,專科,不同性別,1
110,,16,泰山區,65歲以上,65,120,不相關,0.0,男,結婚,專科,相同性別,0
110,,16,泰山區,65歲以上,65,120,不相關,0.0,男,結婚,碩士,不同性別,0
110,,16,泰山區,65歲以上,65,120,不相關,0.0,男,結婚,碩士,相同性別,0
110,,16,泰山區,65歲以上,65,120,不相關,0.0,男,結婚,高中職,不同性別,0
110,,16,泰山區,65歲以上,65,120,不相關,0.0,男,結婚,高中職,相同性別,0
110,,17,林口區,未滿15歲,0,14,不相關,0.0,女,結婚,博士,不同性別,0
110,,17,林口區,未滿15歲,0,14,不相關,0.0,女,結婚,博士,相同性別,0
110,,17,林口區,未滿15歲,0,14,不相關,0.0,女,結婚,國中,不同性別,0
110,,17,林口區,未滿15歲,0,14,不相關,0.0,女,結婚,國中,相同性別,0
110,,17,林口區,未滿15歲,0,14,不相關,0.0,女,結婚,國小以下,不同性別,0
110,,17,林口區,未滿15歲,0,14,不相關,0.0,女,結婚,國小以下,相同性別,0
110,,17,林口區,未滿15歲,0,14,不相關,0.0,女,結婚,大學,不同性別,0
110,,17,林口區,未滿15歲,0,14,不相關,0.0,女,結婚,大學,相同性別,0
110,,17,林口區,未滿15歲,0,14,不相關,0.0,女,結婚,專科,不同性別,0
110,,17,林口區,未滿15歲,0,14,不相關,0.0,女,結婚,專科,相同性別,0
110,,17,林口區,未滿15歲,0,14,不相關,0.0,女,結婚,碩士,不同性別,0
110,,17,林口區,未滿15歲,0,14,不相關,0.0,女,結婚,碩士,相同性別,0
110,,17,林口區,未滿15歲,0,14,不相關,0.0,女,結婚,高中職,不同性別,0
110,,17,林口區,未滿15歲,0,14,不相關,0.0,女,結婚,高中職,相同性別,0
110,,17,林口區,未滿15歲,0,14,不相關,0.0,男,結婚,博士,不同性別,0
110,,17,林口區,未滿15歲,0,14,不相關,0.0,男,結婚,博士,相同性別,0
110,,17,林口區,未滿15歲,0,14,不相關,0.0,男,結婚,國中,不同性別,0
110,,17,林口區,未滿15歲,0,14,不相關,0.0,男,結婚,國中,相同性別,0
110,,17,林口區,未滿15歲,0,14,不相關,0.0,男,結婚,國小以下,不同性別,0
110,,17,林口區,未滿15歲,0,14,不相關,0.0,男,結婚,國小以下,相同性別,0
110,,17,林口區,未滿15歲,0,14,不相關,0.0,男,結婚,大學,不同性別,0
110,,17,林口區,未滿15歲,0,14,不相關,0.0,男,結婚,大學,相同性別,0
110,,17,林口區,未滿15歲,0,14,不相關,0.0,男,結婚,專科,不同性別,0
110,,17,林口區,未滿15歲,0,14,不相關,0.0,男,結婚,專科,相同性別,0
110,,17,林口區,未滿15歲,0,14,不相關,0.0,男,結婚,碩士,不同性別,0
110,,17,林口區,未滿15歲,0,14,不相關,0.0,男,結婚,碩士,相同性別,0
110,,17,林口區,未滿15歲,0,14,不相關,0.0,男,結婚,高中職,不同性別,0
110,,17,林口區,未滿15歲,0,14,不相關,0.0,男,結婚,高中職,相同性別,0
110,,17,林口區,15～19歲,15,19,部分重疊,0.4,女,結婚,博士,不同性別,0
110,,17,林口區,15～19歲,15,19,部分重疊,0.4,女,結婚,博士,相同性別,0
110,,17,林口區,15～19歲,15,19,部分重疊,0.4,女,結婚,國中,不同性別,5
110,,17,林口區,15～19歲,15,19,部分重疊,0.4,女,結婚,國中,相同性別,0
110,,17,林口區,15～19歲,15,19,部分重疊,0.4,女,結婚,國小以下,不同性別,0
110,,17,林口區,15～19歲,15,19,部分重疊,0.4,女,結婚,國小以下,相同性別,0
110,,17,林口區,15～19歲,15,19,部分重疊,0.4,女,結婚,大學,不同性別,0
110,,17,林口區,15～19歲,15,19,部分重疊,0.4,女,結婚,大學,相同性別,0
110,,17,林口區,15～19歲,15,19,部分重疊,0.4,女,結婚,專科,不同性別,0
110,,17,林口區,15～19歲,15,19,部分重疊,0.4,女,結婚,專科,相同性別,0
110,,17,林口區,15～19歲,15,19,部分重疊,0.4,女,結婚,碩士,不同性別,0
110,,17,林口區,15～19歲,15,19,部分重疊,0.4,女,結婚,碩士,相同性別,0
110,,17,林口區,15～19歲,15,19,部分重疊,0.4,女,結婚,高中職,不同性別,1
110,,17,林口區,15～19歲,15,19,部分重疊,0.4,女,結婚,高中職,相同性別,0
110,,17,林口區,15～19歲,15,19,部分重疊,0.4,男,結婚,博士,不同性別,0
110,,17,林口區,15～19歲,15,19,部分重疊,0.4,男,結婚,博士,相同性別,0
110,,17,林口區,15～19歲,15,19,部分重疊,0.4,男,結婚,國中,不同性別,4
110,,17,林口區,15～19歲,15,19,部分重疊,0.4,男,結婚,國中,相同性別,0
110,,17,林口區,15～19歲,15,19,部分重疊,0.4,男,結婚,國小以下,不同性別,0
110,,17,林口區,15～19歲,15,19,部分重疊,0.4,男,結婚,國小以下,相同性別,0
110,,17,林口區,15～19歲,15,19,部分重疊,0.4,男,結婚,大學,不同性別,0
110,,17,林口區,15～19歲,15,19,部分重疊,0.4,男,結婚,大學,相同性別,0
110,,17,林口區,15～19歲,15,19,部分重疊,0.4,男,結婚,專科,不同性別,0
110,,17,林口區,15～19歲,15,19,部分重疊,0.4,男,結婚,專科,相同性別,0
110,,17,林口區,15～19歲,15,19,部分重疊,0.4,男,結婚,碩士,不同性別,0
110,,17,林口區,15～19歲,15,19,部分重疊,0.4,男,結婚,碩士,相同性別,0
110,,17,林口區,15～19歲,15,19,部分重疊,0.4,男,結婚,高中職,不同性別,1
110,,17,林口區,15～19歲,15,19,部分重疊,0.4,男,結婚,高中職,相同性別,0
110,,17,林口區,20～24歲,20,24,完全落入,1.0,女,結婚,博士,不同性別,0
110,,17,林口區,20～24歲,20,24,完全落入,1.0,女,結婚,博士,相同性別,0
110,,17,林口區,20～24歲,20,24,完全落入,1.0,女,結婚,國中,不同性別,9
110,,17,林口區,20～24歲,20,24,完全落入,1.0,女,結婚,國中,相同性別,0
110,,17,林口區,20～24歲,20,24,完全落入,1.0,女,結婚,國小以下,不同性別,0
110,,17,林口區,20～24歲,20,24,完全落入,1.0,女,結婚,國小以下,相同性別,0
110,,17,林口區,20～24歲,20,24,完全落入,1.0,女,結婚,大學,不同性別,26
110,,17,林口區,20～24歲,20,24,完全落入,1.0,女,結婚,大學,相同性別,0
110,,17,林口區,20～24歲,20,24,完全落入,1.0,女,結婚,專科,不同性別,4
110,,17,林口區,20～24歲,20,24,完全落入,1.0,女,結婚,專科,相同性別,0
110,,17,林口區,20～24歲,20,24,完全落入,1.0,女,結婚,碩士,不同性別,0
110,,17,林口區,20～24歲,20,24,完全落入,1.0,女,結婚,碩士,相同性別,0
110,,17,林口區,20～24歲,20,24,完全落入,1.0,女,結婚,高中職,不同性別,25
110,,17,林口區,20～24歲,20,24,完全落入,1.0,女,結婚,高中職,相同性別,1
110,,17,林口區,20～24歲,20,24,完全落入,1.0,男,結婚,博士,不同性別,0
110,,17,林口區,20～24歲,20,24,完全落入,1.0,男,結婚,博士,相同性別,0
110,,17,林口區,20～24歲,20,24,完全落入,1.0,男,結婚,國中,不同性別,8
110,,17,林口區,20～24歲,20,24,完全落入,1.0,男,結婚,國中,相同性別,0
110,,17,林口區,20～24歲,20,24,完全落入,1.0,男,結婚,國小以下,不同性別,0
110,,17,林口區,20～24歲,20,24,完全落入,1.0,男,結婚,國小以下,相同性別,0
110,,17,林口區,20～24歲,20,24,完全落入,1.0,男,結婚,大學,不同性別,6
110,,17,林口區,20～24歲,20,24,完全落入,1.0,男,結婚,大學,相同性別,0
110,,17,林口區,20～24歲,20,24,完全落入,1.0,男,結婚,專科,不同性別,0
110,,17,林口區,20～24歲,20,24,完全落入,1.0,男,結婚,專科,相同性別,0
110,,17,林口區,20～24歲,20,24,完全落入,1.0,男,結婚,碩士,不同性別,1
110,,17,林口區,20～24歲,20,24,完全落入,1.0,男,結婚,碩士,相同性別,0
110,,17,林口區,20～24歲,20,24,完全落入,1.0,男,結婚,高中職,不同性別,15
110,,17,林口區,20～24歲,20,24,完全落入,1.0,男,結婚,高中職,相同性別,0
110,,17,林口區,25～29歲,25,29,完全落入,1.0,女,結婚,博士,不同性別,0
110,,17,林口區,25～29歲,25,29,完全落入,1.0,女,結婚,博士,相同性別,0
110,,17,林口區,25～29歲,25,29,完全落入,1.0,女,結婚,國中,不同性別,5
110,,17,林口區,25～29歲,25,29,完全落入,1.0,女,結婚,國中,相同性別,0
110,,17,林口區,25～29歲,25,29,完全落入,1.0,女,結婚,國小以下,不同性別,0
110,,17,林口區,25～29歲,25,29,完全落入,1.0,女,結婚,國小以下,相同性別,0
110,,17,林口區,25～29歲,25,29,完全落入,1.0,女,結婚,大學,不同性別,132
110,,17,林口區,25～29歲,25,29,完全落入,1.0,女,結婚,大學,相同性別,2
110,,17,林口區,25～29歲,25,29,完全落入,1.0,女,結婚,專科,不同性別,5
110,,17,林口區,25～29歲,25,29,完全落入,1.0,女,結婚,專科,相同性別,0
110,,17,林口區,25～29歲,25,29,完全落入,1.0,女,結婚,碩士,不同性別,16
110,,17,林口區,25～29歲,25,29,完全落入,1.0,女,結婚,碩士,相同性別,0
110,,17,林口區,25～29歲,25,29,完全落入,1.0,女,結婚,高中職,不同性別,32
110,,17,林口區,25～29歲,25,29,完全落入,1.0,女,結婚,高中職,相同性別,2
110,,17,林口區,25～29歲,25,29,完全落入,1.0,男,結婚,博士,不同性別,3
110,,17,林口區,25～29歲,25,29,完全落入,1.0,男,結婚,博士,相同性別,0
110,,17,林口區,25～29歲,25,29,完全落入,1.0,男,結婚,國中,不同性別,12
110,,17,林口區,25～29歲,25,29,完全落入,1.0,男,結婚,國中,相同性別,0
110,,17,林口區,25～29歲,25,29,完全落入,1.0,男,結婚,國小以下,不同性別,1
110,,17,林口區,25～29歲,25,29,完全落入,1.0,男,結婚,國小以下,相同性別,0
110,,17,林口區,25～29歲,25,29,完全落入,1.0,男,結婚,大學,不同性別,75
110,,17,林口區,25～29歲,25,29,完全落入,1.0,男,結婚,大學,相同性別,0
110,,17,林口區,25～29歲,25,29,完全落入,1.0,男,結婚,專科,不同性別,3
110,,17,林口區,25～29歲,25,29,完全落入,1.0,男,結婚,專科,相同性別,0
110,,17,林口區,25～29歲,25,29,完全落入,1.0,男,結婚,碩士,不同性別,21
110,,17,林口區,25～29歲,25,29,完全落入,1.0,男,結婚,碩士,相同性別,0
110,,17,林口區,25～29歲,25,29,完全落入,1.0,男,結婚,高中職,不同性別,40
110,,17,林口區,25～29歲,25,29,完全落入,1.0,男,結婚,高中職,相同性別,0
110,,17,林口區,30～34歲,30,34,完全落入,1.0,女,結婚,博士,不同性別,0
110,,17,林口區,30～34歲,30,34,完全落入,1.0,女,結婚,博士,相同性別,0
110,,17,林口區,30～34歲,30,34,完全落入,1.0,女,結婚,國中,不同性別,4
110,,17,林口區,30～34歲,30,34,完全落入,1.0,女,結婚,國中,相同性別,1
110,,17,林口區,30～34歲,30,34,完全落入,1.0,女,結婚,國小以下,不同性別,0
110,,17,林口區,30～34歲,30,34,完全落入,1.0,女,結婚,國小以下,相同性別,0
110,,17,林口區,30～34歲,30,34,完全落入,1.0,女,結婚,大學,不同性別,139
110,,17,林口區,30～34歲,30,34,完全落入,1.0,女,結婚,大學,相同性別,3
110,,17,林口區,30～34歲,30,34,完全落入,1.0,女,結婚,專科,不同性別,6
110,,17,林口區,30～34歲,30,34,完全落入,1.0,女,結婚,專科,相同性別,0
110,,17,林口區,30～34歲,30,34,完全落入,1.0,女,結婚,碩士,不同性別,40
110,,17,林口區,30～34歲,30,34,完全落入,1.0,女,結婚,碩士,相同性別,0
110,,17,林口區,30～34歲,30,34,完全落入,1.0,女,結婚,高中職,不同性別,21
110,,17,林口區,30～34歲,30,34,完全落入,1.0,女,結婚,高中職,相同性別,0
110,,17,林口區,30～34歲,30,34,完全落入,1.0,男,結婚,博士,不同性別,2
110,,17,林口區,30～34歲,30,34,完全落入,1.0,男,結婚,博士,相同性別,0
110,,17,林口區,30～34歲,30,34,完全落入,1.0,男,結婚,國中,不同性別,11
110,,17,林口區,30～34歲,30,34,完全落入,1.0,男,結婚,國中,相同性別,0
110,,17,林口區,30～34歲,30,34,完全落入,1.0,男,結婚,國小以下,不同性別,0
110,,17,林口區,30～34歲,30,34,完全落入,1.0,男,結婚,國小以下,相同性別,0
110,,17,林口區,30～34歲,30,34,完全落入,1.0,男,結婚,大學,不同性別,116
110,,17,林口區,30～34歲,30,34,完全落入,1.0,男,結婚,大學,相同性別,3
110,,17,林口區,30～34歲,30,34,完全落入,1.0,男,結婚,專科,不同性別,8
110,,17,林口區,30～34歲,30,34,完全落入,1.0,男,結婚,專科,相同性別,0
110,,17,林口區,30～34歲,30,34,完全落入,1.0,男,結婚,碩士,不同性別,59
110,,17,林口區,30～34歲,30,34,完全落入,1.0,男,結婚,碩士,相同性別,0
110,,17,林口區,30～34歲,30,34,完全落入,1.0,男,結婚,高中職,不同性別,23
110,,17,林口區,30～34歲,30,34,完全落入,1.0,男,結婚,高中職,相同性別,0
110,,17,林口區,35～39歲,35,39,部分重疊,0.2,女,結婚,博士,不同性別,0
110,,17,林口區,35～39歲,35,39,部分重疊,0.2,女,結婚,博士,相同性別,0
110,,17,林口區,35～39歲,35,39,部分重疊,0.2,女,結婚,國中,不同性別,5
110,,17,林口區,35～39歲,35,39,部分重疊,0.2,女,結婚,國中,相同性別,0
110,,17,林口區,35～39歲,35,39,部分重疊,0.2,女,結婚,國小以下,不同性別,4
110,,17,林口區,35～39歲,35,39,部分重疊,0.2,女,結婚,國小以下,相同性別,0
110,,17,林口區,35～39歲,35,39,部分重疊,0.2,女,結婚,大學,不同性別,40
110,,17,林口區,35～39歲,35,39,部分重疊,0.2,女,結婚,大學,相同性別,0
110,,17,林口區,35～39歲,35,39,部分重疊,0.2,女,結婚,專科,不同性別,10
110,,17,林口區,35～39歲,35,39,部分重疊,0.2,女,結婚,專科,相同性別,2
110,,17,林口區,35～39歲,35,39,部分重疊,0.2,女,結婚,碩士,不同性別,10
110,,17,林口區,35～39歲,35,39,部分重疊,0.2,女,結婚,碩士,相同性別,0
110,,17,林口區,35～39歲,35,39,部分重疊,0.2,女,結婚,高中職,不同性別,23
110,,17,林口區,35～39歲,35,39,部分重疊,0.2,女,結婚,高中職,相同性別,0
110,,17,林口區,35～39歲,35,39,部分重疊,0.2,男,結婚,博士,不同性別,2
110,,17,林口區,35～39歲,35,39,部分重疊,0.2,男,結婚,博士,相同性別,0
110,,17,林口區,35～39歲,35,39,部分重疊,0.2,男,結婚,國中,不同性別,9
110,,17,林口區,35～39歲,35,39,部分重疊,0.2,男,結婚,國中,相同性別,0
110,,17,林口區,35～39歲,35,39,部分重疊,0.2,男,結婚,國小以下,不同性別,0
110,,17,林口區,35～39歲,35,39,部分重疊,0.2,男,結婚,國小以下,相同性別,0
110,,17,林口區,35～39歲,35,39,部分重疊,0.2,男,結婚,大學,不同性別,44
110,,17,林口區,35～39歲,35,39,部分重疊,0.2,男,結婚,大學,相同性別,1
110,,17,林口區,35～39歲,35,39,部分重疊,0.2,男,結婚,專科,不同性別,7
110,,17,林口區,35～39歲,35,39,部分重疊,0.2,男,結婚,專科,相同性別,0
110,,17,林口區,35～39歲,35,39,部分重疊,0.2,男,結婚,碩士,不同性別,30
110,,17,林口區,35～39歲,35,39,部分重疊,0.2,男,結婚,碩士,相同性別,0
110,,17,林口區,35～39歲,35,39,部分重疊,0.2,男,結婚,高中職,不同性別,17
110,,17,林口區,35～39歲,35,39,部分重疊,0.2,男,結婚,高中職,相同性別,0
110,,17,林口區,40～44歲,40,44,不相關,0.0,女,結婚,博士,不同性別,1
110,,17,林口區,40～44歲,40,44,不相關,0.0,女,結婚,博士,相同性別,0
110,,17,林口區,40～44歲,40,44,不相關,0.0,女,結婚,國中,不同性別,3
110,,17,林口區,40～44歲,40,44,不相關,0.0,女,結婚,國中,相同性別,0
110,,17,林口區,40～44歲,40,44,不相關,0.0,女,結婚,國小以下,不同性別,2
110,,17,林口區,40～44歲,40,44,不相關,0.0,女,結婚,國小以下,相同性別,0
110,,17,林口區,40～44歲,40,44,不相關,0.0,女,結婚,大學,不同性別,20
110,,17,林口區,40～44歲,40,44,不相關,0.0,女,結婚,大學,相同性別,0
110,,17,林口區,40～44歲,40,44,不相關,0.0,女,結婚,專科,不同性別,7
110,,17,林口區,40～44歲,40,44,不相關,0.0,女,結婚,專科,相同性別,0
110,,17,林口區,40～44歲,40,44,不相關,0.0,女,結婚,碩士,不同性別,3
110,,17,林口區,40～44歲,40,44,不相關,0.0,女,結婚,碩士,相同性別,0
110,,17,林口區,40～44歲,40,44,不相關,0.0,女,結婚,高中職,不同性別,11
110,,17,林口區,40～44歲,40,44,不相關,0.0,女,結婚,高中職,相同性別,0
110,,17,林口區,40～44歲,40,44,不相關,0.0,男,結婚,博士,不同性別,0
110,,17,林口區,40～44歲,40,44,不相關,0.0,男,結婚,博士,相同性別,0
110,,17,林口區,40～44歲,40,44,不相關,0.0,男,結婚,國中,不同性別,4
110,,17,林口區,40～44歲,40,44,不相關,0.0,男,結婚,國中,相同性別,0
110,,17,林口區,40～44歲,40,44,不相關,0.0,男,結婚,國小以下,不同性別,1
110,,17,林口區,40～44歲,40,44,不相關,0.0,男,結婚,國小以下,相同性別,0
110,,17,林口區,40～44歲,40,44,不相關,0.0,男,結婚,大學,不同性別,18
110,,17,林口區,40～44歲,40,44,不相關,0.0,男,結婚,大學,相同性別,0
110,,17,林口區,40～44歲,40,44,不相關,0.0,男,結婚,專科,不同性別,10
110,,17,林口區,40～44歲,40,44,不相關,0.0,男,結婚,專科,相同性別,0
110,,17,林口區,40～44歲,40,44,不相關,0.0,男,結婚,碩士,不同性別,13
110,,17,林口區,40～44歲,40,44,不相關,0.0,男,結婚,碩士,相同性別,1
110,,17,林口區,40～44歲,40,44,不相關,0.0,男,結婚,高中職,不同性別,15
110,,17,林口區,40～44歲,40,44,不相關,0.0,男,結婚,高中職,相同性別,0
110,,17,林口區,45～49歲,45,49,不相關,0.0,女,結婚,博士,不同性別,0
110,,17,林口區,45～49歲,45,49,不相關,0.0,女,結婚,博士,相同性別,0
110,,17,林口區,45～49歲,45,49,不相關,0.0,女,結婚,國中,不同性別,3
110,,17,林口區,45～49歲,45,49,不相關,0.0,女,結婚,國中,相同性別,1
110,,17,林口區,45～49歲,45,49,不相關,0.0,女,結婚,國小以下,不同性別,0
110,,17,林口區,45～49歲,45,49,不相關,0.0,女,結婚,國小以下,相同性別,0
110,,17,林口區,45～49歲,45,49,不相關,0.0,女,結婚,大學,不同性別,6
110,,17,林口區,45～49歲,45,49,不相關,0.0,女,結婚,大學,相同性別,0
110,,17,林口區,45～49歲,45,49,不相關,0.0,女,結婚,專科,不同性別,2
110,,17,林口區,45～49歲,45,49,不相關,0.0,女,結婚,專科,相同性別,0
110,,17,林口區,45～49歲,45,49,不相關,0.0,女,結婚,碩士,不同性別,2
110,,17,林口區,45～49歲,45,49,不相關,0.0,女,結婚,碩士,相同性別,0
110,,17,林口區,45～49歲,45,49,不相關,0.0,女,結婚,高中職,不同性別,7
110,,17,林口區,45～49歲,45,49,不相關,0.0,女,結婚,高中職,相同性別,0
110,,17,林口區,45～49歲,45,49,不相關,0.0,男,結婚,博士,不同性別,0
110,,17,林口區,45～49歲,45,49,不相關,0.0,男,結婚,博士,相同性別,0
110,,17,林口區,45～49歲,45,49,不相關,0.0,男,結婚,國中,不同性別,5
110,,17,林口區,45～49歲,45,49,不相關,0.0,男,結婚,國中,相同性別,0
110,,17,林口區,45～49歲,45,49,不相關,0.0,男,結婚,國小以下,不同性別,0
110,,17,林口區,45～49歲,45,49,不相關,0.0,男,結婚,國小以下,相同性別,0
110,,17,林口區,45～49歲,45,49,不相關,0.0,男,結婚,大學,不同性別,9
110,,17,林口區,45～49歲,45,49,不相關,0.0,男,結婚,大學,相同性別,0
110,,17,林口區,45～49歲,45,49,不相關,0.0,男,結婚,專科,不同性別,1
110,,17,林口區,45～49歲,45,49,不相關,0.0,男,結婚,專科,相同性別,0
110,,17,林口區,45～49歲,45,49,不相關,0.0,男,結婚,碩士,不同性別,2
110,,17,林口區,45～49歲,45,49,不相關,0.0,男,結婚,碩士,相同性別,0
110,,17,林口區,45～49歲,45,49,不相關,0.0,男,結婚,高中職,不同性別,11
110,,17,林口區,45～49歲,45,49,不相關,0.0,男,結婚,高中職,相同性別,0
110,,17,林口區,50～54歲,50,54,不相關,0.0,女,結婚,博士,不同性別,0
110,,17,林口區,50～54歲,50,54,不相關,0.0,女,結婚,博士,相同性別,0
110,,17,林口區,50～54歲,50,54,不相關,0.0,女,結婚,國中,不同性別,3
110,,17,林口區,50～54歲,50,54,不相關,0.0,女,結婚,國中,相同性別,0
110,,17,林口區,50～54歲,50,54,不相關,0.0,女,結婚,國小以下,不同性別,0
110,,17,林口區,50～54歲,50,54,不相關,0.0,女,結婚,國小以下,相同性別,0
110,,17,林口區,50～54歲,50,54,不相關,0.0,女,結婚,大學,不同性別,3
110,,17,林口區,50～54歲,50,54,不相關,0.0,女,結婚,大學,相同性別,0
110,,17,林口區,50～54歲,50,54,不相關,0.0,女,結婚,專科,不同性別,6
110,,17,林口區,50～54歲,50,54,不相關,0.0,女,結婚,專科,相同性別,0
110,,17,林口區,50～54歲,50,54,不相關,0.0,女,結婚,碩士,不同性別,0
110,,17,林口區,50～54歲,50,54,不相關,0.0,女,結婚,碩士,相同性別,0
110,,17,林口區,50～54歲,50,54,不相關,0.0,女,結婚,高中職,不同性別,4
110,,17,林口區,50～54歲,50,54,不相關,0.0,女,結婚,高中職,相同性別,0
110,,17,林口區,50～54歲,50,54,不相關,0.0,男,結婚,博士,不同性別,0
110,,17,林口區,50～54歲,50,54,不相關,0.0,男,結婚,博士,相同性別,0
110,,17,林口區,50～54歲,50,54,不相關,0.0,男,結婚,國中,不同性別,3
110,,17,林口區,50～54歲,50,54,不相關,0.0,男,結婚,國中,相同性別,0
110,,17,林口區,50～54歲,50,54,不相關,0.0,男,結婚,國小以下,不同性別,1
110,,17,林口區,50～54歲,50,54,不相關,0.0,男,結婚,國小以下,相同性別,0
110,,17,林口區,50～54歲,50,54,不相關,0.0,男,結婚,大學,不同性別,4
110,,17,林口區,50～54歲,50,54,不相關,0.0,男,結婚,大學,相同性別,0
110,,17,林口區,50～54歲,50,54,不相關,0.0,男,結婚,專科,不同性別,5
110,,17,林口區,50～54歲,50,54,不相關,0.0,男,結婚,專科,相同性別,1
110,,17,林口區,50～54歲,50,54,不相關,0.0,男,結婚,碩士,不同性別,2
110,,17,林口區,50～54歲,50,54,不相關,0.0,男,結婚,碩士,相同性別,0
110,,17,林口區,50～54歲,50,54,不相關,0.0,男,結婚,高中職,不同性別,8
110,,17,林口區,50～54歲,50,54,不相關,0.0,男,結婚,高中職,相同性別,0
110,,17,林口區,55～59歲,55,59,不相關,0.0,女,結婚,博士,不同性別,0
110,,17,林口區,55～59歲,55,59,不相關,0.0,女,結婚,博士,相同性別,0
110,,17,林口區,55～59歲,55,59,不相關,0.0,女,結婚,國中,不同性別,1
110,,17,林口區,55～59歲,55,59,不相關,0.0,女,結婚,國中,相同性別,0
110,,17,林口區,55～59歲,55,59,不相關,0.0,女,結婚,國小以下,不同性別,0
110,,17,林口區,55～59歲,55,59,不相關,0.0,女,結婚,國小以下,相同性別,0
110,,17,林口區,55～59歲,55,59,不相關,0.0,女,結婚,大學,不同性別,0
110,,17,林口區,55～59歲,55,59,不相關,0.0,女,結婚,大學,相同性別,0
110,,17,林口區,55～59歲,55,59,不相關,0.0,女,結婚,專科,不同性別,2
110,,17,林口區,55～59歲,55,59,不相關,0.0,女,結婚,專科,相同性別,0
110,,17,林口區,55～59歲,55,59,不相關,0.0,女,結婚,碩士,不同性別,2
110,,17,林口區,55～59歲,55,59,不相關,0.0,女,結婚,碩士,相同性別,0
110,,17,林口區,55～59歲,55,59,不相關,0.0,女,結婚,高中職,不同性別,4
110,,17,林口區,55～59歲,55,59,不相關,0.0,女,結婚,高中職,相同性別,0
110,,17,林口區,55～59歲,55,59,不相關,0.0,男,結婚,博士,不同性別,0
110,,17,林口區,55～59歲,55,59,不相關,0.0,男,結婚,博士,相同性別,0
110,,17,林口區,55～59歲,55,59,不相關,0.0,男,結婚,國中,不同性別,4
110,,17,林口區,55～59歲,55,59,不相關,0.0,男,結婚,國中,相同性別,0
110,,17,林口區,55～59歲,55,59,不相關,0.0,男,結婚,國小以下,不同性別,0
110,,17,林口區,55～59歲,55,59,不相關,0.0,男,結婚,國小以下,相同性別,0
110,,17,林口區,55～59歲,55,59,不相關,0.0,男,結婚,大學,不同性別,3
110,,17,林口區,55～59歲,55,59,不相關,0.0,男,結婚,大學,相同性別,0
110,,17,林口區,55～59歲,55,59,不相關,0.0,男,結婚,專科,不同性別,0
110,,17,林口區,55～59歲,55,59,不相關,0.0,男,結婚,專科,相同性別,0
110,,17,林口區,55～59歲,55,59,不相關,0.0,男,結婚,碩士,不同性別,3
110,,17,林口區,55～59歲,55,59,不相關,0.0,男,結婚,碩士,相同性別,0
110,,17,林口區,55～59歲,55,59,不相關,0.0,男,結婚,高中職,不同性別,3
110,,17,林口區,55～59歲,55,59,不相關,0.0,男,結婚,高中職,相同性別,0
110,,17,林口區,60～64歲,60,64,不相關,0.0,女,結婚,博士,不同性別,0
110,,17,林口區,60～64歲,60,64,不相關,0.0,女,結婚,博士,相同性別,0
110,,17,林口區,60～64歲,60,64,不相關,0.0,女,結婚,國中,不同性別,0
110,,17,林口區,60～64歲,60,64,不相關,0.0,女,結婚,國中,相同性別,0
110,,17,林口區,60～64歲,60,64,不相關,0.0,女,結婚,國小以下,不同性別,2
110,,17,林口區,60～64歲,60,64,不相關,0.0,女,結婚,國小以下,相同性別,0
110,,17,林口區,60～64歲,60,64,不相關,0.0,女,結婚,大學,不同性別,0
110,,17,林口區,60～64歲,60,64,不相關,0.0,女,結婚,大學,相同性別,0
110,,17,林口區,60～64歲,60,64,不相關,0.0,女,結婚,專科,不同性別,0
110,,17,林口區,60～64歲,60,64,不相關,0.0,女,結婚,專科,相同性別,0
110,,17,林口區,60～64歲,60,64,不相關,0.0,女,結婚,碩士,不同性別,0
110,,17,林口區,60～64歲,60,64,不相關,0.0,女,結婚,碩士,相同性別,0
110,,17,林口區,60～64歲,60,64,不相關,0.0,女,結婚,高中職,不同性別,5
110,,17,林口區,60～64歲,60,64,不相關,0.0,女,結婚,高中職,相同性別,0
110,,17,林口區,60～64歲,60,64,不相關,0.0,男,結婚,博士,不同性別,0
110,,17,林口區,60～64歲,60,64,不相關,0.0,男,結婚,博士,相同性別,0
110,,17,林口區,60～64歲,60,64,不相關,0.0,男,結婚,國中,不同性別,2
110,,17,林口區,60～64歲,60,64,不相關,0.0,男,結婚,國中,相同性別,0
110,,17,林口區,60～64歲,60,64,不相關,0.0,男,結婚,國小以下,不同性別,1
110,,17,林口區,60～64歲,60,64,不相關,0.0,男,結婚,國小以下,相同性別,0
110,,17,林口區,60～64歲,60,64,不相關,0.0,男,結婚,大學,不同性別,1
110,,17,林口區,60～64歲,60,64,不相關,0.0,男,結婚,大學,相同性別,0
110,,17,林口區,60～64歲,60,64,不相關,0.0,男,結婚,專科,不同性別,2
110,,17,林口區,60～64歲,60,64,不相關,0.0,男,結婚,專科,相同性別,0
110,,17,林口區,60～64歲,60,64,不相關,0.0,男,結婚,碩士,不同性別,0
110,,17,林口區,60～64歲,60,64,不相關,0.0,男,結婚,碩士,相同性別,0
110,,17,林口區,60～64歲,60,64,不相關,0.0,男,結婚,高中職,不同性別,2
110,,17,林口區,60～64歲,60,64,不相關,0.0,男,結婚,高中職,相同性別,2
110,,17,林口區,65歲以上,65,120,不相關,0.0,女,結婚,博士,不同性別,0
110,,17,林口區,65歲以上,65,120,不相關,0.0,女,結婚,博士,相同性別,0
110,,17,林口區,65歲以上,65,120,不相關,0.0,女,結婚,國中,不同性別,0
110,,17,林口區,65歲以上,65,120,不相關,0.0,女,結婚,國中,相同性別,0
110,,17,林口區,65歲以上,65,120,不相關,0.0,女,結婚,國小以下,不同性別,4
110,,17,林口區,65歲以上,65,120,不相關,0.0,女,結婚,國小以下,相同性別,0
110,,17,林口區,65歲以上,65,120,不相關,0.0,女,結婚,大學,不同性別,0
110,,17,林口區,65歲以上,65,120,不相關,0.0,女,結婚,大學,相同性別,0
110,,17,林口區,65歲以上,65,120,不相關,0.0,女,結婚,專科,不同性別,0
110,,17,林口區,65歲以上,65,120,不相關,0.0,女,結婚,專科,相同性別,0
110,,17,林口區,65歲以上,65,120,不相關,0.0,女,結婚,碩士,不同性別,0
110,,17,林口區,65歲以上,65,120,不相關,0.0,女,結婚,碩士,相同性別,0
110,,17,林口區,65歲以上,65,120,不相關,0.0,女,結婚,高中職,不同性別,3
110,,17,林口區,65歲以上,65,120,不相關,0.0,女,結婚,高中職,相同性別,0
110,,17,林口區,65歲以上,65,120,不相關,0.0,男,結婚,博士,不同性別,1
110,,17,林口區,65歲以上,65,120,不相關,0.0,男,結婚,博士,相同性別,0
110,,17,林口區,65歲以上,65,120,不相關,0.0,男,結婚,國中,不同性別,1
110,,17,林口區,65歲以上,65,120,不相關,0.0,男,結婚,國中,相同性別,0
110,,17,林口區,65歲以上,65,120,不相關,0.0,男,結婚,國小以下,不同性別,3
110,,17,林口區,65歲以上,65,120,不相關,0.0,男,結婚,國小以下,相同性別,0
110,,17,林口區,65歲以上,65,120,不相關,0.0,男,結婚,大學,不同性別,4
110,,17,林口區,65歲以上,65,120,不相關,0.0,男,結婚,大學,相同性別,0
110,,17,林口區,65歲以上,65,120,不相關,0.0,男,結婚,專科,不同性別,3
110,,17,林口區,65歲以上,65,120,不相關,0.0,男,結婚,專科,相同性別,0
110,,17,林口區,65歲以上,65,120,不相關,0.0,男,結婚,碩士,不同性別,1
110,,17,林口區,65歲以上,65,120,不相關,0.0,男,結婚,碩士,相同性別,0
110,,17,林口區,65歲以上,65,120,不相關,0.0,男,結婚,高中職,不同性別,4
110,,17,林口區,65歲以上,65,120,不相關,0.0,男,結婚,高中職,相同性別,0
110,,18,八里區,未滿15歲,0,14,不相關,0.0,女,結婚,博士,不同性別,0
110,,18,八里區,未滿15歲,0,14,不相關,0.0,女,結婚,博士,相同性別,0
110,,18,八里區,未滿15歲,0,14,不相關,0.0,女,結婚,國中,不同性別,0
110,,18,八里區,未滿15歲,0,14,不相關,0.0,女,結婚,國中,相同性別,0
110,,18,八里區,未滿15歲,0,14,不相關,0.0,女,結婚,國小以下,不同性別,0
110,,18,八里區,未滿15歲,0,14,不相關,0.0,女,結婚,國小以下,相同性別,0
110,,18,八里區,未滿15歲,0,14,不相關,0.0,女,結婚,大學,不同性別,0
110,,18,八里區,未滿15歲,0,14,不相關,0.0,女,結婚,大學,相同性別,0
110,,18,八里區,未滿15歲,0,14,不相關,0.0,女,結婚,專科,不同性別,0
110,,18,八里區,未滿15歲,0,14,不相關,0.0,女,結婚,專科,相同性別,0
110,,18,八里區,未滿15歲,0,14,不相關,0.0,女,結婚,碩士,不同性別,0
110,,18,八里區,未滿15歲,0,14,不相關,0.0,女,結婚,碩士,相同性別,0
110,,18,八里區,未滿15歲,0,14,不相關,0.0,女,結婚,高中職,不同性別,0
110,,18,八里區,未滿15歲,0,14,不相關,0.0,女,結婚,高中職,相同性別,0
110,,18,八里區,未滿15歲,0,14,不相關,0.0,男,結婚,博士,不同性別,0
110,,18,八里區,未滿15歲,0,14,不相關,0.0,男,結婚,博士,相同性別,0
110,,18,八里區,未滿15歲,0,14,不相關,0.0,男,結婚,國中,不同性別,0
110,,18,八里區,未滿15歲,0,14,不相關,0.0,男,結婚,國中,相同性別,0
110,,18,八里區,未滿15歲,0,14,不相關,0.0,男,結婚,國小以下,不同性別,0
110,,18,八里區,未滿15歲,0,14,不相關,0.0,男,結婚,國小以下,相同性別,0
110,,18,八里區,未滿15歲,0,14,不相關,0.0,男,結婚,大學,不同性別,0
110,,18,八里區,未滿15歲,0,14,不相關,0.0,男,結婚,大學,相同性別,0
110,,18,八里區,未滿15歲,0,14,不相關,0.0,男,結婚,專科,不同性別,0
110,,18,八里區,未滿15歲,0,14,不相關,0.0,男,結婚,專科,相同性別,0
110,,18,八里區,未滿15歲,0,14,不相關,0.0,男,結婚,碩士,不同性別,0
110,,18,八里區,未滿15歲,0,14,不相關,0.0,男,結婚,碩士,相同性別,0
110,,18,八里區,未滿15歲,0,14,不相關,0.0,男,結婚,高中職,不同性別,0
110,,18,八里區,未滿15歲,0,14,不相關,0.0,男,結婚,高中職,相同性別,0
110,,18,八里區,15～19歲,15,19,部分重疊,0.4,女,結婚,博士,不同性別,0
110,,18,八里區,15～19歲,15,19,部分重疊,0.4,女,結婚,博士,相同性別,0
110,,18,八里區,15～19歲,15,19,部分重疊,0.4,女,結婚,國中,不同性別,3
110,,18,八里區,15～19歲,15,19,部分重疊,0.4,女,結婚,國中,相同性別,0
110,,18,八里區,15～19歲,15,19,部分重疊,0.4,女,結婚,國小以下,不同性別,0
110,,18,八里區,15～19歲,15,19,部分重疊,0.4,女,結婚,國小以下,相同性別,0
110,,18,八里區,15～19歲,15,19,部分重疊,0.4,女,結婚,大學,不同性別,0
110,,18,八里區,15～19歲,15,19,部分重疊,0.4,女,結婚,大學,相同性別,0
110,,18,八里區,15～19歲,15,19,部分重疊,0.4,女,結婚,專科,不同性別,0
110,,18,八里區,15～19歲,15,19,部分重疊,0.4,女,結婚,專科,相同性別,0
110,,18,八里區,15～19歲,15,19,部分重疊,0.4,女,結婚,碩士,不同性別,0
110,,18,八里區,15～19歲,15,19,部分重疊,0.4,女,結婚,碩士,相同性別,0
110,,18,八里區,15～19歲,15,19,部分重疊,0.4,女,結婚,高中職,不同性別,1
110,,18,八里區,15～19歲,15,19,部分重疊,0.4,女,結婚,高中職,相同性別,0
110,,18,八里區,15～19歲,15,19,部分重疊,0.4,男,結婚,博士,不同性別,0
110,,18,八里區,15～19歲,15,19,部分重疊,0.4,男,結婚,博士,相同性別,0
110,,18,八里區,15～19歲,15,19,部分重疊,0.4,男,結婚,國中,不同性別,2
110,,18,八里區,15～19歲,15,19,部分重疊,0.4,男,結婚,國中,相同性別,0
110,,18,八里區,15～19歲,15,19,部分重疊,0.4,男,結婚,國小以下,不同性別,1
110,,18,八里區,15～19歲,15,19,部分重疊,0.4,男,結婚,國小以下,相同性別,0
110,,18,八里區,15～19歲,15,19,部分重疊,0.4,男,結婚,大學,不同性別,0
110,,18,八里區,15～19歲,15,19,部分重疊,0.4,男,結婚,大學,相同性別,0
110,,18,八里區,15～19歲,15,19,部分重疊,0.4,男,結婚,專科,不同性別,0
110,,18,八里區,15～19歲,15,19,部分重疊,0.4,男,結婚,專科,相同性別,0
110,,18,八里區,15～19歲,15,19,部分重疊,0.4,男,結婚,碩士,不同性別,0
110,,18,八里區,15～19歲,15,19,部分重疊,0.4,男,結婚,碩士,相同性別,0
110,,18,八里區,15～19歲,15,19,部分重疊,0.4,男,結婚,高中職,不同性別,0
110,,18,八里區,15～19歲,15,19,部分重疊,0.4,男,結婚,高中職,相同性別,0
110,,18,八里區,20～24歲,20,24,完全落入,1.0,女,結婚,博士,不同性別,0
110,,18,八里區,20～24歲,20,24,完全落入,1.0,女,結婚,博士,相同性別,0
110,,18,八里區,20～24歲,20,24,完全落入,1.0,女,結婚,國中,不同性別,7
110,,18,八里區,20～24歲,20,24,完全落入,1.0,女,結婚,國中,相同性別,0
110,,18,八里區,20～24歲,20,24,完全落入,1.0,女,結婚,國小以下,不同性別,0
110,,18,八里區,20～24歲,20,24,完全落入,1.0,女,結婚,國小以下,相同性別,0
110,,18,八里區,20～24歲,20,24,完全落入,1.0,女,結婚,大學,不同性別,7
110,,18,八里區,20～24歲,20,24,完全落入,1.0,女,結婚,大學,相同性別,0
110,,18,八里區,20～24歲,20,24,完全落入,1.0,女,結婚,專科,不同性別,0
110,,18,八里區,20～24歲,20,24,完全落入,1.0,女,結婚,專科,相同性別,0
110,,18,八里區,20～24歲,20,24,完全落入,1.0,女,結婚,碩士,不同性別,0
110,,18,八里區,20～24歲,20,24,完全落入,1.0,女,結婚,碩士,相同性別,0
110,,18,八里區,20～24歲,20,24,完全落入,1.0,女,結婚,高中職,不同性別,9
110,,18,八里區,20～24歲,20,24,完全落入,1.0,女,結婚,高中職,相同性別,0
110,,18,八里區,20～24歲,20,24,完全落入,1.0,男,結婚,博士,不同性別,0
110,,18,八里區,20～24歲,20,24,完全落入,1.0,男,結婚,博士,相同性別,0
110,,18,八里區,20～24歲,20,24,完全落入,1.0,男,結婚,國中,不同性別,6
110,,18,八里區,20～24歲,20,24,完全落入,1.0,男,結婚,國中,相同性別,0
110,,18,八里區,20～24歲,20,24,完全落入,1.0,男,結婚,國小以下,不同性別,0
110,,18,八里區,20～24歲,20,24,完全落入,1.0,男,結婚,國小以下,相同性別,0
110,,18,八里區,20～24歲,20,24,完全落入,1.0,男,結婚,大學,不同性別,1
110,,18,八里區,20～24歲,20,24,完全落入,1.0,男,結婚,大學,相同性別,0
110,,18,八里區,20～24歲,20,24,完全落入,1.0,男,結婚,專科,不同性別,2
110,,18,八里區,20～24歲,20,24,完全落入,1.0,男,結婚,專科,相同性別,0
110,,18,八里區,20～24歲,20,24,完全落入,1.0,男,結婚,碩士,不同性別,0
110,,18,八里區,20～24歲,20,24,完全落入,1.0,男,結婚,碩士,相同性別,0
110,,18,八里區,20～24歲,20,24,完全落入,1.0,男,結婚,高中職,不同性別,6
110,,18,八里區,20～24歲,20,24,完全落入,1.0,男,結婚,高中職,相同性別,0
110,,18,八里區,25～29歲,25,29,完全落入,1.0,女,結婚,博士,不同性別,0
110,,18,八里區,25～29歲,25,29,完全落入,1.0,女,結婚,博士,相同性別,0
110,,18,八里區,25～29歲,25,29,完全落入,1.0,女,結婚,國中,不同性別,3
110,,18,八里區,25～29歲,25,29,完全落入,1.0,女,結婚,國中,相同性別,1
110,,18,八里區,25～29歲,25,29,完全落入,1.0,女,結婚,國小以下,不同性別,1
110,,18,八里區,25～29歲,25,29,完全落入,1.0,女,結婚,國小以下,相同性別,0
110,,18,八里區,25～29歲,25,29,完全落入,1.0,女,結婚,大學,不同性別,55
110,,18,八里區,25～29歲,25,29,完全落入,1.0,女,結婚,大學,相同性別,0
110,,18,八里區,25～29歲,25,29,完全落入,1.0,女,結婚,專科,不同性別,4
110,,18,八里區,25～29歲,25,29,完全落入,1.0,女,結婚,專科,相同性別,0
110,,18,八里區,25～29歲,25,29,完全落入,1.0,女,結婚,碩士,不同性別,3
110,,18,八里區,25～29歲,25,29,完全落入,1.0,女,結婚,碩士,相同性別,0
110,,18,八里區,25～29歲,25,29,完全落入,1.0,女,結婚,高中職,不同性別,17
110,,18,八里區,25～29歲,25,29,完全落入,1.0,女,結婚,高中職,相同性別,0
110,,18,八里區,25～29歲,25,29,完全落入,1.0,男,結婚,博士,不同性別,0
110,,18,八里區,25～29歲,25,29,完全落入,1.0,男,結婚,博士,相同性別,0
110,,18,八里區,25～29歲,25,29,完全落入,1.0,男,結婚,國中,不同性別,15
110,,18,八里區,25～29歲,25,29,完全落入,1.0,男,結婚,國中,相同性別,0
110,,18,八里區,25～29歲,25,29,完全落入,1.0,男,結婚,國小以下,不同性別,0
110,,18,八里區,25～29歲,25,29,完全落入,1.0,男,結婚,國小以下,相同性別,0
110,,18,八里區,25～29歲,25,29,完全落入,1.0,男,結婚,大學,不同性別,22
110,,18,八里區,25～29歲,25,29,完全落入,1.0,男,結婚,大學,相同性別,1
110,,18,八里區,25～29歲,25,29,完全落入,1.0,男,結婚,專科,不同性別,3
110,,18,八里區,25～29歲,25,29,完全落入,1.0,男,結婚,專科,相同性別,0
110,,18,八里區,25～29歲,25,29,完全落入,1.0,男,結婚,碩士,不同性別,2
110,,18,八里區,25～29歲,25,29,完全落入,1.0,男,結婚,碩士,相同性別,0
110,,18,八里區,25～29歲,25,29,完全落入,1.0,男,結婚,高中職,不同性別,19
110,,18,八里區,25～29歲,25,29,完全落入,1.0,男,結婚,高中職,相同性別,1
110,,18,八里區,30～34歲,30,34,完全落入,1.0,女,結婚,博士,不同性別,0
110,,18,八里區,30～34歲,30,34,完全落入,1.0,女,結婚,博士,相同性別,0
110,,18,八里區,30～34歲,30,34,完全落入,1.0,女,結婚,國中,不同性別,4
110,,18,八里區,30～34歲,30,34,完全落入,1.0,女,結婚,國中,相同性別,0
110,,18,八里區,30～34歲,30,34,完全落入,1.0,女,結婚,國小以下,不同性別,0
110,,18,八里區,30～34歲,30,34,完全落入,1.0,女,結婚,國小以下,相同性別,0
110,,18,八里區,30～34歲,30,34,完全落入,1.0,女,結婚,大學,不同性別,25
110,,18,八里區,30～34歲,30,34,完全落入,1.0,女,結婚,大學,相同性別,0
110,,18,八里區,30～34歲,30,34,完全落入,1.0,女,結婚,專科,不同性別,0
110,,18,八里區,30～34歲,30,34,完全落入,1.0,女,結婚,專科,相同性別,0
110,,18,八里區,30～34歲,30,34,完全落入,1.0,女,結婚,碩士,不同性別,4
110,,18,八里區,30～34歲,30,34,完全落入,1.0,女,結婚,碩士,相同性別,0
110,,18,八里區,30～34歲,30,34,完全落入,1.0,女,結婚,高中職,不同性別,12
110,,18,八里區,30～34歲,30,34,完全落入,1.0,女,結婚,高中職,相同性別,0
110,,18,八里區,30～34歲,30,34,完全落入,1.0,男,結婚,博士,不同性別,0
110,,18,八里區,30～34歲,30,34,完全落入,1.0,男,結婚,博士,相同性別,0
110,,18,八里區,30～34歲,30,34,完全落入,1.0,男,結婚,國中,不同性別,7
110,,18,八里區,30～34歲,30,34,完全落入,1.0,男,結婚,國中,相同性別,1
110,,18,八里區,30～34歲,30,34,完全落入,1.0,男,結婚,國小以下,不同性別,0
110,,18,八里區,30～34歲,30,34,完全落入,1.0,男,結婚,國小以下,相同性別,0
110,,18,八里區,30～34歲,30,34,完全落入,1.0,男,結婚,大學,不同性別,28
110,,18,八里區,30～34歲,30,34,完全落入,1.0,男,結婚,大學,相同性別,0
110,,18,八里區,30～34歲,30,34,完全落入,1.0,男,結婚,專科,不同性別,3
110,,18,八里區,30～34歲,30,34,完全落入,1.0,男,結婚,專科,相同性別,0
110,,18,八里區,30～34歲,30,34,完全落入,1.0,男,結婚,碩士,不同性別,5
110,,18,八里區,30～34歲,30,34,完全落入,1.0,男,結婚,碩士,相同性別,0
110,,18,八里區,30～34歲,30,34,完全落入,1.0,男,結婚,高中職,不同性別,16
110,,18,八里區,30～34歲,30,34,完全落入,1.0,男,結婚,高中職,相同性別,0
110,,18,八里區,35～39歲,35,39,部分重疊,0.2,女,結婚,博士,不同性別,0
110,,18,八里區,35～39歲,35,39,部分重疊,0.2,女,結婚,博士,相同性別,0
110,,18,八里區,35～39歲,35,39,部分重疊,0.2,女,結婚,國中,不同性別,6
110,,18,八里區,35～39歲,35,39,部分重疊,0.2,女,結婚,國中,相同性別,1
110,,18,八里區,35～39歲,35,39,部分重疊,0.2,女,結婚,國小以下,不同性別,1
110,,18,八里區,35～39歲,35,39,部分重疊,0.2,女,結婚,國小以下,相同性別,0
110,,18,八里區,35～39歲,35,39,部分重疊,0.2,女,結婚,大學,不同性別,9
110,,18,八里區,35～39歲,35,39,部分重疊,0.2,女,結婚,大學,相同性別,0
110,,18,八里區,35～39歲,35,39,部分重疊,0.2,女,結婚,專科,不同性別,4
110,,18,八里區,35～39歲,35,39,部分重疊,0.2,女,結婚,專科,相同性別,0
110,,18,八里區,35～39歲,35,39,部分重疊,0.2,女,結婚,碩士,不同性別,1
110,,18,八里區,35～39歲,35,39,部分重疊,0.2,女,結婚,碩士,相同性別,0
110,,18,八里區,35～39歲,35,39,部分重疊,0.2,女,結婚,高中職,不同性別,4
110,,18,八里區,35～39歲,35,39,部分重疊,0.2,女,結婚,高中職,相同性別,0
110,,18,八里區,35～39歲,35,39,部分重疊,0.2,男,結婚,博士,不同性別,0
110,,18,八里區,35～39歲,35,39,部分重疊,0.2,男,結婚,博士,相同性別,0
110,,18,八里區,35～39歲,35,39,部分重疊,0.2,男,結婚,國中,不同性別,9
110,,18,八里區,35～39歲,35,39,部分重疊,0.2,男,結婚,國中,相同性別,0
110,,18,八里區,35～39歲,35,39,部分重疊,0.2,男,結婚,國小以下,不同性別,0
110,,18,八里區,35～39歲,35,39,部分重疊,0.2,男,結婚,國小以下,相同性別,0
110,,18,八里區,35～39歲,35,39,部分重疊,0.2,男,結婚,大學,不同性別,16
110,,18,八里區,35～39歲,35,39,部分重疊,0.2,男,結婚,大學,相同性別,1
110,,18,八里區,35～39歲,35,39,部分重疊,0.2,男,結婚,專科,不同性別,3
110,,18,八里區,35～39歲,35,39,部分重疊,0.2,男,結婚,專科,相同性別,0
110,,18,八里區,35～39歲,35,39,部分重疊,0.2,男,結婚,碩士,不同性別,0
110,,18,八里區,35～39歲,35,39,部分重疊,0.2,男,結婚,碩士,相同性別,0
110,,18,八里區,35～39歲,35,39,部分重疊,0.2,男,結婚,高中職,不同性別,3
110,,18,八里區,35～39歲,35,39,部分重疊,0.2,男,結婚,高中職,相同性別,0
110,,18,八里區,40～44歲,40,44,不相關,0.0,女,結婚,博士,不同性別,0
110,,18,八里區,40～44歲,40,44,不相關,0.0,女,結婚,博士,相同性別,0
110,,18,八里區,40～44歲,40,44,不相關,0.0,女,結婚,國中,不同性別,2
110,,18,八里區,40～44歲,40,44,不相關,0.0,女,結婚,國中,相同性別,0
110,,18,八里區,40～44歲,40,44,不相關,0.0,女,結婚,國小以下,不同性別,1
110,,18,八里區,40～44歲,40,44,不相關,0.0,女,結婚,國小以下,相同性別,0
110,,18,八里區,40～44歲,40,44,不相關,0.0,女,結婚,大學,不同性別,1
110,,18,八里區,40～44歲,40,44,不相關,0.0,女,結婚,大學,相同性別,0
110,,18,八里區,40～44歲,40,44,不相關,0.0,女,結婚,專科,不同性別,2
110,,18,八里區,40～44歲,40,44,不相關,0.0,女,結婚,專科,相同性別,0
110,,18,八里區,40～44歲,40,44,不相關,0.0,女,結婚,碩士,不同性別,2
110,,18,八里區,40～44歲,40,44,不相關,0.0,女,結婚,碩士,相同性別,0
110,,18,八里區,40～44歲,40,44,不相關,0.0,女,結婚,高中職,不同性別,8
110,,18,八里區,40～44歲,40,44,不相關,0.0,女,結婚,高中職,相同性別,0
110,,18,八里區,40～44歲,40,44,不相關,0.0,男,結婚,博士,不同性別,0
110,,18,八里區,40～44歲,40,44,不相關,0.0,男,結婚,博士,相同性別,0
110,,18,八里區,40～44歲,40,44,不相關,0.0,男,結婚,國中,不同性別,1
110,,18,八里區,40～44歲,40,44,不相關,0.0,男,結婚,國中,相同性別,0
110,,18,八里區,40～44歲,40,44,不相關,0.0,男,結婚,國小以下,不同性別,0
110,,18,八里區,40～44歲,40,44,不相關,0.0,男,結婚,國小以下,相同性別,0
110,,18,八里區,40～44歲,40,44,不相關,0.0,男,結婚,大學,不同性別,3
110,,18,八里區,40～44歲,40,44,不相關,0.0,男,結婚,大學,相同性別,1
110,,18,八里區,40～44歲,40,44,不相關,0.0,男,結婚,專科,不同性別,1
110,,18,八里區,40～44歲,40,44,不相關,0.0,男,結婚,專科,相同性別,0
110,,18,八里區,40～44歲,40,44,不相關,0.0,男,結婚,碩士,不同性別,1
110,,18,八里區,40～44歲,40,44,不相關,0.0,男,結婚,碩士,相同性別,1
110,,18,八里區,40～44歲,40,44,不相關,0.0,男,結婚,高中職,不同性別,7
110,,18,八里區,40～44歲,40,44,不相關,0.0,男,結婚,高中職,相同性別,0
110,,18,八里區,45～49歲,45,49,不相關,0.0,女,結婚,博士,不同性別,0
110,,18,八里區,45～49歲,45,49,不相關,0.0,女,結婚,博士,相同性別,0
110,,18,八里區,45～49歲,45,49,不相關,0.0,女,結婚,國中,不同性別,1
110,,18,八里區,45～49歲,45,49,不相關,0.0,女,結婚,國中,相同性別,0
110,,18,八里區,45～49歲,45,49,不相關,0.0,女,結婚,國小以下,不同性別,1
110,,18,八里區,45～49歲,45,49,不相關,0.0,女,結婚,國小以下,相同性別,0
110,,18,八里區,45～49歲,45,49,不相關,0.0,女,結婚,大學,不同性別,1
110,,18,八里區,45～49歲,45,49,不相關,0.0,女,結婚,大學,相同性別,0
110,,18,八里區,45～49歲,45,49,不相關,0.0,女,結婚,專科,不同性別,1
110,,18,八里區,45～49歲,45,49,不相關,0.0,女,結婚,專科,相同性別,0
110,,18,八里區,45～49歲,45,49,不相關,0.0,女,結婚,碩士,不同性別,0
110,,18,八里區,45～49歲,45,49,不相關,0.0,女,結婚,碩士,相同性別,0
110,,18,八里區,45～49歲,45,49,不相關,0.0,女,結婚,高中職,不同性別,2
110,,18,八里區,45～49歲,45,49,不相關,0.0,女,結婚,高中職,相同性別,0
110,,18,八里區,45～49歲,45,49,不相關,0.0,男,結婚,博士,不同性別,0
110,,18,八里區,45～49歲,45,49,不相關,0.0,男,結婚,博士,相同性別,0
110,,18,八里區,45～49歲,45,49,不相關,0.0,男,結婚,國中,不同性別,3
110,,18,八里區,45～49歲,45,49,不相關,0.0,男,結婚,國中,相同性別,0
110,,18,八里區,45～49歲,45,49,不相關,0.0,男,結婚,國小以下,不同性別,1
110,,18,八里區,45～49歲,45,49,不相關,0.0,男,結婚,國小以下,相同性別,0
110,,18,八里區,45～49歲,45,49,不相關,0.0,男,結婚,大學,不同性別,0
110,,18,八里區,45～49歲,45,49,不相關,0.0,男,結婚,大學,相同性別,0
110,,18,八里區,45～49歲,45,49,不相關,0.0,男,結婚,專科,不同性別,3
110,,18,八里區,45～49歲,45,49,不相關,0.0,男,結婚,專科,相同性別,0
110,,18,八里區,45～49歲,45,49,不相關,0.0,男,結婚,碩士,不同性別,0
110,,18,八里區,45～49歲,45,49,不相關,0.0,男,結婚,碩士,相同性別,0
110,,18,八里區,45～49歲,45,49,不相關,0.0,男,結婚,高中職,不同性別,3
110,,18,八里區,45～49歲,45,49,不相關,0.0,男,結婚,高中職,相同性別,0
110,,18,八里區,50～54歲,50,54,不相關,0.0,女,結婚,博士,不同性別,0
110,,18,八里區,50～54歲,50,54,不相關,0.0,女,結婚,博士,相同性別,0
110,,18,八里區,50～54歲,50,54,不相關,0.0,女,結婚,國中,不同性別,2
110,,18,八里區,50～54歲,50,54,不相關,0.0,女,結婚,國中,相同性別,0
110,,18,八里區,50～54歲,50,54,不相關,0.0,女,結婚,國小以下,不同性別,0
110,,18,八里區,50～54歲,50,54,不相關,0.0,女,結婚,國小以下,相同性別,0
110,,18,八里區,50～54歲,50,54,不相關,0.0,女,結婚,大學,不同性別,0
110,,18,八里區,50～54歲,50,54,不相關,0.0,女,結婚,大學,相同性別,1
110,,18,八里區,50～54歲,50,54,不相關,0.0,女,結婚,專科,不同性別,2
110,,18,八里區,50～54歲,50,54,不相關,0.0,女,結婚,專科,相同性別,1
110,,18,八里區,50～54歲,50,54,不相關,0.0,女,結婚,碩士,不同性別,0
110,,18,八里區,50～54歲,50,54,不相關,0.0,女,結婚,碩士,相同性別,0
110,,18,八里區,50～54歲,50,54,不相關,0.0,女,結婚,高中職,不同性別,1
110,,18,八里區,50～54歲,50,54,不相關,0.0,女,結婚,高中職,相同性別,0
110,,18,八里區,50～54歲,50,54,不相關,0.0,男,結婚,博士,不同性別,0
110,,18,八里區,50～54歲,50,54,不相關,0.0,男,結婚,博士,相同性別,0
110,,18,八里區,50～54歲,50,54,不相關,0.0,男,結婚,國中,不同性別,2
110,,18,八里區,50～54歲,50,54,不相關,0.0,男,結婚,國中,相同性別,0
110,,18,八里區,50～54歲,50,54,不相關,0.0,男,結婚,國小以下,不同性別,0
110,,18,八里區,50～54歲,50,54,不相關,0.0,男,結婚,國小以下,相同性別,0
110,,18,八里區,50～54歲,50,54,不相關,0.0,男,結婚,大學,不同性別,0
110,,18,八里區,50～54歲,50,54,不相關,0.0,男,結婚,大學,相同性別,0
110,,18,八里區,50～54歲,50,54,不相關,0.0,男,結婚,專科,不同性別,2
110,,18,八里區,50～54歲,50,54,不相關,0.0,男,結婚,專科,相同性別,0
110,,18,八里區,50～54歲,50,54,不相關,0.0,男,結婚,碩士,不同性別,1
110,,18,八里區,50～54歲,50,54,不相關,0.0,男,結婚,碩士,相同性別,0
110,,18,八里區,50～54歲,50,54,不相關,0.0,男,結婚,高中職,不同性別,3
110,,18,八里區,50～54歲,50,54,不相關,0.0,男,結婚,高中職,相同性別,0
110,,18,八里區,55～59歲,55,59,不相關,0.0,女,結婚,博士,不同性別,0
110,,18,八里區,55～59歲,55,59,不相關,0.0,女,結婚,博士,相同性別,0
110,,18,八里區,55～59歲,55,59,不相關,0.0,女,結婚,國中,不同性別,0
110,,18,八里區,55～59歲,55,59,不相關,0.0,女,結婚,國中,相同性別,0
110,,18,八里區,55～59歲,55,59,不相關,0.0,女,結婚,國小以下,不同性別,0
110,,18,八里區,55～59歲,55,59,不相關,0.0,女,結婚,國小以下,相同性別,0
110,,18,八里區,55～59歲,55,59,不相關,0.0,女,結婚,大學,不同性別,0
110,,18,八里區,55～59歲,55,59,不相關,0.0,女,結婚,大學,相同性別,0
110,,18,八里區,55～59歲,55,59,不相關,0.0,女,結婚,專科,不同性別,0
110,,18,八里區,55～59歲,55,59,不相關,0.0,女,結婚,專科,相同性別,0
110,,18,八里區,55～59歲,55,59,不相關,0.0,女,結婚,碩士,不同性別,0
110,,18,八里區,55～59歲,55,59,不相關,0.0,女,結婚,碩士,相同性別,0
110,,18,八里區,55～59歲,55,59,不相關,0.0,女,結婚,高中職,不同性別,2
110,,18,八里區,55～59歲,55,59,不相關,0.0,女,結婚,高中職,相同性別,0
110,,18,八里區,55～59歲,55,59,不相關,0.0,男,結婚,博士,不同性別,0
110,,18,八里區,55～59歲,55,59,不相關,0.0,男,結婚,博士,相同性別,0
110,,18,八里區,55～59歲,55,59,不相關,0.0,男,結婚,國中,不同性別,1
110,,18,八里區,55～59歲,55,59,不相關,0.0,男,結婚,國中,相同性別,0
110,,18,八里區,55～59歲,55,59,不相關,0.0,男,結婚,國小以下,不同性別,0
110,,18,八里區,55～59歲,55,59,不相關,0.0,男,結婚,國小以下,相同性別,0
110,,18,八里區,55～59歲,55,59,不相關,0.0,男,結婚,大學,不同性別,1
110,,18,八里區,55～59歲,55,59,不相關,0.0,男,結婚,大學,相同性別,0
110,,18,八里區,55～59歲,55,59,不相關,0.0,男,結婚,專科,不同性別,2
110,,18,八里區,55～59歲,55,59,不相關,0.0,男,結婚,專科,相同性別,0
110,,18,八里區,55～59歲,55,59,不相關,0.0,男,結婚,碩士,不同性別,0
110,,18,八里區,55～59歲,55,59,不相關,0.0,男,結婚,碩士,相同性別,0
110,,18,八里區,55～59歲,55,59,不相關,0.0,男,結婚,高中職,不同性別,4
110,,18,八里區,55～59歲,55,59,不相關,0.0,男,結婚,高中職,相同性別,0
110,,18,八里區,60～64歲,60,64,不相關,0.0,女,結婚,博士,不同性別,0
110,,18,八里區,60～64歲,60,64,不相關,0.0,女,結婚,博士,相同性別,0
110,,18,八里區,60～64歲,60,64,不相關,0.0,女,結婚,國中,不同性別,0
110,,18,八里區,60～64歲,60,64,不相關,0.0,女,結婚,國中,相同性別,0
110,,18,八里區,60～64歲,60,64,不相關,0.0,女,結婚,國小以下,不同性別,0
110,,18,八里區,60～64歲,60,64,不相關,0.0,女,結婚,國小以下,相同性別,0
110,,18,八里區,60～64歲,60,64,不相關,0.0,女,結婚,大學,不同性別,0
110,,18,八里區,60～64歲,60,64,不相關,0.0,女,結婚,大學,相同性別,0
110,,18,八里區,60～64歲,60,64,不相關,0.0,女,結婚,專科,不同性別,1
110,,18,八里區,60～64歲,60,64,不相關,0.0,女,結婚,專科,相同性別,0
110,,18,八里區,60～64歲,60,64,不相關,0.0,女,結婚,碩士,不同性別,0
110,,18,八里區,60～64歲,60,64,不相關,0.0,女,結婚,碩士,相同性別,0
110,,18,八里區,60～64歲,60,64,不相關,0.0,女,結婚,高中職,不同性別,0
110,,18,八里區,60～64歲,60,64,不相關,0.0,女,結婚,高中職,相同性別,0
110,,18,八里區,60～64歲,60,64,不相關,0.0,男,結婚,博士,不同性別,0
110,,18,八里區,60～64歲,60,64,不相關,0.0,男,結婚,博士,相同性別,0
110,,18,八里區,60～64歲,60,64,不相關,0.0,男,結婚,國中,不同性別,0
110,,18,八里區,60～64歲,60,64,不相關,0.0,男,結婚,國中,相同性別,0
110,,18,八里區,60～64歲,60,64,不相關,0.0,男,結婚,國小以下,不同性別,1
110,,18,八里區,60～64歲,60,64,不相關,0.0,男,結婚,國小以下,相同性別,0
110,,18,八里區,60～64歲,60,64,不相關,0.0,男,結婚,大學,不同性別,1
110,,18,八里區,60～64歲,60,64,不相關,0.0,男,結婚,大學,相同性別,0
110,,18,八里區,60～64歲,60,64,不相關,0.0,男,結婚,專科,不同性別,0
110,,18,八里區,60～64歲,60,64,不相關,0.0,男,結婚,專科,相同性別,0
110,,18,八里區,60～64歲,60,64,不相關,0.0,男,結婚,碩士,不同性別,0
110,,18,八里區,60～64歲,60,64,不相關,0.0,男,結婚,碩士,相同性別,0
110,,18,八里區,60～64歲,60,64,不相關,0.0,男,結婚,高中職,不同性別,1
110,,18,八里區,60～64歲,60,64,不相關,0.0,男,結婚,高中職,相同性別,0
110,,18,八里區,65歲以上,65,120,不相關,0.0,女,結婚,博士,不同性別,0
110,,18,八里區,65歲以上,65,120,不相關,0.0,女,結婚,博士,相同性別,0
110,,18,八里區,65歲以上,65,120,不相關,0.0,女,結婚,國中,不同性別,1
110,,18,八里區,65歲以上,65,120,不相關,0.0,女,結婚,國中,相同性別,0
110,,18,八里區,65歲以上,65,120,不相關,0.0,女,結婚,國小以下,不同性別,2
110,,18,八里區,65歲以上,65,120,不相關,0.0,女,結婚,國小以下,相同性別,0
110,,18,八里區,65歲以上,65,120,不相關,0.0,女,結婚,大學,不同性別,1
110,,18,八里區,65歲以上,65,120,不相關,0.0,女,結婚,大學,相同性別,0
110,,18,八里區,65歲以上,65,120,不相關,0.0,女,結婚,專科,不同性別,0
110,,18,八里區,65歲以上,65,120,不相關,0.0,女,結婚,專科,相同性別,0
110,,18,八里區,65歲以上,65,120,不相關,0.0,女,結婚,碩士,不同性別,0
110,,18,八里區,65歲以上,65,120,不相關,0.0,女,結婚,碩士,相同性別,0
110,,18,八里區,65歲以上,65,120,不相關,0.0,女,結婚,高中職,不同性別,2
110,,18,八里區,65歲以上,65,120,不相關,0.0,女,結婚,高中職,相同性別,0
110,,18,八里區,65歲以上,65,120,不相關,0.0,男,結婚,博士,不同性別,0
110,,18,八里區,65歲以上,65,120,不相關,0.0,男,結婚,博士,相同性別,0
110,,18,八里區,65歲以上,65,120,不相關,0.0,男,結婚,國中,不同性別,0
110,,18,八里區,65歲以上,65,120,不相關,0.0,男,結婚,國中,相同性別,0
110,,18,八里區,65歲以上,65,120,不相關,0.0,男,結婚,國小以下,不同性別,2
110,,18,八里區,65歲以上,65,120,不相關,0.0,男,結婚,國小以下,相同性別,0
110,,18,八里區,65歲以上,65,120,不相關,0.0,男,結婚,大學,不同性別,0
110,,18,八里區,65歲以上,65,120,不相關,0.0,男,結婚,大學,相同性別,0
110,,18,八里區,65歲以上,65,120,不相關,0.0,男,結婚,專科,不同性別,1
110,,18,八里區,65歲以上,65,120,不相關,0.0,男,結婚,專科,相同性別,0
110,,18,八里區,65歲以上,65,120,不相關,0.0,男,結婚,碩士,不同性別,0
110,,18,八里區,65歲以上,65,120,不相關,0.0,男,結婚,碩士,相同性別,0
110,,18,八里區,65歲以上,65,120,不相關,0.0,男,結婚,高中職,不同性別,2
110,,18,八里區,65歲以上,65,120,不相關,0.0,男,結婚,高中職,相同性別,0
110,,19,深坑區,未滿15歲,0,14,不相關,0.0,女,結婚,博士,不同性別,0
110,,19,深坑區,未滿15歲,0,14,不相關,0.0,女,結婚,博士,相同性別,0
110,,19,深坑區,未滿15歲,0,14,不相關,0.0,女,結婚,國中,不同性別,0
110,,19,深坑區,未滿15歲,0,14,不相關,0.0,女,結婚,國中,相同性別,0
110,,19,深坑區,未滿15歲,0,14,不相關,0.0,女,結婚,國小以下,不同性別,0
110,,19,深坑區,未滿15歲,0,14,不相關,0.0,女,結婚,國小以下,相同性別,0
110,,19,深坑區,未滿15歲,0,14,不相關,0.0,女,結婚,大學,不同性別,0
110,,19,深坑區,未滿15歲,0,14,不相關,0.0,女,結婚,大學,相同性別,0
110,,19,深坑區,未滿15歲,0,14,不相關,0.0,女,結婚,專科,不同性別,0
110,,19,深坑區,未滿15歲,0,14,不相關,0.0,女,結婚,專科,相同性別,0
110,,19,深坑區,未滿15歲,0,14,不相關,0.0,女,結婚,碩士,不同性別,0
110,,19,深坑區,未滿15歲,0,14,不相關,0.0,女,結婚,碩士,相同性別,0
110,,19,深坑區,未滿15歲,0,14,不相關,0.0,女,結婚,高中職,不同性別,0
110,,19,深坑區,未滿15歲,0,14,不相關,0.0,女,結婚,高中職,相同性別,0
110,,19,深坑區,未滿15歲,0,14,不相關,0.0,男,結婚,博士,不同性別,0
110,,19,深坑區,未滿15歲,0,14,不相關,0.0,男,結婚,博士,相同性別,0
110,,19,深坑區,未滿15歲,0,14,不相關,0.0,男,結婚,國中,不同性別,0
110,,19,深坑區,未滿15歲,0,14,不相關,0.0,男,結婚,國中,相同性別,0
110,,19,深坑區,未滿15歲,0,14,不相關,0.0,男,結婚,國小以下,不同性別,0
110,,19,深坑區,未滿15歲,0,14,不相關,0.0,男,結婚,國小以下,相同性別,0
110,,19,深坑區,未滿15歲,0,14,不相關,0.0,男,結婚,大學,不同性別,0
110,,19,深坑區,未滿15歲,0,14,不相關,0.0,男,結婚,大學,相同性別,0
110,,19,深坑區,未滿15歲,0,14,不相關,0.0,男,結婚,專科,不同性別,0
110,,19,深坑區,未滿15歲,0,14,不相關,0.0,男,結婚,專科,相同性別,0
110,,19,深坑區,未滿15歲,0,14,不相關,0.0,男,結婚,碩士,不同性別,0
110,,19,深坑區,未滿15歲,0,14,不相關,0.0,男,結婚,碩士,相同性別,0
110,,19,深坑區,未滿15歲,0,14,不相關,0.0,男,結婚,高中職,不同性別,0
110,,19,深坑區,未滿15歲,0,14,不相關,0.0,男,結婚,高中職,相同性別,0
110,,19,深坑區,15～19歲,15,19,部分重疊,0.4,女,結婚,博士,不同性別,0
110,,19,深坑區,15～19歲,15,19,部分重疊,0.4,女,結婚,博士,相同性別,0
110,,19,深坑區,15～19歲,15,19,部分重疊,0.4,女,結婚,國中,不同性別,0
110,,19,深坑區,15～19歲,15,19,部分重疊,0.4,女,結婚,國中,相同性別,0
110,,19,深坑區,15～19歲,15,19,部分重疊,0.4,女,結婚,國小以下,不同性別,0
110,,19,深坑區,15～19歲,15,19,部分重疊,0.4,女,結婚,國小以下,相同性別,0
110,,19,深坑區,15～19歲,15,19,部分重疊,0.4,女,結婚,大學,不同性別,0
110,,19,深坑區,15～19歲,15,19,部分重疊,0.4,女,結婚,大學,相同性別,0
110,,19,深坑區,15～19歲,15,19,部分重疊,0.4,女,結婚,專科,不同性別,0
110,,19,深坑區,15～19歲,15,19,部分重疊,0.4,女,結婚,專科,相同性別,0
110,,19,深坑區,15～19歲,15,19,部分重疊,0.4,女,結婚,碩士,不同性別,0
110,,19,深坑區,15～19歲,15,19,部分重疊,0.4,女,結婚,碩士,相同性別,0
110,,19,深坑區,15～19歲,15,19,部分重疊,0.4,女,結婚,高中職,不同性別,0
110,,19,深坑區,15～19歲,15,19,部分重疊,0.4,女,結婚,高中職,相同性別,0
110,,19,深坑區,15～19歲,15,19,部分重疊,0.4,男,結婚,博士,不同性別,0
110,,19,深坑區,15～19歲,15,19,部分重疊,0.4,男,結婚,博士,相同性別,0
110,,19,深坑區,15～19歲,15,19,部分重疊,0.4,男,結婚,國中,不同性別,0
110,,19,深坑區,15～19歲,15,19,部分重疊,0.4,男,結婚,國中,相同性別,0
110,,19,深坑區,15～19歲,15,19,部分重疊,0.4,男,結婚,國小以下,不同性別,0
110,,19,深坑區,15～19歲,15,19,部分重疊,0.4,男,結婚,國小以下,相同性別,0
110,,19,深坑區,15～19歲,15,19,部分重疊,0.4,男,結婚,大學,不同性別,0
110,,19,深坑區,15～19歲,15,19,部分重疊,0.4,男,結婚,大學,相同性別,0
110,,19,深坑區,15～19歲,15,19,部分重疊,0.4,男,結婚,專科,不同性別,0
110,,19,深坑區,15～19歲,15,19,部分重疊,0.4,男,結婚,專科,相同性別,0
110,,19,深坑區,15～19歲,15,19,部分重疊,0.4,男,結婚,碩士,不同性別,0
110,,19,深坑區,15～19歲,15,19,部分重疊,0.4,男,結婚,碩士,相同性別,0
110,,19,深坑區,15～19歲,15,19,部分重疊,0.4,男,結婚,高中職,不同性別,0
110,,19,深坑區,15～19歲,15,19,部分重疊,0.4,男,結婚,高中職,相同性別,0
110,,19,深坑區,20～24歲,20,24,完全落入,1.0,女,結婚,博士,不同性別,0
110,,19,深坑區,20～24歲,20,24,完全落入,1.0,女,結婚,博士,相同性別,0
110,,19,深坑區,20～24歲,20,24,完全落入,1.0,女,結婚,國中,不同性別,2
110,,19,深坑區,20～24歲,20,24,完全落入,1.0,女,結婚,國中,相同性別,0
110,,19,深坑區,20～24歲,20,24,完全落入,1.0,女,結婚,國小以下,不同性別,0
110,,19,深坑區,20～24歲,20,24,完全落入,1.0,女,結婚,國小以下,相同性別,0
110,,19,深坑區,20～24歲,20,24,完全落入,1.0,女,結婚,大學,不同性別,3
110,,19,深坑區,20～24歲,20,24,完全落入,1.0,女,結婚,大學,相同性別,0
110,,19,深坑區,20～24歲,20,24,完全落入,1.0,女,結婚,專科,不同性別,2
110,,19,深坑區,20～24歲,20,24,完全落入,1.0,女,結婚,專科,相同性別,0
110,,19,深坑區,20～24歲,20,24,完全落入,1.0,女,結婚,碩士,不同性別,0
110,,19,深坑區,20～24歲,20,24,完全落入,1.0,女,結婚,碩士,相同性別,0
110,,19,深坑區,20～24歲,20,24,完全落入,1.0,女,結婚,高中職,不同性別,4
110,,19,深坑區,20～24歲,20,24,完全落入,1.0,女,結婚,高中職,相同性別,0
110,,19,深坑區,20～24歲,20,24,完全落入,1.0,男,結婚,博士,不同性別,0
110,,19,深坑區,20～24歲,20,24,完全落入,1.0,男,結婚,博士,相同性別,0
110,,19,深坑區,20～24歲,20,24,完全落入,1.0,男,結婚,國中,不同性別,2
110,,19,深坑區,20～24歲,20,24,完全落入,1.0,男,結婚,國中,相同性別,0
110,,19,深坑區,20～24歲,20,24,完全落入,1.0,男,結婚,國小以下,不同性別,0
110,,19,深坑區,20～24歲,20,24,完全落入,1.0,男,結婚,國小以下,相同性別,0
110,,19,深坑區,20～24歲,20,24,完全落入,1.0,男,結婚,大學,不同性別,1
110,,19,深坑區,20～24歲,20,24,完全落入,1.0,男,結婚,大學,相同性別,0
110,,19,深坑區,20～24歲,20,24,完全落入,1.0,男,結婚,專科,不同性別,0
110,,19,深坑區,20～24歲,20,24,完全落入,1.0,男,結婚,專科,相同性別,0
110,,19,深坑區,20～24歲,20,24,完全落入,1.0,男,結婚,碩士,不同性別,0
110,,19,深坑區,20～24歲,20,24,完全落入,1.0,男,結婚,碩士,相同性別,0
110,,19,深坑區,20～24歲,20,24,完全落入,1.0,男,結婚,高中職,不同性別,2
110,,19,深坑區,20～24歲,20,24,完全落入,1.0,男,結婚,高中職,相同性別,0
110,,19,深坑區,25～29歲,25,29,完全落入,1.0,女,結婚,博士,不同性別,0
110,,19,深坑區,25～29歲,25,29,完全落入,1.0,女,結婚,博士,相同性別,0
110,,19,深坑區,25～29歲,25,29,完全落入,1.0,女,結婚,國中,不同性別,3
110,,19,深坑區,25～29歲,25,29,完全落入,1.0,女,結婚,國中,相同性別,0
110,,19,深坑區,25～29歲,25,29,完全落入,1.0,女,結婚,國小以下,不同性別,0
110,,19,深坑區,25～29歲,25,29,完全落入,1.0,女,結婚,國小以下,相同性別,0
110,,19,深坑區,25～29歲,25,29,完全落入,1.0,女,結婚,大學,不同性別,21
110,,19,深坑區,25～29歲,25,29,完全落入,1.0,女,結婚,大學,相同性別,2
110,,19,深坑區,25～29歲,25,29,完全落入,1.0,女,結婚,專科,不同性別,5
110,,19,深坑區,25～29歲,25,29,完全落入,1.0,女,結婚,專科,相同性別,0
110,,19,深坑區,25～29歲,25,29,完全落入,1.0,女,結婚,碩士,不同性別,4
110,,19,深坑區,25～29歲,25,29,完全落入,1.0,女,結婚,碩士,相同性別,0
110,,19,深坑區,25～29歲,25,29,完全落入,1.0,女,結婚,高中職,不同性別,9
110,,19,深坑區,25～29歲,25,29,完全落入,1.0,女,結婚,高中職,相同性別,0
110,,19,深坑區,25～29歲,25,29,完全落入,1.0,男,結婚,博士,不同性別,0
110,,19,深坑區,25～29歲,25,29,完全落入,1.0,男,結婚,博士,相同性別,0
110,,19,深坑區,25～29歲,25,29,完全落入,1.0,男,結婚,國中,不同性別,1
110,,19,深坑區,25～29歲,25,29,完全落入,1.0,男,結婚,國中,相同性別,0
110,,19,深坑區,25～29歲,25,29,完全落入,1.0,男,結婚,國小以下,不同性別,0
110,,19,深坑區,25～29歲,25,29,完全落入,1.0,男,結婚,國小以下,相同性別,0
110,,19,深坑區,25～29歲,25,29,完全落入,1.0,男,結婚,大學,不同性別,15
110,,19,深坑區,25～29歲,25,29,完全落入,1.0,男,結婚,大學,相同性別,0
110,,19,深坑區,25～29歲,25,29,完全落入,1.0,男,結婚,專科,不同性別,0
110,,19,深坑區,25～29歲,25,29,完全落入,1.0,男,結婚,專科,相同性別,0
110,,19,深坑區,25～29歲,25,29,完全落入,1.0,男,結婚,碩士,不同性別,5
110,,19,深坑區,25～29歲,25,29,完全落入,1.0,男,結婚,碩士,相同性別,0
110,,19,深坑區,25～29歲,25,29,完全落入,1.0,男,結婚,高中職,不同性別,9
110,,19,深坑區,25～29歲,25,29,完全落入,1.0,男,結婚,高中職,相同性別,0
110,,19,深坑區,30～34歲,30,34,完全落入,1.0,女,結婚,博士,不同性別,0
110,,19,深坑區,30～34歲,30,34,完全落入,1.0,女,結婚,博士,相同性別,0
110,,19,深坑區,30～34歲,30,34,完全落入,1.0,女,結婚,國中,不同性別,1
110,,19,深坑區,30～34歲,30,34,完全落入,1.0,女,結婚,國中,相同性別,0
110,,19,深坑區,30～34歲,30,34,完全落入,1.0,女,結婚,國小以下,不同性別,0
110,,19,深坑區,30～34歲,30,34,完全落入,1.0,女,結婚,國小以下,相同性別,0
110,,19,深坑區,30～34歲,30,34,完全落入,1.0,女,結婚,大學,不同性別,23
110,,19,深坑區,30～34歲,30,34,完全落入,1.0,女,結婚,大學,相同性別,0
110,,19,深坑區,30～34歲,30,34,完全落入,1.0,女,結婚,專科,不同性別,1
110,,19,深坑區,30～34歲,30,34,完全落入,1.0,女,結婚,專科,相同性別,0
110,,19,深坑區,30～34歲,30,34,完全落入,1.0,女,結婚,碩士,不同性別,3
110,,19,深坑區,30～34歲,30,34,完全落入,1.0,女,結婚,碩士,相同性別,0
110,,19,深坑區,30～34歲,30,34,完全落入,1.0,女,結婚,高中職,不同性別,8
110,,19,深坑區,30～34歲,30,34,完全落入,1.0,女,結婚,高中職,相同性別,0
110,,19,深坑區,30～34歲,30,34,完全落入,1.0,男,結婚,博士,不同性別,0
110,,19,深坑區,30～34歲,30,34,完全落入,1.0,男,結婚,博士,相同性別,0
110,,19,深坑區,30～34歲,30,34,完全落入,1.0,男,結婚,國中,不同性別,1
110,,19,深坑區,30～34歲,30,34,完全落入,1.0,男,結婚,國中,相同性別,0
110,,19,深坑區,30～34歲,30,34,完全落入,1.0,男,結婚,國小以下,不同性別,0
110,,19,深坑區,30～34歲,30,34,完全落入,1.0,男,結婚,國小以下,相同性別,0
110,,19,深坑區,30～34歲,30,34,完全落入,1.0,男,結婚,大學,不同性別,20
110,,19,深坑區,30～34歲,30,34,完全落入,1.0,男,結婚,大學,相同性別,1
110,,19,深坑區,30～34歲,30,34,完全落入,1.0,男,結婚,專科,不同性別,3
110,,19,深坑區,30～34歲,30,34,完全落入,1.0,男,結婚,專科,相同性別,0
110,,19,深坑區,30～34歲,30,34,完全落入,1.0,男,結婚,碩士,不同性別,4
110,,19,深坑區,30～34歲,30,34,完全落入,1.0,男,結婚,碩士,相同性別,1
110,,19,深坑區,30～34歲,30,34,完全落入,1.0,男,結婚,高中職,不同性別,13
110,,19,深坑區,30～34歲,30,34,完全落入,1.0,男,結婚,高中職,相同性別,0
110,,19,深坑區,35～39歲,35,39,部分重疊,0.2,女,結婚,博士,不同性別,2
110,,19,深坑區,35～39歲,35,39,部分重疊,0.2,女,結婚,博士,相同性別,0
110,,19,深坑區,35～39歲,35,39,部分重疊,0.2,女,結婚,國中,不同性別,3
110,,19,深坑區,35～39歲,35,39,部分重疊,0.2,女,結婚,國中,相同性別,0
110,,19,深坑區,35～39歲,35,39,部分重疊,0.2,女,結婚,國小以下,不同性別,0
110,,19,深坑區,35～39歲,35,39,部分重疊,0.2,女,結婚,國小以下,相同性別,0
110,,19,深坑區,35～39歲,35,39,部分重疊,0.2,女,結婚,大學,不同性別,6
110,,19,深坑區,35～39歲,35,39,部分重疊,0.2,女,結婚,大學,相同性別,0
110,,19,深坑區,35～39歲,35,39,部分重疊,0.2,女,結婚,專科,不同性別,3
110,,19,深坑區,35～39歲,35,39,部分重疊,0.2,女,結婚,專科,相同性別,0
110,,19,深坑區,35～39歲,35,39,部分重疊,0.2,女,結婚,碩士,不同性別,1
110,,19,深坑區,35～39歲,35,39,部分重疊,0.2,女,結婚,碩士,相同性別,0
110,,19,深坑區,35～39歲,35,39,部分重疊,0.2,女,結婚,高中職,不同性別,1
110,,19,深坑區,35～39歲,35,39,部分重疊,0.2,女,結婚,高中職,相同性別,0
110,,19,深坑區,35～39歲,35,39,部分重疊,0.2,男,結婚,博士,不同性別,2
110,,19,深坑區,35～39歲,35,39,部分重疊,0.2,男,結婚,博士,相同性別,0
110,,19,深坑區,35～39歲,35,39,部分重疊,0.2,男,結婚,國中,不同性別,4
110,,19,深坑區,35～39歲,35,39,部分重疊,0.2,男,結婚,國中,相同性別,0
110,,19,深坑區,35～39歲,35,39,部分重疊,0.2,男,結婚,國小以下,不同性別,0
110,,19,深坑區,35～39歲,35,39,部分重疊,0.2,男,結婚,國小以下,相同性別,0
110,,19,深坑區,35～39歲,35,39,部分重疊,0.2,男,結婚,大學,不同性別,8
110,,19,深坑區,35～39歲,35,39,部分重疊,0.2,男,結婚,大學,相同性別,0
110,,19,深坑區,35～39歲,35,39,部分重疊,0.2,男,結婚,專科,不同性別,1
110,,19,深坑區,35～39歲,35,39,部分重疊,0.2,男,結婚,專科,相同性別,0
110,,19,深坑區,35～39歲,35,39,部分重疊,0.2,男,結婚,碩士,不同性別,6
110,,19,深坑區,35～39歲,35,39,部分重疊,0.2,男,結婚,碩士,相同性別,0
110,,19,深坑區,35～39歲,35,39,部分重疊,0.2,男,結婚,高中職,不同性別,5
110,,19,深坑區,35～39歲,35,39,部分重疊,0.2,男,結婚,高中職,相同性別,0
110,,19,深坑區,40～44歲,40,44,不相關,0.0,女,結婚,博士,不同性別,0
110,,19,深坑區,40～44歲,40,44,不相關,0.0,女,結婚,博士,相同性別,0
110,,19,深坑區,40～44歲,40,44,不相關,0.0,女,結婚,國中,不同性別,0
110,,19,深坑區,40～44歲,40,44,不相關,0.0,女,結婚,國中,相同性別,0
110,,19,深坑區,40～44歲,40,44,不相關,0.0,女,結婚,國小以下,不同性別,0
110,,19,深坑區,40～44歲,40,44,不相關,0.0,女,結婚,國小以下,相同性別,0
110,,19,深坑區,40～44歲,40,44,不相關,0.0,女,結婚,大學,不同性別,3
110,,19,深坑區,40～44歲,40,44,不相關,0.0,女,結婚,大學,相同性別,0
110,,19,深坑區,40～44歲,40,44,不相關,0.0,女,結婚,專科,不同性別,3
110,,19,深坑區,40～44歲,40,44,不相關,0.0,女,結婚,專科,相同性別,0
110,,19,深坑區,40～44歲,40,44,不相關,0.0,女,結婚,碩士,不同性別,1
110,,19,深坑區,40～44歲,40,44,不相關,0.0,女,結婚,碩士,相同性別,0
110,,19,深坑區,40～44歲,40,44,不相關,0.0,女,結婚,高中職,不同性別,0
110,,19,深坑區,40～44歲,40,44,不相關,0.0,女,結婚,高中職,相同性別,0
110,,19,深坑區,40～44歲,40,44,不相關,0.0,男,結婚,博士,不同性別,0
110,,19,深坑區,40～44歲,40,44,不相關,0.0,男,結婚,博士,相同性別,0
110,,19,深坑區,40～44歲,40,44,不相關,0.0,男,結婚,國中,不同性別,3
110,,19,深坑區,40～44歲,40,44,不相關,0.0,男,結婚,國中,相同性別,0
110,,19,深坑區,40～44歲,40,44,不相關,0.0,男,結婚,國小以下,不同性別,0
110,,19,深坑區,40～44歲,40,44,不相關,0.0,男,結婚,國小以下,相同性別,0
110,,19,深坑區,40～44歲,40,44,不相關,0.0,男,結婚,大學,不同性別,3
110,,19,深坑區,40～44歲,40,44,不相關,0.0,男,結婚,大學,相同性別,0
110,,19,深坑區,40～44歲,40,44,不相關,0.0,男,結婚,專科,不同性別,2
110,,19,深坑區,40～44歲,40,44,不相關,0.0,男,結婚,專科,相同性別,0
110,,19,深坑區,40～44歲,40,44,不相關,0.0,男,結婚,碩士,不同性別,0
110,,19,深坑區,40～44歲,40,44,不相關,0.0,男,結婚,碩士,相同性別,0
110,,19,深坑區,40～44歲,40,44,不相關,0.0,男,結婚,高中職,不同性別,1
110,,19,深坑區,40～44歲,40,44,不相關,0.0,男,結婚,高中職,相同性別,0
110,,19,深坑區,45～49歲,45,49,不相關,0.0,女,結婚,博士,不同性別,0
110,,19,深坑區,45～49歲,45,49,不相關,0.0,女,結婚,博士,相同性別,0
110,,19,深坑區,45～49歲,45,49,不相關,0.0,女,結婚,國中,不同性別,1
110,,19,深坑區,45～49歲,45,49,不相關,0.0,女,結婚,國中,相同性別,0
110,,19,深坑區,45～49歲,45,49,不相關,0.0,女,結婚,國小以下,不同性別,0
110,,19,深坑區,45～49歲,45,49,不相關,0.0,女,結婚,國小以下,相同性別,0
110,,19,深坑區,45～49歲,45,49,不相關,0.0,女,結婚,大學,不同性別,3
110,,19,深坑區,45～49歲,45,49,不相關,0.0,女,結婚,大學,相同性別,0
110,,19,深坑區,45～49歲,45,49,不相關,0.0,女,結婚,專科,不同性別,1
110,,19,深坑區,45～49歲,45,49,不相關,0.0,女,結婚,專科,相同性別,0
110,,19,深坑區,45～49歲,45,49,不相關,0.0,女,結婚,碩士,不同性別,0
110,,19,深坑區,45～49歲,45,49,不相關,0.0,女,結婚,碩士,相同性別,0
110,,19,深坑區,45～49歲,45,49,不相關,0.0,女,結婚,高中職,不同性別,1
110,,19,深坑區,45～49歲,45,49,不相關,0.0,女,結婚,高中職,相同性別,0
110,,19,深坑區,45～49歲,45,49,不相關,0.0,男,結婚,博士,不同性別,0
110,,19,深坑區,45～49歲,45,49,不相關,0.0,男,結婚,博士,相同性別,0
110,,19,深坑區,45～49歲,45,49,不相關,0.0,男,結婚,國中,不同性別,0
110,,19,深坑區,45～49歲,45,49,不相關,0.0,男,結婚,國中,相同性別,0
110,,19,深坑區,45～49歲,45,49,不相關,0.0,男,結婚,國小以下,不同性別,0
110,,19,深坑區,45～49歲,45,49,不相關,0.0,男,結婚,國小以下,相同性別,0
110,,19,深坑區,45～49歲,45,49,不相關,0.0,男,結婚,大學,不同性別,1
110,,19,深坑區,45～49歲,45,49,不相關,0.0,男,結婚,大學,相同性別,0
110,,19,深坑區,45～49歲,45,49,不相關,0.0,男,結婚,專科,不同性別,0
110,,19,深坑區,45～49歲,45,49,不相關,0.0,男,結婚,專科,相同性別,0
110,,19,深坑區,45～49歲,45,49,不相關,0.0,男,結婚,碩士,不同性別,0
110,,19,深坑區,45～49歲,45,49,不相關,0.0,男,結婚,碩士,相同性別,0
110,,19,深坑區,45～49歲,45,49,不相關,0.0,男,結婚,高中職,不同性別,2
110,,19,深坑區,45～49歲,45,49,不相關,0.0,男,結婚,高中職,相同性別,0
110,,19,深坑區,50～54歲,50,54,不相關,0.0,女,結婚,博士,不同性別,0
110,,19,深坑區,50～54歲,50,54,不相關,0.0,女,結婚,博士,相同性別,0
110,,19,深坑區,50～54歲,50,54,不相關,0.0,女,結婚,國中,不同性別,0
110,,19,深坑區,50～54歲,50,54,不相關,0.0,女,結婚,國中,相同性別,0
110,,19,深坑區,50～54歲,50,54,不相關,0.0,女,結婚,國小以下,不同性別,0
110,,19,深坑區,50～54歲,50,54,不相關,0.0,女,結婚,國小以下,相同性別,0
110,,19,深坑區,50～54歲,50,54,不相關,0.0,女,結婚,大學,不同性別,0
110,,19,深坑區,50～54歲,50,54,不相關,0.0,女,結婚,大學,相同性別,0
110,,19,深坑區,50～54歲,50,54,不相關,0.0,女,結婚,專科,不同性別,0
110,,19,深坑區,50～54歲,50,54,不相關,0.0,女,結婚,專科,相同性別,0
110,,19,深坑區,50～54歲,50,54,不相關,0.0,女,結婚,碩士,不同性別,0
110,,19,深坑區,50～54歲,50,54,不相關,0.0,女,結婚,碩士,相同性別,0
110,,19,深坑區,50～54歲,50,54,不相關,0.0,女,結婚,高中職,不同性別,1
110,,19,深坑區,50～54歲,50,54,不相關,0.0,女,結婚,高中職,相同性別,0
110,,19,深坑區,50～54歲,50,54,不相關,0.0,男,結婚,博士,不同性別,0
110,,19,深坑區,50～54歲,50,54,不相關,0.0,男,結婚,博士,相同性別,0
110,,19,深坑區,50～54歲,50,54,不相關,0.0,男,結婚,國中,不同性別,1
110,,19,深坑區,50～54歲,50,54,不相關,0.0,男,結婚,國中,相同性別,0
110,,19,深坑區,50～54歲,50,54,不相關,0.0,男,結婚,國小以下,不同性別,0
110,,19,深坑區,50～54歲,50,54,不相關,0.0,男,結婚,國小以下,相同性別,0
110,,19,深坑區,50～54歲,50,54,不相關,0.0,男,結婚,大學,不同性別,2
110,,19,深坑區,50～54歲,50,54,不相關,0.0,男,結婚,大學,相同性別,0
110,,19,深坑區,50～54歲,50,54,不相關,0.0,男,結婚,專科,不同性別,0
110,,19,深坑區,50～54歲,50,54,不相關,0.0,男,結婚,專科,相同性別,0
110,,19,深坑區,50～54歲,50,54,不相關,0.0,男,結婚,碩士,不同性別,1
110,,19,深坑區,50～54歲,50,54,不相關,0.0,男,結婚,碩士,相同性別,0
110,,19,深坑區,50～54歲,50,54,不相關,0.0,男,結婚,高中職,不同性別,0
110,,19,深坑區,50～54歲,50,54,不相關,0.0,男,結婚,高中職,相同性別,0
110,,19,深坑區,55～59歲,55,59,不相關,0.0,女,結婚,博士,不同性別,0
110,,19,深坑區,55～59歲,55,59,不相關,0.0,女,結婚,博士,相同性別,0
110,,19,深坑區,55～59歲,55,59,不相關,0.0,女,結婚,國中,不同性別,0
110,,19,深坑區,55～59歲,55,59,不相關,0.0,女,結婚,國中,相同性別,0
110,,19,深坑區,55～59歲,55,59,不相關,0.0,女,結婚,國小以下,不同性別,1
110,,19,深坑區,55～59歲,55,59,不相關,0.0,女,結婚,國小以下,相同性別,0
110,,19,深坑區,55～59歲,55,59,不相關,0.0,女,結婚,大學,不同性別,0
110,,19,深坑區,55～59歲,55,59,不相關,0.0,女,結婚,大學,相同性別,0
110,,19,深坑區,55～59歲,55,59,不相關,0.0,女,結婚,專科,不同性別,0
110,,19,深坑區,55～59歲,55,59,不相關,0.0,女,結婚,專科,相同性別,0
110,,19,深坑區,55～59歲,55,59,不相關,0.0,女,結婚,碩士,不同性別,0
110,,19,深坑區,55～59歲,55,59,不相關,0.0,女,結婚,碩士,相同性別,0
110,,19,深坑區,55～59歲,55,59,不相關,0.0,女,結婚,高中職,不同性別,1
110,,19,深坑區,55～59歲,55,59,不相關,0.0,女,結婚,高中職,相同性別,0
110,,19,深坑區,55～59歲,55,59,不相關,0.0,男,結婚,博士,不同性別,0
110,,19,深坑區,55～59歲,55,59,不相關,0.0,男,結婚,博士,相同性別,0
110,,19,深坑區,55～59歲,55,59,不相關,0.0,男,結婚,國中,不同性別,0
110,,19,深坑區,55～59歲,55,59,不相關,0.0,男,結婚,國中,相同性別,0
110,,19,深坑區,55～59歲,55,59,不相關,0.0,男,結婚,國小以下,不同性別,0
110,,19,深坑區,55～59歲,55,59,不相關,0.0,男,結婚,國小以下,相同性別,0
110,,19,深坑區,55～59歲,55,59,不相關,0.0,男,結婚,大學,不同性別,1
110,,19,深坑區,55～59歲,55,59,不相關,0.0,男,結婚,大學,相同性別,0
110,,19,深坑區,55～59歲,55,59,不相關,0.0,男,結婚,專科,不同性別,1
110,,19,深坑區,55～59歲,55,59,不相關,0.0,男,結婚,專科,相同性別,0
110,,19,深坑區,55～59歲,55,59,不相關,0.0,男,結婚,碩士,不同性別,0
110,,19,深坑區,55～59歲,55,59,不相關,0.0,男,結婚,碩士,相同性別,0
110,,19,深坑區,55～59歲,55,59,不相關,0.0,男,結婚,高中職,不同性別,2
110,,19,深坑區,55～59歲,55,59,不相關,0.0,男,結婚,高中職,相同性別,0
110,,19,深坑區,60～64歲,60,64,不相關,0.0,女,結婚,博士,不同性別,0
110,,19,深坑區,60～64歲,60,64,不相關,0.0,女,結婚,博士,相同性別,0
110,,19,深坑區,60～64歲,60,64,不相關,0.0,女,結婚,國中,不同性別,1
110,,19,深坑區,60～64歲,60,64,不相關,0.0,女,結婚,國中,相同性別,0
110,,19,深坑區,60～64歲,60,64,不相關,0.0,女,結婚,國小以下,不同性別,0
110,,19,深坑區,60～64歲,60,64,不相關,0.0,女,結婚,國小以下,相同性別,0
110,,19,深坑區,60～64歲,60,64,不相關,0.0,女,結婚,大學,不同性別,1
110,,19,深坑區,60～64歲,60,64,不相關,0.0,女,結婚,大學,相同性別,0
110,,19,深坑區,60～64歲,60,64,不相關,0.0,女,結婚,專科,不同性別,0
110,,19,深坑區,60～64歲,60,64,不相關,0.0,女,結婚,專科,相同性別,0
110,,19,深坑區,60～64歲,60,64,不相關,0.0,女,結婚,碩士,不同性別,0
110,,19,深坑區,60～64歲,60,64,不相關,0.0,女,結婚,碩士,相同性別,0
110,,19,深坑區,60～64歲,60,64,不相關,0.0,女,結婚,高中職,不同性別,0
110,,19,深坑區,60～64歲,60,64,不相關,0.0,女,結婚,高中職,相同性別,0
110,,19,深坑區,60～64歲,60,64,不相關,0.0,男,結婚,博士,不同性別,0
110,,19,深坑區,60～64歲,60,64,不相關,0.0,男,結婚,博士,相同性別,0
110,,19,深坑區,60～64歲,60,64,不相關,0.0,男,結婚,國中,不同性別,0
110,,19,深坑區,60～64歲,60,64,不相關,0.0,男,結婚,國中,相同性別,0
110,,19,深坑區,60～64歲,60,64,不相關,0.0,男,結婚,國小以下,不同性別,0
110,,19,深坑區,60～64歲,60,64,不相關,0.0,男,結婚,國小以下,相同性別,0
110,,19,深坑區,60～64歲,60,64,不相關,0.0,男,結婚,大學,不同性別,0
110,,19,深坑區,60～64歲,60,64,不相關,0.0,男,結婚,大學,相同性別,0
110,,19,深坑區,60～64歲,60,64,不相關,0.0,男,結婚,專科,不同性別,0
110,,19,深坑區,60～64歲,60,64,不相關,0.0,男,結婚,專科,相同性別,0
110,,19,深坑區,60～64歲,60,64,不相關,0.0,男,結婚,碩士,不同性別,0
110,,19,深坑區,60～64歲,60,64,不相關,0.0,男,結婚,碩士,相同性別,0
110,,19,深坑區,60～64歲,60,64,不相關,0.0,男,結婚,高中職,不同性別,0
110,,19,深坑區,60～64歲,60,64,不相關,0.0,男,結婚,高中職,相同性別,0
110,,19,深坑區,65歲以上,65,120,不相關,0.0,女,結婚,博士,不同性別,0
110,,19,深坑區,65歲以上,65,120,不相關,0.0,女,結婚,博士,相同性別,0
110,,19,深坑區,65歲以上,65,120,不相關,0.0,女,結婚,國中,不同性別,0
110,,19,深坑區,65歲以上,65,120,不相關,0.0,女,結婚,國中,相同性別,0
110,,19,深坑區,65歲以上,65,120,不相關,0.0,女,結婚,國小以下,不同性別,1
110,,19,深坑區,65歲以上,65,120,不相關,0.0,女,結婚,國小以下,相同性別,0
110,,19,深坑區,65歲以上,65,120,不相關,0.0,女,結婚,大學,不同性別,0
110,,19,深坑區,65歲以上,65,120,不相關,0.0,女,結婚,大學,相同性別,0
110,,19,深坑區,65歲以上,65,120,不相關,0.0,女,結婚,專科,不同性別,0
110,,19,深坑區,65歲以上,65,120,不相關,0.0,女,結婚,專科,相同性別,0
110,,19,深坑區,65歲以上,65,120,不相關,0.0,女,結婚,碩士,不同性別,0
110,,19,深坑區,65歲以上,65,120,不相關,0.0,女,結婚,碩士,相同性別,0
110,,19,深坑區,65歲以上,65,120,不相關,0.0,女,結婚,高中職,不同性別,0
110,,19,深坑區,65歲以上,65,120,不相關,0.0,女,結婚,高中職,相同性別,0
110,,19,深坑區,65歲以上,65,120,不相關,0.0,男,結婚,博士,不同性別,0
110,,19,深坑區,65歲以上,65,120,不相關,0.0,男,結婚,博士,相同性別,0
110,,19,深坑區,65歲以上,65,120,不相關,0.0,男,結婚,國中,不同性別,0
110,,19,深坑區,65歲以上,65,120,不相關,0.0,男,結婚,國中,相同性別,0
110,,19,深坑區,65歲以上,65,120,不相關,0.0,男,結婚,國小以下,不同性別,2
110,,19,深坑區,65歲以上,65,120,不相關,0.0,男,結婚,國小以下,相同性別,0
110,,19,深坑區,65歲以上,65,120,不相關,0.0,男,結婚,大學,不同性別,0
110,,19,深坑區,65歲以上,65,120,不相關,0.0,男,結婚,大學,相同性別,0
110,,19,深坑區,65歲以上,65,120,不相關,0.0,男,結婚,專科,不同性別,0
110,,19,深坑區,65歲以上,65,120,不相關,0.0,男,結婚,專科,相同性別,0
110,,19,深坑區,65歲以上,65,120,不相關,0.0,男,結婚,碩士,不同性別,0
110,,19,深坑區,65歲以上,65,120,不相關,0.0,男,結婚,碩士,相同性別,0
110,,19,深坑區,65歲以上,65,120,不相關,0.0,男,結婚,高中職,不同性別,0
110,,19,深坑區,65歲以上,65,120,不相關,0.0,男,結婚,高中職,相同性別,0
110,,20,石碇區,未滿15歲,0,14,不相關,0.0,女,結婚,博士,不同性別,0
110,,20,石碇區,未滿15歲,0,14,不相關,0.0,女,結婚,博士,相同性別,0
110,,20,石碇區,未滿15歲,0,14,不相關,0.0,女,結婚,國中,不同性別,0
110,,20,石碇區,未滿15歲,0,14,不相關,0.0,女,結婚,國中,相同性別,0
110,,20,石碇區,未滿15歲,0,14,不相關,0.0,女,結婚,國小以下,不同性別,0
110,,20,石碇區,未滿15歲,0,14,不相關,0.0,女,結婚,國小以下,相同性別,0
110,,20,石碇區,未滿15歲,0,14,不相關,0.0,女,結婚,大學,不同性別,0
110,,20,石碇區,未滿15歲,0,14,不相關,0.0,女,結婚,大學,相同性別,0
110,,20,石碇區,未滿15歲,0,14,不相關,0.0,女,結婚,專科,不同性別,0
110,,20,石碇區,未滿15歲,0,14,不相關,0.0,女,結婚,專科,相同性別,0
110,,20,石碇區,未滿15歲,0,14,不相關,0.0,女,結婚,碩士,不同性別,0
110,,20,石碇區,未滿15歲,0,14,不相關,0.0,女,結婚,碩士,相同性別,0
110,,20,石碇區,未滿15歲,0,14,不相關,0.0,女,結婚,高中職,不同性別,0
110,,20,石碇區,未滿15歲,0,14,不相關,0.0,女,結婚,高中職,相同性別,0
110,,20,石碇區,未滿15歲,0,14,不相關,0.0,男,結婚,博士,不同性別,0
110,,20,石碇區,未滿15歲,0,14,不相關,0.0,男,結婚,博士,相同性別,0
110,,20,石碇區,未滿15歲,0,14,不相關,0.0,男,結婚,國中,不同性別,0
110,,20,石碇區,未滿15歲,0,14,不相關,0.0,男,結婚,國中,相同性別,0
110,,20,石碇區,未滿15歲,0,14,不相關,0.0,男,結婚,國小以下,不同性別,0
110,,20,石碇區,未滿15歲,0,14,不相關,0.0,男,結婚,國小以下,相同性別,0
110,,20,石碇區,未滿15歲,0,14,不相關,0.0,男,結婚,大學,不同性別,0
110,,20,石碇區,未滿15歲,0,14,不相關,0.0,男,結婚,大學,相同性別,0
110,,20,石碇區,未滿15歲,0,14,不相關,0.0,男,結婚,專科,不同性別,0
110,,20,石碇區,未滿15歲,0,14,不相關,0.0,男,結婚,專科,相同性別,0
110,,20,石碇區,未滿15歲,0,14,不相關,0.0,男,結婚,碩士,不同性別,0
110,,20,石碇區,未滿15歲,0,14,不相關,0.0,男,結婚,碩士,相同性別,0
110,,20,石碇區,未滿15歲,0,14,不相關,0.0,男,結婚,高中職,不同性別,0
110,,20,石碇區,未滿15歲,0,14,不相關,0.0,男,結婚,高中職,相同性別,0
110,,20,石碇區,15～19歲,15,19,部分重疊,0.4,女,結婚,博士,不同性別,0
110,,20,石碇區,15～19歲,15,19,部分重疊,0.4,女,結婚,博士,相同性別,0
110,,20,石碇區,15～19歲,15,19,部分重疊,0.4,女,結婚,國中,不同性別,0
110,,20,石碇區,15～19歲,15,19,部分重疊,0.4,女,結婚,國中,相同性別,0
110,,20,石碇區,15～19歲,15,19,部分重疊,0.4,女,結婚,國小以下,不同性別,0
110,,20,石碇區,15～19歲,15,19,部分重疊,0.4,女,結婚,國小以下,相同性別,0
110,,20,石碇區,15～19歲,15,19,部分重疊,0.4,女,結婚,大學,不同性別,0
110,,20,石碇區,15～19歲,15,19,部分重疊,0.4,女,結婚,大學,相同性別,0
110,,20,石碇區,15～19歲,15,19,部分重疊,0.4,女,結婚,專科,不同性別,0
110,,20,石碇區,15～19歲,15,19,部分重疊,0.4,女,結婚,專科,相同性別,0
110,,20,石碇區,15～19歲,15,19,部分重疊,0.4,女,結婚,碩士,不同性別,0
110,,20,石碇區,15～19歲,15,19,部分重疊,0.4,女,結婚,碩士,相同性別,0
110,,20,石碇區,15～19歲,15,19,部分重疊,0.4,女,結婚,高中職,不同性別,0
110,,20,石碇區,15～19歲,15,19,部分重疊,0.4,女,結婚,高中職,相同性別,0
110,,20,石碇區,15～19歲,15,19,部分重疊,0.4,男,結婚,博士,不同性別,0
110,,20,石碇區,15～19歲,15,19,部分重疊,0.4,男,結婚,博士,相同性別,0
110,,20,石碇區,15～19歲,15,19,部分重疊,0.4,男,結婚,國中,不同性別,0
110,,20,石碇區,15～19歲,15,19,部分重疊,0.4,男,結婚,國中,相同性別,0
110,,20,石碇區,15～19歲,15,19,部分重疊,0.4,男,結婚,國小以下,不同性別,0
110,,20,石碇區,15～19歲,15,19,部分重疊,0.4,男,結婚,國小以下,相同性別,0
110,,20,石碇區,15～19歲,15,19,部分重疊,0.4,男,結婚,大學,不同性別,0
110,,20,石碇區,15～19歲,15,19,部分重疊,0.4,男,結婚,大學,相同性別,0
110,,20,石碇區,15～19歲,15,19,部分重疊,0.4,男,結婚,專科,不同性別,0
110,,20,石碇區,15～19歲,15,19,部分重疊,0.4,男,結婚,專科,相同性別,0
110,,20,石碇區,15～19歲,15,19,部分重疊,0.4,男,結婚,碩士,不同性別,0
110,,20,石碇區,15～19歲,15,19,部分重疊,0.4,男,結婚,碩士,相同性別,0
110,,20,石碇區,15～19歲,15,19,部分重疊,0.4,男,結婚,高中職,不同性別,0
110,,20,石碇區,15～19歲,15,19,部分重疊,0.4,男,結婚,高中職,相同性別,0
110,,20,石碇區,20～24歲,20,24,完全落入,1.0,女,結婚,博士,不同性別,0
110,,20,石碇區,20～24歲,20,24,完全落入,1.0,女,結婚,博士,相同性別,0
110,,20,石碇區,20～24歲,20,24,完全落入,1.0,女,結婚,國中,不同性別,2
110,,20,石碇區,20～24歲,20,24,完全落入,1.0,女,結婚,國中,相同性別,0
110,,20,石碇區,20～24歲,20,24,完全落入,1.0,女,結婚,國小以下,不同性別,0
110,,20,石碇區,20～24歲,20,24,完全落入,1.0,女,結婚,國小以下,相同性別,0
110,,20,石碇區,20～24歲,20,24,完全落入,1.0,女,結婚,大學,不同性別,1
110,,20,石碇區,20～24歲,20,24,完全落入,1.0,女,結婚,大學,相同性別,0
110,,20,石碇區,20～24歲,20,24,完全落入,1.0,女,結婚,專科,不同性別,0
110,,20,石碇區,20～24歲,20,24,完全落入,1.0,女,結婚,專科,相同性別,0
110,,20,石碇區,20～24歲,20,24,完全落入,1.0,女,結婚,碩士,不同性別,0
110,,20,石碇區,20～24歲,20,24,完全落入,1.0,女,結婚,碩士,相同性別,0
110,,20,石碇區,20～24歲,20,24,完全落入,1.0,女,結婚,高中職,不同性別,5
110,,20,石碇區,20～24歲,20,24,完全落入,1.0,女,結婚,高中職,相同性別,0
110,,20,石碇區,20～24歲,20,24,完全落入,1.0,男,結婚,博士,不同性別,0
110,,20,石碇區,20～24歲,20,24,完全落入,1.0,男,結婚,博士,相同性別,0
110,,20,石碇區,20～24歲,20,24,完全落入,1.0,男,結婚,國中,不同性別,3
110,,20,石碇區,20～24歲,20,24,完全落入,1.0,男,結婚,國中,相同性別,0
110,,20,石碇區,20～24歲,20,24,完全落入,1.0,男,結婚,國小以下,不同性別,0
110,,20,石碇區,20～24歲,20,24,完全落入,1.0,男,結婚,國小以下,相同性別,0
110,,20,石碇區,20～24歲,20,24,完全落入,1.0,男,結婚,大學,不同性別,0
110,,20,石碇區,20～24歲,20,24,完全落入,1.0,男,結婚,大學,相同性別,0
110,,20,石碇區,20～24歲,20,24,完全落入,1.0,男,結婚,專科,不同性別,0
110,,20,石碇區,20～24歲,20,24,完全落入,1.0,男,結婚,專科,相同性別,0
110,,20,石碇區,20～24歲,20,24,完全落入,1.0,男,結婚,碩士,不同性別,0
110,,20,石碇區,20～24歲,20,24,完全落入,1.0,男,結婚,碩士,相同性別,0
110,,20,石碇區,20～24歲,20,24,完全落入,1.0,男,結婚,高中職,不同性別,5
110,,20,石碇區,20～24歲,20,24,完全落入,1.0,男,結婚,高中職,相同性別,0
110,,20,石碇區,25～29歲,25,29,完全落入,1.0,女,結婚,博士,不同性別,0
110,,20,石碇區,25～29歲,25,29,完全落入,1.0,女,結婚,博士,相同性別,0
110,,20,石碇區,25～29歲,25,29,完全落入,1.0,女,結婚,國中,不同性別,2
110,,20,石碇區,25～29歲,25,29,完全落入,1.0,女,結婚,國中,相同性別,0
110,,20,石碇區,25～29歲,25,29,完全落入,1.0,女,結婚,國小以下,不同性別,0
110,,20,石碇區,25～29歲,25,29,完全落入,1.0,女,結婚,國小以下,相同性別,0
110,,20,石碇區,25～29歲,25,29,完全落入,1.0,女,結婚,大學,不同性別,4
110,,20,石碇區,25～29歲,25,29,完全落入,1.0,女,結婚,大學,相同性別,0
110,,20,石碇區,25～29歲,25,29,完全落入,1.0,女,結婚,專科,不同性別,1
110,,20,石碇區,25～29歲,25,29,完全落入,1.0,女,結婚,專科,相同性別,0
110,,20,石碇區,25～29歲,25,29,完全落入,1.0,女,結婚,碩士,不同性別,0
110,,20,石碇區,25～29歲,25,29,完全落入,1.0,女,結婚,碩士,相同性別,0
110,,20,石碇區,25～29歲,25,29,完全落入,1.0,女,結婚,高中職,不同性別,1
110,,20,石碇區,25～29歲,25,29,完全落入,1.0,女,結婚,高中職,相同性別,1
110,,20,石碇區,25～29歲,25,29,完全落入,1.0,男,結婚,博士,不同性別,0
110,,20,石碇區,25～29歲,25,29,完全落入,1.0,男,結婚,博士,相同性別,0
110,,20,石碇區,25～29歲,25,29,完全落入,1.0,男,結婚,國中,不同性別,3
110,,20,石碇區,25～29歲,25,29,完全落入,1.0,男,結婚,國中,相同性別,0
110,,20,石碇區,25～29歲,25,29,完全落入,1.0,男,結婚,國小以下,不同性別,0
110,,20,石碇區,25～29歲,25,29,完全落入,1.0,男,結婚,國小以下,相同性別,0
110,,20,石碇區,25～29歲,25,29,完全落入,1.0,男,結婚,大學,不同性別,1
110,,20,石碇區,25～29歲,25,29,完全落入,1.0,男,結婚,大學,相同性別,0
110,,20,石碇區,25～29歲,25,29,完全落入,1.0,男,結婚,專科,不同性別,0
110,,20,石碇區,25～29歲,25,29,完全落入,1.0,男,結婚,專科,相同性別,0
110,,20,石碇區,25～29歲,25,29,完全落入,1.0,男,結婚,碩士,不同性別,0
110,,20,石碇區,25～29歲,25,29,完全落入,1.0,男,結婚,碩士,相同性別,0
110,,20,石碇區,25～29歲,25,29,完全落入,1.0,男,結婚,高中職,不同性別,4
110,,20,石碇區,25～29歲,25,29,完全落入,1.0,男,結婚,高中職,相同性別,0
110,,20,石碇區,30～34歲,30,34,完全落入,1.0,女,結婚,博士,不同性別,0
110,,20,石碇區,30～34歲,30,34,完全落入,1.0,女,結婚,博士,相同性別,0
110,,20,石碇區,30～34歲,30,34,完全落入,1.0,女,結婚,國中,不同性別,0
110,,20,石碇區,30～34歲,30,34,完全落入,1.0,女,結婚,國中,相同性別,0
110,,20,石碇區,30～34歲,30,34,完全落入,1.0,女,結婚,國小以下,不同性別,0
110,,20,石碇區,30～34歲,30,34,完全落入,1.0,女,結婚,國小以下,相同性別,0
110,,20,石碇區,30～34歲,30,34,完全落入,1.0,女,結婚,大學,不同性別,1
110,,20,石碇區,30～34歲,30,34,完全落入,1.0,女,結婚,大學,相同性別,1
110,,20,石碇區,30～34歲,30,34,完全落入,1.0,女,結婚,專科,不同性別,0
110,,20,石碇區,30～34歲,30,34,完全落入,1.0,女,結婚,專科,相同性別,0
110,,20,石碇區,30～34歲,30,34,完全落入,1.0,女,結婚,碩士,不同性別,0
110,,20,石碇區,30～34歲,30,34,完全落入,1.0,女,結婚,碩士,相同性別,0
110,,20,石碇區,30～34歲,30,34,完全落入,1.0,女,結婚,高中職,不同性別,0
110,,20,石碇區,30～34歲,30,34,完全落入,1.0,女,結婚,高中職,相同性別,0
110,,20,石碇區,30～34歲,30,34,完全落入,1.0,男,結婚,博士,不同性別,0
110,,20,石碇區,30～34歲,30,34,完全落入,1.0,男,結婚,博士,相同性別,0
110,,20,石碇區,30～34歲,30,34,完全落入,1.0,男,結婚,國中,不同性別,0
110,,20,石碇區,30～34歲,30,34,完全落入,1.0,男,結婚,國中,相同性別,0
110,,20,石碇區,30～34歲,30,34,完全落入,1.0,男,結婚,國小以下,不同性別,0
110,,20,石碇區,30～34歲,30,34,完全落入,1.0,男,結婚,國小以下,相同性別,0
110,,20,石碇區,30～34歲,30,34,完全落入,1.0,男,結婚,大學,不同性別,2
110,,20,石碇區,30～34歲,30,34,完全落入,1.0,男,結婚,大學,相同性別,0
110,,20,石碇區,30～34歲,30,34,完全落入,1.0,男,結婚,專科,不同性別,1
110,,20,石碇區,30～34歲,30,34,完全落入,1.0,男,結婚,專科,相同性別,0
110,,20,石碇區,30～34歲,30,34,完全落入,1.0,男,結婚,碩士,不同性別,1
110,,20,石碇區,30～34歲,30,34,完全落入,1.0,男,結婚,碩士,相同性別,0
110,,20,石碇區,30～34歲,30,34,完全落入,1.0,男,結婚,高中職,不同性別,0
110,,20,石碇區,30～34歲,30,34,完全落入,1.0,男,結婚,高中職,相同性別,0
110,,20,石碇區,35～39歲,35,39,部分重疊,0.2,女,結婚,博士,不同性別,0
110,,20,石碇區,35～39歲,35,39,部分重疊,0.2,女,結婚,博士,相同性別,0
110,,20,石碇區,35～39歲,35,39,部分重疊,0.2,女,結婚,國中,不同性別,2
110,,20,石碇區,35～39歲,35,39,部分重疊,0.2,女,結婚,國中,相同性別,0
110,,20,石碇區,35～39歲,35,39,部分重疊,0.2,女,結婚,國小以下,不同性別,0
110,,20,石碇區,35～39歲,35,39,部分重疊,0.2,女,結婚,國小以下,相同性別,0
110,,20,石碇區,35～39歲,35,39,部分重疊,0.2,女,結婚,大學,不同性別,1
110,,20,石碇區,35～39歲,35,39,部分重疊,0.2,女,結婚,大學,相同性別,0
110,,20,石碇區,35～39歲,35,39,部分重疊,0.2,女,結婚,專科,不同性別,0
110,,20,石碇區,35～39歲,35,39,部分重疊,0.2,女,結婚,專科,相同性別,0
110,,20,石碇區,35～39歲,35,39,部分重疊,0.2,女,結婚,碩士,不同性別,0
110,,20,石碇區,35～39歲,35,39,部分重疊,0.2,女,結婚,碩士,相同性別,0
110,,20,石碇區,35～39歲,35,39,部分重疊,0.2,女,結婚,高中職,不同性別,2
110,,20,石碇區,35～39歲,35,39,部分重疊,0.2,女,結婚,高中職,相同性別,0
110,,20,石碇區,35～39歲,35,39,部分重疊,0.2,男,結婚,博士,不同性別,0
110,,20,石碇區,35～39歲,35,39,部分重疊,0.2,男,結婚,博士,相同性別,0
110,,20,石碇區,35～39歲,35,39,部分重疊,0.2,男,結婚,國中,不同性別,1
110,,20,石碇區,35～39歲,35,39,部分重疊,0.2,男,結婚,國中,相同性別,0
110,,20,石碇區,35～39歲,35,39,部分重疊,0.2,男,結婚,國小以下,不同性別,0
110,,20,石碇區,35～39歲,35,39,部分重疊,0.2,男,結婚,國小以下,相同性別,0
110,,20,石碇區,35～39歲,35,39,部分重疊,0.2,男,結婚,大學,不同性別,0
110,,20,石碇區,35～39歲,35,39,部分重疊,0.2,男,結婚,大學,相同性別,0
110,,20,石碇區,35～39歲,35,39,部分重疊,0.2,男,結婚,專科,不同性別,0
110,,20,石碇區,35～39歲,35,39,部分重疊,0.2,男,結婚,專科,相同性別,0
110,,20,石碇區,35～39歲,35,39,部分重疊,0.2,男,結婚,碩士,不同性別,0
110,,20,石碇區,35～39歲,35,39,部分重疊,0.2,男,結婚,碩士,相同性別,0
110,,20,石碇區,35～39歲,35,39,部分重疊,0.2,男,結婚,高中職,不同性別,0
110,,20,石碇區,35～39歲,35,39,部分重疊,0.2,男,結婚,高中職,相同性別,0
110,,20,石碇區,40～44歲,40,44,不相關,0.0,女,結婚,博士,不同性別,0
110,,20,石碇區,40～44歲,40,44,不相關,0.0,女,結婚,博士,相同性別,0
110,,20,石碇區,40～44歲,40,44,不相關,0.0,女,結婚,國中,不同性別,1
110,,20,石碇區,40～44歲,40,44,不相關,0.0,女,結婚,國中,相同性別,0
110,,20,石碇區,40～44歲,40,44,不相關,0.0,女,結婚,國小以下,不同性別,1
110,,20,石碇區,40～44歲,40,44,不相關,0.0,女,結婚,國小以下,相同性別,0
110,,20,石碇區,40～44歲,40,44,不相關,0.0,女,結婚,大學,不同性別,0
110,,20,石碇區,40～44歲,40,44,不相關,0.0,女,結婚,大學,相同性別,0
110,,20,石碇區,40～44歲,40,44,不相關,0.0,女,結婚,專科,不同性別,0
110,,20,石碇區,40～44歲,40,44,不相關,0.0,女,結婚,專科,相同性別,0
110,,20,石碇區,40～44歲,40,44,不相關,0.0,女,結婚,碩士,不同性別,0
110,,20,石碇區,40～44歲,40,44,不相關,0.0,女,結婚,碩士,相同性別,0
110,,20,石碇區,40～44歲,40,44,不相關,0.0,女,結婚,高中職,不同性別,0
110,,20,石碇區,40～44歲,40,44,不相關,0.0,女,結婚,高中職,相同性別,0
110,,20,石碇區,40～44歲,40,44,不相關,0.0,男,結婚,博士,不同性別,0
110,,20,石碇區,40～44歲,40,44,不相關,0.0,男,結婚,博士,相同性別,0
110,,20,石碇區,40～44歲,40,44,不相關,0.0,男,結婚,國中,不同性別,0
110,,20,石碇區,40～44歲,40,44,不相關,0.0,男,結婚,國中,相同性別,0
110,,20,石碇區,40～44歲,40,44,不相關,0.0,男,結婚,國小以下,不同性別,0
110,,20,石碇區,40～44歲,40,44,不相關,0.0,男,結婚,國小以下,相同性別,0
110,,20,石碇區,40～44歲,40,44,不相關,0.0,男,結婚,大學,不同性別,0
110,,20,石碇區,40～44歲,40,44,不相關,0.0,男,結婚,大學,相同性別,0
110,,20,石碇區,40～44歲,40,44,不相關,0.0,男,結婚,專科,不同性別,0
110,,20,石碇區,40～44歲,40,44,不相關,0.0,男,結婚,專科,相同性別,0
110,,20,石碇區,40～44歲,40,44,不相關,0.0,男,結婚,碩士,不同性別,0
110,,20,石碇區,40～44歲,40,44,不相關,0.0,男,結婚,碩士,相同性別,0
110,,20,石碇區,40～44歲,40,44,不相關,0.0,男,結婚,高中職,不同性別,0
110,,20,石碇區,40～44歲,40,44,不相關,0.0,男,結婚,高中職,相同性別,0
110,,20,石碇區,45～49歲,45,49,不相關,0.0,女,結婚,博士,不同性別,0
110,,20,石碇區,45～49歲,45,49,不相關,0.0,女,結婚,博士,相同性別,0
110,,20,石碇區,45～49歲,45,49,不相關,0.0,女,結婚,國中,不同性別,0
110,,20,石碇區,45～49歲,45,49,不相關,0.0,女,結婚,國中,相同性別,0
110,,20,石碇區,45～49歲,45,49,不相關,0.0,女,結婚,國小以下,不同性別,0
110,,20,石碇區,45～49歲,45,49,不相關,0.0,女,結婚,國小以下,相同性別,0
110,,20,石碇區,45～49歲,45,49,不相關,0.0,女,結婚,大學,不同性別,0
110,,20,石碇區,45～49歲,45,49,不相關,0.0,女,結婚,大學,相同性別,0
110,,20,石碇區,45～49歲,45,49,不相關,0.0,女,結婚,專科,不同性別,0
110,,20,石碇區,45～49歲,45,49,不相關,0.0,女,結婚,專科,相同性別,0
110,,20,石碇區,45～49歲,45,49,不相關,0.0,女,結婚,碩士,不同性別,0
110,,20,石碇區,45～49歲,45,49,不相關,0.0,女,結婚,碩士,相同性別,0
110,,20,石碇區,45～49歲,45,49,不相關,0.0,女,結婚,高中職,不同性別,0
110,,20,石碇區,45～49歲,45,49,不相關,0.0,女,結婚,高中職,相同性別,0
110,,20,石碇區,45～49歲,45,49,不相關,0.0,男,結婚,博士,不同性別,0
110,,20,石碇區,45～49歲,45,49,不相關,0.0,男,結婚,博士,相同性別,0
110,,20,石碇區,45～49歲,45,49,不相關,0.0,男,結婚,國中,不同性別,2
110,,20,石碇區,45～49歲,45,49,不相關,0.0,男,結婚,國中,相同性別,0
110,,20,石碇區,45～49歲,45,49,不相關,0.0,男,結婚,國小以下,不同性別,0
110,,20,石碇區,45～49歲,45,49,不相關,0.0,男,結婚,國小以下,相同性別,0
110,,20,石碇區,45～49歲,45,49,不相關,0.0,男,結婚,大學,不同性別,0
110,,20,石碇區,45～49歲,45,49,不相關,0.0,男,結婚,大學,相同性別,0
110,,20,石碇區,45～49歲,45,49,不相關,0.0,男,結婚,專科,不同性別,0
110,,20,石碇區,45～49歲,45,49,不相關,0.0,男,結婚,專科,相同性別,0
110,,20,石碇區,45～49歲,45,49,不相關,0.0,男,結婚,碩士,不同性別,0
110,,20,石碇區,45～49歲,45,49,不相關,0.0,男,結婚,碩士,相同性別,0
110,,20,石碇區,45～49歲,45,49,不相關,0.0,男,結婚,高中職,不同性別,1
110,,20,石碇區,45～49歲,45,49,不相關,0.0,男,結婚,高中職,相同性別,0
110,,20,石碇區,50～54歲,50,54,不相關,0.0,女,結婚,博士,不同性別,0
110,,20,石碇區,50～54歲,50,54,不相關,0.0,女,結婚,博士,相同性別,0
110,,20,石碇區,50～54歲,50,54,不相關,0.0,女,結婚,國中,不同性別,1
110,,20,石碇區,50～54歲,50,54,不相關,0.0,女,結婚,國中,相同性別,0
110,,20,石碇區,50～54歲,50,54,不相關,0.0,女,結婚,國小以下,不同性別,0
110,,20,石碇區,50～54歲,50,54,不相關,0.0,女,結婚,國小以下,相同性別,0
110,,20,石碇區,50～54歲,50,54,不相關,0.0,女,結婚,大學,不同性別,0
110,,20,石碇區,50～54歲,50,54,不相關,0.0,女,結婚,大學,相同性別,0
110,,20,石碇區,50～54歲,50,54,不相關,0.0,女,結婚,專科,不同性別,1
110,,20,石碇區,50～54歲,50,54,不相關,0.0,女,結婚,專科,相同性別,0
110,,20,石碇區,50～54歲,50,54,不相關,0.0,女,結婚,碩士,不同性別,0
110,,20,石碇區,50～54歲,50,54,不相關,0.0,女,結婚,碩士,相同性別,0
110,,20,石碇區,50～54歲,50,54,不相關,0.0,女,結婚,高中職,不同性別,1
110,,20,石碇區,50～54歲,50,54,不相關,0.0,女,結婚,高中職,相同性別,0
110,,20,石碇區,50～54歲,50,54,不相關,0.0,男,結婚,博士,不同性別,0
110,,20,石碇區,50～54歲,50,54,不相關,0.0,男,結婚,博士,相同性別,0
110,,20,石碇區,50～54歲,50,54,不相關,0.0,男,結婚,國中,不同性別,0
110,,20,石碇區,50～54歲,50,54,不相關,0.0,男,結婚,國中,相同性別,0
110,,20,石碇區,50～54歲,50,54,不相關,0.0,男,結婚,國小以下,不同性別,0
110,,20,石碇區,50～54歲,50,54,不相關,0.0,男,結婚,國小以下,相同性別,0
110,,20,石碇區,50～54歲,50,54,不相關,0.0,男,結婚,大學,不同性別,0
110,,20,石碇區,50～54歲,50,54,不相關,0.0,男,結婚,大學,相同性別,0
110,,20,石碇區,50～54歲,50,54,不相關,0.0,男,結婚,專科,不同性別,0
110,,20,石碇區,50～54歲,50,54,不相關,0.0,男,結婚,專科,相同性別,0
110,,20,石碇區,50～54歲,50,54,不相關,0.0,男,結婚,碩士,不同性別,0
110,,20,石碇區,50～54歲,50,54,不相關,0.0,男,結婚,碩士,相同性別,0
110,,20,石碇區,50～54歲,50,54,不相關,0.0,男,結婚,高中職,不同性別,0
110,,20,石碇區,50～54歲,50,54,不相關,0.0,男,結婚,高中職,相同性別,0
110,,20,石碇區,55～59歲,55,59,不相關,0.0,女,結婚,博士,不同性別,0
110,,20,石碇區,55～59歲,55,59,不相關,0.0,女,結婚,博士,相同性別,0
110,,20,石碇區,55～59歲,55,59,不相關,0.0,女,結婚,國中,不同性別,0
110,,20,石碇區,55～59歲,55,59,不相關,0.0,女,結婚,國中,相同性別,0
110,,20,石碇區,55～59歲,55,59,不相關,0.0,女,結婚,國小以下,不同性別,0
110,,20,石碇區,55～59歲,55,59,不相關,0.0,女,結婚,國小以下,相同性別,0
110,,20,石碇區,55～59歲,55,59,不相關,0.0,女,結婚,大學,不同性別,0
110,,20,石碇區,55～59歲,55,59,不相關,0.0,女,結婚,大學,相同性別,0
110,,20,石碇區,55～59歲,55,59,不相關,0.0,女,結婚,專科,不同性別,0
110,,20,石碇區,55～59歲,55,59,不相關,0.0,女,結婚,專科,相同性別,0
110,,20,石碇區,55～59歲,55,59,不相關,0.0,女,結婚,碩士,不同性別,0
110,,20,石碇區,55～59歲,55,59,不相關,0.0,女,結婚,碩士,相同性別,0
110,,20,石碇區,55～59歲,55,59,不相關,0.0,女,結婚,高中職,不同性別,0
110,,20,石碇區,55～59歲,55,59,不相關,0.0,女,結婚,高中職,相同性別,0
110,,20,石碇區,55～59歲,55,59,不相關,0.0,男,結婚,博士,不同性別,0
110,,20,石碇區,55～59歲,55,59,不相關,0.0,男,結婚,博士,相同性別,0
110,,20,石碇區,55～59歲,55,59,不相關,0.0,男,結婚,國中,不同性別,0
110,,20,石碇區,55～59歲,55,59,不相關,0.0,男,結婚,國中,相同性別,0
110,,20,石碇區,55～59歲,55,59,不相關,0.0,男,結婚,國小以下,不同性別,0
110,,20,石碇區,55～59歲,55,59,不相關,0.0,男,結婚,國小以下,相同性別,0
110,,20,石碇區,55～59歲,55,59,不相關,0.0,男,結婚,大學,不同性別,0
110,,20,石碇區,55～59歲,55,59,不相關,0.0,男,結婚,大學,相同性別,0
110,,20,石碇區,55～59歲,55,59,不相關,0.0,男,結婚,專科,不同性別,0
110,,20,石碇區,55～59歲,55,59,不相關,0.0,男,結婚,專科,相同性別,0
110,,20,石碇區,55～59歲,55,59,不相關,0.0,男,結婚,碩士,不同性別,0
110,,20,石碇區,55～59歲,55,59,不相關,0.0,男,結婚,碩士,相同性別,0
110,,20,石碇區,55～59歲,55,59,不相關,0.0,男,結婚,高中職,不同性別,1
110,,20,石碇區,55～59歲,55,59,不相關,0.0,男,結婚,高中職,相同性別,0
110,,20,石碇區,60～64歲,60,64,不相關,0.0,女,結婚,博士,不同性別,0
110,,20,石碇區,60～64歲,60,64,不相關,0.0,女,結婚,博士,相同性別,0
110,,20,石碇區,60～64歲,60,64,不相關,0.0,女,結婚,國中,不同性別,0
110,,20,石碇區,60～64歲,60,64,不相關,0.0,女,結婚,國中,相同性別,0
110,,20,石碇區,60～64歲,60,64,不相關,0.0,女,結婚,國小以下,不同性別,0
110,,20,石碇區,60～64歲,60,64,不相關,0.0,女,結婚,國小以下,相同性別,0
110,,20,石碇區,60～64歲,60,64,不相關,0.0,女,結婚,大學,不同性別,0
110,,20,石碇區,60～64歲,60,64,不相關,0.0,女,結婚,大學,相同性別,0
110,,20,石碇區,60～64歲,60,64,不相關,0.0,女,結婚,專科,不同性別,0
110,,20,石碇區,60～64歲,60,64,不相關,0.0,女,結婚,專科,相同性別,0
110,,20,石碇區,60～64歲,60,64,不相關,0.0,女,結婚,碩士,不同性別,0
110,,20,石碇區,60～64歲,60,64,不相關,0.0,女,結婚,碩士,相同性別,0
110,,20,石碇區,60～64歲,60,64,不相關,0.0,女,結婚,高中職,不同性別,0
110,,20,石碇區,60～64歲,60,64,不相關,0.0,女,結婚,高中職,相同性別,0
110,,20,石碇區,60～64歲,60,64,不相關,0.0,男,結婚,博士,不同性別,0
110,,20,石碇區,60～64歲,60,64,不相關,0.0,男,結婚,博士,相同性別,0
110,,20,石碇區,60～64歲,60,64,不相關,0.0,男,結婚,國中,不同性別,0
110,,20,石碇區,60～64歲,60,64,不相關,0.0,男,結婚,國中,相同性別,0
110,,20,石碇區,60～64歲,60,64,不相關,0.0,男,結婚,國小以下,不同性別,0
110,,20,石碇區,60～64歲,60,64,不相關,0.0,男,結婚,國小以下,相同性別,0
110,,20,石碇區,60～64歲,60,64,不相關,0.0,男,結婚,大學,不同性別,0
110,,20,石碇區,60～64歲,60,64,不相關,0.0,男,結婚,大學,相同性別,0
110,,20,石碇區,60～64歲,60,64,不相關,0.0,男,結婚,專科,不同性別,2
110,,20,石碇區,60～64歲,60,64,不相關,0.0,男,結婚,專科,相同性別,0
110,,20,石碇區,60～64歲,60,64,不相關,0.0,男,結婚,碩士,不同性別,0
110,,20,石碇區,60～64歲,60,64,不相關,0.0,男,結婚,碩士,相同性別,0
110,,20,石碇區,60～64歲,60,64,不相關,0.0,男,結婚,高中職,不同性別,0
110,,20,石碇區,60～64歲,60,64,不相關,0.0,男,結婚,高中職,相同性別,0
110,,20,石碇區,65歲以上,65,120,不相關,0.0,女,結婚,博士,不同性別,0
110,,20,石碇區,65歲以上,65,120,不相關,0.0,女,結婚,博士,相同性別,0
110,,20,石碇區,65歲以上,65,120,不相關,0.0,女,結婚,國中,不同性別,0
110,,20,石碇區,65歲以上,65,120,不相關,0.0,女,結婚,國中,相同性別,0
110,,20,石碇區,65歲以上,65,120,不相關,0.0,女,結婚,國小以下,不同性別,0
110,,20,石碇區,65歲以上,65,120,不相關,0.0,女,結婚,國小以下,相同性別,0
110,,20,石碇區,65歲以上,65,120,不相關,0.0,女,結婚,大學,不同性別,0
110,,20,石碇區,65歲以上,65,120,不相關,0.0,女,結婚,大學,相同性別,0
110,,20,石碇區,65歲以上,65,120,不相關,0.0,女,結婚,專科,不同性別,0
110,,20,石碇區,65歲以上,65,120,不相關,0.0,女,結婚,專科,相同性別,0
110,,20,石碇區,65歲以上,65,120,不相關,0.0,女,結婚,碩士,不同性別,0
110,,20,石碇區,65歲以上,65,120,不相關,0.0,女,結婚,碩士,相同性別,0
110,,20,石碇區,65歲以上,65,120,不相關,0.0,女,結婚,高中職,不同性別,0
110,,20,石碇區,65歲以上,65,120,不相關,0.0,女,結婚,高中職,相同性別,0
110,,20,石碇區,65歲以上,65,120,不相關,0.0,男,結婚,博士,不同性別,0
110,,20,石碇區,65歲以上,65,120,不相關,0.0,男,結婚,博士,相同性別,0
110,,20,石碇區,65歲以上,65,120,不相關,0.0,男,結婚,國中,不同性別,0
110,,20,石碇區,65歲以上,65,120,不相關,0.0,男,結婚,國中,相同性別,0
110,,20,石碇區,65歲以上,65,120,不相關,0.0,男,結婚,國小以下,不同性別,0
110,,20,石碇區,65歲以上,65,120,不相關,0.0,男,結婚,國小以下,相同性別,0
110,,20,石碇區,65歲以上,65,120,不相關,0.0,男,結婚,大學,不同性別,0
110,,20,石碇區,65歲以上,65,120,不相關,0.0,男,結婚,大學,相同性別,0
110,,20,石碇區,65歲以上,65,120,不相關,0.0,男,結婚,專科,不同性別,0
110,,20,石碇區,65歲以上,65,120,不相關,0.0,男,結婚,專科,相同性別,0
110,,20,石碇區,65歲以上,65,120,不相關,0.0,男,結婚,碩士,不同性別,0
110,,20,石碇區,65歲以上,65,120,不相關,0.0,男,結婚,碩士,相同性別,0
110,,20,石碇區,65歲以上,65,120,不相關,0.0,男,結婚,高中職,不同性別,0
110,,20,石碇區,65歲以上,65,120,不相關,0.0,男,結婚,高中職,相同性別,0
110,,21,坪林區,未滿15歲,0,14,不相關,0.0,女,結婚,博士,不同性別,0
110,,21,坪林區,未滿15歲,0,14,不相關,0.0,女,結婚,博士,相同性別,0
110,,21,坪林區,未滿15歲,0,14,不相關,0.0,女,結婚,國中,不同性別,0
110,,21,坪林區,未滿15歲,0,14,不相關,0.0,女,結婚,國中,相同性別,0
110,,21,坪林區,未滿15歲,0,14,不相關,0.0,女,結婚,國小以下,不同性別,0
110,,21,坪林區,未滿15歲,0,14,不相關,0.0,女,結婚,國小以下,相同性別,0
110,,21,坪林區,未滿15歲,0,14,不相關,0.0,女,結婚,大學,不同性別,0
110,,21,坪林區,未滿15歲,0,14,不相關,0.0,女,結婚,大學,相同性別,0
110,,21,坪林區,未滿15歲,0,14,不相關,0.0,女,結婚,專科,不同性別,0
110,,21,坪林區,未滿15歲,0,14,不相關,0.0,女,結婚,專科,相同性別,0
110,,21,坪林區,未滿15歲,0,14,不相關,0.0,女,結婚,碩士,不同性別,0
110,,21,坪林區,未滿15歲,0,14,不相關,0.0,女,結婚,碩士,相同性別,0
110,,21,坪林區,未滿15歲,0,14,不相關,0.0,女,結婚,高中職,不同性別,0
110,,21,坪林區,未滿15歲,0,14,不相關,0.0,女,結婚,高中職,相同性別,0
110,,21,坪林區,未滿15歲,0,14,不相關,0.0,男,結婚,博士,不同性別,0
110,,21,坪林區,未滿15歲,0,14,不相關,0.0,男,結婚,博士,相同性別,0
110,,21,坪林區,未滿15歲,0,14,不相關,0.0,男,結婚,國中,不同性別,0
110,,21,坪林區,未滿15歲,0,14,不相關,0.0,男,結婚,國中,相同性別,0
110,,21,坪林區,未滿15歲,0,14,不相關,0.0,男,結婚,國小以下,不同性別,0
110,,21,坪林區,未滿15歲,0,14,不相關,0.0,男,結婚,國小以下,相同性別,0
110,,21,坪林區,未滿15歲,0,14,不相關,0.0,男,結婚,大學,不同性別,0
110,,21,坪林區,未滿15歲,0,14,不相關,0.0,男,結婚,大學,相同性別,0
110,,21,坪林區,未滿15歲,0,14,不相關,0.0,男,結婚,專科,不同性別,0
110,,21,坪林區,未滿15歲,0,14,不相關,0.0,男,結婚,專科,相同性別,0
110,,21,坪林區,未滿15歲,0,14,不相關,0.0,男,結婚,碩士,不同性別,0
110,,21,坪林區,未滿15歲,0,14,不相關,0.0,男,結婚,碩士,相同性別,0
110,,21,坪林區,未滿15歲,0,14,不相關,0.0,男,結婚,高中職,不同性別,0
110,,21,坪林區,未滿15歲,0,14,不相關,0.0,男,結婚,高中職,相同性別,0
110,,21,坪林區,15～19歲,15,19,部分重疊,0.4,女,結婚,博士,不同性別,0
110,,21,坪林區,15～19歲,15,19,部分重疊,0.4,女,結婚,博士,相同性別,0
110,,21,坪林區,15～19歲,15,19,部分重疊,0.4,女,結婚,國中,不同性別,0
110,,21,坪林區,15～19歲,15,19,部分重疊,0.4,女,結婚,國中,相同性別,0
110,,21,坪林區,15～19歲,15,19,部分重疊,0.4,女,結婚,國小以下,不同性別,0
110,,21,坪林區,15～19歲,15,19,部分重疊,0.4,女,結婚,國小以下,相同性別,0
110,,21,坪林區,15～19歲,15,19,部分重疊,0.4,女,結婚,大學,不同性別,0
110,,21,坪林區,15～19歲,15,19,部分重疊,0.4,女,結婚,大學,相同性別,0
110,,21,坪林區,15～19歲,15,19,部分重疊,0.4,女,結婚,專科,不同性別,0
110,,21,坪林區,15～19歲,15,19,部分重疊,0.4,女,結婚,專科,相同性別,0
110,,21,坪林區,15～19歲,15,19,部分重疊,0.4,女,結婚,碩士,不同性別,0
110,,21,坪林區,15～19歲,15,19,部分重疊,0.4,女,結婚,碩士,相同性別,0
110,,21,坪林區,15～19歲,15,19,部分重疊,0.4,女,結婚,高中職,不同性別,1
110,,21,坪林區,15～19歲,15,19,部分重疊,0.4,女,結婚,高中職,相同性別,0
110,,21,坪林區,15～19歲,15,19,部分重疊,0.4,男,結婚,博士,不同性別,0
110,,21,坪林區,15～19歲,15,19,部分重疊,0.4,男,結婚,博士,相同性別,0
110,,21,坪林區,15～19歲,15,19,部分重疊,0.4,男,結婚,國中,不同性別,0
110,,21,坪林區,15～19歲,15,19,部分重疊,0.4,男,結婚,國中,相同性別,0
110,,21,坪林區,15～19歲,15,19,部分重疊,0.4,男,結婚,國小以下,不同性別,0
110,,21,坪林區,15～19歲,15,19,部分重疊,0.4,男,結婚,國小以下,相同性別,0
110,,21,坪林區,15～19歲,15,19,部分重疊,0.4,男,結婚,大學,不同性別,0
110,,21,坪林區,15～19歲,15,19,部分重疊,0.4,男,結婚,大學,相同性別,0
110,,21,坪林區,15～19歲,15,19,部分重疊,0.4,男,結婚,專科,不同性別,0
110,,21,坪林區,15～19歲,15,19,部分重疊,0.4,男,結婚,專科,相同性別,0
110,,21,坪林區,15～19歲,15,19,部分重疊,0.4,男,結婚,碩士,不同性別,0
110,,21,坪林區,15～19歲,15,19,部分重疊,0.4,男,結婚,碩士,相同性別,0
110,,21,坪林區,15～19歲,15,19,部分重疊,0.4,男,結婚,高中職,不同性別,0
110,,21,坪林區,15～19歲,15,19,部分重疊,0.4,男,結婚,高中職,相同性別,0
110,,21,坪林區,20～24歲,20,24,完全落入,1.0,女,結婚,博士,不同性別,0
110,,21,坪林區,20～24歲,20,24,完全落入,1.0,女,結婚,博士,相同性別,0
110,,21,坪林區,20～24歲,20,24,完全落入,1.0,女,結婚,國中,不同性別,1
110,,21,坪林區,20～24歲,20,24,完全落入,1.0,女,結婚,國中,相同性別,0
110,,21,坪林區,20～24歲,20,24,完全落入,1.0,女,結婚,國小以下,不同性別,0
110,,21,坪林區,20～24歲,20,24,完全落入,1.0,女,結婚,國小以下,相同性別,0
110,,21,坪林區,20～24歲,20,24,完全落入,1.0,女,結婚,大學,不同性別,2
110,,21,坪林區,20～24歲,20,24,完全落入,1.0,女,結婚,大學,相同性別,0
110,,21,坪林區,20～24歲,20,24,完全落入,1.0,女,結婚,專科,不同性別,0
110,,21,坪林區,20～24歲,20,24,完全落入,1.0,女,結婚,專科,相同性別,0
110,,21,坪林區,20～24歲,20,24,完全落入,1.0,女,結婚,碩士,不同性別,0
110,,21,坪林區,20～24歲,20,24,完全落入,1.0,女,結婚,碩士,相同性別,0
110,,21,坪林區,20～24歲,20,24,完全落入,1.0,女,結婚,高中職,不同性別,0
110,,21,坪林區,20～24歲,20,24,完全落入,1.0,女,結婚,高中職,相同性別,0
110,,21,坪林區,20～24歲,20,24,完全落入,1.0,男,結婚,博士,不同性別,0
110,,21,坪林區,20～24歲,20,24,完全落入,1.0,男,結婚,博士,相同性別,0
110,,21,坪林區,20～24歲,20,24,完全落入,1.0,男,結婚,國中,不同性別,0
110,,21,坪林區,20～24歲,20,24,完全落入,1.0,男,結婚,國中,相同性別,0
110,,21,坪林區,20～24歲,20,24,完全落入,1.0,男,結婚,國小以下,不同性別,0
110,,21,坪林區,20～24歲,20,24,完全落入,1.0,男,結婚,國小以下,相同性別,0
110,,21,坪林區,20～24歲,20,24,完全落入,1.0,男,結婚,大學,不同性別,1
110,,21,坪林區,20～24歲,20,24,完全落入,1.0,男,結婚,大學,相同性別,0
110,,21,坪林區,20～24歲,20,24,完全落入,1.0,男,結婚,專科,不同性別,0
110,,21,坪林區,20～24歲,20,24,完全落入,1.0,男,結婚,專科,相同性別,0
110,,21,坪林區,20～24歲,20,24,完全落入,1.0,男,結婚,碩士,不同性別,0
110,,21,坪林區,20～24歲,20,24,完全落入,1.0,男,結婚,碩士,相同性別,0
110,,21,坪林區,20～24歲,20,24,完全落入,1.0,男,結婚,高中職,不同性別,0
110,,21,坪林區,20～24歲,20,24,完全落入,1.0,男,結婚,高中職,相同性別,0
110,,21,坪林區,25～29歲,25,29,完全落入,1.0,女,結婚,博士,不同性別,0
110,,21,坪林區,25～29歲,25,29,完全落入,1.0,女,結婚,博士,相同性別,0
110,,21,坪林區,25～29歲,25,29,完全落入,1.0,女,結婚,國中,不同性別,0
110,,21,坪林區,25～29歲,25,29,完全落入,1.0,女,結婚,國中,相同性別,0
110,,21,坪林區,25～29歲,25,29,完全落入,1.0,女,結婚,國小以下,不同性別,0
110,,21,坪林區,25～29歲,25,29,完全落入,1.0,女,結婚,國小以下,相同性別,0
110,,21,坪林區,25～29歲,25,29,完全落入,1.0,女,結婚,大學,不同性別,3
110,,21,坪林區,25～29歲,25,29,完全落入,1.0,女,結婚,大學,相同性別,0
110,,21,坪林區,25～29歲,25,29,完全落入,1.0,女,結婚,專科,不同性別,0
110,,21,坪林區,25～29歲,25,29,完全落入,1.0,女,結婚,專科,相同性別,0
110,,21,坪林區,25～29歲,25,29,完全落入,1.0,女,結婚,碩士,不同性別,0
110,,21,坪林區,25～29歲,25,29,完全落入,1.0,女,結婚,碩士,相同性別,0
110,,21,坪林區,25～29歲,25,29,完全落入,1.0,女,結婚,高中職,不同性別,1
110,,21,坪林區,25～29歲,25,29,完全落入,1.0,女,結婚,高中職,相同性別,0
110,,21,坪林區,25～29歲,25,29,完全落入,1.0,男,結婚,博士,不同性別,0
110,,21,坪林區,25～29歲,25,29,完全落入,1.0,男,結婚,博士,相同性別,0
110,,21,坪林區,25～29歲,25,29,完全落入,1.0,男,結婚,國中,不同性別,0
110,,21,坪林區,25～29歲,25,29,完全落入,1.0,男,結婚,國中,相同性別,0
110,,21,坪林區,25～29歲,25,29,完全落入,1.0,男,結婚,國小以下,不同性別,0
110,,21,坪林區,25～29歲,25,29,完全落入,1.0,男,結婚,國小以下,相同性別,0
110,,21,坪林區,25～29歲,25,29,完全落入,1.0,男,結婚,大學,不同性別,5
110,,21,坪林區,25～29歲,25,29,完全落入,1.0,男,結婚,大學,相同性別,0
110,,21,坪林區,25～29歲,25,29,完全落入,1.0,男,結婚,專科,不同性別,0
110,,21,坪林區,25～29歲,25,29,完全落入,1.0,男,結婚,專科,相同性別,0
110,,21,坪林區,25～29歲,25,29,完全落入,1.0,男,結婚,碩士,不同性別,0
110,,21,坪林區,25～29歲,25,29,完全落入,1.0,男,結婚,碩士,相同性別,0
110,,21,坪林區,25～29歲,25,29,完全落入,1.0,男,結婚,高中職,不同性別,1
110,,21,坪林區,25～29歲,25,29,完全落入,1.0,男,結婚,高中職,相同性別,0
110,,21,坪林區,30～34歲,30,34,完全落入,1.0,女,結婚,博士,不同性別,0
110,,21,坪林區,30～34歲,30,34,完全落入,1.0,女,結婚,博士,相同性別,0
110,,21,坪林區,30～34歲,30,34,完全落入,1.0,女,結婚,國中,不同性別,0
110,,21,坪林區,30～34歲,30,34,完全落入,1.0,女,結婚,國中,相同性別,0
110,,21,坪林區,30～34歲,30,34,完全落入,1.0,女,結婚,國小以下,不同性別,0
110,,21,坪林區,30～34歲,30,34,完全落入,1.0,女,結婚,國小以下,相同性別,0
110,,21,坪林區,30～34歲,30,34,完全落入,1.0,女,結婚,大學,不同性別,4
110,,21,坪林區,30～34歲,30,34,完全落入,1.0,女,結婚,大學,相同性別,0
110,,21,坪林區,30～34歲,30,34,完全落入,1.0,女,結婚,專科,不同性別,0
110,,21,坪林區,30～34歲,30,34,完全落入,1.0,女,結婚,專科,相同性別,0
110,,21,坪林區,30～34歲,30,34,完全落入,1.0,女,結婚,碩士,不同性別,0
110,,21,坪林區,30～34歲,30,34,完全落入,1.0,女,結婚,碩士,相同性別,0
110,,21,坪林區,30～34歲,30,34,完全落入,1.0,女,結婚,高中職,不同性別,1
110,,21,坪林區,30～34歲,30,34,完全落入,1.0,女,結婚,高中職,相同性別,0
110,,21,坪林區,30～34歲,30,34,完全落入,1.0,男,結婚,博士,不同性別,0
110,,21,坪林區,30～34歲,30,34,完全落入,1.0,男,結婚,博士,相同性別,0
110,,21,坪林區,30～34歲,30,34,完全落入,1.0,男,結婚,國中,不同性別,0
110,,21,坪林區,30～34歲,30,34,完全落入,1.0,男,結婚,國中,相同性別,0
110,,21,坪林區,30～34歲,30,34,完全落入,1.0,男,結婚,國小以下,不同性別,0
110,,21,坪林區,30～34歲,30,34,完全落入,1.0,男,結婚,國小以下,相同性別,0
110,,21,坪林區,30～34歲,30,34,完全落入,1.0,男,結婚,大學,不同性別,1
110,,21,坪林區,30～34歲,30,34,完全落入,1.0,男,結婚,大學,相同性別,0
110,,21,坪林區,30～34歲,30,34,完全落入,1.0,男,結婚,專科,不同性別,0
110,,21,坪林區,30～34歲,30,34,完全落入,1.0,男,結婚,專科,相同性別,0
110,,21,坪林區,30～34歲,30,34,完全落入,1.0,男,結婚,碩士,不同性別,2
110,,21,坪林區,30～34歲,30,34,完全落入,1.0,男,結婚,碩士,相同性別,0
110,,21,坪林區,30～34歲,30,34,完全落入,1.0,男,結婚,高中職,不同性別,2
110,,21,坪林區,30～34歲,30,34,完全落入,1.0,男,結婚,高中職,相同性別,0
110,,21,坪林區,35～39歲,35,39,部分重疊,0.2,女,結婚,博士,不同性別,0
110,,21,坪林區,35～39歲,35,39,部分重疊,0.2,女,結婚,博士,相同性別,0
110,,21,坪林區,35～39歲,35,39,部分重疊,0.2,女,結婚,國中,不同性別,1
110,,21,坪林區,35～39歲,35,39,部分重疊,0.2,女,結婚,國中,相同性別,0
110,,21,坪林區,35～39歲,35,39,部分重疊,0.2,女,結婚,國小以下,不同性別,0
110,,21,坪林區,35～39歲,35,39,部分重疊,0.2,女,結婚,國小以下,相同性別,0
110,,21,坪林區,35～39歲,35,39,部分重疊,0.2,女,結婚,大學,不同性別,0
110,,21,坪林區,35～39歲,35,39,部分重疊,0.2,女,結婚,大學,相同性別,0
110,,21,坪林區,35～39歲,35,39,部分重疊,0.2,女,結婚,專科,不同性別,0
110,,21,坪林區,35～39歲,35,39,部分重疊,0.2,女,結婚,專科,相同性別,0
110,,21,坪林區,35～39歲,35,39,部分重疊,0.2,女,結婚,碩士,不同性別,1
110,,21,坪林區,35～39歲,35,39,部分重疊,0.2,女,結婚,碩士,相同性別,0
110,,21,坪林區,35～39歲,35,39,部分重疊,0.2,女,結婚,高中職,不同性別,0
110,,21,坪林區,35～39歲,35,39,部分重疊,0.2,女,結婚,高中職,相同性別,0
110,,21,坪林區,35～39歲,35,39,部分重疊,0.2,男,結婚,博士,不同性別,0
110,,21,坪林區,35～39歲,35,39,部分重疊,0.2,男,結婚,博士,相同性別,0
110,,21,坪林區,35～39歲,35,39,部分重疊,0.2,男,結婚,國中,不同性別,0
110,,21,坪林區,35～39歲,35,39,部分重疊,0.2,男,結婚,國中,相同性別,0
110,,21,坪林區,35～39歲,35,39,部分重疊,0.2,男,結婚,國小以下,不同性別,0
110,,21,坪林區,35～39歲,35,39,部分重疊,0.2,男,結婚,國小以下,相同性別,0
110,,21,坪林區,35～39歲,35,39,部分重疊,0.2,男,結婚,大學,不同性別,1
110,,21,坪林區,35～39歲,35,39,部分重疊,0.2,男,結婚,大學,相同性別,0
110,,21,坪林區,35～39歲,35,39,部分重疊,0.2,男,結婚,專科,不同性別,0
110,,21,坪林區,35～39歲,35,39,部分重疊,0.2,男,結婚,專科,相同性別,0
110,,21,坪林區,35～39歲,35,39,部分重疊,0.2,男,結婚,碩士,不同性別,0
110,,21,坪林區,35～39歲,35,39,部分重疊,0.2,男,結婚,碩士,相同性別,0
110,,21,坪林區,35～39歲,35,39,部分重疊,0.2,男,結婚,高中職,不同性別,4
110,,21,坪林區,35～39歲,35,39,部分重疊,0.2,男,結婚,高中職,相同性別,0
110,,21,坪林區,40～44歲,40,44,不相關,0.0,女,結婚,博士,不同性別,0
110,,21,坪林區,40～44歲,40,44,不相關,0.0,女,結婚,博士,相同性別,0
110,,21,坪林區,40～44歲,40,44,不相關,0.0,女,結婚,國中,不同性別,0
110,,21,坪林區,40～44歲,40,44,不相關,0.0,女,結婚,國中,相同性別,0
110,,21,坪林區,40～44歲,40,44,不相關,0.0,女,結婚,國小以下,不同性別,2
110,,21,坪林區,40～44歲,40,44,不相關,0.0,女,結婚,國小以下,相同性別,0
110,,21,坪林區,40～44歲,40,44,不相關,0.0,女,結婚,大學,不同性別,1
110,,21,坪林區,40～44歲,40,44,不相關,0.0,女,結婚,大學,相同性別,0
110,,21,坪林區,40～44歲,40,44,不相關,0.0,女,結婚,專科,不同性別,0
110,,21,坪林區,40～44歲,40,44,不相關,0.0,女,結婚,專科,相同性別,0
110,,21,坪林區,40～44歲,40,44,不相關,0.0,女,結婚,碩士,不同性別,0
110,,21,坪林區,40～44歲,40,44,不相關,0.0,女,結婚,碩士,相同性別,0
110,,21,坪林區,40～44歲,40,44,不相關,0.0,女,結婚,高中職,不同性別,1
110,,21,坪林區,40～44歲,40,44,不相關,0.0,女,結婚,高中職,相同性別,0
110,,21,坪林區,40～44歲,40,44,不相關,0.0,男,結婚,博士,不同性別,0
110,,21,坪林區,40～44歲,40,44,不相關,0.0,男,結婚,博士,相同性別,0
110,,21,坪林區,40～44歲,40,44,不相關,0.0,男,結婚,國中,不同性別,0
110,,21,坪林區,40～44歲,40,44,不相關,0.0,男,結婚,國中,相同性別,0
110,,21,坪林區,40～44歲,40,44,不相關,0.0,男,結婚,國小以下,不同性別,0
110,,21,坪林區,40～44歲,40,44,不相關,0.0,男,結婚,國小以下,相同性別,0
110,,21,坪林區,40～44歲,40,44,不相關,0.0,男,結婚,大學,不同性別,0
110,,21,坪林區,40～44歲,40,44,不相關,0.0,男,結婚,大學,相同性別,0
110,,21,坪林區,40～44歲,40,44,不相關,0.0,男,結婚,專科,不同性別,0
110,,21,坪林區,40～44歲,40,44,不相關,0.0,男,結婚,專科,相同性別,0
110,,21,坪林區,40～44歲,40,44,不相關,0.0,男,結婚,碩士,不同性別,0
110,,21,坪林區,40～44歲,40,44,不相關,0.0,男,結婚,碩士,相同性別,0
110,,21,坪林區,40～44歲,40,44,不相關,0.0,男,結婚,高中職,不同性別,1
110,,21,坪林區,40～44歲,40,44,不相關,0.0,男,結婚,高中職,相同性別,0
110,,21,坪林區,45～49歲,45,49,不相關,0.0,女,結婚,博士,不同性別,0
110,,21,坪林區,45～49歲,45,49,不相關,0.0,女,結婚,博士,相同性別,0
110,,21,坪林區,45～49歲,45,49,不相關,0.0,女,結婚,國中,不同性別,0
110,,21,坪林區,45～49歲,45,49,不相關,0.0,女,結婚,國中,相同性別,0
110,,21,坪林區,45～49歲,45,49,不相關,0.0,女,結婚,國小以下,不同性別,0
110,,21,坪林區,45～49歲,45,49,不相關,0.0,女,結婚,國小以下,相同性別,0
110,,21,坪林區,45～49歲,45,49,不相關,0.0,女,結婚,大學,不同性別,0
110,,21,坪林區,45～49歲,45,49,不相關,0.0,女,結婚,大學,相同性別,0
110,,21,坪林區,45～49歲,45,49,不相關,0.0,女,結婚,專科,不同性別,0
110,,21,坪林區,45～49歲,45,49,不相關,0.0,女,結婚,專科,相同性別,0
110,,21,坪林區,45～49歲,45,49,不相關,0.0,女,結婚,碩士,不同性別,0
110,,21,坪林區,45～49歲,45,49,不相關,0.0,女,結婚,碩士,相同性別,0
110,,21,坪林區,45～49歲,45,49,不相關,0.0,女,結婚,高中職,不同性別,0
110,,21,坪林區,45～49歲,45,49,不相關,0.0,女,結婚,高中職,相同性別,0
110,,21,坪林區,45～49歲,45,49,不相關,0.0,男,結婚,博士,不同性別,0
110,,21,坪林區,45～49歲,45,49,不相關,0.0,男,結婚,博士,相同性別,0
110,,21,坪林區,45～49歲,45,49,不相關,0.0,男,結婚,國中,不同性別,0
110,,21,坪林區,45～49歲,45,49,不相關,0.0,男,結婚,國中,相同性別,0
110,,21,坪林區,45～49歲,45,49,不相關,0.0,男,結婚,國小以下,不同性別,0
110,,21,坪林區,45～49歲,45,49,不相關,0.0,男,結婚,國小以下,相同性別,0
110,,21,坪林區,45～49歲,45,49,不相關,0.0,男,結婚,大學,不同性別,0
110,,21,坪林區,45～49歲,45,49,不相關,0.0,男,結婚,大學,相同性別,0
110,,21,坪林區,45～49歲,45,49,不相關,0.0,男,結婚,專科,不同性別,0
110,,21,坪林區,45～49歲,45,49,不相關,0.0,男,結婚,專科,相同性別,0
110,,21,坪林區,45～49歲,45,49,不相關,0.0,男,結婚,碩士,不同性別,0
110,,21,坪林區,45～49歲,45,49,不相關,0.0,男,結婚,碩士,相同性別,0
110,,21,坪林區,45～49歲,45,49,不相關,0.0,男,結婚,高中職,不同性別,1
110,,21,坪林區,45～49歲,45,49,不相關,0.0,男,結婚,高中職,相同性別,0
110,,21,坪林區,50～54歲,50,54,不相關,0.0,女,結婚,博士,不同性別,0
110,,21,坪林區,50～54歲,50,54,不相關,0.0,女,結婚,博士,相同性別,0
110,,21,坪林區,50～54歲,50,54,不相關,0.0,女,結婚,國中,不同性別,0
110,,21,坪林區,50～54歲,50,54,不相關,0.0,女,結婚,國中,相同性別,0
110,,21,坪林區,50～54歲,50,54,不相關,0.0,女,結婚,國小以下,不同性別,0
110,,21,坪林區,50～54歲,50,54,不相關,0.0,女,結婚,國小以下,相同性別,0
110,,21,坪林區,50～54歲,50,54,不相關,0.0,女,結婚,大學,不同性別,0
110,,21,坪林區,50～54歲,50,54,不相關,0.0,女,結婚,大學,相同性別,0
110,,21,坪林區,50～54歲,50,54,不相關,0.0,女,結婚,專科,不同性別,0
110,,21,坪林區,50～54歲,50,54,不相關,0.0,女,結婚,專科,相同性別,0
110,,21,坪林區,50～54歲,50,54,不相關,0.0,女,結婚,碩士,不同性別,1
110,,21,坪林區,50～54歲,50,54,不相關,0.0,女,結婚,碩士,相同性別,0
110,,21,坪林區,50～54歲,50,54,不相關,0.0,女,結婚,高中職,不同性別,0
110,,21,坪林區,50～54歲,50,54,不相關,0.0,女,結婚,高中職,相同性別,0
110,,21,坪林區,50～54歲,50,54,不相關,0.0,男,結婚,博士,不同性別,0
110,,21,坪林區,50～54歲,50,54,不相關,0.0,男,結婚,博士,相同性別,0
110,,21,坪林區,50～54歲,50,54,不相關,0.0,男,結婚,國中,不同性別,0
110,,21,坪林區,50～54歲,50,54,不相關,0.0,男,結婚,國中,相同性別,0
110,,21,坪林區,50～54歲,50,54,不相關,0.0,男,結婚,國小以下,不同性別,0
110,,21,坪林區,50～54歲,50,54,不相關,0.0,男,結婚,國小以下,相同性別,0
110,,21,坪林區,50～54歲,50,54,不相關,0.0,男,結婚,大學,不同性別,0
110,,21,坪林區,50～54歲,50,54,不相關,0.0,男,結婚,大學,相同性別,0
110,,21,坪林區,50～54歲,50,54,不相關,0.0,男,結婚,專科,不同性別,1
110,,21,坪林區,50～54歲,50,54,不相關,0.0,男,結婚,專科,相同性別,0
110,,21,坪林區,50～54歲,50,54,不相關,0.0,男,結婚,碩士,不同性別,0
110,,21,坪林區,50～54歲,50,54,不相關,0.0,男,結婚,碩士,相同性別,0
110,,21,坪林區,50～54歲,50,54,不相關,0.0,男,結婚,高中職,不同性別,0
110,,21,坪林區,50～54歲,50,54,不相關,0.0,男,結婚,高中職,相同性別,0
110,,21,坪林區,55～59歲,55,59,不相關,0.0,女,結婚,博士,不同性別,0
110,,21,坪林區,55～59歲,55,59,不相關,0.0,女,結婚,博士,相同性別,0
110,,21,坪林區,55～59歲,55,59,不相關,0.0,女,結婚,國中,不同性別,0
110,,21,坪林區,55～59歲,55,59,不相關,0.0,女,結婚,國中,相同性別,0
110,,21,坪林區,55～59歲,55,59,不相關,0.0,女,結婚,國小以下,不同性別,0
110,,21,坪林區,55～59歲,55,59,不相關,0.0,女,結婚,國小以下,相同性別,0
110,,21,坪林區,55～59歲,55,59,不相關,0.0,女,結婚,大學,不同性別,0
110,,21,坪林區,55～59歲,55,59,不相關,0.0,女,結婚,大學,相同性別,0
110,,21,坪林區,55～59歲,55,59,不相關,0.0,女,結婚,專科,不同性別,0
110,,21,坪林區,55～59歲,55,59,不相關,0.0,女,結婚,專科,相同性別,0
110,,21,坪林區,55～59歲,55,59,不相關,0.0,女,結婚,碩士,不同性別,0
110,,21,坪林區,55～59歲,55,59,不相關,0.0,女,結婚,碩士,相同性別,0
110,,21,坪林區,55～59歲,55,59,不相關,0.0,女,結婚,高中職,不同性別,0
110,,21,坪林區,55～59歲,55,59,不相關,0.0,女,結婚,高中職,相同性別,0
110,,21,坪林區,55～59歲,55,59,不相關,0.0,男,結婚,博士,不同性別,0
110,,21,坪林區,55～59歲,55,59,不相關,0.0,男,結婚,博士,相同性別,0
110,,21,坪林區,55～59歲,55,59,不相關,0.0,男,結婚,國中,不同性別,0
110,,21,坪林區,55～59歲,55,59,不相關,0.0,男,結婚,國中,相同性別,0
110,,21,坪林區,55～59歲,55,59,不相關,0.0,男,結婚,國小以下,不同性別,0
110,,21,坪林區,55～59歲,55,59,不相關,0.0,男,結婚,國小以下,相同性別,0
110,,21,坪林區,55～59歲,55,59,不相關,0.0,男,結婚,大學,不同性別,0
110,,21,坪林區,55～59歲,55,59,不相關,0.0,男,結婚,大學,相同性別,0
110,,21,坪林區,55～59歲,55,59,不相關,0.0,男,結婚,專科,不同性別,0
110,,21,坪林區,55～59歲,55,59,不相關,0.0,男,結婚,專科,相同性別,0
110,,21,坪林區,55～59歲,55,59,不相關,0.0,男,結婚,碩士,不同性別,0
110,,21,坪林區,55～59歲,55,59,不相關,0.0,男,結婚,碩士,相同性別,0
110,,21,坪林區,55～59歲,55,59,不相關,0.0,男,結婚,高中職,不同性別,0
110,,21,坪林區,55～59歲,55,59,不相關,0.0,男,結婚,高中職,相同性別,0
110,,21,坪林區,60～64歲,60,64,不相關,0.0,女,結婚,博士,不同性別,0
110,,21,坪林區,60～64歲,60,64,不相關,0.0,女,結婚,博士,相同性別,0
110,,21,坪林區,60～64歲,60,64,不相關,0.0,女,結婚,國中,不同性別,0
110,,21,坪林區,60～64歲,60,64,不相關,0.0,女,結婚,國中,相同性別,0
110,,21,坪林區,60～64歲,60,64,不相關,0.0,女,結婚,國小以下,不同性別,0
110,,21,坪林區,60～64歲,60,64,不相關,0.0,女,結婚,國小以下,相同性別,0
110,,21,坪林區,60～64歲,60,64,不相關,0.0,女,結婚,大學,不同性別,0
110,,21,坪林區,60～64歲,60,64,不相關,0.0,女,結婚,大學,相同性別,0
110,,21,坪林區,60～64歲,60,64,不相關,0.0,女,結婚,專科,不同性別,0
110,,21,坪林區,60～64歲,60,64,不相關,0.0,女,結婚,專科,相同性別,0
110,,21,坪林區,60～64歲,60,64,不相關,0.0,女,結婚,碩士,不同性別,0
110,,21,坪林區,60～64歲,60,64,不相關,0.0,女,結婚,碩士,相同性別,0
110,,21,坪林區,60～64歲,60,64,不相關,0.0,女,結婚,高中職,不同性別,0
110,,21,坪林區,60～64歲,60,64,不相關,0.0,女,結婚,高中職,相同性別,0
110,,21,坪林區,60～64歲,60,64,不相關,0.0,男,結婚,博士,不同性別,0
110,,21,坪林區,60～64歲,60,64,不相關,0.0,男,結婚,博士,相同性別,0
110,,21,坪林區,60～64歲,60,64,不相關,0.0,男,結婚,國中,不同性別,0
110,,21,坪林區,60～64歲,60,64,不相關,0.0,男,結婚,國中,相同性別,0
110,,21,坪林區,60～64歲,60,64,不相關,0.0,男,結婚,國小以下,不同性別,0
110,,21,坪林區,60～64歲,60,64,不相關,0.0,男,結婚,國小以下,相同性別,0
110,,21,坪林區,60～64歲,60,64,不相關,0.0,男,結婚,大學,不同性別,0
110,,21,坪林區,60～64歲,60,64,不相關,0.0,男,結婚,大學,相同性別,0
110,,21,坪林區,60～64歲,60,64,不相關,0.0,男,結婚,專科,不同性別,0
110,,21,坪林區,60～64歲,60,64,不相關,0.0,男,結婚,專科,相同性別,0
110,,21,坪林區,60～64歲,60,64,不相關,0.0,男,結婚,碩士,不同性別,0
110,,21,坪林區,60～64歲,60,64,不相關,0.0,男,結婚,碩士,相同性別,0
110,,21,坪林區,60～64歲,60,64,不相關,0.0,男,結婚,高中職,不同性別,0
110,,21,坪林區,60～64歲,60,64,不相關,0.0,男,結婚,高中職,相同性別,0
110,,21,坪林區,65歲以上,65,120,不相關,0.0,女,結婚,博士,不同性別,0
110,,21,坪林區,65歲以上,65,120,不相關,0.0,女,結婚,博士,相同性別,0
110,,21,坪林區,65歲以上,65,120,不相關,0.0,女,結婚,國中,不同性別,0
110,,21,坪林區,65歲以上,65,120,不相關,0.0,女,結婚,國中,相同性別,0
110,,21,坪林區,65歲以上,65,120,不相關,0.0,女,結婚,國小以下,不同性別,0
110,,21,坪林區,65歲以上,65,120,不相關,0.0,女,結婚,國小以下,相同性別,0
110,,21,坪林區,65歲以上,65,120,不相關,0.0,女,結婚,大學,不同性別,0
110,,21,坪林區,65歲以上,65,120,不相關,0.0,女,結婚,大學,相同性別,0
110,,21,坪林區,65歲以上,65,120,不相關,0.0,女,結婚,專科,不同性別,0
110,,21,坪林區,65歲以上,65,120,不相關,0.0,女,結婚,專科,相同性別,0
110,,21,坪林區,65歲以上,65,120,不相關,0.0,女,結婚,碩士,不同性別,0
110,,21,坪林區,65歲以上,65,120,不相關,0.0,女,結婚,碩士,相同性別,0
110,,21,坪林區,65歲以上,65,120,不相關,0.0,女,結婚,高中職,不同性別,0
110,,21,坪林區,65歲以上,65,120,不相關,0.0,女,結婚,高中職,相同性別,0
110,,21,坪林區,65歲以上,65,120,不相關,0.0,男,結婚,博士,不同性別,0
110,,21,坪林區,65歲以上,65,120,不相關,0.0,男,結婚,博士,相同性別,0
110,,21,坪林區,65歲以上,65,120,不相關,0.0,男,結婚,國中,不同性別,0
110,,21,坪林區,65歲以上,65,120,不相關,0.0,男,結婚,國中,相同性別,0
110,,21,坪林區,65歲以上,65,120,不相關,0.0,男,結婚,國小以下,不同性別,0
110,,21,坪林區,65歲以上,65,120,不相關,0.0,男,結婚,國小以下,相同性別,0
110,,21,坪林區,65歲以上,65,120,不相關,0.0,男,結婚,大學,不同性別,0
110,,21,坪林區,65歲以上,65,120,不相關,0.0,男,結婚,大學,相同性別,0
110,,21,坪林區,65歲以上,65,120,不相關,0.0,男,結婚,專科,不同性別,0
110,,21,坪林區,65歲以上,65,120,不相關,0.0,男,結婚,專科,相同性別,0
110,,21,坪林區,65歲以上,65,120,不相關,0.0,男,結婚,碩士,不同性別,0
110,,21,坪林區,65歲以上,65,120,不相關,0.0,男,結婚,碩士,相同性別,0
110,,21,坪林區,65歲以上,65,120,不相關,0.0,男,結婚,高中職,不同性別,0
110,,21,坪林區,65歲以上,65,120,不相關,0.0,男,結婚,高中職,相同性別,0
110,,22,三芝區,未滿15歲,0,14,不相關,0.0,女,結婚,博士,不同性別,0
110,,22,三芝區,未滿15歲,0,14,不相關,0.0,女,結婚,博士,相同性別,0
110,,22,三芝區,未滿15歲,0,14,不相關,0.0,女,結婚,國中,不同性別,0
110,,22,三芝區,未滿15歲,0,14,不相關,0.0,女,結婚,國中,相同性別,0
110,,22,三芝區,未滿15歲,0,14,不相關,0.0,女,結婚,國小以下,不同性別,0
110,,22,三芝區,未滿15歲,0,14,不相關,0.0,女,結婚,國小以下,相同性別,0
110,,22,三芝區,未滿15歲,0,14,不相關,0.0,女,結婚,大學,不同性別,0
110,,22,三芝區,未滿15歲,0,14,不相關,0.0,女,結婚,大學,相同性別,0
110,,22,三芝區,未滿15歲,0,14,不相關,0.0,女,結婚,專科,不同性別,0
110,,22,三芝區,未滿15歲,0,14,不相關,0.0,女,結婚,專科,相同性別,0
110,,22,三芝區,未滿15歲,0,14,不相關,0.0,女,結婚,碩士,不同性別,0
110,,22,三芝區,未滿15歲,0,14,不相關,0.0,女,結婚,碩士,相同性別,0
110,,22,三芝區,未滿15歲,0,14,不相關,0.0,女,結婚,高中職,不同性別,0
110,,22,三芝區,未滿15歲,0,14,不相關,0.0,女,結婚,高中職,相同性別,0
110,,22,三芝區,未滿15歲,0,14,不相關,0.0,男,結婚,博士,不同性別,0
110,,22,三芝區,未滿15歲,0,14,不相關,0.0,男,結婚,博士,相同性別,0
110,,22,三芝區,未滿15歲,0,14,不相關,0.0,男,結婚,國中,不同性別,0
110,,22,三芝區,未滿15歲,0,14,不相關,0.0,男,結婚,國中,相同性別,0
110,,22,三芝區,未滿15歲,0,14,不相關,0.0,男,結婚,國小以下,不同性別,0
110,,22,三芝區,未滿15歲,0,14,不相關,0.0,男,結婚,國小以下,相同性別,0
110,,22,三芝區,未滿15歲,0,14,不相關,0.0,男,結婚,大學,不同性別,0
110,,22,三芝區,未滿15歲,0,14,不相關,0.0,男,結婚,大學,相同性別,0
110,,22,三芝區,未滿15歲,0,14,不相關,0.0,男,結婚,專科,不同性別,0
110,,22,三芝區,未滿15歲,0,14,不相關,0.0,男,結婚,專科,相同性別,0
110,,22,三芝區,未滿15歲,0,14,不相關,0.0,男,結婚,碩士,不同性別,0
110,,22,三芝區,未滿15歲,0,14,不相關,0.0,男,結婚,碩士,相同性別,0
110,,22,三芝區,未滿15歲,0,14,不相關,0.0,男,結婚,高中職,不同性別,0
110,,22,三芝區,未滿15歲,0,14,不相關,0.0,男,結婚,高中職,相同性別,0
110,,22,三芝區,15～19歲,15,19,部分重疊,0.4,女,結婚,博士,不同性別,0
110,,22,三芝區,15～19歲,15,19,部分重疊,0.4,女,結婚,博士,相同性別,0
110,,22,三芝區,15～19歲,15,19,部分重疊,0.4,女,結婚,國中,不同性別,3
110,,22,三芝區,15～19歲,15,19,部分重疊,0.4,女,結婚,國中,相同性別,0
110,,22,三芝區,15～19歲,15,19,部分重疊,0.4,女,結婚,國小以下,不同性別,0
110,,22,三芝區,15～19歲,15,19,部分重疊,0.4,女,結婚,國小以下,相同性別,0
110,,22,三芝區,15～19歲,15,19,部分重疊,0.4,女,結婚,大學,不同性別,0
110,,22,三芝區,15～19歲,15,19,部分重疊,0.4,女,結婚,大學,相同性別,0
110,,22,三芝區,15～19歲,15,19,部分重疊,0.4,女,結婚,專科,不同性別,0
110,,22,三芝區,15～19歲,15,19,部分重疊,0.4,女,結婚,專科,相同性別,0
110,,22,三芝區,15～19歲,15,19,部分重疊,0.4,女,結婚,碩士,不同性別,0
110,,22,三芝區,15～19歲,15,19,部分重疊,0.4,女,結婚,碩士,相同性別,0
110,,22,三芝區,15～19歲,15,19,部分重疊,0.4,女,結婚,高中職,不同性別,0
110,,22,三芝區,15～19歲,15,19,部分重疊,0.4,女,結婚,高中職,相同性別,0
110,,22,三芝區,15～19歲,15,19,部分重疊,0.4,男,結婚,博士,不同性別,0
110,,22,三芝區,15～19歲,15,19,部分重疊,0.4,男,結婚,博士,相同性別,0
110,,22,三芝區,15～19歲,15,19,部分重疊,0.4,男,結婚,國中,不同性別,0
110,,22,三芝區,15～19歲,15,19,部分重疊,0.4,男,結婚,國中,相同性別,0
110,,22,三芝區,15～19歲,15,19,部分重疊,0.4,男,結婚,國小以下,不同性別,0
110,,22,三芝區,15～19歲,15,19,部分重疊,0.4,男,結婚,國小以下,相同性別,0
110,,22,三芝區,15～19歲,15,19,部分重疊,0.4,男,結婚,大學,不同性別,0
110,,22,三芝區,15～19歲,15,19,部分重疊,0.4,男,結婚,大學,相同性別,0
110,,22,三芝區,15～19歲,15,19,部分重疊,0.4,男,結婚,專科,不同性別,0
110,,22,三芝區,15～19歲,15,19,部分重疊,0.4,男,結婚,專科,相同性別,0
110,,22,三芝區,15～19歲,15,19,部分重疊,0.4,男,結婚,碩士,不同性別,0
110,,22,三芝區,15～19歲,15,19,部分重疊,0.4,男,結婚,碩士,相同性別,0
110,,22,三芝區,15～19歲,15,19,部分重疊,0.4,男,結婚,高中職,不同性別,0
110,,22,三芝區,15～19歲,15,19,部分重疊,0.4,男,結婚,高中職,相同性別,0
110,,22,三芝區,20～24歲,20,24,完全落入,1.0,女,結婚,博士,不同性別,0
110,,22,三芝區,20～24歲,20,24,完全落入,1.0,女,結婚,博士,相同性別,0
110,,22,三芝區,20～24歲,20,24,完全落入,1.0,女,結婚,國中,不同性別,1
110,,22,三芝區,20～24歲,20,24,完全落入,1.0,女,結婚,國中,相同性別,0
110,,22,三芝區,20～24歲,20,24,完全落入,1.0,女,結婚,國小以下,不同性別,0
110,,22,三芝區,20～24歲,20,24,完全落入,1.0,女,結婚,國小以下,相同性別,0
110,,22,三芝區,20～24歲,20,24,完全落入,1.0,女,結婚,大學,不同性別,1
110,,22,三芝區,20～24歲,20,24,完全落入,1.0,女,結婚,大學,相同性別,0
110,,22,三芝區,20～24歲,20,24,完全落入,1.0,女,結婚,專科,不同性別,1
110,,22,三芝區,20～24歲,20,24,完全落入,1.0,女,結婚,專科,相同性別,0
110,,22,三芝區,20～24歲,20,24,完全落入,1.0,女,結婚,碩士,不同性別,0
110,,22,三芝區,20～24歲,20,24,完全落入,1.0,女,結婚,碩士,相同性別,0
110,,22,三芝區,20～24歲,20,24,完全落入,1.0,女,結婚,高中職,不同性別,5
110,,22,三芝區,20～24歲,20,24,完全落入,1.0,女,結婚,高中職,相同性別,2
110,,22,三芝區,20～24歲,20,24,完全落入,1.0,男,結婚,博士,不同性別,0
110,,22,三芝區,20～24歲,20,24,完全落入,1.0,男,結婚,博士,相同性別,0
110,,22,三芝區,20～24歲,20,24,完全落入,1.0,男,結婚,國中,不同性別,4
110,,22,三芝區,20～24歲,20,24,完全落入,1.0,男,結婚,國中,相同性別,0
110,,22,三芝區,20～24歲,20,24,完全落入,1.0,男,結婚,國小以下,不同性別,0
110,,22,三芝區,20～24歲,20,24,完全落入,1.0,男,結婚,國小以下,相同性別,0
110,,22,三芝區,20～24歲,20,24,完全落入,1.0,男,結婚,大學,不同性別,0
110,,22,三芝區,20～24歲,20,24,完全落入,1.0,男,結婚,大學,相同性別,0
110,,22,三芝區,20～24歲,20,24,完全落入,1.0,男,結婚,專科,不同性別,0
110,,22,三芝區,20～24歲,20,24,完全落入,1.0,男,結婚,專科,相同性別,0
110,,22,三芝區,20～24歲,20,24,完全落入,1.0,男,結婚,碩士,不同性別,0
110,,22,三芝區,20～24歲,20,24,完全落入,1.0,男,結婚,碩士,相同性別,0
110,,22,三芝區,20～24歲,20,24,完全落入,1.0,男,結婚,高中職,不同性別,4
110,,22,三芝區,20～24歲,20,24,完全落入,1.0,男,結婚,高中職,相同性別,0
110,,22,三芝區,25～29歲,25,29,完全落入,1.0,女,結婚,博士,不同性別,0
110,,22,三芝區,25～29歲,25,29,完全落入,1.0,女,結婚,博士,相同性別,0
110,,22,三芝區,25～29歲,25,29,完全落入,1.0,女,結婚,國中,不同性別,1
110,,22,三芝區,25～29歲,25,29,完全落入,1.0,女,結婚,國中,相同性別,0
110,,22,三芝區,25～29歲,25,29,完全落入,1.0,女,結婚,國小以下,不同性別,1
110,,22,三芝區,25～29歲,25,29,完全落入,1.0,女,結婚,國小以下,相同性別,0
110,,22,三芝區,25～29歲,25,29,完全落入,1.0,女,結婚,大學,不同性別,20
110,,22,三芝區,25～29歲,25,29,完全落入,1.0,女,結婚,大學,相同性別,0
110,,22,三芝區,25～29歲,25,29,完全落入,1.0,女,結婚,專科,不同性別,1
110,,22,三芝區,25～29歲,25,29,完全落入,1.0,女,結婚,專科,相同性別,0
110,,22,三芝區,25～29歲,25,29,完全落入,1.0,女,結婚,碩士,不同性別,0
110,,22,三芝區,25～29歲,25,29,完全落入,1.0,女,結婚,碩士,相同性別,0
110,,22,三芝區,25～29歲,25,29,完全落入,1.0,女,結婚,高中職,不同性別,9
110,,22,三芝區,25～29歲,25,29,完全落入,1.0,女,結婚,高中職,相同性別,0
110,,22,三芝區,25～29歲,25,29,完全落入,1.0,男,結婚,博士,不同性別,0
110,,22,三芝區,25～29歲,25,29,完全落入,1.0,男,結婚,博士,相同性別,0
110,,22,三芝區,25～29歲,25,29,完全落入,1.0,男,結婚,國中,不同性別,6
110,,22,三芝區,25～29歲,25,29,完全落入,1.0,男,結婚,國中,相同性別,0
110,,22,三芝區,25～29歲,25,29,完全落入,1.0,男,結婚,國小以下,不同性別,0
110,,22,三芝區,25～29歲,25,29,完全落入,1.0,男,結婚,國小以下,相同性別,0
110,,22,三芝區,25～29歲,25,29,完全落入,1.0,男,結婚,大學,不同性別,11
110,,22,三芝區,25～29歲,25,29,完全落入,1.0,男,結婚,大學,相同性別,0
110,,22,三芝區,25～29歲,25,29,完全落入,1.0,男,結婚,專科,不同性別,1
110,,22,三芝區,25～29歲,25,29,完全落入,1.0,男,結婚,專科,相同性別,0
110,,22,三芝區,25～29歲,25,29,完全落入,1.0,男,結婚,碩士,不同性別,1
110,,22,三芝區,25～29歲,25,29,完全落入,1.0,男,結婚,碩士,相同性別,0
110,,22,三芝區,25～29歲,25,29,完全落入,1.0,男,結婚,高中職,不同性別,5
110,,22,三芝區,25～29歲,25,29,完全落入,1.0,男,結婚,高中職,相同性別,0
110,,22,三芝區,30～34歲,30,34,完全落入,1.0,女,結婚,博士,不同性別,0
110,,22,三芝區,30～34歲,30,34,完全落入,1.0,女,結婚,博士,相同性別,0
110,,22,三芝區,30～34歲,30,34,完全落入,1.0,女,結婚,國中,不同性別,1
110,,22,三芝區,30～34歲,30,34,完全落入,1.0,女,結婚,國中,相同性別,0
110,,22,三芝區,30～34歲,30,34,完全落入,1.0,女,結婚,國小以下,不同性別,0
110,,22,三芝區,30～34歲,30,34,完全落入,1.0,女,結婚,國小以下,相同性別,0
110,,22,三芝區,30～34歲,30,34,完全落入,1.0,女,結婚,大學,不同性別,6
110,,22,三芝區,30～34歲,30,34,完全落入,1.0,女,結婚,大學,相同性別,0
110,,22,三芝區,30～34歲,30,34,完全落入,1.0,女,結婚,專科,不同性別,0
110,,22,三芝區,30～34歲,30,34,完全落入,1.0,女,結婚,專科,相同性別,0
110,,22,三芝區,30～34歲,30,34,完全落入,1.0,女,結婚,碩士,不同性別,1
110,,22,三芝區,30～34歲,30,34,完全落入,1.0,女,結婚,碩士,相同性別,0
110,,22,三芝區,30～34歲,30,34,完全落入,1.0,女,結婚,高中職,不同性別,5
110,,22,三芝區,30～34歲,30,34,完全落入,1.0,女,結婚,高中職,相同性別,0
110,,22,三芝區,30～34歲,30,34,完全落入,1.0,男,結婚,博士,不同性別,0
110,,22,三芝區,30～34歲,30,34,完全落入,1.0,男,結婚,博士,相同性別,0
110,,22,三芝區,30～34歲,30,34,完全落入,1.0,男,結婚,國中,不同性別,2
110,,22,三芝區,30～34歲,30,34,完全落入,1.0,男,結婚,國中,相同性別,0
110,,22,三芝區,30～34歲,30,34,完全落入,1.0,男,結婚,國小以下,不同性別,1
110,,22,三芝區,30～34歲,30,34,完全落入,1.0,男,結婚,國小以下,相同性別,0
110,,22,三芝區,30～34歲,30,34,完全落入,1.0,男,結婚,大學,不同性別,7
110,,22,三芝區,30～34歲,30,34,完全落入,1.0,男,結婚,大學,相同性別,0
110,,22,三芝區,30～34歲,30,34,完全落入,1.0,男,結婚,專科,不同性別,0
110,,22,三芝區,30～34歲,30,34,完全落入,1.0,男,結婚,專科,相同性別,0
110,,22,三芝區,30～34歲,30,34,完全落入,1.0,男,結婚,碩士,不同性別,2
110,,22,三芝區,30～34歲,30,34,完全落入,1.0,男,結婚,碩士,相同性別,0
110,,22,三芝區,30～34歲,30,34,完全落入,1.0,男,結婚,高中職,不同性別,3
110,,22,三芝區,30～34歲,30,34,完全落入,1.0,男,結婚,高中職,相同性別,0
110,,22,三芝區,35～39歲,35,39,部分重疊,0.2,女,結婚,博士,不同性別,0
110,,22,三芝區,35～39歲,35,39,部分重疊,0.2,女,結婚,博士,相同性別,0
110,,22,三芝區,35～39歲,35,39,部分重疊,0.2,女,結婚,國中,不同性別,4
110,,22,三芝區,35～39歲,35,39,部分重疊,0.2,女,結婚,國中,相同性別,0
110,,22,三芝區,35～39歲,35,39,部分重疊,0.2,女,結婚,國小以下,不同性別,0
110,,22,三芝區,35～39歲,35,39,部分重疊,0.2,女,結婚,國小以下,相同性別,0
110,,22,三芝區,35～39歲,35,39,部分重疊,0.2,女,結婚,大學,不同性別,3
110,,22,三芝區,35～39歲,35,39,部分重疊,0.2,女,結婚,大學,相同性別,0
110,,22,三芝區,35～39歲,35,39,部分重疊,0.2,女,結婚,專科,不同性別,2
110,,22,三芝區,35～39歲,35,39,部分重疊,0.2,女,結婚,專科,相同性別,0
110,,22,三芝區,35～39歲,35,39,部分重疊,0.2,女,結婚,碩士,不同性別,1
110,,22,三芝區,35～39歲,35,39,部分重疊,0.2,女,結婚,碩士,相同性別,0
110,,22,三芝區,35～39歲,35,39,部分重疊,0.2,女,結婚,高中職,不同性別,4
110,,22,三芝區,35～39歲,35,39,部分重疊,0.2,女,結婚,高中職,相同性別,0
110,,22,三芝區,35～39歲,35,39,部分重疊,0.2,男,結婚,博士,不同性別,0
110,,22,三芝區,35～39歲,35,39,部分重疊,0.2,男,結婚,博士,相同性別,0
110,,22,三芝區,35～39歲,35,39,部分重疊,0.2,男,結婚,國中,不同性別,2
110,,22,三芝區,35～39歲,35,39,部分重疊,0.2,男,結婚,國中,相同性別,0
110,,22,三芝區,35～39歲,35,39,部分重疊,0.2,男,結婚,國小以下,不同性別,0
110,,22,三芝區,35～39歲,35,39,部分重疊,0.2,男,結婚,國小以下,相同性別,0
110,,22,三芝區,35～39歲,35,39,部分重疊,0.2,男,結婚,大學,不同性別,3
110,,22,三芝區,35～39歲,35,39,部分重疊,0.2,男,結婚,大學,相同性別,0
110,,22,三芝區,35～39歲,35,39,部分重疊,0.2,男,結婚,專科,不同性別,1
110,,22,三芝區,35～39歲,35,39,部分重疊,0.2,男,結婚,專科,相同性別,0
110,,22,三芝區,35～39歲,35,39,部分重疊,0.2,男,結婚,碩士,不同性別,0
110,,22,三芝區,35～39歲,35,39,部分重疊,0.2,男,結婚,碩士,相同性別,0
110,,22,三芝區,35～39歲,35,39,部分重疊,0.2,男,結婚,高中職,不同性別,5
110,,22,三芝區,35～39歲,35,39,部分重疊,0.2,男,結婚,高中職,相同性別,0
110,,22,三芝區,40～44歲,40,44,不相關,0.0,女,結婚,博士,不同性別,0
110,,22,三芝區,40～44歲,40,44,不相關,0.0,女,結婚,博士,相同性別,0
110,,22,三芝區,40～44歲,40,44,不相關,0.0,女,結婚,國中,不同性別,1
110,,22,三芝區,40～44歲,40,44,不相關,0.0,女,結婚,國中,相同性別,0
110,,22,三芝區,40～44歲,40,44,不相關,0.0,女,結婚,國小以下,不同性別,0
110,,22,三芝區,40～44歲,40,44,不相關,0.0,女,結婚,國小以下,相同性別,0
110,,22,三芝區,40～44歲,40,44,不相關,0.0,女,結婚,大學,不同性別,1
110,,22,三芝區,40～44歲,40,44,不相關,0.0,女,結婚,大學,相同性別,0
110,,22,三芝區,40～44歲,40,44,不相關,0.0,女,結婚,專科,不同性別,1
110,,22,三芝區,40～44歲,40,44,不相關,0.0,女,結婚,專科,相同性別,0
110,,22,三芝區,40～44歲,40,44,不相關,0.0,女,結婚,碩士,不同性別,0
110,,22,三芝區,40～44歲,40,44,不相關,0.0,女,結婚,碩士,相同性別,0
110,,22,三芝區,40～44歲,40,44,不相關,0.0,女,結婚,高中職,不同性別,1
110,,22,三芝區,40～44歲,40,44,不相關,0.0,女,結婚,高中職,相同性別,0
110,,22,三芝區,40～44歲,40,44,不相關,0.0,男,結婚,博士,不同性別,0
110,,22,三芝區,40～44歲,40,44,不相關,0.0,男,結婚,博士,相同性別,0
110,,22,三芝區,40～44歲,40,44,不相關,0.0,男,結婚,國中,不同性別,3
110,,22,三芝區,40～44歲,40,44,不相關,0.0,男,結婚,國中,相同性別,0
110,,22,三芝區,40～44歲,40,44,不相關,0.0,男,結婚,國小以下,不同性別,0
110,,22,三芝區,40～44歲,40,44,不相關,0.0,男,結婚,國小以下,相同性別,0
110,,22,三芝區,40～44歲,40,44,不相關,0.0,男,結婚,大學,不同性別,2
110,,22,三芝區,40～44歲,40,44,不相關,0.0,男,結婚,大學,相同性別,0
110,,22,三芝區,40～44歲,40,44,不相關,0.0,男,結婚,專科,不同性別,1
110,,22,三芝區,40～44歲,40,44,不相關,0.0,男,結婚,專科,相同性別,0
110,,22,三芝區,40～44歲,40,44,不相關,0.0,男,結婚,碩士,不同性別,0
110,,22,三芝區,40～44歲,40,44,不相關,0.0,男,結婚,碩士,相同性別,0
110,,22,三芝區,40～44歲,40,44,不相關,0.0,男,結婚,高中職,不同性別,5
110,,22,三芝區,40～44歲,40,44,不相關,0.0,男,結婚,高中職,相同性別,0
110,,22,三芝區,45～49歲,45,49,不相關,0.0,女,結婚,博士,不同性別,0
110,,22,三芝區,45～49歲,45,49,不相關,0.0,女,結婚,博士,相同性別,0
110,,22,三芝區,45～49歲,45,49,不相關,0.0,女,結婚,國中,不同性別,1
110,,22,三芝區,45～49歲,45,49,不相關,0.0,女,結婚,國中,相同性別,0
110,,22,三芝區,45～49歲,45,49,不相關,0.0,女,結婚,國小以下,不同性別,0
110,,22,三芝區,45～49歲,45,49,不相關,0.0,女,結婚,國小以下,相同性別,0
110,,22,三芝區,45～49歲,45,49,不相關,0.0,女,結婚,大學,不同性別,0
110,,22,三芝區,45～49歲,45,49,不相關,0.0,女,結婚,大學,相同性別,0
110,,22,三芝區,45～49歲,45,49,不相關,0.0,女,結婚,專科,不同性別,0
110,,22,三芝區,45～49歲,45,49,不相關,0.0,女,結婚,專科,相同性別,0
110,,22,三芝區,45～49歲,45,49,不相關,0.0,女,結婚,碩士,不同性別,0
110,,22,三芝區,45～49歲,45,49,不相關,0.0,女,結婚,碩士,相同性別,0
110,,22,三芝區,45～49歲,45,49,不相關,0.0,女,結婚,高中職,不同性別,0
110,,22,三芝區,45～49歲,45,49,不相關,0.0,女,結婚,高中職,相同性別,0
110,,22,三芝區,45～49歲,45,49,不相關,0.0,男,結婚,博士,不同性別,0
110,,22,三芝區,45～49歲,45,49,不相關,0.0,男,結婚,博士,相同性別,0
110,,22,三芝區,45～49歲,45,49,不相關,0.0,男,結婚,國中,不同性別,0
110,,22,三芝區,45～49歲,45,49,不相關,0.0,男,結婚,國中,相同性別,0
110,,22,三芝區,45～49歲,45,49,不相關,0.0,男,結婚,國小以下,不同性別,0
110,,22,三芝區,45～49歲,45,49,不相關,0.0,男,結婚,國小以下,相同性別,0
110,,22,三芝區,45～49歲,45,49,不相關,0.0,男,結婚,大學,不同性別,0
110,,22,三芝區,45～49歲,45,49,不相關,0.0,男,結婚,大學,相同性別,0
110,,22,三芝區,45～49歲,45,49,不相關,0.0,男,結婚,專科,不同性別,0
110,,22,三芝區,45～49歲,45,49,不相關,0.0,男,結婚,專科,相同性別,0
110,,22,三芝區,45～49歲,45,49,不相關,0.0,男,結婚,碩士,不同性別,1
110,,22,三芝區,45～49歲,45,49,不相關,0.0,男,結婚,碩士,相同性別,0
110,,22,三芝區,45～49歲,45,49,不相關,0.0,男,結婚,高中職,不同性別,2
110,,22,三芝區,45～49歲,45,49,不相關,0.0,男,結婚,高中職,相同性別,0
110,,22,三芝區,50～54歲,50,54,不相關,0.0,女,結婚,博士,不同性別,0
110,,22,三芝區,50～54歲,50,54,不相關,0.0,女,結婚,博士,相同性別,0
110,,22,三芝區,50～54歲,50,54,不相關,0.0,女,結婚,國中,不同性別,0
110,,22,三芝區,50～54歲,50,54,不相關,0.0,女,結婚,國中,相同性別,0
110,,22,三芝區,50～54歲,50,54,不相關,0.0,女,結婚,國小以下,不同性別,0
110,,22,三芝區,50～54歲,50,54,不相關,0.0,女,結婚,國小以下,相同性別,0
110,,22,三芝區,50～54歲,50,54,不相關,0.0,女,結婚,大學,不同性別,0
110,,22,三芝區,50～54歲,50,54,不相關,0.0,女,結婚,大學,相同性別,0
110,,22,三芝區,50～54歲,50,54,不相關,0.0,女,結婚,專科,不同性別,1
110,,22,三芝區,50～54歲,50,54,不相關,0.0,女,結婚,專科,相同性別,0
110,,22,三芝區,50～54歲,50,54,不相關,0.0,女,結婚,碩士,不同性別,0
110,,22,三芝區,50～54歲,50,54,不相關,0.0,女,結婚,碩士,相同性別,0
110,,22,三芝區,50～54歲,50,54,不相關,0.0,女,結婚,高中職,不同性別,1
110,,22,三芝區,50～54歲,50,54,不相關,0.0,女,結婚,高中職,相同性別,0
110,,22,三芝區,50～54歲,50,54,不相關,0.0,男,結婚,博士,不同性別,0
110,,22,三芝區,50～54歲,50,54,不相關,0.0,男,結婚,博士,相同性別,0
110,,22,三芝區,50～54歲,50,54,不相關,0.0,男,結婚,國中,不同性別,0
110,,22,三芝區,50～54歲,50,54,不相關,0.0,男,結婚,國中,相同性別,0
110,,22,三芝區,50～54歲,50,54,不相關,0.0,男,結婚,國小以下,不同性別,0
110,,22,三芝區,50～54歲,50,54,不相關,0.0,男,結婚,國小以下,相同性別,0
110,,22,三芝區,50～54歲,50,54,不相關,0.0,男,結婚,大學,不同性別,1
110,,22,三芝區,50～54歲,50,54,不相關,0.0,男,結婚,大學,相同性別,0
110,,22,三芝區,50～54歲,50,54,不相關,0.0,男,結婚,專科,不同性別,1
110,,22,三芝區,50～54歲,50,54,不相關,0.0,男,結婚,專科,相同性別,0
110,,22,三芝區,50～54歲,50,54,不相關,0.0,男,結婚,碩士,不同性別,1
110,,22,三芝區,50～54歲,50,54,不相關,0.0,男,結婚,碩士,相同性別,0
110,,22,三芝區,50～54歲,50,54,不相關,0.0,男,結婚,高中職,不同性別,0
110,,22,三芝區,50～54歲,50,54,不相關,0.0,男,結婚,高中職,相同性別,0
110,,22,三芝區,55～59歲,55,59,不相關,0.0,女,結婚,博士,不同性別,0
110,,22,三芝區,55～59歲,55,59,不相關,0.0,女,結婚,博士,相同性別,0
110,,22,三芝區,55～59歲,55,59,不相關,0.0,女,結婚,國中,不同性別,0
110,,22,三芝區,55～59歲,55,59,不相關,0.0,女,結婚,國中,相同性別,0
110,,22,三芝區,55～59歲,55,59,不相關,0.0,女,結婚,國小以下,不同性別,0
110,,22,三芝區,55～59歲,55,59,不相關,0.0,女,結婚,國小以下,相同性別,0
110,,22,三芝區,55～59歲,55,59,不相關,0.0,女,結婚,大學,不同性別,0
110,,22,三芝區,55～59歲,55,59,不相關,0.0,女,結婚,大學,相同性別,0
110,,22,三芝區,55～59歲,55,59,不相關,0.0,女,結婚,專科,不同性別,0
110,,22,三芝區,55～59歲,55,59,不相關,0.0,女,結婚,專科,相同性別,0
110,,22,三芝區,55～59歲,55,59,不相關,0.0,女,結婚,碩士,不同性別,0
110,,22,三芝區,55～59歲,55,59,不相關,0.0,女,結婚,碩士,相同性別,0
110,,22,三芝區,55～59歲,55,59,不相關,0.0,女,結婚,高中職,不同性別,0
110,,22,三芝區,55～59歲,55,59,不相關,0.0,女,結婚,高中職,相同性別,0
110,,22,三芝區,55～59歲,55,59,不相關,0.0,男,結婚,博士,不同性別,0
110,,22,三芝區,55～59歲,55,59,不相關,0.0,男,結婚,博士,相同性別,0
110,,22,三芝區,55～59歲,55,59,不相關,0.0,男,結婚,國中,不同性別,1
110,,22,三芝區,55～59歲,55,59,不相關,0.0,男,結婚,國中,相同性別,0
110,,22,三芝區,55～59歲,55,59,不相關,0.0,男,結婚,國小以下,不同性別,0
110,,22,三芝區,55～59歲,55,59,不相關,0.0,男,結婚,國小以下,相同性別,0
110,,22,三芝區,55～59歲,55,59,不相關,0.0,男,結婚,大學,不同性別,0
110,,22,三芝區,55～59歲,55,59,不相關,0.0,男,結婚,大學,相同性別,0
110,,22,三芝區,55～59歲,55,59,不相關,0.0,男,結婚,專科,不同性別,0
110,,22,三芝區,55～59歲,55,59,不相關,0.0,男,結婚,專科,相同性別,0
110,,22,三芝區,55～59歲,55,59,不相關,0.0,男,結婚,碩士,不同性別,0
110,,22,三芝區,55～59歲,55,59,不相關,0.0,男,結婚,碩士,相同性別,0
110,,22,三芝區,55～59歲,55,59,不相關,0.0,男,結婚,高中職,不同性別,0
110,,22,三芝區,55～59歲,55,59,不相關,0.0,男,結婚,高中職,相同性別,0
110,,22,三芝區,60～64歲,60,64,不相關,0.0,女,結婚,博士,不同性別,0
110,,22,三芝區,60～64歲,60,64,不相關,0.0,女,結婚,博士,相同性別,0
110,,22,三芝區,60～64歲,60,64,不相關,0.0,女,結婚,國中,不同性別,0
110,,22,三芝區,60～64歲,60,64,不相關,0.0,女,結婚,國中,相同性別,0
110,,22,三芝區,60～64歲,60,64,不相關,0.0,女,結婚,國小以下,不同性別,0
110,,22,三芝區,60～64歲,60,64,不相關,0.0,女,結婚,國小以下,相同性別,0
110,,22,三芝區,60～64歲,60,64,不相關,0.0,女,結婚,大學,不同性別,0
110,,22,三芝區,60～64歲,60,64,不相關,0.0,女,結婚,大學,相同性別,0
110,,22,三芝區,60～64歲,60,64,不相關,0.0,女,結婚,專科,不同性別,0
110,,22,三芝區,60～64歲,60,64,不相關,0.0,女,結婚,專科,相同性別,0
110,,22,三芝區,60～64歲,60,64,不相關,0.0,女,結婚,碩士,不同性別,1
110,,22,三芝區,60～64歲,60,64,不相關,0.0,女,結婚,碩士,相同性別,0
110,,22,三芝區,60～64歲,60,64,不相關,0.0,女,結婚,高中職,不同性別,0
110,,22,三芝區,60～64歲,60,64,不相關,0.0,女,結婚,高中職,相同性別,0
110,,22,三芝區,60～64歲,60,64,不相關,0.0,男,結婚,博士,不同性別,0
110,,22,三芝區,60～64歲,60,64,不相關,0.0,男,結婚,博士,相同性別,0
110,,22,三芝區,60～64歲,60,64,不相關,0.0,男,結婚,國中,不同性別,0
110,,22,三芝區,60～64歲,60,64,不相關,0.0,男,結婚,國中,相同性別,0
110,,22,三芝區,60～64歲,60,64,不相關,0.0,男,結婚,國小以下,不同性別,0
110,,22,三芝區,60～64歲,60,64,不相關,0.0,男,結婚,國小以下,相同性別,0
110,,22,三芝區,60～64歲,60,64,不相關,0.0,男,結婚,大學,不同性別,2
110,,22,三芝區,60～64歲,60,64,不相關,0.0,男,結婚,大學,相同性別,0
110,,22,三芝區,60～64歲,60,64,不相關,0.0,男,結婚,專科,不同性別,0
110,,22,三芝區,60～64歲,60,64,不相關,0.0,男,結婚,專科,相同性別,0
110,,22,三芝區,60～64歲,60,64,不相關,0.0,男,結婚,碩士,不同性別,0
110,,22,三芝區,60～64歲,60,64,不相關,0.0,男,結婚,碩士,相同性別,0
110,,22,三芝區,60～64歲,60,64,不相關,0.0,男,結婚,高中職,不同性別,0
110,,22,三芝區,60～64歲,60,64,不相關,0.0,男,結婚,高中職,相同性別,0
110,,22,三芝區,65歲以上,65,120,不相關,0.0,女,結婚,博士,不同性別,0
110,,22,三芝區,65歲以上,65,120,不相關,0.0,女,結婚,博士,相同性別,0
110,,22,三芝區,65歲以上,65,120,不相關,0.0,女,結婚,國中,不同性別,0
110,,22,三芝區,65歲以上,65,120,不相關,0.0,女,結婚,國中,相同性別,0
110,,22,三芝區,65歲以上,65,120,不相關,0.0,女,結婚,國小以下,不同性別,0
110,,22,三芝區,65歲以上,65,120,不相關,0.0,女,結婚,國小以下,相同性別,0
110,,22,三芝區,65歲以上,65,120,不相關,0.0,女,結婚,大學,不同性別,1
110,,22,三芝區,65歲以上,65,120,不相關,0.0,女,結婚,大學,相同性別,0
110,,22,三芝區,65歲以上,65,120,不相關,0.0,女,結婚,專科,不同性別,0
110,,22,三芝區,65歲以上,65,120,不相關,0.0,女,結婚,專科,相同性別,0
110,,22,三芝區,65歲以上,65,120,不相關,0.0,女,結婚,碩士,不同性別,0
110,,22,三芝區,65歲以上,65,120,不相關,0.0,女,結婚,碩士,相同性別,0
110,,22,三芝區,65歲以上,65,120,不相關,0.0,女,結婚,高中職,不同性別,0
110,,22,三芝區,65歲以上,65,120,不相關,0.0,女,結婚,高中職,相同性別,0
110,,22,三芝區,65歲以上,65,120,不相關,0.0,男,結婚,博士,不同性別,0
110,,22,三芝區,65歲以上,65,120,不相關,0.0,男,結婚,博士,相同性別,0
110,,22,三芝區,65歲以上,65,120,不相關,0.0,男,結婚,國中,不同性別,0
110,,22,三芝區,65歲以上,65,120,不相關,0.0,男,結婚,國中,相同性別,0
110,,22,三芝區,65歲以上,65,120,不相關,0.0,男,結婚,國小以下,不同性別,1
110,,22,三芝區,65歲以上,65,120,不相關,0.0,男,結婚,國小以下,相同性別,0
110,,22,三芝區,65歲以上,65,120,不相關,0.0,男,結婚,大學,不同性別,0
110,,22,三芝區,65歲以上,65,120,不相關,0.0,男,結婚,大學,相同性別,0
110,,22,三芝區,65歲以上,65,120,不相關,0.0,男,結婚,專科,不同性別,0
110,,22,三芝區,65歲以上,65,120,不相關,0.0,男,結婚,專科,相同性別,0
110,,22,三芝區,65歲以上,65,120,不相關,0.0,男,結婚,碩士,不同性別,0
110,,22,三芝區,65歲以上,65,120,不相關,0.0,男,結婚,碩士,相同性別,0
110,,22,三芝區,65歲以上,65,120,不相關,0.0,男,結婚,高中職,不同性別,0
110,,22,三芝區,65歲以上,65,120,不相關,0.0,男,結婚,高中職,相同性別,0
110,,23,石門區,未滿15歲,0,14,不相關,0.0,女,結婚,博士,不同性別,0
110,,23,石門區,未滿15歲,0,14,不相關,0.0,女,結婚,博士,相同性別,0
110,,23,石門區,未滿15歲,0,14,不相關,0.0,女,結婚,國中,不同性別,0
110,,23,石門區,未滿15歲,0,14,不相關,0.0,女,結婚,國中,相同性別,0
110,,23,石門區,未滿15歲,0,14,不相關,0.0,女,結婚,國小以下,不同性別,0
110,,23,石門區,未滿15歲,0,14,不相關,0.0,女,結婚,國小以下,相同性別,0
110,,23,石門區,未滿15歲,0,14,不相關,0.0,女,結婚,大學,不同性別,0
110,,23,石門區,未滿15歲,0,14,不相關,0.0,女,結婚,大學,相同性別,0
110,,23,石門區,未滿15歲,0,14,不相關,0.0,女,結婚,專科,不同性別,0
110,,23,石門區,未滿15歲,0,14,不相關,0.0,女,結婚,專科,相同性別,0
110,,23,石門區,未滿15歲,0,14,不相關,0.0,女,結婚,碩士,不同性別,0
110,,23,石門區,未滿15歲,0,14,不相關,0.0,女,結婚,碩士,相同性別,0
110,,23,石門區,未滿15歲,0,14,不相關,0.0,女,結婚,高中職,不同性別,0
110,,23,石門區,未滿15歲,0,14,不相關,0.0,女,結婚,高中職,相同性別,0
110,,23,石門區,未滿15歲,0,14,不相關,0.0,男,結婚,博士,不同性別,0
110,,23,石門區,未滿15歲,0,14,不相關,0.0,男,結婚,博士,相同性別,0
110,,23,石門區,未滿15歲,0,14,不相關,0.0,男,結婚,國中,不同性別,0
110,,23,石門區,未滿15歲,0,14,不相關,0.0,男,結婚,國中,相同性別,0
110,,23,石門區,未滿15歲,0,14,不相關,0.0,男,結婚,國小以下,不同性別,0
110,,23,石門區,未滿15歲,0,14,不相關,0.0,男,結婚,國小以下,相同性別,0
110,,23,石門區,未滿15歲,0,14,不相關,0.0,男,結婚,大學,不同性別,0
110,,23,石門區,未滿15歲,0,14,不相關,0.0,男,結婚,大學,相同性別,0
110,,23,石門區,未滿15歲,0,14,不相關,0.0,男,結婚,專科,不同性別,0
110,,23,石門區,未滿15歲,0,14,不相關,0.0,男,結婚,專科,相同性別,0
110,,23,石門區,未滿15歲,0,14,不相關,0.0,男,結婚,碩士,不同性別,0
110,,23,石門區,未滿15歲,0,14,不相關,0.0,男,結婚,碩士,相同性別,0
110,,23,石門區,未滿15歲,0,14,不相關,0.0,男,結婚,高中職,不同性別,0
110,,23,石門區,未滿15歲,0,14,不相關,0.0,男,結婚,高中職,相同性別,0
110,,23,石門區,15～19歲,15,19,部分重疊,0.4,女,結婚,博士,不同性別,0
110,,23,石門區,15～19歲,15,19,部分重疊,0.4,女,結婚,博士,相同性別,0
110,,23,石門區,15～19歲,15,19,部分重疊,0.4,女,結婚,國中,不同性別,0
110,,23,石門區,15～19歲,15,19,部分重疊,0.4,女,結婚,國中,相同性別,0
110,,23,石門區,15～19歲,15,19,部分重疊,0.4,女,結婚,國小以下,不同性別,0
110,,23,石門區,15～19歲,15,19,部分重疊,0.4,女,結婚,國小以下,相同性別,0
110,,23,石門區,15～19歲,15,19,部分重疊,0.4,女,結婚,大學,不同性別,0
110,,23,石門區,15～19歲,15,19,部分重疊,0.4,女,結婚,大學,相同性別,0
110,,23,石門區,15～19歲,15,19,部分重疊,0.4,女,結婚,專科,不同性別,0
110,,23,石門區,15～19歲,15,19,部分重疊,0.4,女,結婚,專科,相同性別,0
110,,23,石門區,15～19歲,15,19,部分重疊,0.4,女,結婚,碩士,不同性別,0
110,,23,石門區,15～19歲,15,19,部分重疊,0.4,女,結婚,碩士,相同性別,0
110,,23,石門區,15～19歲,15,19,部分重疊,0.4,女,結婚,高中職,不同性別,0
110,,23,石門區,15～19歲,15,19,部分重疊,0.4,女,結婚,高中職,相同性別,0
110,,23,石門區,15～19歲,15,19,部分重疊,0.4,男,結婚,博士,不同性別,0
110,,23,石門區,15～19歲,15,19,部分重疊,0.4,男,結婚,博士,相同性別,0
110,,23,石門區,15～19歲,15,19,部分重疊,0.4,男,結婚,國中,不同性別,0
110,,23,石門區,15～19歲,15,19,部分重疊,0.4,男,結婚,國中,相同性別,0
110,,23,石門區,15～19歲,15,19,部分重疊,0.4,男,結婚,國小以下,不同性別,0
110,,23,石門區,15～19歲,15,19,部分重疊,0.4,男,結婚,國小以下,相同性別,0
110,,23,石門區,15～19歲,15,19,部分重疊,0.4,男,結婚,大學,不同性別,0
110,,23,石門區,15～19歲,15,19,部分重疊,0.4,男,結婚,大學,相同性別,0
110,,23,石門區,15～19歲,15,19,部分重疊,0.4,男,結婚,專科,不同性別,0
110,,23,石門區,15～19歲,15,19,部分重疊,0.4,男,結婚,專科,相同性別,0
110,,23,石門區,15～19歲,15,19,部分重疊,0.4,男,結婚,碩士,不同性別,0
110,,23,石門區,15～19歲,15,19,部分重疊,0.4,男,結婚,碩士,相同性別,0
110,,23,石門區,15～19歲,15,19,部分重疊,0.4,男,結婚,高中職,不同性別,0
110,,23,石門區,15～19歲,15,19,部分重疊,0.4,男,結婚,高中職,相同性別,0
110,,23,石門區,20～24歲,20,24,完全落入,1.0,女,結婚,博士,不同性別,0
110,,23,石門區,20～24歲,20,24,完全落入,1.0,女,結婚,博士,相同性別,0
110,,23,石門區,20～24歲,20,24,完全落入,1.0,女,結婚,國中,不同性別,4
110,,23,石門區,20～24歲,20,24,完全落入,1.0,女,結婚,國中,相同性別,0
110,,23,石門區,20～24歲,20,24,完全落入,1.0,女,結婚,國小以下,不同性別,0
110,,23,石門區,20～24歲,20,24,完全落入,1.0,女,結婚,國小以下,相同性別,0
110,,23,石門區,20～24歲,20,24,完全落入,1.0,女,結婚,大學,不同性別,4
110,,23,石門區,20～24歲,20,24,完全落入,1.0,女,結婚,大學,相同性別,0
110,,23,石門區,20～24歲,20,24,完全落入,1.0,女,結婚,專科,不同性別,0
110,,23,石門區,20～24歲,20,24,完全落入,1.0,女,結婚,專科,相同性別,0
110,,23,石門區,20～24歲,20,24,完全落入,1.0,女,結婚,碩士,不同性別,0
110,,23,石門區,20～24歲,20,24,完全落入,1.0,女,結婚,碩士,相同性別,0
110,,23,石門區,20～24歲,20,24,完全落入,1.0,女,結婚,高中職,不同性別,4
110,,23,石門區,20～24歲,20,24,完全落入,1.0,女,結婚,高中職,相同性別,0
110,,23,石門區,20～24歲,20,24,完全落入,1.0,男,結婚,博士,不同性別,0
110,,23,石門區,20～24歲,20,24,完全落入,1.0,男,結婚,博士,相同性別,0
110,,23,石門區,20～24歲,20,24,完全落入,1.0,男,結婚,國中,不同性別,5
110,,23,石門區,20～24歲,20,24,完全落入,1.0,男,結婚,國中,相同性別,0
110,,23,石門區,20～24歲,20,24,完全落入,1.0,男,結婚,國小以下,不同性別,0
110,,23,石門區,20～24歲,20,24,完全落入,1.0,男,結婚,國小以下,相同性別,0
110,,23,石門區,20～24歲,20,24,完全落入,1.0,男,結婚,大學,不同性別,2
110,,23,石門區,20～24歲,20,24,完全落入,1.0,男,結婚,大學,相同性別,0
110,,23,石門區,20～24歲,20,24,完全落入,1.0,男,結婚,專科,不同性別,0
110,,23,石門區,20～24歲,20,24,完全落入,1.0,男,結婚,專科,相同性別,0
110,,23,石門區,20～24歲,20,24,完全落入,1.0,男,結婚,碩士,不同性別,0
110,,23,石門區,20～24歲,20,24,完全落入,1.0,男,結婚,碩士,相同性別,0
110,,23,石門區,20～24歲,20,24,完全落入,1.0,男,結婚,高中職,不同性別,5
110,,23,石門區,20～24歲,20,24,完全落入,1.0,男,結婚,高中職,相同性別,0
110,,23,石門區,25～29歲,25,29,完全落入,1.0,女,結婚,博士,不同性別,0
110,,23,石門區,25～29歲,25,29,完全落入,1.0,女,結婚,博士,相同性別,0
110,,23,石門區,25～29歲,25,29,完全落入,1.0,女,結婚,國中,不同性別,1
110,,23,石門區,25～29歲,25,29,完全落入,1.0,女,結婚,國中,相同性別,0
110,,23,石門區,25～29歲,25,29,完全落入,1.0,女,結婚,國小以下,不同性別,0
110,,23,石門區,25～29歲,25,29,完全落入,1.0,女,結婚,國小以下,相同性別,0
110,,23,石門區,25～29歲,25,29,完全落入,1.0,女,結婚,大學,不同性別,10
110,,23,石門區,25～29歲,25,29,完全落入,1.0,女,結婚,大學,相同性別,0
110,,23,石門區,25～29歲,25,29,完全落入,1.0,女,結婚,專科,不同性別,0
110,,23,石門區,25～29歲,25,29,完全落入,1.0,女,結婚,專科,相同性別,0
110,,23,石門區,25～29歲,25,29,完全落入,1.0,女,結婚,碩士,不同性別,1
110,,23,石門區,25～29歲,25,29,完全落入,1.0,女,結婚,碩士,相同性別,0
110,,23,石門區,25～29歲,25,29,完全落入,1.0,女,結婚,高中職,不同性別,4
110,,23,石門區,25～29歲,25,29,完全落入,1.0,女,結婚,高中職,相同性別,0
110,,23,石門區,25～29歲,25,29,完全落入,1.0,男,結婚,博士,不同性別,0
110,,23,石門區,25～29歲,25,29,完全落入,1.0,男,結婚,博士,相同性別,0
110,,23,石門區,25～29歲,25,29,完全落入,1.0,男,結婚,國中,不同性別,0
110,,23,石門區,25～29歲,25,29,完全落入,1.0,男,結婚,國中,相同性別,0
110,,23,石門區,25～29歲,25,29,完全落入,1.0,男,結婚,國小以下,不同性別,0
110,,23,石門區,25～29歲,25,29,完全落入,1.0,男,結婚,國小以下,相同性別,0
110,,23,石門區,25～29歲,25,29,完全落入,1.0,男,結婚,大學,不同性別,7
110,,23,石門區,25～29歲,25,29,完全落入,1.0,男,結婚,大學,相同性別,0
110,,23,石門區,25～29歲,25,29,完全落入,1.0,男,結婚,專科,不同性別,0
110,,23,石門區,25～29歲,25,29,完全落入,1.0,男,結婚,專科,相同性別,0
110,,23,石門區,25～29歲,25,29,完全落入,1.0,男,結婚,碩士,不同性別,2
110,,23,石門區,25～29歲,25,29,完全落入,1.0,男,結婚,碩士,相同性別,0
110,,23,石門區,25～29歲,25,29,完全落入,1.0,男,結婚,高中職,不同性別,2
110,,23,石門區,25～29歲,25,29,完全落入,1.0,男,結婚,高中職,相同性別,0
110,,23,石門區,30～34歲,30,34,完全落入,1.0,女,結婚,博士,不同性別,0
110,,23,石門區,30～34歲,30,34,完全落入,1.0,女,結婚,博士,相同性別,0
110,,23,石門區,30～34歲,30,34,完全落入,1.0,女,結婚,國中,不同性別,0
110,,23,石門區,30～34歲,30,34,完全落入,1.0,女,結婚,國中,相同性別,0
110,,23,石門區,30～34歲,30,34,完全落入,1.0,女,結婚,國小以下,不同性別,0
110,,23,石門區,30～34歲,30,34,完全落入,1.0,女,結婚,國小以下,相同性別,0
110,,23,石門區,30～34歲,30,34,完全落入,1.0,女,結婚,大學,不同性別,8
110,,23,石門區,30～34歲,30,34,完全落入,1.0,女,結婚,大學,相同性別,0
110,,23,石門區,30～34歲,30,34,完全落入,1.0,女,結婚,專科,不同性別,1
110,,23,石門區,30～34歲,30,34,完全落入,1.0,女,結婚,專科,相同性別,0
110,,23,石門區,30～34歲,30,34,完全落入,1.0,女,結婚,碩士,不同性別,0
110,,23,石門區,30～34歲,30,34,完全落入,1.0,女,結婚,碩士,相同性別,0
110,,23,石門區,30～34歲,30,34,完全落入,1.0,女,結婚,高中職,不同性別,4
110,,23,石門區,30～34歲,30,34,完全落入,1.0,女,結婚,高中職,相同性別,0
110,,23,石門區,30～34歲,30,34,完全落入,1.0,男,結婚,博士,不同性別,0
110,,23,石門區,30～34歲,30,34,完全落入,1.0,男,結婚,博士,相同性別,0
110,,23,石門區,30～34歲,30,34,完全落入,1.0,男,結婚,國中,不同性別,2
110,,23,石門區,30～34歲,30,34,完全落入,1.0,男,結婚,國中,相同性別,0
110,,23,石門區,30～34歲,30,34,完全落入,1.0,男,結婚,國小以下,不同性別,0
110,,23,石門區,30～34歲,30,34,完全落入,1.0,男,結婚,國小以下,相同性別,0
110,,23,石門區,30～34歲,30,34,完全落入,1.0,男,結婚,大學,不同性別,8
110,,23,石門區,30～34歲,30,34,完全落入,1.0,男,結婚,大學,相同性別,0
110,,23,石門區,30～34歲,30,34,完全落入,1.0,男,結婚,專科,不同性別,0
110,,23,石門區,30～34歲,30,34,完全落入,1.0,男,結婚,專科,相同性別,0
110,,23,石門區,30～34歲,30,34,完全落入,1.0,男,結婚,碩士,不同性別,1
110,,23,石門區,30～34歲,30,34,完全落入,1.0,男,結婚,碩士,相同性別,0
110,,23,石門區,30～34歲,30,34,完全落入,1.0,男,結婚,高中職,不同性別,4
110,,23,石門區,30～34歲,30,34,完全落入,1.0,男,結婚,高中職,相同性別,0
110,,23,石門區,35～39歲,35,39,部分重疊,0.2,女,結婚,博士,不同性別,0
110,,23,石門區,35～39歲,35,39,部分重疊,0.2,女,結婚,博士,相同性別,0
110,,23,石門區,35～39歲,35,39,部分重疊,0.2,女,結婚,國中,不同性別,1
110,,23,石門區,35～39歲,35,39,部分重疊,0.2,女,結婚,國中,相同性別,0
110,,23,石門區,35～39歲,35,39,部分重疊,0.2,女,結婚,國小以下,不同性別,0
110,,23,石門區,35～39歲,35,39,部分重疊,0.2,女,結婚,國小以下,相同性別,0
110,,23,石門區,35～39歲,35,39,部分重疊,0.2,女,結婚,大學,不同性別,0
110,,23,石門區,35～39歲,35,39,部分重疊,0.2,女,結婚,大學,相同性別,0
110,,23,石門區,35～39歲,35,39,部分重疊,0.2,女,結婚,專科,不同性別,0
110,,23,石門區,35～39歲,35,39,部分重疊,0.2,女,結婚,專科,相同性別,0
110,,23,石門區,35～39歲,35,39,部分重疊,0.2,女,結婚,碩士,不同性別,1
110,,23,石門區,35～39歲,35,39,部分重疊,0.2,女,結婚,碩士,相同性別,0
110,,23,石門區,35～39歲,35,39,部分重疊,0.2,女,結婚,高中職,不同性別,3
110,,23,石門區,35～39歲,35,39,部分重疊,0.2,女,結婚,高中職,相同性別,0
110,,23,石門區,35～39歲,35,39,部分重疊,0.2,男,結婚,博士,不同性別,0
110,,23,石門區,35～39歲,35,39,部分重疊,0.2,男,結婚,博士,相同性別,0
110,,23,石門區,35～39歲,35,39,部分重疊,0.2,男,結婚,國中,不同性別,3
110,,23,石門區,35～39歲,35,39,部分重疊,0.2,男,結婚,國中,相同性別,0
110,,23,石門區,35～39歲,35,39,部分重疊,0.2,男,結婚,國小以下,不同性別,0
110,,23,石門區,35～39歲,35,39,部分重疊,0.2,男,結婚,國小以下,相同性別,0
110,,23,石門區,35～39歲,35,39,部分重疊,0.2,男,結婚,大學,不同性別,2
110,,23,石門區,35～39歲,35,39,部分重疊,0.2,男,結婚,大學,相同性別,0
110,,23,石門區,35～39歲,35,39,部分重疊,0.2,男,結婚,專科,不同性別,1
110,,23,石門區,35～39歲,35,39,部分重疊,0.2,男,結婚,專科,相同性別,0
110,,23,石門區,35～39歲,35,39,部分重疊,0.2,男,結婚,碩士,不同性別,0
110,,23,石門區,35～39歲,35,39,部分重疊,0.2,男,結婚,碩士,相同性別,0
110,,23,石門區,35～39歲,35,39,部分重疊,0.2,男,結婚,高中職,不同性別,3
110,,23,石門區,35～39歲,35,39,部分重疊,0.2,男,結婚,高中職,相同性別,0
110,,23,石門區,40～44歲,40,44,不相關,0.0,女,結婚,博士,不同性別,0
110,,23,石門區,40～44歲,40,44,不相關,0.0,女,結婚,博士,相同性別,0
110,,23,石門區,40～44歲,40,44,不相關,0.0,女,結婚,國中,不同性別,0
110,,23,石門區,40～44歲,40,44,不相關,0.0,女,結婚,國中,相同性別,0
110,,23,石門區,40～44歲,40,44,不相關,0.0,女,結婚,國小以下,不同性別,0
110,,23,石門區,40～44歲,40,44,不相關,0.0,女,結婚,國小以下,相同性別,0
110,,23,石門區,40～44歲,40,44,不相關,0.0,女,結婚,大學,不同性別,1
110,,23,石門區,40～44歲,40,44,不相關,0.0,女,結婚,大學,相同性別,0
110,,23,石門區,40～44歲,40,44,不相關,0.0,女,結婚,專科,不同性別,0
110,,23,石門區,40～44歲,40,44,不相關,0.0,女,結婚,專科,相同性別,0
110,,23,石門區,40～44歲,40,44,不相關,0.0,女,結婚,碩士,不同性別,0
110,,23,石門區,40～44歲,40,44,不相關,0.0,女,結婚,碩士,相同性別,0
110,,23,石門區,40～44歲,40,44,不相關,0.0,女,結婚,高中職,不同性別,3
110,,23,石門區,40～44歲,40,44,不相關,0.0,女,結婚,高中職,相同性別,0
110,,23,石門區,40～44歲,40,44,不相關,0.0,男,結婚,博士,不同性別,0
110,,23,石門區,40～44歲,40,44,不相關,0.0,男,結婚,博士,相同性別,0
110,,23,石門區,40～44歲,40,44,不相關,0.0,男,結婚,國中,不同性別,1
110,,23,石門區,40～44歲,40,44,不相關,0.0,男,結婚,國中,相同性別,0
110,,23,石門區,40～44歲,40,44,不相關,0.0,男,結婚,國小以下,不同性別,0
110,,23,石門區,40～44歲,40,44,不相關,0.0,男,結婚,國小以下,相同性別,0
110,,23,石門區,40～44歲,40,44,不相關,0.0,男,結婚,大學,不同性別,0
110,,23,石門區,40～44歲,40,44,不相關,0.0,男,結婚,大學,相同性別,0
110,,23,石門區,40～44歲,40,44,不相關,0.0,男,結婚,專科,不同性別,0
110,,23,石門區,40～44歲,40,44,不相關,0.0,男,結婚,專科,相同性別,0
110,,23,石門區,40～44歲,40,44,不相關,0.0,男,結婚,碩士,不同性別,0
110,,23,石門區,40～44歲,40,44,不相關,0.0,男,結婚,碩士,相同性別,0
110,,23,石門區,40～44歲,40,44,不相關,0.0,男,結婚,高中職,不同性別,1
110,,23,石門區,40～44歲,40,44,不相關,0.0,男,結婚,高中職,相同性別,0
110,,23,石門區,45～49歲,45,49,不相關,0.0,女,結婚,博士,不同性別,0
110,,23,石門區,45～49歲,45,49,不相關,0.0,女,結婚,博士,相同性別,0
110,,23,石門區,45～49歲,45,49,不相關,0.0,女,結婚,國中,不同性別,0
110,,23,石門區,45～49歲,45,49,不相關,0.0,女,結婚,國中,相同性別,0
110,,23,石門區,45～49歲,45,49,不相關,0.0,女,結婚,國小以下,不同性別,0
110,,23,石門區,45～49歲,45,49,不相關,0.0,女,結婚,國小以下,相同性別,0
110,,23,石門區,45～49歲,45,49,不相關,0.0,女,結婚,大學,不同性別,0
110,,23,石門區,45～49歲,45,49,不相關,0.0,女,結婚,大學,相同性別,0
110,,23,石門區,45～49歲,45,49,不相關,0.0,女,結婚,專科,不同性別,1
110,,23,石門區,45～49歲,45,49,不相關,0.0,女,結婚,專科,相同性別,0
110,,23,石門區,45～49歲,45,49,不相關,0.0,女,結婚,碩士,不同性別,0
110,,23,石門區,45～49歲,45,49,不相關,0.0,女,結婚,碩士,相同性別,0
110,,23,石門區,45～49歲,45,49,不相關,0.0,女,結婚,高中職,不同性別,1
110,,23,石門區,45～49歲,45,49,不相關,0.0,女,結婚,高中職,相同性別,0
110,,23,石門區,45～49歲,45,49,不相關,0.0,男,結婚,博士,不同性別,0
110,,23,石門區,45～49歲,45,49,不相關,0.0,男,結婚,博士,相同性別,0
110,,23,石門區,45～49歲,45,49,不相關,0.0,男,結婚,國中,不同性別,0
110,,23,石門區,45～49歲,45,49,不相關,0.0,男,結婚,國中,相同性別,0
110,,23,石門區,45～49歲,45,49,不相關,0.0,男,結婚,國小以下,不同性別,0
110,,23,石門區,45～49歲,45,49,不相關,0.0,男,結婚,國小以下,相同性別,0
110,,23,石門區,45～49歲,45,49,不相關,0.0,男,結婚,大學,不同性別,0
110,,23,石門區,45～49歲,45,49,不相關,0.0,男,結婚,大學,相同性別,0
110,,23,石門區,45～49歲,45,49,不相關,0.0,男,結婚,專科,不同性別,1
110,,23,石門區,45～49歲,45,49,不相關,0.0,男,結婚,專科,相同性別,0
110,,23,石門區,45～49歲,45,49,不相關,0.0,男,結婚,碩士,不同性別,0
110,,23,石門區,45～49歲,45,49,不相關,0.0,男,結婚,碩士,相同性別,0
110,,23,石門區,45～49歲,45,49,不相關,0.0,男,結婚,高中職,不同性別,0
110,,23,石門區,45～49歲,45,49,不相關,0.0,男,結婚,高中職,相同性別,0
110,,23,石門區,50～54歲,50,54,不相關,0.0,女,結婚,博士,不同性別,0
110,,23,石門區,50～54歲,50,54,不相關,0.0,女,結婚,博士,相同性別,0
110,,23,石門區,50～54歲,50,54,不相關,0.0,女,結婚,國中,不同性別,0
110,,23,石門區,50～54歲,50,54,不相關,0.0,女,結婚,國中,相同性別,0
110,,23,石門區,50～54歲,50,54,不相關,0.0,女,結婚,國小以下,不同性別,0
110,,23,石門區,50～54歲,50,54,不相關,0.0,女,結婚,國小以下,相同性別,0
110,,23,石門區,50～54歲,50,54,不相關,0.0,女,結婚,大學,不同性別,0
110,,23,石門區,50～54歲,50,54,不相關,0.0,女,結婚,大學,相同性別,0
110,,23,石門區,50～54歲,50,54,不相關,0.0,女,結婚,專科,不同性別,0
110,,23,石門區,50～54歲,50,54,不相關,0.0,女,結婚,專科,相同性別,0
110,,23,石門區,50～54歲,50,54,不相關,0.0,女,結婚,碩士,不同性別,0
110,,23,石門區,50～54歲,50,54,不相關,0.0,女,結婚,碩士,相同性別,0
110,,23,石門區,50～54歲,50,54,不相關,0.0,女,結婚,高中職,不同性別,1
110,,23,石門區,50～54歲,50,54,不相關,0.0,女,結婚,高中職,相同性別,0
110,,23,石門區,50～54歲,50,54,不相關,0.0,男,結婚,博士,不同性別,0
110,,23,石門區,50～54歲,50,54,不相關,0.0,男,結婚,博士,相同性別,0
110,,23,石門區,50～54歲,50,54,不相關,0.0,男,結婚,國中,不同性別,0
110,,23,石門區,50～54歲,50,54,不相關,0.0,男,結婚,國中,相同性別,0
110,,23,石門區,50～54歲,50,54,不相關,0.0,男,結婚,國小以下,不同性別,0
110,,23,石門區,50～54歲,50,54,不相關,0.0,男,結婚,國小以下,相同性別,0
110,,23,石門區,50～54歲,50,54,不相關,0.0,男,結婚,大學,不同性別,0
110,,23,石門區,50～54歲,50,54,不相關,0.0,男,結婚,大學,相同性別,0
110,,23,石門區,50～54歲,50,54,不相關,0.0,男,結婚,專科,不同性別,0
110,,23,石門區,50～54歲,50,54,不相關,0.0,男,結婚,專科,相同性別,0
110,,23,石門區,50～54歲,50,54,不相關,0.0,男,結婚,碩士,不同性別,0
110,,23,石門區,50～54歲,50,54,不相關,0.0,男,結婚,碩士,相同性別,0
110,,23,石門區,50～54歲,50,54,不相關,0.0,男,結婚,高中職,不同性別,1
110,,23,石門區,50～54歲,50,54,不相關,0.0,男,結婚,高中職,相同性別,0
110,,23,石門區,55～59歲,55,59,不相關,0.0,女,結婚,博士,不同性別,0
110,,23,石門區,55～59歲,55,59,不相關,0.0,女,結婚,博士,相同性別,0
110,,23,石門區,55～59歲,55,59,不相關,0.0,女,結婚,國中,不同性別,0
110,,23,石門區,55～59歲,55,59,不相關,0.0,女,結婚,國中,相同性別,0
110,,23,石門區,55～59歲,55,59,不相關,0.0,女,結婚,國小以下,不同性別,0
110,,23,石門區,55～59歲,55,59,不相關,0.0,女,結婚,國小以下,相同性別,0
110,,23,石門區,55～59歲,55,59,不相關,0.0,女,結婚,大學,不同性別,0
110,,23,石門區,55～59歲,55,59,不相關,0.0,女,結婚,大學,相同性別,0
110,,23,石門區,55～59歲,55,59,不相關,0.0,女,結婚,專科,不同性別,0
110,,23,石門區,55～59歲,55,59,不相關,0.0,女,結婚,專科,相同性別,0
110,,23,石門區,55～59歲,55,59,不相關,0.0,女,結婚,碩士,不同性別,0
110,,23,石門區,55～59歲,55,59,不相關,0.0,女,結婚,碩士,相同性別,0
110,,23,石門區,55～59歲,55,59,不相關,0.0,女,結婚,高中職,不同性別,0
110,,23,石門區,55～59歲,55,59,不相關,0.0,女,結婚,高中職,相同性別,0
110,,23,石門區,55～59歲,55,59,不相關,0.0,男,結婚,博士,不同性別,0
110,,23,石門區,55～59歲,55,59,不相關,0.0,男,結婚,博士,相同性別,0
110,,23,石門區,55～59歲,55,59,不相關,0.0,男,結婚,國中,不同性別,0
110,,23,石門區,55～59歲,55,59,不相關,0.0,男,結婚,國中,相同性別,0
110,,23,石門區,55～59歲,55,59,不相關,0.0,男,結婚,國小以下,不同性別,0
110,,23,石門區,55～59歲,55,59,不相關,0.0,男,結婚,國小以下,相同性別,0
110,,23,石門區,55～59歲,55,59,不相關,0.0,男,結婚,大學,不同性別,0
110,,23,石門區,55～59歲,55,59,不相關,0.0,男,結婚,大學,相同性別,0
110,,23,石門區,55～59歲,55,59,不相關,0.0,男,結婚,專科,不同性別,0
110,,23,石門區,55～59歲,55,59,不相關,0.0,男,結婚,專科,相同性別,0
110,,23,石門區,55～59歲,55,59,不相關,0.0,男,結婚,碩士,不同性別,0
110,,23,石門區,55～59歲,55,59,不相關,0.0,男,結婚,碩士,相同性別,0
110,,23,石門區,55～59歲,55,59,不相關,0.0,男,結婚,高中職,不同性別,1
110,,23,石門區,55～59歲,55,59,不相關,0.0,男,結婚,高中職,相同性別,0
110,,23,石門區,60～64歲,60,64,不相關,0.0,女,結婚,博士,不同性別,0
110,,23,石門區,60～64歲,60,64,不相關,0.0,女,結婚,博士,相同性別,0
110,,23,石門區,60～64歲,60,64,不相關,0.0,女,結婚,國中,不同性別,0
110,,23,石門區,60～64歲,60,64,不相關,0.0,女,結婚,國中,相同性別,0
110,,23,石門區,60～64歲,60,64,不相關,0.0,女,結婚,國小以下,不同性別,0
110,,23,石門區,60～64歲,60,64,不相關,0.0,女,結婚,國小以下,相同性別,0
110,,23,石門區,60～64歲,60,64,不相關,0.0,女,結婚,大學,不同性別,0
110,,23,石門區,60～64歲,60,64,不相關,0.0,女,結婚,大學,相同性別,0
110,,23,石門區,60～64歲,60,64,不相關,0.0,女,結婚,專科,不同性別,1
110,,23,石門區,60～64歲,60,64,不相關,0.0,女,結婚,專科,相同性別,0
110,,23,石門區,60～64歲,60,64,不相關,0.0,女,結婚,碩士,不同性別,0
110,,23,石門區,60～64歲,60,64,不相關,0.0,女,結婚,碩士,相同性別,0
110,,23,石門區,60～64歲,60,64,不相關,0.0,女,結婚,高中職,不同性別,0
110,,23,石門區,60～64歲,60,64,不相關,0.0,女,結婚,高中職,相同性別,0
110,,23,石門區,60～64歲,60,64,不相關,0.0,男,結婚,博士,不同性別,0
110,,23,石門區,60～64歲,60,64,不相關,0.0,男,結婚,博士,相同性別,0
110,,23,石門區,60～64歲,60,64,不相關,0.0,男,結婚,國中,不同性別,0
110,,23,石門區,60～64歲,60,64,不相關,0.0,男,結婚,國中,相同性別,0
110,,23,石門區,60～64歲,60,64,不相關,0.0,男,結婚,國小以下,不同性別,0
110,,23,石門區,60～64歲,60,64,不相關,0.0,男,結婚,國小以下,相同性別,0
110,,23,石門區,60～64歲,60,64,不相關,0.0,男,結婚,大學,不同性別,0
110,,23,石門區,60～64歲,60,64,不相關,0.0,男,結婚,大學,相同性別,0
110,,23,石門區,60～64歲,60,64,不相關,0.0,男,結婚,專科,不同性別,0
110,,23,石門區,60～64歲,60,64,不相關,0.0,男,結婚,專科,相同性別,0
110,,23,石門區,60～64歲,60,64,不相關,0.0,男,結婚,碩士,不同性別,0
110,,23,石門區,60～64歲,60,64,不相關,0.0,男,結婚,碩士,相同性別,0
110,,23,石門區,60～64歲,60,64,不相關,0.0,男,結婚,高中職,不同性別,1
110,,23,石門區,60～64歲,60,64,不相關,0.0,男,結婚,高中職,相同性別,0
110,,23,石門區,65歲以上,65,120,不相關,0.0,女,結婚,博士,不同性別,0
110,,23,石門區,65歲以上,65,120,不相關,0.0,女,結婚,博士,相同性別,0
110,,23,石門區,65歲以上,65,120,不相關,0.0,女,結婚,國中,不同性別,0
110,,23,石門區,65歲以上,65,120,不相關,0.0,女,結婚,國中,相同性別,0
110,,23,石門區,65歲以上,65,120,不相關,0.0,女,結婚,國小以下,不同性別,0
110,,23,石門區,65歲以上,65,120,不相關,0.0,女,結婚,國小以下,相同性別,0
110,,23,石門區,65歲以上,65,120,不相關,0.0,女,結婚,大學,不同性別,0
110,,23,石門區,65歲以上,65,120,不相關,0.0,女,結婚,大學,相同性別,0
110,,23,石門區,65歲以上,65,120,不相關,0.0,女,結婚,專科,不同性別,0
110,,23,石門區,65歲以上,65,120,不相關,0.0,女,結婚,專科,相同性別,0
110,,23,石門區,65歲以上,65,120,不相關,0.0,女,結婚,碩士,不同性別,0
110,,23,石門區,65歲以上,65,120,不相關,0.0,女,結婚,碩士,相同性別,0
110,,23,石門區,65歲以上,65,120,不相關,0.0,女,結婚,高中職,不同性別,0
110,,23,石門區,65歲以上,65,120,不相關,0.0,女,結婚,高中職,相同性別,0
110,,23,石門區,65歲以上,65,120,不相關,0.0,男,結婚,博士,不同性別,0
110,,23,石門區,65歲以上,65,120,不相關,0.0,男,結婚,博士,相同性別,0
110,,23,石門區,65歲以上,65,120,不相關,0.0,男,結婚,國中,不同性別,0
110,,23,石門區,65歲以上,65,120,不相關,0.0,男,結婚,國中,相同性別,0
110,,23,石門區,65歲以上,65,120,不相關,0.0,男,結婚,國小以下,不同性別,0
110,,23,石門區,65歲以上,65,120,不相關,0.0,男,結婚,國小以下,相同性別,0
110,,23,石門區,65歲以上,65,120,不相關,0.0,男,結婚,大學,不同性別,0
110,,23,石門區,65歲以上,65,120,不相關,0.0,男,結婚,大學,相同性別,0
110,,23,石門區,65歲以上,65,120,不相關,0.0,男,結婚,專科,不同性別,1
110,,23,石門區,65歲以上,65,120,不相關,0.0,男,結婚,專科,相同性別,0
110,,23,石門區,65歲以上,65,120,不相關,0.0,男,結婚,碩士,不同性別,0
110,,23,石門區,65歲以上,65,120,不相關,0.0,男,結婚,碩士,相同性別,0
110,,23,石門區,65歲以上,65,120,不相關,0.0,男,結婚,高中職,不同性別,0
110,,23,石門區,65歲以上,65,120,不相關,0.0,男,結婚,高中職,相同性別,0
110,,24,金山區,未滿15歲,0,14,不相關,0.0,女,結婚,博士,不同性別,0
110,,24,金山區,未滿15歲,0,14,不相關,0.0,女,結婚,博士,相同性別,0
110,,24,金山區,未滿15歲,0,14,不相關,0.0,女,結婚,國中,不同性別,0
110,,24,金山區,未滿15歲,0,14,不相關,0.0,女,結婚,國中,相同性別,0
110,,24,金山區,未滿15歲,0,14,不相關,0.0,女,結婚,國小以下,不同性別,0
110,,24,金山區,未滿15歲,0,14,不相關,0.0,女,結婚,國小以下,相同性別,0
110,,24,金山區,未滿15歲,0,14,不相關,0.0,女,結婚,大學,不同性別,0
110,,24,金山區,未滿15歲,0,14,不相關,0.0,女,結婚,大學,相同性別,0
110,,24,金山區,未滿15歲,0,14,不相關,0.0,女,結婚,專科,不同性別,0
110,,24,金山區,未滿15歲,0,14,不相關,0.0,女,結婚,專科,相同性別,0
110,,24,金山區,未滿15歲,0,14,不相關,0.0,女,結婚,碩士,不同性別,0
110,,24,金山區,未滿15歲,0,14,不相關,0.0,女,結婚,碩士,相同性別,0
110,,24,金山區,未滿15歲,0,14,不相關,0.0,女,結婚,高中職,不同性別,0
110,,24,金山區,未滿15歲,0,14,不相關,0.0,女,結婚,高中職,相同性別,0
110,,24,金山區,未滿15歲,0,14,不相關,0.0,男,結婚,博士,不同性別,0
110,,24,金山區,未滿15歲,0,14,不相關,0.0,男,結婚,博士,相同性別,0
110,,24,金山區,未滿15歲,0,14,不相關,0.0,男,結婚,國中,不同性別,0
110,,24,金山區,未滿15歲,0,14,不相關,0.0,男,結婚,國中,相同性別,0
110,,24,金山區,未滿15歲,0,14,不相關,0.0,男,結婚,國小以下,不同性別,0
110,,24,金山區,未滿15歲,0,14,不相關,0.0,男,結婚,國小以下,相同性別,0
110,,24,金山區,未滿15歲,0,14,不相關,0.0,男,結婚,大學,不同性別,0
110,,24,金山區,未滿15歲,0,14,不相關,0.0,男,結婚,大學,相同性別,0
110,,24,金山區,未滿15歲,0,14,不相關,0.0,男,結婚,專科,不同性別,0
110,,24,金山區,未滿15歲,0,14,不相關,0.0,男,結婚,專科,相同性別,0
110,,24,金山區,未滿15歲,0,14,不相關,0.0,男,結婚,碩士,不同性別,0
110,,24,金山區,未滿15歲,0,14,不相關,0.0,男,結婚,碩士,相同性別,0
110,,24,金山區,未滿15歲,0,14,不相關,0.0,男,結婚,高中職,不同性別,0
110,,24,金山區,未滿15歲,0,14,不相關,0.0,男,結婚,高中職,相同性別,0
110,,24,金山區,15～19歲,15,19,部分重疊,0.4,女,結婚,博士,不同性別,0
110,,24,金山區,15～19歲,15,19,部分重疊,0.4,女,結婚,博士,相同性別,0
110,,24,金山區,15～19歲,15,19,部分重疊,0.4,女,結婚,國中,不同性別,1
110,,24,金山區,15～19歲,15,19,部分重疊,0.4,女,結婚,國中,相同性別,0
110,,24,金山區,15～19歲,15,19,部分重疊,0.4,女,結婚,國小以下,不同性別,0
110,,24,金山區,15～19歲,15,19,部分重疊,0.4,女,結婚,國小以下,相同性別,0
110,,24,金山區,15～19歲,15,19,部分重疊,0.4,女,結婚,大學,不同性別,0
110,,24,金山區,15～19歲,15,19,部分重疊,0.4,女,結婚,大學,相同性別,0
110,,24,金山區,15～19歲,15,19,部分重疊,0.4,女,結婚,專科,不同性別,0
110,,24,金山區,15～19歲,15,19,部分重疊,0.4,女,結婚,專科,相同性別,0
110,,24,金山區,15～19歲,15,19,部分重疊,0.4,女,結婚,碩士,不同性別,0
110,,24,金山區,15～19歲,15,19,部分重疊,0.4,女,結婚,碩士,相同性別,0
110,,24,金山區,15～19歲,15,19,部分重疊,0.4,女,結婚,高中職,不同性別,0
110,,24,金山區,15～19歲,15,19,部分重疊,0.4,女,結婚,高中職,相同性別,0
110,,24,金山區,15～19歲,15,19,部分重疊,0.4,男,結婚,博士,不同性別,0
110,,24,金山區,15～19歲,15,19,部分重疊,0.4,男,結婚,博士,相同性別,0
110,,24,金山區,15～19歲,15,19,部分重疊,0.4,男,結婚,國中,不同性別,0
110,,24,金山區,15～19歲,15,19,部分重疊,0.4,男,結婚,國中,相同性別,0
110,,24,金山區,15～19歲,15,19,部分重疊,0.4,男,結婚,國小以下,不同性別,0
110,,24,金山區,15～19歲,15,19,部分重疊,0.4,男,結婚,國小以下,相同性別,0
110,,24,金山區,15～19歲,15,19,部分重疊,0.4,男,結婚,大學,不同性別,0
110,,24,金山區,15～19歲,15,19,部分重疊,0.4,男,結婚,大學,相同性別,0
110,,24,金山區,15～19歲,15,19,部分重疊,0.4,男,結婚,專科,不同性別,0
110,,24,金山區,15～19歲,15,19,部分重疊,0.4,男,結婚,專科,相同性別,0
110,,24,金山區,15～19歲,15,19,部分重疊,0.4,男,結婚,碩士,不同性別,0
110,,24,金山區,15～19歲,15,19,部分重疊,0.4,男,結婚,碩士,相同性別,0
110,,24,金山區,15～19歲,15,19,部分重疊,0.4,男,結婚,高中職,不同性別,0
110,,24,金山區,15～19歲,15,19,部分重疊,0.4,男,結婚,高中職,相同性別,0
110,,24,金山區,20～24歲,20,24,完全落入,1.0,女,結婚,博士,不同性別,0
110,,24,金山區,20～24歲,20,24,完全落入,1.0,女,結婚,博士,相同性別,0
110,,24,金山區,20～24歲,20,24,完全落入,1.0,女,結婚,國中,不同性別,0
110,,24,金山區,20～24歲,20,24,完全落入,1.0,女,結婚,國中,相同性別,0
110,,24,金山區,20～24歲,20,24,完全落入,1.0,女,結婚,國小以下,不同性別,0
110,,24,金山區,20～24歲,20,24,完全落入,1.0,女,結婚,國小以下,相同性別,0
110,,24,金山區,20～24歲,20,24,完全落入,1.0,女,結婚,大學,不同性別,2
110,,24,金山區,20～24歲,20,24,完全落入,1.0,女,結婚,大學,相同性別,0
110,,24,金山區,20～24歲,20,24,完全落入,1.0,女,結婚,專科,不同性別,0
110,,24,金山區,20～24歲,20,24,完全落入,1.0,女,結婚,專科,相同性別,0
110,,24,金山區,20～24歲,20,24,完全落入,1.0,女,結婚,碩士,不同性別,0
110,,24,金山區,20～24歲,20,24,完全落入,1.0,女,結婚,碩士,相同性別,0
110,,24,金山區,20～24歲,20,24,完全落入,1.0,女,結婚,高中職,不同性別,4
110,,24,金山區,20～24歲,20,24,完全落入,1.0,女,結婚,高中職,相同性別,1
110,,24,金山區,20～24歲,20,24,完全落入,1.0,男,結婚,博士,不同性別,0
110,,24,金山區,20～24歲,20,24,完全落入,1.0,男,結婚,博士,相同性別,0
110,,24,金山區,20～24歲,20,24,完全落入,1.0,男,結婚,國中,不同性別,1
110,,24,金山區,20～24歲,20,24,完全落入,1.0,男,結婚,國中,相同性別,0
110,,24,金山區,20～24歲,20,24,完全落入,1.0,男,結婚,國小以下,不同性別,0
110,,24,金山區,20～24歲,20,24,完全落入,1.0,男,結婚,國小以下,相同性別,0
110,,24,金山區,20～24歲,20,24,完全落入,1.0,男,結婚,大學,不同性別,1
110,,24,金山區,20～24歲,20,24,完全落入,1.0,男,結婚,大學,相同性別,0
110,,24,金山區,20～24歲,20,24,完全落入,1.0,男,結婚,專科,不同性別,0
110,,24,金山區,20～24歲,20,24,完全落入,1.0,男,結婚,專科,相同性別,0
110,,24,金山區,20～24歲,20,24,完全落入,1.0,男,結婚,碩士,不同性別,0
110,,24,金山區,20～24歲,20,24,完全落入,1.0,男,結婚,碩士,相同性別,0
110,,24,金山區,20～24歲,20,24,完全落入,1.0,男,結婚,高中職,不同性別,1
110,,24,金山區,20～24歲,20,24,完全落入,1.0,男,結婚,高中職,相同性別,0
110,,24,金山區,25～29歲,25,29,完全落入,1.0,女,結婚,博士,不同性別,0
110,,24,金山區,25～29歲,25,29,完全落入,1.0,女,結婚,博士,相同性別,0
110,,24,金山區,25～29歲,25,29,完全落入,1.0,女,結婚,國中,不同性別,1
110,,24,金山區,25～29歲,25,29,完全落入,1.0,女,結婚,國中,相同性別,0
110,,24,金山區,25～29歲,25,29,完全落入,1.0,女,結婚,國小以下,不同性別,0
110,,24,金山區,25～29歲,25,29,完全落入,1.0,女,結婚,國小以下,相同性別,0
110,,24,金山區,25～29歲,25,29,完全落入,1.0,女,結婚,大學,不同性別,18
110,,24,金山區,25～29歲,25,29,完全落入,1.0,女,結婚,大學,相同性別,0
110,,24,金山區,25～29歲,25,29,完全落入,1.0,女,結婚,專科,不同性別,1
110,,24,金山區,25～29歲,25,29,完全落入,1.0,女,結婚,專科,相同性別,0
110,,24,金山區,25～29歲,25,29,完全落入,1.0,女,結婚,碩士,不同性別,1
110,,24,金山區,25～29歲,25,29,完全落入,1.0,女,結婚,碩士,相同性別,0
110,,24,金山區,25～29歲,25,29,完全落入,1.0,女,結婚,高中職,不同性別,5
110,,24,金山區,25～29歲,25,29,完全落入,1.0,女,結婚,高中職,相同性別,1
110,,24,金山區,25～29歲,25,29,完全落入,1.0,男,結婚,博士,不同性別,0
110,,24,金山區,25～29歲,25,29,完全落入,1.0,男,結婚,博士,相同性別,0
110,,24,金山區,25～29歲,25,29,完全落入,1.0,男,結婚,國中,不同性別,1
110,,24,金山區,25～29歲,25,29,完全落入,1.0,男,結婚,國中,相同性別,0
110,,24,金山區,25～29歲,25,29,完全落入,1.0,男,結婚,國小以下,不同性別,0
110,,24,金山區,25～29歲,25,29,完全落入,1.0,男,結婚,國小以下,相同性別,0
110,,24,金山區,25～29歲,25,29,完全落入,1.0,男,結婚,大學,不同性別,10
110,,24,金山區,25～29歲,25,29,完全落入,1.0,男,結婚,大學,相同性別,0
110,,24,金山區,25～29歲,25,29,完全落入,1.0,男,結婚,專科,不同性別,2
110,,24,金山區,25～29歲,25,29,完全落入,1.0,男,結婚,專科,相同性別,0
110,,24,金山區,25～29歲,25,29,完全落入,1.0,男,結婚,碩士,不同性別,1
110,,24,金山區,25～29歲,25,29,完全落入,1.0,男,結婚,碩士,相同性別,0
110,,24,金山區,25～29歲,25,29,完全落入,1.0,男,結婚,高中職,不同性別,7
110,,24,金山區,25～29歲,25,29,完全落入,1.0,男,結婚,高中職,相同性別,0
110,,24,金山區,30～34歲,30,34,完全落入,1.0,女,結婚,博士,不同性別,0
110,,24,金山區,30～34歲,30,34,完全落入,1.0,女,結婚,博士,相同性別,0
110,,24,金山區,30～34歲,30,34,完全落入,1.0,女,結婚,國中,不同性別,1
110,,24,金山區,30～34歲,30,34,完全落入,1.0,女,結婚,國中,相同性別,0
110,,24,金山區,30～34歲,30,34,完全落入,1.0,女,結婚,國小以下,不同性別,0
110,,24,金山區,30～34歲,30,34,完全落入,1.0,女,結婚,國小以下,相同性別,0
110,,24,金山區,30～34歲,30,34,完全落入,1.0,女,結婚,大學,不同性別,6
110,,24,金山區,30～34歲,30,34,完全落入,1.0,女,結婚,大學,相同性別,0
110,,24,金山區,30～34歲,30,34,完全落入,1.0,女,結婚,專科,不同性別,0
110,,24,金山區,30～34歲,30,34,完全落入,1.0,女,結婚,專科,相同性別,0
110,,24,金山區,30～34歲,30,34,完全落入,1.0,女,結婚,碩士,不同性別,2
110,,24,金山區,30～34歲,30,34,完全落入,1.0,女,結婚,碩士,相同性別,0
110,,24,金山區,30～34歲,30,34,完全落入,1.0,女,結婚,高中職,不同性別,2
110,,24,金山區,30～34歲,30,34,完全落入,1.0,女,結婚,高中職,相同性別,0
110,,24,金山區,30～34歲,30,34,完全落入,1.0,男,結婚,博士,不同性別,0
110,,24,金山區,30～34歲,30,34,完全落入,1.0,男,結婚,博士,相同性別,0
110,,24,金山區,30～34歲,30,34,完全落入,1.0,男,結婚,國中,不同性別,2
110,,24,金山區,30～34歲,30,34,完全落入,1.0,男,結婚,國中,相同性別,0
110,,24,金山區,30～34歲,30,34,完全落入,1.0,男,結婚,國小以下,不同性別,0
110,,24,金山區,30～34歲,30,34,完全落入,1.0,男,結婚,國小以下,相同性別,0
110,,24,金山區,30～34歲,30,34,完全落入,1.0,男,結婚,大學,不同性別,5
110,,24,金山區,30～34歲,30,34,完全落入,1.0,男,結婚,大學,相同性別,0
110,,24,金山區,30～34歲,30,34,完全落入,1.0,男,結婚,專科,不同性別,3
110,,24,金山區,30～34歲,30,34,完全落入,1.0,男,結婚,專科,相同性別,0
110,,24,金山區,30～34歲,30,34,完全落入,1.0,男,結婚,碩士,不同性別,3
110,,24,金山區,30～34歲,30,34,完全落入,1.0,男,結婚,碩士,相同性別,0
110,,24,金山區,30～34歲,30,34,完全落入,1.0,男,結婚,高中職,不同性別,5
110,,24,金山區,30～34歲,30,34,完全落入,1.0,男,結婚,高中職,相同性別,0
110,,24,金山區,35～39歲,35,39,部分重疊,0.2,女,結婚,博士,不同性別,0
110,,24,金山區,35～39歲,35,39,部分重疊,0.2,女,結婚,博士,相同性別,0
110,,24,金山區,35～39歲,35,39,部分重疊,0.2,女,結婚,國中,不同性別,1
110,,24,金山區,35～39歲,35,39,部分重疊,0.2,女,結婚,國中,相同性別,0
110,,24,金山區,35～39歲,35,39,部分重疊,0.2,女,結婚,國小以下,不同性別,1
110,,24,金山區,35～39歲,35,39,部分重疊,0.2,女,結婚,國小以下,相同性別,0
110,,24,金山區,35～39歲,35,39,部分重疊,0.2,女,結婚,大學,不同性別,3
110,,24,金山區,35～39歲,35,39,部分重疊,0.2,女,結婚,大學,相同性別,0
110,,24,金山區,35～39歲,35,39,部分重疊,0.2,女,結婚,專科,不同性別,1
110,,24,金山區,35～39歲,35,39,部分重疊,0.2,女,結婚,專科,相同性別,0
110,,24,金山區,35～39歲,35,39,部分重疊,0.2,女,結婚,碩士,不同性別,0
110,,24,金山區,35～39歲,35,39,部分重疊,0.2,女,結婚,碩士,相同性別,0
110,,24,金山區,35～39歲,35,39,部分重疊,0.2,女,結婚,高中職,不同性別,1
110,,24,金山區,35～39歲,35,39,部分重疊,0.2,女,結婚,高中職,相同性別,0
110,,24,金山區,35～39歲,35,39,部分重疊,0.2,男,結婚,博士,不同性別,0
110,,24,金山區,35～39歲,35,39,部分重疊,0.2,男,結婚,博士,相同性別,0
110,,24,金山區,35～39歲,35,39,部分重疊,0.2,男,結婚,國中,不同性別,1
110,,24,金山區,35～39歲,35,39,部分重疊,0.2,男,結婚,國中,相同性別,0
110,,24,金山區,35～39歲,35,39,部分重疊,0.2,男,結婚,國小以下,不同性別,0
110,,24,金山區,35～39歲,35,39,部分重疊,0.2,男,結婚,國小以下,相同性別,0
110,,24,金山區,35～39歲,35,39,部分重疊,0.2,男,結婚,大學,不同性別,3
110,,24,金山區,35～39歲,35,39,部分重疊,0.2,男,結婚,大學,相同性別,0
110,,24,金山區,35～39歲,35,39,部分重疊,0.2,男,結婚,專科,不同性別,2
110,,24,金山區,35～39歲,35,39,部分重疊,0.2,男,結婚,專科,相同性別,0
110,,24,金山區,35～39歲,35,39,部分重疊,0.2,男,結婚,碩士,不同性別,0
110,,24,金山區,35～39歲,35,39,部分重疊,0.2,男,結婚,碩士,相同性別,0
110,,24,金山區,35～39歲,35,39,部分重疊,0.2,男,結婚,高中職,不同性別,3
110,,24,金山區,35～39歲,35,39,部分重疊,0.2,男,結婚,高中職,相同性別,0
110,,24,金山區,40～44歲,40,44,不相關,0.0,女,結婚,博士,不同性別,0
110,,24,金山區,40～44歲,40,44,不相關,0.0,女,結婚,博士,相同性別,0
110,,24,金山區,40～44歲,40,44,不相關,0.0,女,結婚,國中,不同性別,2
110,,24,金山區,40～44歲,40,44,不相關,0.0,女,結婚,國中,相同性別,0
110,,24,金山區,40～44歲,40,44,不相關,0.0,女,結婚,國小以下,不同性別,0
110,,24,金山區,40～44歲,40,44,不相關,0.0,女,結婚,國小以下,相同性別,0
110,,24,金山區,40～44歲,40,44,不相關,0.0,女,結婚,大學,不同性別,0
110,,24,金山區,40～44歲,40,44,不相關,0.0,女,結婚,大學,相同性別,0
110,,24,金山區,40～44歲,40,44,不相關,0.0,女,結婚,專科,不同性別,1
110,,24,金山區,40～44歲,40,44,不相關,0.0,女,結婚,專科,相同性別,0
110,,24,金山區,40～44歲,40,44,不相關,0.0,女,結婚,碩士,不同性別,0
110,,24,金山區,40～44歲,40,44,不相關,0.0,女,結婚,碩士,相同性別,0
110,,24,金山區,40～44歲,40,44,不相關,0.0,女,結婚,高中職,不同性別,0
110,,24,金山區,40～44歲,40,44,不相關,0.0,女,結婚,高中職,相同性別,0
110,,24,金山區,40～44歲,40,44,不相關,0.0,男,結婚,博士,不同性別,0
110,,24,金山區,40～44歲,40,44,不相關,0.0,男,結婚,博士,相同性別,0
110,,24,金山區,40～44歲,40,44,不相關,0.0,男,結婚,國中,不同性別,0
110,,24,金山區,40～44歲,40,44,不相關,0.0,男,結婚,國中,相同性別,0
110,,24,金山區,40～44歲,40,44,不相關,0.0,男,結婚,國小以下,不同性別,0
110,,24,金山區,40～44歲,40,44,不相關,0.0,男,結婚,國小以下,相同性別,0
110,,24,金山區,40～44歲,40,44,不相關,0.0,男,結婚,大學,不同性別,0
110,,24,金山區,40～44歲,40,44,不相關,0.0,男,結婚,大學,相同性別,0
110,,24,金山區,40～44歲,40,44,不相關,0.0,男,結婚,專科,不同性別,0
110,,24,金山區,40～44歲,40,44,不相關,0.0,男,結婚,專科,相同性別,0
110,,24,金山區,40～44歲,40,44,不相關,0.0,男,結婚,碩士,不同性別,1
110,,24,金山區,40～44歲,40,44,不相關,0.0,男,結婚,碩士,相同性別,0
110,,24,金山區,40～44歲,40,44,不相關,0.0,男,結婚,高中職,不同性別,1
110,,24,金山區,40～44歲,40,44,不相關,0.0,男,結婚,高中職,相同性別,0
110,,24,金山區,45～49歲,45,49,不相關,0.0,女,結婚,博士,不同性別,0
110,,24,金山區,45～49歲,45,49,不相關,0.0,女,結婚,博士,相同性別,0
110,,24,金山區,45～49歲,45,49,不相關,0.0,女,結婚,國中,不同性別,1
110,,24,金山區,45～49歲,45,49,不相關,0.0,女,結婚,國中,相同性別,0
110,,24,金山區,45～49歲,45,49,不相關,0.0,女,結婚,國小以下,不同性別,0
110,,24,金山區,45～49歲,45,49,不相關,0.0,女,結婚,國小以下,相同性別,0
110,,24,金山區,45～49歲,45,49,不相關,0.0,女,結婚,大學,不同性別,0
110,,24,金山區,45～49歲,45,49,不相關,0.0,女,結婚,大學,相同性別,0
110,,24,金山區,45～49歲,45,49,不相關,0.0,女,結婚,專科,不同性別,0
110,,24,金山區,45～49歲,45,49,不相關,0.0,女,結婚,專科,相同性別,0
110,,24,金山區,45～49歲,45,49,不相關,0.0,女,結婚,碩士,不同性別,0
110,,24,金山區,45～49歲,45,49,不相關,0.0,女,結婚,碩士,相同性別,0
110,,24,金山區,45～49歲,45,49,不相關,0.0,女,結婚,高中職,不同性別,1
110,,24,金山區,45～49歲,45,49,不相關,0.0,女,結婚,高中職,相同性別,0
110,,24,金山區,45～49歲,45,49,不相關,0.0,男,結婚,博士,不同性別,0
110,,24,金山區,45～49歲,45,49,不相關,0.0,男,結婚,博士,相同性別,0
110,,24,金山區,45～49歲,45,49,不相關,0.0,男,結婚,國中,不同性別,0
110,,24,金山區,45～49歲,45,49,不相關,0.0,男,結婚,國中,相同性別,0
110,,24,金山區,45～49歲,45,49,不相關,0.0,男,結婚,國小以下,不同性別,0
110,,24,金山區,45～49歲,45,49,不相關,0.0,男,結婚,國小以下,相同性別,0
110,,24,金山區,45～49歲,45,49,不相關,0.0,男,結婚,大學,不同性別,0
110,,24,金山區,45～49歲,45,49,不相關,0.0,男,結婚,大學,相同性別,0
110,,24,金山區,45～49歲,45,49,不相關,0.0,男,結婚,專科,不同性別,0
110,,24,金山區,45～49歲,45,49,不相關,0.0,男,結婚,專科,相同性別,0
110,,24,金山區,45～49歲,45,49,不相關,0.0,男,結婚,碩士,不同性別,0
110,,24,金山區,45～49歲,45,49,不相關,0.0,男,結婚,碩士,相同性別,0
110,,24,金山區,45～49歲,45,49,不相關,0.0,男,結婚,高中職,不同性別,0
110,,24,金山區,45～49歲,45,49,不相關,0.0,男,結婚,高中職,相同性別,0
110,,24,金山區,50～54歲,50,54,不相關,0.0,女,結婚,博士,不同性別,0
110,,24,金山區,50～54歲,50,54,不相關,0.0,女,結婚,博士,相同性別,0
110,,24,金山區,50～54歲,50,54,不相關,0.0,女,結婚,國中,不同性別,0
110,,24,金山區,50～54歲,50,54,不相關,0.0,女,結婚,國中,相同性別,0
110,,24,金山區,50～54歲,50,54,不相關,0.0,女,結婚,國小以下,不同性別,0
110,,24,金山區,50～54歲,50,54,不相關,0.0,女,結婚,國小以下,相同性別,0
110,,24,金山區,50～54歲,50,54,不相關,0.0,女,結婚,大學,不同性別,0
110,,24,金山區,50～54歲,50,54,不相關,0.0,女,結婚,大學,相同性別,0
110,,24,金山區,50～54歲,50,54,不相關,0.0,女,結婚,專科,不同性別,0
110,,24,金山區,50～54歲,50,54,不相關,0.0,女,結婚,專科,相同性別,0
110,,24,金山區,50～54歲,50,54,不相關,0.0,女,結婚,碩士,不同性別,0
110,,24,金山區,50～54歲,50,54,不相關,0.0,女,結婚,碩士,相同性別,0
110,,24,金山區,50～54歲,50,54,不相關,0.0,女,結婚,高中職,不同性別,2
110,,24,金山區,50～54歲,50,54,不相關,0.0,女,結婚,高中職,相同性別,0
110,,24,金山區,50～54歲,50,54,不相關,0.0,男,結婚,博士,不同性別,0
110,,24,金山區,50～54歲,50,54,不相關,0.0,男,結婚,博士,相同性別,0
110,,24,金山區,50～54歲,50,54,不相關,0.0,男,結婚,國中,不同性別,0
110,,24,金山區,50～54歲,50,54,不相關,0.0,男,結婚,國中,相同性別,0
110,,24,金山區,50～54歲,50,54,不相關,0.0,男,結婚,國小以下,不同性別,1
110,,24,金山區,50～54歲,50,54,不相關,0.0,男,結婚,國小以下,相同性別,0
110,,24,金山區,50～54歲,50,54,不相關,0.0,男,結婚,大學,不同性別,0
110,,24,金山區,50～54歲,50,54,不相關,0.0,男,結婚,大學,相同性別,0
110,,24,金山區,50～54歲,50,54,不相關,0.0,男,結婚,專科,不同性別,0
110,,24,金山區,50～54歲,50,54,不相關,0.0,男,結婚,專科,相同性別,0
110,,24,金山區,50～54歲,50,54,不相關,0.0,男,結婚,碩士,不同性別,0
110,,24,金山區,50～54歲,50,54,不相關,0.0,男,結婚,碩士,相同性別,0
110,,24,金山區,50～54歲,50,54,不相關,0.0,男,結婚,高中職,不同性別,1
110,,24,金山區,50～54歲,50,54,不相關,0.0,男,結婚,高中職,相同性別,0
110,,24,金山區,55～59歲,55,59,不相關,0.0,女,結婚,博士,不同性別,0
110,,24,金山區,55～59歲,55,59,不相關,0.0,女,結婚,博士,相同性別,0
110,,24,金山區,55～59歲,55,59,不相關,0.0,女,結婚,國中,不同性別,0
110,,24,金山區,55～59歲,55,59,不相關,0.0,女,結婚,國中,相同性別,0
110,,24,金山區,55～59歲,55,59,不相關,0.0,女,結婚,國小以下,不同性別,0
110,,24,金山區,55～59歲,55,59,不相關,0.0,女,結婚,國小以下,相同性別,0
110,,24,金山區,55～59歲,55,59,不相關,0.0,女,結婚,大學,不同性別,0
110,,24,金山區,55～59歲,55,59,不相關,0.0,女,結婚,大學,相同性別,0
110,,24,金山區,55～59歲,55,59,不相關,0.0,女,結婚,專科,不同性別,0
110,,24,金山區,55～59歲,55,59,不相關,0.0,女,結婚,專科,相同性別,0
110,,24,金山區,55～59歲,55,59,不相關,0.0,女,結婚,碩士,不同性別,0
110,,24,金山區,55～59歲,55,59,不相關,0.0,女,結婚,碩士,相同性別,0
110,,24,金山區,55～59歲,55,59,不相關,0.0,女,結婚,高中職,不同性別,0
110,,24,金山區,55～59歲,55,59,不相關,0.0,女,結婚,高中職,相同性別,0
110,,24,金山區,55～59歲,55,59,不相關,0.0,男,結婚,博士,不同性別,0
110,,24,金山區,55～59歲,55,59,不相關,0.0,男,結婚,博士,相同性別,0
110,,24,金山區,55～59歲,55,59,不相關,0.0,男,結婚,國中,不同性別,2
110,,24,金山區,55～59歲,55,59,不相關,0.0,男,結婚,國中,相同性別,0
110,,24,金山區,55～59歲,55,59,不相關,0.0,男,結婚,國小以下,不同性別,1
110,,24,金山區,55～59歲,55,59,不相關,0.0,男,結婚,國小以下,相同性別,0
110,,24,金山區,55～59歲,55,59,不相關,0.0,男,結婚,大學,不同性別,0
110,,24,金山區,55～59歲,55,59,不相關,0.0,男,結婚,大學,相同性別,0
110,,24,金山區,55～59歲,55,59,不相關,0.0,男,結婚,專科,不同性別,0
110,,24,金山區,55～59歲,55,59,不相關,0.0,男,結婚,專科,相同性別,0
110,,24,金山區,55～59歲,55,59,不相關,0.0,男,結婚,碩士,不同性別,0
110,,24,金山區,55～59歲,55,59,不相關,0.0,男,結婚,碩士,相同性別,0
110,,24,金山區,55～59歲,55,59,不相關,0.0,男,結婚,高中職,不同性別,0
110,,24,金山區,55～59歲,55,59,不相關,0.0,男,結婚,高中職,相同性別,0
110,,24,金山區,60～64歲,60,64,不相關,0.0,女,結婚,博士,不同性別,0
110,,24,金山區,60～64歲,60,64,不相關,0.0,女,結婚,博士,相同性別,0
110,,24,金山區,60～64歲,60,64,不相關,0.0,女,結婚,國中,不同性別,0
110,,24,金山區,60～64歲,60,64,不相關,0.0,女,結婚,國中,相同性別,0
110,,24,金山區,60～64歲,60,64,不相關,0.0,女,結婚,國小以下,不同性別,0
110,,24,金山區,60～64歲,60,64,不相關,0.0,女,結婚,國小以下,相同性別,0
110,,24,金山區,60～64歲,60,64,不相關,0.0,女,結婚,大學,不同性別,0
110,,24,金山區,60～64歲,60,64,不相關,0.0,女,結婚,大學,相同性別,0
110,,24,金山區,60～64歲,60,64,不相關,0.0,女,結婚,專科,不同性別,0
110,,24,金山區,60～64歲,60,64,不相關,0.0,女,結婚,專科,相同性別,0
110,,24,金山區,60～64歲,60,64,不相關,0.0,女,結婚,碩士,不同性別,0
110,,24,金山區,60～64歲,60,64,不相關,0.0,女,結婚,碩士,相同性別,0
110,,24,金山區,60～64歲,60,64,不相關,0.0,女,結婚,高中職,不同性別,0
110,,24,金山區,60～64歲,60,64,不相關,0.0,女,結婚,高中職,相同性別,0
110,,24,金山區,60～64歲,60,64,不相關,0.0,男,結婚,博士,不同性別,0
110,,24,金山區,60～64歲,60,64,不相關,0.0,男,結婚,博士,相同性別,0
110,,24,金山區,60～64歲,60,64,不相關,0.0,男,結婚,國中,不同性別,0
110,,24,金山區,60～64歲,60,64,不相關,0.0,男,結婚,國中,相同性別,0
110,,24,金山區,60～64歲,60,64,不相關,0.0,男,結婚,國小以下,不同性別,0
110,,24,金山區,60～64歲,60,64,不相關,0.0,男,結婚,國小以下,相同性別,0
110,,24,金山區,60～64歲,60,64,不相關,0.0,男,結婚,大學,不同性別,0
110,,24,金山區,60～64歲,60,64,不相關,0.0,男,結婚,大學,相同性別,0
110,,24,金山區,60～64歲,60,64,不相關,0.0,男,結婚,專科,不同性別,0
110,,24,金山區,60～64歲,60,64,不相關,0.0,男,結婚,專科,相同性別,0
110,,24,金山區,60～64歲,60,64,不相關,0.0,男,結婚,碩士,不同性別,0
110,,24,金山區,60～64歲,60,64,不相關,0.0,男,結婚,碩士,相同性別,0
110,,24,金山區,60～64歲,60,64,不相關,0.0,男,結婚,高中職,不同性別,0
110,,24,金山區,60～64歲,60,64,不相關,0.0,男,結婚,高中職,相同性別,0
110,,24,金山區,65歲以上,65,120,不相關,0.0,女,結婚,博士,不同性別,0
110,,24,金山區,65歲以上,65,120,不相關,0.0,女,結婚,博士,相同性別,0
110,,24,金山區,65歲以上,65,120,不相關,0.0,女,結婚,國中,不同性別,0
110,,24,金山區,65歲以上,65,120,不相關,0.0,女,結婚,國中,相同性別,0
110,,24,金山區,65歲以上,65,120,不相關,0.0,女,結婚,國小以下,不同性別,0
110,,24,金山區,65歲以上,65,120,不相關,0.0,女,結婚,國小以下,相同性別,0
110,,24,金山區,65歲以上,65,120,不相關,0.0,女,結婚,大學,不同性別,0
110,,24,金山區,65歲以上,65,120,不相關,0.0,女,結婚,大學,相同性別,0
110,,24,金山區,65歲以上,65,120,不相關,0.0,女,結婚,專科,不同性別,0
110,,24,金山區,65歲以上,65,120,不相關,0.0,女,結婚,專科,相同性別,0
110,,24,金山區,65歲以上,65,120,不相關,0.0,女,結婚,碩士,不同性別,0
110,,24,金山區,65歲以上,65,120,不相關,0.0,女,結婚,碩士,相同性別,0
110,,24,金山區,65歲以上,65,120,不相關,0.0,女,結婚,高中職,不同性別,1
110,,24,金山區,65歲以上,65,120,不相關,0.0,女,結婚,高中職,相同性別,0
110,,24,金山區,65歲以上,65,120,不相關,0.0,男,結婚,博士,不同性別,0
110,,24,金山區,65歲以上,65,120,不相關,0.0,男,結婚,博士,相同性別,0
110,,24,金山區,65歲以上,65,120,不相關,0.0,男,結婚,國中,不同性別,0
110,,24,金山區,65歲以上,65,120,不相關,0.0,男,結婚,國中,相同性別,0
110,,24,金山區,65歲以上,65,120,不相關,0.0,男,結婚,國小以下,不同性別,0
110,,24,金山區,65歲以上,65,120,不相關,0.0,男,結婚,國小以下,相同性別,0
110,,24,金山區,65歲以上,65,120,不相關,0.0,男,結婚,大學,不同性別,0
110,,24,金山區,65歲以上,65,120,不相關,0.0,男,結婚,大學,相同性別,0
110,,24,金山區,65歲以上,65,120,不相關,0.0,男,結婚,專科,不同性別,1
110,,24,金山區,65歲以上,65,120,不相關,0.0,男,結婚,專科,相同性別,0
110,,24,金山區,65歲以上,65,120,不相關,0.0,男,結婚,碩士,不同性別,0
110,,24,金山區,65歲以上,65,120,不相關,0.0,男,結婚,碩士,相同性別,0
110,,24,金山區,65歲以上,65,120,不相關,0.0,男,結婚,高中職,不同性別,0
110,,24,金山區,65歲以上,65,120,不相關,0.0,男,結婚,高中職,相同性別,0
110,,25,萬里區,未滿15歲,0,14,不相關,0.0,女,結婚,博士,不同性別,0
110,,25,萬里區,未滿15歲,0,14,不相關,0.0,女,結婚,博士,相同性別,0
110,,25,萬里區,未滿15歲,0,14,不相關,0.0,女,結婚,國中,不同性別,0
110,,25,萬里區,未滿15歲,0,14,不相關,0.0,女,結婚,國中,相同性別,0
110,,25,萬里區,未滿15歲,0,14,不相關,0.0,女,結婚,國小以下,不同性別,0
110,,25,萬里區,未滿15歲,0,14,不相關,0.0,女,結婚,國小以下,相同性別,0
110,,25,萬里區,未滿15歲,0,14,不相關,0.0,女,結婚,大學,不同性別,0
110,,25,萬里區,未滿15歲,0,14,不相關,0.0,女,結婚,大學,相同性別,0
110,,25,萬里區,未滿15歲,0,14,不相關,0.0,女,結婚,專科,不同性別,0
110,,25,萬里區,未滿15歲,0,14,不相關,0.0,女,結婚,專科,相同性別,0
110,,25,萬里區,未滿15歲,0,14,不相關,0.0,女,結婚,碩士,不同性別,0
110,,25,萬里區,未滿15歲,0,14,不相關,0.0,女,結婚,碩士,相同性別,0
110,,25,萬里區,未滿15歲,0,14,不相關,0.0,女,結婚,高中職,不同性別,0
110,,25,萬里區,未滿15歲,0,14,不相關,0.0,女,結婚,高中職,相同性別,0
110,,25,萬里區,未滿15歲,0,14,不相關,0.0,男,結婚,博士,不同性別,0
110,,25,萬里區,未滿15歲,0,14,不相關,0.0,男,結婚,博士,相同性別,0
110,,25,萬里區,未滿15歲,0,14,不相關,0.0,男,結婚,國中,不同性別,0
110,,25,萬里區,未滿15歲,0,14,不相關,0.0,男,結婚,國中,相同性別,0
110,,25,萬里區,未滿15歲,0,14,不相關,0.0,男,結婚,國小以下,不同性別,0
110,,25,萬里區,未滿15歲,0,14,不相關,0.0,男,結婚,國小以下,相同性別,0
110,,25,萬里區,未滿15歲,0,14,不相關,0.0,男,結婚,大學,不同性別,0
110,,25,萬里區,未滿15歲,0,14,不相關,0.0,男,結婚,大學,相同性別,0
110,,25,萬里區,未滿15歲,0,14,不相關,0.0,男,結婚,專科,不同性別,0
110,,25,萬里區,未滿15歲,0,14,不相關,0.0,男,結婚,專科,相同性別,0
110,,25,萬里區,未滿15歲,0,14,不相關,0.0,男,結婚,碩士,不同性別,0
110,,25,萬里區,未滿15歲,0,14,不相關,0.0,男,結婚,碩士,相同性別,0
110,,25,萬里區,未滿15歲,0,14,不相關,0.0,男,結婚,高中職,不同性別,0
110,,25,萬里區,未滿15歲,0,14,不相關,0.0,男,結婚,高中職,相同性別,0
110,,25,萬里區,15～19歲,15,19,部分重疊,0.4,女,結婚,博士,不同性別,0
110,,25,萬里區,15～19歲,15,19,部分重疊,0.4,女,結婚,博士,相同性別,0
110,,25,萬里區,15～19歲,15,19,部分重疊,0.4,女,結婚,國中,不同性別,3
110,,25,萬里區,15～19歲,15,19,部分重疊,0.4,女,結婚,國中,相同性別,0
110,,25,萬里區,15～19歲,15,19,部分重疊,0.4,女,結婚,國小以下,不同性別,0
110,,25,萬里區,15～19歲,15,19,部分重疊,0.4,女,結婚,國小以下,相同性別,0
110,,25,萬里區,15～19歲,15,19,部分重疊,0.4,女,結婚,大學,不同性別,0
110,,25,萬里區,15～19歲,15,19,部分重疊,0.4,女,結婚,大學,相同性別,0
110,,25,萬里區,15～19歲,15,19,部分重疊,0.4,女,結婚,專科,不同性別,0
110,,25,萬里區,15～19歲,15,19,部分重疊,0.4,女,結婚,專科,相同性別,0
110,,25,萬里區,15～19歲,15,19,部分重疊,0.4,女,結婚,碩士,不同性別,0
110,,25,萬里區,15～19歲,15,19,部分重疊,0.4,女,結婚,碩士,相同性別,0
110,,25,萬里區,15～19歲,15,19,部分重疊,0.4,女,結婚,高中職,不同性別,0
110,,25,萬里區,15～19歲,15,19,部分重疊,0.4,女,結婚,高中職,相同性別,0
110,,25,萬里區,15～19歲,15,19,部分重疊,0.4,男,結婚,博士,不同性別,0
110,,25,萬里區,15～19歲,15,19,部分重疊,0.4,男,結婚,博士,相同性別,0
110,,25,萬里區,15～19歲,15,19,部分重疊,0.4,男,結婚,國中,不同性別,0
110,,25,萬里區,15～19歲,15,19,部分重疊,0.4,男,結婚,國中,相同性別,0
110,,25,萬里區,15～19歲,15,19,部分重疊,0.4,男,結婚,國小以下,不同性別,0
110,,25,萬里區,15～19歲,15,19,部分重疊,0.4,男,結婚,國小以下,相同性別,0
110,,25,萬里區,15～19歲,15,19,部分重疊,0.4,男,結婚,大學,不同性別,0
110,,25,萬里區,15～19歲,15,19,部分重疊,0.4,男,結婚,大學,相同性別,0
110,,25,萬里區,15～19歲,15,19,部分重疊,0.4,男,結婚,專科,不同性別,0
110,,25,萬里區,15～19歲,15,19,部分重疊,0.4,男,結婚,專科,相同性別,0
110,,25,萬里區,15～19歲,15,19,部分重疊,0.4,男,結婚,碩士,不同性別,0
110,,25,萬里區,15～19歲,15,19,部分重疊,0.4,男,結婚,碩士,相同性別,0
110,,25,萬里區,15～19歲,15,19,部分重疊,0.4,男,結婚,高中職,不同性別,0
110,,25,萬里區,15～19歲,15,19,部分重疊,0.4,男,結婚,高中職,相同性別,0
110,,25,萬里區,20～24歲,20,24,完全落入,1.0,女,結婚,博士,不同性別,0
110,,25,萬里區,20～24歲,20,24,完全落入,1.0,女,結婚,博士,相同性別,0
110,,25,萬里區,20～24歲,20,24,完全落入,1.0,女,結婚,國中,不同性別,1
110,,25,萬里區,20～24歲,20,24,完全落入,1.0,女,結婚,國中,相同性別,0
110,,25,萬里區,20～24歲,20,24,完全落入,1.0,女,結婚,國小以下,不同性別,0
110,,25,萬里區,20～24歲,20,24,完全落入,1.0,女,結婚,國小以下,相同性別,0
110,,25,萬里區,20～24歲,20,24,完全落入,1.0,女,結婚,大學,不同性別,4
110,,25,萬里區,20～24歲,20,24,完全落入,1.0,女,結婚,大學,相同性別,0
110,,25,萬里區,20～24歲,20,24,完全落入,1.0,女,結婚,專科,不同性別,1
110,,25,萬里區,20～24歲,20,24,完全落入,1.0,女,結婚,專科,相同性別,0
110,,25,萬里區,20～24歲,20,24,完全落入,1.0,女,結婚,碩士,不同性別,0
110,,25,萬里區,20～24歲,20,24,完全落入,1.0,女,結婚,碩士,相同性別,0
110,,25,萬里區,20～24歲,20,24,完全落入,1.0,女,結婚,高中職,不同性別,9
110,,25,萬里區,20～24歲,20,24,完全落入,1.0,女,結婚,高中職,相同性別,0
110,,25,萬里區,20～24歲,20,24,完全落入,1.0,男,結婚,博士,不同性別,0
110,,25,萬里區,20～24歲,20,24,完全落入,1.0,男,結婚,博士,相同性別,0
110,,25,萬里區,20～24歲,20,24,完全落入,1.0,男,結婚,國中,不同性別,4
110,,25,萬里區,20～24歲,20,24,完全落入,1.0,男,結婚,國中,相同性別,0
110,,25,萬里區,20～24歲,20,24,完全落入,1.0,男,結婚,國小以下,不同性別,0
110,,25,萬里區,20～24歲,20,24,完全落入,1.0,男,結婚,國小以下,相同性別,0
110,,25,萬里區,20～24歲,20,24,完全落入,1.0,男,結婚,大學,不同性別,0
110,,25,萬里區,20～24歲,20,24,完全落入,1.0,男,結婚,大學,相同性別,0
110,,25,萬里區,20～24歲,20,24,完全落入,1.0,男,結婚,專科,不同性別,0
110,,25,萬里區,20～24歲,20,24,完全落入,1.0,男,結婚,專科,相同性別,0
110,,25,萬里區,20～24歲,20,24,完全落入,1.0,男,結婚,碩士,不同性別,0
110,,25,萬里區,20～24歲,20,24,完全落入,1.0,男,結婚,碩士,相同性別,0
110,,25,萬里區,20～24歲,20,24,完全落入,1.0,男,結婚,高中職,不同性別,3
110,,25,萬里區,20～24歲,20,24,完全落入,1.0,男,結婚,高中職,相同性別,0
110,,25,萬里區,25～29歲,25,29,完全落入,1.0,女,結婚,博士,不同性別,0
110,,25,萬里區,25～29歲,25,29,完全落入,1.0,女,結婚,博士,相同性別,0
110,,25,萬里區,25～29歲,25,29,完全落入,1.0,女,結婚,國中,不同性別,2
110,,25,萬里區,25～29歲,25,29,完全落入,1.0,女,結婚,國中,相同性別,0
110,,25,萬里區,25～29歲,25,29,完全落入,1.0,女,結婚,國小以下,不同性別,0
110,,25,萬里區,25～29歲,25,29,完全落入,1.0,女,結婚,國小以下,相同性別,0
110,,25,萬里區,25～29歲,25,29,完全落入,1.0,女,結婚,大學,不同性別,18
110,,25,萬里區,25～29歲,25,29,完全落入,1.0,女,結婚,大學,相同性別,0
110,,25,萬里區,25～29歲,25,29,完全落入,1.0,女,結婚,專科,不同性別,1
110,,25,萬里區,25～29歲,25,29,完全落入,1.0,女,結婚,專科,相同性別,0
110,,25,萬里區,25～29歲,25,29,完全落入,1.0,女,結婚,碩士,不同性別,0
110,,25,萬里區,25～29歲,25,29,完全落入,1.0,女,結婚,碩士,相同性別,0
110,,25,萬里區,25～29歲,25,29,完全落入,1.0,女,結婚,高中職,不同性別,8
110,,25,萬里區,25～29歲,25,29,完全落入,1.0,女,結婚,高中職,相同性別,0
110,,25,萬里區,25～29歲,25,29,完全落入,1.0,男,結婚,博士,不同性別,0
110,,25,萬里區,25～29歲,25,29,完全落入,1.0,男,結婚,博士,相同性別,0
110,,25,萬里區,25～29歲,25,29,完全落入,1.0,男,結婚,國中,不同性別,6
110,,25,萬里區,25～29歲,25,29,完全落入,1.0,男,結婚,國中,相同性別,0
110,,25,萬里區,25～29歲,25,29,完全落入,1.0,男,結婚,國小以下,不同性別,0
110,,25,萬里區,25～29歲,25,29,完全落入,1.0,男,結婚,國小以下,相同性別,0
110,,25,萬里區,25～29歲,25,29,完全落入,1.0,男,結婚,大學,不同性別,8
110,,25,萬里區,25～29歲,25,29,完全落入,1.0,男,結婚,大學,相同性別,0
110,,25,萬里區,25～29歲,25,29,完全落入,1.0,男,結婚,專科,不同性別,1
110,,25,萬里區,25～29歲,25,29,完全落入,1.0,男,結婚,專科,相同性別,0
110,,25,萬里區,25～29歲,25,29,完全落入,1.0,男,結婚,碩士,不同性別,1
110,,25,萬里區,25～29歲,25,29,完全落入,1.0,男,結婚,碩士,相同性別,0
110,,25,萬里區,25～29歲,25,29,完全落入,1.0,男,結婚,高中職,不同性別,7
110,,25,萬里區,25～29歲,25,29,完全落入,1.0,男,結婚,高中職,相同性別,0
110,,25,萬里區,30～34歲,30,34,完全落入,1.0,女,結婚,博士,不同性別,0
110,,25,萬里區,30～34歲,30,34,完全落入,1.0,女,結婚,博士,相同性別,0
110,,25,萬里區,30～34歲,30,34,完全落入,1.0,女,結婚,國中,不同性別,1
110,,25,萬里區,30～34歲,30,34,完全落入,1.0,女,結婚,國中,相同性別,0
110,,25,萬里區,30～34歲,30,34,完全落入,1.0,女,結婚,國小以下,不同性別,0
110,,25,萬里區,30～34歲,30,34,完全落入,1.0,女,結婚,國小以下,相同性別,0
110,,25,萬里區,30～34歲,30,34,完全落入,1.0,女,結婚,大學,不同性別,15
110,,25,萬里區,30～34歲,30,34,完全落入,1.0,女,結婚,大學,相同性別,0
110,,25,萬里區,30～34歲,30,34,完全落入,1.0,女,結婚,專科,不同性別,1
110,,25,萬里區,30～34歲,30,34,完全落入,1.0,女,結婚,專科,相同性別,0
110,,25,萬里區,30～34歲,30,34,完全落入,1.0,女,結婚,碩士,不同性別,0
110,,25,萬里區,30～34歲,30,34,完全落入,1.0,女,結婚,碩士,相同性別,0
110,,25,萬里區,30～34歲,30,34,完全落入,1.0,女,結婚,高中職,不同性別,7
110,,25,萬里區,30～34歲,30,34,完全落入,1.0,女,結婚,高中職,相同性別,0
110,,25,萬里區,30～34歲,30,34,完全落入,1.0,男,結婚,博士,不同性別,0
110,,25,萬里區,30～34歲,30,34,完全落入,1.0,男,結婚,博士,相同性別,0
110,,25,萬里區,30～34歲,30,34,完全落入,1.0,男,結婚,國中,不同性別,3
110,,25,萬里區,30～34歲,30,34,完全落入,1.0,男,結婚,國中,相同性別,0
110,,25,萬里區,30～34歲,30,34,完全落入,1.0,男,結婚,國小以下,不同性別,1
110,,25,萬里區,30～34歲,30,34,完全落入,1.0,男,結婚,國小以下,相同性別,0
110,,25,萬里區,30～34歲,30,34,完全落入,1.0,男,結婚,大學,不同性別,13
110,,25,萬里區,30～34歲,30,34,完全落入,1.0,男,結婚,大學,相同性別,0
110,,25,萬里區,30～34歲,30,34,完全落入,1.0,男,結婚,專科,不同性別,1
110,,25,萬里區,30～34歲,30,34,完全落入,1.0,男,結婚,專科,相同性別,0
110,,25,萬里區,30～34歲,30,34,完全落入,1.0,男,結婚,碩士,不同性別,1
110,,25,萬里區,30～34歲,30,34,完全落入,1.0,男,結婚,碩士,相同性別,0
110,,25,萬里區,30～34歲,30,34,完全落入,1.0,男,結婚,高中職,不同性別,5
110,,25,萬里區,30～34歲,30,34,完全落入,1.0,男,結婚,高中職,相同性別,0
110,,25,萬里區,35～39歲,35,39,部分重疊,0.2,女,結婚,博士,不同性別,0
110,,25,萬里區,35～39歲,35,39,部分重疊,0.2,女,結婚,博士,相同性別,0
110,,25,萬里區,35～39歲,35,39,部分重疊,0.2,女,結婚,國中,不同性別,2
110,,25,萬里區,35～39歲,35,39,部分重疊,0.2,女,結婚,國中,相同性別,0
110,,25,萬里區,35～39歲,35,39,部分重疊,0.2,女,結婚,國小以下,不同性別,0
110,,25,萬里區,35～39歲,35,39,部分重疊,0.2,女,結婚,國小以下,相同性別,0
110,,25,萬里區,35～39歲,35,39,部分重疊,0.2,女,結婚,大學,不同性別,6
110,,25,萬里區,35～39歲,35,39,部分重疊,0.2,女,結婚,大學,相同性別,0
110,,25,萬里區,35～39歲,35,39,部分重疊,0.2,女,結婚,專科,不同性別,0
110,,25,萬里區,35～39歲,35,39,部分重疊,0.2,女,結婚,專科,相同性別,0
110,,25,萬里區,35～39歲,35,39,部分重疊,0.2,女,結婚,碩士,不同性別,1
110,,25,萬里區,35～39歲,35,39,部分重疊,0.2,女,結婚,碩士,相同性別,0
110,,25,萬里區,35～39歲,35,39,部分重疊,0.2,女,結婚,高中職,不同性別,2
110,,25,萬里區,35～39歲,35,39,部分重疊,0.2,女,結婚,高中職,相同性別,0
110,,25,萬里區,35～39歲,35,39,部分重疊,0.2,男,結婚,博士,不同性別,0
110,,25,萬里區,35～39歲,35,39,部分重疊,0.2,男,結婚,博士,相同性別,0
110,,25,萬里區,35～39歲,35,39,部分重疊,0.2,男,結婚,國中,不同性別,3
110,,25,萬里區,35～39歲,35,39,部分重疊,0.2,男,結婚,國中,相同性別,0
110,,25,萬里區,35～39歲,35,39,部分重疊,0.2,男,結婚,國小以下,不同性別,0
110,,25,萬里區,35～39歲,35,39,部分重疊,0.2,男,結婚,國小以下,相同性別,0
110,,25,萬里區,35～39歲,35,39,部分重疊,0.2,男,結婚,大學,不同性別,6
110,,25,萬里區,35～39歲,35,39,部分重疊,0.2,男,結婚,大學,相同性別,0
110,,25,萬里區,35～39歲,35,39,部分重疊,0.2,男,結婚,專科,不同性別,2
110,,25,萬里區,35～39歲,35,39,部分重疊,0.2,男,結婚,專科,相同性別,0
110,,25,萬里區,35～39歲,35,39,部分重疊,0.2,男,結婚,碩士,不同性別,3
110,,25,萬里區,35～39歲,35,39,部分重疊,0.2,男,結婚,碩士,相同性別,0
110,,25,萬里區,35～39歲,35,39,部分重疊,0.2,男,結婚,高中職,不同性別,5
110,,25,萬里區,35～39歲,35,39,部分重疊,0.2,男,結婚,高中職,相同性別,0
110,,25,萬里區,40～44歲,40,44,不相關,0.0,女,結婚,博士,不同性別,0
110,,25,萬里區,40～44歲,40,44,不相關,0.0,女,結婚,博士,相同性別,0
110,,25,萬里區,40～44歲,40,44,不相關,0.0,女,結婚,國中,不同性別,1
110,,25,萬里區,40～44歲,40,44,不相關,0.0,女,結婚,國中,相同性別,0
110,,25,萬里區,40～44歲,40,44,不相關,0.0,女,結婚,國小以下,不同性別,0
110,,25,萬里區,40～44歲,40,44,不相關,0.0,女,結婚,國小以下,相同性別,0
110,,25,萬里區,40～44歲,40,44,不相關,0.0,女,結婚,大學,不同性別,2
110,,25,萬里區,40～44歲,40,44,不相關,0.0,女,結婚,大學,相同性別,0
110,,25,萬里區,40～44歲,40,44,不相關,0.0,女,結婚,專科,不同性別,0
110,,25,萬里區,40～44歲,40,44,不相關,0.0,女,結婚,專科,相同性別,0
110,,25,萬里區,40～44歲,40,44,不相關,0.0,女,結婚,碩士,不同性別,1
110,,25,萬里區,40～44歲,40,44,不相關,0.0,女,結婚,碩士,相同性別,0
110,,25,萬里區,40～44歲,40,44,不相關,0.0,女,結婚,高中職,不同性別,2
110,,25,萬里區,40～44歲,40,44,不相關,0.0,女,結婚,高中職,相同性別,0
110,,25,萬里區,40～44歲,40,44,不相關,0.0,男,結婚,博士,不同性別,0
110,,25,萬里區,40～44歲,40,44,不相關,0.0,男,結婚,博士,相同性別,0
110,,25,萬里區,40～44歲,40,44,不相關,0.0,男,結婚,國中,不同性別,0
110,,25,萬里區,40～44歲,40,44,不相關,0.0,男,結婚,國中,相同性別,0
110,,25,萬里區,40～44歲,40,44,不相關,0.0,男,結婚,國小以下,不同性別,0
110,,25,萬里區,40～44歲,40,44,不相關,0.0,男,結婚,國小以下,相同性別,0
110,,25,萬里區,40～44歲,40,44,不相關,0.0,男,結婚,大學,不同性別,1
110,,25,萬里區,40～44歲,40,44,不相關,0.0,男,結婚,大學,相同性別,0
110,,25,萬里區,40～44歲,40,44,不相關,0.0,男,結婚,專科,不同性別,2
110,,25,萬里區,40～44歲,40,44,不相關,0.0,男,結婚,專科,相同性別,0
110,,25,萬里區,40～44歲,40,44,不相關,0.0,男,結婚,碩士,不同性別,0
110,,25,萬里區,40～44歲,40,44,不相關,0.0,男,結婚,碩士,相同性別,0
110,,25,萬里區,40～44歲,40,44,不相關,0.0,男,結婚,高中職,不同性別,2
110,,25,萬里區,40～44歲,40,44,不相關,0.0,男,結婚,高中職,相同性別,0
110,,25,萬里區,45～49歲,45,49,不相關,0.0,女,結婚,博士,不同性別,0
110,,25,萬里區,45～49歲,45,49,不相關,0.0,女,結婚,博士,相同性別,0
110,,25,萬里區,45～49歲,45,49,不相關,0.0,女,結婚,國中,不同性別,1
110,,25,萬里區,45～49歲,45,49,不相關,0.0,女,結婚,國中,相同性別,0
110,,25,萬里區,45～49歲,45,49,不相關,0.0,女,結婚,國小以下,不同性別,0
110,,25,萬里區,45～49歲,45,49,不相關,0.0,女,結婚,國小以下,相同性別,0
110,,25,萬里區,45～49歲,45,49,不相關,0.0,女,結婚,大學,不同性別,0
110,,25,萬里區,45～49歲,45,49,不相關,0.0,女,結婚,大學,相同性別,0
110,,25,萬里區,45～49歲,45,49,不相關,0.0,女,結婚,專科,不同性別,0
110,,25,萬里區,45～49歲,45,49,不相關,0.0,女,結婚,專科,相同性別,0
110,,25,萬里區,45～49歲,45,49,不相關,0.0,女,結婚,碩士,不同性別,1
110,,25,萬里區,45～49歲,45,49,不相關,0.0,女,結婚,碩士,相同性別,0
110,,25,萬里區,45～49歲,45,49,不相關,0.0,女,結婚,高中職,不同性別,3
110,,25,萬里區,45～49歲,45,49,不相關,0.0,女,結婚,高中職,相同性別,0
110,,25,萬里區,45～49歲,45,49,不相關,0.0,男,結婚,博士,不同性別,0
110,,25,萬里區,45～49歲,45,49,不相關,0.0,男,結婚,博士,相同性別,0
110,,25,萬里區,45～49歲,45,49,不相關,0.0,男,結婚,國中,不同性別,1
110,,25,萬里區,45～49歲,45,49,不相關,0.0,男,結婚,國中,相同性別,0
110,,25,萬里區,45～49歲,45,49,不相關,0.0,男,結婚,國小以下,不同性別,0
110,,25,萬里區,45～49歲,45,49,不相關,0.0,男,結婚,國小以下,相同性別,0
110,,25,萬里區,45～49歲,45,49,不相關,0.0,男,結婚,大學,不同性別,2
110,,25,萬里區,45～49歲,45,49,不相關,0.0,男,結婚,大學,相同性別,0
110,,25,萬里區,45～49歲,45,49,不相關,0.0,男,結婚,專科,不同性別,2
110,,25,萬里區,45～49歲,45,49,不相關,0.0,男,結婚,專科,相同性別,0
110,,25,萬里區,45～49歲,45,49,不相關,0.0,男,結婚,碩士,不同性別,1
110,,25,萬里區,45～49歲,45,49,不相關,0.0,男,結婚,碩士,相同性別,0
110,,25,萬里區,45～49歲,45,49,不相關,0.0,男,結婚,高中職,不同性別,3
110,,25,萬里區,45～49歲,45,49,不相關,0.0,男,結婚,高中職,相同性別,0
110,,25,萬里區,50～54歲,50,54,不相關,0.0,女,結婚,博士,不同性別,0
110,,25,萬里區,50～54歲,50,54,不相關,0.0,女,結婚,博士,相同性別,0
110,,25,萬里區,50～54歲,50,54,不相關,0.0,女,結婚,國中,不同性別,1
110,,25,萬里區,50～54歲,50,54,不相關,0.0,女,結婚,國中,相同性別,0
110,,25,萬里區,50～54歲,50,54,不相關,0.0,女,結婚,國小以下,不同性別,0
110,,25,萬里區,50～54歲,50,54,不相關,0.0,女,結婚,國小以下,相同性別,0
110,,25,萬里區,50～54歲,50,54,不相關,0.0,女,結婚,大學,不同性別,1
110,,25,萬里區,50～54歲,50,54,不相關,0.0,女,結婚,大學,相同性別,0
110,,25,萬里區,50～54歲,50,54,不相關,0.0,女,結婚,專科,不同性別,0
110,,25,萬里區,50～54歲,50,54,不相關,0.0,女,結婚,專科,相同性別,0
110,,25,萬里區,50～54歲,50,54,不相關,0.0,女,結婚,碩士,不同性別,0
110,,25,萬里區,50～54歲,50,54,不相關,0.0,女,結婚,碩士,相同性別,0
110,,25,萬里區,50～54歲,50,54,不相關,0.0,女,結婚,高中職,不同性別,0
110,,25,萬里區,50～54歲,50,54,不相關,0.0,女,結婚,高中職,相同性別,0
110,,25,萬里區,50～54歲,50,54,不相關,0.0,男,結婚,博士,不同性別,0
110,,25,萬里區,50～54歲,50,54,不相關,0.0,男,結婚,博士,相同性別,0
110,,25,萬里區,50～54歲,50,54,不相關,0.0,男,結婚,國中,不同性別,0
110,,25,萬里區,50～54歲,50,54,不相關,0.0,男,結婚,國中,相同性別,0
110,,25,萬里區,50～54歲,50,54,不相關,0.0,男,結婚,國小以下,不同性別,2
110,,25,萬里區,50～54歲,50,54,不相關,0.0,男,結婚,國小以下,相同性別,0
110,,25,萬里區,50～54歲,50,54,不相關,0.0,男,結婚,大學,不同性別,0
110,,25,萬里區,50～54歲,50,54,不相關,0.0,男,結婚,大學,相同性別,0
110,,25,萬里區,50～54歲,50,54,不相關,0.0,男,結婚,專科,不同性別,0
110,,25,萬里區,50～54歲,50,54,不相關,0.0,男,結婚,專科,相同性別,0
110,,25,萬里區,50～54歲,50,54,不相關,0.0,男,結婚,碩士,不同性別,0
110,,25,萬里區,50～54歲,50,54,不相關,0.0,男,結婚,碩士,相同性別,0
110,,25,萬里區,50～54歲,50,54,不相關,0.0,男,結婚,高中職,不同性別,4
110,,25,萬里區,50～54歲,50,54,不相關,0.0,男,結婚,高中職,相同性別,0
110,,25,萬里區,55～59歲,55,59,不相關,0.0,女,結婚,博士,不同性別,0
110,,25,萬里區,55～59歲,55,59,不相關,0.0,女,結婚,博士,相同性別,0
110,,25,萬里區,55～59歲,55,59,不相關,0.0,女,結婚,國中,不同性別,0
110,,25,萬里區,55～59歲,55,59,不相關,0.0,女,結婚,國中,相同性別,0
110,,25,萬里區,55～59歲,55,59,不相關,0.0,女,結婚,國小以下,不同性別,0
110,,25,萬里區,55～59歲,55,59,不相關,0.0,女,結婚,國小以下,相同性別,0
110,,25,萬里區,55～59歲,55,59,不相關,0.0,女,結婚,大學,不同性別,0
110,,25,萬里區,55～59歲,55,59,不相關,0.0,女,結婚,大學,相同性別,0
110,,25,萬里區,55～59歲,55,59,不相關,0.0,女,結婚,專科,不同性別,0
110,,25,萬里區,55～59歲,55,59,不相關,0.0,女,結婚,專科,相同性別,0
110,,25,萬里區,55～59歲,55,59,不相關,0.0,女,結婚,碩士,不同性別,0
110,,25,萬里區,55～59歲,55,59,不相關,0.0,女,結婚,碩士,相同性別,0
110,,25,萬里區,55～59歲,55,59,不相關,0.0,女,結婚,高中職,不同性別,1
110,,25,萬里區,55～59歲,55,59,不相關,0.0,女,結婚,高中職,相同性別,0
110,,25,萬里區,55～59歲,55,59,不相關,0.0,男,結婚,博士,不同性別,0
110,,25,萬里區,55～59歲,55,59,不相關,0.0,男,結婚,博士,相同性別,0
110,,25,萬里區,55～59歲,55,59,不相關,0.0,男,結婚,國中,不同性別,1
110,,25,萬里區,55～59歲,55,59,不相關,0.0,男,結婚,國中,相同性別,0
110,,25,萬里區,55～59歲,55,59,不相關,0.0,男,結婚,國小以下,不同性別,0
110,,25,萬里區,55～59歲,55,59,不相關,0.0,男,結婚,國小以下,相同性別,0
110,,25,萬里區,55～59歲,55,59,不相關,0.0,男,結婚,大學,不同性別,1
110,,25,萬里區,55～59歲,55,59,不相關,0.0,男,結婚,大學,相同性別,0
110,,25,萬里區,55～59歲,55,59,不相關,0.0,男,結婚,專科,不同性別,0
110,,25,萬里區,55～59歲,55,59,不相關,0.0,男,結婚,專科,相同性別,0
110,,25,萬里區,55～59歲,55,59,不相關,0.0,男,結婚,碩士,不同性別,0
110,,25,萬里區,55～59歲,55,59,不相關,0.0,男,結婚,碩士,相同性別,0
110,,25,萬里區,55～59歲,55,59,不相關,0.0,男,結婚,高中職,不同性別,0
110,,25,萬里區,55～59歲,55,59,不相關,0.0,男,結婚,高中職,相同性別,0
110,,25,萬里區,60～64歲,60,64,不相關,0.0,女,結婚,博士,不同性別,0
110,,25,萬里區,60～64歲,60,64,不相關,0.0,女,結婚,博士,相同性別,0
110,,25,萬里區,60～64歲,60,64,不相關,0.0,女,結婚,國中,不同性別,0
110,,25,萬里區,60～64歲,60,64,不相關,0.0,女,結婚,國中,相同性別,0
110,,25,萬里區,60～64歲,60,64,不相關,0.0,女,結婚,國小以下,不同性別,1
110,,25,萬里區,60～64歲,60,64,不相關,0.0,女,結婚,國小以下,相同性別,0
110,,25,萬里區,60～64歲,60,64,不相關,0.0,女,結婚,大學,不同性別,0
110,,25,萬里區,60～64歲,60,64,不相關,0.0,女,結婚,大學,相同性別,0
110,,25,萬里區,60～64歲,60,64,不相關,0.0,女,結婚,專科,不同性別,0
110,,25,萬里區,60～64歲,60,64,不相關,0.0,女,結婚,專科,相同性別,0
110,,25,萬里區,60～64歲,60,64,不相關,0.0,女,結婚,碩士,不同性別,0
110,,25,萬里區,60～64歲,60,64,不相關,0.0,女,結婚,碩士,相同性別,0
110,,25,萬里區,60～64歲,60,64,不相關,0.0,女,結婚,高中職,不同性別,1
110,,25,萬里區,60～64歲,60,64,不相關,0.0,女,結婚,高中職,相同性別,0
110,,25,萬里區,60～64歲,60,64,不相關,0.0,男,結婚,博士,不同性別,0
110,,25,萬里區,60～64歲,60,64,不相關,0.0,男,結婚,博士,相同性別,0
110,,25,萬里區,60～64歲,60,64,不相關,0.0,男,結婚,國中,不同性別,1
110,,25,萬里區,60～64歲,60,64,不相關,0.0,男,結婚,國中,相同性別,0
110,,25,萬里區,60～64歲,60,64,不相關,0.0,男,結婚,國小以下,不同性別,0
110,,25,萬里區,60～64歲,60,64,不相關,0.0,男,結婚,國小以下,相同性別,0
110,,25,萬里區,60～64歲,60,64,不相關,0.0,男,結婚,大學,不同性別,0
110,,25,萬里區,60～64歲,60,64,不相關,0.0,男,結婚,大學,相同性別,0
110,,25,萬里區,60～64歲,60,64,不相關,0.0,男,結婚,專科,不同性別,0
110,,25,萬里區,60～64歲,60,64,不相關,0.0,男,結婚,專科,相同性別,0
110,,25,萬里區,60～64歲,60,64,不相關,0.0,男,結婚,碩士,不同性別,0
110,,25,萬里區,60～64歲,60,64,不相關,0.0,男,結婚,碩士,相同性別,0
110,,25,萬里區,60～64歲,60,64,不相關,0.0,男,結婚,高中職,不同性別,0
110,,25,萬里區,60～64歲,60,64,不相關,0.0,男,結婚,高中職,相同性別,0
110,,25,萬里區,65歲以上,65,120,不相關,0.0,女,結婚,博士,不同性別,0
110,,25,萬里區,65歲以上,65,120,不相關,0.0,女,結婚,博士,相同性別,0
110,,25,萬里區,65歲以上,65,120,不相關,0.0,女,結婚,國中,不同性別,0
110,,25,萬里區,65歲以上,65,120,不相關,0.0,女,結婚,國中,相同性別,0
110,,25,萬里區,65歲以上,65,120,不相關,0.0,女,結婚,國小以下,不同性別,0
110,,25,萬里區,65歲以上,65,120,不相關,0.0,女,結婚,國小以下,相同性別,0
110,,25,萬里區,65歲以上,65,120,不相關,0.0,女,結婚,大學,不同性別,1
110,,25,萬里區,65歲以上,65,120,不相關,0.0,女,結婚,大學,相同性別,0
110,,25,萬里區,65歲以上,65,120,不相關,0.0,女,結婚,專科,不同性別,0
110,,25,萬里區,65歲以上,65,120,不相關,0.0,女,結婚,專科,相同性別,0
110,,25,萬里區,65歲以上,65,120,不相關,0.0,女,結婚,碩士,不同性別,0
110,,25,萬里區,65歲以上,65,120,不相關,0.0,女,結婚,碩士,相同性別,0
110,,25,萬里區,65歲以上,65,120,不相關,0.0,女,結婚,高中職,不同性別,0
110,,25,萬里區,65歲以上,65,120,不相關,0.0,女,結婚,高中職,相同性別,0
110,,25,萬里區,65歲以上,65,120,不相關,0.0,男,結婚,博士,不同性別,0
110,,25,萬里區,65歲以上,65,120,不相關,0.0,男,結婚,博士,相同性別,0
110,,25,萬里區,65歲以上,65,120,不相關,0.0,男,結婚,國中,不同性別,0
110,,25,萬里區,65歲以上,65,120,不相關,0.0,男,結婚,國中,相同性別,0
110,,25,萬里區,65歲以上,65,120,不相關,0.0,男,結婚,國小以下,不同性別,1
110,,25,萬里區,65歲以上,65,120,不相關,0.0,男,結婚,國小以下,相同性別,0
110,,25,萬里區,65歲以上,65,120,不相關,0.0,男,結婚,大學,不同性別,1
110,,25,萬里區,65歲以上,65,120,不相關,0.0,男,結婚,大學,相同性別,0
110,,25,萬里區,65歲以上,65,120,不相關,0.0,男,結婚,專科,不同性別,0
110,,25,萬里區,65歲以上,65,120,不相關,0.0,男,結婚,專科,相同性別,0
110,,25,萬里區,65歲以上,65,120,不相關,0.0,男,結婚,碩士,不同性別,0
110,,25,萬里區,65歲以上,65,120,不相關,0.0,男,結婚,碩士,相同性別,0
110,,25,萬里區,65歲以上,65,120,不相關,0.0,男,結婚,高中職,不同性別,1
110,,25,萬里區,65歲以上,65,120,不相關,0.0,男,結婚,高中職,相同性別,0
110,,26,平溪區,未滿15歲,0,14,不相關,0.0,女,結婚,博士,不同性別,0
110,,26,平溪區,未滿15歲,0,14,不相關,0.0,女,結婚,博士,相同性別,0
110,,26,平溪區,未滿15歲,0,14,不相關,0.0,女,結婚,國中,不同性別,0
110,,26,平溪區,未滿15歲,0,14,不相關,0.0,女,結婚,國中,相同性別,0
110,,26,平溪區,未滿15歲,0,14,不相關,0.0,女,結婚,國小以下,不同性別,0
110,,26,平溪區,未滿15歲,0,14,不相關,0.0,女,結婚,國小以下,相同性別,0
110,,26,平溪區,未滿15歲,0,14,不相關,0.0,女,結婚,大學,不同性別,0
110,,26,平溪區,未滿15歲,0,14,不相關,0.0,女,結婚,大學,相同性別,0
110,,26,平溪區,未滿15歲,0,14,不相關,0.0,女,結婚,專科,不同性別,0
110,,26,平溪區,未滿15歲,0,14,不相關,0.0,女,結婚,專科,相同性別,0
110,,26,平溪區,未滿15歲,0,14,不相關,0.0,女,結婚,碩士,不同性別,0
110,,26,平溪區,未滿15歲,0,14,不相關,0.0,女,結婚,碩士,相同性別,0
110,,26,平溪區,未滿15歲,0,14,不相關,0.0,女,結婚,高中職,不同性別,0
110,,26,平溪區,未滿15歲,0,14,不相關,0.0,女,結婚,高中職,相同性別,0
110,,26,平溪區,未滿15歲,0,14,不相關,0.0,男,結婚,博士,不同性別,0
110,,26,平溪區,未滿15歲,0,14,不相關,0.0,男,結婚,博士,相同性別,0
110,,26,平溪區,未滿15歲,0,14,不相關,0.0,男,結婚,國中,不同性別,0
110,,26,平溪區,未滿15歲,0,14,不相關,0.0,男,結婚,國中,相同性別,0
110,,26,平溪區,未滿15歲,0,14,不相關,0.0,男,結婚,國小以下,不同性別,0
110,,26,平溪區,未滿15歲,0,14,不相關,0.0,男,結婚,國小以下,相同性別,0
110,,26,平溪區,未滿15歲,0,14,不相關,0.0,男,結婚,大學,不同性別,0
110,,26,平溪區,未滿15歲,0,14,不相關,0.0,男,結婚,大學,相同性別,0
110,,26,平溪區,未滿15歲,0,14,不相關,0.0,男,結婚,專科,不同性別,0
110,,26,平溪區,未滿15歲,0,14,不相關,0.0,男,結婚,專科,相同性別,0
110,,26,平溪區,未滿15歲,0,14,不相關,0.0,男,結婚,碩士,不同性別,0
110,,26,平溪區,未滿15歲,0,14,不相關,0.0,男,結婚,碩士,相同性別,0
110,,26,平溪區,未滿15歲,0,14,不相關,0.0,男,結婚,高中職,不同性別,0
110,,26,平溪區,未滿15歲,0,14,不相關,0.0,男,結婚,高中職,相同性別,0
110,,26,平溪區,15～19歲,15,19,部分重疊,0.4,女,結婚,博士,不同性別,0
110,,26,平溪區,15～19歲,15,19,部分重疊,0.4,女,結婚,博士,相同性別,0
110,,26,平溪區,15～19歲,15,19,部分重疊,0.4,女,結婚,國中,不同性別,0
110,,26,平溪區,15～19歲,15,19,部分重疊,0.4,女,結婚,國中,相同性別,0
110,,26,平溪區,15～19歲,15,19,部分重疊,0.4,女,結婚,國小以下,不同性別,0
110,,26,平溪區,15～19歲,15,19,部分重疊,0.4,女,結婚,國小以下,相同性別,0
110,,26,平溪區,15～19歲,15,19,部分重疊,0.4,女,結婚,大學,不同性別,0
110,,26,平溪區,15～19歲,15,19,部分重疊,0.4,女,結婚,大學,相同性別,0
110,,26,平溪區,15～19歲,15,19,部分重疊,0.4,女,結婚,專科,不同性別,0
110,,26,平溪區,15～19歲,15,19,部分重疊,0.4,女,結婚,專科,相同性別,0
110,,26,平溪區,15～19歲,15,19,部分重疊,0.4,女,結婚,碩士,不同性別,0
110,,26,平溪區,15～19歲,15,19,部分重疊,0.4,女,結婚,碩士,相同性別,0
110,,26,平溪區,15～19歲,15,19,部分重疊,0.4,女,結婚,高中職,不同性別,0
110,,26,平溪區,15～19歲,15,19,部分重疊,0.4,女,結婚,高中職,相同性別,0
110,,26,平溪區,15～19歲,15,19,部分重疊,0.4,男,結婚,博士,不同性別,0
110,,26,平溪區,15～19歲,15,19,部分重疊,0.4,男,結婚,博士,相同性別,0
110,,26,平溪區,15～19歲,15,19,部分重疊,0.4,男,結婚,國中,不同性別,0
110,,26,平溪區,15～19歲,15,19,部分重疊,0.4,男,結婚,國中,相同性別,0
110,,26,平溪區,15～19歲,15,19,部分重疊,0.4,男,結婚,國小以下,不同性別,0
110,,26,平溪區,15～19歲,15,19,部分重疊,0.4,男,結婚,國小以下,相同性別,0
110,,26,平溪區,15～19歲,15,19,部分重疊,0.4,男,結婚,大學,不同性別,0
110,,26,平溪區,15～19歲,15,19,部分重疊,0.4,男,結婚,大學,相同性別,0
110,,26,平溪區,15～19歲,15,19,部分重疊,0.4,男,結婚,專科,不同性別,0
110,,26,平溪區,15～19歲,15,19,部分重疊,0.4,男,結婚,專科,相同性別,0
110,,26,平溪區,15～19歲,15,19,部分重疊,0.4,男,結婚,碩士,不同性別,0
110,,26,平溪區,15～19歲,15,19,部分重疊,0.4,男,結婚,碩士,相同性別,0
110,,26,平溪區,15～19歲,15,19,部分重疊,0.4,男,結婚,高中職,不同性別,0
110,,26,平溪區,15～19歲,15,19,部分重疊,0.4,男,結婚,高中職,相同性別,0
110,,26,平溪區,20～24歲,20,24,完全落入,1.0,女,結婚,博士,不同性別,0
110,,26,平溪區,20～24歲,20,24,完全落入,1.0,女,結婚,博士,相同性別,0
110,,26,平溪區,20～24歲,20,24,完全落入,1.0,女,結婚,國中,不同性別,2
110,,26,平溪區,20～24歲,20,24,完全落入,1.0,女,結婚,國中,相同性別,0
110,,26,平溪區,20～24歲,20,24,完全落入,1.0,女,結婚,國小以下,不同性別,0
110,,26,平溪區,20～24歲,20,24,完全落入,1.0,女,結婚,國小以下,相同性別,0
110,,26,平溪區,20～24歲,20,24,完全落入,1.0,女,結婚,大學,不同性別,0
110,,26,平溪區,20～24歲,20,24,完全落入,1.0,女,結婚,大學,相同性別,0
110,,26,平溪區,20～24歲,20,24,完全落入,1.0,女,結婚,專科,不同性別,0
110,,26,平溪區,20～24歲,20,24,完全落入,1.0,女,結婚,專科,相同性別,0
110,,26,平溪區,20～24歲,20,24,完全落入,1.0,女,結婚,碩士,不同性別,0
110,,26,平溪區,20～24歲,20,24,完全落入,1.0,女,結婚,碩士,相同性別,0
110,,26,平溪區,20～24歲,20,24,完全落入,1.0,女,結婚,高中職,不同性別,0
110,,26,平溪區,20～24歲,20,24,完全落入,1.0,女,結婚,高中職,相同性別,0
110,,26,平溪區,20～24歲,20,24,完全落入,1.0,男,結婚,博士,不同性別,0
110,,26,平溪區,20～24歲,20,24,完全落入,1.0,男,結婚,博士,相同性別,0
110,,26,平溪區,20～24歲,20,24,完全落入,1.0,男,結婚,國中,不同性別,0
110,,26,平溪區,20～24歲,20,24,完全落入,1.0,男,結婚,國中,相同性別,0
110,,26,平溪區,20～24歲,20,24,完全落入,1.0,男,結婚,國小以下,不同性別,0
110,,26,平溪區,20～24歲,20,24,完全落入,1.0,男,結婚,國小以下,相同性別,0
110,,26,平溪區,20～24歲,20,24,完全落入,1.0,男,結婚,大學,不同性別,0
110,,26,平溪區,20～24歲,20,24,完全落入,1.0,男,結婚,大學,相同性別,0
110,,26,平溪區,20～24歲,20,24,完全落入,1.0,男,結婚,專科,不同性別,0
110,,26,平溪區,20～24歲,20,24,完全落入,1.0,男,結婚,專科,相同性別,0
110,,26,平溪區,20～24歲,20,24,完全落入,1.0,男,結婚,碩士,不同性別,0
110,,26,平溪區,20～24歲,20,24,完全落入,1.0,男,結婚,碩士,相同性別,0
110,,26,平溪區,20～24歲,20,24,完全落入,1.0,男,結婚,高中職,不同性別,0
110,,26,平溪區,20～24歲,20,24,完全落入,1.0,男,結婚,高中職,相同性別,0
110,,26,平溪區,25～29歲,25,29,完全落入,1.0,女,結婚,博士,不同性別,0
110,,26,平溪區,25～29歲,25,29,完全落入,1.0,女,結婚,博士,相同性別,0
110,,26,平溪區,25～29歲,25,29,完全落入,1.0,女,結婚,國中,不同性別,0
110,,26,平溪區,25～29歲,25,29,完全落入,1.0,女,結婚,國中,相同性別,0
110,,26,平溪區,25～29歲,25,29,完全落入,1.0,女,結婚,國小以下,不同性別,0
110,,26,平溪區,25～29歲,25,29,完全落入,1.0,女,結婚,國小以下,相同性別,0
110,,26,平溪區,25～29歲,25,29,完全落入,1.0,女,結婚,大學,不同性別,0
110,,26,平溪區,25～29歲,25,29,完全落入,1.0,女,結婚,大學,相同性別,0
110,,26,平溪區,25～29歲,25,29,完全落入,1.0,女,結婚,專科,不同性別,0
110,,26,平溪區,25～29歲,25,29,完全落入,1.0,女,結婚,專科,相同性別,0
110,,26,平溪區,25～29歲,25,29,完全落入,1.0,女,結婚,碩士,不同性別,0
110,,26,平溪區,25～29歲,25,29,完全落入,1.0,女,結婚,碩士,相同性別,0
110,,26,平溪區,25～29歲,25,29,完全落入,1.0,女,結婚,高中職,不同性別,0
110,,26,平溪區,25～29歲,25,29,完全落入,1.0,女,結婚,高中職,相同性別,0
110,,26,平溪區,25～29歲,25,29,完全落入,1.0,男,結婚,博士,不同性別,0
110,,26,平溪區,25～29歲,25,29,完全落入,1.0,男,結婚,博士,相同性別,0
110,,26,平溪區,25～29歲,25,29,完全落入,1.0,男,結婚,國中,不同性別,0
110,,26,平溪區,25～29歲,25,29,完全落入,1.0,男,結婚,國中,相同性別,0
110,,26,平溪區,25～29歲,25,29,完全落入,1.0,男,結婚,國小以下,不同性別,0
110,,26,平溪區,25～29歲,25,29,完全落入,1.0,男,結婚,國小以下,相同性別,0
110,,26,平溪區,25～29歲,25,29,完全落入,1.0,男,結婚,大學,不同性別,1
110,,26,平溪區,25～29歲,25,29,完全落入,1.0,男,結婚,大學,相同性別,0
110,,26,平溪區,25～29歲,25,29,完全落入,1.0,男,結婚,專科,不同性別,0
110,,26,平溪區,25～29歲,25,29,完全落入,1.0,男,結婚,專科,相同性別,0
110,,26,平溪區,25～29歲,25,29,完全落入,1.0,男,結婚,碩士,不同性別,0
110,,26,平溪區,25～29歲,25,29,完全落入,1.0,男,結婚,碩士,相同性別,0
110,,26,平溪區,25～29歲,25,29,完全落入,1.0,男,結婚,高中職,不同性別,1
110,,26,平溪區,25～29歲,25,29,完全落入,1.0,男,結婚,高中職,相同性別,0
110,,26,平溪區,30～34歲,30,34,完全落入,1.0,女,結婚,博士,不同性別,0
110,,26,平溪區,30～34歲,30,34,完全落入,1.0,女,結婚,博士,相同性別,0
110,,26,平溪區,30～34歲,30,34,完全落入,1.0,女,結婚,國中,不同性別,0
110,,26,平溪區,30～34歲,30,34,完全落入,1.0,女,結婚,國中,相同性別,0
110,,26,平溪區,30～34歲,30,34,完全落入,1.0,女,結婚,國小以下,不同性別,0
110,,26,平溪區,30～34歲,30,34,完全落入,1.0,女,結婚,國小以下,相同性別,0
110,,26,平溪區,30～34歲,30,34,完全落入,1.0,女,結婚,大學,不同性別,1
110,,26,平溪區,30～34歲,30,34,完全落入,1.0,女,結婚,大學,相同性別,0
110,,26,平溪區,30～34歲,30,34,完全落入,1.0,女,結婚,專科,不同性別,0
110,,26,平溪區,30～34歲,30,34,完全落入,1.0,女,結婚,專科,相同性別,0
110,,26,平溪區,30～34歲,30,34,完全落入,1.0,女,結婚,碩士,不同性別,0
110,,26,平溪區,30～34歲,30,34,完全落入,1.0,女,結婚,碩士,相同性別,0
110,,26,平溪區,30～34歲,30,34,完全落入,1.0,女,結婚,高中職,不同性別,1
110,,26,平溪區,30～34歲,30,34,完全落入,1.0,女,結婚,高中職,相同性別,0
110,,26,平溪區,30～34歲,30,34,完全落入,1.0,男,結婚,博士,不同性別,0
110,,26,平溪區,30～34歲,30,34,完全落入,1.0,男,結婚,博士,相同性別,0
110,,26,平溪區,30～34歲,30,34,完全落入,1.0,男,結婚,國中,不同性別,0
110,,26,平溪區,30～34歲,30,34,完全落入,1.0,男,結婚,國中,相同性別,0
110,,26,平溪區,30～34歲,30,34,完全落入,1.0,男,結婚,國小以下,不同性別,0
110,,26,平溪區,30～34歲,30,34,完全落入,1.0,男,結婚,國小以下,相同性別,0
110,,26,平溪區,30～34歲,30,34,完全落入,1.0,男,結婚,大學,不同性別,0
110,,26,平溪區,30～34歲,30,34,完全落入,1.0,男,結婚,大學,相同性別,0
110,,26,平溪區,30～34歲,30,34,完全落入,1.0,男,結婚,專科,不同性別,0
110,,26,平溪區,30～34歲,30,34,完全落入,1.0,男,結婚,專科,相同性別,0
110,,26,平溪區,30～34歲,30,34,完全落入,1.0,男,結婚,碩士,不同性別,0
110,,26,平溪區,30～34歲,30,34,完全落入,1.0,男,結婚,碩士,相同性別,0
110,,26,平溪區,30～34歲,30,34,完全落入,1.0,男,結婚,高中職,不同性別,0
110,,26,平溪區,30～34歲,30,34,完全落入,1.0,男,結婚,高中職,相同性別,0
110,,26,平溪區,35～39歲,35,39,部分重疊,0.2,女,結婚,博士,不同性別,0
110,,26,平溪區,35～39歲,35,39,部分重疊,0.2,女,結婚,博士,相同性別,0
110,,26,平溪區,35～39歲,35,39,部分重疊,0.2,女,結婚,國中,不同性別,0
110,,26,平溪區,35～39歲,35,39,部分重疊,0.2,女,結婚,國中,相同性別,0
110,,26,平溪區,35～39歲,35,39,部分重疊,0.2,女,結婚,國小以下,不同性別,0
110,,26,平溪區,35～39歲,35,39,部分重疊,0.2,女,結婚,國小以下,相同性別,0
110,,26,平溪區,35～39歲,35,39,部分重疊,0.2,女,結婚,大學,不同性別,2
110,,26,平溪區,35～39歲,35,39,部分重疊,0.2,女,結婚,大學,相同性別,0
110,,26,平溪區,35～39歲,35,39,部分重疊,0.2,女,結婚,專科,不同性別,0
110,,26,平溪區,35～39歲,35,39,部分重疊,0.2,女,結婚,專科,相同性別,0
110,,26,平溪區,35～39歲,35,39,部分重疊,0.2,女,結婚,碩士,不同性別,0
110,,26,平溪區,35～39歲,35,39,部分重疊,0.2,女,結婚,碩士,相同性別,0
110,,26,平溪區,35～39歲,35,39,部分重疊,0.2,女,結婚,高中職,不同性別,0
110,,26,平溪區,35～39歲,35,39,部分重疊,0.2,女,結婚,高中職,相同性別,0
110,,26,平溪區,35～39歲,35,39,部分重疊,0.2,男,結婚,博士,不同性別,0
110,,26,平溪區,35～39歲,35,39,部分重疊,0.2,男,結婚,博士,相同性別,0
110,,26,平溪區,35～39歲,35,39,部分重疊,0.2,男,結婚,國中,不同性別,0
110,,26,平溪區,35～39歲,35,39,部分重疊,0.2,男,結婚,國中,相同性別,0
110,,26,平溪區,35～39歲,35,39,部分重疊,0.2,男,結婚,國小以下,不同性別,0
110,,26,平溪區,35～39歲,35,39,部分重疊,0.2,男,結婚,國小以下,相同性別,0
110,,26,平溪區,35～39歲,35,39,部分重疊,0.2,男,結婚,大學,不同性別,1
110,,26,平溪區,35～39歲,35,39,部分重疊,0.2,男,結婚,大學,相同性別,0
110,,26,平溪區,35～39歲,35,39,部分重疊,0.2,男,結婚,專科,不同性別,1
110,,26,平溪區,35～39歲,35,39,部分重疊,0.2,男,結婚,專科,相同性別,0
110,,26,平溪區,35～39歲,35,39,部分重疊,0.2,男,結婚,碩士,不同性別,0
110,,26,平溪區,35～39歲,35,39,部分重疊,0.2,男,結婚,碩士,相同性別,0
110,,26,平溪區,35～39歲,35,39,部分重疊,0.2,男,結婚,高中職,不同性別,1
110,,26,平溪區,35～39歲,35,39,部分重疊,0.2,男,結婚,高中職,相同性別,0
110,,26,平溪區,40～44歲,40,44,不相關,0.0,女,結婚,博士,不同性別,0
110,,26,平溪區,40～44歲,40,44,不相關,0.0,女,結婚,博士,相同性別,0
110,,26,平溪區,40～44歲,40,44,不相關,0.0,女,結婚,國中,不同性別,0
110,,26,平溪區,40～44歲,40,44,不相關,0.0,女,結婚,國中,相同性別,0
110,,26,平溪區,40～44歲,40,44,不相關,0.0,女,結婚,國小以下,不同性別,0
110,,26,平溪區,40～44歲,40,44,不相關,0.0,女,結婚,國小以下,相同性別,0
110,,26,平溪區,40～44歲,40,44,不相關,0.0,女,結婚,大學,不同性別,0
110,,26,平溪區,40～44歲,40,44,不相關,0.0,女,結婚,大學,相同性別,0
110,,26,平溪區,40～44歲,40,44,不相關,0.0,女,結婚,專科,不同性別,0
110,,26,平溪區,40～44歲,40,44,不相關,0.0,女,結婚,專科,相同性別,0
110,,26,平溪區,40～44歲,40,44,不相關,0.0,女,結婚,碩士,不同性別,0
110,,26,平溪區,40～44歲,40,44,不相關,0.0,女,結婚,碩士,相同性別,0
110,,26,平溪區,40～44歲,40,44,不相關,0.0,女,結婚,高中職,不同性別,0
110,,26,平溪區,40～44歲,40,44,不相關,0.0,女,結婚,高中職,相同性別,0
110,,26,平溪區,40～44歲,40,44,不相關,0.0,男,結婚,博士,不同性別,0
110,,26,平溪區,40～44歲,40,44,不相關,0.0,男,結婚,博士,相同性別,0
110,,26,平溪區,40～44歲,40,44,不相關,0.0,男,結婚,國中,不同性別,0
110,,26,平溪區,40～44歲,40,44,不相關,0.0,男,結婚,國中,相同性別,0
110,,26,平溪區,40～44歲,40,44,不相關,0.0,男,結婚,國小以下,不同性別,0
110,,26,平溪區,40～44歲,40,44,不相關,0.0,男,結婚,國小以下,相同性別,0
110,,26,平溪區,40～44歲,40,44,不相關,0.0,男,結婚,大學,不同性別,0
110,,26,平溪區,40～44歲,40,44,不相關,0.0,男,結婚,大學,相同性別,0
110,,26,平溪區,40～44歲,40,44,不相關,0.0,男,結婚,專科,不同性別,0
110,,26,平溪區,40～44歲,40,44,不相關,0.0,男,結婚,專科,相同性別,0
110,,26,平溪區,40～44歲,40,44,不相關,0.0,男,結婚,碩士,不同性別,1
110,,26,平溪區,40～44歲,40,44,不相關,0.0,男,結婚,碩士,相同性別,0
110,,26,平溪區,40～44歲,40,44,不相關,0.0,男,結婚,高中職,不同性別,0
110,,26,平溪區,40～44歲,40,44,不相關,0.0,男,結婚,高中職,相同性別,0
110,,26,平溪區,45～49歲,45,49,不相關,0.0,女,結婚,博士,不同性別,0
110,,26,平溪區,45～49歲,45,49,不相關,0.0,女,結婚,博士,相同性別,0
110,,26,平溪區,45～49歲,45,49,不相關,0.0,女,結婚,國中,不同性別,1
110,,26,平溪區,45～49歲,45,49,不相關,0.0,女,結婚,國中,相同性別,0
110,,26,平溪區,45～49歲,45,49,不相關,0.0,女,結婚,國小以下,不同性別,0
110,,26,平溪區,45～49歲,45,49,不相關,0.0,女,結婚,國小以下,相同性別,0
110,,26,平溪區,45～49歲,45,49,不相關,0.0,女,結婚,大學,不同性別,0
110,,26,平溪區,45～49歲,45,49,不相關,0.0,女,結婚,大學,相同性別,0
110,,26,平溪區,45～49歲,45,49,不相關,0.0,女,結婚,專科,不同性別,0
110,,26,平溪區,45～49歲,45,49,不相關,0.0,女,結婚,專科,相同性別,0
110,,26,平溪區,45～49歲,45,49,不相關,0.0,女,結婚,碩士,不同性別,0
110,,26,平溪區,45～49歲,45,49,不相關,0.0,女,結婚,碩士,相同性別,0
110,,26,平溪區,45～49歲,45,49,不相關,0.0,女,結婚,高中職,不同性別,0
110,,26,平溪區,45～49歲,45,49,不相關,0.0,女,結婚,高中職,相同性別,0
110,,26,平溪區,45～49歲,45,49,不相關,0.0,男,結婚,博士,不同性別,0
110,,26,平溪區,45～49歲,45,49,不相關,0.0,男,結婚,博士,相同性別,0
110,,26,平溪區,45～49歲,45,49,不相關,0.0,男,結婚,國中,不同性別,0
110,,26,平溪區,45～49歲,45,49,不相關,0.0,男,結婚,國中,相同性別,0
110,,26,平溪區,45～49歲,45,49,不相關,0.0,男,結婚,國小以下,不同性別,0
110,,26,平溪區,45～49歲,45,49,不相關,0.0,男,結婚,國小以下,相同性別,0
110,,26,平溪區,45～49歲,45,49,不相關,0.0,男,結婚,大學,不同性別,0
110,,26,平溪區,45～49歲,45,49,不相關,0.0,男,結婚,大學,相同性別,0
110,,26,平溪區,45～49歲,45,49,不相關,0.0,男,結婚,專科,不同性別,0
110,,26,平溪區,45～49歲,45,49,不相關,0.0,男,結婚,專科,相同性別,0
110,,26,平溪區,45～49歲,45,49,不相關,0.0,男,結婚,碩士,不同性別,0
110,,26,平溪區,45～49歲,45,49,不相關,0.0,男,結婚,碩士,相同性別,0
110,,26,平溪區,45～49歲,45,49,不相關,0.0,男,結婚,高中職,不同性別,0
110,,26,平溪區,45～49歲,45,49,不相關,0.0,男,結婚,高中職,相同性別,0
110,,26,平溪區,50～54歲,50,54,不相關,0.0,女,結婚,博士,不同性別,0
110,,26,平溪區,50～54歲,50,54,不相關,0.0,女,結婚,博士,相同性別,0
110,,26,平溪區,50～54歲,50,54,不相關,0.0,女,結婚,國中,不同性別,0
110,,26,平溪區,50～54歲,50,54,不相關,0.0,女,結婚,國中,相同性別,0
110,,26,平溪區,50～54歲,50,54,不相關,0.0,女,結婚,國小以下,不同性別,0
110,,26,平溪區,50～54歲,50,54,不相關,0.0,女,結婚,國小以下,相同性別,0
110,,26,平溪區,50～54歲,50,54,不相關,0.0,女,結婚,大學,不同性別,0
110,,26,平溪區,50～54歲,50,54,不相關,0.0,女,結婚,大學,相同性別,0
110,,26,平溪區,50～54歲,50,54,不相關,0.0,女,結婚,專科,不同性別,0
110,,26,平溪區,50～54歲,50,54,不相關,0.0,女,結婚,專科,相同性別,0
110,,26,平溪區,50～54歲,50,54,不相關,0.0,女,結婚,碩士,不同性別,0
110,,26,平溪區,50～54歲,50,54,不相關,0.0,女,結婚,碩士,相同性別,0
110,,26,平溪區,50～54歲,50,54,不相關,0.0,女,結婚,高中職,不同性別,0
110,,26,平溪區,50～54歲,50,54,不相關,0.0,女,結婚,高中職,相同性別,0
110,,26,平溪區,50～54歲,50,54,不相關,0.0,男,結婚,博士,不同性別,0
110,,26,平溪區,50～54歲,50,54,不相關,0.0,男,結婚,博士,相同性別,0
110,,26,平溪區,50～54歲,50,54,不相關,0.0,男,結婚,國中,不同性別,1
110,,26,平溪區,50～54歲,50,54,不相關,0.0,男,結婚,國中,相同性別,0
110,,26,平溪區,50～54歲,50,54,不相關,0.0,男,結婚,國小以下,不同性別,0
110,,26,平溪區,50～54歲,50,54,不相關,0.0,男,結婚,國小以下,相同性別,0
110,,26,平溪區,50～54歲,50,54,不相關,0.0,男,結婚,大學,不同性別,0
110,,26,平溪區,50～54歲,50,54,不相關,0.0,男,結婚,大學,相同性別,0
110,,26,平溪區,50～54歲,50,54,不相關,0.0,男,結婚,專科,不同性別,0
110,,26,平溪區,50～54歲,50,54,不相關,0.0,男,結婚,專科,相同性別,0
110,,26,平溪區,50～54歲,50,54,不相關,0.0,男,結婚,碩士,不同性別,0
110,,26,平溪區,50～54歲,50,54,不相關,0.0,男,結婚,碩士,相同性別,0
110,,26,平溪區,50～54歲,50,54,不相關,0.0,男,結婚,高中職,不同性別,0
110,,26,平溪區,50～54歲,50,54,不相關,0.0,男,結婚,高中職,相同性別,0
110,,26,平溪區,55～59歲,55,59,不相關,0.0,女,結婚,博士,不同性別,0
110,,26,平溪區,55～59歲,55,59,不相關,0.0,女,結婚,博士,相同性別,0
110,,26,平溪區,55～59歲,55,59,不相關,0.0,女,結婚,國中,不同性別,0
110,,26,平溪區,55～59歲,55,59,不相關,0.0,女,結婚,國中,相同性別,0
110,,26,平溪區,55～59歲,55,59,不相關,0.0,女,結婚,國小以下,不同性別,0
110,,26,平溪區,55～59歲,55,59,不相關,0.0,女,結婚,國小以下,相同性別,0
110,,26,平溪區,55～59歲,55,59,不相關,0.0,女,結婚,大學,不同性別,0
110,,26,平溪區,55～59歲,55,59,不相關,0.0,女,結婚,大學,相同性別,0
110,,26,平溪區,55～59歲,55,59,不相關,0.0,女,結婚,專科,不同性別,0
110,,26,平溪區,55～59歲,55,59,不相關,0.0,女,結婚,專科,相同性別,0
110,,26,平溪區,55～59歲,55,59,不相關,0.0,女,結婚,碩士,不同性別,0
110,,26,平溪區,55～59歲,55,59,不相關,0.0,女,結婚,碩士,相同性別,0
110,,26,平溪區,55～59歲,55,59,不相關,0.0,女,結婚,高中職,不同性別,1
110,,26,平溪區,55～59歲,55,59,不相關,0.0,女,結婚,高中職,相同性別,0
110,,26,平溪區,55～59歲,55,59,不相關,0.0,男,結婚,博士,不同性別,0
110,,26,平溪區,55～59歲,55,59,不相關,0.0,男,結婚,博士,相同性別,0
110,,26,平溪區,55～59歲,55,59,不相關,0.0,男,結婚,國中,不同性別,1
110,,26,平溪區,55～59歲,55,59,不相關,0.0,男,結婚,國中,相同性別,0
110,,26,平溪區,55～59歲,55,59,不相關,0.0,男,結婚,國小以下,不同性別,0
110,,26,平溪區,55～59歲,55,59,不相關,0.0,男,結婚,國小以下,相同性別,0
110,,26,平溪區,55～59歲,55,59,不相關,0.0,男,結婚,大學,不同性別,0
110,,26,平溪區,55～59歲,55,59,不相關,0.0,男,結婚,大學,相同性別,0
110,,26,平溪區,55～59歲,55,59,不相關,0.0,男,結婚,專科,不同性別,0
110,,26,平溪區,55～59歲,55,59,不相關,0.0,男,結婚,專科,相同性別,0
110,,26,平溪區,55～59歲,55,59,不相關,0.0,男,結婚,碩士,不同性別,0
110,,26,平溪區,55～59歲,55,59,不相關,0.0,男,結婚,碩士,相同性別,0
110,,26,平溪區,55～59歲,55,59,不相關,0.0,男,結婚,高中職,不同性別,0
110,,26,平溪區,55～59歲,55,59,不相關,0.0,男,結婚,高中職,相同性別,0
110,,26,平溪區,60～64歲,60,64,不相關,0.0,女,結婚,博士,不同性別,0
110,,26,平溪區,60～64歲,60,64,不相關,0.0,女,結婚,博士,相同性別,0
110,,26,平溪區,60～64歲,60,64,不相關,0.0,女,結婚,國中,不同性別,0
110,,26,平溪區,60～64歲,60,64,不相關,0.0,女,結婚,國中,相同性別,0
110,,26,平溪區,60～64歲,60,64,不相關,0.0,女,結婚,國小以下,不同性別,0
110,,26,平溪區,60～64歲,60,64,不相關,0.0,女,結婚,國小以下,相同性別,0
110,,26,平溪區,60～64歲,60,64,不相關,0.0,女,結婚,大學,不同性別,0
110,,26,平溪區,60～64歲,60,64,不相關,0.0,女,結婚,大學,相同性別,0
110,,26,平溪區,60～64歲,60,64,不相關,0.0,女,結婚,專科,不同性別,0
110,,26,平溪區,60～64歲,60,64,不相關,0.0,女,結婚,專科,相同性別,0
110,,26,平溪區,60～64歲,60,64,不相關,0.0,女,結婚,碩士,不同性別,0
110,,26,平溪區,60～64歲,60,64,不相關,0.0,女,結婚,碩士,相同性別,0
110,,26,平溪區,60～64歲,60,64,不相關,0.0,女,結婚,高中職,不同性別,0
110,,26,平溪區,60～64歲,60,64,不相關,0.0,女,結婚,高中職,相同性別,0
110,,26,平溪區,60～64歲,60,64,不相關,0.0,男,結婚,博士,不同性別,0
110,,26,平溪區,60～64歲,60,64,不相關,0.0,男,結婚,博士,相同性別,0
110,,26,平溪區,60～64歲,60,64,不相關,0.0,男,結婚,國中,不同性別,0
110,,26,平溪區,60～64歲,60,64,不相關,0.0,男,結婚,國中,相同性別,0
110,,26,平溪區,60～64歲,60,64,不相關,0.0,男,結婚,國小以下,不同性別,0
110,,26,平溪區,60～64歲,60,64,不相關,0.0,男,結婚,國小以下,相同性別,0
110,,26,平溪區,60～64歲,60,64,不相關,0.0,男,結婚,大學,不同性別,0
110,,26,平溪區,60～64歲,60,64,不相關,0.0,男,結婚,大學,相同性別,0
110,,26,平溪區,60～64歲,60,64,不相關,0.0,男,結婚,專科,不同性別,0
110,,26,平溪區,60～64歲,60,64,不相關,0.0,男,結婚,專科,相同性別,0
110,,26,平溪區,60～64歲,60,64,不相關,0.0,男,結婚,碩士,不同性別,0
110,,26,平溪區,60～64歲,60,64,不相關,0.0,男,結婚,碩士,相同性別,0
110,,26,平溪區,60～64歲,60,64,不相關,0.0,男,結婚,高中職,不同性別,0
110,,26,平溪區,60～64歲,60,64,不相關,0.0,男,結婚,高中職,相同性別,0
110,,26,平溪區,65歲以上,65,120,不相關,0.0,女,結婚,博士,不同性別,0
110,,26,平溪區,65歲以上,65,120,不相關,0.0,女,結婚,博士,相同性別,0
110,,26,平溪區,65歲以上,65,120,不相關,0.0,女,結婚,國中,不同性別,0
110,,26,平溪區,65歲以上,65,120,不相關,0.0,女,結婚,國中,相同性別,0
110,,26,平溪區,65歲以上,65,120,不相關,0.0,女,結婚,國小以下,不同性別,0
110,,26,平溪區,65歲以上,65,120,不相關,0.0,女,結婚,國小以下,相同性別,0
110,,26,平溪區,65歲以上,65,120,不相關,0.0,女,結婚,大學,不同性別,0
110,,26,平溪區,65歲以上,65,120,不相關,0.0,女,結婚,大學,相同性別,0
110,,26,平溪區,65歲以上,65,120,不相關,0.0,女,結婚,專科,不同性別,0
110,,26,平溪區,65歲以上,65,120,不相關,0.0,女,結婚,專科,相同性別,0
110,,26,平溪區,65歲以上,65,120,不相關,0.0,女,結婚,碩士,不同性別,0
110,,26,平溪區,65歲以上,65,120,不相關,0.0,女,結婚,碩士,相同性別,0
110,,26,平溪區,65歲以上,65,120,不相關,0.0,女,結婚,高中職,不同性別,1
110,,26,平溪區,65歲以上,65,120,不相關,0.0,女,結婚,高中職,相同性別,0
110,,26,平溪區,65歲以上,65,120,不相關,0.0,男,結婚,博士,不同性別,0
110,,26,平溪區,65歲以上,65,120,不相關,0.0,男,結婚,博士,相同性別,0
110,,26,平溪區,65歲以上,65,120,不相關,0.0,男,結婚,國中,不同性別,0
110,,26,平溪區,65歲以上,65,120,不相關,0.0,男,結婚,國中,相同性別,0
110,,26,平溪區,65歲以上,65,120,不相關,0.0,男,結婚,國小以下,不同性別,0
110,,26,平溪區,65歲以上,65,120,不相關,0.0,男,結婚,國小以下,相同性別,0
110,,26,平溪區,65歲以上,65,120,不相關,0.0,男,結婚,大學,不同性別,0
110,,26,平溪區,65歲以上,65,120,不相關,0.0,男,結婚,大學,相同性別,0
110,,26,平溪區,65歲以上,65,120,不相關,0.0,男,結婚,專科,不同性別,0
110,,26,平溪區,65歲以上,65,120,不相關,0.0,男,結婚,專科,相同性別,0
110,,26,平溪區,65歲以上,65,120,不相關,0.0,男,結婚,碩士,不同性別,0
110,,26,平溪區,65歲以上,65,120,不相關,0.0,男,結婚,碩士,相同性別,0
110,,26,平溪區,65歲以上,65,120,不相關,0.0,男,結婚,高中職,不同性別,1
110,,26,平溪區,65歲以上,65,120,不相關,0.0,男,結婚,高中職,相同性別,0
110,,27,雙溪區,未滿15歲,0,14,不相關,0.0,女,結婚,博士,不同性別,0
110,,27,雙溪區,未滿15歲,0,14,不相關,0.0,女,結婚,博士,相同性別,0
110,,27,雙溪區,未滿15歲,0,14,不相關,0.0,女,結婚,國中,不同性別,0
110,,27,雙溪區,未滿15歲,0,14,不相關,0.0,女,結婚,國中,相同性別,0
110,,27,雙溪區,未滿15歲,0,14,不相關,0.0,女,結婚,國小以下,不同性別,0
110,,27,雙溪區,未滿15歲,0,14,不相關,0.0,女,結婚,國小以下,相同性別,0
110,,27,雙溪區,未滿15歲,0,14,不相關,0.0,女,結婚,大學,不同性別,0
110,,27,雙溪區,未滿15歲,0,14,不相關,0.0,女,結婚,大學,相同性別,0
110,,27,雙溪區,未滿15歲,0,14,不相關,0.0,女,結婚,專科,不同性別,0
110,,27,雙溪區,未滿15歲,0,14,不相關,0.0,女,結婚,專科,相同性別,0
110,,27,雙溪區,未滿15歲,0,14,不相關,0.0,女,結婚,碩士,不同性別,0
110,,27,雙溪區,未滿15歲,0,14,不相關,0.0,女,結婚,碩士,相同性別,0
110,,27,雙溪區,未滿15歲,0,14,不相關,0.0,女,結婚,高中職,不同性別,0
110,,27,雙溪區,未滿15歲,0,14,不相關,0.0,女,結婚,高中職,相同性別,0
110,,27,雙溪區,未滿15歲,0,14,不相關,0.0,男,結婚,博士,不同性別,0
110,,27,雙溪區,未滿15歲,0,14,不相關,0.0,男,結婚,博士,相同性別,0
110,,27,雙溪區,未滿15歲,0,14,不相關,0.0,男,結婚,國中,不同性別,0
110,,27,雙溪區,未滿15歲,0,14,不相關,0.0,男,結婚,國中,相同性別,0
110,,27,雙溪區,未滿15歲,0,14,不相關,0.0,男,結婚,國小以下,不同性別,0
110,,27,雙溪區,未滿15歲,0,14,不相關,0.0,男,結婚,國小以下,相同性別,0
110,,27,雙溪區,未滿15歲,0,14,不相關,0.0,男,結婚,大學,不同性別,0
110,,27,雙溪區,未滿15歲,0,14,不相關,0.0,男,結婚,大學,相同性別,0
110,,27,雙溪區,未滿15歲,0,14,不相關,0.0,男,結婚,專科,不同性別,0
110,,27,雙溪區,未滿15歲,0,14,不相關,0.0,男,結婚,專科,相同性別,0
110,,27,雙溪區,未滿15歲,0,14,不相關,0.0,男,結婚,碩士,不同性別,0
110,,27,雙溪區,未滿15歲,0,14,不相關,0.0,男,結婚,碩士,相同性別,0
110,,27,雙溪區,未滿15歲,0,14,不相關,0.0,男,結婚,高中職,不同性別,0
110,,27,雙溪區,未滿15歲,0,14,不相關,0.0,男,結婚,高中職,相同性別,0
110,,27,雙溪區,15～19歲,15,19,部分重疊,0.4,女,結婚,博士,不同性別,0
110,,27,雙溪區,15～19歲,15,19,部分重疊,0.4,女,結婚,博士,相同性別,0
110,,27,雙溪區,15～19歲,15,19,部分重疊,0.4,女,結婚,國中,不同性別,1
110,,27,雙溪區,15～19歲,15,19,部分重疊,0.4,女,結婚,國中,相同性別,0
110,,27,雙溪區,15～19歲,15,19,部分重疊,0.4,女,結婚,國小以下,不同性別,0
110,,27,雙溪區,15～19歲,15,19,部分重疊,0.4,女,結婚,國小以下,相同性別,0
110,,27,雙溪區,15～19歲,15,19,部分重疊,0.4,女,結婚,大學,不同性別,0
110,,27,雙溪區,15～19歲,15,19,部分重疊,0.4,女,結婚,大學,相同性別,0
110,,27,雙溪區,15～19歲,15,19,部分重疊,0.4,女,結婚,專科,不同性別,0
110,,27,雙溪區,15～19歲,15,19,部分重疊,0.4,女,結婚,專科,相同性別,0
110,,27,雙溪區,15～19歲,15,19,部分重疊,0.4,女,結婚,碩士,不同性別,0
110,,27,雙溪區,15～19歲,15,19,部分重疊,0.4,女,結婚,碩士,相同性別,0
110,,27,雙溪區,15～19歲,15,19,部分重疊,0.4,女,結婚,高中職,不同性別,0
110,,27,雙溪區,15～19歲,15,19,部分重疊,0.4,女,結婚,高中職,相同性別,0
110,,27,雙溪區,15～19歲,15,19,部分重疊,0.4,男,結婚,博士,不同性別,0
110,,27,雙溪區,15～19歲,15,19,部分重疊,0.4,男,結婚,博士,相同性別,0
110,,27,雙溪區,15～19歲,15,19,部分重疊,0.4,男,結婚,國中,不同性別,0
110,,27,雙溪區,15～19歲,15,19,部分重疊,0.4,男,結婚,國中,相同性別,0
110,,27,雙溪區,15～19歲,15,19,部分重疊,0.4,男,結婚,國小以下,不同性別,0
110,,27,雙溪區,15～19歲,15,19,部分重疊,0.4,男,結婚,國小以下,相同性別,0
110,,27,雙溪區,15～19歲,15,19,部分重疊,0.4,男,結婚,大學,不同性別,0
110,,27,雙溪區,15～19歲,15,19,部分重疊,0.4,男,結婚,大學,相同性別,0
110,,27,雙溪區,15～19歲,15,19,部分重疊,0.4,男,結婚,專科,不同性別,0
110,,27,雙溪區,15～19歲,15,19,部分重疊,0.4,男,結婚,專科,相同性別,0
110,,27,雙溪區,15～19歲,15,19,部分重疊,0.4,男,結婚,碩士,不同性別,0
110,,27,雙溪區,15～19歲,15,19,部分重疊,0.4,男,結婚,碩士,相同性別,0
110,,27,雙溪區,15～19歲,15,19,部分重疊,0.4,男,結婚,高中職,不同性別,0
110,,27,雙溪區,15～19歲,15,19,部分重疊,0.4,男,結婚,高中職,相同性別,0
110,,27,雙溪區,20～24歲,20,24,完全落入,1.0,女,結婚,博士,不同性別,0
110,,27,雙溪區,20～24歲,20,24,完全落入,1.0,女,結婚,博士,相同性別,0
110,,27,雙溪區,20～24歲,20,24,完全落入,1.0,女,結婚,國中,不同性別,4
110,,27,雙溪區,20～24歲,20,24,完全落入,1.0,女,結婚,國中,相同性別,0
110,,27,雙溪區,20～24歲,20,24,完全落入,1.0,女,結婚,國小以下,不同性別,0
110,,27,雙溪區,20～24歲,20,24,完全落入,1.0,女,結婚,國小以下,相同性別,0
110,,27,雙溪區,20～24歲,20,24,完全落入,1.0,女,結婚,大學,不同性別,0
110,,27,雙溪區,20～24歲,20,24,完全落入,1.0,女,結婚,大學,相同性別,0
110,,27,雙溪區,20～24歲,20,24,完全落入,1.0,女,結婚,專科,不同性別,0
110,,27,雙溪區,20～24歲,20,24,完全落入,1.0,女,結婚,專科,相同性別,0
110,,27,雙溪區,20～24歲,20,24,完全落入,1.0,女,結婚,碩士,不同性別,0
110,,27,雙溪區,20～24歲,20,24,完全落入,1.0,女,結婚,碩士,相同性別,0
110,,27,雙溪區,20～24歲,20,24,完全落入,1.0,女,結婚,高中職,不同性別,0
110,,27,雙溪區,20～24歲,20,24,完全落入,1.0,女,結婚,高中職,相同性別,0
110,,27,雙溪區,20～24歲,20,24,完全落入,1.0,男,結婚,博士,不同性別,0
110,,27,雙溪區,20～24歲,20,24,完全落入,1.0,男,結婚,博士,相同性別,0
110,,27,雙溪區,20～24歲,20,24,完全落入,1.0,男,結婚,國中,不同性別,1
110,,27,雙溪區,20～24歲,20,24,完全落入,1.0,男,結婚,國中,相同性別,0
110,,27,雙溪區,20～24歲,20,24,完全落入,1.0,男,結婚,國小以下,不同性別,0
110,,27,雙溪區,20～24歲,20,24,完全落入,1.0,男,結婚,國小以下,相同性別,0
110,,27,雙溪區,20～24歲,20,24,完全落入,1.0,男,結婚,大學,不同性別,0
110,,27,雙溪區,20～24歲,20,24,完全落入,1.0,男,結婚,大學,相同性別,0
110,,27,雙溪區,20～24歲,20,24,完全落入,1.0,男,結婚,專科,不同性別,0
110,,27,雙溪區,20～24歲,20,24,完全落入,1.0,男,結婚,專科,相同性別,0
110,,27,雙溪區,20～24歲,20,24,完全落入,1.0,男,結婚,碩士,不同性別,0
110,,27,雙溪區,20～24歲,20,24,完全落入,1.0,男,結婚,碩士,相同性別,0
110,,27,雙溪區,20～24歲,20,24,完全落入,1.0,男,結婚,高中職,不同性別,1
110,,27,雙溪區,20～24歲,20,24,完全落入,1.0,男,結婚,高中職,相同性別,0
110,,27,雙溪區,25～29歲,25,29,完全落入,1.0,女,結婚,博士,不同性別,0
110,,27,雙溪區,25～29歲,25,29,完全落入,1.0,女,結婚,博士,相同性別,0
110,,27,雙溪區,25～29歲,25,29,完全落入,1.0,女,結婚,國中,不同性別,0
110,,27,雙溪區,25～29歲,25,29,完全落入,1.0,女,結婚,國中,相同性別,0
110,,27,雙溪區,25～29歲,25,29,完全落入,1.0,女,結婚,國小以下,不同性別,0
110,,27,雙溪區,25～29歲,25,29,完全落入,1.0,女,結婚,國小以下,相同性別,0
110,,27,雙溪區,25～29歲,25,29,完全落入,1.0,女,結婚,大學,不同性別,9
110,,27,雙溪區,25～29歲,25,29,完全落入,1.0,女,結婚,大學,相同性別,0
110,,27,雙溪區,25～29歲,25,29,完全落入,1.0,女,結婚,專科,不同性別,1
110,,27,雙溪區,25～29歲,25,29,完全落入,1.0,女,結婚,專科,相同性別,0
110,,27,雙溪區,25～29歲,25,29,完全落入,1.0,女,結婚,碩士,不同性別,1
110,,27,雙溪區,25～29歲,25,29,完全落入,1.0,女,結婚,碩士,相同性別,0
110,,27,雙溪區,25～29歲,25,29,完全落入,1.0,女,結婚,高中職,不同性別,4
110,,27,雙溪區,25～29歲,25,29,完全落入,1.0,女,結婚,高中職,相同性別,0
110,,27,雙溪區,25～29歲,25,29,完全落入,1.0,男,結婚,博士,不同性別,0
110,,27,雙溪區,25～29歲,25,29,完全落入,1.0,男,結婚,博士,相同性別,0
110,,27,雙溪區,25～29歲,25,29,完全落入,1.0,男,結婚,國中,不同性別,2
110,,27,雙溪區,25～29歲,25,29,完全落入,1.0,男,結婚,國中,相同性別,0
110,,27,雙溪區,25～29歲,25,29,完全落入,1.0,男,結婚,國小以下,不同性別,0
110,,27,雙溪區,25～29歲,25,29,完全落入,1.0,男,結婚,國小以下,相同性別,0
110,,27,雙溪區,25～29歲,25,29,完全落入,1.0,男,結婚,大學,不同性別,5
110,,27,雙溪區,25～29歲,25,29,完全落入,1.0,男,結婚,大學,相同性別,0
110,,27,雙溪區,25～29歲,25,29,完全落入,1.0,男,結婚,專科,不同性別,1
110,,27,雙溪區,25～29歲,25,29,完全落入,1.0,男,結婚,專科,相同性別,0
110,,27,雙溪區,25～29歲,25,29,完全落入,1.0,男,結婚,碩士,不同性別,1
110,,27,雙溪區,25～29歲,25,29,完全落入,1.0,男,結婚,碩士,相同性別,0
110,,27,雙溪區,25～29歲,25,29,完全落入,1.0,男,結婚,高中職,不同性別,5
110,,27,雙溪區,25～29歲,25,29,完全落入,1.0,男,結婚,高中職,相同性別,0
110,,27,雙溪區,30～34歲,30,34,完全落入,1.0,女,結婚,博士,不同性別,0
110,,27,雙溪區,30～34歲,30,34,完全落入,1.0,女,結婚,博士,相同性別,0
110,,27,雙溪區,30～34歲,30,34,完全落入,1.0,女,結婚,國中,不同性別,0
110,,27,雙溪區,30～34歲,30,34,完全落入,1.0,女,結婚,國中,相同性別,0
110,,27,雙溪區,30～34歲,30,34,完全落入,1.0,女,結婚,國小以下,不同性別,0
110,,27,雙溪區,30～34歲,30,34,完全落入,1.0,女,結婚,國小以下,相同性別,0
110,,27,雙溪區,30～34歲,30,34,完全落入,1.0,女,結婚,大學,不同性別,3
110,,27,雙溪區,30～34歲,30,34,完全落入,1.0,女,結婚,大學,相同性別,0
110,,27,雙溪區,30～34歲,30,34,完全落入,1.0,女,結婚,專科,不同性別,0
110,,27,雙溪區,30～34歲,30,34,完全落入,1.0,女,結婚,專科,相同性別,0
110,,27,雙溪區,30～34歲,30,34,完全落入,1.0,女,結婚,碩士,不同性別,2
110,,27,雙溪區,30～34歲,30,34,完全落入,1.0,女,結婚,碩士,相同性別,0
110,,27,雙溪區,30～34歲,30,34,完全落入,1.0,女,結婚,高中職,不同性別,1
110,,27,雙溪區,30～34歲,30,34,完全落入,1.0,女,結婚,高中職,相同性別,0
110,,27,雙溪區,30～34歲,30,34,完全落入,1.0,男,結婚,博士,不同性別,0
110,,27,雙溪區,30～34歲,30,34,完全落入,1.0,男,結婚,博士,相同性別,0
110,,27,雙溪區,30～34歲,30,34,完全落入,1.0,男,結婚,國中,不同性別,0
110,,27,雙溪區,30～34歲,30,34,完全落入,1.0,男,結婚,國中,相同性別,0
110,,27,雙溪區,30～34歲,30,34,完全落入,1.0,男,結婚,國小以下,不同性別,0
110,,27,雙溪區,30～34歲,30,34,完全落入,1.0,男,結婚,國小以下,相同性別,0
110,,27,雙溪區,30～34歲,30,34,完全落入,1.0,男,結婚,大學,不同性別,4
110,,27,雙溪區,30～34歲,30,34,完全落入,1.0,男,結婚,大學,相同性別,0
110,,27,雙溪區,30～34歲,30,34,完全落入,1.0,男,結婚,專科,不同性別,0
110,,27,雙溪區,30～34歲,30,34,完全落入,1.0,男,結婚,專科,相同性別,0
110,,27,雙溪區,30～34歲,30,34,完全落入,1.0,男,結婚,碩士,不同性別,1
110,,27,雙溪區,30～34歲,30,34,完全落入,1.0,男,結婚,碩士,相同性別,0
110,,27,雙溪區,30～34歲,30,34,完全落入,1.0,男,結婚,高中職,不同性別,3
110,,27,雙溪區,30～34歲,30,34,完全落入,1.0,男,結婚,高中職,相同性別,0
110,,27,雙溪區,35～39歲,35,39,部分重疊,0.2,女,結婚,博士,不同性別,0
110,,27,雙溪區,35～39歲,35,39,部分重疊,0.2,女,結婚,博士,相同性別,0
110,,27,雙溪區,35～39歲,35,39,部分重疊,0.2,女,結婚,國中,不同性別,0
110,,27,雙溪區,35～39歲,35,39,部分重疊,0.2,女,結婚,國中,相同性別,0
110,,27,雙溪區,35～39歲,35,39,部分重疊,0.2,女,結婚,國小以下,不同性別,0
110,,27,雙溪區,35～39歲,35,39,部分重疊,0.2,女,結婚,國小以下,相同性別,0
110,,27,雙溪區,35～39歲,35,39,部分重疊,0.2,女,結婚,大學,不同性別,1
110,,27,雙溪區,35～39歲,35,39,部分重疊,0.2,女,結婚,大學,相同性別,0
110,,27,雙溪區,35～39歲,35,39,部分重疊,0.2,女,結婚,專科,不同性別,0
110,,27,雙溪區,35～39歲,35,39,部分重疊,0.2,女,結婚,專科,相同性別,0
110,,27,雙溪區,35～39歲,35,39,部分重疊,0.2,女,結婚,碩士,不同性別,0
110,,27,雙溪區,35～39歲,35,39,部分重疊,0.2,女,結婚,碩士,相同性別,0
110,,27,雙溪區,35～39歲,35,39,部分重疊,0.2,女,結婚,高中職,不同性別,0
110,,27,雙溪區,35～39歲,35,39,部分重疊,0.2,女,結婚,高中職,相同性別,0
110,,27,雙溪區,35～39歲,35,39,部分重疊,0.2,男,結婚,博士,不同性別,0
110,,27,雙溪區,35～39歲,35,39,部分重疊,0.2,男,結婚,博士,相同性別,0
110,,27,雙溪區,35～39歲,35,39,部分重疊,0.2,男,結婚,國中,不同性別,0
110,,27,雙溪區,35～39歲,35,39,部分重疊,0.2,男,結婚,國中,相同性別,0
110,,27,雙溪區,35～39歲,35,39,部分重疊,0.2,男,結婚,國小以下,不同性別,0
110,,27,雙溪區,35～39歲,35,39,部分重疊,0.2,男,結婚,國小以下,相同性別,0
110,,27,雙溪區,35～39歲,35,39,部分重疊,0.2,男,結婚,大學,不同性別,1
110,,27,雙溪區,35～39歲,35,39,部分重疊,0.2,男,結婚,大學,相同性別,0
110,,27,雙溪區,35～39歲,35,39,部分重疊,0.2,男,結婚,專科,不同性別,0
110,,27,雙溪區,35～39歲,35,39,部分重疊,0.2,男,結婚,專科,相同性別,0
110,,27,雙溪區,35～39歲,35,39,部分重疊,0.2,男,結婚,碩士,不同性別,0
110,,27,雙溪區,35～39歲,35,39,部分重疊,0.2,男,結婚,碩士,相同性別,0
110,,27,雙溪區,35～39歲,35,39,部分重疊,0.2,男,結婚,高中職,不同性別,1
110,,27,雙溪區,35～39歲,35,39,部分重疊,0.2,男,結婚,高中職,相同性別,0
110,,27,雙溪區,40～44歲,40,44,不相關,0.0,女,結婚,博士,不同性別,0
110,,27,雙溪區,40～44歲,40,44,不相關,0.0,女,結婚,博士,相同性別,0
110,,27,雙溪區,40～44歲,40,44,不相關,0.0,女,結婚,國中,不同性別,0
110,,27,雙溪區,40～44歲,40,44,不相關,0.0,女,結婚,國中,相同性別,0
110,,27,雙溪區,40～44歲,40,44,不相關,0.0,女,結婚,國小以下,不同性別,0
110,,27,雙溪區,40～44歲,40,44,不相關,0.0,女,結婚,國小以下,相同性別,0
110,,27,雙溪區,40～44歲,40,44,不相關,0.0,女,結婚,大學,不同性別,0
110,,27,雙溪區,40～44歲,40,44,不相關,0.0,女,結婚,大學,相同性別,0
110,,27,雙溪區,40～44歲,40,44,不相關,0.0,女,結婚,專科,不同性別,1
110,,27,雙溪區,40～44歲,40,44,不相關,0.0,女,結婚,專科,相同性別,0
110,,27,雙溪區,40～44歲,40,44,不相關,0.0,女,結婚,碩士,不同性別,0
110,,27,雙溪區,40～44歲,40,44,不相關,0.0,女,結婚,碩士,相同性別,0
110,,27,雙溪區,40～44歲,40,44,不相關,0.0,女,結婚,高中職,不同性別,1
110,,27,雙溪區,40～44歲,40,44,不相關,0.0,女,結婚,高中職,相同性別,0
110,,27,雙溪區,40～44歲,40,44,不相關,0.0,男,結婚,博士,不同性別,0
110,,27,雙溪區,40～44歲,40,44,不相關,0.0,男,結婚,博士,相同性別,0
110,,27,雙溪區,40～44歲,40,44,不相關,0.0,男,結婚,國中,不同性別,1
110,,27,雙溪區,40～44歲,40,44,不相關,0.0,男,結婚,國中,相同性別,0
110,,27,雙溪區,40～44歲,40,44,不相關,0.0,男,結婚,國小以下,不同性別,0
110,,27,雙溪區,40～44歲,40,44,不相關,0.0,男,結婚,國小以下,相同性別,0
110,,27,雙溪區,40～44歲,40,44,不相關,0.0,男,結婚,大學,不同性別,0
110,,27,雙溪區,40～44歲,40,44,不相關,0.0,男,結婚,大學,相同性別,0
110,,27,雙溪區,40～44歲,40,44,不相關,0.0,男,結婚,專科,不同性別,0
110,,27,雙溪區,40～44歲,40,44,不相關,0.0,男,結婚,專科,相同性別,0
110,,27,雙溪區,40～44歲,40,44,不相關,0.0,男,結婚,碩士,不同性別,0
110,,27,雙溪區,40～44歲,40,44,不相關,0.0,男,結婚,碩士,相同性別,0
110,,27,雙溪區,40～44歲,40,44,不相關,0.0,男,結婚,高中職,不同性別,1
110,,27,雙溪區,40～44歲,40,44,不相關,0.0,男,結婚,高中職,相同性別,0
110,,27,雙溪區,45～49歲,45,49,不相關,0.0,女,結婚,博士,不同性別,0
110,,27,雙溪區,45～49歲,45,49,不相關,0.0,女,結婚,博士,相同性別,0
110,,27,雙溪區,45～49歲,45,49,不相關,0.0,女,結婚,國中,不同性別,0
110,,27,雙溪區,45～49歲,45,49,不相關,0.0,女,結婚,國中,相同性別,0
110,,27,雙溪區,45～49歲,45,49,不相關,0.0,女,結婚,國小以下,不同性別,0
110,,27,雙溪區,45～49歲,45,49,不相關,0.0,女,結婚,國小以下,相同性別,0
110,,27,雙溪區,45～49歲,45,49,不相關,0.0,女,結婚,大學,不同性別,0
110,,27,雙溪區,45～49歲,45,49,不相關,0.0,女,結婚,大學,相同性別,0
110,,27,雙溪區,45～49歲,45,49,不相關,0.0,女,結婚,專科,不同性別,1
110,,27,雙溪區,45～49歲,45,49,不相關,0.0,女,結婚,專科,相同性別,0
110,,27,雙溪區,45～49歲,45,49,不相關,0.0,女,結婚,碩士,不同性別,0
110,,27,雙溪區,45～49歲,45,49,不相關,0.0,女,結婚,碩士,相同性別,0
110,,27,雙溪區,45～49歲,45,49,不相關,0.0,女,結婚,高中職,不同性別,0
110,,27,雙溪區,45～49歲,45,49,不相關,0.0,女,結婚,高中職,相同性別,0
110,,27,雙溪區,45～49歲,45,49,不相關,0.0,男,結婚,博士,不同性別,0
110,,27,雙溪區,45～49歲,45,49,不相關,0.0,男,結婚,博士,相同性別,0
110,,27,雙溪區,45～49歲,45,49,不相關,0.0,男,結婚,國中,不同性別,1
110,,27,雙溪區,45～49歲,45,49,不相關,0.0,男,結婚,國中,相同性別,0
110,,27,雙溪區,45～49歲,45,49,不相關,0.0,男,結婚,國小以下,不同性別,1
110,,27,雙溪區,45～49歲,45,49,不相關,0.0,男,結婚,國小以下,相同性別,0
110,,27,雙溪區,45～49歲,45,49,不相關,0.0,男,結婚,大學,不同性別,0
110,,27,雙溪區,45～49歲,45,49,不相關,0.0,男,結婚,大學,相同性別,0
110,,27,雙溪區,45～49歲,45,49,不相關,0.0,男,結婚,專科,不同性別,0
110,,27,雙溪區,45～49歲,45,49,不相關,0.0,男,結婚,專科,相同性別,0
110,,27,雙溪區,45～49歲,45,49,不相關,0.0,男,結婚,碩士,不同性別,0
110,,27,雙溪區,45～49歲,45,49,不相關,0.0,男,結婚,碩士,相同性別,0
110,,27,雙溪區,45～49歲,45,49,不相關,0.0,男,結婚,高中職,不同性別,0
110,,27,雙溪區,45～49歲,45,49,不相關,0.0,男,結婚,高中職,相同性別,0
110,,27,雙溪區,50～54歲,50,54,不相關,0.0,女,結婚,博士,不同性別,0
110,,27,雙溪區,50～54歲,50,54,不相關,0.0,女,結婚,博士,相同性別,0
110,,27,雙溪區,50～54歲,50,54,不相關,0.0,女,結婚,國中,不同性別,1
110,,27,雙溪區,50～54歲,50,54,不相關,0.0,女,結婚,國中,相同性別,0
110,,27,雙溪區,50～54歲,50,54,不相關,0.0,女,結婚,國小以下,不同性別,0
110,,27,雙溪區,50～54歲,50,54,不相關,0.0,女,結婚,國小以下,相同性別,0
110,,27,雙溪區,50～54歲,50,54,不相關,0.0,女,結婚,大學,不同性別,0
110,,27,雙溪區,50～54歲,50,54,不相關,0.0,女,結婚,大學,相同性別,0
110,,27,雙溪區,50～54歲,50,54,不相關,0.0,女,結婚,專科,不同性別,0
110,,27,雙溪區,50～54歲,50,54,不相關,0.0,女,結婚,專科,相同性別,0
110,,27,雙溪區,50～54歲,50,54,不相關,0.0,女,結婚,碩士,不同性別,0
110,,27,雙溪區,50～54歲,50,54,不相關,0.0,女,結婚,碩士,相同性別,0
110,,27,雙溪區,50～54歲,50,54,不相關,0.0,女,結婚,高中職,不同性別,1
110,,27,雙溪區,50～54歲,50,54,不相關,0.0,女,結婚,高中職,相同性別,2
110,,27,雙溪區,50～54歲,50,54,不相關,0.0,男,結婚,博士,不同性別,0
110,,27,雙溪區,50～54歲,50,54,不相關,0.0,男,結婚,博士,相同性別,0
110,,27,雙溪區,50～54歲,50,54,不相關,0.0,男,結婚,國中,不同性別,0
110,,27,雙溪區,50～54歲,50,54,不相關,0.0,男,結婚,國中,相同性別,0
110,,27,雙溪區,50～54歲,50,54,不相關,0.0,男,結婚,國小以下,不同性別,0
110,,27,雙溪區,50～54歲,50,54,不相關,0.0,男,結婚,國小以下,相同性別,0
110,,27,雙溪區,50～54歲,50,54,不相關,0.0,男,結婚,大學,不同性別,0
110,,27,雙溪區,50～54歲,50,54,不相關,0.0,男,結婚,大學,相同性別,0
110,,27,雙溪區,50～54歲,50,54,不相關,0.0,男,結婚,專科,不同性別,0
110,,27,雙溪區,50～54歲,50,54,不相關,0.0,男,結婚,專科,相同性別,0
110,,27,雙溪區,50～54歲,50,54,不相關,0.0,男,結婚,碩士,不同性別,0
110,,27,雙溪區,50～54歲,50,54,不相關,0.0,男,結婚,碩士,相同性別,0
110,,27,雙溪區,50～54歲,50,54,不相關,0.0,男,結婚,高中職,不同性別,1
110,,27,雙溪區,50～54歲,50,54,不相關,0.0,男,結婚,高中職,相同性別,0
110,,27,雙溪區,55～59歲,55,59,不相關,0.0,女,結婚,博士,不同性別,0
110,,27,雙溪區,55～59歲,55,59,不相關,0.0,女,結婚,博士,相同性別,0
110,,27,雙溪區,55～59歲,55,59,不相關,0.0,女,結婚,國中,不同性別,0
110,,27,雙溪區,55～59歲,55,59,不相關,0.0,女,結婚,國中,相同性別,0
110,,27,雙溪區,55～59歲,55,59,不相關,0.0,女,結婚,國小以下,不同性別,0
110,,27,雙溪區,55～59歲,55,59,不相關,0.0,女,結婚,國小以下,相同性別,0
110,,27,雙溪區,55～59歲,55,59,不相關,0.0,女,結婚,大學,不同性別,0
110,,27,雙溪區,55～59歲,55,59,不相關,0.0,女,結婚,大學,相同性別,0
110,,27,雙溪區,55～59歲,55,59,不相關,0.0,女,結婚,專科,不同性別,0
110,,27,雙溪區,55～59歲,55,59,不相關,0.0,女,結婚,專科,相同性別,0
110,,27,雙溪區,55～59歲,55,59,不相關,0.0,女,結婚,碩士,不同性別,0
110,,27,雙溪區,55～59歲,55,59,不相關,0.0,女,結婚,碩士,相同性別,0
110,,27,雙溪區,55～59歲,55,59,不相關,0.0,女,結婚,高中職,不同性別,0
110,,27,雙溪區,55～59歲,55,59,不相關,0.0,女,結婚,高中職,相同性別,0
110,,27,雙溪區,55～59歲,55,59,不相關,0.0,男,結婚,博士,不同性別,0
110,,27,雙溪區,55～59歲,55,59,不相關,0.0,男,結婚,博士,相同性別,0
110,,27,雙溪區,55～59歲,55,59,不相關,0.0,男,結婚,國中,不同性別,1
110,,27,雙溪區,55～59歲,55,59,不相關,0.0,男,結婚,國中,相同性別,0
110,,27,雙溪區,55～59歲,55,59,不相關,0.0,男,結婚,國小以下,不同性別,0
110,,27,雙溪區,55～59歲,55,59,不相關,0.0,男,結婚,國小以下,相同性別,0
110,,27,雙溪區,55～59歲,55,59,不相關,0.0,男,結婚,大學,不同性別,0
110,,27,雙溪區,55～59歲,55,59,不相關,0.0,男,結婚,大學,相同性別,0
110,,27,雙溪區,55～59歲,55,59,不相關,0.0,男,結婚,專科,不同性別,0
110,,27,雙溪區,55～59歲,55,59,不相關,0.0,男,結婚,專科,相同性別,0
110,,27,雙溪區,55～59歲,55,59,不相關,0.0,男,結婚,碩士,不同性別,0
110,,27,雙溪區,55～59歲,55,59,不相關,0.0,男,結婚,碩士,相同性別,0
110,,27,雙溪區,55～59歲,55,59,不相關,0.0,男,結婚,高中職,不同性別,0
110,,27,雙溪區,55～59歲,55,59,不相關,0.0,男,結婚,高中職,相同性別,0
110,,27,雙溪區,60～64歲,60,64,不相關,0.0,女,結婚,博士,不同性別,0
110,,27,雙溪區,60～64歲,60,64,不相關,0.0,女,結婚,博士,相同性別,0
110,,27,雙溪區,60～64歲,60,64,不相關,0.0,女,結婚,國中,不同性別,0
110,,27,雙溪區,60～64歲,60,64,不相關,0.0,女,結婚,國中,相同性別,0
110,,27,雙溪區,60～64歲,60,64,不相關,0.0,女,結婚,國小以下,不同性別,1
110,,27,雙溪區,60～64歲,60,64,不相關,0.0,女,結婚,國小以下,相同性別,0
110,,27,雙溪區,60～64歲,60,64,不相關,0.0,女,結婚,大學,不同性別,0
110,,27,雙溪區,60～64歲,60,64,不相關,0.0,女,結婚,大學,相同性別,0
110,,27,雙溪區,60～64歲,60,64,不相關,0.0,女,結婚,專科,不同性別,0
110,,27,雙溪區,60～64歲,60,64,不相關,0.0,女,結婚,專科,相同性別,0
110,,27,雙溪區,60～64歲,60,64,不相關,0.0,女,結婚,碩士,不同性別,0
110,,27,雙溪區,60～64歲,60,64,不相關,0.0,女,結婚,碩士,相同性別,0
110,,27,雙溪區,60～64歲,60,64,不相關,0.0,女,結婚,高中職,不同性別,0
110,,27,雙溪區,60～64歲,60,64,不相關,0.0,女,結婚,高中職,相同性別,0
110,,27,雙溪區,60～64歲,60,64,不相關,0.0,男,結婚,博士,不同性別,0
110,,27,雙溪區,60～64歲,60,64,不相關,0.0,男,結婚,博士,相同性別,0
110,,27,雙溪區,60～64歲,60,64,不相關,0.0,男,結婚,國中,不同性別,1
110,,27,雙溪區,60～64歲,60,64,不相關,0.0,男,結婚,國中,相同性別,0
110,,27,雙溪區,60～64歲,60,64,不相關,0.0,男,結婚,國小以下,不同性別,0
110,,27,雙溪區,60～64歲,60,64,不相關,0.0,男,結婚,國小以下,相同性別,0
110,,27,雙溪區,60～64歲,60,64,不相關,0.0,男,結婚,大學,不同性別,0
110,,27,雙溪區,60～64歲,60,64,不相關,0.0,男,結婚,大學,相同性別,0
110,,27,雙溪區,60～64歲,60,64,不相關,0.0,男,結婚,專科,不同性別,0
110,,27,雙溪區,60～64歲,60,64,不相關,0.0,男,結婚,專科,相同性別,0
110,,27,雙溪區,60～64歲,60,64,不相關,0.0,男,結婚,碩士,不同性別,0
110,,27,雙溪區,60～64歲,60,64,不相關,0.0,男,結婚,碩士,相同性別,0
110,,27,雙溪區,60～64歲,60,64,不相關,0.0,男,結婚,高中職,不同性別,0
110,,27,雙溪區,60～64歲,60,64,不相關,0.0,男,結婚,高中職,相同性別,0
110,,27,雙溪區,65歲以上,65,120,不相關,0.0,女,結婚,博士,不同性別,0
110,,27,雙溪區,65歲以上,65,120,不相關,0.0,女,結婚,博士,相同性別,0
110,,27,雙溪區,65歲以上,65,120,不相關,0.0,女,結婚,國中,不同性別,0
110,,27,雙溪區,65歲以上,65,120,不相關,0.0,女,結婚,國中,相同性別,0
110,,27,雙溪區,65歲以上,65,120,不相關,0.0,女,結婚,國小以下,不同性別,0
110,,27,雙溪區,65歲以上,65,120,不相關,0.0,女,結婚,國小以下,相同性別,0
110,,27,雙溪區,65歲以上,65,120,不相關,0.0,女,結婚,大學,不同性別,0
110,,27,雙溪區,65歲以上,65,120,不相關,0.0,女,結婚,大學,相同性別,0
110,,27,雙溪區,65歲以上,65,120,不相關,0.0,女,結婚,專科,不同性別,0
110,,27,雙溪區,65歲以上,65,120,不相關,0.0,女,結婚,專科,相同性別,0
110,,27,雙溪區,65歲以上,65,120,不相關,0.0,女,結婚,碩士,不同性別,0
110,,27,雙溪區,65歲以上,65,120,不相關,0.0,女,結婚,碩士,相同性別,0
110,,27,雙溪區,65歲以上,65,120,不相關,0.0,女,結婚,高中職,不同性別,0
110,,27,雙溪區,65歲以上,65,120,不相關,0.0,女,結婚,高中職,相同性別,0
110,,27,雙溪區,65歲以上,65,120,不相關,0.0,男,結婚,博士,不同性別,0
110,,27,雙溪區,65歲以上,65,120,不相關,0.0,男,結婚,博士,相同性別,0
110,,27,雙溪區,65歲以上,65,120,不相關,0.0,男,結婚,國中,不同性別,0
110,,27,雙溪區,65歲以上,65,120,不相關,0.0,男,結婚,國中,相同性別,0
110,,27,雙溪區,65歲以上,65,120,不相關,0.0,男,結婚,國小以下,不同性別,0
110,,27,雙溪區,65歲以上,65,120,不相關,0.0,男,結婚,國小以下,相同性別,0
110,,27,雙溪區,65歲以上,65,120,不相關,0.0,男,結婚,大學,不同性別,0
110,,27,雙溪區,65歲以上,65,120,不相關,0.0,男,結婚,大學,相同性別,0
110,,27,雙溪區,65歲以上,65,120,不相關,0.0,男,結婚,專科,不同性別,0
110,,27,雙溪區,65歲以上,65,120,不相關,0.0,男,結婚,專科,相同性別,0
110,,27,雙溪區,65歲以上,65,120,不相關,0.0,男,結婚,碩士,不同性別,0
110,,27,雙溪區,65歲以上,65,120,不相關,0.0,男,結婚,碩士,相同性別,0
110,,27,雙溪區,65歲以上,65,120,不相關,0.0,男,結婚,高中職,不同性別,0
110,,27,雙溪區,65歲以上,65,120,不相關,0.0,男,結婚,高中職,相同性別,0
110,,28,貢寮區,未滿15歲,0,14,不相關,0.0,女,結婚,博士,不同性別,0
110,,28,貢寮區,未滿15歲,0,14,不相關,0.0,女,結婚,博士,相同性別,0
110,,28,貢寮區,未滿15歲,0,14,不相關,0.0,女,結婚,國中,不同性別,0
110,,28,貢寮區,未滿15歲,0,14,不相關,0.0,女,結婚,國中,相同性別,0
110,,28,貢寮區,未滿15歲,0,14,不相關,0.0,女,結婚,國小以下,不同性別,0
110,,28,貢寮區,未滿15歲,0,14,不相關,0.0,女,結婚,國小以下,相同性別,0
110,,28,貢寮區,未滿15歲,0,14,不相關,0.0,女,結婚,大學,不同性別,0
110,,28,貢寮區,未滿15歲,0,14,不相關,0.0,女,結婚,大學,相同性別,0
110,,28,貢寮區,未滿15歲,0,14,不相關,0.0,女,結婚,專科,不同性別,0
110,,28,貢寮區,未滿15歲,0,14,不相關,0.0,女,結婚,專科,相同性別,0
110,,28,貢寮區,未滿15歲,0,14,不相關,0.0,女,結婚,碩士,不同性別,0
110,,28,貢寮區,未滿15歲,0,14,不相關,0.0,女,結婚,碩士,相同性別,0
110,,28,貢寮區,未滿15歲,0,14,不相關,0.0,女,結婚,高中職,不同性別,0
110,,28,貢寮區,未滿15歲,0,14,不相關,0.0,女,結婚,高中職,相同性別,0
110,,28,貢寮區,未滿15歲,0,14,不相關,0.0,男,結婚,博士,不同性別,0
110,,28,貢寮區,未滿15歲,0,14,不相關,0.0,男,結婚,博士,相同性別,0
110,,28,貢寮區,未滿15歲,0,14,不相關,0.0,男,結婚,國中,不同性別,0
110,,28,貢寮區,未滿15歲,0,14,不相關,0.0,男,結婚,國中,相同性別,0
110,,28,貢寮區,未滿15歲,0,14,不相關,0.0,男,結婚,國小以下,不同性別,0
110,,28,貢寮區,未滿15歲,0,14,不相關,0.0,男,結婚,國小以下,相同性別,0
110,,28,貢寮區,未滿15歲,0,14,不相關,0.0,男,結婚,大學,不同性別,0
110,,28,貢寮區,未滿15歲,0,14,不相關,0.0,男,結婚,大學,相同性別,0
110,,28,貢寮區,未滿15歲,0,14,不相關,0.0,男,結婚,專科,不同性別,0
110,,28,貢寮區,未滿15歲,0,14,不相關,0.0,男,結婚,專科,相同性別,0
110,,28,貢寮區,未滿15歲,0,14,不相關,0.0,男,結婚,碩士,不同性別,0
110,,28,貢寮區,未滿15歲,0,14,不相關,0.0,男,結婚,碩士,相同性別,0
110,,28,貢寮區,未滿15歲,0,14,不相關,0.0,男,結婚,高中職,不同性別,0
110,,28,貢寮區,未滿15歲,0,14,不相關,0.0,男,結婚,高中職,相同性別,0
110,,28,貢寮區,15～19歲,15,19,部分重疊,0.4,女,結婚,博士,不同性別,0
110,,28,貢寮區,15～19歲,15,19,部分重疊,0.4,女,結婚,博士,相同性別,0
110,,28,貢寮區,15～19歲,15,19,部分重疊,0.4,女,結婚,國中,不同性別,1
110,,28,貢寮區,15～19歲,15,19,部分重疊,0.4,女,結婚,國中,相同性別,0
110,,28,貢寮區,15～19歲,15,19,部分重疊,0.4,女,結婚,國小以下,不同性別,0
110,,28,貢寮區,15～19歲,15,19,部分重疊,0.4,女,結婚,國小以下,相同性別,0
110,,28,貢寮區,15～19歲,15,19,部分重疊,0.4,女,結婚,大學,不同性別,0
110,,28,貢寮區,15～19歲,15,19,部分重疊,0.4,女,結婚,大學,相同性別,0
110,,28,貢寮區,15～19歲,15,19,部分重疊,0.4,女,結婚,專科,不同性別,0
110,,28,貢寮區,15～19歲,15,19,部分重疊,0.4,女,結婚,專科,相同性別,0
110,,28,貢寮區,15～19歲,15,19,部分重疊,0.4,女,結婚,碩士,不同性別,0
110,,28,貢寮區,15～19歲,15,19,部分重疊,0.4,女,結婚,碩士,相同性別,0
110,,28,貢寮區,15～19歲,15,19,部分重疊,0.4,女,結婚,高中職,不同性別,0
110,,28,貢寮區,15～19歲,15,19,部分重疊,0.4,女,結婚,高中職,相同性別,0
110,,28,貢寮區,15～19歲,15,19,部分重疊,0.4,男,結婚,博士,不同性別,0
110,,28,貢寮區,15～19歲,15,19,部分重疊,0.4,男,結婚,博士,相同性別,0
110,,28,貢寮區,15～19歲,15,19,部分重疊,0.4,男,結婚,國中,不同性別,0
110,,28,貢寮區,15～19歲,15,19,部分重疊,0.4,男,結婚,國中,相同性別,0
110,,28,貢寮區,15～19歲,15,19,部分重疊,0.4,男,結婚,國小以下,不同性別,0
110,,28,貢寮區,15～19歲,15,19,部分重疊,0.4,男,結婚,國小以下,相同性別,0
110,,28,貢寮區,15～19歲,15,19,部分重疊,0.4,男,結婚,大學,不同性別,0
110,,28,貢寮區,15～19歲,15,19,部分重疊,0.4,男,結婚,大學,相同性別,0
110,,28,貢寮區,15～19歲,15,19,部分重疊,0.4,男,結婚,專科,不同性別,0
110,,28,貢寮區,15～19歲,15,19,部分重疊,0.4,男,結婚,專科,相同性別,0
110,,28,貢寮區,15～19歲,15,19,部分重疊,0.4,男,結婚,碩士,不同性別,0
110,,28,貢寮區,15～19歲,15,19,部分重疊,0.4,男,結婚,碩士,相同性別,0
110,,28,貢寮區,15～19歲,15,19,部分重疊,0.4,男,結婚,高中職,不同性別,1
110,,28,貢寮區,15～19歲,15,19,部分重疊,0.4,男,結婚,高中職,相同性別,0
110,,28,貢寮區,20～24歲,20,24,完全落入,1.0,女,結婚,博士,不同性別,0
110,,28,貢寮區,20～24歲,20,24,完全落入,1.0,女,結婚,博士,相同性別,0
110,,28,貢寮區,20～24歲,20,24,完全落入,1.0,女,結婚,國中,不同性別,0
110,,28,貢寮區,20～24歲,20,24,完全落入,1.0,女,結婚,國中,相同性別,0
110,,28,貢寮區,20～24歲,20,24,完全落入,1.0,女,結婚,國小以下,不同性別,0
110,,28,貢寮區,20～24歲,20,24,完全落入,1.0,女,結婚,國小以下,相同性別,0
110,,28,貢寮區,20～24歲,20,24,完全落入,1.0,女,結婚,大學,不同性別,0
110,,28,貢寮區,20～24歲,20,24,完全落入,1.0,女,結婚,大學,相同性別,0
110,,28,貢寮區,20～24歲,20,24,完全落入,1.0,女,結婚,專科,不同性別,0
110,,28,貢寮區,20～24歲,20,24,完全落入,1.0,女,結婚,專科,相同性別,0
110,,28,貢寮區,20～24歲,20,24,完全落入,1.0,女,結婚,碩士,不同性別,0
110,,28,貢寮區,20～24歲,20,24,完全落入,1.0,女,結婚,碩士,相同性別,0
110,,28,貢寮區,20～24歲,20,24,完全落入,1.0,女,結婚,高中職,不同性別,2
110,,28,貢寮區,20～24歲,20,24,完全落入,1.0,女,結婚,高中職,相同性別,0
110,,28,貢寮區,20～24歲,20,24,完全落入,1.0,男,結婚,博士,不同性別,0
110,,28,貢寮區,20～24歲,20,24,完全落入,1.0,男,結婚,博士,相同性別,0
110,,28,貢寮區,20～24歲,20,24,完全落入,1.0,男,結婚,國中,不同性別,0
110,,28,貢寮區,20～24歲,20,24,完全落入,1.0,男,結婚,國中,相同性別,0
110,,28,貢寮區,20～24歲,20,24,完全落入,1.0,男,結婚,國小以下,不同性別,0
110,,28,貢寮區,20～24歲,20,24,完全落入,1.0,男,結婚,國小以下,相同性別,0
110,,28,貢寮區,20～24歲,20,24,完全落入,1.0,男,結婚,大學,不同性別,0
110,,28,貢寮區,20～24歲,20,24,完全落入,1.0,男,結婚,大學,相同性別,0
110,,28,貢寮區,20～24歲,20,24,完全落入,1.0,男,結婚,專科,不同性別,0
110,,28,貢寮區,20～24歲,20,24,完全落入,1.0,男,結婚,專科,相同性別,0
110,,28,貢寮區,20～24歲,20,24,完全落入,1.0,男,結婚,碩士,不同性別,0
110,,28,貢寮區,20～24歲,20,24,完全落入,1.0,男,結婚,碩士,相同性別,0
110,,28,貢寮區,20～24歲,20,24,完全落入,1.0,男,結婚,高中職,不同性別,2
110,,28,貢寮區,20～24歲,20,24,完全落入,1.0,男,結婚,高中職,相同性別,0
110,,28,貢寮區,25～29歲,25,29,完全落入,1.0,女,結婚,博士,不同性別,0
110,,28,貢寮區,25～29歲,25,29,完全落入,1.0,女,結婚,博士,相同性別,0
110,,28,貢寮區,25～29歲,25,29,完全落入,1.0,女,結婚,國中,不同性別,0
110,,28,貢寮區,25～29歲,25,29,完全落入,1.0,女,結婚,國中,相同性別,0
110,,28,貢寮區,25～29歲,25,29,完全落入,1.0,女,結婚,國小以下,不同性別,0
110,,28,貢寮區,25～29歲,25,29,完全落入,1.0,女,結婚,國小以下,相同性別,0
110,,28,貢寮區,25～29歲,25,29,完全落入,1.0,女,結婚,大學,不同性別,4
110,,28,貢寮區,25～29歲,25,29,完全落入,1.0,女,結婚,大學,相同性別,0
110,,28,貢寮區,25～29歲,25,29,完全落入,1.0,女,結婚,專科,不同性別,0
110,,28,貢寮區,25～29歲,25,29,完全落入,1.0,女,結婚,專科,相同性別,0
110,,28,貢寮區,25～29歲,25,29,完全落入,1.0,女,結婚,碩士,不同性別,1
110,,28,貢寮區,25～29歲,25,29,完全落入,1.0,女,結婚,碩士,相同性別,0
110,,28,貢寮區,25～29歲,25,29,完全落入,1.0,女,結婚,高中職,不同性別,6
110,,28,貢寮區,25～29歲,25,29,完全落入,1.0,女,結婚,高中職,相同性別,0
110,,28,貢寮區,25～29歲,25,29,完全落入,1.0,男,結婚,博士,不同性別,0
110,,28,貢寮區,25～29歲,25,29,完全落入,1.0,男,結婚,博士,相同性別,0
110,,28,貢寮區,25～29歲,25,29,完全落入,1.0,男,結婚,國中,不同性別,1
110,,28,貢寮區,25～29歲,25,29,完全落入,1.0,男,結婚,國中,相同性別,0
110,,28,貢寮區,25～29歲,25,29,完全落入,1.0,男,結婚,國小以下,不同性別,0
110,,28,貢寮區,25～29歲,25,29,完全落入,1.0,男,結婚,國小以下,相同性別,0
110,,28,貢寮區,25～29歲,25,29,完全落入,1.0,男,結婚,大學,不同性別,4
110,,28,貢寮區,25～29歲,25,29,完全落入,1.0,男,結婚,大學,相同性別,0
110,,28,貢寮區,25～29歲,25,29,完全落入,1.0,男,結婚,專科,不同性別,1
110,,28,貢寮區,25～29歲,25,29,完全落入,1.0,男,結婚,專科,相同性別,0
110,,28,貢寮區,25～29歲,25,29,完全落入,1.0,男,結婚,碩士,不同性別,0
110,,28,貢寮區,25～29歲,25,29,完全落入,1.0,男,結婚,碩士,相同性別,0
110,,28,貢寮區,25～29歲,25,29,完全落入,1.0,男,結婚,高中職,不同性別,5
110,,28,貢寮區,25～29歲,25,29,完全落入,1.0,男,結婚,高中職,相同性別,0
110,,28,貢寮區,30～34歲,30,34,完全落入,1.0,女,結婚,博士,不同性別,0
110,,28,貢寮區,30～34歲,30,34,完全落入,1.0,女,結婚,博士,相同性別,0
110,,28,貢寮區,30～34歲,30,34,完全落入,1.0,女,結婚,國中,不同性別,1
110,,28,貢寮區,30～34歲,30,34,完全落入,1.0,女,結婚,國中,相同性別,0
110,,28,貢寮區,30～34歲,30,34,完全落入,1.0,女,結婚,國小以下,不同性別,0
110,,28,貢寮區,30～34歲,30,34,完全落入,1.0,女,結婚,國小以下,相同性別,0
110,,28,貢寮區,30～34歲,30,34,完全落入,1.0,女,結婚,大學,不同性別,5
110,,28,貢寮區,30～34歲,30,34,完全落入,1.0,女,結婚,大學,相同性別,0
110,,28,貢寮區,30～34歲,30,34,完全落入,1.0,女,結婚,專科,不同性別,0
110,,28,貢寮區,30～34歲,30,34,完全落入,1.0,女,結婚,專科,相同性別,0
110,,28,貢寮區,30～34歲,30,34,完全落入,1.0,女,結婚,碩士,不同性別,1
110,,28,貢寮區,30～34歲,30,34,完全落入,1.0,女,結婚,碩士,相同性別,0
110,,28,貢寮區,30～34歲,30,34,完全落入,1.0,女,結婚,高中職,不同性別,2
110,,28,貢寮區,30～34歲,30,34,完全落入,1.0,女,結婚,高中職,相同性別,0
110,,28,貢寮區,30～34歲,30,34,完全落入,1.0,男,結婚,博士,不同性別,0
110,,28,貢寮區,30～34歲,30,34,完全落入,1.0,男,結婚,博士,相同性別,0
110,,28,貢寮區,30～34歲,30,34,完全落入,1.0,男,結婚,國中,不同性別,0
110,,28,貢寮區,30～34歲,30,34,完全落入,1.0,男,結婚,國中,相同性別,0
110,,28,貢寮區,30～34歲,30,34,完全落入,1.0,男,結婚,國小以下,不同性別,0
110,,28,貢寮區,30～34歲,30,34,完全落入,1.0,男,結婚,國小以下,相同性別,0
110,,28,貢寮區,30～34歲,30,34,完全落入,1.0,男,結婚,大學,不同性別,3
110,,28,貢寮區,30～34歲,30,34,完全落入,1.0,男,結婚,大學,相同性別,0
110,,28,貢寮區,30～34歲,30,34,完全落入,1.0,男,結婚,專科,不同性別,1
110,,28,貢寮區,30～34歲,30,34,完全落入,1.0,男,結婚,專科,相同性別,0
110,,28,貢寮區,30～34歲,30,34,完全落入,1.0,男,結婚,碩士,不同性別,0
110,,28,貢寮區,30～34歲,30,34,完全落入,1.0,男,結婚,碩士,相同性別,0
110,,28,貢寮區,30～34歲,30,34,完全落入,1.0,男,結婚,高中職,不同性別,3
110,,28,貢寮區,30～34歲,30,34,完全落入,1.0,男,結婚,高中職,相同性別,0
110,,28,貢寮區,35～39歲,35,39,部分重疊,0.2,女,結婚,博士,不同性別,0
110,,28,貢寮區,35～39歲,35,39,部分重疊,0.2,女,結婚,博士,相同性別,0
110,,28,貢寮區,35～39歲,35,39,部分重疊,0.2,女,結婚,國中,不同性別,0
110,,28,貢寮區,35～39歲,35,39,部分重疊,0.2,女,結婚,國中,相同性別,0
110,,28,貢寮區,35～39歲,35,39,部分重疊,0.2,女,結婚,國小以下,不同性別,0
110,,28,貢寮區,35～39歲,35,39,部分重疊,0.2,女,結婚,國小以下,相同性別,0
110,,28,貢寮區,35～39歲,35,39,部分重疊,0.2,女,結婚,大學,不同性別,2
110,,28,貢寮區,35～39歲,35,39,部分重疊,0.2,女,結婚,大學,相同性別,0
110,,28,貢寮區,35～39歲,35,39,部分重疊,0.2,女,結婚,專科,不同性別,2
110,,28,貢寮區,35～39歲,35,39,部分重疊,0.2,女,結婚,專科,相同性別,0
110,,28,貢寮區,35～39歲,35,39,部分重疊,0.2,女,結婚,碩士,不同性別,0
110,,28,貢寮區,35～39歲,35,39,部分重疊,0.2,女,結婚,碩士,相同性別,0
110,,28,貢寮區,35～39歲,35,39,部分重疊,0.2,女,結婚,高中職,不同性別,5
110,,28,貢寮區,35～39歲,35,39,部分重疊,0.2,女,結婚,高中職,相同性別,0
110,,28,貢寮區,35～39歲,35,39,部分重疊,0.2,男,結婚,博士,不同性別,0
110,,28,貢寮區,35～39歲,35,39,部分重疊,0.2,男,結婚,博士,相同性別,0
110,,28,貢寮區,35～39歲,35,39,部分重疊,0.2,男,結婚,國中,不同性別,0
110,,28,貢寮區,35～39歲,35,39,部分重疊,0.2,男,結婚,國中,相同性別,0
110,,28,貢寮區,35～39歲,35,39,部分重疊,0.2,男,結婚,國小以下,不同性別,0
110,,28,貢寮區,35～39歲,35,39,部分重疊,0.2,男,結婚,國小以下,相同性別,0
110,,28,貢寮區,35～39歲,35,39,部分重疊,0.2,男,結婚,大學,不同性別,3
110,,28,貢寮區,35～39歲,35,39,部分重疊,0.2,男,結婚,大學,相同性別,0
110,,28,貢寮區,35～39歲,35,39,部分重疊,0.2,男,結婚,專科,不同性別,0
110,,28,貢寮區,35～39歲,35,39,部分重疊,0.2,男,結婚,專科,相同性別,0
110,,28,貢寮區,35～39歲,35,39,部分重疊,0.2,男,結婚,碩士,不同性別,3
110,,28,貢寮區,35～39歲,35,39,部分重疊,0.2,男,結婚,碩士,相同性別,0
110,,28,貢寮區,35～39歲,35,39,部分重疊,0.2,男,結婚,高中職,不同性別,2
110,,28,貢寮區,35～39歲,35,39,部分重疊,0.2,男,結婚,高中職,相同性別,0
110,,28,貢寮區,40～44歲,40,44,不相關,0.0,女,結婚,博士,不同性別,0
110,,28,貢寮區,40～44歲,40,44,不相關,0.0,女,結婚,博士,相同性別,0
110,,28,貢寮區,40～44歲,40,44,不相關,0.0,女,結婚,國中,不同性別,0
110,,28,貢寮區,40～44歲,40,44,不相關,0.0,女,結婚,國中,相同性別,0
110,,28,貢寮區,40～44歲,40,44,不相關,0.0,女,結婚,國小以下,不同性別,0
110,,28,貢寮區,40～44歲,40,44,不相關,0.0,女,結婚,國小以下,相同性別,0
110,,28,貢寮區,40～44歲,40,44,不相關,0.0,女,結婚,大學,不同性別,0
110,,28,貢寮區,40～44歲,40,44,不相關,0.0,女,結婚,大學,相同性別,0
110,,28,貢寮區,40～44歲,40,44,不相關,0.0,女,結婚,專科,不同性別,0
110,,28,貢寮區,40～44歲,40,44,不相關,0.0,女,結婚,專科,相同性別,0
110,,28,貢寮區,40～44歲,40,44,不相關,0.0,女,結婚,碩士,不同性別,0
110,,28,貢寮區,40～44歲,40,44,不相關,0.0,女,結婚,碩士,相同性別,0
110,,28,貢寮區,40～44歲,40,44,不相關,0.0,女,結婚,高中職,不同性別,0
110,,28,貢寮區,40～44歲,40,44,不相關,0.0,女,結婚,高中職,相同性別,0
110,,28,貢寮區,40～44歲,40,44,不相關,0.0,男,結婚,博士,不同性別,0
110,,28,貢寮區,40～44歲,40,44,不相關,0.0,男,結婚,博士,相同性別,0
110,,28,貢寮區,40～44歲,40,44,不相關,0.0,男,結婚,國中,不同性別,0
110,,28,貢寮區,40～44歲,40,44,不相關,0.0,男,結婚,國中,相同性別,0
110,,28,貢寮區,40～44歲,40,44,不相關,0.0,男,結婚,國小以下,不同性別,0
110,,28,貢寮區,40～44歲,40,44,不相關,0.0,男,結婚,國小以下,相同性別,0
110,,28,貢寮區,40～44歲,40,44,不相關,0.0,男,結婚,大學,不同性別,1
110,,28,貢寮區,40～44歲,40,44,不相關,0.0,男,結婚,大學,相同性別,0
110,,28,貢寮區,40～44歲,40,44,不相關,0.0,男,結婚,專科,不同性別,0
110,,28,貢寮區,40～44歲,40,44,不相關,0.0,男,結婚,專科,相同性別,0
110,,28,貢寮區,40～44歲,40,44,不相關,0.0,男,結婚,碩士,不同性別,0
110,,28,貢寮區,40～44歲,40,44,不相關,0.0,男,結婚,碩士,相同性別,0
110,,28,貢寮區,40～44歲,40,44,不相關,0.0,男,結婚,高中職,不同性別,2
110,,28,貢寮區,40～44歲,40,44,不相關,0.0,男,結婚,高中職,相同性別,0
110,,28,貢寮區,45～49歲,45,49,不相關,0.0,女,結婚,博士,不同性別,0
110,,28,貢寮區,45～49歲,45,49,不相關,0.0,女,結婚,博士,相同性別,0
110,,28,貢寮區,45～49歲,45,49,不相關,0.0,女,結婚,國中,不同性別,0
110,,28,貢寮區,45～49歲,45,49,不相關,0.0,女,結婚,國中,相同性別,0
110,,28,貢寮區,45～49歲,45,49,不相關,0.0,女,結婚,國小以下,不同性別,0
110,,28,貢寮區,45～49歲,45,49,不相關,0.0,女,結婚,國小以下,相同性別,0
110,,28,貢寮區,45～49歲,45,49,不相關,0.0,女,結婚,大學,不同性別,0
110,,28,貢寮區,45～49歲,45,49,不相關,0.0,女,結婚,大學,相同性別,0
110,,28,貢寮區,45～49歲,45,49,不相關,0.0,女,結婚,專科,不同性別,0
110,,28,貢寮區,45～49歲,45,49,不相關,0.0,女,結婚,專科,相同性別,0
110,,28,貢寮區,45～49歲,45,49,不相關,0.0,女,結婚,碩士,不同性別,0
110,,28,貢寮區,45～49歲,45,49,不相關,0.0,女,結婚,碩士,相同性別,0
110,,28,貢寮區,45～49歲,45,49,不相關,0.0,女,結婚,高中職,不同性別,1
110,,28,貢寮區,45～49歲,45,49,不相關,0.0,女,結婚,高中職,相同性別,0
110,,28,貢寮區,45～49歲,45,49,不相關,0.0,男,結婚,博士,不同性別,0
110,,28,貢寮區,45～49歲,45,49,不相關,0.0,男,結婚,博士,相同性別,0
110,,28,貢寮區,45～49歲,45,49,不相關,0.0,男,結婚,國中,不同性別,0
110,,28,貢寮區,45～49歲,45,49,不相關,0.0,男,結婚,國中,相同性別,0
110,,28,貢寮區,45～49歲,45,49,不相關,0.0,男,結婚,國小以下,不同性別,0
110,,28,貢寮區,45～49歲,45,49,不相關,0.0,男,結婚,國小以下,相同性別,0
110,,28,貢寮區,45～49歲,45,49,不相關,0.0,男,結婚,大學,不同性別,0
110,,28,貢寮區,45～49歲,45,49,不相關,0.0,男,結婚,大學,相同性別,0
110,,28,貢寮區,45～49歲,45,49,不相關,0.0,男,結婚,專科,不同性別,0
110,,28,貢寮區,45～49歲,45,49,不相關,0.0,男,結婚,專科,相同性別,0
110,,28,貢寮區,45～49歲,45,49,不相關,0.0,男,結婚,碩士,不同性別,0
110,,28,貢寮區,45～49歲,45,49,不相關,0.0,男,結婚,碩士,相同性別,0
110,,28,貢寮區,45～49歲,45,49,不相關,0.0,男,結婚,高中職,不同性別,0
110,,28,貢寮區,45～49歲,45,49,不相關,0.0,男,結婚,高中職,相同性別,0
110,,28,貢寮區,50～54歲,50,54,不相關,0.0,女,結婚,博士,不同性別,0
110,,28,貢寮區,50～54歲,50,54,不相關,0.0,女,結婚,博士,相同性別,0
110,,28,貢寮區,50～54歲,50,54,不相關,0.0,女,結婚,國中,不同性別,1
110,,28,貢寮區,50～54歲,50,54,不相關,0.0,女,結婚,國中,相同性別,0
110,,28,貢寮區,50～54歲,50,54,不相關,0.0,女,結婚,國小以下,不同性別,0
110,,28,貢寮區,50～54歲,50,54,不相關,0.0,女,結婚,國小以下,相同性別,0
110,,28,貢寮區,50～54歲,50,54,不相關,0.0,女,結婚,大學,不同性別,0
110,,28,貢寮區,50～54歲,50,54,不相關,0.0,女,結婚,大學,相同性別,0
110,,28,貢寮區,50～54歲,50,54,不相關,0.0,女,結婚,專科,不同性別,0
110,,28,貢寮區,50～54歲,50,54,不相關,0.0,女,結婚,專科,相同性別,0
110,,28,貢寮區,50～54歲,50,54,不相關,0.0,女,結婚,碩士,不同性別,0
110,,28,貢寮區,50～54歲,50,54,不相關,0.0,女,結婚,碩士,相同性別,0
110,,28,貢寮區,50～54歲,50,54,不相關,0.0,女,結婚,高中職,不同性別,1
110,,28,貢寮區,50～54歲,50,54,不相關,0.0,女,結婚,高中職,相同性別,0
110,,28,貢寮區,50～54歲,50,54,不相關,0.0,男,結婚,博士,不同性別,0
110,,28,貢寮區,50～54歲,50,54,不相關,0.0,男,結婚,博士,相同性別,0
110,,28,貢寮區,50～54歲,50,54,不相關,0.0,男,結婚,國中,不同性別,1
110,,28,貢寮區,50～54歲,50,54,不相關,0.0,男,結婚,國中,相同性別,0
110,,28,貢寮區,50～54歲,50,54,不相關,0.0,男,結婚,國小以下,不同性別,0
110,,28,貢寮區,50～54歲,50,54,不相關,0.0,男,結婚,國小以下,相同性別,0
110,,28,貢寮區,50～54歲,50,54,不相關,0.0,男,結婚,大學,不同性別,0
110,,28,貢寮區,50～54歲,50,54,不相關,0.0,男,結婚,大學,相同性別,0
110,,28,貢寮區,50～54歲,50,54,不相關,0.0,男,結婚,專科,不同性別,0
110,,28,貢寮區,50～54歲,50,54,不相關,0.0,男,結婚,專科,相同性別,0
110,,28,貢寮區,50～54歲,50,54,不相關,0.0,男,結婚,碩士,不同性別,0
110,,28,貢寮區,50～54歲,50,54,不相關,0.0,男,結婚,碩士,相同性別,0
110,,28,貢寮區,50～54歲,50,54,不相關,0.0,男,結婚,高中職,不同性別,0
110,,28,貢寮區,50～54歲,50,54,不相關,0.0,男,結婚,高中職,相同性別,0
110,,28,貢寮區,55～59歲,55,59,不相關,0.0,女,結婚,博士,不同性別,0
110,,28,貢寮區,55～59歲,55,59,不相關,0.0,女,結婚,博士,相同性別,0
110,,28,貢寮區,55～59歲,55,59,不相關,0.0,女,結婚,國中,不同性別,0
110,,28,貢寮區,55～59歲,55,59,不相關,0.0,女,結婚,國中,相同性別,0
110,,28,貢寮區,55～59歲,55,59,不相關,0.0,女,結婚,國小以下,不同性別,1
110,,28,貢寮區,55～59歲,55,59,不相關,0.0,女,結婚,國小以下,相同性別,0
110,,28,貢寮區,55～59歲,55,59,不相關,0.0,女,結婚,大學,不同性別,0
110,,28,貢寮區,55～59歲,55,59,不相關,0.0,女,結婚,大學,相同性別,0
110,,28,貢寮區,55～59歲,55,59,不相關,0.0,女,結婚,專科,不同性別,0
110,,28,貢寮區,55～59歲,55,59,不相關,0.0,女,結婚,專科,相同性別,0
110,,28,貢寮區,55～59歲,55,59,不相關,0.0,女,結婚,碩士,不同性別,0
110,,28,貢寮區,55～59歲,55,59,不相關,0.0,女,結婚,碩士,相同性別,0
110,,28,貢寮區,55～59歲,55,59,不相關,0.0,女,結婚,高中職,不同性別,0
110,,28,貢寮區,55～59歲,55,59,不相關,0.0,女,結婚,高中職,相同性別,0
110,,28,貢寮區,55～59歲,55,59,不相關,0.0,男,結婚,博士,不同性別,0
110,,28,貢寮區,55～59歲,55,59,不相關,0.0,男,結婚,博士,相同性別,0
110,,28,貢寮區,55～59歲,55,59,不相關,0.0,男,結婚,國中,不同性別,1
110,,28,貢寮區,55～59歲,55,59,不相關,0.0,男,結婚,國中,相同性別,0
110,,28,貢寮區,55～59歲,55,59,不相關,0.0,男,結婚,國小以下,不同性別,0
110,,28,貢寮區,55～59歲,55,59,不相關,0.0,男,結婚,國小以下,相同性別,0
110,,28,貢寮區,55～59歲,55,59,不相關,0.0,男,結婚,大學,不同性別,0
110,,28,貢寮區,55～59歲,55,59,不相關,0.0,男,結婚,大學,相同性別,0
110,,28,貢寮區,55～59歲,55,59,不相關,0.0,男,結婚,專科,不同性別,0
110,,28,貢寮區,55～59歲,55,59,不相關,0.0,男,結婚,專科,相同性別,0
110,,28,貢寮區,55～59歲,55,59,不相關,0.0,男,結婚,碩士,不同性別,0
110,,28,貢寮區,55～59歲,55,59,不相關,0.0,男,結婚,碩士,相同性別,0
110,,28,貢寮區,55～59歲,55,59,不相關,0.0,男,結婚,高中職,不同性別,0
110,,28,貢寮區,55～59歲,55,59,不相關,0.0,男,結婚,高中職,相同性別,0
110,,28,貢寮區,60～64歲,60,64,不相關,0.0,女,結婚,博士,不同性別,0
110,,28,貢寮區,60～64歲,60,64,不相關,0.0,女,結婚,博士,相同性別,0
110,,28,貢寮區,60～64歲,60,64,不相關,0.0,女,結婚,國中,不同性別,0
110,,28,貢寮區,60～64歲,60,64,不相關,0.0,女,結婚,國中,相同性別,0
110,,28,貢寮區,60～64歲,60,64,不相關,0.0,女,結婚,國小以下,不同性別,0
110,,28,貢寮區,60～64歲,60,64,不相關,0.0,女,結婚,國小以下,相同性別,0
110,,28,貢寮區,60～64歲,60,64,不相關,0.0,女,結婚,大學,不同性別,0
110,,28,貢寮區,60～64歲,60,64,不相關,0.0,女,結婚,大學,相同性別,0
110,,28,貢寮區,60～64歲,60,64,不相關,0.0,女,結婚,專科,不同性別,0
110,,28,貢寮區,60～64歲,60,64,不相關,0.0,女,結婚,專科,相同性別,0
110,,28,貢寮區,60～64歲,60,64,不相關,0.0,女,結婚,碩士,不同性別,0
110,,28,貢寮區,60～64歲,60,64,不相關,0.0,女,結婚,碩士,相同性別,0
110,,28,貢寮區,60～64歲,60,64,不相關,0.0,女,結婚,高中職,不同性別,0
110,,28,貢寮區,60～64歲,60,64,不相關,0.0,女,結婚,高中職,相同性別,0
110,,28,貢寮區,60～64歲,60,64,不相關,0.0,男,結婚,博士,不同性別,0
110,,28,貢寮區,60～64歲,60,64,不相關,0.0,男,結婚,博士,相同性別,0
110,,28,貢寮區,60～64歲,60,64,不相關,0.0,男,結婚,國中,不同性別,0
110,,28,貢寮區,60～64歲,60,64,不相關,0.0,男,結婚,國中,相同性別,0
110,,28,貢寮區,60～64歲,60,64,不相關,0.0,男,結婚,國小以下,不同性別,0
110,,28,貢寮區,60～64歲,60,64,不相關,0.0,男,結婚,國小以下,相同性別,0
110,,28,貢寮區,60～64歲,60,64,不相關,0.0,男,結婚,大學,不同性別,0
110,,28,貢寮區,60～64歲,60,64,不相關,0.0,男,結婚,大學,相同性別,0
110,,28,貢寮區,60～64歲,60,64,不相關,0.0,男,結婚,專科,不同性別,1
110,,28,貢寮區,60～64歲,60,64,不相關,0.0,男,結婚,專科,相同性別,0
110,,28,貢寮區,60～64歲,60,64,不相關,0.0,男,結婚,碩士,不同性別,0
110,,28,貢寮區,60～64歲,60,64,不相關,0.0,男,結婚,碩士,相同性別,0
110,,28,貢寮區,60～64歲,60,64,不相關,0.0,男,結婚,高中職,不同性別,0
110,,28,貢寮區,60～64歲,60,64,不相關,0.0,男,結婚,高中職,相同性別,0
110,,28,貢寮區,65歲以上,65,120,不相關,0.0,女,結婚,博士,不同性別,0
110,,28,貢寮區,65歲以上,65,120,不相關,0.0,女,結婚,博士,相同性別,0
110,,28,貢寮區,65歲以上,65,120,不相關,0.0,女,結婚,國中,不同性別,0
110,,28,貢寮區,65歲以上,65,120,不相關,0.0,女,結婚,國中,相同性別,0
110,,28,貢寮區,65歲以上,65,120,不相關,0.0,女,結婚,國小以下,不同性別,0
110,,28,貢寮區,65歲以上,65,120,不相關,0.0,女,結婚,國小以下,相同性別,0
110,,28,貢寮區,65歲以上,65,120,不相關,0.0,女,結婚,大學,不同性別,0
110,,28,貢寮區,65歲以上,65,120,不相關,0.0,女,結婚,大學,相同性別,0
110,,28,貢寮區,65歲以上,65,120,不相關,0.0,女,結婚,專科,不同性別,0
110,,28,貢寮區,65歲以上,65,120,不相關,0.0,女,結婚,專科,相同性別,0
110,,28,貢寮區,65歲以上,65,120,不相關,0.0,女,結婚,碩士,不同性別,0
110,,28,貢寮區,65歲以上,65,120,不相關,0.0,女,結婚,碩士,相同性別,0
110,,28,貢寮區,65歲以上,65,120,不相關,0.0,女,結婚,高中職,不同性別,0
110,,28,貢寮區,65歲以上,65,120,不相關,0.0,女,結婚,高中職,相同性別,0
110,,28,貢寮區,65歲以上,65,120,不相關,0.0,男,結婚,博士,不同性別,0
110,,28,貢寮區,65歲以上,65,120,不相關,0.0,男,結婚,博士,相同性別,0
110,,28,貢寮區,65歲以上,65,120,不相關,0.0,男,結婚,國中,不同性別,1
110,,28,貢寮區,65歲以上,65,120,不相關,0.0,男,結婚,國中,相同性別,0
110,,28,貢寮區,65歲以上,65,120,不相關,0.0,男,結婚,國小以下,不同性別,0
110,,28,貢寮區,65歲以上,65,120,不相關,0.0,男,結婚,國小以下,相同性別,0
110,,28,貢寮區,65歲以上,65,120,不相關,0.0,男,結婚,大學,不同性別,0
110,,28,貢寮區,65歲以上,65,120,不相關,0.0,男,結婚,大學,相同性別,0
110,,28,貢寮區,65歲以上,65,120,不相關,0.0,男,結婚,專科,不同性別,0
110,,28,貢寮區,65歲以上,65,120,不相關,0.0,男,結婚,專科,相同性別,0
110,,28,貢寮區,65歲以上,65,120,不相關,0.0,男,結婚,碩士,不同性別,0
110,,28,貢寮區,65歲以上,65,120,不相關,0.0,男,結婚,碩士,相同性別,0
110,,28,貢寮區,65歲以上,65,120,不相關,0.0,男,結婚,高中職,不同性別,0
110,,28,貢寮區,65歲以上,65,120,不相關,0.0,男,結婚,高中職,相同性別,0
110,,29,烏來區,未滿15歲,0,14,不相關,0.0,女,結婚,博士,不同性別,0
110,,29,烏來區,未滿15歲,0,14,不相關,0.0,女,結婚,博士,相同性別,0
110,,29,烏來區,未滿15歲,0,14,不相關,0.0,女,結婚,國中,不同性別,0
110,,29,烏來區,未滿15歲,0,14,不相關,0.0,女,結婚,國中,相同性別,0
110,,29,烏來區,未滿15歲,0,14,不相關,0.0,女,結婚,國小以下,不同性別,0
110,,29,烏來區,未滿15歲,0,14,不相關,0.0,女,結婚,國小以下,相同性別,0
110,,29,烏來區,未滿15歲,0,14,不相關,0.0,女,結婚,大學,不同性別,0
110,,29,烏來區,未滿15歲,0,14,不相關,0.0,女,結婚,大學,相同性別,0
110,,29,烏來區,未滿15歲,0,14,不相關,0.0,女,結婚,專科,不同性別,0
110,,29,烏來區,未滿15歲,0,14,不相關,0.0,女,結婚,專科,相同性別,0
110,,29,烏來區,未滿15歲,0,14,不相關,0.0,女,結婚,碩士,不同性別,0
110,,29,烏來區,未滿15歲,0,14,不相關,0.0,女,結婚,碩士,相同性別,0
110,,29,烏來區,未滿15歲,0,14,不相關,0.0,女,結婚,高中職,不同性別,0
110,,29,烏來區,未滿15歲,0,14,不相關,0.0,女,結婚,高中職,相同性別,0
110,,29,烏來區,未滿15歲,0,14,不相關,0.0,男,結婚,博士,不同性別,0
110,,29,烏來區,未滿15歲,0,14,不相關,0.0,男,結婚,博士,相同性別,0
110,,29,烏來區,未滿15歲,0,14,不相關,0.0,男,結婚,國中,不同性別,0
110,,29,烏來區,未滿15歲,0,14,不相關,0.0,男,結婚,國中,相同性別,0
110,,29,烏來區,未滿15歲,0,14,不相關,0.0,男,結婚,國小以下,不同性別,0
110,,29,烏來區,未滿15歲,0,14,不相關,0.0,男,結婚,國小以下,相同性別,0
110,,29,烏來區,未滿15歲,0,14,不相關,0.0,男,結婚,大學,不同性別,0
110,,29,烏來區,未滿15歲,0,14,不相關,0.0,男,結婚,大學,相同性別,0
110,,29,烏來區,未滿15歲,0,14,不相關,0.0,男,結婚,專科,不同性別,0
110,,29,烏來區,未滿15歲,0,14,不相關,0.0,男,結婚,專科,相同性別,0
110,,29,烏來區,未滿15歲,0,14,不相關,0.0,男,結婚,碩士,不同性別,0
110,,29,烏來區,未滿15歲,0,14,不相關,0.0,男,結婚,碩士,相同性別,0
110,,29,烏來區,未滿15歲,0,14,不相關,0.0,男,結婚,高中職,不同性別,0
110,,29,烏來區,未滿15歲,0,14,不相關,0.0,男,結婚,高中職,相同性別,0
110,,29,烏來區,15～19歲,15,19,部分重疊,0.4,女,結婚,博士,不同性別,0
110,,29,烏來區,15～19歲,15,19,部分重疊,0.4,女,結婚,博士,相同性別,0
110,,29,烏來區,15～19歲,15,19,部分重疊,0.4,女,結婚,國中,不同性別,0
110,,29,烏來區,15～19歲,15,19,部分重疊,0.4,女,結婚,國中,相同性別,0
110,,29,烏來區,15～19歲,15,19,部分重疊,0.4,女,結婚,國小以下,不同性別,0
110,,29,烏來區,15～19歲,15,19,部分重疊,0.4,女,結婚,國小以下,相同性別,0
110,,29,烏來區,15～19歲,15,19,部分重疊,0.4,女,結婚,大學,不同性別,0
110,,29,烏來區,15～19歲,15,19,部分重疊,0.4,女,結婚,大學,相同性別,0
110,,29,烏來區,15～19歲,15,19,部分重疊,0.4,女,結婚,專科,不同性別,0
110,,29,烏來區,15～19歲,15,19,部分重疊,0.4,女,結婚,專科,相同性別,0
110,,29,烏來區,15～19歲,15,19,部分重疊,0.4,女,結婚,碩士,不同性別,0
110,,29,烏來區,15～19歲,15,19,部分重疊,0.4,女,結婚,碩士,相同性別,0
110,,29,烏來區,15～19歲,15,19,部分重疊,0.4,女,結婚,高中職,不同性別,0
110,,29,烏來區,15～19歲,15,19,部分重疊,0.4,女,結婚,高中職,相同性別,0
110,,29,烏來區,15～19歲,15,19,部分重疊,0.4,男,結婚,博士,不同性別,0
110,,29,烏來區,15～19歲,15,19,部分重疊,0.4,男,結婚,博士,相同性別,0
110,,29,烏來區,15～19歲,15,19,部分重疊,0.4,男,結婚,國中,不同性別,0
110,,29,烏來區,15～19歲,15,19,部分重疊,0.4,男,結婚,國中,相同性別,0
110,,29,烏來區,15～19歲,15,19,部分重疊,0.4,男,結婚,國小以下,不同性別,0
110,,29,烏來區,15～19歲,15,19,部分重疊,0.4,男,結婚,國小以下,相同性別,0
110,,29,烏來區,15～19歲,15,19,部分重疊,0.4,男,結婚,大學,不同性別,0
110,,29,烏來區,15～19歲,15,19,部分重疊,0.4,男,結婚,大學,相同性別,0
110,,29,烏來區,15～19歲,15,19,部分重疊,0.4,男,結婚,專科,不同性別,0
110,,29,烏來區,15～19歲,15,19,部分重疊,0.4,男,結婚,專科,相同性別,0
110,,29,烏來區,15～19歲,15,19,部分重疊,0.4,男,結婚,碩士,不同性別,0
110,,29,烏來區,15～19歲,15,19,部分重疊,0.4,男,結婚,碩士,相同性別,0
110,,29,烏來區,15～19歲,15,19,部分重疊,0.4,男,結婚,高中職,不同性別,1
110,,29,烏來區,15～19歲,15,19,部分重疊,0.4,男,結婚,高中職,相同性別,0
110,,29,烏來區,20～24歲,20,24,完全落入,1.0,女,結婚,博士,不同性別,0
110,,29,烏來區,20～24歲,20,24,完全落入,1.0,女,結婚,博士,相同性別,0
110,,29,烏來區,20～24歲,20,24,完全落入,1.0,女,結婚,國中,不同性別,3
110,,29,烏來區,20～24歲,20,24,完全落入,1.0,女,結婚,國中,相同性別,0
110,,29,烏來區,20～24歲,20,24,完全落入,1.0,女,結婚,國小以下,不同性別,0
110,,29,烏來區,20～24歲,20,24,完全落入,1.0,女,結婚,國小以下,相同性別,0
110,,29,烏來區,20～24歲,20,24,完全落入,1.0,女,結婚,大學,不同性別,1
110,,29,烏來區,20～24歲,20,24,完全落入,1.0,女,結婚,大學,相同性別,0
110,,29,烏來區,20～24歲,20,24,完全落入,1.0,女,結婚,專科,不同性別,0
110,,29,烏來區,20～24歲,20,24,完全落入,1.0,女,結婚,專科,相同性別,0
110,,29,烏來區,20～24歲,20,24,完全落入,1.0,女,結婚,碩士,不同性別,0
110,,29,烏來區,20～24歲,20,24,完全落入,1.0,女,結婚,碩士,相同性別,0
110,,29,烏來區,20～24歲,20,24,完全落入,1.0,女,結婚,高中職,不同性別,3
110,,29,烏來區,20～24歲,20,24,完全落入,1.0,女,結婚,高中職,相同性別,0
110,,29,烏來區,20～24歲,20,24,完全落入,1.0,男,結婚,博士,不同性別,0
110,,29,烏來區,20～24歲,20,24,完全落入,1.0,男,結婚,博士,相同性別,0
110,,29,烏來區,20～24歲,20,24,完全落入,1.0,男,結婚,國中,不同性別,1
110,,29,烏來區,20～24歲,20,24,完全落入,1.0,男,結婚,國中,相同性別,0
110,,29,烏來區,20～24歲,20,24,完全落入,1.0,男,結婚,國小以下,不同性別,0
110,,29,烏來區,20～24歲,20,24,完全落入,1.0,男,結婚,國小以下,相同性別,0
110,,29,烏來區,20～24歲,20,24,完全落入,1.0,男,結婚,大學,不同性別,0
110,,29,烏來區,20～24歲,20,24,完全落入,1.0,男,結婚,大學,相同性別,0
110,,29,烏來區,20～24歲,20,24,完全落入,1.0,男,結婚,專科,不同性別,1
110,,29,烏來區,20～24歲,20,24,完全落入,1.0,男,結婚,專科,相同性別,0
110,,29,烏來區,20～24歲,20,24,完全落入,1.0,男,結婚,碩士,不同性別,0
110,,29,烏來區,20～24歲,20,24,完全落入,1.0,男,結婚,碩士,相同性別,0
110,,29,烏來區,20～24歲,20,24,完全落入,1.0,男,結婚,高中職,不同性別,5
110,,29,烏來區,20～24歲,20,24,完全落入,1.0,男,結婚,高中職,相同性別,0
110,,29,烏來區,25～29歲,25,29,完全落入,1.0,女,結婚,博士,不同性別,0
110,,29,烏來區,25～29歲,25,29,完全落入,1.0,女,結婚,博士,相同性別,0
110,,29,烏來區,25～29歲,25,29,完全落入,1.0,女,結婚,國中,不同性別,0
110,,29,烏來區,25～29歲,25,29,完全落入,1.0,女,結婚,國中,相同性別,0
110,,29,烏來區,25～29歲,25,29,完全落入,1.0,女,結婚,國小以下,不同性別,0
110,,29,烏來區,25～29歲,25,29,完全落入,1.0,女,結婚,國小以下,相同性別,0
110,,29,烏來區,25～29歲,25,29,完全落入,1.0,女,結婚,大學,不同性別,4
110,,29,烏來區,25～29歲,25,29,完全落入,1.0,女,結婚,大學,相同性別,0
110,,29,烏來區,25～29歲,25,29,完全落入,1.0,女,結婚,專科,不同性別,0
110,,29,烏來區,25～29歲,25,29,完全落入,1.0,女,結婚,專科,相同性別,0
110,,29,烏來區,25～29歲,25,29,完全落入,1.0,女,結婚,碩士,不同性別,0
110,,29,烏來區,25～29歲,25,29,完全落入,1.0,女,結婚,碩士,相同性別,0
110,,29,烏來區,25～29歲,25,29,完全落入,1.0,女,結婚,高中職,不同性別,6
110,,29,烏來區,25～29歲,25,29,完全落入,1.0,女,結婚,高中職,相同性別,0
110,,29,烏來區,25～29歲,25,29,完全落入,1.0,男,結婚,博士,不同性別,0
110,,29,烏來區,25～29歲,25,29,完全落入,1.0,男,結婚,博士,相同性別,0
110,,29,烏來區,25～29歲,25,29,完全落入,1.0,男,結婚,國中,不同性別,2
110,,29,烏來區,25～29歲,25,29,完全落入,1.0,男,結婚,國中,相同性別,0
110,,29,烏來區,25～29歲,25,29,完全落入,1.0,男,結婚,國小以下,不同性別,0
110,,29,烏來區,25～29歲,25,29,完全落入,1.0,男,結婚,國小以下,相同性別,0
110,,29,烏來區,25～29歲,25,29,完全落入,1.0,男,結婚,大學,不同性別,3
110,,29,烏來區,25～29歲,25,29,完全落入,1.0,男,結婚,大學,相同性別,0
110,,29,烏來區,25～29歲,25,29,完全落入,1.0,男,結婚,專科,不同性別,0
110,,29,烏來區,25～29歲,25,29,完全落入,1.0,男,結婚,專科,相同性別,0
110,,29,烏來區,25～29歲,25,29,完全落入,1.0,男,結婚,碩士,不同性別,0
110,,29,烏來區,25～29歲,25,29,完全落入,1.0,男,結婚,碩士,相同性別,0
110,,29,烏來區,25～29歲,25,29,完全落入,1.0,男,結婚,高中職,不同性別,1
110,,29,烏來區,25～29歲,25,29,完全落入,1.0,男,結婚,高中職,相同性別,0
110,,29,烏來區,30～34歲,30,34,完全落入,1.0,女,結婚,博士,不同性別,0
110,,29,烏來區,30～34歲,30,34,完全落入,1.0,女,結婚,博士,相同性別,0
110,,29,烏來區,30～34歲,30,34,完全落入,1.0,女,結婚,國中,不同性別,1
110,,29,烏來區,30～34歲,30,34,完全落入,1.0,女,結婚,國中,相同性別,0
110,,29,烏來區,30～34歲,30,34,完全落入,1.0,女,結婚,國小以下,不同性別,0
110,,29,烏來區,30～34歲,30,34,完全落入,1.0,女,結婚,國小以下,相同性別,0
110,,29,烏來區,30～34歲,30,34,完全落入,1.0,女,結婚,大學,不同性別,5
110,,29,烏來區,30～34歲,30,34,完全落入,1.0,女,結婚,大學,相同性別,1
110,,29,烏來區,30～34歲,30,34,完全落入,1.0,女,結婚,專科,不同性別,1
110,,29,烏來區,30～34歲,30,34,完全落入,1.0,女,結婚,專科,相同性別,0
110,,29,烏來區,30～34歲,30,34,完全落入,1.0,女,結婚,碩士,不同性別,0
110,,29,烏來區,30～34歲,30,34,完全落入,1.0,女,結婚,碩士,相同性別,0
110,,29,烏來區,30～34歲,30,34,完全落入,1.0,女,結婚,高中職,不同性別,3
110,,29,烏來區,30～34歲,30,34,完全落入,1.0,女,結婚,高中職,相同性別,1
110,,29,烏來區,30～34歲,30,34,完全落入,1.0,男,結婚,博士,不同性別,0
110,,29,烏來區,30～34歲,30,34,完全落入,1.0,男,結婚,博士,相同性別,0
110,,29,烏來區,30～34歲,30,34,完全落入,1.0,男,結婚,國中,不同性別,1
110,,29,烏來區,30～34歲,30,34,完全落入,1.0,男,結婚,國中,相同性別,0
110,,29,烏來區,30～34歲,30,34,完全落入,1.0,男,結婚,國小以下,不同性別,0
110,,29,烏來區,30～34歲,30,34,完全落入,1.0,男,結婚,國小以下,相同性別,0
110,,29,烏來區,30～34歲,30,34,完全落入,1.0,男,結婚,大學,不同性別,5
110,,29,烏來區,30～34歲,30,34,完全落入,1.0,男,結婚,大學,相同性別,0
110,,29,烏來區,30～34歲,30,34,完全落入,1.0,男,結婚,專科,不同性別,0
110,,29,烏來區,30～34歲,30,34,完全落入,1.0,男,結婚,專科,相同性別,0
110,,29,烏來區,30～34歲,30,34,完全落入,1.0,男,結婚,碩士,不同性別,2
110,,29,烏來區,30～34歲,30,34,完全落入,1.0,男,結婚,碩士,相同性別,0
110,,29,烏來區,30～34歲,30,34,完全落入,1.0,男,結婚,高中職,不同性別,1
110,,29,烏來區,30～34歲,30,34,完全落入,1.0,男,結婚,高中職,相同性別,0
110,,29,烏來區,35～39歲,35,39,部分重疊,0.2,女,結婚,博士,不同性別,0
110,,29,烏來區,35～39歲,35,39,部分重疊,0.2,女,結婚,博士,相同性別,0
110,,29,烏來區,35～39歲,35,39,部分重疊,0.2,女,結婚,國中,不同性別,3
110,,29,烏來區,35～39歲,35,39,部分重疊,0.2,女,結婚,國中,相同性別,0
110,,29,烏來區,35～39歲,35,39,部分重疊,0.2,女,結婚,國小以下,不同性別,0
110,,29,烏來區,35～39歲,35,39,部分重疊,0.2,女,結婚,國小以下,相同性別,0
110,,29,烏來區,35～39歲,35,39,部分重疊,0.2,女,結婚,大學,不同性別,1
110,,29,烏來區,35～39歲,35,39,部分重疊,0.2,女,結婚,大學,相同性別,0
110,,29,烏來區,35～39歲,35,39,部分重疊,0.2,女,結婚,專科,不同性別,0
110,,29,烏來區,35～39歲,35,39,部分重疊,0.2,女,結婚,專科,相同性別,0
110,,29,烏來區,35～39歲,35,39,部分重疊,0.2,女,結婚,碩士,不同性別,0
110,,29,烏來區,35～39歲,35,39,部分重疊,0.2,女,結婚,碩士,相同性別,0
110,,29,烏來區,35～39歲,35,39,部分重疊,0.2,女,結婚,高中職,不同性別,1
110,,29,烏來區,35～39歲,35,39,部分重疊,0.2,女,結婚,高中職,相同性別,0
110,,29,烏來區,35～39歲,35,39,部分重疊,0.2,男,結婚,博士,不同性別,0
110,,29,烏來區,35～39歲,35,39,部分重疊,0.2,男,結婚,博士,相同性別,0
110,,29,烏來區,35～39歲,35,39,部分重疊,0.2,男,結婚,國中,不同性別,1
110,,29,烏來區,35～39歲,35,39,部分重疊,0.2,男,結婚,國中,相同性別,0
110,,29,烏來區,35～39歲,35,39,部分重疊,0.2,男,結婚,國小以下,不同性別,0
110,,29,烏來區,35～39歲,35,39,部分重疊,0.2,男,結婚,國小以下,相同性別,0
110,,29,烏來區,35～39歲,35,39,部分重疊,0.2,男,結婚,大學,不同性別,2
110,,29,烏來區,35～39歲,35,39,部分重疊,0.2,男,結婚,大學,相同性別,0
110,,29,烏來區,35～39歲,35,39,部分重疊,0.2,男,結婚,專科,不同性別,1
110,,29,烏來區,35～39歲,35,39,部分重疊,0.2,男,結婚,專科,相同性別,0
110,,29,烏來區,35～39歲,35,39,部分重疊,0.2,男,結婚,碩士,不同性別,1
110,,29,烏來區,35～39歲,35,39,部分重疊,0.2,男,結婚,碩士,相同性別,0
110,,29,烏來區,35～39歲,35,39,部分重疊,0.2,男,結婚,高中職,不同性別,1
110,,29,烏來區,35～39歲,35,39,部分重疊,0.2,男,結婚,高中職,相同性別,0
110,,29,烏來區,40～44歲,40,44,不相關,0.0,女,結婚,博士,不同性別,0
110,,29,烏來區,40～44歲,40,44,不相關,0.0,女,結婚,博士,相同性別,0
110,,29,烏來區,40～44歲,40,44,不相關,0.0,女,結婚,國中,不同性別,1
110,,29,烏來區,40～44歲,40,44,不相關,0.0,女,結婚,國中,相同性別,0
110,,29,烏來區,40～44歲,40,44,不相關,0.0,女,結婚,國小以下,不同性別,0
110,,29,烏來區,40～44歲,40,44,不相關,0.0,女,結婚,國小以下,相同性別,0
110,,29,烏來區,40～44歲,40,44,不相關,0.0,女,結婚,大學,不同性別,1
110,,29,烏來區,40～44歲,40,44,不相關,0.0,女,結婚,大學,相同性別,0
110,,29,烏來區,40～44歲,40,44,不相關,0.0,女,結婚,專科,不同性別,1
110,,29,烏來區,40～44歲,40,44,不相關,0.0,女,結婚,專科,相同性別,0
110,,29,烏來區,40～44歲,40,44,不相關,0.0,女,結婚,碩士,不同性別,0
110,,29,烏來區,40～44歲,40,44,不相關,0.0,女,結婚,碩士,相同性別,0
110,,29,烏來區,40～44歲,40,44,不相關,0.0,女,結婚,高中職,不同性別,0
110,,29,烏來區,40～44歲,40,44,不相關,0.0,女,結婚,高中職,相同性別,0
110,,29,烏來區,40～44歲,40,44,不相關,0.0,男,結婚,博士,不同性別,1
110,,29,烏來區,40～44歲,40,44,不相關,0.0,男,結婚,博士,相同性別,0
110,,29,烏來區,40～44歲,40,44,不相關,0.0,男,結婚,國中,不同性別,2
110,,29,烏來區,40～44歲,40,44,不相關,0.0,男,結婚,國中,相同性別,0
110,,29,烏來區,40～44歲,40,44,不相關,0.0,男,結婚,國小以下,不同性別,0
110,,29,烏來區,40～44歲,40,44,不相關,0.0,男,結婚,國小以下,相同性別,0
110,,29,烏來區,40～44歲,40,44,不相關,0.0,男,結婚,大學,不同性別,0
110,,29,烏來區,40～44歲,40,44,不相關,0.0,男,結婚,大學,相同性別,0
110,,29,烏來區,40～44歲,40,44,不相關,0.0,男,結婚,專科,不同性別,0
110,,29,烏來區,40～44歲,40,44,不相關,0.0,男,結婚,專科,相同性別,0
110,,29,烏來區,40～44歲,40,44,不相關,0.0,男,結婚,碩士,不同性別,0
110,,29,烏來區,40～44歲,40,44,不相關,0.0,男,結婚,碩士,相同性別,0
110,,29,烏來區,40～44歲,40,44,不相關,0.0,男,結婚,高中職,不同性別,1
110,,29,烏來區,40～44歲,40,44,不相關,0.0,男,結婚,高中職,相同性別,0
110,,29,烏來區,45～49歲,45,49,不相關,0.0,女,結婚,博士,不同性別,0
110,,29,烏來區,45～49歲,45,49,不相關,0.0,女,結婚,博士,相同性別,0
110,,29,烏來區,45～49歲,45,49,不相關,0.0,女,結婚,國中,不同性別,0
110,,29,烏來區,45～49歲,45,49,不相關,0.0,女,結婚,國中,相同性別,0
110,,29,烏來區,45～49歲,45,49,不相關,0.0,女,結婚,國小以下,不同性別,0
110,,29,烏來區,45～49歲,45,49,不相關,0.0,女,結婚,國小以下,相同性別,0
110,,29,烏來區,45～49歲,45,49,不相關,0.0,女,結婚,大學,不同性別,0
110,,29,烏來區,45～49歲,45,49,不相關,0.0,女,結婚,大學,相同性別,0
110,,29,烏來區,45～49歲,45,49,不相關,0.0,女,結婚,專科,不同性別,0
110,,29,烏來區,45～49歲,45,49,不相關,0.0,女,結婚,專科,相同性別,0
110,,29,烏來區,45～49歲,45,49,不相關,0.0,女,結婚,碩士,不同性別,0
110,,29,烏來區,45～49歲,45,49,不相關,0.0,女,結婚,碩士,相同性別,0
110,,29,烏來區,45～49歲,45,49,不相關,0.0,女,結婚,高中職,不同性別,1
110,,29,烏來區,45～49歲,45,49,不相關,0.0,女,結婚,高中職,相同性別,0
110,,29,烏來區,45～49歲,45,49,不相關,0.0,男,結婚,博士,不同性別,0
110,,29,烏來區,45～49歲,45,49,不相關,0.0,男,結婚,博士,相同性別,0
110,,29,烏來區,45～49歲,45,49,不相關,0.0,男,結婚,國中,不同性別,0
110,,29,烏來區,45～49歲,45,49,不相關,0.0,男,結婚,國中,相同性別,0
110,,29,烏來區,45～49歲,45,49,不相關,0.0,男,結婚,國小以下,不同性別,0
110,,29,烏來區,45～49歲,45,49,不相關,0.0,男,結婚,國小以下,相同性別,0
110,,29,烏來區,45～49歲,45,49,不相關,0.0,男,結婚,大學,不同性別,0
110,,29,烏來區,45～49歲,45,49,不相關,0.0,男,結婚,大學,相同性別,0
110,,29,烏來區,45～49歲,45,49,不相關,0.0,男,結婚,專科,不同性別,0
110,,29,烏來區,45～49歲,45,49,不相關,0.0,男,結婚,專科,相同性別,0
110,,29,烏來區,45～49歲,45,49,不相關,0.0,男,結婚,碩士,不同性別,0
110,,29,烏來區,45～49歲,45,49,不相關,0.0,男,結婚,碩士,相同性別,0
110,,29,烏來區,45～49歲,45,49,不相關,0.0,男,結婚,高中職,不同性別,0
110,,29,烏來區,45～49歲,45,49,不相關,0.0,男,結婚,高中職,相同性別,0
110,,29,烏來區,50～54歲,50,54,不相關,0.0,女,結婚,博士,不同性別,0
110,,29,烏來區,50～54歲,50,54,不相關,0.0,女,結婚,博士,相同性別,0
110,,29,烏來區,50～54歲,50,54,不相關,0.0,女,結婚,國中,不同性別,1
110,,29,烏來區,50～54歲,50,54,不相關,0.0,女,結婚,國中,相同性別,0
110,,29,烏來區,50～54歲,50,54,不相關,0.0,女,結婚,國小以下,不同性別,0
110,,29,烏來區,50～54歲,50,54,不相關,0.0,女,結婚,國小以下,相同性別,0
110,,29,烏來區,50～54歲,50,54,不相關,0.0,女,結婚,大學,不同性別,0
110,,29,烏來區,50～54歲,50,54,不相關,0.0,女,結婚,大學,相同性別,0
110,,29,烏來區,50～54歲,50,54,不相關,0.0,女,結婚,專科,不同性別,0
110,,29,烏來區,50～54歲,50,54,不相關,0.0,女,結婚,專科,相同性別,0
110,,29,烏來區,50～54歲,50,54,不相關,0.0,女,結婚,碩士,不同性別,0
110,,29,烏來區,50～54歲,50,54,不相關,0.0,女,結婚,碩士,相同性別,0
110,,29,烏來區,50～54歲,50,54,不相關,0.0,女,結婚,高中職,不同性別,1
110,,29,烏來區,50～54歲,50,54,不相關,0.0,女,結婚,高中職,相同性別,0
110,,29,烏來區,50～54歲,50,54,不相關,0.0,男,結婚,博士,不同性別,0
110,,29,烏來區,50～54歲,50,54,不相關,0.0,男,結婚,博士,相同性別,0
110,,29,烏來區,50～54歲,50,54,不相關,0.0,男,結婚,國中,不同性別,4
110,,29,烏來區,50～54歲,50,54,不相關,0.0,男,結婚,國中,相同性別,0
110,,29,烏來區,50～54歲,50,54,不相關,0.0,男,結婚,國小以下,不同性別,0
110,,29,烏來區,50～54歲,50,54,不相關,0.0,男,結婚,國小以下,相同性別,0
110,,29,烏來區,50～54歲,50,54,不相關,0.0,男,結婚,大學,不同性別,0
110,,29,烏來區,50～54歲,50,54,不相關,0.0,男,結婚,大學,相同性別,0
110,,29,烏來區,50～54歲,50,54,不相關,0.0,男,結婚,專科,不同性別,0
110,,29,烏來區,50～54歲,50,54,不相關,0.0,男,結婚,專科,相同性別,0
110,,29,烏來區,50～54歲,50,54,不相關,0.0,男,結婚,碩士,不同性別,0
110,,29,烏來區,50～54歲,50,54,不相關,0.0,男,結婚,碩士,相同性別,0
110,,29,烏來區,50～54歲,50,54,不相關,0.0,男,結婚,高中職,不同性別,0
110,,29,烏來區,50～54歲,50,54,不相關,0.0,男,結婚,高中職,相同性別,0
110,,29,烏來區,55～59歲,55,59,不相關,0.0,女,結婚,博士,不同性別,0
110,,29,烏來區,55～59歲,55,59,不相關,0.0,女,結婚,博士,相同性別,0
110,,29,烏來區,55～59歲,55,59,不相關,0.0,女,結婚,國中,不同性別,1
110,,29,烏來區,55～59歲,55,59,不相關,0.0,女,結婚,國中,相同性別,0
110,,29,烏來區,55～59歲,55,59,不相關,0.0,女,結婚,國小以下,不同性別,0
110,,29,烏來區,55～59歲,55,59,不相關,0.0,女,結婚,國小以下,相同性別,0
110,,29,烏來區,55～59歲,55,59,不相關,0.0,女,結婚,大學,不同性別,0
110,,29,烏來區,55～59歲,55,59,不相關,0.0,女,結婚,大學,相同性別,0
110,,29,烏來區,55～59歲,55,59,不相關,0.0,女,結婚,專科,不同性別,0
110,,29,烏來區,55～59歲,55,59,不相關,0.0,女,結婚,專科,相同性別,0
110,,29,烏來區,55～59歲,55,59,不相關,0.0,女,結婚,碩士,不同性別,0
110,,29,烏來區,55～59歲,55,59,不相關,0.0,女,結婚,碩士,相同性別,0
110,,29,烏來區,55～59歲,55,59,不相關,0.0,女,結婚,高中職,不同性別,0
110,,29,烏來區,55～59歲,55,59,不相關,0.0,女,結婚,高中職,相同性別,0
110,,29,烏來區,55～59歲,55,59,不相關,0.0,男,結婚,博士,不同性別,0
110,,29,烏來區,55～59歲,55,59,不相關,0.0,男,結婚,博士,相同性別,0
110,,29,烏來區,55～59歲,55,59,不相關,0.0,男,結婚,國中,不同性別,0
110,,29,烏來區,55～59歲,55,59,不相關,0.0,男,結婚,國中,相同性別,0
110,,29,烏來區,55～59歲,55,59,不相關,0.0,男,結婚,國小以下,不同性別,0
110,,29,烏來區,55～59歲,55,59,不相關,0.0,男,結婚,國小以下,相同性別,0
110,,29,烏來區,55～59歲,55,59,不相關,0.0,男,結婚,大學,不同性別,0
110,,29,烏來區,55～59歲,55,59,不相關,0.0,男,結婚,大學,相同性別,0
110,,29,烏來區,55～59歲,55,59,不相關,0.0,男,結婚,專科,不同性別,0
110,,29,烏來區,55～59歲,55,59,不相關,0.0,男,結婚,專科,相同性別,0
110,,29,烏來區,55～59歲,55,59,不相關,0.0,男,結婚,碩士,不同性別,0
110,,29,烏來區,55～59歲,55,59,不相關,0.0,男,結婚,碩士,相同性別,0
110,,29,烏來區,55～59歲,55,59,不相關,0.0,男,結婚,高中職,不同性別,0
110,,29,烏來區,55～59歲,55,59,不相關,0.0,男,結婚,高中職,相同性別,0
110,,29,烏來區,60～64歲,60,64,不相關,0.0,女,結婚,博士,不同性別,0
110,,29,烏來區,60～64歲,60,64,不相關,0.0,女,結婚,博士,相同性別,0
110,,29,烏來區,60～64歲,60,64,不相關,0.0,女,結婚,國中,不同性別,0
110,,29,烏來區,60～64歲,60,64,不相關,0.0,女,結婚,國中,相同性別,0
110,,29,烏來區,60～64歲,60,64,不相關,0.0,女,結婚,國小以下,不同性別,0
110,,29,烏來區,60～64歲,60,64,不相關,0.0,女,結婚,國小以下,相同性別,0
110,,29,烏來區,60～64歲,60,64,不相關,0.0,女,結婚,大學,不同性別,0
110,,29,烏來區,60～64歲,60,64,不相關,0.0,女,結婚,大學,相同性別,0
110,,29,烏來區,60～64歲,60,64,不相關,0.0,女,結婚,專科,不同性別,0
110,,29,烏來區,60～64歲,60,64,不相關,0.0,女,結婚,專科,相同性別,0
110,,29,烏來區,60～64歲,60,64,不相關,0.0,女,結婚,碩士,不同性別,0
110,,29,烏來區,60～64歲,60,64,不相關,0.0,女,結婚,碩士,相同性別,0
110,,29,烏來區,60～64歲,60,64,不相關,0.0,女,結婚,高中職,不同性別,0
110,,29,烏來區,60～64歲,60,64,不相關,0.0,女,結婚,高中職,相同性別,0
110,,29,烏來區,60～64歲,60,64,不相關,0.0,男,結婚,博士,不同性別,0
110,,29,烏來區,60～64歲,60,64,不相關,0.0,男,結婚,博士,相同性別,0
110,,29,烏來區,60～64歲,60,64,不相關,0.0,男,結婚,國中,不同性別,0
110,,29,烏來區,60～64歲,60,64,不相關,0.0,男,結婚,國中,相同性別,0
110,,29,烏來區,60～64歲,60,64,不相關,0.0,男,結婚,國小以下,不同性別,2
110,,29,烏來區,60～64歲,60,64,不相關,0.0,男,結婚,國小以下,相同性別,0
110,,29,烏來區,60～64歲,60,64,不相關,0.0,男,結婚,大學,不同性別,0
110,,29,烏來區,60～64歲,60,64,不相關,0.0,男,結婚,大學,相同性別,0
110,,29,烏來區,60～64歲,60,64,不相關,0.0,男,結婚,專科,不同性別,0
110,,29,烏來區,60～64歲,60,64,不相關,0.0,男,結婚,專科,相同性別,0
110,,29,烏來區,60～64歲,60,64,不相關,0.0,男,結婚,碩士,不同性別,0
110,,29,烏來區,60～64歲,60,64,不相關,0.0,男,結婚,碩士,相同性別,0
110,,29,烏來區,60～64歲,60,64,不相關,0.0,男,結婚,高中職,不同性別,0
110,,29,烏來區,60～64歲,60,64,不相關,0.0,男,結婚,高中職,相同性別,0
110,,29,烏來區,65歲以上,65,120,不相關,0.0,女,結婚,博士,不同性別,0
110,,29,烏來區,65歲以上,65,120,不相關,0.0,女,結婚,博士,相同性別,0
110,,29,烏來區,65歲以上,65,120,不相關,0.0,女,結婚,國中,不同性別,0
110,,29,烏來區,65歲以上,65,120,不相關,0.0,女,結婚,國中,相同性別,0
110,,29,烏來區,65歲以上,65,120,不相關,0.0,女,結婚,國小以下,不同性別,0
110,,29,烏來區,65歲以上,65,120,不相關,0.0,女,結婚,國小以下,相同性別,0
110,,29,烏來區,65歲以上,65,120,不相關,0.0,女,結婚,大學,不同性別,0
110,,29,烏來區,65歲以上,65,120,不相關,0.0,女,結婚,大學,相同性別,0
110,,29,烏來區,65歲以上,65,120,不相關,0.0,女,結婚,專科,不同性別,0
110,,29,烏來區,65歲以上,65,120,不相關,0.0,女,結婚,專科,相同性別,0
110,,29,烏來區,65歲以上,65,120,不相關,0.0,女,結婚,碩士,不同性別,0
110,,29,烏來區,65歲以上,65,120,不相關,0.0,女,結婚,碩士,相同性別,0
110,,29,烏來區,65歲以上,65,120,不相關,0.0,女,結婚,高中職,不同性別,0
110,,29,烏來區,65歲以上,65,120,不相關,0.0,女,結婚,高中職,相同性別,0
110,,29,烏來區,65歲以上,65,120,不相關,0.0,男,結婚,博士,不同性別,0
110,,29,烏來區,65歲以上,65,120,不相關,0.0,男,結婚,博士,相同性別,0
110,,29,烏來區,65歲以上,65,120,不相關,0.0,男,結婚,國中,不同性別,0
110,,29,烏來區,65歲以上,65,120,不相關,0.0,男,結婚,國中,相同性別,0
110,,29,烏來區,65歲以上,65,120,不相關,0.0,男,結婚,國小以下,不同性別,0
110,,29,烏來區,65歲以上,65,120,不相關,0.0,男,結婚,國小以下,相同性別,0
110,,29,烏來區,65歲以上,65,120,不相關,0.0,男,結婚,大學,不同性別,0
110,,29,烏來區,65歲以上,65,120,不相關,0.0,男,結婚,大學,相同性別,0
110,,29,烏來區,65歲以上,65,120,不相關,0.0,男,結婚,專科,不同性別,0
110,,29,烏來區,65歲以上,65,120,不相關,0.0,男,結婚,專科,相同性別,0
110,,29,烏來區,65歲以上,65,120,不相關,0.0,男,結婚,碩士,不同性別,0
110,,29,烏來區,65歲以上,65,120,不相關,0.0,男,結婚,碩士,相同性別,0
110,,29,烏來區,65歲以上,65,120,不相關,0.0,男,結婚,高中職,不同性別,0
110,,29,烏來區,65歲以上,65,120,不相關,0.0,男,結婚,高中職,相同性別,0
