民國年,月,區代碼,行政區,年齡標籤,年齡下限,年齡上限,青年關係,青年權重,性別,事件,教育程度,婚姻類型,人數
113,,1,板橋區,未滿15歲,0,14,不相關,0.0,女,結婚,博士,不同性別,0
113,,1,板橋區,未滿15歲,0,14,不相關,0.0,女,結婚,博士,相同性別,0
113,,1,板橋區,未滿15歲,0,14,不相關,0.0,女,結婚,國中,不同性別,0
113,,1,板橋區,未滿15歲,0,14,不相關,0.0,女,結婚,國中,相同性別,0
113,,1,板橋區,未滿15歲,0,14,不相關,0.0,女,結婚,國小以下,不同性別,0
113,,1,板橋區,未滿15歲,0,14,不相關,0.0,女,結婚,國小以下,相同性別,0
113,,1,板橋區,未滿15歲,0,14,不相關,0.0,女,結婚,大學,不同性別,0
113,,1,板橋區,未滿15歲,0,14,不相關,0.0,女,結婚,大學,相同性別,0
113,,1,板橋區,未滿15歲,0,14,不相關,0.0,女,結婚,專科,不同性別,0
113,,1,板橋區,未滿15歲,0,14,不相關,0.0,女,結婚,專科,相同性別,0
113,,1,板橋區,未滿15歲,0,14,不相關,0.0,女,結婚,碩士,不同性別,0
113,,1,板橋區,未滿15歲,0,14,不相關,0.0,女,結婚,碩士,相同性別,0
113,,1,板橋區,未滿15歲,0,14,不相關,0.0,女,結婚,高中職,不同性別,0
113,,1,板橋區,未滿15歲,0,14,不相關,0.0,女,結婚,高中職,相同性別,0
113,,1,板橋區,未滿15歲,0,14,不相關,0.0,男,結婚,博士,不同性別,0
113,,1,板橋區,未滿15歲,0,14,不相關,0.0,男,結婚,博士,相同性別,0
113,,1,板橋區,未滿15歲,0,14,不相關,0.0,男,結婚,國中,不同性別,0
113,,1,板橋區,未滿15歲,0,14,不相關,0.0,男,結婚,國中,相同性別,0
113,,1,板橋區,未滿15歲,0,14,不相關,0.0,男,結婚,國小以下,不同性別,0
113,,1,板橋區,未滿15歲,0,14,不相關,0.0,男,結婚,國小以下,相同性別,0
113,,1,板橋區,未滿15歲,0,14,不相關,0.0,男,結婚,大學,不同性別,0
113,,1,板橋區,未滿15歲,0,14,不相關,0.0,男,結婚,大學,相同性別,0
113,,1,板橋區,未滿15歲,0,14,不相關,0.0,男,結婚,專科,不同性別,0
113,,1,板橋區,未滿15歲,0,14,不相關,0.0,男,結婚,專科,相同性別,0
113,,1,板橋區,未滿15歲,0,14,不相關,0.0,男,結婚,碩士,不同性別,0
113,,1,板橋區,未滿15歲,0,14,不相關,0.0,男,結婚,碩士,相同性別,0
113,,1,板橋區,未滿15歲,0,14,不相關,0.0,男,結婚,高中職,不同性別,0
113,,1,板橋區,未滿15歲,0,14,不相關,0.0,男,結婚,高中職,相同性別,0
113,,1,板橋區,15～19歲,15,19,部分重疊,0.4,女,結婚,博士,不同性別,0
113,,1,板橋區,15～19歲,15,19,部分重疊,0.4,女,結婚,博士,相同性別,0
113,,1,板橋區,15～19歲,15,19,部分重疊,0.4,女,結婚,國中,不同性別,17
113,,1,板橋區,15～19歲,15,19,部分重疊,0.4,女,結婚,國中,相同性別,0
113,,1,板橋區,15～19歲,15,19,部分重疊,0.4,女,結婚,國小以下,不同性別,2
113,,1,板橋區,15～19歲,15,19,部分重疊,0.4,女,結婚,國小以下,相同性別,0
113,,1,板橋區,15～19歲,15,19,部分重疊,0.4,女,結婚,大學,不同性別,0
113,,1,板橋區,15～19歲,15,19,部分重疊,0.4,女,結婚,大學,相同性別,0
113,,1,板橋區,15～19歲,15,19,部分重疊,0.4,女,結婚,專科,不同性別,0
113,,1,板橋區,15～19歲,15,19,部分重疊,0.4,女,結婚,專科,相同性別,0
113,,1,板橋區,15～19歲,15,19,部分重疊,0.4,女,結婚,碩士,不同性別,0
113,,1,板橋區,15～19歲,15,19,部分重疊,0.4,女,結婚,碩士,相同性別,0
113,,1,板橋區,15～19歲,15,19,部分重疊,0.4,女,結婚,高中職,不同性別,9
113,,1,板橋區,15～19歲,15,19,部分重疊,0.4,女,結婚,高中職,相同性別,0
113,,1,板橋區,15～19歲,15,19,部分重疊,0.4,男,結婚,博士,不同性別,0
113,,1,板橋區,15～19歲,15,19,部分重疊,0.4,男,結婚,博士,相同性別,0
113,,1,板橋區,15～19歲,15,19,部分重疊,0.4,男,結婚,國中,不同性別,8
113,,1,板橋區,15～19歲,15,19,部分重疊,0.4,男,結婚,國中,相同性別,0
113,,1,板橋區,15～19歲,15,19,部分重疊,0.4,男,結婚,國小以下,不同性別,0
113,,1,板橋區,15～19歲,15,19,部分重疊,0.4,男,結婚,國小以下,相同性別,0
113,,1,板橋區,15～19歲,15,19,部分重疊,0.4,男,結婚,大學,不同性別,0
113,,1,板橋區,15～19歲,15,19,部分重疊,0.4,男,結婚,大學,相同性別,0
113,,1,板橋區,15～19歲,15,19,部分重疊,0.4,男,結婚,專科,不同性別,0
113,,1,板橋區,15～19歲,15,19,部分重疊,0.4,男,結婚,專科,相同性別,0
113,,1,板橋區,15～19歲,15,19,部分重疊,0.4,男,結婚,碩士,不同性別,0
113,,1,板橋區,15～19歲,15,19,部分重疊,0.4,男,結婚,碩士,相同性別,0
113,,1,板橋區,15～19歲,15,19,部分重疊,0.4,男,結婚,高中職,不同性別,1
113,,1,板橋區,15～19歲,15,19,部分重疊,0.4,男,結婚,高中職,相同性別,0
113,,1,板橋區,20～24歲,20,24,完全落入,1.0,女,結婚,博士,不同性別,0
113,,1,板橋區,20～24歲,20,24,完全落入,1.0,女,結婚,博士,相同性別,0
113,,1,板橋區,20～24歲,20,24,完全落入,1.0,女,結婚,國中,不同性別,40
113,,1,板橋區,20～24歲,20,24,完全落入,1.0,女,結婚,國中,相同性別,2
113,,1,板橋區,20～24歲,20,24,完全落入,1.0,女,結婚,國小以下,不同性別,5
113,,1,板橋區,20～24歲,20,24,完全落入,1.0,女,結婚,國小以下,相同性別,0
113,,1,板橋區,20～24歲,20,24,完全落入,1.0,女,結婚,大學,不同性別,47
113,,1,板橋區,20～24歲,20,24,完全落入,1.0,女,結婚,大學,相同性別,0
113,,1,板橋區,20～24歲,20,24,完全落入,1.0,女,結婚,專科,不同性別,11
113,,1,板橋區,20～24歲,20,24,完全落入,1.0,女,結婚,專科,相同性別,0
113,,1,板橋區,20～24歲,20,24,完全落入,1.0,女,結婚,碩士,不同性別,0
113,,1,板橋區,20～24歲,20,24,完全落入,1.0,女,結婚,碩士,相同性別,0
113,,1,板橋區,20～24歲,20,24,完全落入,1.0,女,結婚,高中職,不同性別,69
113,,1,板橋區,20～24歲,20,24,完全落入,1.0,女,結婚,高中職,相同性別,0
113,,1,板橋區,20～24歲,20,24,完全落入,1.0,男,結婚,博士,不同性別,0
113,,1,板橋區,20～24歲,20,24,完全落入,1.0,男,結婚,博士,相同性別,0
113,,1,板橋區,20～24歲,20,24,完全落入,1.0,男,結婚,國中,不同性別,33
113,,1,板橋區,20～24歲,20,24,完全落入,1.0,男,結婚,國中,相同性別,0
113,,1,板橋區,20～24歲,20,24,完全落入,1.0,男,結婚,國小以下,不同性別,0
113,,1,板橋區,20～24歲,20,24,完全落入,1.0,男,結婚,國小以下,相同性別,0
113,,1,板橋區,20～24歲,20,24,完全落入,1.0,男,結婚,大學,不同性別,15
113,,1,板橋區,20～24歲,20,24,完全落入,1.0,男,結婚,大學,相同性別,0
113,,1,板橋區,20～24歲,20,24,完全落入,1.0,男,結婚,專科,不同性別,7
113,,1,板橋區,20～24歲,20,24,完全落入,1.0,男,結婚,專科,相同性別,0
113,,1,板橋區,20～24歲,20,24,完全落入,1.0,男,結婚,碩士,不同性別,0
113,,1,板橋區,20～24歲,20,24,完全落入,1.0,男,結婚,碩士,相同性別,0
113,,1,板橋區,20～24歲,20,24,完全落入,1.0,男,結婚,高中職,不同性別,41
113,,1,板橋區,20～24歲,20,24,完全落入,1.0,男,結婚,高中職,相同性別,0
113,,1,板橋區,25～29歲,25,29,完全落入,1.0,女,結婚,博士,不同性別,0
113,,1,板橋區,25～29歲,25,29,完全落入,1.0,女,結婚,博士,相同性別,0
113,,1,板橋區,25～29歲,25,29,完全落入,1.0,女,結婚,國中,不同性別,50
113,,1,板橋區,25～29歲,25,29,完全落入,1.0,女,結婚,國中,相同性別,1
113,,1,板橋區,25～29歲,25,29,完全落入,1.0,女,結婚,國小以下,不同性別,4
113,,1,板橋區,25～29歲,25,29,完全落入,1.0,女,結婚,國小以下,相同性別,1
113,,1,板橋區,25～29歲,25,29,完全落入,1.0,女,結婚,大學,不同性別,469
113,,1,板橋區,25～29歲,25,29,完全落入,1.0,女,結婚,大學,相同性別,5
113,,1,板橋區,25～29歲,25,29,完全落入,1.0,女,結婚,專科,不同性別,27
113,,1,板橋區,25～29歲,25,29,完全落入,1.0,女,結婚,專科,相同性別,0
113,,1,板橋區,25～29歲,25,29,完全落入,1.0,女,結婚,碩士,不同性別,61
113,,1,板橋區,25～29歲,25,29,完全落入,1.0,女,結婚,碩士,相同性別,0
113,,1,板橋區,25～29歲,25,29,完全落入,1.0,女,結婚,高中職,不同性別,146
113,,1,板橋區,25～29歲,25,29,完全落入,1.0,女,結婚,高中職,相同性別,1
113,,1,板橋區,25～29歲,25,29,完全落入,1.0,男,結婚,博士,不同性別,0
113,,1,板橋區,25～29歲,25,29,完全落入,1.0,男,結婚,博士,相同性別,0
113,,1,板橋區,25～29歲,25,29,完全落入,1.0,男,結婚,國中,不同性別,48
113,,1,板橋區,25～29歲,25,29,完全落入,1.0,男,結婚,國中,相同性別,0
113,,1,板橋區,25～29歲,25,29,完全落入,1.0,男,結婚,國小以下,不同性別,2
113,,1,板橋區,25～29歲,25,29,完全落入,1.0,男,結婚,國小以下,相同性別,0
113,,1,板橋區,25～29歲,25,29,完全落入,1.0,男,結婚,大學,不同性別,276
113,,1,板橋區,25～29歲,25,29,完全落入,1.0,男,結婚,大學,相同性別,5
113,,1,板橋區,25～29歲,25,29,完全落入,1.0,男,結婚,專科,不同性別,16
113,,1,板橋區,25～29歲,25,29,完全落入,1.0,男,結婚,專科,相同性別,0
113,,1,板橋區,25～29歲,25,29,完全落入,1.0,男,結婚,碩士,不同性別,68
113,,1,板橋區,25～29歲,25,29,完全落入,1.0,男,結婚,碩士,相同性別,0
113,,1,板橋區,25～29歲,25,29,完全落入,1.0,男,結婚,高中職,不同性別,135
113,,1,板橋區,25～29歲,25,29,完全落入,1.0,男,結婚,高中職,相同性別,1
113,,1,板橋區,30～34歲,30,34,完全落入,1.0,女,結婚,博士,不同性別,1
113,,1,板橋區,30～34歲,30,34,完全落入,1.0,女,結婚,博士,相同性別,0
113,,1,板橋區,30～34歲,30,34,完全落入,1.0,女,結婚,國中,不同性別,23
113,,1,板橋區,30～34歲,30,34,完全落入,1.0,女,結婚,國中,相同性別,3
113,,1,板橋區,30～34歲,30,34,完全落入,1.0,女,結婚,國小以下,不同性別,6
113,,1,板橋區,30～34歲,30,34,完全落入,1.0,女,結婚,國小以下,相同性別,0
113,,1,板橋區,30～34歲,30,34,完全落入,1.0,女,結婚,大學,不同性別,609
113,,1,板橋區,30～34歲,30,34,完全落入,1.0,女,結婚,大學,相同性別,10
113,,1,板橋區,30～34歲,30,34,完全落入,1.0,女,結婚,專科,不同性別,31
113,,1,板橋區,30～34歲,30,34,完全落入,1.0,女,結婚,專科,相同性別,0
113,,1,板橋區,30～34歲,30,34,完全落入,1.0,女,結婚,碩士,不同性別,166
113,,1,板橋區,30～34歲,30,34,完全落入,1.0,女,結婚,碩士,相同性別,1
113,,1,板橋區,30～34歲,30,34,完全落入,1.0,女,結婚,高中職,不同性別,139
113,,1,板橋區,30～34歲,30,34,完全落入,1.0,女,結婚,高中職,相同性別,7
113,,1,板橋區,30～34歲,30,34,完全落入,1.0,男,結婚,博士,不同性別,5
113,,1,板橋區,30～34歲,30,34,完全落入,1.0,男,結婚,博士,相同性別,0
113,,1,板橋區,30～34歲,30,34,完全落入,1.0,男,結婚,國中,不同性別,50
113,,1,板橋區,30～34歲,30,34,完全落入,1.0,男,結婚,國中,相同性別,1
113,,1,板橋區,30～34歲,30,34,完全落入,1.0,男,結婚,國小以下,不同性別,0
113,,1,板橋區,30～34歲,30,34,完全落入,1.0,男,結婚,國小以下,相同性別,0
113,,1,板橋區,30～34歲,30,34,完全落入,1.0,男,結婚,大學,不同性別,456
113,,1,板橋區,30～34歲,30,34,完全落入,1.0,男,結婚,大學,相同性別,6
113,,1,板橋區,30～34歲,30,34,完全落入,1.0,男,結婚,專科,不同性別,35
113,,1,板橋區,30～34歲,30,34,完全落入,1.0,男,結婚,專科,相同性別,1
113,,1,板橋區,30～34歲,30,34,完全落入,1.0,男,結婚,碩士,不同性別,202
113,,1,板橋區,30～34歲,30,34,完全落入,1.0,男,結婚,碩士,相同性別,2
113,,1,板橋區,30～34歲,30,34,完全落入,1.0,男,結婚,高中職,不同性別,176
113,,1,板橋區,30～34歲,30,34,完全落入,1.0,男,結婚,高中職,相同性別,4
113,,1,板橋區,35～39歲,35,39,部分重疊,0.2,女,結婚,博士,不同性別,1
113,,1,板橋區,35～39歲,35,39,部分重疊,0.2,女,結婚,博士,相同性別,0
113,,1,板橋區,35～39歲,35,39,部分重疊,0.2,女,結婚,國中,不同性別,46
113,,1,板橋區,35～39歲,35,39,部分重疊,0.2,女,結婚,國中,相同性別,5
113,,1,板橋區,35～39歲,35,39,部分重疊,0.2,女,結婚,國小以下,不同性別,7
113,,1,板橋區,35～39歲,35,39,部分重疊,0.2,女,結婚,國小以下,相同性別,0
113,,1,板橋區,35～39歲,35,39,部分重疊,0.2,女,結婚,大學,不同性別,236
113,,1,板橋區,35～39歲,35,39,部分重疊,0.2,女,結婚,大學,相同性別,11
113,,1,板橋區,35～39歲,35,39,部分重疊,0.2,女,結婚,專科,不同性別,24
113,,1,板橋區,35～39歲,35,39,部分重疊,0.2,女,結婚,專科,相同性別,4
113,,1,板橋區,35～39歲,35,39,部分重疊,0.2,女,結婚,碩士,不同性別,64
113,,1,板橋區,35～39歲,35,39,部分重疊,0.2,女,結婚,碩士,相同性別,3
113,,1,板橋區,35～39歲,35,39,部分重疊,0.2,女,結婚,高中職,不同性別,71
113,,1,板橋區,35～39歲,35,39,部分重疊,0.2,女,結婚,高中職,相同性別,5
113,,1,板橋區,35～39歲,35,39,部分重疊,0.2,男,結婚,博士,不同性別,5
113,,1,板橋區,35～39歲,35,39,部分重疊,0.2,男,結婚,博士,相同性別,0
113,,1,板橋區,35～39歲,35,39,部分重疊,0.2,男,結婚,國中,不同性別,31
113,,1,板橋區,35～39歲,35,39,部分重疊,0.2,男,結婚,國中,相同性別,1
113,,1,板橋區,35～39歲,35,39,部分重疊,0.2,男,結婚,國小以下,不同性別,3
113,,1,板橋區,35～39歲,35,39,部分重疊,0.2,男,結婚,國小以下,相同性別,0
113,,1,板橋區,35～39歲,35,39,部分重疊,0.2,男,結婚,大學,不同性別,276
113,,1,板橋區,35～39歲,35,39,部分重疊,0.2,男,結婚,大學,相同性別,8
113,,1,板橋區,35～39歲,35,39,部分重疊,0.2,男,結婚,專科,不同性別,23
113,,1,板橋區,35～39歲,35,39,部分重疊,0.2,男,結婚,專科,相同性別,1
113,,1,板橋區,35～39歲,35,39,部分重疊,0.2,男,結婚,碩士,不同性別,113
113,,1,板橋區,35～39歲,35,39,部分重疊,0.2,男,結婚,碩士,相同性別,4
113,,1,板橋區,35～39歲,35,39,部分重疊,0.2,男,結婚,高中職,不同性別,101
113,,1,板橋區,35～39歲,35,39,部分重疊,0.2,男,結婚,高中職,相同性別,1
113,,1,板橋區,40～44歲,40,44,不相關,0.0,女,結婚,博士,不同性別,0
113,,1,板橋區,40～44歲,40,44,不相關,0.0,女,結婚,博士,相同性別,0
113,,1,板橋區,40～44歲,40,44,不相關,0.0,女,結婚,國中,不同性別,23
113,,1,板橋區,40～44歲,40,44,不相關,0.0,女,結婚,國中,相同性別,2
113,,1,板橋區,40～44歲,40,44,不相關,0.0,女,結婚,國小以下,不同性別,6
113,,1,板橋區,40～44歲,40,44,不相關,0.0,女,結婚,國小以下,相同性別,0
113,,1,板橋區,40～44歲,40,44,不相關,0.0,女,結婚,大學,不同性別,66
113,,1,板橋區,40～44歲,40,44,不相關,0.0,女,結婚,大學,相同性別,2
113,,1,板橋區,40～44歲,40,44,不相關,0.0,女,結婚,專科,不同性別,22
113,,1,板橋區,40～44歲,40,44,不相關,0.0,女,結婚,專科,相同性別,3
113,,1,板橋區,40～44歲,40,44,不相關,0.0,女,結婚,碩士,不同性別,16
113,,1,板橋區,40～44歲,40,44,不相關,0.0,女,結婚,碩士,相同性別,1
113,,1,板橋區,40～44歲,40,44,不相關,0.0,女,結婚,高中職,不同性別,52
113,,1,板橋區,40～44歲,40,44,不相關,0.0,女,結婚,高中職,相同性別,4
113,,1,板橋區,40～44歲,40,44,不相關,0.0,男,結婚,博士,不同性別,3
113,,1,板橋區,40～44歲,40,44,不相關,0.0,男,結婚,博士,相同性別,0
113,,1,板橋區,40～44歲,40,44,不相關,0.0,男,結婚,國中,不同性別,28
113,,1,板橋區,40～44歲,40,44,不相關,0.0,男,結婚,國中,相同性別,0
113,,1,板橋區,40～44歲,40,44,不相關,0.0,男,結婚,國小以下,不同性別,2
113,,1,板橋區,40～44歲,40,44,不相關,0.0,男,結婚,國小以下,相同性別,0
113,,1,板橋區,40～44歲,40,44,不相關,0.0,男,結婚,大學,不同性別,102
113,,1,板橋區,40～44歲,40,44,不相關,0.0,男,結婚,大學,相同性別,3
113,,1,板橋區,40～44歲,40,44,不相關,0.0,男,結婚,專科,不同性別,41
113,,1,板橋區,40～44歲,40,44,不相關,0.0,男,結婚,專科,相同性別,0
113,,1,板橋區,40～44歲,40,44,不相關,0.0,男,結婚,碩士,不同性別,75
113,,1,板橋區,40～44歲,40,44,不相關,0.0,男,結婚,碩士,相同性別,2
113,,1,板橋區,40～44歲,40,44,不相關,0.0,男,結婚,高中職,不同性別,75
113,,1,板橋區,40～44歲,40,44,不相關,0.0,男,結婚,高中職,相同性別,3
113,,1,板橋區,45～49歲,45,49,不相關,0.0,女,結婚,博士,不同性別,2
113,,1,板橋區,45～49歲,45,49,不相關,0.0,女,結婚,博士,相同性別,0
113,,1,板橋區,45～49歲,45,49,不相關,0.0,女,結婚,國中,不同性別,14
113,,1,板橋區,45～49歲,45,49,不相關,0.0,女,結婚,國中,相同性別,0
113,,1,板橋區,45～49歲,45,49,不相關,0.0,女,結婚,國小以下,不同性別,6
113,,1,板橋區,45～49歲,45,49,不相關,0.0,女,結婚,國小以下,相同性別,0
113,,1,板橋區,45～49歲,45,49,不相關,0.0,女,結婚,大學,不同性別,24
113,,1,板橋區,45～49歲,45,49,不相關,0.0,女,結婚,大學,相同性別,1
113,,1,板橋區,45～49歲,45,49,不相關,0.0,女,結婚,專科,不同性別,12
113,,1,板橋區,45～49歲,45,49,不相關,0.0,女,結婚,專科,相同性別,1
113,,1,板橋區,45～49歲,45,49,不相關,0.0,女,結婚,碩士,不同性別,7
113,,1,板橋區,45～49歲,45,49,不相關,0.0,女,結婚,碩士,相同性別,0
113,,1,板橋區,45～49歲,45,49,不相關,0.0,女,結婚,高中職,不同性別,39
113,,1,板橋區,45～49歲,45,49,不相關,0.0,女,結婚,高中職,相同性別,1
113,,1,板橋區,45～49歲,45,49,不相關,0.0,男,結婚,博士,不同性別,1
113,,1,板橋區,45～49歲,45,49,不相關,0.0,男,結婚,博士,相同性別,1
113,,1,板橋區,45～49歲,45,49,不相關,0.0,男,結婚,國中,不同性別,13
113,,1,板橋區,45～49歲,45,49,不相關,0.0,男,結婚,國中,相同性別,0
113,,1,板橋區,45～49歲,45,49,不相關,0.0,男,結婚,國小以下,不同性別,1
113,,1,板橋區,45～49歲,45,49,不相關,0.0,男,結婚,國小以下,相同性別,0
113,,1,板橋區,45～49歲,45,49,不相關,0.0,男,結婚,大學,不同性別,42
113,,1,板橋區,45～49歲,45,49,不相關,0.0,男,結婚,大學,相同性別,1
113,,1,板橋區,45～49歲,45,49,不相關,0.0,男,結婚,專科,不同性別,26
113,,1,板橋區,45～49歲,45,49,不相關,0.0,男,結婚,專科,相同性別,1
113,,1,板橋區,45～49歲,45,49,不相關,0.0,男,結婚,碩士,不同性別,12
113,,1,板橋區,45～49歲,45,49,不相關,0.0,男,結婚,碩士,相同性別,0
113,,1,板橋區,45～49歲,45,49,不相關,0.0,男,結婚,高中職,不同性別,48
113,,1,板橋區,45～49歲,45,49,不相關,0.0,男,結婚,高中職,相同性別,1
113,,1,板橋區,50～54歲,50,54,不相關,0.0,女,結婚,博士,不同性別,0
113,,1,板橋區,50～54歲,50,54,不相關,0.0,女,結婚,博士,相同性別,0
113,,1,板橋區,50～54歲,50,54,不相關,0.0,女,結婚,國中,不同性別,9
113,,1,板橋區,50～54歲,50,54,不相關,0.0,女,結婚,國中,相同性別,0
113,,1,板橋區,50～54歲,50,54,不相關,0.0,女,結婚,國小以下,不同性別,2
113,,1,板橋區,50～54歲,50,54,不相關,0.0,女,結婚,國小以下,相同性別,0
113,,1,板橋區,50～54歲,50,54,不相關,0.0,女,結婚,大學,不同性別,6
113,,1,板橋區,50～54歲,50,54,不相關,0.0,女,結婚,大學,相同性別,0
113,,1,板橋區,50～54歲,50,54,不相關,0.0,女,結婚,專科,不同性別,12
113,,1,板橋區,50～54歲,50,54,不相關,0.0,女,結婚,專科,相同性別,0
113,,1,板橋區,50～54歲,50,54,不相關,0.0,女,結婚,碩士,不同性別,4
113,,1,板橋區,50～54歲,50,54,不相關,0.0,女,結婚,碩士,相同性別,0
113,,1,板橋區,50～54歲,50,54,不相關,0.0,女,結婚,高中職,不同性別,18
113,,1,板橋區,50～54歲,50,54,不相關,0.0,女,結婚,高中職,相同性別,2
113,,1,板橋區,50～54歲,50,54,不相關,0.0,男,結婚,博士,不同性別,2
113,,1,板橋區,50～54歲,50,54,不相關,0.0,男,結婚,博士,相同性別,1
113,,1,板橋區,50～54歲,50,54,不相關,0.0,男,結婚,國中,不同性別,12
113,,1,板橋區,50～54歲,50,54,不相關,0.0,男,結婚,國中,相同性別,0
113,,1,板橋區,50～54歲,50,54,不相關,0.0,男,結婚,國小以下,不同性別,1
113,,1,板橋區,50～54歲,50,54,不相關,0.0,男,結婚,國小以下,相同性別,0
113,,1,板橋區,50～54歲,50,54,不相關,0.0,男,結婚,大學,不同性別,10
113,,1,板橋區,50～54歲,50,54,不相關,0.0,男,結婚,大學,相同性別,0
113,,1,板橋區,50～54歲,50,54,不相關,0.0,男,結婚,專科,不同性別,19
113,,1,板橋區,50～54歲,50,54,不相關,0.0,男,結婚,專科,相同性別,0
113,,1,板橋區,50～54歲,50,54,不相關,0.0,男,結婚,碩士,不同性別,11
113,,1,板橋區,50～54歲,50,54,不相關,0.0,男,結婚,碩士,相同性別,0
113,,1,板橋區,50～54歲,50,54,不相關,0.0,男,結婚,高中職,不同性別,23
113,,1,板橋區,50～54歲,50,54,不相關,0.0,男,結婚,高中職,相同性別,1
113,,1,板橋區,55～59歲,55,59,不相關,0.0,女,結婚,博士,不同性別,0
113,,1,板橋區,55～59歲,55,59,不相關,0.0,女,結婚,博士,相同性別,0
113,,1,板橋區,55～59歲,55,59,不相關,0.0,女,結婚,國中,不同性別,1
113,,1,板橋區,55～59歲,55,59,不相關,0.0,女,結婚,國中,相同性別,0
113,,1,板橋區,55～59歲,55,59,不相關,0.0,女,結婚,國小以下,不同性別,3
113,,1,板橋區,55～59歲,55,59,不相關,0.0,女,結婚,國小以下,相同性別,0
113,,1,板橋區,55～59歲,55,59,不相關,0.0,女,結婚,大學,不同性別,2
113,,1,板橋區,55～59歲,55,59,不相關,0.0,女,結婚,大學,相同性別,0
113,,1,板橋區,55～59歲,55,59,不相關,0.0,女,結婚,專科,不同性別,5
113,,1,板橋區,55～59歲,55,59,不相關,0.0,女,結婚,專科,相同性別,0
113,,1,板橋區,55～59歲,55,59,不相關,0.0,女,結婚,碩士,不同性別,0
113,,1,板橋區,55～59歲,55,59,不相關,0.0,女,結婚,碩士,相同性別,0
113,,1,板橋區,55～59歲,55,59,不相關,0.0,女,結婚,高中職,不同性別,14
113,,1,板橋區,55～59歲,55,59,不相關,0.0,女,結婚,高中職,相同性別,0
113,,1,板橋區,55～59歲,55,59,不相關,0.0,男,結婚,博士,不同性別,0
113,,1,板橋區,55～59歲,55,59,不相關,0.0,男,結婚,博士,相同性別,0
113,,1,板橋區,55～59歲,55,59,不相關,0.0,男,結婚,國中,不同性別,8
113,,1,板橋區,55～59歲,55,59,不相關,0.0,男,結婚,國中,相同性別,0
113,,1,板橋區,55～59歲,55,59,不相關,0.0,男,結婚,國小以下,不同性別,0
113,,1,板橋區,55～59歲,55,59,不相關,0.0,男,結婚,國小以下,相同性別,0
113,,1,板橋區,55～59歲,55,59,不相關,0.0,男,結婚,大學,不同性別,6
113,,1,板橋區,55～59歲,55,59,不相關,0.0,男,結婚,大學,相同性別,1
113,,1,板橋區,55～59歲,55,59,不相關,0.0,男,結婚,專科,不同性別,11
113,,1,板橋區,55～59歲,55,59,不相關,0.0,男,結婚,專科,相同性別,1
113,,1,板橋區,55～59歲,55,59,不相關,0.0,男,結婚,碩士,不同性別,3
113,,1,板橋區,55～59歲,55,59,不相關,0.0,男,結婚,碩士,相同性別,0
113,,1,板橋區,55～59歲,55,59,不相關,0.0,男,結婚,高中職,不同性別,17
113,,1,板橋區,55～59歲,55,59,不相關,0.0,男,結婚,高中職,相同性別,0
113,,1,板橋區,60～64歲,60,64,不相關,0.0,女,結婚,博士,不同性別,0
113,,1,板橋區,60～64歲,60,64,不相關,0.0,女,結婚,博士,相同性別,0
113,,1,板橋區,60～64歲,60,64,不相關,0.0,女,結婚,國中,不同性別,4
113,,1,板橋區,60～64歲,60,64,不相關,0.0,女,結婚,國中,相同性別,0
113,,1,板橋區,60～64歲,60,64,不相關,0.0,女,結婚,國小以下,不同性別,0
113,,1,板橋區,60～64歲,60,64,不相關,0.0,女,結婚,國小以下,相同性別,0
113,,1,板橋區,60～64歲,60,64,不相關,0.0,女,結婚,大學,不同性別,2
113,,1,板橋區,60～64歲,60,64,不相關,0.0,女,結婚,大學,相同性別,0
113,,1,板橋區,60～64歲,60,64,不相關,0.0,女,結婚,專科,不同性別,1
113,,1,板橋區,60～64歲,60,64,不相關,0.0,女,結婚,專科,相同性別,0
113,,1,板橋區,60～64歲,60,64,不相關,0.0,女,結婚,碩士,不同性別,1
113,,1,板橋區,60～64歲,60,64,不相關,0.0,女,結婚,碩士,相同性別,0
113,,1,板橋區,60～64歲,60,64,不相關,0.0,女,結婚,高中職,不同性別,6
113,,1,板橋區,60～64歲,60,64,不相關,0.0,女,結婚,高中職,相同性別,0
113,,1,板橋區,60～64歲,60,64,不相關,0.0,男,結婚,博士,不同性別,1
113,,1,板橋區,60～64歲,60,64,不相關,0.0,男,結婚,博士,相同性別,0
113,,1,板橋區,60～64歲,60,64,不相關,0.0,男,結婚,國中,不同性別,10
113,,1,板橋區,60～64歲,60,64,不相關,0.0,男,結婚,國中,相同性別,1
113,,1,板橋區,60～64歲,60,64,不相關,0.0,男,結婚,國小以下,不同性別,2
113,,1,板橋區,60～64歲,60,64,不相關,0.0,男,結婚,國小以下,相同性別,0
113,,1,板橋區,60～64歲,60,64,不相關,0.0,男,結婚,大學,不同性別,0
113,,1,板橋區,60～64歲,60,64,不相關,0.0,男,結婚,大學,相同性別,0
113,,1,板橋區,60～64歲,60,64,不相關,0.0,男,結婚,專科,不同性別,4
113,,1,板橋區,60～64歲,60,64,不相關,0.0,男,結婚,專科,相同性別,0
113,,1,板橋區,60～64歲,60,64,不相關,0.0,男,結婚,碩士,不同性別,1
113,,1,板橋區,60～64歲,60,64,不相關,0.0,男,結婚,碩士,相同性別,0
113,,1,板橋區,60～64歲,60,64,不相關,0.0,男,結婚,高中職,不同性別,11
113,,1,板橋區,60～64歲,60,64,不相關,0.0,男,結婚,高中職,相同性別,0
113,,1,板橋區,65歲以上,65,120,不相關,0.0,女,結婚,博士,不同性別,0
113,,1,板橋區,65歲以上,65,120,不相關,0.0,女,結婚,博士,相同性別,0
113,,1,板橋區,65歲以上,65,120,不相關,0.0,女,結婚,國中,不同性別,5
113,,1,板橋區,65歲以上,65,120,不相關,0.0,女,結婚,國中,相同性別,0
113,,1,板橋區,65歲以上,65,120,不相關,0.0,女,結婚,國小以下,不同性別,4
113,,1,板橋區,65歲以上,65,120,不相關,0.0,女,結婚,國小以下,相同性別,0
113,,1,板橋區,65歲以上,65,120,不相關,0.0,女,結婚,大學,不同性別,2
113,,1,板橋區,65歲以上,65,120,不相關,0.0,女,結婚,大學,相同性別,0
113,,1,板橋區,65歲以上,65,120,不相關,0.0,女,結婚,專科,不同性別,2
113,,1,板橋區,65歲以上,65,120,不相關,0.0,女,結婚,專科,相同性別,0
113,,1,板橋區,65歲以上,65,120,不相關,0.0,女,結婚,碩士,不同性別,0
113,,1,板橋區,65歲以上,65,120,不相關,0.0,女,結婚,碩士,相同性別,0
113,,1,板橋區,65歲以上,65,120,不相關,0.0,女,結婚,高中職,不同性別,4
113,,1,板橋區,65歲以上,65,120,不相關,0.0,女,結婚,高中職,相同性別,0
113,,1,板橋區,65歲以上,65,120,不相關,0.0,男,結婚,博士,不同性別,0
113,,1,板橋區,65歲以上,65,120,不相關,0.0,男,結婚,博士,相同性別,0
113,,1,板橋區,65歲以上,65,120,不相關,0.0,男,結婚,國中,不同性別,4
113,,1,板橋區,65歲以上,65,120,不相關,0.0,男,結婚,國中,相同性別,0
113,,1,板橋區,65歲以上,65,120,不相關,0.0,男,結婚,國小以下,不同性別,12
113,,1,板橋區,65歲以上,65,120,不相關,0.0,男,結婚,國小以下,相同性別,0
113,,1,板橋區,65歲以上,65,120,不相關,0.0,男,結婚,大學,不同性別,2
113,,1,板橋區,65歲以上,65,120,不相關,0.0,男,結婚,大學,相同性別,0
113,,1,板橋區,65歲以上,65,120,不相關,0.0,男,結婚,專科,不同性別,5
113,,1,板橋區,65歲以上,65,120,不相關,0.0,男,結婚,專科,相同性別,0
113,,1,板橋區,65歲以上,65,120,不相關,0.0,男,結婚,碩士,不同性別,2
113,,1,板橋區,65歲以上,65,120,不相關,0.0,男,結婚,碩士,相同性別,0
113,,1,板橋區,65歲以上,65,120,不相關,0.0,男,結婚,高中職,不同性別,5
113,,1,板橋區,65歲以上,65,120,不相關,0.0,男,結婚,高中職,相同性別,0
113,,2,三重區,未滿15歲,0,14,不相關,0.0,女,結婚,博士,不同性別,0
113,,2,三重區,未滿15歲,0,14,不相關,0.0,女,結婚,博士,相同性別,0
113,,2,三重區,未滿15歲,0,14,不相關,0.0,女,結婚,國中,不同性別,0
113,,2,三重區,未滿15歲,0,14,不相關,0.0,女,結婚,國中,相同性別,0
113,,2,三重區,未滿15歲,0,14,不相關,0.0,女,結婚,國小以下,不同性別,0
113,,2,三重區,未滿15歲,0,14,不相關,0.0,女,結婚,國小以下,相同性別,0
113,,2,三重區,未滿15歲,0,14,不相關,0.0,女,結婚,大學,不同性別,0
113,,2,三重區,未滿15歲,0,14,不相關,0.0,女,結婚,大學,相同性別,0
113,,2,三重區,未滿15歲,0,14,不相關,0.0,女,結婚,專科,不同性別,0
113,,2,三重區,未滿15歲,0,14,不相關,0.0,女,結婚,專科,相同性別,0
113,,2,三重區,未滿15歲,0,14,不相關,0.0,女,結婚,碩士,不同性別,0
113,,2,三重區,未滿15歲,0,14,不相關,0.0,女,結婚,碩士,相同性別,0
113,,2,三重區,未滿15歲,0,14,不相關,0.0,女,結婚,高中職,不同性別,0
113,,2,三重區,未滿15歲,0,14,不相關,0.0,女,結婚,高中職,相同性別,0
113,,2,三重區,未滿15歲,0,14,不相關,0.0,男,結婚,博士,不同性別,0
113,,2,三重區,未滿15歲,0,14,不相關,0.0,男,結婚,博士,相同性別,0
113,,2,三重區,未滿15歲,0,14,不相關,0.0,男,結婚,國中,不同性別,0
113,,2,三重區,未滿15歲,0,14,不相關,0.0,男,結婚,國中,相同性別,0
113,,2,三重區,未滿15歲,0,14,不相關,0.0,男,結婚,國小以下,不同性別,0
113,,2,三重區,未滿15歲,0,14,不相關,0.0,男,結婚,國小以下,相同性別,0
113,,2,三重區,未滿15歲,0,14,不相關,0.0,男,結婚,大學,不同性別,0
113,,2,三重區,未滿15歲,0,14,不相關,0.0,男,結婚,大學,相同性別,0
113,,2,三重區,未滿15歲,0,14,不相關,0.0,男,結婚,專科,不同性別,0
113,,2,三重區,未滿15歲,0,14,不相關,0.0,男,結婚,專科,相同性別,0
113,,2,三重區,未滿15歲,0,14,不相關,0.0,男,結婚,碩士,不同性別,0
113,,2,三重區,未滿15歲,0,14,不相關,0.0,男,結婚,碩士,相同性別,0
113,,2,三重區,未滿15歲,0,14,不相關,0.0,男,結婚,高中職,不同性別,0
113,,2,三重區,未滿15歲,0,14,不相關,0.0,男,結婚,高中職,相同性別,0
113,,2,三重區,15～19歲,15,19,部分重疊,0.4,女,結婚,博士,不同性別,0
113,,2,三重區,15～19歲,15,19,部分重疊,0.4,女,結婚,博士,相同性別,0
113,,2,三重區,15～19歲,15,19,部分重疊,0.4,女,結婚,國中,不同性別,18
113,,2,三重區,15～19歲,15,19,部分重疊,0.4,女,結婚,國中,相同性別,0
113,,2,三重區,15～19歲,15,19,部分重疊,0.4,女,結婚,國小以下,不同性別,1
113,,2,三重區,15～19歲,15,19,部分重疊,0.4,女,結婚,國小以下,相同性別,0
113,,2,三重區,15～19歲,15,19,部分重疊,0.4,女,結婚,大學,不同性別,0
113,,2,三重區,15～19歲,15,19,部分重疊,0.4,女,結婚,大學,相同性別,0
113,,2,三重區,15～19歲,15,19,部分重疊,0.4,女,結婚,專科,不同性別,0
113,,2,三重區,15～19歲,15,19,部分重疊,0.4,女,結婚,專科,相同性別,0
113,,2,三重區,15～19歲,15,19,部分重疊,0.4,女,結婚,碩士,不同性別,0
113,,2,三重區,15～19歲,15,19,部分重疊,0.4,女,結婚,碩士,相同性別,0
113,,2,三重區,15～19歲,15,19,部分重疊,0.4,女,結婚,高中職,不同性別,7
113,,2,三重區,15～19歲,15,19,部分重疊,0.4,女,結婚,高中職,相同性別,0
113,,2,三重區,15～19歲,15,19,部分重疊,0.4,男,結婚,博士,不同性別,0
113,,2,三重區,15～19歲,15,19,部分重疊,0.4,男,結婚,博士,相同性別,0
113,,2,三重區,15～19歲,15,19,部分重疊,0.4,男,結婚,國中,不同性別,8
113,,2,三重區,15～19歲,15,19,部分重疊,0.4,男,結婚,國中,相同性別,0
113,,2,三重區,15～19歲,15,19,部分重疊,0.4,男,結婚,國小以下,不同性別,0
113,,2,三重區,15～19歲,15,19,部分重疊,0.4,男,結婚,國小以下,相同性別,0
113,,2,三重區,15～19歲,15,19,部分重疊,0.4,男,結婚,大學,不同性別,0
113,,2,三重區,15～19歲,15,19,部分重疊,0.4,男,結婚,大學,相同性別,0
113,,2,三重區,15～19歲,15,19,部分重疊,0.4,男,結婚,專科,不同性別,0
113,,2,三重區,15～19歲,15,19,部分重疊,0.4,男,結婚,專科,相同性別,0
113,,2,三重區,15～19歲,15,19,部分重疊,0.4,男,結婚,碩士,不同性別,0
113,,2,三重區,15～19歲,15,19,部分重疊,0.4,男,結婚,碩士,相同性別,0
113,,2,三重區,15～19歲,15,19,部分重疊,0.4,男,結婚,高中職,不同性別,2
113,,2,三重區,15～19歲,15,19,部分重疊,0.4,男,結婚,高中職,相同性別,0
113,,2,三重區,20～24歲,20,24,完全落入,1.0,女,結婚,博士,不同性別,0
113,,2,三重區,20～24歲,20,24,完全落入,1.0,女,結婚,博士,相同性別,0
113,,2,三重區,20～24歲,20,24,完全落入,1.0,女,結婚,國中,不同性別,36
113,,2,三重區,20～24歲,20,24,完全落入,1.0,女,結婚,國中,相同性別,0
113,,2,三重區,20～24歲,20,24,完全落入,1.0,女,結婚,國小以下,不同性別,2
113,,2,三重區,20～24歲,20,24,完全落入,1.0,女,結婚,國小以下,相同性別,0
113,,2,三重區,20～24歲,20,24,完全落入,1.0,女,結婚,大學,不同性別,25
113,,2,三重區,20～24歲,20,24,完全落入,1.0,女,結婚,大學,相同性別,0
113,,2,三重區,20～24歲,20,24,完全落入,1.0,女,結婚,專科,不同性別,3
113,,2,三重區,20～24歲,20,24,完全落入,1.0,女,結婚,專科,相同性別,0
113,,2,三重區,20～24歲,20,24,完全落入,1.0,女,結婚,碩士,不同性別,1
113,,2,三重區,20～24歲,20,24,完全落入,1.0,女,結婚,碩士,相同性別,0
113,,2,三重區,20～24歲,20,24,完全落入,1.0,女,結婚,高中職,不同性別,74
113,,2,三重區,20～24歲,20,24,完全落入,1.0,女,結婚,高中職,相同性別,7
113,,2,三重區,20～24歲,20,24,完全落入,1.0,男,結婚,博士,不同性別,0
113,,2,三重區,20～24歲,20,24,完全落入,1.0,男,結婚,博士,相同性別,0
113,,2,三重區,20～24歲,20,24,完全落入,1.0,男,結婚,國中,不同性別,32
113,,2,三重區,20～24歲,20,24,完全落入,1.0,男,結婚,國中,相同性別,0
113,,2,三重區,20～24歲,20,24,完全落入,1.0,男,結婚,國小以下,不同性別,0
113,,2,三重區,20～24歲,20,24,完全落入,1.0,男,結婚,國小以下,相同性別,0
113,,2,三重區,20～24歲,20,24,完全落入,1.0,男,結婚,大學,不同性別,11
113,,2,三重區,20～24歲,20,24,完全落入,1.0,男,結婚,大學,相同性別,0
113,,2,三重區,20～24歲,20,24,完全落入,1.0,男,結婚,專科,不同性別,1
113,,2,三重區,20～24歲,20,24,完全落入,1.0,男,結婚,專科,相同性別,0
113,,2,三重區,20～24歲,20,24,完全落入,1.0,男,結婚,碩士,不同性別,1
113,,2,三重區,20～24歲,20,24,完全落入,1.0,男,結婚,碩士,相同性別,0
113,,2,三重區,20～24歲,20,24,完全落入,1.0,男,結婚,高中職,不同性別,37
113,,2,三重區,20～24歲,20,24,完全落入,1.0,男,結婚,高中職,相同性別,1
113,,2,三重區,25～29歲,25,29,完全落入,1.0,女,結婚,博士,不同性別,1
113,,2,三重區,25～29歲,25,29,完全落入,1.0,女,結婚,博士,相同性別,0
113,,2,三重區,25～29歲,25,29,完全落入,1.0,女,結婚,國中,不同性別,38
113,,2,三重區,25～29歲,25,29,完全落入,1.0,女,結婚,國中,相同性別,3
113,,2,三重區,25～29歲,25,29,完全落入,1.0,女,結婚,國小以下,不同性別,3
113,,2,三重區,25～29歲,25,29,完全落入,1.0,女,結婚,國小以下,相同性別,0
113,,2,三重區,25～29歲,25,29,完全落入,1.0,女,結婚,大學,不同性別,292
113,,2,三重區,25～29歲,25,29,完全落入,1.0,女,結婚,大學,相同性別,6
113,,2,三重區,25～29歲,25,29,完全落入,1.0,女,結婚,專科,不同性別,16
113,,2,三重區,25～29歲,25,29,完全落入,1.0,女,結婚,專科,相同性別,1
113,,2,三重區,25～29歲,25,29,完全落入,1.0,女,結婚,碩士,不同性別,28
113,,2,三重區,25～29歲,25,29,完全落入,1.0,女,結婚,碩士,相同性別,1
113,,2,三重區,25～29歲,25,29,完全落入,1.0,女,結婚,高中職,不同性別,107
113,,2,三重區,25～29歲,25,29,完全落入,1.0,女,結婚,高中職,相同性別,5
113,,2,三重區,25～29歲,25,29,完全落入,1.0,男,結婚,博士,不同性別,0
113,,2,三重區,25～29歲,25,29,完全落入,1.0,男,結婚,博士,相同性別,0
113,,2,三重區,25～29歲,25,29,完全落入,1.0,男,結婚,國中,不同性別,46
113,,2,三重區,25～29歲,25,29,完全落入,1.0,男,結婚,國中,相同性別,2
113,,2,三重區,25～29歲,25,29,完全落入,1.0,男,結婚,國小以下,不同性別,2
113,,2,三重區,25～29歲,25,29,完全落入,1.0,男,結婚,國小以下,相同性別,0
113,,2,三重區,25～29歲,25,29,完全落入,1.0,男,結婚,大學,不同性別,172
113,,2,三重區,25～29歲,25,29,完全落入,1.0,男,結婚,大學,相同性別,4
113,,2,三重區,25～29歲,25,29,完全落入,1.0,男,結婚,專科,不同性別,10
113,,2,三重區,25～29歲,25,29,完全落入,1.0,男,結婚,專科,相同性別,0
113,,2,三重區,25～29歲,25,29,完全落入,1.0,男,結婚,碩士,不同性別,26
113,,2,三重區,25～29歲,25,29,完全落入,1.0,男,結婚,碩士,相同性別,0
113,,2,三重區,25～29歲,25,29,完全落入,1.0,男,結婚,高中職,不同性別,99
113,,2,三重區,25～29歲,25,29,完全落入,1.0,男,結婚,高中職,相同性別,1
113,,2,三重區,30～34歲,30,34,完全落入,1.0,女,結婚,博士,不同性別,2
113,,2,三重區,30～34歲,30,34,完全落入,1.0,女,結婚,博士,相同性別,0
113,,2,三重區,30～34歲,30,34,完全落入,1.0,女,結婚,國中,不同性別,34
113,,2,三重區,30～34歲,30,34,完全落入,1.0,女,結婚,國中,相同性別,1
113,,2,三重區,30～34歲,30,34,完全落入,1.0,女,結婚,國小以下,不同性別,4
113,,2,三重區,30～34歲,30,34,完全落入,1.0,女,結婚,國小以下,相同性別,0
113,,2,三重區,30～34歲,30,34,完全落入,1.0,女,結婚,大學,不同性別,404
113,,2,三重區,30～34歲,30,34,完全落入,1.0,女,結婚,大學,相同性別,11
113,,2,三重區,30～34歲,30,34,完全落入,1.0,女,結婚,專科,不同性別,21
113,,2,三重區,30～34歲,30,34,完全落入,1.0,女,結婚,專科,相同性別,1
113,,2,三重區,30～34歲,30,34,完全落入,1.0,女,結婚,碩士,不同性別,67
113,,2,三重區,30～34歲,30,34,完全落入,1.0,女,結婚,碩士,相同性別,0
113,,2,三重區,30～34歲,30,34,完全落入,1.0,女,結婚,高中職,不同性別,109
113,,2,三重區,30～34歲,30,34,完全落入,1.0,女,結婚,高中職,相同性別,3
113,,2,三重區,30～34歲,30,34,完全落入,1.0,男,結婚,博士,不同性別,2
113,,2,三重區,30～34歲,30,34,完全落入,1.0,男,結婚,博士,相同性別,0
113,,2,三重區,30～34歲,30,34,完全落入,1.0,男,結婚,國中,不同性別,34
113,,2,三重區,30～34歲,30,34,完全落入,1.0,男,結婚,國中,相同性別,0
113,,2,三重區,30～34歲,30,34,完全落入,1.0,男,結婚,國小以下,不同性別,1
113,,2,三重區,30～34歲,30,34,完全落入,1.0,男,結婚,國小以下,相同性別,1
113,,2,三重區,30～34歲,30,34,完全落入,1.0,男,結婚,大學,不同性別,311
113,,2,三重區,30～34歲,30,34,完全落入,1.0,男,結婚,大學,相同性別,5
113,,2,三重區,30～34歲,30,34,完全落入,1.0,男,結婚,專科,不同性別,16
113,,2,三重區,30～34歲,30,34,完全落入,1.0,男,結婚,專科,相同性別,1
113,,2,三重區,30～34歲,30,34,完全落入,1.0,男,結婚,碩士,不同性別,111
113,,2,三重區,30～34歲,30,34,完全落入,1.0,男,結婚,碩士,相同性別,2
113,,2,三重區,30～34歲,30,34,完全落入,1.0,男,結婚,高中職,不同性別,114
113,,2,三重區,30～34歲,30,34,完全落入,1.0,男,結婚,高中職,相同性別,3
113,,2,三重區,35～39歲,35,39,部分重疊,0.2,女,結婚,博士,不同性別,1
113,,2,三重區,35～39歲,35,39,部分重疊,0.2,女,結婚,博士,相同性別,0
113,,2,三重區,35～39歲,35,39,部分重疊,0.2,女,結婚,國中,不同性別,24
113,,2,三重區,35～39歲,35,39,部分重疊,0.2,女,結婚,國中,相同性別,0
113,,2,三重區,35～39歲,35,39,部分重疊,0.2,女,結婚,國小以下,不同性別,5
113,,2,三重區,35～39歲,35,39,部分重疊,0.2,女,結婚,國小以下,相同性別,0
113,,2,三重區,35～39歲,35,39,部分重疊,0.2,女,結婚,大學,不同性別,167
113,,2,三重區,35～39歲,35,39,部分重疊,0.2,女,結婚,大學,相同性別,15
113,,2,三重區,35～39歲,35,39,部分重疊,0.2,女,結婚,專科,不同性別,10
113,,2,三重區,35～39歲,35,39,部分重疊,0.2,女,結婚,專科,相同性別,0
113,,2,三重區,35～39歲,35,39,部分重疊,0.2,女,結婚,碩士,不同性別,35
113,,2,三重區,35～39歲,35,39,部分重疊,0.2,女,結婚,碩士,相同性別,2
113,,2,三重區,35～39歲,35,39,部分重疊,0.2,女,結婚,高中職,不同性別,44
113,,2,三重區,35～39歲,35,39,部分重疊,0.2,女,結婚,高中職,相同性別,5
113,,2,三重區,35～39歲,35,39,部分重疊,0.2,男,結婚,博士,不同性別,6
113,,2,三重區,35～39歲,35,39,部分重疊,0.2,男,結婚,博士,相同性別,0
113,,2,三重區,35～39歲,35,39,部分重疊,0.2,男,結婚,國中,不同性別,29
113,,2,三重區,35～39歲,35,39,部分重疊,0.2,男,結婚,國中,相同性別,1
113,,2,三重區,35～39歲,35,39,部分重疊,0.2,男,結婚,國小以下,不同性別,2
113,,2,三重區,35～39歲,35,39,部分重疊,0.2,男,結婚,國小以下,相同性別,0
113,,2,三重區,35～39歲,35,39,部分重疊,0.2,男,結婚,大學,不同性別,177
113,,2,三重區,35～39歲,35,39,部分重疊,0.2,男,結婚,大學,相同性別,7
113,,2,三重區,35～39歲,35,39,部分重疊,0.2,男,結婚,專科,不同性別,15
113,,2,三重區,35～39歲,35,39,部分重疊,0.2,男,結婚,專科,相同性別,0
113,,2,三重區,35～39歲,35,39,部分重疊,0.2,男,結婚,碩士,不同性別,71
113,,2,三重區,35～39歲,35,39,部分重疊,0.2,男,結婚,碩士,相同性別,3
113,,2,三重區,35～39歲,35,39,部分重疊,0.2,男,結婚,高中職,不同性別,69
113,,2,三重區,35～39歲,35,39,部分重疊,0.2,男,結婚,高中職,相同性別,2
113,,2,三重區,40～44歲,40,44,不相關,0.0,女,結婚,博士,不同性別,1
113,,2,三重區,40～44歲,40,44,不相關,0.0,女,結婚,博士,相同性別,0
113,,2,三重區,40～44歲,40,44,不相關,0.0,女,結婚,國中,不同性別,26
113,,2,三重區,40～44歲,40,44,不相關,0.0,女,結婚,國中,相同性別,0
113,,2,三重區,40～44歲,40,44,不相關,0.0,女,結婚,國小以下,不同性別,12
113,,2,三重區,40～44歲,40,44,不相關,0.0,女,結婚,國小以下,相同性別,0
113,,2,三重區,40～44歲,40,44,不相關,0.0,女,結婚,大學,不同性別,49
113,,2,三重區,40～44歲,40,44,不相關,0.0,女,結婚,大學,相同性別,3
113,,2,三重區,40～44歲,40,44,不相關,0.0,女,結婚,專科,不同性別,19
113,,2,三重區,40～44歲,40,44,不相關,0.0,女,結婚,專科,相同性別,1
113,,2,三重區,40～44歲,40,44,不相關,0.0,女,結婚,碩士,不同性別,10
113,,2,三重區,40～44歲,40,44,不相關,0.0,女,結婚,碩士,相同性別,0
113,,2,三重區,40～44歲,40,44,不相關,0.0,女,結婚,高中職,不同性別,59
113,,2,三重區,40～44歲,40,44,不相關,0.0,女,結婚,高中職,相同性別,1
113,,2,三重區,40～44歲,40,44,不相關,0.0,男,結婚,博士,不同性別,2
113,,2,三重區,40～44歲,40,44,不相關,0.0,男,結婚,博士,相同性別,0
113,,2,三重區,40～44歲,40,44,不相關,0.0,男,結婚,國中,不同性別,43
113,,2,三重區,40～44歲,40,44,不相關,0.0,男,結婚,國中,相同性別,0
113,,2,三重區,40～44歲,40,44,不相關,0.0,男,結婚,國小以下,不同性別,0
113,,2,三重區,40～44歲,40,44,不相關,0.0,男,結婚,國小以下,相同性別,0
113,,2,三重區,40～44歲,40,44,不相關,0.0,男,結婚,大學,不同性別,94
113,,2,三重區,40～44歲,40,44,不相關,0.0,男,結婚,大學,相同性別,3
113,,2,三重區,40～44歲,40,44,不相關,0.0,男,結婚,專科,不同性別,25
113,,2,三重區,40～44歲,40,44,不相關,0.0,男,結婚,專科,相同性別,2
113,,2,三重區,40～44歲,40,44,不相關,0.0,男,結婚,碩士,不同性別,33
113,,2,三重區,40～44歲,40,44,不相關,0.0,男,結婚,碩士,相同性別,3
113,,2,三重區,40～44歲,40,44,不相關,0.0,男,結婚,高中職,不同性別,63
113,,2,三重區,40～44歲,40,44,不相關,0.0,男,結婚,高中職,相同性別,1
113,,2,三重區,45～49歲,45,49,不相關,0.0,女,結婚,博士,不同性別,0
113,,2,三重區,45～49歲,45,49,不相關,0.0,女,結婚,博士,相同性別,0
113,,2,三重區,45～49歲,45,49,不相關,0.0,女,結婚,國中,不同性別,11
113,,2,三重區,45～49歲,45,49,不相關,0.0,女,結婚,國中,相同性別,0
113,,2,三重區,45～49歲,45,49,不相關,0.0,女,結婚,國小以下,不同性別,1
113,,2,三重區,45～49歲,45,49,不相關,0.0,女,結婚,國小以下,相同性別,0
113,,2,三重區,45～49歲,45,49,不相關,0.0,女,結婚,大學,不同性別,11
113,,2,三重區,45～49歲,45,49,不相關,0.0,女,結婚,大學,相同性別,3
113,,2,三重區,45～49歲,45,49,不相關,0.0,女,結婚,專科,不同性別,8
113,,2,三重區,45～49歲,45,49,不相關,0.0,女,結婚,專科,相同性別,1
113,,2,三重區,45～49歲,45,49,不相關,0.0,女,結婚,碩士,不同性別,5
113,,2,三重區,45～49歲,45,49,不相關,0.0,女,結婚,碩士,相同性別,3
113,,2,三重區,45～49歲,45,49,不相關,0.0,女,結婚,高中職,不同性別,25
113,,2,三重區,45～49歲,45,49,不相關,0.0,女,結婚,高中職,相同性別,3
113,,2,三重區,45～49歲,45,49,不相關,0.0,男,結婚,博士,不同性別,0
113,,2,三重區,45～49歲,45,49,不相關,0.0,男,結婚,博士,相同性別,0
113,,2,三重區,45～49歲,45,49,不相關,0.0,男,結婚,國中,不同性別,16
113,,2,三重區,45～49歲,45,49,不相關,0.0,男,結婚,國中,相同性別,0
113,,2,三重區,45～49歲,45,49,不相關,0.0,男,結婚,國小以下,不同性別,1
113,,2,三重區,45～49歲,45,49,不相關,0.0,男,結婚,國小以下,相同性別,0
113,,2,三重區,45～49歲,45,49,不相關,0.0,男,結婚,大學,不同性別,22
113,,2,三重區,45～49歲,45,49,不相關,0.0,男,結婚,大學,相同性別,4
113,,2,三重區,45～49歲,45,49,不相關,0.0,男,結婚,專科,不同性別,19
113,,2,三重區,45～49歲,45,49,不相關,0.0,男,結婚,專科,相同性別,2
113,,2,三重區,45～49歲,45,49,不相關,0.0,男,結婚,碩士,不同性別,10
113,,2,三重區,45～49歲,45,49,不相關,0.0,男,結婚,碩士,相同性別,1
113,,2,三重區,45～49歲,45,49,不相關,0.0,男,結婚,高中職,不同性別,26
113,,2,三重區,45～49歲,45,49,不相關,0.0,男,結婚,高中職,相同性別,0
113,,2,三重區,50～54歲,50,54,不相關,0.0,女,結婚,博士,不同性別,0
113,,2,三重區,50～54歲,50,54,不相關,0.0,女,結婚,博士,相同性別,0
113,,2,三重區,50～54歲,50,54,不相關,0.0,女,結婚,國中,不同性別,9
113,,2,三重區,50～54歲,50,54,不相關,0.0,女,結婚,國中,相同性別,0
113,,2,三重區,50～54歲,50,54,不相關,0.0,女,結婚,國小以下,不同性別,5
113,,2,三重區,50～54歲,50,54,不相關,0.0,女,結婚,國小以下,相同性別,0
113,,2,三重區,50～54歲,50,54,不相關,0.0,女,結婚,大學,不同性別,3
113,,2,三重區,50～54歲,50,54,不相關,0.0,女,結婚,大學,相同性別,1
113,,2,三重區,50～54歲,50,54,不相關,0.0,女,結婚,專科,不同性別,8
113,,2,三重區,50～54歲,50,54,不相關,0.0,女,結婚,專科,相同性別,1
113,,2,三重區,50～54歲,50,54,不相關,0.0,女,結婚,碩士,不同性別,1
113,,2,三重區,50～54歲,50,54,不相關,0.0,女,結婚,碩士,相同性別,1
113,,2,三重區,50～54歲,50,54,不相關,0.0,女,結婚,高中職,不同性別,17
113,,2,三重區,50～54歲,50,54,不相關,0.0,女,結婚,高中職,相同性別,0
113,,2,三重區,50～54歲,50,54,不相關,0.0,男,結婚,博士,不同性別,1
113,,2,三重區,50～54歲,50,54,不相關,0.0,男,結婚,博士,相同性別,0
113,,2,三重區,50～54歲,50,54,不相關,0.0,男,結婚,國中,不同性別,8
113,,2,三重區,50～54歲,50,54,不相關,0.0,男,結婚,國中,相同性別,0
113,,2,三重區,50～54歲,50,54,不相關,0.0,男,結婚,國小以下,不同性別,2
113,,2,三重區,50～54歲,50,54,不相關,0.0,男,結婚,國小以下,相同性別,0
113,,2,三重區,50～54歲,50,54,不相關,0.0,男,結婚,大學,不同性別,16
113,,2,三重區,50～54歲,50,54,不相關,0.0,男,結婚,大學,相同性別,0
113,,2,三重區,50～54歲,50,54,不相關,0.0,男,結婚,專科,不同性別,10
113,,2,三重區,50～54歲,50,54,不相關,0.0,男,結婚,專科,相同性別,1
113,,2,三重區,50～54歲,50,54,不相關,0.0,男,結婚,碩士,不同性別,5
113,,2,三重區,50～54歲,50,54,不相關,0.0,男,結婚,碩士,相同性別,0
113,,2,三重區,50～54歲,50,54,不相關,0.0,男,結婚,高中職,不同性別,19
113,,2,三重區,50～54歲,50,54,不相關,0.0,男,結婚,高中職,相同性別,0
113,,2,三重區,55～59歲,55,59,不相關,0.0,女,結婚,博士,不同性別,0
113,,2,三重區,55～59歲,55,59,不相關,0.0,女,結婚,博士,相同性別,0
113,,2,三重區,55～59歲,55,59,不相關,0.0,女,結婚,國中,不同性別,8
113,,2,三重區,55～59歲,55,59,不相關,0.0,女,結婚,國中,相同性別,0
113,,2,三重區,55～59歲,55,59,不相關,0.0,女,結婚,國小以下,不同性別,2
113,,2,三重區,55～59歲,55,59,不相關,0.0,女,結婚,國小以下,相同性別,0
113,,2,三重區,55～59歲,55,59,不相關,0.0,女,結婚,大學,不同性別,3
113,,2,三重區,55～59歲,55,59,不相關,0.0,女,結婚,大學,相同性別,0
113,,2,三重區,55～59歲,55,59,不相關,0.0,女,結婚,專科,不同性別,6
113,,2,三重區,55～59歲,55,59,不相關,0.0,女,結婚,專科,相同性別,0
113,,2,三重區,55～59歲,55,59,不相關,0.0,女,結婚,碩士,不同性別,0
113,,2,三重區,55～59歲,55,59,不相關,0.0,女,結婚,碩士,相同性別,1
113,,2,三重區,55～59歲,55,59,不相關,0.0,女,結婚,高中職,不同性別,13
113,,2,三重區,55～59歲,55,59,不相關,0.0,女,結婚,高中職,相同性別,0
113,,2,三重區,55～59歲,55,59,不相關,0.0,男,結婚,博士,不同性別,0
113,,2,三重區,55～59歲,55,59,不相關,0.0,男,結婚,博士,相同性別,0
113,,2,三重區,55～59歲,55,59,不相關,0.0,男,結婚,國中,不同性別,12
113,,2,三重區,55～59歲,55,59,不相關,0.0,男,結婚,國中,相同性別,0
113,,2,三重區,55～59歲,55,59,不相關,0.0,男,結婚,國小以下,不同性別,2
113,,2,三重區,55～59歲,55,59,不相關,0.0,男,結婚,國小以下,相同性別,0
113,,2,三重區,55～59歲,55,59,不相關,0.0,男,結婚,大學,不同性別,2
113,,2,三重區,55～59歲,55,59,不相關,0.0,男,結婚,大學,相同性別,1
113,,2,三重區,55～59歲,55,59,不相關,0.0,男,結婚,專科,不同性別,5
113,,2,三重區,55～59歲,55,59,不相關,0.0,男,結婚,專科,相同性別,1
113,,2,三重區,55～59歲,55,59,不相關,0.0,男,結婚,碩士,不同性別,1
113,,2,三重區,55～59歲,55,59,不相關,0.0,男,結婚,碩士,相同性別,2
113,,2,三重區,55～59歲,55,59,不相關,0.0,男,結婚,高中職,不同性別,12
113,,2,三重區,55～59歲,55,59,不相關,0.0,男,結婚,高中職,相同性別,0
113,,2,三重區,60～64歲,60,64,不相關,0.0,女,結婚,博士,不同性別,0
113,,2,三重區,60～64歲,60,64,不相關,0.0,女,結婚,博士,相同性別,0
113,,2,三重區,60～64歲,60,64,不相關,0.0,女,結婚,國中,不同性別,4
113,,2,三重區,60～64歲,60,64,不相關,0.0,女,結婚,國中,相同性別,0
113,,2,三重區,60～64歲,60,64,不相關,0.0,女,結婚,國小以下,不同性別,2
113,,2,三重區,60～64歲,60,64,不相關,0.0,女,結婚,國小以下,相同性別,0
113,,2,三重區,60～64歲,60,64,不相關,0.0,女,結婚,大學,不同性別,2
113,,2,三重區,60～64歲,60,64,不相關,0.0,女,結婚,大學,相同性別,0
113,,2,三重區,60～64歲,60,64,不相關,0.0,女,結婚,專科,不同性別,1
113,,2,三重區,60～64歲,60,64,不相關,0.0,女,結婚,專科,相同性別,0
113,,2,三重區,60～64歲,60,64,不相關,0.0,女,結婚,碩士,不同性別,1
113,,2,三重區,60～64歲,60,64,不相關,0.0,女,結婚,碩士,相同性別,0
113,,2,三重區,60～64歲,60,64,不相關,0.0,女,結婚,高中職,不同性別,6
113,,2,三重區,60～64歲,60,64,不相關,0.0,女,結婚,高中職,相同性別,0
113,,2,三重區,60～64歲,60,64,不相關,0.0,男,結婚,博士,不同性別,2
113,,2,三重區,60～64歲,60,64,不相關,0.0,男,結婚,博士,相同性別,0
113,,2,三重區,60～64歲,60,64,不相關,0.0,男,結婚,國中,不同性別,11
113,,2,三重區,60～64歲,60,64,不相關,0.0,男,結婚,國中,相同性別,0
113,,2,三重區,60～64歲,60,64,不相關,0.0,男,結婚,國小以下,不同性別,4
113,,2,三重區,60～64歲,60,64,不相關,0.0,男,結婚,國小以下,相同性別,0
113,,2,三重區,60～64歲,60,64,不相關,0.0,男,結婚,大學,不同性別,3
113,,2,三重區,60～64歲,60,64,不相關,0.0,男,結婚,大學,相同性別,0
113,,2,三重區,60～64歲,60,64,不相關,0.0,男,結婚,專科,不同性別,4
113,,2,三重區,60～64歲,60,64,不相關,0.0,男,結婚,專科,相同性別,0
113,,2,三重區,60～64歲,60,64,不相關,0.0,男,結婚,碩士,不同性別,0
113,,2,三重區,60～64歲,60,64,不相關,0.0,男,結婚,碩士,相同性別,0
113,,2,三重區,60～64歲,60,64,不相關,0.0,男,結婚,高中職,不同性別,7
113,,2,三重區,60～64歲,60,64,不相關,0.0,男,結婚,高中職,相同性別,0
113,,2,三重區,65歲以上,65,120,不相關,0.0,女,結婚,博士,不同性別,0
113,,2,三重區,65歲以上,65,120,不相關,0.0,女,結婚,博士,相同性別,0
113,,2,三重區,65歲以上,65,120,不相關,0.0,女,結婚,國中,不同性別,4
113,,2,三重區,65歲以上,65,120,不相關,0.0,女,結婚,國中,相同性別,0
113,,2,三重區,65歲以上,65,120,不相關,0.0,女,結婚,國小以下,不同性別,6
113,,2,三重區,65歲以上,65,120,不相關,0.0,女,結婚,國小以下,相同性別,0
113,,2,三重區,65歲以上,65,120,不相關,0.0,女,結婚,大學,不同性別,0
113,,2,三重區,65歲以上,65,120,不相關,0.0,女,結婚,大學,相同性別,0
113,,2,三重區,65歲以上,65,120,不相關,0.0,女,結婚,專科,不同性別,1
113,,2,三重區,65歲以上,65,120,不相關,0.0,女,結婚,專科,相同性別,0
113,,2,三重區,65歲以上,65,120,不相關,0.0,女,結婚,碩士,不同性別,0
113,,2,三重區,65歲以上,65,120,不相關,0.0,女,結婚,碩士,相同性別,0
113,,2,三重區,65歲以上,65,120,不相關,0.0,女,結婚,高中職,不同性別,4
113,,2,三重區,65歲以上,65,120,不相關,0.0,女,結婚,高中職,相同性別,0
113,,2,三重區,65歲以上,65,120,不相關,0.0,男,結婚,博士,不同性別,0
113,,2,三重區,65歲以上,65,120,不相關,0.0,男,結婚,博士,相同性別,0
113,,2,三重區,65歲以上,65,120,不相關,0.0,男,結婚,國中,不同性別,4
113,,2,三重區,65歲以上,65,120,不相關,0.0,男,結婚,國中,相同性別,0
113,,2,三重區,65歲以上,65,120,不相關,0.0,男,結婚,國小以下,不同性別,7
113,,2,三重區,65歲以上,65,120,不相關,0.0,男,結婚,國小以下,相同性別,0
113,,2,三重區,65歲以上,65,120,不相關,0.0,男,結婚,大學,不同性別,5
113,,2,三重區,65歲以上,65,120,不相關,0.0,男,結婚,大學,相同性別,0
113,,2,三重區,65歲以上,65,120,不相關,0.0,男,結婚,專科,不同性別,6
113,,2,三重區,65歲以上,65,120,不相關,0.0,男,結婚,專科,相同性別,0
113,,2,三重區,65歲以上,65,120,不相關,0.0,男,結婚,碩士,不同性別,1
113,,2,三重區,65歲以上,65,120,不相關,0.0,男,結婚,碩士,相同性別,0
113,,2,三重區,65歲以上,65,120,不相關,0.0,男,結婚,高中職,不同性別,14
113,,2,三重區,65歲以上,65,120,不相關,0.0,男,結婚,高中職,相同性別,0
113,,3,中和區,未滿15歲,0,14,不相關,0.0,女,結婚,博士,不同性別,0
113,,3,中和區,未滿15歲,0,14,不相關,0.0,女,結婚,博士,相同性別,0
113,,3,中和區,未滿15歲,0,14,不相關,0.0,女,結婚,國中,不同性別,0
113,,3,中和區,未滿15歲,0,14,不相關,0.0,女,結婚,國中,相同性別,0
113,,3,中和區,未滿15歲,0,14,不相關,0.0,女,結婚,國小以下,不同性別,0
113,,3,中和區,未滿15歲,0,14,不相關,0.0,女,結婚,國小以下,相同性別,0
113,,3,中和區,未滿15歲,0,14,不相關,0.0,女,結婚,大學,不同性別,0
113,,3,中和區,未滿15歲,0,14,不相關,0.0,女,結婚,大學,相同性別,0
113,,3,中和區,未滿15歲,0,14,不相關,0.0,女,結婚,專科,不同性別,0
113,,3,中和區,未滿15歲,0,14,不相關,0.0,女,結婚,專科,相同性別,0
113,,3,中和區,未滿15歲,0,14,不相關,0.0,女,結婚,碩士,不同性別,0
113,,3,中和區,未滿15歲,0,14,不相關,0.0,女,結婚,碩士,相同性別,0
113,,3,中和區,未滿15歲,0,14,不相關,0.0,女,結婚,高中職,不同性別,0
113,,3,中和區,未滿15歲,0,14,不相關,0.0,女,結婚,高中職,相同性別,0
113,,3,中和區,未滿15歲,0,14,不相關,0.0,男,結婚,博士,不同性別,0
113,,3,中和區,未滿15歲,0,14,不相關,0.0,男,結婚,博士,相同性別,0
113,,3,中和區,未滿15歲,0,14,不相關,0.0,男,結婚,國中,不同性別,0
113,,3,中和區,未滿15歲,0,14,不相關,0.0,男,結婚,國中,相同性別,0
113,,3,中和區,未滿15歲,0,14,不相關,0.0,男,結婚,國小以下,不同性別,0
113,,3,中和區,未滿15歲,0,14,不相關,0.0,男,結婚,國小以下,相同性別,0
113,,3,中和區,未滿15歲,0,14,不相關,0.0,男,結婚,大學,不同性別,0
113,,3,中和區,未滿15歲,0,14,不相關,0.0,男,結婚,大學,相同性別,0
113,,3,中和區,未滿15歲,0,14,不相關,0.0,男,結婚,專科,不同性別,0
113,,3,中和區,未滿15歲,0,14,不相關,0.0,男,結婚,專科,相同性別,0
113,,3,中和區,未滿15歲,0,14,不相關,0.0,男,結婚,碩士,不同性別,0
113,,3,中和區,未滿15歲,0,14,不相關,0.0,男,結婚,碩士,相同性別,0
113,,3,中和區,未滿15歲,0,14,不相關,0.0,男,結婚,高中職,不同性別,0
113,,3,中和區,未滿15歲,0,14,不相關,0.0,男,結婚,高中職,相同性別,0
113,,3,中和區,15～19歲,15,19,部分重疊,0.4,女,結婚,博士,不同性別,0
113,,3,中和區,15～19歲,15,19,部分重疊,0.4,女,結婚,博士,相同性別,0
113,,3,中和區,15～19歲,15,19,部分重疊,0.4,女,結婚,國中,不同性別,10
113,,3,中和區,15～19歲,15,19,部分重疊,0.4,女,結婚,國中,相同性別,0
113,,3,中和區,15～19歲,15,19,部分重疊,0.4,女,結婚,國小以下,不同性別,2
113,,3,中和區,15～19歲,15,19,部分重疊,0.4,女,結婚,國小以下,相同性別,0
113,,3,中和區,15～19歲,15,19,部分重疊,0.4,女,結婚,大學,不同性別,0
113,,3,中和區,15～19歲,15,19,部分重疊,0.4,女,結婚,大學,相同性別,0
113,,3,中和區,15～19歲,15,19,部分重疊,0.4,女,結婚,專科,不同性別,0
113,,3,中和區,15～19歲,15,19,部分重疊,0.4,女,結婚,專科,相同性別,0
113,,3,中和區,15～19歲,15,19,部分重疊,0.4,女,結婚,碩士,不同性別,0
113,,3,中和區,15～19歲,15,19,部分重疊,0.4,女,結婚,碩士,相同性別,0
113,,3,中和區,15～19歲,15,19,部分重疊,0.4,女,結婚,高中職,不同性別,5
113,,3,中和區,15～19歲,15,19,部分重疊,0.4,女,結婚,高中職,相同性別,0
113,,3,中和區,15～19歲,15,19,部分重疊,0.4,男,結婚,博士,不同性別,0
113,,3,中和區,15～19歲,15,19,部分重疊,0.4,男,結婚,博士,相同性別,0
113,,3,中和區,15～19歲,15,19,部分重疊,0.4,男,結婚,國中,不同性別,1
113,,3,中和區,15～19歲,15,19,部分重疊,0.4,男,結婚,國中,相同性別,0
113,,3,中和區,15～19歲,15,19,部分重疊,0.4,男,結婚,國小以下,不同性別,1
113,,3,中和區,15～19歲,15,19,部分重疊,0.4,男,結婚,國小以下,相同性別,0
113,,3,中和區,15～19歲,15,19,部分重疊,0.4,男,結婚,大學,不同性別,0
113,,3,中和區,15～19歲,15,19,部分重疊,0.4,男,結婚,大學,相同性別,0
113,,3,中和區,15～19歲,15,19,部分重疊,0.4,男,結婚,專科,不同性別,0
113,,3,中和區,15～19歲,15,19,部分重疊,0.4,男,結婚,專科,相同性別,0
113,,3,中和區,15～19歲,15,19,部分重疊,0.4,男,結婚,碩士,不同性別,0
113,,3,中和區,15～19歲,15,19,部分重疊,0.4,男,結婚,碩士,相同性別,0
113,,3,中和區,15～19歲,15,19,部分重疊,0.4,男,結婚,高中職,不同性別,0
113,,3,中和區,15～19歲,15,19,部分重疊,0.4,男,結婚,高中職,相同性別,0
113,,3,中和區,20～24歲,20,24,完全落入,1.0,女,結婚,博士,不同性別,0
113,,3,中和區,20～24歲,20,24,完全落入,1.0,女,結婚,博士,相同性別,0
113,,3,中和區,20～24歲,20,24,完全落入,1.0,女,結婚,國中,不同性別,16
113,,3,中和區,20～24歲,20,24,完全落入,1.0,女,結婚,國中,相同性別,1
113,,3,中和區,20～24歲,20,24,完全落入,1.0,女,結婚,國小以下,不同性別,4
113,,3,中和區,20～24歲,20,24,完全落入,1.0,女,結婚,國小以下,相同性別,0
113,,3,中和區,20～24歲,20,24,完全落入,1.0,女,結婚,大學,不同性別,33
113,,3,中和區,20～24歲,20,24,完全落入,1.0,女,結婚,大學,相同性別,1
113,,3,中和區,20～24歲,20,24,完全落入,1.0,女,結婚,專科,不同性別,9
113,,3,中和區,20～24歲,20,24,完全落入,1.0,女,結婚,專科,相同性別,0
113,,3,中和區,20～24歲,20,24,完全落入,1.0,女,結婚,碩士,不同性別,2
113,,3,中和區,20～24歲,20,24,完全落入,1.0,女,結婚,碩士,相同性別,0
113,,3,中和區,20～24歲,20,24,完全落入,1.0,女,結婚,高中職,不同性別,49
113,,3,中和區,20～24歲,20,24,完全落入,1.0,女,結婚,高中職,相同性別,2
113,,3,中和區,20～24歲,20,24,完全落入,1.0,男,結婚,博士,不同性別,0
113,,3,中和區,20～24歲,20,24,完全落入,1.0,男,結婚,博士,相同性別,0
113,,3,中和區,20～24歲,20,24,完全落入,1.0,男,結婚,國中,不同性別,19
113,,3,中和區,20～24歲,20,24,完全落入,1.0,男,結婚,國中,相同性別,0
113,,3,中和區,20～24歲,20,24,完全落入,1.0,男,結婚,國小以下,不同性別,3
113,,3,中和區,20～24歲,20,24,完全落入,1.0,男,結婚,國小以下,相同性別,0
113,,3,中和區,20～24歲,20,24,完全落入,1.0,男,結婚,大學,不同性別,10
113,,3,中和區,20～24歲,20,24,完全落入,1.0,男,結婚,大學,相同性別,0
113,,3,中和區,20～24歲,20,24,完全落入,1.0,男,結婚,專科,不同性別,3
113,,3,中和區,20～24歲,20,24,完全落入,1.0,男,結婚,專科,相同性別,0
113,,3,中和區,20～24歲,20,24,完全落入,1.0,男,結婚,碩士,不同性別,0
113,,3,中和區,20～24歲,20,24,完全落入,1.0,男,結婚,碩士,相同性別,0
113,,3,中和區,20～24歲,20,24,完全落入,1.0,男,結婚,高中職,不同性別,26
113,,3,中和區,20～24歲,20,24,完全落入,1.0,男,結婚,高中職,相同性別,0
113,,3,中和區,25～29歲,25,29,完全落入,1.0,女,結婚,博士,不同性別,1
113,,3,中和區,25～29歲,25,29,完全落入,1.0,女,結婚,博士,相同性別,0
113,,3,中和區,25～29歲,25,29,完全落入,1.0,女,結婚,國中,不同性別,28
113,,3,中和區,25～29歲,25,29,完全落入,1.0,女,結婚,國中,相同性別,0
113,,3,中和區,25～29歲,25,29,完全落入,1.0,女,結婚,國小以下,不同性別,1
113,,3,中和區,25～29歲,25,29,完全落入,1.0,女,結婚,國小以下,相同性別,0
113,,3,中和區,25～29歲,25,29,完全落入,1.0,女,結婚,大學,不同性別,365
113,,3,中和區,25～29歲,25,29,完全落入,1.0,女,結婚,大學,相同性別,3
113,,3,中和區,25～29歲,25,29,完全落入,1.0,女,結婚,專科,不同性別,28
113,,3,中和區,25～29歲,25,29,完全落入,1.0,女,結婚,專科,相同性別,1
113,,3,中和區,25～29歲,25,29,完全落入,1.0,女,結婚,碩士,不同性別,49
113,,3,中和區,25～29歲,25,29,完全落入,1.0,女,結婚,碩士,相同性別,0
113,,3,中和區,25～29歲,25,29,完全落入,1.0,女,結婚,高中職,不同性別,112
113,,3,中和區,25～29歲,25,29,完全落入,1.0,女,結婚,高中職,相同性別,3
113,,3,中和區,25～29歲,25,29,完全落入,1.0,男,結婚,博士,不同性別,1
113,,3,中和區,25～29歲,25,29,完全落入,1.0,男,結婚,博士,相同性別,0
113,,3,中和區,25～29歲,25,29,完全落入,1.0,男,結婚,國中,不同性別,27
113,,3,中和區,25～29歲,25,29,完全落入,1.0,男,結婚,國中,相同性別,1
113,,3,中和區,25～29歲,25,29,完全落入,1.0,男,結婚,國小以下,不同性別,0
113,,3,中和區,25～29歲,25,29,完全落入,1.0,男,結婚,國小以下,相同性別,0
113,,3,中和區,25～29歲,25,29,完全落入,1.0,男,結婚,大學,不同性別,201
113,,3,中和區,25～29歲,25,29,完全落入,1.0,男,結婚,大學,相同性別,3
113,,3,中和區,25～29歲,25,29,完全落入,1.0,男,結婚,專科,不同性別,18
113,,3,中和區,25～29歲,25,29,完全落入,1.0,男,結婚,專科,相同性別,0
113,,3,中和區,25～29歲,25,29,完全落入,1.0,男,結婚,碩士,不同性別,48
113,,3,中和區,25～29歲,25,29,完全落入,1.0,男,結婚,碩士,相同性別,1
113,,3,中和區,25～29歲,25,29,完全落入,1.0,男,結婚,高中職,不同性別,95
113,,3,中和區,25～29歲,25,29,完全落入,1.0,男,結婚,高中職,相同性別,0
113,,3,中和區,30～34歲,30,34,完全落入,1.0,女,結婚,博士,不同性別,5
113,,3,中和區,30～34歲,30,34,完全落入,1.0,女,結婚,博士,相同性別,0
113,,3,中和區,30～34歲,30,34,完全落入,1.0,女,結婚,國中,不同性別,31
113,,3,中和區,30～34歲,30,34,完全落入,1.0,女,結婚,國中,相同性別,1
113,,3,中和區,30～34歲,30,34,完全落入,1.0,女,結婚,國小以下,不同性別,2
113,,3,中和區,30～34歲,30,34,完全落入,1.0,女,結婚,國小以下,相同性別,0
113,,3,中和區,30～34歲,30,34,完全落入,1.0,女,結婚,大學,不同性別,379
113,,3,中和區,30～34歲,30,34,完全落入,1.0,女,結婚,大學,相同性別,8
113,,3,中和區,30～34歲,30,34,完全落入,1.0,女,結婚,專科,不同性別,29
113,,3,中和區,30～34歲,30,34,完全落入,1.0,女,結婚,專科,相同性別,3
113,,3,中和區,30～34歲,30,34,完全落入,1.0,女,結婚,碩士,不同性別,86
113,,3,中和區,30～34歲,30,34,完全落入,1.0,女,結婚,碩士,相同性別,2
113,,3,中和區,30～34歲,30,34,完全落入,1.0,女,結婚,高中職,不同性別,98
113,,3,中和區,30～34歲,30,34,完全落入,1.0,女,結婚,高中職,相同性別,3
113,,3,中和區,30～34歲,30,34,完全落入,1.0,男,結婚,博士,不同性別,7
113,,3,中和區,30～34歲,30,34,完全落入,1.0,男,結婚,博士,相同性別,0
113,,3,中和區,30～34歲,30,34,完全落入,1.0,男,結婚,國中,不同性別,40
113,,3,中和區,30～34歲,30,34,完全落入,1.0,男,結婚,國中,相同性別,2
113,,3,中和區,30～34歲,30,34,完全落入,1.0,男,結婚,國小以下,不同性別,6
113,,3,中和區,30～34歲,30,34,完全落入,1.0,男,結婚,國小以下,相同性別,0
113,,3,中和區,30～34歲,30,34,完全落入,1.0,男,結婚,大學,不同性別,382
113,,3,中和區,30～34歲,30,34,完全落入,1.0,男,結婚,大學,相同性別,9
113,,3,中和區,30～34歲,30,34,完全落入,1.0,男,結婚,專科,不同性別,24
113,,3,中和區,30～34歲,30,34,完全落入,1.0,男,結婚,專科,相同性別,0
113,,3,中和區,30～34歲,30,34,完全落入,1.0,男,結婚,碩士,不同性別,109
113,,3,中和區,30～34歲,30,34,完全落入,1.0,男,結婚,碩士,相同性別,1
113,,3,中和區,30～34歲,30,34,完全落入,1.0,男,結婚,高中職,不同性別,90
113,,3,中和區,30～34歲,30,34,完全落入,1.0,男,結婚,高中職,相同性別,3
113,,3,中和區,35～39歲,35,39,部分重疊,0.2,女,結婚,博士,不同性別,1
113,,3,中和區,35～39歲,35,39,部分重疊,0.2,女,結婚,博士,相同性別,0
113,,3,中和區,35～39歲,35,39,部分重疊,0.2,女,結婚,國中,不同性別,24
113,,3,中和區,35～39歲,35,39,部分重疊,0.2,女,結婚,國中,相同性別,5
113,,3,中和區,35～39歲,35,39,部分重疊,0.2,女,結婚,國小以下,不同性別,9
113,,3,中和區,35～39歲,35,39,部分重疊,0.2,女,結婚,國小以下,相同性別,2
113,,3,中和區,35～39歲,35,39,部分重疊,0.2,女,結婚,大學,不同性別,170
113,,3,中和區,35～39歲,35,39,部分重疊,0.2,女,結婚,大學,相同性別,11
113,,3,中和區,35～39歲,35,39,部分重疊,0.2,女,結婚,專科,不同性別,22
113,,3,中和區,35～39歲,35,39,部分重疊,0.2,女,結婚,專科,相同性別,0
113,,3,中和區,35～39歲,35,39,部分重疊,0.2,女,結婚,碩士,不同性別,27
113,,3,中和區,35～39歲,35,39,部分重疊,0.2,女,結婚,碩士,相同性別,2
113,,3,中和區,35～39歲,35,39,部分重疊,0.2,女,結婚,高中職,不同性別,62
113,,3,中和區,35～39歲,35,39,部分重疊,0.2,女,結婚,高中職,相同性別,5
113,,3,中和區,35～39歲,35,39,部分重疊,0.2,男,結婚,博士,不同性別,4
113,,3,中和區,35～39歲,35,39,部分重疊,0.2,男,結婚,博士,相同性別,0
113,,3,中和區,35～39歲,35,39,部分重疊,0.2,男,結婚,國中,不同性別,41
113,,3,中和區,35～39歲,35,39,部分重疊,0.2,男,結婚,國中,相同性別,1
113,,3,中和區,35～39歲,35,39,部分重疊,0.2,男,結婚,國小以下,不同性別,5
113,,3,中和區,35～39歲,35,39,部分重疊,0.2,男,結婚,國小以下,相同性別,0
113,,3,中和區,35～39歲,35,39,部分重疊,0.2,男,結婚,大學,不同性別,191
113,,3,中和區,35～39歲,35,39,部分重疊,0.2,男,結婚,大學,相同性別,8
113,,3,中和區,35～39歲,35,39,部分重疊,0.2,男,結婚,專科,不同性別,21
113,,3,中和區,35～39歲,35,39,部分重疊,0.2,男,結婚,專科,相同性別,0
113,,3,中和區,35～39歲,35,39,部分重疊,0.2,男,結婚,碩士,不同性別,62
113,,3,中和區,35～39歲,35,39,部分重疊,0.2,男,結婚,碩士,相同性別,3
113,,3,中和區,35～39歲,35,39,部分重疊,0.2,男,結婚,高中職,不同性別,71
113,,3,中和區,35～39歲,35,39,部分重疊,0.2,男,結婚,高中職,相同性別,3
113,,3,中和區,40～44歲,40,44,不相關,0.0,女,結婚,博士,不同性別,1
113,,3,中和區,40～44歲,40,44,不相關,0.0,女,結婚,博士,相同性別,0
113,,3,中和區,40～44歲,40,44,不相關,0.0,女,結婚,國中,不同性別,19
113,,3,中和區,40～44歲,40,44,不相關,0.0,女,結婚,國中,相同性別,1
113,,3,中和區,40～44歲,40,44,不相關,0.0,女,結婚,國小以下,不同性別,7
113,,3,中和區,40～44歲,40,44,不相關,0.0,女,結婚,國小以下,相同性別,0
113,,3,中和區,40～44歲,40,44,不相關,0.0,女,結婚,大學,不同性別,65
113,,3,中和區,40～44歲,40,44,不相關,0.0,女,結婚,大學,相同性別,5
113,,3,中和區,40～44歲,40,44,不相關,0.0,女,結婚,專科,不同性別,27
113,,3,中和區,40～44歲,40,44,不相關,0.0,女,結婚,專科,相同性別,1
113,,3,中和區,40～44歲,40,44,不相關,0.0,女,結婚,碩士,不同性別,21
113,,3,中和區,40～44歲,40,44,不相關,0.0,女,結婚,碩士,相同性別,2
113,,3,中和區,40～44歲,40,44,不相關,0.0,女,結婚,高中職,不同性別,49
113,,3,中和區,40～44歲,40,44,不相關,0.0,女,結婚,高中職,相同性別,2
113,,3,中和區,40～44歲,40,44,不相關,0.0,男,結婚,博士,不同性別,3
113,,3,中和區,40～44歲,40,44,不相關,0.0,男,結婚,博士,相同性別,0
113,,3,中和區,40～44歲,40,44,不相關,0.0,男,結婚,國中,不同性別,22
113,,3,中和區,40～44歲,40,44,不相關,0.0,男,結婚,國中,相同性別,0
113,,3,中和區,40～44歲,40,44,不相關,0.0,男,結婚,國小以下,不同性別,2
113,,3,中和區,40～44歲,40,44,不相關,0.0,男,結婚,國小以下,相同性別,0
113,,3,中和區,40～44歲,40,44,不相關,0.0,男,結婚,大學,不同性別,72
113,,3,中和區,40～44歲,40,44,不相關,0.0,男,結婚,大學,相同性別,6
113,,3,中和區,40～44歲,40,44,不相關,0.0,男,結婚,專科,不同性別,18
113,,3,中和區,40～44歲,40,44,不相關,0.0,男,結婚,專科,相同性別,0
113,,3,中和區,40～44歲,40,44,不相關,0.0,男,結婚,碩士,不同性別,30
113,,3,中和區,40～44歲,40,44,不相關,0.0,男,結婚,碩士,相同性別,4
113,,3,中和區,40～44歲,40,44,不相關,0.0,男,結婚,高中職,不同性別,66
113,,3,中和區,40～44歲,40,44,不相關,0.0,男,結婚,高中職,相同性別,0
113,,3,中和區,45～49歲,45,49,不相關,0.0,女,結婚,博士,不同性別,0
113,,3,中和區,45～49歲,45,49,不相關,0.0,女,結婚,博士,相同性別,1
113,,3,中和區,45～49歲,45,49,不相關,0.0,女,結婚,國中,不同性別,12
113,,3,中和區,45～49歲,45,49,不相關,0.0,女,結婚,國中,相同性別,0
113,,3,中和區,45～49歲,45,49,不相關,0.0,女,結婚,國小以下,不同性別,7
113,,3,中和區,45～49歲,45,49,不相關,0.0,女,結婚,國小以下,相同性別,0
113,,3,中和區,45～49歲,45,49,不相關,0.0,女,結婚,大學,不同性別,18
113,,3,中和區,45～49歲,45,49,不相關,0.0,女,結婚,大學,相同性別,1
113,,3,中和區,45～49歲,45,49,不相關,0.0,女,結婚,專科,不同性別,11
113,,3,中和區,45～49歲,45,49,不相關,0.0,女,結婚,專科,相同性別,2
113,,3,中和區,45～49歲,45,49,不相關,0.0,女,結婚,碩士,不同性別,2
113,,3,中和區,45～49歲,45,49,不相關,0.0,女,結婚,碩士,相同性別,3
113,,3,中和區,45～49歲,45,49,不相關,0.0,女,結婚,高中職,不同性別,30
113,,3,中和區,45～49歲,45,49,不相關,0.0,女,結婚,高中職,相同性別,1
113,,3,中和區,45～49歲,45,49,不相關,0.0,男,結婚,博士,不同性別,0
113,,3,中和區,45～49歲,45,49,不相關,0.0,男,結婚,博士,相同性別,1
113,,3,中和區,45～49歲,45,49,不相關,0.0,男,結婚,國中,不同性別,12
113,,3,中和區,45～49歲,45,49,不相關,0.0,男,結婚,國中,相同性別,0
113,,3,中和區,45～49歲,45,49,不相關,0.0,男,結婚,國小以下,不同性別,4
113,,3,中和區,45～49歲,45,49,不相關,0.0,男,結婚,國小以下,相同性別,0
113,,3,中和區,45～49歲,45,49,不相關,0.0,男,結婚,大學,不同性別,31
113,,3,中和區,45～49歲,45,49,不相關,0.0,男,結婚,大學,相同性別,3
113,,3,中和區,45～49歲,45,49,不相關,0.0,男,結婚,專科,不同性別,22
113,,3,中和區,45～49歲,45,49,不相關,0.0,男,結婚,專科,相同性別,0
113,,3,中和區,45～49歲,45,49,不相關,0.0,男,結婚,碩士,不同性別,15
113,,3,中和區,45～49歲,45,49,不相關,0.0,男,結婚,碩士,相同性別,4
113,,3,中和區,45～49歲,45,49,不相關,0.0,男,結婚,高中職,不同性別,37
113,,3,中和區,45～49歲,45,49,不相關,0.0,男,結婚,高中職,相同性別,1
113,,3,中和區,50～54歲,50,54,不相關,0.0,女,結婚,博士,不同性別,0
113,,3,中和區,50～54歲,50,54,不相關,0.0,女,結婚,博士,相同性別,0
113,,3,中和區,50～54歲,50,54,不相關,0.0,女,結婚,國中,不同性別,15
113,,3,中和區,50～54歲,50,54,不相關,0.0,女,結婚,國中,相同性別,1
113,,3,中和區,50～54歲,50,54,不相關,0.0,女,結婚,國小以下,不同性別,1
113,,3,中和區,50～54歲,50,54,不相關,0.0,女,結婚,國小以下,相同性別,0
113,,3,中和區,50～54歲,50,54,不相關,0.0,女,結婚,大學,不同性別,7
113,,3,中和區,50～54歲,50,54,不相關,0.0,女,結婚,大學,相同性別,0
113,,3,中和區,50～54歲,50,54,不相關,0.0,女,結婚,專科,不同性別,16
113,,3,中和區,50～54歲,50,54,不相關,0.0,女,結婚,專科,相同性別,1
113,,3,中和區,50～54歲,50,54,不相關,0.0,女,結婚,碩士,不同性別,2
113,,3,中和區,50～54歲,50,54,不相關,0.0,女,結婚,碩士,相同性別,1
113,,3,中和區,50～54歲,50,54,不相關,0.0,女,結婚,高中職,不同性別,18
113,,3,中和區,50～54歲,50,54,不相關,0.0,女,結婚,高中職,相同性別,5
113,,3,中和區,50～54歲,50,54,不相關,0.0,男,結婚,博士,不同性別,1
113,,3,中和區,50～54歲,50,54,不相關,0.0,男,結婚,博士,相同性別,0
113,,3,中和區,50～54歲,50,54,不相關,0.0,男,結婚,國中,不同性別,7
113,,3,中和區,50～54歲,50,54,不相關,0.0,男,結婚,國中,相同性別,0
113,,3,中和區,50～54歲,50,54,不相關,0.0,男,結婚,國小以下,不同性別,1
113,,3,中和區,50～54歲,50,54,不相關,0.0,男,結婚,國小以下,相同性別,0
113,,3,中和區,50～54歲,50,54,不相關,0.0,男,結婚,大學,不同性別,14
113,,3,中和區,50～54歲,50,54,不相關,0.0,男,結婚,大學,相同性別,0
113,,3,中和區,50～54歲,50,54,不相關,0.0,男,結婚,專科,不同性別,18
113,,3,中和區,50～54歲,50,54,不相關,0.0,男,結婚,專科,相同性別,0
113,,3,中和區,50～54歲,50,54,不相關,0.0,男,結婚,碩士,不同性別,6
113,,3,中和區,50～54歲,50,54,不相關,0.0,男,結婚,碩士,相同性別,0
113,,3,中和區,50～54歲,50,54,不相關,0.0,男,結婚,高中職,不同性別,33
113,,3,中和區,50～54歲,50,54,不相關,0.0,男,結婚,高中職,相同性別,2
113,,3,中和區,55～59歲,55,59,不相關,0.0,女,結婚,博士,不同性別,0
113,,3,中和區,55～59歲,55,59,不相關,0.0,女,結婚,博士,相同性別,0
113,,3,中和區,55～59歲,55,59,不相關,0.0,女,結婚,國中,不同性別,7
113,,3,中和區,55～59歲,55,59,不相關,0.0,女,結婚,國中,相同性別,0
113,,3,中和區,55～59歲,55,59,不相關,0.0,女,結婚,國小以下,不同性別,0
113,,3,中和區,55～59歲,55,59,不相關,0.0,女,結婚,國小以下,相同性別,0
113,,3,中和區,55～59歲,55,59,不相關,0.0,女,結婚,大學,不同性別,3
113,,3,中和區,55～59歲,55,59,不相關,0.0,女,結婚,大學,相同性別,1
113,,3,中和區,55～59歲,55,59,不相關,0.0,女,結婚,專科,不同性別,3
113,,3,中和區,55～59歲,55,59,不相關,0.0,女,結婚,專科,相同性別,0
113,,3,中和區,55～59歲,55,59,不相關,0.0,女,結婚,碩士,不同性別,1
113,,3,中和區,55～59歲,55,59,不相關,0.0,女,結婚,碩士,相同性別,0
113,,3,中和區,55～59歲,55,59,不相關,0.0,女,結婚,高中職,不同性別,14
113,,3,中和區,55～59歲,55,59,不相關,0.0,女,結婚,高中職,相同性別,2
113,,3,中和區,55～59歲,55,59,不相關,0.0,男,結婚,博士,不同性別,1
113,,3,中和區,55～59歲,55,59,不相關,0.0,男,結婚,博士,相同性別,0
113,,3,中和區,55～59歲,55,59,不相關,0.0,男,結婚,國中,不同性別,10
113,,3,中和區,55～59歲,55,59,不相關,0.0,男,結婚,國中,相同性別,0
113,,3,中和區,55～59歲,55,59,不相關,0.0,男,結婚,國小以下,不同性別,0
113,,3,中和區,55～59歲,55,59,不相關,0.0,男,結婚,國小以下,相同性別,0
113,,3,中和區,55～59歲,55,59,不相關,0.0,男,結婚,大學,不同性別,12
113,,3,中和區,55～59歲,55,59,不相關,0.0,男,結婚,大學,相同性別,2
113,,3,中和區,55～59歲,55,59,不相關,0.0,男,結婚,專科,不同性別,5
113,,3,中和區,55～59歲,55,59,不相關,0.0,男,結婚,專科,相同性別,1
113,,3,中和區,55～59歲,55,59,不相關,0.0,男,結婚,碩士,不同性別,5
113,,3,中和區,55～59歲,55,59,不相關,0.0,男,結婚,碩士,相同性別,0
113,,3,中和區,55～59歲,55,59,不相關,0.0,男,結婚,高中職,不同性別,17
113,,3,中和區,55～59歲,55,59,不相關,0.0,男,結婚,高中職,相同性別,1
113,,3,中和區,60～64歲,60,64,不相關,0.0,女,結婚,博士,不同性別,0
113,,3,中和區,60～64歲,60,64,不相關,0.0,女,結婚,博士,相同性別,0
113,,3,中和區,60～64歲,60,64,不相關,0.0,女,結婚,國中,不同性別,10
113,,3,中和區,60～64歲,60,64,不相關,0.0,女,結婚,國中,相同性別,0
113,,3,中和區,60～64歲,60,64,不相關,0.0,女,結婚,國小以下,不同性別,0
113,,3,中和區,60～64歲,60,64,不相關,0.0,女,結婚,國小以下,相同性別,0
113,,3,中和區,60～64歲,60,64,不相關,0.0,女,結婚,大學,不同性別,2
113,,3,中和區,60～64歲,60,64,不相關,0.0,女,結婚,大學,相同性別,0
113,,3,中和區,60～64歲,60,64,不相關,0.0,女,結婚,專科,不同性別,3
113,,3,中和區,60～64歲,60,64,不相關,0.0,女,結婚,專科,相同性別,0
113,,3,中和區,60～64歲,60,64,不相關,0.0,女,結婚,碩士,不同性別,1
113,,3,中和區,60～64歲,60,64,不相關,0.0,女,結婚,碩士,相同性別,0
113,,3,中和區,60～64歲,60,64,不相關,0.0,女,結婚,高中職,不同性別,7
113,,3,中和區,60～64歲,60,64,不相關,0.0,女,結婚,高中職,相同性別,0
113,,3,中和區,60～64歲,60,64,不相關,0.0,男,結婚,博士,不同性別,0
113,,3,中和區,60～64歲,60,64,不相關,0.0,男,結婚,博士,相同性別,0
113,,3,中和區,60～64歲,60,64,不相關,0.0,男,結婚,國中,不同性別,10
113,,3,中和區,60～64歲,60,64,不相關,0.0,男,結婚,國中,相同性別,0
113,,3,中和區,60～64歲,60,64,不相關,0.0,男,結婚,國小以下,不同性別,0
113,,3,中和區,60～64歲,60,64,不相關,0.0,男,結婚,國小以下,相同性別,0
113,,3,中和區,60～64歲,60,64,不相關,0.0,男,結婚,大學,不同性別,7
113,,3,中和區,60～64歲,60,64,不相關,0.0,男,結婚,大學,相同性別,0
113,,3,中和區,60～64歲,60,64,不相關,0.0,男,結婚,專科,不同性別,4
113,,3,中和區,60～64歲,60,64,不相關,0.0,男,結婚,專科,相同性別,0
113,,3,中和區,60～64歲,60,64,不相關,0.0,男,結婚,碩士,不同性別,1
113,,3,中和區,60～64歲,60,64,不相關,0.0,男,結婚,碩士,相同性別,0
113,,3,中和區,60～64歲,60,64,不相關,0.0,男,結婚,高中職,不同性別,17
113,,3,中和區,60～64歲,60,64,不相關,0.0,男,結婚,高中職,相同性別,1
113,,3,中和區,65歲以上,65,120,不相關,0.0,女,結婚,博士,不同性別,0
113,,3,中和區,65歲以上,65,120,不相關,0.0,女,結婚,博士,相同性別,0
113,,3,中和區,65歲以上,65,120,不相關,0.0,女,結婚,國中,不同性別,2
113,,3,中和區,65歲以上,65,120,不相關,0.0,女,結婚,國中,相同性別,0
113,,3,中和區,65歲以上,65,120,不相關,0.0,女,結婚,國小以下,不同性別,2
113,,3,中和區,65歲以上,65,120,不相關,0.0,女,結婚,國小以下,相同性別,0
113,,3,中和區,65歲以上,65,120,不相關,0.0,女,結婚,大學,不同性別,3
113,,3,中和區,65歲以上,65,120,不相關,0.0,女,結婚,大學,相同性別,1
113,,3,中和區,65歲以上,65,120,不相關,0.0,女,結婚,專科,不同性別,2
113,,3,中和區,65歲以上,65,120,不相關,0.0,女,結婚,專科,相同性別,0
113,,3,中和區,65歲以上,65,120,不相關,0.0,女,結婚,碩士,不同性別,0
113,,3,中和區,65歲以上,65,120,不相關,0.0,女,結婚,碩士,相同性別,0
113,,3,中和區,65歲以上,65,120,不相關,0.0,女,結婚,高中職,不同性別,4
113,,3,中和區,65歲以上,65,120,不相關,0.0,女,結婚,高中職,相同性別,2
113,,3,中和區,65歲以上,65,120,不相關,0.0,男,結婚,博士,不同性別,1
113,,3,中和區,65歲以上,65,120,不相關,0.0,男,結婚,博士,相同性別,0
113,,3,中和區,65歲以上,65,120,不相關,0.0,男,結婚,國中,不同性別,7
113,,3,中和區,65歲以上,65,120,不相關,0.0,男,結婚,國中,相同性別,0
113,,3,中和區,65歲以上,65,120,不相關,0.0,男,結婚,國小以下,不同性別,8
113,,3,中和區,65歲以上,65,120,不相關,0.0,男,結婚,國小以下,相同性別,0
113,,3,中和區,65歲以上,65,120,不相關,0.0,男,結婚,大學,不同性別,7
113,,3,中和區,65歲以上,65,120,不相關,0.0,男,結婚,大學,相同性別,0
113,,3,中和區,65歲以上,65,120,不相關,0.0,男,結婚,專科,不同性別,3
113,,3,中和區,65歲以上,65,120,不相關,0.0,男,結婚,專科,相同性別,1
113,,3,中和區,65歲以上,65,120,不相關,0.0,男,結婚,碩士,不同性別,1
113,,3,中和區,65歲以上,65,120,不相關,0.0,男,結婚,碩士,相同性別,0
113,,3,中和區,65歲以上,65,120,不相關,0.0,男,結婚,高中職,不同性別,15
113,,3,中和區,65歲以上,65,120,不相關,0.0,男,結婚,高中職,相同性別,0
113,,4,永和區,未滿15歲,0,14,不相關,0.0,女,結婚,博士,不同性別,0
113,,4,永和區,未滿15歲,0,14,不相關,0.0,女,結婚,博士,相同性別,0
113,,4,永和區,未滿15歲,0,14,不相關,0.0,女,結婚,國中,不同性別,0
113,,4,永和區,未滿15歲,0,14,不相關,0.0,女,結婚,國中,相同性別,0
113,,4,永和區,未滿15歲,0,14,不相關,0.0,女,結婚,國小以下,不同性別,0
113,,4,永和區,未滿15歲,0,14,不相關,0.0,女,結婚,國小以下,相同性別,0
113,,4,永和區,未滿15歲,0,14,不相關,0.0,女,結婚,大學,不同性別,0
113,,4,永和區,未滿15歲,0,14,不相關,0.0,女,結婚,大學,相同性別,0
113,,4,永和區,未滿15歲,0,14,不相關,0.0,女,結婚,專科,不同性別,0
113,,4,永和區,未滿15歲,0,14,不相關,0.0,女,結婚,專科,相同性別,0
113,,4,永和區,未滿15歲,0,14,不相關,0.0,女,結婚,碩士,不同性別,0
113,,4,永和區,未滿15歲,0,14,不相關,0.0,女,結婚,碩士,相同性別,0
113,,4,永和區,未滿15歲,0,14,不相關,0.0,女,結婚,高中職,不同性別,0
113,,4,永和區,未滿15歲,0,14,不相關,0.0,女,結婚,高中職,相同性別,0
113,,4,永和區,未滿15歲,0,14,不相關,0.0,男,結婚,博士,不同性別,0
113,,4,永和區,未滿15歲,0,14,不相關,0.0,男,結婚,博士,相同性別,0
113,,4,永和區,未滿15歲,0,14,不相關,0.0,男,結婚,國中,不同性別,0
113,,4,永和區,未滿15歲,0,14,不相關,0.0,男,結婚,國中,相同性別,0
113,,4,永和區,未滿15歲,0,14,不相關,0.0,男,結婚,國小以下,不同性別,0
113,,4,永和區,未滿15歲,0,14,不相關,0.0,男,結婚,國小以下,相同性別,0
113,,4,永和區,未滿15歲,0,14,不相關,0.0,男,結婚,大學,不同性別,0
113,,4,永和區,未滿15歲,0,14,不相關,0.0,男,結婚,大學,相同性別,0
113,,4,永和區,未滿15歲,0,14,不相關,0.0,男,結婚,專科,不同性別,0
113,,4,永和區,未滿15歲,0,14,不相關,0.0,男,結婚,專科,相同性別,0
113,,4,永和區,未滿15歲,0,14,不相關,0.0,男,結婚,碩士,不同性別,0
113,,4,永和區,未滿15歲,0,14,不相關,0.0,男,結婚,碩士,相同性別,0
113,,4,永和區,未滿15歲,0,14,不相關,0.0,男,結婚,高中職,不同性別,0
113,,4,永和區,未滿15歲,0,14,不相關,0.0,男,結婚,高中職,相同性別,0
113,,4,永和區,15～19歲,15,19,部分重疊,0.4,女,結婚,博士,不同性別,0
113,,4,永和區,15～19歲,15,19,部分重疊,0.4,女,結婚,博士,相同性別,0
113,,4,永和區,15～19歲,15,19,部分重疊,0.4,女,結婚,國中,不同性別,4
113,,4,永和區,15～19歲,15,19,部分重疊,0.4,女,結婚,國中,相同性別,1
113,,4,永和區,15～19歲,15,19,部分重疊,0.4,女,結婚,國小以下,不同性別,2
113,,4,永和區,15～19歲,15,19,部分重疊,0.4,女,結婚,國小以下,相同性別,0
113,,4,永和區,15～19歲,15,19,部分重疊,0.4,女,結婚,大學,不同性別,0
113,,4,永和區,15～19歲,15,19,部分重疊,0.4,女,結婚,大學,相同性別,0
113,,4,永和區,15～19歲,15,19,部分重疊,0.4,女,結婚,專科,不同性別,0
113,,4,永和區,15～19歲,15,19,部分重疊,0.4,女,結婚,專科,相同性別,0
113,,4,永和區,15～19歲,15,19,部分重疊,0.4,女,結婚,碩士,不同性別,0
113,,4,永和區,15～19歲,15,19,部分重疊,0.4,女,結婚,碩士,相同性別,0
113,,4,永和區,15～19歲,15,19,部分重疊,0.4,女,結婚,高中職,不同性別,1
113,,4,永和區,15～19歲,15,19,部分重疊,0.4,女,結婚,高中職,相同性別,0
113,,4,永和區,15～19歲,15,19,部分重疊,0.4,男,結婚,博士,不同性別,0
113,,4,永和區,15～19歲,15,19,部分重疊,0.4,男,結婚,博士,相同性別,0
113,,4,永和區,15～19歲,15,19,部分重疊,0.4,男,結婚,國中,不同性別,4
113,,4,永和區,15～19歲,15,19,部分重疊,0.4,男,結婚,國中,相同性別,0
113,,4,永和區,15～19歲,15,19,部分重疊,0.4,男,結婚,國小以下,不同性別,0
113,,4,永和區,15～19歲,15,19,部分重疊,0.4,男,結婚,國小以下,相同性別,0
113,,4,永和區,15～19歲,15,19,部分重疊,0.4,男,結婚,大學,不同性別,0
113,,4,永和區,15～19歲,15,19,部分重疊,0.4,男,結婚,大學,相同性別,0
113,,4,永和區,15～19歲,15,19,部分重疊,0.4,男,結婚,專科,不同性別,0
113,,4,永和區,15～19歲,15,19,部分重疊,0.4,男,結婚,專科,相同性別,0
113,,4,永和區,15～19歲,15,19,部分重疊,0.4,男,結婚,碩士,不同性別,0
113,,4,永和區,15～19歲,15,19,部分重疊,0.4,男,結婚,碩士,相同性別,0
113,,4,永和區,15～19歲,15,19,部分重疊,0.4,男,結婚,高中職,不同性別,0
113,,4,永和區,15～19歲,15,19,部分重疊,0.4,男,結婚,高中職,相同性別,0
113,,4,永和區,20～24歲,20,24,完全落入,1.0,女,結婚,博士,不同性別,0
113,,4,永和區,20～24歲,20,24,完全落入,1.0,女,結婚,博士,相同性別,0
113,,4,永和區,20～24歲,20,24,完全落入,1.0,女,結婚,國中,不同性別,7
113,,4,永和區,20～24歲,20,24,完全落入,1.0,女,結婚,國中,相同性別,0
113,,4,永和區,20～24歲,20,24,完全落入,1.0,女,結婚,國小以下,不同性別,1
113,,4,永和區,20～24歲,20,24,完全落入,1.0,女,結婚,國小以下,相同性別,0
113,,4,永和區,20～24歲,20,24,完全落入,1.0,女,結婚,大學,不同性別,17
113,,4,永和區,20～24歲,20,24,完全落入,1.0,女,結婚,大學,相同性別,0
113,,4,永和區,20～24歲,20,24,完全落入,1.0,女,結婚,專科,不同性別,6
113,,4,永和區,20～24歲,20,24,完全落入,1.0,女,結婚,專科,相同性別,1
113,,4,永和區,20～24歲,20,24,完全落入,1.0,女,結婚,碩士,不同性別,1
113,,4,永和區,20～24歲,20,24,完全落入,1.0,女,結婚,碩士,相同性別,0
113,,4,永和區,20～24歲,20,24,完全落入,1.0,女,結婚,高中職,不同性別,19
113,,4,永和區,20～24歲,20,24,完全落入,1.0,女,結婚,高中職,相同性別,2
113,,4,永和區,20～24歲,20,24,完全落入,1.0,男,結婚,博士,不同性別,0
113,,4,永和區,20～24歲,20,24,完全落入,1.0,男,結婚,博士,相同性別,0
113,,4,永和區,20～24歲,20,24,完全落入,1.0,男,結婚,國中,不同性別,7
113,,4,永和區,20～24歲,20,24,完全落入,1.0,男,結婚,國中,相同性別,0
113,,4,永和區,20～24歲,20,24,完全落入,1.0,男,結婚,國小以下,不同性別,0
113,,4,永和區,20～24歲,20,24,完全落入,1.0,男,結婚,國小以下,相同性別,0
113,,4,永和區,20～24歲,20,24,完全落入,1.0,男,結婚,大學,不同性別,4
113,,4,永和區,20～24歲,20,24,完全落入,1.0,男,結婚,大學,相同性別,0
113,,4,永和區,20～24歲,20,24,完全落入,1.0,男,結婚,專科,不同性別,0
113,,4,永和區,20～24歲,20,24,完全落入,1.0,男,結婚,專科,相同性別,0
113,,4,永和區,20～24歲,20,24,完全落入,1.0,男,結婚,碩士,不同性別,1
113,,4,永和區,20～24歲,20,24,完全落入,1.0,男,結婚,碩士,相同性別,0
113,,4,永和區,20～24歲,20,24,完全落入,1.0,男,結婚,高中職,不同性別,16
113,,4,永和區,20～24歲,20,24,完全落入,1.0,男,結婚,高中職,相同性別,0
113,,4,永和區,25～29歲,25,29,完全落入,1.0,女,結婚,博士,不同性別,0
113,,4,永和區,25～29歲,25,29,完全落入,1.0,女,結婚,博士,相同性別,0
113,,4,永和區,25～29歲,25,29,完全落入,1.0,女,結婚,國中,不同性別,7
113,,4,永和區,25～29歲,25,29,完全落入,1.0,女,結婚,國中,相同性別,0
113,,4,永和區,25～29歲,25,29,完全落入,1.0,女,結婚,國小以下,不同性別,0
113,,4,永和區,25～29歲,25,29,完全落入,1.0,女,結婚,國小以下,相同性別,0
113,,4,永和區,25～29歲,25,29,完全落入,1.0,女,結婚,大學,不同性別,159
113,,4,永和區,25～29歲,25,29,完全落入,1.0,女,結婚,大學,相同性別,8
113,,4,永和區,25～29歲,25,29,完全落入,1.0,女,結婚,專科,不同性別,7
113,,4,永和區,25～29歲,25,29,完全落入,1.0,女,結婚,專科,相同性別,0
113,,4,永和區,25～29歲,25,29,完全落入,1.0,女,結婚,碩士,不同性別,24
113,,4,永和區,25～29歲,25,29,完全落入,1.0,女,結婚,碩士,相同性別,0
113,,4,永和區,25～29歲,25,29,完全落入,1.0,女,結婚,高中職,不同性別,29
113,,4,永和區,25～29歲,25,29,完全落入,1.0,女,結婚,高中職,相同性別,0
113,,4,永和區,25～29歲,25,29,完全落入,1.0,男,結婚,博士,不同性別,2
113,,4,永和區,25～29歲,25,29,完全落入,1.0,男,結婚,博士,相同性別,0
113,,4,永和區,25～29歲,25,29,完全落入,1.0,男,結婚,國中,不同性別,5
113,,4,永和區,25～29歲,25,29,完全落入,1.0,男,結婚,國中,相同性別,0
113,,4,永和區,25～29歲,25,29,完全落入,1.0,男,結婚,國小以下,不同性別,0
113,,4,永和區,25～29歲,25,29,完全落入,1.0,男,結婚,國小以下,相同性別,0
113,,4,永和區,25～29歲,25,29,完全落入,1.0,男,結婚,大學,不同性別,93
113,,4,永和區,25～29歲,25,29,完全落入,1.0,男,結婚,大學,相同性別,2
113,,4,永和區,25～29歲,25,29,完全落入,1.0,男,結婚,專科,不同性別,4
113,,4,永和區,25～29歲,25,29,完全落入,1.0,男,結婚,專科,相同性別,0
113,,4,永和區,25～29歲,25,29,完全落入,1.0,男,結婚,碩士,不同性別,24
113,,4,永和區,25～29歲,25,29,完全落入,1.0,男,結婚,碩士,相同性別,0
113,,4,永和區,25～29歲,25,29,完全落入,1.0,男,結婚,高中職,不同性別,30
113,,4,永和區,25～29歲,25,29,完全落入,1.0,男,結婚,高中職,相同性別,0
113,,4,永和區,30～34歲,30,34,完全落入,1.0,女,結婚,博士,不同性別,4
113,,4,永和區,30～34歲,30,34,完全落入,1.0,女,結婚,博士,相同性別,0
113,,4,永和區,30～34歲,30,34,完全落入,1.0,女,結婚,國中,不同性別,8
113,,4,永和區,30～34歲,30,34,完全落入,1.0,女,結婚,國中,相同性別,1
113,,4,永和區,30～34歲,30,34,完全落入,1.0,女,結婚,國小以下,不同性別,1
113,,4,永和區,30～34歲,30,34,完全落入,1.0,女,結婚,國小以下,相同性別,0
113,,4,永和區,30～34歲,30,34,完全落入,1.0,女,結婚,大學,不同性別,175
113,,4,永和區,30～34歲,30,34,完全落入,1.0,女,結婚,大學,相同性別,9
113,,4,永和區,30～34歲,30,34,完全落入,1.0,女,結婚,專科,不同性別,8
113,,4,永和區,30～34歲,30,34,完全落入,1.0,女,結婚,專科,相同性別,0
113,,4,永和區,30～34歲,30,34,完全落入,1.0,女,結婚,碩士,不同性別,53
113,,4,永和區,30～34歲,30,34,完全落入,1.0,女,結婚,碩士,相同性別,0
113,,4,永和區,30～34歲,30,34,完全落入,1.0,女,結婚,高中職,不同性別,38
113,,4,永和區,30～34歲,30,34,完全落入,1.0,女,結婚,高中職,相同性別,1
113,,4,永和區,30～34歲,30,34,完全落入,1.0,男,結婚,博士,不同性別,2
113,,4,永和區,30～34歲,30,34,完全落入,1.0,男,結婚,博士,相同性別,0
113,,4,永和區,30～34歲,30,34,完全落入,1.0,男,結婚,國中,不同性別,12
113,,4,永和區,30～34歲,30,34,完全落入,1.0,男,結婚,國中,相同性別,0
113,,4,永和區,30～34歲,30,34,完全落入,1.0,男,結婚,國小以下,不同性別,0
113,,4,永和區,30～34歲,30,34,完全落入,1.0,男,結婚,國小以下,相同性別,0
113,,4,永和區,30～34歲,30,34,完全落入,1.0,男,結婚,大學,不同性別,140
113,,4,永和區,30～34歲,30,34,完全落入,1.0,男,結婚,大學,相同性別,6
113,,4,永和區,30～34歲,30,34,完全落入,1.0,男,結婚,專科,不同性別,3
113,,4,永和區,30～34歲,30,34,完全落入,1.0,男,結婚,專科,相同性別,0
113,,4,永和區,30～34歲,30,34,完全落入,1.0,男,結婚,碩士,不同性別,56
113,,4,永和區,30～34歲,30,34,完全落入,1.0,男,結婚,碩士,相同性別,1
113,,4,永和區,30～34歲,30,34,完全落入,1.0,男,結婚,高中職,不同性別,55
113,,4,永和區,30～34歲,30,34,完全落入,1.0,男,結婚,高中職,相同性別,0
113,,4,永和區,35～39歲,35,39,部分重疊,0.2,女,結婚,博士,不同性別,3
113,,4,永和區,35～39歲,35,39,部分重疊,0.2,女,結婚,博士,相同性別,0
113,,4,永和區,35～39歲,35,39,部分重疊,0.2,女,結婚,國中,不同性別,7
113,,4,永和區,35～39歲,35,39,部分重疊,0.2,女,結婚,國中,相同性別,0
113,,4,永和區,35～39歲,35,39,部分重疊,0.2,女,結婚,國小以下,不同性別,1
113,,4,永和區,35～39歲,35,39,部分重疊,0.2,女,結婚,國小以下,相同性別,0
113,,4,永和區,35～39歲,35,39,部分重疊,0.2,女,結婚,大學,不同性別,83
113,,4,永和區,35～39歲,35,39,部分重疊,0.2,女,結婚,大學,相同性別,4
113,,4,永和區,35～39歲,35,39,部分重疊,0.2,女,結婚,專科,不同性別,4
113,,4,永和區,35～39歲,35,39,部分重疊,0.2,女,結婚,專科,相同性別,1
113,,4,永和區,35～39歲,35,39,部分重疊,0.2,女,結婚,碩士,不同性別,27
113,,4,永和區,35～39歲,35,39,部分重疊,0.2,女,結婚,碩士,相同性別,2
113,,4,永和區,35～39歲,35,39,部分重疊,0.2,女,結婚,高中職,不同性別,24
113,,4,永和區,35～39歲,35,39,部分重疊,0.2,女,結婚,高中職,相同性別,0
113,,4,永和區,35～39歲,35,39,部分重疊,0.2,男,結婚,博士,不同性別,4
113,,4,永和區,35～39歲,35,39,部分重疊,0.2,男,結婚,博士,相同性別,0
113,,4,永和區,35～39歲,35,39,部分重疊,0.2,男,結婚,國中,不同性別,10
113,,4,永和區,35～39歲,35,39,部分重疊,0.2,男,結婚,國中,相同性別,1
113,,4,永和區,35～39歲,35,39,部分重疊,0.2,男,結婚,國小以下,不同性別,0
113,,4,永和區,35～39歲,35,39,部分重疊,0.2,男,結婚,國小以下,相同性別,0
113,,4,永和區,35～39歲,35,39,部分重疊,0.2,男,結婚,大學,不同性別,81
113,,4,永和區,35～39歲,35,39,部分重疊,0.2,男,結婚,大學,相同性別,7
113,,4,永和區,35～39歲,35,39,部分重疊,0.2,男,結婚,專科,不同性別,7
113,,4,永和區,35～39歲,35,39,部分重疊,0.2,男,結婚,專科,相同性別,0
113,,4,永和區,35～39歲,35,39,部分重疊,0.2,男,結婚,碩士,不同性別,43
113,,4,永和區,35～39歲,35,39,部分重疊,0.2,男,結婚,碩士,相同性別,0
113,,4,永和區,35～39歲,35,39,部分重疊,0.2,男,結婚,高中職,不同性別,27
113,,4,永和區,35～39歲,35,39,部分重疊,0.2,男,結婚,高中職,相同性別,0
113,,4,永和區,40～44歲,40,44,不相關,0.0,女,結婚,博士,不同性別,0
113,,4,永和區,40～44歲,40,44,不相關,0.0,女,結婚,博士,相同性別,0
113,,4,永和區,40～44歲,40,44,不相關,0.0,女,結婚,國中,不同性別,6
113,,4,永和區,40～44歲,40,44,不相關,0.0,女,結婚,國中,相同性別,1
113,,4,永和區,40～44歲,40,44,不相關,0.0,女,結婚,國小以下,不同性別,3
113,,4,永和區,40～44歲,40,44,不相關,0.0,女,結婚,國小以下,相同性別,0
113,,4,永和區,40～44歲,40,44,不相關,0.0,女,結婚,大學,不同性別,20
113,,4,永和區,40～44歲,40,44,不相關,0.0,女,結婚,大學,相同性別,2
113,,4,永和區,40～44歲,40,44,不相關,0.0,女,結婚,專科,不同性別,9
113,,4,永和區,40～44歲,40,44,不相關,0.0,女,結婚,專科,相同性別,0
113,,4,永和區,40～44歲,40,44,不相關,0.0,女,結婚,碩士,不同性別,10
113,,4,永和區,40～44歲,40,44,不相關,0.0,女,結婚,碩士,相同性別,0
113,,4,永和區,40～44歲,40,44,不相關,0.0,女,結婚,高中職,不同性別,14
113,,4,永和區,40～44歲,40,44,不相關,0.0,女,結婚,高中職,相同性別,3
113,,4,永和區,40～44歲,40,44,不相關,0.0,男,結婚,博士,不同性別,3
113,,4,永和區,40～44歲,40,44,不相關,0.0,男,結婚,博士,相同性別,1
113,,4,永和區,40～44歲,40,44,不相關,0.0,男,結婚,國中,不同性別,5
113,,4,永和區,40～44歲,40,44,不相關,0.0,男,結婚,國中,相同性別,0
113,,4,永和區,40～44歲,40,44,不相關,0.0,男,結婚,國小以下,不同性別,0
113,,4,永和區,40～44歲,40,44,不相關,0.0,男,結婚,國小以下,相同性別,0
113,,4,永和區,40～44歲,40,44,不相關,0.0,男,結婚,大學,不同性別,32
113,,4,永和區,40～44歲,40,44,不相關,0.0,男,結婚,大學,相同性別,1
113,,4,永和區,40～44歲,40,44,不相關,0.0,男,結婚,專科,不同性別,8
113,,4,永和區,40～44歲,40,44,不相關,0.0,男,結婚,專科,相同性別,0
113,,4,永和區,40～44歲,40,44,不相關,0.0,男,結婚,碩士,不同性別,16
113,,4,永和區,40～44歲,40,44,不相關,0.0,男,結婚,碩士,相同性別,1
113,,4,永和區,40～44歲,40,44,不相關,0.0,男,結婚,高中職,不同性別,23
113,,4,永和區,40～44歲,40,44,不相關,0.0,男,結婚,高中職,相同性別,0
113,,4,永和區,45～49歲,45,49,不相關,0.0,女,結婚,博士,不同性別,0
113,,4,永和區,45～49歲,45,49,不相關,0.0,女,結婚,博士,相同性別,0
113,,4,永和區,45～49歲,45,49,不相關,0.0,女,結婚,國中,不同性別,4
113,,4,永和區,45～49歲,45,49,不相關,0.0,女,結婚,國中,相同性別,0
113,,4,永和區,45～49歲,45,49,不相關,0.0,女,結婚,國小以下,不同性別,1
113,,4,永和區,45～49歲,45,49,不相關,0.0,女,結婚,國小以下,相同性別,0
113,,4,永和區,45～49歲,45,49,不相關,0.0,女,結婚,大學,不同性別,9
113,,4,永和區,45～49歲,45,49,不相關,0.0,女,結婚,大學,相同性別,1
113,,4,永和區,45～49歲,45,49,不相關,0.0,女,結婚,專科,不同性別,4
113,,4,永和區,45～49歲,45,49,不相關,0.0,女,結婚,專科,相同性別,0
113,,4,永和區,45～49歲,45,49,不相關,0.0,女,結婚,碩士,不同性別,3
113,,4,永和區,45～49歲,45,49,不相關,0.0,女,結婚,碩士,相同性別,0
113,,4,永和區,45～49歲,45,49,不相關,0.0,女,結婚,高中職,不同性別,12
113,,4,永和區,45～49歲,45,49,不相關,0.0,女,結婚,高中職,相同性別,0
113,,4,永和區,45～49歲,45,49,不相關,0.0,男,結婚,博士,不同性別,4
113,,4,永和區,45～49歲,45,49,不相關,0.0,男,結婚,博士,相同性別,0
113,,4,永和區,45～49歲,45,49,不相關,0.0,男,結婚,國中,不同性別,5
113,,4,永和區,45～49歲,45,49,不相關,0.0,男,結婚,國中,相同性別,0
113,,4,永和區,45～49歲,45,49,不相關,0.0,男,結婚,國小以下,不同性別,1
113,,4,永和區,45～49歲,45,49,不相關,0.0,男,結婚,國小以下,相同性別,0
113,,4,永和區,45～49歲,45,49,不相關,0.0,男,結婚,大學,不同性別,17
113,,4,永和區,45～49歲,45,49,不相關,0.0,男,結婚,大學,相同性別,2
113,,4,永和區,45～49歲,45,49,不相關,0.0,男,結婚,專科,不同性別,8
113,,4,永和區,45～49歲,45,49,不相關,0.0,男,結婚,專科,相同性別,1
113,,4,永和區,45～49歲,45,49,不相關,0.0,男,結婚,碩士,不同性別,9
113,,4,永和區,45～49歲,45,49,不相關,0.0,男,結婚,碩士,相同性別,1
113,,4,永和區,45～49歲,45,49,不相關,0.0,男,結婚,高中職,不同性別,16
113,,4,永和區,45～49歲,45,49,不相關,0.0,男,結婚,高中職,相同性別,0
113,,4,永和區,50～54歲,50,54,不相關,0.0,女,結婚,博士,不同性別,0
113,,4,永和區,50～54歲,50,54,不相關,0.0,女,結婚,博士,相同性別,0
113,,4,永和區,50～54歲,50,54,不相關,0.0,女,結婚,國中,不同性別,2
113,,4,永和區,50～54歲,50,54,不相關,0.0,女,結婚,國中,相同性別,1
113,,4,永和區,50～54歲,50,54,不相關,0.0,女,結婚,國小以下,不同性別,1
113,,4,永和區,50～54歲,50,54,不相關,0.0,女,結婚,國小以下,相同性別,0
113,,4,永和區,50～54歲,50,54,不相關,0.0,女,結婚,大學,不同性別,5
113,,4,永和區,50～54歲,50,54,不相關,0.0,女,結婚,大學,相同性別,0
113,,4,永和區,50～54歲,50,54,不相關,0.0,女,結婚,專科,不同性別,6
113,,4,永和區,50～54歲,50,54,不相關,0.0,女,結婚,專科,相同性別,0
113,,4,永和區,50～54歲,50,54,不相關,0.0,女,結婚,碩士,不同性別,2
113,,4,永和區,50～54歲,50,54,不相關,0.0,女,結婚,碩士,相同性別,0
113,,4,永和區,50～54歲,50,54,不相關,0.0,女,結婚,高中職,不同性別,9
113,,4,永和區,50～54歲,50,54,不相關,0.0,女,結婚,高中職,相同性別,3
113,,4,永和區,50～54歲,50,54,不相關,0.0,男,結婚,博士,不同性別,0
113,,4,永和區,50～54歲,50,54,不相關,0.0,男,結婚,博士,相同性別,0
113,,4,永和區,50～54歲,50,54,不相關,0.0,男,結婚,國中,不同性別,0
113,,4,永和區,50～54歲,50,54,不相關,0.0,男,結婚,國中,相同性別,0
113,,4,永和區,50～54歲,50,54,不相關,0.0,男,結婚,國小以下,不同性別,0
113,,4,永和區,50～54歲,50,54,不相關,0.0,男,結婚,國小以下,相同性別,0
113,,4,永和區,50～54歲,50,54,不相關,0.0,男,結婚,大學,不同性別,8
113,,4,永和區,50～54歲,50,54,不相關,0.0,男,結婚,大學,相同性別,1
113,,4,永和區,50～54歲,50,54,不相關,0.0,男,結婚,專科,不同性別,11
113,,4,永和區,50～54歲,50,54,不相關,0.0,男,結婚,專科,相同性別,1
113,,4,永和區,50～54歲,50,54,不相關,0.0,男,結婚,碩士,不同性別,0
113,,4,永和區,50～54歲,50,54,不相關,0.0,男,結婚,碩士,相同性別,0
113,,4,永和區,50～54歲,50,54,不相關,0.0,男,結婚,高中職,不同性別,8
113,,4,永和區,50～54歲,50,54,不相關,0.0,男,結婚,高中職,相同性別,0
113,,4,永和區,55～59歲,55,59,不相關,0.0,女,結婚,博士,不同性別,0
113,,4,永和區,55～59歲,55,59,不相關,0.0,女,結婚,博士,相同性別,0
113,,4,永和區,55～59歲,55,59,不相關,0.0,女,結婚,國中,不同性別,0
113,,4,永和區,55～59歲,55,59,不相關,0.0,女,結婚,國中,相同性別,1
113,,4,永和區,55～59歲,55,59,不相關,0.0,女,結婚,國小以下,不同性別,0
113,,4,永和區,55～59歲,55,59,不相關,0.0,女,結婚,國小以下,相同性別,0
113,,4,永和區,55～59歲,55,59,不相關,0.0,女,結婚,大學,不同性別,4
113,,4,永和區,55～59歲,55,59,不相關,0.0,女,結婚,大學,相同性別,0
113,,4,永和區,55～59歲,55,59,不相關,0.0,女,結婚,專科,不同性別,1
113,,4,永和區,55～59歲,55,59,不相關,0.0,女,結婚,專科,相同性別,0
113,,4,永和區,55～59歲,55,59,不相關,0.0,女,結婚,碩士,不同性別,1
113,,4,永和區,55～59歲,55,59,不相關,0.0,女,結婚,碩士,相同性別,0
113,,4,永和區,55～59歲,55,59,不相關,0.0,女,結婚,高中職,不同性別,2
113,,4,永和區,55～59歲,55,59,不相關,0.0,女,結婚,高中職,相同性別,0
113,,4,永和區,55～59歲,55,59,不相關,0.0,男,結婚,博士,不同性別,0
113,,4,永和區,55～59歲,55,59,不相關,0.0,男,結婚,博士,相同性別,0
113,,4,永和區,55～59歲,55,59,不相關,0.0,男,結婚,國中,不同性別,2
113,,4,永和區,55～59歲,55,59,不相關,0.0,男,結婚,國中,相同性別,0
113,,4,永和區,55～59歲,55,59,不相關,0.0,男,結婚,國小以下,不同性別,0
113,,4,永和區,55～59歲,55,59,不相關,0.0,男,結婚,國小以下,相同性別,0
113,,4,永和區,55～59歲,55,59,不相關,0.0,男,結婚,大學,不同性別,7
113,,4,永和區,55～59歲,55,59,不相關,0.0,男,結婚,大學,相同性別,0
113,,4,永和區,55～59歲,55,59,不相關,0.0,男,結婚,專科,不同性別,8
113,,4,永和區,55～59歲,55,59,不相關,0.0,男,結婚,專科,相同性別,0
113,,4,永和區,55～59歲,55,59,不相關,0.0,男,結婚,碩士,不同性別,3
113,,4,永和區,55～59歲,55,59,不相關,0.0,男,結婚,碩士,相同性別,0
113,,4,永和區,55～59歲,55,59,不相關,0.0,男,結婚,高中職,不同性別,6
113,,4,永和區,55～59歲,55,59,不相關,0.0,男,結婚,高中職,相同性別,0
113,,4,永和區,60～64歲,60,64,不相關,0.0,女,結婚,博士,不同性別,0
113,,4,永和區,60～64歲,60,64,不相關,0.0,女,結婚,博士,相同性別,0
113,,4,永和區,60～64歲,60,64,不相關,0.0,女,結婚,國中,不同性別,0
113,,4,永和區,60～64歲,60,64,不相關,0.0,女,結婚,國中,相同性別,0
113,,4,永和區,60～64歲,60,64,不相關,0.0,女,結婚,國小以下,不同性別,0
113,,4,永和區,60～64歲,60,64,不相關,0.0,女,結婚,國小以下,相同性別,0
113,,4,永和區,60～64歲,60,64,不相關,0.0,女,結婚,大學,不同性別,1
113,,4,永和區,60～64歲,60,64,不相關,0.0,女,結婚,大學,相同性別,0
113,,4,永和區,60～64歲,60,64,不相關,0.0,女,結婚,專科,不同性別,1
113,,4,永和區,60～64歲,60,64,不相關,0.0,女,結婚,專科,相同性別,0
113,,4,永和區,60～64歲,60,64,不相關,0.0,女,結婚,碩士,不同性別,1
113,,4,永和區,60～64歲,60,64,不相關,0.0,女,結婚,碩士,相同性別,0
113,,4,永和區,60～64歲,60,64,不相關,0.0,女,結婚,高中職,不同性別,7
113,,4,永和區,60～64歲,60,64,不相關,0.0,女,結婚,高中職,相同性別,0
113,,4,永和區,60～64歲,60,64,不相關,0.0,男,結婚,博士,不同性別,0
113,,4,永和區,60～64歲,60,64,不相關,0.0,男,結婚,博士,相同性別,0
113,,4,永和區,60～64歲,60,64,不相關,0.0,男,結婚,國中,不同性別,2
113,,4,永和區,60～64歲,60,64,不相關,0.0,男,結婚,國中,相同性別,0
113,,4,永和區,60～64歲,60,64,不相關,0.0,男,結婚,國小以下,不同性別,0
113,,4,永和區,60～64歲,60,64,不相關,0.0,男,結婚,國小以下,相同性別,0
113,,4,永和區,60～64歲,60,64,不相關,0.0,男,結婚,大學,不同性別,5
113,,4,永和區,60～64歲,60,64,不相關,0.0,男,結婚,大學,相同性別,0
113,,4,永和區,60～64歲,60,64,不相關,0.0,男,結婚,專科,不同性別,4
113,,4,永和區,60～64歲,60,64,不相關,0.0,男,結婚,專科,相同性別,0
113,,4,永和區,60～64歲,60,64,不相關,0.0,男,結婚,碩士,不同性別,0
113,,4,永和區,60～64歲,60,64,不相關,0.0,男,結婚,碩士,相同性別,0
113,,4,永和區,60～64歲,60,64,不相關,0.0,男,結婚,高中職,不同性別,3
113,,4,永和區,60～64歲,60,64,不相關,0.0,男,結婚,高中職,相同性別,0
113,,4,永和區,65歲以上,65,120,不相關,0.0,女,結婚,博士,不同性別,0
113,,4,永和區,65歲以上,65,120,不相關,0.0,女,結婚,博士,相同性別,0
113,,4,永和區,65歲以上,65,120,不相關,0.0,女,結婚,國中,不同性別,1
113,,4,永和區,65歲以上,65,120,不相關,0.0,女,結婚,國中,相同性別,0
113,,4,永和區,65歲以上,65,120,不相關,0.0,女,結婚,國小以下,不同性別,1
113,,4,永和區,65歲以上,65,120,不相關,0.0,女,結婚,國小以下,相同性別,0
113,,4,永和區,65歲以上,65,120,不相關,0.0,女,結婚,大學,不同性別,4
113,,4,永和區,65歲以上,65,120,不相關,0.0,女,結婚,大學,相同性別,0
113,,4,永和區,65歲以上,65,120,不相關,0.0,女,結婚,專科,不同性別,2
113,,4,永和區,65歲以上,65,120,不相關,0.0,女,結婚,專科,相同性別,0
113,,4,永和區,65歲以上,65,120,不相關,0.0,女,結婚,碩士,不同性別,1
113,,4,永和區,65歲以上,65,120,不相關,0.0,女,結婚,碩士,相同性別,0
113,,4,永和區,65歲以上,65,120,不相關,0.0,女,結婚,高中職,不同性別,3
113,,4,永和區,65歲以上,65,120,不相關,0.0,女,結婚,高中職,相同性別,0
113,,4,永和區,65歲以上,65,120,不相關,0.0,男,結婚,博士,不同性別,0
113,,4,永和區,65歲以上,65,120,不相關,0.0,男,結婚,博士,相同性別,0
113,,4,永和區,65歲以上,65,120,不相關,0.0,男,結婚,國中,不同性別,2
113,,4,永和區,65歲以上,65,120,不相關,0.0,男,結婚,國中,相同性別,0
113,,4,永和區,65歲以上,65,120,不相關,0.0,男,結婚,國小以下,不同性別,2
113,,4,永和區,65歲以上,65,120,不相關,0.0,男,結婚,國小以下,相同性別,0
113,,4,永和區,65歲以上,65,120,不相關,0.0,男,結婚,大學,不同性別,7
113,,4,永和區,65歲以上,65,120,不相關,0.0,男,結婚,大學,相同性別,0
113,,4,永和區,65歲以上,65,120,不相關,0.0,男,結婚,專科,不同性別,6
113,,4,永和區,65歲以上,65,120,不相關,0.0,男,結婚,專科,相同性別,0
113,,4,永和區,65歲以上,65,120,不相關,0.0,男,結婚,碩士,不同性別,1
113,,4,永和區,65歲以上,65,120,不相關,0.0,男,結婚,碩士,相同性別,0
113,,4,永和區,65歲以上,65,120,不相關,0.0,男,結婚,高中職,不同性別,8
113,,4,永和區,65歲以上,65,120,不相關,0.0,男,結婚,高中職,相同性別,0
113,,5,新莊區,未滿15歲,0,14,不相關,0.0,女,結婚,博士,不同性別,0
113,,5,新莊區,未滿15歲,0,14,不相關,0.0,女,結婚,博士,相同性別,0
113,,5,新莊區,未滿15歲,0,14,不相關,0.0,女,結婚,國中,不同性別,0
113,,5,新莊區,未滿15歲,0,14,不相關,0.0,女,結婚,國中,相同性別,0
113,,5,新莊區,未滿15歲,0,14,不相關,0.0,女,結婚,國小以下,不同性別,0
113,,5,新莊區,未滿15歲,0,14,不相關,0.0,女,結婚,國小以下,相同性別,0
113,,5,新莊區,未滿15歲,0,14,不相關,0.0,女,結婚,大學,不同性別,0
113,,5,新莊區,未滿15歲,0,14,不相關,0.0,女,結婚,大學,相同性別,0
113,,5,新莊區,未滿15歲,0,14,不相關,0.0,女,結婚,專科,不同性別,0
113,,5,新莊區,未滿15歲,0,14,不相關,0.0,女,結婚,專科,相同性別,0
113,,5,新莊區,未滿15歲,0,14,不相關,0.0,女,結婚,碩士,不同性別,0
113,,5,新莊區,未滿15歲,0,14,不相關,0.0,女,結婚,碩士,相同性別,0
113,,5,新莊區,未滿15歲,0,14,不相關,0.0,女,結婚,高中職,不同性別,0
113,,5,新莊區,未滿15歲,0,14,不相關,0.0,女,結婚,高中職,相同性別,0
113,,5,新莊區,未滿15歲,0,14,不相關,0.0,男,結婚,博士,不同性別,0
113,,5,新莊區,未滿15歲,0,14,不相關,0.0,男,結婚,博士,相同性別,0
113,,5,新莊區,未滿15歲,0,14,不相關,0.0,男,結婚,國中,不同性別,0
113,,5,新莊區,未滿15歲,0,14,不相關,0.0,男,結婚,國中,相同性別,0
113,,5,新莊區,未滿15歲,0,14,不相關,0.0,男,結婚,國小以下,不同性別,0
113,,5,新莊區,未滿15歲,0,14,不相關,0.0,男,結婚,國小以下,相同性別,0
113,,5,新莊區,未滿15歲,0,14,不相關,0.0,男,結婚,大學,不同性別,0
113,,5,新莊區,未滿15歲,0,14,不相關,0.0,男,結婚,大學,相同性別,0
113,,5,新莊區,未滿15歲,0,14,不相關,0.0,男,結婚,專科,不同性別,0
113,,5,新莊區,未滿15歲,0,14,不相關,0.0,男,結婚,專科,相同性別,0
113,,5,新莊區,未滿15歲,0,14,不相關,0.0,男,結婚,碩士,不同性別,0
113,,5,新莊區,未滿15歲,0,14,不相關,0.0,男,結婚,碩士,相同性別,0
113,,5,新莊區,未滿15歲,0,14,不相關,0.0,男,結婚,高中職,不同性別,0
113,,5,新莊區,未滿15歲,0,14,不相關,0.0,男,結婚,高中職,相同性別,0
113,,5,新莊區,15～19歲,15,19,部分重疊,0.4,女,結婚,博士,不同性別,0
113,,5,新莊區,15～19歲,15,19,部分重疊,0.4,女,結婚,博士,相同性別,0
113,,5,新莊區,15～19歲,15,19,部分重疊,0.4,女,結婚,國中,不同性別,16
113,,5,新莊區,15～19歲,15,19,部分重疊,0.4,女,結婚,國中,相同性別,1
113,,5,新莊區,15～19歲,15,19,部分重疊,0.4,女,結婚,國小以下,不同性別,1
113,,5,新莊區,15～19歲,15,19,部分重疊,0.4,女,結婚,國小以下,相同性別,0
113,,5,新莊區,15～19歲,15,19,部分重疊,0.4,女,結婚,大學,不同性別,0
113,,5,新莊區,15～19歲,15,19,部分重疊,0.4,女,結婚,大學,相同性別,0
113,,5,新莊區,15～19歲,15,19,部分重疊,0.4,女,結婚,專科,不同性別,0
113,,5,新莊區,15～19歲,15,19,部分重疊,0.4,女,結婚,專科,相同性別,0
113,,5,新莊區,15～19歲,15,19,部分重疊,0.4,女,結婚,碩士,不同性別,0
113,,5,新莊區,15～19歲,15,19,部分重疊,0.4,女,結婚,碩士,相同性別,0
113,,5,新莊區,15～19歲,15,19,部分重疊,0.4,女,結婚,高中職,不同性別,18
113,,5,新莊區,15～19歲,15,19,部分重疊,0.4,女,結婚,高中職,相同性別,0
113,,5,新莊區,15～19歲,15,19,部分重疊,0.4,男,結婚,博士,不同性別,0
113,,5,新莊區,15～19歲,15,19,部分重疊,0.4,男,結婚,博士,相同性別,0
113,,5,新莊區,15～19歲,15,19,部分重疊,0.4,男,結婚,國中,不同性別,8
113,,5,新莊區,15～19歲,15,19,部分重疊,0.4,男,結婚,國中,相同性別,1
113,,5,新莊區,15～19歲,15,19,部分重疊,0.4,男,結婚,國小以下,不同性別,0
113,,5,新莊區,15～19歲,15,19,部分重疊,0.4,男,結婚,國小以下,相同性別,0
113,,5,新莊區,15～19歲,15,19,部分重疊,0.4,男,結婚,大學,不同性別,0
113,,5,新莊區,15～19歲,15,19,部分重疊,0.4,男,結婚,大學,相同性別,0
113,,5,新莊區,15～19歲,15,19,部分重疊,0.4,男,結婚,專科,不同性別,0
113,,5,新莊區,15～19歲,15,19,部分重疊,0.4,男,結婚,專科,相同性別,0
113,,5,新莊區,15～19歲,15,19,部分重疊,0.4,男,結婚,碩士,不同性別,0
113,,5,新莊區,15～19歲,15,19,部分重疊,0.4,男,結婚,碩士,相同性別,0
113,,5,新莊區,15～19歲,15,19,部分重疊,0.4,男,結婚,高中職,不同性別,3
113,,5,新莊區,15～19歲,15,19,部分重疊,0.4,男,結婚,高中職,相同性別,1
113,,5,新莊區,20～24歲,20,24,完全落入,1.0,女,結婚,博士,不同性別,0
113,,5,新莊區,20～24歲,20,24,完全落入,1.0,女,結婚,博士,相同性別,0
113,,5,新莊區,20～24歲,20,24,完全落入,1.0,女,結婚,國中,不同性別,30
113,,5,新莊區,20～24歲,20,24,完全落入,1.0,女,結婚,國中,相同性別,1
113,,5,新莊區,20～24歲,20,24,完全落入,1.0,女,結婚,國小以下,不同性別,2
113,,5,新莊區,20～24歲,20,24,完全落入,1.0,女,結婚,國小以下,相同性別,0
113,,5,新莊區,20～24歲,20,24,完全落入,1.0,女,結婚,大學,不同性別,35
113,,5,新莊區,20～24歲,20,24,完全落入,1.0,女,結婚,大學,相同性別,0
113,,5,新莊區,20～24歲,20,24,完全落入,1.0,女,結婚,專科,不同性別,10
113,,5,新莊區,20～24歲,20,24,完全落入,1.0,女,結婚,專科,相同性別,0
113,,5,新莊區,20～24歲,20,24,完全落入,1.0,女,結婚,碩士,不同性別,0
113,,5,新莊區,20～24歲,20,24,完全落入,1.0,女,結婚,碩士,相同性別,0
113,,5,新莊區,20～24歲,20,24,完全落入,1.0,女,結婚,高中職,不同性別,90
113,,5,新莊區,20～24歲,20,24,完全落入,1.0,女,結婚,高中職,相同性別,3
113,,5,新莊區,20～24歲,20,24,完全落入,1.0,男,結婚,博士,不同性別,0
113,,5,新莊區,20～24歲,20,24,完全落入,1.0,男,結婚,博士,相同性別,0
113,,5,新莊區,20～24歲,20,24,完全落入,1.0,男,結婚,國中,不同性別,30
113,,5,新莊區,20～24歲,20,24,完全落入,1.0,男,結婚,國中,相同性別,0
113,,5,新莊區,20～24歲,20,24,完全落入,1.0,男,結婚,國小以下,不同性別,2
113,,5,新莊區,20～24歲,20,24,完全落入,1.0,男,結婚,國小以下,相同性別,0
113,,5,新莊區,20～24歲,20,24,完全落入,1.0,男,結婚,大學,不同性別,17
113,,5,新莊區,20～24歲,20,24,完全落入,1.0,男,結婚,大學,相同性別,0
113,,5,新莊區,20～24歲,20,24,完全落入,1.0,男,結婚,專科,不同性別,2
113,,5,新莊區,20～24歲,20,24,完全落入,1.0,男,結婚,專科,相同性別,0
113,,5,新莊區,20～24歲,20,24,完全落入,1.0,男,結婚,碩士,不同性別,0
113,,5,新莊區,20～24歲,20,24,完全落入,1.0,男,結婚,碩士,相同性別,0
113,,5,新莊區,20～24歲,20,24,完全落入,1.0,男,結婚,高中職,不同性別,49
113,,5,新莊區,20～24歲,20,24,完全落入,1.0,男,結婚,高中職,相同性別,2
113,,5,新莊區,25～29歲,25,29,完全落入,1.0,女,結婚,博士,不同性別,1
113,,5,新莊區,25～29歲,25,29,完全落入,1.0,女,結婚,博士,相同性別,0
113,,5,新莊區,25～29歲,25,29,完全落入,1.0,女,結婚,國中,不同性別,29
113,,5,新莊區,25～29歲,25,29,完全落入,1.0,女,結婚,國中,相同性別,2
113,,5,新莊區,25～29歲,25,29,完全落入,1.0,女,結婚,國小以下,不同性別,2
113,,5,新莊區,25～29歲,25,29,完全落入,1.0,女,結婚,國小以下,相同性別,0
113,,5,新莊區,25～29歲,25,29,完全落入,1.0,女,結婚,大學,不同性別,407
113,,5,新莊區,25～29歲,25,29,完全落入,1.0,女,結婚,大學,相同性別,3
113,,5,新莊區,25～29歲,25,29,完全落入,1.0,女,結婚,專科,不同性別,23
113,,5,新莊區,25～29歲,25,29,完全落入,1.0,女,結婚,專科,相同性別,0
113,,5,新莊區,25～29歲,25,29,完全落入,1.0,女,結婚,碩士,不同性別,44
113,,5,新莊區,25～29歲,25,29,完全落入,1.0,女,結婚,碩士,相同性別,0
113,,5,新莊區,25～29歲,25,29,完全落入,1.0,女,結婚,高中職,不同性別,112
113,,5,新莊區,25～29歲,25,29,完全落入,1.0,女,結婚,高中職,相同性別,5
113,,5,新莊區,25～29歲,25,29,完全落入,1.0,男,結婚,博士,不同性別,0
113,,5,新莊區,25～29歲,25,29,完全落入,1.0,男,結婚,博士,相同性別,0
113,,5,新莊區,25～29歲,25,29,完全落入,1.0,男,結婚,國中,不同性別,38
113,,5,新莊區,25～29歲,25,29,完全落入,1.0,男,結婚,國中,相同性別,0
113,,5,新莊區,25～29歲,25,29,完全落入,1.0,男,結婚,國小以下,不同性別,3
113,,5,新莊區,25～29歲,25,29,完全落入,1.0,男,結婚,國小以下,相同性別,0
113,,5,新莊區,25～29歲,25,29,完全落入,1.0,男,結婚,大學,不同性別,239
113,,5,新莊區,25～29歲,25,29,完全落入,1.0,男,結婚,大學,相同性別,6
113,,5,新莊區,25～29歲,25,29,完全落入,1.0,男,結婚,專科,不同性別,12
113,,5,新莊區,25～29歲,25,29,完全落入,1.0,男,結婚,專科,相同性別,0
113,,5,新莊區,25～29歲,25,29,完全落入,1.0,男,結婚,碩士,不同性別,46
113,,5,新莊區,25～29歲,25,29,完全落入,1.0,男,結婚,碩士,相同性別,0
113,,5,新莊區,25～29歲,25,29,完全落入,1.0,男,結婚,高中職,不同性別,102
113,,5,新莊區,25～29歲,25,29,完全落入,1.0,男,結婚,高中職,相同性別,1
113,,5,新莊區,30～34歲,30,34,完全落入,1.0,女,結婚,博士,不同性別,0
113,,5,新莊區,30～34歲,30,34,完全落入,1.0,女,結婚,博士,相同性別,0
113,,5,新莊區,30～34歲,30,34,完全落入,1.0,女,結婚,國中,不同性別,31
113,,5,新莊區,30～34歲,30,34,完全落入,1.0,女,結婚,國中,相同性別,4
113,,5,新莊區,30～34歲,30,34,完全落入,1.0,女,結婚,國小以下,不同性別,4
113,,5,新莊區,30～34歲,30,34,完全落入,1.0,女,結婚,國小以下,相同性別,0
113,,5,新莊區,30～34歲,30,34,完全落入,1.0,女,結婚,大學,不同性別,496
113,,5,新莊區,30～34歲,30,34,完全落入,1.0,女,結婚,大學,相同性別,11
113,,5,新莊區,30～34歲,30,34,完全落入,1.0,女,結婚,專科,不同性別,22
113,,5,新莊區,30～34歲,30,34,完全落入,1.0,女,結婚,專科,相同性別,3
113,,5,新莊區,30～34歲,30,34,完全落入,1.0,女,結婚,碩士,不同性別,95
113,,5,新莊區,30～34歲,30,34,完全落入,1.0,女,結婚,碩士,相同性別,0
113,,5,新莊區,30～34歲,30,34,完全落入,1.0,女,結婚,高中職,不同性別,112
113,,5,新莊區,30～34歲,30,34,完全落入,1.0,女,結婚,高中職,相同性別,4
113,,5,新莊區,30～34歲,30,34,完全落入,1.0,男,結婚,博士,不同性別,2
113,,5,新莊區,30～34歲,30,34,完全落入,1.0,男,結婚,博士,相同性別,0
113,,5,新莊區,30～34歲,30,34,完全落入,1.0,男,結婚,國中,不同性別,43
113,,5,新莊區,30～34歲,30,34,完全落入,1.0,男,結婚,國中,相同性別,2
113,,5,新莊區,30～34歲,30,34,完全落入,1.0,男,結婚,國小以下,不同性別,5
113,,5,新莊區,30～34歲,30,34,完全落入,1.0,男,結婚,國小以下,相同性別,0
113,,5,新莊區,30～34歲,30,34,完全落入,1.0,男,結婚,大學,不同性別,388
113,,5,新莊區,30～34歲,30,34,完全落入,1.0,男,結婚,大學,相同性別,6
113,,5,新莊區,30～34歲,30,34,完全落入,1.0,男,結婚,專科,不同性別,22
113,,5,新莊區,30～34歲,30,34,完全落入,1.0,男,結婚,專科,相同性別,2
113,,5,新莊區,30～34歲,30,34,完全落入,1.0,男,結婚,碩士,不同性別,131
113,,5,新莊區,30～34歲,30,34,完全落入,1.0,男,結婚,碩士,相同性別,2
113,,5,新莊區,30～34歲,30,34,完全落入,1.0,男,結婚,高中職,不同性別,142
113,,5,新莊區,30～34歲,30,34,完全落入,1.0,男,結婚,高中職,相同性別,3
113,,5,新莊區,35～39歲,35,39,部分重疊,0.2,女,結婚,博士,不同性別,0
113,,5,新莊區,35～39歲,35,39,部分重疊,0.2,女,結婚,博士,相同性別,0
113,,5,新莊區,35～39歲,35,39,部分重疊,0.2,女,結婚,國中,不同性別,33
113,,5,新莊區,35～39歲,35,39,部分重疊,0.2,女,結婚,國中,相同性別,2
113,,5,新莊區,35～39歲,35,39,部分重疊,0.2,女,結婚,國小以下,不同性別,9
113,,5,新莊區,35～39歲,35,39,部分重疊,0.2,女,結婚,國小以下,相同性別,0
113,,5,新莊區,35～39歲,35,39,部分重疊,0.2,女,結婚,大學,不同性別,165
113,,5,新莊區,35～39歲,35,39,部分重疊,0.2,女,結婚,大學,相同性別,6
113,,5,新莊區,35～39歲,35,39,部分重疊,0.2,女,結婚,專科,不同性別,15
113,,5,新莊區,35～39歲,35,39,部分重疊,0.2,女,結婚,專科,相同性別,2
113,,5,新莊區,35～39歲,35,39,部分重疊,0.2,女,結婚,碩士,不同性別,26
113,,5,新莊區,35～39歲,35,39,部分重疊,0.2,女,結婚,碩士,相同性別,1
113,,5,新莊區,35～39歲,35,39,部分重疊,0.2,女,結婚,高中職,不同性別,74
113,,5,新莊區,35～39歲,35,39,部分重疊,0.2,女,結婚,高中職,相同性別,5
113,,5,新莊區,35～39歲,35,39,部分重疊,0.2,男,結婚,博士,不同性別,4
113,,5,新莊區,35～39歲,35,39,部分重疊,0.2,男,結婚,博士,相同性別,0
113,,5,新莊區,35～39歲,35,39,部分重疊,0.2,男,結婚,國中,不同性別,41
113,,5,新莊區,35～39歲,35,39,部分重疊,0.2,男,結婚,國中,相同性別,0
113,,5,新莊區,35～39歲,35,39,部分重疊,0.2,男,結婚,國小以下,不同性別,7
113,,5,新莊區,35～39歲,35,39,部分重疊,0.2,男,結婚,國小以下,相同性別,0
113,,5,新莊區,35～39歲,35,39,部分重疊,0.2,男,結婚,大學,不同性別,203
113,,5,新莊區,35～39歲,35,39,部分重疊,0.2,男,結婚,大學,相同性別,7
113,,5,新莊區,35～39歲,35,39,部分重疊,0.2,男,結婚,專科,不同性別,18
113,,5,新莊區,35～39歲,35,39,部分重疊,0.2,男,結婚,專科,相同性別,0
113,,5,新莊區,35～39歲,35,39,部分重疊,0.2,男,結婚,碩士,不同性別,76
113,,5,新莊區,35～39歲,35,39,部分重疊,0.2,男,結婚,碩士,相同性別,2
113,,5,新莊區,35～39歲,35,39,部分重疊,0.2,男,結婚,高中職,不同性別,92
113,,5,新莊區,35～39歲,35,39,部分重疊,0.2,男,結婚,高中職,相同性別,2
113,,5,新莊區,40～44歲,40,44,不相關,0.0,女,結婚,博士,不同性別,1
113,,5,新莊區,40～44歲,40,44,不相關,0.0,女,結婚,博士,相同性別,0
113,,5,新莊區,40～44歲,40,44,不相關,0.0,女,結婚,國中,不同性別,26
113,,5,新莊區,40～44歲,40,44,不相關,0.0,女,結婚,國中,相同性別,2
113,,5,新莊區,40～44歲,40,44,不相關,0.0,女,結婚,國小以下,不同性別,19
113,,5,新莊區,40～44歲,40,44,不相關,0.0,女,結婚,國小以下,相同性別,0
113,,5,新莊區,40～44歲,40,44,不相關,0.0,女,結婚,大學,不同性別,52
113,,5,新莊區,40～44歲,40,44,不相關,0.0,女,結婚,大學,相同性別,2
113,,5,新莊區,40～44歲,40,44,不相關,0.0,女,結婚,專科,不同性別,18
113,,5,新莊區,40～44歲,40,44,不相關,0.0,女,結婚,專科,相同性別,2
113,,5,新莊區,40～44歲,40,44,不相關,0.0,女,結婚,碩士,不同性別,15
113,,5,新莊區,40～44歲,40,44,不相關,0.0,女,結婚,碩士,相同性別,0
113,,5,新莊區,40～44歲,40,44,不相關,0.0,女,結婚,高中職,不同性別,47
113,,5,新莊區,40～44歲,40,44,不相關,0.0,女,結婚,高中職,相同性別,1
113,,5,新莊區,40～44歲,40,44,不相關,0.0,男,結婚,博士,不同性別,3
113,,5,新莊區,40～44歲,40,44,不相關,0.0,男,結婚,博士,相同性別,0
113,,5,新莊區,40～44歲,40,44,不相關,0.0,男,結婚,國中,不同性別,29
113,,5,新莊區,40～44歲,40,44,不相關,0.0,男,結婚,國中,相同性別,0
113,,5,新莊區,40～44歲,40,44,不相關,0.0,男,結婚,國小以下,不同性別,6
113,,5,新莊區,40～44歲,40,44,不相關,0.0,男,結婚,國小以下,相同性別,0
113,,5,新莊區,40～44歲,40,44,不相關,0.0,男,結婚,大學,不同性別,78
113,,5,新莊區,40～44歲,40,44,不相關,0.0,男,結婚,大學,相同性別,0
113,,5,新莊區,40～44歲,40,44,不相關,0.0,男,結婚,專科,不同性別,26
113,,5,新莊區,40～44歲,40,44,不相關,0.0,男,結婚,專科,相同性別,2
113,,5,新莊區,40～44歲,40,44,不相關,0.0,男,結婚,碩士,不同性別,33
113,,5,新莊區,40～44歲,40,44,不相關,0.0,男,結婚,碩士,相同性別,0
113,,5,新莊區,40～44歲,40,44,不相關,0.0,男,結婚,高中職,不同性別,73
113,,5,新莊區,40～44歲,40,44,不相關,0.0,男,結婚,高中職,相同性別,1
113,,5,新莊區,45～49歲,45,49,不相關,0.0,女,結婚,博士,不同性別,0
113,,5,新莊區,45～49歲,45,49,不相關,0.0,女,結婚,博士,相同性別,0
113,,5,新莊區,45～49歲,45,49,不相關,0.0,女,結婚,國中,不同性別,18
113,,5,新莊區,45～49歲,45,49,不相關,0.0,女,結婚,國中,相同性別,0
113,,5,新莊區,45～49歲,45,49,不相關,0.0,女,結婚,國小以下,不同性別,7
113,,5,新莊區,45～49歲,45,49,不相關,0.0,女,結婚,國小以下,相同性別,0
113,,5,新莊區,45～49歲,45,49,不相關,0.0,女,結婚,大學,不同性別,12
113,,5,新莊區,45～49歲,45,49,不相關,0.0,女,結婚,大學,相同性別,2
113,,5,新莊區,45～49歲,45,49,不相關,0.0,女,結婚,專科,不同性別,11
113,,5,新莊區,45～49歲,45,49,不相關,0.0,女,結婚,專科,相同性別,3
113,,5,新莊區,45～49歲,45,49,不相關,0.0,女,結婚,碩士,不同性別,6
113,,5,新莊區,45～49歲,45,49,不相關,0.0,女,結婚,碩士,相同性別,2
113,,5,新莊區,45～49歲,45,49,不相關,0.0,女,結婚,高中職,不同性別,23
113,,5,新莊區,45～49歲,45,49,不相關,0.0,女,結婚,高中職,相同性別,3
113,,5,新莊區,45～49歲,45,49,不相關,0.0,男,結婚,博士,不同性別,1
113,,5,新莊區,45～49歲,45,49,不相關,0.0,男,結婚,博士,相同性別,0
113,,5,新莊區,45～49歲,45,49,不相關,0.0,男,結婚,國中,不同性別,19
113,,5,新莊區,45～49歲,45,49,不相關,0.0,男,結婚,國中,相同性別,0
113,,5,新莊區,45～49歲,45,49,不相關,0.0,男,結婚,國小以下,不同性別,4
113,,5,新莊區,45～49歲,45,49,不相關,0.0,男,結婚,國小以下,相同性別,0
113,,5,新莊區,45～49歲,45,49,不相關,0.0,男,結婚,大學,不同性別,25
113,,5,新莊區,45～49歲,45,49,不相關,0.0,男,結婚,大學,相同性別,1
113,,5,新莊區,45～49歲,45,49,不相關,0.0,男,結婚,專科,不同性別,19
113,,5,新莊區,45～49歲,45,49,不相關,0.0,男,結婚,專科,相同性別,0
113,,5,新莊區,45～49歲,45,49,不相關,0.0,男,結婚,碩士,不同性別,12
113,,5,新莊區,45～49歲,45,49,不相關,0.0,男,結婚,碩士,相同性別,0
113,,5,新莊區,45～49歲,45,49,不相關,0.0,男,結婚,高中職,不同性別,45
113,,5,新莊區,45～49歲,45,49,不相關,0.0,男,結婚,高中職,相同性別,1
113,,5,新莊區,50～54歲,50,54,不相關,0.0,女,結婚,博士,不同性別,1
113,,5,新莊區,50～54歲,50,54,不相關,0.0,女,結婚,博士,相同性別,0
113,,5,新莊區,50～54歲,50,54,不相關,0.0,女,結婚,國中,不同性別,8
113,,5,新莊區,50～54歲,50,54,不相關,0.0,女,結婚,國中,相同性別,0
113,,5,新莊區,50～54歲,50,54,不相關,0.0,女,結婚,國小以下,不同性別,1
113,,5,新莊區,50～54歲,50,54,不相關,0.0,女,結婚,國小以下,相同性別,0
113,,5,新莊區,50～54歲,50,54,不相關,0.0,女,結婚,大學,不同性別,2
113,,5,新莊區,50～54歲,50,54,不相關,0.0,女,結婚,大學,相同性別,0
113,,5,新莊區,50～54歲,50,54,不相關,0.0,女,結婚,專科,不同性別,4
113,,5,新莊區,50～54歲,50,54,不相關,0.0,女,結婚,專科,相同性別,0
113,,5,新莊區,50～54歲,50,54,不相關,0.0,女,結婚,碩士,不同性別,2
113,,5,新莊區,50～54歲,50,54,不相關,0.0,女,結婚,碩士,相同性別,0
113,,5,新莊區,50～54歲,50,54,不相關,0.0,女,結婚,高中職,不同性別,18
113,,5,新莊區,50～54歲,50,54,不相關,0.0,女,結婚,高中職,相同性別,0
113,,5,新莊區,50～54歲,50,54,不相關,0.0,男,結婚,博士,不同性別,0
113,,5,新莊區,50～54歲,50,54,不相關,0.0,男,結婚,博士,相同性別,0
113,,5,新莊區,50～54歲,50,54,不相關,0.0,男,結婚,國中,不同性別,12
113,,5,新莊區,50～54歲,50,54,不相關,0.0,男,結婚,國中,相同性別,0
113,,5,新莊區,50～54歲,50,54,不相關,0.0,男,結婚,國小以下,不同性別,3
113,,5,新莊區,50～54歲,50,54,不相關,0.0,男,結婚,國小以下,相同性別,0
113,,5,新莊區,50～54歲,50,54,不相關,0.0,男,結婚,大學,不同性別,8
113,,5,新莊區,50～54歲,50,54,不相關,0.0,男,結婚,大學,相同性別,0
113,,5,新莊區,50～54歲,50,54,不相關,0.0,男,結婚,專科,不同性別,7
113,,5,新莊區,50～54歲,50,54,不相關,0.0,男,結婚,專科,相同性別,2
113,,5,新莊區,50～54歲,50,54,不相關,0.0,男,結婚,碩士,不同性別,5
113,,5,新莊區,50～54歲,50,54,不相關,0.0,男,結婚,碩士,相同性別,2
113,,5,新莊區,50～54歲,50,54,不相關,0.0,男,結婚,高中職,不同性別,14
113,,5,新莊區,50～54歲,50,54,不相關,0.0,男,結婚,高中職,相同性別,0
113,,5,新莊區,55～59歲,55,59,不相關,0.0,女,結婚,博士,不同性別,1
113,,5,新莊區,55～59歲,55,59,不相關,0.0,女,結婚,博士,相同性別,0
113,,5,新莊區,55～59歲,55,59,不相關,0.0,女,結婚,國中,不同性別,5
113,,5,新莊區,55～59歲,55,59,不相關,0.0,女,結婚,國中,相同性別,0
113,,5,新莊區,55～59歲,55,59,不相關,0.0,女,結婚,國小以下,不同性別,0
113,,5,新莊區,55～59歲,55,59,不相關,0.0,女,結婚,國小以下,相同性別,0
113,,5,新莊區,55～59歲,55,59,不相關,0.0,女,結婚,大學,不同性別,1
113,,5,新莊區,55～59歲,55,59,不相關,0.0,女,結婚,大學,相同性別,0
113,,5,新莊區,55～59歲,55,59,不相關,0.0,女,結婚,專科,不同性別,2
113,,5,新莊區,55～59歲,55,59,不相關,0.0,女,結婚,專科,相同性別,0
113,,5,新莊區,55～59歲,55,59,不相關,0.0,女,結婚,碩士,不同性別,0
113,,5,新莊區,55～59歲,55,59,不相關,0.0,女,結婚,碩士,相同性別,0
113,,5,新莊區,55～59歲,55,59,不相關,0.0,女,結婚,高中職,不同性別,10
113,,5,新莊區,55～59歲,55,59,不相關,0.0,女,結婚,高中職,相同性別,0
113,,5,新莊區,55～59歲,55,59,不相關,0.0,男,結婚,博士,不同性別,0
113,,5,新莊區,55～59歲,55,59,不相關,0.0,男,結婚,博士,相同性別,0
113,,5,新莊區,55～59歲,55,59,不相關,0.0,男,結婚,國中,不同性別,8
113,,5,新莊區,55～59歲,55,59,不相關,0.0,男,結婚,國中,相同性別,0
113,,5,新莊區,55～59歲,55,59,不相關,0.0,男,結婚,國小以下,不同性別,0
113,,5,新莊區,55～59歲,55,59,不相關,0.0,男,結婚,國小以下,相同性別,0
113,,5,新莊區,55～59歲,55,59,不相關,0.0,男,結婚,大學,不同性別,5
113,,5,新莊區,55～59歲,55,59,不相關,0.0,男,結婚,大學,相同性別,0
113,,5,新莊區,55～59歲,55,59,不相關,0.0,男,結婚,專科,不同性別,8
113,,5,新莊區,55～59歲,55,59,不相關,0.0,男,結婚,專科,相同性別,1
113,,5,新莊區,55～59歲,55,59,不相關,0.0,男,結婚,碩士,不同性別,1
113,,5,新莊區,55～59歲,55,59,不相關,0.0,男,結婚,碩士,相同性別,0
113,,5,新莊區,55～59歲,55,59,不相關,0.0,男,結婚,高中職,不同性別,14
113,,5,新莊區,55～59歲,55,59,不相關,0.0,男,結婚,高中職,相同性別,1
113,,5,新莊區,60～64歲,60,64,不相關,0.0,女,結婚,博士,不同性別,0
113,,5,新莊區,60～64歲,60,64,不相關,0.0,女,結婚,博士,相同性別,0
113,,5,新莊區,60～64歲,60,64,不相關,0.0,女,結婚,國中,不同性別,3
113,,5,新莊區,60～64歲,60,64,不相關,0.0,女,結婚,國中,相同性別,0
113,,5,新莊區,60～64歲,60,64,不相關,0.0,女,結婚,國小以下,不同性別,0
113,,5,新莊區,60～64歲,60,64,不相關,0.0,女,結婚,國小以下,相同性別,0
113,,5,新莊區,60～64歲,60,64,不相關,0.0,女,結婚,大學,不同性別,2
113,,5,新莊區,60～64歲,60,64,不相關,0.0,女,結婚,大學,相同性別,0
113,,5,新莊區,60～64歲,60,64,不相關,0.0,女,結婚,專科,不同性別,0
113,,5,新莊區,60～64歲,60,64,不相關,0.0,女,結婚,專科,相同性別,0
113,,5,新莊區,60～64歲,60,64,不相關,0.0,女,結婚,碩士,不同性別,0
113,,5,新莊區,60～64歲,60,64,不相關,0.0,女,結婚,碩士,相同性別,0
113,,5,新莊區,60～64歲,60,64,不相關,0.0,女,結婚,高中職,不同性別,5
113,,5,新莊區,60～64歲,60,64,不相關,0.0,女,結婚,高中職,相同性別,0
113,,5,新莊區,60～64歲,60,64,不相關,0.0,男,結婚,博士,不同性別,0
113,,5,新莊區,60～64歲,60,64,不相關,0.0,男,結婚,博士,相同性別,0
113,,5,新莊區,60～64歲,60,64,不相關,0.0,男,結婚,國中,不同性別,10
113,,5,新莊區,60～64歲,60,64,不相關,0.0,男,結婚,國中,相同性別,0
113,,5,新莊區,60～64歲,60,64,不相關,0.0,男,結婚,國小以下,不同性別,0
113,,5,新莊區,60～64歲,60,64,不相關,0.0,男,結婚,國小以下,相同性別,0
113,,5,新莊區,60～64歲,60,64,不相關,0.0,男,結婚,大學,不同性別,0
113,,5,新莊區,60～64歲,60,64,不相關,0.0,男,結婚,大學,相同性別,0
113,,5,新莊區,60～64歲,60,64,不相關,0.0,男,結婚,專科,不同性別,4
113,,5,新莊區,60～64歲,60,64,不相關,0.0,男,結婚,專科,相同性別,0
113,,5,新莊區,60～64歲,60,64,不相關,0.0,男,結婚,碩士,不同性別,1
113,,5,新莊區,60～64歲,60,64,不相關,0.0,男,結婚,碩士,相同性別,0
113,,5,新莊區,60～64歲,60,64,不相關,0.0,男,結婚,高中職,不同性別,8
113,,5,新莊區,60～64歲,60,64,不相關,0.0,男,結婚,高中職,相同性別,0
113,,5,新莊區,65歲以上,65,120,不相關,0.0,女,結婚,博士,不同性別,0
113,,5,新莊區,65歲以上,65,120,不相關,0.0,女,結婚,博士,相同性別,0
113,,5,新莊區,65歲以上,65,120,不相關,0.0,女,結婚,國中,不同性別,3
113,,5,新莊區,65歲以上,65,120,不相關,0.0,女,結婚,國中,相同性別,0
113,,5,新莊區,65歲以上,65,120,不相關,0.0,女,結婚,國小以下,不同性別,0
113,,5,新莊區,65歲以上,65,120,不相關,0.0,女,結婚,國小以下,相同性別,0
113,,5,新莊區,65歲以上,65,120,不相關,0.0,女,結婚,大學,不同性別,0
113,,5,新莊區,65歲以上,65,120,不相關,0.0,女,結婚,大學,相同性別,0
113,,5,新莊區,65歲以上,65,120,不相關,0.0,女,結婚,專科,不同性別,0
113,,5,新莊區,65歲以上,65,120,不相關,0.0,女,結婚,專科,相同性別,0
113,,5,新莊區,65歲以上,65,120,不相關,0.0,女,結婚,碩士,不同性別,1
113,,5,新莊區,65歲以上,65,120,不相關,0.0,女,結婚,碩士,相同性別,0
113,,5,新莊區,65歲以上,65,120,不相關,0.0,女,結婚,高中職,不同性別,5
113,,5,新莊區,65歲以上,65,120,不相關,0.0,女,結婚,高中職,相同性別,0
113,,5,新莊區,65歲以上,65,120,不相關,0.0,男,結婚,博士,不同性別,0
113,,5,新莊區,65歲以上,65,120,不相關,0.0,男,結婚,博士,相同性別,0
113,,5,新莊區,65歲以上,65,120,不相關,0.0,男,結婚,國中,不同性別,3
113,,5,新莊區,65歲以上,65,120,不相關,0.0,男,結婚,國中,相同性別,0
113,,5,新莊區,65歲以上,65,120,不相關,0.0,男,結婚,國小以下,不同性別,1
113,,5,新莊區,65歲以上,65,120,不相關,0.0,男,結婚,國小以下,相同性別,0
113,,5,新莊區,65歲以上,65,120,不相關,0.0,男,結婚,大學,不同性別,9
113,,5,新莊區,65歲以上,65,120,不相關,0.0,男,結婚,大學,相同性別,0
113,,5,新莊區,65歲以上,65,120,不相關,0.0,男,結婚,專科,不同性別,4
113,,5,新莊區,65歲以上,65,120,不相關,0.0,男,結婚,專科,相同性別,0
113,,5,新莊區,65歲以上,65,120,不相關,0.0,男,結婚,碩士,不同性別,0
113,,5,新莊區,65歲以上,65,120,不相關,0.0,男,結婚,碩士,相同性別,0
113,,5,新莊區,65歲以上,65,120,不相關,0.0,男,結婚,高中職,不同性別,8
113,,5,新莊區,65歲以上,65,120,不相關,0.0,男,結婚,高中職,相同性別,0
113,,6,新店區,未滿15歲,0,14,不相關,0.0,女,結婚,博士,不同性別,0
113,,6,新店區,未滿15歲,0,14,不相關,0.0,女,結婚,博士,相同性別,0
113,,6,新店區,未滿15歲,0,14,不相關,0.0,女,結婚,國中,不同性別,0
113,,6,新店區,未滿15歲,0,14,不相關,0.0,女,結婚,國中,相同性別,0
113,,6,新店區,未滿15歲,0,14,不相關,0.0,女,結婚,國小以下,不同性別,0
113,,6,新店區,未滿15歲,0,14,不相關,0.0,女,結婚,國小以下,相同性別,0
113,,6,新店區,未滿15歲,0,14,不相關,0.0,女,結婚,大學,不同性別,0
113,,6,新店區,未滿15歲,0,14,不相關,0.0,女,結婚,大學,相同性別,0
113,,6,新店區,未滿15歲,0,14,不相關,0.0,女,結婚,專科,不同性別,0
113,,6,新店區,未滿15歲,0,14,不相關,0.0,女,結婚,專科,相同性別,0
113,,6,新店區,未滿15歲,0,14,不相關,0.0,女,結婚,碩士,不同性別,0
113,,6,新店區,未滿15歲,0,14,不相關,0.0,女,結婚,碩士,相同性別,0
113,,6,新店區,未滿15歲,0,14,不相關,0.0,女,結婚,高中職,不同性別,0
113,,6,新店區,未滿15歲,0,14,不相關,0.0,女,結婚,高中職,相同性別,0
113,,6,新店區,未滿15歲,0,14,不相關,0.0,男,結婚,博士,不同性別,0
113,,6,新店區,未滿15歲,0,14,不相關,0.0,男,結婚,博士,相同性別,0
113,,6,新店區,未滿15歲,0,14,不相關,0.0,男,結婚,國中,不同性別,0
113,,6,新店區,未滿15歲,0,14,不相關,0.0,男,結婚,國中,相同性別,0
113,,6,新店區,未滿15歲,0,14,不相關,0.0,男,結婚,國小以下,不同性別,0
113,,6,新店區,未滿15歲,0,14,不相關,0.0,男,結婚,國小以下,相同性別,0
113,,6,新店區,未滿15歲,0,14,不相關,0.0,男,結婚,大學,不同性別,0
113,,6,新店區,未滿15歲,0,14,不相關,0.0,男,結婚,大學,相同性別,0
113,,6,新店區,未滿15歲,0,14,不相關,0.0,男,結婚,專科,不同性別,0
113,,6,新店區,未滿15歲,0,14,不相關,0.0,男,結婚,專科,相同性別,0
113,,6,新店區,未滿15歲,0,14,不相關,0.0,男,結婚,碩士,不同性別,0
113,,6,新店區,未滿15歲,0,14,不相關,0.0,男,結婚,碩士,相同性別,0
113,,6,新店區,未滿15歲,0,14,不相關,0.0,男,結婚,高中職,不同性別,0
113,,6,新店區,未滿15歲,0,14,不相關,0.0,男,結婚,高中職,相同性別,0
113,,6,新店區,15～19歲,15,19,部分重疊,0.4,女,結婚,博士,不同性別,0
113,,6,新店區,15～19歲,15,19,部分重疊,0.4,女,結婚,博士,相同性別,0
113,,6,新店區,15～19歲,15,19,部分重疊,0.4,女,結婚,國中,不同性別,1
113,,6,新店區,15～19歲,15,19,部分重疊,0.4,女,結婚,國中,相同性別,0
113,,6,新店區,15～19歲,15,19,部分重疊,0.4,女,結婚,國小以下,不同性別,0
113,,6,新店區,15～19歲,15,19,部分重疊,0.4,女,結婚,國小以下,相同性別,0
113,,6,新店區,15～19歲,15,19,部分重疊,0.4,女,結婚,大學,不同性別,0
113,,6,新店區,15～19歲,15,19,部分重疊,0.4,女,結婚,大學,相同性別,0
113,,6,新店區,15～19歲,15,19,部分重疊,0.4,女,結婚,專科,不同性別,0
113,,6,新店區,15～19歲,15,19,部分重疊,0.4,女,結婚,專科,相同性別,0
113,,6,新店區,15～19歲,15,19,部分重疊,0.4,女,結婚,碩士,不同性別,0
113,,6,新店區,15～19歲,15,19,部分重疊,0.4,女,結婚,碩士,相同性別,0
113,,6,新店區,15～19歲,15,19,部分重疊,0.4,女,結婚,高中職,不同性別,6
113,,6,新店區,15～19歲,15,19,部分重疊,0.4,女,結婚,高中職,相同性別,0
113,,6,新店區,15～19歲,15,19,部分重疊,0.4,男,結婚,博士,不同性別,0
113,,6,新店區,15～19歲,15,19,部分重疊,0.4,男,結婚,博士,相同性別,0
113,,6,新店區,15～19歲,15,19,部分重疊,0.4,男,結婚,國中,不同性別,2
113,,6,新店區,15～19歲,15,19,部分重疊,0.4,男,結婚,國中,相同性別,0
113,,6,新店區,15～19歲,15,19,部分重疊,0.4,男,結婚,國小以下,不同性別,0
113,,6,新店區,15～19歲,15,19,部分重疊,0.4,男,結婚,國小以下,相同性別,0
113,,6,新店區,15～19歲,15,19,部分重疊,0.4,男,結婚,大學,不同性別,0
113,,6,新店區,15～19歲,15,19,部分重疊,0.4,男,結婚,大學,相同性別,0
113,,6,新店區,15～19歲,15,19,部分重疊,0.4,男,結婚,專科,不同性別,0
113,,6,新店區,15～19歲,15,19,部分重疊,0.4,男,結婚,專科,相同性別,0
113,,6,新店區,15～19歲,15,19,部分重疊,0.4,男,結婚,碩士,不同性別,0
113,,6,新店區,15～19歲,15,19,部分重疊,0.4,男,結婚,碩士,相同性別,0
113,,6,新店區,15～19歲,15,19,部分重疊,0.4,男,結婚,高中職,不同性別,1
113,,6,新店區,15～19歲,15,19,部分重疊,0.4,男,結婚,高中職,相同性別,0
113,,6,新店區,20～24歲,20,24,完全落入,1.0,女,結婚,博士,不同性別,0
113,,6,新店區,20～24歲,20,24,完全落入,1.0,女,結婚,博士,相同性別,0
113,,6,新店區,20～24歲,20,24,完全落入,1.0,女,結婚,國中,不同性別,17
113,,6,新店區,20～24歲,20,24,完全落入,1.0,女,結婚,國中,相同性別,0
113,,6,新店區,20～24歲,20,24,完全落入,1.0,女,結婚,國小以下,不同性別,2
113,,6,新店區,20～24歲,20,24,完全落入,1.0,女,結婚,國小以下,相同性別,0
113,,6,新店區,20～24歲,20,24,完全落入,1.0,女,結婚,大學,不同性別,23
113,,6,新店區,20～24歲,20,24,完全落入,1.0,女,結婚,大學,相同性別,1
113,,6,新店區,20～24歲,20,24,完全落入,1.0,女,結婚,專科,不同性別,9
113,,6,新店區,20～24歲,20,24,完全落入,1.0,女,結婚,專科,相同性別,0
113,,6,新店區,20～24歲,20,24,完全落入,1.0,女,結婚,碩士,不同性別,6
113,,6,新店區,20～24歲,20,24,完全落入,1.0,女,結婚,碩士,相同性別,0
113,,6,新店區,20～24歲,20,24,完全落入,1.0,女,結婚,高中職,不同性別,50
113,,6,新店區,20～24歲,20,24,完全落入,1.0,女,結婚,高中職,相同性別,2
113,,6,新店區,20～24歲,20,24,完全落入,1.0,男,結婚,博士,不同性別,0
113,,6,新店區,20～24歲,20,24,完全落入,1.0,男,結婚,博士,相同性別,0
113,,6,新店區,20～24歲,20,24,完全落入,1.0,男,結婚,國中,不同性別,13
113,,6,新店區,20～24歲,20,24,完全落入,1.0,男,結婚,國中,相同性別,0
113,,6,新店區,20～24歲,20,24,完全落入,1.0,男,結婚,國小以下,不同性別,0
113,,6,新店區,20～24歲,20,24,完全落入,1.0,男,結婚,國小以下,相同性別,0
113,,6,新店區,20～24歲,20,24,完全落入,1.0,男,結婚,大學,不同性別,14
113,,6,新店區,20～24歲,20,24,完全落入,1.0,男,結婚,大學,相同性別,0
113,,6,新店區,20～24歲,20,24,完全落入,1.0,男,結婚,專科,不同性別,1
113,,6,新店區,20～24歲,20,24,完全落入,1.0,男,結婚,專科,相同性別,0
113,,6,新店區,20～24歲,20,24,完全落入,1.0,男,結婚,碩士,不同性別,1
113,,6,新店區,20～24歲,20,24,完全落入,1.0,男,結婚,碩士,相同性別,0
113,,6,新店區,20～24歲,20,24,完全落入,1.0,男,結婚,高中職,不同性別,35
113,,6,新店區,20～24歲,20,24,完全落入,1.0,男,結婚,高中職,相同性別,4
113,,6,新店區,25～29歲,25,29,完全落入,1.0,女,結婚,博士,不同性別,1
113,,6,新店區,25～29歲,25,29,完全落入,1.0,女,結婚,博士,相同性別,0
113,,6,新店區,25～29歲,25,29,完全落入,1.0,女,結婚,國中,不同性別,24
113,,6,新店區,25～29歲,25,29,完全落入,1.0,女,結婚,國中,相同性別,2
113,,6,新店區,25～29歲,25,29,完全落入,1.0,女,結婚,國小以下,不同性別,2
113,,6,新店區,25～29歲,25,29,完全落入,1.0,女,結婚,國小以下,相同性別,0
113,,6,新店區,25～29歲,25,29,完全落入,1.0,女,結婚,大學,不同性別,276
113,,6,新店區,25～29歲,25,29,完全落入,1.0,女,結婚,大學,相同性別,3
113,,6,新店區,25～29歲,25,29,完全落入,1.0,女,結婚,專科,不同性別,26
113,,6,新店區,25～29歲,25,29,完全落入,1.0,女,結婚,專科,相同性別,0
113,,6,新店區,25～29歲,25,29,完全落入,1.0,女,結婚,碩士,不同性別,62
113,,6,新店區,25～29歲,25,29,完全落入,1.0,女,結婚,碩士,相同性別,1
113,,6,新店區,25～29歲,25,29,完全落入,1.0,女,結婚,高中職,不同性別,77
113,,6,新店區,25～29歲,25,29,完全落入,1.0,女,結婚,高中職,相同性別,6
113,,6,新店區,25～29歲,25,29,完全落入,1.0,男,結婚,博士,不同性別,2
113,,6,新店區,25～29歲,25,29,完全落入,1.0,男,結婚,博士,相同性別,0
113,,6,新店區,25～29歲,25,29,完全落入,1.0,男,結婚,國中,不同性別,26
113,,6,新店區,25～29歲,25,29,完全落入,1.0,男,結婚,國中,相同性別,0
113,,6,新店區,25～29歲,25,29,完全落入,1.0,男,結婚,國小以下,不同性別,1
113,,6,新店區,25～29歲,25,29,完全落入,1.0,男,結婚,國小以下,相同性別,0
113,,6,新店區,25～29歲,25,29,完全落入,1.0,男,結婚,大學,不同性別,157
113,,6,新店區,25～29歲,25,29,完全落入,1.0,男,結婚,大學,相同性別,1
113,,6,新店區,25～29歲,25,29,完全落入,1.0,男,結婚,專科,不同性別,13
113,,6,新店區,25～29歲,25,29,完全落入,1.0,男,結婚,專科,相同性別,0
113,,6,新店區,25～29歲,25,29,完全落入,1.0,男,結婚,碩士,不同性別,44
113,,6,新店區,25～29歲,25,29,完全落入,1.0,男,結婚,碩士,相同性別,0
113,,6,新店區,25～29歲,25,29,完全落入,1.0,男,結婚,高中職,不同性別,82
113,,6,新店區,25～29歲,25,29,完全落入,1.0,男,結婚,高中職,相同性別,0
113,,6,新店區,30～34歲,30,34,完全落入,1.0,女,結婚,博士,不同性別,4
113,,6,新店區,30～34歲,30,34,完全落入,1.0,女,結婚,博士,相同性別,0
113,,6,新店區,30～34歲,30,34,完全落入,1.0,女,結婚,國中,不同性別,13
113,,6,新店區,30～34歲,30,34,完全落入,1.0,女,結婚,國中,相同性別,1
113,,6,新店區,30～34歲,30,34,完全落入,1.0,女,結婚,國小以下,不同性別,0
113,,6,新店區,30～34歲,30,34,完全落入,1.0,女,結婚,國小以下,相同性別,0
113,,6,新店區,30～34歲,30,34,完全落入,1.0,女,結婚,大學,不同性別,364
113,,6,新店區,30～34歲,30,34,完全落入,1.0,女,結婚,大學,相同性別,11
113,,6,新店區,30～34歲,30,34,完全落入,1.0,女,結婚,專科,不同性別,21
113,,6,新店區,30～34歲,30,34,完全落入,1.0,女,結婚,專科,相同性別,1
113,,6,新店區,30～34歲,30,34,完全落入,1.0,女,結婚,碩士,不同性別,78
113,,6,新店區,30～34歲,30,34,完全落入,1.0,女,結婚,碩士,相同性別,0
113,,6,新店區,30～34歲,30,34,完全落入,1.0,女,結婚,高中職,不同性別,73
113,,6,新店區,30～34歲,30,34,完全落入,1.0,女,結婚,高中職,相同性別,1
113,,6,新店區,30～34歲,30,34,完全落入,1.0,男,結婚,博士,不同性別,5
113,,6,新店區,30～34歲,30,34,完全落入,1.0,男,結婚,博士,相同性別,0
113,,6,新店區,30～34歲,30,34,完全落入,1.0,男,結婚,國中,不同性別,23
113,,6,新店區,30～34歲,30,34,完全落入,1.0,男,結婚,國中,相同性別,0
113,,6,新店區,30～34歲,30,34,完全落入,1.0,男,結婚,國小以下,不同性別,0
113,,6,新店區,30～34歲,30,34,完全落入,1.0,男,結婚,國小以下,相同性別,0
113,,6,新店區,30～34歲,30,34,完全落入,1.0,男,結婚,大學,不同性別,294
113,,6,新店區,30～34歲,30,34,完全落入,1.0,男,結婚,大學,相同性別,2
113,,6,新店區,30～34歲,30,34,完全落入,1.0,男,結婚,專科,不同性別,12
113,,6,新店區,30～34歲,30,34,完全落入,1.0,男,結婚,專科,相同性別,1
113,,6,新店區,30～34歲,30,34,完全落入,1.0,男,結婚,碩士,不同性別,99
113,,6,新店區,30～34歲,30,34,完全落入,1.0,男,結婚,碩士,相同性別,1
113,,6,新店區,30～34歲,30,34,完全落入,1.0,男,結婚,高中職,不同性別,84
113,,6,新店區,30～34歲,30,34,完全落入,1.0,男,結婚,高中職,相同性別,1
113,,6,新店區,35～39歲,35,39,部分重疊,0.2,女,結婚,博士,不同性別,2
113,,6,新店區,35～39歲,35,39,部分重疊,0.2,女,結婚,博士,相同性別,0
113,,6,新店區,35～39歲,35,39,部分重疊,0.2,女,結婚,國中,不同性別,19
113,,6,新店區,35～39歲,35,39,部分重疊,0.2,女,結婚,國中,相同性別,2
113,,6,新店區,35～39歲,35,39,部分重疊,0.2,女,結婚,國小以下,不同性別,3
113,,6,新店區,35～39歲,35,39,部分重疊,0.2,女,結婚,國小以下,相同性別,0
113,,6,新店區,35～39歲,35,39,部分重疊,0.2,女,結婚,大學,不同性別,128
113,,6,新店區,35～39歲,35,39,部分重疊,0.2,女,結婚,大學,相同性別,3
113,,6,新店區,35～39歲,35,39,部分重疊,0.2,女,結婚,專科,不同性別,20
113,,6,新店區,35～39歲,35,39,部分重疊,0.2,女,結婚,專科,相同性別,0
113,,6,新店區,35～39歲,35,39,部分重疊,0.2,女,結婚,碩士,不同性別,29
113,,6,新店區,35～39歲,35,39,部分重疊,0.2,女,結婚,碩士,相同性別,0
113,,6,新店區,35～39歲,35,39,部分重疊,0.2,女,結婚,高中職,不同性別,28
113,,6,新店區,35～39歲,35,39,部分重疊,0.2,女,結婚,高中職,相同性別,4
113,,6,新店區,35～39歲,35,39,部分重疊,0.2,男,結婚,博士,不同性別,7
113,,6,新店區,35～39歲,35,39,部分重疊,0.2,男,結婚,博士,相同性別,0
113,,6,新店區,35～39歲,35,39,部分重疊,0.2,男,結婚,國中,不同性別,19
113,,6,新店區,35～39歲,35,39,部分重疊,0.2,男,結婚,國中,相同性別,0
113,,6,新店區,35～39歲,35,39,部分重疊,0.2,男,結婚,國小以下,不同性別,2
113,,6,新店區,35～39歲,35,39,部分重疊,0.2,男,結婚,國小以下,相同性別,0
113,,6,新店區,35～39歲,35,39,部分重疊,0.2,男,結婚,大學,不同性別,150
113,,6,新店區,35～39歲,35,39,部分重疊,0.2,男,結婚,大學,相同性別,3
113,,6,新店區,35～39歲,35,39,部分重疊,0.2,男,結婚,專科,不同性別,11
113,,6,新店區,35～39歲,35,39,部分重疊,0.2,男,結婚,專科,相同性別,0
113,,6,新店區,35～39歲,35,39,部分重疊,0.2,男,結婚,碩士,不同性別,60
113,,6,新店區,35～39歲,35,39,部分重疊,0.2,男,結婚,碩士,相同性別,2
113,,6,新店區,35～39歲,35,39,部分重疊,0.2,男,結婚,高中職,不同性別,54
113,,6,新店區,35～39歲,35,39,部分重疊,0.2,男,結婚,高中職,相同性別,1
113,,6,新店區,40～44歲,40,44,不相關,0.0,女,結婚,博士,不同性別,0
113,,6,新店區,40～44歲,40,44,不相關,0.0,女,結婚,博士,相同性別,0
113,,6,新店區,40～44歲,40,44,不相關,0.0,女,結婚,國中,不同性別,14
113,,6,新店區,40～44歲,40,44,不相關,0.0,女,結婚,國中,相同性別,2
113,,6,新店區,40～44歲,40,44,不相關,0.0,女,結婚,國小以下,不同性別,4
113,,6,新店區,40～44歲,40,44,不相關,0.0,女,結婚,國小以下,相同性別,0
113,,6,新店區,40～44歲,40,44,不相關,0.0,女,結婚,大學,不同性別,51
113,,6,新店區,40～44歲,40,44,不相關,0.0,女,結婚,大學,相同性別,2
113,,6,新店區,40～44歲,40,44,不相關,0.0,女,結婚,專科,不同性別,6
113,,6,新店區,40～44歲,40,44,不相關,0.0,女,結婚,專科,相同性別,2
113,,6,新店區,40～44歲,40,44,不相關,0.0,女,結婚,碩士,不同性別,10
113,,6,新店區,40～44歲,40,44,不相關,0.0,女,結婚,碩士,相同性別,3
113,,6,新店區,40～44歲,40,44,不相關,0.0,女,結婚,高中職,不同性別,24
113,,6,新店區,40～44歲,40,44,不相關,0.0,女,結婚,高中職,相同性別,6
113,,6,新店區,40～44歲,40,44,不相關,0.0,男,結婚,博士,不同性別,3
113,,6,新店區,40～44歲,40,44,不相關,0.0,男,結婚,博士,相同性別,0
113,,6,新店區,40～44歲,40,44,不相關,0.0,男,結婚,國中,不同性別,16
113,,6,新店區,40～44歲,40,44,不相關,0.0,男,結婚,國中,相同性別,0
113,,6,新店區,40～44歲,40,44,不相關,0.0,男,結婚,國小以下,不同性別,1
113,,6,新店區,40～44歲,40,44,不相關,0.0,男,結婚,國小以下,相同性別,0
113,,6,新店區,40～44歲,40,44,不相關,0.0,男,結婚,大學,不同性別,68
113,,6,新店區,40～44歲,40,44,不相關,0.0,男,結婚,大學,相同性別,3
113,,6,新店區,40～44歲,40,44,不相關,0.0,男,結婚,專科,不同性別,17
113,,6,新店區,40～44歲,40,44,不相關,0.0,男,結婚,專科,相同性別,0
113,,6,新店區,40～44歲,40,44,不相關,0.0,男,結婚,碩士,不同性別,25
113,,6,新店區,40～44歲,40,44,不相關,0.0,男,結婚,碩士,相同性別,0
113,,6,新店區,40～44歲,40,44,不相關,0.0,男,結婚,高中職,不同性別,33
113,,6,新店區,40～44歲,40,44,不相關,0.0,男,結婚,高中職,相同性別,0
113,,6,新店區,45～49歲,45,49,不相關,0.0,女,結婚,博士,不同性別,1
113,,6,新店區,45～49歲,45,49,不相關,0.0,女,結婚,博士,相同性別,0
113,,6,新店區,45～49歲,45,49,不相關,0.0,女,結婚,國中,不同性別,4
113,,6,新店區,45～49歲,45,49,不相關,0.0,女,結婚,國中,相同性別,1
113,,6,新店區,45～49歲,45,49,不相關,0.0,女,結婚,國小以下,不同性別,1
113,,6,新店區,45～49歲,45,49,不相關,0.0,女,結婚,國小以下,相同性別,0
113,,6,新店區,45～49歲,45,49,不相關,0.0,女,結婚,大學,不同性別,11
113,,6,新店區,45～49歲,45,49,不相關,0.0,女,結婚,大學,相同性別,4
113,,6,新店區,45～49歲,45,49,不相關,0.0,女,結婚,專科,不同性別,12
113,,6,新店區,45～49歲,45,49,不相關,0.0,女,結婚,專科,相同性別,1
113,,6,新店區,45～49歲,45,49,不相關,0.0,女,結婚,碩士,不同性別,3
113,,6,新店區,45～49歲,45,49,不相關,0.0,女,結婚,碩士,相同性別,2
113,,6,新店區,45～49歲,45,49,不相關,0.0,女,結婚,高中職,不同性別,15
113,,6,新店區,45～49歲,45,49,不相關,0.0,女,結婚,高中職,相同性別,1
113,,6,新店區,45～49歲,45,49,不相關,0.0,男,結婚,博士,不同性別,3
113,,6,新店區,45～49歲,45,49,不相關,0.0,男,結婚,博士,相同性別,0
113,,6,新店區,45～49歲,45,49,不相關,0.0,男,結婚,國中,不同性別,9
113,,6,新店區,45～49歲,45,49,不相關,0.0,男,結婚,國中,相同性別,0
113,,6,新店區,45～49歲,45,49,不相關,0.0,男,結婚,國小以下,不同性別,1
113,,6,新店區,45～49歲,45,49,不相關,0.0,男,結婚,國小以下,相同性別,0
113,,6,新店區,45～49歲,45,49,不相關,0.0,男,結婚,大學,不同性別,25
113,,6,新店區,45～49歲,45,49,不相關,0.0,男,結婚,大學,相同性別,1
113,,6,新店區,45～49歲,45,49,不相關,0.0,男,結婚,專科,不同性別,15
113,,6,新店區,45～49歲,45,49,不相關,0.0,男,結婚,專科,相同性別,0
113,,6,新店區,45～49歲,45,49,不相關,0.0,男,結婚,碩士,不同性別,8
113,,6,新店區,45～49歲,45,49,不相關,0.0,男,結婚,碩士,相同性別,1
113,,6,新店區,45～49歲,45,49,不相關,0.0,男,結婚,高中職,不同性別,24
113,,6,新店區,45～49歲,45,49,不相關,0.0,男,結婚,高中職,相同性別,0
113,,6,新店區,50～54歲,50,54,不相關,0.0,女,結婚,博士,不同性別,0
113,,6,新店區,50～54歲,50,54,不相關,0.0,女,結婚,博士,相同性別,0
113,,6,新店區,50～54歲,50,54,不相關,0.0,女,結婚,國中,不同性別,10
113,,6,新店區,50～54歲,50,54,不相關,0.0,女,結婚,國中,相同性別,0
113,,6,新店區,50～54歲,50,54,不相關,0.0,女,結婚,國小以下,不同性別,0
113,,6,新店區,50～54歲,50,54,不相關,0.0,女,結婚,國小以下,相同性別,0
113,,6,新店區,50～54歲,50,54,不相關,0.0,女,結婚,大學,不同性別,10
113,,6,新店區,50～54歲,50,54,不相關,0.0,女,結婚,大學,相同性別,2
113,,6,新店區,50～54歲,50,54,不相關,0.0,女,結婚,專科,不同性別,7
113,,6,新店區,50～54歲,50,54,不相關,0.0,女,結婚,專科,相同性別,0
113,,6,新店區,50～54歲,50,54,不相關,0.0,女,結婚,碩士,不同性別,3
113,,6,新店區,50～54歲,50,54,不相關,0.0,女,結婚,碩士,相同性別,1
113,,6,新店區,50～54歲,50,54,不相關,0.0,女,結婚,高中職,不同性別,22
113,,6,新店區,50～54歲,50,54,不相關,0.0,女,結婚,高中職,相同性別,0
113,,6,新店區,50～54歲,50,54,不相關,0.0,男,結婚,博士,不同性別,0
113,,6,新店區,50～54歲,50,54,不相關,0.0,男,結婚,博士,相同性別,0
113,,6,新店區,50～54歲,50,54,不相關,0.0,男,結婚,國中,不同性別,7
113,,6,新店區,50～54歲,50,54,不相關,0.0,男,結婚,國中,相同性別,0
113,,6,新店區,50～54歲,50,54,不相關,0.0,男,結婚,國小以下,不同性別,0
113,,6,新店區,50～54歲,50,54,不相關,0.0,男,結婚,國小以下,相同性別,0
113,,6,新店區,50～54歲,50,54,不相關,0.0,男,結婚,大學,不同性別,15
113,,6,新店區,50～54歲,50,54,不相關,0.0,男,結婚,大學,相同性別,3
113,,6,新店區,50～54歲,50,54,不相關,0.0,男,結婚,專科,不同性別,12
113,,6,新店區,50～54歲,50,54,不相關,0.0,男,結婚,專科,相同性別,0
113,,6,新店區,50～54歲,50,54,不相關,0.0,男,結婚,碩士,不同性別,10
113,,6,新店區,50～54歲,50,54,不相關,0.0,男,結婚,碩士,相同性別,0
113,,6,新店區,50～54歲,50,54,不相關,0.0,男,結婚,高中職,不同性別,27
113,,6,新店區,50～54歲,50,54,不相關,0.0,男,結婚,高中職,相同性別,0
113,,6,新店區,55～59歲,55,59,不相關,0.0,女,結婚,博士,不同性別,0
113,,6,新店區,55～59歲,55,59,不相關,0.0,女,結婚,博士,相同性別,0
113,,6,新店區,55～59歲,55,59,不相關,0.0,女,結婚,國中,不同性別,2
113,,6,新店區,55～59歲,55,59,不相關,0.0,女,結婚,國中,相同性別,0
113,,6,新店區,55～59歲,55,59,不相關,0.0,女,結婚,國小以下,不同性別,4
113,,6,新店區,55～59歲,55,59,不相關,0.0,女,結婚,國小以下,相同性別,0
113,,6,新店區,55～59歲,55,59,不相關,0.0,女,結婚,大學,不同性別,5
113,,6,新店區,55～59歲,55,59,不相關,0.0,女,結婚,大學,相同性別,1
113,,6,新店區,55～59歲,55,59,不相關,0.0,女,結婚,專科,不同性別,7
113,,6,新店區,55～59歲,55,59,不相關,0.0,女,結婚,專科,相同性別,0
113,,6,新店區,55～59歲,55,59,不相關,0.0,女,結婚,碩士,不同性別,2
113,,6,新店區,55～59歲,55,59,不相關,0.0,女,結婚,碩士,相同性別,0
113,,6,新店區,55～59歲,55,59,不相關,0.0,女,結婚,高中職,不同性別,16
113,,6,新店區,55～59歲,55,59,不相關,0.0,女,結婚,高中職,相同性別,0
113,,6,新店區,55～59歲,55,59,不相關,0.0,男,結婚,博士,不同性別,2
113,,6,新店區,55～59歲,55,59,不相關,0.0,男,結婚,博士,相同性別,0
113,,6,新店區,55～59歲,55,59,不相關,0.0,男,結婚,國中,不同性別,6
113,,6,新店區,55～59歲,55,59,不相關,0.0,男,結婚,國中,相同性別,0
113,,6,新店區,55～59歲,55,59,不相關,0.0,男,結婚,國小以下,不同性別,1
113,,6,新店區,55～59歲,55,59,不相關,0.0,男,結婚,國小以下,相同性別,0
113,,6,新店區,55～59歲,55,59,不相關,0.0,男,結婚,大學,不同性別,5
113,,6,新店區,55～59歲,55,59,不相關,0.0,男,結婚,大學,相同性別,3
113,,6,新店區,55～59歲,55,59,不相關,0.0,男,結婚,專科,不同性別,5
113,,6,新店區,55～59歲,55,59,不相關,0.0,男,結婚,專科,相同性別,1
113,,6,新店區,55～59歲,55,59,不相關,0.0,男,結婚,碩士,不同性別,2
113,,6,新店區,55～59歲,55,59,不相關,0.0,男,結婚,碩士,相同性別,0
113,,6,新店區,55～59歲,55,59,不相關,0.0,男,結婚,高中職,不同性別,12
113,,6,新店區,55～59歲,55,59,不相關,0.0,男,結婚,高中職,相同性別,0
113,,6,新店區,60～64歲,60,64,不相關,0.0,女,結婚,博士,不同性別,0
113,,6,新店區,60～64歲,60,64,不相關,0.0,女,結婚,博士,相同性別,0
113,,6,新店區,60～64歲,60,64,不相關,0.0,女,結婚,國中,不同性別,0
113,,6,新店區,60～64歲,60,64,不相關,0.0,女,結婚,國中,相同性別,1
113,,6,新店區,60～64歲,60,64,不相關,0.0,女,結婚,國小以下,不同性別,0
113,,6,新店區,60～64歲,60,64,不相關,0.0,女,結婚,國小以下,相同性別,0
113,,6,新店區,60～64歲,60,64,不相關,0.0,女,結婚,大學,不同性別,0
113,,6,新店區,60～64歲,60,64,不相關,0.0,女,結婚,大學,相同性別,0
113,,6,新店區,60～64歲,60,64,不相關,0.0,女,結婚,專科,不同性別,0
113,,6,新店區,60～64歲,60,64,不相關,0.0,女,結婚,專科,相同性別,0
113,,6,新店區,60～64歲,60,64,不相關,0.0,女,結婚,碩士,不同性別,1
113,,6,新店區,60～64歲,60,64,不相關,0.0,女,結婚,碩士,相同性別,0
113,,6,新店區,60～64歲,60,64,不相關,0.0,女,結婚,高中職,不同性別,11
113,,6,新店區,60～64歲,60,64,不相關,0.0,女,結婚,高中職,相同性別,0
113,,6,新店區,60～64歲,60,64,不相關,0.0,男,結婚,博士,不同性別,1
113,,6,新店區,60～64歲,60,64,不相關,0.0,男,結婚,博士,相同性別,0
113,,6,新店區,60～64歲,60,64,不相關,0.0,男,結婚,國中,不同性別,6
113,,6,新店區,60～64歲,60,64,不相關,0.0,男,結婚,國中,相同性別,1
113,,6,新店區,60～64歲,60,64,不相關,0.0,男,結婚,國小以下,不同性別,2
113,,6,新店區,60～64歲,60,64,不相關,0.0,男,結婚,國小以下,相同性別,0
113,,6,新店區,60～64歲,60,64,不相關,0.0,男,結婚,大學,不同性別,7
113,,6,新店區,60～64歲,60,64,不相關,0.0,男,結婚,大學,相同性別,0
113,,6,新店區,60～64歲,60,64,不相關,0.0,男,結婚,專科,不同性別,4
113,,6,新店區,60～64歲,60,64,不相關,0.0,男,結婚,專科,相同性別,1
113,,6,新店區,60～64歲,60,64,不相關,0.0,男,結婚,碩士,不同性別,1
113,,6,新店區,60～64歲,60,64,不相關,0.0,男,結婚,碩士,相同性別,0
113,,6,新店區,60～64歲,60,64,不相關,0.0,男,結婚,高中職,不同性別,6
113,,6,新店區,60～64歲,60,64,不相關,0.0,男,結婚,高中職,相同性別,0
113,,6,新店區,65歲以上,65,120,不相關,0.0,女,結婚,博士,不同性別,0
113,,6,新店區,65歲以上,65,120,不相關,0.0,女,結婚,博士,相同性別,0
113,,6,新店區,65歲以上,65,120,不相關,0.0,女,結婚,國中,不同性別,6
113,,6,新店區,65歲以上,65,120,不相關,0.0,女,結婚,國中,相同性別,0
113,,6,新店區,65歲以上,65,120,不相關,0.0,女,結婚,國小以下,不同性別,2
113,,6,新店區,65歲以上,65,120,不相關,0.0,女,結婚,國小以下,相同性別,1
113,,6,新店區,65歲以上,65,120,不相關,0.0,女,結婚,大學,不同性別,4
113,,6,新店區,65歲以上,65,120,不相關,0.0,女,結婚,大學,相同性別,0
113,,6,新店區,65歲以上,65,120,不相關,0.0,女,結婚,專科,不同性別,4
113,,6,新店區,65歲以上,65,120,不相關,0.0,女,結婚,專科,相同性別,0
113,,6,新店區,65歲以上,65,120,不相關,0.0,女,結婚,碩士,不同性別,1
113,,6,新店區,65歲以上,65,120,不相關,0.0,女,結婚,碩士,相同性別,0
113,,6,新店區,65歲以上,65,120,不相關,0.0,女,結婚,高中職,不同性別,5
113,,6,新店區,65歲以上,65,120,不相關,0.0,女,結婚,高中職,相同性別,0
113,,6,新店區,65歲以上,65,120,不相關,0.0,男,結婚,博士,不同性別,0
113,,6,新店區,65歲以上,65,120,不相關,0.0,男,結婚,博士,相同性別,0
113,,6,新店區,65歲以上,65,120,不相關,0.0,男,結婚,國中,不同性別,4
113,,6,新店區,65歲以上,65,120,不相關,0.0,男,結婚,國中,相同性別,0
113,,6,新店區,65歲以上,65,120,不相關,0.0,男,結婚,國小以下,不同性別,6
113,,6,新店區,65歲以上,65,120,不相關,0.0,男,結婚,國小以下,相同性別,0
113,,6,新店區,65歲以上,65,120,不相關,0.0,男,結婚,大學,不同性別,14
113,,6,新店區,65歲以上,65,120,不相關,0.0,男,結婚,大學,相同性別,0
113,,6,新店區,65歲以上,65,120,不相關,0.0,男,結婚,專科,不同性別,8
113,,6,新店區,65歲以上,65,120,不相關,0.0,男,結婚,專科,相同性別,0
113,,6,新店區,65歲以上,65,120,不相關,0.0,男,結婚,碩士,不同性別,5
113,,6,新店區,65歲以上,65,120,不相關,0.0,男,結婚,碩士,相同性別,0
113,,6,新店區,65歲以上,65,120,不相關,0.0,男,結婚,高中職,不同性別,14
113,,6,新店區,65歲以上,65,120,不相關,0.0,男,結婚,高中職,相同性別,0
113,,7,土城區,未滿15歲,0,14,不相關,0.0,女,結婚,博士,不同性別,0
113,,7,土城區,未滿15歲,0,14,不相關,0.0,女,結婚,博士,相同性別,0
113,,7,土城區,未滿15歲,0,14,不相關,0.0,女,結婚,國中,不同性別,0
113,,7,土城區,未滿15歲,0,14,不相關,0.0,女,結婚,國中,相同性別,0
113,,7,土城區,未滿15歲,0,14,不相關,0.0,女,結婚,國小以下,不同性別,0
113,,7,土城區,未滿15歲,0,14,不相關,0.0,女,結婚,國小以下,相同性別,0
113,,7,土城區,未滿15歲,0,14,不相關,0.0,女,結婚,大學,不同性別,0
113,,7,土城區,未滿15歲,0,14,不相關,0.0,女,結婚,大學,相同性別,0
113,,7,土城區,未滿15歲,0,14,不相關,0.0,女,結婚,專科,不同性別,0
113,,7,土城區,未滿15歲,0,14,不相關,0.0,女,結婚,專科,相同性別,0
113,,7,土城區,未滿15歲,0,14,不相關,0.0,女,結婚,碩士,不同性別,0
113,,7,土城區,未滿15歲,0,14,不相關,0.0,女,結婚,碩士,相同性別,0
113,,7,土城區,未滿15歲,0,14,不相關,0.0,女,結婚,高中職,不同性別,0
113,,7,土城區,未滿15歲,0,14,不相關,0.0,女,結婚,高中職,相同性別,0
113,,7,土城區,未滿15歲,0,14,不相關,0.0,男,結婚,博士,不同性別,0
113,,7,土城區,未滿15歲,0,14,不相關,0.0,男,結婚,博士,相同性別,0
113,,7,土城區,未滿15歲,0,14,不相關,0.0,男,結婚,國中,不同性別,0
113,,7,土城區,未滿15歲,0,14,不相關,0.0,男,結婚,國中,相同性別,0
113,,7,土城區,未滿15歲,0,14,不相關,0.0,男,結婚,國小以下,不同性別,0
113,,7,土城區,未滿15歲,0,14,不相關,0.0,男,結婚,國小以下,相同性別,0
113,,7,土城區,未滿15歲,0,14,不相關,0.0,男,結婚,大學,不同性別,0
113,,7,土城區,未滿15歲,0,14,不相關,0.0,男,結婚,大學,相同性別,0
113,,7,土城區,未滿15歲,0,14,不相關,0.0,男,結婚,專科,不同性別,0
113,,7,土城區,未滿15歲,0,14,不相關,0.0,男,結婚,專科,相同性別,0
113,,7,土城區,未滿15歲,0,14,不相關,0.0,男,結婚,碩士,不同性別,0
113,,7,土城區,未滿15歲,0,14,不相關,0.0,男,結婚,碩士,相同性別,0
113,,7,土城區,未滿15歲,0,14,不相關,0.0,男,結婚,高中職,不同性別,0
113,,7,土城區,未滿15歲,0,14,不相關,0.0,男,結婚,高中職,相同性別,0
113,,7,土城區,15～19歲,15,19,部分重疊,0.4,女,結婚,博士,不同性別,0
113,,7,土城區,15～19歲,15,19,部分重疊,0.4,女,結婚,博士,相同性別,0
113,,7,土城區,15～19歲,15,19,部分重疊,0.4,女,結婚,國中,不同性別,10
113,,7,土城區,15～19歲,15,19,部分重疊,0.4,女,結婚,國中,相同性別,0
113,,7,土城區,15～19歲,15,19,部分重疊,0.4,女,結婚,國小以下,不同性別,1
113,,7,土城區,15～19歲,15,19,部分重疊,0.4,女,結婚,國小以下,相同性別,0
113,,7,土城區,15～19歲,15,19,部分重疊,0.4,女,結婚,大學,不同性別,0
113,,7,土城區,15～19歲,15,19,部分重疊,0.4,女,結婚,大學,相同性別,0
113,,7,土城區,15～19歲,15,19,部分重疊,0.4,女,結婚,專科,不同性別,0
113,,7,土城區,15～19歲,15,19,部分重疊,0.4,女,結婚,專科,相同性別,0
113,,7,土城區,15～19歲,15,19,部分重疊,0.4,女,結婚,碩士,不同性別,0
113,,7,土城區,15～19歲,15,19,部分重疊,0.4,女,結婚,碩士,相同性別,0
113,,7,土城區,15～19歲,15,19,部分重疊,0.4,女,結婚,高中職,不同性別,5
113,,7,土城區,15～19歲,15,19,部分重疊,0.4,女,結婚,高中職,相同性別,0
113,,7,土城區,15～19歲,15,19,部分重疊,0.4,男,結婚,博士,不同性別,0
113,,7,土城區,15～19歲,15,19,部分重疊,0.4,男,結婚,博士,相同性別,0
113,,7,土城區,15～19歲,15,19,部分重疊,0.4,男,結婚,國中,不同性別,5
113,,7,土城區,15～19歲,15,19,部分重疊,0.4,男,結婚,國中,相同性別,0
113,,7,土城區,15～19歲,15,19,部分重疊,0.4,男,結婚,國小以下,不同性別,0
113,,7,土城區,15～19歲,15,19,部分重疊,0.4,男,結婚,國小以下,相同性別,0
113,,7,土城區,15～19歲,15,19,部分重疊,0.4,男,結婚,大學,不同性別,0
113,,7,土城區,15～19歲,15,19,部分重疊,0.4,男,結婚,大學,相同性別,0
113,,7,土城區,15～19歲,15,19,部分重疊,0.4,男,結婚,專科,不同性別,0
113,,7,土城區,15～19歲,15,19,部分重疊,0.4,男,結婚,專科,相同性別,0
113,,7,土城區,15～19歲,15,19,部分重疊,0.4,男,結婚,碩士,不同性別,0
113,,7,土城區,15～19歲,15,19,部分重疊,0.4,男,結婚,碩士,相同性別,0
113,,7,土城區,15～19歲,15,19,部分重疊,0.4,男,結婚,高中職,不同性別,2
113,,7,土城區,15～19歲,15,19,部分重疊,0.4,男,結婚,高中職,相同性別,0
113,,7,土城區,20～24歲,20,24,完全落入,1.0,女,結婚,博士,不同性別,0
113,,7,土城區,20～24歲,20,24,完全落入,1.0,女,結婚,博士,相同性別,0
113,,7,土城區,20～24歲,20,24,完全落入,1.0,女,結婚,國中,不同性別,25
113,,7,土城區,20～24歲,20,24,完全落入,1.0,女,結婚,國中,相同性別,2
113,,7,土城區,20～24歲,20,24,完全落入,1.0,女,結婚,國小以下,不同性別,5
113,,7,土城區,20～24歲,20,24,完全落入,1.0,女,結婚,國小以下,相同性別,0
113,,7,土城區,20～24歲,20,24,完全落入,1.0,女,結婚,大學,不同性別,20
113,,7,土城區,20～24歲,20,24,完全落入,1.0,女,結婚,大學,相同性別,0
113,,7,土城區,20～24歲,20,24,完全落入,1.0,女,結婚,專科,不同性別,3
113,,7,土城區,20～24歲,20,24,完全落入,1.0,女,結婚,專科,相同性別,0
113,,7,土城區,20～24歲,20,24,完全落入,1.0,女,結婚,碩士,不同性別,0
113,,7,土城區,20～24歲,20,24,完全落入,1.0,女,結婚,碩士,相同性別,0
113,,7,土城區,20～24歲,20,24,完全落入,1.0,女,結婚,高中職,不同性別,42
113,,7,土城區,20～24歲,20,24,完全落入,1.0,女,結婚,高中職,相同性別,1
113,,7,土城區,20～24歲,20,24,完全落入,1.0,男,結婚,博士,不同性別,0
113,,7,土城區,20～24歲,20,24,完全落入,1.0,男,結婚,博士,相同性別,0
113,,7,土城區,20～24歲,20,24,完全落入,1.0,男,結婚,國中,不同性別,25
113,,7,土城區,20～24歲,20,24,完全落入,1.0,男,結婚,國中,相同性別,0
113,,7,土城區,20～24歲,20,24,完全落入,1.0,男,結婚,國小以下,不同性別,1
113,,7,土城區,20～24歲,20,24,完全落入,1.0,男,結婚,國小以下,相同性別,0
113,,7,土城區,20～24歲,20,24,完全落入,1.0,男,結婚,大學,不同性別,7
113,,7,土城區,20～24歲,20,24,完全落入,1.0,男,結婚,大學,相同性別,0
113,,7,土城區,20～24歲,20,24,完全落入,1.0,男,結婚,專科,不同性別,0
113,,7,土城區,20～24歲,20,24,完全落入,1.0,男,結婚,專科,相同性別,0
113,,7,土城區,20～24歲,20,24,完全落入,1.0,男,結婚,碩士,不同性別,0
113,,7,土城區,20～24歲,20,24,完全落入,1.0,男,結婚,碩士,相同性別,0
113,,7,土城區,20～24歲,20,24,完全落入,1.0,男,結婚,高中職,不同性別,14
113,,7,土城區,20～24歲,20,24,完全落入,1.0,男,結婚,高中職,相同性別,0
113,,7,土城區,25～29歲,25,29,完全落入,1.0,女,結婚,博士,不同性別,0
113,,7,土城區,25～29歲,25,29,完全落入,1.0,女,結婚,博士,相同性別,0
113,,7,土城區,25～29歲,25,29,完全落入,1.0,女,結婚,國中,不同性別,26
113,,7,土城區,25～29歲,25,29,完全落入,1.0,女,結婚,國中,相同性別,1
113,,7,土城區,25～29歲,25,29,完全落入,1.0,女,結婚,國小以下,不同性別,0
113,,7,土城區,25～29歲,25,29,完全落入,1.0,女,結婚,國小以下,相同性別,0
113,,7,土城區,25～29歲,25,29,完全落入,1.0,女,結婚,大學,不同性別,226
113,,7,土城區,25～29歲,25,29,完全落入,1.0,女,結婚,大學,相同性別,1
113,,7,土城區,25～29歲,25,29,完全落入,1.0,女,結婚,專科,不同性別,12
113,,7,土城區,25～29歲,25,29,完全落入,1.0,女,結婚,專科,相同性別,0
113,,7,土城區,25～29歲,25,29,完全落入,1.0,女,結婚,碩士,不同性別,31
113,,7,土城區,25～29歲,25,29,完全落入,1.0,女,結婚,碩士,相同性別,0
113,,7,土城區,25～29歲,25,29,完全落入,1.0,女,結婚,高中職,不同性別,64
113,,7,土城區,25～29歲,25,29,完全落入,1.0,女,結婚,高中職,相同性別,2
113,,7,土城區,25～29歲,25,29,完全落入,1.0,男,結婚,博士,不同性別,0
113,,7,土城區,25～29歲,25,29,完全落入,1.0,男,結婚,博士,相同性別,0
113,,7,土城區,25～29歲,25,29,完全落入,1.0,男,結婚,國中,不同性別,31
113,,7,土城區,25～29歲,25,29,完全落入,1.0,男,結婚,國中,相同性別,0
113,,7,土城區,25～29歲,25,29,完全落入,1.0,男,結婚,國小以下,不同性別,1
113,,7,土城區,25～29歲,25,29,完全落入,1.0,男,結婚,國小以下,相同性別,0
113,,7,土城區,25～29歲,25,29,完全落入,1.0,男,結婚,大學,不同性別,119
113,,7,土城區,25～29歲,25,29,完全落入,1.0,男,結婚,大學,相同性別,0
113,,7,土城區,25～29歲,25,29,完全落入,1.0,男,結婚,專科,不同性別,7
113,,7,土城區,25～29歲,25,29,完全落入,1.0,男,結婚,專科,相同性別,0
113,,7,土城區,25～29歲,25,29,完全落入,1.0,男,結婚,碩士,不同性別,25
113,,7,土城區,25～29歲,25,29,完全落入,1.0,男,結婚,碩士,相同性別,0
113,,7,土城區,25～29歲,25,29,完全落入,1.0,男,結婚,高中職,不同性別,83
113,,7,土城區,25～29歲,25,29,完全落入,1.0,男,結婚,高中職,相同性別,0
113,,7,土城區,30～34歲,30,34,完全落入,1.0,女,結婚,博士,不同性別,1
113,,7,土城區,30～34歲,30,34,完全落入,1.0,女,結婚,博士,相同性別,0
113,,7,土城區,30～34歲,30,34,完全落入,1.0,女,結婚,國中,不同性別,19
113,,7,土城區,30～34歲,30,34,完全落入,1.0,女,結婚,國中,相同性別,3
113,,7,土城區,30～34歲,30,34,完全落入,1.0,女,結婚,國小以下,不同性別,5
113,,7,土城區,30～34歲,30,34,完全落入,1.0,女,結婚,國小以下,相同性別,0
113,,7,土城區,30～34歲,30,34,完全落入,1.0,女,結婚,大學,不同性別,286
113,,7,土城區,30～34歲,30,34,完全落入,1.0,女,結婚,大學,相同性別,11
113,,7,土城區,30～34歲,30,34,完全落入,1.0,女,結婚,專科,不同性別,17
113,,7,土城區,30～34歲,30,34,完全落入,1.0,女,結婚,專科,相同性別,0
113,,7,土城區,30～34歲,30,34,完全落入,1.0,女,結婚,碩士,不同性別,45
113,,7,土城區,30～34歲,30,34,完全落入,1.0,女,結婚,碩士,相同性別,3
113,,7,土城區,30～34歲,30,34,完全落入,1.0,女,結婚,高中職,不同性別,52
113,,7,土城區,30～34歲,30,34,完全落入,1.0,女,結婚,高中職,相同性別,2
113,,7,土城區,30～34歲,30,34,完全落入,1.0,男,結婚,博士,不同性別,3
113,,7,土城區,30～34歲,30,34,完全落入,1.0,男,結婚,博士,相同性別,0
113,,7,土城區,30～34歲,30,34,完全落入,1.0,男,結婚,國中,不同性別,25
113,,7,土城區,30～34歲,30,34,完全落入,1.0,男,結婚,國中,相同性別,0
113,,7,土城區,30～34歲,30,34,完全落入,1.0,男,結婚,國小以下,不同性別,0
113,,7,土城區,30～34歲,30,34,完全落入,1.0,男,結婚,國小以下,相同性別,0
113,,7,土城區,30～34歲,30,34,完全落入,1.0,男,結婚,大學,不同性別,215
113,,7,土城區,30～34歲,30,34,完全落入,1.0,男,結婚,大學,相同性別,2
113,,7,土城區,30～34歲,30,34,完全落入,1.0,男,結婚,專科,不同性別,9
113,,7,土城區,30～34歲,30,34,完全落入,1.0,男,結婚,專科,相同性別,0
113,,7,土城區,30～34歲,30,34,完全落入,1.0,男,結婚,碩士,不同性別,73
113,,7,土城區,30～34歲,30,34,完全落入,1.0,男,結婚,碩士,相同性別,1
113,,7,土城區,30～34歲,30,34,完全落入,1.0,男,結婚,高中職,不同性別,95
113,,7,土城區,30～34歲,30,34,完全落入,1.0,男,結婚,高中職,相同性別,2
113,,7,土城區,35～39歲,35,39,部分重疊,0.2,女,結婚,博士,不同性別,1
113,,7,土城區,35～39歲,35,39,部分重疊,0.2,女,結婚,博士,相同性別,0
113,,7,土城區,35～39歲,35,39,部分重疊,0.2,女,結婚,國中,不同性別,18
113,,7,土城區,35～39歲,35,39,部分重疊,0.2,女,結婚,國中,相同性別,1
113,,7,土城區,35～39歲,35,39,部分重疊,0.2,女,結婚,國小以下,不同性別,4
113,,7,土城區,35～39歲,35,39,部分重疊,0.2,女,結婚,國小以下,相同性別,1
113,,7,土城區,35～39歲,35,39,部分重疊,0.2,女,結婚,大學,不同性別,95
113,,7,土城區,35～39歲,35,39,部分重疊,0.2,女,結婚,大學,相同性別,4
113,,7,土城區,35～39歲,35,39,部分重疊,0.2,女,結婚,專科,不同性別,8
113,,7,土城區,35～39歲,35,39,部分重疊,0.2,女,結婚,專科,相同性別,0
113,,7,土城區,35～39歲,35,39,部分重疊,0.2,女,結婚,碩士,不同性別,19
113,,7,土城區,35～39歲,35,39,部分重疊,0.2,女,結婚,碩士,相同性別,1
113,,7,土城區,35～39歲,35,39,部分重疊,0.2,女,結婚,高中職,不同性別,37
113,,7,土城區,35～39歲,35,39,部分重疊,0.2,女,結婚,高中職,相同性別,4
113,,7,土城區,35～39歲,35,39,部分重疊,0.2,男,結婚,博士,不同性別,2
113,,7,土城區,35～39歲,35,39,部分重疊,0.2,男,結婚,博士,相同性別,0
113,,7,土城區,35～39歲,35,39,部分重疊,0.2,男,結婚,國中,不同性別,22
113,,7,土城區,35～39歲,35,39,部分重疊,0.2,男,結婚,國中,相同性別,0
113,,7,土城區,35～39歲,35,39,部分重疊,0.2,男,結婚,國小以下,不同性別,3
113,,7,土城區,35～39歲,35,39,部分重疊,0.2,男,結婚,國小以下,相同性別,0
113,,7,土城區,35～39歲,35,39,部分重疊,0.2,男,結婚,大學,不同性別,111
113,,7,土城區,35～39歲,35,39,部分重疊,0.2,男,結婚,大學,相同性別,1
113,,7,土城區,35～39歲,35,39,部分重疊,0.2,男,結婚,專科,不同性別,18
113,,7,土城區,35～39歲,35,39,部分重疊,0.2,男,結婚,專科,相同性別,2
113,,7,土城區,35～39歲,35,39,部分重疊,0.2,男,結婚,碩士,不同性別,35
113,,7,土城區,35～39歲,35,39,部分重疊,0.2,男,結婚,碩士,相同性別,0
113,,7,土城區,35～39歲,35,39,部分重疊,0.2,男,結婚,高中職,不同性別,50
113,,7,土城區,35～39歲,35,39,部分重疊,0.2,男,結婚,高中職,相同性別,0
113,,7,土城區,40～44歲,40,44,不相關,0.0,女,結婚,博士,不同性別,0
113,,7,土城區,40～44歲,40,44,不相關,0.0,女,結婚,博士,相同性別,0
113,,7,土城區,40～44歲,40,44,不相關,0.0,女,結婚,國中,不同性別,11
113,,7,土城區,40～44歲,40,44,不相關,0.0,女,結婚,國中,相同性別,0
113,,7,土城區,40～44歲,40,44,不相關,0.0,女,結婚,國小以下,不同性別,2
113,,7,土城區,40～44歲,40,44,不相關,0.0,女,結婚,國小以下,相同性別,0
113,,7,土城區,40～44歲,40,44,不相關,0.0,女,結婚,大學,不同性別,36
113,,7,土城區,40～44歲,40,44,不相關,0.0,女,結婚,大學,相同性別,2
113,,7,土城區,40～44歲,40,44,不相關,0.0,女,結婚,專科,不同性別,13
113,,7,土城區,40～44歲,40,44,不相關,0.0,女,結婚,專科,相同性別,0
113,,7,土城區,40～44歲,40,44,不相關,0.0,女,結婚,碩士,不同性別,5
113,,7,土城區,40～44歲,40,44,不相關,0.0,女,結婚,碩士,相同性別,0
113,,7,土城區,40～44歲,40,44,不相關,0.0,女,結婚,高中職,不同性別,26
113,,7,土城區,40～44歲,40,44,不相關,0.0,女,結婚,高中職,相同性別,1
113,,7,土城區,40～44歲,40,44,不相關,0.0,男,結婚,博士,不同性別,1
113,,7,土城區,40～44歲,40,44,不相關,0.0,男,結婚,博士,相同性別,0
113,,7,土城區,40～44歲,40,44,不相關,0.0,男,結婚,國中,不同性別,32
113,,7,土城區,40～44歲,40,44,不相關,0.0,男,結婚,國中,相同性別,0
113,,7,土城區,40～44歲,40,44,不相關,0.0,男,結婚,國小以下,不同性別,2
113,,7,土城區,40～44歲,40,44,不相關,0.0,男,結婚,國小以下,相同性別,0
113,,7,土城區,40～44歲,40,44,不相關,0.0,男,結婚,大學,不同性別,45
113,,7,土城區,40～44歲,40,44,不相關,0.0,男,結婚,大學,相同性別,1
113,,7,土城區,40～44歲,40,44,不相關,0.0,男,結婚,專科,不同性別,19
113,,7,土城區,40～44歲,40,44,不相關,0.0,男,結婚,專科,相同性別,0
113,,7,土城區,40～44歲,40,44,不相關,0.0,男,結婚,碩士,不同性別,16
113,,7,土城區,40～44歲,40,44,不相關,0.0,男,結婚,碩士,相同性別,0
113,,7,土城區,40～44歲,40,44,不相關,0.0,男,結婚,高中職,不同性別,34
113,,7,土城區,40～44歲,40,44,不相關,0.0,男,結婚,高中職,相同性別,0
113,,7,土城區,45～49歲,45,49,不相關,0.0,女,結婚,博士,不同性別,0
113,,7,土城區,45～49歲,45,49,不相關,0.0,女,結婚,博士,相同性別,0
113,,7,土城區,45～49歲,45,49,不相關,0.0,女,結婚,國中,不同性別,9
113,,7,土城區,45～49歲,45,49,不相關,0.0,女,結婚,國中,相同性別,0
113,,7,土城區,45～49歲,45,49,不相關,0.0,女,結婚,國小以下,不同性別,2
113,,7,土城區,45～49歲,45,49,不相關,0.0,女,結婚,國小以下,相同性別,0
113,,7,土城區,45～49歲,45,49,不相關,0.0,女,結婚,大學,不同性別,6
113,,7,土城區,45～49歲,45,49,不相關,0.0,女,結婚,大學,相同性別,0
113,,7,土城區,45～49歲,45,49,不相關,0.0,女,結婚,專科,不同性別,6
113,,7,土城區,45～49歲,45,49,不相關,0.0,女,結婚,專科,相同性別,1
113,,7,土城區,45～49歲,45,49,不相關,0.0,女,結婚,碩士,不同性別,0
113,,7,土城區,45～49歲,45,49,不相關,0.0,女,結婚,碩士,相同性別,2
113,,7,土城區,45～49歲,45,49,不相關,0.0,女,結婚,高中職,不同性別,13
113,,7,土城區,45～49歲,45,49,不相關,0.0,女,結婚,高中職,相同性別,4
113,,7,土城區,45～49歲,45,49,不相關,0.0,男,結婚,博士,不同性別,0
113,,7,土城區,45～49歲,45,49,不相關,0.0,男,結婚,博士,相同性別,0
113,,7,土城區,45～49歲,45,49,不相關,0.0,男,結婚,國中,不同性別,12
113,,7,土城區,45～49歲,45,49,不相關,0.0,男,結婚,國中,相同性別,0
113,,7,土城區,45～49歲,45,49,不相關,0.0,男,結婚,國小以下,不同性別,0
113,,7,土城區,45～49歲,45,49,不相關,0.0,男,結婚,國小以下,相同性別,0
113,,7,土城區,45～49歲,45,49,不相關,0.0,男,結婚,大學,不同性別,13
113,,7,土城區,45～49歲,45,49,不相關,0.0,男,結婚,大學,相同性別,0
113,,7,土城區,45～49歲,45,49,不相關,0.0,男,結婚,專科,不同性別,7
113,,7,土城區,45～49歲,45,49,不相關,0.0,男,結婚,專科,相同性別,1
113,,7,土城區,45～49歲,45,49,不相關,0.0,男,結婚,碩士,不同性別,5
113,,7,土城區,45～49歲,45,49,不相關,0.0,男,結婚,碩士,相同性別,0
113,,7,土城區,45～49歲,45,49,不相關,0.0,男,結婚,高中職,不同性別,20
113,,7,土城區,45～49歲,45,49,不相關,0.0,男,結婚,高中職,相同性別,1
113,,7,土城區,50～54歲,50,54,不相關,0.0,女,結婚,博士,不同性別,0
113,,7,土城區,50～54歲,50,54,不相關,0.0,女,結婚,博士,相同性別,0
113,,7,土城區,50～54歲,50,54,不相關,0.0,女,結婚,國中,不同性別,8
113,,7,土城區,50～54歲,50,54,不相關,0.0,女,結婚,國中,相同性別,0
113,,7,土城區,50～54歲,50,54,不相關,0.0,女,結婚,國小以下,不同性別,1
113,,7,土城區,50～54歲,50,54,不相關,0.0,女,結婚,國小以下,相同性別,0
113,,7,土城區,50～54歲,50,54,不相關,0.0,女,結婚,大學,不同性別,4
113,,7,土城區,50～54歲,50,54,不相關,0.0,女,結婚,大學,相同性別,0
113,,7,土城區,50～54歲,50,54,不相關,0.0,女,結婚,專科,不同性別,0
113,,7,土城區,50～54歲,50,54,不相關,0.0,女,結婚,專科,相同性別,0
113,,7,土城區,50～54歲,50,54,不相關,0.0,女,結婚,碩士,不同性別,0
113,,7,土城區,50～54歲,50,54,不相關,0.0,女,結婚,碩士,相同性別,0
113,,7,土城區,50～54歲,50,54,不相關,0.0,女,結婚,高中職,不同性別,15
113,,7,土城區,50～54歲,50,54,不相關,0.0,女,結婚,高中職,相同性別,1
113,,7,土城區,50～54歲,50,54,不相關,0.0,男,結婚,博士,不同性別,0
113,,7,土城區,50～54歲,50,54,不相關,0.0,男,結婚,博士,相同性別,0
113,,7,土城區,50～54歲,50,54,不相關,0.0,男,結婚,國中,不同性別,3
113,,7,土城區,50～54歲,50,54,不相關,0.0,男,結婚,國中,相同性別,0
113,,7,土城區,50～54歲,50,54,不相關,0.0,男,結婚,國小以下,不同性別,0
113,,7,土城區,50～54歲,50,54,不相關,0.0,男,結婚,國小以下,相同性別,0
113,,7,土城區,50～54歲,50,54,不相關,0.0,男,結婚,大學,不同性別,4
113,,7,土城區,50～54歲,50,54,不相關,0.0,男,結婚,大學,相同性別,0
113,,7,土城區,50～54歲,50,54,不相關,0.0,男,結婚,專科,不同性別,7
113,,7,土城區,50～54歲,50,54,不相關,0.0,男,結婚,專科,相同性別,0
113,,7,土城區,50～54歲,50,54,不相關,0.0,男,結婚,碩士,不同性別,1
113,,7,土城區,50～54歲,50,54,不相關,0.0,男,結婚,碩士,相同性別,0
113,,7,土城區,50～54歲,50,54,不相關,0.0,男,結婚,高中職,不同性別,16
113,,7,土城區,50～54歲,50,54,不相關,0.0,男,結婚,高中職,相同性別,1
113,,7,土城區,55～59歲,55,59,不相關,0.0,女,結婚,博士,不同性別,0
113,,7,土城區,55～59歲,55,59,不相關,0.0,女,結婚,博士,相同性別,0
113,,7,土城區,55～59歲,55,59,不相關,0.0,女,結婚,國中,不同性別,3
113,,7,土城區,55～59歲,55,59,不相關,0.0,女,結婚,國中,相同性別,0
113,,7,土城區,55～59歲,55,59,不相關,0.0,女,結婚,國小以下,不同性別,2
113,,7,土城區,55～59歲,55,59,不相關,0.0,女,結婚,國小以下,相同性別,0
113,,7,土城區,55～59歲,55,59,不相關,0.0,女,結婚,大學,不同性別,1
113,,7,土城區,55～59歲,55,59,不相關,0.0,女,結婚,大學,相同性別,0
113,,7,土城區,55～59歲,55,59,不相關,0.0,女,結婚,專科,不同性別,1
113,,7,土城區,55～59歲,55,59,不相關,0.0,女,結婚,專科,相同性別,0
113,,7,土城區,55～59歲,55,59,不相關,0.0,女,結婚,碩士,不同性別,0
113,,7,土城區,55～59歲,55,59,不相關,0.0,女,結婚,碩士,相同性別,0
113,,7,土城區,55～59歲,55,59,不相關,0.0,女,結婚,高中職,不同性別,8
113,,7,土城區,55～59歲,55,59,不相關,0.0,女,結婚,高中職,相同性別,0
113,,7,土城區,55～59歲,55,59,不相關,0.0,男,結婚,博士,不同性別,0
113,,7,土城區,55～59歲,55,59,不相關,0.0,男,結婚,博士,相同性別,0
113,,7,土城區,55～59歲,55,59,不相關,0.0,男,結婚,國中,不同性別,4
113,,7,土城區,55～59歲,55,59,不相關,0.0,男,結婚,國中,相同性別,0
113,,7,土城區,55～59歲,55,59,不相關,0.0,男,結婚,國小以下,不同性別,0
113,,7,土城區,55～59歲,55,59,不相關,0.0,男,結婚,國小以下,相同性別,0
113,,7,土城區,55～59歲,55,59,不相關,0.0,男,結婚,大學,不同性別,2
113,,7,土城區,55～59歲,55,59,不相關,0.0,男,結婚,大學,相同性別,0
113,,7,土城區,55～59歲,55,59,不相關,0.0,男,結婚,專科,不同性別,2
113,,7,土城區,55～59歲,55,59,不相關,0.0,男,結婚,專科,相同性別,0
113,,7,土城區,55～59歲,55,59,不相關,0.0,男,結婚,碩士,不同性別,0
113,,7,土城區,55～59歲,55,59,不相關,0.0,男,結婚,碩士,相同性別,0
113,,7,土城區,55～59歲,55,59,不相關,0.0,男,結婚,高中職,不同性別,12
113,,7,土城區,55～59歲,55,59,不相關,0.0,男,結婚,高中職,相同性別,0
113,,7,土城區,60～64歲,60,64,不相關,0.0,女,結婚,博士,不同性別,0
113,,7,土城區,60～64歲,60,64,不相關,0.0,女,結婚,博士,相同性別,0
113,,7,土城區,60～64歲,60,64,不相關,0.0,女,結婚,國中,不同性別,7
113,,7,土城區,60～64歲,60,64,不相關,0.0,女,結婚,國中,相同性別,0
113,,7,土城區,60～64歲,60,64,不相關,0.0,女,結婚,國小以下,不同性別,1
113,,7,土城區,60～64歲,60,64,不相關,0.0,女,結婚,國小以下,相同性別,0
113,,7,土城區,60～64歲,60,64,不相關,0.0,女,結婚,大學,不同性別,0
113,,7,土城區,60～64歲,60,64,不相關,0.0,女,結婚,大學,相同性別,0
113,,7,土城區,60～64歲,60,64,不相關,0.0,女,結婚,專科,不同性別,2
113,,7,土城區,60～64歲,60,64,不相關,0.0,女,結婚,專科,相同性別,0
113,,7,土城區,60～64歲,60,64,不相關,0.0,女,結婚,碩士,不同性別,1
113,,7,土城區,60～64歲,60,64,不相關,0.0,女,結婚,碩士,相同性別,0
113,,7,土城區,60～64歲,60,64,不相關,0.0,女,結婚,高中職,不同性別,8
113,,7,土城區,60～64歲,60,64,不相關,0.0,女,結婚,高中職,相同性別,0
113,,7,土城區,60～64歲,60,64,不相關,0.0,男,結婚,博士,不同性別,0
113,,7,土城區,60～64歲,60,64,不相關,0.0,男,結婚,博士,相同性別,0
113,,7,土城區,60～64歲,60,64,不相關,0.0,男,結婚,國中,不同性別,8
113,,7,土城區,60～64歲,60,64,不相關,0.0,男,結婚,國中,相同性別,0
113,,7,土城區,60～64歲,60,64,不相關,0.0,男,結婚,國小以下,不同性別,0
113,,7,土城區,60～64歲,60,64,不相關,0.0,男,結婚,國小以下,相同性別,0
113,,7,土城區,60～64歲,60,64,不相關,0.0,男,結婚,大學,不同性別,1
113,,7,土城區,60～64歲,60,64,不相關,0.0,男,結婚,大學,相同性別,0
113,,7,土城區,60～64歲,60,64,不相關,0.0,男,結婚,專科,不同性別,2
113,,7,土城區,60～64歲,60,64,不相關,0.0,男,結婚,專科,相同性別,0
113,,7,土城區,60～64歲,60,64,不相關,0.0,男,結婚,碩士,不同性別,1
113,,7,土城區,60～64歲,60,64,不相關,0.0,男,結婚,碩士,相同性別,0
113,,7,土城區,60～64歲,60,64,不相關,0.0,男,結婚,高中職,不同性別,8
113,,7,土城區,60～64歲,60,64,不相關,0.0,男,結婚,高中職,相同性別,0
113,,7,土城區,65歲以上,65,120,不相關,0.0,女,結婚,博士,不同性別,0
113,,7,土城區,65歲以上,65,120,不相關,0.0,女,結婚,博士,相同性別,0
113,,7,土城區,65歲以上,65,120,不相關,0.0,女,結婚,國中,不同性別,4
113,,7,土城區,65歲以上,65,120,不相關,0.0,女,結婚,國中,相同性別,0
113,,7,土城區,65歲以上,65,120,不相關,0.0,女,結婚,國小以下,不同性別,0
113,,7,土城區,65歲以上,65,120,不相關,0.0,女,結婚,國小以下,相同性別,0
113,,7,土城區,65歲以上,65,120,不相關,0.0,女,結婚,大學,不同性別,0
113,,7,土城區,65歲以上,65,120,不相關,0.0,女,結婚,大學,相同性別,0
113,,7,土城區,65歲以上,65,120,不相關,0.0,女,結婚,專科,不同性別,1
113,,7,土城區,65歲以上,65,120,不相關,0.0,女,結婚,專科,相同性別,0
113,,7,土城區,65歲以上,65,120,不相關,0.0,女,結婚,碩士,不同性別,0
113,,7,土城區,65歲以上,65,120,不相關,0.0,女,結婚,碩士,相同性別,0
113,,7,土城區,65歲以上,65,120,不相關,0.0,女,結婚,高中職,不同性別,1
113,,7,土城區,65歲以上,65,120,不相關,0.0,女,結婚,高中職,相同性別,0
113,,7,土城區,65歲以上,65,120,不相關,0.0,男,結婚,博士,不同性別,0
113,,7,土城區,65歲以上,65,120,不相關,0.0,男,結婚,博士,相同性別,0
113,,7,土城區,65歲以上,65,120,不相關,0.0,男,結婚,國中,不同性別,5
113,,7,土城區,65歲以上,65,120,不相關,0.0,男,結婚,國中,相同性別,0
113,,7,土城區,65歲以上,65,120,不相關,0.0,男,結婚,國小以下,不同性別,2
113,,7,土城區,65歲以上,65,120,不相關,0.0,男,結婚,國小以下,相同性別,0
113,,7,土城區,65歲以上,65,120,不相關,0.0,男,結婚,大學,不同性別,2
113,,7,土城區,65歲以上,65,120,不相關,0.0,男,結婚,大學,相同性別,0
113,,7,土城區,65歲以上,65,120,不相關,0.0,男,結婚,專科,不同性別,2
113,,7,土城區,65歲以上,65,120,不相關,0.0,男,結婚,專科,相同性別,0
113,,7,土城區,65歲以上,65,120,不相關,0.0,男,結婚,碩士,不同性別,0
113,,7,土城區,65歲以上,65,120,不相關,0.0,男,結婚,碩士,相同性別,0
113,,7,土城區,65歲以上,65,120,不相關,0.0,男,結婚,高中職,不同性別,5
113,,7,土城區,65歲以上,65,120,不相關,0.0,男,結婚,高中職,相同性別,0
113,,8,蘆洲區,未滿15歲,0,14,不相關,0.0,女,結婚,博士,不同性別,0
113,,8,蘆洲區,未滿15歲,0,14,不相關,0.0,女,結婚,博士,相同性別,0
113,,8,蘆洲區,未滿15歲,0,14,不相關,0.0,女,結婚,國中,不同性別,0
113,,8,蘆洲區,未滿15歲,0,14,不相關,0.0,女,結婚,國中,相同性別,0
113,,8,蘆洲區,未滿15歲,0,14,不相關,0.0,女,結婚,國小以下,不同性別,0
113,,8,蘆洲區,未滿15歲,0,14,不相關,0.0,女,結婚,國小以下,相同性別,0
113,,8,蘆洲區,未滿15歲,0,14,不相關,0.0,女,結婚,大學,不同性別,0
113,,8,蘆洲區,未滿15歲,0,14,不相關,0.0,女,結婚,大學,相同性別,0
113,,8,蘆洲區,未滿15歲,0,14,不相關,0.0,女,結婚,專科,不同性別,0
113,,8,蘆洲區,未滿15歲,0,14,不相關,0.0,女,結婚,專科,相同性別,0
113,,8,蘆洲區,未滿15歲,0,14,不相關,0.0,女,結婚,碩士,不同性別,0
113,,8,蘆洲區,未滿15歲,0,14,不相關,0.0,女,結婚,碩士,相同性別,0
113,,8,蘆洲區,未滿15歲,0,14,不相關,0.0,女,結婚,高中職,不同性別,0
113,,8,蘆洲區,未滿15歲,0,14,不相關,0.0,女,結婚,高中職,相同性別,0
113,,8,蘆洲區,未滿15歲,0,14,不相關,0.0,男,結婚,博士,不同性別,0
113,,8,蘆洲區,未滿15歲,0,14,不相關,0.0,男,結婚,博士,相同性別,0
113,,8,蘆洲區,未滿15歲,0,14,不相關,0.0,男,結婚,國中,不同性別,0
113,,8,蘆洲區,未滿15歲,0,14,不相關,0.0,男,結婚,國中,相同性別,0
113,,8,蘆洲區,未滿15歲,0,14,不相關,0.0,男,結婚,國小以下,不同性別,0
113,,8,蘆洲區,未滿15歲,0,14,不相關,0.0,男,結婚,國小以下,相同性別,0
113,,8,蘆洲區,未滿15歲,0,14,不相關,0.0,男,結婚,大學,不同性別,0
113,,8,蘆洲區,未滿15歲,0,14,不相關,0.0,男,結婚,大學,相同性別,0
113,,8,蘆洲區,未滿15歲,0,14,不相關,0.0,男,結婚,專科,不同性別,0
113,,8,蘆洲區,未滿15歲,0,14,不相關,0.0,男,結婚,專科,相同性別,0
113,,8,蘆洲區,未滿15歲,0,14,不相關,0.0,男,結婚,碩士,不同性別,0
113,,8,蘆洲區,未滿15歲,0,14,不相關,0.0,男,結婚,碩士,相同性別,0
113,,8,蘆洲區,未滿15歲,0,14,不相關,0.0,男,結婚,高中職,不同性別,0
113,,8,蘆洲區,未滿15歲,0,14,不相關,0.0,男,結婚,高中職,相同性別,0
113,,8,蘆洲區,15～19歲,15,19,部分重疊,0.4,女,結婚,博士,不同性別,0
113,,8,蘆洲區,15～19歲,15,19,部分重疊,0.4,女,結婚,博士,相同性別,0
113,,8,蘆洲區,15～19歲,15,19,部分重疊,0.4,女,結婚,國中,不同性別,8
113,,8,蘆洲區,15～19歲,15,19,部分重疊,0.4,女,結婚,國中,相同性別,0
113,,8,蘆洲區,15～19歲,15,19,部分重疊,0.4,女,結婚,國小以下,不同性別,1
113,,8,蘆洲區,15～19歲,15,19,部分重疊,0.4,女,結婚,國小以下,相同性別,0
113,,8,蘆洲區,15～19歲,15,19,部分重疊,0.4,女,結婚,大學,不同性別,0
113,,8,蘆洲區,15～19歲,15,19,部分重疊,0.4,女,結婚,大學,相同性別,0
113,,8,蘆洲區,15～19歲,15,19,部分重疊,0.4,女,結婚,專科,不同性別,0
113,,8,蘆洲區,15～19歲,15,19,部分重疊,0.4,女,結婚,專科,相同性別,0
113,,8,蘆洲區,15～19歲,15,19,部分重疊,0.4,女,結婚,碩士,不同性別,0
113,,8,蘆洲區,15～19歲,15,19,部分重疊,0.4,女,結婚,碩士,相同性別,0
113,,8,蘆洲區,15～19歲,15,19,部分重疊,0.4,女,結婚,高中職,不同性別,0
113,,8,蘆洲區,15～19歲,15,19,部分重疊,0.4,女,結婚,高中職,相同性別,0
113,,8,蘆洲區,15～19歲,15,19,部分重疊,0.4,男,結婚,博士,不同性別,0
113,,8,蘆洲區,15～19歲,15,19,部分重疊,0.4,男,結婚,博士,相同性別,0
113,,8,蘆洲區,15～19歲,15,19,部分重疊,0.4,男,結婚,國中,不同性別,1
113,,8,蘆洲區,15～19歲,15,19,部分重疊,0.4,男,結婚,國中,相同性別,0
113,,8,蘆洲區,15～19歲,15,19,部分重疊,0.4,男,結婚,國小以下,不同性別,0
113,,8,蘆洲區,15～19歲,15,19,部分重疊,0.4,男,結婚,國小以下,相同性別,0
113,,8,蘆洲區,15～19歲,15,19,部分重疊,0.4,男,結婚,大學,不同性別,0
113,,8,蘆洲區,15～19歲,15,19,部分重疊,0.4,男,結婚,大學,相同性別,0
113,,8,蘆洲區,15～19歲,15,19,部分重疊,0.4,男,結婚,專科,不同性別,0
113,,8,蘆洲區,15～19歲,15,19,部分重疊,0.4,男,結婚,專科,相同性別,0
113,,8,蘆洲區,15～19歲,15,19,部分重疊,0.4,男,結婚,碩士,不同性別,0
113,,8,蘆洲區,15～19歲,15,19,部分重疊,0.4,男,結婚,碩士,相同性別,0
113,,8,蘆洲區,15～19歲,15,19,部分重疊,0.4,男,結婚,高中職,不同性別,0
113,,8,蘆洲區,15～19歲,15,19,部分重疊,0.4,男,結婚,高中職,相同性別,0
113,,8,蘆洲區,20～24歲,20,24,完全落入,1.0,女,結婚,博士,不同性別,0
113,,8,蘆洲區,20～24歲,20,24,完全落入,1.0,女,結婚,博士,相同性別,0
113,,8,蘆洲區,20～24歲,20,24,完全落入,1.0,女,結婚,國中,不同性別,22
113,,8,蘆洲區,20～24歲,20,24,完全落入,1.0,女,結婚,國中,相同性別,3
113,,8,蘆洲區,20～24歲,20,24,完全落入,1.0,女,結婚,國小以下,不同性別,0
113,,8,蘆洲區,20～24歲,20,24,完全落入,1.0,女,結婚,國小以下,相同性別,0
113,,8,蘆洲區,20～24歲,20,24,完全落入,1.0,女,結婚,大學,不同性別,18
113,,8,蘆洲區,20～24歲,20,24,完全落入,1.0,女,結婚,大學,相同性別,0
113,,8,蘆洲區,20～24歲,20,24,完全落入,1.0,女,結婚,專科,不同性別,8
113,,8,蘆洲區,20～24歲,20,24,完全落入,1.0,女,結婚,專科,相同性別,0
113,,8,蘆洲區,20～24歲,20,24,完全落入,1.0,女,結婚,碩士,不同性別,0
113,,8,蘆洲區,20～24歲,20,24,完全落入,1.0,女,結婚,碩士,相同性別,0
113,,8,蘆洲區,20～24歲,20,24,完全落入,1.0,女,結婚,高中職,不同性別,45
113,,8,蘆洲區,20～24歲,20,24,完全落入,1.0,女,結婚,高中職,相同性別,1
113,,8,蘆洲區,20～24歲,20,24,完全落入,1.0,男,結婚,博士,不同性別,0
113,,8,蘆洲區,20～24歲,20,24,完全落入,1.0,男,結婚,博士,相同性別,0
113,,8,蘆洲區,20～24歲,20,24,完全落入,1.0,男,結婚,國中,不同性別,23
113,,8,蘆洲區,20～24歲,20,24,完全落入,1.0,男,結婚,國中,相同性別,0
113,,8,蘆洲區,20～24歲,20,24,完全落入,1.0,男,結婚,國小以下,不同性別,1
113,,8,蘆洲區,20～24歲,20,24,完全落入,1.0,男,結婚,國小以下,相同性別,0
113,,8,蘆洲區,20～24歲,20,24,完全落入,1.0,男,結婚,大學,不同性別,13
113,,8,蘆洲區,20～24歲,20,24,完全落入,1.0,男,結婚,大學,相同性別,0
113,,8,蘆洲區,20～24歲,20,24,完全落入,1.0,男,結婚,專科,不同性別,1
113,,8,蘆洲區,20～24歲,20,24,完全落入,1.0,男,結婚,專科,相同性別,0
113,,8,蘆洲區,20～24歲,20,24,完全落入,1.0,男,結婚,碩士,不同性別,0
113,,8,蘆洲區,20～24歲,20,24,完全落入,1.0,男,結婚,碩士,相同性別,0
113,,8,蘆洲區,20～24歲,20,24,完全落入,1.0,男,結婚,高中職,不同性別,22
113,,8,蘆洲區,20～24歲,20,24,完全落入,1.0,男,結婚,高中職,相同性別,1
113,,8,蘆洲區,25～29歲,25,29,完全落入,1.0,女,結婚,博士,不同性別,0
113,,8,蘆洲區,25～29歲,25,29,完全落入,1.0,女,結婚,博士,相同性別,0
113,,8,蘆洲區,25～29歲,25,29,完全落入,1.0,女,結婚,國中,不同性別,18
113,,8,蘆洲區,25～29歲,25,29,完全落入,1.0,女,結婚,國中,相同性別,2
113,,8,蘆洲區,25～29歲,25,29,完全落入,1.0,女,結婚,國小以下,不同性別,3
113,,8,蘆洲區,25～29歲,25,29,完全落入,1.0,女,結婚,國小以下,相同性別,0
113,,8,蘆洲區,25～29歲,25,29,完全落入,1.0,女,結婚,大學,不同性別,175
113,,8,蘆洲區,25～29歲,25,29,完全落入,1.0,女,結婚,大學,相同性別,2
113,,8,蘆洲區,25～29歲,25,29,完全落入,1.0,女,結婚,專科,不同性別,17
113,,8,蘆洲區,25～29歲,25,29,完全落入,1.0,女,結婚,專科,相同性別,1
113,,8,蘆洲區,25～29歲,25,29,完全落入,1.0,女,結婚,碩士,不同性別,13
113,,8,蘆洲區,25～29歲,25,29,完全落入,1.0,女,結婚,碩士,相同性別,0
113,,8,蘆洲區,25～29歲,25,29,完全落入,1.0,女,結婚,高中職,不同性別,57
113,,8,蘆洲區,25～29歲,25,29,完全落入,1.0,女,結婚,高中職,相同性別,3
113,,8,蘆洲區,25～29歲,25,29,完全落入,1.0,男,結婚,博士,不同性別,0
113,,8,蘆洲區,25～29歲,25,29,完全落入,1.0,男,結婚,博士,相同性別,0
113,,8,蘆洲區,25～29歲,25,29,完全落入,1.0,男,結婚,國中,不同性別,26
113,,8,蘆洲區,25～29歲,25,29,完全落入,1.0,男,結婚,國中,相同性別,1
113,,8,蘆洲區,25～29歲,25,29,完全落入,1.0,男,結婚,國小以下,不同性別,1
113,,8,蘆洲區,25～29歲,25,29,完全落入,1.0,男,結婚,國小以下,相同性別,0
113,,8,蘆洲區,25～29歲,25,29,完全落入,1.0,男,結婚,大學,不同性別,112
113,,8,蘆洲區,25～29歲,25,29,完全落入,1.0,男,結婚,大學,相同性別,4
113,,8,蘆洲區,25～29歲,25,29,完全落入,1.0,男,結婚,專科,不同性別,8
113,,8,蘆洲區,25～29歲,25,29,完全落入,1.0,男,結婚,專科,相同性別,0
113,,8,蘆洲區,25～29歲,25,29,完全落入,1.0,男,結婚,碩士,不同性別,16
113,,8,蘆洲區,25～29歲,25,29,完全落入,1.0,男,結婚,碩士,相同性別,0
113,,8,蘆洲區,25～29歲,25,29,完全落入,1.0,男,結婚,高中職,不同性別,53
113,,8,蘆洲區,25～29歲,25,29,完全落入,1.0,男,結婚,高中職,相同性別,1
113,,8,蘆洲區,30～34歲,30,34,完全落入,1.0,女,結婚,博士,不同性別,0
113,,8,蘆洲區,30～34歲,30,34,完全落入,1.0,女,結婚,博士,相同性別,0
113,,8,蘆洲區,30～34歲,30,34,完全落入,1.0,女,結婚,國中,不同性別,14
113,,8,蘆洲區,30～34歲,30,34,完全落入,1.0,女,結婚,國中,相同性別,0
113,,8,蘆洲區,30～34歲,30,34,完全落入,1.0,女,結婚,國小以下,不同性別,3
113,,8,蘆洲區,30～34歲,30,34,完全落入,1.0,女,結婚,國小以下,相同性別,0
113,,8,蘆洲區,30～34歲,30,34,完全落入,1.0,女,結婚,大學,不同性別,200
113,,8,蘆洲區,30～34歲,30,34,完全落入,1.0,女,結婚,大學,相同性別,7
113,,8,蘆洲區,30～34歲,30,34,完全落入,1.0,女,結婚,專科,不同性別,3
113,,8,蘆洲區,30～34歲,30,34,完全落入,1.0,女,結婚,專科,相同性別,0
113,,8,蘆洲區,30～34歲,30,34,完全落入,1.0,女,結婚,碩士,不同性別,33
113,,8,蘆洲區,30～34歲,30,34,完全落入,1.0,女,結婚,碩士,相同性別,0
113,,8,蘆洲區,30～34歲,30,34,完全落入,1.0,女,結婚,高中職,不同性別,41
113,,8,蘆洲區,30～34歲,30,34,完全落入,1.0,女,結婚,高中職,相同性別,1
113,,8,蘆洲區,30～34歲,30,34,完全落入,1.0,男,結婚,博士,不同性別,1
113,,8,蘆洲區,30～34歲,30,34,完全落入,1.0,男,結婚,博士,相同性別,0
113,,8,蘆洲區,30～34歲,30,34,完全落入,1.0,男,結婚,國中,不同性別,29
113,,8,蘆洲區,30～34歲,30,34,完全落入,1.0,男,結婚,國中,相同性別,1
113,,8,蘆洲區,30～34歲,30,34,完全落入,1.0,男,結婚,國小以下,不同性別,1
113,,8,蘆洲區,30～34歲,30,34,完全落入,1.0,男,結婚,國小以下,相同性別,0
113,,8,蘆洲區,30～34歲,30,34,完全落入,1.0,男,結婚,大學,不同性別,157
113,,8,蘆洲區,30～34歲,30,34,完全落入,1.0,男,結婚,大學,相同性別,2
113,,8,蘆洲區,30～34歲,30,34,完全落入,1.0,男,結婚,專科,不同性別,17
113,,8,蘆洲區,30～34歲,30,34,完全落入,1.0,男,結婚,專科,相同性別,0
113,,8,蘆洲區,30～34歲,30,34,完全落入,1.0,男,結婚,碩士,不同性別,37
113,,8,蘆洲區,30～34歲,30,34,完全落入,1.0,男,結婚,碩士,相同性別,1
113,,8,蘆洲區,30～34歲,30,34,完全落入,1.0,男,結婚,高中職,不同性別,53
113,,8,蘆洲區,30～34歲,30,34,完全落入,1.0,男,結婚,高中職,相同性別,0
113,,8,蘆洲區,35～39歲,35,39,部分重疊,0.2,女,結婚,博士,不同性別,2
113,,8,蘆洲區,35～39歲,35,39,部分重疊,0.2,女,結婚,博士,相同性別,0
113,,8,蘆洲區,35～39歲,35,39,部分重疊,0.2,女,結婚,國中,不同性別,11
113,,8,蘆洲區,35～39歲,35,39,部分重疊,0.2,女,結婚,國中,相同性別,1
113,,8,蘆洲區,35～39歲,35,39,部分重疊,0.2,女,結婚,國小以下,不同性別,5
113,,8,蘆洲區,35～39歲,35,39,部分重疊,0.2,女,結婚,國小以下,相同性別,0
113,,8,蘆洲區,35～39歲,35,39,部分重疊,0.2,女,結婚,大學,不同性別,78
113,,8,蘆洲區,35～39歲,35,39,部分重疊,0.2,女,結婚,大學,相同性別,2
113,,8,蘆洲區,35～39歲,35,39,部分重疊,0.2,女,結婚,專科,不同性別,8
113,,8,蘆洲區,35～39歲,35,39,部分重疊,0.2,女,結婚,專科,相同性別,0
113,,8,蘆洲區,35～39歲,35,39,部分重疊,0.2,女,結婚,碩士,不同性別,11
113,,8,蘆洲區,35～39歲,35,39,部分重疊,0.2,女,結婚,碩士,相同性別,0
113,,8,蘆洲區,35～39歲,35,39,部分重疊,0.2,女,結婚,高中職,不同性別,36
113,,8,蘆洲區,35～39歲,35,39,部分重疊,0.2,女,結婚,高中職,相同性別,3
113,,8,蘆洲區,35～39歲,35,39,部分重疊,0.2,男,結婚,博士,不同性別,4
113,,8,蘆洲區,35～39歲,35,39,部分重疊,0.2,男,結婚,博士,相同性別,0
113,,8,蘆洲區,35～39歲,35,39,部分重疊,0.2,男,結婚,國中,不同性別,17
113,,8,蘆洲區,35～39歲,35,39,部分重疊,0.2,男,結婚,國中,相同性別,0
113,,8,蘆洲區,35～39歲,35,39,部分重疊,0.2,男,結婚,國小以下,不同性別,1
113,,8,蘆洲區,35～39歲,35,39,部分重疊,0.2,男,結婚,國小以下,相同性別,0
113,,8,蘆洲區,35～39歲,35,39,部分重疊,0.2,男,結婚,大學,不同性別,81
113,,8,蘆洲區,35～39歲,35,39,部分重疊,0.2,男,結婚,大學,相同性別,2
113,,8,蘆洲區,35～39歲,35,39,部分重疊,0.2,男,結婚,專科,不同性別,10
113,,8,蘆洲區,35～39歲,35,39,部分重疊,0.2,男,結婚,專科,相同性別,1
113,,8,蘆洲區,35～39歲,35,39,部分重疊,0.2,男,結婚,碩士,不同性別,29
113,,8,蘆洲區,35～39歲,35,39,部分重疊,0.2,男,結婚,碩士,相同性別,0
113,,8,蘆洲區,35～39歲,35,39,部分重疊,0.2,男,結婚,高中職,不同性別,44
113,,8,蘆洲區,35～39歲,35,39,部分重疊,0.2,男,結婚,高中職,相同性別,0
113,,8,蘆洲區,40～44歲,40,44,不相關,0.0,女,結婚,博士,不同性別,0
113,,8,蘆洲區,40～44歲,40,44,不相關,0.0,女,結婚,博士,相同性別,0
113,,8,蘆洲區,40～44歲,40,44,不相關,0.0,女,結婚,國中,不同性別,12
113,,8,蘆洲區,40～44歲,40,44,不相關,0.0,女,結婚,國中,相同性別,0
113,,8,蘆洲區,40～44歲,40,44,不相關,0.0,女,結婚,國小以下,不同性別,4
113,,8,蘆洲區,40～44歲,40,44,不相關,0.0,女,結婚,國小以下,相同性別,0
113,,8,蘆洲區,40～44歲,40,44,不相關,0.0,女,結婚,大學,不同性別,23
113,,8,蘆洲區,40～44歲,40,44,不相關,0.0,女,結婚,大學,相同性別,1
113,,8,蘆洲區,40～44歲,40,44,不相關,0.0,女,結婚,專科,不同性別,8
113,,8,蘆洲區,40～44歲,40,44,不相關,0.0,女,結婚,專科,相同性別,2
113,,8,蘆洲區,40～44歲,40,44,不相關,0.0,女,結婚,碩士,不同性別,3
113,,8,蘆洲區,40～44歲,40,44,不相關,0.0,女,結婚,碩士,相同性別,0
113,,8,蘆洲區,40～44歲,40,44,不相關,0.0,女,結婚,高中職,不同性別,22
113,,8,蘆洲區,40～44歲,40,44,不相關,0.0,女,結婚,高中職,相同性別,2
113,,8,蘆洲區,40～44歲,40,44,不相關,0.0,男,結婚,博士,不同性別,0
113,,8,蘆洲區,40～44歲,40,44,不相關,0.0,男,結婚,博士,相同性別,0
113,,8,蘆洲區,40～44歲,40,44,不相關,0.0,男,結婚,國中,不同性別,10
113,,8,蘆洲區,40～44歲,40,44,不相關,0.0,男,結婚,國中,相同性別,0
113,,8,蘆洲區,40～44歲,40,44,不相關,0.0,男,結婚,國小以下,不同性別,2
113,,8,蘆洲區,40～44歲,40,44,不相關,0.0,男,結婚,國小以下,相同性別,0
113,,8,蘆洲區,40～44歲,40,44,不相關,0.0,男,結婚,大學,不同性別,29
113,,8,蘆洲區,40～44歲,40,44,不相關,0.0,男,結婚,大學,相同性別,0
113,,8,蘆洲區,40～44歲,40,44,不相關,0.0,男,結婚,專科,不同性別,13
113,,8,蘆洲區,40～44歲,40,44,不相關,0.0,男,結婚,專科,相同性別,0
113,,8,蘆洲區,40～44歲,40,44,不相關,0.0,男,結婚,碩士,不同性別,10
113,,8,蘆洲區,40～44歲,40,44,不相關,0.0,男,結婚,碩士,相同性別,0
113,,8,蘆洲區,40～44歲,40,44,不相關,0.0,男,結婚,高中職,不同性別,28
113,,8,蘆洲區,40～44歲,40,44,不相關,0.0,男,結婚,高中職,相同性別,1
113,,8,蘆洲區,45～49歲,45,49,不相關,0.0,女,結婚,博士,不同性別,0
113,,8,蘆洲區,45～49歲,45,49,不相關,0.0,女,結婚,博士,相同性別,0
113,,8,蘆洲區,45～49歲,45,49,不相關,0.0,女,結婚,國中,不同性別,8
113,,8,蘆洲區,45～49歲,45,49,不相關,0.0,女,結婚,國中,相同性別,0
113,,8,蘆洲區,45～49歲,45,49,不相關,0.0,女,結婚,國小以下,不同性別,5
113,,8,蘆洲區,45～49歲,45,49,不相關,0.0,女,結婚,國小以下,相同性別,0
113,,8,蘆洲區,45～49歲,45,49,不相關,0.0,女,結婚,大學,不同性別,3
113,,8,蘆洲區,45～49歲,45,49,不相關,0.0,女,結婚,大學,相同性別,1
113,,8,蘆洲區,45～49歲,45,49,不相關,0.0,女,結婚,專科,不同性別,7
113,,8,蘆洲區,45～49歲,45,49,不相關,0.0,女,結婚,專科,相同性別,0
113,,8,蘆洲區,45～49歲,45,49,不相關,0.0,女,結婚,碩士,不同性別,3
113,,8,蘆洲區,45～49歲,45,49,不相關,0.0,女,結婚,碩士,相同性別,0
113,,8,蘆洲區,45～49歲,45,49,不相關,0.0,女,結婚,高中職,不同性別,24
113,,8,蘆洲區,45～49歲,45,49,不相關,0.0,女,結婚,高中職,相同性別,0
113,,8,蘆洲區,45～49歲,45,49,不相關,0.0,男,結婚,博士,不同性別,0
113,,8,蘆洲區,45～49歲,45,49,不相關,0.0,男,結婚,博士,相同性別,0
113,,8,蘆洲區,45～49歲,45,49,不相關,0.0,男,結婚,國中,不同性別,14
113,,8,蘆洲區,45～49歲,45,49,不相關,0.0,男,結婚,國中,相同性別,0
113,,8,蘆洲區,45～49歲,45,49,不相關,0.0,男,結婚,國小以下,不同性別,2
113,,8,蘆洲區,45～49歲,45,49,不相關,0.0,男,結婚,國小以下,相同性別,0
113,,8,蘆洲區,45～49歲,45,49,不相關,0.0,男,結婚,大學,不同性別,12
113,,8,蘆洲區,45～49歲,45,49,不相關,0.0,男,結婚,大學,相同性別,0
113,,8,蘆洲區,45～49歲,45,49,不相關,0.0,男,結婚,專科,不同性別,11
113,,8,蘆洲區,45～49歲,45,49,不相關,0.0,男,結婚,專科,相同性別,1
113,,8,蘆洲區,45～49歲,45,49,不相關,0.0,男,結婚,碩士,不同性別,3
113,,8,蘆洲區,45～49歲,45,49,不相關,0.0,男,結婚,碩士,相同性別,1
113,,8,蘆洲區,45～49歲,45,49,不相關,0.0,男,結婚,高中職,不同性別,22
113,,8,蘆洲區,45～49歲,45,49,不相關,0.0,男,結婚,高中職,相同性別,0
113,,8,蘆洲區,50～54歲,50,54,不相關,0.0,女,結婚,博士,不同性別,0
113,,8,蘆洲區,50～54歲,50,54,不相關,0.0,女,結婚,博士,相同性別,0
113,,8,蘆洲區,50～54歲,50,54,不相關,0.0,女,結婚,國中,不同性別,4
113,,8,蘆洲區,50～54歲,50,54,不相關,0.0,女,結婚,國中,相同性別,0
113,,8,蘆洲區,50～54歲,50,54,不相關,0.0,女,結婚,國小以下,不同性別,3
113,,8,蘆洲區,50～54歲,50,54,不相關,0.0,女,結婚,國小以下,相同性別,0
113,,8,蘆洲區,50～54歲,50,54,不相關,0.0,女,結婚,大學,不同性別,2
113,,8,蘆洲區,50～54歲,50,54,不相關,0.0,女,結婚,大學,相同性別,0
113,,8,蘆洲區,50～54歲,50,54,不相關,0.0,女,結婚,專科,不同性別,3
113,,8,蘆洲區,50～54歲,50,54,不相關,0.0,女,結婚,專科,相同性別,1
113,,8,蘆洲區,50～54歲,50,54,不相關,0.0,女,結婚,碩士,不同性別,0
113,,8,蘆洲區,50～54歲,50,54,不相關,0.0,女,結婚,碩士,相同性別,0
113,,8,蘆洲區,50～54歲,50,54,不相關,0.0,女,結婚,高中職,不同性別,6
113,,8,蘆洲區,50～54歲,50,54,不相關,0.0,女,結婚,高中職,相同性別,0
113,,8,蘆洲區,50～54歲,50,54,不相關,0.0,男,結婚,博士,不同性別,0
113,,8,蘆洲區,50～54歲,50,54,不相關,0.0,男,結婚,博士,相同性別,0
113,,8,蘆洲區,50～54歲,50,54,不相關,0.0,男,結婚,國中,不同性別,11
113,,8,蘆洲區,50～54歲,50,54,不相關,0.0,男,結婚,國中,相同性別,0
113,,8,蘆洲區,50～54歲,50,54,不相關,0.0,男,結婚,國小以下,不同性別,0
113,,8,蘆洲區,50～54歲,50,54,不相關,0.0,男,結婚,國小以下,相同性別,0
113,,8,蘆洲區,50～54歲,50,54,不相關,0.0,男,結婚,大學,不同性別,6
113,,8,蘆洲區,50～54歲,50,54,不相關,0.0,男,結婚,大學,相同性別,1
113,,8,蘆洲區,50～54歲,50,54,不相關,0.0,男,結婚,專科,不同性別,8
113,,8,蘆洲區,50～54歲,50,54,不相關,0.0,男,結婚,專科,相同性別,0
113,,8,蘆洲區,50～54歲,50,54,不相關,0.0,男,結婚,碩士,不同性別,1
113,,8,蘆洲區,50～54歲,50,54,不相關,0.0,男,結婚,碩士,相同性別,0
113,,8,蘆洲區,50～54歲,50,54,不相關,0.0,男,結婚,高中職,不同性別,5
113,,8,蘆洲區,50～54歲,50,54,不相關,0.0,男,結婚,高中職,相同性別,1
113,,8,蘆洲區,55～59歲,55,59,不相關,0.0,女,結婚,博士,不同性別,0
113,,8,蘆洲區,55～59歲,55,59,不相關,0.0,女,結婚,博士,相同性別,0
113,,8,蘆洲區,55～59歲,55,59,不相關,0.0,女,結婚,國中,不同性別,1
113,,8,蘆洲區,55～59歲,55,59,不相關,0.0,女,結婚,國中,相同性別,0
113,,8,蘆洲區,55～59歲,55,59,不相關,0.0,女,結婚,國小以下,不同性別,0
113,,8,蘆洲區,55～59歲,55,59,不相關,0.0,女,結婚,國小以下,相同性別,0
113,,8,蘆洲區,55～59歲,55,59,不相關,0.0,女,結婚,大學,不同性別,0
113,,8,蘆洲區,55～59歲,55,59,不相關,0.0,女,結婚,大學,相同性別,0
113,,8,蘆洲區,55～59歲,55,59,不相關,0.0,女,結婚,專科,不同性別,1
113,,8,蘆洲區,55～59歲,55,59,不相關,0.0,女,結婚,專科,相同性別,0
113,,8,蘆洲區,55～59歲,55,59,不相關,0.0,女,結婚,碩士,不同性別,0
113,,8,蘆洲區,55～59歲,55,59,不相關,0.0,女,結婚,碩士,相同性別,0
113,,8,蘆洲區,55～59歲,55,59,不相關,0.0,女,結婚,高中職,不同性別,7
113,,8,蘆洲區,55～59歲,55,59,不相關,0.0,女,結婚,高中職,相同性別,0
113,,8,蘆洲區,55～59歲,55,59,不相關,0.0,男,結婚,博士,不同性別,0
113,,8,蘆洲區,55～59歲,55,59,不相關,0.0,男,結婚,博士,相同性別,0
113,,8,蘆洲區,55～59歲,55,59,不相關,0.0,男,結婚,國中,不同性別,5
113,,8,蘆洲區,55～59歲,55,59,不相關,0.0,男,結婚,國中,相同性別,0
113,,8,蘆洲區,55～59歲,55,59,不相關,0.0,男,結婚,國小以下,不同性別,0
113,,8,蘆洲區,55～59歲,55,59,不相關,0.0,男,結婚,國小以下,相同性別,0
113,,8,蘆洲區,55～59歲,55,59,不相關,0.0,男,結婚,大學,不同性別,1
113,,8,蘆洲區,55～59歲,55,59,不相關,0.0,男,結婚,大學,相同性別,0
113,,8,蘆洲區,55～59歲,55,59,不相關,0.0,男,結婚,專科,不同性別,6
113,,8,蘆洲區,55～59歲,55,59,不相關,0.0,男,結婚,專科,相同性別,0
113,,8,蘆洲區,55～59歲,55,59,不相關,0.0,男,結婚,碩士,不同性別,0
113,,8,蘆洲區,55～59歲,55,59,不相關,0.0,男,結婚,碩士,相同性別,0
113,,8,蘆洲區,55～59歲,55,59,不相關,0.0,男,結婚,高中職,不同性別,10
113,,8,蘆洲區,55～59歲,55,59,不相關,0.0,男,結婚,高中職,相同性別,1
113,,8,蘆洲區,60～64歲,60,64,不相關,0.0,女,結婚,博士,不同性別,0
113,,8,蘆洲區,60～64歲,60,64,不相關,0.0,女,結婚,博士,相同性別,0
113,,8,蘆洲區,60～64歲,60,64,不相關,0.0,女,結婚,國中,不同性別,3
113,,8,蘆洲區,60～64歲,60,64,不相關,0.0,女,結婚,國中,相同性別,0
113,,8,蘆洲區,60～64歲,60,64,不相關,0.0,女,結婚,國小以下,不同性別,0
113,,8,蘆洲區,60～64歲,60,64,不相關,0.0,女,結婚,國小以下,相同性別,1
113,,8,蘆洲區,60～64歲,60,64,不相關,0.0,女,結婚,大學,不同性別,0
113,,8,蘆洲區,60～64歲,60,64,不相關,0.0,女,結婚,大學,相同性別,0
113,,8,蘆洲區,60～64歲,60,64,不相關,0.0,女,結婚,專科,不同性別,1
113,,8,蘆洲區,60～64歲,60,64,不相關,0.0,女,結婚,專科,相同性別,0
113,,8,蘆洲區,60～64歲,60,64,不相關,0.0,女,結婚,碩士,不同性別,0
113,,8,蘆洲區,60～64歲,60,64,不相關,0.0,女,結婚,碩士,相同性別,0
113,,8,蘆洲區,60～64歲,60,64,不相關,0.0,女,結婚,高中職,不同性別,3
113,,8,蘆洲區,60～64歲,60,64,不相關,0.0,女,結婚,高中職,相同性別,0
113,,8,蘆洲區,60～64歲,60,64,不相關,0.0,男,結婚,博士,不同性別,0
113,,8,蘆洲區,60～64歲,60,64,不相關,0.0,男,結婚,博士,相同性別,0
113,,8,蘆洲區,60～64歲,60,64,不相關,0.0,男,結婚,國中,不同性別,7
113,,8,蘆洲區,60～64歲,60,64,不相關,0.0,男,結婚,國中,相同性別,0
113,,8,蘆洲區,60～64歲,60,64,不相關,0.0,男,結婚,國小以下,不同性別,0
113,,8,蘆洲區,60～64歲,60,64,不相關,0.0,男,結婚,國小以下,相同性別,0
113,,8,蘆洲區,60～64歲,60,64,不相關,0.0,男,結婚,大學,不同性別,1
113,,8,蘆洲區,60～64歲,60,64,不相關,0.0,男,結婚,大學,相同性別,0
113,,8,蘆洲區,60～64歲,60,64,不相關,0.0,男,結婚,專科,不同性別,0
113,,8,蘆洲區,60～64歲,60,64,不相關,0.0,男,結婚,專科,相同性別,0
113,,8,蘆洲區,60～64歲,60,64,不相關,0.0,男,結婚,碩士,不同性別,0
113,,8,蘆洲區,60～64歲,60,64,不相關,0.0,男,結婚,碩士,相同性別,0
113,,8,蘆洲區,60～64歲,60,64,不相關,0.0,男,結婚,高中職,不同性別,4
113,,8,蘆洲區,60～64歲,60,64,不相關,0.0,男,結婚,高中職,相同性別,0
113,,8,蘆洲區,65歲以上,65,120,不相關,0.0,女,結婚,博士,不同性別,0
113,,8,蘆洲區,65歲以上,65,120,不相關,0.0,女,結婚,博士,相同性別,0
113,,8,蘆洲區,65歲以上,65,120,不相關,0.0,女,結婚,國中,不同性別,3
113,,8,蘆洲區,65歲以上,65,120,不相關,0.0,女,結婚,國中,相同性別,0
113,,8,蘆洲區,65歲以上,65,120,不相關,0.0,女,結婚,國小以下,不同性別,1
113,,8,蘆洲區,65歲以上,65,120,不相關,0.0,女,結婚,國小以下,相同性別,0
113,,8,蘆洲區,65歲以上,65,120,不相關,0.0,女,結婚,大學,不同性別,0
113,,8,蘆洲區,65歲以上,65,120,不相關,0.0,女,結婚,大學,相同性別,0
113,,8,蘆洲區,65歲以上,65,120,不相關,0.0,女,結婚,專科,不同性別,0
113,,8,蘆洲區,65歲以上,65,120,不相關,0.0,女,結婚,專科,相同性別,0
113,,8,蘆洲區,65歲以上,65,120,不相關,0.0,女,結婚,碩士,不同性別,0
113,,8,蘆洲區,65歲以上,65,120,不相關,0.0,女,結婚,碩士,相同性別,0
113,,8,蘆洲區,65歲以上,65,120,不相關,0.0,女,結婚,高中職,不同性別,1
113,,8,蘆洲區,65歲以上,65,120,不相關,0.0,女,結婚,高中職,相同性別,0
113,,8,蘆洲區,65歲以上,65,120,不相關,0.0,男,結婚,博士,不同性別,0
113,,8,蘆洲區,65歲以上,65,120,不相關,0.0,男,結婚,博士,相同性別,0
113,,8,蘆洲區,65歲以上,65,120,不相關,0.0,男,結婚,國中,不同性別,1
113,,8,蘆洲區,65歲以上,65,120,不相關,0.0,男,結婚,國中,相同性別,0
113,,8,蘆洲區,65歲以上,65,120,不相關,0.0,男,結婚,國小以下,不同性別,5
113,,8,蘆洲區,65歲以上,65,120,不相關,0.0,男,結婚,國小以下,相同性別,0
113,,8,蘆洲區,65歲以上,65,120,不相關,0.0,男,結婚,大學,不同性別,1
113,,8,蘆洲區,65歲以上,65,120,不相關,0.0,男,結婚,大學,相同性別,0
113,,8,蘆洲區,65歲以上,65,120,不相關,0.0,男,結婚,專科,不同性別,0
113,,8,蘆洲區,65歲以上,65,120,不相關,0.0,男,結婚,專科,相同性別,0
113,,8,蘆洲區,65歲以上,65,120,不相關,0.0,男,結婚,碩士,不同性別,1
113,,8,蘆洲區,65歲以上,65,120,不相關,0.0,男,結婚,碩士,相同性別,0
113,,8,蘆洲區,65歲以上,65,120,不相關,0.0,男,結婚,高中職,不同性別,4
113,,8,蘆洲區,65歲以上,65,120,不相關,0.0,男,結婚,高中職,相同性別,0
113,,9,樹林區,未滿15歲,0,14,不相關,0.0,女,結婚,博士,不同性別,0
113,,9,樹林區,未滿15歲,0,14,不相關,0.0,女,結婚,博士,相同性別,0
113,,9,樹林區,未滿15歲,0,14,不相關,0.0,女,結婚,國中,不同性別,0
113,,9,樹林區,未滿15歲,0,14,不相關,0.0,女,結婚,國中,相同性別,0
113,,9,樹林區,未滿15歲,0,14,不相關,0.0,女,結婚,國小以下,不同性別,0
113,,9,樹林區,未滿15歲,0,14,不相關,0.0,女,結婚,國小以下,相同性別,0
113,,9,樹林區,未滿15歲,0,14,不相關,0.0,女,結婚,大學,不同性別,0
113,,9,樹林區,未滿15歲,0,14,不相關,0.0,女,結婚,大學,相同性別,0
113,,9,樹林區,未滿15歲,0,14,不相關,0.0,女,結婚,專科,不同性別,0
113,,9,樹林區,未滿15歲,0,14,不相關,0.0,女,結婚,專科,相同性別,0
113,,9,樹林區,未滿15歲,0,14,不相關,0.0,女,結婚,碩士,不同性別,0
113,,9,樹林區,未滿15歲,0,14,不相關,0.0,女,結婚,碩士,相同性別,0
113,,9,樹林區,未滿15歲,0,14,不相關,0.0,女,結婚,高中職,不同性別,0
113,,9,樹林區,未滿15歲,0,14,不相關,0.0,女,結婚,高中職,相同性別,0
113,,9,樹林區,未滿15歲,0,14,不相關,0.0,男,結婚,博士,不同性別,0
113,,9,樹林區,未滿15歲,0,14,不相關,0.0,男,結婚,博士,相同性別,0
113,,9,樹林區,未滿15歲,0,14,不相關,0.0,男,結婚,國中,不同性別,0
113,,9,樹林區,未滿15歲,0,14,不相關,0.0,男,結婚,國中,相同性別,0
113,,9,樹林區,未滿15歲,0,14,不相關,0.0,男,結婚,國小以下,不同性別,0
113,,9,樹林區,未滿15歲,0,14,不相關,0.0,男,結婚,國小以下,相同性別,0
113,,9,樹林區,未滿15歲,0,14,不相關,0.0,男,結婚,大學,不同性別,0
113,,9,樹林區,未滿15歲,0,14,不相關,0.0,男,結婚,大學,相同性別,0
113,,9,樹林區,未滿15歲,0,14,不相關,0.0,男,結婚,專科,不同性別,0
113,,9,樹林區,未滿15歲,0,14,不相關,0.0,男,結婚,專科,相同性別,0
113,,9,樹林區,未滿15歲,0,14,不相關,0.0,男,結婚,碩士,不同性別,0
113,,9,樹林區,未滿15歲,0,14,不相關,0.0,男,結婚,碩士,相同性別,0
113,,9,樹林區,未滿15歲,0,14,不相關,0.0,男,結婚,高中職,不同性別,0
113,,9,樹林區,未滿15歲,0,14,不相關,0.0,男,結婚,高中職,相同性別,0
113,,9,樹林區,15～19歲,15,19,部分重疊,0.4,女,結婚,博士,不同性別,0
113,,9,樹林區,15～19歲,15,19,部分重疊,0.4,女,結婚,博士,相同性別,0
113,,9,樹林區,15～19歲,15,19,部分重疊,0.4,女,結婚,國中,不同性別,11
113,,9,樹林區,15～19歲,15,19,部分重疊,0.4,女,結婚,國中,相同性別,1
113,,9,樹林區,15～19歲,15,19,部分重疊,0.4,女,結婚,國小以下,不同性別,0
113,,9,樹林區,15～19歲,15,19,部分重疊,0.4,女,結婚,國小以下,相同性別,0
113,,9,樹林區,15～19歲,15,19,部分重疊,0.4,女,結婚,大學,不同性別,0
113,,9,樹林區,15～19歲,15,19,部分重疊,0.4,女,結婚,大學,相同性別,0
113,,9,樹林區,15～19歲,15,19,部分重疊,0.4,女,結婚,專科,不同性別,0
113,,9,樹林區,15～19歲,15,19,部分重疊,0.4,女,結婚,專科,相同性別,0
113,,9,樹林區,15～19歲,15,19,部分重疊,0.4,女,結婚,碩士,不同性別,0
113,,9,樹林區,15～19歲,15,19,部分重疊,0.4,女,結婚,碩士,相同性別,0
113,,9,樹林區,15～19歲,15,19,部分重疊,0.4,女,結婚,高中職,不同性別,4
113,,9,樹林區,15～19歲,15,19,部分重疊,0.4,女,結婚,高中職,相同性別,0
113,,9,樹林區,15～19歲,15,19,部分重疊,0.4,男,結婚,博士,不同性別,0
113,,9,樹林區,15～19歲,15,19,部分重疊,0.4,男,結婚,博士,相同性別,0
113,,9,樹林區,15～19歲,15,19,部分重疊,0.4,男,結婚,國中,不同性別,1
113,,9,樹林區,15～19歲,15,19,部分重疊,0.4,男,結婚,國中,相同性別,0
113,,9,樹林區,15～19歲,15,19,部分重疊,0.4,男,結婚,國小以下,不同性別,1
113,,9,樹林區,15～19歲,15,19,部分重疊,0.4,男,結婚,國小以下,相同性別,0
113,,9,樹林區,15～19歲,15,19,部分重疊,0.4,男,結婚,大學,不同性別,0
113,,9,樹林區,15～19歲,15,19,部分重疊,0.4,男,結婚,大學,相同性別,0
113,,9,樹林區,15～19歲,15,19,部分重疊,0.4,男,結婚,專科,不同性別,0
113,,9,樹林區,15～19歲,15,19,部分重疊,0.4,男,結婚,專科,相同性別,0
113,,9,樹林區,15～19歲,15,19,部分重疊,0.4,男,結婚,碩士,不同性別,0
113,,9,樹林區,15～19歲,15,19,部分重疊,0.4,男,結婚,碩士,相同性別,0
113,,9,樹林區,15～19歲,15,19,部分重疊,0.4,男,結婚,高中職,不同性別,3
113,,9,樹林區,15～19歲,15,19,部分重疊,0.4,男,結婚,高中職,相同性別,0
113,,9,樹林區,20～24歲,20,24,完全落入,1.0,女,結婚,博士,不同性別,0
113,,9,樹林區,20～24歲,20,24,完全落入,1.0,女,結婚,博士,相同性別,0
113,,9,樹林區,20～24歲,20,24,完全落入,1.0,女,結婚,國中,不同性別,21
113,,9,樹林區,20～24歲,20,24,完全落入,1.0,女,結婚,國中,相同性別,2
113,,9,樹林區,20～24歲,20,24,完全落入,1.0,女,結婚,國小以下,不同性別,0
113,,9,樹林區,20～24歲,20,24,完全落入,1.0,女,結婚,國小以下,相同性別,0
113,,9,樹林區,20～24歲,20,24,完全落入,1.0,女,結婚,大學,不同性別,27
113,,9,樹林區,20～24歲,20,24,完全落入,1.0,女,結婚,大學,相同性別,0
113,,9,樹林區,20～24歲,20,24,完全落入,1.0,女,結婚,專科,不同性別,5
113,,9,樹林區,20～24歲,20,24,完全落入,1.0,女,結婚,專科,相同性別,0
113,,9,樹林區,20～24歲,20,24,完全落入,1.0,女,結婚,碩士,不同性別,3
113,,9,樹林區,20～24歲,20,24,完全落入,1.0,女,結婚,碩士,相同性別,0
113,,9,樹林區,20～24歲,20,24,完全落入,1.0,女,結婚,高中職,不同性別,40
113,,9,樹林區,20～24歲,20,24,完全落入,1.0,女,結婚,高中職,相同性別,3
113,,9,樹林區,20～24歲,20,24,完全落入,1.0,男,結婚,博士,不同性別,0
113,,9,樹林區,20～24歲,20,24,完全落入,1.0,男,結婚,博士,相同性別,0
113,,9,樹林區,20～24歲,20,24,完全落入,1.0,男,結婚,國中,不同性別,12
113,,9,樹林區,20～24歲,20,24,完全落入,1.0,男,結婚,國中,相同性別,0
113,,9,樹林區,20～24歲,20,24,完全落入,1.0,男,結婚,國小以下,不同性別,3
113,,9,樹林區,20～24歲,20,24,完全落入,1.0,男,結婚,國小以下,相同性別,0
113,,9,樹林區,20～24歲,20,24,完全落入,1.0,男,結婚,大學,不同性別,12
113,,9,樹林區,20～24歲,20,24,完全落入,1.0,男,結婚,大學,相同性別,0
113,,9,樹林區,20～24歲,20,24,完全落入,1.0,男,結婚,專科,不同性別,2
113,,9,樹林區,20～24歲,20,24,完全落入,1.0,男,結婚,專科,相同性別,0
113,,9,樹林區,20～24歲,20,24,完全落入,1.0,男,結婚,碩士,不同性別,2
113,,9,樹林區,20～24歲,20,24,完全落入,1.0,男,結婚,碩士,相同性別,0
113,,9,樹林區,20～24歲,20,24,完全落入,1.0,男,結婚,高中職,不同性別,26
113,,9,樹林區,20～24歲,20,24,完全落入,1.0,男,結婚,高中職,相同性別,0
113,,9,樹林區,25～29歲,25,29,完全落入,1.0,女,結婚,博士,不同性別,0
113,,9,樹林區,25～29歲,25,29,完全落入,1.0,女,結婚,博士,相同性別,0
113,,9,樹林區,25～29歲,25,29,完全落入,1.0,女,結婚,國中,不同性別,19
113,,9,樹林區,25～29歲,25,29,完全落入,1.0,女,結婚,國中,相同性別,0
113,,9,樹林區,25～29歲,25,29,完全落入,1.0,女,結婚,國小以下,不同性別,3
113,,9,樹林區,25～29歲,25,29,完全落入,1.0,女,結婚,國小以下,相同性別,0
113,,9,樹林區,25～29歲,25,29,完全落入,1.0,女,結婚,大學,不同性別,162
113,,9,樹林區,25～29歲,25,29,完全落入,1.0,女,結婚,大學,相同性別,1
113,,9,樹林區,25～29歲,25,29,完全落入,1.0,女,結婚,專科,不同性別,10
113,,9,樹林區,25～29歲,25,29,完全落入,1.0,女,結婚,專科,相同性別,0
113,,9,樹林區,25～29歲,25,29,完全落入,1.0,女,結婚,碩士,不同性別,14
113,,9,樹林區,25～29歲,25,29,完全落入,1.0,女,結婚,碩士,相同性別,0
113,,9,樹林區,25～29歲,25,29,完全落入,1.0,女,結婚,高中職,不同性別,52
113,,9,樹林區,25～29歲,25,29,完全落入,1.0,女,結婚,高中職,相同性別,3
113,,9,樹林區,25～29歲,25,29,完全落入,1.0,男,結婚,博士,不同性別,0
113,,9,樹林區,25～29歲,25,29,完全落入,1.0,男,結婚,博士,相同性別,0
113,,9,樹林區,25～29歲,25,29,完全落入,1.0,男,結婚,國中,不同性別,33
113,,9,樹林區,25～29歲,25,29,完全落入,1.0,男,結婚,國中,相同性別,0
113,,9,樹林區,25～29歲,25,29,完全落入,1.0,男,結婚,國小以下,不同性別,1
113,,9,樹林區,25～29歲,25,29,完全落入,1.0,男,結婚,國小以下,相同性別,0
113,,9,樹林區,25～29歲,25,29,完全落入,1.0,男,結婚,大學,不同性別,82
113,,9,樹林區,25～29歲,25,29,完全落入,1.0,男,結婚,大學,相同性別,0
113,,9,樹林區,25～29歲,25,29,完全落入,1.0,男,結婚,專科,不同性別,3
113,,9,樹林區,25～29歲,25,29,完全落入,1.0,男,結婚,專科,相同性別,0
113,,9,樹林區,25～29歲,25,29,完全落入,1.0,男,結婚,碩士,不同性別,20
113,,9,樹林區,25～29歲,25,29,完全落入,1.0,男,結婚,碩士,相同性別,0
113,,9,樹林區,25～29歲,25,29,完全落入,1.0,男,結婚,高中職,不同性別,65
113,,9,樹林區,25～29歲,25,29,完全落入,1.0,男,結婚,高中職,相同性別,0
113,,9,樹林區,30～34歲,30,34,完全落入,1.0,女,結婚,博士,不同性別,0
113,,9,樹林區,30～34歲,30,34,完全落入,1.0,女,結婚,博士,相同性別,0
113,,9,樹林區,30～34歲,30,34,完全落入,1.0,女,結婚,國中,不同性別,16
113,,9,樹林區,30～34歲,30,34,完全落入,1.0,女,結婚,國中,相同性別,2
113,,9,樹林區,30～34歲,30,34,完全落入,1.0,女,結婚,國小以下,不同性別,4
113,,9,樹林區,30～34歲,30,34,完全落入,1.0,女,結婚,國小以下,相同性別,0
113,,9,樹林區,30～34歲,30,34,完全落入,1.0,女,結婚,大學,不同性別,180
113,,9,樹林區,30～34歲,30,34,完全落入,1.0,女,結婚,大學,相同性別,6
113,,9,樹林區,30～34歲,30,34,完全落入,1.0,女,結婚,專科,不同性別,11
113,,9,樹林區,30～34歲,30,34,完全落入,1.0,女,結婚,專科,相同性別,1
113,,9,樹林區,30～34歲,30,34,完全落入,1.0,女,結婚,碩士,不同性別,26
113,,9,樹林區,30～34歲,30,34,完全落入,1.0,女,結婚,碩士,相同性別,0
113,,9,樹林區,30～34歲,30,34,完全落入,1.0,女,結婚,高中職,不同性別,60
113,,9,樹林區,30～34歲,30,34,完全落入,1.0,女,結婚,高中職,相同性別,2
113,,9,樹林區,30～34歲,30,34,完全落入,1.0,男,結婚,博士,不同性別,2
113,,9,樹林區,30～34歲,30,34,完全落入,1.0,男,結婚,博士,相同性別,0
113,,9,樹林區,30～34歲,30,34,完全落入,1.0,男,結婚,國中,不同性別,15
113,,9,樹林區,30～34歲,30,34,完全落入,1.0,男,結婚,國中,相同性別,0
113,,9,樹林區,30～34歲,30,34,完全落入,1.0,男,結婚,國小以下,不同性別,1
113,,9,樹林區,30～34歲,30,34,完全落入,1.0,男,結婚,國小以下,相同性別,0
113,,9,樹林區,30～34歲,30,34,完全落入,1.0,男,結婚,大學,不同性別,147
113,,9,樹林區,30～34歲,30,34,完全落入,1.0,男,結婚,大學,相同性別,2
113,,9,樹林區,30～34歲,30,34,完全落入,1.0,男,結婚,專科,不同性別,9
113,,9,樹林區,30～34歲,30,34,完全落入,1.0,男,結婚,專科,相同性別,0
113,,9,樹林區,30～34歲,30,34,完全落入,1.0,男,結婚,碩士,不同性別,40
113,,9,樹林區,30～34歲,30,34,完全落入,1.0,男,結婚,碩士,相同性別,1
113,,9,樹林區,30～34歲,30,34,完全落入,1.0,男,結婚,高中職,不同性別,72
113,,9,樹林區,30～34歲,30,34,完全落入,1.0,男,結婚,高中職,相同性別,0
113,,9,樹林區,35～39歲,35,39,部分重疊,0.2,女,結婚,博士,不同性別,0
113,,9,樹林區,35～39歲,35,39,部分重疊,0.2,女,結婚,博士,相同性別,0
113,,9,樹林區,35～39歲,35,39,部分重疊,0.2,女,結婚,國中,不同性別,12
113,,9,樹林區,35～39歲,35,39,部分重疊,0.2,女,結婚,國中,相同性別,2
113,,9,樹林區,35～39歲,35,39,部分重疊,0.2,女,結婚,國小以下,不同性別,4
113,,9,樹林區,35～39歲,35,39,部分重疊,0.2,女,結婚,國小以下,相同性別,0
113,,9,樹林區,35～39歲,35,39,部分重疊,0.2,女,結婚,大學,不同性別,63
113,,9,樹林區,35～39歲,35,39,部分重疊,0.2,女,結婚,大學,相同性別,10
113,,9,樹林區,35～39歲,35,39,部分重疊,0.2,女,結婚,專科,不同性別,13
113,,9,樹林區,35～39歲,35,39,部分重疊,0.2,女,結婚,專科,相同性別,1
113,,9,樹林區,35～39歲,35,39,部分重疊,0.2,女,結婚,碩士,不同性別,20
113,,9,樹林區,35～39歲,35,39,部分重疊,0.2,女,結婚,碩士,相同性別,2
113,,9,樹林區,35～39歲,35,39,部分重疊,0.2,女,結婚,高中職,不同性別,17
113,,9,樹林區,35～39歲,35,39,部分重疊,0.2,女,結婚,高中職,相同性別,5
113,,9,樹林區,35～39歲,35,39,部分重疊,0.2,男,結婚,博士,不同性別,0
113,,9,樹林區,35～39歲,35,39,部分重疊,0.2,男,結婚,博士,相同性別,0
113,,9,樹林區,35～39歲,35,39,部分重疊,0.2,男,結婚,國中,不同性別,10
113,,9,樹林區,35～39歲,35,39,部分重疊,0.2,男,結婚,國中,相同性別,0
113,,9,樹林區,35～39歲,35,39,部分重疊,0.2,男,結婚,國小以下,不同性別,2
113,,9,樹林區,35～39歲,35,39,部分重疊,0.2,男,結婚,國小以下,相同性別,0
113,,9,樹林區,35～39歲,35,39,部分重疊,0.2,男,結婚,大學,不同性別,68
113,,9,樹林區,35～39歲,35,39,部分重疊,0.2,男,結婚,大學,相同性別,0
113,,9,樹林區,35～39歲,35,39,部分重疊,0.2,男,結婚,專科,不同性別,15
113,,9,樹林區,35～39歲,35,39,部分重疊,0.2,男,結婚,專科,相同性別,1
113,,9,樹林區,35～39歲,35,39,部分重疊,0.2,男,結婚,碩士,不同性別,21
113,,9,樹林區,35～39歲,35,39,部分重疊,0.2,男,結婚,碩士,相同性別,2
113,,9,樹林區,35～39歲,35,39,部分重疊,0.2,男,結婚,高中職,不同性別,52
113,,9,樹林區,35～39歲,35,39,部分重疊,0.2,男,結婚,高中職,相同性別,0
113,,9,樹林區,40～44歲,40,44,不相關,0.0,女,結婚,博士,不同性別,0
113,,9,樹林區,40～44歲,40,44,不相關,0.0,女,結婚,博士,相同性別,0
113,,9,樹林區,40～44歲,40,44,不相關,0.0,女,結婚,國中,不同性別,23
113,,9,樹林區,40～44歲,40,44,不相關,0.0,女,結婚,國中,相同性別,0
113,,9,樹林區,40～44歲,40,44,不相關,0.0,女,結婚,國小以下,不同性別,5
113,,9,樹林區,40～44歲,40,44,不相關,0.0,女,結婚,國小以下,相同性別,0
113,,9,樹林區,40～44歲,40,44,不相關,0.0,女,結婚,大學,不同性別,20
113,,9,樹林區,40～44歲,40,44,不相關,0.0,女,結婚,大學,相同性別,1
113,,9,樹林區,40～44歲,40,44,不相關,0.0,女,結婚,專科,不同性別,8
113,,9,樹林區,40～44歲,40,44,不相關,0.0,女,結婚,專科,相同性別,0
113,,9,樹林區,40～44歲,40,44,不相關,0.0,女,結婚,碩士,不同性別,3
113,,9,樹林區,40～44歲,40,44,不相關,0.0,女,結婚,碩士,相同性別,0
113,,9,樹林區,40～44歲,40,44,不相關,0.0,女,結婚,高中職,不同性別,33
113,,9,樹林區,40～44歲,40,44,不相關,0.0,女,結婚,高中職,相同性別,2
113,,9,樹林區,40～44歲,40,44,不相關,0.0,男,結婚,博士,不同性別,0
113,,9,樹林區,40～44歲,40,44,不相關,0.0,男,結婚,博士,相同性別,0
113,,9,樹林區,40～44歲,40,44,不相關,0.0,男,結婚,國中,不同性別,18
113,,9,樹林區,40～44歲,40,44,不相關,0.0,男,結婚,國中,相同性別,0
113,,9,樹林區,40～44歲,40,44,不相關,0.0,男,結婚,國小以下,不同性別,3
113,,9,樹林區,40～44歲,40,44,不相關,0.0,男,結婚,國小以下,相同性別,0
113,,9,樹林區,40～44歲,40,44,不相關,0.0,男,結婚,大學,不同性別,30
113,,9,樹林區,40～44歲,40,44,不相關,0.0,男,結婚,大學,相同性別,0
113,,9,樹林區,40～44歲,40,44,不相關,0.0,男,結婚,專科,不同性別,10
113,,9,樹林區,40～44歲,40,44,不相關,0.0,男,結婚,專科,相同性別,0
113,,9,樹林區,40～44歲,40,44,不相關,0.0,男,結婚,碩士,不同性別,15
113,,9,樹林區,40～44歲,40,44,不相關,0.0,男,結婚,碩士,相同性別,0
113,,9,樹林區,40～44歲,40,44,不相關,0.0,男,結婚,高中職,不同性別,33
113,,9,樹林區,40～44歲,40,44,不相關,0.0,男,結婚,高中職,相同性別,0
113,,9,樹林區,45～49歲,45,49,不相關,0.0,女,結婚,博士,不同性別,0
113,,9,樹林區,45～49歲,45,49,不相關,0.0,女,結婚,博士,相同性別,0
113,,9,樹林區,45～49歲,45,49,不相關,0.0,女,結婚,國中,不同性別,4
113,,9,樹林區,45～49歲,45,49,不相關,0.0,女,結婚,國中,相同性別,0
113,,9,樹林區,45～49歲,45,49,不相關,0.0,女,結婚,國小以下,不同性別,2
113,,9,樹林區,45～49歲,45,49,不相關,0.0,女,結婚,國小以下,相同性別,0
113,,9,樹林區,45～49歲,45,49,不相關,0.0,女,結婚,大學,不同性別,2
113,,9,樹林區,45～49歲,45,49,不相關,0.0,女,結婚,大學,相同性別,0
113,,9,樹林區,45～49歲,45,49,不相關,0.0,女,結婚,專科,不同性別,4
113,,9,樹林區,45～49歲,45,49,不相關,0.0,女,結婚,專科,相同性別,0
113,,9,樹林區,45～49歲,45,49,不相關,0.0,女,結婚,碩士,不同性別,1
113,,9,樹林區,45～49歲,45,49,不相關,0.0,女,結婚,碩士,相同性別,0
113,,9,樹林區,45～49歲,45,49,不相關,0.0,女,結婚,高中職,不同性別,9
113,,9,樹林區,45～49歲,45,49,不相關,0.0,女,結婚,高中職,相同性別,1
113,,9,樹林區,45～49歲,45,49,不相關,0.0,男,結婚,博士,不同性別,1
113,,9,樹林區,45～49歲,45,49,不相關,0.0,男,結婚,博士,相同性別,0
113,,9,樹林區,45～49歲,45,49,不相關,0.0,男,結婚,國中,不同性別,13
113,,9,樹林區,45～49歲,45,49,不相關,0.0,男,結婚,國中,相同性別,0
113,,9,樹林區,45～49歲,45,49,不相關,0.0,男,結婚,國小以下,不同性別,1
113,,9,樹林區,45～49歲,45,49,不相關,0.0,男,結婚,國小以下,相同性別,0
113,,9,樹林區,45～49歲,45,49,不相關,0.0,男,結婚,大學,不同性別,11
113,,9,樹林區,45～49歲,45,49,不相關,0.0,男,結婚,大學,相同性別,0
113,,9,樹林區,45～49歲,45,49,不相關,0.0,男,結婚,專科,不同性別,6
113,,9,樹林區,45～49歲,45,49,不相關,0.0,男,結婚,專科,相同性別,0
113,,9,樹林區,45～49歲,45,49,不相關,0.0,男,結婚,碩士,不同性別,6
113,,9,樹林區,45～49歲,45,49,不相關,0.0,男,結婚,碩士,相同性別,0
113,,9,樹林區,45～49歲,45,49,不相關,0.0,男,結婚,高中職,不同性別,19
113,,9,樹林區,45～49歲,45,49,不相關,0.0,男,結婚,高中職,相同性別,0
113,,9,樹林區,50～54歲,50,54,不相關,0.0,女,結婚,博士,不同性別,0
113,,9,樹林區,50～54歲,50,54,不相關,0.0,女,結婚,博士,相同性別,0
113,,9,樹林區,50～54歲,50,54,不相關,0.0,女,結婚,國中,不同性別,7
113,,9,樹林區,50～54歲,50,54,不相關,0.0,女,結婚,國中,相同性別,0
113,,9,樹林區,50～54歲,50,54,不相關,0.0,女,結婚,國小以下,不同性別,0
113,,9,樹林區,50～54歲,50,54,不相關,0.0,女,結婚,國小以下,相同性別,0
113,,9,樹林區,50～54歲,50,54,不相關,0.0,女,結婚,大學,不同性別,3
113,,9,樹林區,50～54歲,50,54,不相關,0.0,女,結婚,大學,相同性別,0
113,,9,樹林區,50～54歲,50,54,不相關,0.0,女,結婚,專科,不同性別,5
113,,9,樹林區,50～54歲,50,54,不相關,0.0,女,結婚,專科,相同性別,0
113,,9,樹林區,50～54歲,50,54,不相關,0.0,女,結婚,碩士,不同性別,0
113,,9,樹林區,50～54歲,50,54,不相關,0.0,女,結婚,碩士,相同性別,1
113,,9,樹林區,50～54歲,50,54,不相關,0.0,女,結婚,高中職,不同性別,15
113,,9,樹林區,50～54歲,50,54,不相關,0.0,女,結婚,高中職,相同性別,0
113,,9,樹林區,50～54歲,50,54,不相關,0.0,男,結婚,博士,不同性別,0
113,,9,樹林區,50～54歲,50,54,不相關,0.0,男,結婚,博士,相同性別,0
113,,9,樹林區,50～54歲,50,54,不相關,0.0,男,結婚,國中,不同性別,5
113,,9,樹林區,50～54歲,50,54,不相關,0.0,男,結婚,國中,相同性別,0
113,,9,樹林區,50～54歲,50,54,不相關,0.0,男,結婚,國小以下,不同性別,0
113,,9,樹林區,50～54歲,50,54,不相關,0.0,男,結婚,國小以下,相同性別,0
113,,9,樹林區,50～54歲,50,54,不相關,0.0,男,結婚,大學,不同性別,5
113,,9,樹林區,50～54歲,50,54,不相關,0.0,男,結婚,大學,相同性別,0
113,,9,樹林區,50～54歲,50,54,不相關,0.0,男,結婚,專科,不同性別,6
113,,9,樹林區,50～54歲,50,54,不相關,0.0,男,結婚,專科,相同性別,0
113,,9,樹林區,50～54歲,50,54,不相關,0.0,男,結婚,碩士,不同性別,2
113,,9,樹林區,50～54歲,50,54,不相關,0.0,男,結婚,碩士,相同性別,0
113,,9,樹林區,50～54歲,50,54,不相關,0.0,男,結婚,高中職,不同性別,17
113,,9,樹林區,50～54歲,50,54,不相關,0.0,男,結婚,高中職,相同性別,0
113,,9,樹林區,55～59歲,55,59,不相關,0.0,女,結婚,博士,不同性別,0
113,,9,樹林區,55～59歲,55,59,不相關,0.0,女,結婚,博士,相同性別,0
113,,9,樹林區,55～59歲,55,59,不相關,0.0,女,結婚,國中,不同性別,2
113,,9,樹林區,55～59歲,55,59,不相關,0.0,女,結婚,國中,相同性別,0
113,,9,樹林區,55～59歲,55,59,不相關,0.0,女,結婚,國小以下,不同性別,5
113,,9,樹林區,55～59歲,55,59,不相關,0.0,女,結婚,國小以下,相同性別,0
113,,9,樹林區,55～59歲,55,59,不相關,0.0,女,結婚,大學,不同性別,1
113,,9,樹林區,55～59歲,55,59,不相關,0.0,女,結婚,大學,相同性別,0
113,,9,樹林區,55～59歲,55,59,不相關,0.0,女,結婚,專科,不同性別,1
113,,9,樹林區,55～59歲,55,59,不相關,0.0,女,結婚,專科,相同性別,0
113,,9,樹林區,55～59歲,55,59,不相關,0.0,女,結婚,碩士,不同性別,0
113,,9,樹林區,55～59歲,55,59,不相關,0.0,女,結婚,碩士,相同性別,0
113,,9,樹林區,55～59歲,55,59,不相關,0.0,女,結婚,高中職,不同性別,3
113,,9,樹林區,55～59歲,55,59,不相關,0.0,女,結婚,高中職,相同性別,0
113,,9,樹林區,55～59歲,55,59,不相關,0.0,男,結婚,博士,不同性別,0
113,,9,樹林區,55～59歲,55,59,不相關,0.0,男,結婚,博士,相同性別,0
113,,9,樹林區,55～59歲,55,59,不相關,0.0,男,結婚,國中,不同性別,6
113,,9,樹林區,55～59歲,55,59,不相關,0.0,男,結婚,國中,相同性別,0
113,,9,樹林區,55～59歲,55,59,不相關,0.0,男,結婚,國小以下,不同性別,2
113,,9,樹林區,55～59歲,55,59,不相關,0.0,男,結婚,國小以下,相同性別,0
113,,9,樹林區,55～59歲,55,59,不相關,0.0,男,結婚,大學,不同性別,2
113,,9,樹林區,55～59歲,55,59,不相關,0.0,男,結婚,大學,相同性別,0
113,,9,樹林區,55～59歲,55,59,不相關,0.0,男,結婚,專科,不同性別,1
113,,9,樹林區,55～59歲,55,59,不相關,0.0,男,結婚,專科,相同性別,0
113,,9,樹林區,55～59歲,55,59,不相關,0.0,男,結婚,碩士,不同性別,1
113,,9,樹林區,55～59歲,55,59,不相關,0.0,男,結婚,碩士,相同性別,0
113,,9,樹林區,55～59歲,55,59,不相關,0.0,男,結婚,高中職,不同性別,13
113,,9,樹林區,55～59歲,55,59,不相關,0.0,男,結婚,高中職,相同性別,0
113,,9,樹林區,60～64歲,60,64,不相關,0.0,女,結婚,博士,不同性別,0
113,,9,樹林區,60～64歲,60,64,不相關,0.0,女,結婚,博士,相同性別,0
113,,9,樹林區,60～64歲,60,64,不相關,0.0,女,結婚,國中,不同性別,8
113,,9,樹林區,60～64歲,60,64,不相關,0.0,女,結婚,國中,相同性別,0
113,,9,樹林區,60～64歲,60,64,不相關,0.0,女,結婚,國小以下,不同性別,0
113,,9,樹林區,60～64歲,60,64,不相關,0.0,女,結婚,國小以下,相同性別,0
113,,9,樹林區,60～64歲,60,64,不相關,0.0,女,結婚,大學,不同性別,0
113,,9,樹林區,60～64歲,60,64,不相關,0.0,女,結婚,大學,相同性別,0
113,,9,樹林區,60～64歲,60,64,不相關,0.0,女,結婚,專科,不同性別,0
113,,9,樹林區,60～64歲,60,64,不相關,0.0,女,結婚,專科,相同性別,0
113,,9,樹林區,60～64歲,60,64,不相關,0.0,女,結婚,碩士,不同性別,0
113,,9,樹林區,60～64歲,60,64,不相關,0.0,女,結婚,碩士,相同性別,0
113,,9,樹林區,60～64歲,60,64,不相關,0.0,女,結婚,高中職,不同性別,2
113,,9,樹林區,60～64歲,60,64,不相關,0.0,女,結婚,高中職,相同性別,0
113,,9,樹林區,60～64歲,60,64,不相關,0.0,男,結婚,博士,不同性別,0
113,,9,樹林區,60～64歲,60,64,不相關,0.0,男,結婚,博士,相同性別,0
113,,9,樹林區,60～64歲,60,64,不相關,0.0,男,結婚,國中,不同性別,4
113,,9,樹林區,60～64歲,60,64,不相關,0.0,男,結婚,國中,相同性別,0
113,,9,樹林區,60～64歲,60,64,不相關,0.0,男,結婚,國小以下,不同性別,0
113,,9,樹林區,60～64歲,60,64,不相關,0.0,男,結婚,國小以下,相同性別,0
113,,9,樹林區,60～64歲,60,64,不相關,0.0,男,結婚,大學,不同性別,1
113,,9,樹林區,60～64歲,60,64,不相關,0.0,男,結婚,大學,相同性別,0
113,,9,樹林區,60～64歲,60,64,不相關,0.0,男,結婚,專科,不同性別,2
113,,9,樹林區,60～64歲,60,64,不相關,0.0,男,結婚,專科,相同性別,0
113,,9,樹林區,60～64歲,60,64,不相關,0.0,男,結婚,碩士,不同性別,0
113,,9,樹林區,60～64歲,60,64,不相關,0.0,男,結婚,碩士,相同性別,0
113,,9,樹林區,60～64歲,60,64,不相關,0.0,男,結婚,高中職,不同性別,4
113,,9,樹林區,60～64歲,60,64,不相關,0.0,男,結婚,高中職,相同性別,0
113,,9,樹林區,65歲以上,65,120,不相關,0.0,女,結婚,博士,不同性別,0
113,,9,樹林區,65歲以上,65,120,不相關,0.0,女,結婚,博士,相同性別,0
113,,9,樹林區,65歲以上,65,120,不相關,0.0,女,結婚,國中,不同性別,2
113,,9,樹林區,65歲以上,65,120,不相關,0.0,女,結婚,國中,相同性別,0
113,,9,樹林區,65歲以上,65,120,不相關,0.0,女,結婚,國小以下,不同性別,1
113,,9,樹林區,65歲以上,65,120,不相關,0.0,女,結婚,國小以下,相同性別,0
113,,9,樹林區,65歲以上,65,120,不相關,0.0,女,結婚,大學,不同性別,1
113,,9,樹林區,65歲以上,65,120,不相關,0.0,女,結婚,大學,相同性別,0
113,,9,樹林區,65歲以上,65,120,不相關,0.0,女,結婚,專科,不同性別,0
113,,9,樹林區,65歲以上,65,120,不相關,0.0,女,結婚,專科,相同性別,0
113,,9,樹林區,65歲以上,65,120,不相關,0.0,女,結婚,碩士,不同性別,1
113,,9,樹林區,65歲以上,65,120,不相關,0.0,女,結婚,碩士,相同性別,0
113,,9,樹林區,65歲以上,65,120,不相關,0.0,女,結婚,高中職,不同性別,3
113,,9,樹林區,65歲以上,65,120,不相關,0.0,女,結婚,高中職,相同性別,0
113,,9,樹林區,65歲以上,65,120,不相關,0.0,男,結婚,博士,不同性別,0
113,,9,樹林區,65歲以上,65,120,不相關,0.0,男,結婚,博士,相同性別,0
113,,9,樹林區,65歲以上,65,120,不相關,0.0,男,結婚,國中,不同性別,1
113,,9,樹林區,65歲以上,65,120,不相關,0.0,男,結婚,國中,相同性別,0
113,,9,樹林區,65歲以上,65,120,不相關,0.0,男,結婚,國小以下,不同性別,2
113,,9,樹林區,65歲以上,65,120,不相關,0.0,男,結婚,國小以下,相同性別,0
113,,9,樹林區,65歲以上,65,120,不相關,0.0,男,結婚,大學,不同性別,1
113,,9,樹林區,65歲以上,65,120,不相關,0.0,男,結婚,大學,相同性別,0
113,,9,樹林區,65歲以上,65,120,不相關,0.0,男,結婚,專科,不同性別,4
113,,9,樹林區,65歲以上,65,120,不相關,0.0,男,結婚,專科,相同性別,0
113,,9,樹林區,65歲以上,65,120,不相關,0.0,男,結婚,碩士,不同性別,2
113,,9,樹林區,65歲以上,65,120,不相關,0.0,男,結婚,碩士,相同性別,0
113,,9,樹林區,65歲以上,65,120,不相關,0.0,男,結婚,高中職,不同性別,4
113,,9,樹林區,65歲以上,65,120,不相關,0.0,男,結婚,高中職,相同性別,0
113,,10,鶯歌區,未滿15歲,0,14,不相關,0.0,女,結婚,博士,不同性別,0
113,,10,鶯歌區,未滿15歲,0,14,不相關,0.0,女,結婚,博士,相同性別,0
113,,10,鶯歌區,未滿15歲,0,14,不相關,0.0,女,結婚,國中,不同性別,0
113,,10,鶯歌區,未滿15歲,0,14,不相關,0.0,女,結婚,國中,相同性別,0
113,,10,鶯歌區,未滿15歲,0,14,不相關,0.0,女,結婚,國小以下,不同性別,0
113,,10,鶯歌區,未滿15歲,0,14,不相關,0.0,女,結婚,國小以下,相同性別,0
113,,10,鶯歌區,未滿15歲,0,14,不相關,0.0,女,結婚,大學,不同性別,0
113,,10,鶯歌區,未滿15歲,0,14,不相關,0.0,女,結婚,大學,相同性別,0
113,,10,鶯歌區,未滿15歲,0,14,不相關,0.0,女,結婚,專科,不同性別,0
113,,10,鶯歌區,未滿15歲,0,14,不相關,0.0,女,結婚,專科,相同性別,0
113,,10,鶯歌區,未滿15歲,0,14,不相關,0.0,女,結婚,碩士,不同性別,0
113,,10,鶯歌區,未滿15歲,0,14,不相關,0.0,女,結婚,碩士,相同性別,0
113,,10,鶯歌區,未滿15歲,0,14,不相關,0.0,女,結婚,高中職,不同性別,0
113,,10,鶯歌區,未滿15歲,0,14,不相關,0.0,女,結婚,高中職,相同性別,0
113,,10,鶯歌區,未滿15歲,0,14,不相關,0.0,男,結婚,博士,不同性別,0
113,,10,鶯歌區,未滿15歲,0,14,不相關,0.0,男,結婚,博士,相同性別,0
113,,10,鶯歌區,未滿15歲,0,14,不相關,0.0,男,結婚,國中,不同性別,0
113,,10,鶯歌區,未滿15歲,0,14,不相關,0.0,男,結婚,國中,相同性別,0
113,,10,鶯歌區,未滿15歲,0,14,不相關,0.0,男,結婚,國小以下,不同性別,0
113,,10,鶯歌區,未滿15歲,0,14,不相關,0.0,男,結婚,國小以下,相同性別,0
113,,10,鶯歌區,未滿15歲,0,14,不相關,0.0,男,結婚,大學,不同性別,0
113,,10,鶯歌區,未滿15歲,0,14,不相關,0.0,男,結婚,大學,相同性別,0
113,,10,鶯歌區,未滿15歲,0,14,不相關,0.0,男,結婚,專科,不同性別,0
113,,10,鶯歌區,未滿15歲,0,14,不相關,0.0,男,結婚,專科,相同性別,0
113,,10,鶯歌區,未滿15歲,0,14,不相關,0.0,男,結婚,碩士,不同性別,0
113,,10,鶯歌區,未滿15歲,0,14,不相關,0.0,男,結婚,碩士,相同性別,0
113,,10,鶯歌區,未滿15歲,0,14,不相關,0.0,男,結婚,高中職,不同性別,0
113,,10,鶯歌區,未滿15歲,0,14,不相關,0.0,男,結婚,高中職,相同性別,0
113,,10,鶯歌區,15～19歲,15,19,部分重疊,0.4,女,結婚,博士,不同性別,0
113,,10,鶯歌區,15～19歲,15,19,部分重疊,0.4,女,結婚,博士,相同性別,0
113,,10,鶯歌區,15～19歲,15,19,部分重疊,0.4,女,結婚,國中,不同性別,11
113,,10,鶯歌區,15～19歲,15,19,部分重疊,0.4,女,結婚,國中,相同性別,0
113,,10,鶯歌區,15～19歲,15,19,部分重疊,0.4,女,結婚,國小以下,不同性別,0
113,,10,鶯歌區,15～19歲,15,19,部分重疊,0.4,女,結婚,國小以下,相同性別,0
113,,10,鶯歌區,15～19歲,15,19,部分重疊,0.4,女,結婚,大學,不同性別,0
113,,10,鶯歌區,15～19歲,15,19,部分重疊,0.4,女,結婚,大學,相同性別,0
113,,10,鶯歌區,15～19歲,15,19,部分重疊,0.4,女,結婚,專科,不同性別,0
113,,10,鶯歌區,15～19歲,15,19,部分重疊,0.4,女,結婚,專科,相同性別,0
113,,10,鶯歌區,15～19歲,15,19,部分重疊,0.4,女,結婚,碩士,不同性別,0
113,,10,鶯歌區,15～19歲,15,19,部分重疊,0.4,女,結婚,碩士,相同性別,0
113,,10,鶯歌區,15～19歲,15,19,部分重疊,0.4,女,結婚,高中職,不同性別,5
113,,10,鶯歌區,15～19歲,15,19,部分重疊,0.4,女,結婚,高中職,相同性別,0
113,,10,鶯歌區,15～19歲,15,19,部分重疊,0.4,男,結婚,博士,不同性別,0
113,,10,鶯歌區,15～19歲,15,19,部分重疊,0.4,男,結婚,博士,相同性別,0
113,,10,鶯歌區,15～19歲,15,19,部分重疊,0.4,男,結婚,國中,不同性別,7
113,,10,鶯歌區,15～19歲,15,19,部分重疊,0.4,男,結婚,國中,相同性別,0
113,,10,鶯歌區,15～19歲,15,19,部分重疊,0.4,男,結婚,國小以下,不同性別,0
113,,10,鶯歌區,15～19歲,15,19,部分重疊,0.4,男,結婚,國小以下,相同性別,0
113,,10,鶯歌區,15～19歲,15,19,部分重疊,0.4,男,結婚,大學,不同性別,0
113,,10,鶯歌區,15～19歲,15,19,部分重疊,0.4,男,結婚,大學,相同性別,0
113,,10,鶯歌區,15～19歲,15,19,部分重疊,0.4,男,結婚,專科,不同性別,0
113,,10,鶯歌區,15～19歲,15,19,部分重疊,0.4,男,結婚,專科,相同性別,0
113,,10,鶯歌區,15～19歲,15,19,部分重疊,0.4,男,結婚,碩士,不同性別,0
113,,10,鶯歌區,15～19歲,15,19,部分重疊,0.4,男,結婚,碩士,相同性別,0
113,,10,鶯歌區,15～19歲,15,19,部分重疊,0.4,男,結婚,高中職,不同性別,0
113,,10,鶯歌區,15～19歲,15,19,部分重疊,0.4,男,結婚,高中職,相同性別,0
113,,10,鶯歌區,20～24歲,20,24,完全落入,1.0,女,結婚,博士,不同性別,0
113,,10,鶯歌區,20～24歲,20,24,完全落入,1.0,女,結婚,博士,相同性別,0
113,,10,鶯歌區,20～24歲,20,24,完全落入,1.0,女,結婚,國中,不同性別,11
113,,10,鶯歌區,20～24歲,20,24,完全落入,1.0,女,結婚,國中,相同性別,0
113,,10,鶯歌區,20～24歲,20,24,完全落入,1.0,女,結婚,國小以下,不同性別,2
113,,10,鶯歌區,20～24歲,20,24,完全落入,1.0,女,結婚,國小以下,相同性別,0
113,,10,鶯歌區,20～24歲,20,24,完全落入,1.0,女,結婚,大學,不同性別,10
113,,10,鶯歌區,20～24歲,20,24,完全落入,1.0,女,結婚,大學,相同性別,0
113,,10,鶯歌區,20～24歲,20,24,完全落入,1.0,女,結婚,專科,不同性別,4
113,,10,鶯歌區,20～24歲,20,24,完全落入,1.0,女,結婚,專科,相同性別,0
113,,10,鶯歌區,20～24歲,20,24,完全落入,1.0,女,結婚,碩士,不同性別,0
113,,10,鶯歌區,20～24歲,20,24,完全落入,1.0,女,結婚,碩士,相同性別,0
113,,10,鶯歌區,20～24歲,20,24,完全落入,1.0,女,結婚,高中職,不同性別,22
113,,10,鶯歌區,20～24歲,20,24,完全落入,1.0,女,結婚,高中職,相同性別,0
113,,10,鶯歌區,20～24歲,20,24,完全落入,1.0,男,結婚,博士,不同性別,0
113,,10,鶯歌區,20～24歲,20,24,完全落入,1.0,男,結婚,博士,相同性別,0
113,,10,鶯歌區,20～24歲,20,24,完全落入,1.0,男,結婚,國中,不同性別,11
113,,10,鶯歌區,20～24歲,20,24,完全落入,1.0,男,結婚,國中,相同性別,0
113,,10,鶯歌區,20～24歲,20,24,完全落入,1.0,男,結婚,國小以下,不同性別,0
113,,10,鶯歌區,20～24歲,20,24,完全落入,1.0,男,結婚,國小以下,相同性別,0
113,,10,鶯歌區,20～24歲,20,24,完全落入,1.0,男,結婚,大學,不同性別,5
113,,10,鶯歌區,20～24歲,20,24,完全落入,1.0,男,結婚,大學,相同性別,0
113,,10,鶯歌區,20～24歲,20,24,完全落入,1.0,男,結婚,專科,不同性別,2
113,,10,鶯歌區,20～24歲,20,24,完全落入,1.0,男,結婚,專科,相同性別,0
113,,10,鶯歌區,20～24歲,20,24,完全落入,1.0,男,結婚,碩士,不同性別,0
113,,10,鶯歌區,20～24歲,20,24,完全落入,1.0,男,結婚,碩士,相同性別,0
113,,10,鶯歌區,20～24歲,20,24,完全落入,1.0,男,結婚,高中職,不同性別,12
113,,10,鶯歌區,20～24歲,20,24,完全落入,1.0,男,結婚,高中職,相同性別,0
113,,10,鶯歌區,25～29歲,25,29,完全落入,1.0,女,結婚,博士,不同性別,0
113,,10,鶯歌區,25～29歲,25,29,完全落入,1.0,女,結婚,博士,相同性別,0
113,,10,鶯歌區,25～29歲,25,29,完全落入,1.0,女,結婚,國中,不同性別,10
113,,10,鶯歌區,25～29歲,25,29,完全落入,1.0,女,結婚,國中,相同性別,0
113,,10,鶯歌區,25～29歲,25,29,完全落入,1.0,女,結婚,國小以下,不同性別,0
113,,10,鶯歌區,25～29歲,25,29,完全落入,1.0,女,結婚,國小以下,相同性別,0
113,,10,鶯歌區,25～29歲,25,29,完全落入,1.0,女,結婚,大學,不同性別,87
113,,10,鶯歌區,25～29歲,25,29,完全落入,1.0,女,結婚,大學,相同性別,2
113,,10,鶯歌區,25～29歲,25,29,完全落入,1.0,女,結婚,專科,不同性別,5
113,,10,鶯歌區,25～29歲,25,29,完全落入,1.0,女,結婚,專科,相同性別,0
113,,10,鶯歌區,25～29歲,25,29,完全落入,1.0,女,結婚,碩士,不同性別,7
113,,10,鶯歌區,25～29歲,25,29,完全落入,1.0,女,結婚,碩士,相同性別,0
113,,10,鶯歌區,25～29歲,25,29,完全落入,1.0,女,結婚,高中職,不同性別,25
113,,10,鶯歌區,25～29歲,25,29,完全落入,1.0,女,結婚,高中職,相同性別,0
113,,10,鶯歌區,25～29歲,25,29,完全落入,1.0,男,結婚,博士,不同性別,0
113,,10,鶯歌區,25～29歲,25,29,完全落入,1.0,男,結婚,博士,相同性別,0
113,,10,鶯歌區,25～29歲,25,29,完全落入,1.0,男,結婚,國中,不同性別,21
113,,10,鶯歌區,25～29歲,25,29,完全落入,1.0,男,結婚,國中,相同性別,0
113,,10,鶯歌區,25～29歲,25,29,完全落入,1.0,男,結婚,國小以下,不同性別,0
113,,10,鶯歌區,25～29歲,25,29,完全落入,1.0,男,結婚,國小以下,相同性別,0
113,,10,鶯歌區,25～29歲,25,29,完全落入,1.0,男,結婚,大學,不同性別,63
113,,10,鶯歌區,25～29歲,25,29,完全落入,1.0,男,結婚,大學,相同性別,0
113,,10,鶯歌區,25～29歲,25,29,完全落入,1.0,男,結婚,專科,不同性別,4
113,,10,鶯歌區,25～29歲,25,29,完全落入,1.0,男,結婚,專科,相同性別,0
113,,10,鶯歌區,25～29歲,25,29,完全落入,1.0,男,結婚,碩士,不同性別,7
113,,10,鶯歌區,25～29歲,25,29,完全落入,1.0,男,結婚,碩士,相同性別,0
113,,10,鶯歌區,25～29歲,25,29,完全落入,1.0,男,結婚,高中職,不同性別,25
113,,10,鶯歌區,25～29歲,25,29,完全落入,1.0,男,結婚,高中職,相同性別,0
113,,10,鶯歌區,30～34歲,30,34,完全落入,1.0,女,結婚,博士,不同性別,0
113,,10,鶯歌區,30～34歲,30,34,完全落入,1.0,女,結婚,博士,相同性別,0
113,,10,鶯歌區,30～34歲,30,34,完全落入,1.0,女,結婚,國中,不同性別,6
113,,10,鶯歌區,30～34歲,30,34,完全落入,1.0,女,結婚,國中,相同性別,0
113,,10,鶯歌區,30～34歲,30,34,完全落入,1.0,女,結婚,國小以下,不同性別,0
113,,10,鶯歌區,30～34歲,30,34,完全落入,1.0,女,結婚,國小以下,相同性別,0
113,,10,鶯歌區,30～34歲,30,34,完全落入,1.0,女,結婚,大學,不同性別,105
113,,10,鶯歌區,30～34歲,30,34,完全落入,1.0,女,結婚,大學,相同性別,2
113,,10,鶯歌區,30～34歲,30,34,完全落入,1.0,女,結婚,專科,不同性別,3
113,,10,鶯歌區,30～34歲,30,34,完全落入,1.0,女,結婚,專科,相同性別,0
113,,10,鶯歌區,30～34歲,30,34,完全落入,1.0,女,結婚,碩士,不同性別,14
113,,10,鶯歌區,30～34歲,30,34,完全落入,1.0,女,結婚,碩士,相同性別,2
113,,10,鶯歌區,30～34歲,30,34,完全落入,1.0,女,結婚,高中職,不同性別,37
113,,10,鶯歌區,30～34歲,30,34,完全落入,1.0,女,結婚,高中職,相同性別,1
113,,10,鶯歌區,30～34歲,30,34,完全落入,1.0,男,結婚,博士,不同性別,2
113,,10,鶯歌區,30～34歲,30,34,完全落入,1.0,男,結婚,博士,相同性別,0
113,,10,鶯歌區,30～34歲,30,34,完全落入,1.0,男,結婚,國中,不同性別,5
113,,10,鶯歌區,30～34歲,30,34,完全落入,1.0,男,結婚,國中,相同性別,0
113,,10,鶯歌區,30～34歲,30,34,完全落入,1.0,男,結婚,國小以下,不同性別,0
113,,10,鶯歌區,30～34歲,30,34,完全落入,1.0,男,結婚,國小以下,相同性別,0
113,,10,鶯歌區,30～34歲,30,34,完全落入,1.0,男,結婚,大學,不同性別,83
113,,10,鶯歌區,30～34歲,30,34,完全落入,1.0,男,結婚,大學,相同性別,0
113,,10,鶯歌區,30～34歲,30,34,完全落入,1.0,男,結婚,專科,不同性別,4
113,,10,鶯歌區,30～34歲,30,34,完全落入,1.0,男,結婚,專科,相同性別,0
113,,10,鶯歌區,30～34歲,30,34,完全落入,1.0,男,結婚,碩士,不同性別,31
113,,10,鶯歌區,30～34歲,30,34,完全落入,1.0,男,結婚,碩士,相同性別,0
113,,10,鶯歌區,30～34歲,30,34,完全落入,1.0,男,結婚,高中職,不同性別,33
113,,10,鶯歌區,30～34歲,30,34,完全落入,1.0,男,結婚,高中職,相同性別,0
113,,10,鶯歌區,35～39歲,35,39,部分重疊,0.2,女,結婚,博士,不同性別,0
113,,10,鶯歌區,35～39歲,35,39,部分重疊,0.2,女,結婚,博士,相同性別,0
113,,10,鶯歌區,35～39歲,35,39,部分重疊,0.2,女,結婚,國中,不同性別,5
113,,10,鶯歌區,35～39歲,35,39,部分重疊,0.2,女,結婚,國中,相同性別,0
113,,10,鶯歌區,35～39歲,35,39,部分重疊,0.2,女,結婚,國小以下,不同性別,3
113,,10,鶯歌區,35～39歲,35,39,部分重疊,0.2,女,結婚,國小以下,相同性別,0
113,,10,鶯歌區,35～39歲,35,39,部分重疊,0.2,女,結婚,大學,不同性別,36
113,,10,鶯歌區,35～39歲,35,39,部分重疊,0.2,女,結婚,大學,相同性別,0
113,,10,鶯歌區,35～39歲,35,39,部分重疊,0.2,女,結婚,專科,不同性別,4
113,,10,鶯歌區,35～39歲,35,39,部分重疊,0.2,女,結婚,專科,相同性別,0
113,,10,鶯歌區,35～39歲,35,39,部分重疊,0.2,女,結婚,碩士,不同性別,6
113,,10,鶯歌區,35～39歲,35,39,部分重疊,0.2,女,結婚,碩士,相同性別,0
113,,10,鶯歌區,35～39歲,35,39,部分重疊,0.2,女,結婚,高中職,不同性別,18
113,,10,鶯歌區,35～39歲,35,39,部分重疊,0.2,女,結婚,高中職,相同性別,2
113,,10,鶯歌區,35～39歲,35,39,部分重疊,0.2,男,結婚,博士,不同性別,0
113,,10,鶯歌區,35～39歲,35,39,部分重疊,0.2,男,結婚,博士,相同性別,0
113,,10,鶯歌區,35～39歲,35,39,部分重疊,0.2,男,結婚,國中,不同性別,3
113,,10,鶯歌區,35～39歲,35,39,部分重疊,0.2,男,結婚,國中,相同性別,0
113,,10,鶯歌區,35～39歲,35,39,部分重疊,0.2,男,結婚,國小以下,不同性別,0
113,,10,鶯歌區,35～39歲,35,39,部分重疊,0.2,男,結婚,國小以下,相同性別,0
113,,10,鶯歌區,35～39歲,35,39,部分重疊,0.2,男,結婚,大學,不同性別,34
113,,10,鶯歌區,35～39歲,35,39,部分重疊,0.2,男,結婚,大學,相同性別,0
113,,10,鶯歌區,35～39歲,35,39,部分重疊,0.2,男,結婚,專科,不同性別,2
113,,10,鶯歌區,35～39歲,35,39,部分重疊,0.2,男,結婚,專科,相同性別,0
113,,10,鶯歌區,35～39歲,35,39,部分重疊,0.2,男,結婚,碩士,不同性別,11
113,,10,鶯歌區,35～39歲,35,39,部分重疊,0.2,男,結婚,碩士,相同性別,0
113,,10,鶯歌區,35～39歲,35,39,部分重疊,0.2,男,結婚,高中職,不同性別,23
113,,10,鶯歌區,35～39歲,35,39,部分重疊,0.2,男,結婚,高中職,相同性別,0
113,,10,鶯歌區,40～44歲,40,44,不相關,0.0,女,結婚,博士,不同性別,0
113,,10,鶯歌區,40～44歲,40,44,不相關,0.0,女,結婚,博士,相同性別,0
113,,10,鶯歌區,40～44歲,40,44,不相關,0.0,女,結婚,國中,不同性別,7
113,,10,鶯歌區,40～44歲,40,44,不相關,0.0,女,結婚,國中,相同性別,0
113,,10,鶯歌區,40～44歲,40,44,不相關,0.0,女,結婚,國小以下,不同性別,4
113,,10,鶯歌區,40～44歲,40,44,不相關,0.0,女,結婚,國小以下,相同性別,0
113,,10,鶯歌區,40～44歲,40,44,不相關,0.0,女,結婚,大學,不同性別,6
113,,10,鶯歌區,40～44歲,40,44,不相關,0.0,女,結婚,大學,相同性別,1
113,,10,鶯歌區,40～44歲,40,44,不相關,0.0,女,結婚,專科,不同性別,4
113,,10,鶯歌區,40～44歲,40,44,不相關,0.0,女,結婚,專科,相同性別,0
113,,10,鶯歌區,40～44歲,40,44,不相關,0.0,女,結婚,碩士,不同性別,2
113,,10,鶯歌區,40～44歲,40,44,不相關,0.0,女,結婚,碩士,相同性別,0
113,,10,鶯歌區,40～44歲,40,44,不相關,0.0,女,結婚,高中職,不同性別,10
113,,10,鶯歌區,40～44歲,40,44,不相關,0.0,女,結婚,高中職,相同性別,0
113,,10,鶯歌區,40～44歲,40,44,不相關,0.0,男,結婚,博士,不同性別,0
113,,10,鶯歌區,40～44歲,40,44,不相關,0.0,男,結婚,博士,相同性別,0
113,,10,鶯歌區,40～44歲,40,44,不相關,0.0,男,結婚,國中,不同性別,6
113,,10,鶯歌區,40～44歲,40,44,不相關,0.0,男,結婚,國中,相同性別,0
113,,10,鶯歌區,40～44歲,40,44,不相關,0.0,男,結婚,國小以下,不同性別,1
113,,10,鶯歌區,40～44歲,40,44,不相關,0.0,男,結婚,國小以下,相同性別,0
113,,10,鶯歌區,40～44歲,40,44,不相關,0.0,男,結婚,大學,不同性別,17
113,,10,鶯歌區,40～44歲,40,44,不相關,0.0,男,結婚,大學,相同性別,0
113,,10,鶯歌區,40～44歲,40,44,不相關,0.0,男,結婚,專科,不同性別,2
113,,10,鶯歌區,40～44歲,40,44,不相關,0.0,男,結婚,專科,相同性別,1
113,,10,鶯歌區,40～44歲,40,44,不相關,0.0,男,結婚,碩士,不同性別,5
113,,10,鶯歌區,40～44歲,40,44,不相關,0.0,男,結婚,碩士,相同性別,0
113,,10,鶯歌區,40～44歲,40,44,不相關,0.0,男,結婚,高中職,不同性別,26
113,,10,鶯歌區,40～44歲,40,44,不相關,0.0,男,結婚,高中職,相同性別,0
113,,10,鶯歌區,45～49歲,45,49,不相關,0.0,女,結婚,博士,不同性別,0
113,,10,鶯歌區,45～49歲,45,49,不相關,0.0,女,結婚,博士,相同性別,0
113,,10,鶯歌區,45～49歲,45,49,不相關,0.0,女,結婚,國中,不同性別,6
113,,10,鶯歌區,45～49歲,45,49,不相關,0.0,女,結婚,國中,相同性別,0
113,,10,鶯歌區,45～49歲,45,49,不相關,0.0,女,結婚,國小以下,不同性別,1
113,,10,鶯歌區,45～49歲,45,49,不相關,0.0,女,結婚,國小以下,相同性別,0
113,,10,鶯歌區,45～49歲,45,49,不相關,0.0,女,結婚,大學,不同性別,0
113,,10,鶯歌區,45～49歲,45,49,不相關,0.0,女,結婚,大學,相同性別,0
113,,10,鶯歌區,45～49歲,45,49,不相關,0.0,女,結婚,專科,不同性別,3
113,,10,鶯歌區,45～49歲,45,49,不相關,0.0,女,結婚,專科,相同性別,0
113,,10,鶯歌區,45～49歲,45,49,不相關,0.0,女,結婚,碩士,不同性別,2
113,,10,鶯歌區,45～49歲,45,49,不相關,0.0,女,結婚,碩士,相同性別,0
113,,10,鶯歌區,45～49歲,45,49,不相關,0.0,女,結婚,高中職,不同性別,11
113,,10,鶯歌區,45～49歲,45,49,不相關,0.0,女,結婚,高中職,相同性別,0
113,,10,鶯歌區,45～49歲,45,49,不相關,0.0,男,結婚,博士,不同性別,0
113,,10,鶯歌區,45～49歲,45,49,不相關,0.0,男,結婚,博士,相同性別,0
113,,10,鶯歌區,45～49歲,45,49,不相關,0.0,男,結婚,國中,不同性別,10
113,,10,鶯歌區,45～49歲,45,49,不相關,0.0,男,結婚,國中,相同性別,0
113,,10,鶯歌區,45～49歲,45,49,不相關,0.0,男,結婚,國小以下,不同性別,1
113,,10,鶯歌區,45～49歲,45,49,不相關,0.0,男,結婚,國小以下,相同性別,0
113,,10,鶯歌區,45～49歲,45,49,不相關,0.0,男,結婚,大學,不同性別,7
113,,10,鶯歌區,45～49歲,45,49,不相關,0.0,男,結婚,大學,相同性別,0
113,,10,鶯歌區,45～49歲,45,49,不相關,0.0,男,結婚,專科,不同性別,6
113,,10,鶯歌區,45～49歲,45,49,不相關,0.0,男,結婚,專科,相同性別,0
113,,10,鶯歌區,45～49歲,45,49,不相關,0.0,男,結婚,碩士,不同性別,0
113,,10,鶯歌區,45～49歲,45,49,不相關,0.0,男,結婚,碩士,相同性別,0
113,,10,鶯歌區,45～49歲,45,49,不相關,0.0,男,結婚,高中職,不同性別,8
113,,10,鶯歌區,45～49歲,45,49,不相關,0.0,男,結婚,高中職,相同性別,0
113,,10,鶯歌區,50～54歲,50,54,不相關,0.0,女,結婚,博士,不同性別,0
113,,10,鶯歌區,50～54歲,50,54,不相關,0.0,女,結婚,博士,相同性別,0
113,,10,鶯歌區,50～54歲,50,54,不相關,0.0,女,結婚,國中,不同性別,1
113,,10,鶯歌區,50～54歲,50,54,不相關,0.0,女,結婚,國中,相同性別,0
113,,10,鶯歌區,50～54歲,50,54,不相關,0.0,女,結婚,國小以下,不同性別,0
113,,10,鶯歌區,50～54歲,50,54,不相關,0.0,女,結婚,國小以下,相同性別,0
113,,10,鶯歌區,50～54歲,50,54,不相關,0.0,女,結婚,大學,不同性別,3
113,,10,鶯歌區,50～54歲,50,54,不相關,0.0,女,結婚,大學,相同性別,0
113,,10,鶯歌區,50～54歲,50,54,不相關,0.0,女,結婚,專科,不同性別,3
113,,10,鶯歌區,50～54歲,50,54,不相關,0.0,女,結婚,專科,相同性別,0
113,,10,鶯歌區,50～54歲,50,54,不相關,0.0,女,結婚,碩士,不同性別,0
113,,10,鶯歌區,50～54歲,50,54,不相關,0.0,女,結婚,碩士,相同性別,0
113,,10,鶯歌區,50～54歲,50,54,不相關,0.0,女,結婚,高中職,不同性別,4
113,,10,鶯歌區,50～54歲,50,54,不相關,0.0,女,結婚,高中職,相同性別,0
113,,10,鶯歌區,50～54歲,50,54,不相關,0.0,男,結婚,博士,不同性別,0
113,,10,鶯歌區,50～54歲,50,54,不相關,0.0,男,結婚,博士,相同性別,0
113,,10,鶯歌區,50～54歲,50,54,不相關,0.0,男,結婚,國中,不同性別,3
113,,10,鶯歌區,50～54歲,50,54,不相關,0.0,男,結婚,國中,相同性別,0
113,,10,鶯歌區,50～54歲,50,54,不相關,0.0,男,結婚,國小以下,不同性別,0
113,,10,鶯歌區,50～54歲,50,54,不相關,0.0,男,結婚,國小以下,相同性別,0
113,,10,鶯歌區,50～54歲,50,54,不相關,0.0,男,結婚,大學,不同性別,5
113,,10,鶯歌區,50～54歲,50,54,不相關,0.0,男,結婚,大學,相同性別,0
113,,10,鶯歌區,50～54歲,50,54,不相關,0.0,男,結婚,專科,不同性別,2
113,,10,鶯歌區,50～54歲,50,54,不相關,0.0,男,結婚,專科,相同性別,0
113,,10,鶯歌區,50～54歲,50,54,不相關,0.0,男,結婚,碩士,不同性別,0
113,,10,鶯歌區,50～54歲,50,54,不相關,0.0,男,結婚,碩士,相同性別,0
113,,10,鶯歌區,50～54歲,50,54,不相關,0.0,男,結婚,高中職,不同性別,4
113,,10,鶯歌區,50～54歲,50,54,不相關,0.0,男,結婚,高中職,相同性別,0
113,,10,鶯歌區,55～59歲,55,59,不相關,0.0,女,結婚,博士,不同性別,0
113,,10,鶯歌區,55～59歲,55,59,不相關,0.0,女,結婚,博士,相同性別,0
113,,10,鶯歌區,55～59歲,55,59,不相關,0.0,女,結婚,國中,不同性別,4
113,,10,鶯歌區,55～59歲,55,59,不相關,0.0,女,結婚,國中,相同性別,0
113,,10,鶯歌區,55～59歲,55,59,不相關,0.0,女,結婚,國小以下,不同性別,0
113,,10,鶯歌區,55～59歲,55,59,不相關,0.0,女,結婚,國小以下,相同性別,0
113,,10,鶯歌區,55～59歲,55,59,不相關,0.0,女,結婚,大學,不同性別,1
113,,10,鶯歌區,55～59歲,55,59,不相關,0.0,女,結婚,大學,相同性別,0
113,,10,鶯歌區,55～59歲,55,59,不相關,0.0,女,結婚,專科,不同性別,0
113,,10,鶯歌區,55～59歲,55,59,不相關,0.0,女,結婚,專科,相同性別,0
113,,10,鶯歌區,55～59歲,55,59,不相關,0.0,女,結婚,碩士,不同性別,0
113,,10,鶯歌區,55～59歲,55,59,不相關,0.0,女,結婚,碩士,相同性別,0
113,,10,鶯歌區,55～59歲,55,59,不相關,0.0,女,結婚,高中職,不同性別,2
113,,10,鶯歌區,55～59歲,55,59,不相關,0.0,女,結婚,高中職,相同性別,0
113,,10,鶯歌區,55～59歲,55,59,不相關,0.0,男,結婚,博士,不同性別,0
113,,10,鶯歌區,55～59歲,55,59,不相關,0.0,男,結婚,博士,相同性別,0
113,,10,鶯歌區,55～59歲,55,59,不相關,0.0,男,結婚,國中,不同性別,2
113,,10,鶯歌區,55～59歲,55,59,不相關,0.0,男,結婚,國中,相同性別,0
113,,10,鶯歌區,55～59歲,55,59,不相關,0.0,男,結婚,國小以下,不同性別,1
113,,10,鶯歌區,55～59歲,55,59,不相關,0.0,男,結婚,國小以下,相同性別,0
113,,10,鶯歌區,55～59歲,55,59,不相關,0.0,男,結婚,大學,不同性別,2
113,,10,鶯歌區,55～59歲,55,59,不相關,0.0,男,結婚,大學,相同性別,0
113,,10,鶯歌區,55～59歲,55,59,不相關,0.0,男,結婚,專科,不同性別,3
113,,10,鶯歌區,55～59歲,55,59,不相關,0.0,男,結婚,專科,相同性別,0
113,,10,鶯歌區,55～59歲,55,59,不相關,0.0,男,結婚,碩士,不同性別,0
113,,10,鶯歌區,55～59歲,55,59,不相關,0.0,男,結婚,碩士,相同性別,1
113,,10,鶯歌區,55～59歲,55,59,不相關,0.0,男,結婚,高中職,不同性別,3
113,,10,鶯歌區,55～59歲,55,59,不相關,0.0,男,結婚,高中職,相同性別,0
113,,10,鶯歌區,60～64歲,60,64,不相關,0.0,女,結婚,博士,不同性別,0
113,,10,鶯歌區,60～64歲,60,64,不相關,0.0,女,結婚,博士,相同性別,0
113,,10,鶯歌區,60～64歲,60,64,不相關,0.0,女,結婚,國中,不同性別,0
113,,10,鶯歌區,60～64歲,60,64,不相關,0.0,女,結婚,國中,相同性別,0
113,,10,鶯歌區,60～64歲,60,64,不相關,0.0,女,結婚,國小以下,不同性別,2
113,,10,鶯歌區,60～64歲,60,64,不相關,0.0,女,結婚,國小以下,相同性別,0
113,,10,鶯歌區,60～64歲,60,64,不相關,0.0,女,結婚,大學,不同性別,0
113,,10,鶯歌區,60～64歲,60,64,不相關,0.0,女,結婚,大學,相同性別,0
113,,10,鶯歌區,60～64歲,60,64,不相關,0.0,女,結婚,專科,不同性別,0
113,,10,鶯歌區,60～64歲,60,64,不相關,0.0,女,結婚,專科,相同性別,0
113,,10,鶯歌區,60～64歲,60,64,不相關,0.0,女,結婚,碩士,不同性別,1
113,,10,鶯歌區,60～64歲,60,64,不相關,0.0,女,結婚,碩士,相同性別,0
113,,10,鶯歌區,60～64歲,60,64,不相關,0.0,女,結婚,高中職,不同性別,1
113,,10,鶯歌區,60～64歲,60,64,不相關,0.0,女,結婚,高中職,相同性別,0
113,,10,鶯歌區,60～64歲,60,64,不相關,0.0,男,結婚,博士,不同性別,0
113,,10,鶯歌區,60～64歲,60,64,不相關,0.0,男,結婚,博士,相同性別,0
113,,10,鶯歌區,60～64歲,60,64,不相關,0.0,男,結婚,國中,不同性別,4
113,,10,鶯歌區,60～64歲,60,64,不相關,0.0,男,結婚,國中,相同性別,0
113,,10,鶯歌區,60～64歲,60,64,不相關,0.0,男,結婚,國小以下,不同性別,1
113,,10,鶯歌區,60～64歲,60,64,不相關,0.0,男,結婚,國小以下,相同性別,0
113,,10,鶯歌區,60～64歲,60,64,不相關,0.0,男,結婚,大學,不同性別,0
113,,10,鶯歌區,60～64歲,60,64,不相關,0.0,男,結婚,大學,相同性別,0
113,,10,鶯歌區,60～64歲,60,64,不相關,0.0,男,結婚,專科,不同性別,0
113,,10,鶯歌區,60～64歲,60,64,不相關,0.0,男,結婚,專科,相同性別,0
113,,10,鶯歌區,60～64歲,60,64,不相關,0.0,男,結婚,碩士,不同性別,1
113,,10,鶯歌區,60～64歲,60,64,不相關,0.0,男,結婚,碩士,相同性別,0
113,,10,鶯歌區,60～64歲,60,64,不相關,0.0,男,結婚,高中職,不同性別,1
113,,10,鶯歌區,60～64歲,60,64,不相關,0.0,男,結婚,高中職,相同性別,0
113,,10,鶯歌區,65歲以上,65,120,不相關,0.0,女,結婚,博士,不同性別,0
113,,10,鶯歌區,65歲以上,65,120,不相關,0.0,女,結婚,博士,相同性別,0
113,,10,鶯歌區,65歲以上,65,120,不相關,0.0,女,結婚,國中,不同性別,1
113,,10,鶯歌區,65歲以上,65,120,不相關,0.0,女,結婚,國中,相同性別,0
113,,10,鶯歌區,65歲以上,65,120,不相關,0.0,女,結婚,國小以下,不同性別,0
113,,10,鶯歌區,65歲以上,65,120,不相關,0.0,女,結婚,國小以下,相同性別,0
113,,10,鶯歌區,65歲以上,65,120,不相關,0.0,女,結婚,大學,不同性別,1
113,,10,鶯歌區,65歲以上,65,120,不相關,0.0,女,結婚,大學,相同性別,0
113,,10,鶯歌區,65歲以上,65,120,不相關,0.0,女,結婚,專科,不同性別,0
113,,10,鶯歌區,65歲以上,65,120,不相關,0.0,女,結婚,專科,相同性別,0
113,,10,鶯歌區,65歲以上,65,120,不相關,0.0,女,結婚,碩士,不同性別,0
113,,10,鶯歌區,65歲以上,65,120,不相關,0.0,女,結婚,碩士,相同性別,0
113,,10,鶯歌區,65歲以上,65,120,不相關,0.0,女,結婚,高中職,不同性別,0
113,,10,鶯歌區,65歲以上,65,120,不相關,0.0,女,結婚,高中職,相同性別,0
113,,10,鶯歌區,65歲以上,65,120,不相關,0.0,男,結婚,博士,不同性別,0
113,,10,鶯歌區,65歲以上,65,120,不相關,0.0,男,結婚,博士,相同性別,0
113,,10,鶯歌區,65歲以上,65,120,不相關,0.0,男,結婚,國中,不同性別,1
113,,10,鶯歌區,65歲以上,65,120,不相關,0.0,男,結婚,國中,相同性別,0
113,,10,鶯歌區,65歲以上,65,120,不相關,0.0,男,結婚,國小以下,不同性別,0
113,,10,鶯歌區,65歲以上,65,120,不相關,0.0,男,結婚,國小以下,相同性別,0
113,,10,鶯歌區,65歲以上,65,120,不相關,0.0,男,結婚,大學,不同性別,0
113,,10,鶯歌區,65歲以上,65,120,不相關,0.0,男,結婚,大學,相同性別,0
113,,10,鶯歌區,65歲以上,65,120,不相關,0.0,男,結婚,專科,不同性別,0
113,,10,鶯歌區,65歲以上,65,120,不相關,0.0,男,結婚,專科,相同性別,0
113,,10,鶯歌區,65歲以上,65,120,不相關,0.0,男,結婚,碩士,不同性別,2
113,,10,鶯歌區,65歲以上,65,120,不相關,0.0,男,結婚,碩士,相同性別,0
113,,10,鶯歌區,65歲以上,65,120,不相關,0.0,男,結婚,高中職,不同性別,4
113,,10,鶯歌區,65歲以上,65,120,不相關,0.0,男,結婚,高中職,相同性別,0
113,,11,三峽區,未滿15歲,0,14,不相關,0.0,女,結婚,博士,不同性別,0
113,,11,三峽區,未滿15歲,0,14,不相關,0.0,女,結婚,博士,相同性別,0
113,,11,三峽區,未滿15歲,0,14,不相關,0.0,女,結婚,國中,不同性別,0
113,,11,三峽區,未滿15歲,0,14,不相關,0.0,女,結婚,國中,相同性別,0
113,,11,三峽區,未滿15歲,0,14,不相關,0.0,女,結婚,國小以下,不同性別,0
113,,11,三峽區,未滿15歲,0,14,不相關,0.0,女,結婚,國小以下,相同性別,0
113,,11,三峽區,未滿15歲,0,14,不相關,0.0,女,結婚,大學,不同性別,0
113,,11,三峽區,未滿15歲,0,14,不相關,0.0,女,結婚,大學,相同性別,0
113,,11,三峽區,未滿15歲,0,14,不相關,0.0,女,結婚,專科,不同性別,0
113,,11,三峽區,未滿15歲,0,14,不相關,0.0,女,結婚,專科,相同性別,0
113,,11,三峽區,未滿15歲,0,14,不相關,0.0,女,結婚,碩士,不同性別,0
113,,11,三峽區,未滿15歲,0,14,不相關,0.0,女,結婚,碩士,相同性別,0
113,,11,三峽區,未滿15歲,0,14,不相關,0.0,女,結婚,高中職,不同性別,0
113,,11,三峽區,未滿15歲,0,14,不相關,0.0,女,結婚,高中職,相同性別,0
113,,11,三峽區,未滿15歲,0,14,不相關,0.0,男,結婚,博士,不同性別,0
113,,11,三峽區,未滿15歲,0,14,不相關,0.0,男,結婚,博士,相同性別,0
113,,11,三峽區,未滿15歲,0,14,不相關,0.0,男,結婚,國中,不同性別,0
113,,11,三峽區,未滿15歲,0,14,不相關,0.0,男,結婚,國中,相同性別,0
113,,11,三峽區,未滿15歲,0,14,不相關,0.0,男,結婚,國小以下,不同性別,0
113,,11,三峽區,未滿15歲,0,14,不相關,0.0,男,結婚,國小以下,相同性別,0
113,,11,三峽區,未滿15歲,0,14,不相關,0.0,男,結婚,大學,不同性別,0
113,,11,三峽區,未滿15歲,0,14,不相關,0.0,男,結婚,大學,相同性別,0
113,,11,三峽區,未滿15歲,0,14,不相關,0.0,男,結婚,專科,不同性別,0
113,,11,三峽區,未滿15歲,0,14,不相關,0.0,男,結婚,專科,相同性別,0
113,,11,三峽區,未滿15歲,0,14,不相關,0.0,男,結婚,碩士,不同性別,0
113,,11,三峽區,未滿15歲,0,14,不相關,0.0,男,結婚,碩士,相同性別,0
113,,11,三峽區,未滿15歲,0,14,不相關,0.0,男,結婚,高中職,不同性別,0
113,,11,三峽區,未滿15歲,0,14,不相關,0.0,男,結婚,高中職,相同性別,0
113,,11,三峽區,15～19歲,15,19,部分重疊,0.4,女,結婚,博士,不同性別,0
113,,11,三峽區,15～19歲,15,19,部分重疊,0.4,女,結婚,博士,相同性別,0
113,,11,三峽區,15～19歲,15,19,部分重疊,0.4,女,結婚,國中,不同性別,7
113,,11,三峽區,15～19歲,15,19,部分重疊,0.4,女,結婚,國中,相同性別,0
113,,11,三峽區,15～19歲,15,19,部分重疊,0.4,女,結婚,國小以下,不同性別,0
113,,11,三峽區,15～19歲,15,19,部分重疊,0.4,女,結婚,國小以下,相同性別,0
113,,11,三峽區,15～19歲,15,19,部分重疊,0.4,女,結婚,大學,不同性別,0
113,,11,三峽區,15～19歲,15,19,部分重疊,0.4,女,結婚,大學,相同性別,0
113,,11,三峽區,15～19歲,15,19,部分重疊,0.4,女,結婚,專科,不同性別,0
113,,11,三峽區,15～19歲,15,19,部分重疊,0.4,女,結婚,專科,相同性別,0
113,,11,三峽區,15～19歲,15,19,部分重疊,0.4,女,結婚,碩士,不同性別,0
113,,11,三峽區,15～19歲,15,19,部分重疊,0.4,女,結婚,碩士,相同性別,0
113,,11,三峽區,15～19歲,15,19,部分重疊,0.4,女,結婚,高中職,不同性別,1
113,,11,三峽區,15～19歲,15,19,部分重疊,0.4,女,結婚,高中職,相同性別,0
113,,11,三峽區,15～19歲,15,19,部分重疊,0.4,男,結婚,博士,不同性別,0
113,,11,三峽區,15～19歲,15,19,部分重疊,0.4,男,結婚,博士,相同性別,0
113,,11,三峽區,15～19歲,15,19,部分重疊,0.4,男,結婚,國中,不同性別,1
113,,11,三峽區,15～19歲,15,19,部分重疊,0.4,男,結婚,國中,相同性別,0
113,,11,三峽區,15～19歲,15,19,部分重疊,0.4,男,結婚,國小以下,不同性別,1
113,,11,三峽區,15～19歲,15,19,部分重疊,0.4,男,結婚,國小以下,相同性別,0
113,,11,三峽區,15～19歲,15,19,部分重疊,0.4,男,結婚,大學,不同性別,0
113,,11,三峽區,15～19歲,15,19,部分重疊,0.4,男,結婚,大學,相同性別,0
113,,11,三峽區,15～19歲,15,19,部分重疊,0.4,男,結婚,專科,不同性別,0
113,,11,三峽區,15～19歲,15,19,部分重疊,0.4,男,結婚,專科,相同性別,0
113,,11,三峽區,15～19歲,15,19,部分重疊,0.4,男,結婚,碩士,不同性別,0
113,,11,三峽區,15～19歲,15,19,部分重疊,0.4,男,結婚,碩士,相同性別,0
113,,11,三峽區,15～19歲,15,19,部分重疊,0.4,男,結婚,高中職,不同性別,0
113,,11,三峽區,15～19歲,15,19,部分重疊,0.4,男,結婚,高中職,相同性別,0
113,,11,三峽區,20～24歲,20,24,完全落入,1.0,女,結婚,博士,不同性別,0
113,,11,三峽區,20～24歲,20,24,完全落入,1.0,女,結婚,博士,相同性別,0
113,,11,三峽區,20～24歲,20,24,完全落入,1.0,女,結婚,國中,不同性別,14
113,,11,三峽區,20～24歲,20,24,完全落入,1.0,女,結婚,國中,相同性別,3
113,,11,三峽區,20～24歲,20,24,完全落入,1.0,女,結婚,國小以下,不同性別,1
113,,11,三峽區,20～24歲,20,24,完全落入,1.0,女,結婚,國小以下,相同性別,0
113,,11,三峽區,20～24歲,20,24,完全落入,1.0,女,結婚,大學,不同性別,13
113,,11,三峽區,20～24歲,20,24,完全落入,1.0,女,結婚,大學,相同性別,1
113,,11,三峽區,20～24歲,20,24,完全落入,1.0,女,結婚,專科,不同性別,7
113,,11,三峽區,20～24歲,20,24,完全落入,1.0,女,結婚,專科,相同性別,0
113,,11,三峽區,20～24歲,20,24,完全落入,1.0,女,結婚,碩士,不同性別,0
113,,11,三峽區,20～24歲,20,24,完全落入,1.0,女,結婚,碩士,相同性別,0
113,,11,三峽區,20～24歲,20,24,完全落入,1.0,女,結婚,高中職,不同性別,24
113,,11,三峽區,20～24歲,20,24,完全落入,1.0,女,結婚,高中職,相同性別,2
113,,11,三峽區,20～24歲,20,24,完全落入,1.0,男,結婚,博士,不同性別,0
113,,11,三峽區,20～24歲,20,24,完全落入,1.0,男,結婚,博士,相同性別,0
113,,11,三峽區,20～24歲,20,24,完全落入,1.0,男,結婚,國中,不同性別,14
113,,11,三峽區,20～24歲,20,24,完全落入,1.0,男,結婚,國中,相同性別,0
113,,11,三峽區,20～24歲,20,24,完全落入,1.0,男,結婚,國小以下,不同性別,2
113,,11,三峽區,20～24歲,20,24,完全落入,1.0,男,結婚,國小以下,相同性別,0
113,,11,三峽區,20～24歲,20,24,完全落入,1.0,男,結婚,大學,不同性別,5
113,,11,三峽區,20～24歲,20,24,完全落入,1.0,男,結婚,大學,相同性別,0
113,,11,三峽區,20～24歲,20,24,完全落入,1.0,男,結婚,專科,不同性別,1
113,,11,三峽區,20～24歲,20,24,完全落入,1.0,男,結婚,專科,相同性別,0
113,,11,三峽區,20～24歲,20,24,完全落入,1.0,男,結婚,碩士,不同性別,0
113,,11,三峽區,20～24歲,20,24,完全落入,1.0,男,結婚,碩士,相同性別,0
113,,11,三峽區,20～24歲,20,24,完全落入,1.0,男,結婚,高中職,不同性別,13
113,,11,三峽區,20～24歲,20,24,完全落入,1.0,男,結婚,高中職,相同性別,0
113,,11,三峽區,25～29歲,25,29,完全落入,1.0,女,結婚,博士,不同性別,0
113,,11,三峽區,25～29歲,25,29,完全落入,1.0,女,結婚,博士,相同性別,0
113,,11,三峽區,25～29歲,25,29,完全落入,1.0,女,結婚,國中,不同性別,19
113,,11,三峽區,25～29歲,25,29,完全落入,1.0,女,結婚,國中,相同性別,2
113,,11,三峽區,25～29歲,25,29,完全落入,1.0,女,結婚,國小以下,不同性別,0
113,,11,三峽區,25～29歲,25,29,完全落入,1.0,女,結婚,國小以下,相同性別,0
113,,11,三峽區,25～29歲,25,29,完全落入,1.0,女,結婚,大學,不同性別,97
113,,11,三峽區,25～29歲,25,29,完全落入,1.0,女,結婚,大學,相同性別,1
113,,11,三峽區,25～29歲,25,29,完全落入,1.0,女,結婚,專科,不同性別,11
113,,11,三峽區,25～29歲,25,29,完全落入,1.0,女,結婚,專科,相同性別,0
113,,11,三峽區,25～29歲,25,29,完全落入,1.0,女,結婚,碩士,不同性別,11
113,,11,三峽區,25～29歲,25,29,完全落入,1.0,女,結婚,碩士,相同性別,0
113,,11,三峽區,25～29歲,25,29,完全落入,1.0,女,結婚,高中職,不同性別,30
113,,11,三峽區,25～29歲,25,29,完全落入,1.0,女,結婚,高中職,相同性別,2
113,,11,三峽區,25～29歲,25,29,完全落入,1.0,男,結婚,博士,不同性別,1
113,,11,三峽區,25～29歲,25,29,完全落入,1.0,男,結婚,博士,相同性別,0
113,,11,三峽區,25～29歲,25,29,完全落入,1.0,男,結婚,國中,不同性別,13
113,,11,三峽區,25～29歲,25,29,完全落入,1.0,男,結婚,國中,相同性別,0
113,,11,三峽區,25～29歲,25,29,完全落入,1.0,男,結婚,國小以下,不同性別,0
113,,11,三峽區,25～29歲,25,29,完全落入,1.0,男,結婚,國小以下,相同性別,0
113,,11,三峽區,25～29歲,25,29,完全落入,1.0,男,結婚,大學,不同性別,56
113,,11,三峽區,25～29歲,25,29,完全落入,1.0,男,結婚,大學,相同性別,0
113,,11,三峽區,25～29歲,25,29,完全落入,1.0,男,結婚,專科,不同性別,11
113,,11,三峽區,25～29歲,25,29,完全落入,1.0,男,結婚,專科,相同性別,0
113,,11,三峽區,25～29歲,25,29,完全落入,1.0,男,結婚,碩士,不同性別,5
113,,11,三峽區,25～29歲,25,29,完全落入,1.0,男,結婚,碩士,相同性別,0
113,,11,三峽區,25～29歲,25,29,完全落入,1.0,男,結婚,高中職,不同性別,49
113,,11,三峽區,25～29歲,25,29,完全落入,1.0,男,結婚,高中職,相同性別,0
113,,11,三峽區,30～34歲,30,34,完全落入,1.0,女,結婚,博士,不同性別,0
113,,11,三峽區,30～34歲,30,34,完全落入,1.0,女,結婚,博士,相同性別,0
113,,11,三峽區,30～34歲,30,34,完全落入,1.0,女,結婚,國中,不同性別,11
113,,11,三峽區,30～34歲,30,34,完全落入,1.0,女,結婚,國中,相同性別,3
113,,11,三峽區,30～34歲,30,34,完全落入,1.0,女,結婚,國小以下,不同性別,1
113,,11,三峽區,30～34歲,30,34,完全落入,1.0,女,結婚,國小以下,相同性別,0
113,,11,三峽區,30～34歲,30,34,完全落入,1.0,女,結婚,大學,不同性別,114
113,,11,三峽區,30～34歲,30,34,完全落入,1.0,女,結婚,大學,相同性別,2
113,,11,三峽區,30～34歲,30,34,完全落入,1.0,女,結婚,專科,不同性別,10
113,,11,三峽區,30～34歲,30,34,完全落入,1.0,女,結婚,專科,相同性別,0
113,,11,三峽區,30～34歲,30,34,完全落入,1.0,女,結婚,碩士,不同性別,18
113,,11,三峽區,30～34歲,30,34,完全落入,1.0,女,結婚,碩士,相同性別,0
113,,11,三峽區,30～34歲,30,34,完全落入,1.0,女,結婚,高中職,不同性別,27
113,,11,三峽區,30～34歲,30,34,完全落入,1.0,女,結婚,高中職,相同性別,1
113,,11,三峽區,30～34歲,30,34,完全落入,1.0,男,結婚,博士,不同性別,0
113,,11,三峽區,30～34歲,30,34,完全落入,1.0,男,結婚,博士,相同性別,0
113,,11,三峽區,30～34歲,30,34,完全落入,1.0,男,結婚,國中,不同性別,18
113,,11,三峽區,30～34歲,30,34,完全落入,1.0,男,結婚,國中,相同性別,0
113,,11,三峽區,30～34歲,30,34,完全落入,1.0,男,結婚,國小以下,不同性別,1
113,,11,三峽區,30～34歲,30,34,完全落入,1.0,男,結婚,國小以下,相同性別,0
113,,11,三峽區,30～34歲,30,34,完全落入,1.0,男,結婚,大學,不同性別,104
113,,11,三峽區,30～34歲,30,34,完全落入,1.0,男,結婚,大學,相同性別,3
113,,11,三峽區,30～34歲,30,34,完全落入,1.0,男,結婚,專科,不同性別,4
113,,11,三峽區,30～34歲,30,34,完全落入,1.0,男,結婚,專科,相同性別,0
113,,11,三峽區,30～34歲,30,34,完全落入,1.0,男,結婚,碩士,不同性別,34
113,,11,三峽區,30～34歲,30,34,完全落入,1.0,男,結婚,碩士,相同性別,1
113,,11,三峽區,30～34歲,30,34,完全落入,1.0,男,結婚,高中職,不同性別,29
113,,11,三峽區,30～34歲,30,34,完全落入,1.0,男,結婚,高中職,相同性別,0
113,,11,三峽區,35～39歲,35,39,部分重疊,0.2,女,結婚,博士,不同性別,0
113,,11,三峽區,35～39歲,35,39,部分重疊,0.2,女,結婚,博士,相同性別,0
113,,11,三峽區,35～39歲,35,39,部分重疊,0.2,女,結婚,國中,不同性別,12
113,,11,三峽區,35～39歲,35,39,部分重疊,0.2,女,結婚,國中,相同性別,1
113,,11,三峽區,35～39歲,35,39,部分重疊,0.2,女,結婚,國小以下,不同性別,5
113,,11,三峽區,35～39歲,35,39,部分重疊,0.2,女,結婚,國小以下,相同性別,0
113,,11,三峽區,35～39歲,35,39,部分重疊,0.2,女,結婚,大學,不同性別,23
113,,11,三峽區,35～39歲,35,39,部分重疊,0.2,女,結婚,大學,相同性別,3
113,,11,三峽區,35～39歲,35,39,部分重疊,0.2,女,結婚,專科,不同性別,2
113,,11,三峽區,35～39歲,35,39,部分重疊,0.2,女,結婚,專科,相同性別,1
113,,11,三峽區,35～39歲,35,39,部分重疊,0.2,女,結婚,碩士,不同性別,7
113,,11,三峽區,35～39歲,35,39,部分重疊,0.2,女,結婚,碩士,相同性別,0
113,,11,三峽區,35～39歲,35,39,部分重疊,0.2,女,結婚,高中職,不同性別,14
113,,11,三峽區,35～39歲,35,39,部分重疊,0.2,女,結婚,高中職,相同性別,3
113,,11,三峽區,35～39歲,35,39,部分重疊,0.2,男,結婚,博士,不同性別,1
113,,11,三峽區,35～39歲,35,39,部分重疊,0.2,男,結婚,博士,相同性別,1
113,,11,三峽區,35～39歲,35,39,部分重疊,0.2,男,結婚,國中,不同性別,12
113,,11,三峽區,35～39歲,35,39,部分重疊,0.2,男,結婚,國中,相同性別,0
113,,11,三峽區,35～39歲,35,39,部分重疊,0.2,男,結婚,國小以下,不同性別,2
113,,11,三峽區,35～39歲,35,39,部分重疊,0.2,男,結婚,國小以下,相同性別,0
113,,11,三峽區,35～39歲,35,39,部分重疊,0.2,男,結婚,大學,不同性別,37
113,,11,三峽區,35～39歲,35,39,部分重疊,0.2,男,結婚,大學,相同性別,0
113,,11,三峽區,35～39歲,35,39,部分重疊,0.2,男,結婚,專科,不同性別,3
113,,11,三峽區,35～39歲,35,39,部分重疊,0.2,男,結婚,專科,相同性別,0
113,,11,三峽區,35～39歲,35,39,部分重疊,0.2,男,結婚,碩士,不同性別,12
113,,11,三峽區,35～39歲,35,39,部分重疊,0.2,男,結婚,碩士,相同性別,1
113,,11,三峽區,35～39歲,35,39,部分重疊,0.2,男,結婚,高中職,不同性別,30
113,,11,三峽區,35～39歲,35,39,部分重疊,0.2,男,結婚,高中職,相同性別,0
113,,11,三峽區,40～44歲,40,44,不相關,0.0,女,結婚,博士,不同性別,1
113,,11,三峽區,40～44歲,40,44,不相關,0.0,女,結婚,博士,相同性別,0
113,,11,三峽區,40～44歲,40,44,不相關,0.0,女,結婚,國中,不同性別,11
113,,11,三峽區,40～44歲,40,44,不相關,0.0,女,結婚,國中,相同性別,0
113,,11,三峽區,40～44歲,40,44,不相關,0.0,女,結婚,國小以下,不同性別,6
113,,11,三峽區,40～44歲,40,44,不相關,0.0,女,結婚,國小以下,相同性別,0
113,,11,三峽區,40～44歲,40,44,不相關,0.0,女,結婚,大學,不同性別,9
113,,11,三峽區,40～44歲,40,44,不相關,0.0,女,結婚,大學,相同性別,1
113,,11,三峽區,40～44歲,40,44,不相關,0.0,女,結婚,專科,不同性別,1
113,,11,三峽區,40～44歲,40,44,不相關,0.0,女,結婚,專科,相同性別,0
113,,11,三峽區,40～44歲,40,44,不相關,0.0,女,結婚,碩士,不同性別,2
113,,11,三峽區,40～44歲,40,44,不相關,0.0,女,結婚,碩士,相同性別,0
113,,11,三峽區,40～44歲,40,44,不相關,0.0,女,結婚,高中職,不同性別,19
113,,11,三峽區,40～44歲,40,44,不相關,0.0,女,結婚,高中職,相同性別,0
113,,11,三峽區,40～44歲,40,44,不相關,0.0,男,結婚,博士,不同性別,1
113,,11,三峽區,40～44歲,40,44,不相關,0.0,男,結婚,博士,相同性別,0
113,,11,三峽區,40～44歲,40,44,不相關,0.0,男,結婚,國中,不同性別,8
113,,11,三峽區,40～44歲,40,44,不相關,0.0,男,結婚,國中,相同性別,0
113,,11,三峽區,40～44歲,40,44,不相關,0.0,男,結婚,國小以下,不同性別,1
113,,11,三峽區,40～44歲,40,44,不相關,0.0,男,結婚,國小以下,相同性別,0
113,,11,三峽區,40～44歲,40,44,不相關,0.0,男,結婚,大學,不同性別,11
113,,11,三峽區,40～44歲,40,44,不相關,0.0,男,結婚,大學,相同性別,0
113,,11,三峽區,40～44歲,40,44,不相關,0.0,男,結婚,專科,不同性別,5
113,,11,三峽區,40～44歲,40,44,不相關,0.0,男,結婚,專科,相同性別,0
113,,11,三峽區,40～44歲,40,44,不相關,0.0,男,結婚,碩士,不同性別,5
113,,11,三峽區,40～44歲,40,44,不相關,0.0,男,結婚,碩士,相同性別,1
113,,11,三峽區,40～44歲,40,44,不相關,0.0,男,結婚,高中職,不同性別,19
113,,11,三峽區,40～44歲,40,44,不相關,0.0,男,結婚,高中職,相同性別,1
113,,11,三峽區,45～49歲,45,49,不相關,0.0,女,結婚,博士,不同性別,0
113,,11,三峽區,45～49歲,45,49,不相關,0.0,女,結婚,博士,相同性別,0
113,,11,三峽區,45～49歲,45,49,不相關,0.0,女,結婚,國中,不同性別,7
113,,11,三峽區,45～49歲,45,49,不相關,0.0,女,結婚,國中,相同性別,0
113,,11,三峽區,45～49歲,45,49,不相關,0.0,女,結婚,國小以下,不同性別,3
113,,11,三峽區,45～49歲,45,49,不相關,0.0,女,結婚,國小以下,相同性別,0
113,,11,三峽區,45～49歲,45,49,不相關,0.0,女,結婚,大學,不同性別,3
113,,11,三峽區,45～49歲,45,49,不相關,0.0,女,結婚,大學,相同性別,0
113,,11,三峽區,45～49歲,45,49,不相關,0.0,女,結婚,專科,不同性別,2
113,,11,三峽區,45～49歲,45,49,不相關,0.0,女,結婚,專科,相同性別,0
113,,11,三峽區,45～49歲,45,49,不相關,0.0,女,結婚,碩士,不同性別,2
113,,11,三峽區,45～49歲,45,49,不相關,0.0,女,結婚,碩士,相同性別,0
113,,11,三峽區,45～49歲,45,49,不相關,0.0,女,結婚,高中職,不同性別,12
113,,11,三峽區,45～49歲,45,49,不相關,0.0,女,結婚,高中職,相同性別,0
113,,11,三峽區,45～49歲,45,49,不相關,0.0,男,結婚,博士,不同性別,0
113,,11,三峽區,45～49歲,45,49,不相關,0.0,男,結婚,博士,相同性別,0
113,,11,三峽區,45～49歲,45,49,不相關,0.0,男,結婚,國中,不同性別,6
113,,11,三峽區,45～49歲,45,49,不相關,0.0,男,結婚,國中,相同性別,0
113,,11,三峽區,45～49歲,45,49,不相關,0.0,男,結婚,國小以下,不同性別,2
113,,11,三峽區,45～49歲,45,49,不相關,0.0,男,結婚,國小以下,相同性別,0
113,,11,三峽區,45～49歲,45,49,不相關,0.0,男,結婚,大學,不同性別,6
113,,11,三峽區,45～49歲,45,49,不相關,0.0,男,結婚,大學,相同性別,1
113,,11,三峽區,45～49歲,45,49,不相關,0.0,男,結婚,專科,不同性別,2
113,,11,三峽區,45～49歲,45,49,不相關,0.0,男,結婚,專科,相同性別,0
113,,11,三峽區,45～49歲,45,49,不相關,0.0,男,結婚,碩士,不同性別,3
113,,11,三峽區,45～49歲,45,49,不相關,0.0,男,結婚,碩士,相同性別,0
113,,11,三峽區,45～49歲,45,49,不相關,0.0,男,結婚,高中職,不同性別,7
113,,11,三峽區,45～49歲,45,49,不相關,0.0,男,結婚,高中職,相同性別,0
113,,11,三峽區,50～54歲,50,54,不相關,0.0,女,結婚,博士,不同性別,0
113,,11,三峽區,50～54歲,50,54,不相關,0.0,女,結婚,博士,相同性別,0
113,,11,三峽區,50～54歲,50,54,不相關,0.0,女,結婚,國中,不同性別,4
113,,11,三峽區,50～54歲,50,54,不相關,0.0,女,結婚,國中,相同性別,0
113,,11,三峽區,50～54歲,50,54,不相關,0.0,女,結婚,國小以下,不同性別,1
113,,11,三峽區,50～54歲,50,54,不相關,0.0,女,結婚,國小以下,相同性別,0
113,,11,三峽區,50～54歲,50,54,不相關,0.0,女,結婚,大學,不同性別,3
113,,11,三峽區,50～54歲,50,54,不相關,0.0,女,結婚,大學,相同性別,0
113,,11,三峽區,50～54歲,50,54,不相關,0.0,女,結婚,專科,不同性別,1
113,,11,三峽區,50～54歲,50,54,不相關,0.0,女,結婚,專科,相同性別,0
113,,11,三峽區,50～54歲,50,54,不相關,0.0,女,結婚,碩士,不同性別,0
113,,11,三峽區,50～54歲,50,54,不相關,0.0,女,結婚,碩士,相同性別,0
113,,11,三峽區,50～54歲,50,54,不相關,0.0,女,結婚,高中職,不同性別,12
113,,11,三峽區,50～54歲,50,54,不相關,0.0,女,結婚,高中職,相同性別,0
113,,11,三峽區,50～54歲,50,54,不相關,0.0,男,結婚,博士,不同性別,0
113,,11,三峽區,50～54歲,50,54,不相關,0.0,男,結婚,博士,相同性別,0
113,,11,三峽區,50～54歲,50,54,不相關,0.0,男,結婚,國中,不同性別,9
113,,11,三峽區,50～54歲,50,54,不相關,0.0,男,結婚,國中,相同性別,0
113,,11,三峽區,50～54歲,50,54,不相關,0.0,男,結婚,國小以下,不同性別,0
113,,11,三峽區,50～54歲,50,54,不相關,0.0,男,結婚,國小以下,相同性別,0
113,,11,三峽區,50～54歲,50,54,不相關,0.0,男,結婚,大學,不同性別,1
113,,11,三峽區,50～54歲,50,54,不相關,0.0,男,結婚,大學,相同性別,0
113,,11,三峽區,50～54歲,50,54,不相關,0.0,男,結婚,專科,不同性別,4
113,,11,三峽區,50～54歲,50,54,不相關,0.0,男,結婚,專科,相同性別,0
113,,11,三峽區,50～54歲,50,54,不相關,0.0,男,結婚,碩士,不同性別,0
113,,11,三峽區,50～54歲,50,54,不相關,0.0,男,結婚,碩士,相同性別,0
113,,11,三峽區,50～54歲,50,54,不相關,0.0,男,結婚,高中職,不同性別,13
113,,11,三峽區,50～54歲,50,54,不相關,0.0,男,結婚,高中職,相同性別,0
113,,11,三峽區,55～59歲,55,59,不相關,0.0,女,結婚,博士,不同性別,0
113,,11,三峽區,55～59歲,55,59,不相關,0.0,女,結婚,博士,相同性別,0
113,,11,三峽區,55～59歲,55,59,不相關,0.0,女,結婚,國中,不同性別,1
113,,11,三峽區,55～59歲,55,59,不相關,0.0,女,結婚,國中,相同性別,0
113,,11,三峽區,55～59歲,55,59,不相關,0.0,女,結婚,國小以下,不同性別,1
113,,11,三峽區,55～59歲,55,59,不相關,0.0,女,結婚,國小以下,相同性別,0
113,,11,三峽區,55～59歲,55,59,不相關,0.0,女,結婚,大學,不同性別,2
113,,11,三峽區,55～59歲,55,59,不相關,0.0,女,結婚,大學,相同性別,0
113,,11,三峽區,55～59歲,55,59,不相關,0.0,女,結婚,專科,不同性別,2
113,,11,三峽區,55～59歲,55,59,不相關,0.0,女,結婚,專科,相同性別,0
113,,11,三峽區,55～59歲,55,59,不相關,0.0,女,結婚,碩士,不同性別,0
113,,11,三峽區,55～59歲,55,59,不相關,0.0,女,結婚,碩士,相同性別,0
113,,11,三峽區,55～59歲,55,59,不相關,0.0,女,結婚,高中職,不同性別,4
113,,11,三峽區,55～59歲,55,59,不相關,0.0,女,結婚,高中職,相同性別,0
113,,11,三峽區,55～59歲,55,59,不相關,0.0,男,結婚,博士,不同性別,1
113,,11,三峽區,55～59歲,55,59,不相關,0.0,男,結婚,博士,相同性別,0
113,,11,三峽區,55～59歲,55,59,不相關,0.0,男,結婚,國中,不同性別,4
113,,11,三峽區,55～59歲,55,59,不相關,0.0,男,結婚,國中,相同性別,0
113,,11,三峽區,55～59歲,55,59,不相關,0.0,男,結婚,國小以下,不同性別,0
113,,11,三峽區,55～59歲,55,59,不相關,0.0,男,結婚,國小以下,相同性別,0
113,,11,三峽區,55～59歲,55,59,不相關,0.0,男,結婚,大學,不同性別,4
113,,11,三峽區,55～59歲,55,59,不相關,0.0,男,結婚,大學,相同性別,1
113,,11,三峽區,55～59歲,55,59,不相關,0.0,男,結婚,專科,不同性別,1
113,,11,三峽區,55～59歲,55,59,不相關,0.0,男,結婚,專科,相同性別,0
113,,11,三峽區,55～59歲,55,59,不相關,0.0,男,結婚,碩士,不同性別,0
113,,11,三峽區,55～59歲,55,59,不相關,0.0,男,結婚,碩士,相同性別,0
113,,11,三峽區,55～59歲,55,59,不相關,0.0,男,結婚,高中職,不同性別,6
113,,11,三峽區,55～59歲,55,59,不相關,0.0,男,結婚,高中職,相同性別,0
113,,11,三峽區,60～64歲,60,64,不相關,0.0,女,結婚,博士,不同性別,0
113,,11,三峽區,60～64歲,60,64,不相關,0.0,女,結婚,博士,相同性別,0
113,,11,三峽區,60～64歲,60,64,不相關,0.0,女,結婚,國中,不同性別,8
113,,11,三峽區,60～64歲,60,64,不相關,0.0,女,結婚,國中,相同性別,0
113,,11,三峽區,60～64歲,60,64,不相關,0.0,女,結婚,國小以下,不同性別,1
113,,11,三峽區,60～64歲,60,64,不相關,0.0,女,結婚,國小以下,相同性別,0
113,,11,三峽區,60～64歲,60,64,不相關,0.0,女,結婚,大學,不同性別,0
113,,11,三峽區,60～64歲,60,64,不相關,0.0,女,結婚,大學,相同性別,0
113,,11,三峽區,60～64歲,60,64,不相關,0.0,女,結婚,專科,不同性別,0
113,,11,三峽區,60～64歲,60,64,不相關,0.0,女,結婚,專科,相同性別,0
113,,11,三峽區,60～64歲,60,64,不相關,0.0,女,結婚,碩士,不同性別,0
113,,11,三峽區,60～64歲,60,64,不相關,0.0,女,結婚,碩士,相同性別,0
113,,11,三峽區,60～64歲,60,64,不相關,0.0,女,結婚,高中職,不同性別,0
113,,11,三峽區,60～64歲,60,64,不相關,0.0,女,結婚,高中職,相同性別,0
113,,11,三峽區,60～64歲,60,64,不相關,0.0,男,結婚,博士,不同性別,0
113,,11,三峽區,60～64歲,60,64,不相關,0.0,男,結婚,博士,相同性別,0
113,,11,三峽區,60～64歲,60,64,不相關,0.0,男,結婚,國中,不同性別,3
113,,11,三峽區,60～64歲,60,64,不相關,0.0,男,結婚,國中,相同性別,0
113,,11,三峽區,60～64歲,60,64,不相關,0.0,男,結婚,國小以下,不同性別,0
113,,11,三峽區,60～64歲,60,64,不相關,0.0,男,結婚,國小以下,相同性別,0
113,,11,三峽區,60～64歲,60,64,不相關,0.0,男,結婚,大學,不同性別,0
113,,11,三峽區,60～64歲,60,64,不相關,0.0,男,結婚,大學,相同性別,0
113,,11,三峽區,60～64歲,60,64,不相關,0.0,男,結婚,專科,不同性別,0
113,,11,三峽區,60～64歲,60,64,不相關,0.0,男,結婚,專科,相同性別,0
113,,11,三峽區,60～64歲,60,64,不相關,0.0,男,結婚,碩士,不同性別,0
113,,11,三峽區,60～64歲,60,64,不相關,0.0,男,結婚,碩士,相同性別,0
113,,11,三峽區,60～64歲,60,64,不相關,0.0,男,結婚,高中職,不同性別,4
113,,11,三峽區,60～64歲,60,64,不相關,0.0,男,結婚,高中職,相同性別,0
113,,11,三峽區,65歲以上,65,120,不相關,0.0,女,結婚,博士,不同性別,0
113,,11,三峽區,65歲以上,65,120,不相關,0.0,女,結婚,博士,相同性別,0
113,,11,三峽區,65歲以上,65,120,不相關,0.0,女,結婚,國中,不同性別,0
113,,11,三峽區,65歲以上,65,120,不相關,0.0,女,結婚,國中,相同性別,0
113,,11,三峽區,65歲以上,65,120,不相關,0.0,女,結婚,國小以下,不同性別,2
113,,11,三峽區,65歲以上,65,120,不相關,0.0,女,結婚,國小以下,相同性別,0
113,,11,三峽區,65歲以上,65,120,不相關,0.0,女,結婚,大學,不同性別,1
113,,11,三峽區,65歲以上,65,120,不相關,0.0,女,結婚,大學,相同性別,0
113,,11,三峽區,65歲以上,65,120,不相關,0.0,女,結婚,專科,不同性別,0
113,,11,三峽區,65歲以上,65,120,不相關,0.0,女,結婚,專科,相同性別,0
113,,11,三峽區,65歲以上,65,120,不相關,0.0,女,結婚,碩士,不同性別,0
113,,11,三峽區,65歲以上,65,120,不相關,0.0,女,結婚,碩士,相同性別,0
113,,11,三峽區,65歲以上,65,120,不相關,0.0,女,結婚,高中職,不同性別,1
113,,11,三峽區,65歲以上,65,120,不相關,0.0,女,結婚,高中職,相同性別,0
113,,11,三峽區,65歲以上,65,120,不相關,0.0,男,結婚,博士,不同性別,0
113,,11,三峽區,65歲以上,65,120,不相關,0.0,男,結婚,博士,相同性別,0
113,,11,三峽區,65歲以上,65,120,不相關,0.0,男,結婚,國中,不同性別,1
113,,11,三峽區,65歲以上,65,120,不相關,0.0,男,結婚,國中,相同性別,0
113,,11,三峽區,65歲以上,65,120,不相關,0.0,男,結婚,國小以下,不同性別,5
113,,11,三峽區,65歲以上,65,120,不相關,0.0,男,結婚,國小以下,相同性別,0
113,,11,三峽區,65歲以上,65,120,不相關,0.0,男,結婚,大學,不同性別,2
113,,11,三峽區,65歲以上,65,120,不相關,0.0,男,結婚,大學,相同性別,0
113,,11,三峽區,65歲以上,65,120,不相關,0.0,男,結婚,專科,不同性別,1
113,,11,三峽區,65歲以上,65,120,不相關,0.0,男,結婚,專科,相同性別,0
113,,11,三峽區,65歲以上,65,120,不相關,0.0,男,結婚,碩士,不同性別,1
113,,11,三峽區,65歲以上,65,120,不相關,0.0,男,結婚,碩士,相同性別,0
113,,11,三峽區,65歲以上,65,120,不相關,0.0,男,結婚,高中職,不同性別,6
113,,11,三峽區,65歲以上,65,120,不相關,0.0,男,結婚,高中職,相同性別,0
113,,12,淡水區,未滿15歲,0,14,不相關,0.0,女,結婚,博士,不同性別,0
113,,12,淡水區,未滿15歲,0,14,不相關,0.0,女,結婚,博士,相同性別,0
113,,12,淡水區,未滿15歲,0,14,不相關,0.0,女,結婚,國中,不同性別,0
113,,12,淡水區,未滿15歲,0,14,不相關,0.0,女,結婚,國中,相同性別,0
113,,12,淡水區,未滿15歲,0,14,不相關,0.0,女,結婚,國小以下,不同性別,0
113,,12,淡水區,未滿15歲,0,14,不相關,0.0,女,結婚,國小以下,相同性別,0
113,,12,淡水區,未滿15歲,0,14,不相關,0.0,女,結婚,大學,不同性別,0
113,,12,淡水區,未滿15歲,0,14,不相關,0.0,女,結婚,大學,相同性別,0
113,,12,淡水區,未滿15歲,0,14,不相關,0.0,女,結婚,專科,不同性別,0
113,,12,淡水區,未滿15歲,0,14,不相關,0.0,女,結婚,專科,相同性別,0
113,,12,淡水區,未滿15歲,0,14,不相關,0.0,女,結婚,碩士,不同性別,0
113,,12,淡水區,未滿15歲,0,14,不相關,0.0,女,結婚,碩士,相同性別,0
113,,12,淡水區,未滿15歲,0,14,不相關,0.0,女,結婚,高中職,不同性別,0
113,,12,淡水區,未滿15歲,0,14,不相關,0.0,女,結婚,高中職,相同性別,0
113,,12,淡水區,未滿15歲,0,14,不相關,0.0,男,結婚,博士,不同性別,0
113,,12,淡水區,未滿15歲,0,14,不相關,0.0,男,結婚,博士,相同性別,0
113,,12,淡水區,未滿15歲,0,14,不相關,0.0,男,結婚,國中,不同性別,0
113,,12,淡水區,未滿15歲,0,14,不相關,0.0,男,結婚,國中,相同性別,0
113,,12,淡水區,未滿15歲,0,14,不相關,0.0,男,結婚,國小以下,不同性別,0
113,,12,淡水區,未滿15歲,0,14,不相關,0.0,男,結婚,國小以下,相同性別,0
113,,12,淡水區,未滿15歲,0,14,不相關,0.0,男,結婚,大學,不同性別,0
113,,12,淡水區,未滿15歲,0,14,不相關,0.0,男,結婚,大學,相同性別,0
113,,12,淡水區,未滿15歲,0,14,不相關,0.0,男,結婚,專科,不同性別,0
113,,12,淡水區,未滿15歲,0,14,不相關,0.0,男,結婚,專科,相同性別,0
113,,12,淡水區,未滿15歲,0,14,不相關,0.0,男,結婚,碩士,不同性別,0
113,,12,淡水區,未滿15歲,0,14,不相關,0.0,男,結婚,碩士,相同性別,0
113,,12,淡水區,未滿15歲,0,14,不相關,0.0,男,結婚,高中職,不同性別,0
113,,12,淡水區,未滿15歲,0,14,不相關,0.0,男,結婚,高中職,相同性別,0
113,,12,淡水區,15～19歲,15,19,部分重疊,0.4,女,結婚,博士,不同性別,0
113,,12,淡水區,15～19歲,15,19,部分重疊,0.4,女,結婚,博士,相同性別,0
113,,12,淡水區,15～19歲,15,19,部分重疊,0.4,女,結婚,國中,不同性別,2
113,,12,淡水區,15～19歲,15,19,部分重疊,0.4,女,結婚,國中,相同性別,0
113,,12,淡水區,15～19歲,15,19,部分重疊,0.4,女,結婚,國小以下,不同性別,0
113,,12,淡水區,15～19歲,15,19,部分重疊,0.4,女,結婚,國小以下,相同性別,0
113,,12,淡水區,15～19歲,15,19,部分重疊,0.4,女,結婚,大學,不同性別,0
113,,12,淡水區,15～19歲,15,19,部分重疊,0.4,女,結婚,大學,相同性別,0
113,,12,淡水區,15～19歲,15,19,部分重疊,0.4,女,結婚,專科,不同性別,0
113,,12,淡水區,15～19歲,15,19,部分重疊,0.4,女,結婚,專科,相同性別,0
113,,12,淡水區,15～19歲,15,19,部分重疊,0.4,女,結婚,碩士,不同性別,0
113,,12,淡水區,15～19歲,15,19,部分重疊,0.4,女,結婚,碩士,相同性別,0
113,,12,淡水區,15～19歲,15,19,部分重疊,0.4,女,結婚,高中職,不同性別,1
113,,12,淡水區,15～19歲,15,19,部分重疊,0.4,女,結婚,高中職,相同性別,0
113,,12,淡水區,15～19歲,15,19,部分重疊,0.4,男,結婚,博士,不同性別,0
113,,12,淡水區,15～19歲,15,19,部分重疊,0.4,男,結婚,博士,相同性別,0
113,,12,淡水區,15～19歲,15,19,部分重疊,0.4,男,結婚,國中,不同性別,1
113,,12,淡水區,15～19歲,15,19,部分重疊,0.4,男,結婚,國中,相同性別,0
113,,12,淡水區,15～19歲,15,19,部分重疊,0.4,男,結婚,國小以下,不同性別,0
113,,12,淡水區,15～19歲,15,19,部分重疊,0.4,男,結婚,國小以下,相同性別,0
113,,12,淡水區,15～19歲,15,19,部分重疊,0.4,男,結婚,大學,不同性別,0
113,,12,淡水區,15～19歲,15,19,部分重疊,0.4,男,結婚,大學,相同性別,0
113,,12,淡水區,15～19歲,15,19,部分重疊,0.4,男,結婚,專科,不同性別,0
113,,12,淡水區,15～19歲,15,19,部分重疊,0.4,男,結婚,專科,相同性別,0
113,,12,淡水區,15～19歲,15,19,部分重疊,0.4,男,結婚,碩士,不同性別,0
113,,12,淡水區,15～19歲,15,19,部分重疊,0.4,男,結婚,碩士,相同性別,0
113,,12,淡水區,15～19歲,15,19,部分重疊,0.4,男,結婚,高中職,不同性別,3
113,,12,淡水區,15～19歲,15,19,部分重疊,0.4,男,結婚,高中職,相同性別,0
113,,12,淡水區,20～24歲,20,24,完全落入,1.0,女,結婚,博士,不同性別,0
113,,12,淡水區,20～24歲,20,24,完全落入,1.0,女,結婚,博士,相同性別,0
113,,12,淡水區,20～24歲,20,24,完全落入,1.0,女,結婚,國中,不同性別,20
113,,12,淡水區,20～24歲,20,24,完全落入,1.0,女,結婚,國中,相同性別,2
113,,12,淡水區,20～24歲,20,24,完全落入,1.0,女,結婚,國小以下,不同性別,0
113,,12,淡水區,20～24歲,20,24,完全落入,1.0,女,結婚,國小以下,相同性別,0
113,,12,淡水區,20～24歲,20,24,完全落入,1.0,女,結婚,大學,不同性別,28
113,,12,淡水區,20～24歲,20,24,完全落入,1.0,女,結婚,大學,相同性別,1
113,,12,淡水區,20～24歲,20,24,完全落入,1.0,女,結婚,專科,不同性別,7
113,,12,淡水區,20～24歲,20,24,完全落入,1.0,女,結婚,專科,相同性別,0
113,,12,淡水區,20～24歲,20,24,完全落入,1.0,女,結婚,碩士,不同性別,0
113,,12,淡水區,20～24歲,20,24,完全落入,1.0,女,結婚,碩士,相同性別,0
113,,12,淡水區,20～24歲,20,24,完全落入,1.0,女,結婚,高中職,不同性別,38
113,,12,淡水區,20～24歲,20,24,完全落入,1.0,女,結婚,高中職,相同性別,1
113,,12,淡水區,20～24歲,20,24,完全落入,1.0,男,結婚,博士,不同性別,0
113,,12,淡水區,20～24歲,20,24,完全落入,1.0,男,結婚,博士,相同性別,0
113,,12,淡水區,20～24歲,20,24,完全落入,1.0,男,結婚,國中,不同性別,18
113,,12,淡水區,20～24歲,20,24,完全落入,1.0,男,結婚,國中,相同性別,0
113,,12,淡水區,20～24歲,20,24,完全落入,1.0,男,結婚,國小以下,不同性別,1
113,,12,淡水區,20～24歲,20,24,完全落入,1.0,男,結婚,國小以下,相同性別,0
113,,12,淡水區,20～24歲,20,24,完全落入,1.0,男,結婚,大學,不同性別,10
113,,12,淡水區,20～24歲,20,24,完全落入,1.0,男,結婚,大學,相同性別,0
113,,12,淡水區,20～24歲,20,24,完全落入,1.0,男,結婚,專科,不同性別,2
113,,12,淡水區,20～24歲,20,24,完全落入,1.0,男,結婚,專科,相同性別,0
113,,12,淡水區,20～24歲,20,24,完全落入,1.0,男,結婚,碩士,不同性別,0
113,,12,淡水區,20～24歲,20,24,完全落入,1.0,男,結婚,碩士,相同性別,0
113,,12,淡水區,20～24歲,20,24,完全落入,1.0,男,結婚,高中職,不同性別,18
113,,12,淡水區,20～24歲,20,24,完全落入,1.0,男,結婚,高中職,相同性別,0
113,,12,淡水區,25～29歲,25,29,完全落入,1.0,女,結婚,博士,不同性別,0
113,,12,淡水區,25～29歲,25,29,完全落入,1.0,女,結婚,博士,相同性別,0
113,,12,淡水區,25～29歲,25,29,完全落入,1.0,女,結婚,國中,不同性別,15
113,,12,淡水區,25～29歲,25,29,完全落入,1.0,女,結婚,國中,相同性別,0
113,,12,淡水區,25～29歲,25,29,完全落入,1.0,女,結婚,國小以下,不同性別,1
113,,12,淡水區,25～29歲,25,29,完全落入,1.0,女,結婚,國小以下,相同性別,0
113,,12,淡水區,25～29歲,25,29,完全落入,1.0,女,結婚,大學,不同性別,218
113,,12,淡水區,25～29歲,25,29,完全落入,1.0,女,結婚,大學,相同性別,1
113,,12,淡水區,25～29歲,25,29,完全落入,1.0,女,結婚,專科,不同性別,11
113,,12,淡水區,25～29歲,25,29,完全落入,1.0,女,結婚,專科,相同性別,2
113,,12,淡水區,25～29歲,25,29,完全落入,1.0,女,結婚,碩士,不同性別,28
113,,12,淡水區,25～29歲,25,29,完全落入,1.0,女,結婚,碩士,相同性別,0
113,,12,淡水區,25～29歲,25,29,完全落入,1.0,女,結婚,高中職,不同性別,54
113,,12,淡水區,25～29歲,25,29,完全落入,1.0,女,結婚,高中職,相同性別,3
113,,12,淡水區,25～29歲,25,29,完全落入,1.0,男,結婚,博士,不同性別,1
113,,12,淡水區,25～29歲,25,29,完全落入,1.0,男,結婚,博士,相同性別,0
113,,12,淡水區,25～29歲,25,29,完全落入,1.0,男,結婚,國中,不同性別,27
113,,12,淡水區,25～29歲,25,29,完全落入,1.0,男,結婚,國中,相同性別,1
113,,12,淡水區,25～29歲,25,29,完全落入,1.0,男,結婚,國小以下,不同性別,1
113,,12,淡水區,25～29歲,25,29,完全落入,1.0,男,結婚,國小以下,相同性別,0
113,,12,淡水區,25～29歲,25,29,完全落入,1.0,男,結婚,大學,不同性別,131
113,,12,淡水區,25～29歲,25,29,完全落入,1.0,男,結婚,大學,相同性別,4
113,,12,淡水區,25～29歲,25,29,完全落入,1.0,男,結婚,專科,不同性別,10
113,,12,淡水區,25～29歲,25,29,完全落入,1.0,男,結婚,專科,相同性別,0
113,,12,淡水區,25～29歲,25,29,完全落入,1.0,男,結婚,碩士,不同性別,34
113,,12,淡水區,25～29歲,25,29,完全落入,1.0,男,結婚,碩士,相同性別,0
113,,12,淡水區,25～29歲,25,29,完全落入,1.0,男,結婚,高中職,不同性別,52
113,,12,淡水區,25～29歲,25,29,完全落入,1.0,男,結婚,高中職,相同性別,1
113,,12,淡水區,30～34歲,30,34,完全落入,1.0,女,結婚,博士,不同性別,1
113,,12,淡水區,30～34歲,30,34,完全落入,1.0,女,結婚,博士,相同性別,0
113,,12,淡水區,30～34歲,30,34,完全落入,1.0,女,結婚,國中,不同性別,19
113,,12,淡水區,30～34歲,30,34,完全落入,1.0,女,結婚,國中,相同性別,2
113,,12,淡水區,30～34歲,30,34,完全落入,1.0,女,結婚,國小以下,不同性別,1
113,,12,淡水區,30～34歲,30,34,完全落入,1.0,女,結婚,國小以下,相同性別,0
113,,12,淡水區,30～34歲,30,34,完全落入,1.0,女,結婚,大學,不同性別,213
113,,12,淡水區,30～34歲,30,34,完全落入,1.0,女,結婚,大學,相同性別,3
113,,12,淡水區,30～34歲,30,34,完全落入,1.0,女,結婚,專科,不同性別,11
113,,12,淡水區,30～34歲,30,34,完全落入,1.0,女,結婚,專科,相同性別,1
113,,12,淡水區,30～34歲,30,34,完全落入,1.0,女,結婚,碩士,不同性別,39
113,,12,淡水區,30～34歲,30,34,完全落入,1.0,女,結婚,碩士,相同性別,0
113,,12,淡水區,30～34歲,30,34,完全落入,1.0,女,結婚,高中職,不同性別,49
113,,12,淡水區,30～34歲,30,34,完全落入,1.0,女,結婚,高中職,相同性別,0
113,,12,淡水區,30～34歲,30,34,完全落入,1.0,男,結婚,博士,不同性別,5
113,,12,淡水區,30～34歲,30,34,完全落入,1.0,男,結婚,博士,相同性別,0
113,,12,淡水區,30～34歲,30,34,完全落入,1.0,男,結婚,國中,不同性別,22
113,,12,淡水區,30～34歲,30,34,完全落入,1.0,男,結婚,國中,相同性別,1
113,,12,淡水區,30～34歲,30,34,完全落入,1.0,男,結婚,國小以下,不同性別,3
113,,12,淡水區,30～34歲,30,34,完全落入,1.0,男,結婚,國小以下,相同性別,0
113,,12,淡水區,30～34歲,30,34,完全落入,1.0,男,結婚,大學,不同性別,173
113,,12,淡水區,30～34歲,30,34,完全落入,1.0,男,結婚,大學,相同性別,6
113,,12,淡水區,30～34歲,30,34,完全落入,1.0,男,結婚,專科,不同性別,12
113,,12,淡水區,30～34歲,30,34,完全落入,1.0,男,結婚,專科,相同性別,0
113,,12,淡水區,30～34歲,30,34,完全落入,1.0,男,結婚,碩士,不同性別,59
113,,12,淡水區,30～34歲,30,34,完全落入,1.0,男,結婚,碩士,相同性別,0
113,,12,淡水區,30～34歲,30,34,完全落入,1.0,男,結婚,高中職,不同性別,52
113,,12,淡水區,30～34歲,30,34,完全落入,1.0,男,結婚,高中職,相同性別,3
113,,12,淡水區,35～39歲,35,39,部分重疊,0.2,女,結婚,博士,不同性別,1
113,,12,淡水區,35～39歲,35,39,部分重疊,0.2,女,結婚,博士,相同性別,0
113,,12,淡水區,35～39歲,35,39,部分重疊,0.2,女,結婚,國中,不同性別,16
113,,12,淡水區,35～39歲,35,39,部分重疊,0.2,女,結婚,國中,相同性別,3
113,,12,淡水區,35～39歲,35,39,部分重疊,0.2,女,結婚,國小以下,不同性別,4
113,,12,淡水區,35～39歲,35,39,部分重疊,0.2,女,結婚,國小以下,相同性別,0
113,,12,淡水區,35～39歲,35,39,部分重疊,0.2,女,結婚,大學,不同性別,79
113,,12,淡水區,35～39歲,35,39,部分重疊,0.2,女,結婚,大學,相同性別,8
113,,12,淡水區,35～39歲,35,39,部分重疊,0.2,女,結婚,專科,不同性別,12
113,,12,淡水區,35～39歲,35,39,部分重疊,0.2,女,結婚,專科,相同性別,0
113,,12,淡水區,35～39歲,35,39,部分重疊,0.2,女,結婚,碩士,不同性別,17
113,,12,淡水區,35～39歲,35,39,部分重疊,0.2,女,結婚,碩士,相同性別,0
113,,12,淡水區,35～39歲,35,39,部分重疊,0.2,女,結婚,高中職,不同性別,25
113,,12,淡水區,35～39歲,35,39,部分重疊,0.2,女,結婚,高中職,相同性別,5
113,,12,淡水區,35～39歲,35,39,部分重疊,0.2,男,結婚,博士,不同性別,1
113,,12,淡水區,35～39歲,35,39,部分重疊,0.2,男,結婚,博士,相同性別,0
113,,12,淡水區,35～39歲,35,39,部分重疊,0.2,男,結婚,國中,不同性別,19
113,,12,淡水區,35～39歲,35,39,部分重疊,0.2,男,結婚,國中,相同性別,0
113,,12,淡水區,35～39歲,35,39,部分重疊,0.2,男,結婚,國小以下,不同性別,1
113,,12,淡水區,35～39歲,35,39,部分重疊,0.2,男,結婚,國小以下,相同性別,0
113,,12,淡水區,35～39歲,35,39,部分重疊,0.2,男,結婚,大學,不同性別,81
113,,12,淡水區,35～39歲,35,39,部分重疊,0.2,男,結婚,大學,相同性別,2
113,,12,淡水區,35～39歲,35,39,部分重疊,0.2,男,結婚,專科,不同性別,5
113,,12,淡水區,35～39歲,35,39,部分重疊,0.2,男,結婚,專科,相同性別,0
113,,12,淡水區,35～39歲,35,39,部分重疊,0.2,男,結婚,碩士,不同性別,34
113,,12,淡水區,35～39歲,35,39,部分重疊,0.2,男,結婚,碩士,相同性別,0
113,,12,淡水區,35～39歲,35,39,部分重疊,0.2,男,結婚,高中職,不同性別,28
113,,12,淡水區,35～39歲,35,39,部分重疊,0.2,男,結婚,高中職,相同性別,0
113,,12,淡水區,40～44歲,40,44,不相關,0.0,女,結婚,博士,不同性別,2
113,,12,淡水區,40～44歲,40,44,不相關,0.0,女,結婚,博士,相同性別,0
113,,12,淡水區,40～44歲,40,44,不相關,0.0,女,結婚,國中,不同性別,9
113,,12,淡水區,40～44歲,40,44,不相關,0.0,女,結婚,國中,相同性別,1
113,,12,淡水區,40～44歲,40,44,不相關,0.0,女,結婚,國小以下,不同性別,1
113,,12,淡水區,40～44歲,40,44,不相關,0.0,女,結婚,國小以下,相同性別,0
113,,12,淡水區,40～44歲,40,44,不相關,0.0,女,結婚,大學,不同性別,25
113,,12,淡水區,40～44歲,40,44,不相關,0.0,女,結婚,大學,相同性別,0
113,,12,淡水區,40～44歲,40,44,不相關,0.0,女,結婚,專科,不同性別,9
113,,12,淡水區,40～44歲,40,44,不相關,0.0,女,結婚,專科,相同性別,0
113,,12,淡水區,40～44歲,40,44,不相關,0.0,女,結婚,碩士,不同性別,4
113,,12,淡水區,40～44歲,40,44,不相關,0.0,女,結婚,碩士,相同性別,1
113,,12,淡水區,40～44歲,40,44,不相關,0.0,女,結婚,高中職,不同性別,15
113,,12,淡水區,40～44歲,40,44,不相關,0.0,女,結婚,高中職,相同性別,2
113,,12,淡水區,40～44歲,40,44,不相關,0.0,男,結婚,博士,不同性別,4
113,,12,淡水區,40～44歲,40,44,不相關,0.0,男,結婚,博士,相同性別,0
113,,12,淡水區,40～44歲,40,44,不相關,0.0,男,結婚,國中,不同性別,16
113,,12,淡水區,40～44歲,40,44,不相關,0.0,男,結婚,國中,相同性別,0
113,,12,淡水區,40～44歲,40,44,不相關,0.0,男,結婚,國小以下,不同性別,2
113,,12,淡水區,40～44歲,40,44,不相關,0.0,男,結婚,國小以下,相同性別,0
113,,12,淡水區,40～44歲,40,44,不相關,0.0,男,結婚,大學,不同性別,48
113,,12,淡水區,40～44歲,40,44,不相關,0.0,男,結婚,大學,相同性別,3
113,,12,淡水區,40～44歲,40,44,不相關,0.0,男,結婚,專科,不同性別,9
113,,12,淡水區,40～44歲,40,44,不相關,0.0,男,結婚,專科,相同性別,0
113,,12,淡水區,40～44歲,40,44,不相關,0.0,男,結婚,碩士,不同性別,10
113,,12,淡水區,40～44歲,40,44,不相關,0.0,男,結婚,碩士,相同性別,0
113,,12,淡水區,40～44歲,40,44,不相關,0.0,男,結婚,高中職,不同性別,28
113,,12,淡水區,40～44歲,40,44,不相關,0.0,男,結婚,高中職,相同性別,0
113,,12,淡水區,45～49歲,45,49,不相關,0.0,女,結婚,博士,不同性別,0
113,,12,淡水區,45～49歲,45,49,不相關,0.0,女,結婚,博士,相同性別,0
113,,12,淡水區,45～49歲,45,49,不相關,0.0,女,結婚,國中,不同性別,9
113,,12,淡水區,45～49歲,45,49,不相關,0.0,女,結婚,國中,相同性別,0
113,,12,淡水區,45～49歲,45,49,不相關,0.0,女,結婚,國小以下,不同性別,3
113,,12,淡水區,45～49歲,45,49,不相關,0.0,女,結婚,國小以下,相同性別,0
113,,12,淡水區,45～49歲,45,49,不相關,0.0,女,結婚,大學,不同性別,16
113,,12,淡水區,45～49歲,45,49,不相關,0.0,女,結婚,大學,相同性別,2
113,,12,淡水區,45～49歲,45,49,不相關,0.0,女,結婚,專科,不同性別,6
113,,12,淡水區,45～49歲,45,49,不相關,0.0,女,結婚,專科,相同性別,0
113,,12,淡水區,45～49歲,45,49,不相關,0.0,女,結婚,碩士,不同性別,5
113,,12,淡水區,45～49歲,45,49,不相關,0.0,女,結婚,碩士,相同性別,0
113,,12,淡水區,45～49歲,45,49,不相關,0.0,女,結婚,高中職,不同性別,10
113,,12,淡水區,45～49歲,45,49,不相關,0.0,女,結婚,高中職,相同性別,2
113,,12,淡水區,45～49歲,45,49,不相關,0.0,男,結婚,博士,不同性別,3
113,,12,淡水區,45～49歲,45,49,不相關,0.0,男,結婚,博士,相同性別,0
113,,12,淡水區,45～49歲,45,49,不相關,0.0,男,結婚,國中,不同性別,5
113,,12,淡水區,45～49歲,45,49,不相關,0.0,男,結婚,國中,相同性別,0
113,,12,淡水區,45～49歲,45,49,不相關,0.0,男,結婚,國小以下,不同性別,1
113,,12,淡水區,45～49歲,45,49,不相關,0.0,男,結婚,國小以下,相同性別,0
113,,12,淡水區,45～49歲,45,49,不相關,0.0,男,結婚,大學,不同性別,12
113,,12,淡水區,45～49歲,45,49,不相關,0.0,男,結婚,大學,相同性別,2
113,,12,淡水區,45～49歲,45,49,不相關,0.0,男,結婚,專科,不同性別,13
113,,12,淡水區,45～49歲,45,49,不相關,0.0,男,結婚,專科,相同性別,0
113,,12,淡水區,45～49歲,45,49,不相關,0.0,男,結婚,碩士,不同性別,6
113,,12,淡水區,45～49歲,45,49,不相關,0.0,男,結婚,碩士,相同性別,0
113,,12,淡水區,45～49歲,45,49,不相關,0.0,男,結婚,高中職,不同性別,16
113,,12,淡水區,45～49歲,45,49,不相關,0.0,男,結婚,高中職,相同性別,1
113,,12,淡水區,50～54歲,50,54,不相關,0.0,女,結婚,博士,不同性別,0
113,,12,淡水區,50～54歲,50,54,不相關,0.0,女,結婚,博士,相同性別,0
113,,12,淡水區,50～54歲,50,54,不相關,0.0,女,結婚,國中,不同性別,3
113,,12,淡水區,50～54歲,50,54,不相關,0.0,女,結婚,國中,相同性別,0
113,,12,淡水區,50～54歲,50,54,不相關,0.0,女,結婚,國小以下,不同性別,1
113,,12,淡水區,50～54歲,50,54,不相關,0.0,女,結婚,國小以下,相同性別,0
113,,12,淡水區,50～54歲,50,54,不相關,0.0,女,結婚,大學,不同性別,6
113,,12,淡水區,50～54歲,50,54,不相關,0.0,女,結婚,大學,相同性別,0
113,,12,淡水區,50～54歲,50,54,不相關,0.0,女,結婚,專科,不同性別,7
113,,12,淡水區,50～54歲,50,54,不相關,0.0,女,結婚,專科,相同性別,0
113,,12,淡水區,50～54歲,50,54,不相關,0.0,女,結婚,碩士,不同性別,2
113,,12,淡水區,50～54歲,50,54,不相關,0.0,女,結婚,碩士,相同性別,0
113,,12,淡水區,50～54歲,50,54,不相關,0.0,女,結婚,高中職,不同性別,9
113,,12,淡水區,50～54歲,50,54,不相關,0.0,女,結婚,高中職,相同性別,0
113,,12,淡水區,50～54歲,50,54,不相關,0.0,男,結婚,博士,不同性別,2
113,,12,淡水區,50～54歲,50,54,不相關,0.0,男,結婚,博士,相同性別,0
113,,12,淡水區,50～54歲,50,54,不相關,0.0,男,結婚,國中,不同性別,1
113,,12,淡水區,50～54歲,50,54,不相關,0.0,男,結婚,國中,相同性別,0
113,,12,淡水區,50～54歲,50,54,不相關,0.0,男,結婚,國小以下,不同性別,1
113,,12,淡水區,50～54歲,50,54,不相關,0.0,男,結婚,國小以下,相同性別,0
113,,12,淡水區,50～54歲,50,54,不相關,0.0,男,結婚,大學,不同性別,4
113,,12,淡水區,50～54歲,50,54,不相關,0.0,男,結婚,大學,相同性別,1
113,,12,淡水區,50～54歲,50,54,不相關,0.0,男,結婚,專科,不同性別,6
113,,12,淡水區,50～54歲,50,54,不相關,0.0,男,結婚,專科,相同性別,1
113,,12,淡水區,50～54歲,50,54,不相關,0.0,男,結婚,碩士,不同性別,4
113,,12,淡水區,50～54歲,50,54,不相關,0.0,男,結婚,碩士,相同性別,0
113,,12,淡水區,50～54歲,50,54,不相關,0.0,男,結婚,高中職,不同性別,19
113,,12,淡水區,50～54歲,50,54,不相關,0.0,男,結婚,高中職,相同性別,1
113,,12,淡水區,55～59歲,55,59,不相關,0.0,女,結婚,博士,不同性別,0
113,,12,淡水區,55～59歲,55,59,不相關,0.0,女,結婚,博士,相同性別,0
113,,12,淡水區,55～59歲,55,59,不相關,0.0,女,結婚,國中,不同性別,2
113,,12,淡水區,55～59歲,55,59,不相關,0.0,女,結婚,國中,相同性別,0
113,,12,淡水區,55～59歲,55,59,不相關,0.0,女,結婚,國小以下,不同性別,0
113,,12,淡水區,55～59歲,55,59,不相關,0.0,女,結婚,國小以下,相同性別,0
113,,12,淡水區,55～59歲,55,59,不相關,0.0,女,結婚,大學,不同性別,1
113,,12,淡水區,55～59歲,55,59,不相關,0.0,女,結婚,大學,相同性別,0
113,,12,淡水區,55～59歲,55,59,不相關,0.0,女,結婚,專科,不同性別,1
113,,12,淡水區,55～59歲,55,59,不相關,0.0,女,結婚,專科,相同性別,0
113,,12,淡水區,55～59歲,55,59,不相關,0.0,女,結婚,碩士,不同性別,3
113,,12,淡水區,55～59歲,55,59,不相關,0.0,女,結婚,碩士,相同性別,0
113,,12,淡水區,55～59歲,55,59,不相關,0.0,女,結婚,高中職,不同性別,9
113,,12,淡水區,55～59歲,55,59,不相關,0.0,女,結婚,高中職,相同性別,0
113,,12,淡水區,55～59歲,55,59,不相關,0.0,男,結婚,博士,不同性別,0
113,,12,淡水區,55～59歲,55,59,不相關,0.0,男,結婚,博士,相同性別,0
113,,12,淡水區,55～59歲,55,59,不相關,0.0,男,結婚,國中,不同性別,8
113,,12,淡水區,55～59歲,55,59,不相關,0.0,男,結婚,國中,相同性別,0
113,,12,淡水區,55～59歲,55,59,不相關,0.0,男,結婚,國小以下,不同性別,1
113,,12,淡水區,55～59歲,55,59,不相關,0.0,男,結婚,國小以下,相同性別,0
113,,12,淡水區,55～59歲,55,59,不相關,0.0,男,結婚,大學,不同性別,7
113,,12,淡水區,55～59歲,55,59,不相關,0.0,男,結婚,大學,相同性別,0
113,,12,淡水區,55～59歲,55,59,不相關,0.0,男,結婚,專科,不同性別,7
113,,12,淡水區,55～59歲,55,59,不相關,0.0,男,結婚,專科,相同性別,0
113,,12,淡水區,55～59歲,55,59,不相關,0.0,男,結婚,碩士,不同性別,3
113,,12,淡水區,55～59歲,55,59,不相關,0.0,男,結婚,碩士,相同性別,0
113,,12,淡水區,55～59歲,55,59,不相關,0.0,男,結婚,高中職,不同性別,11
113,,12,淡水區,55～59歲,55,59,不相關,0.0,男,結婚,高中職,相同性別,1
113,,12,淡水區,60～64歲,60,64,不相關,0.0,女,結婚,博士,不同性別,0
113,,12,淡水區,60～64歲,60,64,不相關,0.0,女,結婚,博士,相同性別,0
113,,12,淡水區,60～64歲,60,64,不相關,0.0,女,結婚,國中,不同性別,0
113,,12,淡水區,60～64歲,60,64,不相關,0.0,女,結婚,國中,相同性別,0
113,,12,淡水區,60～64歲,60,64,不相關,0.0,女,結婚,國小以下,不同性別,0
113,,12,淡水區,60～64歲,60,64,不相關,0.0,女,結婚,國小以下,相同性別,0
113,,12,淡水區,60～64歲,60,64,不相關,0.0,女,結婚,大學,不同性別,3
113,,12,淡水區,60～64歲,60,64,不相關,0.0,女,結婚,大學,相同性別,0
113,,12,淡水區,60～64歲,60,64,不相關,0.0,女,結婚,專科,不同性別,0
113,,12,淡水區,60～64歲,60,64,不相關,0.0,女,結婚,專科,相同性別,0
113,,12,淡水區,60～64歲,60,64,不相關,0.0,女,結婚,碩士,不同性別,1
113,,12,淡水區,60～64歲,60,64,不相關,0.0,女,結婚,碩士,相同性別,0
113,,12,淡水區,60～64歲,60,64,不相關,0.0,女,結婚,高中職,不同性別,3
113,,12,淡水區,60～64歲,60,64,不相關,0.0,女,結婚,高中職,相同性別,0
113,,12,淡水區,60～64歲,60,64,不相關,0.0,男,結婚,博士,不同性別,1
113,,12,淡水區,60～64歲,60,64,不相關,0.0,男,結婚,博士,相同性別,0
113,,12,淡水區,60～64歲,60,64,不相關,0.0,男,結婚,國中,不同性別,2
113,,12,淡水區,60～64歲,60,64,不相關,0.0,男,結婚,國中,相同性別,0
113,,12,淡水區,60～64歲,60,64,不相關,0.0,男,結婚,國小以下,不同性別,0
113,,12,淡水區,60～64歲,60,64,不相關,0.0,男,結婚,國小以下,相同性別,0
113,,12,淡水區,60～64歲,60,64,不相關,0.0,男,結婚,大學,不同性別,1
113,,12,淡水區,60～64歲,60,64,不相關,0.0,男,結婚,大學,相同性別,0
113,,12,淡水區,60～64歲,60,64,不相關,0.0,男,結婚,專科,不同性別,2
113,,12,淡水區,60～64歲,60,64,不相關,0.0,男,結婚,專科,相同性別,0
113,,12,淡水區,60～64歲,60,64,不相關,0.0,男,結婚,碩士,不同性別,0
113,,12,淡水區,60～64歲,60,64,不相關,0.0,男,結婚,碩士,相同性別,0
113,,12,淡水區,60～64歲,60,64,不相關,0.0,男,結婚,高中職,不同性別,5
113,,12,淡水區,60～64歲,60,64,不相關,0.0,男,結婚,高中職,相同性別,0
113,,12,淡水區,65歲以上,65,120,不相關,0.0,女,結婚,博士,不同性別,0
113,,12,淡水區,65歲以上,65,120,不相關,0.0,女,結婚,博士,相同性別,0
113,,12,淡水區,65歲以上,65,120,不相關,0.0,女,結婚,國中,不同性別,1
113,,12,淡水區,65歲以上,65,120,不相關,0.0,女,結婚,國中,相同性別,0
113,,12,淡水區,65歲以上,65,120,不相關,0.0,女,結婚,國小以下,不同性別,1
113,,12,淡水區,65歲以上,65,120,不相關,0.0,女,結婚,國小以下,相同性別,0
113,,12,淡水區,65歲以上,65,120,不相關,0.0,女,結婚,大學,不同性別,1
113,,12,淡水區,65歲以上,65,120,不相關,0.0,女,結婚,大學,相同性別,0
113,,12,淡水區,65歲以上,65,120,不相關,0.0,女,結婚,專科,不同性別,3
113,,12,淡水區,65歲以上,65,120,不相關,0.0,女,結婚,專科,相同性別,0
113,,12,淡水區,65歲以上,65,120,不相關,0.0,女,結婚,碩士,不同性別,0
113,,12,淡水區,65歲以上,65,120,不相關,0.0,女,結婚,碩士,相同性別,0
113,,12,淡水區,65歲以上,65,120,不相關,0.0,女,結婚,高中職,不同性別,6
113,,12,淡水區,65歲以上,65,120,不相關,0.0,女,結婚,高中職,相同性別,0
113,,12,淡水區,65歲以上,65,120,不相關,0.0,男,結婚,博士,不同性別,1
113,,12,淡水區,65歲以上,65,120,不相關,0.0,男,結婚,博士,相同性別,0
113,,12,淡水區,65歲以上,65,120,不相關,0.0,男,結婚,國中,不同性別,2
113,,12,淡水區,65歲以上,65,120,不相關,0.0,男,結婚,國中,相同性別,0
113,,12,淡水區,65歲以上,65,120,不相關,0.0,男,結婚,國小以下,不同性別,1
113,,12,淡水區,65歲以上,65,120,不相關,0.0,男,結婚,國小以下,相同性別,0
113,,12,淡水區,65歲以上,65,120,不相關,0.0,男,結婚,大學,不同性別,7
113,,12,淡水區,65歲以上,65,120,不相關,0.0,男,結婚,大學,相同性別,1
113,,12,淡水區,65歲以上,65,120,不相關,0.0,男,結婚,專科,不同性別,2
113,,12,淡水區,65歲以上,65,120,不相關,0.0,男,結婚,專科,相同性別,0
113,,12,淡水區,65歲以上,65,120,不相關,0.0,男,結婚,碩士,不同性別,6
113,,12,淡水區,65歲以上,65,120,不相關,0.0,男,結婚,碩士,相同性別,1
113,,12,淡水區,65歲以上,65,120,不相關,0.0,男,結婚,高中職,不同性別,6
113,,12,淡水區,65歲以上,65,120,不相關,0.0,男,結婚,高中職,相同性別,0
113,,13,汐止區,未滿15歲,0,14,不相關,0.0,女,結婚,博士,不同性別,0
113,,13,汐止區,未滿15歲,0,14,不相關,0.0,女,結婚,博士,相同性別,0
113,,13,汐止區,未滿15歲,0,14,不相關,0.0,女,結婚,國中,不同性別,0
113,,13,汐止區,未滿15歲,0,14,不相關,0.0,女,結婚,國中,相同性別,0
113,,13,汐止區,未滿15歲,0,14,不相關,0.0,女,結婚,國小以下,不同性別,0
113,,13,汐止區,未滿15歲,0,14,不相關,0.0,女,結婚,國小以下,相同性別,0
113,,13,汐止區,未滿15歲,0,14,不相關,0.0,女,結婚,大學,不同性別,0
113,,13,汐止區,未滿15歲,0,14,不相關,0.0,女,結婚,大學,相同性別,0
113,,13,汐止區,未滿15歲,0,14,不相關,0.0,女,結婚,專科,不同性別,0
113,,13,汐止區,未滿15歲,0,14,不相關,0.0,女,結婚,專科,相同性別,0
113,,13,汐止區,未滿15歲,0,14,不相關,0.0,女,結婚,碩士,不同性別,0
113,,13,汐止區,未滿15歲,0,14,不相關,0.0,女,結婚,碩士,相同性別,0
113,,13,汐止區,未滿15歲,0,14,不相關,0.0,女,結婚,高中職,不同性別,0
113,,13,汐止區,未滿15歲,0,14,不相關,0.0,女,結婚,高中職,相同性別,0
113,,13,汐止區,未滿15歲,0,14,不相關,0.0,男,結婚,博士,不同性別,0
113,,13,汐止區,未滿15歲,0,14,不相關,0.0,男,結婚,博士,相同性別,0
113,,13,汐止區,未滿15歲,0,14,不相關,0.0,男,結婚,國中,不同性別,0
113,,13,汐止區,未滿15歲,0,14,不相關,0.0,男,結婚,國中,相同性別,0
113,,13,汐止區,未滿15歲,0,14,不相關,0.0,男,結婚,國小以下,不同性別,0
113,,13,汐止區,未滿15歲,0,14,不相關,0.0,男,結婚,國小以下,相同性別,0
113,,13,汐止區,未滿15歲,0,14,不相關,0.0,男,結婚,大學,不同性別,0
113,,13,汐止區,未滿15歲,0,14,不相關,0.0,男,結婚,大學,相同性別,0
113,,13,汐止區,未滿15歲,0,14,不相關,0.0,男,結婚,專科,不同性別,0
113,,13,汐止區,未滿15歲,0,14,不相關,0.0,男,結婚,專科,相同性別,0
113,,13,汐止區,未滿15歲,0,14,不相關,0.0,男,結婚,碩士,不同性別,0
113,,13,汐止區,未滿15歲,0,14,不相關,0.0,男,結婚,碩士,相同性別,0
113,,13,汐止區,未滿15歲,0,14,不相關,0.0,男,結婚,高中職,不同性別,0
113,,13,汐止區,未滿15歲,0,14,不相關,0.0,男,結婚,高中職,相同性別,0
113,,13,汐止區,15～19歲,15,19,部分重疊,0.4,女,結婚,博士,不同性別,0
113,,13,汐止區,15～19歲,15,19,部分重疊,0.4,女,結婚,博士,相同性別,0
113,,13,汐止區,15～19歲,15,19,部分重疊,0.4,女,結婚,國中,不同性別,9
113,,13,汐止區,15～19歲,15,19,部分重疊,0.4,女,結婚,國中,相同性別,0
113,,13,汐止區,15～19歲,15,19,部分重疊,0.4,女,結婚,國小以下,不同性別,2
113,,13,汐止區,15～19歲,15,19,部分重疊,0.4,女,結婚,國小以下,相同性別,0
113,,13,汐止區,15～19歲,15,19,部分重疊,0.4,女,結婚,大學,不同性別,0
113,,13,汐止區,15～19歲,15,19,部分重疊,0.4,女,結婚,大學,相同性別,0
113,,13,汐止區,15～19歲,15,19,部分重疊,0.4,女,結婚,專科,不同性別,0
113,,13,汐止區,15～19歲,15,19,部分重疊,0.4,女,結婚,專科,相同性別,0
113,,13,汐止區,15～19歲,15,19,部分重疊,0.4,女,結婚,碩士,不同性別,0
113,,13,汐止區,15～19歲,15,19,部分重疊,0.4,女,結婚,碩士,相同性別,0
113,,13,汐止區,15～19歲,15,19,部分重疊,0.4,女,結婚,高中職,不同性別,4
113,,13,汐止區,15～19歲,15,19,部分重疊,0.4,女,結婚,高中職,相同性別,0
113,,13,汐止區,15～19歲,15,19,部分重疊,0.4,男,結婚,博士,不同性別,0
113,,13,汐止區,15～19歲,15,19,部分重疊,0.4,男,結婚,博士,相同性別,0
113,,13,汐止區,15～19歲,15,19,部分重疊,0.4,男,結婚,國中,不同性別,2
113,,13,汐止區,15～19歲,15,19,部分重疊,0.4,男,結婚,國中,相同性別,0
113,,13,汐止區,15～19歲,15,19,部分重疊,0.4,男,結婚,國小以下,不同性別,0
113,,13,汐止區,15～19歲,15,19,部分重疊,0.4,男,結婚,國小以下,相同性別,0
113,,13,汐止區,15～19歲,15,19,部分重疊,0.4,男,結婚,大學,不同性別,0
113,,13,汐止區,15～19歲,15,19,部分重疊,0.4,男,結婚,大學,相同性別,0
113,,13,汐止區,15～19歲,15,19,部分重疊,0.4,男,結婚,專科,不同性別,0
113,,13,汐止區,15～19歲,15,19,部分重疊,0.4,男,結婚,專科,相同性別,0
113,,13,汐止區,15～19歲,15,19,部分重疊,0.4,男,結婚,碩士,不同性別,0
113,,13,汐止區,15～19歲,15,19,部分重疊,0.4,男,結婚,碩士,相同性別,0
113,,13,汐止區,15～19歲,15,19,部分重疊,0.4,男,結婚,高中職,不同性別,0
113,,13,汐止區,15～19歲,15,19,部分重疊,0.4,男,結婚,高中職,相同性別,0
113,,13,汐止區,20～24歲,20,24,完全落入,1.0,女,結婚,博士,不同性別,0
113,,13,汐止區,20～24歲,20,24,完全落入,1.0,女,結婚,博士,相同性別,0
113,,13,汐止區,20～24歲,20,24,完全落入,1.0,女,結婚,國中,不同性別,17
113,,13,汐止區,20～24歲,20,24,完全落入,1.0,女,結婚,國中,相同性別,1
113,,13,汐止區,20～24歲,20,24,完全落入,1.0,女,結婚,國小以下,不同性別,0
113,,13,汐止區,20～24歲,20,24,完全落入,1.0,女,結婚,國小以下,相同性別,0
113,,13,汐止區,20～24歲,20,24,完全落入,1.0,女,結婚,大學,不同性別,16
113,,13,汐止區,20～24歲,20,24,完全落入,1.0,女,結婚,大學,相同性別,1
113,,13,汐止區,20～24歲,20,24,完全落入,1.0,女,結婚,專科,不同性別,9
113,,13,汐止區,20～24歲,20,24,完全落入,1.0,女,結婚,專科,相同性別,0
113,,13,汐止區,20～24歲,20,24,完全落入,1.0,女,結婚,碩士,不同性別,1
113,,13,汐止區,20～24歲,20,24,完全落入,1.0,女,結婚,碩士,相同性別,0
113,,13,汐止區,20～24歲,20,24,完全落入,1.0,女,結婚,高中職,不同性別,30
113,,13,汐止區,20～24歲,20,24,完全落入,1.0,女,結婚,高中職,相同性別,1
113,,13,汐止區,20～24歲,20,24,完全落入,1.0,男,結婚,博士,不同性別,0
113,,13,汐止區,20～24歲,20,24,完全落入,1.0,男,結婚,博士,相同性別,0
113,,13,汐止區,20～24歲,20,24,完全落入,1.0,男,結婚,國中,不同性別,15
113,,13,汐止區,20～24歲,20,24,完全落入,1.0,男,結婚,國中,相同性別,0
113,,13,汐止區,20～24歲,20,24,完全落入,1.0,男,結婚,國小以下,不同性別,0
113,,13,汐止區,20～24歲,20,24,完全落入,1.0,男,結婚,國小以下,相同性別,0
113,,13,汐止區,20～24歲,20,24,完全落入,1.0,男,結婚,大學,不同性別,11
113,,13,汐止區,20～24歲,20,24,完全落入,1.0,男,結婚,大學,相同性別,0
113,,13,汐止區,20～24歲,20,24,完全落入,1.0,男,結婚,專科,不同性別,2
113,,13,汐止區,20～24歲,20,24,完全落入,1.0,男,結婚,專科,相同性別,0
113,,13,汐止區,20～24歲,20,24,完全落入,1.0,男,結婚,碩士,不同性別,1
113,,13,汐止區,20～24歲,20,24,完全落入,1.0,男,結婚,碩士,相同性別,0
113,,13,汐止區,20～24歲,20,24,完全落入,1.0,男,結婚,高中職,不同性別,12
113,,13,汐止區,20～24歲,20,24,完全落入,1.0,男,結婚,高中職,相同性別,0
113,,13,汐止區,25～29歲,25,29,完全落入,1.0,女,結婚,博士,不同性別,0
113,,13,汐止區,25～29歲,25,29,完全落入,1.0,女,結婚,博士,相同性別,0
113,,13,汐止區,25～29歲,25,29,完全落入,1.0,女,結婚,國中,不同性別,12
113,,13,汐止區,25～29歲,25,29,完全落入,1.0,女,結婚,國中,相同性別,2
113,,13,汐止區,25～29歲,25,29,完全落入,1.0,女,結婚,國小以下,不同性別,2
113,,13,汐止區,25～29歲,25,29,完全落入,1.0,女,結婚,國小以下,相同性別,0
113,,13,汐止區,25～29歲,25,29,完全落入,1.0,女,結婚,大學,不同性別,176
113,,13,汐止區,25～29歲,25,29,完全落入,1.0,女,結婚,大學,相同性別,9
113,,13,汐止區,25～29歲,25,29,完全落入,1.0,女,結婚,專科,不同性別,17
113,,13,汐止區,25～29歲,25,29,完全落入,1.0,女,結婚,專科,相同性別,0
113,,13,汐止區,25～29歲,25,29,完全落入,1.0,女,結婚,碩士,不同性別,23
113,,13,汐止區,25～29歲,25,29,完全落入,1.0,女,結婚,碩士,相同性別,0
113,,13,汐止區,25～29歲,25,29,完全落入,1.0,女,結婚,高中職,不同性別,47
113,,13,汐止區,25～29歲,25,29,完全落入,1.0,女,結婚,高中職,相同性別,4
113,,13,汐止區,25～29歲,25,29,完全落入,1.0,男,結婚,博士,不同性別,1
113,,13,汐止區,25～29歲,25,29,完全落入,1.0,男,結婚,博士,相同性別,0
113,,13,汐止區,25～29歲,25,29,完全落入,1.0,男,結婚,國中,不同性別,17
113,,13,汐止區,25～29歲,25,29,完全落入,1.0,男,結婚,國中,相同性別,0
113,,13,汐止區,25～29歲,25,29,完全落入,1.0,男,結婚,國小以下,不同性別,0
113,,13,汐止區,25～29歲,25,29,完全落入,1.0,男,結婚,國小以下,相同性別,0
113,,13,汐止區,25～29歲,25,29,完全落入,1.0,男,結婚,大學,不同性別,102
113,,13,汐止區,25～29歲,25,29,完全落入,1.0,男,結婚,大學,相同性別,0
113,,13,汐止區,25～29歲,25,29,完全落入,1.0,男,結婚,專科,不同性別,7
113,,13,汐止區,25～29歲,25,29,完全落入,1.0,男,結婚,專科,相同性別,0
113,,13,汐止區,25～29歲,25,29,完全落入,1.0,男,結婚,碩士,不同性別,16
113,,13,汐止區,25～29歲,25,29,完全落入,1.0,男,結婚,碩士,相同性別,0
113,,13,汐止區,25～29歲,25,29,完全落入,1.0,男,結婚,高中職,不同性別,51
113,,13,汐止區,25～29歲,25,29,完全落入,1.0,男,結婚,高中職,相同性別,0
113,,13,汐止區,30～34歲,30,34,完全落入,1.0,女,結婚,博士,不同性別,1
113,,13,汐止區,30～34歲,30,34,完全落入,1.0,女,結婚,博士,相同性別,0
113,,13,汐止區,30～34歲,30,34,完全落入,1.0,女,結婚,國中,不同性別,9
113,,13,汐止區,30～34歲,30,34,完全落入,1.0,女,結婚,國中,相同性別,2
113,,13,汐止區,30～34歲,30,34,完全落入,1.0,女,結婚,國小以下,不同性別,1
113,,13,汐止區,30～34歲,30,34,完全落入,1.0,女,結婚,國小以下,相同性別,0
113,,13,汐止區,30～34歲,30,34,完全落入,1.0,女,結婚,大學,不同性別,224
113,,13,汐止區,30～34歲,30,34,完全落入,1.0,女,結婚,大學,相同性別,6
113,,13,汐止區,30～34歲,30,34,完全落入,1.0,女,結婚,專科,不同性別,11
113,,13,汐止區,30～34歲,30,34,完全落入,1.0,女,結婚,專科,相同性別,1
113,,13,汐止區,30～34歲,30,34,完全落入,1.0,女,結婚,碩士,不同性別,45
113,,13,汐止區,30～34歲,30,34,完全落入,1.0,女,結婚,碩士,相同性別,1
113,,13,汐止區,30～34歲,30,34,完全落入,1.0,女,結婚,高中職,不同性別,60
113,,13,汐止區,30～34歲,30,34,完全落入,1.0,女,結婚,高中職,相同性別,1
113,,13,汐止區,30～34歲,30,34,完全落入,1.0,男,結婚,博士,不同性別,2
113,,13,汐止區,30～34歲,30,34,完全落入,1.0,男,結婚,博士,相同性別,1
113,,13,汐止區,30～34歲,30,34,完全落入,1.0,男,結婚,國中,不同性別,20
113,,13,汐止區,30～34歲,30,34,完全落入,1.0,男,結婚,國中,相同性別,1
113,,13,汐止區,30～34歲,30,34,完全落入,1.0,男,結婚,國小以下,不同性別,1
113,,13,汐止區,30～34歲,30,34,完全落入,1.0,男,結婚,國小以下,相同性別,0
113,,13,汐止區,30～34歲,30,34,完全落入,1.0,男,結婚,大學,不同性別,178
113,,13,汐止區,30～34歲,30,34,完全落入,1.0,男,結婚,大學,相同性別,4
113,,13,汐止區,30～34歲,30,34,完全落入,1.0,男,結婚,專科,不同性別,9
113,,13,汐止區,30～34歲,30,34,完全落入,1.0,男,結婚,專科,相同性別,0
113,,13,汐止區,30～34歲,30,34,完全落入,1.0,男,結婚,碩士,不同性別,73
113,,13,汐止區,30～34歲,30,34,完全落入,1.0,男,結婚,碩士,相同性別,1
113,,13,汐止區,30～34歲,30,34,完全落入,1.0,男,結婚,高中職,不同性別,60
113,,13,汐止區,30～34歲,30,34,完全落入,1.0,男,結婚,高中職,相同性別,1
113,,13,汐止區,35～39歲,35,39,部分重疊,0.2,女,結婚,博士,不同性別,2
113,,13,汐止區,35～39歲,35,39,部分重疊,0.2,女,結婚,博士,相同性別,0
113,,13,汐止區,35～39歲,35,39,部分重疊,0.2,女,結婚,國中,不同性別,12
113,,13,汐止區,35～39歲,35,39,部分重疊,0.2,女,結婚,國中,相同性別,0
113,,13,汐止區,35～39歲,35,39,部分重疊,0.2,女,結婚,國小以下,不同性別,2
113,,13,汐止區,35～39歲,35,39,部分重疊,0.2,女,結婚,國小以下,相同性別,0
113,,13,汐止區,35～39歲,35,39,部分重疊,0.2,女,結婚,大學,不同性別,56
113,,13,汐止區,35～39歲,35,39,部分重疊,0.2,女,結婚,大學,相同性別,2
113,,13,汐止區,35～39歲,35,39,部分重疊,0.2,女,結婚,專科,不同性別,8
113,,13,汐止區,35～39歲,35,39,部分重疊,0.2,女,結婚,專科,相同性別,0
113,,13,汐止區,35～39歲,35,39,部分重疊,0.2,女,結婚,碩士,不同性別,17
113,,13,汐止區,35～39歲,35,39,部分重疊,0.2,女,結婚,碩士,相同性別,4
113,,13,汐止區,35～39歲,35,39,部分重疊,0.2,女,結婚,高中職,不同性別,27
113,,13,汐止區,35～39歲,35,39,部分重疊,0.2,女,結婚,高中職,相同性別,1
113,,13,汐止區,35～39歲,35,39,部分重疊,0.2,男,結婚,博士,不同性別,3
113,,13,汐止區,35～39歲,35,39,部分重疊,0.2,男,結婚,博士,相同性別,0
113,,13,汐止區,35～39歲,35,39,部分重疊,0.2,男,結婚,國中,不同性別,10
113,,13,汐止區,35～39歲,35,39,部分重疊,0.2,男,結婚,國中,相同性別,0
113,,13,汐止區,35～39歲,35,39,部分重疊,0.2,男,結婚,國小以下,不同性別,1
113,,13,汐止區,35～39歲,35,39,部分重疊,0.2,男,結婚,國小以下,相同性別,0
113,,13,汐止區,35～39歲,35,39,部分重疊,0.2,男,結婚,大學,不同性別,91
113,,13,汐止區,35～39歲,35,39,部分重疊,0.2,男,結婚,大學,相同性別,2
113,,13,汐止區,35～39歲,35,39,部分重疊,0.2,男,結婚,專科,不同性別,11
113,,13,汐止區,35～39歲,35,39,部分重疊,0.2,男,結婚,專科,相同性別,0
113,,13,汐止區,35～39歲,35,39,部分重疊,0.2,男,結婚,碩士,不同性別,39
113,,13,汐止區,35～39歲,35,39,部分重疊,0.2,男,結婚,碩士,相同性別,1
113,,13,汐止區,35～39歲,35,39,部分重疊,0.2,男,結婚,高中職,不同性別,31
113,,13,汐止區,35～39歲,35,39,部分重疊,0.2,男,結婚,高中職,相同性別,0
113,,13,汐止區,40～44歲,40,44,不相關,0.0,女,結婚,博士,不同性別,0
113,,13,汐止區,40～44歲,40,44,不相關,0.0,女,結婚,博士,相同性別,0
113,,13,汐止區,40～44歲,40,44,不相關,0.0,女,結婚,國中,不同性別,14
113,,13,汐止區,40～44歲,40,44,不相關,0.0,女,結婚,國中,相同性別,0
113,,13,汐止區,40～44歲,40,44,不相關,0.0,女,結婚,國小以下,不同性別,5
113,,13,汐止區,40～44歲,40,44,不相關,0.0,女,結婚,國小以下,相同性別,0
113,,13,汐止區,40～44歲,40,44,不相關,0.0,女,結婚,大學,不同性別,27
113,,13,汐止區,40～44歲,40,44,不相關,0.0,女,結婚,大學,相同性別,5
113,,13,汐止區,40～44歲,40,44,不相關,0.0,女,結婚,專科,不同性別,11
113,,13,汐止區,40～44歲,40,44,不相關,0.0,女,結婚,專科,相同性別,0
113,,13,汐止區,40～44歲,40,44,不相關,0.0,女,結婚,碩士,不同性別,9
113,,13,汐止區,40～44歲,40,44,不相關,0.0,女,結婚,碩士,相同性別,1
113,,13,汐止區,40～44歲,40,44,不相關,0.0,女,結婚,高中職,不同性別,21
113,,13,汐止區,40～44歲,40,44,不相關,0.0,女,結婚,高中職,相同性別,0
113,,13,汐止區,40～44歲,40,44,不相關,0.0,男,結婚,博士,不同性別,2
113,,13,汐止區,40～44歲,40,44,不相關,0.0,男,結婚,博士,相同性別,0
113,,13,汐止區,40～44歲,40,44,不相關,0.0,男,結婚,國中,不同性別,17
113,,13,汐止區,40～44歲,40,44,不相關,0.0,男,結婚,國中,相同性別,0
113,,13,汐止區,40～44歲,40,44,不相關,0.0,男,結婚,國小以下,不同性別,2
113,,13,汐止區,40～44歲,40,44,不相關,0.0,男,結婚,國小以下,相同性別,0
113,,13,汐止區,40～44歲,40,44,不相關,0.0,男,結婚,大學,不同性別,46
113,,13,汐止區,40～44歲,40,44,不相關,0.0,男,結婚,大學,相同性別,0
113,,13,汐止區,40～44歲,40,44,不相關,0.0,男,結婚,專科,不同性別,11
113,,13,汐止區,40～44歲,40,44,不相關,0.0,男,結婚,專科,相同性別,1
113,,13,汐止區,40～44歲,40,44,不相關,0.0,男,結婚,碩士,不同性別,18
113,,13,汐止區,40～44歲,40,44,不相關,0.0,男,結婚,碩士,相同性別,0
113,,13,汐止區,40～44歲,40,44,不相關,0.0,男,結婚,高中職,不同性別,18
113,,13,汐止區,40～44歲,40,44,不相關,0.0,男,結婚,高中職,相同性別,0
113,,13,汐止區,45～49歲,45,49,不相關,0.0,女,結婚,博士,不同性別,0
113,,13,汐止區,45～49歲,45,49,不相關,0.0,女,結婚,博士,相同性別,0
113,,13,汐止區,45～49歲,45,49,不相關,0.0,女,結婚,國中,不同性別,4
113,,13,汐止區,45～49歲,45,49,不相關,0.0,女,結婚,國中,相同性別,0
113,,13,汐止區,45～49歲,45,49,不相關,0.0,女,結婚,國小以下,不同性別,3
113,,13,汐止區,45～49歲,45,49,不相關,0.0,女,結婚,國小以下,相同性別,0
113,,13,汐止區,45～49歲,45,49,不相關,0.0,女,結婚,大學,不同性別,11
113,,13,汐止區,45～49歲,45,49,不相關,0.0,女,結婚,大學,相同性別,0
113,,13,汐止區,45～49歲,45,49,不相關,0.0,女,結婚,專科,不同性別,1
113,,13,汐止區,45～49歲,45,49,不相關,0.0,女,結婚,專科,相同性別,1
113,,13,汐止區,45～49歲,45,49,不相關,0.0,女,結婚,碩士,不同性別,1
113,,13,汐止區,45～49歲,45,49,不相關,0.0,女,結婚,碩士,相同性別,1
113,,13,汐止區,45～49歲,45,49,不相關,0.0,女,結婚,高中職,不同性別,19
113,,13,汐止區,45～49歲,45,49,不相關,0.0,女,結婚,高中職,相同性別,0
113,,13,汐止區,45～49歲,45,49,不相關,0.0,男,結婚,博士,不同性別,1
113,,13,汐止區,45～49歲,45,49,不相關,0.0,男,結婚,博士,相同性別,0
113,,13,汐止區,45～49歲,45,49,不相關,0.0,男,結婚,國中,不同性別,6
113,,13,汐止區,45～49歲,45,49,不相關,0.0,男,結婚,國中,相同性別,0
113,,13,汐止區,45～49歲,45,49,不相關,0.0,男,結婚,國小以下,不同性別,0
113,,13,汐止區,45～49歲,45,49,不相關,0.0,男,結婚,國小以下,相同性別,0
113,,13,汐止區,45～49歲,45,49,不相關,0.0,男,結婚,大學,不同性別,5
113,,13,汐止區,45～49歲,45,49,不相關,0.0,男,結婚,大學,相同性別,0
113,,13,汐止區,45～49歲,45,49,不相關,0.0,男,結婚,專科,不同性別,10
113,,13,汐止區,45～49歲,45,49,不相關,0.0,男,結婚,專科,相同性別,0
113,,13,汐止區,45～49歲,45,49,不相關,0.0,男,結婚,碩士,不同性別,4
113,,13,汐止區,45～49歲,45,49,不相關,0.0,男,結婚,碩士,相同性別,2
113,,13,汐止區,45～49歲,45,49,不相關,0.0,男,結婚,高中職,不同性別,17
113,,13,汐止區,45～49歲,45,49,不相關,0.0,男,結婚,高中職,相同性別,0
113,,13,汐止區,50～54歲,50,54,不相關,0.0,女,結婚,博士,不同性別,1
113,,13,汐止區,50～54歲,50,54,不相關,0.0,女,結婚,博士,相同性別,0
113,,13,汐止區,50～54歲,50,54,不相關,0.0,女,結婚,國中,不同性別,2
113,,13,汐止區,50～54歲,50,54,不相關,0.0,女,結婚,國中,相同性別,0
113,,13,汐止區,50～54歲,50,54,不相關,0.0,女,結婚,國小以下,不同性別,0
113,,13,汐止區,50～54歲,50,54,不相關,0.0,女,結婚,國小以下,相同性別,0
113,,13,汐止區,50～54歲,50,54,不相關,0.0,女,結婚,大學,不同性別,7
113,,13,汐止區,50～54歲,50,54,不相關,0.0,女,結婚,大學,相同性別,0
113,,13,汐止區,50～54歲,50,54,不相關,0.0,女,結婚,專科,不同性別,1
113,,13,汐止區,50～54歲,50,54,不相關,0.0,女,結婚,專科,相同性別,0
113,,13,汐止區,50～54歲,50,54,不相關,0.0,女,結婚,碩士,不同性別,2
113,,13,汐止區,50～54歲,50,54,不相關,0.0,女,結婚,碩士,相同性別,1
113,,13,汐止區,50～54歲,50,54,不相關,0.0,女,結婚,高中職,不同性別,9
113,,13,汐止區,50～54歲,50,54,不相關,0.0,女,結婚,高中職,相同性別,2
113,,13,汐止區,50～54歲,50,54,不相關,0.0,男,結婚,博士,不同性別,1
113,,13,汐止區,50～54歲,50,54,不相關,0.0,男,結婚,博士,相同性別,0
113,,13,汐止區,50～54歲,50,54,不相關,0.0,男,結婚,國中,不同性別,4
113,,13,汐止區,50～54歲,50,54,不相關,0.0,男,結婚,國中,相同性別,0
113,,13,汐止區,50～54歲,50,54,不相關,0.0,男,結婚,國小以下,不同性別,0
113,,13,汐止區,50～54歲,50,54,不相關,0.0,男,結婚,國小以下,相同性別,0
113,,13,汐止區,50～54歲,50,54,不相關,0.0,男,結婚,大學,不同性別,6
113,,13,汐止區,50～54歲,50,54,不相關,0.0,男,結婚,大學,相同性別,1
113,,13,汐止區,50～54歲,50,54,不相關,0.0,男,結婚,專科,不同性別,11
113,,13,汐止區,50～54歲,50,54,不相關,0.0,男,結婚,專科,相同性別,0
113,,13,汐止區,50～54歲,50,54,不相關,0.0,男,結婚,碩士,不同性別,5
113,,13,汐止區,50～54歲,50,54,不相關,0.0,男,結婚,碩士,相同性別,0
113,,13,汐止區,50～54歲,50,54,不相關,0.0,男,結婚,高中職,不同性別,10
113,,13,汐止區,50～54歲,50,54,不相關,0.0,男,結婚,高中職,相同性別,0
113,,13,汐止區,55～59歲,55,59,不相關,0.0,女,結婚,博士,不同性別,0
113,,13,汐止區,55～59歲,55,59,不相關,0.0,女,結婚,博士,相同性別,0
113,,13,汐止區,55～59歲,55,59,不相關,0.0,女,結婚,國中,不同性別,1
113,,13,汐止區,55～59歲,55,59,不相關,0.0,女,結婚,國中,相同性別,0
113,,13,汐止區,55～59歲,55,59,不相關,0.0,女,結婚,國小以下,不同性別,0
113,,13,汐止區,55～59歲,55,59,不相關,0.0,女,結婚,國小以下,相同性別,0
113,,13,汐止區,55～59歲,55,59,不相關,0.0,女,結婚,大學,不同性別,3
113,,13,汐止區,55～59歲,55,59,不相關,0.0,女,結婚,大學,相同性別,0
113,,13,汐止區,55～59歲,55,59,不相關,0.0,女,結婚,專科,不同性別,5
113,,13,汐止區,55～59歲,55,59,不相關,0.0,女,結婚,專科,相同性別,0
113,,13,汐止區,55～59歲,55,59,不相關,0.0,女,結婚,碩士,不同性別,1
113,,13,汐止區,55～59歲,55,59,不相關,0.0,女,結婚,碩士,相同性別,0
113,,13,汐止區,55～59歲,55,59,不相關,0.0,女,結婚,高中職,不同性別,9
113,,13,汐止區,55～59歲,55,59,不相關,0.0,女,結婚,高中職,相同性別,1
113,,13,汐止區,55～59歲,55,59,不相關,0.0,男,結婚,博士,不同性別,0
113,,13,汐止區,55～59歲,55,59,不相關,0.0,男,結婚,博士,相同性別,0
113,,13,汐止區,55～59歲,55,59,不相關,0.0,男,結婚,國中,不同性別,4
113,,13,汐止區,55～59歲,55,59,不相關,0.0,男,結婚,國中,相同性別,0
113,,13,汐止區,55～59歲,55,59,不相關,0.0,男,結婚,國小以下,不同性別,0
113,,13,汐止區,55～59歲,55,59,不相關,0.0,男,結婚,國小以下,相同性別,0
113,,13,汐止區,55～59歲,55,59,不相關,0.0,男,結婚,大學,不同性別,4
113,,13,汐止區,55～59歲,55,59,不相關,0.0,男,結婚,大學,相同性別,0
113,,13,汐止區,55～59歲,55,59,不相關,0.0,男,結婚,專科,不同性別,4
113,,13,汐止區,55～59歲,55,59,不相關,0.0,男,結婚,專科,相同性別,0
113,,13,汐止區,55～59歲,55,59,不相關,0.0,男,結婚,碩士,不同性別,0
113,,13,汐止區,55～59歲,55,59,不相關,0.0,男,結婚,碩士,相同性別,0
113,,13,汐止區,55～59歲,55,59,不相關,0.0,男,結婚,高中職,不同性別,13
113,,13,汐止區,55～59歲,55,59,不相關,0.0,男,結婚,高中職,相同性別,0
113,,13,汐止區,60～64歲,60,64,不相關,0.0,女,結婚,博士,不同性別,0
113,,13,汐止區,60～64歲,60,64,不相關,0.0,女,結婚,博士,相同性別,0
113,,13,汐止區,60～64歲,60,64,不相關,0.0,女,結婚,國中,不同性別,1
113,,13,汐止區,60～64歲,60,64,不相關,0.0,女,結婚,國中,相同性別,0
113,,13,汐止區,60～64歲,60,64,不相關,0.0,女,結婚,國小以下,不同性別,1
113,,13,汐止區,60～64歲,60,64,不相關,0.0,女,結婚,國小以下,相同性別,0
113,,13,汐止區,60～64歲,60,64,不相關,0.0,女,結婚,大學,不同性別,2
113,,13,汐止區,60～64歲,60,64,不相關,0.0,女,結婚,大學,相同性別,0
113,,13,汐止區,60～64歲,60,64,不相關,0.0,女,結婚,專科,不同性別,0
113,,13,汐止區,60～64歲,60,64,不相關,0.0,女,結婚,專科,相同性別,0
113,,13,汐止區,60～64歲,60,64,不相關,0.0,女,結婚,碩士,不同性別,0
113,,13,汐止區,60～64歲,60,64,不相關,0.0,女,結婚,碩士,相同性別,0
113,,13,汐止區,60～64歲,60,64,不相關,0.0,女,結婚,高中職,不同性別,4
113,,13,汐止區,60～64歲,60,64,不相關,0.0,女,結婚,高中職,相同性別,0
113,,13,汐止區,60～64歲,60,64,不相關,0.0,男,結婚,博士,不同性別,0
113,,13,汐止區,60～64歲,60,64,不相關,0.0,男,結婚,博士,相同性別,0
113,,13,汐止區,60～64歲,60,64,不相關,0.0,男,結婚,國中,不同性別,3
113,,13,汐止區,60～64歲,60,64,不相關,0.0,男,結婚,國中,相同性別,0
113,,13,汐止區,60～64歲,60,64,不相關,0.0,男,結婚,國小以下,不同性別,0
113,,13,汐止區,60～64歲,60,64,不相關,0.0,男,結婚,國小以下,相同性別,0
113,,13,汐止區,60～64歲,60,64,不相關,0.0,男,結婚,大學,不同性別,2
113,,13,汐止區,60～64歲,60,64,不相關,0.0,男,結婚,大學,相同性別,1
113,,13,汐止區,60～64歲,60,64,不相關,0.0,男,結婚,專科,不同性別,3
113,,13,汐止區,60～64歲,60,64,不相關,0.0,男,結婚,專科,相同性別,0
113,,13,汐止區,60～64歲,60,64,不相關,0.0,男,結婚,碩士,不同性別,1
113,,13,汐止區,60～64歲,60,64,不相關,0.0,男,結婚,碩士,相同性別,0
113,,13,汐止區,60～64歲,60,64,不相關,0.0,男,結婚,高中職,不同性別,4
113,,13,汐止區,60～64歲,60,64,不相關,0.0,男,結婚,高中職,相同性別,0
113,,13,汐止區,65歲以上,65,120,不相關,0.0,女,結婚,博士,不同性別,0
113,,13,汐止區,65歲以上,65,120,不相關,0.0,女,結婚,博士,相同性別,0
113,,13,汐止區,65歲以上,65,120,不相關,0.0,女,結婚,國中,不同性別,3
113,,13,汐止區,65歲以上,65,120,不相關,0.0,女,結婚,國中,相同性別,0
113,,13,汐止區,65歲以上,65,120,不相關,0.0,女,結婚,國小以下,不同性別,3
113,,13,汐止區,65歲以上,65,120,不相關,0.0,女,結婚,國小以下,相同性別,0
113,,13,汐止區,65歲以上,65,120,不相關,0.0,女,結婚,大學,不同性別,2
113,,13,汐止區,65歲以上,65,120,不相關,0.0,女,結婚,大學,相同性別,0
113,,13,汐止區,65歲以上,65,120,不相關,0.0,女,結婚,專科,不同性別,0
113,,13,汐止區,65歲以上,65,120,不相關,0.0,女,結婚,專科,相同性別,0
113,,13,汐止區,65歲以上,65,120,不相關,0.0,女,結婚,碩士,不同性別,1
113,,13,汐止區,65歲以上,65,120,不相關,0.0,女,結婚,碩士,相同性別,0
113,,13,汐止區,65歲以上,65,120,不相關,0.0,女,結婚,高中職,不同性別,3
113,,13,汐止區,65歲以上,65,120,不相關,0.0,女,結婚,高中職,相同性別,0
113,,13,汐止區,65歲以上,65,120,不相關,0.0,男,結婚,博士,不同性別,0
113,,13,汐止區,65歲以上,65,120,不相關,0.0,男,結婚,博士,相同性別,0
113,,13,汐止區,65歲以上,65,120,不相關,0.0,男,結婚,國中,不同性別,5
113,,13,汐止區,65歲以上,65,120,不相關,0.0,男,結婚,國中,相同性別,0
113,,13,汐止區,65歲以上,65,120,不相關,0.0,男,結婚,國小以下,不同性別,3
113,,13,汐止區,65歲以上,65,120,不相關,0.0,男,結婚,國小以下,相同性別,0
113,,13,汐止區,65歲以上,65,120,不相關,0.0,男,結婚,大學,不同性別,5
113,,13,汐止區,65歲以上,65,120,不相關,0.0,男,結婚,大學,相同性別,0
113,,13,汐止區,65歲以上,65,120,不相關,0.0,男,結婚,專科,不同性別,5
113,,13,汐止區,65歲以上,65,120,不相關,0.0,男,結婚,專科,相同性別,0
113,,13,汐止區,65歲以上,65,120,不相關,0.0,男,結婚,碩士,不同性別,3
113,,13,汐止區,65歲以上,65,120,不相關,0.0,男,結婚,碩士,相同性別,0
113,,13,汐止區,65歲以上,65,120,不相關,0.0,男,結婚,高中職,不同性別,8
113,,13,汐止區,65歲以上,65,120,不相關,0.0,男,結婚,高中職,相同性別,0
113,,14,瑞芳區,未滿15歲,0,14,不相關,0.0,女,結婚,博士,不同性別,0
113,,14,瑞芳區,未滿15歲,0,14,不相關,0.0,女,結婚,博士,相同性別,0
113,,14,瑞芳區,未滿15歲,0,14,不相關,0.0,女,結婚,國中,不同性別,0
113,,14,瑞芳區,未滿15歲,0,14,不相關,0.0,女,結婚,國中,相同性別,0
113,,14,瑞芳區,未滿15歲,0,14,不相關,0.0,女,結婚,國小以下,不同性別,0
113,,14,瑞芳區,未滿15歲,0,14,不相關,0.0,女,結婚,國小以下,相同性別,0
113,,14,瑞芳區,未滿15歲,0,14,不相關,0.0,女,結婚,大學,不同性別,0
113,,14,瑞芳區,未滿15歲,0,14,不相關,0.0,女,結婚,大學,相同性別,0
113,,14,瑞芳區,未滿15歲,0,14,不相關,0.0,女,結婚,專科,不同性別,0
113,,14,瑞芳區,未滿15歲,0,14,不相關,0.0,女,結婚,專科,相同性別,0
113,,14,瑞芳區,未滿15歲,0,14,不相關,0.0,女,結婚,碩士,不同性別,0
113,,14,瑞芳區,未滿15歲,0,14,不相關,0.0,女,結婚,碩士,相同性別,0
113,,14,瑞芳區,未滿15歲,0,14,不相關,0.0,女,結婚,高中職,不同性別,0
113,,14,瑞芳區,未滿15歲,0,14,不相關,0.0,女,結婚,高中職,相同性別,0
113,,14,瑞芳區,未滿15歲,0,14,不相關,0.0,男,結婚,博士,不同性別,0
113,,14,瑞芳區,未滿15歲,0,14,不相關,0.0,男,結婚,博士,相同性別,0
113,,14,瑞芳區,未滿15歲,0,14,不相關,0.0,男,結婚,國中,不同性別,0
113,,14,瑞芳區,未滿15歲,0,14,不相關,0.0,男,結婚,國中,相同性別,0
113,,14,瑞芳區,未滿15歲,0,14,不相關,0.0,男,結婚,國小以下,不同性別,0
113,,14,瑞芳區,未滿15歲,0,14,不相關,0.0,男,結婚,國小以下,相同性別,0
113,,14,瑞芳區,未滿15歲,0,14,不相關,0.0,男,結婚,大學,不同性別,0
113,,14,瑞芳區,未滿15歲,0,14,不相關,0.0,男,結婚,大學,相同性別,0
113,,14,瑞芳區,未滿15歲,0,14,不相關,0.0,男,結婚,專科,不同性別,0
113,,14,瑞芳區,未滿15歲,0,14,不相關,0.0,男,結婚,專科,相同性別,0
113,,14,瑞芳區,未滿15歲,0,14,不相關,0.0,男,結婚,碩士,不同性別,0
113,,14,瑞芳區,未滿15歲,0,14,不相關,0.0,男,結婚,碩士,相同性別,0
113,,14,瑞芳區,未滿15歲,0,14,不相關,0.0,男,結婚,高中職,不同性別,0
113,,14,瑞芳區,未滿15歲,0,14,不相關,0.0,男,結婚,高中職,相同性別,0
113,,14,瑞芳區,15～19歲,15,19,部分重疊,0.4,女,結婚,博士,不同性別,0
113,,14,瑞芳區,15～19歲,15,19,部分重疊,0.4,女,結婚,博士,相同性別,0
113,,14,瑞芳區,15～19歲,15,19,部分重疊,0.4,女,結婚,國中,不同性別,2
113,,14,瑞芳區,15～19歲,15,19,部分重疊,0.4,女,結婚,國中,相同性別,1
113,,14,瑞芳區,15～19歲,15,19,部分重疊,0.4,女,結婚,國小以下,不同性別,0
113,,14,瑞芳區,15～19歲,15,19,部分重疊,0.4,女,結婚,國小以下,相同性別,0
113,,14,瑞芳區,15～19歲,15,19,部分重疊,0.4,女,結婚,大學,不同性別,0
113,,14,瑞芳區,15～19歲,15,19,部分重疊,0.4,女,結婚,大學,相同性別,0
113,,14,瑞芳區,15～19歲,15,19,部分重疊,0.4,女,結婚,專科,不同性別,0
113,,14,瑞芳區,15～19歲,15,19,部分重疊,0.4,女,結婚,專科,相同性別,0
113,,14,瑞芳區,15～19歲,15,19,部分重疊,0.4,女,結婚,碩士,不同性別,0
113,,14,瑞芳區,15～19歲,15,19,部分重疊,0.4,女,結婚,碩士,相同性別,0
113,,14,瑞芳區,15～19歲,15,19,部分重疊,0.4,女,結婚,高中職,不同性別,0
113,,14,瑞芳區,15～19歲,15,19,部分重疊,0.4,女,結婚,高中職,相同性別,0
113,,14,瑞芳區,15～19歲,15,19,部分重疊,0.4,男,結婚,博士,不同性別,0
113,,14,瑞芳區,15～19歲,15,19,部分重疊,0.4,男,結婚,博士,相同性別,0
113,,14,瑞芳區,15～19歲,15,19,部分重疊,0.4,男,結婚,國中,不同性別,0
113,,14,瑞芳區,15～19歲,15,19,部分重疊,0.4,男,結婚,國中,相同性別,0
113,,14,瑞芳區,15～19歲,15,19,部分重疊,0.4,男,結婚,國小以下,不同性別,0
113,,14,瑞芳區,15～19歲,15,19,部分重疊,0.4,男,結婚,國小以下,相同性別,0
113,,14,瑞芳區,15～19歲,15,19,部分重疊,0.4,男,結婚,大學,不同性別,0
113,,14,瑞芳區,15～19歲,15,19,部分重疊,0.4,男,結婚,大學,相同性別,0
113,,14,瑞芳區,15～19歲,15,19,部分重疊,0.4,男,結婚,專科,不同性別,0
113,,14,瑞芳區,15～19歲,15,19,部分重疊,0.4,男,結婚,專科,相同性別,0
113,,14,瑞芳區,15～19歲,15,19,部分重疊,0.4,男,結婚,碩士,不同性別,0
113,,14,瑞芳區,15～19歲,15,19,部分重疊,0.4,男,結婚,碩士,相同性別,0
113,,14,瑞芳區,15～19歲,15,19,部分重疊,0.4,男,結婚,高中職,不同性別,0
113,,14,瑞芳區,15～19歲,15,19,部分重疊,0.4,男,結婚,高中職,相同性別,0
113,,14,瑞芳區,20～24歲,20,24,完全落入,1.0,女,結婚,博士,不同性別,0
113,,14,瑞芳區,20～24歲,20,24,完全落入,1.0,女,結婚,博士,相同性別,0
113,,14,瑞芳區,20～24歲,20,24,完全落入,1.0,女,結婚,國中,不同性別,7
113,,14,瑞芳區,20～24歲,20,24,完全落入,1.0,女,結婚,國中,相同性別,0
113,,14,瑞芳區,20～24歲,20,24,完全落入,1.0,女,結婚,國小以下,不同性別,1
113,,14,瑞芳區,20～24歲,20,24,完全落入,1.0,女,結婚,國小以下,相同性別,0
113,,14,瑞芳區,20～24歲,20,24,完全落入,1.0,女,結婚,大學,不同性別,4
113,,14,瑞芳區,20～24歲,20,24,完全落入,1.0,女,結婚,大學,相同性別,0
113,,14,瑞芳區,20～24歲,20,24,完全落入,1.0,女,結婚,專科,不同性別,1
113,,14,瑞芳區,20～24歲,20,24,完全落入,1.0,女,結婚,專科,相同性別,0
113,,14,瑞芳區,20～24歲,20,24,完全落入,1.0,女,結婚,碩士,不同性別,0
113,,14,瑞芳區,20～24歲,20,24,完全落入,1.0,女,結婚,碩士,相同性別,0
113,,14,瑞芳區,20～24歲,20,24,完全落入,1.0,女,結婚,高中職,不同性別,13
113,,14,瑞芳區,20～24歲,20,24,完全落入,1.0,女,結婚,高中職,相同性別,0
113,,14,瑞芳區,20～24歲,20,24,完全落入,1.0,男,結婚,博士,不同性別,0
113,,14,瑞芳區,20～24歲,20,24,完全落入,1.0,男,結婚,博士,相同性別,0
113,,14,瑞芳區,20～24歲,20,24,完全落入,1.0,男,結婚,國中,不同性別,9
113,,14,瑞芳區,20～24歲,20,24,完全落入,1.0,男,結婚,國中,相同性別,0
113,,14,瑞芳區,20～24歲,20,24,完全落入,1.0,男,結婚,國小以下,不同性別,0
113,,14,瑞芳區,20～24歲,20,24,完全落入,1.0,男,結婚,國小以下,相同性別,0
113,,14,瑞芳區,20～24歲,20,24,完全落入,1.0,男,結婚,大學,不同性別,0
113,,14,瑞芳區,20～24歲,20,24,完全落入,1.0,男,結婚,大學,相同性別,0
113,,14,瑞芳區,20～24歲,20,24,完全落入,1.0,男,結婚,專科,不同性別,2
113,,14,瑞芳區,20～24歲,20,24,完全落入,1.0,男,結婚,專科,相同性別,0
113,,14,瑞芳區,20～24歲,20,24,完全落入,1.0,男,結婚,碩士,不同性別,0
113,,14,瑞芳區,20～24歲,20,24,完全落入,1.0,男,結婚,碩士,相同性別,0
113,,14,瑞芳區,20～24歲,20,24,完全落入,1.0,男,結婚,高中職,不同性別,8
113,,14,瑞芳區,20～24歲,20,24,完全落入,1.0,男,結婚,高中職,相同性別,0
113,,14,瑞芳區,25～29歲,25,29,完全落入,1.0,女,結婚,博士,不同性別,0
113,,14,瑞芳區,25～29歲,25,29,完全落入,1.0,女,結婚,博士,相同性別,0
113,,14,瑞芳區,25～29歲,25,29,完全落入,1.0,女,結婚,國中,不同性別,7
113,,14,瑞芳區,25～29歲,25,29,完全落入,1.0,女,結婚,國中,相同性別,1
113,,14,瑞芳區,25～29歲,25,29,完全落入,1.0,女,結婚,國小以下,不同性別,0
113,,14,瑞芳區,25～29歲,25,29,完全落入,1.0,女,結婚,國小以下,相同性別,0
113,,14,瑞芳區,25～29歲,25,29,完全落入,1.0,女,結婚,大學,不同性別,26
113,,14,瑞芳區,25～29歲,25,29,完全落入,1.0,女,結婚,大學,相同性別,0
113,,14,瑞芳區,25～29歲,25,29,完全落入,1.0,女,結婚,專科,不同性別,4
113,,14,瑞芳區,25～29歲,25,29,完全落入,1.0,女,結婚,專科,相同性別,0
113,,14,瑞芳區,25～29歲,25,29,完全落入,1.0,女,結婚,碩士,不同性別,1
113,,14,瑞芳區,25～29歲,25,29,完全落入,1.0,女,結婚,碩士,相同性別,0
113,,14,瑞芳區,25～29歲,25,29,完全落入,1.0,女,結婚,高中職,不同性別,6
113,,14,瑞芳區,25～29歲,25,29,完全落入,1.0,女,結婚,高中職,相同性別,0
113,,14,瑞芳區,25～29歲,25,29,完全落入,1.0,男,結婚,博士,不同性別,0
113,,14,瑞芳區,25～29歲,25,29,完全落入,1.0,男,結婚,博士,相同性別,0
113,,14,瑞芳區,25～29歲,25,29,完全落入,1.0,男,結婚,國中,不同性別,7
113,,14,瑞芳區,25～29歲,25,29,完全落入,1.0,男,結婚,國中,相同性別,0
113,,14,瑞芳區,25～29歲,25,29,完全落入,1.0,男,結婚,國小以下,不同性別,0
113,,14,瑞芳區,25～29歲,25,29,完全落入,1.0,男,結婚,國小以下,相同性別,0
113,,14,瑞芳區,25～29歲,25,29,完全落入,1.0,男,結婚,大學,不同性別,13
113,,14,瑞芳區,25～29歲,25,29,完全落入,1.0,男,結婚,大學,相同性別,0
113,,14,瑞芳區,25～29歲,25,29,完全落入,1.0,男,結婚,專科,不同性別,0
113,,14,瑞芳區,25～29歲,25,29,完全落入,1.0,男,結婚,專科,相同性別,0
113,,14,瑞芳區,25～29歲,25,29,完全落入,1.0,男,結婚,碩士,不同性別,1
113,,14,瑞芳區,25～29歲,25,29,完全落入,1.0,男,結婚,碩士,相同性別,0
113,,14,瑞芳區,25～29歲,25,29,完全落入,1.0,男,結婚,高中職,不同性別,12
113,,14,瑞芳區,25～29歲,25,29,完全落入,1.0,男,結婚,高中職,相同性別,0
113,,14,瑞芳區,30～34歲,30,34,完全落入,1.0,女,結婚,博士,不同性別,0
113,,14,瑞芳區,30～34歲,30,34,完全落入,1.0,女,結婚,博士,相同性別,0
113,,14,瑞芳區,30～34歲,30,34,完全落入,1.0,女,結婚,國中,不同性別,4
113,,14,瑞芳區,30～34歲,30,34,完全落入,1.0,女,結婚,國中,相同性別,0
113,,14,瑞芳區,30～34歲,30,34,完全落入,1.0,女,結婚,國小以下,不同性別,0
113,,14,瑞芳區,30～34歲,30,34,完全落入,1.0,女,結婚,國小以下,相同性別,0
113,,14,瑞芳區,30～34歲,30,34,完全落入,1.0,女,結婚,大學,不同性別,24
113,,14,瑞芳區,30～34歲,30,34,完全落入,1.0,女,結婚,大學,相同性別,0
113,,14,瑞芳區,30～34歲,30,34,完全落入,1.0,女,結婚,專科,不同性別,2
113,,14,瑞芳區,30～34歲,30,34,完全落入,1.0,女,結婚,專科,相同性別,0
113,,14,瑞芳區,30～34歲,30,34,完全落入,1.0,女,結婚,碩士,不同性別,5
113,,14,瑞芳區,30～34歲,30,34,完全落入,1.0,女,結婚,碩士,相同性別,0
113,,14,瑞芳區,30～34歲,30,34,完全落入,1.0,女,結婚,高中職,不同性別,13
113,,14,瑞芳區,30～34歲,30,34,完全落入,1.0,女,結婚,高中職,相同性別,2
113,,14,瑞芳區,30～34歲,30,34,完全落入,1.0,男,結婚,博士,不同性別,0
113,,14,瑞芳區,30～34歲,30,34,完全落入,1.0,男,結婚,博士,相同性別,0
113,,14,瑞芳區,30～34歲,30,34,完全落入,1.0,男,結婚,國中,不同性別,9
113,,14,瑞芳區,30～34歲,30,34,完全落入,1.0,男,結婚,國中,相同性別,0
113,,14,瑞芳區,30～34歲,30,34,完全落入,1.0,男,結婚,國小以下,不同性別,0
113,,14,瑞芳區,30～34歲,30,34,完全落入,1.0,男,結婚,國小以下,相同性別,0
113,,14,瑞芳區,30～34歲,30,34,完全落入,1.0,男,結婚,大學,不同性別,18
113,,14,瑞芳區,30～34歲,30,34,完全落入,1.0,男,結婚,大學,相同性別,0
113,,14,瑞芳區,30～34歲,30,34,完全落入,1.0,男,結婚,專科,不同性別,2
113,,14,瑞芳區,30～34歲,30,34,完全落入,1.0,男,結婚,專科,相同性別,0
113,,14,瑞芳區,30～34歲,30,34,完全落入,1.0,男,結婚,碩士,不同性別,6
113,,14,瑞芳區,30～34歲,30,34,完全落入,1.0,男,結婚,碩士,相同性別,0
113,,14,瑞芳區,30～34歲,30,34,完全落入,1.0,男,結婚,高中職,不同性別,18
113,,14,瑞芳區,30～34歲,30,34,完全落入,1.0,男,結婚,高中職,相同性別,0
113,,14,瑞芳區,35～39歲,35,39,部分重疊,0.2,女,結婚,博士,不同性別,0
113,,14,瑞芳區,35～39歲,35,39,部分重疊,0.2,女,結婚,博士,相同性別,0
113,,14,瑞芳區,35～39歲,35,39,部分重疊,0.2,女,結婚,國中,不同性別,2
113,,14,瑞芳區,35～39歲,35,39,部分重疊,0.2,女,結婚,國中,相同性別,0
113,,14,瑞芳區,35～39歲,35,39,部分重疊,0.2,女,結婚,國小以下,不同性別,0
113,,14,瑞芳區,35～39歲,35,39,部分重疊,0.2,女,結婚,國小以下,相同性別,0
113,,14,瑞芳區,35～39歲,35,39,部分重疊,0.2,女,結婚,大學,不同性別,7
113,,14,瑞芳區,35～39歲,35,39,部分重疊,0.2,女,結婚,大學,相同性別,2
113,,14,瑞芳區,35～39歲,35,39,部分重疊,0.2,女,結婚,專科,不同性別,0
113,,14,瑞芳區,35～39歲,35,39,部分重疊,0.2,女,結婚,專科,相同性別,0
113,,14,瑞芳區,35～39歲,35,39,部分重疊,0.2,女,結婚,碩士,不同性別,0
113,,14,瑞芳區,35～39歲,35,39,部分重疊,0.2,女,結婚,碩士,相同性別,0
113,,14,瑞芳區,35～39歲,35,39,部分重疊,0.2,女,結婚,高中職,不同性別,5
113,,14,瑞芳區,35～39歲,35,39,部分重疊,0.2,女,結婚,高中職,相同性別,0
113,,14,瑞芳區,35～39歲,35,39,部分重疊,0.2,男,結婚,博士,不同性別,0
113,,14,瑞芳區,35～39歲,35,39,部分重疊,0.2,男,結婚,博士,相同性別,0
113,,14,瑞芳區,35～39歲,35,39,部分重疊,0.2,男,結婚,國中,不同性別,6
113,,14,瑞芳區,35～39歲,35,39,部分重疊,0.2,男,結婚,國中,相同性別,0
113,,14,瑞芳區,35～39歲,35,39,部分重疊,0.2,男,結婚,國小以下,不同性別,0
113,,14,瑞芳區,35～39歲,35,39,部分重疊,0.2,男,結婚,國小以下,相同性別,0
113,,14,瑞芳區,35～39歲,35,39,部分重疊,0.2,男,結婚,大學,不同性別,9
113,,14,瑞芳區,35～39歲,35,39,部分重疊,0.2,男,結婚,大學,相同性別,0
113,,14,瑞芳區,35～39歲,35,39,部分重疊,0.2,男,結婚,專科,不同性別,2
113,,14,瑞芳區,35～39歲,35,39,部分重疊,0.2,男,結婚,專科,相同性別,0
113,,14,瑞芳區,35～39歲,35,39,部分重疊,0.2,男,結婚,碩士,不同性別,2
113,,14,瑞芳區,35～39歲,35,39,部分重疊,0.2,男,結婚,碩士,相同性別,0
113,,14,瑞芳區,35～39歲,35,39,部分重疊,0.2,男,結婚,高中職,不同性別,11
113,,14,瑞芳區,35～39歲,35,39,部分重疊,0.2,男,結婚,高中職,相同性別,0
113,,14,瑞芳區,40～44歲,40,44,不相關,0.0,女,結婚,博士,不同性別,0
113,,14,瑞芳區,40～44歲,40,44,不相關,0.0,女,結婚,博士,相同性別,0
113,,14,瑞芳區,40～44歲,40,44,不相關,0.0,女,結婚,國中,不同性別,5
113,,14,瑞芳區,40～44歲,40,44,不相關,0.0,女,結婚,國中,相同性別,0
113,,14,瑞芳區,40～44歲,40,44,不相關,0.0,女,結婚,國小以下,不同性別,1
113,,14,瑞芳區,40～44歲,40,44,不相關,0.0,女,結婚,國小以下,相同性別,0
113,,14,瑞芳區,40～44歲,40,44,不相關,0.0,女,結婚,大學,不同性別,3
113,,14,瑞芳區,40～44歲,40,44,不相關,0.0,女,結婚,大學,相同性別,0
113,,14,瑞芳區,40～44歲,40,44,不相關,0.0,女,結婚,專科,不同性別,2
113,,14,瑞芳區,40～44歲,40,44,不相關,0.0,女,結婚,專科,相同性別,0
113,,14,瑞芳區,40～44歲,40,44,不相關,0.0,女,結婚,碩士,不同性別,0
113,,14,瑞芳區,40～44歲,40,44,不相關,0.0,女,結婚,碩士,相同性別,0
113,,14,瑞芳區,40～44歲,40,44,不相關,0.0,女,結婚,高中職,不同性別,6
113,,14,瑞芳區,40～44歲,40,44,不相關,0.0,女,結婚,高中職,相同性別,0
113,,14,瑞芳區,40～44歲,40,44,不相關,0.0,男,結婚,博士,不同性別,0
113,,14,瑞芳區,40～44歲,40,44,不相關,0.0,男,結婚,博士,相同性別,0
113,,14,瑞芳區,40～44歲,40,44,不相關,0.0,男,結婚,國中,不同性別,4
113,,14,瑞芳區,40～44歲,40,44,不相關,0.0,男,結婚,國中,相同性別,0
113,,14,瑞芳區,40～44歲,40,44,不相關,0.0,男,結婚,國小以下,不同性別,0
113,,14,瑞芳區,40～44歲,40,44,不相關,0.0,男,結婚,國小以下,相同性別,0
113,,14,瑞芳區,40～44歲,40,44,不相關,0.0,男,結婚,大學,不同性別,0
113,,14,瑞芳區,40～44歲,40,44,不相關,0.0,男,結婚,大學,相同性別,0
113,,14,瑞芳區,40～44歲,40,44,不相關,0.0,男,結婚,專科,不同性別,2
113,,14,瑞芳區,40～44歲,40,44,不相關,0.0,男,結婚,專科,相同性別,0
113,,14,瑞芳區,40～44歲,40,44,不相關,0.0,男,結婚,碩士,不同性別,0
113,,14,瑞芳區,40～44歲,40,44,不相關,0.0,男,結婚,碩士,相同性別,0
113,,14,瑞芳區,40～44歲,40,44,不相關,0.0,男,結婚,高中職,不同性別,6
113,,14,瑞芳區,40～44歲,40,44,不相關,0.0,男,結婚,高中職,相同性別,0
113,,14,瑞芳區,45～49歲,45,49,不相關,0.0,女,結婚,博士,不同性別,0
113,,14,瑞芳區,45～49歲,45,49,不相關,0.0,女,結婚,博士,相同性別,0
113,,14,瑞芳區,45～49歲,45,49,不相關,0.0,女,結婚,國中,不同性別,4
113,,14,瑞芳區,45～49歲,45,49,不相關,0.0,女,結婚,國中,相同性別,0
113,,14,瑞芳區,45～49歲,45,49,不相關,0.0,女,結婚,國小以下,不同性別,0
113,,14,瑞芳區,45～49歲,45,49,不相關,0.0,女,結婚,國小以下,相同性別,0
113,,14,瑞芳區,45～49歲,45,49,不相關,0.0,女,結婚,大學,不同性別,2
113,,14,瑞芳區,45～49歲,45,49,不相關,0.0,女,結婚,大學,相同性別,0
113,,14,瑞芳區,45～49歲,45,49,不相關,0.0,女,結婚,專科,不同性別,2
113,,14,瑞芳區,45～49歲,45,49,不相關,0.0,女,結婚,專科,相同性別,0
113,,14,瑞芳區,45～49歲,45,49,不相關,0.0,女,結婚,碩士,不同性別,0
113,,14,瑞芳區,45～49歲,45,49,不相關,0.0,女,結婚,碩士,相同性別,0
113,,14,瑞芳區,45～49歲,45,49,不相關,0.0,女,結婚,高中職,不同性別,4
113,,14,瑞芳區,45～49歲,45,49,不相關,0.0,女,結婚,高中職,相同性別,0
113,,14,瑞芳區,45～49歲,45,49,不相關,0.0,男,結婚,博士,不同性別,0
113,,14,瑞芳區,45～49歲,45,49,不相關,0.0,男,結婚,博士,相同性別,0
113,,14,瑞芳區,45～49歲,45,49,不相關,0.0,男,結婚,國中,不同性別,1
113,,14,瑞芳區,45～49歲,45,49,不相關,0.0,男,結婚,國中,相同性別,0
113,,14,瑞芳區,45～49歲,45,49,不相關,0.0,男,結婚,國小以下,不同性別,0
113,,14,瑞芳區,45～49歲,45,49,不相關,0.0,男,結婚,國小以下,相同性別,0
113,,14,瑞芳區,45～49歲,45,49,不相關,0.0,男,結婚,大學,不同性別,2
113,,14,瑞芳區,45～49歲,45,49,不相關,0.0,男,結婚,大學,相同性別,0
113,,14,瑞芳區,45～49歲,45,49,不相關,0.0,男,結婚,專科,不同性別,0
113,,14,瑞芳區,45～49歲,45,49,不相關,0.0,男,結婚,專科,相同性別,0
113,,14,瑞芳區,45～49歲,45,49,不相關,0.0,男,結婚,碩士,不同性別,1
113,,14,瑞芳區,45～49歲,45,49,不相關,0.0,男,結婚,碩士,相同性別,0
113,,14,瑞芳區,45～49歲,45,49,不相關,0.0,男,結婚,高中職,不同性別,2
113,,14,瑞芳區,45～49歲,45,49,不相關,0.0,男,結婚,高中職,相同性別,0
113,,14,瑞芳區,50～54歲,50,54,不相關,0.0,女,結婚,博士,不同性別,0
113,,14,瑞芳區,50～54歲,50,54,不相關,0.0,女,結婚,博士,相同性別,0
113,,14,瑞芳區,50～54歲,50,54,不相關,0.0,女,結婚,國中,不同性別,0
113,,14,瑞芳區,50～54歲,50,54,不相關,0.0,女,結婚,國中,相同性別,0
113,,14,瑞芳區,50～54歲,50,54,不相關,0.0,女,結婚,國小以下,不同性別,1
113,,14,瑞芳區,50～54歲,50,54,不相關,0.0,女,結婚,國小以下,相同性別,0
113,,14,瑞芳區,50～54歲,50,54,不相關,0.0,女,結婚,大學,不同性別,0
113,,14,瑞芳區,50～54歲,50,54,不相關,0.0,女,結婚,大學,相同性別,0
113,,14,瑞芳區,50～54歲,50,54,不相關,0.0,女,結婚,專科,不同性別,0
113,,14,瑞芳區,50～54歲,50,54,不相關,0.0,女,結婚,專科,相同性別,0
113,,14,瑞芳區,50～54歲,50,54,不相關,0.0,女,結婚,碩士,不同性別,0
113,,14,瑞芳區,50～54歲,50,54,不相關,0.0,女,結婚,碩士,相同性別,0
113,,14,瑞芳區,50～54歲,50,54,不相關,0.0,女,結婚,高中職,不同性別,3
113,,14,瑞芳區,50～54歲,50,54,不相關,0.0,女,結婚,高中職,相同性別,0
113,,14,瑞芳區,50～54歲,50,54,不相關,0.0,男,結婚,博士,不同性別,0
113,,14,瑞芳區,50～54歲,50,54,不相關,0.0,男,結婚,博士,相同性別,0
113,,14,瑞芳區,50～54歲,50,54,不相關,0.0,男,結婚,國中,不同性別,1
113,,14,瑞芳區,50～54歲,50,54,不相關,0.0,男,結婚,國中,相同性別,0
113,,14,瑞芳區,50～54歲,50,54,不相關,0.0,男,結婚,國小以下,不同性別,0
113,,14,瑞芳區,50～54歲,50,54,不相關,0.0,男,結婚,國小以下,相同性別,0
113,,14,瑞芳區,50～54歲,50,54,不相關,0.0,男,結婚,大學,不同性別,0
113,,14,瑞芳區,50～54歲,50,54,不相關,0.0,男,結婚,大學,相同性別,0
113,,14,瑞芳區,50～54歲,50,54,不相關,0.0,男,結婚,專科,不同性別,1
113,,14,瑞芳區,50～54歲,50,54,不相關,0.0,男,結婚,專科,相同性別,0
113,,14,瑞芳區,50～54歲,50,54,不相關,0.0,男,結婚,碩士,不同性別,0
113,,14,瑞芳區,50～54歲,50,54,不相關,0.0,男,結婚,碩士,相同性別,0
113,,14,瑞芳區,50～54歲,50,54,不相關,0.0,男,結婚,高中職,不同性別,1
113,,14,瑞芳區,50～54歲,50,54,不相關,0.0,男,結婚,高中職,相同性別,0
113,,14,瑞芳區,55～59歲,55,59,不相關,0.0,女,結婚,博士,不同性別,0
113,,14,瑞芳區,55～59歲,55,59,不相關,0.0,女,結婚,博士,相同性別,0
113,,14,瑞芳區,55～59歲,55,59,不相關,0.0,女,結婚,國中,不同性別,1
113,,14,瑞芳區,55～59歲,55,59,不相關,0.0,女,結婚,國中,相同性別,0
113,,14,瑞芳區,55～59歲,55,59,不相關,0.0,女,結婚,國小以下,不同性別,0
113,,14,瑞芳區,55～59歲,55,59,不相關,0.0,女,結婚,國小以下,相同性別,0
113,,14,瑞芳區,55～59歲,55,59,不相關,0.0,女,結婚,大學,不同性別,0
113,,14,瑞芳區,55～59歲,55,59,不相關,0.0,女,結婚,大學,相同性別,0
113,,14,瑞芳區,55～59歲,55,59,不相關,0.0,女,結婚,專科,不同性別,0
113,,14,瑞芳區,55～59歲,55,59,不相關,0.0,女,結婚,專科,相同性別,0
113,,14,瑞芳區,55～59歲,55,59,不相關,0.0,女,結婚,碩士,不同性別,0
113,,14,瑞芳區,55～59歲,55,59,不相關,0.0,女,結婚,碩士,相同性別,0
113,,14,瑞芳區,55～59歲,55,59,不相關,0.0,女,結婚,高中職,不同性別,0
113,,14,瑞芳區,55～59歲,55,59,不相關,0.0,女,結婚,高中職,相同性別,0
113,,14,瑞芳區,55～59歲,55,59,不相關,0.0,男,結婚,博士,不同性別,0
113,,14,瑞芳區,55～59歲,55,59,不相關,0.0,男,結婚,博士,相同性別,0
113,,14,瑞芳區,55～59歲,55,59,不相關,0.0,男,結婚,國中,不同性別,4
113,,14,瑞芳區,55～59歲,55,59,不相關,0.0,男,結婚,國中,相同性別,0
113,,14,瑞芳區,55～59歲,55,59,不相關,0.0,男,結婚,國小以下,不同性別,1
113,,14,瑞芳區,55～59歲,55,59,不相關,0.0,男,結婚,國小以下,相同性別,0
113,,14,瑞芳區,55～59歲,55,59,不相關,0.0,男,結婚,大學,不同性別,0
113,,14,瑞芳區,55～59歲,55,59,不相關,0.0,男,結婚,大學,相同性別,0
113,,14,瑞芳區,55～59歲,55,59,不相關,0.0,男,結婚,專科,不同性別,2
113,,14,瑞芳區,55～59歲,55,59,不相關,0.0,男,結婚,專科,相同性別,0
113,,14,瑞芳區,55～59歲,55,59,不相關,0.0,男,結婚,碩士,不同性別,0
113,,14,瑞芳區,55～59歲,55,59,不相關,0.0,男,結婚,碩士,相同性別,0
113,,14,瑞芳區,55～59歲,55,59,不相關,0.0,男,結婚,高中職,不同性別,2
113,,14,瑞芳區,55～59歲,55,59,不相關,0.0,男,結婚,高中職,相同性別,0
113,,14,瑞芳區,60～64歲,60,64,不相關,0.0,女,結婚,博士,不同性別,0
113,,14,瑞芳區,60～64歲,60,64,不相關,0.0,女,結婚,博士,相同性別,0
113,,14,瑞芳區,60～64歲,60,64,不相關,0.0,女,結婚,國中,不同性別,1
113,,14,瑞芳區,60～64歲,60,64,不相關,0.0,女,結婚,國中,相同性別,0
113,,14,瑞芳區,60～64歲,60,64,不相關,0.0,女,結婚,國小以下,不同性別,0
113,,14,瑞芳區,60～64歲,60,64,不相關,0.0,女,結婚,國小以下,相同性別,0
113,,14,瑞芳區,60～64歲,60,64,不相關,0.0,女,結婚,大學,不同性別,0
113,,14,瑞芳區,60～64歲,60,64,不相關,0.0,女,結婚,大學,相同性別,0
113,,14,瑞芳區,60～64歲,60,64,不相關,0.0,女,結婚,專科,不同性別,1
113,,14,瑞芳區,60～64歲,60,64,不相關,0.0,女,結婚,專科,相同性別,0
113,,14,瑞芳區,60～64歲,60,64,不相關,0.0,女,結婚,碩士,不同性別,0
113,,14,瑞芳區,60～64歲,60,64,不相關,0.0,女,結婚,碩士,相同性別,0
113,,14,瑞芳區,60～64歲,60,64,不相關,0.0,女,結婚,高中職,不同性別,0
113,,14,瑞芳區,60～64歲,60,64,不相關,0.0,女,結婚,高中職,相同性別,0
113,,14,瑞芳區,60～64歲,60,64,不相關,0.0,男,結婚,博士,不同性別,0
113,,14,瑞芳區,60～64歲,60,64,不相關,0.0,男,結婚,博士,相同性別,0
113,,14,瑞芳區,60～64歲,60,64,不相關,0.0,男,結婚,國中,不同性別,2
113,,14,瑞芳區,60～64歲,60,64,不相關,0.0,男,結婚,國中,相同性別,0
113,,14,瑞芳區,60～64歲,60,64,不相關,0.0,男,結婚,國小以下,不同性別,0
113,,14,瑞芳區,60～64歲,60,64,不相關,0.0,男,結婚,國小以下,相同性別,0
113,,14,瑞芳區,60～64歲,60,64,不相關,0.0,男,結婚,大學,不同性別,0
113,,14,瑞芳區,60～64歲,60,64,不相關,0.0,男,結婚,大學,相同性別,0
113,,14,瑞芳區,60～64歲,60,64,不相關,0.0,男,結婚,專科,不同性別,0
113,,14,瑞芳區,60～64歲,60,64,不相關,0.0,男,結婚,專科,相同性別,0
113,,14,瑞芳區,60～64歲,60,64,不相關,0.0,男,結婚,碩士,不同性別,0
113,,14,瑞芳區,60～64歲,60,64,不相關,0.0,男,結婚,碩士,相同性別,0
113,,14,瑞芳區,60～64歲,60,64,不相關,0.0,男,結婚,高中職,不同性別,1
113,,14,瑞芳區,60～64歲,60,64,不相關,0.0,男,結婚,高中職,相同性別,0
113,,14,瑞芳區,65歲以上,65,120,不相關,0.0,女,結婚,博士,不同性別,0
113,,14,瑞芳區,65歲以上,65,120,不相關,0.0,女,結婚,博士,相同性別,0
113,,14,瑞芳區,65歲以上,65,120,不相關,0.0,女,結婚,國中,不同性別,0
113,,14,瑞芳區,65歲以上,65,120,不相關,0.0,女,結婚,國中,相同性別,0
113,,14,瑞芳區,65歲以上,65,120,不相關,0.0,女,結婚,國小以下,不同性別,1
113,,14,瑞芳區,65歲以上,65,120,不相關,0.0,女,結婚,國小以下,相同性別,0
113,,14,瑞芳區,65歲以上,65,120,不相關,0.0,女,結婚,大學,不同性別,1
113,,14,瑞芳區,65歲以上,65,120,不相關,0.0,女,結婚,大學,相同性別,0
113,,14,瑞芳區,65歲以上,65,120,不相關,0.0,女,結婚,專科,不同性別,0
113,,14,瑞芳區,65歲以上,65,120,不相關,0.0,女,結婚,專科,相同性別,0
113,,14,瑞芳區,65歲以上,65,120,不相關,0.0,女,結婚,碩士,不同性別,0
113,,14,瑞芳區,65歲以上,65,120,不相關,0.0,女,結婚,碩士,相同性別,0
113,,14,瑞芳區,65歲以上,65,120,不相關,0.0,女,結婚,高中職,不同性別,1
113,,14,瑞芳區,65歲以上,65,120,不相關,0.0,女,結婚,高中職,相同性別,0
113,,14,瑞芳區,65歲以上,65,120,不相關,0.0,男,結婚,博士,不同性別,0
113,,14,瑞芳區,65歲以上,65,120,不相關,0.0,男,結婚,博士,相同性別,0
113,,14,瑞芳區,65歲以上,65,120,不相關,0.0,男,結婚,國中,不同性別,1
113,,14,瑞芳區,65歲以上,65,120,不相關,0.0,男,結婚,國中,相同性別,0
113,,14,瑞芳區,65歲以上,65,120,不相關,0.0,男,結婚,國小以下,不同性別,1
113,,14,瑞芳區,65歲以上,65,120,不相關,0.0,男,結婚,國小以下,相同性別,0
113,,14,瑞芳區,65歲以上,65,120,不相關,0.0,男,結婚,大學,不同性別,0
113,,14,瑞芳區,65歲以上,65,120,不相關,0.0,男,結婚,大學,相同性別,0
113,,14,瑞芳區,65歲以上,65,120,不相關,0.0,男,結婚,專科,不同性別,1
113,,14,瑞芳區,65歲以上,65,120,不相關,0.0,男,結婚,專科,相同性別,0
113,,14,瑞芳區,65歲以上,65,120,不相關,0.0,男,結婚,碩士,不同性別,0
113,,14,瑞芳區,65歲以上,65,120,不相關,0.0,男,結婚,碩士,相同性別,0
113,,14,瑞芳區,65歲以上,65,120,不相關,0.0,男,結婚,高中職,不同性別,2
113,,14,瑞芳區,65歲以上,65,120,不相關,0.0,男,結婚,高中職,相同性別,0
113,,15,五股區,未滿15歲,0,14,不相關,0.0,女,結婚,博士,不同性別,0
113,,15,五股區,未滿15歲,0,14,不相關,0.0,女,結婚,博士,相同性別,0
113,,15,五股區,未滿15歲,0,14,不相關,0.0,女,結婚,國中,不同性別,0
113,,15,五股區,未滿15歲,0,14,不相關,0.0,女,結婚,國中,相同性別,0
113,,15,五股區,未滿15歲,0,14,不相關,0.0,女,結婚,國小以下,不同性別,0
113,,15,五股區,未滿15歲,0,14,不相關,0.0,女,結婚,國小以下,相同性別,0
113,,15,五股區,未滿15歲,0,14,不相關,0.0,女,結婚,大學,不同性別,0
113,,15,五股區,未滿15歲,0,14,不相關,0.0,女,結婚,大學,相同性別,0
113,,15,五股區,未滿15歲,0,14,不相關,0.0,女,結婚,專科,不同性別,0
113,,15,五股區,未滿15歲,0,14,不相關,0.0,女,結婚,專科,相同性別,0
113,,15,五股區,未滿15歲,0,14,不相關,0.0,女,結婚,碩士,不同性別,0
113,,15,五股區,未滿15歲,0,14,不相關,0.0,女,結婚,碩士,相同性別,0
113,,15,五股區,未滿15歲,0,14,不相關,0.0,女,結婚,高中職,不同性別,0
113,,15,五股區,未滿15歲,0,14,不相關,0.0,女,結婚,高中職,相同性別,0
113,,15,五股區,未滿15歲,0,14,不相關,0.0,男,結婚,博士,不同性別,0
113,,15,五股區,未滿15歲,0,14,不相關,0.0,男,結婚,博士,相同性別,0
113,,15,五股區,未滿15歲,0,14,不相關,0.0,男,結婚,國中,不同性別,0
113,,15,五股區,未滿15歲,0,14,不相關,0.0,男,結婚,國中,相同性別,0
113,,15,五股區,未滿15歲,0,14,不相關,0.0,男,結婚,國小以下,不同性別,0
113,,15,五股區,未滿15歲,0,14,不相關,0.0,男,結婚,國小以下,相同性別,0
113,,15,五股區,未滿15歲,0,14,不相關,0.0,男,結婚,大學,不同性別,0
113,,15,五股區,未滿15歲,0,14,不相關,0.0,男,結婚,大學,相同性別,0
113,,15,五股區,未滿15歲,0,14,不相關,0.0,男,結婚,專科,不同性別,0
113,,15,五股區,未滿15歲,0,14,不相關,0.0,男,結婚,專科,相同性別,0
113,,15,五股區,未滿15歲,0,14,不相關,0.0,男,結婚,碩士,不同性別,0
113,,15,五股區,未滿15歲,0,14,不相關,0.0,男,結婚,碩士,相同性別,0
113,,15,五股區,未滿15歲,0,14,不相關,0.0,男,結婚,高中職,不同性別,0
113,,15,五股區,未滿15歲,0,14,不相關,0.0,男,結婚,高中職,相同性別,0
113,,15,五股區,15～19歲,15,19,部分重疊,0.4,女,結婚,博士,不同性別,0
113,,15,五股區,15～19歲,15,19,部分重疊,0.4,女,結婚,博士,相同性別,0
113,,15,五股區,15～19歲,15,19,部分重疊,0.4,女,結婚,國中,不同性別,7
113,,15,五股區,15～19歲,15,19,部分重疊,0.4,女,結婚,國中,相同性別,0
113,,15,五股區,15～19歲,15,19,部分重疊,0.4,女,結婚,國小以下,不同性別,1
113,,15,五股區,15～19歲,15,19,部分重疊,0.4,女,結婚,國小以下,相同性別,0
113,,15,五股區,15～19歲,15,19,部分重疊,0.4,女,結婚,大學,不同性別,0
113,,15,五股區,15～19歲,15,19,部分重疊,0.4,女,結婚,大學,相同性別,0
113,,15,五股區,15～19歲,15,19,部分重疊,0.4,女,結婚,專科,不同性別,0
113,,15,五股區,15～19歲,15,19,部分重疊,0.4,女,結婚,專科,相同性別,0
113,,15,五股區,15～19歲,15,19,部分重疊,0.4,女,結婚,碩士,不同性別,0
113,,15,五股區,15～19歲,15,19,部分重疊,0.4,女,結婚,碩士,相同性別,0
113,,15,五股區,15～19歲,15,19,部分重疊,0.4,女,結婚,高中職,不同性別,3
113,,15,五股區,15～19歲,15,19,部分重疊,0.4,女,結婚,高中職,相同性別,0
113,,15,五股區,15～19歲,15,19,部分重疊,0.4,男,結婚,博士,不同性別,0
113,,15,五股區,15～19歲,15,19,部分重疊,0.4,男,結婚,博士,相同性別,0
113,,15,五股區,15～19歲,15,19,部分重疊,0.4,男,結婚,國中,不同性別,3
113,,15,五股區,15～19歲,15,19,部分重疊,0.4,男,結婚,國中,相同性別,0
113,,15,五股區,15～19歲,15,19,部分重疊,0.4,男,結婚,國小以下,不同性別,1
113,,15,五股區,15～19歲,15,19,部分重疊,0.4,男,結婚,國小以下,相同性別,0
113,,15,五股區,15～19歲,15,19,部分重疊,0.4,男,結婚,大學,不同性別,0
113,,15,五股區,15～19歲,15,19,部分重疊,0.4,男,結婚,大學,相同性別,0
113,,15,五股區,15～19歲,15,19,部分重疊,0.4,男,結婚,專科,不同性別,0
113,,15,五股區,15～19歲,15,19,部分重疊,0.4,男,結婚,專科,相同性別,0
113,,15,五股區,15～19歲,15,19,部分重疊,0.4,男,結婚,碩士,不同性別,0
113,,15,五股區,15～19歲,15,19,部分重疊,0.4,男,結婚,碩士,相同性別,0
113,,15,五股區,15～19歲,15,19,部分重疊,0.4,男,結婚,高中職,不同性別,2
113,,15,五股區,15～19歲,15,19,部分重疊,0.4,男,結婚,高中職,相同性別,0
113,,15,五股區,20～24歲,20,24,完全落入,1.0,女,結婚,博士,不同性別,0
113,,15,五股區,20～24歲,20,24,完全落入,1.0,女,結婚,博士,相同性別,0
113,,15,五股區,20～24歲,20,24,完全落入,1.0,女,結婚,國中,不同性別,12
113,,15,五股區,20～24歲,20,24,完全落入,1.0,女,結婚,國中,相同性別,0
113,,15,五股區,20～24歲,20,24,完全落入,1.0,女,結婚,國小以下,不同性別,0
113,,15,五股區,20～24歲,20,24,完全落入,1.0,女,結婚,國小以下,相同性別,0
113,,15,五股區,20～24歲,20,24,完全落入,1.0,女,結婚,大學,不同性別,8
113,,15,五股區,20～24歲,20,24,完全落入,1.0,女,結婚,大學,相同性別,0
113,,15,五股區,20～24歲,20,24,完全落入,1.0,女,結婚,專科,不同性別,0
113,,15,五股區,20～24歲,20,24,完全落入,1.0,女,結婚,專科,相同性別,0
113,,15,五股區,20～24歲,20,24,完全落入,1.0,女,結婚,碩士,不同性別,0
113,,15,五股區,20～24歲,20,24,完全落入,1.0,女,結婚,碩士,相同性別,0
113,,15,五股區,20～24歲,20,24,完全落入,1.0,女,結婚,高中職,不同性別,17
113,,15,五股區,20～24歲,20,24,完全落入,1.0,女,結婚,高中職,相同性別,0
113,,15,五股區,20～24歲,20,24,完全落入,1.0,男,結婚,博士,不同性別,0
113,,15,五股區,20～24歲,20,24,完全落入,1.0,男,結婚,博士,相同性別,0
113,,15,五股區,20～24歲,20,24,完全落入,1.0,男,結婚,國中,不同性別,9
113,,15,五股區,20～24歲,20,24,完全落入,1.0,男,結婚,國中,相同性別,0
113,,15,五股區,20～24歲,20,24,完全落入,1.0,男,結婚,國小以下,不同性別,2
113,,15,五股區,20～24歲,20,24,完全落入,1.0,男,結婚,國小以下,相同性別,0
113,,15,五股區,20～24歲,20,24,完全落入,1.0,男,結婚,大學,不同性別,4
113,,15,五股區,20～24歲,20,24,完全落入,1.0,男,結婚,大學,相同性別,0
113,,15,五股區,20～24歲,20,24,完全落入,1.0,男,結婚,專科,不同性別,1
113,,15,五股區,20～24歲,20,24,完全落入,1.0,男,結婚,專科,相同性別,0
113,,15,五股區,20～24歲,20,24,完全落入,1.0,男,結婚,碩士,不同性別,0
113,,15,五股區,20～24歲,20,24,完全落入,1.0,男,結婚,碩士,相同性別,0
113,,15,五股區,20～24歲,20,24,完全落入,1.0,男,結婚,高中職,不同性別,17
113,,15,五股區,20～24歲,20,24,完全落入,1.0,男,結婚,高中職,相同性別,0
113,,15,五股區,25～29歲,25,29,完全落入,1.0,女,結婚,博士,不同性別,0
113,,15,五股區,25～29歲,25,29,完全落入,1.0,女,結婚,博士,相同性別,0
113,,15,五股區,25～29歲,25,29,完全落入,1.0,女,結婚,國中,不同性別,8
113,,15,五股區,25～29歲,25,29,完全落入,1.0,女,結婚,國中,相同性別,0
113,,15,五股區,25～29歲,25,29,完全落入,1.0,女,結婚,國小以下,不同性別,1
113,,15,五股區,25～29歲,25,29,完全落入,1.0,女,結婚,國小以下,相同性別,0
113,,15,五股區,25～29歲,25,29,完全落入,1.0,女,結婚,大學,不同性別,109
113,,15,五股區,25～29歲,25,29,完全落入,1.0,女,結婚,大學,相同性別,0
113,,15,五股區,25～29歲,25,29,完全落入,1.0,女,結婚,專科,不同性別,17
113,,15,五股區,25～29歲,25,29,完全落入,1.0,女,結婚,專科,相同性別,0
113,,15,五股區,25～29歲,25,29,完全落入,1.0,女,結婚,碩士,不同性別,7
113,,15,五股區,25～29歲,25,29,完全落入,1.0,女,結婚,碩士,相同性別,0
113,,15,五股區,25～29歲,25,29,完全落入,1.0,女,結婚,高中職,不同性別,40
113,,15,五股區,25～29歲,25,29,完全落入,1.0,女,結婚,高中職,相同性別,2
113,,15,五股區,25～29歲,25,29,完全落入,1.0,男,結婚,博士,不同性別,0
113,,15,五股區,25～29歲,25,29,完全落入,1.0,男,結婚,博士,相同性別,0
113,,15,五股區,25～29歲,25,29,完全落入,1.0,男,結婚,國中,不同性別,18
113,,15,五股區,25～29歲,25,29,完全落入,1.0,男,結婚,國中,相同性別,0
113,,15,五股區,25～29歲,25,29,完全落入,1.0,男,結婚,國小以下,不同性別,2
113,,15,五股區,25～29歲,25,29,完全落入,1.0,男,結婚,國小以下,相同性別,0
113,,15,五股區,25～29歲,25,29,完全落入,1.0,男,結婚,大學,不同性別,61
113,,15,五股區,25～29歲,25,29,完全落入,1.0,男,結婚,大學,相同性別,0
113,,15,五股區,25～29歲,25,29,完全落入,1.0,男,結婚,專科,不同性別,5
113,,15,五股區,25～29歲,25,29,完全落入,1.0,男,結婚,專科,相同性別,0
113,,15,五股區,25～29歲,25,29,完全落入,1.0,男,結婚,碩士,不同性別,10
113,,15,五股區,25～29歲,25,29,完全落入,1.0,男,結婚,碩士,相同性別,0
113,,15,五股區,25～29歲,25,29,完全落入,1.0,男,結婚,高中職,不同性別,43
113,,15,五股區,25～29歲,25,29,完全落入,1.0,男,結婚,高中職,相同性別,1
113,,15,五股區,30～34歲,30,34,完全落入,1.0,女,結婚,博士,不同性別,0
113,,15,五股區,30～34歲,30,34,完全落入,1.0,女,結婚,博士,相同性別,0
113,,15,五股區,30～34歲,30,34,完全落入,1.0,女,結婚,國中,不同性別,7
113,,15,五股區,30～34歲,30,34,完全落入,1.0,女,結婚,國中,相同性別,0
113,,15,五股區,30～34歲,30,34,完全落入,1.0,女,結婚,國小以下,不同性別,1
113,,15,五股區,30～34歲,30,34,完全落入,1.0,女,結婚,國小以下,相同性別,0
113,,15,五股區,30～34歲,30,34,完全落入,1.0,女,結婚,大學,不同性別,106
113,,15,五股區,30～34歲,30,34,完全落入,1.0,女,結婚,大學,相同性別,2
113,,15,五股區,30～34歲,30,34,完全落入,1.0,女,結婚,專科,不同性別,8
113,,15,五股區,30～34歲,30,34,完全落入,1.0,女,結婚,專科,相同性別,0
113,,15,五股區,30～34歲,30,34,完全落入,1.0,女,結婚,碩士,不同性別,12
113,,15,五股區,30～34歲,30,34,完全落入,1.0,女,結婚,碩士,相同性別,0
113,,15,五股區,30～34歲,30,34,完全落入,1.0,女,結婚,高中職,不同性別,34
113,,15,五股區,30～34歲,30,34,完全落入,1.0,女,結婚,高中職,相同性別,1
113,,15,五股區,30～34歲,30,34,完全落入,1.0,男,結婚,博士,不同性別,0
113,,15,五股區,30～34歲,30,34,完全落入,1.0,男,結婚,博士,相同性別,0
113,,15,五股區,30～34歲,30,34,完全落入,1.0,男,結婚,國中,不同性別,12
113,,15,五股區,30～34歲,30,34,完全落入,1.0,男,結婚,國中,相同性別,1
113,,15,五股區,30～34歲,30,34,完全落入,1.0,男,結婚,國小以下,不同性別,2
113,,15,五股區,30～34歲,30,34,完全落入,1.0,男,結婚,國小以下,相同性別,0
113,,15,五股區,30～34歲,30,34,完全落入,1.0,男,結婚,大學,不同性別,90
113,,15,五股區,30～34歲,30,34,完全落入,1.0,男,結婚,大學,相同性別,2
113,,15,五股區,30～34歲,30,34,完全落入,1.0,男,結婚,專科,不同性別,2
113,,15,五股區,30～34歲,30,34,完全落入,1.0,男,結婚,專科,相同性別,0
113,,15,五股區,30～34歲,30,34,完全落入,1.0,男,結婚,碩士,不同性別,14
113,,15,五股區,30～34歲,30,34,完全落入,1.0,男,結婚,碩士,相同性別,0
113,,15,五股區,30～34歲,30,34,完全落入,1.0,男,結婚,高中職,不同性別,34
113,,15,五股區,30～34歲,30,34,完全落入,1.0,男,結婚,高中職,相同性別,0
113,,15,五股區,35～39歲,35,39,部分重疊,0.2,女,結婚,博士,不同性別,1
113,,15,五股區,35～39歲,35,39,部分重疊,0.2,女,結婚,博士,相同性別,0
113,,15,五股區,35～39歲,35,39,部分重疊,0.2,女,結婚,國中,不同性別,13
113,,15,五股區,35～39歲,35,39,部分重疊,0.2,女,結婚,國中,相同性別,1
113,,15,五股區,35～39歲,35,39,部分重疊,0.2,女,結婚,國小以下,不同性別,2
113,,15,五股區,35～39歲,35,39,部分重疊,0.2,女,結婚,國小以下,相同性別,0
113,,15,五股區,35～39歲,35,39,部分重疊,0.2,女,結婚,大學,不同性別,36
113,,15,五股區,35～39歲,35,39,部分重疊,0.2,女,結婚,大學,相同性別,7
113,,15,五股區,35～39歲,35,39,部分重疊,0.2,女,結婚,專科,不同性別,4
113,,15,五股區,35～39歲,35,39,部分重疊,0.2,女,結婚,專科,相同性別,0
113,,15,五股區,35～39歲,35,39,部分重疊,0.2,女,結婚,碩士,不同性別,5
113,,15,五股區,35～39歲,35,39,部分重疊,0.2,女,結婚,碩士,相同性別,0
113,,15,五股區,35～39歲,35,39,部分重疊,0.2,女,結婚,高中職,不同性別,19
113,,15,五股區,35～39歲,35,39,部分重疊,0.2,女,結婚,高中職,相同性別,0
113,,15,五股區,35～39歲,35,39,部分重疊,0.2,男,結婚,博士,不同性別,0
113,,15,五股區,35～39歲,35,39,部分重疊,0.2,男,結婚,博士,相同性別,0
113,,15,五股區,35～39歲,35,39,部分重疊,0.2,男,結婚,國中,不同性別,15
113,,15,五股區,35～39歲,35,39,部分重疊,0.2,男,結婚,國中,相同性別,0
113,,15,五股區,35～39歲,35,39,部分重疊,0.2,男,結婚,國小以下,不同性別,4
113,,15,五股區,35～39歲,35,39,部分重疊,0.2,男,結婚,國小以下,相同性別,0
113,,15,五股區,35～39歲,35,39,部分重疊,0.2,男,結婚,大學,不同性別,42
113,,15,五股區,35～39歲,35,39,部分重疊,0.2,男,結婚,大學,相同性別,2
113,,15,五股區,35～39歲,35,39,部分重疊,0.2,男,結婚,專科,不同性別,5
113,,15,五股區,35～39歲,35,39,部分重疊,0.2,男,結婚,專科,相同性別,0
113,,15,五股區,35～39歲,35,39,部分重疊,0.2,男,結婚,碩士,不同性別,12
113,,15,五股區,35～39歲,35,39,部分重疊,0.2,男,結婚,碩士,相同性別,0
113,,15,五股區,35～39歲,35,39,部分重疊,0.2,男,結婚,高中職,不同性別,27
113,,15,五股區,35～39歲,35,39,部分重疊,0.2,男,結婚,高中職,相同性別,0
113,,15,五股區,40～44歲,40,44,不相關,0.0,女,結婚,博士,不同性別,0
113,,15,五股區,40～44歲,40,44,不相關,0.0,女,結婚,博士,相同性別,0
113,,15,五股區,40～44歲,40,44,不相關,0.0,女,結婚,國中,不同性別,6
113,,15,五股區,40～44歲,40,44,不相關,0.0,女,結婚,國中,相同性別,0
113,,15,五股區,40～44歲,40,44,不相關,0.0,女,結婚,國小以下,不同性別,3
113,,15,五股區,40～44歲,40,44,不相關,0.0,女,結婚,國小以下,相同性別,0
113,,15,五股區,40～44歲,40,44,不相關,0.0,女,結婚,大學,不同性別,13
113,,15,五股區,40～44歲,40,44,不相關,0.0,女,結婚,大學,相同性別,1
113,,15,五股區,40～44歲,40,44,不相關,0.0,女,結婚,專科,不同性別,3
113,,15,五股區,40～44歲,40,44,不相關,0.0,女,結婚,專科,相同性別,0
113,,15,五股區,40～44歲,40,44,不相關,0.0,女,結婚,碩士,不同性別,0
113,,15,五股區,40～44歲,40,44,不相關,0.0,女,結婚,碩士,相同性別,0
113,,15,五股區,40～44歲,40,44,不相關,0.0,女,結婚,高中職,不同性別,15
113,,15,五股區,40～44歲,40,44,不相關,0.0,女,結婚,高中職,相同性別,2
113,,15,五股區,40～44歲,40,44,不相關,0.0,男,結婚,博士,不同性別,0
113,,15,五股區,40～44歲,40,44,不相關,0.0,男,結婚,博士,相同性別,0
113,,15,五股區,40～44歲,40,44,不相關,0.0,男,結婚,國中,不同性別,15
113,,15,五股區,40～44歲,40,44,不相關,0.0,男,結婚,國中,相同性別,0
113,,15,五股區,40～44歲,40,44,不相關,0.0,男,結婚,國小以下,不同性別,0
113,,15,五股區,40～44歲,40,44,不相關,0.0,男,結婚,國小以下,相同性別,0
113,,15,五股區,40～44歲,40,44,不相關,0.0,男,結婚,大學,不同性別,16
113,,15,五股區,40～44歲,40,44,不相關,0.0,男,結婚,大學,相同性別,1
113,,15,五股區,40～44歲,40,44,不相關,0.0,男,結婚,專科,不同性別,8
113,,15,五股區,40～44歲,40,44,不相關,0.0,男,結婚,專科,相同性別,0
113,,15,五股區,40～44歲,40,44,不相關,0.0,男,結婚,碩士,不同性別,3
113,,15,五股區,40～44歲,40,44,不相關,0.0,男,結婚,碩士,相同性別,0
113,,15,五股區,40～44歲,40,44,不相關,0.0,男,結婚,高中職,不同性別,15
113,,15,五股區,40～44歲,40,44,不相關,0.0,男,結婚,高中職,相同性別,1
113,,15,五股區,45～49歲,45,49,不相關,0.0,女,結婚,博士,不同性別,0
113,,15,五股區,45～49歲,45,49,不相關,0.0,女,結婚,博士,相同性別,0
113,,15,五股區,45～49歲,45,49,不相關,0.0,女,結婚,國中,不同性別,4
113,,15,五股區,45～49歲,45,49,不相關,0.0,女,結婚,國中,相同性別,0
113,,15,五股區,45～49歲,45,49,不相關,0.0,女,結婚,國小以下,不同性別,1
113,,15,五股區,45～49歲,45,49,不相關,0.0,女,結婚,國小以下,相同性別,0
113,,15,五股區,45～49歲,45,49,不相關,0.0,女,結婚,大學,不同性別,3
113,,15,五股區,45～49歲,45,49,不相關,0.0,女,結婚,大學,相同性別,0
113,,15,五股區,45～49歲,45,49,不相關,0.0,女,結婚,專科,不同性別,2
113,,15,五股區,45～49歲,45,49,不相關,0.0,女,結婚,專科,相同性別,0
113,,15,五股區,45～49歲,45,49,不相關,0.0,女,結婚,碩士,不同性別,2
113,,15,五股區,45～49歲,45,49,不相關,0.0,女,結婚,碩士,相同性別,0
113,,15,五股區,45～49歲,45,49,不相關,0.0,女,結婚,高中職,不同性別,6
113,,15,五股區,45～49歲,45,49,不相關,0.0,女,結婚,高中職,相同性別,0
113,,15,五股區,45～49歲,45,49,不相關,0.0,男,結婚,博士,不同性別,0
113,,15,五股區,45～49歲,45,49,不相關,0.0,男,結婚,博士,相同性別,0
113,,15,五股區,45～49歲,45,49,不相關,0.0,男,結婚,國中,不同性別,9
113,,15,五股區,45～49歲,45,49,不相關,0.0,男,結婚,國中,相同性別,0
113,,15,五股區,45～49歲,45,49,不相關,0.0,男,結婚,國小以下,不同性別,1
113,,15,五股區,45～49歲,45,49,不相關,0.0,男,結婚,國小以下,相同性別,0
113,,15,五股區,45～49歲,45,49,不相關,0.0,男,結婚,大學,不同性別,5
113,,15,五股區,45～49歲,45,49,不相關,0.0,男,結婚,大學,相同性別,0
113,,15,五股區,45～49歲,45,49,不相關,0.0,男,結婚,專科,不同性別,5
113,,15,五股區,45～49歲,45,49,不相關,0.0,男,結婚,專科,相同性別,0
113,,15,五股區,45～49歲,45,49,不相關,0.0,男,結婚,碩士,不同性別,2
113,,15,五股區,45～49歲,45,49,不相關,0.0,男,結婚,碩士,相同性別,0
113,,15,五股區,45～49歲,45,49,不相關,0.0,男,結婚,高中職,不同性別,5
113,,15,五股區,45～49歲,45,49,不相關,0.0,男,結婚,高中職,相同性別,0
113,,15,五股區,50～54歲,50,54,不相關,0.0,女,結婚,博士,不同性別,0
113,,15,五股區,50～54歲,50,54,不相關,0.0,女,結婚,博士,相同性別,0
113,,15,五股區,50～54歲,50,54,不相關,0.0,女,結婚,國中,不同性別,4
113,,15,五股區,50～54歲,50,54,不相關,0.0,女,結婚,國中,相同性別,0
113,,15,五股區,50～54歲,50,54,不相關,0.0,女,結婚,國小以下,不同性別,0
113,,15,五股區,50～54歲,50,54,不相關,0.0,女,結婚,國小以下,相同性別,0
113,,15,五股區,50～54歲,50,54,不相關,0.0,女,結婚,大學,不同性別,3
113,,15,五股區,50～54歲,50,54,不相關,0.0,女,結婚,大學,相同性別,0
113,,15,五股區,50～54歲,50,54,不相關,0.0,女,結婚,專科,不同性別,1
113,,15,五股區,50～54歲,50,54,不相關,0.0,女,結婚,專科,相同性別,0
113,,15,五股區,50～54歲,50,54,不相關,0.0,女,結婚,碩士,不同性別,0
113,,15,五股區,50～54歲,50,54,不相關,0.0,女,結婚,碩士,相同性別,0
113,,15,五股區,50～54歲,50,54,不相關,0.0,女,結婚,高中職,不同性別,7
113,,15,五股區,50～54歲,50,54,不相關,0.0,女,結婚,高中職,相同性別,0
113,,15,五股區,50～54歲,50,54,不相關,0.0,男,結婚,博士,不同性別,0
113,,15,五股區,50～54歲,50,54,不相關,0.0,男,結婚,博士,相同性別,0
113,,15,五股區,50～54歲,50,54,不相關,0.0,男,結婚,國中,不同性別,6
113,,15,五股區,50～54歲,50,54,不相關,0.0,男,結婚,國中,相同性別,0
113,,15,五股區,50～54歲,50,54,不相關,0.0,男,結婚,國小以下,不同性別,0
113,,15,五股區,50～54歲,50,54,不相關,0.0,男,結婚,國小以下,相同性別,0
113,,15,五股區,50～54歲,50,54,不相關,0.0,男,結婚,大學,不同性別,1
113,,15,五股區,50～54歲,50,54,不相關,0.0,男,結婚,大學,相同性別,0
113,,15,五股區,50～54歲,50,54,不相關,0.0,男,結婚,專科,不同性別,1
113,,15,五股區,50～54歲,50,54,不相關,0.0,男,結婚,專科,相同性別,0
113,,15,五股區,50～54歲,50,54,不相關,0.0,男,結婚,碩士,不同性別,2
113,,15,五股區,50～54歲,50,54,不相關,0.0,男,結婚,碩士,相同性別,0
113,,15,五股區,50～54歲,50,54,不相關,0.0,男,結婚,高中職,不同性別,8
113,,15,五股區,50～54歲,50,54,不相關,0.0,男,結婚,高中職,相同性別,0
113,,15,五股區,55～59歲,55,59,不相關,0.0,女,結婚,博士,不同性別,0
113,,15,五股區,55～59歲,55,59,不相關,0.0,女,結婚,博士,相同性別,0
113,,15,五股區,55～59歲,55,59,不相關,0.0,女,結婚,國中,不同性別,3
113,,15,五股區,55～59歲,55,59,不相關,0.0,女,結婚,國中,相同性別,0
113,,15,五股區,55～59歲,55,59,不相關,0.0,女,結婚,國小以下,不同性別,0
113,,15,五股區,55～59歲,55,59,不相關,0.0,女,結婚,國小以下,相同性別,0
113,,15,五股區,55～59歲,55,59,不相關,0.0,女,結婚,大學,不同性別,1
113,,15,五股區,55～59歲,55,59,不相關,0.0,女,結婚,大學,相同性別,0
113,,15,五股區,55～59歲,55,59,不相關,0.0,女,結婚,專科,不同性別,0
113,,15,五股區,55～59歲,55,59,不相關,0.0,女,結婚,專科,相同性別,0
113,,15,五股區,55～59歲,55,59,不相關,0.0,女,結婚,碩士,不同性別,0
113,,15,五股區,55～59歲,55,59,不相關,0.0,女,結婚,碩士,相同性別,0
113,,15,五股區,55～59歲,55,59,不相關,0.0,女,結婚,高中職,不同性別,2
113,,15,五股區,55～59歲,55,59,不相關,0.0,女,結婚,高中職,相同性別,0
113,,15,五股區,55～59歲,55,59,不相關,0.0,男,結婚,博士,不同性別,0
113,,15,五股區,55～59歲,55,59,不相關,0.0,男,結婚,博士,相同性別,0
113,,15,五股區,55～59歲,55,59,不相關,0.0,男,結婚,國中,不同性別,5
113,,15,五股區,55～59歲,55,59,不相關,0.0,男,結婚,國中,相同性別,0
113,,15,五股區,55～59歲,55,59,不相關,0.0,男,結婚,國小以下,不同性別,0
113,,15,五股區,55～59歲,55,59,不相關,0.0,男,結婚,國小以下,相同性別,0
113,,15,五股區,55～59歲,55,59,不相關,0.0,男,結婚,大學,不同性別,1
113,,15,五股區,55～59歲,55,59,不相關,0.0,男,結婚,大學,相同性別,0
113,,15,五股區,55～59歲,55,59,不相關,0.0,男,結婚,專科,不同性別,0
113,,15,五股區,55～59歲,55,59,不相關,0.0,男,結婚,專科,相同性別,0
113,,15,五股區,55～59歲,55,59,不相關,0.0,男,結婚,碩士,不同性別,1
113,,15,五股區,55～59歲,55,59,不相關,0.0,男,結婚,碩士,相同性別,0
113,,15,五股區,55～59歲,55,59,不相關,0.0,男,結婚,高中職,不同性別,8
113,,15,五股區,55～59歲,55,59,不相關,0.0,男,結婚,高中職,相同性別,0
113,,15,五股區,60～64歲,60,64,不相關,0.0,女,結婚,博士,不同性別,0
113,,15,五股區,60～64歲,60,64,不相關,0.0,女,結婚,博士,相同性別,0
113,,15,五股區,60～64歲,60,64,不相關,0.0,女,結婚,國中,不同性別,2
113,,15,五股區,60～64歲,60,64,不相關,0.0,女,結婚,國中,相同性別,0
113,,15,五股區,60～64歲,60,64,不相關,0.0,女,結婚,國小以下,不同性別,0
113,,15,五股區,60～64歲,60,64,不相關,0.0,女,結婚,國小以下,相同性別,0
113,,15,五股區,60～64歲,60,64,不相關,0.0,女,結婚,大學,不同性別,0
113,,15,五股區,60～64歲,60,64,不相關,0.0,女,結婚,大學,相同性別,0
113,,15,五股區,60～64歲,60,64,不相關,0.0,女,結婚,專科,不同性別,1
113,,15,五股區,60～64歲,60,64,不相關,0.0,女,結婚,專科,相同性別,0
113,,15,五股區,60～64歲,60,64,不相關,0.0,女,結婚,碩士,不同性別,0
113,,15,五股區,60～64歲,60,64,不相關,0.0,女,結婚,碩士,相同性別,0
113,,15,五股區,60～64歲,60,64,不相關,0.0,女,結婚,高中職,不同性別,2
113,,15,五股區,60～64歲,60,64,不相關,0.0,女,結婚,高中職,相同性別,0
113,,15,五股區,60～64歲,60,64,不相關,0.0,男,結婚,博士,不同性別,0
113,,15,五股區,60～64歲,60,64,不相關,0.0,男,結婚,博士,相同性別,0
113,,15,五股區,60～64歲,60,64,不相關,0.0,男,結婚,國中,不同性別,2
113,,15,五股區,60～64歲,60,64,不相關,0.0,男,結婚,國中,相同性別,0
113,,15,五股區,60～64歲,60,64,不相關,0.0,男,結婚,國小以下,不同性別,0
113,,15,五股區,60～64歲,60,64,不相關,0.0,男,結婚,國小以下,相同性別,0
113,,15,五股區,60～64歲,60,64,不相關,0.0,男,結婚,大學,不同性別,0
113,,15,五股區,60～64歲,60,64,不相關,0.0,男,結婚,大學,相同性別,0
113,,15,五股區,60～64歲,60,64,不相關,0.0,男,結婚,專科,不同性別,1
113,,15,五股區,60～64歲,60,64,不相關,0.0,男,結婚,專科,相同性別,0
113,,15,五股區,60～64歲,60,64,不相關,0.0,男,結婚,碩士,不同性別,0
113,,15,五股區,60～64歲,60,64,不相關,0.0,男,結婚,碩士,相同性別,0
113,,15,五股區,60～64歲,60,64,不相關,0.0,男,結婚,高中職,不同性別,2
113,,15,五股區,60～64歲,60,64,不相關,0.0,男,結婚,高中職,相同性別,0
113,,15,五股區,65歲以上,65,120,不相關,0.0,女,結婚,博士,不同性別,0
113,,15,五股區,65歲以上,65,120,不相關,0.0,女,結婚,博士,相同性別,0
113,,15,五股區,65歲以上,65,120,不相關,0.0,女,結婚,國中,不同性別,2
113,,15,五股區,65歲以上,65,120,不相關,0.0,女,結婚,國中,相同性別,0
113,,15,五股區,65歲以上,65,120,不相關,0.0,女,結婚,國小以下,不同性別,1
113,,15,五股區,65歲以上,65,120,不相關,0.0,女,結婚,國小以下,相同性別,0
113,,15,五股區,65歲以上,65,120,不相關,0.0,女,結婚,大學,不同性別,0
113,,15,五股區,65歲以上,65,120,不相關,0.0,女,結婚,大學,相同性別,0
113,,15,五股區,65歲以上,65,120,不相關,0.0,女,結婚,專科,不同性別,0
113,,15,五股區,65歲以上,65,120,不相關,0.0,女,結婚,專科,相同性別,0
113,,15,五股區,65歲以上,65,120,不相關,0.0,女,結婚,碩士,不同性別,0
113,,15,五股區,65歲以上,65,120,不相關,0.0,女,結婚,碩士,相同性別,0
113,,15,五股區,65歲以上,65,120,不相關,0.0,女,結婚,高中職,不同性別,1
113,,15,五股區,65歲以上,65,120,不相關,0.0,女,結婚,高中職,相同性別,0
113,,15,五股區,65歲以上,65,120,不相關,0.0,男,結婚,博士,不同性別,0
113,,15,五股區,65歲以上,65,120,不相關,0.0,男,結婚,博士,相同性別,0
113,,15,五股區,65歲以上,65,120,不相關,0.0,男,結婚,國中,不同性別,0
113,,15,五股區,65歲以上,65,120,不相關,0.0,男,結婚,國中,相同性別,0
113,,15,五股區,65歲以上,65,120,不相關,0.0,男,結婚,國小以下,不同性別,1
113,,15,五股區,65歲以上,65,120,不相關,0.0,男,結婚,國小以下,相同性別,0
113,,15,五股區,65歲以上,65,120,不相關,0.0,男,結婚,大學,不同性別,3
113,,15,五股區,65歲以上,65,120,不相關,0.0,男,結婚,大學,相同性別,0
113,,15,五股區,65歲以上,65,120,不相關,0.0,男,結婚,專科,不同性別,1
113,,15,五股區,65歲以上,65,120,不相關,0.0,男,結婚,專科,相同性別,0
113,,15,五股區,65歲以上,65,120,不相關,0.0,男,結婚,碩士,不同性別,0
113,,15,五股區,65歲以上,65,120,不相關,0.0,男,結婚,碩士,相同性別,0
113,,15,五股區,65歲以上,65,120,不相關,0.0,男,結婚,高中職,不同性別,2
113,,15,五股區,65歲以上,65,120,不相關,0.0,男,結婚,高中職,相同性別,0
113,,16,泰山區,未滿15歲,0,14,不相關,0.0,女,結婚,博士,不同性別,0
113,,16,泰山區,未滿15歲,0,14,不相關,0.0,女,結婚,博士,相同性別,0
113,,16,泰山區,未滿15歲,0,14,不相關,0.0,女,結婚,國中,不同性別,0
113,,16,泰山區,未滿15歲,0,14,不相關,0.0,女,結婚,國中,相同性別,0
113,,16,泰山區,未滿15歲,0,14,不相關,0.0,女,結婚,國小以下,不同性別,0
113,,16,泰山區,未滿15歲,0,14,不相關,0.0,女,結婚,國小以下,相同性別,0
113,,16,泰山區,未滿15歲,0,14,不相關,0.0,女,結婚,大學,不同性別,0
113,,16,泰山區,未滿15歲,0,14,不相關,0.0,女,結婚,大學,相同性別,0
113,,16,泰山區,未滿15歲,0,14,不相關,0.0,女,結婚,專科,不同性別,0
113,,16,泰山區,未滿15歲,0,14,不相關,0.0,女,結婚,專科,相同性別,0
113,,16,泰山區,未滿15歲,0,14,不相關,0.0,女,結婚,碩士,不同性別,0
113,,16,泰山區,未滿15歲,0,14,不相關,0.0,女,結婚,碩士,相同性別,0
113,,16,泰山區,未滿15歲,0,14,不相關,0.0,女,結婚,高中職,不同性別,0
113,,16,泰山區,未滿15歲,0,14,不相關,0.0,女,結婚,高中職,相同性別,0
113,,16,泰山區,未滿15歲,0,14,不相關,0.0,男,結婚,博士,不同性別,0
113,,16,泰山區,未滿15歲,0,14,不相關,0.0,男,結婚,博士,相同性別,0
113,,16,泰山區,未滿15歲,0,14,不相關,0.0,男,結婚,國中,不同性別,0
113,,16,泰山區,未滿15歲,0,14,不相關,0.0,男,結婚,國中,相同性別,0
113,,16,泰山區,未滿15歲,0,14,不相關,0.0,男,結婚,國小以下,不同性別,0
113,,16,泰山區,未滿15歲,0,14,不相關,0.0,男,結婚,國小以下,相同性別,0
113,,16,泰山區,未滿15歲,0,14,不相關,0.0,男,結婚,大學,不同性別,0
113,,16,泰山區,未滿15歲,0,14,不相關,0.0,男,結婚,大學,相同性別,0
113,,16,泰山區,未滿15歲,0,14,不相關,0.0,男,結婚,專科,不同性別,0
113,,16,泰山區,未滿15歲,0,14,不相關,0.0,男,結婚,專科,相同性別,0
113,,16,泰山區,未滿15歲,0,14,不相關,0.0,男,結婚,碩士,不同性別,0
113,,16,泰山區,未滿15歲,0,14,不相關,0.0,男,結婚,碩士,相同性別,0
113,,16,泰山區,未滿15歲,0,14,不相關,0.0,男,結婚,高中職,不同性別,0
113,,16,泰山區,未滿15歲,0,14,不相關,0.0,男,結婚,高中職,相同性別,0
113,,16,泰山區,15～19歲,15,19,部分重疊,0.4,女,結婚,博士,不同性別,0
113,,16,泰山區,15～19歲,15,19,部分重疊,0.4,女,結婚,博士,相同性別,0
113,,16,泰山區,15～19歲,15,19,部分重疊,0.4,女,結婚,國中,不同性別,2
113,,16,泰山區,15～19歲,15,19,部分重疊,0.4,女,結婚,國中,相同性別,0
113,,16,泰山區,15～19歲,15,19,部分重疊,0.4,女,結婚,國小以下,不同性別,0
113,,16,泰山區,15～19歲,15,19,部分重疊,0.4,女,結婚,國小以下,相同性別,0
113,,16,泰山區,15～19歲,15,19,部分重疊,0.4,女,結婚,大學,不同性別,0
113,,16,泰山區,15～19歲,15,19,部分重疊,0.4,女,結婚,大學,相同性別,0
113,,16,泰山區,15～19歲,15,19,部分重疊,0.4,女,結婚,專科,不同性別,0
113,,16,泰山區,15～19歲,15,19,部分重疊,0.4,女,結婚,專科,相同性別,0
113,,16,泰山區,15～19歲,15,19,部分重疊,0.4,女,結婚,碩士,不同性別,0
113,,16,泰山區,15～19歲,15,19,部分重疊,0.4,女,結婚,碩士,相同性別,0
113,,16,泰山區,15～19歲,15,19,部分重疊,0.4,女,結婚,高中職,不同性別,2
113,,16,泰山區,15～19歲,15,19,部分重疊,0.4,女,結婚,高中職,相同性別,0
113,,16,泰山區,15～19歲,15,19,部分重疊,0.4,男,結婚,博士,不同性別,0
113,,16,泰山區,15～19歲,15,19,部分重疊,0.4,男,結婚,博士,相同性別,0
113,,16,泰山區,15～19歲,15,19,部分重疊,0.4,男,結婚,國中,不同性別,1
113,,16,泰山區,15～19歲,15,19,部分重疊,0.4,男,結婚,國中,相同性別,0
113,,16,泰山區,15～19歲,15,19,部分重疊,0.4,男,結婚,國小以下,不同性別,0
113,,16,泰山區,15～19歲,15,19,部分重疊,0.4,男,結婚,國小以下,相同性別,0
113,,16,泰山區,15～19歲,15,19,部分重疊,0.4,男,結婚,大學,不同性別,0
113,,16,泰山區,15～19歲,15,19,部分重疊,0.4,男,結婚,大學,相同性別,0
113,,16,泰山區,15～19歲,15,19,部分重疊,0.4,男,結婚,專科,不同性別,0
113,,16,泰山區,15～19歲,15,19,部分重疊,0.4,男,結婚,專科,相同性別,0
113,,16,泰山區,15～19歲,15,19,部分重疊,0.4,男,結婚,碩士,不同性別,0
113,,16,泰山區,15～19歲,15,19,部分重疊,0.4,男,結婚,碩士,相同性別,0
113,,16,泰山區,15～19歲,15,19,部分重疊,0.4,男,結婚,高中職,不同性別,0
113,,16,泰山區,15～19歲,15,19,部分重疊,0.4,男,結婚,高中職,相同性別,0
113,,16,泰山區,20～24歲,20,24,完全落入,1.0,女,結婚,博士,不同性別,0
113,,16,泰山區,20～24歲,20,24,完全落入,1.0,女,結婚,博士,相同性別,0
113,,16,泰山區,20～24歲,20,24,完全落入,1.0,女,結婚,國中,不同性別,3
113,,16,泰山區,20～24歲,20,24,完全落入,1.0,女,結婚,國中,相同性別,0
113,,16,泰山區,20～24歲,20,24,完全落入,1.0,女,結婚,國小以下,不同性別,2
113,,16,泰山區,20～24歲,20,24,完全落入,1.0,女,結婚,國小以下,相同性別,0
113,,16,泰山區,20～24歲,20,24,完全落入,1.0,女,結婚,大學,不同性別,8
113,,16,泰山區,20～24歲,20,24,完全落入,1.0,女,結婚,大學,相同性別,0
113,,16,泰山區,20～24歲,20,24,完全落入,1.0,女,結婚,專科,不同性別,0
113,,16,泰山區,20～24歲,20,24,完全落入,1.0,女,結婚,專科,相同性別,0
113,,16,泰山區,20～24歲,20,24,完全落入,1.0,女,結婚,碩士,不同性別,0
113,,16,泰山區,20～24歲,20,24,完全落入,1.0,女,結婚,碩士,相同性別,0
113,,16,泰山區,20～24歲,20,24,完全落入,1.0,女,結婚,高中職,不同性別,17
113,,16,泰山區,20～24歲,20,24,完全落入,1.0,女,結婚,高中職,相同性別,0
113,,16,泰山區,20～24歲,20,24,完全落入,1.0,男,結婚,博士,不同性別,0
113,,16,泰山區,20～24歲,20,24,完全落入,1.0,男,結婚,博士,相同性別,0
113,,16,泰山區,20～24歲,20,24,完全落入,1.0,男,結婚,國中,不同性別,12
113,,16,泰山區,20～24歲,20,24,完全落入,1.0,男,結婚,國中,相同性別,0
113,,16,泰山區,20～24歲,20,24,完全落入,1.0,男,結婚,國小以下,不同性別,1
113,,16,泰山區,20～24歲,20,24,完全落入,1.0,男,結婚,國小以下,相同性別,0
113,,16,泰山區,20～24歲,20,24,完全落入,1.0,男,結婚,大學,不同性別,2
113,,16,泰山區,20～24歲,20,24,完全落入,1.0,男,結婚,大學,相同性別,0
113,,16,泰山區,20～24歲,20,24,完全落入,1.0,男,結婚,專科,不同性別,0
113,,16,泰山區,20～24歲,20,24,完全落入,1.0,男,結婚,專科,相同性別,1
113,,16,泰山區,20～24歲,20,24,完全落入,1.0,男,結婚,碩士,不同性別,0
113,,16,泰山區,20～24歲,20,24,完全落入,1.0,男,結婚,碩士,相同性別,0
113,,16,泰山區,20～24歲,20,24,完全落入,1.0,男,結婚,高中職,不同性別,5
113,,16,泰山區,20～24歲,20,24,完全落入,1.0,男,結婚,高中職,相同性別,0
113,,16,泰山區,25～29歲,25,29,完全落入,1.0,女,結婚,博士,不同性別,0
113,,16,泰山區,25～29歲,25,29,完全落入,1.0,女,結婚,博士,相同性別,0
113,,16,泰山區,25～29歲,25,29,完全落入,1.0,女,結婚,國中,不同性別,8
113,,16,泰山區,25～29歲,25,29,完全落入,1.0,女,結婚,國中,相同性別,0
113,,16,泰山區,25～29歲,25,29,完全落入,1.0,女,結婚,國小以下,不同性別,1
113,,16,泰山區,25～29歲,25,29,完全落入,1.0,女,結婚,國小以下,相同性別,0
113,,16,泰山區,25～29歲,25,29,完全落入,1.0,女,結婚,大學,不同性別,71
113,,16,泰山區,25～29歲,25,29,完全落入,1.0,女,結婚,大學,相同性別,0
113,,16,泰山區,25～29歲,25,29,完全落入,1.0,女,結婚,專科,不同性別,6
113,,16,泰山區,25～29歲,25,29,完全落入,1.0,女,結婚,專科,相同性別,0
113,,16,泰山區,25～29歲,25,29,完全落入,1.0,女,結婚,碩士,不同性別,4
113,,16,泰山區,25～29歲,25,29,完全落入,1.0,女,結婚,碩士,相同性別,0
113,,16,泰山區,25～29歲,25,29,完全落入,1.0,女,結婚,高中職,不同性別,21
113,,16,泰山區,25～29歲,25,29,完全落入,1.0,女,結婚,高中職,相同性別,0
113,,16,泰山區,25～29歲,25,29,完全落入,1.0,男,結婚,博士,不同性別,0
113,,16,泰山區,25～29歲,25,29,完全落入,1.0,男,結婚,博士,相同性別,0
113,,16,泰山區,25～29歲,25,29,完全落入,1.0,男,結婚,國中,不同性別,8
113,,16,泰山區,25～29歲,25,29,完全落入,1.0,男,結婚,國中,相同性別,0
113,,16,泰山區,25～29歲,25,29,完全落入,1.0,男,結婚,國小以下,不同性別,1
113,,16,泰山區,25～29歲,25,29,完全落入,1.0,男,結婚,國小以下,相同性別,0
113,,16,泰山區,25～29歲,25,29,完全落入,1.0,男,結婚,大學,不同性別,45
113,,16,泰山區,25～29歲,25,29,完全落入,1.0,男,結婚,大學,相同性別,1
113,,16,泰山區,25～29歲,25,29,完全落入,1.0,男,結婚,專科,不同性別,4
113,,16,泰山區,25～29歲,25,29,完全落入,1.0,男,結婚,專科,相同性別,0
113,,16,泰山區,25～29歲,25,29,完全落入,1.0,男,結婚,碩士,不同性別,10
113,,16,泰山區,25～29歲,25,29,完全落入,1.0,男,結婚,碩士,相同性別,1
113,,16,泰山區,25～29歲,25,29,完全落入,1.0,男,結婚,高中職,不同性別,24
113,,16,泰山區,25～29歲,25,29,完全落入,1.0,男,結婚,高中職,相同性別,0
113,,16,泰山區,30～34歲,30,34,完全落入,1.0,女,結婚,博士,不同性別,1
113,,16,泰山區,30～34歲,30,34,完全落入,1.0,女,結婚,博士,相同性別,0
113,,16,泰山區,30～34歲,30,34,完全落入,1.0,女,結婚,國中,不同性別,5
113,,16,泰山區,30～34歲,30,34,完全落入,1.0,女,結婚,國中,相同性別,0
113,,16,泰山區,30～34歲,30,34,完全落入,1.0,女,結婚,國小以下,不同性別,1
113,,16,泰山區,30～34歲,30,34,完全落入,1.0,女,結婚,國小以下,相同性別,0
113,,16,泰山區,30～34歲,30,34,完全落入,1.0,女,結婚,大學,不同性別,62
113,,16,泰山區,30～34歲,30,34,完全落入,1.0,女,結婚,大學,相同性別,4
113,,16,泰山區,30～34歲,30,34,完全落入,1.0,女,結婚,專科,不同性別,3
113,,16,泰山區,30～34歲,30,34,完全落入,1.0,女,結婚,專科,相同性別,0
113,,16,泰山區,30～34歲,30,34,完全落入,1.0,女,結婚,碩士,不同性別,15
113,,16,泰山區,30～34歲,30,34,完全落入,1.0,女,結婚,碩士,相同性別,1
113,,16,泰山區,30～34歲,30,34,完全落入,1.0,女,結婚,高中職,不同性別,22
113,,16,泰山區,30～34歲,30,34,完全落入,1.0,女,結婚,高中職,相同性別,2
113,,16,泰山區,30～34歲,30,34,完全落入,1.0,男,結婚,博士,不同性別,1
113,,16,泰山區,30～34歲,30,34,完全落入,1.0,男,結婚,博士,相同性別,0
113,,16,泰山區,30～34歲,30,34,完全落入,1.0,男,結婚,國中,不同性別,5
113,,16,泰山區,30～34歲,30,34,完全落入,1.0,男,結婚,國中,相同性別,0
113,,16,泰山區,30～34歲,30,34,完全落入,1.0,男,結婚,國小以下,不同性別,2
113,,16,泰山區,30～34歲,30,34,完全落入,1.0,男,結婚,國小以下,相同性別,0
113,,16,泰山區,30～34歲,30,34,完全落入,1.0,男,結婚,大學,不同性別,53
113,,16,泰山區,30～34歲,30,34,完全落入,1.0,男,結婚,大學,相同性別,1
113,,16,泰山區,30～34歲,30,34,完全落入,1.0,男,結婚,專科,不同性別,2
113,,16,泰山區,30～34歲,30,34,完全落入,1.0,男,結婚,專科,相同性別,0
113,,16,泰山區,30～34歲,30,34,完全落入,1.0,男,結婚,碩士,不同性別,11
113,,16,泰山區,30～34歲,30,34,完全落入,1.0,男,結婚,碩士,相同性別,1
113,,16,泰山區,30～34歲,30,34,完全落入,1.0,男,結婚,高中職,不同性別,28
113,,16,泰山區,30～34歲,30,34,完全落入,1.0,男,結婚,高中職,相同性別,0
113,,16,泰山區,35～39歲,35,39,部分重疊,0.2,女,結婚,博士,不同性別,1
113,,16,泰山區,35～39歲,35,39,部分重疊,0.2,女,結婚,博士,相同性別,0
113,,16,泰山區,35～39歲,35,39,部分重疊,0.2,女,結婚,國中,不同性別,8
113,,16,泰山區,35～39歲,35,39,部分重疊,0.2,女,結婚,國中,相同性別,1
113,,16,泰山區,35～39歲,35,39,部分重疊,0.2,女,結婚,國小以下,不同性別,1
113,,16,泰山區,35～39歲,35,39,部分重疊,0.2,女,結婚,國小以下,相同性別,0
113,,16,泰山區,35～39歲,35,39,部分重疊,0.2,女,結婚,大學,不同性別,26
113,,16,泰山區,35～39歲,35,39,部分重疊,0.2,女,結婚,大學,相同性別,1
113,,16,泰山區,35～39歲,35,39,部分重疊,0.2,女,結婚,專科,不同性別,1
113,,16,泰山區,35～39歲,35,39,部分重疊,0.2,女,結婚,專科,相同性別,0
113,,16,泰山區,35～39歲,35,39,部分重疊,0.2,女,結婚,碩士,不同性別,6
113,,16,泰山區,35～39歲,35,39,部分重疊,0.2,女,結婚,碩士,相同性別,1
113,,16,泰山區,35～39歲,35,39,部分重疊,0.2,女,結婚,高中職,不同性別,12
113,,16,泰山區,35～39歲,35,39,部分重疊,0.2,女,結婚,高中職,相同性別,1
113,,16,泰山區,35～39歲,35,39,部分重疊,0.2,男,結婚,博士,不同性別,0
113,,16,泰山區,35～39歲,35,39,部分重疊,0.2,男,結婚,博士,相同性別,0
113,,16,泰山區,35～39歲,35,39,部分重疊,0.2,男,結婚,國中,不同性別,11
113,,16,泰山區,35～39歲,35,39,部分重疊,0.2,男,結婚,國中,相同性別,0
113,,16,泰山區,35～39歲,35,39,部分重疊,0.2,男,結婚,國小以下,不同性別,1
113,,16,泰山區,35～39歲,35,39,部分重疊,0.2,男,結婚,國小以下,相同性別,0
113,,16,泰山區,35～39歲,35,39,部分重疊,0.2,男,結婚,大學,不同性別,28
113,,16,泰山區,35～39歲,35,39,部分重疊,0.2,男,結婚,大學,相同性別,0
113,,16,泰山區,35～39歲,35,39,部分重疊,0.2,男,結婚,專科,不同性別,3
113,,16,泰山區,35～39歲,35,39,部分重疊,0.2,男,結婚,專科,相同性別,0
113,,16,泰山區,35～39歲,35,39,部分重疊,0.2,男,結婚,碩士,不同性別,9
113,,16,泰山區,35～39歲,35,39,部分重疊,0.2,男,結婚,碩士,相同性別,0
113,,16,泰山區,35～39歲,35,39,部分重疊,0.2,男,結婚,高中職,不同性別,8
113,,16,泰山區,35～39歲,35,39,部分重疊,0.2,男,結婚,高中職,相同性別,0
113,,16,泰山區,40～44歲,40,44,不相關,0.0,女,結婚,博士,不同性別,0
113,,16,泰山區,40～44歲,40,44,不相關,0.0,女,結婚,博士,相同性別,0
113,,16,泰山區,40～44歲,40,44,不相關,0.0,女,結婚,國中,不同性別,6
113,,16,泰山區,40～44歲,40,44,不相關,0.0,女,結婚,國中,相同性別,0
113,,16,泰山區,40～44歲,40,44,不相關,0.0,女,結婚,國小以下,不同性別,0
113,,16,泰山區,40～44歲,40,44,不相關,0.0,女,結婚,國小以下,相同性別,0
113,,16,泰山區,40～44歲,40,44,不相關,0.0,女,結婚,大學,不同性別,4
113,,16,泰山區,40～44歲,40,44,不相關,0.0,女,結婚,大學,相同性別,0
113,,16,泰山區,40～44歲,40,44,不相關,0.0,女,結婚,專科,不同性別,3
113,,16,泰山區,40～44歲,40,44,不相關,0.0,女,結婚,專科,相同性別,1
113,,16,泰山區,40～44歲,40,44,不相關,0.0,女,結婚,碩士,不同性別,2
113,,16,泰山區,40～44歲,40,44,不相關,0.0,女,結婚,碩士,相同性別,0
113,,16,泰山區,40～44歲,40,44,不相關,0.0,女,結婚,高中職,不同性別,11
113,,16,泰山區,40～44歲,40,44,不相關,0.0,女,結婚,高中職,相同性別,1
113,,16,泰山區,40～44歲,40,44,不相關,0.0,男,結婚,博士,不同性別,0
113,,16,泰山區,40～44歲,40,44,不相關,0.0,男,結婚,博士,相同性別,0
113,,16,泰山區,40～44歲,40,44,不相關,0.0,男,結婚,國中,不同性別,1
113,,16,泰山區,40～44歲,40,44,不相關,0.0,男,結婚,國中,相同性別,0
113,,16,泰山區,40～44歲,40,44,不相關,0.0,男,結婚,國小以下,不同性別,1
113,,16,泰山區,40～44歲,40,44,不相關,0.0,男,結婚,國小以下,相同性別,0
113,,16,泰山區,40～44歲,40,44,不相關,0.0,男,結婚,大學,不同性別,18
113,,16,泰山區,40～44歲,40,44,不相關,0.0,男,結婚,大學,相同性別,1
113,,16,泰山區,40～44歲,40,44,不相關,0.0,男,結婚,專科,不同性別,2
113,,16,泰山區,40～44歲,40,44,不相關,0.0,男,結婚,專科,相同性別,0
113,,16,泰山區,40～44歲,40,44,不相關,0.0,男,結婚,碩士,不同性別,2
113,,16,泰山區,40～44歲,40,44,不相關,0.0,男,結婚,碩士,相同性別,0
113,,16,泰山區,40～44歲,40,44,不相關,0.0,男,結婚,高中職,不同性別,9
113,,16,泰山區,40～44歲,40,44,不相關,0.0,男,結婚,高中職,相同性別,0
113,,16,泰山區,45～49歲,45,49,不相關,0.0,女,結婚,博士,不同性別,0
113,,16,泰山區,45～49歲,45,49,不相關,0.0,女,結婚,博士,相同性別,0
113,,16,泰山區,45～49歲,45,49,不相關,0.0,女,結婚,國中,不同性別,1
113,,16,泰山區,45～49歲,45,49,不相關,0.0,女,結婚,國中,相同性別,0
113,,16,泰山區,45～49歲,45,49,不相關,0.0,女,結婚,國小以下,不同性別,0
113,,16,泰山區,45～49歲,45,49,不相關,0.0,女,結婚,國小以下,相同性別,0
113,,16,泰山區,45～49歲,45,49,不相關,0.0,女,結婚,大學,不同性別,1
113,,16,泰山區,45～49歲,45,49,不相關,0.0,女,結婚,大學,相同性別,1
113,,16,泰山區,45～49歲,45,49,不相關,0.0,女,結婚,專科,不同性別,0
113,,16,泰山區,45～49歲,45,49,不相關,0.0,女,結婚,專科,相同性別,0
113,,16,泰山區,45～49歲,45,49,不相關,0.0,女,結婚,碩士,不同性別,1
113,,16,泰山區,45～49歲,45,49,不相關,0.0,女,結婚,碩士,相同性別,0
113,,16,泰山區,45～49歲,45,49,不相關,0.0,女,結婚,高中職,不同性別,4
113,,16,泰山區,45～49歲,45,49,不相關,0.0,女,結婚,高中職,相同性別,0
113,,16,泰山區,45～49歲,45,49,不相關,0.0,男,結婚,博士,不同性別,0
113,,16,泰山區,45～49歲,45,49,不相關,0.0,男,結婚,博士,相同性別,0
113,,16,泰山區,45～49歲,45,49,不相關,0.0,男,結婚,國中,不同性別,5
113,,16,泰山區,45～49歲,45,49,不相關,0.0,男,結婚,國中,相同性別,0
113,,16,泰山區,45～49歲,45,49,不相關,0.0,男,結婚,國小以下,不同性別,0
113,,16,泰山區,45～49歲,45,49,不相關,0.0,男,結婚,國小以下,相同性別,0
113,,16,泰山區,45～49歲,45,49,不相關,0.0,男,結婚,大學,不同性別,4
113,,16,泰山區,45～49歲,45,49,不相關,0.0,男,結婚,大學,相同性別,0
113,,16,泰山區,45～49歲,45,49,不相關,0.0,男,結婚,專科,不同性別,3
113,,16,泰山區,45～49歲,45,49,不相關,0.0,男,結婚,專科,相同性別,0
113,,16,泰山區,45～49歲,45,49,不相關,0.0,男,結婚,碩士,不同性別,2
113,,16,泰山區,45～49歲,45,49,不相關,0.0,男,結婚,碩士,相同性別,0
113,,16,泰山區,45～49歲,45,49,不相關,0.0,男,結婚,高中職,不同性別,7
113,,16,泰山區,45～49歲,45,49,不相關,0.0,男,結婚,高中職,相同性別,0
113,,16,泰山區,50～54歲,50,54,不相關,0.0,女,結婚,博士,不同性別,0
113,,16,泰山區,50～54歲,50,54,不相關,0.0,女,結婚,博士,相同性別,0
113,,16,泰山區,50～54歲,50,54,不相關,0.0,女,結婚,國中,不同性別,1
113,,16,泰山區,50～54歲,50,54,不相關,0.0,女,結婚,國中,相同性別,1
113,,16,泰山區,50～54歲,50,54,不相關,0.0,女,結婚,國小以下,不同性別,1
113,,16,泰山區,50～54歲,50,54,不相關,0.0,女,結婚,國小以下,相同性別,0
113,,16,泰山區,50～54歲,50,54,不相關,0.0,女,結婚,大學,不同性別,2
113,,16,泰山區,50～54歲,50,54,不相關,0.0,女,結婚,大學,相同性別,2
113,,16,泰山區,50～54歲,50,54,不相關,0.0,女,結婚,專科,不同性別,1
113,,16,泰山區,50～54歲,50,54,不相關,0.0,女,結婚,專科,相同性別,0
113,,16,泰山區,50～54歲,50,54,不相關,0.0,女,結婚,碩士,不同性別,0
113,,16,泰山區,50～54歲,50,54,不相關,0.0,女,結婚,碩士,相同性別,1
113,,16,泰山區,50～54歲,50,54,不相關,0.0,女,結婚,高中職,不同性別,2
113,,16,泰山區,50～54歲,50,54,不相關,0.0,女,結婚,高中職,相同性別,0
113,,16,泰山區,50～54歲,50,54,不相關,0.0,男,結婚,博士,不同性別,0
113,,16,泰山區,50～54歲,50,54,不相關,0.0,男,結婚,博士,相同性別,0
113,,16,泰山區,50～54歲,50,54,不相關,0.0,男,結婚,國中,不同性別,1
113,,16,泰山區,50～54歲,50,54,不相關,0.0,男,結婚,國中,相同性別,0
113,,16,泰山區,50～54歲,50,54,不相關,0.0,男,結婚,國小以下,不同性別,0
113,,16,泰山區,50～54歲,50,54,不相關,0.0,男,結婚,國小以下,相同性別,0
113,,16,泰山區,50～54歲,50,54,不相關,0.0,男,結婚,大學,不同性別,1
113,,16,泰山區,50～54歲,50,54,不相關,0.0,男,結婚,大學,相同性別,0
113,,16,泰山區,50～54歲,50,54,不相關,0.0,男,結婚,專科,不同性別,2
113,,16,泰山區,50～54歲,50,54,不相關,0.0,男,結婚,專科,相同性別,0
113,,16,泰山區,50～54歲,50,54,不相關,0.0,男,結婚,碩士,不同性別,2
113,,16,泰山區,50～54歲,50,54,不相關,0.0,男,結婚,碩士,相同性別,0
113,,16,泰山區,50～54歲,50,54,不相關,0.0,男,結婚,高中職,不同性別,9
113,,16,泰山區,50～54歲,50,54,不相關,0.0,男,結婚,高中職,相同性別,0
113,,16,泰山區,55～59歲,55,59,不相關,0.0,女,結婚,博士,不同性別,0
113,,16,泰山區,55～59歲,55,59,不相關,0.0,女,結婚,博士,相同性別,0
113,,16,泰山區,55～59歲,55,59,不相關,0.0,女,結婚,國中,不同性別,1
113,,16,泰山區,55～59歲,55,59,不相關,0.0,女,結婚,國中,相同性別,0
113,,16,泰山區,55～59歲,55,59,不相關,0.0,女,結婚,國小以下,不同性別,0
113,,16,泰山區,55～59歲,55,59,不相關,0.0,女,結婚,國小以下,相同性別,0
113,,16,泰山區,55～59歲,55,59,不相關,0.0,女,結婚,大學,不同性別,1
113,,16,泰山區,55～59歲,55,59,不相關,0.0,女,結婚,大學,相同性別,0
113,,16,泰山區,55～59歲,55,59,不相關,0.0,女,結婚,專科,不同性別,0
113,,16,泰山區,55～59歲,55,59,不相關,0.0,女,結婚,專科,相同性別,0
113,,16,泰山區,55～59歲,55,59,不相關,0.0,女,結婚,碩士,不同性別,2
113,,16,泰山區,55～59歲,55,59,不相關,0.0,女,結婚,碩士,相同性別,0
113,,16,泰山區,55～59歲,55,59,不相關,0.0,女,結婚,高中職,不同性別,2
113,,16,泰山區,55～59歲,55,59,不相關,0.0,女,結婚,高中職,相同性別,0
113,,16,泰山區,55～59歲,55,59,不相關,0.0,男,結婚,博士,不同性別,0
113,,16,泰山區,55～59歲,55,59,不相關,0.0,男,結婚,博士,相同性別,0
113,,16,泰山區,55～59歲,55,59,不相關,0.0,男,結婚,國中,不同性別,2
113,,16,泰山區,55～59歲,55,59,不相關,0.0,男,結婚,國中,相同性別,0
113,,16,泰山區,55～59歲,55,59,不相關,0.0,男,結婚,國小以下,不同性別,0
113,,16,泰山區,55～59歲,55,59,不相關,0.0,男,結婚,國小以下,相同性別,0
113,,16,泰山區,55～59歲,55,59,不相關,0.0,男,結婚,大學,不同性別,0
113,,16,泰山區,55～59歲,55,59,不相關,0.0,男,結婚,大學,相同性別,0
113,,16,泰山區,55～59歲,55,59,不相關,0.0,男,結婚,專科,不同性別,1
113,,16,泰山區,55～59歲,55,59,不相關,0.0,男,結婚,專科,相同性別,0
113,,16,泰山區,55～59歲,55,59,不相關,0.0,男,結婚,碩士,不同性別,0
113,,16,泰山區,55～59歲,55,59,不相關,0.0,男,結婚,碩士,相同性別,0
113,,16,泰山區,55～59歲,55,59,不相關,0.0,男,結婚,高中職,不同性別,2
113,,16,泰山區,55～59歲,55,59,不相關,0.0,男,結婚,高中職,相同性別,0
113,,16,泰山區,60～64歲,60,64,不相關,0.0,女,結婚,博士,不同性別,0
113,,16,泰山區,60～64歲,60,64,不相關,0.0,女,結婚,博士,相同性別,0
113,,16,泰山區,60～64歲,60,64,不相關,0.0,女,結婚,國中,不同性別,0
113,,16,泰山區,60～64歲,60,64,不相關,0.0,女,結婚,國中,相同性別,0
113,,16,泰山區,60～64歲,60,64,不相關,0.0,女,結婚,國小以下,不同性別,0
113,,16,泰山區,60～64歲,60,64,不相關,0.0,女,結婚,國小以下,相同性別,0
113,,16,泰山區,60～64歲,60,64,不相關,0.0,女,結婚,大學,不同性別,0
113,,16,泰山區,60～64歲,60,64,不相關,0.0,女,結婚,大學,相同性別,0
113,,16,泰山區,60～64歲,60,64,不相關,0.0,女,結婚,專科,不同性別,0
113,,16,泰山區,60～64歲,60,64,不相關,0.0,女,結婚,專科,相同性別,0
113,,16,泰山區,60～64歲,60,64,不相關,0.0,女,結婚,碩士,不同性別,0
113,,16,泰山區,60～64歲,60,64,不相關,0.0,女,結婚,碩士,相同性別,0
113,,16,泰山區,60～64歲,60,64,不相關,0.0,女,結婚,高中職,不同性別,1
113,,16,泰山區,60～64歲,60,64,不相關,0.0,女,結婚,高中職,相同性別,0
113,,16,泰山區,60～64歲,60,64,不相關,0.0,男,結婚,博士,不同性別,0
113,,16,泰山區,60～64歲,60,64,不相關,0.0,男,結婚,博士,相同性別,0
113,,16,泰山區,60～64歲,60,64,不相關,0.0,男,結婚,國中,不同性別,2
113,,16,泰山區,60～64歲,60,64,不相關,0.0,男,結婚,國中,相同性別,0
113,,16,泰山區,60～64歲,60,64,不相關,0.0,男,結婚,國小以下,不同性別,1
113,,16,泰山區,60～64歲,60,64,不相關,0.0,男,結婚,國小以下,相同性別,0
113,,16,泰山區,60～64歲,60,64,不相關,0.0,男,結婚,大學,不同性別,1
113,,16,泰山區,60～64歲,60,64,不相關,0.0,男,結婚,大學,相同性別,0
113,,16,泰山區,60～64歲,60,64,不相關,0.0,男,結婚,專科,不同性別,1
113,,16,泰山區,60～64歲,60,64,不相關,0.0,男,結婚,專科,相同性別,0
113,,16,泰山區,60～64歲,60,64,不相關,0.0,男,結婚,碩士,不同性別,0
113,,16,泰山區,60～64歲,60,64,不相關,0.0,男,結婚,碩士,相同性別,0
113,,16,泰山區,60～64歲,60,64,不相關,0.0,男,結婚,高中職,不同性別,2
113,,16,泰山區,60～64歲,60,64,不相關,0.0,男,結婚,高中職,相同性別,0
113,,16,泰山區,65歲以上,65,120,不相關,0.0,女,結婚,博士,不同性別,0
113,,16,泰山區,65歲以上,65,120,不相關,0.0,女,結婚,博士,相同性別,0
113,,16,泰山區,65歲以上,65,120,不相關,0.0,女,結婚,國中,不同性別,0
113,,16,泰山區,65歲以上,65,120,不相關,0.0,女,結婚,國中,相同性別,0
113,,16,泰山區,65歲以上,65,120,不相關,0.0,女,結婚,國小以下,不同性別,1
113,,16,泰山區,65歲以上,65,120,不相關,0.0,女,結婚,國小以下,相同性別,0
113,,16,泰山區,65歲以上,65,120,不相關,0.0,女,結婚,大學,不同性別,0
113,,16,泰山區,65歲以上,65,120,不相關,0.0,女,結婚,大學,相同性別,0
113,,16,泰山區,65歲以上,65,120,不相關,0.0,女,結婚,專科,不同性別,0
113,,16,泰山區,65歲以上,65,120,不相關,0.0,女,結婚,專科,相同性別,0
113,,16,泰山區,65歲以上,65,120,不相關,0.0,女,結婚,碩士,不同性別,0
113,,16,泰山區,65歲以上,65,120,不相關,0.0,女,結婚,碩士,相同性別,0
113,,16,泰山區,65歲以上,65,120,不相關,0.0,女,結婚,高中職,不同性別,0
113,,16,泰山區,65歲以上,65,120,不相關,0.0,女,結婚,高中職,相同性別,0
113,,16,泰山區,65歲以上,65,120,不相關,0.0,男,結婚,博士,不同性別,0
113,,16,泰山區,65歲以上,65,120,不相關,0.0,男,結婚,博士,相同性別,0
113,,16,泰山區,65歲以上,65,120,不相關,0.0,男,結婚,國中,不同性別,0
113,,16,泰山區,65歲以上,65,120,不相關,0.0,男,結婚,國中,相同性別,0
113,,16,泰山區,65歲以上,65,120,不相關,0.0,男,結婚,國小以下,不同性別,1
113,,16,泰山區,65歲以上,65,120,不相關,0.0,男,結婚,國小以下,相同性別,0
113,,16,泰山區,65歲以上,65,120,不相關,0.0,男,結婚,大學,不同性別,0
113,,16,泰山區,65歲以上,65,120,不相關,0.0,男,結婚,大學,相同性別,0
113,,16,泰山區,65歲以上,65,120,不相關,0.0,男,結婚,專科,不同性別,0
113,,16,泰山區,65歲以上,65,120,不相關,0.0,男,結婚,專科,相同性別,0
113,,16,泰山區,65歲以上,65,120,不相關,0.0,男,結婚,碩士,不同性別,0
113,,16,泰山區,65歲以上,65,120,不相關,0.0,男,結婚,碩士,相同性別,0
113,,16,泰山區,65歲以上,65,120,不相關,0.0,男,結婚,高中職,不同性別,0
113,,16,泰山區,65歲以上,65,120,不相關,0.0,男,結婚,高中職,相同性別,0
113,,17,林口區,未滿15歲,0,14,不相關,0.0,女,結婚,博士,不同性別,0
113,,17,林口區,未滿15歲,0,14,不相關,0.0,女,結婚,博士,相同性別,0
113,,17,林口區,未滿15歲,0,14,不相關,0.0,女,結婚,國中,不同性別,0
113,,17,林口區,未滿15歲,0,14,不相關,0.0,女,結婚,國中,相同性別,0
113,,17,林口區,未滿15歲,0,14,不相關,0.0,女,結婚,國小以下,不同性別,0
113,,17,林口區,未滿15歲,0,14,不相關,0.0,女,結婚,國小以下,相同性別,0
113,,17,林口區,未滿15歲,0,14,不相關,0.0,女,結婚,大學,不同性別,0
113,,17,林口區,未滿15歲,0,14,不相關,0.0,女,結婚,大學,相同性別,0
113,,17,林口區,未滿15歲,0,14,不相關,0.0,女,結婚,專科,不同性別,0
113,,17,林口區,未滿15歲,0,14,不相關,0.0,女,結婚,專科,相同性別,0
113,,17,林口區,未滿15歲,0,14,不相關,0.0,女,結婚,碩士,不同性別,0
113,,17,林口區,未滿15歲,0,14,不相關,0.0,女,結婚,碩士,相同性別,0
113,,17,林口區,未滿15歲,0,14,不相關,0.0,女,結婚,高中職,不同性別,0
113,,17,林口區,未滿15歲,0,14,不相關,0.0,女,結婚,高中職,相同性別,0
113,,17,林口區,未滿15歲,0,14,不相關,0.0,男,結婚,博士,不同性別,0
113,,17,林口區,未滿15歲,0,14,不相關,0.0,男,結婚,博士,相同性別,0
113,,17,林口區,未滿15歲,0,14,不相關,0.0,男,結婚,國中,不同性別,0
113,,17,林口區,未滿15歲,0,14,不相關,0.0,男,結婚,國中,相同性別,0
113,,17,林口區,未滿15歲,0,14,不相關,0.0,男,結婚,國小以下,不同性別,0
113,,17,林口區,未滿15歲,0,14,不相關,0.0,男,結婚,國小以下,相同性別,0
113,,17,林口區,未滿15歲,0,14,不相關,0.0,男,結婚,大學,不同性別,0
113,,17,林口區,未滿15歲,0,14,不相關,0.0,男,結婚,大學,相同性別,0
113,,17,林口區,未滿15歲,0,14,不相關,0.0,男,結婚,專科,不同性別,0
113,,17,林口區,未滿15歲,0,14,不相關,0.0,男,結婚,專科,相同性別,0
113,,17,林口區,未滿15歲,0,14,不相關,0.0,男,結婚,碩士,不同性別,0
113,,17,林口區,未滿15歲,0,14,不相關,0.0,男,結婚,碩士,相同性別,0
113,,17,林口區,未滿15歲,0,14,不相關,0.0,男,結婚,高中職,不同性別,0
113,,17,林口區,未滿15歲,0,14,不相關,0.0,男,結婚,高中職,相同性別,0
113,,17,林口區,15～19歲,15,19,部分重疊,0.4,女,結婚,博士,不同性別,0
113,,17,林口區,15～19歲,15,19,部分重疊,0.4,女,結婚,博士,相同性別,0
113,,17,林口區,15～19歲,15,19,部分重疊,0.4,女,結婚,國中,不同性別,3
113,,17,林口區,15～19歲,15,19,部分重疊,0.4,女,結婚,國中,相同性別,0
113,,17,林口區,15～19歲,15,19,部分重疊,0.4,女,結婚,國小以下,不同性別,0
113,,17,林口區,15～19歲,15,19,部分重疊,0.4,女,結婚,國小以下,相同性別,0
113,,17,林口區,15～19歲,15,19,部分重疊,0.4,女,結婚,大學,不同性別,0
113,,17,林口區,15～19歲,15,19,部分重疊,0.4,女,結婚,大學,相同性別,0
113,,17,林口區,15～19歲,15,19,部分重疊,0.4,女,結婚,專科,不同性別,0
113,,17,林口區,15～19歲,15,19,部分重疊,0.4,女,結婚,專科,相同性別,0
113,,17,林口區,15～19歲,15,19,部分重疊,0.4,女,結婚,碩士,不同性別,0
113,,17,林口區,15～19歲,15,19,部分重疊,0.4,女,結婚,碩士,相同性別,0
113,,17,林口區,15～19歲,15,19,部分重疊,0.4,女,結婚,高中職,不同性別,4
113,,17,林口區,15～19歲,15,19,部分重疊,0.4,女,結婚,高中職,相同性別,0
113,,17,林口區,15～19歲,15,19,部分重疊,0.4,男,結婚,博士,不同性別,0
113,,17,林口區,15～19歲,15,19,部分重疊,0.4,男,結婚,博士,相同性別,0
113,,17,林口區,15～19歲,15,19,部分重疊,0.4,男,結婚,國中,不同性別,2
113,,17,林口區,15～19歲,15,19,部分重疊,0.4,男,結婚,國中,相同性別,0
113,,17,林口區,15～19歲,15,19,部分重疊,0.4,男,結婚,國小以下,不同性別,0
113,,17,林口區,15～19歲,15,19,部分重疊,0.4,男,結婚,國小以下,相同性別,0
113,,17,林口區,15～19歲,15,19,部分重疊,0.4,男,結婚,大學,不同性別,0
113,,17,林口區,15～19歲,15,19,部分重疊,0.4,男,結婚,大學,相同性別,0
113,,17,林口區,15～19歲,15,19,部分重疊,0.4,男,結婚,專科,不同性別,0
113,,17,林口區,15～19歲,15,19,部分重疊,0.4,男,結婚,專科,相同性別,0
113,,17,林口區,15～19歲,15,19,部分重疊,0.4,男,結婚,碩士,不同性別,0
113,,17,林口區,15～19歲,15,19,部分重疊,0.4,男,結婚,碩士,相同性別,0
113,,17,林口區,15～19歲,15,19,部分重疊,0.4,男,結婚,高中職,不同性別,1
113,,17,林口區,15～19歲,15,19,部分重疊,0.4,男,結婚,高中職,相同性別,0
113,,17,林口區,20～24歲,20,24,完全落入,1.0,女,結婚,博士,不同性別,0
113,,17,林口區,20～24歲,20,24,完全落入,1.0,女,結婚,博士,相同性別,0
113,,17,林口區,20～24歲,20,24,完全落入,1.0,女,結婚,國中,不同性別,8
113,,17,林口區,20～24歲,20,24,完全落入,1.0,女,結婚,國中,相同性別,1
113,,17,林口區,20～24歲,20,24,完全落入,1.0,女,結婚,國小以下,不同性別,0
113,,17,林口區,20～24歲,20,24,完全落入,1.0,女,結婚,國小以下,相同性別,0
113,,17,林口區,20～24歲,20,24,完全落入,1.0,女,結婚,大學,不同性別,22
113,,17,林口區,20～24歲,20,24,完全落入,1.0,女,結婚,大學,相同性別,0
113,,17,林口區,20～24歲,20,24,完全落入,1.0,女,結婚,專科,不同性別,1
113,,17,林口區,20～24歲,20,24,完全落入,1.0,女,結婚,專科,相同性別,0
113,,17,林口區,20～24歲,20,24,完全落入,1.0,女,結婚,碩士,不同性別,1
113,,17,林口區,20～24歲,20,24,完全落入,1.0,女,結婚,碩士,相同性別,0
113,,17,林口區,20～24歲,20,24,完全落入,1.0,女,結婚,高中職,不同性別,31
113,,17,林口區,20～24歲,20,24,完全落入,1.0,女,結婚,高中職,相同性別,0
113,,17,林口區,20～24歲,20,24,完全落入,1.0,男,結婚,博士,不同性別,0
113,,17,林口區,20～24歲,20,24,完全落入,1.0,男,結婚,博士,相同性別,0
113,,17,林口區,20～24歲,20,24,完全落入,1.0,男,結婚,國中,不同性別,10
113,,17,林口區,20～24歲,20,24,完全落入,1.0,男,結婚,國中,相同性別,2
113,,17,林口區,20～24歲,20,24,完全落入,1.0,男,結婚,國小以下,不同性別,0
113,,17,林口區,20～24歲,20,24,完全落入,1.0,男,結婚,國小以下,相同性別,0
113,,17,林口區,20～24歲,20,24,完全落入,1.0,男,結婚,大學,不同性別,11
113,,17,林口區,20～24歲,20,24,完全落入,1.0,男,結婚,大學,相同性別,0
113,,17,林口區,20～24歲,20,24,完全落入,1.0,男,結婚,專科,不同性別,1
113,,17,林口區,20～24歲,20,24,完全落入,1.0,男,結婚,專科,相同性別,0
113,,17,林口區,20～24歲,20,24,完全落入,1.0,男,結婚,碩士,不同性別,0
113,,17,林口區,20～24歲,20,24,完全落入,1.0,男,結婚,碩士,相同性別,0
113,,17,林口區,20～24歲,20,24,完全落入,1.0,男,結婚,高中職,不同性別,18
113,,17,林口區,20～24歲,20,24,完全落入,1.0,男,結婚,高中職,相同性別,0
113,,17,林口區,25～29歲,25,29,完全落入,1.0,女,結婚,博士,不同性別,0
113,,17,林口區,25～29歲,25,29,完全落入,1.0,女,結婚,博士,相同性別,0
113,,17,林口區,25～29歲,25,29,完全落入,1.0,女,結婚,國中,不同性別,6
113,,17,林口區,25～29歲,25,29,完全落入,1.0,女,結婚,國中,相同性別,0
113,,17,林口區,25～29歲,25,29,完全落入,1.0,女,結婚,國小以下,不同性別,2
113,,17,林口區,25～29歲,25,29,完全落入,1.0,女,結婚,國小以下,相同性別,0
113,,17,林口區,25～29歲,25,29,完全落入,1.0,女,結婚,大學,不同性別,140
113,,17,林口區,25～29歲,25,29,完全落入,1.0,女,結婚,大學,相同性別,1
113,,17,林口區,25～29歲,25,29,完全落入,1.0,女,結婚,專科,不同性別,10
113,,17,林口區,25～29歲,25,29,完全落入,1.0,女,結婚,專科,相同性別,0
113,,17,林口區,25～29歲,25,29,完全落入,1.0,女,結婚,碩士,不同性別,18
113,,17,林口區,25～29歲,25,29,完全落入,1.0,女,結婚,碩士,相同性別,0
113,,17,林口區,25～29歲,25,29,完全落入,1.0,女,結婚,高中職,不同性別,38
113,,17,林口區,25～29歲,25,29,完全落入,1.0,女,結婚,高中職,相同性別,0
113,,17,林口區,25～29歲,25,29,完全落入,1.0,男,結婚,博士,不同性別,0
113,,17,林口區,25～29歲,25,29,完全落入,1.0,男,結婚,博士,相同性別,0
113,,17,林口區,25～29歲,25,29,完全落入,1.0,男,結婚,國中,不同性別,12
113,,17,林口區,25～29歲,25,29,完全落入,1.0,男,結婚,國中,相同性別,0
113,,17,林口區,25～29歲,25,29,完全落入,1.0,男,結婚,國小以下,不同性別,0
113,,17,林口區,25～29歲,25,29,完全落入,1.0,男,結婚,國小以下,相同性別,0
113,,17,林口區,25～29歲,25,29,完全落入,1.0,男,結婚,大學,不同性別,88
113,,17,林口區,25～29歲,25,29,完全落入,1.0,男,結婚,大學,相同性別,1
113,,17,林口區,25～29歲,25,29,完全落入,1.0,男,結婚,專科,不同性別,7
113,,17,林口區,25～29歲,25,29,完全落入,1.0,男,結婚,專科,相同性別,0
113,,17,林口區,25～29歲,25,29,完全落入,1.0,男,結婚,碩士,不同性別,18
113,,17,林口區,25～29歲,25,29,完全落入,1.0,男,結婚,碩士,相同性別,0
113,,17,林口區,25～29歲,25,29,完全落入,1.0,男,結婚,高中職,不同性別,40
113,,17,林口區,25～29歲,25,29,完全落入,1.0,男,結婚,高中職,相同性別,0
113,,17,林口區,30～34歲,30,34,完全落入,1.0,女,結婚,博士,不同性別,1
113,,17,林口區,30～34歲,30,34,完全落入,1.0,女,結婚,博士,相同性別,0
113,,17,林口區,30～34歲,30,34,完全落入,1.0,女,結婚,國中,不同性別,8
113,,17,林口區,30～34歲,30,34,完全落入,1.0,女,結婚,國中,相同性別,0
113,,17,林口區,30～34歲,30,34,完全落入,1.0,女,結婚,國小以下,不同性別,3
113,,17,林口區,30～34歲,30,34,完全落入,1.0,女,結婚,國小以下,相同性別,0
113,,17,林口區,30～34歲,30,34,完全落入,1.0,女,結婚,大學,不同性別,183
113,,17,林口區,30～34歲,30,34,完全落入,1.0,女,結婚,大學,相同性別,5
113,,17,林口區,30～34歲,30,34,完全落入,1.0,女,結婚,專科,不同性別,8
113,,17,林口區,30～34歲,30,34,完全落入,1.0,女,結婚,專科,相同性別,0
113,,17,林口區,30～34歲,30,34,完全落入,1.0,女,結婚,碩士,不同性別,36
113,,17,林口區,30～34歲,30,34,完全落入,1.0,女,結婚,碩士,相同性別,1
113,,17,林口區,30～34歲,30,34,完全落入,1.0,女,結婚,高中職,不同性別,28
113,,17,林口區,30～34歲,30,34,完全落入,1.0,女,結婚,高中職,相同性別,1
113,,17,林口區,30～34歲,30,34,完全落入,1.0,男,結婚,博士,不同性別,2
113,,17,林口區,30～34歲,30,34,完全落入,1.0,男,結婚,博士,相同性別,0
113,,17,林口區,30～34歲,30,34,完全落入,1.0,男,結婚,國中,不同性別,7
113,,17,林口區,30～34歲,30,34,完全落入,1.0,男,結婚,國中,相同性別,0
113,,17,林口區,30～34歲,30,34,完全落入,1.0,男,結婚,國小以下,不同性別,0
113,,17,林口區,30～34歲,30,34,完全落入,1.0,男,結婚,國小以下,相同性別,0
113,,17,林口區,30～34歲,30,34,完全落入,1.0,男,結婚,大學,不同性別,129
113,,17,林口區,30～34歲,30,34,完全落入,1.0,男,結婚,大學,相同性別,1
113,,17,林口區,30～34歲,30,34,完全落入,1.0,男,結婚,專科,不同性別,11
113,,17,林口區,30～34歲,30,34,完全落入,1.0,男,結婚,專科,相同性別,1
113,,17,林口區,30～34歲,30,34,完全落入,1.0,男,結婚,碩士,不同性別,50
113,,17,林口區,30～34歲,30,34,完全落入,1.0,男,結婚,碩士,相同性別,1
113,,17,林口區,30～34歲,30,34,完全落入,1.0,男,結婚,高中職,不同性別,38
113,,17,林口區,30～34歲,30,34,完全落入,1.0,男,結婚,高中職,相同性別,0
113,,17,林口區,35～39歲,35,39,部分重疊,0.2,女,結婚,博士,不同性別,1
113,,17,林口區,35～39歲,35,39,部分重疊,0.2,女,結婚,博士,相同性別,0
113,,17,林口區,35～39歲,35,39,部分重疊,0.2,女,結婚,國中,不同性別,10
113,,17,林口區,35～39歲,35,39,部分重疊,0.2,女,結婚,國中,相同性別,1
113,,17,林口區,35～39歲,35,39,部分重疊,0.2,女,結婚,國小以下,不同性別,2
113,,17,林口區,35～39歲,35,39,部分重疊,0.2,女,結婚,國小以下,相同性別,0
113,,17,林口區,35～39歲,35,39,部分重疊,0.2,女,結婚,大學,不同性別,51
113,,17,林口區,35～39歲,35,39,部分重疊,0.2,女,結婚,大學,相同性別,4
113,,17,林口區,35～39歲,35,39,部分重疊,0.2,女,結婚,專科,不同性別,8
113,,17,林口區,35～39歲,35,39,部分重疊,0.2,女,結婚,專科,相同性別,0
113,,17,林口區,35～39歲,35,39,部分重疊,0.2,女,結婚,碩士,不同性別,17
113,,17,林口區,35～39歲,35,39,部分重疊,0.2,女,結婚,碩士,相同性別,1
113,,17,林口區,35～39歲,35,39,部分重疊,0.2,女,結婚,高中職,不同性別,12
113,,17,林口區,35～39歲,35,39,部分重疊,0.2,女,結婚,高中職,相同性別,1
113,,17,林口區,35～39歲,35,39,部分重疊,0.2,男,結婚,博士,不同性別,3
113,,17,林口區,35～39歲,35,39,部分重疊,0.2,男,結婚,博士,相同性別,0
113,,17,林口區,35～39歲,35,39,部分重疊,0.2,男,結婚,國中,不同性別,6
113,,17,林口區,35～39歲,35,39,部分重疊,0.2,男,結婚,國中,相同性別,0
113,,17,林口區,35～39歲,35,39,部分重疊,0.2,男,結婚,國小以下,不同性別,2
113,,17,林口區,35～39歲,35,39,部分重疊,0.2,男,結婚,國小以下,相同性別,0
113,,17,林口區,35～39歲,35,39,部分重疊,0.2,男,結婚,大學,不同性別,72
113,,17,林口區,35～39歲,35,39,部分重疊,0.2,男,結婚,大學,相同性別,2
113,,17,林口區,35～39歲,35,39,部分重疊,0.2,男,結婚,專科,不同性別,7
113,,17,林口區,35～39歲,35,39,部分重疊,0.2,男,結婚,專科,相同性別,0
113,,17,林口區,35～39歲,35,39,部分重疊,0.2,男,結婚,碩士,不同性別,31
113,,17,林口區,35～39歲,35,39,部分重疊,0.2,男,結婚,碩士,相同性別,0
113,,17,林口區,35～39歲,35,39,部分重疊,0.2,男,結婚,高中職,不同性別,19
113,,17,林口區,35～39歲,35,39,部分重疊,0.2,男,結婚,高中職,相同性別,1
113,,17,林口區,40～44歲,40,44,不相關,0.0,女,結婚,博士,不同性別,0
113,,17,林口區,40～44歲,40,44,不相關,0.0,女,結婚,博士,相同性別,0
113,,17,林口區,40～44歲,40,44,不相關,0.0,女,結婚,國中,不同性別,3
113,,17,林口區,40～44歲,40,44,不相關,0.0,女,結婚,國中,相同性別,0
113,,17,林口區,40～44歲,40,44,不相關,0.0,女,結婚,國小以下,不同性別,1
113,,17,林口區,40～44歲,40,44,不相關,0.0,女,結婚,國小以下,相同性別,0
113,,17,林口區,40～44歲,40,44,不相關,0.0,女,結婚,大學,不同性別,12
113,,17,林口區,40～44歲,40,44,不相關,0.0,女,結婚,大學,相同性別,1
113,,17,林口區,40～44歲,40,44,不相關,0.0,女,結婚,專科,不同性別,9
113,,17,林口區,40～44歲,40,44,不相關,0.0,女,結婚,專科,相同性別,2
113,,17,林口區,40～44歲,40,44,不相關,0.0,女,結婚,碩士,不同性別,6
113,,17,林口區,40～44歲,40,44,不相關,0.0,女,結婚,碩士,相同性別,2
113,,17,林口區,40～44歲,40,44,不相關,0.0,女,結婚,高中職,不同性別,16
113,,17,林口區,40～44歲,40,44,不相關,0.0,女,結婚,高中職,相同性別,1
113,,17,林口區,40～44歲,40,44,不相關,0.0,男,結婚,博士,不同性別,1
113,,17,林口區,40～44歲,40,44,不相關,0.0,男,結婚,博士,相同性別,0
113,,17,林口區,40～44歲,40,44,不相關,0.0,男,結婚,國中,不同性別,16
113,,17,林口區,40～44歲,40,44,不相關,0.0,男,結婚,國中,相同性別,0
113,,17,林口區,40～44歲,40,44,不相關,0.0,男,結婚,國小以下,不同性別,1
113,,17,林口區,40～44歲,40,44,不相關,0.0,男,結婚,國小以下,相同性別,0
113,,17,林口區,40～44歲,40,44,不相關,0.0,男,結婚,大學,不同性別,27
113,,17,林口區,40～44歲,40,44,不相關,0.0,男,結婚,大學,相同性別,2
113,,17,林口區,40～44歲,40,44,不相關,0.0,男,結婚,專科,不同性別,5
113,,17,林口區,40～44歲,40,44,不相關,0.0,男,結婚,專科,相同性別,0
113,,17,林口區,40～44歲,40,44,不相關,0.0,男,結婚,碩士,不同性別,11
113,,17,林口區,40～44歲,40,44,不相關,0.0,男,結婚,碩士,相同性別,0
113,,17,林口區,40～44歲,40,44,不相關,0.0,男,結婚,高中職,不同性別,13
113,,17,林口區,40～44歲,40,44,不相關,0.0,男,結婚,高中職,相同性別,0
113,,17,林口區,45～49歲,45,49,不相關,0.0,女,結婚,博士,不同性別,0
113,,17,林口區,45～49歲,45,49,不相關,0.0,女,結婚,博士,相同性別,0
113,,17,林口區,45～49歲,45,49,不相關,0.0,女,結婚,國中,不同性別,4
113,,17,林口區,45～49歲,45,49,不相關,0.0,女,結婚,國中,相同性別,0
113,,17,林口區,45～49歲,45,49,不相關,0.0,女,結婚,國小以下,不同性別,1
113,,17,林口區,45～49歲,45,49,不相關,0.0,女,結婚,國小以下,相同性別,0
113,,17,林口區,45～49歲,45,49,不相關,0.0,女,結婚,大學,不同性別,8
113,,17,林口區,45～49歲,45,49,不相關,0.0,女,結婚,大學,相同性別,0
113,,17,林口區,45～49歲,45,49,不相關,0.0,女,結婚,專科,不同性別,12
113,,17,林口區,45～49歲,45,49,不相關,0.0,女,結婚,專科,相同性別,0
113,,17,林口區,45～49歲,45,49,不相關,0.0,女,結婚,碩士,不同性別,1
113,,17,林口區,45～49歲,45,49,不相關,0.0,女,結婚,碩士,相同性別,0
113,,17,林口區,45～49歲,45,49,不相關,0.0,女,結婚,高中職,不同性別,7
113,,17,林口區,45～49歲,45,49,不相關,0.0,女,結婚,高中職,相同性別,0
113,,17,林口區,45～49歲,45,49,不相關,0.0,男,結婚,博士,不同性別,3
113,,17,林口區,45～49歲,45,49,不相關,0.0,男,結婚,博士,相同性別,0
113,,17,林口區,45～49歲,45,49,不相關,0.0,男,結婚,國中,不同性別,3
113,,17,林口區,45～49歲,45,49,不相關,0.0,男,結婚,國中,相同性別,0
113,,17,林口區,45～49歲,45,49,不相關,0.0,男,結婚,國小以下,不同性別,2
113,,17,林口區,45～49歲,45,49,不相關,0.0,男,結婚,國小以下,相同性別,0
113,,17,林口區,45～49歲,45,49,不相關,0.0,男,結婚,大學,不同性別,7
113,,17,林口區,45～49歲,45,49,不相關,0.0,男,結婚,大學,相同性別,0
113,,17,林口區,45～49歲,45,49,不相關,0.0,男,結婚,專科,不同性別,6
113,,17,林口區,45～49歲,45,49,不相關,0.0,男,結婚,專科,相同性別,0
113,,17,林口區,45～49歲,45,49,不相關,0.0,男,結婚,碩士,不同性別,3
113,,17,林口區,45～49歲,45,49,不相關,0.0,男,結婚,碩士,相同性別,0
113,,17,林口區,45～49歲,45,49,不相關,0.0,男,結婚,高中職,不同性別,7
113,,17,林口區,45～49歲,45,49,不相關,0.0,男,結婚,高中職,相同性別,0
113,,17,林口區,50～54歲,50,54,不相關,0.0,女,結婚,博士,不同性別,0
113,,17,林口區,50～54歲,50,54,不相關,0.0,女,結婚,博士,相同性別,0
113,,17,林口區,50～54歲,50,54,不相關,0.0,女,結婚,國中,不同性別,3
113,,17,林口區,50～54歲,50,54,不相關,0.0,女,結婚,國中,相同性別,0
113,,17,林口區,50～54歲,50,54,不相關,0.0,女,結婚,國小以下,不同性別,0
113,,17,林口區,50～54歲,50,54,不相關,0.0,女,結婚,國小以下,相同性別,0
113,,17,林口區,50～54歲,50,54,不相關,0.0,女,結婚,大學,不同性別,4
113,,17,林口區,50～54歲,50,54,不相關,0.0,女,結婚,大學,相同性別,0
113,,17,林口區,50～54歲,50,54,不相關,0.0,女,結婚,專科,不同性別,3
113,,17,林口區,50～54歲,50,54,不相關,0.0,女,結婚,專科,相同性別,0
113,,17,林口區,50～54歲,50,54,不相關,0.0,女,結婚,碩士,不同性別,3
113,,17,林口區,50～54歲,50,54,不相關,0.0,女,結婚,碩士,相同性別,0
113,,17,林口區,50～54歲,50,54,不相關,0.0,女,結婚,高中職,不同性別,6
113,,17,林口區,50～54歲,50,54,不相關,0.0,女,結婚,高中職,相同性別,0
113,,17,林口區,50～54歲,50,54,不相關,0.0,男,結婚,博士,不同性別,0
113,,17,林口區,50～54歲,50,54,不相關,0.0,男,結婚,博士,相同性別,0
113,,17,林口區,50～54歲,50,54,不相關,0.0,男,結婚,國中,不同性別,6
113,,17,林口區,50～54歲,50,54,不相關,0.0,男,結婚,國中,相同性別,0
113,,17,林口區,50～54歲,50,54,不相關,0.0,男,結婚,國小以下,不同性別,0
113,,17,林口區,50～54歲,50,54,不相關,0.0,男,結婚,國小以下,相同性別,0
113,,17,林口區,50～54歲,50,54,不相關,0.0,男,結婚,大學,不同性別,10
113,,17,林口區,50～54歲,50,54,不相關,0.0,男,結婚,大學,相同性別,1
113,,17,林口區,50～54歲,50,54,不相關,0.0,男,結婚,專科,不同性別,1
113,,17,林口區,50～54歲,50,54,不相關,0.0,男,結婚,專科,相同性別,0
113,,17,林口區,50～54歲,50,54,不相關,0.0,男,結婚,碩士,不同性別,3
113,,17,林口區,50～54歲,50,54,不相關,0.0,男,結婚,碩士,相同性別,0
113,,17,林口區,50～54歲,50,54,不相關,0.0,男,結婚,高中職,不同性別,7
113,,17,林口區,50～54歲,50,54,不相關,0.0,男,結婚,高中職,相同性別,0
113,,17,林口區,55～59歲,55,59,不相關,0.0,女,結婚,博士,不同性別,0
113,,17,林口區,55～59歲,55,59,不相關,0.0,女,結婚,博士,相同性別,0
113,,17,林口區,55～59歲,55,59,不相關,0.0,女,結婚,國中,不同性別,1
113,,17,林口區,55～59歲,55,59,不相關,0.0,女,結婚,國中,相同性別,0
113,,17,林口區,55～59歲,55,59,不相關,0.0,女,結婚,國小以下,不同性別,0
113,,17,林口區,55～59歲,55,59,不相關,0.0,女,結婚,國小以下,相同性別,0
113,,17,林口區,55～59歲,55,59,不相關,0.0,女,結婚,大學,不同性別,3
113,,17,林口區,55～59歲,55,59,不相關,0.0,女,結婚,大學,相同性別,0
113,,17,林口區,55～59歲,55,59,不相關,0.0,女,結婚,專科,不同性別,2
113,,17,林口區,55～59歲,55,59,不相關,0.0,女,結婚,專科,相同性別,0
113,,17,林口區,55～59歲,55,59,不相關,0.0,女,結婚,碩士,不同性別,1
113,,17,林口區,55～59歲,55,59,不相關,0.0,女,結婚,碩士,相同性別,0
113,,17,林口區,55～59歲,55,59,不相關,0.0,女,結婚,高中職,不同性別,4
113,,17,林口區,55～59歲,55,59,不相關,0.0,女,結婚,高中職,相同性別,0
113,,17,林口區,55～59歲,55,59,不相關,0.0,男,結婚,博士,不同性別,0
113,,17,林口區,55～59歲,55,59,不相關,0.0,男,結婚,博士,相同性別,0
113,,17,林口區,55～59歲,55,59,不相關,0.0,男,結婚,國中,不同性別,2
113,,17,林口區,55～59歲,55,59,不相關,0.0,男,結婚,國中,相同性別,0
113,,17,林口區,55～59歲,55,59,不相關,0.0,男,結婚,國小以下,不同性別,0
113,,17,林口區,55～59歲,55,59,不相關,0.0,男,結婚,國小以下,相同性別,0
113,,17,林口區,55～59歲,55,59,不相關,0.0,男,結婚,大學,不同性別,4
113,,17,林口區,55～59歲,55,59,不相關,0.0,男,結婚,大學,相同性別,0
113,,17,林口區,55～59歲,55,59,不相關,0.0,男,結婚,專科,不同性別,5
113,,17,林口區,55～59歲,55,59,不相關,0.0,男,結婚,專科,相同性別,0
113,,17,林口區,55～59歲,55,59,不相關,0.0,男,結婚,碩士,不同性別,5
113,,17,林口區,55～59歲,55,59,不相關,0.0,男,結婚,碩士,相同性別,0
113,,17,林口區,55～59歲,55,59,不相關,0.0,男,結婚,高中職,不同性別,6
113,,17,林口區,55～59歲,55,59,不相關,0.0,男,結婚,高中職,相同性別,0
113,,17,林口區,60～64歲,60,64,不相關,0.0,女,結婚,博士,不同性別,0
113,,17,林口區,60～64歲,60,64,不相關,0.0,女,結婚,博士,相同性別,0
113,,17,林口區,60～64歲,60,64,不相關,0.0,女,結婚,國中,不同性別,1
113,,17,林口區,60～64歲,60,64,不相關,0.0,女,結婚,國中,相同性別,0
113,,17,林口區,60～64歲,60,64,不相關,0.0,女,結婚,國小以下,不同性別,2
113,,17,林口區,60～64歲,60,64,不相關,0.0,女,結婚,國小以下,相同性別,0
113,,17,林口區,60～64歲,60,64,不相關,0.0,女,結婚,大學,不同性別,0
113,,17,林口區,60～64歲,60,64,不相關,0.0,女,結婚,大學,相同性別,0
113,,17,林口區,60～64歲,60,64,不相關,0.0,女,結婚,專科,不同性別,0
113,,17,林口區,60～64歲,60,64,不相關,0.0,女,結婚,專科,相同性別,0
113,,17,林口區,60～64歲,60,64,不相關,0.0,女,結婚,碩士,不同性別,0
113,,17,林口區,60～64歲,60,64,不相關,0.0,女,結婚,碩士,相同性別,0
113,,17,林口區,60～64歲,60,64,不相關,0.0,女,結婚,高中職,不同性別,4
113,,17,林口區,60～64歲,60,64,不相關,0.0,女,結婚,高中職,相同性別,0
113,,17,林口區,60～64歲,60,64,不相關,0.0,男,結婚,博士,不同性別,0
113,,17,林口區,60～64歲,60,64,不相關,0.0,男,結婚,博士,相同性別,0
113,,17,林口區,60～64歲,60,64,不相關,0.0,男,結婚,國中,不同性別,2
113,,17,林口區,60～64歲,60,64,不相關,0.0,男,結婚,國中,相同性別,0
113,,17,林口區,60～64歲,60,64,不相關,0.0,男,結婚,國小以下,不同性別,0
113,,17,林口區,60～64歲,60,64,不相關,0.0,男,結婚,國小以下,相同性別,0
113,,17,林口區,60～64歲,60,64,不相關,0.0,男,結婚,大學,不同性別,2
113,,17,林口區,60～64歲,60,64,不相關,0.0,男,結婚,大學,相同性別,0
113,,17,林口區,60～64歲,60,64,不相關,0.0,男,結婚,專科,不同性別,5
113,,17,林口區,60～64歲,60,64,不相關,0.0,男,結婚,專科,相同性別,0
113,,17,林口區,60～64歲,60,64,不相關,0.0,男,結婚,碩士,不同性別,3
113,,17,林口區,60～64歲,60,64,不相關,0.0,男,結婚,碩士,相同性別,0
113,,17,林口區,60～64歲,60,64,不相關,0.0,男,結婚,高中職,不同性別,2
113,,17,林口區,60～64歲,60,64,不相關,0.0,男,結婚,高中職,相同性別,0
113,,17,林口區,65歲以上,65,120,不相關,0.0,女,結婚,博士,不同性別,0
113,,17,林口區,65歲以上,65,120,不相關,0.0,女,結婚,博士,相同性別,0
113,,17,林口區,65歲以上,65,120,不相關,0.0,女,結婚,國中,不同性別,2
113,,17,林口區,65歲以上,65,120,不相關,0.0,女,結婚,國中,相同性別,0
113,,17,林口區,65歲以上,65,120,不相關,0.0,女,結婚,國小以下,不同性別,1
113,,17,林口區,65歲以上,65,120,不相關,0.0,女,結婚,國小以下,相同性別,0
113,,17,林口區,65歲以上,65,120,不相關,0.0,女,結婚,大學,不同性別,0
113,,17,林口區,65歲以上,65,120,不相關,0.0,女,結婚,大學,相同性別,0
113,,17,林口區,65歲以上,65,120,不相關,0.0,女,結婚,專科,不同性別,0
113,,17,林口區,65歲以上,65,120,不相關,0.0,女,結婚,專科,相同性別,0
113,,17,林口區,65歲以上,65,120,不相關,0.0,女,結婚,碩士,不同性別,1
113,,17,林口區,65歲以上,65,120,不相關,0.0,女,結婚,碩士,相同性別,0
113,,17,林口區,65歲以上,65,120,不相關,0.0,女,結婚,高中職,不同性別,3
113,,17,林口區,65歲以上,65,120,不相關,0.0,女,結婚,高中職,相同性別,0
113,,17,林口區,65歲以上,65,120,不相關,0.0,男,結婚,博士,不同性別,2
113,,17,林口區,65歲以上,65,120,不相關,0.0,男,結婚,博士,相同性別,0
113,,17,林口區,65歲以上,65,120,不相關,0.0,男,結婚,國中,不同性別,1
113,,17,林口區,65歲以上,65,120,不相關,0.0,男,結婚,國中,相同性別,0
113,,17,林口區,65歲以上,65,120,不相關,0.0,男,結婚,國小以下,不同性別,1
113,,17,林口區,65歲以上,65,120,不相關,0.0,男,結婚,國小以下,相同性別,0
113,,17,林口區,65歲以上,65,120,不相關,0.0,男,結婚,大學,不同性別,3
113,,17,林口區,65歲以上,65,120,不相關,0.0,男,結婚,大學,相同性別,0
113,,17,林口區,65歲以上,65,120,不相關,0.0,男,結婚,專科,不同性別,7
113,,17,林口區,65歲以上,65,120,不相關,0.0,男,結婚,專科,相同性別,0
113,,17,林口區,65歲以上,65,120,不相關,0.0,男,結婚,碩士,不同性別,0
113,,17,林口區,65歲以上,65,120,不相關,0.0,男,結婚,碩士,相同性別,0
113,,17,林口區,65歲以上,65,120,不相關,0.0,男,結婚,高中職,不同性別,9
113,,17,林口區,65歲以上,65,120,不相關,0.0,男,結婚,高中職,相同性別,0
113,,18,八里區,未滿15歲,0,14,不相關,0.0,女,結婚,博士,不同性別,0
113,,18,八里區,未滿15歲,0,14,不相關,0.0,女,結婚,博士,相同性別,0
113,,18,八里區,未滿15歲,0,14,不相關,0.0,女,結婚,國中,不同性別,0
113,,18,八里區,未滿15歲,0,14,不相關,0.0,女,結婚,國中,相同性別,0
113,,18,八里區,未滿15歲,0,14,不相關,0.0,女,結婚,國小以下,不同性別,0
113,,18,八里區,未滿15歲,0,14,不相關,0.0,女,結婚,國小以下,相同性別,0
113,,18,八里區,未滿15歲,0,14,不相關,0.0,女,結婚,大學,不同性別,0
113,,18,八里區,未滿15歲,0,14,不相關,0.0,女,結婚,大學,相同性別,0
113,,18,八里區,未滿15歲,0,14,不相關,0.0,女,結婚,專科,不同性別,0
113,,18,八里區,未滿15歲,0,14,不相關,0.0,女,結婚,專科,相同性別,0
113,,18,八里區,未滿15歲,0,14,不相關,0.0,女,結婚,碩士,不同性別,0
113,,18,八里區,未滿15歲,0,14,不相關,0.0,女,結婚,碩士,相同性別,0
113,,18,八里區,未滿15歲,0,14,不相關,0.0,女,結婚,高中職,不同性別,0
113,,18,八里區,未滿15歲,0,14,不相關,0.0,女,結婚,高中職,相同性別,0
113,,18,八里區,未滿15歲,0,14,不相關,0.0,男,結婚,博士,不同性別,0
113,,18,八里區,未滿15歲,0,14,不相關,0.0,男,結婚,博士,相同性別,0
113,,18,八里區,未滿15歲,0,14,不相關,0.0,男,結婚,國中,不同性別,0
113,,18,八里區,未滿15歲,0,14,不相關,0.0,男,結婚,國中,相同性別,0
113,,18,八里區,未滿15歲,0,14,不相關,0.0,男,結婚,國小以下,不同性別,0
113,,18,八里區,未滿15歲,0,14,不相關,0.0,男,結婚,國小以下,相同性別,0
113,,18,八里區,未滿15歲,0,14,不相關,0.0,男,結婚,大學,不同性別,0
113,,18,八里區,未滿15歲,0,14,不相關,0.0,男,結婚,大學,相同性別,0
113,,18,八里區,未滿15歲,0,14,不相關,0.0,男,結婚,專科,不同性別,0
113,,18,八里區,未滿15歲,0,14,不相關,0.0,男,結婚,專科,相同性別,0
113,,18,八里區,未滿15歲,0,14,不相關,0.0,男,結婚,碩士,不同性別,0
113,,18,八里區,未滿15歲,0,14,不相關,0.0,男,結婚,碩士,相同性別,0
113,,18,八里區,未滿15歲,0,14,不相關,0.0,男,結婚,高中職,不同性別,0
113,,18,八里區,未滿15歲,0,14,不相關,0.0,男,結婚,高中職,相同性別,0
113,,18,八里區,15～19歲,15,19,部分重疊,0.4,女,結婚,博士,不同性別,0
113,,18,八里區,15～19歲,15,19,部分重疊,0.4,女,結婚,博士,相同性別,0
113,,18,八里區,15～19歲,15,19,部分重疊,0.4,女,結婚,國中,不同性別,4
113,,18,八里區,15～19歲,15,19,部分重疊,0.4,女,結婚,國中,相同性別,0
113,,18,八里區,15～19歲,15,19,部分重疊,0.4,女,結婚,國小以下,不同性別,0
113,,18,八里區,15～19歲,15,19,部分重疊,0.4,女,結婚,國小以下,相同性別,0
113,,18,八里區,15～19歲,15,19,部分重疊,0.4,女,結婚,大學,不同性別,0
113,,18,八里區,15～19歲,15,19,部分重疊,0.4,女,結婚,大學,相同性別,0
113,,18,八里區,15～19歲,15,19,部分重疊,0.4,女,結婚,專科,不同性別,0
113,,18,八里區,15～19歲,15,19,部分重疊,0.4,女,結婚,專科,相同性別,0
113,,18,八里區,15～19歲,15,19,部分重疊,0.4,女,結婚,碩士,不同性別,0
113,,18,八里區,15～19歲,15,19,部分重疊,0.4,女,結婚,碩士,相同性別,0
113,,18,八里區,15～19歲,15,19,部分重疊,0.4,女,結婚,高中職,不同性別,0
113,,18,八里區,15～19歲,15,19,部分重疊,0.4,女,結婚,高中職,相同性別,0
113,,18,八里區,15～19歲,15,19,部分重疊,0.4,男,結婚,博士,不同性別,0
113,,18,八里區,15～19歲,15,19,部分重疊,0.4,男,結婚,博士,相同性別,0
113,,18,八里區,15～19歲,15,19,部分重疊,0.4,男,結婚,國中,不同性別,2
113,,18,八里區,15～19歲,15,19,部分重疊,0.4,男,結婚,國中,相同性別,0
113,,18,八里區,15～19歲,15,19,部分重疊,0.4,男,結婚,國小以下,不同性別,0
113,,18,八里區,15～19歲,15,19,部分重疊,0.4,男,結婚,國小以下,相同性別,0
113,,18,八里區,15～19歲,15,19,部分重疊,0.4,男,結婚,大學,不同性別,0
113,,18,八里區,15～19歲,15,19,部分重疊,0.4,男,結婚,大學,相同性別,0
113,,18,八里區,15～19歲,15,19,部分重疊,0.4,男,結婚,專科,不同性別,0
113,,18,八里區,15～19歲,15,19,部分重疊,0.4,男,結婚,專科,相同性別,0
113,,18,八里區,15～19歲,15,19,部分重疊,0.4,男,結婚,碩士,不同性別,0
113,,18,八里區,15～19歲,15,19,部分重疊,0.4,男,結婚,碩士,相同性別,0
113,,18,八里區,15～19歲,15,19,部分重疊,0.4,男,結婚,高中職,不同性別,0
113,,18,八里區,15～19歲,15,19,部分重疊,0.4,男,結婚,高中職,相同性別,0
113,,18,八里區,20～24歲,20,24,完全落入,1.0,女,結婚,博士,不同性別,0
113,,18,八里區,20～24歲,20,24,完全落入,1.0,女,結婚,博士,相同性別,0
113,,18,八里區,20～24歲,20,24,完全落入,1.0,女,結婚,國中,不同性別,8
113,,18,八里區,20～24歲,20,24,完全落入,1.0,女,結婚,國中,相同性別,0
113,,18,八里區,20～24歲,20,24,完全落入,1.0,女,結婚,國小以下,不同性別,0
113,,18,八里區,20～24歲,20,24,完全落入,1.0,女,結婚,國小以下,相同性別,0
113,,18,八里區,20～24歲,20,24,完全落入,1.0,女,結婚,大學,不同性別,0
113,,18,八里區,20～24歲,20,24,完全落入,1.0,女,結婚,大學,相同性別,0
113,,18,八里區,20～24歲,20,24,完全落入,1.0,女,結婚,專科,不同性別,2
113,,18,八里區,20～24歲,20,24,完全落入,1.0,女,結婚,專科,相同性別,0
113,,18,八里區,20～24歲,20,24,完全落入,1.0,女,結婚,碩士,不同性別,1
113,,18,八里區,20～24歲,20,24,完全落入,1.0,女,結婚,碩士,相同性別,0
113,,18,八里區,20～24歲,20,24,完全落入,1.0,女,結婚,高中職,不同性別,15
113,,18,八里區,20～24歲,20,24,完全落入,1.0,女,結婚,高中職,相同性別,1
113,,18,八里區,20～24歲,20,24,完全落入,1.0,男,結婚,博士,不同性別,0
113,,18,八里區,20～24歲,20,24,完全落入,1.0,男,結婚,博士,相同性別,0
113,,18,八里區,20～24歲,20,24,完全落入,1.0,男,結婚,國中,不同性別,3
113,,18,八里區,20～24歲,20,24,完全落入,1.0,男,結婚,國中,相同性別,0
113,,18,八里區,20～24歲,20,24,完全落入,1.0,男,結婚,國小以下,不同性別,0
113,,18,八里區,20～24歲,20,24,完全落入,1.0,男,結婚,國小以下,相同性別,0
113,,18,八里區,20～24歲,20,24,完全落入,1.0,男,結婚,大學,不同性別,2
113,,18,八里區,20～24歲,20,24,完全落入,1.0,男,結婚,大學,相同性別,1
113,,18,八里區,20～24歲,20,24,完全落入,1.0,男,結婚,專科,不同性別,2
113,,18,八里區,20～24歲,20,24,完全落入,1.0,男,結婚,專科,相同性別,0
113,,18,八里區,20～24歲,20,24,完全落入,1.0,男,結婚,碩士,不同性別,0
113,,18,八里區,20～24歲,20,24,完全落入,1.0,男,結婚,碩士,相同性別,0
113,,18,八里區,20～24歲,20,24,完全落入,1.0,男,結婚,高中職,不同性別,6
113,,18,八里區,20～24歲,20,24,完全落入,1.0,男,結婚,高中職,相同性別,1
113,,18,八里區,25～29歲,25,29,完全落入,1.0,女,結婚,博士,不同性別,0
113,,18,八里區,25～29歲,25,29,完全落入,1.0,女,結婚,博士,相同性別,0
113,,18,八里區,25～29歲,25,29,完全落入,1.0,女,結婚,國中,不同性別,6
113,,18,八里區,25～29歲,25,29,完全落入,1.0,女,結婚,國中,相同性別,0
113,,18,八里區,25～29歲,25,29,完全落入,1.0,女,結婚,國小以下,不同性別,0
113,,18,八里區,25～29歲,25,29,完全落入,1.0,女,結婚,國小以下,相同性別,1
113,,18,八里區,25～29歲,25,29,完全落入,1.0,女,結婚,大學,不同性別,42
113,,18,八里區,25～29歲,25,29,完全落入,1.0,女,結婚,大學,相同性別,2
113,,18,八里區,25～29歲,25,29,完全落入,1.0,女,結婚,專科,不同性別,0
113,,18,八里區,25～29歲,25,29,完全落入,1.0,女,結婚,專科,相同性別,1
113,,18,八里區,25～29歲,25,29,完全落入,1.0,女,結婚,碩士,不同性別,2
113,,18,八里區,25～29歲,25,29,完全落入,1.0,女,結婚,碩士,相同性別,0
113,,18,八里區,25～29歲,25,29,完全落入,1.0,女,結婚,高中職,不同性別,15
113,,18,八里區,25～29歲,25,29,完全落入,1.0,女,結婚,高中職,相同性別,0
113,,18,八里區,25～29歲,25,29,完全落入,1.0,男,結婚,博士,不同性別,0
113,,18,八里區,25～29歲,25,29,完全落入,1.0,男,結婚,博士,相同性別,0
113,,18,八里區,25～29歲,25,29,完全落入,1.0,男,結婚,國中,不同性別,9
113,,18,八里區,25～29歲,25,29,完全落入,1.0,男,結婚,國中,相同性別,0
113,,18,八里區,25～29歲,25,29,完全落入,1.0,男,結婚,國小以下,不同性別,0
113,,18,八里區,25～29歲,25,29,完全落入,1.0,男,結婚,國小以下,相同性別,0
113,,18,八里區,25～29歲,25,29,完全落入,1.0,男,結婚,大學,不同性別,16
113,,18,八里區,25～29歲,25,29,完全落入,1.0,男,結婚,大學,相同性別,1
113,,18,八里區,25～29歲,25,29,完全落入,1.0,男,結婚,專科,不同性別,3
113,,18,八里區,25～29歲,25,29,完全落入,1.0,男,結婚,專科,相同性別,0
113,,18,八里區,25～29歲,25,29,完全落入,1.0,男,結婚,碩士,不同性別,2
113,,18,八里區,25～29歲,25,29,完全落入,1.0,男,結婚,碩士,相同性別,0
113,,18,八里區,25～29歲,25,29,完全落入,1.0,男,結婚,高中職,不同性別,24
113,,18,八里區,25～29歲,25,29,完全落入,1.0,男,結婚,高中職,相同性別,1
113,,18,八里區,30～34歲,30,34,完全落入,1.0,女,結婚,博士,不同性別,0
113,,18,八里區,30～34歲,30,34,完全落入,1.0,女,結婚,博士,相同性別,0
113,,18,八里區,30～34歲,30,34,完全落入,1.0,女,結婚,國中,不同性別,6
113,,18,八里區,30～34歲,30,34,完全落入,1.0,女,結婚,國中,相同性別,0
113,,18,八里區,30～34歲,30,34,完全落入,1.0,女,結婚,國小以下,不同性別,0
113,,18,八里區,30～34歲,30,34,完全落入,1.0,女,結婚,國小以下,相同性別,0
113,,18,八里區,30～34歲,30,34,完全落入,1.0,女,結婚,大學,不同性別,43
113,,18,八里區,30～34歲,30,34,完全落入,1.0,女,結婚,大學,相同性別,0
113,,18,八里區,30～34歲,30,34,完全落入,1.0,女,結婚,專科,不同性別,3
113,,18,八里區,30～34歲,30,34,完全落入,1.0,女,結婚,專科,相同性別,0
113,,18,八里區,30～34歲,30,34,完全落入,1.0,女,結婚,碩士,不同性別,7
113,,18,八里區,30～34歲,30,34,完全落入,1.0,女,結婚,碩士,相同性別,0
113,,18,八里區,30～34歲,30,34,完全落入,1.0,女,結婚,高中職,不同性別,9
113,,18,八里區,30～34歲,30,34,完全落入,1.0,女,結婚,高中職,相同性別,0
113,,18,八里區,30～34歲,30,34,完全落入,1.0,男,結婚,博士,不同性別,0
113,,18,八里區,30～34歲,30,34,完全落入,1.0,男,結婚,博士,相同性別,0
113,,18,八里區,30～34歲,30,34,完全落入,1.0,男,結婚,國中,不同性別,6
113,,18,八里區,30～34歲,30,34,完全落入,1.0,男,結婚,國中,相同性別,0
113,,18,八里區,30～34歲,30,34,完全落入,1.0,男,結婚,國小以下,不同性別,0
113,,18,八里區,30～34歲,30,34,完全落入,1.0,男,結婚,國小以下,相同性別,0
113,,18,八里區,30～34歲,30,34,完全落入,1.0,男,結婚,大學,不同性別,36
113,,18,八里區,30～34歲,30,34,完全落入,1.0,男,結婚,大學,相同性別,1
113,,18,八里區,30～34歲,30,34,完全落入,1.0,男,結婚,專科,不同性別,5
113,,18,八里區,30～34歲,30,34,完全落入,1.0,男,結婚,專科,相同性別,0
113,,18,八里區,30～34歲,30,34,完全落入,1.0,男,結婚,碩士,不同性別,5
113,,18,八里區,30～34歲,30,34,完全落入,1.0,男,結婚,碩士,相同性別,1
113,,18,八里區,30～34歲,30,34,完全落入,1.0,男,結婚,高中職,不同性別,20
113,,18,八里區,30～34歲,30,34,完全落入,1.0,男,結婚,高中職,相同性別,1
113,,18,八里區,35～39歲,35,39,部分重疊,0.2,女,結婚,博士,不同性別,0
113,,18,八里區,35～39歲,35,39,部分重疊,0.2,女,結婚,博士,相同性別,0
113,,18,八里區,35～39歲,35,39,部分重疊,0.2,女,結婚,國中,不同性別,3
113,,18,八里區,35～39歲,35,39,部分重疊,0.2,女,結婚,國中,相同性別,0
113,,18,八里區,35～39歲,35,39,部分重疊,0.2,女,結婚,國小以下,不同性別,2
113,,18,八里區,35～39歲,35,39,部分重疊,0.2,女,結婚,國小以下,相同性別,0
113,,18,八里區,35～39歲,35,39,部分重疊,0.2,女,結婚,大學,不同性別,10
113,,18,八里區,35～39歲,35,39,部分重疊,0.2,女,結婚,大學,相同性別,1
113,,18,八里區,35～39歲,35,39,部分重疊,0.2,女,結婚,專科,不同性別,3
113,,18,八里區,35～39歲,35,39,部分重疊,0.2,女,結婚,專科,相同性別,0
113,,18,八里區,35～39歲,35,39,部分重疊,0.2,女,結婚,碩士,不同性別,3
113,,18,八里區,35～39歲,35,39,部分重疊,0.2,女,結婚,碩士,相同性別,0
113,,18,八里區,35～39歲,35,39,部分重疊,0.2,女,結婚,高中職,不同性別,7
113,,18,八里區,35～39歲,35,39,部分重疊,0.2,女,結婚,高中職,相同性別,0
113,,18,八里區,35～39歲,35,39,部分重疊,0.2,男,結婚,博士,不同性別,0
113,,18,八里區,35～39歲,35,39,部分重疊,0.2,男,結婚,博士,相同性別,0
113,,18,八里區,35～39歲,35,39,部分重疊,0.2,男,結婚,國中,不同性別,4
113,,18,八里區,35～39歲,35,39,部分重疊,0.2,男,結婚,國中,相同性別,1
113,,18,八里區,35～39歲,35,39,部分重疊,0.2,男,結婚,國小以下,不同性別,1
113,,18,八里區,35～39歲,35,39,部分重疊,0.2,男,結婚,國小以下,相同性別,0
113,,18,八里區,35～39歲,35,39,部分重疊,0.2,男,結婚,大學,不同性別,15
113,,18,八里區,35～39歲,35,39,部分重疊,0.2,男,結婚,大學,相同性別,1
113,,18,八里區,35～39歲,35,39,部分重疊,0.2,男,結婚,專科,不同性別,1
113,,18,八里區,35～39歲,35,39,部分重疊,0.2,男,結婚,專科,相同性別,0
113,,18,八里區,35～39歲,35,39,部分重疊,0.2,男,結婚,碩士,不同性別,5
113,,18,八里區,35～39歲,35,39,部分重疊,0.2,男,結婚,碩士,相同性別,0
113,,18,八里區,35～39歲,35,39,部分重疊,0.2,男,結婚,高中職,不同性別,8
113,,18,八里區,35～39歲,35,39,部分重疊,0.2,男,結婚,高中職,相同性別,0
113,,18,八里區,40～44歲,40,44,不相關,0.0,女,結婚,博士,不同性別,0
113,,18,八里區,40～44歲,40,44,不相關,0.0,女,結婚,博士,相同性別,0
113,,18,八里區,40～44歲,40,44,不相關,0.0,女,結婚,國中,不同性別,5
113,,18,八里區,40～44歲,40,44,不相關,0.0,女,結婚,國中,相同性別,0
113,,18,八里區,40～44歲,40,44,不相關,0.0,女,結婚,國小以下,不同性別,0
113,,18,八里區,40～44歲,40,44,不相關,0.0,女,結婚,國小以下,相同性別,0
113,,18,八里區,40～44歲,40,44,不相關,0.0,女,結婚,大學,不同性別,2
113,,18,八里區,40～44歲,40,44,不相關,0.0,女,結婚,大學,相同性別,1
113,,18,八里區,40～44歲,40,44,不相關,0.0,女,結婚,專科,不同性別,1
113,,18,八里區,40～44歲,40,44,不相關,0.0,女,結婚,專科,相同性別,1
113,,18,八里區,40～44歲,40,44,不相關,0.0,女,結婚,碩士,不同性別,0
113,,18,八里區,40～44歲,40,44,不相關,0.0,女,結婚,碩士,相同性別,1
113,,18,八里區,40～44歲,40,44,不相關,0.0,女,結婚,高中職,不同性別,6
113,,18,八里區,40～44歲,40,44,不相關,0.0,女,結婚,高中職,相同性別,4
113,,18,八里區,40～44歲,40,44,不相關,0.0,男,結婚,博士,不同性別,0
113,,18,八里區,40～44歲,40,44,不相關,0.0,男,結婚,博士,相同性別,0
113,,18,八里區,40～44歲,40,44,不相關,0.0,男,結婚,國中,不同性別,2
113,,18,八里區,40～44歲,40,44,不相關,0.0,男,結婚,國中,相同性別,0
113,,18,八里區,40～44歲,40,44,不相關,0.0,男,結婚,國小以下,不同性別,0
113,,18,八里區,40～44歲,40,44,不相關,0.0,男,結婚,國小以下,相同性別,0
113,,18,八里區,40～44歲,40,44,不相關,0.0,男,結婚,大學,不同性別,6
113,,18,八里區,40～44歲,40,44,不相關,0.0,男,結婚,大學,相同性別,1
113,,18,八里區,40～44歲,40,44,不相關,0.0,男,結婚,專科,不同性別,1
113,,18,八里區,40～44歲,40,44,不相關,0.0,男,結婚,專科,相同性別,0
113,,18,八里區,40～44歲,40,44,不相關,0.0,男,結婚,碩士,不同性別,1
113,,18,八里區,40～44歲,40,44,不相關,0.0,男,結婚,碩士,相同性別,0
113,,18,八里區,40～44歲,40,44,不相關,0.0,男,結婚,高中職,不同性別,9
113,,18,八里區,40～44歲,40,44,不相關,0.0,男,結婚,高中職,相同性別,0
113,,18,八里區,45～49歲,45,49,不相關,0.0,女,結婚,博士,不同性別,0
113,,18,八里區,45～49歲,45,49,不相關,0.0,女,結婚,博士,相同性別,0
113,,18,八里區,45～49歲,45,49,不相關,0.0,女,結婚,國中,不同性別,5
113,,18,八里區,45～49歲,45,49,不相關,0.0,女,結婚,國中,相同性別,0
113,,18,八里區,45～49歲,45,49,不相關,0.0,女,結婚,國小以下,不同性別,1
113,,18,八里區,45～49歲,45,49,不相關,0.0,女,結婚,國小以下,相同性別,0
113,,18,八里區,45～49歲,45,49,不相關,0.0,女,結婚,大學,不同性別,1
113,,18,八里區,45～49歲,45,49,不相關,0.0,女,結婚,大學,相同性別,0
113,,18,八里區,45～49歲,45,49,不相關,0.0,女,結婚,專科,不同性別,1
113,,18,八里區,45～49歲,45,49,不相關,0.0,女,結婚,專科,相同性別,0
113,,18,八里區,45～49歲,45,49,不相關,0.0,女,結婚,碩士,不同性別,0
113,,18,八里區,45～49歲,45,49,不相關,0.0,女,結婚,碩士,相同性別,0
113,,18,八里區,45～49歲,45,49,不相關,0.0,女,結婚,高中職,不同性別,7
113,,18,八里區,45～49歲,45,49,不相關,0.0,女,結婚,高中職,相同性別,2
113,,18,八里區,45～49歲,45,49,不相關,0.0,男,結婚,博士,不同性別,0
113,,18,八里區,45～49歲,45,49,不相關,0.0,男,結婚,博士,相同性別,0
113,,18,八里區,45～49歲,45,49,不相關,0.0,男,結婚,國中,不同性別,3
113,,18,八里區,45～49歲,45,49,不相關,0.0,男,結婚,國中,相同性別,0
113,,18,八里區,45～49歲,45,49,不相關,0.0,男,結婚,國小以下,不同性別,0
113,,18,八里區,45～49歲,45,49,不相關,0.0,男,結婚,國小以下,相同性別,0
113,,18,八里區,45～49歲,45,49,不相關,0.0,男,結婚,大學,不同性別,5
113,,18,八里區,45～49歲,45,49,不相關,0.0,男,結婚,大學,相同性別,2
113,,18,八里區,45～49歲,45,49,不相關,0.0,男,結婚,專科,不同性別,6
113,,18,八里區,45～49歲,45,49,不相關,0.0,男,結婚,專科,相同性別,0
113,,18,八里區,45～49歲,45,49,不相關,0.0,男,結婚,碩士,不同性別,0
113,,18,八里區,45～49歲,45,49,不相關,0.0,男,結婚,碩士,相同性別,0
113,,18,八里區,45～49歲,45,49,不相關,0.0,男,結婚,高中職,不同性別,4
113,,18,八里區,45～49歲,45,49,不相關,0.0,男,結婚,高中職,相同性別,0
113,,18,八里區,50～54歲,50,54,不相關,0.0,女,結婚,博士,不同性別,0
113,,18,八里區,50～54歲,50,54,不相關,0.0,女,結婚,博士,相同性別,0
113,,18,八里區,50～54歲,50,54,不相關,0.0,女,結婚,國中,不同性別,3
113,,18,八里區,50～54歲,50,54,不相關,0.0,女,結婚,國中,相同性別,0
113,,18,八里區,50～54歲,50,54,不相關,0.0,女,結婚,國小以下,不同性別,1
113,,18,八里區,50～54歲,50,54,不相關,0.0,女,結婚,國小以下,相同性別,0
113,,18,八里區,50～54歲,50,54,不相關,0.0,女,結婚,大學,不同性別,1
113,,18,八里區,50～54歲,50,54,不相關,0.0,女,結婚,大學,相同性別,0
113,,18,八里區,50～54歲,50,54,不相關,0.0,女,結婚,專科,不同性別,1
113,,18,八里區,50～54歲,50,54,不相關,0.0,女,結婚,專科,相同性別,0
113,,18,八里區,50～54歲,50,54,不相關,0.0,女,結婚,碩士,不同性別,0
113,,18,八里區,50～54歲,50,54,不相關,0.0,女,結婚,碩士,相同性別,0
113,,18,八里區,50～54歲,50,54,不相關,0.0,女,結婚,高中職,不同性別,2
113,,18,八里區,50～54歲,50,54,不相關,0.0,女,結婚,高中職,相同性別,1
113,,18,八里區,50～54歲,50,54,不相關,0.0,男,結婚,博士,不同性別,0
113,,18,八里區,50～54歲,50,54,不相關,0.0,男,結婚,博士,相同性別,0
113,,18,八里區,50～54歲,50,54,不相關,0.0,男,結婚,國中,不同性別,4
113,,18,八里區,50～54歲,50,54,不相關,0.0,男,結婚,國中,相同性別,0
113,,18,八里區,50～54歲,50,54,不相關,0.0,男,結婚,國小以下,不同性別,0
113,,18,八里區,50～54歲,50,54,不相關,0.0,男,結婚,國小以下,相同性別,0
113,,18,八里區,50～54歲,50,54,不相關,0.0,男,結婚,大學,不同性別,1
113,,18,八里區,50～54歲,50,54,不相關,0.0,男,結婚,大學,相同性別,0
113,,18,八里區,50～54歲,50,54,不相關,0.0,男,結婚,專科,不同性別,1
113,,18,八里區,50～54歲,50,54,不相關,0.0,男,結婚,專科,相同性別,0
113,,18,八里區,50～54歲,50,54,不相關,0.0,男,結婚,碩士,不同性別,1
113,,18,八里區,50～54歲,50,54,不相關,0.0,男,結婚,碩士,相同性別,0
113,,18,八里區,50～54歲,50,54,不相關,0.0,男,結婚,高中職,不同性別,4
113,,18,八里區,50～54歲,50,54,不相關,0.0,男,結婚,高中職,相同性別,0
113,,18,八里區,55～59歲,55,59,不相關,0.0,女,結婚,博士,不同性別,0
113,,18,八里區,55～59歲,55,59,不相關,0.0,女,結婚,博士,相同性別,0
113,,18,八里區,55～59歲,55,59,不相關,0.0,女,結婚,國中,不同性別,0
113,,18,八里區,55～59歲,55,59,不相關,0.0,女,結婚,國中,相同性別,0
113,,18,八里區,55～59歲,55,59,不相關,0.0,女,結婚,國小以下,不同性別,2
113,,18,八里區,55～59歲,55,59,不相關,0.0,女,結婚,國小以下,相同性別,0
113,,18,八里區,55～59歲,55,59,不相關,0.0,女,結婚,大學,不同性別,1
113,,18,八里區,55～59歲,55,59,不相關,0.0,女,結婚,大學,相同性別,0
113,,18,八里區,55～59歲,55,59,不相關,0.0,女,結婚,專科,不同性別,0
113,,18,八里區,55～59歲,55,59,不相關,0.0,女,結婚,專科,相同性別,0
113,,18,八里區,55～59歲,55,59,不相關,0.0,女,結婚,碩士,不同性別,0
113,,18,八里區,55～59歲,55,59,不相關,0.0,女,結婚,碩士,相同性別,0
113,,18,八里區,55～59歲,55,59,不相關,0.0,女,結婚,高中職,不同性別,2
113,,18,八里區,55～59歲,55,59,不相關,0.0,女,結婚,高中職,相同性別,0
113,,18,八里區,55～59歲,55,59,不相關,0.0,男,結婚,博士,不同性別,0
113,,18,八里區,55～59歲,55,59,不相關,0.0,男,結婚,博士,相同性別,0
113,,18,八里區,55～59歲,55,59,不相關,0.0,男,結婚,國中,不同性別,1
113,,18,八里區,55～59歲,55,59,不相關,0.0,男,結婚,國中,相同性別,0
113,,18,八里區,55～59歲,55,59,不相關,0.0,男,結婚,國小以下,不同性別,0
113,,18,八里區,55～59歲,55,59,不相關,0.0,男,結婚,國小以下,相同性別,0
113,,18,八里區,55～59歲,55,59,不相關,0.0,男,結婚,大學,不同性別,1
113,,18,八里區,55～59歲,55,59,不相關,0.0,男,結婚,大學,相同性別,0
113,,18,八里區,55～59歲,55,59,不相關,0.0,男,結婚,專科,不同性別,2
113,,18,八里區,55～59歲,55,59,不相關,0.0,男,結婚,專科,相同性別,0
113,,18,八里區,55～59歲,55,59,不相關,0.0,男,結婚,碩士,不同性別,0
113,,18,八里區,55～59歲,55,59,不相關,0.0,男,結婚,碩士,相同性別,0
113,,18,八里區,55～59歲,55,59,不相關,0.0,男,結婚,高中職,不同性別,1
113,,18,八里區,55～59歲,55,59,不相關,0.0,男,結婚,高中職,相同性別,0
113,,18,八里區,60～64歲,60,64,不相關,0.0,女,結婚,博士,不同性別,0
113,,18,八里區,60～64歲,60,64,不相關,0.0,女,結婚,博士,相同性別,0
113,,18,八里區,60～64歲,60,64,不相關,0.0,女,結婚,國中,不同性別,1
113,,18,八里區,60～64歲,60,64,不相關,0.0,女,結婚,國中,相同性別,0
113,,18,八里區,60～64歲,60,64,不相關,0.0,女,結婚,國小以下,不同性別,0
113,,18,八里區,60～64歲,60,64,不相關,0.0,女,結婚,國小以下,相同性別,0
113,,18,八里區,60～64歲,60,64,不相關,0.0,女,結婚,大學,不同性別,0
113,,18,八里區,60～64歲,60,64,不相關,0.0,女,結婚,大學,相同性別,0
113,,18,八里區,60～64歲,60,64,不相關,0.0,女,結婚,專科,不同性別,2
113,,18,八里區,60～64歲,60,64,不相關,0.0,女,結婚,專科,相同性別,0
113,,18,八里區,60～64歲,60,64,不相關,0.0,女,結婚,碩士,不同性別,0
113,,18,八里區,60～64歲,60,64,不相關,0.0,女,結婚,碩士,相同性別,0
113,,18,八里區,60～64歲,60,64,不相關,0.0,女,結婚,高中職,不同性別,1
113,,18,八里區,60～64歲,60,64,不相關,0.0,女,結婚,高中職,相同性別,0
113,,18,八里區,60～64歲,60,64,不相關,0.0,男,結婚,博士,不同性別,0
113,,18,八里區,60～64歲,60,64,不相關,0.0,男,結婚,博士,相同性別,0
113,,18,八里區,60～64歲,60,64,不相關,0.0,男,結婚,國中,不同性別,0
113,,18,八里區,60～64歲,60,64,不相關,0.0,男,結婚,國中,相同性別,0
113,,18,八里區,60～64歲,60,64,不相關,0.0,男,結婚,國小以下,不同性別,2
113,,18,八里區,60～64歲,60,64,不相關,0.0,男,結婚,國小以下,相同性別,0
113,,18,八里區,60～64歲,60,64,不相關,0.0,男,結婚,大學,不同性別,0
113,,18,八里區,60～64歲,60,64,不相關,0.0,男,結婚,大學,相同性別,0
113,,18,八里區,60～64歲,60,64,不相關,0.0,男,結婚,專科,不同性別,2
113,,18,八里區,60～64歲,60,64,不相關,0.0,男,結婚,專科,相同性別,0
113,,18,八里區,60～64歲,60,64,不相關,0.0,男,結婚,碩士,不同性別,0
113,,18,八里區,60～64歲,60,64,不相關,0.0,男,結婚,碩士,相同性別,0
113,,18,八里區,60～64歲,60,64,不相關,0.0,男,結婚,高中職,不同性別,1
113,,18,八里區,60～64歲,60,64,不相關,0.0,男,結婚,高中職,相同性別,0
113,,18,八里區,65歲以上,65,120,不相關,0.0,女,結婚,博士,不同性別,0
113,,18,八里區,65歲以上,65,120,不相關,0.0,女,結婚,博士,相同性別,0
113,,18,八里區,65歲以上,65,120,不相關,0.0,女,結婚,國中,不同性別,0
113,,18,八里區,65歲以上,65,120,不相關,0.0,女,結婚,國中,相同性別,0
113,,18,八里區,65歲以上,65,120,不相關,0.0,女,結婚,國小以下,不同性別,1
113,,18,八里區,65歲以上,65,120,不相關,0.0,女,結婚,國小以下,相同性別,0
113,,18,八里區,65歲以上,65,120,不相關,0.0,女,結婚,大學,不同性別,0
113,,18,八里區,65歲以上,65,120,不相關,0.0,女,結婚,大學,相同性別,0
113,,18,八里區,65歲以上,65,120,不相關,0.0,女,結婚,專科,不同性別,0
113,,18,八里區,65歲以上,65,120,不相關,0.0,女,結婚,專科,相同性別,0
113,,18,八里區,65歲以上,65,120,不相關,0.0,女,結婚,碩士,不同性別,0
113,,18,八里區,65歲以上,65,120,不相關,0.0,女,結婚,碩士,相同性別,0
113,,18,八里區,65歲以上,65,120,不相關,0.0,女,結婚,高中職,不同性別,2
113,,18,八里區,65歲以上,65,120,不相關,0.0,女,結婚,高中職,相同性別,0
113,,18,八里區,65歲以上,65,120,不相關,0.0,男,結婚,博士,不同性別,0
113,,18,八里區,65歲以上,65,120,不相關,0.0,男,結婚,博士,相同性別,0
113,,18,八里區,65歲以上,65,120,不相關,0.0,男,結婚,國中,不同性別,3
113,,18,八里區,65歲以上,65,120,不相關,0.0,男,結婚,國中,相同性別,0
113,,18,八里區,65歲以上,65,120,不相關,0.0,男,結婚,國小以下,不同性別,0
113,,18,八里區,65歲以上,65,120,不相關,0.0,男,結婚,國小以下,相同性別,0
113,,18,八里區,65歲以上,65,120,不相關,0.0,男,結婚,大學,不同性別,1
113,,18,八里區,65歲以上,65,120,不相關,0.0,男,結婚,大學,相同性別,0
113,,18,八里區,65歲以上,65,120,不相關,0.0,男,結婚,專科,不同性別,2
113,,18,八里區,65歲以上,65,120,不相關,0.0,男,結婚,專科,相同性別,0
113,,18,八里區,65歲以上,65,120,不相關,0.0,男,結婚,碩士,不同性別,0
113,,18,八里區,65歲以上,65,120,不相關,0.0,男,結婚,碩士,相同性別,0
113,,18,八里區,65歲以上,65,120,不相關,0.0,男,結婚,高中職,不同性別,1
113,,18,八里區,65歲以上,65,120,不相關,0.0,男,結婚,高中職,相同性別,0
113,,19,深坑區,未滿15歲,0,14,不相關,0.0,女,結婚,博士,不同性別,0
113,,19,深坑區,未滿15歲,0,14,不相關,0.0,女,結婚,博士,相同性別,0
113,,19,深坑區,未滿15歲,0,14,不相關,0.0,女,結婚,國中,不同性別,0
113,,19,深坑區,未滿15歲,0,14,不相關,0.0,女,結婚,國中,相同性別,0
113,,19,深坑區,未滿15歲,0,14,不相關,0.0,女,結婚,國小以下,不同性別,0
113,,19,深坑區,未滿15歲,0,14,不相關,0.0,女,結婚,國小以下,相同性別,0
113,,19,深坑區,未滿15歲,0,14,不相關,0.0,女,結婚,大學,不同性別,0
113,,19,深坑區,未滿15歲,0,14,不相關,0.0,女,結婚,大學,相同性別,0
113,,19,深坑區,未滿15歲,0,14,不相關,0.0,女,結婚,專科,不同性別,0
113,,19,深坑區,未滿15歲,0,14,不相關,0.0,女,結婚,專科,相同性別,0
113,,19,深坑區,未滿15歲,0,14,不相關,0.0,女,結婚,碩士,不同性別,0
113,,19,深坑區,未滿15歲,0,14,不相關,0.0,女,結婚,碩士,相同性別,0
113,,19,深坑區,未滿15歲,0,14,不相關,0.0,女,結婚,高中職,不同性別,0
113,,19,深坑區,未滿15歲,0,14,不相關,0.0,女,結婚,高中職,相同性別,0
113,,19,深坑區,未滿15歲,0,14,不相關,0.0,男,結婚,博士,不同性別,0
113,,19,深坑區,未滿15歲,0,14,不相關,0.0,男,結婚,博士,相同性別,0
113,,19,深坑區,未滿15歲,0,14,不相關,0.0,男,結婚,國中,不同性別,0
113,,19,深坑區,未滿15歲,0,14,不相關,0.0,男,結婚,國中,相同性別,0
113,,19,深坑區,未滿15歲,0,14,不相關,0.0,男,結婚,國小以下,不同性別,0
113,,19,深坑區,未滿15歲,0,14,不相關,0.0,男,結婚,國小以下,相同性別,0
113,,19,深坑區,未滿15歲,0,14,不相關,0.0,男,結婚,大學,不同性別,0
113,,19,深坑區,未滿15歲,0,14,不相關,0.0,男,結婚,大學,相同性別,0
113,,19,深坑區,未滿15歲,0,14,不相關,0.0,男,結婚,專科,不同性別,0
113,,19,深坑區,未滿15歲,0,14,不相關,0.0,男,結婚,專科,相同性別,0
113,,19,深坑區,未滿15歲,0,14,不相關,0.0,男,結婚,碩士,不同性別,0
113,,19,深坑區,未滿15歲,0,14,不相關,0.0,男,結婚,碩士,相同性別,0
113,,19,深坑區,未滿15歲,0,14,不相關,0.0,男,結婚,高中職,不同性別,0
113,,19,深坑區,未滿15歲,0,14,不相關,0.0,男,結婚,高中職,相同性別,0
113,,19,深坑區,15～19歲,15,19,部分重疊,0.4,女,結婚,博士,不同性別,0
113,,19,深坑區,15～19歲,15,19,部分重疊,0.4,女,結婚,博士,相同性別,0
113,,19,深坑區,15～19歲,15,19,部分重疊,0.4,女,結婚,國中,不同性別,1
113,,19,深坑區,15～19歲,15,19,部分重疊,0.4,女,結婚,國中,相同性別,0
113,,19,深坑區,15～19歲,15,19,部分重疊,0.4,女,結婚,國小以下,不同性別,0
113,,19,深坑區,15～19歲,15,19,部分重疊,0.4,女,結婚,國小以下,相同性別,0
113,,19,深坑區,15～19歲,15,19,部分重疊,0.4,女,結婚,大學,不同性別,0
113,,19,深坑區,15～19歲,15,19,部分重疊,0.4,女,結婚,大學,相同性別,0
113,,19,深坑區,15～19歲,15,19,部分重疊,0.4,女,結婚,專科,不同性別,0
113,,19,深坑區,15～19歲,15,19,部分重疊,0.4,女,結婚,專科,相同性別,0
113,,19,深坑區,15～19歲,15,19,部分重疊,0.4,女,結婚,碩士,不同性別,0
113,,19,深坑區,15～19歲,15,19,部分重疊,0.4,女,結婚,碩士,相同性別,0
113,,19,深坑區,15～19歲,15,19,部分重疊,0.4,女,結婚,高中職,不同性別,1
113,,19,深坑區,15～19歲,15,19,部分重疊,0.4,女,結婚,高中職,相同性別,0
113,,19,深坑區,15～19歲,15,19,部分重疊,0.4,男,結婚,博士,不同性別,0
113,,19,深坑區,15～19歲,15,19,部分重疊,0.4,男,結婚,博士,相同性別,0
113,,19,深坑區,15～19歲,15,19,部分重疊,0.4,男,結婚,國中,不同性別,0
113,,19,深坑區,15～19歲,15,19,部分重疊,0.4,男,結婚,國中,相同性別,0
113,,19,深坑區,15～19歲,15,19,部分重疊,0.4,男,結婚,國小以下,不同性別,0
113,,19,深坑區,15～19歲,15,19,部分重疊,0.4,男,結婚,國小以下,相同性別,0
113,,19,深坑區,15～19歲,15,19,部分重疊,0.4,男,結婚,大學,不同性別,0
113,,19,深坑區,15～19歲,15,19,部分重疊,0.4,男,結婚,大學,相同性別,0
113,,19,深坑區,15～19歲,15,19,部分重疊,0.4,男,結婚,專科,不同性別,0
113,,19,深坑區,15～19歲,15,19,部分重疊,0.4,男,結婚,專科,相同性別,0
113,,19,深坑區,15～19歲,15,19,部分重疊,0.4,男,結婚,碩士,不同性別,0
113,,19,深坑區,15～19歲,15,19,部分重疊,0.4,男,結婚,碩士,相同性別,0
113,,19,深坑區,15～19歲,15,19,部分重疊,0.4,男,結婚,高中職,不同性別,1
113,,19,深坑區,15～19歲,15,19,部分重疊,0.4,男,結婚,高中職,相同性別,0
113,,19,深坑區,20～24歲,20,24,完全落入,1.0,女,結婚,博士,不同性別,0
113,,19,深坑區,20～24歲,20,24,完全落入,1.0,女,結婚,博士,相同性別,0
113,,19,深坑區,20～24歲,20,24,完全落入,1.0,女,結婚,國中,不同性別,4
113,,19,深坑區,20～24歲,20,24,完全落入,1.0,女,結婚,國中,相同性別,0
113,,19,深坑區,20～24歲,20,24,完全落入,1.0,女,結婚,國小以下,不同性別,0
113,,19,深坑區,20～24歲,20,24,完全落入,1.0,女,結婚,國小以下,相同性別,0
113,,19,深坑區,20～24歲,20,24,完全落入,1.0,女,結婚,大學,不同性別,3
113,,19,深坑區,20～24歲,20,24,完全落入,1.0,女,結婚,大學,相同性別,0
113,,19,深坑區,20～24歲,20,24,完全落入,1.0,女,結婚,專科,不同性別,0
113,,19,深坑區,20～24歲,20,24,完全落入,1.0,女,結婚,專科,相同性別,0
113,,19,深坑區,20～24歲,20,24,完全落入,1.0,女,結婚,碩士,不同性別,0
113,,19,深坑區,20～24歲,20,24,完全落入,1.0,女,結婚,碩士,相同性別,0
113,,19,深坑區,20～24歲,20,24,完全落入,1.0,女,結婚,高中職,不同性別,6
113,,19,深坑區,20～24歲,20,24,完全落入,1.0,女,結婚,高中職,相同性別,0
113,,19,深坑區,20～24歲,20,24,完全落入,1.0,男,結婚,博士,不同性別,0
113,,19,深坑區,20～24歲,20,24,完全落入,1.0,男,結婚,博士,相同性別,0
113,,19,深坑區,20～24歲,20,24,完全落入,1.0,男,結婚,國中,不同性別,4
113,,19,深坑區,20～24歲,20,24,完全落入,1.0,男,結婚,國中,相同性別,0
113,,19,深坑區,20～24歲,20,24,完全落入,1.0,男,結婚,國小以下,不同性別,0
113,,19,深坑區,20～24歲,20,24,完全落入,1.0,男,結婚,國小以下,相同性別,0
113,,19,深坑區,20～24歲,20,24,完全落入,1.0,男,結婚,大學,不同性別,0
113,,19,深坑區,20～24歲,20,24,完全落入,1.0,男,結婚,大學,相同性別,0
113,,19,深坑區,20～24歲,20,24,完全落入,1.0,男,結婚,專科,不同性別,0
113,,19,深坑區,20～24歲,20,24,完全落入,1.0,男,結婚,專科,相同性別,0
113,,19,深坑區,20～24歲,20,24,完全落入,1.0,男,結婚,碩士,不同性別,0
113,,19,深坑區,20～24歲,20,24,完全落入,1.0,男,結婚,碩士,相同性別,0
113,,19,深坑區,20～24歲,20,24,完全落入,1.0,男,結婚,高中職,不同性別,3
113,,19,深坑區,20～24歲,20,24,完全落入,1.0,男,結婚,高中職,相同性別,0
113,,19,深坑區,25～29歲,25,29,完全落入,1.0,女,結婚,博士,不同性別,0
113,,19,深坑區,25～29歲,25,29,完全落入,1.0,女,結婚,博士,相同性別,0
113,,19,深坑區,25～29歲,25,29,完全落入,1.0,女,結婚,國中,不同性別,3
113,,19,深坑區,25～29歲,25,29,完全落入,1.0,女,結婚,國中,相同性別,0
113,,19,深坑區,25～29歲,25,29,完全落入,1.0,女,結婚,國小以下,不同性別,0
113,,19,深坑區,25～29歲,25,29,完全落入,1.0,女,結婚,國小以下,相同性別,0
113,,19,深坑區,25～29歲,25,29,完全落入,1.0,女,結婚,大學,不同性別,20
113,,19,深坑區,25～29歲,25,29,完全落入,1.0,女,結婚,大學,相同性別,0
113,,19,深坑區,25～29歲,25,29,完全落入,1.0,女,結婚,專科,不同性別,2
113,,19,深坑區,25～29歲,25,29,完全落入,1.0,女,結婚,專科,相同性別,0
113,,19,深坑區,25～29歲,25,29,完全落入,1.0,女,結婚,碩士,不同性別,1
113,,19,深坑區,25～29歲,25,29,完全落入,1.0,女,結婚,碩士,相同性別,0
113,,19,深坑區,25～29歲,25,29,完全落入,1.0,女,結婚,高中職,不同性別,7
113,,19,深坑區,25～29歲,25,29,完全落入,1.0,女,結婚,高中職,相同性別,0
113,,19,深坑區,25～29歲,25,29,完全落入,1.0,男,結婚,博士,不同性別,0
113,,19,深坑區,25～29歲,25,29,完全落入,1.0,男,結婚,博士,相同性別,0
113,,19,深坑區,25～29歲,25,29,完全落入,1.0,男,結婚,國中,不同性別,2
113,,19,深坑區,25～29歲,25,29,完全落入,1.0,男,結婚,國中,相同性別,0
113,,19,深坑區,25～29歲,25,29,完全落入,1.0,男,結婚,國小以下,不同性別,0
113,,19,深坑區,25～29歲,25,29,完全落入,1.0,男,結婚,國小以下,相同性別,0
113,,19,深坑區,25～29歲,25,29,完全落入,1.0,男,結婚,大學,不同性別,15
113,,19,深坑區,25～29歲,25,29,完全落入,1.0,男,結婚,大學,相同性別,0
113,,19,深坑區,25～29歲,25,29,完全落入,1.0,男,結婚,專科,不同性別,1
113,,19,深坑區,25～29歲,25,29,完全落入,1.0,男,結婚,專科,相同性別,0
113,,19,深坑區,25～29歲,25,29,完全落入,1.0,男,結婚,碩士,不同性別,0
113,,19,深坑區,25～29歲,25,29,完全落入,1.0,男,結婚,碩士,相同性別,0
113,,19,深坑區,25～29歲,25,29,完全落入,1.0,男,結婚,高中職,不同性別,8
113,,19,深坑區,25～29歲,25,29,完全落入,1.0,男,結婚,高中職,相同性別,0
113,,19,深坑區,30～34歲,30,34,完全落入,1.0,女,結婚,博士,不同性別,1
113,,19,深坑區,30～34歲,30,34,完全落入,1.0,女,結婚,博士,相同性別,0
113,,19,深坑區,30～34歲,30,34,完全落入,1.0,女,結婚,國中,不同性別,0
113,,19,深坑區,30～34歲,30,34,完全落入,1.0,女,結婚,國中,相同性別,0
113,,19,深坑區,30～34歲,30,34,完全落入,1.0,女,結婚,國小以下,不同性別,0
113,,19,深坑區,30～34歲,30,34,完全落入,1.0,女,結婚,國小以下,相同性別,0
113,,19,深坑區,30～34歲,30,34,完全落入,1.0,女,結婚,大學,不同性別,15
113,,19,深坑區,30～34歲,30,34,完全落入,1.0,女,結婚,大學,相同性別,0
113,,19,深坑區,30～34歲,30,34,完全落入,1.0,女,結婚,專科,不同性別,0
113,,19,深坑區,30～34歲,30,34,完全落入,1.0,女,結婚,專科,相同性別,0
113,,19,深坑區,30～34歲,30,34,完全落入,1.0,女,結婚,碩士,不同性別,1
113,,19,深坑區,30～34歲,30,34,完全落入,1.0,女,結婚,碩士,相同性別,0
113,,19,深坑區,30～34歲,30,34,完全落入,1.0,女,結婚,高中職,不同性別,9
113,,19,深坑區,30～34歲,30,34,完全落入,1.0,女,結婚,高中職,相同性別,1
113,,19,深坑區,30～34歲,30,34,完全落入,1.0,男,結婚,博士,不同性別,0
113,,19,深坑區,30～34歲,30,34,完全落入,1.0,男,結婚,博士,相同性別,0
113,,19,深坑區,30～34歲,30,34,完全落入,1.0,男,結婚,國中,不同性別,2
113,,19,深坑區,30～34歲,30,34,完全落入,1.0,男,結婚,國中,相同性別,0
113,,19,深坑區,30～34歲,30,34,完全落入,1.0,男,結婚,國小以下,不同性別,0
113,,19,深坑區,30～34歲,30,34,完全落入,1.0,男,結婚,國小以下,相同性別,0
113,,19,深坑區,30～34歲,30,34,完全落入,1.0,男,結婚,大學,不同性別,10
113,,19,深坑區,30～34歲,30,34,完全落入,1.0,男,結婚,大學,相同性別,0
113,,19,深坑區,30～34歲,30,34,完全落入,1.0,男,結婚,專科,不同性別,2
113,,19,深坑區,30～34歲,30,34,完全落入,1.0,男,結婚,專科,相同性別,0
113,,19,深坑區,30～34歲,30,34,完全落入,1.0,男,結婚,碩士,不同性別,9
113,,19,深坑區,30～34歲,30,34,完全落入,1.0,男,結婚,碩士,相同性別,0
113,,19,深坑區,30～34歲,30,34,完全落入,1.0,男,結婚,高中職,不同性別,3
113,,19,深坑區,30～34歲,30,34,完全落入,1.0,男,結婚,高中職,相同性別,0
113,,19,深坑區,35～39歲,35,39,部分重疊,0.2,女,結婚,博士,不同性別,0
113,,19,深坑區,35～39歲,35,39,部分重疊,0.2,女,結婚,博士,相同性別,0
113,,19,深坑區,35～39歲,35,39,部分重疊,0.2,女,結婚,國中,不同性別,2
113,,19,深坑區,35～39歲,35,39,部分重疊,0.2,女,結婚,國中,相同性別,1
113,,19,深坑區,35～39歲,35,39,部分重疊,0.2,女,結婚,國小以下,不同性別,0
113,,19,深坑區,35～39歲,35,39,部分重疊,0.2,女,結婚,國小以下,相同性別,0
113,,19,深坑區,35～39歲,35,39,部分重疊,0.2,女,結婚,大學,不同性別,4
113,,19,深坑區,35～39歲,35,39,部分重疊,0.2,女,結婚,大學,相同性別,0
113,,19,深坑區,35～39歲,35,39,部分重疊,0.2,女,結婚,專科,不同性別,3
113,,19,深坑區,35～39歲,35,39,部分重疊,0.2,女,結婚,專科,相同性別,0
113,,19,深坑區,35～39歲,35,39,部分重疊,0.2,女,結婚,碩士,不同性別,1
113,,19,深坑區,35～39歲,35,39,部分重疊,0.2,女,結婚,碩士,相同性別,0
113,,19,深坑區,35～39歲,35,39,部分重疊,0.2,女,結婚,高中職,不同性別,3
113,,19,深坑區,35～39歲,35,39,部分重疊,0.2,女,結婚,高中職,相同性別,1
113,,19,深坑區,35～39歲,35,39,部分重疊,0.2,男,結婚,博士,不同性別,1
113,,19,深坑區,35～39歲,35,39,部分重疊,0.2,男,結婚,博士,相同性別,0
113,,19,深坑區,35～39歲,35,39,部分重疊,0.2,男,結婚,國中,不同性別,2
113,,19,深坑區,35～39歲,35,39,部分重疊,0.2,男,結婚,國中,相同性別,0
113,,19,深坑區,35～39歲,35,39,部分重疊,0.2,男,結婚,國小以下,不同性別,0
113,,19,深坑區,35～39歲,35,39,部分重疊,0.2,男,結婚,國小以下,相同性別,0
113,,19,深坑區,35～39歲,35,39,部分重疊,0.2,男,結婚,大學,不同性別,5
113,,19,深坑區,35～39歲,35,39,部分重疊,0.2,男,結婚,大學,相同性別,0
113,,19,深坑區,35～39歲,35,39,部分重疊,0.2,男,結婚,專科,不同性別,2
113,,19,深坑區,35～39歲,35,39,部分重疊,0.2,男,結婚,專科,相同性別,0
113,,19,深坑區,35～39歲,35,39,部分重疊,0.2,男,結婚,碩士,不同性別,1
113,,19,深坑區,35～39歲,35,39,部分重疊,0.2,男,結婚,碩士,相同性別,0
113,,19,深坑區,35～39歲,35,39,部分重疊,0.2,男,結婚,高中職,不同性別,5
113,,19,深坑區,35～39歲,35,39,部分重疊,0.2,男,結婚,高中職,相同性別,0
113,,19,深坑區,40～44歲,40,44,不相關,0.0,女,結婚,博士,不同性別,0
113,,19,深坑區,40～44歲,40,44,不相關,0.0,女,結婚,博士,相同性別,0
113,,19,深坑區,40～44歲,40,44,不相關,0.0,女,結婚,國中,不同性別,2
113,,19,深坑區,40～44歲,40,44,不相關,0.0,女,結婚,國中,相同性別,0
113,,19,深坑區,40～44歲,40,44,不相關,0.0,女,結婚,國小以下,不同性別,0
113,,19,深坑區,40～44歲,40,44,不相關,0.0,女,結婚,國小以下,相同性別,0
113,,19,深坑區,40～44歲,40,44,不相關,0.0,女,結婚,大學,不同性別,2
113,,19,深坑區,40～44歲,40,44,不相關,0.0,女,結婚,大學,相同性別,1
113,,19,深坑區,40～44歲,40,44,不相關,0.0,女,結婚,專科,不同性別,0
113,,19,深坑區,40～44歲,40,44,不相關,0.0,女,結婚,專科,相同性別,0
113,,19,深坑區,40～44歲,40,44,不相關,0.0,女,結婚,碩士,不同性別,1
113,,19,深坑區,40～44歲,40,44,不相關,0.0,女,結婚,碩士,相同性別,0
113,,19,深坑區,40～44歲,40,44,不相關,0.0,女,結婚,高中職,不同性別,3
113,,19,深坑區,40～44歲,40,44,不相關,0.0,女,結婚,高中職,相同性別,0
113,,19,深坑區,40～44歲,40,44,不相關,0.0,男,結婚,博士,不同性別,0
113,,19,深坑區,40～44歲,40,44,不相關,0.0,男,結婚,博士,相同性別,0
113,,19,深坑區,40～44歲,40,44,不相關,0.0,男,結婚,國中,不同性別,3
113,,19,深坑區,40～44歲,40,44,不相關,0.0,男,結婚,國中,相同性別,0
113,,19,深坑區,40～44歲,40,44,不相關,0.0,男,結婚,國小以下,不同性別,1
113,,19,深坑區,40～44歲,40,44,不相關,0.0,男,結婚,國小以下,相同性別,0
113,,19,深坑區,40～44歲,40,44,不相關,0.0,男,結婚,大學,不同性別,5
113,,19,深坑區,40～44歲,40,44,不相關,0.0,男,結婚,大學,相同性別,0
113,,19,深坑區,40～44歲,40,44,不相關,0.0,男,結婚,專科,不同性別,1
113,,19,深坑區,40～44歲,40,44,不相關,0.0,男,結婚,專科,相同性別,0
113,,19,深坑區,40～44歲,40,44,不相關,0.0,男,結婚,碩士,不同性別,1
113,,19,深坑區,40～44歲,40,44,不相關,0.0,男,結婚,碩士,相同性別,0
113,,19,深坑區,40～44歲,40,44,不相關,0.0,男,結婚,高中職,不同性別,1
113,,19,深坑區,40～44歲,40,44,不相關,0.0,男,結婚,高中職,相同性別,0
113,,19,深坑區,45～49歲,45,49,不相關,0.0,女,結婚,博士,不同性別,0
113,,19,深坑區,45～49歲,45,49,不相關,0.0,女,結婚,博士,相同性別,0
113,,19,深坑區,45～49歲,45,49,不相關,0.0,女,結婚,國中,不同性別,0
113,,19,深坑區,45～49歲,45,49,不相關,0.0,女,結婚,國中,相同性別,0
113,,19,深坑區,45～49歲,45,49,不相關,0.0,女,結婚,國小以下,不同性別,1
113,,19,深坑區,45～49歲,45,49,不相關,0.0,女,結婚,國小以下,相同性別,0
113,,19,深坑區,45～49歲,45,49,不相關,0.0,女,結婚,大學,不同性別,1
113,,19,深坑區,45～49歲,45,49,不相關,0.0,女,結婚,大學,相同性別,0
113,,19,深坑區,45～49歲,45,49,不相關,0.0,女,結婚,專科,不同性別,0
113,,19,深坑區,45～49歲,45,49,不相關,0.0,女,結婚,專科,相同性別,0
113,,19,深坑區,45～49歲,45,49,不相關,0.0,女,結婚,碩士,不同性別,0
113,,19,深坑區,45～49歲,45,49,不相關,0.0,女,結婚,碩士,相同性別,0
113,,19,深坑區,45～49歲,45,49,不相關,0.0,女,結婚,高中職,不同性別,3
113,,19,深坑區,45～49歲,45,49,不相關,0.0,女,結婚,高中職,相同性別,0
113,,19,深坑區,45～49歲,45,49,不相關,0.0,男,結婚,博士,不同性別,0
113,,19,深坑區,45～49歲,45,49,不相關,0.0,男,結婚,博士,相同性別,0
113,,19,深坑區,45～49歲,45,49,不相關,0.0,男,結婚,國中,不同性別,3
113,,19,深坑區,45～49歲,45,49,不相關,0.0,男,結婚,國中,相同性別,0
113,,19,深坑區,45～49歲,45,49,不相關,0.0,男,結婚,國小以下,不同性別,0
113,,19,深坑區,45～49歲,45,49,不相關,0.0,男,結婚,國小以下,相同性別,0
113,,19,深坑區,45～49歲,45,49,不相關,0.0,男,結婚,大學,不同性別,1
113,,19,深坑區,45～49歲,45,49,不相關,0.0,男,結婚,大學,相同性別,0
113,,19,深坑區,45～49歲,45,49,不相關,0.0,男,結婚,專科,不同性別,0
113,,19,深坑區,45～49歲,45,49,不相關,0.0,男,結婚,專科,相同性別,0
113,,19,深坑區,45～49歲,45,49,不相關,0.0,男,結婚,碩士,不同性別,0
113,,19,深坑區,45～49歲,45,49,不相關,0.0,男,結婚,碩士,相同性別,0
113,,19,深坑區,45～49歲,45,49,不相關,0.0,男,結婚,高中職,不同性別,3
113,,19,深坑區,45～49歲,45,49,不相關,0.0,男,結婚,高中職,相同性別,0
113,,19,深坑區,50～54歲,50,54,不相關,0.0,女,結婚,博士,不同性別,0
113,,19,深坑區,50～54歲,50,54,不相關,0.0,女,結婚,博士,相同性別,0
113,,19,深坑區,50～54歲,50,54,不相關,0.0,女,結婚,國中,不同性別,1
113,,19,深坑區,50～54歲,50,54,不相關,0.0,女,結婚,國中,相同性別,0
113,,19,深坑區,50～54歲,50,54,不相關,0.0,女,結婚,國小以下,不同性別,0
113,,19,深坑區,50～54歲,50,54,不相關,0.0,女,結婚,國小以下,相同性別,0
113,,19,深坑區,50～54歲,50,54,不相關,0.0,女,結婚,大學,不同性別,0
113,,19,深坑區,50～54歲,50,54,不相關,0.0,女,結婚,大學,相同性別,0
113,,19,深坑區,50～54歲,50,54,不相關,0.0,女,結婚,專科,不同性別,0
113,,19,深坑區,50～54歲,50,54,不相關,0.0,女,結婚,專科,相同性別,0
113,,19,深坑區,50～54歲,50,54,不相關,0.0,女,結婚,碩士,不同性別,0
113,,19,深坑區,50～54歲,50,54,不相關,0.0,女,結婚,碩士,相同性別,0
113,,19,深坑區,50～54歲,50,54,不相關,0.0,女,結婚,高中職,不同性別,1
113,,19,深坑區,50～54歲,50,54,不相關,0.0,女,結婚,高中職,相同性別,0
113,,19,深坑區,50～54歲,50,54,不相關,0.0,男,結婚,博士,不同性別,0
113,,19,深坑區,50～54歲,50,54,不相關,0.0,男,結婚,博士,相同性別,0
113,,19,深坑區,50～54歲,50,54,不相關,0.0,男,結婚,國中,不同性別,0
113,,19,深坑區,50～54歲,50,54,不相關,0.0,男,結婚,國中,相同性別,0
113,,19,深坑區,50～54歲,50,54,不相關,0.0,男,結婚,國小以下,不同性別,0
113,,19,深坑區,50～54歲,50,54,不相關,0.0,男,結婚,國小以下,相同性別,0
113,,19,深坑區,50～54歲,50,54,不相關,0.0,男,結婚,大學,不同性別,0
113,,19,深坑區,50～54歲,50,54,不相關,0.0,男,結婚,大學,相同性別,0
113,,19,深坑區,50～54歲,50,54,不相關,0.0,男,結婚,專科,不同性別,0
113,,19,深坑區,50～54歲,50,54,不相關,0.0,男,結婚,專科,相同性別,0
113,,19,深坑區,50～54歲,50,54,不相關,0.0,男,結婚,碩士,不同性別,1
113,,19,深坑區,50～54歲,50,54,不相關,0.0,男,結婚,碩士,相同性別,0
113,,19,深坑區,50～54歲,50,54,不相關,0.0,男,結婚,高中職,不同性別,2
113,,19,深坑區,50～54歲,50,54,不相關,0.0,男,結婚,高中職,相同性別,0
113,,19,深坑區,55～59歲,55,59,不相關,0.0,女,結婚,博士,不同性別,0
113,,19,深坑區,55～59歲,55,59,不相關,0.0,女,結婚,博士,相同性別,0
113,,19,深坑區,55～59歲,55,59,不相關,0.0,女,結婚,國中,不同性別,1
113,,19,深坑區,55～59歲,55,59,不相關,0.0,女,結婚,國中,相同性別,0
113,,19,深坑區,55～59歲,55,59,不相關,0.0,女,結婚,國小以下,不同性別,1
113,,19,深坑區,55～59歲,55,59,不相關,0.0,女,結婚,國小以下,相同性別,0
113,,19,深坑區,55～59歲,55,59,不相關,0.0,女,結婚,大學,不同性別,0
113,,19,深坑區,55～59歲,55,59,不相關,0.0,女,結婚,大學,相同性別,0
113,,19,深坑區,55～59歲,55,59,不相關,0.0,女,結婚,專科,不同性別,0
113,,19,深坑區,55～59歲,55,59,不相關,0.0,女,結婚,專科,相同性別,0
113,,19,深坑區,55～59歲,55,59,不相關,0.0,女,結婚,碩士,不同性別,0
113,,19,深坑區,55～59歲,55,59,不相關,0.0,女,結婚,碩士,相同性別,0
113,,19,深坑區,55～59歲,55,59,不相關,0.0,女,結婚,高中職,不同性別,2
113,,19,深坑區,55～59歲,55,59,不相關,0.0,女,結婚,高中職,相同性別,0
113,,19,深坑區,55～59歲,55,59,不相關,0.0,男,結婚,博士,不同性別,0
113,,19,深坑區,55～59歲,55,59,不相關,0.0,男,結婚,博士,相同性別,0
113,,19,深坑區,55～59歲,55,59,不相關,0.0,男,結婚,國中,不同性別,1
113,,19,深坑區,55～59歲,55,59,不相關,0.0,男,結婚,國中,相同性別,0
113,,19,深坑區,55～59歲,55,59,不相關,0.0,男,結婚,國小以下,不同性別,0
113,,19,深坑區,55～59歲,55,59,不相關,0.0,男,結婚,國小以下,相同性別,0
113,,19,深坑區,55～59歲,55,59,不相關,0.0,男,結婚,大學,不同性別,0
113,,19,深坑區,55～59歲,55,59,不相關,0.0,男,結婚,大學,相同性別,0
113,,19,深坑區,55～59歲,55,59,不相關,0.0,男,結婚,專科,不同性別,3
113,,19,深坑區,55～59歲,55,59,不相關,0.0,男,結婚,專科,相同性別,0
113,,19,深坑區,55～59歲,55,59,不相關,0.0,男,結婚,碩士,不同性別,0
113,,19,深坑區,55～59歲,55,59,不相關,0.0,男,結婚,碩士,相同性別,0
113,,19,深坑區,55～59歲,55,59,不相關,0.0,男,結婚,高中職,不同性別,0
113,,19,深坑區,55～59歲,55,59,不相關,0.0,男,結婚,高中職,相同性別,0
113,,19,深坑區,60～64歲,60,64,不相關,0.0,女,結婚,博士,不同性別,0
113,,19,深坑區,60～64歲,60,64,不相關,0.0,女,結婚,博士,相同性別,0
113,,19,深坑區,60～64歲,60,64,不相關,0.0,女,結婚,國中,不同性別,0
113,,19,深坑區,60～64歲,60,64,不相關,0.0,女,結婚,國中,相同性別,0
113,,19,深坑區,60～64歲,60,64,不相關,0.0,女,結婚,國小以下,不同性別,0
113,,19,深坑區,60～64歲,60,64,不相關,0.0,女,結婚,國小以下,相同性別,0
113,,19,深坑區,60～64歲,60,64,不相關,0.0,女,結婚,大學,不同性別,0
113,,19,深坑區,60～64歲,60,64,不相關,0.0,女,結婚,大學,相同性別,0
113,,19,深坑區,60～64歲,60,64,不相關,0.0,女,結婚,專科,不同性別,0
113,,19,深坑區,60～64歲,60,64,不相關,0.0,女,結婚,專科,相同性別,0
113,,19,深坑區,60～64歲,60,64,不相關,0.0,女,結婚,碩士,不同性別,0
113,,19,深坑區,60～64歲,60,64,不相關,0.0,女,結婚,碩士,相同性別,0
113,,19,深坑區,60～64歲,60,64,不相關,0.0,女,結婚,高中職,不同性別,0
113,,19,深坑區,60～64歲,60,64,不相關,0.0,女,結婚,高中職,相同性別,0
113,,19,深坑區,60～64歲,60,64,不相關,0.0,男,結婚,博士,不同性別,0
113,,19,深坑區,60～64歲,60,64,不相關,0.0,男,結婚,博士,相同性別,0
113,,19,深坑區,60～64歲,60,64,不相關,0.0,男,結婚,國中,不同性別,0
113,,19,深坑區,60～64歲,60,64,不相關,0.0,男,結婚,國中,相同性別,0
113,,19,深坑區,60～64歲,60,64,不相關,0.0,男,結婚,國小以下,不同性別,0
113,,19,深坑區,60～64歲,60,64,不相關,0.0,男,結婚,國小以下,相同性別,0
113,,19,深坑區,60～64歲,60,64,不相關,0.0,男,結婚,大學,不同性別,0
113,,19,深坑區,60～64歲,60,64,不相關,0.0,男,結婚,大學,相同性別,0
113,,19,深坑區,60～64歲,60,64,不相關,0.0,男,結婚,專科,不同性別,0
113,,19,深坑區,60～64歲,60,64,不相關,0.0,男,結婚,專科,相同性別,0
113,,19,深坑區,60～64歲,60,64,不相關,0.0,男,結婚,碩士,不同性別,0
113,,19,深坑區,60～64歲,60,64,不相關,0.0,男,結婚,碩士,相同性別,0
113,,19,深坑區,60～64歲,60,64,不相關,0.0,男,結婚,高中職,不同性別,3
113,,19,深坑區,60～64歲,60,64,不相關,0.0,男,結婚,高中職,相同性別,0
113,,19,深坑區,65歲以上,65,120,不相關,0.0,女,結婚,博士,不同性別,0
113,,19,深坑區,65歲以上,65,120,不相關,0.0,女,結婚,博士,相同性別,0
113,,19,深坑區,65歲以上,65,120,不相關,0.0,女,結婚,國中,不同性別,0
113,,19,深坑區,65歲以上,65,120,不相關,0.0,女,結婚,國中,相同性別,0
113,,19,深坑區,65歲以上,65,120,不相關,0.0,女,結婚,國小以下,不同性別,1
113,,19,深坑區,65歲以上,65,120,不相關,0.0,女,結婚,國小以下,相同性別,0
113,,19,深坑區,65歲以上,65,120,不相關,0.0,女,結婚,大學,不同性別,0
113,,19,深坑區,65歲以上,65,120,不相關,0.0,女,結婚,大學,相同性別,0
113,,19,深坑區,65歲以上,65,120,不相關,0.0,女,結婚,專科,不同性別,0
113,,19,深坑區,65歲以上,65,120,不相關,0.0,女,結婚,專科,相同性別,0
113,,19,深坑區,65歲以上,65,120,不相關,0.0,女,結婚,碩士,不同性別,0
113,,19,深坑區,65歲以上,65,120,不相關,0.0,女,結婚,碩士,相同性別,0
113,,19,深坑區,65歲以上,65,120,不相關,0.0,女,結婚,高中職,不同性別,1
113,,19,深坑區,65歲以上,65,120,不相關,0.0,女,結婚,高中職,相同性別,0
113,,19,深坑區,65歲以上,65,120,不相關,0.0,男,結婚,博士,不同性別,0
113,,19,深坑區,65歲以上,65,120,不相關,0.0,男,結婚,博士,相同性別,0
113,,19,深坑區,65歲以上,65,120,不相關,0.0,男,結婚,國中,不同性別,0
113,,19,深坑區,65歲以上,65,120,不相關,0.0,男,結婚,國中,相同性別,0
113,,19,深坑區,65歲以上,65,120,不相關,0.0,男,結婚,國小以下,不同性別,0
113,,19,深坑區,65歲以上,65,120,不相關,0.0,男,結婚,國小以下,相同性別,0
113,,19,深坑區,65歲以上,65,120,不相關,0.0,男,結婚,大學,不同性別,2
113,,19,深坑區,65歲以上,65,120,不相關,0.0,男,結婚,大學,相同性別,0
113,,19,深坑區,65歲以上,65,120,不相關,0.0,男,結婚,專科,不同性別,0
113,,19,深坑區,65歲以上,65,120,不相關,0.0,男,結婚,專科,相同性別,0
113,,19,深坑區,65歲以上,65,120,不相關,0.0,男,結婚,碩士,不同性別,0
113,,19,深坑區,65歲以上,65,120,不相關,0.0,男,結婚,碩士,相同性別,0
113,,19,深坑區,65歲以上,65,120,不相關,0.0,男,結婚,高中職,不同性別,1
113,,19,深坑區,65歲以上,65,120,不相關,0.0,男,結婚,高中職,相同性別,0
113,,20,石碇區,未滿15歲,0,14,不相關,0.0,女,結婚,博士,不同性別,0
113,,20,石碇區,未滿15歲,0,14,不相關,0.0,女,結婚,博士,相同性別,0
113,,20,石碇區,未滿15歲,0,14,不相關,0.0,女,結婚,國中,不同性別,0
113,,20,石碇區,未滿15歲,0,14,不相關,0.0,女,結婚,國中,相同性別,0
113,,20,石碇區,未滿15歲,0,14,不相關,0.0,女,結婚,國小以下,不同性別,0
113,,20,石碇區,未滿15歲,0,14,不相關,0.0,女,結婚,國小以下,相同性別,0
113,,20,石碇區,未滿15歲,0,14,不相關,0.0,女,結婚,大學,不同性別,0
113,,20,石碇區,未滿15歲,0,14,不相關,0.0,女,結婚,大學,相同性別,0
113,,20,石碇區,未滿15歲,0,14,不相關,0.0,女,結婚,專科,不同性別,0
113,,20,石碇區,未滿15歲,0,14,不相關,0.0,女,結婚,專科,相同性別,0
113,,20,石碇區,未滿15歲,0,14,不相關,0.0,女,結婚,碩士,不同性別,0
113,,20,石碇區,未滿15歲,0,14,不相關,0.0,女,結婚,碩士,相同性別,0
113,,20,石碇區,未滿15歲,0,14,不相關,0.0,女,結婚,高中職,不同性別,0
113,,20,石碇區,未滿15歲,0,14,不相關,0.0,女,結婚,高中職,相同性別,0
113,,20,石碇區,未滿15歲,0,14,不相關,0.0,男,結婚,博士,不同性別,0
113,,20,石碇區,未滿15歲,0,14,不相關,0.0,男,結婚,博士,相同性別,0
113,,20,石碇區,未滿15歲,0,14,不相關,0.0,男,結婚,國中,不同性別,0
113,,20,石碇區,未滿15歲,0,14,不相關,0.0,男,結婚,國中,相同性別,0
113,,20,石碇區,未滿15歲,0,14,不相關,0.0,男,結婚,國小以下,不同性別,0
113,,20,石碇區,未滿15歲,0,14,不相關,0.0,男,結婚,國小以下,相同性別,0
113,,20,石碇區,未滿15歲,0,14,不相關,0.0,男,結婚,大學,不同性別,0
113,,20,石碇區,未滿15歲,0,14,不相關,0.0,男,結婚,大學,相同性別,0
113,,20,石碇區,未滿15歲,0,14,不相關,0.0,男,結婚,專科,不同性別,0
113,,20,石碇區,未滿15歲,0,14,不相關,0.0,男,結婚,專科,相同性別,0
113,,20,石碇區,未滿15歲,0,14,不相關,0.0,男,結婚,碩士,不同性別,0
113,,20,石碇區,未滿15歲,0,14,不相關,0.0,男,結婚,碩士,相同性別,0
113,,20,石碇區,未滿15歲,0,14,不相關,0.0,男,結婚,高中職,不同性別,0
113,,20,石碇區,未滿15歲,0,14,不相關,0.0,男,結婚,高中職,相同性別,0
113,,20,石碇區,15～19歲,15,19,部分重疊,0.4,女,結婚,博士,不同性別,0
113,,20,石碇區,15～19歲,15,19,部分重疊,0.4,女,結婚,博士,相同性別,0
113,,20,石碇區,15～19歲,15,19,部分重疊,0.4,女,結婚,國中,不同性別,0
113,,20,石碇區,15～19歲,15,19,部分重疊,0.4,女,結婚,國中,相同性別,1
113,,20,石碇區,15～19歲,15,19,部分重疊,0.4,女,結婚,國小以下,不同性別,0
113,,20,石碇區,15～19歲,15,19,部分重疊,0.4,女,結婚,國小以下,相同性別,0
113,,20,石碇區,15～19歲,15,19,部分重疊,0.4,女,結婚,大學,不同性別,0
113,,20,石碇區,15～19歲,15,19,部分重疊,0.4,女,結婚,大學,相同性別,0
113,,20,石碇區,15～19歲,15,19,部分重疊,0.4,女,結婚,專科,不同性別,0
113,,20,石碇區,15～19歲,15,19,部分重疊,0.4,女,結婚,專科,相同性別,0
113,,20,石碇區,15～19歲,15,19,部分重疊,0.4,女,結婚,碩士,不同性別,0
113,,20,石碇區,15～19歲,15,19,部分重疊,0.4,女,結婚,碩士,相同性別,0
113,,20,石碇區,15～19歲,15,19,部分重疊,0.4,女,結婚,高中職,不同性別,0
113,,20,石碇區,15～19歲,15,19,部分重疊,0.4,女,結婚,高中職,相同性別,0
113,,20,石碇區,15～19歲,15,19,部分重疊,0.4,男,結婚,博士,不同性別,0
113,,20,石碇區,15～19歲,15,19,部分重疊,0.4,男,結婚,博士,相同性別,0
113,,20,石碇區,15～19歲,15,19,部分重疊,0.4,男,結婚,國中,不同性別,0
113,,20,石碇區,15～19歲,15,19,部分重疊,0.4,男,結婚,國中,相同性別,0
113,,20,石碇區,15～19歲,15,19,部分重疊,0.4,男,結婚,國小以下,不同性別,0
113,,20,石碇區,15～19歲,15,19,部分重疊,0.4,男,結婚,國小以下,相同性別,0
113,,20,石碇區,15～19歲,15,19,部分重疊,0.4,男,結婚,大學,不同性別,0
113,,20,石碇區,15～19歲,15,19,部分重疊,0.4,男,結婚,大學,相同性別,0
113,,20,石碇區,15～19歲,15,19,部分重疊,0.4,男,結婚,專科,不同性別,0
113,,20,石碇區,15～19歲,15,19,部分重疊,0.4,男,結婚,專科,相同性別,0
113,,20,石碇區,15～19歲,15,19,部分重疊,0.4,男,結婚,碩士,不同性別,0
113,,20,石碇區,15～19歲,15,19,部分重疊,0.4,男,結婚,碩士,相同性別,0
113,,20,石碇區,15～19歲,15,19,部分重疊,0.4,男,結婚,高中職,不同性別,0
113,,20,石碇區,15～19歲,15,19,部分重疊,0.4,男,結婚,高中職,相同性別,0
113,,20,石碇區,20～24歲,20,24,完全落入,1.0,女,結婚,博士,不同性別,0
113,,20,石碇區,20～24歲,20,24,完全落入,1.0,女,結婚,博士,相同性別,0
113,,20,石碇區,20～24歲,20,24,完全落入,1.0,女,結婚,國中,不同性別,0
113,,20,石碇區,20～24歲,20,24,完全落入,1.0,女,結婚,國中,相同性別,0
113,,20,石碇區,20～24歲,20,24,完全落入,1.0,女,結婚,國小以下,不同性別,0
113,,20,石碇區,20～24歲,20,24,完全落入,1.0,女,結婚,國小以下,相同性別,0
113,,20,石碇區,20～24歲,20,24,完全落入,1.0,女,結婚,大學,不同性別,0
113,,20,石碇區,20～24歲,20,24,完全落入,1.0,女,結婚,大學,相同性別,0
113,,20,石碇區,20～24歲,20,24,完全落入,1.0,女,結婚,專科,不同性別,1
113,,20,石碇區,20～24歲,20,24,完全落入,1.0,女,結婚,專科,相同性別,0
113,,20,石碇區,20～24歲,20,24,完全落入,1.0,女,結婚,碩士,不同性別,0
113,,20,石碇區,20～24歲,20,24,完全落入,1.0,女,結婚,碩士,相同性別,0
113,,20,石碇區,20～24歲,20,24,完全落入,1.0,女,結婚,高中職,不同性別,1
113,,20,石碇區,20～24歲,20,24,完全落入,1.0,女,結婚,高中職,相同性別,0
113,,20,石碇區,20～24歲,20,24,完全落入,1.0,男,結婚,博士,不同性別,0
113,,20,石碇區,20～24歲,20,24,完全落入,1.0,男,結婚,博士,相同性別,0
113,,20,石碇區,20～24歲,20,24,完全落入,1.0,男,結婚,國中,不同性別,0
113,,20,石碇區,20～24歲,20,24,完全落入,1.0,男,結婚,國中,相同性別,0
113,,20,石碇區,20～24歲,20,24,完全落入,1.0,男,結婚,國小以下,不同性別,0
113,,20,石碇區,20～24歲,20,24,完全落入,1.0,男,結婚,國小以下,相同性別,0
113,,20,石碇區,20～24歲,20,24,完全落入,1.0,男,結婚,大學,不同性別,1
113,,20,石碇區,20～24歲,20,24,完全落入,1.0,男,結婚,大學,相同性別,0
113,,20,石碇區,20～24歲,20,24,完全落入,1.0,男,結婚,專科,不同性別,0
113,,20,石碇區,20～24歲,20,24,完全落入,1.0,男,結婚,專科,相同性別,0
113,,20,石碇區,20～24歲,20,24,完全落入,1.0,男,結婚,碩士,不同性別,0
113,,20,石碇區,20～24歲,20,24,完全落入,1.0,男,結婚,碩士,相同性別,0
113,,20,石碇區,20～24歲,20,24,完全落入,1.0,男,結婚,高中職,不同性別,0
113,,20,石碇區,20～24歲,20,24,完全落入,1.0,男,結婚,高中職,相同性別,0
113,,20,石碇區,25～29歲,25,29,完全落入,1.0,女,結婚,博士,不同性別,0
113,,20,石碇區,25～29歲,25,29,完全落入,1.0,女,結婚,博士,相同性別,0
113,,20,石碇區,25～29歲,25,29,完全落入,1.0,女,結婚,國中,不同性別,1
113,,20,石碇區,25～29歲,25,29,完全落入,1.0,女,結婚,國中,相同性別,0
113,,20,石碇區,25～29歲,25,29,完全落入,1.0,女,結婚,國小以下,不同性別,0
113,,20,石碇區,25～29歲,25,29,完全落入,1.0,女,結婚,國小以下,相同性別,0
113,,20,石碇區,25～29歲,25,29,完全落入,1.0,女,結婚,大學,不同性別,4
113,,20,石碇區,25～29歲,25,29,完全落入,1.0,女,結婚,大學,相同性別,0
113,,20,石碇區,25～29歲,25,29,完全落入,1.0,女,結婚,專科,不同性別,0
113,,20,石碇區,25～29歲,25,29,完全落入,1.0,女,結婚,專科,相同性別,0
113,,20,石碇區,25～29歲,25,29,完全落入,1.0,女,結婚,碩士,不同性別,0
113,,20,石碇區,25～29歲,25,29,完全落入,1.0,女,結婚,碩士,相同性別,0
113,,20,石碇區,25～29歲,25,29,完全落入,1.0,女,結婚,高中職,不同性別,7
113,,20,石碇區,25～29歲,25,29,完全落入,1.0,女,結婚,高中職,相同性別,0
113,,20,石碇區,25～29歲,25,29,完全落入,1.0,男,結婚,博士,不同性別,0
113,,20,石碇區,25～29歲,25,29,完全落入,1.0,男,結婚,博士,相同性別,0
113,,20,石碇區,25～29歲,25,29,完全落入,1.0,男,結婚,國中,不同性別,1
113,,20,石碇區,25～29歲,25,29,完全落入,1.0,男,結婚,國中,相同性別,0
113,,20,石碇區,25～29歲,25,29,完全落入,1.0,男,結婚,國小以下,不同性別,0
113,,20,石碇區,25～29歲,25,29,完全落入,1.0,男,結婚,國小以下,相同性別,0
113,,20,石碇區,25～29歲,25,29,完全落入,1.0,男,結婚,大學,不同性別,1
113,,20,石碇區,25～29歲,25,29,完全落入,1.0,男,結婚,大學,相同性別,0
113,,20,石碇區,25～29歲,25,29,完全落入,1.0,男,結婚,專科,不同性別,0
113,,20,石碇區,25～29歲,25,29,完全落入,1.0,男,結婚,專科,相同性別,0
113,,20,石碇區,25～29歲,25,29,完全落入,1.0,男,結婚,碩士,不同性別,0
113,,20,石碇區,25～29歲,25,29,完全落入,1.0,男,結婚,碩士,相同性別,0
113,,20,石碇區,25～29歲,25,29,完全落入,1.0,男,結婚,高中職,不同性別,3
113,,20,石碇區,25～29歲,25,29,完全落入,1.0,男,結婚,高中職,相同性別,0
113,,20,石碇區,30～34歲,30,34,完全落入,1.0,女,結婚,博士,不同性別,0
113,,20,石碇區,30～34歲,30,34,完全落入,1.0,女,結婚,博士,相同性別,0
113,,20,石碇區,30～34歲,30,34,完全落入,1.0,女,結婚,國中,不同性別,0
113,,20,石碇區,30～34歲,30,34,完全落入,1.0,女,結婚,國中,相同性別,0
113,,20,石碇區,30～34歲,30,34,完全落入,1.0,女,結婚,國小以下,不同性別,0
113,,20,石碇區,30～34歲,30,34,完全落入,1.0,女,結婚,國小以下,相同性別,0
113,,20,石碇區,30～34歲,30,34,完全落入,1.0,女,結婚,大學,不同性別,3
113,,20,石碇區,30～34歲,30,34,完全落入,1.0,女,結婚,大學,相同性別,0
113,,20,石碇區,30～34歲,30,34,完全落入,1.0,女,結婚,專科,不同性別,0
113,,20,石碇區,30～34歲,30,34,完全落入,1.0,女,結婚,專科,相同性別,0
113,,20,石碇區,30～34歲,30,34,完全落入,1.0,女,結婚,碩士,不同性別,2
113,,20,石碇區,30～34歲,30,34,完全落入,1.0,女,結婚,碩士,相同性別,0
113,,20,石碇區,30～34歲,30,34,完全落入,1.0,女,結婚,高中職,不同性別,2
113,,20,石碇區,30～34歲,30,34,完全落入,1.0,女,結婚,高中職,相同性別,1
113,,20,石碇區,30～34歲,30,34,完全落入,1.0,男,結婚,博士,不同性別,0
113,,20,石碇區,30～34歲,30,34,完全落入,1.0,男,結婚,博士,相同性別,0
113,,20,石碇區,30～34歲,30,34,完全落入,1.0,男,結婚,國中,不同性別,2
113,,20,石碇區,30～34歲,30,34,完全落入,1.0,男,結婚,國中,相同性別,0
113,,20,石碇區,30～34歲,30,34,完全落入,1.0,男,結婚,國小以下,不同性別,0
113,,20,石碇區,30～34歲,30,34,完全落入,1.0,男,結婚,國小以下,相同性別,0
113,,20,石碇區,30～34歲,30,34,完全落入,1.0,男,結婚,大學,不同性別,3
113,,20,石碇區,30～34歲,30,34,完全落入,1.0,男,結婚,大學,相同性別,0
113,,20,石碇區,30～34歲,30,34,完全落入,1.0,男,結婚,專科,不同性別,0
113,,20,石碇區,30～34歲,30,34,完全落入,1.0,男,結婚,專科,相同性別,0
113,,20,石碇區,30～34歲,30,34,完全落入,1.0,男,結婚,碩士,不同性別,3
113,,20,石碇區,30～34歲,30,34,完全落入,1.0,男,結婚,碩士,相同性別,0
113,,20,石碇區,30～34歲,30,34,完全落入,1.0,男,結婚,高中職,不同性別,1
113,,20,石碇區,30～34歲,30,34,完全落入,1.0,男,結婚,高中職,相同性別,0
113,,20,石碇區,35～39歲,35,39,部分重疊,0.2,女,結婚,博士,不同性別,0
113,,20,石碇區,35～39歲,35,39,部分重疊,0.2,女,結婚,博士,相同性別,0
113,,20,石碇區,35～39歲,35,39,部分重疊,0.2,女,結婚,國中,不同性別,0
113,,20,石碇區,35～39歲,35,39,部分重疊,0.2,女,結婚,國中,相同性別,0
113,,20,石碇區,35～39歲,35,39,部分重疊,0.2,女,結婚,國小以下,不同性別,0
113,,20,石碇區,35～39歲,35,39,部分重疊,0.2,女,結婚,國小以下,相同性別,0
113,,20,石碇區,35～39歲,35,39,部分重疊,0.2,女,結婚,大學,不同性別,3
113,,20,石碇區,35～39歲,35,39,部分重疊,0.2,女,結婚,大學,相同性別,0
113,,20,石碇區,35～39歲,35,39,部分重疊,0.2,女,結婚,專科,不同性別,0
113,,20,石碇區,35～39歲,35,39,部分重疊,0.2,女,結婚,專科,相同性別,0
113,,20,石碇區,35～39歲,35,39,部分重疊,0.2,女,結婚,碩士,不同性別,2
113,,20,石碇區,35～39歲,35,39,部分重疊,0.2,女,結婚,碩士,相同性別,0
113,,20,石碇區,35～39歲,35,39,部分重疊,0.2,女,結婚,高中職,不同性別,1
113,,20,石碇區,35～39歲,35,39,部分重疊,0.2,女,結婚,高中職,相同性別,0
113,,20,石碇區,35～39歲,35,39,部分重疊,0.2,男,結婚,博士,不同性別,0
113,,20,石碇區,35～39歲,35,39,部分重疊,0.2,男,結婚,博士,相同性別,0
113,,20,石碇區,35～39歲,35,39,部分重疊,0.2,男,結婚,國中,不同性別,2
113,,20,石碇區,35～39歲,35,39,部分重疊,0.2,男,結婚,國中,相同性別,0
113,,20,石碇區,35～39歲,35,39,部分重疊,0.2,男,結婚,國小以下,不同性別,0
113,,20,石碇區,35～39歲,35,39,部分重疊,0.2,男,結婚,國小以下,相同性別,0
113,,20,石碇區,35～39歲,35,39,部分重疊,0.2,男,結婚,大學,不同性別,3
113,,20,石碇區,35～39歲,35,39,部分重疊,0.2,男,結婚,大學,相同性別,0
113,,20,石碇區,35～39歲,35,39,部分重疊,0.2,男,結婚,專科,不同性別,0
113,,20,石碇區,35～39歲,35,39,部分重疊,0.2,男,結婚,專科,相同性別,0
113,,20,石碇區,35～39歲,35,39,部分重疊,0.2,男,結婚,碩士,不同性別,0
113,,20,石碇區,35～39歲,35,39,部分重疊,0.2,男,結婚,碩士,相同性別,0
113,,20,石碇區,35～39歲,35,39,部分重疊,0.2,男,結婚,高中職,不同性別,2
113,,20,石碇區,35～39歲,35,39,部分重疊,0.2,男,結婚,高中職,相同性別,0
113,,20,石碇區,40～44歲,40,44,不相關,0.0,女,結婚,博士,不同性別,0
113,,20,石碇區,40～44歲,40,44,不相關,0.0,女,結婚,博士,相同性別,0
113,,20,石碇區,40～44歲,40,44,不相關,0.0,女,結婚,國中,不同性別,1
113,,20,石碇區,40～44歲,40,44,不相關,0.0,女,結婚,國中,相同性別,0
113,,20,石碇區,40～44歲,40,44,不相關,0.0,女,結婚,國小以下,不同性別,0
113,,20,石碇區,40～44歲,40,44,不相關,0.0,女,結婚,國小以下,相同性別,0
113,,20,石碇區,40～44歲,40,44,不相關,0.0,女,結婚,大學,不同性別,0
113,,20,石碇區,40～44歲,40,44,不相關,0.0,女,結婚,大學,相同性別,0
113,,20,石碇區,40～44歲,40,44,不相關,0.0,女,結婚,專科,不同性別,0
113,,20,石碇區,40～44歲,40,44,不相關,0.0,女,結婚,專科,相同性別,0
113,,20,石碇區,40～44歲,40,44,不相關,0.0,女,結婚,碩士,不同性別,0
113,,20,石碇區,40～44歲,40,44,不相關,0.0,女,結婚,碩士,相同性別,0
113,,20,石碇區,40～44歲,40,44,不相關,0.0,女,結婚,高中職,不同性別,0
113,,20,石碇區,40～44歲,40,44,不相關,0.0,女,結婚,高中職,相同性別,0
113,,20,石碇區,40～44歲,40,44,不相關,0.0,男,結婚,博士,不同性別,0
113,,20,石碇區,40～44歲,40,44,不相關,0.0,男,結婚,博士,相同性別,0
113,,20,石碇區,40～44歲,40,44,不相關,0.0,男,結婚,國中,不同性別,1
113,,20,石碇區,40～44歲,40,44,不相關,0.0,男,結婚,國中,相同性別,0
113,,20,石碇區,40～44歲,40,44,不相關,0.0,男,結婚,國小以下,不同性別,0
113,,20,石碇區,40～44歲,40,44,不相關,0.0,男,結婚,國小以下,相同性別,0
113,,20,石碇區,40～44歲,40,44,不相關,0.0,男,結婚,大學,不同性別,1
113,,20,石碇區,40～44歲,40,44,不相關,0.0,男,結婚,大學,相同性別,0
113,,20,石碇區,40～44歲,40,44,不相關,0.0,男,結婚,專科,不同性別,1
113,,20,石碇區,40～44歲,40,44,不相關,0.0,男,結婚,專科,相同性別,0
113,,20,石碇區,40～44歲,40,44,不相關,0.0,男,結婚,碩士,不同性別,0
113,,20,石碇區,40～44歲,40,44,不相關,0.0,男,結婚,碩士,相同性別,0
113,,20,石碇區,40～44歲,40,44,不相關,0.0,男,結婚,高中職,不同性別,1
113,,20,石碇區,40～44歲,40,44,不相關,0.0,男,結婚,高中職,相同性別,0
113,,20,石碇區,45～49歲,45,49,不相關,0.0,女,結婚,博士,不同性別,0
113,,20,石碇區,45～49歲,45,49,不相關,0.0,女,結婚,博士,相同性別,0
113,,20,石碇區,45～49歲,45,49,不相關,0.0,女,結婚,國中,不同性別,0
113,,20,石碇區,45～49歲,45,49,不相關,0.0,女,結婚,國中,相同性別,0
113,,20,石碇區,45～49歲,45,49,不相關,0.0,女,結婚,國小以下,不同性別,0
113,,20,石碇區,45～49歲,45,49,不相關,0.0,女,結婚,國小以下,相同性別,0
113,,20,石碇區,45～49歲,45,49,不相關,0.0,女,結婚,大學,不同性別,0
113,,20,石碇區,45～49歲,45,49,不相關,0.0,女,結婚,大學,相同性別,0
113,,20,石碇區,45～49歲,45,49,不相關,0.0,女,結婚,專科,不同性別,1
113,,20,石碇區,45～49歲,45,49,不相關,0.0,女,結婚,專科,相同性別,0
113,,20,石碇區,45～49歲,45,49,不相關,0.0,女,結婚,碩士,不同性別,0
113,,20,石碇區,45～49歲,45,49,不相關,0.0,女,結婚,碩士,相同性別,0
113,,20,石碇區,45～49歲,45,49,不相關,0.0,女,結婚,高中職,不同性別,0
113,,20,石碇區,45～49歲,45,49,不相關,0.0,女,結婚,高中職,相同性別,0
113,,20,石碇區,45～49歲,45,49,不相關,0.0,男,結婚,博士,不同性別,0
113,,20,石碇區,45～49歲,45,49,不相關,0.0,男,結婚,博士,相同性別,0
113,,20,石碇區,45～49歲,45,49,不相關,0.0,男,結婚,國中,不同性別,0
113,,20,石碇區,45～49歲,45,49,不相關,0.0,男,結婚,國中,相同性別,0
113,,20,石碇區,45～49歲,45,49,不相關,0.0,男,結婚,國小以下,不同性別,0
113,,20,石碇區,45～49歲,45,49,不相關,0.0,男,結婚,國小以下,相同性別,0
113,,20,石碇區,45～49歲,45,49,不相關,0.0,男,結婚,大學,不同性別,0
113,,20,石碇區,45～49歲,45,49,不相關,0.0,男,結婚,大學,相同性別,0
113,,20,石碇區,45～49歲,45,49,不相關,0.0,男,結婚,專科,不同性別,1
113,,20,石碇區,45～49歲,45,49,不相關,0.0,男,結婚,專科,相同性別,0
113,,20,石碇區,45～49歲,45,49,不相關,0.0,男,結婚,碩士,不同性別,0
113,,20,石碇區,45～49歲,45,49,不相關,0.0,男,結婚,碩士,相同性別,0
113,,20,石碇區,45～49歲,45,49,不相關,0.0,男,結婚,高中職,不同性別,0
113,,20,石碇區,45～49歲,45,49,不相關,0.0,男,結婚,高中職,相同性別,0
113,,20,石碇區,50～54歲,50,54,不相關,0.0,女,結婚,博士,不同性別,0
113,,20,石碇區,50～54歲,50,54,不相關,0.0,女,結婚,博士,相同性別,0
113,,20,石碇區,50～54歲,50,54,不相關,0.0,女,結婚,國中,不同性別,0
113,,20,石碇區,50～54歲,50,54,不相關,0.0,女,結婚,國中,相同性別,0
113,,20,石碇區,50～54歲,50,54,不相關,0.0,女,結婚,國小以下,不同性別,0
113,,20,石碇區,50～54歲,50,54,不相關,0.0,女,結婚,國小以下,相同性別,0
113,,20,石碇區,50～54歲,50,54,不相關,0.0,女,結婚,大學,不同性別,0
113,,20,石碇區,50～54歲,50,54,不相關,0.0,女,結婚,大學,相同性別,0
113,,20,石碇區,50～54歲,50,54,不相關,0.0,女,結婚,專科,不同性別,0
113,,20,石碇區,50～54歲,50,54,不相關,0.0,女,結婚,專科,相同性別,0
113,,20,石碇區,50～54歲,50,54,不相關,0.0,女,結婚,碩士,不同性別,0
113,,20,石碇區,50～54歲,50,54,不相關,0.0,女,結婚,碩士,相同性別,0
113,,20,石碇區,50～54歲,50,54,不相關,0.0,女,結婚,高中職,不同性別,0
113,,20,石碇區,50～54歲,50,54,不相關,0.0,女,結婚,高中職,相同性別,0
113,,20,石碇區,50～54歲,50,54,不相關,0.0,男,結婚,博士,不同性別,0
113,,20,石碇區,50～54歲,50,54,不相關,0.0,男,結婚,博士,相同性別,0
113,,20,石碇區,50～54歲,50,54,不相關,0.0,男,結婚,國中,不同性別,0
113,,20,石碇區,50～54歲,50,54,不相關,0.0,男,結婚,國中,相同性別,0
113,,20,石碇區,50～54歲,50,54,不相關,0.0,男,結婚,國小以下,不同性別,0
113,,20,石碇區,50～54歲,50,54,不相關,0.0,男,結婚,國小以下,相同性別,0
113,,20,石碇區,50～54歲,50,54,不相關,0.0,男,結婚,大學,不同性別,0
113,,20,石碇區,50～54歲,50,54,不相關,0.0,男,結婚,大學,相同性別,0
113,,20,石碇區,50～54歲,50,54,不相關,0.0,男,結婚,專科,不同性別,0
113,,20,石碇區,50～54歲,50,54,不相關,0.0,男,結婚,專科,相同性別,0
113,,20,石碇區,50～54歲,50,54,不相關,0.0,男,結婚,碩士,不同性別,0
113,,20,石碇區,50～54歲,50,54,不相關,0.0,男,結婚,碩士,相同性別,0
113,,20,石碇區,50～54歲,50,54,不相關,0.0,男,結婚,高中職,不同性別,0
113,,20,石碇區,50～54歲,50,54,不相關,0.0,男,結婚,高中職,相同性別,0
113,,20,石碇區,55～59歲,55,59,不相關,0.0,女,結婚,博士,不同性別,0
113,,20,石碇區,55～59歲,55,59,不相關,0.0,女,結婚,博士,相同性別,0
113,,20,石碇區,55～59歲,55,59,不相關,0.0,女,結婚,國中,不同性別,0
113,,20,石碇區,55～59歲,55,59,不相關,0.0,女,結婚,國中,相同性別,0
113,,20,石碇區,55～59歲,55,59,不相關,0.0,女,結婚,國小以下,不同性別,0
113,,20,石碇區,55～59歲,55,59,不相關,0.0,女,結婚,國小以下,相同性別,0
113,,20,石碇區,55～59歲,55,59,不相關,0.0,女,結婚,大學,不同性別,0
113,,20,石碇區,55～59歲,55,59,不相關,0.0,女,結婚,大學,相同性別,0
113,,20,石碇區,55～59歲,55,59,不相關,0.0,女,結婚,專科,不同性別,0
113,,20,石碇區,55～59歲,55,59,不相關,0.0,女,結婚,專科,相同性別,0
113,,20,石碇區,55～59歲,55,59,不相關,0.0,女,結婚,碩士,不同性別,0
113,,20,石碇區,55～59歲,55,59,不相關,0.0,女,結婚,碩士,相同性別,0
113,,20,石碇區,55～59歲,55,59,不相關,0.0,女,結婚,高中職,不同性別,0
113,,20,石碇區,55～59歲,55,59,不相關,0.0,女,結婚,高中職,相同性別,0
113,,20,石碇區,55～59歲,55,59,不相關,0.0,男,結婚,博士,不同性別,0
113,,20,石碇區,55～59歲,55,59,不相關,0.0,男,結婚,博士,相同性別,0
113,,20,石碇區,55～59歲,55,59,不相關,0.0,男,結婚,國中,不同性別,1
113,,20,石碇區,55～59歲,55,59,不相關,0.0,男,結婚,國中,相同性別,0
113,,20,石碇區,55～59歲,55,59,不相關,0.0,男,結婚,國小以下,不同性別,0
113,,20,石碇區,55～59歲,55,59,不相關,0.0,男,結婚,國小以下,相同性別,0
113,,20,石碇區,55～59歲,55,59,不相關,0.0,男,結婚,大學,不同性別,0
113,,20,石碇區,55～59歲,55,59,不相關,0.0,男,結婚,大學,相同性別,0
113,,20,石碇區,55～59歲,55,59,不相關,0.0,男,結婚,專科,不同性別,0
113,,20,石碇區,55～59歲,55,59,不相關,0.0,男,結婚,專科,相同性別,0
113,,20,石碇區,55～59歲,55,59,不相關,0.0,男,結婚,碩士,不同性別,0
113,,20,石碇區,55～59歲,55,59,不相關,0.0,男,結婚,碩士,相同性別,0
113,,20,石碇區,55～59歲,55,59,不相關,0.0,男,結婚,高中職,不同性別,0
113,,20,石碇區,55～59歲,55,59,不相關,0.0,男,結婚,高中職,相同性別,0
113,,20,石碇區,60～64歲,60,64,不相關,0.0,女,結婚,博士,不同性別,0
113,,20,石碇區,60～64歲,60,64,不相關,0.0,女,結婚,博士,相同性別,0
113,,20,石碇區,60～64歲,60,64,不相關,0.0,女,結婚,國中,不同性別,0
113,,20,石碇區,60～64歲,60,64,不相關,0.0,女,結婚,國中,相同性別,0
113,,20,石碇區,60～64歲,60,64,不相關,0.0,女,結婚,國小以下,不同性別,0
113,,20,石碇區,60～64歲,60,64,不相關,0.0,女,結婚,國小以下,相同性別,0
113,,20,石碇區,60～64歲,60,64,不相關,0.0,女,結婚,大學,不同性別,0
113,,20,石碇區,60～64歲,60,64,不相關,0.0,女,結婚,大學,相同性別,0
113,,20,石碇區,60～64歲,60,64,不相關,0.0,女,結婚,專科,不同性別,0
113,,20,石碇區,60～64歲,60,64,不相關,0.0,女,結婚,專科,相同性別,0
113,,20,石碇區,60～64歲,60,64,不相關,0.0,女,結婚,碩士,不同性別,0
113,,20,石碇區,60～64歲,60,64,不相關,0.0,女,結婚,碩士,相同性別,0
113,,20,石碇區,60～64歲,60,64,不相關,0.0,女,結婚,高中職,不同性別,0
113,,20,石碇區,60～64歲,60,64,不相關,0.0,女,結婚,高中職,相同性別,0
113,,20,石碇區,60～64歲,60,64,不相關,0.0,男,結婚,博士,不同性別,0
113,,20,石碇區,60～64歲,60,64,不相關,0.0,男,結婚,博士,相同性別,0
113,,20,石碇區,60～64歲,60,64,不相關,0.0,男,結婚,國中,不同性別,0
113,,20,石碇區,60～64歲,60,64,不相關,0.0,男,結婚,國中,相同性別,0
113,,20,石碇區,60～64歲,60,64,不相關,0.0,男,結婚,國小以下,不同性別,0
113,,20,石碇區,60～64歲,60,64,不相關,0.0,男,結婚,國小以下,相同性別,0
113,,20,石碇區,60～64歲,60,64,不相關,0.0,男,結婚,大學,不同性別,0
113,,20,石碇區,60～64歲,60,64,不相關,0.0,男,結婚,大學,相同性別,0
113,,20,石碇區,60～64歲,60,64,不相關,0.0,男,結婚,專科,不同性別,0
113,,20,石碇區,60～64歲,60,64,不相關,0.0,男,結婚,專科,相同性別,0
113,,20,石碇區,60～64歲,60,64,不相關,0.0,男,結婚,碩士,不同性別,0
113,,20,石碇區,60～64歲,60,64,不相關,0.0,男,結婚,碩士,相同性別,0
113,,20,石碇區,60～64歲,60,64,不相關,0.0,男,結婚,高中職,不同性別,1
113,,20,石碇區,60～64歲,60,64,不相關,0.0,男,結婚,高中職,相同性別,0
113,,20,石碇區,65歲以上,65,120,不相關,0.0,女,結婚,博士,不同性別,0
113,,20,石碇區,65歲以上,65,120,不相關,0.0,女,結婚,博士,相同性別,0
113,,20,石碇區,65歲以上,65,120,不相關,0.0,女,結婚,國中,不同性別,0
113,,20,石碇區,65歲以上,65,120,不相關,0.0,女,結婚,國中,相同性別,0
113,,20,石碇區,65歲以上,65,120,不相關,0.0,女,結婚,國小以下,不同性別,0
113,,20,石碇區,65歲以上,65,120,不相關,0.0,女,結婚,國小以下,相同性別,0
113,,20,石碇區,65歲以上,65,120,不相關,0.0,女,結婚,大學,不同性別,0
113,,20,石碇區,65歲以上,65,120,不相關,0.0,女,結婚,大學,相同性別,0
113,,20,石碇區,65歲以上,65,120,不相關,0.0,女,結婚,專科,不同性別,0
113,,20,石碇區,65歲以上,65,120,不相關,0.0,女,結婚,專科,相同性別,0
113,,20,石碇區,65歲以上,65,120,不相關,0.0,女,結婚,碩士,不同性別,0
113,,20,石碇區,65歲以上,65,120,不相關,0.0,女,結婚,碩士,相同性別,0
113,,20,石碇區,65歲以上,65,120,不相關,0.0,女,結婚,高中職,不同性別,0
113,,20,石碇區,65歲以上,65,120,不相關,0.0,女,結婚,高中職,相同性別,0
113,,20,石碇區,65歲以上,65,120,不相關,0.0,男,結婚,博士,不同性別,0
113,,20,石碇區,65歲以上,65,120,不相關,0.0,男,結婚,博士,相同性別,0
113,,20,石碇區,65歲以上,65,120,不相關,0.0,男,結婚,國中,不同性別,0
113,,20,石碇區,65歲以上,65,120,不相關,0.0,男,結婚,國中,相同性別,0
113,,20,石碇區,65歲以上,65,120,不相關,0.0,男,結婚,國小以下,不同性別,0
113,,20,石碇區,65歲以上,65,120,不相關,0.0,男,結婚,國小以下,相同性別,0
113,,20,石碇區,65歲以上,65,120,不相關,0.0,男,結婚,大學,不同性別,0
113,,20,石碇區,65歲以上,65,120,不相關,0.0,男,結婚,大學,相同性別,0
113,,20,石碇區,65歲以上,65,120,不相關,0.0,男,結婚,專科,不同性別,0
113,,20,石碇區,65歲以上,65,120,不相關,0.0,男,結婚,專科,相同性別,0
113,,20,石碇區,65歲以上,65,120,不相關,0.0,男,結婚,碩士,不同性別,0
113,,20,石碇區,65歲以上,65,120,不相關,0.0,男,結婚,碩士,相同性別,0
113,,20,石碇區,65歲以上,65,120,不相關,0.0,男,結婚,高中職,不同性別,0
113,,20,石碇區,65歲以上,65,120,不相關,0.0,男,結婚,高中職,相同性別,0
113,,21,坪林區,未滿15歲,0,14,不相關,0.0,女,結婚,博士,不同性別,0
113,,21,坪林區,未滿15歲,0,14,不相關,0.0,女,結婚,博士,相同性別,0
113,,21,坪林區,未滿15歲,0,14,不相關,0.0,女,結婚,國中,不同性別,0
113,,21,坪林區,未滿15歲,0,14,不相關,0.0,女,結婚,國中,相同性別,0
113,,21,坪林區,未滿15歲,0,14,不相關,0.0,女,結婚,國小以下,不同性別,0
113,,21,坪林區,未滿15歲,0,14,不相關,0.0,女,結婚,國小以下,相同性別,0
113,,21,坪林區,未滿15歲,0,14,不相關,0.0,女,結婚,大學,不同性別,0
113,,21,坪林區,未滿15歲,0,14,不相關,0.0,女,結婚,大學,相同性別,0
113,,21,坪林區,未滿15歲,0,14,不相關,0.0,女,結婚,專科,不同性別,0
113,,21,坪林區,未滿15歲,0,14,不相關,0.0,女,結婚,專科,相同性別,0
113,,21,坪林區,未滿15歲,0,14,不相關,0.0,女,結婚,碩士,不同性別,0
113,,21,坪林區,未滿15歲,0,14,不相關,0.0,女,結婚,碩士,相同性別,0
113,,21,坪林區,未滿15歲,0,14,不相關,0.0,女,結婚,高中職,不同性別,0
113,,21,坪林區,未滿15歲,0,14,不相關,0.0,女,結婚,高中職,相同性別,0
113,,21,坪林區,未滿15歲,0,14,不相關,0.0,男,結婚,博士,不同性別,0
113,,21,坪林區,未滿15歲,0,14,不相關,0.0,男,結婚,博士,相同性別,0
113,,21,坪林區,未滿15歲,0,14,不相關,0.0,男,結婚,國中,不同性別,0
113,,21,坪林區,未滿15歲,0,14,不相關,0.0,男,結婚,國中,相同性別,0
113,,21,坪林區,未滿15歲,0,14,不相關,0.0,男,結婚,國小以下,不同性別,0
113,,21,坪林區,未滿15歲,0,14,不相關,0.0,男,結婚,國小以下,相同性別,0
113,,21,坪林區,未滿15歲,0,14,不相關,0.0,男,結婚,大學,不同性別,0
113,,21,坪林區,未滿15歲,0,14,不相關,0.0,男,結婚,大學,相同性別,0
113,,21,坪林區,未滿15歲,0,14,不相關,0.0,男,結婚,專科,不同性別,0
113,,21,坪林區,未滿15歲,0,14,不相關,0.0,男,結婚,專科,相同性別,0
113,,21,坪林區,未滿15歲,0,14,不相關,0.0,男,結婚,碩士,不同性別,0
113,,21,坪林區,未滿15歲,0,14,不相關,0.0,男,結婚,碩士,相同性別,0
113,,21,坪林區,未滿15歲,0,14,不相關,0.0,男,結婚,高中職,不同性別,0
113,,21,坪林區,未滿15歲,0,14,不相關,0.0,男,結婚,高中職,相同性別,0
113,,21,坪林區,15～19歲,15,19,部分重疊,0.4,女,結婚,博士,不同性別,0
113,,21,坪林區,15～19歲,15,19,部分重疊,0.4,女,結婚,博士,相同性別,0
113,,21,坪林區,15～19歲,15,19,部分重疊,0.4,女,結婚,國中,不同性別,0
113,,21,坪林區,15～19歲,15,19,部分重疊,0.4,女,結婚,國中,相同性別,0
113,,21,坪林區,15～19歲,15,19,部分重疊,0.4,女,結婚,國小以下,不同性別,0
113,,21,坪林區,15～19歲,15,19,部分重疊,0.4,女,結婚,國小以下,相同性別,0
113,,21,坪林區,15～19歲,15,19,部分重疊,0.4,女,結婚,大學,不同性別,0
113,,21,坪林區,15～19歲,15,19,部分重疊,0.4,女,結婚,大學,相同性別,0
113,,21,坪林區,15～19歲,15,19,部分重疊,0.4,女,結婚,專科,不同性別,0
113,,21,坪林區,15～19歲,15,19,部分重疊,0.4,女,結婚,專科,相同性別,0
113,,21,坪林區,15～19歲,15,19,部分重疊,0.4,女,結婚,碩士,不同性別,0
113,,21,坪林區,15～19歲,15,19,部分重疊,0.4,女,結婚,碩士,相同性別,0
113,,21,坪林區,15～19歲,15,19,部分重疊,0.4,女,結婚,高中職,不同性別,1
113,,21,坪林區,15～19歲,15,19,部分重疊,0.4,女,結婚,高中職,相同性別,0
113,,21,坪林區,15～19歲,15,19,部分重疊,0.4,男,結婚,博士,不同性別,0
113,,21,坪林區,15～19歲,15,19,部分重疊,0.4,男,結婚,博士,相同性別,0
113,,21,坪林區,15～19歲,15,19,部分重疊,0.4,男,結婚,國中,不同性別,0
113,,21,坪林區,15～19歲,15,19,部分重疊,0.4,男,結婚,國中,相同性別,0
113,,21,坪林區,15～19歲,15,19,部分重疊,0.4,男,結婚,國小以下,不同性別,0
113,,21,坪林區,15～19歲,15,19,部分重疊,0.4,男,結婚,國小以下,相同性別,0
113,,21,坪林區,15～19歲,15,19,部分重疊,0.4,男,結婚,大學,不同性別,0
113,,21,坪林區,15～19歲,15,19,部分重疊,0.4,男,結婚,大學,相同性別,0
113,,21,坪林區,15～19歲,15,19,部分重疊,0.4,男,結婚,專科,不同性別,0
113,,21,坪林區,15～19歲,15,19,部分重疊,0.4,男,結婚,專科,相同性別,0
113,,21,坪林區,15～19歲,15,19,部分重疊,0.4,男,結婚,碩士,不同性別,0
113,,21,坪林區,15～19歲,15,19,部分重疊,0.4,男,結婚,碩士,相同性別,0
113,,21,坪林區,15～19歲,15,19,部分重疊,0.4,男,結婚,高中職,不同性別,0
113,,21,坪林區,15～19歲,15,19,部分重疊,0.4,男,結婚,高中職,相同性別,0
113,,21,坪林區,20～24歲,20,24,完全落入,1.0,女,結婚,博士,不同性別,0
113,,21,坪林區,20～24歲,20,24,完全落入,1.0,女,結婚,博士,相同性別,0
113,,21,坪林區,20～24歲,20,24,完全落入,1.0,女,結婚,國中,不同性別,2
113,,21,坪林區,20～24歲,20,24,完全落入,1.0,女,結婚,國中,相同性別,0
113,,21,坪林區,20～24歲,20,24,完全落入,1.0,女,結婚,國小以下,不同性別,0
113,,21,坪林區,20～24歲,20,24,完全落入,1.0,女,結婚,國小以下,相同性別,0
113,,21,坪林區,20～24歲,20,24,完全落入,1.0,女,結婚,大學,不同性別,0
113,,21,坪林區,20～24歲,20,24,完全落入,1.0,女,結婚,大學,相同性別,0
113,,21,坪林區,20～24歲,20,24,完全落入,1.0,女,結婚,專科,不同性別,0
113,,21,坪林區,20～24歲,20,24,完全落入,1.0,女,結婚,專科,相同性別,0
113,,21,坪林區,20～24歲,20,24,完全落入,1.0,女,結婚,碩士,不同性別,0
113,,21,坪林區,20～24歲,20,24,完全落入,1.0,女,結婚,碩士,相同性別,0
113,,21,坪林區,20～24歲,20,24,完全落入,1.0,女,結婚,高中職,不同性別,0
113,,21,坪林區,20～24歲,20,24,完全落入,1.0,女,結婚,高中職,相同性別,0
113,,21,坪林區,20～24歲,20,24,完全落入,1.0,男,結婚,博士,不同性別,0
113,,21,坪林區,20～24歲,20,24,完全落入,1.0,男,結婚,博士,相同性別,0
113,,21,坪林區,20～24歲,20,24,完全落入,1.0,男,結婚,國中,不同性別,0
113,,21,坪林區,20～24歲,20,24,完全落入,1.0,男,結婚,國中,相同性別,0
113,,21,坪林區,20～24歲,20,24,完全落入,1.0,男,結婚,國小以下,不同性別,0
113,,21,坪林區,20～24歲,20,24,完全落入,1.0,男,結婚,國小以下,相同性別,0
113,,21,坪林區,20～24歲,20,24,完全落入,1.0,男,結婚,大學,不同性別,0
113,,21,坪林區,20～24歲,20,24,完全落入,1.0,男,結婚,大學,相同性別,0
113,,21,坪林區,20～24歲,20,24,完全落入,1.0,男,結婚,專科,不同性別,0
113,,21,坪林區,20～24歲,20,24,完全落入,1.0,男,結婚,專科,相同性別,0
113,,21,坪林區,20～24歲,20,24,完全落入,1.0,男,結婚,碩士,不同性別,0
113,,21,坪林區,20～24歲,20,24,完全落入,1.0,男,結婚,碩士,相同性別,0
113,,21,坪林區,20～24歲,20,24,完全落入,1.0,男,結婚,高中職,不同性別,0
113,,21,坪林區,20～24歲,20,24,完全落入,1.0,男,結婚,高中職,相同性別,0
113,,21,坪林區,25～29歲,25,29,完全落入,1.0,女,結婚,博士,不同性別,0
113,,21,坪林區,25～29歲,25,29,完全落入,1.0,女,結婚,博士,相同性別,0
113,,21,坪林區,25～29歲,25,29,完全落入,1.0,女,結婚,國中,不同性別,0
113,,21,坪林區,25～29歲,25,29,完全落入,1.0,女,結婚,國中,相同性別,0
113,,21,坪林區,25～29歲,25,29,完全落入,1.0,女,結婚,國小以下,不同性別,0
113,,21,坪林區,25～29歲,25,29,完全落入,1.0,女,結婚,國小以下,相同性別,0
113,,21,坪林區,25～29歲,25,29,完全落入,1.0,女,結婚,大學,不同性別,2
113,,21,坪林區,25～29歲,25,29,完全落入,1.0,女,結婚,大學,相同性別,0
113,,21,坪林區,25～29歲,25,29,完全落入,1.0,女,結婚,專科,不同性別,4
113,,21,坪林區,25～29歲,25,29,完全落入,1.0,女,結婚,專科,相同性別,0
113,,21,坪林區,25～29歲,25,29,完全落入,1.0,女,結婚,碩士,不同性別,2
113,,21,坪林區,25～29歲,25,29,完全落入,1.0,女,結婚,碩士,相同性別,0
113,,21,坪林區,25～29歲,25,29,完全落入,1.0,女,結婚,高中職,不同性別,1
113,,21,坪林區,25～29歲,25,29,完全落入,1.0,女,結婚,高中職,相同性別,0
113,,21,坪林區,25～29歲,25,29,完全落入,1.0,男,結婚,博士,不同性別,0
113,,21,坪林區,25～29歲,25,29,完全落入,1.0,男,結婚,博士,相同性別,0
113,,21,坪林區,25～29歲,25,29,完全落入,1.0,男,結婚,國中,不同性別,0
113,,21,坪林區,25～29歲,25,29,完全落入,1.0,男,結婚,國中,相同性別,0
113,,21,坪林區,25～29歲,25,29,完全落入,1.0,男,結婚,國小以下,不同性別,0
113,,21,坪林區,25～29歲,25,29,完全落入,1.0,男,結婚,國小以下,相同性別,0
113,,21,坪林區,25～29歲,25,29,完全落入,1.0,男,結婚,大學,不同性別,2
113,,21,坪林區,25～29歲,25,29,完全落入,1.0,男,結婚,大學,相同性別,0
113,,21,坪林區,25～29歲,25,29,完全落入,1.0,男,結婚,專科,不同性別,0
113,,21,坪林區,25～29歲,25,29,完全落入,1.0,男,結婚,專科,相同性別,0
113,,21,坪林區,25～29歲,25,29,完全落入,1.0,男,結婚,碩士,不同性別,0
113,,21,坪林區,25～29歲,25,29,完全落入,1.0,男,結婚,碩士,相同性別,0
113,,21,坪林區,25～29歲,25,29,完全落入,1.0,男,結婚,高中職,不同性別,3
113,,21,坪林區,25～29歲,25,29,完全落入,1.0,男,結婚,高中職,相同性別,0
113,,21,坪林區,30～34歲,30,34,完全落入,1.0,女,結婚,博士,不同性別,0
113,,21,坪林區,30～34歲,30,34,完全落入,1.0,女,結婚,博士,相同性別,0
113,,21,坪林區,30～34歲,30,34,完全落入,1.0,女,結婚,國中,不同性別,0
113,,21,坪林區,30～34歲,30,34,完全落入,1.0,女,結婚,國中,相同性別,0
113,,21,坪林區,30～34歲,30,34,完全落入,1.0,女,結婚,國小以下,不同性別,0
113,,21,坪林區,30～34歲,30,34,完全落入,1.0,女,結婚,國小以下,相同性別,0
113,,21,坪林區,30～34歲,30,34,完全落入,1.0,女,結婚,大學,不同性別,5
113,,21,坪林區,30～34歲,30,34,完全落入,1.0,女,結婚,大學,相同性別,0
113,,21,坪林區,30～34歲,30,34,完全落入,1.0,女,結婚,專科,不同性別,0
113,,21,坪林區,30～34歲,30,34,完全落入,1.0,女,結婚,專科,相同性別,0
113,,21,坪林區,30～34歲,30,34,完全落入,1.0,女,結婚,碩士,不同性別,2
113,,21,坪林區,30～34歲,30,34,完全落入,1.0,女,結婚,碩士,相同性別,0
113,,21,坪林區,30～34歲,30,34,完全落入,1.0,女,結婚,高中職,不同性別,1
113,,21,坪林區,30～34歲,30,34,完全落入,1.0,女,結婚,高中職,相同性別,0
113,,21,坪林區,30～34歲,30,34,完全落入,1.0,男,結婚,博士,不同性別,0
113,,21,坪林區,30～34歲,30,34,完全落入,1.0,男,結婚,博士,相同性別,0
113,,21,坪林區,30～34歲,30,34,完全落入,1.0,男,結婚,國中,不同性別,0
113,,21,坪林區,30～34歲,30,34,完全落入,1.0,男,結婚,國中,相同性別,0
113,,21,坪林區,30～34歲,30,34,完全落入,1.0,男,結婚,國小以下,不同性別,0
113,,21,坪林區,30～34歲,30,34,完全落入,1.0,男,結婚,國小以下,相同性別,0
113,,21,坪林區,30～34歲,30,34,完全落入,1.0,男,結婚,大學,不同性別,4
113,,21,坪林區,30～34歲,30,34,完全落入,1.0,男,結婚,大學,相同性別,1
113,,21,坪林區,30～34歲,30,34,完全落入,1.0,男,結婚,專科,不同性別,0
113,,21,坪林區,30～34歲,30,34,完全落入,1.0,男,結婚,專科,相同性別,0
113,,21,坪林區,30～34歲,30,34,完全落入,1.0,男,結婚,碩士,不同性別,3
113,,21,坪林區,30～34歲,30,34,完全落入,1.0,男,結婚,碩士,相同性別,0
113,,21,坪林區,30～34歲,30,34,完全落入,1.0,男,結婚,高中職,不同性別,3
113,,21,坪林區,30～34歲,30,34,完全落入,1.0,男,結婚,高中職,相同性別,0
113,,21,坪林區,35～39歲,35,39,部分重疊,0.2,女,結婚,博士,不同性別,0
113,,21,坪林區,35～39歲,35,39,部分重疊,0.2,女,結婚,博士,相同性別,0
113,,21,坪林區,35～39歲,35,39,部分重疊,0.2,女,結婚,國中,不同性別,1
113,,21,坪林區,35～39歲,35,39,部分重疊,0.2,女,結婚,國中,相同性別,0
113,,21,坪林區,35～39歲,35,39,部分重疊,0.2,女,結婚,國小以下,不同性別,0
113,,21,坪林區,35～39歲,35,39,部分重疊,0.2,女,結婚,國小以下,相同性別,0
113,,21,坪林區,35～39歲,35,39,部分重疊,0.2,女,結婚,大學,不同性別,2
113,,21,坪林區,35～39歲,35,39,部分重疊,0.2,女,結婚,大學,相同性別,0
113,,21,坪林區,35～39歲,35,39,部分重疊,0.2,女,結婚,專科,不同性別,0
113,,21,坪林區,35～39歲,35,39,部分重疊,0.2,女,結婚,專科,相同性別,0
113,,21,坪林區,35～39歲,35,39,部分重疊,0.2,女,結婚,碩士,不同性別,0
113,,21,坪林區,35～39歲,35,39,部分重疊,0.2,女,結婚,碩士,相同性別,0
113,,21,坪林區,35～39歲,35,39,部分重疊,0.2,女,結婚,高中職,不同性別,2
113,,21,坪林區,35～39歲,35,39,部分重疊,0.2,女,結婚,高中職,相同性別,0
113,,21,坪林區,35～39歲,35,39,部分重疊,0.2,男,結婚,博士,不同性別,0
113,,21,坪林區,35～39歲,35,39,部分重疊,0.2,男,結婚,博士,相同性別,0
113,,21,坪林區,35～39歲,35,39,部分重疊,0.2,男,結婚,國中,不同性別,1
113,,21,坪林區,35～39歲,35,39,部分重疊,0.2,男,結婚,國中,相同性別,0
113,,21,坪林區,35～39歲,35,39,部分重疊,0.2,男,結婚,國小以下,不同性別,0
113,,21,坪林區,35～39歲,35,39,部分重疊,0.2,男,結婚,國小以下,相同性別,0
113,,21,坪林區,35～39歲,35,39,部分重疊,0.2,男,結婚,大學,不同性別,1
113,,21,坪林區,35～39歲,35,39,部分重疊,0.2,男,結婚,大學,相同性別,1
113,,21,坪林區,35～39歲,35,39,部分重疊,0.2,男,結婚,專科,不同性別,2
113,,21,坪林區,35～39歲,35,39,部分重疊,0.2,男,結婚,專科,相同性別,0
113,,21,坪林區,35～39歲,35,39,部分重疊,0.2,男,結婚,碩士,不同性別,0
113,,21,坪林區,35～39歲,35,39,部分重疊,0.2,男,結婚,碩士,相同性別,0
113,,21,坪林區,35～39歲,35,39,部分重疊,0.2,男,結婚,高中職,不同性別,1
113,,21,坪林區,35～39歲,35,39,部分重疊,0.2,男,結婚,高中職,相同性別,0
113,,21,坪林區,40～44歲,40,44,不相關,0.0,女,結婚,博士,不同性別,0
113,,21,坪林區,40～44歲,40,44,不相關,0.0,女,結婚,博士,相同性別,0
113,,21,坪林區,40～44歲,40,44,不相關,0.0,女,結婚,國中,不同性別,0
113,,21,坪林區,40～44歲,40,44,不相關,0.0,女,結婚,國中,相同性別,0
113,,21,坪林區,40～44歲,40,44,不相關,0.0,女,結婚,國小以下,不同性別,0
113,,21,坪林區,40～44歲,40,44,不相關,0.0,女,結婚,國小以下,相同性別,0
113,,21,坪林區,40～44歲,40,44,不相關,0.0,女,結婚,大學,不同性別,3
113,,21,坪林區,40～44歲,40,44,不相關,0.0,女,結婚,大學,相同性別,0
113,,21,坪林區,40～44歲,40,44,不相關,0.0,女,結婚,專科,不同性別,1
113,,21,坪林區,40～44歲,40,44,不相關,0.0,女,結婚,專科,相同性別,0
113,,21,坪林區,40～44歲,40,44,不相關,0.0,女,結婚,碩士,不同性別,0
113,,21,坪林區,40～44歲,40,44,不相關,0.0,女,結婚,碩士,相同性別,0
113,,21,坪林區,40～44歲,40,44,不相關,0.0,女,結婚,高中職,不同性別,0
113,,21,坪林區,40～44歲,40,44,不相關,0.0,女,結婚,高中職,相同性別,0
113,,21,坪林區,40～44歲,40,44,不相關,0.0,男,結婚,博士,不同性別,0
113,,21,坪林區,40～44歲,40,44,不相關,0.0,男,結婚,博士,相同性別,0
113,,21,坪林區,40～44歲,40,44,不相關,0.0,男,結婚,國中,不同性別,2
113,,21,坪林區,40～44歲,40,44,不相關,0.0,男,結婚,國中,相同性別,0
113,,21,坪林區,40～44歲,40,44,不相關,0.0,男,結婚,國小以下,不同性別,0
113,,21,坪林區,40～44歲,40,44,不相關,0.0,男,結婚,國小以下,相同性別,0
113,,21,坪林區,40～44歲,40,44,不相關,0.0,男,結婚,大學,不同性別,3
113,,21,坪林區,40～44歲,40,44,不相關,0.0,男,結婚,大學,相同性別,0
113,,21,坪林區,40～44歲,40,44,不相關,0.0,男,結婚,專科,不同性別,1
113,,21,坪林區,40～44歲,40,44,不相關,0.0,男,結婚,專科,相同性別,0
113,,21,坪林區,40～44歲,40,44,不相關,0.0,男,結婚,碩士,不同性別,0
113,,21,坪林區,40～44歲,40,44,不相關,0.0,男,結婚,碩士,相同性別,0
113,,21,坪林區,40～44歲,40,44,不相關,0.0,男,結婚,高中職,不同性別,3
113,,21,坪林區,40～44歲,40,44,不相關,0.0,男,結婚,高中職,相同性別,0
113,,21,坪林區,45～49歲,45,49,不相關,0.0,女,結婚,博士,不同性別,0
113,,21,坪林區,45～49歲,45,49,不相關,0.0,女,結婚,博士,相同性別,0
113,,21,坪林區,45～49歲,45,49,不相關,0.0,女,結婚,國中,不同性別,2
113,,21,坪林區,45～49歲,45,49,不相關,0.0,女,結婚,國中,相同性別,0
113,,21,坪林區,45～49歲,45,49,不相關,0.0,女,結婚,國小以下,不同性別,0
113,,21,坪林區,45～49歲,45,49,不相關,0.0,女,結婚,國小以下,相同性別,0
113,,21,坪林區,45～49歲,45,49,不相關,0.0,女,結婚,大學,不同性別,0
113,,21,坪林區,45～49歲,45,49,不相關,0.0,女,結婚,大學,相同性別,0
113,,21,坪林區,45～49歲,45,49,不相關,0.0,女,結婚,專科,不同性別,0
113,,21,坪林區,45～49歲,45,49,不相關,0.0,女,結婚,專科,相同性別,0
113,,21,坪林區,45～49歲,45,49,不相關,0.0,女,結婚,碩士,不同性別,0
113,,21,坪林區,45～49歲,45,49,不相關,0.0,女,結婚,碩士,相同性別,0
113,,21,坪林區,45～49歲,45,49,不相關,0.0,女,結婚,高中職,不同性別,2
113,,21,坪林區,45～49歲,45,49,不相關,0.0,女,結婚,高中職,相同性別,0
113,,21,坪林區,45～49歲,45,49,不相關,0.0,男,結婚,博士,不同性別,0
113,,21,坪林區,45～49歲,45,49,不相關,0.0,男,結婚,博士,相同性別,0
113,,21,坪林區,45～49歲,45,49,不相關,0.0,男,結婚,國中,不同性別,0
113,,21,坪林區,45～49歲,45,49,不相關,0.0,男,結婚,國中,相同性別,0
113,,21,坪林區,45～49歲,45,49,不相關,0.0,男,結婚,國小以下,不同性別,0
113,,21,坪林區,45～49歲,45,49,不相關,0.0,男,結婚,國小以下,相同性別,0
113,,21,坪林區,45～49歲,45,49,不相關,0.0,男,結婚,大學,不同性別,0
113,,21,坪林區,45～49歲,45,49,不相關,0.0,男,結婚,大學,相同性別,0
113,,21,坪林區,45～49歲,45,49,不相關,0.0,男,結婚,專科,不同性別,0
113,,21,坪林區,45～49歲,45,49,不相關,0.0,男,結婚,專科,相同性別,0
113,,21,坪林區,45～49歲,45,49,不相關,0.0,男,結婚,碩士,不同性別,0
113,,21,坪林區,45～49歲,45,49,不相關,0.0,男,結婚,碩士,相同性別,0
113,,21,坪林區,45～49歲,45,49,不相關,0.0,男,結婚,高中職,不同性別,1
113,,21,坪林區,45～49歲,45,49,不相關,0.0,男,結婚,高中職,相同性別,0
113,,21,坪林區,50～54歲,50,54,不相關,0.0,女,結婚,博士,不同性別,0
113,,21,坪林區,50～54歲,50,54,不相關,0.0,女,結婚,博士,相同性別,0
113,,21,坪林區,50～54歲,50,54,不相關,0.0,女,結婚,國中,不同性別,0
113,,21,坪林區,50～54歲,50,54,不相關,0.0,女,結婚,國中,相同性別,0
113,,21,坪林區,50～54歲,50,54,不相關,0.0,女,結婚,國小以下,不同性別,0
113,,21,坪林區,50～54歲,50,54,不相關,0.0,女,結婚,國小以下,相同性別,0
113,,21,坪林區,50～54歲,50,54,不相關,0.0,女,結婚,大學,不同性別,0
113,,21,坪林區,50～54歲,50,54,不相關,0.0,女,結婚,大學,相同性別,0
113,,21,坪林區,50～54歲,50,54,不相關,0.0,女,結婚,專科,不同性別,0
113,,21,坪林區,50～54歲,50,54,不相關,0.0,女,結婚,專科,相同性別,0
113,,21,坪林區,50～54歲,50,54,不相關,0.0,女,結婚,碩士,不同性別,0
113,,21,坪林區,50～54歲,50,54,不相關,0.0,女,結婚,碩士,相同性別,0
113,,21,坪林區,50～54歲,50,54,不相關,0.0,女,結婚,高中職,不同性別,0
113,,21,坪林區,50～54歲,50,54,不相關,0.0,女,結婚,高中職,相同性別,0
113,,21,坪林區,50～54歲,50,54,不相關,0.0,男,結婚,博士,不同性別,0
113,,21,坪林區,50～54歲,50,54,不相關,0.0,男,結婚,博士,相同性別,0
113,,21,坪林區,50～54歲,50,54,不相關,0.0,男,結婚,國中,不同性別,1
113,,21,坪林區,50～54歲,50,54,不相關,0.0,男,結婚,國中,相同性別,0
113,,21,坪林區,50～54歲,50,54,不相關,0.0,男,結婚,國小以下,不同性別,0
113,,21,坪林區,50～54歲,50,54,不相關,0.0,男,結婚,國小以下,相同性別,0
113,,21,坪林區,50～54歲,50,54,不相關,0.0,男,結婚,大學,不同性別,0
113,,21,坪林區,50～54歲,50,54,不相關,0.0,男,結婚,大學,相同性別,0
113,,21,坪林區,50～54歲,50,54,不相關,0.0,男,結婚,專科,不同性別,0
113,,21,坪林區,50～54歲,50,54,不相關,0.0,男,結婚,專科,相同性別,0
113,,21,坪林區,50～54歲,50,54,不相關,0.0,男,結婚,碩士,不同性別,0
113,,21,坪林區,50～54歲,50,54,不相關,0.0,男,結婚,碩士,相同性別,0
113,,21,坪林區,50～54歲,50,54,不相關,0.0,男,結婚,高中職,不同性別,1
113,,21,坪林區,50～54歲,50,54,不相關,0.0,男,結婚,高中職,相同性別,0
113,,21,坪林區,55～59歲,55,59,不相關,0.0,女,結婚,博士,不同性別,0
113,,21,坪林區,55～59歲,55,59,不相關,0.0,女,結婚,博士,相同性別,0
113,,21,坪林區,55～59歲,55,59,不相關,0.0,女,結婚,國中,不同性別,0
113,,21,坪林區,55～59歲,55,59,不相關,0.0,女,結婚,國中,相同性別,0
113,,21,坪林區,55～59歲,55,59,不相關,0.0,女,結婚,國小以下,不同性別,0
113,,21,坪林區,55～59歲,55,59,不相關,0.0,女,結婚,國小以下,相同性別,0
113,,21,坪林區,55～59歲,55,59,不相關,0.0,女,結婚,大學,不同性別,0
113,,21,坪林區,55～59歲,55,59,不相關,0.0,女,結婚,大學,相同性別,0
113,,21,坪林區,55～59歲,55,59,不相關,0.0,女,結婚,專科,不同性別,0
113,,21,坪林區,55～59歲,55,59,不相關,0.0,女,結婚,專科,相同性別,0
113,,21,坪林區,55～59歲,55,59,不相關,0.0,女,結婚,碩士,不同性別,0
113,,21,坪林區,55～59歲,55,59,不相關,0.0,女,結婚,碩士,相同性別,0
113,,21,坪林區,55～59歲,55,59,不相關,0.0,女,結婚,高中職,不同性別,1
113,,21,坪林區,55～59歲,55,59,不相關,0.0,女,結婚,高中職,相同性別,0
113,,21,坪林區,55～59歲,55,59,不相關,0.0,男,結婚,博士,不同性別,0
113,,21,坪林區,55～59歲,55,59,不相關,0.0,男,結婚,博士,相同性別,0
113,,21,坪林區,55～59歲,55,59,不相關,0.0,男,結婚,國中,不同性別,0
113,,21,坪林區,55～59歲,55,59,不相關,0.0,男,結婚,國中,相同性別,0
113,,21,坪林區,55～59歲,55,59,不相關,0.0,男,結婚,國小以下,不同性別,0
113,,21,坪林區,55～59歲,55,59,不相關,0.0,男,結婚,國小以下,相同性別,0
113,,21,坪林區,55～59歲,55,59,不相關,0.0,男,結婚,大學,不同性別,0
113,,21,坪林區,55～59歲,55,59,不相關,0.0,男,結婚,大學,相同性別,0
113,,21,坪林區,55～59歲,55,59,不相關,0.0,男,結婚,專科,不同性別,0
113,,21,坪林區,55～59歲,55,59,不相關,0.0,男,結婚,專科,相同性別,0
113,,21,坪林區,55～59歲,55,59,不相關,0.0,男,結婚,碩士,不同性別,0
113,,21,坪林區,55～59歲,55,59,不相關,0.0,男,結婚,碩士,相同性別,0
113,,21,坪林區,55～59歲,55,59,不相關,0.0,男,結婚,高中職,不同性別,2
113,,21,坪林區,55～59歲,55,59,不相關,0.0,男,結婚,高中職,相同性別,0
113,,21,坪林區,60～64歲,60,64,不相關,0.0,女,結婚,博士,不同性別,0
113,,21,坪林區,60～64歲,60,64,不相關,0.0,女,結婚,博士,相同性別,0
113,,21,坪林區,60～64歲,60,64,不相關,0.0,女,結婚,國中,不同性別,0
113,,21,坪林區,60～64歲,60,64,不相關,0.0,女,結婚,國中,相同性別,0
113,,21,坪林區,60～64歲,60,64,不相關,0.0,女,結婚,國小以下,不同性別,0
113,,21,坪林區,60～64歲,60,64,不相關,0.0,女,結婚,國小以下,相同性別,0
113,,21,坪林區,60～64歲,60,64,不相關,0.0,女,結婚,大學,不同性別,0
113,,21,坪林區,60～64歲,60,64,不相關,0.0,女,結婚,大學,相同性別,0
113,,21,坪林區,60～64歲,60,64,不相關,0.0,女,結婚,專科,不同性別,0
113,,21,坪林區,60～64歲,60,64,不相關,0.0,女,結婚,專科,相同性別,0
113,,21,坪林區,60～64歲,60,64,不相關,0.0,女,結婚,碩士,不同性別,0
113,,21,坪林區,60～64歲,60,64,不相關,0.0,女,結婚,碩士,相同性別,0
113,,21,坪林區,60～64歲,60,64,不相關,0.0,女,結婚,高中職,不同性別,0
113,,21,坪林區,60～64歲,60,64,不相關,0.0,女,結婚,高中職,相同性別,0
113,,21,坪林區,60～64歲,60,64,不相關,0.0,男,結婚,博士,不同性別,0
113,,21,坪林區,60～64歲,60,64,不相關,0.0,男,結婚,博士,相同性別,0
113,,21,坪林區,60～64歲,60,64,不相關,0.0,男,結婚,國中,不同性別,0
113,,21,坪林區,60～64歲,60,64,不相關,0.0,男,結婚,國中,相同性別,0
113,,21,坪林區,60～64歲,60,64,不相關,0.0,男,結婚,國小以下,不同性別,0
113,,21,坪林區,60～64歲,60,64,不相關,0.0,男,結婚,國小以下,相同性別,0
113,,21,坪林區,60～64歲,60,64,不相關,0.0,男,結婚,大學,不同性別,0
113,,21,坪林區,60～64歲,60,64,不相關,0.0,男,結婚,大學,相同性別,0
113,,21,坪林區,60～64歲,60,64,不相關,0.0,男,結婚,專科,不同性別,0
113,,21,坪林區,60～64歲,60,64,不相關,0.0,男,結婚,專科,相同性別,0
113,,21,坪林區,60～64歲,60,64,不相關,0.0,男,結婚,碩士,不同性別,0
113,,21,坪林區,60～64歲,60,64,不相關,0.0,男,結婚,碩士,相同性別,0
113,,21,坪林區,60～64歲,60,64,不相關,0.0,男,結婚,高中職,不同性別,0
113,,21,坪林區,60～64歲,60,64,不相關,0.0,男,結婚,高中職,相同性別,0
113,,21,坪林區,65歲以上,65,120,不相關,0.0,女,結婚,博士,不同性別,0
113,,21,坪林區,65歲以上,65,120,不相關,0.0,女,結婚,博士,相同性別,0
113,,21,坪林區,65歲以上,65,120,不相關,0.0,女,結婚,國中,不同性別,0
113,,21,坪林區,65歲以上,65,120,不相關,0.0,女,結婚,國中,相同性別,0
113,,21,坪林區,65歲以上,65,120,不相關,0.0,女,結婚,國小以下,不同性別,0
113,,21,坪林區,65歲以上,65,120,不相關,0.0,女,結婚,國小以下,相同性別,0
113,,21,坪林區,65歲以上,65,120,不相關,0.0,女,結婚,大學,不同性別,0
113,,21,坪林區,65歲以上,65,120,不相關,0.0,女,結婚,大學,相同性別,0
113,,21,坪林區,65歲以上,65,120,不相關,0.0,女,結婚,專科,不同性別,0
113,,21,坪林區,65歲以上,65,120,不相關,0.0,女,結婚,專科,相同性別,0
113,,21,坪林區,65歲以上,65,120,不相關,0.0,女,結婚,碩士,不同性別,0
113,,21,坪林區,65歲以上,65,120,不相關,0.0,女,結婚,碩士,相同性別,0
113,,21,坪林區,65歲以上,65,120,不相關,0.0,女,結婚,高中職,不同性別,0
113,,21,坪林區,65歲以上,65,120,不相關,0.0,女,結婚,高中職,相同性別,0
113,,21,坪林區,65歲以上,65,120,不相關,0.0,男,結婚,博士,不同性別,0
113,,21,坪林區,65歲以上,65,120,不相關,0.0,男,結婚,博士,相同性別,0
113,,21,坪林區,65歲以上,65,120,不相關,0.0,男,結婚,國中,不同性別,0
113,,21,坪林區,65歲以上,65,120,不相關,0.0,男,結婚,國中,相同性別,0
113,,21,坪林區,65歲以上,65,120,不相關,0.0,男,結婚,國小以下,不同性別,0
113,,21,坪林區,65歲以上,65,120,不相關,0.0,男,結婚,國小以下,相同性別,0
113,,21,坪林區,65歲以上,65,120,不相關,0.0,男,結婚,大學,不同性別,0
113,,21,坪林區,65歲以上,65,120,不相關,0.0,男,結婚,大學,相同性別,0
113,,21,坪林區,65歲以上,65,120,不相關,0.0,男,結婚,專科,不同性別,0
113,,21,坪林區,65歲以上,65,120,不相關,0.0,男,結婚,專科,相同性別,0
113,,21,坪林區,65歲以上,65,120,不相關,0.0,男,結婚,碩士,不同性別,0
113,,21,坪林區,65歲以上,65,120,不相關,0.0,男,結婚,碩士,相同性別,0
113,,21,坪林區,65歲以上,65,120,不相關,0.0,男,結婚,高中職,不同性別,0
113,,21,坪林區,65歲以上,65,120,不相關,0.0,男,結婚,高中職,相同性別,0
113,,22,三芝區,未滿15歲,0,14,不相關,0.0,女,結婚,博士,不同性別,0
113,,22,三芝區,未滿15歲,0,14,不相關,0.0,女,結婚,博士,相同性別,0
113,,22,三芝區,未滿15歲,0,14,不相關,0.0,女,結婚,國中,不同性別,0
113,,22,三芝區,未滿15歲,0,14,不相關,0.0,女,結婚,國中,相同性別,0
113,,22,三芝區,未滿15歲,0,14,不相關,0.0,女,結婚,國小以下,不同性別,0
113,,22,三芝區,未滿15歲,0,14,不相關,0.0,女,結婚,國小以下,相同性別,0
113,,22,三芝區,未滿15歲,0,14,不相關,0.0,女,結婚,大學,不同性別,0
113,,22,三芝區,未滿15歲,0,14,不相關,0.0,女,結婚,大學,相同性別,0
113,,22,三芝區,未滿15歲,0,14,不相關,0.0,女,結婚,專科,不同性別,0
113,,22,三芝區,未滿15歲,0,14,不相關,0.0,女,結婚,專科,相同性別,0
113,,22,三芝區,未滿15歲,0,14,不相關,0.0,女,結婚,碩士,不同性別,0
113,,22,三芝區,未滿15歲,0,14,不相關,0.0,女,結婚,碩士,相同性別,0
113,,22,三芝區,未滿15歲,0,14,不相關,0.0,女,結婚,高中職,不同性別,0
113,,22,三芝區,未滿15歲,0,14,不相關,0.0,女,結婚,高中職,相同性別,0
113,,22,三芝區,未滿15歲,0,14,不相關,0.0,男,結婚,博士,不同性別,0
113,,22,三芝區,未滿15歲,0,14,不相關,0.0,男,結婚,博士,相同性別,0
113,,22,三芝區,未滿15歲,0,14,不相關,0.0,男,結婚,國中,不同性別,0
113,,22,三芝區,未滿15歲,0,14,不相關,0.0,男,結婚,國中,相同性別,0
113,,22,三芝區,未滿15歲,0,14,不相關,0.0,男,結婚,國小以下,不同性別,0
113,,22,三芝區,未滿15歲,0,14,不相關,0.0,男,結婚,國小以下,相同性別,0
113,,22,三芝區,未滿15歲,0,14,不相關,0.0,男,結婚,大學,不同性別,0
113,,22,三芝區,未滿15歲,0,14,不相關,0.0,男,結婚,大學,相同性別,0
113,,22,三芝區,未滿15歲,0,14,不相關,0.0,男,結婚,專科,不同性別,0
113,,22,三芝區,未滿15歲,0,14,不相關,0.0,男,結婚,專科,相同性別,0
113,,22,三芝區,未滿15歲,0,14,不相關,0.0,男,結婚,碩士,不同性別,0
113,,22,三芝區,未滿15歲,0,14,不相關,0.0,男,結婚,碩士,相同性別,0
113,,22,三芝區,未滿15歲,0,14,不相關,0.0,男,結婚,高中職,不同性別,0
113,,22,三芝區,未滿15歲,0,14,不相關,0.0,男,結婚,高中職,相同性別,0
113,,22,三芝區,15～19歲,15,19,部分重疊,0.4,女,結婚,博士,不同性別,0
113,,22,三芝區,15～19歲,15,19,部分重疊,0.4,女,結婚,博士,相同性別,0
113,,22,三芝區,15～19歲,15,19,部分重疊,0.4,女,結婚,國中,不同性別,0
113,,22,三芝區,15～19歲,15,19,部分重疊,0.4,女,結婚,國中,相同性別,0
113,,22,三芝區,15～19歲,15,19,部分重疊,0.4,女,結婚,國小以下,不同性別,0
113,,22,三芝區,15～19歲,15,19,部分重疊,0.4,女,結婚,國小以下,相同性別,0
113,,22,三芝區,15～19歲,15,19,部分重疊,0.4,女,結婚,大學,不同性別,0
113,,22,三芝區,15～19歲,15,19,部分重疊,0.4,女,結婚,大學,相同性別,0
113,,22,三芝區,15～19歲,15,19,部分重疊,0.4,女,結婚,專科,不同性別,0
113,,22,三芝區,15～19歲,15,19,部分重疊,0.4,女,結婚,專科,相同性別,0
113,,22,三芝區,15～19歲,15,19,部分重疊,0.4,女,結婚,碩士,不同性別,0
113,,22,三芝區,15～19歲,15,19,部分重疊,0.4,女,結婚,碩士,相同性別,0
113,,22,三芝區,15～19歲,15,19,部分重疊,0.4,女,結婚,高中職,不同性別,0
113,,22,三芝區,15～19歲,15,19,部分重疊,0.4,女,結婚,高中職,相同性別,0
113,,22,三芝區,15～19歲,15,19,部分重疊,0.4,男,結婚,博士,不同性別,0
113,,22,三芝區,15～19歲,15,19,部分重疊,0.4,男,結婚,博士,相同性別,0
113,,22,三芝區,15～19歲,15,19,部分重疊,0.4,男,結婚,國中,不同性別,0
113,,22,三芝區,15～19歲,15,19,部分重疊,0.4,男,結婚,國中,相同性別,0
113,,22,三芝區,15～19歲,15,19,部分重疊,0.4,男,結婚,國小以下,不同性別,0
113,,22,三芝區,15～19歲,15,19,部分重疊,0.4,男,結婚,國小以下,相同性別,0
113,,22,三芝區,15～19歲,15,19,部分重疊,0.4,男,結婚,大學,不同性別,0
113,,22,三芝區,15～19歲,15,19,部分重疊,0.4,男,結婚,大學,相同性別,0
113,,22,三芝區,15～19歲,15,19,部分重疊,0.4,男,結婚,專科,不同性別,0
113,,22,三芝區,15～19歲,15,19,部分重疊,0.4,男,結婚,專科,相同性別,0
113,,22,三芝區,15～19歲,15,19,部分重疊,0.4,男,結婚,碩士,不同性別,0
113,,22,三芝區,15～19歲,15,19,部分重疊,0.4,男,結婚,碩士,相同性別,0
113,,22,三芝區,15～19歲,15,19,部分重疊,0.4,男,結婚,高中職,不同性別,0
113,,22,三芝區,15～19歲,15,19,部分重疊,0.4,男,結婚,高中職,相同性別,0
113,,22,三芝區,20～24歲,20,24,完全落入,1.0,女,結婚,博士,不同性別,0
113,,22,三芝區,20～24歲,20,24,完全落入,1.0,女,結婚,博士,相同性別,0
113,,22,三芝區,20～24歲,20,24,完全落入,1.0,女,結婚,國中,不同性別,3
113,,22,三芝區,20～24歲,20,24,完全落入,1.0,女,結婚,國中,相同性別,0
113,,22,三芝區,20～24歲,20,24,完全落入,1.0,女,結婚,國小以下,不同性別,0
113,,22,三芝區,20～24歲,20,24,完全落入,1.0,女,結婚,國小以下,相同性別,0
113,,22,三芝區,20～24歲,20,24,完全落入,1.0,女,結婚,大學,不同性別,1
113,,22,三芝區,20～24歲,20,24,完全落入,1.0,女,結婚,大學,相同性別,0
113,,22,三芝區,20～24歲,20,24,完全落入,1.0,女,結婚,專科,不同性別,0
113,,22,三芝區,20～24歲,20,24,完全落入,1.0,女,結婚,專科,相同性別,0
113,,22,三芝區,20～24歲,20,24,完全落入,1.0,女,結婚,碩士,不同性別,0
113,,22,三芝區,20～24歲,20,24,完全落入,1.0,女,結婚,碩士,相同性別,0
113,,22,三芝區,20～24歲,20,24,完全落入,1.0,女,結婚,高中職,不同性別,4
113,,22,三芝區,20～24歲,20,24,完全落入,1.0,女,結婚,高中職,相同性別,0
113,,22,三芝區,20～24歲,20,24,完全落入,1.0,男,結婚,博士,不同性別,0
113,,22,三芝區,20～24歲,20,24,完全落入,1.0,男,結婚,博士,相同性別,0
113,,22,三芝區,20～24歲,20,24,完全落入,1.0,男,結婚,國中,不同性別,2
113,,22,三芝區,20～24歲,20,24,完全落入,1.0,男,結婚,國中,相同性別,1
113,,22,三芝區,20～24歲,20,24,完全落入,1.0,男,結婚,國小以下,不同性別,0
113,,22,三芝區,20～24歲,20,24,完全落入,1.0,男,結婚,國小以下,相同性別,0
113,,22,三芝區,20～24歲,20,24,完全落入,1.0,男,結婚,大學,不同性別,0
113,,22,三芝區,20～24歲,20,24,完全落入,1.0,男,結婚,大學,相同性別,0
113,,22,三芝區,20～24歲,20,24,完全落入,1.0,男,結婚,專科,不同性別,0
113,,22,三芝區,20～24歲,20,24,完全落入,1.0,男,結婚,專科,相同性別,0
113,,22,三芝區,20～24歲,20,24,完全落入,1.0,男,結婚,碩士,不同性別,0
113,,22,三芝區,20～24歲,20,24,完全落入,1.0,男,結婚,碩士,相同性別,0
113,,22,三芝區,20～24歲,20,24,完全落入,1.0,男,結婚,高中職,不同性別,3
113,,22,三芝區,20～24歲,20,24,完全落入,1.0,男,結婚,高中職,相同性別,1
113,,22,三芝區,25～29歲,25,29,完全落入,1.0,女,結婚,博士,不同性別,0
113,,22,三芝區,25～29歲,25,29,完全落入,1.0,女,結婚,博士,相同性別,0
113,,22,三芝區,25～29歲,25,29,完全落入,1.0,女,結婚,國中,不同性別,4
113,,22,三芝區,25～29歲,25,29,完全落入,1.0,女,結婚,國中,相同性別,0
113,,22,三芝區,25～29歲,25,29,完全落入,1.0,女,結婚,國小以下,不同性別,0
113,,22,三芝區,25～29歲,25,29,完全落入,1.0,女,結婚,國小以下,相同性別,0
113,,22,三芝區,25～29歲,25,29,完全落入,1.0,女,結婚,大學,不同性別,17
113,,22,三芝區,25～29歲,25,29,完全落入,1.0,女,結婚,大學,相同性別,0
113,,22,三芝區,25～29歲,25,29,完全落入,1.0,女,結婚,專科,不同性別,1
113,,22,三芝區,25～29歲,25,29,完全落入,1.0,女,結婚,專科,相同性別,0
113,,22,三芝區,25～29歲,25,29,完全落入,1.0,女,結婚,碩士,不同性別,2
113,,22,三芝區,25～29歲,25,29,完全落入,1.0,女,結婚,碩士,相同性別,0
113,,22,三芝區,25～29歲,25,29,完全落入,1.0,女,結婚,高中職,不同性別,11
113,,22,三芝區,25～29歲,25,29,完全落入,1.0,女,結婚,高中職,相同性別,0
113,,22,三芝區,25～29歲,25,29,完全落入,1.0,男,結婚,博士,不同性別,0
113,,22,三芝區,25～29歲,25,29,完全落入,1.0,男,結婚,博士,相同性別,0
113,,22,三芝區,25～29歲,25,29,完全落入,1.0,男,結婚,國中,不同性別,4
113,,22,三芝區,25～29歲,25,29,完全落入,1.0,男,結婚,國中,相同性別,0
113,,22,三芝區,25～29歲,25,29,完全落入,1.0,男,結婚,國小以下,不同性別,0
113,,22,三芝區,25～29歲,25,29,完全落入,1.0,男,結婚,國小以下,相同性別,0
113,,22,三芝區,25～29歲,25,29,完全落入,1.0,男,結婚,大學,不同性別,10
113,,22,三芝區,25～29歲,25,29,完全落入,1.0,男,結婚,大學,相同性別,0
113,,22,三芝區,25～29歲,25,29,完全落入,1.0,男,結婚,專科,不同性別,0
113,,22,三芝區,25～29歲,25,29,完全落入,1.0,男,結婚,專科,相同性別,0
113,,22,三芝區,25～29歲,25,29,完全落入,1.0,男,結婚,碩士,不同性別,1
113,,22,三芝區,25～29歲,25,29,完全落入,1.0,男,結婚,碩士,相同性別,0
113,,22,三芝區,25～29歲,25,29,完全落入,1.0,男,結婚,高中職,不同性別,5
113,,22,三芝區,25～29歲,25,29,完全落入,1.0,男,結婚,高中職,相同性別,0
113,,22,三芝區,30～34歲,30,34,完全落入,1.0,女,結婚,博士,不同性別,0
113,,22,三芝區,30～34歲,30,34,完全落入,1.0,女,結婚,博士,相同性別,0
113,,22,三芝區,30～34歲,30,34,完全落入,1.0,女,結婚,國中,不同性別,0
113,,22,三芝區,30～34歲,30,34,完全落入,1.0,女,結婚,國中,相同性別,1
113,,22,三芝區,30～34歲,30,34,完全落入,1.0,女,結婚,國小以下,不同性別,1
113,,22,三芝區,30～34歲,30,34,完全落入,1.0,女,結婚,國小以下,相同性別,0
113,,22,三芝區,30～34歲,30,34,完全落入,1.0,女,結婚,大學,不同性別,9
113,,22,三芝區,30～34歲,30,34,完全落入,1.0,女,結婚,大學,相同性別,0
113,,22,三芝區,30～34歲,30,34,完全落入,1.0,女,結婚,專科,不同性別,0
113,,22,三芝區,30～34歲,30,34,完全落入,1.0,女,結婚,專科,相同性別,0
113,,22,三芝區,30～34歲,30,34,完全落入,1.0,女,結婚,碩士,不同性別,1
113,,22,三芝區,30～34歲,30,34,完全落入,1.0,女,結婚,碩士,相同性別,0
113,,22,三芝區,30～34歲,30,34,完全落入,1.0,女,結婚,高中職,不同性別,4
113,,22,三芝區,30～34歲,30,34,完全落入,1.0,女,結婚,高中職,相同性別,1
113,,22,三芝區,30～34歲,30,34,完全落入,1.0,男,結婚,博士,不同性別,0
113,,22,三芝區,30～34歲,30,34,完全落入,1.0,男,結婚,博士,相同性別,0
113,,22,三芝區,30～34歲,30,34,完全落入,1.0,男,結婚,國中,不同性別,5
113,,22,三芝區,30～34歲,30,34,完全落入,1.0,男,結婚,國中,相同性別,0
113,,22,三芝區,30～34歲,30,34,完全落入,1.0,男,結婚,國小以下,不同性別,0
113,,22,三芝區,30～34歲,30,34,完全落入,1.0,男,結婚,國小以下,相同性別,0
113,,22,三芝區,30～34歲,30,34,完全落入,1.0,男,結婚,大學,不同性別,9
113,,22,三芝區,30～34歲,30,34,完全落入,1.0,男,結婚,大學,相同性別,0
113,,22,三芝區,30～34歲,30,34,完全落入,1.0,男,結婚,專科,不同性別,3
113,,22,三芝區,30～34歲,30,34,完全落入,1.0,男,結婚,專科,相同性別,1
113,,22,三芝區,30～34歲,30,34,完全落入,1.0,男,結婚,碩士,不同性別,2
113,,22,三芝區,30～34歲,30,34,完全落入,1.0,男,結婚,碩士,相同性別,0
113,,22,三芝區,30～34歲,30,34,完全落入,1.0,男,結婚,高中職,不同性別,5
113,,22,三芝區,30～34歲,30,34,完全落入,1.0,男,結婚,高中職,相同性別,0
113,,22,三芝區,35～39歲,35,39,部分重疊,0.2,女,結婚,博士,不同性別,0
113,,22,三芝區,35～39歲,35,39,部分重疊,0.2,女,結婚,博士,相同性別,0
113,,22,三芝區,35～39歲,35,39,部分重疊,0.2,女,結婚,國中,不同性別,2
113,,22,三芝區,35～39歲,35,39,部分重疊,0.2,女,結婚,國中,相同性別,0
113,,22,三芝區,35～39歲,35,39,部分重疊,0.2,女,結婚,國小以下,不同性別,1
113,,22,三芝區,35～39歲,35,39,部分重疊,0.2,女,結婚,國小以下,相同性別,0
113,,22,三芝區,35～39歲,35,39,部分重疊,0.2,女,結婚,大學,不同性別,3
113,,22,三芝區,35～39歲,35,39,部分重疊,0.2,女,結婚,大學,相同性別,0
113,,22,三芝區,35～39歲,35,39,部分重疊,0.2,女,結婚,專科,不同性別,0
113,,22,三芝區,35～39歲,35,39,部分重疊,0.2,女,結婚,專科,相同性別,1
113,,22,三芝區,35～39歲,35,39,部分重疊,0.2,女,結婚,碩士,不同性別,0
113,,22,三芝區,35～39歲,35,39,部分重疊,0.2,女,結婚,碩士,相同性別,0
113,,22,三芝區,35～39歲,35,39,部分重疊,0.2,女,結婚,高中職,不同性別,5
113,,22,三芝區,35～39歲,35,39,部分重疊,0.2,女,結婚,高中職,相同性別,0
113,,22,三芝區,35～39歲,35,39,部分重疊,0.2,男,結婚,博士,不同性別,0
113,,22,三芝區,35～39歲,35,39,部分重疊,0.2,男,結婚,博士,相同性別,0
113,,22,三芝區,35～39歲,35,39,部分重疊,0.2,男,結婚,國中,不同性別,3
113,,22,三芝區,35～39歲,35,39,部分重疊,0.2,男,結婚,國中,相同性別,0
113,,22,三芝區,35～39歲,35,39,部分重疊,0.2,男,結婚,國小以下,不同性別,2
113,,22,三芝區,35～39歲,35,39,部分重疊,0.2,男,結婚,國小以下,相同性別,0
113,,22,三芝區,35～39歲,35,39,部分重疊,0.2,男,結婚,大學,不同性別,4
113,,22,三芝區,35～39歲,35,39,部分重疊,0.2,男,結婚,大學,相同性別,0
113,,22,三芝區,35～39歲,35,39,部分重疊,0.2,男,結婚,專科,不同性別,1
113,,22,三芝區,35～39歲,35,39,部分重疊,0.2,男,結婚,專科,相同性別,0
113,,22,三芝區,35～39歲,35,39,部分重疊,0.2,男,結婚,碩士,不同性別,0
113,,22,三芝區,35～39歲,35,39,部分重疊,0.2,男,結婚,碩士,相同性別,0
113,,22,三芝區,35～39歲,35,39,部分重疊,0.2,男,結婚,高中職,不同性別,7
113,,22,三芝區,35～39歲,35,39,部分重疊,0.2,男,結婚,高中職,相同性別,0
113,,22,三芝區,40～44歲,40,44,不相關,0.0,女,結婚,博士,不同性別,0
113,,22,三芝區,40～44歲,40,44,不相關,0.0,女,結婚,博士,相同性別,0
113,,22,三芝區,40～44歲,40,44,不相關,0.0,女,結婚,國中,不同性別,1
113,,22,三芝區,40～44歲,40,44,不相關,0.0,女,結婚,國中,相同性別,0
113,,22,三芝區,40～44歲,40,44,不相關,0.0,女,結婚,國小以下,不同性別,0
113,,22,三芝區,40～44歲,40,44,不相關,0.0,女,結婚,國小以下,相同性別,0
113,,22,三芝區,40～44歲,40,44,不相關,0.0,女,結婚,大學,不同性別,3
113,,22,三芝區,40～44歲,40,44,不相關,0.0,女,結婚,大學,相同性別,0
113,,22,三芝區,40～44歲,40,44,不相關,0.0,女,結婚,專科,不同性別,1
113,,22,三芝區,40～44歲,40,44,不相關,0.0,女,結婚,專科,相同性別,0
113,,22,三芝區,40～44歲,40,44,不相關,0.0,女,結婚,碩士,不同性別,0
113,,22,三芝區,40～44歲,40,44,不相關,0.0,女,結婚,碩士,相同性別,0
113,,22,三芝區,40～44歲,40,44,不相關,0.0,女,結婚,高中職,不同性別,2
113,,22,三芝區,40～44歲,40,44,不相關,0.0,女,結婚,高中職,相同性別,1
113,,22,三芝區,40～44歲,40,44,不相關,0.0,男,結婚,博士,不同性別,0
113,,22,三芝區,40～44歲,40,44,不相關,0.0,男,結婚,博士,相同性別,0
113,,22,三芝區,40～44歲,40,44,不相關,0.0,男,結婚,國中,不同性別,4
113,,22,三芝區,40～44歲,40,44,不相關,0.0,男,結婚,國中,相同性別,0
113,,22,三芝區,40～44歲,40,44,不相關,0.0,男,結婚,國小以下,不同性別,0
113,,22,三芝區,40～44歲,40,44,不相關,0.0,男,結婚,國小以下,相同性別,0
113,,22,三芝區,40～44歲,40,44,不相關,0.0,男,結婚,大學,不同性別,0
113,,22,三芝區,40～44歲,40,44,不相關,0.0,男,結婚,大學,相同性別,0
113,,22,三芝區,40～44歲,40,44,不相關,0.0,男,結婚,專科,不同性別,0
113,,22,三芝區,40～44歲,40,44,不相關,0.0,男,結婚,專科,相同性別,0
113,,22,三芝區,40～44歲,40,44,不相關,0.0,男,結婚,碩士,不同性別,1
113,,22,三芝區,40～44歲,40,44,不相關,0.0,男,結婚,碩士,相同性別,0
113,,22,三芝區,40～44歲,40,44,不相關,0.0,男,結婚,高中職,不同性別,5
113,,22,三芝區,40～44歲,40,44,不相關,0.0,男,結婚,高中職,相同性別,0
113,,22,三芝區,45～49歲,45,49,不相關,0.0,女,結婚,博士,不同性別,0
113,,22,三芝區,45～49歲,45,49,不相關,0.0,女,結婚,博士,相同性別,0
113,,22,三芝區,45～49歲,45,49,不相關,0.0,女,結婚,國中,不同性別,0
113,,22,三芝區,45～49歲,45,49,不相關,0.0,女,結婚,國中,相同性別,0
113,,22,三芝區,45～49歲,45,49,不相關,0.0,女,結婚,國小以下,不同性別,1
113,,22,三芝區,45～49歲,45,49,不相關,0.0,女,結婚,國小以下,相同性別,0
113,,22,三芝區,45～49歲,45,49,不相關,0.0,女,結婚,大學,不同性別,1
113,,22,三芝區,45～49歲,45,49,不相關,0.0,女,結婚,大學,相同性別,0
113,,22,三芝區,45～49歲,45,49,不相關,0.0,女,結婚,專科,不同性別,0
113,,22,三芝區,45～49歲,45,49,不相關,0.0,女,結婚,專科,相同性別,0
113,,22,三芝區,45～49歲,45,49,不相關,0.0,女,結婚,碩士,不同性別,0
113,,22,三芝區,45～49歲,45,49,不相關,0.0,女,結婚,碩士,相同性別,0
113,,22,三芝區,45～49歲,45,49,不相關,0.0,女,結婚,高中職,不同性別,3
113,,22,三芝區,45～49歲,45,49,不相關,0.0,女,結婚,高中職,相同性別,0
113,,22,三芝區,45～49歲,45,49,不相關,0.0,男,結婚,博士,不同性別,0
113,,22,三芝區,45～49歲,45,49,不相關,0.0,男,結婚,博士,相同性別,0
113,,22,三芝區,45～49歲,45,49,不相關,0.0,男,結婚,國中,不同性別,0
113,,22,三芝區,45～49歲,45,49,不相關,0.0,男,結婚,國中,相同性別,0
113,,22,三芝區,45～49歲,45,49,不相關,0.0,男,結婚,國小以下,不同性別,0
113,,22,三芝區,45～49歲,45,49,不相關,0.0,男,結婚,國小以下,相同性別,0
113,,22,三芝區,45～49歲,45,49,不相關,0.0,男,結婚,大學,不同性別,0
113,,22,三芝區,45～49歲,45,49,不相關,0.0,男,結婚,大學,相同性別,0
113,,22,三芝區,45～49歲,45,49,不相關,0.0,男,結婚,專科,不同性別,0
113,,22,三芝區,45～49歲,45,49,不相關,0.0,男,結婚,專科,相同性別,0
113,,22,三芝區,45～49歲,45,49,不相關,0.0,男,結婚,碩士,不同性別,0
113,,22,三芝區,45～49歲,45,49,不相關,0.0,男,結婚,碩士,相同性別,0
113,,22,三芝區,45～49歲,45,49,不相關,0.0,男,結婚,高中職,不同性別,1
113,,22,三芝區,45～49歲,45,49,不相關,0.0,男,結婚,高中職,相同性別,0
113,,22,三芝區,50～54歲,50,54,不相關,0.0,女,結婚,博士,不同性別,0
113,,22,三芝區,50～54歲,50,54,不相關,0.0,女,結婚,博士,相同性別,0
113,,22,三芝區,50～54歲,50,54,不相關,0.0,女,結婚,國中,不同性別,0
113,,22,三芝區,50～54歲,50,54,不相關,0.0,女,結婚,國中,相同性別,0
113,,22,三芝區,50～54歲,50,54,不相關,0.0,女,結婚,國小以下,不同性別,0
113,,22,三芝區,50～54歲,50,54,不相關,0.0,女,結婚,國小以下,相同性別,0
113,,22,三芝區,50～54歲,50,54,不相關,0.0,女,結婚,大學,不同性別,2
113,,22,三芝區,50～54歲,50,54,不相關,0.0,女,結婚,大學,相同性別,0
113,,22,三芝區,50～54歲,50,54,不相關,0.0,女,結婚,專科,不同性別,0
113,,22,三芝區,50～54歲,50,54,不相關,0.0,女,結婚,專科,相同性別,0
113,,22,三芝區,50～54歲,50,54,不相關,0.0,女,結婚,碩士,不同性別,0
113,,22,三芝區,50～54歲,50,54,不相關,0.0,女,結婚,碩士,相同性別,0
113,,22,三芝區,50～54歲,50,54,不相關,0.0,女,結婚,高中職,不同性別,1
113,,22,三芝區,50～54歲,50,54,不相關,0.0,女,結婚,高中職,相同性別,0
113,,22,三芝區,50～54歲,50,54,不相關,0.0,男,結婚,博士,不同性別,0
113,,22,三芝區,50～54歲,50,54,不相關,0.0,男,結婚,博士,相同性別,0
113,,22,三芝區,50～54歲,50,54,不相關,0.0,男,結婚,國中,不同性別,1
113,,22,三芝區,50～54歲,50,54,不相關,0.0,男,結婚,國中,相同性別,0
113,,22,三芝區,50～54歲,50,54,不相關,0.0,男,結婚,國小以下,不同性別,0
113,,22,三芝區,50～54歲,50,54,不相關,0.0,男,結婚,國小以下,相同性別,0
113,,22,三芝區,50～54歲,50,54,不相關,0.0,男,結婚,大學,不同性別,1
113,,22,三芝區,50～54歲,50,54,不相關,0.0,男,結婚,大學,相同性別,1
113,,22,三芝區,50～54歲,50,54,不相關,0.0,男,結婚,專科,不同性別,1
113,,22,三芝區,50～54歲,50,54,不相關,0.0,男,結婚,專科,相同性別,0
113,,22,三芝區,50～54歲,50,54,不相關,0.0,男,結婚,碩士,不同性別,0
113,,22,三芝區,50～54歲,50,54,不相關,0.0,男,結婚,碩士,相同性別,0
113,,22,三芝區,50～54歲,50,54,不相關,0.0,男,結婚,高中職,不同性別,2
113,,22,三芝區,50～54歲,50,54,不相關,0.0,男,結婚,高中職,相同性別,0
113,,22,三芝區,55～59歲,55,59,不相關,0.0,女,結婚,博士,不同性別,0
113,,22,三芝區,55～59歲,55,59,不相關,0.0,女,結婚,博士,相同性別,0
113,,22,三芝區,55～59歲,55,59,不相關,0.0,女,結婚,國中,不同性別,0
113,,22,三芝區,55～59歲,55,59,不相關,0.0,女,結婚,國中,相同性別,0
113,,22,三芝區,55～59歲,55,59,不相關,0.0,女,結婚,國小以下,不同性別,0
113,,22,三芝區,55～59歲,55,59,不相關,0.0,女,結婚,國小以下,相同性別,0
113,,22,三芝區,55～59歲,55,59,不相關,0.0,女,結婚,大學,不同性別,0
113,,22,三芝區,55～59歲,55,59,不相關,0.0,女,結婚,大學,相同性別,0
113,,22,三芝區,55～59歲,55,59,不相關,0.0,女,結婚,專科,不同性別,0
113,,22,三芝區,55～59歲,55,59,不相關,0.0,女,結婚,專科,相同性別,0
113,,22,三芝區,55～59歲,55,59,不相關,0.0,女,結婚,碩士,不同性別,0
113,,22,三芝區,55～59歲,55,59,不相關,0.0,女,結婚,碩士,相同性別,0
113,,22,三芝區,55～59歲,55,59,不相關,0.0,女,結婚,高中職,不同性別,3
113,,22,三芝區,55～59歲,55,59,不相關,0.0,女,結婚,高中職,相同性別,0
113,,22,三芝區,55～59歲,55,59,不相關,0.0,男,結婚,博士,不同性別,0
113,,22,三芝區,55～59歲,55,59,不相關,0.0,男,結婚,博士,相同性別,0
113,,22,三芝區,55～59歲,55,59,不相關,0.0,男,結婚,國中,不同性別,0
113,,22,三芝區,55～59歲,55,59,不相關,0.0,男,結婚,國中,相同性別,0
113,,22,三芝區,55～59歲,55,59,不相關,0.0,男,結婚,國小以下,不同性別,0
113,,22,三芝區,55～59歲,55,59,不相關,0.0,男,結婚,國小以下,相同性別,0
113,,22,三芝區,55～59歲,55,59,不相關,0.0,男,結婚,大學,不同性別,0
113,,22,三芝區,55～59歲,55,59,不相關,0.0,男,結婚,大學,相同性別,0
113,,22,三芝區,55～59歲,55,59,不相關,0.0,男,結婚,專科,不同性別,0
113,,22,三芝區,55～59歲,55,59,不相關,0.0,男,結婚,專科,相同性別,0
113,,22,三芝區,55～59歲,55,59,不相關,0.0,男,結婚,碩士,不同性別,1
113,,22,三芝區,55～59歲,55,59,不相關,0.0,男,結婚,碩士,相同性別,0
113,,22,三芝區,55～59歲,55,59,不相關,0.0,男,結婚,高中職,不同性別,2
113,,22,三芝區,55～59歲,55,59,不相關,0.0,男,結婚,高中職,相同性別,0
113,,22,三芝區,60～64歲,60,64,不相關,0.0,女,結婚,博士,不同性別,0
113,,22,三芝區,60～64歲,60,64,不相關,0.0,女,結婚,博士,相同性別,0
113,,22,三芝區,60～64歲,60,64,不相關,0.0,女,結婚,國中,不同性別,1
113,,22,三芝區,60～64歲,60,64,不相關,0.0,女,結婚,國中,相同性別,0
113,,22,三芝區,60～64歲,60,64,不相關,0.0,女,結婚,國小以下,不同性別,0
113,,22,三芝區,60～64歲,60,64,不相關,0.0,女,結婚,國小以下,相同性別,0
113,,22,三芝區,60～64歲,60,64,不相關,0.0,女,結婚,大學,不同性別,0
113,,22,三芝區,60～64歲,60,64,不相關,0.0,女,結婚,大學,相同性別,0
113,,22,三芝區,60～64歲,60,64,不相關,0.0,女,結婚,專科,不同性別,0
113,,22,三芝區,60～64歲,60,64,不相關,0.0,女,結婚,專科,相同性別,0
113,,22,三芝區,60～64歲,60,64,不相關,0.0,女,結婚,碩士,不同性別,1
113,,22,三芝區,60～64歲,60,64,不相關,0.0,女,結婚,碩士,相同性別,0
113,,22,三芝區,60～64歲,60,64,不相關,0.0,女,結婚,高中職,不同性別,1
113,,22,三芝區,60～64歲,60,64,不相關,0.0,女,結婚,高中職,相同性別,0
113,,22,三芝區,60～64歲,60,64,不相關,0.0,男,結婚,博士,不同性別,0
113,,22,三芝區,60～64歲,60,64,不相關,0.0,男,結婚,博士,相同性別,0
113,,22,三芝區,60～64歲,60,64,不相關,0.0,男,結婚,國中,不同性別,2
113,,22,三芝區,60～64歲,60,64,不相關,0.0,男,結婚,國中,相同性別,0
113,,22,三芝區,60～64歲,60,64,不相關,0.0,男,結婚,國小以下,不同性別,1
113,,22,三芝區,60～64歲,60,64,不相關,0.0,男,結婚,國小以下,相同性別,0
113,,22,三芝區,60～64歲,60,64,不相關,0.0,男,結婚,大學,不同性別,0
113,,22,三芝區,60～64歲,60,64,不相關,0.0,男,結婚,大學,相同性別,0
113,,22,三芝區,60～64歲,60,64,不相關,0.0,男,結婚,專科,不同性別,0
113,,22,三芝區,60～64歲,60,64,不相關,0.0,男,結婚,專科,相同性別,0
113,,22,三芝區,60～64歲,60,64,不相關,0.0,男,結婚,碩士,不同性別,0
113,,22,三芝區,60～64歲,60,64,不相關,0.0,男,結婚,碩士,相同性別,0
113,,22,三芝區,60～64歲,60,64,不相關,0.0,男,結婚,高中職,不同性別,0
113,,22,三芝區,60～64歲,60,64,不相關,0.0,男,結婚,高中職,相同性別,0
113,,22,三芝區,65歲以上,65,120,不相關,0.0,女,結婚,博士,不同性別,0
113,,22,三芝區,65歲以上,65,120,不相關,0.0,女,結婚,博士,相同性別,0
113,,22,三芝區,65歲以上,65,120,不相關,0.0,女,結婚,國中,不同性別,1
113,,22,三芝區,65歲以上,65,120,不相關,0.0,女,結婚,國中,相同性別,0
113,,22,三芝區,65歲以上,65,120,不相關,0.0,女,結婚,國小以下,不同性別,0
113,,22,三芝區,65歲以上,65,120,不相關,0.0,女,結婚,國小以下,相同性別,0
113,,22,三芝區,65歲以上,65,120,不相關,0.0,女,結婚,大學,不同性別,0
113,,22,三芝區,65歲以上,65,120,不相關,0.0,女,結婚,大學,相同性別,0
113,,22,三芝區,65歲以上,65,120,不相關,0.0,女,結婚,專科,不同性別,0
113,,22,三芝區,65歲以上,65,120,不相關,0.0,女,結婚,專科,相同性別,0
113,,22,三芝區,65歲以上,65,120,不相關,0.0,女,結婚,碩士,不同性別,0
113,,22,三芝區,65歲以上,65,120,不相關,0.0,女,結婚,碩士,相同性別,0
113,,22,三芝區,65歲以上,65,120,不相關,0.0,女,結婚,高中職,不同性別,0
113,,22,三芝區,65歲以上,65,120,不相關,0.0,女,結婚,高中職,相同性別,0
113,,22,三芝區,65歲以上,65,120,不相關,0.0,男,結婚,博士,不同性別,0
113,,22,三芝區,65歲以上,65,120,不相關,0.0,男,結婚,博士,相同性別,0
113,,22,三芝區,65歲以上,65,120,不相關,0.0,男,結婚,國中,不同性別,2
113,,22,三芝區,65歲以上,65,120,不相關,0.0,男,結婚,國中,相同性別,0
113,,22,三芝區,65歲以上,65,120,不相關,0.0,男,結婚,國小以下,不同性別,0
113,,22,三芝區,65歲以上,65,120,不相關,0.0,男,結婚,國小以下,相同性別,0
113,,22,三芝區,65歲以上,65,120,不相關,0.0,男,結婚,大學,不同性別,0
113,,22,三芝區,65歲以上,65,120,不相關,0.0,男,結婚,大學,相同性別,0
113,,22,三芝區,65歲以上,65,120,不相關,0.0,男,結婚,專科,不同性別,0
113,,22,三芝區,65歲以上,65,120,不相關,0.0,男,結婚,專科,相同性別,0
113,,22,三芝區,65歲以上,65,120,不相關,0.0,男,結婚,碩士,不同性別,1
113,,22,三芝區,65歲以上,65,120,不相關,0.0,男,結婚,碩士,相同性別,0
113,,22,三芝區,65歲以上,65,120,不相關,0.0,男,結婚,高中職,不同性別,0
113,,22,三芝區,65歲以上,65,120,不相關,0.0,男,結婚,高中職,相同性別,0
113,,23,石門區,未滿15歲,0,14,不相關,0.0,女,結婚,博士,不同性別,0
113,,23,石門區,未滿15歲,0,14,不相關,0.0,女,結婚,博士,相同性別,0
113,,23,石門區,未滿15歲,0,14,不相關,0.0,女,結婚,國中,不同性別,0
113,,23,石門區,未滿15歲,0,14,不相關,0.0,女,結婚,國中,相同性別,0
113,,23,石門區,未滿15歲,0,14,不相關,0.0,女,結婚,國小以下,不同性別,0
113,,23,石門區,未滿15歲,0,14,不相關,0.0,女,結婚,國小以下,相同性別,0
113,,23,石門區,未滿15歲,0,14,不相關,0.0,女,結婚,大學,不同性別,0
113,,23,石門區,未滿15歲,0,14,不相關,0.0,女,結婚,大學,相同性別,0
113,,23,石門區,未滿15歲,0,14,不相關,0.0,女,結婚,專科,不同性別,0
113,,23,石門區,未滿15歲,0,14,不相關,0.0,女,結婚,專科,相同性別,0
113,,23,石門區,未滿15歲,0,14,不相關,0.0,女,結婚,碩士,不同性別,0
113,,23,石門區,未滿15歲,0,14,不相關,0.0,女,結婚,碩士,相同性別,0
113,,23,石門區,未滿15歲,0,14,不相關,0.0,女,結婚,高中職,不同性別,0
113,,23,石門區,未滿15歲,0,14,不相關,0.0,女,結婚,高中職,相同性別,0
113,,23,石門區,未滿15歲,0,14,不相關,0.0,男,結婚,博士,不同性別,0
113,,23,石門區,未滿15歲,0,14,不相關,0.0,男,結婚,博士,相同性別,0
113,,23,石門區,未滿15歲,0,14,不相關,0.0,男,結婚,國中,不同性別,0
113,,23,石門區,未滿15歲,0,14,不相關,0.0,男,結婚,國中,相同性別,0
113,,23,石門區,未滿15歲,0,14,不相關,0.0,男,結婚,國小以下,不同性別,0
113,,23,石門區,未滿15歲,0,14,不相關,0.0,男,結婚,國小以下,相同性別,0
113,,23,石門區,未滿15歲,0,14,不相關,0.0,男,結婚,大學,不同性別,0
113,,23,石門區,未滿15歲,0,14,不相關,0.0,男,結婚,大學,相同性別,0
113,,23,石門區,未滿15歲,0,14,不相關,0.0,男,結婚,專科,不同性別,0
113,,23,石門區,未滿15歲,0,14,不相關,0.0,男,結婚,專科,相同性別,0
113,,23,石門區,未滿15歲,0,14,不相關,0.0,男,結婚,碩士,不同性別,0
113,,23,石門區,未滿15歲,0,14,不相關,0.0,男,結婚,碩士,相同性別,0
113,,23,石門區,未滿15歲,0,14,不相關,0.0,男,結婚,高中職,不同性別,0
113,,23,石門區,未滿15歲,0,14,不相關,0.0,男,結婚,高中職,相同性別,0
113,,23,石門區,15～19歲,15,19,部分重疊,0.4,女,結婚,博士,不同性別,0
113,,23,石門區,15～19歲,15,19,部分重疊,0.4,女,結婚,博士,相同性別,0
113,,23,石門區,15～19歲,15,19,部分重疊,0.4,女,結婚,國中,不同性別,0
113,,23,石門區,15～19歲,15,19,部分重疊,0.4,女,結婚,國中,相同性別,0
113,,23,石門區,15～19歲,15,19,部分重疊,0.4,女,結婚,國小以下,不同性別,0
113,,23,石門區,15～19歲,15,19,部分重疊,0.4,女,結婚,國小以下,相同性別,0
113,,23,石門區,15～19歲,15,19,部分重疊,0.4,女,結婚,大學,不同性別,0
113,,23,石門區,15～19歲,15,19,部分重疊,0.4,女,結婚,大學,相同性別,0
113,,23,石門區,15～19歲,15,19,部分重疊,0.4,女,結婚,專科,不同性別,0
113,,23,石門區,15～19歲,15,19,部分重疊,0.4,女,結婚,專科,相同性別,0
113,,23,石門區,15～19歲,15,19,部分重疊,0.4,女,結婚,碩士,不同性別,0
113,,23,石門區,15～19歲,15,19,部分重疊,0.4,女,結婚,碩士,相同性別,0
113,,23,石門區,15～19歲,15,19,部分重疊,0.4,女,結婚,高中職,不同性別,0
113,,23,石門區,15～19歲,15,19,部分重疊,0.4,女,結婚,高中職,相同性別,0
113,,23,石門區,15～19歲,15,19,部分重疊,0.4,男,結婚,博士,不同性別,0
113,,23,石門區,15～19歲,15,19,部分重疊,0.4,男,結婚,博士,相同性別,0
113,,23,石門區,15～19歲,15,19,部分重疊,0.4,男,結婚,國中,不同性別,0
113,,23,石門區,15～19歲,15,19,部分重疊,0.4,男,結婚,國中,相同性別,0
113,,23,石門區,15～19歲,15,19,部分重疊,0.4,男,結婚,國小以下,不同性別,0
113,,23,石門區,15～19歲,15,19,部分重疊,0.4,男,結婚,國小以下,相同性別,0
113,,23,石門區,15～19歲,15,19,部分重疊,0.4,男,結婚,大學,不同性別,0
113,,23,石門區,15～19歲,15,19,部分重疊,0.4,男,結婚,大學,相同性別,0
113,,23,石門區,15～19歲,15,19,部分重疊,0.4,男,結婚,專科,不同性別,0
113,,23,石門區,15～19歲,15,19,部分重疊,0.4,男,結婚,專科,相同性別,0
113,,23,石門區,15～19歲,15,19,部分重疊,0.4,男,結婚,碩士,不同性別,0
113,,23,石門區,15～19歲,15,19,部分重疊,0.4,男,結婚,碩士,相同性別,0
113,,23,石門區,15～19歲,15,19,部分重疊,0.4,男,結婚,高中職,不同性別,0
113,,23,石門區,15～19歲,15,19,部分重疊,0.4,男,結婚,高中職,相同性別,0
113,,23,石門區,20～24歲,20,24,完全落入,1.0,女,結婚,博士,不同性別,0
113,,23,石門區,20～24歲,20,24,完全落入,1.0,女,結婚,博士,相同性別,0
113,,23,石門區,20～24歲,20,24,完全落入,1.0,女,結婚,國中,不同性別,0
113,,23,石門區,20～24歲,20,24,完全落入,1.0,女,結婚,國中,相同性別,0
113,,23,石門區,20～24歲,20,24,完全落入,1.0,女,結婚,國小以下,不同性別,0
113,,23,石門區,20～24歲,20,24,完全落入,1.0,女,結婚,國小以下,相同性別,0
113,,23,石門區,20～24歲,20,24,完全落入,1.0,女,結婚,大學,不同性別,1
113,,23,石門區,20～24歲,20,24,完全落入,1.0,女,結婚,大學,相同性別,0
113,,23,石門區,20～24歲,20,24,完全落入,1.0,女,結婚,專科,不同性別,0
113,,23,石門區,20～24歲,20,24,完全落入,1.0,女,結婚,專科,相同性別,0
113,,23,石門區,20～24歲,20,24,完全落入,1.0,女,結婚,碩士,不同性別,0
113,,23,石門區,20～24歲,20,24,完全落入,1.0,女,結婚,碩士,相同性別,0
113,,23,石門區,20～24歲,20,24,完全落入,1.0,女,結婚,高中職,不同性別,1
113,,23,石門區,20～24歲,20,24,完全落入,1.0,女,結婚,高中職,相同性別,0
113,,23,石門區,20～24歲,20,24,完全落入,1.0,男,結婚,博士,不同性別,0
113,,23,石門區,20～24歲,20,24,完全落入,1.0,男,結婚,博士,相同性別,0
113,,23,石門區,20～24歲,20,24,完全落入,1.0,男,結婚,國中,不同性別,0
113,,23,石門區,20～24歲,20,24,完全落入,1.0,男,結婚,國中,相同性別,0
113,,23,石門區,20～24歲,20,24,完全落入,1.0,男,結婚,國小以下,不同性別,0
113,,23,石門區,20～24歲,20,24,完全落入,1.0,男,結婚,國小以下,相同性別,0
113,,23,石門區,20～24歲,20,24,完全落入,1.0,男,結婚,大學,不同性別,0
113,,23,石門區,20～24歲,20,24,完全落入,1.0,男,結婚,大學,相同性別,0
113,,23,石門區,20～24歲,20,24,完全落入,1.0,男,結婚,專科,不同性別,0
113,,23,石門區,20～24歲,20,24,完全落入,1.0,男,結婚,專科,相同性別,0
113,,23,石門區,20～24歲,20,24,完全落入,1.0,男,結婚,碩士,不同性別,0
113,,23,石門區,20～24歲,20,24,完全落入,1.0,男,結婚,碩士,相同性別,0
113,,23,石門區,20～24歲,20,24,完全落入,1.0,男,結婚,高中職,不同性別,1
113,,23,石門區,20～24歲,20,24,完全落入,1.0,男,結婚,高中職,相同性別,0
113,,23,石門區,25～29歲,25,29,完全落入,1.0,女,結婚,博士,不同性別,0
113,,23,石門區,25～29歲,25,29,完全落入,1.0,女,結婚,博士,相同性別,0
113,,23,石門區,25～29歲,25,29,完全落入,1.0,女,結婚,國中,不同性別,1
113,,23,石門區,25～29歲,25,29,完全落入,1.0,女,結婚,國中,相同性別,1
113,,23,石門區,25～29歲,25,29,完全落入,1.0,女,結婚,國小以下,不同性別,0
113,,23,石門區,25～29歲,25,29,完全落入,1.0,女,結婚,國小以下,相同性別,0
113,,23,石門區,25～29歲,25,29,完全落入,1.0,女,結婚,大學,不同性別,7
113,,23,石門區,25～29歲,25,29,完全落入,1.0,女,結婚,大學,相同性別,0
113,,23,石門區,25～29歲,25,29,完全落入,1.0,女,結婚,專科,不同性別,1
113,,23,石門區,25～29歲,25,29,完全落入,1.0,女,結婚,專科,相同性別,0
113,,23,石門區,25～29歲,25,29,完全落入,1.0,女,結婚,碩士,不同性別,2
113,,23,石門區,25～29歲,25,29,完全落入,1.0,女,結婚,碩士,相同性別,0
113,,23,石門區,25～29歲,25,29,完全落入,1.0,女,結婚,高中職,不同性別,3
113,,23,石門區,25～29歲,25,29,完全落入,1.0,女,結婚,高中職,相同性別,1
113,,23,石門區,25～29歲,25,29,完全落入,1.0,男,結婚,博士,不同性別,0
113,,23,石門區,25～29歲,25,29,完全落入,1.0,男,結婚,博士,相同性別,0
113,,23,石門區,25～29歲,25,29,完全落入,1.0,男,結婚,國中,不同性別,0
113,,23,石門區,25～29歲,25,29,完全落入,1.0,男,結婚,國中,相同性別,0
113,,23,石門區,25～29歲,25,29,完全落入,1.0,男,結婚,國小以下,不同性別,0
113,,23,石門區,25～29歲,25,29,完全落入,1.0,男,結婚,國小以下,相同性別,0
113,,23,石門區,25～29歲,25,29,完全落入,1.0,男,結婚,大學,不同性別,2
113,,23,石門區,25～29歲,25,29,完全落入,1.0,男,結婚,大學,相同性別,0
113,,23,石門區,25～29歲,25,29,完全落入,1.0,男,結婚,專科,不同性別,1
113,,23,石門區,25～29歲,25,29,完全落入,1.0,男,結婚,專科,相同性別,0
113,,23,石門區,25～29歲,25,29,完全落入,1.0,男,結婚,碩士,不同性別,1
113,,23,石門區,25～29歲,25,29,完全落入,1.0,男,結婚,碩士,相同性別,0
113,,23,石門區,25～29歲,25,29,完全落入,1.0,男,結婚,高中職,不同性別,4
113,,23,石門區,25～29歲,25,29,完全落入,1.0,男,結婚,高中職,相同性別,0
113,,23,石門區,30～34歲,30,34,完全落入,1.0,女,結婚,博士,不同性別,0
113,,23,石門區,30～34歲,30,34,完全落入,1.0,女,結婚,博士,相同性別,0
113,,23,石門區,30～34歲,30,34,完全落入,1.0,女,結婚,國中,不同性別,2
113,,23,石門區,30～34歲,30,34,完全落入,1.0,女,結婚,國中,相同性別,0
113,,23,石門區,30～34歲,30,34,完全落入,1.0,女,結婚,國小以下,不同性別,0
113,,23,石門區,30～34歲,30,34,完全落入,1.0,女,結婚,國小以下,相同性別,0
113,,23,石門區,30～34歲,30,34,完全落入,1.0,女,結婚,大學,不同性別,0
113,,23,石門區,30～34歲,30,34,完全落入,1.0,女,結婚,大學,相同性別,0
113,,23,石門區,30～34歲,30,34,完全落入,1.0,女,結婚,專科,不同性別,1
113,,23,石門區,30～34歲,30,34,完全落入,1.0,女,結婚,專科,相同性別,0
113,,23,石門區,30～34歲,30,34,完全落入,1.0,女,結婚,碩士,不同性別,2
113,,23,石門區,30～34歲,30,34,完全落入,1.0,女,結婚,碩士,相同性別,0
113,,23,石門區,30～34歲,30,34,完全落入,1.0,女,結婚,高中職,不同性別,3
113,,23,石門區,30～34歲,30,34,完全落入,1.0,女,結婚,高中職,相同性別,0
113,,23,石門區,30～34歲,30,34,完全落入,1.0,男,結婚,博士,不同性別,0
113,,23,石門區,30～34歲,30,34,完全落入,1.0,男,結婚,博士,相同性別,0
113,,23,石門區,30～34歲,30,34,完全落入,1.0,男,結婚,國中,不同性別,2
113,,23,石門區,30～34歲,30,34,完全落入,1.0,男,結婚,國中,相同性別,0
113,,23,石門區,30～34歲,30,34,完全落入,1.0,男,結婚,國小以下,不同性別,0
113,,23,石門區,30～34歲,30,34,完全落入,1.0,男,結婚,國小以下,相同性別,0
113,,23,石門區,30～34歲,30,34,完全落入,1.0,男,結婚,大學,不同性別,8
113,,23,石門區,30～34歲,30,34,完全落入,1.0,男,結婚,大學,相同性別,1
113,,23,石門區,30～34歲,30,34,完全落入,1.0,男,結婚,專科,不同性別,0
113,,23,石門區,30～34歲,30,34,完全落入,1.0,男,結婚,專科,相同性別,0
113,,23,石門區,30～34歲,30,34,完全落入,1.0,男,結婚,碩士,不同性別,1
113,,23,石門區,30～34歲,30,34,完全落入,1.0,男,結婚,碩士,相同性別,0
113,,23,石門區,30～34歲,30,34,完全落入,1.0,男,結婚,高中職,不同性別,1
113,,23,石門區,30～34歲,30,34,完全落入,1.0,男,結婚,高中職,相同性別,0
113,,23,石門區,35～39歲,35,39,部分重疊,0.2,女,結婚,博士,不同性別,0
113,,23,石門區,35～39歲,35,39,部分重疊,0.2,女,結婚,博士,相同性別,0
113,,23,石門區,35～39歲,35,39,部分重疊,0.2,女,結婚,國中,不同性別,1
113,,23,石門區,35～39歲,35,39,部分重疊,0.2,女,結婚,國中,相同性別,0
113,,23,石門區,35～39歲,35,39,部分重疊,0.2,女,結婚,國小以下,不同性別,0
113,,23,石門區,35～39歲,35,39,部分重疊,0.2,女,結婚,國小以下,相同性別,0
113,,23,石門區,35～39歲,35,39,部分重疊,0.2,女,結婚,大學,不同性別,2
113,,23,石門區,35～39歲,35,39,部分重疊,0.2,女,結婚,大學,相同性別,0
113,,23,石門區,35～39歲,35,39,部分重疊,0.2,女,結婚,專科,不同性別,0
113,,23,石門區,35～39歲,35,39,部分重疊,0.2,女,結婚,專科,相同性別,0
113,,23,石門區,35～39歲,35,39,部分重疊,0.2,女,結婚,碩士,不同性別,0
113,,23,石門區,35～39歲,35,39,部分重疊,0.2,女,結婚,碩士,相同性別,0
113,,23,石門區,35～39歲,35,39,部分重疊,0.2,女,結婚,高中職,不同性別,1
113,,23,石門區,35～39歲,35,39,部分重疊,0.2,女,結婚,高中職,相同性別,0
113,,23,石門區,35～39歲,35,39,部分重疊,0.2,男,結婚,博士,不同性別,0
113,,23,石門區,35～39歲,35,39,部分重疊,0.2,男,結婚,博士,相同性別,0
113,,23,石門區,35～39歲,35,39,部分重疊,0.2,男,結婚,國中,不同性別,0
113,,23,石門區,35～39歲,35,39,部分重疊,0.2,男,結婚,國中,相同性別,0
113,,23,石門區,35～39歲,35,39,部分重疊,0.2,男,結婚,國小以下,不同性別,0
113,,23,石門區,35～39歲,35,39,部分重疊,0.2,男,結婚,國小以下,相同性別,0
113,,23,石門區,35～39歲,35,39,部分重疊,0.2,男,結婚,大學,不同性別,2
113,,23,石門區,35～39歲,35,39,部分重疊,0.2,男,結婚,大學,相同性別,0
113,,23,石門區,35～39歲,35,39,部分重疊,0.2,男,結婚,專科,不同性別,0
113,,23,石門區,35～39歲,35,39,部分重疊,0.2,男,結婚,專科,相同性別,0
113,,23,石門區,35～39歲,35,39,部分重疊,0.2,男,結婚,碩士,不同性別,0
113,,23,石門區,35～39歲,35,39,部分重疊,0.2,男,結婚,碩士,相同性別,0
113,,23,石門區,35～39歲,35,39,部分重疊,0.2,男,結婚,高中職,不同性別,1
113,,23,石門區,35～39歲,35,39,部分重疊,0.2,男,結婚,高中職,相同性別,1
113,,23,石門區,40～44歲,40,44,不相關,0.0,女,結婚,博士,不同性別,0
113,,23,石門區,40～44歲,40,44,不相關,0.0,女,結婚,博士,相同性別,0
113,,23,石門區,40～44歲,40,44,不相關,0.0,女,結婚,國中,不同性別,0
113,,23,石門區,40～44歲,40,44,不相關,0.0,女,結婚,國中,相同性別,0
113,,23,石門區,40～44歲,40,44,不相關,0.0,女,結婚,國小以下,不同性別,1
113,,23,石門區,40～44歲,40,44,不相關,0.0,女,結婚,國小以下,相同性別,0
113,,23,石門區,40～44歲,40,44,不相關,0.0,女,結婚,大學,不同性別,0
113,,23,石門區,40～44歲,40,44,不相關,0.0,女,結婚,大學,相同性別,0
113,,23,石門區,40～44歲,40,44,不相關,0.0,女,結婚,專科,不同性別,0
113,,23,石門區,40～44歲,40,44,不相關,0.0,女,結婚,專科,相同性別,0
113,,23,石門區,40～44歲,40,44,不相關,0.0,女,結婚,碩士,不同性別,0
113,,23,石門區,40～44歲,40,44,不相關,0.0,女,結婚,碩士,相同性別,0
113,,23,石門區,40～44歲,40,44,不相關,0.0,女,結婚,高中職,不同性別,0
113,,23,石門區,40～44歲,40,44,不相關,0.0,女,結婚,高中職,相同性別,0
113,,23,石門區,40～44歲,40,44,不相關,0.0,男,結婚,博士,不同性別,0
113,,23,石門區,40～44歲,40,44,不相關,0.0,男,結婚,博士,相同性別,0
113,,23,石門區,40～44歲,40,44,不相關,0.0,男,結婚,國中,不同性別,0
113,,23,石門區,40～44歲,40,44,不相關,0.0,男,結婚,國中,相同性別,0
113,,23,石門區,40～44歲,40,44,不相關,0.0,男,結婚,國小以下,不同性別,0
113,,23,石門區,40～44歲,40,44,不相關,0.0,男,結婚,國小以下,相同性別,0
113,,23,石門區,40～44歲,40,44,不相關,0.0,男,結婚,大學,不同性別,1
113,,23,石門區,40～44歲,40,44,不相關,0.0,男,結婚,大學,相同性別,0
113,,23,石門區,40～44歲,40,44,不相關,0.0,男,結婚,專科,不同性別,0
113,,23,石門區,40～44歲,40,44,不相關,0.0,男,結婚,專科,相同性別,0
113,,23,石門區,40～44歲,40,44,不相關,0.0,男,結婚,碩士,不同性別,0
113,,23,石門區,40～44歲,40,44,不相關,0.0,男,結婚,碩士,相同性別,0
113,,23,石門區,40～44歲,40,44,不相關,0.0,男,結婚,高中職,不同性別,3
113,,23,石門區,40～44歲,40,44,不相關,0.0,男,結婚,高中職,相同性別,0
113,,23,石門區,45～49歲,45,49,不相關,0.0,女,結婚,博士,不同性別,0
113,,23,石門區,45～49歲,45,49,不相關,0.0,女,結婚,博士,相同性別,0
113,,23,石門區,45～49歲,45,49,不相關,0.0,女,結婚,國中,不同性別,0
113,,23,石門區,45～49歲,45,49,不相關,0.0,女,結婚,國中,相同性別,0
113,,23,石門區,45～49歲,45,49,不相關,0.0,女,結婚,國小以下,不同性別,1
113,,23,石門區,45～49歲,45,49,不相關,0.0,女,結婚,國小以下,相同性別,0
113,,23,石門區,45～49歲,45,49,不相關,0.0,女,結婚,大學,不同性別,1
113,,23,石門區,45～49歲,45,49,不相關,0.0,女,結婚,大學,相同性別,0
113,,23,石門區,45～49歲,45,49,不相關,0.0,女,結婚,專科,不同性別,0
113,,23,石門區,45～49歲,45,49,不相關,0.0,女,結婚,專科,相同性別,0
113,,23,石門區,45～49歲,45,49,不相關,0.0,女,結婚,碩士,不同性別,0
113,,23,石門區,45～49歲,45,49,不相關,0.0,女,結婚,碩士,相同性別,0
113,,23,石門區,45～49歲,45,49,不相關,0.0,女,結婚,高中職,不同性別,1
113,,23,石門區,45～49歲,45,49,不相關,0.0,女,結婚,高中職,相同性別,0
113,,23,石門區,45～49歲,45,49,不相關,0.0,男,結婚,博士,不同性別,0
113,,23,石門區,45～49歲,45,49,不相關,0.0,男,結婚,博士,相同性別,0
113,,23,石門區,45～49歲,45,49,不相關,0.0,男,結婚,國中,不同性別,0
113,,23,石門區,45～49歲,45,49,不相關,0.0,男,結婚,國中,相同性別,0
113,,23,石門區,45～49歲,45,49,不相關,0.0,男,結婚,國小以下,不同性別,0
113,,23,石門區,45～49歲,45,49,不相關,0.0,男,結婚,國小以下,相同性別,0
113,,23,石門區,45～49歲,45,49,不相關,0.0,男,結婚,大學,不同性別,0
113,,23,石門區,45～49歲,45,49,不相關,0.0,男,結婚,大學,相同性別,0
113,,23,石門區,45～49歲,45,49,不相關,0.0,男,結婚,專科,不同性別,1
113,,23,石門區,45～49歲,45,49,不相關,0.0,男,結婚,專科,相同性別,0
113,,23,石門區,45～49歲,45,49,不相關,0.0,男,結婚,碩士,不同性別,0
113,,23,石門區,45～49歲,45,49,不相關,0.0,男,結婚,碩士,相同性別,0
113,,23,石門區,45～49歲,45,49,不相關,0.0,男,結婚,高中職,不同性別,1
113,,23,石門區,45～49歲,45,49,不相關,0.0,男,結婚,高中職,相同性別,0
113,,23,石門區,50～54歲,50,54,不相關,0.0,女,結婚,博士,不同性別,0
113,,23,石門區,50～54歲,50,54,不相關,0.0,女,結婚,博士,相同性別,0
113,,23,石門區,50～54歲,50,54,不相關,0.0,女,結婚,國中,不同性別,0
113,,23,石門區,50～54歲,50,54,不相關,0.0,女,結婚,國中,相同性別,0
113,,23,石門區,50～54歲,50,54,不相關,0.0,女,結婚,國小以下,不同性別,0
113,,23,石門區,50～54歲,50,54,不相關,0.0,女,結婚,國小以下,相同性別,0
113,,23,石門區,50～54歲,50,54,不相關,0.0,女,結婚,大學,不同性別,0
113,,23,石門區,50～54歲,50,54,不相關,0.0,女,結婚,大學,相同性別,0
113,,23,石門區,50～54歲,50,54,不相關,0.0,女,結婚,專科,不同性別,0
113,,23,石門區,50～54歲,50,54,不相關,0.0,女,結婚,專科,相同性別,0
113,,23,石門區,50～54歲,50,54,不相關,0.0,女,結婚,碩士,不同性別,0
113,,23,石門區,50～54歲,50,54,不相關,0.0,女,結婚,碩士,相同性別,0
113,,23,石門區,50～54歲,50,54,不相關,0.0,女,結婚,高中職,不同性別,0
113,,23,石門區,50～54歲,50,54,不相關,0.0,女,結婚,高中職,相同性別,0
113,,23,石門區,50～54歲,50,54,不相關,0.0,男,結婚,博士,不同性別,0
113,,23,石門區,50～54歲,50,54,不相關,0.0,男,結婚,博士,相同性別,0
113,,23,石門區,50～54歲,50,54,不相關,0.0,男,結婚,國中,不同性別,1
113,,23,石門區,50～54歲,50,54,不相關,0.0,男,結婚,國中,相同性別,0
113,,23,石門區,50～54歲,50,54,不相關,0.0,男,結婚,國小以下,不同性別,0
113,,23,石門區,50～54歲,50,54,不相關,0.0,男,結婚,國小以下,相同性別,0
113,,23,石門區,50～54歲,50,54,不相關,0.0,男,結婚,大學,不同性別,0
113,,23,石門區,50～54歲,50,54,不相關,0.0,男,結婚,大學,相同性別,0
113,,23,石門區,50～54歲,50,54,不相關,0.0,男,結婚,專科,不同性別,0
113,,23,石門區,50～54歲,50,54,不相關,0.0,男,結婚,專科,相同性別,0
113,,23,石門區,50～54歲,50,54,不相關,0.0,男,結婚,碩士,不同性別,0
113,,23,石門區,50～54歲,50,54,不相關,0.0,男,結婚,碩士,相同性別,0
113,,23,石門區,50～54歲,50,54,不相關,0.0,男,結婚,高中職,不同性別,0
113,,23,石門區,50～54歲,50,54,不相關,0.0,男,結婚,高中職,相同性別,0
113,,23,石門區,55～59歲,55,59,不相關,0.0,女,結婚,博士,不同性別,0
113,,23,石門區,55～59歲,55,59,不相關,0.0,女,結婚,博士,相同性別,0
113,,23,石門區,55～59歲,55,59,不相關,0.0,女,結婚,國中,不同性別,0
113,,23,石門區,55～59歲,55,59,不相關,0.0,女,結婚,國中,相同性別,0
113,,23,石門區,55～59歲,55,59,不相關,0.0,女,結婚,國小以下,不同性別,0
113,,23,石門區,55～59歲,55,59,不相關,0.0,女,結婚,國小以下,相同性別,0
113,,23,石門區,55～59歲,55,59,不相關,0.0,女,結婚,大學,不同性別,0
113,,23,石門區,55～59歲,55,59,不相關,0.0,女,結婚,大學,相同性別,0
113,,23,石門區,55～59歲,55,59,不相關,0.0,女,結婚,專科,不同性別,0
113,,23,石門區,55～59歲,55,59,不相關,0.0,女,結婚,專科,相同性別,0
113,,23,石門區,55～59歲,55,59,不相關,0.0,女,結婚,碩士,不同性別,0
113,,23,石門區,55～59歲,55,59,不相關,0.0,女,結婚,碩士,相同性別,0
113,,23,石門區,55～59歲,55,59,不相關,0.0,女,結婚,高中職,不同性別,1
113,,23,石門區,55～59歲,55,59,不相關,0.0,女,結婚,高中職,相同性別,0
113,,23,石門區,55～59歲,55,59,不相關,0.0,男,結婚,博士,不同性別,0
113,,23,石門區,55～59歲,55,59,不相關,0.0,男,結婚,博士,相同性別,0
113,,23,石門區,55～59歲,55,59,不相關,0.0,男,結婚,國中,不同性別,0
113,,23,石門區,55～59歲,55,59,不相關,0.0,男,結婚,國中,相同性別,0
113,,23,石門區,55～59歲,55,59,不相關,0.0,男,結婚,國小以下,不同性別,0
113,,23,石門區,55～59歲,55,59,不相關,0.0,男,結婚,國小以下,相同性別,0
113,,23,石門區,55～59歲,55,59,不相關,0.0,男,結婚,大學,不同性別,0
113,,23,石門區,55～59歲,55,59,不相關,0.0,男,結婚,大學,相同性別,0
113,,23,石門區,55～59歲,55,59,不相關,0.0,男,結婚,專科,不同性別,0
113,,23,石門區,55～59歲,55,59,不相關,0.0,男,結婚,專科,相同性別,0
113,,23,石門區,55～59歲,55,59,不相關,0.0,男,結婚,碩士,不同性別,0
113,,23,石門區,55～59歲,55,59,不相關,0.0,男,結婚,碩士,相同性別,0
113,,23,石門區,55～59歲,55,59,不相關,0.0,男,結婚,高中職,不同性別,0
113,,23,石門區,55～59歲,55,59,不相關,0.0,男,結婚,高中職,相同性別,0
113,,23,石門區,60～64歲,60,64,不相關,0.0,女,結婚,博士,不同性別,0
113,,23,石門區,60～64歲,60,64,不相關,0.0,女,結婚,博士,相同性別,0
113,,23,石門區,60～64歲,60,64,不相關,0.0,女,結婚,國中,不同性別,0
113,,23,石門區,60～64歲,60,64,不相關,0.0,女,結婚,國中,相同性別,0
113,,23,石門區,60～64歲,60,64,不相關,0.0,女,結婚,國小以下,不同性別,0
113,,23,石門區,60～64歲,60,64,不相關,0.0,女,結婚,國小以下,相同性別,0
113,,23,石門區,60～64歲,60,64,不相關,0.0,女,結婚,大學,不同性別,0
113,,23,石門區,60～64歲,60,64,不相關,0.0,女,結婚,大學,相同性別,0
113,,23,石門區,60～64歲,60,64,不相關,0.0,女,結婚,專科,不同性別,0
113,,23,石門區,60～64歲,60,64,不相關,0.0,女,結婚,專科,相同性別,0
113,,23,石門區,60～64歲,60,64,不相關,0.0,女,結婚,碩士,不同性別,0
113,,23,石門區,60～64歲,60,64,不相關,0.0,女,結婚,碩士,相同性別,0
113,,23,石門區,60～64歲,60,64,不相關,0.0,女,結婚,高中職,不同性別,0
113,,23,石門區,60～64歲,60,64,不相關,0.0,女,結婚,高中職,相同性別,0
113,,23,石門區,60～64歲,60,64,不相關,0.0,男,結婚,博士,不同性別,0
113,,23,石門區,60～64歲,60,64,不相關,0.0,男,結婚,博士,相同性別,0
113,,23,石門區,60～64歲,60,64,不相關,0.0,男,結婚,國中,不同性別,0
113,,23,石門區,60～64歲,60,64,不相關,0.0,男,結婚,國中,相同性別,0
113,,23,石門區,60～64歲,60,64,不相關,0.0,男,結婚,國小以下,不同性別,0
113,,23,石門區,60～64歲,60,64,不相關,0.0,男,結婚,國小以下,相同性別,0
113,,23,石門區,60～64歲,60,64,不相關,0.0,男,結婚,大學,不同性別,0
113,,23,石門區,60～64歲,60,64,不相關,0.0,男,結婚,大學,相同性別,0
113,,23,石門區,60～64歲,60,64,不相關,0.0,男,結婚,專科,不同性別,0
113,,23,石門區,60～64歲,60,64,不相關,0.0,男,結婚,專科,相同性別,0
113,,23,石門區,60～64歲,60,64,不相關,0.0,男,結婚,碩士,不同性別,0
113,,23,石門區,60～64歲,60,64,不相關,0.0,男,結婚,碩士,相同性別,0
113,,23,石門區,60～64歲,60,64,不相關,0.0,男,結婚,高中職,不同性別,0
113,,23,石門區,60～64歲,60,64,不相關,0.0,男,結婚,高中職,相同性別,0
113,,23,石門區,65歲以上,65,120,不相關,0.0,女,結婚,博士,不同性別,0
113,,23,石門區,65歲以上,65,120,不相關,0.0,女,結婚,博士,相同性別,0
113,,23,石門區,65歲以上,65,120,不相關,0.0,女,結婚,國中,不同性別,0
113,,23,石門區,65歲以上,65,120,不相關,0.0,女,結婚,國中,相同性別,0
113,,23,石門區,65歲以上,65,120,不相關,0.0,女,結婚,國小以下,不同性別,0
113,,23,石門區,65歲以上,65,120,不相關,0.0,女,結婚,國小以下,相同性別,0
113,,23,石門區,65歲以上,65,120,不相關,0.0,女,結婚,大學,不同性別,0
113,,23,石門區,65歲以上,65,120,不相關,0.0,女,結婚,大學,相同性別,0
113,,23,石門區,65歲以上,65,120,不相關,0.0,女,結婚,專科,不同性別,0
113,,23,石門區,65歲以上,65,120,不相關,0.0,女,結婚,專科,相同性別,0
113,,23,石門區,65歲以上,65,120,不相關,0.0,女,結婚,碩士,不同性別,0
113,,23,石門區,65歲以上,65,120,不相關,0.0,女,結婚,碩士,相同性別,0
113,,23,石門區,65歲以上,65,120,不相關,0.0,女,結婚,高中職,不同性別,0
113,,23,石門區,65歲以上,65,120,不相關,0.0,女,結婚,高中職,相同性別,0
113,,23,石門區,65歲以上,65,120,不相關,0.0,男,結婚,博士,不同性別,0
113,,23,石門區,65歲以上,65,120,不相關,0.0,男,結婚,博士,相同性別,0
113,,23,石門區,65歲以上,65,120,不相關,0.0,男,結婚,國中,不同性別,1
113,,23,石門區,65歲以上,65,120,不相關,0.0,男,結婚,國中,相同性別,0
113,,23,石門區,65歲以上,65,120,不相關,0.0,男,結婚,國小以下,不同性別,1
113,,23,石門區,65歲以上,65,120,不相關,0.0,男,結婚,國小以下,相同性別,0
113,,23,石門區,65歲以上,65,120,不相關,0.0,男,結婚,大學,不同性別,0
113,,23,石門區,65歲以上,65,120,不相關,0.0,男,結婚,大學,相同性別,0
113,,23,石門區,65歲以上,65,120,不相關,0.0,男,結婚,專科,不同性別,0
113,,23,石門區,65歲以上,65,120,不相關,0.0,男,結婚,專科,相同性別,0
113,,23,石門區,65歲以上,65,120,不相關,0.0,男,結婚,碩士,不同性別,0
113,,23,石門區,65歲以上,65,120,不相關,0.0,男,結婚,碩士,相同性別,0
113,,23,石門區,65歲以上,65,120,不相關,0.0,男,結婚,高中職,不同性別,0
113,,23,石門區,65歲以上,65,120,不相關,0.0,男,結婚,高中職,相同性別,0
113,,24,金山區,未滿15歲,0,14,不相關,0.0,女,結婚,博士,不同性別,0
113,,24,金山區,未滿15歲,0,14,不相關,0.0,女,結婚,博士,相同性別,0
113,,24,金山區,未滿15歲,0,14,不相關,0.0,女,結婚,國中,不同性別,0
113,,24,金山區,未滿15歲,0,14,不相關,0.0,女,結婚,國中,相同性別,0
113,,24,金山區,未滿15歲,0,14,不相關,0.0,女,結婚,國小以下,不同性別,0
113,,24,金山區,未滿15歲,0,14,不相關,0.0,女,結婚,國小以下,相同性別,0
113,,24,金山區,未滿15歲,0,14,不相關,0.0,女,結婚,大學,不同性別,0
113,,24,金山區,未滿15歲,0,14,不相關,0.0,女,結婚,大學,相同性別,0
113,,24,金山區,未滿15歲,0,14,不相關,0.0,女,結婚,專科,不同性別,0
113,,24,金山區,未滿15歲,0,14,不相關,0.0,女,結婚,專科,相同性別,0
113,,24,金山區,未滿15歲,0,14,不相關,0.0,女,結婚,碩士,不同性別,0
113,,24,金山區,未滿15歲,0,14,不相關,0.0,女,結婚,碩士,相同性別,0
113,,24,金山區,未滿15歲,0,14,不相關,0.0,女,結婚,高中職,不同性別,0
113,,24,金山區,未滿15歲,0,14,不相關,0.0,女,結婚,高中職,相同性別,0
113,,24,金山區,未滿15歲,0,14,不相關,0.0,男,結婚,博士,不同性別,0
113,,24,金山區,未滿15歲,0,14,不相關,0.0,男,結婚,博士,相同性別,0
113,,24,金山區,未滿15歲,0,14,不相關,0.0,男,結婚,國中,不同性別,0
113,,24,金山區,未滿15歲,0,14,不相關,0.0,男,結婚,國中,相同性別,0
113,,24,金山區,未滿15歲,0,14,不相關,0.0,男,結婚,國小以下,不同性別,0
113,,24,金山區,未滿15歲,0,14,不相關,0.0,男,結婚,國小以下,相同性別,0
113,,24,金山區,未滿15歲,0,14,不相關,0.0,男,結婚,大學,不同性別,0
113,,24,金山區,未滿15歲,0,14,不相關,0.0,男,結婚,大學,相同性別,0
113,,24,金山區,未滿15歲,0,14,不相關,0.0,男,結婚,專科,不同性別,0
113,,24,金山區,未滿15歲,0,14,不相關,0.0,男,結婚,專科,相同性別,0
113,,24,金山區,未滿15歲,0,14,不相關,0.0,男,結婚,碩士,不同性別,0
113,,24,金山區,未滿15歲,0,14,不相關,0.0,男,結婚,碩士,相同性別,0
113,,24,金山區,未滿15歲,0,14,不相關,0.0,男,結婚,高中職,不同性別,0
113,,24,金山區,未滿15歲,0,14,不相關,0.0,男,結婚,高中職,相同性別,0
113,,24,金山區,15～19歲,15,19,部分重疊,0.4,女,結婚,博士,不同性別,0
113,,24,金山區,15～19歲,15,19,部分重疊,0.4,女,結婚,博士,相同性別,0
113,,24,金山區,15～19歲,15,19,部分重疊,0.4,女,結婚,國中,不同性別,0
113,,24,金山區,15～19歲,15,19,部分重疊,0.4,女,結婚,國中,相同性別,0
113,,24,金山區,15～19歲,15,19,部分重疊,0.4,女,結婚,國小以下,不同性別,0
113,,24,金山區,15～19歲,15,19,部分重疊,0.4,女,結婚,國小以下,相同性別,0
113,,24,金山區,15～19歲,15,19,部分重疊,0.4,女,結婚,大學,不同性別,0
113,,24,金山區,15～19歲,15,19,部分重疊,0.4,女,結婚,大學,相同性別,0
113,,24,金山區,15～19歲,15,19,部分重疊,0.4,女,結婚,專科,不同性別,0
113,,24,金山區,15～19歲,15,19,部分重疊,0.4,女,結婚,專科,相同性別,0
113,,24,金山區,15～19歲,15,19,部分重疊,0.4,女,結婚,碩士,不同性別,0
113,,24,金山區,15～19歲,15,19,部分重疊,0.4,女,結婚,碩士,相同性別,0
113,,24,金山區,15～19歲,15,19,部分重疊,0.4,女,結婚,高中職,不同性別,1
113,,24,金山區,15～19歲,15,19,部分重疊,0.4,女,結婚,高中職,相同性別,0
113,,24,金山區,15～19歲,15,19,部分重疊,0.4,男,結婚,博士,不同性別,0
113,,24,金山區,15～19歲,15,19,部分重疊,0.4,男,結婚,博士,相同性別,0
113,,24,金山區,15～19歲,15,19,部分重疊,0.4,男,結婚,國中,不同性別,0
113,,24,金山區,15～19歲,15,19,部分重疊,0.4,男,結婚,國中,相同性別,0
113,,24,金山區,15～19歲,15,19,部分重疊,0.4,男,結婚,國小以下,不同性別,0
113,,24,金山區,15～19歲,15,19,部分重疊,0.4,男,結婚,國小以下,相同性別,0
113,,24,金山區,15～19歲,15,19,部分重疊,0.4,男,結婚,大學,不同性別,0
113,,24,金山區,15～19歲,15,19,部分重疊,0.4,男,結婚,大學,相同性別,0
113,,24,金山區,15～19歲,15,19,部分重疊,0.4,男,結婚,專科,不同性別,0
113,,24,金山區,15～19歲,15,19,部分重疊,0.4,男,結婚,專科,相同性別,0
113,,24,金山區,15～19歲,15,19,部分重疊,0.4,男,結婚,碩士,不同性別,0
113,,24,金山區,15～19歲,15,19,部分重疊,0.4,男,結婚,碩士,相同性別,0
113,,24,金山區,15～19歲,15,19,部分重疊,0.4,男,結婚,高中職,不同性別,0
113,,24,金山區,15～19歲,15,19,部分重疊,0.4,男,結婚,高中職,相同性別,0
113,,24,金山區,20～24歲,20,24,完全落入,1.0,女,結婚,博士,不同性別,0
113,,24,金山區,20～24歲,20,24,完全落入,1.0,女,結婚,博士,相同性別,0
113,,24,金山區,20～24歲,20,24,完全落入,1.0,女,結婚,國中,不同性別,2
113,,24,金山區,20～24歲,20,24,完全落入,1.0,女,結婚,國中,相同性別,0
113,,24,金山區,20～24歲,20,24,完全落入,1.0,女,結婚,國小以下,不同性別,0
113,,24,金山區,20～24歲,20,24,完全落入,1.0,女,結婚,國小以下,相同性別,0
113,,24,金山區,20～24歲,20,24,完全落入,1.0,女,結婚,大學,不同性別,1
113,,24,金山區,20～24歲,20,24,完全落入,1.0,女,結婚,大學,相同性別,0
113,,24,金山區,20～24歲,20,24,完全落入,1.0,女,結婚,專科,不同性別,1
113,,24,金山區,20～24歲,20,24,完全落入,1.0,女,結婚,專科,相同性別,0
113,,24,金山區,20～24歲,20,24,完全落入,1.0,女,結婚,碩士,不同性別,0
113,,24,金山區,20～24歲,20,24,完全落入,1.0,女,結婚,碩士,相同性別,0
113,,24,金山區,20～24歲,20,24,完全落入,1.0,女,結婚,高中職,不同性別,3
113,,24,金山區,20～24歲,20,24,完全落入,1.0,女,結婚,高中職,相同性別,0
113,,24,金山區,20～24歲,20,24,完全落入,1.0,男,結婚,博士,不同性別,0
113,,24,金山區,20～24歲,20,24,完全落入,1.0,男,結婚,博士,相同性別,0
113,,24,金山區,20～24歲,20,24,完全落入,1.0,男,結婚,國中,不同性別,4
113,,24,金山區,20～24歲,20,24,完全落入,1.0,男,結婚,國中,相同性別,0
113,,24,金山區,20～24歲,20,24,完全落入,1.0,男,結婚,國小以下,不同性別,0
113,,24,金山區,20～24歲,20,24,完全落入,1.0,男,結婚,國小以下,相同性別,0
113,,24,金山區,20～24歲,20,24,完全落入,1.0,男,結婚,大學,不同性別,0
113,,24,金山區,20～24歲,20,24,完全落入,1.0,男,結婚,大學,相同性別,0
113,,24,金山區,20～24歲,20,24,完全落入,1.0,男,結婚,專科,不同性別,0
113,,24,金山區,20～24歲,20,24,完全落入,1.0,男,結婚,專科,相同性別,0
113,,24,金山區,20～24歲,20,24,完全落入,1.0,男,結婚,碩士,不同性別,0
113,,24,金山區,20～24歲,20,24,完全落入,1.0,男,結婚,碩士,相同性別,0
113,,24,金山區,20～24歲,20,24,完全落入,1.0,男,結婚,高中職,不同性別,1
113,,24,金山區,20～24歲,20,24,完全落入,1.0,男,結婚,高中職,相同性別,0
113,,24,金山區,25～29歲,25,29,完全落入,1.0,女,結婚,博士,不同性別,0
113,,24,金山區,25～29歲,25,29,完全落入,1.0,女,結婚,博士,相同性別,0
113,,24,金山區,25～29歲,25,29,完全落入,1.0,女,結婚,國中,不同性別,4
113,,24,金山區,25～29歲,25,29,完全落入,1.0,女,結婚,國中,相同性別,0
113,,24,金山區,25～29歲,25,29,完全落入,1.0,女,結婚,國小以下,不同性別,0
113,,24,金山區,25～29歲,25,29,完全落入,1.0,女,結婚,國小以下,相同性別,0
113,,24,金山區,25～29歲,25,29,完全落入,1.0,女,結婚,大學,不同性別,16
113,,24,金山區,25～29歲,25,29,完全落入,1.0,女,結婚,大學,相同性別,0
113,,24,金山區,25～29歲,25,29,完全落入,1.0,女,結婚,專科,不同性別,0
113,,24,金山區,25～29歲,25,29,完全落入,1.0,女,結婚,專科,相同性別,0
113,,24,金山區,25～29歲,25,29,完全落入,1.0,女,結婚,碩士,不同性別,1
113,,24,金山區,25～29歲,25,29,完全落入,1.0,女,結婚,碩士,相同性別,0
113,,24,金山區,25～29歲,25,29,完全落入,1.0,女,結婚,高中職,不同性別,6
113,,24,金山區,25～29歲,25,29,完全落入,1.0,女,結婚,高中職,相同性別,0
113,,24,金山區,25～29歲,25,29,完全落入,1.0,男,結婚,博士,不同性別,0
113,,24,金山區,25～29歲,25,29,完全落入,1.0,男,結婚,博士,相同性別,0
113,,24,金山區,25～29歲,25,29,完全落入,1.0,男,結婚,國中,不同性別,3
113,,24,金山區,25～29歲,25,29,完全落入,1.0,男,結婚,國中,相同性別,0
113,,24,金山區,25～29歲,25,29,完全落入,1.0,男,結婚,國小以下,不同性別,0
113,,24,金山區,25～29歲,25,29,完全落入,1.0,男,結婚,國小以下,相同性別,0
113,,24,金山區,25～29歲,25,29,完全落入,1.0,男,結婚,大學,不同性別,8
113,,24,金山區,25～29歲,25,29,完全落入,1.0,男,結婚,大學,相同性別,0
113,,24,金山區,25～29歲,25,29,完全落入,1.0,男,結婚,專科,不同性別,1
113,,24,金山區,25～29歲,25,29,完全落入,1.0,男,結婚,專科,相同性別,0
113,,24,金山區,25～29歲,25,29,完全落入,1.0,男,結婚,碩士,不同性別,2
113,,24,金山區,25～29歲,25,29,完全落入,1.0,男,結婚,碩士,相同性別,0
113,,24,金山區,25～29歲,25,29,完全落入,1.0,男,結婚,高中職,不同性別,8
113,,24,金山區,25～29歲,25,29,完全落入,1.0,男,結婚,高中職,相同性別,0
113,,24,金山區,30～34歲,30,34,完全落入,1.0,女,結婚,博士,不同性別,0
113,,24,金山區,30～34歲,30,34,完全落入,1.0,女,結婚,博士,相同性別,0
113,,24,金山區,30～34歲,30,34,完全落入,1.0,女,結婚,國中,不同性別,3
113,,24,金山區,30～34歲,30,34,完全落入,1.0,女,結婚,國中,相同性別,0
113,,24,金山區,30～34歲,30,34,完全落入,1.0,女,結婚,國小以下,不同性別,0
113,,24,金山區,30～34歲,30,34,完全落入,1.0,女,結婚,國小以下,相同性別,0
113,,24,金山區,30～34歲,30,34,完全落入,1.0,女,結婚,大學,不同性別,15
113,,24,金山區,30～34歲,30,34,完全落入,1.0,女,結婚,大學,相同性別,0
113,,24,金山區,30～34歲,30,34,完全落入,1.0,女,結婚,專科,不同性別,1
113,,24,金山區,30～34歲,30,34,完全落入,1.0,女,結婚,專科,相同性別,0
113,,24,金山區,30～34歲,30,34,完全落入,1.0,女,結婚,碩士,不同性別,2
113,,24,金山區,30～34歲,30,34,完全落入,1.0,女,結婚,碩士,相同性別,0
113,,24,金山區,30～34歲,30,34,完全落入,1.0,女,結婚,高中職,不同性別,6
113,,24,金山區,30～34歲,30,34,完全落入,1.0,女,結婚,高中職,相同性別,0
113,,24,金山區,30～34歲,30,34,完全落入,1.0,男,結婚,博士,不同性別,0
113,,24,金山區,30～34歲,30,34,完全落入,1.0,男,結婚,博士,相同性別,0
113,,24,金山區,30～34歲,30,34,完全落入,1.0,男,結婚,國中,不同性別,4
113,,24,金山區,30～34歲,30,34,完全落入,1.0,男,結婚,國中,相同性別,0
113,,24,金山區,30～34歲,30,34,完全落入,1.0,男,結婚,國小以下,不同性別,0
113,,24,金山區,30～34歲,30,34,完全落入,1.0,男,結婚,國小以下,相同性別,0
113,,24,金山區,30～34歲,30,34,完全落入,1.0,男,結婚,大學,不同性別,11
113,,24,金山區,30～34歲,30,34,完全落入,1.0,男,結婚,大學,相同性別,0
113,,24,金山區,30～34歲,30,34,完全落入,1.0,男,結婚,專科,不同性別,2
113,,24,金山區,30～34歲,30,34,完全落入,1.0,男,結婚,專科,相同性別,0
113,,24,金山區,30～34歲,30,34,完全落入,1.0,男,結婚,碩士,不同性別,2
113,,24,金山區,30～34歲,30,34,完全落入,1.0,男,結婚,碩士,相同性別,0
113,,24,金山區,30～34歲,30,34,完全落入,1.0,男,結婚,高中職,不同性別,5
113,,24,金山區,30～34歲,30,34,完全落入,1.0,男,結婚,高中職,相同性別,0
113,,24,金山區,35～39歲,35,39,部分重疊,0.2,女,結婚,博士,不同性別,0
113,,24,金山區,35～39歲,35,39,部分重疊,0.2,女,結婚,博士,相同性別,0
113,,24,金山區,35～39歲,35,39,部分重疊,0.2,女,結婚,國中,不同性別,0
113,,24,金山區,35～39歲,35,39,部分重疊,0.2,女,結婚,國中,相同性別,0
113,,24,金山區,35～39歲,35,39,部分重疊,0.2,女,結婚,國小以下,不同性別,0
113,,24,金山區,35～39歲,35,39,部分重疊,0.2,女,結婚,國小以下,相同性別,0
113,,24,金山區,35～39歲,35,39,部分重疊,0.2,女,結婚,大學,不同性別,5
113,,24,金山區,35～39歲,35,39,部分重疊,0.2,女,結婚,大學,相同性別,0
113,,24,金山區,35～39歲,35,39,部分重疊,0.2,女,結婚,專科,不同性別,0
113,,24,金山區,35～39歲,35,39,部分重疊,0.2,女,結婚,專科,相同性別,0
113,,24,金山區,35～39歲,35,39,部分重疊,0.2,女,結婚,碩士,不同性別,2
113,,24,金山區,35～39歲,35,39,部分重疊,0.2,女,結婚,碩士,相同性別,0
113,,24,金山區,35～39歲,35,39,部分重疊,0.2,女,結婚,高中職,不同性別,4
113,,24,金山區,35～39歲,35,39,部分重疊,0.2,女,結婚,高中職,相同性別,0
113,,24,金山區,35～39歲,35,39,部分重疊,0.2,男,結婚,博士,不同性別,0
113,,24,金山區,35～39歲,35,39,部分重疊,0.2,男,結婚,博士,相同性別,0
113,,24,金山區,35～39歲,35,39,部分重疊,0.2,男,結婚,國中,不同性別,2
113,,24,金山區,35～39歲,35,39,部分重疊,0.2,男,結婚,國中,相同性別,0
113,,24,金山區,35～39歲,35,39,部分重疊,0.2,男,結婚,國小以下,不同性別,0
113,,24,金山區,35～39歲,35,39,部分重疊,0.2,男,結婚,國小以下,相同性別,0
113,,24,金山區,35～39歲,35,39,部分重疊,0.2,男,結婚,大學,不同性別,4
113,,24,金山區,35～39歲,35,39,部分重疊,0.2,男,結婚,大學,相同性別,0
113,,24,金山區,35～39歲,35,39,部分重疊,0.2,男,結婚,專科,不同性別,0
113,,24,金山區,35～39歲,35,39,部分重疊,0.2,男,結婚,專科,相同性別,0
113,,24,金山區,35～39歲,35,39,部分重疊,0.2,男,結婚,碩士,不同性別,3
113,,24,金山區,35～39歲,35,39,部分重疊,0.2,男,結婚,碩士,相同性別,0
113,,24,金山區,35～39歲,35,39,部分重疊,0.2,男,結婚,高中職,不同性別,4
113,,24,金山區,35～39歲,35,39,部分重疊,0.2,男,結婚,高中職,相同性別,0
113,,24,金山區,40～44歲,40,44,不相關,0.0,女,結婚,博士,不同性別,1
113,,24,金山區,40～44歲,40,44,不相關,0.0,女,結婚,博士,相同性別,0
113,,24,金山區,40～44歲,40,44,不相關,0.0,女,結婚,國中,不同性別,0
113,,24,金山區,40～44歲,40,44,不相關,0.0,女,結婚,國中,相同性別,0
113,,24,金山區,40～44歲,40,44,不相關,0.0,女,結婚,國小以下,不同性別,0
113,,24,金山區,40～44歲,40,44,不相關,0.0,女,結婚,國小以下,相同性別,0
113,,24,金山區,40～44歲,40,44,不相關,0.0,女,結婚,大學,不同性別,2
113,,24,金山區,40～44歲,40,44,不相關,0.0,女,結婚,大學,相同性別,0
113,,24,金山區,40～44歲,40,44,不相關,0.0,女,結婚,專科,不同性別,1
113,,24,金山區,40～44歲,40,44,不相關,0.0,女,結婚,專科,相同性別,0
113,,24,金山區,40～44歲,40,44,不相關,0.0,女,結婚,碩士,不同性別,2
113,,24,金山區,40～44歲,40,44,不相關,0.0,女,結婚,碩士,相同性別,0
113,,24,金山區,40～44歲,40,44,不相關,0.0,女,結婚,高中職,不同性別,4
113,,24,金山區,40～44歲,40,44,不相關,0.0,女,結婚,高中職,相同性別,0
113,,24,金山區,40～44歲,40,44,不相關,0.0,男,結婚,博士,不同性別,0
113,,24,金山區,40～44歲,40,44,不相關,0.0,男,結婚,博士,相同性別,0
113,,24,金山區,40～44歲,40,44,不相關,0.0,男,結婚,國中,不同性別,3
113,,24,金山區,40～44歲,40,44,不相關,0.0,男,結婚,國中,相同性別,0
113,,24,金山區,40～44歲,40,44,不相關,0.0,男,結婚,國小以下,不同性別,4
113,,24,金山區,40～44歲,40,44,不相關,0.0,男,結婚,國小以下,相同性別,0
113,,24,金山區,40～44歲,40,44,不相關,0.0,男,結婚,大學,不同性別,1
113,,24,金山區,40～44歲,40,44,不相關,0.0,男,結婚,大學,相同性別,0
113,,24,金山區,40～44歲,40,44,不相關,0.0,男,結婚,專科,不同性別,0
113,,24,金山區,40～44歲,40,44,不相關,0.0,男,結婚,專科,相同性別,0
113,,24,金山區,40～44歲,40,44,不相關,0.0,男,結婚,碩士,不同性別,2
113,,24,金山區,40～44歲,40,44,不相關,0.0,男,結婚,碩士,相同性別,0
113,,24,金山區,40～44歲,40,44,不相關,0.0,男,結婚,高中職,不同性別,2
113,,24,金山區,40～44歲,40,44,不相關,0.0,男,結婚,高中職,相同性別,0
113,,24,金山區,45～49歲,45,49,不相關,0.0,女,結婚,博士,不同性別,0
113,,24,金山區,45～49歲,45,49,不相關,0.0,女,結婚,博士,相同性別,0
113,,24,金山區,45～49歲,45,49,不相關,0.0,女,結婚,國中,不同性別,0
113,,24,金山區,45～49歲,45,49,不相關,0.0,女,結婚,國中,相同性別,0
113,,24,金山區,45～49歲,45,49,不相關,0.0,女,結婚,國小以下,不同性別,2
113,,24,金山區,45～49歲,45,49,不相關,0.0,女,結婚,國小以下,相同性別,0
113,,24,金山區,45～49歲,45,49,不相關,0.0,女,結婚,大學,不同性別,0
113,,24,金山區,45～49歲,45,49,不相關,0.0,女,結婚,大學,相同性別,0
113,,24,金山區,45～49歲,45,49,不相關,0.0,女,結婚,專科,不同性別,0
113,,24,金山區,45～49歲,45,49,不相關,0.0,女,結婚,專科,相同性別,0
113,,24,金山區,45～49歲,45,49,不相關,0.0,女,結婚,碩士,不同性別,0
113,,24,金山區,45～49歲,45,49,不相關,0.0,女,結婚,碩士,相同性別,0
113,,24,金山區,45～49歲,45,49,不相關,0.0,女,結婚,高中職,不同性別,0
113,,24,金山區,45～49歲,45,49,不相關,0.0,女,結婚,高中職,相同性別,0
113,,24,金山區,45～49歲,45,49,不相關,0.0,男,結婚,博士,不同性別,1
113,,24,金山區,45～49歲,45,49,不相關,0.0,男,結婚,博士,相同性別,0
113,,24,金山區,45～49歲,45,49,不相關,0.0,男,結婚,國中,不同性別,2
113,,24,金山區,45～49歲,45,49,不相關,0.0,男,結婚,國中,相同性別,0
113,,24,金山區,45～49歲,45,49,不相關,0.0,男,結婚,國小以下,不同性別,0
113,,24,金山區,45～49歲,45,49,不相關,0.0,男,結婚,國小以下,相同性別,0
113,,24,金山區,45～49歲,45,49,不相關,0.0,男,結婚,大學,不同性別,2
113,,24,金山區,45～49歲,45,49,不相關,0.0,男,結婚,大學,相同性別,0
113,,24,金山區,45～49歲,45,49,不相關,0.0,男,結婚,專科,不同性別,1
113,,24,金山區,45～49歲,45,49,不相關,0.0,男,結婚,專科,相同性別,0
113,,24,金山區,45～49歲,45,49,不相關,0.0,男,結婚,碩士,不同性別,0
113,,24,金山區,45～49歲,45,49,不相關,0.0,男,結婚,碩士,相同性別,0
113,,24,金山區,45～49歲,45,49,不相關,0.0,男,結婚,高中職,不同性別,1
113,,24,金山區,45～49歲,45,49,不相關,0.0,男,結婚,高中職,相同性別,0
113,,24,金山區,50～54歲,50,54,不相關,0.0,女,結婚,博士,不同性別,0
113,,24,金山區,50～54歲,50,54,不相關,0.0,女,結婚,博士,相同性別,0
113,,24,金山區,50～54歲,50,54,不相關,0.0,女,結婚,國中,不同性別,1
113,,24,金山區,50～54歲,50,54,不相關,0.0,女,結婚,國中,相同性別,0
113,,24,金山區,50～54歲,50,54,不相關,0.0,女,結婚,國小以下,不同性別,0
113,,24,金山區,50～54歲,50,54,不相關,0.0,女,結婚,國小以下,相同性別,0
113,,24,金山區,50～54歲,50,54,不相關,0.0,女,結婚,大學,不同性別,0
113,,24,金山區,50～54歲,50,54,不相關,0.0,女,結婚,大學,相同性別,0
113,,24,金山區,50～54歲,50,54,不相關,0.0,女,結婚,專科,不同性別,0
113,,24,金山區,50～54歲,50,54,不相關,0.0,女,結婚,專科,相同性別,0
113,,24,金山區,50～54歲,50,54,不相關,0.0,女,結婚,碩士,不同性別,0
113,,24,金山區,50～54歲,50,54,不相關,0.0,女,結婚,碩士,相同性別,0
113,,24,金山區,50～54歲,50,54,不相關,0.0,女,結婚,高中職,不同性別,1
113,,24,金山區,50～54歲,50,54,不相關,0.0,女,結婚,高中職,相同性別,0
113,,24,金山區,50～54歲,50,54,不相關,0.0,男,結婚,博士,不同性別,0
113,,24,金山區,50～54歲,50,54,不相關,0.0,男,結婚,博士,相同性別,0
113,,24,金山區,50～54歲,50,54,不相關,0.0,男,結婚,國中,不同性別,0
113,,24,金山區,50～54歲,50,54,不相關,0.0,男,結婚,國中,相同性別,0
113,,24,金山區,50～54歲,50,54,不相關,0.0,男,結婚,國小以下,不同性別,0
113,,24,金山區,50～54歲,50,54,不相關,0.0,男,結婚,國小以下,相同性別,0
113,,24,金山區,50～54歲,50,54,不相關,0.0,男,結婚,大學,不同性別,0
113,,24,金山區,50～54歲,50,54,不相關,0.0,男,結婚,大學,相同性別,0
113,,24,金山區,50～54歲,50,54,不相關,0.0,男,結婚,專科,不同性別,0
113,,24,金山區,50～54歲,50,54,不相關,0.0,男,結婚,專科,相同性別,0
113,,24,金山區,50～54歲,50,54,不相關,0.0,男,結婚,碩士,不同性別,0
113,,24,金山區,50～54歲,50,54,不相關,0.0,男,結婚,碩士,相同性別,0
113,,24,金山區,50～54歲,50,54,不相關,0.0,男,結婚,高中職,不同性別,0
113,,24,金山區,50～54歲,50,54,不相關,0.0,男,結婚,高中職,相同性別,0
113,,24,金山區,55～59歲,55,59,不相關,0.0,女,結婚,博士,不同性別,0
113,,24,金山區,55～59歲,55,59,不相關,0.0,女,結婚,博士,相同性別,0
113,,24,金山區,55～59歲,55,59,不相關,0.0,女,結婚,國中,不同性別,0
113,,24,金山區,55～59歲,55,59,不相關,0.0,女,結婚,國中,相同性別,0
113,,24,金山區,55～59歲,55,59,不相關,0.0,女,結婚,國小以下,不同性別,0
113,,24,金山區,55～59歲,55,59,不相關,0.0,女,結婚,國小以下,相同性別,0
113,,24,金山區,55～59歲,55,59,不相關,0.0,女,結婚,大學,不同性別,0
113,,24,金山區,55～59歲,55,59,不相關,0.0,女,結婚,大學,相同性別,0
113,,24,金山區,55～59歲,55,59,不相關,0.0,女,結婚,專科,不同性別,0
113,,24,金山區,55～59歲,55,59,不相關,0.0,女,結婚,專科,相同性別,0
113,,24,金山區,55～59歲,55,59,不相關,0.0,女,結婚,碩士,不同性別,0
113,,24,金山區,55～59歲,55,59,不相關,0.0,女,結婚,碩士,相同性別,0
113,,24,金山區,55～59歲,55,59,不相關,0.0,女,結婚,高中職,不同性別,0
113,,24,金山區,55～59歲,55,59,不相關,0.0,女,結婚,高中職,相同性別,0
113,,24,金山區,55～59歲,55,59,不相關,0.0,男,結婚,博士,不同性別,0
113,,24,金山區,55～59歲,55,59,不相關,0.0,男,結婚,博士,相同性別,0
113,,24,金山區,55～59歲,55,59,不相關,0.0,男,結婚,國中,不同性別,2
113,,24,金山區,55～59歲,55,59,不相關,0.0,男,結婚,國中,相同性別,0
113,,24,金山區,55～59歲,55,59,不相關,0.0,男,結婚,國小以下,不同性別,1
113,,24,金山區,55～59歲,55,59,不相關,0.0,男,結婚,國小以下,相同性別,0
113,,24,金山區,55～59歲,55,59,不相關,0.0,男,結婚,大學,不同性別,0
113,,24,金山區,55～59歲,55,59,不相關,0.0,男,結婚,大學,相同性別,0
113,,24,金山區,55～59歲,55,59,不相關,0.0,男,結婚,專科,不同性別,0
113,,24,金山區,55～59歲,55,59,不相關,0.0,男,結婚,專科,相同性別,0
113,,24,金山區,55～59歲,55,59,不相關,0.0,男,結婚,碩士,不同性別,0
113,,24,金山區,55～59歲,55,59,不相關,0.0,男,結婚,碩士,相同性別,0
113,,24,金山區,55～59歲,55,59,不相關,0.0,男,結婚,高中職,不同性別,1
113,,24,金山區,55～59歲,55,59,不相關,0.0,男,結婚,高中職,相同性別,0
113,,24,金山區,60～64歲,60,64,不相關,0.0,女,結婚,博士,不同性別,0
113,,24,金山區,60～64歲,60,64,不相關,0.0,女,結婚,博士,相同性別,0
113,,24,金山區,60～64歲,60,64,不相關,0.0,女,結婚,國中,不同性別,0
113,,24,金山區,60～64歲,60,64,不相關,0.0,女,結婚,國中,相同性別,0
113,,24,金山區,60～64歲,60,64,不相關,0.0,女,結婚,國小以下,不同性別,0
113,,24,金山區,60～64歲,60,64,不相關,0.0,女,結婚,國小以下,相同性別,0
113,,24,金山區,60～64歲,60,64,不相關,0.0,女,結婚,大學,不同性別,0
113,,24,金山區,60～64歲,60,64,不相關,0.0,女,結婚,大學,相同性別,0
113,,24,金山區,60～64歲,60,64,不相關,0.0,女,結婚,專科,不同性別,0
113,,24,金山區,60～64歲,60,64,不相關,0.0,女,結婚,專科,相同性別,0
113,,24,金山區,60～64歲,60,64,不相關,0.0,女,結婚,碩士,不同性別,0
113,,24,金山區,60～64歲,60,64,不相關,0.0,女,結婚,碩士,相同性別,0
113,,24,金山區,60～64歲,60,64,不相關,0.0,女,結婚,高中職,不同性別,0
113,,24,金山區,60～64歲,60,64,不相關,0.0,女,結婚,高中職,相同性別,0
113,,24,金山區,60～64歲,60,64,不相關,0.0,男,結婚,博士,不同性別,0
113,,24,金山區,60～64歲,60,64,不相關,0.0,男,結婚,博士,相同性別,0
113,,24,金山區,60～64歲,60,64,不相關,0.0,男,結婚,國中,不同性別,0
113,,24,金山區,60～64歲,60,64,不相關,0.0,男,結婚,國中,相同性別,0
113,,24,金山區,60～64歲,60,64,不相關,0.0,男,結婚,國小以下,不同性別,0
113,,24,金山區,60～64歲,60,64,不相關,0.0,男,結婚,國小以下,相同性別,0
113,,24,金山區,60～64歲,60,64,不相關,0.0,男,結婚,大學,不同性別,0
113,,24,金山區,60～64歲,60,64,不相關,0.0,男,結婚,大學,相同性別,0
113,,24,金山區,60～64歲,60,64,不相關,0.0,男,結婚,專科,不同性別,0
113,,24,金山區,60～64歲,60,64,不相關,0.0,男,結婚,專科,相同性別,0
113,,24,金山區,60～64歲,60,64,不相關,0.0,男,結婚,碩士,不同性別,0
113,,24,金山區,60～64歲,60,64,不相關,0.0,男,結婚,碩士,相同性別,0
113,,24,金山區,60～64歲,60,64,不相關,0.0,男,結婚,高中職,不同性別,0
113,,24,金山區,60～64歲,60,64,不相關,0.0,男,結婚,高中職,相同性別,0
113,,24,金山區,65歲以上,65,120,不相關,0.0,女,結婚,博士,不同性別,0
113,,24,金山區,65歲以上,65,120,不相關,0.0,女,結婚,博士,相同性別,0
113,,24,金山區,65歲以上,65,120,不相關,0.0,女,結婚,國中,不同性別,0
113,,24,金山區,65歲以上,65,120,不相關,0.0,女,結婚,國中,相同性別,0
113,,24,金山區,65歲以上,65,120,不相關,0.0,女,結婚,國小以下,不同性別,0
113,,24,金山區,65歲以上,65,120,不相關,0.0,女,結婚,國小以下,相同性別,0
113,,24,金山區,65歲以上,65,120,不相關,0.0,女,結婚,大學,不同性別,0
113,,24,金山區,65歲以上,65,120,不相關,0.0,女,結婚,大學,相同性別,0
113,,24,金山區,65歲以上,65,120,不相關,0.0,女,結婚,專科,不同性別,0
113,,24,金山區,65歲以上,65,120,不相關,0.0,女,結婚,專科,相同性別,0
113,,24,金山區,65歲以上,65,120,不相關,0.0,女,結婚,碩士,不同性別,0
113,,24,金山區,65歲以上,65,120,不相關,0.0,女,結婚,碩士,相同性別,0
113,,24,金山區,65歲以上,65,120,不相關,0.0,女,結婚,高中職,不同性別,0
113,,24,金山區,65歲以上,65,120,不相關,0.0,女,結婚,高中職,相同性別,0
113,,24,金山區,65歲以上,65,120,不相關,0.0,男,結婚,博士,不同性別,0
113,,24,金山區,65歲以上,65,120,不相關,0.0,男,結婚,博士,相同性別,0
113,,24,金山區,65歲以上,65,120,不相關,0.0,男,結婚,國中,不同性別,0
113,,24,金山區,65歲以上,65,120,不相關,0.0,男,結婚,國中,相同性別,0
113,,24,金山區,65歲以上,65,120,不相關,0.0,男,結婚,國小以下,不同性別,0
113,,24,金山區,65歲以上,65,120,不相關,0.0,男,結婚,國小以下,相同性別,0
113,,24,金山區,65歲以上,65,120,不相關,0.0,男,結婚,大學,不同性別,0
113,,24,金山區,65歲以上,65,120,不相關,0.0,男,結婚,大學,相同性別,0
113,,24,金山區,65歲以上,65,120,不相關,0.0,男,結婚,專科,不同性別,0
113,,24,金山區,65歲以上,65,120,不相關,0.0,男,結婚,專科,相同性別,0
113,,24,金山區,65歲以上,65,120,不相關,0.0,男,結婚,碩士,不同性別,0
113,,24,金山區,65歲以上,65,120,不相關,0.0,男,結婚,碩士,相同性別,0
113,,24,金山區,65歲以上,65,120,不相關,0.0,男,結婚,高中職,不同性別,0
113,,24,金山區,65歲以上,65,120,不相關,0.0,男,結婚,高中職,相同性別,0
113,,25,萬里區,未滿15歲,0,14,不相關,0.0,女,結婚,博士,不同性別,0
113,,25,萬里區,未滿15歲,0,14,不相關,0.0,女,結婚,博士,相同性別,0
113,,25,萬里區,未滿15歲,0,14,不相關,0.0,女,結婚,國中,不同性別,0
113,,25,萬里區,未滿15歲,0,14,不相關,0.0,女,結婚,國中,相同性別,0
113,,25,萬里區,未滿15歲,0,14,不相關,0.0,女,結婚,國小以下,不同性別,0
113,,25,萬里區,未滿15歲,0,14,不相關,0.0,女,結婚,國小以下,相同性別,0
113,,25,萬里區,未滿15歲,0,14,不相關,0.0,女,結婚,大學,不同性別,0
113,,25,萬里區,未滿15歲,0,14,不相關,0.0,女,結婚,大學,相同性別,0
113,,25,萬里區,未滿15歲,0,14,不相關,0.0,女,結婚,專科,不同性別,0
113,,25,萬里區,未滿15歲,0,14,不相關,0.0,女,結婚,專科,相同性別,0
113,,25,萬里區,未滿15歲,0,14,不相關,0.0,女,結婚,碩士,不同性別,0
113,,25,萬里區,未滿15歲,0,14,不相關,0.0,女,結婚,碩士,相同性別,0
113,,25,萬里區,未滿15歲,0,14,不相關,0.0,女,結婚,高中職,不同性別,0
113,,25,萬里區,未滿15歲,0,14,不相關,0.0,女,結婚,高中職,相同性別,0
113,,25,萬里區,未滿15歲,0,14,不相關,0.0,男,結婚,博士,不同性別,0
113,,25,萬里區,未滿15歲,0,14,不相關,0.0,男,結婚,博士,相同性別,0
113,,25,萬里區,未滿15歲,0,14,不相關,0.0,男,結婚,國中,不同性別,0
113,,25,萬里區,未滿15歲,0,14,不相關,0.0,男,結婚,國中,相同性別,0
113,,25,萬里區,未滿15歲,0,14,不相關,0.0,男,結婚,國小以下,不同性別,0
113,,25,萬里區,未滿15歲,0,14,不相關,0.0,男,結婚,國小以下,相同性別,0
113,,25,萬里區,未滿15歲,0,14,不相關,0.0,男,結婚,大學,不同性別,0
113,,25,萬里區,未滿15歲,0,14,不相關,0.0,男,結婚,大學,相同性別,0
113,,25,萬里區,未滿15歲,0,14,不相關,0.0,男,結婚,專科,不同性別,0
113,,25,萬里區,未滿15歲,0,14,不相關,0.0,男,結婚,專科,相同性別,0
113,,25,萬里區,未滿15歲,0,14,不相關,0.0,男,結婚,碩士,不同性別,0
113,,25,萬里區,未滿15歲,0,14,不相關,0.0,男,結婚,碩士,相同性別,0
113,,25,萬里區,未滿15歲,0,14,不相關,0.0,男,結婚,高中職,不同性別,0
113,,25,萬里區,未滿15歲,0,14,不相關,0.0,男,結婚,高中職,相同性別,0
113,,25,萬里區,15～19歲,15,19,部分重疊,0.4,女,結婚,博士,不同性別,0
113,,25,萬里區,15～19歲,15,19,部分重疊,0.4,女,結婚,博士,相同性別,0
113,,25,萬里區,15～19歲,15,19,部分重疊,0.4,女,結婚,國中,不同性別,1
113,,25,萬里區,15～19歲,15,19,部分重疊,0.4,女,結婚,國中,相同性別,0
113,,25,萬里區,15～19歲,15,19,部分重疊,0.4,女,結婚,國小以下,不同性別,0
113,,25,萬里區,15～19歲,15,19,部分重疊,0.4,女,結婚,國小以下,相同性別,0
113,,25,萬里區,15～19歲,15,19,部分重疊,0.4,女,結婚,大學,不同性別,0
113,,25,萬里區,15～19歲,15,19,部分重疊,0.4,女,結婚,大學,相同性別,0
113,,25,萬里區,15～19歲,15,19,部分重疊,0.4,女,結婚,專科,不同性別,0
113,,25,萬里區,15～19歲,15,19,部分重疊,0.4,女,結婚,專科,相同性別,0
113,,25,萬里區,15～19歲,15,19,部分重疊,0.4,女,結婚,碩士,不同性別,0
113,,25,萬里區,15～19歲,15,19,部分重疊,0.4,女,結婚,碩士,相同性別,0
113,,25,萬里區,15～19歲,15,19,部分重疊,0.4,女,結婚,高中職,不同性別,2
113,,25,萬里區,15～19歲,15,19,部分重疊,0.4,女,結婚,高中職,相同性別,0
113,,25,萬里區,15～19歲,15,19,部分重疊,0.4,男,結婚,博士,不同性別,0
113,,25,萬里區,15～19歲,15,19,部分重疊,0.4,男,結婚,博士,相同性別,0
113,,25,萬里區,15～19歲,15,19,部分重疊,0.4,男,結婚,國中,不同性別,0
113,,25,萬里區,15～19歲,15,19,部分重疊,0.4,男,結婚,國中,相同性別,0
113,,25,萬里區,15～19歲,15,19,部分重疊,0.4,男,結婚,國小以下,不同性別,0
113,,25,萬里區,15～19歲,15,19,部分重疊,0.4,男,結婚,國小以下,相同性別,0
113,,25,萬里區,15～19歲,15,19,部分重疊,0.4,男,結婚,大學,不同性別,0
113,,25,萬里區,15～19歲,15,19,部分重疊,0.4,男,結婚,大學,相同性別,0
113,,25,萬里區,15～19歲,15,19,部分重疊,0.4,男,結婚,專科,不同性別,0
113,,25,萬里區,15～19歲,15,19,部分重疊,0.4,男,結婚,專科,相同性別,0
113,,25,萬里區,15～19歲,15,19,部分重疊,0.4,男,結婚,碩士,不同性別,0
113,,25,萬里區,15～19歲,15,19,部分重疊,0.4,男,結婚,碩士,相同性別,0
113,,25,萬里區,15～19歲,15,19,部分重疊,0.4,男,結婚,高中職,不同性別,1
113,,25,萬里區,15～19歲,15,19,部分重疊,0.4,男,結婚,高中職,相同性別,0
113,,25,萬里區,20～24歲,20,24,完全落入,1.0,女,結婚,博士,不同性別,0
113,,25,萬里區,20～24歲,20,24,完全落入,1.0,女,結婚,博士,相同性別,0
113,,25,萬里區,20～24歲,20,24,完全落入,1.0,女,結婚,國中,不同性別,2
113,,25,萬里區,20～24歲,20,24,完全落入,1.0,女,結婚,國中,相同性別,0
113,,25,萬里區,20～24歲,20,24,完全落入,1.0,女,結婚,國小以下,不同性別,0
113,,25,萬里區,20～24歲,20,24,完全落入,1.0,女,結婚,國小以下,相同性別,1
113,,25,萬里區,20～24歲,20,24,完全落入,1.0,女,結婚,大學,不同性別,3
113,,25,萬里區,20～24歲,20,24,完全落入,1.0,女,結婚,大學,相同性別,0
113,,25,萬里區,20～24歲,20,24,完全落入,1.0,女,結婚,專科,不同性別,3
113,,25,萬里區,20～24歲,20,24,完全落入,1.0,女,結婚,專科,相同性別,0
113,,25,萬里區,20～24歲,20,24,完全落入,1.0,女,結婚,碩士,不同性別,0
113,,25,萬里區,20～24歲,20,24,完全落入,1.0,女,結婚,碩士,相同性別,0
113,,25,萬里區,20～24歲,20,24,完全落入,1.0,女,結婚,高中職,不同性別,6
113,,25,萬里區,20～24歲,20,24,完全落入,1.0,女,結婚,高中職,相同性別,1
113,,25,萬里區,20～24歲,20,24,完全落入,1.0,男,結婚,博士,不同性別,0
113,,25,萬里區,20～24歲,20,24,完全落入,1.0,男,結婚,博士,相同性別,0
113,,25,萬里區,20～24歲,20,24,完全落入,1.0,男,結婚,國中,不同性別,5
113,,25,萬里區,20～24歲,20,24,完全落入,1.0,男,結婚,國中,相同性別,0
113,,25,萬里區,20～24歲,20,24,完全落入,1.0,男,結婚,國小以下,不同性別,0
113,,25,萬里區,20～24歲,20,24,完全落入,1.0,男,結婚,國小以下,相同性別,0
113,,25,萬里區,20～24歲,20,24,完全落入,1.0,男,結婚,大學,不同性別,1
113,,25,萬里區,20～24歲,20,24,完全落入,1.0,男,結婚,大學,相同性別,0
113,,25,萬里區,20～24歲,20,24,完全落入,1.0,男,結婚,專科,不同性別,0
113,,25,萬里區,20～24歲,20,24,完全落入,1.0,男,結婚,專科,相同性別,0
113,,25,萬里區,20～24歲,20,24,完全落入,1.0,男,結婚,碩士,不同性別,0
113,,25,萬里區,20～24歲,20,24,完全落入,1.0,男,結婚,碩士,相同性別,0
113,,25,萬里區,20～24歲,20,24,完全落入,1.0,男,結婚,高中職,不同性別,4
113,,25,萬里區,20～24歲,20,24,完全落入,1.0,男,結婚,高中職,相同性別,0
113,,25,萬里區,25～29歲,25,29,完全落入,1.0,女,結婚,博士,不同性別,0
113,,25,萬里區,25～29歲,25,29,完全落入,1.0,女,結婚,博士,相同性別,0
113,,25,萬里區,25～29歲,25,29,完全落入,1.0,女,結婚,國中,不同性別,2
113,,25,萬里區,25～29歲,25,29,完全落入,1.0,女,結婚,國中,相同性別,0
113,,25,萬里區,25～29歲,25,29,完全落入,1.0,女,結婚,國小以下,不同性別,0
113,,25,萬里區,25～29歲,25,29,完全落入,1.0,女,結婚,國小以下,相同性別,0
113,,25,萬里區,25～29歲,25,29,完全落入,1.0,女,結婚,大學,不同性別,12
113,,25,萬里區,25～29歲,25,29,完全落入,1.0,女,結婚,大學,相同性別,0
113,,25,萬里區,25～29歲,25,29,完全落入,1.0,女,結婚,專科,不同性別,0
113,,25,萬里區,25～29歲,25,29,完全落入,1.0,女,結婚,專科,相同性別,0
113,,25,萬里區,25～29歲,25,29,完全落入,1.0,女,結婚,碩士,不同性別,0
113,,25,萬里區,25～29歲,25,29,完全落入,1.0,女,結婚,碩士,相同性別,0
113,,25,萬里區,25～29歲,25,29,完全落入,1.0,女,結婚,高中職,不同性別,5
113,,25,萬里區,25～29歲,25,29,完全落入,1.0,女,結婚,高中職,相同性別,0
113,,25,萬里區,25～29歲,25,29,完全落入,1.0,男,結婚,博士,不同性別,0
113,,25,萬里區,25～29歲,25,29,完全落入,1.0,男,結婚,博士,相同性別,0
113,,25,萬里區,25～29歲,25,29,完全落入,1.0,男,結婚,國中,不同性別,5
113,,25,萬里區,25～29歲,25,29,完全落入,1.0,男,結婚,國中,相同性別,0
113,,25,萬里區,25～29歲,25,29,完全落入,1.0,男,結婚,國小以下,不同性別,0
113,,25,萬里區,25～29歲,25,29,完全落入,1.0,男,結婚,國小以下,相同性別,0
113,,25,萬里區,25～29歲,25,29,完全落入,1.0,男,結婚,大學,不同性別,6
113,,25,萬里區,25～29歲,25,29,完全落入,1.0,男,結婚,大學,相同性別,0
113,,25,萬里區,25～29歲,25,29,完全落入,1.0,男,結婚,專科,不同性別,0
113,,25,萬里區,25～29歲,25,29,完全落入,1.0,男,結婚,專科,相同性別,0
113,,25,萬里區,25～29歲,25,29,完全落入,1.0,男,結婚,碩士,不同性別,2
113,,25,萬里區,25～29歲,25,29,完全落入,1.0,男,結婚,碩士,相同性別,0
113,,25,萬里區,25～29歲,25,29,完全落入,1.0,男,結婚,高中職,不同性別,6
113,,25,萬里區,25～29歲,25,29,完全落入,1.0,男,結婚,高中職,相同性別,0
113,,25,萬里區,30～34歲,30,34,完全落入,1.0,女,結婚,博士,不同性別,0
113,,25,萬里區,30～34歲,30,34,完全落入,1.0,女,結婚,博士,相同性別,0
113,,25,萬里區,30～34歲,30,34,完全落入,1.0,女,結婚,國中,不同性別,0
113,,25,萬里區,30～34歲,30,34,完全落入,1.0,女,結婚,國中,相同性別,0
113,,25,萬里區,30～34歲,30,34,完全落入,1.0,女,結婚,國小以下,不同性別,0
113,,25,萬里區,30～34歲,30,34,完全落入,1.0,女,結婚,國小以下,相同性別,0
113,,25,萬里區,30～34歲,30,34,完全落入,1.0,女,結婚,大學,不同性別,10
113,,25,萬里區,30～34歲,30,34,完全落入,1.0,女,結婚,大學,相同性別,1
113,,25,萬里區,30～34歲,30,34,完全落入,1.0,女,結婚,專科,不同性別,1
113,,25,萬里區,30～34歲,30,34,完全落入,1.0,女,結婚,專科,相同性別,0
113,,25,萬里區,30～34歲,30,34,完全落入,1.0,女,結婚,碩士,不同性別,1
113,,25,萬里區,30～34歲,30,34,完全落入,1.0,女,結婚,碩士,相同性別,0
113,,25,萬里區,30～34歲,30,34,完全落入,1.0,女,結婚,高中職,不同性別,3
113,,25,萬里區,30～34歲,30,34,完全落入,1.0,女,結婚,高中職,相同性別,0
113,,25,萬里區,30～34歲,30,34,完全落入,1.0,男,結婚,博士,不同性別,0
113,,25,萬里區,30～34歲,30,34,完全落入,1.0,男,結婚,博士,相同性別,0
113,,25,萬里區,30～34歲,30,34,完全落入,1.0,男,結婚,國中,不同性別,1
113,,25,萬里區,30～34歲,30,34,完全落入,1.0,男,結婚,國中,相同性別,0
113,,25,萬里區,30～34歲,30,34,完全落入,1.0,男,結婚,國小以下,不同性別,0
113,,25,萬里區,30～34歲,30,34,完全落入,1.0,男,結婚,國小以下,相同性別,0
113,,25,萬里區,30～34歲,30,34,完全落入,1.0,男,結婚,大學,不同性別,8
113,,25,萬里區,30～34歲,30,34,完全落入,1.0,男,結婚,大學,相同性別,0
113,,25,萬里區,30～34歲,30,34,完全落入,1.0,男,結婚,專科,不同性別,0
113,,25,萬里區,30～34歲,30,34,完全落入,1.0,男,結婚,專科,相同性別,0
113,,25,萬里區,30～34歲,30,34,完全落入,1.0,男,結婚,碩士,不同性別,3
113,,25,萬里區,30～34歲,30,34,完全落入,1.0,男,結婚,碩士,相同性別,0
113,,25,萬里區,30～34歲,30,34,完全落入,1.0,男,結婚,高中職,不同性別,2
113,,25,萬里區,30～34歲,30,34,完全落入,1.0,男,結婚,高中職,相同性別,0
113,,25,萬里區,35～39歲,35,39,部分重疊,0.2,女,結婚,博士,不同性別,0
113,,25,萬里區,35～39歲,35,39,部分重疊,0.2,女,結婚,博士,相同性別,0
113,,25,萬里區,35～39歲,35,39,部分重疊,0.2,女,結婚,國中,不同性別,1
113,,25,萬里區,35～39歲,35,39,部分重疊,0.2,女,結婚,國中,相同性別,1
113,,25,萬里區,35～39歲,35,39,部分重疊,0.2,女,結婚,國小以下,不同性別,1
113,,25,萬里區,35～39歲,35,39,部分重疊,0.2,女,結婚,國小以下,相同性別,0
113,,25,萬里區,35～39歲,35,39,部分重疊,0.2,女,結婚,大學,不同性別,3
113,,25,萬里區,35～39歲,35,39,部分重疊,0.2,女,結婚,大學,相同性別,0
113,,25,萬里區,35～39歲,35,39,部分重疊,0.2,女,結婚,專科,不同性別,0
113,,25,萬里區,35～39歲,35,39,部分重疊,0.2,女,結婚,專科,相同性別,0
113,,25,萬里區,35～39歲,35,39,部分重疊,0.2,女,結婚,碩士,不同性別,1
113,,25,萬里區,35～39歲,35,39,部分重疊,0.2,女,結婚,碩士,相同性別,0
113,,25,萬里區,35～39歲,35,39,部分重疊,0.2,女,結婚,高中職,不同性別,1
113,,25,萬里區,35～39歲,35,39,部分重疊,0.2,女,結婚,高中職,相同性別,0
113,,25,萬里區,35～39歲,35,39,部分重疊,0.2,男,結婚,博士,不同性別,0
113,,25,萬里區,35～39歲,35,39,部分重疊,0.2,男,結婚,博士,相同性別,0
113,,25,萬里區,35～39歲,35,39,部分重疊,0.2,男,結婚,國中,不同性別,0
113,,25,萬里區,35～39歲,35,39,部分重疊,0.2,男,結婚,國中,相同性別,0
113,,25,萬里區,35～39歲,35,39,部分重疊,0.2,男,結婚,國小以下,不同性別,1
113,,25,萬里區,35～39歲,35,39,部分重疊,0.2,男,結婚,國小以下,相同性別,0
113,,25,萬里區,35～39歲,35,39,部分重疊,0.2,男,結婚,大學,不同性別,3
113,,25,萬里區,35～39歲,35,39,部分重疊,0.2,男,結婚,大學,相同性別,0
113,,25,萬里區,35～39歲,35,39,部分重疊,0.2,男,結婚,專科,不同性別,0
113,,25,萬里區,35～39歲,35,39,部分重疊,0.2,男,結婚,專科,相同性別,0
113,,25,萬里區,35～39歲,35,39,部分重疊,0.2,男,結婚,碩士,不同性別,1
113,,25,萬里區,35～39歲,35,39,部分重疊,0.2,男,結婚,碩士,相同性別,0
113,,25,萬里區,35～39歲,35,39,部分重疊,0.2,男,結婚,高中職,不同性別,1
113,,25,萬里區,35～39歲,35,39,部分重疊,0.2,男,結婚,高中職,相同性別,0
113,,25,萬里區,40～44歲,40,44,不相關,0.0,女,結婚,博士,不同性別,0
113,,25,萬里區,40～44歲,40,44,不相關,0.0,女,結婚,博士,相同性別,0
113,,25,萬里區,40～44歲,40,44,不相關,0.0,女,結婚,國中,不同性別,2
113,,25,萬里區,40～44歲,40,44,不相關,0.0,女,結婚,國中,相同性別,0
113,,25,萬里區,40～44歲,40,44,不相關,0.0,女,結婚,國小以下,不同性別,0
113,,25,萬里區,40～44歲,40,44,不相關,0.0,女,結婚,國小以下,相同性別,0
113,,25,萬里區,40～44歲,40,44,不相關,0.0,女,結婚,大學,不同性別,1
113,,25,萬里區,40～44歲,40,44,不相關,0.0,女,結婚,大學,相同性別,0
113,,25,萬里區,40～44歲,40,44,不相關,0.0,女,結婚,專科,不同性別,0
113,,25,萬里區,40～44歲,40,44,不相關,0.0,女,結婚,專科,相同性別,1
113,,25,萬里區,40～44歲,40,44,不相關,0.0,女,結婚,碩士,不同性別,0
113,,25,萬里區,40～44歲,40,44,不相關,0.0,女,結婚,碩士,相同性別,0
113,,25,萬里區,40～44歲,40,44,不相關,0.0,女,結婚,高中職,不同性別,0
113,,25,萬里區,40～44歲,40,44,不相關,0.0,女,結婚,高中職,相同性別,0
113,,25,萬里區,40～44歲,40,44,不相關,0.0,男,結婚,博士,不同性別,0
113,,25,萬里區,40～44歲,40,44,不相關,0.0,男,結婚,博士,相同性別,0
113,,25,萬里區,40～44歲,40,44,不相關,0.0,男,結婚,國中,不同性別,3
113,,25,萬里區,40～44歲,40,44,不相關,0.0,男,結婚,國中,相同性別,0
113,,25,萬里區,40～44歲,40,44,不相關,0.0,男,結婚,國小以下,不同性別,1
113,,25,萬里區,40～44歲,40,44,不相關,0.0,男,結婚,國小以下,相同性別,0
113,,25,萬里區,40～44歲,40,44,不相關,0.0,男,結婚,大學,不同性別,0
113,,25,萬里區,40～44歲,40,44,不相關,0.0,男,結婚,大學,相同性別,0
113,,25,萬里區,40～44歲,40,44,不相關,0.0,男,結婚,專科,不同性別,1
113,,25,萬里區,40～44歲,40,44,不相關,0.0,男,結婚,專科,相同性別,0
113,,25,萬里區,40～44歲,40,44,不相關,0.0,男,結婚,碩士,不同性別,0
113,,25,萬里區,40～44歲,40,44,不相關,0.0,男,結婚,碩士,相同性別,0
113,,25,萬里區,40～44歲,40,44,不相關,0.0,男,結婚,高中職,不同性別,5
113,,25,萬里區,40～44歲,40,44,不相關,0.0,男,結婚,高中職,相同性別,0
113,,25,萬里區,45～49歲,45,49,不相關,0.0,女,結婚,博士,不同性別,0
113,,25,萬里區,45～49歲,45,49,不相關,0.0,女,結婚,博士,相同性別,0
113,,25,萬里區,45～49歲,45,49,不相關,0.0,女,結婚,國中,不同性別,3
113,,25,萬里區,45～49歲,45,49,不相關,0.0,女,結婚,國中,相同性別,0
113,,25,萬里區,45～49歲,45,49,不相關,0.0,女,結婚,國小以下,不同性別,0
113,,25,萬里區,45～49歲,45,49,不相關,0.0,女,結婚,國小以下,相同性別,0
113,,25,萬里區,45～49歲,45,49,不相關,0.0,女,結婚,大學,不同性別,0
113,,25,萬里區,45～49歲,45,49,不相關,0.0,女,結婚,大學,相同性別,0
113,,25,萬里區,45～49歲,45,49,不相關,0.0,女,結婚,專科,不同性別,0
113,,25,萬里區,45～49歲,45,49,不相關,0.0,女,結婚,專科,相同性別,0
113,,25,萬里區,45～49歲,45,49,不相關,0.0,女,結婚,碩士,不同性別,0
113,,25,萬里區,45～49歲,45,49,不相關,0.0,女,結婚,碩士,相同性別,0
113,,25,萬里區,45～49歲,45,49,不相關,0.0,女,結婚,高中職,不同性別,5
113,,25,萬里區,45～49歲,45,49,不相關,0.0,女,結婚,高中職,相同性別,0
113,,25,萬里區,45～49歲,45,49,不相關,0.0,男,結婚,博士,不同性別,0
113,,25,萬里區,45～49歲,45,49,不相關,0.0,男,結婚,博士,相同性別,0
113,,25,萬里區,45～49歲,45,49,不相關,0.0,男,結婚,國中,不同性別,1
113,,25,萬里區,45～49歲,45,49,不相關,0.0,男,結婚,國中,相同性別,0
113,,25,萬里區,45～49歲,45,49,不相關,0.0,男,結婚,國小以下,不同性別,0
113,,25,萬里區,45～49歲,45,49,不相關,0.0,男,結婚,國小以下,相同性別,0
113,,25,萬里區,45～49歲,45,49,不相關,0.0,男,結婚,大學,不同性別,0
113,,25,萬里區,45～49歲,45,49,不相關,0.0,男,結婚,大學,相同性別,0
113,,25,萬里區,45～49歲,45,49,不相關,0.0,男,結婚,專科,不同性別,1
113,,25,萬里區,45～49歲,45,49,不相關,0.0,男,結婚,專科,相同性別,0
113,,25,萬里區,45～49歲,45,49,不相關,0.0,男,結婚,碩士,不同性別,0
113,,25,萬里區,45～49歲,45,49,不相關,0.0,男,結婚,碩士,相同性別,0
113,,25,萬里區,45～49歲,45,49,不相關,0.0,男,結婚,高中職,不同性別,3
113,,25,萬里區,45～49歲,45,49,不相關,0.0,男,結婚,高中職,相同性別,0
113,,25,萬里區,50～54歲,50,54,不相關,0.0,女,結婚,博士,不同性別,0
113,,25,萬里區,50～54歲,50,54,不相關,0.0,女,結婚,博士,相同性別,0
113,,25,萬里區,50～54歲,50,54,不相關,0.0,女,結婚,國中,不同性別,1
113,,25,萬里區,50～54歲,50,54,不相關,0.0,女,結婚,國中,相同性別,0
113,,25,萬里區,50～54歲,50,54,不相關,0.0,女,結婚,國小以下,不同性別,1
113,,25,萬里區,50～54歲,50,54,不相關,0.0,女,結婚,國小以下,相同性別,0
113,,25,萬里區,50～54歲,50,54,不相關,0.0,女,結婚,大學,不同性別,0
113,,25,萬里區,50～54歲,50,54,不相關,0.0,女,結婚,大學,相同性別,1
113,,25,萬里區,50～54歲,50,54,不相關,0.0,女,結婚,專科,不同性別,1
113,,25,萬里區,50～54歲,50,54,不相關,0.0,女,結婚,專科,相同性別,0
113,,25,萬里區,50～54歲,50,54,不相關,0.0,女,結婚,碩士,不同性別,0
113,,25,萬里區,50～54歲,50,54,不相關,0.0,女,結婚,碩士,相同性別,0
113,,25,萬里區,50～54歲,50,54,不相關,0.0,女,結婚,高中職,不同性別,1
113,,25,萬里區,50～54歲,50,54,不相關,0.0,女,結婚,高中職,相同性別,0
113,,25,萬里區,50～54歲,50,54,不相關,0.0,男,結婚,博士,不同性別,0
113,,25,萬里區,50～54歲,50,54,不相關,0.0,男,結婚,博士,相同性別,0
113,,25,萬里區,50～54歲,50,54,不相關,0.0,男,結婚,國中,不同性別,2
113,,25,萬里區,50～54歲,50,54,不相關,0.0,男,結婚,國中,相同性別,0
113,,25,萬里區,50～54歲,50,54,不相關,0.0,男,結婚,國小以下,不同性別,0
113,,25,萬里區,50～54歲,50,54,不相關,0.0,男,結婚,國小以下,相同性別,0
113,,25,萬里區,50～54歲,50,54,不相關,0.0,男,結婚,大學,不同性別,0
113,,25,萬里區,50～54歲,50,54,不相關,0.0,男,結婚,大學,相同性別,0
113,,25,萬里區,50～54歲,50,54,不相關,0.0,男,結婚,專科,不同性別,1
113,,25,萬里區,50～54歲,50,54,不相關,0.0,男,結婚,專科,相同性別,0
113,,25,萬里區,50～54歲,50,54,不相關,0.0,男,結婚,碩士,不同性別,0
113,,25,萬里區,50～54歲,50,54,不相關,0.0,男,結婚,碩士,相同性別,1
113,,25,萬里區,50～54歲,50,54,不相關,0.0,男,結婚,高中職,不同性別,2
113,,25,萬里區,50～54歲,50,54,不相關,0.0,男,結婚,高中職,相同性別,0
113,,25,萬里區,55～59歲,55,59,不相關,0.0,女,結婚,博士,不同性別,0
113,,25,萬里區,55～59歲,55,59,不相關,0.0,女,結婚,博士,相同性別,0
113,,25,萬里區,55～59歲,55,59,不相關,0.0,女,結婚,國中,不同性別,1
113,,25,萬里區,55～59歲,55,59,不相關,0.0,女,結婚,國中,相同性別,0
113,,25,萬里區,55～59歲,55,59,不相關,0.0,女,結婚,國小以下,不同性別,0
113,,25,萬里區,55～59歲,55,59,不相關,0.0,女,結婚,國小以下,相同性別,0
113,,25,萬里區,55～59歲,55,59,不相關,0.0,女,結婚,大學,不同性別,0
113,,25,萬里區,55～59歲,55,59,不相關,0.0,女,結婚,大學,相同性別,0
113,,25,萬里區,55～59歲,55,59,不相關,0.0,女,結婚,專科,不同性別,0
113,,25,萬里區,55～59歲,55,59,不相關,0.0,女,結婚,專科,相同性別,0
113,,25,萬里區,55～59歲,55,59,不相關,0.0,女,結婚,碩士,不同性別,0
113,,25,萬里區,55～59歲,55,59,不相關,0.0,女,結婚,碩士,相同性別,0
113,,25,萬里區,55～59歲,55,59,不相關,0.0,女,結婚,高中職,不同性別,0
113,,25,萬里區,55～59歲,55,59,不相關,0.0,女,結婚,高中職,相同性別,0
113,,25,萬里區,55～59歲,55,59,不相關,0.0,男,結婚,博士,不同性別,0
113,,25,萬里區,55～59歲,55,59,不相關,0.0,男,結婚,博士,相同性別,0
113,,25,萬里區,55～59歲,55,59,不相關,0.0,男,結婚,國中,不同性別,0
113,,25,萬里區,55～59歲,55,59,不相關,0.0,男,結婚,國中,相同性別,0
113,,25,萬里區,55～59歲,55,59,不相關,0.0,男,結婚,國小以下,不同性別,0
113,,25,萬里區,55～59歲,55,59,不相關,0.0,男,結婚,國小以下,相同性別,0
113,,25,萬里區,55～59歲,55,59,不相關,0.0,男,結婚,大學,不同性別,0
113,,25,萬里區,55～59歲,55,59,不相關,0.0,男,結婚,大學,相同性別,1
113,,25,萬里區,55～59歲,55,59,不相關,0.0,男,結婚,專科,不同性別,1
113,,25,萬里區,55～59歲,55,59,不相關,0.0,男,結婚,專科,相同性別,0
113,,25,萬里區,55～59歲,55,59,不相關,0.0,男,結婚,碩士,不同性別,0
113,,25,萬里區,55～59歲,55,59,不相關,0.0,男,結婚,碩士,相同性別,0
113,,25,萬里區,55～59歲,55,59,不相關,0.0,男,結婚,高中職,不同性別,2
113,,25,萬里區,55～59歲,55,59,不相關,0.0,男,結婚,高中職,相同性別,0
113,,25,萬里區,60～64歲,60,64,不相關,0.0,女,結婚,博士,不同性別,0
113,,25,萬里區,60～64歲,60,64,不相關,0.0,女,結婚,博士,相同性別,0
113,,25,萬里區,60～64歲,60,64,不相關,0.0,女,結婚,國中,不同性別,2
113,,25,萬里區,60～64歲,60,64,不相關,0.0,女,結婚,國中,相同性別,0
113,,25,萬里區,60～64歲,60,64,不相關,0.0,女,結婚,國小以下,不同性別,0
113,,25,萬里區,60～64歲,60,64,不相關,0.0,女,結婚,國小以下,相同性別,0
113,,25,萬里區,60～64歲,60,64,不相關,0.0,女,結婚,大學,不同性別,1
113,,25,萬里區,60～64歲,60,64,不相關,0.0,女,結婚,大學,相同性別,0
113,,25,萬里區,60～64歲,60,64,不相關,0.0,女,結婚,專科,不同性別,0
113,,25,萬里區,60～64歲,60,64,不相關,0.0,女,結婚,專科,相同性別,0
113,,25,萬里區,60～64歲,60,64,不相關,0.0,女,結婚,碩士,不同性別,0
113,,25,萬里區,60～64歲,60,64,不相關,0.0,女,結婚,碩士,相同性別,0
113,,25,萬里區,60～64歲,60,64,不相關,0.0,女,結婚,高中職,不同性別,0
113,,25,萬里區,60～64歲,60,64,不相關,0.0,女,結婚,高中職,相同性別,0
113,,25,萬里區,60～64歲,60,64,不相關,0.0,男,結婚,博士,不同性別,0
113,,25,萬里區,60～64歲,60,64,不相關,0.0,男,結婚,博士,相同性別,0
113,,25,萬里區,60～64歲,60,64,不相關,0.0,男,結婚,國中,不同性別,0
113,,25,萬里區,60～64歲,60,64,不相關,0.0,男,結婚,國中,相同性別,0
113,,25,萬里區,60～64歲,60,64,不相關,0.0,男,結婚,國小以下,不同性別,0
113,,25,萬里區,60～64歲,60,64,不相關,0.0,男,結婚,國小以下,相同性別,0
113,,25,萬里區,60～64歲,60,64,不相關,0.0,男,結婚,大學,不同性別,0
113,,25,萬里區,60～64歲,60,64,不相關,0.0,男,結婚,大學,相同性別,0
113,,25,萬里區,60～64歲,60,64,不相關,0.0,男,結婚,專科,不同性別,0
113,,25,萬里區,60～64歲,60,64,不相關,0.0,男,結婚,專科,相同性別,0
113,,25,萬里區,60～64歲,60,64,不相關,0.0,男,結婚,碩士,不同性別,0
113,,25,萬里區,60～64歲,60,64,不相關,0.0,男,結婚,碩士,相同性別,0
113,,25,萬里區,60～64歲,60,64,不相關,0.0,男,結婚,高中職,不同性別,1
113,,25,萬里區,60～64歲,60,64,不相關,0.0,男,結婚,高中職,相同性別,0
113,,25,萬里區,65歲以上,65,120,不相關,0.0,女,結婚,博士,不同性別,0
113,,25,萬里區,65歲以上,65,120,不相關,0.0,女,結婚,博士,相同性別,0
113,,25,萬里區,65歲以上,65,120,不相關,0.0,女,結婚,國中,不同性別,0
113,,25,萬里區,65歲以上,65,120,不相關,0.0,女,結婚,國中,相同性別,0
113,,25,萬里區,65歲以上,65,120,不相關,0.0,女,結婚,國小以下,不同性別,1
113,,25,萬里區,65歲以上,65,120,不相關,0.0,女,結婚,國小以下,相同性別,0
113,,25,萬里區,65歲以上,65,120,不相關,0.0,女,結婚,大學,不同性別,0
113,,25,萬里區,65歲以上,65,120,不相關,0.0,女,結婚,大學,相同性別,0
113,,25,萬里區,65歲以上,65,120,不相關,0.0,女,結婚,專科,不同性別,0
113,,25,萬里區,65歲以上,65,120,不相關,0.0,女,結婚,專科,相同性別,0
113,,25,萬里區,65歲以上,65,120,不相關,0.0,女,結婚,碩士,不同性別,0
113,,25,萬里區,65歲以上,65,120,不相關,0.0,女,結婚,碩士,相同性別,0
113,,25,萬里區,65歲以上,65,120,不相關,0.0,女,結婚,高中職,不同性別,0
113,,25,萬里區,65歲以上,65,120,不相關,0.0,女,結婚,高中職,相同性別,0
113,,25,萬里區,65歲以上,65,120,不相關,0.0,男,結婚,博士,不同性別,0
113,,25,萬里區,65歲以上,65,120,不相關,0.0,男,結婚,博士,相同性別,0
113,,25,萬里區,65歲以上,65,120,不相關,0.0,男,結婚,國中,不同性別,2
113,,25,萬里區,65歲以上,65,120,不相關,0.0,男,結婚,國中,相同性別,0
113,,25,萬里區,65歲以上,65,120,不相關,0.0,男,結婚,國小以下,不同性別,1
113,,25,萬里區,65歲以上,65,120,不相關,0.0,男,結婚,國小以下,相同性別,0
113,,25,萬里區,65歲以上,65,120,不相關,0.0,男,結婚,大學,不同性別,0
113,,25,萬里區,65歲以上,65,120,不相關,0.0,男,結婚,大學,相同性別,0
113,,25,萬里區,65歲以上,65,120,不相關,0.0,男,結婚,專科,不同性別,0
113,,25,萬里區,65歲以上,65,120,不相關,0.0,男,結婚,專科,相同性別,0
113,,25,萬里區,65歲以上,65,120,不相關,0.0,男,結婚,碩士,不同性別,0
113,,25,萬里區,65歲以上,65,120,不相關,0.0,男,結婚,碩士,相同性別,0
113,,25,萬里區,65歲以上,65,120,不相關,0.0,男,結婚,高中職,不同性別,1
113,,25,萬里區,65歲以上,65,120,不相關,0.0,男,結婚,高中職,相同性別,0
113,,26,平溪區,未滿15歲,0,14,不相關,0.0,女,結婚,博士,不同性別,0
113,,26,平溪區,未滿15歲,0,14,不相關,0.0,女,結婚,博士,相同性別,0
113,,26,平溪區,未滿15歲,0,14,不相關,0.0,女,結婚,國中,不同性別,0
113,,26,平溪區,未滿15歲,0,14,不相關,0.0,女,結婚,國中,相同性別,0
113,,26,平溪區,未滿15歲,0,14,不相關,0.0,女,結婚,國小以下,不同性別,0
113,,26,平溪區,未滿15歲,0,14,不相關,0.0,女,結婚,國小以下,相同性別,0
113,,26,平溪區,未滿15歲,0,14,不相關,0.0,女,結婚,大學,不同性別,0
113,,26,平溪區,未滿15歲,0,14,不相關,0.0,女,結婚,大學,相同性別,0
113,,26,平溪區,未滿15歲,0,14,不相關,0.0,女,結婚,專科,不同性別,0
113,,26,平溪區,未滿15歲,0,14,不相關,0.0,女,結婚,專科,相同性別,0
113,,26,平溪區,未滿15歲,0,14,不相關,0.0,女,結婚,碩士,不同性別,0
113,,26,平溪區,未滿15歲,0,14,不相關,0.0,女,結婚,碩士,相同性別,0
113,,26,平溪區,未滿15歲,0,14,不相關,0.0,女,結婚,高中職,不同性別,0
113,,26,平溪區,未滿15歲,0,14,不相關,0.0,女,結婚,高中職,相同性別,0
113,,26,平溪區,未滿15歲,0,14,不相關,0.0,男,結婚,博士,不同性別,0
113,,26,平溪區,未滿15歲,0,14,不相關,0.0,男,結婚,博士,相同性別,0
113,,26,平溪區,未滿15歲,0,14,不相關,0.0,男,結婚,國中,不同性別,0
113,,26,平溪區,未滿15歲,0,14,不相關,0.0,男,結婚,國中,相同性別,0
113,,26,平溪區,未滿15歲,0,14,不相關,0.0,男,結婚,國小以下,不同性別,0
113,,26,平溪區,未滿15歲,0,14,不相關,0.0,男,結婚,國小以下,相同性別,0
113,,26,平溪區,未滿15歲,0,14,不相關,0.0,男,結婚,大學,不同性別,0
113,,26,平溪區,未滿15歲,0,14,不相關,0.0,男,結婚,大學,相同性別,0
113,,26,平溪區,未滿15歲,0,14,不相關,0.0,男,結婚,專科,不同性別,0
113,,26,平溪區,未滿15歲,0,14,不相關,0.0,男,結婚,專科,相同性別,0
113,,26,平溪區,未滿15歲,0,14,不相關,0.0,男,結婚,碩士,不同性別,0
113,,26,平溪區,未滿15歲,0,14,不相關,0.0,男,結婚,碩士,相同性別,0
113,,26,平溪區,未滿15歲,0,14,不相關,0.0,男,結婚,高中職,不同性別,0
113,,26,平溪區,未滿15歲,0,14,不相關,0.0,男,結婚,高中職,相同性別,0
113,,26,平溪區,15～19歲,15,19,部分重疊,0.4,女,結婚,博士,不同性別,0
113,,26,平溪區,15～19歲,15,19,部分重疊,0.4,女,結婚,博士,相同性別,0
113,,26,平溪區,15～19歲,15,19,部分重疊,0.4,女,結婚,國中,不同性別,0
113,,26,平溪區,15～19歲,15,19,部分重疊,0.4,女,結婚,國中,相同性別,0
113,,26,平溪區,15～19歲,15,19,部分重疊,0.4,女,結婚,國小以下,不同性別,0
113,,26,平溪區,15～19歲,15,19,部分重疊,0.4,女,結婚,國小以下,相同性別,0
113,,26,平溪區,15～19歲,15,19,部分重疊,0.4,女,結婚,大學,不同性別,0
113,,26,平溪區,15～19歲,15,19,部分重疊,0.4,女,結婚,大學,相同性別,0
113,,26,平溪區,15～19歲,15,19,部分重疊,0.4,女,結婚,專科,不同性別,0
113,,26,平溪區,15～19歲,15,19,部分重疊,0.4,女,結婚,專科,相同性別,0
113,,26,平溪區,15～19歲,15,19,部分重疊,0.4,女,結婚,碩士,不同性別,0
113,,26,平溪區,15～19歲,15,19,部分重疊,0.4,女,結婚,碩士,相同性別,0
113,,26,平溪區,15～19歲,15,19,部分重疊,0.4,女,結婚,高中職,不同性別,0
113,,26,平溪區,15～19歲,15,19,部分重疊,0.4,女,結婚,高中職,相同性別,0
113,,26,平溪區,15～19歲,15,19,部分重疊,0.4,男,結婚,博士,不同性別,0
113,,26,平溪區,15～19歲,15,19,部分重疊,0.4,男,結婚,博士,相同性別,0
113,,26,平溪區,15～19歲,15,19,部分重疊,0.4,男,結婚,國中,不同性別,0
113,,26,平溪區,15～19歲,15,19,部分重疊,0.4,男,結婚,國中,相同性別,0
113,,26,平溪區,15～19歲,15,19,部分重疊,0.4,男,結婚,國小以下,不同性別,0
113,,26,平溪區,15～19歲,15,19,部分重疊,0.4,男,結婚,國小以下,相同性別,0
113,,26,平溪區,15～19歲,15,19,部分重疊,0.4,男,結婚,大學,不同性別,0
113,,26,平溪區,15～19歲,15,19,部分重疊,0.4,男,結婚,大學,相同性別,0
113,,26,平溪區,15～19歲,15,19,部分重疊,0.4,男,結婚,專科,不同性別,0
113,,26,平溪區,15～19歲,15,19,部分重疊,0.4,男,結婚,專科,相同性別,0
113,,26,平溪區,15～19歲,15,19,部分重疊,0.4,男,結婚,碩士,不同性別,0
113,,26,平溪區,15～19歲,15,19,部分重疊,0.4,男,結婚,碩士,相同性別,0
113,,26,平溪區,15～19歲,15,19,部分重疊,0.4,男,結婚,高中職,不同性別,0
113,,26,平溪區,15～19歲,15,19,部分重疊,0.4,男,結婚,高中職,相同性別,0
113,,26,平溪區,20～24歲,20,24,完全落入,1.0,女,結婚,博士,不同性別,0
113,,26,平溪區,20～24歲,20,24,完全落入,1.0,女,結婚,博士,相同性別,0
113,,26,平溪區,20～24歲,20,24,完全落入,1.0,女,結婚,國中,不同性別,2
113,,26,平溪區,20～24歲,20,24,完全落入,1.0,女,結婚,國中,相同性別,0
113,,26,平溪區,20～24歲,20,24,完全落入,1.0,女,結婚,國小以下,不同性別,0
113,,26,平溪區,20～24歲,20,24,完全落入,1.0,女,結婚,國小以下,相同性別,0
113,,26,平溪區,20～24歲,20,24,完全落入,1.0,女,結婚,大學,不同性別,1
113,,26,平溪區,20～24歲,20,24,完全落入,1.0,女,結婚,大學,相同性別,0
113,,26,平溪區,20～24歲,20,24,完全落入,1.0,女,結婚,專科,不同性別,0
113,,26,平溪區,20～24歲,20,24,完全落入,1.0,女,結婚,專科,相同性別,0
113,,26,平溪區,20～24歲,20,24,完全落入,1.0,女,結婚,碩士,不同性別,0
113,,26,平溪區,20～24歲,20,24,完全落入,1.0,女,結婚,碩士,相同性別,0
113,,26,平溪區,20～24歲,20,24,完全落入,1.0,女,結婚,高中職,不同性別,1
113,,26,平溪區,20～24歲,20,24,完全落入,1.0,女,結婚,高中職,相同性別,0
113,,26,平溪區,20～24歲,20,24,完全落入,1.0,男,結婚,博士,不同性別,0
113,,26,平溪區,20～24歲,20,24,完全落入,1.0,男,結婚,博士,相同性別,0
113,,26,平溪區,20～24歲,20,24,完全落入,1.0,男,結婚,國中,不同性別,0
113,,26,平溪區,20～24歲,20,24,完全落入,1.0,男,結婚,國中,相同性別,0
113,,26,平溪區,20～24歲,20,24,完全落入,1.0,男,結婚,國小以下,不同性別,0
113,,26,平溪區,20～24歲,20,24,完全落入,1.0,男,結婚,國小以下,相同性別,0
113,,26,平溪區,20～24歲,20,24,完全落入,1.0,男,結婚,大學,不同性別,0
113,,26,平溪區,20～24歲,20,24,完全落入,1.0,男,結婚,大學,相同性別,0
113,,26,平溪區,20～24歲,20,24,完全落入,1.0,男,結婚,專科,不同性別,0
113,,26,平溪區,20～24歲,20,24,完全落入,1.0,男,結婚,專科,相同性別,0
113,,26,平溪區,20～24歲,20,24,完全落入,1.0,男,結婚,碩士,不同性別,0
113,,26,平溪區,20～24歲,20,24,完全落入,1.0,男,結婚,碩士,相同性別,0
113,,26,平溪區,20～24歲,20,24,完全落入,1.0,男,結婚,高中職,不同性別,0
113,,26,平溪區,20～24歲,20,24,完全落入,1.0,男,結婚,高中職,相同性別,0
113,,26,平溪區,25～29歲,25,29,完全落入,1.0,女,結婚,博士,不同性別,0
113,,26,平溪區,25～29歲,25,29,完全落入,1.0,女,結婚,博士,相同性別,0
113,,26,平溪區,25～29歲,25,29,完全落入,1.0,女,結婚,國中,不同性別,0
113,,26,平溪區,25～29歲,25,29,完全落入,1.0,女,結婚,國中,相同性別,0
113,,26,平溪區,25～29歲,25,29,完全落入,1.0,女,結婚,國小以下,不同性別,0
113,,26,平溪區,25～29歲,25,29,完全落入,1.0,女,結婚,國小以下,相同性別,0
113,,26,平溪區,25～29歲,25,29,完全落入,1.0,女,結婚,大學,不同性別,2
113,,26,平溪區,25～29歲,25,29,完全落入,1.0,女,結婚,大學,相同性別,0
113,,26,平溪區,25～29歲,25,29,完全落入,1.0,女,結婚,專科,不同性別,0
113,,26,平溪區,25～29歲,25,29,完全落入,1.0,女,結婚,專科,相同性別,0
113,,26,平溪區,25～29歲,25,29,完全落入,1.0,女,結婚,碩士,不同性別,0
113,,26,平溪區,25～29歲,25,29,完全落入,1.0,女,結婚,碩士,相同性別,0
113,,26,平溪區,25～29歲,25,29,完全落入,1.0,女,結婚,高中職,不同性別,0
113,,26,平溪區,25～29歲,25,29,完全落入,1.0,女,結婚,高中職,相同性別,0
113,,26,平溪區,25～29歲,25,29,完全落入,1.0,男,結婚,博士,不同性別,0
113,,26,平溪區,25～29歲,25,29,完全落入,1.0,男,結婚,博士,相同性別,0
113,,26,平溪區,25～29歲,25,29,完全落入,1.0,男,結婚,國中,不同性別,0
113,,26,平溪區,25～29歲,25,29,完全落入,1.0,男,結婚,國中,相同性別,0
113,,26,平溪區,25～29歲,25,29,完全落入,1.0,男,結婚,國小以下,不同性別,0
113,,26,平溪區,25～29歲,25,29,完全落入,1.0,男,結婚,國小以下,相同性別,0
113,,26,平溪區,25～29歲,25,29,完全落入,1.0,男,結婚,大學,不同性別,1
113,,26,平溪區,25～29歲,25,29,完全落入,1.0,男,結婚,大學,相同性別,0
113,,26,平溪區,25～29歲,25,29,完全落入,1.0,男,結婚,專科,不同性別,1
113,,26,平溪區,25～29歲,25,29,完全落入,1.0,男,結婚,專科,相同性別,0
113,,26,平溪區,25～29歲,25,29,完全落入,1.0,男,結婚,碩士,不同性別,0
113,,26,平溪區,25～29歲,25,29,完全落入,1.0,男,結婚,碩士,相同性別,0
113,,26,平溪區,25～29歲,25,29,完全落入,1.0,男,結婚,高中職,不同性別,0
113,,26,平溪區,25～29歲,25,29,完全落入,1.0,男,結婚,高中職,相同性別,0
113,,26,平溪區,30～34歲,30,34,完全落入,1.0,女,結婚,博士,不同性別,0
113,,26,平溪區,30～34歲,30,34,完全落入,1.0,女,結婚,博士,相同性別,0
113,,26,平溪區,30～34歲,30,34,完全落入,1.0,女,結婚,國中,不同性別,1
113,,26,平溪區,30～34歲,30,34,完全落入,1.0,女,結婚,國中,相同性別,0
113,,26,平溪區,30～34歲,30,34,完全落入,1.0,女,結婚,國小以下,不同性別,0
113,,26,平溪區,30～34歲,30,34,完全落入,1.0,女,結婚,國小以下,相同性別,0
113,,26,平溪區,30～34歲,30,34,完全落入,1.0,女,結婚,大學,不同性別,2
113,,26,平溪區,30～34歲,30,34,完全落入,1.0,女,結婚,大學,相同性別,0
113,,26,平溪區,30～34歲,30,34,完全落入,1.0,女,結婚,專科,不同性別,1
113,,26,平溪區,30～34歲,30,34,完全落入,1.0,女,結婚,專科,相同性別,0
113,,26,平溪區,30～34歲,30,34,完全落入,1.0,女,結婚,碩士,不同性別,0
113,,26,平溪區,30～34歲,30,34,完全落入,1.0,女,結婚,碩士,相同性別,0
113,,26,平溪區,30～34歲,30,34,完全落入,1.0,女,結婚,高中職,不同性別,1
113,,26,平溪區,30～34歲,30,34,完全落入,1.0,女,結婚,高中職,相同性別,0
113,,26,平溪區,30～34歲,30,34,完全落入,1.0,男,結婚,博士,不同性別,0
113,,26,平溪區,30～34歲,30,34,完全落入,1.0,男,結婚,博士,相同性別,0
113,,26,平溪區,30～34歲,30,34,完全落入,1.0,男,結婚,國中,不同性別,2
113,,26,平溪區,30～34歲,30,34,完全落入,1.0,男,結婚,國中,相同性別,0
113,,26,平溪區,30～34歲,30,34,完全落入,1.0,男,結婚,國小以下,不同性別,0
113,,26,平溪區,30～34歲,30,34,完全落入,1.0,男,結婚,國小以下,相同性別,0
113,,26,平溪區,30～34歲,30,34,完全落入,1.0,男,結婚,大學,不同性別,2
113,,26,平溪區,30～34歲,30,34,完全落入,1.0,男,結婚,大學,相同性別,0
113,,26,平溪區,30～34歲,30,34,完全落入,1.0,男,結婚,專科,不同性別,0
113,,26,平溪區,30～34歲,30,34,完全落入,1.0,男,結婚,專科,相同性別,0
113,,26,平溪區,30～34歲,30,34,完全落入,1.0,男,結婚,碩士,不同性別,0
113,,26,平溪區,30～34歲,30,34,完全落入,1.0,男,結婚,碩士,相同性別,0
113,,26,平溪區,30～34歲,30,34,完全落入,1.0,男,結婚,高中職,不同性別,2
113,,26,平溪區,30～34歲,30,34,完全落入,1.0,男,結婚,高中職,相同性別,0
113,,26,平溪區,35～39歲,35,39,部分重疊,0.2,女,結婚,博士,不同性別,0
113,,26,平溪區,35～39歲,35,39,部分重疊,0.2,女,結婚,博士,相同性別,0
113,,26,平溪區,35～39歲,35,39,部分重疊,0.2,女,結婚,國中,不同性別,1
113,,26,平溪區,35～39歲,35,39,部分重疊,0.2,女,結婚,國中,相同性別,0
113,,26,平溪區,35～39歲,35,39,部分重疊,0.2,女,結婚,國小以下,不同性別,1
113,,26,平溪區,35～39歲,35,39,部分重疊,0.2,女,結婚,國小以下,相同性別,0
113,,26,平溪區,35～39歲,35,39,部分重疊,0.2,女,結婚,大學,不同性別,0
113,,26,平溪區,35～39歲,35,39,部分重疊,0.2,女,結婚,大學,相同性別,0
113,,26,平溪區,35～39歲,35,39,部分重疊,0.2,女,結婚,專科,不同性別,0
113,,26,平溪區,35～39歲,35,39,部分重疊,0.2,女,結婚,專科,相同性別,0
113,,26,平溪區,35～39歲,35,39,部分重疊,0.2,女,結婚,碩士,不同性別,0
113,,26,平溪區,35～39歲,35,39,部分重疊,0.2,女,結婚,碩士,相同性別,0
113,,26,平溪區,35～39歲,35,39,部分重疊,0.2,女,結婚,高中職,不同性別,0
113,,26,平溪區,35～39歲,35,39,部分重疊,0.2,女,結婚,高中職,相同性別,0
113,,26,平溪區,35～39歲,35,39,部分重疊,0.2,男,結婚,博士,不同性別,0
113,,26,平溪區,35～39歲,35,39,部分重疊,0.2,男,結婚,博士,相同性別,0
113,,26,平溪區,35～39歲,35,39,部分重疊,0.2,男,結婚,國中,不同性別,1
113,,26,平溪區,35～39歲,35,39,部分重疊,0.2,男,結婚,國中,相同性別,0
113,,26,平溪區,35～39歲,35,39,部分重疊,0.2,男,結婚,國小以下,不同性別,0
113,,26,平溪區,35～39歲,35,39,部分重疊,0.2,男,結婚,國小以下,相同性別,0
113,,26,平溪區,35～39歲,35,39,部分重疊,0.2,男,結婚,大學,不同性別,0
113,,26,平溪區,35～39歲,35,39,部分重疊,0.2,男,結婚,大學,相同性別,0
113,,26,平溪區,35～39歲,35,39,部分重疊,0.2,男,結婚,專科,不同性別,0
113,,26,平溪區,35～39歲,35,39,部分重疊,0.2,男,結婚,專科,相同性別,0
113,,26,平溪區,35～39歲,35,39,部分重疊,0.2,男,結婚,碩士,不同性別,0
113,,26,平溪區,35～39歲,35,39,部分重疊,0.2,男,結婚,碩士,相同性別,0
113,,26,平溪區,35～39歲,35,39,部分重疊,0.2,男,結婚,高中職,不同性別,1
113,,26,平溪區,35～39歲,35,39,部分重疊,0.2,男,結婚,高中職,相同性別,0
113,,26,平溪區,40～44歲,40,44,不相關,0.0,女,結婚,博士,不同性別,0
113,,26,平溪區,40～44歲,40,44,不相關,0.0,女,結婚,博士,相同性別,0
113,,26,平溪區,40～44歲,40,44,不相關,0.0,女,結婚,國中,不同性別,0
113,,26,平溪區,40～44歲,40,44,不相關,0.0,女,結婚,國中,相同性別,0
113,,26,平溪區,40～44歲,40,44,不相關,0.0,女,結婚,國小以下,不同性別,0
113,,26,平溪區,40～44歲,40,44,不相關,0.0,女,結婚,國小以下,相同性別,0
113,,26,平溪區,40～44歲,40,44,不相關,0.0,女,結婚,大學,不同性別,0
113,,26,平溪區,40～44歲,40,44,不相關,0.0,女,結婚,大學,相同性別,0
113,,26,平溪區,40～44歲,40,44,不相關,0.0,女,結婚,專科,不同性別,0
113,,26,平溪區,40～44歲,40,44,不相關,0.0,女,結婚,專科,相同性別,0
113,,26,平溪區,40～44歲,40,44,不相關,0.0,女,結婚,碩士,不同性別,0
113,,26,平溪區,40～44歲,40,44,不相關,0.0,女,結婚,碩士,相同性別,0
113,,26,平溪區,40～44歲,40,44,不相關,0.0,女,結婚,高中職,不同性別,0
113,,26,平溪區,40～44歲,40,44,不相關,0.0,女,結婚,高中職,相同性別,0
113,,26,平溪區,40～44歲,40,44,不相關,0.0,男,結婚,博士,不同性別,0
113,,26,平溪區,40～44歲,40,44,不相關,0.0,男,結婚,博士,相同性別,0
113,,26,平溪區,40～44歲,40,44,不相關,0.0,男,結婚,國中,不同性別,0
113,,26,平溪區,40～44歲,40,44,不相關,0.0,男,結婚,國中,相同性別,0
113,,26,平溪區,40～44歲,40,44,不相關,0.0,男,結婚,國小以下,不同性別,0
113,,26,平溪區,40～44歲,40,44,不相關,0.0,男,結婚,國小以下,相同性別,0
113,,26,平溪區,40～44歲,40,44,不相關,0.0,男,結婚,大學,不同性別,0
113,,26,平溪區,40～44歲,40,44,不相關,0.0,男,結婚,大學,相同性別,0
113,,26,平溪區,40～44歲,40,44,不相關,0.0,男,結婚,專科,不同性別,0
113,,26,平溪區,40～44歲,40,44,不相關,0.0,男,結婚,專科,相同性別,0
113,,26,平溪區,40～44歲,40,44,不相關,0.0,男,結婚,碩士,不同性別,0
113,,26,平溪區,40～44歲,40,44,不相關,0.0,男,結婚,碩士,相同性別,0
113,,26,平溪區,40～44歲,40,44,不相關,0.0,男,結婚,高中職,不同性別,1
113,,26,平溪區,40～44歲,40,44,不相關,0.0,男,結婚,高中職,相同性別,0
113,,26,平溪區,45～49歲,45,49,不相關,0.0,女,結婚,博士,不同性別,0
113,,26,平溪區,45～49歲,45,49,不相關,0.0,女,結婚,博士,相同性別,0
113,,26,平溪區,45～49歲,45,49,不相關,0.0,女,結婚,國中,不同性別,0
113,,26,平溪區,45～49歲,45,49,不相關,0.0,女,結婚,國中,相同性別,0
113,,26,平溪區,45～49歲,45,49,不相關,0.0,女,結婚,國小以下,不同性別,0
113,,26,平溪區,45～49歲,45,49,不相關,0.0,女,結婚,國小以下,相同性別,0
113,,26,平溪區,45～49歲,45,49,不相關,0.0,女,結婚,大學,不同性別,0
113,,26,平溪區,45～49歲,45,49,不相關,0.0,女,結婚,大學,相同性別,0
113,,26,平溪區,45～49歲,45,49,不相關,0.0,女,結婚,專科,不同性別,0
113,,26,平溪區,45～49歲,45,49,不相關,0.0,女,結婚,專科,相同性別,0
113,,26,平溪區,45～49歲,45,49,不相關,0.0,女,結婚,碩士,不同性別,0
113,,26,平溪區,45～49歲,45,49,不相關,0.0,女,結婚,碩士,相同性別,0
113,,26,平溪區,45～49歲,45,49,不相關,0.0,女,結婚,高中職,不同性別,0
113,,26,平溪區,45～49歲,45,49,不相關,0.0,女,結婚,高中職,相同性別,0
113,,26,平溪區,45～49歲,45,49,不相關,0.0,男,結婚,博士,不同性別,0
113,,26,平溪區,45～49歲,45,49,不相關,0.0,男,結婚,博士,相同性別,0
113,,26,平溪區,45～49歲,45,49,不相關,0.0,男,結婚,國中,不同性別,1
113,,26,平溪區,45～49歲,45,49,不相關,0.0,男,結婚,國中,相同性別,0
113,,26,平溪區,45～49歲,45,49,不相關,0.0,男,結婚,國小以下,不同性別,0
113,,26,平溪區,45～49歲,45,49,不相關,0.0,男,結婚,國小以下,相同性別,0
113,,26,平溪區,45～49歲,45,49,不相關,0.0,男,結婚,大學,不同性別,0
113,,26,平溪區,45～49歲,45,49,不相關,0.0,男,結婚,大學,相同性別,0
113,,26,平溪區,45～49歲,45,49,不相關,0.0,男,結婚,專科,不同性別,1
113,,26,平溪區,45～49歲,45,49,不相關,0.0,男,結婚,專科,相同性別,0
113,,26,平溪區,45～49歲,45,49,不相關,0.0,男,結婚,碩士,不同性別,0
113,,26,平溪區,45～49歲,45,49,不相關,0.0,男,結婚,碩士,相同性別,0
113,,26,平溪區,45～49歲,45,49,不相關,0.0,男,結婚,高中職,不同性別,0
113,,26,平溪區,45～49歲,45,49,不相關,0.0,男,結婚,高中職,相同性別,0
113,,26,平溪區,50～54歲,50,54,不相關,0.0,女,結婚,博士,不同性別,0
113,,26,平溪區,50～54歲,50,54,不相關,0.0,女,結婚,博士,相同性別,0
113,,26,平溪區,50～54歲,50,54,不相關,0.0,女,結婚,國中,不同性別,0
113,,26,平溪區,50～54歲,50,54,不相關,0.0,女,結婚,國中,相同性別,0
113,,26,平溪區,50～54歲,50,54,不相關,0.0,女,結婚,國小以下,不同性別,1
113,,26,平溪區,50～54歲,50,54,不相關,0.0,女,結婚,國小以下,相同性別,0
113,,26,平溪區,50～54歲,50,54,不相關,0.0,女,結婚,大學,不同性別,1
113,,26,平溪區,50～54歲,50,54,不相關,0.0,女,結婚,大學,相同性別,0
113,,26,平溪區,50～54歲,50,54,不相關,0.0,女,結婚,專科,不同性別,0
113,,26,平溪區,50～54歲,50,54,不相關,0.0,女,結婚,專科,相同性別,0
113,,26,平溪區,50～54歲,50,54,不相關,0.0,女,結婚,碩士,不同性別,0
113,,26,平溪區,50～54歲,50,54,不相關,0.0,女,結婚,碩士,相同性別,0
113,,26,平溪區,50～54歲,50,54,不相關,0.0,女,結婚,高中職,不同性別,0
113,,26,平溪區,50～54歲,50,54,不相關,0.0,女,結婚,高中職,相同性別,0
113,,26,平溪區,50～54歲,50,54,不相關,0.0,男,結婚,博士,不同性別,0
113,,26,平溪區,50～54歲,50,54,不相關,0.0,男,結婚,博士,相同性別,0
113,,26,平溪區,50～54歲,50,54,不相關,0.0,男,結婚,國中,不同性別,0
113,,26,平溪區,50～54歲,50,54,不相關,0.0,男,結婚,國中,相同性別,0
113,,26,平溪區,50～54歲,50,54,不相關,0.0,男,結婚,國小以下,不同性別,0
113,,26,平溪區,50～54歲,50,54,不相關,0.0,男,結婚,國小以下,相同性別,0
113,,26,平溪區,50～54歲,50,54,不相關,0.0,男,結婚,大學,不同性別,0
113,,26,平溪區,50～54歲,50,54,不相關,0.0,男,結婚,大學,相同性別,0
113,,26,平溪區,50～54歲,50,54,不相關,0.0,男,結婚,專科,不同性別,0
113,,26,平溪區,50～54歲,50,54,不相關,0.0,男,結婚,專科,相同性別,0
113,,26,平溪區,50～54歲,50,54,不相關,0.0,男,結婚,碩士,不同性別,0
113,,26,平溪區,50～54歲,50,54,不相關,0.0,男,結婚,碩士,相同性別,0
113,,26,平溪區,50～54歲,50,54,不相關,0.0,男,結婚,高中職,不同性別,1
113,,26,平溪區,50～54歲,50,54,不相關,0.0,男,結婚,高中職,相同性別,0
113,,26,平溪區,55～59歲,55,59,不相關,0.0,女,結婚,博士,不同性別,0
113,,26,平溪區,55～59歲,55,59,不相關,0.0,女,結婚,博士,相同性別,0
113,,26,平溪區,55～59歲,55,59,不相關,0.0,女,結婚,國中,不同性別,0
113,,26,平溪區,55～59歲,55,59,不相關,0.0,女,結婚,國中,相同性別,0
113,,26,平溪區,55～59歲,55,59,不相關,0.0,女,結婚,國小以下,不同性別,0
113,,26,平溪區,55～59歲,55,59,不相關,0.0,女,結婚,國小以下,相同性別,0
113,,26,平溪區,55～59歲,55,59,不相關,0.0,女,結婚,大學,不同性別,0
113,,26,平溪區,55～59歲,55,59,不相關,0.0,女,結婚,大學,相同性別,0
113,,26,平溪區,55～59歲,55,59,不相關,0.0,女,結婚,專科,不同性別,0
113,,26,平溪區,55～59歲,55,59,不相關,0.0,女,結婚,專科,相同性別,0
113,,26,平溪區,55～59歲,55,59,不相關,0.0,女,結婚,碩士,不同性別,0
113,,26,平溪區,55～59歲,55,59,不相關,0.0,女,結婚,碩士,相同性別,0
113,,26,平溪區,55～59歲,55,59,不相關,0.0,女,結婚,高中職,不同性別,0
113,,26,平溪區,55～59歲,55,59,不相關,0.0,女,結婚,高中職,相同性別,0
113,,26,平溪區,55～59歲,55,59,不相關,0.0,男,結婚,博士,不同性別,0
113,,26,平溪區,55～59歲,55,59,不相關,0.0,男,結婚,博士,相同性別,0
113,,26,平溪區,55～59歲,55,59,不相關,0.0,男,結婚,國中,不同性別,0
113,,26,平溪區,55～59歲,55,59,不相關,0.0,男,結婚,國中,相同性別,0
113,,26,平溪區,55～59歲,55,59,不相關,0.0,男,結婚,國小以下,不同性別,0
113,,26,平溪區,55～59歲,55,59,不相關,0.0,男,結婚,國小以下,相同性別,0
113,,26,平溪區,55～59歲,55,59,不相關,0.0,男,結婚,大學,不同性別,0
113,,26,平溪區,55～59歲,55,59,不相關,0.0,男,結婚,大學,相同性別,0
113,,26,平溪區,55～59歲,55,59,不相關,0.0,男,結婚,專科,不同性別,0
113,,26,平溪區,55～59歲,55,59,不相關,0.0,男,結婚,專科,相同性別,0
113,,26,平溪區,55～59歲,55,59,不相關,0.0,男,結婚,碩士,不同性別,0
113,,26,平溪區,55～59歲,55,59,不相關,0.0,男,結婚,碩士,相同性別,0
113,,26,平溪區,55～59歲,55,59,不相關,0.0,男,結婚,高中職,不同性別,0
113,,26,平溪區,55～59歲,55,59,不相關,0.0,男,結婚,高中職,相同性別,0
113,,26,平溪區,60～64歲,60,64,不相關,0.0,女,結婚,博士,不同性別,0
113,,26,平溪區,60～64歲,60,64,不相關,0.0,女,結婚,博士,相同性別,0
113,,26,平溪區,60～64歲,60,64,不相關,0.0,女,結婚,國中,不同性別,0
113,,26,平溪區,60～64歲,60,64,不相關,0.0,女,結婚,國中,相同性別,0
113,,26,平溪區,60～64歲,60,64,不相關,0.0,女,結婚,國小以下,不同性別,0
113,,26,平溪區,60～64歲,60,64,不相關,0.0,女,結婚,國小以下,相同性別,0
113,,26,平溪區,60～64歲,60,64,不相關,0.0,女,結婚,大學,不同性別,0
113,,26,平溪區,60～64歲,60,64,不相關,0.0,女,結婚,大學,相同性別,0
113,,26,平溪區,60～64歲,60,64,不相關,0.0,女,結婚,專科,不同性別,0
113,,26,平溪區,60～64歲,60,64,不相關,0.0,女,結婚,專科,相同性別,0
113,,26,平溪區,60～64歲,60,64,不相關,0.0,女,結婚,碩士,不同性別,0
113,,26,平溪區,60～64歲,60,64,不相關,0.0,女,結婚,碩士,相同性別,0
113,,26,平溪區,60～64歲,60,64,不相關,0.0,女,結婚,高中職,不同性別,0
113,,26,平溪區,60～64歲,60,64,不相關,0.0,女,結婚,高中職,相同性別,0
113,,26,平溪區,60～64歲,60,64,不相關,0.0,男,結婚,博士,不同性別,0
113,,26,平溪區,60～64歲,60,64,不相關,0.0,男,結婚,博士,相同性別,0
113,,26,平溪區,60～64歲,60,64,不相關,0.0,男,結婚,國中,不同性別,0
113,,26,平溪區,60～64歲,60,64,不相關,0.0,男,結婚,國中,相同性別,0
113,,26,平溪區,60～64歲,60,64,不相關,0.0,男,結婚,國小以下,不同性別,0
113,,26,平溪區,60～64歲,60,64,不相關,0.0,男,結婚,國小以下,相同性別,0
113,,26,平溪區,60～64歲,60,64,不相關,0.0,男,結婚,大學,不同性別,0
113,,26,平溪區,60～64歲,60,64,不相關,0.0,男,結婚,大學,相同性別,0
113,,26,平溪區,60～64歲,60,64,不相關,0.0,男,結婚,專科,不同性別,0
113,,26,平溪區,60～64歲,60,64,不相關,0.0,男,結婚,專科,相同性別,0
113,,26,平溪區,60～64歲,60,64,不相關,0.0,男,結婚,碩士,不同性別,0
113,,26,平溪區,60～64歲,60,64,不相關,0.0,男,結婚,碩士,相同性別,0
113,,26,平溪區,60～64歲,60,64,不相關,0.0,男,結婚,高中職,不同性別,1
113,,26,平溪區,60～64歲,60,64,不相關,0.0,男,結婚,高中職,相同性別,0
113,,26,平溪區,65歲以上,65,120,不相關,0.0,女,結婚,博士,不同性別,0
113,,26,平溪區,65歲以上,65,120,不相關,0.0,女,結婚,博士,相同性別,0
113,,26,平溪區,65歲以上,65,120,不相關,0.0,女,結婚,國中,不同性別,0
113,,26,平溪區,65歲以上,65,120,不相關,0.0,女,結婚,國中,相同性別,0
113,,26,平溪區,65歲以上,65,120,不相關,0.0,女,結婚,國小以下,不同性別,0
113,,26,平溪區,65歲以上,65,120,不相關,0.0,女,結婚,國小以下,相同性別,0
113,,26,平溪區,65歲以上,65,120,不相關,0.0,女,結婚,大學,不同性別,0
113,,26,平溪區,65歲以上,65,120,不相關,0.0,女,結婚,大學,相同性別,0
113,,26,平溪區,65歲以上,65,120,不相關,0.0,女,結婚,專科,不同性別,0
113,,26,平溪區,65歲以上,65,120,不相關,0.0,女,結婚,專科,相同性別,0
113,,26,平溪區,65歲以上,65,120,不相關,0.0,女,結婚,碩士,不同性別,0
113,,26,平溪區,65歲以上,65,120,不相關,0.0,女,結婚,碩士,相同性別,0
113,,26,平溪區,65歲以上,65,120,不相關,0.0,女,結婚,高中職,不同性別,0
113,,26,平溪區,65歲以上,65,120,不相關,0.0,女,結婚,高中職,相同性別,0
113,,26,平溪區,65歲以上,65,120,不相關,0.0,男,結婚,博士,不同性別,0
113,,26,平溪區,65歲以上,65,120,不相關,0.0,男,結婚,博士,相同性別,0
113,,26,平溪區,65歲以上,65,120,不相關,0.0,男,結婚,國中,不同性別,0
113,,26,平溪區,65歲以上,65,120,不相關,0.0,男,結婚,國中,相同性別,0
113,,26,平溪區,65歲以上,65,120,不相關,0.0,男,結婚,國小以下,不同性別,0
113,,26,平溪區,65歲以上,65,120,不相關,0.0,男,結婚,國小以下,相同性別,0
113,,26,平溪區,65歲以上,65,120,不相關,0.0,男,結婚,大學,不同性別,0
113,,26,平溪區,65歲以上,65,120,不相關,0.0,男,結婚,大學,相同性別,0
113,,26,平溪區,65歲以上,65,120,不相關,0.0,男,結婚,專科,不同性別,0
113,,26,平溪區,65歲以上,65,120,不相關,0.0,男,結婚,專科,相同性別,0
113,,26,平溪區,65歲以上,65,120,不相關,0.0,男,結婚,碩士,不同性別,0
113,,26,平溪區,65歲以上,65,120,不相關,0.0,男,結婚,碩士,相同性別,0
113,,26,平溪區,65歲以上,65,120,不相關,0.0,男,結婚,高中職,不同性別,0
113,,26,平溪區,65歲以上,65,120,不相關,0.0,男,結婚,高中職,相同性別,0
113,,27,雙溪區,未滿15歲,0,14,不相關,0.0,女,結婚,博士,不同性別,0
113,,27,雙溪區,未滿15歲,0,14,不相關,0.0,女,結婚,博士,相同性別,0
113,,27,雙溪區,未滿15歲,0,14,不相關,0.0,女,結婚,國中,不同性別,0
113,,27,雙溪區,未滿15歲,0,14,不相關,0.0,女,結婚,國中,相同性別,0
113,,27,雙溪區,未滿15歲,0,14,不相關,0.0,女,結婚,國小以下,不同性別,0
113,,27,雙溪區,未滿15歲,0,14,不相關,0.0,女,結婚,國小以下,相同性別,0
113,,27,雙溪區,未滿15歲,0,14,不相關,0.0,女,結婚,大學,不同性別,0
113,,27,雙溪區,未滿15歲,0,14,不相關,0.0,女,結婚,大學,相同性別,0
113,,27,雙溪區,未滿15歲,0,14,不相關,0.0,女,結婚,專科,不同性別,0
113,,27,雙溪區,未滿15歲,0,14,不相關,0.0,女,結婚,專科,相同性別,0
113,,27,雙溪區,未滿15歲,0,14,不相關,0.0,女,結婚,碩士,不同性別,0
113,,27,雙溪區,未滿15歲,0,14,不相關,0.0,女,結婚,碩士,相同性別,0
113,,27,雙溪區,未滿15歲,0,14,不相關,0.0,女,結婚,高中職,不同性別,0
113,,27,雙溪區,未滿15歲,0,14,不相關,0.0,女,結婚,高中職,相同性別,0
113,,27,雙溪區,未滿15歲,0,14,不相關,0.0,男,結婚,博士,不同性別,0
113,,27,雙溪區,未滿15歲,0,14,不相關,0.0,男,結婚,博士,相同性別,0
113,,27,雙溪區,未滿15歲,0,14,不相關,0.0,男,結婚,國中,不同性別,0
113,,27,雙溪區,未滿15歲,0,14,不相關,0.0,男,結婚,國中,相同性別,0
113,,27,雙溪區,未滿15歲,0,14,不相關,0.0,男,結婚,國小以下,不同性別,0
113,,27,雙溪區,未滿15歲,0,14,不相關,0.0,男,結婚,國小以下,相同性別,0
113,,27,雙溪區,未滿15歲,0,14,不相關,0.0,男,結婚,大學,不同性別,0
113,,27,雙溪區,未滿15歲,0,14,不相關,0.0,男,結婚,大學,相同性別,0
113,,27,雙溪區,未滿15歲,0,14,不相關,0.0,男,結婚,專科,不同性別,0
113,,27,雙溪區,未滿15歲,0,14,不相關,0.0,男,結婚,專科,相同性別,0
113,,27,雙溪區,未滿15歲,0,14,不相關,0.0,男,結婚,碩士,不同性別,0
113,,27,雙溪區,未滿15歲,0,14,不相關,0.0,男,結婚,碩士,相同性別,0
113,,27,雙溪區,未滿15歲,0,14,不相關,0.0,男,結婚,高中職,不同性別,0
113,,27,雙溪區,未滿15歲,0,14,不相關,0.0,男,結婚,高中職,相同性別,0
113,,27,雙溪區,15～19歲,15,19,部分重疊,0.4,女,結婚,博士,不同性別,0
113,,27,雙溪區,15～19歲,15,19,部分重疊,0.4,女,結婚,博士,相同性別,0
113,,27,雙溪區,15～19歲,15,19,部分重疊,0.4,女,結婚,國中,不同性別,0
113,,27,雙溪區,15～19歲,15,19,部分重疊,0.4,女,結婚,國中,相同性別,0
113,,27,雙溪區,15～19歲,15,19,部分重疊,0.4,女,結婚,國小以下,不同性別,0
113,,27,雙溪區,15～19歲,15,19,部分重疊,0.4,女,結婚,國小以下,相同性別,0
113,,27,雙溪區,15～19歲,15,19,部分重疊,0.4,女,結婚,大學,不同性別,0
113,,27,雙溪區,15～19歲,15,19,部分重疊,0.4,女,結婚,大學,相同性別,0
113,,27,雙溪區,15～19歲,15,19,部分重疊,0.4,女,結婚,專科,不同性別,0
113,,27,雙溪區,15～19歲,15,19,部分重疊,0.4,女,結婚,專科,相同性別,0
113,,27,雙溪區,15～19歲,15,19,部分重疊,0.4,女,結婚,碩士,不同性別,0
113,,27,雙溪區,15～19歲,15,19,部分重疊,0.4,女,結婚,碩士,相同性別,0
113,,27,雙溪區,15～19歲,15,19,部分重疊,0.4,女,結婚,高中職,不同性別,0
113,,27,雙溪區,15～19歲,15,19,部分重疊,0.4,女,結婚,高中職,相同性別,0
113,,27,雙溪區,15～19歲,15,19,部分重疊,0.4,男,結婚,博士,不同性別,0
113,,27,雙溪區,15～19歲,15,19,部分重疊,0.4,男,結婚,博士,相同性別,0
113,,27,雙溪區,15～19歲,15,19,部分重疊,0.4,男,結婚,國中,不同性別,0
113,,27,雙溪區,15～19歲,15,19,部分重疊,0.4,男,結婚,國中,相同性別,0
113,,27,雙溪區,15～19歲,15,19,部分重疊,0.4,男,結婚,國小以下,不同性別,0
113,,27,雙溪區,15～19歲,15,19,部分重疊,0.4,男,結婚,國小以下,相同性別,0
113,,27,雙溪區,15～19歲,15,19,部分重疊,0.4,男,結婚,大學,不同性別,0
113,,27,雙溪區,15～19歲,15,19,部分重疊,0.4,男,結婚,大學,相同性別,0
113,,27,雙溪區,15～19歲,15,19,部分重疊,0.4,男,結婚,專科,不同性別,0
113,,27,雙溪區,15～19歲,15,19,部分重疊,0.4,男,結婚,專科,相同性別,0
113,,27,雙溪區,15～19歲,15,19,部分重疊,0.4,男,結婚,碩士,不同性別,0
113,,27,雙溪區,15～19歲,15,19,部分重疊,0.4,男,結婚,碩士,相同性別,0
113,,27,雙溪區,15～19歲,15,19,部分重疊,0.4,男,結婚,高中職,不同性別,0
113,,27,雙溪區,15～19歲,15,19,部分重疊,0.4,男,結婚,高中職,相同性別,0
113,,27,雙溪區,20～24歲,20,24,完全落入,1.0,女,結婚,博士,不同性別,0
113,,27,雙溪區,20～24歲,20,24,完全落入,1.0,女,結婚,博士,相同性別,0
113,,27,雙溪區,20～24歲,20,24,完全落入,1.0,女,結婚,國中,不同性別,1
113,,27,雙溪區,20～24歲,20,24,完全落入,1.0,女,結婚,國中,相同性別,0
113,,27,雙溪區,20～24歲,20,24,完全落入,1.0,女,結婚,國小以下,不同性別,0
113,,27,雙溪區,20～24歲,20,24,完全落入,1.0,女,結婚,國小以下,相同性別,0
113,,27,雙溪區,20～24歲,20,24,完全落入,1.0,女,結婚,大學,不同性別,0
113,,27,雙溪區,20～24歲,20,24,完全落入,1.0,女,結婚,大學,相同性別,0
113,,27,雙溪區,20～24歲,20,24,完全落入,1.0,女,結婚,專科,不同性別,0
113,,27,雙溪區,20～24歲,20,24,完全落入,1.0,女,結婚,專科,相同性別,0
113,,27,雙溪區,20～24歲,20,24,完全落入,1.0,女,結婚,碩士,不同性別,0
113,,27,雙溪區,20～24歲,20,24,完全落入,1.0,女,結婚,碩士,相同性別,0
113,,27,雙溪區,20～24歲,20,24,完全落入,1.0,女,結婚,高中職,不同性別,1
113,,27,雙溪區,20～24歲,20,24,完全落入,1.0,女,結婚,高中職,相同性別,0
113,,27,雙溪區,20～24歲,20,24,完全落入,1.0,男,結婚,博士,不同性別,0
113,,27,雙溪區,20～24歲,20,24,完全落入,1.0,男,結婚,博士,相同性別,0
113,,27,雙溪區,20～24歲,20,24,完全落入,1.0,男,結婚,國中,不同性別,2
113,,27,雙溪區,20～24歲,20,24,完全落入,1.0,男,結婚,國中,相同性別,0
113,,27,雙溪區,20～24歲,20,24,完全落入,1.0,男,結婚,國小以下,不同性別,0
113,,27,雙溪區,20～24歲,20,24,完全落入,1.0,男,結婚,國小以下,相同性別,0
113,,27,雙溪區,20～24歲,20,24,完全落入,1.0,男,結婚,大學,不同性別,0
113,,27,雙溪區,20～24歲,20,24,完全落入,1.0,男,結婚,大學,相同性別,0
113,,27,雙溪區,20～24歲,20,24,完全落入,1.0,男,結婚,專科,不同性別,0
113,,27,雙溪區,20～24歲,20,24,完全落入,1.0,男,結婚,專科,相同性別,0
113,,27,雙溪區,20～24歲,20,24,完全落入,1.0,男,結婚,碩士,不同性別,0
113,,27,雙溪區,20～24歲,20,24,完全落入,1.0,男,結婚,碩士,相同性別,0
113,,27,雙溪區,20～24歲,20,24,完全落入,1.0,男,結婚,高中職,不同性別,1
113,,27,雙溪區,20～24歲,20,24,完全落入,1.0,男,結婚,高中職,相同性別,0
113,,27,雙溪區,25～29歲,25,29,完全落入,1.0,女,結婚,博士,不同性別,0
113,,27,雙溪區,25～29歲,25,29,完全落入,1.0,女,結婚,博士,相同性別,0
113,,27,雙溪區,25～29歲,25,29,完全落入,1.0,女,結婚,國中,不同性別,2
113,,27,雙溪區,25～29歲,25,29,完全落入,1.0,女,結婚,國中,相同性別,0
113,,27,雙溪區,25～29歲,25,29,完全落入,1.0,女,結婚,國小以下,不同性別,0
113,,27,雙溪區,25～29歲,25,29,完全落入,1.0,女,結婚,國小以下,相同性別,0
113,,27,雙溪區,25～29歲,25,29,完全落入,1.0,女,結婚,大學,不同性別,8
113,,27,雙溪區,25～29歲,25,29,完全落入,1.0,女,結婚,大學,相同性別,0
113,,27,雙溪區,25～29歲,25,29,完全落入,1.0,女,結婚,專科,不同性別,1
113,,27,雙溪區,25～29歲,25,29,完全落入,1.0,女,結婚,專科,相同性別,0
113,,27,雙溪區,25～29歲,25,29,完全落入,1.0,女,結婚,碩士,不同性別,1
113,,27,雙溪區,25～29歲,25,29,完全落入,1.0,女,結婚,碩士,相同性別,0
113,,27,雙溪區,25～29歲,25,29,完全落入,1.0,女,結婚,高中職,不同性別,1
113,,27,雙溪區,25～29歲,25,29,完全落入,1.0,女,結婚,高中職,相同性別,0
113,,27,雙溪區,25～29歲,25,29,完全落入,1.0,男,結婚,博士,不同性別,0
113,,27,雙溪區,25～29歲,25,29,完全落入,1.0,男,結婚,博士,相同性別,0
113,,27,雙溪區,25～29歲,25,29,完全落入,1.0,男,結婚,國中,不同性別,2
113,,27,雙溪區,25～29歲,25,29,完全落入,1.0,男,結婚,國中,相同性別,0
113,,27,雙溪區,25～29歲,25,29,完全落入,1.0,男,結婚,國小以下,不同性別,0
113,,27,雙溪區,25～29歲,25,29,完全落入,1.0,男,結婚,國小以下,相同性別,0
113,,27,雙溪區,25～29歲,25,29,完全落入,1.0,男,結婚,大學,不同性別,4
113,,27,雙溪區,25～29歲,25,29,完全落入,1.0,男,結婚,大學,相同性別,0
113,,27,雙溪區,25～29歲,25,29,完全落入,1.0,男,結婚,專科,不同性別,0
113,,27,雙溪區,25～29歲,25,29,完全落入,1.0,男,結婚,專科,相同性別,0
113,,27,雙溪區,25～29歲,25,29,完全落入,1.0,男,結婚,碩士,不同性別,1
113,,27,雙溪區,25～29歲,25,29,完全落入,1.0,男,結婚,碩士,相同性別,0
113,,27,雙溪區,25～29歲,25,29,完全落入,1.0,男,結婚,高中職,不同性別,3
113,,27,雙溪區,25～29歲,25,29,完全落入,1.0,男,結婚,高中職,相同性別,0
113,,27,雙溪區,30～34歲,30,34,完全落入,1.0,女,結婚,博士,不同性別,0
113,,27,雙溪區,30～34歲,30,34,完全落入,1.0,女,結婚,博士,相同性別,0
113,,27,雙溪區,30～34歲,30,34,完全落入,1.0,女,結婚,國中,不同性別,0
113,,27,雙溪區,30～34歲,30,34,完全落入,1.0,女,結婚,國中,相同性別,0
113,,27,雙溪區,30～34歲,30,34,完全落入,1.0,女,結婚,國小以下,不同性別,0
113,,27,雙溪區,30～34歲,30,34,完全落入,1.0,女,結婚,國小以下,相同性別,0
113,,27,雙溪區,30～34歲,30,34,完全落入,1.0,女,結婚,大學,不同性別,3
113,,27,雙溪區,30～34歲,30,34,完全落入,1.0,女,結婚,大學,相同性別,0
113,,27,雙溪區,30～34歲,30,34,完全落入,1.0,女,結婚,專科,不同性別,2
113,,27,雙溪區,30～34歲,30,34,完全落入,1.0,女,結婚,專科,相同性別,0
113,,27,雙溪區,30～34歲,30,34,完全落入,1.0,女,結婚,碩士,不同性別,1
113,,27,雙溪區,30～34歲,30,34,完全落入,1.0,女,結婚,碩士,相同性別,0
113,,27,雙溪區,30～34歲,30,34,完全落入,1.0,女,結婚,高中職,不同性別,3
113,,27,雙溪區,30～34歲,30,34,完全落入,1.0,女,結婚,高中職,相同性別,0
113,,27,雙溪區,30～34歲,30,34,完全落入,1.0,男,結婚,博士,不同性別,0
113,,27,雙溪區,30～34歲,30,34,完全落入,1.0,男,結婚,博士,相同性別,0
113,,27,雙溪區,30～34歲,30,34,完全落入,1.0,男,結婚,國中,不同性別,0
113,,27,雙溪區,30～34歲,30,34,完全落入,1.0,男,結婚,國中,相同性別,0
113,,27,雙溪區,30～34歲,30,34,完全落入,1.0,男,結婚,國小以下,不同性別,0
113,,27,雙溪區,30～34歲,30,34,完全落入,1.0,男,結婚,國小以下,相同性別,0
113,,27,雙溪區,30～34歲,30,34,完全落入,1.0,男,結婚,大學,不同性別,3
113,,27,雙溪區,30～34歲,30,34,完全落入,1.0,男,結婚,大學,相同性別,0
113,,27,雙溪區,30～34歲,30,34,完全落入,1.0,男,結婚,專科,不同性別,0
113,,27,雙溪區,30～34歲,30,34,完全落入,1.0,男,結婚,專科,相同性別,0
113,,27,雙溪區,30～34歲,30,34,完全落入,1.0,男,結婚,碩士,不同性別,2
113,,27,雙溪區,30～34歲,30,34,完全落入,1.0,男,結婚,碩士,相同性別,0
113,,27,雙溪區,30～34歲,30,34,完全落入,1.0,男,結婚,高中職,不同性別,3
113,,27,雙溪區,30～34歲,30,34,完全落入,1.0,男,結婚,高中職,相同性別,0
113,,27,雙溪區,35～39歲,35,39,部分重疊,0.2,女,結婚,博士,不同性別,0
113,,27,雙溪區,35～39歲,35,39,部分重疊,0.2,女,結婚,博士,相同性別,0
113,,27,雙溪區,35～39歲,35,39,部分重疊,0.2,女,結婚,國中,不同性別,0
113,,27,雙溪區,35～39歲,35,39,部分重疊,0.2,女,結婚,國中,相同性別,0
113,,27,雙溪區,35～39歲,35,39,部分重疊,0.2,女,結婚,國小以下,不同性別,0
113,,27,雙溪區,35～39歲,35,39,部分重疊,0.2,女,結婚,國小以下,相同性別,0
113,,27,雙溪區,35～39歲,35,39,部分重疊,0.2,女,結婚,大學,不同性別,2
113,,27,雙溪區,35～39歲,35,39,部分重疊,0.2,女,結婚,大學,相同性別,0
113,,27,雙溪區,35～39歲,35,39,部分重疊,0.2,女,結婚,專科,不同性別,0
113,,27,雙溪區,35～39歲,35,39,部分重疊,0.2,女,結婚,專科,相同性別,0
113,,27,雙溪區,35～39歲,35,39,部分重疊,0.2,女,結婚,碩士,不同性別,0
113,,27,雙溪區,35～39歲,35,39,部分重疊,0.2,女,結婚,碩士,相同性別,0
113,,27,雙溪區,35～39歲,35,39,部分重疊,0.2,女,結婚,高中職,不同性別,2
113,,27,雙溪區,35～39歲,35,39,部分重疊,0.2,女,結婚,高中職,相同性別,0
113,,27,雙溪區,35～39歲,35,39,部分重疊,0.2,男,結婚,博士,不同性別,0
113,,27,雙溪區,35～39歲,35,39,部分重疊,0.2,男,結婚,博士,相同性別,0
113,,27,雙溪區,35～39歲,35,39,部分重疊,0.2,男,結婚,國中,不同性別,1
113,,27,雙溪區,35～39歲,35,39,部分重疊,0.2,男,結婚,國中,相同性別,0
113,,27,雙溪區,35～39歲,35,39,部分重疊,0.2,男,結婚,國小以下,不同性別,0
113,,27,雙溪區,35～39歲,35,39,部分重疊,0.2,男,結婚,國小以下,相同性別,0
113,,27,雙溪區,35～39歲,35,39,部分重疊,0.2,男,結婚,大學,不同性別,1
113,,27,雙溪區,35～39歲,35,39,部分重疊,0.2,男,結婚,大學,相同性別,0
113,,27,雙溪區,35～39歲,35,39,部分重疊,0.2,男,結婚,專科,不同性別,2
113,,27,雙溪區,35～39歲,35,39,部分重疊,0.2,男,結婚,專科,相同性別,0
113,,27,雙溪區,35～39歲,35,39,部分重疊,0.2,男,結婚,碩士,不同性別,0
113,,27,雙溪區,35～39歲,35,39,部分重疊,0.2,男,結婚,碩士,相同性別,0
113,,27,雙溪區,35～39歲,35,39,部分重疊,0.2,男,結婚,高中職,不同性別,1
113,,27,雙溪區,35～39歲,35,39,部分重疊,0.2,男,結婚,高中職,相同性別,0
113,,27,雙溪區,40～44歲,40,44,不相關,0.0,女,結婚,博士,不同性別,0
113,,27,雙溪區,40～44歲,40,44,不相關,0.0,女,結婚,博士,相同性別,0
113,,27,雙溪區,40～44歲,40,44,不相關,0.0,女,結婚,國中,不同性別,1
113,,27,雙溪區,40～44歲,40,44,不相關,0.0,女,結婚,國中,相同性別,0
113,,27,雙溪區,40～44歲,40,44,不相關,0.0,女,結婚,國小以下,不同性別,0
113,,27,雙溪區,40～44歲,40,44,不相關,0.0,女,結婚,國小以下,相同性別,0
113,,27,雙溪區,40～44歲,40,44,不相關,0.0,女,結婚,大學,不同性別,1
113,,27,雙溪區,40～44歲,40,44,不相關,0.0,女,結婚,大學,相同性別,0
113,,27,雙溪區,40～44歲,40,44,不相關,0.0,女,結婚,專科,不同性別,0
113,,27,雙溪區,40～44歲,40,44,不相關,0.0,女,結婚,專科,相同性別,0
113,,27,雙溪區,40～44歲,40,44,不相關,0.0,女,結婚,碩士,不同性別,0
113,,27,雙溪區,40～44歲,40,44,不相關,0.0,女,結婚,碩士,相同性別,0
113,,27,雙溪區,40～44歲,40,44,不相關,0.0,女,結婚,高中職,不同性別,0
113,,27,雙溪區,40～44歲,40,44,不相關,0.0,女,結婚,高中職,相同性別,0
113,,27,雙溪區,40～44歲,40,44,不相關,0.0,男,結婚,博士,不同性別,0
113,,27,雙溪區,40～44歲,40,44,不相關,0.0,男,結婚,博士,相同性別,0
113,,27,雙溪區,40～44歲,40,44,不相關,0.0,男,結婚,國中,不同性別,2
113,,27,雙溪區,40～44歲,40,44,不相關,0.0,男,結婚,國中,相同性別,0
113,,27,雙溪區,40～44歲,40,44,不相關,0.0,男,結婚,國小以下,不同性別,0
113,,27,雙溪區,40～44歲,40,44,不相關,0.0,男,結婚,國小以下,相同性別,0
113,,27,雙溪區,40～44歲,40,44,不相關,0.0,男,結婚,大學,不同性別,1
113,,27,雙溪區,40～44歲,40,44,不相關,0.0,男,結婚,大學,相同性別,0
113,,27,雙溪區,40～44歲,40,44,不相關,0.0,男,結婚,專科,不同性別,0
113,,27,雙溪區,40～44歲,40,44,不相關,0.0,男,結婚,專科,相同性別,0
113,,27,雙溪區,40～44歲,40,44,不相關,0.0,男,結婚,碩士,不同性別,0
113,,27,雙溪區,40～44歲,40,44,不相關,0.0,男,結婚,碩士,相同性別,0
113,,27,雙溪區,40～44歲,40,44,不相關,0.0,男,結婚,高中職,不同性別,0
113,,27,雙溪區,40～44歲,40,44,不相關,0.0,男,結婚,高中職,相同性別,0
113,,27,雙溪區,45～49歲,45,49,不相關,0.0,女,結婚,博士,不同性別,0
113,,27,雙溪區,45～49歲,45,49,不相關,0.0,女,結婚,博士,相同性別,0
113,,27,雙溪區,45～49歲,45,49,不相關,0.0,女,結婚,國中,不同性別,0
113,,27,雙溪區,45～49歲,45,49,不相關,0.0,女,結婚,國中,相同性別,0
113,,27,雙溪區,45～49歲,45,49,不相關,0.0,女,結婚,國小以下,不同性別,1
113,,27,雙溪區,45～49歲,45,49,不相關,0.0,女,結婚,國小以下,相同性別,0
113,,27,雙溪區,45～49歲,45,49,不相關,0.0,女,結婚,大學,不同性別,0
113,,27,雙溪區,45～49歲,45,49,不相關,0.0,女,結婚,大學,相同性別,0
113,,27,雙溪區,45～49歲,45,49,不相關,0.0,女,結婚,專科,不同性別,0
113,,27,雙溪區,45～49歲,45,49,不相關,0.0,女,結婚,專科,相同性別,0
113,,27,雙溪區,45～49歲,45,49,不相關,0.0,女,結婚,碩士,不同性別,0
113,,27,雙溪區,45～49歲,45,49,不相關,0.0,女,結婚,碩士,相同性別,0
113,,27,雙溪區,45～49歲,45,49,不相關,0.0,女,結婚,高中職,不同性別,1
113,,27,雙溪區,45～49歲,45,49,不相關,0.0,女,結婚,高中職,相同性別,0
113,,27,雙溪區,45～49歲,45,49,不相關,0.0,男,結婚,博士,不同性別,0
113,,27,雙溪區,45～49歲,45,49,不相關,0.0,男,結婚,博士,相同性別,0
113,,27,雙溪區,45～49歲,45,49,不相關,0.0,男,結婚,國中,不同性別,0
113,,27,雙溪區,45～49歲,45,49,不相關,0.0,男,結婚,國中,相同性別,0
113,,27,雙溪區,45～49歲,45,49,不相關,0.0,男,結婚,國小以下,不同性別,0
113,,27,雙溪區,45～49歲,45,49,不相關,0.0,男,結婚,國小以下,相同性別,0
113,,27,雙溪區,45～49歲,45,49,不相關,0.0,男,結婚,大學,不同性別,0
113,,27,雙溪區,45～49歲,45,49,不相關,0.0,男,結婚,大學,相同性別,0
113,,27,雙溪區,45～49歲,45,49,不相關,0.0,男,結婚,專科,不同性別,0
113,,27,雙溪區,45～49歲,45,49,不相關,0.0,男,結婚,專科,相同性別,0
113,,27,雙溪區,45～49歲,45,49,不相關,0.0,男,結婚,碩士,不同性別,1
113,,27,雙溪區,45～49歲,45,49,不相關,0.0,男,結婚,碩士,相同性別,0
113,,27,雙溪區,45～49歲,45,49,不相關,0.0,男,結婚,高中職,不同性別,1
113,,27,雙溪區,45～49歲,45,49,不相關,0.0,男,結婚,高中職,相同性別,0
113,,27,雙溪區,50～54歲,50,54,不相關,0.0,女,結婚,博士,不同性別,0
113,,27,雙溪區,50～54歲,50,54,不相關,0.0,女,結婚,博士,相同性別,0
113,,27,雙溪區,50～54歲,50,54,不相關,0.0,女,結婚,國中,不同性別,0
113,,27,雙溪區,50～54歲,50,54,不相關,0.0,女,結婚,國中,相同性別,0
113,,27,雙溪區,50～54歲,50,54,不相關,0.0,女,結婚,國小以下,不同性別,0
113,,27,雙溪區,50～54歲,50,54,不相關,0.0,女,結婚,國小以下,相同性別,0
113,,27,雙溪區,50～54歲,50,54,不相關,0.0,女,結婚,大學,不同性別,0
113,,27,雙溪區,50～54歲,50,54,不相關,0.0,女,結婚,大學,相同性別,0
113,,27,雙溪區,50～54歲,50,54,不相關,0.0,女,結婚,專科,不同性別,0
113,,27,雙溪區,50～54歲,50,54,不相關,0.0,女,結婚,專科,相同性別,0
113,,27,雙溪區,50～54歲,50,54,不相關,0.0,女,結婚,碩士,不同性別,0
113,,27,雙溪區,50～54歲,50,54,不相關,0.0,女,結婚,碩士,相同性別,0
113,,27,雙溪區,50～54歲,50,54,不相關,0.0,女,結婚,高中職,不同性別,0
113,,27,雙溪區,50～54歲,50,54,不相關,0.0,女,結婚,高中職,相同性別,0
113,,27,雙溪區,50～54歲,50,54,不相關,0.0,男,結婚,博士,不同性別,0
113,,27,雙溪區,50～54歲,50,54,不相關,0.0,男,結婚,博士,相同性別,0
113,,27,雙溪區,50～54歲,50,54,不相關,0.0,男,結婚,國中,不同性別,0
113,,27,雙溪區,50～54歲,50,54,不相關,0.0,男,結婚,國中,相同性別,0
113,,27,雙溪區,50～54歲,50,54,不相關,0.0,男,結婚,國小以下,不同性別,0
113,,27,雙溪區,50～54歲,50,54,不相關,0.0,男,結婚,國小以下,相同性別,0
113,,27,雙溪區,50～54歲,50,54,不相關,0.0,男,結婚,大學,不同性別,0
113,,27,雙溪區,50～54歲,50,54,不相關,0.0,男,結婚,大學,相同性別,0
113,,27,雙溪區,50～54歲,50,54,不相關,0.0,男,結婚,專科,不同性別,0
113,,27,雙溪區,50～54歲,50,54,不相關,0.0,男,結婚,專科,相同性別,0
113,,27,雙溪區,50～54歲,50,54,不相關,0.0,男,結婚,碩士,不同性別,0
113,,27,雙溪區,50～54歲,50,54,不相關,0.0,男,結婚,碩士,相同性別,0
113,,27,雙溪區,50～54歲,50,54,不相關,0.0,男,結婚,高中職,不同性別,0
113,,27,雙溪區,50～54歲,50,54,不相關,0.0,男,結婚,高中職,相同性別,0
113,,27,雙溪區,55～59歲,55,59,不相關,0.0,女,結婚,博士,不同性別,0
113,,27,雙溪區,55～59歲,55,59,不相關,0.0,女,結婚,博士,相同性別,0
113,,27,雙溪區,55～59歲,55,59,不相關,0.0,女,結婚,國中,不同性別,0
113,,27,雙溪區,55～59歲,55,59,不相關,0.0,女,結婚,國中,相同性別,0
113,,27,雙溪區,55～59歲,55,59,不相關,0.0,女,結婚,國小以下,不同性別,0
113,,27,雙溪區,55～59歲,55,59,不相關,0.0,女,結婚,國小以下,相同性別,0
113,,27,雙溪區,55～59歲,55,59,不相關,0.0,女,結婚,大學,不同性別,0
113,,27,雙溪區,55～59歲,55,59,不相關,0.0,女,結婚,大學,相同性別,0
113,,27,雙溪區,55～59歲,55,59,不相關,0.0,女,結婚,專科,不同性別,0
113,,27,雙溪區,55～59歲,55,59,不相關,0.0,女,結婚,專科,相同性別,0
113,,27,雙溪區,55～59歲,55,59,不相關,0.0,女,結婚,碩士,不同性別,0
113,,27,雙溪區,55～59歲,55,59,不相關,0.0,女,結婚,碩士,相同性別,0
113,,27,雙溪區,55～59歲,55,59,不相關,0.0,女,結婚,高中職,不同性別,0
113,,27,雙溪區,55～59歲,55,59,不相關,0.0,女,結婚,高中職,相同性別,0
113,,27,雙溪區,55～59歲,55,59,不相關,0.0,男,結婚,博士,不同性別,0
113,,27,雙溪區,55～59歲,55,59,不相關,0.0,男,結婚,博士,相同性別,0
113,,27,雙溪區,55～59歲,55,59,不相關,0.0,男,結婚,國中,不同性別,0
113,,27,雙溪區,55～59歲,55,59,不相關,0.0,男,結婚,國中,相同性別,0
113,,27,雙溪區,55～59歲,55,59,不相關,0.0,男,結婚,國小以下,不同性別,0
113,,27,雙溪區,55～59歲,55,59,不相關,0.0,男,結婚,國小以下,相同性別,0
113,,27,雙溪區,55～59歲,55,59,不相關,0.0,男,結婚,大學,不同性別,0
113,,27,雙溪區,55～59歲,55,59,不相關,0.0,男,結婚,大學,相同性別,0
113,,27,雙溪區,55～59歲,55,59,不相關,0.0,男,結婚,專科,不同性別,0
113,,27,雙溪區,55～59歲,55,59,不相關,0.0,男,結婚,專科,相同性別,0
113,,27,雙溪區,55～59歲,55,59,不相關,0.0,男,結婚,碩士,不同性別,0
113,,27,雙溪區,55～59歲,55,59,不相關,0.0,男,結婚,碩士,相同性別,0
113,,27,雙溪區,55～59歲,55,59,不相關,0.0,男,結婚,高中職,不同性別,0
113,,27,雙溪區,55～59歲,55,59,不相關,0.0,男,結婚,高中職,相同性別,0
113,,27,雙溪區,60～64歲,60,64,不相關,0.0,女,結婚,博士,不同性別,0
113,,27,雙溪區,60～64歲,60,64,不相關,0.0,女,結婚,博士,相同性別,0
113,,27,雙溪區,60～64歲,60,64,不相關,0.0,女,結婚,國中,不同性別,0
113,,27,雙溪區,60～64歲,60,64,不相關,0.0,女,結婚,國中,相同性別,0
113,,27,雙溪區,60～64歲,60,64,不相關,0.0,女,結婚,國小以下,不同性別,1
113,,27,雙溪區,60～64歲,60,64,不相關,0.0,女,結婚,國小以下,相同性別,0
113,,27,雙溪區,60～64歲,60,64,不相關,0.0,女,結婚,大學,不同性別,0
113,,27,雙溪區,60～64歲,60,64,不相關,0.0,女,結婚,大學,相同性別,0
113,,27,雙溪區,60～64歲,60,64,不相關,0.0,女,結婚,專科,不同性別,0
113,,27,雙溪區,60～64歲,60,64,不相關,0.0,女,結婚,專科,相同性別,0
113,,27,雙溪區,60～64歲,60,64,不相關,0.0,女,結婚,碩士,不同性別,0
113,,27,雙溪區,60～64歲,60,64,不相關,0.0,女,結婚,碩士,相同性別,0
113,,27,雙溪區,60～64歲,60,64,不相關,0.0,女,結婚,高中職,不同性別,0
113,,27,雙溪區,60～64歲,60,64,不相關,0.0,女,結婚,高中職,相同性別,0
113,,27,雙溪區,60～64歲,60,64,不相關,0.0,男,結婚,博士,不同性別,0
113,,27,雙溪區,60～64歲,60,64,不相關,0.0,男,結婚,博士,相同性別,0
113,,27,雙溪區,60～64歲,60,64,不相關,0.0,男,結婚,國中,不同性別,0
113,,27,雙溪區,60～64歲,60,64,不相關,0.0,男,結婚,國中,相同性別,0
113,,27,雙溪區,60～64歲,60,64,不相關,0.0,男,結婚,國小以下,不同性別,0
113,,27,雙溪區,60～64歲,60,64,不相關,0.0,男,結婚,國小以下,相同性別,0
113,,27,雙溪區,60～64歲,60,64,不相關,0.0,男,結婚,大學,不同性別,0
113,,27,雙溪區,60～64歲,60,64,不相關,0.0,男,結婚,大學,相同性別,0
113,,27,雙溪區,60～64歲,60,64,不相關,0.0,男,結婚,專科,不同性別,0
113,,27,雙溪區,60～64歲,60,64,不相關,0.0,男,結婚,專科,相同性別,0
113,,27,雙溪區,60～64歲,60,64,不相關,0.0,男,結婚,碩士,不同性別,1
113,,27,雙溪區,60～64歲,60,64,不相關,0.0,男,結婚,碩士,相同性別,0
113,,27,雙溪區,60～64歲,60,64,不相關,0.0,男,結婚,高中職,不同性別,0
113,,27,雙溪區,60～64歲,60,64,不相關,0.0,男,結婚,高中職,相同性別,0
113,,27,雙溪區,65歲以上,65,120,不相關,0.0,女,結婚,博士,不同性別,0
113,,27,雙溪區,65歲以上,65,120,不相關,0.0,女,結婚,博士,相同性別,0
113,,27,雙溪區,65歲以上,65,120,不相關,0.0,女,結婚,國中,不同性別,0
113,,27,雙溪區,65歲以上,65,120,不相關,0.0,女,結婚,國中,相同性別,0
113,,27,雙溪區,65歲以上,65,120,不相關,0.0,女,結婚,國小以下,不同性別,0
113,,27,雙溪區,65歲以上,65,120,不相關,0.0,女,結婚,國小以下,相同性別,0
113,,27,雙溪區,65歲以上,65,120,不相關,0.0,女,結婚,大學,不同性別,0
113,,27,雙溪區,65歲以上,65,120,不相關,0.0,女,結婚,大學,相同性別,0
113,,27,雙溪區,65歲以上,65,120,不相關,0.0,女,結婚,專科,不同性別,0
113,,27,雙溪區,65歲以上,65,120,不相關,0.0,女,結婚,專科,相同性別,0
113,,27,雙溪區,65歲以上,65,120,不相關,0.0,女,結婚,碩士,不同性別,0
113,,27,雙溪區,65歲以上,65,120,不相關,0.0,女,結婚,碩士,相同性別,0
113,,27,雙溪區,65歲以上,65,120,不相關,0.0,女,結婚,高中職,不同性別,0
113,,27,雙溪區,65歲以上,65,120,不相關,0.0,女,結婚,高中職,相同性別,0
113,,27,雙溪區,65歲以上,65,120,不相關,0.0,男,結婚,博士,不同性別,0
113,,27,雙溪區,65歲以上,65,120,不相關,0.0,男,結婚,博士,相同性別,0
113,,27,雙溪區,65歲以上,65,120,不相關,0.0,男,結婚,國中,不同性別,0
113,,27,雙溪區,65歲以上,65,120,不相關,0.0,男,結婚,國中,相同性別,0
113,,27,雙溪區,65歲以上,65,120,不相關,0.0,男,結婚,國小以下,不同性別,1
113,,27,雙溪區,65歲以上,65,120,不相關,0.0,男,結婚,國小以下,相同性別,0
113,,27,雙溪區,65歲以上,65,120,不相關,0.0,男,結婚,大學,不同性別,0
113,,27,雙溪區,65歲以上,65,120,不相關,0.0,男,結婚,大學,相同性別,0
113,,27,雙溪區,65歲以上,65,120,不相關,0.0,男,結婚,專科,不同性別,0
113,,27,雙溪區,65歲以上,65,120,不相關,0.0,男,結婚,專科,相同性別,0
113,,27,雙溪區,65歲以上,65,120,不相關,0.0,男,結婚,碩士,不同性別,0
113,,27,雙溪區,65歲以上,65,120,不相關,0.0,男,結婚,碩士,相同性別,0
113,,27,雙溪區,65歲以上,65,120,不相關,0.0,男,結婚,高中職,不同性別,0
113,,27,雙溪區,65歲以上,65,120,不相關,0.0,男,結婚,高中職,相同性別,0
113,,28,貢寮區,未滿15歲,0,14,不相關,0.0,女,結婚,博士,不同性別,0
113,,28,貢寮區,未滿15歲,0,14,不相關,0.0,女,結婚,博士,相同性別,0
113,,28,貢寮區,未滿15歲,0,14,不相關,0.0,女,結婚,國中,不同性別,0
113,,28,貢寮區,未滿15歲,0,14,不相關,0.0,女,結婚,國中,相同性別,0
113,,28,貢寮區,未滿15歲,0,14,不相關,0.0,女,結婚,國小以下,不同性別,0
113,,28,貢寮區,未滿15歲,0,14,不相關,0.0,女,結婚,國小以下,相同性別,0
113,,28,貢寮區,未滿15歲,0,14,不相關,0.0,女,結婚,大學,不同性別,0
113,,28,貢寮區,未滿15歲,0,14,不相關,0.0,女,結婚,大學,相同性別,0
113,,28,貢寮區,未滿15歲,0,14,不相關,0.0,女,結婚,專科,不同性別,0
113,,28,貢寮區,未滿15歲,0,14,不相關,0.0,女,結婚,專科,相同性別,0
113,,28,貢寮區,未滿15歲,0,14,不相關,0.0,女,結婚,碩士,不同性別,0
113,,28,貢寮區,未滿15歲,0,14,不相關,0.0,女,結婚,碩士,相同性別,0
113,,28,貢寮區,未滿15歲,0,14,不相關,0.0,女,結婚,高中職,不同性別,0
113,,28,貢寮區,未滿15歲,0,14,不相關,0.0,女,結婚,高中職,相同性別,0
113,,28,貢寮區,未滿15歲,0,14,不相關,0.0,男,結婚,博士,不同性別,0
113,,28,貢寮區,未滿15歲,0,14,不相關,0.0,男,結婚,博士,相同性別,0
113,,28,貢寮區,未滿15歲,0,14,不相關,0.0,男,結婚,國中,不同性別,0
113,,28,貢寮區,未滿15歲,0,14,不相關,0.0,男,結婚,國中,相同性別,0
113,,28,貢寮區,未滿15歲,0,14,不相關,0.0,男,結婚,國小以下,不同性別,0
113,,28,貢寮區,未滿15歲,0,14,不相關,0.0,男,結婚,國小以下,相同性別,0
113,,28,貢寮區,未滿15歲,0,14,不相關,0.0,男,結婚,大學,不同性別,0
113,,28,貢寮區,未滿15歲,0,14,不相關,0.0,男,結婚,大學,相同性別,0
113,,28,貢寮區,未滿15歲,0,14,不相關,0.0,男,結婚,專科,不同性別,0
113,,28,貢寮區,未滿15歲,0,14,不相關,0.0,男,結婚,專科,相同性別,0
113,,28,貢寮區,未滿15歲,0,14,不相關,0.0,男,結婚,碩士,不同性別,0
113,,28,貢寮區,未滿15歲,0,14,不相關,0.0,男,結婚,碩士,相同性別,0
113,,28,貢寮區,未滿15歲,0,14,不相關,0.0,男,結婚,高中職,不同性別,0
113,,28,貢寮區,未滿15歲,0,14,不相關,0.0,男,結婚,高中職,相同性別,0
113,,28,貢寮區,15～19歲,15,19,部分重疊,0.4,女,結婚,博士,不同性別,0
113,,28,貢寮區,15～19歲,15,19,部分重疊,0.4,女,結婚,博士,相同性別,0
113,,28,貢寮區,15～19歲,15,19,部分重疊,0.4,女,結婚,國中,不同性別,0
113,,28,貢寮區,15～19歲,15,19,部分重疊,0.4,女,結婚,國中,相同性別,0
113,,28,貢寮區,15～19歲,15,19,部分重疊,0.4,女,結婚,國小以下,不同性別,0
113,,28,貢寮區,15～19歲,15,19,部分重疊,0.4,女,結婚,國小以下,相同性別,0
113,,28,貢寮區,15～19歲,15,19,部分重疊,0.4,女,結婚,大學,不同性別,0
113,,28,貢寮區,15～19歲,15,19,部分重疊,0.4,女,結婚,大學,相同性別,0
113,,28,貢寮區,15～19歲,15,19,部分重疊,0.4,女,結婚,專科,不同性別,0
113,,28,貢寮區,15～19歲,15,19,部分重疊,0.4,女,結婚,專科,相同性別,0
113,,28,貢寮區,15～19歲,15,19,部分重疊,0.4,女,結婚,碩士,不同性別,0
113,,28,貢寮區,15～19歲,15,19,部分重疊,0.4,女,結婚,碩士,相同性別,0
113,,28,貢寮區,15～19歲,15,19,部分重疊,0.4,女,結婚,高中職,不同性別,0
113,,28,貢寮區,15～19歲,15,19,部分重疊,0.4,女,結婚,高中職,相同性別,0
113,,28,貢寮區,15～19歲,15,19,部分重疊,0.4,男,結婚,博士,不同性別,0
113,,28,貢寮區,15～19歲,15,19,部分重疊,0.4,男,結婚,博士,相同性別,0
113,,28,貢寮區,15～19歲,15,19,部分重疊,0.4,男,結婚,國中,不同性別,0
113,,28,貢寮區,15～19歲,15,19,部分重疊,0.4,男,結婚,國中,相同性別,0
113,,28,貢寮區,15～19歲,15,19,部分重疊,0.4,男,結婚,國小以下,不同性別,0
113,,28,貢寮區,15～19歲,15,19,部分重疊,0.4,男,結婚,國小以下,相同性別,0
113,,28,貢寮區,15～19歲,15,19,部分重疊,0.4,男,結婚,大學,不同性別,0
113,,28,貢寮區,15～19歲,15,19,部分重疊,0.4,男,結婚,大學,相同性別,0
113,,28,貢寮區,15～19歲,15,19,部分重疊,0.4,男,結婚,專科,不同性別,0
113,,28,貢寮區,15～19歲,15,19,部分重疊,0.4,男,結婚,專科,相同性別,0
113,,28,貢寮區,15～19歲,15,19,部分重疊,0.4,男,結婚,碩士,不同性別,0
113,,28,貢寮區,15～19歲,15,19,部分重疊,0.4,男,結婚,碩士,相同性別,0
113,,28,貢寮區,15～19歲,15,19,部分重疊,0.4,男,結婚,高中職,不同性別,0
113,,28,貢寮區,15～19歲,15,19,部分重疊,0.4,男,結婚,高中職,相同性別,0
113,,28,貢寮區,20～24歲,20,24,完全落入,1.0,女,結婚,博士,不同性別,0
113,,28,貢寮區,20～24歲,20,24,完全落入,1.0,女,結婚,博士,相同性別,0
113,,28,貢寮區,20～24歲,20,24,完全落入,1.0,女,結婚,國中,不同性別,0
113,,28,貢寮區,20～24歲,20,24,完全落入,1.0,女,結婚,國中,相同性別,0
113,,28,貢寮區,20～24歲,20,24,完全落入,1.0,女,結婚,國小以下,不同性別,0
113,,28,貢寮區,20～24歲,20,24,完全落入,1.0,女,結婚,國小以下,相同性別,0
113,,28,貢寮區,20～24歲,20,24,完全落入,1.0,女,結婚,大學,不同性別,2
113,,28,貢寮區,20～24歲,20,24,完全落入,1.0,女,結婚,大學,相同性別,0
113,,28,貢寮區,20～24歲,20,24,完全落入,1.0,女,結婚,專科,不同性別,0
113,,28,貢寮區,20～24歲,20,24,完全落入,1.0,女,結婚,專科,相同性別,0
113,,28,貢寮區,20～24歲,20,24,完全落入,1.0,女,結婚,碩士,不同性別,0
113,,28,貢寮區,20～24歲,20,24,完全落入,1.0,女,結婚,碩士,相同性別,0
113,,28,貢寮區,20～24歲,20,24,完全落入,1.0,女,結婚,高中職,不同性別,1
113,,28,貢寮區,20～24歲,20,24,完全落入,1.0,女,結婚,高中職,相同性別,0
113,,28,貢寮區,20～24歲,20,24,完全落入,1.0,男,結婚,博士,不同性別,0
113,,28,貢寮區,20～24歲,20,24,完全落入,1.0,男,結婚,博士,相同性別,0
113,,28,貢寮區,20～24歲,20,24,完全落入,1.0,男,結婚,國中,不同性別,1
113,,28,貢寮區,20～24歲,20,24,完全落入,1.0,男,結婚,國中,相同性別,0
113,,28,貢寮區,20～24歲,20,24,完全落入,1.0,男,結婚,國小以下,不同性別,0
113,,28,貢寮區,20～24歲,20,24,完全落入,1.0,男,結婚,國小以下,相同性別,0
113,,28,貢寮區,20～24歲,20,24,完全落入,1.0,男,結婚,大學,不同性別,0
113,,28,貢寮區,20～24歲,20,24,完全落入,1.0,男,結婚,大學,相同性別,0
113,,28,貢寮區,20～24歲,20,24,完全落入,1.0,男,結婚,專科,不同性別,0
113,,28,貢寮區,20～24歲,20,24,完全落入,1.0,男,結婚,專科,相同性別,0
113,,28,貢寮區,20～24歲,20,24,完全落入,1.0,男,結婚,碩士,不同性別,0
113,,28,貢寮區,20～24歲,20,24,完全落入,1.0,男,結婚,碩士,相同性別,0
113,,28,貢寮區,20～24歲,20,24,完全落入,1.0,男,結婚,高中職,不同性別,0
113,,28,貢寮區,20～24歲,20,24,完全落入,1.0,男,結婚,高中職,相同性別,0
113,,28,貢寮區,25～29歲,25,29,完全落入,1.0,女,結婚,博士,不同性別,0
113,,28,貢寮區,25～29歲,25,29,完全落入,1.0,女,結婚,博士,相同性別,0
113,,28,貢寮區,25～29歲,25,29,完全落入,1.0,女,結婚,國中,不同性別,2
113,,28,貢寮區,25～29歲,25,29,完全落入,1.0,女,結婚,國中,相同性別,0
113,,28,貢寮區,25～29歲,25,29,完全落入,1.0,女,結婚,國小以下,不同性別,0
113,,28,貢寮區,25～29歲,25,29,完全落入,1.0,女,結婚,國小以下,相同性別,0
113,,28,貢寮區,25～29歲,25,29,完全落入,1.0,女,結婚,大學,不同性別,9
113,,28,貢寮區,25～29歲,25,29,完全落入,1.0,女,結婚,大學,相同性別,0
113,,28,貢寮區,25～29歲,25,29,完全落入,1.0,女,結婚,專科,不同性別,0
113,,28,貢寮區,25～29歲,25,29,完全落入,1.0,女,結婚,專科,相同性別,0
113,,28,貢寮區,25～29歲,25,29,完全落入,1.0,女,結婚,碩士,不同性別,0
113,,28,貢寮區,25～29歲,25,29,完全落入,1.0,女,結婚,碩士,相同性別,0
113,,28,貢寮區,25～29歲,25,29,完全落入,1.0,女,結婚,高中職,不同性別,1
113,,28,貢寮區,25～29歲,25,29,完全落入,1.0,女,結婚,高中職,相同性別,0
113,,28,貢寮區,25～29歲,25,29,完全落入,1.0,男,結婚,博士,不同性別,0
113,,28,貢寮區,25～29歲,25,29,完全落入,1.0,男,結婚,博士,相同性別,0
113,,28,貢寮區,25～29歲,25,29,完全落入,1.0,男,結婚,國中,不同性別,0
113,,28,貢寮區,25～29歲,25,29,完全落入,1.0,男,結婚,國中,相同性別,0
113,,28,貢寮區,25～29歲,25,29,完全落入,1.0,男,結婚,國小以下,不同性別,0
113,,28,貢寮區,25～29歲,25,29,完全落入,1.0,男,結婚,國小以下,相同性別,0
113,,28,貢寮區,25～29歲,25,29,完全落入,1.0,男,結婚,大學,不同性別,4
113,,28,貢寮區,25～29歲,25,29,完全落入,1.0,男,結婚,大學,相同性別,0
113,,28,貢寮區,25～29歲,25,29,完全落入,1.0,男,結婚,專科,不同性別,0
113,,28,貢寮區,25～29歲,25,29,完全落入,1.0,男,結婚,專科,相同性別,0
113,,28,貢寮區,25～29歲,25,29,完全落入,1.0,男,結婚,碩士,不同性別,1
113,,28,貢寮區,25～29歲,25,29,完全落入,1.0,男,結婚,碩士,相同性別,0
113,,28,貢寮區,25～29歲,25,29,完全落入,1.0,男,結婚,高中職,不同性別,0
113,,28,貢寮區,25～29歲,25,29,完全落入,1.0,男,結婚,高中職,相同性別,0
113,,28,貢寮區,30～34歲,30,34,完全落入,1.0,女,結婚,博士,不同性別,0
113,,28,貢寮區,30～34歲,30,34,完全落入,1.0,女,結婚,博士,相同性別,0
113,,28,貢寮區,30～34歲,30,34,完全落入,1.0,女,結婚,國中,不同性別,0
113,,28,貢寮區,30～34歲,30,34,完全落入,1.0,女,結婚,國中,相同性別,0
113,,28,貢寮區,30～34歲,30,34,完全落入,1.0,女,結婚,國小以下,不同性別,0
113,,28,貢寮區,30～34歲,30,34,完全落入,1.0,女,結婚,國小以下,相同性別,0
113,,28,貢寮區,30～34歲,30,34,完全落入,1.0,女,結婚,大學,不同性別,9
113,,28,貢寮區,30～34歲,30,34,完全落入,1.0,女,結婚,大學,相同性別,0
113,,28,貢寮區,30～34歲,30,34,完全落入,1.0,女,結婚,專科,不同性別,0
113,,28,貢寮區,30～34歲,30,34,完全落入,1.0,女,結婚,專科,相同性別,0
113,,28,貢寮區,30～34歲,30,34,完全落入,1.0,女,結婚,碩士,不同性別,1
113,,28,貢寮區,30～34歲,30,34,完全落入,1.0,女,結婚,碩士,相同性別,0
113,,28,貢寮區,30～34歲,30,34,完全落入,1.0,女,結婚,高中職,不同性別,1
113,,28,貢寮區,30～34歲,30,34,完全落入,1.0,女,結婚,高中職,相同性別,0
113,,28,貢寮區,30～34歲,30,34,完全落入,1.0,男,結婚,博士,不同性別,0
113,,28,貢寮區,30～34歲,30,34,完全落入,1.0,男,結婚,博士,相同性別,0
113,,28,貢寮區,30～34歲,30,34,完全落入,1.0,男,結婚,國中,不同性別,3
113,,28,貢寮區,30～34歲,30,34,完全落入,1.0,男,結婚,國中,相同性別,0
113,,28,貢寮區,30～34歲,30,34,完全落入,1.0,男,結婚,國小以下,不同性別,0
113,,28,貢寮區,30～34歲,30,34,完全落入,1.0,男,結婚,國小以下,相同性別,0
113,,28,貢寮區,30～34歲,30,34,完全落入,1.0,男,結婚,大學,不同性別,7
113,,28,貢寮區,30～34歲,30,34,完全落入,1.0,男,結婚,大學,相同性別,0
113,,28,貢寮區,30～34歲,30,34,完全落入,1.0,男,結婚,專科,不同性別,1
113,,28,貢寮區,30～34歲,30,34,完全落入,1.0,男,結婚,專科,相同性別,0
113,,28,貢寮區,30～34歲,30,34,完全落入,1.0,男,結婚,碩士,不同性別,2
113,,28,貢寮區,30～34歲,30,34,完全落入,1.0,男,結婚,碩士,相同性別,0
113,,28,貢寮區,30～34歲,30,34,完全落入,1.0,男,結婚,高中職,不同性別,3
113,,28,貢寮區,30～34歲,30,34,完全落入,1.0,男,結婚,高中職,相同性別,0
113,,28,貢寮區,35～39歲,35,39,部分重疊,0.2,女,結婚,博士,不同性別,0
113,,28,貢寮區,35～39歲,35,39,部分重疊,0.2,女,結婚,博士,相同性別,0
113,,28,貢寮區,35～39歲,35,39,部分重疊,0.2,女,結婚,國中,不同性別,2
113,,28,貢寮區,35～39歲,35,39,部分重疊,0.2,女,結婚,國中,相同性別,0
113,,28,貢寮區,35～39歲,35,39,部分重疊,0.2,女,結婚,國小以下,不同性別,0
113,,28,貢寮區,35～39歲,35,39,部分重疊,0.2,女,結婚,國小以下,相同性別,0
113,,28,貢寮區,35～39歲,35,39,部分重疊,0.2,女,結婚,大學,不同性別,2
113,,28,貢寮區,35～39歲,35,39,部分重疊,0.2,女,結婚,大學,相同性別,0
113,,28,貢寮區,35～39歲,35,39,部分重疊,0.2,女,結婚,專科,不同性別,0
113,,28,貢寮區,35～39歲,35,39,部分重疊,0.2,女,結婚,專科,相同性別,0
113,,28,貢寮區,35～39歲,35,39,部分重疊,0.2,女,結婚,碩士,不同性別,1
113,,28,貢寮區,35～39歲,35,39,部分重疊,0.2,女,結婚,碩士,相同性別,0
113,,28,貢寮區,35～39歲,35,39,部分重疊,0.2,女,結婚,高中職,不同性別,1
113,,28,貢寮區,35～39歲,35,39,部分重疊,0.2,女,結婚,高中職,相同性別,0
113,,28,貢寮區,35～39歲,35,39,部分重疊,0.2,男,結婚,博士,不同性別,0
113,,28,貢寮區,35～39歲,35,39,部分重疊,0.2,男,結婚,博士,相同性別,0
113,,28,貢寮區,35～39歲,35,39,部分重疊,0.2,男,結婚,國中,不同性別,5
113,,28,貢寮區,35～39歲,35,39,部分重疊,0.2,男,結婚,國中,相同性別,0
113,,28,貢寮區,35～39歲,35,39,部分重疊,0.2,男,結婚,國小以下,不同性別,0
113,,28,貢寮區,35～39歲,35,39,部分重疊,0.2,男,結婚,國小以下,相同性別,0
113,,28,貢寮區,35～39歲,35,39,部分重疊,0.2,男,結婚,大學,不同性別,3
113,,28,貢寮區,35～39歲,35,39,部分重疊,0.2,男,結婚,大學,相同性別,0
113,,28,貢寮區,35～39歲,35,39,部分重疊,0.2,男,結婚,專科,不同性別,0
113,,28,貢寮區,35～39歲,35,39,部分重疊,0.2,男,結婚,專科,相同性別,0
113,,28,貢寮區,35～39歲,35,39,部分重疊,0.2,男,結婚,碩士,不同性別,0
113,,28,貢寮區,35～39歲,35,39,部分重疊,0.2,男,結婚,碩士,相同性別,0
113,,28,貢寮區,35～39歲,35,39,部分重疊,0.2,男,結婚,高中職,不同性別,3
113,,28,貢寮區,35～39歲,35,39,部分重疊,0.2,男,結婚,高中職,相同性別,0
113,,28,貢寮區,40～44歲,40,44,不相關,0.0,女,結婚,博士,不同性別,0
113,,28,貢寮區,40～44歲,40,44,不相關,0.0,女,結婚,博士,相同性別,0
113,,28,貢寮區,40～44歲,40,44,不相關,0.0,女,結婚,國中,不同性別,1
113,,28,貢寮區,40～44歲,40,44,不相關,0.0,女,結婚,國中,相同性別,0
113,,28,貢寮區,40～44歲,40,44,不相關,0.0,女,結婚,國小以下,不同性別,1
113,,28,貢寮區,40～44歲,40,44,不相關,0.0,女,結婚,國小以下,相同性別,0
113,,28,貢寮區,40～44歲,40,44,不相關,0.0,女,結婚,大學,不同性別,1
113,,28,貢寮區,40～44歲,40,44,不相關,0.0,女,結婚,大學,相同性別,0
113,,28,貢寮區,40～44歲,40,44,不相關,0.0,女,結婚,專科,不同性別,1
113,,28,貢寮區,40～44歲,40,44,不相關,0.0,女,結婚,專科,相同性別,0
113,,28,貢寮區,40～44歲,40,44,不相關,0.0,女,結婚,碩士,不同性別,0
113,,28,貢寮區,40～44歲,40,44,不相關,0.0,女,結婚,碩士,相同性別,0
113,,28,貢寮區,40～44歲,40,44,不相關,0.0,女,結婚,高中職,不同性別,3
113,,28,貢寮區,40～44歲,40,44,不相關,0.0,女,結婚,高中職,相同性別,0
113,,28,貢寮區,40～44歲,40,44,不相關,0.0,男,結婚,博士,不同性別,1
113,,28,貢寮區,40～44歲,40,44,不相關,0.0,男,結婚,博士,相同性別,0
113,,28,貢寮區,40～44歲,40,44,不相關,0.0,男,結婚,國中,不同性別,2
113,,28,貢寮區,40～44歲,40,44,不相關,0.0,男,結婚,國中,相同性別,0
113,,28,貢寮區,40～44歲,40,44,不相關,0.0,男,結婚,國小以下,不同性別,0
113,,28,貢寮區,40～44歲,40,44,不相關,0.0,男,結婚,國小以下,相同性別,0
113,,28,貢寮區,40～44歲,40,44,不相關,0.0,男,結婚,大學,不同性別,1
113,,28,貢寮區,40～44歲,40,44,不相關,0.0,男,結婚,大學,相同性別,0
113,,28,貢寮區,40～44歲,40,44,不相關,0.0,男,結婚,專科,不同性別,2
113,,28,貢寮區,40～44歲,40,44,不相關,0.0,男,結婚,專科,相同性別,0
113,,28,貢寮區,40～44歲,40,44,不相關,0.0,男,結婚,碩士,不同性別,0
113,,28,貢寮區,40～44歲,40,44,不相關,0.0,男,結婚,碩士,相同性別,0
113,,28,貢寮區,40～44歲,40,44,不相關,0.0,男,結婚,高中職,不同性別,0
113,,28,貢寮區,40～44歲,40,44,不相關,0.0,男,結婚,高中職,相同性別,0
113,,28,貢寮區,45～49歲,45,49,不相關,0.0,女,結婚,博士,不同性別,0
113,,28,貢寮區,45～49歲,45,49,不相關,0.0,女,結婚,博士,相同性別,0
113,,28,貢寮區,45～49歲,45,49,不相關,0.0,女,結婚,國中,不同性別,0
113,,28,貢寮區,45～49歲,45,49,不相關,0.0,女,結婚,國中,相同性別,0
113,,28,貢寮區,45～49歲,45,49,不相關,0.0,女,結婚,國小以下,不同性別,0
113,,28,貢寮區,45～49歲,45,49,不相關,0.0,女,結婚,國小以下,相同性別,0
113,,28,貢寮區,45～49歲,45,49,不相關,0.0,女,結婚,大學,不同性別,1
113,,28,貢寮區,45～49歲,45,49,不相關,0.0,女,結婚,大學,相同性別,0
113,,28,貢寮區,45～49歲,45,49,不相關,0.0,女,結婚,專科,不同性別,0
113,,28,貢寮區,45～49歲,45,49,不相關,0.0,女,結婚,專科,相同性別,0
113,,28,貢寮區,45～49歲,45,49,不相關,0.0,女,結婚,碩士,不同性別,0
113,,28,貢寮區,45～49歲,45,49,不相關,0.0,女,結婚,碩士,相同性別,0
113,,28,貢寮區,45～49歲,45,49,不相關,0.0,女,結婚,高中職,不同性別,1
113,,28,貢寮區,45～49歲,45,49,不相關,0.0,女,結婚,高中職,相同性別,0
113,,28,貢寮區,45～49歲,45,49,不相關,0.0,男,結婚,博士,不同性別,0
113,,28,貢寮區,45～49歲,45,49,不相關,0.0,男,結婚,博士,相同性別,0
113,,28,貢寮區,45～49歲,45,49,不相關,0.0,男,結婚,國中,不同性別,0
113,,28,貢寮區,45～49歲,45,49,不相關,0.0,男,結婚,國中,相同性別,0
113,,28,貢寮區,45～49歲,45,49,不相關,0.0,男,結婚,國小以下,不同性別,0
113,,28,貢寮區,45～49歲,45,49,不相關,0.0,男,結婚,國小以下,相同性別,0
113,,28,貢寮區,45～49歲,45,49,不相關,0.0,男,結婚,大學,不同性別,0
113,,28,貢寮區,45～49歲,45,49,不相關,0.0,男,結婚,大學,相同性別,0
113,,28,貢寮區,45～49歲,45,49,不相關,0.0,男,結婚,專科,不同性別,0
113,,28,貢寮區,45～49歲,45,49,不相關,0.0,男,結婚,專科,相同性別,0
113,,28,貢寮區,45～49歲,45,49,不相關,0.0,男,結婚,碩士,不同性別,0
113,,28,貢寮區,45～49歲,45,49,不相關,0.0,男,結婚,碩士,相同性別,0
113,,28,貢寮區,45～49歲,45,49,不相關,0.0,男,結婚,高中職,不同性別,0
113,,28,貢寮區,45～49歲,45,49,不相關,0.0,男,結婚,高中職,相同性別,0
113,,28,貢寮區,50～54歲,50,54,不相關,0.0,女,結婚,博士,不同性別,0
113,,28,貢寮區,50～54歲,50,54,不相關,0.0,女,結婚,博士,相同性別,0
113,,28,貢寮區,50～54歲,50,54,不相關,0.0,女,結婚,國中,不同性別,0
113,,28,貢寮區,50～54歲,50,54,不相關,0.0,女,結婚,國中,相同性別,0
113,,28,貢寮區,50～54歲,50,54,不相關,0.0,女,結婚,國小以下,不同性別,0
113,,28,貢寮區,50～54歲,50,54,不相關,0.0,女,結婚,國小以下,相同性別,0
113,,28,貢寮區,50～54歲,50,54,不相關,0.0,女,結婚,大學,不同性別,0
113,,28,貢寮區,50～54歲,50,54,不相關,0.0,女,結婚,大學,相同性別,0
113,,28,貢寮區,50～54歲,50,54,不相關,0.0,女,結婚,專科,不同性別,0
113,,28,貢寮區,50～54歲,50,54,不相關,0.0,女,結婚,專科,相同性別,0
113,,28,貢寮區,50～54歲,50,54,不相關,0.0,女,結婚,碩士,不同性別,0
113,,28,貢寮區,50～54歲,50,54,不相關,0.0,女,結婚,碩士,相同性別,0
113,,28,貢寮區,50～54歲,50,54,不相關,0.0,女,結婚,高中職,不同性別,1
113,,28,貢寮區,50～54歲,50,54,不相關,0.0,女,結婚,高中職,相同性別,0
113,,28,貢寮區,50～54歲,50,54,不相關,0.0,男,結婚,博士,不同性別,0
113,,28,貢寮區,50～54歲,50,54,不相關,0.0,男,結婚,博士,相同性別,0
113,,28,貢寮區,50～54歲,50,54,不相關,0.0,男,結婚,國中,不同性別,0
113,,28,貢寮區,50～54歲,50,54,不相關,0.0,男,結婚,國中,相同性別,0
113,,28,貢寮區,50～54歲,50,54,不相關,0.0,男,結婚,國小以下,不同性別,0
113,,28,貢寮區,50～54歲,50,54,不相關,0.0,男,結婚,國小以下,相同性別,0
113,,28,貢寮區,50～54歲,50,54,不相關,0.0,男,結婚,大學,不同性別,0
113,,28,貢寮區,50～54歲,50,54,不相關,0.0,男,結婚,大學,相同性別,0
113,,28,貢寮區,50～54歲,50,54,不相關,0.0,男,結婚,專科,不同性別,0
113,,28,貢寮區,50～54歲,50,54,不相關,0.0,男,結婚,專科,相同性別,0
113,,28,貢寮區,50～54歲,50,54,不相關,0.0,男,結婚,碩士,不同性別,0
113,,28,貢寮區,50～54歲,50,54,不相關,0.0,男,結婚,碩士,相同性別,0
113,,28,貢寮區,50～54歲,50,54,不相關,0.0,男,結婚,高中職,不同性別,2
113,,28,貢寮區,50～54歲,50,54,不相關,0.0,男,結婚,高中職,相同性別,0
113,,28,貢寮區,55～59歲,55,59,不相關,0.0,女,結婚,博士,不同性別,0
113,,28,貢寮區,55～59歲,55,59,不相關,0.0,女,結婚,博士,相同性別,0
113,,28,貢寮區,55～59歲,55,59,不相關,0.0,女,結婚,國中,不同性別,0
113,,28,貢寮區,55～59歲,55,59,不相關,0.0,女,結婚,國中,相同性別,0
113,,28,貢寮區,55～59歲,55,59,不相關,0.0,女,結婚,國小以下,不同性別,0
113,,28,貢寮區,55～59歲,55,59,不相關,0.0,女,結婚,國小以下,相同性別,0
113,,28,貢寮區,55～59歲,55,59,不相關,0.0,女,結婚,大學,不同性別,0
113,,28,貢寮區,55～59歲,55,59,不相關,0.0,女,結婚,大學,相同性別,0
113,,28,貢寮區,55～59歲,55,59,不相關,0.0,女,結婚,專科,不同性別,0
113,,28,貢寮區,55～59歲,55,59,不相關,0.0,女,結婚,專科,相同性別,0
113,,28,貢寮區,55～59歲,55,59,不相關,0.0,女,結婚,碩士,不同性別,0
113,,28,貢寮區,55～59歲,55,59,不相關,0.0,女,結婚,碩士,相同性別,0
113,,28,貢寮區,55～59歲,55,59,不相關,0.0,女,結婚,高中職,不同性別,0
113,,28,貢寮區,55～59歲,55,59,不相關,0.0,女,結婚,高中職,相同性別,0
113,,28,貢寮區,55～59歲,55,59,不相關,0.0,男,結婚,博士,不同性別,0
113,,28,貢寮區,55～59歲,55,59,不相關,0.0,男,結婚,博士,相同性別,0
113,,28,貢寮區,55～59歲,55,59,不相關,0.0,男,結婚,國中,不同性別,0
113,,28,貢寮區,55～59歲,55,59,不相關,0.0,男,結婚,國中,相同性別,0
113,,28,貢寮區,55～59歲,55,59,不相關,0.0,男,結婚,國小以下,不同性別,0
113,,28,貢寮區,55～59歲,55,59,不相關,0.0,男,結婚,國小以下,相同性別,0
113,,28,貢寮區,55～59歲,55,59,不相關,0.0,男,結婚,大學,不同性別,0
113,,28,貢寮區,55～59歲,55,59,不相關,0.0,男,結婚,大學,相同性別,0
113,,28,貢寮區,55～59歲,55,59,不相關,0.0,男,結婚,專科,不同性別,0
113,,28,貢寮區,55～59歲,55,59,不相關,0.0,男,結婚,專科,相同性別,0
113,,28,貢寮區,55～59歲,55,59,不相關,0.0,男,結婚,碩士,不同性別,0
113,,28,貢寮區,55～59歲,55,59,不相關,0.0,男,結婚,碩士,相同性別,0
113,,28,貢寮區,55～59歲,55,59,不相關,0.0,男,結婚,高中職,不同性別,0
113,,28,貢寮區,55～59歲,55,59,不相關,0.0,男,結婚,高中職,相同性別,0
113,,28,貢寮區,60～64歲,60,64,不相關,0.0,女,結婚,博士,不同性別,0
113,,28,貢寮區,60～64歲,60,64,不相關,0.0,女,結婚,博士,相同性別,0
113,,28,貢寮區,60～64歲,60,64,不相關,0.0,女,結婚,國中,不同性別,0
113,,28,貢寮區,60～64歲,60,64,不相關,0.0,女,結婚,國中,相同性別,0
113,,28,貢寮區,60～64歲,60,64,不相關,0.0,女,結婚,國小以下,不同性別,0
113,,28,貢寮區,60～64歲,60,64,不相關,0.0,女,結婚,國小以下,相同性別,0
113,,28,貢寮區,60～64歲,60,64,不相關,0.0,女,結婚,大學,不同性別,0
113,,28,貢寮區,60～64歲,60,64,不相關,0.0,女,結婚,大學,相同性別,0
113,,28,貢寮區,60～64歲,60,64,不相關,0.0,女,結婚,專科,不同性別,0
113,,28,貢寮區,60～64歲,60,64,不相關,0.0,女,結婚,專科,相同性別,0
113,,28,貢寮區,60～64歲,60,64,不相關,0.0,女,結婚,碩士,不同性別,0
113,,28,貢寮區,60～64歲,60,64,不相關,0.0,女,結婚,碩士,相同性別,0
113,,28,貢寮區,60～64歲,60,64,不相關,0.0,女,結婚,高中職,不同性別,0
113,,28,貢寮區,60～64歲,60,64,不相關,0.0,女,結婚,高中職,相同性別,0
113,,28,貢寮區,60～64歲,60,64,不相關,0.0,男,結婚,博士,不同性別,0
113,,28,貢寮區,60～64歲,60,64,不相關,0.0,男,結婚,博士,相同性別,0
113,,28,貢寮區,60～64歲,60,64,不相關,0.0,男,結婚,國中,不同性別,0
113,,28,貢寮區,60～64歲,60,64,不相關,0.0,男,結婚,國中,相同性別,0
113,,28,貢寮區,60～64歲,60,64,不相關,0.0,男,結婚,國小以下,不同性別,0
113,,28,貢寮區,60～64歲,60,64,不相關,0.0,男,結婚,國小以下,相同性別,0
113,,28,貢寮區,60～64歲,60,64,不相關,0.0,男,結婚,大學,不同性別,0
113,,28,貢寮區,60～64歲,60,64,不相關,0.0,男,結婚,大學,相同性別,0
113,,28,貢寮區,60～64歲,60,64,不相關,0.0,男,結婚,專科,不同性別,0
113,,28,貢寮區,60～64歲,60,64,不相關,0.0,男,結婚,專科,相同性別,0
113,,28,貢寮區,60～64歲,60,64,不相關,0.0,男,結婚,碩士,不同性別,0
113,,28,貢寮區,60～64歲,60,64,不相關,0.0,男,結婚,碩士,相同性別,0
113,,28,貢寮區,60～64歲,60,64,不相關,0.0,男,結婚,高中職,不同性別,0
113,,28,貢寮區,60～64歲,60,64,不相關,0.0,男,結婚,高中職,相同性別,0
113,,28,貢寮區,65歲以上,65,120,不相關,0.0,女,結婚,博士,不同性別,0
113,,28,貢寮區,65歲以上,65,120,不相關,0.0,女,結婚,博士,相同性別,0
113,,28,貢寮區,65歲以上,65,120,不相關,0.0,女,結婚,國中,不同性別,0
113,,28,貢寮區,65歲以上,65,120,不相關,0.0,女,結婚,國中,相同性別,0
113,,28,貢寮區,65歲以上,65,120,不相關,0.0,女,結婚,國小以下,不同性別,0
113,,28,貢寮區,65歲以上,65,120,不相關,0.0,女,結婚,國小以下,相同性別,0
113,,28,貢寮區,65歲以上,65,120,不相關,0.0,女,結婚,大學,不同性別,0
113,,28,貢寮區,65歲以上,65,120,不相關,0.0,女,結婚,大學,相同性別,0
113,,28,貢寮區,65歲以上,65,120,不相關,0.0,女,結婚,專科,不同性別,0
113,,28,貢寮區,65歲以上,65,120,不相關,0.0,女,結婚,專科,相同性別,0
113,,28,貢寮區,65歲以上,65,120,不相關,0.0,女,結婚,碩士,不同性別,0
113,,28,貢寮區,65歲以上,65,120,不相關,0.0,女,結婚,碩士,相同性別,0
113,,28,貢寮區,65歲以上,65,120,不相關,0.0,女,結婚,高中職,不同性別,0
113,,28,貢寮區,65歲以上,65,120,不相關,0.0,女,結婚,高中職,相同性別,0
113,,28,貢寮區,65歲以上,65,120,不相關,0.0,男,結婚,博士,不同性別,0
113,,28,貢寮區,65歲以上,65,120,不相關,0.0,男,結婚,博士,相同性別,0
113,,28,貢寮區,65歲以上,65,120,不相關,0.0,男,結婚,國中,不同性別,0
113,,28,貢寮區,65歲以上,65,120,不相關,0.0,男,結婚,國中,相同性別,0
113,,28,貢寮區,65歲以上,65,120,不相關,0.0,男,結婚,國小以下,不同性別,0
113,,28,貢寮區,65歲以上,65,120,不相關,0.0,男,結婚,國小以下,相同性別,0
113,,28,貢寮區,65歲以上,65,120,不相關,0.0,男,結婚,大學,不同性別,1
113,,28,貢寮區,65歲以上,65,120,不相關,0.0,男,結婚,大學,相同性別,0
113,,28,貢寮區,65歲以上,65,120,不相關,0.0,男,結婚,專科,不同性別,0
113,,28,貢寮區,65歲以上,65,120,不相關,0.0,男,結婚,專科,相同性別,0
113,,28,貢寮區,65歲以上,65,120,不相關,0.0,男,結婚,碩士,不同性別,0
113,,28,貢寮區,65歲以上,65,120,不相關,0.0,男,結婚,碩士,相同性別,0
113,,28,貢寮區,65歲以上,65,120,不相關,0.0,男,結婚,高中職,不同性別,0
113,,28,貢寮區,65歲以上,65,120,不相關,0.0,男,結婚,高中職,相同性別,0
113,,29,烏來區,未滿15歲,0,14,不相關,0.0,女,結婚,博士,不同性別,0
113,,29,烏來區,未滿15歲,0,14,不相關,0.0,女,結婚,博士,相同性別,0
113,,29,烏來區,未滿15歲,0,14,不相關,0.0,女,結婚,國中,不同性別,0
113,,29,烏來區,未滿15歲,0,14,不相關,0.0,女,結婚,國中,相同性別,0
113,,29,烏來區,未滿15歲,0,14,不相關,0.0,女,結婚,國小以下,不同性別,0
113,,29,烏來區,未滿15歲,0,14,不相關,0.0,女,結婚,國小以下,相同性別,0
113,,29,烏來區,未滿15歲,0,14,不相關,0.0,女,結婚,大學,不同性別,0
113,,29,烏來區,未滿15歲,0,14,不相關,0.0,女,結婚,大學,相同性別,0
113,,29,烏來區,未滿15歲,0,14,不相關,0.0,女,結婚,專科,不同性別,0
113,,29,烏來區,未滿15歲,0,14,不相關,0.0,女,結婚,專科,相同性別,0
113,,29,烏來區,未滿15歲,0,14,不相關,0.0,女,結婚,碩士,不同性別,0
113,,29,烏來區,未滿15歲,0,14,不相關,0.0,女,結婚,碩士,相同性別,0
113,,29,烏來區,未滿15歲,0,14,不相關,0.0,女,結婚,高中職,不同性別,0
113,,29,烏來區,未滿15歲,0,14,不相關,0.0,女,結婚,高中職,相同性別,0
113,,29,烏來區,未滿15歲,0,14,不相關,0.0,男,結婚,博士,不同性別,0
113,,29,烏來區,未滿15歲,0,14,不相關,0.0,男,結婚,博士,相同性別,0
113,,29,烏來區,未滿15歲,0,14,不相關,0.0,男,結婚,國中,不同性別,0
113,,29,烏來區,未滿15歲,0,14,不相關,0.0,男,結婚,國中,相同性別,0
113,,29,烏來區,未滿15歲,0,14,不相關,0.0,男,結婚,國小以下,不同性別,0
113,,29,烏來區,未滿15歲,0,14,不相關,0.0,男,結婚,國小以下,相同性別,0
113,,29,烏來區,未滿15歲,0,14,不相關,0.0,男,結婚,大學,不同性別,0
113,,29,烏來區,未滿15歲,0,14,不相關,0.0,男,結婚,大學,相同性別,0
113,,29,烏來區,未滿15歲,0,14,不相關,0.0,男,結婚,專科,不同性別,0
113,,29,烏來區,未滿15歲,0,14,不相關,0.0,男,結婚,專科,相同性別,0
113,,29,烏來區,未滿15歲,0,14,不相關,0.0,男,結婚,碩士,不同性別,0
113,,29,烏來區,未滿15歲,0,14,不相關,0.0,男,結婚,碩士,相同性別,0
113,,29,烏來區,未滿15歲,0,14,不相關,0.0,男,結婚,高中職,不同性別,0
113,,29,烏來區,未滿15歲,0,14,不相關,0.0,男,結婚,高中職,相同性別,0
113,,29,烏來區,15～19歲,15,19,部分重疊,0.4,女,結婚,博士,不同性別,0
113,,29,烏來區,15～19歲,15,19,部分重疊,0.4,女,結婚,博士,相同性別,0
113,,29,烏來區,15～19歲,15,19,部分重疊,0.4,女,結婚,國中,不同性別,1
113,,29,烏來區,15～19歲,15,19,部分重疊,0.4,女,結婚,國中,相同性別,0
113,,29,烏來區,15～19歲,15,19,部分重疊,0.4,女,結婚,國小以下,不同性別,0
113,,29,烏來區,15～19歲,15,19,部分重疊,0.4,女,結婚,國小以下,相同性別,0
113,,29,烏來區,15～19歲,15,19,部分重疊,0.4,女,結婚,大學,不同性別,0
113,,29,烏來區,15～19歲,15,19,部分重疊,0.4,女,結婚,大學,相同性別,0
113,,29,烏來區,15～19歲,15,19,部分重疊,0.4,女,結婚,專科,不同性別,0
113,,29,烏來區,15～19歲,15,19,部分重疊,0.4,女,結婚,專科,相同性別,0
113,,29,烏來區,15～19歲,15,19,部分重疊,0.4,女,結婚,碩士,不同性別,0
113,,29,烏來區,15～19歲,15,19,部分重疊,0.4,女,結婚,碩士,相同性別,0
113,,29,烏來區,15～19歲,15,19,部分重疊,0.4,女,結婚,高中職,不同性別,1
113,,29,烏來區,15～19歲,15,19,部分重疊,0.4,女,結婚,高中職,相同性別,0
113,,29,烏來區,15～19歲,15,19,部分重疊,0.4,男,結婚,博士,不同性別,0
113,,29,烏來區,15～19歲,15,19,部分重疊,0.4,男,結婚,博士,相同性別,0
113,,29,烏來區,15～19歲,15,19,部分重疊,0.4,男,結婚,國中,不同性別,0
113,,29,烏來區,15～19歲,15,19,部分重疊,0.4,男,結婚,國中,相同性別,0
113,,29,烏來區,15～19歲,15,19,部分重疊,0.4,男,結婚,國小以下,不同性別,0
113,,29,烏來區,15～19歲,15,19,部分重疊,0.4,男,結婚,國小以下,相同性別,0
113,,29,烏來區,15～19歲,15,19,部分重疊,0.4,男,結婚,大學,不同性別,0
113,,29,烏來區,15～19歲,15,19,部分重疊,0.4,男,結婚,大學,相同性別,0
113,,29,烏來區,15～19歲,15,19,部分重疊,0.4,男,結婚,專科,不同性別,0
113,,29,烏來區,15～19歲,15,19,部分重疊,0.4,男,結婚,專科,相同性別,0
113,,29,烏來區,15～19歲,15,19,部分重疊,0.4,男,結婚,碩士,不同性別,0
113,,29,烏來區,15～19歲,15,19,部分重疊,0.4,男,結婚,碩士,相同性別,0
113,,29,烏來區,15～19歲,15,19,部分重疊,0.4,男,結婚,高中職,不同性別,0
113,,29,烏來區,15～19歲,15,19,部分重疊,0.4,男,結婚,高中職,相同性別,0
113,,29,烏來區,20～24歲,20,24,完全落入,1.0,女,結婚,博士,不同性別,0
113,,29,烏來區,20～24歲,20,24,完全落入,1.0,女,結婚,博士,相同性別,0
113,,29,烏來區,20～24歲,20,24,完全落入,1.0,女,結婚,國中,不同性別,1
113,,29,烏來區,20～24歲,20,24,完全落入,1.0,女,結婚,國中,相同性別,0
113,,29,烏來區,20～24歲,20,24,完全落入,1.0,女,結婚,國小以下,不同性別,0
113,,29,烏來區,20～24歲,20,24,完全落入,1.0,女,結婚,國小以下,相同性別,0
113,,29,烏來區,20～24歲,20,24,完全落入,1.0,女,結婚,大學,不同性別,0
113,,29,烏來區,20～24歲,20,24,完全落入,1.0,女,結婚,大學,相同性別,0
113,,29,烏來區,20～24歲,20,24,完全落入,1.0,女,結婚,專科,不同性別,1
113,,29,烏來區,20～24歲,20,24,完全落入,1.0,女,結婚,專科,相同性別,0
113,,29,烏來區,20～24歲,20,24,完全落入,1.0,女,結婚,碩士,不同性別,0
113,,29,烏來區,20～24歲,20,24,完全落入,1.0,女,結婚,碩士,相同性別,0
113,,29,烏來區,20～24歲,20,24,完全落入,1.0,女,結婚,高中職,不同性別,2
113,,29,烏來區,20～24歲,20,24,完全落入,1.0,女,結婚,高中職,相同性別,0
113,,29,烏來區,20～24歲,20,24,完全落入,1.0,男,結婚,博士,不同性別,0
113,,29,烏來區,20～24歲,20,24,完全落入,1.0,男,結婚,博士,相同性別,0
113,,29,烏來區,20～24歲,20,24,完全落入,1.0,男,結婚,國中,不同性別,2
113,,29,烏來區,20～24歲,20,24,完全落入,1.0,男,結婚,國中,相同性別,0
113,,29,烏來區,20～24歲,20,24,完全落入,1.0,男,結婚,國小以下,不同性別,0
113,,29,烏來區,20～24歲,20,24,完全落入,1.0,男,結婚,國小以下,相同性別,0
113,,29,烏來區,20～24歲,20,24,完全落入,1.0,男,結婚,大學,不同性別,0
113,,29,烏來區,20～24歲,20,24,完全落入,1.0,男,結婚,大學,相同性別,0
113,,29,烏來區,20～24歲,20,24,完全落入,1.0,男,結婚,專科,不同性別,0
113,,29,烏來區,20～24歲,20,24,完全落入,1.0,男,結婚,專科,相同性別,0
113,,29,烏來區,20～24歲,20,24,完全落入,1.0,男,結婚,碩士,不同性別,0
113,,29,烏來區,20～24歲,20,24,完全落入,1.0,男,結婚,碩士,相同性別,0
113,,29,烏來區,20～24歲,20,24,完全落入,1.0,男,結婚,高中職,不同性別,2
113,,29,烏來區,20～24歲,20,24,完全落入,1.0,男,結婚,高中職,相同性別,0
113,,29,烏來區,25～29歲,25,29,完全落入,1.0,女,結婚,博士,不同性別,0
113,,29,烏來區,25～29歲,25,29,完全落入,1.0,女,結婚,博士,相同性別,0
113,,29,烏來區,25～29歲,25,29,完全落入,1.0,女,結婚,國中,不同性別,2
113,,29,烏來區,25～29歲,25,29,完全落入,1.0,女,結婚,國中,相同性別,0
113,,29,烏來區,25～29歲,25,29,完全落入,1.0,女,結婚,國小以下,不同性別,0
113,,29,烏來區,25～29歲,25,29,完全落入,1.0,女,結婚,國小以下,相同性別,0
113,,29,烏來區,25～29歲,25,29,完全落入,1.0,女,結婚,大學,不同性別,1
113,,29,烏來區,25～29歲,25,29,完全落入,1.0,女,結婚,大學,相同性別,0
113,,29,烏來區,25～29歲,25,29,完全落入,1.0,女,結婚,專科,不同性別,0
113,,29,烏來區,25～29歲,25,29,完全落入,1.0,女,結婚,專科,相同性別,0
113,,29,烏來區,25～29歲,25,29,完全落入,1.0,女,結婚,碩士,不同性別,0
113,,29,烏來區,25～29歲,25,29,完全落入,1.0,女,結婚,碩士,相同性別,0
113,,29,烏來區,25～29歲,25,29,完全落入,1.0,女,結婚,高中職,不同性別,0
113,,29,烏來區,25～29歲,25,29,完全落入,1.0,女,結婚,高中職,相同性別,1
113,,29,烏來區,25～29歲,25,29,完全落入,1.0,男,結婚,博士,不同性別,0
113,,29,烏來區,25～29歲,25,29,完全落入,1.0,男,結婚,博士,相同性別,0
113,,29,烏來區,25～29歲,25,29,完全落入,1.0,男,結婚,國中,不同性別,1
113,,29,烏來區,25～29歲,25,29,完全落入,1.0,男,結婚,國中,相同性別,0
113,,29,烏來區,25～29歲,25,29,完全落入,1.0,男,結婚,國小以下,不同性別,0
113,,29,烏來區,25～29歲,25,29,完全落入,1.0,男,結婚,國小以下,相同性別,0
113,,29,烏來區,25～29歲,25,29,完全落入,1.0,男,結婚,大學,不同性別,2
113,,29,烏來區,25～29歲,25,29,完全落入,1.0,男,結婚,大學,相同性別,0
113,,29,烏來區,25～29歲,25,29,完全落入,1.0,男,結婚,專科,不同性別,0
113,,29,烏來區,25～29歲,25,29,完全落入,1.0,男,結婚,專科,相同性別,0
113,,29,烏來區,25～29歲,25,29,完全落入,1.0,男,結婚,碩士,不同性別,0
113,,29,烏來區,25～29歲,25,29,完全落入,1.0,男,結婚,碩士,相同性別,0
113,,29,烏來區,25～29歲,25,29,完全落入,1.0,男,結婚,高中職,不同性別,0
113,,29,烏來區,25～29歲,25,29,完全落入,1.0,男,結婚,高中職,相同性別,0
113,,29,烏來區,30～34歲,30,34,完全落入,1.0,女,結婚,博士,不同性別,0
113,,29,烏來區,30～34歲,30,34,完全落入,1.0,女,結婚,博士,相同性別,0
113,,29,烏來區,30～34歲,30,34,完全落入,1.0,女,結婚,國中,不同性別,0
113,,29,烏來區,30～34歲,30,34,完全落入,1.0,女,結婚,國中,相同性別,0
113,,29,烏來區,30～34歲,30,34,完全落入,1.0,女,結婚,國小以下,不同性別,0
113,,29,烏來區,30～34歲,30,34,完全落入,1.0,女,結婚,國小以下,相同性別,0
113,,29,烏來區,30～34歲,30,34,完全落入,1.0,女,結婚,大學,不同性別,0
113,,29,烏來區,30～34歲,30,34,完全落入,1.0,女,結婚,大學,相同性別,0
113,,29,烏來區,30～34歲,30,34,完全落入,1.0,女,結婚,專科,不同性別,1
113,,29,烏來區,30～34歲,30,34,完全落入,1.0,女,結婚,專科,相同性別,0
113,,29,烏來區,30～34歲,30,34,完全落入,1.0,女,結婚,碩士,不同性別,1
113,,29,烏來區,30～34歲,30,34,完全落入,1.0,女,結婚,碩士,相同性別,0
113,,29,烏來區,30～34歲,30,34,完全落入,1.0,女,結婚,高中職,不同性別,0
113,,29,烏來區,30～34歲,30,34,完全落入,1.0,女,結婚,高中職,相同性別,1
113,,29,烏來區,30～34歲,30,34,完全落入,1.0,男,結婚,博士,不同性別,0
113,,29,烏來區,30～34歲,30,34,完全落入,1.0,男,結婚,博士,相同性別,0
113,,29,烏來區,30～34歲,30,34,完全落入,1.0,男,結婚,國中,不同性別,0
113,,29,烏來區,30～34歲,30,34,完全落入,1.0,男,結婚,國中,相同性別,0
113,,29,烏來區,30～34歲,30,34,完全落入,1.0,男,結婚,國小以下,不同性別,0
113,,29,烏來區,30～34歲,30,34,完全落入,1.0,男,結婚,國小以下,相同性別,0
113,,29,烏來區,30～34歲,30,34,完全落入,1.0,男,結婚,大學,不同性別,0
113,,29,烏來區,30～34歲,30,34,完全落入,1.0,男,結婚,大學,相同性別,0
113,,29,烏來區,30～34歲,30,34,完全落入,1.0,男,結婚,專科,不同性別,0
113,,29,烏來區,30～34歲,30,34,完全落入,1.0,男,結婚,專科,相同性別,0
113,,29,烏來區,30～34歲,30,34,完全落入,1.0,男,結婚,碩士,不同性別,0
113,,29,烏來區,30～34歲,30,34,完全落入,1.0,男,結婚,碩士,相同性別,0
113,,29,烏來區,30～34歲,30,34,完全落入,1.0,男,結婚,高中職,不同性別,3
113,,29,烏來區,30～34歲,30,34,完全落入,1.0,男,結婚,高中職,相同性別,0
113,,29,烏來區,35～39歲,35,39,部分重疊,0.2,女,結婚,博士,不同性別,0
113,,29,烏來區,35～39歲,35,39,部分重疊,0.2,女,結婚,博士,相同性別,0
113,,29,烏來區,35～39歲,35,39,部分重疊,0.2,女,結婚,國中,不同性別,0
113,,29,烏來區,35～39歲,35,39,部分重疊,0.2,女,結婚,國中,相同性別,1
113,,29,烏來區,35～39歲,35,39,部分重疊,0.2,女,結婚,國小以下,不同性別,0
113,,29,烏來區,35～39歲,35,39,部分重疊,0.2,女,結婚,國小以下,相同性別,0
113,,29,烏來區,35～39歲,35,39,部分重疊,0.2,女,結婚,大學,不同性別,1
113,,29,烏來區,35～39歲,35,39,部分重疊,0.2,女,結婚,大學,相同性別,0
113,,29,烏來區,35～39歲,35,39,部分重疊,0.2,女,結婚,專科,不同性別,0
113,,29,烏來區,35～39歲,35,39,部分重疊,0.2,女,結婚,專科,相同性別,0
113,,29,烏來區,35～39歲,35,39,部分重疊,0.2,女,結婚,碩士,不同性別,0
113,,29,烏來區,35～39歲,35,39,部分重疊,0.2,女,結婚,碩士,相同性別,0
113,,29,烏來區,35～39歲,35,39,部分重疊,0.2,女,結婚,高中職,不同性別,2
113,,29,烏來區,35～39歲,35,39,部分重疊,0.2,女,結婚,高中職,相同性別,0
113,,29,烏來區,35～39歲,35,39,部分重疊,0.2,男,結婚,博士,不同性別,0
113,,29,烏來區,35～39歲,35,39,部分重疊,0.2,男,結婚,博士,相同性別,0
113,,29,烏來區,35～39歲,35,39,部分重疊,0.2,男,結婚,國中,不同性別,1
113,,29,烏來區,35～39歲,35,39,部分重疊,0.2,男,結婚,國中,相同性別,0
113,,29,烏來區,35～39歲,35,39,部分重疊,0.2,男,結婚,國小以下,不同性別,0
113,,29,烏來區,35～39歲,35,39,部分重疊,0.2,男,結婚,國小以下,相同性別,0
113,,29,烏來區,35～39歲,35,39,部分重疊,0.2,男,結婚,大學,不同性別,1
113,,29,烏來區,35～39歲,35,39,部分重疊,0.2,男,結婚,大學,相同性別,0
113,,29,烏來區,35～39歲,35,39,部分重疊,0.2,男,結婚,專科,不同性別,0
113,,29,烏來區,35～39歲,35,39,部分重疊,0.2,男,結婚,專科,相同性別,0
113,,29,烏來區,35～39歲,35,39,部分重疊,0.2,男,結婚,碩士,不同性別,0
113,,29,烏來區,35～39歲,35,39,部分重疊,0.2,男,結婚,碩士,相同性別,0
113,,29,烏來區,35～39歲,35,39,部分重疊,0.2,男,結婚,高中職,不同性別,0
113,,29,烏來區,35～39歲,35,39,部分重疊,0.2,男,結婚,高中職,相同性別,0
113,,29,烏來區,40～44歲,40,44,不相關,0.0,女,結婚,博士,不同性別,0
113,,29,烏來區,40～44歲,40,44,不相關,0.0,女,結婚,博士,相同性別,0
113,,29,烏來區,40～44歲,40,44,不相關,0.0,女,結婚,國中,不同性別,0
113,,29,烏來區,40～44歲,40,44,不相關,0.0,女,結婚,國中,相同性別,0
113,,29,烏來區,40～44歲,40,44,不相關,0.0,女,結婚,國小以下,不同性別,0
113,,29,烏來區,40～44歲,40,44,不相關,0.0,女,結婚,國小以下,相同性別,0
113,,29,烏來區,40～44歲,40,44,不相關,0.0,女,結婚,大學,不同性別,0
113,,29,烏來區,40～44歲,40,44,不相關,0.0,女,結婚,大學,相同性別,0
113,,29,烏來區,40～44歲,40,44,不相關,0.0,女,結婚,專科,不同性別,0
113,,29,烏來區,40～44歲,40,44,不相關,0.0,女,結婚,專科,相同性別,0
113,,29,烏來區,40～44歲,40,44,不相關,0.0,女,結婚,碩士,不同性別,0
113,,29,烏來區,40～44歲,40,44,不相關,0.0,女,結婚,碩士,相同性別,0
113,,29,烏來區,40～44歲,40,44,不相關,0.0,女,結婚,高中職,不同性別,0
113,,29,烏來區,40～44歲,40,44,不相關,0.0,女,結婚,高中職,相同性別,0
113,,29,烏來區,40～44歲,40,44,不相關,0.0,男,結婚,博士,不同性別,0
113,,29,烏來區,40～44歲,40,44,不相關,0.0,男,結婚,博士,相同性別,0
113,,29,烏來區,40～44歲,40,44,不相關,0.0,男,結婚,國中,不同性別,0
113,,29,烏來區,40～44歲,40,44,不相關,0.0,男,結婚,國中,相同性別,0
113,,29,烏來區,40～44歲,40,44,不相關,0.0,男,結婚,國小以下,不同性別,0
113,,29,烏來區,40～44歲,40,44,不相關,0.0,男,結婚,國小以下,相同性別,0
113,,29,烏來區,40～44歲,40,44,不相關,0.0,男,結婚,大學,不同性別,0
113,,29,烏來區,40～44歲,40,44,不相關,0.0,男,結婚,大學,相同性別,0
113,,29,烏來區,40～44歲,40,44,不相關,0.0,男,結婚,專科,不同性別,1
113,,29,烏來區,40～44歲,40,44,不相關,0.0,男,結婚,專科,相同性別,0
113,,29,烏來區,40～44歲,40,44,不相關,0.0,男,結婚,碩士,不同性別,0
113,,29,烏來區,40～44歲,40,44,不相關,0.0,男,結婚,碩士,相同性別,0
113,,29,烏來區,40～44歲,40,44,不相關,0.0,男,結婚,高中職,不同性別,0
113,,29,烏來區,40～44歲,40,44,不相關,0.0,男,結婚,高中職,相同性別,0
113,,29,烏來區,45～49歲,45,49,不相關,0.0,女,結婚,博士,不同性別,0
113,,29,烏來區,45～49歲,45,49,不相關,0.0,女,結婚,博士,相同性別,0
113,,29,烏來區,45～49歲,45,49,不相關,0.0,女,結婚,國中,不同性別,0
113,,29,烏來區,45～49歲,45,49,不相關,0.0,女,結婚,國中,相同性別,0
113,,29,烏來區,45～49歲,45,49,不相關,0.0,女,結婚,國小以下,不同性別,0
113,,29,烏來區,45～49歲,45,49,不相關,0.0,女,結婚,國小以下,相同性別,0
113,,29,烏來區,45～49歲,45,49,不相關,0.0,女,結婚,大學,不同性別,0
113,,29,烏來區,45～49歲,45,49,不相關,0.0,女,結婚,大學,相同性別,0
113,,29,烏來區,45～49歲,45,49,不相關,0.0,女,結婚,專科,不同性別,0
113,,29,烏來區,45～49歲,45,49,不相關,0.0,女,結婚,專科,相同性別,0
113,,29,烏來區,45～49歲,45,49,不相關,0.0,女,結婚,碩士,不同性別,0
113,,29,烏來區,45～49歲,45,49,不相關,0.0,女,結婚,碩士,相同性別,0
113,,29,烏來區,45～49歲,45,49,不相關,0.0,女,結婚,高中職,不同性別,0
113,,29,烏來區,45～49歲,45,49,不相關,0.0,女,結婚,高中職,相同性別,0
113,,29,烏來區,45～49歲,45,49,不相關,0.0,男,結婚,博士,不同性別,0
113,,29,烏來區,45～49歲,45,49,不相關,0.0,男,結婚,博士,相同性別,0
113,,29,烏來區,45～49歲,45,49,不相關,0.0,男,結婚,國中,不同性別,0
113,,29,烏來區,45～49歲,45,49,不相關,0.0,男,結婚,國中,相同性別,0
113,,29,烏來區,45～49歲,45,49,不相關,0.0,男,結婚,國小以下,不同性別,0
113,,29,烏來區,45～49歲,45,49,不相關,0.0,男,結婚,國小以下,相同性別,0
113,,29,烏來區,45～49歲,45,49,不相關,0.0,男,結婚,大學,不同性別,0
113,,29,烏來區,45～49歲,45,49,不相關,0.0,男,結婚,大學,相同性別,0
113,,29,烏來區,45～49歲,45,49,不相關,0.0,男,結婚,專科,不同性別,0
113,,29,烏來區,45～49歲,45,49,不相關,0.0,男,結婚,專科,相同性別,0
113,,29,烏來區,45～49歲,45,49,不相關,0.0,男,結婚,碩士,不同性別,0
113,,29,烏來區,45～49歲,45,49,不相關,0.0,男,結婚,碩士,相同性別,0
113,,29,烏來區,45～49歲,45,49,不相關,0.0,男,結婚,高中職,不同性別,1
113,,29,烏來區,45～49歲,45,49,不相關,0.0,男,結婚,高中職,相同性別,0
113,,29,烏來區,50～54歲,50,54,不相關,0.0,女,結婚,博士,不同性別,0
113,,29,烏來區,50～54歲,50,54,不相關,0.0,女,結婚,博士,相同性別,0
113,,29,烏來區,50～54歲,50,54,不相關,0.0,女,結婚,國中,不同性別,1
113,,29,烏來區,50～54歲,50,54,不相關,0.0,女,結婚,國中,相同性別,0
113,,29,烏來區,50～54歲,50,54,不相關,0.0,女,結婚,國小以下,不同性別,0
113,,29,烏來區,50～54歲,50,54,不相關,0.0,女,結婚,國小以下,相同性別,0
113,,29,烏來區,50～54歲,50,54,不相關,0.0,女,結婚,大學,不同性別,0
113,,29,烏來區,50～54歲,50,54,不相關,0.0,女,結婚,大學,相同性別,0
113,,29,烏來區,50～54歲,50,54,不相關,0.0,女,結婚,專科,不同性別,0
113,,29,烏來區,50～54歲,50,54,不相關,0.0,女,結婚,專科,相同性別,0
113,,29,烏來區,50～54歲,50,54,不相關,0.0,女,結婚,碩士,不同性別,0
113,,29,烏來區,50～54歲,50,54,不相關,0.0,女,結婚,碩士,相同性別,0
113,,29,烏來區,50～54歲,50,54,不相關,0.0,女,結婚,高中職,不同性別,0
113,,29,烏來區,50～54歲,50,54,不相關,0.0,女,結婚,高中職,相同性別,1
113,,29,烏來區,50～54歲,50,54,不相關,0.0,男,結婚,博士,不同性別,0
113,,29,烏來區,50～54歲,50,54,不相關,0.0,男,結婚,博士,相同性別,0
113,,29,烏來區,50～54歲,50,54,不相關,0.0,男,結婚,國中,不同性別,0
113,,29,烏來區,50～54歲,50,54,不相關,0.0,男,結婚,國中,相同性別,0
113,,29,烏來區,50～54歲,50,54,不相關,0.0,男,結婚,國小以下,不同性別,0
113,,29,烏來區,50～54歲,50,54,不相關,0.0,男,結婚,國小以下,相同性別,0
113,,29,烏來區,50～54歲,50,54,不相關,0.0,男,結婚,大學,不同性別,0
113,,29,烏來區,50～54歲,50,54,不相關,0.0,男,結婚,大學,相同性別,0
113,,29,烏來區,50～54歲,50,54,不相關,0.0,男,結婚,專科,不同性別,0
113,,29,烏來區,50～54歲,50,54,不相關,0.0,男,結婚,專科,相同性別,0
113,,29,烏來區,50～54歲,50,54,不相關,0.0,男,結婚,碩士,不同性別,0
113,,29,烏來區,50～54歲,50,54,不相關,0.0,男,結婚,碩士,相同性別,0
113,,29,烏來區,50～54歲,50,54,不相關,0.0,男,結婚,高中職,不同性別,0
113,,29,烏來區,50～54歲,50,54,不相關,0.0,男,結婚,高中職,相同性別,0
113,,29,烏來區,55～59歲,55,59,不相關,0.0,女,結婚,博士,不同性別,0
113,,29,烏來區,55～59歲,55,59,不相關,0.0,女,結婚,博士,相同性別,0
113,,29,烏來區,55～59歲,55,59,不相關,0.0,女,結婚,國中,不同性別,0
113,,29,烏來區,55～59歲,55,59,不相關,0.0,女,結婚,國中,相同性別,0
113,,29,烏來區,55～59歲,55,59,不相關,0.0,女,結婚,國小以下,不同性別,0
113,,29,烏來區,55～59歲,55,59,不相關,0.0,女,結婚,國小以下,相同性別,0
113,,29,烏來區,55～59歲,55,59,不相關,0.0,女,結婚,大學,不同性別,0
113,,29,烏來區,55～59歲,55,59,不相關,0.0,女,結婚,大學,相同性別,0
113,,29,烏來區,55～59歲,55,59,不相關,0.0,女,結婚,專科,不同性別,0
113,,29,烏來區,55～59歲,55,59,不相關,0.0,女,結婚,專科,相同性別,0
113,,29,烏來區,55～59歲,55,59,不相關,0.0,女,結婚,碩士,不同性別,0
113,,29,烏來區,55～59歲,55,59,不相關,0.0,女,結婚,碩士,相同性別,0
113,,29,烏來區,55～59歲,55,59,不相關,0.0,女,結婚,高中職,不同性別,0
113,,29,烏來區,55～59歲,55,59,不相關,0.0,女,結婚,高中職,相同性別,0
113,,29,烏來區,55～59歲,55,59,不相關,0.0,男,結婚,博士,不同性別,0
113,,29,烏來區,55～59歲,55,59,不相關,0.0,男,結婚,博士,相同性別,0
113,,29,烏來區,55～59歲,55,59,不相關,0.0,男,結婚,國中,不同性別,0
113,,29,烏來區,55～59歲,55,59,不相關,0.0,男,結婚,國中,相同性別,0
113,,29,烏來區,55～59歲,55,59,不相關,0.0,男,結婚,國小以下,不同性別,0
113,,29,烏來區,55～59歲,55,59,不相關,0.0,男,結婚,國小以下,相同性別,0
113,,29,烏來區,55～59歲,55,59,不相關,0.0,男,結婚,大學,不同性別,0
113,,29,烏來區,55～59歲,55,59,不相關,0.0,男,結婚,大學,相同性別,0
113,,29,烏來區,55～59歲,55,59,不相關,0.0,男,結婚,專科,不同性別,0
113,,29,烏來區,55～59歲,55,59,不相關,0.0,男,結婚,專科,相同性別,0
113,,29,烏來區,55～59歲,55,59,不相關,0.0,男,結婚,碩士,不同性別,0
113,,29,烏來區,55～59歲,55,59,不相關,0.0,男,結婚,碩士,相同性別,0
113,,29,烏來區,55～59歲,55,59,不相關,0.0,男,結婚,高中職,不同性別,0
113,,29,烏來區,55～59歲,55,59,不相關,0.0,男,結婚,高中職,相同性別,0
113,,29,烏來區,60～64歲,60,64,不相關,0.0,女,結婚,博士,不同性別,0
113,,29,烏來區,60～64歲,60,64,不相關,0.0,女,結婚,博士,相同性別,0
113,,29,烏來區,60～64歲,60,64,不相關,0.0,女,結婚,國中,不同性別,0
113,,29,烏來區,60～64歲,60,64,不相關,0.0,女,結婚,國中,相同性別,0
113,,29,烏來區,60～64歲,60,64,不相關,0.0,女,結婚,國小以下,不同性別,0
113,,29,烏來區,60～64歲,60,64,不相關,0.0,女,結婚,國小以下,相同性別,0
113,,29,烏來區,60～64歲,60,64,不相關,0.0,女,結婚,大學,不同性別,0
113,,29,烏來區,60～64歲,60,64,不相關,0.0,女,結婚,大學,相同性別,0
113,,29,烏來區,60～64歲,60,64,不相關,0.0,女,結婚,專科,不同性別,0
113,,29,烏來區,60～64歲,60,64,不相關,0.0,女,結婚,專科,相同性別,0
113,,29,烏來區,60～64歲,60,64,不相關,0.0,女,結婚,碩士,不同性別,0
113,,29,烏來區,60～64歲,60,64,不相關,0.0,女,結婚,碩士,相同性別,0
113,,29,烏來區,60～64歲,60,64,不相關,0.0,女,結婚,高中職,不同性別,0
113,,29,烏來區,60～64歲,60,64,不相關,0.0,女,結婚,高中職,相同性別,0
113,,29,烏來區,60～64歲,60,64,不相關,0.0,男,結婚,博士,不同性別,0
113,,29,烏來區,60～64歲,60,64,不相關,0.0,男,結婚,博士,相同性別,0
113,,29,烏來區,60～64歲,60,64,不相關,0.0,男,結婚,國中,不同性別,0
113,,29,烏來區,60～64歲,60,64,不相關,0.0,男,結婚,國中,相同性別,0
113,,29,烏來區,60～64歲,60,64,不相關,0.0,男,結婚,國小以下,不同性別,0
113,,29,烏來區,60～64歲,60,64,不相關,0.0,男,結婚,國小以下,相同性別,0
113,,29,烏來區,60～64歲,60,64,不相關,0.0,男,結婚,大學,不同性別,0
113,,29,烏來區,60～64歲,60,64,不相關,0.0,男,結婚,大學,相同性別,0
113,,29,烏來區,60～64歲,60,64,不相關,0.0,男,結婚,專科,不同性別,0
113,,29,烏來區,60～64歲,60,64,不相關,0.0,男,結婚,專科,相同性別,0
113,,29,烏來區,60～64歲,60,64,不相關,0.0,男,結婚,碩士,不同性別,0
113,,29,烏來區,60～64歲,60,64,不相關,0.0,男,結婚,碩士,相同性別,0
113,,29,烏來區,60～64歲,60,64,不相關,0.0,男,結婚,高中職,不同性別,0
113,,29,烏來區,60～64歲,60,64,不相關,0.0,男,結婚,高中職,相同性別,0
113,,29,烏來區,65歲以上,65,120,不相關,0.0,女,結婚,博士,不同性別,0
113,,29,烏來區,65歲以上,65,120,不相關,0.0,女,結婚,博士,相同性別,0
113,,29,烏來區,65歲以上,65,120,不相關,0.0,女,結婚,國中,不同性別,0
113,,29,烏來區,65歲以上,65,120,不相關,0.0,女,結婚,國中,相同性別,0
113,,29,烏來區,65歲以上,65,120,不相關,0.0,女,結婚,國小以下,不同性別,0
113,,29,烏來區,65歲以上,65,120,不相關,0.0,女,結婚,國小以下,相同性別,0
113,,29,烏來區,65歲以上,65,120,不相關,0.0,女,結婚,大學,不同性別,0
113,,29,烏來區,65歲以上,65,120,不相關,0.0,女,結婚,大學,相同性別,0
113,,29,烏來區,65歲以上,65,120,不相關,0.0,女,結婚,專科,不同性別,0
113,,29,烏來區,65歲以上,65,120,不相關,0.0,女,結婚,專科,相同性別,0
113,,29,烏來區,65歲以上,65,120,不相關,0.0,女,結婚,碩士,不同性別,0
113,,29,烏來區,65歲以上,65,120,不相關,0.0,女,結婚,碩士,相同性別,0
113,,29,烏來區,65歲以上,65,120,不相關,0.0,女,結婚,高中職,不同性別,0
113,,29,烏來區,65歲以上,65,120,不相關,0.0,女,結婚,高中職,相同性別,0
113,,29,烏來區,65歲以上,65,120,不相關,0.0,男,結婚,博士,不同性別,0
113,,29,烏來區,65歲以上,65,120,不相關,0.0,男,結婚,博士,相同性別,0
113,,29,烏來區,65歲以上,65,120,不相關,0.0,男,結婚,國中,不同性別,1
113,,29,烏來區,65歲以上,65,120,不相關,0.0,男,結婚,國中,相同性別,0
113,,29,烏來區,65歲以上,65,120,不相關,0.0,男,結婚,國小以下,不同性別,0
113,,29,烏來區,65歲以上,65,120,不相關,0.0,男,結婚,國小以下,相同性別,0
113,,29,烏來區,65歲以上,65,120,不相關,0.0,男,結婚,大學,不同性別,0
113,,29,烏來區,65歲以上,65,120,不相關,0.0,男,結婚,大學,相同性別,0
113,,29,烏來區,65歲以上,65,120,不相關,0.0,男,結婚,專科,不同性別,0
113,,29,烏來區,65歲以上,65,120,不相關,0.0,男,結婚,專科,相同性別,0
113,,29,烏來區,65歲以上,65,120,不相關,0.0,男,結婚,碩士,不同性別,0
113,,29,烏來區,65歲以上,65,120,不相關,0.0,男,結婚,碩士,相同性別,0
113,,29,烏來區,65歲以上,65,120,不相關,0.0,男,結婚,高中職,不同性別,0
113,,29,烏來區,65歲以上,65,120,不相關,0.0,男,結婚,高中職,相同性別,0
