民國年,月,區代碼,行政區,年齡標籤,年齡下限,年齡上限,青年關係,青年權重,性別,主題,機關,資料集,標籤欄,數值欄序號,欄位名稱待補,人數
99,,,,,,,欄位未定義,0.0,,交通,新北市政府主計處,大眾交通工具駕駛人員,2010,item value2,是（欄位說明僅存於新北市統計年報）,980.0
99,,,,,,,欄位未定義,0.0,,交通,新北市政府主計處,大眾交通工具駕駛人員,2010,item value3,是（欄位說明僅存於新北市統計年報）,19.0
99,,,,,,,欄位未定義,0.0,,交通,新北市政府主計處,大眾交通工具駕駛人員,2010,item value4,是（欄位說明僅存於新北市統計年報）,28857.0
99,,,,,,,欄位未定義,0.0,,交通,新北市政府主計處,大眾交通工具駕駛人員,2010,item value5,是（欄位說明僅存於新北市統計年報）,561.0
99,,,,,,,欄位未定義,0.0,,交通,新北市政府主計處,大眾交通工具駕駛人員,2010,item value6,是（欄位說明僅存於新北市統計年報）,98.0980980981
99,,,,,,,欄位未定義,0.0,,交通,新北市政府主計處,大眾交通工具駕駛人員,2010,item value7,是（欄位說明僅存於新北市統計年報）,1.9019019019
99,,,,,,,欄位未定義,0.0,,交通,新北市政府主計處,大眾交通工具駕駛人員,2010,item value8,是（欄位說明僅存於新北市統計年報）,98.0930042831
99,,,,,,,欄位未定義,0.0,,交通,新北市政府主計處,大眾交通工具駕駛人員,2010,item value9,是（欄位說明僅存於新北市統計年報）,1.9069957169
99,,,,,,,欄位未定義,0.0,,交通,新北市政府主計處,領有駕駛執照數,2010,item value2,是（欄位說明僅存於新北市統計年報）,2436.991
99,,,,,,,欄位未定義,0.0,,交通,新北市政府主計處,領有駕駛執照數,2010,item value3,是（欄位說明僅存於新北市統計年報）,1436.438
99,,,,,,,欄位未定義,0.0,,交通,新北市政府主計處,領有駕駛執照數,2010,item value4,是（欄位說明僅存於新北市統計年報）,62.9155975235
99,,,,,,,欄位未定義,0.0,,交通,新北市政府主計處,領有駕駛執照數,2010,item value5,是（欄位說明僅存於新北市統計年報）,37.0844024765
99,,,,,,,欄位未定義,0.0,,交通,新北市政府主計處,領有駕駛執照數,2010,item value6,是（欄位說明僅存於新北市統計年報）,48.2569693528
99,,,,,,,欄位未定義,0.0,,交通,新北市政府主計處,領有駕駛執照數,2010,item value7,是（欄位說明僅存於新北市統計年報）,46.1932224015
99,,,,,,,欄位未定義,0.0,,交通,新北市政府主計處,領有駕駛執照數,2010,item value8,是（欄位說明僅存於新北市統計年報）,4.0157308747
99,,,,,,,欄位未定義,0.0,,交通,新北市政府主計處,領有駕駛執照數,2010,item value9,是（欄位說明僅存於新北市統計年報）,0.1533654777
99,,,,,,,欄位未定義,0.0,,交通,新北市政府主計處,領有駕駛執照數,2010,item value10,是（欄位說明僅存於新北市統計年報）,3.1973445942
99,,,,,,,欄位未定義,0.0,,交通,新北市政府主計處,領有駕駛執照數,2010,item value11,是（欄位說明僅存於新北市統計年報）,0.0674585328
99,,,,,,,欄位未定義,0.0,,交通,新北市政府主計處,領有駕駛執照數,2010,item value12,是（欄位說明僅存於新北市統計年報）,41.0438938839
99,,,,,,,欄位未定義,0.0,,交通,新北市政府主計處,領有駕駛執照數,2010,item value13,是（欄位說明僅存於新北市統計年報）,45.972398391
99,,,,,,,欄位未定義,0.0,,交通,新北市政府主計處,領有駕駛執照數,2010,item value14,是（欄位說明僅存於新北市統計年報）,51.7430306472
99,,,,,,,欄位未定義,0.0,,交通,新北市政府主計處,領有駕駛執照數,2010,item value15,是（欄位說明僅存於新北市統計年報）,53.8067775985
99,,,,,,,欄位未定義,0.0,,交通,新北市政府主計處,領有駕駛執照數,2010,item value16,是（欄位說明僅存於新北市統計年報）,0.953840207
99,,,,,,,欄位未定義,0.0,,交通,新北市政府主計處,領有駕駛執照數,2010,item value17,是（欄位說明僅存於新北市統計年報）,0.0390549401
99,,,,,,,欄位未定義,0.0,,交通,新北市政府主計處,領有駕駛執照數,2010,item value18,是（欄位說明僅存於新北市統計年報）,50.0484408847
99,,,,,,,欄位未定義,0.0,,交通,新北市政府主計處,領有駕駛執照數,2010,item value19,是（欄位說明僅存於新北市統計年報）,41.2781477516
99,,,,,,,欄位未定義,0.0,,交通,新北市政府主計處,領有駕駛執照數,2010,item value20,是（欄位說明僅存於新北市統計年報）,0.7407495555
99,,,,,,,欄位未定義,0.0,,交通,新北市政府主計處,領有駕駛執照數,2010,item value21,是（欄位說明僅存於新北市統計年報）,12.4895749068
99,,,,,,,欄位未定義,0.0,,交通,新北市政府警察局,每年新北市A1交通事故原因及死傷人數,99 | 土城分局,field1,是（欄位說明僅存於新北市統計年報）,6.0
99,,,,,,,欄位未定義,0.0,,交通,新北市政府警察局,每年新北市A1交通事故原因及死傷人數,99 | 中和第二分局,field1,是（欄位說明僅存於新北市統計年報）,6.0
99,,,,,,,欄位未定義,0.0,,交通,新北市政府警察局,每年新北市A1交通事故原因及死傷人數,99 | 三峽分局,field1,是（欄位說明僅存於新北市統計年報）,14.0
99,,,,,,,欄位未定義,0.0,,交通,新北市政府警察局,每年新北市A1交通事故原因及死傷人數,99 | 三重分局,field1,是（欄位說明僅存於新北市統計年報）,10.0
99,,,,,,,欄位未定義,0.0,,交通,新北市政府警察局,每年新北市A1交通事故原因及死傷人數,99 | 中和分局,field1,是（欄位說明僅存於新北市統計年報）,1.0
99,,,,,,,欄位未定義,0.0,,交通,新北市政府警察局,每年新北市A1交通事故原因及死傷人數,99 | 板橋分局,field1,是（欄位說明僅存於新北市統計年報）,12.0
99,,,,,,,欄位未定義,0.0,,交通,新北市政府警察局,每年新北市A1交通事故原因及死傷人數,99 | 樹林分局,field1,是（欄位說明僅存於新北市統計年報）,8.0
99,,,,,,,欄位未定義,0.0,,交通,新北市政府警察局,每年新北市A1交通事故原因及死傷人數,99 | 永和分局,field1,是（欄位說明僅存於新北市統計年報）,3.0
99,,,,,,,欄位未定義,0.0,,交通,新北市政府警察局,每年新北市A1交通事故原因及死傷人數,99 | 汐止分局,field1,是（欄位說明僅存於新北市統計年報）,12.0
99,,,,,,,欄位未定義,0.0,,交通,新北市政府警察局,每年新北市A1交通事故原因及死傷人數,99 | 淡水分局,field1,是（欄位說明僅存於新北市統計年報）,6.0
99,,,,,,,欄位未定義,0.0,,交通,新北市政府警察局,每年新北市A1交通事故原因及死傷人數,99 | 新店分局,field1,是（欄位說明僅存於新北市統計年報）,14.0
99,,,,,,,欄位未定義,0.0,,交通,新北市政府警察局,每年新北市A1交通事故原因及死傷人數,99 | 新莊分局,field1,是（欄位說明僅存於新北市統計年報）,16.0
99,,,,,,,欄位未定義,0.0,,交通,新北市政府警察局,每年新北市A1交通事故原因及死傷人數,99 | 瑞芳分局,field1,是（欄位說明僅存於新北市統計年報）,4.0
99,,,,,,,欄位未定義,0.0,,交通,新北市政府警察局,每年新北市A1交通事故原因及死傷人數,99 | 蘆洲分局,field1,是（欄位說明僅存於新北市統計年報）,25.0
99,,,,,,,欄位未定義,0.0,,交通,新北市政府警察局,每年新北市A1交通事故原因及死傷人數,99 | 金山分局,field1,是（欄位說明僅存於新北市統計年報）,7.0
99,,,,,,,欄位未定義,0.0,,交通,新北市政府警察局,每年新北市A1交通事故原因及死傷人數,99 | 海山分局,field1,是（欄位說明僅存於新北市統計年報）,12.0
99,,,,,,,欄位未定義,0.0,,交通,新北市政府警察局,每年新北市A1交通事故原因及死傷人數,99 | 土城分局,field2,是（欄位說明僅存於新北市統計年報）,0.0
99,,,,,,,欄位未定義,0.0,,交通,新北市政府警察局,每年新北市A1交通事故原因及死傷人數,99 | 中和第二分局,field2,是（欄位說明僅存於新北市統計年報）,0.0
99,,,,,,,欄位未定義,0.0,,交通,新北市政府警察局,每年新北市A1交通事故原因及死傷人數,99 | 三峽分局,field2,是（欄位說明僅存於新北市統計年報）,0.0
99,,,,,,,欄位未定義,0.0,,交通,新北市政府警察局,每年新北市A1交通事故原因及死傷人數,99 | 三重分局,field2,是（欄位說明僅存於新北市統計年報）,0.0
99,,,,,,,欄位未定義,0.0,,交通,新北市政府警察局,每年新北市A1交通事故原因及死傷人數,99 | 中和分局,field2,是（欄位說明僅存於新北市統計年報）,0.0
99,,,,,,,欄位未定義,0.0,,交通,新北市政府警察局,每年新北市A1交通事故原因及死傷人數,99 | 板橋分局,field2,是（欄位說明僅存於新北市統計年報）,0.0
99,,,,,,,欄位未定義,0.0,,交通,新北市政府警察局,每年新北市A1交通事故原因及死傷人數,99 | 樹林分局,field2,是（欄位說明僅存於新北市統計年報）,0.0
99,,,,,,,欄位未定義,0.0,,交通,新北市政府警察局,每年新北市A1交通事故原因及死傷人數,99 | 永和分局,field2,是（欄位說明僅存於新北市統計年報）,0.0
99,,,,,,,欄位未定義,0.0,,交通,新北市政府警察局,每年新北市A1交通事故原因及死傷人數,99 | 汐止分局,field2,是（欄位說明僅存於新北市統計年報）,0.0
99,,,,,,,欄位未定義,0.0,,交通,新北市政府警察局,每年新北市A1交通事故原因及死傷人數,99 | 淡水分局,field2,是（欄位說明僅存於新北市統計年報）,0.0
99,,,,,,,欄位未定義,0.0,,交通,新北市政府警察局,每年新北市A1交通事故原因及死傷人數,99 | 新店分局,field2,是（欄位說明僅存於新北市統計年報）,0.0
99,,,,,,,欄位未定義,0.0,,交通,新北市政府警察局,每年新北市A1交通事故原因及死傷人數,99 | 新莊分局,field2,是（欄位說明僅存於新北市統計年報）,0.0
99,,,,,,,欄位未定義,0.0,,交通,新北市政府警察局,每年新北市A1交通事故原因及死傷人數,99 | 瑞芳分局,field2,是（欄位說明僅存於新北市統計年報）,0.0
99,,,,,,,欄位未定義,0.0,,交通,新北市政府警察局,每年新北市A1交通事故原因及死傷人數,99 | 蘆洲分局,field2,是（欄位說明僅存於新北市統計年報）,0.0
99,,,,,,,欄位未定義,0.0,,交通,新北市政府警察局,每年新北市A1交通事故原因及死傷人數,99 | 金山分局,field2,是（欄位說明僅存於新北市統計年報）,0.0
99,,,,,,,欄位未定義,0.0,,交通,新北市政府警察局,每年新北市A1交通事故原因及死傷人數,99 | 海山分局,field2,是（欄位說明僅存於新北市統計年報）,0.0
99,,,,,,,欄位未定義,0.0,,交通,新北市政府警察局,每年新北市A1交通事故原因及死傷人數,99 | 土城分局,field3,是（欄位說明僅存於新北市統計年報）,1.0
99,,,,,,,欄位未定義,0.0,,交通,新北市政府警察局,每年新北市A1交通事故原因及死傷人數,99 | 中和第二分局,field3,是（欄位說明僅存於新北市統計年報）,0.0
99,,,,,,,欄位未定義,0.0,,交通,新北市政府警察局,每年新北市A1交通事故原因及死傷人數,99 | 三峽分局,field3,是（欄位說明僅存於新北市統計年報）,0.0
99,,,,,,,欄位未定義,0.0,,交通,新北市政府警察局,每年新北市A1交通事故原因及死傷人數,99 | 三重分局,field3,是（欄位說明僅存於新北市統計年報）,0.0
99,,,,,,,欄位未定義,0.0,,交通,新北市政府警察局,每年新北市A1交通事故原因及死傷人數,99 | 中和分局,field3,是（欄位說明僅存於新北市統計年報）,0.0
99,,,,,,,欄位未定義,0.0,,交通,新北市政府警察局,每年新北市A1交通事故原因及死傷人數,99 | 板橋分局,field3,是（欄位說明僅存於新北市統計年報）,0.0
99,,,,,,,欄位未定義,0.0,,交通,新北市政府警察局,每年新北市A1交通事故原因及死傷人數,99 | 樹林分局,field3,是（欄位說明僅存於新北市統計年報）,0.0
99,,,,,,,欄位未定義,0.0,,交通,新北市政府警察局,每年新北市A1交通事故原因及死傷人數,99 | 永和分局,field3,是（欄位說明僅存於新北市統計年報）,1.0
99,,,,,,,欄位未定義,0.0,,交通,新北市政府警察局,每年新北市A1交通事故原因及死傷人數,99 | 汐止分局,field3,是（欄位說明僅存於新北市統計年報）,0.0
99,,,,,,,欄位未定義,0.0,,交通,新北市政府警察局,每年新北市A1交通事故原因及死傷人數,99 | 淡水分局,field3,是（欄位說明僅存於新北市統計年報）,0.0
99,,,,,,,欄位未定義,0.0,,交通,新北市政府警察局,每年新北市A1交通事故原因及死傷人數,99 | 新店分局,field3,是（欄位說明僅存於新北市統計年報）,1.0
99,,,,,,,欄位未定義,0.0,,交通,新北市政府警察局,每年新北市A1交通事故原因及死傷人數,99 | 新莊分局,field3,是（欄位說明僅存於新北市統計年報）,1.0
99,,,,,,,欄位未定義,0.0,,交通,新北市政府警察局,每年新北市A1交通事故原因及死傷人數,99 | 瑞芳分局,field3,是（欄位說明僅存於新北市統計年報）,0.0
99,,,,,,,欄位未定義,0.0,,交通,新北市政府警察局,每年新北市A1交通事故原因及死傷人數,99 | 蘆洲分局,field3,是（欄位說明僅存於新北市統計年報）,0.0
99,,,,,,,欄位未定義,0.0,,交通,新北市政府警察局,每年新北市A1交通事故原因及死傷人數,99 | 金山分局,field3,是（欄位說明僅存於新北市統計年報）,0.0
99,,,,,,,欄位未定義,0.0,,交通,新北市政府警察局,每年新北市A1交通事故原因及死傷人數,99 | 海山分局,field3,是（欄位說明僅存於新北市統計年報）,0.0
99,,,,,,,欄位未定義,0.0,,交通,新北市政府警察局,每年新北市A1交通事故原因及死傷人數,99 | 土城分局,field4,是（欄位說明僅存於新北市統計年報）,0.0
99,,,,,,,欄位未定義,0.0,,交通,新北市政府警察局,每年新北市A1交通事故原因及死傷人數,99 | 中和第二分局,field4,是（欄位說明僅存於新北市統計年報）,0.0
99,,,,,,,欄位未定義,0.0,,交通,新北市政府警察局,每年新北市A1交通事故原因及死傷人數,99 | 三峽分局,field4,是（欄位說明僅存於新北市統計年報）,0.0
99,,,,,,,欄位未定義,0.0,,交通,新北市政府警察局,每年新北市A1交通事故原因及死傷人數,99 | 三重分局,field4,是（欄位說明僅存於新北市統計年報）,0.0
99,,,,,,,欄位未定義,0.0,,交通,新北市政府警察局,每年新北市A1交通事故原因及死傷人數,99 | 中和分局,field4,是（欄位說明僅存於新北市統計年報）,0.0
99,,,,,,,欄位未定義,0.0,,交通,新北市政府警察局,每年新北市A1交通事故原因及死傷人數,99 | 板橋分局,field4,是（欄位說明僅存於新北市統計年報）,0.0
99,,,,,,,欄位未定義,0.0,,交通,新北市政府警察局,每年新北市A1交通事故原因及死傷人數,99 | 樹林分局,field4,是（欄位說明僅存於新北市統計年報）,0.0
99,,,,,,,欄位未定義,0.0,,交通,新北市政府警察局,每年新北市A1交通事故原因及死傷人數,99 | 永和分局,field4,是（欄位說明僅存於新北市統計年報）,0.0
99,,,,,,,欄位未定義,0.0,,交通,新北市政府警察局,每年新北市A1交通事故原因及死傷人數,99 | 汐止分局,field4,是（欄位說明僅存於新北市統計年報）,0.0
99,,,,,,,欄位未定義,0.0,,交通,新北市政府警察局,每年新北市A1交通事故原因及死傷人數,99 | 淡水分局,field4,是（欄位說明僅存於新北市統計年報）,0.0
99,,,,,,,欄位未定義,0.0,,交通,新北市政府警察局,每年新北市A1交通事故原因及死傷人數,99 | 新店分局,field4,是（欄位說明僅存於新北市統計年報）,0.0
99,,,,,,,欄位未定義,0.0,,交通,新北市政府警察局,每年新北市A1交通事故原因及死傷人數,99 | 新莊分局,field4,是（欄位說明僅存於新北市統計年報）,0.0
99,,,,,,,欄位未定義,0.0,,交通,新北市政府警察局,每年新北市A1交通事故原因及死傷人數,99 | 瑞芳分局,field4,是（欄位說明僅存於新北市統計年報）,0.0
99,,,,,,,欄位未定義,0.0,,交通,新北市政府警察局,每年新北市A1交通事故原因及死傷人數,99 | 蘆洲分局,field4,是（欄位說明僅存於新北市統計年報）,0.0
99,,,,,,,欄位未定義,0.0,,交通,新北市政府警察局,每年新北市A1交通事故原因及死傷人數,99 | 金山分局,field4,是（欄位說明僅存於新北市統計年報）,0.0
99,,,,,,,欄位未定義,0.0,,交通,新北市政府警察局,每年新北市A1交通事故原因及死傷人數,99 | 海山分局,field4,是（欄位說明僅存於新北市統計年報）,0.0
99,,,,,,,欄位未定義,0.0,,交通,新北市政府警察局,每年新北市A1交通事故原因及死傷人數,99 | 土城分局,field5,是（欄位說明僅存於新北市統計年報）,0.0
99,,,,,,,欄位未定義,0.0,,交通,新北市政府警察局,每年新北市A1交通事故原因及死傷人數,99 | 中和第二分局,field5,是（欄位說明僅存於新北市統計年報）,0.0
99,,,,,,,欄位未定義,0.0,,交通,新北市政府警察局,每年新北市A1交通事故原因及死傷人數,99 | 三峽分局,field5,是（欄位說明僅存於新北市統計年報）,0.0
99,,,,,,,欄位未定義,0.0,,交通,新北市政府警察局,每年新北市A1交通事故原因及死傷人數,99 | 三重分局,field5,是（欄位說明僅存於新北市統計年報）,0.0
99,,,,,,,欄位未定義,0.0,,交通,新北市政府警察局,每年新北市A1交通事故原因及死傷人數,99 | 中和分局,field5,是（欄位說明僅存於新北市統計年報）,0.0
99,,,,,,,欄位未定義,0.0,,交通,新北市政府警察局,每年新北市A1交通事故原因及死傷人數,99 | 板橋分局,field5,是（欄位說明僅存於新北市統計年報）,0.0
99,,,,,,,欄位未定義,0.0,,交通,新北市政府警察局,每年新北市A1交通事故原因及死傷人數,99 | 樹林分局,field5,是（欄位說明僅存於新北市統計年報）,0.0
99,,,,,,,欄位未定義,0.0,,交通,新北市政府警察局,每年新北市A1交通事故原因及死傷人數,99 | 永和分局,field5,是（欄位說明僅存於新北市統計年報）,0.0
99,,,,,,,欄位未定義,0.0,,交通,新北市政府警察局,每年新北市A1交通事故原因及死傷人數,99 | 汐止分局,field5,是（欄位說明僅存於新北市統計年報）,0.0
99,,,,,,,欄位未定義,0.0,,交通,新北市政府警察局,每年新北市A1交通事故原因及死傷人數,99 | 淡水分局,field5,是（欄位說明僅存於新北市統計年報）,0.0
99,,,,,,,欄位未定義,0.0,,交通,新北市政府警察局,每年新北市A1交通事故原因及死傷人數,99 | 新店分局,field5,是（欄位說明僅存於新北市統計年報）,0.0
99,,,,,,,欄位未定義,0.0,,交通,新北市政府警察局,每年新北市A1交通事故原因及死傷人數,99 | 新莊分局,field5,是（欄位說明僅存於新北市統計年報）,0.0
99,,,,,,,欄位未定義,0.0,,交通,新北市政府警察局,每年新北市A1交通事故原因及死傷人數,99 | 瑞芳分局,field5,是（欄位說明僅存於新北市統計年報）,0.0
99,,,,,,,欄位未定義,0.0,,交通,新北市政府警察局,每年新北市A1交通事故原因及死傷人數,99 | 蘆洲分局,field5,是（欄位說明僅存於新北市統計年報）,0.0
99,,,,,,,欄位未定義,0.0,,交通,新北市政府警察局,每年新北市A1交通事故原因及死傷人數,99 | 金山分局,field5,是（欄位說明僅存於新北市統計年報）,0.0
99,,,,,,,欄位未定義,0.0,,交通,新北市政府警察局,每年新北市A1交通事故原因及死傷人數,99 | 海山分局,field5,是（欄位說明僅存於新北市統計年報）,0.0
99,,,,,,,欄位未定義,0.0,,交通,新北市政府警察局,每年新北市A1交通事故原因及死傷人數,99 | 土城分局,dead person,是（欄位說明僅存於新北市統計年報）,7.0
99,,,,,,,欄位未定義,0.0,,交通,新北市政府警察局,每年新北市A1交通事故原因及死傷人數,99 | 中和第二分局,dead person,是（欄位說明僅存於新北市統計年報）,6.0
99,,,,,,,欄位未定義,0.0,,交通,新北市政府警察局,每年新北市A1交通事故原因及死傷人數,99 | 三峽分局,dead person,是（欄位說明僅存於新北市統計年報）,14.0
99,,,,,,,欄位未定義,0.0,,交通,新北市政府警察局,每年新北市A1交通事故原因及死傷人數,99 | 三重分局,dead person,是（欄位說明僅存於新北市統計年報）,10.0
99,,,,,,,欄位未定義,0.0,,交通,新北市政府警察局,每年新北市A1交通事故原因及死傷人數,99 | 中和分局,dead person,是（欄位說明僅存於新北市統計年報）,1.0
99,,,,,,,欄位未定義,0.0,,交通,新北市政府警察局,每年新北市A1交通事故原因及死傷人數,99 | 板橋分局,dead person,是（欄位說明僅存於新北市統計年報）,13.0
99,,,,,,,欄位未定義,0.0,,交通,新北市政府警察局,每年新北市A1交通事故原因及死傷人數,99 | 樹林分局,dead person,是（欄位說明僅存於新北市統計年報）,9.0
99,,,,,,,欄位未定義,0.0,,交通,新北市政府警察局,每年新北市A1交通事故原因及死傷人數,99 | 永和分局,dead person,是（欄位說明僅存於新北市統計年報）,4.0
99,,,,,,,欄位未定義,0.0,,交通,新北市政府警察局,每年新北市A1交通事故原因及死傷人數,99 | 汐止分局,dead person,是（欄位說明僅存於新北市統計年報）,12.0
99,,,,,,,欄位未定義,0.0,,交通,新北市政府警察局,每年新北市A1交通事故原因及死傷人數,99 | 淡水分局,dead person,是（欄位說明僅存於新北市統計年報）,7.0
99,,,,,,,欄位未定義,0.0,,交通,新北市政府警察局,每年新北市A1交通事故原因及死傷人數,99 | 新店分局,dead person,是（欄位說明僅存於新北市統計年報）,15.0
99,,,,,,,欄位未定義,0.0,,交通,新北市政府警察局,每年新北市A1交通事故原因及死傷人數,99 | 新莊分局,dead person,是（欄位說明僅存於新北市統計年報）,18.0
99,,,,,,,欄位未定義,0.0,,交通,新北市政府警察局,每年新北市A1交通事故原因及死傷人數,99 | 瑞芳分局,dead person,是（欄位說明僅存於新北市統計年報）,5.0
99,,,,,,,欄位未定義,0.0,,交通,新北市政府警察局,每年新北市A1交通事故原因及死傷人數,99 | 蘆洲分局,dead person,是（欄位說明僅存於新北市統計年報）,25.0
99,,,,,,,欄位未定義,0.0,,交通,新北市政府警察局,每年新北市A1交通事故原因及死傷人數,99 | 金山分局,dead person,是（欄位說明僅存於新北市統計年報）,7.0
99,,,,,,,欄位未定義,0.0,,交通,新北市政府警察局,每年新北市A1交通事故原因及死傷人數,99 | 海山分局,dead person,是（欄位說明僅存於新北市統計年報）,12.0
99,,,,,,,欄位未定義,0.0,,交通,新北市政府警察局,每年新北市A1交通事故原因及死傷人數,99 | 土城分局,hurt person,是（欄位說明僅存於新北市統計年報）,4.0
99,,,,,,,欄位未定義,0.0,,交通,新北市政府警察局,每年新北市A1交通事故原因及死傷人數,99 | 中和第二分局,hurt person,是（欄位說明僅存於新北市統計年報）,2.0
99,,,,,,,欄位未定義,0.0,,交通,新北市政府警察局,每年新北市A1交通事故原因及死傷人數,99 | 三峽分局,hurt person,是（欄位說明僅存於新北市統計年報）,7.0
99,,,,,,,欄位未定義,0.0,,交通,新北市政府警察局,每年新北市A1交通事故原因及死傷人數,99 | 三重分局,hurt person,是（欄位說明僅存於新北市統計年報）,1.0
99,,,,,,,欄位未定義,0.0,,交通,新北市政府警察局,每年新北市A1交通事故原因及死傷人數,99 | 中和分局,hurt person,是（欄位說明僅存於新北市統計年報）,1.0
99,,,,,,,欄位未定義,0.0,,交通,新北市政府警察局,每年新北市A1交通事故原因及死傷人數,99 | 板橋分局,hurt person,是（欄位說明僅存於新北市統計年報）,2.0
99,,,,,,,欄位未定義,0.0,,交通,新北市政府警察局,每年新北市A1交通事故原因及死傷人數,99 | 樹林分局,hurt person,是（欄位說明僅存於新北市統計年報）,7.0
99,,,,,,,欄位未定義,0.0,,交通,新北市政府警察局,每年新北市A1交通事故原因及死傷人數,99 | 永和分局,hurt person,是（欄位說明僅存於新北市統計年報）,2.0
99,,,,,,,欄位未定義,0.0,,交通,新北市政府警察局,每年新北市A1交通事故原因及死傷人數,99 | 汐止分局,hurt person,是（欄位說明僅存於新北市統計年報）,4.0
99,,,,,,,欄位未定義,0.0,,交通,新北市政府警察局,每年新北市A1交通事故原因及死傷人數,99 | 淡水分局,hurt person,是（欄位說明僅存於新北市統計年報）,7.0
99,,,,,,,欄位未定義,0.0,,交通,新北市政府警察局,每年新北市A1交通事故原因及死傷人數,99 | 新店分局,hurt person,是（欄位說明僅存於新北市統計年報）,3.0
99,,,,,,,欄位未定義,0.0,,交通,新北市政府警察局,每年新北市A1交通事故原因及死傷人數,99 | 新莊分局,hurt person,是（欄位說明僅存於新北市統計年報）,5.0
99,,,,,,,欄位未定義,0.0,,交通,新北市政府警察局,每年新北市A1交通事故原因及死傷人數,99 | 瑞芳分局,hurt person,是（欄位說明僅存於新北市統計年報）,2.0
99,,,,,,,欄位未定義,0.0,,交通,新北市政府警察局,每年新北市A1交通事故原因及死傷人數,99 | 蘆洲分局,hurt person,是（欄位說明僅存於新北市統計年報）,7.0
99,,,,,,,欄位未定義,0.0,,交通,新北市政府警察局,每年新北市A1交通事故原因及死傷人數,99 | 金山分局,hurt person,是（欄位說明僅存於新北市統計年報）,0.0
99,,,,,,,欄位未定義,0.0,,交通,新北市政府警察局,每年新北市A1交通事故原因及死傷人數,99 | 海山分局,hurt person,是（欄位說明僅存於新北市統計年報）,3.0
99,,,,,,,欄位未定義,0.0,,交通,新北市政府警察局,每年新北市A2交通事故原因及死傷人數,99 | 土城分局,field1,是（欄位說明僅存於新北市統計年報）,1275.0
99,,,,,,,欄位未定義,0.0,,交通,新北市政府警察局,每年新北市A2交通事故原因及死傷人數,99 | 中和第二分局,field1,是（欄位說明僅存於新北市統計年報）,1265.0
99,,,,,,,欄位未定義,0.0,,交通,新北市政府警察局,每年新北市A2交通事故原因及死傷人數,99 | 三峽分局,field1,是（欄位說明僅存於新北市統計年報）,1170.0
99,,,,,,,欄位未定義,0.0,,交通,新北市政府警察局,每年新北市A2交通事故原因及死傷人數,99 | 三重分局,field1,是（欄位說明僅存於新北市統計年報）,1643.0
99,,,,,,,欄位未定義,0.0,,交通,新北市政府警察局,每年新北市A2交通事故原因及死傷人數,99 | 中和分局,field1,是（欄位說明僅存於新北市統計年報）,937.0
99,,,,,,,欄位未定義,0.0,,交通,新北市政府警察局,每年新北市A2交通事故原因及死傷人數,99 | 板橋分局,field1,是（欄位說明僅存於新北市統計年報）,600.0
99,,,,,,,欄位未定義,0.0,,交通,新北市政府警察局,每年新北市A2交通事故原因及死傷人數,99 | 樹林分局,field1,是（欄位說明僅存於新北市統計年報）,1204.0
99,,,,,,,欄位未定義,0.0,,交通,新北市政府警察局,每年新北市A2交通事故原因及死傷人數,99 | 永和分局,field1,是（欄位說明僅存於新北市統計年報）,1327.0
99,,,,,,,欄位未定義,0.0,,交通,新北市政府警察局,每年新北市A2交通事故原因及死傷人數,99 | 汐止分局,field1,是（欄位說明僅存於新北市統計年報）,496.0
99,,,,,,,欄位未定義,0.0,,交通,新北市政府警察局,每年新北市A2交通事故原因及死傷人數,99 | 淡水分局,field1,是（欄位說明僅存於新北市統計年報）,1100.0
99,,,,,,,欄位未定義,0.0,,交通,新北市政府警察局,每年新北市A2交通事故原因及死傷人數,99 | 新店分局,field1,是（欄位說明僅存於新北市統計年報）,1533.0
99,,,,,,,欄位未定義,0.0,,交通,新北市政府警察局,每年新北市A2交通事故原因及死傷人數,99 | 新莊分局,field1,是（欄位說明僅存於新北市統計年報）,2277.0
99,,,,,,,欄位未定義,0.0,,交通,新北市政府警察局,每年新北市A2交通事故原因及死傷人數,99 | 瑞芳分局,field1,是（欄位說明僅存於新北市統計年報）,111.0
99,,,,,,,欄位未定義,0.0,,交通,新北市政府警察局,每年新北市A2交通事故原因及死傷人數,99 | 蘆洲分局,field1,是（欄位說明僅存於新北市統計年報）,1865.0
99,,,,,,,欄位未定義,0.0,,交通,新北市政府警察局,每年新北市A2交通事故原因及死傷人數,99 | 金山分局,field1,是（欄位說明僅存於新北市統計年報）,93.0
99,,,,,,,欄位未定義,0.0,,交通,新北市政府警察局,每年新北市A2交通事故原因及死傷人數,99 | 海山分局,field1,是（欄位說明僅存於新北市統計年報）,666.0
99,,,,,,,欄位未定義,0.0,,交通,新北市政府警察局,每年新北市A2交通事故原因及死傷人數,99 | 土城分局,field2,是（欄位說明僅存於新北市統計年報）,5.0
99,,,,,,,欄位未定義,0.0,,交通,新北市政府警察局,每年新北市A2交通事故原因及死傷人數,99 | 中和第二分局,field2,是（欄位說明僅存於新北市統計年報）,1.0
99,,,,,,,欄位未定義,0.0,,交通,新北市政府警察局,每年新北市A2交通事故原因及死傷人數,99 | 三峽分局,field2,是（欄位說明僅存於新北市統計年報）,6.0
99,,,,,,,欄位未定義,0.0,,交通,新北市政府警察局,每年新北市A2交通事故原因及死傷人數,99 | 三重分局,field2,是（欄位說明僅存於新北市統計年報）,4.0
99,,,,,,,欄位未定義,0.0,,交通,新北市政府警察局,每年新北市A2交通事故原因及死傷人數,99 | 中和分局,field2,是（欄位說明僅存於新北市統計年報）,2.0
99,,,,,,,欄位未定義,0.0,,交通,新北市政府警察局,每年新北市A2交通事故原因及死傷人數,99 | 板橋分局,field2,是（欄位說明僅存於新北市統計年報）,2.0
99,,,,,,,欄位未定義,0.0,,交通,新北市政府警察局,每年新北市A2交通事故原因及死傷人數,99 | 樹林分局,field2,是（欄位說明僅存於新北市統計年報）,2.0
99,,,,,,,欄位未定義,0.0,,交通,新北市政府警察局,每年新北市A2交通事故原因及死傷人數,99 | 永和分局,field2,是（欄位說明僅存於新北市統計年報）,1.0
99,,,,,,,欄位未定義,0.0,,交通,新北市政府警察局,每年新北市A2交通事故原因及死傷人數,99 | 汐止分局,field2,是（欄位說明僅存於新北市統計年報）,3.0
99,,,,,,,欄位未定義,0.0,,交通,新北市政府警察局,每年新北市A2交通事故原因及死傷人數,99 | 淡水分局,field2,是（欄位說明僅存於新北市統計年報）,6.0
99,,,,,,,欄位未定義,0.0,,交通,新北市政府警察局,每年新北市A2交通事故原因及死傷人數,99 | 新店分局,field2,是（欄位說明僅存於新北市統計年報）,5.0
99,,,,,,,欄位未定義,0.0,,交通,新北市政府警察局,每年新北市A2交通事故原因及死傷人數,99 | 新莊分局,field2,是（欄位說明僅存於新北市統計年報）,4.0
99,,,,,,,欄位未定義,0.0,,交通,新北市政府警察局,每年新北市A2交通事故原因及死傷人數,99 | 瑞芳分局,field2,是（欄位說明僅存於新北市統計年報）,2.0
99,,,,,,,欄位未定義,0.0,,交通,新北市政府警察局,每年新北市A2交通事故原因及死傷人數,99 | 蘆洲分局,field2,是（欄位說明僅存於新北市統計年報）,9.0
99,,,,,,,欄位未定義,0.0,,交通,新北市政府警察局,每年新北市A2交通事故原因及死傷人數,99 | 金山分局,field2,是（欄位說明僅存於新北市統計年報）,1.0
99,,,,,,,欄位未定義,0.0,,交通,新北市政府警察局,每年新北市A2交通事故原因及死傷人數,99 | 海山分局,field2,是（欄位說明僅存於新北市統計年報）,1.0
99,,,,,,,欄位未定義,0.0,,交通,新北市政府警察局,每年新北市A2交通事故原因及死傷人數,99 | 土城分局,field3,是（欄位說明僅存於新北市統計年報）,10.0
99,,,,,,,欄位未定義,0.0,,交通,新北市政府警察局,每年新北市A2交通事故原因及死傷人數,99 | 中和第二分局,field3,是（欄位說明僅存於新北市統計年報）,15.0
99,,,,,,,欄位未定義,0.0,,交通,新北市政府警察局,每年新北市A2交通事故原因及死傷人數,99 | 三峽分局,field3,是（欄位說明僅存於新北市統計年報）,9.0
99,,,,,,,欄位未定義,0.0,,交通,新北市政府警察局,每年新北市A2交通事故原因及死傷人數,99 | 三重分局,field3,是（欄位說明僅存於新北市統計年報）,48.0
99,,,,,,,欄位未定義,0.0,,交通,新北市政府警察局,每年新北市A2交通事故原因及死傷人數,99 | 中和分局,field3,是（欄位說明僅存於新北市統計年報）,30.0
99,,,,,,,欄位未定義,0.0,,交通,新北市政府警察局,每年新北市A2交通事故原因及死傷人數,99 | 板橋分局,field3,是（欄位說明僅存於新北市統計年報）,13.0
99,,,,,,,欄位未定義,0.0,,交通,新北市政府警察局,每年新北市A2交通事故原因及死傷人數,99 | 樹林分局,field3,是（欄位說明僅存於新北市統計年報）,28.0
99,,,,,,,欄位未定義,0.0,,交通,新北市政府警察局,每年新北市A2交通事故原因及死傷人數,99 | 永和分局,field3,是（欄位說明僅存於新北市統計年報）,50.0
99,,,,,,,欄位未定義,0.0,,交通,新北市政府警察局,每年新北市A2交通事故原因及死傷人數,99 | 汐止分局,field3,是（欄位說明僅存於新北市統計年報）,23.0
99,,,,,,,欄位未定義,0.0,,交通,新北市政府警察局,每年新北市A2交通事故原因及死傷人數,99 | 淡水分局,field3,是（欄位說明僅存於新北市統計年報）,6.0
99,,,,,,,欄位未定義,0.0,,交通,新北市政府警察局,每年新北市A2交通事故原因及死傷人數,99 | 新店分局,field3,是（欄位說明僅存於新北市統計年報）,48.0
99,,,,,,,欄位未定義,0.0,,交通,新北市政府警察局,每年新北市A2交通事故原因及死傷人數,99 | 新莊分局,field3,是（欄位說明僅存於新北市統計年報）,44.0
99,,,,,,,欄位未定義,0.0,,交通,新北市政府警察局,每年新北市A2交通事故原因及死傷人數,99 | 瑞芳分局,field3,是（欄位說明僅存於新北市統計年報）,0.0
99,,,,,,,欄位未定義,0.0,,交通,新北市政府警察局,每年新北市A2交通事故原因及死傷人數,99 | 蘆洲分局,field3,是（欄位說明僅存於新北市統計年報）,34.0
99,,,,,,,欄位未定義,0.0,,交通,新北市政府警察局,每年新北市A2交通事故原因及死傷人數,99 | 金山分局,field3,是（欄位說明僅存於新北市統計年報）,0.0
99,,,,,,,欄位未定義,0.0,,交通,新北市政府警察局,每年新北市A2交通事故原因及死傷人數,99 | 海山分局,field3,是（欄位說明僅存於新北市統計年報）,10.0
99,,,,,,,欄位未定義,0.0,,交通,新北市政府警察局,每年新北市A2交通事故原因及死傷人數,99 | 土城分局,field4,是（欄位說明僅存於新北市統計年報）,9.0
99,,,,,,,欄位未定義,0.0,,交通,新北市政府警察局,每年新北市A2交通事故原因及死傷人數,99 | 中和第二分局,field4,是（欄位說明僅存於新北市統計年報）,4.0
99,,,,,,,欄位未定義,0.0,,交通,新北市政府警察局,每年新北市A2交通事故原因及死傷人數,99 | 三峽分局,field4,是（欄位說明僅存於新北市統計年報）,3.0
99,,,,,,,欄位未定義,0.0,,交通,新北市政府警察局,每年新北市A2交通事故原因及死傷人數,99 | 三重分局,field4,是（欄位說明僅存於新北市統計年報）,1.0
99,,,,,,,欄位未定義,0.0,,交通,新北市政府警察局,每年新北市A2交通事故原因及死傷人數,99 | 中和分局,field4,是（欄位說明僅存於新北市統計年報）,3.0
99,,,,,,,欄位未定義,0.0,,交通,新北市政府警察局,每年新北市A2交通事故原因及死傷人數,99 | 板橋分局,field4,是（欄位說明僅存於新北市統計年報）,1.0
99,,,,,,,欄位未定義,0.0,,交通,新北市政府警察局,每年新北市A2交通事故原因及死傷人數,99 | 樹林分局,field4,是（欄位說明僅存於新北市統計年報）,3.0
99,,,,,,,欄位未定義,0.0,,交通,新北市政府警察局,每年新北市A2交通事故原因及死傷人數,99 | 永和分局,field4,是（欄位說明僅存於新北市統計年報）,1.0
99,,,,,,,欄位未定義,0.0,,交通,新北市政府警察局,每年新北市A2交通事故原因及死傷人數,99 | 汐止分局,field4,是（欄位說明僅存於新北市統計年報）,1.0
99,,,,,,,欄位未定義,0.0,,交通,新北市政府警察局,每年新北市A2交通事故原因及死傷人數,99 | 淡水分局,field4,是（欄位說明僅存於新北市統計年報）,3.0
99,,,,,,,欄位未定義,0.0,,交通,新北市政府警察局,每年新北市A2交通事故原因及死傷人數,99 | 新店分局,field4,是（欄位說明僅存於新北市統計年報）,2.0
99,,,,,,,欄位未定義,0.0,,交通,新北市政府警察局,每年新北市A2交通事故原因及死傷人數,99 | 新莊分局,field4,是（欄位說明僅存於新北市統計年報）,5.0
99,,,,,,,欄位未定義,0.0,,交通,新北市政府警察局,每年新北市A2交通事故原因及死傷人數,99 | 瑞芳分局,field4,是（欄位說明僅存於新北市統計年報）,1.0
99,,,,,,,欄位未定義,0.0,,交通,新北市政府警察局,每年新北市A2交通事故原因及死傷人數,99 | 蘆洲分局,field4,是（欄位說明僅存於新北市統計年報）,5.0
99,,,,,,,欄位未定義,0.0,,交通,新北市政府警察局,每年新北市A2交通事故原因及死傷人數,99 | 金山分局,field4,是（欄位說明僅存於新北市統計年報）,0.0
99,,,,,,,欄位未定義,0.0,,交通,新北市政府警察局,每年新北市A2交通事故原因及死傷人數,99 | 海山分局,field4,是（欄位說明僅存於新北市統計年報）,0.0
99,,,,,,,欄位未定義,0.0,,交通,新北市政府警察局,每年新北市A2交通事故原因及死傷人數,99 | 土城分局,field5,是（欄位說明僅存於新北市統計年報）,0.0
99,,,,,,,欄位未定義,0.0,,交通,新北市政府警察局,每年新北市A2交通事故原因及死傷人數,99 | 中和第二分局,field5,是（欄位說明僅存於新北市統計年報）,0.0
99,,,,,,,欄位未定義,0.0,,交通,新北市政府警察局,每年新北市A2交通事故原因及死傷人數,99 | 三峽分局,field5,是（欄位說明僅存於新北市統計年報）,1.0
99,,,,,,,欄位未定義,0.0,,交通,新北市政府警察局,每年新北市A2交通事故原因及死傷人數,99 | 三重分局,field5,是（欄位說明僅存於新北市統計年報）,0.0
99,,,,,,,欄位未定義,0.0,,交通,新北市政府警察局,每年新北市A2交通事故原因及死傷人數,99 | 中和分局,field5,是（欄位說明僅存於新北市統計年報）,0.0
99,,,,,,,欄位未定義,0.0,,交通,新北市政府警察局,每年新北市A2交通事故原因及死傷人數,99 | 板橋分局,field5,是（欄位說明僅存於新北市統計年報）,0.0
99,,,,,,,欄位未定義,0.0,,交通,新北市政府警察局,每年新北市A2交通事故原因及死傷人數,99 | 樹林分局,field5,是（欄位說明僅存於新北市統計年報）,2.0
99,,,,,,,欄位未定義,0.0,,交通,新北市政府警察局,每年新北市A2交通事故原因及死傷人數,99 | 永和分局,field5,是（欄位說明僅存於新北市統計年報）,2.0
99,,,,,,,欄位未定義,0.0,,交通,新北市政府警察局,每年新北市A2交通事故原因及死傷人數,99 | 汐止分局,field5,是（欄位說明僅存於新北市統計年報）,0.0
99,,,,,,,欄位未定義,0.0,,交通,新北市政府警察局,每年新北市A2交通事故原因及死傷人數,99 | 淡水分局,field5,是（欄位說明僅存於新北市統計年報）,0.0
99,,,,,,,欄位未定義,0.0,,交通,新北市政府警察局,每年新北市A2交通事故原因及死傷人數,99 | 新店分局,field5,是（欄位說明僅存於新北市統計年報）,0.0
99,,,,,,,欄位未定義,0.0,,交通,新北市政府警察局,每年新北市A2交通事故原因及死傷人數,99 | 新莊分局,field5,是（欄位說明僅存於新北市統計年報）,0.0
99,,,,,,,欄位未定義,0.0,,交通,新北市政府警察局,每年新北市A2交通事故原因及死傷人數,99 | 瑞芳分局,field5,是（欄位說明僅存於新北市統計年報）,0.0
99,,,,,,,欄位未定義,0.0,,交通,新北市政府警察局,每年新北市A2交通事故原因及死傷人數,99 | 蘆洲分局,field5,是（欄位說明僅存於新北市統計年報）,1.0
99,,,,,,,欄位未定義,0.0,,交通,新北市政府警察局,每年新北市A2交通事故原因及死傷人數,99 | 金山分局,field5,是（欄位說明僅存於新北市統計年報）,0.0
99,,,,,,,欄位未定義,0.0,,交通,新北市政府警察局,每年新北市A2交通事故原因及死傷人數,99 | 海山分局,field5,是（欄位說明僅存於新北市統計年報）,0.0
99,,,,,,,欄位未定義,0.0,,交通,新北市政府警察局,每年新北市A2交通事故原因及死傷人數,99 | 土城分局,dead person,是（欄位說明僅存於新北市統計年報）,0.0
99,,,,,,,欄位未定義,0.0,,交通,新北市政府警察局,每年新北市A2交通事故原因及死傷人數,99 | 中和第二分局,dead person,是（欄位說明僅存於新北市統計年報）,0.0
99,,,,,,,欄位未定義,0.0,,交通,新北市政府警察局,每年新北市A2交通事故原因及死傷人數,99 | 三峽分局,dead person,是（欄位說明僅存於新北市統計年報）,0.0
99,,,,,,,欄位未定義,0.0,,交通,新北市政府警察局,每年新北市A2交通事故原因及死傷人數,99 | 三重分局,dead person,是（欄位說明僅存於新北市統計年報）,0.0
99,,,,,,,欄位未定義,0.0,,交通,新北市政府警察局,每年新北市A2交通事故原因及死傷人數,99 | 中和分局,dead person,是（欄位說明僅存於新北市統計年報）,0.0
99,,,,,,,欄位未定義,0.0,,交通,新北市政府警察局,每年新北市A2交通事故原因及死傷人數,99 | 板橋分局,dead person,是（欄位說明僅存於新北市統計年報）,0.0
99,,,,,,,欄位未定義,0.0,,交通,新北市政府警察局,每年新北市A2交通事故原因及死傷人數,99 | 樹林分局,dead person,是（欄位說明僅存於新北市統計年報）,0.0
99,,,,,,,欄位未定義,0.0,,交通,新北市政府警察局,每年新北市A2交通事故原因及死傷人數,99 | 永和分局,dead person,是（欄位說明僅存於新北市統計年報）,0.0
99,,,,,,,欄位未定義,0.0,,交通,新北市政府警察局,每年新北市A2交通事故原因及死傷人數,99 | 汐止分局,dead person,是（欄位說明僅存於新北市統計年報）,0.0
99,,,,,,,欄位未定義,0.0,,交通,新北市政府警察局,每年新北市A2交通事故原因及死傷人數,99 | 淡水分局,dead person,是（欄位說明僅存於新北市統計年報）,0.0
99,,,,,,,欄位未定義,0.0,,交通,新北市政府警察局,每年新北市A2交通事故原因及死傷人數,99 | 新店分局,dead person,是（欄位說明僅存於新北市統計年報）,0.0
99,,,,,,,欄位未定義,0.0,,交通,新北市政府警察局,每年新北市A2交通事故原因及死傷人數,99 | 新莊分局,dead person,是（欄位說明僅存於新北市統計年報）,0.0
99,,,,,,,欄位未定義,0.0,,交通,新北市政府警察局,每年新北市A2交通事故原因及死傷人數,99 | 瑞芳分局,dead person,是（欄位說明僅存於新北市統計年報）,0.0
99,,,,,,,欄位未定義,0.0,,交通,新北市政府警察局,每年新北市A2交通事故原因及死傷人數,99 | 蘆洲分局,dead person,是（欄位說明僅存於新北市統計年報）,0.0
99,,,,,,,欄位未定義,0.0,,交通,新北市政府警察局,每年新北市A2交通事故原因及死傷人數,99 | 金山分局,dead person,是（欄位說明僅存於新北市統計年報）,0.0
99,,,,,,,欄位未定義,0.0,,交通,新北市政府警察局,每年新北市A2交通事故原因及死傷人數,99 | 海山分局,dead person,是（欄位說明僅存於新北市統計年報）,0.0
99,,,,,,,欄位未定義,0.0,,交通,新北市政府警察局,每年新北市A2交通事故原因及死傷人數,99 | 土城分局,hurt person,是（欄位說明僅存於新北市統計年報）,1847.0
99,,,,,,,欄位未定義,0.0,,交通,新北市政府警察局,每年新北市A2交通事故原因及死傷人數,99 | 中和第二分局,hurt person,是（欄位說明僅存於新北市統計年報）,1779.0
99,,,,,,,欄位未定義,0.0,,交通,新北市政府警察局,每年新北市A2交通事故原因及死傷人數,99 | 三峽分局,hurt person,是（欄位說明僅存於新北市統計年報）,1521.0
99,,,,,,,欄位未定義,0.0,,交通,新北市政府警察局,每年新北市A2交通事故原因及死傷人數,99 | 三重分局,hurt person,是（欄位說明僅存於新北市統計年報）,2446.0
99,,,,,,,欄位未定義,0.0,,交通,新北市政府警察局,每年新北市A2交通事故原因及死傷人數,99 | 中和分局,hurt person,是（欄位說明僅存於新北市統計年報）,1383.0
99,,,,,,,欄位未定義,0.0,,交通,新北市政府警察局,每年新北市A2交通事故原因及死傷人數,99 | 板橋分局,hurt person,是（欄位說明僅存於新北市統計年報）,933.0
99,,,,,,,欄位未定義,0.0,,交通,新北市政府警察局,每年新北市A2交通事故原因及死傷人數,99 | 樹林分局,hurt person,是（欄位說明僅存於新北市統計年報）,1664.0
99,,,,,,,欄位未定義,0.0,,交通,新北市政府警察局,每年新北市A2交通事故原因及死傷人數,99 | 永和分局,hurt person,是（欄位說明僅存於新北市統計年報）,1989.0
99,,,,,,,欄位未定義,0.0,,交通,新北市政府警察局,每年新北市A2交通事故原因及死傷人數,99 | 汐止分局,hurt person,是（欄位說明僅存於新北市統計年報）,686.0
99,,,,,,,欄位未定義,0.0,,交通,新北市政府警察局,每年新北市A2交通事故原因及死傷人數,99 | 淡水分局,hurt person,是（欄位說明僅存於新北市統計年報）,1571.0
99,,,,,,,欄位未定義,0.0,,交通,新北市政府警察局,每年新北市A2交通事故原因及死傷人數,99 | 新店分局,hurt person,是（欄位說明僅存於新北市統計年報）,2120.0
99,,,,,,,欄位未定義,0.0,,交通,新北市政府警察局,每年新北市A2交通事故原因及死傷人數,99 | 新莊分局,hurt person,是（欄位說明僅存於新北市統計年報）,3084.0
99,,,,,,,欄位未定義,0.0,,交通,新北市政府警察局,每年新北市A2交通事故原因及死傷人數,99 | 瑞芳分局,hurt person,是（欄位說明僅存於新北市統計年報）,161.0
99,,,,,,,欄位未定義,0.0,,交通,新北市政府警察局,每年新北市A2交通事故原因及死傷人數,99 | 蘆洲分局,hurt person,是（欄位說明僅存於新北市統計年報）,2602.0
99,,,,,,,欄位未定義,0.0,,交通,新北市政府警察局,每年新北市A2交通事故原因及死傷人數,99 | 金山分局,hurt person,是（欄位說明僅存於新北市統計年報）,133.0
99,,,,,,,欄位未定義,0.0,,交通,新北市政府警察局,每年新北市A2交通事故原因及死傷人數,99 | 海山分局,hurt person,是（欄位說明僅存於新北市統計年報）,992.0
99,,,,,,,欄位未定義,0.0,,人口,新北市政府主計處,人口年齡分配,2010,itemvalue2,是（欄位說明僅存於新北市統計年報）,15.7745543141
99,,,,,,,欄位未定義,0.0,,人口,新北市政府主計處,人口年齡分配,2010,itemvalue3,是（欄位說明僅存於新北市統計年報）,14.3205456087
99,,,,,,,欄位未定義,0.0,,人口,新北市政府主計處,人口年齡分配,2010,itemvalue4,是（欄位說明僅存於新北市統計年報）,76.1675555932
99,,,,,,,欄位未定義,0.0,,人口,新北市政府主計處,人口年齡分配,2010,itemvalue5,是（欄位說明僅存於新北市統計年報）,77.1991013912
99,,,,,,,欄位未定義,0.0,,人口,新北市政府主計處,人口年齡分配,2010,itemvalue6,是（欄位說明僅存於新北市統計年報）,8.0578900927
99,,,,,,,欄位未定義,0.0,,人口,新北市政府主計處,人口年齡分配,2010,itemvalue7,是（欄位說明僅存於新北市統計年報）,8.4803530001
99,,,,,,,欄位未定義,0.0,,人口,新北市政府主計處,人口年齡分配,2010,itemvalue8,是（欄位說明僅存於新北市統計年報）,77.51
99,,,,,,,欄位未定義,0.0,,人口,新北市政府主計處,人口年齡分配,2010,itemvalue9,是（欄位說明僅存於新北市統計年報）,83.88
99,,,,,,,欄位未定義,0.0,,人口,新北市政府主計處,人口概況,2010,item value2,是（欄位說明僅存於新北市統計年報）,1935.668
99,,,,,,,欄位未定義,0.0,,人口,新北市政府主計處,人口概況,2010,item value3,是（欄位說明僅存於新北市統計年報）,1961.699
99,,,,,,,欄位未定義,0.0,,人口,新北市政府主計處,人口概況,2010,item value4,是（欄位說明僅存於新北市統計年報）,98.6730380145
99,,,,,,,欄位未定義,0.0,,人口,新北市政府主計處,人口概況,2010,item value5,是（欄位說明僅存於新北市統計年報）,801.338
99,,,,,,,欄位未定義,0.0,,人口,新北市政府主計處,人口概況,2010,item value6,是（欄位說明僅存於新北市統計年報）,602.977
99,,,,,,,欄位未定義,0.0,,人口,新北市政府主計處,人口概況,2010,item value7,是（欄位說明僅存於新北市統計年報）,132.8969430011
99,,,,,,,欄位未定義,0.0,,人口,新北市政府主計處,人口概況,2010,item value8,是（欄位說明僅存於新北市統計年報）,221.4069
99,,,,,,,欄位未定義,0.0,,人口,新北市政府主計處,人口概況,2010,item value9,是（欄位說明僅存於新北市統計年報）,213.629
99,,,,,,,欄位未定義,0.0,,人口,新北市政府主計處,人口概況,2010,item value10,是（欄位說明僅存於新北市統計年報）,103.6408446419
99,,,,,,,欄位未定義,0.0,,人口,新北市政府主計處,人口消長,2010,item value2,是（欄位說明僅存於新北市統計年報）,4.1990605808
99,,,,,,,欄位未定義,0.0,,人口,新北市政府主計處,人口消長,2010,item value3,是（欄位說明僅存於新北市統計年報）,8.0263956396
99,,,,,,,欄位未定義,0.0,,人口,新北市政府主計處,人口消長,2010,item value4,是（欄位說明僅存於新北市統計年報）,14404.0
99,,,,,,,欄位未定義,0.0,,人口,新北市政府主計處,人口消長,2010,item value5,是（欄位說明僅存於新北市統計年報）,13213.0
99,,,,,,,欄位未定義,0.0,,人口,新北市政府主計處,人口消長,2010,item value6,是（欄位說明僅存於新北市統計年報）,109.0138499962
99,,,,,,,欄位未定義,0.0,,人口,新北市政府主計處,人口消長,2010,item value7,是（欄位說明僅存於新北市統計年報）,7.11
99,,,,,,,欄位未定義,0.0,,人口,新北市政府主計處,人口消長,2010,item value8,是（欄位說明僅存於新北市統計年報）,11540.0
99,,,,,,,欄位未定義,0.0,,人口,新北市政府主計處,人口消長,2010,item value9,是（欄位說明僅存於新北市統計年報）,6864.0
99,,,,,,,欄位未定義,0.0,,人口,新北市政府主計處,人口消長,2010,item value10,是（欄位說明僅存於新北市統計年報）,4.74
99,,,,,,,欄位未定義,0.0,,人口,新北市政府主計處,人口消長,2010,item value11,是（欄位說明僅存於新北市統計年報）,164534.0
99,,,,,,,欄位未定義,0.0,,人口,新北市政府主計處,人口消長,2010,item value12,是（欄位說明僅存於新北市統計年報）,194816.0
99,,,,,,,欄位未定義,0.0,,人口,新北市政府主計處,人口消長,2010,item value13,是（欄位說明僅存於新北市統計年報）,84.4561021682
99,,,,,,,欄位未定義,0.0,,人口,新北市政府主計處,人口消長,2010,item value14,是（欄位說明僅存於新北市統計年報）,159304.0
99,,,,,,,欄位未定義,0.0,,人口,新北市政府主計處,人口消長,2010,item value15,是（欄位說明僅存於新北市統計年報）,185545.0
99,,,,,,,欄位未定義,0.0,,人口,新北市政府主計處,人口消長,2010,item value16,是（欄位說明僅存於新北市統計年報）,85.85733919
99,,,,,,,欄位未定義,0.0,,人口,新北市政府主計處,刑事案件犯罪人口率,2010,item value2,是（欄位說明僅存於新北市統計年報）,2219.1723945847
99,,,,,,,欄位未定義,0.0,,人口,新北市政府主計處,刑事案件犯罪人口率,2010,item value3,是（欄位說明僅存於新北市統計年報）,486.8239700413
99,,,,,,,欄位未定義,0.0,,人口,新北市政府主計處,刑事案件犯罪人口率,2010,item value4,是（欄位說明僅存於新北市統計年報）,38.0645257866
99,,,,,,,欄位未定義,0.0,,人口,新北市政府主計處,刑事案件犯罪人口率,2010,item value5,是（欄位說明僅存於新北市統計年報）,8.3936040737
99,,,,,,,欄位未定義,0.0,,人口,新北市政府主計處,刑事案件犯罪人口率,2010,item value6,是（欄位說明僅存於新北市統計年報）,959.3682928779
99,,,,,,,欄位未定義,0.0,,人口,新北市政府主計處,刑事案件犯罪人口率,2010,item value7,是（欄位說明僅存於新北市統計年報）,210.7300005301
99,,,,,,,欄位未定義,0.0,,人口,新北市政府主計處,刑事案件犯罪人口率,2010,item value8,是（欄位說明僅存於新北市統計年報）,2183.3198775622
99,,,,,,,欄位未定義,0.0,,人口,新北市政府主計處,刑事案件犯罪人口率,2010,item value9,是（欄位說明僅存於新北市統計年報）,667.5387332449
99,,,,,,,欄位未定義,0.0,,人口,新北市政府主計處,刑事案件犯罪人口率,2010,item value10,是（欄位說明僅存於新北市統計年報）,2748.1389828482
99,,,,,,,欄位未定義,0.0,,人口,新北市政府主計處,刑事案件犯罪人口率,2010,item value11,是（欄位說明僅存於新北市統計年報）,567.6123023249
99,,,,,,,欄位未定義,0.0,,人口,新北市政府主計處,吸菸人口,2010,itemvalue2,是（欄位說明僅存於新北市統計年報）,12.2
99,,,,,,,欄位未定義,0.0,,人口,新北市政府主計處,吸菸人口,2010,itemvalue3,是（欄位說明僅存於新北市統計年報）,4.7
99,,,,,,,欄位未定義,0.0,,人口,新北市政府主計處,吸菸人口,2010,itemvalue4,是（欄位說明僅存於新北市統計年報）,0.0
99,,,,,,,欄位未定義,0.0,,人口,新北市政府主計處,吸菸人口,2010,itemvalue5,是（欄位說明僅存於新北市統計年報）,0.0
99,,,,,,,欄位未定義,0.0,,人口,新北市政府主計處,吸菸人口,2010,itemvalue6,是（欄位說明僅存於新北市統計年報）,44.0333
99,,,,,,,欄位未定義,0.0,,人口,新北市政府主計處,吸菸人口,2010,itemvalue7,是（欄位說明僅存於新北市統計年報）,3.5525
99,,,,,,,欄位未定義,0.0,,人口,新北市政府主計處,新住民人口,2010 |  計,itemvalue3,是（欄位說明僅存於新北市統計年報）,84798.0
99,,,,,,,欄位未定義,0.0,,人口,新北市政府主計處,新住民人口,2010 |  男,itemvalue3,是（欄位說明僅存於新北市統計年報）,7990.0
99,,,,,,,欄位未定義,0.0,,人口,新北市政府主計處,新住民人口,2010 |  女,itemvalue3,是（欄位說明僅存於新北市統計年報）,76808.0
99,,,,,,,欄位未定義,0.0,,人口,新北市政府主計處,新住民人口,2010 |  計,itemvalue4,是（欄位說明僅存於新北市統計年報）,60191.0
99,,,,,,,欄位未定義,0.0,,人口,新北市政府主計處,新住民人口,2010 |  男,itemvalue4,是（欄位說明僅存於新北市統計年報）,5278.0
99,,,,,,,欄位未定義,0.0,,人口,新北市政府主計處,新住民人口,2010 |  女,itemvalue4,是（欄位說明僅存於新北市統計年報）,54913.0
99,,,,,,,欄位未定義,0.0,,人口,新北市政府主計處,新住民人口,2010 |  計,itemvalue5,是（欄位說明僅存於新北市統計年報）,55693.0
99,,,,,,,欄位未定義,0.0,,人口,新北市政府主計處,新住民人口,2010 |  男,itemvalue5,是（欄位說明僅存於新北市統計年報）,3112.0
99,,,,,,,欄位未定義,0.0,,人口,新北市政府主計處,新住民人口,2010 |  女,itemvalue5,是（欄位說明僅存於新北市統計年報）,52581.0
99,,,,,,,欄位未定義,0.0,,人口,新北市政府主計處,新住民人口,2010 |  計,itemvalue6,是（欄位說明僅存於新北市統計年報）,4498.0
99,,,,,,,欄位未定義,0.0,,人口,新北市政府主計處,新住民人口,2010 |  男,itemvalue6,是（欄位說明僅存於新北市統計年報）,2166.0
99,,,,,,,欄位未定義,0.0,,人口,新北市政府主計處,新住民人口,2010 |  女,itemvalue6,是（欄位說明僅存於新北市統計年報）,2332.0
99,,,,,,,欄位未定義,0.0,,人口,新北市政府主計處,新住民人口,2010 |  計,itemvalue7,是（欄位說明僅存於新北市統計年報）,24607.0
99,,,,,,,欄位未定義,0.0,,人口,新北市政府主計處,新住民人口,2010 |  男,itemvalue7,是（欄位說明僅存於新北市統計年報）,2712.0
99,,,,,,,欄位未定義,0.0,,人口,新北市政府主計處,新住民人口,2010 |  女,itemvalue7,是（欄位說明僅存於新北市統計年報）,21895.0
99,,,,,,,欄位未定義,0.0,,人口,新北市政府主計處,新住民人口,2010 |  計,itemvalue8,是（欄位說明僅存於新北市統計年報）,14209.0
99,,,,,,,欄位未定義,0.0,,人口,新北市政府主計處,新住民人口,2010 |  男,itemvalue8,是（欄位說明僅存於新北市統計年報）,66.0
99,,,,,,,欄位未定義,0.0,,人口,新北市政府主計處,新住民人口,2010 |  女,itemvalue8,是（欄位說明僅存於新北市統計年報）,14143.0
99,,,,,,,欄位未定義,0.0,,人口,新北市政府主計處,新住民人口,2010 |  計,itemvalue9,是（欄位說明僅存於新北市統計年報）,3179.0
99,,,,,,,欄位未定義,0.0,,人口,新北市政府主計處,新住民人口,2010 |  男,itemvalue9,是（欄位說明僅存於新北市統計年報）,90.0
99,,,,,,,欄位未定義,0.0,,人口,新北市政府主計處,新住民人口,2010 |  女,itemvalue9,是（欄位說明僅存於新北市統計年報）,3089.0
99,,,,,,,欄位未定義,0.0,,人口,新北市政府主計處,新住民人口,2010 |  計,itemvalue10,是（欄位說明僅存於新北市統計年報）,1473.0
99,,,,,,,欄位未定義,0.0,,人口,新北市政府主計處,新住民人口,2010 |  男,itemvalue10,是（欄位說明僅存於新北市統計年報）,427.0
99,,,,,,,欄位未定義,0.0,,人口,新北市政府主計處,新住民人口,2010 |  女,itemvalue10,是（欄位說明僅存於新北市統計年報）,1046.0
99,,,,,,,欄位未定義,0.0,,人口,新北市政府主計處,新住民人口,2010 |  計,itemvalue11,是（欄位說明僅存於新北市統計年報）,1184.0
99,,,,,,,欄位未定義,0.0,,人口,新北市政府主計處,新住民人口,2010 |  男,itemvalue11,是（欄位說明僅存於新北市統計年報）,110.0
99,,,,,,,欄位未定義,0.0,,人口,新北市政府主計處,新住民人口,2010 |  女,itemvalue11,是（欄位說明僅存於新北市統計年報）,1074.0
99,,,,,,,欄位未定義,0.0,,人口,新北市政府主計處,新住民人口,2010 |  計,itemvalue12,是（欄位說明僅存於新北市統計年報）,434.0
99,,,,,,,欄位未定義,0.0,,人口,新北市政府主計處,新住民人口,2010 |  男,itemvalue12,是（欄位說明僅存於新北市統計年報）,0.0
99,,,,,,,欄位未定義,0.0,,人口,新北市政府主計處,新住民人口,2010 |  女,itemvalue12,是（欄位說明僅存於新北市統計年報）,434.0
99,,,,,,,欄位未定義,0.0,,人口,新北市政府主計處,新住民人口,2010 |  計,itemvalue13,是（欄位說明僅存於新北市統計年報）,587.0
99,,,,,,,欄位未定義,0.0,,人口,新北市政府主計處,新住民人口,2010 |  男,itemvalue13,是（欄位說明僅存於新北市統計年報）,286.0
99,,,,,,,欄位未定義,0.0,,人口,新北市政府主計處,新住民人口,2010 |  女,itemvalue13,是（欄位說明僅存於新北市統計年報）,301.0
99,,,,,,,欄位未定義,0.0,,人口,新北市政府主計處,新住民人口,2010 |  計,itemvalue14,是（欄位說明僅存於新北市統計年報）,256.0
99,,,,,,,欄位未定義,0.0,,人口,新北市政府主計處,新住民人口,2010 |  男,itemvalue14,是（欄位說明僅存於新北市統計年報）,71.0
99,,,,,,,欄位未定義,0.0,,人口,新北市政府主計處,新住民人口,2010 |  女,itemvalue14,是（欄位說明僅存於新北市統計年報）,185.0
99,,,,,,,欄位未定義,0.0,,人口,新北市政府主計處,新住民人口,2010 |  計,itemvalue15,是（欄位說明僅存於新北市統計年報）,3285.0
99,,,,,,,欄位未定義,0.0,,人口,新北市政府主計處,新住民人口,2010 |  男,itemvalue15,是（欄位說明僅存於新北市統計年報）,1662.0
99,,,,,,,欄位未定義,0.0,,人口,新北市政府主計處,新住民人口,2010 |  女,itemvalue15,是（欄位說明僅存於新北市統計年報）,1623.0
99,,,,,,,欄位未定義,0.0,,人口,新北市政府主計處,新住民概況,2010,itemvalue2,是（欄位說明僅存於新北市統計年報）,7990.0
99,,,,,,,欄位未定義,0.0,,人口,新北市政府主計處,新住民概況,2010,itemvalue3,是（欄位說明僅存於新北市統計年報）,76808.0
99,,,,,,,欄位未定義,0.0,,人口,新北市政府主計處,新住民概況,2010,itemvalue4,是（欄位說明僅存於新北市統計年報）,5278.0
99,,,,,,,欄位未定義,0.0,,人口,新北市政府主計處,新住民概況,2010,itemvalue5,是（欄位說明僅存於新北市統計年報）,54913.0
99,,,,,,,欄位未定義,0.0,,人口,新北市政府主計處,新住民概況,2010,itemvalue6,是（欄位說明僅存於新北市統計年報）,9.6115673884
99,,,,,,,欄位未定義,0.0,,人口,新北市政府主計處,新住民概況,2010,itemvalue7,是（欄位說明僅存於新北市統計年報）,693.0
99,,,,,,,欄位未定義,0.0,,人口,新北市政府主計處,新住民概況,2010,itemvalue8,是（欄位說明僅存於新北市統計年報）,19786.0
99,,,,,,,欄位未定義,0.0,,人口,新北市政府主計處,新住民概況,2010,itemvalue9,是（欄位說明僅存於新北市統計年報）,3.5024764985
99,,,,,,,欄位未定義,0.0,,人口,新北市政府主計處,新住民概況,2010,itemvalue10,是（欄位說明僅存於新北市統計年報）,2019.0
99,,,,,,,欄位未定義,0.0,,人口,新北市政府主計處,新住民概況,2010,itemvalue11,是（欄位說明僅存於新北市統計年報）,2109.0
99,,,,,,,欄位未定義,0.0,,人口,新北市政府主計處,新住民概況,2010,itemvalue12,是（欄位說明僅存於新北市統計年報）,95.7325746799
99,,,,,,,欄位未定義,0.0,,人口,新北市政府水利局,新北市污水下水道用戶接管普及率,99,sewage_treatment_connection_rates_new_system,是（欄位說明僅存於新北市統計年報）,25.03
99,,,,,,,欄位未定義,0.0,,健康,新北市政府主計處,自殺通報人數(99年以後) ,2010,itemvalue2,是（欄位說明僅存於新北市統計年報）,1606.0
99,,,,,,,欄位未定義,0.0,,健康,新北市政府主計處,自殺通報人數(99年以後) ,2010,itemvalue3,是（欄位說明僅存於新北市統計年報）,3465.0
99,,,,,,,欄位未定義,0.0,,健康,新北市政府主計處,自殺通報人數(99年以後) ,2010,itemvalue4,是（欄位說明僅存於新北市統計年報）,0.0
99,,,,,,,欄位未定義,0.0,,健康,新北市政府主計處,自殺通報人數(99年以後) ,2010,itemvalue5,是（欄位說明僅存於新北市統計年報）,0.0
99,,,,,,,欄位未定義,0.0,,健康,新北市政府主計處,自殺通報人數(99年以後) ,2010,itemvalue6,是（欄位說明僅存於新北市統計年報）,11.0
99,,,,,,,欄位未定義,0.0,,健康,新北市政府主計處,自殺通報人數(99年以後) ,2010,itemvalue7,是（欄位說明僅存於新北市統計年報）,31.0
99,,,,,,,欄位未定義,0.0,,健康,新北市政府主計處,自殺通報人數(99年以後) ,2010,itemvalue8,是（欄位說明僅存於新北市統計年報）,75.0
99,,,,,,,欄位未定義,0.0,,健康,新北市政府主計處,自殺通報人數(99年以後) ,2010,itemvalue9,是（欄位說明僅存於新北市統計年報）,172.0
99,,,,,,,欄位未定義,0.0,,健康,新北市政府主計處,自殺通報人數(99年以後) ,2010,itemvalue10,是（欄位說明僅存於新北市統計年報）,352.0
99,,,,,,,欄位未定義,0.0,,健康,新北市政府主計處,自殺通報人數(99年以後) ,2010,itemvalue11,是（欄位說明僅存於新北市統計年報）,882.0
99,,,,,,,欄位未定義,0.0,,健康,新北市政府主計處,自殺通報人數(99年以後) ,2010,itemvalue12,是（欄位說明僅存於新北市統計年報）,359.0
99,,,,,,,欄位未定義,0.0,,健康,新北市政府主計處,自殺通報人數(99年以後) ,2010,itemvalue13,是（欄位說明僅存於新北市統計年報）,949.0
99,,,,,,,欄位未定義,0.0,,健康,新北市政府主計處,自殺通報人數(99年以後) ,2010,itemvalue14,是（欄位說明僅存於新北市統計年報）,349.0
99,,,,,,,欄位未定義,0.0,,健康,新北市政府主計處,自殺通報人數(99年以後) ,2010,itemvalue15,是（欄位說明僅存於新北市統計年報）,737.0
99,,,,,,,欄位未定義,0.0,,健康,新北市政府主計處,自殺通報人數(99年以後) ,2010,itemvalue16,是（欄位說明僅存於新北市統計年報）,221.0
99,,,,,,,欄位未定義,0.0,,健康,新北市政府主計處,自殺通報人數(99年以後) ,2010,itemvalue17,是（欄位說明僅存於新北市統計年報）,432.0
99,,,,,,,欄位未定義,0.0,,健康,新北市政府主計處,自殺通報人數(99年以後) ,2010,itemvalue18,是（欄位說明僅存於新北市統計年報）,229.0
99,,,,,,,欄位未定義,0.0,,健康,新北市政府主計處,自殺通報人數(99年以後) ,2010,itemvalue19,是（欄位說明僅存於新北市統計年報）,213.0
99,,,,,,,欄位未定義,0.0,,健康,新北市政府主計處,醫療服務,2010,itemvalue2,是（欄位說明僅存於新北市統計年報）,77.51
99,,,,,,,欄位未定義,0.0,,健康,新北市政府主計處,醫療服務,2010,itemvalue3,是（欄位說明僅存於新北市統計年報）,83.88
99,,,,,,,欄位未定義,0.0,,健康,新北市政府主計處,醫療服務,2010,itemvalue4,是（欄位說明僅存於新北市統計年報）,87048.2356528532
99,,,,,,,欄位未定義,0.0,,健康,新北市政府主計處,醫療服務,2010,itemvalue5,是（欄位說明僅存於新北市統計年報）,92612.5793225716
99,,,,,,,欄位未定義,0.0,,健康,新北市政府主計處,醫療服務,2010,itemvalue6,是（欄位說明僅存於新北市統計年報）,2197.0965
99,,,,,,,欄位未定義,0.0,,健康,新北市政府主計處,醫療服務,2010,itemvalue7,是（欄位說明僅存於新北市統計年報）,1871004.6953
99,,,,,,,欄位未定義,0.0,,健康,新北市政府主計處,醫療服務,2010,itemvalue8,是（欄位說明僅存於新北市統計年報）,2827.3679
99,,,,,,,欄位未定義,0.0,,健康,新北市政府主計處,醫療服務,2010,itemvalue9,是（欄位說明僅存於新北市統計年報）,2100549.6253
99,,,,,,,欄位未定義,0.0,,健康,新北市政府主計處,醫療服務,2010,itemvalue10,是（欄位說明僅存於新北市統計年報）,12.918
99,,,,,,,欄位未定義,0.0,,健康,新北市政府主計處,醫療服務,2010,itemvalue11,是（欄位說明僅存於新北市統計年報）,664992.951
99,,,,,,,欄位未定義,0.0,,健康,新北市政府主計處,醫療服務,2010,itemvalue12,是（欄位說明僅存於新北市統計年報）,12.6249
99,,,,,,,欄位未定義,0.0,,健康,新北市政府主計處,醫療服務,2010,itemvalue13,是（欄位說明僅存於新北市統計年報）,569687.4758
99,,,,,,,欄位未定義,0.0,,婚育,新北市政府主計處,失業率－婚姻狀況別,2010,item value2,是（欄位說明僅存於新北市統計年報）,9.7
99,,,,,,,欄位未定義,0.0,,婚育,新北市政府主計處,失業率－婚姻狀況別,2010,item value3,是（欄位說明僅存於新北市統計年報）,7.1
99,,,,,,,欄位未定義,0.0,,婚育,新北市政府主計處,失業率－婚姻狀況別,2010,item value4,是（欄位說明僅存於新北市統計年報）,3.3
99,,,,,,,欄位未定義,0.0,,婚育,新北市政府主計處,失業率－婚姻狀況別,2010,item value5,是（欄位說明僅存於新北市統計年報）,2.2
99,,,,,,,欄位未定義,0.0,,婚育,新北市政府主計處,失業率－婚姻狀況別,2010,item value6,是（欄位說明僅存於新北市統計年報）,8.9
99,,,,,,,欄位未定義,0.0,,婚育,新北市政府主計處,失業率－婚姻狀況別,2010,item value7,是（欄位說明僅存於新北市統計年報）,4.8
99,,,,,,,欄位未定義,0.0,,婚育,新北市政府主計處,婚姻狀況,2010,itemvalue2,是（欄位說明僅存於新北市統計年報）,1630325.0
99,,,,,,,欄位未定義,0.0,,婚育,新北市政府主計處,婚姻狀況,2010,itemvalue3,是（欄位說明僅存於新北市統計年報）,1680773.0
99,,,,,,,欄位未定義,0.0,,婚育,新北市政府主計處,婚姻狀況,2010,itemvalue4,是（欄位說明僅存於新北市統計年報）,659527.0
99,,,,,,,欄位未定義,0.0,,婚育,新北市政府主計處,婚姻狀況,2010,itemvalue5,是（欄位說明僅存於新北市統計年報）,567046.0
99,,,,,,,欄位未定義,0.0,,婚育,新北市政府主計處,婚姻狀況,2010,itemvalue6,是（欄位說明僅存於新北市統計年報）,828959.0
99,,,,,,,欄位未定義,0.0,,婚育,新北市政府主計處,婚姻狀況,2010,itemvalue7,是（欄位說明僅存於新北市統計年報）,842750.0
99,,,,,,,欄位未定義,0.0,,婚育,新北市政府主計處,婚姻狀況,2010,itemvalue8,是（欄位說明僅存於新北市統計年報）,0.0
99,,,,,,,欄位未定義,0.0,,婚育,新北市政府主計處,婚姻狀況,2010,itemvalue9,是（欄位說明僅存於新北市統計年報）,0.0
99,,,,,,,欄位未定義,0.0,,婚育,新北市政府主計處,婚姻狀況,2010,itemvalue10,是（欄位說明僅存於新北市統計年報）,27065.0
99,,,,,,,欄位未定義,0.0,,婚育,新北市政府主計處,婚姻狀況,2010,itemvalue11,是（欄位說明僅存於新北市統計年報）,130794.0
99,,,,,,,欄位未定義,0.0,,婚育,新北市政府主計處,婚姻狀況,2010,itemvalue12,是（欄位說明僅存於新北市統計年報）,0.0
99,,,,,,,欄位未定義,0.0,,婚育,新北市政府主計處,婚姻狀況,2010,itemvalue13,是（欄位說明僅存於新北市統計年報）,0.0
99,,,,,,,欄位未定義,0.0,,婚育,新北市政府主計處,婚姻狀況,2010,itemvalue14,是（欄位說明僅存於新北市統計年報）,114774.0
99,,,,,,,欄位未定義,0.0,,婚育,新北市政府主計處,婚姻狀況,2010,itemvalue15,是（欄位說明僅存於新北市統計年報）,140183.0
99,,,,,,,欄位未定義,0.0,,婚育,新北市政府主計處,婚姻狀況,2010,itemvalue16,是（欄位說明僅存於新北市統計年報）,0.0
99,,,,,,,欄位未定義,0.0,,婚育,新北市政府主計處,婚姻狀況,2010,itemvalue17,是（欄位說明僅存於新北市統計年報）,0.0
99,,,,,,,欄位未定義,0.0,,婚育,新北市政府主計處,婚姻狀況—喪偶年齡結構,2010,itemvalue2,是（欄位說明僅存於新北市統計年報）,0.0
99,,,,,,,欄位未定義,0.0,,婚育,新北市政府主計處,婚姻狀況—喪偶年齡結構,2010,itemvalue3,是（欄位說明僅存於新北市統計年報）,0.0015291221
99,,,,,,,欄位未定義,0.0,,婚育,新北市政府主計處,婚姻狀況—喪偶年齡結構,2010,itemvalue4,是（欄位說明僅存於新北市統計年報）,0.0036948088
99,,,,,,,欄位未定義,0.0,,婚育,新北市政府主計處,婚姻狀況—喪偶年齡結構,2010,itemvalue5,是（欄位說明僅存於新北市統計年報）,0.0084101717
99,,,,,,,欄位未定義,0.0,,婚育,新北市政府主計處,婚姻狀況—喪偶年齡結構,2010,itemvalue6,是（欄位說明僅存於新北市統計年報）,0.0406428967
99,,,,,,,欄位未定義,0.0,,婚育,新北市政府主計處,婚姻狀況—喪偶年齡結構,2010,itemvalue7,是（欄位說明僅存於新北市統計年報）,0.1452666024
99,,,,,,,欄位未定義,0.0,,婚育,新北市政府主計處,婚姻狀況—喪偶年齡結構,2010,itemvalue8,是（欄位說明僅存於新北市統計年報）,0.3140587475
99,,,,,,,欄位未定義,0.0,,婚育,新北市政府主計處,婚姻狀況—喪偶年齡結構,2010,itemvalue9,是（欄位說明僅存於新北市統計年報）,0.4793797881
99,,,,,,,欄位未定義,0.0,,婚育,新北市政府主計處,婚姻狀況—喪偶年齡結構,2010,itemvalue10,是（欄位說明僅存於新北市統計年報）,0.7648254203
99,,,,,,,欄位未定義,0.0,,婚育,新北市政府主計處,婚姻狀況—喪偶年齡結構,2010,itemvalue11,是（欄位說明僅存於新北市統計年報）,0.9878128966
99,,,,,,,欄位未定義,0.0,,婚育,新北市政府主計處,婚姻狀況—喪偶年齡結構,2010,itemvalue12,是（欄位說明僅存於新北市統計年報）,98.8767781267
99,,,,,,,欄位未定義,0.0,,婚育,新北市政府主計處,婚姻狀況—喪偶年齡結構,2010,itemvalue13,是（欄位說明僅存於新北市統計年報）,98.377601419
99,,,,,,,欄位未定義,0.0,,婚育,新北市政府主計處,婚姻狀況—有偶年齡結構,2010,itemvalue2,是（欄位說明僅存於新北市統計年報）,0.007961793
99,,,,,,,欄位未定義,0.0,,婚育,新北市政府主計處,婚姻狀況—有偶年齡結構,2010,itemvalue3,是（欄位說明僅存於新北市統計年報）,0.038326906
99,,,,,,,欄位未定義,0.0,,婚育,新北市政府主計處,婚姻狀況—有偶年齡結構,2010,itemvalue4,是（欄位說明僅存於新北市統計年報）,0.2061621865
99,,,,,,,欄位未定義,0.0,,婚育,新北市政府主計處,婚姻狀況—有偶年齡結構,2010,itemvalue5,是（欄位說明僅存於新北市統計年報）,0.5680213586
99,,,,,,,欄位未定義,0.0,,婚育,新北市政府主計處,婚姻狀況—有偶年齡結構,2010,itemvalue6,是（欄位說明僅存於新北市統計年報）,2.3176055752
99,,,,,,,欄位未定義,0.0,,婚育,新北市政府主計處,婚姻狀況—有偶年齡結構,2010,itemvalue7,是（欄位說明僅存於新北市統計年報）,4.4810442005
99,,,,,,,欄位未定義,0.0,,婚育,新北市政府主計處,婚姻狀況—有偶年齡結構,2010,itemvalue8,是（欄位說明僅存於新北市統計年報）,8.5568767575
99,,,,,,,欄位未定義,0.0,,婚育,新北市政府主計處,婚姻狀況—有偶年齡結構,2010,itemvalue9,是（欄位說明僅存於新北市統計年報）,11.4042123999
99,,,,,,,欄位未定義,0.0,,婚育,新北市政府主計處,婚姻狀況—有偶年齡結構,2010,itemvalue10,是（欄位說明僅存於新北市統計年報）,11.5570251363
99,,,,,,,欄位未定義,0.0,,婚育,新北市政府主計處,婚姻狀況—有偶年齡結構,2010,itemvalue11,是（欄位說明僅存於新北市統計年報）,12.3646395728
99,,,,,,,欄位未定義,0.0,,婚育,新北市政府主計處,婚姻狀況—有偶年齡結構,2010,itemvalue12,是（欄位說明僅存於新北市統計年報）,77.3543685514
99,,,,,,,欄位未定義,0.0,,婚育,新北市政府主計處,婚姻狀況—有偶年齡結構,2010,itemvalue13,是（欄位說明僅存於新北市統計年報）,71.1437555621
99,,,,,,,欄位未定義,0.0,,婚育,新北市政府主計處,婚姻狀況—未婚年齡結構,2010,percent2,是（欄位說明僅存於新北市統計年報）,21.4211093708
99,,,,,,,欄位未定義,0.0,,婚育,新北市政府主計處,婚姻狀況—未婚年齡結構,2010,percent3,是（欄位說明僅存於新北市統計年報）,22.8686914289
99,,,,,,,欄位未定義,0.0,,婚育,新北市政府主計處,婚姻狀況—未婚年齡結構,2010,percent4,是（欄位說明僅存於新北市統計年報）,21.3324094389
99,,,,,,,欄位未定義,0.0,,婚育,新北市政府主計處,婚姻狀況—未婚年齡結構,2010,percent5,是（欄位說明僅存於新北市統計年報）,22.5579582609
99,,,,,,,欄位未定義,0.0,,婚育,新北市政府主計處,婚姻狀況—未婚年齡結構,2010,percent6,是（欄位說明僅存於新北市統計年報）,22.4956673495
99,,,,,,,欄位未定義,0.0,,婚育,新北市政府主計處,婚姻狀況—未婚年齡結構,2010,percent7,是（欄位說明僅存於新北市統計年報）,21.5880193141
99,,,,,,,欄位未定義,0.0,,婚育,新北市政府主計處,婚姻狀況—未婚年齡結構,2010,percent8,是（欄位說明僅存於新北市統計年報）,15.845143565
99,,,,,,,欄位未定義,0.0,,婚育,新北市政府主計處,婚姻狀況—未婚年齡結構,2010,percent9,是（欄位說明僅存於新北市統計年報）,13.1580153991
99,,,,,,,欄位未定義,0.0,,婚育,新北市政府主計處,婚姻狀況—未婚年齡結構,2010,percent10,是（欄位說明僅存於新北市統計年報）,7.2562609264
99,,,,,,,欄位未定義,0.0,,婚育,新北市政府主計處,婚姻狀況—未婚年齡結構,2010,percent11,是（欄位說明僅存於新北市統計年報）,6.5668393746
99,,,,,,,欄位未定義,0.0,,婚育,新北市政府主計處,婚姻狀況—未婚年齡結構,2010,percent12,是（欄位說明僅存於新北市統計年報）,11.6494093494
99,,,,,,,欄位未定義,0.0,,婚育,新北市政府主計處,婚姻狀況—未婚年齡結構,2010,percent13,是（欄位說明僅存於新北市統計年報）,13.2604762224
99,,,,,,,欄位未定義,0.0,,婚育,新北市政府主計處,婚姻狀況—離婚年齡結構,2010,percent2,是（欄位說明僅存於新北市統計年報）,0.0104553296
99,,,,,,,欄位未定義,0.0,,婚育,新北市政府主計處,婚姻狀況—離婚年齡結構,2010,percent3,是（欄位說明僅存於新北市統計年報）,0.0342409565
99,,,,,,,欄位未定義,0.0,,婚育,新北市政府主計處,婚姻狀況—離婚年齡結構,2010,percent4,是（欄位說明僅存於新北市統計年報）,0.2988481712
99,,,,,,,欄位未定義,0.0,,婚育,新北市政府主計處,婚姻狀況—離婚年齡結構,2010,percent5,是（欄位說明僅存於新北市統計年報）,0.6520048793
99,,,,,,,欄位未定義,0.0,,婚育,新北市政府主計處,婚姻狀況—離婚年齡結構,2010,percent6,是（欄位說明僅存於新北市統計年報）,2.0422743827
99,,,,,,,欄位未定義,0.0,,婚育,新北市政府主計處,婚姻狀況—離婚年齡結構,2010,percent7,是（欄位說明僅存於新北市統計年報）,4.0019117867
99,,,,,,,欄位未定義,0.0,,婚育,新北市政府主計處,婚姻狀況—離婚年齡結構,2010,percent8,是（欄位說明僅存於新北市統計年報）,7.6071235646
99,,,,,,,欄位未定義,0.0,,婚育,新北市政府主計處,婚姻狀況—離婚年齡結構,2010,percent9,是（欄位說明僅存於新北市統計年報）,9.832147978
99,,,,,,,欄位未定義,0.0,,婚育,新北市政府主計處,婚姻狀況—離婚年齡結構,2010,percent10,是（欄位說明僅存於新北市統計年報）,12.5699200167
99,,,,,,,欄位未定義,0.0,,婚育,新北市政府主計處,婚姻狀況—離婚年齡結構,2010,percent11,是（欄位說明僅存於新北市統計年報）,12.8703195109
99,,,,,,,欄位未定義,0.0,,婚育,新北市政府主計處,婚姻狀況—離婚年齡結構,2010,percent12,是（欄位說明僅存於新北市統計年報）,77.4713785352
99,,,,,,,欄位未定義,0.0,,婚育,新北市政府主計處,婚姻狀況—離婚年齡結構,2010,percent13,是（欄位說明僅存於新北市統計年報）,72.6093748885
99,,,,,,,欄位未定義,0.0,,婚育,新北市政府主計處,嬰兒出生情形,2010,item value2,是（欄位說明僅存於新北市統計年報）,95.7010676157
99,,,,,,,欄位未定義,0.0,,婚育,新北市政府主計處,嬰兒出生情形,2010,item value3,是（欄位說明僅存於新北市統計年報）,95.425855217
99,,,,,,,欄位未定義,0.0,,婚育,新北市政府主計處,嬰兒出生情形,2010,item value4,是（欄位說明僅存於新北市統計年報）,4.2775800712
99,,,,,,,欄位未定義,0.0,,婚育,新北市政府主計處,嬰兒出生情形,2010,item value5,是（欄位說明僅存於新北市統計年報）,4.5507675524
99,,,,,,,欄位未定義,0.0,,婚育,新北市政府主計處,嬰兒出生情形,2010,item value6,是（欄位說明僅存於新北市統計年報）,0.0213523132
99,,,,,,,欄位未定義,0.0,,婚育,新北市政府主計處,嬰兒出生情形,2010,item value7,是（欄位說明僅存於新北市統計年報）,0.0233772306
99,,,,,,,欄位未定義,0.0,,婚育,新北市政府主計處,嬰兒出生情形,2010,item value8,是（欄位說明僅存於新北市統計年報）,97.0177935943
99,,,,,,,欄位未定義,0.0,,婚育,新北市政府主計處,嬰兒出生情形,2010,item value9,是（欄位說明僅存於新北市統計年報）,96.9064131536
99,,,,,,,欄位未定義,0.0,,婚育,新北市政府主計處,嬰兒出生情形,2010,item value10,是（欄位說明僅存於新北市統計年報）,2.9395017794
99,,,,,,,欄位未定義,0.0,,婚育,新北市政府主計處,嬰兒出生情形,2010,item value11,是（欄位說明僅存於新北市統計年報）,3.0468323853
99,,,,,,,欄位未定義,0.0,,婚育,新北市政府主計處,嬰兒出生情形,2010,item value12,是（欄位說明僅存於新北市統計年報）,0.0427046263
99,,,,,,,欄位未定義,0.0,,婚育,新北市政府主計處,嬰兒出生情形,2010,item value13,是（欄位說明僅存於新北市統計年報）,0.0467544612
99,,,,,,,欄位未定義,0.0,,婚育,新北市政府主計處,嬰兒生母生育胎次及年齡,2010,item value2,是（欄位說明僅存於新北市統計年報）,54.977006916
99,,,,,,,欄位未定義,0.0,,婚育,新北市政府主計處,嬰兒生母生育胎次及年齡,2010,item value3,是（欄位說明僅存於新北市統計年報）,1.16594851
99,,,,,,,欄位未定義,0.0,,婚育,新北市政府主計處,嬰兒生母生育胎次及年齡,2010,item value4,是（欄位說明僅存於新北市統計年報）,5.9673389579
99,,,,,,,欄位未定義,0.0,,婚育,新北市政府主計處,嬰兒生母生育胎次及年齡,2010,item value5,是（欄位說明僅存於新北市統計年報）,18.7638049028
99,,,,,,,欄位未定義,0.0,,婚育,新北市政府主計處,嬰兒生母生育胎次及年齡,2010,item value6,是（欄位說明僅存於新北市統計年報）,22.0118043234
99,,,,,,,欄位未定義,0.0,,婚育,新北市政府主計處,嬰兒生母生育胎次及年齡,2010,item value7,是（欄位說明僅存於新北市統計年報）,6.2606365644
99,,,,,,,欄位未定義,0.0,,婚育,新北市政府主計處,嬰兒生母生育胎次及年齡,2010,item value8,是（欄位說明僅存於新北市統計年報）,0.7821269508
99,,,,,,,欄位未定義,0.0,,婚育,新北市政府主計處,嬰兒生母生育胎次及年齡,2010,item value9,是（欄位說明僅存於新北市統計年報）,0.0253467067
99,,,,,,,欄位未定義,0.0,,婚育,新北市政府主計處,嬰兒生母生育胎次及年齡,2010,item value10,是（欄位說明僅存於新北市統計年報）,36.274758301
99,,,,,,,欄位未定義,0.0,,婚育,新北市政府主計處,嬰兒生母生育胎次及年齡,2010,item value11,是（欄位說明僅存於新北市統計年報）,7.1151826773
99,,,,,,,欄位未定義,0.0,,婚育,新北市政府主計處,嬰兒生母生育胎次及年齡,2010,item value12,是（欄位說明僅存於新北市統計年報）,1.6330521056
99,,,,,,,欄位未定義,0.0,,婚育,新北市政府主計處,嬰兒生母生育胎次及年齡,2010,item value13,是（欄位說明僅存於新北市統計年報）,30.1
99,,,,,,,欄位未定義,0.0,,婚育,新北市政府主計處,年齡別生育率,2010,item value2,是（欄位說明僅存於新北市統計年報）,0.3364466329
99,,,,,,,欄位未定義,0.0,,婚育,新北市政府主計處,年齡別生育率,2010,item value3,是（欄位說明僅存於新北市統計年報）,2.6849642005
99,,,,,,,欄位未定義,0.0,,婚育,新北市政府主計處,年齡別生育率,2010,item value4,是（欄位說明僅存於新北市統計年報）,5.2312397827
99,,,,,,,欄位未定義,0.0,,婚育,新北市政府主計處,年齡別生育率,2010,item value5,是（欄位說明僅存於新北市統計年報）,17.4706396195
99,,,,,,,欄位未定義,0.0,,婚育,新北市政府主計處,年齡別生育率,2010,item value6,是（欄位說明僅存於新北市統計年報）,28.3523486246
99,,,,,,,欄位未定義,0.0,,婚育,新北市政府主計處,年齡別生育率,2010,item value7,是（欄位說明僅存於新北市統計年報）,48.0659908096
99,,,,,,,欄位未定義,0.0,,婚育,新北市政府主計處,年齡別生育率,2010,item value8,是（欄位說明僅存於新北市統計年報）,60.4286892003
99,,,,,,,欄位未定義,0.0,,婚育,新北市政府主計處,年齡別生育率,2010,item value9,是（欄位說明僅存於新北市統計年報）,62.9186139462
99,,,,,,,欄位未定義,0.0,,婚育,新北市政府主計處,年齡別生育率,2010,item value10,是（欄位說明僅存於新北市統計年報）,47.5509733938
99,,,,,,,欄位未定義,0.0,,婚育,新北市政府主計處,年齡別生育率,2010,item value11,是（欄位說明僅存於新北市統計年報）,28.7579338138
99,,,,,,,欄位未定義,0.0,,婚育,新北市政府主計處,年齡別生育率,2010,item value12,是（欄位說明僅存於新北市統計年報）,16.2051579439
99,,,,,,,欄位未定義,0.0,,婚育,新北市政府主計處,年齡別生育率,2010,item value13,是（欄位說明僅存於新北市統計年報）,3.8790630758
99,,,,,,,欄位未定義,0.0,,婚育,新北市政府主計處,年齡別生育率,2010,item value14,是（欄位說明僅存於新北市統計年報）,3.9068398007
99,,,,,,,欄位未定義,0.0,,婚育,新北市政府主計處,年齡別生育率,2010,item value15,是（欄位說明僅存於新北市統計年報）,0.0975324295
99,,,,,,,欄位未定義,0.0,,婚育,新北市政府主計處,年齡別生育率,2010,item value16,是（欄位說明僅存於新北市統計年報）,0.8613559328
99,,,,,,,欄位未定義,0.0,,婚育,新北市政府主計處,年齡別生育率,2010,item value17,是（欄位說明僅存於新北市統計年報）,0.0
99,,,,,,,欄位未定義,0.0,,婚育,新北市政府主計處,托育機構概況(100年以前),2010 | - | - | - | 0 | 19 | - | 293 | 151 | 37,item value2,是（欄位說明僅存於新北市統計年報）,935.0
99,,,,,,,欄位未定義,0.0,,婚育,新北市政府主計處,托育機構概況(100年以前),2010 | - | - | - | 0 | 19 | - | 293 | 151 | 37,item value4,是（欄位說明僅存於新北市統計年報）,43099.0
99,,,,,,,欄位未定義,0.0,,婚育,新北市政府主計處,托育機構概況(100年以前),2010 | - | - | - | 0 | 19 | - | 293 | 151 | 37,item value5,是（欄位說明僅存於新北市統計年報）,5557.0
99,,,,,,,欄位未定義,0.0,,婚育,新北市政府主計處,托育機構概況(100年以前),2010 | - | - | - | 0 | 19 | - | 293 | 151 | 37,item value6,是（欄位說明僅存於新北市統計年報）,4430.0
99,,,,,,,欄位未定義,0.0,,婚育,新北市政府主計處,托育機構概況(100年以前),2010 | - | - | - | 0 | 19 | - | 293 | 151 | 37,item value7,是（欄位說明僅存於新北市統計年報）,28.0
99,,,,,,,欄位未定義,0.0,,婚育,新北市政府主計處,托育機構概況(100年以前),2010 | - | - | - | 0 | 19 | - | 293 | 151 | 37,item value9,是（欄位說明僅存於新北市統計年報）,6882.0
99,,,,,,,欄位未定義,0.0,,婚育,新北市政府主計處,托育機構概況(100年以前),2010 | - | - | - | 0 | 19 | - | 293 | 151 | 37,item value10,是（欄位說明僅存於新北市統計年報）,624.0
99,,,,,,,欄位未定義,0.0,,婚育,新北市政府主計處,托育機構概況(100年以前),2010 | - | - | - | 0 | 19 | - | 293 | 151 | 37,item value11,是（欄位說明僅存於新北市統計年報）,529.0
99,,,,,,,欄位未定義,0.0,,婚育,新北市政府主計處,托育機構概況(100年以前),2010 | - | - | - | 0 | 19 | - | 293 | 151 | 37,item value12,是（欄位說明僅存於新北市統計年報）,888.0
99,,,,,,,欄位未定義,0.0,,婚育,新北市政府主計處,托育機構概況(100年以前),2010 | - | - | - | 0 | 19 | - | 293 | 151 | 37,item value14,是（欄位說明僅存於新北市統計年報）,35924.0
99,,,,,,,欄位未定義,0.0,,婚育,新北市政府主計處,托育機構概況(100年以前),2010 | - | - | - | 0 | 19 | - | 293 | 151 | 37,item value15,是（欄位說明僅存於新北市統計年報）,4782.0
99,,,,,,,欄位未定義,0.0,,婚育,新北市政府主計處,托育機構概況(100年以前),2010 | - | - | - | 0 | 19 | - | 293 | 151 | 37,item value16,是（欄位說明僅存於新北市統計年報）,3864.0
99,,,,,,,欄位未定義,0.0,,婚育,新北市政府主計處,托育機構概況(100年以前),2010 | - | - | - | 0 | 19 | - | 293 | 151 | 37,item value17,是（欄位說明僅存於新北市統計年報）,0.0
99,,,,,,,欄位未定義,0.0,,婚育,新北市政府主計處,托育機構概況(100年以前),2010 | - | - | - | 0 | 19 | - | 293 | 151 | 37,item value19,是（欄位說明僅存於新北市統計年報）,0.0
99,,,,,,,欄位未定義,0.0,,婚育,新北市政府主計處,托育機構概況(100年以前),2010 | - | - | - | 0 | 19 | - | 293 | 151 | 37,item value20,是（欄位說明僅存於新北市統計年報）,0.0
99,,,,,,,欄位未定義,0.0,,婚育,新北市政府主計處,托育機構概況(100年以前),2010 | - | - | - | 0 | 19 | - | 293 | 151 | 37,item value21,是（欄位說明僅存於新北市統計年報）,0.0
99,,,,,,,欄位未定義,0.0,,婚育,新北市政府主計處,生育率,2010,itemvalue2,是（欄位說明僅存於新北市統計年報）,19.8707684138
99,,,,,,,欄位未定義,0.0,,婚育,新北市政府主計處,生育率,2010,itemvalue3,是（欄位說明僅存於新北市統計年報）,24.7378594859
99,,,,,,,欄位未定義,0.0,,婚育,新北市政府主計處,生育率,2010,itemvalue4,是（欄位說明僅存於新北市統計年報）,818.672036223
99,,,,,,,欄位未定義,0.0,,婚育,新北市政府主計處,生育率,2010,itemvalue5,是（欄位說明僅存於新北市統計年報）,819.3736894744
99,,,,,,,欄位未定義,0.0,,婚育,新北市政府主計處,生育率,2010,itemvalue6,是（欄位說明僅存於新北市統計年報）,56.6047403934
99,,,,,,,欄位未定義,0.0,,婚育,新北市政府主計處,結婚情形,2010,itemvalue2,是（欄位說明僅存於新北市統計年報）,3407.0
99,,,,,,,欄位未定義,0.0,,婚育,新北市政府主計處,結婚情形,2010,itemvalue3,是（欄位說明僅存於新北市統計年報）,850.0
99,,,,,,,欄位未定義,0.0,,婚育,新北市政府主計處,結婚情形,2010,itemvalue4,是（欄位說明僅存於新北市統計年報）,32.1
99,,,,,,,欄位未定義,0.0,,婚育,新北市政府主計處,結婚情形,2010,itemvalue5,是（欄位說明僅存於新北市統計年報）,29.6
99,,,,,,,欄位未定義,0.0,,婚育,新北市政府主計處,結婚情形,2010,itemvalue6,是（欄位說明僅存於新北市統計年報）,31.7
99,,,,,,,欄位未定義,0.0,,婚育,新北市政府主計處,結婚情形,2010,itemvalue7,是（欄位說明僅存於新北市統計年報）,29.3
99,,,,,,,欄位未定義,0.0,,婚育,新北市政府主計處,結婚情形,2010,itemvalue8,是（欄位說明僅存於新北市統計年報）,33.7628826628
99,,,,,,,欄位未定義,0.0,,婚育,新北市政府主計處,結婚情形,2010,itemvalue9,是（欄位說明僅存於新北市統計年報）,40.2556416533
99,,,,,,,欄位未定義,0.0,,婚育,新北市政府主計處,結婚情形,2010,itemvalue10,是（欄位說明僅存於新北市統計年報）,30.3654365437
99,,,,,,,欄位未定義,0.0,,婚育,新北市政府主計處,結婚情形,2010,itemvalue11,是（欄位說明僅存於新北市統計年報）,13.9825067829
99,,,,,,,欄位未定義,0.0,,婚育,新北市政府主計處,離婚情形,2010,item value2,是（欄位說明僅存於新北市統計年報）,2674.0
99,,,,,,,欄位未定義,0.0,,婚育,新北市政府主計處,離婚情形,2010,item value3,是（欄位說明僅存於新北市統計年報）,321.0
99,,,,,,,欄位未定義,0.0,,婚育,新北市政府主計處,離婚情形,2010,item value4,是（欄位說明僅存於新北市統計年報）,0.0
99,,,,,,,欄位未定義,0.0,,婚育,新北市政府主計處,離婚情形,2010,item value5,是（欄位說明僅存於新北市統計年報）,0.0
99,,,,,,,欄位未定義,0.0,,婚育,新北市政府主計處,離婚情形,2010,item value6,是（欄位說明僅存於新北市統計年報）,13.2
99,,,,,,,欄位未定義,0.0,,婚育,新北市政府主計處,離婚情形,2010,item value7,是（欄位說明僅存於新北市統計年報）,12.99
99,,,,,,,欄位未定義,0.0,,婚育,新北市政府主計處,離婚情形,2010,item value8,是（欄位說明僅存於新北市統計年報）,0.0
99,,,,,,,欄位未定義,0.0,,婚育,新北市政府主計處,離婚情形,2010,item value9,是（欄位說明僅存於新北市統計年報）,0.0
99,,,,,,,欄位未定義,0.0,,婚育,新北市政府主計處,離婚情形,2010,item value10,是（欄位說明僅存於新北市統計年報）,41.0272041454
99,,,,,,,欄位未定義,0.0,,婚育,新北市政府主計處,離婚情形,2010,item value11,是（欄位說明僅存於新北市統計年報）,42.4064619371
99,,,,,,,欄位未定義,0.0,,婚育,新北市政府主計處,離婚情形,2010,item value12,是（欄位說明僅存於新北市統計年報）,16.5663339175
99,,,,,,,欄位未定義,0.0,,婚育,新北市政府主計處,離婚情形,2010,item value13,是（欄位說明僅存於新北市統計年報）,0.0
99,,,,,,,欄位未定義,0.0,,安全,新北市政府主計處,候詢嫌疑犯暨被拘留人犯數,2010,percent2,是（欄位說明僅存於新北市統計年報）,12908.0
99,,,,,,,欄位未定義,0.0,,安全,新北市政府主計處,候詢嫌疑犯暨被拘留人犯數,2010,percent3,是（欄位說明僅存於新北市統計年報）,1760.0
99,,,,,,,欄位未定義,0.0,,安全,新北市政府主計處,候詢嫌疑犯暨被拘留人犯數,2010,percent4,是（欄位說明僅存於新北市統計年報）,12889.0
99,,,,,,,欄位未定義,0.0,,安全,新北市政府主計處,候詢嫌疑犯暨被拘留人犯數,2010,percent5,是（欄位說明僅存於新北市統計年報）,1710.0
99,,,,,,,欄位未定義,0.0,,安全,新北市政府主計處,候詢嫌疑犯暨被拘留人犯數,2010,percent6,是（欄位說明僅存於新北市統計年報）,19.0
99,,,,,,,欄位未定義,0.0,,安全,新北市政府主計處,候詢嫌疑犯暨被拘留人犯數,2010,percent7,是（欄位說明僅存於新北市統計年報）,50.0
99,,,,,,,欄位未定義,0.0,,安全,新北市政府主計處,候詢嫌疑犯暨被拘留人犯數,2010,percent8,是（欄位說明僅存於新北市統計年報）,0.0
99,,,,,,,欄位未定義,0.0,,安全,新北市政府主計處,候詢嫌疑犯暨被拘留人犯數,2010,percent9,是（欄位說明僅存於新北市統計年報）,0.0
99,,,,,,,欄位未定義,0.0,,安全,新北市政府主計處,候詢嫌疑犯暨被拘留人犯數,2010,percent10,是（欄位說明僅存於新北市統計年報）,0.0
99,,,,,,,欄位未定義,0.0,,安全,新北市政府主計處,候詢嫌疑犯暨被拘留人犯數,2010,percent11,是（欄位說明僅存於新北市統計年報）,0.0
99,,,,,,,欄位未定義,0.0,,安全,新北市政府主計處,刑事案件嫌疑犯,2010,item value2,是（欄位說明僅存於新北市統計年報）,42866.0
99,,,,,,,欄位未定義,0.0,,安全,新北市政府主計處,刑事案件嫌疑犯,2010,item value3,是（欄位說明僅存於新北市統計年報）,9512.0
99,,,,,,,欄位未定義,0.0,,安全,新北市政府主計處,刑事案件嫌疑犯,2010,item value4,是（欄位說明僅存於新北市統計年報）,4370.0
99,,,,,,,欄位未定義,0.0,,安全,新北市政府主計處,刑事案件嫌疑犯,2010,item value5,是（欄位說明僅存於新北市統計年報）,1144.0
99,,,,,,,欄位未定義,0.0,,安全,新北市政府主計處,刑事案件嫌疑犯,2010,item value6,是（欄位說明僅存於新北市統計年報）,0.0
99,,,,,,,欄位未定義,0.0,,安全,新北市政府主計處,刑事案件嫌疑犯,2010,item value7,是（欄位說明僅存於新北市統計年報）,0.0
99,,,,,,,欄位未定義,0.0,,安全,新北市政府主計處,刑事案件嫌疑犯,2010,item value8,是（欄位說明僅存於新北市統計年報）,0.0
99,,,,,,,欄位未定義,0.0,,安全,新北市政府主計處,刑事案件嫌疑犯,2010,item value9,是（欄位說明僅存於新北市統計年報）,0.0
99,,,,,,,欄位未定義,0.0,,安全,新北市政府主計處,刑事案件嫌疑犯,2010,item value10,是（欄位說明僅存於新北市統計年報）,7830.0
99,,,,,,,欄位未定義,0.0,,安全,新北市政府主計處,刑事案件嫌疑犯,2010,item value11,是（欄位說明僅存於新北市統計年報）,1518.0
99,,,,,,,欄位未定義,0.0,,安全,新北市政府主計處,刑事案件嫌疑犯,2010,item value12,是（欄位說明僅存於新北市統計年報）,0.0
99,,,,,,,欄位未定義,0.0,,安全,新北市政府主計處,刑事案件嫌疑犯,2010,item value13,是（欄位說明僅存於新北市統計年報）,0.0
99,,,,,,,欄位未定義,0.0,,安全,新北市政府主計處,刑事案件嫌疑犯,2010,item value14,是（欄位說明僅存於新北市統計年報）,0.0
99,,,,,,,欄位未定義,0.0,,安全,新北市政府主計處,刑事案件嫌疑犯,2010,item value15,是（欄位說明僅存於新北市統計年報）,0.0
99,,,,,,,欄位未定義,0.0,,安全,新北市政府主計處,刑事案件嫌疑犯─年齡別,2010,item value2,是（欄位說明僅存於新北市統計年報）,42866.0
99,,,,,,,欄位未定義,0.0,,安全,新北市政府主計處,刑事案件嫌疑犯─年齡別,2010,item value3,是（欄位說明僅存於新北市統計年報）,9512.0
99,,,,,,,欄位未定義,0.0,,安全,新北市政府主計處,刑事案件嫌疑犯─年齡別,2010,item value4,是（欄位說明僅存於新北市統計年報）,0.0
99,,,,,,,欄位未定義,0.0,,安全,新北市政府主計處,刑事案件嫌疑犯─年齡別,2010,item value5,是（欄位說明僅存於新北市統計年報）,0.0
99,,,,,,,欄位未定義,0.0,,安全,新北市政府主計處,刑事案件嫌疑犯─年齡別,2010,item value6,是（欄位說明僅存於新北市統計年報）,89.0
99,,,,,,,欄位未定義,0.0,,安全,新北市政府主計處,刑事案件嫌疑犯─年齡別,2010,item value7,是（欄位說明僅存於新北市統計年報）,18.0
99,,,,,,,欄位未定義,0.0,,安全,新北市政府主計處,刑事案件嫌疑犯─年齡別,2010,item value8,是（欄位說明僅存於新北市統計年報）,1560.0
99,,,,,,,欄位未定義,0.0,,安全,新北市政府主計處,刑事案件嫌疑犯─年齡別,2010,item value9,是（欄位說明僅存於新北市統計年報）,318.0
99,,,,,,,欄位未定義,0.0,,安全,新北市政府主計處,刑事案件嫌疑犯─年齡別,2010,item value10,是（欄位說明僅存於新北市統計年報）,3759.0
99,,,,,,,欄位未定義,0.0,,安全,新北市政府主計處,刑事案件嫌疑犯─年齡別,2010,item value11,是（欄位說明僅存於新北市統計年報）,1064.0
99,,,,,,,欄位未定義,0.0,,安全,新北市政府主計處,刑事案件嫌疑犯─年齡別,2010,item value12,是（欄位說明僅存於新北市統計年報）,6398.0
99,,,,,,,欄位未定義,0.0,,安全,新北市政府主計處,刑事案件嫌疑犯─年齡別,2010,item value13,是（欄位說明僅存於新北市統計年報）,1552.0
99,,,,,,,欄位未定義,0.0,,安全,新北市政府主計處,刑事案件嫌疑犯─年齡別,2010,item value14,是（欄位說明僅存於新北市統計年報）,12349.0
99,,,,,,,欄位未定義,0.0,,安全,新北市政府主計處,刑事案件嫌疑犯─年齡別,2010,item value15,是（欄位說明僅存於新北市統計年報）,2356.0
99,,,,,,,欄位未定義,0.0,,安全,新北市政府主計處,刑事案件嫌疑犯─年齡別,2010,item value16,是（欄位說明僅存於新北市統計年報）,10132.0
99,,,,,,,欄位未定義,0.0,,安全,新北市政府主計處,刑事案件嫌疑犯─年齡別,2010,item value17,是（欄位說明僅存於新北市統計年報）,1914.0
99,,,,,,,欄位未定義,0.0,,安全,新北市政府主計處,刑事案件嫌疑犯─年齡別,2010,item value18,是（欄位說明僅存於新北市統計年報）,6379.0
99,,,,,,,欄位未定義,0.0,,安全,新北市政府主計處,刑事案件嫌疑犯─年齡別,2010,item value19,是（欄位說明僅存於新北市統計年報）,1553.0
99,,,,,,,欄位未定義,0.0,,安全,新北市政府主計處,刑事案件嫌疑犯─年齡別,2010,item value20,是（欄位說明僅存於新北市統計年報）,1119.0
99,,,,,,,欄位未定義,0.0,,安全,新北市政府主計處,刑事案件嫌疑犯─年齡別,2010,item value21,是（欄位說明僅存於新北市統計年報）,321.0
99,,,,,,,欄位未定義,0.0,,安全,新北市政府主計處,刑事案件嫌疑犯─年齡別,2010,item value22,是（欄位說明僅存於新北市統計年報）,577.0
99,,,,,,,欄位未定義,0.0,,安全,新北市政府主計處,刑事案件嫌疑犯─年齡別,2010,item value23,是（欄位說明僅存於新北市統計年報）,205.0
99,,,,,,,欄位未定義,0.0,,安全,新北市政府主計處,刑事案件嫌疑犯─年齡別,2010,item value24,是（欄位說明僅存於新北市統計年報）,504.0
99,,,,,,,欄位未定義,0.0,,安全,新北市政府主計處,刑事案件嫌疑犯─年齡別,2010,item value25,是（欄位說明僅存於新北市統計年報）,211.0
99,,,,,,,欄位未定義,0.0,,安全,新北市政府主計處,刑事案件嫌疑犯─年齡別,2010,item value26,是（欄位說明僅存於新北市統計年報）,0.0
99,,,,,,,欄位未定義,0.0,,安全,新北市政府主計處,刑事案件嫌疑犯─年齡別,2010,item value27,是（欄位說明僅存於新北市統計年報）,0.0
99,,,,,,,欄位未定義,0.0,,安全,新北市政府主計處,刑事案件被害者,2010,item value2,是（欄位說明僅存於新北市統計年報）,30042.0
99,,,,,,,欄位未定義,0.0,,安全,新北市政府主計處,刑事案件被害者,2010,item value3,是（欄位說明僅存於新北市統計年報）,20194.0
99,,,,,,,欄位未定義,0.0,,安全,新北市政府主計處,刑事案件被害者,2010,item value4,是（欄位說明僅存於新北市統計年報）,14800.0
99,,,,,,,欄位未定義,0.0,,安全,新北市政府主計處,刑事案件被害者,2010,item value5,是（欄位說明僅存於新北市統計年報）,8054.0
99,,,,,,,欄位未定義,0.0,,安全,新北市政府主計處,刑事案件被害者,2010,item value6,是（欄位說明僅存於新北市統計年報）,2156.0
99,,,,,,,欄位未定義,0.0,,安全,新北市政府主計處,刑事案件被害者,2010,item value7,是（欄位說明僅存於新北市統計年報）,1419.0
99,,,,,,,欄位未定義,0.0,,安全,新北市政府主計處,刑事案件被害者,2010,item value8,是（欄位說明僅存於新北市統計年報）,3275.0
99,,,,,,,欄位未定義,0.0,,安全,新北市政府主計處,刑事案件被害者,2010,item value9,是（欄位說明僅存於新北市統計年報）,3669.0
99,,,,,,,欄位未定義,0.0,,安全,新北市政府主計處,刑事案件被害者,2010,item value10,是（欄位說明僅存於新北市統計年報）,740.0
99,,,,,,,欄位未定義,0.0,,安全,新北市政府主計處,刑事案件被害者,2010,item value11,是（欄位說明僅存於新北市統計年報）,612.0
99,,,,,,,欄位未定義,0.0,,安全,新北市政府主計處,刑事案件被害者,2010,item value12,是（欄位說明僅存於新北市統計年報）,1363.0
99,,,,,,,欄位未定義,0.0,,安全,新北市政府主計處,刑事案件被害者,2010,item value13,是（欄位說明僅存於新北市統計年報）,1185.0
99,,,,,,,欄位未定義,0.0,,安全,新北市政府主計處,刑事案件被害者,2010,item value14,是（欄位說明僅存於新北市統計年報）,7708.0
99,,,,,,,欄位未定義,0.0,,安全,新北市政府主計處,刑事案件被害者,2010,item value15,是（欄位說明僅存於新北市統計年報）,5255.0
99,,,,,,,欄位未定義,0.0,,安全,新北市政府主計處,刑事案件被害者－年齡別,2010,item value2,是（欄位說明僅存於新北市統計年報）,30042.0
99,,,,,,,欄位未定義,0.0,,安全,新北市政府主計處,刑事案件被害者－年齡別,2010,item value3,是（欄位說明僅存於新北市統計年報）,20194.0
99,,,,,,,欄位未定義,0.0,,安全,新北市政府主計處,刑事案件被害者－年齡別,2010,item value4,是（欄位說明僅存於新北市統計年報）,35.0
99,,,,,,,欄位未定義,0.0,,安全,新北市政府主計處,刑事案件被害者－年齡別,2010,item value5,是（欄位說明僅存於新北市統計年報）,49.0
99,,,,,,,欄位未定義,0.0,,安全,新北市政府主計處,刑事案件被害者－年齡別,2010,item value6,是（欄位說明僅存於新北市統計年報）,84.0
99,,,,,,,欄位未定義,0.0,,安全,新北市政府主計處,刑事案件被害者－年齡別,2010,item value7,是（欄位說明僅存於新北市統計年報）,106.0
99,,,,,,,欄位未定義,0.0,,安全,新北市政府主計處,刑事案件被害者－年齡別,2010,item value8,是（欄位說明僅存於新北市統計年報）,597.0
99,,,,,,,欄位未定義,0.0,,安全,新北市政府主計處,刑事案件被害者－年齡別,2010,item value9,是（欄位說明僅存於新北市統計年報）,763.0
99,,,,,,,欄位未定義,0.0,,安全,新北市政府主計處,刑事案件被害者－年齡別,2010,item value10,是（欄位說明僅存於新北市統計年報）,3000.0
99,,,,,,,欄位未定義,0.0,,安全,新北市政府主計處,刑事案件被害者－年齡別,2010,item value11,是（欄位說明僅存於新北市統計年報）,2587.0
99,,,,,,,欄位未定義,0.0,,安全,新北市政府主計處,刑事案件被害者－年齡別,2010,item value12,是（欄位說明僅存於新北市統計年報）,4714.0
99,,,,,,,欄位未定義,0.0,,安全,新北市政府主計處,刑事案件被害者－年齡別,2010,item value13,是（欄位說明僅存於新北市統計年報）,3425.0
99,,,,,,,欄位未定義,0.0,,安全,新北市政府主計處,刑事案件被害者－年齡別,2010,item value14,是（欄位說明僅存於新北市統計年報）,7501.0
99,,,,,,,欄位未定義,0.0,,安全,新北市政府主計處,刑事案件被害者－年齡別,2010,item value15,是（欄位說明僅存於新北市統計年報）,5193.0
99,,,,,,,欄位未定義,0.0,,安全,新北市政府主計處,刑事案件被害者－年齡別,2010,item value16,是（欄位說明僅存於新北市統計年報）,6289.0
99,,,,,,,欄位未定義,0.0,,安全,新北市政府主計處,刑事案件被害者－年齡別,2010,item value17,是（欄位說明僅存於新北市統計年報）,3978.0
99,,,,,,,欄位未定義,0.0,,安全,新北市政府主計處,刑事案件被害者－年齡別,2010,item value18,是（欄位說明僅存於新北市統計年報）,4767.0
99,,,,,,,欄位未定義,0.0,,安全,新北市政府主計處,刑事案件被害者－年齡別,2010,item value19,是（欄位說明僅存於新北市統計年報）,2812.0
99,,,,,,,欄位未定義,0.0,,安全,新北市政府主計處,刑事案件被害者－年齡別,2010,item value20,是（欄位說明僅存於新北市統計年報）,1063.0
99,,,,,,,欄位未定義,0.0,,安全,新北市政府主計處,刑事案件被害者－年齡別,2010,item value21,是（欄位說明僅存於新北市統計年報）,527.0
99,,,,,,,欄位未定義,0.0,,安全,新北市政府主計處,刑事案件被害者－年齡別,2010,item value22,是（欄位說明僅存於新北市統計年報）,555.0
99,,,,,,,欄位未定義,0.0,,安全,新北市政府主計處,刑事案件被害者－年齡別,2010,item value23,是（欄位說明僅存於新北市統計年報）,325.0
99,,,,,,,欄位未定義,0.0,,安全,新北市政府主計處,刑事案件被害者－年齡別,2010,item value24,是（欄位說明僅存於新北市統計年報）,741.0
99,,,,,,,欄位未定義,0.0,,安全,新北市政府主計處,刑事案件被害者－年齡別,2010,item value25,是（欄位說明僅存於新北市統計年報）,396.0
99,,,,,,,欄位未定義,0.0,,安全,新北市政府主計處,刑事案件被害者－年齡別,2010,item value26,是（欄位說明僅存於新北市統計年報）,696.0
99,,,,,,,欄位未定義,0.0,,安全,新北市政府主計處,刑事案件被害者－年齡別,2010,item value27,是（欄位說明僅存於新北市統計年報）,33.0
99,,,,,,,欄位未定義,0.0,,安全,新北市政府主計處,家庭暴力通報案件(續),2010,percent2,是（欄位說明僅存於新北市統計年報）,4130.0
99,,,,,,,欄位未定義,0.0,,安全,新北市政府主計處,家庭暴力通報案件(續),2010,percent3,是（欄位說明僅存於新北市統計年報）,12724.0
99,,,,,,,欄位未定義,0.0,,安全,新北市政府主計處,家庭暴力通報案件(續),2010,percent4,是（欄位說明僅存於新北市統計年報）,2477.0
99,,,,,,,欄位未定義,0.0,,安全,新北市政府主計處,家庭暴力通報案件(續),2010,percent5,是（欄位說明僅存於新北市統計年報）,2493.0
99,,,,,,,欄位未定義,0.0,,安全,新北市政府主計處,家庭暴力通報案件(續),2010,percent6,是（欄位說明僅存於新北市統計年報）,702.0
99,,,,,,,欄位未定義,0.0,,安全,新北市政府主計處,家庭暴力通報案件(續),2010,percent7,是（欄位說明僅存於新北市統計年報）,8206.0
99,,,,,,,欄位未定義,0.0,,安全,新北市政府主計處,家庭暴力通報案件(續),2010,percent8,是（欄位說明僅存於新北市統計年報）,167.0
99,,,,,,,欄位未定義,0.0,,安全,新北市政府主計處,家庭暴力通報案件(續),2010,percent9,是（欄位說明僅存於新北市統計年報）,282.0
99,,,,,,,欄位未定義,0.0,,安全,新北市政府主計處,家庭暴力通報案件(續),2010,percent10,是（欄位說明僅存於新北市統計年報）,784.0
99,,,,,,,欄位未定義,0.0,,安全,新北市政府主計處,家庭暴力通報案件(續),2010,percent11,是（欄位說明僅存於新北市統計年報）,1743.0
99,,,,,,,欄位未定義,0.0,,安全,新北市政府主計處,家庭暴力通報案件(續),2010,percent12,是（欄位說明僅存於新北市統計年報）,354.0
99,,,,,,,欄位未定義,0.0,,安全,新北市政府主計處,家庭暴力通報案件(續),2010,percent13,是（欄位說明僅存於新北市統計年報）,282.0
99,,,,,,,欄位未定義,0.0,,安全,新北市政府主計處,家庭暴力通報案件(續),2010,percent14,是（欄位說明僅存於新北市統計年報）,559.0
99,,,,,,,欄位未定義,0.0,,安全,新北市政府主計處,家庭暴力通報案件(續),2010,percent15,是（欄位說明僅存於新北市統計年報）,457.0
99,,,,,,,欄位未定義,0.0,,安全,新北市政府主計處,家庭暴力通報案件(續),2010,percent16,是（欄位說明僅存於新北市統計年報）,464.0
99,,,,,,,欄位未定義,0.0,,安全,新北市政府主計處,家庭暴力通報案件(續),2010,percent17,是（欄位說明僅存於新北市統計年報）,679.0
99,,,,,,,欄位未定義,0.0,,安全,新北市政府主計處,家庭暴力通報案件(續),2010,percent18,是（欄位說明僅存於新北市統計年報）,122.0
99,,,,,,,欄位未定義,0.0,,安全,新北市政府主計處,家庭暴力通報案件(續),2010,percent19,是（欄位說明僅存於新北市統計年報）,518.0
99,,,,,,,欄位未定義,0.0,,安全,新北市政府主計處,家庭暴力通報案件(續),2010,percent20,是（欄位說明僅存於新北市統計年報）,382.0
99,,,,,,,欄位未定義,0.0,,安全,新北市政府主計處,家庭暴力通報案件(續),2010,percent21,是（欄位說明僅存於新北市統計年報）,4541.0
99,,,,,,,欄位未定義,0.0,,安全,新北市政府主計處,家庭暴力通報案件(續),2010,percent22,是（欄位說明僅存於新北市統計年報）,646.0
99,,,,,,,欄位未定義,0.0,,安全,新北市政府主計處,家庭暴力通報案件(續),2010,percent23,是（欄位說明僅存於新北市統計年報）,3837.0
99,,,,,,,欄位未定義,0.0,,安全,新北市政府主計處,家庭暴力通報案件(續),2010,percent24,是（欄位說明僅存於新北市統計年報）,231.0
99,,,,,,,欄位未定義,0.0,,安全,新北市政府主計處,家庭暴力通報案件(續),2010,percent25,是（欄位說明僅存於新北市統計年報）,347.0
99,,,,,,,欄位未定義,0.0,,安全,新北市政府主計處,家庭暴力通報案件,2010,percent2,是（欄位說明僅存於新北市統計年報）,14296.0
99,,,,,,,欄位未定義,0.0,,安全,新北市政府主計處,家庭暴力通報案件,2010,percent3,是（欄位說明僅存於新北市統計年報）,3273.0
99,,,,,,,欄位未定義,0.0,,安全,新北市政府主計處,家庭暴力通報案件,2010,percent4,是（欄位說明僅存於新北市統計年報）,8404.0
99,,,,,,,欄位未定義,0.0,,安全,新北市政府主計處,家庭暴力通報案件,2010,percent5,是（欄位說明僅存於新北市統計年報）,361.0
99,,,,,,,欄位未定義,0.0,,安全,新北市政府主計處,家庭暴力通報案件,2010,percent6,是（欄位說明僅存於新北市統計年報）,2258.0
99,,,,,,,欄位未定義,0.0,,安全,新北市政府主計處,家庭暴力通報案件,2010,percent7,是（欄位說明僅存於新北市統計年報）,3210.0
99,,,,,,,欄位未定義,0.0,,安全,新北市政府主計處,家庭暴力通報案件,2010,percent8,是（欄位說明僅存於新北市統計年報）,11410.0
99,,,,,,,欄位未定義,0.0,,安全,新北市政府主計處,家庭暴力通報案件,2010,percent9,是（欄位說明僅存於新北市統計年報）,2509.0
99,,,,,,,欄位未定義,0.0,,安全,新北市政府主計處,家庭暴力通報案件,2010,percent10,是（欄位說明僅存於新北市統計年報）,3176.0
99,,,,,,,欄位未定義,0.0,,安全,新北市政府主計處,家庭暴力通報案件,2010,percent11,是（欄位說明僅存於新北市統計年報）,5.0
99,,,,,,,欄位未定義,0.0,,安全,新北市政府主計處,家庭暴力通報案件,2010,percent12,是（欄位說明僅存於新北市統計年報）,3.0
99,,,,,,,欄位未定義,0.0,,安全,新北市政府主計處,家庭暴力通報案件,2010,percent13,是（欄位說明僅存於新北市統計年報）,185.0
99,,,,,,,欄位未定義,0.0,,安全,新北市政府主計處,家庭暴力通報案件,2010,percent14,是（欄位說明僅存於新北市統計年報）,6.0
99,,,,,,,欄位未定義,0.0,,安全,新北市政府主計處,家庭暴力通報案件,2010,percent15,是（欄位說明僅存於新北市統計年報）,792.0
99,,,,,,,欄位未定義,0.0,,安全,新北市政府主計處,家庭暴力通報案件,2010,percent16,是（欄位說明僅存於新北市統計年報）,205.0
99,,,,,,,欄位未定義,0.0,,安全,新北市政府主計處,少年刑事案件嫌疑犯,2010,item value2,是（欄位說明僅存於新北市統計年報）,562.0
99,,,,,,,欄位未定義,0.0,,安全,新北市政府主計處,少年刑事案件嫌疑犯,2010,item value3,是（欄位說明僅存於新北市統計年報）,117.0
99,,,,,,,欄位未定義,0.0,,安全,新北市政府主計處,少年刑事案件嫌疑犯,2010,item value4,是（欄位說明僅存於新北市統計年報）,0.0
99,,,,,,,欄位未定義,0.0,,安全,新北市政府主計處,少年刑事案件嫌疑犯,2010,item value5,是（欄位說明僅存於新北市統計年報）,0.0
99,,,,,,,欄位未定義,0.0,,安全,新北市政府主計處,少年刑事案件嫌疑犯,2010,item value6,是（欄位說明僅存於新北市統計年報）,147.0
99,,,,,,,欄位未定義,0.0,,安全,新北市政府主計處,少年刑事案件嫌疑犯,2010,item value7,是（欄位說明僅存於新北市統計年報）,46.0
99,,,,,,,欄位未定義,0.0,,安全,新北市政府主計處,少年刑事案件嫌疑犯,2010,item value8,是（欄位說明僅存於新北市統計年報）,119.0
99,,,,,,,欄位未定義,0.0,,安全,新北市政府主計處,少年刑事案件嫌疑犯,2010,item value9,是（欄位說明僅存於新北市統計年報）,9.0
99,,,,,,,欄位未定義,0.0,,安全,新北市政府主計處,少年刑事案件嫌疑犯,2010,item value10,是（欄位說明僅存於新北市統計年報）,57.0
99,,,,,,,欄位未定義,0.0,,安全,新北市政府主計處,少年刑事案件嫌疑犯,2010,item value11,是（欄位說明僅存於新北市統計年報）,3.0
99,,,,,,,欄位未定義,0.0,,安全,新北市政府主計處,少年刑事案件嫌疑犯,2010,item value12,是（欄位說明僅存於新北市統計年報）,38.0
99,,,,,,,欄位未定義,0.0,,安全,新北市政府主計處,少年刑事案件嫌疑犯,2010,item value13,是（欄位說明僅存於新北市統計年報）,2.0
99,,,,,,,欄位未定義,0.0,,安全,新北市政府主計處,少年刑事案件嫌疑犯,2010,item value14,是（欄位說明僅存於新北市統計年報）,0.0
99,,,,,,,欄位未定義,0.0,,安全,新北市政府主計處,少年刑事案件嫌疑犯,2010,item value15,是（欄位說明僅存於新北市統計年報）,0.0
99,,,,,,,欄位未定義,0.0,,安全,新北市政府主計處,少年刑事案件嫌疑犯,2010,item value16,是（欄位說明僅存於新北市統計年報）,0.0
99,,,,,,,欄位未定義,0.0,,安全,新北市政府主計處,少年刑事案件嫌疑犯,2010,item value17,是（欄位說明僅存於新北市統計年報）,1.0
99,,,,,,,欄位未定義,0.0,,安全,新北市政府主計處,少年刑事案件嫌疑犯,2010,item value18,是（欄位說明僅存於新北市統計年報）,23.0
99,,,,,,,欄位未定義,0.0,,安全,新北市政府主計處,少年刑事案件嫌疑犯,2010,item value19,是（欄位說明僅存於新北市統計年報）,3.0
99,,,,,,,欄位未定義,0.0,,安全,新北市政府主計處,少年刑事案件嫌疑犯,2010,item value20,是（欄位說明僅存於新北市統計年報）,1.0
99,,,,,,,欄位未定義,0.0,,安全,新北市政府主計處,少年刑事案件嫌疑犯,2010,item value21,是（欄位說明僅存於新北市統計年報）,0.0
99,,,,,,,欄位未定義,0.0,,安全,新北市政府主計處,少年刑事案件嫌疑犯,2010,item value22,是（欄位說明僅存於新北市統計年報）,0.0
99,,,,,,,欄位未定義,0.0,,安全,新北市政府主計處,少年刑事案件嫌疑犯,2010,item value23,是（欄位說明僅存於新北市統計年報）,0.0
99,,,,,,,欄位未定義,0.0,,安全,新北市政府主計處,少年刑事案件嫌疑犯,2010,item value24,是（欄位說明僅存於新北市統計年報）,0.0
99,,,,,,,欄位未定義,0.0,,安全,新北市政府主計處,少年刑事案件嫌疑犯,2010,item value25,是（欄位說明僅存於新北市統計年報）,0.0
99,,,,,,,欄位未定義,0.0,,安全,新北市政府主計處,暴力犯罪,2010,itemvalue2,是（欄位說明僅存於新北市統計年報）,1036.0
99,,,,,,,欄位未定義,0.0,,安全,新北市政府主計處,暴力犯罪,2010,itemvalue3,是（欄位說明僅存於新北市統計年報）,74.0
99,,,,,,,欄位未定義,0.0,,安全,新北市政府主計處,暴力犯罪,2010,itemvalue4,是（欄位說明僅存於新北市統計年報）,380.0
99,,,,,,,欄位未定義,0.0,,安全,新北市政府主計處,暴力犯罪,2010,itemvalue5,是（欄位說明僅存於新北市統計年報）,24.0
99,,,,,,,欄位未定義,0.0,,安全,新北市政府主計處,暴力犯罪,2010,itemvalue6,是（欄位說明僅存於新北市統計年報）,318.0
99,,,,,,,欄位未定義,0.0,,安全,新北市政府主計處,暴力犯罪,2010,itemvalue7,是（欄位說明僅存於新北市統計年報）,9.0
99,,,,,,,欄位未定義,0.0,,安全,新北市政府主計處,暴力犯罪,2010,itemvalue8,是（欄位說明僅存於新北市統計年報）,0.0
99,,,,,,,欄位未定義,0.0,,安全,新北市政府主計處,暴力犯罪,2010,itemvalue9,是（欄位說明僅存於新北市統計年報）,0.0
99,,,,,,,欄位未定義,0.0,,安全,新北市政府主計處,暴力犯罪,2010,itemvalue10,是（欄位說明僅存於新北市統計年報）,2.0
99,,,,,,,欄位未定義,0.0,,安全,新北市政府主計處,暴力犯罪,2010,itemvalue11,是（欄位說明僅存於新北市統計年報）,3.0
99,,,,,,,欄位未定義,0.0,,安全,新北市政府主計處,暴力犯罪,2010,itemvalue12,是（欄位說明僅存於新北市統計年報）,202.0
99,,,,,,,欄位未定義,0.0,,安全,新北市政府主計處,暴力犯罪,2010,itemvalue13,是（欄位說明僅存於新北市統計年報）,26.0
99,,,,,,,欄位未定義,0.0,,安全,新北市政府主計處,暴力犯罪,2010,itemvalue14,是（欄位說明僅存於新北市統計年報）,128.0
99,,,,,,,欄位未定義,0.0,,安全,新北市政府主計處,暴力犯罪,2010,itemvalue15,是（欄位說明僅存於新北市統計年報）,11.0
99,,,,,,,欄位未定義,0.0,,安全,新北市政府主計處,暴力犯罪,2010,itemvalue16,是（欄位說明僅存於新北市統計年報）,6.0
99,,,,,,,欄位未定義,0.0,,安全,新北市政府主計處,暴力犯罪,2010,itemvalue17,是（欄位說明僅存於新北市統計年報）,1.0
99,,,,,,,欄位未定義,0.0,,安全,新北市政府主計處,暴力犯罪,2010,itemvalue18,是（欄位說明僅存於新北市統計年報）,53.6337097184
99,,,,,,,欄位未定義,0.0,,安全,新北市政府主計處,暴力犯罪,2010,itemvalue19,是（欄位說明僅存於新北市統計年報）,3.7873185222
99,,,,,,,欄位未定義,0.0,,安全,新北市政府主計處,警察局受理性騷擾事（案）件－被害人,2010,item value2,是（欄位說明僅存於新北市統計年報）,7.0
99,,,,,,,欄位未定義,0.0,,安全,新北市政府主計處,警察局受理性騷擾事（案）件－被害人,2010,item value3,是（欄位說明僅存於新北市統計年報）,118.0
99,,,,,,,欄位未定義,0.0,,安全,新北市政府主計處,警察局受理性騷擾事（案）件－被害人,2010,item value4,是（欄位說明僅存於新北市統計年報）,1.0
99,,,,,,,欄位未定義,0.0,,安全,新北市政府主計處,警察局受理性騷擾事（案）件－被害人,2010,item value5,是（欄位說明僅存於新北市統計年報）,24.0
99,,,,,,,欄位未定義,0.0,,安全,新北市政府主計處,警察局受理性騷擾事（案）件－被害人,2010,item value6,是（欄位說明僅存於新北市統計年報）,2.0
99,,,,,,,欄位未定義,0.0,,安全,新北市政府主計處,警察局受理性騷擾事（案）件－被害人,2010,item value7,是（欄位說明僅存於新北市統計年報）,41.0
99,,,,,,,欄位未定義,0.0,,安全,新北市政府主計處,警察局受理性騷擾事（案）件－被害人,2010,item value8,是（欄位說明僅存於新北市統計年報）,2.0
99,,,,,,,欄位未定義,0.0,,安全,新北市政府主計處,警察局受理性騷擾事（案）件－被害人,2010,item value9,是（欄位說明僅存於新北市統計年報）,31.0
99,,,,,,,欄位未定義,0.0,,安全,新北市政府主計處,警察局受理性騷擾事（案）件－被害人,2010,item value10,是（欄位說明僅存於新北市統計年報）,1.0
99,,,,,,,欄位未定義,0.0,,安全,新北市政府主計處,警察局受理性騷擾事（案）件－被害人,2010,item value11,是（欄位說明僅存於新北市統計年報）,18.0
99,,,,,,,欄位未定義,0.0,,安全,新北市政府主計處,警察局受理性騷擾事（案）件－被害人,2010,item value12,是（欄位說明僅存於新北市統計年報）,0.0
99,,,,,,,欄位未定義,0.0,,安全,新北市政府主計處,警察局受理性騷擾事（案）件－被害人,2010,item value13,是（欄位說明僅存於新北市統計年報）,0.0
99,,,,,,,欄位未定義,0.0,,安全,新北市政府主計處,警察局受理性騷擾事（案）件－被害人,2010,item value14,是（欄位說明僅存於新北市統計年報）,0.0
99,,,,,,,欄位未定義,0.0,,安全,新北市政府主計處,警察局受理性騷擾事（案）件－被害人,2010,item value15,是（欄位說明僅存於新北市統計年報）,2.0
99,,,,,,,欄位未定義,0.0,,安全,新北市政府主計處,警察局受理性騷擾事（案）件－被害人,2010,item value16,是（欄位說明僅存於新北市統計年報）,0.0
99,,,,,,,欄位未定義,0.0,,安全,新北市政府主計處,警察局受理性騷擾事（案）件－被害人,2010,item value17,是（欄位說明僅存於新北市統計年報）,0.0
99,,,,,,,欄位未定義,0.0,,安全,新北市政府主計處,警察局受理性騷擾事（案）件－被害人,2010,item value18,是（欄位說明僅存於新北市統計年報）,1.0
99,,,,,,,欄位未定義,0.0,,安全,新北市政府主計處,警察局受理性騷擾事（案）件－被害人,2010,item value19,是（欄位說明僅存於新北市統計年報）,2.0
99,,,,,,,欄位未定義,0.0,,就業,新北市政府主計處,刑事案件嫌疑犯–職業別,2010,item value2,是（欄位說明僅存於新北市統計年報）,591.0
99,,,,,,,欄位未定義,0.0,,就業,新北市政府主計處,刑事案件嫌疑犯–職業別,2010,item value3,是（欄位說明僅存於新北市統計年報）,124.0
99,,,,,,,欄位未定義,0.0,,就業,新北市政府主計處,刑事案件嫌疑犯–職業別,2010,item value4,是（欄位說明僅存於新北市統計年報）,273.0
99,,,,,,,欄位未定義,0.0,,就業,新北市政府主計處,刑事案件嫌疑犯–職業別,2010,item value5,是（欄位說明僅存於新北市統計年報）,177.0
99,,,,,,,欄位未定義,0.0,,就業,新北市政府主計處,刑事案件嫌疑犯–職業別,2010,item value6,是（欄位說明僅存於新北市統計年報）,891.0
99,,,,,,,欄位未定義,0.0,,就業,新北市政府主計處,刑事案件嫌疑犯–職業別,2010,item value7,是（欄位說明僅存於新北市統計年報）,261.0
99,,,,,,,欄位未定義,0.0,,就業,新北市政府主計處,刑事案件嫌疑犯–職業別,2010,item value8,是（欄位說明僅存於新北市統計年報）,81.0
99,,,,,,,欄位未定義,0.0,,就業,新北市政府主計處,刑事案件嫌疑犯–職業別,2010,item value9,是（欄位說明僅存於新北市統計年報）,66.0
99,,,,,,,欄位未定義,0.0,,就業,新北市政府主計處,刑事案件嫌疑犯–職業別,2010,item value10,是（欄位說明僅存於新北市統計年報）,9032.0
99,,,,,,,欄位未定義,0.0,,就業,新北市政府主計處,刑事案件嫌疑犯–職業別,2010,item value11,是（欄位說明僅存於新北市統計年報）,3100.0
99,,,,,,,欄位未定義,0.0,,就業,新北市政府主計處,刑事案件嫌疑犯–職業別,2010,item value12,是（欄位說明僅存於新北市統計年報）,223.0
99,,,,,,,欄位未定義,0.0,,就業,新北市政府主計處,刑事案件嫌疑犯–職業別,2010,item value13,是（欄位說明僅存於新北市統計年報）,9.0
99,,,,,,,欄位未定義,0.0,,就業,新北市政府主計處,刑事案件嫌疑犯–職業別,2010,item value14,是（欄位說明僅存於新北市統計年報）,339.0
99,,,,,,,欄位未定義,0.0,,就業,新北市政府主計處,刑事案件嫌疑犯–職業別,2010,item value15,是（欄位說明僅存於新北市統計年報）,8.0
99,,,,,,,欄位未定義,0.0,,就業,新北市政府主計處,刑事案件嫌疑犯–職業別,2010,item value16,是（欄位說明僅存於新北市統計年報）,6996.0
99,,,,,,,欄位未定義,0.0,,就業,新北市政府主計處,刑事案件嫌疑犯–職業別,2010,item value17,是（欄位說明僅存於新北市統計年報）,483.0
99,,,,,,,欄位未定義,0.0,,就業,新北市政府主計處,刑事案件嫌疑犯–職業別,2010,item value18,是（欄位說明僅存於新北市統計年報）,2611.0
99,,,,,,,欄位未定義,0.0,,就業,新北市政府主計處,刑事案件嫌疑犯–職業別,2010,item value19,是（欄位說明僅存於新北市統計年報）,70.0
99,,,,,,,欄位未定義,0.0,,就業,新北市政府主計處,刑事案件嫌疑犯–職業別,2010,item value20,是（欄位說明僅存於新北市統計年報）,8002.0
99,,,,,,,欄位未定義,0.0,,就業,新北市政府主計處,刑事案件嫌疑犯–職業別,2010,item value21,是（欄位說明僅存於新北市統計年報）,355.0
99,,,,,,,欄位未定義,0.0,,就業,新北市政府主計處,刑事案件嫌疑犯–職業別,2010,item value22,是（欄位說明僅存於新北市統計年報）,1682.0
99,,,,,,,欄位未定義,0.0,,就業,新北市政府主計處,刑事案件嫌疑犯–職業別,2010,item value23,是（欄位說明僅存於新北市統計年報）,377.0
99,,,,,,,欄位未定義,0.0,,就業,新北市政府主計處,刑事案件嫌疑犯–職業別,2010,item value24,是（欄位說明僅存於新北市統計年報）,11450.0
99,,,,,,,欄位未定義,0.0,,就業,新北市政府主計處,刑事案件嫌疑犯–職業別,2010,item value25,是（欄位說明僅存於新北市統計年報）,4217.0
99,,,,,,,欄位未定義,0.0,,就業,新北市政府主計處,刑事案件嫌疑犯–職業別,2010,item value26,是（欄位說明僅存於新北市統計年報）,695.0
99,,,,,,,欄位未定義,0.0,,就業,新北市政府主計處,刑事案件嫌疑犯–職業別,2010,item value27,是（欄位說明僅存於新北市統計年報）,265.0
99,,,,,,,欄位未定義,0.0,,就業,新北市政府主計處,刑事案件被害者–職業別,2010,item value2,是（欄位說明僅存於新北市統計年報）,1079.0
99,,,,,,,欄位未定義,0.0,,就業,新北市政府主計處,刑事案件被害者–職業別,2010,item value3,是（欄位說明僅存於新北市統計年報）,335.0
99,,,,,,,欄位未定義,0.0,,就業,新北市政府主計處,刑事案件被害者–職業別,2010,item value4,是（欄位說明僅存於新北市統計年報）,1491.0
99,,,,,,,欄位未定義,0.0,,就業,新北市政府主計處,刑事案件被害者–職業別,2010,item value5,是（欄位說明僅存於新北市統計年報）,1367.0
99,,,,,,,欄位未定義,0.0,,就業,新北市政府主計處,刑事案件被害者–職業別,2010,item value6,是（欄位說明僅存於新北市統計年報）,1253.0
99,,,,,,,欄位未定義,0.0,,就業,新北市政府主計處,刑事案件被害者–職業別,2010,item value7,是（欄位說明僅存於新北市統計年報）,1014.0
99,,,,,,,欄位未定義,0.0,,就業,新北市政府主計處,刑事案件被害者–職業別,2010,item value8,是（欄位說明僅存於新北市統計年報）,195.0
99,,,,,,,欄位未定義,0.0,,就業,新北市政府主計處,刑事案件被害者–職業別,2010,item value9,是（欄位說明僅存於新北市統計年報）,331.0
99,,,,,,,欄位未定義,0.0,,就業,新北市政府主計處,刑事案件被害者–職業別,2010,item value10,是（欄位說明僅存於新北市統計年報）,8730.0
99,,,,,,,欄位未定義,0.0,,就業,新北市政府主計處,刑事案件被害者–職業別,2010,item value11,是（欄位說明僅存於新北市統計年報）,7249.0
99,,,,,,,欄位未定義,0.0,,就業,新北市政府主計處,刑事案件被害者–職業別,2010,item value12,是（欄位說明僅存於新北市統計年報）,122.0
99,,,,,,,欄位未定義,0.0,,就業,新北市政府主計處,刑事案件被害者–職業別,2010,item value13,是（欄位說明僅存於新北市統計年報）,24.0
99,,,,,,,欄位未定義,0.0,,就業,新北市政府主計處,刑事案件被害者–職業別,2010,item value14,是（欄位說明僅存於新北市統計年報）,974.0
99,,,,,,,欄位未定義,0.0,,就業,新北市政府主計處,刑事案件被害者–職業別,2010,item value15,是（欄位說明僅存於新北市統計年報）,67.0
99,,,,,,,欄位未定義,0.0,,就業,新北市政府主計處,刑事案件被害者–職業別,2010,item value16,是（欄位說明僅存於新北市統計年報）,4178.0
99,,,,,,,欄位未定義,0.0,,就業,新北市政府主計處,刑事案件被害者–職業別,2010,item value17,是（欄位說明僅存於新北市統計年報）,839.0
99,,,,,,,欄位未定義,0.0,,就業,新北市政府主計處,刑事案件被害者–職業別,2010,item value18,是（欄位說明僅存於新北市統計年報）,1247.0
99,,,,,,,欄位未定義,0.0,,就業,新北市政府主計處,刑事案件被害者–職業別,2010,item value19,是（欄位說明僅存於新北市統計年報）,104.0
99,,,,,,,欄位未定義,0.0,,就業,新北市政府主計處,刑事案件被害者–職業別,2010,item value20,是（欄位說明僅存於新北市統計年報）,1764.0
99,,,,,,,欄位未定義,0.0,,就業,新北市政府主計處,刑事案件被害者–職業別,2010,item value21,是（欄位說明僅存於新北市統計年報）,414.0
99,,,,,,,欄位未定義,0.0,,就業,新北市政府主計處,刑事案件被害者–職業別,2010,item value22,是（欄位說明僅存於新北市統計年報）,1852.0
99,,,,,,,欄位未定義,0.0,,就業,新北市政府主計處,刑事案件被害者–職業別,2010,item value23,是（欄位說明僅存於新北市統計年報）,1818.0
99,,,,,,,欄位未定義,0.0,,就業,新北市政府主計處,刑事案件被害者–職業別,2010,item value24,是（欄位說明僅存於新北市統計年報）,2721.0
99,,,,,,,欄位未定義,0.0,,就業,新北市政府主計處,刑事案件被害者–職業別,2010,item value25,是（欄位說明僅存於新北市統計年報）,4531.0
99,,,,,,,欄位未定義,0.0,,就業,新北市政府主計處,刑事案件被害者–職業別,2010,item value26,是（欄位說明僅存於新北市統計年報）,4436.0
99,,,,,,,欄位未定義,0.0,,就業,新北市政府主計處,刑事案件被害者–職業別,2010,item value27,是（欄位說明僅存於新北市統計年報）,2101.0
99,,,,,,,欄位未定義,0.0,,就業,新北市政府主計處,勞動力,2010,percent2,是（欄位說明僅存於新北市統計年報）,1582.0
99,,,,,,,欄位未定義,0.0,,就業,新北市政府主計處,勞動力,2010,percent3,是（欄位說明僅存於新北市統計年報）,1666.0
99,,,,,,,欄位未定義,0.0,,就業,新北市政府主計處,勞動力,2010,percent4,是（欄位說明僅存於新北市統計年報）,1059.0
99,,,,,,,欄位未定義,0.0,,就業,新北市政府主計處,勞動力,2010,percent5,是（欄位說明僅存於新北市統計年報）,835.0
99,,,,,,,欄位未定義,0.0,,就業,新北市政府主計處,勞動力,2010,percent6,是（欄位說明僅存於新北市統計年報）,997.0
99,,,,,,,欄位未定義,0.0,,就業,新北市政府主計處,勞動力,2010,percent7,是（欄位說明僅存於新北市統計年報）,799.0
99,,,,,,,欄位未定義,0.0,,就業,新北市政府主計處,勞動力,2010,percent8,是（欄位說明僅存於新北市統計年報）,62.0
99,,,,,,,欄位未定義,0.0,,就業,新北市政府主計處,勞動力,2010,percent9,是（欄位說明僅存於新北市統計年報）,37.0
99,,,,,,,欄位未定義,0.0,,就業,新北市政府主計處,勞動力,2010,percent10,是（欄位說明僅存於新北市統計年報）,523.0
99,,,,,,,欄位未定義,0.0,,就業,新北市政府主計處,勞動力,2010,percent11,是（欄位說明僅存於新北市統計年報）,831.0
99,,,,,,,欄位未定義,0.0,,就業,新北市政府主計處,勞動力,2010,percent12,是（欄位說明僅存於新北市統計年報）,198.0
99,,,,,,,欄位未定義,0.0,,就業,新北市政府主計處,勞動力,2010,percent13,是（欄位說明僅存於新北市統計年報）,179.0
99,,,,,,,欄位未定義,0.0,,就業,新北市政府主計處,勞動力,2010,percent14,是（欄位說明僅存於新北市統計年報）,2.0
99,,,,,,,欄位未定義,0.0,,就業,新北市政府主計處,勞動力,2010,percent15,是（欄位說明僅存於新北市統計年報）,430.0
99,,,,,,,欄位未定義,0.0,,就業,新北市政府主計處,勞動力,2010,percent16,是（欄位說明僅存於新北市統計年報）,157.0
99,,,,,,,欄位未定義,0.0,,就業,新北市政府主計處,勞動力,2010,percent17,是（欄位說明僅存於新北市統計年報）,165.0
99,,,,,,,欄位未定義,0.0,,就業,新北市政府主計處,勞動力,2010,percent18,是（欄位說明僅存於新北市統計年報）,166.0
99,,,,,,,欄位未定義,0.0,,就業,新北市政府主計處,勞動力,2010,percent19,是（欄位說明僅存於新北市統計年報）,57.0
99,,,,,,,欄位未定義,0.0,,就業,新北市政府主計處,勞動力,2010,percent20,是（欄位說明僅存於新北市統計年報）,44.1
99,,,,,,,欄位未定義,0.0,,就業,新北市政府主計處,勞動力參與率,2010,itemvalue2,是（欄位說明僅存於新北市統計年報）,67.0
99,,,,,,,欄位未定義,0.0,,就業,新北市政府主計處,勞動力參與率,2010,itemvalue3,是（欄位說明僅存於新北市統計年報）,50.1
99,,,,,,,欄位未定義,0.0,,就業,新北市政府主計處,勞動力參與率,2010,itemvalue4,是（欄位說明僅存於新北市統計年報）,25.9
99,,,,,,,欄位未定義,0.0,,就業,新北市政府主計處,勞動力參與率,2010,itemvalue5,是（欄位說明僅存於新北市統計年報）,31.5
99,,,,,,,欄位未定義,0.0,,就業,新北市政府主計處,勞動力參與率,2010,itemvalue6,是（欄位說明僅存於新北市統計年報）,92.8
99,,,,,,,欄位未定義,0.0,,就業,新北市政府主計處,勞動力參與率,2010,itemvalue7,是（欄位說明僅存於新北市統計年報）,76.4
99,,,,,,,欄位未定義,0.0,,就業,新北市政府主計處,勞動力參與率,2010,itemvalue8,是（欄位說明僅存於新北市統計年報）,73.4
99,,,,,,,欄位未定義,0.0,,就業,新北市政府主計處,勞動力參與率,2010,itemvalue9,是（欄位說明僅存於新北市統計年報）,41.1
99,,,,,,,欄位未定義,0.0,,就業,新北市政府主計處,勞動力參與率,2010,itemvalue10,是（欄位說明僅存於新北市統計年報）,6.3
99,,,,,,,欄位未定義,0.0,,就業,新北市政府主計處,勞動力參與率,2010,itemvalue11,是（欄位說明僅存於新北市統計年報）,2.3
99,,,,,,,欄位未定義,0.0,,就業,新北市政府主計處,勞動力參與率,2010,itemvalue12,是（欄位說明僅存於新北市統計年報）,56.3
99,,,,,,,欄位未定義,0.0,,就業,新北市政府主計處,勞動力參與率,2010,itemvalue13,是（欄位說明僅存於新北市統計年報）,26.4
99,,,,,,,欄位未定義,0.0,,就業,新北市政府主計處,勞動力參與率,2010,itemvalue14,是（欄位說明僅存於新北市統計年報）,70.5
99,,,,,,,欄位未定義,0.0,,就業,新北市政府主計處,勞動力參與率,2010,itemvalue15,是（欄位說明僅存於新北市統計年報）,54.0
99,,,,,,,欄位未定義,0.0,,就業,新北市政府主計處,勞動力參與率,2010,itemvalue16,是（欄位說明僅存於新北市統計年報）,72.1
99,,,,,,,欄位未定義,0.0,,就業,新北市政府主計處,勞動力參與率,2010,itemvalue17,是（欄位說明僅存於新北市統計年報）,67.8
99,,,,,,,欄位未定義,0.0,,就業,新北市政府主計處,勞動力參與率,2010,itemvalue18,是（欄位說明僅存於新北市統計年報）,61.5
99,,,,,,,欄位未定義,0.0,,就業,新北市政府主計處,勞動力參與率,2010,itemvalue19,是（欄位說明僅存於新北市統計年報）,61.4
99,,,,,,,欄位未定義,0.0,,就業,新北市政府主計處,勞動力參與率,2010,itemvalue20,是（欄位說明僅存於新北市統計年報）,72.3
99,,,,,,,欄位未定義,0.0,,就業,新北市政府主計處,勞動力參與率,2010,itemvalue21,是（欄位說明僅存於新北市統計年報）,47.4
99,,,,,,,欄位未定義,0.0,,就業,新北市政府主計處,勞動力參與率,2010,itemvalue22,是（欄位說明僅存於新北市統計年報）,53.6
99,,,,,,,欄位未定義,0.0,,就業,新北市政府主計處,勞動力參與率,2010,itemvalue23,是（欄位說明僅存於新北市統計年報）,31.4
99,,,,,,,欄位未定義,0.0,,就業,新北市政府主計處,勞工(農民)保險及勞資爭議,2010,itemvalue2,是（欄位說明僅存於新北市統計年報）,28880.0
99,,,,,,,欄位未定義,0.0,,就業,新北市政府主計處,勞工(農民)保險及勞資爭議,2010,itemvalue3,是（欄位說明僅存於新北市統計年報）,21084.0
99,,,,,,,欄位未定義,0.0,,就業,新北市政府主計處,勞工(農民)保險及勞資爭議,2010,itemvalue4,是（欄位說明僅存於新北市統計年報）,678732.0
99,,,,,,,欄位未定義,0.0,,就業,新北市政府主計處,勞工(農民)保險及勞資爭議,2010,itemvalue5,是（欄位說明僅存於新北市統計年報）,659951.0
99,,,,,,,欄位未定義,0.0,,就業,新北市政府主計處,勞工(農民)保險及勞資爭議,2010,itemvalue6,是（欄位說明僅存於新北市統計年報）,6662.0
99,,,,,,,欄位未定義,0.0,,就業,新北市政府主計處,勞工(農民)保險及勞資爭議,2010,itemvalue7,是（欄位說明僅存於新北市統計年報）,21563.0
99,,,,,,,欄位未定義,0.0,,就業,新北市政府主計處,勞工(農民)保險及勞資爭議,2010,itemvalue8,是（欄位說明僅存於新北市統計年報）,3047.0
99,,,,,,,欄位未定義,0.0,,就業,新北市政府主計處,勞工(農民)保險及勞資爭議,2010,itemvalue9,是（欄位說明僅存於新北市統計年報）,2320.0
99,,,,,,,欄位未定義,0.0,,就業,新北市政府主計處,原住民族勞動力,2010,percent2,是（欄位說明僅存於新北市統計年報）,70.66
99,,,,,,,欄位未定義,0.0,,就業,新北市政府主計處,原住民族勞動力,2010,percent3,是（欄位說明僅存於新北市統計年報）,57.31
99,,,,,,,欄位未定義,0.0,,就業,新北市政府主計處,原住民族勞動力,2010,percent4,是（欄位說明僅存於新北市統計年報）,95.18
99,,,,,,,欄位未定義,0.0,,就業,新北市政府主計處,原住民族勞動力,2010,percent5,是（欄位說明僅存於新北市統計年報）,95.35
99,,,,,,,欄位未定義,0.0,,就業,新北市政府主計處,原住民族勞動力,2010,percent6,是（欄位說明僅存於新北市統計年報）,4.82
99,,,,,,,欄位未定義,0.0,,就業,新北市政府主計處,原住民族勞動力,2010,percent7,是（欄位說明僅存於新北市統計年報）,4.65
99,,,,,,,欄位未定義,0.0,,就業,新北市政府主計處,失業率－年齡別,2010,item value2,是（欄位說明僅存於新北市統計年報）,12.6
99,,,,,,,欄位未定義,0.0,,就業,新北市政府主計處,失業率－年齡別,2010,item value3,是（欄位說明僅存於新北市統計年報）,10.1
99,,,,,,,欄位未定義,0.0,,就業,新北市政府主計處,失業率－年齡別,2010,item value4,是（欄位說明僅存於新北市統計年報）,8.7
99,,,,,,,欄位未定義,0.0,,就業,新北市政府主計處,失業率－年齡別,2010,item value5,是（欄位說明僅存於新北市統計年報）,6.1
99,,,,,,,欄位未定義,0.0,,就業,新北市政府主計處,失業率－年齡別,2010,item value6,是（欄位說明僅存於新北市統計年報）,6.9
99,,,,,,,欄位未定義,0.0,,就業,新北市政府主計處,失業率－年齡別,2010,item value7,是（欄位說明僅存於新北市統計年報）,4.2
99,,,,,,,欄位未定義,0.0,,就業,新北市政府主計處,失業率－年齡別,2010,item value8,是（欄位說明僅存於新北市統計年報）,4.4
99,,,,,,,欄位未定義,0.0,,就業,新北市政府主計處,失業率－年齡別,2010,item value9,是（欄位說明僅存於新北市統計年報）,3.5
99,,,,,,,欄位未定義,0.0,,就業,新北市政府主計處,失業率－年齡別,2010,item value10,是（欄位說明僅存於新北市統計年報）,5.4
99,,,,,,,欄位未定義,0.0,,就業,新北市政府主計處,失業率－年齡別,2010,item value11,是（欄位說明僅存於新北市統計年報）,2.9
99,,,,,,,欄位未定義,0.0,,就業,新北市政府主計處,失業率－年齡別,2010,item value12,是（欄位說明僅存於新北市統計年報）,4.9
99,,,,,,,欄位未定義,0.0,,就業,新北市政府主計處,失業率－年齡別,2010,item value13,是（欄位說明僅存於新北市統計年報）,2.9
99,,,,,,,欄位未定義,0.0,,就業,新北市政府主計處,失業率－年齡別,2010,item value14,是（欄位說明僅存於新北市統計年報）,4.6
99,,,,,,,欄位未定義,0.0,,就業,新北市政府主計處,失業率－年齡別,2010,item value15,是（欄位說明僅存於新北市統計年報）,2.9
99,,,,,,,欄位未定義,0.0,,就業,新北市政府主計處,失業率－年齡別,2010,item value16,是（欄位說明僅存於新北市統計年報）,2.6
99,,,,,,,欄位未定義,0.0,,就業,新北市政府主計處,失業率－年齡別,2010,item value17,是（欄位說明僅存於新北市統計年報）,2.7
99,,,,,,,欄位未定義,0.0,,就業,新北市政府主計處,失業率－年齡別,2010,item value18,是（欄位說明僅存於新北市統計年報）,1.1
99,,,,,,,欄位未定義,0.0,,就業,新北市政府主計處,失業率－年齡別,2010,item value19,是（欄位說明僅存於新北市統計年報）,0.5
99,,,,,,,欄位未定義,0.0,,就業,新北市政府主計處,失業率－年齡別,2010,item value20,是（欄位說明僅存於新北市統計年報）,0.0
99,,,,,,,欄位未定義,0.0,,就業,新北市政府主計處,失業率－年齡別,2010,item value21,是（欄位說明僅存於新北市統計年報）,0.0
99,,,,,,,欄位未定義,0.0,,就業,新北市政府主計處,家庭所得分配,2010,itemvalue2,是（欄位說明僅存於新北市統計年報）,679780.0
99,,,,,,,欄位未定義,0.0,,就業,新北市政府主計處,家庭所得分配,2010,itemvalue3,是（欄位說明僅存於新北市統計年報）,512165.0
99,,,,,,,欄位未定義,0.0,,就業,新北市政府主計處,家庭所得分配,2010,itemvalue4,是（欄位說明僅存於新北市統計年報）,569378.0
99,,,,,,,欄位未定義,0.0,,就業,新北市政府主計處,家庭所得分配,2010,itemvalue5,是（欄位說明僅存於新北市統計年報）,437848.0
99,,,,,,,欄位未定義,0.0,,就業,新北市政府主計處,家庭所得分配,2010,itemvalue6,是（欄位說明僅存於新北市統計年報）,345238.0
99,,,,,,,欄位未定義,0.0,,就業,新北市政府主計處,家庭所得分配,2010,itemvalue7,是（欄位說明僅存於新北市統計年報）,351683.0
99,,,,,,,欄位未定義,0.0,,就業,新北市政府主計處,家庭所得分配,2010,itemvalue8,是（欄位說明僅存於新北市統計年報）,271244.0
99,,,,,,,欄位未定義,0.0,,就業,新北市政府主計處,家庭所得分配,2010,itemvalue9,是（欄位說明僅存於新北市統計年報）,280782.0
99,,,,,,,欄位未定義,0.0,,就業,新北市政府主計處,家庭所得差距,2010,itemvalue2,是（欄位說明僅存於新北市統計年報）,933184.0
99,,,,,,,欄位未定義,0.0,,就業,新北市政府主計處,家庭所得差距,2010,itemvalue3,是（欄位說明僅存於新北市統計年報）,784576.0
99,,,,,,,欄位未定義,0.0,,就業,新北市政府主計處,家庭所得差距,2010,itemvalue4,是（欄位說明僅存於新北市統計年報）,373831.0
99,,,,,,,欄位未定義,0.0,,就業,新北市政府主計處,家庭所得差距,2010,itemvalue5,是（欄位說明僅存於新北市統計年報）,351860.0
99,,,,,,,欄位未定義,0.0,,就業,新北市政府主計處,家庭所得差距,2010,itemvalue6,是（欄位說明僅存於新北市統計年報）,605023.0
99,,,,,,,欄位未定義,0.0,,就業,新北市政府主計處,家庭所得差距,2010,itemvalue7,是（欄位說明僅存於新北市統計年報）,600577.0
99,,,,,,,欄位未定義,0.0,,就業,新北市政府主計處,家庭所得差距,2010,itemvalue8,是（欄位說明僅存於新北市統計年報）,803044.0
99,,,,,,,欄位未定義,0.0,,就業,新北市政府主計處,家庭所得差距,2010,itemvalue9,是（欄位說明僅存於新北市統計年報）,807024.0
99,,,,,,,欄位未定義,0.0,,就業,新北市政府主計處,家庭所得差距,2010,itemvalue10,是（欄位說明僅存於新北市統計年報）,1046625.0
99,,,,,,,欄位未定義,0.0,,就業,新北市政府主計處,家庭所得差距,2010,itemvalue11,是（欄位說明僅存於新北市統計年報）,1052187.0
99,,,,,,,欄位未定義,0.0,,就業,新北市政府主計處,家庭所得差距,2010,itemvalue12,是（欄位說明僅存於新北市統計年報）,1650462.0
99,,,,,,,欄位未定義,0.0,,就業,新北市政府主計處,家庭所得差距,2010,itemvalue13,是（欄位說明僅存於新北市統計年報）,1644543.0
99,,,,,,,欄位未定義,0.0,,就業,新北市政府主計處,就業者年齡結構,2010,percent2,是（欄位說明僅存於新北市統計年報）,6.02
99,,,,,,,欄位未定義,0.0,,就業,新北市政府主計處,就業者年齡結構,2010,percent3,是（欄位說明僅存於新北市統計年報）,9.39
99,,,,,,,欄位未定義,0.0,,就業,新北市政府主計處,就業者年齡結構,2010,percent4,是（欄位說明僅存於新北市統計年報）,13.64
99,,,,,,,欄位未定義,0.0,,就業,新北市政府主計處,就業者年齡結構,2010,percent5,是（欄位說明僅存於新北市統計年報）,16.77
99,,,,,,,欄位未定義,0.0,,就業,新北市政府主計處,就業者年齡結構,2010,percent6,是（欄位說明僅存於新北市統計年報）,15.65
99,,,,,,,欄位未定義,0.0,,就業,新北市政府主計處,就業者年齡結構,2010,percent7,是（欄位說明僅存於新北市統計年報）,16.9
99,,,,,,,欄位未定義,0.0,,就業,新北市政府主計處,就業者年齡結構,2010,percent8,是（欄位說明僅存於新北市統計年報）,14.24
99,,,,,,,欄位未定義,0.0,,就業,新北市政府主計處,就業者年齡結構,2010,percent9,是（欄位說明僅存於新北市統計年報）,14.52
99,,,,,,,欄位未定義,0.0,,就業,新北市政府主計處,就業者年齡結構,2010,percent10,是（欄位說明僅存於新北市統計年報）,13.54
99,,,,,,,欄位未定義,0.0,,就業,新北市政府主計處,就業者年齡結構,2010,percent11,是（欄位說明僅存於新北市統計年報）,13.89
99,,,,,,,欄位未定義,0.0,,就業,新北市政府主計處,就業者年齡結構,2010,percent12,是（欄位說明僅存於新北市統計年報）,13.74
99,,,,,,,欄位未定義,0.0,,就業,新北市政府主計處,就業者年齡結構,2010,percent13,是（欄位說明僅存於新北市統計年報）,12.39
99,,,,,,,欄位未定義,0.0,,就業,新北市政府主計處,就業者年齡結構,2010,percent14,是（欄位說明僅存於新北市統計年報）,11.43
99,,,,,,,欄位未定義,0.0,,就業,新北市政府主計處,就業者年齡結構,2010,percent15,是（欄位說明僅存於新北市統計年報）,9.64
99,,,,,,,欄位未定義,0.0,,就業,新北市政府主計處,就業者年齡結構,2010,percent16,是（欄位說明僅存於新北市統計年報）,8.12
99,,,,,,,欄位未定義,0.0,,就業,新北市政府主計處,就業者年齡結構,2010,percent17,是（欄位說明僅存於新北市統計年報）,4.63
99,,,,,,,欄位未定義,0.0,,就業,新北市政府主計處,就業者年齡結構,2010,percent18,是（欄位說明僅存於新北市統計年報）,2.91
99,,,,,,,欄位未定義,0.0,,就業,新北市政府主計處,就業者年齡結構,2010,percent19,是（欄位說明僅存於新北市統計年報）,1.38
99,,,,,,,欄位未定義,0.0,,就業,新北市政府主計處,就業者年齡結構,2010,percent20,是（欄位說明僅存於新北市統計年報）,1.0
99,,,,,,,欄位未定義,0.0,,就業,新北市政府主計處,就業者年齡結構,2010,percent21,是（欄位說明僅存於新北市統計年報）,0.5
99,,,,,,,欄位未定義,0.0,,就業,新北市政府主計處,就業者從業身分結構,2010,percent2,是（欄位說明僅存於新北市統計年報）,18.84
99,,,,,,,欄位未定義,0.0,,就業,新北市政府主計處,就業者從業身分結構,2010,percent3,是（欄位說明僅存於新北市統計年報）,6.77
99,,,,,,,欄位未定義,0.0,,就業,新北市政府主計處,就業者從業身分結構,2010,percent4,是（欄位說明僅存於新北市統計年報）,6.81
99,,,,,,,欄位未定義,0.0,,就業,新北市政府主計處,就業者從業身分結構,2010,percent5,是（欄位說明僅存於新北市統計年報）,1.96
99,,,,,,,欄位未定義,0.0,,就業,新北市政府主計處,就業者從業身分結構,2010,percent6,是（欄位說明僅存於新北市統計年報）,12.03
99,,,,,,,欄位未定義,0.0,,就業,新北市政府主計處,就業者從業身分結構,2010,percent7,是（欄位說明僅存於新北市統計年報）,4.81
99,,,,,,,欄位未定義,0.0,,就業,新北市政府主計處,就業者從業身分結構,2010,percent8,是（欄位說明僅存於新北市統計年報）,7.46
99,,,,,,,欄位未定義,0.0,,就業,新北市政府主計處,就業者從業身分結構,2010,percent9,是（欄位說明僅存於新北市統計年報）,9.56
99,,,,,,,欄位未定義,0.0,,就業,新北市政府主計處,就業者從業身分結構,2010,percent10,是（欄位說明僅存於新北市統計年報）,72.38
99,,,,,,,欄位未定義,0.0,,就業,新北市政府主計處,就業者從業身分結構,2010,percent11,是（欄位說明僅存於新北市統計年報）,77.47
99,,,,,,,欄位未定義,0.0,,就業,新北市政府主計處,就業者從業身分結構,2010,percent12,是（欄位說明僅存於新北市統計年報）,1.33
99,,,,,,,欄位未定義,0.0,,就業,新北市政府主計處,就業者從業身分結構,2010,percent13,是（欄位說明僅存於新北市統計年報）,6.21
99,,,,,,,欄位未定義,0.0,,就業,新北市政府主計處,就業者職業結構,2010,percent2,是（欄位說明僅存於新北市統計年報）,5.31
99,,,,,,,欄位未定義,0.0,,就業,新北市政府主計處,就業者職業結構,2010,percent3,是（欄位說明僅存於新北市統計年報）,1.75
99,,,,,,,欄位未定義,0.0,,就業,新北市政府主計處,就業者職業結構,2010,percent4,是（欄位說明僅存於新北市統計年報）,9.13
99,,,,,,,欄位未定義,0.0,,就業,新北市政府主計處,就業者職業結構,2010,percent5,是（欄位說明僅存於新北市統計年報）,7.89
99,,,,,,,欄位未定義,0.0,,就業,新北市政府主計處,就業者職業結構,2010,percent6,是（欄位說明僅存於新北市統計年報）,25.46
99,,,,,,,欄位未定義,0.0,,就業,新北市政府主計處,就業者職業結構,2010,percent7,是（欄位說明僅存於新北市統計年報）,28.78
99,,,,,,,欄位未定義,0.0,,就業,新北市政府主計處,就業者職業結構,2010,percent8,是（欄位說明僅存於新北市統計年報）,4.84
99,,,,,,,欄位未定義,0.0,,就業,新北市政府主計處,就業者職業結構,2010,percent9,是（欄位說明僅存於新北市統計年報）,21.99
99,,,,,,,欄位未定義,0.0,,就業,新北市政府主計處,就業者職業結構,2010,percent10,是（欄位說明僅存於新北市統計年報）,15.58
99,,,,,,,欄位未定義,0.0,,就業,新北市政府主計處,就業者職業結構,2010,percent11,是（欄位說明僅存於新北市統計年報）,23.54
99,,,,,,,欄位未定義,0.0,,就業,新北市政府主計處,就業者職業結構,2010,percent12,是（欄位說明僅存於新北市統計年報）,0.72
99,,,,,,,欄位未定義,0.0,,就業,新北市政府主計處,就業者職業結構,2010,percent13,是（欄位說明僅存於新北市統計年報）,0.11
99,,,,,,,欄位未定義,0.0,,就業,新北市政府主計處,就業者職業結構,2010,percent14,是（欄位說明僅存於新北市統計年報）,38.97
99,,,,,,,欄位未定義,0.0,,就業,新北市政府主計處,就業者職業結構,2010,percent15,是（欄位說明僅存於新北市統計年報）,15.92
99,,,,,,,欄位未定義,0.0,,就業,新北市政府主計處,就業者職業結構,2010,percent16,是（欄位說明僅存於新北市統計年報）,45.13
99,,,,,,,欄位未定義,0.0,,就業,新北市政府主計處,就業者職業結構,2010,percent17,是（欄位說明僅存於新北市統計年報）,43.62
99,,,,,,,欄位未定義,0.0,,就業,新北市政府主計處,就業者行業結構－服務業,2010,percent2,是（欄位說明僅存於新北市統計年報）,54.86
99,,,,,,,欄位未定義,0.0,,就業,新北市政府主計處,就業者行業結構－服務業,2010,percent3,是（欄位說明僅存於新北市統計年報）,73.72
99,,,,,,,欄位未定義,0.0,,就業,新北市政府主計處,就業者行業結構－服務業,2010,percent4,是（欄位說明僅存於新北市統計年報）,16.25
99,,,,,,,欄位未定義,0.0,,就業,新北市政府主計處,就業者行業結構－服務業,2010,percent5,是（欄位說明僅存於新北市統計年報）,21.53
99,,,,,,,欄位未定義,0.0,,就業,新北市政府主計處,就業者行業結構－服務業,2010,percent6,是（欄位說明僅存於新北市統計年報）,6.92
99,,,,,,,欄位未定義,0.0,,就業,新北市政府主計處,就業者行業結構－服務業,2010,percent7,是（欄位說明僅存於新北市統計年報）,2.25
99,,,,,,,欄位未定義,0.0,,就業,新北市政府主計處,就業者行業結構－服務業,2010,percent8,是（欄位說明僅存於新北市統計年報）,3.21
99,,,,,,,欄位未定義,0.0,,就業,新北市政府主計處,就業者行業結構－服務業,2010,percent9,是（欄位說明僅存於新北市統計年報）,3.0
99,,,,,,,欄位未定義,0.0,,就業,新北市政府主計處,就業者行業結構－服務業,2010,percent10,是（欄位說明僅存於新北市統計年報）,5.42
99,,,,,,,欄位未定義,0.0,,就業,新北市政府主計處,就業者行業結構－服務業,2010,percent11,是（欄位說明僅存於新北市統計年報）,8.89
99,,,,,,,欄位未定義,0.0,,就業,新北市政府主計處,就業者行業結構－服務業,2010,percent12,是（欄位說明僅存於新北市統計年報）,3.51
99,,,,,,,欄位未定義,0.0,,就業,新北市政府主計處,就業者行業結構－服務業,2010,percent13,是（欄位說明僅存於新北市統計年報）,7.51
99,,,,,,,欄位未定義,0.0,,就業,新北市政府主計處,就業者行業結構－服務業,2010,percent14,是（欄位說明僅存於新北市統計年報）,3.21
99,,,,,,,欄位未定義,0.0,,就業,新北市政府主計處,就業者行業結構－服務業,2010,percent15,是（欄位說明僅存於新北市統計年報）,4.51
99,,,,,,,欄位未定義,0.0,,就業,新北市政府主計處,就業者行業結構－服務業,2010,percent16,是（欄位說明僅存於新北市統計年報）,2.71
99,,,,,,,欄位未定義,0.0,,就業,新北市政府主計處,就業者行業結構－服務業,2010,percent17,是（欄位說明僅存於新北市統計年報）,7.13
99,,,,,,,欄位未定義,0.0,,就業,新北市政府主計處,就業者行業結構－服務業,2010,percent18,是（欄位說明僅存於新北市統計年報）,16.85
99,,,,,,,欄位未定義,0.0,,就業,新北市政府主計處,就業者行業結構－服務業,2010,percent19,是（欄位說明僅存於新北市統計年報）,21.9
99,,,,,,,欄位未定義,0.0,,就業,新北市政府主計處,就業者行業結構－農業及工業,2010,percent2,是（欄位說明僅存於新北市統計年報）,0.81
99,,,,,,,欄位未定義,0.0,,就業,新北市政府主計處,就業者行業結構－農業及工業,2010,percent3,是（欄位說明僅存於新北市統計年報）,0.13
99,,,,,,,欄位未定義,0.0,,就業,新北市政府主計處,就業者行業結構－農業及工業,2010,percent4,是（欄位說明僅存於新北市統計年報）,45.16
99,,,,,,,欄位未定義,0.0,,就業,新北市政府主計處,就業者行業結構－農業及工業,2010,percent5,是（欄位說明僅存於新北市統計年報）,26.76
99,,,,,,,欄位未定義,0.0,,就業,新北市政府主計處,就業者行業結構－農業及工業,2010,percent6,是（欄位說明僅存於新北市統計年報）,0.02
99,,,,,,,欄位未定義,0.0,,就業,新北市政府主計處,就業者行業結構－農業及工業,2010,percent7,是（欄位說明僅存於新北市統計年報）,0.0
99,,,,,,,欄位未定義,0.0,,就業,新北市政府主計處,就業者行業結構－農業及工業,2010,percent8,是（欄位說明僅存於新北市統計年報）,28.93
99,,,,,,,欄位未定義,0.0,,就業,新北市政府主計處,就業者行業結構－農業及工業,2010,percent9,是（欄位說明僅存於新北市統計年報）,24.07
99,,,,,,,欄位未定義,0.0,,就業,新北市政府主計處,就業者行業結構－農業及工業,2010,percent10,是（欄位說明僅存於新北市統計年報）,0.4
99,,,,,,,欄位未定義,0.0,,就業,新北市政府主計處,就業者行業結構－農業及工業,2010,percent11,是（欄位說明僅存於新北市統計年報）,0.13
99,,,,,,,欄位未定義,0.0,,就業,新北市政府主計處,就業者行業結構－農業及工業,2010,percent12,是（欄位說明僅存於新北市統計年報）,1.11
99,,,,,,,欄位未定義,0.0,,就業,新北市政府主計處,就業者行業結構－農業及工業,2010,percent13,是（欄位說明僅存於新北市統計年報）,0.51
99,,,,,,,欄位未定義,0.0,,就業,新北市政府主計處,就業者行業結構－農業及工業,2010,percent14,是（欄位說明僅存於新北市統計年報）,14.72
99,,,,,,,欄位未定義,0.0,,就業,新北市政府主計處,就業者行業結構－農業及工業,2010,percent15,是（欄位說明僅存於新北市統計年報）,2.18
99,,,,,,,欄位未定義,0.0,,就業,新北市政府主計處,就業輔導,2010,person2,是（欄位說明僅存於新北市統計年報）,23726.0
99,,,,,,,欄位未定義,0.0,,就業,新北市政府主計處,就業輔導,2010,person3,是（欄位說明僅存於新北市統計年報）,23983.0
99,,,,,,,欄位未定義,0.0,,就業,新北市政府主計處,就業輔導,2010,person4,是（欄位說明僅存於新北市統計年報）,0.0
99,,,,,,,欄位未定義,0.0,,就業,新北市政府主計處,就業輔導,2010,person5,是（欄位說明僅存於新北市統計年報）,0.0
99,,,,,,,欄位未定義,0.0,,就業,新北市政府主計處,就業輔導,2010,person6,是（欄位說明僅存於新北市統計年報）,66446.0
99,,,,,,,欄位未定義,0.0,,就業,新北市政府主計處,就業輔導,2010,person7,是（欄位說明僅存於新北市統計年報）,16435.0
99,,,,,,,欄位未定義,0.0,,就業,新北市政府主計處,就業輔導,2010,person8,是（欄位說明僅存於新北市統計年報）,16136.0
99,,,,,,,欄位未定義,0.0,,就業,新北市政府主計處,就業輔導,2010,person9,是（欄位說明僅存於新北市統計年報）,0.0
99,,,,,,,欄位未定義,0.0,,就業,新北市政府主計處,就業輔導,2010,person10,是（欄位說明僅存於新北市統計年報）,0.0
99,,,,,,,欄位未定義,0.0,,就業,新北市政府主計處,就業輔導,2010,person11,是（欄位說明僅存於新北市統計年報）,39304.0
99,,,,,,,欄位未定義,0.0,,就業,新北市政府主計處,職業訓練,2010,item value2,是（欄位說明僅存於新北市統計年報）,1298.0
99,,,,,,,欄位未定義,0.0,,就業,新北市政府主計處,職業訓練,2010,item value3,是（欄位說明僅存於新北市統計年報）,1904.0
99,,,,,,,欄位未定義,0.0,,就業,新北市政府主計處,職業訓練,2010,item value4,是（欄位說明僅存於新北市統計年報）,386.0
99,,,,,,,欄位未定義,0.0,,就業,新北市政府主計處,職業訓練,2010,item value5,是（欄位說明僅存於新北市統計年報）,589.0
99,,,,,,,欄位未定義,0.0,,就業,新北市政府主計處,職業訓練,2010,item value6,是（欄位說明僅存於新北市統計年報）,217.0
99,,,,,,,欄位未定義,0.0,,就業,新北市政府主計處,職業訓練,2010,item value7,是（欄位說明僅存於新北市統計年報）,330.0
99,,,,,,,欄位未定義,0.0,,就業,新北市政府主計處,職業訓練,2010,item value8,是（欄位說明僅存於新北市統計年報）,1117.0
99,,,,,,,欄位未定義,0.0,,就業,新北市政府主計處,職業訓練,2010,item value9,是（欄位說明僅存於新北市統計年報）,2734.0
99,,,,,,,欄位未定義,0.0,,就業,新北市政府主計處,職業訓練,2010,item value10,是（欄位說明僅存於新北市統計年報）,0.0
99,,,,,,,欄位未定義,0.0,,就業,新北市政府主計處,職業訓練,2010,item value11,是（欄位說明僅存於新北市統計年報）,0.0
99,,,,,,,欄位未定義,0.0,,居住,新北市政府主計處,住宅補貼申請,2010,itemvalue2,是（欄位說明僅存於新北市統計年報）,6729.0
99,,,,,,,欄位未定義,0.0,,居住,新北市政府主計處,住宅補貼申請,2010,itemvalue3,是（欄位說明僅存於新北市統計年報）,41.2771439087
99,,,,,,,欄位未定義,0.0,,居住,新北市政府主計處,住宅補貼申請,2010,itemvalue4,是（欄位說明僅存於新北市統計年報）,9573.0
99,,,,,,,欄位未定義,0.0,,居住,新北市政府主計處,住宅補貼申請,2010,itemvalue5,是（欄位說明僅存於新北市統計年報）,58.7228560913
99,,,,,,,欄位未定義,0.0,,居住,新北市政府主計處,住宅補貼申請,2010,itemvalue6,是（欄位說明僅存於新北市統計年報）,5519.0
99,,,,,,,欄位未定義,0.0,,居住,新北市政府主計處,住宅補貼申請,2010,itemvalue7,是（欄位說明僅存於新北市統計年報）,8144.0
99,,,,,,,欄位未定義,0.0,,居住,新北市政府主計處,住宅補貼申請,2010,itemvalue8,是（欄位說明僅存於新北市統計年報）,860.0
99,,,,,,,欄位未定義,0.0,,居住,新北市政府主計處,住宅補貼申請,2010,itemvalue9,是（欄位說明僅存於新北市統計年報）,1010.0
99,,,,,,,欄位未定義,0.0,,居住,新北市政府主計處,住宅補貼申請,2010,itemvalue10,是（欄位說明僅存於新北市統計年報）,350.0
99,,,,,,,欄位未定義,0.0,,居住,新北市政府主計處,住宅補貼申請,2010,itemvalue11,是（欄位說明僅存於新北市統計年報）,419.0
99,,,,,,,欄位未定義,0.0,,居住,新北市政府主計處,房屋稅及地價稅開徵概況,2010,percent2,是（欄位說明僅存於新北市統計年報）,50.93
99,,,,,,,欄位未定義,0.0,,居住,新北市政府主計處,房屋稅及地價稅開徵概況,2010,percent3,是（欄位說明僅存於新北市統計年報）,49.07
99,,,,,,,欄位未定義,0.0,,居住,新北市政府主計處,房屋稅及地價稅開徵概況,2010,percent4,是（欄位說明僅存於新北市統計年報）,52.7
99,,,,,,,欄位未定義,0.0,,居住,新北市政府主計處,房屋稅及地價稅開徵概況,2010,percent5,是（欄位說明僅存於新北市統計年報）,47.3
99,,,,,,,欄位未定義,0.0,,居住,新北市政府主計處,房屋稅及地價稅開徵概況,2010,percent6,是（欄位說明僅存於新北市統計年報）,49.76
99,,,,,,,欄位未定義,0.0,,居住,新北市政府主計處,房屋稅及地價稅開徵概況,2010,percent7,是（欄位說明僅存於新北市統計年報）,50.24
99,,,,,,,欄位未定義,0.0,,居住,新北市政府主計處,房屋稅及地價稅開徵概況,2010,percent8,是（欄位說明僅存於新北市統計年報）,49.81
99,,,,,,,欄位未定義,0.0,,居住,新北市政府主計處,房屋稅及地價稅開徵概況,2010,percent9,是（欄位說明僅存於新北市統計年報）,50.19
99,,,,,,,欄位未定義,0.0,,居住,新北市政府主計處,房屋稅及地價稅開徵概況,2010,percent10,是（欄位說明僅存於新北市統計年報）,64.15
99,,,,,,,欄位未定義,0.0,,居住,新北市政府主計處,房屋稅及地價稅開徵概況,2010,percent11,是（欄位說明僅存於新北市統計年報）,35.85
99,,,,,,,欄位未定義,0.0,,居住,新北市政府主計處,房屋稅及地價稅開徵概況,2010,percent12,是（欄位說明僅存於新北市統計年報）,58.2
99,,,,,,,欄位未定義,0.0,,居住,新北市政府主計處,房屋稅及地價稅開徵概況,2010,percent13,是（欄位說明僅存於新北市統計年報）,41.8
99,,,,,,,欄位未定義,0.0,,居住,新北市政府主計處,房屋稅及地價稅開徵概況,2010,percent14,是（欄位說明僅存於新北市統計年報）,64.97
99,,,,,,,欄位未定義,0.0,,居住,新北市政府主計處,房屋稅及地價稅開徵概況,2010,percent15,是（欄位說明僅存於新北市統計年報）,35.03
99,,,,,,,欄位未定義,0.0,,居住,新北市政府地政局,新北市大陸地區人民法人團體或陸資公司取得(設定或移轉)不動產權利統計表,99,field2_quantity,是（欄位說明僅存於新北市統計年報）,2.0
99,,,,,,,欄位未定義,0.0,,居住,新北市政府地政局,新北市大陸地區人民法人團體或陸資公司取得(設定或移轉)不動產權利統計表,99,field2_quantity,是（欄位說明僅存於新北市統計年報）,2.0
99,,,,,,,欄位未定義,0.0,,居住,新北市政府地政局,新北市大陸地區人民法人團體或陸資公司取得(設定或移轉)不動產權利統計表,99,field3_area,是（欄位說明僅存於新北市統計年報）,54.59
99,,,,,,,欄位未定義,0.0,,居住,新北市政府地政局,新北市大陸地區人民法人團體或陸資公司取得(設定或移轉)不動產權利統計表,99,field3_area,是（欄位說明僅存於新北市統計年報）,54.59
99,,,,,,,欄位未定義,0.0,,居住,新北市政府地政局,新北市大陸地區人民法人團體或陸資公司取得(設定或移轉)不動產權利統計表,99,field4_quantity,是（欄位說明僅存於新北市統計年報）,2.0
99,,,,,,,欄位未定義,0.0,,居住,新北市政府地政局,新北市大陸地區人民法人團體或陸資公司取得(設定或移轉)不動產權利統計表,99,field4_quantity,是（欄位說明僅存於新北市統計年報）,2.0
99,,,,,,,欄位未定義,0.0,,居住,新北市政府地政局,新北市大陸地區人民法人團體或陸資公司取得(設定或移轉)不動產權利統計表,99,field5_area,是（欄位說明僅存於新北市統計年報）,277.24
99,,,,,,,欄位未定義,0.0,,居住,新北市政府地政局,新北市大陸地區人民法人團體或陸資公司取得(設定或移轉)不動產權利統計表,99,field5_area,是（欄位說明僅存於新北市統計年報）,277.24
99,,,,,,,欄位未定義,0.0,,居住,新北市政府城鄉發展局,新北市歷年住宅補貼受理情形統計表,2010,rent_project_num,是（欄位說明僅存於新北市統計年報）,4516.0
99,,,,,,,欄位未定義,0.0,,居住,新北市政府城鄉發展局,新北市歷年住宅補貼受理情形統計表,2010,rent_apply_num,是（欄位說明僅存於新北市統計年報）,13663.0
99,,,,,,,欄位未定義,0.0,,居住,新北市政府城鄉發展局,新北市歷年住宅補貼受理情形統計表,2010,rent_ok_num,是（欄位說明僅存於新北市統計年報）,12157.0
99,,,,,,,欄位未定義,0.0,,居住,新北市政府城鄉發展局,新北市歷年住宅補貼受理情形統計表,2010,rent_ok_num_percentage,是（欄位說明僅存於新北市統計年報）,88.98
99,,,,,,,欄位未定義,0.0,,居住,新北市政府城鄉發展局,新北市歷年住宅補貼受理情形統計表,2010,purchase_project_num,是（欄位說明僅存於新北市統計年報）,1882.0
99,,,,,,,欄位未定義,0.0,,居住,新北市政府城鄉發展局,新北市歷年住宅補貼受理情形統計表,2010,purchase_apply_num,是（欄位說明僅存於新北市統計年報）,1870.0
99,,,,,,,欄位未定義,0.0,,居住,新北市政府城鄉發展局,新北市歷年住宅補貼受理情形統計表,2010,purchase_ok_num,是（欄位說明僅存於新北市統計年報）,1282.0
99,,,,,,,欄位未定義,0.0,,居住,新北市政府城鄉發展局,新北市歷年住宅補貼受理情形統計表,2010,purchase_ok_num_percentage,是（欄位說明僅存於新北市統計年報）,68.56
99,,,,,,,欄位未定義,0.0,,居住,新北市政府城鄉發展局,新北市歷年住宅補貼受理情形統計表,2010,repair_project_num,是（欄位說明僅存於新北市統計年報）,863.0
99,,,,,,,欄位未定義,0.0,,居住,新北市政府城鄉發展局,新北市歷年住宅補貼受理情形統計表,2010,repair_apply_num,是（欄位說明僅存於新北市統計年報）,769.0
99,,,,,,,欄位未定義,0.0,,居住,新北市政府城鄉發展局,新北市歷年住宅補貼受理情形統計表,2010,repair_ok_num,是（欄位說明僅存於新北市統計年報）,459.0
99,,,,,,,欄位未定義,0.0,,居住,新北市政府城鄉發展局,新北市歷年住宅補貼受理情形統計表,2010,repair_ok_num_percentage,是（欄位說明僅存於新北市統計年報）,59.69
99,,,,,,,欄位未定義,0.0,,教育,新北市政府主計處,依性別平等教育法申訴案件－被行為人學校程度別,2010,itemvalue2,是（欄位說明僅存於新北市統計年報）,0.0
99,,,,,,,欄位未定義,0.0,,教育,新北市政府主計處,依性別平等教育法申訴案件－被行為人學校程度別,2010,itemvalue3,是（欄位說明僅存於新北市統計年報）,0.0
99,,,,,,,欄位未定義,0.0,,教育,新北市政府主計處,依性別平等教育法申訴案件－被行為人學校程度別,2010,itemvalue4,是（欄位說明僅存於新北市統計年報）,0.0
99,,,,,,,欄位未定義,0.0,,教育,新北市政府主計處,依性別平等教育法申訴案件－被行為人學校程度別,2010,itemvalue5,是（欄位說明僅存於新北市統計年報）,0.0
99,,,,,,,欄位未定義,0.0,,教育,新北市政府主計處,依性別平等教育法申訴案件－被行為人學校程度別,2010,itemvalue6,是（欄位說明僅存於新北市統計年報）,0.0
99,,,,,,,欄位未定義,0.0,,教育,新北市政府主計處,依性別平等教育法申訴案件－被行為人學校程度別,2010,itemvalue7,是（欄位說明僅存於新北市統計年報）,0.0
99,,,,,,,欄位未定義,0.0,,教育,新北市政府主計處,依性別平等教育法申訴案件－被行為人學校程度別,2010,itemvalue8,是（欄位說明僅存於新北市統計年報）,0.0
99,,,,,,,欄位未定義,0.0,,教育,新北市政府主計處,依性別平等教育法申訴案件－被行為人學校程度別,2010,itemvalue9,是（欄位說明僅存於新北市統計年報）,0.0
99,,,,,,,欄位未定義,0.0,,教育,新北市政府主計處,依性別平等教育法申訴案件－被行為人學校程度別,2010,itemvalue10,是（欄位說明僅存於新北市統計年報）,0.0
99,,,,,,,欄位未定義,0.0,,教育,新北市政府主計處,依性別平等教育法申訴案件－被行為人學校程度別,2010,itemvalue11,是（欄位說明僅存於新北市統計年報）,0.0
99,,,,,,,欄位未定義,0.0,,教育,新北市政府主計處,依性別平等教育法申訴案件－被行為人學校程度別,2010,itemvalue12,是（欄位說明僅存於新北市統計年報）,0.0
99,,,,,,,欄位未定義,0.0,,教育,新北市政府主計處,依性別平等教育法申訴案件－被行為人學校程度別,2010,itemvalue13,是（欄位說明僅存於新北市統計年報）,0.0
99,,,,,,,欄位未定義,0.0,,教育,新北市政府主計處,依性別平等教育法申訴案件－被行為人學校程度別,2010,itemvalue14,是（欄位說明僅存於新北市統計年報）,0.0
99,,,,,,,欄位未定義,0.0,,教育,新北市政府主計處,依性別平等教育法申訴案件－被行為人學校程度別,2010,itemvalue15,是（欄位說明僅存於新北市統計年報）,0.0
99,,,,,,,欄位未定義,0.0,,教育,新北市政府主計處,依性別平等教育法申訴案件－被行為人學校程度別,2010,itemvalue16,是（欄位說明僅存於新北市統計年報）,0.0
99,,,,,,,欄位未定義,0.0,,教育,新北市政府主計處,依性別平等教育法申訴案件－被行為人學校程度別,2010,itemvalue17,是（欄位說明僅存於新北市統計年報）,0.0
99,,,,,,,欄位未定義,0.0,,教育,新北市政府主計處,公教職員教育程度結構,2010,itemvalue2,是（欄位說明僅存於新北市統計年報）,87.79
99,,,,,,,欄位未定義,0.0,,教育,新北市政府主計處,公教職員教育程度結構,2010,itemvalue3,是（欄位說明僅存於新北市統計年報）,97.7
99,,,,,,,欄位未定義,0.0,,教育,新北市政府主計處,公教職員教育程度結構,2010,itemvalue4,是（欄位說明僅存於新北市統計年報）,12.21
99,,,,,,,欄位未定義,0.0,,教育,新北市政府主計處,公教職員教育程度結構,2010,itemvalue5,是（欄位說明僅存於新北市統計年報）,2.27
99,,,,,,,欄位未定義,0.0,,教育,新北市政府主計處,公教職員教育程度結構,2010,itemvalue6,是（欄位說明僅存於新北市統計年報）,0.0
99,,,,,,,欄位未定義,0.0,,教育,新北市政府主計處,公教職員教育程度結構,2010,itemvalue7,是（欄位說明僅存於新北市統計年報）,0.03
99,,,,,,,欄位未定義,0.0,,教育,新北市政府主計處,公教職員教育程度結構,2010,itemvalue8,是（欄位說明僅存於新北市統計年報）,80.99
99,,,,,,,欄位未定義,0.0,,教育,新北市政府主計處,公教職員教育程度結構,2010,itemvalue9,是（欄位說明僅存於新北市統計年報）,92.24
99,,,,,,,欄位未定義,0.0,,教育,新北市政府主計處,公教職員教育程度結構,2010,itemvalue10,是（欄位說明僅存於新北市統計年報）,19.01
99,,,,,,,欄位未定義,0.0,,教育,新北市政府主計處,公教職員教育程度結構,2010,itemvalue11,是（欄位說明僅存於新北市統計年報）,7.65
99,,,,,,,欄位未定義,0.0,,教育,新北市政府主計處,公教職員教育程度結構,2010,itemvalue12,是（欄位說明僅存於新北市統計年報）,0.0
99,,,,,,,欄位未定義,0.0,,教育,新北市政府主計處,公教職員教育程度結構,2010,itemvalue13,是（欄位說明僅存於新北市統計年報）,0.1
99,,,,,,,欄位未定義,0.0,,教育,新北市政府主計處,刑事案件嫌疑犯－教育程度別,2010,item value2,是（欄位說明僅存於新北市統計年報）,42866.0
99,,,,,,,欄位未定義,0.0,,教育,新北市政府主計處,刑事案件嫌疑犯－教育程度別,2010,item value3,是（欄位說明僅存於新北市統計年報）,9512.0
99,,,,,,,欄位未定義,0.0,,教育,新北市政府主計處,刑事案件嫌疑犯－教育程度別,2010,item value4,是（欄位說明僅存於新北市統計年報）,144.0
99,,,,,,,欄位未定義,0.0,,教育,新北市政府主計處,刑事案件嫌疑犯－教育程度別,2010,item value5,是（欄位說明僅存於新北市統計年報）,128.0
99,,,,,,,欄位未定義,0.0,,教育,新北市政府主計處,刑事案件嫌疑犯－教育程度別,2010,item value6,是（欄位說明僅存於新北市統計年報）,24.0
99,,,,,,,欄位未定義,0.0,,教育,新北市政府主計處,刑事案件嫌疑犯－教育程度別,2010,item value7,是（欄位說明僅存於新北市統計年報）,23.0
99,,,,,,,欄位未定義,0.0,,教育,新北市政府主計處,刑事案件嫌疑犯－教育程度別,2010,item value8,是（欄位說明僅存於新北市統計年報）,3302.0
99,,,,,,,欄位未定義,0.0,,教育,新北市政府主計處,刑事案件嫌疑犯－教育程度別,2010,item value9,是（欄位說明僅存於新北市統計年報）,1018.0
99,,,,,,,欄位未定義,0.0,,教育,新北市政府主計處,刑事案件嫌疑犯－教育程度別,2010,item value10,是（欄位說明僅存於新北市統計年報）,16147.0
99,,,,,,,欄位未定義,0.0,,教育,新北市政府主計處,刑事案件嫌疑犯－教育程度別,2010,item value11,是（欄位說明僅存於新北市統計年報）,2614.0
99,,,,,,,欄位未定義,0.0,,教育,新北市政府主計處,刑事案件嫌疑犯－教育程度別,2010,item value12,是（欄位說明僅存於新北市統計年報）,19526.0
99,,,,,,,欄位未定義,0.0,,教育,新北市政府主計處,刑事案件嫌疑犯－教育程度別,2010,item value13,是（欄位說明僅存於新北市統計年報）,4638.0
99,,,,,,,欄位未定義,0.0,,教育,新北市政府主計處,刑事案件嫌疑犯－教育程度別,2010,item value14,是（欄位說明僅存於新北市統計年報）,3534.0
99,,,,,,,欄位未定義,0.0,,教育,新北市政府主計處,刑事案件嫌疑犯－教育程度別,2010,item value15,是（欄位說明僅存於新北市統計年報）,1032.0
99,,,,,,,欄位未定義,0.0,,教育,新北市政府主計處,刑事案件嫌疑犯－教育程度別,2010,item value16,是（欄位說明僅存於新北市統計年報）,151.0
99,,,,,,,欄位未定義,0.0,,教育,新北市政府主計處,刑事案件嫌疑犯－教育程度別,2010,item value17,是（欄位說明僅存於新北市統計年報）,49.0
99,,,,,,,欄位未定義,0.0,,教育,新北市政府主計處,刑事案件嫌疑犯－教育程度別,2010,item value18,是（欄位說明僅存於新北市統計年報）,38.0
99,,,,,,,欄位未定義,0.0,,教育,新北市政府主計處,刑事案件嫌疑犯－教育程度別,2010,item value19,是（欄位說明僅存於新北市統計年報）,10.0
99,,,,,,,欄位未定義,0.0,,教育,新北市政府主計處,原住民族教育,2010,itemvalue2,是（欄位說明僅存於新北市統計年報）,5058.0
99,,,,,,,欄位未定義,0.0,,教育,新北市政府主計處,原住民族教育,2010,itemvalue3,是（欄位說明僅存於新北市統計年報）,50.8290624058
99,,,,,,,欄位未定義,0.0,,教育,新北市政府主計處,原住民族教育,2010,itemvalue4,是（欄位說明僅存於新北市統計年報）,4893.0
99,,,,,,,欄位未定義,0.0,,教育,新北市政府主計處,原住民族教育,2010,itemvalue5,是（欄位說明僅存於新北市統計年報）,49.1709375942
99,,,,,,,欄位未定義,0.0,,教育,新北市政府主計處,原住民族教育,2010,itemvalue6,是（欄位說明僅存於新北市統計年報）,2735.0
99,,,,,,,欄位未定義,0.0,,教育,新北市政府主計處,原住民族教育,2010,itemvalue7,是（欄位說明僅存於新北市統計年報）,51.9468186135
99,,,,,,,欄位未定義,0.0,,教育,新北市政府主計處,原住民族教育,2010,itemvalue8,是（欄位說明僅存於新北市統計年報）,2530.0
99,,,,,,,欄位未定義,0.0,,教育,新北市政府主計處,原住民族教育,2010,itemvalue9,是（欄位說明僅存於新北市統計年報）,48.0531813865
99,,,,,,,欄位未定義,0.0,,教育,新北市政府主計處,原住民族教育,2010,itemvalue10,是（欄位說明僅存於新北市統計年報）,1493.0
99,,,,,,,欄位未定義,0.0,,教育,新北市政府主計處,原住民族教育,2010,itemvalue11,是（欄位說明僅存於新北市統計年報）,49.8997326203
99,,,,,,,欄位未定義,0.0,,教育,新北市政府主計處,原住民族教育,2010,itemvalue12,是（欄位說明僅存於新北市統計年報）,1499.0
99,,,,,,,欄位未定義,0.0,,教育,新北市政府主計處,原住民族教育,2010,itemvalue13,是（欄位說明僅存於新北市統計年報）,50.1002673797
99,,,,,,,欄位未定義,0.0,,教育,新北市政府主計處,原住民族教育,2010,itemvalue14,是（欄位說明僅存於新北市統計年報）,341.0
99,,,,,,,欄位未定義,0.0,,教育,新北市政府主計處,原住民族教育,2010,itemvalue15,是（欄位說明僅存於新北市統計年報）,49.1354466859
99,,,,,,,欄位未定義,0.0,,教育,新北市政府主計處,原住民族教育,2010,itemvalue16,是（欄位說明僅存於新北市統計年報）,353.0
99,,,,,,,欄位未定義,0.0,,教育,新北市政府主計處,原住民族教育,2010,itemvalue17,是（欄位說明僅存於新北市統計年報）,50.8645533141
99,,,,,,,欄位未定義,0.0,,教育,新北市政府主計處,原住民族教育,2010,itemvalue18,是（欄位說明僅存於新北市統計年報）,489.0
99,,,,,,,欄位未定義,0.0,,教育,新北市政府主計處,原住民族教育,2010,itemvalue19,是（欄位說明僅存於新北市統計年報）,48.9
99,,,,,,,欄位未定義,0.0,,教育,新北市政府主計處,原住民族教育,2010,itemvalue20,是（欄位說明僅存於新北市統計年報）,511.0
99,,,,,,,欄位未定義,0.0,,教育,新北市政府主計處,原住民族教育,2010,itemvalue21,是（欄位說明僅存於新北市統計年報）,51.1
99,,,,,,,欄位未定義,0.0,,教育,新北市政府主計處,原住民族教育,2010,itemvalue22,是（欄位說明僅存於新北市統計年報）,19.0
99,,,,,,,欄位未定義,0.0,,教育,新北市政府主計處,原住民族教育,2010,itemvalue23,是（欄位說明僅存於新北市統計年報）,13.0
99,,,,,,,欄位未定義,0.0,,教育,新北市政府主計處,原住民族教育,2010,itemvalue24,是（欄位說明僅存於新北市統計年報）,50.0
99,,,,,,,欄位未定義,0.0,,教育,新北市政府主計處,原住民族教育,2010,itemvalue25,是（欄位說明僅存於新北市統計年報）,59.0
99,,,,,,,欄位未定義,0.0,,教育,新北市政府主計處,國中教育(續),2010,itemvalue2,是（欄位說明僅存於新北市統計年報）,2091.0
99,,,,,,,欄位未定義,0.0,,教育,新北市政府主計處,國中教育(續),2010,itemvalue3,是（欄位說明僅存於新北市統計年報）,51.3633014001
99,,,,,,,欄位未定義,0.0,,教育,新北市政府主計處,國中教育(續),2010,itemvalue4,是（欄位說明僅存於新北市統計年報）,1980.0
99,,,,,,,欄位未定義,0.0,,教育,新北市政府主計處,國中教育(續),2010,itemvalue5,是（欄位說明僅存於新北市統計年報）,48.6366985999
99,,,,,,,欄位未定義,0.0,,教育,新北市政府主計處,國中教育(續),2010,itemvalue6,是（欄位說明僅存於新北市統計年報）,722.0
99,,,,,,,欄位未定義,0.0,,教育,新北市政府主計處,國中教育(續),2010,itemvalue7,是（欄位說明僅存於新北市統計年報）,56.4945226917
99,,,,,,,欄位未定義,0.0,,教育,新北市政府主計處,國中教育(續),2010,itemvalue8,是（欄位說明僅存於新北市統計年報）,556.0
99,,,,,,,欄位未定義,0.0,,教育,新北市政府主計處,國中教育(續),2010,itemvalue9,是（欄位說明僅存於新北市統計年報）,43.5054773083
99,,,,,,,欄位未定義,0.0,,教育,新北市政府主計處,國中教育(續),2010,itemvalue10,是（欄位說明僅存於新北市統計年報）,54480.0
99,,,,,,,欄位未定義,0.0,,教育,新北市政府主計處,國中教育(續),2010,itemvalue11,是（欄位說明僅存於新北市統計年報）,53371.0
99,,,,,,,欄位未定義,0.0,,教育,新北市政府主計處,國中教育(續),2010,itemvalue12,是（欄位說明僅存於新北市統計年報）,74.1910883539
99,,,,,,,欄位未定義,0.0,,教育,新北市政府主計處,國中教育(續),2010,itemvalue13,是（欄位說明僅存於新北市統計年報）,77.6000697908
99,,,,,,,欄位未定義,0.0,,教育,新北市政府主計處,國中教育(續),2010,itemvalue14,是（欄位說明僅存於新北市統計年報）,96.3452666306
99,,,,,,,欄位未定義,0.0,,教育,新北市政府主計處,國中教育(續),2010,itemvalue15,是（欄位說明僅存於新北市統計年報）,98.4677175318
99,,,,,,,欄位未定義,0.0,,教育,新北市政府主計處,國中教育,2010,itemvalue2,是（欄位說明僅存於新北市統計年報）,2099.0
99,,,,,,,欄位未定義,0.0,,教育,新北市政府主計處,國中教育,2010,itemvalue3,是（欄位說明僅存於新北市統計年報）,29.6427058325
99,,,,,,,欄位未定義,0.0,,教育,新北市政府主計處,國中教育,2010,itemvalue4,是（欄位說明僅存於新北市統計年報）,4982.0
99,,,,,,,欄位未定義,0.0,,教育,新北市政府主計處,國中教育,2010,itemvalue5,是（欄位說明僅存於新北市統計年報）,70.3572941675
99,,,,,,,欄位未定義,0.0,,教育,新北市政府主計處,國中教育,2010,itemvalue6,是（欄位說明僅存於新北市統計年報）,74471.0
99,,,,,,,欄位未定義,0.0,,教育,新北市政府主計處,國中教育,2010,itemvalue7,是（欄位說明僅存於新北市統計年報）,51.6084546085
99,,,,,,,欄位未定義,0.0,,教育,新北市政府主計處,國中教育,2010,itemvalue8,是（欄位說明僅存於新北市統計年報）,69829.0
99,,,,,,,欄位未定義,0.0,,教育,新北市政府主計處,國中教育,2010,itemvalue9,是（欄位說明僅存於新北市統計年報）,48.3915453915
99,,,,,,,欄位未定義,0.0,,教育,新北市政府主計處,國中教育,2010,itemvalue10,是（欄位說明僅存於新北市統計年報）,39.0
99,,,,,,,欄位未定義,0.0,,教育,新北市政府主計處,國中教育,2010,itemvalue11,是（欄位說明僅存於新北市統計年報）,25.0
99,,,,,,,欄位未定義,0.0,,教育,新北市政府主計處,國中教育,2010,itemvalue12,是（欄位說明僅存於新北市統計年報）,156.0
99,,,,,,,欄位未定義,0.0,,教育,新北市政府主計處,國小教育(續),2010,itemvalue2,是（欄位說明僅存於新北市統計年報）,13561.0
99,,,,,,,欄位未定義,0.0,,教育,新北市政府主計處,國小教育(續),2010,itemvalue3,是（欄位說明僅存於新北市統計年報）,52.2380585516
99,,,,,,,欄位未定義,0.0,,教育,新北市政府主計處,國小教育(續),2010,itemvalue4,是（欄位說明僅存於新北市統計年報）,12399.0
99,,,,,,,欄位未定義,0.0,,教育,新北市政府主計處,國小教育(續),2010,itemvalue5,是（欄位說明僅存於新北市統計年報）,47.7619414484
99,,,,,,,欄位未定義,0.0,,教育,新北市政府主計處,國小教育(續),2010,itemvalue6,是（欄位說明僅存於新北市統計年報）,120.0
99,,,,,,,欄位未定義,0.0,,教育,新北市政府主計處,國小教育(續),2010,itemvalue7,是（欄位說明僅存於新北市統計年報）,58.2524271845
99,,,,,,,欄位未定義,0.0,,教育,新北市政府主計處,國小教育(續),2010,itemvalue8,是（欄位說明僅存於新北市統計年報）,86.0
99,,,,,,,欄位未定義,0.0,,教育,新北市政府主計處,國小教育(續),2010,itemvalue9,是（欄位說明僅存於新北市統計年報）,41.7475728155
99,,,,,,,欄位未定義,0.0,,教育,新北市政府主計處,國小教育(續),2010,itemvalue10,是（欄位說明僅存於新北市統計年報）,67687.0
99,,,,,,,欄位未定義,0.0,,教育,新北市政府主計處,國小教育(續),2010,itemvalue11,是（欄位說明僅存於新北市統計年報）,64489.0
99,,,,,,,欄位未定義,0.0,,教育,新北市政府主計處,國小教育(續),2010,itemvalue12,是（欄位說明僅存於新北市統計年報）,52.4689156925
99,,,,,,,欄位未定義,0.0,,教育,新北市政府主計處,國小教育(續),2010,itemvalue13,是（欄位說明僅存於新北市統計年報）,54.7747059073
99,,,,,,,欄位未定義,0.0,,教育,新北市政府主計處,國小教育(續),2010,itemvalue14,是（欄位說明僅存於新北市統計年報）,99.5720180993
99,,,,,,,欄位未定義,0.0,,教育,新北市政府主計處,國小教育(續),2010,itemvalue15,是（欄位說明僅存於新北市統計年報）,102.3655770067
99,,,,,,,欄位未定義,0.0,,教育,新北市政府主計處,國小教育,2010,itemvalue2,是（欄位說明僅存於新北市統計年報）,4505.0
99,,,,,,,欄位未定義,0.0,,教育,新北市政府主計處,國小教育,2010,itemvalue3,是（欄位說明僅存於新北市統計年報）,27.9587910383
99,,,,,,,欄位未定義,0.0,,教育,新北市政府主計處,國小教育,2010,itemvalue4,是（欄位說明僅存於新北市統計年報）,11608.0
99,,,,,,,欄位未定義,0.0,,教育,新北市政府主計處,國小教育,2010,itemvalue5,是（欄位說明僅存於新北市統計年報）,72.0412089617
99,,,,,,,欄位未定義,0.0,,教育,新北市政府主計處,國小教育,2010,itemvalue6,是（欄位說明僅存於新北市統計年報）,129826.0
99,,,,,,,欄位未定義,0.0,,教育,新北市政府主計處,國小教育,2010,itemvalue7,是（欄位說明僅存於新北市統計年報）,52.2842598708
99,,,,,,,欄位未定義,0.0,,教育,新北市政府主計處,國小教育,2010,itemvalue8,是（欄位說明僅存於新北市統計年報）,118482.0
99,,,,,,,欄位未定義,0.0,,教育,新北市政府主計處,國小教育,2010,itemvalue9,是（欄位說明僅存於新北市統計年報）,47.7157401292
99,,,,,,,欄位未定義,0.0,,教育,新北市政府主計處,國小教育,2010,itemvalue10,是（欄位說明僅存於新北市統計年報）,150.0
99,,,,,,,欄位未定義,0.0,,教育,新北市政府主計處,國小教育,2010,itemvalue11,是（欄位說明僅存於新北市統計年報）,60.0
99,,,,,,,欄位未定義,0.0,,教育,新北市政府主計處,國小教育,2010,itemvalue12,是（欄位說明僅存於新北市統計年報）,250.0
99,,,,,,,欄位未定義,0.0,,教育,新北市政府主計處,國民中學學生裸視視力檢查,2010 |  計,itemvalue3,是（欄位說明僅存於新北市統計年報）,142209.0
99,,,,,,,欄位未定義,0.0,,教育,新北市政府主計處,國民中學學生裸視視力檢查,2010 |  男,itemvalue3,是（欄位說明僅存於新北市統計年報）,73432.0
99,,,,,,,欄位未定義,0.0,,教育,新北市政府主計處,國民中學學生裸視視力檢查,2010 |  女,itemvalue3,是（欄位說明僅存於新北市統計年報）,68777.0
99,,,,,,,欄位未定義,0.0,,教育,新北市政府主計處,國民中學學生裸視視力檢查,2010 |  計,itemvalue4,是（欄位說明僅存於新北市統計年報）,107851.0
99,,,,,,,欄位未定義,0.0,,教育,新北市政府主計處,國民中學學生裸視視力檢查,2010 |  男,itemvalue4,是（欄位說明僅存於新北市統計年報）,54480.0
99,,,,,,,欄位未定義,0.0,,教育,新北市政府主計處,國民中學學生裸視視力檢查,2010 |  女,itemvalue4,是（欄位說明僅存於新北市統計年報）,53371.0
99,,,,,,,欄位未定義,0.0,,教育,新北市政府主計處,國民中學學生裸視視力檢查,2010 |  計,itemvalue5,是（欄位說明僅存於新北市統計年報）,75.84
99,,,,,,,欄位未定義,0.0,,教育,新北市政府主計處,國民中學學生裸視視力檢查,2010 |  男,itemvalue5,是（欄位說明僅存於新北市統計年報）,74.19
99,,,,,,,欄位未定義,0.0,,教育,新北市政府主計處,國民中學學生裸視視力檢查,2010 |  女,itemvalue5,是（欄位說明僅存於新北市統計年報）,77.6
99,,,,,,,欄位未定義,0.0,,教育,新北市政府主計處,國民中學學生裸視視力檢查,2010 |  計,itemvalue6,是（欄位說明僅存於新北市統計年報）,126582.0
99,,,,,,,欄位未定義,0.0,,教育,新北市政府主計處,國民中學學生裸視視力檢查,2010 |  男,itemvalue6,是（欄位說明僅存於新北市統計年報）,65244.0
99,,,,,,,欄位未定義,0.0,,教育,新北市政府主計處,國民中學學生裸視視力檢查,2010 |  女,itemvalue6,是（欄位說明僅存於新北市統計年報）,61338.0
99,,,,,,,欄位未定義,0.0,,教育,新北市政府主計處,國民中學學生裸視視力檢查,2010 |  計,itemvalue7,是（欄位說明僅存於新北市統計年報）,94915.0
99,,,,,,,欄位未定義,0.0,,教育,新北市政府主計處,國民中學學生裸視視力檢查,2010 |  男,itemvalue7,是（欄位說明僅存於新北市統計年報）,47824.0
99,,,,,,,欄位未定義,0.0,,教育,新北市政府主計處,國民中學學生裸視視力檢查,2010 |  女,itemvalue7,是（欄位說明僅存於新北市統計年報）,47091.0
99,,,,,,,欄位未定義,0.0,,教育,新北市政府主計處,國民中學學生裸視視力檢查,2010 |  計,itemvalue8,是（欄位說明僅存於新北市統計年報）,74.98
99,,,,,,,欄位未定義,0.0,,教育,新北市政府主計處,國民中學學生裸視視力檢查,2010 |  男,itemvalue8,是（欄位說明僅存於新北市統計年報）,73.3
99,,,,,,,欄位未定義,0.0,,教育,新北市政府主計處,國民中學學生裸視視力檢查,2010 |  女,itemvalue8,是（欄位說明僅存於新北市統計年報）,76.77
99,,,,,,,欄位未定義,0.0,,教育,新北市政府主計處,國民中學學生裸視視力檢查,2010 |  計,itemvalue9,是（欄位說明僅存於新北市統計年報）,15627.0
99,,,,,,,欄位未定義,0.0,,教育,新北市政府主計處,國民中學學生裸視視力檢查,2010 |  男,itemvalue9,是（欄位說明僅存於新北市統計年報）,8188.0
99,,,,,,,欄位未定義,0.0,,教育,新北市政府主計處,國民中學學生裸視視力檢查,2010 |  女,itemvalue9,是（欄位說明僅存於新北市統計年報）,7439.0
99,,,,,,,欄位未定義,0.0,,教育,新北市政府主計處,國民中學學生裸視視力檢查,2010 |  計,itemvalue10,是（欄位說明僅存於新北市統計年報）,12936.0
99,,,,,,,欄位未定義,0.0,,教育,新北市政府主計處,國民中學學生裸視視力檢查,2010 |  男,itemvalue10,是（欄位說明僅存於新北市統計年報）,6656.0
99,,,,,,,欄位未定義,0.0,,教育,新北市政府主計處,國民中學學生裸視視力檢查,2010 |  女,itemvalue10,是（欄位說明僅存於新北市統計年報）,6280.0
99,,,,,,,欄位未定義,0.0,,教育,新北市政府主計處,國民中學學生裸視視力檢查,2010 |  計,itemvalue11,是（欄位說明僅存於新北市統計年報）,82.78
99,,,,,,,欄位未定義,0.0,,教育,新北市政府主計處,國民中學學生裸視視力檢查,2010 |  男,itemvalue11,是（欄位說明僅存於新北市統計年報）,81.29
99,,,,,,,欄位未定義,0.0,,教育,新北市政府主計處,國民中學學生裸視視力檢查,2010 |  女,itemvalue11,是（欄位說明僅存於新北市統計年報）,84.42
99,,,,,,,欄位未定義,0.0,,教育,新北市政府主計處,國民中小學中途輟學學生概況,2010,percent2,是（欄位說明僅存於新北市統計年報）,1484.0
99,,,,,,,欄位未定義,0.0,,教育,新北市政府主計處,國民中小學中途輟學學生概況,2010,percent3,是（欄位說明僅存於新北市統計年報）,206.0
99,,,,,,,欄位未定義,0.0,,教育,新北市政府主計處,國民中小學中途輟學學生概況,2010,percent4,是（欄位說明僅存於新北市統計年報）,1278.0
99,,,,,,,欄位未定義,0.0,,教育,新北市政府主計處,國民中小學中途輟學學生概況,2010,percent5,是（欄位說明僅存於新北市統計年報）,842.0
99,,,,,,,欄位未定義,0.0,,教育,新北市政府主計處,國民中小學中途輟學學生概況,2010,percent6,是（欄位說明僅存於新北市統計年報）,120.0
99,,,,,,,欄位未定義,0.0,,教育,新北市政府主計處,國民中小學中途輟學學生概況,2010,percent7,是（欄位說明僅存於新北市統計年報）,722.0
99,,,,,,,欄位未定義,0.0,,教育,新北市政府主計處,國民中小學中途輟學學生概況,2010,percent8,是（欄位說明僅存於新北市統計年報）,642.0
99,,,,,,,欄位未定義,0.0,,教育,新北市政府主計處,國民中小學中途輟學學生概況,2010,percent9,是（欄位說明僅存於新北市統計年報）,86.0
99,,,,,,,欄位未定義,0.0,,教育,新北市政府主計處,國民中小學中途輟學學生概況,2010,percent10,是（欄位說明僅存於新北市統計年報）,556.0
99,,,,,,,欄位未定義,0.0,,教育,新北市政府主計處,國民中小學中途輟學學生概況,2010,percent11,是（欄位說明僅存於新北市統計年報）,0.38
99,,,,,,,欄位未定義,0.0,,教育,新北市政府主計處,國民中小學中途輟學學生概況,2010,percent12,是（欄位說明僅存於新北市統計年報）,0.08
99,,,,,,,欄位未定義,0.0,,教育,新北市政府主計處,國民中小學中途輟學學生概況,2010,percent13,是（欄位說明僅存於新北市統計年報）,0.89
99,,,,,,,欄位未定義,0.0,,教育,新北市政府主計處,國民中小學中途輟學學生概況,2010,percent14,是（欄位說明僅存於新北市統計年報）,79.78
99,,,,,,,欄位未定義,0.0,,教育,新北市政府主計處,國民中小學中途輟學學生概況,2010,percent15,是（欄位說明僅存於新北市統計年報）,82.52
99,,,,,,,欄位未定義,0.0,,教育,新北市政府主計處,國民中小學中途輟學學生概況,2010,percent16,是（欄位說明僅存於新北市統計年報）,79.34
99,,,,,,,欄位未定義,0.0,,教育,新北市政府主計處,國民中小學中途輟學學生概況,2010,percent17,是（欄位說明僅存於新北市統計年報）,141.0
99,,,,,,,欄位未定義,0.0,,教育,新北市政府主計處,國民中小學中途輟學學生概況,2010,percent18,是（欄位說明僅存於新北市統計年報）,32.0
99,,,,,,,欄位未定義,0.0,,教育,新北市政府主計處,國民中小學中途輟學學生概況,2010,percent19,是（欄位說明僅存於新北市統計年報）,109.0
99,,,,,,,欄位未定義,0.0,,教育,新北市政府主計處,國民中小學中途輟學學生概況,2010,percent20,是（欄位說明僅存於新北市統計年報）,69.0
99,,,,,,,欄位未定義,0.0,,教育,新北市政府主計處,國民中小學中途輟學學生概況,2010,percent21,是（欄位說明僅存於新北市統計年報）,19.0
99,,,,,,,欄位未定義,0.0,,教育,新北市政府主計處,國民中小學中途輟學學生概況,2010,percent22,是（欄位說明僅存於新北市統計年報）,50.0
99,,,,,,,欄位未定義,0.0,,教育,新北市政府主計處,國民中小學中途輟學學生概況,2010,percent23,是（欄位說明僅存於新北市統計年報）,72.0
99,,,,,,,欄位未定義,0.0,,教育,新北市政府主計處,國民中小學中途輟學學生概況,2010,percent24,是（欄位說明僅存於新北市統計年報）,13.0
99,,,,,,,欄位未定義,0.0,,教育,新北市政府主計處,國民中小學中途輟學學生概況,2010,percent25,是（欄位說明僅存於新北市統計年報）,59.0
99,,,,,,,欄位未定義,0.0,,教育,新北市政府主計處,國民中小學中途輟學學生概況,2010,percent26,是（欄位說明僅存於新北市統計年報）,1.73
99,,,,,,,欄位未定義,0.0,,教育,新北市政府主計處,國民中小學中途輟學學生概況,2010,percent27,是（欄位說明僅存於新北市統計年報）,0.61
99,,,,,,,欄位未定義,0.0,,教育,新北市政府主計處,國民中小學中途輟學學生概況,2010,percent28,是（欄位說明僅存於新北市統計年報）,3.78
99,,,,,,,欄位未定義,0.0,,教育,新北市政府主計處,國民中小學中途輟學學生概況,2010,percent29,是（欄位說明僅存於新北市統計年報）,77.3
99,,,,,,,欄位未定義,0.0,,教育,新北市政府主計處,國民中小學中途輟學學生概況,2010,percent30,是（欄位說明僅存於新北市統計年報）,81.25
99,,,,,,,欄位未定義,0.0,,教育,新北市政府主計處,國民中小學中途輟學學生概況,2010,percent31,是（欄位說明僅存於新北市統計年報）,76.15
99,,,,,,,欄位未定義,0.0,,教育,新北市政府主計處,國民小學學生裸視視力檢查,2010 |  計,itemvalue3,是（欄位說明僅存於新北市統計年報）,246739.0
99,,,,,,,欄位未定義,0.0,,教育,新北市政府主計處,國民小學學生裸視視力檢查,2010 |  男,itemvalue3,是（欄位說明僅存於新北市統計年報）,129004.0
99,,,,,,,欄位未定義,0.0,,教育,新北市政府主計處,國民小學學生裸視視力檢查,2010 |  女,itemvalue3,是（欄位說明僅存於新北市統計年報）,117735.0
99,,,,,,,欄位未定義,0.0,,教育,新北市政府主計處,國民小學學生裸視視力檢查,2010 |  計,itemvalue4,是（欄位說明僅存於新北市統計年報）,132176.0
99,,,,,,,欄位未定義,0.0,,教育,新北市政府主計處,國民小學學生裸視視力檢查,2010 |  男,itemvalue4,是（欄位說明僅存於新北市統計年報）,67687.0
99,,,,,,,欄位未定義,0.0,,教育,新北市政府主計處,國民小學學生裸視視力檢查,2010 |  女,itemvalue4,是（欄位說明僅存於新北市統計年報）,64489.0
99,,,,,,,欄位未定義,0.0,,教育,新北市政府主計處,國民小學學生裸視視力檢查,2010 |  計,itemvalue5,是（欄位說明僅存於新北市統計年報）,53.57
99,,,,,,,欄位未定義,0.0,,教育,新北市政府主計處,國民小學學生裸視視力檢查,2010 |  男,itemvalue5,是（欄位說明僅存於新北市統計年報）,52.47
99,,,,,,,欄位未定義,0.0,,教育,新北市政府主計處,國民小學學生裸視視力檢查,2010 |  女,itemvalue5,是（欄位說明僅存於新北市統計年報）,54.77
99,,,,,,,欄位未定義,0.0,,教育,新北市政府主計處,國民小學學生裸視視力檢查,2010 |  計,itemvalue6,是（欄位說明僅存於新北市統計年報）,240470.0
99,,,,,,,欄位未定義,0.0,,教育,新北市政府主計處,國民小學學生裸視視力檢查,2010 |  男,itemvalue6,是（欄位說明僅存於新北市統計年報）,125689.0
99,,,,,,,欄位未定義,0.0,,教育,新北市政府主計處,國民小學學生裸視視力檢查,2010 |  女,itemvalue6,是（欄位說明僅存於新北市統計年報）,114781.0
99,,,,,,,欄位未定義,0.0,,教育,新北市政府主計處,國民小學學生裸視視力檢查,2010 |  計,itemvalue7,是（欄位說明僅存於新北市統計年報）,128732.0
99,,,,,,,欄位未定義,0.0,,教育,新北市政府主計處,國民小學學生裸視視力檢查,2010 |  男,itemvalue7,是（欄位說明僅存於新北市統計年報）,65902.0
99,,,,,,,欄位未定義,0.0,,教育,新北市政府主計處,國民小學學生裸視視力檢查,2010 |  女,itemvalue7,是（欄位說明僅存於新北市統計年報）,62830.0
99,,,,,,,欄位未定義,0.0,,教育,新北市政府主計處,國民小學學生裸視視力檢查,2010 |  計,itemvalue8,是（欄位說明僅存於新北市統計年報）,53.53
99,,,,,,,欄位未定義,0.0,,教育,新北市政府主計處,國民小學學生裸視視力檢查,2010 |  男,itemvalue8,是（欄位說明僅存於新北市統計年報）,52.43
99,,,,,,,欄位未定義,0.0,,教育,新北市政府主計處,國民小學學生裸視視力檢查,2010 |  女,itemvalue8,是（欄位說明僅存於新北市統計年報）,54.74
99,,,,,,,欄位未定義,0.0,,教育,新北市政府主計處,國民小學學生裸視視力檢查,2010 |  計,itemvalue9,是（欄位說明僅存於新北市統計年報）,6269.0
99,,,,,,,欄位未定義,0.0,,教育,新北市政府主計處,國民小學學生裸視視力檢查,2010 |  男,itemvalue9,是（欄位說明僅存於新北市統計年報）,3315.0
99,,,,,,,欄位未定義,0.0,,教育,新北市政府主計處,國民小學學生裸視視力檢查,2010 |  女,itemvalue9,是（欄位說明僅存於新北市統計年報）,2954.0
99,,,,,,,欄位未定義,0.0,,教育,新北市政府主計處,國民小學學生裸視視力檢查,2010 |  計,itemvalue10,是（欄位說明僅存於新北市統計年報）,3444.0
99,,,,,,,欄位未定義,0.0,,教育,新北市政府主計處,國民小學學生裸視視力檢查,2010 |  男,itemvalue10,是（欄位說明僅存於新北市統計年報）,1785.0
99,,,,,,,欄位未定義,0.0,,教育,新北市政府主計處,國民小學學生裸視視力檢查,2010 |  女,itemvalue10,是（欄位說明僅存於新北市統計年報）,1659.0
99,,,,,,,欄位未定義,0.0,,教育,新北市政府主計處,國民小學學生裸視視力檢查,2010 |  計,itemvalue11,是（欄位說明僅存於新北市統計年報）,54.94
99,,,,,,,欄位未定義,0.0,,教育,新北市政府主計處,國民小學學生裸視視力檢查,2010 |  男,itemvalue11,是（欄位說明僅存於新北市統計年報）,53.85
99,,,,,,,欄位未定義,0.0,,教育,新北市政府主計處,國民小學學生裸視視力檢查,2010 |  女,itemvalue11,是（欄位說明僅存於新北市統計年報）,56.16
99,,,,,,,欄位未定義,0.0,,教育,新北市政府主計處,境內高等教育概況(大學),2010,percent2,是（欄位說明僅存於新北市統計年報）,17.0
99,,,,,,,欄位未定義,0.0,,教育,新北市政府主計處,境內高等教育概況(大學),2010,percent3,是（欄位說明僅存於新北市統計年報）,864.0
99,,,,,,,欄位未定義,0.0,,教育,新北市政府主計處,境內高等教育概況(大學),2010,percent4,是（欄位說明僅存於新北市統計年報）,2907.0
99,,,,,,,欄位未定義,0.0,,教育,新北市政府主計處,境內高等教育概況(大學),2010,percent5,是（欄位說明僅存於新北市統計年報）,669.0
99,,,,,,,欄位未定義,0.0,,教育,新北市政府主計處,境內高等教育概況(大學),2010,percent6,是（欄位說明僅存於新北市統計年報）,7597.0
99,,,,,,,欄位未定義,0.0,,教育,新北市政府主計處,境內高等教育概況(大學),2010,percent7,是（欄位說明僅存於新北市統計年報）,4053.0
99,,,,,,,欄位未定義,0.0,,教育,新北市政府主計處,境內高等教育概況(大學),2010,percent8,是（欄位說明僅存於新北市統計年報）,3544.0
99,,,,,,,欄位未定義,0.0,,教育,新北市政府主計處,境內高等教育概況(大學),2010,percent9,是（欄位說明僅存於新北市統計年報）,4901.0
99,,,,,,,欄位未定義,0.0,,教育,新北市政府主計處,境內高等教育概況(大學),2010,percent10,是（欄位說明僅存於新北市統計年報）,3242.0
99,,,,,,,欄位未定義,0.0,,教育,新北市政府主計處,境內高等教育概況(大學),2010,percent11,是（欄位說明僅存於新北市統計年報）,1659.0
99,,,,,,,欄位未定義,0.0,,教育,新北市政府主計處,境內高等教育概況(大學),2010,percent12,是（欄位說明僅存於新北市統計年報）,2696.0
99,,,,,,,欄位未定義,0.0,,教育,新北市政府主計處,境內高等教育概況(大學),2010,percent13,是（欄位說明僅存於新北市統計年報）,811.0
99,,,,,,,欄位未定義,0.0,,教育,新北市政府主計處,境內高等教育概況(大學),2010,percent14,是（欄位說明僅存於新北市統計年報）,1885.0
99,,,,,,,欄位未定義,0.0,,教育,新北市政府主計處,境內高等教育概況(大學),2010,percent15,是（欄位說明僅存於新北市統計年報）,138806.0
99,,,,,,,欄位未定義,0.0,,教育,新北市政府主計處,境內高等教育概況(大學),2010,percent16,是（欄位說明僅存於新北市統計年報）,70671.0
99,,,,,,,欄位未定義,0.0,,教育,新北市政府主計處,境內高等教育概況(大學),2010,percent17,是（欄位說明僅存於新北市統計年報）,68135.0
99,,,,,,,欄位未定義,0.0,,教育,新北市政府主計處,境內高等教育概況(大學),2010,percent18,是（欄位說明僅存於新北市統計年報）,17229.0
99,,,,,,,欄位未定義,0.0,,教育,新北市政府主計處,境內高等教育概況(大學),2010,percent19,是（欄位說明僅存於新北市統計年報）,16412.0
99,,,,,,,欄位未定義,0.0,,教育,新北市政府主計處,境內高等教育概況(大學),2010,percent20,是（欄位說明僅存於新北市統計年報）,16563.0
99,,,,,,,欄位未定義,0.0,,教育,新北市政府主計處,境內高等教育概況(大學),2010,percent21,是（欄位說明僅存於新北市統計年報）,15684.0
99,,,,,,,欄位未定義,0.0,,教育,新北市政府主計處,境內高等教育概況(大學),2010,percent22,是（欄位說明僅存於新北市統計年報）,16476.0
99,,,,,,,欄位未定義,0.0,,教育,新北市政府主計處,境內高等教育概況(大學),2010,percent23,是（欄位說明僅存於新北市統計年報）,16698.0
99,,,,,,,欄位未定義,0.0,,教育,新北市政府主計處,境內高等教育概況(大學),2010,percent24,是（欄位說明僅存於新北市統計年報）,15141.0
99,,,,,,,欄位未定義,0.0,,教育,新北市政府主計處,境內高等教育概況(大學),2010,percent25,是（欄位說明僅存於新北市統計年報）,16242.0
99,,,,,,,欄位未定義,0.0,,教育,新北市政府主計處,境內高等教育概況(大學),2010,percent26,是（欄位說明僅存於新北市統計年報）,1051.0
99,,,,,,,欄位未定義,0.0,,教育,新北市政府主計處,境內高等教育概況(大學),2010,percent27,是（欄位說明僅存於新北市統計年報）,807.0
99,,,,,,,欄位未定義,0.0,,教育,新北市政府主計處,境內高等教育概況(大學),2010,percent28,是（欄位說明僅存於新北市統計年報）,63.0
99,,,,,,,欄位未定義,0.0,,教育,新北市政府主計處,境內高等教育概況(大學),2010,percent29,是（欄位說明僅存於新北市統計年報）,15.0
99,,,,,,,欄位未定義,0.0,,教育,新北市政府主計處,境內高等教育概況(大學),2010,percent30,是（欄位說明僅存於新北市統計年報）,27.0
99,,,,,,,欄位未定義,0.0,,教育,新北市政府主計處,境內高等教育概況(大學),2010,percent31,是（欄位說明僅存於新北市統計年報）,16.0
99,,,,,,,欄位未定義,0.0,,教育,新北市政府主計處,境內高等教育概況(大學),2010,percent32,是（欄位說明僅存於新北市統計年報）,4121.0
99,,,,,,,欄位未定義,0.0,,教育,新北市政府主計處,境內高等教育概況(大學),2010,percent33,是（欄位說明僅存於新北市統計年報）,2261.0
99,,,,,,,欄位未定義,0.0,,教育,新北市政府主計處,境內高等教育概況(大學),2010,percent34,是（欄位說明僅存於新北市統計年報）,14574.0
99,,,,,,,欄位未定義,0.0,,教育,新北市政府主計處,境內高等教育概況(大學),2010,percent35,是（欄位說明僅存於新北市統計年報）,8001.0
99,,,,,,,欄位未定義,0.0,,教育,新北市政府主計處,境內高等教育概況(大學),2010,percent36,是（欄位說明僅存於新北市統計年報）,6573.0
99,,,,,,,欄位未定義,0.0,,教育,新北市政府主計處,境內高等教育概況(大學),2010,percent37,是（欄位說明僅存於新北市統計年報）,7215.0
99,,,,,,,欄位未定義,0.0,,教育,新北市政府主計處,境內高等教育概況(大學),2010,percent38,是（欄位說明僅存於新北市統計年報）,6104.0
99,,,,,,,欄位未定義,0.0,,教育,新北市政府主計處,境內高等教育概況(大學),2010,percent39,是（欄位說明僅存於新北市統計年報）,786.0
99,,,,,,,欄位未定義,0.0,,教育,新北市政府主計處,境內高等教育概況(大學),2010,percent40,是（欄位說明僅存於新北市統計年報）,469.0
99,,,,,,,欄位未定義,0.0,,教育,新北市政府主計處,境內高等教育概況(大學),2010,percent41,是（欄位說明僅存於新北市統計年報）,35685.0
99,,,,,,,欄位未定義,0.0,,教育,新北市政府主計處,境內高等教育概況(大學),2010,percent42,是（欄位說明僅存於新北市統計年報）,0.0
99,,,,,,,欄位未定義,0.0,,教育,新北市政府主計處,境內高等教育概況(大學),2010,percent43,是（欄位說明僅存於新北市統計年報）,0.0
99,,,,,,,欄位未定義,0.0,,教育,新北市政府主計處,境內高等教育概況(專科),2010,itemvalue2,是（欄位說明僅存於新北市統計年報）,1.0
99,,,,,,,欄位未定義,0.0,,教育,新北市政府主計處,境內高等教育概況(專科),2010,itemvalue3,是（欄位說明僅存於新北市統計年報）,12.0
99,,,,,,,欄位未定義,0.0,,教育,新北市政府主計處,境內高等教育概況(專科),2010,itemvalue4,是（欄位說明僅存於新北市統計年報）,83.0
99,,,,,,,欄位未定義,0.0,,教育,新北市政府主計處,境內高等教育概況(專科),2010,itemvalue5,是（欄位說明僅存於新北市統計年報）,199.0
99,,,,,,,欄位未定義,0.0,,教育,新北市政府主計處,境內高等教育概況(專科),2010,itemvalue6,是（欄位說明僅存於新北市統計年報）,50.0
99,,,,,,,欄位未定義,0.0,,教育,新北市政府主計處,境內高等教育概況(專科),2010,itemvalue7,是（欄位說明僅存於新北市統計年報）,149.0
99,,,,,,,欄位未定義,0.0,,教育,新北市政府主計處,境內高等教育概況(專科),2010,itemvalue8,是（欄位說明僅存於新北市統計年報）,126.0
99,,,,,,,欄位未定義,0.0,,教育,新北市政府主計處,境內高等教育概況(專科),2010,itemvalue9,是（欄位說明僅存於新北市統計年報）,27.0
99,,,,,,,欄位未定義,0.0,,教育,新北市政府主計處,境內高等教育概況(專科),2010,itemvalue10,是（欄位說明僅存於新北市統計年報）,99.0
99,,,,,,,欄位未定義,0.0,,教育,新北市政府主計處,境內高等教育概況(專科),2010,itemvalue11,是（欄位說明僅存於新北市統計年報）,73.0
99,,,,,,,欄位未定義,0.0,,教育,新北市政府主計處,境內高等教育概況(專科),2010,itemvalue12,是（欄位說明僅存於新北市統計年報）,23.0
99,,,,,,,欄位未定義,0.0,,教育,新北市政府主計處,境內高等教育概況(專科),2010,itemvalue13,是（欄位說明僅存於新北市統計年報）,50.0
99,,,,,,,欄位未定義,0.0,,教育,新北市政府主計處,境內高等教育概況(專科),2010,itemvalue14,是（欄位說明僅存於新北市統計年報）,3782.0
99,,,,,,,欄位未定義,0.0,,教育,新北市政府主計處,境內高等教育概況(專科),2010,itemvalue15,是（欄位說明僅存於新北市統計年報）,284.0
99,,,,,,,欄位未定義,0.0,,教育,新北市政府主計處,境內高等教育概況(專科),2010,itemvalue16,是（欄位說明僅存於新北市統計年報）,3498.0
99,,,,,,,欄位未定義,0.0,,教育,新北市政府主計處,境內高等教育概況(專科),2010,itemvalue17,是（欄位說明僅存於新北市統計年報）,92.0
99,,,,,,,欄位未定義,0.0,,教育,新北市政府主計處,境內高等教育概況(專科),2010,itemvalue18,是（欄位說明僅存於新北市統計年報）,1055.0
99,,,,,,,欄位未定義,0.0,,教育,新北市政府主計處,境內高等教育概況(專科),2010,itemvalue19,是（欄位說明僅存於新北市統計年報）,102.0
99,,,,,,,欄位未定義,0.0,,教育,新北市政府主計處,境內高等教育概況(專科),2010,itemvalue20,是（欄位說明僅存於新北市統計年報）,981.0
99,,,,,,,欄位未定義,0.0,,教育,新北市政府主計處,境內高等教育概況(專科),2010,itemvalue21,是（欄位說明僅存於新北市統計年報）,74.0
99,,,,,,,欄位未定義,0.0,,教育,新北市政府主計處,境內高等教育概況(專科),2010,itemvalue22,是（欄位說明僅存於新北市統計年報）,735.0
99,,,,,,,欄位未定義,0.0,,教育,新北市政府主計處,境內高等教育概況(專科),2010,itemvalue23,是（欄位說明僅存於新北市統計年報）,14.0
99,,,,,,,欄位未定義,0.0,,教育,新北市政府主計處,境內高等教育概況(專科),2010,itemvalue24,是（欄位說明僅存於新北市統計年報）,357.0
99,,,,,,,欄位未定義,0.0,,教育,新北市政府主計處,境內高等教育概況(專科),2010,itemvalue25,是（欄位說明僅存於新北市統計年報）,0.0
99,,,,,,,欄位未定義,0.0,,教育,新北市政府主計處,境內高等教育概況(專科),2010,itemvalue26,是（欄位說明僅存於新北市統計年報）,294.0
99,,,,,,,欄位未定義,0.0,,教育,新北市政府主計處,境內高等教育概況(專科),2010,itemvalue27,是（欄位說明僅存於新北市統計年報）,2.0
99,,,,,,,欄位未定義,0.0,,教育,新北市政府主計處,境內高等教育概況(專科),2010,itemvalue28,是（欄位說明僅存於新北市統計年報）,76.0
99,,,,,,,欄位未定義,0.0,,教育,新北市政府主計處,境內高等教育概況(專科),2010,itemvalue29,是（欄位說明僅存於新北市統計年報）,558.0
99,,,,,,,欄位未定義,0.0,,教育,新北市政府主計處,境內高等教育概況(專科),2010,itemvalue30,是（欄位說明僅存於新北市統計年報）,0.0
99,,,,,,,欄位未定義,0.0,,教育,新北市政府主計處,境內高等教育概況(專科),2010,itemvalue31,是（欄位說明僅存於新北市統計年報）,0.0
99,,,,,,,欄位未定義,0.0,,教育,新北市政府主計處,境內高級中等學校教育概況(102學年度以前),2010,item value2,是（欄位說明僅存於新北市統計年報）,39.0
99,,,,,,,欄位未定義,0.0,,教育,新北市政府主計處,境內高級中等學校教育概況(102學年度以前),2010,item value3,是（欄位說明僅存於新北市統計年報）,4988.0
99,,,,,,,欄位未定義,0.0,,教育,新北市政府主計處,境內高級中等學校教育概況(102學年度以前),2010,item value4,是（欄位說明僅存於新北市統計年報）,1790.0
99,,,,,,,欄位未定義,0.0,,教育,新北市政府主計處,境內高級中等學校教育概況(102學年度以前),2010,item value5,是（欄位說明僅存於新北市統計年報）,3198.0
99,,,,,,,欄位未定義,0.0,,教育,新北市政府主計處,境內高級中等學校教育概況(102學年度以前),2010,item value6,是（欄位說明僅存於新北市統計年報）,772.0
99,,,,,,,欄位未定義,0.0,,教育,新北市政府主計處,境內高級中等學校教育概況(102學年度以前),2010,item value7,是（欄位說明僅存於新北市統計年報）,198.0
99,,,,,,,欄位未定義,0.0,,教育,新北市政府主計處,境內高級中等學校教育概況(102學年度以前),2010,item value8,是（欄位說明僅存於新北市統計年報）,574.0
99,,,,,,,欄位未定義,0.0,,教育,新北市政府主計處,境內高級中等學校教育概況(102學年度以前),2010,item value9,是（欄位說明僅存於新北市統計年報）,1118.0
99,,,,,,,欄位未定義,0.0,,教育,新北市政府主計處,境內高級中等學校教育概況(102學年度以前),2010,item value10,是（欄位說明僅存於新北市統計年報）,376.0
99,,,,,,,欄位未定義,0.0,,教育,新北市政府主計處,境內高級中等學校教育概況(102學年度以前),2010,item value11,是（欄位說明僅存於新北市統計年報）,375.0
99,,,,,,,欄位未定義,0.0,,教育,新北市政府主計處,境內高級中等學校教育概況(102學年度以前),2010,item value12,是（欄位說明僅存於新北市統計年報）,367.0
99,,,,,,,欄位未定義,0.0,,教育,新北市政府主計處,境內高級中等學校教育概況(102學年度以前),2010,item value13,是（欄位說明僅存於新北市統計年報）,0.0
99,,,,,,,欄位未定義,0.0,,教育,新北市政府主計處,境內高級中等學校教育概況(102學年度以前),2010,item value14,是（欄位說明僅存於新北市統計年報）,44842.0
99,,,,,,,欄位未定義,0.0,,教育,新北市政府主計處,境內高級中等學校教育概況(102學年度以前),2010,item value15,是（欄位說明僅存於新北市統計年報）,22668.0
99,,,,,,,欄位未定義,0.0,,教育,新北市政府主計處,境內高級中等學校教育概況(102學年度以前),2010,item value16,是（欄位說明僅存於新北市統計年報）,22174.0
99,,,,,,,欄位未定義,0.0,,教育,新北市政府主計處,境內高級中等學校教育概況(102學年度以前),2010,item value17,是（欄位說明僅存於新北市統計年報）,7680.0
99,,,,,,,欄位未定義,0.0,,教育,新北市政府主計處,境內高級中等學校教育概況(102學年度以前),2010,item value18,是（欄位說明僅存於新北市統計年報）,7695.0
99,,,,,,,欄位未定義,0.0,,教育,新北市政府主計處,境內高級中等學校教育概況(102學年度以前),2010,item value19,是（欄位說明僅存於新北市統計年報）,7616.0
99,,,,,,,欄位未定義,0.0,,教育,新北市政府主計處,境內高級中等學校教育概況(102學年度以前),2010,item value20,是（欄位說明僅存於新北市統計年報）,7334.0
99,,,,,,,欄位未定義,0.0,,教育,新北市政府主計處,境內高級中等學校教育概況(102學年度以前),2010,item value21,是（欄位說明僅存於新北市統計年報）,7362.0
99,,,,,,,欄位未定義,0.0,,教育,新北市政府主計處,境內高級中等學校教育概況(102學年度以前),2010,item value22,是（欄位說明僅存於新北市統計年報）,7142.0
99,,,,,,,欄位未定義,0.0,,教育,新北市政府主計處,境內高級中等學校教育概況(102學年度以前),2010,item value23,是（欄位說明僅存於新北市統計年報）,0.0
99,,,,,,,欄位未定義,0.0,,教育,新北市政府主計處,境內高級中等學校教育概況(102學年度以前),2010,item value24,是（欄位說明僅存於新北市統計年報）,0.0
99,,,,,,,欄位未定義,0.0,,教育,新北市政府主計處,境內高級中等學校教育概況(102學年度以前),2010,item value25,是（欄位說明僅存於新北市統計年報）,10.0
99,,,,,,,欄位未定義,0.0,,教育,新北市政府主計處,境內高級中等學校教育概況(102學年度以前),2010,item value26,是（欄位說明僅存於新北市統計年報）,3.0
99,,,,,,,欄位未定義,0.0,,教育,新北市政府主計處,境內高級中等學校教育概況(102學年度以前),2010,item value27,是（欄位說明僅存於新北市統計年報）,13867.0
99,,,,,,,欄位未定義,0.0,,教育,新北市政府主計處,境內高級中等學校教育概況(102學年度以前),2010,item value28,是（欄位說明僅存於新北市統計年報）,6971.0
99,,,,,,,欄位未定義,0.0,,教育,新北市政府主計處,境內高級中等學校教育概況(102學年度以前),2010,item value29,是（欄位說明僅存於新北市統計年報）,6896.0
99,,,,,,,欄位未定義,0.0,,教育,新北市政府主計處,境內高級中等學校教育概況(102學年度以前),2010,item value30,是（欄位說明僅存於新北市統計年報）,16.0
99,,,,,,,欄位未定義,0.0,,教育,新北市政府主計處,境內高級中等學校教育概況(102學年度以前),2010,item value31,是（欄位說明僅存於新北市統計年報）,1760.0
99,,,,,,,欄位未定義,0.0,,教育,新北市政府主計處,境內高級中等學校教育概況(102學年度以前),2010,item value32,是（欄位說明僅存於新北市統計年報）,772.0
99,,,,,,,欄位未定義,0.0,,教育,新北市政府主計處,境內高級中等學校教育概況(102學年度以前),2010,item value33,是（欄位說明僅存於新北市統計年報）,988.0
99,,,,,,,欄位未定義,0.0,,教育,新北市政府主計處,境內高級中等學校教育概況(102學年度以前),2010,item value34,是（欄位說明僅存於新北市統計年報）,421.0
99,,,,,,,欄位未定義,0.0,,教育,新北市政府主計處,境內高級中等學校教育概況(102學年度以前),2010,item value35,是（欄位說明僅存於新北市統計年報）,141.0
99,,,,,,,欄位未定義,0.0,,教育,新北市政府主計處,境內高級中等學校教育概況(102學年度以前),2010,item value36,是（欄位說明僅存於新北市統計年報）,280.0
99,,,,,,,欄位未定義,0.0,,教育,新北市政府主計處,境內高級中等學校教育概況(102學年度以前),2010,item value37,是（欄位說明僅存於新北市統計年報）,1048.0
99,,,,,,,欄位未定義,0.0,,教育,新北市政府主計處,境內高級中等學校教育概況(102學年度以前),2010,item value38,是（欄位說明僅存於新北市統計年報）,354.0
99,,,,,,,欄位未定義,0.0,,教育,新北市政府主計處,境內高級中等學校教育概況(102學年度以前),2010,item value39,是（欄位說明僅存於新北市統計年報）,344.0
99,,,,,,,欄位未定義,0.0,,教育,新北市政府主計處,境內高級中等學校教育概況(102學年度以前),2010,item value40,是（欄位說明僅存於新北市統計年報）,345.0
99,,,,,,,欄位未定義,0.0,,教育,新北市政府主計處,境內高級中等學校教育概況(102學年度以前),2010,item value41,是（欄位說明僅存於新北市統計年報）,5.0
99,,,,,,,欄位未定義,0.0,,教育,新北市政府主計處,境內高級中等學校教育概況(102學年度以前),2010,item value42,是（欄位說明僅存於新北市統計年報）,45786.0
99,,,,,,,欄位未定義,0.0,,教育,新北市政府主計處,境內高級中等學校教育概況(102學年度以前),2010,item value43,是（欄位說明僅存於新北市統計年報）,24944.0
99,,,,,,,欄位未定義,0.0,,教育,新北市政府主計處,境內高級中等學校教育概況(102學年度以前),2010,item value44,是（欄位說明僅存於新北市統計年報）,20842.0
99,,,,,,,欄位未定義,0.0,,教育,新北市政府主計處,境內高級中等學校教育概況(102學年度以前),2010,item value45,是（欄位說明僅存於新北市統計年報）,9090.0
99,,,,,,,欄位未定義,0.0,,教育,新北市政府主計處,境內高級中等學校教育概況(102學年度以前),2010,item value46,是（欄位說明僅存於新北市統計年報）,7284.0
99,,,,,,,欄位未定義,0.0,,教育,新北市政府主計處,境內高級中等學校教育概況(102學年度以前),2010,item value47,是（欄位說明僅存於新北市統計年報）,7963.0
99,,,,,,,欄位未定義,0.0,,教育,新北市政府主計處,境內高級中等學校教育概況(102學年度以前),2010,item value48,是（欄位說明僅存於新北市統計年報）,6729.0
99,,,,,,,欄位未定義,0.0,,教育,新北市政府主計處,境內高級中等學校教育概況(102學年度以前),2010,item value49,是（欄位說明僅存於新北市統計年報）,7764.0
99,,,,,,,欄位未定義,0.0,,教育,新北市政府主計處,境內高級中等學校教育概況(102學年度以前),2010,item value50,是（欄位說明僅存於新北市統計年報）,6737.0
99,,,,,,,欄位未定義,0.0,,教育,新北市政府主計處,境內高級中等學校教育概況(102學年度以前),2010,item value51,是（欄位說明僅存於新北市統計年報）,77.0
99,,,,,,,欄位未定義,0.0,,教育,新北市政府主計處,境內高級中等學校教育概況(102學年度以前),2010,item value52,是（欄位說明僅存於新北市統計年報）,83.0
99,,,,,,,欄位未定義,0.0,,教育,新北市政府主計處,境內高級中等學校教育概況(102學年度以前),2010,item value53,是（欄位說明僅存於新北市統計年報）,50.0
99,,,,,,,欄位未定義,0.0,,教育,新北市政府主計處,境內高級中等學校教育概況(102學年度以前),2010,item value54,是（欄位說明僅存於新北市統計年報）,9.0
99,,,,,,,欄位未定義,0.0,,教育,新北市政府主計處,境內高級中等學校教育概況(102學年度以前),2010,item value55,是（欄位說明僅存於新北市統計年報）,13324.0
99,,,,,,,欄位未定義,0.0,,教育,新北市政府主計處,境內高級中等學校教育概況(102學年度以前),2010,item value56,是（欄位說明僅存於新北市統計年報）,6929.0
99,,,,,,,欄位未定義,0.0,,教育,新北市政府主計處,境內高級中等學校教育概況(102學年度以前),2010,item value57,是（欄位說明僅存於新北市統計年報）,6395.0
99,,,,,,,欄位未定義,0.0,,教育,新北市政府主計處,失業率—教育程度別,2010,item value2,是（欄位說明僅存於新北市統計年報）,5.9
99,,,,,,,欄位未定義,0.0,,教育,新北市政府主計處,失業率—教育程度別,2010,item value3,是（欄位說明僅存於新北市統計年報）,4.4
99,,,,,,,欄位未定義,0.0,,教育,新北市政府主計處,失業率—教育程度別,2010,item value4,是（欄位說明僅存於新北市統計年報）,3.9
99,,,,,,,欄位未定義,0.0,,教育,新北市政府主計處,失業率—教育程度別,2010,item value5,是（欄位說明僅存於新北市統計年報）,2.0
99,,,,,,,欄位未定義,0.0,,教育,新北市政府主計處,失業率—教育程度別,2010,item value6,是（欄位說明僅存於新北市統計年報）,6.4
99,,,,,,,欄位未定義,0.0,,教育,新北市政府主計處,失業率—教育程度別,2010,item value7,是（欄位說明僅存於新北市統計年報）,4.3
99,,,,,,,欄位未定義,0.0,,教育,新北市政府主計處,失業率—教育程度別,2010,item value8,是（欄位說明僅存於新北市統計年報）,6.5
99,,,,,,,欄位未定義,0.0,,教育,新北市政府主計處,失業率—教育程度別,2010,item value9,是（欄位說明僅存於新北市統計年報）,4.7
99,,,,,,,欄位未定義,0.0,,教育,新北市政府主計處,失業率—教育程度別,2010,item value10,是（欄位說明僅存於新北市統計年報）,6.2
99,,,,,,,欄位未定義,0.0,,教育,新北市政府主計處,失業率—教育程度別,2010,item value11,是（欄位說明僅存於新北市統計年報）,4.9
99,,,,,,,欄位未定義,0.0,,教育,新北市政府主計處,失業率—教育程度別,2010,item value12,是（欄位說明僅存於新北市統計年報）,6.7
99,,,,,,,欄位未定義,0.0,,教育,新北市政府主計處,失業率—教育程度別,2010,item value13,是（欄位說明僅存於新北市統計年報）,4.6
99,,,,,,,欄位未定義,0.0,,教育,新北市政府主計處,失業率—教育程度別,2010,item value14,是（欄位說明僅存於新北市統計年報）,5.5
99,,,,,,,欄位未定義,0.0,,教育,新北市政府主計處,失業率—教育程度別,2010,item value15,是（欄位說明僅存於新北市統計年報）,4.0
99,,,,,,,欄位未定義,0.0,,教育,新北市政府主計處,失業率—教育程度別,2010,item value16,是（欄位說明僅存於新北市統計年報）,5.5
99,,,,,,,欄位未定義,0.0,,教育,新北市政府主計處,失業率—教育程度別,2010,item value17,是（欄位說明僅存於新北市統計年報）,5.1
99,,,,,,,欄位未定義,0.0,,教育,新北市政府主計處,失業率—教育程度別,2010,item value18,是（欄位說明僅存於新北市統計年報）,0.0
99,,,,,,,欄位未定義,0.0,,教育,新北市政府主計處,失業率—教育程度別,2010,item value19,是（欄位說明僅存於新北市統計年報）,0.0
99,,,,,,,欄位未定義,0.0,,教育,新北市政府主計處,學校教育,2010,itemvalue2,是（欄位說明僅存於新北市統計年報）,12449.0
99,,,,,,,欄位未定義,0.0,,教育,新北市政府主計處,學校教育,2010,itemvalue3,是（欄位說明僅存於新北市統計年報）,34.0685804986
99,,,,,,,欄位未定義,0.0,,教育,新北市政府主計處,學校教育,2010,itemvalue4,是（欄位說明僅存於新北市統計年報）,24092.0
99,,,,,,,欄位未定義,0.0,,教育,新北市政府主計處,學校教育,2010,itemvalue5,是（欄位說明僅存於新北市統計年報）,65.9314195014
99,,,,,,,欄位未定義,0.0,,教育,新北市政府主計處,學校教育,2010,itemvalue6,是（欄位說明僅存於新北市統計年報）,341729.0
99,,,,,,,欄位未定義,0.0,,教育,新北市政府主計處,學校教育,2010,itemvalue7,是（欄位說明僅存於新北市統計年報）,51.668929605
99,,,,,,,欄位未定義,0.0,,教育,新北市政府主計處,學校教育,2010,itemvalue8,是（欄位說明僅存於新北市統計年報）,319653.0
99,,,,,,,欄位未定義,0.0,,教育,新北市政府主計處,學校教育,2010,itemvalue9,是（欄位說明僅存於新北市統計年報）,48.331070395
99,,,,,,,欄位未定義,0.0,,教育,新北市政府主計處,就業者教育程度結構,2010,percent2,是（欄位說明僅存於新北市統計年報）,7.82
99,,,,,,,欄位未定義,0.0,,教育,新北市政府主計處,就業者教育程度結構,2010,percent3,是（欄位說明僅存於新北市統計年報）,7.51
99,,,,,,,欄位未定義,0.0,,教育,新北市政府主計處,就業者教育程度結構,2010,percent4,是（欄位說明僅存於新北市統計年報）,16.95
99,,,,,,,欄位未定義,0.0,,教育,新北市政府主計處,就業者教育程度結構,2010,percent5,是（欄位說明僅存於新北市統計年報）,9.26
99,,,,,,,欄位未定義,0.0,,教育,新北市政府主計處,就業者教育程度結構,2010,percent6,是（欄位說明僅存於新北市統計年報）,33.2998996991
99,,,,,,,欄位未定義,0.0,,教育,新北市政府主計處,就業者教育程度結構,2010,percent7,是（欄位說明僅存於新北市統計年報）,35.4192740926
99,,,,,,,欄位未定義,0.0,,教育,新北市政府主計處,就業者教育程度結構,2010,percent8,是（欄位說明僅存於新北市統計年報）,10.23
99,,,,,,,欄位未定義,0.0,,教育,新北市政府主計處,就業者教育程度結構,2010,percent9,是（欄位說明僅存於新北市統計年報）,7.76
99,,,,,,,欄位未定義,0.0,,教育,新北市政府主計處,就業者教育程度結構,2010,percent10,是（欄位說明僅存於新北市統計年報）,23.07
99,,,,,,,欄位未定義,0.0,,教育,新北市政府主計處,就業者教育程度結構,2010,percent11,是（欄位說明僅存於新北市統計年報）,27.66
99,,,,,,,欄位未定義,0.0,,教育,新北市政府主計處,就業者教育程度結構,2010,percent12,是（欄位說明僅存於新北市統計年報）,17.65
99,,,,,,,欄位未定義,0.0,,教育,新北市政府主計處,就業者教育程度結構,2010,percent13,是（欄位說明僅存於新北市統計年報）,20.03
99,,,,,,,欄位未定義,0.0,,教育,新北市政府主計處,就業者教育程度結構,2010,percent14,是（欄位說明僅存於新北市統計年報）,24.27
99,,,,,,,欄位未定義,0.0,,教育,新北市政府主計處,就業者教育程度結構,2010,percent15,是（欄位說明僅存於新北市統計年報）,27.66
99,,,,,,,欄位未定義,0.0,,教育,新北市政府主計處,就業者教育程度結構,2010,percent16,是（欄位說明僅存於新北市統計年報）,0.0
99,,,,,,,欄位未定義,0.0,,教育,新北市政府主計處,就業者教育程度結構,2010,percent17,是（欄位說明僅存於新北市統計年報）,0.0
99,,,,,,,欄位未定義,0.0,,教育,新北市政府主計處,幼兒托育,2010,itemvalue2,是（欄位說明僅存於新北市統計年報）,43099.0
99,,,,,,,欄位未定義,0.0,,教育,新北市政府主計處,幼兒托育,2010,itemvalue3,是（欄位說明僅存於新北市統計年報）,124529.6706586826
99,,,,,,,欄位未定義,0.0,,教育,新北市政府主計處,幼兒托育,2010,itemvalue4,是（欄位說明僅存於新北市統計年報）,10.0
99,,,,,,,欄位未定義,0.0,,教育,新北市政府主計處,幼兒托育,2010,itemvalue5,是（欄位說明僅存於新北市統計年報）,968.0
99,,,,,,,欄位未定義,0.0,,教育,新北市政府主計處,幼兒（稚）園教育,2010,percent2,是（欄位說明僅存於新北市統計年報）,14.0
99,,,,,,,欄位未定義,0.0,,教育,新北市政府主計處,幼兒（稚）園教育,2010,percent3,是（欄位說明僅存於新北市統計年報）,0.8905852417
99,,,,,,,欄位未定義,0.0,,教育,新北市政府主計處,幼兒（稚）園教育,2010,percent4,是（欄位說明僅存於新北市統計年報）,1558.0
99,,,,,,,欄位未定義,0.0,,教育,新北市政府主計處,幼兒（稚）園教育,2010,percent5,是（欄位說明僅存於新北市統計年報）,99.1094147583
99,,,,,,,欄位未定義,0.0,,教育,新北市政府主計處,幼兒（稚）園教育,2010,percent6,是（欄位說明僅存於新北市統計年報）,10864.0
99,,,,,,,欄位未定義,0.0,,教育,新北市政府主計處,幼兒（稚）園教育,2010,percent7,是（欄位說明僅存於新北市統計年報）,51.7727792604
99,,,,,,,欄位未定義,0.0,,教育,新北市政府主計處,幼兒（稚）園教育,2010,percent8,是（欄位說明僅存於新北市統計年報）,10120.0
99,,,,,,,欄位未定義,0.0,,教育,新北市政府主計處,幼兒（稚）園教育,2010,percent9,是（欄位說明僅存於新北市統計年報）,48.2272207396
99,,,,,,,欄位未定義,0.0,,教育,新北市政府主計處,政府教育經費概況,2010,itemvalue2,是（欄位說明僅存於新北市統計年報）,106422.0
99,,,,,,,欄位未定義,0.0,,教育,新北市政府主計處,政府教育經費概況,2010,itemvalue3,是（欄位說明僅存於新北市統計年報）,41308.0
99,,,,,,,欄位未定義,0.0,,教育,新北市政府主計處,政府教育經費概況,2010,itemvalue4,是（欄位說明僅存於新北市統計年報）,38.82
99,,,,,,,欄位未定義,0.0,,教育,新北市政府主計處,政府教育經費概況,2010,itemvalue5,是（欄位說明僅存於新北市統計年報）,101598.0
99,,,,,,,欄位未定義,0.0,,教育,新北市政府主計處,政府教育經費概況,2010,itemvalue6,是（欄位說明僅存於新北市統計年報）,41221.0
99,,,,,,,欄位未定義,0.0,,教育,新北市政府主計處,政府教育經費概況,2010,itemvalue7,是（欄位說明僅存於新北市統計年報）,40.57
99,,,,,,,欄位未定義,0.0,,教育,新北市政府主計處,教育程度,2010,itemvalue2,是（欄位說明僅存於新北市統計年報）,27.2409285126
99,,,,,,,欄位未定義,0.0,,教育,新北市政府主計處,教育程度,2010,itemvalue3,是（欄位說明僅存於新北市統計年報）,24.864491567
99,,,,,,,欄位未定義,0.0,,教育,新北市政府主計處,教育程度,2010,itemvalue4,是（欄位說明僅存於新北市統計年報）,14.0214291078
99,,,,,,,欄位未定義,0.0,,教育,新北市政府主計處,教育程度,2010,itemvalue5,是（欄位說明僅存於新北市統計年報）,13.5279447422
99,,,,,,,欄位未定義,0.0,,教育,新北市政府主計處,教育程度,2010,itemvalue6,是（欄位說明僅存於新北市統計年報）,22.2904328537
99,,,,,,,欄位未定義,0.0,,教育,新北市政府主計處,教育程度,2010,itemvalue7,是（欄位說明僅存於新北市統計年報）,22.1221313029
99,,,,,,,欄位未定義,0.0,,教育,新北市政府主計處,教育程度,2010,itemvalue8,是（欄位說明僅存於新北市統計年報）,11.3398362535
99,,,,,,,欄位未定義,0.0,,教育,新北市政府主計處,教育程度,2010,itemvalue9,是（欄位說明僅存於新北市統計年報）,10.0067906064
99,,,,,,,欄位未定義,0.0,,教育,新北市政府主計處,教育程度,2010,itemvalue10,是（欄位說明僅存於新北市統計年報）,15.3494232187
99,,,,,,,欄位未定義,0.0,,教育,新北市政府主計處,教育程度,2010,itemvalue11,是（欄位說明僅存於新北市統計年報）,15.1268956603
99,,,,,,,欄位未定義,0.0,,教育,新北市政府主計處,教育程度,2010,itemvalue12,是（欄位說明僅存於新北市統計年報）,9.5495431173
99,,,,,,,欄位未定義,0.0,,教育,新北市政府主計處,教育程度,2010,itemvalue13,是（欄位說明僅存於新北市統計年報）,13.9634424851
99,,,,,,,欄位未定義,0.0,,教育,新北市政府主計處,教育程度,2010,itemvalue14,是（欄位說明僅存於新北市統計年報）,0.5542541235
99,,,,,,,欄位未定義,0.0,,教育,新北市政府主計處,教育程度,2010,itemvalue15,是（欄位說明僅存於新北市統計年報）,2.4765669415
99,,,,,,,欄位未定義,0.0,,教育,新北市政府主計處,教育程度,2010,itemvalue16,是（欄位說明僅存於新北市統計年報）,99.6553447932
99,,,,,,,欄位未定義,0.0,,教育,新北市政府主計處,教育程度,2010,itemvalue17,是（欄位說明僅存於新北市統計年報）,97.9544530999
99,,,,,,,欄位未定義,0.0,,教育,新北市政府主計處,教育程度,2010,itemvalue18,是（欄位說明僅存於新北市統計年報）,22.86471647
99,,,,,,,欄位未定義,0.0,,教育,新北市政府主計處,教育程度,2010,itemvalue19,是（欄位說明僅存於新北市統計年報）,20.8679822949
99,,,,,,,欄位未定義,0.0,,教育,新北市政府主計處,特殊教育—特教學校,2010,percent2,是（欄位說明僅存於新北市統計年報）,29.0
99,,,,,,,欄位未定義,0.0,,教育,新北市政府主計處,特殊教育—特教學校,2010,percent3,是（欄位說明僅存於新北市統計年報）,29.0
99,,,,,,,欄位未定義,0.0,,教育,新北市政府主計處,特殊教育—特教學校,2010,percent4,是（欄位說明僅存於新北市統計年報）,71.0
99,,,,,,,欄位未定義,0.0,,教育,新北市政府主計處,特殊教育—特教學校,2010,percent5,是（欄位說明僅存於新北市統計年報）,71.0
99,,,,,,,欄位未定義,0.0,,教育,新北市政府主計處,特殊教育—特教學校,2010,percent6,是（欄位說明僅存於新北市統計年報）,294.0
99,,,,,,,欄位未定義,0.0,,教育,新北市政府主計處,特殊教育—特教學校,2010,percent7,是（欄位說明僅存於新北市統計年報）,61.6352201258
99,,,,,,,欄位未定義,0.0,,教育,新北市政府主計處,特殊教育—特教學校,2010,percent8,是（欄位說明僅存於新北市統計年報）,183.0
99,,,,,,,欄位未定義,0.0,,教育,新北市政府主計處,特殊教育—特教學校,2010,percent9,是（欄位說明僅存於新北市統計年報）,38.3647798742
99,,,,,,,欄位未定義,0.0,,教育,新北市政府主計處,特殊教育—特教學校,2010,percent10,是（欄位說明僅存於新北市統計年報）,1.0
99,,,,,,,欄位未定義,0.0,,教育,新北市政府主計處,特殊教育—特教學校,2010,percent11,是（欄位說明僅存於新北市統計年報）,0.0
99,,,,,,,欄位未定義,0.0,,教育,新北市政府主計處,特殊教育—特教學校,2010,percent12,是（欄位說明僅存於新北市統計年報）,0.0
99,,,,,,,欄位未定義,0.0,,教育,新北市政府主計處,短期補習班概況(98年以後),2010,itemvalue2,是（欄位說明僅存於新北市統計年報）,2742.0
99,,,,,,,欄位未定義,0.0,,教育,新北市政府主計處,短期補習班概況(98年以後),2010,itemvalue3,是（欄位說明僅存於新北市統計年報）,2233.0
99,,,,,,,欄位未定義,0.0,,教育,新北市政府主計處,短期補習班概況(98年以後),2010,itemvalue4,是（欄位說明僅存於新北市統計年報）,1329.0
99,,,,,,,欄位未定義,0.0,,教育,新北市政府主計處,短期補習班概況(98年以後),2010,itemvalue5,是（欄位說明僅存於新北市統計年報）,901.0
99,,,,,,,欄位未定義,0.0,,教育,新北市政府主計處,短期補習班概況(98年以後),2010,itemvalue6,是（欄位說明僅存於新北市統計年報）,3.0
99,,,,,,,欄位未定義,0.0,,教育,新北市政府主計處,短期補習班概況(98年以後),2010,itemvalue7,是（欄位說明僅存於新北市統計年報）,509.0
99,,,,,,,欄位未定義,0.0,,教育,新北市政府主計處,短期補習班概況(98年以後),2010,itemvalue8,是（欄位說明僅存於新北市統計年報）,9.0
99,,,,,,,欄位未定義,0.0,,教育,新北市政府主計處,短期補習班概況(98年以後),2010,itemvalue9,是（欄位說明僅存於新北市統計年報）,62.0
99,,,,,,,欄位未定義,0.0,,教育,新北市政府主計處,短期補習班概況(98年以後),2010,itemvalue10,是（欄位說明僅存於新北市統計年報）,3.0
99,,,,,,,欄位未定義,0.0,,教育,新北市政府主計處,短期補習班概況(98年以後),2010,itemvalue11,是（欄位說明僅存於新北市統計年報）,3.0
99,,,,,,,欄位未定義,0.0,,教育,新北市政府主計處,短期補習班概況(98年以後),2010,itemvalue12,是（欄位說明僅存於新北市統計年報）,14.0
99,,,,,,,欄位未定義,0.0,,教育,新北市政府主計處,短期補習班概況(98年以後),2010,itemvalue13,是（欄位說明僅存於新北市統計年報）,136.0
99,,,,,,,欄位未定義,0.0,,教育,新北市政府主計處,短期補習班概況(98年以後),2010,itemvalue14,是（欄位說明僅存於新北市統計年報）,76.0
99,,,,,,,欄位未定義,0.0,,教育,新北市政府主計處,短期補習班概況(98年以後),2010,itemvalue15,是（欄位說明僅存於新北市統計年報）,167.0
99,,,,,,,欄位未定義,0.0,,教育,新北市政府主計處,短期補習班概況(98年以後),2010,itemvalue16,是（欄位說明僅存於新北市統計年報）,9.0
99,,,,,,,欄位未定義,0.0,,教育,新北市政府主計處,短期補習班概況(98年以後),2010,itemvalue17,是（欄位說明僅存於新北市統計年報）,0.0
99,,,,,,,欄位未定義,0.0,,教育,新北市政府主計處,短期補習班概況(98年以後),2010,itemvalue18,是（欄位說明僅存於新北市統計年報）,1.0
99,,,,,,,欄位未定義,0.0,,教育,新北市政府主計處,短期補習班概況(98年以後),2010,itemvalue19,是（欄位說明僅存於新北市統計年報）,0.0
99,,,,,,,欄位未定義,0.0,,教育,新北市政府主計處,短期補習班概況(98年以後),2010,itemvalue20,是（欄位說明僅存於新北市統計年報）,29.0
99,,,,,,,欄位未定義,0.0,,教育,新北市政府主計處,補習教育,2010,itemvalue2,是（欄位說明僅存於新北市統計年報）,130.0
99,,,,,,,欄位未定義,0.0,,教育,新北市政府主計處,補習教育,2010,itemvalue3,是（欄位說明僅存於新北市統計年報）,42.2077922078
99,,,,,,,欄位未定義,0.0,,教育,新北市政府主計處,補習教育,2010,itemvalue4,是（欄位說明僅存於新北市統計年報）,178.0
99,,,,,,,欄位未定義,0.0,,教育,新北市政府主計處,補習教育,2010,itemvalue5,是（欄位說明僅存於新北市統計年報）,57.7922077922
99,,,,,,,欄位未定義,0.0,,教育,新北市政府主計處,補習教育,2010,itemvalue6,是（欄位說明僅存於新北市統計年報）,7480.0
99,,,,,,,欄位未定義,0.0,,教育,新北市政府主計處,補習教育,2010,itemvalue7,是（欄位說明僅存於新北市統計年報）,40.247511434
99,,,,,,,欄位未定義,0.0,,教育,新北市政府主計處,補習教育,2010,itemvalue8,是（欄位說明僅存於新北市統計年報）,11105.0
99,,,,,,,欄位未定義,0.0,,教育,新北市政府主計處,補習教育,2010,itemvalue9,是（欄位說明僅存於新北市統計年報）,59.752488566
99,,,,,,,欄位未定義,0.0,,教育,新北市政府主計處,補習教育,2010,itemvalue10,是（欄位說明僅存於新北市統計年報）,0.0
99,,,,,,,欄位未定義,0.0,,教育,新北市政府主計處,補習教育,2010,itemvalue11,是（欄位說明僅存於新北市統計年報）,1.0
99,,,,,,,欄位未定義,0.0,,教育,新北市政府主計處,補習教育,2010,itemvalue12,是（欄位說明僅存於新北市統計年報）,0.0
99,,,,,,,欄位未定義,0.0,,教育,新北市政府主計處,高等教育,2010,percent2,是（欄位說明僅存於新北市統計年報）,3269.0
99,,,,,,,欄位未定義,0.0,,教育,新北市政府主計處,高等教育,2010,percent3,是（欄位說明僅存於新北市統計年報）,65.0288442411
99,,,,,,,欄位未定義,0.0,,教育,新北市政府主計處,高等教育,2010,percent4,是（欄位說明僅存於新北市統計年報）,1758.0
99,,,,,,,欄位未定義,0.0,,教育,新北市政府主計處,高等教育,2010,percent5,是（欄位說明僅存於新北市統計年報）,34.9711557589
99,,,,,,,欄位未定義,0.0,,教育,新北市政府主計處,高等教育,2010,percent6,是（欄位說明僅存於新北市統計年報）,78956.0
99,,,,,,,欄位未定義,0.0,,教育,新北市政府主計處,高等教育,2010,percent7,是（欄位說明僅存於新北市統計年報）,50.2386072969
99,,,,,,,欄位未定義,0.0,,教育,新北市政府主計處,高等教育,2010,percent8,是（欄位說明僅存於新北市統計年報）,78206.0
99,,,,,,,欄位未定義,0.0,,教育,新北市政府主計處,高等教育,2010,percent9,是（欄位說明僅存於新北市統計年報）,49.7613927031
99,,,,,,,欄位未定義,0.0,,教育,新北市政府主計處,高級中等教育,2010,itemvalue2,是（欄位說明僅存於新北市統計年報）,2562.0
99,,,,,,,欄位未定義,0.0,,教育,新北市政府主計處,高級中等教育,2010,itemvalue3,是（欄位說明僅存於新北市統計年報）,37.9668049793
99,,,,,,,欄位未定義,0.0,,教育,新北市政府主計處,高級中等教育,2010,itemvalue4,是（欄位說明僅存於新北市統計年報）,4186.0
99,,,,,,,欄位未定義,0.0,,教育,新北市政府主計處,高級中等教育,2010,itemvalue5,是（欄位說明僅存於新北市統計年報）,62.0331950207
99,,,,,,,欄位未定義,0.0,,教育,新北市政府主計處,高級中等教育,2010,itemvalue6,是（欄位說明僅存於新北市統計年報）,39.0
99,,,,,,,欄位未定義,0.0,,教育,新北市政府主計處,高級中等教育,2010,itemvalue7,是（欄位說明僅存於新北市統計年報）,15.0
99,,,,,,,欄位未定義,0.0,,教育,新北市政府主計處,高級中等教育,2010,itemvalue8,是（欄位說明僅存於新北市統計年報）,260.0
99,,,,,,,欄位未定義,0.0,,教育,新北市政府主計處,高級中等教育,2010,itemvalue9,是（欄位說明僅存於新北市統計年報）,0.0
99,,,,,,,欄位未定義,0.0,,教育,新北市政府主計處,高級中等教育,2010,itemvalue10,是（欄位說明僅存於新北市統計年報）,0.0
99,,,,,,,欄位未定義,0.0,,教育,新北市政府主計處,高級中等教育,2010,itemvalue11,是（欄位說明僅存於新北市統計年報）,0.0
99,,,,,,,欄位未定義,0.0,,教育,新北市政府主計處,高級中等教育,2010,itemvalue12,是（欄位說明僅存於新北市統計年報）,0.0
99,,,,,,,欄位未定義,0.0,,教育,新北市政府主計處,高級中等教育（續）,2010,itemvalue2,是（欄位說明僅存於新北市統計年報）,22668.0
99,,,,,,,欄位未定義,0.0,,教育,新北市政府主計處,高級中等教育（續）,2010,itemvalue3,是（欄位說明僅存於新北市統計年報）,50.5508228893
99,,,,,,,欄位未定義,0.0,,教育,新北市政府主計處,高級中等教育（續）,2010,itemvalue4,是（欄位說明僅存於新北市統計年報）,22174.0
99,,,,,,,欄位未定義,0.0,,教育,新北市政府主計處,高級中等教育（續）,2010,itemvalue5,是（欄位說明僅存於新北市統計年報）,49.4491771107
99,,,,,,,欄位未定義,0.0,,教育,新北市政府主計處,高級中等教育（續）,2010,itemvalue6,是（欄位說明僅存於新北市統計年報）,24944.0
99,,,,,,,欄位未定義,0.0,,教育,新北市政府主計處,高級中等教育（續）,2010,itemvalue7,是（欄位說明僅存於新北市統計年報）,54.4795352291
99,,,,,,,欄位未定義,0.0,,教育,新北市政府主計處,高級中等教育（續）,2010,itemvalue8,是（欄位說明僅存於新北市統計年報）,20842.0
99,,,,,,,欄位未定義,0.0,,教育,新北市政府主計處,高級中等教育（續）,2010,itemvalue9,是（欄位說明僅存於新北市統計年報）,45.5204647709
99,,,,,,,欄位未定義,0.0,,產業,新北市政府主計處,全國經濟,2010,itemvalue2,是（欄位說明僅存於新北市統計年報）,58.07
99,,,,,,,欄位未定義,0.0,,產業,新北市政府主計處,全國經濟,2010,itemvalue3,是（欄位說明僅存於新北市統計年報）,66.51
99,,,,,,,欄位未定義,0.0,,產業,新北市政府主計處,全國經濟,2010,itemvalue4,是（欄位說明僅存於新北市統計年報）,49.89
99,,,,,,,欄位未定義,0.0,,產業,新北市政府主計處,全國經濟,2010,itemvalue5,是（欄位說明僅存於新北市統計年報）,5.21
99,,,,,,,欄位未定義,0.0,,產業,新北市政府主計處,全國經濟,2010,itemvalue6,是（欄位說明僅存於新北市統計年報）,5.8
99,,,,,,,欄位未定義,0.0,,產業,新北市政府主計處,全國經濟,2010,itemvalue7,是（欄位說明僅存於新北市統計年報）,4.45
99,,,,,,,欄位未定義,0.0,,產業,新北市政府主計處,公司、商業及工廠登記負責人,2010,item value2,是（欄位說明僅存於新北市統計年報）,83534.0
99,,,,,,,欄位未定義,0.0,,產業,新北市政府主計處,公司、商業及工廠登記負責人,2010,item value3,是（欄位說明僅存於新北市統計年報）,71.85
99,,,,,,,欄位未定義,0.0,,產業,新北市政府主計處,公司、商業及工廠登記負責人,2010,item value4,是（欄位說明僅存於新北市統計年報）,32723.0
99,,,,,,,欄位未定義,0.0,,產業,新北市政府主計處,公司、商業及工廠登記負責人,2010,item value5,是（欄位說明僅存於新北市統計年報）,28.15
99,,,,,,,欄位未定義,0.0,,產業,新北市政府主計處,公司、商業及工廠登記負責人,2010,item value6,是（欄位說明僅存於新北市統計年報）,105942.0
99,,,,,,,欄位未定義,0.0,,產業,新北市政府主計處,公司、商業及工廠登記負責人,2010,item value7,是（欄位說明僅存於新北市統計年報）,79.99
99,,,,,,,欄位未定義,0.0,,產業,新北市政府主計處,公司、商業及工廠登記負責人,2010,item value8,是（欄位說明僅存於新北市統計年報）,26510.0
99,,,,,,,欄位未定義,0.0,,產業,新北市政府主計處,公司、商業及工廠登記負責人,2010,item value9,是（欄位說明僅存於新北市統計年報）,20.01
99,,,,,,,欄位未定義,0.0,,產業,新北市政府主計處,公司、商業及工廠登記負責人,2010,item value10,是（欄位說明僅存於新北市統計年報）,16499.0
99,,,,,,,欄位未定義,0.0,,產業,新北市政府主計處,公司、商業及工廠登記負責人,2010,item value11,是（欄位說明僅存於新北市統計年報）,79.17
99,,,,,,,欄位未定義,0.0,,產業,新北市政府主計處,公司、商業及工廠登記負責人,2010,item value12,是（欄位說明僅存於新北市統計年報）,4340.0
99,,,,,,,欄位未定義,0.0,,產業,新北市政府主計處,公司、商業及工廠登記負責人,2010,item value13,是（欄位說明僅存於新北市統計年報）,20.83
99,,,,,,,欄位未定義,0.0,,產業,新北市政府主計處,經濟戶長比重,2010,itemvalue2,是（欄位說明僅存於新北市統計年報）,1022674.0
99,,,,,,,欄位未定義,0.0,,產業,新北市政府主計處,經濟戶長比重,2010,itemvalue3,是（欄位說明僅存於新北市統計年報）,368013.0
99,,,,,,,欄位未定義,0.0,,產業,新北市政府主計處,經濟戶長比重,2010,itemvalue4,是（欄位說明僅存於新北市統計年報）,164740.0
99,,,,,,,欄位未定義,0.0,,產業,新北市政府主計處,經濟戶長比重,2010,itemvalue5,是（欄位說明僅存於新北市統計年報）,113397.0
99,,,,,,,欄位未定義,0.0,,產業,新北市政府主計處,經濟戶長比重,2010,itemvalue6,是（欄位說明僅存於新北市統計年報）,191922.0
99,,,,,,,欄位未定義,0.0,,產業,新北市政府主計處,經濟戶長比重,2010,itemvalue7,是（欄位說明僅存於新北市統計年報）,86215.0
99,,,,,,,欄位未定義,0.0,,產業,新北市政府主計處,經濟戶長比重,2010,itemvalue8,是（欄位說明僅存於新北市統計年報）,219038.0
99,,,,,,,欄位未定義,0.0,,產業,新北市政府主計處,經濟戶長比重,2010,itemvalue9,是（欄位說明僅存於新北市統計年報）,59099.0
99,,,,,,,欄位未定義,0.0,,產業,新北市政府主計處,經濟戶長比重,2010,itemvalue10,是（欄位說明僅存於新北市統計年報）,226831.0
99,,,,,,,欄位未定義,0.0,,產業,新北市政府主計處,經濟戶長比重,2010,itemvalue11,是（欄位說明僅存於新北市統計年報）,51306.0
99,,,,,,,欄位未定義,0.0,,產業,新北市政府主計處,經濟戶長比重,2010,itemvalue12,是（欄位說明僅存於新北市統計年報）,220143.0
99,,,,,,,欄位未定義,0.0,,產業,新北市政府主計處,經濟戶長比重,2010,itemvalue13,是（欄位說明僅存於新北市統計年報）,57996.0
99,,,,,,,欄位未定義,0.0,,社會參與,新北市政府主計處,客家文化,2010,itemvalue2,是（欄位說明僅存於新北市統計年報）,37.0
99,,,,,,,欄位未定義,0.0,,社會參與,新北市政府主計處,客家文化,2010,itemvalue3,是（欄位說明僅存於新北市統計年報）,25.69
99,,,,,,,欄位未定義,0.0,,社會參與,新北市政府主計處,客家文化,2010,itemvalue4,是（欄位說明僅存於新北市統計年報）,107.0
99,,,,,,,欄位未定義,0.0,,社會參與,新北市政府主計處,客家文化,2010,itemvalue5,是（欄位說明僅存於新北市統計年報）,74.31
99,,,,,,,欄位未定義,0.0,,社會參與,新北市政府主計處,客家文化,2010,itemvalue6,是（欄位說明僅存於新北市統計年報）,13.0
99,,,,,,,欄位未定義,0.0,,社會參與,新北市政府主計處,客家文化,2010,itemvalue7,是（欄位說明僅存於新北市統計年報）,34.2105263158
99,,,,,,,欄位未定義,0.0,,社會參與,新北市政府主計處,客家文化,2010,itemvalue8,是（欄位說明僅存於新北市統計年報）,25.0
99,,,,,,,欄位未定義,0.0,,社會參與,新北市政府主計處,客家文化,2010,itemvalue9,是（欄位說明僅存於新北市統計年報）,65.7894736842
99,,,,,,,欄位未定義,0.0,,社會參與,新北市政府主計處,客家文化,2010,itemvalue10,是（欄位說明僅存於新北市統計年報）,0.0
99,,,,,,,欄位未定義,0.0,,社會參與,新北市政府主計處,客家文化,2010,itemvalue11,是（欄位說明僅存於新北市統計年報）,0.0
99,,,,,,,欄位未定義,0.0,,社會參與,新北市政府主計處,客家文化,2010,itemvalue12,是（欄位說明僅存於新北市統計年報）,0.0
99,,,,,,,欄位未定義,0.0,,社會參與,新北市政府主計處,客家文化,2010,itemvalue13,是（欄位說明僅存於新北市統計年報）,0.0
99,,,,,,,欄位未定義,0.0,,社會參與,新北市政府主計處,市民文化,2010,itemvalue2,是（欄位說明僅存於新北市統計年報）,765084.0
99,,,,,,,欄位未定義,0.0,,社會參與,新北市政府主計處,市民文化,2010,itemvalue3,是（欄位說明僅存於新北市統計年報）,1147625.0
99,,,,,,,欄位未定義,0.0,,社會參與,新北市政府主計處,市民文化,2010,itemvalue4,是（欄位說明僅存於新北市統計年報）,0.0
99,,,,,,,欄位未定義,0.0,,社會參與,新北市政府主計處,市民文化,2010,itemvalue5,是（欄位說明僅存於新北市統計年報）,0.0
99,,,,,,,欄位未定義,0.0,,社會參與,新北市政府主計處,市民文化,2010,itemvalue6,是（欄位說明僅存於新北市統計年報）,0.0
99,,,,,,,欄位未定義,0.0,,社會參與,新北市政府主計處,市民文化,2010,itemvalue7,是（欄位說明僅存於新北市統計年報）,0.0
99,,,,,,,欄位未定義,0.0,,社會參與,新北市政府主計處,市民文化,2010,itemvalue8,是（欄位說明僅存於新北市統計年報）,0.0
99,,,,,,,欄位未定義,0.0,,社會參與,新北市政府主計處,市民文化,2010,itemvalue9,是（欄位說明僅存於新北市統計年報）,0.0
99,,,,,,,欄位未定義,0.0,,社會參與,新北市政府主計處,市民文化,2010,itemvalue10,是（欄位說明僅存於新北市統計年報）,0.0
99,,,,,,,欄位未定義,0.0,,社會參與,新北市政府主計處,市民文化,2010,itemvalue11,是（欄位說明僅存於新北市統計年報）,0.0
99,,,,,,,欄位未定義,0.0,,社會參與,新北市政府主計處,市民文化,2010,itemvalue12,是（欄位說明僅存於新北市統計年報）,0.0
99,,,,,,,欄位未定義,0.0,,社會參與,新北市政府主計處,市民文化,2010,itemvalue13,是（欄位說明僅存於新北市統計年報）,0.0
99,,,,,,,欄位未定義,0.0,,社會參與,新北市政府主計處,市民文化,2010,itemvalue14,是（欄位說明僅存於新北市統計年報）,0.0
99,,,,,,,欄位未定義,0.0,,社會參與,新北市政府主計處,市民文化,2010,itemvalue15,是（欄位說明僅存於新北市統計年報）,0.0
99,,,,,,,欄位未定義,0.0,,社會參與,新北市政府主計處,市民文化,2010,itemvalue16,是（欄位說明僅存於新北市統計年報）,0.0
99,,,,,,,欄位未定義,0.0,,社會參與,新北市政府主計處,市民文化,2010,itemvalue17,是（欄位說明僅存於新北市統計年報）,0.0
99,,,,,,,欄位未定義,0.0,,社會參與,新北市政府主計處,市民文化,2010,itemvalue18,是（欄位說明僅存於新北市統計年報）,0.0
99,,,,,,,欄位未定義,0.0,,社會參與,新北市政府主計處,市民文化,2010,itemvalue19,是（欄位說明僅存於新北市統計年報）,0.0
99,,,,,,,欄位未定義,0.0,,社會參與,新北市政府主計處,市民文化,2010,itemvalue20,是（欄位說明僅存於新北市統計年報）,0.0
99,,,,,,,欄位未定義,0.0,,社會參與,新北市政府主計處,市民文化,2010,itemvalue21,是（欄位說明僅存於新北市統計年報）,0.0
99,,,,,,,欄位未定義,0.0,,社會參與,新北市政府主計處,社會局所轄志工,2010,percent2,是（欄位說明僅存於新北市統計年報）,0.0
99,,,,,,,欄位未定義,0.0,,社會參與,新北市政府主計處,社會局所轄志工,2010,percent3,是（欄位說明僅存於新北市統計年報）,0.0
99,,,,,,,欄位未定義,0.0,,社會參與,新北市政府主計處,社會局所轄志工,2010,percent4,是（欄位說明僅存於新北市統計年報）,4436.0
99,,,,,,,欄位未定義,0.0,,社會參與,新北市政府主計處,社會局所轄志工,2010,percent5,是（欄位說明僅存於新北市統計年報）,12805.0
99,,,,,,,欄位未定義,0.0,,社會參與,新北市政府主計處,社會局所轄志工,2010,percent6,是（欄位說明僅存於新北市統計年報）,7.0
99,,,,,,,欄位未定義,0.0,,社會參與,新北市政府主計處,社會局所轄志工,2010,percent7,是（欄位說明僅存於新北市統計年報）,18.0
99,,,,,,,欄位未定義,0.0,,社會參與,新北市政府主計處,社會局所轄志工,2010,percent8,是（欄位說明僅存於新北市統計年報）,43.0
99,,,,,,,欄位未定義,0.0,,社會參與,新北市政府主計處,社會局所轄志工,2010,percent9,是（欄位說明僅存於新北市統計年報）,79.0
99,,,,,,,欄位未定義,0.0,,社會參與,新北市政府主計處,社會局所轄志工,2010,percent10,是（欄位說明僅存於新北市統計年報）,459.0
99,,,,,,,欄位未定義,0.0,,社會參與,新北市政府主計處,社會局所轄志工,2010,percent11,是（欄位說明僅存於新北市統計年報）,751.0
99,,,,,,,欄位未定義,0.0,,社會參與,新北市政府主計處,社會局所轄志工,2010,percent12,是（欄位說明僅存於新北市統計年報）,1138.0
99,,,,,,,欄位未定義,0.0,,社會參與,新北市政府主計處,社會局所轄志工,2010,percent13,是（欄位說明僅存於新北市統計年報）,3755.0
99,,,,,,,欄位未定義,0.0,,社會參與,新北市政府主計處,社會局所轄志工,2010,percent14,是（欄位說明僅存於新北市統計年報）,1940.0
99,,,,,,,欄位未定義,0.0,,社會參與,新北市政府主計處,社會局所轄志工,2010,percent15,是（欄位說明僅存於新北市統計年報）,6373.0
99,,,,,,,欄位未定義,0.0,,社會參與,新北市政府主計處,社會局所轄志工,2010,percent16,是（欄位說明僅存於新北市統計年報）,849.0
99,,,,,,,欄位未定義,0.0,,社會參與,新北市政府主計處,社會局所轄志工,2010,percent17,是（欄位說明僅存於新北市統計年報）,1829.0
99,,,,,,,欄位未定義,0.0,,社福,新北市政府主計處,中低收入老人生活津貼與老農津貼,2010,item value2,是（欄位說明僅存於新北市統計年報）,7640.0
99,,,,,,,欄位未定義,0.0,,社福,新北市政府主計處,中低收入老人生活津貼與老農津貼,2010,item value3,是（欄位說明僅存於新北市統計年報）,3690.0
99,,,,,,,欄位未定義,0.0,,社福,新北市政府主計處,中低收入老人生活津貼與老農津貼,2010,item value4,是（欄位說明僅存於新北市統計年報）,3950.0
99,,,,,,,欄位未定義,0.0,,社福,新北市政府主計處,中低收入老人生活津貼與老農津貼,2010,item value5,是（欄位說明僅存於新北市統計年報）,517401.348
99,,,,,,,欄位未定義,0.0,,社福,新北市政府主計處,中低收入老人生活津貼與老農津貼,2010,item value6,是（欄位說明僅存於新北市統計年報）,102.0
99,,,,,,,欄位未定義,0.0,,社福,新北市政府主計處,中低收入老人生活津貼與老農津貼,2010,item value7,是（欄位說明僅存於新北市統計年報）,71.0
99,,,,,,,欄位未定義,0.0,,社福,新北市政府主計處,中低收入老人生活津貼與老農津貼,2010,item value8,是（欄位說明僅存於新北市統計年報）,31.0
99,,,,,,,欄位未定義,0.0,,社福,新北市政府主計處,中低收入老人生活津貼與老農津貼,2010,item value9,是（欄位說明僅存於新北市統計年報）,7803.348
99,,,,,,,欄位未定義,0.0,,社福,新北市政府主計處,中低收入老人生活津貼與老農津貼,2010,item value10,是（欄位說明僅存於新北市統計年報）,469.0
99,,,,,,,欄位未定義,0.0,,社福,新北市政府主計處,中低收入老人生活津貼與老農津貼,2010,item value11,是（欄位說明僅存於新北市統計年報）,328.0
99,,,,,,,欄位未定義,0.0,,社福,新北市政府主計處,中低收入老人生活津貼與老農津貼,2010,item value12,是（欄位說明僅存於新北市統計年報）,141.0
99,,,,,,,欄位未定義,0.0,,社福,新北市政府主計處,中低收入老人生活津貼與老農津貼,2010,item value13,是（欄位說明僅存於新北市統計年報）,35154.0
99,,,,,,,欄位未定義,0.0,,社福,新北市政府主計處,中低收入老人生活津貼與老農津貼,2010,item value14,是（欄位說明僅存於新北市統計年報）,1012.0
99,,,,,,,欄位未定義,0.0,,社福,新北市政府主計處,中低收入老人生活津貼與老農津貼,2010,item value15,是（欄位說明僅存於新北市統計年報）,607.0
99,,,,,,,欄位未定義,0.0,,社福,新北市政府主計處,中低收入老人生活津貼與老農津貼,2010,item value16,是（欄位說明僅存於新北市統計年報）,405.0
99,,,,,,,欄位未定義,0.0,,社福,新北市政府主計處,中低收入老人生活津貼與老農津貼,2010,item value17,是（欄位說明僅存於新北市統計年報）,69830.0
99,,,,,,,欄位未定義,0.0,,社福,新北市政府主計處,中低收入老人生活津貼與老農津貼,2010,item value18,是（欄位說明僅存於新北市統計年報）,5394.0
99,,,,,,,欄位未定義,0.0,,社福,新北市政府主計處,中低收入老人生活津貼與老農津貼,2010,item value19,是（欄位說明僅存於新北市統計年報）,2331.0
99,,,,,,,欄位未定義,0.0,,社福,新北市政府主計處,中低收入老人生活津貼與老農津貼,2010,item value20,是（欄位說明僅存於新北市統計年報）,3063.0
99,,,,,,,欄位未定義,0.0,,社福,新北市政府主計處,中低收入老人生活津貼與老農津貼,2010,item value21,是（欄位說明僅存於新北市統計年報）,382033.0
99,,,,,,,欄位未定義,0.0,,社福,新北市政府主計處,中低收入老人生活津貼與老農津貼,2010,item value22,是（欄位說明僅存於新北市統計年報）,663.0
99,,,,,,,欄位未定義,0.0,,社福,新北市政府主計處,中低收入老人生活津貼與老農津貼,2010,item value23,是（欄位說明僅存於新北市統計年報）,353.0
99,,,,,,,欄位未定義,0.0,,社福,新北市政府主計處,中低收入老人生活津貼與老農津貼,2010,item value24,是（欄位說明僅存於新北市統計年報）,310.0
99,,,,,,,欄位未定義,0.0,,社福,新北市政府主計處,中低收入老人生活津貼與老農津貼,2010,item value25,是（欄位說明僅存於新北市統計年報）,22581.0
99,,,,,,,欄位未定義,0.0,,社福,新北市政府主計處,中低收入老人生活津貼與老農津貼,2010,item value26,是（欄位說明僅存於新北市統計年報）,26784.0
99,,,,,,,欄位未定義,0.0,,社福,新北市政府主計處,中低收入老人生活津貼與老農津貼,2010,item value27,是（欄位說明僅存於新北市統計年報）,13256.0
99,,,,,,,欄位未定義,0.0,,社福,新北市政府主計處,中低收入老人生活津貼與老農津貼,2010,item value28,是（欄位說明僅存於新北市統計年報）,13528.0
99,,,,,,,欄位未定義,0.0,,社福,新北市政府主計處,中低收入老人生活津貼與老農津貼,2010,item value29,是（欄位說明僅存於新北市統計年報）,1949508.696
99,,,,,,,欄位未定義,0.0,,社福,新北市政府主計處,低收入戶人數及生活扶助,2010,itemvalue2,是（欄位說明僅存於新北市統計年報）,15171.0
99,,,,,,,欄位未定義,0.0,,社福,新北市政府主計處,低收入戶人數及生活扶助,2010,itemvalue3,是（欄位說明僅存於新北市統計年報）,1.0795
99,,,,,,,欄位未定義,0.0,,社福,新北市政府主計處,低收入戶人數及生活扶助,2010,itemvalue4,是（欄位說明僅存於新北市統計年報）,38172.0
99,,,,,,,欄位未定義,0.0,,社福,新北市政府主計處,低收入戶人數及生活扶助,2010,itemvalue5,是（欄位說明僅存於新北市統計年報）,0.9794
99,,,,,,,欄位未定義,0.0,,社福,新北市政府主計處,低收入戶人數及生活扶助,2010,itemvalue6,是（欄位說明僅存於新北市統計年報）,183.0
99,,,,,,,欄位未定義,0.0,,社福,新北市政府主計處,低收入戶人數及生活扶助,2010,itemvalue7,是（欄位說明僅存於新北市統計年報）,193.0
99,,,,,,,欄位未定義,0.0,,社福,新北市政府主計處,低收入戶人數及生活扶助,2010,itemvalue8,是（欄位說明僅存於新北市統計年報）,2291.0
99,,,,,,,欄位未定義,0.0,,社福,新北市政府主計處,低收入戶人數及生活扶助,2010,itemvalue9,是（欄位說明僅存於新北市統計年報）,5130.0
99,,,,,,,欄位未定義,0.0,,社福,新北市政府主計處,低收入戶人數及生活扶助,2010,itemvalue10,是（欄位說明僅存於新北市統計年報）,12697.0
99,,,,,,,欄位未定義,0.0,,社福,新北市政府主計處,低收入戶人數及生活扶助,2010,itemvalue11,是（欄位說明僅存於新北市統計年報）,32849.0
99,,,,,,,欄位未定義,0.0,,社福,新北市政府主計處,低收入戶人數及生活扶助,2010,itemvalue12,是（欄位說明僅存於新北市統計年報）,135298.0
99,,,,,,,欄位未定義,0.0,,社福,新北市政府主計處,低收入戶人數及生活扶助,2010,itemvalue13,是（欄位說明僅存於新北市統計年報）,25654.0
99,,,,,,,欄位未定義,0.0,,社福,新北市政府主計處,低收入戶人數及生活扶助,2010,itemvalue14,是（欄位說明僅存於新北市統計年報）,442403960.0
99,,,,,,,欄位未定義,0.0,,社福,新北市政府主計處,低收入戶人數及生活扶助,2010,itemvalue15,是（欄位說明僅存於新北市統計年報）,57509.0
99,,,,,,,欄位未定義,0.0,,社福,新北市政府主計處,低收入戶人數及生活扶助,2010,itemvalue16,是（欄位說明僅存於新北市統計年報）,287173800.0
99,,,,,,,欄位未定義,0.0,,社福,新北市政府主計處,低收入戶人數及生活扶助,2010,percent17,是（欄位說明僅存於新北市統計年報）,0.0
99,,,,,,,欄位未定義,0.0,,社福,新北市政府主計處,低收入戶人數及生活扶助,2010,percent18,是（欄位說明僅存於新北市統計年報）,0.0
99,,,,,,,欄位未定義,0.0,,社福,新北市政府主計處,低收入戶人數及生活扶助,2010,percent19,是（欄位說明僅存於新北市統計年報）,509.0
99,,,,,,,欄位未定義,0.0,,社福,新北市政府主計處,低收入戶人數及生活扶助,2010,percent20,是（欄位說明僅存於新北市統計年報）,9303923.0
99,,,,,,,欄位未定義,0.0,,社福,新北市政府主計處,低收入戶人數及生活扶助,2010,percent21,是（欄位說明僅存於新北市統計年報）,0.0
99,,,,,,,欄位未定義,0.0,,社福,新北市政府主計處,低收入戶人數及生活扶助,2010,percent22,是（欄位說明僅存於新北市統計年報）,0.0
99,,,,,,,欄位未定義,0.0,,社福,新北市政府主計處,低收入戶人數及生活扶助,2010,percent23,是（欄位說明僅存於新北市統計年報）,0.0
99,,,,,,,欄位未定義,0.0,,社福,新北市政府主計處,低收入戶人數及生活扶助,2010,percent24,是（欄位說明僅存於新北市統計年報）,0.0
99,,,,,,,欄位未定義,0.0,,社福,新北市政府主計處,低收入戶人數及生活扶助,2010,percent25,是（欄位說明僅存於新北市統計年報）,23235.0
99,,,,,,,欄位未定義,0.0,,社福,新北市政府主計處,低收入戶人數及生活扶助,2010,percent26,是（欄位說明僅存於新北市統計年報）,45568300.0
99,,,,,,,欄位未定義,0.0,,社福,新北市政府主計處,低收入戶人數及生活扶助,2010,percent27,是（欄位說明僅存於新北市統計年報）,57.0
99,,,,,,,欄位未定義,0.0,,社福,新北市政府主計處,低收入戶人數及生活扶助,2010,percent28,是（欄位說明僅存於新北市統計年報）,1162800.0
99,,,,,,,欄位未定義,0.0,,社福,新北市政府主計處,身心障礙,2010,percent2,是（欄位說明僅存於新北市統計年報）,81325.0
99,,,,,,,欄位未定義,0.0,,社福,新北市政府主計處,身心障礙,2010,percent3,是（欄位說明僅存於新北市統計年報）,58386.0
99,,,,,,,欄位未定義,0.0,,社福,新北市政府主計處,身心障礙,2010,percent4,是（欄位說明僅存於新北市統計年報）,813.0
99,,,,,,,欄位未定義,0.0,,社福,新北市政府主計處,身心障礙,2010,percent5,是（欄位說明僅存於新北市統計年報）,514.0
99,,,,,,,欄位未定義,0.0,,社福,新北市政府主計處,身心障礙,2010,percent6,是（欄位說明僅存於新北市統計年報）,2450.0
99,,,,,,,欄位未定義,0.0,,社福,新北市政府主計處,身心障礙,2010,percent7,是（欄位說明僅存於新北市統計年報）,1389.0
99,,,,,,,欄位未定義,0.0,,社福,新北市政府主計處,身心障礙,2010,percent8,是（欄位說明僅存於新北市統計年報）,1290.0
99,,,,,,,欄位未定義,0.0,,社福,新北市政府主計處,身心障礙,2010,percent9,是（欄位說明僅存於新北市統計年報）,778.0
99,,,,,,,欄位未定義,0.0,,社福,新北市政府主計處,身心障礙,2010,percent10,是（欄位說明僅存於新北市統計年報）,1425.0
99,,,,,,,欄位未定義,0.0,,社福,新北市政府主計處,身心障礙,2010,percent11,是（欄位說明僅存於新北市統計年報）,901.0
99,,,,,,,欄位未定義,0.0,,社福,新北市政府主計處,身心障礙,2010,percent12,是（欄位說明僅存於新北市統計年報）,7076.0
99,,,,,,,欄位未定義,0.0,,社福,新北市政府主計處,身心障礙,2010,percent13,是（欄位說明僅存於新北市統計年報）,4421.0
99,,,,,,,欄位未定義,0.0,,社福,新北市政府主計處,身心障礙,2010,percent14,是（欄位說明僅存於新北市統計年報）,13706.0
99,,,,,,,欄位未定義,0.0,,社福,新北市政府主計處,身心障礙,2010,percent15,是（欄位說明僅存於新北市統計年報）,8799.0
99,,,,,,,欄位未定義,0.0,,社福,新北市政府主計處,身心障礙,2010,percent16,是（欄位說明僅存於新北市統計年報）,24693.0
99,,,,,,,欄位未定義,0.0,,社福,新北市政府主計處,身心障礙,2010,percent17,是（欄位說明僅存於新北市統計年報）,16963.0
99,,,,,,,欄位未定義,0.0,,社福,新北市政府主計處,身心障礙,2010,percent18,是（欄位說明僅存於新北市統計年報）,6249.0
99,,,,,,,欄位未定義,0.0,,社福,新北市政府主計處,身心障礙,2010,percent19,是（欄位說明僅存於新北市統計年報）,4327.0
99,,,,,,,欄位未定義,0.0,,社福,新北市政府主計處,身心障礙,2010,percent20,是（欄位說明僅存於新北市統計年報）,23623.0
99,,,,,,,欄位未定義,0.0,,社福,新北市政府主計處,身心障礙,2010,percent21,是（欄位說明僅存於新北市統計年報）,20294.0
99,,,,,,,欄位未定義,0.0,,社福,新北市政府主計處,身心障礙,2010,percent22,是（欄位說明僅存於新北市統計年報）,4.2013919742
99,,,,,,,欄位未定義,0.0,,社福,新北市政府主計處,身心障礙,2010,percent23,是（欄位說明僅存於新北市統計年報）,2.9762975869
99,,,,,,,欄位未定義,0.0,,社福,新北市政府主計處,身心障礙福利,2010,itemvalue2,是（欄位說明僅存於新北市統計年報）,2183.0
99,,,,,,,欄位未定義,0.0,,社福,新北市政府主計處,身心障礙福利,2010,itemvalue3,是（欄位說明僅存於新北市統計年報）,1085.0
99,,,,,,,欄位未定義,0.0,,社福,新北市政府主計處,身心障礙福利,2010,itemvalue4,是（欄位說明僅存於新北市統計年報）,650.0
99,,,,,,,欄位未定義,0.0,,社福,新北市政府主計處,身心障礙福利,2010,itemvalue5,是（欄位說明僅存於新北市統計年報）,4896.0
99,,,,,,,欄位未定義,0.0,,社福,新北市政府主計處,身心障礙福利,2010,itemvalue6,是（欄位說明僅存於新北市統計年報）,2600.0
99,,,,,,,欄位未定義,0.0,,社福,新北市政府主計處,身心障礙福利,2010,itemvalue7,是（欄位說明僅存於新北市統計年報）,0.0
99,,,,,,,欄位未定義,0.0,,社福,新北市政府主計處,身心障礙福利,2010,itemvalue8,是（欄位說明僅存於新北市統計年報）,0.0
99,,,,,,,欄位未定義,0.0,,社福,新北市政府主計處,身心障礙福利,2010,itemvalue9,是（欄位說明僅存於新北市統計年報）,8328.0
99,,,,,,,欄位未定義,0.0,,社福,新北市政府主計處,身心障礙福利,2010,itemvalue10,是（欄位說明僅存於新北市統計年報）,4277.0
99,,,,,,,欄位未定義,0.0,,社福,新北市政府主計處,身心障礙福利,2010,itemvalue11,是（欄位說明僅存於新北市統計年報）,2752.0
99,,,,,,,欄位未定義,0.0,,社福,新北市政府主計處,身心障礙福利,2010,itemvalue12,是（欄位說明僅存於新北市統計年報）,1754.0
99,,,,,,,欄位未定義,0.0,,社福,新北市政府主計處,身心障礙福利服務概況,2010,itemvalue2,是（欄位說明僅存於新北市統計年報）,31.0
99,,,,,,,欄位未定義,0.0,,社福,新北市政府主計處,身心障礙福利服務概況,2010,itemvalue3,是（欄位說明僅存於新北市統計年報）,1735.0
99,,,,,,,欄位未定義,0.0,,社福,新北市政府主計處,身心障礙福利服務概況,2010,itemvalue4,是（欄位說明僅存於新北市統計年報）,1085.0
99,,,,,,,欄位未定義,0.0,,社福,新北市政府主計處,身心障礙福利服務概況,2010,itemvalue5,是（欄位說明僅存於新北市統計年報）,650.0
99,,,,,,,欄位未定義,0.0,,社福,新北市政府主計處,身心障礙福利服務概況,2010,itemvalue6,是（欄位說明僅存於新北市統計年報）,506121.0
99,,,,,,,欄位未定義,0.0,,社福,新北市政府主計處,身心障礙福利服務概況,2010,itemvalue7,是（欄位說明僅存於新北市統計年報）,2018669.0
99,,,,,,,欄位未定義,0.0,,社福,新北市政府主計處,身心障礙福利服務概況,2010,itemvalue8,是（欄位說明僅存於新北市統計年報）,8787.0
99,,,,,,,欄位未定義,0.0,,社福,新北市政府主計處,身心障礙福利服務概況,2010,itemvalue9,是（欄位說明僅存於新北市統計年報）,87626.0
99,,,,,,,欄位未定義,0.0,,社福,新北市政府主計處,身心障礙福利服務概況,2010,itemvalue10,是（欄位說明僅存於新北市統計年報）,3938.0
99,,,,,,,欄位未定義,0.0,,社福,新北市政府主計處,身心障礙福利服務概況,2010,itemvalue11,是（欄位說明僅存於新北市統計年報）,673616.0
