民國年,月,區代碼,行政區,年齡標籤,年齡下限,年齡上限,青年關係,青年權重,性別,主題,機關,資料集,標籤欄,數值欄序號,欄位名稱待補,人數
110,,,,,,,欄位未定義,0.0,,交通,新北市政府主計處,大眾交通工具駕駛人員,2021,item value2,是（欄位說明僅存於新北市統計年報）,2406.0
110,,,,,,,欄位未定義,0.0,,交通,新北市政府主計處,大眾交通工具駕駛人員,2021,item value3,是（欄位說明僅存於新北市統計年報）,67.0
110,,,,,,,欄位未定義,0.0,,交通,新北市政府主計處,大眾交通工具駕駛人員,2021,item value4,是（欄位說明僅存於新北市統計年報）,22857.0
110,,,,,,,欄位未定義,0.0,,交通,新北市政府主計處,大眾交通工具駕駛人員,2021,item value5,是（欄位說明僅存於新北市統計年報）,846.0
110,,,,,,,欄位未定義,0.0,,交通,新北市政府主計處,大眾交通工具駕駛人員,2021,item value6,是（欄位說明僅存於新北市統計年報）,97.29
110,,,,,,,欄位未定義,0.0,,交通,新北市政府主計處,大眾交通工具駕駛人員,2021,item value7,是（欄位說明僅存於新北市統計年報）,2.71
110,,,,,,,欄位未定義,0.0,,交通,新北市政府主計處,大眾交通工具駕駛人員,2021,item value8,是（欄位說明僅存於新北市統計年報）,96.4308315403
110,,,,,,,欄位未定義,0.0,,交通,新北市政府主計處,大眾交通工具駕駛人員,2021,item value9,是（欄位說明僅存於新北市統計年報）,3.5691684597
110,,,,,,,欄位未定義,0.0,,交通,新北市政府主計處,道路交通安全,2021,itemvalue2,是（欄位說明僅存於新北市統計年報）,193.0
110,,,,,,,欄位未定義,0.0,,交通,新北市政府主計處,道路交通安全,2021,itemvalue3,是（欄位說明僅存於新北市統計年報）,71.0
110,,,,,,,欄位未定義,0.0,,交通,新北市政府主計處,道路交通安全,2021,itemvalue4,是（欄位說明僅存於新北市統計年報）,0.0
110,,,,,,,欄位未定義,0.0,,交通,新北市政府主計處,道路交通安全,2021,itemvalue5,是（欄位說明僅存於新北市統計年報）,1.0
110,,,,,,,欄位未定義,0.0,,交通,新北市政府主計處,道路交通安全,2021,itemvalue6,是（欄位說明僅存於新北市統計年報）,7.0
110,,,,,,,欄位未定義,0.0,,交通,新北市政府主計處,道路交通安全,2021,itemvalue7,是（欄位說明僅存於新北市統計年報）,2.0
110,,,,,,,欄位未定義,0.0,,交通,新北市政府主計處,道路交通安全,2021,itemvalue8,是（欄位說明僅存於新北市統計年報）,27.0
110,,,,,,,欄位未定義,0.0,,交通,新北市政府主計處,道路交通安全,2021,itemvalue9,是（欄位說明僅存於新北市統計年報）,8.0
110,,,,,,,欄位未定義,0.0,,交通,新北市政府主計處,道路交通安全,2021,itemvalue10,是（欄位說明僅存於新北市統計年報）,99.0
110,,,,,,,欄位未定義,0.0,,交通,新北市政府主計處,道路交通安全,2021,itemvalue11,是（欄位說明僅存於新北市統計年報）,26.0
110,,,,,,,欄位未定義,0.0,,交通,新北市政府主計處,道路交通安全,2021,itemvalue12,是（欄位說明僅存於新北市統計年報）,60.0
110,,,,,,,欄位未定義,0.0,,交通,新北市政府主計處,道路交通安全,2021,itemvalue13,是（欄位說明僅存於新北市統計年報）,34.0
110,,,,,,,欄位未定義,0.0,,交通,新北市政府主計處,道路交通安全,2021,itemvalue14,是（欄位說明僅存於新北市統計年報）,1443.0
110,,,,,,,欄位未定義,0.0,,交通,新北市政府主計處,道路交通安全,2021,itemvalue15,是（欄位說明僅存於新北市統計年報）,149.0
110,,,,,,,欄位未定義,0.0,,交通,新北市政府主計處,領有駕駛執照數,2021,item value2,是（欄位說明僅存於新北市統計年報）,2781.0
110,,,,,,,欄位未定義,0.0,,交通,新北市政府主計處,領有駕駛執照數,2021,item value3,是（欄位說明僅存於新北市統計年報）,1870.0
110,,,,,,,欄位未定義,0.0,,交通,新北市政府主計處,領有駕駛執照數,2021,item value4,是（欄位說明僅存於新北市統計年報）,59.79
110,,,,,,,欄位未定義,0.0,,交通,新北市政府主計處,領有駕駛執照數,2021,item value5,是（欄位說明僅存於新北市統計年報）,40.21
110,,,,,,,欄位未定義,0.0,,交通,新北市政府主計處,領有駕駛執照數,2021,item value6,是（欄位說明僅存於新北市統計年報）,49.22
110,,,,,,,欄位未定義,0.0,,交通,新北市政府主計處,領有駕駛執照數,2021,item value7,是（欄位說明僅存於新北市統計年報）,48.07
110,,,,,,,欄位未定義,0.0,,交通,新北市政府主計處,領有駕駛執照數,2021,item value8,是（欄位說明僅存於新北市統計年報）,3.2
110,,,,,,,欄位未定義,0.0,,交通,新北市政府主計處,領有駕駛執照數,2021,item value9,是（欄位說明僅存於新北市統計年報）,0.15
110,,,,,,,欄位未定義,0.0,,交通,新北市政府主計處,領有駕駛執照數,2021,item value10,是（欄位說明僅存於新北市統計年報）,3.3
110,,,,,,,欄位未定義,0.0,,交通,新北市政府主計處,領有駕駛執照數,2021,item value11,是（欄位說明僅存於新北市統計年報）,0.08
110,,,,,,,欄位未定義,0.0,,交通,新北市政府主計處,領有駕駛執照數,2021,item value12,是（欄位說明僅存於新北市統計年報）,42.72
110,,,,,,,欄位未定義,0.0,,交通,新北市政府主計處,領有駕駛執照數,2021,item value13,是（欄位說明僅存於新北市統計年報）,47.84
110,,,,,,,欄位未定義,0.0,,交通,新北市政府主計處,領有駕駛執照數,2021,item value14,是（欄位說明僅存於新北市統計年報）,50.78
110,,,,,,,欄位未定義,0.0,,交通,新北市政府主計處,領有駕駛執照數,2021,item value15,是（欄位說明僅存於新北市統計年報）,51.93
110,,,,,,,欄位未定義,0.0,,交通,新北市政府主計處,領有駕駛執照數,2021,item value16,是（欄位說明僅存於新北市統計年報）,3.67
110,,,,,,,欄位未定義,0.0,,交通,新北市政府主計處,領有駕駛執照數,2021,item value17,是（欄位說明僅存於新北市統計年報）,0.35
110,,,,,,,欄位未定義,0.0,,交通,新北市政府主計處,領有駕駛執照數,2021,item value18,是（欄位說明僅存於新北市統計年報）,46.68
110,,,,,,,欄位未定義,0.0,,交通,新北市政府主計處,領有駕駛執照數,2021,item value19,是（欄位說明僅存於新北市統計年報）,44.34
110,,,,,,,欄位未定義,0.0,,交通,新北市政府主計處,領有駕駛執照數,2021,item value20,是（欄位說明僅存於新北市統計年報）,0.43
110,,,,,,,欄位未定義,0.0,,交通,新北市政府主計處,領有駕駛執照數,2021,item value21,是（欄位說明僅存於新北市統計年報）,7.24
110,,,,,,,欄位未定義,0.0,,交通,新北市政府警察局,110年新北市交通違規取締統計,110 | 未領用或未懸掛牌照等 | 12條第1項第1.3.4.5.6.7.8款 | 汽車 | 逕舉,month,是（欄位說明僅存於新北市統計年報）,1.0
110,,,,,,,欄位未定義,0.0,,交通,新北市政府警察局,110年新北市交通違規取締統計,110 | 未領用或未懸掛牌照等 | 12條第1項第1.3.4.5.6.7.8款 | 汽車 | 攔停,month,是（欄位說明僅存於新北市統計年報）,1.0
110,,,,,,,欄位未定義,0.0,,交通,新北市政府警察局,110年新北市交通違規取締統計,110 | 未領用或未懸掛牌照等 | 12條第1項第1.3.4.5.6.7.8款 | 重型機車(250CC以上) | 逕舉,month,是（欄位說明僅存於新北市統計年報）,1.0
110,,,,,,,欄位未定義,0.0,,交通,新北市政府警察局,110年新北市交通違規取締統計,110 | 未領用或未懸掛牌照等 | 12條第1項第1.3.4.5.6.7.8款 | 重型機車(250CC以上) | 攔停,month,是（欄位說明僅存於新北市統計年報）,1.0
110,,,,,,,欄位未定義,0.0,,交通,新北市政府警察局,110年新北市交通違規取締統計,110 | 未領用或未懸掛牌照等 | 12條第1項第1.3.4.5.6.7.8款 | 機車 | 逕舉,month,是（欄位說明僅存於新北市統計年報）,1.0
110,,,,,,,欄位未定義,0.0,,交通,新北市政府警察局,110年新北市交通違規取締統計,110 | 未領用或未懸掛牌照等 | 12條第1項第1.3.4.5.6.7.8款 | 機車 | 攔停,month,是（欄位說明僅存於新北市統計年報）,1.0
110,,,,,,,欄位未定義,0.0,,交通,新北市政府警察局,110年新北市交通違規取締統計,110 | 未領用或未懸掛牌照等 | 12條第1項第1.3.4.5.6.7.8款 | 動力機械 | 攔停,month,是（欄位說明僅存於新北市統計年報）,1.0
110,,,,,,,欄位未定義,0.0,,交通,新北市政府警察局,110年新北市交通違規取締統計,110 | 拼裝車輛違規行駛 | 12條第1項第2款 | 汽車 | 逕舉,month,是（欄位說明僅存於新北市統計年報）,1.0
110,,,,,,,欄位未定義,0.0,,交通,新北市政府警察局,110年新北市交通違規取締統計,110 | 拼裝車輛違規行駛 | 12條第1項第2款 | 汽車 | 攔停,month,是（欄位說明僅存於新北市統計年報）,1.0
110,,,,,,,欄位未定義,0.0,,交通,新北市政府警察局,110年新北市交通違規取締統計,110 | 拼裝車輛違規行駛 | 12條第1項第2款 | 重型機車(250CC以上) | 逕舉,month,是（欄位說明僅存於新北市統計年報）,1.0
110,,,,,,,欄位未定義,0.0,,交通,新北市政府警察局,110年新北市交通違規取締統計,110 | 拼裝車輛違規行駛 | 12條第1項第2款 | 重型機車(250CC以上) | 攔停,month,是（欄位說明僅存於新北市統計年報）,1.0
110,,,,,,,欄位未定義,0.0,,交通,新北市政府警察局,110年新北市交通違規取締統計,110 | 拼裝車輛違規行駛 | 12條第1項第2款 | 機車 | 逕舉,month,是（欄位說明僅存於新北市統計年報）,1.0
110,,,,,,,欄位未定義,0.0,,交通,新北市政府警察局,110年新北市交通違規取締統計,110 | 拼裝車輛違規行駛 | 12條第1項第2款 | 機車 | 攔停,month,是（欄位說明僅存於新北市統計年報）,1.0
110,,,,,,,欄位未定義,0.0,,交通,新北市政府警察局,110年新北市交通違規取締統計,110 | 拼裝車輛違規行駛 | 12條第1項第2款 | 動力機械 | 攔停,month,是（欄位說明僅存於新北市統計年報）,1.0
110,,,,,,,欄位未定義,0.0,,交通,新北市政府警察局,110年新北市交通違規取締統計,110 | 報廢汽車仍行駛 | 12條第1項第9款 | 汽車 | 逕舉,month,是（欄位說明僅存於新北市統計年報）,1.0
110,,,,,,,欄位未定義,0.0,,交通,新北市政府警察局,110年新北市交通違規取締統計,110 | 報廢汽車仍行駛 | 12條第1項第9款 | 汽車 | 攔停,month,是（欄位說明僅存於新北市統計年報）,1.0
110,,,,,,,欄位未定義,0.0,,交通,新北市政府警察局,110年新北市交通違規取締統計,110 | 報廢汽車仍行駛 | 12條第1項第9款 | 重型機車(250CC以上) | 逕舉,month,是（欄位說明僅存於新北市統計年報）,1.0
110,,,,,,,欄位未定義,0.0,,交通,新北市政府警察局,110年新北市交通違規取締統計,110 | 報廢汽車仍行駛 | 12條第1項第9款 | 重型機車(250CC以上) | 攔停,month,是（欄位說明僅存於新北市統計年報）,1.0
110,,,,,,,欄位未定義,0.0,,交通,新北市政府警察局,110年新北市交通違規取締統計,110 | 報廢汽車仍行駛 | 12條第1項第9款 | 機車 | 逕舉,month,是（欄位說明僅存於新北市統計年報）,1.0
110,,,,,,,欄位未定義,0.0,,交通,新北市政府警察局,110年新北市交通違規取締統計,110 | 報廢汽車仍行駛 | 12條第1項第9款 | 機車 | 攔停,month,是（欄位說明僅存於新北市統計年報）,1.0
110,,,,,,,欄位未定義,0.0,,交通,新北市政府警察局,110年新北市交通違規取締統計,110 | 報廢汽車仍行駛 | 12條第1項第9款 | 動力機械 | 攔停,month,是（欄位說明僅存於新北市統計年報）,1.0
110,,,,,,,欄位未定義,0.0,,交通,新北市政府警察局,110年新北市交通違規取締統計,110 | 號牌遺失經舉發後不報請補發仍行駛 | 12條第1項第10款 | 汽車 | 逕舉,month,是（欄位說明僅存於新北市統計年報）,1.0
110,,,,,,,欄位未定義,0.0,,交通,新北市政府警察局,110年新北市交通違規取締統計,110 | 號牌遺失經舉發後不報請補發仍行駛 | 12條第1項第10款 | 汽車 | 攔停,month,是（欄位說明僅存於新北市統計年報）,1.0
110,,,,,,,欄位未定義,0.0,,交通,新北市政府警察局,110年新北市交通違規取締統計,110 | 號牌遺失經舉發後不報請補發仍行駛 | 12條第1項第10款 | 重型機車(250CC以上) | 逕舉,month,是（欄位說明僅存於新北市統計年報）,1.0
110,,,,,,,欄位未定義,0.0,,交通,新北市政府警察局,110年新北市交通違規取締統計,110 | 號牌遺失經舉發後不報請補發仍行駛 | 12條第1項第10款 | 重型機車(250CC以上) | 攔停,month,是（欄位說明僅存於新北市統計年報）,1.0
110,,,,,,,欄位未定義,0.0,,交通,新北市政府警察局,110年新北市交通違規取締統計,110 | 號牌遺失經舉發後不報請補發仍行駛 | 12條第1項第10款 | 機車 | 逕舉,month,是（欄位說明僅存於新北市統計年報）,1.0
110,,,,,,,欄位未定義,0.0,,交通,新北市政府警察局,110年新北市交通違規取締統計,110 | 號牌遺失經舉發後不報請補發仍行駛 | 12條第1項第10款 | 機車 | 攔停,month,是（欄位說明僅存於新北市統計年報）,1.0
110,,,,,,,欄位未定義,0.0,,交通,新北市政府警察局,110年新北市交通違規取締統計,110 | 號牌遺失經舉發後不報請補發仍行駛 | 12條第1項第10款 | 動力機械 | 攔停,month,是（欄位說明僅存於新北市統計年報）,1.0
110,,,,,,,欄位未定義,0.0,,交通,新北市政府警察局,110年新北市交通違規取締統計,110 | 未領用有效牌照、懸掛他車或未懸掛號牌停車 | 12條第4項 | 汽車 | 逕舉,month,是（欄位說明僅存於新北市統計年報）,1.0
110,,,,,,,欄位未定義,0.0,,交通,新北市政府警察局,110年新北市交通違規取締統計,110 | 未領用有效牌照、懸掛他車或未懸掛號牌停車 | 12條第4項 | 汽車 | 攔停,month,是（欄位說明僅存於新北市統計年報）,1.0
110,,,,,,,欄位未定義,0.0,,交通,新北市政府警察局,110年新北市交通違規取締統計,110 | 未領用或未懸掛牌照等 | 12條第1項第1.3.4.5.6.7.8款 | 汽車 | 逕舉,field5_quantity,是（欄位說明僅存於新北市統計年報）,0.0
110,,,,,,,欄位未定義,0.0,,交通,新北市政府警察局,110年新北市交通違規取締統計,110 | 未領用或未懸掛牌照等 | 12條第1項第1.3.4.5.6.7.8款 | 汽車 | 攔停,field5_quantity,是（欄位說明僅存於新北市統計年報）,177.0
110,,,,,,,欄位未定義,0.0,,交通,新北市政府警察局,110年新北市交通違規取締統計,110 | 未領用或未懸掛牌照等 | 12條第1項第1.3.4.5.6.7.8款 | 重型機車(250CC以上) | 逕舉,field5_quantity,是（欄位說明僅存於新北市統計年報）,0.0
110,,,,,,,欄位未定義,0.0,,交通,新北市政府警察局,110年新北市交通違規取締統計,110 | 未領用或未懸掛牌照等 | 12條第1項第1.3.4.5.6.7.8款 | 重型機車(250CC以上) | 攔停,field5_quantity,是（欄位說明僅存於新北市統計年報）,2.0
110,,,,,,,欄位未定義,0.0,,交通,新北市政府警察局,110年新北市交通違規取締統計,110 | 未領用或未懸掛牌照等 | 12條第1項第1.3.4.5.6.7.8款 | 機車 | 逕舉,field5_quantity,是（欄位說明僅存於新北市統計年報）,0.0
110,,,,,,,欄位未定義,0.0,,交通,新北市政府警察局,110年新北市交通違規取締統計,110 | 未領用或未懸掛牌照等 | 12條第1項第1.3.4.5.6.7.8款 | 機車 | 攔停,field5_quantity,是（欄位說明僅存於新北市統計年報）,48.0
110,,,,,,,欄位未定義,0.0,,交通,新北市政府警察局,110年新北市交通違規取締統計,110 | 未領用或未懸掛牌照等 | 12條第1項第1.3.4.5.6.7.8款 | 動力機械 | 攔停,field5_quantity,是（欄位說明僅存於新北市統計年報）,0.0
110,,,,,,,欄位未定義,0.0,,交通,新北市政府警察局,110年新北市交通違規取締統計,110 | 拼裝車輛違規行駛 | 12條第1項第2款 | 汽車 | 逕舉,field5_quantity,是（欄位說明僅存於新北市統計年報）,0.0
110,,,,,,,欄位未定義,0.0,,交通,新北市政府警察局,110年新北市交通違規取締統計,110 | 拼裝車輛違規行駛 | 12條第1項第2款 | 汽車 | 攔停,field5_quantity,是（欄位說明僅存於新北市統計年報）,2.0
110,,,,,,,欄位未定義,0.0,,交通,新北市政府警察局,110年新北市交通違規取締統計,110 | 拼裝車輛違規行駛 | 12條第1項第2款 | 重型機車(250CC以上) | 逕舉,field5_quantity,是（欄位說明僅存於新北市統計年報）,0.0
110,,,,,,,欄位未定義,0.0,,交通,新北市政府警察局,110年新北市交通違規取締統計,110 | 拼裝車輛違規行駛 | 12條第1項第2款 | 重型機車(250CC以上) | 攔停,field5_quantity,是（欄位說明僅存於新北市統計年報）,0.0
110,,,,,,,欄位未定義,0.0,,交通,新北市政府警察局,110年新北市交通違規取締統計,110 | 拼裝車輛違規行駛 | 12條第1項第2款 | 機車 | 逕舉,field5_quantity,是（欄位說明僅存於新北市統計年報）,0.0
110,,,,,,,欄位未定義,0.0,,交通,新北市政府警察局,110年新北市交通違規取締統計,110 | 拼裝車輛違規行駛 | 12條第1項第2款 | 機車 | 攔停,field5_quantity,是（欄位說明僅存於新北市統計年報）,0.0
110,,,,,,,欄位未定義,0.0,,交通,新北市政府警察局,110年新北市交通違規取締統計,110 | 拼裝車輛違規行駛 | 12條第1項第2款 | 動力機械 | 攔停,field5_quantity,是（欄位說明僅存於新北市統計年報）,0.0
110,,,,,,,欄位未定義,0.0,,交通,新北市政府警察局,110年新北市交通違規取締統計,110 | 報廢汽車仍行駛 | 12條第1項第9款 | 汽車 | 逕舉,field5_quantity,是（欄位說明僅存於新北市統計年報）,0.0
110,,,,,,,欄位未定義,0.0,,交通,新北市政府警察局,110年新北市交通違規取締統計,110 | 報廢汽車仍行駛 | 12條第1項第9款 | 汽車 | 攔停,field5_quantity,是（欄位說明僅存於新北市統計年報）,0.0
110,,,,,,,欄位未定義,0.0,,交通,新北市政府警察局,110年新北市交通違規取締統計,110 | 報廢汽車仍行駛 | 12條第1項第9款 | 重型機車(250CC以上) | 逕舉,field5_quantity,是（欄位說明僅存於新北市統計年報）,0.0
110,,,,,,,欄位未定義,0.0,,交通,新北市政府警察局,110年新北市交通違規取締統計,110 | 報廢汽車仍行駛 | 12條第1項第9款 | 重型機車(250CC以上) | 攔停,field5_quantity,是（欄位說明僅存於新北市統計年報）,0.0
110,,,,,,,欄位未定義,0.0,,交通,新北市政府警察局,110年新北市交通違規取締統計,110 | 報廢汽車仍行駛 | 12條第1項第9款 | 機車 | 逕舉,field5_quantity,是（欄位說明僅存於新北市統計年報）,0.0
110,,,,,,,欄位未定義,0.0,,交通,新北市政府警察局,110年新北市交通違規取締統計,110 | 報廢汽車仍行駛 | 12條第1項第9款 | 機車 | 攔停,field5_quantity,是（欄位說明僅存於新北市統計年報）,5.0
110,,,,,,,欄位未定義,0.0,,交通,新北市政府警察局,110年新北市交通違規取締統計,110 | 報廢汽車仍行駛 | 12條第1項第9款 | 動力機械 | 攔停,field5_quantity,是（欄位說明僅存於新北市統計年報）,0.0
110,,,,,,,欄位未定義,0.0,,交通,新北市政府警察局,110年新北市交通違規取締統計,110 | 號牌遺失經舉發後不報請補發仍行駛 | 12條第1項第10款 | 汽車 | 逕舉,field5_quantity,是（欄位說明僅存於新北市統計年報）,0.0
110,,,,,,,欄位未定義,0.0,,交通,新北市政府警察局,110年新北市交通違規取締統計,110 | 號牌遺失經舉發後不報請補發仍行駛 | 12條第1項第10款 | 汽車 | 攔停,field5_quantity,是（欄位說明僅存於新北市統計年報）,0.0
110,,,,,,,欄位未定義,0.0,,交通,新北市政府警察局,110年新北市交通違規取締統計,110 | 號牌遺失經舉發後不報請補發仍行駛 | 12條第1項第10款 | 重型機車(250CC以上) | 逕舉,field5_quantity,是（欄位說明僅存於新北市統計年報）,0.0
110,,,,,,,欄位未定義,0.0,,交通,新北市政府警察局,110年新北市交通違規取締統計,110 | 號牌遺失經舉發後不報請補發仍行駛 | 12條第1項第10款 | 重型機車(250CC以上) | 攔停,field5_quantity,是（欄位說明僅存於新北市統計年報）,0.0
110,,,,,,,欄位未定義,0.0,,交通,新北市政府警察局,110年新北市交通違規取締統計,110 | 號牌遺失經舉發後不報請補發仍行駛 | 12條第1項第10款 | 機車 | 逕舉,field5_quantity,是（欄位說明僅存於新北市統計年報）,0.0
110,,,,,,,欄位未定義,0.0,,交通,新北市政府警察局,110年新北市交通違規取締統計,110 | 號牌遺失經舉發後不報請補發仍行駛 | 12條第1項第10款 | 機車 | 攔停,field5_quantity,是（欄位說明僅存於新北市統計年報）,0.0
110,,,,,,,欄位未定義,0.0,,交通,新北市政府警察局,110年新北市交通違規取締統計,110 | 號牌遺失經舉發後不報請補發仍行駛 | 12條第1項第10款 | 動力機械 | 攔停,field5_quantity,是（欄位說明僅存於新北市統計年報）,0.0
110,,,,,,,欄位未定義,0.0,,交通,新北市政府警察局,110年新北市交通違規取締統計,110 | 未領用有效牌照、懸掛他車或未懸掛號牌停車 | 12條第4項 | 汽車 | 逕舉,field5_quantity,是（欄位說明僅存於新北市統計年報）,136.0
110,,,,,,,欄位未定義,0.0,,交通,新北市政府警察局,110年新北市交通違規取締統計,110 | 未領用有效牌照、懸掛他車或未懸掛號牌停車 | 12條第4項 | 汽車 | 攔停,field5_quantity,是（欄位說明僅存於新北市統計年報）,2.0
110,,,,,,,欄位未定義,0.0,,人口,新北市政府主計處,人口年齡分配,2021,itemvalue2,是（欄位說明僅存於新北市統計年報）,12.5
110,,,,,,,欄位未定義,0.0,,人口,新北市政府主計處,人口年齡分配,2021,itemvalue3,是（欄位說明僅存於新北市統計年報）,11.1
110,,,,,,,欄位未定義,0.0,,人口,新北市政府主計處,人口年齡分配,2021,itemvalue4,是（欄位說明僅存於新北市統計年報）,72.58
110,,,,,,,欄位未定義,0.0,,人口,新北市政府主計處,人口年齡分配,2021,itemvalue5,是（欄位說明僅存於新北市統計年報）,71.44
110,,,,,,,欄位未定義,0.0,,人口,新北市政府主計處,人口年齡分配,2021,itemvalue6,是（欄位說明僅存於新北市統計年報）,14.92
110,,,,,,,欄位未定義,0.0,,人口,新北市政府主計處,人口年齡分配,2021,itemvalue7,是（欄位說明僅存於新北市統計年報）,17.45
110,,,,,,,欄位未定義,0.0,,人口,新北市政府主計處,人口年齡分配,2021,itemvalue8,是（欄位說明僅存於新北市統計年報）,78.6856852813
110,,,,,,,欄位未定義,0.0,,人口,新北市政府主計處,人口年齡分配,2021,itemvalue9,是（欄位說明僅存於新北市統計年報）,84.8750831642
110,,,,,,,欄位未定義,0.0,,人口,新北市政府主計處,人口概況,2021,item value2,是（欄位說明僅存於新北市統計年報）,1957.337
110,,,,,,,欄位未定義,0.0,,人口,新北市政府主計處,人口概況,2021,item value3,是（欄位說明僅存於新北市統計年報）,2050.776
110,,,,,,,欄位未定義,0.0,,人口,新北市政府主計處,人口概況,2021,item value4,是（欄位說明僅存於新北市統計年報）,95.4437247169
110,,,,,,,欄位未定義,0.0,,人口,新北市政府主計處,人口概況,2021,item value5,是（欄位說明僅存於新北市統計年報）,867.351
110,,,,,,,欄位未定義,0.0,,人口,新北市政府主計處,人口概況,2021,item value6,是（欄位說明僅存於新北市統計年報）,752.945
110,,,,,,,欄位未定義,0.0,,人口,新北市政府主計處,人口概況,2021,item value7,是（欄位說明僅存於新北市統計年報）,115.1944697156
110,,,,,,,欄位未定義,0.0,,人口,新北市政府主計處,人口概況,2021,item value8,是（欄位說明僅存於新北市統計年報）,288.708
110,,,,,,,欄位未定義,0.0,,人口,新北市政府主計處,人口概況,2021,item value9,是（欄位說明僅存於新北市統計年報）,309.051
110,,,,,,,欄位未定義,0.0,,人口,新北市政府主計處,人口概況,2021,item value10,是（欄位說明僅存於新北市統計年報）,93.4175912713
110,,,,,,,欄位未定義,0.0,,人口,新北市政府主計處,人口消長,2021,item value2,是（欄位說明僅存於新北市統計年報）,-5.597567512
110,,,,,,,欄位未定義,0.0,,人口,新北市政府主計處,人口消長,2021,item value3,是（欄位說明僅存於新北市統計年報）,-5.7320884961
110,,,,,,,欄位未定義,0.0,,人口,新北市政府主計處,人口消長,2021,item value4,是（欄位說明僅存於新北市統計年報）,12502.0
110,,,,,,,欄位未定義,0.0,,人口,新北市政府主計處,人口消長,2021,item value5,是（欄位說明僅存於新北市統計年報）,11726.0
110,,,,,,,欄位未定義,0.0,,人口,新北市政府主計處,人口消長,2021,item value6,是（欄位說明僅存於新北市統計年報）,106.6177724714
110,,,,,,,欄位未定義,0.0,,人口,新北市政府主計處,人口消長,2021,item value7,是（欄位說明僅存於新北市統計年報）,6.03
110,,,,,,,欄位未定義,0.0,,人口,新北市政府主計處,人口消長,2021,item value8,是（欄位說明僅存於新北市統計年報）,15840.0
110,,,,,,,欄位未定義,0.0,,人口,新北市政府主計處,人口消長,2021,item value9,是（欄位說明僅存於新北市統計年報）,11224.0
110,,,,,,,欄位未定義,0.0,,人口,新北市政府主計處,人口消長,2021,item value10,是（欄位說明僅存於新北市統計年報）,6.73
110,,,,,,,欄位未定義,0.0,,人口,新北市政府主計處,人口消長,2021,item value11,是（欄位說明僅存於新北市統計年報）,133580.0
110,,,,,,,欄位未定義,0.0,,人口,新北市政府主計處,人口消長,2021,item value12,是（欄位說明僅存於新北市統計年報）,152783.0
110,,,,,,,欄位未定義,0.0,,人口,新北市政府主計處,人口消長,2021,item value13,是（欄位說明僅存於新北市統計年報）,87.431193261
110,,,,,,,欄位未定義,0.0,,人口,新北市政府主計處,人口消長,2021,item value14,是（欄位說明僅存於新北市統計年報）,141260.0
110,,,,,,,欄位未定義,0.0,,人口,新北市政府主計處,人口消長,2021,item value15,是（欄位說明僅存於新北市統計年報）,165108.0
110,,,,,,,欄位未定義,0.0,,人口,新北市政府主計處,人口消長,2021,item value16,是（欄位說明僅存於新北市統計年報）,85.5561208421
110,,,,,,,欄位未定義,0.0,,人口,新北市政府主計處,刑事案件犯罪人口率,2021,item value2,是（欄位說明僅存於新北市統計年報）,841.69
110,,,,,,,欄位未定義,0.0,,人口,新北市政府主計處,刑事案件犯罪人口率,2021,item value3,是（欄位說明僅存於新北市統計年報）,188.31
110,,,,,,,欄位未定義,0.0,,人口,新北市政府主計處,刑事案件犯罪人口率,2021,item value4,是（欄位說明僅存於新北市統計年報）,0.0
110,,,,,,,欄位未定義,0.0,,人口,新北市政府主計處,刑事案件犯罪人口率,2021,item value5,是（欄位說明僅存於新北市統計年報）,0.0
110,,,,,,,欄位未定義,0.0,,人口,新北市政府主計處,刑事案件犯罪人口率,2021,item value6,是（欄位說明僅存於新北市統計年報）,617.16
110,,,,,,,欄位未定義,0.0,,人口,新北市政府主計處,刑事案件犯罪人口率,2021,item value7,是（欄位說明僅存於新北市統計年報）,99.38
110,,,,,,,欄位未定義,0.0,,人口,新北市政府主計處,刑事案件犯罪人口率,2021,item value8,是（欄位說明僅存於新北市統計年報）,1522.67
110,,,,,,,欄位未定義,0.0,,人口,新北市政府主計處,刑事案件犯罪人口率,2021,item value9,是（欄位說明僅存於新北市統計年報）,330.51
110,,,,,,,欄位未定義,0.0,,人口,新北市政府主計處,刑事案件犯罪人口率,2021,item value10,是（欄位說明僅存於新北市統計年報）,903.28
110,,,,,,,欄位未定義,0.0,,人口,新北市政府主計處,刑事案件犯罪人口率,2021,item value11,是（欄位說明僅存於新北市統計年報）,203.36
110,,,,,,,欄位未定義,0.0,,人口,新北市政府主計處,吸菸人口,2021,itemvalue2,是（欄位說明僅存於新北市統計年報）,0.0
110,,,,,,,欄位未定義,0.0,,人口,新北市政府主計處,吸菸人口,2021,itemvalue3,是（欄位說明僅存於新北市統計年報）,0.0
110,,,,,,,欄位未定義,0.0,,人口,新北市政府主計處,吸菸人口,2021,itemvalue4,是（欄位說明僅存於新北市統計年報）,0.0
110,,,,,,,欄位未定義,0.0,,人口,新北市政府主計處,吸菸人口,2021,itemvalue5,是（欄位說明僅存於新北市統計年報）,0.0
110,,,,,,,欄位未定義,0.0,,人口,新北市政府主計處,吸菸人口,2021,itemvalue6,是（欄位說明僅存於新北市統計年報）,0.0
110,,,,,,,欄位未定義,0.0,,人口,新北市政府主計處,吸菸人口,2021,itemvalue7,是（欄位說明僅存於新北市統計年報）,0.0
110,,,,,,,欄位未定義,0.0,,人口,新北市政府主計處,新住民概況,2021,itemvalue2,是（欄位說明僅存於新北市統計年報）,13044.0
110,,,,,,,欄位未定義,0.0,,人口,新北市政府主計處,新住民概況,2021,itemvalue3,是（欄位說明僅存於新北市統計年報）,97988.0
110,,,,,,,欄位未定義,0.0,,人口,新北市政府主計處,新住民概況,2021,itemvalue4,是（欄位說明僅存於新北市統計年報）,7671.0
110,,,,,,,欄位未定義,0.0,,人口,新北市政府主計處,新住民概況,2021,itemvalue5,是（欄位說明僅存於新北市統計年報）,68098.0
110,,,,,,,欄位未定義,0.0,,人口,新北市政府主計處,新住民概況,2021,itemvalue6,是（欄位說明僅存於新北市統計年報）,11.2646480073
110,,,,,,,欄位未定義,0.0,,人口,新北市政府主計處,新住民概況,2021,itemvalue7,是（欄位說明僅存於新北市統計年報）,1276.0
110,,,,,,,欄位未定義,0.0,,人口,新北市政府主計處,新住民概況,2021,itemvalue8,是（欄位說明僅存於新北市統計年報）,26153.0
110,,,,,,,欄位未定義,0.0,,人口,新北市政府主計處,新住民概況,2021,itemvalue9,是（欄位說明僅存於新北市統計年報）,4.8789813788
110,,,,,,,欄位未定義,0.0,,人口,新北市政府主計處,新住民概況,2021,itemvalue10,是（欄位說明僅存於新北市統計年報）,4097.0
110,,,,,,,欄位未定義,0.0,,人口,新北市政府主計處,新住民概況,2021,itemvalue11,是（欄位說明僅存於新北市統計年報）,3737.0
110,,,,,,,欄位未定義,0.0,,人口,新北市政府主計處,新住民概況,2021,itemvalue12,是（欄位說明僅存於新北市統計年報）,109.633395772
110,,,,,,,欄位未定義,0.0,,人口,新北市政府水利局,新北市污水下水道用戶接管普及率,110,sewage_treatment_connection_rates_new_system,是（欄位說明僅存於新北市統計年報）,69.61
110,,,,,,,欄位未定義,0.0,,人口,新北市政府財政局,新北巿最近5年房屋稅綜合統計表,110,column1,是（欄位說明僅存於新北市統計年報）,1765541.0
110,,,,,,,欄位未定義,0.0,,人口,新北市政府財政局,新北巿最近5年房屋稅綜合統計表,110,column2,是（欄位說明僅存於新北市統計年報）,335833.0
110,,,,,,,欄位未定義,0.0,,人口,新北市政府財政局,新北巿最近5年房屋稅綜合統計表,110,column3,是（欄位說明僅存於新北市統計年報）,219910407.0
110,,,,,,,欄位未定義,0.0,,人口,新北市政府財政局,新北巿最近5年房屋稅綜合統計表,110,column4,是（欄位說明僅存於新北市統計年報）,66191131.0
110,,,,,,,欄位未定義,0.0,,人口,新北市政府財政局,新北巿最近5年房屋稅綜合統計表,110,column5_thousandtwd,是（欄位說明僅存於新北市統計年報）,865924000.0
110,,,,,,,欄位未定義,0.0,,人口,新北市政府財政局,新北巿最近5年房屋稅綜合統計表,110,column6_thousandtwd,是（欄位說明僅存於新北市統計年報）,212482000.0
110,,,,,,,欄位未定義,0.0,,人口,新北市政府財政局,新北巿最近5年房屋稅綜合統計表,110,column7_thousandtwd,是（欄位說明僅存於新北市統計年報）,13190286.0
110,,,,,,,欄位未定義,0.0,,健康,新北市政府主計處,自殺通報人數(99年以後) ,2021,itemvalue2,是（欄位說明僅存於新北市統計年報）,2730.0
110,,,,,,,欄位未定義,0.0,,健康,新北市政府主計處,自殺通報人數(99年以後) ,2021,itemvalue3,是（欄位說明僅存於新北市統計年報）,5846.0
110,,,,,,,欄位未定義,0.0,,健康,新北市政府主計處,自殺通報人數(99年以後) ,2021,itemvalue4,是（欄位說明僅存於新北市統計年報）,31.0
110,,,,,,,欄位未定義,0.0,,健康,新北市政府主計處,自殺通報人數(99年以後) ,2021,itemvalue5,是（欄位說明僅存於新北市統計年報）,12.0
110,,,,,,,欄位未定義,0.0,,健康,新北市政府主計處,自殺通報人數(99年以後) ,2021,itemvalue6,是（欄位說明僅存於新北市統計年報）,190.0
110,,,,,,,欄位未定義,0.0,,健康,新北市政府主計處,自殺通報人數(99年以後) ,2021,itemvalue7,是（欄位說明僅存於新北市統計年報）,670.0
110,,,,,,,欄位未定義,0.0,,健康,新北市政府主計處,自殺通報人數(99年以後) ,2021,itemvalue8,是（欄位說明僅存於新北市統計年報）,259.0
110,,,,,,,欄位未定義,0.0,,健康,新北市政府主計處,自殺通報人數(99年以後) ,2021,itemvalue9,是（欄位說明僅存於新北市統計年報）,991.0
110,,,,,,,欄位未定義,0.0,,健康,新北市政府主計處,自殺通報人數(99年以後) ,2021,itemvalue10,是（欄位說明僅存於新北市統計年報）,585.0
110,,,,,,,欄位未定義,0.0,,健康,新北市政府主計處,自殺通報人數(99年以後) ,2021,itemvalue11,是（欄位說明僅存於新北市統計年報）,1446.0
110,,,,,,,欄位未定義,0.0,,健康,新北市政府主計處,自殺通報人數(99年以後) ,2021,itemvalue12,是（欄位說明僅存於新北市統計年報）,447.0
110,,,,,,,欄位未定義,0.0,,健康,新北市政府主計處,自殺通報人數(99年以後) ,2021,itemvalue13,是（欄位說明僅存於新北市統計年報）,850.0
110,,,,,,,欄位未定義,0.0,,健康,新北市政府主計處,自殺通報人數(99年以後) ,2021,itemvalue14,是（欄位說明僅存於新北市統計年報）,411.0
110,,,,,,,欄位未定義,0.0,,健康,新北市政府主計處,自殺通報人數(99年以後) ,2021,itemvalue15,是（欄位說明僅存於新北市統計年報）,785.0
110,,,,,,,欄位未定義,0.0,,健康,新北市政府主計處,自殺通報人數(99年以後) ,2021,itemvalue16,是（欄位說明僅存於新北市統計年報）,302.0
110,,,,,,,欄位未定義,0.0,,健康,新北市政府主計處,自殺通報人數(99年以後) ,2021,itemvalue17,是（欄位說明僅存於新北市統計年報）,481.0
110,,,,,,,欄位未定義,0.0,,健康,新北市政府主計處,自殺通報人數(99年以後) ,2021,itemvalue18,是（欄位說明僅存於新北市統計年報）,487.0
110,,,,,,,欄位未定義,0.0,,健康,新北市政府主計處,自殺通報人數(99年以後) ,2021,itemvalue19,是（欄位說明僅存於新北市統計年報）,575.0
110,,,,,,,欄位未定義,0.0,,健康,新北市政府主計處,醫療服務,2021,itemvalue2,是（欄位說明僅存於新北市統計年報）,78.6856852813
110,,,,,,,欄位未定義,0.0,,健康,新北市政府主計處,醫療服務,2021,itemvalue3,是（欄位說明僅存於新北市統計年報）,84.8750831642
110,,,,,,,欄位未定義,0.0,,健康,新北市政府主計處,醫療服務,2021,itemvalue4,是（欄位說明僅存於新北市統計年報）,90447.0345610405
110,,,,,,,欄位未定義,0.0,,健康,新北市政府主計處,醫療服務,2021,itemvalue5,是（欄位說明僅存於新北市統計年報）,94080.2139362446
110,,,,,,,欄位未定義,0.0,,健康,新北市政府主計處,醫療服務,2021,itemvalue6,是（欄位說明僅存於新北市統計年報）,2029.7427
110,,,,,,,欄位未定義,0.0,,健康,新北市政府主計處,醫療服務,2021,itemvalue7,是（欄位說明僅存於新北市統計年報）,3237866.4116
110,,,,,,,欄位未定義,0.0,,健康,新北市政府主計處,醫療服務,2021,itemvalue8,是（欄位說明僅存於新北市統計年報）,2543.323
110,,,,,,,欄位未定義,0.0,,健康,新北市政府主計處,醫療服務,2021,itemvalue9,是（欄位說明僅存於新北市統計年報）,3329435.1746
110,,,,,,,欄位未定義,0.0,,健康,新北市政府主計處,醫療服務,2021,itemvalue10,是（欄位說明僅存於新北市統計年報）,13.5642
110,,,,,,,欄位未定義,0.0,,健康,新北市政府主計處,醫療服務,2021,itemvalue11,是（欄位說明僅存於新北市統計年報）,1070264.2061
110,,,,,,,欄位未定義,0.0,,健康,新北市政府主計處,醫療服務,2021,itemvalue12,是（欄位說明僅存於新北市統計年報）,13.7391
110,,,,,,,欄位未定義,0.0,,健康,新北市政府主計處,醫療服務,2021,itemvalue13,是（欄位說明僅存於新北市統計年報）,885491.8145
110,,,,,,,欄位未定義,0.0,,婚育,新北市政府主計處,失業率－婚姻狀況別,2021,item value2,是（欄位說明僅存於新北市統計年報）,6.4
110,,,,,,,欄位未定義,0.0,,婚育,新北市政府主計處,失業率－婚姻狀況別,2021,item value3,是（欄位說明僅存於新北市統計年報）,5.9
110,,,,,,,欄位未定義,0.0,,婚育,新北市政府主計處,失業率－婚姻狀況別,2021,item value4,是（欄位說明僅存於新北市統計年報）,2.6
110,,,,,,,欄位未定義,0.0,,婚育,新北市政府主計處,失業率－婚姻狀況別,2021,item value5,是（欄位說明僅存於新北市統計年報）,1.9
110,,,,,,,欄位未定義,0.0,,婚育,新北市政府主計處,失業率－婚姻狀況別,2021,item value6,是（欄位說明僅存於新北市統計年報）,2.9
110,,,,,,,欄位未定義,0.0,,婚育,新北市政府主計處,失業率－婚姻狀況別,2021,item value7,是（欄位說明僅存於新北市統計年報）,2.5
110,,,,,,,欄位未定義,0.0,,婚育,新北市政府主計處,婚姻狀況,2021,itemvalue2,是（欄位說明僅存於新北市統計年報）,1712669.0
110,,,,,,,欄位未定義,0.0,,婚育,新北市政府主計處,婚姻狀況,2021,itemvalue3,是（欄位說明僅存於新北市統計年報）,1823051.0
110,,,,,,,欄位未定義,0.0,,婚育,新北市政府主計處,婚姻狀況,2021,itemvalue4,是（欄位說明僅存於新北市統計年報）,666818.0
110,,,,,,,欄位未定義,0.0,,婚育,新北市政府主計處,婚姻狀況,2021,itemvalue5,是（欄位說明僅存於新北市統計年報）,580103.0
110,,,,,,,欄位未定義,0.0,,婚育,新北市政府主計處,婚姻狀況,2021,itemvalue6,是（欄位說明僅存於新北市統計年報）,858484.0
110,,,,,,,欄位未定義,0.0,,婚育,新北市政府主計處,婚姻狀況,2021,itemvalue7,是（欄位說明僅存於新北市統計年報）,879546.0
110,,,,,,,欄位未定義,0.0,,婚育,新北市政府主計處,婚姻狀況,2021,itemvalue8,是（欄位說明僅存於新北市統計年報）,740.0
110,,,,,,,欄位未定義,0.0,,婚育,新北市政府主計處,婚姻狀況,2021,itemvalue9,是（欄位說明僅存於新北市統計年報）,1595.0
110,,,,,,,欄位未定義,0.0,,婚育,新北市政府主計處,婚姻狀況,2021,itemvalue10,是（欄位說明僅存於新北市統計年報）,34641.0
110,,,,,,,欄位未定義,0.0,,婚育,新北市政府主計處,婚姻狀況,2021,itemvalue11,是（欄位說明僅存於新北市統計年報）,174973.0
110,,,,,,,欄位未定義,0.0,,婚育,新北市政府主計處,婚姻狀況,2021,itemvalue12,是（欄位說明僅存於新北市統計年報）,3.0
110,,,,,,,欄位未定義,0.0,,婚育,新北市政府主計處,婚姻狀況,2021,itemvalue13,是（欄位說明僅存於新北市統計年報）,6.0
110,,,,,,,欄位未定義,0.0,,婚育,新北市政府主計處,婚姻狀況,2021,itemvalue14,是（欄位說明僅存於新北市統計年報）,152726.0
110,,,,,,,欄位未定義,0.0,,婚育,新北市政府主計處,婚姻狀況,2021,itemvalue15,是（欄位說明僅存於新北市統計年報）,188429.0
110,,,,,,,欄位未定義,0.0,,婚育,新北市政府主計處,婚姻狀況,2021,itemvalue16,是（欄位說明僅存於新北市統計年報）,86.0
110,,,,,,,欄位未定義,0.0,,婚育,新北市政府主計處,婚姻狀況,2021,itemvalue17,是（欄位說明僅存於新北市統計年報）,179.0
110,,,,,,,欄位未定義,0.0,,婚育,新北市政府主計處,婚姻狀況—喪偶年齡結構,2021,itemvalue2,是（欄位說明僅存於新北市統計年報）,0.0
110,,,,,,,欄位未定義,0.0,,婚育,新北市政府主計處,婚姻狀況—喪偶年齡結構,2021,itemvalue3,是（欄位說明僅存於新北市統計年報）,0.0
110,,,,,,,欄位未定義,0.0,,婚育,新北市政府主計處,婚姻狀況—喪偶年齡結構,2021,itemvalue4,是（欄位說明僅存於新北市統計年報）,0.0115470108
110,,,,,,,欄位未定義,0.0,,婚育,新北市政府主計處,婚姻狀況—喪偶年齡結構,2021,itemvalue5,是（欄位說明僅存於新北市統計年報）,0.0028575837
110,,,,,,,欄位未定義,0.0,,婚育,新北市政府主計處,婚姻狀況—喪偶年齡結構,2021,itemvalue6,是（欄位說明僅存於新北市統計年報）,0.0144337635
110,,,,,,,欄位未定義,0.0,,婚育,新北市政府主計處,婚姻狀況—喪偶年齡結構,2021,itemvalue7,是（欄位說明僅存於新北市統計年報）,0.0245752202
110,,,,,,,欄位未定義,0.0,,婚育,新北市政府主計處,婚姻狀況—喪偶年齡結構,2021,itemvalue8,是（欄位說明僅存於新北市統計年報）,0.1010363442
110,,,,,,,欄位未定義,0.0,,婚育,新北市政府主計處,婚姻狀況—喪偶年齡結構,2021,itemvalue9,是（欄位說明僅存於新北市統計年報）,0.0754402108
110,,,,,,,欄位未定義,0.0,,婚育,新北市政府主計處,婚姻狀況—喪偶年齡結構,2021,itemvalue10,是（欄位說明僅存於新北市統計年報）,0.3550705811
110,,,,,,,欄位未定義,0.0,,婚育,新北市政府主計處,婚姻狀況—喪偶年齡結構,2021,itemvalue11,是（欄位說明僅存於新北市統計年報）,0.4074914415
110,,,,,,,欄位未定義,0.0,,婚育,新北市政府主計處,婚姻狀況—喪偶年齡結構,2021,itemvalue12,是（欄位說明僅存於新北市統計年報）,99.5179123005
110,,,,,,,欄位未定義,0.0,,婚育,新北市政府主計處,婚姻狀況—喪偶年齡結構,2021,itemvalue13,是（欄位說明僅存於新北市統計年報）,99.4896355438
110,,,,,,,欄位未定義,0.0,,婚育,新北市政府主計處,婚姻狀況—有偶年齡結構,2021,itemvalue2,是（欄位說明僅存於新北市統計年報）,0.0059407048
110,,,,,,,欄位未定義,0.0,,婚育,新北市政府主計處,婚姻狀況—有偶年齡結構,2021,itemvalue3,是（欄位說明僅存於新北市統計年報）,0.0213746637
110,,,,,,,欄位未定義,0.0,,婚育,新北市政府主計處,婚姻狀況—有偶年齡結構,2021,itemvalue4,是（欄位說明僅存於新北市統計年報）,0.2151467005
110,,,,,,,欄位未定義,0.0,,婚育,新北市政府主計處,婚姻狀況—有偶年齡結構,2021,itemvalue5,是（欄位說明僅存於新北市統計年報）,0.3972503996
110,,,,,,,欄位未定義,0.0,,婚育,新北市政府主計處,婚姻狀況—有偶年齡結構,2021,itemvalue6,是（欄位說明僅存於新北市統計年報）,1.4559386081
110,,,,,,,欄位未定義,0.0,,婚育,新北市政府主計處,婚姻狀況—有偶年齡結構,2021,itemvalue7,是（欄位說明僅存於新北市統計年報）,2.2623035066
110,,,,,,,欄位未定義,0.0,,婚育,新北市政府主計處,婚姻狀況—有偶年齡結構,2021,itemvalue8,是（欄位說明僅存於新北市統計年報）,4.6109187824
110,,,,,,,欄位未定義,0.0,,婚育,新北市政府主計處,婚姻狀況—有偶年齡結構,2021,itemvalue9,是（欄位說明僅存於新北市統計年報）,6.098032394
110,,,,,,,欄位未定義,0.0,,婚育,新北市政府主計處,婚姻狀況—有偶年齡結構,2021,itemvalue10,是（欄位說明僅存於新北市統計年報）,8.3056877006
110,,,,,,,欄位未定義,0.0,,婚育,新北市政府主計處,婚姻狀況—有偶年齡結構,2021,itemvalue11,是（欄位說明僅存於新北市統計年報）,10.0908877989
110,,,,,,,欄位未定義,0.0,,婚育,新北市政府主計處,婚姻狀況—有偶年齡結構,2021,itemvalue12,是（欄位說明僅存於新北市統計年報）,85.4063675036
110,,,,,,,欄位未定義,0.0,,婚育,新北市政府主計處,婚姻狀況—有偶年齡結構,2021,itemvalue13,是（欄位說明僅存於新北市統計年報）,81.1301512371
110,,,,,,,欄位未定義,0.0,,婚育,新北市政府主計處,婚姻狀況—未婚年齡結構,2021,percent2,是（欄位說明僅存於新北市統計年報）,14.1168954647
110,,,,,,,欄位未定義,0.0,,婚育,新北市政府主計處,婚姻狀況—未婚年齡結構,2021,percent3,是（欄位說明僅存於新北市統計年報）,14.7394514422
110,,,,,,,欄位未定義,0.0,,婚育,新北市政府主計處,婚姻狀況—未婚年齡結構,2021,percent4,是（欄位說明僅存於新北市統計年報）,18.1415318723
110,,,,,,,欄位未定義,0.0,,婚育,新北市政府主計處,婚姻狀況—未婚年齡結構,2021,percent5,是（欄位說明僅存於新北市統計年報）,18.8419987485
110,,,,,,,欄位未定義,0.0,,婚育,新北市政府主計處,婚姻狀況—未婚年齡結構,2021,percent6,是（欄位說明僅存於新北市統計年報）,18.9303528099
110,,,,,,,欄位未定義,0.0,,婚育,新北市政府主計處,婚姻狀況—未婚年齡結構,2021,percent7,是（欄位說明僅存於新北市統計年報）,18.567047576
110,,,,,,,欄位未定義,0.0,,婚育,新北市政府主計處,婚姻狀況—未婚年齡結構,2021,percent8,是（欄位說明僅存於新北市統計年報）,14.7247074914
110,,,,,,,欄位未定義,0.0,,婚育,新北市政府主計處,婚姻狀況—未婚年齡結構,2021,percent9,是（欄位說明僅存於新北市統計年報）,12.7615268323
110,,,,,,,欄位未定義,0.0,,婚育,新北市政府主計處,婚姻狀況—未婚年齡結構,2021,percent10,是（欄位說明僅存於新北市統計年報）,10.823643033
110,,,,,,,欄位未定義,0.0,,婚育,新北市政府主計處,婚姻狀況—未婚年齡結構,2021,percent11,是（欄位說明僅存於新北市統計年報）,8.9339306985
110,,,,,,,欄位未定義,0.0,,婚育,新北市政府主計處,婚姻狀況—未婚年齡結構,2021,percent12,是（欄位說明僅存於新北市統計年報）,23.2628693287
110,,,,,,,欄位未定義,0.0,,婚育,新北市政府主計處,婚姻狀況—未婚年齡結構,2021,percent13,是（欄位說明僅存於新北市統計年報）,26.1560447024
110,,,,,,,欄位未定義,0.0,,婚育,新北市政府主計處,婚姻狀況—離婚年齡結構,2021,percent2,是（欄位說明僅存於新北市統計年報）,0.0045833715
110,,,,,,,欄位未定義,0.0,,婚育,新北市政府主計處,婚姻狀況—離婚年齡結構,2021,percent3,是（欄位說明僅存於新北市統計年報）,0.0132675968
110,,,,,,,欄位未定義,0.0,,婚育,新北市政府主計處,婚姻狀況—離婚年齡結構,2021,percent4,是（欄位說明僅存於新北市統計年報）,0.2553592709
110,,,,,,,欄位未定義,0.0,,婚育,新北市政府主計處,婚姻狀況—離婚年齡結構,2021,percent5,是（欄位說明僅存於新北市統計年報）,0.4845326356
110,,,,,,,欄位未定義,0.0,,婚育,新北市政府主計處,婚姻狀況—離婚年齡結構,2021,percent6,是（欄位說明僅存於新北市統計年報）,1.403166455
110,,,,,,,欄位未定義,0.0,,婚育,新北市政府主計處,婚姻狀況—離婚年齡結構,2021,percent7,是（欄位說明僅存於新北市統計年報）,1.6504890436
110,,,,,,,欄位未定義,0.0,,婚育,新北市政府主計處,婚姻狀況—離婚年齡結構,2021,percent8,是（欄位說明僅存於新北市統計年報）,3.060382646
110,,,,,,,欄位未定義,0.0,,婚育,新北市政府主計處,婚姻狀況—離婚年齡結構,2021,percent9,是（欄位說明僅存於新北市統計年報）,3.4049960463
110,,,,,,,欄位未定義,0.0,,婚育,新北市政府主計處,婚姻狀況—離婚年齡結構,2021,percent10,是（欄位說明僅存於新北市統計年報）,6.2792189935
110,,,,,,,欄位未定義,0.0,,婚育,新北市政府主計處,婚姻狀況—離婚年齡結構,2021,percent11,是（欄位說明僅存於新北市統計年報）,7.315752883
110,,,,,,,欄位未定義,0.0,,婚育,新北市政府主計處,婚姻狀況—離婚年齡結構,2021,percent12,是（欄位說明僅存於新北市統計年報）,88.9972892631
110,,,,,,,欄位未定義,0.0,,婚育,新北市政府主計處,婚姻狀況—離婚年齡結構,2021,percent13,是（欄位說明僅存於新北市統計年報）,87.1309617946
110,,,,,,,欄位未定義,0.0,,婚育,新北市政府主計處,嬰兒出生情形,2021,item value2,是（欄位說明僅存於新北市統計年報）,96.3525835866
110,,,,,,,欄位未定義,0.0,,婚育,新北市政府主計處,嬰兒出生情形,2021,item value3,是（欄位說明僅存於新北市統計年報）,96.4864403889
110,,,,,,,欄位未定義,0.0,,婚育,新北市政府主計處,嬰兒出生情形,2021,item value4,是（欄位說明僅存於新北市統計年報）,3.6474164134
110,,,,,,,欄位未定義,0.0,,婚育,新北市政府主計處,嬰兒出生情形,2021,item value5,是（欄位說明僅存於新北市統計年報）,3.5135596111
110,,,,,,,欄位未定義,0.0,,婚育,新北市政府主計處,嬰兒出生情形,2021,item value6,是（欄位說明僅存於新北市統計年報）,0.0
110,,,,,,,欄位未定義,0.0,,婚育,新北市政府主計處,嬰兒出生情形,2021,item value7,是（欄位說明僅存於新北市統計年報）,0.0
110,,,,,,,欄位未定義,0.0,,婚育,新北市政府主計處,嬰兒出生情形,2021,item value8,是（欄位說明僅存於新北市統計年報）,95.6726923692
110,,,,,,,欄位未定義,0.0,,婚育,新北市政府主計處,嬰兒出生情形,2021,item value9,是（欄位說明僅存於新北市統計年報）,95.5909943715
110,,,,,,,欄位未定義,0.0,,婚育,新北市政府主計處,嬰兒出生情形,2021,item value10,是（欄位說明僅存於新北市統計年報）,4.2873140298
110,,,,,,,欄位未定義,0.0,,婚育,新北市政府主計處,嬰兒出生情形,2021,item value11,是（欄位說明僅存於新北市統計年報）,4.4004775712
110,,,,,,,欄位未定義,0.0,,婚育,新北市政府主計處,嬰兒出生情形,2021,item value12,是（欄位說明僅存於新北市統計年報）,0.0239961606
110,,,,,,,欄位未定義,0.0,,婚育,新北市政府主計處,嬰兒出生情形,2021,item value13,是（欄位說明僅存於新北市統計年報）,0.0
110,,,,,,,欄位未定義,0.0,,婚育,新北市政府主計處,嬰兒生母生育胎次及年齡,2021,item value2,是（欄位說明僅存於新北市統計年報）,55.5844477464
110,,,,,,,欄位未定義,0.0,,婚育,新北市政府主計處,嬰兒生母生育胎次及年齡,2021,item value3,是（欄位說明僅存於新北市統計年報）,0.7511969622
110,,,,,,,欄位未定義,0.0,,婚育,新北市政府主計處,嬰兒生母生育胎次及年齡,2021,item value4,是（欄位說明僅存於新北市統計年報）,4.6351329041
110,,,,,,,欄位未定義,0.0,,婚育,新北市政府主計處,嬰兒生母生育胎次及年齡,2021,item value5,是（欄位說明僅存於新北市統計年報）,13.5380551428
110,,,,,,,欄位未定義,0.0,,婚育,新北市政府主計處,嬰兒生母生育胎次及年齡,2021,item value6,是（欄位說明僅存於新北市統計年報）,20.9881129272
110,,,,,,,欄位未定義,0.0,,婚育,新北市政府主計處,嬰兒生母生育胎次及年齡,2021,item value7,是（欄位說明僅存於新北市統計年報）,12.4525342579
110,,,,,,,欄位未定義,0.0,,婚育,新北市政府主計處,嬰兒生母生育胎次及年齡,2021,item value8,是（欄位說明僅存於新北市統計年報）,3.0130427604
110,,,,,,,欄位未定義,0.0,,婚育,新北市政府主計處,嬰兒生母生育胎次及年齡,2021,item value9,是（欄位說明僅存於新北市統計年報）,0.2063727918
110,,,,,,,欄位未定義,0.0,,婚育,新北市政府主計處,嬰兒生母生育胎次及年齡,2021,item value10,是（欄位說明僅存於新北市統計年報）,34.6912663035
110,,,,,,,欄位未定義,0.0,,婚育,新北市政府主計處,嬰兒生母生育胎次及年齡,2021,item value11,是（欄位說明僅存於新北市統計年報）,7.4624401519
110,,,,,,,欄位未定義,0.0,,婚育,新北市政府主計處,嬰兒生母生育胎次及年齡,2021,item value12,是（欄位說明僅存於新北市統計年報）,2.2618457982
110,,,,,,,欄位未定義,0.0,,婚育,新北市政府主計處,嬰兒生母生育胎次及年齡,2021,item value13,是（欄位說明僅存於新北市統計年報）,32.0033498398
110,,,,,,,欄位未定義,0.0,,婚育,新北市政府主計處,年齡別生育率,2021,item value2,是（欄位說明僅存於新北市統計年報）,0.4146710622
110,,,,,,,欄位未定義,0.0,,婚育,新北市政府主計處,年齡別生育率,2021,item value3,是（欄位說明僅存於新北市統計年報）,2.3207399065
110,,,,,,,欄位未定義,0.0,,婚育,新北市政府主計處,年齡別生育率,2021,item value4,是（欄位說明僅存於新北市統計年報）,6.3640506429
110,,,,,,,欄位未定義,0.0,,婚育,新北市政府主計處,年齡別生育率,2021,item value5,是（欄位說明僅存於新北市統計年報）,13.9307745031
110,,,,,,,欄位未定義,0.0,,婚育,新北市政府主計處,年齡別生育率,2021,item value6,是（欄位說明僅存於新北市統計年報）,24.1322512265
110,,,,,,,欄位未定義,0.0,,婚育,新北市政府主計處,年齡別生育率,2021,item value7,是（欄位說明僅存於新北市統計年報）,37.7072931442
110,,,,,,,欄位未定義,0.0,,婚育,新北市政府主計處,年齡別生育率,2021,item value8,是（欄位說明僅存於新北市統計年報）,54.8175931496
110,,,,,,,欄位未定義,0.0,,婚育,新北市政府主計處,年齡別生育率,2021,item value9,是（欄位說明僅存於新北市統計年報）,66.0349268264
110,,,,,,,欄位未定義,0.0,,婚育,新北市政府主計處,年齡別生育率,2021,item value10,是（欄位說明僅存於新北市統計年報）,48.3311749377
110,,,,,,,欄位未定義,0.0,,婚育,新北市政府主計處,年齡別生育率,2021,item value11,是（欄位說明僅存於新北市統計年報）,42.0297697911
110,,,,,,,欄位未定義,0.0,,婚育,新北市政府主計處,年齡別生育率,2021,item value12,是（欄位說明僅存於新北市統計年報）,19.9711027224
110,,,,,,,欄位未定義,0.0,,婚育,新北市政府主計處,年齡別生育率,2021,item value13,是（欄位說明僅存於新北市統計年報）,9.3333991001
110,,,,,,,欄位未定義,0.0,,婚育,新北市政府主計處,年齡別生育率,2021,item value14,是（欄位說明僅存於新北市統計年報）,5.4234337805
110,,,,,,,欄位未定義,0.0,,婚育,新北市政府主計處,年齡別生育率,2021,item value15,是（欄位說明僅存於新北市統計年報）,0.5982212076
110,,,,,,,欄位未定義,0.0,,婚育,新北市政府主計處,年齡別生育率,2021,item value16,是（欄位說明僅存於新北市統計年報）,0.7698628807
110,,,,,,,欄位未定義,0.0,,婚育,新北市政府主計處,年齡別生育率,2021,item value17,是（欄位說明僅存於新北市統計年報）,0.0296254162
110,,,,,,,欄位未定義,0.0,,婚育,新北市政府主計處,生育率,2021,itemvalue2,是（欄位說明僅存於新北市統計年報）,18.7605333449
110,,,,,,,欄位未定義,0.0,,婚育,新北市政府主計處,生育率,2021,itemvalue3,是（欄位說明僅存於新北市統計年報）,24.7857664964
110,,,,,,,欄位未定義,0.0,,婚育,新北市政府主計處,生育率,2021,itemvalue4,是（欄位說明僅存於新北市統計年報）,804.9700164165
110,,,,,,,欄位未定義,0.0,,婚育,新北市政府主計處,生育率,2021,itemvalue5,是（欄位說明僅存於新北市統計年報）,860.0718765564
110,,,,,,,欄位未定義,0.0,,婚育,新北市政府主計處,生育率,2021,itemvalue6,是（欄位說明僅存於新北市統計年報）,62.6608354261
110,,,,,,,欄位未定義,0.0,,婚育,新北市政府主計處,結婚情形,2021,itemvalue2,是（欄位說明僅存於新北市統計年報）,982.0
110,,,,,,,欄位未定義,0.0,,婚育,新北市政府主計處,結婚情形,2021,itemvalue3,是（欄位說明僅存於新北市統計年報）,631.0
110,,,,,,,欄位未定義,0.0,,婚育,新北市政府主計處,結婚情形,2021,itemvalue4,是（欄位說明僅存於新北市統計年報）,33.0
110,,,,,,,欄位未定義,0.0,,婚育,新北市政府主計處,結婚情形,2021,itemvalue5,是（欄位說明僅存於新北市統計年報）,31.1
110,,,,,,,欄位未定義,0.0,,婚育,新北市政府主計處,結婚情形,2021,itemvalue6,是（欄位說明僅存於新北市統計年報）,32.4
110,,,,,,,欄位未定義,0.0,,婚育,新北市政府主計處,結婚情形,2021,itemvalue7,是（欄位說明僅存於新北市統計年報）,30.6
110,,,,,,,欄位未定義,0.0,,婚育,新北市政府主計處,結婚情形,2021,itemvalue8,是（欄位說明僅存於新北市統計年報）,24.2252627831
110,,,,,,,欄位未定義,0.0,,婚育,新北市政府主計處,結婚情形,2021,itemvalue9,是（欄位說明僅存於新北市統計年報）,27.5754779441
110,,,,,,,欄位未定義,0.0,,婚育,新北市政府主計處,結婚情形,2021,itemvalue10,是（欄位說明僅存於新北市統計年報）,16.398104774
110,,,,,,,欄位未定義,0.0,,婚育,新北市政府主計處,結婚情形,2021,itemvalue11,是（欄位說明僅存於新北市統計年報）,9.4752872768
110,,,,,,,欄位未定義,0.0,,婚育,新北市政府主計處,離婚情形,2021,item value2,是（欄位說明僅存於新北市統計年報）,965.0
110,,,,,,,欄位未定義,0.0,,婚育,新北市政府主計處,離婚情形,2021,item value3,是（欄位說明僅存於新北市統計年報）,164.0
110,,,,,,,欄位未定義,0.0,,婚育,新北市政府主計處,離婚情形,2021,item value4,是（欄位說明僅存於新北市統計年報）,1.0
110,,,,,,,欄位未定義,0.0,,婚育,新北市政府主計處,離婚情形,2021,item value5,是（欄位說明僅存於新北市統計年報）,1.0
110,,,,,,,欄位未定義,0.0,,婚育,新北市政府主計處,離婚情形,2021,item value6,是（欄位說明僅存於新北市統計年報）,9.7229534854
110,,,,,,,欄位未定義,0.0,,婚育,新北市政府主計處,離婚情形,2021,item value7,是（欄位說明僅存於新北市統計年報）,9.5810793296
110,,,,,,,欄位未定義,0.0,,婚育,新北市政府主計處,離婚情形,2021,item value8,是（欄位說明僅存於新北市統計年報）,62.1621621622
110,,,,,,,欄位未定義,0.0,,婚育,新北市政府主計處,離婚情形,2021,item value9,是（欄位說明僅存於新北市統計年報）,78.9968652038
110,,,,,,,欄位未定義,0.0,,婚育,新北市政府主計處,離婚情形,2021,item value10,是（欄位說明僅存於新北市統計年報）,32.4189828863
110,,,,,,,欄位未定義,0.0,,婚育,新北市政府主計處,離婚情形,2021,item value11,是（欄位說明僅存於新北市統計年報）,37.9293603593
110,,,,,,,欄位未定義,0.0,,婚育,新北市政府主計處,離婚情形,2021,item value12,是（欄位說明僅存於新北市統計年報）,29.6516567545
110,,,,,,,欄位未定義,0.0,,婚育,新北市政府主計處,離婚情形,2021,item value13,是（欄位說明僅存於新北市統計年報）,0.0
110,,,,,,,欄位未定義,0.0,,安全,新北市政府主計處,候詢嫌疑犯暨被拘留人犯數,2021,percent2,是（欄位說明僅存於新北市統計年報）,6308.0
110,,,,,,,欄位未定義,0.0,,安全,新北市政府主計處,候詢嫌疑犯暨被拘留人犯數,2021,percent3,是（欄位說明僅存於新北市統計年報）,892.0
110,,,,,,,欄位未定義,0.0,,安全,新北市政府主計處,候詢嫌疑犯暨被拘留人犯數,2021,percent4,是（欄位說明僅存於新北市統計年報）,6308.0
110,,,,,,,欄位未定義,0.0,,安全,新北市政府主計處,候詢嫌疑犯暨被拘留人犯數,2021,percent5,是（欄位說明僅存於新北市統計年報）,892.0
110,,,,,,,欄位未定義,0.0,,安全,新北市政府主計處,候詢嫌疑犯暨被拘留人犯數,2021,percent6,是（欄位說明僅存於新北市統計年報）,0.0
110,,,,,,,欄位未定義,0.0,,安全,新北市政府主計處,候詢嫌疑犯暨被拘留人犯數,2021,percent7,是（欄位說明僅存於新北市統計年報）,0.0
110,,,,,,,欄位未定義,0.0,,安全,新北市政府主計處,候詢嫌疑犯暨被拘留人犯數,2021,percent8,是（欄位說明僅存於新北市統計年報）,0.0
110,,,,,,,欄位未定義,0.0,,安全,新北市政府主計處,候詢嫌疑犯暨被拘留人犯數,2021,percent9,是（欄位說明僅存於新北市統計年報）,0.0
110,,,,,,,欄位未定義,0.0,,安全,新北市政府主計處,候詢嫌疑犯暨被拘留人犯數,2021,percent10,是（欄位說明僅存於新北市統計年報）,0.0
110,,,,,,,欄位未定義,0.0,,安全,新北市政府主計處,候詢嫌疑犯暨被拘留人犯數,2021,percent11,是（欄位說明僅存於新北市統計年報）,0.0
110,,,,,,,欄位未定義,0.0,,安全,新北市政府主計處,刑事案件嫌疑犯,2021,item value2,是（欄位說明僅存於新北市統計年報）,16521.0
110,,,,,,,欄位未定義,0.0,,安全,新北市政府主計處,刑事案件嫌疑犯,2021,item value3,是（欄位說明僅存於新北市統計年報）,3873.0
110,,,,,,,欄位未定義,0.0,,安全,新北市政府主計處,刑事案件嫌疑犯,2021,item value4,是（欄位說明僅存於新北市統計年報）,1300.0
110,,,,,,,欄位未定義,0.0,,安全,新北市政府主計處,刑事案件嫌疑犯,2021,item value5,是（欄位說明僅存於新北市統計年報）,387.0
110,,,,,,,欄位未定義,0.0,,安全,新北市政府主計處,刑事案件嫌疑犯,2021,item value6,是（欄位說明僅存於新北市統計年報）,1057.0
110,,,,,,,欄位未定義,0.0,,安全,新北市政府主計處,刑事案件嫌疑犯,2021,item value7,是（欄位說明僅存於新北市統計年報）,227.0
110,,,,,,,欄位未定義,0.0,,安全,新北市政府主計處,刑事案件嫌疑犯,2021,item value8,是（欄位說明僅存於新北市統計年報）,1720.0
110,,,,,,,欄位未定義,0.0,,安全,新北市政府主計處,刑事案件嫌疑犯,2021,item value9,是（欄位說明僅存於新北市統計年報）,805.0
110,,,,,,,欄位未定義,0.0,,安全,新北市政府主計處,刑事案件嫌疑犯,2021,item value10,是（欄位說明僅存於新北市統計年報）,5101.0
110,,,,,,,欄位未定義,0.0,,安全,新北市政府主計處,刑事案件嫌疑犯,2021,item value11,是（欄位說明僅存於新北市統計年報）,844.0
110,,,,,,,欄位未定義,0.0,,安全,新北市政府主計處,刑事案件嫌疑犯,2021,item value12,是（欄位說明僅存於新北市統計年報）,1725.0
110,,,,,,,欄位未定義,0.0,,安全,新北市政府主計處,刑事案件嫌疑犯,2021,item value13,是（欄位說明僅存於新北市統計年報）,204.0
110,,,,,,,欄位未定義,0.0,,安全,新北市政府主計處,刑事案件嫌疑犯,2021,item value14,是（欄位說明僅存於新北市統計年報）,5618.0
110,,,,,,,欄位未定義,0.0,,安全,新北市政府主計處,刑事案件嫌疑犯,2021,item value15,是（欄位說明僅存於新北市統計年報）,1406.0
110,,,,,,,欄位未定義,0.0,,安全,新北市政府主計處,刑事案件嫌疑犯─年齡別,2021,item value2,是（欄位說明僅存於新北市統計年報）,16521.0
110,,,,,,,欄位未定義,0.0,,安全,新北市政府主計處,刑事案件嫌疑犯─年齡別,2021,item value3,是（欄位說明僅存於新北市統計年報）,3873.0
110,,,,,,,欄位未定義,0.0,,安全,新北市政府主計處,刑事案件嫌疑犯─年齡別,2021,item value4,是（欄位說明僅存於新北市統計年報）,0.0
110,,,,,,,欄位未定義,0.0,,安全,新北市政府主計處,刑事案件嫌疑犯─年齡別,2021,item value5,是（欄位說明僅存於新北市統計年報）,0.0
110,,,,,,,欄位未定義,0.0,,安全,新北市政府主計處,刑事案件嫌疑犯─年齡別,2021,item value6,是（欄位說明僅存於新北市統計年報）,0.0
110,,,,,,,欄位未定義,0.0,,安全,新北市政府主計處,刑事案件嫌疑犯─年齡別,2021,item value7,是（欄位說明僅存於新北市統計年報）,0.0
110,,,,,,,欄位未定義,0.0,,安全,新北市政府主計處,刑事案件嫌疑犯─年齡別,2021,item value8,是（欄位說明僅存於新北市統計年報）,653.0
110,,,,,,,欄位未定義,0.0,,安全,新北市政府主計處,刑事案件嫌疑犯─年齡別,2021,item value9,是（欄位說明僅存於新北市統計年報）,96.0
110,,,,,,,欄位未定義,0.0,,安全,新北市政府主計處,刑事案件嫌疑犯─年齡別,2021,item value10,是（欄位說明僅存於新北市統計年報）,2133.0
110,,,,,,,欄位未定義,0.0,,安全,新北市政府主計處,刑事案件嫌疑犯─年齡別,2021,item value11,是（欄位說明僅存於新北市統計年報）,426.0
110,,,,,,,欄位未定義,0.0,,安全,新北市政府主計處,刑事案件嫌疑犯─年齡別,2021,item value12,是（欄位說明僅存於新北市統計年報）,2348.0
110,,,,,,,欄位未定義,0.0,,安全,新北市政府主計處,刑事案件嫌疑犯─年齡別,2021,item value13,是（欄位說明僅存於新北市統計年報）,526.0
110,,,,,,,欄位未定義,0.0,,安全,新北市政府主計處,刑事案件嫌疑犯─年齡別,2021,item value14,是（欄位說明僅存於新北市統計年報）,3756.0
110,,,,,,,欄位未定義,0.0,,安全,新北市政府主計處,刑事案件嫌疑犯─年齡別,2021,item value15,是（欄位說明僅存於新北市統計年報）,872.0
110,,,,,,,欄位未定義,0.0,,安全,新北市政府主計處,刑事案件嫌疑犯─年齡別,2021,item value16,是（欄位說明僅存於新北市統計年報）,4032.0
110,,,,,,,欄位未定義,0.0,,安全,新北市政府主計處,刑事案件嫌疑犯─年齡別,2021,item value17,是（欄位說明僅存於新北市統計年報）,915.0
110,,,,,,,欄位未定義,0.0,,安全,新北市政府主計處,刑事案件嫌疑犯─年齡別,2021,item value18,是（欄位說明僅存於新北市統計年報）,2154.0
110,,,,,,,欄位未定義,0.0,,安全,新北市政府主計處,刑事案件嫌疑犯─年齡別,2021,item value19,是（欄位說明僅存於新北市統計年報）,544.0
110,,,,,,,欄位未定義,0.0,,安全,新北市政府主計處,刑事案件嫌疑犯─年齡別,2021,item value20,是（欄位說明僅存於新北市統計年報）,664.0
110,,,,,,,欄位未定義,0.0,,安全,新北市政府主計處,刑事案件嫌疑犯─年齡別,2021,item value21,是（欄位說明僅存於新北市統計年報）,215.0
110,,,,,,,欄位未定義,0.0,,安全,新北市政府主計處,刑事案件嫌疑犯─年齡別,2021,item value22,是（欄位說明僅存於新北市統計年報）,460.0
110,,,,,,,欄位未定義,0.0,,安全,新北市政府主計處,刑事案件嫌疑犯─年齡別,2021,item value23,是（欄位說明僅存於新北市統計年報）,135.0
110,,,,,,,欄位未定義,0.0,,安全,新北市政府主計處,刑事案件嫌疑犯─年齡別,2021,item value24,是（欄位說明僅存於新北市統計年報）,321.0
110,,,,,,,欄位未定義,0.0,,安全,新北市政府主計處,刑事案件嫌疑犯─年齡別,2021,item value25,是（欄位說明僅存於新北市統計年報）,144.0
110,,,,,,,欄位未定義,0.0,,安全,新北市政府主計處,刑事案件嫌疑犯─年齡別,2021,item value26,是（欄位說明僅存於新北市統計年報）,0.0
110,,,,,,,欄位未定義,0.0,,安全,新北市政府主計處,刑事案件嫌疑犯─年齡別,2021,item value27,是（欄位說明僅存於新北市統計年報）,0.0
110,,,,,,,欄位未定義,0.0,,安全,新北市政府主計處,刑事案件被害者,2021,item value2,是（欄位說明僅存於新北市統計年報）,16973.0
110,,,,,,,欄位未定義,0.0,,安全,新北市政府主計處,刑事案件被害者,2021,item value3,是（欄位說明僅存於新北市統計年報）,12725.0
110,,,,,,,欄位未定義,0.0,,安全,新北市政府主計處,刑事案件被害者,2021,item value4,是（欄位說明僅存於新北市統計年報）,3493.0
110,,,,,,,欄位未定義,0.0,,安全,新北市政府主計處,刑事案件被害者,2021,item value5,是（欄位說明僅存於新北市統計年報）,1887.0
110,,,,,,,欄位未定義,0.0,,安全,新北市政府主計處,刑事案件被害者,2021,item value6,是（欄位說明僅存於新北市統計年報）,1773.0
110,,,,,,,欄位未定義,0.0,,安全,新北市政府主計處,刑事案件被害者,2021,item value7,是（欄位說明僅存於新北市統計年報）,1024.0
110,,,,,,,欄位未定義,0.0,,安全,新北市政府主計處,刑事案件被害者,2021,item value8,是（欄位說明僅存於新北市統計年報）,3724.0
110,,,,,,,欄位未定義,0.0,,安全,新北市政府主計處,刑事案件被害者,2021,item value9,是（欄位說明僅存於新北市統計年報）,3669.0
110,,,,,,,欄位未定義,0.0,,安全,新北市政府主計處,刑事案件被害者,2021,item value10,是（欄位說明僅存於新北市統計年報）,1362.0
110,,,,,,,欄位未定義,0.0,,安全,新北市政府主計處,刑事案件被害者,2021,item value11,是（欄位說明僅存於新北市統計年報）,876.0
110,,,,,,,欄位未定義,0.0,,安全,新北市政府主計處,刑事案件被害者,2021,item value12,是（欄位說明僅存於新北市統計年報）,1191.0
110,,,,,,,欄位未定義,0.0,,安全,新北市政府主計處,刑事案件被害者,2021,item value13,是（欄位說明僅存於新北市統計年報）,978.0
110,,,,,,,欄位未定義,0.0,,安全,新北市政府主計處,刑事案件被害者,2021,item value14,是（欄位說明僅存於新北市統計年報）,5430.0
110,,,,,,,欄位未定義,0.0,,安全,新北市政府主計處,刑事案件被害者,2021,item value15,是（欄位說明僅存於新北市統計年報）,4291.0
110,,,,,,,欄位未定義,0.0,,安全,新北市政府主計處,刑事案件被害者－年齡別,2021,item value2,是（欄位說明僅存於新北市統計年報）,16973.0
110,,,,,,,欄位未定義,0.0,,安全,新北市政府主計處,刑事案件被害者－年齡別,2021,item value3,是（欄位說明僅存於新北市統計年報）,12725.0
110,,,,,,,欄位未定義,0.0,,安全,新北市政府主計處,刑事案件被害者－年齡別,2021,item value4,是（欄位說明僅存於新北市統計年報）,26.0
110,,,,,,,欄位未定義,0.0,,安全,新北市政府主計處,刑事案件被害者－年齡別,2021,item value5,是（欄位說明僅存於新北市統計年報）,28.0
110,,,,,,,欄位未定義,0.0,,安全,新北市政府主計處,刑事案件被害者－年齡別,2021,item value6,是（欄位說明僅存於新北市統計年報）,54.0
110,,,,,,,欄位未定義,0.0,,安全,新北市政府主計處,刑事案件被害者－年齡別,2021,item value7,是（欄位說明僅存於新北市統計年報）,82.0
110,,,,,,,欄位未定義,0.0,,安全,新北市政府主計處,刑事案件被害者－年齡別,2021,item value8,是（欄位說明僅存於新北市統計年報）,416.0
110,,,,,,,欄位未定義,0.0,,安全,新北市政府主計處,刑事案件被害者－年齡別,2021,item value9,是（欄位說明僅存於新北市統計年報）,459.0
110,,,,,,,欄位未定義,0.0,,安全,新北市政府主計處,刑事案件被害者－年齡別,2021,item value10,是（欄位說明僅存於新北市統計年報）,2169.0
110,,,,,,,欄位未定義,0.0,,安全,新北市政府主計處,刑事案件被害者－年齡別,2021,item value11,是（欄位說明僅存於新北市統計年報）,1553.0
110,,,,,,,欄位未定義,0.0,,安全,新北市政府主計處,刑事案件被害者－年齡別,2021,item value12,是（欄位說明僅存於新北市統計年報）,2729.0
110,,,,,,,欄位未定義,0.0,,安全,新北市政府主計處,刑事案件被害者－年齡別,2021,item value13,是（欄位說明僅存於新北市統計年報）,1941.0
110,,,,,,,欄位未定義,0.0,,安全,新北市政府主計處,刑事案件被害者－年齡別,2021,item value14,是（欄位說明僅存於新北市統計年報）,3968.0
110,,,,,,,欄位未定義,0.0,,安全,新北市政府主計處,刑事案件被害者－年齡別,2021,item value15,是（欄位說明僅存於新北市統計年報）,2800.0
110,,,,,,,欄位未定義,0.0,,安全,新北市政府主計處,刑事案件被害者－年齡別,2021,item value16,是（欄位說明僅存於新北市統計年報）,3296.0
110,,,,,,,欄位未定義,0.0,,安全,新北市政府主計處,刑事案件被害者－年齡別,2021,item value17,是（欄位說明僅存於新北市統計年報）,2498.0
110,,,,,,,欄位未定義,0.0,,安全,新北市政府主計處,刑事案件被害者－年齡別,2021,item value18,是（欄位說明僅存於新北市統計年報）,2219.0
110,,,,,,,欄位未定義,0.0,,安全,新北市政府主計處,刑事案件被害者－年齡別,2021,item value19,是（欄位說明僅存於新北市統計年報）,1687.0
110,,,,,,,欄位未定義,0.0,,安全,新北市政府主計處,刑事案件被害者－年齡別,2021,item value20,是（欄位說明僅存於新北市統計年報）,776.0
110,,,,,,,欄位未定義,0.0,,安全,新北市政府主計處,刑事案件被害者－年齡別,2021,item value21,是（欄位說明僅存於新北市統計年報）,671.0
110,,,,,,,欄位未定義,0.0,,安全,新北市政府主計處,刑事案件被害者－年齡別,2021,item value22,是（欄位說明僅存於新北市統計年報）,597.0
110,,,,,,,欄位未定義,0.0,,安全,新北市政府主計處,刑事案件被害者－年齡別,2021,item value23,是（欄位說明僅存於新北市統計年報）,524.0
110,,,,,,,欄位未定義,0.0,,安全,新北市政府主計處,刑事案件被害者－年齡別,2021,item value24,是（欄位說明僅存於新北市統計年報）,590.0
110,,,,,,,欄位未定義,0.0,,安全,新北市政府主計處,刑事案件被害者－年齡別,2021,item value25,是（欄位說明僅存於新北市統計年報）,478.0
110,,,,,,,欄位未定義,0.0,,安全,新北市政府主計處,刑事案件被害者－年齡別,2021,item value26,是（欄位說明僅存於新北市統計年報）,133.0
110,,,,,,,欄位未定義,0.0,,安全,新北市政府主計處,刑事案件被害者－年齡別,2021,item value27,是（欄位說明僅存於新北市統計年報）,4.0
110,,,,,,,欄位未定義,0.0,,安全,新北市政府主計處,家庭暴力通報案件(續),2021,percent2,是（欄位說明僅存於新北市統計年報）,5496.0
110,,,,,,,欄位未定義,0.0,,安全,新北市政府主計處,家庭暴力通報案件(續),2021,percent3,是（欄位說明僅存於新北市統計年報）,11360.0
110,,,,,,,欄位未定義,0.0,,安全,新北市政府主計處,家庭暴力通報案件(續),2021,percent4,是（欄位說明僅存於新北市統計年報）,1895.0
110,,,,,,,欄位未定義,0.0,,安全,新北市政府主計處,家庭暴力通報案件(續),2021,percent5,是（欄位說明僅存於新北市統計年報）,1548.0
110,,,,,,,欄位未定義,0.0,,安全,新北市政府主計處,家庭暴力通報案件(續),2021,percent6,是（欄位說明僅存於新北市統計年報）,1513.0
110,,,,,,,欄位未定義,0.0,,安全,新北市政府主計處,家庭暴力通報案件(續),2021,percent7,是（欄位說明僅存於新北市統計年報）,6775.0
110,,,,,,,欄位未定義,0.0,,安全,新北市政府主計處,家庭暴力通報案件(續),2021,percent8,是（欄位說明僅存於新北市統計年報）,379.0
110,,,,,,,欄位未定義,0.0,,安全,新北市政府主計處,家庭暴力通報案件(續),2021,percent9,是（欄位說明僅存於新北市統計年報）,650.0
110,,,,,,,欄位未定義,0.0,,安全,新北市政府主計處,家庭暴力通報案件(續),2021,percent10,是（欄位說明僅存於新北市統計年報）,1709.0
110,,,,,,,欄位未定義,0.0,,安全,新北市政府主計處,家庭暴力通報案件(續),2021,percent11,是（欄位說明僅存於新北市統計年報）,2387.0
110,,,,,,,欄位未定義,0.0,,安全,新北市政府主計處,家庭暴力通報案件(續),2021,percent12,是（欄位說明僅存於新北市統計年報）,439.0
110,,,,,,,欄位未定義,0.0,,安全,新北市政府主計處,家庭暴力通報案件(續),2021,percent13,是（欄位說明僅存於新北市統計年報）,294.0
110,,,,,,,欄位未定義,0.0,,安全,新北市政府主計處,家庭暴力通報案件(續),2021,percent14,是（欄位說明僅存於新北市統計年報）,855.0
110,,,,,,,欄位未定義,0.0,,安全,新北市政府主計處,家庭暴力通報案件(續),2021,percent15,是（欄位說明僅存於新北市統計年報）,565.0
110,,,,,,,欄位未定義,0.0,,安全,新北市政府主計處,家庭暴力通報案件(續),2021,percent16,是（欄位說明僅存於新北市統計年報）,621.0
110,,,,,,,欄位未定義,0.0,,安全,新北市政府主計處,家庭暴力通報案件(續),2021,percent17,是（欄位說明僅存於新北市統計年報）,716.0
110,,,,,,,欄位未定義,0.0,,安全,新北市政府主計處,家庭暴力通報案件(續),2021,percent18,是（欄位說明僅存於新北市統計年報）,454.0
110,,,,,,,欄位未定義,0.0,,安全,新北市政府主計處,家庭暴力通報案件(續),2021,percent19,是（欄位說明僅存於新北市統計年報）,1018.0
110,,,,,,,欄位未定義,0.0,,安全,新北市政府主計處,家庭暴力通報案件(續),2021,percent20,是（欄位說明僅存於新北市統計年報）,1212.0
110,,,,,,,欄位未定義,0.0,,安全,新北市政府主計處,家庭暴力通報案件(續),2021,percent21,是（欄位說明僅存於新北市統計年報）,3944.0
110,,,,,,,欄位未定義,0.0,,安全,新北市政府主計處,家庭暴力通報案件(續),2021,percent22,是（欄位說明僅存於新北市統計年報）,1867.0
110,,,,,,,欄位未定義,0.0,,安全,新北市政府主計處,家庭暴力通報案件(續),2021,percent23,是（欄位說明僅存於新北市統計年報）,4829.0
110,,,,,,,欄位未定義,0.0,,安全,新北市政府主計處,家庭暴力通報案件(續),2021,percent24,是（欄位說明僅存於新北市統計年報）,682.0
110,,,,,,,欄位未定義,0.0,,安全,新北市政府主計處,家庭暴力通報案件(續),2021,percent25,是（欄位說明僅存於新北市統計年報）,1168.0
110,,,,,,,欄位未定義,0.0,,安全,新北市政府主計處,家庭暴力通報案件,2021,percent2,是（欄位說明僅存於新北市統計年報）,23553.0
110,,,,,,,欄位未定義,0.0,,安全,新北市政府主計處,家庭暴力通報案件,2021,percent3,是（欄位說明僅存於新北市統計年報）,4208.0
110,,,,,,,欄位未定義,0.0,,安全,新北市政府主計處,家庭暴力通報案件,2021,percent4,是（欄位說明僅存於新北市統計年報）,11260.0
110,,,,,,,欄位未定義,0.0,,安全,新北市政府主計處,家庭暴力通報案件,2021,percent5,是（欄位說明僅存於新北市統計年報）,1398.0
110,,,,,,,欄位未定義,0.0,,安全,新北市政府主計處,家庭暴力通報案件,2021,percent6,是（欄位說明僅存於新北市統計年報）,6687.0
110,,,,,,,欄位未定義,0.0,,安全,新北市政府主計處,家庭暴力通報案件,2021,percent7,是（欄位說明僅存於新北市統計年報）,5950.0
110,,,,,,,欄位未定義,0.0,,安全,新北市政府主計處,家庭暴力通報案件,2021,percent8,是（欄位說明僅存於新北市統計年報）,12189.0
110,,,,,,,欄位未定義,0.0,,安全,新北市政府主計處,家庭暴力通報案件,2021,percent9,是（欄位說明僅存於新北市統計年報）,0.0
110,,,,,,,欄位未定義,0.0,,安全,新北市政府主計處,家庭暴力通報案件,2021,percent10,是（欄位說明僅存於新北市統計年報）,4289.0
110,,,,,,,欄位未定義,0.0,,安全,新北市政府主計處,家庭暴力通報案件,2021,percent11,是（欄位說明僅存於新北市統計年報）,1.0
110,,,,,,,欄位未定義,0.0,,安全,新北市政府主計處,家庭暴力通報案件,2021,percent12,是（欄位說明僅存於新北市統計年報）,1.0
110,,,,,,,欄位未定義,0.0,,安全,新北市政府主計處,家庭暴力通報案件,2021,percent13,是（欄位說明僅存於新北市統計年報）,436.0
110,,,,,,,欄位未定義,0.0,,安全,新北市政府主計處,家庭暴力通報案件,2021,percent14,是（欄位說明僅存於新北市統計年報）,86.0
110,,,,,,,欄位未定義,0.0,,安全,新北市政府主計處,家庭暴力通報案件,2021,percent15,是（欄位說明僅存於新北市統計年報）,193.0
110,,,,,,,欄位未定義,0.0,,安全,新北市政府主計處,家庭暴力通報案件,2021,percent16,是（欄位說明僅存於新北市統計年報）,62.0
110,,,,,,,欄位未定義,0.0,,安全,新北市政府主計處,少年刑事案件嫌疑犯,2021,item value2,是（欄位說明僅存於新北市統計年報）,62.0
110,,,,,,,欄位未定義,0.0,,安全,新北市政府主計處,少年刑事案件嫌疑犯,2021,item value3,是（欄位說明僅存於新北市統計年報）,5.0
110,,,,,,,欄位未定義,0.0,,安全,新北市政府主計處,少年刑事案件嫌疑犯,2021,item value4,是（欄位說明僅存於新北市統計年報）,57.0
110,,,,,,,欄位未定義,0.0,,安全,新北市政府主計處,少年刑事案件嫌疑犯,2021,item value5,是（欄位說明僅存於新北市統計年報）,10.0
110,,,,,,,欄位未定義,0.0,,安全,新北市政府主計處,少年刑事案件嫌疑犯,2021,item value6,是（欄位說明僅存於新北市統計年報）,103.0
110,,,,,,,欄位未定義,0.0,,安全,新北市政府主計處,少年刑事案件嫌疑犯,2021,item value7,是（欄位說明僅存於新北市統計年報）,19.0
110,,,,,,,欄位未定義,0.0,,安全,新北市政府主計處,少年刑事案件嫌疑犯,2021,item value8,是（欄位說明僅存於新北市統計年報）,1.0
110,,,,,,,欄位未定義,0.0,,安全,新北市政府主計處,少年刑事案件嫌疑犯,2021,item value9,是（欄位說明僅存於新北市統計年報）,0.0
110,,,,,,,欄位未定義,0.0,,安全,新北市政府主計處,少年刑事案件嫌疑犯,2021,item value10,是（欄位說明僅存於新北市統計年報）,0.0
110,,,,,,,欄位未定義,0.0,,安全,新北市政府主計處,少年刑事案件嫌疑犯,2021,item value11,是（欄位說明僅存於新北市統計年報）,0.0
110,,,,,,,欄位未定義,0.0,,安全,新北市政府主計處,少年刑事案件嫌疑犯,2021,item value12,是（欄位說明僅存於新北市統計年報）,0.0
110,,,,,,,欄位未定義,0.0,,安全,新北市政府主計處,少年刑事案件嫌疑犯,2021,item value13,是（欄位說明僅存於新北市統計年報）,0.0
110,,,,,,,欄位未定義,0.0,,安全,新北市政府主計處,少年刑事案件嫌疑犯,2021,item value14,是（欄位說明僅存於新北市統計年報）,0.0
110,,,,,,,欄位未定義,0.0,,安全,新北市政府主計處,少年刑事案件嫌疑犯,2021,item value15,是（欄位說明僅存於新北市統計年報）,0.0
110,,,,,,,欄位未定義,0.0,,安全,新北市政府主計處,少年刑事案件嫌疑犯,2021,item value16,是（欄位說明僅存於新北市統計年報）,0.0
110,,,,,,,欄位未定義,0.0,,安全,新北市政府主計處,少年刑事案件嫌疑犯,2021,item value17,是（欄位說明僅存於新北市統計年報）,0.0
110,,,,,,,欄位未定義,0.0,,安全,新北市政府主計處,少年刑事案件嫌疑犯,2021,item value18,是（欄位說明僅存於新北市統計年報）,0.0
110,,,,,,,欄位未定義,0.0,,安全,新北市政府主計處,少年刑事案件嫌疑犯,2021,item value19,是（欄位說明僅存於新北市統計年報）,0.0
110,,,,,,,欄位未定義,0.0,,安全,新北市政府主計處,少年刑事案件嫌疑犯,2021,item value20,是（欄位說明僅存於新北市統計年報）,0.0
110,,,,,,,欄位未定義,0.0,,安全,新北市政府主計處,少年刑事案件嫌疑犯,2021,item value21,是（欄位說明僅存於新北市統計年報）,0.0
110,,,,,,,欄位未定義,0.0,,安全,新北市政府主計處,少年刑事案件嫌疑犯,2021,item value22,是（欄位說明僅存於新北市統計年報）,1.0
110,,,,,,,欄位未定義,0.0,,安全,新北市政府主計處,少年刑事案件嫌疑犯,2021,item value23,是（欄位說明僅存於新北市統計年報）,0.0
110,,,,,,,欄位未定義,0.0,,安全,新北市政府主計處,少年刑事案件嫌疑犯,2021,item value24,是（欄位說明僅存於新北市統計年報）,430.0
110,,,,,,,欄位未定義,0.0,,安全,新北市政府主計處,少年刑事案件嫌疑犯,2021,item value25,是（欄位說明僅存於新北市統計年報）,62.0
110,,,,,,,欄位未定義,0.0,,安全,新北市政府主計處,暴力犯罪,2021,itemvalue2,是（欄位說明僅存於新北市統計年報）,79.0
110,,,,,,,欄位未定義,0.0,,安全,新北市政府主計處,暴力犯罪,2021,itemvalue3,是（欄位說明僅存於新北市統計年報）,4.0
110,,,,,,,欄位未定義,0.0,,安全,新北市政府主計處,暴力犯罪,2021,itemvalue4,是（欄位說明僅存於新北市統計年報）,15.0
110,,,,,,,欄位未定義,0.0,,安全,新北市政府主計處,暴力犯罪,2021,itemvalue5,是（欄位說明僅存於新北市統計年報）,1.0
110,,,,,,,欄位未定義,0.0,,安全,新北市政府主計處,暴力犯罪,2021,itemvalue6,是（欄位說明僅存於新北市統計年報）,10.0
110,,,,,,,欄位未定義,0.0,,安全,新北市政府主計處,暴力犯罪,2021,itemvalue7,是（欄位說明僅存於新北市統計年報）,0.0
110,,,,,,,欄位未定義,0.0,,安全,新北市政府主計處,暴力犯罪,2021,itemvalue8,是（欄位說明僅存於新北市統計年報）,0.0
110,,,,,,,欄位未定義,0.0,,安全,新北市政府主計處,暴力犯罪,2021,itemvalue9,是（欄位說明僅存於新北市統計年報）,0.0
110,,,,,,,欄位未定義,0.0,,安全,新北市政府主計處,暴力犯罪,2021,itemvalue10,是（欄位說明僅存於新北市統計年報）,1.0
110,,,,,,,欄位未定義,0.0,,安全,新北市政府主計處,暴力犯罪,2021,itemvalue11,是（欄位說明僅存於新北市統計年報）,0.0
110,,,,,,,欄位未定義,0.0,,安全,新北市政府主計處,暴力犯罪,2021,itemvalue12,是（欄位說明僅存於新北市統計年報）,28.0
110,,,,,,,欄位未定義,0.0,,安全,新北市政府主計處,暴力犯罪,2021,itemvalue13,是（欄位說明僅存於新北市統計年報）,1.0
110,,,,,,,欄位未定義,0.0,,安全,新北市政府主計處,暴力犯罪,2021,itemvalue14,是（欄位說明僅存於新北市統計年報）,16.0
110,,,,,,,欄位未定義,0.0,,安全,新北市政府主計處,暴力犯罪,2021,itemvalue15,是（欄位說明僅存於新北市統計年報）,0.0
110,,,,,,,欄位未定義,0.0,,安全,新北市政府主計處,暴力犯罪,2021,itemvalue16,是（欄位說明僅存於新北市統計年報）,9.0
110,,,,,,,欄位未定義,0.0,,安全,新北市政府主計處,暴力犯罪,2021,itemvalue17,是（欄位說明僅存於新北市統計年報）,2.0
110,,,,,,,欄位未定義,0.0,,安全,新北市政府主計處,暴力犯罪,2021,itemvalue18,是（欄位說明僅存於新北市統計年報）,4.0247681173
110,,,,,,,欄位未定義,0.0,,安全,新北市政府主計處,暴力犯罪,2021,itemvalue19,是（欄位說明僅存於新北市統計年報）,0.1944874951
110,,,,,,,欄位未定義,0.0,,安全,新北市政府主計處,警察局受理性騷擾事（案）件－被害人,2021,item value2,是（欄位說明僅存於新北市統計年報）,19.0
110,,,,,,,欄位未定義,0.0,,安全,新北市政府主計處,警察局受理性騷擾事（案）件－被害人,2021,item value3,是（欄位說明僅存於新北市統計年報）,371.0
110,,,,,,,欄位未定義,0.0,,安全,新北市政府主計處,警察局受理性騷擾事（案）件－被害人,2021,item value4,是（欄位說明僅存於新北市統計年報）,1.0
110,,,,,,,欄位未定義,0.0,,安全,新北市政府主計處,警察局受理性騷擾事（案）件－被害人,2021,item value5,是（欄位說明僅存於新北市統計年報）,31.0
110,,,,,,,欄位未定義,0.0,,安全,新北市政府主計處,警察局受理性騷擾事（案）件－被害人,2021,item value6,是（欄位說明僅存於新北市統計年報）,3.0
110,,,,,,,欄位未定義,0.0,,安全,新北市政府主計處,警察局受理性騷擾事（案）件－被害人,2021,item value7,是（欄位說明僅存於新北市統計年報）,99.0
110,,,,,,,欄位未定義,0.0,,安全,新北市政府主計處,警察局受理性騷擾事（案）件－被害人,2021,item value8,是（欄位說明僅存於新北市統計年報）,5.0
110,,,,,,,欄位未定義,0.0,,安全,新北市政府主計處,警察局受理性騷擾事（案）件－被害人,2021,item value9,是（欄位說明僅存於新北市統計年報）,98.0
110,,,,,,,欄位未定義,0.0,,安全,新北市政府主計處,警察局受理性騷擾事（案）件－被害人,2021,item value10,是（欄位說明僅存於新北市統計年報）,3.0
110,,,,,,,欄位未定義,0.0,,安全,新北市政府主計處,警察局受理性騷擾事（案）件－被害人,2021,item value11,是（欄位說明僅存於新北市統計年報）,79.0
110,,,,,,,欄位未定義,0.0,,安全,新北市政府主計處,警察局受理性騷擾事（案）件－被害人,2021,item value12,是（欄位說明僅存於新北市統計年報）,3.0
110,,,,,,,欄位未定義,0.0,,安全,新北市政府主計處,警察局受理性騷擾事（案）件－被害人,2021,item value13,是（欄位說明僅存於新北市統計年報）,42.0
110,,,,,,,欄位未定義,0.0,,安全,新北市政府主計處,警察局受理性騷擾事（案）件－被害人,2021,item value14,是（欄位說明僅存於新北市統計年報）,2.0
110,,,,,,,欄位未定義,0.0,,安全,新北市政府主計處,警察局受理性騷擾事（案）件－被害人,2021,item value15,是（欄位說明僅存於新北市統計年報）,21.0
110,,,,,,,欄位未定義,0.0,,安全,新北市政府主計處,警察局受理性騷擾事（案）件－被害人,2021,item value16,是（欄位說明僅存於新北市統計年報）,1.0
110,,,,,,,欄位未定義,0.0,,安全,新北市政府主計處,警察局受理性騷擾事（案）件－被害人,2021,item value17,是（欄位說明僅存於新北市統計年報）,1.0
110,,,,,,,欄位未定義,0.0,,安全,新北市政府主計處,警察局受理性騷擾事（案）件－被害人,2021,item value18,是（欄位說明僅存於新北市統計年報）,1.0
110,,,,,,,欄位未定義,0.0,,安全,新北市政府主計處,警察局受理性騷擾事（案）件－被害人,2021,item value19,是（欄位說明僅存於新北市統計年報）,0.0
110,,,,,,,欄位未定義,0.0,,安全,新北市政府主計處,青少犯罪,2021,itemvalue2,是（欄位說明僅存於新北市統計年報）,2786.0
110,,,,,,,欄位未定義,0.0,,安全,新北市政府主計處,青少犯罪,2021,itemvalue3,是（欄位說明僅存於新北市統計年報）,522.0
110,,,,,,,欄位未定義,0.0,,安全,新北市政府主計處,青少犯罪,2021,itemvalue4,是（欄位說明僅存於新北市統計年報）,653.0
110,,,,,,,欄位未定義,0.0,,安全,新北市政府主計處,青少犯罪,2021,itemvalue5,是（欄位說明僅存於新北市統計年報）,96.0
110,,,,,,,欄位未定義,0.0,,安全,新北市政府主計處,青少犯罪,2021,itemvalue6,是（欄位說明僅存於新北市統計年報）,2133.0
110,,,,,,,欄位未定義,0.0,,安全,新北市政府主計處,青少犯罪,2021,itemvalue7,是（欄位說明僅存於新北市統計年報）,426.0
110,,,,,,,欄位未定義,0.0,,安全,新北市政府主計處,青少犯罪,2021,itemvalue8,是（欄位說明僅存於新北市統計年報）,1133.0315711561
110,,,,,,,欄位未定義,0.0,,安全,新北市政府主計處,青少犯罪,2021,itemvalue9,是（欄位說明僅存於新北市統計年報）,231.4989334197
110,,,,,,,欄位未定義,0.0,,安全,新北市政府主計處,青少犯罪,2021,itemvalue10,是（欄位說明僅存於新北市統計年報）,58.597534178
110,,,,,,,欄位未定義,0.0,,安全,新北市政府主計處,青少犯罪,2021,itemvalue11,是（欄位說明僅存於新北市統計年報）,5.1762781525
110,,,,,,,欄位未定義,0.0,,安全,新北市政府主計處,青少犯罪,2021,itemvalue12,是（欄位說明僅存於新北市統計年報）,0.945121519
110,,,,,,,欄位未定義,0.0,,安全,新北市政府主計處,青少犯罪,2021,itemvalue13,是（欄位說明僅存於新北市統計年報）,0.0
110,,,,,,,欄位未定義,0.0,,安全,新北市政府主計處,青年刑事案件嫌疑犯,2021,itemvalue2,是（欄位說明僅存於新北市統計年報）,76.0
110,,,,,,,欄位未定義,0.0,,安全,新北市政府主計處,青年刑事案件嫌疑犯,2021,itemvalue3,是（欄位說明僅存於新北市統計年報）,10.0
110,,,,,,,欄位未定義,0.0,,安全,新北市政府主計處,青年刑事案件嫌疑犯,2021,itemvalue4,是（欄位說明僅存於新北市統計年報）,108.0
110,,,,,,,欄位未定義,0.0,,安全,新北市政府主計處,青年刑事案件嫌疑犯,2021,itemvalue5,是（欄位說明僅存於新北市統計年報）,18.0
110,,,,,,,欄位未定義,0.0,,安全,新北市政府主計處,青年刑事案件嫌疑犯,2021,itemvalue6,是（欄位說明僅存於新北市統計年報）,515.0
110,,,,,,,欄位未定義,0.0,,安全,新北市政府主計處,青年刑事案件嫌疑犯,2021,itemvalue7,是（欄位說明僅存於新北市統計年報）,84.0
110,,,,,,,欄位未定義,0.0,,安全,新北市政府主計處,青年刑事案件嫌疑犯,2021,itemvalue8,是（欄位說明僅存於新北市統計年報）,14.0
110,,,,,,,欄位未定義,0.0,,安全,新北市政府主計處,青年刑事案件嫌疑犯,2021,itemvalue9,是（欄位說明僅存於新北市統計年報）,1.0
110,,,,,,,欄位未定義,0.0,,安全,新北市政府主計處,青年刑事案件嫌疑犯,2021,itemvalue10,是（欄位說明僅存於新北市統計年報）,2.0
110,,,,,,,欄位未定義,0.0,,安全,新北市政府主計處,青年刑事案件嫌疑犯,2021,itemvalue11,是（欄位說明僅存於新北市統計年報）,0.0
110,,,,,,,欄位未定義,0.0,,安全,新北市政府主計處,青年刑事案件嫌疑犯,2021,itemvalue12,是（欄位說明僅存於新北市統計年報）,1.0
110,,,,,,,欄位未定義,0.0,,安全,新北市政府主計處,青年刑事案件嫌疑犯,2021,itemvalue13,是（欄位說明僅存於新北市統計年報）,0.0
110,,,,,,,欄位未定義,0.0,,安全,新北市政府主計處,青年刑事案件嫌疑犯,2021,itemvalue14,是（欄位說明僅存於新北市統計年報）,0.0
110,,,,,,,欄位未定義,0.0,,安全,新北市政府主計處,青年刑事案件嫌疑犯,2021,itemvalue15,是（欄位說明僅存於新北市統計年報）,0.0
110,,,,,,,欄位未定義,0.0,,安全,新北市政府主計處,青年刑事案件嫌疑犯,2021,itemvalue16,是（欄位說明僅存於新北市統計年報）,0.0
110,,,,,,,欄位未定義,0.0,,安全,新北市政府主計處,青年刑事案件嫌疑犯,2021,itemvalue17,是（欄位說明僅存於新北市統計年報）,0.0
110,,,,,,,欄位未定義,0.0,,安全,新北市政府主計處,青年刑事案件嫌疑犯,2021,itemvalue18,是（欄位說明僅存於新北市統計年報）,7.0
110,,,,,,,欄位未定義,0.0,,安全,新北市政府主計處,青年刑事案件嫌疑犯,2021,itemvalue19,是（欄位說明僅存於新北市統計年報）,0.0
110,,,,,,,欄位未定義,0.0,,安全,新北市政府主計處,青年刑事案件嫌疑犯,2021,itemvalue20,是（欄位說明僅存於新北市統計年報）,0.0
110,,,,,,,欄位未定義,0.0,,安全,新北市政府主計處,青年刑事案件嫌疑犯,2021,itemvalue21,是（欄位說明僅存於新北市統計年報）,0.0
110,,,,,,,欄位未定義,0.0,,安全,新北市政府主計處,青年刑事案件嫌疑犯,2021,itemvalue22,是（欄位說明僅存於新北市統計年報）,4.0
110,,,,,,,欄位未定義,0.0,,安全,新北市政府主計處,青年刑事案件嫌疑犯,2021,itemvalue23,是（欄位說明僅存於新北市統計年報）,1.0
110,,,,,,,欄位未定義,0.0,,安全,新北市政府主計處,青年刑事案件嫌疑犯,2021,itemvalue24,是（欄位說明僅存於新北市統計年報）,1420.0
110,,,,,,,欄位未定義,0.0,,安全,新北市政府主計處,青年刑事案件嫌疑犯,2021,itemvalue25,是（欄位說明僅存於新北市統計年報）,313.0
110,,,,,,,欄位未定義,0.0,,就業,新北市政府主計處,刑事案件嫌疑犯–職業別,2021,item value2,是（欄位說明僅存於新北市統計年報）,143.0
110,,,,,,,欄位未定義,0.0,,就業,新北市政府主計處,刑事案件嫌疑犯–職業別,2021,item value3,是（欄位說明僅存於新北市統計年報）,40.0
110,,,,,,,欄位未定義,0.0,,就業,新北市政府主計處,刑事案件嫌疑犯–職業別,2021,item value4,是（欄位說明僅存於新北市統計年報）,279.0
110,,,,,,,欄位未定義,0.0,,就業,新北市政府主計處,刑事案件嫌疑犯–職業別,2021,item value5,是（欄位說明僅存於新北市統計年報）,144.0
110,,,,,,,欄位未定義,0.0,,就業,新北市政府主計處,刑事案件嫌疑犯–職業別,2021,item value6,是（欄位說明僅存於新北市統計年報）,107.0
110,,,,,,,欄位未定義,0.0,,就業,新北市政府主計處,刑事案件嫌疑犯–職業別,2021,item value7,是（欄位說明僅存於新北市統計年報）,43.0
110,,,,,,,欄位未定義,0.0,,就業,新北市政府主計處,刑事案件嫌疑犯–職業別,2021,item value8,是（欄位說明僅存於新北市統計年報）,80.0
110,,,,,,,欄位未定義,0.0,,就業,新北市政府主計處,刑事案件嫌疑犯–職業別,2021,item value9,是（欄位說明僅存於新北市統計年報）,44.0
110,,,,,,,欄位未定義,0.0,,就業,新北市政府主計處,刑事案件嫌疑犯–職業別,2021,item value10,是（欄位說明僅存於新北市統計年報）,4151.0
110,,,,,,,欄位未定義,0.0,,就業,新北市政府主計處,刑事案件嫌疑犯–職業別,2021,item value11,是（欄位說明僅存於新北市統計年報）,1471.0
110,,,,,,,欄位未定義,0.0,,就業,新北市政府主計處,刑事案件嫌疑犯–職業別,2021,item value12,是（欄位說明僅存於新北市統計年報）,75.0
110,,,,,,,欄位未定義,0.0,,就業,新北市政府主計處,刑事案件嫌疑犯–職業別,2021,item value13,是（欄位說明僅存於新北市統計年報）,3.0
110,,,,,,,欄位未定義,0.0,,就業,新北市政府主計處,刑事案件嫌疑犯–職業別,2021,item value14,是（欄位說明僅存於新北市統計年報）,313.0
110,,,,,,,欄位未定義,0.0,,就業,新北市政府主計處,刑事案件嫌疑犯–職業別,2021,item value15,是（欄位說明僅存於新北市統計年報）,12.0
110,,,,,,,欄位未定義,0.0,,就業,新北市政府主計處,刑事案件嫌疑犯–職業別,2021,item value16,是（欄位說明僅存於新北市統計年報）,694.0
110,,,,,,,欄位未定義,0.0,,就業,新北市政府主計處,刑事案件嫌疑犯–職業別,2021,item value17,是（欄位說明僅存於新北市統計年報）,39.0
110,,,,,,,欄位未定義,0.0,,就業,新北市政府主計處,刑事案件嫌疑犯–職業別,2021,item value18,是（欄位說明僅存於新北市統計年報）,558.0
110,,,,,,,欄位未定義,0.0,,就業,新北市政府主計處,刑事案件嫌疑犯–職業別,2021,item value19,是（欄位說明僅存於新北市統計年報）,19.0
110,,,,,,,欄位未定義,0.0,,就業,新北市政府主計處,刑事案件嫌疑犯–職業別,2021,item value20,是（欄位說明僅存於新北市統計年報）,4946.0
110,,,,,,,欄位未定義,0.0,,就業,新北市政府主計處,刑事案件嫌疑犯–職業別,2021,item value21,是（欄位說明僅存於新北市統計年報）,245.0
110,,,,,,,欄位未定義,0.0,,就業,新北市政府主計處,刑事案件嫌疑犯–職業別,2021,item value22,是（欄位說明僅存於新北市統計年報）,742.0
110,,,,,,,欄位未定義,0.0,,就業,新北市政府主計處,刑事案件嫌疑犯–職業別,2021,item value23,是（欄位說明僅存於新北市統計年報）,172.0
110,,,,,,,欄位未定義,0.0,,就業,新北市政府主計處,刑事案件嫌疑犯–職業別,2021,item value24,是（欄位說明僅存於新北市統計年報）,3745.0
110,,,,,,,欄位未定義,0.0,,就業,新北市政府主計處,刑事案件嫌疑犯–職業別,2021,item value25,是（欄位說明僅存於新北市統計年報）,1407.0
110,,,,,,,欄位未定義,0.0,,就業,新北市政府主計處,刑事案件嫌疑犯–職業別,2021,item value26,是（欄位說明僅存於新北市統計年報）,688.0
110,,,,,,,欄位未定義,0.0,,就業,新北市政府主計處,刑事案件嫌疑犯–職業別,2021,item value27,是（欄位說明僅存於新北市統計年報）,234.0
110,,,,,,,欄位未定義,0.0,,就業,新北市政府主計處,刑事案件被害者–職業別,2021,item value2,是（欄位說明僅存於新北市統計年報）,304.0
110,,,,,,,欄位未定義,0.0,,就業,新北市政府主計處,刑事案件被害者–職業別,2021,item value3,是（欄位說明僅存於新北市統計年報）,165.0
110,,,,,,,欄位未定義,0.0,,就業,新北市政府主計處,刑事案件被害者–職業別,2021,item value4,是（欄位說明僅存於新北市統計年報）,781.0
110,,,,,,,欄位未定義,0.0,,就業,新北市政府主計處,刑事案件被害者–職業別,2021,item value5,是（欄位說明僅存於新北市統計年報）,745.0
110,,,,,,,欄位未定義,0.0,,就業,新北市政府主計處,刑事案件被害者–職業別,2021,item value6,是（欄位說明僅存於新北市統計年報）,293.0
110,,,,,,,欄位未定義,0.0,,就業,新北市政府主計處,刑事案件被害者–職業別,2021,item value7,是（欄位說明僅存於新北市統計年報）,264.0
110,,,,,,,欄位未定義,0.0,,就業,新北市政府主計處,刑事案件被害者–職業別,2021,item value8,是（欄位說明僅存於新北市統計年報）,91.0
110,,,,,,,欄位未定義,0.0,,就業,新北市政府主計處,刑事案件被害者–職業別,2021,item value9,是（欄位說明僅存於新北市統計年報）,161.0
110,,,,,,,欄位未定義,0.0,,就業,新北市政府主計處,刑事案件被害者–職業別,2021,item value10,是（欄位說明僅存於新北市統計年報）,5973.0
110,,,,,,,欄位未定義,0.0,,就業,新北市政府主計處,刑事案件被害者–職業別,2021,item value11,是（欄位說明僅存於新北市統計年報）,5333.0
110,,,,,,,欄位未定義,0.0,,就業,新北市政府主計處,刑事案件被害者–職業別,2021,item value12,是（欄位說明僅存於新北市統計年報）,87.0
110,,,,,,,欄位未定義,0.0,,就業,新北市政府主計處,刑事案件被害者–職業別,2021,item value13,是（欄位說明僅存於新北市統計年報）,26.0
110,,,,,,,欄位未定義,0.0,,就業,新北市政府主計處,刑事案件被害者–職業別,2021,item value14,是（欄位說明僅存於新北市統計年報）,609.0
110,,,,,,,欄位未定義,0.0,,就業,新北市政府主計處,刑事案件被害者–職業別,2021,item value15,是（欄位說明僅存於新北市統計年報）,62.0
110,,,,,,,欄位未定義,0.0,,就業,新北市政府主計處,刑事案件被害者–職業別,2021,item value16,是（欄位說明僅存於新北市統計年報）,586.0
110,,,,,,,欄位未定義,0.0,,就業,新北市政府主計處,刑事案件被害者–職業別,2021,item value17,是（欄位說明僅存於新北市統計年報）,131.0
110,,,,,,,欄位未定義,0.0,,就業,新北市政府主計處,刑事案件被害者–職業別,2021,item value18,是（欄位說明僅存於新北市統計年報）,614.0
110,,,,,,,欄位未定義,0.0,,就業,新北市政府主計處,刑事案件被害者–職業別,2021,item value19,是（欄位說明僅存於新北市統計年報）,33.0
110,,,,,,,欄位未定義,0.0,,就業,新北市政府主計處,刑事案件被害者–職業別,2021,item value20,是（欄位說明僅存於新北市統計年報）,2241.0
110,,,,,,,欄位未定義,0.0,,就業,新北市政府主計處,刑事案件被害者–職業別,2021,item value21,是（欄位說明僅存於新北市統計年報）,507.0
110,,,,,,,欄位未定義,0.0,,就業,新北市政府主計處,刑事案件被害者–職業別,2021,item value22,是（欄位說明僅存於新北市統計年報）,1198.0
110,,,,,,,欄位未定義,0.0,,就業,新北市政府主計處,刑事案件被害者–職業別,2021,item value23,是（欄位說明僅存於新北市統計年報）,1091.0
110,,,,,,,欄位未定義,0.0,,就業,新北市政府主計處,刑事案件被害者–職業別,2021,item value24,是（欄位說明僅存於新北市統計年報）,2523.0
110,,,,,,,欄位未定義,0.0,,就業,新北市政府主計處,刑事案件被害者–職業別,2021,item value25,是（欄位說明僅存於新北市統計年報）,2938.0
110,,,,,,,欄位未定義,0.0,,就業,新北市政府主計處,刑事案件被害者–職業別,2021,item value26,是（欄位說明僅存於新北市統計年報）,1673.0
110,,,,,,,欄位未定義,0.0,,就業,新北市政府主計處,刑事案件被害者–職業別,2021,item value27,是（欄位說明僅存於新北市統計年報）,1269.0
110,,,,,,,欄位未定義,0.0,,就業,新北市政府主計處,勞動力,2021,percent2,是（欄位說明僅存於新北市統計年報）,1698.0
110,,,,,,,欄位未定義,0.0,,就業,新北市政府主計處,勞動力,2021,percent3,是（欄位說明僅存於新北市統計年報）,1825.0
110,,,,,,,欄位未定義,0.0,,就業,新北市政府主計處,勞動力,2021,percent4,是（欄位說明僅存於新北市統計年報）,1140.0
110,,,,,,,欄位未定義,0.0,,就業,新北市政府主計處,勞動力,2021,percent5,是（欄位說明僅存於新北市統計年報）,929.0
110,,,,,,,欄位未定義,0.0,,就業,新北市政府主計處,勞動力,2021,percent6,是（欄位說明僅存於新北市統計年報）,1091.0
110,,,,,,,欄位未定義,0.0,,就業,新北市政府主計處,勞動力,2021,percent7,是（欄位說明僅存於新北市統計年報）,894.0
110,,,,,,,欄位未定義,0.0,,就業,新北市政府主計處,勞動力,2021,percent8,是（欄位說明僅存於新北市統計年報）,49.0
110,,,,,,,欄位未定義,0.0,,就業,新北市政府主計處,勞動力,2021,percent9,是（欄位說明僅存於新北市統計年報）,35.0
110,,,,,,,欄位未定義,0.0,,就業,新北市政府主計處,勞動力,2021,percent10,是（欄位說明僅存於新北市統計年報）,558.0
110,,,,,,,欄位未定義,0.0,,就業,新北市政府主計處,勞動力,2021,percent11,是（欄位說明僅存於新北市統計年報）,896.0
110,,,,,,,欄位未定義,0.0,,就業,新北市政府主計處,勞動力,2021,percent12,是（欄位說明僅存於新北市統計年報）,152.0
110,,,,,,,欄位未定義,0.0,,就業,新北市政府主計處,勞動力,2021,percent13,是（欄位說明僅存於新北市統計年報）,141.0
110,,,,,,,欄位未定義,0.0,,就業,新北市政府主計處,勞動力,2021,percent14,是（欄位說明僅存於新北市統計年報）,7.0
110,,,,,,,欄位未定義,0.0,,就業,新北市政府主計處,勞動力,2021,percent15,是（欄位說明僅存於新北市統計年報）,518.0
110,,,,,,,欄位未定義,0.0,,就業,新北市政府主計處,勞動力,2021,percent16,是（欄位說明僅存於新北市統計年報）,250.0
110,,,,,,,欄位未定義,0.0,,就業,新北市政府主計處,勞動力,2021,percent17,是（欄位說明僅存於新北市統計年報）,165.0
110,,,,,,,欄位未定義,0.0,,就業,新北市政府主計處,勞動力,2021,percent18,是（欄位說明僅存於新北市統計年報）,150.0
110,,,,,,,欄位未定義,0.0,,就業,新北市政府主計處,勞動力,2021,percent19,是（欄位說明僅存於新北市統計年報）,71.0
110,,,,,,,欄位未定義,0.0,,就業,新北市政府主計處,勞動力,2021,percent20,是（欄位說明僅存於新北市統計年報）,44.9
110,,,,,,,欄位未定義,0.0,,就業,新北市政府主計處,勞動力參與率,2021,itemvalue2,是（欄位說明僅存於新北市統計年報）,67.1
110,,,,,,,欄位未定義,0.0,,就業,新北市政府主計處,勞動力參與率,2021,itemvalue3,是（欄位說明僅存於新北市統計年報）,50.9
110,,,,,,,欄位未定義,0.0,,就業,新北市政府主計處,勞動力參與率,2021,itemvalue4,是（欄位說明僅存於新北市統計年報）,36.9
110,,,,,,,欄位未定義,0.0,,就業,新北市政府主計處,勞動力參與率,2021,itemvalue5,是（欄位說明僅存於新北市統計年報）,36.6
110,,,,,,,欄位未定義,0.0,,就業,新北市政府主計處,勞動力參與率,2021,itemvalue6,是（欄位說明僅存於新北市統計年報）,96.1
110,,,,,,,欄位未定義,0.0,,就業,新北市政府主計處,勞動力參與率,2021,itemvalue7,是（欄位說明僅存於新北市統計年報）,84.1
110,,,,,,,欄位未定義,0.0,,就業,新北市政府主計處,勞動力參與率,2021,itemvalue8,是（欄位說明僅存於新北市統計年報）,76.0
110,,,,,,,欄位未定義,0.0,,就業,新北市政府主計處,勞動力參與率,2021,itemvalue9,是（欄位說明僅存於新北市統計年報）,49.9
110,,,,,,,欄位未定義,0.0,,就業,新北市政府主計處,勞動力參與率,2021,itemvalue10,是（欄位說明僅存於新北市統計年報）,10.3
110,,,,,,,欄位未定義,0.0,,就業,新北市政府主計處,勞動力參與率,2021,itemvalue11,是（欄位說明僅存於新北市統計年報）,3.2
110,,,,,,,欄位未定義,0.0,,就業,新北市政府主計處,勞動力參與率,2021,itemvalue12,是（欄位說明僅存於新北市統計年報）,48.2
110,,,,,,,欄位未定義,0.0,,就業,新北市政府主計處,勞動力參與率,2021,itemvalue13,是（欄位說明僅存於新北市統計年報）,22.3
110,,,,,,,欄位未定義,0.0,,就業,新北市政府主計處,勞動力參與率,2021,itemvalue14,是（欄位說明僅存於新北市統計年報）,71.0
110,,,,,,,欄位未定義,0.0,,就業,新北市政府主計處,勞動力參與率,2021,itemvalue15,是（欄位說明僅存於新北市統計年報）,46.8
110,,,,,,,欄位未定義,0.0,,就業,新北市政府主計處,勞動力參與率,2021,itemvalue16,是（欄位說明僅存於新北市統計年報）,72.6
110,,,,,,,欄位未定義,0.0,,就業,新北市政府主計處,勞動力參與率,2021,itemvalue17,是（欄位說明僅存於新北市統計年報）,63.2
110,,,,,,,欄位未定義,0.0,,就業,新北市政府主計處,勞動力參與率,2021,itemvalue18,是（欄位說明僅存於新北市統計年報）,73.5
110,,,,,,,欄位未定義,0.0,,就業,新北市政府主計處,勞動力參與率,2021,itemvalue19,是（欄位說明僅存於新北市統計年報）,68.2
110,,,,,,,欄位未定義,0.0,,就業,新北市政府主計處,勞動力參與率,2021,itemvalue20,是（欄位說明僅存於新北市統計年報）,63.9
110,,,,,,,欄位未定義,0.0,,就業,新北市政府主計處,勞動力參與率,2021,itemvalue21,是（欄位說明僅存於新北市統計年報）,45.7
110,,,,,,,欄位未定義,0.0,,就業,新北市政府主計處,勞動力參與率,2021,itemvalue22,是（欄位說明僅存於新北市統計年報）,56.2
110,,,,,,,欄位未定義,0.0,,就業,新北市政府主計處,勞動力參與率,2021,itemvalue23,是（欄位說明僅存於新北市統計年報）,29.3
110,,,,,,,欄位未定義,0.0,,就業,新北市政府主計處,勞工(農民)保險及勞資爭議,2021,itemvalue2,是（欄位說明僅存於新北市統計年報）,15849.0
110,,,,,,,欄位未定義,0.0,,就業,新北市政府主計處,勞工(農民)保險及勞資爭議,2021,itemvalue3,是（欄位說明僅存於新北市統計年報）,12713.0
110,,,,,,,欄位未定義,0.0,,就業,新北市政府主計處,勞工(農民)保險及勞資爭議,2021,itemvalue4,是（欄位說明僅存於新北市統計年報）,766367.0
110,,,,,,,欄位未定義,0.0,,就業,新北市政府主計處,勞工(農民)保險及勞資爭議,2021,itemvalue5,是（欄位說明僅存於新北市統計年報）,736628.0
110,,,,,,,欄位未定義,0.0,,就業,新北市政府主計處,勞工(農民)保險及勞資爭議,2021,itemvalue6,是（欄位說明僅存於新北市統計年報）,12863.0
110,,,,,,,欄位未定義,0.0,,就業,新北市政府主計處,勞工(農民)保險及勞資爭議,2021,itemvalue7,是（欄位說明僅存於新北市統計年報）,42452.0
110,,,,,,,欄位未定義,0.0,,就業,新北市政府主計處,勞工(農民)保險及勞資爭議,2021,itemvalue8,是（欄位說明僅存於新北市統計年報）,3405.0
110,,,,,,,欄位未定義,0.0,,就業,新北市政府主計處,勞工(農民)保險及勞資爭議,2021,itemvalue9,是（欄位說明僅存於新北市統計年報）,2848.0
110,,,,,,,欄位未定義,0.0,,就業,新北市政府主計處,原住民族勞動力,2021,percent2,是（欄位說明僅存於新北市統計年報）,76.69
110,,,,,,,欄位未定義,0.0,,就業,新北市政府主計處,原住民族勞動力,2021,percent3,是（欄位說明僅存於新北市統計年報）,64.66
110,,,,,,,欄位未定義,0.0,,就業,新北市政府主計處,原住民族勞動力,2021,percent4,是（欄位說明僅存於新北市統計年報）,94.85
110,,,,,,,欄位未定義,0.0,,就業,新北市政府主計處,原住民族勞動力,2021,percent5,是（欄位說明僅存於新北市統計年報）,97.39
110,,,,,,,欄位未定義,0.0,,就業,新北市政府主計處,原住民族勞動力,2021,percent6,是（欄位說明僅存於新北市統計年報）,5.15
110,,,,,,,欄位未定義,0.0,,就業,新北市政府主計處,原住民族勞動力,2021,percent7,是（欄位說明僅存於新北市統計年報）,2.61
110,,,,,,,欄位未定義,0.0,,就業,新北市政府主計處,失業率－年齡別,2021,item value2,是（欄位說明僅存於新北市統計年報）,9.8
110,,,,,,,欄位未定義,0.0,,就業,新北市政府主計處,失業率－年齡別,2021,item value3,是（欄位說明僅存於新北市統計年報）,8.0
110,,,,,,,欄位未定義,0.0,,就業,新北市政府主計處,失業率－年齡別,2021,item value4,是（欄位說明僅存於新北市統計年報）,6.6
110,,,,,,,欄位未定義,0.0,,就業,新北市政府主計處,失業率－年齡別,2021,item value5,是（欄位說明僅存於新北市統計年報）,6.4
110,,,,,,,欄位未定義,0.0,,就業,新北市政府主計處,失業率－年齡別,2021,item value6,是（欄位說明僅存於新北市統計年報）,4.0
110,,,,,,,欄位未定義,0.0,,就業,新北市政府主計處,失業率－年齡別,2021,item value7,是（欄位說明僅存於新北市統計年報）,3.9
110,,,,,,,欄位未定義,0.0,,就業,新北市政府主計處,失業率－年齡別,2021,item value8,是（欄位說明僅存於新北市統計年報）,3.4
110,,,,,,,欄位未定義,0.0,,就業,新北市政府主計處,失業率－年齡別,2021,item value9,是（欄位說明僅存於新北市統計年報）,4.2
110,,,,,,,欄位未定義,0.0,,就業,新北市政府主計處,失業率－年齡別,2021,item value10,是（欄位說明僅存於新北市統計年報）,3.6
110,,,,,,,欄位未定義,0.0,,就業,新北市政府主計處,失業率－年齡別,2021,item value11,是（欄位說明僅存於新北市統計年報）,1.7
110,,,,,,,欄位未定義,0.0,,就業,新北市政府主計處,失業率－年齡別,2021,item value12,是（欄位說明僅存於新北市統計年報）,4.0
110,,,,,,,欄位未定義,0.0,,就業,新北市政府主計處,失業率－年齡別,2021,item value13,是（欄位說明僅存於新北市統計年報）,3.0
110,,,,,,,欄位未定義,0.0,,就業,新北市政府主計處,失業率－年齡別,2021,item value14,是（欄位說明僅存於新北市統計年報）,2.6
110,,,,,,,欄位未定義,0.0,,就業,新北市政府主計處,失業率－年齡別,2021,item value15,是（欄位說明僅存於新北市統計年報）,2.7
110,,,,,,,欄位未定義,0.0,,就業,新北市政府主計處,失業率－年齡別,2021,item value16,是（欄位說明僅存於新北市統計年報）,3.5
110,,,,,,,欄位未定義,0.0,,就業,新北市政府主計處,失業率－年齡別,2021,item value17,是（欄位說明僅存於新北市統計年報）,2.5
110,,,,,,,欄位未定義,0.0,,就業,新北市政府主計處,失業率－年齡別,2021,item value18,是（欄位說明僅存於新北市統計年報）,3.7
110,,,,,,,欄位未定義,0.0,,就業,新北市政府主計處,失業率－年齡別,2021,item value19,是（欄位說明僅存於新北市統計年報）,1.6
110,,,,,,,欄位未定義,0.0,,就業,新北市政府主計處,失業率－年齡別,2021,item value20,是（欄位說明僅存於新北市統計年報）,0.9
110,,,,,,,欄位未定義,0.0,,就業,新北市政府主計處,失業率－年齡別,2021,item value21,是（欄位說明僅存於新北市統計年報）,0.6
110,,,,,,,欄位未定義,0.0,,就業,新北市政府主計處,家庭所得分配,2021,itemvalue2,是（欄位說明僅存於新北市統計年報）,764348.051941178
110,,,,,,,欄位未定義,0.0,,就業,新北市政府主計處,家庭所得分配,2021,itemvalue3,是（欄位說明僅存於新北市統計年報）,558152.3370489116
110,,,,,,,欄位未定義,0.0,,就業,新北市政府主計處,家庭所得分配,2021,itemvalue4,是（欄位說明僅存於新北市統計年報）,636621.0839420917
110,,,,,,,欄位未定義,0.0,,就業,新北市政府主計處,家庭所得分配,2021,itemvalue5,是（欄位說明僅存於新北市統計年報）,470431.9806020788
110,,,,,,,欄位未定義,0.0,,就業,新北市政府主計處,家庭所得分配,2021,itemvalue6,是（欄位說明僅存於新北市統計年報）,475499.6527371552
110,,,,,,,欄位未定義,0.0,,就業,新北市政府主計處,家庭所得分配,2021,itemvalue7,是（欄位說明僅存於新北市統計年報）,446452.4478370706
110,,,,,,,欄位未定義,0.0,,就業,新北市政府主計處,家庭所得分配,2021,itemvalue8,是（欄位說明僅存於新北市統計年報）,394390.7555371615
110,,,,,,,欄位未定義,0.0,,就業,新北市政府主計處,家庭所得分配,2021,itemvalue9,是（欄位說明僅存於新北市統計年報）,377502.1302684853
110,,,,,,,欄位未定義,0.0,,就業,新北市政府主計處,家庭所得差距,2021,itemvalue2,是（欄位說明僅存於新北市統計年報）,1248535.6917032262
110,,,,,,,欄位未定義,0.0,,就業,新北市政府主計處,家庭所得差距,2021,itemvalue3,是（欄位說明僅存於新北市統計年報）,926291.6790810424
110,,,,,,,欄位未定義,0.0,,就業,新北市政府主計處,家庭所得差距,2021,itemvalue4,是（欄位說明僅存於新北市統計年報）,475222.5819888075
110,,,,,,,欄位未定義,0.0,,就業,新北市政府主計處,家庭所得差距,2021,itemvalue5,是（欄位說明僅存於新北市統計年報）,452762.1414623909
110,,,,,,,欄位未定義,0.0,,就業,新北市政府主計處,家庭所得差距,2021,itemvalue6,是（欄位說明僅存於新北市統計年報）,746156.7558732396
110,,,,,,,欄位未定義,0.0,,就業,新北市政府主計處,家庭所得差距,2021,itemvalue7,是（欄位說明僅存於新北市統計年報）,727959.453924995
110,,,,,,,欄位未定義,0.0,,就業,新北市政府主計處,家庭所得差距,2021,itemvalue8,是（欄位說明僅存於新北市統計年報）,1032482.6633334756
110,,,,,,,欄位未定義,0.0,,就業,新北市政府主計處,家庭所得差距,2021,itemvalue9,是（欄位說明僅存於新北市統計年報）,1032691.1612631702
110,,,,,,,欄位未定義,0.0,,就業,新北市政府主計處,家庭所得差距,2021,itemvalue10,是（欄位說明僅存於新北市統計年報）,1374257.7030289166
110,,,,,,,欄位未定義,0.0,,就業,新北市政府主計處,家庭所得差距,2021,itemvalue11,是（欄位說明僅存於新北市統計年報）,1351877.756932499
110,,,,,,,欄位未定義,0.0,,就業,新北市政府主計處,家庭所得差距,2021,itemvalue12,是（欄位說明僅存於新北市統計年報）,2170722.3343896754
110,,,,,,,欄位未定義,0.0,,就業,新北市政府主計處,家庭所得差距,2021,itemvalue13,是（欄位說明僅存於新北市統計年報）,2038077.1025938275
110,,,,,,,欄位未定義,0.0,,就業,新北市政府主計處,就業者年齡結構,2021,percent2,是（欄位說明僅存於新北市統計年報）,6.6
110,,,,,,,欄位未定義,0.0,,就業,新北市政府主計處,就業者年齡結構,2021,percent3,是（欄位說明僅存於新北市統計年報）,7.72
110,,,,,,,欄位未定義,0.0,,就業,新北市政府主計處,就業者年齡結構,2021,percent4,是（欄位說明僅存於新北市統計年報）,11.09
110,,,,,,,欄位未定義,0.0,,就業,新北市政府主計處,就業者年齡結構,2021,percent5,是（欄位說明僅存於新北市統計年報）,12.86
110,,,,,,,欄位未定義,0.0,,就業,新北市政府主計處,就業者年齡結構,2021,percent6,是（欄位說明僅存於新北市統計年報）,11.92
110,,,,,,,欄位未定義,0.0,,就業,新北市政府主計處,就業者年齡結構,2021,percent7,是（欄位說明僅存於新北市統計年報）,12.75
110,,,,,,,欄位未定義,0.0,,就業,新北市政府主計處,就業者年齡結構,2021,percent8,是（欄位說明僅存於新北市統計年報）,13.57
110,,,,,,,欄位未定義,0.0,,就業,新北市政府主計處,就業者年齡結構,2021,percent9,是（欄位說明僅存於新北市統計年報）,13.87
110,,,,,,,欄位未定義,0.0,,就業,新北市政府主計處,就業者年齡結構,2021,percent10,是（欄位說明僅存於新北市統計年報）,14.57
110,,,,,,,欄位未定義,0.0,,就業,新北市政府主計處,就業者年齡結構,2021,percent11,是（欄位說明僅存於新北市統計年報）,15.55
110,,,,,,,欄位未定義,0.0,,就業,新北市政府主計處,就業者年齡結構,2021,percent12,是（欄位說明僅存於新北市統計年報）,12.65
110,,,,,,,欄位未定義,0.0,,就業,新北市政府主計處,就業者年齡結構,2021,percent13,是（欄位說明僅存於新北市統計年報）,13.53
110,,,,,,,欄位未定義,0.0,,就業,新北市政府主計處,就業者年齡結構,2021,percent14,是（欄位說明僅存於新北市統計年報）,11.46
110,,,,,,,欄位未定義,0.0,,就業,新北市政府主計處,就業者年齡結構,2021,percent15,是（欄位說明僅存於新北市統計年報）,11.19
110,,,,,,,欄位未定義,0.0,,就業,新北市政府主計處,就業者年齡結構,2021,percent16,是（欄位說明僅存於新北市統計年報）,9.62
110,,,,,,,欄位未定義,0.0,,就業,新北市政府主計處,就業者年齡結構,2021,percent17,是（欄位說明僅存於新北市統計年報）,7.72
110,,,,,,,欄位未定義,0.0,,就業,新北市政府主計處,就業者年齡結構,2021,percent18,是（欄位說明僅存於新北市統計年報）,5.87
110,,,,,,,欄位未定義,0.0,,就業,新北市政府主計處,就業者年齡結構,2021,percent19,是（欄位說明僅存於新北市統計年報）,3.69
110,,,,,,,欄位未定義,0.0,,就業,新北市政府主計處,就業者年齡結構,2021,percent20,是（欄位說明僅存於新北市統計年報）,2.66
110,,,,,,,欄位未定義,0.0,,就業,新北市政府主計處,就業者年齡結構,2021,percent21,是（欄位說明僅存於新北市統計年報）,1.23
110,,,,,,,欄位未定義,0.0,,就業,新北市政府主計處,就業者從業身分結構,2021,percent2,是（欄位說明僅存於新北市統計年報）,17.14
110,,,,,,,欄位未定義,0.0,,就業,新北市政府主計處,就業者從業身分結構,2021,percent3,是（欄位說明僅存於新北市統計年報）,6.15
110,,,,,,,欄位未定義,0.0,,就業,新北市政府主計處,就業者從業身分結構,2021,percent4,是（欄位說明僅存於新北市統計年報）,6.32
110,,,,,,,欄位未定義,0.0,,就業,新北市政府主計處,就業者從業身分結構,2021,percent5,是（欄位說明僅存於新北市統計年報）,1.57
110,,,,,,,欄位未定義,0.0,,就業,新北市政府主計處,就業者從業身分結構,2021,percent6,是（欄位說明僅存於新北市統計年報）,10.82
110,,,,,,,欄位未定義,0.0,,就業,新北市政府主計處,就業者從業身分結構,2021,percent7,是（欄位說明僅存於新北市統計年報）,4.59
110,,,,,,,欄位未定義,0.0,,就業,新北市政府主計處,就業者從業身分結構,2021,percent8,是（欄位說明僅存於新北市統計年報）,6.14
110,,,,,,,欄位未定義,0.0,,就業,新北市政府主計處,就業者從業身分結構,2021,percent9,是（欄位說明僅存於新北市統計年報）,9.62
110,,,,,,,欄位未定義,0.0,,就業,新北市政府主計處,就業者從業身分結構,2021,percent10,是（欄位說明僅存於新北市統計年報）,75.62
110,,,,,,,欄位未定義,0.0,,就業,新北市政府主計處,就業者從業身分結構,2021,percent11,是（欄位說明僅存於新北市統計年報）,80.09
110,,,,,,,欄位未定義,0.0,,就業,新北市政府主計處,就業者從業身分結構,2021,percent12,是（欄位說明僅存於新北市統計年報）,1.1
110,,,,,,,欄位未定義,0.0,,就業,新北市政府主計處,就業者從業身分結構,2021,percent13,是（欄位說明僅存於新北市統計年報）,4.14
110,,,,,,,欄位未定義,0.0,,就業,新北市政府主計處,就業者職業結構,2021,percent2,是（欄位說明僅存於新北市統計年報）,4.12
110,,,,,,,欄位未定義,0.0,,就業,新北市政府主計處,就業者職業結構,2021,percent3,是（欄位說明僅存於新北市統計年報）,1.9
110,,,,,,,欄位未定義,0.0,,就業,新北市政府主計處,就業者職業結構,2021,percent4,是（欄位說明僅存於新北市統計年報）,11.55
110,,,,,,,欄位未定義,0.0,,就業,新北市政府主計處,就業者職業結構,2021,percent5,是（欄位說明僅存於新北市統計年報）,12.19
110,,,,,,,欄位未定義,0.0,,就業,新北市政府主計處,就業者職業結構,2021,percent6,是（欄位說明僅存於新北市統計年報）,20.62
110,,,,,,,欄位未定義,0.0,,就業,新北市政府主計處,就業者職業結構,2021,percent7,是（欄位說明僅存於新北市統計年報）,27.63
110,,,,,,,欄位未定義,0.0,,就業,新北市政府主計處,就業者職業結構,2021,percent8,是（欄位說明僅存於新北市統計年報）,5.04
110,,,,,,,欄位未定義,0.0,,就業,新北市政府主計處,就業者職業結構,2021,percent9,是（欄位說明僅存於新北市統計年報）,20.36
110,,,,,,,欄位未定義,0.0,,就業,新北市政府主計處,就業者職業結構,2021,percent10,是（欄位說明僅存於新北市統計年報）,19.43
110,,,,,,,欄位未定義,0.0,,就業,新北市政府主計處,就業者職業結構,2021,percent11,是（欄位說明僅存於新北市統計年報）,25.73
110,,,,,,,欄位未定義,0.0,,就業,新北市政府主計處,就業者職業結構,2021,percent12,是（欄位說明僅存於新北市統計年報）,0.73
110,,,,,,,欄位未定義,0.0,,就業,新北市政府主計處,就業者職業結構,2021,percent13,是（欄位說明僅存於新北市統計年報）,0.11
110,,,,,,,欄位未定義,0.0,,就業,新北市政府主計處,就業者職業結構,2021,percent14,是（欄位說明僅存於新北市統計年報）,38.41
110,,,,,,,欄位未定義,0.0,,就業,新北市政府主計處,就業者職業結構,2021,percent15,是（欄位說明僅存於新北市統計年報）,12.19
110,,,,,,,欄位未定義,0.0,,就業,新北市政府主計處,就業者職業結構,2021,percent16,是（欄位說明僅存於新北市統計年報）,39.75
110,,,,,,,欄位未定義,0.0,,就業,新北市政府主計處,就業者職業結構,2021,percent17,是（欄位說明僅存於新北市統計年報）,38.69
110,,,,,,,欄位未定義,0.0,,就業,新北市政府主計處,就業者行業結構－服務業,2021,percent2,是（欄位說明僅存於新北市統計年報）,58.94
110,,,,,,,欄位未定義,0.0,,就業,新北市政府主計處,就業者行業結構－服務業,2021,percent3,是（欄位說明僅存於新北市統計年報）,77.4
110,,,,,,,欄位未定義,0.0,,就業,新北市政府主計處,就業者行業結構－服務業,2021,percent4,是（欄位說明僅存於新北市統計年報）,16.96
110,,,,,,,欄位未定義,0.0,,就業,新北市政府主計處,就業者行業結構－服務業,2021,percent5,是（欄位說明僅存於新北市統計年報）,22.82
110,,,,,,,欄位未定義,0.0,,就業,新北市政府主計處,就業者行業結構－服務業,2021,percent6,是（欄位說明僅存於新北市統計年報）,7.15
110,,,,,,,欄位未定義,0.0,,就業,新北市政府主計處,就業者行業結構－服務業,2021,percent7,是（欄位說明僅存於新北市統計年報）,2.24
110,,,,,,,欄位未定義,0.0,,就業,新北市政府主計處,就業者行業結構－服務業,2021,percent8,是（欄位說明僅存於新北市統計年報）,4.03
110,,,,,,,欄位未定義,0.0,,就業,新北市政府主計處,就業者行業結構－服務業,2021,percent9,是（欄位說明僅存於新北市統計年報）,3.58
110,,,,,,,欄位未定義,0.0,,就業,新北市政府主計處,就業者行業結構－服務業,2021,percent10,是（欄位說明僅存於新北市統計年報）,7.42
110,,,,,,,欄位未定義,0.0,,就業,新北市政府主計處,就業者行業結構－服務業,2021,percent11,是（欄位說明僅存於新北市統計年報）,8.5
110,,,,,,,欄位未定義,0.0,,就業,新北市政府主計處,就業者行業結構－服務業,2021,percent12,是（欄位說明僅存於新北市統計年報）,3.39
110,,,,,,,欄位未定義,0.0,,就業,新北市政府主計處,就業者行業結構－服務業,2021,percent13,是（欄位說明僅存於新北市統計年報）,6.71
110,,,,,,,欄位未定義,0.0,,就業,新北市政府主計處,就業者行業結構－服務業,2021,percent14,是（欄位說明僅存於新北市統計年報）,3.39
110,,,,,,,欄位未定義,0.0,,就業,新北市政府主計處,就業者行業結構－服務業,2021,percent15,是（欄位說明僅存於新北市統計年報）,5.03
110,,,,,,,欄位未定義,0.0,,就業,新北市政府主計處,就業者行業結構－服務業,2021,percent16,是（欄位說明僅存於新北市統計年報）,2.2
110,,,,,,,欄位未定義,0.0,,就業,新北市政府主計處,就業者行業結構－服務業,2021,percent17,是（欄位說明僅存於新北市統計年報）,8.05
110,,,,,,,欄位未定義,0.0,,就業,新北市政府主計處,就業者行業結構－服務業,2021,percent18,是（欄位說明僅存於新北市統計年報）,14.39
110,,,,,,,欄位未定義,0.0,,就業,新北市政府主計處,就業者行業結構－服務業,2021,percent19,是（欄位說明僅存於新北市統計年報）,20.47
110,,,,,,,欄位未定義,0.0,,就業,新北市政府主計處,就業者行業結構－農業及工業,2021,percent2,是（欄位說明僅存於新北市統計年報）,0.73
110,,,,,,,欄位未定義,0.0,,就業,新北市政府主計處,就業者行業結構－農業及工業,2021,percent3,是（欄位說明僅存於新北市統計年報）,0.0
110,,,,,,,欄位未定義,0.0,,就業,新北市政府主計處,就業者行業結構－農業及工業,2021,percent4,是（欄位說明僅存於新北市統計年報）,40.24
110,,,,,,,欄位未定義,0.0,,就業,新北市政府主計處,就業者行業結構－農業及工業,2021,percent5,是（欄位說明僅存於新北市統計年報）,22.48
110,,,,,,,欄位未定義,0.0,,就業,新北市政府主計處,就業者行業結構－農業及工業,2021,percent6,是（欄位說明僅存於新北市統計年報）,0.0
110,,,,,,,欄位未定義,0.0,,就業,新北市政府主計處,就業者行業結構－農業及工業,2021,percent7,是（欄位說明僅存於新北市統計年報）,0.0
110,,,,,,,欄位未定義,0.0,,就業,新北市政府主計處,就業者行業結構－農業及工業,2021,percent8,是（欄位說明僅存於新北市統計年報）,24.93
110,,,,,,,欄位未定義,0.0,,就業,新北市政府主計處,就業者行業結構－農業及工業,2021,percent9,是（欄位說明僅存於新北市統計年報）,20.02
110,,,,,,,欄位未定義,0.0,,就業,新北市政府主計處,就業者行業結構－農業及工業,2021,percent10,是（欄位說明僅存於新北市統計年報）,0.27
110,,,,,,,欄位未定義,0.0,,就業,新北市政府主計處,就業者行業結構－農業及工業,2021,percent11,是（欄位說明僅存於新北市統計年報）,0.11
110,,,,,,,欄位未定義,0.0,,就業,新北市政府主計處,就業者行業結構－農業及工業,2021,percent12,是（欄位說明僅存於新北市統計年報）,1.01
110,,,,,,,欄位未定義,0.0,,就業,新北市政府主計處,就業者行業結構－農業及工業,2021,percent13,是（欄位說明僅存於新北市統計年報）,0.34
110,,,,,,,欄位未定義,0.0,,就業,新北市政府主計處,就業者行業結構－農業及工業,2021,percent14,是（欄位說明僅存於新北市統計年報）,14.02
110,,,,,,,欄位未定義,0.0,,就業,新北市政府主計處,就業者行業結構－農業及工業,2021,percent15,是（欄位說明僅存於新北市統計年報）,2.01
110,,,,,,,欄位未定義,0.0,,就業,新北市政府主計處,就業輔導,2021,person2,是（欄位說明僅存於新北市統計年報）,46422.0
110,,,,,,,欄位未定義,0.0,,就業,新北市政府主計處,就業輔導,2021,person3,是（欄位說明僅存於新北市統計年報）,54460.0
110,,,,,,,欄位未定義,0.0,,就業,新北市政府主計處,就業輔導,2021,person4,是（欄位說明僅存於新北市統計年報）,0.0
110,,,,,,,欄位未定義,0.0,,就業,新北市政府主計處,就業輔導,2021,person5,是（欄位說明僅存於新北市統計年報）,0.0
110,,,,,,,欄位未定義,0.0,,就業,新北市政府主計處,就業輔導,2021,person6,是（欄位說明僅存於新北市統計年報）,169784.0
110,,,,,,,欄位未定義,0.0,,就業,新北市政府主計處,就業輔導,2021,person7,是（欄位說明僅存於新北市統計年報）,43378.0
110,,,,,,,欄位未定義,0.0,,就業,新北市政府主計處,就業輔導,2021,person8,是（欄位說明僅存於新北市統計年報）,51001.0
110,,,,,,,欄位未定義,0.0,,就業,新北市政府主計處,就業輔導,2021,person9,是（欄位說明僅存於新北市統計年報）,0.0
110,,,,,,,欄位未定義,0.0,,就業,新北市政府主計處,就業輔導,2021,person10,是（欄位說明僅存於新北市統計年報）,0.0
110,,,,,,,欄位未定義,0.0,,就業,新北市政府主計處,就業輔導,2021,person11,是（欄位說明僅存於新北市統計年報）,142842.0
110,,,,,,,欄位未定義,0.0,,就業,新北市政府主計處,職業訓練,2021,item value2,是（欄位說明僅存於新北市統計年報）,1776.0
110,,,,,,,欄位未定義,0.0,,就業,新北市政府主計處,職業訓練,2021,item value3,是（欄位說明僅存於新北市統計年報）,2448.0
110,,,,,,,欄位未定義,0.0,,就業,新北市政府主計處,職業訓練,2021,item value4,是（欄位說明僅存於新北市統計年報）,1690.0
110,,,,,,,欄位未定義,0.0,,就業,新北市政府主計處,職業訓練,2021,item value5,是（欄位說明僅存於新北市統計年報）,2337.0
110,,,,,,,欄位未定義,0.0,,就業,新北市政府主計處,職業訓練,2021,item value6,是（欄位說明僅存於新北市統計年報）,321.0
110,,,,,,,欄位未定義,0.0,,就業,新北市政府主計處,職業訓練,2021,item value7,是（欄位說明僅存於新北市統計年報）,1022.0
110,,,,,,,欄位未定義,0.0,,就業,新北市政府主計處,職業訓練,2021,item value8,是（欄位說明僅存於新北市統計年報）,16.0
110,,,,,,,欄位未定義,0.0,,就業,新北市政府主計處,職業訓練,2021,item value9,是（欄位說明僅存於新北市統計年報）,49.0
110,,,,,,,欄位未定義,0.0,,就業,新北市政府主計處,職業訓練,2021,item value10,是（欄位說明僅存於新北市統計年報）,2154.0
110,,,,,,,欄位未定義,0.0,,就業,新北市政府主計處,職業訓練,2021,item value11,是（欄位說明僅存於新北市統計年報）,6041.0
110,,,,,,,欄位未定義,0.0,,居住,新北市政府主計處,住宅補貼申請,2021,itemvalue2,是（欄位說明僅存於新北市統計年報）,15585.0
110,,,,,,,欄位未定義,0.0,,居住,新北市政府主計處,住宅補貼申請,2021,itemvalue3,是（欄位說明僅存於新北市統計年報）,44.59
110,,,,,,,欄位未定義,0.0,,居住,新北市政府主計處,住宅補貼申請,2021,itemvalue4,是（欄位說明僅存於新北市統計年報）,19368.0
110,,,,,,,欄位未定義,0.0,,居住,新北市政府主計處,住宅補貼申請,2021,itemvalue5,是（欄位說明僅存於新北市統計年報）,55.41
110,,,,,,,欄位未定義,0.0,,居住,新北市政府主計處,住宅補貼申請,2021,itemvalue6,是（欄位說明僅存於新北市統計年報）,13805.0
110,,,,,,,欄位未定義,0.0,,居住,新北市政府主計處,住宅補貼申請,2021,itemvalue7,是（欄位說明僅存於新北市統計年報）,17269.0
110,,,,,,,欄位未定義,0.0,,居住,新北市政府主計處,住宅補貼申請,2021,itemvalue8,是（欄位說明僅存於新北市統計年報）,1546.0
110,,,,,,,欄位未定義,0.0,,居住,新北市政府主計處,住宅補貼申請,2021,itemvalue9,是（欄位說明僅存於新北市統計年報）,1859.0
110,,,,,,,欄位未定義,0.0,,居住,新北市政府主計處,住宅補貼申請,2021,itemvalue10,是（欄位說明僅存於新北市統計年報）,234.0
110,,,,,,,欄位未定義,0.0,,居住,新北市政府主計處,住宅補貼申請,2021,itemvalue11,是（欄位說明僅存於新北市統計年報）,240.0
110,,,,,,,欄位未定義,0.0,,居住,新北市政府主計處,房屋稅及地價稅開徵概況,2021,percent2,是（欄位說明僅存於新北市統計年報）,50.0
110,,,,,,,欄位未定義,0.0,,居住,新北市政府主計處,房屋稅及地價稅開徵概況,2021,percent3,是（欄位說明僅存於新北市統計年報）,50.0
110,,,,,,,欄位未定義,0.0,,居住,新北市政府主計處,房屋稅及地價稅開徵概況,2021,percent4,是（欄位說明僅存於新北市統計年報）,51.6
110,,,,,,,欄位未定義,0.0,,居住,新北市政府主計處,房屋稅及地價稅開徵概況,2021,percent5,是（欄位說明僅存於新北市統計年報）,48.4
110,,,,,,,欄位未定義,0.0,,居住,新北市政府主計處,房屋稅及地價稅開徵概況,2021,percent6,是（欄位說明僅存於新北市統計年報）,48.6
110,,,,,,,欄位未定義,0.0,,居住,新北市政府主計處,房屋稅及地價稅開徵概況,2021,percent7,是（欄位說明僅存於新北市統計年報）,51.4
110,,,,,,,欄位未定義,0.0,,居住,新北市政府主計處,房屋稅及地價稅開徵概況,2021,percent8,是（欄位說明僅存於新北市統計年報）,48.6
110,,,,,,,欄位未定義,0.0,,居住,新北市政府主計處,房屋稅及地價稅開徵概況,2021,percent9,是（欄位說明僅存於新北市統計年報）,51.4
110,,,,,,,欄位未定義,0.0,,居住,新北市政府主計處,房屋稅及地價稅開徵概況,2021,percent10,是（欄位說明僅存於新北市統計年報）,62.3
110,,,,,,,欄位未定義,0.0,,居住,新北市政府主計處,房屋稅及地價稅開徵概況,2021,percent11,是（欄位說明僅存於新北市統計年報）,37.7
110,,,,,,,欄位未定義,0.0,,居住,新北市政府主計處,房屋稅及地價稅開徵概況,2021,percent12,是（欄位說明僅存於新北市統計年報）,55.6
110,,,,,,,欄位未定義,0.0,,居住,新北市政府主計處,房屋稅及地價稅開徵概況,2021,percent13,是（欄位說明僅存於新北市統計年報）,44.4
110,,,,,,,欄位未定義,0.0,,居住,新北市政府主計處,房屋稅及地價稅開徵概況,2021,percent14,是（欄位說明僅存於新北市統計年報）,62.9
110,,,,,,,欄位未定義,0.0,,居住,新北市政府主計處,房屋稅及地價稅開徵概況,2021,percent15,是（欄位說明僅存於新北市統計年報）,37.1
110,,,,,,,欄位未定義,0.0,,居住,新北市政府城鄉發展局,新北市歷年住宅補貼受理情形統計表,2021,rent_project_num,是（欄位說明僅存於新北市統計年報）,24772.0
110,,,,,,,欄位未定義,0.0,,居住,新北市政府城鄉發展局,新北市歷年住宅補貼受理情形統計表,2021,rent_apply_num,是（欄位說明僅存於新北市統計年報）,33724.0
110,,,,,,,欄位未定義,0.0,,居住,新北市政府城鄉發展局,新北市歷年住宅補貼受理情形統計表,2021,rent_ok_num,是（欄位說明僅存於新北市統計年報）,26511.0
110,,,,,,,欄位未定義,0.0,,居住,新北市政府城鄉發展局,新北市歷年住宅補貼受理情形統計表,2021,rent_ok_num_percentage,是（欄位說明僅存於新北市統計年報）,78.61
110,,,,,,,欄位未定義,0.0,,居住,新北市政府城鄉發展局,新北市歷年住宅補貼受理情形統計表,2021,purchase_project_num,是（欄位說明僅存於新北市統計年報）,670.0
110,,,,,,,欄位未定義,0.0,,居住,新北市政府城鄉發展局,新北市歷年住宅補貼受理情形統計表,2021,purchase_apply_num,是（欄位說明僅存於新北市統計年報）,3405.0
110,,,,,,,欄位未定義,0.0,,居住,新北市政府城鄉發展局,新北市歷年住宅補貼受理情形統計表,2021,purchase_ok_num,是（欄位說明僅存於新北市統計年報）,1256.0
110,,,,,,,欄位未定義,0.0,,居住,新北市政府城鄉發展局,新北市歷年住宅補貼受理情形統計表,2021,purchase_ok_num_percentage,是（欄位說明僅存於新北市統計年報）,36.89
110,,,,,,,欄位未定義,0.0,,居住,新北市政府城鄉發展局,新北市歷年住宅補貼受理情形統計表,2021,repair_project_num,是（欄位說明僅存於新北市統計年報）,380.0
110,,,,,,,欄位未定義,0.0,,居住,新北市政府城鄉發展局,新北市歷年住宅補貼受理情形統計表,2021,repair_apply_num,是（欄位說明僅存於新北市統計年報）,474.0
110,,,,,,,欄位未定義,0.0,,居住,新北市政府城鄉發展局,新北市歷年住宅補貼受理情形統計表,2021,repair_ok_num,是（欄位說明僅存於新北市統計年報）,144.0
110,,,,,,,欄位未定義,0.0,,居住,新北市政府城鄉發展局,新北市歷年住宅補貼受理情形統計表,2021,repair_ok_num_percentage,是（欄位說明僅存於新北市統計年報）,30.38
110,,,,,,,欄位未定義,0.0,,居住,新北市政府財政局,新北市最近5年地價稅稅源統計表,110,b_house_number_quantity,是（欄位說明僅存於新北市統計年報）,1606698.0
110,,,,,,,欄位未定義,0.0,,居住,新北市政府財政局,新北市最近5年地價稅稅源統計表,110,c_area_quantity,是（欄位說明僅存於新北市統計年報）,17888.0
110,,,,,,,欄位未定義,0.0,,居住,新北市政府財政局,新北市最近5年地價稅稅源統計表,110,d_land_value_thousandtwd,是（欄位說明僅存於新北市統計年報）,1454923653.0
110,,,,,,,欄位未定義,0.0,,居住,新北市政府財政局,新北市最近5年地價稅稅源統計表,110,e_tax_thousandtwd,是（欄位說明僅存於新北市統計年報）,14528879.0
110,,,,,,,欄位未定義,0.0,,居住,新北市政府財政局,新北市最近5年地價稅稅源統計表,110,f_normal_land_house_number_quantity,是（欄位說明僅存於新北市統計年報）,757086.0
110,,,,,,,欄位未定義,0.0,,居住,新北市政府財政局,新北市最近5年地價稅稅源統計表,110,g_normal_land_area_quantity,是（欄位說明僅存於新北市統計年報）,11631.0
110,,,,,,,欄位未定義,0.0,,居住,新北市政府財政局,新北市最近5年地價稅稅源統計表,110,h_normal_land_thousandtwd,是（欄位說明僅存於新北市統計年報）,790651794.0
110,,,,,,,欄位未定義,0.0,,居住,新北市政府財政局,新北市最近5年地價稅稅源統計表,110,i_normal_land_tax_thousandtwd,是（欄位說明僅存於新北市統計年報）,12545075.0
110,,,,,,,欄位未定義,0.0,,居住,新北市政府財政局,新北市最近5年地價稅稅源統計表,110,j_self_use_house_land_number_quantity,是（欄位說明僅存於新北市統計年報）,845360.0
110,,,,,,,欄位未定義,0.0,,居住,新北市政府財政局,新北市最近5年地價稅稅源統計表,110,k_self_use_house_land_area_quantity,是（欄位說明僅存於新北市統計年報）,3331.0
110,,,,,,,欄位未定義,0.0,,居住,新北市政府財政局,新北市最近5年地價稅稅源統計表,110,l_self_use_house_land_value_thousandtwd,是（欄位說明僅存於新北市統計年報）,566556733.0
110,,,,,,,欄位未定義,0.0,,居住,新北市政府財政局,新北市最近5年地價稅稅源統計表,110,m_self_use_house_land_tax_thousandtwd,是（欄位說明僅存於新北市統計年報）,1132568.0
110,,,,,,,欄位未定義,0.0,,居住,新北市政府財政局,新北市最近5年地價稅稅源統計表,110,n_labor_used_land_house_number_quantity,是（欄位說明僅存於新北市統計年報）,1373.0
110,,,,,,,欄位未定義,0.0,,居住,新北市政府財政局,新北市最近5年地價稅稅源統計表,110,o_labor_used_land_area_quantity,是（欄位說明僅存於新北市統計年報）,20.0
110,,,,,,,欄位未定義,0.0,,居住,新北市政府財政局,新北市最近5年地價稅稅源統計表,110,p_labor_used_land_value_thousandtwd,是（欄位說明僅存於新北市統計年報）,2295636.0
110,,,,,,,欄位未定義,0.0,,居住,新北市政府財政局,新北市最近5年地價稅稅源統計表,110,q_labor_used_land_tax_thousandtwd,是（欄位說明僅存於新北市統計年報）,4591.0
110,,,,,,,欄位未定義,0.0,,居住,新北市政府財政局,新北市最近5年地價稅稅源統計表,110,r_business_used_land_house_number_quantity,是（欄位說明僅存於新北市統計年報）,813.0
110,,,,,,,欄位未定義,0.0,,居住,新北市政府財政局,新北市最近5年地價稅稅源統計表,110,s_business_used_land_area_quantity,是（欄位說明僅存於新北市統計年報）,2510.0
110,,,,,,,欄位未定義,0.0,,居住,新北市政府財政局,新北市最近5年地價稅稅源統計表,110,t_business_used_land_value_thousandtwd,是（欄位說明僅存於新北市統計年報）,66245875.0
110,,,,,,,欄位未定義,0.0,,居住,新北市政府財政局,新北市最近5年地價稅稅源統計表,110,u_business_used_land_tax_thousandtwd,是（欄位說明僅存於新北市統計年報）,662457.0
110,,,,,,,欄位未定義,0.0,,居住,新北市政府財政局,新北市最近5年地價稅稅源統計表,110,v_land_reserved_for_public_house_number_quantity,是（欄位說明僅存於新北市統計年報）,3439.0
110,,,,,,,欄位未定義,0.0,,居住,新北市政府財政局,新北市最近5年地價稅稅源統計表,110,w_land_reserved_for_public_area_quantity,是（欄位說明僅存於新北市統計年報）,415.0
110,,,,,,,欄位未定義,0.0,,居住,新北市政府財政局,新北市最近5年地價稅稅源統計表,110,x_land_reserved_for_public_value_thousandtwd,是（欄位說明僅存於新北市統計年報）,31468021.0
110,,,,,,,欄位未定義,0.0,,居住,新北市政府財政局,新北市最近5年地價稅稅源統計表,110,y_land_reserved_for_public_tax_thousandtwd,是（欄位說明僅存於新北市統計年報）,188776.0
110,,,,,,,欄位未定義,0.0,,居住,新北市政府財政局,新北市最近5年地價稅稅源統計表,110,z_open_space_house_number_quantity,是（欄位說明僅存於新北市統計年報）,0.0
110,,,,,,,欄位未定義,0.0,,居住,新北市政府財政局,新北市最近5年地價稅稅源統計表,110,aa_open_space_area_quantity,是（欄位說明僅存於新北市統計年報）,0.0
110,,,,,,,欄位未定義,0.0,,居住,新北市政府財政局,新北市最近5年地價稅稅源統計表,110,ab_open_space_value_thousandtwd,是（欄位說明僅存於新北市統計年報）,0.0
110,,,,,,,欄位未定義,0.0,,居住,新北市政府財政局,新北市最近5年地價稅稅源統計表,110,ac_open_space_tax_thousandtwd,是（欄位說明僅存於新北市統計年報）,0.0
110,,,,,,,欄位未定義,0.0,,教育,新北市政府主計處,依性別平等教育法申訴案件－被行為人學校程度別,2021,itemvalue2,是（欄位說明僅存於新北市統計年報）,59.0
110,,,,,,,欄位未定義,0.0,,教育,新北市政府主計處,依性別平等教育法申訴案件－被行為人學校程度別,2021,itemvalue3,是（欄位說明僅存於新北市統計年報）,218.0
110,,,,,,,欄位未定義,0.0,,教育,新北市政府主計處,依性別平等教育法申訴案件－被行為人學校程度別,2021,itemvalue4,是（欄位說明僅存於新北市統計年報）,22.0
110,,,,,,,欄位未定義,0.0,,教育,新北市政府主計處,依性別平等教育法申訴案件－被行為人學校程度別,2021,itemvalue5,是（欄位說明僅存於新北市統計年報）,62.0
110,,,,,,,欄位未定義,0.0,,教育,新北市政府主計處,依性別平等教育法申訴案件－被行為人學校程度別,2021,itemvalue6,是（欄位說明僅存於新北市統計年報）,31.0
110,,,,,,,欄位未定義,0.0,,教育,新北市政府主計處,依性別平等教育法申訴案件－被行為人學校程度別,2021,itemvalue7,是（欄位說明僅存於新北市統計年報）,110.0
110,,,,,,,欄位未定義,0.0,,教育,新北市政府主計處,依性別平等教育法申訴案件－被行為人學校程度別,2021,itemvalue8,是（欄位說明僅存於新北市統計年報）,6.0
110,,,,,,,欄位未定義,0.0,,教育,新北市政府主計處,依性別平等教育法申訴案件－被行為人學校程度別,2021,itemvalue9,是（欄位說明僅存於新北市統計年報）,46.0
110,,,,,,,欄位未定義,0.0,,教育,新北市政府主計處,依性別平等教育法申訴案件－被行為人學校程度別,2021,itemvalue10,是（欄位說明僅存於新北市統計年報）,21.2996389892
110,,,,,,,欄位未定義,0.0,,教育,新北市政府主計處,依性別平等教育法申訴案件－被行為人學校程度別,2021,itemvalue11,是（欄位說明僅存於新北市統計年報）,78.7003610108
110,,,,,,,欄位未定義,0.0,,教育,新北市政府主計處,依性別平等教育法申訴案件－被行為人學校程度別,2021,itemvalue12,是（欄位說明僅存於新北市統計年報）,26.1904761905
110,,,,,,,欄位未定義,0.0,,教育,新北市政府主計處,依性別平等教育法申訴案件－被行為人學校程度別,2021,itemvalue13,是（欄位說明僅存於新北市統計年報）,73.8095238095
110,,,,,,,欄位未定義,0.0,,教育,新北市政府主計處,依性別平等教育法申訴案件－被行為人學校程度別,2021,itemvalue14,是（欄位說明僅存於新北市統計年報）,21.9858156028
110,,,,,,,欄位未定義,0.0,,教育,新北市政府主計處,依性別平等教育法申訴案件－被行為人學校程度別,2021,itemvalue15,是（欄位說明僅存於新北市統計年報）,78.0141843972
110,,,,,,,欄位未定義,0.0,,教育,新北市政府主計處,依性別平等教育法申訴案件－被行為人學校程度別,2021,itemvalue16,是（欄位說明僅存於新北市統計年報）,11.5384615385
110,,,,,,,欄位未定義,0.0,,教育,新北市政府主計處,依性別平等教育法申訴案件－被行為人學校程度別,2021,itemvalue17,是（欄位說明僅存於新北市統計年報）,88.4615384615
110,,,,,,,欄位未定義,0.0,,教育,新北市政府主計處,公教職員教育程度結構,2021,itemvalue2,是（欄位說明僅存於新北市統計年報）,97.07
110,,,,,,,欄位未定義,0.0,,教育,新北市政府主計處,公教職員教育程度結構,2021,itemvalue3,是（欄位說明僅存於新北市統計年報）,99.1
110,,,,,,,欄位未定義,0.0,,教育,新北市政府主計處,公教職員教育程度結構,2021,itemvalue4,是（欄位說明僅存於新北市統計年報）,2.89
110,,,,,,,欄位未定義,0.0,,教育,新北市政府主計處,公教職員教育程度結構,2021,itemvalue5,是（欄位說明僅存於新北市統計年報）,0.88
110,,,,,,,欄位未定義,0.0,,教育,新北市政府主計處,公教職員教育程度結構,2021,itemvalue6,是（欄位說明僅存於新北市統計年報）,0.04
110,,,,,,,欄位未定義,0.0,,教育,新北市政府主計處,公教職員教育程度結構,2021,itemvalue7,是（欄位說明僅存於新北市統計年報）,0.02
110,,,,,,,欄位未定義,0.0,,教育,新北市政府主計處,公教職員教育程度結構,2021,itemvalue8,是（欄位說明僅存於新北市統計年報）,95.72
110,,,,,,,欄位未定義,0.0,,教育,新北市政府主計處,公教職員教育程度結構,2021,itemvalue9,是（欄位說明僅存於新北市統計年報）,97.45
110,,,,,,,欄位未定義,0.0,,教育,新北市政府主計處,公教職員教育程度結構,2021,itemvalue10,是（欄位說明僅存於新北市統計年報）,4.23
110,,,,,,,欄位未定義,0.0,,教育,新北市政府主計處,公教職員教育程度結構,2021,itemvalue11,是（欄位說明僅存於新北市統計年報）,2.5
110,,,,,,,欄位未定義,0.0,,教育,新北市政府主計處,公教職員教育程度結構,2021,itemvalue12,是（欄位說明僅存於新北市統計年報）,0.05
110,,,,,,,欄位未定義,0.0,,教育,新北市政府主計處,公教職員教育程度結構,2021,itemvalue13,是（欄位說明僅存於新北市統計年報）,0.05
110,,,,,,,欄位未定義,0.0,,教育,新北市政府主計處,刑事案件嫌疑犯－教育程度別,2021,item value2,是（欄位說明僅存於新北市統計年報）,16521.0
110,,,,,,,欄位未定義,0.0,,教育,新北市政府主計處,刑事案件嫌疑犯－教育程度別,2021,item value3,是（欄位說明僅存於新北市統計年報）,3873.0
110,,,,,,,欄位未定義,0.0,,教育,新北市政府主計處,刑事案件嫌疑犯－教育程度別,2021,item value4,是（欄位說明僅存於新北市統計年報）,12.0
110,,,,,,,欄位未定義,0.0,,教育,新北市政府主計處,刑事案件嫌疑犯－教育程度別,2021,item value5,是（欄位說明僅存於新北市統計年報）,10.0
110,,,,,,,欄位未定義,0.0,,教育,新北市政府主計處,刑事案件嫌疑犯－教育程度別,2021,item value6,是（欄位說明僅存於新北市統計年報）,0.0
110,,,,,,,欄位未定義,0.0,,教育,新北市政府主計處,刑事案件嫌疑犯－教育程度別,2021,item value7,是（欄位說明僅存於新北市統計年報）,0.0
110,,,,,,,欄位未定義,0.0,,教育,新北市政府主計處,刑事案件嫌疑犯－教育程度別,2021,item value8,是（欄位說明僅存於新北市統計年報）,354.0
110,,,,,,,欄位未定義,0.0,,教育,新北市政府主計處,刑事案件嫌疑犯－教育程度別,2021,item value9,是（欄位說明僅存於新北市統計年報）,124.0
110,,,,,,,欄位未定義,0.0,,教育,新北市政府主計處,刑事案件嫌疑犯－教育程度別,2021,item value10,是（欄位說明僅存於新北市統計年報）,2976.0
110,,,,,,,欄位未定義,0.0,,教育,新北市政府主計處,刑事案件嫌疑犯－教育程度別,2021,item value11,是（欄位說明僅存於新北市統計年報）,592.0
110,,,,,,,欄位未定義,0.0,,教育,新北市政府主計處,刑事案件嫌疑犯－教育程度別,2021,item value12,是（欄位說明僅存於新北市統計年報）,11144.0
110,,,,,,,欄位未定義,0.0,,教育,新北市政府主計處,刑事案件嫌疑犯－教育程度別,2021,item value13,是（欄位說明僅存於新北市統計年報）,2487.0
110,,,,,,,欄位未定義,0.0,,教育,新北市政府主計處,刑事案件嫌疑犯－教育程度別,2021,item value14,是（欄位說明僅存於新北市統計年報）,1871.0
110,,,,,,,欄位未定義,0.0,,教育,新北市政府主計處,刑事案件嫌疑犯－教育程度別,2021,item value15,是（欄位說明僅存於新北市統計年報）,612.0
110,,,,,,,欄位未定義,0.0,,教育,新北市政府主計處,刑事案件嫌疑犯－教育程度別,2021,item value16,是（欄位說明僅存於新北市統計年報）,23.0
110,,,,,,,欄位未定義,0.0,,教育,新北市政府主計處,刑事案件嫌疑犯－教育程度別,2021,item value17,是（欄位說明僅存於新北市統計年報）,9.0
110,,,,,,,欄位未定義,0.0,,教育,新北市政府主計處,刑事案件嫌疑犯－教育程度別,2021,item value18,是（欄位說明僅存於新北市統計年報）,141.0
110,,,,,,,欄位未定義,0.0,,教育,新北市政府主計處,刑事案件嫌疑犯－教育程度別,2021,item value19,是（欄位說明僅存於新北市統計年報）,39.0
110,,,,,,,欄位未定義,0.0,,教育,新北市政府主計處,原住民族教育,2021,itemvalue2,是（欄位說明僅存於新北市統計年報）,4496.0
110,,,,,,,欄位未定義,0.0,,教育,新北市政府主計處,原住民族教育,2021,itemvalue3,是（欄位說明僅存於新北市統計年報）,50.8367254636
110,,,,,,,欄位未定義,0.0,,教育,新北市政府主計處,原住民族教育,2021,itemvalue4,是（欄位說明僅存於新北市統計年報）,4348.0
110,,,,,,,欄位未定義,0.0,,教育,新北市政府主計處,原住民族教育,2021,itemvalue5,是（欄位說明僅存於新北市統計年報）,49.1632745364
110,,,,,,,欄位未定義,0.0,,教育,新北市政府主計處,原住民族教育,2021,itemvalue6,是（欄位說明僅存於新北市統計年報）,2461.0
110,,,,,,,欄位未定義,0.0,,教育,新北市政府主計處,原住民族教育,2021,itemvalue7,是（欄位說明僅存於新北市統計年報）,50.1835236542
110,,,,,,,欄位未定義,0.0,,教育,新北市政府主計處,原住民族教育,2021,itemvalue8,是（欄位說明僅存於新北市統計年報）,2443.0
110,,,,,,,欄位未定義,0.0,,教育,新北市政府主計處,原住民族教育,2021,itemvalue9,是（欄位說明僅存於新北市統計年報）,49.8164763458
110,,,,,,,欄位未定義,0.0,,教育,新北市政府主計處,原住民族教育,2021,itemvalue10,是（欄位說明僅存於新北市統計年報）,1180.0
110,,,,,,,欄位未定義,0.0,,教育,新北市政府主計處,原住民族教育,2021,itemvalue11,是（欄位說明僅存於新北市統計年報）,52.0511689457
110,,,,,,,欄位未定義,0.0,,教育,新北市政府主計處,原住民族教育,2021,itemvalue12,是（欄位說明僅存於新北市統計年報）,1087.0
110,,,,,,,欄位未定義,0.0,,教育,新北市政府主計處,原住民族教育,2021,itemvalue13,是（欄位說明僅存於新北市統計年報）,47.9488310543
110,,,,,,,欄位未定義,0.0,,教育,新北市政府主計處,原住民族教育,2021,itemvalue14,是（欄位說明僅存於新北市統計年報）,392.0
110,,,,,,,欄位未定義,0.0,,教育,新北市政府主計處,原住民族教育,2021,itemvalue15,是（欄位說明僅存於新北市統計年報）,51.2418300654
110,,,,,,,欄位未定義,0.0,,教育,新北市政府主計處,原住民族教育,2021,itemvalue16,是（欄位說明僅存於新北市統計年報）,373.0
110,,,,,,,欄位未定義,0.0,,教育,新北市政府主計處,原住民族教育,2021,itemvalue17,是（欄位說明僅存於新北市統計年報）,48.7581699346
110,,,,,,,欄位未定義,0.0,,教育,新北市政府主計處,原住民族教育,2021,itemvalue18,是（欄位說明僅存於新北市統計年報）,463.0
110,,,,,,,欄位未定義,0.0,,教育,新北市政府主計處,原住民族教育,2021,itemvalue19,是（欄位說明僅存於新北市統計年報）,50.9911894273
110,,,,,,,欄位未定義,0.0,,教育,新北市政府主計處,原住民族教育,2021,itemvalue20,是（欄位說明僅存於新北市統計年報）,445.0
110,,,,,,,欄位未定義,0.0,,教育,新北市政府主計處,原住民族教育,2021,itemvalue21,是（欄位說明僅存於新北市統計年報）,49.0088105727
110,,,,,,,欄位未定義,0.0,,教育,新北市政府主計處,原住民族教育,2021,itemvalue22,是（欄位說明僅存於新北市統計年報）,2.0
110,,,,,,,欄位未定義,0.0,,教育,新北市政府主計處,原住民族教育,2021,itemvalue23,是（欄位說明僅存於新北市統計年報）,3.0
110,,,,,,,欄位未定義,0.0,,教育,新北市政府主計處,原住民族教育,2021,itemvalue24,是（欄位說明僅存於新北市統計年報）,24.0
110,,,,,,,欄位未定義,0.0,,教育,新北市政府主計處,原住民族教育,2021,itemvalue25,是（欄位說明僅存於新北市統計年報）,19.0
110,,,,,,,欄位未定義,0.0,,教育,新北市政府主計處,國中教育(續),2021,itemvalue2,是（欄位說明僅存於新北市統計年報）,3991.0
110,,,,,,,欄位未定義,0.0,,教育,新北市政府主計處,國中教育(續),2021,itemvalue3,是（欄位說明僅存於新北市統計年報）,50.8148714031
110,,,,,,,欄位未定義,0.0,,教育,新北市政府主計處,國中教育(續),2021,itemvalue4,是（欄位說明僅存於新北市統計年報）,3863.0
110,,,,,,,欄位未定義,0.0,,教育,新北市政府主計處,國中教育(續),2021,itemvalue5,是（欄位說明僅存於新北市統計年報）,49.1851285969
110,,,,,,,欄位未定義,0.0,,教育,新北市政府主計處,國中教育(續),2021,itemvalue6,是（欄位說明僅存於新北市統計年報）,227.0
110,,,,,,,欄位未定義,0.0,,教育,新北市政府主計處,國中教育(續),2021,itemvalue7,是（欄位說明僅存於新北市統計年報）,54.4364508393
110,,,,,,,欄位未定義,0.0,,教育,新北市政府主計處,國中教育(續),2021,itemvalue8,是（欄位說明僅存於新北市統計年報）,190.0
110,,,,,,,欄位未定義,0.0,,教育,新北市政府主計處,國中教育(續),2021,itemvalue9,是（欄位說明僅存於新北市統計年報）,45.5635491607
110,,,,,,,欄位未定義,0.0,,教育,新北市政府主計處,國中教育(續),2021,itemvalue10,是（欄位說明僅存於新北市統計年報）,35120.0
110,,,,,,,欄位未定義,0.0,,教育,新北市政府主計處,國中教育(續),2021,itemvalue11,是（欄位說明僅存於新北市統計年報）,33953.0
110,,,,,,,欄位未定義,0.0,,教育,新北市政府主計處,國中教育(續),2021,itemvalue12,是（欄位說明僅存於新北市統計年報）,74.72658411
110,,,,,,,欄位未定義,0.0,,教育,新北市政府主計處,國中教育(續),2021,itemvalue13,是（欄位說明僅存於新北市統計年報）,78.4623206156
110,,,,,,,欄位未定義,0.0,,教育,新北市政府主計處,國中教育(續),2021,itemvalue14,是（欄位說明僅存於新北市統計年報）,94.1455884099
110,,,,,,,欄位未定義,0.0,,教育,新北市政府主計處,國中教育(續),2021,itemvalue15,是（欄位說明僅存於新北市統計年報）,96.4002163332
110,,,,,,,欄位未定義,0.0,,教育,新北市政府主計處,國中教育,2021,itemvalue2,是（欄位說明僅存於新北市統計年報）,1702.0
110,,,,,,,欄位未定義,0.0,,教育,新北市政府主計處,國中教育,2021,itemvalue3,是（欄位說明僅存於新北市統計年報）,28.6725067385
110,,,,,,,欄位未定義,0.0,,教育,新北市政府主計處,國中教育,2021,itemvalue4,是（欄位說明僅存於新北市統計年報）,4234.0
110,,,,,,,欄位未定義,0.0,,教育,新北市政府主計處,國中教育,2021,itemvalue5,是（欄位說明僅存於新北市統計年報）,71.3274932615
110,,,,,,,欄位未定義,0.0,,教育,新北市政府主計處,國中教育,2021,itemvalue6,是（欄位說明僅存於新北市統計年報）,47428.0
110,,,,,,,欄位未定義,0.0,,教育,新北市政府主計處,國中教育,2021,itemvalue7,是（欄位說明僅存於新北市統計年報）,52.093493256
110,,,,,,,欄位未定義,0.0,,教育,新北市政府主計處,國中教育,2021,itemvalue8,是（欄位說明僅存於新北市統計年報）,43616.0
110,,,,,,,欄位未定義,0.0,,教育,新北市政府主計處,國中教育,2021,itemvalue9,是（欄位說明僅存於新北市統計年報）,47.906506744
110,,,,,,,欄位未定義,0.0,,教育,新北市政府主計處,國中教育,2021,itemvalue10,是（欄位說明僅存於新北市統計年報）,33.0
110,,,,,,,欄位未定義,0.0,,教育,新北市政府主計處,國中教育,2021,itemvalue11,是（欄位說明僅存於新北市統計年報）,28.0
110,,,,,,,欄位未定義,0.0,,教育,新北市政府主計處,國中教育,2021,itemvalue12,是（欄位說明僅存於新北市統計年報）,117.8571428571
110,,,,,,,欄位未定義,0.0,,教育,新北市政府主計處,國小教育(續),2021,itemvalue2,是（欄位說明僅存於新北市統計年報）,7869.0
110,,,,,,,欄位未定義,0.0,,教育,新北市政府主計處,國小教育(續),2021,itemvalue3,是（欄位說明僅存於新北市統計年報）,52.6777346365
110,,,,,,,欄位未定義,0.0,,教育,新北市政府主計處,國小教育(續),2021,itemvalue4,是（欄位說明僅存於新北市統計年報）,7069.0
110,,,,,,,欄位未定義,0.0,,教育,新北市政府主計處,國小教育(續),2021,itemvalue5,是（欄位說明僅存於新北市統計年報）,47.3222653635
110,,,,,,,欄位未定義,0.0,,教育,新北市政府主計處,國小教育(續),2021,itemvalue6,是（欄位說明僅存於新北市統計年報）,18.0
110,,,,,,,欄位未定義,0.0,,教育,新北市政府主計處,國小教育(續),2021,itemvalue7,是（欄位說明僅存於新北市統計年報）,43.9024390244
110,,,,,,,欄位未定義,0.0,,教育,新北市政府主計處,國小教育(續),2021,itemvalue8,是（欄位說明僅存於新北市統計年報）,23.0
110,,,,,,,欄位未定義,0.0,,教育,新北市政府主計處,國小教育(續),2021,itemvalue9,是（欄位說明僅存於新北市統計年報）,56.0975609756
110,,,,,,,欄位未定義,0.0,,教育,新北市政府主計處,國小教育(續),2021,itemvalue10,是（欄位說明僅存於新北市統計年報）,48982.0
110,,,,,,,欄位未定義,0.0,,教育,新北市政府主計處,國小教育(續),2021,itemvalue11,是（欄位說明僅存於新北市統計年報）,46413.0
110,,,,,,,欄位未定義,0.0,,教育,新北市政府主計處,國小教育(續),2021,itemvalue12,是（欄位說明僅存於新北市統計年報）,47.059614738
110,,,,,,,欄位未定義,0.0,,教育,新北市政府主計處,國小教育(續),2021,itemvalue13,是（欄位說明僅存於新北市統計年報）,47.6749560876
110,,,,,,,欄位未定義,0.0,,教育,新北市政府主計處,國小教育(續),2021,itemvalue14,是（欄位說明僅存於新北市統計年報）,99.7245466893
110,,,,,,,欄位未定義,0.0,,教育,新北市政府主計處,國小教育(續),2021,itemvalue15,是（欄位說明僅存於新北市統計年報）,101.8277268094
110,,,,,,,欄位未定義,0.0,,教育,新北市政府主計處,國小教育,2021,itemvalue2,是（欄位說明僅存於新北市統計年報）,3930.0
110,,,,,,,欄位未定義,0.0,,教育,新北市政府主計處,國小教育,2021,itemvalue3,是（欄位說明僅存於新北市統計年報）,26.3882360841
110,,,,,,,欄位未定義,0.0,,教育,新北市政府主計處,國小教育,2021,itemvalue4,是（欄位說明僅存於新北市統計年報）,10963.0
110,,,,,,,欄位未定義,0.0,,教育,新北市政府主計處,國小教育,2021,itemvalue5,是（欄位說明僅存於新北市統計年報）,73.6117639159
110,,,,,,,欄位未定義,0.0,,教育,新北市政府主計處,國小教育,2021,itemvalue6,是（欄位說明僅存於新北市統計年報）,104764.0
110,,,,,,,欄位未定義,0.0,,教育,新北市政府主計處,國小教育,2021,itemvalue7,是（欄位說明僅存於新北市統計年報）,51.7279006957
110,,,,,,,欄位未定義,0.0,,教育,新北市政府主計處,國小教育,2021,itemvalue8,是（欄位說明僅存於新北市統計年報）,97765.0
110,,,,,,,欄位未定義,0.0,,教育,新北市政府主計處,國小教育,2021,itemvalue9,是（欄位說明僅存於新北市統計年報）,48.2720993043
110,,,,,,,欄位未定義,0.0,,教育,新北市政府主計處,國小教育,2021,itemvalue10,是（欄位說明僅存於新北市統計年報）,151.0
110,,,,,,,欄位未定義,0.0,,教育,新北市政府主計處,國小教育,2021,itemvalue11,是（欄位說明僅存於新北市統計年報）,64.0
110,,,,,,,欄位未定義,0.0,,教育,新北市政府主計處,國小教育,2021,itemvalue12,是（欄位說明僅存於新北市統計年報）,235.9375
110,,,,,,,欄位未定義,0.0,,教育,新北市政府主計處,國民中小學中途輟學學生概況,2021,percent2,是（欄位說明僅存於新北市統計年報）,560.0
110,,,,,,,欄位未定義,0.0,,教育,新北市政府主計處,國民中小學中途輟學學生概況,2021,percent3,是（欄位說明僅存於新北市統計年報）,49.0
110,,,,,,,欄位未定義,0.0,,教育,新北市政府主計處,國民中小學中途輟學學生概況,2021,percent4,是（欄位說明僅存於新北市統計年報）,511.0
110,,,,,,,欄位未定義,0.0,,教育,新北市政府主計處,國民中小學中途輟學學生概況,2021,percent5,是（欄位說明僅存於新北市統計年報）,245.0
110,,,,,,,欄位未定義,0.0,,教育,新北市政府主計處,國民中小學中途輟學學生概況,2021,percent6,是（欄位說明僅存於新北市統計年報）,18.0
110,,,,,,,欄位未定義,0.0,,教育,新北市政府主計處,國民中小學中途輟學學生概況,2021,percent7,是（欄位說明僅存於新北市統計年報）,227.0
110,,,,,,,欄位未定義,0.0,,教育,新北市政府主計處,國民中小學中途輟學學生概況,2021,percent8,是（欄位說明僅存於新北市統計年報）,213.0
110,,,,,,,欄位未定義,0.0,,教育,新北市政府主計處,國民中小學中途輟學學生概況,2021,percent9,是（欄位說明僅存於新北市統計年報）,23.0
110,,,,,,,欄位未定義,0.0,,教育,新北市政府主計處,國民中小學中途輟學學生概況,2021,percent10,是（欄位說明僅存於新北市統計年報）,190.0
110,,,,,,,欄位未定義,0.0,,教育,新北市政府主計處,國民中小學中途輟學學生概況,2021,percent11,是（欄位說明僅存於新北市統計年報）,0.156
110,,,,,,,欄位未定義,0.0,,教育,新北市政府主計處,國民中小學中途輟學學生概況,2021,percent12,是（欄位說明僅存於新北市統計年報）,0.02
110,,,,,,,欄位未定義,0.0,,教育,新北市政府主計處,國民中小學中途輟學學生概況,2021,percent13,是（欄位說明僅存於新北市統計年報）,0.445
110,,,,,,,欄位未定義,0.0,,教育,新北市政府主計處,國民中小學中途輟學學生概況,2021,percent14,是（欄位說明僅存於新北市統計年報）,90.83
110,,,,,,,欄位未定義,0.0,,教育,新北市政府主計處,國民中小學中途輟學學生概況,2021,percent15,是（欄位說明僅存於新北市統計年報）,92.683
110,,,,,,,欄位未定義,0.0,,教育,新北市政府主計處,國民中小學中途輟學學生概況,2021,percent16,是（欄位說明僅存於新北市統計年報）,90.65
110,,,,,,,欄位未定義,0.0,,教育,新北市政府主計處,國民中小學中途輟學學生概況,2021,percent17,是（欄位說明僅存於新北市統計年報）,48.0
110,,,,,,,欄位未定義,0.0,,教育,新北市政府主計處,國民中小學中途輟學學生概況,2021,percent18,是（欄位說明僅存於新北市統計年報）,5.0
110,,,,,,,欄位未定義,0.0,,教育,新北市政府主計處,國民中小學中途輟學學生概況,2021,percent19,是（欄位說明僅存於新北市統計年報）,43.0
110,,,,,,,欄位未定義,0.0,,教育,新北市政府主計處,國民中小學中途輟學學生概況,2021,percent20,是（欄位說明僅存於新北市統計年報）,26.0
110,,,,,,,欄位未定義,0.0,,教育,新北市政府主計處,國民中小學中途輟學學生概況,2021,percent21,是（欄位說明僅存於新北市統計年報）,2.0
110,,,,,,,欄位未定義,0.0,,教育,新北市政府主計處,國民中小學中途輟學學生概況,2021,percent22,是（欄位說明僅存於新北市統計年報）,24.0
110,,,,,,,欄位未定義,0.0,,教育,新北市政府主計處,國民中小學中途輟學學生概況,2021,percent23,是（欄位說明僅存於新北市統計年報）,22.0
110,,,,,,,欄位未定義,0.0,,教育,新北市政府主計處,國民中小學中途輟學學生概況,2021,percent24,是（欄位說明僅存於新北市統計年報）,3.0
110,,,,,,,欄位未定義,0.0,,教育,新北市政府主計處,國民中小學中途輟學學生概況,2021,percent25,是（欄位說明僅存於新北市統計年報）,19.0
110,,,,,,,欄位未定義,0.0,,教育,新北市政府主計處,國民中小學中途輟學學生概況,2021,percent26,是（欄位說明僅存於新北市統計年報）,0.675
110,,,,,,,欄位未定義,0.0,,教育,新北市政府主計處,國民中小學中途輟學學生概況,2021,percent27,是（欄位說明僅存於新北市統計年報）,0.103
110,,,,,,,欄位未定義,0.0,,教育,新北市政府主計處,國民中小學中途輟學學生概況,2021,percent28,是（欄位說明僅存於新北市統計年報）,1.898
110,,,,,,,欄位未定義,0.0,,教育,新北市政府主計處,國民中小學中途輟學學生概況,2021,percent29,是（欄位說明僅存於新北市統計年報）,83.333
110,,,,,,,欄位未定義,0.0,,教育,新北市政府主計處,國民中小學中途輟學學生概況,2021,percent30,是（欄位說明僅存於新北市統計年報）,100.0
110,,,,,,,欄位未定義,0.0,,教育,新北市政府主計處,國民中小學中途輟學學生概況,2021,percent31,是（欄位說明僅存於新北市統計年報）,81.395
110,,,,,,,欄位未定義,0.0,,教育,新北市政府主計處,境內幼兒(稚)園概況(101學年度以後),2021 | 計,person3,是（欄位說明僅存於新北市統計年報）,1086.0
110,,,,,,,欄位未定義,0.0,,教育,新北市政府主計處,境內幼兒(稚)園概況(101學年度以後),2021 | 公立,person3,是（欄位說明僅存於新北市統計年報）,243.0
110,,,,,,,欄位未定義,0.0,,教育,新北市政府主計處,境內幼兒(稚)園概況(101學年度以後),2021 | 私立,person3,是（欄位說明僅存於新北市統計年報）,843.0
110,,,,,,,欄位未定義,0.0,,教育,新北市政府主計處,境內幼兒(稚)園概況(101學年度以後),2021 | 計,person4,是（欄位說明僅存於新北市統計年報）,9068.0
110,,,,,,,欄位未定義,0.0,,教育,新北市政府主計處,境內幼兒(稚)園概況(101學年度以後),2021 | 公立,person4,是（欄位說明僅存於新北市統計年報）,2541.0
110,,,,,,,欄位未定義,0.0,,教育,新北市政府主計處,境內幼兒(稚)園概況(101學年度以後),2021 | 私立,person4,是（欄位說明僅存於新北市統計年報）,6527.0
110,,,,,,,欄位未定義,0.0,,教育,新北市政府主計處,境內幼兒(稚)園概況(101學年度以後),2021 | 計,person5,是（欄位說明僅存於新北市統計年報）,166.0
110,,,,,,,欄位未定義,0.0,,教育,新北市政府主計處,境內幼兒(稚)園概況(101學年度以後),2021 | 公立,person5,是（欄位說明僅存於新北市統計年報）,54.0
110,,,,,,,欄位未定義,0.0,,教育,新北市政府主計處,境內幼兒(稚)園概況(101學年度以後),2021 | 私立,person5,是（欄位說明僅存於新北市統計年報）,112.0
110,,,,,,,欄位未定義,0.0,,教育,新北市政府主計處,境內幼兒(稚)園概況(101學年度以後),2021 | 計,person6,是（欄位說明僅存於新北市統計年報）,8902.0
110,,,,,,,欄位未定義,0.0,,教育,新北市政府主計處,境內幼兒(稚)園概況(101學年度以後),2021 | 公立,person6,是（欄位說明僅存於新北市統計年報）,2487.0
110,,,,,,,欄位未定義,0.0,,教育,新北市政府主計處,境內幼兒(稚)園概況(101學年度以後),2021 | 私立,person6,是（欄位說明僅存於新北市統計年報）,6415.0
110,,,,,,,欄位未定義,0.0,,教育,新北市政府主計處,境內幼兒(稚)園概況(101學年度以後),2021 | 計,person7,是（欄位說明僅存於新北市統計年報）,3309.0
110,,,,,,,欄位未定義,0.0,,教育,新北市政府主計處,境內幼兒(稚)園概況(101學年度以後),2021 | 公立,person7,是（欄位說明僅存於新北市統計年報）,599.0
110,,,,,,,欄位未定義,0.0,,教育,新北市政府主計處,境內幼兒(稚)園概況(101學年度以後),2021 | 私立,person7,是（欄位說明僅存於新北市統計年報）,2710.0
110,,,,,,,欄位未定義,0.0,,教育,新北市政府主計處,境內幼兒(稚)園概況(101學年度以後),2021 | 計,person8,是（欄位說明僅存於新北市統計年報）,717.0
110,,,,,,,欄位未定義,0.0,,教育,新北市政府主計處,境內幼兒(稚)園概況(101學年度以後),2021 | 公立,person8,是（欄位說明僅存於新北市統計年報）,22.0
110,,,,,,,欄位未定義,0.0,,教育,新北市政府主計處,境內幼兒(稚)園概況(101學年度以後),2021 | 私立,person8,是（欄位說明僅存於新北市統計年報）,695.0
110,,,,,,,欄位未定義,0.0,,教育,新北市政府主計處,境內幼兒(稚)園概況(101學年度以後),2021 | 計,person9,是（欄位說明僅存於新北市統計年報）,2592.0
110,,,,,,,欄位未定義,0.0,,教育,新北市政府主計處,境內幼兒(稚)園概況(101學年度以後),2021 | 公立,person9,是（欄位說明僅存於新北市統計年報）,577.0
110,,,,,,,欄位未定義,0.0,,教育,新北市政府主計處,境內幼兒(稚)園概況(101學年度以後),2021 | 私立,person9,是（欄位說明僅存於新北市統計年報）,2015.0
110,,,,,,,欄位未定義,0.0,,教育,新北市政府主計處,境內幼兒(稚)園概況(101學年度以後),2021 | 計,person10,是（欄位說明僅存於新北市統計年報）,88778.0
110,,,,,,,欄位未定義,0.0,,教育,新北市政府主計處,境內幼兒(稚)園概況(101學年度以後),2021 | 公立,person10,是（欄位說明僅存於新北市統計年報）,27374.0
110,,,,,,,欄位未定義,0.0,,教育,新北市政府主計處,境內幼兒(稚)園概況(101學年度以後),2021 | 私立,person10,是（欄位說明僅存於新北市統計年報）,61404.0
110,,,,,,,欄位未定義,0.0,,教育,新北市政府主計處,境內幼兒(稚)園概況(101學年度以後),2021 | 計,person11,是（欄位說明僅存於新北市統計年報）,46165.0
110,,,,,,,欄位未定義,0.0,,教育,新北市政府主計處,境內幼兒(稚)園概況(101學年度以後),2021 | 公立,person11,是（欄位說明僅存於新北市統計年報）,14153.0
110,,,,,,,欄位未定義,0.0,,教育,新北市政府主計處,境內幼兒(稚)園概況(101學年度以後),2021 | 私立,person11,是（欄位說明僅存於新北市統計年報）,32012.0
110,,,,,,,欄位未定義,0.0,,教育,新北市政府主計處,境內幼兒(稚)園概況(101學年度以後),2021 | 計,person12,是（欄位說明僅存於新北市統計年報）,42613.0
110,,,,,,,欄位未定義,0.0,,教育,新北市政府主計處,境內幼兒(稚)園概況(101學年度以後),2021 | 公立,person12,是（欄位說明僅存於新北市統計年報）,13221.0
110,,,,,,,欄位未定義,0.0,,教育,新北市政府主計處,境內幼兒(稚)園概況(101學年度以後),2021 | 私立,person12,是（欄位說明僅存於新北市統計年報）,29392.0
110,,,,,,,欄位未定義,0.0,,教育,新北市政府主計處,境內高等教育概況(大學),2021,percent2,是（欄位說明僅存於新北市統計年報）,19.0
110,,,,,,,欄位未定義,0.0,,教育,新北市政府主計處,境內高等教育概況(大學),2021,percent3,是（欄位說明僅存於新北市統計年報）,810.0
110,,,,,,,欄位未定義,0.0,,教育,新北市政府主計處,境內高等教育概況(大學),2021,percent4,是（欄位說明僅存於新北市統計年報）,0.0
110,,,,,,,欄位未定義,0.0,,教育,新北市政府主計處,境內高等教育概況(大學),2021,percent5,是（欄位說明僅存於新北市統計年報）,0.0
110,,,,,,,欄位未定義,0.0,,教育,新北市政府主計處,境內高等教育概況(大學),2021,percent6,是（欄位說明僅存於新北市統計年報）,7412.0
110,,,,,,,欄位未定義,0.0,,教育,新北市政府主計處,境內高等教育概況(大學),2021,percent7,是（欄位說明僅存於新北市統計年報）,3611.0
110,,,,,,,欄位未定義,0.0,,教育,新北市政府主計處,境內高等教育概況(大學),2021,percent8,是（欄位說明僅存於新北市統計年報）,3801.0
110,,,,,,,欄位未定義,0.0,,教育,新北市政府主計處,境內高等教育概況(大學),2021,percent9,是（欄位說明僅存於新北市統計年報）,4321.0
110,,,,,,,欄位未定義,0.0,,教育,新北市政府主計處,境內高等教育概況(大學),2021,percent10,是（欄位說明僅存於新北市統計年報）,2696.0
110,,,,,,,欄位未定義,0.0,,教育,新北市政府主計處,境內高等教育概況(大學),2021,percent11,是（欄位說明僅存於新北市統計年報）,1625.0
110,,,,,,,欄位未定義,0.0,,教育,新北市政府主計處,境內高等教育概況(大學),2021,percent12,是（欄位說明僅存於新北市統計年報）,3091.0
110,,,,,,,欄位未定義,0.0,,教育,新北市政府主計處,境內高等教育概況(大學),2021,percent13,是（欄位說明僅存於新北市統計年報）,915.0
110,,,,,,,欄位未定義,0.0,,教育,新北市政府主計處,境內高等教育概況(大學),2021,percent14,是（欄位說明僅存於新北市統計年報）,2176.0
110,,,,,,,欄位未定義,0.0,,教育,新北市政府主計處,境內高等教育概況(大學),2021,percent15,是（欄位說明僅存於新北市統計年報）,113755.0
110,,,,,,,欄位未定義,0.0,,教育,新北市政府主計處,境內高等教育概況(大學),2021,percent16,是（欄位說明僅存於新北市統計年報）,55556.0
110,,,,,,,欄位未定義,0.0,,教育,新北市政府主計處,境內高等教育概況(大學),2021,percent17,是（欄位說明僅存於新北市統計年報）,58199.0
110,,,,,,,欄位未定義,0.0,,教育,新北市政府主計處,境內高等教育概況(大學),2021,percent18,是（欄位說明僅存於新北市統計年報）,12718.0
110,,,,,,,欄位未定義,0.0,,教育,新北市政府主計處,境內高等教育概況(大學),2021,percent19,是（欄位說明僅存於新北市統計年報）,13339.0
110,,,,,,,欄位未定義,0.0,,教育,新北市政府主計處,境內高等教育概況(大學),2021,percent20,是（欄位說明僅存於新北市統計年報）,12349.0
110,,,,,,,欄位未定義,0.0,,教育,新北市政府主計處,境內高等教育概況(大學),2021,percent21,是（欄位說明僅存於新北市統計年報）,12999.0
110,,,,,,,欄位未定義,0.0,,教育,新北市政府主計處,境內高等教育概況(大學),2021,percent22,是（欄位說明僅存於新北市統計年報）,13491.0
110,,,,,,,欄位未定義,0.0,,教育,新北市政府主計處,境內高等教育概況(大學),2021,percent23,是（欄位說明僅存於新北市統計年報）,14612.0
110,,,,,,,欄位未定義,0.0,,教育,新北市政府主計處,境內高等教育概況(大學),2021,percent24,是（欄位說明僅存於新北市統計年報）,13238.0
110,,,,,,,欄位未定義,0.0,,教育,新北市政府主計處,境內高等教育概況(大學),2021,percent25,是（欄位說明僅存於新北市統計年報）,14585.0
110,,,,,,,欄位未定義,0.0,,教育,新北市政府主計處,境內高等教育概況(大學),2021,percent26,是（欄位說明僅存於新北市統計年報）,102.0
110,,,,,,,欄位未定義,0.0,,教育,新北市政府主計處,境內高等教育概況(大學),2021,percent27,是（欄位說明僅存於新北市統計年報）,105.0
110,,,,,,,欄位未定義,0.0,,教育,新北市政府主計處,境內高等教育概況(大學),2021,percent28,是（欄位說明僅存於新北市統計年報）,59.0
110,,,,,,,欄位未定義,0.0,,教育,新北市政府主計處,境內高等教育概況(大學),2021,percent29,是（欄位說明僅存於新北市統計年報）,34.0
110,,,,,,,欄位未定義,0.0,,教育,新北市政府主計處,境內高等教育概況(大學),2021,percent30,是（欄位說明僅存於新北市統計年報）,0.0
110,,,,,,,欄位未定義,0.0,,教育,新北市政府主計處,境內高等教育概況(大學),2021,percent31,是（欄位說明僅存於新北市統計年報）,0.0
110,,,,,,,欄位未定義,0.0,,教育,新北市政府主計處,境內高等教育概況(大學),2021,percent32,是（欄位說明僅存於新北市統計年報）,3599.0
110,,,,,,,欄位未定義,0.0,,教育,新北市政府主計處,境內高等教育概況(大學),2021,percent33,是（欄位說明僅存於新北市統計年報）,2525.0
110,,,,,,,欄位未定義,0.0,,教育,新北市政府主計處,境內高等教育概況(大學),2021,percent34,是（欄位說明僅存於新北市統計年報）,12484.0
110,,,,,,,欄位未定義,0.0,,教育,新北市政府主計處,境內高等教育概況(大學),2021,percent35,是（欄位說明僅存於新北市統計年報）,6080.0
110,,,,,,,欄位未定義,0.0,,教育,新北市政府主計處,境內高等教育概況(大學),2021,percent36,是（欄位說明僅存於新北市統計年報）,6404.0
110,,,,,,,欄位未定義,0.0,,教育,新北市政府主計處,境內高等教育概況(大學),2021,percent37,是（欄位說明僅存於新北市統計年報）,5310.0
110,,,,,,,欄位未定義,0.0,,教育,新北市政府主計處,境內高等教育概況(大學),2021,percent38,是（欄位說明僅存於新北市統計年報）,5883.0
110,,,,,,,欄位未定義,0.0,,教育,新北市政府主計處,境內高等教育概況(大學),2021,percent39,是（欄位說明僅存於新北市統計年報）,770.0
110,,,,,,,欄位未定義,0.0,,教育,新北市政府主計處,境內高等教育概況(大學),2021,percent40,是（欄位說明僅存於新北市統計年報）,521.0
110,,,,,,,欄位未定義,0.0,,教育,新北市政府主計處,境內高等教育概況(大學),2021,percent41,是（欄位說明僅存於新北市統計年報）,28960.0
110,,,,,,,欄位未定義,0.0,,教育,新北市政府主計處,境內高等教育概況(大學),2021,percent42,是（欄位說明僅存於新北市統計年報）,13696.0
110,,,,,,,欄位未定義,0.0,,教育,新北市政府主計處,境內高等教育概況(大學),2021,percent43,是（欄位說明僅存於新北市統計年報）,15264.0
110,,,,,,,欄位未定義,0.0,,教育,新北市政府主計處,境內高等教育概況(專科),2021,itemvalue2,是（欄位說明僅存於新北市統計年報）,1.0
110,,,,,,,欄位未定義,0.0,,教育,新北市政府主計處,境內高等教育概況(專科),2021,itemvalue3,是（欄位說明僅存於新北市統計年報）,8.0
110,,,,,,,欄位未定義,0.0,,教育,新北市政府主計處,境內高等教育概況(專科),2021,itemvalue4,是（欄位說明僅存於新北市統計年報）,0.0
110,,,,,,,欄位未定義,0.0,,教育,新北市政府主計處,境內高等教育概況(專科),2021,itemvalue5,是（欄位說明僅存於新北市統計年報）,237.0
110,,,,,,,欄位未定義,0.0,,教育,新北市政府主計處,境內高等教育概況(專科),2021,itemvalue6,是（欄位說明僅存於新北市統計年報）,60.0
110,,,,,,,欄位未定義,0.0,,教育,新北市政府主計處,境內高等教育概況(專科),2021,itemvalue7,是（欄位說明僅存於新北市統計年報）,177.0
110,,,,,,,欄位未定義,0.0,,教育,新北市政府主計處,境內高等教育概況(專科),2021,itemvalue8,是（欄位說明僅存於新北市統計年報）,166.0
110,,,,,,,欄位未定義,0.0,,教育,新北市政府主計處,境內高等教育概況(專科),2021,itemvalue9,是（欄位說明僅存於新北市統計年報）,40.0
110,,,,,,,欄位未定義,0.0,,教育,新北市政府主計處,境內高等教育概況(專科),2021,itemvalue10,是（欄位說明僅存於新北市統計年報）,126.0
110,,,,,,,欄位未定義,0.0,,教育,新北市政府主計處,境內高等教育概況(專科),2021,itemvalue11,是（欄位說明僅存於新北市統計年報）,71.0
110,,,,,,,欄位未定義,0.0,,教育,新北市政府主計處,境內高等教育概況(專科),2021,itemvalue12,是（欄位說明僅存於新北市統計年報）,20.0
110,,,,,,,欄位未定義,0.0,,教育,新北市政府主計處,境內高等教育概況(專科),2021,itemvalue13,是（欄位說明僅存於新北市統計年報）,51.0
110,,,,,,,欄位未定義,0.0,,教育,新北市政府主計處,境內高等教育概況(專科),2021,itemvalue14,是（欄位說明僅存於新北市統計年報）,4392.0
110,,,,,,,欄位未定義,0.0,,教育,新北市政府主計處,境內高等教育概況(專科),2021,itemvalue15,是（欄位說明僅存於新北市統計年報）,431.0
110,,,,,,,欄位未定義,0.0,,教育,新北市政府主計處,境內高等教育概況(專科),2021,itemvalue16,是（欄位說明僅存於新北市統計年報）,3961.0
110,,,,,,,欄位未定義,0.0,,教育,新北市政府主計處,境內高等教育概況(專科),2021,itemvalue17,是（欄位說明僅存於新北市統計年報）,89.0
110,,,,,,,欄位未定義,0.0,,教育,新北市政府主計處,境內高等教育概況(專科),2021,itemvalue18,是（欄位說明僅存於新北市統計年報）,773.0
110,,,,,,,欄位未定義,0.0,,教育,新北市政府主計處,境內高等教育概況(專科),2021,itemvalue19,是（欄位說明僅存於新北市統計年報）,81.0
110,,,,,,,欄位未定義,0.0,,教育,新北市政府主計處,境內高等教育概況(專科),2021,itemvalue20,是（欄位說明僅存於新北市統計年報）,758.0
110,,,,,,,欄位未定義,0.0,,教育,新北市政府主計處,境內高等教育概況(專科),2021,itemvalue21,是（欄位說明僅存於新北市統計年報）,66.0
110,,,,,,,欄位未定義,0.0,,教育,新北市政府主計處,境內高等教育概況(專科),2021,itemvalue22,是（欄位說明僅存於新北市統計年報）,710.0
110,,,,,,,欄位未定義,0.0,,教育,新北市政府主計處,境內高等教育概況(專科),2021,itemvalue23,是（欄位說明僅存於新北市統計年報）,79.0
110,,,,,,,欄位未定義,0.0,,教育,新北市政府主計處,境內高等教育概況(專科),2021,itemvalue24,是（欄位說明僅存於新北市統計年報）,745.0
110,,,,,,,欄位未定義,0.0,,教育,新北市政府主計處,境內高等教育概況(專科),2021,itemvalue25,是（欄位說明僅存於新北市統計年報）,79.0
110,,,,,,,欄位未定義,0.0,,教育,新北市政府主計處,境內高等教育概況(專科),2021,itemvalue26,是（欄位說明僅存於新北市統計年報）,782.0
110,,,,,,,欄位未定義,0.0,,教育,新北市政府主計處,境內高等教育概況(專科),2021,itemvalue27,是（欄位說明僅存於新北市統計年報）,37.0
110,,,,,,,欄位未定義,0.0,,教育,新北市政府主計處,境內高等教育概況(專科),2021,itemvalue28,是（欄位說明僅存於新北市統計年報）,193.0
110,,,,,,,欄位未定義,0.0,,教育,新北市政府主計處,境內高等教育概況(專科),2021,itemvalue29,是（欄位說明僅存於新北市統計年報）,912.0
110,,,,,,,欄位未定義,0.0,,教育,新北市政府主計處,境內高等教育概況(專科),2021,itemvalue30,是（欄位說明僅存於新北市統計年報）,63.0
110,,,,,,,欄位未定義,0.0,,教育,新北市政府主計處,境內高等教育概況(專科),2021,itemvalue31,是（欄位說明僅存於新北市統計年報）,849.0
110,,,,,,,欄位未定義,0.0,,教育,新北市政府主計處,失業率—教育程度別,2021,item value2,是（欄位說明僅存於新北市統計年報）,4.3
110,,,,,,,欄位未定義,0.0,,教育,新北市政府主計處,失業率—教育程度別,2021,item value3,是（欄位說明僅存於新北市統計年報）,3.8
110,,,,,,,欄位未定義,0.0,,教育,新北市政府主計處,失業率—教育程度別,2021,item value4,是（欄位說明僅存於新北市統計年報）,8.1
110,,,,,,,欄位未定義,0.0,,教育,新北市政府主計處,失業率—教育程度別,2021,item value5,是（欄位說明僅存於新北市統計年報）,1.0
110,,,,,,,欄位未定義,0.0,,教育,新北市政府主計處,失業率—教育程度別,2021,item value6,是（欄位說明僅存於新北市統計年報）,4.6
110,,,,,,,欄位未定義,0.0,,教育,新北市政府主計處,失業率—教育程度別,2021,item value7,是（欄位說明僅存於新北市統計年報）,4.1
110,,,,,,,欄位未定義,0.0,,教育,新北市政府主計處,失業率—教育程度別,2021,item value8,是（欄位說明僅存於新北市統計年報）,4.2
110,,,,,,,欄位未定義,0.0,,教育,新北市政府主計處,失業率—教育程度別,2021,item value9,是（欄位說明僅存於新北市統計年報）,3.5
110,,,,,,,欄位未定義,0.0,,教育,新北市政府主計處,失業率—教育程度別,2021,item value10,是（欄位說明僅存於新北市統計年報）,0.0
110,,,,,,,欄位未定義,0.0,,教育,新北市政府主計處,失業率—教育程度別,2021,item value11,是（欄位說明僅存於新北市統計年報）,0.0
110,,,,,,,欄位未定義,0.0,,教育,新北市政府主計處,失業率—教育程度別,2021,item value12,是（欄位說明僅存於新北市統計年報）,0.0
110,,,,,,,欄位未定義,0.0,,教育,新北市政府主計處,失業率—教育程度別,2021,item value13,是（欄位說明僅存於新北市統計年報）,0.0
110,,,,,,,欄位未定義,0.0,,教育,新北市政府主計處,失業率—教育程度別,2021,item value14,是（欄位說明僅存於新北市統計年報）,3.0
110,,,,,,,欄位未定義,0.0,,教育,新北市政府主計處,失業率—教育程度別,2021,item value15,是（欄位說明僅存於新北市統計年報）,2.9
110,,,,,,,欄位未定義,0.0,,教育,新北市政府主計處,失業率—教育程度別,2021,item value16,是（欄位說明僅存於新北市統計年報）,5.4
110,,,,,,,欄位未定義,0.0,,教育,新北市政府主計處,失業率—教育程度別,2021,item value17,是（欄位說明僅存於新北市統計年報）,4.6
110,,,,,,,欄位未定義,0.0,,教育,新北市政府主計處,失業率—教育程度別,2021,item value18,是（欄位說明僅存於新北市統計年報）,2.4
110,,,,,,,欄位未定義,0.0,,教育,新北市政府主計處,失業率—教育程度別,2021,item value19,是（欄位說明僅存於新北市統計年報）,2.8
110,,,,,,,欄位未定義,0.0,,教育,新北市政府主計處,學校教育,2021,itemvalue2,是（欄位說明僅存於新北市統計年報）,11089.0
110,,,,,,,欄位未定義,0.0,,教育,新北市政府主計處,學校教育,2021,itemvalue3,是（欄位說明僅存於新北市統計年報）,26.9359696852
110,,,,,,,欄位未定義,0.0,,教育,新北市政府主計處,學校教育,2021,itemvalue4,是（欄位說明僅存於新北市統計年報）,30079.0
110,,,,,,,欄位未定義,0.0,,教育,新北市政府主計處,學校教育,2021,itemvalue5,是（欄位說明僅存於新北市統計年報）,73.0640303148
110,,,,,,,欄位未定義,0.0,,教育,新北市政府主計處,學校教育,2021,itemvalue6,是（欄位說明僅存於新北市統計年報）,298805.0
110,,,,,,,欄位未定義,0.0,,教育,新北市政府主計處,學校教育,2021,itemvalue7,是（欄位說明僅存於新北市統計年報）,50.972782559
110,,,,,,,欄位未定義,0.0,,教育,新北市政府主計處,學校教育,2021,itemvalue8,是（欄位說明僅存於新北市統計年報）,287400.0
110,,,,,,,欄位未定義,0.0,,教育,新北市政府主計處,學校教育,2021,itemvalue9,是（欄位說明僅存於新北市統計年報）,49.027217441
110,,,,,,,欄位未定義,0.0,,教育,新北市政府主計處,就業者教育程度結構,2021,percent2,是（欄位說明僅存於新北市統計年報）,2.38
110,,,,,,,欄位未定義,0.0,,教育,新北市政府主計處,就業者教育程度結構,2021,percent3,是（欄位說明僅存於新北市統計年報）,1.45
110,,,,,,,欄位未定義,0.0,,教育,新北市政府主計處,就業者教育程度結構,2021,percent4,是（欄位說明僅存於新北市統計年報）,12.01
110,,,,,,,欄位未定義,0.0,,教育,新北市政府主計處,就業者教育程度結構,2021,percent5,是（欄位說明僅存於新北市統計年報）,6.15
110,,,,,,,欄位未定義,0.0,,教育,新北市政府主計處,就業者教育程度結構,2021,percent6,是（欄位說明僅存於新北市統計年報）,33.2722273144
110,,,,,,,欄位未定義,0.0,,教育,新北市政府主計處,就業者教育程度結構,2021,percent7,是（欄位說明僅存於新北市統計年報）,29.6420581655
110,,,,,,,欄位未定義,0.0,,教育,新北市政府主計處,就業者教育程度結構,2021,percent8,是（欄位說明僅存於新北市統計年報）,0.0
110,,,,,,,欄位未定義,0.0,,教育,新北市政府主計處,就業者教育程度結構,2021,percent9,是（欄位說明僅存於新北市統計年報）,0.0
110,,,,,,,欄位未定義,0.0,,教育,新北市政府主計處,就業者教育程度結構,2021,percent10,是（欄位說明僅存於新北市統計年報）,0.0
110,,,,,,,欄位未定義,0.0,,教育,新北市政府主計處,就業者教育程度結構,2021,percent11,是（欄位說明僅存於新北市統計年報）,0.0
110,,,,,,,欄位未定義,0.0,,教育,新北市政府主計處,就業者教育程度結構,2021,percent12,是（欄位說明僅存於新北市統計年報）,19.52
110,,,,,,,欄位未定義,0.0,,教育,新北市政府主計處,就業者教育程度結構,2021,percent13,是（欄位說明僅存於新北市統計年報）,18.9
110,,,,,,,欄位未定義,0.0,,教育,新北市政府主計處,就業者教育程度結構,2021,percent14,是（欄位說明僅存於新北市統計年報）,25.21
110,,,,,,,欄位未定義,0.0,,教育,新北市政府主計處,就業者教育程度結構,2021,percent15,是（欄位說明僅存於新北市統計年報）,37.02
110,,,,,,,欄位未定義,0.0,,教育,新北市政府主計處,就業者教育程度結構,2021,percent16,是（欄位說明僅存於新北市統計年報）,7.61
110,,,,,,,欄位未定義,0.0,,教育,新北市政府主計處,就業者教育程度結構,2021,percent17,是（欄位說明僅存於新北市統計年報）,6.94
110,,,,,,,欄位未定義,0.0,,教育,新北市政府主計處,幼兒托育,2021,itemvalue2,是（欄位說明僅存於新北市統計年報）,10764.0
110,,,,,,,欄位未定義,0.0,,教育,新北市政府主計處,幼兒托育,2021,itemvalue3,是（欄位說明僅存於新北市統計年報）,76254.6393972013
110,,,,,,,欄位未定義,0.0,,教育,新北市政府主計處,幼兒托育,2021,itemvalue4,是（欄位說明僅存於新北市統計年報）,23.0
110,,,,,,,欄位未定義,0.0,,教育,新北市政府主計處,幼兒托育,2021,itemvalue5,是（欄位說明僅存於新北市統計年報）,910.0
110,,,,,,,欄位未定義,0.0,,教育,新北市政府主計處,幼兒（稚）園教育,2021,percent2,是（欄位說明僅存於新北市統計年報）,166.0
110,,,,,,,欄位未定義,0.0,,教育,新北市政府主計處,幼兒（稚）園教育,2021,percent3,是（欄位說明僅存於新北市統計年報）,1.8306131451
110,,,,,,,欄位未定義,0.0,,教育,新北市政府主計處,幼兒（稚）園教育,2021,percent4,是（欄位說明僅存於新北市統計年報）,8902.0
110,,,,,,,欄位未定義,0.0,,教育,新北市政府主計處,幼兒（稚）園教育,2021,percent5,是（欄位說明僅存於新北市統計年報）,98.1693868549
110,,,,,,,欄位未定義,0.0,,教育,新北市政府主計處,幼兒（稚）園教育,2021,percent6,是（欄位說明僅存於新北市統計年報）,46165.0
110,,,,,,,欄位未定義,0.0,,教育,新北市政府主計處,幼兒（稚）園教育,2021,percent7,是（欄位說明僅存於新北市統計年報）,52.0004956183
110,,,,,,,欄位未定義,0.0,,教育,新北市政府主計處,幼兒（稚）園教育,2021,percent8,是（欄位說明僅存於新北市統計年報）,42613.0
110,,,,,,,欄位未定義,0.0,,教育,新北市政府主計處,幼兒（稚）園教育,2021,percent9,是（欄位說明僅存於新北市統計年報）,47.9995043817
110,,,,,,,欄位未定義,0.0,,教育,新北市政府主計處,政府教育經費概況,2021,itemvalue2,是（欄位說明僅存於新北市統計年報）,179392.552
110,,,,,,,欄位未定義,0.0,,教育,新北市政府主計處,政府教育經費概況,2021,itemvalue3,是（欄位說明僅存於新北市統計年報）,61130.0089
110,,,,,,,欄位未定義,0.0,,教育,新北市政府主計處,政府教育經費概況,2021,itemvalue4,是（欄位說明僅存於新北市統計年報）,34.076113093
110,,,,,,,欄位未定義,0.0,,教育,新北市政府主計處,政府教育經費概況,2021,itemvalue5,是（欄位說明僅存於新北市統計年報）,170879.211709
110,,,,,,,欄位未定義,0.0,,教育,新北市政府主計處,政府教育經費概況,2021,itemvalue6,是（欄位說明僅存於新北市統計年報）,60745.365709
110,,,,,,,欄位未定義,0.0,,教育,新北市政府主計處,政府教育經費概況,2021,itemvalue7,是（欄位說明僅存於新北市統計年報）,35.5487160208
110,,,,,,,欄位未定義,0.0,,教育,新北市政府主計處,教育程度,2021,itemvalue2,是（欄位說明僅存於新北市統計年報）,39.1758711111
110,,,,,,,欄位未定義,0.0,,教育,新北市政府主計處,教育程度,2021,itemvalue3,是（欄位說明僅存於新北市統計年報）,35.6836972745
110,,,,,,,欄位未定義,0.0,,教育,新北市政府主計處,教育程度,2021,itemvalue4,是（欄位說明僅存於新北市統計年報）,12.1062505364
110,,,,,,,欄位未定義,0.0,,教育,新北市政府主計處,教育程度,2021,itemvalue5,是（欄位說明僅存於新北市統計年報）,11.6001143139
110,,,,,,,欄位未定義,0.0,,教育,新北市政府主計處,教育程度,2021,itemvalue6,是（欄位說明僅存於新北市統計年報）,20.7569588753
110,,,,,,,欄位未定義,0.0,,教育,新北市政府主計處,教育程度,2021,itemvalue7,是（欄位說明僅存於新北市統計年報）,19.805205669
110,,,,,,,欄位未定義,0.0,,教育,新北市政府主計處,教育程度,2021,itemvalue8,是（欄位說明僅存於新北市統計年報）,9.4960555717
110,,,,,,,欄位未定義,0.0,,教育,新北市政府主計處,教育程度,2021,itemvalue9,是（欄位說明僅存於新北市統計年報）,8.6778702296
110,,,,,,,欄位未定義,0.0,,教育,新北市政府主計處,教育程度,2021,itemvalue10,是（欄位說明僅存於新北市統計年報）,12.2003142464
110,,,,,,,欄位未定義,0.0,,教育,新北市政府主計處,教育程度,2021,itemvalue11,是（欄位說明僅存於新北市統計年報）,12.5952592659
110,,,,,,,欄位未定義,0.0,,教育,新北市政府主計處,教育程度,2021,itemvalue12,是（欄位說明僅存於新北市統計年報）,6.0636351799
110,,,,,,,欄位未定義,0.0,,教育,新北市政府主計處,教育程度,2021,itemvalue13,是（欄位說明僅存於新北市統計年報）,10.4236798641
110,,,,,,,欄位未定義,0.0,,教育,新北市政府主計處,教育程度,2021,itemvalue14,是（欄位說明僅存於新北市統計年報）,0.2009144791
110,,,,,,,欄位未定義,0.0,,教育,新北市政府主計處,教育程度,2021,itemvalue15,是（欄位說明僅存於新北市統計年報）,1.214173383
110,,,,,,,欄位未定義,0.0,,教育,新北市政府主計處,教育程度,2021,itemvalue16,是（欄位說明僅存於新北市統計年報）,99.8777346936
110,,,,,,,欄位未定義,0.0,,教育,新北市政府主計處,教育程度,2021,itemvalue17,是（欄位說明僅存於新北市統計年報）,99.0003570937
110,,,,,,,欄位未定義,0.0,,教育,新北市政府主計處,教育程度,2021,itemvalue18,是（欄位說明僅存於新北市統計年報）,34.2788697092
110,,,,,,,欄位未定義,0.0,,教育,新北市政府主計處,教育程度,2021,itemvalue19,是（欄位說明僅存於新北市統計年報）,31.721260635
110,,,,,,,欄位未定義,0.0,,教育,新北市政府主計處,特殊教育—特教學校,2021,percent2,是（欄位說明僅存於新北市統計年報）,26.0
110,,,,,,,欄位未定義,0.0,,教育,新北市政府主計處,特殊教育—特教學校,2021,percent3,是（欄位說明僅存於新北市統計年報）,27.6595744681
110,,,,,,,欄位未定義,0.0,,教育,新北市政府主計處,特殊教育—特教學校,2021,percent4,是（欄位說明僅存於新北市統計年報）,68.0
110,,,,,,,欄位未定義,0.0,,教育,新北市政府主計處,特殊教育—特教學校,2021,percent5,是（欄位說明僅存於新北市統計年報）,72.3404255319
110,,,,,,,欄位未定義,0.0,,教育,新北市政府主計處,特殊教育—特教學校,2021,percent6,是（欄位說明僅存於新北市統計年報）,163.0
110,,,,,,,欄位未定義,0.0,,教育,新北市政府主計處,特殊教育—特教學校,2021,percent7,是（欄位說明僅存於新北市統計年報）,62.213740458
110,,,,,,,欄位未定義,0.0,,教育,新北市政府主計處,特殊教育—特教學校,2021,percent8,是（欄位說明僅存於新北市統計年報）,99.0
110,,,,,,,欄位未定義,0.0,,教育,新北市政府主計處,特殊教育—特教學校,2021,percent9,是（欄位說明僅存於新北市統計年報）,37.786259542
110,,,,,,,欄位未定義,0.0,,教育,新北市政府主計處,特殊教育—特教學校,2021,percent10,是（欄位說明僅存於新北市統計年報）,1.0
110,,,,,,,欄位未定義,0.0,,教育,新北市政府主計處,特殊教育—特教學校,2021,percent11,是（欄位說明僅存於新北市統計年報）,0.0
110,,,,,,,欄位未定義,0.0,,教育,新北市政府主計處,特殊教育—特教學校,2021,percent12,是（欄位說明僅存於新北市統計年報）,0.0
110,,,,,,,欄位未定義,0.0,,教育,新北市政府主計處,短期補習班概況(98年以後),2021,itemvalue2,是（欄位說明僅存於新北市統計年報）,2773.0
110,,,,,,,欄位未定義,0.0,,教育,新北市政府主計處,短期補習班概況(98年以後),2021,itemvalue3,是（欄位說明僅存於新北市統計年報）,2376.0
110,,,,,,,欄位未定義,0.0,,教育,新北市政府主計處,短期補習班概況(98年以後),2021,itemvalue4,是（欄位說明僅存於新北市統計年報）,1869.0
110,,,,,,,欄位未定義,0.0,,教育,新北市政府主計處,短期補習班概況(98年以後),2021,itemvalue5,是（欄位說明僅存於新北市統計年報）,506.0
110,,,,,,,欄位未定義,0.0,,教育,新北市政府主計處,短期補習班概況(98年以後),2021,itemvalue6,是（欄位說明僅存於新北市統計年報）,1.0
110,,,,,,,欄位未定義,0.0,,教育,新北市政府主計處,短期補習班概況(98年以後),2021,itemvalue7,是（欄位說明僅存於新北市統計年報）,397.0
110,,,,,,,欄位未定義,0.0,,教育,新北市政府主計處,短期補習班概況(98年以後),2021,itemvalue8,是（欄位說明僅存於新北市統計年報）,8.0
110,,,,,,,欄位未定義,0.0,,教育,新北市政府主計處,短期補習班概況(98年以後),2021,itemvalue9,是（欄位說明僅存於新北市統計年報）,24.0
110,,,,,,,欄位未定義,0.0,,教育,新北市政府主計處,短期補習班概況(98年以後),2021,itemvalue10,是（欄位說明僅存於新北市統計年報）,1.0
110,,,,,,,欄位未定義,0.0,,教育,新北市政府主計處,短期補習班概況(98年以後),2021,itemvalue11,是（欄位說明僅存於新北市統計年報）,0.0
110,,,,,,,欄位未定義,0.0,,教育,新北市政府主計處,短期補習班概況(98年以後),2021,itemvalue12,是（欄位說明僅存於新北市統計年報）,2.0
110,,,,,,,欄位未定義,0.0,,教育,新北市政府主計處,短期補習班概況(98年以後),2021,itemvalue13,是（欄位說明僅存於新北市統計年報）,182.0
110,,,,,,,欄位未定義,0.0,,教育,新北市政府主計處,短期補習班概況(98年以後),2021,itemvalue14,是（欄位說明僅存於新北市統計年報）,114.0
110,,,,,,,欄位未定義,0.0,,教育,新北市政府主計處,短期補習班概況(98年以後),2021,itemvalue15,是（欄位說明僅存於新北市統計年報）,53.0
110,,,,,,,欄位未定義,0.0,,教育,新北市政府主計處,短期補習班概況(98年以後),2021,itemvalue16,是（欄位說明僅存於新北市統計年報）,9.0
110,,,,,,,欄位未定義,0.0,,教育,新北市政府主計處,短期補習班概況(98年以後),2021,itemvalue17,是（欄位說明僅存於新北市統計年報）,0.0
110,,,,,,,欄位未定義,0.0,,教育,新北市政府主計處,短期補習班概況(98年以後),2021,itemvalue18,是（欄位說明僅存於新北市統計年報）,0.0
110,,,,,,,欄位未定義,0.0,,教育,新北市政府主計處,短期補習班概況(98年以後),2021,itemvalue19,是（欄位說明僅存於新北市統計年報）,0.0
110,,,,,,,欄位未定義,0.0,,教育,新北市政府主計處,短期補習班概況(98年以後),2021,itemvalue20,是（欄位說明僅存於新北市統計年報）,4.0
110,,,,,,,欄位未定義,0.0,,教育,新北市政府主計處,補習教育,2021,itemvalue2,是（欄位說明僅存於新北市統計年報）,0.0
110,,,,,,,欄位未定義,0.0,,教育,新北市政府主計處,補習教育,2021,itemvalue3,是（欄位說明僅存於新北市統計年報）,0.0
110,,,,,,,欄位未定義,0.0,,教育,新北市政府主計處,補習教育,2021,itemvalue4,是（欄位說明僅存於新北市統計年報）,0.0
110,,,,,,,欄位未定義,0.0,,教育,新北市政府主計處,補習教育,2021,itemvalue5,是（欄位說明僅存於新北市統計年報）,0.0
110,,,,,,,欄位未定義,0.0,,教育,新北市政府主計處,補習教育,2021,itemvalue6,是（欄位說明僅存於新北市統計年報）,1937.0
110,,,,,,,欄位未定義,0.0,,教育,新北市政府主計處,補習教育,2021,itemvalue7,是（欄位說明僅存於新北市統計年報）,29.4645573471
110,,,,,,,欄位未定義,0.0,,教育,新北市政府主計處,補習教育,2021,itemvalue8,是（欄位說明僅存於新北市統計年報）,4637.0
110,,,,,,,欄位未定義,0.0,,教育,新北市政府主計處,補習教育,2021,itemvalue9,是（欄位說明僅存於新北市統計年報）,70.5354426529
110,,,,,,,欄位未定義,0.0,,教育,新北市政府主計處,補習教育,2021,itemvalue10,是（欄位說明僅存於新北市統計年報）,0.0
110,,,,,,,欄位未定義,0.0,,教育,新北市政府主計處,補習教育,2021,itemvalue11,是（欄位說明僅存於新北市統計年報）,0.0
110,,,,,,,欄位未定義,0.0,,教育,新北市政府主計處,補習教育,2021,itemvalue12,是（欄位說明僅存於新北市統計年報）,0.0
110,,,,,,,欄位未定義,0.0,,教育,新北市政府主計處,高等教育,2021,percent2,是（欄位說明僅存於新北市統計年報）,2736.0
110,,,,,,,欄位未定義,0.0,,教育,新北市政府主計處,高等教育,2021,percent3,是（欄位說明僅存於新北市統計年報）,60.9761533318
110,,,,,,,欄位未定義,0.0,,教育,新北市政府主計處,高等教育,2021,percent4,是（欄位說明僅存於新北市統計年報）,1751.0
110,,,,,,,欄位未定義,0.0,,教育,新北市政府主計處,高等教育,2021,percent5,是（欄位說明僅存於新北市統計年報）,39.0238466682
110,,,,,,,欄位未定義,0.0,,教育,新北市政府主計處,高等教育,2021,percent6,是（欄位說明僅存於新北市統計年報）,64874.0
110,,,,,,,欄位未定義,0.0,,教育,新北市政府主計處,高等教育,2021,percent7,是（欄位說明僅存於新北市統計年報）,47.7032243832
110,,,,,,,欄位未定義,0.0,,教育,新北市政府主計處,高等教育,2021,percent8,是（欄位說明僅存於新北市統計年報）,71121.0
110,,,,,,,欄位未定義,0.0,,教育,新北市政府主計處,高等教育,2021,percent9,是（欄位說明僅存於新北市統計年報）,52.2967756168
110,,,,,,,欄位未定義,0.0,,教育,新北市政府主計處,高級中等教育,2021,itemvalue2,是（欄位說明僅存於新北市統計年報）,2555.0
110,,,,,,,欄位未定義,0.0,,教育,新北市政府主計處,高級中等教育,2021,itemvalue3,是（欄位說明僅存於新北市統計年報）,37.6621462264
110,,,,,,,欄位未定義,0.0,,教育,新北市政府主計處,高級中等教育,2021,itemvalue4,是（欄位說明僅存於新北市統計年報）,4229.0
110,,,,,,,欄位未定義,0.0,,教育,新北市政府主計處,高級中等教育,2021,itemvalue5,是（欄位說明僅存於新北市統計年報）,62.3378537736
110,,,,,,,欄位未定義,0.0,,教育,新北市政府主計處,高級中等教育,2021,itemvalue6,是（欄位說明僅存於新北市統計年報）,19.0
110,,,,,,,欄位未定義,0.0,,教育,新北市政府主計處,高級中等教育,2021,itemvalue7,是（欄位說明僅存於新北市統計年報）,12.0
110,,,,,,,欄位未定義,0.0,,教育,新北市政府主計處,高級中等教育,2021,itemvalue8,是（欄位說明僅存於新北市統計年報）,158.3333333333
110,,,,,,,欄位未定義,0.0,,教育,新北市政府主計處,高級中等教育,2021,itemvalue9,是（欄位說明僅存於新北市統計年報）,27423.0
110,,,,,,,欄位未定義,0.0,,教育,新北市政府主計處,高級中等教育,2021,itemvalue10,是（欄位說明僅存於新北市統計年報）,26170.0
110,,,,,,,欄位未定義,0.0,,教育,新北市政府主計處,高級中等教育,2021,itemvalue11,是（欄位說明僅存於新北市統計年報）,79.5007827448
110,,,,,,,欄位未定義,0.0,,教育,新北市政府主計處,高級中等教育,2021,itemvalue12,是（欄位說明僅存於新北市統計年報）,83.4422727418
110,,,,,,,欄位未定義,0.0,,教育,新北市政府主計處,高級中等教育（續）,2021,itemvalue2,是（欄位說明僅存於新北市統計年報）,20504.0
110,,,,,,,欄位未定義,0.0,,教育,新北市政府主計處,高級中等教育（續）,2021,itemvalue3,是（欄位說明僅存於新北市統計年報）,50.7952237031
110,,,,,,,欄位未定義,0.0,,教育,新北市政府主計處,高級中等教育（續）,2021,itemvalue4,是（欄位說明僅存於新北市統計年報）,19862.0
110,,,,,,,欄位未定義,0.0,,教育,新北市政府主計處,高級中等教育（續）,2021,itemvalue5,是（欄位說明僅存於新北市統計年報）,49.2047762969
110,,,,,,,欄位未定義,0.0,,教育,新北市政府主計處,高級中等教育（續）,2021,itemvalue6,是（欄位說明僅存於新北市統計年報）,15070.0
110,,,,,,,欄位未定義,0.0,,教育,新北市政府主計處,高級中等教育（續）,2021,itemvalue7,是（欄位說明僅存於新北市統計年報）,54.8139526425
110,,,,,,,欄位未定義,0.0,,教育,新北市政府主計處,高級中等教育（續）,2021,itemvalue8,是（欄位說明僅存於新北市統計年報）,12423.0
110,,,,,,,欄位未定義,0.0,,教育,新北市政府主計處,高級中等教育（續）,2021,itemvalue9,是（欄位說明僅存於新北市統計年報）,45.1860473575
110,,,,,,,欄位未定義,0.0,,教育,新北市政府法制局,新北市調解委員會組織概況統計,110,neighborhoodcount,是（欄位說明僅存於新北市統計年報）,29.0
110,,,,,,,欄位未定義,0.0,,教育,新北市政府法制局,新北市調解委員會組織概況統計,110,committeecount_person,是（欄位說明僅存於新北市統計年報）,405.0
110,,,,,,,欄位未定義,0.0,,教育,新北市政府法制局,新北市調解委員會組織概況統計,110,male_person,是（欄位說明僅存於新北市統計年報）,253.0
110,,,,,,,欄位未定義,0.0,,教育,新北市政府法制局,新北市調解委員會組織概況統計,110,female_person,是（欄位說明僅存於新北市統計年報）,152.0
110,,,,,,,欄位未定義,0.0,,教育,新北市政府法制局,新北市調解委員會組織概況統計,110,less40age_person,是（欄位說明僅存於新北市統計年報）,4.0
110,,,,,,,欄位未定義,0.0,,教育,新北市政府法制局,新北市調解委員會組織概況統計,110,40to49age_person,是（欄位說明僅存於新北市統計年報）,18.0
110,,,,,,,欄位未定義,0.0,,教育,新北市政府法制局,新北市調解委員會組織概況統計,110,50to59age_person,是（欄位說明僅存於新北市統計年報）,74.0
110,,,,,,,欄位未定義,0.0,,教育,新北市政府法制局,新北市調解委員會組織概況統計,110,large60age_person,是（欄位說明僅存於新北市統計年報）,309.0
110,,,,,,,欄位未定義,0.0,,教育,新北市政府法制局,新北市調解委員會組織概況統計,110,graduateschoolandgreat_person,是（欄位說明僅存於新北市統計年報）,48.0
110,,,,,,,欄位未定義,0.0,,教育,新北市政府法制局,新北市調解委員會組織概況統計,110,university_person,是（欄位說明僅存於新北市統計年報）,73.0
110,,,,,,,欄位未定義,0.0,,教育,新北市政府法制局,新北市調解委員會組織概況統計,110,college_person,是（欄位說明僅存於新北市統計年報）,66.0
110,,,,,,,欄位未定義,0.0,,教育,新北市政府法制局,新北市調解委員會組織概況統計,110,highschool_person,是（欄位說明僅存於新北市統計年報）,152.0
110,,,,,,,欄位未定義,0.0,,教育,新北市政府法制局,新北市調解委員會組織概況統計,110,juniorhighschool_person,是（欄位說明僅存於新北市統計年報）,51.0
110,,,,,,,欄位未定義,0.0,,教育,新北市政府法制局,新北市調解委員會組織概況統計,110,elementaryschoolandless_person,是（欄位說明僅存於新北市統計年報）,15.0
110,,,,,,,欄位未定義,0.0,,教育,新北市政府法制局,新北市調解委員會組織概況統計,110,agricultureforestryfishinganimalhusbandry_person,是（欄位說明僅存於新北市統計年報）,18.0
110,,,,,,,欄位未定義,0.0,,教育,新北市政府法制局,新北市調解委員會組織概況統計,110,industryservices_person,是（欄位說明僅存於新北市統計年報）,7.0
110,,,,,,,欄位未定義,0.0,,教育,新北市政府法制局,新北市調解委員會組織概況統計,110,business_person,是（欄位說明僅存於新北市統計年報）,116.0
110,,,,,,,欄位未定義,0.0,,教育,新北市政府法制局,新北市調解委員會組織概況統計,110,serviceindustry_person,是（欄位說明僅存於新北市統計年報）,264.0
110,,,,,,,欄位未定義,0.0,,教育,新北市政府法制局,新北市調解委員會組織概況統計,110,civilservice_person,是（欄位說明僅存於新北市統計年報）,176.0
110,,,,,,,欄位未定義,0.0,,教育,新北市政府法制局,新北市調解委員會組織概況統計,110,nocivilservice_person,是（欄位說明僅存於新北市統計年報）,229.0
110,,,,,,,欄位未定義,0.0,,教育,新北市政府法制局,新北市調解委員會組織概況統計,110,less4yearexperience_person,是（欄位說明僅存於新北市統計年報）,93.0
110,,,,,,,欄位未定義,0.0,,教育,新北市政府法制局,新北市調解委員會組織概況統計,110,4to8experienceyear_person,是（欄位說明僅存於新北市統計年報）,72.0
110,,,,,,,欄位未定義,0.0,,教育,新北市政府法制局,新北市調解委員會組織概況統計,110,8to16experienceyear_person,是（欄位說明僅存於新北市統計年報）,159.0
110,,,,,,,欄位未定義,0.0,,教育,新北市政府法制局,新北市調解委員會組織概況統計,110,great16experienceyear_person,是（欄位說明僅存於新北市統計年報）,81.0
110,,,,,,,欄位未定義,0.0,,產業,新北市政府主計處,全國經濟,2021,itemvalue2,是（欄位說明僅存於新北市統計年報）,59.02
110,,,,,,,欄位未定義,0.0,,產業,新北市政府主計處,全國經濟,2021,itemvalue3,是（欄位說明僅存於新北市統計年報）,66.93
110,,,,,,,欄位未定義,0.0,,產業,新北市政府主計處,全國經濟,2021,itemvalue4,是（欄位說明僅存於新北市統計年報）,51.49
110,,,,,,,欄位未定義,0.0,,產業,新北市政府主計處,全國經濟,2021,itemvalue5,是（欄位說明僅存於新北市統計年報）,3.95
110,,,,,,,欄位未定義,0.0,,產業,新北市政府主計處,全國經濟,2021,itemvalue6,是（欄位說明僅存於新北市統計年報）,3.98
110,,,,,,,欄位未定義,0.0,,產業,新北市政府主計處,全國經濟,2021,itemvalue7,是（欄位說明僅存於新北市統計年報）,3.92
110,,,,,,,欄位未定義,0.0,,產業,新北市政府主計處,公司、商業及工廠登記負責人,2021,item value2,是（欄位說明僅存於新北市統計年報）,97756.0
110,,,,,,,欄位未定義,0.0,,產業,新北市政府主計處,公司、商業及工廠登記負責人,2021,item value3,是（欄位說明僅存於新北市統計年報）,68.65
110,,,,,,,欄位未定義,0.0,,產業,新北市政府主計處,公司、商業及工廠登記負責人,2021,item value4,是（欄位說明僅存於新北市統計年報）,44235.0
110,,,,,,,欄位未定義,0.0,,產業,新北市政府主計處,公司、商業及工廠登記負責人,2021,item value5,是（欄位說明僅存於新北市統計年報）,31.15
110,,,,,,,欄位未定義,0.0,,產業,新北市政府主計處,公司、商業及工廠登記負責人,2021,item value6,是（欄位說明僅存於新北市統計年報）,104682.0
110,,,,,,,欄位未定義,0.0,,產業,新北市政府主計處,公司、商業及工廠登記負責人,2021,item value7,是（欄位說明僅存於新北市統計年報）,74.22
110,,,,,,,欄位未定義,0.0,,產業,新北市政府主計處,公司、商業及工廠登記負責人,2021,item value8,是（欄位說明僅存於新北市統計年報）,36355.0
110,,,,,,,欄位未定義,0.0,,產業,新北市政府主計處,公司、商業及工廠登記負責人,2021,item value9,是（欄位說明僅存於新北市統計年報）,25.78
110,,,,,,,欄位未定義,0.0,,產業,新北市政府主計處,公司、商業及工廠登記負責人,2021,item value10,是（欄位說明僅存於新北市統計年報）,14767.0
110,,,,,,,欄位未定義,0.0,,產業,新北市政府主計處,公司、商業及工廠登記負責人,2021,item value11,是（欄位說明僅存於新北市統計年報）,76.29
110,,,,,,,欄位未定義,0.0,,產業,新北市政府主計處,公司、商業及工廠登記負責人,2021,item value12,是（欄位說明僅存於新北市統計年報）,4589.0
110,,,,,,,欄位未定義,0.0,,產業,新北市政府主計處,公司、商業及工廠登記負責人,2021,item value13,是（欄位說明僅存於新北市統計年報）,23.71
110,,,,,,,欄位未定義,0.0,,產業,新北市政府主計處,經濟戶長比重,2021,itemvalue2,是（欄位說明僅存於新北市統計年報）,1126007.4709475234
110,,,,,,,欄位未定義,0.0,,產業,新北市政府主計處,經濟戶長比重,2021,itemvalue3,是（欄位說明僅存於新北市統計年報）,486813.5290373192
110,,,,,,,欄位未定義,0.0,,產業,新北市政府主計處,經濟戶長比重,2021,itemvalue4,是（欄位說明僅存於新北市統計年報）,175623.2268631705
110,,,,,,,欄位未定義,0.0,,產業,新北市政府主計處,經濟戶長比重,2021,itemvalue5,是（欄位說明僅存於新北市統計年報）,146940.7731368301
110,,,,,,,欄位未定義,0.0,,產業,新北市政府主計處,經濟戶長比重,2021,itemvalue6,是（欄位說明僅存於新北市統計年報）,194683.7374914395
110,,,,,,,欄位未定義,0.0,,產業,新北市政府主計處,經濟戶長比重,2021,itemvalue7,是（欄位說明僅存於新北市統計年報）,127880.262508559
110,,,,,,,欄位未定義,0.0,,產業,新北市政府主計處,經濟戶長比重,2021,itemvalue8,是（欄位說明僅存於新北市統計年報）,232766.0976483254
110,,,,,,,欄位未定義,0.0,,產業,新北市政府主計處,經濟戶長比重,2021,itemvalue9,是（欄位說明僅存於新北市統計年報）,89797.9023516712
110,,,,,,,欄位未定義,0.0,,產業,新北市政府主計處,經濟戶長比重,2021,itemvalue10,是（欄位說明僅存於新北市統計年報）,249021.1696208596
110,,,,,,,欄位未定義,0.0,,產業,新北市政府主計處,經濟戶長比重,2021,itemvalue11,是（欄位說明僅存於新北市統計年報）,73542.83037915
110,,,,,,,欄位未定義,0.0,,產業,新北市政府主計處,經濟戶長比重,2021,itemvalue12,是（欄位說明僅存於新北市統計年報）,273913.2393237251
110,,,,,,,欄位未定義,0.0,,產業,新北市政府主計處,經濟戶長比重,2021,itemvalue13,是（欄位說明僅存於新北市統計年報）,48651.76066111
110,,,,,,,欄位未定義,0.0,,社會參與,新北市政府主計處,客家文化,2021,itemvalue2,是（欄位說明僅存於新北市統計年報）,87.0
110,,,,,,,欄位未定義,0.0,,社會參與,新北市政府主計處,客家文化,2021,itemvalue3,是（欄位說明僅存於新北市統計年報）,28.5245901639
110,,,,,,,欄位未定義,0.0,,社會參與,新北市政府主計處,客家文化,2021,itemvalue4,是（欄位說明僅存於新北市統計年報）,218.0
110,,,,,,,欄位未定義,0.0,,社會參與,新北市政府主計處,客家文化,2021,itemvalue5,是（欄位說明僅存於新北市統計年報）,71.4754098361
110,,,,,,,欄位未定義,0.0,,社會參與,新北市政府主計處,客家文化,2021,itemvalue6,是（欄位說明僅存於新北市統計年報）,30.0
110,,,,,,,欄位未定義,0.0,,社會參與,新北市政府主計處,客家文化,2021,itemvalue7,是（欄位說明僅存於新北市統計年報）,35.2941176471
110,,,,,,,欄位未定義,0.0,,社會參與,新北市政府主計處,客家文化,2021,itemvalue8,是（欄位說明僅存於新北市統計年報）,55.0
110,,,,,,,欄位未定義,0.0,,社會參與,新北市政府主計處,客家文化,2021,itemvalue9,是（欄位說明僅存於新北市統計年報）,64.7058823529
110,,,,,,,欄位未定義,0.0,,社會參與,新北市政府主計處,客家文化,2021,itemvalue10,是（欄位說明僅存於新北市統計年報）,66.0
110,,,,,,,欄位未定義,0.0,,社會參與,新北市政府主計處,客家文化,2021,itemvalue11,是（欄位說明僅存於新北市統計年報）,61.6822429907
110,,,,,,,欄位未定義,0.0,,社會參與,新北市政府主計處,客家文化,2021,itemvalue12,是（欄位說明僅存於新北市統計年報）,41.0
110,,,,,,,欄位未定義,0.0,,社會參與,新北市政府主計處,客家文化,2021,itemvalue13,是（欄位說明僅存於新北市統計年報）,38.3177570093
110,,,,,,,欄位未定義,0.0,,社會參與,新北市政府主計處,市民文化,2021,itemvalue2,是（欄位說明僅存於新北市統計年報）,1353829.0
110,,,,,,,欄位未定義,0.0,,社會參與,新北市政府主計處,市民文化,2021,itemvalue3,是（欄位說明僅存於新北市統計年報）,1809047.0
110,,,,,,,欄位未定義,0.0,,社會參與,新北市政府主計處,市民文化,2021,itemvalue4,是（欄位說明僅存於新北市統計年報）,3504746.0
110,,,,,,,欄位未定義,0.0,,社會參與,新北市政府主計處,市民文化,2021,itemvalue5,是（欄位說明僅存於新北市統計年報）,6029143.0
110,,,,,,,欄位未定義,0.0,,社會參與,新北市政府主計處,市民文化,2021,itemvalue6,是（欄位說明僅存於新北市統計年報）,417.0
110,,,,,,,欄位未定義,0.0,,社會參與,新北市政府主計處,市民文化,2021,itemvalue7,是（欄位說明僅存於新北市統計年報）,2071.0
110,,,,,,,欄位未定義,0.0,,社會參與,新北市政府主計處,市民文化,2021,itemvalue8,是（欄位說明僅存於新北市統計年報）,0.0
110,,,,,,,欄位未定義,0.0,,社會參與,新北市政府主計處,市民文化,2021,itemvalue9,是（欄位說明僅存於新北市統計年報）,0.0
110,,,,,,,欄位未定義,0.0,,社會參與,新北市政府主計處,市民文化,2021,itemvalue10,是（欄位說明僅存於新北市統計年報）,0.0
110,,,,,,,欄位未定義,0.0,,社會參與,新北市政府主計處,市民文化,2021,itemvalue11,是（欄位說明僅存於新北市統計年報）,0.0
110,,,,,,,欄位未定義,0.0,,社會參與,新北市政府主計處,市民文化,2021,itemvalue12,是（欄位說明僅存於新北市統計年報）,5.0
110,,,,,,,欄位未定義,0.0,,社會參與,新北市政府主計處,市民文化,2021,itemvalue13,是（欄位說明僅存於新北市統計年報）,24.0
110,,,,,,,欄位未定義,0.0,,社會參與,新北市政府主計處,市民文化,2021,itemvalue14,是（欄位說明僅存於新北市統計年報）,24.0
110,,,,,,,欄位未定義,0.0,,社會參與,新北市政府主計處,市民文化,2021,itemvalue15,是（欄位說明僅存於新北市統計年報）,251.0
110,,,,,,,欄位未定義,0.0,,社會參與,新北市政府主計處,市民文化,2021,itemvalue16,是（欄位說明僅存於新北市統計年報）,21.0
110,,,,,,,欄位未定義,0.0,,社會參與,新北市政府主計處,市民文化,2021,itemvalue17,是（欄位說明僅存於新北市統計年報）,224.0
110,,,,,,,欄位未定義,0.0,,社會參與,新北市政府主計處,市民文化,2021,itemvalue18,是（欄位說明僅存於新北市統計年報）,124.0
110,,,,,,,欄位未定義,0.0,,社會參與,新北市政府主計處,市民文化,2021,itemvalue19,是（欄位說明僅存於新北市統計年報）,907.0
110,,,,,,,欄位未定義,0.0,,社會參與,新北市政府主計處,市民文化,2021,itemvalue20,是（欄位說明僅存於新北市統計年報）,243.0
110,,,,,,,欄位未定義,0.0,,社會參與,新北市政府主計處,市民文化,2021,itemvalue21,是（欄位說明僅存於新北市統計年報）,665.0
110,,,,,,,欄位未定義,0.0,,社會參與,新北市政府主計處,社會局所轄志工,2021,percent2,是（欄位說明僅存於新北市統計年報）,332.0
110,,,,,,,欄位未定義,0.0,,社會參與,新北市政府主計處,社會局所轄志工,2021,percent3,是（欄位說明僅存於新北市統計年報）,130.0
110,,,,,,,欄位未定義,0.0,,社會參與,新北市政府主計處,社會局所轄志工,2021,percent4,是（欄位說明僅存於新北市統計年報）,15437.0
110,,,,,,,欄位未定義,0.0,,社會參與,新北市政府主計處,社會局所轄志工,2021,percent5,是（欄位說明僅存於新北市統計年報）,39574.0
110,,,,,,,欄位未定義,0.0,,社會參與,新北市政府主計處,社會局所轄志工,2021,percent6,是（欄位說明僅存於新北市統計年報）,84.0
110,,,,,,,欄位未定義,0.0,,社會參與,新北市政府主計處,社會局所轄志工,2021,percent7,是（欄位說明僅存於新北市統計年報）,105.0
110,,,,,,,欄位未定義,0.0,,社會參與,新北市政府主計處,社會局所轄志工,2021,percent8,是（欄位說明僅存於新北市統計年報）,182.0
110,,,,,,,欄位未定義,0.0,,社會參與,新北市政府主計處,社會局所轄志工,2021,percent9,是（欄位說明僅存於新北市統計年報）,343.0
110,,,,,,,欄位未定義,0.0,,社會參與,新北市政府主計處,社會局所轄志工,2021,percent10,是（欄位說明僅存於新北市統計年報）,621.0
110,,,,,,,欄位未定義,0.0,,社會參與,新北市政府主計處,社會局所轄志工,2021,percent11,是（欄位說明僅存於新北市統計年報）,1091.0
110,,,,,,,欄位未定義,0.0,,社會參與,新北市政府主計處,社會局所轄志工,2021,percent12,是（欄位說明僅存於新北市統計年報）,1784.0
110,,,,,,,欄位未定義,0.0,,社會參與,新北市政府主計處,社會局所轄志工,2021,percent13,是（欄位說明僅存於新北市統計年報）,3931.0
110,,,,,,,欄位未定義,0.0,,社會參與,新北市政府主計處,社會局所轄志工,2021,percent14,是（欄位說明僅存於新北市統計年報）,6243.0
110,,,,,,,欄位未定義,0.0,,社會參與,新北市政府主計處,社會局所轄志工,2021,percent15,是（欄位說明僅存於新北市統計年報）,17555.0
110,,,,,,,欄位未定義,0.0,,社會參與,新北市政府主計處,社會局所轄志工,2021,percent16,是（欄位說明僅存於新北市統計年報）,6523.0
110,,,,,,,欄位未定義,0.0,,社會參與,新北市政府主計處,社會局所轄志工,2021,percent17,是（欄位說明僅存於新北市統計年報）,16549.0
110,,,,,,,欄位未定義,0.0,,社福,新北市政府主計處,中低收入戶人數及生活扶助,2021,itemvalue2,是（欄位說明僅存於新北市統計年報）,10273.0
110,,,,,,,欄位未定義,0.0,,社福,新北市政府主計處,中低收入戶人數及生活扶助,2021,itemvalue3,是（欄位說明僅存於新北市統計年報）,0.6337813544
110,,,,,,,欄位未定義,0.0,,社福,新北市政府主計處,中低收入戶人數及生活扶助,2021,itemvalue4,是（欄位說明僅存於新北市統計年報）,26794.0
110,,,,,,,欄位未定義,0.0,,社福,新北市政府主計處,中低收入戶人數及生活扶助,2021,itemvalue5,是（欄位說明僅存於新北市統計年報）,0.6684941268
110,,,,,,,欄位未定義,0.0,,社福,新北市政府主計處,中低收入戶人數及生活扶助,2021,itemvalue6,是（欄位說明僅存於新北市統計年報）,0.0
110,,,,,,,欄位未定義,0.0,,社福,新北市政府主計處,中低收入戶人數及生活扶助,2021,itemvalue7,是（欄位說明僅存於新北市統計年報）,0.0
110,,,,,,,欄位未定義,0.0,,社福,新北市政府主計處,中低收入戶人數及生活扶助,2021,itemvalue8,是（欄位說明僅存於新北市統計年報）,0.0
110,,,,,,,欄位未定義,0.0,,社福,新北市政府主計處,中低收入戶人數及生活扶助,2021,itemvalue9,是（欄位說明僅存於新北市統計年報）,0.0
110,,,,,,,欄位未定義,0.0,,社福,新北市政府主計處,中低收入戶人數及生活扶助,2021,itemvalue10,是（欄位說明僅存於新北市統計年報）,0.0
110,,,,,,,欄位未定義,0.0,,社福,新北市政府主計處,中低收入戶人數及生活扶助,2021,itemvalue11,是（欄位說明僅存於新北市統計年報）,0.0
110,,,,,,,欄位未定義,0.0,,社福,新北市政府主計處,中低收入戶人數及生活扶助,2021,itemvalue12,是（欄位說明僅存於新北市統計年報）,15.0
110,,,,,,,欄位未定義,0.0,,社福,新北市政府主計處,中低收入戶人數及生活扶助,2021,itemvalue13,是（欄位說明僅存於新北市統計年報）,180.0
110,,,,,,,欄位未定義,0.0,,社福,新北市政府主計處,中低收入戶人數及生活扶助,2021,itemvalue14,是（欄位說明僅存於新北市統計年報）,0.0
110,,,,,,,欄位未定義,0.0,,社福,新北市政府主計處,中低收入戶人數及生活扶助,2021,itemvalue15,是（欄位說明僅存於新北市統計年報）,0.0
110,,,,,,,欄位未定義,0.0,,社福,新北市政府主計處,中低收入戶人數及生活扶助,2021,itemvalue16,是（欄位說明僅存於新北市統計年報）,0.0
110,,,,,,,欄位未定義,0.0,,社福,新北市政府主計處,中低收入戶人數及生活扶助,2021,itemvalue17,是（欄位說明僅存於新北市統計年報）,0.0
110,,,,,,,欄位未定義,0.0,,社福,新北市政府主計處,中低收入戶人數及生活扶助,2021,itemvalue18,是（欄位說明僅存於新北市統計年報）,0.0
110,,,,,,,欄位未定義,0.0,,社福,新北市政府主計處,中低收入戶人數及生活扶助,2021,itemvalue19,是（欄位說明僅存於新北市統計年報）,0.0
110,,,,,,,欄位未定義,0.0,,社福,新北市政府主計處,中低收入戶人數及生活扶助,2021,itemvalue20,是（欄位說明僅存於新北市統計年報）,7.0
110,,,,,,,欄位未定義,0.0,,社福,新北市政府主計處,中低收入戶人數及生活扶助,2021,itemvalue21,是（欄位說明僅存於新北市統計年報）,0.0
110,,,,,,,欄位未定義,0.0,,社福,新北市政府主計處,中低收入戶人數及生活扶助,2021,itemvalue22,是（欄位說明僅存於新北市統計年報）,596.0
110,,,,,,,欄位未定義,0.0,,社福,新北市政府主計處,中低收入戶人數及生活扶助,2021,itemvalue23,是（欄位說明僅存於新北市統計年報）,14115.441
110,,,,,,,欄位未定義,0.0,,社福,新北市政府主計處,中低收入老人生活津貼與老農津貼,2021,item value2,是（欄位說明僅存於新北市統計年報）,20396.0
110,,,,,,,欄位未定義,0.0,,社福,新北市政府主計處,中低收入老人生活津貼與老農津貼,2021,item value3,是（欄位說明僅存於新北市統計年報）,9914.0
110,,,,,,,欄位未定義,0.0,,社福,新北市政府主計處,中低收入老人生活津貼與老農津貼,2021,item value4,是（欄位說明僅存於新北市統計年報）,10482.0
110,,,,,,,欄位未定義,0.0,,社福,新北市政府主計處,中低收入老人生活津貼與老農津貼,2021,item value5,是（欄位說明僅存於新北市統計年報）,1712176.215
110,,,,,,,欄位未定義,0.0,,社福,新北市政府主計處,中低收入老人生活津貼與老農津貼,2021,item value6,是（欄位說明僅存於新北市統計年報）,24.0
110,,,,,,,欄位未定義,0.0,,社福,新北市政府主計處,中低收入老人生活津貼與老農津貼,2021,item value7,是（欄位說明僅存於新北市統計年報）,20.0
110,,,,,,,欄位未定義,0.0,,社福,新北市政府主計處,中低收入老人生活津貼與老農津貼,2021,item value8,是（欄位說明僅存於新北市統計年報）,4.0
110,,,,,,,欄位未定義,0.0,,社福,新北市政府主計處,中低收入老人生活津貼與老農津貼,2021,item value9,是（欄位說明僅存於新北市統計年報）,2348.274
110,,,,,,,欄位未定義,0.0,,社福,新北市政府主計處,中低收入老人生活津貼與老農津貼,2021,item value10,是（欄位說明僅存於新北市統計年報）,336.0
110,,,,,,,欄位未定義,0.0,,社福,新北市政府主計處,中低收入老人生活津貼與老農津貼,2021,item value11,是（欄位說明僅存於新北市統計年報）,257.0
110,,,,,,,欄位未定義,0.0,,社福,新北市政府主計處,中低收入老人生活津貼與老農津貼,2021,item value12,是（欄位說明僅存於新北市統計年報）,79.0
110,,,,,,,欄位未定義,0.0,,社福,新北市政府主計處,中低收入老人生活津貼與老農津貼,2021,item value13,是（欄位說明僅存於新北市統計年報）,32277.763
110,,,,,,,欄位未定義,0.0,,社福,新北市政府主計處,中低收入老人生活津貼與老農津貼,2021,item value14,是（欄位說明僅存於新北市統計年報）,2252.0
110,,,,,,,欄位未定義,0.0,,社福,新北市政府主計處,中低收入老人生活津貼與老農津貼,2021,item value15,是（欄位說明僅存於新北市統計年報）,1466.0
110,,,,,,,欄位未定義,0.0,,社福,新北市政府主計處,中低收入老人生活津貼與老農津貼,2021,item value16,是（欄位說明僅存於新北市統計年報）,786.0
110,,,,,,,欄位未定義,0.0,,社福,新北市政府主計處,中低收入老人生活津貼與老農津貼,2021,item value17,是（欄位說明僅存於新北市統計年報）,204380.897
110,,,,,,,欄位未定義,0.0,,社福,新北市政府主計處,中低收入老人生活津貼與老農津貼,2021,item value18,是（欄位說明僅存於新北市統計年報）,14565.0
110,,,,,,,欄位未定義,0.0,,社福,新北市政府主計處,中低收入老人生活津貼與老農津貼,2021,item value19,是（欄位說明僅存於新北市統計年報）,6561.0
110,,,,,,,欄位未定義,0.0,,社福,新北市政府主計處,中低收入老人生活津貼與老農津貼,2021,item value20,是（欄位說明僅存於新北市統計年報）,8004.0
110,,,,,,,欄位未定義,0.0,,社福,新北市政府主計處,中低收入老人生活津貼與老農津貼,2021,item value21,是（欄位說明僅存於新北市統計年報）,1332436.7
110,,,,,,,欄位未定義,0.0,,社福,新北市政府主計處,中低收入老人生活津貼與老農津貼,2021,item value22,是（欄位說明僅存於新北市統計年報）,3219.0
110,,,,,,,欄位未定義,0.0,,社福,新北市政府主計處,中低收入老人生活津貼與老農津貼,2021,item value23,是（欄位說明僅存於新北市統計年報）,1610.0
110,,,,,,,欄位未定義,0.0,,社福,新北市政府主計處,中低收入老人生活津貼與老農津貼,2021,item value24,是（欄位說明僅存於新北市統計年報）,1609.0
110,,,,,,,欄位未定義,0.0,,社福,新北市政府主計處,中低收入老人生活津貼與老農津貼,2021,item value25,是（欄位說明僅存於新北市統計年報）,140732.581
110,,,,,,,欄位未定義,0.0,,社福,新北市政府主計處,中低收入老人生活津貼與老農津貼,2021,item value26,是（欄位說明僅存於新北市統計年報）,19175.0
110,,,,,,,欄位未定義,0.0,,社福,新北市政府主計處,中低收入老人生活津貼與老農津貼,2021,item value27,是（欄位說明僅存於新北市統計年報）,8552.0
110,,,,,,,欄位未定義,0.0,,社福,新北市政府主計處,中低收入老人生活津貼與老農津貼,2021,item value28,是（欄位說明僅存於新北市統計年報）,10623.0
110,,,,,,,欄位未定義,0.0,,社福,新北市政府主計處,中低收入老人生活津貼與老農津貼,2021,item value29,是（欄位說明僅存於新北市統計年報）,1752307.0
110,,,,,,,欄位未定義,0.0,,社福,新北市政府主計處,身心障礙,2021,percent2,是（欄位說明僅存於新北市統計年報）,97942.0
110,,,,,,,欄位未定義,0.0,,社福,新北市政府主計處,身心障礙,2021,percent3,是（欄位說明僅存於新北市統計年報）,77223.0
110,,,,,,,欄位未定義,0.0,,社福,新北市政府主計處,身心障礙,2021,percent4,是（欄位說明僅存於新北市統計年報）,1234.0
110,,,,,,,欄位未定義,0.0,,社福,新北市政府主計處,身心障礙,2021,percent5,是（欄位說明僅存於新北市統計年報）,629.0
110,,,,,,,欄位未定義,0.0,,社福,新北市政府主計處,身心障礙,2021,percent6,是（欄位說明僅存於新北市統計年報）,2598.0
110,,,,,,,欄位未定義,0.0,,社福,新北市政府主計處,身心障礙,2021,percent7,是（欄位說明僅存於新北市統計年報）,1124.0
110,,,,,,,欄位未定義,0.0,,社福,新北市政府主計處,身心障礙,2021,percent8,是（欄位說明僅存於新北市統計年報）,1237.0
110,,,,,,,欄位未定義,0.0,,社福,新北市政府主計處,身心障礙,2021,percent9,是（欄位說明僅存於新北市統計年報）,529.0
110,,,,,,,欄位未定義,0.0,,社福,新北市政府主計處,身心障礙,2021,percent10,是（欄位說明僅存於新北市統計年報）,1377.0
110,,,,,,,欄位未定義,0.0,,社福,新北市政府主計處,身心障礙,2021,percent11,是（欄位說明僅存於新北市統計年報）,712.0
110,,,,,,,欄位未定義,0.0,,社福,新北市政府主計處,身心障礙,2021,percent12,是（欄位說明僅存於新北市統計年報）,7192.0
110,,,,,,,欄位未定義,0.0,,社福,新北市政府主計處,身心障礙,2021,percent13,是（欄位說明僅存於新北市統計年報）,4387.0
110,,,,,,,欄位未定義,0.0,,社福,新北市政府主計處,身心障礙,2021,percent14,是（欄位說明僅存於新北市統計年報）,12875.0
110,,,,,,,欄位未定義,0.0,,社福,新北市政府主計處,身心障礙,2021,percent15,是（欄位說明僅存於新北市統計年報）,8799.0
110,,,,,,,欄位未定義,0.0,,社福,新北市政府主計處,身心障礙,2021,percent16,是（欄位說明僅存於新北市統計年報）,23096.0
110,,,,,,,欄位未定義,0.0,,社福,新北市政府主計處,身心障礙,2021,percent17,是（欄位說明僅存於新北市統計年報）,15738.0
110,,,,,,,欄位未定義,0.0,,社福,新北市政府主計處,身心障礙,2021,percent18,是（欄位說明僅存於新北市統計年報）,11503.0
110,,,,,,,欄位未定義,0.0,,社福,新北市政府主計處,身心障礙,2021,percent19,是（欄位說明僅存於新北市統計年報）,8488.0
110,,,,,,,欄位未定義,0.0,,社福,新北市政府主計處,身心障礙,2021,percent20,是（欄位說明僅存於新北市統計年報）,36830.0
110,,,,,,,欄位未定義,0.0,,社福,新北市政府主計處,身心障礙,2021,percent21,是（欄位說明僅存於新北市統計年報）,36817.0
110,,,,,,,欄位未定義,0.0,,社福,新北市政府主計處,身心障礙,2021,percent22,是（欄位說明僅存於新北市統計年報）,5.0038394002
110,,,,,,,欄位未定義,0.0,,社福,新北市政府主計處,身心障礙,2021,percent23,是（欄位說明僅存於新北市統計年報）,3.7655502112
110,,,,,,,欄位未定義,0.0,,社福,新北市政府主計處,身心障礙福利,2021,itemvalue2,是（欄位說明僅存於新北市統計年報）,1961.0
110,,,,,,,欄位未定義,0.0,,社福,新北市政府主計處,身心障礙福利,2021,itemvalue3,是（欄位說明僅存於新北市統計年報）,992.0
110,,,,,,,欄位未定義,0.0,,社福,新北市政府主計處,身心障礙福利,2021,itemvalue4,是（欄位說明僅存於新北市統計年報）,597.0
110,,,,,,,欄位未定義,0.0,,社福,新北市政府主計處,身心障礙福利,2021,itemvalue5,是（欄位說明僅存於新北市統計年報）,7020.0
110,,,,,,,欄位未定義,0.0,,社福,新北市政府主計處,身心障礙福利,2021,itemvalue6,是（欄位說明僅存於新北市統計年報）,3709.0
110,,,,,,,欄位未定義,0.0,,社福,新北市政府主計處,身心障礙福利,2021,itemvalue7,是（欄位說明僅存於新北市統計年報）,360340.0
110,,,,,,,欄位未定義,0.0,,社福,新北市政府主計處,身心障礙福利,2021,itemvalue8,是（欄位說明僅存於新北市統計年報）,241942.0
110,,,,,,,欄位未定義,0.0,,社福,新北市政府主計處,身心障礙福利,2021,itemvalue9,是（欄位說明僅存於新北市統計年報）,14772.0
110,,,,,,,欄位未定義,0.0,,社福,新北市政府主計處,身心障礙福利,2021,itemvalue10,是（欄位說明僅存於新北市統計年報）,6347.0
110,,,,,,,欄位未定義,0.0,,社福,新北市政府主計處,身心障礙福利,2021,itemvalue11,是（欄位說明僅存於新北市統計年報）,3126.0
110,,,,,,,欄位未定義,0.0,,社福,新北市政府主計處,身心障礙福利,2021,itemvalue12,是（欄位說明僅存於新北市統計年報）,2186.0
110,,,,,,,欄位未定義,0.0,,社福,新北市政府主計處,身心障礙福利服務概況,2021,itemvalue2,是（欄位說明僅存於新北市統計年報）,28.0
110,,,,,,,欄位未定義,0.0,,社福,新北市政府主計處,身心障礙福利服務概況,2021,itemvalue3,是（欄位說明僅存於新北市統計年報）,1589.0
110,,,,,,,欄位未定義,0.0,,社福,新北市政府主計處,身心障礙福利服務概況,2021,itemvalue4,是（欄位說明僅存於新北市統計年報）,992.0
110,,,,,,,欄位未定義,0.0,,社福,新北市政府主計處,身心障礙福利服務概況,2021,itemvalue5,是（欄位說明僅存於新北市統計年報）,597.0
110,,,,,,,欄位未定義,0.0,,社福,新北市政府主計處,身心障礙福利服務概況,2021,itemvalue6,是（欄位說明僅存於新北市統計年報）,602282.0
110,,,,,,,欄位未定義,0.0,,社福,新北市政府主計處,身心障礙福利服務概況,2021,itemvalue7,是（欄位說明僅存於新北市統計年報）,3072469.6
110,,,,,,,欄位未定義,0.0,,社福,新北市政府主計處,身心障礙福利服務概況,2021,itemvalue8,是（欄位說明僅存於新北市統計年報）,10767.0
110,,,,,,,欄位未定義,0.0,,社福,新北市政府主計處,身心障礙福利服務概況,2021,itemvalue9,是（欄位說明僅存於新北市統計年報）,96512.834
110,,,,,,,欄位未定義,0.0,,社福,新北市政府主計處,身心障礙福利服務概況,2021,itemvalue10,是（欄位說明僅存於新北市統計年報）,8513.0
110,,,,,,,欄位未定義,0.0,,社福,新北市政府主計處,身心障礙福利服務概況,2021,itemvalue11,是（欄位說明僅存於新北市統計年報）,1448402.58
