民國年,月,區代碼,行政區,年齡標籤,年齡下限,年齡上限,青年關係,青年權重,性別,鄉鎮市區,村里,納稅單位,合計,營利所得,執行業務所得,薪資所得,利息所得,租賃及權利金,財產交易所得,機會中獎所得,股利所得,退職所得,其他所得,稿費所得,申報大於歸戶,薪資淨所得,按薪資淨所得計算之綜合所得,稿費收入,納稅單位(戶),綜合所得總額,平均數,中位數,第一分位數,第三分位數,標準差,變異係數,縣市,薪資收入,縣市別
105,,1.0,板橋區,,,,無年齡維度,0.0,,板橋區,留侯里,459.0,435563.0,3714.0,7245.0,338641.0,22948.0,5646.0,407.0,418.0,49698.0,12.0,3914.0,11.0,2910.0,277279.0,374201.0,448.0,,,,,,,,,,,
105,,1.0,板橋區,,,,無年齡維度,0.0,,板橋區,流芳里,471.0,430391.0,9828.0,10727.0,284638.0,20926.0,33883.0,3774.0,455.0,49993.0,0.0,12723.0,342.0,3103.0,228410.0,374163.0,1168.0,,,,,,,,,,,
105,,1.0,板橋區,,,,無年齡維度,0.0,,板橋區,赤松里,241.0,261232.0,985.0,10532.0,150107.0,18198.0,19641.0,0.0,421.0,56152.0,256.0,3957.0,0.0,982.0,122513.0,233637.0,508.0,,,,,,,,,,,
105,,1.0,板橋區,,,,無年齡維度,0.0,,板橋區,黃石里,322.0,264019.0,3760.0,7030.0,187181.0,15264.0,8083.0,173.0,303.0,32183.0,0.0,5564.0,0.0,4478.0,146772.0,223609.0,263.0,,,,,,,,,,,
105,,1.0,板橋區,,,,無年齡維度,0.0,,板橋區,挹秀里,619.0,752318.0,3793.0,14681.0,499846.0,47950.0,39330.0,2376.0,1481.0,110203.0,2368.0,13753.0,0.0,16538.0,415789.0,668261.0,513.0,,,,,,,,,,,
105,,1.0,板橋區,,,,無年齡維度,0.0,,板橋區,社後里,1851.0,1467261.0,20117.0,25282.0,1162170.0,56743.0,26790.0,1899.0,1922.0,131701.0,1902.0,31813.0,136.0,6787.0,904888.0,1209877.0,1241.0,,,,,,,,,,,
105,,1.0,板橋區,,,,無年齡維度,0.0,,板橋區,新埔里,663.0,605681.0,6850.0,12711.0,448972.0,25803.0,29424.0,438.0,701.0,69768.0,86.0,7536.0,0.0,3392.0,359377.0,516086.0,286.0,,,,,,,,,,,
105,,1.0,板橋區,,,,無年齡維度,0.0,,板橋區,江翠里,1387.0,1296964.0,12829.0,20859.0,960679.0,51274.0,42167.0,4127.0,1481.0,176320.0,5162.0,14613.0,230.0,7223.0,767466.0,1103751.0,1692.0,,,,,,,,,,,
105,,1.0,板橋區,,,,無年齡維度,0.0,,板橋區,松翠里,1032.0,896661.0,11554.0,22228.0,682183.0,37243.0,38964.0,1599.0,1591.0,90246.0,255.0,6493.0,254.0,4051.0,540341.0,754819.0,1805.0,,,,,,,,,,,
105,,1.0,板橋區,,,,無年齡維度,0.0,,板橋區,嵐翠里,669.0,494274.0,4361.0,5861.0,391869.0,17811.0,21103.0,1045.0,600.0,42607.0,0.0,6040.0,0.0,2978.0,296591.0,398996.0,438.0,,,,,,,,,,,
105,,1.0,板橋區,,,,無年齡維度,0.0,,板橋區,深丘里,2959.0,4433659.0,41571.0,104379.0,2710539.0,182977.0,148789.0,27875.0,3836.0,1087297.0,3252.0,46015.0,782.0,76346.0,2287463.0,4010730.0,5531.0,,,,,,,,,,,
105,,1.0,板橋區,,,,無年齡維度,0.0,,板橋區,埔墘里,2023.0,1844322.0,18932.0,28430.0,1507082.0,63480.0,33350.0,2654.0,3596.0,164832.0,1665.0,17075.0,552.0,2674.0,1212008.0,1548991.0,2893.0,,,,,,,,,,,
105,,1.0,板橋區,,,,無年齡維度,0.0,,板橋區,港嘴里,1857.0,1581701.0,13334.0,44174.0,1312770.0,53594.0,15079.0,2394.0,2392.0,119846.0,766.0,13770.0,8.0,3575.0,1038193.0,1307124.0,1146.0,,,,,,,,,,,
105,,1.0,板橋區,,,,無年齡維度,0.0,,板橋區,湳興里,1639.0,1411492.0,13953.0,28987.0,1147374.0,58830.0,28175.0,1465.0,1749.0,104305.0,3407.0,18263.0,682.0,4301.0,915068.0,1179040.0,2784.0,,,,,,,,,,,
105,,1.0,板橋區,,,,無年齡維度,0.0,,板橋區,鄉雲里,1229.0,1161406.0,13497.0,25319.0,863854.0,52406.0,35648.0,4599.0,1586.0,143483.0,798.0,12634.0,261.0,7322.0,692952.0,990368.0,1640.0,,,,,,,,,,,
105,,1.0,板橋區,,,,無年齡維度,0.0,,板橋區,景星里,1125.0,1047445.0,6854.0,26465.0,772935.0,51400.0,61488.0,1781.0,938.0,110476.0,348.0,12168.0,233.0,2360.0,622091.0,896551.0,2527.0,,,,,,,,,,,
105,,1.0,板橋區,,,,無年齡維度,0.0,,板橋區,廣福里,1205.0,1016967.0,26058.0,10655.0,800597.0,33375.0,31206.0,2022.0,2489.0,100857.0,752.0,7565.0,23.0,1367.0,623008.0,839376.0,965.0,,,,,,,,,,,
105,,1.0,板橋區,,,,無年齡維度,0.0,,板橋區,溪洲里,1818.0,1414227.0,15516.0,19129.0,1182171.0,50443.0,16419.0,2610.0,2301.0,109814.0,19.0,14399.0,159.0,1247.0,913094.0,1145148.0,1067.0,,,,,,,,,,,
105,,1.0,板橋區,,,,無年齡維度,0.0,,板橋區,崑崙里,2893.0,2434081.0,28975.0,32595.0,2026705.0,76406.0,50487.0,5798.0,5823.0,151880.0,882.0,49532.0,547.0,4450.0,1575765.0,1983148.0,2776.0,,,,,,,,,,,
105,,1.0,板橋區,,,,無年齡維度,0.0,,板橋區,浮洲里,1010.0,767414.0,60620.0,9365.0,577809.0,25151.0,17321.0,1430.0,1061.0,68259.0,309.0,5346.0,146.0,598.0,432646.0,622751.0,763.0,,,,,,,,,,,
105,,1.0,板橋區,,,,無年齡維度,0.0,,板橋區,中正里,1250.0,993953.0,18372.0,17071.0,821580.0,38266.0,10865.0,1054.0,980.0,75351.0,123.0,7345.0,313.0,2634.0,633094.0,805466.0,1175.0,,,,,,,,,,,
105,,1.0,板橋區,,,,無年齡維度,0.0,,板橋區,中山里,1083.0,760691.0,12624.0,9483.0,638402.0,19020.0,4999.0,1271.0,1133.0,36993.0,70.0,35636.0,0.0,1059.0,481132.0,603421.0,433.0,,,,,,,,,,,
105,,1.0,板橋區,,,,無年齡維度,0.0,,板橋區,復興里,230.0,149094.0,1024.0,523.0,133443.0,3950.0,1621.0,160.0,332.0,6964.0,0.0,1028.0,0.0,50.0,100227.0,115878.0,38.0,,,,,,,,,,,
105,,1.0,板橋區,,,,無年齡維度,0.0,,板橋區,自強里,1912.0,1822127.0,17269.0,41106.0,1336669.0,134945.0,33640.0,7529.0,2004.0,207436.0,1365.0,17194.0,1108.0,21863.0,1085053.0,1570469.0,4556.0,,,,,,,,,,,
105,,1.0,板橋區,,,,無年齡維度,0.0,,板橋區,國光里,1242.0,1321462.0,4321.0,24816.0,1026877.0,96705.0,19480.0,3102.0,1491.0,125128.0,1941.0,14032.0,411.0,3158.0,848887.0,1143467.0,2308.0,,,,,,,,,,,
105,,1.0,板橋區,,,,無年齡維度,0.0,,板橋區,新興里,925.0,764045.0,6868.0,20558.0,603142.0,40725.0,22417.0,842.0,979.0,56573.0,179.0,6099.0,0.0,5663.0,478340.0,639244.0,810.0,,,,,,,,,,,
105,,1.0,板橋區,,,,無年齡維度,0.0,,板橋區,福德里,1581.0,1467306.0,11634.0,26122.0,1164232.0,70050.0,29807.0,3786.0,1572.0,134539.0,3415.0,19319.0,224.0,2606.0,932721.0,1235794.0,2059.0,,,,,,,,,,,
105,,1.0,板橋區,,,,無年齡維度,0.0,,板橋區,和平里,1284.0,1586458.0,11953.0,20051.0,1344534.0,48533.0,14136.0,4846.0,2368.0,115154.0,521.0,21869.0,420.0,2073.0,1131514.0,1373287.0,2285.0,,,,,,,,,,,
105,,1.0,板橋區,,,,無年齡維度,0.0,,板橋區,仁愛里,962.0,773010.0,4744.0,12023.0,639286.0,34889.0,7716.0,623.0,986.0,64454.0,224.0,6800.0,168.0,1097.0,500565.0,634121.0,1074.0,,,,,,,,,,,
105,,1.0,板橋區,,,,無年齡維度,0.0,,板橋區,福星里,1153.0,1159617.0,12094.0,37031.0,844233.0,58403.0,69030.0,2451.0,1394.0,99730.0,1460.0,29521.0,108.0,4162.0,684918.0,1000291.0,2090.0,,,,,,,,,,,
105,,1.0,板橋區,,,,無年齡維度,0.0,,板橋區,公館里,1150.0,959380.0,8083.0,17045.0,776677.0,43921.0,19605.0,1144.0,734.0,73979.0,80.0,15811.0,128.0,2175.0,612814.0,795478.0,1542.0,,,,,,,,,,,
105,,1.0,板橋區,,,,無年齡維度,0.0,,板橋區,新民里,1315.0,1267901.0,19132.0,28818.0,1021301.0,62972.0,20639.0,1842.0,1870.0,94111.0,811.0,12180.0,186.0,4038.0,825022.0,1071621.0,1644.0,,,,,,,,,,,
105,,1.0,板橋區,,,,無年齡維度,0.0,,板橋區,振興里,1331.0,1011983.0,15651.0,12169.0,820704.0,37620.0,13438.0,942.0,1530.0,98673.0,2644.0,6803.0,149.0,1659.0,631590.0,822869.0,1007.0,,,,,,,,,,,
105,,1.0,板橋區,,,,無年齡維度,0.0,,板橋區,光復里,999.0,961088.0,19395.0,19937.0,761071.0,37036.0,12691.0,956.0,1646.0,90079.0,445.0,8666.0,30.0,9137.0,613813.0,813831.0,750.0,,,,,,,,,,,
105,,1.0,板橋區,,,,無年齡維度,0.0,,板橋區,香丘里,1184.0,1073690.0,7621.0,19566.0,903209.0,40547.0,14739.0,1354.0,1127.0,74655.0,856.0,7075.0,829.0,2111.0,731419.0,901899.0,2172.0,,,,,,,,,,,
105,,1.0,板橋區,,,,無年齡維度,0.0,,板橋區,雙玉里,1085.0,937083.0,6298.0,10352.0,799270.0,30082.0,7590.0,2153.0,1034.0,63412.0,3895.0,8813.0,124.0,4058.0,636060.0,773921.0,902.0,,,,,,,,,,,
105,,1.0,板橋區,,,,無年齡維度,0.0,,板橋區,福壽里,1092.0,1194278.0,13925.0,14318.0,869788.0,53528.0,23919.0,1115.0,931.0,201786.0,90.0,11941.0,1429.0,1509.0,714572.0,1038789.0,3620.0,,,,,,,,,,,
105,,1.0,板橋區,,,,無年齡維度,0.0,,板橋區,玉光里,1555.0,1331697.0,14224.0,23938.0,1105723.0,47122.0,17466.0,1938.0,2384.0,90635.0,1361.0,23255.0,775.0,2876.0,876660.0,1102635.0,2609.0,,,,,,,,,,,
105,,1.0,板橋區,,,,無年齡維度,0.0,,板橋區,港尾里,977.0,961028.0,5666.0,14008.0,726287.0,50286.0,21092.0,830.0,1272.0,129075.0,0.0,7324.0,88.0,5099.0,587852.0,822592.0,693.0,,,,,,,,,,,
105,,1.0,板橋區,,,,無年齡維度,0.0,,板橋區,民權里,822.0,716644.0,7015.0,12717.0,561445.0,43907.0,6593.0,2082.0,650.0,63058.0,7386.0,11076.0,30.0,685.0,450026.0,605221.0,928.0,,,,,,,,,,,
105,,1.0,板橋區,,,,無年齡維度,0.0,,板橋區,建國里,1030.0,755219.0,6143.0,8728.0,646683.0,28681.0,10097.0,1411.0,1029.0,41865.0,1401.0,7580.0,362.0,1240.0,504499.0,613033.0,1662.0,,,,,,,,,,,
105,,1.0,板橋區,,,,無年齡維度,0.0,,板橋區,百壽里,641.0,553739.0,9177.0,13294.0,449230.0,26578.0,12326.0,487.0,1061.0,30337.0,120.0,8193.0,0.0,2937.0,359698.0,464207.0,202.0,,,,,,,,,,,
105,,1.0,板橋區,,,,無年齡維度,0.0,,板橋區,忠誠里,1337.0,1422618.0,10276.0,18214.0,1042843.0,91886.0,26215.0,13120.0,2076.0,196085.0,778.0,14048.0,278.0,6799.0,861114.0,1240841.0,2644.0,,,,,,,,,,,
105,,1.0,板橋區,,,,無年齡維度,0.0,,板橋區,幸福里,1122.0,827751.0,6532.0,11054.0,698146.0,31312.0,14964.0,2165.0,1394.0,47801.0,52.0,11557.0,0.0,2775.0,536061.0,664285.0,606.0,,,,,,,,,,,
105,,1.0,板橋區,,,,無年齡維度,0.0,,板橋區,漢生里,1455.0,1428980.0,13349.0,38238.0,1051297.0,91540.0,44072.0,6050.0,1523.0,141940.0,840.0,17983.0,219.0,21929.0,856307.0,1233869.0,2065.0,,,,,,,,,,,
105,,1.0,板橋區,,,,無年齡維度,0.0,,板橋區,聯翠里,1258.0,1440798.0,11958.0,34733.0,1122101.0,61842.0,35116.0,2815.0,1264.0,148001.0,339.0,18757.0,428.0,3445.0,941619.0,1260190.0,3204.0,,,,,,,,,,,
105,,1.0,板橋區,,,,無年齡維度,0.0,,板橋區,宏翠里,1563.0,1334014.0,12988.0,33678.0,1133310.0,34506.0,14528.0,3812.0,1886.0,81848.0,573.0,14152.0,255.0,2479.0,904022.0,1104725.0,1969.0,,,,,,,,,,,
105,,1.0,板橋區,,,,無年齡維度,0.0,,板橋區,華翠里,1147.0,1087054.0,8903.0,20716.0,864327.0,49247.0,18673.0,2671.0,1700.0,100020.0,22.0,13009.0,1075.0,6693.0,696172.0,918899.0,2563.0,,,,,,,,,,,
105,,1.0,板橋區,,,,無年齡維度,0.0,,板橋區,福翠里,366.0,253628.0,2459.0,2897.0,224764.0,6834.0,1072.0,139.0,125.0,12933.0,21.0,1238.0,237.0,909.0,173596.0,202460.0,566.0,,,,,,,,,,,
105,,1.0,板橋區,,,,無年齡維度,0.0,,板橋區,九如里,795.0,654870.0,8624.0,14394.0,497520.0,22595.0,25891.0,866.0,765.0,76427.0,2.0,5749.0,69.0,1968.0,386485.0,543783.0,1008.0,,,,,,,,,,,
105,,1.0,板橋區,,,,無年齡維度,0.0,,板橋區,埤墘里,1238.0,1221248.0,16393.0,17836.0,974194.0,76459.0,22567.0,1276.0,1353.0,91091.0,1515.0,13833.0,0.0,4731.0,791229.0,1038283.0,698.0,,,,,,,,,,,
105,,1.0,板橋區,,,,無年齡維度,0.0,,板橋區,廣新里,915.0,681754.0,8586.0,5222.0,579026.0,23458.0,19314.0,1653.0,956.0,33103.0,0.0,5853.0,219.0,4363.0,445599.0,548327.0,644.0,,,,,,,,,,,
105,,1.0,板橋區,,,,無年齡維度,0.0,,板橋區,福丘里,1764.0,3181765.0,25261.0,88740.0,1662043.0,156926.0,209843.0,30350.0,3981.0,924372.0,4671.0,30320.0,651.0,44608.0,1427720.0,2947381.0,3865.0,,,,,,,,,,,
105,,1.0,板橋區,,,,無年齡維度,0.0,,板橋區,廣德里,2112.0,2119431.0,52622.0,33255.0,1552216.0,107143.0,53540.0,54671.0,4781.0,234709.0,2.0,19979.0,442.0,6072.0,1243687.0,1810843.0,3413.0,,,,,,,,,,,
105,,1.0,板橋區,,,,無年齡維度,0.0,,板橋區,福祿里,1212.0,1124261.0,7679.0,13610.0,898847.0,64627.0,25524.0,742.0,1351.0,88672.0,4998.0,12496.0,136.0,5580.0,719425.0,944839.0,1452.0,,,,,,,,,,,
105,,1.0,板橋區,,,,無年齡維度,0.0,,板橋區,華興里,1302.0,1188361.0,11494.0,15942.0,1000808.0,49955.0,11667.0,1808.0,1609.0,75667.0,184.0,17076.0,204.0,1946.0,805141.0,992694.0,1357.0,,,,,,,,,,,
105,,1.0,板橋區,,,,無年齡維度,0.0,,板橋區,聚安里,1425.0,1064359.0,14594.0,15034.0,902058.0,29044.0,13049.0,1351.0,1491.0,73211.0,0.0,12494.0,13.0,2020.0,692945.0,855247.0,594.0,,,,,,,,,,,
105,,1.0,板橋區,,,,無年齡維度,0.0,,板橋區,龍翠里,1662.0,1693613.0,16633.0,25172.0,1328354.0,57452.0,38844.0,5319.0,2406.0,173855.0,742.0,36839.0,669.0,7327.0,1082559.0,1447716.0,2868.0,,,,,,,,,,,
105,,1.0,板橋區,,,,無年齡維度,0.0,,板橋區,柏翠里,1278.0,1319096.0,18485.0,32066.0,962207.0,65787.0,57877.0,4641.0,1425.0,149282.0,3649.0,13616.0,955.0,9108.0,786407.0,1143296.0,2968.0,,,,,,,,,,,
105,,1.0,板橋區,,,,無年齡維度,0.0,,板橋區,文翠里,1283.0,1107935.0,7884.0,17735.0,842436.0,45717.0,30899.0,1979.0,2043.0,133322.0,173.0,11419.0,457.0,13872.0,665669.0,931160.0,2427.0,,,,,,,,,,,
105,,1.0,板橋區,,,,無年齡維度,0.0,,板橋區,青翠里,810.0,618216.0,8782.0,13967.0,519040.0,23878.0,5562.0,1150.0,917.0,39419.0,0.0,3979.0,128.0,1394.0,403141.0,502317.0,823.0,,,,,,,,,,,
105,,1.0,板橋區,,,,無年齡維度,0.0,,板橋區,香社里,1274.0,999038.0,14609.0,15520.0,833349.0,36601.0,11613.0,893.0,1302.0,72904.0,113.0,10372.0,90.0,1672.0,646672.0,812276.0,750.0,,,,,,,,,,,
105,,1.0,板橋區,,,,無年齡維度,0.0,,板橋區,大安里,1116.0,803126.0,11108.0,12568.0,655069.0,27717.0,20248.0,1003.0,1134.0,62186.0,238.0,8875.0,408.0,2572.0,496997.0,645054.0,1705.0,,,,,,,,,,,
105,,1.0,板橋區,,,,無年齡維度,0.0,,板橋區,東丘里,1321.0,1212508.0,14645.0,31781.0,950094.0,55126.0,30185.0,2283.0,1288.0,103609.0,417.0,11935.0,130.0,11013.0,758422.0,1020713.0,1594.0,,,,,,,,,,,
105,,1.0,板橋區,,,,無年齡維度,0.0,,板橋區,華德里,2256.0,2151672.0,15249.0,35387.0,1854154.0,74138.0,24134.0,3373.0,3394.0,108367.0,1064.0,26871.0,372.0,5170.0,1503921.0,1801743.0,3286.0,,,,,,,,,,,
105,,1.0,板橋區,,,,無年齡維度,0.0,,板橋區,國泰里,1123.0,1097102.0,5843.0,17758.0,917318.0,47956.0,13145.0,1053.0,1495.0,75591.0,2451.0,11492.0,1092.0,1909.0,747470.0,927254.0,2675.0,,,,,,,,,,,
105,,1.0,板橋區,,,,無年齡維度,0.0,,板橋區,光華里,938.0,838658.0,1715.0,14722.0,641013.0,52303.0,21765.0,804.0,1087.0,93590.0,2437.0,7035.0,323.0,1862.0,514956.0,713061.0,1989.0,,,,,,,,,,,
105,,1.0,板橋區,,,,無年齡維度,0.0,,板橋區,自立里,804.0,591049.0,7482.0,9255.0,488266.0,27919.0,4146.0,424.0,750.0,45548.0,0.0,6953.0,105.0,201.0,375386.0,478170.0,660.0,,,,,,,,,,,
105,,1.0,板橋區,,,,無年齡維度,0.0,,板橋區,重慶里,2659.0,2226418.0,24111.0,35184.0,1874435.0,80051.0,30197.0,3389.0,2863.0,155865.0,606.0,17651.0,78.0,1990.0,1481035.0,1833018.0,1728.0,,,,,,,,,,,
105,,1.0,板橋區,,,,無年齡維度,0.0,,板橋區,港德里,1366.0,1084441.0,13593.0,13203.0,900979.0,47122.0,19391.0,1420.0,1574.0,69333.0,1033.0,12869.0,400.0,3524.0,710098.0,893878.0,1749.0,,,,,,,,,,,
105,,1.0,板橋區,,,,無年齡維度,0.0,,板橋區,忠翠里,3484.0,4959083.0,46725.0,115398.0,3768741.0,190390.0,107731.0,13125.0,6717.0,609376.0,3406.0,64563.0,2142.0,30769.0,3233838.0,4423662.0,9230.0,,,,,,,,,,,
105,,1.0,板橋區,,,,無年齡維度,0.0,,板橋區,明翠里,1402.0,1103746.0,16264.0,24808.0,882535.0,49652.0,24584.0,3297.0,1604.0,85451.0,2557.0,9415.0,667.0,2914.0,688727.0,909895.0,3039.0,,,,,,,,,,,
105,,1.0,板橋區,,,,無年齡維度,0.0,,板橋區,滿翠里,805.0,566929.0,8222.0,8963.0,478300.0,19539.0,9794.0,385.0,854.0,35876.0,4.0,3828.0,114.0,1050.0,365852.0,454481.0,447.0,,,,,,,,,,,
105,,1.0,板橋區,,,,無年齡維度,0.0,,板橋區,新翠里,2565.0,2405586.0,20778.0,46514.0,1951652.0,92254.0,28567.0,7957.0,3347.0,222101.0,365.0,26444.0,1002.0,4606.0,1575478.0,2029332.0,4075.0,,,,,,,,,,,
105,,1.0,板橋區,,,,無年齡維度,0.0,,板橋區,溪頭里,1770.0,1574975.0,19128.0,26728.0,1280571.0,63199.0,38534.0,1999.0,2107.0,113318.0,944.0,16732.0,38.0,11677.0,1021791.0,1316672.0,1500.0,,,,,,,,,,,
105,,1.0,板橋區,,,,無年齡維度,0.0,,板橋區,華江里,2430.0,2939861.0,28907.0,57672.0,2264898.0,141865.0,69834.0,11364.0,3439.0,323572.0,1771.0,26681.0,1104.0,8755.0,1905584.0,2580382.0,6539.0,,,,,,,,,,,
105,,1.0,板橋區,,,,無年齡維度,0.0,,板橋區,海山里,2345.0,2592655.0,22296.0,60443.0,1904274.0,116332.0,59317.0,5554.0,2477.0,382632.0,5852.0,27901.0,166.0,5411.0,1559891.0,2248270.0,2366.0,,,,,,,,,,,
105,,1.0,板橋區,,,,無年齡維度,0.0,,板橋區,大豐里,1425.0,1207114.0,10301.0,20332.0,1006747.0,47618.0,14611.0,1130.0,1524.0,87035.0,836.0,11885.0,207.0,4888.0,799875.0,1000118.0,1780.0,,,,,,,,,,,
105,,1.0,板橋區,,,,無年齡維度,0.0,,板橋區,吉翠里,990.0,699792.0,12438.0,9479.0,585149.0,22276.0,16072.0,1222.0,1216.0,41586.0,394.0,8385.0,0.0,1576.0,448829.0,563472.0,318.0,,,,,,,,,,,
105,,1.0,板橋區,,,,無年齡維度,0.0,,板橋區,民族里,1471.0,1653572.0,18045.0,34118.0,1288889.0,71149.0,43286.0,17017.0,1883.0,148411.0,553.0,22449.0,153.0,7619.0,1070968.0,1435651.0,2243.0,,,,,,,,,,,
105,,1.0,板橋區,,,,無年齡維度,0.0,,板橋區,信義里,1254.0,1040342.0,14706.0,14368.0,863130.0,31295.0,16053.0,2076.0,1308.0,75840.0,0.0,16246.0,15.0,5304.0,678996.0,856206.0,525.0,,,,,,,,,,,
105,,1.0,板橋區,,,,無年齡維度,0.0,,板橋區,純翠里,1682.0,1423680.0,17438.0,32359.0,1158417.0,50847.0,24860.0,2174.0,3310.0,112967.0,625.0,16021.0,1604.0,3060.0,918846.0,1184748.0,4195.0,,,,,,,,,,,
105,,1.0,板橋區,,,,無年齡維度,0.0,,板橋區,長壽里,891.0,708898.0,5798.0,9100.0,597538.0,25775.0,11890.0,940.0,730.0,48592.0,16.0,6521.0,154.0,1844.0,471228.0,582588.0,1392.0,,,,,,,,,,,
105,,1.0,板橋區,,,,無年齡維度,0.0,,板橋區,振義里,1134.0,902913.0,21193.0,14448.0,749704.0,38320.0,6607.0,973.0,656.0,61609.0,66.0,6152.0,88.0,3096.0,583973.0,737182.0,931.0,,,,,,,,,,,
105,,1.0,板橋區,,,,無年齡維度,0.0,,板橋區,西安里,790.0,698911.0,5290.0,11397.0,542346.0,34973.0,21715.0,765.0,771.0,71931.0,286.0,6748.0,0.0,2689.0,428071.0,584637.0,389.0,,,,,,,,,,,
105,,1.0,板橋區,,,,無年齡維度,0.0,,板橋區,光仁里,906.0,693708.0,8133.0,10121.0,556219.0,34379.0,24326.0,1329.0,1428.0,47719.0,121.0,7991.0,678.0,1265.0,436400.0,573889.0,1948.0,,,,,,,,,,,
105,,1.0,板橋區,,,,無年齡維度,0.0,,板橋區,介壽里,897.0,751665.0,5991.0,14132.0,600876.0,33982.0,29664.0,769.0,1083.0,50814.0,1091.0,10072.0,752.0,2440.0,475057.0,625724.0,2190.0,,,,,,,,,,,
105,,1.0,板橋區,,,,無年齡維度,0.0,,板橋區,仁翠里,774.0,537920.0,10093.0,8870.0,456679.0,16280.0,9273.0,405.0,530.0,29999.0,29.0,4963.0,294.0,506.0,350337.0,431578.0,889.0,,,,,,,,,,,
105,,1.0,板橋區,,,,無年齡維度,0.0,,板橋區,永安里,1027.0,921015.0,7573.0,9888.0,773064.0,33833.0,9174.0,845.0,1353.0,73815.0,1173.0,8494.0,138.0,1665.0,621399.0,769297.0,1630.0,,,,,,,,,,,
105,,1.0,板橋區,,,,無年齡維度,0.0,,板橋區,懷翠里,1729.0,1393820.0,14704.0,15916.0,1197530.0,43816.0,12214.0,1393.0,1613.0,93273.0,322.0,10138.0,162.0,2738.0,941225.0,1137442.0,1379.0,,,,,,,,,,,
105,,1.0,板橋區,,,,無年齡維度,0.0,,板橋區,長安里,1414.0,1389855.0,10087.0,22585.0,1148408.0,53280.0,26537.0,3033.0,1679.0,102507.0,992.0,15682.0,204.0,4862.0,932453.0,1174207.0,1541.0,,,,,,,,,,,
105,,1.0,板橋區,,,,無年齡維度,0.0,,板橋區,德翠里,2280.0,2050906.0,26884.0,28288.0,1764846.0,64299.0,13974.0,2492.0,2333.0,123374.0,901.0,20778.0,813.0,1924.0,1413144.0,1698931.0,2869.0,,,,,,,,,,,
105,,1.0,板橋區,,,,無年齡維度,0.0,,板橋區,溪北里,1059.0,810687.0,5656.0,17704.0,661992.0,36817.0,25358.0,1320.0,1286.0,49839.0,1673.0,7172.0,0.0,1870.0,510143.0,658839.0,400.0,,,,,,,,,,,
105,,1.0,板橋區,,,,無年齡維度,0.0,,板橋區,華中里,1478.0,966077.0,18532.0,9585.0,834861.0,26158.0,9060.0,603.0,1473.0,55521.0,6.0,8347.0,134.0,1797.0,625965.0,757182.0,566.0,,,,,,,,,,,
105,,1.0,板橋區,,,,無年齡維度,0.0,,板橋區,僑中里,1178.0,818062.0,14589.0,9764.0,689719.0,27420.0,4230.0,2086.0,919.0,54300.0,6.0,14401.0,1.0,626.0,517980.0,646323.0,326.0,,,,,,,,,,,
105,,1.0,板橋區,,,,無年齡維度,0.0,,板橋區,金華里,1161.0,834912.0,10045.0,8464.0,730747.0,27133.0,4890.0,1016.0,713.0,41779.0,960.0,6437.0,221.0,2507.0,564607.0,668673.0,1135.0,,,,,,,,,,,
105,,1.0,板橋區,,,,無年齡維度,0.0,,板橋區,華貴里,770.0,590917.0,6172.0,5085.0,516675.0,23091.0,3429.0,1218.0,814.0,29618.0,0.0,3660.0,256.0,899.0,403833.0,477948.0,1066.0,,,,,,,,,,,
105,,1.0,板橋區,,,,無年齡維度,0.0,,板橋區,華東里,2534.0,3164258.0,25433.0,90031.0,2387133.0,133881.0,64982.0,19788.0,3942.0,376284.0,1943.0,45755.0,1509.0,13579.0,2020519.0,2796985.0,8293.0,,,,,,,,,,,
105,,1.0,板橋區,,,,無年齡維度,0.0,,板橋區,福安里,730.0,493474.0,9132.0,4823.0,413355.0,22357.0,4368.0,216.0,625.0,32560.0,48.0,4077.0,220.0,1692.0,311215.0,391333.0,667.0,,,,,,,,,,,
105,,1.0,板橋區,,,,無年齡維度,0.0,,板橋區,龍安里,742.0,480368.0,4456.0,7816.0,414482.0,16669.0,7193.0,264.0,485.0,23313.0,115.0,4665.0,0.0,911.0,307454.0,373340.0,391.0,,,,,,,,,,,
105,,1.0,板橋區,,,,無年齡維度,0.0,,板橋區,香雅里,785.0,591616.0,4307.0,6787.0,499201.0,24445.0,8950.0,369.0,855.0,37131.0,0.0,8279.0,115.0,1177.0,386406.0,478820.0,781.0,,,,,,,,,,,
105,,1.0,板橋區,,,,無年齡維度,0.0,,板橋區,光榮里,765.0,624836.0,4982.0,10669.0,506134.0,34220.0,5191.0,914.0,937.0,55471.0,44.0,3149.0,2538.0,587.0,401171.0,519871.0,5172.0,,,,,,,,,,,
105,,1.0,板橋區,,,,無年齡維度,0.0,,板橋區,新生里,1339.0,1007445.0,4619.0,16319.0,865553.0,40993.0,7584.0,1591.0,1204.0,58271.0,574.0,8513.0,0.0,2223.0,671003.0,812894.0,875.0,,,,,,,,,,,
105,,1.0,板橋區,,,,無年齡維度,0.0,,板橋區,民安里,666.0,567127.0,5620.0,8326.0,434200.0,34187.0,17278.0,108.0,723.0,54845.0,0.0,10827.0,762.0,251.0,346676.0,479603.0,2005.0,,,,,,,,,,,
105,,1.0,板橋區,,,,無年齡維度,0.0,,板橋區,後埔里,1269.0,1768818.0,8730.0,37152.0,1033134.0,83415.0,66675.0,3434.0,1417.0,428840.0,4661.0,80992.0,47.0,20322.0,855303.0,1591947.0,1318.0,,,,,,,,,,,
105,,1.0,板橋區,,,,無年齡維度,0.0,,板橋區,五權里,1158.0,875037.0,5472.0,10685.0,736185.0,30948.0,5337.0,6695.0,946.0,70277.0,82.0,4868.0,546.0,2996.0,567914.0,706766.0,1252.0,,,,,,,,,,,
105,,1.0,板橋區,,,,無年齡維度,0.0,,板橋區,華福里,683.0,569273.0,2390.0,13771.0,458811.0,26008.0,11558.0,840.0,670.0,44832.0,139.0,8171.0,562.0,1521.0,361688.0,471953.0,1647.0,,,,,,,,,,,
105,,1.0,板橋區,,,,無年齡維度,0.0,,板橋區,大觀里,1076.0,724299.0,5427.0,5684.0,653331.0,19935.0,3992.0,717.0,1063.0,29182.0,117.0,3898.0,377.0,576.0,491509.0,562709.0,828.0,,,,,,,,,,,
105,,1.0,板橋區,,,,無年齡維度,0.0,,板橋區,歡園里,332.0,219469.0,2121.0,2611.0,184043.0,7222.0,5420.0,671.0,578.0,16151.0,0.0,619.0,0.0,33.0,135950.0,171376.0,189.0,,,,,,,,,,,
105,,1.0,板橋區,,,,無年齡維度,0.0,,板橋區,成和里,1904.0,1631518.0,23131.0,23661.0,1405632.0,40756.0,13752.0,5451.0,3376.0,97270.0,213.0,13068.0,4354.0,854.0,1101206.0,1326966.0,7467.0,,,,,,,,,,,
105,,1.0,板橋區,,,,無年齡維度,0.0,,板橋區,溪福里,4176.0,3667182.0,31265.0,44152.0,3140176.0,100781.0,33851.0,6668.0,4885.0,261168.0,2317.0,36233.0,180.0,5506.0,2464988.0,2992187.0,1827.0,,,,,,,,,,,
105,,1.0,板橋區,,,,無年齡維度,0.0,,板橋區,堂春里,1262.0,943686.0,14734.0,18121.0,789227.0,32076.0,9265.0,862.0,1854.0,66288.0,240.0,10913.0,0.0,106.0,600029.0,754488.0,546.0,,,,,,,,,,,
105,,1.0,板橋區,,,,無年齡維度,0.0,,板橋區,文德里,981.0,899093.0,7612.0,16796.0,759088.0,35354.0,7882.0,2178.0,920.0,56875.0,1345.0,8505.0,0.0,2538.0,612309.0,752314.0,811.0,,,,,,,,,,,
105,,1.0,板橋區,,,,無年齡維度,0.0,,板橋區,陽明里,871.0,792908.0,18481.0,15067.0,601722.0,36297.0,13526.0,339.0,956.0,92387.0,5551.0,6138.0,89.0,2356.0,480660.0,671847.0,1170.0,,,,,,,,,,,
105,,1.0,板橋區,,,,無年齡維度,0.0,,板橋區,文化里,1075.0,1141673.0,10215.0,26788.0,841795.0,51187.0,29126.0,9390.0,1522.0,122441.0,18908.0,19668.0,226.0,10406.0,689290.0,989101.0,2275.0,,,,,,,,,,,
105,,1.0,板橋區,,,,無年齡維度,0.0,,板橋區,朝陽里,938.0,700904.0,8253.0,9856.0,594653.0,25573.0,5776.0,105.0,1758.0,47998.0,11.0,6420.0,0.0,502.0,460553.0,566804.0,282.0,,,,,,,,,,,
105,,1.0,板橋區,,,,無年齡維度,0.0,,板橋區,新海里,1011.0,679248.0,11627.0,10730.0,586927.0,19217.0,4584.0,419.0,852.0,37213.0,0.0,5554.0,121.0,2004.0,443847.0,536047.0,615.0,,,,,,,,,,,
105,,1.0,板橋區,,,,無年齡維度,0.0,,板橋區,松柏里,690.0,610282.0,5537.0,11415.0,499616.0,23715.0,20267.0,1273.0,489.0,39090.0,46.0,5254.0,0.0,3581.0,397707.0,508373.0,125.0,,,,,,,,,,,
105,,1.0,板橋區,,,,無年齡維度,0.0,,板橋區,莒光里,900.0,880853.0,10744.0,25268.0,662225.0,41546.0,26544.0,641.0,1745.0,91789.0,272.0,9073.0,197.0,10809.0,532472.0,751097.0,1971.0,,,,,,,,,,,
105,,1.0,板橋區,,,,無年齡維度,0.0,,板橋區,文聖里,1202.0,1050091.0,12937.0,13608.0,861978.0,39245.0,14082.0,1938.0,2051.0,74546.0,192.0,27119.0,177.0,2218.0,683211.0,871200.0,1331.0,,,,,,,,,,,
105,,1.0,板橋區,,,,無年齡維度,0.0,,板橋區,富貴里,775.0,854742.0,3165.0,14534.0,593962.0,46007.0,29451.0,1976.0,793.0,137689.0,2670.0,16291.0,186.0,8017.0,483430.0,744209.0,1009.0,,,,,,,,,,,
105,,1.0,板橋區,,,,無年齡維度,0.0,,板橋區,居仁里,1044.0,892377.0,7926.0,8729.0,739707.0,28180.0,16760.0,1759.0,1127.0,77642.0,2456.0,6849.0,0.0,1241.0,584177.0,736847.0,687.0,,,,,,,,,,,
105,,1.0,板橋區,,,,無年齡維度,0.0,,板橋區,正泰里,970.0,799727.0,7240.0,15798.0,664373.0,29430.0,12766.0,1160.0,987.0,60734.0,0.0,5762.0,207.0,1268.0,524972.0,660301.0,1029.0,,,,,,,,,,,
105,,1.0,板橋區,,,,無年齡維度,0.0,,板橋區,莊敬里,1347.0,1549806.0,13626.0,23183.0,1270921.0,64216.0,13687.0,2830.0,2054.0,136067.0,1746.0,15732.0,0.0,5744.0,1056620.0,1335506.0,840.0,,,,,,,,,,,
105,,1.0,板橋區,,,,無年齡維度,0.0,,板橋區,民生里,716.0,671834.0,5858.0,14230.0,551213.0,25756.0,6189.0,1052.0,1237.0,55216.0,132.0,9435.0,30.0,1485.0,445206.0,565827.0,1041.0,,,,,,,,,,,
105,,1.0,板橋區,,,,無年齡維度,0.0,,板橋區,東安里,693.0,567754.0,3179.0,5515.0,498595.0,18485.0,4881.0,370.0,1000.0,26731.0,997.0,6449.0,0.0,1553.0,393532.0,462692.0,243.0,,,,,,,,,,,
105,,1.0,板橋區,,,,無年齡維度,0.0,,板橋區,其他,15.0,9203.0,0.0,140.0,8369.0,361.0,0.0,0.0,1.0,319.0,0.0,12.0,0.0,0.0,6343.0,7177.0,0.0,,,,,,,,,,,
105,,1.0,板橋區,,,,無年齡維度,0.0,,板橋區,合計,158936.0,146978836.0,1606394.0,2666996.0,115882368.0,6097564.0,3077438.0,422105.0,199804.0,14434140.0,147309.0,1759572.0,44230.0,640916.0,92807893.0,123902395.0,218480.0,,,,,,,,,,,
105,,2.0,三重區,,,,無年齡維度,0.0,,三重區,二重里,449.0,288759.0,7460.0,4727.0,229210.0,10023.0,7238.0,435.0,527.0,26060.0,0.0,2087.0,0.0,991.0,168104.0,227653.0,123.0,,,,,,,,,,,
105,,2.0,三重區,,,,無年齡維度,0.0,,三重區,五谷里,614.0,479575.0,7110.0,6993.0,361618.0,18331.0,17817.0,1062.0,842.0,61001.0,297.0,3292.0,0.0,1213.0,273505.0,391463.0,263.0,,,,,,,,,,,
105,,2.0,三重區,,,,無年齡維度,0.0,,三重區,德厚里,110.0,84648.0,1026.0,754.0,58691.0,2003.0,2728.0,72.0,48.0,19089.0,0.0,103.0,0.0,136.0,42168.0,68125.0,30.0,,,,,,,,,,,
105,,2.0,三重區,,,,無年齡維度,0.0,,三重區,福祉里,1808.0,1699104.0,12121.0,34105.0,1363671.0,68546.0,39960.0,2940.0,2860.0,146628.0,1763.0,14705.0,105.0,11702.0,1098437.0,1433770.0,1717.0,,,,,,,,,,,
105,,2.0,三重區,,,,無年齡維度,0.0,,三重區,過田里,2115.0,1880926.0,15187.0,25936.0,1474082.0,85713.0,41023.0,4876.0,2177.0,202618.0,3127.0,13553.0,362.0,12273.0,1173065.0,1579695.0,3019.0,,,,,,,,,,,
105,,2.0,三重區,,,,無年齡維度,0.0,,三重區,溪美里,2333.0,1918834.0,33927.0,30706.0,1580212.0,67564.0,31379.0,3411.0,2988.0,137789.0,74.0,22033.0,0.0,8749.0,1234267.0,1572888.0,1505.0,,,,,,,,,,,
105,,2.0,三重區,,,,無年齡維度,0.0,,三重區,厚德里,1072.0,919337.0,11261.0,15915.0,767798.0,34935.0,13439.0,1234.0,1031.0,53902.0,1144.0,8873.0,0.0,9806.0,606510.0,758049.0,758.0,,,,,,,,,,,
105,,2.0,三重區,,,,無年齡維度,0.0,,三重區,慈化里,702.0,520479.0,6855.0,6625.0,436432.0,16914.0,6781.0,568.0,793.0,38592.0,227.0,4821.0,12.0,1859.0,335098.0,419133.0,220.0,,,,,,,,,,,
105,,2.0,三重區,,,,無年齡維度,0.0,,三重區,永安里,1137.0,861190.0,12829.0,8102.0,741188.0,28558.0,7836.0,505.0,1070.0,51768.0,440.0,4839.0,441.0,3614.0,575786.0,695789.0,1340.0,,,,,,,,,,,
105,,2.0,三重區,,,,無年齡維度,0.0,,三重區,六合里,1022.0,748452.0,14650.0,8596.0,617488.0,29457.0,12630.0,1713.0,775.0,53618.0,0.0,6146.0,281.0,3098.0,474482.0,605446.0,1118.0,,,,,,,,,,,
105,,2.0,三重區,,,,無年齡維度,0.0,,三重區,福利里,778.0,734961.0,10714.0,10692.0,579879.0,26743.0,8182.0,2595.0,1112.0,81687.0,0.0,9680.0,1989.0,1689.0,463520.0,618566.0,3622.0,,,,,,,,,,,
105,,2.0,三重區,,,,無年齡維度,0.0,,三重區,永興里,411.0,344237.0,3697.0,7407.0,267471.0,13267.0,13670.0,680.0,428.0,25607.0,179.0,5850.0,135.0,5847.0,210695.0,287461.0,692.0,,,,,,,,,,,
105,,2.0,三重區,,,,無年齡維度,0.0,,三重區,清和里,1299.0,1227848.0,13434.0,17711.0,979844.0,45670.0,23466.0,1855.0,2035.0,122087.0,1441.0,18027.0,416.0,1863.0,785451.0,1033450.0,1880.0,,,,,,,,,,,
105,,2.0,三重區,,,,無年齡維度,0.0,,三重區,仁德里,561.0,397913.0,3449.0,2684.0,312395.0,16024.0,10209.0,744.0,448.0,45213.0,100.0,5788.0,0.0,859.0,237437.0,322955.0,250.0,,,,,,,,,,,
105,,2.0,三重區,,,,無年齡維度,0.0,,三重區,開元里,487.0,385373.0,5715.0,5000.0,313624.0,12711.0,4186.0,2201.0,955.0,36461.0,58.0,2340.0,0.0,2123.0,248992.0,320741.0,343.0,,,,,,,,,,,
105,,2.0,三重區,,,,無年齡維度,0.0,,三重區,大德里,228.0,173778.0,1156.0,3118.0,141144.0,7349.0,3553.0,231.0,259.0,13691.0,0.0,1277.0,0.0,2000.0,110921.0,143555.0,181.0,,,,,,,,,,,
105,,2.0,三重區,,,,無年齡維度,0.0,,三重區,錦通里,414.0,258645.0,13306.0,2257.0,206784.0,9595.0,9264.0,166.0,365.0,14444.0,0.0,1335.0,0.0,1131.0,153954.0,205815.0,100.0,,,,,,,,,,,
105,,2.0,三重區,,,,無年齡維度,0.0,,三重區,光華里,592.0,497709.0,7310.0,6658.0,389621.0,22838.0,22547.0,588.0,681.0,39200.0,850.0,3513.0,0.0,3903.0,308979.0,417067.0,906.0,,,,,,,,,,,
105,,2.0,三重區,,,,無年齡維度,0.0,,三重區,光榮里,444.0,377804.0,3206.0,5561.0,288411.0,18302.0,8630.0,313.0,280.0,44762.0,700.0,2459.0,292.0,4888.0,228449.0,317842.0,860.0,,,,,,,,,,,
105,,2.0,三重區,,,,無年齡維度,0.0,,三重區,大園里,743.0,620952.0,4228.0,8626.0,509032.0,17374.0,4493.0,2288.0,951.0,50580.0,8010.0,9453.0,0.0,5919.0,397411.0,509331.0,149.0,,,,,,,,,,,
105,,2.0,三重區,,,,無年齡維度,0.0,,三重區,長生里,251.0,205086.0,4583.0,3862.0,162198.0,6890.0,4014.0,1.0,88.0,18790.0,73.0,2075.0,288.0,2224.0,127564.0,170164.0,724.0,,,,,,,,,,,
105,,2.0,三重區,,,,無年齡維度,0.0,,三重區,長安里,602.0,451928.0,7812.0,6758.0,346634.0,16253.0,19199.0,168.0,390.0,45741.0,1776.0,3554.0,0.0,3642.0,267912.0,373206.0,575.0,,,,,,,,,,,
105,,2.0,三重區,,,,無年齡維度,0.0,,三重區,同安里,348.0,215066.0,2271.0,2482.0,186891.0,6882.0,1975.0,189.0,486.0,12056.0,4.0,1439.0,44.0,347.0,137091.0,165222.0,364.0,,,,,,,,,,,
105,,2.0,三重區,,,,無年齡維度,0.0,,三重區,光明里,2324.0,2314491.0,31234.0,24881.0,1673350.0,98882.0,71815.0,4867.0,2656.0,363362.0,4496.0,20894.0,1422.0,16632.0,1345089.0,1986310.0,4570.0,,,,,,,,,,,
105,,2.0,三重區,,,,無年齡維度,0.0,,三重區,菜寮里,594.0,450468.0,6422.0,5930.0,368026.0,17216.0,11241.0,1486.0,458.0,30100.0,54.0,3677.0,85.0,5773.0,284532.0,366974.0,612.0,,,,,,,,,,,
105,,2.0,三重區,,,,無年齡維度,0.0,,三重區,大同里,634.0,517884.0,2557.0,8192.0,433625.0,19258.0,17095.0,1809.0,517.0,27896.0,0.0,3928.0,0.0,3008.0,346628.0,430887.0,399.0,,,,,,,,,,,
105,,2.0,三重區,,,,無年齡維度,0.0,,三重區,長泰里,609.0,428826.0,7476.0,1762.0,340668.0,16094.0,8958.0,274.0,492.0,46930.0,0.0,2374.0,0.0,3799.0,256110.0,344268.0,294.0,,,,,,,,,,,
105,,2.0,三重區,,,,無年齡維度,0.0,,三重區,長元里,663.0,465854.0,9533.0,6236.0,394060.0,13344.0,8850.0,629.0,750.0,28208.0,595.0,2715.0,205.0,727.0,302811.0,374605.0,829.0,,,,,,,,,,,
105,,2.0,三重區,,,,無年齡維度,0.0,,三重區,介壽里,339.0,232425.0,3331.0,1447.0,181849.0,9454.0,13145.0,124.0,310.0,19176.0,0.0,1588.0,0.0,2000.0,136854.0,187430.0,167.0,,,,,,,,,,,
105,,2.0,三重區,,,,無年齡維度,0.0,,三重區,三安里,813.0,601461.0,10619.0,8776.0,470119.0,24316.0,25299.0,2046.0,955.0,47020.0,0.0,4277.0,0.0,8034.0,363604.0,494946.0,690.0,,,,,,,,,,,
105,,2.0,三重區,,,,無年齡維度,0.0,,三重區,文化里,685.0,553060.0,4684.0,6006.0,405217.0,21498.0,46977.0,359.0,582.0,51305.0,0.0,7118.0,14.0,9300.0,316068.0,463910.0,1095.0,,,,,,,,,,,
105,,2.0,三重區,,,,無年齡維度,0.0,,三重區,正義里,570.0,499580.0,6307.0,10018.0,336544.0,25042.0,39658.0,1364.0,330.0,70683.0,0.0,1730.0,173.0,7731.0,261185.0,424221.0,468.0,,,,,,,,,,,
105,,2.0,三重區,,,,無年齡維度,0.0,,三重區,中正里,400.0,306283.0,5046.0,2913.0,236759.0,13658.0,19843.0,1640.0,282.0,23978.0,0.0,897.0,0.0,1268.0,181917.0,251440.0,61.0,,,,,,,,,,,
105,,2.0,三重區,,,,無年齡維度,0.0,,三重區,仁義里,298.0,231246.0,3381.0,3720.0,187655.0,10515.0,3401.0,782.0,277.0,15038.0,0.0,3910.0,0.0,2568.0,146101.0,189693.0,3.0,,,,,,,,,,,
105,,2.0,三重區,,,,無年齡維度,0.0,,三重區,長江里,565.0,501286.0,5172.0,7387.0,384945.0,22274.0,6889.0,545.0,620.0,65121.0,148.0,4423.0,56.0,3705.0,300765.0,417078.0,425.0,,,,,,,,,,,
105,,2.0,三重區,,,,無年齡維度,0.0,,三重區,錦江里,609.0,411493.0,4879.0,4942.0,353468.0,9871.0,4083.0,335.0,475.0,29999.0,0.0,2181.0,167.0,1090.0,265886.0,323829.0,792.0,,,,,,,,,,,
105,,2.0,三重區,,,,無年齡維度,0.0,,三重區,龍門里,510.0,371752.0,6768.0,4243.0,298959.0,14592.0,7826.0,294.0,364.0,32796.0,0.0,2551.0,147.0,3212.0,233824.0,306617.0,743.0,,,,,,,,,,,
105,,2.0,三重區,,,,無年齡維度,0.0,,三重區,大安里,437.0,301611.0,4011.0,3792.0,246275.0,11480.0,1888.0,627.0,332.0,31386.0,0.0,1238.0,0.0,582.0,185191.0,240527.0,651.0,,,,,,,,,,,
105,,2.0,三重區,,,,無年齡維度,0.0,,三重區,光正里,863.0,969808.0,12387.0,16126.0,774138.0,42279.0,17478.0,6117.0,1373.0,81595.0,0.0,11272.0,423.0,6619.0,651038.0,846707.0,2291.0,,,,,,,,,,,
105,,2.0,三重區,,,,無年齡維度,0.0,,三重區,重新里,447.0,336460.0,7126.0,4999.0,260790.0,14571.0,17801.0,359.0,339.0,24541.0,0.0,4014.0,0.0,1919.0,202768.0,278438.0,330.0,,,,,,,,,,,
105,,2.0,三重區,,,,無年齡維度,0.0,,三重區,民生里,1187.0,802491.0,8844.0,14406.0,673873.0,29176.0,10622.0,1445.0,1365.0,53106.0,0.0,4729.0,0.0,4926.0,509110.0,637729.0,372.0,,,,,,,,,,,
105,,2.0,三重區,,,,無年齡維度,0.0,,三重區,中山里,888.0,800766.0,6990.0,6349.0,585133.0,34565.0,26626.0,1850.0,1065.0,113898.0,4549.0,6908.0,0.0,12832.0,464017.0,679658.0,385.0,,,,,,,,,,,
105,,2.0,三重區,,,,無年齡維度,0.0,,三重區,國隆里,806.0,625492.0,8424.0,12157.0,530632.0,21795.0,5525.0,1150.0,698.0,35399.0,1.0,6937.0,652.0,2122.0,415849.0,510710.0,1474.0,,,,,,,,,,,
105,,2.0,三重區,,,,無年齡維度,0.0,,三重區,重陽里,1040.0,771351.0,9555.0,11568.0,642573.0,30776.0,10183.0,1387.0,811.0,56058.0,397.0,5814.0,41.0,2187.0,492345.0,621122.0,827.0,,,,,,,,,,,
105,,2.0,三重區,,,,無年齡維度,0.0,,三重區,幸福里,1340.0,1057447.0,12421.0,15051.0,766675.0,46220.0,55760.0,1982.0,984.0,147418.0,12.0,6717.0,560.0,3648.0,585388.0,876160.0,1796.0,,,,,,,,,,,
105,,2.0,三重區,,,,無年齡維度,0.0,,三重區,福安里,919.0,745160.0,10610.0,5761.0,604253.0,26599.0,15800.0,795.0,1062.0,70113.0,81.0,8072.0,0.0,2011.0,473180.0,614087.0,324.0,,,,,,,,,,,
105,,2.0,三重區,,,,無年齡維度,0.0,,三重區,信安里,610.0,499194.0,3874.0,9062.0,423529.0,14318.0,11378.0,665.0,547.0,29555.0,0.0,4112.0,0.0,2153.0,334858.0,410523.0,330.0,,,,,,,,,,,
105,,2.0,三重區,,,,無年齡維度,0.0,,三重區,安慶里,587.0,380515.0,3593.0,8789.0,315027.0,12758.0,6793.0,1763.0,588.0,27285.0,10.0,2617.0,250.0,1043.0,235783.0,301267.0,805.0,,,,,,,,,,,
105,,2.0,三重區,,,,無年齡維度,0.0,,三重區,順德里,583.0,386355.0,8924.0,9478.0,308681.0,13212.0,6235.0,966.0,458.0,33728.0,0.0,2017.0,0.0,2655.0,229327.0,307001.0,155.0,,,,,,,,,,,
105,,2.0,三重區,,,,無年齡維度,0.0,,三重區,承德里,498.0,376247.0,4964.0,4471.0,303057.0,11318.0,7420.0,246.0,553.0,35447.0,83.0,5279.0,84.0,3326.0,233991.0,307181.0,898.0,,,,,,,,,,,
105,,2.0,三重區,,,,無年齡維度,0.0,,三重區,瑞德里,599.0,433362.0,6599.0,12469.0,330745.0,16963.0,8601.0,376.0,389.0,53146.0,0.0,1980.0,0.0,2095.0,248146.0,350763.0,195.0,,,,,,,,,,,
105,,2.0,三重區,,,,無年齡維度,0.0,,三重區,崇德里,1015.0,725817.0,9764.0,9698.0,619558.0,23890.0,7455.0,779.0,793.0,42919.0,348.0,9840.0,0.0,773.0,475838.0,582096.0,509.0,,,,,,,,,,,
105,,2.0,三重區,,,,無年齡維度,0.0,,三重區,尚德里,884.0,612366.0,6159.0,7138.0,525409.0,22587.0,11042.0,1233.0,702.0,32036.0,321.0,3604.0,0.0,2134.0,399862.0,486819.0,167.0,,,,,,,,,,,
105,,2.0,三重區,,,,無年齡維度,0.0,,三重區,培德里,1105.0,1006077.0,12338.0,20800.0,709836.0,34174.0,26229.0,916.0,880.0,184476.0,0.0,9627.0,0.0,6801.0,557698.0,853940.0,604.0,,,,,,,,,,,
105,,2.0,三重區,,,,無年齡維度,0.0,,三重區,自強里,532.0,382741.0,6511.0,7214.0,297717.0,13958.0,12800.0,910.0,481.0,32796.0,952.0,2708.0,0.0,6695.0,224118.0,309141.0,197.0,,,,,,,,,,,
105,,2.0,三重區,,,,無年齡維度,0.0,,三重區,大有里,1786.0,1350032.0,23252.0,14524.0,1042522.0,55146.0,38730.0,2293.0,2377.0,154436.0,4979.0,7232.0,68.0,4473.0,783705.0,1091203.0,1324.0,,,,,,,,,,,
105,,2.0,三重區,,,,無年齡維度,0.0,,三重區,頂崁里,836.0,661095.0,17095.0,8519.0,413428.0,28846.0,51740.0,1410.0,530.0,134852.0,0.0,3754.0,0.0,920.0,296390.0,544056.0,378.0,,,,,,,,,,,
105,,2.0,三重區,,,,無年齡維度,0.0,,三重區,谷王里,279.0,221742.0,2611.0,1411.0,155851.0,10709.0,10843.0,209.0,188.0,38634.0,0.0,975.0,0.0,312.0,115780.0,181671.0,202.0,,,,,,,,,,,
105,,2.0,三重區,,,,無年齡維度,0.0,,三重區,中興里,1351.0,1089633.0,17634.0,27852.0,741881.0,44710.0,50623.0,2497.0,1323.0,189678.0,97.0,6544.0,438.0,6358.0,552771.0,900520.0,1713.0,,,,,,,,,,,
105,,2.0,三重區,,,,無年齡維度,0.0,,三重區,成功里,2003.0,1956699.0,19639.0,25310.0,1609417.0,70400.0,26298.0,5166.0,2449.0,157018.0,16.0,15685.0,328.0,24974.0,1305102.0,1652383.0,2782.0,,,,,,,,,,,
105,,2.0,三重區,,,,無年齡維度,0.0,,三重區,重明里,1059.0,1150359.0,8394.0,16248.0,825434.0,44078.0,30998.0,3225.0,768.0,193499.0,163.0,8850.0,311.0,18390.0,672325.0,997251.0,1560.0,,,,,,,,,,,
105,,2.0,三重區,,,,無年齡維度,0.0,,三重區,光田里,1441.0,1271793.0,11400.0,31294.0,981842.0,56214.0,26408.0,2458.0,1418.0,129581.0,40.0,20941.0,1441.0,8757.0,777988.0,1067687.0,3794.0,,,,,,,,,,,
105,,2.0,三重區,,,,無年齡維度,0.0,,三重區,田心里,1209.0,869735.0,18239.0,11576.0,698873.0,34187.0,16292.0,1550.0,1386.0,78122.0,76.0,7645.0,141.0,1647.0,531755.0,702617.0,622.0,,,,,,,,,,,
105,,2.0,三重區,,,,無年齡維度,0.0,,三重區,福隆里,1387.0,1120875.0,21369.0,16788.0,888342.0,42578.0,44140.0,1356.0,1607.0,94054.0,461.0,8749.0,0.0,1432.0,687304.0,919836.0,1048.0,,,,,,,,,,,
105,,2.0,三重區,,,,無年齡維度,0.0,,三重區,五常里,1175.0,825581.0,12830.0,16019.0,682327.0,27480.0,14188.0,1568.0,728.0,60839.0,52.0,7182.0,0.0,2368.0,511481.0,654759.0,300.0,,,,,,,,,,,
105,,2.0,三重區,,,,無年齡維度,0.0,,三重區,慈生里,607.0,405615.0,3743.0,7200.0,333756.0,16675.0,7548.0,308.0,292.0,28642.0,1503.0,3387.0,0.0,2560.0,251645.0,323503.0,241.0,,,,,,,,,,,
105,,2.0,三重區,,,,無年齡維度,0.0,,三重區,碧華里,2514.0,3088635.0,40523.0,39376.0,2413426.0,102495.0,64955.0,10268.0,3586.0,342142.0,3164.0,46705.0,275.0,21720.0,2035195.0,2710332.0,2375.0,,,,,,,,,,,
105,,2.0,三重區,,,,無年齡維度,0.0,,三重區,永德里,1348.0,947519.0,14001.0,14186.0,795203.0,32797.0,13153.0,1290.0,1416.0,64008.0,35.0,7382.0,79.0,3969.0,601792.0,754107.0,571.0,,,,,,,,,,,
105,,2.0,三重區,,,,無年齡維度,0.0,,三重區,永福里,1520.0,1127909.0,19853.0,21378.0,894984.0,33887.0,22758.0,773.0,984.0,114968.0,128.0,12706.0,489.0,5001.0,676401.0,909322.0,1710.0,,,,,,,,,,,
105,,2.0,三重區,,,,無年齡維度,0.0,,三重區,福星里,312.0,256843.0,2431.0,3820.0,217671.0,8539.0,5369.0,1012.0,220.0,14544.0,4.0,1876.0,250.0,1108.0,175195.0,214173.0,963.0,,,,,,,,,,,
105,,2.0,三重區,,,,無年齡維度,0.0,,三重區,錦安里,514.0,380861.0,4552.0,5754.0,313356.0,15372.0,8496.0,200.0,305.0,26139.0,361.0,4090.0,0.0,2235.0,242894.0,310399.0,291.0,,,,,,,,,,,
105,,2.0,三重區,,,,無年齡維度,0.0,,三重區,光輝里,471.0,367218.0,4141.0,4533.0,291610.0,12589.0,13384.0,269.0,365.0,32073.0,0.0,2725.0,0.0,5529.0,226566.0,302199.0,429.0,,,,,,,,,,,
105,,2.0,三重區,,,,無年齡維度,0.0,,三重區,同慶里,519.0,437370.0,3997.0,4845.0,362523.0,19059.0,9275.0,263.0,456.0,30697.0,20.0,5262.0,0.0,974.0,288677.0,363524.0,544.0,,,,,,,,,,,
105,,2.0,三重區,,,,無年齡維度,0.0,,三重區,永春里,560.0,450619.0,9337.0,5044.0,373606.0,14327.0,6753.0,3063.0,1160.0,32284.0,2181.0,2216.0,0.0,647.0,289280.0,366293.0,330.0,,,,,,,,,,,
105,,2.0,三重區,,,,無年齡維度,0.0,,三重區,中民里,362.0,242073.0,3283.0,3149.0,205532.0,8228.0,2405.0,23.0,293.0,14042.0,0.0,4578.0,0.0,539.0,155393.0,191934.0,32.0,,,,,,,,,,,
105,,2.0,三重區,,,,無年齡維度,0.0,,三重區,長福里,463.0,337145.0,4984.0,5129.0,289912.0,10387.0,3951.0,170.0,434.0,19362.0,0.0,2529.0,0.0,286.0,223769.0,271002.0,163.0,,,,,,,,,,,
105,,2.0,三重區,,,,無年齡維度,0.0,,三重區,奕壽里,530.0,397052.0,4893.0,7579.0,328240.0,12927.0,6559.0,256.0,1082.0,28677.0,142.0,4044.0,0.0,2654.0,257374.0,326186.0,130.0,,,,,,,,,,,
105,,2.0,三重區,,,,無年齡維度,0.0,,三重區,萬壽里,589.0,484560.0,2784.0,2819.0,409384.0,17393.0,4335.0,531.0,542.0,41184.0,0.0,4846.0,384.0,358.0,323541.0,398716.0,1156.0,,,,,,,,,,,
105,,2.0,三重區,,,,無年齡維度,0.0,,三重區,中央里,444.0,320005.0,3362.0,2591.0,266295.0,11703.0,12397.0,482.0,442.0,19786.0,85.0,2886.0,0.0,-23.0,203494.0,257205.0,220.0,,,,,,,,,,,
105,,2.0,三重區,,,,無年齡維度,0.0,,三重區,雙園里,286.0,274628.0,3057.0,3617.0,161705.0,7850.0,18423.0,718.0,94.0,76432.0,0.0,2462.0,0.0,271.0,124868.0,237791.0,8.0,,,,,,,,,,,
105,,2.0,三重區,,,,無年齡維度,0.0,,三重區,正安里,602.0,451070.0,16157.0,3596.0,337298.0,22296.0,25497.0,350.0,372.0,32157.0,0.0,5016.0,19.0,8311.0,255941.0,370210.0,659.0,,,,,,,,,,,
105,,2.0,三重區,,,,無年齡維度,0.0,,三重區,吉利里,419.0,299754.0,3367.0,8008.0,246405.0,8698.0,4871.0,1025.0,229.0,23109.0,1.0,1175.0,0.0,2865.0,187493.0,240842.0,207.0,,,,,,,,,,,
105,,2.0,三重區,,,,無年齡維度,0.0,,三重區,忠孝里,464.0,334427.0,5324.0,5651.0,255799.0,13603.0,9240.0,799.0,627.0,38079.0,5.0,3450.0,0.0,1849.0,192877.0,271504.0,358.0,,,,,,,,,,,
105,,2.0,三重區,,,,無年齡維度,0.0,,三重區,秀江里,361.0,284828.0,1926.0,1982.0,231420.0,11752.0,3595.0,183.0,316.0,31155.0,0.0,2336.0,0.0,164.0,181159.0,234567.0,65.0,,,,,,,,,,,
105,,2.0,三重區,,,,無年齡維度,0.0,,三重區,龍濱里,905.0,695716.0,7212.0,8873.0,578195.0,22985.0,9029.0,353.0,1075.0,61238.0,0.0,5097.0,182.0,1476.0,448051.0,565514.0,753.0,,,,,,,,,,,
105,,2.0,三重區,,,,無年齡維度,0.0,,三重區,平和里,392.0,239874.0,1678.0,2027.0,204088.0,11436.0,4454.0,761.0,337.0,10606.0,364.0,3594.0,0.0,527.0,151112.0,186897.0,32.0,,,,,,,,,,,
105,,2.0,三重區,,,,無年齡維度,0.0,,三重區,正德里,298.0,211338.0,1083.0,3613.0,167293.0,10012.0,6498.0,335.0,200.0,17953.0,0.0,2387.0,530.0,1434.0,128571.0,172616.0,1147.0,,,,,,,,,,,
105,,2.0,三重區,,,,無年齡維度,0.0,,三重區,五福里,1136.0,1058926.0,10594.0,14648.0,868396.0,34335.0,18747.0,1809.0,1299.0,97535.0,349.0,7501.0,119.0,3595.0,699316.0,889846.0,824.0,,,,,,,,,,,
105,,2.0,三重區,,,,無年齡維度,0.0,,三重區,富華里,965.0,799902.0,8994.0,13390.0,657543.0,23946.0,7739.0,2228.0,838.0,71745.0,460.0,10333.0,776.0,1911.0,514636.0,656864.0,2206.0,,,,,,,,,,,
105,,2.0,三重區,,,,無年齡維度,0.0,,三重區,田安里,1874.0,1536950.0,26916.0,16437.0,1238593.0,59584.0,24683.0,3704.0,2442.0,140165.0,1040.0,15190.0,145.0,8051.0,964548.0,1263218.0,1269.0,,,,,,,,,,,
105,,2.0,三重區,,,,無年齡維度,0.0,,三重區,慈惠里,576.0,392280.0,2439.0,5401.0,351382.0,10711.0,3417.0,240.0,454.0,14374.0,235.0,3095.0,137.0,394.0,270044.0,310897.0,415.0,,,,,,,,,,,
105,,2.0,三重區,,,,無年齡維度,0.0,,三重區,慈福里,580.0,369001.0,5078.0,5116.0,312889.0,9643.0,8580.0,111.0,419.0,22817.0,0.0,3143.0,28.0,1175.0,234774.0,290885.0,654.0,,,,,,,,,,,
105,,2.0,三重區,,,,無年齡維度,0.0,,三重區,永盛里,863.0,595360.0,5376.0,6039.0,483916.0,19747.0,27054.0,193.0,631.0,47483.0,0.0,3301.0,32.0,1590.0,362318.0,473762.0,748.0,,,,,,,,,,,
105,,2.0,三重區,,,,無年齡維度,0.0,,三重區,福民里,1005.0,757173.0,9779.0,7462.0,584414.0,35380.0,20750.0,2279.0,1080.0,85497.0,494.0,7139.0,831.0,2068.0,446378.0,619137.0,1875.0,,,,,,,,,,,
105,,2.0,三重區,,,,無年齡維度,0.0,,三重區,田中里,1939.0,1531914.0,20679.0,32110.0,1221669.0,59281.0,26497.0,3505.0,1821.0,139793.0,229.0,15411.0,348.0,10571.0,946191.0,1256436.0,1544.0,,,,,,,,,,,
105,,2.0,三重區,,,,無年齡維度,0.0,,三重區,永清里,1531.0,1149759.0,18224.0,15811.0,960220.0,37789.0,22010.0,2796.0,1358.0,74962.0,533.0,8539.0,44.0,7474.0,732416.0,921956.0,755.0,,,,,,,,,,,
105,,2.0,三重區,,,,無年齡維度,0.0,,三重區,維德里,827.0,607316.0,12196.0,5047.0,499763.0,24600.0,16483.0,801.0,819.0,42334.0,54.0,2788.0,171.0,2260.0,382712.0,490265.0,947.0,,,,,,,,,,,
105,,2.0,三重區,,,,無年齡維度,0.0,,三重區,五華里,1540.0,1489661.0,15600.0,24757.0,1204891.0,48258.0,25958.0,2591.0,1428.0,122630.0,1054.0,13484.0,1367.0,27643.0,973706.0,1258350.0,3439.0,,,,,,,,,,,
105,,2.0,三重區,,,,無年齡維度,0.0,,三重區,永煇里,670.0,449779.0,9706.0,7032.0,376894.0,11510.0,4086.0,302.0,689.0,31843.0,51.0,6786.0,0.0,880.0,280399.0,353284.0,80.0,,,,,,,,,,,
105,,2.0,三重區,,,,無年齡維度,0.0,,三重區,三民里,971.0,833210.0,14151.0,18195.0,649320.0,37238.0,18322.0,2285.0,1198.0,71775.0,2029.0,8514.0,145.0,10038.0,509748.0,693512.0,1442.0,,,,,,,,,,,
105,,2.0,三重區,,,,無年齡維度,0.0,,三重區,錦田里,645.0,821558.0,8407.0,4478.0,403632.0,38078.0,20987.0,2037.0,547.0,335255.0,1754.0,4215.0,0.0,2168.0,316135.0,734115.0,492.0,,,,,,,,,,,
105,,2.0,三重區,,,,無年齡維度,0.0,,三重區,慈祐里,1293.0,1010834.0,16932.0,16473.0,812534.0,37250.0,21529.0,1638.0,1128.0,86016.0,0.0,11802.0,0.0,5531.0,626255.0,824382.0,679.0,,,,,,,,,,,
105,,2.0,三重區,,,,無年齡維度,0.0,,三重區,六福里,1639.0,1208095.0,24959.0,19114.0,998516.0,39333.0,18527.0,1820.0,1726.0,85868.0,6631.0,8478.0,565.0,2558.0,760421.0,969879.0,1944.0,,,,,,,,,,,
105,,2.0,三重區,,,,無年齡維度,0.0,,三重區,光陽里,2112.0,1876278.0,19895.0,29378.0,1483491.0,72463.0,36622.0,3422.0,2115.0,201771.0,947.0,15007.0,764.0,10403.0,1179054.0,1571607.0,2931.0,,,,,,,,,,,
105,,2.0,三重區,,,,無年齡維度,0.0,,三重區,福田里,1130.0,861258.0,13633.0,11776.0,700495.0,37212.0,14189.0,900.0,1101.0,69997.0,553.0,8757.0,444.0,2200.0,542853.0,703615.0,1516.0,,,,,,,,,,,
105,,2.0,三重區,,,,無年齡維度,0.0,,三重區,富福里,540.0,380966.0,6053.0,5447.0,329334.0,12021.0,5316.0,311.0,595.0,16715.0,320.0,3223.0,0.0,1632.0,252852.0,304484.0,301.0,,,,,,,,,,,
105,,2.0,三重區,,,,無年齡維度,0.0,,三重區,仁忠里,804.0,532224.0,8381.0,12490.0,447508.0,13964.0,5086.0,1448.0,439.0,37634.0,0.0,4451.0,479.0,344.0,334768.0,419358.0,1107.0,,,,,,,,,,,
105,,2.0,三重區,,,,無年齡維度,0.0,,三重區,富貴里,2018.0,2447184.0,26427.0,35356.0,1859400.0,83651.0,54182.0,8063.0,3057.0,310249.0,20847.0,32466.0,778.0,12709.0,1558806.0,2146471.0,4395.0,,,,,,,,,,,
105,,2.0,三重區,,,,無年齡維度,0.0,,三重區,慈愛里,939.0,605563.0,7424.0,7244.0,521790.0,17942.0,6422.0,397.0,669.0,30868.0,4364.0,4646.0,414.0,3383.0,389617.0,473389.0,1013.0,,,,,,,,,,,
105,,2.0,三重區,,,,無年齡維度,0.0,,三重區,福德里,1231.0,1003163.0,9110.0,14466.0,759405.0,41299.0,28276.0,2047.0,4961.0,124930.0,3112.0,7431.0,0.0,8126.0,591563.0,835141.0,544.0,,,,,,,,,,,
105,,2.0,三重區,,,,無年齡維度,0.0,,三重區,永豐里,1608.0,1184727.0,20334.0,11697.0,1027862.0,30546.0,11961.0,1366.0,1707.0,63986.0,6.0,8612.0,426.0,6223.0,783227.0,940087.0,1426.0,,,,,,,,,,,
105,,2.0,三重區,,,,無年齡維度,0.0,,三重區,博愛里,1397.0,1025930.0,13268.0,15285.0,849129.0,38589.0,15128.0,1217.0,1169.0,78198.0,645.0,8169.0,750.0,4381.0,642339.0,819112.0,2214.0,,,,,,,,,,,
105,,2.0,三重區,,,,無年齡維度,0.0,,三重區,永吉里,881.0,671177.0,8769.0,10498.0,562991.0,19200.0,10595.0,1014.0,597.0,47073.0,0.0,6074.0,1076.0,3289.0,434757.0,542943.0,1924.0,,,,,,,,,,,
105,,2.0,三重區,,,,無年齡維度,0.0,,三重區,永順里,1422.0,1024285.0,12573.0,13095.0,870104.0,27250.0,13663.0,7498.0,1158.0,62541.0,22.0,13509.0,2.0,2871.0,658613.0,812794.0,688.0,,,,,,,,,,,
105,,2.0,三重區,,,,無年齡維度,0.0,,三重區,永發里,1990.0,1688134.0,32953.0,18237.0,1295142.0,65522.0,43514.0,4450.0,2054.0,198510.0,3359.0,17092.0,606.0,6695.0,1006281.0,1399710.0,2898.0,,,,,,,,,,,
105,,2.0,三重區,,,,無年齡維度,0.0,,三重區,立德里,965.0,733029.0,9025.0,7621.0,573462.0,32000.0,27407.0,573.0,1130.0,71875.0,888.0,4427.0,0.0,4620.0,437433.0,597000.0,469.0,,,,,,,,,,,
105,,2.0,三重區,,,,無年齡維度,0.0,,三重區,福樂里,1035.0,774281.0,10933.0,9743.0,602373.0,35485.0,54506.0,859.0,1434.0,45803.0,238.0,5771.0,20.0,7118.0,457011.0,628919.0,258.0,,,,,,,,,,,
105,,2.0,三重區,,,,無年齡維度,0.0,,三重區,仁華里,1256.0,970676.0,20490.0,7811.0,795034.0,35824.0,22769.0,2074.0,1700.0,74334.0,100.0,6350.0,189.0,4001.0,613635.0,789277.0,724.0,,,,,,,,,,,
105,,2.0,三重區,,,,無年齡維度,0.0,,三重區,五順里,1034.0,722682.0,7796.0,7423.0,624488.0,19524.0,7886.0,1506.0,1220.0,46739.0,0.0,4149.0,0.0,1951.0,474212.0,572406.0,584.0,,,,,,,,,,,
105,,2.0,三重區,,,,無年齡維度,0.0,,三重區,其他,8.0,4815.0,4.0,17.0,4331.0,55.0,26.0,0.0,22.0,321.0,0.0,38.0,0.0,0.0,3424.0,3906.0,0.0,,,,,,,,,,,
105,,2.0,三重區,,,,無年齡維度,0.0,,三重區,合計,107903.0,88062663.0,1205062.0,1264462.0,69945993.0,3267184.0,2075052.0,179604.0,114681.0,8559524.0,96498.0,805182.0,24236.0,525187.0,54556007.0,72671290.0,112613.0,,,,,,,,,,,
105,,3.0,中和區,,,,無年齡維度,0.0,,中和區,中原里,1843.0,1894524.0,30297.0,43524.0,1380249.0,58937.0,85516.0,11090.0,1838.0,235273.0,144.0,35772.0,213.0,11671.0,1106543.0,1620665.0,2945.0,,,,,,,,,,,
105,,3.0,中和區,,,,無年齡維度,0.0,,中和區,平河里,2991.0,2772043.0,23694.0,40614.0,2251396.0,87640.0,46154.0,6767.0,3761.0,266518.0,7830.0,26508.0,938.0,10223.0,1796754.0,2317221.0,5026.0,,,,,,,,,,,
105,,3.0,中和區,,,,無年齡維度,0.0,,中和區,力行里,2026.0,2031570.0,10505.0,30807.0,1676257.0,77600.0,27090.0,3170.0,2675.0,171404.0,3774.0,24265.0,51.0,3972.0,1372534.0,1727847.0,1970.0,,,,,,,,,,,
105,,3.0,中和區,,,,無年齡維度,0.0,,中和區,枋寮里,1159.0,1066714.0,6795.0,19498.0,837886.0,48576.0,22749.0,2218.0,1773.0,107389.0,2909.0,11040.0,9.0,5872.0,679403.0,908231.0,1550.0,,,,,,,,,,,
105,,3.0,中和區,,,,無年齡維度,0.0,,中和區,廟美里,1379.0,1092731.0,7873.0,16766.0,862657.0,48018.0,38217.0,5197.0,1450.0,94512.0,1889.0,14323.0,104.0,1724.0,669005.0,899079.0,714.0,,,,,,,,,,,
105,,3.0,中和區,,,,無年齡維度,0.0,,中和區,瓦󼍕里,1690.0,1492917.0,10728.0,26864.0,1254680.0,57434.0,19277.0,5008.0,2387.0,99655.0,998.0,10891.0,418.0,4578.0,1009810.0,1248047.0,2647.0,,,,,,,,,,,
105,,3.0,中和區,,,,無年齡維度,0.0,,中和區,積穗里,2671.0,2553976.0,24580.0,37740.0,2048897.0,87905.0,81846.0,8315.0,3762.0,210919.0,1104.0,41868.0,193.0,6846.0,1648715.0,2153729.0,2925.0,,,,,,,,,,,
105,,3.0,中和區,,,,無年齡維度,0.0,,中和區,瑞穗里,750.0,614163.0,4378.0,6259.0,508750.0,26575.0,16110.0,2214.0,749.0,40225.0,1522.0,5189.0,414.0,1775.0,399748.0,505161.0,1493.0,,,,,,,,,,,
105,,3.0,中和區,,,,無年齡維度,0.0,,中和區,灰󼍕里,186.0,144769.0,7291.0,3156.0,110821.0,4348.0,4860.0,83.0,93.0,12830.0,0.0,1236.0,0.0,51.0,84708.0,118657.0,126.0,,,,,,,,,,,
105,,3.0,中和區,,,,無年齡維度,0.0,,中和區,錦和里,1675.0,1570246.0,19834.0,20177.0,1245271.0,52765.0,31627.0,2840.0,2114.0,167434.0,989.0,15167.0,88.0,11939.0,985666.0,1310641.0,2590.0,,,,,,,,,,,
105,,3.0,中和區,,,,無年齡維度,0.0,,中和區,內南里,1500.0,1157807.0,13322.0,14077.0,939769.0,41491.0,15222.0,1918.0,1392.0,119431.0,322.0,8977.0,142.0,1743.0,722826.0,940864.0,855.0,,,,,,,,,,,
105,,3.0,中和區,,,,無年齡維度,0.0,,中和區,外南里,1409.0,1152471.0,12517.0,20814.0,972018.0,39041.0,12679.0,2738.0,1247.0,71163.0,1869.0,12187.0,656.0,5540.0,769902.0,950352.0,2433.0,,,,,,,,,,,
105,,3.0,中和區,,,,無年齡維度,0.0,,中和區,頂南里,972.0,819674.0,10084.0,11711.0,677876.0,34847.0,7056.0,1694.0,2285.0,59670.0,1036.0,10547.0,0.0,2868.0,535057.0,676871.0,359.0,,,,,,,,,,,
105,,3.0,中和區,,,,無年齡維度,0.0,,中和區,橫路里,97.0,61299.0,1102.0,735.0,45139.0,2286.0,6076.0,0.0,9.0,5537.0,0.0,290.0,0.0,124.0,31938.0,48098.0,0.0,,,,,,,,,,,
105,,3.0,中和區,,,,無年齡維度,0.0,,中和區,連和里,886.0,858484.0,7009.0,12878.0,682981.0,38018.0,23258.0,1695.0,1155.0,75414.0,0.0,12571.0,978.0,2529.0,558570.0,733601.0,2787.0,,,,,,,,,,,
105,,3.0,中和區,,,,無年齡維度,0.0,,中和區,漳和里,1176.0,1198298.0,9527.0,29627.0,884601.0,61289.0,27302.0,4591.0,1160.0,134783.0,12930.0,28982.0,454.0,3053.0,717333.0,1030990.0,2002.0,,,,,,,,,,,
105,,3.0,中和區,,,,無年齡維度,0.0,,中和區,秀山里,1416.0,1162916.0,9616.0,23026.0,966961.0,51482.0,9444.0,1298.0,1617.0,89818.0,281.0,7061.0,319.0,1992.0,766192.0,962045.0,1871.0,,,,,,,,,,,
105,,3.0,中和區,,,,無年齡維度,0.0,,中和區,員山里,2067.0,1962093.0,31570.0,25628.0,1603232.0,65563.0,40828.0,3761.0,2413.0,163861.0,483.0,15164.0,1.0,9590.0,1291717.0,1650579.0,1249.0,,,,,,,,,,,
105,,3.0,中和區,,,,無年齡維度,0.0,,中和區,安樂里,1253.0,1391776.0,5542.0,23907.0,1080546.0,88482.0,28005.0,2499.0,1729.0,128436.0,9512.0,13607.0,697.0,8815.0,904744.0,1215573.0,2794.0,,,,,,,,,,,
105,,3.0,中和區,,,,無年齡維度,0.0,,中和區,壽德里,1330.0,1204577.0,9722.0,14040.0,1016324.0,54029.0,12975.0,2703.0,1474.0,78516.0,451.0,12716.0,112.0,1515.0,814017.0,1002158.0,1331.0,,,,,,,,,,,
105,,3.0,中和區,,,,無年齡維度,0.0,,中和區,新南里,2839.0,3065417.0,17554.0,65692.0,2557589.0,137648.0,31168.0,5148.0,4582.0,198223.0,711.0,39328.0,876.0,6897.0,2121451.0,2629148.0,6047.0,,,,,,,,,,,
105,,3.0,中和區,,,,無年齡維度,0.0,,中和區,崇南里,1347.0,1203940.0,5748.0,18088.0,993977.0,53953.0,15084.0,6326.0,1395.0,74447.0,103.0,22130.0,959.0,11732.0,794457.0,1004086.0,3345.0,,,,,,,,,,,
105,,3.0,中和區,,,,無年齡維度,0.0,,中和區,東南里,1296.0,1044862.0,4933.0,15799.0,848431.0,74440.0,13797.0,2262.0,1723.0,70159.0,889.0,8693.0,643.0,3093.0,675296.0,871727.0,2793.0,,,,,,,,,,,
105,,3.0,中和區,,,,無年齡維度,0.0,,中和區,秀明里,1627.0,1594729.0,8313.0,31669.0,1220525.0,128280.0,27226.0,3572.0,1815.0,141971.0,6232.0,15063.0,692.0,9371.0,1002511.0,1376549.0,3445.0,,,,,,,,,,,
105,,3.0,中和區,,,,無年齡維度,0.0,,中和區,安平里,2147.0,2535021.0,14378.0,64491.0,1946105.0,148168.0,74317.0,4984.0,2274.0,242223.0,3773.0,22906.0,473.0,10929.0,1648329.0,2237126.0,4633.0,,,,,,,,,,,
105,,3.0,中和區,,,,無年齡維度,0.0,,中和區,景平里,1867.0,1781988.0,9981.0,32458.0,1483169.0,79378.0,19788.0,3957.0,2371.0,111981.0,1227.0,31518.0,583.0,5577.0,1218938.0,1517644.0,3158.0,,,,,,,,,,,
105,,3.0,中和區,,,,無年齡維度,0.0,,中和區,嘉穗里,898.0,668039.0,6681.0,11215.0,550798.0,24501.0,13063.0,2653.0,908.0,50299.0,387.0,4809.0,0.0,2725.0,423100.0,540341.0,631.0,,,,,,,,,,,
105,,3.0,中和區,,,,無年齡維度,0.0,,中和區,景安里,1588.0,1422637.0,11462.0,13158.0,1178045.0,64316.0,32145.0,2800.0,1777.0,103458.0,0.0,12523.0,282.0,2672.0,953039.0,1197600.0,1934.0,,,,,,,,,,,
105,,3.0,中和區,,,,無年齡維度,0.0,,中和區,連城里,2038.0,1858947.0,20581.0,23290.0,1529052.0,94936.0,26075.0,3595.0,2162.0,133958.0,1285.0,21177.0,170.0,2666.0,1234459.0,1564354.0,2376.0,,,,,,,,,,,
105,,3.0,中和區,,,,無年齡維度,0.0,,中和區,福美里,1302.0,993882.0,9492.0,12318.0,827083.0,44663.0,9526.0,422.0,1762.0,76003.0,845.0,9407.0,582.0,1778.0,639657.0,806266.0,2248.0,,,,,,,,,,,
105,,3.0,中和區,,,,無年齡維度,0.0,,中和區,安和里,1065.0,1188059.0,7599.0,14307.0,884112.0,57025.0,11522.0,53328.0,1618.0,131187.0,5564.0,18090.0,602.0,3104.0,731762.0,1035701.0,2480.0,,,,,,,,,,,
105,,3.0,中和區,,,,無年齡維度,0.0,,中和區,中安里,1644.0,1830045.0,8598.0,54446.0,1393878.0,108308.0,70760.0,2424.0,1810.0,152309.0,4056.0,18641.0,313.0,14502.0,1176203.0,1612369.0,3345.0,,,,,,,,,,,
105,,3.0,中和區,,,,無年齡維度,0.0,,中和區,泰安里,1076.0,954073.0,4547.0,13547.0,750495.0,48825.0,26529.0,1599.0,927.0,91916.0,1944.0,11129.0,232.0,2384.0,603225.0,806679.0,1672.0,,,,,,,,,,,
105,,3.0,中和區,,,,無年齡維度,0.0,,中和區,華南里,1605.0,1551241.0,19854.0,20686.0,1287578.0,59406.0,19087.0,3734.0,1505.0,112833.0,1213.0,16125.0,126.0,9095.0,1049343.0,1312465.0,2852.0,,,,,,,,,,,
105,,3.0,中和區,,,,無年齡維度,0.0,,中和區,秀峰里,1405.0,1210873.0,11994.0,27580.0,995310.0,49721.0,15746.0,1857.0,1481.0,76088.0,11.0,14263.0,290.0,16532.0,796952.0,1012514.0,1982.0,,,,,,,,,,,
105,,3.0,中和區,,,,無年齡維度,0.0,,中和區,秀水里,1093.0,816445.0,8208.0,16522.0,686207.0,37677.0,9139.0,1092.0,1194.0,46441.0,0.0,8237.0,752.0,975.0,533987.0,664110.0,2497.0,,,,,,,,,,,
105,,3.0,中和區,,,,無年齡維度,0.0,,中和區,景南里,941.0,780105.0,5509.0,13419.0,632750.0,42385.0,17000.0,1481.0,1137.0,47716.0,772.0,9761.0,211.0,7964.0,504902.0,652021.0,1394.0,,,,,,,,,,,
105,,3.0,中和區,,,,無年齡維度,0.0,,中和區,復興里,1520.0,1261767.0,7074.0,18209.0,1059915.0,63550.0,13312.0,1528.0,1510.0,75906.0,904.0,9949.0,305.0,9605.0,840234.0,1042086.0,1961.0,,,,,,,,,,,
105,,3.0,中和區,,,,無年齡維度,0.0,,中和區,和興里,1419.0,1397390.0,14481.0,16682.0,1106799.0,65338.0,26942.0,8114.0,2349.0,128761.0,373.0,23465.0,485.0,3601.0,901493.0,1192068.0,2659.0,,,,,,,,,,,
105,,3.0,中和區,,,,無年齡維度,0.0,,中和區,南山里,1798.0,1956852.0,9153.0,21976.0,1580921.0,87235.0,20246.0,2956.0,2451.0,178069.0,593.0,24155.0,140.0,28956.0,1316681.0,1692610.0,2851.0,,,,,,,,,,,
105,,3.0,中和區,,,,無年齡維度,0.0,,中和區,景新里,1059.0,877265.0,5039.0,14422.0,720283.0,43251.0,36464.0,1071.0,957.0,41735.0,2497.0,8154.0,373.0,3020.0,570410.0,727383.0,2311.0,,,,,,,,,,,
105,,3.0,中和區,,,,無年齡維度,0.0,,中和區,景福里,1825.0,1731604.0,7415.0,34680.0,1381854.0,81355.0,48261.0,4434.0,2646.0,133055.0,1992.0,20107.0,1331.0,14472.0,1128798.0,1478418.0,4505.0,,,,,,,,,,,
105,,3.0,中和區,,,,無年齡維度,0.0,,中和區,清穗里,933.0,746821.0,6371.0,16662.0,628048.0,21158.0,9333.0,643.0,751.0,55754.0,32.0,6133.0,195.0,1739.0,489919.0,608687.0,925.0,,,,,,,,,,,
105,,3.0,中和區,,,,無年齡維度,0.0,,中和區,佳和里,1454.0,1285966.0,9623.0,18915.0,1049319.0,57437.0,16286.0,1536.0,1445.0,108651.0,499.0,10971.0,2373.0,8913.0,844465.0,1081068.0,5512.0,,,,,,,,,,,
105,,3.0,中和區,,,,無年齡維度,0.0,,中和區,德穗里,1370.0,1164301.0,9504.0,13295.0,937722.0,53555.0,11561.0,1754.0,1254.0,118078.0,1489.0,14802.0,137.0,1150.0,745919.0,972498.0,843.0,,,,,,,,,,,
105,,3.0,中和區,,,,無年齡維度,0.0,,中和區,嘉新里,1173.0,889851.0,11970.0,9365.0,760099.0,31464.0,10152.0,462.0,1366.0,50238.0,1043.0,11639.0,245.0,1808.0,581808.0,711552.0,1234.0,,,,,,,,,,,
105,,3.0,中和區,,,,無年齡維度,0.0,,中和區,建和里,1031.0,888081.0,8981.0,8911.0,721872.0,44876.0,12520.0,1302.0,1183.0,73253.0,598.0,13441.0,122.0,1024.0,576201.0,742410.0,1136.0,,,,,,,,,,,
105,,3.0,中和區,,,,無年齡維度,0.0,,中和區,仁和里,1237.0,916753.0,9576.0,10308.0,772172.0,29144.0,17674.0,892.0,1632.0,63981.0,694.0,7343.0,0.0,3337.0,594026.0,738607.0,857.0,,,,,,,,,,,
105,,3.0,中和區,,,,無年齡維度,0.0,,中和區,秀景里,2061.0,2069141.0,20223.0,44985.0,1693433.0,99676.0,30005.0,3548.0,3048.0,141636.0,2003.0,24889.0,473.0,5222.0,1392210.0,1767890.0,3832.0,,,,,,,,,,,
105,,3.0,中和區,,,,無年齡維度,0.0,,中和區,中正里,1230.0,877092.0,9805.0,11637.0,751916.0,29299.0,11775.0,1250.0,1414.0,50149.0,5.0,6057.0,0.0,3785.0,576294.0,701469.0,644.0,,,,,,,,,,,
105,,3.0,中和區,,,,無年齡維度,0.0,,中和區,福善里,1401.0,1127009.0,11289.0,20530.0,923961.0,45499.0,18330.0,1476.0,1339.0,86481.0,2737.0,10285.0,0.0,5082.0,728487.0,931536.0,803.0,,,,,,,,,,,
105,,3.0,中和區,,,,無年齡維度,0.0,,中和區,福真里,1246.0,1012496.0,11482.0,18285.0,836288.0,38347.0,17185.0,2687.0,1467.0,78496.0,0.0,6815.0,162.0,1280.0,658925.0,835133.0,1521.0,,,,,,,,,,,
105,,3.0,中和區,,,,無年齡維度,0.0,,中和區,秀仁里,1065.0,1036168.0,14485.0,18339.0,833951.0,48437.0,13150.0,2209.0,1151.0,93261.0,287.0,7876.0,1378.0,1643.0,675952.0,878053.0,2944.0,,,,,,,,,,,
105,,3.0,中和區,,,,無年齡維度,0.0,,中和區,忠孝里,1424.0,1072641.0,15312.0,24468.0,893838.0,43986.0,14235.0,5516.0,1585.0,61899.0,213.0,8681.0,561.0,2346.0,687648.0,866430.0,2409.0,,,,,,,,,,,
105,,3.0,中和區,,,,無年齡維度,0.0,,中和區,民享里,773.0,575155.0,5756.0,7133.0,496096.0,20896.0,5603.0,236.0,1785.0,31122.0,0.0,5875.0,322.0,331.0,383886.0,462818.0,986.0,,,,,,,,,,,
105,,3.0,中和區,,,,無年齡維度,0.0,,中和區,民生里,1324.0,1173369.0,8211.0,15284.0,1002233.0,45458.0,12983.0,1513.0,1765.0,74419.0,131.0,9366.0,386.0,1621.0,800798.0,971873.0,1939.0,,,,,,,,,,,
105,,3.0,中和區,,,,無年齡維度,0.0,,中和區,國光里,1210.0,1024109.0,9644.0,16405.0,869915.0,36229.0,8336.0,1919.0,1111.0,66334.0,2147.0,10666.0,216.0,1187.0,690930.0,845124.0,1276.0,,,,,,,,,,,
105,,3.0,中和區,,,,無年齡維度,0.0,,中和區,福和里,1131.0,941343.0,7465.0,13217.0,752276.0,39993.0,16440.0,1526.0,1158.0,75779.0,0.0,8544.0,419.0,24526.0,593464.0,782482.0,2046.0,,,,,,,,,,,
105,,3.0,中和區,,,,無年齡維度,0.0,,中和區,秀成里,1187.0,1073071.0,9895.0,26351.0,869887.0,48993.0,10978.0,954.0,1143.0,87408.0,154.0,8976.0,116.0,8218.0,698138.0,901280.0,2009.0,,,,,,,,,,,
105,,3.0,中和區,,,,無年齡維度,0.0,,中和區,秀福里,1605.0,1507943.0,11094.0,26818.0,1201451.0,69324.0,25818.0,2530.0,1945.0,141143.0,2957.0,19847.0,942.0,4073.0,975653.0,1282032.0,3413.0,,,,,,,,,,,
105,,3.0,中和區,,,,無年齡維度,0.0,,中和區,華新里,2272.0,1889623.0,18942.0,24792.0,1657955.0,58858.0,19472.0,5286.0,2676.0,77094.0,398.0,20475.0,1505.0,2172.0,1308702.0,1539235.0,4605.0,,,,,,,,,,,
105,,3.0,中和區,,,,無年齡維度,0.0,,中和區,壽南里,659.0,551641.0,6896.0,9316.0,446199.0,23949.0,10682.0,280.0,421.0,47140.0,364.0,4702.0,85.0,1608.0,352440.0,457882.0,971.0,,,,,,,,,,,
105,,3.0,中和區,,,,無年齡維度,0.0,,中和區,文元里,1653.0,1197189.0,12230.0,10236.0,1020672.0,49304.0,14038.0,1598.0,1470.0,75550.0,73.0,9686.0,117.0,2214.0,780315.0,956831.0,1501.0,,,,,,,,,,,
105,,3.0,中和區,,,,無年齡維度,0.0,,中和區,明德里,1123.0,849018.0,9917.0,10405.0,730434.0,28547.0,6546.0,738.0,1262.0,50064.0,0.0,9801.0,218.0,1085.0,563486.0,682608.0,851.0,,,,,,,,,,,
105,,3.0,中和區,,,,無年齡維度,0.0,,中和區,信和里,1132.0,901588.0,4571.0,19413.0,760982.0,34422.0,13507.0,1463.0,1360.0,52908.0,548.0,9489.0,47.0,2878.0,596048.0,736654.0,970.0,,,,,,,,,,,
105,,3.0,中和區,,,,無年齡維度,0.0,,中和區,福祥里,1494.0,1251718.0,22614.0,18071.0,1015483.0,45586.0,28071.0,2926.0,1356.0,99004.0,479.0,13969.0,651.0,3508.0,801925.0,1038158.0,2629.0,,,,,,,,,,,
105,,3.0,中和區,,,,無年齡維度,0.0,,中和區,景文里,1111.0,1105551.0,7310.0,13359.0,913526.0,46344.0,23429.0,3142.0,1222.0,71703.0,121.0,14837.0,84.0,10472.0,751665.0,943605.0,1442.0,,,,,,,,,,,
105,,3.0,中和區,,,,無年齡維度,0.0,,中和區,錦昌里,673.0,774124.0,4899.0,15962.0,615141.0,29725.0,10792.0,928.0,683.0,59950.0,17.0,34740.0,262.0,1025.0,512242.0,671225.0,2078.0,,,,,,,,,,,
105,,3.0,中和區,,,,無年齡維度,0.0,,中和區,民安里,1454.0,1140747.0,8471.0,13421.0,965831.0,41123.0,26795.0,1622.0,1261.0,59999.0,8439.0,11011.0,137.0,2637.0,748438.0,923354.0,1316.0,,,,,,,,,,,
105,,3.0,中和區,,,,無年齡維度,0.0,,中和區,安穗里,1392.0,1158964.0,11884.0,18464.0,977119.0,35866.0,15169.0,1699.0,1936.0,76705.0,19.0,19200.0,293.0,609.0,767901.0,949746.0,1633.0,,,,,,,,,,,
105,,3.0,中和區,,,,無年齡維度,0.0,,中和區,明穗里,1522.0,1316968.0,7935.0,22928.0,1110057.0,49867.0,13692.0,1513.0,1699.0,88680.0,1539.0,13882.0,11.0,5166.0,884472.0,1091383.0,1362.0,,,,,,,,,,,
105,,3.0,中和區,,,,無年齡維度,0.0,,中和區,自強里,1522.0,1151304.0,14297.0,8172.0,993745.0,39734.0,7510.0,1089.0,2504.0,71391.0,1378.0,9498.0,364.0,1622.0,766861.0,924415.0,1858.0,,,,,,,,,,,
105,,3.0,中和區,,,,無年齡維度,0.0,,中和區,正行里,994.0,929465.0,7190.0,8428.0,788978.0,32098.0,7345.0,1409.0,1156.0,68345.0,274.0,13474.0,46.0,721.0,636989.0,777475.0,978.0,,,,,,,,,,,
105,,3.0,中和區,,,,無年齡維度,0.0,,中和區,德行里,2312.0,2606725.0,15326.0,61509.0,2128274.0,98578.0,34073.0,6560.0,3765.0,215723.0,3143.0,26007.0,3119.0,10649.0,1775455.0,2253494.0,9395.0,,,,,,,,,,,
105,,3.0,中和區,,,,無年齡維度,0.0,,中和區,安順里,1490.0,1439767.0,9495.0,27928.0,1172469.0,73153.0,24196.0,1251.0,1053.0,111663.0,276.0,13544.0,644.0,4095.0,963386.0,1230562.0,3063.0,,,,,,,,,,,
105,,3.0,中和區,,,,無年齡維度,0.0,,中和區,宜安里,636.0,588710.0,3920.0,5567.0,467899.0,35137.0,13564.0,773.0,817.0,52869.0,1904.0,5098.0,84.0,1077.0,381176.0,501933.0,781.0,,,,,,,,,,,
105,,3.0,中和區,,,,無年齡維度,0.0,,中和區,秀義里,826.0,743494.0,4226.0,14092.0,603628.0,37255.0,14059.0,852.0,854.0,59572.0,466.0,4027.0,96.0,4367.0,480611.0,620476.0,1058.0,,,,,,,,,,,
105,,3.0,中和區,,,,無年齡維度,0.0,,中和區,秀士里,707.0,633819.0,3794.0,11085.0,525857.0,31024.0,6030.0,1989.0,873.0,43533.0,2040.0,5821.0,437.0,1337.0,422387.0,530350.0,1463.0,,,,,,,,,,,
105,,3.0,中和區,,,,無年齡維度,0.0,,中和區,興南里,908.0,713951.0,11077.0,8634.0,571824.0,33252.0,33301.0,1614.0,885.0,42029.0,948.0,8329.0,806.0,1252.0,452263.0,594390.0,2144.0,,,,,,,,,,,
105,,3.0,中和區,,,,無年齡維度,0.0,,中和區,景本里,601.0,479518.0,3070.0,10478.0,381562.0,29273.0,12558.0,538.0,909.0,33856.0,281.0,5580.0,693.0,720.0,300556.0,398381.0,2283.0,,,,,,,,,,,
105,,3.0,中和區,,,,無年齡維度,0.0,,中和區,中興里,2291.0,2406807.0,20228.0,55968.0,1990562.0,102638.0,31761.0,7314.0,3952.0,141243.0,4208.0,33377.0,1279.0,14278.0,1639318.0,2054251.0,5431.0,,,,,,,,,,,
105,,3.0,中和區,,,,無年齡維度,0.0,,中和區,吉興里,1045.0,1029920.0,12510.0,14202.0,864427.0,45970.0,12449.0,1504.0,1458.0,65550.0,502.0,9585.0,155.0,1607.0,710597.0,876090.0,1549.0,,,,,,,,,,,
105,,3.0,中和區,,,,無年齡維度,0.0,,中和區,福南里,1284.0,1060157.0,11236.0,38959.0,889174.0,40665.0,8123.0,1719.0,877.0,49424.0,327.0,14963.0,612.0,4078.0,698752.0,869713.0,1722.0,,,,,,,,,,,
105,,3.0,中和區,,,,無年齡維度,0.0,,中和區,正南里,972.0,677424.0,6375.0,10297.0,577585.0,28624.0,10077.0,777.0,708.0,35399.0,102.0,5911.0,84.0,1486.0,438773.0,538613.0,669.0,,,,,,,,,,,
105,,3.0,中和區,,,,無年齡維度,0.0,,中和區,錦盛里,1148.0,818489.0,6012.0,9004.0,715925.0,27958.0,3783.0,1197.0,1217.0,46837.0,0.0,5021.0,0.0,1534.0,547687.0,650252.0,493.0,,,,,,,,,,,
105,,3.0,中和區,,,,無年齡維度,0.0,,中和區,中山里,861.0,745852.0,8554.0,19833.0,594503.0,26663.0,22268.0,5901.0,1927.0,57138.0,1629.0,4138.0,4.0,3295.0,468235.0,619584.0,891.0,,,,,,,,,,,
105,,3.0,中和區,,,,無年齡維度,0.0,,中和區,冠穗里,1093.0,947916.0,7321.0,15254.0,790795.0,35469.0,12366.0,1907.0,1098.0,75240.0,1071.0,6474.0,0.0,920.0,632865.0,789986.0,545.0,,,,,,,,,,,
105,,3.0,中和區,,,,無年齡維度,0.0,,中和區,嘉慶里,1209.0,945539.0,10894.0,9835.0,799798.0,29452.0,19954.0,639.0,1332.0,61509.0,47.0,9172.0,118.0,2789.0,615307.0,761048.0,1176.0,,,,,,,,,,,
105,,3.0,中和區,,,,無年齡維度,0.0,,中和區,錦中里,1179.0,952487.0,14057.0,11409.0,786249.0,37272.0,20366.0,3513.0,1808.0,66792.0,1074.0,7047.0,19.0,2881.0,614790.0,781009.0,1127.0,,,,,,,,,,,
105,,3.0,中和區,,,,無年齡維度,0.0,,中和區,員富里,1013.0,759921.0,8775.0,8243.0,652080.0,19931.0,11977.0,1271.0,976.0,49233.0,0.0,6366.0,76.0,995.0,498468.0,606234.0,765.0,,,,,,,,,,,
105,,3.0,中和區,,,,無年齡維度,0.0,,中和區,民有里,844.0,639991.0,3532.0,7798.0,540192.0,24268.0,8854.0,1208.0,1159.0,45534.0,0.0,5745.0,91.0,1610.0,419608.0,519316.0,691.0,,,,,,,,,,,
105,,3.0,中和區,,,,無年齡維度,0.0,,中和區,碧河里,1328.0,1268939.0,10457.0,11921.0,1032944.0,43455.0,25565.0,9163.0,1277.0,111682.0,114.0,20142.0,15.0,2202.0,832325.0,1066903.0,717.0,,,,,,,,,,,
105,,3.0,中和區,,,,無年齡維度,0.0,,中和區,國華里,981.0,801353.0,9923.0,6922.0,697198.0,26637.0,3913.0,1011.0,1449.0,45431.0,397.0,7804.0,0.0,668.0,548567.0,652722.0,882.0,,,,,,,,,,,
105,,3.0,中和區,,,,無年齡維度,0.0,,中和區,其他,13.0,9301.0,243.0,514.0,7901.0,81.0,14.0,85.0,26.0,402.0,0.0,36.0,0.0,0.0,6296.0,7697.0,0.0,,,,,,,,,,,
105,,3.0,中和區,,,,無年齡維度,0.0,,中和區,合計,124472.0,111797523.0,983450.0,1849825.0,91442633.0,4766633.0,1922152.0,295570.0,149409.0,8518799.0,130587.0,1259149.0,36405.0,442912.0,73344040.0,93690195.0,192158.0,,,,,,,,,,,
105,,4.0,永和區,,,,無年齡維度,0.0,,永和區,下溪里,1232.0,1224909.0,15772.0,17118.0,978746.0,49859.0,20955.0,2153.0,1795.0,105707.0,4193.0,17845.0,1735.0,9030.0,798915.0,1044641.0,4655.0,,,,,,,,,,,
105,,4.0,永和區,,,,無年齡維度,0.0,,永和區,中溪里,1652.0,1612580.0,8406.0,37288.0,1273396.0,89416.0,31924.0,2635.0,1773.0,139364.0,3186.0,14952.0,435.0,9805.0,1040508.0,1379568.0,2976.0,,,,,,,,,,,
105,,4.0,永和區,,,,無年齡維度,0.0,,永和區,上溪里,655.0,632761.0,6109.0,6054.0,487277.0,31294.0,25672.0,1188.0,559.0,60456.0,2205.0,9664.0,160.0,2122.0,400086.0,545569.0,1262.0,,,,,,,,,,,
105,,4.0,永和區,,,,無年齡維度,0.0,,永和區,後溪里,638.0,686182.0,5100.0,13759.0,500955.0,36228.0,28745.0,2174.0,799.0,90287.0,971.0,3575.0,351.0,3237.0,412770.0,597996.0,1843.0,,,,,,,,,,,
105,,4.0,永和區,,,,無年齡維度,0.0,,永和區,頂溪里,857.0,903859.0,6092.0,12578.0,698418.0,49954.0,12109.0,1408.0,884.0,89270.0,5008.0,11489.0,333.0,16315.0,577662.0,783103.0,1716.0,,,,,,,,,,,
105,,4.0,永和區,,,,無年齡維度,0.0,,永和區,網溪里,353.0,340710.0,1891.0,6633.0,270344.0,20452.0,4459.0,266.0,258.0,31887.0,109.0,2353.0,350.0,1709.0,220524.0,290865.0,1419.0,,,,,,,,,,,
105,,4.0,永和區,,,,無年齡維度,0.0,,永和區,復興里,792.0,739970.0,5111.0,9490.0,584000.0,42652.0,15018.0,369.0,637.0,68500.0,774.0,9439.0,377.0,3602.0,481963.0,637775.0,2620.0,,,,,,,,,,,
105,,4.0,永和區,,,,無年齡維度,0.0,,永和區,竹林里,1217.0,1149157.0,5762.0,18955.0,905233.0,67736.0,23408.0,2923.0,1153.0,95078.0,4067.0,13829.0,101.0,10912.0,733105.0,977022.0,1482.0,,,,,,,,,,,
105,,4.0,永和區,,,,無年齡維度,0.0,,永和區,中興里,912.0,923417.0,11349.0,24432.0,666291.0,55584.0,30823.0,4136.0,913.0,101174.0,1240.0,9083.0,230.0,18161.0,552529.0,809448.0,1693.0,,,,,,,,,,,
105,,4.0,永和區,,,,無年齡維度,0.0,,永和區,店街里,1441.0,1657766.0,9569.0,29932.0,1214434.0,99236.0,52317.0,5862.0,3727.0,205981.0,1232.0,17991.0,1312.0,16176.0,1017130.0,1460092.0,6703.0,,,,,,,,,,,
105,,4.0,永和區,,,,無年齡維度,0.0,,永和區,潭墘里,1509.0,1748460.0,8207.0,27196.0,1326766.0,99071.0,26118.0,3752.0,1971.0,217232.0,920.0,24859.0,206.0,12165.0,1115526.0,1537881.0,3172.0,,,,,,,,,,,
105,,4.0,永和區,,,,無年齡維度,0.0,,永和區,水源里,1312.0,1278427.0,4828.0,18910.0,1015708.0,75278.0,21601.0,3117.0,1329.0,113181.0,1046.0,10600.0,919.0,11912.0,830782.0,1093503.0,4325.0,,,,,,,,,,,
105,,4.0,永和區,,,,無年齡維度,0.0,,永和區,秀朗里,1226.0,1063085.0,5140.0,15443.0,874344.0,47667.0,13892.0,711.0,1496.0,92413.0,1200.0,9323.0,416.0,1040.0,700773.0,889507.0,1752.0,,,,,,,,,,,
105,,4.0,永和區,,,,無年齡維度,0.0,,永和區,大同里,246.0,171943.0,143.0,1442.0,141751.0,6358.0,408.0,172.0,200.0,9197.0,648.0,11193.0,0.0,429.0,108433.0,138625.0,7.0,,,,,,,,,,,
105,,4.0,永和區,,,,無年齡維度,0.0,,永和區,永成里,245.0,173524.0,1532.0,3851.0,142756.0,6497.0,3675.0,63.0,1262.0,10980.0,1327.0,1069.0,324.0,189.0,110885.0,141652.0,771.0,,,,,,,,,,,
105,,4.0,永和區,,,,無年齡維度,0.0,,永和區,福和里,1884.0,2114613.0,9003.0,32079.0,1617544.0,131645.0,54290.0,4928.0,2499.0,214027.0,2164.0,20146.0,864.0,25425.0,1364462.0,1861426.0,5072.0,,,,,,,,,,,
105,,4.0,永和區,,,,無年齡維度,0.0,,永和區,豫溪里,1195.0,1164097.0,4585.0,19265.0,904497.0,69451.0,42629.0,3191.0,1032.0,98920.0,7005.0,11020.0,513.0,1989.0,748741.0,1008306.0,3735.0,,,,,,,,,,,
105,,4.0,永和區,,,,無年齡維度,0.0,,永和區,上林里,1099.0,1127678.0,8994.0,15617.0,882940.0,63421.0,15092.0,1385.0,1198.0,112488.0,5899.0,9921.0,710.0,10015.0,734561.0,979300.0,3375.0,,,,,,,,,,,
105,,4.0,永和區,,,,無年齡維度,0.0,,永和區,新󿾴里,724.0,700275.0,3926.0,11810.0,546819.0,39084.0,15218.0,737.0,559.0,56718.0,12876.0,10898.0,0.0,1628.0,446555.0,600011.0,493.0,,,,,,,,,,,
105,,4.0,永和區,,,,無年齡維度,0.0,,永和區,和平里,1617.0,1653611.0,10134.0,27324.0,1275486.0,90411.0,55799.0,4761.0,1838.0,155225.0,1502.0,17135.0,584.0,13411.0,1057760.0,1435751.0,3379.0,,,,,,,,,,,
105,,4.0,永和區,,,,無年齡維度,0.0,,永和區,仁愛里,907.0,885763.0,4735.0,19895.0,665854.0,54324.0,28244.0,1654.0,982.0,85148.0,6266.0,11689.0,271.0,6701.0,545929.0,765654.0,2317.0,,,,,,,,,,,
105,,4.0,永和區,,,,無年齡維度,0.0,,永和區,前溪里,675.0,682305.0,3293.0,18004.0,505829.0,35357.0,28799.0,1919.0,623.0,75296.0,0.0,7718.0,109.0,5359.0,418827.0,595303.0,705.0,,,,,,,,,,,
105,,4.0,永和區,,,,無年齡維度,0.0,,永和區,永興里,980.0,928854.0,9148.0,14323.0,671930.0,62791.0,25879.0,1158.0,1297.0,127230.0,5436.0,4982.0,298.0,4382.0,542132.0,799026.0,2182.0,,,,,,,,,,,
105,,4.0,永和區,,,,無年齡維度,0.0,,永和區,永安里,1418.0,1687942.0,7880.0,37922.0,1314229.0,90155.0,24568.0,2501.0,1911.0,164926.0,13125.0,15206.0,220.0,15300.0,1115881.0,1489594.0,3143.0,,,,,,,,,,,
105,,4.0,永和區,,,,無年齡維度,0.0,,永和區,雙和里,1331.0,1345891.0,9827.0,30394.0,1067885.0,75180.0,36090.0,2656.0,1196.0,107222.0,3564.0,8457.0,807.0,2611.0,882320.0,1160432.0,4223.0,,,,,,,,,,,
105,,4.0,永和區,,,,無年齡維度,0.0,,永和區,得和里,1492.0,1635819.0,8379.0,45012.0,1230081.0,108658.0,22668.0,2910.0,1333.0,183274.0,1959.0,16982.0,432.0,14130.0,1024258.0,1429708.0,3164.0,,,,,,,,,,,
105,,4.0,永和區,,,,無年齡維度,0.0,,永和區,大新里,900.0,917519.0,4578.0,30645.0,678009.0,60477.0,34582.0,3210.0,1218.0,88580.0,308.0,7408.0,365.0,8139.0,560454.0,799964.0,2259.0,,,,,,,,,,,
105,,4.0,永和區,,,,無年齡維度,0.0,,永和區,桂林里,1169.0,1138537.0,4780.0,16979.0,911939.0,69741.0,17435.0,6166.0,1276.0,94966.0,928.0,10760.0,451.0,3116.0,751280.0,977856.0,2888.0,,,,,,,,,,,
105,,4.0,永和區,,,,無年齡維度,0.0,,永和區,勵行里,390.0,352945.0,6736.0,5439.0,257213.0,17491.0,27099.0,997.0,272.0,31408.0,0.0,3647.0,464.0,2180.0,208278.0,303912.0,1010.0,,,,,,,,,,,
105,,4.0,永和區,,,,無年齡維度,0.0,,永和區,光復里,566.0,512336.0,1816.0,5363.0,408997.0,30063.0,8518.0,1036.0,697.0,41035.0,0.0,12769.0,225.0,1817.0,334402.0,437732.0,1632.0,,,,,,,,,,,
105,,4.0,永和區,,,,無年齡維度,0.0,,永和區,光明里,1026.0,1041459.0,3795.0,24799.0,788551.0,60417.0,37262.0,6204.0,876.0,96346.0,131.0,12165.0,277.0,10636.0,651271.0,903927.0,2305.0,,,,,,,,,,,
105,,4.0,永和區,,,,無年齡維度,0.0,,永和區,信義里,963.0,1030363.0,4764.0,15392.0,755387.0,55980.0,28992.0,1514.0,1137.0,144594.0,1128.0,17982.0,59.0,3434.0,624133.0,899109.0,1189.0,,,,,,,,,,,
105,,4.0,永和區,,,,無年齡維度,0.0,,永和區,正興里,795.0,785588.0,3313.0,18165.0,572476.0,42987.0,46199.0,2085.0,675.0,77409.0,2269.0,13069.0,4.0,6937.0,468535.0,681646.0,1453.0,,,,,,,,,,,
105,,4.0,永和區,,,,無年齡維度,0.0,,永和區,忠義里,188.0,146885.0,298.0,1929.0,129199.0,4269.0,2132.0,109.0,134.0,7865.0,0.0,858.0,0.0,92.0,100811.0,118496.0,34.0,,,,,,,,,,,
105,,4.0,永和區,,,,無年齡維度,0.0,,永和區,新生里,214.0,176442.0,2595.0,2217.0,133453.0,5777.0,1467.0,90.0,167.0,15746.0,0.0,14832.0,0.0,98.0,103086.0,146075.0,111.0,,,,,,,,,,,
105,,4.0,永和區,,,,無年齡維度,0.0,,永和區,河堤里,1099.0,1294365.0,7505.0,25454.0,1029017.0,66575.0,18517.0,5712.0,3254.0,108109.0,2147.0,14255.0,1486.0,12336.0,866212.0,1131531.0,4127.0,,,,,,,,,,,
105,,4.0,永和區,,,,無年齡維度,0.0,,永和區,民治里,937.0,860797.0,9348.0,11859.0,661154.0,48529.0,37025.0,1651.0,999.0,81500.0,0.0,6362.0,69.0,2301.0,536478.0,736096.0,1198.0,,,,,,,,,,,
105,,4.0,永和區,,,,無年齡維度,0.0,,永和區,智光里,984.0,751677.0,7082.0,15331.0,605487.0,35243.0,17125.0,2853.0,981.0,57630.0,1385.0,6746.0,298.0,1516.0,476479.0,622664.0,2122.0,,,,,,,,,,,
105,,4.0,永和區,,,,無年齡維度,0.0,,永和區,秀和里,1675.0,1875518.0,12023.0,41531.0,1475725.0,99640.0,42773.0,3080.0,2179.0,151079.0,5098.0,23344.0,403.0,18641.0,1237492.0,1637281.0,2905.0,,,,,,,,,,,
105,,4.0,永和區,,,,無年齡維度,0.0,,永和區,潭安里,1571.0,1563747.0,18047.0,23117.0,1213167.0,85778.0,30930.0,2311.0,1771.0,132169.0,7884.0,15482.0,892.0,32199.0,993809.0,1344257.0,4348.0,,,,,,,,,,,
105,,4.0,永和區,,,,無年齡維度,0.0,,永和區,永貞里,1128.0,1101178.0,4255.0,18648.0,813593.0,71359.0,28721.0,936.0,1001.0,140737.0,1396.0,11625.0,851.0,8056.0,663286.0,950607.0,3853.0,,,,,,,,,,,
105,,4.0,永和區,,,,無年齡維度,0.0,,永和區,福林里,1060.0,970989.0,4861.0,20376.0,758597.0,62270.0,24067.0,1037.0,1322.0,85970.0,1768.0,5459.0,1267.0,3996.0,619465.0,831751.0,3364.0,,,,,,,,,,,
105,,4.0,永和區,,,,無年齡維度,0.0,,永和區,安和里,1333.0,1350710.0,9181.0,26675.0,1022465.0,80891.0,49195.0,5986.0,2205.0,114311.0,1090.0,22680.0,860.0,15171.0,842297.0,1170280.0,3529.0,,,,,,,,,,,
105,,4.0,永和區,,,,無年齡維度,0.0,,永和區,文化里,868.0,843810.0,8265.0,9261.0,684839.0,41441.0,15367.0,2848.0,680.0,62684.0,1041.0,7055.0,1035.0,9293.0,559337.0,718278.0,3589.0,,,,,,,,,,,
105,,4.0,永和區,,,,無年齡維度,0.0,,永和區,民權里,1470.0,1558288.0,6258.0,22871.0,1218037.0,81925.0,30821.0,2606.0,2211.0,175760.0,1748.0,11224.0,431.0,4396.0,1005669.0,1345818.0,2648.0,,,,,,,,,,,
105,,4.0,永和區,,,,無年齡維度,0.0,,永和區,民生里,1198.0,1085618.0,8330.0,16716.0,857885.0,56071.0,22173.0,1963.0,1580.0,104636.0,865.0,13984.0,157.0,1259.0,691103.0,918836.0,1167.0,,,,,,,,,,,
105,,4.0,永和區,,,,無年齡維度,0.0,,永和區,永福里,927.0,976806.0,5702.0,18752.0,773498.0,54329.0,16291.0,1245.0,1517.0,86616.0,2113.0,6203.0,180.0,10359.0,645658.0,848966.0,1285.0,,,,,,,,,,,
105,,4.0,永和區,,,,無年齡維度,0.0,,永和區,河濱里,1026.0,1087713.0,4131.0,21098.0,882108.0,54928.0,19444.0,513.0,1585.0,83397.0,927.0,17417.0,190.0,1975.0,739408.0,945012.0,1550.0,,,,,,,,,,,
105,,4.0,永和區,,,,無年齡維度,0.0,,永和區,永元里,1565.0,1492595.0,12438.0,22124.0,1185052.0,78396.0,40036.0,12835.0,1926.0,117262.0,5007.0,12681.0,378.0,4459.0,962155.0,1269523.0,2534.0,,,,,,,,,,,
105,,4.0,永和區,,,,無年齡維度,0.0,,永和區,秀成里,894.0,793855.0,3884.0,11571.0,640823.0,44273.0,12323.0,1770.0,1655.0,70411.0,768.0,4084.0,849.0,1444.0,514020.0,666926.0,2559.0,,,,,,,,,,,
105,,4.0,永和區,,,,無年齡維度,0.0,,永和區,秀林里,1155.0,1025395.0,4006.0,18631.0,843433.0,52219.0,11162.0,2123.0,1417.0,79601.0,293.0,10017.0,360.0,2134.0,682689.0,864651.0,1893.0,,,,,,,,,,,
105,,4.0,永和區,,,,無年齡維度,0.0,,永和區,秀得里,876.0,803961.0,7353.0,23141.0,652313.0,32273.0,13896.0,2241.0,1014.0,53260.0,371.0,13091.0,364.0,4643.0,526531.0,678111.0,1856.0,,,,,,,,,,,
105,,4.0,永和區,,,,無年齡維度,0.0,,永和區,民族里,1494.0,1598486.0,8895.0,28528.0,1238284.0,96841.0,29432.0,2180.0,1967.0,169463.0,1372.0,13256.0,194.0,8073.0,1022118.0,1382193.0,1827.0,,,,,,,,,,,
105,,4.0,永和區,,,,無年齡維度,0.0,,永和區,民本里,1303.0,1523732.0,17064.0,21735.0,1220571.0,50644.0,21288.0,2798.0,1935.0,157750.0,2053.0,19773.0,0.0,8120.0,1027727.0,1330887.0,1859.0,,,,,,,,,,,
105,,4.0,永和區,,,,無年齡維度,0.0,,永和區,民樂里,1582.0,1958280.0,14540.0,53502.0,1514630.0,97716.0,31070.0,5591.0,1330.0,203517.0,3081.0,23100.0,567.0,9636.0,1290254.0,1733903.0,4866.0,,,,,,,,,,,
105,,4.0,永和區,,,,無年齡維度,0.0,,永和區,協和里,858.0,773217.0,11005.0,9705.0,592536.0,38242.0,35703.0,1537.0,641.0,67826.0,965.0,9646.0,52.0,5360.0,478911.0,659592.0,1076.0,,,,,,,,,,,
105,,4.0,永和區,,,,無年齡維度,0.0,,永和區,保平里,1584.0,1657505.0,8139.0,50574.0,1334801.0,77777.0,29118.0,6566.0,2027.0,119352.0,9293.0,14337.0,385.0,5135.0,1108182.0,1430881.0,3147.0,,,,,,,,,,,
105,,4.0,永和區,,,,無年齡維度,0.0,,永和區,保安里,2447.0,3059111.0,17470.0,55018.0,2291830.0,150926.0,75995.0,9185.0,3649.0,386316.0,2032.0,29396.0,2080.0,35213.0,1939082.0,2705733.0,7513.0,,,,,,,,,,,
105,,4.0,永和區,,,,無年齡維度,0.0,,永和區,民富里,905.0,818474.0,3929.0,9930.0,695829.0,34116.0,10256.0,903.0,830.0,52910.0,293.0,5443.0,143.0,3892.0,562714.0,685359.0,1417.0,,,,,,,,,,,
105,,4.0,永和區,,,,無年齡維度,0.0,,永和區,秀元里,967.0,899988.0,8204.0,13365.0,714092.0,50158.0,18143.0,541.0,979.0,81496.0,1089.0,9789.0,264.0,1869.0,578810.0,764704.0,2065.0,,,,,,,,,,,
105,,4.0,永和區,,,,無年齡維度,0.0,,永和區,永樂里,780.0,770107.0,5743.0,15362.0,585944.0,40320.0,27082.0,3001.0,850.0,73382.0,1794.0,12537.0,107.0,3985.0,479911.0,664075.0,1635.0,,,,,,,,,,,
105,,4.0,永和區,,,,無年齡維度,0.0,,永和區,保順里,3427.0,4333203.0,24999.0,57330.0,3513124.0,161910.0,58082.0,11488.0,4320.0,410414.0,1888.0,68604.0,819.0,20225.0,2976457.0,3796365.0,7448.0,,,,,,,,,,,
105,,4.0,永和區,,,,無年齡維度,0.0,,永和區,其他,14.0,6976.0,61.0,72.0,5684.0,283.0,0.0,0.0,1.0,874.0,0.0,0.0,0.0,0.0,4324.0,5615.0,0.0,,,,,,,,,,,
105,,4.0,永和區,,,,無年齡維度,0.0,,永和區,合計,68947.0,71171772.0,460312.0,1297932.0,55423255.0,3790034.0,1630121.0,175639.0,85501.0,6837561.0,150444.0,802499.0,28581.0,489893.0,45815840.0,61560371.0,158447.0,,,,,,,,,,,
105,,5.0,新莊區,,,,無年齡維度,0.0,,新莊區,海山里,1655.0,1350420.0,15892.0,21672.0,1039300.0,55670.0,34560.0,1086.0,1837.0,163980.0,29.0,8845.0,2064.0,5484.0,807925.0,1119045.0,4120.0,,,,,,,,,,,
105,,5.0,新莊區,,,,無年齡維度,0.0,,新莊區,全安里,1394.0,1233654.0,13902.0,18796.0,981730.0,48701.0,21820.0,1136.0,1963.0,110269.0,15628.0,14989.0,239.0,4481.0,779309.0,1031113.0,1710.0,,,,,,,,,,,
105,,5.0,新莊區,,,,無年齡維度,0.0,,新莊區,文衡里,671.0,633163.0,6287.0,21018.0,434502.0,35774.0,45445.0,2217.0,787.0,70378.0,4808.0,10944.0,0.0,1002.0,343431.0,542092.0,356.0,,,,,,,,,,,
105,,5.0,新莊區,,,,無年齡維度,0.0,,新莊區,興漢里,1102.0,998095.0,6548.0,24088.0,684301.0,55578.0,30175.0,1483.0,841.0,170456.0,933.0,19493.0,1286.0,2912.0,535718.0,849512.0,3490.0,,,,,,,,,,,
105,,5.0,新莊區,,,,無年齡維度,0.0,,新莊區,榮和里,897.0,741340.0,7852.0,11272.0,507992.0,49771.0,32998.0,549.0,709.0,89716.0,0.0,38978.0,34.0,1468.0,397843.0,631191.0,766.0,,,,,,,,,,,
105,,5.0,新莊區,,,,無年齡維度,0.0,,新莊區,文德里,537.0,483013.0,4725.0,8076.0,383071.0,21847.0,14232.0,984.0,379.0,41768.0,0.0,5347.0,0.0,2584.0,307397.0,407339.0,248.0,,,,,,,,,,,
105,,5.0,新莊區,,,,無年齡維度,0.0,,新莊區,文明里,584.0,534018.0,10224.0,10241.0,388361.0,22194.0,16458.0,941.0,765.0,78536.0,0.0,5410.0,80.0,808.0,306690.0,452348.0,384.0,,,,,,,,,,,
105,,5.0,新莊區,,,,無年齡維度,0.0,,新莊區,中港里,2054.0,1692976.0,19252.0,30139.0,1277799.0,71426.0,72335.0,2340.0,2077.0,201551.0,115.0,11930.0,547.0,3465.0,986961.0,1402138.0,2696.0,,,,,,,,,,,
105,,5.0,新莊區,,,,無年齡維度,0.0,,新莊區,頭前里,2718.0,3103983.0,35245.0,143582.0,2072513.0,125103.0,132157.0,19130.0,2852.0,502759.0,16531.0,34097.0,859.0,19156.0,1679798.0,2711269.0,4185.0,,,,,,,,,,,
105,,5.0,新莊區,,,,無年齡維度,0.0,,新莊區,丹鳳里,2404.0,1844027.0,31598.0,20537.0,1554467.0,44079.0,22202.0,5787.0,2485.0,140101.0,1972.0,13133.0,1068.0,6598.0,1183224.0,1472968.0,3667.0,,,,,,,,,,,
105,,5.0,新莊區,,,,無年齡維度,0.0,,新莊區,西盛里,3422.0,2841190.0,59179.0,27794.0,2132024.0,93283.0,93451.0,5537.0,3131.0,392528.0,705.0,31121.0,165.0,2272.0,1606599.0,2315737.0,1950.0,,,,,,,,,,,
105,,5.0,新莊區,,,,無年齡維度,0.0,,新莊區,瓊林里,1639.0,1226479.0,24902.0,12044.0,984942.0,45314.0,35577.0,1690.0,1377.0,107569.0,546.0,9317.0,1.0,3201.0,742969.0,984507.0,415.0,,,,,,,,,,,
105,,5.0,新莊區,,,,無年齡維度,0.0,,新莊區,營盤里,794.0,595414.0,10662.0,4595.0,397965.0,33118.0,59370.0,1338.0,870.0,80704.0,0.0,3031.0,0.0,3761.0,299171.0,496620.0,473.0,,,,,,,,,,,
105,,5.0,新莊區,,,,無年齡維度,0.0,,新莊區,後港里,2296.0,1718886.0,18401.0,22654.0,1435966.0,59867.0,40353.0,2691.0,3600.0,115238.0,108.0,16563.0,429.0,3017.0,1092046.0,1375372.0,2575.0,,,,,,,,,,,
105,,5.0,新莊區,,,,無年齡維度,0.0,,新莊區,國泰里,484.0,363014.0,4367.0,2132.0,238756.0,16668.0,15336.0,426.0,289.0,82406.0,68.0,2047.0,20.0,499.0,174124.0,298382.0,364.0,,,,,,,,,,,
105,,5.0,新莊區,,,,無年齡維度,0.0,,新莊區,立人里,768.0,796296.0,6418.0,18777.0,599844.0,54246.0,14506.0,1503.0,680.0,84636.0,142.0,11305.0,294.0,3946.0,491512.0,687960.0,1261.0,,,,,,,,,,,
105,,5.0,新莊區,,,,無年齡維度,0.0,,新莊區,恆安里,1356.0,1189480.0,8495.0,14068.0,971365.0,56338.0,25197.0,1622.0,1179.0,95843.0,23.0,13175.0,626.0,1548.0,770874.0,989229.0,2220.0,,,,,,,,,,,
105,,5.0,新莊區,,,,無年齡維度,0.0,,新莊區,思源里,1691.0,1353831.0,18200.0,12874.0,1059325.0,53687.0,56890.0,1498.0,1162.0,129710.0,871.0,13913.0,104.0,5599.0,814569.0,1109076.0,1728.0,,,,,,,,,,,
105,,5.0,新莊區,,,,無年齡維度,0.0,,新莊區,化成里,1215.0,1062752.0,33122.0,24218.0,691598.0,50639.0,61787.0,4342.0,894.0,169020.0,738.0,14014.0,134.0,12246.0,527638.0,898925.0,1466.0,,,,,,,,,,,
105,,5.0,新莊區,,,,無年齡維度,0.0,,新莊區,福基里,1532.0,1559034.0,21388.0,38596.0,1094456.0,65609.0,80901.0,13833.0,2382.0,218215.0,1080.0,17931.0,103.0,4539.0,874347.0,1338710.0,2013.0,,,,,,,,,,,
105,,5.0,新莊區,,,,無年齡維度,0.0,,新莊區,思賢里,1312.0,1097512.0,5473.0,19713.0,907362.0,43051.0,11644.0,1098.0,1363.0,78407.0,1154.0,26592.0,13.0,1644.0,709724.0,899863.0,850.0,,,,,,,,,,,
105,,5.0,新莊區,,,,無年齡維度,0.0,,新莊區,中美里,1687.0,1302958.0,14632.0,14696.0,1036282.0,68780.0,41896.0,1693.0,1477.0,108468.0,631.0,10008.0,617.0,3780.0,802339.0,1068889.0,2043.0,,,,,,,,,,,
105,,5.0,新莊區,,,,無年齡維度,0.0,,新莊區,中和里,1409.0,1108619.0,11499.0,16456.0,859174.0,45557.0,27911.0,2513.0,1333.0,126527.0,658.0,11684.0,247.0,5061.0,661577.0,911022.0,1145.0,,,,,,,,,,,
105,,5.0,新莊區,,,,無年齡維度,0.0,,新莊區,中泰里,1248.0,860369.0,9147.0,17513.0,728632.0,26693.0,15957.0,1328.0,1099.0,51590.0,2.0,7243.0,508.0,656.0,552606.0,684239.0,1625.0,,,,,,,,,,,
105,,5.0,新莊區,,,,無年齡維度,0.0,,新莊區,立言里,1702.0,1503335.0,11032.0,22842.0,1169153.0,59745.0,19924.0,3111.0,1532.0,202148.0,409.0,11813.0,173.0,1453.0,916932.0,1251083.0,1613.0,,,,,,,,,,,
105,,5.0,新莊區,,,,無年齡維度,0.0,,新莊區,立功里,1016.0,707734.0,8767.0,8721.0,593221.0,25344.0,12886.0,1272.0,1121.0,49085.0,273.0,6007.0,51.0,988.0,443072.0,557585.0,625.0,,,,,,,,,,,
105,,5.0,新莊區,,,,無年齡維度,0.0,,新莊區,立德里,840.0,786127.0,10338.0,19684.0,547366.0,37938.0,41553.0,1555.0,834.0,118124.0,38.0,6781.0,184.0,1732.0,433439.0,672200.0,918.0,,,,,,,,,,,
105,,5.0,新莊區,,,,無年齡維度,0.0,,新莊區,豐年里,1114.0,798168.0,10695.0,7674.0,667778.0,24845.0,12656.0,854.0,1073.0,61971.0,0.0,8869.0,413.0,1340.0,506908.0,637954.0,1269.0,,,,,,,,,,,
105,,5.0,新莊區,,,,無年齡維度,0.0,,新莊區,忠孝里,1533.0,1250592.0,12490.0,17445.0,1006601.0,48194.0,23169.0,1818.0,1292.0,117063.0,34.0,20634.0,149.0,1703.0,787620.0,1031560.0,1321.0,,,,,,,,,,,
105,,5.0,新莊區,,,,無年齡維度,0.0,,新莊區,立志里,1156.0,944024.0,11363.0,12494.0,754669.0,39013.0,17451.0,883.0,1099.0,100109.0,710.0,4736.0,61.0,1435.0,582532.0,771887.0,839.0,,,,,,,,,,,
105,,5.0,新莊區,,,,無年齡維度,0.0,,新莊區,中誠里,659.0,848668.0,5740.0,4726.0,433035.0,18690.0,13209.0,1132.0,550.0,361465.0,2.0,8565.0,147.0,1409.0,334932.0,751044.0,1024.0,,,,,,,,,,,
105,,5.0,新莊區,,,,無年齡維度,0.0,,新莊區,自立里,1497.0,1131158.0,13867.0,20129.0,946430.0,34940.0,19775.0,1681.0,1910.0,77559.0,52.0,10901.0,179.0,3736.0,723434.0,908051.0,834.0,,,,,,,,,,,
105,,5.0,新莊區,,,,無年齡維度,0.0,,新莊區,自強里,669.0,406925.0,6900.0,3408.0,357198.0,10497.0,4861.0,52.0,438.0,19971.0,30.0,2942.0,0.0,628.0,263984.0,313711.0,108.0,,,,,,,,,,,
105,,5.0,新莊區,,,,無年齡維度,0.0,,新莊區,幸福里,1228.0,807468.0,7743.0,8672.0,706672.0,23094.0,9241.0,916.0,810.0,40889.0,48.0,7972.0,41.0,1369.0,528140.0,628936.0,552.0,,,,,,,,,,,
105,,5.0,新莊區,,,,無年齡維度,0.0,,新莊區,仁愛里,730.0,479558.0,11410.0,5926.0,419900.0,13507.0,2228.0,725.0,596.0,22302.0,0.0,2652.0,0.0,313.0,311460.0,371118.0,120.0,,,,,,,,,,,
105,,5.0,新莊區,,,,無年齡維度,0.0,,新莊區,信義里,1617.0,1266225.0,18386.0,15513.0,1043746.0,37447.0,27945.0,1093.0,1662.0,104876.0,64.0,12707.0,259.0,2527.0,803336.0,1025358.0,1648.0,,,,,,,,,,,
105,,5.0,新莊區,,,,無年齡維度,0.0,,新莊區,龍鳳里,2839.0,2703690.0,33114.0,28991.0,2200350.0,78155.0,34550.0,5360.0,3051.0,287598.0,3540.0,24784.0,212.0,3985.0,1745555.0,2249388.0,1787.0,,,,,,,,,,,
105,,5.0,新莊區,,,,無年齡維度,0.0,,新莊區,民安里,1826.0,1440153.0,17651.0,25584.0,1170957.0,52551.0,33751.0,2967.0,1499.0,120750.0,514.0,9955.0,84.0,3888.0,885863.0,1155376.0,891.0,,,,,,,,,,,
105,,5.0,新莊區,,,,無年齡維度,0.0,,新莊區,光華里,2093.0,1611331.0,26438.0,20026.0,1315825.0,54572.0,30277.0,2804.0,2911.0,128750.0,109.0,28864.0,150.0,606.0,984586.0,1280473.0,1780.0,,,,,,,,,,,
105,,5.0,新莊區,,,,無年齡維度,0.0,,新莊區,富國里,729.0,459448.0,12170.0,8687.0,388883.0,15208.0,8369.0,64.0,685.0,21128.0,303.0,3081.0,0.0,871.0,286446.0,357011.0,31.0,,,,,,,,,,,
105,,5.0,新莊區,,,,無年齡維度,0.0,,新莊區,裕民里,1938.0,1444573.0,18827.0,17281.0,1153859.0,45635.0,42454.0,4470.0,2233.0,132323.0,80.0,24811.0,80.0,2520.0,869365.0,1160605.0,1106.0,,,,,,,,,,,
105,,5.0,新莊區,,,,無年齡維度,0.0,,新莊區,南港里,1675.0,1209101.0,16593.0,10124.0,1020549.0,39613.0,21510.0,3029.0,1210.0,83399.0,71.0,9879.0,539.0,2585.0,768385.0,957397.0,1593.0,,,,,,,,,,,
105,,5.0,新莊區,,,,無年齡維度,0.0,,新莊區,萬安里,1207.0,806359.0,7142.0,9042.0,686070.0,27154.0,8620.0,482.0,1631.0,58221.0,0.0,4443.0,88.0,3466.0,510292.0,631434.0,1156.0,,,,,,,,,,,
105,,5.0,新莊區,,,,無年齡維度,0.0,,新莊區,八德里,928.0,635928.0,6886.0,6885.0,529704.0,20745.0,13994.0,576.0,5663.0,34376.0,40.0,15110.0,69.0,1879.0,397923.0,503931.0,836.0,,,,,,,,,,,
105,,5.0,新莊區,,,,無年齡維度,0.0,,新莊區,民本里,847.0,534814.0,6445.0,6310.0,461935.0,14633.0,13487.0,517.0,613.0,27062.0,0.0,2967.0,0.0,846.0,336097.0,408976.0,489.0,,,,,,,,,,,
105,,5.0,新莊區,,,,無年齡維度,0.0,,新莊區,光榮里,1262.0,945260.0,9945.0,12944.0,813028.0,24254.0,8621.0,891.0,1197.0,64005.0,0.0,9538.0,176.0,663.0,614451.0,746166.0,1309.0,,,,,,,,,,,
105,,5.0,新莊區,,,,無年齡維度,0.0,,新莊區,光明里,1368.0,983834.0,12821.0,11522.0,826283.0,20551.0,19196.0,3053.0,1448.0,77509.0,384.0,8807.0,0.0,2259.0,613621.0,771490.0,96.0,,,,,,,,,,,
105,,5.0,新莊區,,,,無年齡維度,0.0,,新莊區,合鳳里,1298.0,848492.0,8940.0,8535.0,727757.0,22878.0,8376.0,1612.0,1070.0,58810.0,17.0,7199.0,1743.0,1557.0,535812.0,656522.0,3408.0,,,,,,,,,,,
105,,5.0,新莊區,,,,無年齡維度,0.0,,新莊區,雙鳳里,3436.0,3244695.0,43955.0,51622.0,2618408.0,89329.0,52846.0,6915.0,5707.0,338134.0,2049.0,26387.0,918.0,8426.0,2076425.0,2702385.0,5126.0,,,,,,,,,,,
105,,5.0,新莊區,,,,無年齡維度,0.0,,新莊區,和平里,1571.0,1147970.0,17887.0,13220.0,960278.0,36694.0,18133.0,1950.0,1735.0,87435.0,35.0,7245.0,439.0,2919.0,727480.0,915066.0,1895.0,,,,,,,,,,,
105,,5.0,新莊區,,,,無年齡維度,0.0,,新莊區,自信里,748.0,632568.0,7113.0,10704.0,513295.0,22989.0,19388.0,659.0,426.0,52918.0,0.0,4371.0,0.0,706.0,404468.0,523741.0,231.0,,,,,,,,,,,
105,,5.0,新莊區,,,,無年齡維度,0.0,,新莊區,全泰里,1750.0,1698544.0,11866.0,21404.0,1304356.0,77558.0,34117.0,1966.0,1923.0,215359.0,1117.0,21708.0,329.0,6841.0,1054329.0,1448353.0,2154.0,,,,,,,,,,,
105,,5.0,新莊區,,,,無年齡維度,0.0,,新莊區,立泰里,1583.0,1280852.0,13325.0,19710.0,1039291.0,44710.0,20250.0,2843.0,1756.0,122807.0,88.0,13192.0,385.0,2495.0,807117.0,1049102.0,1717.0,,,,,,,,,,,
105,,5.0,新莊區,,,,無年齡維度,0.0,,新莊區,立基里,2083.0,2109329.0,21158.0,25746.0,1550465.0,88172.0,47728.0,2875.0,1929.0,349191.0,1150.0,16881.0,297.0,3736.0,1239639.0,1798502.0,2305.0,,,,,,,,,,,
105,,5.0,新莊區,,,,無年齡維度,0.0,,新莊區,中宏里,1185.0,969137.0,14221.0,15375.0,804804.0,29995.0,13131.0,3493.0,1381.0,78094.0,273.0,6351.0,302.0,1718.0,622715.0,787603.0,1291.0,,,,,,,,,,,
105,,5.0,新莊區,,,,無年齡維度,0.0,,新莊區,中全里,1057.0,737221.0,9799.0,9040.0,622654.0,19833.0,5508.0,1432.0,1050.0,61034.0,432.0,5362.0,0.0,1077.0,467819.0,582386.0,481.0,,,,,,,,,,,
105,,5.0,新莊區,,,,無年齡維度,0.0,,新莊區,中華里,886.0,914965.0,11075.0,7827.0,686336.0,29026.0,30202.0,9469.0,868.0,125454.0,856.0,9681.0,2.0,4169.0,554831.0,783460.0,1018.0,,,,,,,,,,,
105,,5.0,新莊區,,,,無年齡維度,0.0,,新莊區,中隆里,1353.0,1225214.0,24236.0,21646.0,977514.0,45207.0,23669.0,3127.0,1255.0,112947.0,253.0,12685.0,955.0,1720.0,765410.0,1012984.0,2246.0,,,,,,,,,,,
105,,5.0,新莊區,,,,無年齡維度,0.0,,新莊區,中原里,3223.0,3078143.0,53866.0,53560.0,2427424.0,94657.0,64659.0,10330.0,3217.0,337485.0,200.0,25050.0,434.0,7262.0,1924097.0,2574683.0,3012.0,,,,,,,,,,,
105,,5.0,新莊區,,,,無年齡維度,0.0,,新莊區,中信里,2659.0,2251458.0,21401.0,30534.0,1925239.0,67228.0,22480.0,2535.0,3673.0,155588.0,130.0,19835.0,483.0,2331.0,1510797.0,1837016.0,2246.0,,,,,,,,,,,
105,,5.0,新莊區,,,,無年齡維度,0.0,,新莊區,仁義里,1067.0,701963.0,7192.0,7722.0,611514.0,17886.0,9301.0,1918.0,2477.0,38635.0,0.0,4340.0,316.0,661.0,455726.0,546174.0,1352.0,,,,,,,,,,,
105,,5.0,新莊區,,,,無年齡維度,0.0,,新莊區,建福里,856.0,568579.0,5837.0,10380.0,484975.0,16944.0,5438.0,1031.0,512.0,36888.0,1704.0,4078.0,92.0,700.0,364928.0,448528.0,622.0,,,,,,,,,,,
105,,5.0,新莊區,,,,無年齡維度,0.0,,新莊區,四維里,1256.0,894405.0,10141.0,18583.0,727068.0,24394.0,30188.0,1884.0,1739.0,65809.0,125.0,10926.0,25.0,3522.0,547090.0,714874.0,387.0,,,,,,,,,,,
105,,5.0,新莊區,,,,無年齡維度,0.0,,新莊區,文聖里,1220.0,1117829.0,8030.0,17186.0,837834.0,53951.0,57994.0,3471.0,1696.0,102600.0,735.0,31839.0,18.0,2474.0,669220.0,949214.0,868.0,,,,,,,,,,,
105,,5.0,新莊區,,,,無年齡維度,0.0,,新莊區,福營里,867.0,689741.0,11409.0,6115.0,458985.0,38656.0,39332.0,1814.0,938.0,119867.0,77.0,8213.0,27.0,4308.0,347245.0,578001.0,582.0,,,,,,,,,,,
105,,5.0,新莊區,,,,無年齡維度,0.0,,新莊區,後德里,1055.0,914697.0,7705.0,10192.0,718074.0,38619.0,23583.0,1889.0,952.0,91974.0,9299.0,10093.0,432.0,1885.0,562218.0,758793.0,1632.0,,,,,,,,,,,
105,,5.0,新莊區,,,,無年齡維度,0.0,,新莊區,建安里,2076.0,1709363.0,20464.0,27822.0,1445190.0,55289.0,20796.0,2308.0,1490.0,121870.0,146.0,9903.0,194.0,3892.0,1122430.0,1386598.0,2166.0,,,,,,,,,,,
105,,5.0,新莊區,,,,無年齡維度,0.0,,新莊區,龍安里,688.0,489508.0,5525.0,3107.0,411847.0,17755.0,7040.0,1093.0,558.0,35396.0,545.0,6121.0,107.0,414.0,307284.0,384851.0,869.0,,,,,,,,,,,
105,,5.0,新莊區,,,,無年齡維度,0.0,,新莊區,昌平里,2087.0,2278440.0,21914.0,68943.0,1703207.0,83812.0,65353.0,13901.0,2602.0,275853.0,2379.0,21646.0,176.0,18652.0,1384381.0,1959613.0,2216.0,,,,,,,,,,,
105,,5.0,新莊區,,,,無年齡維度,0.0,,新莊區,昌明里,1108.0,918314.0,7769.0,11922.0,769208.0,31797.0,6306.0,673.0,1378.0,71210.0,105.0,9201.0,4.0,8741.0,600670.0,749776.0,826.0,,,,,,,,,,,
105,,5.0,新莊區,,,,無年齡維度,0.0,,新莊區,成德里,1489.0,1048947.0,16489.0,9523.0,880464.0,28587.0,12525.0,2022.0,1522.0,89889.0,47.0,6690.0,0.0,1188.0,655596.0,824469.0,634.0,,,,,,,,,,,
105,,5.0,新莊區,,,,無年齡維度,0.0,,新莊區,福興里,1820.0,1518799.0,32719.0,15057.0,1167768.0,49777.0,51120.0,6605.0,2827.0,178821.0,16.0,11713.0,325.0,2051.0,884191.0,1235221.0,1801.0,,,,,,,,,,,
105,,5.0,新莊區,,,,無年齡維度,0.0,,新莊區,昌信里,1182.0,1148118.0,7774.0,12444.0,932456.0,35934.0,17379.0,2282.0,1296.0,123069.0,3095.0,6138.0,42.0,6209.0,745263.0,960926.0,1532.0,,,,,,,,,,,
105,,5.0,新莊區,,,,無年齡維度,0.0,,新莊區,昌隆里,1426.0,1322730.0,12530.0,19218.0,1093838.0,51472.0,18495.0,1524.0,1862.0,103450.0,180.0,13578.0,0.0,6582.0,871126.0,1100053.0,641.0,,,,,,,,,,,
105,,5.0,新莊區,,,,無年齡維度,0.0,,新莊區,中平里,2705.0,2803283.0,26359.0,35324.0,2276502.0,84540.0,40907.0,5947.0,3295.0,288148.0,1741.0,33304.0,496.0,6720.0,1837930.0,2364612.0,3654.0,,,,,,,,,,,
105,,5.0,新莊區,,,,無年齡維度,0.0,,新莊區,立廷里,3622.0,4182122.0,30866.0,81247.0,3418133.0,125181.0,47021.0,16284.0,6696.0,393089.0,893.0,48975.0,1807.0,11929.0,2826664.0,3590425.0,6230.0,,,,,,,,,,,
105,,5.0,新莊區,,,,無年齡維度,0.0,,新莊區,泰豐里,678.0,532590.0,6782.0,8081.0,458194.0,15776.0,4965.0,971.0,518.0,30557.0,153.0,6375.0,94.0,124.0,353962.0,428265.0,811.0,,,,,,,,,,,
105,,5.0,新莊區,,,,無年齡維度,0.0,,新莊區,富民里,1126.0,798059.0,12182.0,10393.0,665915.0,21626.0,11415.0,1440.0,674.0,69106.0,160.0,3955.0,0.0,1191.0,494035.0,626741.0,514.0,,,,,,,,,,,
105,,5.0,新莊區,,,,無年齡維度,0.0,,新莊區,龍福里,681.0,517046.0,3649.0,9651.0,446897.0,13711.0,2692.0,890.0,645.0,32982.0,163.0,5219.0,4.0,543.0,341539.0,411685.0,363.0,,,,,,,,,,,
105,,5.0,新莊區,,,,無年齡維度,0.0,,新莊區,祥鳳里,700.0,526704.0,4690.0,7976.0,450150.0,16382.0,4219.0,514.0,596.0,36400.0,36.0,5343.0,0.0,399.0,340028.0,416582.0,367.0,,,,,,,,,,,
105,,5.0,新莊區,,,,無年齡維度,0.0,,新莊區,民全里,1194.0,904819.0,10447.0,15316.0,740266.0,25456.0,11598.0,1633.0,853.0,90653.0,27.0,7205.0,12.0,1352.0,555550.0,720096.0,688.0,,,,,,,,,,,
105,,5.0,新莊區,,,,無年齡維度,0.0,,新莊區,民有里,1242.0,915147.0,11019.0,15683.0,772079.0,23475.0,8334.0,1461.0,1113.0,70022.0,70.0,9431.0,1141.0,1320.0,582067.0,725133.0,2210.0,,,,,,,,,,,
105,,5.0,新莊區,,,,無年齡維度,0.0,,新莊區,光正里,1321.0,1018404.0,15022.0,15711.0,829189.0,33422.0,12893.0,793.0,1426.0,96928.0,359.0,11636.0,84.0,942.0,626973.0,816188.0,678.0,,,,,,,,,,,
105,,5.0,新莊區,,,,無年齡維度,0.0,,新莊區,光和里,755.0,493537.0,5717.0,7980.0,425589.0,13597.0,4996.0,411.0,737.0,28430.0,16.0,5020.0,13.0,1030.0,309467.0,377415.0,459.0,,,,,,,,,,,
105,,5.0,新莊區,,,,無年齡維度,0.0,,新莊區,其他,4.0,2392.0,0.0,0.0,1366.0,12.0,293.0,0.0,0.0,720.0,0.0,0.0,0.0,0.0,982.0,2008.0,0.0,,,,,,,,,,,
105,,5.0,新莊區,,,,無年齡維度,0.0,,新莊區,合計,120399.0,101549115.0,1255248.0,1594674.0,80559460.0,3595649.0,2317556.0,238037.0,134976.0,10408676.0,82118.0,1064821.0,24188.0,273712.0,62574272.0,83568325.0,122929.0,,,,,,,,,,,
105,,6.0,新店區,,,,無年齡維度,0.0,,新店區,張北里,2820.0,3323295.0,23740.0,67503.0,2606128.0,157105.0,52030.0,18242.0,3026.0,301832.0,29806.0,51595.0,1658.0,10632.0,2209048.0,2925931.0,8336.0,,,,,,,,,,,
105,,6.0,新店區,,,,無年齡維度,0.0,,新店區,張南里,725.0,836027.0,4474.0,10143.0,619743.0,40742.0,26292.0,3999.0,571.0,106338.0,6730.0,14337.0,283.0,2376.0,524352.0,740627.0,1762.0,,,,,,,,,,,
105,,6.0,新店區,,,,無年齡維度,0.0,,新店區,廣明里,312.0,310820.0,3969.0,5164.0,200675.0,13196.0,13661.0,915.0,158.0,36160.0,125.0,33735.0,72.0,2991.0,161973.0,272118.0,634.0,,,,,,,,,,,
105,,6.0,新店區,,,,無年齡維度,0.0,,新店區,江陵里,2070.0,2870905.0,12151.0,63662.0,2041085.0,155613.0,81841.0,14600.0,2787.0,402371.0,13104.0,45153.0,2059.0,36481.0,1752760.0,2582549.0,9312.0,,,,,,,,,,,
105,,6.0,新店區,,,,無年齡維度,0.0,,新店區,百忍里,1346.0,1227157.0,5326.0,26892.0,952359.0,79082.0,27834.0,3479.0,1383.0,108587.0,3330.0,14414.0,1679.0,2793.0,767188.0,1041938.0,4698.0,,,,,,,,,,,
105,,6.0,新店區,,,,無年齡維度,0.0,,新店區,青潭里,1731.0,1453484.0,15515.0,17866.0,1242674.0,54563.0,12337.0,1611.0,1962.0,90898.0,1021.0,11266.0,1209.0,2562.0,980307.0,1190912.0,4918.0,,,,,,,,,,,
105,,6.0,新店區,,,,無年齡維度,0.0,,新店區,員潭里,1474.0,1230165.0,8753.0,17209.0,1043782.0,43780.0,14357.0,3390.0,1419.0,78758.0,1041.0,13308.0,1707.0,2661.0,818256.0,1003963.0,4374.0,,,,,,,,,,,
105,,6.0,新店區,,,,無年齡維度,0.0,,新店區,雙坑里,166.0,96474.0,1411.0,1863.0,78546.0,2539.0,4695.0,0.0,85.0,5486.0,0.0,1131.0,34.0,684.0,56765.0,74661.0,234.0,,,,,,,,,,,
105,,6.0,新店區,,,,無年齡維度,0.0,,新店區,粗坑里,972.0,943675.0,11174.0,13199.0,705332.0,53233.0,24684.0,1168.0,723.0,113268.0,2730.0,9670.0,3831.0,4664.0,579733.0,817701.0,12925.0,,,,,,,,,,,
105,,6.0,新店區,,,,無年齡維度,0.0,,新店區,屈尺里,627.0,453518.0,3893.0,8408.0,359858.0,24627.0,16895.0,519.0,681.0,36021.0,1.0,2205.0,0.0,411.0,274137.0,367798.0,350.0,,,,,,,,,,,
105,,6.0,新店區,,,,無年齡維度,0.0,,新店區,廣興里,295.0,221491.0,5509.0,6082.0,162721.0,9343.0,12775.0,581.0,216.0,18304.0,1731.0,3766.0,119.0,343.0,124147.0,182918.0,391.0,,,,,,,,,,,
105,,6.0,新店區,,,,無年齡維度,0.0,,新店區,龜山里,406.0,315896.0,3828.0,10009.0,242687.0,11795.0,7108.0,650.0,193.0,34335.0,178.0,4582.0,44.0,488.0,188819.0,262028.0,450.0,,,,,,,,,,,
105,,6.0,新店區,,,,無年齡維度,0.0,,新店區,直潭里,339.0,352569.0,2373.0,12833.0,226729.0,15635.0,15550.0,745.0,546.0,72713.0,973.0,4160.0,0.0,312.0,181150.0,306990.0,439.0,,,,,,,,,,,
105,,6.0,新店區,,,,無年齡維度,0.0,,新店區,塗潭里,195.0,131763.0,1141.0,849.0,92049.0,4525.0,6708.0,118.0,33.0,25307.0,0.0,495.0,0.0,537.0,66249.0,105962.0,84.0,,,,,,,,,,,
105,,6.0,新店區,,,,無年齡維度,0.0,,新店區,公崙里,3595.0,3518847.0,22447.0,71210.0,2863638.0,141119.0,77109.0,9868.0,3183.0,286879.0,1101.0,32516.0,1218.0,8560.0,2314950.0,2970160.0,7079.0,,,,,,,,,,,
105,,6.0,新店區,,,,無年齡維度,0.0,,新店區,柴埕里,2769.0,2577402.0,24226.0,37245.0,2152948.0,102396.0,34053.0,8397.0,3285.0,159711.0,6236.0,40755.0,1015.0,7136.0,1729171.0,2153625.0,4299.0,,,,,,,,,,,
105,,6.0,新店區,,,,無年齡維度,0.0,,新店區,雙城里,1569.0,1144619.0,11664.0,15775.0,989341.0,40979.0,11844.0,2364.0,971.0,58960.0,0.0,11512.0,527.0,683.0,758733.0,914012.0,2492.0,,,,,,,,,,,
105,,6.0,新店區,,,,無年齡維度,0.0,,新店區,頂城里,366.0,265637.0,1913.0,6575.0,214847.0,7267.0,7350.0,512.0,234.0,25092.0,0.0,1425.0,0.0,420.0,163764.0,214554.0,185.0,,,,,,,,,,,
105,,6.0,新店區,,,,無年齡維度,0.0,,新店區,下城里,979.0,2288709.0,55055.0,81455.0,1366633.0,61550.0,70433.0,11653.0,5635.0,376164.0,4816.0,165624.0,1812.0,87880.0,1228676.0,2150347.0,5808.0,,,,,,,,,,,
105,,6.0,新店區,,,,無年齡維度,0.0,,新店區,文中里,600.0,627135.0,2094.0,4368.0,511659.0,30074.0,13598.0,3303.0,637.0,42391.0,292.0,8455.0,141.0,10123.0,426476.0,541950.0,1938.0,,,,,,,,,,,
105,,6.0,新店區,,,,無年齡維度,0.0,,新店區,國校里,848.0,833286.0,4321.0,11729.0,662398.0,36219.0,6085.0,862.0,1006.0,99146.0,948.0,8559.0,229.0,1785.0,537079.0,707964.0,1825.0,,,,,,,,,,,
105,,6.0,新店區,,,,無年齡維度,0.0,,新店區,新生里,2074.0,2262939.0,15857.0,26257.0,1758045.0,133951.0,49855.0,9533.0,2211.0,222369.0,3803.0,20187.0,917.0,19955.0,1478692.0,1983577.0,6705.0,,,,,,,,,,,
105,,6.0,新店區,,,,無年齡維度,0.0,,新店區,中興里,1853.0,1877643.0,7013.0,31337.0,1490882.0,123421.0,43826.0,7198.0,1798.0,143461.0,5877.0,15581.0,822.0,6426.0,1240740.0,1627302.0,4979.0,,,,,,,,,,,
105,,6.0,新店區,,,,無年齡維度,0.0,,新店區,新安里,1648.0,1620412.0,10854.0,32979.0,1275879.0,93883.0,38977.0,4399.0,2127.0,131453.0,4400.0,19264.0,667.0,5529.0,1059974.0,1404461.0,3920.0,,,,,,,,,,,
105,,6.0,新店區,,,,無年齡維度,0.0,,新店區,文明里,756.0,742401.0,4608.0,13264.0,536425.0,36344.0,18356.0,3259.0,777.0,117510.0,2446.0,5494.0,64.0,3853.0,435105.0,641016.0,1347.0,,,,,,,,,,,
105,,6.0,新店區,,,,無年齡維度,0.0,,新店區,寶興里,1991.0,2903411.0,17328.0,53346.0,1986649.0,133161.0,84951.0,9877.0,2368.0,537735.0,4840.0,40024.0,1322.0,31810.0,1704104.0,2620454.0,7133.0,,,,,,,,,,,
105,,6.0,新店區,,,,無年齡維度,0.0,,新店區,寶安里,2009.0,2140806.0,15337.0,28431.0,1628571.0,125307.0,45847.0,5026.0,1827.0,262155.0,2373.0,20503.0,1638.0,3791.0,1360628.0,1872737.0,6344.0,,,,,,,,,,,
105,,6.0,新店區,,,,無年齡維度,0.0,,新店區,信義里,2278.0,2533719.0,14533.0,46381.0,1961888.0,129084.0,38202.0,7861.0,3458.0,242243.0,2694.0,63838.0,4989.0,18547.0,1642863.0,2214536.0,12581.0,,,,,,,,,,,
105,,6.0,新店區,,,,無年齡維度,0.0,,新店區,忠孝里,909.0,815652.0,3872.0,10676.0,675450.0,45744.0,8520.0,2261.0,868.0,54297.0,1244.0,8384.0,8.0,4329.0,548338.0,688540.0,912.0,,,,,,,,,,,
105,,6.0,新店區,,,,無年齡維度,0.0,,新店區,大鵬里,951.0,1014621.0,4042.0,19365.0,802198.0,88322.0,7802.0,4585.0,876.0,72826.0,1437.0,11478.0,1010.0,680.0,668892.0,881245.0,4358.0,,,,,,,,,,,
105,,6.0,新店區,,,,無年齡維度,0.0,,新店區,大豐里,1301.0,1264318.0,5856.0,27107.0,974091.0,74701.0,27782.0,4731.0,1107.0,123995.0,767.0,20930.0,171.0,3080.0,793409.0,1083635.0,2666.0,,,,,,,,,,,
105,,6.0,新店區,,,,無年齡維度,0.0,,新店區,明德里,1424.0,1485019.0,7303.0,30335.0,1153019.0,85295.0,58044.0,8802.0,2823.0,110005.0,4633.0,19619.0,543.0,4598.0,956820.0,1288557.0,3183.0,,,,,,,,,,,
105,,6.0,新店區,,,,無年齡維度,0.0,,新店區,中山里,1725.0,2914597.0,20612.0,55317.0,2169313.0,120627.0,54671.0,9221.0,2578.0,382309.0,14175.0,52549.0,3179.0,30045.0,1915198.0,2660270.0,10628.0,,,,,,,,,,,
105,,6.0,新店區,,,,無年齡維度,0.0,,新店區,和平里,179.0,114101.0,1163.0,1691.0,98189.0,3631.0,1362.0,201.0,82.0,6360.0,0.0,696.0,0.0,724.0,71678.0,87589.0,8.0,,,,,,,,,,,
105,,6.0,新店區,,,,無年齡維度,0.0,,新店區,仁愛里,721.0,669254.0,5758.0,20039.0,460670.0,55438.0,34239.0,937.0,630.0,65183.0,691.0,23639.0,102.0,1927.0,373225.0,581768.0,1162.0,,,,,,,,,,,
105,,6.0,新店區,,,,無年齡維度,0.0,,新店區,中正里,2113.0,2142516.0,17081.0,34487.0,1598976.0,141353.0,64828.0,3899.0,2555.0,215757.0,5074.0,19472.0,193.0,38841.0,1315688.0,1859384.0,3706.0,,,,,,,,,,,
105,,6.0,新店區,,,,無年齡維度,0.0,,新店區,美潭里,1671.0,1533731.0,11808.0,24331.0,1250024.0,74374.0,21095.0,1400.0,1498.0,127816.0,211.0,18464.0,411.0,2298.0,1003298.0,1286834.0,2908.0,,,,,,,,,,,
105,,6.0,新店區,,,,無年齡維度,0.0,,新店區,德安里,1795.0,1370642.0,11646.0,20147.0,1159425.0,47367.0,27729.0,1984.0,2020.0,77238.0,952.0,17228.0,37.0,4867.0,893760.0,1104955.0,1422.0,,,,,,,,,,,
105,,6.0,新店區,,,,無年齡維度,0.0,,新店區,太平里,1018.0,930924.0,10607.0,18540.0,735221.0,40626.0,11520.0,2862.0,1363.0,97565.0,1312.0,9354.0,1013.0,942.0,591342.0,787277.0,3071.0,,,,,,,,,,,
105,,6.0,新店區,,,,無年齡維度,0.0,,新店區,中央里,2241.0,3344403.0,29297.0,30561.0,2242300.0,182793.0,146244.0,12107.0,4084.0,561338.0,15770.0,91841.0,2041.0,26028.0,1943178.0,3044780.0,9760.0,,,,,,,,,,,
105,,6.0,新店區,,,,無年齡維度,0.0,,新店區,百和里,1135.0,1107304.0,7665.0,24732.0,873912.0,64396.0,27746.0,2471.0,1832.0,79051.0,970.0,22096.0,54.0,2377.0,718339.0,951677.0,1291.0,,,,,,,,,,,
105,,6.0,新店區,,,,無年齡維度,0.0,,新店區,福德里,1280.0,1159643.0,5510.0,10167.0,929189.0,67557.0,26069.0,933.0,1268.0,94922.0,2284.0,18290.0,708.0,2745.0,749754.0,980179.0,2943.0,,,,,,,,,,,
105,,6.0,新店區,,,,無年齡維度,0.0,,新店區,福民里,1433.0,1478405.0,12321.0,34232.0,1143320.0,98403.0,29173.0,4067.0,1484.0,122270.0,4764.0,18921.0,369.0,9081.0,949998.0,1285083.0,3251.0,,,,,,,,,,,
105,,6.0,新店區,,,,無年齡維度,0.0,,新店區,百福里,1264.0,1346998.0,7583.0,29126.0,1062357.0,68713.0,20188.0,11608.0,1923.0,122065.0,1698.0,14180.0,777.0,6780.0,889257.0,1173835.0,2924.0,,,,,,,,,,,
105,,6.0,新店區,,,,無年齡維度,0.0,,新店區,國豐里,1176.0,1115682.0,5594.0,32542.0,878874.0,71977.0,13122.0,1634.0,1301.0,88697.0,1103.0,14713.0,179.0,5947.0,716612.0,953420.0,1550.0,,,,,,,,,,,
105,,6.0,新店區,,,,無年齡維度,0.0,,新店區,新德里,871.0,745092.0,4632.0,13335.0,597349.0,38514.0,21968.0,4000.0,756.0,52462.0,22.0,10235.0,239.0,1581.0,481124.0,628711.0,1629.0,,,,,,,,,,,
105,,6.0,新店區,,,,無年齡維度,0.0,,新店區,五峰里,2642.0,2963041.0,22862.0,54367.0,2222866.0,149511.0,73843.0,16402.0,2861.0,377119.0,2359.0,25449.0,2107.0,13294.0,1856479.0,2596334.0,9461.0,,,,,,,,,,,
105,,6.0,新店區,,,,無年齡維度,0.0,,新店區,中華里,1470.0,1708370.0,11778.0,36197.0,1290109.0,101339.0,32811.0,7282.0,1728.0,174211.0,2758.0,29846.0,1893.0,18417.0,1090930.0,1508852.0,6958.0,,,,,,,,,,,
105,,6.0,新店區,,,,無年齡維度,0.0,,新店區,忠誠里,883.0,864821.0,2798.0,17854.0,662440.0,52100.0,46500.0,1400.0,987.0,66875.0,0.0,11758.0,32.0,2076.0,544049.0,746403.0,1385.0,,,,,,,,,,,
105,,6.0,新店區,,,,無年齡維度,0.0,,新店區,永安里,1555.0,1152245.0,11469.0,17910.0,962646.0,42000.0,10123.0,1432.0,1314.0,90189.0,3961.0,9146.0,1119.0,936.0,734656.0,924255.0,2350.0,,,,,,,,,,,
105,,6.0,新店區,,,,無年齡維度,0.0,,新店區,新店里,556.0,488720.0,4765.0,9180.0,370041.0,23243.0,18467.0,2018.0,554.0,37264.0,867.0,14444.0,6.0,7871.0,297476.0,416125.0,1033.0,,,,,,,,,,,
105,,6.0,新店區,,,,無年齡維度,0.0,,新店區,大同里,1453.0,2036310.0,9470.0,30847.0,1400576.0,88844.0,61108.0,3094.0,1609.0,410229.0,13502.0,10731.0,568.0,5733.0,1199026.0,1834759.0,2975.0,,,,,,,,,,,
105,,6.0,新店區,,,,無年齡維度,0.0,,新店區,玫瑰里,1798.0,1356751.0,13459.0,21001.0,1189330.0,48162.0,8534.0,1506.0,2285.0,54321.0,160.0,15006.0,1176.0,1810.0,926359.0,1093679.0,3765.0,,,,,,,,,,,
105,,6.0,新店區,,,,無年齡維度,0.0,,新店區,日興里,1560.0,1109150.0,16934.0,14875.0,932295.0,36899.0,21450.0,3461.0,1935.0,63901.0,801.0,14494.0,325.0,1780.0,704367.0,881161.0,1372.0,,,,,,,,,,,
105,,6.0,新店區,,,,無年齡維度,0.0,,新店區,寶福里,2485.0,2930914.0,17136.0,26683.0,2303712.0,119187.0,63464.0,10702.0,3048.0,327653.0,12574.0,30850.0,1910.0,13993.0,1933882.0,2560754.0,9001.0,,,,,,,,,,,
105,,6.0,新店區,,,,無年齡維度,0.0,,新店區,安和里,2289.0,2143255.0,14748.0,36740.0,1821352.0,72828.0,21093.0,7437.0,4692.0,126562.0,837.0,31964.0,524.0,4479.0,1467816.0,1789697.0,4036.0,,,,,,,,,,,
105,,6.0,新店區,,,,無年齡維度,0.0,,新店區,明城里,1209.0,1273415.0,5795.0,31035.0,998557.0,57226.0,19805.0,2250.0,1480.0,118254.0,15936.0,16945.0,2654.0,3479.0,822971.0,1097322.0,7452.0,,,,,,,,,,,
105,,6.0,新店區,,,,無年齡維度,0.0,,新店區,吉祥里,1481.0,1300794.0,7518.0,21392.0,1067281.0,61303.0,14651.0,3465.0,2018.0,98148.0,4956.0,13649.0,2003.0,4411.0,857814.0,1091284.0,6131.0,,,,,,,,,,,
105,,6.0,新店區,,,,無年齡維度,0.0,,新店區,小城里,1256.0,1242790.0,8740.0,19995.0,979283.0,64199.0,21989.0,2755.0,957.0,125611.0,540.0,12404.0,2476.0,3843.0,803849.0,1066907.0,8591.0,,,,,,,,,,,
105,,6.0,新店區,,,,無年齡維度,0.0,,新店區,香坡里,3292.0,3526961.0,23204.0,91657.0,2899946.0,109121.0,43937.0,12820.0,5186.0,261301.0,4845.0,50881.0,555.0,23509.0,2400166.0,3027027.0,7362.0,,,,,,,,,,,
105,,6.0,新店區,,,,無年齡維度,0.0,,新店區,建國里,1024.0,990146.0,6696.0,10589.0,772339.0,61082.0,26754.0,4065.0,1904.0,87758.0,1550.0,12581.0,2600.0,2229.0,637074.0,854829.0,5330.0,,,,,,,,,,,
105,,6.0,新店區,,,,無年齡維度,0.0,,新店區,復興里,1104.0,981676.0,9392.0,14042.0,770647.0,46277.0,39558.0,4029.0,1206.0,80191.0,1777.0,7483.0,174.0,6900.0,613486.0,824514.0,1485.0,,,,,,,,,,,
105,,6.0,新店區,,,,無年齡維度,0.0,,新店區,美城里,847.0,659752.0,11965.0,11294.0,536159.0,28548.0,7177.0,190.0,572.0,55609.0,0.0,7288.0,220.0,730.0,414090.0,537520.0,1748.0,,,,,,,,,,,
105,,6.0,新店區,,,,無年齡維度,0.0,,新店區,安昌里,1734.0,1652568.0,9728.0,25807.0,1390327.0,55236.0,38973.0,3228.0,2357.0,105371.0,137.0,17994.0,835.0,2575.0,1124645.0,1386886.0,2962.0,,,,,,,,,,,
105,,6.0,新店區,,,,無年齡維度,0.0,,新店區,長春里,944.0,1467292.0,2506.0,35677.0,1170169.0,71726.0,15530.0,3269.0,1960.0,147825.0,2146.0,14454.0,278.0,1752.0,1031227.0,1328773.0,4131.0,,,,,,,,,,,
105,,6.0,新店區,,,,無年齡維度,0.0,,新店區,新和里,1332.0,1086738.0,13552.0,19106.0,930265.0,38870.0,7358.0,1374.0,1317.0,66058.0,282.0,6972.0,456.0,1127.0,731264.0,887649.0,1965.0,,,,,,,,,,,
105,,6.0,新店區,,,,無年齡維度,0.0,,新店區,永平里,1692.0,1489953.0,10536.0,19165.0,1280090.0,55378.0,14288.0,1639.0,2251.0,88024.0,963.0,16356.0,64.0,1199.0,1015308.0,1225107.0,1217.0,,,,,,,,,,,
105,,6.0,新店區,,,,無年齡維度,0.0,,新店區,達觀里,1336.0,1252756.0,7715.0,26742.0,1061153.0,46348.0,14949.0,2725.0,1785.0,68987.0,885.0,18247.0,2026.0,1195.0,871241.0,1062718.0,7355.0,,,,,,,,,,,
105,,6.0,新店區,,,,無年齡維度,0.0,,新店區,華城里,1007.0,2919193.0,12029.0,63253.0,1255079.0,102885.0,109337.0,9518.0,5098.0,1251199.0,10675.0,35125.0,1602.0,63393.0,1122572.0,2786485.0,7615.0,,,,,,,,,,,
105,,6.0,新店區,,,,無年齡維度,0.0,,新店區,其他,7.0,3466.0,0.0,0.0,3415.0,39.0,0.0,0.0,0.0,11.0,0.0,0.0,0.0,0.0,2519.0,2570.0,0.0,,,,,,,,,,,
105,,6.0,新店區,,,,無年齡維度,0.0,,新店區,合計,94976.0,100258183.0,737649.0,1814175.0,77048122.0,4762714.0,2191052.0,317893.0,121458.0,10872477.0,240214.0,1479705.0,64691.0,608034.0,63549012.0,86752137.0,278592.0,,,,,,,,,,,
105,,7.0,土城區,,,,無年齡維度,0.0,,土城區,埤塘里,1049.0,771578.0,13736.0,13179.0,629396.0,23747.0,20782.0,1780.0,862.0,58289.0,85.0,6797.0,42.0,2884.0,472920.0,615101.0,1039.0,,,,,,,,,,,
105,,7.0,土城區,,,,無年齡維度,0.0,,土城區,土城里,556.0,438476.0,2970.0,9208.0,333520.0,18495.0,10146.0,1024.0,697.0,46194.0,11635.0,3220.0,369.0,998.0,257509.0,362465.0,1155.0,,,,,,,,,,,
105,,7.0,土城區,,,,無年齡維度,0.0,,土城區,員林里,1838.0,1526594.0,16159.0,27636.0,1184653.0,54302.0,41557.0,2979.0,1671.0,170253.0,1287.0,17306.0,25.0,8766.0,916083.0,1258024.0,650.0,,,,,,,,,,,
105,,7.0,土城區,,,,無年齡維度,0.0,,土城區,貨饒里,1296.0,981662.0,9992.0,14568.0,825548.0,37763.0,19680.0,3252.0,1472.0,58020.0,31.0,8761.0,0.0,2575.0,637902.0,794016.0,369.0,,,,,,,,,,,
105,,7.0,土城區,,,,無年齡維度,0.0,,土城區,柑林里,980.0,928800.0,8443.0,12151.0,789419.0,28081.0,13243.0,2412.0,1186.0,65536.0,140.0,6844.0,0.0,1345.0,633411.0,772792.0,1333.0,,,,,,,,,,,
105,,7.0,土城區,,,,無年齡維度,0.0,,土城區,埤林里,2819.0,2541938.0,25576.0,42538.0,2100963.0,88386.0,37422.0,3788.0,3571.0,198243.0,2013.0,31931.0,708.0,6799.0,1674233.0,2115036.0,3605.0,,,,,,,,,,,
105,,7.0,土城區,,,,無年齡維度,0.0,,土城區,峰廷里,2027.0,1388333.0,13832.0,16977.0,1196927.0,35902.0,13301.0,1900.0,2306.0,88180.0,1103.0,13723.0,44.0,4138.0,889287.0,1080692.0,1058.0,,,,,,,,,,,
105,,7.0,土城區,,,,無年齡維度,0.0,,土城區,廷寮里,1350.0,981320.0,17181.0,8752.0,813890.0,31432.0,14916.0,2004.0,1351.0,81953.0,0.0,7690.0,0.0,2150.0,611630.0,779060.0,172.0,,,,,,,,,,,
105,,7.0,土城區,,,,無年齡維度,0.0,,土城區,清水里,2294.0,1677535.0,18853.0,24457.0,1438856.0,53074.0,15120.0,1829.0,2255.0,106515.0,60.0,14603.0,257.0,1656.0,1088452.0,1327131.0,2271.0,,,,,,,,,,,
105,,7.0,土城區,,,,無年齡維度,0.0,,土城區,清化里,421.0,316534.0,7450.0,5330.0,252573.0,9804.0,16252.0,502.0,375.0,20665.0,0.0,2155.0,685.0,743.0,192328.0,256290.0,1983.0,,,,,,,,,,,
105,,7.0,土城區,,,,無年齡維度,0.0,,土城區,大安里,1439.0,1108579.0,15554.0,11157.0,819957.0,39058.0,53129.0,2645.0,1262.0,144921.0,189.0,11653.0,0.0,9053.0,610204.0,898826.0,849.0,,,,,,,,,,,
105,,7.0,土城區,,,,無年齡維度,0.0,,土城區,永寧里,2454.0,1939841.0,22972.0,22174.0,1606773.0,56451.0,27018.0,2855.0,2782.0,175325.0,117.0,18238.0,673.0,4462.0,1228027.0,1561041.0,2764.0,,,,,,,,,,,
105,,7.0,土城區,,,,無年齡維度,0.0,,土城區,祖田里,453.0,284406.0,4383.0,2185.0,241082.0,7156.0,5646.0,159.0,207.0,18928.0,0.0,3448.0,0.0,1212.0,172212.0,215535.0,121.0,,,,,,,,,,,
105,,7.0,土城區,,,,無年齡維度,0.0,,土城區,頂埔里,1453.0,1158419.0,13166.0,11358.0,905198.0,33055.0,19768.0,3587.0,1052.0,156057.0,0.0,12228.0,458.0,2492.0,682065.0,935286.0,1118.0,,,,,,,,,,,
105,,7.0,土城區,,,,無年齡維度,0.0,,土城區,沛陂里,1375.0,1150800.0,15262.0,12260.0,899526.0,32144.0,11028.0,3304.0,1437.0,162241.0,0.0,9947.0,348.0,3303.0,685710.0,936985.0,1389.0,,,,,,,,,,,
105,,7.0,土城區,,,,無年齡維度,0.0,,土城區,頂新里,948.0,951189.0,11673.0,17777.0,799536.0,28054.0,7897.0,7333.0,1362.0,63213.0,88.0,12177.0,0.0,2079.0,646883.0,798537.0,728.0,,,,,,,,,,,
105,,7.0,土城區,,,,無年齡維度,0.0,,土城區,長風里,670.0,599128.0,9677.0,10032.0,474141.0,44014.0,5048.0,788.0,536.0,49243.0,314.0,3566.0,321.0,1451.0,374918.0,499801.0,1526.0,,,,,,,,,,,
105,,7.0,土城區,,,,無年齡維度,0.0,,土城區,頂福里,1447.0,1020347.0,16579.0,10568.0,856132.0,29035.0,8838.0,1539.0,1349.0,78174.0,367.0,16069.0,60.0,1637.0,640452.0,804668.0,511.0,,,,,,,,,,,
105,,7.0,土城區,,,,無年齡維度,0.0,,土城區,員仁里,1677.0,1155841.0,15868.0,10379.0,896439.0,36572.0,32126.0,6914.0,2497.0,137673.0,143.0,11345.0,60.0,5826.0,651734.0,911136.0,1001.0,,,,,,,,,,,
105,,7.0,土城區,,,,無年齡維度,0.0,,土城區,日新里,1359.0,988319.0,9966.0,12421.0,839249.0,29060.0,19859.0,631.0,2005.0,65300.0,40.0,7357.0,1233.0,1200.0,641240.0,790311.0,2726.0,,,,,,,,,,,
105,,7.0,土城區,,,,無年齡維度,0.0,,土城區,瑞興里,893.0,668094.0,7954.0,7346.0,571101.0,26389.0,11646.0,1065.0,591.0,35784.0,175.0,4702.0,0.0,1341.0,438801.0,535794.0,174.0,,,,,,,,,,,
105,,7.0,土城區,,,,無年齡維度,0.0,,土城區,清溪里,1881.0,1580496.0,19357.0,40691.0,1277772.0,58058.0,24366.0,4223.0,1660.0,140045.0,1657.0,11940.0,21.0,708.0,996966.0,1299691.0,1427.0,,,,,,,,,,,
105,,7.0,土城區,,,,無年齡維度,0.0,,土城區,清和里,1705.0,1127923.0,13082.0,10682.0,985679.0,26662.0,7822.0,2920.0,1860.0,63930.0,3.0,13799.0,0.0,1483.0,733027.0,875270.0,550.0,,,,,,,,,,,
105,,7.0,土城區,,,,無年齡維度,0.0,,土城區,永豐里,1333.0,1273856.0,13003.0,13867.0,1028664.0,41833.0,11923.0,2344.0,2921.0,124413.0,93.0,32315.0,183.0,2298.0,817816.0,1063008.0,1173.0,,,,,,,,,,,
105,,7.0,土城區,,,,無年齡維度,0.0,,土城區,日和里,1675.0,1241192.0,16213.0,16140.0,1041688.0,35593.0,22979.0,1505.0,1531.0,92213.0,111.0,7139.0,100.0,5979.0,795150.0,994653.0,1196.0,,,,,,,,,,,
105,,7.0,土城區,,,,無年齡維度,0.0,,土城區,平和里,2025.0,1477666.0,21627.0,19606.0,1244534.0,44776.0,15800.0,2150.0,2064.0,113444.0,1772.0,10393.0,35.0,1466.0,943765.0,1176894.0,1455.0,,,,,,,,,,,
105,,7.0,土城區,,,,無年齡維度,0.0,,土城區,樂利里,1616.0,1192584.0,18976.0,17777.0,1016884.0,40728.0,16515.0,2076.0,1718.0,60060.0,42.0,11565.0,0.0,6242.0,779282.0,955208.0,1102.0,,,,,,,,,,,
105,,7.0,土城區,,,,無年齡維度,0.0,,土城區,廣福里,1780.0,1615316.0,16127.0,19433.0,1270275.0,62802.0,27470.0,3913.0,2036.0,196417.0,102.0,14284.0,0.0,2457.0,999307.0,1344348.0,1053.0,,,,,,,,,,,
105,,7.0,土城區,,,,無年齡維度,0.0,,土城區,學府里,1113.0,854302.0,10196.0,13170.0,700078.0,30148.0,33755.0,1446.0,1229.0,51975.0,0.0,10283.0,243.0,1781.0,533074.0,687299.0,1285.0,,,,,,,,,,,
105,,7.0,土城區,,,,無年齡維度,0.0,,土城區,延壽里,1261.0,891473.0,17650.0,14783.0,754844.0,25154.0,12219.0,2077.0,1049.0,53326.0,230.0,7654.0,4.0,2483.0,564578.0,701206.0,740.0,,,,,,,,,,,
105,,7.0,土城區,,,,無年齡維度,0.0,,土城區,安和里,1417.0,1031212.0,14787.0,12642.0,908351.0,26325.0,5630.0,901.0,1895.0,51708.0,282.0,7619.0,0.0,1071.0,689370.0,812230.0,564.0,,,,,,,,,,,
105,,7.0,土城區,,,,無年齡維度,0.0,,土城區,青雲里,832.0,665070.0,6659.0,9916.0,545825.0,23440.0,11081.0,1160.0,865.0,54125.0,0.0,9908.0,291.0,1801.0,423777.0,543022.0,731.0,,,,,,,,,,,
105,,7.0,土城區,,,,無年齡維度,0.0,,土城區,員福里,1645.0,1197098.0,15591.0,29592.0,958054.0,46857.0,32979.0,1128.0,1498.0,87627.0,766.0,11582.0,3590.0,7835.0,722515.0,961416.0,6665.0,,,,,,,,,,,
105,,7.0,土城區,,,,無年齡維度,0.0,,土城區,延吉里,1104.0,739583.0,20561.0,8446.0,630071.0,21123.0,5113.0,1092.0,566.0,43794.0,1846.0,6141.0,0.0,830.0,468305.0,577817.0,141.0,,,,,,,,,,,
105,,7.0,土城區,,,,無年齡維度,0.0,,土城區,復興里,1390.0,1125987.0,12428.0,20612.0,922900.0,37722.0,16505.0,1058.0,2233.0,100822.0,1574.0,8823.0,258.0,1051.0,717850.0,921258.0,1345.0,,,,,,,,,,,
105,,7.0,土城區,,,,無年齡維度,0.0,,土城區,裕生里,1684.0,1372259.0,19370.0,27489.0,1140629.0,42643.0,26285.0,2437.0,1352.0,92379.0,0.0,15625.0,380.0,3670.0,889386.0,1120650.0,1530.0,,,,,,,,,,,
105,,7.0,土城區,,,,無年齡維度,0.0,,土城區,員信里,1345.0,1015568.0,11064.0,23240.0,832266.0,37972.0,24089.0,1061.0,1229.0,75759.0,0.0,6592.0,3.0,2292.0,635671.0,818973.0,281.0,,,,,,,,,,,
105,,7.0,土城區,,,,無年齡維度,0.0,,土城區,延和里,1925.0,1525951.0,20844.0,21073.0,1267891.0,42456.0,30018.0,1675.0,2257.0,114176.0,85.0,23016.0,0.0,2459.0,976168.0,1234228.0,612.0,,,,,,,,,,,
105,,7.0,土城區,,,,無年齡維度,0.0,,土城區,學成里,1040.0,834934.0,11418.0,8313.0,669597.0,22895.0,10601.0,2532.0,866.0,98692.0,160.0,8727.0,494.0,640.0,510769.0,676106.0,1331.0,,,,,,,,,,,
105,,7.0,土城區,,,,無年齡維度,0.0,,土城區,永富里,1431.0,961521.0,14354.0,12049.0,851500.0,27216.0,6779.0,1053.0,1552.0,34355.0,28.0,10607.0,0.0,2029.0,636495.0,746516.0,1146.0,,,,,,,,,,,
105,,7.0,土城區,,,,無年齡維度,0.0,,土城區,中正里,979.0,800677.0,8464.0,13237.0,677429.0,25362.0,8706.0,801.0,1063.0,58199.0,2179.0,4909.0,0.0,329.0,528835.0,652083.0,589.0,,,,,,,,,,,
105,,7.0,土城區,,,,無年齡維度,0.0,,土城區,學士里,1481.0,1528853.0,12248.0,19031.0,1272837.0,58572.0,13841.0,2985.0,2347.0,112247.0,1153.0,23876.0,93.0,9623.0,1035788.0,1291804.0,2027.0,,,,,,,,,,,
105,,7.0,土城區,,,,無年齡維度,0.0,,土城區,明德里,1963.0,2016841.0,13716.0,25947.0,1643141.0,79969.0,38545.0,5435.0,2473.0,178334.0,2453.0,19248.0,794.0,6785.0,1339886.0,1713359.0,3373.0,,,,,,,,,,,
105,,7.0,土城區,,,,無年齡維度,0.0,,土城區,廣興里,1127.0,908318.0,10671.0,16422.0,750715.0,31552.0,12854.0,2039.0,1262.0,70006.0,564.0,6736.0,47.0,5450.0,583965.0,741538.0,1057.0,,,,,,,,,,,
105,,7.0,土城區,,,,無年齡維度,0.0,,土城區,青山里,821.0,620198.0,17468.0,39766.0,473856.0,18130.0,10004.0,1566.0,1673.0,52415.0,57.0,4332.0,63.0,868.0,357003.0,503344.0,364.0,,,,,,,,,,,
105,,7.0,土城區,,,,無年齡維度,0.0,,土城區,金城里,1808.0,1507923.0,14773.0,26181.0,1304692.0,42791.0,10214.0,3557.0,2175.0,85547.0,304.0,15290.0,7.0,2392.0,1022080.0,1225312.0,778.0,,,,,,,,,,,
105,,7.0,土城區,,,,無年齡維度,0.0,,土城區,延祿里,1111.0,786392.0,10416.0,13156.0,687427.0,17527.0,10736.0,1031.0,1547.0,36015.0,150.0,7990.0,0.0,396.0,516389.0,615355.0,77.0,,,,,,,,,,,
105,,7.0,土城區,,,,無年齡維度,0.0,,土城區,其他,2.0,641.0,0.0,0.0,625.0,13.0,0.0,0.0,1.0,0.0,0.0,1.0,0.0,0.0,369.0,385.0,0.0,,,,,,,,,,,
105,,7.0,土城區,,,,無年齡維度,0.0,,土城區,合計,66292.0,52471570.0,658307.0,795714.0,43333103.0,1710293.0,851250.0,106456.0,73746.0,4222729.0,33397.0,534155.0,11890.0,140530.0,33363588.0,42501500.0,59134.0,,,,,,,,,,,
105,,8.0,蘆洲區,,,,無年齡維度,0.0,,蘆洲區,樓厝里,1891.0,1554504.0,29944.0,24933.0,1254401.0,51485.0,38654.0,4242.0,1983.0,116492.0,358.0,20852.0,986.0,10172.0,981523.0,1281224.0,2521.0,,,,,,,,,,,
105,,8.0,蘆洲區,,,,無年齡維度,0.0,,蘆洲區,保和里,709.0,532237.0,9767.0,8937.0,421682.0,25019.0,17400.0,1272.0,824.0,40145.0,402.0,2216.0,783.0,3790.0,320795.0,431350.0,1903.0,,,,,,,,,,,
105,,8.0,蘆洲區,,,,無年齡維度,0.0,,蘆洲區,得勝里,946.0,716459.0,14355.0,12200.0,533397.0,31153.0,34770.0,774.0,826.0,69699.0,28.0,8681.0,221.0,10354.0,405194.0,588015.0,890.0,,,,,,,,,,,
105,,8.0,蘆洲區,,,,無年齡維度,0.0,,蘆洲區,仁復里,578.0,479279.0,9264.0,12268.0,354732.0,23600.0,18686.0,1362.0,469.0,53707.0,0.0,3444.0,0.0,1748.0,279033.0,403580.0,583.0,,,,,,,,,,,
105,,8.0,蘆洲區,,,,無年齡維度,0.0,,蘆洲區,溪墘里,881.0,656206.0,8442.0,6503.0,529027.0,25150.0,15399.0,720.0,1166.0,64915.0,53.0,3411.0,0.0,1419.0,404763.0,531941.0,582.0,,,,,,,,,,,
105,,8.0,蘆洲區,,,,無年齡維度,0.0,,蘆洲區,中路里,1178.0,852841.0,15823.0,9608.0,705934.0,29585.0,18963.0,1715.0,786.0,61647.0,0.0,5755.0,16.0,3007.0,532702.0,679598.0,670.0,,,,,,,,,,,
105,,8.0,蘆洲區,,,,無年齡維度,0.0,,蘆洲區,正義里,3941.0,4674472.0,88166.0,87683.0,3434581.0,148453.0,135035.0,14637.0,6269.0,618998.0,4630.0,96645.0,1341.0,38034.0,2796874.0,4036617.0,5714.0,,,,,,,,,,,
105,,8.0,蘆洲區,,,,無年齡維度,0.0,,蘆洲區,水湳里,3092.0,2642621.0,45270.0,23545.0,2143400.0,95900.0,49438.0,4568.0,3740.0,213793.0,326.0,25060.0,207.0,37372.0,1673279.0,2172863.0,1792.0,,,,,,,,,,,
105,,8.0,蘆洲區,,,,無年齡維度,0.0,,蘆洲區,保佑里,1063.0,787387.0,12345.0,10034.0,661209.0,23476.0,17099.0,951.0,1269.0,54141.0,0.0,3820.0,109.0,2934.0,503603.0,629779.0,1075.0,,,,,,,,,,,
105,,8.0,蘆洲區,,,,無年齡維度,0.0,,蘆洲區,樹德里,1000.0,786251.0,8686.0,7801.0,630852.0,24205.0,32047.0,677.0,1166.0,70343.0,1370.0,5937.0,192.0,2975.0,486109.0,641373.0,983.0,,,,,,,,,,,
105,,8.0,蘆洲區,,,,無年齡維度,0.0,,蘆洲區,中原里,1588.0,1289123.0,25727.0,15083.0,1039376.0,44077.0,34622.0,2745.0,1364.0,114824.0,200.0,8197.0,23.0,2885.0,807196.0,1056943.0,1088.0,,,,,,,,,,,
105,,8.0,蘆洲區,,,,無年齡維度,0.0,,蘆洲區,恆德里,1828.0,1574893.0,22551.0,22463.0,1266135.0,56228.0,38539.0,2459.0,1798.0,127934.0,127.0,18963.0,37.0,17659.0,992538.0,1301910.0,931.0,,,,,,,,,,,
105,,8.0,蘆洲區,,,,無年齡維度,0.0,,蘆洲區,光華里,1441.0,1137660.0,12108.0,11051.0,947745.0,45878.0,17510.0,1347.0,1709.0,89792.0,22.0,8001.0,99.0,2398.0,736377.0,926265.0,790.0,,,,,,,,,,,
105,,8.0,蘆洲區,,,,無年齡維度,0.0,,蘆洲區,鷺江里,1580.0,1387567.0,21250.0,9242.0,1058765.0,60092.0,39483.0,1866.0,974.0,159868.0,295.0,7222.0,0.0,28511.0,821851.0,1151567.0,516.0,,,,,,,,,,,
105,,8.0,蘆洲區,,,,無年齡維度,0.0,,蘆洲區,南港里,1598.0,1203183.0,18528.0,11881.0,999769.0,41322.0,12796.0,1875.0,2088.0,94162.0,407.0,12349.0,199.0,7806.0,756034.0,959855.0,1086.0,,,,,,,,,,,
105,,8.0,蘆洲區,,,,無年齡維度,0.0,,蘆洲區,永樂里,1737.0,1459659.0,17307.0,23798.0,1143163.0,53789.0,19055.0,1149.0,1985.0,176068.0,31.0,14934.0,40.0,8338.0,877840.0,1194007.0,1233.0,,,,,,,,,,,
105,,8.0,蘆洲區,,,,無年齡維度,0.0,,蘆洲區,永康里,1976.0,1508763.0,32554.0,21683.0,1255900.0,37100.0,14903.0,2978.0,1975.0,127246.0,223.0,9444.0,11.0,4747.0,950764.0,1202625.0,613.0,,,,,,,,,,,
105,,8.0,蘆洲區,,,,無年齡維度,0.0,,蘆洲區,信義里,1145.0,803190.0,14125.0,15988.0,659269.0,20913.0,19424.0,938.0,1045.0,56062.0,198.0,10233.0,0.0,4996.0,492625.0,636546.0,575.0,,,,,,,,,,,
105,,8.0,蘆洲區,,,,無年齡維度,0.0,,蘆洲區,玉清里,1744.0,1559314.0,21604.0,30536.0,1223516.0,53083.0,30980.0,2944.0,2224.0,165156.0,706.0,11013.0,638.0,16914.0,964028.0,1299826.0,2692.0,,,,,,,,,,,
105,,8.0,蘆洲區,,,,無年齡維度,0.0,,蘆洲區,復興里,966.0,665823.0,14910.0,9055.0,548309.0,16835.0,12114.0,897.0,653.0,56402.0,77.0,3829.0,369.0,2374.0,405570.0,523733.0,1505.0,,,,,,,,,,,
105,,8.0,蘆洲區,,,,無年齡維度,0.0,,蘆洲區,水河里,2643.0,2000605.0,39510.0,24588.0,1693615.0,55784.0,42364.0,2667.0,2361.0,118633.0,289.0,17137.0,26.0,3631.0,1283112.0,1591125.0,1345.0,,,,,,,,,,,
105,,8.0,蘆洲區,,,,無年齡維度,0.0,,蘆洲區,仁愛里,1556.0,1169761.0,23985.0,18381.0,955257.0,41312.0,19600.0,1354.0,1368.0,96206.0,375.0,8817.0,0.0,3107.0,728628.0,943132.0,983.0,,,,,,,,,,,
105,,8.0,蘆洲區,,,,無年齡維度,0.0,,蘆洲區,忠義里,880.0,691921.0,12968.0,5063.0,534263.0,19038.0,14250.0,1039.0,608.0,92426.0,232.0,9880.0,0.0,2153.0,402007.0,559665.0,426.0,,,,,,,,,,,
105,,8.0,蘆洲區,,,,無年齡維度,0.0,,蘆洲區,九芎里,1516.0,1117795.0,16149.0,17176.0,931853.0,27872.0,14236.0,678.0,1322.0,91610.0,1048.0,8366.0,674.0,6812.0,705472.0,891353.0,1948.0,,,,,,,,,,,
105,,8.0,蘆洲區,,,,無年齡維度,0.0,,蘆洲區,中華里,954.0,763815.0,16585.0,12130.0,609871.0,33309.0,16778.0,1624.0,1509.0,59921.0,0.0,7723.0,121.0,4244.0,471063.0,625008.0,772.0,,,,,,,,,,,
105,,8.0,蘆洲區,,,,無年齡維度,0.0,,蘆洲區,得仁里,928.0,687704.0,9738.0,6169.0,539924.0,19951.0,28043.0,2009.0,706.0,73901.0,107.0,5239.0,0.0,1917.0,403165.0,550946.0,317.0,,,,,,,,,,,
105,,8.0,蘆洲區,,,,無年齡維度,0.0,,蘆洲區,仁德里,1601.0,1290880.0,19433.0,15065.0,1049844.0,41631.0,21906.0,2968.0,2558.0,118233.0,786.0,10691.0,741.0,7024.0,810687.0,1051723.0,1723.0,,,,,,,,,,,
105,,8.0,蘆洲區,,,,無年齡維度,0.0,,蘆洲區,仁義里,1265.0,1164680.0,17392.0,16473.0,946430.0,40532.0,19571.0,4400.0,1401.0,96068.0,267.0,12199.0,153.0,9795.0,756669.0,974812.0,1029.0,,,,,,,,,,,
105,,8.0,蘆洲區,,,,無年齡維度,0.0,,蘆洲區,光明里,1327.0,1077940.0,14136.0,10910.0,853030.0,36088.0,20949.0,1948.0,1047.0,120063.0,237.0,5385.0,199.0,13948.0,656212.0,881023.0,820.0,,,,,,,,,,,
105,,8.0,蘆洲區,,,,無年齡維度,0.0,,蘆洲區,保新里,789.0,555131.0,7974.0,6288.0,455874.0,19641.0,23191.0,1476.0,617.0,34029.0,3.0,2707.0,129.0,3202.0,347162.0,446419.0,1026.0,,,,,,,,,,,
105,,8.0,蘆洲區,,,,無年齡維度,0.0,,蘆洲區,長安里,1341.0,932545.0,13875.0,9794.0,746021.0,32889.0,17873.0,977.0,1514.0,97595.0,139.0,8382.0,673.0,2812.0,550280.0,736805.0,2193.0,,,,,,,,,,,
105,,8.0,蘆洲區,,,,無年齡維度,0.0,,蘆洲區,民和里,737.0,531542.0,9553.0,6294.0,442360.0,16371.0,4653.0,549.0,500.0,42044.0,38.0,3475.0,29.0,5677.0,333608.0,424100.0,607.0,,,,,,,,,,,
105,,8.0,蘆洲區,,,,無年齡維度,0.0,,蘆洲區,忠孝里,741.0,544933.0,5937.0,5051.0,464835.0,18329.0,5074.0,336.0,642.0,37224.0,32.0,2648.0,135.0,4690.0,353801.0,434732.0,677.0,,,,,,,,,,,
105,,8.0,蘆洲區,,,,無年齡維度,0.0,,蘆洲區,福安里,968.0,755453.0,7809.0,9529.0,622228.0,28448.0,19112.0,1252.0,729.0,60353.0,245.0,4158.0,0.0,1591.0,477575.0,610800.0,334.0,,,,,,,,,,,
105,,8.0,蘆洲區,,,,無年齡維度,0.0,,蘆洲區,永安里,1499.0,1099014.0,24581.0,20655.0,888801.0,36790.0,15880.0,1187.0,1389.0,98045.0,0.0,6148.0,109.0,5429.0,666682.0,876895.0,1767.0,,,,,,,,,,,
105,,8.0,蘆洲區,,,,無年齡維度,0.0,,蘆洲區,延平里,1106.0,850658.0,13467.0,6464.0,719394.0,25618.0,10065.0,964.0,699.0,66464.0,177.0,5277.0,0.0,2070.0,545685.0,676949.0,458.0,,,,,,,,,,,
105,,8.0,蘆洲區,,,,無年齡維度,0.0,,蘆洲區,成功里,2055.0,1585242.0,24875.0,20225.0,1322408.0,45709.0,17076.0,2761.0,1863.0,133606.0,846.0,9083.0,82.0,6706.0,1005371.0,1268509.0,1459.0,,,,,,,,,,,
105,,8.0,蘆洲區,,,,無年齡維度,0.0,,蘆洲區,永德里,1255.0,926843.0,14780.0,17838.0,767030.0,31012.0,17639.0,1640.0,927.0,64551.0,12.0,6049.0,68.0,5298.0,581482.0,741256.0,787.0,,,,,,,,,,,
105,,8.0,蘆洲區,,,,無年齡維度,0.0,,蘆洲區,其他,9.0,11109.0,0.0,44.0,10681.0,222.0,0.0,0.0,3.0,83.0,0.0,73.0,0.0,3.0,9145.0,9573.0,0.0,,,,,,,,,,,
105,,8.0,蘆洲區,,,,無年齡維度,0.0,,蘆洲區,合計,54052.0,44029004.0,735476.0,602430.0,35364883.0,1477888.0,945178.0,79945.0,56077.0,4032449.0,14285.0,413440.0,8410.0,298542.0,27276505.0,35944443.0,46411.0,,,,,,,,,,,
105,,9.0,樹林區,,,,無年齡維度,0.0,,樹林區,樹東里,359.0,287949.0,2691.0,2342.0,187287.0,15707.0,23479.0,2441.0,150.0,50546.0,0.0,1949.0,0.0,1358.0,142757.0,243419.0,3.0,,,,,,,,,,,
105,,9.0,樹林區,,,,無年齡維度,0.0,,樹林區,彭厝里,1527.0,1055182.0,10980.0,9115.0,884378.0,31867.0,7871.0,2206.0,1162.0,99550.0,55.0,7450.0,0.0,548.0,648107.0,818911.0,512.0,,,,,,,,,,,
105,,9.0,樹林區,,,,無年齡維度,0.0,,樹林區,樹西里,1670.0,1519527.0,8946.0,26154.0,1130946.0,77514.0,43951.0,2012.0,2060.0,204751.0,2499.0,18119.0,227.0,2347.0,892648.0,1281229.0,1647.0,,,,,,,,,,,
105,,9.0,樹林區,,,,無年齡維度,0.0,,樹林區,坡內里,469.0,306199.0,9881.0,2662.0,239671.0,8299.0,5678.0,788.0,211.0,35084.0,0.0,2542.0,0.0,1381.0,174041.0,241073.0,72.0,,,,,,,,,,,
105,,9.0,樹林區,,,,無年齡維度,0.0,,樹林區,樹北里,282.0,240702.0,2120.0,7264.0,152771.0,16265.0,27141.0,1544.0,246.0,31457.0,0.0,970.0,19.0,905.0,119573.0,207505.0,437.0,,,,,,,,,,,
105,,9.0,樹林區,,,,無年齡維度,0.0,,樹林區,潭底里,1237.0,948877.0,15869.0,14194.0,714424.0,41358.0,33735.0,1165.0,1103.0,119883.0,212.0,5234.0,0.0,1700.0,539887.0,774340.0,358.0,,,,,,,,,,,
105,,9.0,樹林區,,,,無年齡維度,0.0,,樹林區,󿾵寮里,1412.0,999772.0,28957.0,14240.0,821302.0,24960.0,10101.0,1507.0,1526.0,87770.0,334.0,7308.0,18.0,1748.0,602911.0,781380.0,324.0,,,,,,,,,,,
105,,9.0,樹林區,,,,無年齡維度,0.0,,樹林區,三多里,1269.0,841809.0,17325.0,4967.0,623066.0,25582.0,25876.0,3186.0,933.0,136157.0,107.0,3803.0,0.0,807.0,441719.0,660461.0,96.0,,,,,,,,,,,
105,,9.0,樹林區,,,,無年齡維度,0.0,,樹林區,東山里,1025.0,699538.0,16052.0,6247.0,505791.0,22341.0,21910.0,4107.0,975.0,117055.0,0.0,3299.0,0.0,1761.0,357762.0,552292.0,407.0,,,,,,,,,,,
105,,9.0,樹林區,,,,無年齡維度,0.0,,樹林區,西山里,1.0,880.0,0.0,0.0,514.0,280.0,0.0,0.0,0.0,86.0,0.0,0.0,0.0,0.0,386.0,752.0,0.0,,,,,,,,,,,
105,,9.0,樹林區,,,,無年齡維度,0.0,,樹林區,樂山里,431.0,325082.0,8562.0,2776.0,256552.0,17003.0,3037.0,950.0,589.0,32464.0,0.0,2693.0,0.0,456.0,191536.0,260066.0,161.0,,,,,,,,,,,
105,,9.0,樹林區,,,,無年齡維度,0.0,,樹林區,東園里,450.0,337461.0,5943.0,4123.0,250807.0,14518.0,15962.0,1090.0,406.0,36038.0,3810.0,2614.0,0.0,2150.0,183685.0,270339.0,26.0,,,,,,,,,,,
105,,9.0,樹林區,,,,無年齡維度,0.0,,樹林區,西園里,494.0,331490.0,6099.0,697.0,258755.0,10397.0,11994.0,500.0,239.0,40327.0,568.0,910.0,127.0,878.0,185505.0,258158.0,448.0,,,,,,,,,,,
105,,9.0,樹林區,,,,無年齡維度,0.0,,樹林區,南園里,4623.0,5464358.0,46268.0,111605.0,4251786.0,173172.0,96785.0,26550.0,8118.0,643291.0,6842.0,78829.0,1841.0,19272.0,3540760.0,4753044.0,10149.0,,,,,,,,,,,
105,,9.0,樹林區,,,,無年齡維度,0.0,,樹林區,北園里,611.0,426949.0,11728.0,2201.0,303323.0,18187.0,19465.0,781.0,330.0,64682.0,147.0,3604.0,0.0,2501.0,214078.0,337704.0,221.0,,,,,,,,,,,
105,,9.0,樹林區,,,,無年齡維度,0.0,,樹林區,柑園里,3002.0,3905840.0,48441.0,70767.0,2824298.0,130701.0,79138.0,50371.0,6256.0,597966.0,9377.0,63581.0,1171.0,23775.0,2365517.0,3446961.0,6936.0,,,,,,,,,,,
105,,9.0,樹林區,,,,無年齡維度,0.0,,樹林區,樹南里,1306.0,1073771.0,7406.0,16152.0,862524.0,39135.0,14511.0,788.0,1355.0,120189.0,801.0,9225.0,0.0,1684.0,663441.0,874688.0,344.0,,,,,,,,,,,
105,,9.0,樹林區,,,,無年齡維度,0.0,,樹林區,樹德里,1150.0,898268.0,9024.0,11271.0,714927.0,40484.0,12406.0,1557.0,1049.0,95331.0,1044.0,7964.0,2441.0,771.0,549911.0,733227.0,4305.0,,,,,,,,,,,
105,,9.0,樹林區,,,,無年齡維度,0.0,,樹林區,樹人里,1055.0,853193.0,11271.0,14454.0,678195.0,36071.0,13083.0,1224.0,958.0,90466.0,6.0,6651.0,0.0,812.0,519119.0,694116.0,822.0,,,,,,,,,,,
105,,9.0,樹林區,,,,無年齡維度,0.0,,樹林區,保安里,1901.0,1546178.0,18402.0,26220.0,1251973.0,59008.0,23374.0,1220.0,1905.0,147759.0,183.0,13366.0,562.0,2206.0,976547.0,1270738.0,1636.0,,,,,,,,,,,
105,,9.0,樹林區,,,,無年齡維度,0.0,,樹林區,三福里,1113.0,747128.0,7936.0,5381.0,638117.0,25778.0,10596.0,846.0,625.0,50602.0,12.0,6158.0,92.0,985.0,474488.0,583440.0,681.0,,,,,,,,,,,
105,,9.0,樹林區,,,,無年齡維度,0.0,,樹林區,三興里,1162.0,743540.0,14856.0,8528.0,634053.0,20594.0,12972.0,1019.0,1440.0,42401.0,0.0,6192.0,0.0,1484.0,458921.0,569414.0,211.0,,,,,,,,,,,
105,,9.0,樹林區,,,,無年齡維度,0.0,,樹林區,大同里,1066.0,850371.0,14680.0,12331.0,689611.0,36768.0,15306.0,1370.0,923.0,72397.0,39.0,5689.0,0.0,1255.0,525142.0,685902.0,271.0,,,,,,,,,,,
105,,9.0,樹林區,,,,無年齡維度,0.0,,樹林區,彭福里,1513.0,1175089.0,18216.0,12966.0,1000365.0,36847.0,14408.0,2392.0,1107.0,76750.0,10.0,9242.0,0.0,2785.0,766096.0,940819.0,418.0,,,,,,,,,,,
105,,9.0,樹林區,,,,無年齡維度,0.0,,樹林區,東陽里,1776.0,1262838.0,18658.0,18704.0,1091254.0,36960.0,10475.0,1809.0,1197.0,76508.0,767.0,6091.0,153.0,261.0,814475.0,986058.0,961.0,,,,,,,,,,,
105,,9.0,樹林區,,,,無年齡維度,0.0,,樹林區,東昇里,1513.0,1192865.0,16612.0,18784.0,954330.0,38503.0,20368.0,1220.0,1139.0,126086.0,658.0,9183.0,709.0,5273.0,721292.0,959613.0,2265.0,,,,,,,,,,,
105,,9.0,樹林區,,,,無年齡維度,0.0,,樹林區,和平里,1140.0,787614.0,12986.0,9800.0,626538.0,25569.0,15279.0,2050.0,1196.0,77761.0,61.0,6310.0,205.0,9857.0,464772.0,625848.0,878.0,,,,,,,,,,,
105,,9.0,樹林區,,,,無年齡維度,0.0,,樹林區,圳福里,1279.0,1065832.0,9047.0,9848.0,772963.0,24576.0,15869.0,2411.0,1281.0,222811.0,3.0,5316.0,0.0,1706.0,576920.0,869788.0,379.0,,,,,,,,,,,
105,,9.0,樹林區,,,,無年齡維度,0.0,,樹林區,圳安里,1174.0,819627.0,13574.0,4423.0,661972.0,23677.0,20322.0,632.0,1081.0,88547.0,0.0,4574.0,0.0,826.0,480036.0,637691.0,294.0,,,,,,,,,,,
105,,9.0,樹林區,,,,無年齡維度,0.0,,樹林區,樹興里,1123.0,878497.0,7320.0,9725.0,736430.0,34240.0,12611.0,1019.0,924.0,60160.0,711.0,9573.0,4.0,5780.0,566026.0,708093.0,784.0,,,,,,,,,,,
105,,9.0,樹林區,,,,無年齡維度,0.0,,樹林區,彭興里,1627.0,1065982.0,12316.0,12286.0,925464.0,24265.0,8072.0,1282.0,1826.0,64745.0,6065.0,7131.0,95.0,2436.0,678892.0,819410.0,928.0,,,,,,,,,,,
105,,9.0,樹林區,,,,無年齡維度,0.0,,樹林區,文林里,1530.0,1224334.0,12659.0,32697.0,1016738.0,37877.0,10567.0,2182.0,1660.0,94152.0,313.0,14026.0,0.0,1463.0,777751.0,985347.0,243.0,,,,,,,,,,,
105,,9.0,樹林區,,,,無年齡維度,0.0,,樹林區,光興里,1133.0,739326.0,12411.0,9547.0,617773.0,20587.0,11419.0,1965.0,684.0,58494.0,618.0,4314.0,90.0,1425.0,446623.0,568176.0,412.0,,,,,,,,,,,
105,,9.0,樹林區,,,,無年齡維度,0.0,,樹林區,金寮里,1242.0,892379.0,14352.0,10511.0,725640.0,23004.0,17219.0,2160.0,1388.0,91800.0,0.0,4800.0,0.0,1505.0,535034.0,701773.0,197.0,,,,,,,,,,,
105,,9.0,樹林區,,,,無年齡維度,0.0,,樹林區,中山里,1493.0,1157546.0,13518.0,15255.0,964925.0,36902.0,15791.0,1715.0,1834.0,92563.0,4078.0,8033.0,41.0,2889.0,729665.0,922286.0,624.0,,,,,,,,,,,
105,,9.0,樹林區,,,,無年齡維度,0.0,,樹林區,山佳里,1689.0,1230193.0,24032.0,13531.0,1047730.0,29009.0,23902.0,3110.0,1337.0,80092.0,93.0,6630.0,260.0,468.0,782107.0,964437.0,1312.0,,,,,,,,,,,
105,,9.0,樹林區,,,,無年齡維度,0.0,,樹林區,育英里,943.0,824473.0,9431.0,14365.0,647605.0,36214.0,21652.0,1014.0,1064.0,75863.0,33.0,14310.0,672.0,2251.0,507424.0,684030.0,1871.0,,,,,,,,,,,
105,,9.0,樹林區,,,,無年齡維度,0.0,,樹林區,樹福里,1221.0,1352116.0,12785.0,22277.0,955151.0,56737.0,48036.0,4194.0,1502.0,231021.0,1041.0,12388.0,142.0,6843.0,775193.0,1172140.0,1156.0,,,,,,,,,,,
105,,9.0,樹林區,,,,無年齡維度,0.0,,樹林區,中華里,1025.0,739904.0,7322.0,10248.0,637619.0,17556.0,9208.0,4970.0,1389.0,43416.0,253.0,4929.0,0.0,2996.0,478083.0,580368.0,601.0,,,,,,,,,,,
105,,9.0,樹林區,,,,無年齡維度,0.0,,樹林區,太順里,790.0,518482.0,4382.0,2461.0,455280.0,11995.0,2897.0,294.0,1024.0,35188.0,52.0,3538.0,1.0,1370.0,335281.0,398739.0,227.0,,,,,,,,,,,
105,,9.0,樹林區,,,,無年齡維度,0.0,,樹林區,圳民里,858.0,617162.0,10191.0,6928.0,487454.0,17912.0,15616.0,741.0,832.0,72541.0,0.0,4066.0,22.0,861.0,356270.0,485978.0,268.0,,,,,,,,,,,
105,,9.0,樹林區,,,,無年齡維度,0.0,,樹林區,圳生里,616.0,403928.0,10792.0,1979.0,265875.0,23370.0,21623.0,407.0,382.0,74941.0,0.0,3275.0,0.0,1283.0,183050.0,321102.0,163.0,,,,,,,,,,,
105,,9.0,樹林區,,,,無年齡維度,0.0,,樹林區,三龍里,701.0,487787.0,11516.0,5044.0,346308.0,18210.0,19681.0,868.0,1003.0,83256.0,87.0,1571.0,0.0,243.0,250485.0,391965.0,114.0,,,,,,,,,,,
105,,9.0,樹林區,,,,無年齡維度,0.0,,樹林區,其他,11.0,88204.0,0.0,0.0,4036.0,122.0,68.0,93.0,0.0,83870.0,0.0,15.0,0.0,0.0,2756.0,86924.0,0.0,,,,,,,,,,,
105,,9.0,樹林區,,,,無年齡維度,0.0,,樹林區,合計,52012.0,42928241.0,575556.0,615070.0,33816521.0,1460122.0,863453.0,143749.0,56413.0,4826817.0,40881.0,397466.0,8892.0,123303.0,25996668.0,35109745.0,44164.0,,,,,,,,,,,
105,,10.0,鶯歌區,,,,無年齡維度,0.0,,鶯歌區,東鶯里,288.0,229739.0,4706.0,1587.0,175582.0,11819.0,3603.0,321.0,306.0,27124.0,1010.0,2519.0,0.0,1161.0,135673.0,189830.0,76.0,,,,,,,,,,,
105,,10.0,鶯歌區,,,,無年齡維度,0.0,,鶯歌區,西鶯里,691.0,538217.0,6331.0,5797.0,436628.0,20209.0,11316.0,4256.0,1431.0,42826.0,0.0,8332.0,24.0,1065.0,335221.0,436810.0,419.0,,,,,,,,,,,
105,,10.0,鶯歌區,,,,無年齡維度,0.0,,鶯歌區,南鶯里,1632.0,1366722.0,16926.0,26605.0,1072854.0,57446.0,40148.0,1557.0,1619.0,134026.0,150.0,8952.0,44.0,6395.0,834211.0,1128079.0,893.0,,,,,,,,,,,
105,,10.0,鶯歌區,,,,無年齡維度,0.0,,鶯歌區,北鶯里,1240.0,1237248.0,13883.0,13844.0,1011949.0,31951.0,10453.0,3353.0,1542.0,126929.0,789.0,16482.0,395.0,5677.0,817644.0,1042875.0,2006.0,,,,,,,,,,,
105,,10.0,鶯歌區,,,,無年齡維度,0.0,,鶯歌區,中鶯里,299.0,227754.0,3875.0,2527.0,182496.0,10926.0,4101.0,122.0,285.0,21563.0,0.0,881.0,0.0,979.0,141522.0,186781.0,131.0,,,,,,,,,,,
105,,10.0,鶯歌區,,,,無年齡維度,0.0,,鶯歌區,建德里,126.0,84540.0,1609.0,625.0,72163.0,1687.0,1571.0,1.0,32.0,5794.0,0.0,671.0,0.0,387.0,52835.0,65211.0,17.0,,,,,,,,,,,
105,,10.0,鶯歌區,,,,無年齡維度,0.0,,鶯歌區,同慶里,513.0,396858.0,11850.0,4912.0,295352.0,14342.0,13800.0,355.0,215.0,44310.0,0.0,4042.0,86.0,7596.0,223350.0,325187.0,434.0,,,,,,,,,,,
105,,10.0,鶯歌區,,,,無年齡維度,0.0,,鶯歌區,南靖里,1004.0,715265.0,15704.0,9233.0,553907.0,24716.0,15347.0,2165.0,812.0,88821.0,91.0,3269.0,0.0,1199.0,408527.0,569884.0,308.0,,,,,,,,,,,
105,,10.0,鶯歌區,,,,無年齡維度,0.0,,鶯歌區,尖山里,2059.0,1527470.0,24849.0,20782.0,1271388.0,38587.0,14687.0,1698.0,2045.0,137965.0,3.0,11660.0,148.0,3658.0,953193.0,1209269.0,1256.0,,,,,,,,,,,
105,,10.0,鶯歌區,,,,無年齡維度,0.0,,鶯歌區,二橋里,2150.0,1583925.0,35321.0,16021.0,1348474.0,38871.0,18287.0,2834.0,2874.0,108310.0,289.0,10406.0,502.0,1736.0,1011929.0,1247708.0,2220.0,,,,,,,,,,,
105,,10.0,鶯歌區,,,,無年齡維度,0.0,,鶯歌區,二甲里,224.0,150131.0,1508.0,4845.0,126635.0,2817.0,2746.0,0.0,112.0,10698.0,0.0,634.0,0.0,137.0,92165.0,115661.0,0.0,,,,,,,,,,,
105,,10.0,鶯歌區,,,,無年齡維度,0.0,,鶯歌區,東湖里,72.0,52356.0,67.0,26.0,44036.0,1887.0,2364.0,0.0,12.0,2648.0,0.0,1304.0,0.0,12.0,33864.0,42184.0,3.0,,,,,,,,,,,
105,,10.0,鶯歌區,,,,無年齡維度,0.0,,鶯歌區,中湖里,1588.0,1027445.0,16585.0,9988.0,893901.0,28485.0,9752.0,909.0,1380.0,56112.0,0.0,7683.0,353.0,2298.0,651226.0,785684.0,790.0,,,,,,,,,,,
105,,10.0,鶯歌區,,,,無年齡維度,0.0,,鶯歌區,鳳鳴里,1362.0,905744.0,17917.0,16258.0,775344.0,24420.0,12364.0,1255.0,1114.0,48204.0,1063.0,6520.0,110.0,1174.0,570692.0,701092.0,664.0,,,,,,,,,,,
105,,10.0,鶯歌區,,,,無年齡維度,0.0,,鶯歌區,永昌里,2455.0,1835911.0,39039.0,27928.0,1508618.0,53051.0,21391.0,1925.0,1863.0,162575.0,157.0,17721.0,0.0,1643.0,1122618.0,1451080.0,528.0,,,,,,,,,,,
105,,10.0,鶯歌區,,,,無年齡維度,0.0,,鶯歌區,永吉里,1468.0,976120.0,14179.0,18629.0,842240.0,21255.0,8125.0,1438.0,1339.0,56766.0,1.0,9746.0,276.0,2126.0,616317.0,750993.0,1019.0,,,,,,,,,,,
105,,10.0,鶯歌區,,,,無年齡維度,0.0,,鶯歌區,鳳福里,1127.0,739739.0,13045.0,25029.0,628436.0,21906.0,7532.0,526.0,1421.0,33550.0,0.0,7511.0,0.0,783.0,462412.0,574043.0,418.0,,,,,,,,,,,
105,,10.0,鶯歌區,,,,無年齡維度,0.0,,鶯歌區,大湖里,1530.0,1108379.0,24216.0,12790.0,921683.0,38827.0,9111.0,740.0,1810.0,77638.0,0.0,8203.0,0.0,13361.0,697706.0,884929.0,611.0,,,,,,,,,,,
105,,10.0,鶯歌區,,,,無年齡維度,0.0,,鶯歌區,建國里,1887.0,1424819.0,27448.0,22300.0,1178298.0,34770.0,13222.0,2035.0,1364.0,129098.0,0.0,15369.0,8.0,907.0,888182.0,1135090.0,519.0,,,,,,,,,,,
105,,10.0,鶯歌區,,,,無年齡維度,0.0,,鶯歌區,鳳祥里,1339.0,950297.0,18153.0,10486.0,809900.0,23621.0,9776.0,1318.0,1308.0,65604.0,523.0,5221.0,0.0,4386.0,602872.0,743269.0,243.0,,,,,,,,,,,
105,,10.0,鶯歌區,,,,無年齡維度,0.0,,鶯歌區,其他,0.0,0.0,0.0,0.0,0.0,0.0,0.0,0.0,0.0,0.0,0.0,0.0,0.0,0.0,0.0,0.0,0.0,,,,,,,,,,,
105,,10.0,鶯歌區,,,,無年齡維度,0.0,,鶯歌區,合計,23054.0,17078679.0,307212.0,250212.0,14149885.0,501592.0,229697.0,26810.0,22883.0,1380561.0,4077.0,147125.0,1946.0,56679.0,10652159.0,13585659.0,12556.0,,,,,,,,,,,
105,,11.0,三峽區,,,,無年齡維度,0.0,,三峽區,三峽里,74.0,52947.0,1599.0,1205.0,36483.0,4351.0,2418.0,0.0,572.0,5175.0,0.0,594.0,0.0,549.0,28072.0,44535.0,14.0,,,,,,,,,,,
105,,11.0,三峽區,,,,無年齡維度,0.0,,三峽區,秀川里,170.0,116565.0,2551.0,742.0,100291.0,4905.0,2292.0,14.0,206.0,4763.0,0.0,670.0,0.0,131.0,76678.0,93431.0,15.0,,,,,,,,,,,
105,,11.0,三峽區,,,,無年齡維度,0.0,,三峽區,八張里,1087.0,784666.0,8832.0,10819.0,668901.0,26791.0,9814.0,1510.0,814.0,47533.0,478.0,8142.0,542.0,490.0,504464.0,620915.0,1356.0,,,,,,,,,,,
105,,11.0,三峽區,,,,無年齡維度,0.0,,三峽區,中埔里,830.0,621927.0,13515.0,5653.0,540581.0,12002.0,2663.0,1434.0,922.0,19671.0,366.0,24519.0,277.0,324.0,405685.0,487804.0,739.0,,,,,,,,,,,
105,,11.0,三峽區,,,,無年齡維度,0.0,,三峽區,礁溪里,1572.0,1157980.0,16124.0,22928.0,958283.0,36332.0,12495.0,2931.0,2105.0,81791.0,191.0,13116.0,0.0,11685.0,719504.0,919648.0,537.0,,,,,,,,,,,
105,,11.0,三峽區,,,,無年齡維度,0.0,,三峽區,永館里,2073.0,1746029.0,25674.0,31429.0,1313323.0,69120.0,78536.0,4331.0,2869.0,193134.0,227.0,18508.0,901.0,7978.0,1021671.0,1454375.0,3401.0,,,,,,,,,,,
105,,11.0,三峽區,,,,無年齡維度,0.0,,三峽區,鳶山里,2736.0,2175564.0,35225.0,24212.0,1814723.0,68712.0,45729.0,4187.0,4324.0,141209.0,1163.0,30434.0,103.0,5544.0,1404770.0,1765850.0,1913.0,,,,,,,,,,,
105,,11.0,三峽區,,,,無年齡維度,0.0,,三峽區,龍埔里,2659.0,2140045.0,41848.0,41708.0,1771382.0,60009.0,42055.0,7434.0,2949.0,143213.0,580.0,18830.0,15.0,10021.0,1374998.0,1744429.0,1330.0,,,,,,,,,,,
105,,11.0,三峽區,,,,無年齡維度,0.0,,三峽區,弘道里,280.0,186098.0,1851.0,4179.0,155628.0,3540.0,2395.0,324.0,91.0,16399.0,0.0,1494.0,0.0,195.0,111991.0,142461.0,17.0,,,,,,,,,,,
105,,11.0,三峽區,,,,無年齡維度,0.0,,三峽區,大埔里,1068.0,809837.0,15143.0,7014.0,687690.0,27258.0,14356.0,2479.0,661.0,49593.0,0.0,3578.0,0.0,2066.0,527172.0,649662.0,125.0,,,,,,,,,,,
105,,11.0,三峽區,,,,無年齡維度,0.0,,三峽區,嘉添里,556.0,407373.0,10098.0,6246.0,297441.0,14661.0,10630.0,1136.0,279.0,56087.0,0.0,8565.0,1408.0,821.0,221175.0,330855.0,2592.0,,,,,,,,,,,
105,,11.0,三峽區,,,,無年齡維度,0.0,,三峽區,添福里,297.0,198442.0,2885.0,1193.0,153928.0,5309.0,7647.0,63.0,444.0,23926.0,0.0,2645.0,0.0,403.0,109588.0,154398.0,165.0,,,,,,,,,,,
105,,11.0,三峽區,,,,無年齡維度,0.0,,三峽區,溪南里,348.0,250102.0,4723.0,2017.0,192231.0,8095.0,4828.0,602.0,377.0,28995.0,0.0,4126.0,0.0,4107.0,144714.0,202585.0,52.0,,,,,,,,,,,
105,,11.0,三峽區,,,,無年齡維度,0.0,,三峽區,溪北里,586.0,404188.0,5313.0,4342.0,327304.0,10701.0,8121.0,128.0,373.0,43627.0,0.0,3533.0,0.0,746.0,241787.0,318671.0,18.0,,,,,,,,,,,
105,,11.0,三峽區,,,,無年齡維度,0.0,,三峽區,溪東里,833.0,551351.0,8468.0,2628.0,468469.0,11829.0,10692.0,433.0,528.0,40606.0,61.0,5900.0,0.0,1736.0,342317.0,425199.0,371.0,,,,,,,,,,,
105,,11.0,三峽區,,,,無年齡維度,0.0,,三峽區,成福里,219.0,144924.0,1180.0,1251.0,125548.0,2902.0,3387.0,934.0,116.0,8138.0,0.0,867.0,0.0,601.0,92301.0,111677.0,89.0,,,,,,,,,,,
105,,11.0,三峽區,,,,無年齡維度,0.0,,三峽區,安坑里,289.0,183826.0,2443.0,4986.0,147489.0,5870.0,7439.0,0.0,272.0,13596.0,0.0,1602.0,0.0,129.0,106694.0,143031.0,351.0,,,,,,,,,,,
105,,11.0,三峽區,,,,無年齡維度,0.0,,三峽區,竹崙里,415.0,347566.0,4433.0,1575.0,203872.0,70475.0,12846.0,2269.0,178.0,47585.0,0.0,3648.0,6.0,678.0,150471.0,294165.0,388.0,,,,,,,,,,,
105,,11.0,三峽區,,,,無年齡維度,0.0,,三峽區,金圳里,96.0,62371.0,2030.0,868.0,47478.0,1060.0,1828.0,0.0,16.0,8000.0,0.0,880.0,0.0,210.0,34711.0,49603.0,228.0,,,,,,,,,,,
105,,11.0,三峽區,,,,無年齡維度,0.0,,三峽區,五寮里,159.0,97504.0,4762.0,3394.0,74885.0,4086.0,1550.0,196.0,62.0,7645.0,0.0,905.0,17.0,0.0,54787.0,77405.0,205.0,,,,,,,,,,,
105,,11.0,三峽區,,,,無年齡維度,0.0,,三峽區,插角里,136.0,102121.0,1796.0,1759.0,75610.0,4319.0,4355.0,15.0,42.0,12995.0,12.0,1118.0,0.0,99.0,57577.0,84302.0,8.0,,,,,,,,,,,
105,,11.0,三峽區,,,,無年齡維度,0.0,,三峽區,有木里,99.0,97409.0,1719.0,999.0,46569.0,3189.0,7339.0,2405.0,25.0,34418.0,0.0,316.0,0.0,430.0,34049.0,84888.0,21.0,,,,,,,,,,,
105,,11.0,三峽區,,,,無年齡維度,0.0,,三峽區,安溪里,2055.0,1609174.0,18103.0,14194.0,1356971.0,47009.0,15744.0,3374.0,2410.0,132543.0,2346.0,14161.0,455.0,1864.0,1038104.0,1291290.0,1993.0,,,,,,,,,,,
105,,11.0,三峽區,,,,無年齡維度,0.0,,三峽區,中正里,1292.0,900743.0,11662.0,11283.0,785236.0,19680.0,14177.0,595.0,2385.0,48391.0,0.0,6973.0,59.0,303.0,579824.0,695649.0,471.0,,,,,,,,,,,
105,,11.0,三峽區,,,,無年齡維度,0.0,,三峽區,介壽里,1630.0,1061526.0,18746.0,17700.0,890366.0,30803.0,19161.0,3523.0,1185.0,62033.0,0.0,11881.0,0.0,6127.0,647912.0,819356.0,181.0,,,,,,,,,,,
105,,11.0,三峽區,,,,無年齡維度,0.0,,三峽區,二鬮里,935.0,652580.0,12492.0,8749.0,556105.0,14998.0,4918.0,767.0,898.0,46795.0,146.0,5013.0,0.0,1699.0,414984.0,513288.0,623.0,,,,,,,,,,,
105,,11.0,三峽區,,,,無年齡維度,0.0,,三峽區,龍恩里,1819.0,2064793.0,17079.0,36098.0,1685175.0,74595.0,32604.0,6349.0,3021.0,165044.0,733.0,30430.0,419.0,13245.0,1407432.0,1786943.0,3334.0,,,,,,,,,,,
105,,11.0,三峽區,,,,無年齡維度,0.0,,三峽區,龍學里,4722.0,5697367.0,50682.0,103052.0,4509930.0,204267.0,112988.0,39342.0,8416.0,520624.0,27060.0,88899.0,4612.0,27494.0,3788245.0,4975690.0,15533.0,,,,,,,,,,,
105,,11.0,三峽區,,,,無年齡維度,0.0,,三峽區,其他,2.0,660.0,58.0,0.0,479.0,0.0,0.0,0.0,0.0,123.0,0.0,0.0,0.0,0.0,349.0,530.0,0.0,,,,,,,,,,,
105,,11.0,三峽區,,,,無年齡維度,0.0,,三峽區,合計,29037.0,24625678.0,341034.0,372227.0,19992371.0,846869.0,493010.0,86776.0,36540.0,2003651.0,33361.0,311347.0,8815.0,99678.0,15642023.0,20282635.0,36069.0,,,,,,,,,,,
105,,12.0,淡水區,,,,無年齡維度,0.0,,淡水區,草東里,239.0,210337.0,10133.0,2209.0,109496.0,10781.0,32688.0,547.0,199.0,38191.0,0.0,1668.0,0.0,4422.0,86385.0,187226.0,308.0,,,,,,,,,,,
105,,12.0,淡水區,,,,無年齡維度,0.0,,淡水區,長庚里,464.0,393503.0,5887.0,3357.0,251835.0,23764.0,49114.0,805.0,656.0,51660.0,40.0,2794.0,0.0,3590.0,194745.0,337307.0,163.0,,,,,,,,,,,
105,,12.0,淡水區,,,,無年齡維度,0.0,,淡水區,清文里,351.0,242017.0,3812.0,6383.0,174456.0,11782.0,19376.0,419.0,407.0,23375.0,0.0,870.0,0.0,1137.0,131809.0,199532.0,24.0,,,,,,,,,,,
105,,12.0,淡水區,,,,無年齡維度,0.0,,淡水區,鄧公里,2148.0,3304186.0,20060.0,32321.0,1848298.0,96259.0,38699.0,3217.0,3267.0,1228761.0,1188.0,22124.0,637.0,9354.0,1528583.0,2986401.0,5516.0,,,,,,,,,,,
105,,12.0,淡水區,,,,無年齡維度,0.0,,淡水區,永吉里,286.0,207480.0,1603.0,2750.0,166428.0,9109.0,3293.0,547.0,247.0,19326.0,0.0,1458.0,514.0,2205.0,127854.0,170326.0,1313.0,,,,,,,,,,,
105,,12.0,淡水區,,,,無年齡維度,0.0,,淡水區,協元里,446.0,316904.0,2116.0,9500.0,257022.0,13739.0,8279.0,295.0,339.0,19456.0,0.0,2976.0,150.0,3033.0,194673.0,255545.0,447.0,,,,,,,,,,,
105,,12.0,淡水區,,,,無年齡維度,0.0,,淡水區,民安里,217.0,191980.0,3328.0,459.0,108007.0,15043.0,23468.0,488.0,123.0,36861.0,7.0,1724.0,112.0,2360.0,85092.0,168953.0,381.0,,,,,,,,,,,
105,,12.0,淡水區,,,,無年齡維度,0.0,,淡水區,新生里,159.0,126831.0,1324.0,2256.0,97390.0,9368.0,4113.0,62.0,206.0,7715.0,405.0,2363.0,106.0,1521.0,76994.0,105815.0,416.0,,,,,,,,,,,
105,,12.0,淡水區,,,,無年齡維度,0.0,,淡水區,文化里,551.0,441465.0,7714.0,3822.0,363790.0,24965.0,9027.0,633.0,619.0,24662.0,2.0,3348.0,51.0,2832.0,290717.0,368708.0,1014.0,,,,,,,,,,,
105,,12.0,淡水區,,,,無年齡維度,0.0,,淡水區,油車里,1651.0,1327003.0,21621.0,18708.0,1052136.0,61097.0,23376.0,1797.0,9366.0,117471.0,252.0,8003.0,1061.0,12115.0,809430.0,1096683.0,5048.0,,,,,,,,,,,
105,,12.0,淡水區,,,,無年齡維度,0.0,,淡水區,沙崙里,1196.0,963432.0,15153.0,16913.0,778751.0,28857.0,16263.0,3531.0,2168.0,88483.0,121.0,7120.0,772.0,5302.0,606037.0,795133.0,3162.0,,,,,,,,,,,
105,,12.0,淡水區,,,,無年齡維度,0.0,,淡水區,水碓里,1750.0,1352581.0,19018.0,18343.0,1105670.0,71718.0,27059.0,1241.0,2012.0,93823.0,45.0,8950.0,204.0,4498.0,859345.0,1110327.0,1881.0,,,,,,,,,,,
105,,12.0,淡水區,,,,無年齡維度,0.0,,淡水區,北投里,3233.0,3192378.0,33816.0,51286.0,2699799.0,98019.0,40804.0,11735.0,5089.0,190491.0,922.0,43865.0,1776.0,14777.0,2210265.0,2704682.0,7187.0,,,,,,,,,,,
105,,12.0,淡水區,,,,無年齡維度,0.0,,淡水區,崁頂里,3683.0,3841147.0,33971.0,69960.0,3046617.0,119660.0,62021.0,34878.0,6237.0,384644.0,17054.0,48763.0,2114.0,15225.0,2499334.0,3295694.0,8726.0,,,,,,,,,,,
105,,12.0,淡水區,,,,無年齡維度,0.0,,淡水區,屯山里,292.0,200227.0,3815.0,768.0,169066.0,5957.0,4775.0,8.0,282.0,14509.0,0.0,1003.0,0.0,44.0,120986.0,152629.0,27.0,,,,,,,,,,,
105,,12.0,淡水區,,,,無年齡維度,0.0,,淡水區,中和里,158.0,120866.0,5487.0,579.0,78947.0,5233.0,2292.0,596.0,21.0,27264.0,0.0,413.0,0.0,34.0,55772.0,97692.0,0.0,,,,,,,,,,,
105,,12.0,淡水區,,,,無年齡維度,0.0,,淡水區,水源里,559.0,442586.0,4295.0,12682.0,336160.0,16408.0,19623.0,1785.0,396.0,44461.0,0.0,5063.0,196.0,1518.0,257039.0,364728.0,1077.0,,,,,,,,,,,
105,,12.0,淡水區,,,,無年齡維度,0.0,,淡水區,忠寮里,282.0,230863.0,3861.0,1652.0,171125.0,7304.0,13251.0,220.0,926.0,28776.0,0.0,850.0,2637.0,261.0,129003.0,188741.0,4103.0,,,,,,,,,,,
105,,12.0,淡水區,,,,無年齡維度,0.0,,淡水區,樹興里,396.0,507821.0,4832.0,36420.0,306708.0,25822.0,7153.0,2630.0,882.0,121589.0,178.0,1306.0,301.0,0.0,253459.0,454730.0,1329.0,,,,,,,,,,,
105,,12.0,淡水區,,,,無年齡維度,0.0,,淡水區,埤島里,452.0,382947.0,4505.0,6511.0,295306.0,16132.0,9779.0,650.0,481.0,45816.0,403.0,2280.0,0.0,1084.0,224512.0,317529.0,105.0,,,,,,,,,,,
105,,12.0,淡水區,,,,無年齡維度,0.0,,淡水區,興仁里,483.0,498290.0,3656.0,4552.0,275323.0,17447.0,7289.0,533.0,565.0,186517.0,41.0,1650.0,181.0,535.0,208772.0,432288.0,764.0,,,,,,,,,,,
105,,12.0,淡水區,,,,無年齡維度,0.0,,淡水區,義山里,753.0,512786.0,7877.0,6106.0,402769.0,20847.0,25613.0,77.0,1070.0,32203.0,7186.0,3229.0,0.0,5808.0,297356.0,407720.0,227.0,,,,,,,,,,,
105,,12.0,淡水區,,,,無年齡維度,0.0,,淡水區,蕃薯里,281.0,226779.0,5186.0,4988.0,181702.0,7884.0,4678.0,279.0,366.0,20241.0,29.0,1162.0,156.0,106.0,139221.0,184298.0,765.0,,,,,,,,,,,
105,,12.0,淡水區,,,,無年齡維度,0.0,,淡水區,忠山里,238.0,175177.0,4665.0,4492.0,123963.0,8110.0,11345.0,271.0,879.0,19688.0,0.0,675.0,0.0,1089.0,90927.0,143043.0,139.0,,,,,,,,,,,
105,,12.0,淡水區,,,,無年齡維度,0.0,,淡水區,賢孝里,411.0,408543.0,5833.0,10893.0,268391.0,16737.0,16956.0,876.0,2495.0,79201.0,0.0,4696.0,0.0,2464.0,209155.0,350029.0,0.0,,,,,,,,,,,
105,,12.0,淡水區,,,,無年齡維度,0.0,,淡水區,竿蓁里,3706.0,3980153.0,18745.0,45891.0,3128359.0,169343.0,84813.0,10295.0,4415.0,427990.0,2197.0,59405.0,3882.0,24819.0,2613560.0,3466918.0,14754.0,,,,,,,,,,,
105,,12.0,淡水區,,,,無年齡維度,0.0,,淡水區,坪頂里,449.0,449502.0,2496.0,11646.0,310328.0,16017.0,16068.0,1357.0,370.0,79881.0,3839.0,3731.0,926.0,2842.0,249278.0,389181.0,2463.0,,,,,,,,,,,
105,,12.0,淡水區,,,,無年齡維度,0.0,,淡水區,八勢里,2067.0,2936883.0,32581.0,43213.0,1860771.0,118334.0,114731.0,16970.0,2720.0,675618.0,2560.0,42411.0,2889.0,24084.0,1585482.0,2661795.0,10511.0,,,,,,,,,,,
105,,12.0,淡水區,,,,無年齡維度,0.0,,淡水區,竹圍里,2171.0,2111216.0,10422.0,34474.0,1734359.0,78667.0,40007.0,5178.0,2698.0,165064.0,843.0,30674.0,2107.0,6722.0,1425044.0,1802196.0,8059.0,,,,,,,,,,,
105,,12.0,淡水區,,,,無年齡維度,0.0,,淡水區,中興里,1111.0,861889.0,12558.0,11451.0,655022.0,45192.0,18880.0,1092.0,841.0,107714.0,579.0,5052.0,507.0,3002.0,503856.0,712328.0,2393.0,,,,,,,,,,,
105,,12.0,淡水區,,,,無年齡維度,0.0,,淡水區,福德里,2390.0,2914008.0,29613.0,54637.0,2144046.0,109472.0,65542.0,10419.0,2979.0,425184.0,8647.0,44768.0,523.0,18179.0,1795929.0,2565799.0,5695.0,,,,,,,,,,,
105,,12.0,淡水區,,,,無年齡維度,0.0,,淡水區,民生里,2456.0,2322421.0,16655.0,37625.0,1815507.0,89978.0,47689.0,13433.0,4227.0,250548.0,765.0,29663.0,2268.0,14064.0,1470622.0,1984461.0,8634.0,,,,,,,,,,,
105,,12.0,淡水區,,,,無年齡維度,0.0,,淡水區,新興里,2431.0,2029241.0,18991.0,23312.0,1738078.0,63817.0,23765.0,7661.0,3955.0,124641.0,608.0,17979.0,1636.0,4800.0,1373281.0,1669506.0,4669.0,,,,,,,,,,,
105,,12.0,淡水區,,,,無年齡維度,0.0,,淡水區,新義里,1218.0,889953.0,9006.0,8876.0,718055.0,40455.0,32291.0,1090.0,889.0,61228.0,1031.0,10255.0,0.0,6777.0,542016.0,717081.0,395.0,,,,,,,,,,,
105,,12.0,淡水區,,,,無年齡維度,0.0,,淡水區,新春里,2536.0,2369668.0,15943.0,40142.0,1949590.0,94942.0,30072.0,8542.0,9976.0,181163.0,1689.0,28545.0,1323.0,7741.0,1556425.0,1981512.0,5891.0,,,,,,,,,,,
105,,12.0,淡水區,,,,無年齡維度,0.0,,淡水區,新民里,1463.0,1464305.0,9426.0,34673.0,1135895.0,63956.0,32651.0,2039.0,1706.0,156594.0,8403.0,10082.0,354.0,8526.0,922316.0,1252272.0,3914.0,,,,,,,,,,,
105,,12.0,淡水區,,,,無年齡維度,0.0,,淡水區,正德里,1429.0,1259529.0,8936.0,20184.0,1060562.0,39646.0,20056.0,4738.0,2350.0,83248.0,8676.0,8348.0,1100.0,1685.0,847184.0,1048220.0,3853.0,,,,,,,,,,,
105,,12.0,淡水區,,,,無年齡維度,0.0,,淡水區,北新里,896.0,909214.0,4450.0,18091.0,745174.0,34617.0,17435.0,2691.0,785.0,65983.0,2113.0,9408.0,623.0,7842.0,613453.0,778255.0,3441.0,,,,,,,,,,,
105,,12.0,淡水區,,,,無年齡維度,0.0,,淡水區,幸福里,1201.0,938312.0,11009.0,15640.0,713721.0,51873.0,53330.0,1692.0,1666.0,75494.0,213.0,6986.0,0.0,6689.0,554317.0,781160.0,551.0,,,,,,,,,,,
105,,12.0,淡水區,,,,無年齡維度,0.0,,淡水區,學府里,1373.0,1086940.0,12738.0,11283.0,903762.0,43564.0,24720.0,1164.0,1879.0,71639.0,317.0,11425.0,544.0,3906.0,712992.0,897389.0,2029.0,,,,,,,,,,,
105,,12.0,淡水區,,,,無年齡維度,0.0,,淡水區,民權里,1470.0,1472634.0,16265.0,9855.0,1166968.0,62767.0,53016.0,3592.0,1619.0,119198.0,284.0,22473.0,46.0,16552.0,956720.0,1262886.0,2190.0,,,,,,,,,,,
105,,12.0,淡水區,,,,無年齡維度,0.0,,淡水區,大庄里,2010.0,2021343.0,12676.0,26987.0,1623826.0,81093.0,65366.0,13574.0,4086.0,153726.0,13962.0,15461.0,549.0,10035.0,1338506.0,1742792.0,3529.0,,,,,,,,,,,
105,,12.0,淡水區,,,,無年齡維度,0.0,,淡水區,其他,0.0,0.0,0.0,0.0,0.0,0.0,0.0,0.0,0.0,0.0,0.0,0.0,0.0,0.0,0.0,0.0,0.0,,,,,,,,,,,
105,,12.0,淡水區,,,,無年齡維度,0.0,,淡水區,合計,51056.0,49835342.0,476077.0,775890.0,38073178.0,1945777.0,1220767.0,173647.0,86459.0,6170100.0,84597.0,535022.0,30245.0,263582.0,30748443.0,42589507.0,127094.0,,,,,,,,,,,
105,,13.0,汐止區,,,,無年齡維度,0.0,,汐止區,仁德里,526.0,411660.0,1656.0,4132.0,346725.0,15241.0,4216.0,417.0,696.0,32695.0,0.0,4904.0,23.0,955.0,267100.0,332035.0,582.0,,,,,,,,,,,
105,,13.0,汐止區,,,,無年齡維度,0.0,,汐止區,義民里,429.0,319864.0,3335.0,8520.0,239084.0,15271.0,13310.0,936.0,442.0,33441.0,0.0,5109.0,36.0,380.0,183724.0,264505.0,362.0,,,,,,,,,,,
105,,13.0,汐止區,,,,無年齡維度,0.0,,汐止區,禮門里,317.0,288263.0,898.0,4321.0,201665.0,10214.0,7255.0,167.0,454.0,28094.0,0.0,33849.0,0.0,1346.0,156938.0,243536.0,290.0,,,,,,,,,,,
105,,13.0,汐止區,,,,無年齡維度,0.0,,汐止區,智慧里,1597.0,1642544.0,12784.0,23258.0,1360719.0,49809.0,19597.0,5715.0,1870.0,138894.0,7986.0,15951.0,301.0,5660.0,1117339.0,1399094.0,3097.0,,,,,,,,,,,
105,,13.0,汐止區,,,,無年齡維度,0.0,,汐止區,信望里,101.0,111306.0,1222.0,5844.0,53730.0,5407.0,10121.0,438.0,138.0,32200.0,0.0,626.0,0.0,1580.0,41144.0,98719.0,124.0,,,,,,,,,,,
105,,13.0,汐止區,,,,無年齡維度,0.0,,汐止區,橋東里,935.0,796923.0,4656.0,12315.0,652043.0,27579.0,11985.0,2016.0,1112.0,73138.0,94.0,8955.0,131.0,2899.0,511927.0,656807.0,833.0,,,,,,,,,,,
105,,13.0,汐止區,,,,無年齡維度,0.0,,汐止區,茄苳里,1341.0,1024167.0,9293.0,8845.0,907666.0,25261.0,10360.0,1294.0,1356.0,48304.0,292.0,8755.0,95.0,2646.0,691928.0,808429.0,1068.0,,,,,,,,,,,
105,,13.0,汐止區,,,,無年齡維度,0.0,,汐止區,保安里,496.0,356203.0,7365.0,9459.0,278318.0,10263.0,15807.0,444.0,665.0,32280.0,0.0,1578.0,0.0,25.0,204597.0,282483.0,27.0,,,,,,,,,,,
105,,13.0,汐止區,,,,無年齡維度,0.0,,汐止區,保長里,1424.0,1124503.0,13740.0,12509.0,998948.0,26682.0,9622.0,3156.0,2019.0,44384.0,1178.0,8469.0,0.0,3798.0,769926.0,895481.0,835.0,,,,,,,,,,,
105,,13.0,汐止區,,,,無年齡維度,0.0,,汐止區,鄉長里,695.0,519703.0,4896.0,4486.0,444403.0,16103.0,6319.0,368.0,524.0,34569.0,842.0,3914.0,0.0,3279.0,337030.0,412330.0,350.0,,,,,,,,,,,
105,,13.0,汐止區,,,,無年齡維度,0.0,,汐止區,江北里,1874.0,1414663.0,19063.0,18749.0,1217414.0,39099.0,20378.0,2070.0,1829.0,81939.0,676.0,10103.0,421.0,2922.0,931305.0,1128361.0,1430.0,,,,,,,,,,,
105,,13.0,汐止區,,,,無年齡維度,0.0,,汐止區,烘內里,465.0,389666.0,10033.0,9615.0,292146.0,17548.0,10795.0,1316.0,463.0,41812.0,574.0,1808.0,0.0,3554.0,228776.0,326296.0,649.0,,,,,,,,,,,
105,,13.0,汐止區,,,,無年齡維度,0.0,,汐止區,拱北里,1410.0,957530.0,8549.0,14628.0,854291.0,23631.0,10033.0,1043.0,1680.0,35047.0,89.0,7598.0,73.0,866.0,647605.0,750843.0,1582.0,,,,,,,,,,,
105,,13.0,汐止區,,,,無年齡維度,0.0,,汐止區,樟樹里,669.0,450225.0,6046.0,4555.0,376982.0,14036.0,16652.0,150.0,581.0,26782.0,122.0,2998.0,0.0,1321.0,283015.0,356258.0,473.0,,,,,,,,,,,
105,,13.0,汐止區,,,,無年齡維度,0.0,,汐止區,北峰里,1433.0,1005807.0,13471.0,12363.0,863798.0,25168.0,20853.0,901.0,961.0,58858.0,0.0,7479.0,291.0,1664.0,651310.0,793289.0,1180.0,,,,,,,,,,,
105,,13.0,汐止區,,,,無年齡維度,0.0,,汐止區,北山里,1929.0,1668435.0,11263.0,19957.0,1384703.0,60456.0,32485.0,2581.0,1961.0,125756.0,1143.0,13973.0,2133.0,12024.0,1104423.0,1388047.0,5360.0,,,,,,,,,,,
105,,13.0,汐止區,,,,無年齡維度,0.0,,汐止區,八連里,311.0,205205.0,2729.0,1739.0,160276.0,4972.0,5811.0,374.0,165.0,25355.0,1523.0,1531.0,0.0,729.0,118296.0,163224.0,45.0,,,,,,,,,,,
105,,13.0,汐止區,,,,無年齡維度,0.0,,汐止區,白雲里,1345.0,1340422.0,15972.0,22569.0,1099421.0,42865.0,21573.0,1773.0,1266.0,99518.0,562.0,22296.0,82.0,12525.0,890413.0,1131362.0,1745.0,,,,,,,,,,,
105,,13.0,汐止區,,,,無年齡維度,0.0,,汐止區,橫科里,1463.0,1190620.0,7517.0,11648.0,1020348.0,43989.0,12585.0,6824.0,1516.0,71124.0,8.0,10826.0,0.0,4236.0,804079.0,974351.0,812.0,,,,,,,,,,,
105,,13.0,汐止區,,,,無年齡維度,0.0,,汐止區,東山里,167.0,109319.0,2124.0,967.0,86524.0,3399.0,9564.0,192.0,24.0,5532.0,0.0,992.0,0.0,0.0,61796.0,84590.0,15.0,,,,,,,,,,,
105,,13.0,汐止區,,,,無年齡維度,0.0,,汐止區,新昌里,1746.0,1570622.0,9474.0,19034.0,1299766.0,59032.0,42916.0,1146.0,1802.0,114083.0,3394.0,18107.0,0.0,1867.0,1043308.0,1314164.0,1107.0,,,,,,,,,,,
105,,13.0,汐止區,,,,無年齡維度,0.0,,汐止區,秀峰里,1345.0,1109151.0,13868.0,11803.0,929378.0,40211.0,20287.0,1654.0,975.0,69974.0,588.0,12777.0,112.0,7524.0,733257.0,913035.0,736.0,,,,,,,,,,,
105,,13.0,汐止區,,,,無年齡維度,0.0,,汐止區,復興里,2563.0,2985766.0,15858.0,33747.0,2458836.0,109660.0,45548.0,6948.0,3277.0,240336.0,4244.0,43153.0,7832.0,16328.0,2065544.0,2592311.0,15358.0,,,,,,,,,,,
105,,13.0,汐止區,,,,無年齡維度,0.0,,汐止區,長安里,463.0,321003.0,3926.0,2971.0,279154.0,12144.0,4274.0,376.0,244.0,14780.0,103.0,2401.0,0.0,631.0,210754.0,253063.0,333.0,,,,,,,,,,,
105,,13.0,汐止區,,,,無年齡維度,0.0,,汐止區,福山里,1221.0,1518229.0,1935.0,34943.0,1136305.0,63646.0,25050.0,1891.0,1335.0,213638.0,6997.0,19989.0,715.0,11783.0,955535.0,1337407.0,4010.0,,,,,,,,,,,
105,,13.0,汐止區,,,,無年齡維度,0.0,,汐止區,宜興里,1045.0,1060677.0,10620.0,15745.0,845406.0,54640.0,15195.0,1129.0,974.0,99074.0,141.0,13704.0,251.0,3797.0,697350.0,912616.0,1879.0,,,,,,,,,,,
105,,13.0,汐止區,,,,無年齡維度,0.0,,汐止區,中興里,2569.0,2017929.0,25240.0,28079.0,1654769.0,55694.0,70445.0,8317.0,2424.0,141815.0,1139.0,22515.0,346.0,7146.0,1278088.0,1641129.0,2874.0,,,,,,,,,,,
105,,13.0,汐止區,,,,無年齡維度,0.0,,汐止區,湖光里,2130.0,2195786.0,19350.0,39991.0,1737245.0,70502.0,44745.0,7346.0,2281.0,222292.0,9552.0,18961.0,1042.0,22479.0,1418971.0,1877436.0,4574.0,,,,,,,,,,,
105,,13.0,汐止區,,,,無年齡維度,0.0,,汐止區,厚德里,2289.0,1854215.0,14373.0,23912.0,1659373.0,43125.0,13761.0,1335.0,3599.0,77975.0,1316.0,11343.0,579.0,3526.0,1291606.0,1486441.0,2949.0,,,,,,,,,,,
105,,13.0,汐止區,,,,無年齡維度,0.0,,汐止區,忠孝里,2599.0,2161091.0,27485.0,30576.0,1838856.0,55483.0,20481.0,7264.0,3336.0,149401.0,507.0,19594.0,1104.0,7003.0,1445386.0,1767577.0,3562.0,,,,,,,,,,,
105,,13.0,汐止區,,,,無年齡維度,0.0,,汐止區,文化里,1426.0,1320442.0,10152.0,20387.0,1124393.0,33413.0,16940.0,3105.0,2093.0,85731.0,1341.0,21200.0,517.0,1169.0,907302.0,1103302.0,2295.0,,,,,,,,,,,
105,,13.0,汐止區,,,,無年齡維度,0.0,,汐止區,自強里,1688.0,1631926.0,16761.0,18324.0,1322675.0,49887.0,29646.0,2683.0,1942.0,113453.0,3400.0,67533.0,0.0,5621.0,1069913.0,1379164.0,743.0,,,,,,,,,,,
105,,13.0,汐止區,,,,無年齡維度,0.0,,汐止區,金龍里,1659.0,1370498.0,8486.0,23937.0,1169497.0,34560.0,13082.0,4373.0,1877.0,87053.0,53.0,23489.0,1016.0,3076.0,915325.0,1116327.0,2912.0,,,,,,,,,,,
105,,13.0,汐止區,,,,無年齡維度,0.0,,汐止區,福德里,1069.0,829503.0,10588.0,12146.0,721209.0,23609.0,10185.0,3012.0,1351.0,40202.0,3.0,4708.0,201.0,2289.0,561863.0,670157.0,829.0,,,,,,,,,,,
105,,13.0,汐止區,,,,無年齡維度,0.0,,汐止區,興福里,1007.0,853865.0,4632.0,8867.0,741005.0,25810.0,9214.0,1214.0,1036.0,47712.0,255.0,12655.0,0.0,1466.0,582433.0,695292.0,454.0,,,,,,,,,,,
105,,13.0,汐止區,,,,無年齡維度,0.0,,汐止區,康福里,1884.0,1755916.0,20418.0,18342.0,1519441.0,41349.0,12481.0,3242.0,2963.0,115060.0,818.0,20810.0,42.0,950.0,1223089.0,1459563.0,1481.0,,,,,,,,,,,
105,,13.0,汐止區,,,,無年齡維度,0.0,,汐止區,忠山里,1280.0,1947155.0,8237.0,90888.0,1258487.0,99007.0,72654.0,4296.0,1771.0,304186.0,53608.0,37416.0,927.0,15678.0,1079239.0,1767689.0,3819.0,,,,,,,,,,,
105,,13.0,汐止區,,,,無年齡維度,0.0,,汐止區,環河里,439.0,318711.0,5811.0,3037.0,206749.0,9154.0,58049.0,317.0,215.0,33423.0,0.0,1377.0,0.0,579.0,148945.0,260907.0,105.0,,,,,,,,,,,
105,,13.0,汐止區,,,,無年齡維度,0.0,,汐止區,東勢里,1507.0,2070554.0,6994.0,30228.0,1583211.0,71988.0,57438.0,5231.0,1596.0,257523.0,7522.0,22473.0,2462.0,23887.0,1353895.0,1840974.0,10213.0,,,,,,,,,,,
105,,13.0,汐止區,,,,無年齡維度,0.0,,汐止區,山光里,774.0,615212.0,4583.0,8567.0,551553.0,10898.0,3887.0,1378.0,1138.0,24205.0,716.0,7806.0,73.0,408.0,425873.0,489531.0,784.0,,,,,,,,,,,
105,,13.0,汐止區,,,,無年齡維度,0.0,,汐止區,大同里,920.0,790068.0,10423.0,8727.0,646932.0,28510.0,23031.0,2823.0,2436.0,53182.0,473.0,12589.0,0.0,943.0,512843.0,655979.0,258.0,,,,,,,,,,,
105,,13.0,汐止區,,,,無年齡維度,0.0,,汐止區,崇德里,1629.0,1456206.0,11819.0,22561.0,1254228.0,43203.0,13437.0,3003.0,2061.0,82999.0,3783.0,15095.0,462.0,3556.0,997191.0,1199169.0,2195.0,,,,,,,,,,,
105,,13.0,汐止區,,,,無年齡維度,0.0,,汐止區,湖興里,2215.0,2529181.0,15874.0,33241.0,1943670.0,78480.0,68388.0,8667.0,2552.0,306238.0,35276.0,27526.0,1376.0,7893.0,1605987.0,2190874.0,5186.0,,,,,,,,,,,
105,,13.0,汐止區,,,,無年齡維度,0.0,,汐止區,長青里,365.0,500367.0,993.0,12676.0,349056.0,20748.0,24218.0,1757.0,164.0,82359.0,1692.0,5065.0,115.0,1524.0,300775.0,452024.0,1712.0,,,,,,,,,,,
105,,13.0,汐止區,,,,無年齡維度,0.0,,汐止區,福安里,1960.0,2177700.0,13350.0,29521.0,1814500.0,62587.0,39576.0,4705.0,3878.0,145047.0,380.0,59263.0,4.0,4889.0,1495411.0,1858611.0,1215.0,,,,,,,,,,,
105,,13.0,汐止區,,,,無年齡維度,0.0,,汐止區,秀山里,1416.0,1588775.0,11606.0,30450.0,1228339.0,52366.0,31074.0,3007.0,1691.0,203534.0,4889.0,13053.0,1568.0,7196.0,1010809.0,1371190.0,4369.0,,,,,,,,,,,
105,,13.0,汐止區,,,,無年齡維度,0.0,,汐止區,建成里,1792.0,1737395.0,11123.0,19245.0,1535147.0,48334.0,13363.0,2716.0,2172.0,87235.0,2324.0,13519.0,37.0,2179.0,1242237.0,1444463.0,1887.0,,,,,,,,,,,
105,,13.0,汐止區,,,,無年齡維度,0.0,,汐止區,城中里,1546.0,1489071.0,12343.0,24487.0,1283963.0,42682.0,14630.0,2638.0,1670.0,81821.0,500.0,19760.0,590.0,3986.0,1041331.0,1246422.0,2246.0,,,,,,,,,,,
105,,13.0,汐止區,,,,無年齡維度,0.0,,汐止區,湖蓮里,1040.0,1374160.0,3833.0,31072.0,1087598.0,47795.0,23018.0,7273.0,2253.0,139576.0,980.0,24566.0,1149.0,5049.0,941367.0,1227929.0,5194.0,,,,,,,,,,,
105,,13.0,汐止區,,,,無年齡維度,0.0,,汐止區,保新里,943.0,666803.0,3840.0,5529.0,597156.0,17231.0,4823.0,2331.0,775.0,25489.0,2279.0,6805.0,102.0,444.0,457569.0,527217.0,915.0,,,,,,,,,,,
105,,13.0,汐止區,,,,無年齡維度,0.0,,汐止區,其他,5.0,1560.0,0.0,13.0,1243.0,10.0,14.0,0.0,0.0,281.0,0.0,0.0,0.0,0.0,738.0,1055.0,0.0,,,,,,,,,,,
105,,13.0,汐止區,,,,無年齡維度,0.0,,汐止區,合計,63461.0,59146564.0,490607.0,903528.0,48618346.0,1882748.0,1111171.0,137353.0,75601.0,4729401.0,163361.0,770965.0,26208.0,237275.0,39016605.0,49543059.0,107054.0,,,,,,,,,,,
105,,14.0,瑞芳區,,,,無年齡維度,0.0,,瑞芳區,龍潭里,244.0,208557.0,2956.0,5603.0,153801.0,12589.0,11337.0,371.0,98.0,17865.0,0.0,3531.0,0.0,408.0,123463.0,178220.0,347.0,,,,,,,,,,,
105,,14.0,瑞芳區,,,,無年齡維度,0.0,,瑞芳區,龍鎮里,359.0,264393.0,4423.0,4205.0,224181.0,10390.0,2672.0,11.0,186.0,16806.0,0.0,1462.0,0.0,56.0,172189.0,212401.0,11.0,,,,,,,,,,,
105,,14.0,瑞芳區,,,,無年齡維度,0.0,,瑞芳區,龍山里,408.0,257051.0,2048.0,4479.0,224609.0,9516.0,602.0,162.0,367.0,12034.0,0.0,1927.0,0.0,1306.0,167245.0,199687.0,86.0,,,,,,,,,,,
105,,14.0,瑞芳區,,,,無年齡維度,0.0,,瑞芳區,龍川里,509.0,336093.0,3231.0,2127.0,302242.0,9749.0,3948.0,158.0,385.0,11952.0,0.0,2121.0,0.0,179.0,230762.0,264613.0,34.0,,,,,,,,,,,
105,,14.0,瑞芳區,,,,無年齡維度,0.0,,瑞芳區,龍安里,179.0,131919.0,2492.0,1002.0,114351.0,4281.0,176.0,118.0,187.0,6784.0,0.0,2314.0,83.0,131.0,86987.0,104554.0,303.0,,,,,,,,,,,
105,,14.0,瑞芳區,,,,無年齡維度,0.0,,瑞芳區,柑坪里,275.0,173946.0,2626.0,946.0,159402.0,3466.0,958.0,0.0,127.0,5421.0,0.0,650.0,0.0,349.0,118196.0,132739.0,408.0,,,,,,,,,,,
105,,14.0,瑞芳區,,,,無年齡維度,0.0,,瑞芳區,爪峰里,1111.0,724359.0,10930.0,8327.0,648404.0,23681.0,3245.0,522.0,730.0,21308.0,0.0,6067.0,0.0,1146.0,482214.0,558170.0,111.0,,,,,,,,,,,
105,,14.0,瑞芳區,,,,無年齡維度,0.0,,瑞芳區,基山里,91.0,55452.0,1146.0,362.0,46578.0,1714.0,987.0,205.0,31.0,3961.0,0.0,289.0,172.0,8.0,35632.0,44507.0,425.0,,,,,,,,,,,
105,,14.0,瑞芳區,,,,無年齡維度,0.0,,瑞芳區,永慶里,83.0,52565.0,1507.0,1385.0,43700.0,1088.0,1293.0,34.0,43.0,2580.0,0.0,371.0,0.0,564.0,33434.0,42299.0,2.0,,,,,,,,,,,
105,,14.0,瑞芳區,,,,無年齡維度,0.0,,瑞芳區,崇文里,71.0,48838.0,1205.0,395.0,36894.0,2821.0,1947.0,81.0,17.0,5362.0,0.0,103.0,0.0,12.0,28974.0,40918.0,1.0,,,,,,,,,,,
105,,14.0,瑞芳區,,,,無年齡維度,0.0,,瑞芳區,福住里,30.0,21438.0,495.0,914.0,16882.0,1680.0,644.0,0.0,9.0,387.0,0.0,319.0,0.0,108.0,13562.0,18118.0,32.0,,,,,,,,,,,
105,,14.0,瑞芳區,,,,無年齡維度,0.0,,瑞芳區,頌德里,74.0,44382.0,477.0,257.0,35446.0,2121.0,1212.0,0.0,50.0,4635.0,0.0,172.0,0.0,12.0,27000.0,35936.0,4.0,,,,,,,,,,,
105,,14.0,瑞芳區,,,,無年齡維度,0.0,,瑞芳區,瓜山里,44.0,36001.0,511.0,89.0,30315.0,642.0,718.0,0.0,12.0,3633.0,0.0,80.0,0.0,0.0,24109.0,29796.0,0.0,,,,,,,,,,,
105,,14.0,瑞芳區,,,,無年齡維度,0.0,,瑞芳區,石山里,86.0,72604.0,1444.0,2085.0,58240.0,2130.0,816.0,0.0,138.0,3850.0,0.0,340.0,618.0,2944.0,45359.0,59597.0,1083.0,,,,,,,,,,,
105,,14.0,瑞芳區,,,,無年齡維度,0.0,,瑞芳區,新山里,79.0,48330.0,408.0,367.0,42794.0,1065.0,239.0,11.0,77.0,3044.0,0.0,291.0,0.0,35.0,31745.0,37281.0,0.0,,,,,,,,,,,
105,,14.0,瑞芳區,,,,無年齡維度,0.0,,瑞芳區,銅山里,43.0,29193.0,538.0,25.0,26789.0,798.0,48.0,300.0,20.0,468.0,0.0,205.0,0.0,1.0,21133.0,23537.0,0.0,,,,,,,,,,,
105,,14.0,瑞芳區,,,,無年齡維度,0.0,,瑞芳區,龍興里,637.0,523497.0,10024.0,12834.0,422614.0,27113.0,8477.0,47.0,1222.0,32611.0,401.0,2950.0,0.0,5205.0,335991.0,436874.0,156.0,,,,,,,,,,,
105,,14.0,瑞芳區,,,,無年齡維度,0.0,,瑞芳區,濓洞里,121.0,85290.0,149.0,1625.0,75283.0,2378.0,298.0,30.0,77.0,4856.0,0.0,380.0,213.0,1.0,58688.0,68695.0,484.0,,,,,,,,,,,
105,,14.0,瑞芳區,,,,無年齡維度,0.0,,瑞芳區,吉慶里,527.0,330959.0,2734.0,2020.0,293633.0,7989.0,806.0,149.0,502.0,20169.0,0.0,2284.0,0.0,673.0,216317.0,253642.0,6.0,,,,,,,,,,,
105,,14.0,瑞芳區,,,,無年齡維度,0.0,,瑞芳區,傑魚里,557.0,346805.0,7951.0,2845.0,291491.0,8181.0,6798.0,323.0,575.0,22570.0,0.0,3894.0,0.0,2177.0,210353.0,265667.0,140.0,,,,,,,,,,,
105,,14.0,瑞芳區,,,,無年齡維度,0.0,,瑞芳區,上天里,390.0,228007.0,3958.0,2594.0,204358.0,4906.0,2412.0,184.0,305.0,8144.0,0.0,1090.0,0.0,56.0,148167.0,171816.0,250.0,,,,,,,,,,,
105,,14.0,瑞芳區,,,,無年齡維度,0.0,,瑞芳區,猴硐里,106.0,63819.0,1238.0,729.0,55964.0,856.0,988.0,91.0,77.0,3380.0,0.0,461.0,0.0,35.0,40443.0,48298.0,1.0,,,,,,,,,,,
105,,14.0,瑞芳區,,,,無年齡維度,0.0,,瑞芳區,光復里,58.0,31217.0,240.0,640.0,27593.0,1438.0,193.0,0.0,57.0,171.0,0.0,55.0,0.0,830.0,19431.0,23055.0,33.0,,,,,,,,,,,
105,,14.0,瑞芳區,,,,無年齡維度,0.0,,瑞芳區,弓橋里,79.0,44656.0,86.0,566.0,38358.0,1203.0,817.0,0.0,53.0,3387.0,0.0,152.0,0.0,34.0,28123.0,34421.0,36.0,,,,,,,,,,,
105,,14.0,瑞芳區,,,,無年齡維度,0.0,,瑞芳區,碩仁里,33.0,16771.0,192.0,58.0,14019.0,416.0,22.0,0.0,57.0,1941.0,0.0,67.0,0.0,0.0,9860.0,12612.0,0.0,,,,,,,,,,,
105,,14.0,瑞芳區,,,,無年齡維度,0.0,,瑞芳區,海濱里,281.0,178697.0,5156.0,1775.0,154587.0,4525.0,869.0,112.0,229.0,9213.0,0.0,2229.0,0.0,2.0,115516.0,139626.0,57.0,,,,,,,,,,,
105,,14.0,瑞芳區,,,,無年齡維度,0.0,,瑞芳區,深澳里,229.0,142004.0,2578.0,1867.0,119463.0,5091.0,3204.0,180.0,177.0,8261.0,0.0,623.0,0.0,560.0,87655.0,110196.0,12.0,,,,,,,,,,,
105,,14.0,瑞芳區,,,,無年齡維度,0.0,,瑞芳區,鼻頭里,142.0,88739.0,4237.0,1338.0,69532.0,3471.0,1175.0,116.0,104.0,8092.0,0.0,306.0,0.0,368.0,51228.0,70768.0,4.0,,,,,,,,,,,
105,,14.0,瑞芳區,,,,無年齡維度,0.0,,瑞芳區,南雅里,57.0,28754.0,1418.0,347.0,23410.0,890.0,222.0,206.0,0.0,2136.0,0.0,125.0,0.0,0.0,16109.0,21452.0,0.0,,,,,,,,,,,
105,,14.0,瑞芳區,,,,無年齡維度,0.0,,瑞芳區,吉安里,869.0,583046.0,8090.0,14415.0,503678.0,15652.0,3493.0,392.0,839.0,30603.0,0.0,4700.0,0.0,1184.0,373975.0,453343.0,104.0,,,,,,,,,,,
105,,14.0,瑞芳區,,,,無年齡維度,0.0,,瑞芳區,濓新里,69.0,38473.0,143.0,67.0,35735.0,1087.0,31.0,0.0,21.0,1137.0,0.0,239.0,0.0,14.0,26319.0,29057.0,0.0,,,,,,,,,,,
105,,14.0,瑞芳區,,,,無年齡維度,0.0,,瑞芳區,瑞濱里,500.0,318218.0,3865.0,2123.0,289521.0,6115.0,2904.0,411.0,328.0,11293.0,96.0,1476.0,0.0,86.0,217272.0,245970.0,492.0,,,,,,,,,,,
105,,14.0,瑞芳區,,,,無年齡維度,0.0,,瑞芳區,東和里,437.0,286288.0,5628.0,3979.0,249302.0,7867.0,2300.0,96.0,437.0,15174.0,27.0,1254.0,0.0,225.0,183795.0,220781.0,55.0,,,,,,,,,,,
105,,14.0,瑞芳區,,,,無年齡維度,0.0,,瑞芳區,新峰里,907.0,607512.0,9815.0,3436.0,543559.0,14415.0,1701.0,260.0,566.0,26046.0,0.0,7510.0,42.0,161.0,404884.0,468837.0,416.0,,,,,,,,,,,
105,,14.0,瑞芳區,,,,無年齡維度,0.0,,瑞芳區,其他,2.0,545.0,0.0,0.0,328.0,42.0,0.0,0.0,0.0,134.0,0.0,0.0,0.0,41.0,200.0,417.0,0.0,,,,,,,,,,,
105,,14.0,瑞芳區,,,,無年齡維度,0.0,,瑞芳區,合計,9687.0,6448417.0,103941.0,85826.0,5577054.0,201368.0,67556.0,4568.0,8103.0,329405.0,525.0,50036.0,1126.0,18910.0,4186330.0,5057901.0,5094.0,,,,,,,,,,,
105,,15.0,五股區,,,,無年齡維度,0.0,,五股區,興珍里,1619.0,1361401.0,28059.0,4154.0,779137.0,64097.0,91756.0,3215.0,2039.0,374691.0,0.0,11167.0,0.0,3087.0,562041.0,1144305.0,130.0,,,,,,,,,,,
105,,15.0,五股區,,,,無年齡維度,0.0,,五股區,更寮里,325.0,230226.0,7435.0,2284.0,154053.0,12076.0,17843.0,1109.0,263.0,33964.0,0.0,863.0,0.0,337.0,110445.0,186952.0,54.0,,,,,,,,,,,
105,,15.0,五股區,,,,無年齡維度,0.0,,五股區,集福里,1020.0,705918.0,9997.0,8133.0,594923.0,16645.0,8992.0,1374.0,641.0,60034.0,101.0,4417.0,0.0,662.0,444163.0,555639.0,816.0,,,,,,,,,,,
105,,15.0,五股區,,,,無年齡維度,0.0,,五股區,觀音里,292.0,197056.0,4206.0,1425.0,147101.0,8109.0,9076.0,526.0,148.0,24146.0,0.0,1420.0,0.0,899.0,106668.0,156622.0,7.0,,,,,,,,,,,
105,,15.0,五股區,,,,無年齡維度,0.0,,五股區,成州里,1516.0,1048678.0,16511.0,18606.0,850376.0,29969.0,17998.0,7137.0,953.0,96124.0,0.0,8503.0,197.0,2304.0,626673.0,824965.0,728.0,,,,,,,,,,,
105,,15.0,五股區,,,,無年齡維度,0.0,,五股區,五股里,1102.0,835187.0,8777.0,15131.0,602917.0,41376.0,49264.0,7382.0,1016.0,100593.0,0.0,5970.0,273.0,2490.0,453430.0,685700.0,994.0,,,,,,,,,,,
105,,15.0,五股區,,,,無年齡維度,0.0,,五股區,五龍里,364.0,244644.0,4494.0,2633.0,157958.0,12209.0,16130.0,903.0,147.0,47534.0,0.0,1183.0,0.0,1453.0,109700.0,196386.0,50.0,,,,,,,,,,,
105,,15.0,五股區,,,,無年齡維度,0.0,,五股區,德音里,1600.0,1788556.0,18801.0,16348.0,1134424.0,57125.0,41298.0,1970.0,2210.0,499721.0,345.0,13277.0,0.0,3036.0,887429.0,1541777.0,860.0,,,,,,,,,,,
105,,15.0,五股區,,,,無年齡維度,0.0,,五股區,貿商里,813.0,669139.0,3251.0,11368.0,557673.0,27206.0,3114.0,739.0,908.0,58220.0,147.0,5754.0,130.0,629.0,433266.0,544606.0,641.0,,,,,,,,,,,
105,,15.0,五股區,,,,無年齡維度,0.0,,五股區,陸一里,566.0,406140.0,1211.0,6584.0,349841.0,21550.0,1402.0,1593.0,767.0,18570.0,791.0,3569.0,54.0,210.0,268972.0,325271.0,366.0,,,,,,,,,,,
105,,15.0,五股區,,,,無年齡維度,0.0,,五股區,成功里,1709.0,1203772.0,21168.0,25284.0,1017821.0,25757.0,13485.0,3307.0,1655.0,81262.0,0.0,8751.0,0.0,5282.0,755890.0,941841.0,328.0,,,,,,,,,,,
105,,15.0,五股區,,,,無年齡維度,0.0,,五股區,五福里,1014.0,665628.0,12528.0,9161.0,566054.0,22395.0,9779.0,530.0,760.0,39089.0,5.0,3953.0,0.0,1374.0,415194.0,514768.0,477.0,,,,,,,,,,,
105,,15.0,五股區,,,,無年齡維度,0.0,,五股區,成德里,760.0,536133.0,5378.0,6708.0,416821.0,20112.0,14784.0,1056.0,678.0,58816.0,0.0,6281.0,11.0,5488.0,309918.0,429223.0,240.0,,,,,,,,,,,
105,,15.0,五股區,,,,無年齡維度,0.0,,五股區,德泰里,1255.0,1810602.0,15041.0,20392.0,856122.0,53641.0,11936.0,2880.0,1103.0,837593.0,2126.0,8007.0,1650.0,110.0,652935.0,1607415.0,2700.0,,,,,,,,,,,
105,,15.0,五股區,,,,無年齡維度,0.0,,五股區,六福里,1121.0,820069.0,8291.0,10711.0,710182.0,19639.0,5260.0,1018.0,765.0,57592.0,199.0,5359.0,0.0,1052.0,532833.0,642719.0,506.0,,,,,,,,,,,
105,,15.0,五股區,,,,無年齡維度,0.0,,五股區,集賢里,1053.0,676146.0,10280.0,5657.0,581242.0,16955.0,12900.0,692.0,919.0,41437.0,90.0,4108.0,211.0,1655.0,425423.0,520327.0,753.0,,,,,,,,,,,
105,,15.0,五股區,,,,無年齡維度,0.0,,五股區,民義里,954.0,737621.0,13450.0,5235.0,594438.0,25580.0,18627.0,5627.0,803.0,67014.0,0.0,5489.0,0.0,1358.0,453585.0,596769.0,168.0,,,,,,,,,,,
105,,15.0,五股區,,,,無年齡維度,0.0,,五股區,成泰里,2166.0,1819438.0,37009.0,38634.0,1443640.0,47042.0,31884.0,6651.0,3300.0,189571.0,81.0,16687.0,505.0,4434.0,1117368.0,1493621.0,1867.0,,,,,,,,,,,
105,,15.0,五股區,,,,無年齡維度,0.0,,五股區,水碓里,2312.0,1763285.0,37645.0,23995.0,1381801.0,68894.0,32897.0,4793.0,2215.0,189801.0,133.0,12917.0,0.0,8195.0,1028857.0,1410342.0,1500.0,,,,,,,,,,,
105,,15.0,五股區,,,,無年齡維度,0.0,,五股區,福德里,909.0,674731.0,9686.0,9410.0,586741.0,12914.0,7242.0,1579.0,964.0,36942.0,30.0,6613.0,0.0,2611.0,444012.0,532002.0,410.0,,,,,,,,,,,
105,,15.0,五股區,,,,無年齡維度,0.0,,五股區,其他,2.0,289.0,0.0,0.0,289.0,0.0,0.0,0.0,0.0,0.0,0.0,0.0,0.0,0.0,161.0,161.0,0.0,,,,,,,,,,,
105,,15.0,五股區,,,,無年齡維度,0.0,,五股區,合計,22472.0,18194659.0,273217.0,241853.0,13483555.0,603289.0,415663.0,54080.0,22253.0,2912715.0,4048.0,134288.0,3032.0,46667.0,10138963.0,14851413.0,13594.0,,,,,,,,,,,
105,,16.0,泰山區,,,,無年齡維度,0.0,,泰山區,黎明里,1027.0,780106.0,10328.0,6976.0,660302.0,22453.0,12509.0,3599.0,739.0,50783.0,38.0,9957.0,1290.0,1132.0,503203.0,623419.0,2736.0,,,,,,,,,,,
105,,16.0,泰山區,,,,無年齡維度,0.0,,泰山區,大科里,271.0,223766.0,4708.0,3618.0,189707.0,3947.0,5083.0,353.0,211.0,13914.0,0.0,1301.0,126.0,797.0,148344.0,182277.0,365.0,,,,,,,,,,,
105,,16.0,泰山區,,,,無年齡維度,0.0,,泰山區,山腳里,2010.0,1506607.0,24578.0,20123.0,1233500.0,47031.0,28620.0,2164.0,1971.0,130287.0,176.0,12530.0,698.0,4928.0,931785.0,1205853.0,2362.0,,,,,,,,,,,
105,,16.0,泰山區,,,,無年齡維度,0.0,,泰山區,楓樹里,1300.0,1099125.0,19505.0,12947.0,852141.0,37402.0,44405.0,4619.0,1738.0,114607.0,293.0,7503.0,392.0,3574.0,658847.0,906106.0,1685.0,,,,,,,,,,,
105,,16.0,泰山區,,,,無年齡維度,0.0,,泰山區,同榮里,1299.0,1036368.0,9601.0,7516.0,842001.0,35293.0,19202.0,1363.0,1248.0,98854.0,4722.0,11177.0,39.0,5353.0,646958.0,841328.0,427.0,,,,,,,,,,,
105,,16.0,泰山區,,,,無年齡維度,0.0,,泰山區,義學里,1372.0,1029829.0,17883.0,10172.0,876895.0,27279.0,20767.0,3058.0,1218.0,62872.0,16.0,7119.0,0.0,2551.0,666251.0,819644.0,673.0,,,,,,,,,,,
105,,16.0,泰山區,,,,無年齡維度,0.0,,泰山區,明志里,1181.0,930330.0,10111.0,10456.0,771199.0,33880.0,16539.0,1607.0,1228.0,75201.0,34.0,7955.0,28.0,2093.0,600965.0,761431.0,660.0,,,,,,,,,,,
105,,16.0,泰山區,,,,無年齡維度,0.0,,泰山區,貴子里,1237.0,1061979.0,13656.0,9705.0,867636.0,32896.0,26471.0,1362.0,2533.0,96268.0,438.0,8135.0,13.0,2867.0,684689.0,879669.0,1168.0,,,,,,,,,,,
105,,16.0,泰山區,,,,無年齡維度,0.0,,泰山區,貴和里,1663.0,1305587.0,18879.0,13373.0,1029843.0,49989.0,37378.0,1516.0,1748.0,140646.0,140.0,10170.0,0.0,1905.0,786624.0,1061950.0,473.0,,,,,,,,,,,
105,,16.0,泰山區,,,,無年齡維度,0.0,,泰山區,福泰里,816.0,542674.0,7513.0,11097.0,433086.0,23143.0,26752.0,289.0,590.0,34085.0,222.0,3441.0,1.0,2454.0,319056.0,429174.0,512.0,,,,,,,,,,,
105,,16.0,泰山區,,,,無年齡維度,0.0,,泰山區,同興里,1176.0,1099622.0,13428.0,27621.0,872853.0,43542.0,35431.0,683.0,1324.0,86324.0,87.0,12352.0,151.0,5825.0,690916.0,917680.0,900.0,,,,,,,,,,,
105,,16.0,泰山區,,,,無年齡維度,0.0,,泰山區,義仁里,2618.0,2395471.0,32584.0,31783.0,1954742.0,69970.0,60610.0,9809.0,2424.0,198400.0,2742.0,29297.0,368.0,2741.0,1543640.0,1983015.0,2579.0,,,,,,,,,,,
105,,16.0,泰山區,,,,無年齡維度,0.0,,泰山區,泰友里,661.0,477998.0,7054.0,4504.0,404587.0,16026.0,6515.0,410.0,427.0,34403.0,528.0,2800.0,228.0,517.0,308855.0,382862.0,747.0,,,,,,,,,,,
105,,16.0,泰山區,,,,無年齡維度,0.0,,泰山區,新明里,997.0,722161.0,6731.0,7266.0,622887.0,21254.0,8804.0,332.0,1080.0,48027.0,0.0,4325.0,44.0,1414.0,471607.0,571385.0,581.0,,,,,,,,,,,
105,,16.0,泰山區,,,,無年齡維度,0.0,,泰山區,貴賢里,1270.0,1169940.0,6121.0,12312.0,950352.0,42804.0,20483.0,1210.0,1434.0,123288.0,77.0,8525.0,467.0,2866.0,759220.0,978667.0,2200.0,,,,,,,,,,,
105,,16.0,泰山區,,,,無年齡維度,0.0,,泰山區,福興里,1143.0,1037471.0,11273.0,10196.0,845691.0,45745.0,26236.0,2483.0,1648.0,80574.0,297.0,10858.0,0.0,2471.0,668490.0,860608.0,509.0,,,,,,,,,,,
105,,16.0,泰山區,,,,無年齡維度,0.0,,泰山區,全興里,2848.0,3134228.0,35194.0,38631.0,2621283.0,78723.0,43472.0,9251.0,3937.0,252790.0,4788.0,39394.0,234.0,6533.0,2134612.0,2647557.0,2907.0,,,,,,,,,,,
105,,16.0,泰山區,,,,無年齡維度,0.0,,泰山區,其他,1.0,565.0,0.0,0.0,537.0,28.0,0.0,0.0,0.0,0.0,0.0,0.0,0.0,0.0,409.0,437.0,0.0,,,,,,,,,,,
105,,16.0,泰山區,,,,無年齡維度,0.0,,泰山區,合計,22890.0,19553828.0,249148.0,238293.0,16029242.0,631404.0,439276.0,44106.0,25499.0,1641322.0,14598.0,186838.0,4079.0,50022.0,12524472.0,16053063.0,21485.0,,,,,,,,,,,
105,,17.0,林口區,,,,無年齡維度,0.0,,林口區,東林里,1279.0,992641.0,29158.0,10140.0,741630.0,27691.0,35816.0,1365.0,1126.0,137492.0,333.0,4378.0,623.0,2890.0,544491.0,801144.0,1439.0,,,,,,,,,,,
105,,17.0,林口區,,,,無年齡維度,0.0,,林口區,林口里,1591.0,1290752.0,20446.0,15472.0,1029209.0,43410.0,32519.0,7343.0,1623.0,131330.0,0.0,6776.0,223.0,2400.0,782300.0,1050032.0,1362.0,,,,,,,,,,,
105,,17.0,林口區,,,,無年齡維度,0.0,,林口區,西林里,2869.0,3260873.0,37814.0,68562.0,2463015.0,117417.0,78262.0,12245.0,3154.0,416998.0,6174.0,44372.0,1053.0,11808.0,2016485.0,2819587.0,5239.0,,,,,,,,,,,
105,,17.0,林口區,,,,無年齡維度,0.0,,林口區,湖北里,420.0,353986.0,9096.0,5611.0,259237.0,10935.0,27126.0,542.0,258.0,36431.0,0.0,4202.0,242.0,306.0,189625.0,291812.0,952.0,,,,,,,,,,,
105,,17.0,林口區,,,,無年齡維度,0.0,,林口區,菁湖里,1417.0,1544016.0,9618.0,26154.0,1102731.0,64917.0,67101.0,5079.0,1761.0,232822.0,123.0,21654.0,57.0,11997.0,888661.0,1335581.0,1295.0,,,,,,,,,,,
105,,17.0,林口區,,,,無年齡維度,0.0,,林口區,湖南里,6584.0,8633097.0,62578.0,142698.0,6497495.0,226656.0,167190.0,52066.0,11126.0,1274920.0,14199.0,123808.0,4885.0,55476.0,5472093.0,7609889.0,18344.0,,,,,,,,,,,
105,,17.0,林口區,,,,無年齡維度,0.0,,林口區,南勢里,5952.0,8408923.0,57148.0,141625.0,6772934.0,254398.0,145080.0,57492.0,15556.0,774542.0,6857.0,142259.0,2095.0,38938.0,5829202.0,7470822.0,16189.0,,,,,,,,,,,
105,,17.0,林口區,,,,無年齡維度,0.0,,林口區,頂福里,315.0,221741.0,2893.0,2464.0,163331.0,5623.0,19063.0,41.0,260.0,25135.0,0.0,1746.0,0.0,1186.0,114958.0,176270.0,8.0,,,,,,,,,,,
105,,17.0,林口區,,,,無年齡維度,0.0,,林口區,下福里,385.0,297925.0,9778.0,1022.0,220598.0,7831.0,16764.0,253.0,540.0,37557.0,0.0,3434.0,0.0,147.0,156606.0,239480.0,16.0,,,,,,,,,,,
105,,17.0,林口區,,,,無年齡維度,0.0,,林口區,嘉寶里,229.0,163716.0,2775.0,1349.0,133812.0,5011.0,4807.0,246.0,77.0,13882.0,481.0,1125.0,0.0,151.0,96948.0,128855.0,43.0,,,,,,,,,,,
105,,17.0,林口區,,,,無年齡維度,0.0,,林口區,瑞平里,208.0,147903.0,2164.0,2142.0,112037.0,4722.0,4050.0,600.0,167.0,20158.0,848.0,1001.0,0.0,14.0,77576.0,115213.0,3.0,,,,,,,,,,,
105,,17.0,林口區,,,,無年齡維度,0.0,,林口區,太平里,410.0,279454.0,6486.0,5049.0,222257.0,11269.0,17421.0,68.0,2155.0,12391.0,0.0,2183.0,0.0,176.0,149061.0,218099.0,23.0,,,,,,,,,,,
105,,17.0,林口區,,,,無年齡維度,0.0,,林口區,中湖里,1167.0,1050791.0,14139.0,19499.0,815351.0,33445.0,29983.0,6024.0,1604.0,113288.0,1795.0,10415.0,178.0,5070.0,633868.0,876427.0,708.0,,,,,,,,,,,
105,,17.0,林口區,,,,無年齡維度,0.0,,林口區,東勢里,1916.0,1879766.0,14667.0,20864.0,1495614.0,60990.0,39579.0,7715.0,4693.0,210232.0,2499.0,17734.0,765.0,4414.0,1198465.0,1586409.0,3399.0,,,,,,,,,,,
105,,17.0,林口區,,,,無年齡維度,0.0,,林口區,仁愛里,2167.0,2769453.0,17563.0,45483.0,2200775.0,86154.0,45182.0,10614.0,2897.0,304194.0,2536.0,40379.0,2312.0,11364.0,1855819.0,2425543.0,8323.0,,,,,,,,,,,
105,,17.0,林口區,,,,無年齡維度,0.0,,林口區,麗林里,2673.0,3189279.0,26601.0,37811.0,2636698.0,90587.0,60810.0,8214.0,3165.0,272710.0,2042.0,37795.0,3931.0,8914.0,2193787.0,2750475.0,9770.0,,,,,,,,,,,
105,,17.0,林口區,,,,無年齡維度,0.0,,林口區,麗園里,1274.0,1254485.0,13120.0,18352.0,918791.0,51803.0,40102.0,2377.0,1011.0,190520.0,1186.0,10902.0,139.0,6181.0,727885.0,1065243.0,928.0,,,,,,,,,,,
105,,17.0,林口區,,,,無年齡維度,0.0,,林口區,其他,7.0,5047.0,0.0,0.0,3427.0,81.0,0.0,0.0,0.0,1539.0,0.0,0.0,0.0,0.0,2311.0,3931.0,0.0,,,,,,,,,,,
105,,17.0,林口區,,,,無年齡維度,0.0,,林口區,合計,30863.0,35743849.0,336044.0,564297.0,27788943.0,1102940.0,830857.0,172285.0,51176.0,4206141.0,39071.0,474163.0,16502.0,161431.0,22930141.0,30964813.0,68041.0,,,,,,,,,,,
105,,18.0,八里區,,,,無年齡維度,0.0,,八里區,龍源里,2230.0,2054805.0,20266.0,37471.0,1604388.0,62463.0,51814.0,7761.0,2955.0,234210.0,307.0,19697.0,514.0,12959.0,1279109.0,1731821.0,4040.0,,,,,,,,,,,
105,,18.0,八里區,,,,無年齡維度,0.0,,八里區,米倉里,965.0,898992.0,6492.0,12170.0,624781.0,31290.0,26652.0,1509.0,939.0,187360.0,72.0,4412.0,1297.0,2019.0,486905.0,762042.0,3290.0,,,,,,,,,,,
105,,18.0,八里區,,,,無年齡維度,0.0,,八里區,大崁里,842.0,685457.0,15255.0,12409.0,492388.0,20039.0,26390.0,1721.0,728.0,107848.0,0.0,3815.0,1.0,4863.0,370656.0,566256.0,533.0,,,,,,,,,,,
105,,18.0,八里區,,,,無年齡維度,0.0,,八里區,埤頭里,1005.0,762366.0,13741.0,17207.0,610075.0,24853.0,17040.0,1377.0,588.0,67940.0,0.0,4643.0,245.0,4657.0,462981.0,615649.0,896.0,,,,,,,,,,,
105,,18.0,八里區,,,,無年齡維度,0.0,,八里區,頂罟里,545.0,400485.0,4058.0,5099.0,302527.0,11170.0,14146.0,396.0,321.0,59212.0,7.0,3162.0,0.0,386.0,217987.0,317217.0,130.0,,,,,,,,,,,
105,,18.0,八里區,,,,無年齡維度,0.0,,八里區,舊城里,1933.0,1357481.0,17418.0,16867.0,1160913.0,38419.0,14474.0,1069.0,1363.0,94475.0,201.0,7639.0,280.0,4363.0,861988.0,1062729.0,1056.0,,,,,,,,,,,
105,,18.0,八里區,,,,無年齡維度,0.0,,八里區,訊塘里,1159.0,888749.0,17343.0,26908.0,684692.0,27029.0,22407.0,2258.0,1115.0,85849.0,0.0,7833.0,106.0,13209.0,509770.0,721735.0,779.0,,,,,,,,,,,
105,,18.0,八里區,,,,無年齡維度,0.0,,八里區,荖阡里,450.0,343314.0,2465.0,6691.0,253515.0,13865.0,17129.0,44.0,632.0,37229.0,895.0,1638.0,0.0,9211.0,185586.0,278130.0,165.0,,,,,,,,,,,
105,,18.0,八里區,,,,無年齡維度,0.0,,八里區,下罟里,390.0,311391.0,7474.0,2750.0,206237.0,8024.0,15357.0,531.0,220.0,68570.0,0.0,1616.0,0.0,614.0,143256.0,252416.0,135.0,,,,,,,,,,,
105,,18.0,八里區,,,,無年齡維度,0.0,,八里區,長坑里,398.0,281243.0,6897.0,727.0,215967.0,9988.0,11107.0,300.0,322.0,33643.0,0.0,1648.0,0.0,644.0,150551.0,224237.0,212.0,,,,,,,,,,,
105,,18.0,八里區,,,,無年齡維度,0.0,,八里區,其他,2.0,1324.0,0.0,0.0,452.0,13.0,860.0,0.0,0.0,0.0,0.0,0.0,0.0,0.0,269.0,1141.0,0.0,,,,,,,,,,,
105,,18.0,八里區,,,,無年齡維度,0.0,,八里區,合計,9919.0,7985607.0,111408.0,138299.0,6155934.0,247153.0,217375.0,16966.0,9183.0,976337.0,1482.0,56102.0,2444.0,52926.0,4669059.0,6533373.0,11238.0,,,,,,,,,,,
105,,19.0,深坑區,,,,無年齡維度,0.0,,深坑區,深坑里,970.0,810383.0,6885.0,13247.0,668474.0,31518.0,15484.0,1509.0,780.0,62694.0,317.0,8041.0,126.0,1309.0,524839.0,666622.0,1114.0,,,,,,,,,,,
105,,19.0,深坑區,,,,無年齡維度,0.0,,深坑區,萬順里,772.0,643132.0,9726.0,5952.0,532067.0,22410.0,10115.0,1036.0,681.0,50206.0,0.0,7307.0,58.0,3573.0,415497.0,526504.0,790.0,,,,,,,,,,,
105,,19.0,深坑區,,,,無年齡維度,0.0,,深坑區,阿柔里,163.0,119879.0,2668.0,480.0,94791.0,4978.0,9723.0,248.0,110.0,5678.0,0.0,508.0,0.0,696.0,70989.0,96078.0,118.0,,,,,,,,,,,
105,,19.0,深坑區,,,,無年齡維度,0.0,,深坑區,昇高里,587.0,498367.0,4524.0,9093.0,403066.0,15408.0,13152.0,949.0,496.0,45342.0,192.0,4707.0,131.0,1306.0,317850.0,413120.0,1040.0,,,,,,,,,,,
105,,19.0,深坑區,,,,無年齡維度,0.0,,深坑區,土庫里,887.0,721905.0,5376.0,11058.0,598701.0,20176.0,8734.0,1727.0,826.0,65065.0,0.0,7987.0,0.0,2252.0,461743.0,584947.0,967.0,,,,,,,,,,,
105,,19.0,深坑區,,,,無年齡維度,0.0,,深坑區,埔新里,1899.0,1659452.0,14853.0,26688.0,1377368.0,57281.0,24235.0,3161.0,1980.0,125630.0,504.0,21937.0,1162.0,4653.0,1091008.0,1372941.0,3697.0,,,,,,,,,,,
105,,19.0,深坑區,,,,無年齡維度,0.0,,深坑區,萬福里,826.0,706332.0,5971.0,11150.0,582579.0,19719.0,18571.0,2293.0,901.0,47180.0,1321.0,5880.0,0.0,10767.0,463951.0,587704.0,1271.0,,,,,,,,,,,
105,,19.0,深坑區,,,,無年齡維度,0.0,,深坑區,賴仲里,683.0,608573.0,4761.0,12565.0,498349.0,23767.0,11875.0,2093.0,890.0,44495.0,0.0,7027.0,450.0,2301.0,398865.0,508984.0,2782.0,,,,,,,,,,,
105,,19.0,深坑區,,,,無年齡維度,0.0,,深坑區,其他,1.0,433.0,0.0,0.0,353.0,40.0,40.0,0.0,0.0,0.0,0.0,0.0,0.0,0.0,225.0,305.0,0.0,,,,,,,,,,,
105,,19.0,深坑區,,,,無年齡維度,0.0,,深坑區,合計,6788.0,5768456.0,54764.0,90233.0,4755748.0,195297.0,111931.0,13016.0,6664.0,446291.0,2334.0,63394.0,1927.0,26857.0,3744968.0,4757205.0,11780.0,,,,,,,,,,,
105,,20.0,石碇區,,,,無年齡維度,0.0,,石碇區,石碇里,113.0,74305.0,733.0,3610.0,62202.0,2657.0,1586.0,73.0,28.0,1145.0,67.0,2132.0,0.0,72.0,45763.0,57866.0,23.0,,,,,,,,,,,
105,,20.0,石碇區,,,,無年齡維度,0.0,,石碇區,潭邊里,172.0,183218.0,1466.0,3459.0,107727.0,3515.0,1859.0,63.0,191.0,51803.0,0.0,13017.0,86.0,31.0,82316.0,157807.0,411.0,,,,,,,,,,,
105,,20.0,石碇區,,,,無年齡維度,0.0,,石碇區,烏塗里,167.0,181966.0,1390.0,3353.0,100438.0,6024.0,1935.0,34.0,37.0,14918.0,0.0,53276.0,0.0,560.0,77906.0,159434.0,0.0,,,,,,,,,,,
105,,20.0,石碇區,,,,無年齡維度,0.0,,石碇區,豐林里,75.0,51122.0,342.0,589.0,41175.0,1394.0,2926.0,0.0,56.0,4555.0,0.0,83.0,0.0,1.0,30657.0,40603.0,40.0,,,,,,,,,,,
105,,20.0,石碇區,,,,無年齡維度,0.0,,石碇區,隆盛里,197.0,134622.0,1687.0,2088.0,111492.0,5213.0,4909.0,20.0,67.0,7236.0,0.0,1274.0,33.0,604.0,84485.0,107616.0,228.0,,,,,,,,,,,
105,,20.0,石碇區,,,,無年齡維度,0.0,,石碇區,中民里,175.0,116090.0,3808.0,2781.0,99744.0,2037.0,3033.0,70.0,493.0,3528.0,0.0,482.0,0.0,114.0,73665.0,90011.0,152.0,,,,,,,,,,,
105,,20.0,石碇區,,,,無年齡維度,0.0,,石碇區,永定里,122.0,75239.0,1647.0,3532.0,63293.0,1145.0,820.0,0.0,88.0,4486.0,0.0,111.0,0.0,116.0,45164.0,57110.0,3.0,,,,,,,,,,,
105,,20.0,石碇區,,,,無年齡維度,0.0,,石碇區,光明里,43.0,32584.0,17.0,108.0,28659.0,1047.0,467.0,241.0,63.0,1888.0,0.0,94.0,0.0,0.0,22518.0,26443.0,0.0,,,,,,,,,,,
105,,20.0,石碇區,,,,無年齡維度,0.0,,石碇區,彭山里,59.0,35474.0,446.0,51.0,27135.0,1056.0,4087.0,0.0,5.0,1913.0,0.0,124.0,0.0,658.0,19033.0,27372.0,2.0,,,,,,,,,,,
105,,20.0,石碇區,,,,無年齡維度,0.0,,石碇區,豐田里,91.0,69358.0,122.0,351.0,50134.0,6407.0,6321.0,39.0,22.0,4264.0,0.0,1583.0,0.0,115.0,39213.0,58438.0,2.0,,,,,,,,,,,
105,,20.0,石碇區,,,,無年齡維度,0.0,,石碇區,格頭里,226.0,152175.0,4195.0,1181.0,124153.0,5335.0,2187.0,0.0,272.0,13651.0,0.0,1115.0,0.0,87.0,92192.0,120214.0,67.0,,,,,,,,,,,
105,,20.0,石碇區,,,,無年齡維度,0.0,,石碇區,永安里,175.0,111337.0,1100.0,2688.0,93038.0,2617.0,3262.0,274.0,108.0,6936.0,1.0,1019.0,0.0,294.0,66762.0,85061.0,15.0,,,,,,,,,,,
105,,20.0,石碇區,,,,無年齡維度,0.0,,石碇區,碧山里,0.0,0.0,0.0,0.0,0.0,0.0,0.0,0.0,0.0,0.0,0.0,0.0,0.0,0.0,0.0,0.0,0.0,,,,,,,,,,,
105,,20.0,石碇區,,,,無年齡維度,0.0,,石碇區,其他,0.0,0.0,0.0,0.0,0.0,0.0,0.0,0.0,0.0,0.0,0.0,0.0,0.0,0.0,0.0,0.0,0.0,,,,,,,,,,,
105,,20.0,石碇區,,,,無年齡維度,0.0,,石碇區,合計,1615.0,1217490.0,16953.0,23789.0,909192.0,38447.0,33392.0,815.0,1430.0,116323.0,68.0,74311.0,119.0,2653.0,679676.0,987974.0,944.0,,,,,,,,,,,
105,,21.0,坪林區,,,,無年齡維度,0.0,,坪林區,坪林里,330.0,236881.0,3708.0,3992.0,195541.0,9628.0,8623.0,92.0,161.0,13918.0,0.0,1007.0,84.0,127.0,149559.0,190899.0,732.0,,,,,,,,,,,
105,,21.0,坪林區,,,,無年齡維度,0.0,,坪林區,水德里,130.0,89029.0,1353.0,643.0,66688.0,2176.0,3361.0,178.0,46.0,14281.0,0.0,303.0,0.0,1.0,48772.0,71113.0,10.0,,,,,,,,,,,
105,,21.0,坪林區,,,,無年齡維度,0.0,,坪林區,大林里,236.0,176886.0,2365.0,1247.0,139176.0,8020.0,8093.0,220.0,113.0,15813.0,0.0,1237.0,576.0,26.0,105464.0,143173.0,1148.0,,,,,,,,,,,
105,,21.0,坪林區,,,,無年齡維度,0.0,,坪林區,上德里,172.0,115080.0,2890.0,768.0,91353.0,3185.0,3523.0,8.0,279.0,11922.0,0.0,942.0,0.0,212.0,67307.0,91034.0,141.0,,,,,,,,,,,
105,,21.0,坪林區,,,,無年齡維度,0.0,,坪林區,漁光里,156.0,116246.0,7266.0,1495.0,81569.0,6096.0,6704.0,29.0,161.0,12129.0,0.0,335.0,0.0,461.0,60981.0,95658.0,62.0,,,,,,,,,,,
105,,21.0,坪林區,,,,無年齡維度,0.0,,坪林區,石𥕢里,90.0,66700.0,808.0,656.0,54350.0,2139.0,842.0,1892.0,44.0,5287.0,22.0,597.0,0.0,64.0,42055.0,54406.0,0.0,,,,,,,,,,,
105,,21.0,坪林區,,,,無年齡維度,0.0,,坪林區,粗窟里,201.0,157046.0,1830.0,2281.0,115633.0,6105.0,5262.0,330.0,139.0,22780.0,0.0,2616.0,0.0,70.0,87675.0,129088.0,23.0,,,,,,,,,,,
105,,21.0,坪林區,,,,無年齡維度,0.0,,坪林區,其他,0.0,0.0,0.0,0.0,0.0,0.0,0.0,0.0,0.0,0.0,0.0,0.0,0.0,0.0,0.0,0.0,0.0,,,,,,,,,,,
105,,21.0,坪林區,,,,無年齡維度,0.0,,坪林區,合計,1315.0,957868.0,20220.0,11082.0,744309.0,37349.0,36408.0,2749.0,943.0,96129.0,22.0,7037.0,660.0,960.0,561813.0,775371.0,2117.0,,,,,,,,,,,
105,,22.0,三芝區,,,,無年齡維度,0.0,,三芝區,八賢里,89.0,55561.0,1012.0,1197.0,43714.0,2439.0,215.0,0.0,24.0,6437.0,0.0,524.0,0.0,0.0,30302.0,42229.0,12.0,,,,,,,,,,,
105,,22.0,三芝區,,,,無年齡維度,0.0,,三芝區,埔頭里,1462.0,888764.0,18033.0,11916.0,762933.0,29310.0,7484.0,1447.0,2336.0,45752.0,0.0,7074.0,421.0,2057.0,549917.0,678900.0,1405.0,,,,,,,,,,,
105,,22.0,三芝區,,,,無年齡維度,0.0,,三芝區,古庄里,300.0,195507.0,3425.0,4089.0,158321.0,8761.0,3397.0,157.0,206.0,14167.0,0.0,2535.0,0.0,449.0,120053.0,157681.0,43.0,,,,,,,,,,,
105,,22.0,三芝區,,,,無年齡維度,0.0,,三芝區,新庄里,209.0,120010.0,4923.0,540.0,96397.0,4701.0,2799.0,183.0,170.0,9643.0,0.0,412.0,50.0,192.0,67705.0,91318.0,279.0,,,,,,,,,,,
105,,22.0,三芝區,,,,無年齡維度,0.0,,三芝區,埔坪里,1778.0,1106081.0,26996.0,9615.0,938865.0,32332.0,15897.0,637.0,1647.0,67402.0,13.0,7628.0,0.0,5049.0,684010.0,853082.0,514.0,,,,,,,,,,,
105,,22.0,三芝區,,,,無年齡維度,0.0,,三芝區,茂長里,178.0,116898.0,1066.0,6857.0,93235.0,6387.0,873.0,148.0,226.0,6202.0,0.0,1747.0,69.0,89.0,70650.0,94671.0,869.0,,,,,,,,,,,
105,,22.0,三芝區,,,,無年齡維度,0.0,,三芝區,橫山里,108.0,65371.0,2077.0,2.0,55499.0,1826.0,997.0,158.0,153.0,4000.0,0.0,470.0,0.0,188.0,41016.0,51087.0,0.0,,,,,,,,,,,
105,,22.0,三芝區,,,,無年齡維度,0.0,,三芝區,錫板里,194.0,135343.0,2197.0,1217.0,101220.0,6826.0,5872.0,135.0,47.0,17080.0,0.0,734.0,0.0,15.0,72923.0,107046.0,205.0,,,,,,,,,,,
105,,22.0,三芝區,,,,無年齡維度,0.0,,三芝區,後厝里,650.0,520706.0,5262.0,11385.0,376131.0,27344.0,11562.0,2888.0,775.0,67873.0,0.0,4449.0,1389.0,11649.0,293237.0,438103.0,4087.0,,,,,,,,,,,
105,,22.0,三芝區,,,,無年齡維度,0.0,,三芝區,福德里,213.0,200874.0,2288.0,2066.0,150714.0,14656.0,3627.0,36.0,164.0,20879.0,0.0,3210.0,223.0,3010.0,121882.0,172249.0,1293.0,,,,,,,,,,,
105,,22.0,三芝區,,,,無年齡維度,0.0,,三芝區,圓山里,129.0,103181.0,3667.0,2400.0,57080.0,6272.0,4192.0,41.0,87.0,27124.0,0.0,205.0,0.0,2113.0,40606.0,86707.0,62.0,,,,,,,,,,,
105,,22.0,三芝區,,,,無年齡維度,0.0,,三芝區,店子里,155.0,109542.0,1812.0,2366.0,87136.0,4052.0,1008.0,32.0,103.0,12623.0,0.0,410.0,0.0,0.0,63629.0,86428.0,23.0,,,,,,,,,,,
105,,22.0,三芝區,,,,無年齡維度,0.0,,三芝區,興華里,338.0,266914.0,4351.0,4978.0,179855.0,9221.0,7679.0,696.0,624.0,52585.0,419.0,4387.0,4.0,2115.0,133113.0,221229.0,748.0,,,,,,,,,,,
105,,22.0,三芝區,,,,無年齡維度,0.0,,三芝區,其他,0.0,0.0,0.0,0.0,0.0,0.0,0.0,0.0,0.0,0.0,0.0,0.0,0.0,0.0,0.0,0.0,0.0,,,,,,,,,,,
105,,22.0,三芝區,,,,無年齡維度,0.0,,三芝區,合計,5803.0,3884752.0,77109.0,58626.0,3101100.0,154127.0,65604.0,6558.0,6563.0,351766.0,432.0,33785.0,2155.0,26927.0,2289044.0,3080732.0,9539.0,,,,,,,,,,,
105,,23.0,石門區,,,,無年齡維度,0.0,,石門區,德茂里,260.0,160629.0,6260.0,390.0,133017.0,6135.0,3112.0,84.0,342.0,10159.0,0.0,991.0,0.0,139.0,98291.0,125902.0,17.0,,,,,,,,,,,
105,,23.0,石門區,,,,無年齡維度,0.0,,石門區,富基里,343.0,237037.0,2468.0,2909.0,198558.0,6544.0,3784.0,121.0,116.0,20270.0,0.0,1848.0,56.0,363.0,149561.0,188344.0,554.0,,,,,,,,,,,
105,,23.0,石門區,,,,無年齡維度,0.0,,石門區,老梅里,562.0,466749.0,5699.0,2998.0,321379.0,12288.0,3615.0,2025.0,363.0,109330.0,1020.0,7628.0,49.0,355.0,244379.0,389718.0,383.0,,,,,,,,,,,
105,,23.0,石門區,,,,無年齡維度,0.0,,石門區,山溪里,198.0,130614.0,1953.0,519.0,109868.0,6207.0,1631.0,155.0,108.0,9148.0,0.0,551.0,0.0,475.0,80236.0,100981.0,9.0,,,,,,,,,,,
105,,23.0,石門區,,,,無年齡維度,0.0,,石門區,石門里,416.0,300475.0,3029.0,4981.0,248622.0,8869.0,4411.0,266.0,557.0,25029.0,0.0,1577.0,0.0,3134.0,187844.0,240293.0,232.0,,,,,,,,,,,
105,,23.0,石門區,,,,無年齡維度,0.0,,石門區,尖鹿里,411.0,269649.0,2250.0,5103.0,231129.0,11069.0,3507.0,110.0,564.0,14215.0,0.0,1702.0,0.0,0.0,166881.0,208874.0,87.0,,,,,,,,,,,
105,,23.0,石門區,,,,無年齡維度,0.0,,石門區,乾華里,82.0,48021.0,257.0,864.0,41068.0,1638.0,493.0,163.0,26.0,3004.0,0.0,256.0,0.0,253.0,26558.0,36192.0,5.0,,,,,,,,,,,
105,,23.0,石門區,,,,無年齡維度,0.0,,石門區,茂林里,227.0,180579.0,1473.0,755.0,160966.0,5518.0,2136.0,0.0,1950.0,5516.0,0.0,2116.0,0.0,149.0,124205.0,144352.0,2.0,,,,,,,,,,,
105,,23.0,石門區,,,,無年齡維度,0.0,,石門區,草里里,231.0,136453.0,3675.0,1787.0,118459.0,3785.0,2587.0,164.0,161.0,4772.0,386.0,598.0,0.0,79.0,82992.0,103385.0,129.0,,,,,,,,,,,
105,,23.0,石門區,,,,無年齡維度,0.0,,石門區,其他,0.0,0.0,0.0,0.0,0.0,0.0,0.0,0.0,0.0,0.0,0.0,0.0,0.0,0.0,0.0,0.0,0.0,,,,,,,,,,,
105,,23.0,石門區,,,,無年齡維度,0.0,,石門區,合計,2730.0,1930205.0,27063.0,20306.0,1563065.0,62054.0,25276.0,3088.0,4187.0,201443.0,1405.0,17266.0,105.0,4947.0,1160947.0,1538042.0,1418.0,,,,,,,,,,,
105,,24.0,金山區,,,,無年齡維度,0.0,,金山區,和平里,124.0,82778.0,1280.0,395.0,70298.0,3297.0,2352.0,0.0,316.0,4234.0,0.0,561.0,0.0,45.0,54397.0,66877.0,36.0,,,,,,,,,,,
105,,24.0,金山區,,,,無年齡維度,0.0,,金山區,大同里,176.0,127905.0,6608.0,1960.0,106269.0,4452.0,1215.0,108.0,111.0,6598.0,0.0,560.0,0.0,23.0,81756.0,103392.0,7.0,,,,,,,,,,,
105,,24.0,金山區,,,,無年齡維度,0.0,,金山區,豐漁里,99.0,59621.0,687.0,74.0,46834.0,4710.0,2069.0,4.0,68.0,4596.0,0.0,578.0,0.0,3.0,34534.0,47738.0,0.0,,,,,,,,,,,
105,,24.0,金山區,,,,無年齡維度,0.0,,金山區,磺港里,369.0,223129.0,2466.0,5007.0,189166.0,7715.0,4221.0,718.0,216.0,11125.0,0.0,2339.0,0.0,156.0,137500.0,171735.0,3.0,,,,,,,,,,,
105,,24.0,金山區,,,,無年齡維度,0.0,,金山區,美田里,1169.0,794863.0,25211.0,7547.0,665326.0,27737.0,9849.0,650.0,882.0,49511.0,117.0,6841.0,0.0,1195.0,496993.0,627168.0,394.0,,,,,,,,,,,
105,,24.0,金山區,,,,無年齡維度,0.0,,金山區,五湖里,502.0,339896.0,4219.0,5274.0,288556.0,12665.0,4456.0,200.0,228.0,21121.0,0.0,2308.0,0.0,869.0,217696.0,269037.0,147.0,,,,,,,,,,,
105,,24.0,金山區,,,,無年齡維度,0.0,,金山區,重和里,370.0,311898.0,7714.0,8323.0,228654.0,18457.0,5458.0,1104.0,298.0,37941.0,0.0,2450.0,0.0,1499.0,181258.0,264502.0,287.0,,,,,,,,,,,
105,,24.0,金山區,,,,無年齡維度,0.0,,金山區,兩湖里,91.0,59176.0,1585.0,276.0,51738.0,1530.0,271.0,43.0,32.0,3583.0,0.0,118.0,0.0,0.0,39502.0,46939.0,0.0,,,,,,,,,,,
105,,24.0,金山區,,,,無年齡維度,0.0,,金山區,六股里,167.0,117691.0,2358.0,1149.0,93107.0,3778.0,3058.0,3531.0,70.0,10209.0,0.0,406.0,0.0,25.0,71602.0,96187.0,96.0,,,,,,,,,,,
105,,24.0,金山區,,,,無年齡維度,0.0,,金山區,三界里,134.0,84511.0,600.0,1449.0,68438.0,2974.0,4070.0,53.0,46.0,6475.0,40.0,367.0,0.0,0.0,50218.0,66621.0,0.0,,,,,,,,,,,
105,,24.0,金山區,,,,無年齡維度,0.0,,金山區,清泉里,194.0,125566.0,4366.0,1473.0,101613.0,4642.0,1286.0,152.0,107.0,10846.0,0.0,570.0,0.0,510.0,73411.0,98131.0,10.0,,,,,,,,,,,
105,,24.0,金山區,,,,無年齡維度,0.0,,金山區,西湖里,54.0,43457.0,3379.0,102.0,32672.0,1592.0,1691.0,1237.0,10.0,2235.0,0.0,56.0,0.0,482.0,24878.0,35663.0,89.0,,,,,,,,,,,
105,,24.0,金山區,,,,無年齡維度,0.0,,金山區,萬壽里,95.0,57328.0,271.0,678.0,51117.0,2596.0,804.0,2.0,150.0,1458.0,0.0,251.0,0.0,0.0,36405.0,43043.0,8.0,,,,,,,,,,,
105,,24.0,金山區,,,,無年齡維度,0.0,,金山區,永興里,132.0,78655.0,389.0,614.0,68367.0,2478.0,943.0,43.0,186.0,5201.0,0.0,428.0,0.0,6.0,49244.0,59533.0,15.0,,,,,,,,,,,
105,,24.0,金山區,,,,無年齡維度,0.0,,金山區,金美里,1421.0,902639.0,20715.0,11795.0,756250.0,36892.0,14616.0,818.0,1500.0,47741.0,1264.0,9086.0,58.0,1904.0,556172.0,706987.0,569.0,,,,,,,,,,,
105,,24.0,金山區,,,,無年齡維度,0.0,,金山區,其他,1.0,295.0,0.0,0.0,295.0,0.0,0.0,0.0,0.0,0.0,0.0,0.0,0.0,0.0,167.0,167.0,0.0,,,,,,,,,,,
105,,24.0,金山區,,,,無年齡維度,0.0,,金山區,合計,5098.0,3409410.0,81849.0,46115.0,2818699.0,135516.0,56358.0,8663.0,4219.0,222875.0,1421.0,26917.0,58.0,6718.0,2105733.0,2703720.0,1661.0,,,,,,,,,,,
105,,25.0,萬里區,,,,無年齡維度,0.0,,萬里區,萬里里,1207.0,804143.0,20181.0,12570.0,679293.0,27980.0,10021.0,276.0,869.0,45733.0,66.0,5661.0,0.0,1494.0,498187.0,624079.0,112.0,,,,,,,,,,,
105,,25.0,萬里區,,,,無年齡維度,0.0,,萬里區,龜吼里,566.0,403979.0,4828.0,10262.0,320498.0,15906.0,9724.0,1006.0,445.0,34585.0,0.0,4523.0,0.0,2202.0,243292.0,327281.0,373.0,,,,,,,,,,,
105,,25.0,萬里區,,,,無年齡維度,0.0,,萬里區,野柳里,670.0,449630.0,11447.0,8003.0,363877.0,18964.0,11649.0,954.0,851.0,28155.0,4.0,5094.0,492.0,139.0,272949.0,358810.0,936.0,,,,,,,,,,,
105,,25.0,萬里區,,,,無年齡維度,0.0,,萬里區,大鵬里,712.0,476731.0,12908.0,8156.0,381858.0,13908.0,8349.0,554.0,536.0,45708.0,12.0,4616.0,0.0,126.0,278616.0,374611.0,194.0,,,,,,,,,,,
105,,25.0,萬里區,,,,無年齡維度,0.0,,萬里區,磺潭里,160.0,101478.0,3714.0,1322.0,81180.0,4262.0,1563.0,289.0,95.0,7996.0,67.0,808.0,0.0,182.0,58772.0,79069.0,14.0,,,,,,,,,,,
105,,25.0,萬里區,,,,無年齡維度,0.0,,萬里區,雙興里,208.0,188750.0,5700.0,1931.0,131355.0,6047.0,7052.0,445.0,124.0,34915.0,125.0,547.0,0.0,509.0,100431.0,157826.0,46.0,,,,,,,,,,,
105,,25.0,萬里區,,,,無年齡維度,0.0,,萬里區,溪底里,146.0,95229.0,5689.0,316.0,73234.0,2964.0,1362.0,0.0,47.0,10564.0,0.0,1052.0,0.0,1.0,52493.0,74488.0,1.0,,,,,,,,,,,
105,,25.0,萬里區,,,,無年齡維度,0.0,,萬里區,崁脚里,107.0,79950.0,3302.0,5274.0,61172.0,1335.0,2472.0,0.0,125.0,5259.0,0.0,1010.0,0.0,2.0,44798.0,63888.0,114.0,,,,,,,,,,,
105,,25.0,萬里區,,,,無年齡維度,0.0,,萬里區,中幅里,282.0,188979.0,5180.0,1456.0,152217.0,4713.0,5382.0,229.0,237.0,18417.0,0.0,1142.0,0.0,6.0,110006.0,146768.0,40.0,,,,,,,,,,,
105,,25.0,萬里區,,,,無年齡維度,0.0,,萬里區,北基里,634.0,369990.0,6129.0,8529.0,319146.0,12260.0,4245.0,225.0,1182.0,14067.0,0.0,3028.0,45.0,1135.0,234240.0,286003.0,575.0,,,,,,,,,,,
105,,25.0,萬里區,,,,無年齡維度,0.0,,萬里區,其他,0.0,0.0,0.0,0.0,0.0,0.0,0.0,0.0,0.0,0.0,0.0,0.0,0.0,0.0,0.0,0.0,0.0,,,,,,,,,,,
105,,25.0,萬里區,,,,無年齡維度,0.0,,萬里區,合計,4692.0,3158860.0,79078.0,57818.0,2563830.0,108338.0,61821.0,3977.0,4509.0,245399.0,274.0,27481.0,537.0,5797.0,1893782.0,2492822.0,2405.0,,,,,,,,,,,
105,,26.0,平溪區,,,,無年齡維度,0.0,,平溪區,薯榔里,87.0,52086.0,603.0,736.0,47335.0,923.0,308.0,224.0,46.0,1359.0,0.0,392.0,0.0,161.0,34268.0,39019.0,12.0,,,,,,,,,,,
105,,26.0,平溪區,,,,無年齡維度,0.0,,平溪區,白石里,64.0,36362.0,1073.0,15.0,30182.0,958.0,1621.0,188.0,23.0,2001.0,0.0,91.0,0.0,209.0,20525.0,26705.0,13.0,,,,,,,,,,,
105,,26.0,平溪區,,,,無年齡維度,0.0,,平溪區,菁桐里,57.0,37942.0,463.0,1.0,33608.0,1444.0,374.0,1.0,80.0,1288.0,552.0,127.0,0.0,4.0,25301.0,29636.0,175.0,,,,,,,,,,,
105,,26.0,平溪區,,,,無年齡維度,0.0,,平溪區,平溪里,62.0,36717.0,312.0,538.0,30847.0,1130.0,2144.0,0.0,7.0,1609.0,0.0,117.0,0.0,13.0,21661.0,27531.0,6.0,,,,,,,,,,,
105,,26.0,平溪區,,,,無年齡維度,0.0,,平溪區,石底里,95.0,68870.0,649.0,1006.0,53135.0,1981.0,1693.0,28.0,93.0,9676.0,0.0,223.0,0.0,387.0,40749.0,56485.0,8.0,,,,,,,,,,,
105,,26.0,平溪區,,,,無年齡維度,0.0,,平溪區,嶺腳里,161.0,104310.0,2688.0,598.0,86551.0,3753.0,3516.0,0.0,76.0,5233.0,0.0,1772.0,0.0,123.0,63137.0,80896.0,12.0,,,,,,,,,,,
105,,26.0,平溪區,,,,無年齡維度,0.0,,平溪區,東勢里,80.0,60379.0,335.0,385.0,51748.0,2137.0,766.0,1.0,92.0,4762.0,0.0,85.0,0.0,69.0,40015.0,48645.0,15.0,,,,,,,,,,,
105,,26.0,平溪區,,,,無年齡維度,0.0,,平溪區,平湖里,33.0,18195.0,864.0,1.0,14015.0,2468.0,98.0,0.0,2.0,584.0,0.0,23.0,0.0,141.0,9604.0,13785.0,0.0,,,,,,,,,,,
105,,26.0,平溪區,,,,無年齡維度,0.0,,平溪區,南山里,89.0,53574.0,596.0,1612.0,45492.0,980.0,1973.0,0.0,38.0,2799.0,0.0,84.0,0.0,0.0,33552.0,41634.0,19.0,,,,,,,,,,,
105,,26.0,平溪區,,,,無年齡維度,0.0,,平溪區,新寮里,23.0,15962.0,619.0,0.0,14547.0,193.0,245.0,0.0,18.0,314.0,0.0,27.0,0.0,0.0,11299.0,12714.0,0.0,,,,,,,,,,,
105,,26.0,平溪區,,,,無年齡維度,0.0,,平溪區,十分里,151.0,107211.0,3538.0,1634.0,78335.0,5010.0,4294.0,0.0,68.0,12753.0,0.0,801.0,0.0,778.0,57702.0,86578.0,15.0,,,,,,,,,,,
105,,26.0,平溪區,,,,無年齡維度,0.0,,平溪區,望古里,36.0,24573.0,1729.0,29.0,19246.0,616.0,1092.0,0.0,7.0,1389.0,0.0,65.0,0.0,402.0,14127.0,19454.0,0.0,,,,,,,,,,,
105,,26.0,平溪區,,,,無年齡維度,0.0,,平溪區,其他,0.0,0.0,0.0,0.0,0.0,0.0,0.0,0.0,0.0,0.0,0.0,0.0,0.0,0.0,0.0,0.0,0.0,,,,,,,,,,,
105,,26.0,平溪區,,,,無年齡維度,0.0,,平溪區,合計,938.0,616181.0,13468.0,6555.0,505038.0,21592.0,18124.0,440.0,549.0,43767.0,552.0,3807.0,0.0,2289.0,371940.0,483082.0,275.0,,,,,,,,,,,
105,,27.0,雙溪區,,,,無年齡維度,0.0,,雙溪區,雙溪里,118.0,114094.0,942.0,258.0,75626.0,4667.0,696.0,0.0,126.0,31299.0,0.0,407.0,0.0,72.0,60361.0,98829.0,1.0,,,,,,,,,,,
105,,27.0,雙溪區,,,,無年齡維度,0.0,,雙溪區,共和里,96.0,60559.0,183.0,462.0,52144.0,4149.0,116.0,18.0,99.0,2678.0,0.0,700.0,0.0,9.0,38425.0,46839.0,4.0,,,,,,,,,,,
105,,27.0,雙溪區,,,,無年齡維度,0.0,,雙溪區,新基里,180.0,135655.0,2167.0,936.0,108841.0,7126.0,6031.0,59.0,634.0,8395.0,0.0,1154.0,0.0,313.0,84210.0,111024.0,92.0,,,,,,,,,,,
105,,27.0,雙溪區,,,,無年齡維度,0.0,,雙溪區,魚行里,178.0,131345.0,1361.0,224.0,113044.0,5059.0,2141.0,0.0,77.0,8468.0,0.0,787.0,0.0,183.0,85970.0,104270.0,9.0,,,,,,,,,,,
105,,27.0,雙溪區,,,,無年齡維度,0.0,,雙溪區,三港里,102.0,79491.0,481.0,380.0,64829.0,4957.0,1558.0,166.0,46.0,6737.0,0.0,263.0,0.0,75.0,49479.0,64140.0,2.0,,,,,,,,,,,
105,,27.0,雙溪區,,,,無年齡維度,0.0,,雙溪區,牡丹里,374.0,242800.0,4496.0,1546.0,209562.0,11979.0,3443.0,379.0,224.0,9643.0,0.0,1414.0,0.0,114.0,157397.0,190635.0,36.0,,,,,,,,,,,
105,,27.0,雙溪區,,,,無年齡維度,0.0,,雙溪區,三貂里,68.0,98562.0,671.0,8.0,81489.0,1135.0,1643.0,55.0,8.0,12560.0,444.0,549.0,0.0,0.0,72115.0,89188.0,10.0,,,,,,,,,,,
105,,27.0,雙溪區,,,,無年齡維度,0.0,,雙溪區,平林里,250.0,182121.0,8435.0,1425.0,147826.0,6903.0,1649.0,616.0,108.0,10639.0,252.0,3918.0,0.0,349.0,109574.0,143868.0,25.0,,,,,,,,,,,
105,,27.0,雙溪區,,,,無年齡維度,0.0,,雙溪區,上林里,128.0,81718.0,4167.0,72.0,63792.0,4168.0,4841.0,40.0,14.0,4139.0,0.0,436.0,0.0,49.0,45681.0,63607.0,0.0,,,,,,,,,,,
105,,27.0,雙溪區,,,,無年齡維度,0.0,,雙溪區,外柑里,80.0,48960.0,2060.0,210.0,41166.0,1964.0,658.0,0.0,36.0,2570.0,0.0,295.0,0.0,0.0,29219.0,37013.0,118.0,,,,,,,,,,,
105,,27.0,雙溪區,,,,無年齡維度,0.0,,雙溪區,長源里,70.0,48848.0,1821.0,15.0,38438.0,1155.0,1653.0,0.0,16.0,5167.0,0.0,297.0,0.0,286.0,28005.0,38415.0,10.0,,,,,,,,,,,
105,,27.0,雙溪區,,,,無年齡維度,0.0,,雙溪區,泰平里,259.0,181035.0,3976.0,911.0,142193.0,7500.0,3368.0,388.0,277.0,21553.0,0.0,826.0,0.0,41.0,104506.0,143349.0,132.0,,,,,,,,,,,
105,,27.0,雙溪區,,,,無年齡維度,0.0,,雙溪區,其他,0.0,0.0,0.0,0.0,0.0,0.0,0.0,0.0,0.0,0.0,0.0,0.0,0.0,0.0,0.0,0.0,0.0,,,,,,,,,,,
105,,27.0,雙溪區,,,,無年齡維度,0.0,,雙溪區,合計,1903.0,1405188.0,30761.0,6448.0,1138950.0,60763.0,27798.0,1721.0,1667.0,123849.0,696.0,11045.0,0.0,1490.0,864941.0,1131179.0,439.0,,,,,,,,,,,
105,,28.0,貢寮區,,,,無年齡維度,0.0,,貢寮區,貢寮里,201.0,137136.0,1986.0,626.0,115898.0,5366.0,1559.0,0.0,233.0,10413.0,0.0,896.0,80.0,79.0,85764.0,107003.0,415.0,,,,,,,,,,,
105,,28.0,貢寮區,,,,無年齡維度,0.0,,貢寮區,雙玉里,157.0,114915.0,1273.0,940.0,94500.0,3759.0,1687.0,0.0,54.0,11263.0,0.0,945.0,0.0,494.0,70508.0,90923.0,6.0,,,,,,,,,,,
105,,28.0,貢寮區,,,,無年齡維度,0.0,,貢寮區,龍崗里,103.0,64694.0,1625.0,1316.0,51502.0,2512.0,1169.0,757.0,35.0,5316.0,0.0,461.0,0.0,0.0,37708.0,50900.0,109.0,,,,,,,,,,,
105,,28.0,貢寮區,,,,無年齡維度,0.0,,貢寮區,吉林里,99.0,55126.0,442.0,394.0,45951.0,2281.0,1854.0,0.0,27.0,3712.0,0.0,453.0,0.0,11.0,32707.0,42383.0,6.0,,,,,,,,,,,
105,,28.0,貢寮區,,,,無年齡維度,0.0,,貢寮區,龍門里,135.0,89717.0,562.0,458.0,78075.0,1779.0,1447.0,6.0,241.0,6738.0,0.0,252.0,107.0,50.0,58063.0,69705.0,346.0,,,,,,,,,,,
105,,28.0,貢寮區,,,,無年齡維度,0.0,,貢寮區,福隆里,344.0,223315.0,4079.0,2515.0,183180.0,9367.0,4295.0,94.0,578.0,16982.0,1156.0,901.0,0.0,168.0,136266.0,176401.0,166.0,,,,,,,,,,,
105,,28.0,貢寮區,,,,無年齡維度,0.0,,貢寮區,福連里,151.0,96566.0,4058.0,101.0,79350.0,3994.0,2014.0,273.0,111.0,6166.0,0.0,498.0,0.0,1.0,57839.0,75055.0,5.0,,,,,,,,,,,
105,,28.0,貢寮區,,,,無年齡維度,0.0,,貢寮區,仁里里,423.0,306298.0,6201.0,3248.0,244707.0,10718.0,2786.0,158.0,399.0,34728.0,0.0,2765.0,0.0,588.0,181746.0,243337.0,27.0,,,,,,,,,,,
105,,28.0,貢寮區,,,,無年齡維度,0.0,,貢寮區,真理里,431.0,274707.0,6754.0,10238.0,213552.0,8183.0,5151.0,250.0,993.0,26509.0,384.0,2313.0,0.0,378.0,156171.0,217326.0,43.0,,,,,,,,,,,
105,,28.0,貢寮區,,,,無年齡維度,0.0,,貢寮區,美豐里,142.0,83709.0,1403.0,1601.0,65657.0,1573.0,995.0,406.0,53.0,11835.0,0.0,184.0,0.0,3.0,46660.0,64712.0,132.0,,,,,,,,,,,
105,,28.0,貢寮區,,,,無年齡維度,0.0,,貢寮區,和美里,213.0,131267.0,2470.0,1674.0,101073.0,4435.0,5389.0,44.0,74.0,15085.0,0.0,676.0,340.0,8.0,72906.0,103100.0,674.0,,,,,,,,,,,
105,,28.0,貢寮區,,,,無年齡維度,0.0,,貢寮區,其他,2.0,1417.0,0.0,0.0,853.0,83.0,0.0,0.0,0.0,480.0,0.0,0.0,0.0,0.0,597.0,1161.0,0.0,,,,,,,,,,,
105,,28.0,貢寮區,,,,無年齡維度,0.0,,貢寮區,合計,2401.0,1578865.0,30855.0,23112.0,1274297.0,54051.0,28348.0,1987.0,2798.0,149227.0,1541.0,10342.0,528.0,1781.0,936936.0,1242005.0,1930.0,,,,,,,,,,,
105,,29.0,烏來區,,,,無年齡維度,0.0,,烏來區,烏來里,612.0,527526.0,6884.0,5741.0,405217.0,17185.0,18571.0,587.0,714.0,67582.0,4.0,3222.0,0.0,1820.0,315012.0,437321.0,219.0,,,,,,,,,,,
105,,29.0,烏來區,,,,無年齡維度,0.0,,烏來區,忠治里,392.0,290518.0,2953.0,4405.0,243240.0,7464.0,7938.0,780.0,339.0,15031.0,91.0,4590.0,0.0,3686.0,183964.0,231241.0,231.0,,,,,,,,,,,
105,,29.0,烏來區,,,,無年齡維度,0.0,,烏來區,孝義里,53.0,38397.0,350.0,142.0,33488.0,423.0,674.0,0.0,38.0,3041.0,0.0,242.0,0.0,0.0,25263.0,30172.0,0.0,,,,,,,,,,,
105,,29.0,烏來區,,,,無年齡維度,0.0,,烏來區,信賢里,119.0,76934.0,2851.0,586.0,64461.0,1610.0,2390.0,244.0,106.0,3954.0,92.0,335.0,0.0,306.0,46319.0,58792.0,164.0,,,,,,,,,,,
105,,29.0,烏來區,,,,無年齡維度,0.0,,烏來區,福山里,106.0,73560.0,693.0,915.0,63341.0,1458.0,3676.0,98.0,156.0,2742.0,0.0,310.0,0.0,171.0,46159.0,56379.0,51.0,,,,,,,,,,,
105,,29.0,烏來區,,,,無年齡維度,0.0,,烏來區,其他,1.0,156.0,0.0,92.0,55.0,0.0,0.0,0.0,0.0,0.0,0.0,9.0,0.0,0.0,0.0,101.0,0.0,,,,,,,,,,,
105,,29.0,烏來區,,,,無年齡維度,0.0,,烏來區,合計,1283.0,1007092.0,13730.0,11881.0,809802.0,28139.0,33248.0,1709.0,1353.0,92350.0,188.0,8707.0,0.0,5983.0,616717.0,814007.0,665.0,,,,,,,,,,,
105,,,,,,,無年齡維度,0.0,,其他,其他,149.0,149481.0,3809.0,8469.0,107693.0,8384.0,4761.0,973.0,129.0,12684.0,0.0,995.0,219.0,1366.0,87366.0,129154.0,691.0,,,,,,,,,,,
105,,,,,,,無年齡維度,0.0,,其他,合計,149.0,149481.0,3809.0,8469.0,107693.0,8384.0,4761.0,973.0,129.0,12684.0,0.0,995.0,219.0,1366.0,87366.0,129154.0,691.0,,,,,,,,,,,
105,,,新北市新莊區,,,,無年齡維度,0.0,,新北市新莊區,海山里,,,,,,,,,,,,,,,,,,1655.0,1350420.0,816.0,568.0,345.0,981.0,929.73,113.94,,,
105,,,新北市新莊區,,,,無年齡維度,0.0,,新北市新莊區,全安里,,,,,,,,,,,,,,,,,,1394.0,1233534.0,885.0,610.0,357.0,1067.0,1084.65,122.57,,,
105,,,新北市新莊區,,,,無年齡維度,0.0,,新北市新莊區,文衡里,,,,,,,,,,,,,,,,,,671.0,633163.0,944.0,657.0,374.0,1198.0,976.07,103.44,,,
105,,,新北市新莊區,,,,無年齡維度,0.0,,新北市新莊區,興漢里,,,,,,,,,,,,,,,,,,1102.0,998095.0,906.0,587.0,350.0,1052.0,2319.19,256.06,,,
105,,,新北市新莊區,,,,無年齡維度,0.0,,新北市新莊區,榮和里,,,,,,,,,,,,,,,,,,897.0,741340.0,826.0,545.0,335.0,923.0,1302.34,157.58,,,
105,,,新北市新莊區,,,,無年齡維度,0.0,,新北市新莊區,文德里,,,,,,,,,,,,,,,,,,537.0,483013.0,899.0,642.0,367.0,1164.0,842.25,93.64,,,
105,,,新北市新莊區,,,,無年齡維度,0.0,,新北市新莊區,文明里,,,,,,,,,,,,,,,,,,584.0,534018.0,914.0,559.0,338.0,1078.0,1133.68,123.98,,,
105,,,新北市新莊區,,,,無年齡維度,0.0,,新北市新莊區,中港里,,,,,,,,,,,,,,,,,,2054.0,1692976.0,824.0,585.0,360.0,1013.0,812.25,98.55,,,
105,,,新北市新莊區,,,,無年齡維度,0.0,,新北市新莊區,頭前里,,,,,,,,,,,,,,,,,,2718.0,3103981.0,1142.0,712.0,389.0,1348.0,1900.78,166.44,,,
105,,,新北市新莊區,,,,無年齡維度,0.0,,新北市新莊區,丹鳳里,,,,,,,,,,,,,,,,,,2404.0,1843758.0,767.0,588.0,369.0,951.0,662.08,86.33,,,
105,,,新北市新莊區,,,,無年齡維度,0.0,,新北市新莊區,西盛里,,,,,,,,,,,,,,,,,,3422.0,2841162.0,830.0,628.0,374.0,1058.0,738.26,88.92,,,
105,,,新北市新莊區,,,,無年齡維度,0.0,,新北市新莊區,瓊林里,,,,,,,,,,,,,,,,,,1639.0,1226479.0,748.0,561.0,347.0,924.0,664.18,88.76,,,
105,,,新北市新莊區,,,,無年齡維度,0.0,,新北市新莊區,營盤里,,,,,,,,,,,,,,,,,,794.0,595414.0,750.0,541.0,319.0,920.0,735.75,98.11,,,
105,,,新北市新莊區,,,,無年齡維度,0.0,,新北市新莊區,後港里,,,,,,,,,,,,,,,,,,2296.0,1718886.0,749.0,557.0,342.0,941.0,687.25,91.8,,,
105,,,新北市新莊區,,,,無年齡維度,0.0,,新北市新莊區,國泰里,,,,,,,,,,,,,,,,,,484.0,363014.0,750.0,525.0,321.0,852.0,982.39,130.98,,,
105,,,新北市新莊區,,,,無年齡維度,0.0,,新北市新莊區,立人里,,,,,,,,,,,,,,,,,,768.0,796292.0,1037.0,681.0,388.0,1283.0,1090.36,105.16,,,
105,,,新北市新莊區,,,,無年齡維度,0.0,,新北市新莊區,恆安里,,,,,,,,,,,,,,,,,,1356.0,1189357.0,877.0,633.0,369.0,1127.0,792.89,90.4,,,
105,,,新北市新莊區,,,,無年齡維度,0.0,,新北市新莊區,思源里,,,,,,,,,,,,,,,,,,1691.0,1353831.0,801.0,567.0,349.0,971.0,859.52,107.36,,,
105,,,新北市新莊區,,,,無年齡維度,0.0,,新北市新莊區,化成里,,,,,,,,,,,,,,,,,,1215.0,1062632.0,875.0,565.0,345.0,1029.0,1010.13,115.5,,,
105,,,新北市新莊區,,,,無年齡維度,0.0,,新北市新莊區,福基里,,,,,,,,,,,,,,,,,,1532.0,1558818.0,1018.0,674.0,381.0,1285.0,1077.53,105.9,,,
105,,,新北市新莊區,,,,無年齡維度,0.0,,新北市新莊區,思賢里,,,,,,,,,,,,,,,,,,1312.0,1097500.0,837.0,584.0,359.0,1048.0,1037.06,123.97,,,
105,,,新北市新莊區,,,,無年齡維度,0.0,,新北市新莊區,中美里,,,,,,,,,,,,,,,,,,1687.0,1302832.0,772.0,573.0,348.0,951.0,695.46,90.05,,,
105,,,新北市新莊區,,,,無年齡維度,0.0,,新北市新莊區,中和里,,,,,,,,,,,,,,,,,,1409.0,1108619.0,787.0,544.0,344.0,923.0,789.57,100.35,,,
105,,,新北市新莊區,,,,無年齡維度,0.0,,新北市新莊區,中泰里,,,,,,,,,,,,,,,,,,1248.0,860265.0,689.0,522.0,339.0,872.0,575.3,83.46,,,
105,,,新北市新莊區,,,,無年齡維度,0.0,,新北市新莊區,立言里,,,,,,,,,,,,,,,,,,1702.0,1503304.0,883.0,603.0,381.0,1056.0,1714.8,194.14,,,
105,,,新北市新莊區,,,,無年齡維度,0.0,,新北市新莊區,立功里,,,,,,,,,,,,,,,,,,1016.0,707733.0,697.0,547.0,349.0,867.0,581.74,83.51,,,
105,,,新北市新莊區,,,,無年齡維度,0.0,,新北市新莊區,立德里,,,,,,,,,,,,,,,,,,840.0,786127.0,936.0,609.0,346.0,1125.0,1379.47,147.4,,,
105,,,新北市新莊區,,,,無年齡維度,0.0,,新北市新莊區,豐年里,,,,,,,,,,,,,,,,,,1114.0,798168.0,716.0,545.0,348.0,859.0,646.09,90.17,,,
105,,,新北市新莊區,,,,無年齡維度,0.0,,新北市新莊區,忠孝里,,,,,,,,,,,,,,,,,,1533.0,1250541.0,816.0,603.0,354.0,1026.0,766.57,93.97,,,
105,,,新北市新莊區,,,,無年齡維度,0.0,,新北市新莊區,立志里,,,,,,,,,,,,,,,,,,1156.0,944024.0,817.0,573.0,360.0,967.0,1009.36,123.6,,,
105,,,新北市新莊區,,,,無年齡維度,0.0,,新北市新莊區,中誠里,,,,,,,,,,,,,,,,,,659.0,848668.0,1288.0,560.0,365.0,967.0,9297.77,721.98,,,
105,,,新北市新莊區,,,,無年齡維度,0.0,,新北市新莊區,自立里,,,,,,,,,,,,,,,,,,1497.0,1131047.0,756.0,545.0,356.0,926.0,676.75,89.57,,,
105,,,新北市新莊區,,,,無年齡維度,0.0,,新北市新莊區,自強里,,,,,,,,,,,,,,,,,,669.0,406925.0,608.0,476.0,317.0,728.0,510.53,83.93,,,
105,,,新北市新莊區,,,,無年齡維度,0.0,,新北市新莊區,幸福里,,,,,,,,,,,,,,,,,,1228.0,807468.0,658.0,520.0,345.0,811.0,524.36,79.75,,,
105,,,新北市新莊區,,,,無年齡維度,0.0,,新北市新莊區,仁愛里,,,,,,,,,,,,,,,,,,730.0,479558.0,657.0,507.0,362.0,803.0,487.71,74.24,,,
105,,,新北市新莊區,,,,無年齡維度,0.0,,新北市新莊區,信義里,,,,,,,,,,,,,,,,,,1617.0,1265768.0,783.0,564.0,357.0,930.0,781.32,99.81,,,
105,,,新北市新莊區,,,,無年齡維度,0.0,,新北市新莊區,龍鳳里,,,,,,,,,,,,,,,,,,2839.0,2703690.0,952.0,681.0,410.0,1207.0,1114.05,116.98,,,
105,,,新北市新莊區,,,,無年齡維度,0.0,,新北市新莊區,民安里,,,,,,,,,,,,,,,,,,1826.0,1440069.0,789.0,608.0,377.0,974.0,707.73,89.74,,,
105,,,新北市新莊區,,,,無年齡維度,0.0,,新北市新莊區,光華里,,,,,,,,,,,,,,,,,,2093.0,1611273.0,770.0,584.0,371.0,929.0,752.29,97.72,,,
105,,,新北市新莊區,,,,無年齡維度,0.0,,新北市新莊區,富國里,,,,,,,,,,,,,,,,,,729.0,459448.0,630.0,522.0,342.0,800.0,434.92,69.01,,,
105,,,新北市新莊區,,,,無年齡維度,0.0,,新北市新莊區,裕民里,,,,,,,,,,,,,,,,,,1938.0,1444573.0,745.0,552.0,348.0,891.0,892.45,119.73,,,
105,,,新北市新莊區,,,,無年齡維度,0.0,,新北市新莊區,南港里,,,,,,,,,,,,,,,,,,1675.0,1209007.0,722.0,542.0,354.0,884.0,623.34,86.36,,,
105,,,新北市新莊區,,,,無年齡維度,0.0,,新北市新莊區,萬安里,,,,,,,,,,,,,,,,,,1207.0,806359.0,668.0,556.0,339.0,810.0,552.17,82.65,,,
105,,,新北市新莊區,,,,無年齡維度,0.0,,新北市新莊區,八德里,,,,,,,,,,,,,,,,,,928.0,635394.0,685.0,535.0,355.0,824.0,605.05,88.37,,,
105,,,新北市新莊區,,,,無年齡維度,0.0,,新北市新莊區,民本里,,,,,,,,,,,,,,,,,,847.0,534814.0,631.0,506.0,344.0,817.0,475.24,75.27,,,
105,,,新北市新莊區,,,,無年齡維度,0.0,,新北市新莊區,光榮里,,,,,,,,,,,,,,,,,,1262.0,944743.0,749.0,560.0,356.0,959.0,669.51,89.43,,,
105,,,新北市新莊區,,,,無年齡維度,0.0,,新北市新莊區,光明里,,,,,,,,,,,,,,,,,,1368.0,983834.0,719.0,550.0,357.0,891.0,623.2,86.65,,,
105,,,新北市新莊區,,,,無年齡維度,0.0,,新北市新莊區,合鳳里,,,,,,,,,,,,,,,,,,1298.0,848467.0,654.0,512.0,338.0,820.0,545.15,83.4,,,
105,,,新北市新莊區,,,,無年齡維度,0.0,,新北市新莊區,雙鳳里,,,,,,,,,,,,,,,,,,3436.0,3244368.0,944.0,681.0,400.0,1167.0,1061.23,112.39,,,
105,,,新北市新莊區,,,,無年齡維度,0.0,,新北市新莊區,和平里,,,,,,,,,,,,,,,,,,1571.0,1147864.0,731.0,552.0,357.0,906.0,588.25,80.51,,,
105,,,新北市新莊區,,,,無年齡維度,0.0,,新北市新莊區,自信里,,,,,,,,,,,,,,,,,,748.0,632568.0,846.0,572.0,356.0,989.0,1086.32,128.46,,,
105,,,新北市新莊區,,,,無年齡維度,0.0,,新北市新莊區,全泰里,,,,,,,,,,,,,,,,,,1750.0,1698380.0,971.0,637.0,392.0,1193.0,1452.83,149.7,,,
105,,,新北市新莊區,,,,無年齡維度,0.0,,新北市新莊區,立泰里,,,,,,,,,,,,,,,,,,1583.0,1280789.0,809.0,613.0,373.0,1022.0,712.52,88.06,,,
105,,,新北市新莊區,,,,無年齡維度,0.0,,新北市新莊區,立基里,,,,,,,,,,,,,,,,,,2083.0,2109329.0,1013.0,649.0,383.0,1172.0,2122.04,209.56,,,
105,,,新北市新莊區,,,,無年齡維度,0.0,,新北市新莊區,中宏里,,,,,,,,,,,,,,,,,,1185.0,969025.0,818.0,591.0,367.0,986.0,767.37,93.84,,,
105,,,新北市新莊區,,,,無年齡維度,0.0,,新北市新莊區,中全里,,,,,,,,,,,,,,,,,,1057.0,737221.0,697.0,519.0,342.0,856.0,811.89,116.41,,,
105,,,新北市新莊區,,,,無年齡維度,0.0,,新北市新莊區,中華里,,,,,,,,,,,,,,,,,,886.0,914965.0,1033.0,672.0,396.0,1178.0,1891.91,183.2,,,
105,,,新北市新莊區,,,,無年齡維度,0.0,,新北市新莊區,中隆里,,,,,,,,,,,,,,,,,,1353.0,1225088.0,905.0,615.0,364.0,1142.0,956.1,105.59,,,
105,,,新北市新莊區,,,,無年齡維度,0.0,,新北市新莊區,中原里,,,,,,,,,,,,,,,,,,3223.0,3078011.0,955.0,645.0,391.0,1161.0,1111.01,116.33,,,
105,,,新北市新莊區,,,,無年齡維度,0.0,,新北市新莊區,中信里,,,,,,,,,,,,,,,,,,2659.0,2251458.0,847.0,636.0,384.0,1072.0,733.88,86.67,,,
105,,,新北市新莊區,,,,無年齡維度,0.0,,新北市新莊區,仁義里,,,,,,,,,,,,,,,,,,1067.0,701963.0,658.0,524.0,328.0,828.0,526.92,80.09,,,
105,,,新北市新莊區,,,,無年齡維度,0.0,,新北市新莊區,建福里,,,,,,,,,,,,,,,,,,856.0,568574.0,664.0,521.0,358.0,834.0,565.78,85.18,,,
105,,,新北市新莊區,,,,無年齡維度,0.0,,新北市新莊區,四維里,,,,,,,,,,,,,,,,,,1256.0,894405.0,712.0,559.0,363.0,879.0,630.56,88.55,,,
105,,,新北市新莊區,,,,無年齡維度,0.0,,新北市新莊區,文聖里,,,,,,,,,,,,,,,,,,1220.0,1117829.0,916.0,660.0,383.0,1115.0,924.78,100.93,,,
105,,,新北市新莊區,,,,無年齡維度,0.0,,新北市新莊區,福營里,,,,,,,,,,,,,,,,,,867.0,689741.0,796.0,541.0,326.0,938.0,907.05,114.01,,,
105,,,新北市新莊區,,,,無年齡維度,0.0,,新北市新莊區,後德里,,,,,,,,,,,,,,,,,,1055.0,914649.0,867.0,611.0,388.0,1025.0,987.71,113.93,,,
105,,,新北市新莊區,,,,無年齡維度,0.0,,新北市新莊區,建安里,,,,,,,,,,,,,,,,,,2076.0,1709357.0,823.0,612.0,366.0,1052.0,721.26,87.6,,,
105,,,新北市新莊區,,,,無年齡維度,0.0,,新北市新莊區,龍安里,,,,,,,,,,,,,,,,,,688.0,489413.0,711.0,549.0,372.0,824.0,607.02,85.33,,,
105,,,新北市新莊區,,,,無年齡維度,0.0,,新北市新莊區,昌平里,,,,,,,,,,,,,,,,,,2087.0,2278440.0,1092.0,713.0,414.0,1363.0,1264.28,115.81,,,
105,,,新北市新莊區,,,,無年齡維度,0.0,,新北市新莊區,昌明里,,,,,,,,,,,,,,,,,,1108.0,918314.0,829.0,570.0,350.0,1042.0,843.33,101.75,,,
105,,,新北市新莊區,,,,無年齡維度,0.0,,新北市新莊區,成德里,,,,,,,,,,,,,,,,,,1489.0,1048947.0,704.0,555.0,345.0,897.0,558.06,79.22,,,
105,,,新北市新莊區,,,,無年齡維度,0.0,,新北市新莊區,福興里,,,,,,,,,,,,,,,,,,1820.0,1518799.0,835.0,604.0,368.0,1024.0,803.36,96.27,,,
105,,,新北市新莊區,,,,無年齡維度,0.0,,新北市新莊區,昌信里,,,,,,,,,,,,,,,,,,1182.0,1148118.0,971.0,655.0,400.0,1150.0,1258.06,129.52,,,
105,,,新北市新莊區,,,,無年齡維度,0.0,,新北市新莊區,昌隆里,,,,,,,,,,,,,,,,,,1426.0,1322730.0,928.0,669.0,393.0,1178.0,841.53,90.72,,,
105,,,新北市新莊區,,,,無年齡維度,0.0,,新北市新莊區,中平里,,,,,,,,,,,,,,,,,,2705.0,2803184.0,1036.0,732.0,424.0,1295.0,1500.47,144.79,,,
105,,,新北市新莊區,,,,無年齡維度,0.0,,新北市新莊區,立廷里,,,,,,,,,,,,,,,,,,3622.0,4181894.0,1155.0,837.0,464.0,1504.0,1129.27,97.81,,,
105,,,新北市新莊區,,,,無年齡維度,0.0,,新北市新莊區,泰豐里,,,,,,,,,,,,,,,,,,678.0,532498.0,785.0,567.0,356.0,967.0,715.85,91.15,,,
105,,,新北市新莊區,,,,無年齡維度,0.0,,新北市新莊區,富民里,,,,,,,,,,,,,,,,,,1126.0,798059.0,709.0,548.0,355.0,904.0,564.85,79.7,,,
105,,,新北市新莊區,,,,無年齡維度,0.0,,新北市新莊區,龍福里,,,,,,,,,,,,,,,,,,681.0,517043.0,759.0,574.0,367.0,1027.0,578.15,76.15,,,
105,,,新北市新莊區,,,,無年齡維度,0.0,,新北市新莊區,祥鳳里,,,,,,,,,,,,,,,,,,700.0,526704.0,752.0,581.0,367.0,943.0,615.3,81.77,,,
105,,,新北市新莊區,,,,無年齡維度,0.0,,新北市新莊區,民全里,,,,,,,,,,,,,,,,,,1194.0,904812.0,758.0,574.0,360.0,953.0,703.25,92.8,,,
105,,,新北市新莊區,,,,無年齡維度,0.0,,新北市新莊區,民有里,,,,,,,,,,,,,,,,,,1242.0,915145.0,737.0,555.0,358.0,929.0,608.75,82.62,,,
105,,,新北市新莊區,,,,無年齡維度,0.0,,新北市新莊區,光正里,,,,,,,,,,,,,,,,,,1321.0,1018404.0,771.0,573.0,364.0,954.0,692.14,89.78,,,
105,,,新北市新莊區,,,,無年齡維度,0.0,,新北市新莊區,光和里,,,,,,,,,,,,,,,,,,755.0,493537.0,654.0,545.0,359.0,797.0,490.96,75.11,,,
105,,,新北市新莊區,,,,無年齡維度,0.0,,新北市新莊區,其他,,,,,,,,,,,,,,,,,,4.0,2392.0,598.0,608.0,281.0,925.0,392.14,65.57,,,
105,,,新北市新莊區,,,,無年齡維度,0.0,,新北市新莊區,合計,,,,,,,,,,,,,,,,,,120399.0,101544412.0,843.0,597.0,366.0,1027.0,1215.1,144.07,,,
105,,,新北市林口區,,,,無年齡維度,0.0,,新北市林口區,東林里,,,,,,,,,,,,,,,,,,1279.0,992641.0,776.0,535.0,361.0,885.0,1266.72,163.22,,,
105,,,新北市林口區,,,,無年齡維度,0.0,,新北市林口區,林口里,,,,,,,,,,,,,,,,,,1591.0,1290752.0,811.0,586.0,354.0,1017.0,799.05,98.49,,,
105,,,新北市林口區,,,,無年齡維度,0.0,,新北市林口區,西林里,,,,,,,,,,,,,,,,,,2869.0,3260709.0,1137.0,730.0,402.0,1410.0,1382.05,121.6,,,
105,,,新北市林口區,,,,無年齡維度,0.0,,新北市林口區,湖北里,,,,,,,,,,,,,,,,,,420.0,353986.0,843.0,589.0,377.0,1091.0,762.59,90.48,,,
105,,,新北市林口區,,,,無年齡維度,0.0,,新北市林口區,菁湖里,,,,,,,,,,,,,,,,,,1417.0,1544016.0,1090.0,702.0,383.0,1344.0,1338.07,122.8,,,
105,,,新北市林口區,,,,無年齡維度,0.0,,新北市林口區,湖南里,,,,,,,,,,,,,,,,,,6584.0,8630599.0,1311.0,882.0,469.0,1573.0,5538.46,422.51,,,
105,,,新北市林口區,,,,無年齡維度,0.0,,新北市林口區,南勢里,,,,,,,,,,,,,,,,,,5952.0,8408755.0,1413.0,984.0,499.0,1792.0,1855.22,131.32,,,
105,,,新北市林口區,,,,無年齡維度,0.0,,新北市林口區,頂福里,,,,,,,,,,,,,,,,,,315.0,221741.0,704.0,545.0,351.0,865.0,600.03,85.24,,,
105,,,新北市林口區,,,,無年齡維度,0.0,,新北市林口區,下福里,,,,,,,,,,,,,,,,,,385.0,297925.0,774.0,561.0,384.0,941.0,702.75,90.81,,,
105,,,新北市林口區,,,,無年齡維度,0.0,,新北市林口區,嘉寶里,,,,,,,,,,,,,,,,,,229.0,163716.0,715.0,568.0,345.0,853.0,660.78,92.43,,,
105,,,新北市林口區,,,,無年齡維度,0.0,,新北市林口區,瑞平里,,,,,,,,,,,,,,,,,,208.0,147903.0,711.0,559.0,369.0,882.0,680.42,95.69,,,
105,,,新北市林口區,,,,無年齡維度,0.0,,新北市林口區,太平里,,,,,,,,,,,,,,,,,,410.0,279454.0,682.0,530.0,326.0,843.0,567.44,83.25,,,
105,,,新北市林口區,,,,無年齡維度,0.0,,新北市林口區,中湖里,,,,,,,,,,,,,,,,,,1167.0,1050791.0,900.0,634.0,389.0,1139.0,879.29,97.65,,,
105,,,新北市林口區,,,,無年齡維度,0.0,,新北市林口區,東勢里,,,,,,,,,,,,,,,,,,1916.0,1879555.0,981.0,647.0,394.0,1191.0,1043.55,106.38,,,
105,,,新北市林口區,,,,無年齡維度,0.0,,新北市林口區,仁愛里,,,,,,,,,,,,,,,,,,2167.0,2768973.0,1278.0,845.0,446.0,1656.0,1501.97,117.54,,,
105,,,新北市林口區,,,,無年齡維度,0.0,,新北市林口區,麗林里,,,,,,,,,,,,,,,,,,2673.0,3189257.0,1193.0,824.0,442.0,1550.0,1203.34,100.86,,,
105,,,新北市林口區,,,,無年齡維度,0.0,,新北市林口區,麗園里,,,,,,,,,,,,,,,,,,1274.0,1254485.0,985.0,642.0,374.0,1149.0,1282.13,130.21,,,
105,,,新北市林口區,,,,無年齡維度,0.0,,新北市林口區,其他,,,,,,,,,,,,,,,,,,7.0,5047.0,721.0,558.0,434.0,1004.0,356.3,49.42,,,
105,,,新北市林口區,,,,無年齡維度,0.0,,新北市林口區,合計,,,,,,,,,,,,,,,,,,30863.0,35740305.0,1158.0,760.0,419.0,1427.0,2844.34,245.62,,,
105,,,新北市五股區,,,,無年齡維度,0.0,,新北市五股區,興珍里,,,,,,,,,,,,,,,,,,1619.0,1361401.0,841.0,541.0,337.0,897.0,2579.96,306.81,,,
105,,,新北市五股區,,,,無年齡維度,0.0,,新北市五股區,更寮里,,,,,,,,,,,,,,,,,,325.0,230226.0,708.0,526.0,331.0,833.0,710.19,100.25,,,
105,,,新北市五股區,,,,無年齡維度,0.0,,新北市五股區,集福里,,,,,,,,,,,,,,,,,,1020.0,705918.0,692.0,539.0,343.0,912.0,536.26,77.49,,,
105,,,新北市五股區,,,,無年齡維度,0.0,,新北市五股區,觀音里,,,,,,,,,,,,,,,,,,292.0,197056.0,675.0,539.0,346.0,815.0,594.15,88.04,,,
105,,,新北市五股區,,,,無年齡維度,0.0,,新北市五股區,成州里,,,,,,,,,,,,,,,,,,1516.0,1048669.0,692.0,531.0,337.0,849.0,704.09,101.79,,,
105,,,新北市五股區,,,,無年齡維度,0.0,,新北市五股區,五股里,,,,,,,,,,,,,,,,,,1102.0,835187.0,758.0,542.0,345.0,881.0,846.9,111.75,,,
105,,,新北市五股區,,,,無年齡維度,0.0,,新北市五股區,五龍里,,,,,,,,,,,,,,,,,,364.0,244644.0,672.0,483.0,280.0,789.0,721.29,107.32,,,
105,,,新北市五股區,,,,無年齡維度,0.0,,新北市五股區,德音里,,,,,,,,,,,,,,,,,,1600.0,1788556.0,1118.0,626.0,371.0,1112.0,4013.37,359.03,,,
105,,,新北市五股區,,,,無年齡維度,0.0,,新北市五股區,貿商里,,,,,,,,,,,,,,,,,,813.0,669013.0,823.0,624.0,378.0,1028.0,740.87,90.03,,,
105,,,新北市五股區,,,,無年齡維度,0.0,,新北市五股區,陸一里,,,,,,,,,,,,,,,,,,566.0,406140.0,718.0,530.0,327.0,916.0,713.39,99.42,,,
105,,,新北市五股區,,,,無年齡維度,0.0,,新北市五股區,成功里,,,,,,,,,,,,,,,,,,1709.0,1203772.0,704.0,546.0,353.0,887.0,563.83,80.05,,,
105,,,新北市五股區,,,,無年齡維度,0.0,,新北市五股區,五福里,,,,,,,,,,,,,,,,,,1014.0,665628.0,656.0,507.0,335.0,828.0,555.36,84.6,,,
105,,,新北市五股區,,,,無年齡維度,0.0,,新北市五股區,成德里,,,,,,,,,,,,,,,,,,760.0,536126.0,705.0,543.0,336.0,821.0,759.17,107.62,,,
105,,,新北市五股區,,,,無年齡維度,0.0,,新北市五股區,德泰里,,,,,,,,,,,,,,,,,,1255.0,1810602.0,1443.0,612.0,371.0,999.0,22618.39,1567.77,,,
105,,,新北市五股區,,,,無年齡維度,0.0,,新北市五股區,六福里,,,,,,,,,,,,,,,,,,1121.0,820069.0,732.0,578.0,366.0,919.0,621.62,84.97,,,
105,,,新北市五股區,,,,無年齡維度,0.0,,新北市五股區,集賢里,,,,,,,,,,,,,,,,,,1053.0,676146.0,642.0,532.0,344.0,830.0,478.53,74.52,,,
105,,,新北市五股區,,,,無年齡維度,0.0,,新北市五股區,民義里,,,,,,,,,,,,,,,,,,954.0,737621.0,773.0,575.0,356.0,934.0,764.34,98.86,,,
105,,,新北市五股區,,,,無年齡維度,0.0,,新北市五股區,成泰里,,,,,,,,,,,,,,,,,,2166.0,1819359.0,840.0,622.0,378.0,1056.0,843.35,100.4,,,
105,,,新北市五股區,,,,無年齡維度,0.0,,新北市五股區,水碓里,,,,,,,,,,,,,,,,,,2312.0,1763285.0,763.0,570.0,357.0,920.0,713.27,93.52,,,
105,,,新北市五股區,,,,無年齡維度,0.0,,新北市五股區,福德里,,,,,,,,,,,,,,,,,,909.0,674731.0,742.0,600.0,357.0,968.0,570.42,76.85,,,
105,,,新北市五股區,,,,無年齡維度,0.0,,新北市五股區,其他,,,,,,,,,,,,,,,,,,2.0,289.0,145.0,145.0,72.0,217.0,204.68,141.42,,,
105,,,新北市五股區,,,,無年齡維度,0.0,,新北市五股區,合計,,,,,,,,,,,,,,,,,,22472.0,18194438.0,810.0,563.0,350.0,925.0,5531.0,683.14,,,
105,,,新北市蘆洲區,,,,無年齡維度,0.0,,新北市蘆洲區,樓厝里,,,,,,,,,,,,,,,,,,1891.0,1554102.0,822.0,601.0,385.0,1018.0,740.35,90.08,,,
105,,,新北市蘆洲區,,,,無年齡維度,0.0,,新北市蘆洲區,保和里,,,,,,,,,,,,,,,,,,709.0,532237.0,751.0,547.0,343.0,929.0,662.26,88.22,,,
105,,,新北市蘆洲區,,,,無年齡維度,0.0,,新北市蘆洲區,得勝里,,,,,,,,,,,,,,,,,,946.0,716219.0,757.0,527.0,342.0,875.0,1103.69,145.78,,,
105,,,新北市蘆洲區,,,,無年齡維度,0.0,,新北市蘆洲區,仁復里,,,,,,,,,,,,,,,,,,578.0,479279.0,829.0,567.0,340.0,947.0,1034.16,124.72,,,
105,,,新北市蘆洲區,,,,無年齡維度,0.0,,新北市蘆洲區,溪墘里,,,,,,,,,,,,,,,,,,881.0,656206.0,745.0,539.0,350.0,933.0,772.27,103.68,,,
105,,,新北市蘆洲區,,,,無年齡維度,0.0,,新北市蘆洲區,中路里,,,,,,,,,,,,,,,,,,1178.0,852830.0,724.0,552.0,341.0,894.0,625.59,86.41,,,
105,,,新北市蘆洲區,,,,無年齡維度,0.0,,新北市蘆洲區,正義里,,,,,,,,,,,,,,,,,,3941.0,4674324.0,1186.0,830.0,452.0,1552.0,1323.15,111.56,,,
105,,,新北市蘆洲區,,,,無年齡維度,0.0,,新北市蘆洲區,水湳里,,,,,,,,,,,,,,,,,,3092.0,2642621.0,855.0,607.0,367.0,1080.0,905.58,105.96,,,
105,,,新北市蘆洲區,,,,無年齡維度,0.0,,新北市蘆洲區,保佑里,,,,,,,,,,,,,,,,,,1063.0,787386.0,741.0,561.0,345.0,900.0,647.8,87.46,,,
105,,,新北市蘆洲區,,,,無年齡維度,0.0,,新北市蘆洲區,樹德里,,,,,,,,,,,,,,,,,,1000.0,786117.0,786.0,550.0,338.0,937.0,1185.86,150.85,,,
105,,,新北市蘆洲區,,,,無年齡維度,0.0,,新北市蘆洲區,中原里,,,,,,,,,,,,,,,,,,1588.0,1289123.0,812.0,557.0,352.0,1012.0,808.62,99.61,,,
105,,,新北市蘆洲區,,,,無年齡維度,0.0,,新北市蘆洲區,恆德里,,,,,,,,,,,,,,,,,,1828.0,1574893.0,862.0,605.0,364.0,1063.0,850.37,98.7,,,
105,,,新北市蘆洲區,,,,無年齡維度,0.0,,新北市蘆洲區,光華里,,,,,,,,,,,,,,,,,,1441.0,1137634.0,789.0,585.0,367.0,977.0,705.58,89.37,,,
105,,,新北市蘆洲區,,,,無年齡維度,0.0,,新北市蘆洲區,鷺江里,,,,,,,,,,,,,,,,,,1580.0,1387567.0,878.0,588.0,376.0,1038.0,1163.14,132.44,,,
105,,,新北市蘆洲區,,,,無年齡維度,0.0,,新北市蘆洲區,南港里,,,,,,,,,,,,,,,,,,1598.0,1203183.0,753.0,553.0,346.0,933.0,687.15,91.26,,,
105,,,新北市蘆洲區,,,,無年齡維度,0.0,,新北市蘆洲區,永樂里,,,,,,,,,,,,,,,,,,1737.0,1459330.0,840.0,580.0,365.0,996.0,1387.59,165.16,,,
105,,,新北市蘆洲區,,,,無年齡維度,0.0,,新北市蘆洲區,永康里,,,,,,,,,,,,,,,,,,1976.0,1507757.0,763.0,592.0,373.0,958.0,667.54,87.49,,,
105,,,新北市蘆洲區,,,,無年齡維度,0.0,,新北市蘆洲區,信義里,,,,,,,,,,,,,,,,,,1145.0,803190.0,701.0,557.0,360.0,856.0,609.86,86.94,,,
105,,,新北市蘆洲區,,,,無年齡維度,0.0,,新北市蘆洲區,玉清里,,,,,,,,,,,,,,,,,,1744.0,1559314.0,894.0,605.0,366.0,1072.0,1380.17,154.36,,,
105,,,新北市蘆洲區,,,,無年齡維度,0.0,,新北市蘆洲區,復興里,,,,,,,,,,,,,,,,,,966.0,665817.0,689.0,546.0,354.0,856.0,561.4,81.45,,,
105,,,新北市蘆洲區,,,,無年齡維度,0.0,,新北市蘆洲區,水河里,,,,,,,,,,,,,,,,,,2643.0,2000605.0,757.0,579.0,364.0,951.0,639.86,84.53,,,
105,,,新北市蘆洲區,,,,無年齡維度,0.0,,新北市蘆洲區,仁愛里,,,,,,,,,,,,,,,,,,1556.0,1169761.0,752.0,561.0,360.0,896.0,687.47,91.45,,,
105,,,新北市蘆洲區,,,,無年齡維度,0.0,,新北市蘆洲區,忠義里,,,,,,,,,,,,,,,,,,880.0,691921.0,786.0,547.0,366.0,895.0,1667.38,212.06,,,
105,,,新北市蘆洲區,,,,無年齡維度,0.0,,新北市蘆洲區,九芎里,,,,,,,,,,,,,,,,,,1516.0,1117733.0,737.0,553.0,345.0,930.0,695.95,94.39,,,
105,,,新北市蘆洲區,,,,無年齡維度,0.0,,新北市蘆洲區,中華里,,,,,,,,,,,,,,,,,,954.0,763813.0,801.0,567.0,344.0,930.0,1014.84,126.75,,,
105,,,新北市蘆洲區,,,,無年齡維度,0.0,,新北市蘆洲區,得仁里,,,,,,,,,,,,,,,,,,928.0,687704.0,741.0,560.0,364.0,878.0,674.6,91.03,,,
105,,,新北市蘆洲區,,,,無年齡維度,0.0,,新北市蘆洲區,仁德里,,,,,,,,,,,,,,,,,,1601.0,1290880.0,806.0,566.0,364.0,929.0,948.9,117.69,,,
105,,,新北市蘆洲區,,,,無年齡維度,0.0,,新北市蘆洲區,仁義里,,,,,,,,,,,,,,,,,,1265.0,1164573.0,921.0,621.0,374.0,1069.0,1007.34,109.42,,,
105,,,新北市蘆洲區,,,,無年齡維度,0.0,,新北市蘆洲區,光明里,,,,,,,,,,,,,,,,,,1327.0,1077841.0,812.0,582.0,366.0,991.0,1231.69,151.64,,,
105,,,新北市蘆洲區,,,,無年齡維度,0.0,,新北市蘆洲區,保新里,,,,,,,,,,,,,,,,,,789.0,555131.0,704.0,528.0,337.0,870.0,625.78,88.94,,,
105,,,新北市蘆洲區,,,,無年齡維度,0.0,,新北市蘆洲區,長安里,,,,,,,,,,,,,,,,,,1341.0,932545.0,695.0,537.0,338.0,845.0,697.15,100.25,,,
105,,,新北市蘆洲區,,,,無年齡維度,0.0,,新北市蘆洲區,民和里,,,,,,,,,,,,,,,,,,737.0,532851.0,723.0,543.0,353.0,890.0,663.12,91.72,,,
105,,,新北市蘆洲區,,,,無年齡維度,0.0,,新北市蘆洲區,忠孝里,,,,,,,,,,,,,,,,,,741.0,544846.0,735.0,555.0,351.0,919.0,634.82,86.34,,,
105,,,新北市蘆洲區,,,,無年齡維度,0.0,,新北市蘆洲區,福安里,,,,,,,,,,,,,,,,,,968.0,755453.0,780.0,562.0,360.0,956.0,720.7,92.35,,,
105,,,新北市蘆洲區,,,,無年齡維度,0.0,,新北市蘆洲區,永安里,,,,,,,,,,,,,,,,,,1499.0,1099014.0,733.0,556.0,355.0,916.0,625.84,85.36,,,
105,,,新北市蘆洲區,,,,無年齡維度,0.0,,新北市蘆洲區,延平里,,,,,,,,,,,,,,,,,,1106.0,850658.0,769.0,579.0,377.0,962.0,654.05,85.04,,,
105,,,新北市蘆洲區,,,,無年齡維度,0.0,,新北市蘆洲區,成功里,,,,,,,,,,,,,,,,,,2055.0,1585241.0,771.0,587.0,364.0,948.0,686.47,88.99,,,
105,,,新北市蘆洲區,,,,無年齡維度,0.0,,新北市蘆洲區,永德里,,,,,,,,,,,,,,,,,,1255.0,926805.0,738.0,583.0,352.0,941.0,883.89,119.69,,,
105,,,新北市蘆洲區,,,,無年齡維度,0.0,,新北市蘆洲區,其他,,,,,,,,,,,,,,,,,,9.0,11109.0,1234.0,785.0,470.0,1208.0,1415.01,114.63,,,
105,,,新北市蘆洲區,,,,無年齡維度,0.0,,新北市蘆洲區,合計,,,,,,,,,,,,,,,,,,54052.0,44027615.0,815.0,584.0,363.0,991.0,928.63,114.01,,,
105,,,新北市三重區,,,,無年齡維度,0.0,,新北市三重區,二重里,,,,,,,,,,,,,,,,,,449.0,288759.0,643.0,523.0,336.0,787.0,502.69,78.17,,,
105,,,新北市三重區,,,,無年齡維度,0.0,,新北市三重區,五谷里,,,,,,,,,,,,,,,,,,614.0,479575.0,781.0,596.0,363.0,921.0,712.34,91.2,,,
105,,,新北市三重區,,,,無年齡維度,0.0,,新北市三重區,德厚里,,,,,,,,,,,,,,,,,,110.0,84648.0,770.0,523.0,309.0,931.0,824.63,107.16,,,
105,,,新北市三重區,,,,無年齡維度,0.0,,新北市三重區,福祉里,,,,,,,,,,,,,,,,,,1808.0,1699003.0,940.0,656.0,386.0,1176.0,949.58,101.05,,,
105,,,新北市三重區,,,,無年齡維度,0.0,,新北市三重區,過田里,,,,,,,,,,,,,,,,,,2115.0,1880711.0,889.0,592.0,367.0,1075.0,1156.64,130.07,,,
105,,,新北市三重區,,,,無年齡維度,0.0,,新北市三重區,溪美里,,,,,,,,,,,,,,,,,,2333.0,1918834.0,822.0,594.0,376.0,1012.0,778.03,94.6,,,
105,,,新北市三重區,,,,無年齡維度,0.0,,新北市三重區,厚德里,,,,,,,,,,,,,,,,,,1072.0,919337.0,858.0,601.0,379.0,1081.0,789.24,92.03,,,
105,,,新北市三重區,,,,無年齡維度,0.0,,新北市三重區,慈化里,,,,,,,,,,,,,,,,,,702.0,520467.0,741.0,569.0,359.0,939.0,605.47,81.67,,,
105,,,新北市三重區,,,,無年齡維度,0.0,,新北市三重區,永安里,,,,,,,,,,,,,,,,,,1137.0,861190.0,757.0,583.0,350.0,951.0,652.92,86.2,,,
105,,,新北市三重區,,,,無年齡維度,0.0,,新北市三重區,六合里,,,,,,,,,,,,,,,,,,1022.0,748452.0,732.0,572.0,357.0,932.0,600.04,81.93,,,
105,,,新北市三重區,,,,無年齡維度,0.0,,新北市三重區,福利里,,,,,,,,,,,,,,,,,,778.0,734924.0,945.0,656.0,371.0,1248.0,1125.41,119.14,,,
105,,,新北市三重區,,,,無年齡維度,0.0,,新北市三重區,永興里,,,,,,,,,,,,,,,,,,411.0,344237.0,838.0,600.0,360.0,1130.0,717.07,85.61,,,
105,,,新北市三重區,,,,無年齡維度,0.0,,新北市三重區,清和里,,,,,,,,,,,,,,,,,,1299.0,1227843.0,945.0,640.0,378.0,1222.0,930.69,98.46,,,
105,,,新北市三重區,,,,無年齡維度,0.0,,新北市三重區,仁德里,,,,,,,,,,,,,,,,,,561.0,397913.0,709.0,527.0,322.0,850.0,752.08,106.03,,,
105,,,新北市三重區,,,,無年齡維度,0.0,,新北市三重區,開元里,,,,,,,,,,,,,,,,,,487.0,385373.0,791.0,596.0,370.0,944.0,924.54,116.84,,,
105,,,新北市三重區,,,,無年齡維度,0.0,,新北市三重區,大德里,,,,,,,,,,,,,,,,,,228.0,173778.0,762.0,547.0,330.0,947.0,661.18,86.75,,,
105,,,新北市三重區,,,,無年齡維度,0.0,,新北市三重區,錦通里,,,,,,,,,,,,,,,,,,414.0,258645.0,625.0,490.0,302.0,801.0,520.96,83.39,,,
105,,,新北市三重區,,,,無年齡維度,0.0,,新北市三重區,光華里,,,,,,,,,,,,,,,,,,592.0,497709.0,841.0,613.0,375.0,1029.0,813.02,96.7,,,
105,,,新北市三重區,,,,無年齡維度,0.0,,新北市三重區,光榮里,,,,,,,,,,,,,,,,,,444.0,377804.0,851.0,579.0,347.0,1083.0,918.17,107.9,,,
105,,,新北市三重區,,,,無年齡維度,0.0,,新北市三重區,大園里,,,,,,,,,,,,,,,,,,743.0,620952.0,836.0,570.0,352.0,982.0,1048.26,125.43,,,
105,,,新北市三重區,,,,無年齡維度,0.0,,新北市三重區,長生里,,,,,,,,,,,,,,,,,,251.0,204798.0,816.0,579.0,334.0,1002.0,839.75,102.92,,,
105,,,新北市三重區,,,,無年齡維度,0.0,,新北市三重區,長安里,,,,,,,,,,,,,,,,,,602.0,451928.0,751.0,543.0,355.0,860.0,744.23,99.14,,,
105,,,新北市三重區,,,,無年齡維度,0.0,,新北市三重區,同安里,,,,,,,,,,,,,,,,,,348.0,215022.0,618.0,502.0,325.0,790.0,448.79,72.63,,,
105,,,新北市三重區,,,,無年齡維度,0.0,,新北市三重區,光明里,,,,,,,,,,,,,,,,,,2324.0,2314102.0,996.0,631.0,374.0,1140.0,1913.08,192.13,,,
105,,,新北市三重區,,,,無年齡維度,0.0,,新北市三重區,菜寮里,,,,,,,,,,,,,,,,,,594.0,450468.0,758.0,560.0,356.0,908.0,701.66,92.52,,,
105,,,新北市三重區,,,,無年齡維度,0.0,,新北市三重區,大同里,,,,,,,,,,,,,,,,,,634.0,517884.0,817.0,602.0,373.0,1057.0,765.83,93.75,,,
105,,,新北市三重區,,,,無年齡維度,0.0,,新北市三重區,長泰里,,,,,,,,,,,,,,,,,,609.0,428826.0,704.0,538.0,360.0,848.0,649.78,92.28,,,
105,,,新北市三重區,,,,無年齡維度,0.0,,新北市三重區,長元里,,,,,,,,,,,,,,,,,,663.0,465854.0,703.0,532.0,315.0,861.0,674.56,96.0,,,
105,,,新北市三重區,,,,無年齡維度,0.0,,新北市三重區,介壽里,,,,,,,,,,,,,,,,,,339.0,232425.0,686.0,513.0,342.0,842.0,568.69,82.95,,,
105,,,新北市三重區,,,,無年齡維度,0.0,,新北市三重區,三安里,,,,,,,,,,,,,,,,,,813.0,601461.0,740.0,563.0,349.0,902.0,724.89,97.98,,,
105,,,新北市三重區,,,,無年齡維度,0.0,,新北市三重區,文化里,,,,,,,,,,,,,,,,,,685.0,553060.0,807.0,566.0,347.0,955.0,942.9,116.78,,,
105,,,新北市三重區,,,,無年齡維度,0.0,,新北市三重區,正義里,,,,,,,,,,,,,,,,,,570.0,499580.0,876.0,544.0,341.0,983.0,1654.34,188.75,,,
105,,,新北市三重區,,,,無年齡維度,0.0,,新北市三重區,中正里,,,,,,,,,,,,,,,,,,400.0,306283.0,766.0,579.0,365.0,855.0,787.99,102.91,,,
105,,,新北市三重區,,,,無年齡維度,0.0,,新北市三重區,仁義里,,,,,,,,,,,,,,,,,,298.0,231246.0,776.0,537.0,324.0,932.0,756.42,97.48,,,
105,,,新北市三重區,,,,無年齡維度,0.0,,新北市三重區,長江里,,,,,,,,,,,,,,,,,,565.0,501258.0,887.0,632.0,379.0,1052.0,1256.68,141.65,,,
105,,,新北市三重區,,,,無年齡維度,0.0,,新北市三重區,錦江里,,,,,,,,,,,,,,,,,,609.0,411411.0,676.0,493.0,330.0,810.0,825.67,122.22,,,
105,,,新北市三重區,,,,無年齡維度,0.0,,新北市三重區,龍門里,,,,,,,,,,,,,,,,,,510.0,371752.0,729.0,541.0,329.0,910.0,704.54,96.66,,,
105,,,新北市三重區,,,,無年齡維度,0.0,,新北市三重區,大安里,,,,,,,,,,,,,,,,,,437.0,301611.0,690.0,535.0,324.0,860.0,642.42,93.08,,,
105,,,新北市三重區,,,,無年齡維度,0.0,,新北市三重區,光正里,,,,,,,,,,,,,,,,,,863.0,969808.0,1124.0,721.0,418.0,1423.0,1175.46,104.6,,,
105,,,新北市三重區,,,,無年齡維度,0.0,,新北市三重區,重新里,,,,,,,,,,,,,,,,,,447.0,336460.0,753.0,556.0,345.0,904.0,797.13,105.9,,,
105,,,新北市三重區,,,,無年齡維度,0.0,,新北市三重區,民生里,,,,,,,,,,,,,,,,,,1187.0,802491.0,676.0,536.0,348.0,829.0,562.4,83.19,,,
105,,,新北市三重區,,,,無年齡維度,0.0,,新北市三重區,中山里,,,,,,,,,,,,,,,,,,888.0,800774.0,902.0,577.0,359.0,984.0,1139.85,126.4,,,
105,,,新北市三重區,,,,無年齡維度,0.0,,新北市三重區,國隆里,,,,,,,,,,,,,,,,,,806.0,625492.0,776.0,557.0,350.0,970.0,737.79,95.07,,,
105,,,新北市三重區,,,,無年齡維度,0.0,,新北市三重區,重陽里,,,,,,,,,,,,,,,,,,1040.0,771351.0,742.0,566.0,361.0,950.0,611.45,82.44,,,
105,,,新北市三重區,,,,無年齡維度,0.0,,新北市三重區,幸福里,,,,,,,,,,,,,,,,,,1340.0,1057447.0,789.0,534.0,331.0,891.0,1097.05,139.02,,,
105,,,新北市三重區,,,,無年齡維度,0.0,,新北市三重區,福安里,,,,,,,,,,,,,,,,,,919.0,745160.0,811.0,576.0,360.0,976.0,805.34,99.32,,,
105,,,新北市三重區,,,,無年齡維度,0.0,,新北市三重區,信安里,,,,,,,,,,,,,,,,,,610.0,499194.0,818.0,612.0,381.0,1022.0,709.86,86.74,,,
105,,,新北市三重區,,,,無年齡維度,0.0,,新北市三重區,安慶里,,,,,,,,,,,,,,,,,,587.0,380511.0,648.0,494.0,332.0,811.0,552.53,85.24,,,
105,,,新北市三重區,,,,無年齡維度,0.0,,新北市三重區,順德里,,,,,,,,,,,,,,,,,,583.0,386355.0,663.0,524.0,351.0,812.0,567.7,85.66,,,
105,,,新北市三重區,,,,無年齡維度,0.0,,新北市三重區,承德里,,,,,,,,,,,,,,,,,,498.0,376247.0,756.0,571.0,334.0,960.0,674.4,89.26,,,
105,,,新北市三重區,,,,無年齡維度,0.0,,新北市三重區,瑞德里,,,,,,,,,,,,,,,,,,599.0,433362.0,723.0,524.0,346.0,867.0,824.91,114.02,,,
105,,,新北市三重區,,,,無年齡維度,0.0,,新北市三重區,崇德里,,,,,,,,,,,,,,,,,,1015.0,725817.0,715.0,553.0,359.0,900.0,549.69,76.87,,,
105,,,新北市三重區,,,,無年齡維度,0.0,,新北市三重區,尚德里,,,,,,,,,,,,,,,,,,884.0,612366.0,693.0,533.0,339.0,882.0,568.75,82.1,,,
105,,,新北市三重區,,,,無年齡維度,0.0,,新北市三重區,培德里,,,,,,,,,,,,,,,,,,1105.0,1006077.0,910.0,571.0,353.0,988.0,2039.56,224.01,,,
105,,,新北市三重區,,,,無年齡維度,0.0,,新北市三重區,自強里,,,,,,,,,,,,,,,,,,532.0,382741.0,719.0,522.0,331.0,886.0,634.99,88.26,,,
105,,,新北市三重區,,,,無年齡維度,0.0,,新北市三重區,大有里,,,,,,,,,,,,,,,,,,1786.0,1350019.0,756.0,570.0,364.0,932.0,694.91,91.93,,,
105,,,新北市三重區,,,,無年齡維度,0.0,,新北市三重區,頂崁里,,,,,,,,,,,,,,,,,,836.0,661095.0,791.0,564.0,350.0,946.0,1065.71,134.77,,,
105,,,新北市三重區,,,,無年齡維度,0.0,,新北市三重區,谷王里,,,,,,,,,,,,,,,,,,279.0,221742.0,795.0,606.0,367.0,940.0,785.28,98.81,,,
105,,,新北市三重區,,,,無年齡維度,0.0,,新北市三重區,中興里,,,,,,,,,,,,,,,,,,1351.0,1089630.0,807.0,545.0,337.0,972.0,852.58,105.71,,,
105,,,新北市三重區,,,,無年齡維度,0.0,,新北市三重區,成功里,,,,,,,,,,,,,,,,,,2003.0,1956698.0,977.0,723.0,395.0,1289.0,879.96,90.08,,,
105,,,新北市三重區,,,,無年齡維度,0.0,,新北市三重區,重明里,,,,,,,,,,,,,,,,,,1059.0,1150359.0,1086.0,644.0,379.0,1266.0,1850.63,170.37,,,
105,,,新北市三重區,,,,無年齡維度,0.0,,新北市三重區,光田里,,,,,,,,,,,,,,,,,,1441.0,1271541.0,882.0,612.0,360.0,1034.0,1111.13,125.92,,,
105,,,新北市三重區,,,,無年齡維度,0.0,,新北市三重區,田心里,,,,,,,,,,,,,,,,,,1209.0,869735.0,719.0,551.0,344.0,904.0,757.29,105.27,,,
105,,,新北市三重區,,,,無年齡維度,0.0,,新北市三重區,福隆里,,,,,,,,,,,,,,,,,,1387.0,1120875.0,808.0,591.0,364.0,988.0,732.94,90.7,,,
105,,,新北市三重區,,,,無年齡維度,0.0,,新北市三重區,五常里,,,,,,,,,,,,,,,,,,1175.0,825581.0,703.0,535.0,357.0,860.0,578.75,82.37,,,
105,,,新北市三重區,,,,無年齡維度,0.0,,新北市三重區,慈生里,,,,,,,,,,,,,,,,,,607.0,405615.0,668.0,506.0,332.0,809.0,672.68,100.67,,,
105,,,新北市三重區,,,,無年齡維度,0.0,,新北市三重區,碧華里,,,,,,,,,,,,,,,,,,2514.0,3088563.0,1229.0,801.0,430.0,1510.0,2586.48,210.53,,,
105,,,新北市三重區,,,,無年齡維度,0.0,,新北市三重區,永德里,,,,,,,,,,,,,,,,,,1348.0,947519.0,703.0,530.0,346.0,883.0,581.3,82.7,,,
105,,,新北市三重區,,,,無年齡維度,0.0,,新北市三重區,永福里,,,,,,,,,,,,,,,,,,1520.0,1127905.0,742.0,544.0,352.0,887.0,711.17,95.84,,,
105,,,新北市三重區,,,,無年齡維度,0.0,,新北市三重區,福星里,,,,,,,,,,,,,,,,,,312.0,256649.0,823.0,542.0,352.0,926.0,986.15,119.88,,,
105,,,新北市三重區,,,,無年齡維度,0.0,,新北市三重區,錦安里,,,,,,,,,,,,,,,,,,514.0,380861.0,741.0,563.0,368.0,935.0,627.88,84.74,,,
105,,,新北市三重區,,,,無年齡維度,0.0,,新北市三重區,光輝里,,,,,,,,,,,,,,,,,,471.0,367218.0,780.0,520.0,336.0,896.0,881.48,113.06,,,
105,,,新北市三重區,,,,無年齡維度,0.0,,新北市三重區,同慶里,,,,,,,,,,,,,,,,,,519.0,437370.0,843.0,578.0,341.0,1078.0,825.49,97.96,,,
105,,,新北市三重區,,,,無年齡維度,0.0,,新北市三重區,永春里,,,,,,,,,,,,,,,,,,560.0,450619.0,805.0,586.0,379.0,943.0,759.67,94.41,,,
105,,,新北市三重區,,,,無年齡維度,0.0,,新北市三重區,中民里,,,,,,,,,,,,,,,,,,362.0,242073.0,669.0,498.0,339.0,837.0,597.55,89.36,,,
105,,,新北市三重區,,,,無年齡維度,0.0,,新北市三重區,長福里,,,,,,,,,,,,,,,,,,463.0,337145.0,728.0,543.0,356.0,938.0,588.55,80.83,,,
105,,,新北市三重區,,,,無年齡維度,0.0,,新北市三重區,奕壽里,,,,,,,,,,,,,,,,,,530.0,397052.0,749.0,524.0,322.0,922.0,755.62,100.86,,,
105,,,新北市三重區,,,,無年齡維度,0.0,,新北市三重區,萬壽里,,,,,,,,,,,,,,,,,,589.0,484559.0,823.0,595.0,380.0,1000.0,880.34,107.01,,,
105,,,新北市三重區,,,,無年齡維度,0.0,,新北市三重區,中央里,,,,,,,,,,,,,,,,,,444.0,320005.0,721.0,568.0,338.0,920.0,599.59,83.19,,,
105,,,新北市三重區,,,,無年齡維度,0.0,,新北市三重區,雙園里,,,,,,,,,,,,,,,,,,286.0,274628.0,960.0,567.0,338.0,941.0,3426.38,356.83,,,
105,,,新北市三重區,,,,無年齡維度,0.0,,新北市三重區,正安里,,,,,,,,,,,,,,,,,,602.0,451070.0,749.0,542.0,329.0,950.0,730.08,97.44,,,
105,,,新北市三重區,,,,無年齡維度,0.0,,新北市三重區,吉利里,,,,,,,,,,,,,,,,,,419.0,299754.0,715.0,546.0,350.0,890.0,582.48,81.42,,,
105,,,新北市三重區,,,,無年齡維度,0.0,,新北市三重區,忠孝里,,,,,,,,,,,,,,,,,,464.0,334427.0,721.0,536.0,332.0,921.0,637.17,88.4,,,
105,,,新北市三重區,,,,無年齡維度,0.0,,新北市三重區,秀江里,,,,,,,,,,,,,,,,,,361.0,284828.0,789.0,540.0,305.0,913.0,1142.74,144.83,,,
105,,,新北市三重區,,,,無年齡維度,0.0,,新北市三重區,龍濱里,,,,,,,,,,,,,,,,,,905.0,695653.0,769.0,548.0,348.0,910.0,768.75,100.01,,,
105,,,新北市三重區,,,,無年齡維度,0.0,,新北市三重區,平和里,,,,,,,,,,,,,,,,,,392.0,239874.0,612.0,476.0,311.0,779.0,524.03,85.64,,,
105,,,新北市三重區,,,,無年齡維度,0.0,,新北市三重區,正德里,,,,,,,,,,,,,,,,,,298.0,211338.0,709.0,518.0,329.0,885.0,773.87,109.12,,,
105,,,新北市三重區,,,,無年齡維度,0.0,,新北市三重區,五福里,,,,,,,,,,,,,,,,,,1136.0,1058926.0,932.0,646.0,381.0,1150.0,1025.48,110.01,,,
105,,,新北市三重區,,,,無年齡維度,0.0,,新北市三重區,富華里,,,,,,,,,,,,,,,,,,965.0,799771.0,829.0,595.0,373.0,993.0,985.01,118.85,,,
105,,,新北市三重區,,,,無年齡維度,0.0,,新北市三重區,田安里,,,,,,,,,,,,,,,,,,1874.0,1536950.0,820.0,595.0,356.0,992.0,792.39,96.62,,,
105,,,新北市三重區,,,,無年齡維度,0.0,,新北市三重區,慈惠里,,,,,,,,,,,,,,,,,,576.0,392235.0,681.0,550.0,352.0,833.0,723.59,106.26,,,
105,,,新北市三重區,,,,無年齡維度,0.0,,新北市三重區,慈福里,,,,,,,,,,,,,,,,,,580.0,369001.0,636.0,509.0,317.0,802.0,559.37,87.92,,,
105,,,新北市三重區,,,,無年齡維度,0.0,,新北市三重區,永盛里,,,,,,,,,,,,,,,,,,863.0,595360.0,690.0,527.0,336.0,865.0,720.39,104.42,,,
105,,,新北市三重區,,,,無年齡維度,0.0,,新北市三重區,福民里,,,,,,,,,,,,,,,,,,1005.0,757173.0,753.0,574.0,352.0,923.0,753.01,99.95,,,
105,,,新北市三重區,,,,無年齡維度,0.0,,新北市三重區,田中里,,,,,,,,,,,,,,,,,,1939.0,1531914.0,790.0,574.0,347.0,1011.0,737.06,93.29,,,
105,,,新北市三重區,,,,無年齡維度,0.0,,新北市三重區,永清里,,,,,,,,,,,,,,,,,,1531.0,1149759.0,751.0,573.0,360.0,932.0,659.42,87.81,,,
105,,,新北市三重區,,,,無年齡維度,0.0,,新北市三重區,維德里,,,,,,,,,,,,,,,,,,827.0,607316.0,734.0,548.0,361.0,908.0,762.91,103.89,,,
105,,,新北市三重區,,,,無年齡維度,0.0,,新北市三重區,五華里,,,,,,,,,,,,,,,,,,1540.0,1489534.0,967.0,639.0,380.0,1157.0,1079.51,111.61,,,
105,,,新北市三重區,,,,無年齡維度,0.0,,新北市三重區,永煇里,,,,,,,,,,,,,,,,,,670.0,449779.0,671.0,525.0,344.0,823.0,586.29,87.34,,,
105,,,新北市三重區,,,,無年齡維度,0.0,,新北市三重區,三民里,,,,,,,,,,,,,,,,,,971.0,833084.0,858.0,605.0,378.0,1007.0,879.8,102.55,,,
105,,,新北市三重區,,,,無年齡維度,0.0,,新北市三重區,錦田里,,,,,,,,,,,,,,,,,,645.0,821612.0,1274.0,589.0,340.0,1038.0,7890.08,619.4,,,
105,,,新北市三重區,,,,無年齡維度,0.0,,新北市三重區,慈祐里,,,,,,,,,,,,,,,,,,1293.0,1010661.0,782.0,573.0,350.0,961.0,704.25,90.1,,,
105,,,新北市三重區,,,,無年齡維度,0.0,,新北市三重區,六福里,,,,,,,,,,,,,,,,,,1639.0,1207974.0,737.0,576.0,356.0,933.0,643.25,87.28,,,
105,,,新北市三重區,,,,無年齡維度,0.0,,新北市三重區,光陽里,,,,,,,,,,,,,,,,,,2112.0,1876044.0,888.0,600.0,366.0,1092.0,1003.47,112.97,,,
105,,,新北市三重區,,,,無年齡維度,0.0,,新北市三重區,福田里,,,,,,,,,,,,,,,,,,1130.0,861258.0,762.0,567.0,369.0,952.0,670.59,87.98,,,
105,,,新北市三重區,,,,無年齡維度,0.0,,新北市三重區,富福里,,,,,,,,,,,,,,,,,,540.0,380966.0,705.0,524.0,343.0,844.0,635.69,90.11,,,
105,,,新北市三重區,,,,無年齡維度,0.0,,新北市三重區,仁忠里,,,,,,,,,,,,,,,,,,804.0,532098.0,662.0,539.0,346.0,833.0,569.9,86.11,,,
105,,,新北市三重區,,,,無年齡維度,0.0,,新北市三重區,富貴里,,,,,,,,,,,,,,,,,,2018.0,2447066.0,1213.0,734.0,404.0,1422.0,1910.66,157.56,,,
105,,,新北市三重區,,,,無年齡維度,0.0,,新北市三重區,慈愛里,,,,,,,,,,,,,,,,,,939.0,605563.0,645.0,532.0,355.0,836.0,475.69,73.76,,,
105,,,新北市三重區,,,,無年齡維度,0.0,,新北市三重區,福德里,,,,,,,,,,,,,,,,,,1231.0,1002983.0,815.0,563.0,337.0,979.0,932.53,114.45,,,
105,,,新北市三重區,,,,無年齡維度,0.0,,新北市三重區,永豐里,,,,,,,,,,,,,,,,,,1608.0,1184722.0,737.0,569.0,369.0,943.0,589.91,80.07,,,
105,,,新北市三重區,,,,無年齡維度,0.0,,新北市三重區,博愛里,,,,,,,,,,,,,,,,,,1397.0,1025903.0,734.0,556.0,351.0,891.0,651.03,88.65,,,
105,,,新北市三重區,,,,無年齡維度,0.0,,新北市三重區,永吉里,,,,,,,,,,,,,,,,,,881.0,671177.0,762.0,577.0,370.0,928.0,723.83,95.01,,,
105,,,新北市三重區,,,,無年齡維度,0.0,,新北市三重區,永順里,,,,,,,,,,,,,,,,,,1422.0,1024285.0,720.0,533.0,347.0,848.0,675.23,93.74,,,
105,,,新北市三重區,,,,無年齡維度,0.0,,新北市三重區,永發里,,,,,,,,,,,,,,,,,,1990.0,1688134.0,848.0,599.0,350.0,1061.0,858.11,101.16,,,
105,,,新北市三重區,,,,無年齡維度,0.0,,新北市三重區,立德里,,,,,,,,,,,,,,,,,,965.0,733029.0,760.0,542.0,340.0,910.0,750.51,98.8,,,
105,,,新北市三重區,,,,無年齡維度,0.0,,新北市三重區,福樂里,,,,,,,,,,,,,,,,,,1035.0,774281.0,748.0,554.0,358.0,878.0,1115.82,149.15,,,
105,,,新北市三重區,,,,無年齡維度,0.0,,新北市三重區,仁華里,,,,,,,,,,,,,,,,,,1256.0,970676.0,773.0,581.0,365.0,954.0,651.21,84.26,,,
105,,,新北市三重區,,,,無年齡維度,0.0,,新北市三重區,五順里,,,,,,,,,,,,,,,,,,1034.0,722682.0,699.0,534.0,348.0,885.0,564.13,80.71,,,
105,,,新北市三重區,,,,無年齡維度,0.0,,新北市三重區,其他,,,,,,,,,,,,,,,,,,8.0,4813.0,602.0,326.0,181.0,628.0,799.38,132.86,,,
105,,,新北市三重區,,,,無年齡維度,0.0,,新北市三重區,合計,,,,,,,,,,,,,,,,,,107903.0,88059506.0,816.0,575.0,357.0,980.0,1179.96,144.59,,,
105,,,新北市泰山區,,,,無年齡維度,0.0,,新北市泰山區,黎明里,,,,,,,,,,,,,,,,,,1027.0,780106.0,760.0,579.0,349.0,972.0,653.31,86.01,,,
105,,,新北市泰山區,,,,無年齡維度,0.0,,新北市泰山區,大科里,,,,,,,,,,,,,,,,,,271.0,223640.0,825.0,626.0,376.0,1094.0,697.6,84.53,,,
105,,,新北市泰山區,,,,無年齡維度,0.0,,新北市泰山區,山腳里,,,,,,,,,,,,,,,,,,2010.0,1506607.0,750.0,565.0,358.0,919.0,693.25,92.49,,,
105,,,新北市泰山區,,,,無年齡維度,0.0,,新北市泰山區,楓樹里,,,,,,,,,,,,,,,,,,1300.0,1099120.0,845.0,610.0,370.0,1041.0,898.97,106.33,,,
105,,,新北市泰山區,,,,無年齡維度,0.0,,新北市泰山區,同榮里,,,,,,,,,,,,,,,,,,1299.0,1036368.0,798.0,570.0,356.0,1010.0,795.32,99.69,,,
105,,,新北市泰山區,,,,無年齡維度,0.0,,新北市泰山區,義學里,,,,,,,,,,,,,,,,,,1372.0,1029829.0,751.0,585.0,363.0,954.0,649.14,86.48,,,
105,,,新北市泰山區,,,,無年齡維度,0.0,,新北市泰山區,明志里,,,,,,,,,,,,,,,,,,1181.0,930330.0,788.0,576.0,356.0,957.0,836.81,106.23,,,
105,,,新北市泰山區,,,,無年齡維度,0.0,,新北市泰山區,貴子里,,,,,,,,,,,,,,,,,,1237.0,1061979.0,859.0,639.0,360.0,1100.0,770.46,89.74,,,
105,,,新北市泰山區,,,,無年齡維度,0.0,,新北市泰山區,貴和里,,,,,,,,,,,,,,,,,,1663.0,1305169.0,785.0,589.0,359.0,999.0,698.59,89.01,,,
105,,,新北市泰山區,,,,無年齡維度,0.0,,新北市泰山區,福泰里,,,,,,,,,,,,,,,,,,816.0,542674.0,665.0,529.0,332.0,855.0,534.9,80.43,,,
105,,,新北市泰山區,,,,無年齡維度,0.0,,新北市泰山區,同興里,,,,,,,,,,,,,,,,,,1176.0,1099617.0,935.0,662.0,377.0,1285.0,900.93,96.35,,,
105,,,新北市泰山區,,,,無年齡維度,0.0,,新北市泰山區,義仁里,,,,,,,,,,,,,,,,,,2618.0,2394118.0,914.0,669.0,406.0,1201.0,795.91,87.03,,,
105,,,新北市泰山區,,,,無年齡維度,0.0,,新北市泰山區,泰友里,,,,,,,,,,,,,,,,,,661.0,477998.0,723.0,548.0,346.0,951.0,590.9,81.71,,,
105,,,新北市泰山區,,,,無年齡維度,0.0,,新北市泰山區,新明里,,,,,,,,,,,,,,,,,,997.0,722161.0,724.0,559.0,344.0,919.0,582.06,80.36,,,
105,,,新北市泰山區,,,,無年齡維度,0.0,,新北市泰山區,貴賢里,,,,,,,,,,,,,,,,,,1270.0,1169799.0,921.0,644.0,395.0,1143.0,903.93,98.14,,,
105,,,新北市泰山區,,,,無年齡維度,0.0,,新北市泰山區,福興里,,,,,,,,,,,,,,,,,,1143.0,1037471.0,908.0,682.0,384.0,1164.0,801.14,88.26,,,
105,,,新北市泰山區,,,,無年齡維度,0.0,,新北市泰山區,全興里,,,,,,,,,,,,,,,,,,2848.0,3134228.0,1101.0,847.0,490.0,1448.0,929.05,84.42,,,
105,,,新北市泰山區,,,,無年齡維度,0.0,,新北市泰山區,其他,,,,,,,,,,,,,,,,,,1.0,565.0,565.0,565.0,565.0,565.0,0.0,0.0,,,
105,,,新北市泰山區,,,,無年齡維度,0.0,,新北市泰山區,合計,,,,,,,,,,,,,,,,,,22890.0,19551782.0,854.0,626.0,374.0,1087.0,790.81,92.58,,,
105,,,新北市新店區,,,,無年齡維度,0.0,,新北市新店區,張北里,,,,,,,,,,,,,,,,,,2820.0,3323010.0,1178.0,709.0,393.0,1363.0,1944.19,164.99,,,
105,,,新北市新店區,,,,無年齡維度,0.0,,新北市新店區,張南里,,,,,,,,,,,,,,,,,,725.0,836017.0,1153.0,718.0,367.0,1396.0,1488.34,129.07,,,
105,,,新北市新店區,,,,無年齡維度,0.0,,新北市新店區,廣明里,,,,,,,,,,,,,,,,,,312.0,310820.0,996.0,592.0,347.0,1048.0,2048.64,205.64,,,
105,,,新北市新店區,,,,無年齡維度,0.0,,新北市新店區,江陵里,,,,,,,,,,,,,,,,,,2070.0,2870871.0,1387.0,776.0,406.0,1640.0,2476.04,178.53,,,
105,,,新北市新店區,,,,無年齡維度,0.0,,新北市新店區,百忍里,,,,,,,,,,,,,,,,,,1346.0,1227108.0,912.0,641.0,387.0,1127.0,887.3,97.33,,,
105,,,新北市新店區,,,,無年齡維度,0.0,,新北市新店區,青潭里,,,,,,,,,,,,,,,,,,1731.0,1453279.0,840.0,633.0,383.0,1082.0,701.01,83.5,,,
105,,,新北市新店區,,,,無年齡維度,0.0,,新北市新店區,員潭里,,,,,,,,,,,,,,,,,,1474.0,1229489.0,834.0,646.0,392.0,1066.0,1034.41,124.01,,,
105,,,新北市新店區,,,,無年齡維度,0.0,,新北市新店區,雙坑里,,,,,,,,,,,,,,,,,,166.0,96441.0,581.0,511.0,322.0,718.0,432.49,74.44,,,
105,,,新北市新店區,,,,無年齡維度,0.0,,新北市新店區,粗坑里,,,,,,,,,,,,,,,,,,972.0,943300.0,970.0,637.0,357.0,1189.0,1223.19,126.04,,,
105,,,新北市新店區,,,,無年齡維度,0.0,,新北市新店區,屈尺里,,,,,,,,,,,,,,,,,,627.0,453518.0,723.0,547.0,332.0,897.0,660.21,91.28,,,
105,,,新北市新店區,,,,無年齡維度,0.0,,新北市新店區,廣興里,,,,,,,,,,,,,,,,,,295.0,221491.0,751.0,529.0,342.0,833.0,745.78,99.33,,,
105,,,新北市新店區,,,,無年齡維度,0.0,,新北市新店區,龜山里,,,,,,,,,,,,,,,,,,406.0,315896.0,778.0,536.0,336.0,954.0,1016.11,130.59,,,
105,,,新北市新店區,,,,無年齡維度,0.0,,新北市新店區,直潭里,,,,,,,,,,,,,,,,,,339.0,352569.0,1040.0,605.0,379.0,1074.0,2343.56,225.34,,,
105,,,新北市新店區,,,,無年齡維度,0.0,,新北市新店區,塗潭里,,,,,,,,,,,,,,,,,,195.0,131763.0,676.0,473.0,305.0,767.0,1365.92,202.15,,,
105,,,新北市新店區,,,,無年齡維度,0.0,,新北市新店區,公崙里,,,,,,,,,,,,,,,,,,3595.0,3518847.0,979.0,674.0,399.0,1216.0,1073.96,109.72,,,
105,,,新北市新店區,,,,無年齡維度,0.0,,新北市新店區,柴埕里,,,,,,,,,,,,,,,,,,2769.0,2577402.0,931.0,668.0,386.0,1163.0,1065.67,114.49,,,
105,,,新北市新店區,,,,無年齡維度,0.0,,新北市新店區,雙城里,,,,,,,,,,,,,,,,,,1569.0,1144619.0,730.0,570.0,368.0,911.0,600.16,82.27,,,
105,,,新北市新店區,,,,無年齡維度,0.0,,新北市新店區,頂城里,,,,,,,,,,,,,,,,,,366.0,265637.0,726.0,544.0,341.0,877.0,661.52,91.15,,,
105,,,新北市新店區,,,,無年齡維度,0.0,,新北市新店區,下城里,,,,,,,,,,,,,,,,,,979.0,2288303.0,2337.0,853.0,443.0,2047.0,7401.63,316.66,,,
105,,,新北市新店區,,,,無年齡維度,0.0,,新北市新店區,文中里,,,,,,,,,,,,,,,,,,600.0,627134.0,1045.0,702.0,430.0,1218.0,1163.1,111.28,,,
105,,,新北市新店區,,,,無年齡維度,0.0,,新北市新店區,國校里,,,,,,,,,,,,,,,,,,848.0,833283.0,983.0,684.0,396.0,1239.0,1553.03,158.05,,,
105,,,新北市新店區,,,,無年齡維度,0.0,,新北市新店區,新生里,,,,,,,,,,,,,,,,,,2074.0,2262930.0,1091.0,684.0,389.0,1347.0,1292.13,118.42,,,
105,,,新北市新店區,,,,無年齡維度,0.0,,新北市新店區,中興里,,,,,,,,,,,,,,,,,,1853.0,1877444.0,1013.0,713.0,388.0,1272.0,1111.6,109.71,,,
105,,,新北市新店區,,,,無年齡維度,0.0,,新北市新店區,新安里,,,,,,,,,,,,,,,,,,1648.0,1620366.0,983.0,663.0,371.0,1189.0,1175.82,119.59,,,
105,,,新北市新店區,,,,無年齡維度,0.0,,新北市新店區,文明里,,,,,,,,,,,,,,,,,,756.0,742336.0,982.0,614.0,357.0,1148.0,1554.88,158.35,,,
105,,,新北市新店區,,,,無年齡維度,0.0,,新北市新店區,寶興里,,,,,,,,,,,,,,,,,,1991.0,2902999.0,1458.0,758.0,400.0,1586.0,2744.26,188.21,,,
105,,,新北市新店區,,,,無年齡維度,0.0,,新北市新店區,寶安里,,,,,,,,,,,,,,,,,,2009.0,2140680.0,1066.0,667.0,394.0,1250.0,1935.58,181.65,,,
105,,,新北市新店區,,,,無年齡維度,0.0,,新北市新店區,信義里,,,,,,,,,,,,,,,,,,2278.0,2533561.0,1112.0,682.0,381.0,1349.0,1486.26,133.63,,,
105,,,新北市新店區,,,,無年齡維度,0.0,,新北市新店區,忠孝里,,,,,,,,,,,,,,,,,,909.0,815652.0,897.0,619.0,378.0,1107.0,990.83,110.42,,,
105,,,新北市新店區,,,,無年齡維度,0.0,,新北市新店區,大鵬里,,,,,,,,,,,,,,,,,,951.0,1014551.0,1067.0,754.0,389.0,1375.0,1085.67,101.77,,,
105,,,新北市新店區,,,,無年齡維度,0.0,,新北市新店區,大豐里,,,,,,,,,,,,,,,,,,1301.0,1264316.0,972.0,655.0,380.0,1220.0,1037.57,106.77,,,
105,,,新北市新店區,,,,無年齡維度,0.0,,新北市新店區,明德里,,,,,,,,,,,,,,,,,,1424.0,1484756.0,1043.0,686.0,398.0,1311.0,1193.6,114.48,,,
105,,,新北市新店區,,,,無年齡維度,0.0,,新北市新店區,中山里,,,,,,,,,,,,,,,,,,1725.0,2914386.0,1689.0,1037.0,502.0,2005.0,3481.72,206.08,,,
105,,,新北市新店區,,,,無年齡維度,0.0,,新北市新店區,和平里,,,,,,,,,,,,,,,,,,179.0,114101.0,637.0,543.0,324.0,787.0,498.85,78.26,,,
105,,,新北市新店區,,,,無年齡維度,0.0,,新北市新店區,仁愛里,,,,,,,,,,,,,,,,,,721.0,669213.0,928.0,623.0,375.0,1156.0,1225.89,132.08,,,
105,,,新北市新店區,,,,無年齡維度,0.0,,新北市新店區,中正里,,,,,,,,,,,,,,,,,,2113.0,2142510.0,1014.0,692.0,400.0,1224.0,1259.87,124.25,,,
105,,,新北市新店區,,,,無年齡維度,0.0,,新北市新店區,美潭里,,,,,,,,,,,,,,,,,,1671.0,1533560.0,918.0,652.0,386.0,1166.0,937.75,102.18,,,
105,,,新北市新店區,,,,無年齡維度,0.0,,新北市新店區,德安里,,,,,,,,,,,,,,,,,,1795.0,1370616.0,764.0,575.0,364.0,981.0,639.42,83.74,,,
105,,,新北市新店區,,,,無年齡維度,0.0,,新北市新店區,太平里,,,,,,,,,,,,,,,,,,1018.0,930798.0,914.0,622.0,388.0,1146.0,1048.59,114.68,,,
105,,,新北市新店區,,,,無年齡維度,0.0,,新北市新店區,中央里,,,,,,,,,,,,,,,,,,2241.0,3343761.0,1492.0,851.0,422.0,1802.0,2708.24,181.51,,,
105,,,新北市新店區,,,,無年齡維度,0.0,,新北市新店區,百和里,,,,,,,,,,,,,,,,,,1135.0,1107251.0,976.0,662.0,371.0,1265.0,1000.32,102.54,,,
105,,,新北市新店區,,,,無年齡維度,0.0,,新北市新店區,福德里,,,,,,,,,,,,,,,,,,1280.0,1159613.0,906.0,641.0,381.0,1127.0,1022.68,112.89,,,
105,,,新北市新店區,,,,無年齡維度,0.0,,新北市新店區,福民里,,,,,,,,,,,,,,,,,,1433.0,1478405.0,1032.0,720.0,409.0,1307.0,1046.7,101.46,,,
105,,,新北市新店區,,,,無年齡維度,0.0,,新北市新店區,百福里,,,,,,,,,,,,,,,,,,1264.0,1346935.0,1066.0,719.0,396.0,1290.0,1164.77,109.31,,,
105,,,新北市新店區,,,,無年齡維度,0.0,,新北市新店區,國豐里,,,,,,,,,,,,,,,,,,1176.0,1115682.0,949.0,647.0,383.0,1151.0,968.18,102.05,,,
105,,,新北市新店區,,,,無年齡維度,0.0,,新北市新店區,新德里,,,,,,,,,,,,,,,,,,871.0,744936.0,855.0,604.0,363.0,1054.0,865.51,101.2,,,
105,,,新北市新店區,,,,無年齡維度,0.0,,新北市新店區,五峰里,,,,,,,,,,,,,,,,,,2642.0,2962721.0,1121.0,695.0,390.0,1334.0,1593.69,142.12,,,
105,,,新北市新店區,,,,無年齡維度,0.0,,新北市新店區,中華里,,,,,,,,,,,,,,,,,,1470.0,1708031.0,1162.0,669.0,403.0,1350.0,1825.82,157.14,,,
105,,,新北市新店區,,,,無年齡維度,0.0,,新北市新店區,忠誠里,,,,,,,,,,,,,,,,,,883.0,864794.0,979.0,681.0,396.0,1222.0,1048.91,107.1,,,
105,,,新北市新店區,,,,無年齡維度,0.0,,新北市新店區,永安里,,,,,,,,,,,,,,,,,,1555.0,1152245.0,741.0,562.0,354.0,892.0,700.62,94.55,,,
105,,,新北市新店區,,,,無年齡維度,0.0,,新北市新店區,新店里,,,,,,,,,,,,,,,,,,556.0,488690.0,879.0,582.0,349.0,1109.0,907.0,103.19,,,
105,,,新北市新店區,,,,無年齡維度,0.0,,新北市新店區,大同里,,,,,,,,,,,,,,,,,,1453.0,2036309.0,1401.0,673.0,376.0,1277.0,12094.4,862.99,,,
105,,,新北市新店區,,,,無年齡維度,0.0,,新北市新店區,玫瑰里,,,,,,,,,,,,,,,,,,1798.0,1356650.0,755.0,570.0,352.0,946.0,988.14,130.96,,,
105,,,新北市新店區,,,,無年齡維度,0.0,,新北市新店區,日興里,,,,,,,,,,,,,,,,,,1560.0,1109089.0,711.0,531.0,357.0,861.0,821.43,115.54,,,
105,,,新北市新店區,,,,無年齡維度,0.0,,新北市新店區,寶福里,,,,,,,,,,,,,,,,,,2485.0,2930583.0,1179.0,724.0,407.0,1396.0,1748.79,148.29,,,
105,,,新北市新店區,,,,無年齡維度,0.0,,新北市新店區,安和里,,,,,,,,,,,,,,,,,,2289.0,2143234.0,936.0,659.0,395.0,1197.0,977.04,104.35,,,
105,,,新北市新店區,,,,無年齡維度,0.0,,新北市新店區,明城里,,,,,,,,,,,,,,,,,,1209.0,1272908.0,1053.0,677.0,393.0,1308.0,1290.17,122.54,,,
105,,,新北市新店區,,,,無年齡維度,0.0,,新北市新店區,吉祥里,,,,,,,,,,,,,,,,,,1481.0,1300750.0,878.0,643.0,364.0,1067.0,837.2,95.32,,,
105,,,新北市新店區,,,,無年齡維度,0.0,,新北市新店區,小城里,,,,,,,,,,,,,,,,,,1256.0,1242342.0,989.0,634.0,360.0,1220.0,1296.18,131.04,,,
105,,,新北市新店區,,,,無年齡維度,0.0,,新北市新店區,香坡里,,,,,,,,,,,,,,,,,,3292.0,3526807.0,1071.0,694.0,399.0,1291.0,2313.19,215.92,,,
105,,,新北市新店區,,,,無年齡維度,0.0,,新北市新店區,建國里,,,,,,,,,,,,,,,,,,1024.0,990094.0,967.0,666.0,362.0,1201.0,1090.81,112.82,,,
105,,,新北市新店區,,,,無年齡維度,0.0,,新北市新店區,復興里,,,,,,,,,,,,,,,,,,1104.0,981676.0,889.0,624.0,367.0,1130.0,930.91,104.69,,,
105,,,新北市新店區,,,,無年齡維度,0.0,,新北市新店區,美城里,,,,,,,,,,,,,,,,,,847.0,659588.0,779.0,553.0,356.0,924.0,974.2,125.1,,,
105,,,新北市新店區,,,,無年齡維度,0.0,,新北市新店區,安昌里,,,,,,,,,,,,,,,,,,1734.0,1652568.0,953.0,701.0,405.0,1242.0,972.47,102.04,,,
105,,,新北市新店區,,,,無年齡維度,0.0,,新北市新店區,長春里,,,,,,,,,,,,,,,,,,944.0,1467292.0,1554.0,943.0,450.0,1826.0,6239.19,401.41,,,
105,,,新北市新店區,,,,無年齡維度,0.0,,新北市新店區,新和里,,,,,,,,,,,,,,,,,,1332.0,1086650.0,816.0,612.0,379.0,1041.0,731.58,89.68,,,
105,,,新北市新店區,,,,無年齡維度,0.0,,新北市新店區,永平里,,,,,,,,,,,,,,,,,,1692.0,1489890.0,881.0,658.0,390.0,1125.0,812.36,92.26,,,
105,,,新北市新店區,,,,無年齡維度,0.0,,新北市新店區,達觀里,,,,,,,,,,,,,,,,,,1336.0,1252629.0,938.0,663.0,378.0,1200.0,920.25,98.15,,,
105,,,新北市新店區,,,,無年齡維度,0.0,,新北市新店區,華城里,,,,,,,,,,,,,,,,,,1007.0,2918985.0,2899.0,1121.0,499.0,2400.0,13452.9,464.1,,,
105,,,新北市新店區,,,,無年齡維度,0.0,,新北市新店區,其他,,,,,,,,,,,,,,,,,,7.0,3466.0,495.0,519.0,385.0,538.0,148.23,29.94,,,
105,,,新北市新店區,,,,無年齡維度,0.0,,新北市新店區,合計,,,,,,,,,,,,,,,,,,94976.0,100250150.0,1056.0,666.0,385.0,1232.0,2697.81,255.59,,,
105,,,新北市石碇區,,,,無年齡維度,0.0,,新北市石碇區,石碇里,,,,,,,,,,,,,,,,,,113.0,74305.0,658.0,515.0,350.0,731.0,653.12,99.32,,,
105,,,新北市石碇區,,,,無年齡維度,0.0,,新北市石碇區,潭邊里,,,,,,,,,,,,,,,,,,172.0,183218.0,1065.0,582.0,340.0,946.0,3130.87,293.92,,,
105,,,新北市石碇區,,,,無年齡維度,0.0,,新北市石碇區,烏塗里,,,,,,,,,,,,,,,,,,167.0,181966.0,1090.0,626.0,336.0,1069.0,1541.36,141.46,,,
105,,,新北市石碇區,,,,無年齡維度,0.0,,新北市石碇區,豐林里,,,,,,,,,,,,,,,,,,75.0,51122.0,682.0,523.0,337.0,850.0,642.98,94.33,,,
105,,,新北市石碇區,,,,無年齡維度,0.0,,新北市石碇區,隆盛里,,,,,,,,,,,,,,,,,,197.0,134622.0,683.0,489.0,327.0,791.0,627.21,91.78,,,
105,,,新北市石碇區,,,,無年齡維度,0.0,,新北市石碇區,中民里,,,,,,,,,,,,,,,,,,175.0,116090.0,663.0,538.0,349.0,838.0,473.29,71.35,,,
105,,,新北市石碇區,,,,無年齡維度,0.0,,新北市石碇區,永定里,,,,,,,,,,,,,,,,,,122.0,75239.0,617.0,513.0,335.0,784.0,457.05,74.11,,,
105,,,新北市石碇區,,,,無年齡維度,0.0,,新北市石碇區,光明里,,,,,,,,,,,,,,,,,,43.0,32584.0,758.0,499.0,270.0,901.0,808.02,106.63,,,
105,,,新北市石碇區,,,,無年齡維度,0.0,,新北市石碇區,彭山里,,,,,,,,,,,,,,,,,,59.0,35474.0,601.0,533.0,335.0,688.0,541.88,90.12,,,
105,,,新北市石碇區,,,,無年齡維度,0.0,,新北市石碇區,豐田里,,,,,,,,,,,,,,,,,,91.0,69358.0,762.0,531.0,267.0,882.0,891.6,116.98,,,
105,,,新北市石碇區,,,,無年齡維度,0.0,,新北市石碇區,格頭里,,,,,,,,,,,,,,,,,,226.0,152175.0,673.0,507.0,313.0,865.0,624.68,92.77,,,
105,,,新北市石碇區,,,,無年齡維度,0.0,,新北市石碇區,永安里,,,,,,,,,,,,,,,,,,175.0,111337.0,636.0,482.0,316.0,770.0,517.63,81.36,,,
105,,,新北市石碇區,,,,無年齡維度,0.0,,新北市石碇區,碧山里,,,,,,,,,,,,,,,,,,0.0,0.0,0.0,0.0,0.0,0.0,0.0,0.0,,,
105,,,新北市石碇區,,,,無年齡維度,0.0,,新北市石碇區,其他,,,,,,,,,,,,,,,,,,0.0,0.0,0.0,0.0,0.0,0.0,0.0,0.0,,,
105,,,新北市石碇區,,,,無年齡維度,0.0,,新北市石碇區,合計,,,,,,,,,,,,,,,,,,1615.0,1217490.0,754.0,518.0,325.0,855.0,1266.2,167.96,,,
105,,,新北市深坑區,,,,無年齡維度,0.0,,新北市深坑區,深坑里,,,,,,,,,,,,,,,,,,970.0,810257.0,835.0,621.0,375.0,1069.0,784.08,93.87,,,
105,,,新北市深坑區,,,,無年齡維度,0.0,,新北市深坑區,萬順里,,,,,,,,,,,,,,,,,,772.0,643074.0,833.0,605.0,385.0,1023.0,762.43,91.53,,,
105,,,新北市深坑區,,,,無年齡維度,0.0,,新北市深坑區,阿柔里,,,,,,,,,,,,,,,,,,163.0,119879.0,735.0,607.0,371.0,887.0,648.22,88.14,,,
105,,,新北市深坑區,,,,無年齡維度,0.0,,新北市深坑區,昇高里,,,,,,,,,,,,,,,,,,587.0,498336.0,849.0,594.0,367.0,1010.0,869.49,102.42,,,
105,,,新北市深坑區,,,,無年齡維度,0.0,,新北市深坑區,土庫里,,,,,,,,,,,,,,,,,,887.0,721905.0,814.0,582.0,367.0,970.0,896.0,110.09,,,
105,,,新北市深坑區,,,,無年齡維度,0.0,,新北市深坑區,埔新里,,,,,,,,,,,,,,,,,,1899.0,1659301.0,874.0,609.0,369.0,1126.0,814.66,93.23,,,
105,,,新北市深坑區,,,,無年齡維度,0.0,,新北市深坑區,萬福里,,,,,,,,,,,,,,,,,,826.0,706332.0,855.0,586.0,362.0,974.0,1074.14,125.61,,,
105,,,新北市深坑區,,,,無年齡維度,0.0,,新北市深坑區,賴仲里,,,,,,,,,,,,,,,,,,683.0,608468.0,891.0,650.0,402.0,1154.0,796.59,89.42,,,
105,,,新北市深坑區,,,,無年齡維度,0.0,,新北市深坑區,其他,,,,,,,,,,,,,,,,,,1.0,433.0,433.0,433.0,433.0,433.0,0.0,0.0,,,
105,,,新北市深坑區,,,,無年齡維度,0.0,,新北市深坑區,合計,,,,,,,,,,,,,,,,,,6788.0,5767985.0,850.0,605.0,372.0,1047.0,851.14,100.17,,,
105,,,新北市坪林區,,,,無年齡維度,0.0,,新北市坪林區,坪林里,,,,,,,,,,,,,,,,,,330.0,236881.0,718.0,546.0,335.0,826.0,758.55,105.67,,,
105,,,新北市坪林區,,,,無年齡維度,0.0,,新北市坪林區,水德里,,,,,,,,,,,,,,,,,,130.0,89029.0,685.0,537.0,344.0,850.0,626.9,91.54,,,
105,,,新北市坪林區,,,,無年齡維度,0.0,,新北市坪林區,大林里,,,,,,,,,,,,,,,,,,236.0,176886.0,750.0,582.0,315.0,930.0,678.49,90.52,,,
105,,,新北市坪林區,,,,無年齡維度,0.0,,新北市坪林區,上德里,,,,,,,,,,,,,,,,,,172.0,115080.0,669.0,490.0,322.0,817.0,749.13,111.97,,,
105,,,新北市坪林區,,,,無年齡維度,0.0,,新北市坪林區,漁光里,,,,,,,,,,,,,,,,,,156.0,116246.0,745.0,567.0,364.0,985.0,609.49,81.79,,,
105,,,新北市坪林區,,,,無年齡維度,0.0,,新北市坪林區,石𥕢里,,,,,,,,,,,,,,,,,,90.0,66700.0,741.0,555.0,352.0,869.0,600.09,80.97,,,
105,,,新北市坪林區,,,,無年齡維度,0.0,,新北市坪林區,粗窟里,,,,,,,,,,,,,,,,,,201.0,157046.0,781.0,560.0,367.0,889.0,865.2,110.74,,,
105,,,新北市坪林區,,,,無年齡維度,0.0,,新北市坪林區,其他,,,,,,,,,,,,,,,,,,0.0,0.0,0.0,0.0,0.0,0.0,0.0,0.0,,,
105,,,新北市坪林區,,,,無年齡維度,0.0,,新北市坪林區,合計,,,,,,,,,,,,,,,,,,1315.0,957867.0,728.0,548.0,338.0,885.0,722.07,99.13,,,
105,,,新北市烏來區,,,,無年齡維度,0.0,,新北市烏來區,烏來里,,,,,,,,,,,,,,,,,,612.0,527526.0,862.0,665.0,385.0,1002.0,1131.31,131.25,,,
105,,,新北市烏來區,,,,無年齡維度,0.0,,新北市烏來區,忠治里,,,,,,,,,,,,,,,,,,392.0,290518.0,741.0,627.0,400.0,913.0,539.07,72.74,,,
105,,,新北市烏來區,,,,無年齡維度,0.0,,新北市烏來區,孝義里,,,,,,,,,,,,,,,,,,53.0,38397.0,724.0,513.0,391.0,991.0,525.55,72.54,,,
105,,,新北市烏來區,,,,無年齡維度,0.0,,新北市烏來區,信賢里,,,,,,,,,,,,,,,,,,119.0,76934.0,647.0,520.0,359.0,760.0,526.18,81.39,,,
105,,,新北市烏來區,,,,無年齡維度,0.0,,新北市烏來區,福山里,,,,,,,,,,,,,,,,,,106.0,73560.0,694.0,561.0,373.0,850.0,583.49,84.08,,,
105,,,新北市烏來區,,,,無年齡維度,0.0,,新北市烏來區,其他,,,,,,,,,,,,,,,,,,1.0,156.0,156.0,156.0,156.0,156.0,0.0,0.0,,,
105,,,新北市烏來區,,,,無年齡維度,0.0,,新北市烏來區,合計,,,,,,,,,,,,,,,,,,1283.0,1007092.0,785.0,618.0,385.0,950.0,877.23,111.76,,,
105,,,新北市板橋區,,,,無年齡維度,0.0,,新北市板橋區,留侯里,,,,,,,,,,,,,,,,,,459.0,435563.0,949.0,616.0,352.0,1079.0,2308.83,243.31,,,
105,,,新北市板橋區,,,,無年齡維度,0.0,,新北市板橋區,流芳里,,,,,,,,,,,,,,,,,,471.0,430391.0,914.0,587.0,354.0,1107.0,1050.27,114.94,,,
105,,,新北市板橋區,,,,無年齡維度,0.0,,新北市板橋區,赤松里,,,,,,,,,,,,,,,,,,241.0,261232.0,1084.0,728.0,418.0,1252.0,1549.86,142.98,,,
105,,,新北市板橋區,,,,無年齡維度,0.0,,新北市板橋區,黃石里,,,,,,,,,,,,,,,,,,322.0,264019.0,820.0,572.0,350.0,1040.0,782.4,95.42,,,
105,,,新北市板橋區,,,,無年齡維度,0.0,,新北市板橋區,挹秀里,,,,,,,,,,,,,,,,,,619.0,752318.0,1215.0,726.0,404.0,1489.0,1539.81,126.69,,,
105,,,新北市板橋區,,,,無年齡維度,0.0,,新北市板橋區,社後里,,,,,,,,,,,,,,,,,,1851.0,1467160.0,793.0,574.0,360.0,949.0,1032.08,130.21,,,
105,,,新北市板橋區,,,,無年齡維度,0.0,,新北市板橋區,新埔里,,,,,,,,,,,,,,,,,,663.0,605681.0,914.0,611.0,369.0,1102.0,999.32,109.39,,,
105,,,新北市板橋區,,,,無年齡維度,0.0,,新北市板橋區,江翠里,,,,,,,,,,,,,,,,,,1387.0,1296964.0,935.0,599.0,362.0,1061.0,1568.32,167.72,,,
105,,,新北市板橋區,,,,無年齡維度,0.0,,新北市板橋區,松翠里,,,,,,,,,,,,,,,,,,1032.0,896661.0,869.0,605.0,372.0,1038.0,826.79,95.16,,,
105,,,新北市板橋區,,,,無年齡維度,0.0,,新北市板橋區,嵐翠里,,,,,,,,,,,,,,,,,,669.0,494274.0,739.0,562.0,355.0,878.0,786.44,106.44,,,
105,,,新北市板橋區,,,,無年齡維度,0.0,,新北市板橋區,深丘里,,,,,,,,,,,,,,,,,,2959.0,4433806.0,1498.0,832.0,444.0,1613.0,3029.71,202.19,,,
105,,,新北市板橋區,,,,無年齡維度,0.0,,新北市板橋區,埔墘里,,,,,,,,,,,,,,,,,,2023.0,1844065.0,912.0,626.0,371.0,1117.0,1178.72,129.31,,,
105,,,新北市板橋區,,,,無年齡維度,0.0,,新北市板橋區,港嘴里,,,,,,,,,,,,,,,,,,1857.0,1581701.0,852.0,607.0,362.0,1029.0,834.84,98.01,,,
105,,,新北市板橋區,,,,無年齡維度,0.0,,新北市板橋區,湳興里,,,,,,,,,,,,,,,,,,1639.0,1411346.0,861.0,630.0,379.0,1067.0,806.23,93.63,,,
105,,,新北市板橋區,,,,無年齡維度,0.0,,新北市板橋區,鄉雲里,,,,,,,,,,,,,,,,,,1229.0,1161270.0,945.0,614.0,378.0,1184.0,1116.24,118.13,,,
105,,,新北市板橋區,,,,無年齡維度,0.0,,新北市板橋區,景星里,,,,,,,,,,,,,,,,,,1125.0,1047396.0,931.0,640.0,370.0,1188.0,960.35,103.15,,,
105,,,新北市板橋區,,,,無年齡維度,0.0,,新北市板橋區,廣福里,,,,,,,,,,,,,,,,,,1205.0,1016965.0,844.0,618.0,380.0,1020.0,889.24,105.37,,,
105,,,新北市板橋區,,,,無年齡維度,0.0,,新北市板橋區,溪洲里,,,,,,,,,,,,,,,,,,1818.0,1414225.0,778.0,584.0,363.0,945.0,705.24,90.66,,,
105,,,新北市板橋區,,,,無年齡維度,0.0,,新北市板橋區,崑崙里,,,,,,,,,,,,,,,,,,2893.0,2434081.0,841.0,634.0,384.0,1049.0,1059.01,125.87,,,
105,,,新北市板橋區,,,,無年齡維度,0.0,,新北市板橋區,浮洲里,,,,,,,,,,,,,,,,,,1010.0,767414.0,760.0,540.0,348.0,865.0,1278.09,168.21,,,
105,,,新北市板橋區,,,,無年齡維度,0.0,,新北市板橋區,中正里,,,,,,,,,,,,,,,,,,1250.0,993953.0,795.0,599.0,379.0,1033.0,688.26,86.56,,,
105,,,新北市板橋區,,,,無年齡維度,0.0,,新北市板橋區,中山里,,,,,,,,,,,,,,,,,,1083.0,760691.0,702.0,546.0,369.0,862.0,597.85,85.12,,,
105,,,新北市板橋區,,,,無年齡維度,0.0,,新北市板橋區,復興里,,,,,,,,,,,,,,,,,,230.0,149094.0,648.0,501.0,348.0,776.0,729.53,112.54,,,
105,,,新北市板橋區,,,,無年齡維度,0.0,,新北市板橋區,自強里,,,,,,,,,,,,,,,,,,1912.0,1822084.0,953.0,655.0,379.0,1185.0,1269.48,133.21,,,
105,,,新北市板橋區,,,,無年齡維度,0.0,,新北市板橋區,國光里,,,,,,,,,,,,,,,,,,1242.0,1321457.0,1064.0,731.0,407.0,1418.0,1060.05,99.63,,,
105,,,新北市板橋區,,,,無年齡維度,0.0,,新北市板橋區,新興里,,,,,,,,,,,,,,,,,,925.0,764045.0,826.0,625.0,380.0,1057.0,815.16,98.69,,,
105,,,新北市板橋區,,,,無年齡維度,0.0,,新北市板橋區,福德里,,,,,,,,,,,,,,,,,,1581.0,1467306.0,928.0,667.0,385.0,1213.0,898.43,96.8,,,
105,,,新北市板橋區,,,,無年齡維度,0.0,,新北市板橋區,和平里,,,,,,,,,,,,,,,,,,1284.0,1586307.0,1235.0,949.0,501.0,1696.0,1060.35,85.83,,,
105,,,新北市板橋區,,,,無年齡維度,0.0,,新北市板橋區,仁愛里,,,,,,,,,,,,,,,,,,962.0,772842.0,803.0,598.0,369.0,1013.0,993.43,123.66,,,
105,,,新北市板橋區,,,,無年齡維度,0.0,,新北市板橋區,福星里,,,,,,,,,,,,,,,,,,1153.0,1159607.0,1006.0,729.0,417.0,1284.0,965.44,95.99,,,
105,,,新北市板橋區,,,,無年齡維度,0.0,,新北市板橋區,公館里,,,,,,,,,,,,,,,,,,1150.0,959341.0,834.0,601.0,362.0,1029.0,844.94,101.29,,,
105,,,新北市板橋區,,,,無年齡維度,0.0,,新北市板橋區,新民里,,,,,,,,,,,,,,,,,,1315.0,1267901.0,964.0,665.0,403.0,1192.0,1071.11,111.09,,,
105,,,新北市板橋區,,,,無年齡維度,0.0,,新北市板橋區,振興里,,,,,,,,,,,,,,,,,,1331.0,1011983.0,760.0,561.0,356.0,921.0,746.33,98.16,,,
105,,,新北市板橋區,,,,無年齡維度,0.0,,新北市板橋區,光復里,,,,,,,,,,,,,,,,,,999.0,961088.0,962.0,669.0,412.0,1138.0,1129.92,117.45,,,
105,,,新北市板橋區,,,,無年齡維度,0.0,,新北市板橋區,香丘里,,,,,,,,,,,,,,,,,,1184.0,1073690.0,907.0,593.0,361.0,1055.0,1974.44,217.73,,,
105,,,新北市板橋區,,,,無年齡維度,0.0,,新北市板橋區,雙玉里,,,,,,,,,,,,,,,,,,1085.0,936998.0,864.0,624.0,364.0,1093.0,791.2,91.62,,,
105,,,新北市板橋區,,,,無年齡維度,0.0,,新北市板橋區,福壽里,,,,,,,,,,,,,,,,,,1092.0,1194005.0,1093.0,653.0,393.0,1190.0,1993.72,182.34,,,
105,,,新北市板橋區,,,,無年齡維度,0.0,,新北市板橋區,玉光里,,,,,,,,,,,,,,,,,,1555.0,1331697.0,856.0,618.0,389.0,1056.0,909.5,106.2,,,
105,,,新北市板橋區,,,,無年齡維度,0.0,,新北市板橋區,港尾里,,,,,,,,,,,,,,,,,,977.0,961028.0,984.0,675.0,400.0,1264.0,1104.7,112.31,,,
105,,,新北市板橋區,,,,無年齡維度,0.0,,新北市板橋區,民權里,,,,,,,,,,,,,,,,,,822.0,716640.0,872.0,612.0,352.0,1042.0,969.59,111.21,,,
105,,,新北市板橋區,,,,無年齡維度,0.0,,新北市板橋區,建國里,,,,,,,,,,,,,,,,,,1030.0,755218.0,733.0,558.0,352.0,898.0,612.81,83.58,,,
105,,,新北市板橋區,,,,無年齡維度,0.0,,新北市板橋區,百壽里,,,,,,,,,,,,,,,,,,641.0,553739.0,864.0,608.0,361.0,1069.0,936.57,108.42,,,
105,,,新北市板橋區,,,,無年齡維度,0.0,,新北市板橋區,忠誠里,,,,,,,,,,,,,,,,,,1337.0,1422570.0,1064.0,665.0,386.0,1300.0,1815.4,170.62,,,
105,,,新北市板橋區,,,,無年齡維度,0.0,,新北市板橋區,幸福里,,,,,,,,,,,,,,,,,,1122.0,826370.0,737.0,562.0,363.0,942.0,589.01,79.97,,,
105,,,新北市板橋區,,,,無年齡維度,0.0,,新北市板橋區,漢生里,,,,,,,,,,,,,,,,,,1455.0,1428859.0,982.0,652.0,381.0,1215.0,1242.09,126.48,,,
105,,,新北市板橋區,,,,無年齡維度,0.0,,新北市板橋區,聯翠里,,,,,,,,,,,,,,,,,,1258.0,1440672.0,1145.0,714.0,422.0,1413.0,1266.22,110.57,,,
105,,,新北市板橋區,,,,無年齡維度,0.0,,新北市板橋區,宏翠里,,,,,,,,,,,,,,,,,,1563.0,1334014.0,853.0,632.0,371.0,1094.0,864.98,101.35,,,
105,,,新北市板橋區,,,,無年齡維度,0.0,,新北市板橋區,華翠里,,,,,,,,,,,,,,,,,,1147.0,1087054.0,948.0,631.0,393.0,1159.0,1056.73,111.5,,,
105,,,新北市板橋區,,,,無年齡維度,0.0,,新北市板橋區,福翠里,,,,,,,,,,,,,,,,,,366.0,253628.0,693.0,544.0,353.0,823.0,590.38,85.19,,,
105,,,新北市板橋區,,,,無年齡維度,0.0,,新北市板橋區,九如里,,,,,,,,,,,,,,,,,,795.0,654818.0,824.0,557.0,358.0,985.0,1086.51,131.91,,,
105,,,新北市板橋區,,,,無年齡維度,0.0,,新北市板橋區,埤墘里,,,,,,,,,,,,,,,,,,1238.0,1221248.0,986.0,671.0,392.0,1175.0,1096.5,111.15,,,
105,,,新北市板橋區,,,,無年齡維度,0.0,,新北市板橋區,廣新里,,,,,,,,,,,,,,,,,,915.0,681754.0,745.0,572.0,371.0,929.0,639.49,85.83,,,
105,,,新北市板橋區,,,,無年齡維度,0.0,,新北市板橋區,福丘里,,,,,,,,,,,,,,,,,,1764.0,3181703.0,1804.0,915.0,441.0,2014.0,4060.39,225.12,,,
105,,,新北市板橋區,,,,無年齡維度,0.0,,新北市板橋區,廣德里,,,,,,,,,,,,,,,,,,2112.0,2119373.0,1003.0,674.0,389.0,1202.0,2254.11,224.63,,,
105,,,新北市板橋區,,,,無年齡維度,0.0,,新北市板橋區,福祿里,,,,,,,,,,,,,,,,,,1212.0,1124261.0,928.0,660.0,404.0,1211.0,801.41,86.4,,,
105,,,新北市板橋區,,,,無年齡維度,0.0,,新北市板橋區,華興里,,,,,,,,,,,,,,,,,,1302.0,1188361.0,913.0,660.0,388.0,1203.0,793.9,86.98,,,
105,,,新北市板橋區,,,,無年齡維度,0.0,,新北市板橋區,聚安里,,,,,,,,,,,,,,,,,,1425.0,1064359.0,747.0,585.0,370.0,928.0,635.16,85.04,,,
105,,,新北市板橋區,,,,無年齡維度,0.0,,新北市板橋區,龍翠里,,,,,,,,,,,,,,,,,,1662.0,1693511.0,1019.0,649.0,374.0,1230.0,1330.56,130.58,,,
105,,,新北市板橋區,,,,無年齡維度,0.0,,新北市板橋區,柏翠里,,,,,,,,,,,,,,,,,,1278.0,1319096.0,1032.0,670.0,390.0,1200.0,1260.08,122.08,,,
105,,,新北市板橋區,,,,無年齡維度,0.0,,新北市板橋區,文翠里,,,,,,,,,,,,,,,,,,1283.0,1107927.0,864.0,614.0,372.0,1006.0,1061.2,122.89,,,
105,,,新北市板橋區,,,,無年齡維度,0.0,,新北市板橋區,青翠里,,,,,,,,,,,,,,,,,,810.0,618216.0,763.0,575.0,379.0,891.0,751.19,98.42,,,
105,,,新北市板橋區,,,,無年齡維度,0.0,,新北市板橋區,香社里,,,,,,,,,,,,,,,,,,1274.0,998953.0,784.0,586.0,377.0,961.0,731.77,93.33,,,
105,,,新北市板橋區,,,,無年齡維度,0.0,,新北市板橋區,大安里,,,,,,,,,,,,,,,,,,1116.0,803126.0,720.0,559.0,360.0,873.0,677.67,94.17,,,
105,,,新北市板橋區,,,,無年齡維度,0.0,,新北市板橋區,東丘里,,,,,,,,,,,,,,,,,,1321.0,1212386.0,918.0,643.0,388.0,1087.0,939.3,102.35,,,
105,,,新北市板橋區,,,,無年齡維度,0.0,,新北市板橋區,華德里,,,,,,,,,,,,,,,,,,2256.0,2151672.0,954.0,689.0,425.0,1198.0,905.98,94.99,,,
105,,,新北市板橋區,,,,無年齡維度,0.0,,新北市板橋區,國泰里,,,,,,,,,,,,,,,,,,1123.0,1097102.0,977.0,679.0,379.0,1286.0,972.02,99.5,,,
105,,,新北市板橋區,,,,無年齡維度,0.0,,新北市板橋區,光華里,,,,,,,,,,,,,,,,,,938.0,838576.0,894.0,630.0,361.0,1111.0,1114.68,124.68,,,
105,,,新北市板橋區,,,,無年齡維度,0.0,,新北市板橋區,自立里,,,,,,,,,,,,,,,,,,804.0,591049.0,735.0,567.0,367.0,965.0,586.48,79.78,,,
105,,,新北市板橋區,,,,無年齡維度,0.0,,新北市板橋區,重慶里,,,,,,,,,,,,,,,,,,2659.0,2226418.0,837.0,623.0,377.0,1066.0,726.61,86.78,,,
105,,,新北市板橋區,,,,無年齡維度,0.0,,新北市板橋區,港德里,,,,,,,,,,,,,,,,,,1366.0,1084441.0,794.0,579.0,361.0,988.0,733.34,92.37,,,
105,,,新北市板橋區,,,,無年齡維度,0.0,,新北市板橋區,忠翠里,,,,,,,,,,,,,,,,,,3484.0,4958544.0,1423.0,875.0,456.0,1787.0,2241.07,157.46,,,
105,,,新北市板橋區,,,,無年齡維度,0.0,,新北市板橋區,明翠里,,,,,,,,,,,,,,,,,,1402.0,1103704.0,787.0,571.0,359.0,982.0,725.97,92.22,,,
105,,,新北市板橋區,,,,無年齡維度,0.0,,新北市板橋區,滿翠里,,,,,,,,,,,,,,,,,,805.0,566929.0,704.0,544.0,350.0,866.0,622.06,88.33,,,
105,,,新北市板橋區,,,,無年齡維度,0.0,,新北市板橋區,新翠里,,,,,,,,,,,,,,,,,,2565.0,2405506.0,938.0,670.0,401.0,1180.0,944.21,100.68,,,
105,,,新北市板橋區,,,,無年齡維度,0.0,,新北市板橋區,溪頭里,,,,,,,,,,,,,,,,,,1770.0,1574975.0,890.0,615.0,390.0,1079.0,995.36,111.86,,,
105,,,新北市板橋區,,,,無年齡維度,0.0,,新北市板橋區,華江里,,,,,,,,,,,,,,,,,,2430.0,2939695.0,1210.0,755.0,411.0,1503.0,1476.42,122.04,,,
105,,,新北市板橋區,,,,無年齡維度,0.0,,新北市板橋區,海山里,,,,,,,,,,,,,,,,,,2345.0,2592653.0,1106.0,686.0,408.0,1331.0,1511.85,136.74,,,
105,,,新北市板橋區,,,,無年齡維度,0.0,,新北市板橋區,大豐里,,,,,,,,,,,,,,,,,,1425.0,1206990.0,847.0,600.0,379.0,1045.0,808.41,95.44,,,
105,,,新北市板橋區,,,,無年齡維度,0.0,,新北市板橋區,吉翠里,,,,,,,,,,,,,,,,,,990.0,699792.0,707.0,536.0,348.0,843.0,658.24,93.12,,,
105,,,新北市板橋區,,,,無年齡維度,0.0,,新北市板橋區,民族里,,,,,,,,,,,,,,,,,,1471.0,1653572.0,1124.0,736.0,410.0,1377.0,1525.69,135.72,,,
105,,,新北市板橋區,,,,無年齡維度,0.0,,新北市板橋區,信義里,,,,,,,,,,,,,,,,,,1254.0,1040340.0,830.0,603.0,357.0,1021.0,876.34,105.63,,,
105,,,新北市板橋區,,,,無年齡維度,0.0,,新北市板橋區,純翠里,,,,,,,,,,,,,,,,,,1682.0,1423680.0,846.0,606.0,375.0,1070.0,839.27,99.16,,,
105,,,新北市板橋區,,,,無年齡維度,0.0,,新北市板橋區,長壽里,,,,,,,,,,,,,,,,,,891.0,708898.0,796.0,607.0,378.0,1004.0,675.14,84.86,,,
105,,,新北市板橋區,,,,無年齡維度,0.0,,新北市板橋區,振義里,,,,,,,,,,,,,,,,,,1134.0,902913.0,796.0,597.0,364.0,1001.0,738.27,92.72,,,
105,,,新北市板橋區,,,,無年齡維度,0.0,,新北市板橋區,西安里,,,,,,,,,,,,,,,,,,790.0,698911.0,885.0,619.0,375.0,1058.0,891.3,100.75,,,
105,,,新北市板橋區,,,,無年齡維度,0.0,,新北市板橋區,光仁里,,,,,,,,,,,,,,,,,,906.0,693708.0,766.0,567.0,329.0,954.0,769.69,100.52,,,
105,,,新北市板橋區,,,,無年齡維度,0.0,,新北市板橋區,介壽里,,,,,,,,,,,,,,,,,,897.0,751542.0,838.0,614.0,393.0,1072.0,714.03,85.22,,,
105,,,新北市板橋區,,,,無年齡維度,0.0,,新北市板橋區,仁翠里,,,,,,,,,,,,,,,,,,774.0,537920.0,695.0,550.0,354.0,851.0,561.76,80.83,,,
105,,,新北市板橋區,,,,無年齡維度,0.0,,新北市板橋區,永安里,,,,,,,,,,,,,,,,,,1027.0,920962.0,897.0,637.0,383.0,1135.0,861.23,96.04,,,
105,,,新北市板橋區,,,,無年齡維度,0.0,,新北市板橋區,懷翠里,,,,,,,,,,,,,,,,,,1729.0,1393747.0,806.0,574.0,377.0,998.0,731.91,90.8,,,
105,,,新北市板橋區,,,,無年齡維度,0.0,,新北市板橋區,長安里,,,,,,,,,,,,,,,,,,1414.0,1389662.0,983.0,689.0,401.0,1252.0,987.69,100.5,,,
105,,,新北市板橋區,,,,無年齡維度,0.0,,新北市板橋區,德翠里,,,,,,,,,,,,,,,,,,2280.0,2050632.0,899.0,660.0,387.0,1188.0,772.93,85.94,,,
105,,,新北市板橋區,,,,無年齡維度,0.0,,新北市板橋區,溪北里,,,,,,,,,,,,,,,,,,1059.0,810687.0,766.0,545.0,352.0,958.0,684.85,89.46,,,
105,,,新北市板橋區,,,,無年齡維度,0.0,,新北市板橋區,華中里,,,,,,,,,,,,,,,,,,1478.0,966077.0,654.0,528.0,346.0,816.0,497.29,76.08,,,
105,,,新北市板橋區,,,,無年齡維度,0.0,,新北市板橋區,僑中里,,,,,,,,,,,,,,,,,,1178.0,818062.0,694.0,543.0,350.0,845.0,617.48,88.92,,,
105,,,新北市板橋區,,,,無年齡維度,0.0,,新北市板橋區,金華里,,,,,,,,,,,,,,,,,,1161.0,834812.0,719.0,547.0,351.0,877.0,682.13,94.87,,,
105,,,新北市板橋區,,,,無年齡維度,0.0,,新北市板橋區,華貴里,,,,,,,,,,,,,,,,,,770.0,590791.0,767.0,593.0,376.0,954.0,608.66,79.33,,,
105,,,新北市板橋區,,,,無年齡維度,0.0,,新北市板橋區,華東里,,,,,,,,,,,,,,,,,,2534.0,3163599.0,1248.0,805.0,446.0,1529.0,1630.28,130.58,,,
105,,,新北市板橋區,,,,無年齡維度,0.0,,新北市板橋區,福安里,,,,,,,,,,,,,,,,,,730.0,493474.0,676.0,531.0,341.0,851.0,554.2,81.98,,,
105,,,新北市板橋區,,,,無年齡維度,0.0,,新北市板橋區,龍安里,,,,,,,,,,,,,,,,,,742.0,480368.0,647.0,521.0,346.0,778.0,514.2,79.43,,,
105,,,新北市板橋區,,,,無年齡維度,0.0,,新北市板橋區,香雅里,,,,,,,,,,,,,,,,,,785.0,591616.0,754.0,590.0,366.0,945.0,632.8,83.96,,,
105,,,新北市板橋區,,,,無年齡維度,0.0,,新北市板橋區,光榮里,,,,,,,,,,,,,,,,,,765.0,624835.0,817.0,593.0,360.0,1020.0,751.38,91.99,,,
105,,,新北市板橋區,,,,無年齡維度,0.0,,新北市板橋區,新生里,,,,,,,,,,,,,,,,,,1339.0,1007445.0,752.0,581.0,381.0,922.0,626.58,83.28,,,
105,,,新北市板橋區,,,,無年齡維度,0.0,,新北市板橋區,民安里,,,,,,,,,,,,,,,,,,666.0,567127.0,852.0,622.0,375.0,1055.0,823.75,96.74,,,
105,,,新北市板橋區,,,,無年齡維度,0.0,,新北市板橋區,後埔里,,,,,,,,,,,,,,,,,,1269.0,1768818.0,1394.0,693.0,390.0,1288.0,8360.81,599.83,,,
105,,,新北市板橋區,,,,無年齡維度,0.0,,新北市板橋區,五權里,,,,,,,,,,,,,,,,,,1158.0,875037.0,756.0,575.0,371.0,935.0,680.03,89.99,,,
105,,,新北市板橋區,,,,無年齡維度,0.0,,新北市板橋區,華福里,,,,,,,,,,,,,,,,,,683.0,569075.0,833.0,578.0,358.0,1045.0,776.52,93.2,,,
105,,,新北市板橋區,,,,無年齡維度,0.0,,新北市板橋區,大觀里,,,,,,,,,,,,,,,,,,1076.0,724299.0,673.0,550.0,360.0,867.0,477.82,70.98,,,
105,,,新北市板橋區,,,,無年齡維度,0.0,,新北市板橋區,歡園里,,,,,,,,,,,,,,,,,,332.0,219469.0,661.0,522.0,351.0,797.0,504.94,76.38,,,
105,,,新北市板橋區,,,,無年齡維度,0.0,,新北市板橋區,成和里,,,,,,,,,,,,,,,,,,1904.0,1631392.0,857.0,661.0,392.0,1130.0,685.66,80.02,,,
105,,,新北市板橋區,,,,無年齡維度,0.0,,新北市板橋區,溪福里,,,,,,,,,,,,,,,,,,4176.0,3667182.0,878.0,648.0,393.0,1128.0,868.55,98.91,,,
105,,,新北市板橋區,,,,無年齡維度,0.0,,新北市板橋區,堂春里,,,,,,,,,,,,,,,,,,1262.0,943686.0,748.0,573.0,368.0,923.0,641.06,85.73,,,
105,,,新北市板橋區,,,,無年齡維度,0.0,,新北市板橋區,文德里,,,,,,,,,,,,,,,,,,981.0,899093.0,917.0,632.0,382.0,1162.0,858.43,93.66,,,
105,,,新北市板橋區,,,,無年齡維度,0.0,,新北市板橋區,陽明里,,,,,,,,,,,,,,,,,,871.0,792908.0,910.0,602.0,367.0,990.0,1199.41,131.75,,,
105,,,新北市板橋區,,,,無年齡維度,0.0,,新北市板橋區,文化里,,,,,,,,,,,,,,,,,,1075.0,1141606.0,1062.0,646.0,385.0,1190.0,1362.87,128.34,,,
105,,,新北市板橋區,,,,無年齡維度,0.0,,新北市板橋區,朝陽里,,,,,,,,,,,,,,,,,,938.0,700904.0,747.0,574.0,364.0,894.0,624.94,83.63,,,
105,,,新北市板橋區,,,,無年齡維度,0.0,,新北市板橋區,新海里,,,,,,,,,,,,,,,,,,1011.0,679127.0,672.0,533.0,336.0,847.0,556.88,82.9,,,
105,,,新北市板橋區,,,,無年齡維度,0.0,,新北市板橋區,松柏里,,,,,,,,,,,,,,,,,,690.0,610282.0,884.0,615.0,374.0,1119.0,838.42,94.79,,,
105,,,新北市板橋區,,,,無年齡維度,0.0,,新北市板橋區,莒光里,,,,,,,,,,,,,,,,,,900.0,880850.0,979.0,668.0,375.0,1223.0,993.87,101.55,,,
105,,,新北市板橋區,,,,無年齡維度,0.0,,新北市板橋區,文聖里,,,,,,,,,,,,,,,,,,1202.0,1049967.0,874.0,616.0,381.0,1069.0,947.09,108.42,,,
105,,,新北市板橋區,,,,無年齡維度,0.0,,新北市板橋區,富貴里,,,,,,,,,,,,,,,,,,775.0,854742.0,1103.0,684.0,393.0,1242.0,1534.16,139.1,,,
105,,,新北市板橋區,,,,無年齡維度,0.0,,新北市板橋區,居仁里,,,,,,,,,,,,,,,,,,1044.0,892377.0,855.0,589.0,384.0,1049.0,819.41,95.86,,,
105,,,新北市板橋區,,,,無年齡維度,0.0,,新北市板橋區,正泰里,,,,,,,,,,,,,,,,,,970.0,799701.0,824.0,591.0,375.0,1029.0,747.63,90.68,,,
105,,,新北市板橋區,,,,無年齡維度,0.0,,新北市板橋區,莊敬里,,,,,,,,,,,,,,,,,,1347.0,1549806.0,1151.0,785.0,451.0,1512.0,1266.06,110.04,,,
105,,,新北市板橋區,,,,無年齡維度,0.0,,新北市板橋區,民生里,,,,,,,,,,,,,,,,,,716.0,671834.0,938.0,675.0,398.0,1060.0,942.93,100.49,,,
105,,,新北市板橋區,,,,無年齡維度,0.0,,新北市板橋區,東安里,,,,,,,,,,,,,,,,,,693.0,567754.0,819.0,596.0,378.0,1034.0,701.41,85.61,,,
105,,,新北市板橋區,,,,無年齡維度,0.0,,新北市板橋區,其他,,,,,,,,,,,,,,,,,,15.0,9203.0,614.0,439.0,392.0,794.0,426.3,69.48,,,
105,,,新北市板橋區,,,,無年齡維度,0.0,,新北市板橋區,合計,,,,,,,,,,,,,,,,,,158936.0,146972044.0,925.0,629.0,379.0,1112.0,1436.11,155.3,,,
105,,,新北市三峽區,,,,無年齡維度,0.0,,新北市三峽區,三峽里,,,,,,,,,,,,,,,,,,74.0,52947.0,715.0,542.0,301.0,883.0,639.97,89.44,,,
105,,,新北市三峽區,,,,無年齡維度,0.0,,新北市三峽區,秀川里,,,,,,,,,,,,,,,,,,170.0,116565.0,686.0,568.0,338.0,940.0,521.11,76.0,,,
105,,,新北市三峽區,,,,無年齡維度,0.0,,新北市三峽區,八張里,,,,,,,,,,,,,,,,,,1087.0,784666.0,722.0,562.0,350.0,911.0,614.62,85.14,,,
105,,,新北市三峽區,,,,無年齡維度,0.0,,新北市三峽區,中埔里,,,,,,,,,,,,,,,,,,830.0,621902.0,749.0,579.0,362.0,956.0,796.79,106.34,,,
105,,,新北市三峽區,,,,無年齡維度,0.0,,新北市三峽區,礁溪里,,,,,,,,,,,,,,,,,,1572.0,1157980.0,737.0,553.0,352.0,924.0,673.97,91.49,,,
105,,,新北市三峽區,,,,無年齡維度,0.0,,新北市三峽區,永館里,,,,,,,,,,,,,,,,,,2073.0,1746027.0,842.0,583.0,354.0,1008.0,1019.68,121.06,,,
105,,,新北市三峽區,,,,無年齡維度,0.0,,新北市三峽區,鳶山里,,,,,,,,,,,,,,,,,,2736.0,2175564.0,795.0,578.0,359.0,988.0,769.52,96.77,,,
105,,,新北市三峽區,,,,無年齡維度,0.0,,新北市三峽區,龍埔里,,,,,,,,,,,,,,,,,,2659.0,2140045.0,805.0,607.0,354.0,1019.0,720.73,89.55,,,
105,,,新北市三峽區,,,,無年齡維度,0.0,,新北市三峽區,弘道里,,,,,,,,,,,,,,,,,,280.0,186098.0,665.0,510.0,346.0,826.0,569.38,85.67,,,
105,,,新北市三峽區,,,,無年齡維度,0.0,,新北市三峽區,大埔里,,,,,,,,,,,,,,,,,,1068.0,809837.0,758.0,584.0,359.0,988.0,641.71,84.63,,,
105,,,新北市三峽區,,,,無年齡維度,0.0,,新北市三峽區,嘉添里,,,,,,,,,,,,,,,,,,556.0,407121.0,732.0,545.0,328.0,854.0,941.4,128.57,,,
105,,,新北市三峽區,,,,無年齡維度,0.0,,新北市三峽區,添福里,,,,,,,,,,,,,,,,,,297.0,198442.0,668.0,508.0,338.0,824.0,588.1,88.02,,,
105,,,新北市三峽區,,,,無年齡維度,0.0,,新北市三峽區,溪南里,,,,,,,,,,,,,,,,,,348.0,250102.0,719.0,516.0,322.0,809.0,748.61,104.16,,,
105,,,新北市三峽區,,,,無年齡維度,0.0,,新北市三峽區,溪北里,,,,,,,,,,,,,,,,,,586.0,404188.0,690.0,513.0,331.0,793.0,967.62,140.29,,,
105,,,新北市三峽區,,,,無年齡維度,0.0,,新北市三峽區,溪東里,,,,,,,,,,,,,,,,,,833.0,551351.0,662.0,508.0,339.0,796.0,731.78,110.56,,,
105,,,新北市三峽區,,,,無年齡維度,0.0,,新北市三峽區,成福里,,,,,,,,,,,,,,,,,,219.0,144924.0,662.0,521.0,336.0,823.0,586.6,88.64,,,
105,,,新北市三峽區,,,,無年齡維度,0.0,,新北市三峽區,安坑里,,,,,,,,,,,,,,,,,,289.0,183826.0,636.0,503.0,321.0,761.0,490.27,77.08,,,
105,,,新北市三峽區,,,,無年齡維度,0.0,,新北市三峽區,竹崙里,,,,,,,,,,,,,,,,,,415.0,347566.0,838.0,486.0,320.0,718.0,3691.26,440.74,,,
105,,,新北市三峽區,,,,無年齡維度,0.0,,新北市三峽區,金圳里,,,,,,,,,,,,,,,,,,96.0,62371.0,650.0,522.0,324.0,787.0,565.98,87.11,,,
105,,,新北市三峽區,,,,無年齡維度,0.0,,新北市三峽區,五寮里,,,,,,,,,,,,,,,,,,159.0,97504.0,613.0,476.0,295.0,733.0,595.69,97.14,,,
105,,,新北市三峽區,,,,無年齡維度,0.0,,新北市三峽區,插角里,,,,,,,,,,,,,,,,,,136.0,102121.0,751.0,622.0,362.0,1004.0,605.26,80.61,,,
105,,,新北市三峽區,,,,無年齡維度,0.0,,新北市三峽區,有木里,,,,,,,,,,,,,,,,,,99.0,97409.0,984.0,510.0,283.0,884.0,2202.87,223.89,,,
105,,,新北市三峽區,,,,無年齡維度,0.0,,新北市三峽區,安溪里,,,,,,,,,,,,,,,,,,2055.0,1609123.0,783.0,571.0,348.0,976.0,1505.2,192.23,,,
105,,,新北市三峽區,,,,無年齡維度,0.0,,新北市三峽區,中正里,,,,,,,,,,,,,,,,,,1292.0,900743.0,697.0,530.0,345.0,861.0,580.58,83.28,,,
105,,,新北市三峽區,,,,無年齡維度,0.0,,新北市三峽區,介壽里,,,,,,,,,,,,,,,,,,1630.0,1061526.0,651.0,517.0,341.0,814.0,505.55,77.63,,,
105,,,新北市三峽區,,,,無年齡維度,0.0,,新北市三峽區,二鬮里,,,,,,,,,,,,,,,,,,935.0,652580.0,698.0,527.0,334.0,851.0,677.35,97.05,,,
105,,,新北市三峽區,,,,無年齡維度,0.0,,新北市三峽區,龍恩里,,,,,,,,,,,,,,,,,,1819.0,2064686.0,1135.0,815.0,424.0,1551.0,1082.39,95.36,,,
105,,,新北市三峽區,,,,無年齡維度,0.0,,新北市三峽區,龍學里,,,,,,,,,,,,,,,,,,4722.0,5696916.0,1206.0,883.0,457.0,1581.0,1330.94,110.32,,,
105,,,新北市三峽區,,,,無年齡維度,0.0,,新北市三峽區,其他,,,,,,,,,,,,,,,,,,2.0,660.0,330.0,330.0,257.0,404.0,208.24,63.06,,,
105,,,新北市三峽區,,,,無年齡維度,0.0,,新北市三峽區,合計,,,,,,,,,,,,,,,,,,29037.0,24624789.0,848.0,597.0,360.0,1040.0,1067.35,125.86,,,
105,,,新北市鶯歌區,,,,無年齡維度,0.0,,新北市鶯歌區,東鶯里,,,,,,,,,,,,,,,,,,288.0,229739.0,798.0,616.0,401.0,1010.0,660.48,82.8,,,
105,,,新北市鶯歌區,,,,無年齡維度,0.0,,新北市鶯歌區,西鶯里,,,,,,,,,,,,,,,,,,691.0,538217.0,779.0,599.0,365.0,963.0,701.82,90.1,,,
105,,,新北市鶯歌區,,,,無年齡維度,0.0,,新北市鶯歌區,南鶯里,,,,,,,,,,,,,,,,,,1632.0,1366722.0,837.0,602.0,373.0,1054.0,830.1,99.12,,,
105,,,新北市鶯歌區,,,,無年齡維度,0.0,,新北市鶯歌區,北鶯里,,,,,,,,,,,,,,,,,,1240.0,1237180.0,998.0,677.0,405.0,1283.0,1108.1,111.06,,,
105,,,新北市鶯歌區,,,,無年齡維度,0.0,,新北市鶯歌區,中鶯里,,,,,,,,,,,,,,,,,,299.0,227754.0,762.0,547.0,311.0,951.0,738.33,96.93,,,
105,,,新北市鶯歌區,,,,無年齡維度,0.0,,新北市鶯歌區,建德里,,,,,,,,,,,,,,,,,,126.0,84540.0,671.0,563.0,351.0,866.0,456.16,67.99,,,
105,,,新北市鶯歌區,,,,無年齡維度,0.0,,新北市鶯歌區,同慶里,,,,,,,,,,,,,,,,,,513.0,396772.0,773.0,542.0,347.0,888.0,860.19,111.22,,,
105,,,新北市鶯歌區,,,,無年齡維度,0.0,,新北市鶯歌區,南靖里,,,,,,,,,,,,,,,,,,1004.0,715265.0,712.0,552.0,333.0,879.0,680.42,95.51,,,
105,,,新北市鶯歌區,,,,無年齡維度,0.0,,新北市鶯歌區,尖山里,,,,,,,,,,,,,,,,,,2059.0,1527465.0,742.0,568.0,366.0,909.0,700.36,94.41,,,
105,,,新北市鶯歌區,,,,無年齡維度,0.0,,新北市鶯歌區,二橋里,,,,,,,,,,,,,,,,,,2150.0,1583798.0,737.0,568.0,364.0,911.0,625.99,84.98,,,
105,,,新北市鶯歌區,,,,無年齡維度,0.0,,新北市鶯歌區,二甲里,,,,,,,,,,,,,,,,,,224.0,150131.0,670.0,515.0,344.0,843.0,535.17,79.85,,,
105,,,新北市鶯歌區,,,,無年齡維度,0.0,,新北市鶯歌區,東湖里,,,,,,,,,,,,,,,,,,72.0,52356.0,727.0,500.0,357.0,836.0,754.34,103.74,,,
105,,,新北市鶯歌區,,,,無年齡維度,0.0,,新北市鶯歌區,中湖里,,,,,,,,,,,,,,,,,,1588.0,1027445.0,647.0,520.0,346.0,795.0,528.64,81.71,,,
105,,,新北市鶯歌區,,,,無年齡維度,0.0,,新北市鶯歌區,鳳鳴里,,,,,,,,,,,,,,,,,,1362.0,905744.0,665.0,513.0,345.0,819.0,570.1,85.73,,,
105,,,新北市鶯歌區,,,,無年齡維度,0.0,,新北市鶯歌區,永昌里,,,,,,,,,,,,,,,,,,2455.0,1835911.0,748.0,571.0,366.0,921.0,685.89,91.72,,,
105,,,新北市鶯歌區,,,,無年齡維度,0.0,,新北市鶯歌區,永吉里,,,,,,,,,,,,,,,,,,1468.0,975998.0,665.0,518.0,354.0,817.0,518.45,77.98,,,
105,,,新北市鶯歌區,,,,無年齡維度,0.0,,新北市鶯歌區,鳳福里,,,,,,,,,,,,,,,,,,1127.0,739739.0,656.0,541.0,359.0,808.0,579.26,88.25,,,
105,,,新北市鶯歌區,,,,無年齡維度,0.0,,新北市鶯歌區,大湖里,,,,,,,,,,,,,,,,,,1530.0,1108379.0,724.0,545.0,354.0,856.0,743.39,102.62,,,
105,,,新北市鶯歌區,,,,無年齡維度,0.0,,新北市鶯歌區,建國里,,,,,,,,,,,,,,,,,,1887.0,1424819.0,755.0,568.0,353.0,908.0,1006.51,133.3,,,
105,,,新北市鶯歌區,,,,無年齡維度,0.0,,新北市鶯歌區,鳳祥里,,,,,,,,,,,,,,,,,,1339.0,950297.0,710.0,533.0,361.0,835.0,641.16,90.34,,,
105,,,新北市鶯歌區,,,,無年齡維度,0.0,,新北市鶯歌區,其他,,,,,,,,,,,,,,,,,,0.0,0.0,0.0,0.0,0.0,0.0,0.0,0.0,,,
105,,,新北市鶯歌區,,,,無年齡維度,0.0,,新北市鶯歌區,合計,,,,,,,,,,,,,,,,,,23054.0,17078270.0,741.0,556.0,360.0,904.0,732.19,98.84,,,
105,,,新北市樹林區,,,,無年齡維度,0.0,,新北市樹林區,樹東里,,,,,,,,,,,,,,,,,,359.0,287949.0,802.0,578.0,320.0,954.0,847.76,105.69,,,
105,,,新北市樹林區,,,,無年齡維度,0.0,,新北市樹林區,彭厝里,,,,,,,,,,,,,,,,,,1527.0,1055182.0,691.0,529.0,341.0,849.0,584.49,84.58,,,
105,,,新北市樹林區,,,,無年齡維度,0.0,,新北市樹林區,樹西里,,,,,,,,,,,,,,,,,,1670.0,1519527.0,910.0,612.0,359.0,1121.0,1057.84,116.26,,,
105,,,新北市樹林區,,,,無年齡維度,0.0,,新北市樹林區,坡內里,,,,,,,,,,,,,,,,,,469.0,306199.0,653.0,456.0,305.0,756.0,617.66,94.61,,,
105,,,新北市樹林區,,,,無年齡維度,0.0,,新北市樹林區,樹北里,,,,,,,,,,,,,,,,,,282.0,240702.0,854.0,636.0,368.0,1052.0,862.29,101.02,,,
105,,,新北市樹林區,,,,無年齡維度,0.0,,新北市樹林區,潭底里,,,,,,,,,,,,,,,,,,1237.0,948877.0,767.0,562.0,363.0,934.0,778.52,101.49,,,
105,,,新北市樹林區,,,,無年齡維度,0.0,,新北市樹林區,󿾵寮里,,,,,,,,,,,,,,,,,,1412.0,999772.0,708.0,543.0,345.0,881.0,678.8,95.87,,,
105,,,新北市樹林區,,,,無年齡維度,0.0,,新北市樹林區,三多里,,,,,,,,,,,,,,,,,,1269.0,841809.0,663.0,523.0,335.0,817.0,615.35,92.76,,,
105,,,新北市樹林區,,,,無年齡維度,0.0,,新北市樹林區,東山里,,,,,,,,,,,,,,,,,,1025.0,699538.0,682.0,514.0,321.0,794.0,935.08,137.01,,,
105,,,新北市樹林區,,,,無年齡維度,0.0,,新北市樹林區,西山里,,,,,,,,,,,,,,,,,,1.0,880.0,880.0,880.0,880.0,880.0,0.0,0.0,,,
105,,,新北市樹林區,,,,無年齡維度,0.0,,新北市樹林區,樂山里,,,,,,,,,,,,,,,,,,431.0,325082.0,754.0,535.0,345.0,868.0,722.49,95.79,,,
105,,,新北市樹林區,,,,無年齡維度,0.0,,新北市樹林區,東園里,,,,,,,,,,,,,,,,,,450.0,337461.0,750.0,557.0,336.0,958.0,771.06,102.82,,,
105,,,新北市樹林區,,,,無年齡維度,0.0,,新北市樹林區,西園里,,,,,,,,,,,,,,,,,,494.0,331408.0,671.0,517.0,351.0,808.0,531.86,79.28,,,
105,,,新北市樹林區,,,,無年齡維度,0.0,,新北市樹林區,南園里,,,,,,,,,,,,,,,,,,4623.0,5462659.0,1182.0,848.0,452.0,1528.0,1260.48,106.67,,,
105,,,新北市樹林區,,,,無年齡維度,0.0,,新北市樹林區,北園里,,,,,,,,,,,,,,,,,,611.0,426949.0,699.0,533.0,325.0,876.0,662.19,94.77,,,
105,,,新北市樹林區,,,,無年齡維度,0.0,,新北市樹林區,柑園里,,,,,,,,,,,,,,,,,,3002.0,3905732.0,1301.0,840.0,447.0,1610.0,2368.3,182.03,,,
105,,,新北市樹林區,,,,無年齡維度,0.0,,新北市樹林區,樹南里,,,,,,,,,,,,,,,,,,1306.0,1073771.0,822.0,596.0,368.0,1012.0,816.55,99.31,,,
105,,,新北市樹林區,,,,無年齡維度,0.0,,新北市樹林區,樹德里,,,,,,,,,,,,,,,,,,1150.0,898243.0,781.0,565.0,343.0,971.0,779.65,99.82,,,
105,,,新北市樹林區,,,,無年齡維度,0.0,,新北市樹林區,樹人里,,,,,,,,,,,,,,,,,,1055.0,853193.0,809.0,581.0,351.0,990.0,758.63,93.81,,,
105,,,新北市樹林區,,,,無年齡維度,0.0,,新北市樹林區,保安里,,,,,,,,,,,,,,,,,,1901.0,1546164.0,813.0,595.0,369.0,995.0,747.9,91.95,,,
105,,,新北市樹林區,,,,無年齡維度,0.0,,新北市樹林區,三福里,,,,,,,,,,,,,,,,,,1113.0,747068.0,671.0,526.0,337.0,846.0,562.76,83.84,,,
105,,,新北市樹林區,,,,無年齡維度,0.0,,新北市樹林區,三興里,,,,,,,,,,,,,,,,,,1162.0,743540.0,640.0,508.0,340.0,780.0,584.8,91.39,,,
105,,,新北市樹林區,,,,無年齡維度,0.0,,新北市樹林區,大同里,,,,,,,,,,,,,,,,,,1066.0,850371.0,798.0,606.0,362.0,1043.0,661.34,82.9,,,
105,,,新北市樹林區,,,,無年齡維度,0.0,,新北市樹林區,彭福里,,,,,,,,,,,,,,,,,,1513.0,1175089.0,777.0,591.0,361.0,977.0,673.93,86.77,,,
105,,,新北市樹林區,,,,無年齡維度,0.0,,新北市樹林區,東陽里,,,,,,,,,,,,,,,,,,1776.0,1262838.0,711.0,564.0,343.0,911.0,553.38,77.83,,,
105,,,新北市樹林區,,,,無年齡維度,0.0,,新北市樹林區,東昇里,,,,,,,,,,,,,,,,,,1513.0,1192637.0,788.0,589.0,361.0,945.0,786.55,99.78,,,
105,,,新北市樹林區,,,,無年齡維度,0.0,,新北市樹林區,和平里,,,,,,,,,,,,,,,,,,1140.0,787614.0,691.0,538.0,345.0,858.0,627.92,90.89,,,
105,,,新北市樹林區,,,,無年齡維度,0.0,,新北市樹林區,圳福里,,,,,,,,,,,,,,,,,,1279.0,1065832.0,833.0,551.0,359.0,857.0,3353.79,402.46,,,
105,,,新北市樹林區,,,,無年齡維度,0.0,,新北市樹林區,圳安里,,,,,,,,,,,,,,,,,,1174.0,819627.0,698.0,543.0,343.0,881.0,581.56,83.3,,,
105,,,新北市樹林區,,,,無年齡維度,0.0,,新北市樹林區,樹興里,,,,,,,,,,,,,,,,,,1123.0,878497.0,782.0,573.0,363.0,964.0,689.08,88.09,,,
105,,,新北市樹林區,,,,無年齡維度,0.0,,新北市樹林區,彭興里,,,,,,,,,,,,,,,,,,1627.0,1065982.0,655.0,516.0,335.0,819.0,533.77,81.47,,,
105,,,新北市樹林區,,,,無年齡維度,0.0,,新北市樹林區,文林里,,,,,,,,,,,,,,,,,,1530.0,1224334.0,800.0,594.0,365.0,989.0,757.8,94.7,,,
105,,,新北市樹林區,,,,無年齡維度,0.0,,新北市樹林區,光興里,,,,,,,,,,,,,,,,,,1133.0,739326.0,653.0,532.0,336.0,823.0,561.22,86.01,,,
105,,,新北市樹林區,,,,無年齡維度,0.0,,新北市樹林區,金寮里,,,,,,,,,,,,,,,,,,1242.0,892379.0,719.0,542.0,352.0,896.0,610.2,84.93,,,
105,,,新北市樹林區,,,,無年齡維度,0.0,,新北市樹林區,中山里,,,,,,,,,,,,,,,,,,1493.0,1157546.0,775.0,578.0,373.0,968.0,667.3,86.07,,,
105,,,新北市樹林區,,,,無年齡維度,0.0,,新北市樹林區,山佳里,,,,,,,,,,,,,,,,,,1689.0,1230059.0,728.0,580.0,362.0,897.0,593.68,81.52,,,
105,,,新北市樹林區,,,,無年齡維度,0.0,,新北市樹林區,育英里,,,,,,,,,,,,,,,,,,943.0,824198.0,874.0,617.0,388.0,1087.0,813.48,93.07,,,
105,,,新北市樹林區,,,,無年齡維度,0.0,,新北市樹林區,樹福里,,,,,,,,,,,,,,,,,,1221.0,1352098.0,1107.0,720.0,401.0,1376.0,1286.87,116.21,,,
105,,,新北市樹林區,,,,無年齡維度,0.0,,新北市樹林區,中華里,,,,,,,,,,,,,,,,,,1025.0,739904.0,722.0,564.0,359.0,919.0,552.51,76.54,,,
105,,,新北市樹林區,,,,無年齡維度,0.0,,新北市樹林區,太順里,,,,,,,,,,,,,,,,,,790.0,518482.0,656.0,519.0,332.0,798.0,580.38,88.43,,,
105,,,新北市樹林區,,,,無年齡維度,0.0,,新北市樹林區,圳民里,,,,,,,,,,,,,,,,,,858.0,617162.0,719.0,540.0,361.0,931.0,599.46,83.34,,,
105,,,新北市樹林區,,,,無年齡維度,0.0,,新北市樹林區,圳生里,,,,,,,,,,,,,,,,,,616.0,403928.0,656.0,520.0,330.0,807.0,598.36,91.25,,,
105,,,新北市樹林區,,,,無年齡維度,0.0,,新北市樹林區,三龍里,,,,,,,,,,,,,,,,,,701.0,487787.0,696.0,536.0,325.0,878.0,591.33,84.98,,,
105,,,新北市樹林區,,,,無年齡維度,0.0,,新北市樹林區,其他,,,,,,,,,,,,,,,,,,11.0,88204.0,8019.0,495.0,313.0,602.0,25163.05,313.81,,,
105,,,新北市樹林區,,,,無年齡維度,0.0,,新北市樹林區,合計,,,,,,,,,,,,,,,,,,52012.0,42925599.0,825.0,586.0,360.0,997.0,1155.32,139.99,,,
105,,,新北市中和區,,,,無年齡維度,0.0,,新北市中和區,中原里,,,,,,,,,,,,,,,,,,1843.0,1894370.0,1028.0,686.0,391.0,1241.0,1224.04,119.08,,,
105,,,新北市中和區,,,,無年齡維度,0.0,,新北市中和區,平河里,,,,,,,,,,,,,,,,,,2991.0,2771863.0,927.0,655.0,391.0,1198.0,1058.12,114.18,,,
105,,,新北市中和區,,,,無年齡維度,0.0,,新北市中和區,力行里,,,,,,,,,,,,,,,,,,2026.0,2031570.0,1003.0,703.0,406.0,1286.0,985.44,98.27,,,
105,,,新北市中和區,,,,無年齡維度,0.0,,新北市中和區,枋寮里,,,,,,,,,,,,,,,,,,1159.0,1066714.0,920.0,631.0,375.0,1076.0,1117.86,121.46,,,
105,,,新北市中和區,,,,無年齡維度,0.0,,新北市中和區,廟美里,,,,,,,,,,,,,,,,,,1379.0,1092731.0,792.0,586.0,358.0,972.0,863.9,109.02,,,
105,,,新北市中和區,,,,無年齡維度,0.0,,新北市中和區,瓦󼍕里,,,,,,,,,,,,,,,,,,1690.0,1492917.0,883.0,631.0,380.0,1118.0,796.17,90.13,,,
105,,,新北市中和區,,,,無年齡維度,0.0,,新北市中和區,積穗里,,,,,,,,,,,,,,,,,,2671.0,2553911.0,956.0,669.0,398.0,1168.0,1081.18,113.07,,,
105,,,新北市中和區,,,,無年齡維度,0.0,,新北市中和區,瑞穗里,,,,,,,,,,,,,,,,,,750.0,614163.0,819.0,630.0,382.0,1050.0,674.2,82.33,,,
105,,,新北市中和區,,,,無年齡維度,0.0,,新北市中和區,灰󼍕里,,,,,,,,,,,,,,,,,,186.0,144769.0,778.0,559.0,348.0,965.0,707.79,90.94,,,
105,,,新北市中和區,,,,無年齡維度,0.0,,新北市中和區,錦和里,,,,,,,,,,,,,,,,,,1675.0,1570246.0,937.0,664.0,400.0,1167.0,1038.77,110.81,,,
105,,,新北市中和區,,,,無年齡維度,0.0,,新北市中和區,內南里,,,,,,,,,,,,,,,,,,1500.0,1157807.0,772.0,572.0,348.0,926.0,856.11,110.91,,,
105,,,新北市中和區,,,,無年齡維度,0.0,,新北市中和區,外南里,,,,,,,,,,,,,,,,,,1409.0,1152469.0,818.0,585.0,370.0,1016.0,868.2,106.15,,,
105,,,新北市中和區,,,,無年齡維度,0.0,,新北市中和區,頂南里,,,,,,,,,,,,,,,,,,972.0,819674.0,843.0,627.0,382.0,1026.0,778.1,92.27,,,
105,,,新北市中和區,,,,無年齡維度,0.0,,新北市中和區,橫路里,,,,,,,,,,,,,,,,,,97.0,61299.0,632.0,481.0,281.0,818.0,535.63,84.76,,,
105,,,新北市中和區,,,,無年齡維度,0.0,,新北市中和區,連和里,,,,,,,,,,,,,,,,,,886.0,858012.0,968.0,734.0,401.0,1278.0,906.84,93.64,,,
105,,,新北市中和區,,,,無年齡維度,0.0,,新北市中和區,漳和里,,,,,,,,,,,,,,,,,,1176.0,1198259.0,1019.0,658.0,389.0,1208.0,1345.9,132.09,,,
105,,,新北市中和區,,,,無年齡維度,0.0,,新北市中和區,秀山里,,,,,,,,,,,,,,,,,,1416.0,1162814.0,821.0,598.0,369.0,1028.0,751.85,91.56,,,
105,,,新北市中和區,,,,無年齡維度,0.0,,新北市中和區,員山里,,,,,,,,,,,,,,,,,,2067.0,1962093.0,949.0,651.0,387.0,1139.0,2317.2,244.11,,,
105,,,新北市中和區,,,,無年齡維度,0.0,,新北市中和區,安樂里,,,,,,,,,,,,,,,,,,1253.0,1391375.0,1110.0,721.0,399.0,1442.0,1124.84,101.3,,,
105,,,新北市中和區,,,,無年齡維度,0.0,,新北市中和區,壽德里,,,,,,,,,,,,,,,,,,1330.0,1204465.0,906.0,692.0,406.0,1202.0,792.99,87.56,,,
105,,,新北市中和區,,,,無年齡維度,0.0,,新北市中和區,新南里,,,,,,,,,,,,,,,,,,2839.0,3065286.0,1080.0,763.0,418.0,1413.0,1041.86,96.5,,,
105,,,新北市中和區,,,,無年齡維度,0.0,,新北市中和區,崇南里,,,,,,,,,,,,,,,,,,1347.0,1203606.0,894.0,656.0,389.0,1146.0,860.63,96.32,,,
105,,,新北市中和區,,,,無年齡維度,0.0,,新北市中和區,東南里,,,,,,,,,,,,,,,,,,1296.0,1044862.0,806.0,590.0,350.0,997.0,763.19,94.66,,,
105,,,新北市中和區,,,,無年齡維度,0.0,,新北市中和區,秀明里,,,,,,,,,,,,,,,,,,1627.0,1594563.0,980.0,674.0,380.0,1195.0,1505.28,153.59,,,
105,,,新北市中和區,,,,無年齡維度,0.0,,新北市中和區,安平里,,,,,,,,,,,,,,,,,,2147.0,2534903.0,1181.0,787.0,410.0,1554.0,1373.75,116.35,,,
105,,,新北市中和區,,,,無年齡維度,0.0,,新北市中和區,景平里,,,,,,,,,,,,,,,,,,1867.0,1781875.0,954.0,659.0,387.0,1190.0,952.82,99.83,,,
105,,,新北市中和區,,,,無年齡維度,0.0,,新北市中和區,嘉穗里,,,,,,,,,,,,,,,,,,898.0,668039.0,744.0,571.0,373.0,914.0,664.26,89.29,,,
105,,,新北市中和區,,,,無年齡維度,0.0,,新北市中和區,景安里,,,,,,,,,,,,,,,,,,1588.0,1422606.0,896.0,642.0,371.0,1135.0,924.79,103.23,,,
105,,,新北市中和區,,,,無年齡維度,0.0,,新北市中和區,連城里,,,,,,,,,,,,,,,,,,2038.0,1858947.0,912.0,649.0,395.0,1155.0,856.6,93.91,,,
105,,,新北市中和區,,,,無年齡維度,0.0,,新北市中和區,福美里,,,,,,,,,,,,,,,,,,1302.0,993691.0,763.0,573.0,362.0,954.0,659.78,86.45,,,
105,,,新北市中和區,,,,無年齡維度,0.0,,新北市中和區,安和里,,,,,,,,,,,,,,,,,,1065.0,1188051.0,1116.0,714.0,390.0,1342.0,2124.09,190.41,,,
105,,,新北市中和區,,,,無年齡維度,0.0,,新北市中和區,中安里,,,,,,,,,,,,,,,,,,1644.0,1830045.0,1113.0,739.0,411.0,1378.0,1302.41,117.0,,,
105,,,新北市中和區,,,,無年齡維度,0.0,,新北市中和區,泰安里,,,,,,,,,,,,,,,,,,1076.0,953949.0,887.0,598.0,375.0,1047.0,996.16,112.36,,,
105,,,新北市中和區,,,,無年齡維度,0.0,,新北市中和區,華南里,,,,,,,,,,,,,,,,,,1605.0,1550701.0,966.0,662.0,405.0,1181.0,987.94,102.25,,,
105,,,新北市中和區,,,,無年齡維度,0.0,,新北市中和區,秀峰里,,,,,,,,,,,,,,,,,,1405.0,1210873.0,862.0,606.0,378.0,1077.0,1009.39,117.12,,,
105,,,新北市中和區,,,,無年齡維度,0.0,,新北市中和區,秀水里,,,,,,,,,,,,,,,,,,1093.0,816329.0,747.0,565.0,369.0,931.0,666.57,89.25,,,
105,,,新北市中和區,,,,無年齡維度,0.0,,新北市中和區,景南里,,,,,,,,,,,,,,,,,,941.0,779868.0,829.0,582.0,378.0,981.0,808.71,97.58,,,
105,,,新北市中和區,,,,無年齡維度,0.0,,新北市中和區,復興里,,,,,,,,,,,,,,,,,,1520.0,1261767.0,830.0,608.0,368.0,1063.0,797.37,96.06,,,
105,,,新北市中和區,,,,無年齡維度,0.0,,新北市中和區,和興里,,,,,,,,,,,,,,,,,,1419.0,1397375.0,985.0,668.0,394.0,1202.0,1148.56,116.63,,,
105,,,新北市中和區,,,,無年齡維度,0.0,,新北市中和區,南山里,,,,,,,,,,,,,,,,,,1798.0,1956850.0,1088.0,739.0,397.0,1343.0,1314.35,120.77,,,
105,,,新北市中和區,,,,無年齡維度,0.0,,新北市中和區,景新里,,,,,,,,,,,,,,,,,,1059.0,877256.0,828.0,608.0,390.0,1026.0,748.85,90.4,,,
105,,,新北市中和區,,,,無年齡維度,0.0,,新北市中和區,景福里,,,,,,,,,,,,,,,,,,1825.0,1731475.0,949.0,635.0,377.0,1108.0,1137.68,119.91,,,
105,,,新北市中和區,,,,無年齡維度,0.0,,新北市中和區,清穗里,,,,,,,,,,,,,,,,,,933.0,746816.0,800.0,605.0,370.0,992.0,810.36,101.24,,,
105,,,新北市中和區,,,,無年齡維度,0.0,,新北市中和區,佳和里,,,,,,,,,,,,,,,,,,1454.0,1285922.0,884.0,637.0,381.0,1107.0,879.12,99.4,,,
105,,,新北市中和區,,,,無年齡維度,0.0,,新北市中和區,德穗里,,,,,,,,,,,,,,,,,,1370.0,1164301.0,850.0,589.0,361.0,1011.0,1016.25,119.58,,,
105,,,新北市中和區,,,,無年齡維度,0.0,,新北市中和區,嘉新里,,,,,,,,,,,,,,,,,,1173.0,889843.0,759.0,567.0,367.0,933.0,762.34,100.49,,,
105,,,新北市中和區,,,,無年齡維度,0.0,,新北市中和區,建和里,,,,,,,,,,,,,,,,,,1031.0,888081.0,861.0,616.0,380.0,1051.0,972.31,112.88,,,
105,,,新北市中和區,,,,無年齡維度,0.0,,新北市中和區,仁和里,,,,,,,,,,,,,,,,,,1237.0,916753.0,741.0,574.0,361.0,888.0,724.37,97.74,,,
105,,,新北市中和區,,,,無年齡維度,0.0,,新北市中和區,秀景里,,,,,,,,,,,,,,,,,,2061.0,2069113.0,1004.0,696.0,417.0,1307.0,983.05,97.92,,,
105,,,新北市中和區,,,,無年齡維度,0.0,,新北市中和區,中正里,,,,,,,,,,,,,,,,,,1230.0,877092.0,713.0,566.0,349.0,906.0,573.41,80.41,,,
105,,,新北市中和區,,,,無年齡維度,0.0,,新北市中和區,福善里,,,,,,,,,,,,,,,,,,1401.0,1127009.0,804.0,596.0,377.0,978.0,733.64,91.2,,,
105,,,新北市中和區,,,,無年齡維度,0.0,,新北市中和區,福真里,,,,,,,,,,,,,,,,,,1246.0,1012496.0,813.0,586.0,369.0,984.0,754.77,92.88,,,
105,,,新北市中和區,,,,無年齡維度,0.0,,新北市中和區,秀仁里,,,,,,,,,,,,,,,,,,1065.0,1036051.0,973.0,704.0,405.0,1252.0,994.24,102.2,,,
105,,,新北市中和區,,,,無年齡維度,0.0,,新北市中和區,忠孝里,,,,,,,,,,,,,,,,,,1424.0,1072620.0,753.0,584.0,368.0,921.0,646.67,85.85,,,
105,,,新北市中和區,,,,無年齡維度,0.0,,新北市中和區,民享里,,,,,,,,,,,,,,,,,,773.0,575028.0,744.0,565.0,366.0,952.0,611.97,82.27,,,
105,,,新北市中和區,,,,無年齡維度,0.0,,新北市中和區,民生里,,,,,,,,,,,,,,,,,,1324.0,1173308.0,886.0,664.0,391.0,1138.0,780.53,88.08,,,
105,,,新北市中和區,,,,無年齡維度,0.0,,新北市中和區,國光里,,,,,,,,,,,,,,,,,,1210.0,1024109.0,846.0,617.0,377.0,1078.0,779.53,92.1,,,
105,,,新北市中和區,,,,無年齡維度,0.0,,新北市中和區,福和里,,,,,,,,,,,,,,,,,,1131.0,941294.0,832.0,572.0,365.0,1002.0,1093.22,131.35,,,
105,,,新北市中和區,,,,無年齡維度,0.0,,新北市中和區,秀成里,,,,,,,,,,,,,,,,,,1187.0,1073029.0,904.0,615.0,387.0,1079.0,970.69,107.38,,,
105,,,新北市中和區,,,,無年齡維度,0.0,,新北市中和區,秀福里,,,,,,,,,,,,,,,,,,1605.0,1507830.0,939.0,643.0,384.0,1132.0,1000.61,106.51,,,
105,,,新北市中和區,,,,無年齡維度,0.0,,新北市中和區,華新里,,,,,,,,,,,,,,,,,,2272.0,1888487.0,831.0,644.0,398.0,1076.0,683.22,82.2,,,
105,,,新北市中和區,,,,無年齡維度,0.0,,新北市中和區,壽南里,,,,,,,,,,,,,,,,,,659.0,551641.0,837.0,612.0,360.0,1041.0,885.86,105.83,,,
105,,,新北市中和區,,,,無年齡維度,0.0,,新北市中和區,文元里,,,,,,,,,,,,,,,,,,1653.0,1197189.0,724.0,574.0,354.0,916.0,587.03,81.05,,,
105,,,新北市中和區,,,,無年齡維度,0.0,,新北市中和區,明德里,,,,,,,,,,,,,,,,,,1123.0,849018.0,756.0,578.0,355.0,951.0,672.68,88.98,,,
105,,,新北市中和區,,,,無年齡維度,0.0,,新北市中和區,信和里,,,,,,,,,,,,,,,,,,1132.0,901588.0,796.0,581.0,355.0,981.0,744.54,93.48,,,
105,,,新北市中和區,,,,無年齡維度,0.0,,新北市中和區,福祥里,,,,,,,,,,,,,,,,,,1494.0,1251716.0,838.0,609.0,378.0,1029.0,837.49,99.96,,,
105,,,新北市中和區,,,,無年齡維度,0.0,,新北市中和區,景文里,,,,,,,,,,,,,,,,,,1111.0,1105466.0,995.0,670.0,391.0,1262.0,1023.42,102.85,,,
105,,,新北市中和區,,,,無年齡維度,0.0,,新北市中和區,錦昌里,,,,,,,,,,,,,,,,,,673.0,774124.0,1150.0,726.0,395.0,1370.0,1596.12,138.76,,,
105,,,新北市中和區,,,,無年齡維度,0.0,,新北市中和區,民安里,,,,,,,,,,,,,,,,,,1454.0,1140747.0,785.0,600.0,369.0,1019.0,680.83,86.78,,,
105,,,新北市中和區,,,,無年齡維度,0.0,,新北市中和區,安穗里,,,,,,,,,,,,,,,,,,1392.0,1158964.0,833.0,613.0,380.0,1045.0,803.27,96.48,,,
105,,,新北市中和區,,,,無年齡維度,0.0,,新北市中和區,明穗里,,,,,,,,,,,,,,,,,,1522.0,1316968.0,865.0,630.0,378.0,1086.0,843.99,97.54,,,
105,,,新北市中和區,,,,無年齡維度,0.0,,新北市中和區,自強里,,,,,,,,,,,,,,,,,,1522.0,1151298.0,756.0,597.0,370.0,937.0,598.45,79.11,,,
105,,,新北市中和區,,,,無年齡維度,0.0,,新北市中和區,正行里,,,,,,,,,,,,,,,,,,994.0,929465.0,935.0,653.0,405.0,1148.0,1258.18,134.55,,,
105,,,新北市中和區,,,,無年齡維度,0.0,,新北市中和區,德行里,,,,,,,,,,,,,,,,,,2312.0,2606313.0,1127.0,797.0,435.0,1429.0,1164.66,103.31,,,
105,,,新北市中和區,,,,無年齡維度,0.0,,新北市中和區,安順里,,,,,,,,,,,,,,,,,,1490.0,1439645.0,966.0,655.0,373.0,1244.0,1022.49,105.83,,,
105,,,新北市中和區,,,,無年齡維度,0.0,,新北市中和區,宜安里,,,,,,,,,,,,,,,,,,636.0,588656.0,926.0,661.0,382.0,1168.0,960.0,103.72,,,
105,,,新北市中和區,,,,無年齡維度,0.0,,新北市中和區,秀義里,,,,,,,,,,,,,,,,,,826.0,743494.0,900.0,632.0,385.0,1102.0,934.64,103.84,,,
105,,,新北市中和區,,,,無年齡維度,0.0,,新北市中和區,秀士里,,,,,,,,,,,,,,,,,,707.0,633819.0,896.0,638.0,382.0,1130.0,858.66,95.78,,,
105,,,新北市中和區,,,,無年齡維度,0.0,,新北市中和區,興南里,,,,,,,,,,,,,,,,,,908.0,713951.0,786.0,552.0,366.0,965.0,831.88,105.8,,,
105,,,新北市中和區,,,,無年齡維度,0.0,,新北市中和區,景本里,,,,,,,,,,,,,,,,,,601.0,479387.0,798.0,593.0,360.0,995.0,767.17,96.18,,,
105,,,新北市中和區,,,,無年齡維度,0.0,,新北市中和區,中興里,,,,,,,,,,,,,,,,,,2291.0,2405495.0,1050.0,774.0,436.0,1328.0,1013.69,96.54,,,
105,,,新北市中和區,,,,無年齡維度,0.0,,新北市中和區,吉興里,,,,,,,,,,,,,,,,,,1045.0,1029920.0,986.0,695.0,417.0,1281.0,925.18,93.87,,,
105,,,新北市中和區,,,,無年齡維度,0.0,,新北市中和區,福南里,,,,,,,,,,,,,,,,,,1284.0,1060136.0,826.0,580.0,379.0,1007.0,1000.93,121.23,,,
105,,,新北市中和區,,,,無年齡維度,0.0,,新北市中和區,正南里,,,,,,,,,,,,,,,,,,972.0,677424.0,697.0,534.0,363.0,860.0,569.16,81.67,,,
105,,,新北市中和區,,,,無年齡維度,0.0,,新北市中和區,錦盛里,,,,,,,,,,,,,,,,,,1148.0,818489.0,713.0,555.0,353.0,882.0,558.85,78.38,,,
105,,,新北市中和區,,,,無年齡維度,0.0,,新北市中和區,中山里,,,,,,,,,,,,,,,,,,861.0,745852.0,866.0,634.0,376.0,1093.0,883.34,101.97,,,
105,,,新北市中和區,,,,無年齡維度,0.0,,新北市中和區,冠穗里,,,,,,,,,,,,,,,,,,1093.0,947916.0,867.0,597.0,374.0,1030.0,1653.98,190.71,,,
105,,,新北市中和區,,,,無年齡維度,0.0,,新北市中和區,嘉慶里,,,,,,,,,,,,,,,,,,1209.0,945539.0,782.0,595.0,362.0,972.0,794.61,101.6,,,
105,,,新北市中和區,,,,無年齡維度,0.0,,新北市中和區,錦中里,,,,,,,,,,,,,,,,,,1179.0,952468.0,808.0,582.0,363.0,1030.0,740.04,91.61,,,
105,,,新北市中和區,,,,無年齡維度,0.0,,新北市中和區,員富里,,,,,,,,,,,,,,,,,,1013.0,759846.0,750.0,580.0,362.0,960.0,615.15,82.01,,,
105,,,新北市中和區,,,,無年齡維度,0.0,,新北市中和區,民有里,,,,,,,,,,,,,,,,,,844.0,639900.0,758.0,570.0,364.0,901.0,674.62,88.98,,,
105,,,新北市中和區,,,,無年齡維度,0.0,,新北市中和區,碧河里,,,,,,,,,,,,,,,,,,1328.0,1267522.0,954.0,659.0,399.0,1172.0,997.35,104.49,,,
105,,,新北市中和區,,,,無年齡維度,0.0,,新北市中和區,國華里,,,,,,,,,,,,,,,,,,981.0,801353.0,817.0,609.0,385.0,1056.0,694.31,85.0,,,
105,,,新北市中和區,,,,無年齡維度,0.0,,新北市中和區,其他,,,,,,,,,,,,,,,,,,13.0,9301.0,715.0,625.0,375.0,922.0,571.59,79.89,,,
105,,,新北市中和區,,,,無年齡維度,0.0,,新北市中和區,合計,,,,,,,,,,,,,,,,,,124472.0,111788233.0,898.0,634.0,382.0,1113.0,1011.84,112.66,,,
105,,,新北市土城區,,,,無年齡維度,0.0,,新北市土城區,埤塘里,,,,,,,,,,,,,,,,,,1049.0,771578.0,736.0,570.0,362.0,919.0,627.85,85.36,,,
105,,,新北市土城區,,,,無年齡維度,0.0,,新北市土城區,土城里,,,,,,,,,,,,,,,,,,556.0,438476.0,789.0,532.0,330.0,900.0,1109.6,140.7,,,
105,,,新北市土城區,,,,無年齡維度,0.0,,新北市土城區,員林里,,,,,,,,,,,,,,,,,,1838.0,1526594.0,831.0,596.0,356.0,1020.0,894.15,107.65,,,
105,,,新北市土城區,,,,無年齡維度,0.0,,新北市土城區,貨饒里,,,,,,,,,,,,,,,,,,1296.0,981662.0,757.0,565.0,356.0,921.0,679.65,89.73,,,
105,,,新北市土城區,,,,無年齡維度,0.0,,新北市土城區,柑林里,,,,,,,,,,,,,,,,,,980.0,928800.0,948.0,696.0,381.0,1245.0,828.04,87.37,,,
105,,,新北市土城區,,,,無年齡維度,0.0,,新北市土城區,埤林里,,,,,,,,,,,,,,,,,,2819.0,2541767.0,902.0,638.0,374.0,1157.0,838.58,93.0,,,
105,,,新北市土城區,,,,無年齡維度,0.0,,新北市土城區,峰廷里,,,,,,,,,,,,,,,,,,2027.0,1388333.0,685.0,533.0,352.0,863.0,587.41,85.76,,,
105,,,新北市土城區,,,,無年齡維度,0.0,,新北市土城區,廷寮里,,,,,,,,,,,,,,,,,,1350.0,981320.0,727.0,562.0,356.0,922.0,599.63,82.49,,,
105,,,新北市土城區,,,,無年齡維度,0.0,,新北市土城區,清水里,,,,,,,,,,,,,,,,,,2294.0,1677535.0,731.0,555.0,358.0,926.0,602.51,82.39,,,
105,,,新北市土城區,,,,無年齡維度,0.0,,新北市土城區,清化里,,,,,,,,,,,,,,,,,,421.0,316534.0,752.0,536.0,342.0,927.0,773.39,102.86,,,
105,,,新北市土城區,,,,無年齡維度,0.0,,新北市土城區,大安里,,,,,,,,,,,,,,,,,,1439.0,1108579.0,770.0,562.0,340.0,953.0,764.58,99.25,,,
105,,,新北市土城區,,,,無年齡維度,0.0,,新北市土城區,永寧里,,,,,,,,,,,,,,,,,,2454.0,1939788.0,790.0,577.0,366.0,994.0,723.7,91.55,,,
105,,,新北市土城區,,,,無年齡維度,0.0,,新北市土城區,祖田里,,,,,,,,,,,,,,,,,,453.0,284406.0,628.0,508.0,348.0,774.0,479.72,76.41,,,
105,,,新北市土城區,,,,無年齡維度,0.0,,新北市土城區,頂埔里,,,,,,,,,,,,,,,,,,1453.0,1158419.0,797.0,565.0,363.0,941.0,1206.24,151.3,,,
105,,,新北市土城區,,,,無年齡維度,0.0,,新北市土城區,沛陂里,,,,,,,,,,,,,,,,,,1375.0,1150800.0,837.0,589.0,370.0,925.0,2373.14,283.55,,,
105,,,新北市土城區,,,,無年齡維度,0.0,,新北市土城區,頂新里,,,,,,,,,,,,,,,,,,948.0,951189.0,1003.0,761.0,426.0,1286.0,902.06,89.9,,,
105,,,新北市土城區,,,,無年齡維度,0.0,,新北市土城區,長風里,,,,,,,,,,,,,,,,,,670.0,599023.0,894.0,608.0,377.0,1117.0,892.62,99.84,,,
105,,,新北市土城區,,,,無年齡維度,0.0,,新北市土城區,頂福里,,,,,,,,,,,,,,,,,,1447.0,1020347.0,705.0,540.0,348.0,873.0,791.09,112.19,,,
105,,,新北市土城區,,,,無年齡維度,0.0,,新北市土城區,員仁里,,,,,,,,,,,,,,,,,,1677.0,1155841.0,689.0,520.0,345.0,830.0,785.75,114.0,,,
105,,,新北市土城區,,,,無年齡維度,0.0,,新北市土城區,日新里,,,,,,,,,,,,,,,,,,1359.0,988319.0,727.0,543.0,338.0,946.0,650.04,89.38,,,
105,,,新北市土城區,,,,無年齡維度,0.0,,新北市土城區,瑞興里,,,,,,,,,,,,,,,,,,893.0,668094.0,748.0,594.0,376.0,965.0,584.58,78.14,,,
105,,,新北市土城區,,,,無年齡維度,0.0,,新北市土城區,清溪里,,,,,,,,,,,,,,,,,,1881.0,1580496.0,840.0,605.0,365.0,1039.0,829.3,98.7,,,
105,,,新北市土城區,,,,無年齡維度,0.0,,新北市土城區,清和里,,,,,,,,,,,,,,,,,,1705.0,1127923.0,662.0,529.0,348.0,796.0,527.45,79.73,,,
105,,,新北市土城區,,,,無年齡維度,0.0,,新北市土城區,永豐里,,,,,,,,,,,,,,,,,,1333.0,1273856.0,956.0,629.0,387.0,1167.0,1220.71,127.74,,,
105,,,新北市土城區,,,,無年齡維度,0.0,,新北市土城區,日和里,,,,,,,,,,,,,,,,,,1675.0,1241192.0,741.0,554.0,356.0,907.0,631.42,85.21,,,
105,,,新北市土城區,,,,無年齡維度,0.0,,新北市土城區,平和里,,,,,,,,,,,,,,,,,,2025.0,1477663.0,730.0,545.0,351.0,881.0,996.71,136.59,,,
105,,,新北市土城區,,,,無年齡維度,0.0,,新北市土城區,樂利里,,,,,,,,,,,,,,,,,,1616.0,1192584.0,738.0,556.0,355.0,916.0,625.6,84.77,,,
105,,,新北市土城區,,,,無年齡維度,0.0,,新北市土城區,廣福里,,,,,,,,,,,,,,,,,,1780.0,1615316.0,907.0,635.0,370.0,1147.0,1067.04,117.58,,,
105,,,新北市土城區,,,,無年齡維度,0.0,,新北市土城區,學府里,,,,,,,,,,,,,,,,,,1113.0,854302.0,768.0,566.0,370.0,928.0,670.99,87.42,,,
105,,,新北市土城區,,,,無年齡維度,0.0,,新北市土城區,延壽里,,,,,,,,,,,,,,,,,,1261.0,891473.0,707.0,559.0,382.0,878.0,539.99,76.38,,,
105,,,新北市土城區,,,,無年齡維度,0.0,,新北市土城區,安和里,,,,,,,,,,,,,,,,,,1417.0,1031212.0,728.0,572.0,356.0,941.0,599.05,82.32,,,
105,,,新北市土城區,,,,無年齡維度,0.0,,新北市土城區,青雲里,,,,,,,,,,,,,,,,,,832.0,665070.0,799.0,574.0,370.0,983.0,762.64,95.41,,,
105,,,新北市土城區,,,,無年齡維度,0.0,,新北市土城區,員福里,,,,,,,,,,,,,,,,,,1645.0,1196954.0,728.0,535.0,346.0,883.0,705.92,97.02,,,
105,,,新北市土城區,,,,無年齡維度,0.0,,新北市土城區,延吉里,,,,,,,,,,,,,,,,,,1104.0,739583.0,670.0,525.0,340.0,798.0,583.8,87.15,,,
105,,,新北市土城區,,,,無年齡維度,0.0,,新北市土城區,復興里,,,,,,,,,,,,,,,,,,1390.0,1125877.0,810.0,583.0,368.0,966.0,787.79,97.26,,,
105,,,新北市土城區,,,,無年齡維度,0.0,,新北市土城區,裕生里,,,,,,,,,,,,,,,,,,1684.0,1371892.0,815.0,589.0,374.0,1025.0,777.7,95.46,,,
105,,,新北市土城區,,,,無年齡維度,0.0,,新北市土城區,員信里,,,,,,,,,,,,,,,,,,1345.0,1015568.0,755.0,567.0,351.0,897.0,797.63,105.64,,,
105,,,新北市土城區,,,,無年齡維度,0.0,,新北市土城區,延和里,,,,,,,,,,,,,,,,,,1925.0,1525951.0,793.0,592.0,373.0,954.0,752.82,94.97,,,
105,,,新北市土城區,,,,無年齡維度,0.0,,新北市土城區,學成里,,,,,,,,,,,,,,,,,,1040.0,834934.0,803.0,580.0,358.0,926.0,1462.95,182.23,,,
105,,,新北市土城區,,,,無年齡維度,0.0,,新北市土城區,永富里,,,,,,,,,,,,,,,,,,1431.0,961521.0,672.0,538.0,347.0,833.0,524.92,78.12,,,
105,,,新北市土城區,,,,無年齡維度,0.0,,新北市土城區,中正里,,,,,,,,,,,,,,,,,,979.0,800677.0,818.0,595.0,360.0,1055.0,762.26,93.2,,,
105,,,新北市土城區,,,,無年齡維度,0.0,,新北市土城區,學士里,,,,,,,,,,,,,,,,,,1481.0,1528853.0,1032.0,708.0,412.0,1316.0,1039.34,100.68,,,
105,,,新北市土城區,,,,無年齡維度,0.0,,新北市土城區,明德里,,,,,,,,,,,,,,,,,,1963.0,2016614.0,1027.0,717.0,398.0,1319.0,1153.1,112.24,,,
105,,,新北市土城區,,,,無年齡維度,0.0,,新北市土城區,廣興里,,,,,,,,,,,,,,,,,,1127.0,908288.0,806.0,619.0,360.0,1041.0,717.42,89.02,,,
105,,,新北市土城區,,,,無年齡維度,0.0,,新北市土城區,青山里,,,,,,,,,,,,,,,,,,821.0,620198.0,755.0,561.0,351.0,871.0,1246.91,165.06,,,
105,,,新北市土城區,,,,無年齡維度,0.0,,新北市土城區,金城里,,,,,,,,,,,,,,,,,,1808.0,1507923.0,834.0,615.0,383.0,1064.0,908.59,108.94,,,
105,,,新北市土城區,,,,無年齡維度,0.0,,新北市土城區,延祿里,,,,,,,,,,,,,,,,,,1111.0,786392.0,708.0,562.0,370.0,869.0,570.19,80.55,,,
105,,,新北市土城區,,,,無年齡維度,0.0,,新北市土城區,其他,,,,,,,,,,,,,,,,,,2.0,641.0,320.0,320.0,287.0,354.0,95.35,29.76,,,
105,,,新北市土城區,,,,無年齡維度,0.0,,新北市土城區,合計,,,,,,,,,,,,,,,,,,66292.0,52470358.0,792.0,578.0,362.0,972.0,885.16,111.83,,,
105,,,新北市瑞芳區,,,,無年齡維度,0.0,,新北市瑞芳區,龍潭里,,,,,,,,,,,,,,,,,,244.0,208557.0,855.0,613.0,348.0,979.0,975.01,114.07,,,
105,,,新北市瑞芳區,,,,無年齡維度,0.0,,新北市瑞芳區,龍鎮里,,,,,,,,,,,,,,,,,,359.0,264393.0,736.0,585.0,368.0,898.0,638.25,86.66,,,
105,,,新北市瑞芳區,,,,無年齡維度,0.0,,新北市瑞芳區,龍山里,,,,,,,,,,,,,,,,,,408.0,257051.0,630.0,504.0,302.0,824.0,504.7,80.11,,,
105,,,新北市瑞芳區,,,,無年齡維度,0.0,,新北市瑞芳區,龍川里,,,,,,,,,,,,,,,,,,509.0,336093.0,660.0,520.0,330.0,822.0,534.31,80.92,,,
105,,,新北市瑞芳區,,,,無年齡維度,0.0,,新北市瑞芳區,龍安里,,,,,,,,,,,,,,,,,,179.0,131919.0,737.0,566.0,363.0,866.0,601.97,81.68,,,
105,,,新北市瑞芳區,,,,無年齡維度,0.0,,新北市瑞芳區,柑坪里,,,,,,,,,,,,,,,,,,275.0,173946.0,633.0,511.0,329.0,788.0,502.45,79.43,,,
105,,,新北市瑞芳區,,,,無年齡維度,0.0,,新北市瑞芳區,爪峰里,,,,,,,,,,,,,,,,,,1111.0,724359.0,652.0,530.0,353.0,803.0,467.45,71.7,,,
105,,,新北市瑞芳區,,,,無年齡維度,0.0,,新北市瑞芳區,基山里,,,,,,,,,,,,,,,,,,91.0,55452.0,609.0,494.0,301.0,745.0,524.87,86.13,,,
105,,,新北市瑞芳區,,,,無年齡維度,0.0,,新北市瑞芳區,永慶里,,,,,,,,,,,,,,,,,,83.0,52565.0,633.0,505.0,365.0,695.0,594.26,93.83,,,
105,,,新北市瑞芳區,,,,無年齡維度,0.0,,新北市瑞芳區,崇文里,,,,,,,,,,,,,,,,,,71.0,48838.0,688.0,510.0,334.0,908.0,594.26,86.39,,,
105,,,新北市瑞芳區,,,,無年齡維度,0.0,,新北市瑞芳區,福住里,,,,,,,,,,,,,,,,,,30.0,21438.0,715.0,567.0,293.0,1043.0,708.72,99.18,,,
105,,,新北市瑞芳區,,,,無年齡維度,0.0,,新北市瑞芳區,頌德里,,,,,,,,,,,,,,,,,,74.0,44382.0,600.0,525.0,241.0,823.0,524.11,87.39,,,
105,,,新北市瑞芳區,,,,無年齡維度,0.0,,新北市瑞芳區,瓜山里,,,,,,,,,,,,,,,,,,44.0,36001.0,818.0,537.0,360.0,847.0,854.11,104.39,,,
105,,,新北市瑞芳區,,,,無年齡維度,0.0,,新北市瑞芳區,石山里,,,,,,,,,,,,,,,,,,86.0,72478.0,843.0,530.0,325.0,1122.0,850.16,100.88,,,
105,,,新北市瑞芳區,,,,無年齡維度,0.0,,新北市瑞芳區,新山里,,,,,,,,,,,,,,,,,,79.0,48330.0,612.0,541.0,338.0,746.0,430.48,70.37,,,
105,,,新北市瑞芳區,,,,無年齡維度,0.0,,新北市瑞芳區,銅山里,,,,,,,,,,,,,,,,,,43.0,29193.0,679.0,458.0,281.0,837.0,691.3,101.83,,,
105,,,新北市瑞芳區,,,,無年齡維度,0.0,,新北市瑞芳區,龍興里,,,,,,,,,,,,,,,,,,637.0,523497.0,822.0,591.0,356.0,1029.0,758.02,92.24,,,
105,,,新北市瑞芳區,,,,無年齡維度,0.0,,新北市瑞芳區,濓洞里,,,,,,,,,,,,,,,,,,121.0,85290.0,705.0,504.0,317.0,985.0,579.52,82.22,,,
105,,,新北市瑞芳區,,,,無年齡維度,0.0,,新北市瑞芳區,吉慶里,,,,,,,,,,,,,,,,,,527.0,330959.0,628.0,495.0,342.0,773.0,544.26,86.67,,,
105,,,新北市瑞芳區,,,,無年齡維度,0.0,,新北市瑞芳區,傑魚里,,,,,,,,,,,,,,,,,,557.0,346805.0,623.0,488.0,328.0,742.0,568.42,91.29,,,
105,,,新北市瑞芳區,,,,無年齡維度,0.0,,新北市瑞芳區,上天里,,,,,,,,,,,,,,,,,,390.0,228007.0,585.0,486.0,332.0,706.0,401.29,68.64,,,
105,,,新北市瑞芳區,,,,無年齡維度,0.0,,新北市瑞芳區,猴硐里,,,,,,,,,,,,,,,,,,106.0,63819.0,602.0,447.0,299.0,701.0,609.53,101.24,,,
105,,,新北市瑞芳區,,,,無年齡維度,0.0,,新北市瑞芳區,光復里,,,,,,,,,,,,,,,,,,58.0,31217.0,538.0,500.0,318.0,655.0,304.83,56.64,,,
105,,,新北市瑞芳區,,,,無年齡維度,0.0,,新北市瑞芳區,弓橋里,,,,,,,,,,,,,,,,,,79.0,44656.0,565.0,435.0,265.0,698.0,446.7,79.02,,,
105,,,新北市瑞芳區,,,,無年齡維度,0.0,,新北市瑞芳區,碩仁里,,,,,,,,,,,,,,,,,,33.0,16771.0,508.0,407.0,280.0,694.0,399.21,78.55,,,
105,,,新北市瑞芳區,,,,無年齡維度,0.0,,新北市瑞芳區,海濱里,,,,,,,,,,,,,,,,,,281.0,178697.0,636.0,507.0,304.0,833.0,487.8,76.71,,,
105,,,新北市瑞芳區,,,,無年齡維度,0.0,,新北市瑞芳區,深澳里,,,,,,,,,,,,,,,,,,229.0,142004.0,620.0,526.0,343.0,802.0,424.11,68.39,,,
105,,,新北市瑞芳區,,,,無年齡維度,0.0,,新北市瑞芳區,鼻頭里,,,,,,,,,,,,,,,,,,142.0,88739.0,625.0,490.0,307.0,755.0,627.6,100.43,,,
105,,,新北市瑞芳區,,,,無年齡維度,0.0,,新北市瑞芳區,南雅里,,,,,,,,,,,,,,,,,,57.0,28754.0,504.0,431.0,253.0,625.0,397.58,78.82,,,
105,,,新北市瑞芳區,,,,無年齡維度,0.0,,新北市瑞芳區,吉安里,,,,,,,,,,,,,,,,,,869.0,583046.0,671.0,554.0,345.0,808.0,556.79,82.99,,,
105,,,新北市瑞芳區,,,,無年齡維度,0.0,,新北市瑞芳區,濓新里,,,,,,,,,,,,,,,,,,69.0,38473.0,558.0,405.0,313.0,715.0,488.36,87.59,,,
105,,,新北市瑞芳區,,,,無年齡維度,0.0,,新北市瑞芳區,瑞濱里,,,,,,,,,,,,,,,,,,500.0,318218.0,636.0,513.0,333.0,782.0,483.27,75.93,,,
105,,,新北市瑞芳區,,,,無年齡維度,0.0,,新北市瑞芳區,東和里,,,,,,,,,,,,,,,,,,437.0,286288.0,655.0,536.0,366.0,821.0,462.7,70.63,,,
105,,,新北市瑞芳區,,,,無年齡維度,0.0,,新北市瑞芳區,新峰里,,,,,,,,,,,,,,,,,,907.0,607512.0,670.0,541.0,346.0,837.0,545.93,81.51,,,
105,,,新北市瑞芳區,,,,無年齡維度,0.0,,新北市瑞芳區,其他,,,,,,,,,,,,,,,,,,2.0,545.0,272.0,272.0,243.0,301.0,81.58,29.96,,,
105,,,新北市瑞芳區,,,,無年齡維度,0.0,,新北市瑞芳區,合計,,,,,,,,,,,,,,,,,,9687.0,6448291.0,666.0,526.0,335.0,822.0,565.05,84.89,,,
105,,,新北市平溪區,,,,無年齡維度,0.0,,新北市平溪區,薯榔里,,,,,,,,,,,,,,,,,,87.0,52086.0,599.0,515.0,353.0,753.0,402.25,67.19,,,
105,,,新北市平溪區,,,,無年齡維度,0.0,,新北市平溪區,白石里,,,,,,,,,,,,,,,,,,64.0,36362.0,568.0,547.0,322.0,688.0,318.46,56.05,,,
105,,,新北市平溪區,,,,無年齡維度,0.0,,新北市平溪區,菁桐里,,,,,,,,,,,,,,,,,,57.0,37942.0,666.0,526.0,330.0,774.0,572.11,85.95,,,
105,,,新北市平溪區,,,,無年齡維度,0.0,,新北市平溪區,平溪里,,,,,,,,,,,,,,,,,,62.0,36717.0,592.0,472.0,292.0,736.0,436.07,73.63,,,
105,,,新北市平溪區,,,,無年齡維度,0.0,,新北市平溪區,石底里,,,,,,,,,,,,,,,,,,95.0,68870.0,725.0,502.0,348.0,810.0,758.95,104.69,,,
105,,,新北市平溪區,,,,無年齡維度,0.0,,新北市平溪區,嶺腳里,,,,,,,,,,,,,,,,,,161.0,104310.0,648.0,525.0,319.0,840.0,502.72,77.59,,,
105,,,新北市平溪區,,,,無年齡維度,0.0,,新北市平溪區,東勢里,,,,,,,,,,,,,,,,,,80.0,60379.0,755.0,502.0,363.0,851.0,738.54,97.85,,,
105,,,新北市平溪區,,,,無年齡維度,0.0,,新北市平溪區,平湖里,,,,,,,,,,,,,,,,,,33.0,18195.0,551.0,494.0,303.0,655.0,367.97,66.74,,,
105,,,新北市平溪區,,,,無年齡維度,0.0,,新北市平溪區,南山里,,,,,,,,,,,,,,,,,,89.0,53574.0,602.0,543.0,351.0,692.0,431.2,71.63,,,
105,,,新北市平溪區,,,,無年齡維度,0.0,,新北市平溪區,新寮里,,,,,,,,,,,,,,,,,,23.0,15962.0,694.0,569.0,446.0,705.0,416.04,59.95,,,
105,,,新北市平溪區,,,,無年齡維度,0.0,,新北市平溪區,十分里,,,,,,,,,,,,,,,,,,151.0,107211.0,710.0,511.0,341.0,871.0,734.58,103.46,,,
105,,,新北市平溪區,,,,無年齡維度,0.0,,新北市平溪區,望古里,,,,,,,,,,,,,,,,,,36.0,24573.0,683.0,607.0,389.0,831.0,398.7,58.41,,,
105,,,新北市平溪區,,,,無年齡維度,0.0,,新北市平溪區,其他,,,,,,,,,,,,,,,,,,0.0,0.0,0.0,0.0,0.0,0.0,0.0,0.0,,,
105,,,新北市平溪區,,,,無年齡維度,0.0,,新北市平溪區,合計,,,,,,,,,,,,,,,,,,938.0,616181.0,657.0,524.0,344.0,796.0,568.01,86.47,,,
105,,,新北市雙溪區,,,,無年齡維度,0.0,,新北市雙溪區,雙溪里,,,,,,,,,,,,,,,,,,118.0,114094.0,967.0,489.0,323.0,779.0,4122.01,426.31,,,
105,,,新北市雙溪區,,,,無年齡維度,0.0,,新北市雙溪區,共和里,,,,,,,,,,,,,,,,,,96.0,60559.0,631.0,515.0,346.0,701.0,532.63,84.43,,,
105,,,新北市雙溪區,,,,無年齡維度,0.0,,新北市雙溪區,新基里,,,,,,,,,,,,,,,,,,180.0,135655.0,754.0,572.0,353.0,848.0,824.51,109.4,,,
105,,,新北市雙溪區,,,,無年齡維度,0.0,,新北市雙溪區,魚行里,,,,,,,,,,,,,,,,,,178.0,131345.0,738.0,557.0,332.0,1017.0,563.58,76.38,,,
105,,,新北市雙溪區,,,,無年齡維度,0.0,,新北市雙溪區,三港里,,,,,,,,,,,,,,,,,,102.0,79491.0,779.0,616.0,380.0,1010.0,576.17,73.93,,,
105,,,新北市雙溪區,,,,無年齡維度,0.0,,新北市雙溪區,牡丹里,,,,,,,,,,,,,,,,,,374.0,242800.0,649.0,511.0,300.0,786.0,549.84,84.7,,,
105,,,新北市雙溪區,,,,無年齡維度,0.0,,新北市雙溪區,三貂里,,,,,,,,,,,,,,,,,,68.0,98562.0,1449.0,540.0,311.0,937.0,5813.28,401.07,,,
105,,,新北市雙溪區,,,,無年齡維度,0.0,,新北市雙溪區,平林里,,,,,,,,,,,,,,,,,,250.0,182121.0,728.0,510.0,348.0,873.0,692.33,95.04,,,
105,,,新北市雙溪區,,,,無年齡維度,0.0,,新北市雙溪區,上林里,,,,,,,,,,,,,,,,,,128.0,81718.0,638.0,517.0,319.0,776.0,502.03,78.64,,,
105,,,新北市雙溪區,,,,無年齡維度,0.0,,新北市雙溪區,外柑里,,,,,,,,,,,,,,,,,,80.0,48960.0,612.0,509.0,369.0,727.0,450.41,73.6,,,
105,,,新北市雙溪區,,,,無年齡維度,0.0,,新北市雙溪區,長源里,,,,,,,,,,,,,,,,,,70.0,48848.0,698.0,541.0,362.0,759.0,712.32,102.08,,,
105,,,新北市雙溪區,,,,無年齡維度,0.0,,新北市雙溪區,泰平里,,,,,,,,,,,,,,,,,,259.0,181035.0,699.0,583.0,320.0,888.0,578.35,82.74,,,
105,,,新北市雙溪區,,,,無年齡維度,0.0,,新北市雙溪區,其他,,,,,,,,,,,,,,,,,,0.0,0.0,0.0,0.0,0.0,0.0,0.0,0.0,,,
105,,,新北市雙溪區,,,,無年齡維度,0.0,,新北市雙溪區,合計,,,,,,,,,,,,,,,,,,1903.0,1405188.0,738.0,533.0,331.0,855.0,1611.59,218.25,,,
105,,,新北市貢寮區,,,,無年齡維度,0.0,,新北市貢寮區,貢寮里,,,,,,,,,,,,,,,,,,201.0,137136.0,682.0,521.0,311.0,830.0,567.81,83.22,,,
105,,,新北市貢寮區,,,,無年齡維度,0.0,,新北市貢寮區,雙玉里,,,,,,,,,,,,,,,,,,157.0,114915.0,732.0,547.0,400.0,883.0,589.81,80.58,,,
105,,,新北市貢寮區,,,,無年齡維度,0.0,,新北市貢寮區,龍崗里,,,,,,,,,,,,,,,,,,103.0,64694.0,628.0,494.0,298.0,818.0,552.72,88.0,,,
105,,,新北市貢寮區,,,,無年齡維度,0.0,,新北市貢寮區,吉林里,,,,,,,,,,,,,,,,,,99.0,55126.0,557.0,440.0,276.0,727.0,460.82,82.76,,,
105,,,新北市貢寮區,,,,無年齡維度,0.0,,新北市貢寮區,龍門里,,,,,,,,,,,,,,,,,,135.0,89717.0,665.0,526.0,380.0,780.0,567.83,85.44,,,
105,,,新北市貢寮區,,,,無年齡維度,0.0,,新北市貢寮區,福隆里,,,,,,,,,,,,,,,,,,344.0,223315.0,649.0,486.0,305.0,737.0,623.32,96.02,,,
105,,,新北市貢寮區,,,,無年齡維度,0.0,,新北市貢寮區,福連里,,,,,,,,,,,,,,,,,,151.0,96566.0,640.0,532.0,333.0,811.0,431.34,67.45,,,
105,,,新北市貢寮區,,,,無年齡維度,0.0,,新北市貢寮區,仁里里,,,,,,,,,,,,,,,,,,423.0,306298.0,724.0,552.0,341.0,941.0,685.61,94.68,,,
105,,,新北市貢寮區,,,,無年齡維度,0.0,,新北市貢寮區,真理里,,,,,,,,,,,,,,,,,,431.0,274707.0,637.0,446.0,296.0,775.0,873.78,137.09,,,
105,,,新北市貢寮區,,,,無年齡維度,0.0,,新北市貢寮區,美豐里,,,,,,,,,,,,,,,,,,142.0,83709.0,589.0,485.0,296.0,717.0,449.62,76.27,,,
105,,,新北市貢寮區,,,,無年齡維度,0.0,,新北市貢寮區,和美里,,,,,,,,,,,,,,,,,,213.0,131267.0,616.0,495.0,318.0,748.0,457.02,74.16,,,
105,,,新北市貢寮區,,,,無年齡維度,0.0,,新北市貢寮區,其他,,,,,,,,,,,,,,,,,,2.0,1417.0,708.0,708.0,571.0,846.0,388.97,54.91,,,
105,,,新北市貢寮區,,,,無年齡維度,0.0,,新北市貢寮區,合計,,,,,,,,,,,,,,,,,,2401.0,1578865.0,658.0,504.0,316.0,805.0,638.99,97.17,,,
105,,,新北市金山區,,,,無年齡維度,0.0,,新北市金山區,和平里,,,,,,,,,,,,,,,,,,124.0,82778.0,668.0,501.0,329.0,786.0,611.62,91.62,,,
105,,,新北市金山區,,,,無年齡維度,0.0,,新北市金山區,大同里,,,,,,,,,,,,,,,,,,176.0,127905.0,727.0,544.0,346.0,997.0,615.35,84.67,,,
105,,,新北市金山區,,,,無年齡維度,0.0,,新北市金山區,豐漁里,,,,,,,,,,,,,,,,,,99.0,59621.0,602.0,449.0,291.0,768.0,496.19,82.39,,,
105,,,新北市金山區,,,,無年齡維度,0.0,,新北市金山區,磺港里,,,,,,,,,,,,,,,,,,369.0,223129.0,605.0,456.0,318.0,707.0,516.54,85.42,,,
105,,,新北市金山區,,,,無年齡維度,0.0,,新北市金山區,美田里,,,,,,,,,,,,,,,,,,1169.0,794863.0,680.0,518.0,311.0,885.0,574.2,84.45,,,
105,,,新北市金山區,,,,無年齡維度,0.0,,新北市金山區,五湖里,,,,,,,,,,,,,,,,,,502.0,339896.0,677.0,496.0,318.0,872.0,698.41,103.15,,,
105,,,新北市金山區,,,,無年齡維度,0.0,,新北市金山區,重和里,,,,,,,,,,,,,,,,,,370.0,311898.0,843.0,494.0,269.0,937.0,1289.24,152.94,,,
105,,,新北市金山區,,,,無年齡維度,0.0,,新北市金山區,兩湖里,,,,,,,,,,,,,,,,,,91.0,59176.0,650.0,441.0,271.0,800.0,626.64,96.36,,,
105,,,新北市金山區,,,,無年齡維度,0.0,,新北市金山區,六股里,,,,,,,,,,,,,,,,,,167.0,117691.0,705.0,482.0,292.0,839.0,717.49,101.81,,,
105,,,新北市金山區,,,,無年齡維度,0.0,,新北市金山區,三界里,,,,,,,,,,,,,,,,,,134.0,84511.0,631.0,463.0,291.0,762.0,643.43,102.02,,,
105,,,新北市金山區,,,,無年齡維度,0.0,,新北市金山區,清泉里,,,,,,,,,,,,,,,,,,194.0,125566.0,647.0,521.0,312.0,789.0,527.59,81.51,,,
105,,,新北市金山區,,,,無年齡維度,0.0,,新北市金山區,西湖里,,,,,,,,,,,,,,,,,,54.0,43457.0,805.0,525.0,351.0,1196.0,661.51,82.2,,,
105,,,新北市金山區,,,,無年齡維度,0.0,,新北市金山區,萬壽里,,,,,,,,,,,,,,,,,,95.0,57328.0,603.0,527.0,330.0,769.0,395.99,65.62,,,
105,,,新北市金山區,,,,無年齡維度,0.0,,新北市金山區,永興里,,,,,,,,,,,,,,,,,,132.0,78655.0,596.0,464.0,298.0,716.0,526.02,88.28,,,
105,,,新北市金山區,,,,無年齡維度,0.0,,新北市金山區,金美里,,,,,,,,,,,,,,,,,,1421.0,902581.0,635.0,480.0,317.0,792.0,553.9,87.2,,,
105,,,新北市金山區,,,,無年齡維度,0.0,,新北市金山區,其他,,,,,,,,,,,,,,,,,,1.0,295.0,295.0,295.0,295.0,295.0,0.0,0.0,,,
105,,,新北市金山區,,,,無年齡維度,0.0,,新北市金山區,合計,,,,,,,,,,,,,,,,,,5098.0,3409351.0,669.0,495.0,309.0,830.0,662.21,99.02,,,
105,,,新北市萬里區,,,,無年齡維度,0.0,,新北市萬里區,萬里里,,,,,,,,,,,,,,,,,,1207.0,804143.0,666.0,517.0,327.0,825.0,557.48,83.68,,,
105,,,新北市萬里區,,,,無年齡維度,0.0,,新北市萬里區,龜吼里,,,,,,,,,,,,,,,,,,566.0,403979.0,714.0,514.0,311.0,847.0,756.0,105.92,,,
105,,,新北市萬里區,,,,無年齡維度,0.0,,新北市萬里區,野柳里,,,,,,,,,,,,,,,,,,670.0,449314.0,671.0,527.0,331.0,823.0,573.57,85.53,,,
105,,,新北市萬里區,,,,無年齡維度,0.0,,新北市萬里區,大鵬里,,,,,,,,,,,,,,,,,,712.0,476731.0,670.0,499.0,314.0,797.0,991.12,148.02,,,
105,,,新北市萬里區,,,,無年齡維度,0.0,,新北市萬里區,磺潭里,,,,,,,,,,,,,,,,,,160.0,101478.0,634.0,514.0,329.0,780.0,498.72,78.63,,,
105,,,新北市萬里區,,,,無年齡維度,0.0,,新北市萬里區,雙興里,,,,,,,,,,,,,,,,,,208.0,188750.0,907.0,570.0,362.0,949.0,2245.66,247.47,,,
105,,,新北市萬里區,,,,無年齡維度,0.0,,新北市萬里區,溪底里,,,,,,,,,,,,,,,,,,146.0,95229.0,652.0,558.0,297.0,865.0,534.17,81.9,,,
105,,,新北市萬里區,,,,無年齡維度,0.0,,新北市萬里區,崁脚里,,,,,,,,,,,,,,,,,,107.0,79950.0,747.0,550.0,347.0,942.0,693.27,92.78,,,
105,,,新北市萬里區,,,,無年齡維度,0.0,,新北市萬里區,中幅里,,,,,,,,,,,,,,,,,,282.0,188979.0,670.0,496.0,348.0,776.0,622.54,92.9,,,
105,,,新北市萬里區,,,,無年齡維度,0.0,,新北市萬里區,北基里,,,,,,,,,,,,,,,,,,634.0,369990.0,584.0,452.0,300.0,714.0,490.75,84.09,,,
105,,,新北市萬里區,,,,無年齡維度,0.0,,新北市萬里區,其他,,,,,,,,,,,,,,,,,,0.0,0.0,0.0,0.0,0.0,0.0,0.0,0.0,,,
105,,,新北市萬里區,,,,無年齡維度,0.0,,新北市萬里區,合計,,,,,,,,,,,,,,,,,,4692.0,3158544.0,673.0,508.0,322.0,812.0,809.21,120.21,,,
105,,,新北市淡水區,,,,無年齡維度,0.0,,新北市淡水區,草東里,,,,,,,,,,,,,,,,,,239.0,210337.0,880.0,632.0,282.0,1039.0,982.77,111.67,,,
105,,,新北市淡水區,,,,無年齡維度,0.0,,新北市淡水區,長庚里,,,,,,,,,,,,,,,,,,464.0,393503.0,848.0,556.0,304.0,1049.0,999.52,117.86,,,
105,,,新北市淡水區,,,,無年齡維度,0.0,,新北市淡水區,清文里,,,,,,,,,,,,,,,,,,351.0,242017.0,690.0,478.0,287.0,807.0,746.51,108.27,,,
105,,,新北市淡水區,,,,無年齡維度,0.0,,新北市淡水區,鄧公里,,,,,,,,,,,,,,,,,,2148.0,3304184.0,1538.0,750.0,416.0,1337.0,21476.58,1396.16,,,
105,,,新北市淡水區,,,,無年齡維度,0.0,,新北市淡水區,永吉里,,,,,,,,,,,,,,,,,,286.0,207480.0,725.0,567.0,341.0,964.0,586.87,80.9,,,
105,,,新北市淡水區,,,,無年齡維度,0.0,,新北市淡水區,協元里,,,,,,,,,,,,,,,,,,446.0,316876.0,710.0,529.0,325.0,852.0,632.01,88.95,,,
105,,,新北市淡水區,,,,無年齡維度,0.0,,新北市淡水區,民安里,,,,,,,,,,,,,,,,,,217.0,191868.0,884.0,545.0,319.0,980.0,1259.71,142.47,,,
105,,,新北市淡水區,,,,無年齡維度,0.0,,新北市淡水區,新生里,,,,,,,,,,,,,,,,,,159.0,126211.0,794.0,600.0,349.0,986.0,751.42,94.66,,,
105,,,新北市淡水區,,,,無年齡維度,0.0,,新北市淡水區,文化里,,,,,,,,,,,,,,,,,,551.0,441465.0,801.0,589.0,329.0,1079.0,700.27,87.4,,,
105,,,新北市淡水區,,,,無年齡維度,0.0,,新北市淡水區,油車里,,,,,,,,,,,,,,,,,,1651.0,1326883.0,804.0,572.0,344.0,971.0,890.54,110.81,,,
105,,,新北市淡水區,,,,無年齡維度,0.0,,新北市淡水區,沙崙里,,,,,,,,,,,,,,,,,,1196.0,963350.0,805.0,570.0,335.0,1016.0,819.33,101.72,,,
105,,,新北市淡水區,,,,無年齡維度,0.0,,新北市淡水區,水碓里,,,,,,,,,,,,,,,,,,1750.0,1352548.0,773.0,567.0,335.0,984.0,768.85,99.48,,,
105,,,新北市淡水區,,,,無年齡維度,0.0,,新北市淡水區,北投里,,,,,,,,,,,,,,,,,,3233.0,3192158.0,987.0,742.0,409.0,1324.0,886.79,89.81,,,
105,,,新北市淡水區,,,,無年齡維度,0.0,,新北市淡水區,崁頂里,,,,,,,,,,,,,,,,,,3683.0,3840545.0,1043.0,753.0,404.0,1301.0,1866.13,178.96,,,
105,,,新北市淡水區,,,,無年齡維度,0.0,,新北市淡水區,屯山里,,,,,,,,,,,,,,,,,,292.0,200227.0,686.0,545.0,347.0,819.0,632.66,92.26,,,
105,,,新北市淡水區,,,,無年齡維度,0.0,,新北市淡水區,中和里,,,,,,,,,,,,,,,,,,158.0,120866.0,765.0,546.0,337.0,865.0,763.98,99.87,,,
105,,,新北市淡水區,,,,無年齡維度,0.0,,新北市淡水區,水源里,,,,,,,,,,,,,,,,,,559.0,442586.0,792.0,559.0,333.0,932.0,1051.08,132.75,,,
105,,,新北市淡水區,,,,無年齡維度,0.0,,新北市淡水區,忠寮里,,,,,,,,,,,,,,,,,,282.0,230863.0,819.0,558.0,370.0,976.0,875.15,106.9,,,
105,,,新北市淡水區,,,,無年齡維度,0.0,,新北市淡水區,樹興里,,,,,,,,,,,,,,,,,,396.0,507821.0,1282.0,643.0,378.0,1143.0,4170.12,325.19,,,
105,,,新北市淡水區,,,,無年齡維度,0.0,,新北市淡水區,埤島里,,,,,,,,,,,,,,,,,,452.0,383870.0,849.0,613.0,359.0,983.0,889.8,104.77,,,
105,,,新北市淡水區,,,,無年齡維度,0.0,,新北市淡水區,興仁里,,,,,,,,,,,,,,,,,,483.0,498290.0,1032.0,519.0,324.0,870.0,6010.1,582.57,,,
105,,,新北市淡水區,,,,無年齡維度,0.0,,新北市淡水區,義山里,,,,,,,,,,,,,,,,,,753.0,512786.0,681.0,500.0,320.0,803.0,829.54,121.81,,,
105,,,新北市淡水區,,,,無年齡維度,0.0,,新北市淡水區,蕃薯里,,,,,,,,,,,,,,,,,,281.0,226779.0,807.0,583.0,357.0,920.0,1015.38,125.81,,,
105,,,新北市淡水區,,,,無年齡維度,0.0,,新北市淡水區,忠山里,,,,,,,,,,,,,,,,,,238.0,175177.0,736.0,549.0,345.0,1004.0,647.19,87.93,,,
105,,,新北市淡水區,,,,無年齡維度,0.0,,新北市淡水區,賢孝里,,,,,,,,,,,,,,,,,,411.0,408543.0,994.0,560.0,339.0,924.0,4976.82,500.68,,,
105,,,新北市淡水區,,,,無年齡維度,0.0,,新北市淡水區,竿蓁里,,,,,,,,,,,,,,,,,,3706.0,3978738.0,1074.0,748.0,393.0,1306.0,1384.74,128.98,,,
105,,,新北市淡水區,,,,無年齡維度,0.0,,新北市淡水區,坪頂里,,,,,,,,,,,,,,,,,,449.0,448877.0,1000.0,590.0,345.0,1172.0,1737.34,173.78,,,
105,,,新北市淡水區,,,,無年齡維度,0.0,,新北市淡水區,八勢里,,,,,,,,,,,,,,,,,,2067.0,2936724.0,1421.0,801.0,392.0,1459.0,4271.04,300.62,,,
105,,,新北市淡水區,,,,無年齡維度,0.0,,新北市淡水區,竹圍里,,,,,,,,,,,,,,,,,,2171.0,2111082.0,972.0,664.0,374.0,1268.0,1018.12,104.7,,,
105,,,新北市淡水區,,,,無年齡維度,0.0,,新北市淡水區,中興里,,,,,,,,,,,,,,,,,,1111.0,861737.0,776.0,555.0,341.0,933.0,919.77,118.58,,,
105,,,新北市淡水區,,,,無年齡維度,0.0,,新北市淡水區,福德里,,,,,,,,,,,,,,,,,,2390.0,2913916.0,1219.0,770.0,425.0,1434.0,2306.68,189.19,,,
105,,,新北市淡水區,,,,無年齡維度,0.0,,新北市淡水區,民生里,,,,,,,,,,,,,,,,,,2456.0,2322400.0,946.0,650.0,385.0,1182.0,1099.59,116.28,,,
105,,,新北市淡水區,,,,無年齡維度,0.0,,新北市淡水區,新興里,,,,,,,,,,,,,,,,,,2431.0,2029241.0,835.0,618.0,366.0,1087.0,754.06,90.33,,,
105,,,新北市淡水區,,,,無年齡維度,0.0,,新北市淡水區,新義里,,,,,,,,,,,,,,,,,,1218.0,889953.0,731.0,546.0,338.0,884.0,743.14,101.71,,,
105,,,新北市淡水區,,,,無年齡維度,0.0,,新北市淡水區,新春里,,,,,,,,,,,,,,,,,,2536.0,2369639.0,934.0,693.0,402.0,1207.0,915.34,97.96,,,
105,,,新北市淡水區,,,,無年齡維度,0.0,,新北市淡水區,新民里,,,,,,,,,,,,,,,,,,1463.0,1464131.0,1001.0,653.0,365.0,1233.0,1499.98,149.88,,,
105,,,新北市淡水區,,,,無年齡維度,0.0,,新北市淡水區,正德里,,,,,,,,,,,,,,,,,,1429.0,1259402.0,881.0,660.0,377.0,1153.0,842.71,95.62,,,
105,,,新北市淡水區,,,,無年齡維度,0.0,,新北市淡水區,北新里,,,,,,,,,,,,,,,,,,896.0,909214.0,1015.0,716.0,409.0,1387.0,1052.33,103.7,,,
105,,,新北市淡水區,,,,無年齡維度,0.0,,新北市淡水區,幸福里,,,,,,,,,,,,,,,,,,1201.0,938312.0,781.0,590.0,357.0,974.0,784.21,100.38,,,
105,,,新北市淡水區,,,,無年齡維度,0.0,,新北市淡水區,學府里,,,,,,,,,,,,,,,,,,1373.0,1086877.0,792.0,569.0,341.0,990.0,744.6,94.06,,,
105,,,新北市淡水區,,,,無年齡維度,0.0,,新北市淡水區,民權里,,,,,,,,,,,,,,,,,,1470.0,1472588.0,1002.0,660.0,373.0,1251.0,1178.57,117.65,,,
105,,,新北市淡水區,,,,無年齡維度,0.0,,新北市淡水區,大庄里,,,,,,,,,,,,,,,,,,2010.0,2021322.0,1006.0,629.0,360.0,1154.0,3228.2,321.01,,,
105,,,新北市淡水區,,,,無年齡維度,0.0,,新北市淡水區,其他,,,,,,,,,,,,,,,,,,0.0,0.0,0.0,0.0,0.0,0.0,0.0,0.0,,,
105,,,新北市淡水區,,,,無年齡維度,0.0,,新北市淡水區,合計,,,,,,,,,,,,,,,,,,51056.0,49831388.0,976.0,649.0,368.0,1163.0,4742.69,485.92,,,
105,,,新北市汐止區,,,,無年齡維度,0.0,,新北市汐止區,仁德里,,,,,,,,,,,,,,,,,,526.0,411660.0,783.0,575.0,392.0,917.0,871.77,111.39,,,
105,,,新北市汐止區,,,,無年齡維度,0.0,,新北市汐止區,義民里,,,,,,,,,,,,,,,,,,429.0,319864.0,746.0,570.0,353.0,969.0,649.81,87.15,,,
105,,,新北市汐止區,,,,無年齡維度,0.0,,新北市汐止區,禮門里,,,,,,,,,,,,,,,,,,317.0,288263.0,909.0,545.0,335.0,967.0,2200.05,241.94,,,
105,,,新北市汐止區,,,,無年齡維度,0.0,,新北市汐止區,智慧里,,,,,,,,,,,,,,,,,,1597.0,1642475.0,1028.0,719.0,390.0,1271.0,1149.55,111.77,,,
105,,,新北市汐止區,,,,無年齡維度,0.0,,新北市汐止區,信望里,,,,,,,,,,,,,,,,,,101.0,111306.0,1102.0,658.0,376.0,1110.0,2844.01,258.07,,,
105,,,新北市汐止區,,,,無年齡維度,0.0,,新北市汐止區,橋東里,,,,,,,,,,,,,,,,,,935.0,796923.0,852.0,624.0,378.0,1074.0,815.02,95.62,,,
105,,,新北市汐止區,,,,無年齡維度,0.0,,新北市汐止區,茄苳里,,,,,,,,,,,,,,,,,,1341.0,1024167.0,764.0,598.0,387.0,980.0,653.37,85.55,,,
105,,,新北市汐止區,,,,無年齡維度,0.0,,新北市汐止區,保安里,,,,,,,,,,,,,,,,,,496.0,356203.0,718.0,547.0,348.0,826.0,662.03,92.18,,,
105,,,新北市汐止區,,,,無年齡維度,0.0,,新北市汐止區,保長里,,,,,,,,,,,,,,,,,,1424.0,1124503.0,790.0,619.0,374.0,1030.0,634.88,80.4,,,
105,,,新北市汐止區,,,,無年齡維度,0.0,,新北市汐止區,鄉長里,,,,,,,,,,,,,,,,,,695.0,519703.0,748.0,564.0,378.0,891.0,639.02,85.46,,,
105,,,新北市汐止區,,,,無年齡維度,0.0,,新北市汐止區,江北里,,,,,,,,,,,,,,,,,,1874.0,1414470.0,755.0,568.0,364.0,912.0,679.75,90.06,,,
105,,,新北市汐止區,,,,無年齡維度,0.0,,新北市汐止區,烘內里,,,,,,,,,,,,,,,,,,465.0,389666.0,838.0,566.0,345.0,1023.0,1363.96,162.77,,,
105,,,新北市汐止區,,,,無年齡維度,0.0,,新北市汐止區,拱北里,,,,,,,,,,,,,,,,,,1410.0,957530.0,679.0,530.0,346.0,843.0,602.66,88.74,,,
105,,,新北市汐止區,,,,無年齡維度,0.0,,新北市汐止區,樟樹里,,,,,,,,,,,,,,,,,,669.0,450225.0,673.0,521.0,346.0,828.0,577.8,85.86,,,
105,,,新北市汐止區,,,,無年齡維度,0.0,,新北市汐止區,北峰里,,,,,,,,,,,,,,,,,,1433.0,1005777.0,702.0,533.0,344.0,864.0,693.7,98.84,,,
105,,,新北市汐止區,,,,無年齡維度,0.0,,新北市汐止區,北山里,,,,,,,,,,,,,,,,,,1929.0,1668327.0,865.0,604.0,360.0,1037.0,961.65,111.19,,,
105,,,新北市汐止區,,,,無年齡維度,0.0,,新北市汐止區,八連里,,,,,,,,,,,,,,,,,,311.0,205205.0,660.0,512.0,319.0,822.0,704.05,106.7,,,
105,,,新北市汐止區,,,,無年齡維度,0.0,,新北市汐止區,白雲里,,,,,,,,,,,,,,,,,,1345.0,1340370.0,997.0,676.0,398.0,1182.0,1184.5,118.86,,,
105,,,新北市汐止區,,,,無年齡維度,0.0,,新北市汐止區,橫科里,,,,,,,,,,,,,,,,,,1463.0,1190620.0,814.0,596.0,362.0,988.0,738.06,90.69,,,
105,,,新北市汐止區,,,,無年齡維度,0.0,,新北市汐止區,東山里,,,,,,,,,,,,,,,,,,167.0,109319.0,655.0,482.0,333.0,794.0,583.68,89.17,,,
105,,,新北市汐止區,,,,無年齡維度,0.0,,新北市汐止區,新昌里,,,,,,,,,,,,,,,,,,1746.0,1570622.0,900.0,640.0,384.0,1146.0,923.29,102.64,,,
105,,,新北市汐止區,,,,無年齡維度,0.0,,新北市汐止區,秀峰里,,,,,,,,,,,,,,,,,,1345.0,1109151.0,825.0,591.0,364.0,1017.0,822.87,99.78,,,
105,,,新北市汐止區,,,,無年齡維度,0.0,,新北市汐止區,復興里,,,,,,,,,,,,,,,,,,2563.0,2985603.0,1165.0,791.0,435.0,1472.0,1241.33,106.56,,,
105,,,新北市汐止區,,,,無年齡維度,0.0,,新北市汐止區,長安里,,,,,,,,,,,,,,,,,,463.0,321003.0,693.0,548.0,344.0,866.0,567.29,81.82,,,
105,,,新北市汐止區,,,,無年齡維度,0.0,,新北市汐止區,福山里,,,,,,,,,,,,,,,,,,1221.0,1518177.0,1243.0,694.0,400.0,1424.0,1910.59,153.66,,,
105,,,新北市汐止區,,,,無年齡維度,0.0,,新北市汐止區,宜興里,,,,,,,,,,,,,,,,,,1045.0,1060672.0,1015.0,692.0,409.0,1204.0,1213.07,119.51,,,
105,,,新北市汐止區,,,,無年齡維度,0.0,,新北市汐止區,中興里,,,,,,,,,,,,,,,,,,2569.0,2017810.0,785.0,572.0,358.0,950.0,749.13,95.38,,,
105,,,新北市汐止區,,,,無年齡維度,0.0,,新北市汐止區,湖光里,,,,,,,,,,,,,,,,,,2130.0,2195709.0,1031.0,697.0,399.0,1302.0,1195.42,115.96,,,
105,,,新北市汐止區,,,,無年齡維度,0.0,,新北市汐止區,厚德里,,,,,,,,,,,,,,,,,,2289.0,1854209.0,810.0,602.0,389.0,1034.0,679.43,83.87,,,
105,,,新北市汐止區,,,,無年齡維度,0.0,,新北市汐止區,忠孝里,,,,,,,,,,,,,,,,,,2599.0,2161047.0,831.0,600.0,365.0,1039.0,901.15,108.38,,,
105,,,新北市汐止區,,,,無年齡維度,0.0,,新北市汐止區,文化里,,,,,,,,,,,,,,,,,,1426.0,1320393.0,926.0,636.0,394.0,1170.0,930.23,100.46,,,
105,,,新北市汐止區,,,,無年齡維度,0.0,,新北市汐止區,自強里,,,,,,,,,,,,,,,,,,1688.0,1631926.0,967.0,629.0,363.0,1179.0,1636.0,169.22,,,
105,,,新北市汐止區,,,,無年齡維度,0.0,,新北市汐止區,金龍里,,,,,,,,,,,,,,,,,,1659.0,1370498.0,826.0,606.0,374.0,1036.0,841.98,101.92,,,
105,,,新北市汐止區,,,,無年齡維度,0.0,,新北市汐止區,福德里,,,,,,,,,,,,,,,,,,1069.0,829503.0,776.0,584.0,364.0,998.0,700.73,90.3,,,
105,,,新北市汐止區,,,,無年齡維度,0.0,,新北市汐止區,興福里,,,,,,,,,,,,,,,,,,1007.0,853865.0,848.0,631.0,391.0,1072.0,723.18,85.29,,,
105,,,新北市汐止區,,,,無年齡維度,0.0,,新北市汐止區,康福里,,,,,,,,,,,,,,,,,,1884.0,1755916.0,932.0,679.0,398.0,1172.0,992.9,106.53,,,
105,,,新北市汐止區,,,,無年齡維度,0.0,,新北市汐止區,忠山里,,,,,,,,,,,,,,,,,,1280.0,1946937.0,1521.0,841.0,427.0,1815.0,2755.47,181.16,,,
105,,,新北市汐止區,,,,無年齡維度,0.0,,新北市汐止區,環河里,,,,,,,,,,,,,,,,,,439.0,318711.0,726.0,541.0,373.0,806.0,637.41,87.8,,,
105,,,新北市汐止區,,,,無年齡維度,0.0,,新北市汐止區,東勢里,,,,,,,,,,,,,,,,,,1507.0,2070291.0,1374.0,829.0,438.0,1673.0,1872.88,136.33,,,
105,,,新北市汐止區,,,,無年齡維度,0.0,,新北市汐止區,山光里,,,,,,,,,,,,,,,,,,774.0,615212.0,795.0,618.0,394.0,1020.0,640.8,80.62,,,
105,,,新北市汐止區,,,,無年齡維度,0.0,,新北市汐止區,大同里,,,,,,,,,,,,,,,,,,920.0,790068.0,859.0,606.0,367.0,1115.0,848.43,98.8,,,
105,,,新北市汐止區,,,,無年齡維度,0.0,,新北市汐止區,崇德里,,,,,,,,,,,,,,,,,,1629.0,1456206.0,894.0,637.0,378.0,1120.0,910.92,101.9,,,
105,,,新北市汐止區,,,,無年齡維度,0.0,,新北市汐止區,湖興里,,,,,,,,,,,,,,,,,,2215.0,2528557.0,1142.0,747.0,416.0,1354.0,1474.39,129.16,,,
105,,,新北市汐止區,,,,無年齡維度,0.0,,新北市汐止區,長青里,,,,,,,,,,,,,,,,,,365.0,500305.0,1371.0,671.0,389.0,1589.0,1922.72,140.27,,,
105,,,新北市汐止區,,,,無年齡維度,0.0,,新北市汐止區,福安里,,,,,,,,,,,,,,,,,,1960.0,2177700.0,1111.0,828.0,441.0,1445.0,1139.82,102.59,,,
105,,,新北市汐止區,,,,無年齡維度,0.0,,新北市汐止區,秀山里,,,,,,,,,,,,,,,,,,1416.0,1588720.0,1122.0,666.0,374.0,1268.0,2068.3,184.34,,,
105,,,新北市汐止區,,,,無年齡維度,0.0,,新北市汐止區,建成里,,,,,,,,,,,,,,,,,,1792.0,1737373.0,970.0,749.0,435.0,1282.0,837.61,86.39,,,
105,,,新北市汐止區,,,,無年齡維度,0.0,,新北市汐止區,城中里,,,,,,,,,,,,,,,,,,1546.0,1489054.0,963.0,719.0,423.0,1276.0,828.58,86.03,,,
105,,,新北市汐止區,,,,無年齡維度,0.0,,新北市汐止區,湖蓮里,,,,,,,,,,,,,,,,,,1040.0,1374160.0,1321.0,880.0,419.0,1701.0,1510.42,114.31,,,
105,,,新北市汐止區,,,,無年齡維度,0.0,,新北市汐止區,保新里,,,,,,,,,,,,,,,,,,943.0,666803.0,707.0,560.0,352.0,895.0,609.14,86.15,,,
105,,,新北市汐止區,,,,無年齡維度,0.0,,新北市汐止區,其他,,,,,,,,,,,,,,,,,,5.0,1560.0,312.0,301.0,120.0,544.0,251.37,80.59,,,
105,,,新北市汐止區,,,,無年齡維度,0.0,,新北市汐止區,合計,,,,,,,,,,,,,,,,,,63461.0,59144336.0,932.0,636.0,382.0,1133.0,1155.01,123.93,,,
105,,,新北市三芝區,,,,無年齡維度,0.0,,新北市三芝區,八賢里,,,,,,,,,,,,,,,,,,89.0,55561.0,624.0,489.0,240.0,809.0,570.1,91.32,,,
105,,,新北市三芝區,,,,無年齡維度,0.0,,新北市三芝區,埔頭里,,,,,,,,,,,,,,,,,,1462.0,888733.0,608.0,481.0,302.0,775.0,535.96,88.17,,,
105,,,新北市三芝區,,,,無年齡維度,0.0,,新北市三芝區,古庄里,,,,,,,,,,,,,,,,,,300.0,195507.0,652.0,459.0,302.0,827.0,613.71,94.17,,,
105,,,新北市三芝區,,,,無年齡維度,0.0,,新北市三芝區,新庄里,,,,,,,,,,,,,,,,,,209.0,120010.0,574.0,444.0,284.0,700.0,453.56,78.99,,,
105,,,新北市三芝區,,,,無年齡維度,0.0,,新北市三芝區,埔坪里,,,,,,,,,,,,,,,,,,1778.0,1106081.0,622.0,483.0,302.0,766.0,562.38,90.4,,,
105,,,新北市三芝區,,,,無年齡維度,0.0,,新北市三芝區,茂長里,,,,,,,,,,,,,,,,,,178.0,116898.0,657.0,506.0,267.0,886.0,560.17,85.3,,,
105,,,新北市三芝區,,,,無年齡維度,0.0,,新北市三芝區,橫山里,,,,,,,,,,,,,,,,,,108.0,65371.0,605.0,494.0,236.0,808.0,509.2,84.12,,,
105,,,新北市三芝區,,,,無年齡維度,0.0,,新北市三芝區,錫板里,,,,,,,,,,,,,,,,,,194.0,135343.0,698.0,549.0,324.0,837.0,671.88,96.31,,,
105,,,新北市三芝區,,,,無年齡維度,0.0,,新北市三芝區,後厝里,,,,,,,,,,,,,,,,,,650.0,520626.0,801.0,539.0,320.0,919.0,1091.89,136.32,,,
105,,,新北市三芝區,,,,無年齡維度,0.0,,新北市三芝區,福德里,,,,,,,,,,,,,,,,,,213.0,200741.0,942.0,658.0,379.0,1107.0,1132.75,120.19,,,
105,,,新北市三芝區,,,,無年齡維度,0.0,,新北市三芝區,圓山里,,,,,,,,,,,,,,,,,,129.0,103181.0,800.0,506.0,302.0,913.0,1743.91,218.03,,,
105,,,新北市三芝區,,,,無年齡維度,0.0,,新北市三芝區,店子里,,,,,,,,,,,,,,,,,,155.0,109542.0,707.0,549.0,360.0,858.0,630.12,89.16,,,
105,,,新北市三芝區,,,,無年齡維度,0.0,,新北市三芝區,興華里,,,,,,,,,,,,,,,,,,338.0,266914.0,790.0,529.0,333.0,859.0,1121.94,142.07,,,
105,,,新北市三芝區,,,,無年齡維度,0.0,,新北市三芝區,其他,,,,,,,,,,,,,,,,,,0.0,0.0,0.0,0.0,0.0,0.0,0.0,0.0,,,
105,,,新北市三芝區,,,,無年齡維度,0.0,,新北市三芝區,合計,,,,,,,,,,,,,,,,,,5803.0,3884509.0,669.0,497.0,306.0,815.0,754.54,112.72,,,
105,,,新北市石門區,,,,無年齡維度,0.0,,新北市石門區,德茂里,,,,,,,,,,,,,,,,,,260.0,160629.0,618.0,481.0,335.0,724.0,544.85,88.19,,,
105,,,新北市石門區,,,,無年齡維度,0.0,,新北市石門區,富基里,,,,,,,,,,,,,,,,,,343.0,237037.0,691.0,518.0,318.0,816.0,755.6,109.34,,,
105,,,新北市石門區,,,,無年齡維度,0.0,,新北市石門區,老梅里,,,,,,,,,,,,,,,,,,562.0,466717.0,830.0,472.0,289.0,794.0,4653.81,560.39,,,
105,,,新北市石門區,,,,無年齡維度,0.0,,新北市石門區,山溪里,,,,,,,,,,,,,,,,,,198.0,130614.0,660.0,501.0,323.0,793.0,576.91,87.45,,,
105,,,新北市石門區,,,,無年齡維度,0.0,,新北市石門區,石門里,,,,,,,,,,,,,,,,,,416.0,300475.0,722.0,550.0,353.0,897.0,582.07,80.59,,,
105,,,新北市石門區,,,,無年齡維度,0.0,,新北市石門區,尖鹿里,,,,,,,,,,,,,,,,,,411.0,269649.0,656.0,529.0,317.0,784.0,675.22,102.92,,,
105,,,新北市石門區,,,,無年齡維度,0.0,,新北市石門區,乾華里,,,,,,,,,,,,,,,,,,82.0,48021.0,586.0,478.0,278.0,835.0,425.54,72.67,,,
105,,,新北市石門區,,,,無年齡維度,0.0,,新北市石門區,茂林里,,,,,,,,,,,,,,,,,,227.0,180579.0,796.0,637.0,385.0,1143.0,577.23,72.56,,,
105,,,新北市石門區,,,,無年齡維度,0.0,,新北市石門區,草里里,,,,,,,,,,,,,,,,,,231.0,136453.0,591.0,475.0,291.0,727.0,446.45,75.58,,,
105,,,新北市石門區,,,,無年齡維度,0.0,,新北市石門區,其他,,,,,,,,,,,,,,,,,,0.0,0.0,0.0,0.0,0.0,0.0,0.0,0.0,,,
105,,,新北市石門區,,,,無年齡維度,0.0,,新北市石門區,合計,,,,,,,,,,,,,,,,,,2730.0,1930174.0,707.0,510.0,318.0,825.0,2180.03,308.34,,,
105,,,新北市八里區,,,,無年齡維度,0.0,,新北市八里區,龍源里,,,,,,,,,,,,,,,,,,2230.0,2055279.0,922.0,585.0,360.0,1057.0,1490.88,161.76,,,
105,,,新北市八里區,,,,無年齡維度,0.0,,新北市八里區,米倉里,,,,,,,,,,,,,,,,,,965.0,898992.0,932.0,580.0,347.0,1003.0,2161.53,232.02,,,
105,,,新北市八里區,,,,無年齡維度,0.0,,新北市八里區,大崁里,,,,,,,,,,,,,,,,,,842.0,685456.0,814.0,594.0,347.0,990.0,782.95,96.18,,,
105,,,新北市八里區,,,,無年齡維度,0.0,,新北市八里區,埤頭里,,,,,,,,,,,,,,,,,,1005.0,762366.0,759.0,563.0,353.0,928.0,920.74,121.38,,,
105,,,新北市八里區,,,,無年齡維度,0.0,,新北市八里區,頂罟里,,,,,,,,,,,,,,,,,,545.0,400485.0,735.0,572.0,338.0,888.0,637.42,86.74,,,
105,,,新北市八里區,,,,無年齡維度,0.0,,新北市八里區,舊城里,,,,,,,,,,,,,,,,,,1933.0,1357481.0,702.0,541.0,351.0,902.0,587.3,83.63,,,
105,,,新北市八里區,,,,無年齡維度,0.0,,新北市八里區,訊塘里,,,,,,,,,,,,,,,,,,1159.0,888749.0,767.0,578.0,361.0,925.0,779.69,101.68,,,
105,,,新北市八里區,,,,無年齡維度,0.0,,新北市八里區,荖阡里,,,,,,,,,,,,,,,,,,450.0,343702.0,764.0,506.0,316.0,928.0,907.89,118.87,,,
105,,,新北市八里區,,,,無年齡維度,0.0,,新北市八里區,下罟里,,,,,,,,,,,,,,,,,,390.0,311391.0,798.0,528.0,329.0,830.0,2662.05,333.41,,,
105,,,新北市八里區,,,,無年齡維度,0.0,,新北市八里區,長坑里,,,,,,,,,,,,,,,,,,398.0,281243.0,707.0,533.0,336.0,832.0,724.89,102.58,,,
105,,,新北市八里區,,,,無年齡維度,0.0,,新北市八里區,其他,,,,,,,,,,,,,,,,,,2.0,1324.0,662.0,662.0,553.0,771.0,308.24,46.55,,,
105,,,新北市八里區,,,,無年齡維度,0.0,,新北市八里區,合計,,,,,,,,,,,,,,,,,,9919.0,7986468.0,805.0,564.0,349.0,954.0,1263.34,156.9,,,
105,,,新北市永和區,,,,無年齡維度,0.0,,新北市永和區,下溪里,,,,,,,,,,,,,,,,,,1232.0,1224472.0,994.0,675.0,388.0,1198.0,1070.61,107.72,,,
105,,,新北市永和區,,,,無年齡維度,0.0,,新北市永和區,中溪里,,,,,,,,,,,,,,,,,,1652.0,1612456.0,976.0,665.0,390.0,1245.0,1112.89,114.02,,,
105,,,新北市永和區,,,,無年齡維度,0.0,,新北市永和區,上溪里,,,,,,,,,,,,,,,,,,655.0,632761.0,966.0,668.0,373.0,1227.0,943.57,97.67,,,
105,,,新北市永和區,,,,無年齡維度,0.0,,新北市永和區,後溪里,,,,,,,,,,,,,,,,,,638.0,686182.0,1076.0,737.0,402.0,1337.0,1523.34,141.64,,,
105,,,新北市永和區,,,,無年齡維度,0.0,,新北市永和區,頂溪里,,,,,,,,,,,,,,,,,,857.0,903859.0,1055.0,720.0,396.0,1313.0,1226.49,116.29,,,
105,,,新北市永和區,,,,無年齡維度,0.0,,新北市永和區,網溪里,,,,,,,,,,,,,,,,,,353.0,340685.0,965.0,718.0,410.0,1246.0,1001.73,103.79,,,
105,,,新北市永和區,,,,無年齡維度,0.0,,新北市永和區,復興里,,,,,,,,,,,,,,,,,,792.0,739812.0,934.0,688.0,372.0,1136.0,962.2,103.01,,,
105,,,新北市永和區,,,,無年齡維度,0.0,,新北市永和區,竹林里,,,,,,,,,,,,,,,,,,1217.0,1149150.0,944.0,660.0,381.0,1168.0,920.19,97.45,,,
105,,,新北市永和區,,,,無年齡維度,0.0,,新北市永和區,中興里,,,,,,,,,,,,,,,,,,912.0,923210.0,1012.0,679.0,370.0,1214.0,1227.32,121.24,,,
105,,,新北市永和區,,,,無年齡維度,0.0,,新北市永和區,店街里,,,,,,,,,,,,,,,,,,1441.0,1657395.0,1150.0,739.0,414.0,1388.0,1427.33,124.1,,,
105,,,新北市永和區,,,,無年齡維度,0.0,,新北市永和區,潭墘里,,,,,,,,,,,,,,,,,,1509.0,1748460.0,1159.0,741.0,392.0,1477.0,2871.21,247.8,,,
105,,,新北市永和區,,,,無年齡維度,0.0,,新北市永和區,水源里,,,,,,,,,,,,,,,,,,1312.0,1278427.0,974.0,700.0,399.0,1242.0,983.46,100.93,,,
105,,,新北市永和區,,,,無年齡維度,0.0,,新北市永和區,秀朗里,,,,,,,,,,,,,,,,,,1226.0,1063078.0,867.0,605.0,377.0,1024.0,1236.21,142.57,,,
105,,,新北市永和區,,,,無年齡維度,0.0,,新北市永和區,大同里,,,,,,,,,,,,,,,,,,246.0,171943.0,699.0,545.0,358.0,895.0,515.08,73.69,,,
105,,,新北市永和區,,,,無年齡維度,0.0,,新北市永和區,永成里,,,,,,,,,,,,,,,,,,245.0,173524.0,708.0,519.0,312.0,839.0,704.16,99.42,,,
105,,,新北市永和區,,,,無年齡維度,0.0,,新北市永和區,福和里,,,,,,,,,,,,,,,,,,1884.0,2114508.0,1122.0,746.0,406.0,1373.0,1558.21,138.84,,,
105,,,新北市永和區,,,,無年齡維度,0.0,,新北市永和區,豫溪里,,,,,,,,,,,,,,,,,,1195.0,1164063.0,974.0,657.0,362.0,1252.0,1054.22,108.22,,,
105,,,新北市永和區,,,,無年齡維度,0.0,,新北市永和區,上林里,,,,,,,,,,,,,,,,,,1099.0,1127678.0,1026.0,704.0,381.0,1312.0,1081.12,105.36,,,
105,,,新北市永和區,,,,無年齡維度,0.0,,新北市永和區,新󿾴里,,,,,,,,,,,,,,,,,,724.0,700275.0,967.0,698.0,379.0,1184.0,990.59,102.41,,,
105,,,新北市永和區,,,,無年齡維度,0.0,,新北市永和區,和平里,,,,,,,,,,,,,,,,,,1617.0,1653477.0,1023.0,674.0,365.0,1274.0,1291.99,126.35,,,
105,,,新北市永和區,,,,無年齡維度,0.0,,新北市永和區,仁愛里,,,,,,,,,,,,,,,,,,907.0,885579.0,976.0,679.0,357.0,1271.0,926.79,94.92,,,
105,,,新北市永和區,,,,無年齡維度,0.0,,新北市永和區,前溪里,,,,,,,,,,,,,,,,,,675.0,682305.0,1011.0,685.0,398.0,1246.0,1077.86,106.63,,,
105,,,新北市永和區,,,,無年齡維度,0.0,,新北市永和區,永興里,,,,,,,,,,,,,,,,,,980.0,928825.0,948.0,665.0,383.0,1160.0,1032.92,108.98,,,
105,,,新北市永和區,,,,無年齡維度,0.0,,新北市永和區,永安里,,,,,,,,,,,,,,,,,,1418.0,1687942.0,1190.0,762.0,395.0,1453.0,1489.86,125.16,,,
105,,,新北市永和區,,,,無年齡維度,0.0,,新北市永和區,雙和里,,,,,,,,,,,,,,,,,,1331.0,1345997.0,1011.0,728.0,422.0,1314.0,944.29,93.38,,,
105,,,新北市永和區,,,,無年齡維度,0.0,,新北市永和區,得和里,,,,,,,,,,,,,,,,,,1492.0,1635531.0,1096.0,725.0,399.0,1308.0,1576.29,143.8,,,
105,,,新北市永和區,,,,無年齡維度,0.0,,新北市永和區,大新里,,,,,,,,,,,,,,,,,,900.0,917519.0,1019.0,720.0,400.0,1332.0,1032.64,101.29,,,
105,,,新北市永和區,,,,無年齡維度,0.0,,新北市永和區,桂林里,,,,,,,,,,,,,,,,,,1169.0,1138516.0,974.0,651.0,370.0,1220.0,1016.8,104.4,,,
105,,,新北市永和區,,,,無年齡維度,0.0,,新北市永和區,勵行里,,,,,,,,,,,,,,,,,,390.0,352847.0,905.0,653.0,368.0,1150.0,846.1,93.52,,,
105,,,新北市永和區,,,,無年齡維度,0.0,,新北市永和區,光復里,,,,,,,,,,,,,,,,,,566.0,512327.0,905.0,624.0,373.0,1122.0,1003.47,110.86,,,
105,,,新北市永和區,,,,無年齡維度,0.0,,新北市永和區,光明里,,,,,,,,,,,,,,,,,,1026.0,1041207.0,1015.0,711.0,403.0,1315.0,1014.5,99.97,,,
105,,,新北市永和區,,,,無年齡維度,0.0,,新北市永和區,信義里,,,,,,,,,,,,,,,,,,963.0,1030363.0,1070.0,672.0,390.0,1315.0,1676.67,156.7,,,
105,,,新北市永和區,,,,無年齡維度,0.0,,新北市永和區,正興里,,,,,,,,,,,,,,,,,,795.0,785587.0,988.0,660.0,377.0,1166.0,1144.72,115.84,,,
105,,,新北市永和區,,,,無年齡維度,0.0,,新北市永和區,忠義里,,,,,,,,,,,,,,,,,,188.0,146885.0,781.0,605.0,376.0,975.0,664.36,85.03,,,
105,,,新北市永和區,,,,無年齡維度,0.0,,新北市永和區,新生里,,,,,,,,,,,,,,,,,,214.0,176442.0,824.0,661.0,393.0,1056.0,634.39,76.94,,,
105,,,新北市永和區,,,,無年齡維度,0.0,,新北市永和區,河堤里,,,,,,,,,,,,,,,,,,1099.0,1294276.0,1178.0,811.0,448.0,1447.0,1313.73,111.55,,,
105,,,新北市永和區,,,,無年齡維度,0.0,,新北市永和區,民治里,,,,,,,,,,,,,,,,,,937.0,860772.0,919.0,631.0,363.0,1080.0,2070.16,225.35,,,
105,,,新北市永和區,,,,無年齡維度,0.0,,新北市永和區,智光里,,,,,,,,,,,,,,,,,,984.0,751672.0,764.0,563.0,339.0,1007.0,644.55,84.38,,,
105,,,新北市永和區,,,,無年齡維度,0.0,,新北市永和區,秀和里,,,,,,,,,,,,,,,,,,1675.0,1875514.0,1120.0,690.0,401.0,1319.0,2051.37,183.21,,,
105,,,新北市永和區,,,,無年齡維度,0.0,,新北市永和區,潭安里,,,,,,,,,,,,,,,,,,1571.0,1563615.0,995.0,711.0,380.0,1263.0,1195.43,120.11,,,
105,,,新北市永和區,,,,無年齡維度,0.0,,新北市永和區,永貞里,,,,,,,,,,,,,,,,,,1128.0,1100900.0,976.0,695.0,394.0,1229.0,1276.62,130.8,,,
105,,,新北市永和區,,,,無年齡維度,0.0,,新北市永和區,福林里,,,,,,,,,,,,,,,,,,1060.0,970882.0,916.0,625.0,363.0,1139.0,1071.34,116.97,,,
105,,,新北市永和區,,,,無年齡維度,0.0,,新北市永和區,安和里,,,,,,,,,,,,,,,,,,1333.0,1350446.0,1013.0,717.0,387.0,1281.0,1082.97,106.9,,,
105,,,新北市永和區,,,,無年齡維度,0.0,,新北市永和區,文化里,,,,,,,,,,,,,,,,,,868.0,843780.0,972.0,674.0,395.0,1248.0,1099.2,113.08,,,
105,,,新北市永和區,,,,無年齡維度,0.0,,新北市永和區,民權里,,,,,,,,,,,,,,,,,,1470.0,1558186.0,1060.0,710.0,403.0,1301.0,1640.39,154.76,,,
105,,,新北市永和區,,,,無年齡維度,0.0,,新北市永和區,民生里,,,,,,,,,,,,,,,,,,1198.0,1085618.0,906.0,643.0,383.0,1117.0,1005.33,110.94,,,
105,,,新北市永和區,,,,無年齡維度,0.0,,新北市永和區,永福里,,,,,,,,,,,,,,,,,,927.0,976806.0,1054.0,685.0,379.0,1276.0,1376.89,130.67,,,
105,,,新北市永和區,,,,無年齡維度,0.0,,新北市永和區,河濱里,,,,,,,,,,,,,,,,,,1026.0,1087713.0,1060.0,674.0,404.0,1257.0,1584.6,149.47,,,
105,,,新北市永和區,,,,無年齡維度,0.0,,新北市永和區,永元里,,,,,,,,,,,,,,,,,,1565.0,1492420.0,954.0,680.0,386.0,1225.0,934.63,98.01,,,
105,,,新北市永和區,,,,無年齡維度,0.0,,新北市永和區,秀成里,,,,,,,,,,,,,,,,,,894.0,793729.0,888.0,659.0,396.0,1110.0,828.26,93.29,,,
105,,,新北市永和區,,,,無年齡維度,0.0,,新北市永和區,秀林里,,,,,,,,,,,,,,,,,,1155.0,1025395.0,888.0,636.0,382.0,1139.0,837.15,94.3,,,
105,,,新北市永和區,,,,無年齡維度,0.0,,新北市永和區,秀得里,,,,,,,,,,,,,,,,,,876.0,803893.0,918.0,653.0,393.0,1104.0,1038.77,113.19,,,
105,,,新北市永和區,,,,無年齡維度,0.0,,新北市永和區,民族里,,,,,,,,,,,,,,,,,,1494.0,1598360.0,1070.0,711.0,416.0,1302.0,1481.79,138.5,,,
105,,,新北市永和區,,,,無年齡維度,0.0,,新北市永和區,民本里,,,,,,,,,,,,,,,,,,1303.0,1523732.0,1169.0,766.0,426.0,1384.0,1558.75,133.29,,,
105,,,新北市永和區,,,,無年齡維度,0.0,,新北市永和區,民樂里,,,,,,,,,,,,,,,,,,1582.0,1958280.0,1238.0,770.0,418.0,1417.0,1952.18,157.71,,,
105,,,新北市永和區,,,,無年齡維度,0.0,,新北市永和區,協和里,,,,,,,,,,,,,,,,,,858.0,773217.0,901.0,621.0,360.0,1145.0,925.94,102.75,,,
105,,,新北市永和區,,,,無年齡維度,0.0,,新北市永和區,保平里,,,,,,,,,,,,,,,,,,1584.0,1657501.0,1046.0,690.0,392.0,1277.0,1545.21,147.67,,,
105,,,新北市永和區,,,,無年齡維度,0.0,,新北市永和區,保安里,,,,,,,,,,,,,,,,,,2447.0,3058481.0,1250.0,796.0,422.0,1515.0,2616.37,209.33,,,
105,,,新北市永和區,,,,無年齡維度,0.0,,新北市永和區,民富里,,,,,,,,,,,,,,,,,,905.0,818474.0,904.0,663.0,400.0,1126.0,864.77,95.62,,,
105,,,新北市永和區,,,,無年齡維度,0.0,,新北市永和區,秀元里,,,,,,,,,,,,,,,,,,967.0,899987.0,931.0,658.0,375.0,1161.0,899.11,96.61,,,
105,,,新北市永和區,,,,無年齡維度,0.0,,新北市永和區,永樂里,,,,,,,,,,,,,,,,,,780.0,770107.0,987.0,680.0,398.0,1217.0,1119.46,113.38,,,
105,,,新北市永和區,,,,無年齡維度,0.0,,新北市永和區,保順里,,,,,,,,,,,,,,,,,,3427.0,4333032.0,1264.0,873.0,453.0,1647.0,1514.78,119.8,,,
105,,,新北市永和區,,,,無年齡維度,0.0,,新北市永和區,其他,,,,,,,,,,,,,,,,,,14.0,6976.0,498.0,372.0,307.0,476.0,410.12,82.31,,,
105,,,新北市永和區,,,,無年齡維度,0.0,,新北市永和區,合計,,,,,,,,,,,,,,,,,,68947.0,71167050.0,1032.0,696.0,392.0,1274.0,1413.01,136.89,,,
105,,,,,,,無年齡維度,0.0,,新北市其他,其他,,,,,,,,,,,,,,,,,,149.0,149481.0,1003.0,735.0,422.0,1255.0,892.65,88.98,,,
105,,,,,,,無年齡維度,0.0,,新北市其他,合計,,,,,,,,,,,,,,,,,,149.0,149481.0,1003.0,735.0,422.0,1255.0,892.65,88.98,,,
